img,gt,cls,area,conf_any,conf_same,best_cls
AoF06978.jpg,0,1,0.00530707,0.0,0.0,-1
AoF07618.jpg,0,1,0.00092339,0.0,0.0,-1
AoF07673.jpg,0,1,0.00163628,0.0,0.0,-1
AoF07718.jpg,0,0,0.01467773,0.0,0.0,-1
AoF07718.jpg,1,0,0.00469944,0.0,0.0,-1
AoF07718.jpg,2,0,0.00908746,0.0,0.0,-1
AoF07718.jpg,3,0,0.00605035,0.0,0.0,-1
AoF07718.jpg,4,1,0.18364366,0.0,0.0,-1
AoF07718.jpg,5,0,0.01300781,0.0,0.0,-1
AoF07719.jpg,0,1,0.2034375,0.0,0.0,-1
AoF07719.jpg,1,0,0.00669922,0.0,0.0,-1
AoF07719.jpg,2,0,0.00755208,0.0,0.0,-1
AoF07719.jpg,3,0,0.00878906,0.0,0.0,-1
AoF07719.jpg,4,0,0.01464193,0.0,0.0,-1
AoF07720.jpg,0,0,0.02700955,0.0,0.0,-1
AoF07720.jpg,1,0,0.0109809,0.0,0.0,-1
AoF07720.jpg,2,0,0.004375,0.434325,0.434325,0
AoF07720.jpg,3,1,0.21821289,0.076805,0.018365,0
AoF07720.jpg,4,0,0.00110135,0.0,0.0,-1
AoF07721.jpg,0,0,0.00785807,0.207187,0.207187,0
AoF07721.jpg,1,0,0.0031033,0.273057,0.273057,0
AoF07721.jpg,2,0,0.00214844,0.0,0.0,-1
AoF07721.jpg,3,0,0.00569336,0.0,0.0,-1
AoF07721.jpg,4,1,0.22288303,0.0,0.0,-1
AoF07721.jpg,5,0,0.01401367,0.0,0.0,-1
AoF07721.jpg,6,0,0.00173611,0.0,0.0,-1
AoF07722.jpg,0,1,0.27670139,0.142091,0.142091,1
AoF07722.jpg,1,0,0.00445312,0.043186,0.043186,0
AoF07722.jpg,2,0,0.03059462,0.87153,0.87153,0
AoF07722.jpg,3,0,0.0135026,0.724115,0.724115,0
AoF07722.jpg,4,0,0.00236111,0.0,0.0,-1
AoF07723.jpg,0,0,0.00654297,0.0,0.0,-1
AoF07723.jpg,1,0,0.04095052,0.410001,0.410001,0
AoF07723.jpg,2,0,0.02669271,0.543255,0.543255,0
AoF07723.jpg,3,0,0.00180664,0.0,0.0,-1
AoF07723.jpg,4,1,0.26345703,0.0,0.0,-1
AoF07724.jpg,0,1,0.34540907,0.0,0.0,-1
AoF07724.jpg,1,0,0.03053385,0.889109,0.889109,0
AoF07724.jpg,2,0,0.02152778,0.842814,0.842814,0
AoF07724.jpg,3,0,0.00635742,0.0,0.0,-1
AoF07724.jpg,4,0,0.00197483,0.0,0.0,-1
AoF07725.jpg,0,0,0.00379774,0.020781,0.0,1
AoF07725.jpg,1,1,0.2179362,0.0,0.0,-1
AoF07725.jpg,2,0,0.08861111,0.294538,0.294538,0
AoF07725.jpg,3,0,0.00078125,0.0,0.0,-1
AoF07725.jpg,4,0,0.00122721,0.0,0.0,-1
AoF07725.jpg,5,0,0.0009375,0.0,0.0,-1
AoF07726.jpg,0,1,0.31332682,0.0,0.0,-1
AoF07726.jpg,1,0,0.00425564,0.018738,0.018738,0
AoF07726.jpg,2,0,0.03963867,0.038923,0.038923,0
AoF07726.jpg,3,0,0.00802951,0.307983,0.307983,0
AoF07726.jpg,4,0,0.0018967,0.0,0.0,-1
AoF07726.jpg,5,1,0.00488281,0.018025,0.018025,1
AoF07727.jpg,0,1,0.28195312,0.074536,0.074536,1
AoF07727.jpg,1,0,0.00499023,0.019904,0.0,1
AoF07727.jpg,2,0,0.04552083,0.0,0.0,-1
AoF07727.jpg,3,0,0.00129123,0.0,0.0,-1
AoF07728.jpg,0,0,0.07785373,0.014706,0.014706,0
AoF07728.jpg,1,0,0.00363281,0.051125,0.051125,0
AoF07728.jpg,2,0,0.00156576,0.0,0.0,-1
AoF07728.jpg,3,1,0.21515625,0.012336,0.012336,1
AoF07728.jpg,4,1,0.01667752,0.0,0.0,-1
AoF07729.jpg,0,1,0.17592448,0.169926,0.169926,1
AoF07729.jpg,1,0,0.05944661,0.0,0.0,-1
AoF07729.jpg,2,0,0.00407118,0.170914,0.170914,0
AoF07729.jpg,3,0,0.0014681,0.0,0.0,-1
AoF07729.jpg,4,1,0.01036784,0.0,0.0,-1
AoF07729.jpg,5,0,0.00132921,0.0,0.0,-1
AoF07730.jpg,0,1,0.18970486,0.0,0.0,-1
AoF07730.jpg,1,0,0.00432943,0.1918,0.1918,0
AoF07730.jpg,2,0,0.01636285,0.087088,0.087088,0
AoF07730.jpg,3,0,0.01280382,0.0,0.0,-1
AoF07730.jpg,4,0,0.00100911,0.0,0.0,-1
AoF07730.jpg,5,0,0.00075521,0.0,0.0,-1
AoF07730.jpg,6,1,0.02512695,0.0,0.0,-1
AoF07731.jpg,0,0,0.02853733,0.0,0.0,-1
AoF07731.jpg,1,0,0.00351888,0.0,0.0,-1
AoF07731.jpg,2,0,0.00701606,0.014324,0.014324,0
AoF07731.jpg,3,0,0.00195964,0.0,0.0,-1
AoF07731.jpg,4,1,0.26554688,0.0,0.0,-1
AoF07731.jpg,5,0,0.00122396,0.0,0.0,-1
AoF07732.jpg,0,1,0.29291667,0.0,0.0,-1
AoF07732.jpg,1,0,0.00649848,0.530516,0.530516,0
AoF07732.jpg,2,0,0.03432617,0.0,0.0,-1
AoF07732.jpg,3,0,0.00211589,0.0,0.0,-1
AoF07732.jpg,4,0,0.00522569,0.0,0.0,-1
AoF07732.jpg,5,0,0.00121745,0.01816,0.01816,0
AoF07732.jpg,6,0,0.00135417,0.0,0.0,-1
AoF07733.jpg,0,1,0.22402344,0.0,0.0,-1
AoF07733.jpg,1,0,0.00692925,0.0,0.0,-1
AoF07733.jpg,2,0,0.03426324,0.0,0.0,-1
AoF07733.jpg,3,0,0.00276693,0.0,0.0,-1
AoF07733.jpg,4,0,0.00195964,0.0,0.0,-1
AoF07733.jpg,5,0,0.0010026,0.0,0.0,-1
AoF07733.jpg,6,0,0.00111328,0.0,0.0,-1
AoF07734.jpg,0,0,0.01352431,0.0357,0.0357,0
AoF07734.jpg,1,0,0.00759874,0.0,0.0,-1
AoF07734.jpg,2,1,0.15716688,0.331293,0.331293,1
AoF07735.jpg,0,1,0.09022135,0.0,0.0,-1
AoF07735.jpg,1,0,0.01907769,0.0,0.0,-1
AoF07735.jpg,2,0,0.00387044,0.0,0.0,-1
AoF07735.jpg,3,0,0.00234375,0.0,0.0,-1
AoF07736.jpg,0,0,0.0047819,0.0,0.0,-1
AoF07736.jpg,1,0,0.00291667,0.0,0.0,-1
AoF07736.jpg,2,0,0.0180957,0.0,0.0,-1
AoF07736.jpg,3,1,0.05133464,0.034129,0.034129,1
AoF07737.jpg,0,1,0.02958225,0.0,0.0,-1
AoF07737.jpg,1,0,0.01396484,0.022129,0.0,1
AoF07737.jpg,2,0,0.00684353,0.0,0.0,-1
AoF07737.jpg,3,0,0.00152561,0.025448,0.025448,0
AoF07738.jpg,0,0,0.00947917,0.0,0.0,-1
AoF07738.jpg,1,0,0.00129123,0.0,0.0,-1
AoF07739.jpg,0,0,0.0028125,0.0,0.0,-1
AoF07739.jpg,1,0,0.0025,0.463737,0.463737,0
AoF07740.jpg,0,0,0.0071148,0.021865,0.021865,0
AoF07740.jpg,1,0,0.00183594,0.0,0.0,-1
AoF07741.jpg,0,0,0.00815972,0.0,0.0,-1
AoF07741.jpg,1,1,0.02536133,0.0,0.0,-1
AoF07742.jpg,0,0,0.00817383,0.0,0.0,-1
AoF07742.jpg,1,1,0.02570638,0.0,0.0,-1
AoF07743.jpg,0,0,0.00905165,0.61946,0.61946,0
AoF07743.jpg,1,1,0.02018446,0.0,0.0,-1
AoF07743.jpg,2,1,0.0,0.0,0.0,-1
AoF07744.jpg,0,0,0.00793186,0.538989,0.538989,0
AoF07744.jpg,1,1,0.01777886,0.0,0.0,-1
AoF07745.jpg,0,0,0.00608615,0.0,0.0,-1
AoF07745.jpg,1,0,0.00251953,0.0,0.0,-1
AoF07746.jpg,0,0,0.00774523,0.303221,0.303221,0
AoF07746.jpg,1,1,0.02437934,0.0,0.0,-1
AoF07747.jpg,0,0,0.00738281,0.11442,0.11442,0
AoF07747.jpg,1,1,0.01692708,0.0,0.0,-1
AoF07748.jpg,0,0,0.00793186,0.318973,0.318973,0
AoF07748.jpg,1,1,0.01630751,0.0,0.0,-1
AoF07749.jpg,0,0,0.0077474,0.191146,0.191146,0
AoF07749.jpg,1,1,0.0166569,0.0,0.0,-1
AoF07750.jpg,0,0,0.00729601,0.656236,0.656236,0
AoF07750.jpg,1,1,0.01794596,0.0,0.0,-1
AoF07751.jpg,0,0,0.00711806,0.378947,0.378947,0
AoF07751.jpg,1,1,0.02605143,0.0,0.0,-1
AoF07752.jpg,0,0,0.01164822,0.170633,0.170633,0
AoF07752.jpg,1,1,0.02845486,0.0,0.0,-1
AoF07753.jpg,0,0,0.01020833,0.017786,0.017786,0
AoF07753.jpg,1,1,0.02773872,0.0,0.0,-1
AoF07754.jpg,0,0,0.01076172,0.0,0.0,-1
AoF07754.jpg,1,1,0.0219553,0.0,0.0,-1
AoF07755.jpg,0,0,0.00898655,0.044852,0.044852,0
AoF07755.jpg,1,1,0.01889648,0.0,0.0,-1
AoF07756.jpg,0,0,0.01083984,0.034465,0.034465,0
AoF07756.jpg,1,1,0.01636285,0.0,0.0,-1
AoF07757.jpg,0,0,0.00947917,0.338482,0.338482,0
AoF07757.jpg,1,1,0.01777669,0.0,0.0,-1
AoF07758.jpg,0,0,0.0082194,0.04174,0.04174,0
AoF07758.jpg,1,0,0.00275282,0.0,0.0,-1
AoF07759.jpg,0,0,0.01035807,0.0,0.0,-1
AoF07759.jpg,1,1,0.02092556,0.0,0.0,-1
AoF07760.jpg,0,0,0.00808919,0.235324,0.235324,0
AoF07760.jpg,1,0,0.0027691,0.628235,0.628235,0
AoF07760.jpg,2,0,0.00173177,0.0,0.0,-1
AoF07760.jpg,3,1,0.02278646,0.0,0.0,-1
AoF07761.jpg,0,0,0.00804253,0.0,0.0,-1
AoF07761.jpg,1,0,0.00226888,0.146896,0.146896,0
AoF07761.jpg,2,0,0.0029069,0.768823,0.768823,0
AoF07761.jpg,3,1,0.02201172,0.0,0.0,-1
AoF07762.jpg,0,0,0.01185438,0.034389,0.034389,0
AoF07762.jpg,1,0,0.00174696,0.0,0.0,-1
AoF07762.jpg,2,0,0.00136502,0.0,0.0,-1
AoF07763.jpg,0,0,0.00915365,0.0,0.0,-1
AoF07763.jpg,1,1,0.01394531,0.0,0.0,-1
AoF07764.jpg,0,0,0.00910916,0.0,0.0,-1
AoF07764.jpg,1,1,0.01575521,0.0,0.0,-1
AoF07765.jpg,0,0,0.00774089,0.044607,0.044607,0
AoF07765.jpg,1,1,0.02430556,0.0,0.0,-1
AoF07766.jpg,0,0,0.00738498,0.503395,0.503395,0
AoF07766.jpg,1,1,0.0246875,0.0,0.0,-1
AoF07767.jpg,0,0,0.00581597,0.015954,0.015954,0
AoF07767.jpg,1,0,0.00244575,0.083837,0.083837,0
AoF07767.jpg,2,0,0.00081814,0.01772,0.01772,0
AoF07767.jpg,3,1,0.02560221,0.0,0.0,-1
AoF07768.jpg,0,0,0.01038194,0.260444,0.260444,0
AoF07768.jpg,1,1,0.02773438,0.0,0.0,-1
AoF07769.jpg,0,0,0.01105794,0.0,0.0,-1
AoF07769.jpg,1,0,0.00243273,0.172298,0.172298,0
AoF07769.jpg,2,1,0.03674479,0.0,0.0,-1
AoF07770.jpg,0,0,0.00356228,0.626934,0.626934,0
AoF07770.jpg,1,0,0.00843859,0.0,0.0,-1
AoF07771.jpg,0,0,0.00346788,0.221725,0.221725,0
AoF07771.jpg,1,0,0.00078993,0.036594,0.036594,0
AoF07771.jpg,2,1,0.01809896,0.0,0.0,-1
AoF07772.jpg,0,0,0.0039605,0.661792,0.661792,0
AoF07772.jpg,1,1,0.01643989,0.0,0.0,-1
AoF07772.jpg,2,0,0.00054905,0.0,0.0,-1
AoF07773.jpg,0,0,0.00332031,0.432964,0.432964,0
AoF07773.jpg,1,1,0.01625977,0.0,0.0,-1
AoF07773.jpg,2,0,0.00054253,0.0,0.0,-1
AoF07774.jpg,0,0,0.00364583,0.59692,0.59692,0
AoF07774.jpg,1,0,0.00067708,0.044143,0.044143,0
AoF07774.jpg,2,1,0.0,0.0,0.0,-1
AoF07774.jpg,3,1,0.02332899,0.0,0.0,-1
AoF07775.jpg,0,0,0.00409505,0.685319,0.685319,0
AoF07775.jpg,1,1,0.01432292,0.0,0.0,-1
AoF07776.jpg,0,0,0.02563802,0.533167,0.0,1
AoF07776.jpg,1,0,0.00190972,0.0,0.0,-1
AoF07776.jpg,2,1,0.01574219,0.0,0.0,-1
AoF07777.jpg,0,0,0.01219076,0.135123,0.135123,0
AoF07777.jpg,1,1,0.02497396,0.0,0.0,-1
AoF07778.jpg,0,0,0.02291667,0.075895,0.075895,0
AoF07778.jpg,1,0,0.00181641,0.0,0.0,-1
AoF07778.jpg,2,1,0.01010851,0.0,0.0,-1
AoF07779.jpg,0,0,0.01253906,0.775186,0.775186,0
AoF07779.jpg,1,1,0.0318316,0.0,0.0,-1
AoF07780.jpg,0,0,0.0134375,0.039374,0.0,1
AoF07781.jpg,0,0,0.01183594,0.544835,0.544835,0
AoF07781.jpg,1,1,0.03269531,0.0,0.0,-1
AoF07782.jpg,0,0,0.01083984,0.035224,0.035224,0
AoF07782.jpg,1,1,0.02529188,0.0,0.0,-1
AoF07783.jpg,0,0,0.01005317,0.0,0.0,-1
AoF07783.jpg,1,0,0.00742188,0.28174,0.28174,0
AoF07783.jpg,2,1,0.05924479,0.0,0.0,-1
AoF07784.jpg,0,0,0.01121962,0.0,0.0,-1
AoF07785.jpg,0,0,0.00736654,0.048437,0.048437,0
AoF07785.jpg,1,0,0.0015191,0.0,0.0,-1
AoF07785.jpg,2,1,0.04591146,0.0,0.0,-1
AoF07786.jpg,0,0,0.00760308,0.731046,0.731046,0
AoF07786.jpg,1,0,0.00106988,0.0,0.0,-1
AoF07786.jpg,2,1,0.038227,0.0,0.0,-1
AoF07787.jpg,0,0,0.00788628,0.239928,0.239928,0
AoF07787.jpg,1,0,0.00125326,0.202293,0.202293,0
AoF07787.jpg,2,1,0.03665582,0.0,0.0,-1
AoF07788.jpg,0,0,0.00501628,0.784074,0.784074,0
AoF07788.jpg,1,1,0.01486545,0.0,0.0,-1
AoF07789.jpg,0,0,0.01096029,0.062781,0.062781,0
AoF07789.jpg,1,0,0.00136502,0.0,0.0,-1
AoF07790.jpg,0,0,0.00273437,0.654859,0.654859,0
AoF07790.jpg,1,1,0.01012153,0.0,0.0,-1
AoF07791.jpg,0,0,0.00308377,0.825231,0.825231,0
AoF07791.jpg,1,1,0.00409071,0.744301,0.0,0
AoF07791.jpg,2,1,0.0130816,0.0,0.0,-1
AoF07792.jpg,0,0,0.00304688,0.819766,0.819766,0
AoF07792.jpg,1,1,0.00744792,0.0,0.0,-1
AoF07793.jpg,0,0,0.02072049,0.030839,0.022676,1
AoF07794.jpg,0,0,0.00333984,0.599961,0.249093,1
AoF07794.jpg,1,1,0.00639757,0.599961,0.599961,1
AoF07795.jpg,0,0,0.00332031,0.670403,0.670403,0
AoF07795.jpg,1,1,0.00709201,0.037456,0.037456,1
AoF07796.jpg,0,0,0.00368056,0.806404,0.806404,0
AoF07796.jpg,1,1,0.00473958,0.178729,0.178729,1
AoF07797.jpg,0,0,0.00345052,0.83199,0.83199,0
AoF07797.jpg,1,1,0.01371962,0.0,0.0,-1
AoF07798.jpg,0,0,0.02542318,0.720598,0.0,1
AoF07799.jpg,0,0,0.00348633,0.79998,0.79998,0
AoF07799.jpg,1,0,0.00125,0.681505,0.681505,0
AoF07799.jpg,2,1,0.00574327,0.457062,0.457062,1
AoF07800.jpg,0,0,0.0031543,0.510094,0.510094,0
AoF07800.jpg,1,0,0.00064887,0.0,0.0,-1
AoF07800.jpg,2,1,0.00606445,0.0,0.0,-1
AoF07801.jpg,0,0,0.0031543,0.588464,0.588464,0
AoF07801.jpg,1,1,0.00485352,0.588464,0.500842,0
AoF07802.jpg,0,0,0.00297743,0.0353,0.0353,0
AoF07802.jpg,1,1,0.00600043,0.0353,0.0,0
AoF07803.jpg,0,0,0.00244141,0.784532,0.784532,0
AoF07803.jpg,1,0,0.000625,0.0,0.0,-1
AoF07803.jpg,2,1,0.00336589,0.784532,0.0,0
AoF07804.jpg,0,0,0.00263672,0.811387,0.811387,0
AoF07804.jpg,1,0,0.00059679,0.0,0.0,-1
AoF07804.jpg,2,1,0.00320964,0.811387,0.0,0
AoF07805.jpg,0,0,0.00401476,0.751875,0.751875,0
AoF07805.jpg,1,1,0.00379557,0.200007,0.200007,1
AoF07806.jpg,0,0,0.00268555,0.052117,0.052117,0
AoF07807.jpg,0,0,0.00254232,0.264722,0.264722,0
AoF07808.jpg,0,0,0.00164063,0.0,0.0,-1
AoF07809.jpg,0,0,0.00135417,0.764421,0.764421,0
AoF07810.jpg,0,0,0.015625,0.0,0.0,-1
AoF07811.jpg,0,0,0.01435547,0.056479,0.054746,1
AoF07811.jpg,1,1,0.0609082,0.0,0.0,-1
AoF07812.jpg,0,0,0.01128906,0.618708,0.0,1
AoF07812.jpg,1,1,0.01088108,0.0,0.0,-1
AoF07813.jpg,0,0,0.00970486,0.759987,0.759987,0
AoF07814.jpg,0,0,0.01239583,0.874009,0.874009,0
AoF07815.jpg,0,0,0.01235352,0.115634,0.023851,1
AoF07815.jpg,1,1,0.08880425,0.0,0.0,-1
AoF07816.jpg,0,0,0.01017144,0.020082,0.0,1
AoF07816.jpg,1,1,0.07098958,0.0,0.0,-1
AoF07817.jpg,0,0,0.010625,0.584076,0.0,1
AoF07817.jpg,1,1,0.06944553,0.0,0.0,-1
AoF07818.jpg,0,0,0.00254991,0.076554,0.076554,0
AoF07818.jpg,1,1,0.03242188,0.0,0.0,-1
AoF07818.jpg,2,1,0.00273437,0.17931,0.17931,1
AoF07819.jpg,0,0,0.00576172,0.0,0.0,-1
AoF07819.jpg,1,1,0.05957031,0.0,0.0,-1
AoF07820.jpg,0,0,0.00482856,0.0,0.0,-1
AoF07820.jpg,1,1,0.00277995,0.0,0.0,-1
AoF07821.jpg,0,0,0.0067513,0.020817,0.0,1
AoF07821.jpg,1,1,0.02898438,0.0,0.0,-1
AoF07822.jpg,0,1,0.02736545,0.015121,0.0,0
AoF07822.jpg,1,0,0.00639431,0.143192,0.143192,0
AoF07823.jpg,0,0,0.00143229,0.0,0.0,-1
AoF07823.jpg,1,1,0.01802951,0.0,0.0,-1
AoF07824.jpg,0,0,0.00102539,0.580117,0.580117,0
AoF07824.jpg,1,1,0.02172309,0.0,0.0,-1
AoF07825.jpg,0,0,0.00132161,0.435304,0.435304,0
AoF07825.jpg,1,1,0.01628038,0.0,0.0,-1
AoF07826.jpg,0,1,0.02376302,0.18835,0.18835,1
AoF07826.jpg,1,0,0.0007487,0.014972,0.014972,0
AoF07827.jpg,0,0,0.00100911,0.03771,0.03771,0
AoF07827.jpg,1,1,0.01821723,0.0,0.0,-1
AoF07828.jpg,0,1,0.0208941,0.0,0.0,-1
AoF07828.jpg,1,0,0.00115668,0.193549,0.193549,0
AoF07829.jpg,0,0,0.00185547,0.0,0.0,-1
AoF07830.jpg,0,1,0.01657552,0.039918,0.039918,1
AoF07831.jpg,0,0,0.00477431,0.0,0.0,-1
AoF07831.jpg,1,0,0.01633934,0.0,0.0,-1
AoF07831.jpg,2,0,0.00698664,0.0,0.0,-1
AoF07831.jpg,3,0,0.02604167,0.0,0.0,-1
AoF07831.jpg,4,1,0.21766493,0.0,0.0,-1
AoF07832.jpg,0,1,0.10418174,0.0,0.0,-1
AoF07832.jpg,1,0,0.00570264,0.0,0.0,-1
AoF07832.jpg,2,0,0.01341869,0.0,0.0,-1
AoF07832.jpg,3,0,0.0101454,0.0,0.0,-1
AoF07832.jpg,4,0,0.0053289,0.0,0.0,-1
AoF07832.jpg,5,0,0.0018838,0.0,0.0,-1
AoF07832.jpg,6,0,0.00235098,0.0,0.0,-1
AoF07833.jpg,0,0,0.00288448,0.0,0.0,-1
AoF07833.jpg,1,0,0.01215278,0.0,0.0,-1
AoF07833.jpg,2,0,0.01356337,0.590496,0.590496,0
AoF07833.jpg,3,0,0.00520833,0.16831,0.16831,0
AoF07833.jpg,4,0,0.01204427,0.0,0.0,-1
AoF07833.jpg,5,1,0.28582538,0.0,0.0,-1
AoF07834.jpg,0,0,0.03015589,0.28946,0.28946,0
AoF07834.jpg,1,0,0.01062765,0.022794,0.022794,0
AoF07834.jpg,2,0,0.01414207,0.0,0.0,-1
AoF07835.jpg,0,0,0.0110225,0.0,0.0,-1
AoF07835.jpg,1,0,0.01311728,0.069329,0.069329,0
AoF07835.jpg,2,0,0.0111521,0.0,0.0,-1
AoF07835.jpg,3,1,0.19083659,0.0,0.0,-1
AoF07836.jpg,0,0,0.00527163,0.0,0.0,-1
AoF07836.jpg,1,0,0.01346089,0.760677,0.760677,0
AoF07836.jpg,2,0,0.00568456,0.0,0.0,-1
AoF07836.jpg,3,0,0.01036844,0.0,0.0,-1
AoF07836.jpg,4,1,0.22514588,0.06252,0.06252,1
AoF07837.jpg,0,1,0.24897521,0.231076,0.231076,1
AoF07837.jpg,1,0,0.00421971,0.0,0.0,-1
AoF07837.jpg,2,0,0.04594666,0.01958,0.01958,0
AoF07837.jpg,3,0,0.00358374,0.541561,0.541561,0
AoF07837.jpg,4,0,0.0031467,0.0,0.0,-1
AoF07838.jpg,0,1,0.1585829,0.179635,0.179635,1
AoF07838.jpg,1,0,0.00494309,0.08155,0.06235,1
AoF07838.jpg,2,0,0.02240668,0.0,0.0,-1
AoF07838.jpg,3,0,0.01195988,0.0,0.0,-1
AoF07839.jpg,0,0,0.03762478,0.0,0.0,-1
AoF07839.jpg,1,0,0.01077534,0.0,0.0,-1
AoF07839.jpg,2,0,0.00183256,0.0,0.0,-1
AoF07839.jpg,3,0,0.00482253,0.099059,0.099059,0
AoF07839.jpg,4,1,0.20367356,0.501267,0.501267,1
AoF07840.jpg,0,0,0.01991705,0.020402,0.020402,0
AoF07840.jpg,1,0,0.01097126,0.0,0.0,-1
AoF07841.jpg,0,0,0.00260417,0.010159,0.0,1
AoF07841.jpg,1,0,0.0063778,0.718039,0.718039,0
AoF07841.jpg,2,1,0.04839108,0.0,0.0,-1
AoF07842.jpg,0,0,0.00400873,0.0,0.0,-1
AoF07843.jpg,0,0,0.00616199,0.699569,0.699569,0
AoF07843.jpg,1,1,0.13540311,0.0,0.0,-1
AoF07844.jpg,0,1,0.05340114,0.0,0.0,-1
AoF07844.jpg,1,0,0.0109875,0.164446,0.164446,0
AoF07845.jpg,0,0,0.00679009,0.0,0.0,-1
AoF07846.jpg,0,0,0.00119444,0.012033,0.012033,0
AoF07847.jpg,0,0,0.05604473,0.0,0.0,-1
AoF07848.jpg,0,0,0.01393132,0.0,0.0,-1
AoF07849.jpg,0,0,0.04021918,0.0,0.0,-1
AoF07850.jpg,0,0,0.04735233,0.0,0.0,-1
AoF07851.jpg,0,0,0.00348554,0.0,0.0,-1
AoF07851.jpg,1,0,0.01523573,0.0,0.0,-1
AoF07852.jpg,0,0,0.00519345,0.0,0.0,-1
AoF07853.jpg,0,0,0.00948726,0.0,0.0,-1
AoF07853.jpg,1,0,0.00532782,0.769016,0.769016,0
AoF07854.jpg,0,0,0.00336912,0.010416,0.010416,0
AoF07854.jpg,1,0,0.00160202,0.0,0.0,-1
AoF07855.jpg,0,0,0.00455152,0.0,0.0,-1
AoF07855.jpg,1,0,0.00447887,0.0,0.0,-1
AoF07856.jpg,0,0,0.00374175,0.0,0.0,-1
AoF07856.jpg,1,0,0.01122524,0.0,0.0,-1
AoF07857.jpg,0,0,0.00649463,0.778126,0.778126,0
AoF07857.jpg,1,0,0.00156045,0.018994,0.018994,0
AoF07858.jpg,0,0,0.02445641,0.578833,0.578833,0
AoF07859.jpg,0,0,0.00216006,0.0,0.0,-1
AoF07859.jpg,1,0,0.01028385,0.0,0.0,-1
AoF07860.jpg,0,0,0.00238851,0.437134,0.437134,0
AoF07861.jpg,0,0,0.00736788,0.587522,0.587522,0
AoF07862.jpg,0,0,0.00085606,0.0,0.0,-1
AoF07862.jpg,1,0,0.00083293,0.0,0.0,-1
AoF07863.jpg,0,0,0.00141993,0.659141,0.659141,0
AoF07863.jpg,1,0,0.00114687,0.0,0.0,-1
AoF07863.jpg,2,1,0.00103183,0.0,0.0,-1
AoF07864.jpg,0,0,0.00088851,0.394074,0.394074,0
AoF07864.jpg,1,0,0.00076844,0.073697,0.073697,0
AoF07865.jpg,0,0,0.00198514,0.0,0.0,-1
AoF07865.jpg,1,0,0.00600442,0.0,0.0,-1
AoF07866.jpg,0,0,0.00909339,0.65264,0.65264,0
AoF07867.jpg,0,0,0.00721305,0.850702,0.850702,0
AoF07868.jpg,0,1,0.02011424,0.0,0.0,-1
AoF07868.jpg,1,0,0.00301576,0.0,0.0,-1
AoF07869.jpg,0,0,0.00161239,0.0,0.0,-1
AoF07869.jpg,1,0,0.00216839,0.0,0.0,-1
AoF07870.jpg,0,0,0.00418568,0.0,0.0,-1
AoF07870.jpg,1,1,0.01329857,0.0,0.0,-1
AoF07871.jpg,0,0,0.05541016,0.0,0.0,-1
AoF07872.jpg,0,0,0.0579733,0.0,0.0,-1
AoF07872.jpg,1,0,0.00226532,0.0,0.0,-1
AoF07873.jpg,0,0,0.03126674,0.0,0.0,-1
AoF07873.jpg,1,0,0.0132788,0.0,0.0,-1
AoF07873.jpg,2,1,0.001419,0.267444,0.267444,1
AoF07873.jpg,3,1,0.01665241,0.0,0.0,-1
AoF07874.jpg,0,0,0.00662961,0.031086,0.031086,0
AoF07875.jpg,0,0,0.00349551,0.0,0.0,-1
AoF07876.jpg,0,0,0.00041667,0.0,0.0,-1
AoF07877.jpg,0,0,0.00067708,0.0,0.0,-1
AoF07878.jpg,0,0,0.00684462,0.0,0.0,-1
AoF07879.jpg,0,0,0.00104384,0.011997,0.011997,0
AoF07880.jpg,0,0,0.00839627,0.0,0.0,-1
AoF07880.jpg,1,1,0.02694227,0.0,0.0,-1
AoF07881.jpg,0,0,0.00923611,0.0,0.0,-1
AoF07881.jpg,1,1,0.01992187,0.0,0.0,-1
AoF07882.jpg,0,0,0.00346788,0.0,0.0,-1
AoF07882.jpg,1,0,0.00079861,0.0,0.0,-1
AoF07883.jpg,0,0,0.00454319,0.0,0.0,-1
AoF07884.jpg,0,0,0.00437283,0.0,0.0,-1
AoF07885.jpg,0,0,0.00436849,0.0,0.0,-1
AoF07886.jpg,0,0,0.00279948,0.029363,0.029363,0
AoF07887.jpg,0,0,0.00453125,0.262251,0.262251,0
AoF07888.jpg,0,0,0.00746528,0.0,0.0,-1
AoF07888.jpg,1,1,0.00845269,0.0,0.0,-1
AoF07889.jpg,0,0,0.00553711,0.0,0.0,-1
AoF07889.jpg,1,1,0.00608398,0.0,0.0,-1
AoF07890.jpg,0,0,0.00515625,0.051291,0.051291,0
AoF07891.jpg,0,0,0.00552517,0.087088,0.087088,0
AoF07892.jpg,0,0,0.0062576,0.02049,0.02049,0
AoF07893.jpg,0,0,0.00642361,0.0,0.0,-1
AoF07894.jpg,0,0,0.0047168,0.010677,0.010677,0
AoF07895.jpg,0,0,0.0069401,0.056578,0.056578,0
AoF07895.jpg,1,1,0.01985677,0.0,0.0,-1
AoF07896.jpg,0,0,0.00317708,0.216812,0.216812,0
AoF07897.jpg,0,0,0.0038737,0.020548,0.020548,0
AoF07898.jpg,0,0,0.00640625,0.017603,0.017603,0
AoF07898.jpg,1,1,0.00546549,0.0,0.0,-1
AoF07899.jpg,0,0,0.00182292,0.0,0.0,-1
AoF07900.jpg,0,0,0.00379557,0.03473,0.03473,0
AoF07901.jpg,0,0,0.00175781,0.0,0.0,-1
AoF07902.jpg,0,0,0.00763672,0.0,0.0,-1
AoF07902.jpg,1,1,0.02280924,0.0,0.0,-1
AoF07903.jpg,0,0,0.00651476,0.0,0.0,-1
AoF07904.jpg,0,0,0.01032986,0.0,0.0,-1
AoF07904.jpg,1,1,0.02814453,0.0,0.0,-1
AoF07905.jpg,0,0,0.00163194,0.05265,0.05265,0
AoF07906.jpg,0,0,0.00184679,0.021357,0.021357,0
AoF07907.jpg,0,0,0.00388889,0.028293,0.028293,0
AoF07908.jpg,0,0,0.00388889,0.15568,0.15568,0
AoF07909.jpg,0,0,0.00541233,0.060518,0.060518,0
AoF07910.jpg,0,0,0.00485352,0.039455,0.039455,0
AoF07911.jpg,0,0,0.00492188,0.112747,0.112747,0
AoF07912.jpg,0,0,0.00275391,0.0136,0.0136,0
AoF07913.jpg,0,0,0.00254557,0.0,0.0,-1
AoF07914.jpg,0,0,0.00254991,0.025526,0.025526,0
AoF07915.jpg,0,0,0.01866862,0.568208,0.568208,0
AoF07915.jpg,1,1,0.05581163,0.0,0.0,-1
AoF07916.jpg,0,0,0.00730469,0.0,0.0,-1
AoF07916.jpg,1,1,0.05714844,0.0,0.0,-1
AoF07917.jpg,0,0,0.01576823,0.0,0.0,-1
AoF07917.jpg,1,1,0.07747396,0.0,0.0,-1
AoF07918.jpg,0,0,0.02836914,0.0,0.0,-1
AoF07918.jpg,1,1,0.14070638,0.0,0.0,-1
AoF07919.jpg,0,0,0.03925347,0.116517,0.116517,0
AoF07919.jpg,1,0,0.00123047,0.0,0.0,-1
AoF07919.jpg,2,1,0.12374349,0.0,0.0,-1
AoF07920.jpg,0,0,0.0190625,0.099134,0.099134,0
AoF07920.jpg,1,0,0.03203776,0.0,0.0,-1
AoF07920.jpg,2,0,0.083125,0.012076,0.012076,0
AoF07920.jpg,3,0,0.00755425,0.0,0.0,-1
AoF07920.jpg,4,1,0.17604058,0.029176,0.029176,1
AoF07921.jpg,0,0,0.01945964,0.0,0.0,-1
AoF07921.jpg,1,0,0.00691406,0.0,0.0,-1
AoF07921.jpg,2,0,0.01383464,0.0,0.0,-1
AoF07921.jpg,3,0,0.00782335,0.030189,0.030189,0
AoF07921.jpg,4,1,0.19499457,0.0,0.0,-1
AoF07921.jpg,5,0,0.00102539,0.0,0.0,-1
AoF07922.jpg,0,0,0.0186849,0.0,0.0,-1
AoF07922.jpg,1,0,0.01048177,0.0,0.0,-1
AoF07922.jpg,2,0,0.00960829,0.0,0.0,-1
AoF07922.jpg,3,0,0.00575087,0.0,0.0,-1
AoF07922.jpg,4,1,0.15494792,0.0,0.0,-1
AoF07923.jpg,0,0,0.0227105,0.071126,0.071126,0
AoF07923.jpg,1,0,0.00901367,0.0,0.0,-1
AoF07923.jpg,2,0,0.00354167,0.0,0.0,-1
AoF07923.jpg,3,0,0.00796875,0.254816,0.254816,0
AoF07923.jpg,4,1,0.17375,0.0,0.0,-1
AoF07924.jpg,0,0,0.05096571,0.011776,0.011776,0
AoF07924.jpg,1,0,0.00336372,0.0,0.0,-1
AoF07924.jpg,2,0,0.00482422,0.0,0.0,-1
AoF07924.jpg,3,1,0.15607422,0.0,0.0,-1
AoF07925.jpg,0,0,0.06527235,0.225728,0.225728,0
AoF07925.jpg,1,1,0.11525825,0.225728,0.0,0
AoF07926.jpg,0,0,0.0496875,0.011418,0.011418,0
AoF07926.jpg,1,0,0.02272569,0.552091,0.528403,1
AoF07926.jpg,2,0,0.00728624,0.0,0.0,-1
AoF07927.jpg,0,0,0.03360677,0.048794,0.048794,0
AoF07927.jpg,1,0,0.00476237,0.0,0.0,-1
AoF07928.jpg,0,0,0.03534939,0.013043,0.013043,0
AoF07928.jpg,1,0,0.00417535,0.0,0.0,-1
AoF07929.jpg,0,0,0.01520616,0.0,0.0,-1
AoF07929.jpg,1,0,0.00519531,0.12386,0.12386,0
AoF07930.jpg,0,0,0.00686198,0.0,0.0,-1
AoF07930.jpg,1,0,0.01133789,0.0,0.0,-1
AoF07931.jpg,0,0,0.00565755,0.0,0.0,-1
AoF07931.jpg,1,0,0.00752604,0.089822,0.0,1
AoF07932.jpg,0,0,0.00403646,0.0,0.0,-1
AoF07932.jpg,1,0,0.00375977,0.0,0.0,-1
AoF07933.jpg,0,0,0.00410156,0.0,0.0,-1
AoF07933.jpg,1,0,0.00336914,0.0,0.0,-1
AoF07933.jpg,2,0,0.00075521,0.0,0.0,-1
AoF07934.jpg,0,0,0.00403754,0.0,0.0,-1
AoF07934.jpg,1,0,0.00873481,0.0,0.0,-1
AoF07934.jpg,2,0,0.00299479,0.0,0.0,-1
AoF07935.jpg,0,0,0.00982205,0.0,0.0,-1
AoF07935.jpg,1,0,0.00327257,0.0,0.0,-1
AoF07935.jpg,2,0,0.00188151,0.0,0.0,-1
AoF07936.jpg,0,0,0.00402778,0.0,0.0,-1
AoF07936.jpg,1,1,0.00939453,0.0,0.0,-1
AoF07937.jpg,0,0,0.00457465,0.0,0.0,-1
AoF07937.jpg,1,0,0.00209093,0.312689,0.312689,0
AoF07937.jpg,2,0,0.00094835,0.035744,0.035744,0
AoF07937.jpg,3,1,0.00592014,0.0,0.0,-1
AoF07938.jpg,0,0,0.00309896,0.0,0.0,-1
AoF07939.jpg,0,0,0.00665365,0.312368,0.312368,0
AoF07939.jpg,1,0,0.00045139,0.0,0.0,-1
AoF07939.jpg,2,1,0.01267578,0.0,0.0,-1
AoF07940.jpg,0,0,0.00647135,0.685658,0.685658,0
AoF07940.jpg,1,1,0.01203559,0.0,0.0,-1
AoF07941.jpg,0,0,0.00737196,0.312436,0.312436,0
AoF07941.jpg,1,0,0.00106988,0.030323,0.030323,0
AoF07942.jpg,0,0,0.00731879,0.400906,0.400906,0
AoF07942.jpg,1,0,0.00107639,0.010091,0.010091,0
AoF07943.jpg,0,0,0.00854818,0.475127,0.475127,0
AoF07943.jpg,1,0,0.00125,0.042965,0.042965,0
AoF07944.jpg,0,0,0.00191406,0.406668,0.406668,0
AoF07944.jpg,1,0,0.00744358,0.060647,0.060647,0
AoF07945.jpg,0,0,0.00162326,0.030094,0.030094,0
AoF07945.jpg,1,0,0.00397135,0.0,0.0,-1
AoF07945.jpg,2,0,0.0084375,0.0,0.0,-1
AoF07945.jpg,3,1,0.00789931,0.0,0.0,-1
AoF07946.jpg,0,0,0.00170898,0.372433,0.372433,0
AoF07946.jpg,1,0,0.00359701,0.238979,0.238979,0
AoF07946.jpg,2,0,0.00097331,0.0,0.0,-1
AoF07947.jpg,0,0,0.00144314,0.078346,0.078346,0
AoF07947.jpg,1,0,0.00299479,0.511333,0.511333,0
AoF07947.jpg,2,0,0.01066406,0.0,0.0,-1
AoF07947.jpg,3,1,0.0107628,0.0,0.0,-1
AoF07948.jpg,0,0,0.00578342,0.721748,0.721748,0
AoF07948.jpg,1,0,0.00169054,0.21514,0.21514,0
AoF07949.jpg,0,0,0.00195312,0.598986,0.598986,0
AoF07949.jpg,1,0,0.00545247,0.297121,0.297121,0
AoF07949.jpg,2,1,0.00473958,0.030041,0.030041,1
AoF07950.jpg,0,0,0.0031467,0.0,0.0,-1
AoF07950.jpg,1,0,0.00145833,0.060461,0.060461,0
AoF07950.jpg,2,1,0.01424696,0.0,0.0,-1
AoF07951.jpg,0,0,0.00325521,0.0,0.0,-1
AoF07951.jpg,1,0,0.00154948,0.123446,0.123446,0
AoF07951.jpg,2,1,0.0053776,0.0,0.0,-1
AoF07952.jpg,0,0,0.00325521,0.198215,0.198215,0
AoF07952.jpg,1,0,0.00107205,0.0,0.0,-1
AoF07952.jpg,2,1,0.01614909,0.0,0.0,-1
AoF07953.jpg,0,0,0.00381944,0.446398,0.446398,0
AoF07953.jpg,1,0,0.00137912,0.527007,0.527007,0
AoF07954.jpg,0,0,0.00355469,0.654442,0.654442,0
AoF07954.jpg,1,0,0.0011849,0.12037,0.12037,0
AoF07955.jpg,0,0,0.00671441,0.59192,0.59192,0
AoF07956.jpg,0,0,0.0071875,0.129023,0.129023,0
AoF07957.jpg,0,0,0.00827474,0.771903,0.771903,0
AoF07957.jpg,1,1,0.00556641,0.045149,0.045149,1
AoF07958.jpg,0,0,0.00834961,0.652043,0.652043,0
AoF07959.jpg,0,0,0.00766927,0.0,0.0,-1
AoF07959.jpg,1,1,0.02125,0.0,0.0,-1
AoF07960.jpg,0,0,0.00850694,0.512678,0.512678,0
AoF07960.jpg,1,1,0.02883681,0.0,0.0,-1
AoF07961.jpg,0,0,0.00840061,0.557859,0.557859,0
AoF07961.jpg,1,1,0.01614909,0.0,0.0,-1
AoF07962.jpg,0,0,0.00802083,0.423126,0.423126,0
AoF07962.jpg,1,1,0.01919379,0.0,0.0,-1
AoF07963.jpg,0,0,0.00736654,0.070348,0.070348,0
AoF07963.jpg,1,1,0.02246094,0.0,0.0,-1
AoF07964.jpg,0,1,0.00228882,0.0,0.0,-1
AoF07964.jpg,1,1,0.00138346,0.0,0.0,-1
AoF07965.jpg,0,1,0.00208876,0.0,0.0,-1
AoF07965.jpg,1,1,0.0015564,0.0,0.0,-1
AoF07965.jpg,2,1,0.00285339,0.149976,0.149976,1
AoF07966.jpg,0,1,0.04102182,0.813287,0.813287,1
AoF07967.jpg,0,1,0.37303299,0.564725,0.564725,1
AoF07967.jpg,1,0,0.00147761,0.0,0.0,-1
AoF07967.jpg,2,0,0.00042687,0.0,0.0,-1
AoF07967.jpg,3,0,0.00073005,0.0,0.0,-1
AoF07968.jpg,0,1,0.41173642,0.732662,0.732662,1
AoF07968.jpg,1,0,0.00143941,0.0,0.0,-1
AoF07968.jpg,2,0,0.0038984,0.0,0.0,-1
AoF07968.jpg,3,0,0.00062374,0.0,0.0,-1
AoF07969.jpg,0,1,0.01639614,0.0,0.0,-1
AoF07970.jpg,0,1,0.01589703,0.0,0.0,-1
AoF07971.jpg,0,1,0.02415579,0.0,0.0,-1
AoF07972.jpg,0,1,0.0355788,0.0,0.0,-1
AoF07973.jpg,0,1,0.03991524,0.0,0.0,-1
AoF07974.jpg,0,1,0.02555035,0.0,0.0,-1
AoF07975.jpg,0,1,0.02184387,0.0,0.0,-1
AoF07976.jpg,0,1,0.37395222,0.678673,0.678673,1
AoF07977.jpg,0,1,0.04167832,0.0,0.0,-1
AoF07978.jpg,0,1,0.08553008,0.0,0.0,-1
AoF07979.jpg,0,1,0.06893996,0.0,0.0,-1
AoF07980.jpg,0,1,0.03436651,0.0,0.0,-1
AoF07981.jpg,0,1,0.03834279,0.0,0.0,-1
AoF07982.jpg,0,1,0.02512593,0.0,0.0,-1
AoF07983.jpg,0,1,0.02589,0.0,0.0,-1
AoF07984.jpg,0,1,0.02607407,0.0,0.0,-1
AoF07985.jpg,0,1,0.02807654,0.0,0.0,-1
AoF07986.jpg,0,1,0.00226563,0.0,0.0,-1
AoF07987.jpg,0,1,0.00296875,0.0,0.0,-1
AoF07988.jpg,0,1,0.00231662,0.0,0.0,-1
AoF07989.jpg,0,1,0.02243924,0.0,0.0,-1
AoF07990.jpg,0,1,0.01283637,0.0,0.0,-1
AoF07991.jpg,0,1,0.02391493,0.0,0.0,-1
AoF07992.jpg,0,1,0.02409288,0.0,0.0,-1
AoF07993.jpg,0,1,0.0258648,0.0,0.0,-1
AoF07994.jpg,0,1,0.03264974,0.0,0.0,-1
AoF07995.jpg,0,1,0.00224826,0.0,0.0,-1
AoF07996.jpg,0,1,0.00451497,0.0,0.0,-1
AoF07997.jpg,0,1,0.00148872,0.0,0.0,-1
AoF07998.jpg,0,1,0.00295139,0.0,0.0,-1
AoF07999.jpg,0,1,0.00302734,0.0,0.0,-1
AoF08000.jpg,0,1,0.00585938,0.637189,0.637189,1
AoF08001.jpg,0,1,0.00243056,0.0,0.0,-1
AoF08002.jpg,0,1,0.00540799,0.0,0.0,-1
AoF08003.jpg,0,1,0.00708008,0.0,0.0,-1
AoF08004.jpg,0,1,0.00634983,0.0,0.0,-1
AoF08005.jpg,0,1,0.04171224,0.0,0.0,-1
AoF08006.jpg,0,1,0.00276476,0.0,0.0,-1
AoF08007.jpg,0,1,0.00164931,0.0,0.0,-1
AoF08008.jpg,0,1,0.00140516,0.0,0.0,-1
AoF08009.jpg,0,1,0.00149306,0.0,0.0,-1
AoF08010.jpg,0,1,0.0010102,0.0,0.0,-1
AoF08011.jpg,0,1,0.00569444,0.0,0.0,-1
AoF08012.jpg,0,1,0.00210286,0.0,0.0,-1
AoF08012.jpg,1,1,0.00195312,0.0,0.0,-1
AoF08012.jpg,2,1,0.00104167,0.0,0.0,-1
AoF08013.jpg,0,1,0.0026454,0.0,0.0,-1
AoF08014.jpg,0,1,0.0009592,0.0,0.0,-1
AoF08015.jpg,0,1,0.00113932,0.0,0.0,-1
AoF08016.jpg,0,1,0.00146484,0.0,0.0,-1
AoF08016.jpg,1,1,0.0020204,0.0,0.0,-1
AoF08016.jpg,2,1,0.00124566,0.0,0.0,-1
AoF08017.jpg,0,1,0.01925456,0.0,0.0,-1
AoF08018.jpg,0,1,0.00154188,0.0,0.0,-1
AoF08019.jpg,0,1,0.00553385,0.0,0.0,-1
AoF08020.jpg,0,1,0.00110677,0.0,0.0,-1
AoF08021.jpg,0,1,0.00184679,0.0,0.0,-1
AoF08022.jpg,0,1,0.00229492,0.0,0.0,-1
AoF08023.jpg,0,1,0.00544271,0.0,0.0,-1
AoF08024.jpg,0,1,0.00231337,0.0,0.0,-1
AoF08025.jpg,0,1,0.0086263,0.0,0.0,-1
AoF08026.jpg,0,1,0.00597656,0.0,0.0,-1
AoF08027.jpg,0,1,0.00328125,0.0,0.0,-1
AoF08028.jpg,0,1,0.00298828,0.0,0.0,-1
AoF08029.jpg,0,1,0.00558594,0.0,0.0,-1
AoF08030.jpg,0,1,0.00443685,0.0,0.0,-1
AoF08031.jpg,0,1,0.0039681,0.0,0.0,-1
AoF08032.jpg,0,1,0.0057628,0.0,0.0,-1
AoF08032.jpg,1,1,0.00244575,0.0,0.0,-1
AoF08032.jpg,2,1,0.00126953,0.0,0.0,-1
AoF08033.jpg,0,1,0.0020128,0.0,0.0,-1
AoF08034.jpg,0,1,0.00625,0.0,0.0,-1
AoF08034.jpg,1,1,0.00243056,0.0,0.0,-1
AoF08034.jpg,2,1,0.00293294,0.0,0.0,-1
AoF08035.jpg,0,1,0.00874132,0.0,0.0,-1
AoF08036.jpg,0,1,0.00460069,0.0,0.0,-1
AoF08037.jpg,0,1,0.00173611,0.0,0.0,-1
AoF08038.jpg,0,1,0.00395833,0.0,0.0,-1
AoF08039.jpg,0,1,0.00522786,0.0,0.0,-1
AoF08040.jpg,0,1,0.00276042,0.0,0.0,-1
AoF08041.jpg,0,1,0.0021875,0.0,0.0,-1
AoF08042.jpg,0,1,0.01185438,0.0,0.0,-1
AoF08043.jpg,0,1,0.00327799,0.0,0.0,-1
AoF08044.jpg,0,1,0.0080816,0.0,0.0,-1
AoF08045.jpg,0,1,0.00742187,0.0,0.0,-1
AoF08046.jpg,0,1,0.00845052,0.0,0.0,-1
AoF08047.jpg,0,1,0.00861003,0.0,0.0,-1
AoF08048.jpg,0,1,0.00860569,0.0,0.0,-1
AoF08049.jpg,0,1,0.00554688,0.0,0.0,-1
AoF08050.jpg,0,1,0.00284614,0.0,0.0,-1
AoF08051.jpg,0,1,0.00309462,0.0,0.0,-1
AoF08052.jpg,0,1,0.00451172,0.0,0.0,-1
AoF08053.jpg,0,1,0.00847439,0.0,0.0,-1
AoF08054.jpg,0,1,0.0124197,0.0,0.0,-1
AoF08055.jpg,0,1,0.00557183,0.0,0.0,-1
AoF08056.jpg,0,1,0.00876736,0.0,0.0,-1
AoF08057.jpg,0,1,0.00322266,0.0,0.0,-1
AoF08058.jpg,0,1,0.00234375,0.0,0.0,-1
AoF08059.jpg,0,1,0.00510417,0.0,0.0,-1
AoF08060.jpg,0,1,0.00462565,0.0,0.0,-1
AoF08061.jpg,0,1,0.00566406,0.0,0.0,-1
AoF08062.jpg,0,1,0.00203125,0.0,0.0,-1
AoF08063.jpg,0,1,0.00454319,0.0,0.0,-1
AoF08064.jpg,0,1,0.00246094,0.0,0.0,-1
AoF08065.jpg,0,1,0.01431424,0.0,0.0,-1
AoF08066.jpg,0,1,0.01869141,0.0,0.0,-1
AoF08067.jpg,0,0,0.00300781,0.0,0.0,-1
AoF08067.jpg,1,1,0.0109375,0.0,0.0,-1
AoF08067.jpg,2,1,0.00547526,0.162062,0.162062,1
AoF08068.jpg,0,1,0.01992188,0.0,0.0,-1
AoF08069.jpg,0,1,0.00044271,0.0,0.0,-1
AoF08070.jpg,0,1,0.00031359,0.0,0.0,-1
AoF08071.jpg,0,1,0.00197483,0.0,0.0,-1
AoF08072.jpg,0,1,0.00121528,0.0,0.0,-1
AoF08073.jpg,0,1,0.00045356,0.0,0.0,-1
AoF08074.jpg,0,1,0.00045356,0.0,0.0,-1
AoF08075.jpg,0,1,0.00729818,0.0,0.0,-1
AoF08076.jpg,0,1,0.00298611,0.0,0.0,-1
AoF08076.jpg,1,0,0.00168186,0.0,0.0,-1
AoF08077.jpg,0,1,0.01145508,0.0,0.0,-1
AoF08078.jpg,0,1,0.0030306,0.0,0.0,-1
AoF08079.jpg,0,1,0.00939453,0.0,0.0,-1
AoF08080.jpg,0,1,0.21649306,0.0,0.0,-1
AoF08081.jpg,0,1,0.00778863,0.0,0.0,-1
AoF08082.jpg,0,1,0.01795139,0.0,0.0,-1
AoF08083.jpg,0,1,0.00525716,0.0,0.0,-1
AoF08084.jpg,0,1,0.00332031,0.0,0.0,-1
AoF08085.jpg,0,1,0.00602214,0.0,0.0,-1
AoF08086.jpg,0,1,0.16277669,0.0,0.0,-1
AoF08087.jpg,0,1,0.07153646,0.0,0.0,-1
AoF08088.jpg,0,1,0.08099935,0.012035,0.012035,1
AoF08089.jpg,0,1,0.01397244,0.0,0.0,-1
AoF08090.jpg,0,1,0.00380859,0.0,0.0,-1
AoF08091.jpg,0,1,0.00190972,0.0,0.0,-1
AoF08092.jpg,0,1,0.00203993,0.0,0.0,-1
AoF08093.jpg,0,1,0.00595486,0.0,0.0,-1
AoF08094.jpg,0,1,0.01047309,0.0,0.0,-1
AoF08095.jpg,0,1,0.17840929,0.0,0.0,-1
AoF08096.jpg,0,1,0.00616753,0.0,0.0,-1
AoF08097.jpg,0,1,0.00351454,0.0,0.0,-1
AoF08098.jpg,0,1,0.00542535,0.0,0.0,-1
AoF08099.jpg,0,1,0.01204427,0.0,0.0,-1
AoF08100.jpg,0,1,0.00654514,0.0,0.0,-1
AoF08101.jpg,0,1,0.00052409,0.0,0.0,-1
AoF08102.jpg,0,1,0.01248698,0.0,0.0,-1
AoF08102.jpg,1,1,0.00053819,0.0,0.0,-1
AoF08103.jpg,0,1,0.09753255,0.0,0.0,-1
AoF08104.jpg,0,1,0.01554036,0.0,0.0,-1
AoF08105.jpg,0,1,0.02708442,0.0,0.0,-1
AoF08106.jpg,0,1,0.03460503,0.0,0.0,-1
AoF08107.jpg,0,1,0.04074219,0.0,0.0,-1
AoF08108.jpg,0,1,0.00060221,0.0,0.0,-1
AoF08109.jpg,0,1,0.00615234,0.0,0.0,-1
AoF08110.jpg,0,1,0.00813802,0.0,0.0,-1
AoF08111.jpg,0,1,0.00197917,0.0,0.0,-1
AoF08112.jpg,0,1,0.00078668,0.0,0.0,-1
AoF08113.jpg,0,1,0.10864583,0.31968,0.31968,1
AoF08114.jpg,0,1,0.00387587,0.113266,0.113266,1
AoF08114.jpg,1,1,0.00114366,0.0,0.0,-1
AoF08115.jpg,0,1,0.00053711,0.0,0.0,-1
AoF08116.jpg,0,1,0.00124783,0.0,0.0,-1
AoF08117.jpg,0,1,0.00075521,0.0,0.0,-1
AoF08118.jpg,0,1,0.00385417,0.0,0.0,-1
AoF08118.jpg,1,1,0.00125868,0.0,0.0,-1
AoF08119.jpg,0,1,0.00108507,0.0,0.0,-1
AoF08120.jpg,0,1,0.00043403,0.0,0.0,-1
AoF08121.jpg,0,1,0.00163303,0.0,0.0,-1
AoF08122.jpg,0,1,0.00409071,0.0,0.0,-1
AoF08123.jpg,0,1,0.00885417,0.0,0.0,-1
AoF08124.jpg,0,1,0.00744575,0.0,0.0,-1
AoF08125.jpg,0,1,0.01113281,0.0,0.0,-1
AoF08126.jpg,0,1,0.00110135,0.0,0.0,-1
AoF08127.jpg,0,1,0.02639431,0.0,0.0,-1
AoF08128.jpg,0,1,0.00117513,0.02244,0.02244,1
AoF08129.jpg,0,1,0.00112305,0.0,0.0,-1
AoF08130.jpg,0,1,0.0015625,0.0,0.0,-1
AoF08131.jpg,0,1,0.01326172,0.0,0.0,-1
AoF08132.jpg,0,1,0.00585395,0.0,0.0,-1
AoF08133.jpg,0,1,0.0046875,0.0,0.0,-1
AoF08134.jpg,0,1,0.00093424,0.0,0.0,-1
AoF08135.jpg,0,1,0.00148872,0.0,0.0,-1
AoF08136.jpg,0,1,0.00132921,0.0,0.0,-1
AoF08137.jpg,0,1,0.00119792,0.0,0.0,-1
AoF08138.jpg,0,1,0.00145833,0.0,0.0,-1
AoF08139.jpg,0,1,0.00317383,0.0,0.0,-1
AoF08140.jpg,0,1,0.00366862,0.0,0.0,-1
AoF08141.jpg,0,1,0.00526367,0.0,0.0,-1
AoF08142.jpg,0,1,0.00708767,0.0,0.0,-1
AoF08143.jpg,0,1,0.00132595,0.0,0.0,-1
AoF08144.jpg,0,1,0.00208767,0.0,0.0,-1
AoF08145.jpg,0,1,0.00098741,0.0,0.0,-1
AoF08146.jpg,0,1,0.0009375,0.0,0.0,-1
AoF08147.jpg,0,1,0.00255208,0.0,0.0,-1
AoF08148.jpg,0,1,0.1680652,0.0,0.0,-1
AoF08149.jpg,0,1,0.00058594,0.0,0.0,-1
AoF08150.jpg,0,1,0.00241211,0.0,0.0,-1
AoF08151.jpg,0,1,0.0026454,0.0,0.0,-1
AoF08152.jpg,0,1,0.00146484,0.0,0.0,-1
AoF08153.jpg,0,1,0.00080729,0.0,0.0,-1
AoF08154.jpg,0,1,0.00084961,0.0,0.0,-1
AoF08155.jpg,0,1,0.0008138,0.0,0.0,-1
AoF08156.jpg,0,1,0.03525391,0.250528,0.250528,1
AoF08157.jpg,0,1,0.0412424,0.200359,0.200359,1
AoF08158.jpg,0,1,0.00382813,0.0,0.0,-1
AoF08159.jpg,0,1,0.00220052,0.0,0.0,-1
AoF08160.jpg,0,1,0.0008138,0.0,0.0,-1
AoF08161.jpg,0,1,0.00086806,0.0,0.0,-1
AoF08162.jpg,0,1,0.00089518,0.0,0.0,-1
AoF08163.jpg,0,1,0.00566406,0.0,0.0,-1
AoF08164.jpg,0,1,0.00153971,0.0,0.0,-1
AoF08165.jpg,0,1,0.00495334,0.0,0.0,-1
AoF08166.jpg,0,1,0.00680339,0.0,0.0,-1
AoF08167.jpg,0,1,0.0040332,0.0,0.0,-1
AoF08168.jpg,0,1,0.00375,0.0,0.0,-1
AoF08169.jpg,0,1,0.15082465,0.0,0.0,-1
AoF08170.jpg,0,1,0.00200738,0.0,0.0,-1
AoF08171.jpg,0,1,0.00047852,0.0,0.0,-1
AoF08172.jpg,0,1,0.00117188,0.0,0.0,-1
AoF08173.jpg,0,1,0.00649414,0.0,0.0,-1
AoF08174.jpg,0,1,0.0099566,0.0,0.0,-1
AoF08175.jpg,0,1,0.00903863,0.0,0.0,-1
AoF08176.jpg,0,1,0.00152995,0.0,0.0,-1
AoF08177.jpg,0,1,0.00320964,0.0,0.0,-1
AoF08178.jpg,0,1,0.01467682,0.0,0.0,-1
AoF08179.jpg,0,1,0.00805556,0.0,0.0,-1
AoF08180.jpg,0,1,0.00129015,0.0,0.0,-1
AoF08181.jpg,0,1,0.00160156,0.0,0.0,-1
AoF08182.jpg,0,1,0.00352105,0.0,0.0,-1
AoF08183.jpg,0,1,0.00649414,0.0,0.0,-1
AoF08184.jpg,0,1,0.00272135,0.0,0.0,-1
AoF08185.jpg,0,1,0.00066081,0.0,0.0,-1
AoF08186.jpg,0,1,0.00119792,0.0,0.0,-1
AoF08187.jpg,0,1,0.00075195,0.0,0.0,-1
AoF08188.jpg,0,1,0.00198893,0.0,0.0,-1
AoF08189.jpg,0,1,0.0065918,0.0,0.0,-1
AoF08190.jpg,0,1,0.00720486,0.0,0.0,-1
AoF08191.jpg,0,0,0.00018229,0.0,0.0,-1
AoF08191.jpg,1,1,0.0009592,0.0,0.0,-1
AoF08192.jpg,0,1,0.00861328,0.0,0.0,-1
AoF08193.jpg,0,1,0.01160482,0.0,0.0,-1
AoF08194.jpg,0,1,0.00528971,0.0,0.0,-1
AoF08195.jpg,0,1,0.00572917,0.0,0.0,-1
AoF08196.jpg,0,1,0.00788628,0.0,0.0,-1
AoF08197.jpg,0,1,0.00254557,0.0,0.0,-1
AoF08198.jpg,0,1,0.00191298,0.0,0.0,-1
AoF08199.jpg,0,1,0.00224284,0.0,0.0,-1
AoF08200.jpg,0,1,0.00214627,0.0,0.0,-1
AoF08201.jpg,0,1,0.00186632,0.0,0.0,-1
AoF08202.jpg,0,1,0.00205078,0.0,0.0,-1
AoF08203.jpg,0,1,0.00223307,0.0,0.0,-1
AoF08204.jpg,0,1,0.00255208,0.0,0.0,-1
AoF08205.jpg,0,1,0.00260525,0.0,0.0,-1
AoF08206.jpg,0,1,0.04133358,0.0,0.0,-1
AoF08207.jpg,0,1,0.00136068,0.0,0.0,-1
AoF08208.jpg,0,1,0.00010742,0.0,0.0,-1
AoF08209.jpg,0,1,0.00040582,0.0,0.0,-1
AoF08210.jpg,0,1,0.00035048,0.0,0.0,-1
AoF08211.jpg,0,1,0.00114366,0.0,0.0,-1
AoF08212.jpg,0,1,0.00078668,0.0,0.0,-1
AoF08213.jpg,0,1,0.00198568,0.0,0.0,-1
AoF08214.jpg,0,1,0.00186632,0.0,0.0,-1
AoF08215.jpg,0,1,0.0021441,0.0,0.0,-1
AoF08216.jpg,0,1,0.00284614,0.0,0.0,-1
AoF08217.jpg,0,1,0.00134766,0.0,0.0,-1
AoF08218.jpg,0,1,0.00088542,0.0,0.0,-1
AoF08219.jpg,0,1,0.00082031,0.0,0.0,-1
AoF08220.jpg,0,1,0.00054253,0.0,0.0,-1
AoF08221.jpg,0,1,0.00121094,0.0,0.0,-1
AoF08222.jpg,0,1,0.00091146,0.0,0.0,-1
AoF08223.jpg,0,1,0.0038737,0.0,0.0,-1
AoF08224.jpg,0,1,0.01023438,0.0,0.0,-1
AoF08225.jpg,0,1,0.43158008,0.015591,0.015591,1
AoF08226.jpg,0,1,0.0046224,0.0,0.0,-1
AoF08227.jpg,0,1,0.00330946,0.0,0.0,-1
AoF08228.jpg,0,1,0.00356228,0.0,0.0,-1
AoF08229.jpg,0,1,0.00601997,0.0,0.0,-1
AoF08230.jpg,0,1,0.00254557,0.0,0.0,-1
AoF08231.jpg,0,1,0.00888671,0.01672,0.01672,1
AoF08232.jpg,0,1,0.09512036,0.0,0.0,-1
AoF08233.jpg,0,1,0.00939593,0.0,0.0,-1
AoF08234.jpg,0,1,0.35913005,0.0,0.0,-1
AoF08235.jpg,0,1,0.00888455,0.0,0.0,-1
AoF08236.jpg,0,1,0.00423828,0.0,0.0,-1
AoF08237.jpg,0,1,0.00676215,0.0,0.0,-1
AoF08238.jpg,0,1,0.00333659,0.0,0.0,-1
AoF08239.jpg,0,1,0.00570312,0.0,0.0,-1
AoF08240.jpg,0,1,0.00809679,0.0,0.0,-1
AoF08241.jpg,0,1,0.01664062,0.0,0.0,-1
AoF08242.jpg,0,1,0.01019206,0.0,0.0,-1
AoF08243.jpg,0,1,0.00173503,0.0,0.0,-1
AoF08244.jpg,0,1,0.19833333,0.694438,0.694438,1
AoF08245.jpg,0,1,0.00432943,0.0,0.0,-1
AoF08246.jpg,0,1,0.10030707,0.0,0.0,-1
AoF08246.jpg,1,1,0.14317491,0.0,0.0,-1
AoF08247.jpg,0,1,0.00989366,0.436105,0.436105,1
AoF08248.jpg,0,1,0.00896484,0.134818,0.134818,1
AoF08249.jpg,0,1,0.01888889,0.0,0.0,-1
AoF08250.jpg,0,1,0.34845703,0.0,0.0,-1
AoF08251.jpg,0,1,0.03919271,0.010815,0.010815,1
AoF08252.jpg,0,1,0.00329427,0.0,0.0,-1
AoF08253.jpg,0,1,0.27845052,0.0,0.0,-1
AoF08254.jpg,0,1,0.14273438,0.0,0.0,-1
AoF08255.jpg,0,1,0.01189453,0.0,0.0,-1
AoF08256.jpg,0,1,0.01118056,0.0,0.0,-1
AoF08257.jpg,0,1,0.00839301,0.0,0.0,-1
AoF08258.jpg,0,1,0.01365017,0.0,0.0,-1
AoF08259.jpg,0,1,0.00456706,0.0,0.0,-1
AoF08260.jpg,0,1,0.00291667,0.0,0.0,-1
AoF08261.jpg,0,1,0.00554688,0.0,0.0,-1
AoF08262.jpg,0,1,0.03083767,0.0,0.0,-1
AoF08263.jpg,0,1,0.00942925,0.0,0.0,-1
AoF08264.jpg,0,1,0.00937391,0.0,0.0,-1
AoF08265.jpg,0,1,0.00143229,0.0,0.0,-1
AoF08266.jpg,0,1,0.00167101,0.0,0.0,-1
AoF08267.jpg,0,1,0.01267795,0.0,0.0,-1
AoF08268.jpg,0,1,0.00173503,0.0,0.0,-1
AoF08269.jpg,0,1,0.01485352,0.0,0.0,-1
AoF08271.jpg,0,1,0.01010417,0.0,0.0,-1
AoF08272.jpg,0,1,0.00958008,0.0,0.0,-1
AoF08274.jpg,0,1,0.00265625,0.0,0.0,-1
AoF08275.jpg,0,1,0.05382921,0.0,0.0,-1
AoF08275.jpg,1,1,0.03599609,0.0,0.0,-1
AoF08276.jpg,0,1,0.04866536,0.0,0.0,-1
AoF08276.jpg,1,1,0.03575955,0.0,0.0,-1
AoF08277.jpg,0,1,0.00369141,0.0,0.0,-1
AoF08277.jpg,1,1,0.00692708,0.0,0.0,-1
AoF08278.jpg,0,1,0.00173177,0.0,0.0,-1
AoF08278.jpg,1,1,0.00148112,0.0,0.0,-1
AoF08279.jpg,0,1,0.00146701,0.0,0.0,-1
AoF08280.jpg,0,1,0.00919596,0.0,0.0,-1
AoF08281.jpg,0,1,0.00850586,0.0,0.0,-1
AoF08282.jpg,0,1,0.0035319,0.0,0.0,-1
AoF08283.jpg,0,1,0.00616753,0.0,0.0,-1
AoF08284.jpg,0,1,0.00528646,0.0,0.0,-1
AoF08285.jpg,0,1,0.01062934,0.0,0.0,-1
AoF08286.jpg,0,1,0.00636393,0.0,0.0,-1
AoF08287.jpg,0,1,0.00184028,0.0,0.0,-1
AoF08288.jpg,0,1,0.00229167,0.0,0.0,-1
AoF08289.jpg,0,1,0.00324219,0.0,0.0,-1
AoF08290.jpg,0,1,0.0015191,0.0,0.0,-1
AoF08291.jpg,0,1,0.00950846,0.0,0.0,-1
AoF08292.jpg,0,1,0.0178125,0.0,0.0,-1
AoF08293.jpg,0,1,0.01718316,0.0,0.0,-1
AoF08294.jpg,0,1,0.00276693,0.0,0.0,-1
AoF08295.jpg,0,1,0.00113932,0.0,0.0,-1
AoF08295.jpg,1,1,0.00037109,0.0,0.0,-1
AoF08296.jpg,0,1,0.00055664,0.0,0.0,-1
AoF08296.jpg,1,1,0.00125,0.0,0.0,-1
AoF08297.jpg,0,1,0.00362305,0.0,0.0,-1
AoF08298.jpg,0,1,0.00183594,0.0,0.0,-1
AoF08299.jpg,0,1,0.01350477,0.224916,0.224916,1
AoF08300.jpg,0,1,0.00905924,0.0,0.0,-1
AoF08301.jpg,0,1,0.00284722,0.0,0.0,-1
AoF08302.jpg,0,1,0.00196289,0.0,0.0,-1
AoF08303.jpg,0,1,0.01609701,0.0,0.0,-1
AoF08304.jpg,0,1,0.00201389,0.0,0.0,-1
AoF08305.jpg,0,1,0.00239692,0.0,0.0,-1
AoF08306.jpg,0,1,0.00303819,0.0,0.0,-1
AoF08307.jpg,0,1,0.00107639,0.0,0.0,-1
AoF08308.jpg,0,1,0.00971571,0.0,0.0,-1
AoF08309.jpg,0,1,0.00916667,0.0,0.0,-1
AoF08310.jpg,0,1,0.00668077,0.0,0.0,-1
AoF08311.jpg,0,1,0.01125651,0.0,0.0,-1
AoF08312.jpg,0,1,0.00129123,0.0,0.0,-1
AoF08313.jpg,0,1,0.00195095,0.0,0.0,-1
AoF08314.jpg,0,1,0.00317166,0.0,0.0,-1
AoF08314.jpg,1,1,0.00046875,0.0,0.0,-1
AoF08315.jpg,0,1,0.00182292,0.0,0.0,-1
AoF08315.jpg,1,1,0.00244683,0.0,0.0,-1
AoF08316.jpg,0,1,0.00161133,0.0,0.0,-1
AoF08317.jpg,0,1,0.00555013,0.0,0.0,-1
AoF08318.jpg,0,1,0.00743056,0.0,0.0,-1
AoF08319.jpg,0,1,0.00102539,0.0,0.0,-1
AoF08320.jpg,0,1,0.00111328,0.0,0.0,-1
AoF08321.jpg,0,1,0.00239258,0.0,0.0,-1
AoF08322.jpg,0,1,0.00131185,0.0,0.0,-1
AoF08323.jpg,0,1,0.00084961,0.0,0.0,-1
AoF08324.jpg,0,1,0.00211589,0.0,0.0,-1
AoF08325.jpg,0,1,0.00875,0.0,0.0,-1
AoF08326.jpg,0,1,0.00272461,0.0,0.0,-1
AoF08327.jpg,0,1,0.0066135,0.0,0.0,-1
AoF08328.jpg,0,1,0.00173177,0.0,0.0,-1
AoF08329.jpg,0,1,0.00170898,0.0,0.0,-1
AoF08330.jpg,0,1,0.0019553,0.0,0.0,-1
AoF08331.jpg,0,1,0.01592122,0.0,0.0,-1
AoF08332.jpg,0,1,0.00184679,0.0,0.0,-1
AoF08333.jpg,0,1,0.00157335,0.0,0.0,-1
AoF08334.jpg,0,1,0.00429688,0.0,0.0,-1
AoF08335.jpg,0,1,0.00127821,0.0,0.0,-1
AoF08336.jpg,0,1,0.00230469,0.0,0.0,-1
AoF08337.jpg,0,1,0.01364258,0.0,0.0,-1
AoF08338.jpg,0,1,0.00494141,0.0,0.0,-1
AoF08339.jpg,0,1,0.0024349,0.0,0.0,-1
AoF08340.jpg,0,1,0.00356988,0.0,0.0,-1
AoF08341.jpg,0,1,0.0019043,0.0,0.0,-1
AoF08342.jpg,0,1,0.00408312,0.0,0.0,-1
AoF08343.jpg,0,1,0.01020942,0.0,0.0,-1
AoF08344.jpg,0,1,0.00113932,0.0,0.0,-1
AoF08345.jpg,0,1,0.00557183,0.0,0.0,-1
AoF08346.jpg,0,1,0.00701823,0.0,0.0,-1
AoF08347.jpg,0,1,0.00656684,0.0,0.0,-1
AoF08348.jpg,0,1,0.0065842,0.0,0.0,-1
AoF08348.jpg,1,1,0.0,0.0,0.0,-1
AoF08349.jpg,0,1,0.00486545,0.0,0.0,-1
AoF08350.jpg,0,1,0.00444336,0.0,0.0,-1
AoF08352.jpg,0,1,0.00199219,0.0,0.0,-1
AoF08353.jpg,0,1,0.00238715,0.0,0.0,-1
AoF08354.jpg,0,1,0.00166775,0.0,0.0,-1
AoF08355.jpg,0,1,0.00107422,0.0,0.0,-1
AoF08356.jpg,0,1,0.01651693,0.114563,0.114563,1
AoF08357.jpg,0,1,0.00270291,0.0,0.0,-1
AoF08358.jpg,0,1,0.00730686,0.0,0.0,-1
AoF08359.jpg,0,1,0.04102865,0.0,0.0,-1
AoF08360.jpg,0,1,0.00947483,0.0,0.0,-1
AoF08361.jpg,0,1,0.0408572,0.0,0.0,-1
AoF08362.jpg,0,1,0.00839844,0.0,0.0,-1
AoF08363.jpg,0,1,0.02444987,0.0,0.0,-1
AoF08364.jpg,0,1,0.01673503,0.0,0.0,-1
AoF08365.jpg,0,1,0.01015625,0.0,0.0,-1
AoF08366.jpg,0,1,0.01819227,0.0,0.0,-1
AoF08367.jpg,0,1,0.00114583,0.0,0.0,-1
AoF08368.jpg,0,1,0.00249023,0.0,0.0,-1
AoF08369.jpg,0,1,0.00149197,0.0,0.0,-1
AoF08370.jpg,0,1,0.03417969,0.0,0.0,-1
AoF08371.jpg,0,1,0.0009375,0.0,0.0,-1
AoF08372.jpg,0,1,0.01311849,0.0,0.0,-1
AoF08373.jpg,0,1,0.01698785,0.0,0.0,-1
AoF08374.jpg,0,1,0.04781793,0.0,0.0,-1
AoF08375.jpg,0,1,0.00253038,0.0,0.0,-1
AoF08376.jpg,0,1,0.00540365,0.0,0.0,-1
AoF08377.jpg,0,1,0.01391819,0.031683,0.031683,1
AoF08378.jpg,0,1,0.00368924,0.0,0.0,-1
AoF08379.jpg,0,1,0.01076172,0.0,0.0,-1
AoF08380.jpg,0,1,0.01794596,0.0,0.0,-1
AoF08381.jpg,0,1,0.00124783,0.0,0.0,-1
AoF08382.jpg,0,1,0.00066406,0.0,0.0,-1
AoF08383.jpg,0,1,0.0008865,0.0,0.0,-1
PublicDataset01055.jpg,0,0,0.0415625,0.41508,0.41508,0
PublicDataset01056.jpg,0,0,0.04784288,0.0,0.0,-1
PublicDataset01057.jpg,0,0,0.06206597,0.012438,0.0,1
PublicDataset01058.jpg,0,0,0.0384375,0.0822,0.0822,0
PublicDataset01059.jpg,0,0,0.04549045,0.0,0.0,-1
PublicDataset01060.jpg,0,0,0.00069959,0.0,0.0,-1
PublicDataset01061.jpg,0,0,0.00092593,0.721308,0.721308,0
PublicDataset01062.jpg,0,0,0.00033951,0.606332,0.606332,0
PublicDataset01063.jpg,0,0,0.0012963,0.269003,0.269003,0
PublicDataset01064.jpg,0,0,0.00111111,0.05548,0.05548,0
PublicDataset01065.jpg,0,0,0.00097737,0.337603,0.337603,0
PublicDataset01066.jpg,0,0,0.00098765,0.124937,0.124937,0
PublicDataset01067.jpg,0,0,0.00101852,0.714609,0.714609,0
PublicDataset01068.jpg,0,0,0.00055556,0.384346,0.384346,0
PublicDataset01069.jpg,0,0,0.00135802,0.0,0.0,-1
PublicDataset01070.jpg,0,0,0.00148438,0.0,0.0,-1
PublicDataset01070.jpg,1,0,0.00725694,0.0,0.0,-1
PublicDataset01070.jpg,2,0,0.02951389,0.386761,0.386761,0
PublicDataset01071.jpg,0,0,0.07644531,0.0,0.0,-1
PublicDataset01071.jpg,1,0,0.01085503,0.0,0.0,-1
PublicDataset01072.jpg,0,0,0.06123457,0.877731,0.877731,0
PublicDataset01073.jpg,0,0,0.05617284,0.837446,0.837446,0
PublicDataset01074.jpg,0,0,0.04415638,0.165105,0.165105,0
PublicDataset01074.jpg,1,0,0.00720165,0.0,0.0,-1
PublicDataset01075.jpg,0,0,0.00244342,0.715803,0.715803,0
PublicDataset01075.jpg,1,0,0.00177469,0.0,0.0,-1
PublicDataset01075.jpg,2,1,0.505,0.0,0.0,-1
PublicDataset01076.jpg,0,0,0.0012037,0.224706,0.224706,0
PublicDataset01076.jpg,1,1,0.0116956,0.0,0.0,-1
PublicDataset01077.jpg,0,1,0.01018519,0.107041,0.107041,1
PublicDataset01077.jpg,1,0,0.00108218,0.109881,0.109881,0
PublicDataset01078.jpg,0,1,0.00970486,0.564467,0.0,0
PublicDataset01079.jpg,0,0,0.00092593,0.0,0.0,-1
PublicDataset01080.jpg,0,0,0.00057613,0.0,0.0,-1
PublicDataset01081.jpg,0,0,0.00057613,0.0,0.0,-1
PublicDataset01082.jpg,0,0,0.00092593,0.126363,0.126363,0
PublicDataset01083.jpg,0,0,0.00069444,0.0,0.0,-1
PublicDataset01084.jpg,0,0,0.00507202,0.0,0.0,-1
PublicDataset01084.jpg,1,1,0.02291667,0.0,0.0,-1
PublicDataset01085.jpg,0,0,0.00133745,0.590605,0.590605,0
PublicDataset01085.jpg,1,1,0.04238683,0.0,0.0,-1
PublicDataset01086.jpg,0,0,0.00157407,0.0,0.0,-1
PublicDataset01087.jpg,0,0,0.0151749,0.0,0.0,-1
PublicDataset01087.jpg,1,1,0.33527778,0.479033,0.479033,1
PublicDataset01088.jpg,0,0,0.0031893,0.748148,0.748148,0
PublicDataset01088.jpg,1,1,0.31213992,0.045132,0.045132,1
PublicDataset01088.jpg,2,0,0.00075617,0.0,0.0,-1
PublicDataset01088.jpg,3,0,0.00087963,0.0,0.0,-1
PublicDataset01089.jpg,0,0,0.00358539,0.0,0.0,-1
PublicDataset01089.jpg,1,0,0.0025,0.0,0.0,-1
PublicDataset01089.jpg,2,1,0.27623457,0.0,0.0,-1
PublicDataset01090.jpg,0,0,0.00419753,0.0,0.0,-1
PublicDataset01090.jpg,1,0,0.00072016,0.014644,0.014644,0
PublicDataset01090.jpg,2,1,0.25259259,0.0,0.0,-1
PublicDataset01091.jpg,0,0,0.00893004,0.0,0.0,-1
PublicDataset01091.jpg,1,0,0.00090535,0.0,0.0,-1
PublicDataset01091.jpg,2,1,0.11322531,0.0,0.0,-1
PublicDataset01092.jpg,0,0,0.00503472,0.0,0.0,-1
PublicDataset01092.jpg,1,0,0.00593171,0.242802,0.242802,0
PublicDataset01092.jpg,2,1,0.24894676,0.0,0.0,-1
PublicDataset01093.jpg,0,0,0.0059375,0.0,0.0,-1
PublicDataset01093.jpg,1,0,0.00665509,0.793318,0.793318,0
PublicDataset01093.jpg,2,1,0.03723958,0.0,0.0,-1
PublicDataset01094.jpg,0,1,0.06595486,0.021674,0.021674,1
PublicDataset01095.jpg,0,1,0.13675926,0.0,0.0,-1
PublicDataset01096.jpg,0,1,0.31638889,0.8038,0.8038,1
PublicDataset01097.jpg,0,1,0.42056713,0.678248,0.678248,1
PublicDataset01098.jpg,0,1,0.36998264,0.43025,0.43025,1
PublicDataset01099.jpg,0,1,0.37132523,0.64903,0.64903,1
PublicDataset01100.jpg,0,1,0.38831019,0.0,0.0,-1
PublicDataset01101.jpg,0,1,0.02747106,0.017358,0.017358,1
PublicDataset01102.jpg,0,1,0.02145833,0.0,0.0,-1
PublicDataset01103.jpg,0,1,0.28092593,0.730435,0.730435,1
PublicDataset01104.jpg,0,1,0.23414352,0.656097,0.656097,1
PublicDataset01105.jpg,0,1,0.1956713,0.578887,0.578887,1
PublicDataset01106.jpg,0,1,0.17516204,0.011045,0.011045,1
PublicDataset01107.jpg,0,1,0.18161458,0.49788,0.49788,1
PublicDataset01108.jpg,0,1,0.17759259,0.023023,0.023023,1
PublicDataset01109.jpg,0,1,0.01083333,0.0,0.0,-1
PublicDataset01110.jpg,0,1,0.20824074,0.0,0.0,-1
PublicDataset01111.jpg,0,1,0.07592593,0.0,0.0,-1
PublicDataset01112.jpg,0,1,0.25980903,0.0,0.0,-1
PublicDataset01113.jpg,0,1,0.28842593,0.0,0.0,-1
PublicDataset01114.jpg,0,1,0.29538194,0.0,0.0,-1
PublicDataset01115.jpg,0,1,0.33769676,0.0,0.0,-1
PublicDataset01116.jpg,0,1,0.00981481,0.0,0.0,-1
PublicDataset01117.jpg,0,1,0.01481481,0.023441,0.023441,1
PublicDataset01118.jpg,0,1,0.0690625,0.148112,0.148112,1
PublicDataset01119.jpg,0,1,0.11056713,0.0,0.0,-1
PublicDataset01120.jpg,0,1,0.19006944,0.0,0.0,-1
PublicDataset01121.jpg,0,1,0.00917824,0.0,0.0,-1
PublicDataset01122.jpg,0,1,0.14587384,0.0,0.0,-1
PublicDataset01123.jpg,0,1,0.05648148,0.0,0.0,-1
PublicDataset01124.jpg,0,1,0.03151042,0.0,0.0,-1
PublicDataset01125.jpg,0,1,0.00708333,0.0,0.0,-1
PublicDataset01126.jpg,0,1,0.18221065,0.856428,0.856428,1
PublicDataset01127.jpg,0,1,0.17119792,0.870833,0.870833,1
PublicDataset01128.jpg,0,1,0.21734954,0.876798,0.876798,1
PublicDataset01129.jpg,0,1,0.32306134,0.111489,0.111489,1
PublicDataset01130.jpg,0,1,0.0284375,0.0,0.0,-1
PublicDataset01131.jpg,0,1,0.02548032,0.0,0.0,-1
PublicDataset01132.jpg,0,1,0.03259259,0.0,0.0,-1
PublicDataset01133.jpg,0,1,0.01542824,0.0,0.0,-1
PublicDataset01134.jpg,0,1,0.05138889,0.0,0.0,-1
PublicDataset01135.jpg,0,1,0.09189236,0.0,0.0,-1
PublicDataset01136.jpg,0,1,0.658125,0.0,0.0,-1
PublicDataset01137.jpg,0,1,0.53854167,0.0,0.0,-1
PublicDataset01138.jpg,0,1,0.1168287,0.0,0.0,-1
PublicDataset01139.jpg,0,1,0.01020833,0.0,0.0,-1
PublicDataset01140.jpg,0,1,0.44070023,0.722405,0.722405,1
PublicDataset01141.jpg,0,1,0.8602662,0.0,0.0,-1
PublicDataset01142.jpg,0,1,0.08206597,0.0,0.0,-1
PublicDataset01143.jpg,0,1,0.00666667,0.0,0.0,-1
PublicDataset01144.jpg,0,1,0.02971644,0.0,0.0,-1
PublicDataset01145.jpg,0,1,0.01628472,0.0,0.0,-1
PublicDataset01146.jpg,0,1,0.05844907,0.0,0.0,-1
PublicDataset01147.jpg,0,1,0.04310185,0.0,0.0,-1
PublicDataset01148.jpg,0,1,0.00555556,0.0,0.0,-1
PublicDataset01149.jpg,0,1,0.33402778,0.211553,0.211553,1
PublicDataset01150.jpg,0,1,0.09060185,0.0,0.0,-1
PublicDataset01151.jpg,0,1,0.0678125,0.0,0.0,-1
PublicDataset01152.jpg,0,1,0.06726273,0.0,0.0,-1
PublicDataset01153.jpg,0,1,0.07703125,0.0,0.0,-1
PublicDataset01154.jpg,0,1,0.01111111,0.084041,0.084041,1
PublicDataset01155.jpg,0,1,0.00729167,0.0,0.0,-1
PublicDataset01156.jpg,0,1,0.26652778,0.282142,0.282142,1
PublicDataset01157.jpg,0,1,0.01981481,0.0,0.0,-1
PublicDataset01157.jpg,1,1,0.14583333,0.0,0.0,-1
PublicDataset01158.jpg,0,1,0.01446759,0.0,0.0,-1
PublicDataset01159.jpg,0,1,0.00341435,0.0,0.0,-1
PublicDataset01160.jpg,0,1,0.00391204,0.0,0.0,-1
PublicDataset01161.jpg,0,1,0.00477431,0.0,0.0,-1
PublicDataset01162.jpg,0,1,0.03046296,0.200236,0.200236,1
PublicDataset01163.jpg,0,1,0.00636574,0.0,0.0,-1
PublicDataset01164.jpg,0,1,0.005,0.0,0.0,-1
PublicDataset01165.jpg,0,0,0.00842593,0.019719,0.0,1
PublicDataset01165.jpg,1,1,0.00520576,0.0,0.0,-1
PublicDataset01166.jpg,0,0,0.00490741,0.0,0.0,-1
PublicDataset01166.jpg,1,1,0.01864198,0.0,0.0,-1
PublicDataset01167.jpg,0,1,0.00454733,0.0,0.0,-1
PublicDataset01167.jpg,1,0,0.00707305,0.0,0.0,-1
PublicDataset01167.jpg,2,1,0.02444444,0.0,0.0,-1
PublicDataset01168.jpg,0,1,0.00239198,0.0,0.0,-1
PublicDataset01169.jpg,0,1,0.00709877,0.0,0.0,-1
PublicDataset01170.jpg,0,1,0.27019097,0.0,0.0,-1
PublicDataset01171.jpg,0,1,0.32880208,0.0,0.0,-1
PublicDataset01172.jpg,0,1,0.30118924,0.0,0.0,-1
PublicDataset01173.jpg,0,1,0.34646701,0.0,0.0,-1
PublicDataset01174.jpg,0,1,0.40082031,0.0,0.0,-1
PublicDataset01175.jpg,0,1,0.28614583,0.0,0.0,-1
PublicDataset01176.jpg,0,1,0.25947917,0.0,0.0,-1
PublicDataset01177.jpg,0,1,0.30097656,0.0,0.0,-1
PublicDataset01178.jpg,0,1,0.26960937,0.0,0.0,-1
PublicDataset01179.jpg,0,1,0.2384375,0.0,0.0,-1
PublicDataset01180.jpg,0,1,0.23472222,0.0,0.0,-1
PublicDataset01181.jpg,0,1,0.24939236,0.0,0.0,-1
PublicDataset01181.jpg,1,1,0.00777778,0.0,0.0,-1
PublicDataset01182.jpg,0,1,0.19626736,0.0,0.0,-1
PublicDataset01183.jpg,0,1,0.22201823,0.0,0.0,-1
PublicDataset01184.jpg,0,1,0.27959635,0.0,0.0,-1
PublicDataset01185.jpg,0,1,0.22445313,0.0,0.0,-1
PublicDataset01186.jpg,0,1,0.57098524,0.0,0.0,-1
PublicDataset01187.jpg,0,1,0.63085938,0.0,0.0,-1
PublicDataset01188.jpg,0,1,0.57987847,0.0,0.0,-1
PublicDataset01189.jpg,0,1,0.47832031,0.061363,0.061363,1
PublicDataset01190.jpg,0,1,0.01813786,0.0,0.0,-1
PublicDataset01191.jpg,0,1,0.03825103,0.0,0.0,-1
PublicDataset01192.jpg,0,1,0.21475309,0.032614,0.032614,1
PublicDataset01193.jpg,0,1,0.14171811,0.0,0.0,-1
PublicDataset01194.jpg,0,1,0.34106996,0.0,0.0,-1
PublicDataset01195.jpg,0,1,0.72496094,0.73693,0.73693,1
PublicDataset01196.jpg,0,1,0.74256944,0.15214,0.15214,1
PublicDataset01197.jpg,0,1,0.73945313,0.119236,0.119236,1
PublicDataset01198.jpg,0,1,0.55421007,0.229347,0.229347,1
PublicDataset01199.jpg,0,1,0.61848958,0.0,0.0,-1
PublicDataset01200.jpg,0,1,0.55164063,0.013128,0.013128,1
PublicDataset01201.jpg,0,1,0.34717448,0.036806,0.036806,1
PublicDataset01202.jpg,0,1,0.65436632,0.611444,0.611444,1
PublicDataset01203.jpg,0,1,0.625625,0.824672,0.824672,1
PublicDataset01204.jpg,0,1,0.75862413,0.105784,0.105784,1
PublicDataset01205.jpg,0,1,0.72072917,0.100864,0.100864,1
PublicDataset01206.jpg,0,1,0.70546875,0.707681,0.707681,1
PublicDataset01207.jpg,0,1,0.68934896,0.0,0.0,-1
PublicDataset01208.jpg,0,1,0.71000868,0.87101,0.87101,1
PublicDataset01209.jpg,0,1,0.68730469,0.722512,0.722512,1
PublicDataset01210.jpg,0,1,0.69444444,0.0,0.0,-1
PublicDataset01211.jpg,0,1,0.69563368,0.0,0.0,-1
PublicDataset01212.jpg,0,1,0.68796875,0.0,0.0,-1
PublicDataset01213.jpg,0,1,0.52463992,0.0,0.0,-1
PublicDataset01214.jpg,0,1,0.67680556,0.0,0.0,-1
PublicDataset01215.jpg,0,1,0.03550926,0.252894,0.252894,1
PublicDataset01216.jpg,0,1,0.17440329,0.0,0.0,-1
PublicDataset01217.jpg,0,1,0.18132716,0.30967,0.30967,1
PublicDataset01217.jpg,1,0,0.00101852,0.0,0.0,-1
PublicDataset01218.jpg,0,1,0.18729938,0.782232,0.782232,1
PublicDataset01219.jpg,0,1,0.19802984,0.0,0.0,-1
PublicDataset01220.jpg,0,1,0.2125,0.0,0.0,-1
PublicDataset01221.jpg,0,1,0.30981481,0.037363,0.037363,1
PublicDataset01222.jpg,0,1,0.00515947,0.0,0.0,-1
PublicDataset01223.jpg,0,1,0.03559671,0.0,0.0,-1
PublicDataset01224.jpg,0,1,0.00308642,0.0,0.0,-1
PublicDataset01225.jpg,0,1,0.06731771,0.0,0.0,-1
PublicDataset01225.jpg,1,1,0.163125,0.222404,0.222404,1
PublicDataset01225.jpg,2,0,0.00039063,0.0,0.0,-1
PublicDataset01225.jpg,3,1,0.03643663,0.0,0.0,-1
PublicDataset01226.jpg,0,1,0.00186198,0.0,0.0,-1
PublicDataset01227.jpg,0,1,0.10231481,0.0,0.0,-1
PublicDataset01228.jpg,0,1,0.01069444,0.0,0.0,-1
PublicDataset01229.jpg,0,1,0.08479167,0.0,0.0,-1
PublicDataset01230.jpg,0,1,0.0356713,0.0,0.0,-1
PublicDataset01231.jpg,0,1,0.0375,0.0,0.0,-1
PublicDataset01232.jpg,0,1,0.056875,0.0,0.0,-1
PublicDataset01233.jpg,0,1,0.15283565,0.0,0.0,-1
PublicDataset01234.jpg,0,1,0.07696759,0.021995,0.021995,1
PublicDataset01234.jpg,1,1,0.00402778,0.0,0.0,-1
PublicDataset01235.jpg,0,1,0.23407407,0.618666,0.618666,1
PublicDataset01236.jpg,0,1,0.31070312,0.588094,0.588094,1
PublicDataset01237.jpg,0,1,0.27845486,0.656003,0.656003,1
PublicDataset01238.jpg,0,1,0.42885417,0.837332,0.837332,1
PublicDataset01239.jpg,0,1,0.42756944,0.893104,0.893104,1
PublicDataset01239.jpg,1,0,0.00047743,0.0,0.0,-1
PublicDataset01240.jpg,0,1,0.42361545,0.796295,0.796295,1
PublicDataset01241.jpg,0,1,0.43584635,0.864733,0.864733,1
PublicDataset01241.jpg,1,0,0.00052083,0.0,0.0,-1
PublicDataset01242.jpg,0,1,0.4571875,0.888874,0.888874,1
PublicDataset01242.jpg,1,0,0.00114583,0.0,0.0,-1
PublicDataset01243.jpg,0,1,0.45653212,0.875344,0.875344,1
PublicDataset01244.jpg,0,1,0.44037326,0.917304,0.917304,1
PublicDataset01245.jpg,0,1,0.04900463,0.0,0.0,-1
PublicDataset01246.jpg,0,1,0.0415625,0.0,0.0,-1
PublicDataset01247.jpg,0,1,0.05156829,0.0,0.0,-1
PublicDataset01248.jpg,0,1,0.03431134,0.0,0.0,-1
PublicDataset01249.jpg,0,1,0.03791667,0.0,0.0,-1
PublicDataset01250.jpg,0,1,0.0369213,0.0,0.0,-1
PublicDataset01251.jpg,0,1,0.56925926,0.0,0.0,-1
PublicDataset01252.jpg,0,1,0.57684028,0.0,0.0,-1
PublicDataset01253.jpg,0,1,0.13520833,0.0,0.0,-1
PublicDataset01254.jpg,0,1,0.21997685,0.0,0.0,-1
PublicDataset01255.jpg,0,1,0.02036458,0.0,0.0,-1
PublicDataset01256.jpg,0,1,0.33460648,0.0,0.0,-1
PublicDataset01257.jpg,0,1,0.37050781,0.153088,0.153088,1
PublicDataset01258.jpg,0,1,0.23059896,0.641348,0.641348,1
PublicDataset01259.jpg,0,1,0.50679688,0.798692,0.798692,1
PublicDataset01260.jpg,0,1,0.00366271,0.0,0.0,-1
PublicDataset01261.jpg,0,1,0.00247155,0.0,0.0,-1
PublicDataset01262.jpg,0,1,0.00818625,0.224437,0.224437,1
PublicDataset01263.jpg,0,1,0.00921586,0.12879,0.12879,1
PublicDataset01264.jpg,0,1,0.01448206,0.0,0.0,-1
PublicDataset01265.jpg,0,1,0.00376157,0.025726,0.025726,1
PublicDataset01266.jpg,0,1,0.00214844,0.0,0.0,-1
PublicDataset01267.jpg,0,1,0.01017072,0.0,0.0,-1
PublicDataset01268.jpg,0,1,0.00945216,0.0,0.0,-1
PublicDataset01269.jpg,0,1,0.00061487,0.0,0.0,-1
PublicDataset01270.jpg,0,1,0.00142024,0.0,0.0,-1
PublicDataset01271.jpg,0,1,0.00180845,0.0,0.0,-1
PublicDataset01272.jpg,0,1,0.00223765,0.0,0.0,-1
PublicDataset01273.jpg,0,1,0.00302373,0.0,0.0,-1
PublicDataset01274.jpg,0,1,0.00362305,0.0,0.0,-1
PublicDataset01275.jpg,0,1,0.43545817,0.364037,0.364037,1
PublicDataset01276.jpg,0,1,0.58285156,0.848518,0.848518,1
PublicDataset01276.jpg,1,0,0.00013753,0.0,0.0,-1
PublicDataset01277.jpg,0,1,0.30071615,0.857008,0.857008,1
PublicDataset01278.jpg,0,1,0.08795329,0.0,0.0,-1
PublicDataset01278.jpg,1,1,0.13987956,0.0,0.0,-1
PublicDataset01279.jpg,0,1,0.16978333,0.708212,0.708212,1
PublicDataset01280.jpg,0,1,0.46972656,0.850734,0.850734,1
PublicDataset01280.jpg,1,0,7.406e-05,0.0,0.0,-1
PublicDataset01281.jpg,0,1,0.10040625,0.823268,0.823268,1
PublicDataset01282.jpg,0,1,0.11635313,0.848681,0.848681,1
PublicDataset01283.jpg,0,1,0.05948906,0.419059,0.419059,1
PublicDataset01284.jpg,0,1,0.06771563,0.162975,0.162975,1
PublicDataset01285.jpg,0,1,0.21622913,0.0,0.0,-1
PublicDataset01317.jpg,0,0,0.04470087,0.819915,0.819915,0
PublicDataset01317.jpg,1,0,0.14016807,0.0,0.0,-1
PublicDataset01317.jpg,2,0,0.04630628,0.0,0.0,-1
PublicDataset01318.jpg,0,0,0.22958501,0.0,0.0,-1
PublicDataset01318.jpg,1,1,0.15346436,0.712403,0.712403,1
PublicDataset01319.jpg,0,0,0.08787326,0.913511,0.913511,0
PublicDataset01319.jpg,1,0,0.29192708,0.886807,0.886807,0
PublicDataset01320.jpg,0,0,0.03484959,0.800645,0.800645,0
PublicDataset01320.jpg,1,0,0.06559214,0.929431,0.929431,0
PublicDataset01320.jpg,2,0,0.0838493,0.112664,0.112664,0
PublicDataset01320.jpg,3,1,0.5747335,0.0,0.0,-1
PublicDataset01321.jpg,0,1,0.28435568,0.352024,0.352024,1
PublicDataset01321.jpg,1,1,0.21612897,0.698158,0.698158,1
PublicDataset01321.jpg,2,0,0.14983174,0.887903,0.887903,0
PublicDataset01322.jpg,0,0,0.12732174,0.901388,0.901388,0
PublicDataset01322.jpg,1,0,0.0375,0.865168,0.865168,0
PublicDataset01322.jpg,2,1,0.52370525,0.076244,0.076244,1
PublicDataset01323.jpg,0,0,0.46985035,0.0,0.0,-1
PublicDataset01323.jpg,1,0,0.03962735,0.0,0.0,-1
PublicDataset01323.jpg,2,0,0.00292694,0.0,0.0,-1
PublicDataset01323.jpg,3,1,0.47363556,0.0,0.0,-1
PublicDataset01324.jpg,0,1,0.20261777,0.770428,0.770428,1
PublicDataset01324.jpg,1,0,0.05566573,0.0,0.0,-1
PublicDataset01324.jpg,2,0,0.37136929,0.035193,0.035193,0
PublicDataset01325.jpg,0,0,0.00473206,0.0,0.0,-1
PublicDataset01325.jpg,1,0,0.00952802,0.0,0.0,-1
PublicDataset01325.jpg,2,0,0.00173058,0.0,0.0,-1
PublicDataset01325.jpg,3,0,0.00300393,0.0,0.0,-1
PublicDataset01325.jpg,4,0,0.00756637,0.0,0.0,-1
PublicDataset01325.jpg,5,1,0.72846116,0.829578,0.829578,1
PublicDataset01326.jpg,0,0,0.07384795,0.898261,0.898261,0
PublicDataset01327.jpg,0,0,0.05847729,0.862943,0.862943,0
PublicDataset01327.jpg,1,0,0.00316941,0.0,0.0,-1
PublicDataset01327.jpg,2,0,0.11033714,0.057868,0.057868,0
PublicDataset01327.jpg,3,0,0.01033714,0.794613,0.794613,0
PublicDataset01327.jpg,4,0,0.17620507,0.928737,0.928737,0
PublicDataset01328.jpg,0,0,0.31493925,0.459024,0.459024,0
PublicDataset01328.jpg,1,0,0.0060296,0.441752,0.441752,0
PublicDataset01328.jpg,2,0,0.00151402,0.340411,0.340411,0
PublicDataset01328.jpg,3,0,0.00102804,0.0,0.0,-1
PublicDataset01328.jpg,4,0,0.00200623,0.354709,0.354709,0
PublicDataset01328.jpg,5,1,0.0281215,0.0,0.0,-1
PublicDataset01328.jpg,6,0,0.00038941,0.0,0.0,-1
PublicDataset01329.jpg,0,0,0.31888889,0.761867,0.761867,0
PublicDataset01330.jpg,0,1,0.28694417,0.0,0.0,-1
PublicDataset01330.jpg,1,0,0.07397575,0.0,0.0,-1
PublicDataset01331.jpg,0,1,0.00748698,0.0,0.0,-1
PublicDataset01332.jpg,0,1,0.0084375,0.0,0.0,-1
PublicDataset01333.jpg,0,1,0.01804688,0.0,0.0,-1
PublicDataset01334.jpg,0,1,0.09296875,0.0,0.0,-1
PublicDataset01335.jpg,0,1,0.11347656,0.0,0.0,-1
WEB09971.jpg,0,1,0.26827083,0.929291,0.929291,1
WEB09971.jpg,1,0,0.02090556,0.140195,0.140195,0
WEB10030.jpg,0,0,0.00052662,0.0,0.0,-1
WEB10032.jpg,0,0,0.00072917,0.0,0.0,-1
WEB10038.jpg,0,0,0.00186728,0.0,0.0,-1
WEB10039.jpg,0,0,0.00139178,0.0,0.0,-1
WEB10040.jpg,0,0,0.00222801,0.0,0.0,-1
WEB10041.jpg,0,0,0.00126013,0.0,0.0,-1
WEB10428.jpg,0,1,0.75518915,0.894213,0.894213,1
WEB10428.jpg,1,0,0.19736842,0.0,0.0,-1
WEB10429.jpg,0,0,0.01226303,0.0,0.0,-1
WEB10429.jpg,1,1,0.16350709,0.0,0.0,-1
WEB10430.jpg,0,1,0.31522393,0.054714,0.054714,1
WEB10430.jpg,1,0,0.00728497,0.81256,0.81256,0
WEB10431.jpg,0,0,0.03511161,0.014025,0.014025,0
WEB10431.jpg,1,1,0.32961753,0.836892,0.836892,1
WEB10432.jpg,0,0,0.04127818,0.0,0.0,-1
WEB10432.jpg,1,0,0.01284081,0.0,0.0,-1
WEB10432.jpg,2,1,0.54466837,0.126309,0.126309,1
WEB10432.jpg,3,0,0.04131128,0.0,0.0,-1
WEB10433.jpg,0,1,0.19972134,0.0,0.0,-1
WEB10433.jpg,1,0,0.01258892,0.0,0.0,-1
WEB10433.jpg,2,0,0.00809814,0.0,0.0,-1
WEB10433.jpg,3,0,0.00792636,0.0,0.0,-1
WEB10434.jpg,0,0,0.01791575,0.0,0.0,-1
WEB10434.jpg,1,0,0.0097025,0.0,0.0,-1
WEB10434.jpg,2,1,0.26250268,0.032178,0.032178,1
WEB10435.jpg,0,0,0.01041107,0.770922,0.770922,0
WEB10436.jpg,0,1,0.16406558,0.569829,0.569829,1
WEB10436.jpg,1,0,0.11279546,0.268339,0.268339,0
WEB10437.jpg,0,0,0.02394087,0.575656,0.575656,0
WEB10437.jpg,1,1,0.32234652,0.923926,0.923926,1
WEB10438.jpg,0,0,0.02933412,0.0,0.0,-1
WEB10438.jpg,1,0,0.01691205,0.0,0.0,-1
WEB10438.jpg,2,0,0.05417515,0.014898,0.014898,0
WEB10438.jpg,3,0,0.01349482,0.0,0.0,-1
WEB10438.jpg,4,0,0.01568384,0.0,0.0,-1
WEB10438.jpg,5,0,0.00232583,0.0,0.0,-1
WEB10438.jpg,6,0,0.01914149,0.0,0.0,-1
WEB10438.jpg,7,0,0.00315294,0.0,0.0,-1
WEB10438.jpg,8,1,0.50558604,0.759212,0.759212,1
WEB10439.jpg,0,0,0.1292562,0.273926,0.273926,0
WEB10439.jpg,1,1,0.74873967,0.0,0.0,-1
WEB10440.jpg,0,0,0.00035265,0.299566,0.299566,0
WEB10440.jpg,1,0,0.01424913,0.0,0.0,-1
WEB10441.jpg,0,0,0.00545898,0.0,0.0,-1
WEB10441.jpg,1,0,0.00107422,0.0,0.0,-1
WEB10441.jpg,2,0,0.00110677,0.566125,0.566125,0
WEB10441.jpg,3,0,0.00045356,0.0,0.0,-1
WEB10442.jpg,0,0,0.00401476,0.0,0.0,-1
WEB10442.jpg,1,0,0.00861328,0.0,0.0,-1
WEB10442.jpg,2,0,0.02412109,0.037008,0.037008,0
WEB10442.jpg,3,0,0.02105469,0.218629,0.218629,0
WEB10442.jpg,4,0,0.00075955,0.0,0.0,-1
WEB10442.jpg,5,0,0.00052083,0.0,0.0,-1
WEB10442.jpg,6,1,0.30239909,0.0,0.0,-1
WEB10443.jpg,0,0,0.00348524,0.190229,0.190229,0
WEB10443.jpg,1,0,0.00016927,0.0,0.0,-1
WEB10443.jpg,2,0,0.0007053,0.0,0.0,-1
WEB10443.jpg,3,0,0.00031901,0.0,0.0,-1
WEB10443.jpg,4,0,0.0015191,0.0,0.0,-1
WEB10443.jpg,5,0,0.0002398,0.0,0.0,-1
WEB10443.jpg,6,1,0.05045573,0.0,0.0,-1
WEB10444.jpg,0,0,0.0109017,0.034449,0.034449,0
WEB10444.jpg,1,0,0.02862851,0.038357,0.038357,0
WEB10444.jpg,2,0,0.00323026,0.0,0.0,-1
WEB10444.jpg,3,0,0.01129105,0.0,0.0,-1
WEB10444.jpg,4,0,0.00480084,0.0,0.0,-1
WEB10444.jpg,5,0,0.00617015,0.0,0.0,-1
WEB10445.jpg,0,0,0.00549982,0.0,0.0,-1
WEB10445.jpg,1,0,0.00253906,0.0,0.0,-1
WEB10445.jpg,2,1,0.12103604,0.216237,0.134214,0
WEB10446.jpg,0,0,0.01145588,0.0,0.0,-1
WEB10447.jpg,0,0,0.13452148,0.0,0.0,-1
WEB10447.jpg,1,0,0.05729167,0.0,0.0,-1
WEB10447.jpg,2,0,0.07459852,0.0,0.0,-1
WEB10447.jpg,3,0,0.00195312,0.0,0.0,-1
WEB10447.jpg,4,0,0.00269097,0.0,0.0,-1
WEB10448.jpg,0,0,0.00369792,0.802928,0.802928,0
WEB10448.jpg,1,0,0.011875,0.0,0.0,-1
WEB10448.jpg,2,0,0.000625,0.0,0.0,-1
WEB10448.jpg,3,0,0.00583333,0.0,0.0,-1
WEB10448.jpg,4,0,0.00264323,0.0,0.0,-1
WEB10448.jpg,5,1,0.28204753,0.155571,0.155571,1
WEB10449.jpg,0,1,0.04480469,0.415018,0.415018,1
WEB10449.jpg,1,0,0.00359918,0.729469,0.729469,0
WEB10450.jpg,0,0,0.00345269,0.719656,0.719656,0
WEB10450.jpg,1,1,0.04550781,0.726528,0.726528,1
WEB10451.jpg,0,0,0.18720161,0.552804,0.552804,0
WEB10451.jpg,1,0,0.06701497,0.0,0.0,-1
WEB10451.jpg,2,0,0.06048394,0.0,0.0,-1
WEB10451.jpg,3,0,0.07691189,0.658116,0.658116,0
WEB10451.jpg,4,0,0.00254991,0.0,0.0,-1
WEB10451.jpg,5,1,0.49618273,0.704136,0.704136,1
WEB10452.jpg,0,1,0.2486849,0.33303,0.33303,1
WEB10452.jpg,1,0,0.07570312,0.458872,0.458872,0
WEB10453.jpg,0,1,0.31462891,0.0,0.0,-1
WEB10453.jpg,1,0,0.10418403,0.925663,0.925663,0
WEB10454.jpg,0,0,0.10985894,0.638069,0.638069,0
WEB10454.jpg,1,0,0.00020833,0.0,0.0,-1
WEB10454.jpg,2,0,0.00033203,0.0,0.0,-1
WEB10454.jpg,3,1,0.69509115,0.784408,0.784408,1
WEB10455.jpg,0,0,0.0005013,0.018355,0.018355,0
WEB10455.jpg,1,0,0.13736979,0.866848,0.866848,0
WEB10455.jpg,2,0,0.0001671,0.0,0.0,-1
WEB10455.jpg,3,1,0.53151042,0.607886,0.607886,1
WEB10456.jpg,0,0,0.26749023,0.70384,0.70384,0
WEB10456.jpg,1,0,0.00166667,0.768461,0.768461,0
WEB10456.jpg,2,0,0.00817301,0.602622,0.602622,0
WEB10456.jpg,3,0,0.00358887,0.682893,0.682893,0
WEB10456.jpg,4,1,0.17593099,0.0,0.0,-1
WEB10456.jpg,5,1,0.11318115,0.0,0.0,-1
WEB10457.jpg,0,0,0.02183949,0.012723,0.012723,0
WEB10457.jpg,1,0,0.00385298,0.0,0.0,-1
WEB10457.jpg,2,0,0.00357777,0.0,0.0,-1
WEB10457.jpg,3,0,0.00900213,0.0,0.0,-1
WEB10457.jpg,4,0,0.00276989,0.0,0.0,-1
WEB10457.jpg,5,0,0.01164773,0.0,0.0,-1
WEB10457.jpg,6,1,0.35014205,0.625329,0.625329,1
WEB10458.jpg,0,0,0.34126984,0.828687,0.828687,0
WEB10458.jpg,1,0,0.00831965,0.0,0.0,-1
WEB10458.jpg,2,0,0.00569239,0.0,0.0,-1
WEB10458.jpg,3,1,0.91112479,0.0,0.0,-1
WEB10459.jpg,0,0,0.02640173,0.598122,0.598122,0
WEB10459.jpg,1,0,0.00437631,0.625003,0.625003,0
WEB10459.jpg,2,0,0.02422077,0.0,0.0,-1
WEB10459.jpg,3,0,0.00138108,0.0,0.0,-1
WEB10459.jpg,4,0,0.00309305,0.0,0.0,-1
WEB10459.jpg,5,1,0.26158888,0.632832,0.632832,1
WEB10460.jpg,0,0,0.04702538,0.694646,0.694646,0
WEB10460.jpg,1,0,0.00371942,0.0,0.0,-1
WEB10460.jpg,2,0,0.08449049,0.0,0.0,-1
WEB10460.jpg,3,0,0.00083572,0.0,0.0,-1
WEB10460.jpg,4,0,0.00179542,0.0,0.0,-1
WEB10460.jpg,5,0,0.00366891,0.0,0.0,-1
WEB10460.jpg,6,0,0.00088164,0.0,0.0,-1
WEB10460.jpg,7,0,0.00148318,0.0,0.0,-1
WEB10460.jpg,8,0,0.00292962,0.0,0.0,-1
WEB10460.jpg,9,0,0.00393983,0.0,0.0,-1
WEB10460.jpg,10,0,0.00771435,0.0,0.0,-1
WEB10460.jpg,11,0,0.00137756,0.0,0.0,-1
WEB10461.jpg,0,0,0.041759,0.0,0.0,-1
WEB10461.jpg,1,1,0.50798996,0.421165,0.0,0
WEB10462.jpg,0,0,0.25318347,0.071521,0.071521,0
WEB10462.jpg,1,0,0.13575054,0.0,0.0,-1
WEB10462.jpg,2,0,0.02054025,0.0,0.0,-1
WEB10462.jpg,3,0,0.02978608,0.0,0.0,-1
WEB10463.jpg,0,0,0.00111111,0.015006,0.015006,0
WEB10463.jpg,1,0,0.01134921,0.511459,0.511459,0
WEB10463.jpg,2,1,0.61333333,0.014264,0.014264,1
WEB10464.jpg,0,0,0.01185072,0.0,0.0,-1
WEB10464.jpg,1,0,0.00295842,0.0,0.0,-1
WEB10464.jpg,2,0,0.05612815,0.0,0.0,-1
WEB10464.jpg,3,0,0.00663599,0.0,0.0,-1
WEB10464.jpg,4,0,0.01146217,0.0,0.0,-1
WEB10464.jpg,5,0,0.01216769,0.0,0.0,-1
WEB10464.jpg,6,0,0.00908657,0.0,0.0,-1
WEB10464.jpg,7,0,0.00250852,0.054581,0.054581,0
WEB10464.jpg,8,0,0.25007498,0.0,0.0,-1
WEB10464.jpg,9,1,0.5642638,0.0,0.0,-1
WEB10465.jpg,0,0,0.00575397,0.0,0.0,-1
WEB10465.jpg,1,1,0.41053571,0.17539,0.061718,0
WEB10466.jpg,0,0,0.00325041,0.0,0.0,-1
WEB10466.jpg,1,0,0.03134328,0.63653,0.63653,0
WEB10466.jpg,2,0,0.0160199,0.0,0.0,-1
WEB10466.jpg,3,1,0.39323383,0.175992,0.126703,0
WEB10467.jpg,0,0,0.00242728,0.0,0.0,-1
WEB10467.jpg,1,0,0.00242237,0.0,0.0,-1
WEB10467.jpg,2,0,0.00377604,0.0,0.0,-1
WEB10467.jpg,3,0,0.00198015,0.0,0.0,-1
WEB10467.jpg,4,1,0.09673742,0.0,0.0,-1
WEB10468.jpg,0,0,0.00088312,0.0,0.0,-1
WEB10468.jpg,1,0,0.00307172,0.0,0.0,-1
WEB10468.jpg,2,0,0.00502611,0.0,0.0,-1
WEB10468.jpg,3,0,0.01324681,0.669662,0.669662,0
WEB10468.jpg,4,0,0.01748579,0.638741,0.638741,0
WEB10468.jpg,5,0,0.00353248,0.0,0.0,-1
WEB10468.jpg,6,0,0.00311012,0.0,0.0,-1
WEB10468.jpg,7,0,0.00815543,0.0,0.0,-1
WEB10468.jpg,8,1,0.66971279,0.0,0.0,-1
WEB10469.jpg,0,1,0.0900727,0.0,0.0,-1
WEB10469.jpg,1,0,0.05789063,0.781721,0.781721,0
WEB10470.jpg,0,0,0.03316081,0.852897,0.852897,0
WEB10470.jpg,1,1,0.17942708,0.512798,0.512798,1
WEB10471.jpg,0,0,0.0140191,0.87701,0.87701,0
WEB10471.jpg,1,1,0.18385417,0.862473,0.862473,1
WEB10472.jpg,0,0,0.07388889,0.816579,0.816579,0
WEB10472.jpg,1,1,0.16276042,0.0,0.0,-1
WEB10473.jpg,0,0,0.01704427,0.809646,0.809646,0
WEB10473.jpg,1,1,0.2906901,0.362755,0.362755,1
WEB10474.jpg,0,0,0.79518877,0.0,0.0,-1
WEB10474.jpg,1,1,0.43922528,0.0,0.0,-1
WEB10475.jpg,0,0,0.0060682,0.0,0.0,-1
WEB10475.jpg,1,0,0.01074587,0.0,0.0,-1
WEB10475.jpg,2,0,0.00133648,0.0,0.0,-1
WEB10475.jpg,3,0,0.01051002,0.0,0.0,-1
WEB10475.jpg,4,1,0.24167895,0.0,0.0,-1
WEB10476.jpg,0,0,0.04036506,0.0,0.0,-1
WEB10476.jpg,1,0,0.01734029,0.0,0.0,-1
WEB10476.jpg,2,1,0.05716343,0.150019,0.150019,1
WEB10476.jpg,3,1,0.34235134,0.147693,0.147693,1
WEB10477.jpg,0,0,0.01846646,0.0,0.0,-1
WEB10477.jpg,1,0,0.01020062,0.0,0.0,-1
WEB10477.jpg,2,0,0.00792615,0.0,0.0,-1
WEB10477.jpg,3,1,0.09812677,0.0,0.0,-1
WEB10477.jpg,4,0,0.00443077,0.025575,0.025575,0
WEB10477.jpg,5,0,0.00847754,0.0,0.0,-1
WEB10478.jpg,0,0,0.44742188,0.0,0.0,-1
WEB10479.jpg,0,0,0.04321197,0.010581,0.010581,0
WEB10479.jpg,1,0,0.01698113,0.0,0.0,-1
WEB10479.jpg,2,1,0.34573506,0.0,0.0,-1
WEB10480.jpg,0,0,0.16383113,0.027208,0.027208,0
WEB10480.jpg,1,0,0.03306238,0.783396,0.783396,0
WEB10480.jpg,2,1,0.51106805,0.0,0.0,-1
WEB10481.jpg,0,0,0.00501361,0.552469,0.552469,0
WEB10481.jpg,1,0,0.01299476,0.0,0.0,-1
WEB10481.jpg,2,0,0.03278534,0.534078,0.534078,0
WEB10481.jpg,3,1,0.36391204,0.0,0.0,-1
WEB10482.jpg,0,0,0.00718416,0.494631,0.494631,0
WEB10482.jpg,1,0,0.01394194,0.0,0.0,-1
WEB10482.jpg,2,0,0.21657613,0.0,0.0,-1
WEB10482.jpg,3,1,0.69030723,0.810833,0.810833,1
WEB10483.jpg,0,0,0.08422852,0.265375,0.265375,0
WEB10483.jpg,1,1,0.41747396,0.076667,0.076667,1
WEB10484.jpg,0,0,0.40236158,0.750555,0.750555,0
WEB10484.jpg,1,1,0.24384215,0.800927,0.800927,1
WEB10485.jpg,0,0,0.03544922,0.0,0.0,-1
WEB10485.jpg,1,0,0.00065592,0.032004,0.032004,0
WEB10485.jpg,2,0,0.00015625,0.552386,0.552386,0
WEB10485.jpg,3,0,0.00923014,0.0,0.0,-1
WEB10485.jpg,4,1,0.07631429,0.0,0.0,-1
WEB10486.jpg,0,1,0.49028912,0.222287,0.222287,1
WEB10486.jpg,1,0,0.00123575,0.0,0.0,-1
WEB10486.jpg,2,0,0.01945565,0.16603,0.16603,0
WEB10486.jpg,3,0,0.0300139,0.0,0.0,-1
WEB10486.jpg,4,0,0.0070586,0.0,0.0,-1
WEB10487.jpg,0,0,0.01722706,0.659566,0.659566,0
WEB10487.jpg,1,0,0.00497972,0.0,0.0,-1
WEB10487.jpg,2,0,0.00540623,0.010107,0.010107,0
WEB10487.jpg,3,0,0.00307596,0.0,0.0,-1
WEB10487.jpg,4,0,0.00181761,0.0,0.0,-1
WEB10487.jpg,5,1,0.5860421,0.0,0.0,-1
WEB10488.jpg,0,1,0.9350925,0.0,0.0,-1
WEB10488.jpg,1,0,0.10345289,0.417592,0.417592,0
WEB10489.jpg,0,1,0.37793579,0.399864,0.399864,1
WEB10489.jpg,1,0,0.08873664,0.149605,0.149605,0
WEB10490.jpg,0,0,0.0205874,0.044489,0.044489,0
WEB10490.jpg,1,0,0.02963508,0.0,0.0,-1
WEB10490.jpg,2,0,0.04549135,0.0,0.0,-1
WEB10490.jpg,3,1,0.6354256,0.550826,0.550826,1
WEB10491.jpg,0,0,0.03488125,0.092246,0.092246,0
WEB10491.jpg,1,0,0.31333212,0.630095,0.630095,0
WEB10492.jpg,0,0,0.04851562,0.0,0.0,-1
WEB10492.jpg,1,0,0.16269531,0.0,0.0,-1
WEB10492.jpg,2,1,0.19874349,0.257252,0.257252,1
WEB10493.jpg,0,0,0.06935783,0.0,0.0,-1
WEB10494.jpg,0,0,0.01293971,0.0,0.0,-1
WEB10494.jpg,1,0,0.00063341,0.0,0.0,-1
WEB10494.jpg,2,1,0.21005769,0.0,0.0,-1
WEB10495.jpg,0,0,0.02633389,0.0,0.0,-1
WEB10495.jpg,1,0,0.02006572,0.0,0.0,-1
WEB10495.jpg,2,0,0.01590464,0.05727,0.05727,0
WEB10495.jpg,3,0,0.0038297,0.0,0.0,-1
WEB10495.jpg,4,1,0.39964206,0.857438,0.857438,1
WEB10496.jpg,0,0,0.04460698,0.061077,0.061077,0
WEB10496.jpg,1,1,0.39064091,0.115007,0.115007,1
WEB10497.jpg,0,0,0.06997999,0.0,0.0,-1
WEB10497.jpg,1,0,0.19612064,0.0,0.0,-1
WEB10497.jpg,2,0,0.03678139,0.0,0.0,-1
WEB10497.jpg,3,1,0.17618569,0.0,0.0,-1
WEB10498.jpg,0,1,0.05185535,0.052339,0.052339,1
WEB10498.jpg,1,0,0.0023735,0.0,0.0,-1
WEB10498.jpg,2,0,0.00849822,0.865254,0.865254,0
WEB10498.jpg,3,0,0.00342028,0.0,0.0,-1
WEB10498.jpg,4,0,0.0039568,0.0,0.0,-1
WEB10499.jpg,0,0,0.13777796,0.784155,0.784155,0
WEB10500.jpg,0,0,0.03271133,0.840524,0.840524,0
WEB10500.jpg,1,0,0.33663086,0.939095,0.939095,0
WEB10500.jpg,2,1,0.9613659,0.0,0.0,-1
WEB10501.jpg,0,1,0.55076786,0.025374,0.025374,1
WEB10501.jpg,1,0,0.02725714,0.0,0.0,-1
WEB10501.jpg,2,0,0.00061071,0.0,0.0,-1
WEB10501.jpg,3,0,0.00070714,0.0,0.0,-1
WEB10502.jpg,0,0,0.00616753,0.789036,0.789036,0
WEB10502.jpg,1,0,0.02420139,0.02659,0.02659,0
WEB10502.jpg,2,0,0.00637044,0.0,0.0,-1
WEB10502.jpg,3,1,0.54829102,0.0,0.0,-1
WEB10503.jpg,0,0,0.00791884,0.0,0.0,-1
WEB10503.jpg,1,0,0.00664605,0.0,0.0,-1
WEB10503.jpg,2,1,0.47201606,0.570787,0.570787,1
WEB10504.jpg,0,0,0.15912667,0.908607,0.0,1
WEB10504.jpg,1,0,0.00184968,0.041576,0.041576,0
WEB10504.jpg,2,0,0.00034994,0.0,0.0,-1
WEB10505.jpg,0,0,0.00625434,0.0,0.0,-1
WEB10505.jpg,1,0,0.00857639,0.0,0.0,-1
WEB10505.jpg,2,1,0.42694444,0.083757,0.083757,1
WEB10506.jpg,0,0,0.00895062,0.0,0.0,-1
WEB10506.jpg,1,1,0.51311728,0.745752,0.745752,1
WEB10507.jpg,0,0,0.01155273,0.57223,0.57223,0
WEB10508.jpg,0,1,0.16816406,0.071678,0.071678,1
WEB10508.jpg,1,0,0.00726888,0.810655,0.810655,0
WEB10509.jpg,0,0,0.00348224,0.0,0.0,-1
WEB10509.jpg,1,0,0.00414104,0.0,0.0,-1
WEB10509.jpg,2,0,0.00172935,0.0,0.0,-1
WEB10509.jpg,3,0,0.01940103,0.0,0.0,-1
WEB10509.jpg,4,0,0.12960069,0.0,0.0,-1
WEB10509.jpg,5,1,0.45526873,0.0,0.0,-1
WEB10510.jpg,0,0,0.10367839,0.554596,0.554596,0
WEB10511.jpg,0,0,0.30231771,0.746381,0.746381,0
WEB10511.jpg,1,1,0.73921007,0.0,0.0,-1
WEB10512.jpg,0,0,0.00634766,0.024264,0.024264,0
WEB10512.jpg,1,0,0.00046549,0.0,0.0,-1
WEB10512.jpg,2,0,0.00035807,0.0,0.0,-1
WEB10512.jpg,3,0,0.00355469,0.0,0.0,-1
WEB10513.jpg,0,1,0.18441265,0.0,0.0,-1
WEB10513.jpg,1,0,0.32654657,0.932282,0.932282,0
WEB10514.jpg,0,0,0.09632487,0.925553,0.925553,0
WEB10514.jpg,1,0,0.06858724,0.85353,0.85353,0
WEB10515.jpg,0,0,0.21190104,0.772203,0.772203,0
WEB10516.jpg,0,0,0.00993056,0.874592,0.874592,0
WEB10516.jpg,1,0,0.00583333,0.0,0.0,-1
WEB10516.jpg,2,0,0.00410156,0.0,0.0,-1
WEB10517.jpg,0,0,0.04401584,0.675204,0.675204,0
WEB10518.jpg,0,0,0.07762587,0.88754,0.88754,0
WEB10519.jpg,0,0,0.03629883,0.885074,0.885074,0
WEB10520.jpg,0,0,0.07294922,0.0,0.0,-1
WEB10521.jpg,0,0,0.00980564,0.0,0.0,-1
WEB10521.jpg,1,0,0.00627854,0.0,0.0,-1
WEB10521.jpg,2,0,0.00140499,0.0,0.0,-1
WEB10521.jpg,3,0,0.00083421,0.0,0.0,-1
WEB10521.jpg,4,0,0.00631074,0.0,0.0,-1
WEB10521.jpg,5,0,0.004976,0.788066,0.788066,0
WEB10521.jpg,6,0,0.00407446,0.0,0.0,-1
WEB10521.jpg,7,0,0.00294755,0.0,0.0,-1
WEB10521.jpg,8,1,0.49775202,0.769222,0.769222,1
WEB10522.jpg,0,0,0.40297309,0.03534,0.03534,0
WEB10522.jpg,1,1,0.36390625,0.653889,0.653889,1
WEB10523.jpg,0,0,0.309375,0.784888,0.784888,0
WEB10523.jpg,1,0,0.01801758,0.0,0.0,-1
WEB10523.jpg,2,1,0.02771484,0.0,0.0,-1
WEB10523.jpg,3,1,0.020625,0.0,0.0,-1
WEB10523.jpg,4,1,0.35262044,0.060726,0.060726,1
WEB10524.jpg,0,0,0.0424039,0.0,0.0,-1
WEB10524.jpg,1,0,0.01276731,0.0,0.0,-1
WEB10524.jpg,2,0,0.00059509,0.0,0.0,-1
WEB10524.jpg,3,0,0.00233898,0.0,0.0,-1
WEB10524.jpg,4,0,0.00241853,0.0,0.0,-1
WEB10524.jpg,5,0,0.00013366,0.0,0.0,-1
WEB10524.jpg,6,0,0.00031027,0.053105,0.053105,0
WEB10524.jpg,7,0,0.00022753,0.0,0.0,-1
WEB10524.jpg,8,0,0.00019253,0.0,0.0,-1
WEB10524.jpg,9,0,0.00153704,0.0,0.0,-1
WEB10524.jpg,10,0,0.00140657,0.0,0.0,-1
WEB10524.jpg,11,0,0.00099765,0.0,0.0,-1
WEB10524.jpg,12,0,0.00174707,0.0,0.0,-1
WEB10524.jpg,13,0,0.00413697,0.54635,0.54635,0
WEB10524.jpg,14,0,0.00120927,0.0,0.0,-1
WEB10524.jpg,15,0,0.01553112,0.0,0.0,-1
WEB10524.jpg,16,0,0.00056008,0.0,0.0,-1
WEB10524.jpg,17,0,0.00029754,0.0,0.0,-1
WEB10524.jpg,18,0,0.00450611,0.0,0.0,-1
WEB10524.jpg,19,0,0.00286405,0.0,0.0,-1
WEB10524.jpg,20,1,0.48079812,0.876021,0.876021,1
WEB10524.jpg,21,1,0.04676998,0.0,0.0,-1
WEB10524.jpg,22,1,0.00935591,0.0,0.0,-1
WEB10525.jpg,0,0,0.03235656,0.0,0.0,-1
WEB10525.jpg,1,0,0.03995081,0.0,0.0,-1
WEB10525.jpg,2,0,0.00934585,0.0,0.0,-1
WEB10525.jpg,3,0,0.00324225,0.0,0.0,-1
WEB10526.jpg,0,0,0.02180421,0.023472,0.023472,0
WEB10526.jpg,1,0,0.00788835,0.0,0.0,-1
WEB10526.jpg,2,0,0.03875,0.853341,0.853341,0
WEB10526.jpg,3,1,0.11885922,0.298205,0.298205,1
WEB10527.jpg,0,0,0.02628205,0.0,0.0,-1
WEB10527.jpg,1,0,0.01967456,0.0,0.0,-1
WEB10527.jpg,2,1,0.144714,0.230936,0.230936,1
WEB10527.jpg,3,1,0.20236686,0.012411,0.012411,1
WEB10528.jpg,0,0,0.0265625,0.0,0.0,-1
WEB10528.jpg,1,0,0.03695313,0.0,0.0,-1
WEB10528.jpg,2,0,0.00911458,0.0,0.0,-1
WEB10528.jpg,3,0,0.02864583,0.0,0.0,-1
WEB10528.jpg,4,0,0.0028125,0.0,0.0,-1
WEB10528.jpg,5,0,0.72543837,0.437503,0.0,1
WEB10529.jpg,0,0,0.39191243,0.771472,0.771472,0
WEB10529.jpg,1,1,0.46007813,0.116667,0.116667,1
WEB10530.jpg,0,0,0.007245,0.0,0.0,-1
WEB10530.jpg,1,0,0.00742,0.0,0.0,-1
WEB10530.jpg,2,0,0.0062275,0.0,0.0,-1
WEB10530.jpg,3,0,0.02268,0.058891,0.058891,0
WEB10530.jpg,4,0,0.0363075,0.846127,0.846127,0
WEB10530.jpg,5,0,0.04455,0.025028,0.025028,0
WEB10530.jpg,6,0,0.00391,0.0,0.0,-1
WEB10530.jpg,7,1,0.426255,0.899005,0.899005,1
WEB10530.jpg,8,0,0.00318,0.0,0.0,-1
WEB10530.jpg,9,0,0.003135,0.0,0.0,-1
WEB10530.jpg,10,0,0.0018375,0.0,0.0,-1
WEB10531.jpg,0,0,0.01021611,0.0,0.0,-1
WEB10531.jpg,1,0,0.00536656,0.0,0.0,-1
WEB10531.jpg,2,0,0.00158548,0.754485,0.754485,0
WEB10531.jpg,3,1,0.49284781,0.0,0.0,-1
WEB10531.jpg,4,0,0.0112477,0.0,0.0,-1
WEB10532.jpg,0,1,0.13567811,0.90043,0.90043,1
WEB10532.jpg,1,0,0.13723205,0.828641,0.828641,0
WEB10532.jpg,2,0,0.01311828,0.0,0.0,-1
WEB10533.jpg,0,0,0.0297619,0.0,0.0,-1
WEB10533.jpg,1,0,0.03714286,0.0,0.0,-1
WEB10533.jpg,2,1,0.79916667,0.713831,0.0,0
WEB10534.jpg,0,0,0.11751375,0.0,0.0,-1
WEB10534.jpg,1,0,0.02737954,0.0,0.0,-1
WEB10534.jpg,2,0,0.04316832,0.0,0.0,-1
WEB10534.jpg,3,1,0.78922772,0.0,0.0,-1
WEB10535.jpg,0,0,0.23751301,0.342816,0.342816,0
WEB10535.jpg,1,0,0.0089282,0.0,0.0,-1
WEB10535.jpg,2,0,0.01364204,0.0,0.0,-1
WEB10535.jpg,3,1,0.5449948,0.117969,0.117969,1
WEB10536.jpg,0,1,0.39673913,0.867358,0.867358,1
WEB10537.jpg,0,0,0.04894931,0.0,0.0,-1
WEB10537.jpg,1,0,0.04494009,0.0,0.0,-1
WEB10537.jpg,2,0,0.01143779,0.0,0.0,-1
WEB10537.jpg,3,1,0.09771429,0.0,0.0,-1
WEB10537.jpg,4,1,0.21370507,0.43277,0.155742,0
WEB10538.jpg,0,0,0.01067085,0.0,0.0,-1
WEB10538.jpg,1,0,0.00144799,0.0,0.0,-1
WEB10538.jpg,2,0,0.00168648,0.0,0.0,-1
WEB10538.jpg,3,0,0.00294368,0.0,0.0,-1
WEB10538.jpg,4,0,0.11469115,0.754832,0.754832,0
WEB10538.jpg,5,1,0.8688307,0.503762,0.503762,1
WEB10539.jpg,0,0,0.03838401,0.0,0.0,-1
WEB10539.jpg,1,0,0.06125573,0.0,0.0,-1
WEB10539.jpg,2,0,0.06249896,0.0,0.0,-1
WEB10539.jpg,3,1,0.60268222,0.0,0.0,-1
WEB10540.jpg,0,1,0.59511853,0.0,0.0,-1
WEB10540.jpg,1,0,0.02080317,0.020068,0.020068,0
WEB10540.jpg,2,0,0.00128127,0.012289,0.012289,0
WEB10540.jpg,3,0,0.03552614,0.0,0.0,-1
WEB10540.jpg,4,0,0.0023795,0.0,0.0,-1
WEB10541.jpg,0,1,0.62446382,0.483762,0.483762,1
WEB10541.jpg,1,0,0.11882302,0.632511,0.632511,0
WEB10542.jpg,0,1,0.16378472,0.0,0.0,-1
WEB10542.jpg,1,0,0.00572917,0.0,0.0,-1
WEB10543.jpg,0,0,0.0058815,0.0,0.0,-1
WEB10543.jpg,1,1,0.1496869,0.875074,0.875074,1
WEB10543.jpg,2,1,0.00693642,0.0,0.0,-1
WEB10544.jpg,0,1,0.27044196,0.0,0.0,-1
WEB10544.jpg,1,0,0.04794622,0.817136,0.817136,0
WEB10544.jpg,2,0,0.18659968,0.854861,0.854861,0
WEB10545.jpg,0,0,0.00380119,0.0,0.0,-1
WEB10545.jpg,1,1,0.05635021,0.0,0.0,-1
WEB10545.jpg,2,1,0.14396765,0.0,0.0,-1
WEB10546.jpg,0,1,0.16996378,0.0,0.0,-1
WEB10546.jpg,1,0,0.00366198,0.0,0.0,-1
WEB10546.jpg,2,0,0.00348286,0.0,0.0,-1
WEB10546.jpg,3,0,0.00716475,0.0,0.0,-1
WEB10546.jpg,4,0,0.00835887,0.0,0.0,-1
WEB10547.jpg,0,1,0.71178032,0.441147,0.441147,1
WEB10547.jpg,1,0,0.00502156,0.0,0.0,-1
WEB10547.jpg,2,0,0.06276804,0.038089,0.038089,0
WEB10547.jpg,3,0,0.01189492,0.0,0.0,-1
WEB10548.jpg,0,0,0.01017179,0.876025,0.876025,0
WEB10548.jpg,1,1,0.38924051,0.0,0.0,-1
WEB10548.jpg,2,0,0.00488246,0.0,0.0,-1
WEB10548.jpg,3,0,0.0022604,0.0,0.0,-1
WEB10549.jpg,0,1,0.19326617,0.892072,0.892072,1
WEB10549.jpg,1,0,0.01898584,0.013741,0.013741,0
WEB10549.jpg,2,0,0.03717634,0.063496,0.063496,0
WEB10550.jpg,0,1,0.36573434,0.84071,0.84071,1
WEB10550.jpg,1,0,0.01078078,0.113745,0.113745,0
WEB10550.jpg,2,0,0.00706803,0.091103,0.091103,0
WEB10551.jpg,0,0,0.01486933,0.668761,0.668761,0
WEB10551.jpg,1,0,0.052248,0.797269,0.797269,0
WEB10551.jpg,2,1,0.21894133,0.0,0.0,-1
WEB10552.jpg,0,1,0.28158007,0.0,0.0,-1
WEB10552.jpg,1,0,0.31252313,0.896417,0.896417,0
WEB10552.jpg,2,0,0.00164413,0.0,0.0,-1
WEB10552.jpg,3,0,0.00366014,0.0,0.0,-1
WEB10553.jpg,0,0,0.07202694,0.0,0.0,-1
WEB10553.jpg,1,1,0.01455336,0.0,0.0,-1
WEB10554.jpg,0,1,0.30176538,0.0,0.0,-1
WEB10555.jpg,0,1,0.46514286,0.882627,0.882627,1
WEB10555.jpg,1,0,0.32112472,0.909801,0.909801,0
WEB10556.jpg,0,0,0.09225092,0.906249,0.906249,0
WEB10556.jpg,1,1,0.29787649,0.563075,0.563075,1
WEB10557.jpg,0,0,0.03809779,0.0,0.0,-1
WEB10557.jpg,1,1,0.35478504,0.304362,0.304362,1
WEB10558.jpg,0,0,0.00499132,0.0,0.0,-1
WEB10558.jpg,1,0,0.00375756,0.0,0.0,-1
WEB10558.jpg,2,1,0.51660022,0.0,0.0,-1
WEB10559.jpg,0,0,0.01804021,0.0,0.0,-1
WEB10559.jpg,1,0,0.00506506,0.0,0.0,-1
WEB10559.jpg,2,0,0.00094293,0.0,0.0,-1
WEB10559.jpg,3,1,0.18297929,0.835477,0.835477,1
WEB10559.jpg,4,0,0.00236478,0.0,0.0,-1
WEB10559.jpg,5,0,0.01205386,0.0,0.0,-1
WEB10559.jpg,6,0,0.00116886,0.0,0.0,-1
WEB10559.jpg,7,0,0.00073865,0.0,0.0,-1
WEB10560.jpg,0,0,0.00312449,0.0,0.0,-1
WEB10560.jpg,1,0,0.00343392,0.0,0.0,-1
WEB10560.jpg,2,1,0.09017519,0.0,0.0,-1
WEB10561.jpg,0,0,0.02440051,0.0,0.0,-1
WEB10561.jpg,1,0,0.01554159,0.0,0.0,-1
WEB10561.jpg,2,0,0.00088775,0.0,0.0,-1
WEB10561.jpg,3,1,0.72943669,0.078099,0.078099,1
WEB10562.jpg,0,0,0.00098083,0.0,0.0,-1
WEB10562.jpg,1,0,0.00142707,0.0,0.0,-1
WEB10562.jpg,2,0,0.00036818,0.0,0.0,-1
WEB10562.jpg,3,0,7.216e-05,0.0,0.0,-1
WEB10562.jpg,4,0,0.00013255,0.0,0.0,-1
WEB10562.jpg,5,0,0.00264207,0.0,0.0,-1
WEB10562.jpg,6,1,0.40192986,0.0,0.0,-1
WEB10563.jpg,0,0,0.02052753,0.0,0.0,-1
WEB10563.jpg,1,0,0.18209442,0.0,0.0,-1
WEB10563.jpg,2,1,0.31465412,0.045697,0.045697,1
WEB10563.jpg,3,1,0.04374899,0.0,0.0,-1
WEB10564.jpg,0,0,0.05043787,0.0,0.0,-1
WEB10564.jpg,1,0,0.02597643,0.0,0.0,-1
WEB10564.jpg,2,0,0.0023279,0.0,0.0,-1
WEB10564.jpg,3,0,0.00685438,0.0,0.0,-1
WEB10564.jpg,4,1,0.39770166,0.313621,0.313621,1
WEB10565.jpg,0,0,0.02148322,0.86201,0.86201,0
WEB10565.jpg,1,0,0.0045812,0.806496,0.806496,0
WEB10565.jpg,2,1,0.27876037,0.730847,0.730847,1
WEB10565.jpg,3,0,0.00769741,0.0,0.0,-1
WEB10566.jpg,0,0,0.0182705,0.0,0.0,-1
WEB10566.jpg,1,0,0.01727844,0.0,0.0,-1
WEB10566.jpg,2,0,0.01279762,0.0,0.0,-1
WEB10566.jpg,3,1,0.07060185,0.0,0.0,-1
WEB10567.jpg,0,0,0.03813084,0.0,0.0,-1
WEB10568.jpg,0,1,0.49767728,0.430391,0.430391,1
WEB10568.jpg,1,0,0.00390625,0.0,0.0,-1
WEB10569.jpg,0,1,0.62780833,0.0,0.0,-1
WEB10569.jpg,1,0,0.06225844,0.0,0.0,-1
WEB10569.jpg,2,0,0.37164179,0.335975,0.335975,0
WEB10570.jpg,0,0,0.01265432,0.0,0.0,-1
WEB10570.jpg,1,0,0.00109689,0.0,0.0,-1
WEB10570.jpg,2,0,0.00103486,0.0,0.0,-1
WEB10570.jpg,3,0,0.00084725,0.0,0.0,-1
WEB10570.jpg,4,1,0.58308824,0.0,0.0,-1
WEB10571.jpg,0,1,0.19885624,0.086732,0.086732,1
WEB10571.jpg,1,1,0.00704084,0.0,0.0,-1
WEB10571.jpg,2,0,0.03542455,0.849689,0.849689,0
WEB10571.jpg,3,0,0.00153987,0.0,0.0,-1
WEB10571.jpg,4,0,0.00073613,0.0,0.0,-1
WEB10571.jpg,5,0,0.00043817,0.0,0.0,-1
WEB10572.jpg,0,0,0.03803258,0.032198,0.032198,0
WEB10572.jpg,1,0,0.00683474,0.0,0.0,-1
WEB10572.jpg,2,0,0.03013378,0.0,0.0,-1
WEB10572.jpg,3,1,0.06760563,0.0,0.0,-1
WEB10572.jpg,4,1,0.05826747,0.0,0.0,-1
WEB10573.jpg,0,0,0.02081461,0.0,0.0,-1
WEB10573.jpg,1,0,0.00284644,0.0,0.0,-1
WEB10573.jpg,2,0,0.01047051,0.86628,0.86628,0
WEB10573.jpg,3,1,0.64878277,0.087053,0.087053,1
WEB10573.jpg,4,1,0.15816948,0.0,0.0,-1
WEB10574.jpg,0,1,0.07256268,0.0,0.0,-1
WEB10574.jpg,1,0,0.00237007,0.528695,0.528695,0
WEB10574.jpg,2,0,0.0036098,0.0,0.0,-1
WEB10574.jpg,3,0,0.01328861,0.0,0.0,-1
WEB10574.jpg,4,0,0.00120529,0.04989,0.04989,0
WEB10575.jpg,0,0,0.01388807,0.689984,0.689984,0
WEB10575.jpg,1,0,0.02508876,0.0,0.0,-1
WEB10575.jpg,2,1,0.66344675,0.0,0.0,-1
WEB10576.jpg,0,1,0.67069275,0.159112,0.159112,1
WEB10576.jpg,1,0,0.01031275,0.356106,0.356106,0
WEB10576.jpg,2,0,0.04403701,0.0,0.0,-1
WEB10576.jpg,3,0,0.0031877,0.399422,0.399422,0
WEB10577.jpg,0,0,0.02261504,0.0,0.0,-1
WEB10577.jpg,1,0,0.01472503,0.0,0.0,-1
WEB10577.jpg,2,0,0.01185185,0.49481,0.49481,0
WEB10577.jpg,3,0,0.00646465,0.0,0.0,-1
WEB10577.jpg,4,1,0.39035541,0.075128,0.075128,1
WEB10578.jpg,0,0,0.05897245,0.864851,0.864851,0
WEB10578.jpg,1,0,0.01703649,0.0,0.0,-1
WEB10578.jpg,2,1,0.65584512,0.0,0.0,-1
WEB10579.jpg,0,0,0.00150313,0.0,0.0,-1
WEB10579.jpg,1,0,0.00255605,0.0,0.0,-1
WEB10579.jpg,2,0,0.00311519,0.0,0.0,-1
WEB10579.jpg,3,0,0.00108559,0.0,0.0,-1
WEB10579.jpg,4,0,0.00455841,0.0,0.0,-1
WEB10579.jpg,5,0,0.00165562,0.17091,0.17091,0
WEB10579.jpg,6,1,0.14656622,0.147861,0.0,0
WEB10580.jpg,0,1,0.16975806,0.0,0.0,-1
WEB10580.jpg,1,0,0.00341556,0.0,0.0,-1
WEB10580.jpg,2,0,0.00473197,0.469982,0.469982,0
WEB10580.jpg,3,0,0.0085982,0.0,0.0,-1
WEB10580.jpg,4,0,0.00189753,0.0,0.0,-1
WEB10581.jpg,0,1,0.50877069,0.0,0.0,-1
WEB10581.jpg,1,0,0.00898204,0.829588,0.829588,0
WEB10582.jpg,0,1,0.21909835,0.0,0.0,-1
WEB10582.jpg,1,0,0.00415352,0.0,0.0,-1
WEB10582.jpg,2,0,0.02096407,0.144015,0.144015,0
WEB10583.jpg,0,0,0.00336456,0.0,0.0,-1
WEB10583.jpg,1,0,0.00100096,0.0,0.0,-1
WEB10583.jpg,2,0,0.03402071,0.13911,0.13911,0
WEB10583.jpg,3,0,0.01032246,0.0,0.0,-1
WEB10583.jpg,4,0,0.02659345,0.0,0.0,-1
WEB10583.jpg,5,1,0.66553113,0.63363,0.63363,1
WEB10584.jpg,0,1,0.39276486,0.0,0.0,-1
WEB10584.jpg,1,0,0.00958899,0.719453,0.719453,0
WEB10584.jpg,2,0,0.00465823,0.0,0.0,-1
WEB10584.jpg,3,0,0.01292999,0.831563,0.831563,0
WEB10585.jpg,0,1,0.92913333,0.79227,0.79227,1
WEB10585.jpg,1,0,0.01831333,0.0,0.0,-1
WEB10586.jpg,0,1,0.48345679,0.0,0.0,-1
WEB10586.jpg,1,0,0.00314321,0.0,0.0,-1
WEB10586.jpg,2,0,0.00468519,0.0,0.0,-1
WEB10587.jpg,0,0,0.0399,0.848559,0.848559,0
WEB10587.jpg,1,0,0.00325417,0.0,0.0,-1
WEB10588.jpg,0,0,0.02290337,0.0,0.0,-1
WEB10588.jpg,1,0,0.02724719,0.812007,0.812007,0
WEB10588.jpg,2,0,0.00532135,0.648534,0.648534,0
WEB10588.jpg,3,0,0.00036404,0.0,0.0,-1
WEB10588.jpg,4,0,0.00179775,0.0,0.0,-1
WEB10588.jpg,5,1,0.21988315,0.0,0.0,-1
WEB10589.jpg,0,0,0.14464832,0.0,0.0,-1
WEB10589.jpg,1,0,0.01559633,0.0,0.0,-1
WEB10589.jpg,2,1,0.09529052,0.0,0.0,-1
WEB10590.jpg,0,0,0.18189887,0.032861,0.032861,0
WEB10590.jpg,1,0,0.02316809,0.0,0.0,-1
WEB10590.jpg,2,0,0.01187772,0.0,0.0,-1
WEB10590.jpg,3,1,0.33410343,0.0,0.0,-1
WEB10591.jpg,0,0,0.10580429,0.058603,0.058603,0
WEB10591.jpg,1,0,0.28798367,0.0,0.0,-1
WEB10592.jpg,0,0,0.11142613,0.34717,0.34717,0
WEB10592.jpg,1,0,0.32545917,0.012757,0.012757,0
WEB10593.jpg,0,0,0.00403646,0.0,0.0,-1
WEB10593.jpg,1,0,0.00298828,0.0,0.0,-1
WEB10593.jpg,2,0,0.01593967,0.0,0.0,-1
WEB10593.jpg,3,1,0.18722982,0.531336,0.531336,1
WEB10593.jpg,4,1,0.11214844,0.0,0.0,-1
WEB10594.jpg,0,1,0.0266042,0.0,0.0,-1
WEB10594.jpg,1,0,0.18348511,0.899641,0.899641,0
WEB10595.jpg,0,1,0.03318537,0.0,0.0,-1
WEB10595.jpg,1,0,0.00133168,0.0,0.0,-1
WEB10596.jpg,0,1,0.32502279,0.830752,0.830752,1
WEB10596.jpg,1,0,0.04634983,0.862451,0.862451,0
WEB10596.jpg,2,0,0.04017253,0.828878,0.828878,0
WEB10597.jpg,0,0,0.00533333,0.0,0.0,-1
WEB10597.jpg,1,0,0.01666667,0.0,0.0,-1
WEB10597.jpg,2,0,0.002,0.0,0.0,-1
WEB10597.jpg,3,1,0.39177778,0.497182,0.497182,1
WEB10598.jpg,0,0,0.00125295,0.010883,0.010883,0
WEB10598.jpg,1,0,0.0242728,0.133064,0.133064,0
WEB10598.jpg,2,0,0.04997052,0.0,0.0,-1
WEB10598.jpg,3,0,0.00601906,0.0,0.0,-1
WEB10598.jpg,4,0,0.00552771,0.0,0.0,-1
WEB10598.jpg,5,1,0.37991844,0.018358,0.0,0
WEB10598.jpg,6,1,0.1946934,0.0,0.0,-1
WEB10598.jpg,7,0,0.00062893,0.0,0.0,-1
WEB10598.jpg,8,0,0.0006707,0.0,0.0,-1
WEB10599.jpg,0,0,0.00274175,0.0,0.0,-1
WEB10599.jpg,1,0,0.00081073,0.0,0.0,-1
WEB10599.jpg,2,0,0.02094634,0.0,0.0,-1
WEB10599.jpg,3,0,0.00165094,0.0,0.0,-1
WEB10599.jpg,4,0,0.0009827,0.0,0.0,-1
WEB10599.jpg,5,1,0.9355002,0.0,0.0,-1
WEB10599.jpg,6,0,0.00051592,0.0,0.0,-1
WEB10599.jpg,7,0,0.1324489,0.603576,0.603576,0
WEB10600.jpg,0,0,0.02022406,0.537156,0.537156,0
WEB10600.jpg,1,0,0.00255503,0.0,0.0,-1
WEB10600.jpg,2,0,0.00340507,0.163297,0.163297,0
WEB10600.jpg,3,0,0.00135613,0.0,0.0,-1
WEB10600.jpg,4,0,0.00181309,0.0,0.0,-1
WEB10600.jpg,5,0,0.00214721,0.0,0.0,-1
WEB10600.jpg,6,0,0.02662146,0.220405,0.220405,0
WEB10600.jpg,7,0,0.00035132,0.0,0.0,-1
WEB10600.jpg,8,0,0.00044222,0.0,0.0,-1
WEB10600.jpg,9,1,0.81289308,0.675226,0.675226,1
WEB10600.jpg,10,0,0.00029481,0.0,0.0,-1
WEB10600.jpg,11,0,0.00070263,0.0,0.0,-1
WEB10601.jpg,0,1,0.10273437,0.486446,0.486446,1
WEB10601.jpg,1,0,0.00144703,0.219063,0.219063,0
WEB10601.jpg,2,0,0.01127162,0.0,0.0,-1
WEB10601.jpg,3,0,0.00335102,0.0,0.0,-1
WEB10601.jpg,4,0,0.0035623,0.0,0.0,-1
WEB10601.jpg,5,0,0.0004717,0.0,0.0,-1
WEB10602.jpg,0,1,0.071576,0.0,0.0,-1
WEB10602.jpg,1,1,0.0075135,0.0,0.0,-1
WEB10602.jpg,2,0,0.00390625,0.693102,0.693102,0
WEB10603.jpg,0,0,0.00094425,0.032712,0.032712,0
WEB10603.jpg,1,0,0.02987109,0.0,0.0,-1
WEB10603.jpg,2,0,0.01744807,0.0,0.0,-1
WEB10603.jpg,3,0,0.00477051,0.0,0.0,-1
WEB10603.jpg,4,0,0.00177354,0.0,0.0,-1
WEB10603.jpg,5,0,0.00886772,0.0,0.0,-1
WEB10603.jpg,6,0,0.00258231,0.0,0.0,-1
WEB10603.jpg,7,0,0.00394121,0.0,0.0,-1
WEB10603.jpg,8,0,0.0036292,0.0,0.0,-1
WEB10603.jpg,9,0,0.00270137,0.0,0.0,-1
WEB10603.jpg,10,0,0.0037072,0.0,0.0,-1
WEB10603.jpg,11,0,0.02283165,0.072815,0.072815,0
WEB10603.jpg,12,0,0.00837507,0.0,0.0,-1
WEB10603.jpg,13,0,0.00176123,0.0,0.0,-1
WEB10603.jpg,14,1,0.73896872,0.0,0.0,-1
WEB10604.jpg,0,0,0.00138228,0.0,0.0,-1
WEB10604.jpg,1,0,0.01723238,0.040985,0.040985,0
WEB10604.jpg,2,0,0.00066554,0.0,0.0,-1
WEB10604.jpg,3,0,0.00069114,0.0,0.0,-1
WEB10604.jpg,4,1,0.16669226,0.24065,0.0,0
WEB10605.jpg,0,0,0.21513291,0.750345,0.750345,0
WEB10605.jpg,1,0,0.00038772,0.0,0.0,-1
WEB10605.jpg,2,0,0.00123366,0.0,0.0,-1
WEB10605.jpg,3,0,0.00391394,0.0,0.0,-1
WEB10605.jpg,4,0,0.00312528,0.0,0.0,-1
WEB10605.jpg,5,0,0.00078132,0.0,0.0,-1
WEB10605.jpg,6,0,0.14557204,0.0,0.0,-1
WEB10605.jpg,7,0,0.00088119,0.0,0.0,-1
WEB10605.jpg,8,0,0.00117198,0.0,0.0,-1
WEB10605.jpg,9,1,0.61599354,0.0,0.0,-1
WEB10606.jpg,0,0,0.42458799,0.81303,0.81303,0
WEB10607.jpg,0,0,0.00148074,0.0,0.0,-1
WEB10607.jpg,1,0,0.00211465,0.0,0.0,-1
WEB10607.jpg,2,0,0.00166946,0.0,0.0,-1
WEB10607.jpg,3,1,0.35762192,0.838342,0.838342,1
WEB10608.jpg,0,0,0.03671377,0.607586,0.607586,0
WEB10608.jpg,1,0,0.00278662,0.389402,0.389402,0
WEB10608.jpg,2,0,0.00714072,0.182615,0.182615,0
WEB10608.jpg,3,0,0.0512291,0.31746,0.31746,0
WEB10608.jpg,4,1,0.86598328,0.0,0.0,-1
WEB10609.jpg,0,0,0.09711794,0.0,0.0,-1
WEB10609.jpg,1,0,0.01032739,0.0,0.0,-1
WEB10609.jpg,2,0,0.08655669,0.0,0.0,-1
WEB10609.jpg,3,1,0.55858931,0.308811,0.0,0
WEB10610.jpg,0,0,0.05777778,0.603908,0.603908,0
WEB10610.jpg,1,0,0.0047619,0.25459,0.25459,0
WEB10610.jpg,2,0,0.00603175,0.0,0.0,-1
WEB10610.jpg,3,1,0.29027778,0.084462,0.084462,1
WEB10611.jpg,0,0,0.00610276,0.039401,0.039401,0
WEB10611.jpg,1,0,0.04872936,0.898607,0.898607,0
WEB10611.jpg,2,0,0.00691152,0.395877,0.395877,0
WEB10611.jpg,3,0,0.00287516,0.013458,0.013458,0
WEB10611.jpg,4,0,0.03593953,0.874116,0.874116,0
WEB10611.jpg,5,1,0.87564274,0.0,0.0,-1
WEB10612.jpg,0,0,0.00248702,0.427686,0.427686,0
WEB10612.jpg,1,0,0.00678278,0.0,0.0,-1
WEB10612.jpg,2,0,0.00590758,0.149334,0.149334,0
WEB10612.jpg,3,0,0.02082969,0.0,0.0,-1
WEB10612.jpg,4,1,0.51857241,0.671316,0.671316,1
WEB10613.jpg,0,0,0.087539,0.87978,0.87978,0
WEB10613.jpg,1,0,0.06333944,0.889673,0.889673,0
WEB10613.jpg,2,0,0.00217491,0.0,0.0,-1
WEB10613.jpg,3,0,0.00158985,0.685625,0.685625,0
WEB10613.jpg,4,0,0.00177215,0.0,0.0,-1
WEB10613.jpg,5,0,0.0037478,0.0,0.0,-1
WEB10613.jpg,6,1,0.71978022,0.0,0.0,-1
WEB10614.jpg,0,1,0.04704536,0.0,0.0,-1
WEB10614.jpg,1,0,0.05046115,0.020748,0.020748,0
WEB10614.jpg,2,0,0.00680556,0.0,0.0,-1
WEB10614.jpg,3,0,0.00859701,0.0,0.0,-1
WEB10614.jpg,4,0,0.0330816,0.0,0.0,-1
WEB10614.jpg,5,0,0.0093674,0.0,0.0,-1
WEB10614.jpg,6,0,0.0018457,0.0,0.0,-1
WEB10614.jpg,7,0,0.00140191,0.0,0.0,-1
WEB10614.jpg,8,0,0.00101563,0.0,0.0,-1
WEB10615.jpg,0,0,0.06788077,0.564808,0.564808,0
WEB10615.jpg,1,0,0.00339576,0.0,0.0,-1
WEB10615.jpg,2,0,0.01050562,0.143378,0.143378,0
WEB10615.jpg,3,0,0.00263733,0.115949,0.115949,0
WEB10615.jpg,4,0,0.00131086,0.0,0.0,-1
WEB10615.jpg,5,0,0.00052434,0.0,0.0,-1
WEB10615.jpg,6,1,0.58698814,0.0,0.0,-1
WEB10615.jpg,7,1,0.02697566,0.0,0.0,-1
WEB10616.jpg,0,0,0.00335552,0.0,0.0,-1
WEB10616.jpg,1,0,0.00849344,0.0,0.0,-1
WEB10616.jpg,2,0,0.00483989,0.0,0.0,-1
WEB10616.jpg,3,0,0.00115741,0.0,0.0,-1
WEB10616.jpg,4,1,0.26974826,0.692176,0.692176,1
WEB10617.jpg,0,0,0.00202879,0.260445,0.260445,0
WEB10617.jpg,1,0,0.00577553,0.647009,0.647009,0
WEB10617.jpg,2,0,0.00325218,0.0,0.0,-1
WEB10617.jpg,3,0,0.00302251,0.0,0.0,-1
WEB10617.jpg,4,1,0.41769407,0.0,0.0,-1
WEB10618.jpg,0,0,0.12258873,0.475428,0.475428,0
WEB10618.jpg,1,1,0.33396991,0.824487,0.824487,1
WEB10619.jpg,0,0,0.00148034,0.0,0.0,-1
WEB10619.jpg,1,0,0.00302809,0.0,0.0,-1
WEB10619.jpg,2,0,0.00161798,0.0,0.0,-1
WEB10619.jpg,3,0,0.00849438,0.0,0.0,-1
WEB10619.jpg,4,0,0.02044944,0.0,0.0,-1
WEB10619.jpg,5,0,0.00573034,0.0,0.0,-1
WEB10619.jpg,6,1,0.29325843,0.232658,0.232658,1
WEB10620.jpg,0,0,0.04432576,0.185455,0.185455,0
WEB10620.jpg,1,0,0.00085381,0.027348,0.027348,0
WEB10620.jpg,2,0,0.00849558,0.0,0.0,-1
WEB10621.jpg,0,0,0.01707395,0.852684,0.852684,0
WEB10621.jpg,1,0,0.00128789,0.0,0.0,-1
WEB10621.jpg,2,0,0.00239976,0.0,0.0,-1
WEB10621.jpg,3,1,0.36849295,0.0,0.0,-1
WEB10622.jpg,0,0,0.01924487,0.87645,0.87645,0
WEB10622.jpg,1,1,0.20645849,0.795332,0.795332,1
WEB10623.jpg,0,0,0.02743161,0.0,0.0,-1
WEB10623.jpg,1,0,0.15499973,0.0,0.0,-1
WEB10623.jpg,2,0,0.14847805,0.0,0.0,-1
WEB10623.jpg,3,1,0.59315528,0.0,0.0,-1
WEB10624.jpg,0,0,0.02340169,0.501497,0.501497,0
WEB10624.jpg,1,0,0.00465495,0.0,0.0,-1
WEB10624.jpg,2,1,0.2121582,0.0,0.0,-1
WEB10624.jpg,3,1,0.00876194,0.019901,0.019901,1
WEB10625.jpg,0,0,0.08366319,0.894033,0.894033,0
WEB10625.jpg,1,1,0.35494792,0.893752,0.893752,1
WEB10626.jpg,0,0,0.01377604,0.903502,0.903502,0
WEB10626.jpg,1,1,0.24177083,0.909299,0.909299,1
WEB10627.jpg,0,0,0.04828559,0.88809,0.88809,0
WEB10627.jpg,1,1,0.13260417,0.871307,0.871307,1
WEB10628.jpg,0,0,0.03992188,0.845965,0.845965,0
WEB10628.jpg,1,1,0.14546875,0.199717,0.199717,1
WEB10629.jpg,0,0,0.02875326,0.257089,0.257089,0
WEB10629.jpg,1,0,0.00325521,0.0,0.0,-1
WEB10629.jpg,2,1,0.00293294,0.0,0.0,-1
WEB10629.jpg,3,1,0.17409505,0.0,0.0,-1
WEB10629.jpg,4,0,0.00054253,0.0,0.0,-1
WEB10630.jpg,0,0,0.09712674,0.814754,0.814754,0
WEB10630.jpg,1,1,0.05319878,0.0,0.0,-1
WEB10631.jpg,0,0,0.08999566,0.0,0.0,-1
WEB10631.jpg,1,0,0.1166059,0.192261,0.192261,0
WEB10631.jpg,2,1,0.73797743,0.018843,0.018843,1
WEB10632.jpg,0,1,0.60763889,0.816903,0.816903,1
WEB10632.jpg,1,0,0.05934896,0.548108,0.548108,0
WEB10632.jpg,2,0,0.00197917,0.0,0.0,-1
WEB10632.jpg,3,0,0.01045139,0.0,0.0,-1
WEB10633.jpg,0,0,0.04769097,0.846402,0.846402,0
WEB10633.jpg,1,0,0.06817708,0.116627,0.116627,0
WEB10633.jpg,2,0,0.07951389,0.287999,0.287999,0
WEB10633.jpg,3,1,0.82207031,0.0,0.0,-1
WEB10634.jpg,0,1,0.40493056,0.017459,0.017459,1
WEB10634.jpg,1,0,0.14114583,0.034805,0.034805,0
WEB10634.jpg,2,0,0.13835938,0.783592,0.783592,0
WEB10634.jpg,3,0,0.08358073,0.829274,0.829274,0
WEB10635.jpg,0,0,0.02693142,0.151402,0.151402,0
WEB10635.jpg,1,0,0.00143229,0.0,0.0,-1
WEB10635.jpg,2,0,0.07523437,0.027839,0.027839,0
WEB10635.jpg,3,0,0.02625,0.0,0.0,-1
WEB10635.jpg,4,0,0.10679253,0.165351,0.165351,0
WEB10635.jpg,5,1,0.92777344,0.205069,0.205069,1
WEB10636.jpg,0,0,0.61428742,0.809517,0.809517,0
WEB10636.jpg,1,1,0.15968992,0.828419,0.828419,1
WEB10637.jpg,0,1,0.00820313,0.026323,0.026323,1
WEB10637.jpg,1,1,0.21054688,0.0,0.0,-1
WEB10637.jpg,2,0,0.06035699,0.0,0.0,-1
WEB10638.jpg,0,0,0.05090556,0.899935,0.899935,0
WEB10638.jpg,1,1,0.1656,0.149808,0.149808,1
WEB10639.jpg,0,0,0.08130841,0.852994,0.852994,0
WEB10639.jpg,1,0,0.00700935,0.0,0.0,-1
WEB10639.jpg,2,1,0.64425753,0.0,0.0,-1
WEB10640.jpg,0,1,0.85041667,0.0,0.0,-1
WEB10640.jpg,1,0,0.04401111,0.677965,0.677965,0
WEB10640.jpg,2,0,0.00240833,0.0,0.0,-1
WEB10640.jpg,3,0,0.00328889,0.0,0.0,-1
WEB10641.jpg,0,0,0.00152778,0.0,0.0,-1
WEB10641.jpg,1,0,0.00038194,0.0,0.0,-1
WEB10641.jpg,2,0,0.00140625,0.0,0.0,-1
WEB10642.jpg,0,1,0.81174107,0.0,0.0,-1
WEB10642.jpg,1,0,0.02064732,0.538704,0.538704,0
WEB10642.jpg,2,0,0.00622768,0.0,0.0,-1
WEB10642.jpg,3,0,0.0006746,0.0,0.0,-1
WEB10642.jpg,4,0,0.00051587,0.0,0.0,-1
WEB10642.jpg,5,0,0.00041667,0.0,0.0,-1
WEB10642.jpg,6,0,0.06416171,0.0,0.0,-1
WEB10642.jpg,7,0,0.00993304,0.0,0.0,-1
WEB10643.jpg,0,0,0.0021875,0.0,0.0,-1
WEB10643.jpg,1,0,0.00103299,0.0,0.0,-1
WEB10643.jpg,2,0,0.00228733,0.0,0.0,-1
WEB10643.jpg,3,0,0.01585938,0.0,0.0,-1
WEB10643.jpg,4,1,0.28497396,0.0,0.0,-1
WEB10644.jpg,0,0,0.00608941,0.0,0.0,-1
WEB10644.jpg,1,0,0.00085938,0.0,0.0,-1
WEB10644.jpg,2,0,0.00205295,0.0,0.0,-1
WEB10644.jpg,3,0,0.0009375,0.584802,0.584802,0
WEB10644.jpg,4,1,0.23346354,0.0,0.0,-1
WEB10645.jpg,0,0,0.00124132,0.395859,0.395859,0
WEB10645.jpg,1,0,0.0025,0.0,0.0,-1
WEB10645.jpg,2,0,0.00267361,0.0,0.0,-1
WEB10645.jpg,3,0,0.00086806,0.0,0.0,-1
WEB10645.jpg,4,0,0.00280382,0.0,0.0,-1
WEB10645.jpg,5,1,0.01366753,0.0,0.0,-1
WEB10645.jpg,6,1,0.13291667,0.0,0.0,-1
WEB10646.jpg,0,0,0.0011849,0.617699,0.617699,0
WEB10646.jpg,1,0,0.00260417,0.0,0.0,-1
WEB10646.jpg,2,0,0.00125,0.304176,0.304176,0
WEB10646.jpg,3,0,0.00043403,0.227729,0.227729,0
WEB10646.jpg,4,1,0.19590278,0.0,0.0,-1
WEB10647.jpg,0,0,0.02190104,0.0,0.0,-1
WEB10647.jpg,1,0,0.02490451,0.0,0.0,-1
WEB10647.jpg,2,0,0.00099826,0.041102,0.041102,0
WEB10647.jpg,3,0,0.00195312,0.131928,0.131928,0
WEB10647.jpg,4,1,0.71000868,0.016786,0.016786,1
WEB10648.jpg,0,0,0.01992188,0.0,0.0,-1
WEB10648.jpg,1,0,0.01625,0.0,0.0,-1
WEB10648.jpg,2,0,0.00225694,0.0,0.0,-1
WEB10648.jpg,3,0,0.0018967,0.099195,0.099195,0
WEB10648.jpg,4,0,0.01699219,0.0,0.0,-1
WEB10648.jpg,5,1,0.61385417,0.0,0.0,-1
WEB10649.jpg,0,0,0.055625,0.547518,0.547518,0
WEB10649.jpg,1,0,0.0203125,0.022166,0.022166,0
WEB10649.jpg,2,0,0.00499132,0.093019,0.093019,0
WEB10649.jpg,3,1,0.60272569,0.0,0.0,-1
WEB10650.jpg,0,0,0.01081321,0.0,0.0,-1
WEB10650.jpg,1,0,0.00202415,0.0,0.0,-1
WEB10650.jpg,2,0,0.00067915,0.0,0.0,-1
WEB10650.jpg,3,1,0.20827415,0.0,0.0,-1
WEB10651.jpg,0,0,0.00399059,0.0,0.0,-1
WEB10651.jpg,1,0,0.00113192,0.0,0.0,-1
WEB10651.jpg,2,0,0.00287642,0.0,0.0,-1
WEB10651.jpg,3,0,0.00541992,0.0,0.0,-1
WEB10651.jpg,4,1,0.17755682,0.0,0.0,-1
WEB10652.jpg,0,0,0.00630771,0.0,0.0,-1
WEB10652.jpg,1,0,0.00621449,0.0,0.0,-1
WEB10652.jpg,2,1,0.17434748,0.0,0.0,-1
WEB10653.jpg,0,0,0.0239974,0.854296,0.854296,0
WEB10653.jpg,1,0,0.24846788,0.81713,0.81713,0
WEB10653.jpg,2,0,0.11831597,0.0,0.0,-1
WEB10653.jpg,3,0,0.00226563,0.2473,0.2473,0
WEB10653.jpg,4,0,0.01348958,0.0,0.0,-1
WEB10653.jpg,5,1,0.88111979,0.0,0.0,-1
WEB10654.jpg,0,0,0.12359375,0.33106,0.33106,0
WEB10654.jpg,1,0,0.01423611,0.0,0.0,-1
WEB10654.jpg,2,0,0.05771701,0.0,0.0,-1
WEB10654.jpg,3,0,0.09496094,0.0,0.0,-1
WEB10654.jpg,4,1,0.56670573,0.628451,0.0,0
WEB10655.jpg,0,0,0.00915365,0.0,0.0,-1
WEB10655.jpg,1,1,0.14284722,0.0,0.0,-1
WEB10656.jpg,0,0,0.06356337,0.891492,0.891492,0
WEB10656.jpg,1,1,0.11379774,0.203995,0.203995,1
WEB10657.jpg,0,1,0.18416667,0.0,0.0,-1
WEB10657.jpg,1,0,0.06886719,0.868879,0.868879,0
WEB10658.jpg,0,0,0.053125,0.751608,0.751608,0
WEB10658.jpg,1,0,0.00690104,0.0,0.0,-1
WEB10658.jpg,2,1,0.15737847,0.682082,0.682082,1
WEB10659.jpg,0,0,0.000868,0.019216,0.019216,0
WEB10659.jpg,1,0,0.00129067,0.0,0.0,-1
WEB10659.jpg,2,0,0.00100267,0.0,0.0,-1
WEB10659.jpg,3,0,0.000624,0.0,0.0,-1
WEB10659.jpg,4,0,0.000408,0.0,0.0,-1
WEB10659.jpg,5,0,0.00074667,0.0,0.0,-1
WEB10659.jpg,6,0,0.00048,0.0,0.0,-1
WEB10659.jpg,7,0,0.00053333,0.0,0.0,-1
WEB10659.jpg,8,0,0.00048133,0.0,0.0,-1
WEB10659.jpg,9,0,0.00078,0.0,0.0,-1
WEB10659.jpg,10,0,0.001224,0.0,0.0,-1
WEB10659.jpg,11,0,0.000288,0.0,0.0,-1
WEB10659.jpg,12,0,0.00058,0.061074,0.061074,0
WEB10659.jpg,13,0,0.001216,0.0,0.0,-1
WEB10659.jpg,14,0,0.000392,0.0,0.0,-1
WEB10659.jpg,15,1,0.91719333,0.0,0.0,-1
WEB10660.jpg,0,0,0.03326448,0.0,0.0,-1
WEB10660.jpg,1,0,0.00377868,0.0,0.0,-1
WEB10660.jpg,2,0,0.00319755,0.0,0.0,-1
WEB10660.jpg,3,0,0.00723787,0.0,0.0,-1
WEB10660.jpg,4,0,0.00539811,0.045063,0.045063,0
WEB10660.jpg,5,0,0.01107164,0.0,0.0,-1
WEB10660.jpg,6,1,0.14595004,0.0,0.0,-1
WEB10661.jpg,0,0,0.02859513,0.0,0.0,-1
WEB10661.jpg,1,0,0.07495575,0.0,0.0,-1
WEB10661.jpg,2,1,0.70207965,0.316742,0.316742,1
WEB10662.jpg,0,0,0.00803097,0.062868,0.062868,0
WEB10662.jpg,1,0,0.00309735,0.248669,0.248669,0
WEB10662.jpg,2,0,0.01106195,0.0,0.0,-1
WEB10662.jpg,3,0,0.00995575,0.0,0.0,-1
WEB10662.jpg,4,1,0.50977876,0.0,0.0,-1
WEB10662.jpg,5,1,0.06530973,0.0,0.0,-1
WEB10663.jpg,0,0,0.00182522,0.337626,0.337626,0
WEB10663.jpg,1,0,0.0079646,0.017434,0.017434,0
WEB10663.jpg,2,0,0.00756637,0.0,0.0,-1
WEB10663.jpg,3,1,0.30106195,0.040335,0.040335,1
WEB10664.jpg,0,0,0.01027132,0.0,0.0,-1
WEB10664.jpg,1,0,0.00543605,0.0,0.0,-1
WEB10664.jpg,2,0,0.02209302,0.0,0.0,-1
WEB10664.jpg,3,0,0.00744186,0.0,0.0,-1
WEB10664.jpg,4,1,0.33236434,0.0,0.0,-1
WEB10665.jpg,0,0,0.07631944,0.0,0.0,-1
WEB10666.jpg,0,0,0.0127875,0.0,0.0,-1
WEB10666.jpg,1,0,0.00433437,0.760165,0.760165,0
WEB10666.jpg,2,0,0.11211667,0.047931,0.047931,0
WEB10667.jpg,0,0,0.03407986,0.408351,0.408351,0
WEB10667.jpg,1,0,0.00327257,0.0,0.0,-1
WEB10667.jpg,2,1,0.58244792,0.108097,0.108097,1
WEB10668.jpg,0,0,0.0075651,0.176147,0.176147,0
WEB10668.jpg,1,0,0.00515625,0.0,0.0,-1
WEB10668.jpg,2,0,0.00062066,0.0,0.0,-1
WEB10668.jpg,3,0,0.00081163,0.0,0.0,-1
WEB10668.jpg,4,1,0.28574219,0.0,0.0,-1
WEB10669.jpg,0,0,0.01242188,0.783128,0.783128,0
WEB10669.jpg,1,0,0.00097656,0.0,0.0,-1
WEB10669.jpg,2,0,0.02637153,0.0,0.0,-1
WEB10669.jpg,3,0,0.00083333,0.0,0.0,-1
WEB10669.jpg,4,1,0.0,0.0,0.0,-1
WEB10669.jpg,5,1,0.045,0.044969,0.0,0
WEB10669.jpg,6,1,0.10944878,0.0,0.0,-1
WEB10670.jpg,0,0,0.02434896,0.640375,0.640375,0
WEB10670.jpg,1,0,0.00259549,0.290848,0.290848,0
WEB10670.jpg,2,0,0.00152778,0.0,0.0,-1
WEB10670.jpg,3,0,0.00123698,0.0,0.0,-1
WEB10670.jpg,4,0,0.0006684,0.0,0.0,-1
WEB10670.jpg,5,0,0.00429688,0.053339,0.053339,0
WEB10670.jpg,6,0,0.00640625,0.0,0.0,-1
WEB10670.jpg,7,0,0.00169705,0.014769,0.014769,0
WEB10670.jpg,8,1,0.44626736,0.0,0.0,-1
WEB10670.jpg,9,1,0.02115885,0.0,0.0,-1
WEB10671.jpg,0,0,0.00398438,0.0,0.0,-1
WEB10671.jpg,1,1,0.0956684,0.0,0.0,-1
WEB10671.jpg,2,1,0.15335069,0.0,0.0,-1
WEB10672.jpg,0,0,0.00316939,0.178958,0.178958,0
WEB10672.jpg,1,0,0.02440962,0.708124,0.708124,0
WEB10672.jpg,2,1,0.46985529,0.0,0.0,-1
WEB10673.jpg,0,0,0.02241655,0.846128,0.846128,0
WEB10673.jpg,1,0,0.02386364,0.0,0.0,-1
WEB10673.jpg,2,0,0.00382191,0.0,0.0,-1
WEB10673.jpg,3,1,0.68575994,0.041728,0.041728,1
WEB10674.jpg,0,0,0.23565341,0.135055,0.135055,0
WEB10674.jpg,1,1,0.61606889,0.812379,0.812379,1
WEB10675.jpg,0,0,0.1661266,0.0,0.0,-1
WEB10675.jpg,1,0,0.00217507,0.0,0.0,-1
WEB10675.jpg,2,0,0.00403942,0.0,0.0,-1
WEB10675.jpg,3,1,0.67862216,0.0,0.0,-1
WEB10676.jpg,0,0,0.01286399,0.0,0.0,-1
WEB10676.jpg,1,0,0.01444869,0.0,0.0,-1
WEB10676.jpg,2,0,0.5315918,0.0,0.0,-1
WEB10677.jpg,0,0,0.16210938,0.0,0.0,-1
WEB10677.jpg,1,1,0.24863281,0.0,0.0,-1
WEB10678.jpg,0,0,0.1897284,0.0,0.0,-1
WEB10678.jpg,1,1,0.36730247,0.473918,0.473918,1
WEB10679.jpg,0,0,0.00237542,0.0,0.0,-1
WEB10679.jpg,1,0,0.00172757,0.028771,0.028771,0
WEB10679.jpg,2,0,0.0009593,0.449693,0.449693,0
WEB10679.jpg,3,1,0.05819767,0.0,0.0,-1
WEB10680.jpg,0,0,0.02455856,0.0,0.0,-1
WEB10680.jpg,1,0,0.01355856,0.0,0.0,-1
WEB10680.jpg,2,1,0.2479039,0.0,0.0,-1
WEB10681.jpg,0,0,0.03201172,0.422406,0.422406,0
WEB10681.jpg,1,0,0.00482422,0.0,0.0,-1
WEB10681.jpg,2,0,0.00200195,0.0,0.0,-1
WEB10681.jpg,3,0,0.00228841,0.0,0.0,-1
WEB10681.jpg,4,1,0.43244792,0.104754,0.104754,1
WEB10682.jpg,0,0,0.01129993,0.0,0.0,-1
WEB10682.jpg,1,0,0.0030818,0.831387,0.831387,0
WEB10682.jpg,2,1,0.52329144,0.0,0.0,-1
WEB10683.jpg,0,0,0.00319182,0.0,0.0,-1
WEB10683.jpg,1,0,0.00238704,0.0,0.0,-1
WEB10683.jpg,2,0,0.00195055,0.0,0.0,-1
WEB10683.jpg,3,0,0.00625178,0.0,0.0,-1
WEB10683.jpg,4,0,0.00311225,0.0,0.0,-1
WEB10683.jpg,5,0,0.00517874,0.46062,0.46062,0
WEB10683.jpg,6,0,0.0012549,0.0,0.0,-1
WEB10683.jpg,7,0,0.00060017,0.0,0.0,-1
WEB10683.jpg,8,0,0.00097528,0.0,0.0,-1
WEB10683.jpg,9,1,0.3084058,0.0,0.0,-1
WEB10684.jpg,0,0,0.00629064,0.854902,0.854902,0
WEB10684.jpg,1,0,0.00373209,0.220127,0.220127,0
WEB10684.jpg,2,0,0.00574741,0.0,0.0,-1
WEB10684.jpg,3,0,0.03448447,0.892675,0.892675,0
WEB10684.jpg,4,1,0.1208408,0.022769,0.022769,1
WEB10684.jpg,5,1,0.07291667,0.0,0.0,-1
WEB10685.jpg,0,0,0.13378906,0.0,0.0,-1
WEB10685.jpg,1,0,0.02202257,0.0,0.0,-1
WEB10685.jpg,2,0,0.03888889,0.0,0.0,-1
WEB10685.jpg,3,1,0.53796875,0.537737,0.537737,1
WEB10686.jpg,0,0,0.02740451,0.0,0.0,-1
WEB10686.jpg,1,0,0.14720052,0.0,0.0,-1
WEB10686.jpg,2,1,0.50970486,0.017121,0.017121,1
WEB10687.jpg,0,0,0.21670139,0.0,0.0,-1
WEB10687.jpg,1,0,0.00109809,0.0,0.0,-1
WEB10687.jpg,2,0,0.05251736,0.0,0.0,-1
WEB10687.jpg,3,1,0.56694878,0.123255,0.123255,1
WEB10688.jpg,0,0,0.13189236,0.887128,0.887128,0
WEB10688.jpg,1,0,0.00413194,0.26149,0.26149,0
WEB10688.jpg,2,1,0.50039062,0.142479,0.142479,1
WEB10689.jpg,0,0,0.02588542,0.84012,0.0,1
WEB10689.jpg,1,0,0.0094184,0.208861,0.208861,0
WEB10689.jpg,2,0,0.00336372,0.0,0.0,-1
WEB10689.jpg,3,0,0.01855469,0.032896,0.032896,0
WEB10689.jpg,4,1,0.528125,0.0,0.0,-1
WEB10690.jpg,0,0,0.0218099,0.0,0.0,-1
WEB10690.jpg,1,0,0.01993056,0.0,0.0,-1
WEB10690.jpg,2,0,0.0015191,0.0,0.0,-1
WEB10690.jpg,3,0,0.004375,0.0,0.0,-1
WEB10690.jpg,4,1,0.1040625,0.0,0.0,-1
WEB10691.jpg,0,0,0.01015625,0.659182,0.659182,0
WEB10691.jpg,1,0,0.01239583,0.0,0.0,-1
WEB10691.jpg,2,0,0.00289497,0.0,0.0,-1
WEB10691.jpg,3,0,0.00998264,0.0,0.0,-1
WEB10691.jpg,4,0,0.00575521,0.0,0.0,-1
WEB10691.jpg,5,1,0.23169271,0.016168,0.016168,1
WEB10692.jpg,0,0,0.0080816,0.8552,0.8552,0
WEB10692.jpg,1,0,0.00979601,0.0,0.0,-1
WEB10692.jpg,2,0,0.00084635,0.0,0.0,-1
WEB10692.jpg,3,0,0.01331597,0.0,0.0,-1
WEB10692.jpg,4,0,0.01280382,0.0,0.0,-1
WEB10692.jpg,5,0,0.00585938,0.0,0.0,-1
WEB10692.jpg,6,1,0.26290365,0.863954,0.863954,1
WEB10692.jpg,7,1,0.000625,0.0,0.0,-1
WEB10692.jpg,8,1,0.00082465,0.0,0.0,-1
WEB10693.jpg,0,0,0.00838542,0.37604,0.37604,0
WEB10693.jpg,1,0,0.00786892,0.0,0.0,-1
WEB10693.jpg,2,0,0.01263889,0.04589,0.04589,0
WEB10693.jpg,3,0,0.00388889,0.0,0.0,-1
WEB10693.jpg,4,0,0.00101563,0.0,0.0,-1
WEB10693.jpg,5,1,0.34046007,0.0,0.0,-1
WEB10694.jpg,0,0,0.01336806,0.0,0.0,-1
WEB10694.jpg,1,0,0.00208333,0.0,0.0,-1
WEB10694.jpg,2,0,0.00427083,0.0,0.0,-1
WEB10694.jpg,3,0,0.01640625,0.323568,0.323568,0
WEB10694.jpg,4,0,0.00325521,0.0,0.0,-1
WEB10694.jpg,5,1,0.2327474,0.923039,0.923039,1
WEB10694.jpg,6,1,0.01121962,0.0,0.0,-1
WEB10695.jpg,0,0,0.01192274,0.854625,0.854625,0
WEB10695.jpg,1,0,0.00208333,0.0,0.0,-1
WEB10695.jpg,2,0,0.00201389,0.0,0.0,-1
WEB10695.jpg,3,0,0.01692708,0.0,0.0,-1
WEB10695.jpg,4,0,0.00286458,0.0,0.0,-1
WEB10695.jpg,5,1,0.37769097,0.0,0.0,-1
WEB10696.jpg,0,0,0.01375,0.267167,0.267167,0
WEB10696.jpg,1,0,0.00132813,0.0,0.0,-1
WEB10696.jpg,2,0,0.00379774,0.0,0.0,-1
WEB10696.jpg,3,0,0.0093099,0.15671,0.15671,0
WEB10696.jpg,4,0,0.00821181,0.017891,0.017891,0
WEB10696.jpg,5,1,0.3568099,0.082441,0.082441,1
WEB10696.jpg,6,1,0.00692708,0.0,0.0,-1
WEB10697.jpg,0,0,0.01729167,0.191784,0.191784,0
WEB10697.jpg,1,0,0.00671875,0.0,0.0,-1
WEB10697.jpg,2,0,0.01019965,0.381929,0.381929,0
WEB10697.jpg,3,0,0.00271267,0.0,0.0,-1
WEB10697.jpg,4,1,0.37410156,0.0,0.0,-1
WEB10698.jpg,0,0,0.01236545,0.119384,0.119384,0
WEB10698.jpg,1,0,0.01354167,0.0,0.0,-1
WEB10698.jpg,2,0,0.00413194,0.0,0.0,-1
WEB10698.jpg,3,0,0.00492188,0.086415,0.086415,0
WEB10698.jpg,4,1,0.4105816,0.0,0.0,-1
WEB10699.jpg,0,0,0.01604167,0.145157,0.145157,0
WEB10699.jpg,1,0,0.00686198,0.0,0.0,-1
WEB10699.jpg,2,0,0.00833333,0.037204,0.037204,0
WEB10699.jpg,3,0,0.00328125,0.0,0.0,-1
WEB10699.jpg,4,1,0.30533854,0.048125,0.048125,1
WEB10700.jpg,0,0,0.01549045,0.254181,0.254181,0
WEB10700.jpg,1,0,0.00195312,0.0,0.0,-1
WEB10700.jpg,2,0,0.00109375,0.0,0.0,-1
WEB10700.jpg,3,0,0.02024306,0.478386,0.478386,0
WEB10700.jpg,4,0,0.00329427,0.0,0.0,-1
WEB10700.jpg,5,1,0.27652778,0.832815,0.832815,1
WEB10701.jpg,0,0,0.01731771,0.0,0.0,-1
WEB10701.jpg,1,0,0.00127604,0.0,0.0,-1
WEB10701.jpg,2,0,0.00486111,0.0,0.0,-1
WEB10701.jpg,3,0,0.00539063,0.0,0.0,-1
WEB10701.jpg,4,0,0.00264323,0.0,0.0,-1
WEB10701.jpg,5,1,0.24571615,0.867153,0.867153,1
WEB10702.jpg,0,0,0.01285156,0.810238,0.810238,0
WEB10702.jpg,1,0,0.00328125,0.0,0.0,-1
WEB10702.jpg,2,0,0.01583333,0.07337,0.07337,0
WEB10702.jpg,3,1,0.07376302,0.886927,0.886927,1
WEB10703.jpg,0,0,0.02118056,0.0,0.0,-1
WEB10703.jpg,1,0,0.00269531,0.0,0.0,-1
WEB10703.jpg,2,1,0.10132378,0.0,0.0,-1
WEB10704.jpg,0,0,0.24118056,0.691622,0.049829,1
WEB10705.jpg,0,0,0.11743056,0.03713,0.03713,0
WEB10705.jpg,1,0,0.0053125,0.0,0.0,-1
WEB10705.jpg,2,0,0.00219618,0.794587,0.794587,0
WEB10705.jpg,3,1,0.13152344,0.16409,0.16409,1
WEB10706.jpg,0,0,0.09505208,0.081619,0.081619,0
WEB10706.jpg,1,1,0.09434028,0.0,0.0,-1
WEB10707.jpg,0,0,0.05655816,0.401664,0.401664,0
WEB10707.jpg,1,1,0.0546875,0.0,0.0,-1
WEB10707.jpg,2,0,0.01157986,0.0,0.0,-1
WEB10708.jpg,0,0,0.07583333,0.0,0.0,-1
WEB10708.jpg,1,0,0.0234375,0.0,0.0,-1
WEB10708.jpg,2,0,0.00135417,0.246592,0.246592,0
WEB10708.jpg,3,1,0.22740017,0.822047,0.822047,1
WEB10709.jpg,0,0,0.0371875,0.0,0.0,-1
WEB10709.jpg,1,1,0.12413194,0.0,0.0,-1
WEB10710.jpg,0,0,0.03317708,0.0,0.0,-1
WEB10710.jpg,1,0,0.00304688,0.0,0.0,-1
WEB10710.jpg,2,1,0.14496528,0.0,0.0,-1
WEB10711.jpg,0,0,0.02552083,0.0,0.0,-1
WEB10711.jpg,1,1,0.2103776,0.0,0.0,-1
WEB10712.jpg,0,1,0.02612847,0.0,0.0,-1
WEB10712.jpg,1,0,0.03027778,0.185834,0.185834,0
WEB10712.jpg,2,0,0.1059375,0.758919,0.758919,0
WEB10712.jpg,3,1,0.05826823,0.0,0.0,-1
WEB10712.jpg,4,0,0.00265625,0.46611,0.46611,0
WEB10712.jpg,5,0,0.00148438,0.6154,0.6154,0
WEB10713.jpg,0,0,0.00253038,0.389288,0.389288,0
WEB10713.jpg,1,1,0.03497396,0.0,0.0,-1
WEB10713.jpg,2,0,0.02821181,0.71442,0.71442,0
WEB10713.jpg,3,0,0.10888021,0.82707,0.82707,0
WEB10713.jpg,4,1,0.06419271,0.0,0.0,-1
WEB10713.jpg,5,0,0.00154948,0.309137,0.309137,0
WEB10714.jpg,0,0,0.0014464,0.632366,0.632366,0
WEB10714.jpg,1,0,0.00052409,0.0,0.0,-1
WEB10714.jpg,2,0,0.08683702,0.919671,0.919671,0
WEB10714.jpg,3,1,0.62818468,0.0,0.0,-1
WEB10714.jpg,4,0,0.00440538,0.0,0.0,-1
WEB10714.jpg,5,0,0.00022569,0.0,0.0,-1
WEB10714.jpg,6,0,0.00134766,0.0,0.0,-1
WEB10714.jpg,7,0,0.00039063,0.0,0.0,-1
WEB10714.jpg,8,0,0.00038194,0.0,0.0,-1
WEB10715.jpg,0,0,0.03843316,0.0,0.0,-1
WEB10715.jpg,1,0,0.01770833,0.0,0.0,-1
WEB10715.jpg,2,0,0.00519531,0.0,0.0,-1
WEB10715.jpg,3,1,0.11050347,0.0,0.0,-1
WEB10715.jpg,4,0,0.000625,0.0,0.0,-1
WEB10716.jpg,0,0,0.10828125,0.0,0.0,-1
WEB10716.jpg,1,0,0.10170139,0.0,0.0,-1
WEB10717.jpg,0,0,0.20480469,0.189063,0.189063,0
WEB10718.jpg,0,1,0.25520833,0.097684,0.0,0
WEB10719.jpg,0,0,0.06072917,0.0,0.0,-1
WEB10720.jpg,0,0,0.12585259,0.550388,0.550388,0
WEB10720.jpg,1,0,0.01929318,0.0,0.0,-1
WEB10720.jpg,2,1,0.26435644,0.794895,0.794895,1
WEB10721.jpg,0,0,0.0283805,0.0,0.0,-1
WEB10721.jpg,1,0,0.00223565,0.0,0.0,-1
WEB10721.jpg,2,0,0.00135368,0.0,0.0,-1
WEB10721.jpg,3,1,0.93752948,0.572767,0.572767,1
WEB10722.jpg,0,0,0.35185185,0.894266,0.894266,0
WEB10722.jpg,1,1,0.16924804,0.0,0.0,-1
WEB10722.jpg,2,1,0.22361111,0.024864,0.024864,1
WEB10723.jpg,0,0,0.74102132,0.21656,0.0,1
WEB10723.jpg,1,1,0.62132435,0.21656,0.21656,1
WEB10724.jpg,0,0,0.0011849,0.783229,0.783229,0
WEB10724.jpg,1,0,0.00036458,0.369174,0.369174,0
WEB10724.jpg,2,0,0.06302083,0.890247,0.890247,0
WEB10724.jpg,3,1,0.49261068,0.0,0.0,-1
WEB10724.jpg,4,0,0.00059679,0.0,0.0,-1
WEB10724.jpg,5,0,0.00035156,0.0,0.0,-1
WEB10724.jpg,6,0,0.00027778,0.0,0.0,-1
WEB10725.jpg,0,0,0.00206597,0.0,0.0,-1
WEB10725.jpg,1,0,0.00110677,0.477577,0.477577,0
WEB10725.jpg,2,0,0.00319444,0.0,0.0,-1
WEB10725.jpg,3,0,0.05538194,0.879366,0.879366,0
WEB10725.jpg,4,1,0.25449653,0.0,0.0,-1
WEB10726.jpg,0,0,0.00955295,0.183089,0.183089,0
WEB10726.jpg,1,0,0.00375,0.267037,0.267037,0
WEB10726.jpg,2,0,0.00395833,0.0,0.0,-1
WEB10726.jpg,3,0,0.04411458,0.0,0.0,-1
WEB10726.jpg,4,1,0.65928819,0.729926,0.729926,1
WEB10727.jpg,0,0,0.09565972,0.824204,0.824204,0
WEB10727.jpg,1,0,0.00200521,0.0,0.0,-1
WEB10727.jpg,2,0,0.00169705,0.0,0.0,-1
WEB10727.jpg,3,1,0.11317274,0.688718,0.688718,1
WEB10728.jpg,0,1,0.5924197,0.0,0.0,-1
WEB10728.jpg,1,0,0.0015625,0.60856,0.60856,0
WEB10728.jpg,2,0,0.03850043,0.901761,0.901761,0
WEB10728.jpg,3,0,0.00056207,0.0,0.0,-1
WEB10728.jpg,4,0,0.00038737,0.0,0.0,-1
WEB10728.jpg,5,0,0.00053819,0.0,0.0,-1
WEB10728.jpg,6,0,0.00037109,0.190406,0.190406,0
WEB10729.jpg,0,0,0.00477431,0.0,0.0,-1
WEB10729.jpg,1,0,0.00109375,0.787016,0.787016,0
WEB10729.jpg,2,1,0.2328125,0.0,0.0,-1
WEB10730.jpg,0,0,0.00123047,0.695929,0.695929,0
WEB10730.jpg,1,0,0.00143229,0.603528,0.603528,0
WEB10730.jpg,2,0,0.00050781,0.0,0.0,-1
WEB10730.jpg,3,0,0.08362196,0.871193,0.871193,0
WEB10730.jpg,4,1,0.58332465,0.0,0.0,-1
WEB10730.jpg,5,0,0.0009375,0.0,0.0,-1
WEB10731.jpg,0,0,0.00744792,0.0,0.0,-1
WEB10731.jpg,1,0,0.00139757,0.0,0.0,-1
WEB10731.jpg,2,1,0.32642361,0.0,0.0,-1
WEB10732.jpg,0,1,0.26677517,0.0,0.0,-1
WEB10732.jpg,1,0,0.05603516,0.889055,0.889055,0
WEB10732.jpg,2,0,0.00080295,0.752531,0.752531,0
WEB10732.jpg,3,0,0.00166016,0.751369,0.751369,0
WEB10732.jpg,4,0,0.00078993,0.033488,0.033488,0
WEB10732.jpg,5,0,0.00053711,0.491208,0.491208,0
WEB10733.jpg,0,0,0.03140625,0.838926,0.838926,0
WEB10733.jpg,1,0,0.00140191,0.212104,0.212104,0
WEB10733.jpg,2,1,0.13161458,0.392074,0.392074,1
WEB10734.jpg,0,0,0.00551615,0.056784,0.056784,0
WEB10734.jpg,1,0,0.00647491,0.0,0.0,-1
WEB10734.jpg,2,0,0.21578671,0.0,0.0,-1
WEB10734.jpg,3,1,0.15140531,0.0,0.0,-1
WEB10735.jpg,0,0,0.00899315,0.0,0.0,-1
WEB10735.jpg,1,0,0.01021468,0.0,0.0,-1
WEB10735.jpg,2,0,0.01151316,0.0,0.0,-1
WEB10735.jpg,3,0,0.00215451,0.0,0.0,-1
WEB10735.jpg,4,0,0.00600185,0.0,0.0,-1
WEB10735.jpg,5,0,0.00188039,0.0,0.0,-1
WEB10735.jpg,6,1,0.27917244,0.444326,0.185833,0
WEB10736.jpg,0,0,0.01853299,0.058543,0.058543,0
WEB10736.jpg,1,0,0.00109375,0.0,0.0,-1
WEB10736.jpg,2,1,0.5325,0.0,0.0,-1
WEB10737.jpg,0,0,0.01678602,0.846911,0.846911,0
WEB10737.jpg,1,0,0.00076172,0.0,0.0,-1
WEB10737.jpg,2,1,0.48070313,0.200091,0.200091,1
WEB10738.jpg,0,0,0.03034091,0.816585,0.816585,0
WEB10738.jpg,1,0,0.07851431,0.0,0.0,-1
WEB10738.jpg,2,0,0.10699495,0.0,0.0,-1
WEB10738.jpg,3,0,0.03085859,0.0,0.0,-1
WEB10738.jpg,4,0,0.1750463,0.183112,0.0,1
WEB10739.jpg,0,0,0.108125,0.891275,0.891275,0
WEB10739.jpg,1,0,0.0197526,0.021438,0.021438,0
WEB10739.jpg,2,0,0.05333333,0.8181,0.8181,0
WEB10739.jpg,3,0,0.00229601,0.0,0.0,-1
WEB10739.jpg,4,0,0.00753472,0.0,0.0,-1
WEB10739.jpg,5,1,0.66,0.139201,0.139201,1
WEB10740.jpg,0,0,0.0403125,0.812241,0.812241,0
WEB10740.jpg,1,0,0.05079861,0.587213,0.587213,0
WEB10740.jpg,2,0,0.01063802,0.309606,0.309606,0
WEB10740.jpg,3,0,0.00615885,0.0,0.0,-1
WEB10740.jpg,4,1,0.41432292,0.0,0.0,-1
WEB10741.jpg,0,0,0.06132813,0.903174,0.903174,0
WEB10741.jpg,1,0,0.03789063,0.640896,0.640896,0
WEB10741.jpg,2,0,0.01875,0.0,0.0,-1
WEB10741.jpg,3,0,0.01074219,0.0,0.0,-1
WEB10741.jpg,4,1,0.36336806,0.803382,0.803382,1
WEB10741.jpg,5,0,0.0019184,0.011975,0.011975,0
WEB10742.jpg,0,0,0.03128906,0.673693,0.673693,0
WEB10742.jpg,1,0,0.03170139,0.837316,0.837316,0
WEB10742.jpg,2,0,0.04365017,0.372517,0.372517,0
WEB10742.jpg,3,0,0.00923611,0.042283,0.042283,0
WEB10742.jpg,4,0,0.00442708,0.0,0.0,-1
WEB10742.jpg,5,1,0.40538194,0.846431,0.846431,1
WEB10743.jpg,0,0,0.03518663,0.017207,0.017207,0
WEB10743.jpg,1,1,0.06556424,0.0,0.0,-1
WEB10744.jpg,0,0,0.06872396,0.67435,0.67435,0
WEB10744.jpg,1,0,0.03041233,0.0,0.0,-1
WEB10744.jpg,2,0,0.02166667,0.464148,0.464148,0
WEB10744.jpg,3,1,0.09072917,0.836573,0.836573,1
WEB10744.jpg,4,1,0.10388889,0.0,0.0,-1
WEB10744.jpg,5,1,0.07046875,0.0,0.0,-1
WEB10745.jpg,0,0,0.0893316,0.0,0.0,-1
WEB10745.jpg,1,0,0.05282986,0.31679,0.31679,0
WEB10745.jpg,2,1,0.15761719,0.547491,0.547491,1
WEB10745.jpg,3,1,0.12039931,0.62648,0.62648,1
WEB10746.jpg,0,0,0.02549479,0.691792,0.691792,0
WEB10746.jpg,1,0,0.03956597,0.460875,0.460875,0
WEB10746.jpg,2,0,0.02821181,0.0,0.0,-1
WEB10746.jpg,3,0,0.01917535,0.259056,0.259056,0
WEB10746.jpg,4,1,0.17626736,0.199863,0.199863,1
WEB10747.jpg,0,0,0.07588542,0.852836,0.852836,0
WEB10747.jpg,1,0,0.07030816,0.0,0.0,-1
WEB10747.jpg,2,0,0.00553819,0.0,0.0,-1
WEB10747.jpg,3,0,0.01009115,0.0,0.0,-1
WEB10747.jpg,4,0,0.00375,0.014314,0.014314,0
WEB10747.jpg,5,1,0.27810764,0.358741,0.358741,1
WEB10747.jpg,6,1,0.1080599,0.144342,0.144342,1
WEB10748.jpg,0,0,0.02052951,0.506883,0.506883,0
WEB10748.jpg,1,0,0.05538194,0.0,0.0,-1
WEB10748.jpg,2,1,0.48783854,0.015603,0.015603,1
WEB10749.jpg,0,0,0.04602865,0.782326,0.782326,0
WEB10749.jpg,1,0,0.07947917,0.882481,0.882481,0
WEB10749.jpg,2,0,0.01701389,0.0,0.0,-1
WEB10749.jpg,3,1,0.1065625,0.691015,0.691015,1
WEB10749.jpg,4,1,0.11178819,0.0,0.0,-1
WEB10750.jpg,0,0,0.17401042,0.848828,0.848828,0
WEB10750.jpg,1,1,0.39569444,0.0,0.0,-1
WEB10750.jpg,2,1,0.15667969,0.889102,0.889102,1
WEB10751.jpg,0,0,0.01161024,0.885336,0.885336,0
WEB10751.jpg,1,0,0.00320964,0.0,0.0,-1
WEB10751.jpg,2,0,0.00075955,0.0,0.0,-1
WEB10751.jpg,3,1,0.14479167,0.096375,0.096375,1
WEB10751.jpg,4,0,0.00037435,0.0,0.0,-1
WEB10752.jpg,0,0,0.00945313,0.0,0.0,-1
WEB10752.jpg,1,0,0.1746875,0.803703,0.803703,0
WEB10752.jpg,2,0,0.01798611,0.0,0.0,-1
WEB10752.jpg,3,0,0.01019965,0.0,0.0,-1
WEB10752.jpg,4,0,0.01375,0.0,0.0,-1
WEB10752.jpg,5,1,0.75250434,0.0,0.0,-1
WEB10753.jpg,0,0,0.03874566,0.90245,0.90245,0
WEB10753.jpg,1,0,0.13740885,0.924458,0.924458,0
WEB10753.jpg,2,1,0.4140625,0.027928,0.027928,1
WEB10753.jpg,3,1,0.03354167,0.0,0.0,-1
WEB10754.jpg,0,1,0.08042969,0.030952,0.030952,1
WEB10754.jpg,1,0,0.0026888,0.0,0.0,-1
WEB10754.jpg,2,0,0.00067383,0.0,0.0,-1
WEB10754.jpg,3,0,0.00097548,0.0,0.0,-1
WEB10754.jpg,4,0,0.00874349,0.842579,0.842579,0
WEB10754.jpg,5,0,0.00785156,0.0,0.0,-1
WEB10755.jpg,0,0,0.10054688,0.672299,0.672299,0
WEB10755.jpg,1,0,0.08036024,0.930741,0.930741,0
WEB10755.jpg,2,0,0.08458333,0.426612,0.426612,0
WEB10755.jpg,3,0,0.0577691,0.603195,0.603195,0
WEB10755.jpg,4,0,0.00920139,0.0,0.0,-1
WEB10755.jpg,5,1,0.48137153,0.0,0.0,-1
WEB10756.jpg,0,0,0.00905501,0.782138,0.782138,0
WEB10756.jpg,1,0,0.01064815,0.074209,0.074209,0
WEB10756.jpg,2,1,0.27826797,0.032832,0.032832,1
WEB10757.jpg,0,0,0.02135076,0.0,0.0,-1
WEB10757.jpg,1,0,0.075,0.381798,0.381798,0
WEB10757.jpg,2,0,0.01851852,0.0,0.0,-1
WEB10757.jpg,3,1,0.37385621,0.02254,0.02254,1
WEB10758.jpg,0,0,0.02673611,0.0,0.0,-1
WEB10758.jpg,1,0,0.01121094,0.0,0.0,-1
WEB10758.jpg,2,0,0.0105816,0.05882,0.05882,0
WEB10758.jpg,3,1,0.75412326,0.650361,0.448028,0
WEB10759.jpg,0,0,0.09220052,0.0,0.0,-1
WEB10759.jpg,1,0,0.01875,0.0,0.0,-1
WEB10759.jpg,2,1,0.50442708,0.449911,0.449911,1
WEB10759.jpg,3,0,0.01117188,0.0,0.0,-1
WEB10759.jpg,4,0,0.00960937,0.0,0.0,-1
WEB10760.jpg,0,0,0.03350497,0.0,0.0,-1
WEB10760.jpg,1,0,0.00799006,0.0,0.0,-1
WEB10760.jpg,2,0,0.01155895,0.0,0.0,-1
WEB10760.jpg,3,0,0.00198864,0.0,0.0,-1
WEB10760.jpg,4,1,0.46107067,0.558388,0.465645,0
WEB10761.jpg,0,0,0.00437678,0.0,0.0,-1
WEB10761.jpg,1,0,0.0035467,0.0,0.0,-1
WEB10761.jpg,2,0,0.00435014,0.0,0.0,-1
WEB10761.jpg,3,0,0.00186435,0.0,0.0,-1
WEB10761.jpg,4,1,0.13710938,0.112381,0.112381,1
WEB10762.jpg,0,0,0.00752841,0.0,0.0,-1
WEB10762.jpg,1,0,0.01298384,0.0,0.0,-1
WEB10762.jpg,2,0,0.0020641,0.0,0.0,-1
WEB10762.jpg,3,1,0.46182528,0.66243,0.210082,0
WEB10762.jpg,4,0,0.09363015,0.0,0.0,-1
WEB10763.jpg,0,1,0.12202148,0.022352,0.022352,1
WEB10763.jpg,1,0,0.01019531,0.874414,0.874414,0
WEB10763.jpg,2,0,0.00249891,0.0,0.0,-1
WEB10764.jpg,0,0,0.00237567,0.0,0.0,-1
WEB10764.jpg,1,0,0.0349026,0.0,0.0,-1
WEB10764.jpg,2,0,0.08873139,0.0,0.0,-1
WEB10764.jpg,3,1,0.47972759,0.672765,0.672765,1
WEB10765.jpg,0,0,0.00802951,0.0,0.0,-1
WEB10765.jpg,1,0,0.00251736,0.0,0.0,-1
WEB10765.jpg,2,0,0.08266493,0.058939,0.058939,0
WEB10765.jpg,3,1,0.51269531,0.610878,0.610878,1
WEB10766.jpg,0,0,0.25265625,0.607477,0.607477,0
WEB10766.jpg,1,0,0.00458333,0.382306,0.382306,0
WEB10766.jpg,2,1,0.78424479,0.668522,0.668522,1
WEB10767.jpg,0,0,0.06140625,0.888018,0.888018,0
WEB10767.jpg,1,1,0.70007812,0.594596,0.594596,1
WEB10767.jpg,2,0,0.0253559,0.0,0.0,-1
WEB10768.jpg,0,0,0.0040625,0.055207,0.055207,0
WEB10768.jpg,1,0,0.03007813,0.561943,0.561943,0
WEB10768.jpg,2,1,0.27083333,0.569946,0.569946,1
WEB10768.jpg,3,0,0.00427951,0.0,0.0,-1
WEB10769.jpg,0,0,0.10855035,0.835564,0.835564,0
WEB10769.jpg,1,1,0.72936198,0.023581,0.023581,1
WEB10770.jpg,0,0,0.15885417,0.511999,0.511999,0
WEB10770.jpg,1,1,0.71946615,0.62883,0.62883,1
WEB10771.jpg,0,0,0.004288,0.0,0.0,-1
WEB10771.jpg,1,0,0.01296165,0.0,0.0,-1
WEB10771.jpg,2,1,0.10859375,0.0,0.0,-1
WEB10772.jpg,0,0,0.00420573,0.0,0.0,-1
WEB10772.jpg,1,0,0.00090278,0.0,0.0,-1
WEB10772.jpg,2,0,0.03203125,0.31956,0.31956,0
WEB10772.jpg,3,0,0.00617188,0.087232,0.087232,0
WEB10772.jpg,4,0,0.003125,0.0,0.0,-1
WEB10772.jpg,5,0,0.00133681,0.0,0.0,-1
WEB10772.jpg,6,1,0.39980035,0.05158,0.05158,1
WEB10773.jpg,0,0,0.10046007,0.929914,0.929914,0
WEB10773.jpg,1,0,0.02953993,0.89412,0.89412,0
WEB10773.jpg,2,0,0.01972222,0.876596,0.876596,0
WEB10773.jpg,3,1,0.18186632,0.0,0.0,-1
WEB10774.jpg,0,0,0.00979167,0.427786,0.427786,0
WEB10774.jpg,1,1,0.09296875,0.0,0.0,-1
WEB10775.jpg,0,0,0.17044271,0.579457,0.579457,0
WEB10775.jpg,1,0,0.00609375,0.0,0.0,-1
WEB10775.jpg,2,1,0.58398438,0.723826,0.723826,1
WEB10776.jpg,0,0,0.02661458,0.833807,0.833807,0
WEB10776.jpg,1,0,0.00703125,0.0,0.0,-1
WEB10776.jpg,2,0,0.00209635,0.0,0.0,-1
WEB10776.jpg,3,0,0.01335937,0.0,0.0,-1
WEB10776.jpg,4,1,0.29440972,0.168667,0.168667,1
WEB10777.jpg,0,0,0.0403125,0.799714,0.799714,0
WEB10777.jpg,1,0,0.05042535,0.0,0.0,-1
WEB10777.jpg,2,0,0.01210938,0.026046,0.026046,0
WEB10777.jpg,3,1,0.0937717,0.467003,0.467003,1
WEB10777.jpg,4,1,0.21085069,0.752141,0.752141,1
WEB10778.jpg,0,0,0.01102865,0.168102,0.168102,0
WEB10778.jpg,1,0,0.015,0.01168,0.01168,0
WEB10778.jpg,2,0,0.00303819,0.298941,0.298941,0
WEB10778.jpg,3,0,0.10944444,0.816372,0.816372,0
WEB10778.jpg,4,0,0.00169705,0.0,0.0,-1
WEB10778.jpg,5,1,0.42867622,0.0,0.0,-1
WEB10779.jpg,0,0,0.07715278,0.813764,0.813764,0
WEB10779.jpg,1,0,0.02236111,0.605861,0.605861,0
WEB10779.jpg,2,0,0.00257813,0.0,0.0,-1
WEB10779.jpg,3,0,0.00427951,0.0,0.0,-1
WEB10779.jpg,4,1,0.62497396,0.0,0.0,-1
WEB10780.jpg,0,0,0.13940104,0.746381,0.746381,0
WEB10780.jpg,1,0,0.02942708,0.182076,0.182076,0
WEB10780.jpg,2,0,0.03294271,0.0,0.0,-1
WEB10780.jpg,3,0,0.01032552,0.074038,0.074038,0
WEB10780.jpg,4,0,0.00243056,0.234058,0.234058,0
WEB10780.jpg,5,0,0.00597656,0.0,0.0,-1
WEB10780.jpg,6,1,0.62969618,0.05262,0.05262,1
WEB10781.jpg,0,0,0.08501736,0.897405,0.897405,0
WEB10781.jpg,1,0,0.11421875,0.370733,0.370733,0
WEB10781.jpg,2,1,0.21888021,0.0,0.0,-1
WEB10782.jpg,0,0,0.05578125,0.595979,0.595979,0
WEB10782.jpg,1,0,0.0243967,0.0,0.0,-1
WEB10782.jpg,2,0,0.00867188,0.113688,0.113688,0
WEB10782.jpg,3,0,0.00782986,0.010557,0.010557,0
WEB10782.jpg,4,0,0.01230469,0.0,0.0,-1
WEB10782.jpg,5,0,0.05505208,0.700922,0.700922,0
WEB10782.jpg,6,0,0.00479167,0.0,0.0,-1
WEB10782.jpg,7,1,0.50513021,0.653921,0.653921,1
WEB10783.jpg,0,0,0.04041667,0.725487,0.725487,0
WEB10783.jpg,1,0,0.01972222,0.029203,0.029203,0
WEB10783.jpg,2,0,0.02119792,0.0,0.0,-1
WEB10783.jpg,3,0,0.04684028,0.0,0.0,-1
WEB10783.jpg,4,0,0.01036024,0.0,0.0,-1
WEB10783.jpg,5,1,0.3471441,0.469381,0.469381,1
WEB10784.jpg,0,0,0.09381076,0.882331,0.882331,0
WEB10784.jpg,1,0,0.055,0.56704,0.56704,0
WEB10784.jpg,2,0,0.00328125,0.0,0.0,-1
WEB10784.jpg,3,0,0.00372396,0.0,0.0,-1
WEB10784.jpg,4,1,0.32372396,0.702387,0.702387,1
WEB10785.jpg,0,0,0.01640625,0.0,0.0,-1
WEB10785.jpg,1,0,0.00976563,0.0,0.0,-1
WEB10785.jpg,2,0,0.10875868,0.748299,0.748299,0
WEB10785.jpg,3,0,0.00541667,0.0,0.0,-1
WEB10785.jpg,4,1,0.37719184,0.716853,0.716853,1
WEB10786.jpg,0,0,0.00174913,0.0,0.0,-1
WEB10786.jpg,1,0,0.03578559,0.849723,0.849723,0
WEB10786.jpg,2,0,0.025,0.0,0.0,-1
WEB10786.jpg,3,0,0.00566406,0.0,0.0,-1
WEB10786.jpg,4,0,0.01257813,0.0,0.0,-1
WEB10786.jpg,5,1,0.42725694,0.846632,0.846632,1
WEB10787.jpg,0,0,0.08327257,0.874258,0.874258,0
WEB10787.jpg,1,0,0.04519965,0.010042,0.010042,0
WEB10787.jpg,2,0,0.01579861,0.0,0.0,-1
WEB10787.jpg,3,0,0.00680556,0.017385,0.017385,0
WEB10787.jpg,4,1,0.34739583,0.839899,0.839899,1
WEB10788.jpg,0,0,0.02200521,0.796119,0.796119,0
WEB10788.jpg,1,0,0.00236979,0.0,0.0,-1
WEB10788.jpg,2,0,0.03135851,0.0,0.0,-1
WEB10788.jpg,3,0,0.04455729,0.725951,0.725951,0
WEB10788.jpg,4,0,0.00361111,0.0,0.0,-1
WEB10788.jpg,5,1,0.57291667,0.405452,0.405452,1
WEB10790.jpg,0,0,0.03017361,0.750041,0.750041,0
WEB10790.jpg,1,0,0.02454427,0.818046,0.818046,0
WEB10790.jpg,2,0,0.0525,0.572532,0.572532,0
WEB10790.jpg,3,0,0.01360677,0.12606,0.12606,0
WEB10790.jpg,4,0,0.0028776,0.0,0.0,-1
WEB10790.jpg,5,1,0.32230903,0.890828,0.890828,1
WEB10791.jpg,0,0,0.0133724,0.0,0.0,-1
WEB10791.jpg,1,0,0.028125,0.8652,0.8652,0
WEB10791.jpg,2,0,0.03592448,0.826764,0.826764,0
WEB10791.jpg,3,0,0.08301215,0.859806,0.859806,0
WEB10791.jpg,4,1,0.35091146,0.302443,0.302443,1
WEB10792.jpg,0,0,0.0940625,0.902495,0.902495,0
WEB10792.jpg,1,0,0.02413628,0.607982,0.607982,0
WEB10792.jpg,2,0,0.02811632,0.855566,0.855566,0
WEB10792.jpg,3,0,0.01080729,0.0,0.0,-1
WEB10792.jpg,4,1,0.3665625,0.502254,0.502254,1
WEB10793.jpg,0,0,0.12058594,0.908571,0.908571,0
WEB10793.jpg,1,0,0.0309375,0.718174,0.718174,0
WEB10793.jpg,2,0,0.00693576,0.0501,0.0501,0
WEB10793.jpg,3,0,0.00625,0.0,0.0,-1
WEB10793.jpg,4,1,0.3569401,0.094486,0.094486,1
WEB10794.jpg,0,0,0.08327257,0.898,0.898,0
WEB10794.jpg,1,0,0.00282118,0.0,0.0,-1
WEB10794.jpg,2,0,0.005,0.105381,0.105381,0
WEB10794.jpg,3,0,0.03125,0.509842,0.509842,0
WEB10794.jpg,4,1,0.29804688,0.124283,0.124283,1
WEB10795.jpg,0,0,0.06976562,0.011051,0.011051,0
WEB10795.jpg,1,0,0.13132813,0.876779,0.876779,0
WEB10795.jpg,2,0,0.0046875,0.0,0.0,-1
WEB10795.jpg,3,0,0.00109375,0.14529,0.14529,0
WEB10795.jpg,4,1,0.48456597,0.093551,0.093551,1
WEB10796.jpg,0,0,0.06659722,0.710812,0.710812,0
WEB10796.jpg,1,0,0.06308594,0.913365,0.913365,0
WEB10796.jpg,2,0,0.00816406,0.0,0.0,-1
WEB10796.jpg,3,1,0.41915799,0.052027,0.052027,1
WEB10797.jpg,0,0,0.00778646,0.0,0.0,-1
WEB10797.jpg,1,0,0.00282552,0.0,0.0,-1
WEB10797.jpg,2,0,0.03166667,0.0,0.0,-1
WEB10797.jpg,3,0,0.04463976,0.415231,0.415231,0
WEB10797.jpg,4,1,0.11392361,0.924537,0.924537,1
WEB10797.jpg,5,1,0.03666667,0.0,0.0,-1
WEB10797.jpg,6,1,0.08005642,0.0,0.0,-1
WEB10798.jpg,0,0,0.04302083,0.091605,0.091605,0
WEB10798.jpg,1,0,0.09321181,0.0,0.0,-1
WEB10798.jpg,2,1,0.16464844,0.398213,0.398213,1
WEB10798.jpg,3,1,0.09503472,0.188438,0.188438,1
WEB10799.jpg,0,0,0.02549479,0.359863,0.359863,0
WEB10799.jpg,1,0,0.03956597,0.045188,0.045188,0
WEB10799.jpg,2,0,0.02821181,0.0,0.0,-1
WEB10799.jpg,3,0,0.01917535,0.678847,0.678847,0
WEB10799.jpg,4,1,0.17626736,0.823472,0.823472,1
WEB10800.jpg,0,0,0.02083333,0.279964,0.279964,0
WEB10800.jpg,1,0,0.00152778,0.0,0.0,-1
WEB10800.jpg,2,0,0.004375,0.633511,0.633511,0
WEB10800.jpg,3,0,0.06437934,0.0,0.0,-1
WEB10800.jpg,4,0,0.03661458,0.823784,0.823784,0
WEB10800.jpg,5,1,0.26293403,0.692222,0.692222,1
WEB10800.jpg,6,1,0.07595486,0.031258,0.031258,1
WEB10801.jpg,0,0,0.05909722,0.156016,0.156016,0
WEB10801.jpg,1,0,0.00516493,0.812845,0.812845,0
WEB10801.jpg,2,0,0.12041667,0.0,0.0,-1
WEB10801.jpg,3,0,0.00562066,0.034389,0.034389,0
WEB10801.jpg,4,0,0.00610243,0.0,0.0,-1
WEB10801.jpg,5,1,0.10003472,0.47961,0.47961,1
WEB10801.jpg,6,1,0.23646267,0.491736,0.491736,1
WEB10802.jpg,0,1,0.93075521,0.622501,0.622501,1
WEB10803.jpg,0,0,0.09479167,0.878471,0.878471,0
WEB10803.jpg,1,0,0.0028125,0.0,0.0,-1
WEB10803.jpg,2,0,0.06109375,0.0,0.0,-1
WEB10803.jpg,3,0,0.01336806,0.0,0.0,-1
WEB10803.jpg,4,1,0.14494792,0.0,0.0,-1
WEB10803.jpg,5,1,0.15167101,0.09828,0.09828,1
WEB10804.jpg,0,0,0.28001302,0.894777,0.894777,0
WEB10804.jpg,1,0,0.00139757,0.0,0.0,-1
WEB10804.jpg,2,0,0.00546007,0.047731,0.047731,0
WEB10804.jpg,3,1,0.39844618,0.0,0.0,-1
WEB10804.jpg,4,0,0.01458333,0.0,0.0,-1
WEB10804.jpg,5,1,0.08268229,0.864245,0.864245,1
WEB10805.jpg,0,0,0.11932292,0.869901,0.869901,0
WEB10805.jpg,1,0,0.03471354,0.788079,0.788079,0
WEB10805.jpg,2,0,0.00979167,0.0,0.0,-1
WEB10805.jpg,3,0,0.00824653,0.018216,0.018216,0
WEB10805.jpg,4,1,0.34169705,0.0,0.0,-1
WEB10805.jpg,5,1,0.05997396,0.0,0.0,-1
WEB10806.jpg,0,1,0.01379015,0.0,0.0,-1
WEB10806.jpg,1,1,0.12820964,0.916055,0.916055,1
WEB10806.jpg,2,0,0.00859375,0.23449,0.23449,0
WEB10806.jpg,3,0,0.00535482,0.0,0.0,-1
WEB10807.jpg,0,0,0.06065104,0.328174,0.328174,0
WEB10807.jpg,1,0,0.07850694,0.60298,0.60298,0
WEB10807.jpg,2,0,0.00671875,0.0,0.0,-1
WEB10807.jpg,3,0,0.00428819,0.0,0.0,-1
WEB10807.jpg,4,0,0.02426215,0.0,0.0,-1
WEB10807.jpg,5,0,0.00260417,0.0,0.0,-1
WEB10807.jpg,6,1,0.38242188,0.446791,0.446791,1
WEB10807.jpg,7,1,0.05251736,0.0,0.0,-1
WEB10807.jpg,8,0,0.01856337,0.0,0.0,-1
WEB10808.jpg,0,0,0.04511719,0.0,0.0,-1
WEB10808.jpg,1,0,0.008125,0.0,0.0,-1
WEB10808.jpg,2,1,0.70622396,0.0,0.0,-1
WEB10809.jpg,0,0,0.41709635,0.852459,0.852459,0
WEB10810.jpg,0,0,0.00697168,0.364376,0.364376,0
WEB10810.jpg,1,0,0.0125,0.0,0.0,-1
WEB10810.jpg,2,1,0.20130719,0.01897,0.01897,1
WEB10811.jpg,0,0,0.05826823,0.0,0.0,-1
WEB10811.jpg,1,0,0.01032552,0.0,0.0,-1
WEB10811.jpg,2,1,0.69505208,0.717678,0.491009,0
WEB10812.jpg,0,0,0.02673611,0.0,0.0,-1
WEB10812.jpg,1,0,0.01121094,0.0,0.0,-1
WEB10812.jpg,2,0,0.0105816,0.0,0.0,-1
WEB10812.jpg,3,1,0.75412326,0.399258,0.296451,0
WEB10813.jpg,0,0,0.01611328,0.0,0.0,-1
WEB10813.jpg,1,1,0.48671875,0.465856,0.03552,0
WEB10814.jpg,0,0,0.00443251,0.0,0.0,-1
WEB10814.jpg,1,0,0.00461155,0.0,0.0,-1
WEB10814.jpg,2,0,0.00127604,0.0,0.0,-1
WEB10814.jpg,3,1,0.90853299,0.668987,0.668987,1
WEB10814.jpg,4,0,0.00818793,0.0,0.0,-1
WEB10815.jpg,0,0,0.00751953,0.0,0.0,-1
WEB10815.jpg,1,0,0.00057706,0.0,0.0,-1
WEB10815.jpg,2,1,0.0760609,0.498001,0.498001,1
WEB10816.jpg,0,0,0.03588423,0.0,0.0,-1
WEB10816.jpg,1,1,0.54755859,0.602923,0.602923,1
WEB10817.jpg,0,0,0.05439897,0.0,0.0,-1
WEB10817.jpg,1,1,0.5974343,0.407042,0.407042,1
WEB10818.jpg,0,0,0.31212871,0.197164,0.197164,0
WEB10819.jpg,0,0,0.07530253,0.897138,0.897138,0
WEB10819.jpg,1,0,0.16109736,0.861443,0.861443,0
WEB10819.jpg,2,0,0.01567657,0.0,0.0,-1
WEB10819.jpg,3,0,0.0030253,0.0,0.0,-1
WEB10819.jpg,4,0,0.00536304,0.0,0.0,-1
WEB10820.jpg,0,0,0.31844059,0.020614,0.020614,0
WEB10821.jpg,0,0,0.05542969,0.0,0.0,-1
WEB10821.jpg,1,0,0.04166667,0.0,0.0,-1
WEB10821.jpg,2,1,0.62244792,0.735088,0.735088,1
WEB10821.jpg,3,0,0.01171875,0.0,0.0,-1
WEB10821.jpg,4,0,0.00592448,0.0,0.0,-1
WEB10822.jpg,0,1,0.50297201,0.0,0.0,-1
WEB10822.jpg,1,0,0.01212891,0.562107,0.562107,0
WEB10822.jpg,2,0,0.00288628,0.0,0.0,-1
WEB10822.jpg,3,0,0.00203125,0.0,0.0,-1
WEB10823.jpg,0,0,0.01422743,0.458337,0.458337,0
WEB10823.jpg,1,0,0.00789931,0.035523,0.035523,0
WEB10823.jpg,2,0,0.00211589,0.0,0.0,-1
WEB10823.jpg,3,1,0.43282227,0.0,0.0,-1
WEB10824.jpg,0,1,0.4678125,0.0,0.0,-1
WEB10824.jpg,1,0,0.01700846,0.087654,0.087654,0
WEB10824.jpg,2,0,0.00277995,0.0,0.0,-1
WEB10824.jpg,3,0,0.00102322,0.0,0.0,-1
WEB10824.jpg,4,0,0.01117188,0.0,0.0,-1
WEB10825.jpg,0,0,0.01458333,0.0,0.0,-1
WEB10826.jpg,0,0,0.01416667,0.0,0.0,-1
WEB10826.jpg,1,0,0.0021441,0.459957,0.459957,0
WEB10826.jpg,2,0,0.02333333,0.0,0.0,-1
WEB10826.jpg,3,0,0.00850694,0.813733,0.813733,0
WEB10826.jpg,4,0,0.01157118,0.0,0.0,-1
WEB10826.jpg,5,0,0.06229167,0.0,0.0,-1
WEB10826.jpg,6,0,0.00140191,0.0,0.0,-1
WEB10827.jpg,0,0,0.01475523,0.0,0.0,-1
WEB10827.jpg,1,0,0.02477998,0.11926,0.11926,0
WEB10827.jpg,2,0,0.00423542,0.0,0.0,-1
WEB10828.jpg,0,0,0.08677083,0.0,0.0,-1
WEB10828.jpg,1,0,0.01235532,0.0,0.0,-1
WEB10829.jpg,0,0,0.12590278,0.594729,0.594729,0
WEB10829.jpg,1,0,0.01099537,0.0,0.0,-1
WEB10830.jpg,0,0,0.1153125,0.038693,0.038693,0
WEB10830.jpg,1,0,0.00814815,0.0,0.0,-1
WEB10831.jpg,0,0,0.17378472,0.660907,0.660907,0
WEB10831.jpg,1,0,0.02106481,0.0,0.0,-1
WEB10832.jpg,0,0,0.08914063,0.226528,0.226528,0
WEB10832.jpg,1,1,0.21639757,0.0,0.0,-1
WEB10833.jpg,0,0,0.15439113,0.0,0.0,-1
WEB10833.jpg,1,0,0.0020202,0.0,0.0,-1
WEB10833.jpg,2,0,0.00138889,0.0,0.0,-1
WEB10833.jpg,3,1,0.23274411,0.072816,0.072816,1
WEB10834.jpg,0,0,0.19725028,0.08239,0.08239,0
WEB10834.jpg,1,1,0.2709596,0.544829,0.544829,1
WEB10835.jpg,0,0,0.07407407,0.87357,0.87357,0
WEB10835.jpg,1,0,0.05037879,0.902367,0.902367,0
WEB10835.jpg,2,0,0.00841751,0.067811,0.067811,0
WEB10835.jpg,3,1,0.20092593,0.179632,0.179632,1
WEB10836.jpg,0,0,0.20684624,0.754073,0.754073,0
WEB10836.jpg,1,0,0.00589226,0.0,0.0,-1
WEB10836.jpg,2,1,0.22008979,0.485912,0.485912,1
WEB10837.jpg,0,0,0.19259259,0.174184,0.174184,0
WEB10837.jpg,1,0,0.00399832,0.047448,0.047448,0
WEB10837.jpg,2,1,0.12474747,0.0,0.0,-1
WEB10838.jpg,0,0,0.18636364,0.545255,0.545255,0
WEB10838.jpg,1,0,0.00420875,0.0,0.0,-1
WEB10838.jpg,2,1,0.1993266,0.031576,0.031576,1
WEB10839.jpg,0,0,0.23148148,0.0,0.0,-1
WEB10839.jpg,1,0,0.07842312,0.0,0.0,-1
WEB10840.jpg,0,0,0.00984375,0.101733,0.101733,0
WEB10840.jpg,1,0,0.00304688,0.0,0.0,-1
WEB10840.jpg,2,0,0.00159722,0.0,0.0,-1
WEB10840.jpg,3,0,0.00191406,0.0,0.0,-1
WEB10840.jpg,4,1,0.39861111,0.883996,0.883996,1
WEB10841.jpg,0,0,0.12386719,0.567651,0.567651,0
WEB10841.jpg,1,0,0.00421875,0.0,0.0,-1
WEB10841.jpg,2,0,0.00229167,0.744249,0.744249,0
WEB10841.jpg,3,1,0.09848958,0.0,0.0,-1
WEB10842.jpg,0,0,0.12110599,0.858241,0.858241,0
WEB10842.jpg,1,1,0.15635945,0.0,0.0,-1
WEB10843.jpg,0,0,0.00771484,0.375165,0.375165,0
WEB10843.jpg,1,0,0.0040625,0.0,0.0,-1
WEB10843.jpg,2,0,0.00243056,0.0,0.0,-1
WEB10843.jpg,3,0,0.00247396,0.0,0.0,-1
WEB10843.jpg,4,1,0.36987305,0.908274,0.908274,1
WEB10844.jpg,0,0,0.00284866,0.0,0.0,-1
WEB10844.jpg,1,0,0.00873722,0.545569,0.545569,0
WEB10844.jpg,2,0,0.0300033,0.0,0.0,-1
WEB10844.jpg,3,1,0.12219585,0.0,0.0,-1
WEB10845.jpg,0,0,0.0068075,0.737914,0.737914,0
WEB10845.jpg,1,0,0.0003339,0.0,0.0,-1
WEB10845.jpg,2,0,0.00088586,0.0,0.0,-1
WEB10845.jpg,3,0,0.00514651,0.019853,0.019853,0
WEB10845.jpg,4,0,0.00078705,0.0,0.0,-1
WEB10845.jpg,5,0,0.00542589,0.0,0.0,-1
WEB10845.jpg,6,1,0.31798978,0.0,0.0,-1
WEB10846.jpg,0,0,0.00834736,0.778402,0.778402,0
WEB10847.jpg,0,0,0.07154882,0.024891,0.024891,0
WEB10848.jpg,0,0,0.14029181,0.600579,0.600579,0
WEB10849.jpg,0,0,0.0469401,0.0,0.0,-1
WEB10849.jpg,1,0,0.02369792,0.0,0.0,-1
WEB10849.jpg,2,0,0.00802083,0.0,0.0,-1
WEB10849.jpg,3,0,0.00145833,0.0,0.0,-1
WEB10849.jpg,4,1,0.71229167,0.0,0.0,-1
WEB10850.jpg,0,0,0.01436301,0.0,0.0,-1
WEB10850.jpg,1,0,0.00946877,0.0,0.0,-1
WEB10850.jpg,2,0,0.01962617,0.0,0.0,-1
WEB10850.jpg,3,0,0.00098377,0.0,0.0,-1
WEB10850.jpg,4,0,0.00387359,0.0,0.0,-1
WEB10850.jpg,5,1,0.42653714,0.267585,0.267585,1
WEB10851.jpg,0,0,0.00333333,0.0,0.0,-1
WEB10851.jpg,1,0,0.00578519,0.0,0.0,-1
WEB10851.jpg,2,0,0.00481481,0.0,0.0,-1
WEB10851.jpg,3,0,0.0018963,0.0,0.0,-1
WEB10851.jpg,4,0,0.00044444,0.021997,0.021997,0
WEB10851.jpg,5,0,0.00053333,0.0,0.0,-1
WEB10851.jpg,6,1,0.26872593,0.087529,0.087529,1
WEB10852.jpg,0,0,0.02717773,0.087719,0.087719,0
WEB10852.jpg,1,0,0.00293077,0.0,0.0,-1
WEB10852.jpg,2,0,0.00112847,0.0,0.0,-1
WEB10852.jpg,3,1,0.49418945,0.200958,0.200958,1
WEB10853.jpg,0,1,0.4768826,0.13532,0.13532,1
WEB10853.jpg,1,0,0.03083008,0.019188,0.019188,0
WEB10853.jpg,2,0,0.00305122,0.0,0.0,-1
WEB10853.jpg,3,0,0.00083984,0.0,0.0,-1
WEB10854.jpg,0,1,0.52840278,0.622454,0.622454,1
WEB10854.jpg,1,0,0.03605469,0.015262,0.015262,0
WEB10854.jpg,2,0,0.00136719,0.0,0.0,-1
WEB10854.jpg,3,0,0.00133464,0.0,0.0,-1
WEB10855.jpg,0,0,0.03363715,0.0,0.0,-1
WEB10855.jpg,1,0,0.00149197,0.0,0.0,-1
WEB10855.jpg,2,0,0.0094184,0.0,0.0,-1
WEB10855.jpg,3,1,0.53486979,0.17105,0.17105,1
WEB10856.jpg,0,0,0.03895725,0.0,0.0,-1
WEB10856.jpg,1,0,0.00289171,0.0,0.0,-1
WEB10856.jpg,2,1,0.59065321,0.0,0.0,-1
WEB10857.jpg,0,1,0.59279297,0.0,0.0,-1
WEB10857.jpg,1,0,0.04385851,0.0,0.0,-1
WEB10857.jpg,2,0,0.0050217,0.120356,0.120356,0
WEB10858.jpg,0,0,0.03333225,0.599869,0.599869,0
WEB10858.jpg,1,0,0.00169271,0.0,0.0,-1
WEB10858.jpg,2,0,0.00612305,0.77922,0.77922,0
WEB10858.jpg,3,1,3.906e-05,0.0,0.0,-1
WEB10858.jpg,4,1,0.52490885,0.02694,0.02694,1
WEB10858.jpg,5,0,0.00023872,0.0,0.0,-1
WEB10859.jpg,0,0,0.0421875,0.0,0.0,-1
WEB10859.jpg,1,0,0.00098741,0.0,0.0,-1
WEB10859.jpg,2,0,0.00055339,0.0,0.0,-1
WEB10859.jpg,3,0,0.00625,0.859269,0.859269,0
WEB10859.jpg,4,1,0.54248047,0.0,0.0,-1
WEB10860.jpg,0,1,0.60169705,0.0,0.0,-1
WEB10860.jpg,1,0,0.00043945,0.0,0.0,-1
WEB10860.jpg,2,0,0.00260091,0.047434,0.047434,0
WEB10860.jpg,3,0,0.00052517,0.0,0.0,-1
WEB10860.jpg,4,0,0.00186198,0.0,0.0,-1
WEB10860.jpg,5,0,0.00062066,0.0,0.0,-1
WEB10860.jpg,6,0,0.00059028,0.0,0.0,-1
WEB10860.jpg,7,0,0.00072917,0.0,0.0,-1
WEB10861.jpg,0,0,0.00815972,0.439339,0.439339,0
WEB10861.jpg,1,0,0.00028863,0.0,0.0,-1
WEB10861.jpg,2,0,0.00018989,0.0,0.0,-1
WEB10861.jpg,3,0,0.00010742,0.0,0.0,-1
WEB10861.jpg,4,1,0.01897135,0.442498,0.442498,1
WEB10862.jpg,0,0,0.00096354,0.0,0.0,-1
WEB10862.jpg,1,0,0.00011719,0.0,0.0,-1
WEB10862.jpg,2,0,0.00011719,0.0,0.0,-1
WEB10862.jpg,3,1,0.13249566,0.0,0.0,-1
WEB10862.jpg,4,1,0.17297526,0.0,0.0,-1
WEB10862.jpg,5,0,0.00015625,0.0,0.0,-1
WEB10862.jpg,6,0,0.00044271,0.0,0.0,-1
WEB10862.jpg,7,0,0.00177409,0.0,0.0,-1
WEB10863.jpg,0,0,0.00230903,0.0,0.0,-1
WEB10863.jpg,1,1,0.20099609,0.018625,0.018625,1
WEB10864.jpg,0,0,0.01184896,0.0,0.0,-1
WEB10864.jpg,1,1,0.39599826,0.0,0.0,-1
WEB10865.jpg,0,0,0.02028646,0.034624,0.034624,0
WEB10865.jpg,1,0,0.00390625,0.693505,0.693505,0
WEB10865.jpg,2,0,0.01185113,0.881623,0.881623,0
WEB10865.jpg,3,0,0.01588216,0.0,0.0,-1
WEB10865.jpg,4,0,0.00186632,0.0,0.0,-1
WEB10865.jpg,5,1,0.39480252,0.877841,0.877841,1
WEB10866.jpg,0,0,0.02596788,0.0,0.0,-1
WEB10866.jpg,1,0,0.00657878,0.0,0.0,-1
WEB10866.jpg,2,0,0.0004796,0.0,0.0,-1
WEB10866.jpg,3,1,0.45148872,0.749189,0.749189,1
WEB10867.jpg,0,0,0.24428823,0.0,0.0,-1
WEB10867.jpg,1,1,0.93308828,0.595644,0.595644,1
WEB10868.jpg,0,0,0.03668945,0.0,0.0,-1
WEB10868.jpg,1,0,0.0034299,0.0,0.0,-1
WEB10868.jpg,2,0,0.00845052,0.0,0.0,-1
WEB10868.jpg,3,1,0.36977214,0.759261,0.759261,1
WEB10869.jpg,0,0,0.07574335,0.0,0.0,-1
WEB10869.jpg,1,0,0.16322379,0.0,0.0,-1
WEB10869.jpg,2,1,0.54703394,0.587968,0.587968,1
WEB10870.jpg,0,1,0.97702908,0.723527,0.723527,1
WEB10870.jpg,1,0,0.11962891,0.552743,0.552743,0
WEB10871.jpg,0,1,0.96506727,0.217204,0.217204,1
WEB10871.jpg,1,0,0.29106988,0.666011,0.666011,0
WEB10872.jpg,0,0,0.00238797,0.0,0.0,-1
WEB10872.jpg,1,0,0.00438778,0.0,0.0,-1
WEB10872.jpg,2,0,0.02063679,0.0,0.0,-1
WEB10872.jpg,3,1,0.05563581,0.0,0.0,-1
WEB10872.jpg,4,0,0.00198015,0.0,0.0,-1
WEB10872.jpg,5,0,0.00596993,0.0,0.0,-1
WEB10873.jpg,0,0,0.00360436,0.0,0.0,-1
WEB10873.jpg,1,0,0.00055748,0.0,0.0,-1
WEB10873.jpg,2,1,0.03212963,0.0,0.0,-1
WEB10873.jpg,3,1,0.04622782,0.0,0.0,-1
WEB10873.jpg,4,1,0.05258825,0.0,0.0,-1
WEB10874.jpg,0,1,0.45786095,0.0,0.0,-1
WEB10874.jpg,1,0,0.02846408,0.0,0.0,-1
WEB10874.jpg,2,0,0.03513085,0.0,0.0,-1
WEB10875.jpg,0,0,0.00876736,0.50011,0.50011,0
WEB10875.jpg,1,0,0.00016204,0.0,0.0,-1
WEB10875.jpg,2,0,0.00096547,0.692484,0.692484,0
WEB10875.jpg,3,0,0.00012828,0.0,0.0,-1
WEB10875.jpg,4,1,0.15178241,0.091896,0.0,0
WEB10876.jpg,0,0,0.02886574,0.0,0.0,-1
WEB10876.jpg,1,0,0.00592448,0.0,0.0,-1
WEB10876.jpg,2,0,0.00904128,0.0,0.0,-1
WEB10876.jpg,3,0,0.0003858,0.0,0.0,-1
WEB10876.jpg,4,1,0.0096142,0.0,0.0,-1
WEB10876.jpg,5,0,0.00754774,0.0,0.0,-1
WEB10876.jpg,6,0,0.00318287,0.0,0.0,-1
WEB10876.jpg,7,1,0.26959635,0.0,0.0,-1
WEB10877.jpg,0,1,0.17330729,0.0,0.0,-1
WEB10877.jpg,1,0,0.00038194,0.0,0.0,-1
WEB10877.jpg,2,0,0.00015914,0.0,0.0,-1
WEB10877.jpg,3,0,0.00883247,0.0,0.0,-1
WEB10877.jpg,4,0,0.0009592,0.0,0.0,-1
WEB10877.jpg,5,0,0.00049769,0.0,0.0,-1
WEB10877.jpg,6,0,0.00093702,0.0,0.0,-1
WEB10877.jpg,7,0,7.427e-05,0.0,0.0,-1
WEB10877.jpg,8,0,0.00015432,0.0,0.0,-1
WEB10878.jpg,0,1,0.34243827,0.013528,0.0,0
WEB10878.jpg,1,0,0.00010658,0.0,0.0,-1
WEB10878.jpg,2,0,0.00943191,0.018484,0.018484,0
WEB10879.jpg,0,0,0.00027971,0.196376,0.196376,0
WEB10879.jpg,1,0,0.00010127,0.0,0.0,-1
WEB10879.jpg,2,0,0.00022377,0.0,0.0,-1
WEB10879.jpg,3,0,0.02936343,0.0,0.0,-1
WEB10879.jpg,4,1,0.44211709,0.026224,0.0,0
WEB10880.jpg,0,0,0.00116705,0.400392,0.400392,0
WEB10880.jpg,1,0,0.00790895,0.028532,0.028532,0
WEB10880.jpg,2,0,0.00089699,0.73671,0.73671,0
WEB10880.jpg,3,1,0.31190442,0.0,0.0,-1
WEB10881.jpg,0,1,0.32135851,0.0,0.0,-1
WEB10881.jpg,1,0,0.00025463,0.0,0.0,-1
WEB10881.jpg,2,0,0.000394,0.0,0.0,-1
WEB10881.jpg,3,0,0.00796296,0.0,0.0,-1
WEB10882.jpg,0,0,0.00044608,0.503973,0.503973,0
WEB10882.jpg,1,1,0.31058401,0.0,0.0,-1
WEB10882.jpg,2,0,0.01236304,0.20897,0.20897,0
WEB10883.jpg,0,0,0.00418258,0.0,0.0,-1
WEB10883.jpg,1,0,6.366e-05,0.0,0.0,-1
WEB10883.jpg,2,0,0.00060764,0.0,0.0,-1
WEB10883.jpg,3,1,0.33396026,0.0,0.0,-1
WEB10884.jpg,0,1,0.11325714,0.0,0.0,-1
WEB10884.jpg,1,0,0.00015191,0.12749,0.12749,0
WEB10884.jpg,2,0,0.00060667,0.0,0.0,-1
WEB10884.jpg,3,0,0.00061005,0.328999,0.328999,0
WEB10884.jpg,4,0,0.0014429,0.0,0.0,-1
WEB10884.jpg,5,0,0.00077739,0.048697,0.048697,0
WEB10885.jpg,0,1,0.1028125,0.0,0.0,-1
WEB10885.jpg,1,1,0.0923206,0.0,0.0,-1
WEB10885.jpg,2,0,0.00066358,0.0,0.0,-1
WEB10885.jpg,3,0,0.00251736,0.0,0.0,-1
WEB10885.jpg,4,0,0.00059896,0.012155,0.012155,0
WEB10885.jpg,5,0,0.0009375,0.0,0.0,-1
WEB10885.jpg,6,0,0.00079331,0.0,0.0,-1
WEB10885.jpg,7,0,0.00011285,0.361507,0.361507,0
WEB10885.jpg,8,0,0.00049479,0.0,0.0,-1
WEB10885.jpg,9,0,0.00036073,0.0,0.0,-1
WEB10886.jpg,0,0,0.00102238,0.0,0.0,-1
WEB10886.jpg,1,0,0.00075135,0.0,0.0,-1
WEB10886.jpg,2,0,7.234e-05,0.154021,0.154021,0
WEB10886.jpg,3,0,0.00226659,0.0,0.0,-1
WEB10886.jpg,4,0,0.000557,0.0,0.0,-1
WEB10886.jpg,5,0,0.00039497,0.0,0.0,-1
WEB10886.jpg,6,0,0.00035108,0.0,0.0,-1
WEB10886.jpg,7,1,0.14270737,0.0,0.0,-1
WEB10886.jpg,8,0,0.00106481,0.0,0.0,-1
WEB10886.jpg,9,0,0.0001929,0.0,0.0,-1
WEB10886.jpg,10,0,0.00082079,0.0,0.0,-1
WEB10886.jpg,11,0,0.0012201,0.0,0.0,-1
WEB10887.jpg,0,1,0.13308642,0.02896,0.0,0
WEB10887.jpg,1,0,0.00044271,0.0,0.0,-1
WEB10887.jpg,2,0,0.00070505,0.0,0.0,-1
WEB10887.jpg,3,0,0.00054012,0.0,0.0,-1
WEB10887.jpg,4,0,0.00010658,0.378017,0.378017,0
WEB10887.jpg,5,0,0.00197145,0.0,0.0,-1
WEB10887.jpg,6,0,0.0002392,0.0,0.0,-1
WEB10887.jpg,7,0,0.00019676,0.0,0.0,-1
WEB10887.jpg,8,0,0.00037133,0.0,0.0,-1
WEB10887.jpg,9,0,0.00037037,0.259895,0.259895,0
WEB10887.jpg,10,0,0.0001929,0.0,0.0,-1
WEB10887.jpg,11,0,0.00034722,0.0,0.0,-1
WEB10887.jpg,12,0,0.00013889,0.0,0.0,-1
WEB10888.jpg,0,0,0.00910446,0.593061,0.593061,0
WEB10888.jpg,1,0,0.00080247,0.0,0.0,-1
WEB10888.jpg,2,0,0.00099585,0.0,0.0,-1
WEB10888.jpg,3,0,0.00021316,0.0,0.0,-1
WEB10888.jpg,4,1,0.10558449,0.0,0.0,-1
WEB10888.jpg,5,0,8.681e-05,0.0,0.0,-1
WEB10888.jpg,6,0,0.00089024,0.420839,0.420839,0
WEB10889.jpg,0,1,0.10106867,0.0,0.0,-1
WEB10889.jpg,1,0,0.00133343,0.0,0.0,-1
WEB10889.jpg,2,0,0.0003588,0.0,0.0,-1
WEB10889.jpg,3,0,0.00060667,0.0,0.0,-1
WEB10889.jpg,4,0,0.00041667,0.010855,0.010855,0
WEB10889.jpg,5,0,0.00061343,0.012286,0.012286,0
WEB10890.jpg,0,0,0.0077445,0.0,0.0,-1
WEB10890.jpg,1,0,0.00578125,0.082612,0.082612,0
WEB10890.jpg,2,0,0.00353588,0.0,0.0,-1
WEB10890.jpg,3,1,0.44714506,0.021671,0.021671,1
WEB10891.jpg,0,0,0.00035783,0.0,0.0,-1
WEB10891.jpg,1,0,4.051e-05,0.0,0.0,-1
WEB10891.jpg,2,0,0.00025318,0.0,0.0,-1
WEB10891.jpg,3,1,0.5519348,0.0,0.0,-1
WEB10892.jpg,0,0,0.00034819,0.0,0.0,-1
WEB10892.jpg,1,0,0.00027778,0.0,0.0,-1
WEB10892.jpg,2,0,0.00035253,0.0,0.0,-1
WEB10892.jpg,3,0,0.00019097,0.0,0.0,-1
WEB10892.jpg,4,0,9.018e-05,0.0,0.0,-1
WEB10892.jpg,5,1,0.55341146,0.0,0.0,-1
WEB10892.jpg,6,0,0.00154225,0.0,0.0,-1
WEB10893.jpg,0,0,0.00037375,0.0,0.0,-1
WEB10893.jpg,1,0,0.00034722,0.067624,0.067624,0
WEB10893.jpg,2,0,0.00030093,0.0,0.0,-1
WEB10893.jpg,3,0,0.00029032,0.0,0.0,-1
WEB10893.jpg,4,1,0.54849826,0.037064,0.037064,1
WEB10893.jpg,5,0,0.00076968,0.0,0.0,-1
WEB10893.jpg,6,0,0.00044367,0.0,0.0,-1
WEB10893.jpg,7,0,0.00232928,0.0,0.0,-1
WEB10894.jpg,0,0,6.896e-05,0.0,0.0,-1
WEB10894.jpg,1,1,0.55281636,0.0,0.0,-1
WEB10895.jpg,0,0,0.00805067,0.017922,0.017922,0
WEB10895.jpg,1,0,0.03747585,0.638819,0.638819,0
WEB10895.jpg,2,0,0.00184494,0.0,0.0,-1
WEB10896.jpg,0,0,0.01148851,0.461093,0.461093,0
WEB10896.jpg,1,0,0.00444626,0.0,0.0,-1
WEB10896.jpg,2,0,0.00099724,0.0,0.0,-1
WEB10896.jpg,3,0,0.00162689,0.022929,0.022929,0
WEB10896.jpg,4,0,0.00227238,0.694874,0.694874,0
WEB10896.jpg,5,0,0.00207187,0.0,0.0,-1
WEB10896.jpg,6,0,0.00112212,0.017518,0.017518,0
WEB10896.jpg,7,0,0.0051445,0.0,0.0,-1
WEB10896.jpg,8,0,0.01141992,0.0,0.0,-1
WEB10896.jpg,9,0,0.00571436,0.0,0.0,-1
WEB10896.jpg,10,1,0.05736693,0.0,0.0,-1
WEB10897.jpg,0,0,0.12136986,0.0,0.0,-1
WEB10897.jpg,1,0,0.00613699,0.0,0.0,-1
WEB10897.jpg,2,1,0.82224658,0.787748,0.787748,1
WEB10898.jpg,0,1,0.42238245,0.0,0.0,-1
WEB10899.jpg,0,0,0.00230453,0.0,0.0,-1
WEB10899.jpg,1,0,0.00098765,0.0,0.0,-1
WEB10899.jpg,2,0,0.00056584,0.0,0.0,-1
WEB10899.jpg,3,0,0.00164609,0.0,0.0,-1
WEB10899.jpg,4,0,0.00122428,0.0,0.0,-1
WEB10899.jpg,5,0,0.01333333,0.0,0.0,-1
WEB10899.jpg,6,0,0.00093621,0.0,0.0,-1
WEB10899.jpg,7,0,0.00100823,0.0,0.0,-1
WEB10899.jpg,8,0,0.00308642,0.0,0.0,-1
WEB10899.jpg,9,1,0.50502058,0.616365,0.616365,1
WEB10900.jpg,0,0,0.00213494,0.0,0.0,-1
WEB10900.jpg,1,0,0.00231722,0.191481,0.191481,0
WEB10900.jpg,2,0,0.00103223,0.158786,0.158786,0
WEB10900.jpg,3,0,0.00133938,0.77395,0.77395,0
WEB10900.jpg,4,0,0.00076133,0.034306,0.034306,0
WEB10900.jpg,5,1,0.7110856,0.0,0.0,-1
WEB10901.jpg,0,0,0.00499614,0.0,0.0,-1
WEB10901.jpg,1,0,0.00089796,0.538719,0.538719,0
WEB10901.jpg,2,0,0.0023235,0.017631,0.017631,0
WEB10901.jpg,3,0,0.00662326,0.0,0.0,-1
WEB10901.jpg,4,0,0.00043258,0.40756,0.40756,0
WEB10901.jpg,5,0,0.00240162,0.823574,0.823574,0
WEB10902.jpg,0,0,0.01955078,0.849485,0.849485,0
WEB10902.jpg,1,1,0.05790039,0.0,0.0,-1
WEB10903.jpg,0,0,0.00438682,0.208963,0.208963,0
WEB10903.jpg,1,0,0.01314742,0.0,0.0,-1
WEB10903.jpg,2,1,0.00628321,0.0,0.0,-1
WEB10904.jpg,0,1,0.63804667,0.289614,0.289614,1
WEB10904.jpg,1,0,0.00379447,0.0,0.0,-1
WEB10904.jpg,2,0,0.00497769,0.0,0.0,-1
WEB10905.jpg,0,0,0.00831528,0.06935,0.06935,0
WEB10905.jpg,1,0,0.0025526,0.0,0.0,-1
WEB10906.jpg,0,0,0.01765951,0.0,0.0,-1
WEB10906.jpg,1,0,0.00153564,0.0,0.0,-1
WEB10906.jpg,2,0,0.00050456,0.0,0.0,-1
WEB10906.jpg,3,0,0.00070313,0.0,0.0,-1
WEB10906.jpg,4,0,0.00540365,0.025843,0.025843,0
WEB10906.jpg,5,0,0.00706787,0.0,0.0,-1
WEB10906.jpg,6,0,0.00359701,0.0,0.0,-1
WEB10906.jpg,7,0,0.00109375,0.0,0.0,-1
WEB10906.jpg,8,0,0.00088298,0.0,0.0,-1
WEB10906.jpg,9,0,0.00051025,0.0,0.0,-1
WEB10906.jpg,10,0,0.0015682,0.0,0.0,-1
WEB10907.jpg,0,0,0.01871449,0.757924,0.757924,0
WEB10907.jpg,1,0,0.03358043,0.098764,0.098764,0
WEB10907.jpg,2,0,0.0279652,0.0,0.0,-1
WEB10907.jpg,3,1,0.44744318,0.0,0.0,-1
WEB10908.jpg,0,1,0.34644886,0.0,0.0,-1
WEB10908.jpg,1,0,0.01787109,0.702051,0.702051,0
WEB10908.jpg,2,0,0.02634055,0.631729,0.631729,0
WEB10909.jpg,0,0,0.00399059,0.656775,0.656775,0
WEB10909.jpg,1,0,0.0064098,0.0,0.0,-1
WEB10909.jpg,2,0,0.00177557,0.096492,0.096492,0
WEB10909.jpg,3,1,0.56980646,0.289051,0.289051,1
WEB10909.jpg,4,0,0.01576705,0.643988,0.643988,0
WEB10910.jpg,0,1,0.51633967,0.0,0.0,-1
WEB10910.jpg,1,0,0.00559304,0.8461,0.8461,0
WEB10910.jpg,2,0,0.00694247,0.0,0.0,-1
WEB10910.jpg,3,0,0.00950817,0.027478,0.027478,0
WEB10910.jpg,4,0,0.00499379,0.0,0.0,-1
WEB10911.jpg,0,0,0.05750799,0.853341,0.853341,0
WEB10911.jpg,1,0,0.02515974,0.768411,0.768411,0
WEB10911.jpg,2,0,0.01237132,0.789983,0.789983,0
WEB10912.jpg,0,0,0.07216454,0.913378,0.913378,0
WEB10912.jpg,1,0,0.12435215,0.903302,0.903302,0
WEB10913.jpg,0,0,0.01962891,0.0,0.0,-1
WEB10913.jpg,1,0,0.01621982,0.0,0.0,-1
WEB10913.jpg,2,0,0.02171076,0.0,0.0,-1
WEB10913.jpg,3,0,0.00596591,0.282959,0.282959,0
WEB10913.jpg,4,0,0.00128285,0.0,0.0,-1
WEB10913.jpg,5,0,0.02485795,0.0,0.0,-1
WEB10913.jpg,6,0,0.00336914,0.0,0.0,-1
WEB10913.jpg,7,0,0.00276989,0.052992,0.052992,0
WEB10913.jpg,8,0,0.02511541,0.174449,0.174449,0
WEB10913.jpg,9,0,0.01598011,0.0,0.0,-1
WEB10913.jpg,10,0,0.00859375,0.0,0.0,-1
WEB10913.jpg,11,1,0.08174272,0.0,0.0,-1
WEB10914.jpg,0,0,0.07143111,0.0,0.0,-1
WEB10914.jpg,1,0,0.01184304,0.010811,0.010811,0
WEB10914.jpg,2,0,0.00400391,0.0,0.0,-1
WEB10914.jpg,3,0,0.00722656,0.0,0.0,-1
WEB10914.jpg,4,0,0.00703125,0.0,0.0,-1
WEB10915.jpg,0,0,0.02773438,0.0,0.0,-1
WEB10915.jpg,1,0,0.00234375,0.0,0.0,-1
WEB10915.jpg,2,0,0.01776456,0.150829,0.150829,0
WEB10915.jpg,3,0,0.00472301,0.0,0.0,-1
WEB10915.jpg,4,0,0.03263938,0.0,0.0,-1
WEB10916.jpg,0,0,0.0704723,0.243607,0.243607,0
WEB10916.jpg,1,0,0.0094771,0.0,0.0,-1
WEB10916.jpg,2,0,0.00671165,0.0,0.0,-1
WEB10916.jpg,3,0,0.00263672,0.0,0.0,-1
WEB10916.jpg,4,0,0.0045055,0.0,0.0,-1
WEB10917.jpg,0,0,0.00963246,0.527128,0.527128,0
WEB10917.jpg,1,0,0.00630771,0.0,0.0,-1
WEB10917.jpg,2,0,0.00177113,0.0,0.0,-1
WEB10917.jpg,3,0,0.00334695,0.0,0.0,-1
WEB10917.jpg,4,1,0.87173295,0.0,0.0,-1
WEB10918.jpg,0,0,0.06811523,0.0,0.0,-1
WEB10918.jpg,1,0,0.02339311,0.018972,0.018972,0
WEB10918.jpg,2,0,0.00546875,0.0,0.0,-1
WEB10919.jpg,0,0,0.00074574,0.0,0.0,-1
WEB10919.jpg,1,0,0.00042614,0.0,0.0,-1
WEB10919.jpg,2,0,0.00337358,0.0,0.0,-1
WEB10919.jpg,3,0,0.00066584,0.0,0.0,-1
WEB10919.jpg,4,0,0.00027965,0.0,0.0,-1
WEB10919.jpg,5,1,0.02376154,0.0,0.0,-1
WEB10920.jpg,0,0,0.00295632,0.0,0.0,-1
WEB10920.jpg,1,0,0.0005593,0.0,0.0,-1
WEB10920.jpg,2,0,0.00071023,0.0,0.0,-1
WEB10920.jpg,3,1,0.04223189,0.0,0.0,-1
WEB10921.jpg,0,0,0.00249023,0.091857,0.091857,0
WEB10921.jpg,1,0,0.00371094,0.220409,0.220409,0
WEB10921.jpg,2,1,0.0425293,0.0,0.0,-1
WEB10921.jpg,3,1,0.76293945,0.0,0.0,-1
WEB10922.jpg,0,0,0.00387962,0.0,0.0,-1
WEB10922.jpg,1,0,0.00153143,0.0,0.0,-1
WEB10922.jpg,2,1,0.73196467,0.0,0.0,-1
WEB10923.jpg,0,0,0.00623224,0.0,0.0,-1
WEB10923.jpg,1,0,0.00890447,0.015341,0.015341,0
WEB10923.jpg,2,1,0.87114258,0.63391,0.63391,1
WEB10924.jpg,0,0,0.05832741,0.0,0.0,-1
WEB10924.jpg,1,1,0.77990057,0.12087,0.0,0
WEB10925.jpg,0,0,0.01125828,0.0,0.0,-1
WEB10925.jpg,1,1,0.40273179,0.912283,0.912283,1
WEB10925.jpg,2,1,0.1200676,0.359215,0.359215,1
WEB10926.jpg,0,0,0.00271662,0.0,0.0,-1
WEB10926.jpg,1,0,0.002943,0.0,0.0,-1
WEB10926.jpg,2,0,0.01910955,0.015996,0.015996,0
WEB10926.jpg,3,0,0.01294389,0.012443,0.012443,0
WEB10926.jpg,4,0,0.00497159,0.0,0.0,-1
WEB10926.jpg,5,1,0.06674361,0.434803,0.0,0
WEB10926.jpg,6,1,0.12858665,0.026274,0.026274,1
WEB10927.jpg,0,0,0.01487038,0.0,0.0,-1
WEB10927.jpg,1,0,0.00403942,0.0,0.0,-1
WEB10927.jpg,2,0,0.01697887,0.0,0.0,-1
WEB10927.jpg,3,0,0.00078125,0.0,0.0,-1
WEB10927.jpg,4,0,0.00153143,0.0,0.0,-1
WEB10927.jpg,5,1,0.30803445,0.0,0.0,-1
WEB10928.jpg,0,0,0.00809659,0.0,0.0,-1
WEB10928.jpg,1,0,0.01605114,0.0,0.0,-1
WEB10928.jpg,2,0,0.01956676,0.0,0.0,-1
WEB10928.jpg,3,0,0.000981,0.0,0.0,-1
WEB10928.jpg,4,0,0.05465199,0.0,0.0,-1
WEB10928.jpg,5,1,0.69743874,0.100841,0.100841,1
WEB10929.jpg,0,1,0.77183949,0.181149,0.181149,1
WEB10929.jpg,1,0,0.01221591,0.0,0.0,-1
WEB10929.jpg,2,0,0.08521396,0.027288,0.027288,0
WEB10929.jpg,3,0,0.04984464,0.0,0.0,-1
WEB10930.jpg,0,0,0.009375,0.0,0.0,-1
WEB10930.jpg,1,0,0.09033203,0.385074,0.385074,0
WEB10930.jpg,2,0,0.19636896,0.020555,0.020555,0
WEB10930.jpg,3,1,0.79261364,0.22963,0.22963,1
WEB10931.jpg,0,0,0.01472834,0.0,0.0,-1
WEB10931.jpg,1,0,0.00071023,0.0,0.0,-1
WEB10931.jpg,2,0,0.01094194,0.0,0.0,-1
WEB10931.jpg,3,0,0.00092773,0.0,0.0,-1
WEB10931.jpg,4,0,0.00115856,0.0,0.0,-1
WEB10931.jpg,5,0,0.00046609,0.0,0.0,-1
WEB10931.jpg,6,1,0.25906428,0.0,0.0,-1
WEB10932.jpg,0,0,0.07374822,0.0,0.0,-1
WEB10932.jpg,1,1,0.55841619,0.713683,0.572048,0
WEB10933.jpg,0,0,0.07826705,0.081402,0.081402,0
WEB10933.jpg,1,0,0.00500266,0.0,0.0,-1
WEB10933.jpg,2,0,0.00397727,0.0,0.0,-1
WEB10933.jpg,3,1,0.64165483,0.682896,0.682896,1
WEB10934.jpg,0,0,0.00932173,0.0,0.0,-1
WEB10934.jpg,1,0,0.00625888,0.0,0.0,-1
WEB10934.jpg,2,1,0.42629616,0.512287,0.512287,1
WEB10935.jpg,0,0,0.00501845,0.0,0.0,-1
WEB10935.jpg,1,0,0.00107205,0.0,0.0,-1
WEB10935.jpg,2,0,0.00465495,0.0,0.0,-1
WEB10935.jpg,3,0,0.00214193,0.0,0.0,-1
WEB10935.jpg,4,0,0.00080729,0.0,0.0,-1
WEB10935.jpg,5,0,0.0037066,0.0,0.0,-1
WEB10935.jpg,6,0,0.00013129,0.0,0.0,-1
WEB10935.jpg,7,0,0.0003125,0.0,0.0,-1
WEB10935.jpg,8,0,0.00229167,0.0,0.0,-1
WEB10935.jpg,9,1,0.95334635,0.0,0.0,-1
WEB10936.jpg,0,0,0.00854818,0.0,0.0,-1
WEB10936.jpg,1,0,0.0010026,0.0,0.0,-1
WEB10936.jpg,2,0,0.00583333,0.0,0.0,-1
WEB10936.jpg,3,0,0.00815972,0.0,0.0,-1
WEB10936.jpg,4,0,0.01139757,0.0,0.0,-1
WEB10936.jpg,5,0,0.00186632,0.035083,0.035083,0
WEB10936.jpg,6,0,0.00023437,0.0,0.0,-1
WEB10936.jpg,7,1,0.97059679,0.0,0.0,-1
WEB10937.jpg,0,0,0.0045679,0.743533,0.743533,0
WEB10937.jpg,1,0,0.00104167,0.0,0.0,-1
WEB10937.jpg,2,0,0.00076389,0.0,0.0,-1
WEB10937.jpg,3,1,0.30041667,0.0,0.0,-1
WEB10938.jpg,0,0,0.0040625,0.0,0.0,-1
WEB10938.jpg,1,0,0.00682292,0.0,0.0,-1
WEB10938.jpg,2,0,0.00649848,0.0,0.0,-1
WEB10938.jpg,3,0,0.00183811,0.0,0.0,-1
WEB10938.jpg,4,0,0.00114366,0.0,0.0,-1
WEB10938.jpg,5,0,0.00267361,0.0,0.0,-1
WEB10938.jpg,6,0,0.0057411,0.0,0.0,-1
WEB10938.jpg,7,0,0.00170139,0.0,0.0,-1
WEB10938.jpg,8,0,0.00236979,0.0,0.0,-1
WEB10938.jpg,9,1,0.58838542,0.0,0.0,-1
WEB10938.jpg,10,0,0.00023872,0.0,0.0,-1
WEB10939.jpg,0,0,0.00209635,0.0,0.0,-1
WEB10939.jpg,1,0,0.00841471,0.0,0.0,-1
WEB10939.jpg,2,0,0.00678602,0.0,0.0,-1
WEB10939.jpg,3,0,0.00584852,0.0,0.0,-1
WEB10939.jpg,4,0,0.00352431,0.0,0.0,-1
WEB10939.jpg,5,0,0.0011849,0.0,0.0,-1
WEB10939.jpg,6,0,0.0034668,0.424069,0.424069,0
WEB10939.jpg,7,0,0.00037435,0.0,0.0,-1
WEB10939.jpg,8,1,0.6784375,0.067404,0.0,0
WEB10940.jpg,0,0,0.00214301,0.0,0.0,-1
WEB10940.jpg,1,0,0.00045139,0.0,0.0,-1
WEB10940.jpg,2,0,0.00185547,0.0,0.0,-1
WEB10940.jpg,3,1,0.19589844,0.0,0.0,-1
WEB10941.jpg,0,0,0.0009375,0.0,0.0,-1
WEB10941.jpg,1,0,0.00286458,0.0,0.0,-1
WEB10941.jpg,2,1,0.13509115,0.0,0.0,-1
WEB10942.jpg,0,0,0.00023872,0.0,0.0,-1
WEB10942.jpg,1,0,0.01459635,0.0,0.0,-1
WEB10942.jpg,2,0,0.03904839,0.0,0.0,-1
WEB10942.jpg,3,1,0.38201714,0.0,0.0,-1
WEB10943.jpg,0,0,0.00853407,0.138898,0.138898,0
WEB10943.jpg,1,0,0.00124132,0.0,0.0,-1
WEB10943.jpg,2,0,0.00756293,0.0,0.0,-1
WEB10943.jpg,3,0,0.00238715,0.0,0.0,-1
WEB10943.jpg,4,0,0.00022786,0.0,0.0,-1
WEB10943.jpg,5,1,0.36408854,0.0,0.0,-1
WEB10944.jpg,0,1,0.56335205,0.0,0.0,-1
WEB10944.jpg,1,0,0.23467788,0.098478,0.098478,0
WEB10945.jpg,0,0,0.00517904,0.010384,0.010384,0
WEB10945.jpg,1,0,0.00164063,0.0,0.0,-1
WEB10945.jpg,2,0,0.00182292,0.0,0.0,-1
WEB10945.jpg,3,0,0.00046115,0.0,0.0,-1
WEB10945.jpg,4,1,0.12735135,0.0,0.0,-1
WEB10946.jpg,0,0,0.02694336,0.0,0.0,-1
WEB10946.jpg,1,0,0.00697266,0.0,0.0,-1
WEB10946.jpg,2,0,0.00295139,0.0,0.0,-1
WEB10946.jpg,3,0,0.00125868,0.0,0.0,-1
WEB10946.jpg,4,1,0.05049913,0.0,0.0,-1
WEB10946.jpg,5,1,0.06403537,0.0,0.0,-1
WEB10947.jpg,0,0,0.0047819,0.0,0.0,-1
WEB10947.jpg,1,0,0.0160319,0.0,0.0,-1
WEB10947.jpg,2,0,0.00503472,0.0,0.0,-1
WEB10947.jpg,3,0,0.01002604,0.0,0.0,-1
WEB10947.jpg,4,1,0.0811849,0.0,0.0,-1
WEB10947.jpg,5,1,0.03959852,0.0,0.0,-1
WEB10948.jpg,0,0,0.0006684,0.363827,0.363827,0
WEB10948.jpg,1,0,0.0001671,0.0,0.0,-1
WEB10948.jpg,2,0,0.00019531,0.0,0.0,-1
WEB10948.jpg,3,0,9.766e-05,0.0,0.0,-1
WEB10948.jpg,4,0,0.0012576,0.0,0.0,-1
WEB10948.jpg,5,0,0.00042318,0.0,0.0,-1
WEB10948.jpg,6,1,0.00504557,0.0,0.0,-1
WEB10948.jpg,7,1,0.00381944,0.0,0.0,-1
WEB10948.jpg,8,1,0.00205078,0.0,0.0,-1
WEB10949.jpg,0,0,0.00054688,0.0,0.0,-1
WEB10949.jpg,1,0,0.00011285,0.0,0.0,-1
WEB10949.jpg,2,0,0.00010742,0.0,0.0,-1
WEB10949.jpg,3,0,0.00022678,0.0,0.0,-1
WEB10949.jpg,4,1,0.00891493,0.0,0.0,-1
WEB10949.jpg,5,1,0.02291667,0.0,0.0,-1
WEB10950.jpg,0,0,0.00231337,0.420255,0.420255,0
WEB10950.jpg,1,0,0.00027344,0.0,0.0,-1
WEB10950.jpg,2,0,0.00123698,0.0,0.0,-1
WEB10950.jpg,3,0,0.00024306,0.0,0.0,-1
WEB10950.jpg,4,1,0.02375651,0.0,0.0,-1
WEB10950.jpg,5,1,0.00728082,0.0,0.0,-1
WEB10951.jpg,0,0,0.08981481,0.821716,0.821716,0
WEB10951.jpg,1,0,0.00896991,0.0,0.0,-1
WEB10951.jpg,2,0,0.09916667,0.694633,0.694633,0
WEB10951.jpg,3,1,0.34,0.0,0.0,-1
WEB10952.jpg,0,0,0.02152778,0.0,0.0,-1
WEB10952.jpg,1,0,0.00402778,0.0,0.0,-1
WEB10952.jpg,2,0,0.27364005,0.810674,0.810674,0
WEB10952.jpg,3,0,0.02291667,0.0,0.0,-1
WEB10952.jpg,4,0,0.03430556,0.0,0.0,-1
WEB10952.jpg,5,0,0.00170139,0.0,0.0,-1
WEB10952.jpg,6,0,0.00375,0.0,0.0,-1
WEB10952.jpg,7,1,0.36484375,0.0,0.0,-1
WEB10953.jpg,0,0,0.00416667,0.0,0.0,-1
WEB10953.jpg,1,0,0.02569444,0.0,0.0,-1
WEB10953.jpg,2,0,0.31678241,0.85077,0.85077,0
WEB10953.jpg,3,0,0.00473958,0.0,0.0,-1
WEB10953.jpg,4,0,0.01763889,0.0,0.0,-1
WEB10953.jpg,5,1,0.36601852,0.0,0.0,-1
WEB10954.jpg,0,0,0.0112037,0.0,0.0,-1
WEB10954.jpg,1,0,0.2166088,0.448493,0.429485,1
WEB10955.jpg,0,0,0.04958333,0.859568,0.859568,0
WEB10955.jpg,1,1,0.23798611,0.147618,0.147618,1
WEB10955.jpg,2,1,0.01848958,0.0,0.0,-1
WEB10956.jpg,0,0,0.02083984,0.0,0.0,-1
WEB10956.jpg,1,0,0.03300998,0.0,0.0,-1
WEB10956.jpg,2,0,0.00394965,0.600604,0.600604,0
WEB10956.jpg,3,0,0.07192817,0.0,0.0,-1
WEB10956.jpg,4,0,0.00131944,0.0,0.0,-1
WEB10956.jpg,5,0,0.00691189,0.0,0.0,-1
WEB10956.jpg,6,1,0.45374132,0.109443,0.109443,1
WEB10957.jpg,0,1,0.5441786,0.018643,0.018643,1
WEB10957.jpg,1,0,0.00120443,0.492961,0.492961,0
WEB10957.jpg,2,0,0.00297743,0.770424,0.770424,0
WEB10957.jpg,3,0,0.00709201,0.0,0.0,-1
WEB10957.jpg,4,0,0.0007053,0.0,0.0,-1
WEB10957.jpg,5,0,0.00105794,0.0,0.0,-1
WEB10957.jpg,6,0,0.00578342,0.0,0.0,-1
WEB10958.jpg,0,0,0.00163303,0.0,0.0,-1
WEB10958.jpg,1,0,0.01277127,0.0,0.0,-1
WEB10958.jpg,2,0,0.02046875,0.016831,0.016831,0
WEB10958.jpg,3,0,0.01139757,0.02188,0.02188,0
WEB10958.jpg,4,1,0.37634549,0.0,0.0,-1
WEB10959.jpg,0,0,0.01307943,0.650878,0.650878,0
WEB10959.jpg,1,0,0.02074436,0.0,0.0,-1
WEB10959.jpg,2,0,0.00409505,0.102045,0.102045,0
WEB10959.jpg,3,1,0.57910156,0.013844,0.013844,1
WEB10960.jpg,0,0,0.00090278,0.0,0.0,-1
WEB10960.jpg,1,0,0.00113932,0.158074,0.158074,0
WEB10960.jpg,2,1,0.82414497,0.745485,0.745485,1
WEB10960.jpg,3,0,0.00026801,0.0,0.0,-1
WEB10961.jpg,0,0,0.00148112,0.0,0.0,-1
WEB10961.jpg,1,0,0.00626628,0.0,0.0,-1
WEB10961.jpg,2,0,0.00284831,0.0,0.0,-1
WEB10961.jpg,3,0,0.00028863,0.0,0.0,-1
WEB10961.jpg,4,0,0.00074002,0.0,0.0,-1
WEB10961.jpg,5,0,0.00071181,0.0,0.0,-1
WEB10961.jpg,6,0,0.00122287,0.0,0.0,-1
WEB10962.jpg,0,0,0.00391927,0.681678,0.681678,0
WEB10962.jpg,1,0,0.00605143,0.0,0.0,-1
WEB10963.jpg,0,0,0.00029839,0.0,0.0,-1
WEB10963.jpg,1,0,0.0003342,0.0,0.0,-1
WEB10963.jpg,2,0,0.00045139,0.0,0.0,-1
WEB10964.jpg,0,0,0.00042318,0.014297,0.014297,0
WEB10964.jpg,1,0,0.00057292,0.251798,0.251798,0
WEB10964.jpg,2,0,0.00028646,0.033223,0.033223,0
WEB10964.jpg,3,0,0.00026042,0.0,0.0,-1
WEB10964.jpg,4,0,0.00341797,0.0,0.0,-1
WEB10964.jpg,5,0,0.00110677,0.0,0.0,-1
WEB10964.jpg,6,0,0.00689128,0.0,0.0,-1
WEB10965.jpg,0,0,0.00100911,0.0,0.0,-1
WEB10966.jpg,0,0,0.00161458,0.044767,0.044767,0
WEB10966.jpg,1,0,0.00094293,0.0,0.0,-1
WEB10966.jpg,2,0,0.0004796,0.287295,0.287295,0
WEB10967.jpg,0,0,0.00041667,0.0,0.0,-1
WEB10967.jpg,1,0,0.00020291,0.0,0.0,-1
WEB10968.jpg,0,1,0.71768111,0.0,0.0,-1
WEB10969.jpg,0,1,0.50481747,0.821571,0.821571,1
WEB10970.jpg,0,1,0.43252641,0.010098,0.010098,1
WEB10970.jpg,1,1,0.08472711,0.0,0.0,-1
WEB10971.jpg,0,1,0.36262911,0.217388,0.217388,1
WEB10972.jpg,0,1,0.77447237,0.0,0.0,-1
WEB10973.jpg,0,1,0.90341843,0.0,0.0,-1
WEB10974.jpg,0,1,0.5618956,0.055888,0.055888,1
WEB10974.jpg,1,0,0.00226648,0.721883,0.721883,0
WEB10975.jpg,0,1,0.76220168,0.0,0.0,-1
WEB10976.jpg,0,0,0.66314064,0.81327,0.0,1
WEB10977.jpg,0,1,0.08933561,0.0,0.0,-1
WEB10978.jpg,0,0,0.42967033,0.672521,0.0,1
WEB10978.jpg,1,0,0.04035027,0.791564,0.791564,0
WEB10979.jpg,0,1,0.32509024,0.628916,0.628916,1
WEB10980.jpg,0,1,0.21718919,0.0,0.0,-1
WEB10981.jpg,0,1,0.15183784,0.0,0.0,-1
WEB10982.jpg,0,1,0.48736625,0.0,0.0,-1
WEB10982.jpg,1,0,0.00890078,0.0,0.0,-1
WEB10982.jpg,2,0,0.00714981,0.0,0.0,-1
WEB10983.jpg,0,1,0.29006504,0.69856,0.69856,1
WEB10984.jpg,0,1,0.11646973,0.117801,0.117801,1
WEB10984.jpg,1,1,0.40514189,0.0,0.0,-1
WEB10985.jpg,0,1,0.45009223,0.888371,0.888371,1
WEB10986.jpg,0,0,0.004864,0.075947,0.075947,0
WEB10986.jpg,1,1,0.63838542,0.879906,0.879906,1
WEB10987.jpg,0,1,0.91926097,0.778182,0.778182,1
WEB10987.jpg,1,0,0.06715225,0.058655,0.0,1
WEB10988.jpg,0,0,0.00146667,0.0,0.0,-1
WEB10988.jpg,1,0,0.0158875,0.0,0.0,-1
WEB10988.jpg,2,0,0.065875,0.0,0.0,-1
WEB10988.jpg,3,1,0.08366667,0.0,0.0,-1
WEB10988.jpg,4,0,0.00075833,0.0,0.0,-1
WEB10989.jpg,0,1,0.64317725,0.775884,0.775884,1
WEB10990.jpg,0,1,0.7170163,0.0,0.0,-1
WEB10990.jpg,1,0,0.01211484,0.509718,0.509718,0
WEB10991.jpg,0,1,0.48586337,0.025587,0.025587,1
WEB10991.jpg,1,0,0.00033341,0.0,0.0,-1
WEB10992.jpg,0,0,0.00246094,0.0,0.0,-1
WEB10992.jpg,1,0,0.00099609,0.0,0.0,-1
WEB10992.jpg,2,0,0.00114583,0.0,0.0,-1
WEB10992.jpg,3,0,0.17989258,0.0,0.0,-1
WEB10992.jpg,4,1,0.39951497,0.575003,0.575003,1
WEB10993.jpg,0,0,0.0212963,0.03504,0.03504,0
WEB10993.jpg,1,0,0.00160494,0.253299,0.253299,0
WEB10993.jpg,2,1,0.52125,0.209485,0.209485,1
WEB10994.jpg,0,1,0.03197339,0.844041,0.844041,1
WEB10995.jpg,0,1,0.65500317,0.846675,0.846675,1
WEB10995.jpg,1,0,0.04508674,0.0,0.0,-1
WEB10996.jpg,0,1,0.11601278,0.0,0.0,-1
WEB10996.jpg,1,0,0.0436869,0.0,0.0,-1
WEB10996.jpg,2,0,0.12546326,0.0,0.0,-1
WEB10996.jpg,3,0,0.03884984,0.0,0.0,-1
WEB10996.jpg,4,1,0.50699042,0.656677,0.656677,1
WEB10997.jpg,0,1,0.02805,0.272696,0.272696,1
WEB10998.jpg,0,1,0.26950715,0.0,0.0,-1
WEB10999.jpg,0,0,0.00070551,0.101716,0.101716,0
WEB10999.jpg,1,0,0.00159363,0.03344,0.03344,0
WEB10999.jpg,2,1,0.4564658,0.890355,0.890355,1
WEB11000.jpg,0,1,0.08947581,0.0,0.0,-1
WEB11001.jpg,0,1,0.83452533,0.0,0.0,-1
WEB11002.jpg,0,0,0.03037116,0.0,0.0,-1
WEB11002.jpg,1,1,0.89192945,0.855629,0.855629,1
WEB11002.jpg,2,0,0.01392727,0.0,0.0,-1
WEB11003.jpg,0,0,0.20910156,0.793178,0.793178,0
WEB11003.jpg,1,0,0.01207031,0.0,0.0,-1
WEB11003.jpg,2,0,0.18211263,0.68145,0.68145,0
WEB11003.jpg,3,1,0.58591797,0.288971,0.288971,1
WEB11004.jpg,0,1,0.37511153,0.0,0.0,-1
WEB11005.jpg,0,1,0.4876709,0.811015,0.811015,1
WEB11005.jpg,1,0,0.03346309,0.776501,0.776501,0
WEB11005.jpg,2,0,0.00291612,0.028987,0.028987,0
WEB11006.jpg,0,0,0.01429524,0.0,0.0,-1
WEB11006.jpg,1,0,0.00399043,0.0,0.0,-1
WEB11006.jpg,2,0,0.00350647,0.0,0.0,-1
WEB11006.jpg,3,0,0.00510446,0.0,0.0,-1
WEB11006.jpg,4,1,0.55235043,0.042282,0.042282,1
WEB11007.jpg,0,1,0.00874722,0.0,0.0,-1
WEB11008.jpg,0,1,0.01097405,0.0,0.0,-1
WEB11009.jpg,0,1,0.05935754,0.0,0.0,-1
WEB11009.jpg,1,0,0.00450364,0.310375,0.310375,0
WEB11010.jpg,0,1,0.1639583,0.927142,0.927142,1
WEB11011.jpg,0,1,0.15335089,0.926816,0.926816,1
WEB11012.jpg,0,1,0.16528616,0.0,0.0,-1
WEB11013.jpg,0,1,0.61907469,0.895331,0.895331,1
WEB11014.jpg,0,1,0.17944256,0.889566,0.889566,1
WEB11015.jpg,0,1,0.20874038,0.0,0.0,-1
WEB11016.jpg,0,1,0.24876008,0.892831,0.892831,1
WEB11017.jpg,0,1,0.09053646,0.74703,0.74703,1
WEB11018.jpg,0,1,0.35815368,0.0,0.0,-1
WEB11019.jpg,0,1,0.09803223,0.0,0.0,-1
WEB11020.jpg,0,1,0.18332209,0.046404,0.046404,1
WEB11021.jpg,0,1,0.1682671,0.918344,0.918344,1
WEB11021.jpg,1,1,0.05076981,0.656937,0.656937,1
WEB11022.jpg,0,1,0.10957684,0.020135,0.020135,1
WEB11023.jpg,0,1,0.00851893,0.0,0.0,-1
WEB11024.jpg,0,1,0.01769444,0.40614,0.40614,1
WEB11024.jpg,1,1,0.01166667,0.0,0.0,-1
WEB11025.jpg,0,1,0.39288256,0.028238,0.028238,1
WEB11026.jpg,0,1,0.206425,0.710327,0.710327,1
WEB11027.jpg,0,1,0.14241458,0.833454,0.833454,1
WEB11028.jpg,0,1,0.13434145,0.021082,0.021082,1
WEB11029.jpg,0,1,0.2792,0.70028,0.70028,1
WEB11030.jpg,0,0,0.04829619,0.035609,0.035609,0
WEB11030.jpg,1,1,0.47982786,0.516148,0.516148,1
WEB11031.jpg,0,1,0.363,0.814753,0.814753,1
WEB11032.jpg,0,1,0.54226919,0.0,0.0,-1
WEB11032.jpg,1,0,0.00147849,0.0,0.0,-1
WEB11033.jpg,0,1,0.5917,0.804813,0.804813,1
WEB11034.jpg,0,1,0.71990342,0.0,0.0,-1
WEB11035.jpg,0,1,0.40049689,0.0,0.0,-1
WEB11036.jpg,0,1,0.33238519,0.595015,0.595015,1
WEB11036.jpg,1,0,0.00300855,0.0,0.0,-1
WEB11036.jpg,2,0,0.01113846,0.0,0.0,-1
WEB11036.jpg,3,0,0.00025527,0.01632,0.01632,0
WEB11037.jpg,0,1,0.24232124,0.0,0.0,-1
WEB11038.jpg,0,0,0.00064818,0.031049,0.031049,0
WEB11038.jpg,1,1,0.06408614,0.0,0.0,-1
WEB11039.jpg,0,1,0.19802176,0.287121,0.287121,1
WEB11040.jpg,0,1,0.50138639,0.0,0.0,-1
WEB11040.jpg,1,0,0.00756073,0.0,0.0,-1
WEB11041.jpg,0,1,0.51041667,0.850488,0.850488,1
WEB11042.jpg,0,1,0.01893454,0.0,0.0,-1
WEB11043.jpg,0,0,0.03239252,0.0,0.0,-1
WEB11043.jpg,1,0,0.00952721,0.0,0.0,-1
WEB11043.jpg,2,1,0.61748243,0.681594,0.681594,1
WEB11044.jpg,0,1,0.70909091,0.58383,0.58383,1
WEB11045.jpg,0,1,0.11134624,0.0,0.0,-1
WEB11046.jpg,0,1,0.06240849,0.0,0.0,-1
WEB11047.jpg,0,1,0.00899644,0.0,0.0,-1
WEB11048.jpg,0,1,0.07588392,0.18018,0.18018,1
WEB11049.jpg,0,1,0.05217865,0.0,0.0,-1
WEB11050.jpg,0,1,0.88897778,0.801096,0.801096,1
WEB11050.jpg,1,0,0.012,0.0,0.0,-1
WEB11051.jpg,0,1,0.479576,0.0,0.0,-1
WEB11052.jpg,0,0,0.04554688,0.0,0.0,-1
WEB11052.jpg,1,0,0.12255208,0.836668,0.836668,0
WEB11052.jpg,2,0,0.02548828,0.0,0.0,-1
WEB11052.jpg,3,1,0.58484375,0.0,0.0,-1
WEB11053.jpg,0,0,0.01873271,0.0,0.0,-1
WEB11053.jpg,1,0,0.01968129,0.0,0.0,-1
WEB11053.jpg,2,0,0.07480367,0.0,0.0,-1
WEB11053.jpg,3,1,0.21614583,0.0,0.0,-1
WEB11053.jpg,4,1,0.03632736,0.0,0.0,-1
WEB11054.jpg,0,0,0.0235405,0.0,0.0,-1
WEB11054.jpg,1,0,0.00118001,0.0,0.0,-1
WEB11054.jpg,2,0,0.00114314,0.0,0.0,-1
WEB11054.jpg,3,1,0.41389465,0.0,0.0,-1
WEB11055.jpg,0,1,0.32217946,0.055206,0.055206,1
WEB11055.jpg,1,0,0.00153779,0.0,0.0,-1
WEB11055.jpg,2,0,0.00035294,0.0,0.0,-1
WEB11056.jpg,0,1,0.65838949,0.264422,0.264422,1
WEB11057.jpg,0,0,0.00040103,0.0,0.0,-1
WEB11057.jpg,1,0,0.00014732,0.070182,0.070182,0
WEB11057.jpg,2,0,0.00029259,0.0,0.0,-1
WEB11057.jpg,3,1,0.37153193,0.079217,0.079217,1
WEB11058.jpg,0,1,0.72792597,0.444751,0.444751,1
WEB11059.jpg,0,1,0.21905762,0.781239,0.781239,1
WEB11060.jpg,0,1,0.16769369,0.077086,0.077086,1
WEB11061.jpg,0,1,0.54369369,0.840041,0.840041,1
WEB11062.jpg,0,1,0.44664171,0.0,0.0,-1
WEB11063.jpg,0,1,0.06912211,0.796033,0.796033,1
WEB11064.jpg,0,1,0.05548691,0.046975,0.046975,1
WEB11065.jpg,0,1,0.50453613,0.504928,0.504928,1
WEB11066.jpg,0,1,0.05517778,0.0,0.0,-1
WEB11067.jpg,0,1,0.22432778,0.56942,0.56942,1
WEB11068.jpg,0,1,0.19163056,0.580218,0.580218,1
WEB11069.jpg,0,1,0.071875,0.014681,0.014681,1
WEB11070.jpg,0,1,0.22315104,0.622014,0.622014,1
WEB11071.jpg,0,1,0.35448203,0.039417,0.039417,1
WEB11072.jpg,0,1,0.36749421,0.415881,0.415881,1
WEB11073.jpg,0,1,0.31208159,0.0,0.0,-1
WEB11074.jpg,0,1,0.54782916,0.849532,0.849532,1
WEB11074.jpg,1,0,0.00051407,0.0,0.0,-1
WEB11075.jpg,0,1,0.11678831,0.0,0.0,-1
WEB11076.jpg,0,1,0.00573399,0.0,0.0,-1
WEB11077.jpg,0,1,0.00795718,0.0,0.0,-1
WEB11078.jpg,0,1,0.43083654,0.151013,0.151013,1
WEB11079.jpg,0,1,0.72707403,0.018145,0.018145,1
WEB11080.jpg,0,1,0.24269066,0.180566,0.180566,1
WEB11080.jpg,1,0,0.00040598,0.101179,0.101179,0
WEB11081.jpg,0,1,0.00639205,0.0,0.0,-1
WEB11082.jpg,0,1,0.00857599,0.0,0.0,-1
WEB11083.jpg,0,1,0.01363636,0.017739,0.017739,1
WEB11084.jpg,0,0,0.00893138,0.066135,0.066135,0
WEB11084.jpg,1,1,0.44124641,0.784236,0.784236,1
WEB11085.jpg,0,1,0.0152244,0.869048,0.869048,1
WEB11086.jpg,0,1,0.13613281,0.035462,0.035462,1
WEB11087.jpg,0,1,0.01510124,0.770697,0.770697,1
WEB11088.jpg,0,1,0.2775,0.0,0.0,-1
WEB11089.jpg,0,1,0.70888889,0.683939,0.683939,1
WEB11090.jpg,0,1,0.53899306,0.664177,0.664177,1
WEB11091.jpg,0,0,0.88727431,0.65654,0.0,1
WEB11091.jpg,1,0,0.00230903,0.0,0.0,-1
WEB11092.jpg,0,1,0.5027908,0.865831,0.865831,1
WEB11093.jpg,0,1,0.46215712,0.757684,0.757684,1
WEB11094.jpg,0,1,0.46515625,0.577178,0.577178,1
WEB11095.jpg,0,1,0.01381076,0.0,0.0,-1
WEB11096.jpg,0,1,0.21386879,0.134251,0.134251,1
WEB11096.jpg,1,0,0.00176579,0.18805,0.18805,0
WEB11097.jpg,0,1,0.48398438,0.0,0.0,-1
WEB11098.jpg,0,0,0.08269531,0.0,0.0,-1
WEB11098.jpg,1,1,0.81805246,0.0,0.0,-1
WEB11099.jpg,0,1,0.56783357,0.0,0.0,-1
WEB11100.jpg,0,0,0.0096946,0.0,0.0,-1
WEB11100.jpg,1,0,0.00479403,0.0,0.0,-1
WEB11100.jpg,2,0,0.00230824,0.0,0.0,-1
WEB11100.jpg,3,1,0.63776634,0.701335,0.701335,1
WEB11100.jpg,4,0,0.0009233,0.0,0.0,-1
WEB11101.jpg,0,1,0.16773793,0.0,0.0,-1
WEB11102.jpg,0,1,0.1152033,0.0,0.0,-1
WEB11103.jpg,0,1,0.06903853,0.0,0.0,-1
WEB11104.jpg,0,1,0.3117513,0.929415,0.929415,1
WEB11104.jpg,1,0,0.00713976,0.069986,0.069986,0
WEB11104.jpg,2,0,0.00529514,0.0,0.0,-1
WEB11104.jpg,3,0,0.00169271,0.0,0.0,-1
WEB11104.jpg,4,0,0.00069227,0.0,0.0,-1
WEB11105.jpg,0,1,0.01868342,0.0,0.0,-1
WEB11106.jpg,0,1,0.00745295,0.0,0.0,-1
WEB11107.jpg,0,1,0.00952592,0.0,0.0,-1
WEB11108.jpg,0,1,0.01526989,0.0,0.0,-1
WEB11109.jpg,0,1,0.01262429,0.0,0.0,-1
WEB11110.jpg,0,1,0.28560606,0.902106,0.902106,1
WEB11110.jpg,1,0,0.01211186,0.223883,0.223883,0
WEB11111.jpg,0,1,0.03378462,0.0,0.0,-1
WEB11112.jpg,0,1,0.19918324,0.0,0.0,-1
WEB11113.jpg,0,1,0.29772786,0.0,0.0,-1
WEB11114.jpg,0,1,0.1801669,0.0,0.0,-1
WEB11115.jpg,0,1,0.12192827,0.0,0.0,-1
WEB11116.jpg,0,1,0.01756037,0.0,0.0,-1
WEB11116.jpg,1,1,0.30817649,0.0,0.0,-1
WEB11117.jpg,0,1,0.03352273,0.0,0.0,-1
WEB11117.jpg,1,1,0.39822443,0.0,0.0,-1
WEB11118.jpg,0,1,0.03628374,0.0,0.0,-1
WEB11118.jpg,1,1,0.36769354,0.0,0.0,-1
WEB11119.jpg,0,1,0.04058949,0.0,0.0,-1
WEB11119.jpg,1,1,0.53288352,0.0,0.0,-1
WEB11120.jpg,0,1,0.07833984,0.0,0.0,-1
WEB11121.jpg,0,1,0.66666567,0.88647,0.88647,1
WEB11122.jpg,0,1,0.01370567,0.844163,0.844163,1
WEB11122.jpg,1,1,0.02475366,0.887553,0.887553,1
WEB11123.jpg,0,1,0.01787143,0.881609,0.881609,1
WEB11123.jpg,1,1,0.01137627,0.18145,0.18145,1
WEB11124.jpg,0,1,0.63365936,0.0,0.0,-1
WEB11124.jpg,1,0,0.00091553,0.0,0.0,-1
WEB11124.jpg,2,0,0.00224177,0.0,0.0,-1
WEB11124.jpg,3,0,0.00162252,0.0,0.0,-1
WEB11124.jpg,4,0,0.00063578,0.0,0.0,-1
WEB11124.jpg,5,0,0.00189209,0.0,0.0,-1
WEB11125.jpg,0,1,0.47051314,0.294053,0.294053,1
WEB11125.jpg,1,0,0.01195929,0.0,0.0,-1
WEB11125.jpg,2,0,0.00068563,0.0,0.0,-1
WEB11125.jpg,3,0,0.0052728,0.0,0.0,-1
WEB11125.jpg,4,0,0.00147247,0.0,0.0,-1
WEB11125.jpg,5,0,0.00118842,0.0,0.0,-1
WEB11125.jpg,6,0,0.0007901,0.0,0.0,-1
WEB11125.jpg,7,0,0.00061053,0.0,0.0,-1
WEB11126.jpg,0,1,0.44782552,0.635867,0.635867,1
WEB11126.jpg,1,0,0.00158637,0.0,0.0,-1
WEB11127.jpg,0,1,0.03321723,0.0,0.0,-1
WEB11127.jpg,1,1,0.00625,0.0,0.0,-1
WEB11127.jpg,2,0,0.00433594,0.0,0.0,-1
WEB11128.jpg,0,1,0.78472114,0.825195,0.825195,1
WEB11128.jpg,1,0,0.01077799,0.104312,0.104312,0
WEB11129.jpg,0,1,0.4243967,0.780729,0.780729,1
WEB11130.jpg,0,1,0.32690153,0.0,0.0,-1
WEB11131.jpg,0,1,0.26238208,0.562632,0.562632,1
WEB11131.jpg,1,0,0.00192364,0.0,0.0,-1
WEB11131.jpg,2,0,0.00088443,0.0,0.0,-1
WEB11131.jpg,3,0,0.00221108,0.0,0.0,-1
WEB11132.jpg,0,0,0.00073703,0.0,0.0,-1
WEB11132.jpg,1,0,0.00055031,0.0,0.0,-1
WEB11132.jpg,2,1,0.21951651,0.301243,0.301243,1
WEB11133.jpg,0,0,0.0071418,0.0,0.0,-1
WEB11133.jpg,1,0,0.0010736,0.0,0.0,-1
WEB11133.jpg,2,0,0.00114976,0.0,0.0,-1
WEB11133.jpg,3,0,0.00035132,0.0,0.0,-1
WEB11133.jpg,4,0,0.00041274,0.0,0.0,-1
WEB11133.jpg,5,1,0.30031447,0.845117,0.845117,1
WEB11134.jpg,0,1,0.34758255,0.605423,0.605423,1
WEB11134.jpg,1,0,0.00638758,0.0,0.0,-1
WEB11135.jpg,0,1,0.47010613,0.0,0.0,-1
WEB11135.jpg,1,0,0.00063876,0.0,0.0,-1
WEB11136.jpg,0,1,0.52635982,0.0,0.0,-1
WEB11137.jpg,0,1,0.04305556,0.299886,0.299886,1
WEB11138.jpg,0,1,0.17472222,0.031273,0.031273,1
WEB11139.jpg,0,1,0.02297309,0.495285,0.495285,1
WEB11140.jpg,0,1,0.11357066,0.0,0.0,-1
WEB11141.jpg,0,1,0.34833333,0.720636,0.720636,1
WEB11142.jpg,0,1,0.4203776,0.742124,0.742124,1
WEB11143.jpg,0,0,0.00251736,0.0,0.0,-1
WEB11143.jpg,1,0,0.00046296,0.0,0.0,-1
WEB11143.jpg,2,1,0.58206019,0.798586,0.798586,1
WEB11144.jpg,0,1,0.64867477,0.846774,0.846774,1
WEB11144.jpg,1,0,0.00394676,0.0,0.0,-1
WEB11145.jpg,0,0,0.00214844,0.622647,0.622647,0
WEB11145.jpg,1,1,0.01677912,0.0,0.0,-1
WEB11146.jpg,0,1,0.0046765,0.0,0.0,-1
WEB11146.jpg,1,1,0.00385467,0.806572,0.806572,1
WEB11146.jpg,2,1,0.00437046,0.84479,0.84479,1
WEB11147.jpg,0,1,0.5138122,0.0,0.0,-1
WEB11147.jpg,1,0,0.06069468,0.287214,0.287214,0
WEB11147.jpg,2,0,0.00925704,0.275971,0.275971,0
WEB11148.jpg,0,0,0.00066584,0.0,0.0,-1
WEB11148.jpg,1,0,0.0028631,0.040451,0.040451,0
WEB11148.jpg,2,1,0.67717063,0.0,0.0,-1
WEB11149.jpg,0,0,0.00377308,0.299594,0.299594,0
WEB11149.jpg,1,0,0.00103871,0.0,0.0,-1
WEB11149.jpg,2,0,0.00199751,0.0,0.0,-1
WEB11149.jpg,3,1,0.47167969,0.01498,0.01498,1
WEB11150.jpg,0,1,0.04170161,0.0,0.0,-1
WEB11150.jpg,1,1,0.11409416,0.0,0.0,-1
WEB11151.jpg,0,1,0.03536458,0.0,0.0,-1
WEB11151.jpg,1,1,0.01130208,0.0,0.0,-1
WEB11151.jpg,2,1,0.00777778,0.0,0.0,-1
WEB11152.jpg,0,1,0.57551313,0.834749,0.834749,1
WEB11153.jpg,0,1,0.92871982,0.700388,0.700388,1
WEB11154.jpg,0,1,0.7530451,0.635521,0.635521,1
WEB11155.jpg,0,1,0.5190696,0.885698,0.885698,1
WEB11155.jpg,1,0,0.00095881,0.0,0.0,-1
WEB11155.jpg,2,0,0.01073331,0.0,0.0,-1
WEB11155.jpg,3,0,0.00177557,0.0,0.0,-1
WEB11155.jpg,4,0,0.00714666,0.0,0.0,-1
WEB11155.jpg,5,0,0.00101207,0.0,0.0,-1
WEB11156.jpg,0,1,0.24507378,0.0,0.0,-1
WEB11156.jpg,1,0,0.00093099,0.0,0.0,-1
WEB11156.jpg,2,0,0.00023438,0.0,0.0,-1
WEB11156.jpg,3,0,0.00024414,0.0,0.0,-1
WEB11156.jpg,4,0,0.0003342,0.0,0.0,-1
WEB11156.jpg,5,0,0.00013129,0.0,0.0,-1
WEB11156.jpg,6,0,0.00017904,0.0,0.0,-1
WEB11157.jpg,0,0,0.00161024,0.0,0.0,-1
WEB11157.jpg,1,0,0.00031033,0.0,0.0,-1
WEB11157.jpg,2,0,0.00032986,0.0,0.0,-1
WEB11157.jpg,3,0,0.00022678,0.0,0.0,-1
WEB11157.jpg,4,0,0.00014323,0.0,0.0,-1
WEB11157.jpg,5,1,0.23953559,0.0,0.0,-1
WEB11158.jpg,0,0,0.01269097,0.0,0.0,-1
WEB11158.jpg,1,0,0.00063802,0.0,0.0,-1
WEB11158.jpg,2,0,0.00198025,0.0,0.0,-1
WEB11158.jpg,3,0,0.00036458,0.35463,0.35463,0
WEB11158.jpg,4,0,0.00067708,0.0,0.0,-1
WEB11158.jpg,5,0,0.00172092,0.600877,0.600877,0
WEB11158.jpg,6,1,0.70857422,0.017549,0.017549,1
WEB11159.jpg,0,0,0.00030924,0.0,0.0,-1
WEB11159.jpg,1,0,0.00022786,0.0,0.0,-1
WEB11159.jpg,2,0,0.00443251,0.062864,0.062864,0
WEB11159.jpg,3,0,0.00059896,0.0,0.0,-1
WEB11159.jpg,4,0,0.00080404,0.0,0.0,-1
WEB11159.jpg,5,0,0.00019748,0.0,0.0,-1
WEB11159.jpg,6,0,0.00078125,0.0,0.0,-1
WEB11159.jpg,7,0,0.00015516,0.0,0.0,-1
WEB11159.jpg,8,1,0.71480469,0.457832,0.457832,1
WEB11160.jpg,0,1,0.00026042,0.0,0.0,-1
WEB11160.jpg,1,1,0.00027452,0.0,0.0,-1
WEB11160.jpg,2,1,0.00018338,0.0,0.0,-1
WEB11160.jpg,3,1,0.00036458,0.0,0.0,-1
WEB11160.jpg,4,1,0.00412326,0.449017,0.0,0
WEB11160.jpg,5,1,0.00027778,0.0,0.0,-1
WEB11160.jpg,6,1,0.00072157,0.0,0.0,-1
WEB11160.jpg,7,1,0.00054688,0.0,0.0,-1
WEB11160.jpg,8,1,0.00075955,0.0,0.0,-1
WEB11160.jpg,9,1,0.6993099,0.0,0.0,-1
WEB11161.jpg,0,0,0.00032552,0.0,0.0,-1
WEB11161.jpg,1,0,0.00043294,0.0,0.0,-1
WEB11161.jpg,2,0,0.0005013,0.0,0.0,-1
WEB11161.jpg,3,0,0.00211589,0.0,0.0,-1
WEB11161.jpg,4,0,0.00027452,0.0,0.0,-1
WEB11161.jpg,5,0,0.0005013,0.0,0.0,-1
WEB11161.jpg,6,1,0.64541992,0.046982,0.046982,1
WEB11162.jpg,0,0,0.00025825,0.0,0.0,-1
WEB11162.jpg,1,0,0.00042969,0.0,0.0,-1
WEB11162.jpg,2,0,0.0002398,0.0,0.0,-1
WEB11162.jpg,3,0,0.00027344,0.0,0.0,-1
WEB11162.jpg,4,0,0.00041233,0.0,0.0,-1
WEB11162.jpg,5,0,0.00243056,0.0,0.0,-1
WEB11162.jpg,6,0,0.00084527,0.0,0.0,-1
WEB11162.jpg,7,0,0.00034939,0.0,0.0,-1
WEB11162.jpg,8,0,0.00085938,0.0,0.0,-1
WEB11162.jpg,9,1,0.71157552,0.0,0.0,-1
WEB11163.jpg,0,1,0.71375868,0.0,0.0,-1
WEB11163.jpg,1,0,0.00198893,0.132515,0.132515,0
WEB11163.jpg,2,0,0.00020291,0.0,0.0,-1
WEB11163.jpg,3,0,0.00028212,0.0,0.0,-1
WEB11163.jpg,4,0,0.00422635,0.0,0.0,-1
WEB11163.jpg,5,0,0.00140842,0.221341,0.221341,0
WEB11163.jpg,6,0,0.00100694,0.0,0.0,-1
WEB11163.jpg,7,0,0.00064887,0.0,0.0,-1
WEB11163.jpg,8,0,0.00018229,0.0,0.0,-1
WEB11163.jpg,9,0,0.0013227,0.0,0.0,-1
WEB11164.jpg,0,1,0.155625,0.0,0.0,-1
WEB11165.jpg,0,1,0.15048828,0.0,0.0,-1
WEB11166.jpg,0,1,0.08540039,0.0,0.0,-1
WEB11167.jpg,0,1,0.09130859,0.0,0.0,-1
WEB11168.jpg,0,1,0.07089627,0.0,0.0,-1
WEB11169.jpg,0,0,0.0005013,0.0,0.0,-1
WEB11169.jpg,1,0,0.00210938,0.633576,0.633576,0
WEB11169.jpg,2,0,0.00180773,0.0,0.0,-1
WEB11169.jpg,3,0,0.00067383,0.138581,0.138581,0
WEB11169.jpg,4,0,0.00147895,0.0,0.0,-1
WEB11169.jpg,5,1,0.11484592,0.0,0.0,-1
WEB11170.jpg,0,0,0.00063802,0.0,0.0,-1
WEB11170.jpg,1,0,0.000625,0.0,0.0,-1
WEB11170.jpg,2,1,0.18632487,0.0,0.0,-1
WEB11171.jpg,0,0,0.0046658,0.0,0.0,-1
WEB11171.jpg,1,0,0.00011936,0.011724,0.011724,0
WEB11171.jpg,2,0,0.00049479,0.312756,0.312756,0
WEB11171.jpg,3,1,0.07933702,0.0,0.0,-1
WEB11172.jpg,0,0,0.00306532,0.557582,0.557582,0
WEB11172.jpg,1,0,0.00105469,0.0,0.0,-1
WEB11172.jpg,2,1,0.18988715,0.0,0.0,-1
WEB11173.jpg,0,1,0.50591799,0.05596,0.05596,1
WEB11173.jpg,1,0,0.10106383,0.922247,0.922247,0
WEB11174.jpg,0,0,0.00648148,0.0,0.0,-1
WEB11174.jpg,1,0,0.0078125,0.0,0.0,-1
WEB11174.jpg,2,0,0.00390625,0.0,0.0,-1
WEB11174.jpg,3,0,0.00318287,0.0,0.0,-1
WEB11174.jpg,4,0,0.02074074,0.01531,0.01531,0
WEB11174.jpg,5,1,0.45746528,0.779681,0.779681,1
WEB11175.jpg,0,1,0.35125651,0.285508,0.285508,1
WEB11175.jpg,1,1,0.0431901,0.0,0.0,-1
WEB11176.jpg,0,1,0.13325521,0.0,0.0,-1
WEB11177.jpg,0,1,0.01082465,0.0,0.0,-1
WEB11177.jpg,1,1,0.00136719,0.0,0.0,-1
WEB11178.jpg,0,1,0.20342882,0.41072,0.41072,1
WEB11179.jpg,0,1,0.00168186,0.0,0.0,-1
WEB11179.jpg,1,1,0.01471354,0.0,0.0,-1
WEB11180.jpg,0,1,0.00108168,0.0,0.0,-1
WEB11180.jpg,1,1,0.00203451,0.066242,0.066242,1
WEB11180.jpg,2,1,0.00189887,0.574597,0.574597,1
WEB11180.jpg,3,1,0.00186835,0.0,0.0,-1
WEB11181.jpg,0,0,0.00059245,0.0,0.0,-1
WEB11181.jpg,1,0,0.02460069,0.0,0.0,-1
WEB11181.jpg,2,1,0.92823134,0.0,0.0,-1
WEB11182.jpg,0,1,0.34620894,0.0,0.0,-1
WEB11183.jpg,0,1,0.41002604,0.094244,0.094244,1
WEB11184.jpg,0,1,0.27275391,0.844927,0.844927,1
WEB11185.jpg,0,1,0.24125977,0.933347,0.933347,1
WEB11186.jpg,0,1,0.24949062,0.0,0.0,-1
WEB11187.jpg,0,1,0.60824653,0.844182,0.844182,1
WEB11188.jpg,0,0,0.00160482,0.0,0.0,-1
WEB11188.jpg,1,0,0.0008138,0.0,0.0,-1
WEB11188.jpg,2,0,0.00062066,0.0,0.0,-1
WEB11188.jpg,3,0,0.00046115,0.0,0.0,-1
WEB11188.jpg,4,1,0.14388021,0.0,0.0,-1
WEB11189.jpg,0,1,0.54302951,0.804141,0.804141,1
WEB11189.jpg,1,0,0.00211589,0.0,0.0,-1
WEB11189.jpg,2,0,0.00180664,0.0,0.0,-1
WEB11190.jpg,0,1,0.37438819,0.617678,0.617678,1
WEB11191.jpg,0,1,0.87484277,0.730916,0.730916,1
WEB11192.jpg,0,1,0.75888856,0.58625,0.58625,1
WEB11193.jpg,0,1,0.06996582,0.799961,0.799961,1
WEB11193.jpg,1,0,0.01207764,0.821346,0.821346,0
WEB11194.jpg,0,1,0.23981934,0.210701,0.210701,1
WEB11195.jpg,0,0,0.0806809,0.914589,0.914589,0
WEB11195.jpg,1,1,0.48510259,0.804286,0.804286,1
WEB11196.jpg,0,1,0.08880208,0.010811,0.010811,1
WEB11196.jpg,1,0,0.00394965,0.553406,0.553406,0
WEB11196.jpg,2,0,0.00188694,0.0,0.0,-1
WEB11197.jpg,0,0,0.00560547,0.770431,0.770431,0
WEB11197.jpg,1,1,0.03322266,0.0,0.0,-1
WEB11198.jpg,0,1,0.00488281,0.741107,0.741107,1
WEB11198.jpg,1,1,0.00492859,0.843704,0.843704,1
WEB11198.jpg,2,1,0.00589498,0.793024,0.793024,1
WEB11198.jpg,3,1,0.00340101,0.0,0.0,-1
WEB11199.jpg,0,0,0.00602214,0.846261,0.846261,0
WEB11199.jpg,1,0,0.00216797,0.016703,0.016703,0
WEB11199.jpg,2,0,0.00143229,0.0,0.0,-1
WEB11199.jpg,3,0,0.00416016,0.302456,0.302456,0
WEB11199.jpg,4,1,0.14674479,0.0,0.0,-1
WEB11200.jpg,0,0,0.00170139,0.663193,0.663193,0
WEB11200.jpg,1,1,0.17504557,0.819215,0.819215,1
WEB11201.jpg,0,1,0.00277151,0.817722,0.817722,1
WEB11201.jpg,1,1,0.00231074,0.0,0.0,-1
WEB11201.jpg,2,1,0.00268211,0.0,0.0,-1
WEB11201.jpg,3,1,0.00249642,0.807052,0.807052,1
WEB11202.jpg,0,0,0.00030382,0.0,0.0,-1
WEB11202.jpg,1,1,0.27067166,0.0,0.0,-1
WEB11203.jpg,0,0,0.00036892,0.0,0.0,-1
WEB11203.jpg,1,1,0.25703125,0.4314,0.4314,1
WEB11204.jpg,0,1,0.35804047,0.779498,0.779498,1
WEB11205.jpg,0,1,0.26135525,0.057729,0.057729,1
WEB11206.jpg,0,1,0.25104167,0.746233,0.746233,1
WEB11207.jpg,0,1,0.27799479,0.0,0.0,-1
WEB11207.jpg,1,0,0.00026801,0.0,0.0,-1
WEB11208.jpg,0,1,0.24593641,0.0,0.0,-1
WEB11208.jpg,1,0,0.00023872,0.0,0.0,-1
WEB11209.jpg,0,1,0.18383208,0.178301,0.178301,1
WEB11210.jpg,0,1,0.04391276,0.022477,0.022477,1
WEB11211.jpg,0,1,0.12226237,0.0,0.0,-1
WEB11212.jpg,0,1,0.04786133,0.0,0.0,-1
WEB11213.jpg,0,1,0.03353516,0.0,0.0,-1
WEB11214.jpg,0,0,0.00087457,0.0,0.0,-1
WEB11214.jpg,1,1,0.03859375,0.0,0.0,-1
WEB11215.jpg,0,1,0.03879557,0.0,0.0,-1
WEB11216.jpg,0,1,0.0399783,0.0,0.0,-1
WEB11217.jpg,0,1,0.00830417,0.095451,0.095451,1
WEB11217.jpg,1,1,0.00671387,0.81751,0.81751,1
WEB11217.jpg,2,1,0.00599501,0.0,0.0,-1
WEB11217.jpg,3,1,0.00488451,0.0,0.0,-1
WEB11218.jpg,0,1,0.04204102,0.0,0.0,-1
WEB11219.jpg,0,0,0.00036133,0.380682,0.380682,0
WEB11219.jpg,1,1,0.01203559,0.0,0.0,-1
WEB11220.jpg,0,1,0.01545247,0.0,0.0,-1
WEB11221.jpg,0,1,0.03158203,0.0,0.0,-1
WEB11222.jpg,0,1,0.06094618,0.0,0.0,-1
WEB11223.jpg,0,0,0.00057726,0.797279,0.797279,0
WEB11223.jpg,1,1,0.00519097,0.0,0.0,-1
WEB11223.jpg,2,0,0.00188368,0.0,0.0,-1
WEB11224.jpg,0,1,0.11848958,0.818471,0.818471,1
WEB11224.jpg,1,0,0.00434462,0.503946,0.503946,0
WEB11224.jpg,2,0,0.00592448,0.0,0.0,-1
WEB11224.jpg,3,0,0.00362847,0.0,0.0,-1
WEB11225.jpg,0,1,0.03430556,0.0,0.0,-1
WEB11226.jpg,0,1,0.02897352,0.0,0.0,-1
WEB11227.jpg,0,0,0.00039063,0.0,0.0,-1
WEB11227.jpg,1,1,0.05809028,0.0,0.0,-1
WEB11228.jpg,0,0,0.03399306,0.0,0.0,-1
WEB11228.jpg,1,1,0.09805556,0.0,0.0,-1
WEB11229.jpg,0,1,0.05877604,0.0,0.0,-1
WEB11230.jpg,0,1,0.99176866,0.0,0.0,-1
WEB11231.jpg,0,1,0.68313694,0.344892,0.344892,1
WEB11232.jpg,0,0,0.00921474,0.461829,0.461829,0
WEB11232.jpg,1,1,0.46044505,0.0,0.0,-1
WEB11233.jpg,0,1,0.92903333,0.419906,0.419906,1
WEB11234.jpg,0,1,0.30880208,0.881857,0.881857,1
WEB11235.jpg,0,1,0.45098177,0.0,0.0,-1
WEB11236.jpg,0,1,0.61695424,0.192067,0.192067,1
WEB11237.jpg,0,1,0.09391059,0.229889,0.229889,1
WEB11238.jpg,0,1,0.08843099,0.847537,0.847537,1
WEB11239.jpg,0,1,0.03491536,0.217594,0.217594,1
WEB11240.jpg,0,1,0.50934313,0.886737,0.886737,1
WEB11240.jpg,1,0,0.00117014,0.0,0.0,-1
WEB11241.jpg,0,1,0.08054362,0.805017,0.805017,1
WEB11242.jpg,0,0,0.00645616,0.824027,0.824027,0
WEB11242.jpg,1,1,0.36530273,0.670491,0.670491,1
WEB11243.jpg,0,1,0.29422467,0.387549,0.387549,1
WEB11244.jpg,0,1,0.13626609,0.0,0.0,-1
WEB11245.jpg,0,1,0.23449303,0.0,0.0,-1
WEB11246.jpg,0,0,0.00152805,0.0,0.0,-1
WEB11246.jpg,1,0,0.00666885,0.0,0.0,-1
WEB11246.jpg,2,0,0.00359092,0.0,0.0,-1
WEB11246.jpg,3,0,0.00169614,0.0,0.0,-1
WEB11246.jpg,4,0,0.00662737,0.0,0.0,-1
WEB11246.jpg,5,1,0.68157171,0.752077,0.752077,1
WEB11247.jpg,0,0,0.04308028,0.0,0.0,-1
WEB11247.jpg,1,1,0.32941183,0.0,0.0,-1
WEB11248.jpg,0,1,0.91718732,0.196335,0.196335,1
WEB11249.jpg,0,1,0.06036932,0.0,0.0,-1
WEB11250.jpg,0,1,0.02210582,0.0,0.0,-1
WEB11251.jpg,0,1,0.26079596,0.0,0.0,-1
WEB11252.jpg,0,1,0.2295166,0.858513,0.858513,1
WEB11252.jpg,1,0,0.06198486,0.0,0.0,-1
WEB11252.jpg,2,0,0.01583496,0.0,0.0,-1
WEB11252.jpg,3,0,0.00993286,0.0,0.0,-1
WEB11253.jpg,0,1,0.33460531,0.0,0.0,-1
WEB11254.jpg,0,1,0.33046631,0.0,0.0,-1
WEB11255.jpg,0,1,0.16908025,0.0,0.0,-1
WEB11255.jpg,1,1,0.13032222,0.0,0.0,-1
WEB11256.jpg,0,0,0.01403646,0.0,0.0,-1
WEB11256.jpg,1,0,0.02967285,0.0,0.0,-1
WEB11256.jpg,2,0,0.00597249,0.0,0.0,-1
WEB11256.jpg,3,0,0.00200521,0.0,0.0,-1
WEB11256.jpg,4,0,0.00097656,0.0,0.0,-1
WEB11256.jpg,5,1,0.31010742,0.0,0.0,-1
WEB11257.jpg,0,1,0.42617907,0.817976,0.817976,1
WEB11258.jpg,0,1,0.53029888,0.705178,0.705178,1
WEB11259.jpg,0,1,0.12218348,0.0,0.0,-1
WEB11259.jpg,1,1,0.0604248,0.0,0.0,-1
WEB11260.jpg,0,1,0.42016129,0.0,0.0,-1
WEB11261.jpg,0,1,0.41475464,0.0,0.0,-1
WEB11262.jpg,0,1,0.23349979,0.03272,0.03272,1
WEB11263.jpg,0,1,0.20798448,0.569886,0.569886,1
WEB11263.jpg,1,1,0.15677456,0.0,0.0,-1
WEB11263.jpg,2,1,0.24630386,0.0,0.0,-1
WEB11263.jpg,3,1,0.16951705,0.055226,0.055226,1
WEB11264.jpg,0,1,0.59657101,0.677458,0.677458,1
WEB11265.jpg,0,1,0.25059513,0.0,0.0,-1
WEB11266.jpg,0,1,0.23345486,0.0,0.0,-1
WEB11267.jpg,0,1,0.64019857,0.827215,0.827215,1
WEB11267.jpg,1,0,0.00024414,0.0,0.0,-1
WEB11267.jpg,2,0,0.00084635,0.0,0.0,-1
WEB11268.jpg,0,1,0.00863505,0.0,0.0,-1
WEB11269.jpg,0,1,0.00657288,0.0,0.0,-1
WEB11270.jpg,0,1,0.03713103,0.0,0.0,-1
WEB11271.jpg,0,1,0.4297167,0.0,0.0,-1
WEB11271.jpg,1,0,0.16877132,0.0,0.0,-1
WEB11272.jpg,0,1,0.10240655,0.0,0.0,-1
WEB11273.jpg,0,0,0.02463166,0.036382,0.036382,0
WEB11273.jpg,1,1,0.2012397,0.675603,0.675603,1
WEB11274.jpg,0,1,0.02887994,0.876263,0.876263,1
WEB11274.jpg,1,1,0.01302713,0.0,0.0,-1
WEB11274.jpg,2,0,0.00023637,0.063678,0.063678,0
WEB11275.jpg,0,0,0.08947048,0.094765,0.094765,0
WEB11275.jpg,1,0,0.01177887,0.0,0.0,-1
WEB11275.jpg,2,1,0.11328634,0.061756,0.061756,1
WEB11275.jpg,3,1,0.07598524,0.54456,0.54456,1
WEB11276.jpg,0,1,0.05700495,0.0,0.0,-1
WEB11277.jpg,0,1,0.33079456,0.0,0.0,-1
WEB11278.jpg,0,1,0.004758,0.0,0.0,-1
WEB11279.jpg,0,1,0.0206509,0.0,0.0,-1
WEB11279.jpg,1,1,0.00736323,0.0,0.0,-1
WEB11280.jpg,0,1,0.2332835,0.0,0.0,-1
WEB11281.jpg,0,1,0.47215424,0.775118,0.775118,1
WEB11282.jpg,0,1,0.12584465,0.104385,0.104385,1
WEB11283.jpg,0,1,0.39910115,0.815451,0.815451,1
WEB11284.jpg,0,1,0.18454259,0.860089,0.860089,1
WEB11285.jpg,0,1,0.06942818,0.0,0.0,-1
WEB11285.jpg,1,1,0.04471844,0.0,0.0,-1
WEB11286.jpg,0,0,0.00893323,0.8568,0.8568,0
WEB11286.jpg,1,1,0.38885497,0.062646,0.062646,1
WEB11287.jpg,0,1,0.08302011,0.0,0.0,-1
WEB11288.jpg,0,1,0.40361886,0.0,0.0,-1
WEB11289.jpg,0,1,0.7466303,0.32055,0.32055,1
WEB11290.jpg,0,1,0.75518428,0.0,0.0,-1
WEB11291.jpg,0,1,0.25233467,0.846692,0.846692,1
WEB11292.jpg,0,1,0.21662122,0.0,0.0,-1
WEB11292.jpg,1,1,0.07178816,0.0,0.0,-1
WEB11293.jpg,0,1,0.15237167,0.933687,0.933687,1
WEB11293.jpg,1,1,0.50168728,0.840884,0.840884,1
WEB11293.jpg,2,1,0.00711707,0.027659,0.027659,1
WEB11294.jpg,0,0,0.00168241,0.027341,0.027341,0
WEB11294.jpg,1,0,0.00032988,0.0,0.0,-1
WEB11294.jpg,2,0,0.04350073,0.467786,0.467786,0
WEB11294.jpg,3,0,0.00049483,0.0,0.0,-1
WEB11294.jpg,4,0,0.00036287,0.0,0.0,-1
WEB11294.jpg,5,0,0.00093467,0.0,0.0,-1
WEB11294.jpg,6,0,0.00094017,0.0,0.0,-1
WEB11294.jpg,7,0,0.00049483,0.0,0.0,-1
WEB11294.jpg,8,0,0.00133603,0.0,0.0,-1
WEB11294.jpg,9,1,0.81586413,0.636277,0.636277,1
WEB11295.jpg,0,1,0.61051432,0.586274,0.586274,1
WEB11295.jpg,1,0,0.00631112,0.0,0.0,-1
WEB11295.jpg,2,0,0.00041022,0.0,0.0,-1
WEB11295.jpg,3,0,0.00053146,0.0,0.0,-1
WEB11295.jpg,4,0,0.00079719,0.0,0.0,-1
WEB11295.jpg,5,0,0.0027935,0.0,0.0,-1
WEB11295.jpg,6,0,0.00110611,0.0,0.0,-1
WEB11296.jpg,0,1,0.03744399,0.0,0.0,-1
WEB11297.jpg,0,1,0.04528858,0.0,0.0,-1
WEB11298.jpg,0,1,0.10207504,0.832738,0.832738,1
WEB11299.jpg,0,1,0.33728265,0.865019,0.865019,1
WEB11300.jpg,0,0,0.00077447,0.0,0.0,-1
WEB11300.jpg,1,0,0.00061958,0.0,0.0,-1
WEB11300.jpg,2,1,0.13394947,0.0,0.0,-1
WEB11301.jpg,0,1,0.36568474,0.878476,0.878476,1
WEB11302.jpg,0,1,0.71432292,0.26828,0.26828,1
WEB11303.jpg,0,1,0.42187853,0.903787,0.903787,1
WEB11303.jpg,1,0,0.00035875,0.0,0.0,-1
WEB11304.jpg,0,1,0.58061852,0.0,0.0,-1
WEB11304.jpg,1,0,0.01294815,0.0,0.0,-1
WEB11305.jpg,0,0,0.0007053,0.0,0.0,-1
WEB11305.jpg,1,0,0.0101454,0.0,0.0,-1
WEB11305.jpg,2,1,0.43664551,0.83664,0.83664,1
WEB11306.jpg,0,1,0.4138292,0.545615,0.545615,1
WEB11307.jpg,0,1,0.0476237,0.0,0.0,-1
WEB11308.jpg,0,1,0.01472089,0.0,0.0,-1
WEB11308.jpg,1,1,0.01109501,0.0,0.0,-1
WEB11308.jpg,2,1,0.01276002,0.0,0.0,-1
WEB11309.jpg,0,1,0.01479039,0.0,0.0,-1
WEB11309.jpg,1,1,0.00760885,0.0,0.0,-1
WEB11309.jpg,2,1,0.00810661,0.0,0.0,-1
WEB11310.jpg,0,0,0.02846074,0.0,0.0,-1
WEB11310.jpg,1,0,0.00201446,0.0,0.0,-1
WEB11310.jpg,2,1,0.8277376,0.0,0.0,-1
WEB11311.jpg,0,1,0.51412538,0.322526,0.322526,1
WEB11312.jpg,0,1,0.04636202,0.0,0.0,-1
WEB11313.jpg,0,1,0.14749369,0.926476,0.926476,1
WEB11314.jpg,0,1,0.22211687,0.802835,0.802835,1
WEB11314.jpg,1,0,0.01311064,0.289477,0.289477,0
WEB11314.jpg,2,0,0.00279334,0.0,0.0,-1
WEB11315.jpg,0,1,0.24426199,0.885725,0.885725,1
WEB11316.jpg,0,1,0.01607398,0.480764,0.480764,1
WEB11316.jpg,1,1,0.18509095,0.0,0.0,-1
WEB11317.jpg,0,1,0.4055221,0.0,0.0,-1
WEB11317.jpg,1,0,0.03227493,0.887781,0.887781,0
WEB11317.jpg,2,0,0.00112792,0.031032,0.031032,0
WEB11318.jpg,0,1,0.50067628,0.833876,0.833876,1
WEB11319.jpg,0,1,0.20038013,0.243003,0.243003,1
WEB11319.jpg,1,0,0.00689761,0.696494,0.696494,0
WEB11319.jpg,2,0,0.00201717,0.0,0.0,-1
WEB11319.jpg,3,0,0.00920703,0.365969,0.365969,0
WEB11319.jpg,4,0,0.0239485,0.0,0.0,-1
WEB11320.jpg,0,1,0.44815866,0.064643,0.064643,1
WEB11320.jpg,1,0,0.00238128,0.0,0.0,-1
WEB11320.jpg,2,0,0.00176519,0.0,0.0,-1
WEB11320.jpg,3,0,0.00038073,0.0,0.0,-1
WEB11321.jpg,0,1,0.03317368,0.0,0.0,-1
WEB11321.jpg,1,1,0.14352802,0.0,0.0,-1
WEB11322.jpg,0,1,0.5293787,0.53048,0.53048,1
WEB11323.jpg,0,1,0.38886824,0.694199,0.694199,1
WEB11324.jpg,0,1,0.11723601,0.0,0.0,-1
WEB11324.jpg,1,0,0.00511529,0.010728,0.010728,0
WEB11324.jpg,2,1,0.00343075,0.0,0.0,-1
WEB11325.jpg,0,1,0.45072698,0.0,0.0,-1
WEB11326.jpg,0,1,0.43490674,0.071364,0.071364,1
WEB11327.jpg,0,1,0.04124226,0.0,0.0,-1
WEB11327.jpg,1,1,0.23582334,0.0,0.0,-1
WEB11327.jpg,2,0,0.00827165,0.0,0.0,-1
WEB11328.jpg,0,1,0.6393538,0.070117,0.070117,1
WEB11329.jpg,0,1,0.6113482,0.0,0.0,-1
WEB11329.jpg,1,0,0.0082104,0.849258,0.849258,0
WEB11330.jpg,0,0,0.00870833,0.0,0.0,-1
WEB11330.jpg,1,1,0.65091667,0.265992,0.265992,1
WEB11331.jpg,0,1,0.14653768,0.018317,0.018317,1
WEB11332.jpg,0,1,0.20140619,0.0,0.0,-1
WEB11332.jpg,1,1,0.00996541,0.0,0.0,-1
WEB11333.jpg,0,1,0.13807978,0.84801,0.84801,1
WEB11333.jpg,1,0,0.00120615,0.0,0.0,-1
WEB11334.jpg,0,1,0.1217949,0.755058,0.755058,1
WEB11335.jpg,0,1,0.26111887,0.850138,0.850138,1
WEB11336.jpg,0,1,0.10514299,0.0,0.0,-1
WEB11337.jpg,0,1,0.3648164,0.015965,0.015965,1
WEB11338.jpg,0,1,0.4300734,0.082544,0.082544,1
WEB11339.jpg,0,1,0.15176287,0.899668,0.899668,1
WEB11340.jpg,0,1,0.0963886,0.897182,0.897182,1
WEB11340.jpg,1,1,0.00421648,0.0,0.0,-1
WEB11341.jpg,0,1,0.49359377,0.282348,0.282348,1
WEB11342.jpg,0,0,0.05786049,0.888179,0.888179,0
WEB11342.jpg,1,0,0.00310722,0.0,0.0,-1
WEB11342.jpg,2,0,0.02097554,0.17767,0.17767,0
WEB11342.jpg,3,1,0.43639078,0.0,0.0,-1
WEB11342.jpg,4,0,0.00070392,0.0,0.0,-1
WEB11343.jpg,0,1,0.43521686,0.0,0.0,-1
WEB11344.jpg,0,1,0.2666332,0.0,0.0,-1
WEB11344.jpg,1,0,0.02713778,0.861379,0.861379,0
WEB11345.jpg,0,1,0.35408634,0.843973,0.843973,1
WEB11346.jpg,0,1,0.37125818,0.589433,0.589433,1
WEB11347.jpg,0,1,0.18328151,0.0,0.0,-1
WEB11348.jpg,0,1,0.16388747,0.0,0.0,-1
WEB11349.jpg,0,1,0.06642828,0.0,0.0,-1
WEB11350.jpg,0,1,0.42910945,0.089876,0.089876,1
WEB11351.jpg,0,1,0.02645833,0.0,0.0,-1
WEB11352.jpg,0,1,0.57694465,0.810373,0.810373,1
WEB11353.jpg,0,1,0.20634613,0.0999,0.0999,1
WEB11353.jpg,1,1,0.1749963,0.0,0.0,-1
WEB11353.jpg,2,0,0.01966874,0.87249,0.87249,0
WEB11354.jpg,0,1,0.32925725,0.702865,0.702865,1
WEB11355.jpg,0,1,0.07644928,0.0,0.0,-1
WEB11356.jpg,0,1,0.06829699,0.0,0.0,-1
WEB11357.jpg,0,0,0.01390121,0.0,0.0,-1
WEB11357.jpg,1,0,0.00199645,0.0,0.0,-1
WEB11357.jpg,2,1,0.03097826,0.867022,0.867022,1
WEB11357.jpg,3,1,0.03673654,0.0,0.0,-1
WEB11357.jpg,4,1,0.28216504,0.619158,0.619158,1
WEB11357.jpg,5,1,0.05838509,0.0,0.0,-1
WEB11357.jpg,6,1,0.06083999,0.0,0.0,-1
WEB11358.jpg,0,1,0.53268175,0.781786,0.781786,1
WEB11359.jpg,0,1,0.58752958,0.845779,0.845779,1
WEB11360.jpg,0,1,0.41833777,0.863653,0.863653,1
WEB11361.jpg,0,1,0.54850093,0.0,0.0,-1
WEB11362.jpg,0,1,0.51444423,0.463625,0.463625,1
WEB11363.jpg,0,1,0.4670177,0.476149,0.476149,1
WEB11364.jpg,0,1,0.68398677,0.858233,0.858233,1
WEB11365.jpg,0,0,0.00226981,0.116728,0.116728,0
WEB11365.jpg,1,0,0.00191201,0.018257,0.018257,0
WEB11365.jpg,2,0,0.01191483,0.788186,0.788186,0
WEB11365.jpg,3,1,0.09883848,0.0,0.0,-1
WEB11365.jpg,4,1,0.05991627,0.02342,0.02342,1
WEB11366.jpg,0,1,0.23049636,0.0,0.0,-1
WEB11367.jpg,0,1,0.68828901,0.109237,0.109237,1
WEB11368.jpg,0,1,0.28318327,0.839924,0.839924,1
WEB11369.jpg,0,1,0.62289403,0.0,0.0,-1
WEB11370.jpg,0,1,0.49412089,0.05962,0.05962,1
WEB11371.jpg,0,1,0.24319468,0.582058,0.582058,1
WEB11371.jpg,1,1,0.56820603,0.0,0.0,-1
WEB11371.jpg,2,0,0.02882825,0.0,0.0,-1
WEB11371.jpg,3,0,0.00608519,0.0,0.0,-1
WEB11371.jpg,4,0,0.01162855,0.0,0.0,-1
WEB11372.jpg,0,1,0.4807841,0.0,0.0,-1
WEB11373.jpg,0,1,0.646906,0.43773,0.43773,1
WEB11374.jpg,0,1,0.21418322,0.70423,0.70423,1
WEB11375.jpg,0,1,0.13619327,0.719871,0.719871,1
WEB11375.jpg,1,0,0.02276986,0.761434,0.761434,0
WEB11375.jpg,2,0,0.00808342,0.779845,0.779845,0
WEB11375.jpg,3,0,0.00066236,0.0,0.0,-1
WEB11376.jpg,0,0,0.05004928,0.826449,0.826449,0
WEB11376.jpg,1,1,0.01013196,0.010814,0.010814,1
WEB11376.jpg,2,1,0.00820914,0.017433,0.017433,1
WEB11376.jpg,3,1,0.01731864,0.0,0.0,-1
WEB11376.jpg,4,1,0.07124888,0.696593,0.696593,1
WEB11376.jpg,5,0,0.00061495,0.0,0.0,-1
WEB11376.jpg,6,1,0.06473158,0.0,0.0,-1
WEB11377.jpg,0,1,0.24137174,0.632514,0.632514,1
WEB11377.jpg,1,0,0.01198903,0.0,0.0,-1
WEB11378.jpg,0,1,0.01125185,0.021161,0.021161,1
WEB11379.jpg,0,1,0.1606,0.0,0.0,-1
WEB11380.jpg,0,1,0.28100459,0.0,0.0,-1
WEB11381.jpg,0,1,0.13795833,0.844151,0.844151,1
WEB11382.jpg,0,1,0.41540957,0.0,0.0,-1
WEB11383.jpg,0,1,0.18495423,0.304099,0.304099,1
WEB11384.jpg,0,1,0.07796732,0.8668,0.8668,1
WEB11385.jpg,0,1,0.09360412,0.883355,0.883355,1
WEB11386.jpg,0,1,0.17444064,0.848716,0.848716,1
WEB11387.jpg,0,1,0.26124714,0.835774,0.835774,1
WEB11388.jpg,0,1,0.04453089,0.0,0.0,-1
WEB11389.jpg,0,1,0.16927384,0.734987,0.734987,1
WEB11390.jpg,0,1,0.26081944,0.902875,0.902875,1
WEB11391.jpg,0,1,0.35677338,0.0,0.0,-1
WEB11391.jpg,1,0,0.01197815,0.0,0.0,-1
WEB11392.jpg,0,1,0.3722288,0.0,0.0,-1
WEB11392.jpg,1,0,0.00246548,0.0,0.0,-1
WEB11393.jpg,0,1,0.09374269,0.77752,0.77752,1
WEB11394.jpg,0,1,0.10662109,0.0,0.0,-1
WEB11395.jpg,0,1,0.12686632,0.0,0.0,-1
WEB11396.jpg,0,1,0.00908203,0.0,0.0,-1
WEB11397.jpg,0,1,0.00146484,0.0,0.0,-1
WEB11398.jpg,0,1,0.00149148,0.0,0.0,-1
WEB11399.jpg,0,1,0.00139826,0.0,0.0,-1
WEB11400.jpg,0,1,0.00489169,0.0,0.0,-1
WEB11401.jpg,0,1,0.00591708,0.0,0.0,-1
WEB11402.jpg,0,1,0.4018862,0.0,0.0,-1
WEB11403.jpg,0,1,0.189627,0.907763,0.907763,1
WEB11404.jpg,0,1,0.0024636,0.0,0.0,-1
WEB11405.jpg,0,1,0.13298265,0.0,0.0,-1
WEB11406.jpg,0,1,0.05024414,0.0,0.0,-1
WEB11407.jpg,0,1,0.03284198,0.0,0.0,-1
WEB11407.jpg,1,1,0.01824074,0.0,0.0,-1
WEB11407.jpg,2,1,0.00444321,0.0,0.0,-1
WEB11408.jpg,0,1,0.26968703,0.537103,0.537103,1
WEB11409.jpg,0,1,0.35598269,0.3659,0.3659,1
WEB11410.jpg,0,1,0.55369965,0.909518,0.909518,1
WEB11411.jpg,0,0,0.00964719,0.800437,0.800437,0
WEB11411.jpg,1,1,0.13131753,0.0,0.0,-1
WEB11412.jpg,0,1,0.23643825,0.0,0.0,-1
WEB11412.jpg,1,0,0.0006375,0.0,0.0,-1
WEB11413.jpg,0,1,0.65539048,0.0,0.0,-1
WEB11413.jpg,1,0,0.00044898,0.0,0.0,-1
WEB11414.jpg,0,1,0.691752,0.500097,0.500097,1
WEB11415.jpg,0,1,0.09520399,0.0,0.0,-1
WEB11415.jpg,1,1,0.04611979,0.0,0.0,-1
WEB11415.jpg,2,1,0.03372396,0.0,0.0,-1
WEB11416.jpg,0,0,0.07067933,0.81392,0.81392,0
WEB11416.jpg,1,1,0.45662089,0.699984,0.699984,1
WEB11417.jpg,0,1,0.32210938,0.0,0.0,-1
WEB11418.jpg,0,1,0.91524306,0.0,0.0,-1
WEB11419.jpg,0,1,0.91371094,0.0,0.0,-1
WEB11420.jpg,0,1,0.26970486,0.0,0.0,-1
WEB11421.jpg,0,1,0.56466249,0.89857,0.89857,1
WEB11422.jpg,0,1,0.68895399,0.848163,0.848163,1
WEB11423.jpg,0,1,0.04249132,0.0,0.0,-1
WEB11424.jpg,0,1,0.34368924,0.432603,0.432603,1
WEB11425.jpg,0,0,0.00047743,0.0,0.0,-1
WEB11425.jpg,1,1,0.19945313,0.0,0.0,-1
WEB11426.jpg,0,0,0.00090278,0.0,0.0,-1
WEB11426.jpg,1,1,0.30036458,0.573799,0.573799,1
WEB11427.jpg,0,1,0.19530382,0.0,0.0,-1
WEB11427.jpg,1,0,0.00072917,0.0,0.0,-1
WEB11428.jpg,0,1,0.59632704,0.0,0.0,-1
WEB11429.jpg,0,1,0.3593316,0.171486,0.171486,1
WEB11430.jpg,0,1,0.29830729,0.0,0.0,-1
WEB11430.jpg,1,0,0.00072917,0.0,0.0,-1
WEB11430.jpg,2,0,0.00072917,0.0,0.0,-1
WEB11431.jpg,0,1,0.30161554,0.509813,0.509813,1
WEB11432.jpg,0,1,0.30314731,0.033467,0.033467,1
WEB11432.jpg,1,0,0.00074742,0.0,0.0,-1
WEB11433.jpg,0,1,0.42599099,0.074704,0.074704,1
WEB11434.jpg,0,1,0.38155556,0.685766,0.685766,1
WEB11434.jpg,1,0,0.00106667,0.0,0.0,-1
WEB11434.jpg,2,0,0.0052,0.026794,0.026794,0
WEB11434.jpg,3,0,0.0049,0.0,0.0,-1
WEB11435.jpg,0,1,0.21555707,0.0,0.0,-1
WEB11435.jpg,1,1,0.07958984,0.0,0.0,-1
WEB11435.jpg,2,0,0.00957031,0.850446,0.850446,0
WEB11436.jpg,0,1,0.06106488,0.048425,0.048425,1
WEB11437.jpg,0,0,0.01735734,0.804536,0.804536,0
WEB11437.jpg,1,0,0.02178159,0.892204,0.892204,0
WEB11437.jpg,2,0,0.00217391,0.0,0.0,-1
WEB11437.jpg,3,1,0.47933084,0.0,0.0,-1
WEB11437.jpg,4,1,0.19555027,0.0,0.0,-1
WEB11438.jpg,0,0,0.00430537,0.672584,0.672584,0
WEB11438.jpg,1,0,0.0017748,0.0,0.0,-1
WEB11438.jpg,2,1,0.27143342,0.0,0.0,-1
WEB11438.jpg,3,1,0.15762993,0.0,0.0,-1
WEB11439.jpg,0,1,0.2490574,0.0,0.0,-1
WEB11439.jpg,1,0,0.00546875,0.0,0.0,-1
WEB11439.jpg,2,0,0.00509511,0.708169,0.708169,0
WEB11439.jpg,3,1,0.09922724,0.0,0.0,-1
WEB11440.jpg,0,1,0.34171317,0.531192,0.531192,1
WEB11441.jpg,0,1,0.14169034,0.0,0.0,-1
WEB11442.jpg,0,1,0.07773881,0.0,0.0,-1
WEB11443.jpg,0,1,0.40663467,0.279567,0.279567,1
WEB11443.jpg,1,1,0.015096,0.0,0.0,-1
WEB11443.jpg,2,0,0.00077333,0.0,0.0,-1
WEB11443.jpg,3,0,0.00154,0.0,0.0,-1
WEB11444.jpg,0,1,0.306677,0.0,0.0,-1
WEB11444.jpg,1,0,0.02145228,0.0,0.0,-1
WEB11445.jpg,0,1,0.5955427,0.84449,0.84449,1
WEB11445.jpg,1,0,0.00057651,0.0,0.0,-1
WEB11446.jpg,0,0,0.00321486,0.0,0.0,-1
WEB11446.jpg,1,0,0.01270623,0.846878,0.846878,0
WEB11446.jpg,2,0,0.0026184,0.798044,0.798044,0
WEB11446.jpg,3,0,0.00810145,0.0,0.0,-1
WEB11446.jpg,4,0,0.00065665,0.0,0.0,-1
WEB11446.jpg,5,0,0.00356234,0.0,0.0,-1
WEB11446.jpg,6,1,0.74887685,0.0,0.0,-1
WEB11447.jpg,0,0,0.02773438,0.053653,0.053653,0
WEB11447.jpg,1,0,0.00605469,0.0,0.0,-1
WEB11447.jpg,2,0,0.01367188,0.0,0.0,-1
WEB11447.jpg,3,0,0.00546875,0.0,0.0,-1
WEB11447.jpg,4,1,0.5971875,0.029312,0.029312,1
WEB11448.jpg,0,1,0.01461918,0.0,0.0,-1
WEB11449.jpg,0,1,0.57286966,0.179996,0.179996,1
WEB11450.jpg,0,1,0.10761719,0.0,0.0,-1
WEB11451.jpg,0,1,0.08867188,0.0,0.0,-1
WEB11452.jpg,0,1,0.0638273,0.0,0.0,-1
WEB11452.jpg,1,1,0.10387838,0.0,0.0,-1
WEB11453.jpg,0,1,0.10625444,0.0,0.0,-1
WEB11454.jpg,0,1,0.1220348,0.0,0.0,-1
WEB11455.jpg,0,1,0.08855646,0.0,0.0,-1
WEB11456.jpg,0,1,0.08612393,0.0,0.0,-1
WEB11457.jpg,0,1,0.38183908,0.868301,0.868301,1
WEB11457.jpg,1,0,0.00137931,0.823426,0.823426,0
WEB11457.jpg,2,0,0.00146552,0.0,0.0,-1
WEB11457.jpg,3,0,0.0012069,0.0,0.0,-1
WEB11457.jpg,4,0,0.00553161,0.0,0.0,-1
WEB11458.jpg,0,1,0.57271949,0.1538,0.1538,1
WEB11459.jpg,0,1,0.3384973,0.90872,0.90872,1
WEB11459.jpg,1,0,0.00167824,0.0,0.0,-1
WEB11459.jpg,2,0,0.00059414,0.0,0.0,-1
WEB11459.jpg,3,0,0.00050926,0.0,0.0,-1
WEB11459.jpg,4,0,0.00023148,0.010845,0.010845,0
WEB11460.jpg,0,1,0.45700581,0.86043,0.86043,1
WEB11460.jpg,1,0,0.29546512,0.86043,0.471584,1
WEB11461.jpg,0,1,0.38335299,0.101894,0.101894,1
WEB11462.jpg,0,1,0.43645833,0.0,0.0,-1
WEB11463.jpg,0,1,0.32119141,0.936113,0.936113,1
WEB11464.jpg,0,1,0.26059364,0.688812,0.688812,1
WEB11465.jpg,0,1,0.07228338,0.792943,0.792943,1
WEB11466.jpg,0,1,0.08267933,0.855981,0.855981,1
WEB11467.jpg,0,1,0.08743786,0.716326,0.716326,1
WEB11468.jpg,0,1,0.07970526,0.828347,0.828347,1
WEB11469.jpg,0,1,0.41725852,0.822898,0.822898,1
WEB11470.jpg,0,1,0.23950639,0.779475,0.779475,1
WEB11471.jpg,0,1,0.24819336,0.796382,0.796382,1
WEB11472.jpg,0,1,0.33297051,0.0,0.0,-1
WEB11473.jpg,0,1,0.59700429,0.892037,0.892037,1
WEB11474.jpg,0,1,0.31306122,0.0,0.0,-1
WEB11475.jpg,0,1,0.57520325,0.723496,0.723496,1
WEB11476.jpg,0,1,0.19642223,0.0,0.0,-1
WEB11477.jpg,0,1,0.11010742,0.0,0.0,-1
WEB11478.jpg,0,1,0.17844037,0.0,0.0,-1
WEB11478.jpg,1,1,0.07982775,0.0,0.0,-1
WEB11479.jpg,0,1,0.00354226,0.0,0.0,-1
WEB11480.jpg,0,1,0.01534091,0.0,0.0,-1
WEB11481.jpg,0,1,0.00279652,0.0,0.0,-1
WEB11482.jpg,0,1,0.09403646,0.497155,0.497155,1
WEB11483.jpg,0,1,0.25894097,0.0,0.0,-1
WEB11483.jpg,1,1,0.17008681,0.434305,0.434305,1
WEB11483.jpg,2,0,0.00200521,0.0,0.0,-1
WEB11484.jpg,0,0,0.00270833,0.373974,0.373974,0
WEB11484.jpg,1,1,0.1,0.0,0.0,-1
WEB11485.jpg,0,1,0.16166716,0.0,0.0,-1
WEB11486.jpg,0,0,0.00386047,0.817444,0.817444,0
WEB11486.jpg,1,1,0.56495158,0.0,0.0,-1
WEB11487.jpg,0,1,0.57174352,0.844947,0.844947,1
WEB11487.jpg,1,0,0.00106719,0.0,0.0,-1
WEB11487.jpg,2,0,0.00049188,0.0,0.0,-1
WEB11487.jpg,3,0,0.00031621,0.0,0.0,-1
WEB11487.jpg,4,0,0.0002635,0.0,0.0,-1
WEB11488.jpg,0,1,0.03898629,0.435455,0.435455,1
WEB11489.jpg,0,1,0.58494318,0.0,0.0,-1
WEB11490.jpg,0,1,0.44426048,0.0,0.0,-1
WEB11491.jpg,0,1,0.41585582,0.316293,0.316293,1
WEB11492.jpg,0,1,0.34916548,0.117035,0.117035,1
WEB11493.jpg,0,1,0.67675781,0.707187,0.707187,1
WEB11494.jpg,0,1,0.30363991,0.545448,0.545448,1
WEB11495.jpg,0,1,0.32272727,0.0,0.0,-1
WEB11496.jpg,0,1,0.31338335,0.669372,0.669372,1
WEB11497.jpg,0,1,0.27304688,0.136503,0.136503,1
WEB11498.jpg,0,1,0.57042791,0.250497,0.250497,1
WEB11499.jpg,0,1,0.25771484,0.0,0.0,-1
WEB11500.jpg,0,1,0.25887784,0.0,0.0,-1
WEB11501.jpg,0,1,0.28300781,0.030807,0.030807,1
WEB11502.jpg,0,1,0.22176403,0.322528,0.322528,1
WEB11503.jpg,0,1,0.08799716,0.014422,0.014422,1
WEB11504.jpg,0,1,0.44602865,0.0,0.0,-1
WEB11505.jpg,0,1,0.48212003,0.443793,0.443793,1
WEB11506.jpg,0,1,0.14375,0.0,0.0,-1
WEB11507.jpg,0,1,0.03195377,0.0,0.0,-1
WEB11508.jpg,0,1,0.17256944,0.011289,0.011289,1
WEB11508.jpg,1,1,0.05875,0.0,0.0,-1
WEB11509.jpg,0,1,0.18323351,0.0,0.0,-1
WEB11510.jpg,0,1,0.22777778,0.0,0.0,-1
WEB11511.jpg,0,1,0.02061632,0.0,0.0,-1
WEB11511.jpg,1,1,0.18195313,0.0,0.0,-1
WEB11512.jpg,0,1,0.18431167,0.928455,0.928455,1
WEB11513.jpg,0,1,0.106875,0.846651,0.846651,1
WEB11514.jpg,0,1,0.13556424,0.0,0.0,-1
WEB11514.jpg,1,0,0.01118056,0.0,0.0,-1
WEB11515.jpg,0,1,0.64680783,0.863793,0.863793,1
WEB11515.jpg,1,0,0.00193594,0.0,0.0,-1
WEB11516.jpg,0,1,0.42165365,0.0,0.0,-1
WEB11517.jpg,0,1,0.26982639,0.041967,0.0,0
WEB11517.jpg,1,0,0.00759115,0.0,0.0,-1
WEB11518.jpg,0,0,0.00767361,0.0,0.0,-1
WEB11518.jpg,1,1,0.26802951,0.0,0.0,-1
WEB11519.jpg,0,1,0.70264323,0.152231,0.152231,1
WEB11519.jpg,1,0,0.0375217,0.0,0.0,-1
WEB11520.jpg,0,1,0.84492188,0.407697,0.0,0
WEB11520.jpg,1,0,0.00239149,0.0,0.0,-1
WEB11520.jpg,2,0,0.00492188,0.0,0.0,-1
WEB11520.jpg,3,0,0.10800781,0.0,0.0,-1
WEB11521.jpg,0,1,0.73524306,0.538382,0.0,0
WEB11521.jpg,1,0,0.14927517,0.0,0.0,-1
WEB11522.jpg,0,0,0.00239149,0.0,0.0,-1
WEB11522.jpg,1,0,0.00118056,0.0,0.0,-1
WEB11522.jpg,2,0,0.04164497,0.0,0.0,-1
WEB11522.jpg,3,1,0.71501302,0.295362,0.0,0
WEB11523.jpg,0,1,0.46553819,0.03467,0.03467,1
WEB11524.jpg,0,0,0.13084852,0.513307,0.0,1
WEB11524.jpg,1,0,0.01604167,0.0,0.0,-1
WEB11525.jpg,0,1,0.55602214,0.032857,0.032857,1
WEB11525.jpg,1,0,0.00071615,0.0,0.0,-1
WEB11525.jpg,2,0,0.01736979,0.0,0.0,-1
WEB11526.jpg,0,1,0.0390625,0.463305,0.463305,1
WEB11526.jpg,1,0,0.00073785,0.0,0.0,-1
WEB11527.jpg,0,1,0.20481771,0.859487,0.859487,1
WEB11528.jpg,0,0,0.01145833,0.163837,0.163837,0
WEB11528.jpg,1,0,0.00315972,0.0,0.0,-1
WEB11528.jpg,2,1,0.54785156,0.169038,0.169038,1
WEB11529.jpg,0,1,0.07501736,0.0,0.0,-1
WEB11530.jpg,0,1,0.08832031,0.807098,0.807098,1
WEB11531.jpg,0,1,0.28325521,0.0,0.0,-1
WEB11531.jpg,1,1,0.22401042,0.0,0.0,-1
WEB11532.jpg,0,0,0.00052517,0.0,0.0,-1
WEB11532.jpg,1,1,0.62705729,0.833043,0.833043,1
WEB11533.jpg,0,1,0.38922654,0.775901,0.775901,1
WEB11533.jpg,1,0,0.00454917,0.767714,0.767714,0
WEB11533.jpg,2,0,0.00740808,0.138726,0.138726,0
WEB11534.jpg,0,0,0.00082373,0.0,0.0,-1
WEB11534.jpg,1,0,0.00313019,0.0,0.0,-1
WEB11534.jpg,2,1,0.34905751,0.745971,0.745971,1
WEB11535.jpg,0,1,0.63826497,0.303553,0.013711,0
WEB11536.jpg,0,1,0.04644671,0.45788,0.45788,1
WEB11537.jpg,0,0,0.00333682,0.822163,0.822163,0
WEB11537.jpg,1,1,0.10187946,0.0,0.0,-1
WEB11538.jpg,0,1,0.68116293,0.0,0.0,-1
WEB11539.jpg,0,0,0.00183771,0.0,0.0,-1
WEB11539.jpg,1,1,0.52518643,0.705135,0.705135,1
WEB11539.jpg,2,1,0.08352273,0.0,0.0,-1
WEB11540.jpg,0,0,0.00503374,0.143217,0.143217,0
WEB11540.jpg,1,1,0.15048384,0.0,0.0,-1
WEB11540.jpg,2,1,0.43451705,0.800159,0.800159,1
WEB11541.jpg,0,0,0.00527344,0.629424,0.629424,0
WEB11541.jpg,1,1,0.42826705,0.852114,0.852114,1
WEB11542.jpg,0,0,0.01484375,0.169006,0.169006,0
WEB11542.jpg,1,0,0.004375,0.0,0.0,-1
WEB11542.jpg,2,1,0.54986979,0.015194,0.015194,1
WEB11543.jpg,0,1,0.58157118,0.799466,0.799466,1
WEB11544.jpg,0,1,0.61606771,0.87622,0.87622,1
WEB11544.jpg,1,0,0.00052517,0.015168,0.015168,0
WEB11545.jpg,0,1,0.59932292,0.902054,0.902054,1
WEB11546.jpg,0,1,0.755625,0.876945,0.876945,1
WEB11547.jpg,0,1,0.3912414,0.661813,0.661813,1
WEB11548.jpg,0,1,0.70058594,0.604193,0.604193,1
WEB11549.jpg,0,1,0.97189236,0.485494,0.485494,1
WEB11550.jpg,0,1,0.45301649,0.910096,0.910096,1
WEB11551.jpg,0,1,0.24981771,0.368482,0.368482,1
WEB11552.jpg,0,1,0.40486111,0.0,0.0,-1
WEB11553.jpg,0,1,0.7780599,0.172986,0.172986,1
WEB11553.jpg,1,0,0.00154948,0.735511,0.735511,0
WEB11554.jpg,0,1,0.51251736,0.61959,0.61959,1
WEB11555.jpg,0,1,0.31742188,0.0,0.0,-1
WEB11556.jpg,0,1,0.23020833,0.0,0.0,-1
WEB11557.jpg,0,1,0.15065538,0.0,0.0,-1
WEB11558.jpg,0,1,0.19895833,0.295486,0.295486,1
WEB11559.jpg,0,1,0.26966911,0.0,0.0,-1
WEB11559.jpg,1,0,0.01107906,0.0,0.0,-1
WEB11559.jpg,2,0,0.01239541,0.0,0.0,-1
WEB11559.jpg,3,1,0.01375149,0.0,0.0,-1
WEB11559.jpg,4,0,0.00121835,0.0,0.0,-1
WEB11560.jpg,0,1,0.92002604,0.0,0.0,-1
WEB11561.jpg,0,1,0.54166667,0.0,0.0,-1
WEB11562.jpg,0,1,0.64121094,0.18829,0.18829,1
WEB11563.jpg,0,1,0.68106416,0.0,0.0,-1
WEB11564.jpg,0,1,0.63615023,0.170932,0.170932,1
WEB11565.jpg,0,1,0.10787982,0.0,0.0,-1
WEB11566.jpg,0,1,0.17548611,0.0,0.0,-1
WEB11566.jpg,1,1,0.53276042,0.72732,0.72732,1
WEB11566.jpg,2,0,0.00072917,0.0,0.0,-1
WEB11566.jpg,3,0,0.00062391,0.0,0.0,-1
WEB11567.jpg,0,0,0.00227865,0.0,0.0,-1
WEB11567.jpg,1,0,0.00046549,0.0,0.0,-1
WEB11567.jpg,2,0,0.00500977,0.0,0.0,-1
WEB11567.jpg,3,0,0.00023437,0.0,0.0,-1
WEB11567.jpg,4,0,0.00152669,0.0,0.0,-1
WEB11567.jpg,5,0,0.00041016,0.0,0.0,-1
WEB11567.jpg,6,0,0.00427083,0.489414,0.489414,0
WEB11567.jpg,7,0,0.00194661,0.0,0.0,-1
WEB11567.jpg,8,0,0.00041667,0.0,0.0,-1
WEB11567.jpg,9,0,0.00066406,0.0,0.0,-1
WEB11567.jpg,10,0,0.00044271,0.0,0.0,-1
WEB11567.jpg,11,1,0.51359375,0.399712,0.399712,1
WEB11568.jpg,0,1,0.39916992,0.850073,0.850073,1
WEB11569.jpg,0,1,0.90513889,0.0,0.0,-1
WEB11570.jpg,0,1,0.92106481,0.598671,0.598671,1
WEB11571.jpg,0,1,0.87820988,0.0,0.0,-1
WEB11572.jpg,0,1,0.82726852,0.059216,0.059216,1
WEB11573.jpg,0,1,0.07759115,0.0,0.0,-1
WEB11574.jpg,0,1,0.09891927,0.025754,0.025754,1
WEB11575.jpg,0,1,0.04101563,0.270165,0.270165,1
WEB11576.jpg,0,0,0.00226296,0.0,0.0,-1
WEB11576.jpg,1,0,0.0041284,0.0,0.0,-1
WEB11576.jpg,2,0,0.00147654,0.0,0.0,-1
WEB11576.jpg,3,1,0.75071111,0.0,0.0,-1
WEB11577.jpg,0,1,0.05021204,0.074831,0.074831,1
WEB11577.jpg,1,1,0.11587174,0.0,0.0,-1
WEB11577.jpg,2,1,0.00056944,0.0,0.0,-1
WEB11577.jpg,3,1,0.00147106,0.0,0.0,-1
WEB11578.jpg,0,1,0.3236377,0.0,0.0,-1
WEB11579.jpg,0,0,0.00064446,0.0,0.0,-1
WEB11579.jpg,1,0,0.01834226,0.0,0.0,-1
WEB11579.jpg,2,0,0.00093915,0.0,0.0,-1
WEB11579.jpg,3,1,0.33180894,0.721446,0.0,0
WEB11580.jpg,0,1,0.1901248,0.0,0.0,-1
WEB11581.jpg,0,1,0.38652778,0.015753,0.013997,0
WEB11582.jpg,0,0,0.00196078,0.0,0.0,-1
WEB11582.jpg,1,0,0.00305011,0.0,0.0,-1
WEB11582.jpg,2,1,0.17205882,0.355114,0.355114,1
WEB11583.jpg,0,0,0.009872,0.0,0.0,-1
WEB11583.jpg,1,1,0.83611111,0.0,0.0,-1
WEB11584.jpg,0,1,0.35243736,0.109263,0.109263,1
WEB11585.jpg,0,1,0.02572917,0.0,0.0,-1
WEB11586.jpg,0,1,0.15822483,0.0,0.0,-1
WEB11587.jpg,0,1,0.4330342,0.850052,0.850052,1
WEB11588.jpg,0,1,0.04153646,0.0,0.0,-1
WEB11589.jpg,0,1,0.01861111,0.0,0.0,-1
WEB11590.jpg,0,1,0.46575521,0.041052,0.041052,1
WEB11591.jpg,0,1,0.50436198,0.010096,0.010096,1
WEB11592.jpg,0,1,0.04171875,0.0,0.0,-1
WEB11593.jpg,0,1,0.39518229,0.0,0.0,-1
WEB11593.jpg,1,1,0.18736111,0.0,0.0,-1
WEB11594.jpg,0,1,0.40076389,0.806156,0.806156,1
WEB11595.jpg,0,0,0.03493924,0.058639,0.058639,0
WEB11595.jpg,1,0,0.00821181,0.0,0.0,-1
WEB11595.jpg,2,1,0.91082465,0.0,0.0,-1
WEB11596.jpg,0,1,0.33096,0.865026,0.865026,1
WEB11596.jpg,1,1,0.0213,0.82191,0.82191,1
WEB11597.jpg,0,1,0.14047898,0.0,0.0,-1
WEB11597.jpg,1,1,0.00420096,0.0,0.0,-1
WEB11597.jpg,2,1,0.02497535,0.0,0.0,-1
WEB11598.jpg,0,1,0.84313802,0.763366,0.763366,1
WEB11599.jpg,0,1,0.17122396,0.0,0.0,-1
WEB11599.jpg,1,0,0.00134549,0.0,0.0,-1
WEB11599.jpg,2,0,0.0009375,0.0,0.0,-1
WEB11600.jpg,0,1,0.88607639,0.620056,0.620056,1
WEB11601.jpg,0,0,0.18652778,0.0,0.0,-1
WEB11601.jpg,1,1,0.685,0.0,0.0,-1
WEB11601.jpg,2,0,0.06459635,0.0,0.0,-1
WEB11602.jpg,0,1,0.40130208,0.754078,0.754078,1
WEB11603.jpg,0,0,0.02012153,0.015625,0.015625,0
WEB11603.jpg,1,1,0.09107639,0.103143,0.103143,1
WEB11604.jpg,0,1,0.86637459,0.784778,0.784778,1
WEB11605.jpg,0,1,0.48234375,0.921935,0.921935,1
WEB11606.jpg,0,1,0.50765625,0.0,0.0,-1
WEB11606.jpg,1,0,0.03613281,0.0,0.0,-1
WEB11607.jpg,0,1,0.73072917,0.0,0.0,-1
WEB11608.jpg,0,1,0.58300654,0.672297,0.672297,1
WEB11608.jpg,1,0,0.00905501,0.231554,0.231554,0
WEB11608.jpg,2,0,0.00610022,0.049962,0.049962,0
WEB11609.jpg,0,1,0.40441176,0.081016,0.081016,1
WEB11610.jpg,0,1,0.4231073,0.106183,0.106183,1
WEB11610.jpg,1,0,0.00490196,0.0,0.0,-1
WEB11611.jpg,0,1,0.37683824,0.266425,0.266425,1
WEB11611.jpg,1,0,0.00367647,0.0,0.0,-1
WEB11612.jpg,0,1,0.28533497,0.033691,0.033691,1
WEB11612.jpg,1,0,0.00389434,0.100348,0.100348,0
WEB11613.jpg,0,0,0.00503472,0.0,0.0,-1
WEB11613.jpg,1,0,0.00462674,0.0,0.0,-1
WEB11613.jpg,2,0,0.00372396,0.023988,0.0,1
WEB11613.jpg,3,1,0.60614149,0.0,0.0,-1
WEB11614.jpg,0,1,0.80618056,0.029311,0.029311,1
WEB11615.jpg,0,1,0.40242187,0.0,0.0,-1
WEB11616.jpg,0,0,0.00791016,0.789916,0.789916,0
WEB11616.jpg,1,1,0.20782138,0.644141,0.644141,1
WEB11617.jpg,0,1,0.37951882,0.073639,0.073639,1
WEB11617.jpg,1,0,0.00266335,0.0,0.0,-1
WEB11618.jpg,0,0,0.00633878,0.0,0.0,-1
WEB11618.jpg,1,1,0.31201172,0.422928,0.422928,1
WEB11619.jpg,0,1,0.27916371,0.018653,0.018653,1
WEB11619.jpg,1,0,0.0020641,0.0,0.0,-1
WEB11620.jpg,0,1,0.55103948,0.0,0.0,-1
WEB11621.jpg,0,1,0.19005208,0.0,0.0,-1
WEB11621.jpg,1,1,0.05152778,0.0,0.0,-1
WEB11622.jpg,0,1,0.16667535,0.0,0.0,-1
WEB11623.jpg,0,1,0.11421875,0.0,0.0,-1
WEB11624.jpg,0,1,0.68055556,0.0,0.0,-1
WEB11625.jpg,0,1,0.28301114,0.924796,0.924796,1
WEB11625.jpg,1,0,0.00093698,0.0,0.0,-1
WEB11625.jpg,2,0,0.00201752,0.0,0.0,-1
WEB11626.jpg,0,1,0.53522707,0.0,0.0,-1
WEB11627.jpg,0,0,0.0191701,0.814965,0.814965,0
WEB11627.jpg,1,1,0.25188615,0.0,0.0,-1
WEB11628.jpg,0,1,0.3497615,0.26165,0.26165,1
WEB11629.jpg,0,1,0.35206229,0.622603,0.622603,1
WEB11630.jpg,0,1,0.71624174,0.019008,0.019008,1
WEB11631.jpg,0,1,0.37730079,0.833448,0.833448,1
WEB11632.jpg,0,1,0.55232884,0.693917,0.693917,1
WEB11633.jpg,0,1,0.35942761,0.327336,0.327336,1
WEB11634.jpg,0,0,0.04010417,0.0,0.0,-1
WEB11634.jpg,1,1,0.21598958,0.745311,0.0,0
WEB11635.jpg,0,1,0.48210938,0.0,0.0,-1
WEB11636.jpg,0,0,0.00654514,0.0,0.0,-1
WEB11636.jpg,1,1,0.04683594,0.032048,0.032048,1
WEB11637.jpg,0,0,0.02547893,0.676633,0.676633,0
WEB11637.jpg,1,1,0.36915709,0.692643,0.692643,1
WEB11638.jpg,0,0,0.03268678,0.696943,0.696943,0
WEB11638.jpg,1,1,0.25276181,0.173033,0.173033,1
WEB11639.jpg,0,0,0.05768678,0.838438,0.838438,0
WEB11639.jpg,1,1,0.32950192,0.0,0.0,-1
WEB11640.jpg,0,1,0.67561606,0.743917,0.743917,1
WEB11641.jpg,0,1,0.25226128,0.0,0.0,-1
WEB11641.jpg,1,1,0.03621094,0.0,0.0,-1
WEB11642.jpg,0,1,0.3052691,0.0,0.0,-1
WEB11643.jpg,0,0,0.02792969,0.0,0.0,-1
WEB11643.jpg,1,1,0.24269531,0.048282,0.048282,1
WEB11644.jpg,0,0,0.05225941,0.0,0.0,-1
WEB11644.jpg,1,1,0.13884943,0.0,0.0,-1
WEB11645.jpg,0,0,0.11293945,0.0,0.0,-1
WEB11645.jpg,1,1,0.1658647,0.0,0.0,-1
WEB11646.jpg,0,0,0.01888761,0.169452,0.169452,0
WEB11646.jpg,1,1,0.12315341,0.203596,0.0,0
WEB11647.jpg,0,0,0.02616744,0.641487,0.641487,0
WEB11647.jpg,1,1,0.06671254,0.0,0.0,-1
WEB11648.jpg,0,0,0.00319865,0.0,0.0,-1
WEB11648.jpg,1,1,0.36856061,0.0,0.0,-1
WEB11649.jpg,0,0,0.00340909,0.0,0.0,-1
WEB11649.jpg,1,1,0.364422,0.0,0.0,-1
WEB11650.jpg,0,1,0.14388346,0.0,0.0,-1
WEB11650.jpg,1,1,0.26051475,0.0,0.0,-1
WEB11651.jpg,0,0,0.0003125,0.0,0.0,-1
WEB11651.jpg,1,0,0.00097222,0.0,0.0,-1
WEB11651.jpg,2,1,0.14523437,0.407384,0.407384,1
WEB11652.jpg,0,0,0.00109375,0.106467,0.106467,0
WEB11652.jpg,1,1,0.16115451,0.888592,0.888592,1
WEB11653.jpg,0,1,0.14539329,0.0,0.0,-1
WEB11654.jpg,0,0,0.00363036,0.0,0.0,-1
WEB11654.jpg,1,1,0.24653465,0.0,0.0,-1
WEB11655.jpg,0,0,0.00196409,0.727301,0.727301,0
WEB11655.jpg,1,1,0.09776936,0.821016,0.821016,1
WEB11656.jpg,0,1,0.05272525,0.07158,0.07158,1
WEB11656.jpg,1,1,0.07099555,0.093888,0.093888,1
WEB11657.jpg,0,1,0.15717514,0.454074,0.454074,1
WEB11657.jpg,1,0,0.00079096,0.0,0.0,-1
WEB11657.jpg,2,0,0.00040678,0.0,0.0,-1
WEB11657.jpg,3,0,0.00022147,0.0,0.0,-1
WEB11658.jpg,0,0,0.00696023,0.0,0.0,-1
WEB11658.jpg,1,0,0.0024858,0.0,0.0,-1
WEB11658.jpg,2,1,0.07365057,0.0,0.0,-1
WEB11659.jpg,0,0,0.00837624,0.059174,0.059174,0
WEB11659.jpg,1,1,0.14421165,0.0,0.0,-1
WEB11660.jpg,0,0,0.01017602,0.0,0.0,-1
WEB11660.jpg,1,0,0.00433168,0.0,0.0,-1
WEB11660.jpg,2,0,0.00474422,0.0,0.0,-1
WEB11660.jpg,3,0,0.00222772,0.0,0.0,-1
WEB11660.jpg,4,1,0.11243124,0.0,0.0,-1
WEB11661.jpg,0,0,0.00222772,0.0,0.0,-1
WEB11661.jpg,1,1,0.31144114,0.766139,0.766139,1
WEB11662.jpg,0,0,0.01091248,0.265194,0.265194,0
WEB11662.jpg,1,0,0.02046414,0.667767,0.667767,0
WEB11662.jpg,2,0,0.01635342,0.0,0.0,-1
WEB11662.jpg,3,1,0.73307977,0.618912,0.618912,1
WEB11663.jpg,0,0,0.00606436,0.176408,0.176408,0
WEB11663.jpg,1,1,0.3769527,0.826615,0.826615,1
WEB11664.jpg,0,1,0.43073432,0.296266,0.296266,1
WEB11665.jpg,0,0,0.00837459,0.0,0.0,-1
WEB11665.jpg,1,1,0.3294967,0.0,0.0,-1
WEB11665.jpg,2,0,0.01170242,0.0,0.0,-1
WEB11666.jpg,0,1,0.39079617,0.785132,0.785132,1
WEB11667.jpg,0,0,0.00683813,0.632009,0.632009,0
WEB11667.jpg,1,0,0.0056882,0.379465,0.379465,0
WEB11667.jpg,2,1,0.22420997,0.020661,0.020661,1
WEB11668.jpg,0,0,0.00210674,0.826814,0.826814,0
WEB11668.jpg,1,1,0.13088132,0.0,0.0,-1
WEB11669.jpg,0,0,0.00373508,0.768912,0.768912,0
WEB11669.jpg,1,1,0.1381013,0.0,0.0,-1
WEB11670.jpg,0,1,0.31973438,0.0,0.0,-1
WEB11670.jpg,1,1,0.074375,0.0,0.0,-1
WEB11671.jpg,0,1,0.45867872,0.810085,0.810085,1
WEB11672.jpg,0,1,0.57122093,0.0,0.0,-1
WEB11672.jpg,1,0,0.00867415,0.0,0.0,-1
WEB11673.jpg,0,1,0.42713928,0.0,0.0,-1
WEB11674.jpg,0,1,0.32520833,0.0,0.0,-1
WEB11675.jpg,0,1,0.68033854,0.408889,0.080429,0
WEB11676.jpg,0,1,0.77582465,0.693719,0.693719,1
WEB11677.jpg,0,1,0.0171875,0.0,0.0,-1
WEB11678.jpg,0,1,0.00820313,0.0,0.0,-1
WEB11679.jpg,0,1,0.04432292,0.0,0.0,-1
WEB11679.jpg,1,0,0.00402778,0.0,0.0,-1
WEB11680.jpg,0,1,0.47513889,0.314769,0.314769,1
WEB11681.jpg,0,1,0.31903212,0.857199,0.857199,1
WEB11682.jpg,0,1,0.2078125,0.702047,0.702047,1
WEB11683.jpg,0,1,0.16637153,0.0,0.0,-1
WEB11684.jpg,0,0,0.16373762,0.0,0.0,-1
WEB11684.jpg,1,1,0.22574257,0.0,0.0,-1
WEB11685.jpg,0,1,0.69492188,0.792078,0.792078,1
WEB11686.jpg,0,1,0.06760417,0.0,0.0,-1
WEB11687.jpg,0,1,0.16114583,0.010047,0.010047,1
WEB11688.jpg,0,1,0.04722656,0.0,0.0,-1
WEB11689.jpg,0,1,0.05208333,0.0,0.0,-1
WEB11690.jpg,0,1,0.48215278,0.855884,0.855884,1
WEB11690.jpg,1,0,0.03408854,0.0,0.0,-1
WEB11690.jpg,2,0,0.00111111,0.0,0.0,-1
WEB11691.jpg,0,0,0.00806327,0.0,0.0,-1
WEB11691.jpg,1,0,0.1087963,0.411525,0.411525,0
WEB11691.jpg,2,1,0.55584491,0.0,0.0,-1
WEB11692.jpg,0,1,0.53348424,0.62285,0.62285,1
WEB11692.jpg,1,0,0.00152083,0.431005,0.431005,0
WEB11693.jpg,0,1,0.83336458,0.894273,0.894273,1
WEB11694.jpg,0,1,0.04559692,0.0,0.0,-1
WEB11694.jpg,1,1,0.06436462,0.0,0.0,-1
WEB11695.jpg,0,1,0.73984318,0.755114,0.755114,1
WEB11696.jpg,0,1,0.00057672,0.0,0.0,-1
WEB11697.jpg,0,1,0.73813651,0.670233,0.670233,1
WEB11697.jpg,1,1,0.03450446,0.0,0.0,-1
WEB11697.jpg,2,1,0.00314451,0.0,0.0,-1
WEB11697.jpg,3,1,0.02460919,0.0,0.0,-1
WEB11698.jpg,0,1,0.02498282,0.0,0.0,-1
WEB11699.jpg,0,1,0.42671858,0.684599,0.684599,1
WEB11699.jpg,1,0,0.00113223,0.0,0.0,-1
WEB11700.jpg,0,1,0.13345287,0.0,0.0,-1
WEB11701.jpg,0,1,0.29266412,0.492333,0.492333,1
WEB11702.jpg,0,1,0.13554924,0.0,0.0,-1
WEB11703.jpg,0,1,0.7513215,0.0,0.0,-1
WEB11703.jpg,1,0,0.00072651,0.0,0.0,-1
WEB11703.jpg,2,0,0.00022797,0.0,0.0,-1
WEB11704.jpg,0,1,0.75655349,0.639248,0.639248,1
WEB11704.jpg,1,0,0.02959736,0.01713,0.01713,0
WEB11704.jpg,2,0,0.00104181,0.073261,0.073261,0
WEB11705.jpg,0,0,0.00748135,0.0,0.0,-1
WEB11705.jpg,1,0,0.00819716,0.0,0.0,-1
WEB11705.jpg,2,0,0.00603375,0.0,0.0,-1
WEB11705.jpg,3,0,0.00128952,0.0,0.0,-1
WEB11705.jpg,4,1,0.5001048,0.16788,0.16788,1
WEB11706.jpg,0,1,0.40217729,0.09896,0.09896,1
WEB11706.jpg,1,0,0.0435959,0.0,0.0,-1
WEB11707.jpg,0,1,0.33417722,0.109879,0.109879,1
WEB11708.jpg,0,1,0.71870432,0.0,0.0,-1
WEB11709.jpg,0,1,0.06512022,0.0,0.0,-1
WEB11710.jpg,0,1,0.1549903,0.0,0.0,-1
WEB11711.jpg,0,1,0.53994603,0.0,0.0,-1
WEB11712.jpg,0,1,0.20824159,0.841839,0.841839,1
WEB11713.jpg,0,0,0.00028656,0.0,0.0,-1
WEB11713.jpg,1,1,0.022577,0.0,0.0,-1
WEB11714.jpg,0,0,0.01228144,0.0,0.0,-1
WEB11714.jpg,1,1,0.60220436,0.048535,0.048535,1
WEB11715.jpg,0,1,0.29385594,0.0,0.0,-1
WEB11716.jpg,0,1,0.36576404,0.899178,0.899178,1
WEB11717.jpg,0,1,0.16298989,0.857563,0.857563,1
WEB11717.jpg,1,0,0.00200746,0.304016,0.304016,0
WEB11718.jpg,0,1,0.02371489,0.0,0.0,-1
WEB11719.jpg,0,0,0.00743467,0.832004,0.832004,0
WEB11719.jpg,1,1,0.053568,0.671506,0.671506,1
WEB11720.jpg,0,1,0.05004027,0.0,0.0,-1
WEB11721.jpg,0,1,0.23587922,0.0,0.0,-1
WEB11721.jpg,1,0,0.10468206,0.188085,0.188085,0
WEB11721.jpg,2,0,0.00452931,0.0,0.0,-1
WEB11722.jpg,0,1,0.0014285,0.0,0.0,-1
WEB11723.jpg,0,1,0.53283993,0.812203,0.812203,1
WEB11724.jpg,0,1,0.02838606,0.0,0.0,-1
WEB11725.jpg,0,1,0.28539135,0.0,0.0,-1
WEB11726.jpg,0,1,0.34616371,0.0,0.0,-1
WEB11727.jpg,0,1,0.39626987,0.0,0.0,-1
WEB11728.jpg,0,1,0.32547273,0.863776,0.863776,1
WEB11728.jpg,1,1,0.20884,0.570687,0.570687,1
WEB11729.jpg,0,0,0.00782706,0.0,0.0,-1
WEB11730.jpg,0,1,0.78898932,0.650996,0.650996,1
WEB11730.jpg,1,0,0.00056762,0.0,0.0,-1
WEB11731.jpg,0,1,0.43065021,0.456453,0.456453,1
WEB11731.jpg,1,1,0.24425514,0.0,0.0,-1
WEB11732.jpg,0,1,0.21935067,0.264943,0.264943,1
WEB11733.jpg,0,1,0.00265987,0.022482,0.022482,1
WEB11734.jpg,0,1,0.72262358,0.186841,0.186841,1
WEB11734.jpg,1,0,0.00031581,0.0,0.0,-1
WEB11735.jpg,0,1,0.0139574,0.0,0.0,-1
WEB11736.jpg,0,1,0.23388578,0.0,0.0,-1
WEB11737.jpg,0,1,0.68680612,0.0,0.0,-1
WEB11737.jpg,1,0,0.00780527,0.0,0.0,-1
WEB11738.jpg,0,1,0.00429411,0.0,0.0,-1
WEB11738.jpg,1,1,0.00160247,0.0,0.0,-1
WEB11739.jpg,0,1,0.50744813,0.822266,0.822266,1
WEB11740.jpg,0,1,0.01762909,0.0,0.0,-1
WEB11741.jpg,0,0,0.04640911,0.0,0.0,-1
WEB11741.jpg,1,0,0.30536658,0.770142,0.0,1
WEB11742.jpg,0,0,0.47089655,0.833147,0.0,1
WEB11743.jpg,0,1,0.30190118,0.0,0.0,-1
WEB11744.jpg,0,1,0.32121568,0.0,0.0,-1
WEB11745.jpg,0,1,0.14303523,0.734507,0.734507,1
WEB11745.jpg,1,1,0.00424866,0.0,0.0,-1
WEB11746.jpg,0,1,0.66077394,0.0,0.0,-1
WEB11747.jpg,0,1,0.04143511,0.174327,0.174327,1
WEB11748.jpg,0,1,0.34403292,0.0,0.0,-1
WEB11749.jpg,0,1,0.11709635,0.0,0.0,-1
WEB11750.jpg,0,1,0.002449,0.0,0.0,-1
WEB11750.jpg,1,1,0.00200195,0.0,0.0,-1
WEB11751.jpg,0,1,0.13951389,0.0,0.0,-1
WEB11752.jpg,0,1,0.39495885,0.909552,0.909552,1
WEB11753.jpg,0,1,0.0384375,0.0,0.0,-1
WEB11753.jpg,1,1,0.31080729,0.0,0.0,-1
WEB11754.jpg,0,1,0.14100823,0.862184,0.862184,1
WEB11755.jpg,0,1,0.03530382,0.0,0.0,-1
WEB11756.jpg,0,1,0.31410156,0.0,0.0,-1
WEB11757.jpg,0,1,0.23903863,0.022962,0.022962,1
WEB11757.jpg,1,0,0.00751953,0.0,0.0,-1
WEB11758.jpg,0,1,0.19794596,0.0,0.0,-1
WEB11758.jpg,1,1,0.06703125,0.0,0.0,-1
WEB11759.jpg,0,1,0.12867188,0.289226,0.289226,1
WEB11759.jpg,1,0,0.00014323,0.0,0.0,-1
WEB11759.jpg,2,0,0.00032986,0.0,0.0,-1
WEB11760.jpg,0,0,0.00041016,0.0,0.0,-1
WEB11760.jpg,1,1,0.2229362,0.869746,0.869746,1
WEB11760.jpg,2,0,0.00056966,0.0,0.0,-1
WEB11761.jpg,0,1,0.26932758,0.026119,0.026119,1
WEB11761.jpg,1,1,0.0012945,0.0,0.0,-1
WEB11761.jpg,2,1,0.151728,0.0,0.0,-1
WEB11762.jpg,0,1,0.40594618,0.951086,0.951086,1
WEB11763.jpg,0,1,0.57185268,0.0,0.0,-1
WEB11764.jpg,0,1,0.2360026,0.653584,0.653584,1
WEB11765.jpg,0,1,0.19174479,0.0,0.0,-1
WEB11766.jpg,0,1,0.50723214,0.0,0.0,-1
WEB11767.jpg,0,1,0.64633929,0.0,0.0,-1
WEB11768.jpg,0,1,0.6543305,0.0,0.0,-1
WEB11769.jpg,0,1,0.07859992,0.706917,0.706917,1
WEB11770.jpg,0,0,0.02768838,0.0,0.0,-1
WEB11770.jpg,1,0,0.00245682,0.0,0.0,-1
WEB11770.jpg,2,0,0.00334128,0.0,0.0,-1
WEB11770.jpg,3,0,0.00171159,0.0,0.0,-1
WEB11770.jpg,4,0,0.00072067,0.0,0.0,-1
WEB11770.jpg,5,1,0.09771598,0.0,0.0,-1
WEB11771.jpg,0,1,0.01405164,0.016754,0.016754,1
WEB11772.jpg,0,1,0.02724195,0.0,0.0,-1
WEB11772.jpg,1,1,0.01507947,0.0,0.0,-1
WEB11773.jpg,0,1,0.03299081,0.804127,0.804127,1
WEB11774.jpg,0,1,0.15001853,0.775737,0.775737,1
WEB11775.jpg,0,1,0.43276097,0.0,0.0,-1
WEB11775.jpg,1,0,0.00319983,0.0,0.0,-1
WEB11776.jpg,0,1,0.02150657,0.227379,0.227379,1
WEB11777.jpg,0,1,0.13863281,0.0,0.0,-1
WEB11777.jpg,1,0,0.00094835,0.0,0.0,-1
WEB11777.jpg,2,0,0.00078668,0.0,0.0,-1
WEB11777.jpg,3,0,0.00021159,0.0,0.0,-1
WEB11778.jpg,0,1,0.09945313,0.901384,0.901384,1
WEB11779.jpg,0,1,0.84767857,0.850308,0.850308,1
WEB11780.jpg,0,1,0.21294643,0.0,0.0,-1
WEB11781.jpg,0,1,0.63080016,0.0,0.0,-1
WEB11782.jpg,0,1,0.54611979,0.139553,0.139553,1
WEB11782.jpg,1,0,0.00080404,0.0,0.0,-1
WEB11782.jpg,2,0,0.00239583,0.0,0.0,-1
WEB11783.jpg,0,1,0.04647135,0.0,0.0,-1
WEB11783.jpg,1,1,0.21458333,0.0,0.0,-1
WEB11784.jpg,0,1,0.00392249,0.0,0.0,-1
WEB11785.jpg,0,0,0.00018436,0.0,0.0,-1
WEB11785.jpg,1,1,0.22901728,0.0,0.0,-1
WEB11786.jpg,0,1,0.25807884,0.030646,0.030646,1
WEB11787.jpg,0,1,0.1028054,0.0,0.0,-1
WEB11788.jpg,0,1,0.0224309,0.0,0.0,-1
WEB11789.jpg,0,1,0.48724954,0.804022,0.804022,1
WEB11790.jpg,0,1,0.16643229,0.594544,0.594544,1
WEB11791.jpg,0,1,0.36702474,0.687539,0.687539,1
WEB11792.jpg,0,1,0.38932292,0.078745,0.078745,1
WEB11793.jpg,0,1,0.0239681,0.336983,0.336983,1
WEB11794.jpg,0,1,0.09661892,0.0,0.0,-1
WEB11795.jpg,0,1,0.006875,0.0,0.0,-1
WEB11796.jpg,0,1,0.02191406,0.878855,0.878855,1
WEB11797.jpg,0,1,0.58874436,0.0,0.0,-1
WEB11797.jpg,1,0,0.0005411,0.649606,0.649606,0
WEB11798.jpg,0,1,0.04600484,0.0,0.0,-1
WEB11798.jpg,1,1,0.23244552,0.423017,0.423017,1
WEB11799.jpg,0,0,0.00101351,0.0,0.0,-1
WEB11799.jpg,1,0,0.00204204,0.0,0.0,-1
WEB11799.jpg,2,0,0.00051051,0.0,0.0,-1
WEB11799.jpg,3,0,0.00146396,0.0,0.0,-1
WEB11799.jpg,4,0,0.00045946,0.0,0.0,-1
WEB11799.jpg,5,0,0.00281081,0.0,0.0,-1
WEB11799.jpg,6,0,0.00138739,0.0,0.0,-1
WEB11799.jpg,7,0,0.00142943,0.0,0.0,-1
WEB11799.jpg,8,1,0.85690691,0.753197,0.753197,1
WEB11800.jpg,0,1,0.50998825,0.890629,0.890629,1
WEB11801.jpg,0,1,0.86842211,0.0,0.0,-1
WEB11802.jpg,0,0,0.17849544,0.157412,0.157412,0
WEB11802.jpg,1,0,0.03440916,0.0,0.0,-1
WEB11802.jpg,2,1,0.34973005,0.0,0.0,-1
WEB11802.jpg,3,0,0.00298213,0.0,0.0,-1
WEB11803.jpg,0,0,0.00630892,0.0,0.0,-1
WEB11803.jpg,1,0,0.0013343,0.0,0.0,-1
WEB11803.jpg,2,0,0.00925671,0.0,0.0,-1
WEB11803.jpg,3,0,0.11149384,0.022848,0.022848,0
WEB11803.jpg,4,0,0.02366933,0.0,0.0,-1
WEB11803.jpg,5,1,0.00950689,0.0,0.0,-1
WEB11803.jpg,6,1,0.02407542,0.0,0.0,-1
WEB11804.jpg,0,1,0.74860741,0.095809,0.095809,1
WEB11805.jpg,0,1,0.83510638,0.306357,0.306357,1
WEB11805.jpg,1,0,0.04753989,0.0,0.0,-1
WEB11805.jpg,2,0,0.10335106,0.0,0.0,-1
WEB11806.jpg,0,1,0.49921525,0.892385,0.892385,1
