frame,time_s,x1,y1,x2,y2,conf,cls
0,0.0,,,,,,
1,0.0334,,,,,,
2,0.0667,,,,,,
3,0.1001,,,,,,
4,0.1335,,,,,,
5,0.1668,,,,,,
6,0.2002,,,,,,
7,0.2336,,,,,,
8,0.2669,,,,,,
9,0.3003,,,,,,
10,0.3337,,,,,,
11,0.367,,,,,,
12,0.4004,,,,,,
13,0.4338,,,,,,
14,0.4671,,,,,,
15,0.5005,,,,,,
16,0.5339,,,,,,
17,0.5672,73.5,328.3,94.0,352.0,0.1381,0
18,0.6006,75.1,329.9,93.0,352.0,0.2107,0
19,0.634,73.4,332.0,94.0,352.0,0.2935,0
20,0.6673,73.3,339.0,93.5,352.0,0.1769,0
21,0.7007,66.8,341.1,92.3,352.0,0.1468,0
22,0.7341,66.8,341.9,91.2,352.0,0.1787,0
23,0.7674,64.6,341.8,92.9,352.0,0.1094,0
24,0.8008,,,,,,
25,0.8342,,,,,,
26,0.8675,,,,,,
27,0.9009,203.6,128.6,231.6,162.5,0.1433,1
28,0.9343,,,,,,
29,0.9676,,,,,,
30,1.001,,,,,,
31,1.0344,,,,,,
32,1.0677,,,,,,
33,1.1011,,,,,,
34,1.1345,,,,,,
35,1.1678,,,,,,
36,1.2012,,,,,,
37,1.2346,,,,,,
38,1.2679,,,,,,
39,1.3013,,,,,,
40,1.3347,,,,,,
41,1.368,,,,,,
42,1.4014,,,,,,
43,1.4348,,,,,,
44,1.4681,,,,,,
45,1.5015,,,,,,
46,1.5349,,,,,,
47,1.5682,,,,,,
48,1.6016,,,,,,
49,1.635,,,,,,
50,1.6683,,,,,,
51,1.7017,,,,,,
52,1.7351,,,,,,
53,1.7684,,,,,,
54,1.8018,,,,,,
55,1.8352,,,,,,
56,1.8685,,,,,,
57,1.9019,,,,,,
58,1.9353,,,,,,
59,1.9686,,,,,,
60,2.002,,,,,,
61,2.0354,,,,,,
62,2.0687,,,,,,
63,2.1021,,,,,,
64,2.1355,,,,,,
65,2.1688,,,,,,
66,2.2022,,,,,,
67,2.2356,,,,,,
68,2.2689,,,,,,
69,2.3023,,,,,,
70,2.3357,,,,,,
71,2.369,,,,,,
72,2.4024,,,,,,
73,2.4358,,,,,,
74,2.4691,,,,,,
75,2.5025,,,,,,
76,2.5359,,,,,,
77,2.5692,,,,,,
78,2.6026,,,,,,
79,2.636,,,,,,
80,2.6693,,,,,,
81,2.7027,,,,,,
82,2.7361,,,,,,
83,2.7694,,,,,,
84,2.8028,50.7,341.8,72.4,351.9,0.1117,0
85,2.8362,,,,,,
86,2.8695,,,,,,
87,2.9029,,,,,,
88,2.9363,,,,,,
89,2.9696,,,,,,
90,3.003,,,,,,
91,3.0364,,,,,,
92,3.0697,,,,,,
93,3.1031,,,,,,
94,3.1365,,,,,,
95,3.1698,,,,,,
96,3.2032,61.5,326.1,78.5,351.1,0.1085,0
97,3.2366,,,,,,
98,3.2699,66.1,326.6,82.5,350.2,0.1064,0
99,3.3033,66.8,326.2,83.7,350.2,0.142,0
100,3.3367,,,,,,
101,3.37,,,,,,
102,3.4034,,,,,,
103,3.4368,67.5,324.8,84.7,350.9,0.1728,0
104,3.4701,66.1,325.0,84.8,351.8,0.2783,0
105,3.5035,64.3,324.8,85.2,352.0,0.2457,0
106,3.5369,66.7,323.3,84.4,351.8,0.315,0
107,3.5702,66.1,322.6,85.1,351.6,0.3552,0
108,3.6036,67.2,321.9,85.1,351.8,0.3257,0
109,3.637,68.0,322.8,86.0,351.8,0.257,0
110,3.6703,66.9,324.1,86.8,351.9,0.2251,0
111,3.7037,66.8,327.3,86.1,352.0,0.1306,0
112,3.7371,67.4,328.1,86.8,352.0,0.1883,0
113,3.7704,67.8,327.2,86.9,352.0,0.1297,0
114,3.8038,,,,,,
115,3.8372,68.2,332.2,86.6,351.6,0.1712,0
116,3.8705,69.3,333.3,86.2,351.3,0.2328,0
117,3.9039,67.8,331.6,86.1,351.6,0.1124,0
118,3.9373,66.6,333.6,85.9,351.4,0.1956,0
119,3.9706,67.0,333.7,85.5,351.3,0.1332,0
120,4.004,67.9,330.8,86.1,351.4,0.3098,0
121,4.0374,66.9,331.0,85.3,351.2,0.2902,0
122,4.0707,67.4,329.5,84.9,351.3,0.3357,0
123,4.1041,67.4,326.5,85.1,350.9,0.2521,0
124,4.1375,66.6,328.2,85.1,351.8,0.2093,0
125,4.1708,67.5,327.8,85.7,352.0,0.1375,0
126,4.2042,,,,,,
127,4.2376,64.4,328.6,85.4,352.0,0.1386,0
128,4.2709,,,,,,
129,4.3043,63.7,329.4,85.9,352.0,0.1169,0
130,4.3377,63.3,330.1,85.8,352.0,0.1094,0
131,4.371,,,,,,
132,4.4044,,,,,,
133,4.4378,,,,,,
134,4.4711,61.5,343.1,79.9,351.9,0.1252,0
135,4.5045,58.3,340.2,81.4,351.7,0.2382,0
136,4.5379,56.9,340.6,79.0,351.8,0.1884,0
136,4.5379,56.4,335.9,79.3,351.3,0.1354,0
137,4.5712,,,,,,
138,4.6046,50.0,340.3,73.6,351.7,0.2319,0
139,4.638,46.9,341.3,72.6,351.9,0.1534,0
140,4.6713,46.4,340.9,71.3,351.9,0.1007,0
141,4.7047,43.0,343.8,65.7,352.0,0.1009,0
142,4.7381,41.9,340.0,65.4,351.8,0.1648,0
143,4.7714,,,,,,
144,4.8048,,,,,,
145,4.8382,,,,,,
146,4.8715,,,,,,
147,4.9049,,,,,,
148,4.9383,,,,,,
149,4.9716,,,,,,
150,5.005,,,,,,
151,5.0384,,,,,,
152,5.0717,,,,,,
153,5.1051,,,,,,
154,5.1385,27.1,340.7,48.6,351.9,0.1021,0
155,5.1718,26.4,341.0,48.9,351.9,0.1518,0
156,5.2052,28.9,341.1,47.5,351.9,0.1543,0
157,5.2386,29.4,342.8,47.9,352.0,0.1177,0
158,5.2719,,,,,,
159,5.3053,,,,,,
160,5.3387,,,,,,
161,5.372,,,,,,
162,5.4054,,,,,,
163,5.4388,,,,,,
164,5.4721,,,,,,
165,5.5055,,,,,,
166,5.5389,,,,,,
167,5.5722,,,,,,
168,5.6056,,,,,,
169,5.639,,,,,,
170,5.6723,,,,,,
171,5.7057,,,,,,
172,5.7391,,,,,,
173,5.7724,,,,,,
174,5.8058,,,,,,
175,5.8392,,,,,,
176,5.8725,,,,,,
177,5.9059,,,,,,
178,5.9393,,,,,,
179,5.9726,,,,,,
180,6.006,,,,,,
181,6.0394,,,,,,
182,6.0727,,,,,,
183,6.1061,,,,,,
184,6.1395,,,,,,
185,6.1728,,,,,,
186,6.2062,,,,,,
187,6.2396,,,,,,
188,6.2729,,,,,,
189,6.3063,,,,,,
190,6.3397,,,,,,
191,6.373,,,,,,
192,6.4064,,,,,,
193,6.4398,,,,,,
194,6.4731,,,,,,
195,6.5065,,,,,,
196,6.5399,,,,,,
197,6.5732,,,,,,
198,6.6066,,,,,,
199,6.64,,,,,,
200,6.6733,,,,,,
201,6.7067,,,,,,
202,6.7401,,,,,,
203,6.7734,,,,,,
204,6.8068,,,,,,
205,6.8402,,,,,,
206,6.8735,,,,,,
207,6.9069,,,,,,
208,6.9403,,,,,,
209,6.9736,,,,,,
210,7.007,,,,,,
211,7.0404,,,,,,
212,7.0737,,,,,,
213,7.1071,,,,,,
214,7.1405,,,,,,
215,7.1738,,,,,,
216,7.2072,,,,,,
217,7.2406,,,,,,
218,7.2739,,,,,,
219,7.3073,,,,,,
220,7.3407,,,,,,
221,7.374,,,,,,
222,7.4074,,,,,,
223,7.4408,,,,,,
224,7.4741,,,,,,
225,7.5075,,,,,,
226,7.5409,,,,,,
227,7.5742,,,,,,
228,7.6076,,,,,,
229,7.641,,,,,,
230,7.6743,,,,,,
231,7.7077,,,,,,
232,7.7411,,,,,,
233,7.7744,,,,,,
234,7.8078,,,,,,
235,7.8412,,,,,,
236,7.8745,,,,,,
237,7.9079,,,,,,
238,7.9413,,,,,,
239,7.9746,,,,,,
240,8.008,,,,,,
241,8.0414,,,,,,
242,8.0747,,,,,,
243,8.1081,,,,,,
244,8.1415,,,,,,
245,8.1748,,,,,,
246,8.2082,,,,,,
247,8.2416,,,,,,
248,8.2749,,,,,,
249,8.3083,,,,,,
250,8.3417,,,,,,
251,8.375,,,,,,
252,8.4084,,,,,,
253,8.4418,,,,,,
254,8.4751,,,,,,
255,8.5085,,,,,,
256,8.5419,,,,,,
257,8.5752,,,,,,
258,8.6086,,,,,,
259,8.642,,,,,,
260,8.6753,,,,,,
261,8.7087,,,,,,
262,8.7421,,,,,,
263,8.7754,,,,,,
264,8.8088,,,,,,
265,8.8422,,,,,,
266,8.8755,,,,,,
267,8.9089,,,,,,
268,8.9423,,,,,,
269,8.9756,,,,,,
270,9.009,,,,,,
271,9.0424,,,,,,
272,9.0757,,,,,,
273,9.1091,,,,,,
274,9.1425,,,,,,
275,9.1758,,,,,,
276,9.2092,,,,,,
277,9.2426,,,,,,
278,9.2759,0.0,0.8,562.4,179.0,0.3214,1
279,9.3093,42.9,1.0,591.2,167.2,0.3725,1
280,9.3427,,,,,,
281,9.376,,,,,,
282,9.4094,58.2,0.5,620.7,163.9,0.6113,1
283,9.4428,52.2,0.6,628.0,165.1,0.1433,1
284,9.4761,60.0,0.5,632.9,168.5,0.1246,1
285,9.5095,71.9,0.9,636.2,152.1,0.1683,1
286,9.5429,,,,,,
287,9.5762,,,,,,
288,9.6096,,,,,,
289,9.643,,,,,,
290,9.6763,,,,,,
291,9.7097,148.0,333.1,166.5,351.7,0.1104,0
292,9.7431,150.7,338.8,171.1,351.8,0.1233,0
293,9.7764,153.6,339.3,173.8,351.8,0.208,0
294,9.8098,154.6,338.3,175.8,351.7,0.2225,0
295,9.8432,155.3,339.0,174.5,351.8,0.2371,0
296,9.8765,155.4,339.6,174.2,352.0,0.1794,0
297,9.9099,,,,,,
298,9.9433,,,,,,
299,9.9766,,,,,,
300,10.01,,,,,,
301,10.0434,,,,,,
302,10.0767,,,,,,
303,10.1101,,,,,,
304,10.1435,,,,,,
305,10.1768,,,,,,
306,10.2102,142.0,340.5,160.6,352.0,0.1205,0
307,10.2436,140.6,340.7,161.0,352.0,0.1332,0
308,10.2769,140.3,341.1,160.7,351.9,0.1549,0
309,10.3103,140.4,341.0,159.9,351.9,0.1361,0
310,10.3437,139.8,339.9,160.1,351.8,0.1467,0
310,10.3437,138.6,334.7,161.0,351.6,0.1132,0
311,10.377,140.1,341.5,159.9,351.9,0.1681,0
312,10.4104,141.7,342.9,159.0,351.9,0.2167,0
313,10.4438,141.1,342.4,159.3,351.9,0.2579,0
313,10.4438,141.6,340.2,163.3,352.0,0.1223,0
314,10.4771,,,,,,
315,10.5105,211.3,47.4,256.0,87.1,0.1325,1
316,10.5439,,,,,,
317,10.5772,,,,,,
318,10.6106,,,,,,
319,10.644,,,,,,
320,10.6773,,,,,,
321,10.7107,,,,,,
322,10.7441,,,,,,
323,10.7774,,,,,,
324,10.8108,,,,,,
325,10.8442,,,,,,
326,10.8775,,,,,,
327,10.9109,,,,,,
328,10.9443,,,,,,
329,10.9776,,,,,,
330,11.011,,,,,,
331,11.0444,,,,,,
332,11.0777,,,,,,
333,11.1111,,,,,,
334,11.1445,,,,,,
335,11.1778,,,,,,
336,11.2112,,,,,,
337,11.2446,,,,,,
338,11.2779,,,,,,
339,11.3113,,,,,,
340,11.3447,,,,,,
341,11.378,,,,,,
342,11.4114,,,,,,
343,11.4448,,,,,,
344,11.4781,,,,,,
345,11.5115,,,,,,
346,11.5449,,,,,,
347,11.5782,,,,,,
348,11.6116,,,,,,
349,11.645,,,,,,
350,11.6783,,,,,,
351,11.7117,,,,,,
352,11.7451,,,,,,
353,11.7784,,,,,,
354,11.8118,,,,,,
355,11.8452,,,,,,
356,11.8785,,,,,,
357,11.9119,,,,,,
358,11.9453,,,,,,
359,11.9786,,,,,,
360,12.012,,,,,,
361,12.0454,,,,,,
362,12.0787,,,,,,
363,12.1121,,,,,,
364,12.1455,,,,,,
365,12.1788,,,,,,
366,12.2122,,,,,,
367,12.2456,,,,,,
368,12.2789,,,,,,
369,12.3123,,,,,,
370,12.3457,,,,,,
371,12.379,,,,,,
372,12.4124,,,,,,
373,12.4458,,,,,,
374,12.4791,,,,,,
375,12.5125,,,,,,
376,12.5459,,,,,,
377,12.5792,,,,,,
378,12.6126,,,,,,
379,12.646,,,,,,
380,12.6793,,,,,,
381,12.7127,,,,,,
382,12.7461,,,,,,
383,12.7794,,,,,,
384,12.8128,,,,,,
385,12.8462,,,,,,
386,12.8795,,,,,,
387,12.9129,,,,,,
388,12.9463,,,,,,
389,12.9796,,,,,,
390,13.013,,,,,,
391,13.0464,,,,,,
392,13.0797,,,,,,
393,13.1131,,,,,,
394,13.1465,,,,,,
395,13.1798,,,,,,
396,13.2132,,,,,,
397,13.2466,,,,,,
398,13.2799,,,,,,
399,13.3133,,,,,,
400,13.3467,,,,,,
401,13.38,,,,,,
402,13.4134,,,,,,
403,13.4468,,,,,,
404,13.4801,,,,,,
405,13.5135,,,,,,
406,13.5469,,,,,,
407,13.5802,,,,,,
408,13.6136,,,,,,
409,13.647,,,,,,
410,13.6803,,,,,,
411,13.7137,,,,,,
412,13.7471,,,,,,
413,13.7804,,,,,,
414,13.8138,,,,,,
415,13.8472,,,,,,
416,13.8805,,,,,,
417,13.9139,,,,,,
418,13.9473,,,,,,
419,13.9806,,,,,,
420,14.014,,,,,,
421,14.0474,,,,,,
422,14.0807,,,,,,
423,14.1141,,,,,,
424,14.1475,,,,,,
425,14.1808,,,,,,
426,14.2142,,,,,,
427,14.2476,,,,,,
428,14.2809,,,,,,
429,14.3143,,,,,,
430,14.3477,,,,,,
431,14.381,,,,,,
432,14.4144,,,,,,
433,14.4478,,,,,,
434,14.4811,,,,,,
435,14.5145,,,,,,
436,14.5479,,,,,,
437,14.5812,,,,,,
438,14.6146,,,,,,
439,14.648,,,,,,
440,14.6813,,,,,,
441,14.7147,,,,,,
442,14.7481,393.1,317.5,406.7,328.7,0.3558,0
442,14.7481,129.6,339.9,144.9,351.6,0.1968,0
443,14.7814,132.2,334.5,148.1,351.0,0.3353,0
443,14.7814,401.0,315.9,409.1,323.1,0.1786,0
444,14.8148,131.3,335.1,152.2,351.3,0.294,0
445,14.8482,143.5,328.1,176.7,350.1,0.4495,0
446,14.8815,168.8,316.5,198.3,336.0,0.234,0
447,14.9149,189.1,313.9,206.4,326.9,0.4246,0
447,14.9149,188.6,313.3,206.3,326.1,0.1564,0
448,14.9483,,,,,,
449,14.9816,,,,,,
450,15.015,,,,,,
451,15.0484,,,,,,
452,15.0817,,,,,,
453,15.1151,,,,,,
454,15.1485,,,,,,
455,15.1818,,,,,,
456,15.2152,,,,,,
457,15.2486,,,,,,
458,15.2819,,,,,,
459,15.3153,,,,,,
460,15.3487,,,,,,
461,15.382,,,,,,
462,15.4154,,,,,,
463,15.4488,,,,,,
464,15.4821,,,,,,
465,15.5155,,,,,,
466,15.5489,,,,,,
467,15.5822,,,,,,
468,15.6156,,,,,,
469,15.649,,,,,,
470,15.6823,,,,,,
471,15.7157,,,,,,
472,15.7491,,,,,,
473,15.7824,,,,,,
474,15.8158,,,,,,
475,15.8492,,,,,,
476,15.8825,,,,,,
477,15.9159,,,,,,
478,15.9493,,,,,,
479,15.9826,,,,,,
480,16.016,,,,,,
481,16.0494,,,,,,
482,16.0827,,,,,,
483,16.1161,,,,,,
484,16.1495,,,,,,
485,16.1828,,,,,,
486,16.2162,,,,,,
487,16.2496,,,,,,
488,16.2829,,,,,,
489,16.3163,,,,,,
490,16.3497,,,,,,
491,16.383,,,,,,
492,16.4164,,,,,,
493,16.4498,,,,,,
494,16.4831,,,,,,
495,16.5165,,,,,,
496,16.5499,,,,,,
497,16.5832,,,,,,
498,16.6166,,,,,,
499,16.65,,,,,,
500,16.6833,,,,,,
501,16.7167,,,,,,
502,16.7501,,,,,,
503,16.7834,,,,,,
504,16.8168,,,,,,
505,16.8502,,,,,,
506,16.8835,,,,,,
507,16.9169,,,,,,
508,16.9503,,,,,,
509,16.9836,,,,,,
510,17.017,,,,,,
511,17.0504,,,,,,
512,17.0837,,,,,,
513,17.1171,,,,,,
514,17.1505,,,,,,
515,17.1838,616.6,327.0,639.8,352.0,0.2842,0
516,17.2172,,,,,,
517,17.2506,,,,,,
518,17.2839,,,,,,
519,17.3173,,,,,,
520,17.3507,,,,,,
521,17.384,,,,,,
522,17.4174,,,,,,
523,17.4508,,,,,,
524,17.4841,,,,,,
525,17.5175,,,,,,
526,17.5509,,,,,,
527,17.5842,,,,,,
528,17.6176,,,,,,
529,17.651,,,,,,
530,17.6843,,,,,,
531,17.7177,,,,,,
532,17.7511,,,,,,
533,17.7844,,,,,,
534,17.8178,,,,,,
535,17.8512,,,,,,
536,17.8845,,,,,,
537,17.9179,,,,,,
538,17.9513,,,,,,
539,17.9846,,,,,,
540,18.018,,,,,,
541,18.0514,,,,,,
542,18.0847,,,,,,
543,18.1181,,,,,,
544,18.1515,,,,,,
545,18.1848,,,,,,
546,18.2182,,,,,,
547,18.2516,,,,,,
548,18.2849,,,,,,
549,18.3183,,,,,,
550,18.3517,,,,,,
551,18.385,,,,,,
552,18.4184,,,,,,
553,18.4518,,,,,,
554,18.4851,,,,,,
555,18.5185,,,,,,
556,18.5519,,,,,,
557,18.5852,,,,,,
558,18.6186,,,,,,
559,18.652,363.4,265.1,382.0,285.0,0.1725,0
560,18.6853,,,,,,
561,18.7187,296.7,273.7,341.2,293.7,0.5248,0
561,18.7187,562.7,261.6,608.0,277.8,0.1709,0
562,18.7521,265.8,284.6,302.5,305.8,0.6675,0
562,18.7521,266.7,284.3,301.7,304.6,0.4639,0
562,18.7521,532.5,274.9,565.1,293.2,0.2193,0
563,18.7854,241.8,297.3,274.9,315.2,0.6975,0
564,18.8188,217.4,305.2,250.7,326.0,0.2976,0
564,18.8188,216.0,306.0,251.2,337.4,0.2449,0
564,18.8188,151.1,195.7,269.7,347.3,0.1167,1
565,18.8522,,,,,,
566,18.8855,,,,,,
567,18.9189,,,,,,
568,18.9523,,,,,,
569,18.9856,,,,,,
570,19.019,,,,,,
571,19.0524,,,,,,
572,19.0857,,,,,,
573,19.1191,,,,,,
574,19.1525,,,,,,
575,19.1858,,,,,,
576,19.2192,,,,,,
577,19.2526,,,,,,
578,19.2859,,,,,,
579,19.3193,174.8,341.3,190.3,352.0,0.1505,0
580,19.3527,168.6,339.6,189.7,352.0,0.2212,0
581,19.386,,,,,,
582,19.4194,,,,,,
583,19.4528,,,,,,
584,19.4861,,,,,,
585,19.5195,6.9,0.0,459.9,352.0,0.1928,1
585,19.5195,76.7,0.0,640.0,210.0,0.1256,1
586,19.5529,,,,,,
587,19.5862,,,,,,
588,19.6196,,,,,,
589,19.653,,,,,,
590,19.6863,,,,,,
591,19.7197,,,,,,
592,19.7531,,,,,,
593,19.7864,108.3,0.0,634.6,171.7,0.134,1
594,19.8198,118.7,0.0,634.7,174.2,0.1492,1
595,19.8532,,,,,,
596,19.8865,,,,,,
597,19.9199,,,,,,
598,19.9533,,,,,,
599,19.9866,,,,,,
600,20.02,,,,,,
601,20.0534,,,,,,
602,20.0867,,,,,,
603,20.1201,,,,,,
604,20.1535,,,,,,
605,20.1868,,,,,,
606,20.2202,,,,,,
607,20.2536,,,,,,
608,20.2869,,,,,,
609,20.3203,,,,,,
610,20.3537,,,,,,
611,20.387,,,,,,
612,20.4204,,,,,,
613,20.4538,,,,,,
614,20.4871,,,,,,
615,20.5205,,,,,,
616,20.5539,,,,,,
617,20.5872,,,,,,
618,20.6206,,,,,,
619,20.654,,,,,,
620,20.6873,,,,,,
621,20.7207,,,,,,
622,20.7541,,,,,,
623,20.7874,,,,,,
624,20.8208,136.8,0.0,633.4,178.0,0.2226,1
625,20.8542,,,,,,
626,20.8875,,,,,,
627,20.9209,,,,,,
628,20.9543,,,,,,
629,20.9876,,,,,,
630,21.021,,,,,,
631,21.0544,,,,,,
632,21.0877,,,,,,
633,21.1211,,,,,,
634,21.1545,,,,,,
635,21.1878,,,,,,
636,21.2212,,,,,,
637,21.2546,,,,,,
638,21.2879,,,,,,
639,21.3213,,,,,,
640,21.3547,,,,,,
641,21.388,,,,,,
642,21.4214,,,,,,
643,21.4548,,,,,,
644,21.4881,,,,,,
645,21.5215,,,,,,
646,21.5549,,,,,,
647,21.5882,,,,,,
648,21.6216,,,,,,
649,21.655,,,,,,
650,21.6883,,,,,,
651,21.7217,,,,,,
652,21.7551,,,,,,
653,21.7884,432.3,271.3,454.9,290.5,0.1685,0
654,21.8218,,,,,,
655,21.8552,,,,,,
656,21.8885,,,,,,
657,21.9219,,,,,,
658,21.9553,,,,,,
659,21.9886,,,,,,
660,22.022,,,,,,
661,22.0554,,,,,,
662,22.0887,,,,,,
663,22.1221,,,,,,
664,22.1555,,,,,,
665,22.1888,,,,,,
666,22.2222,,,,,,
667,22.2556,,,,,,
668,22.2889,189.0,154.1,262.5,188.8,0.1686,1
669,22.3223,186.8,155.5,262.0,190.6,0.4695,1
670,22.3557,185.2,159.3,261.0,194.1,0.5605,1
670,22.3557,221.4,169.5,263.6,193.2,0.1315,1
671,22.389,,,,,,
672,22.4224,,,,,,
673,22.4558,,,,,,
674,22.4891,,,,,,
675,22.5225,,,,,,
676,22.5559,,,,,,
677,22.5892,,,,,,
678,22.6226,,,,,,
679,22.656,,,,,,
680,22.6893,,,,,,
681,22.7227,,,,,,
682,22.7561,,,,,,
683,22.7894,,,,,,
684,22.8228,,,,,,
685,22.8562,,,,,,
686,22.8895,,,,,,
687,22.9229,,,,,,
688,22.9563,,,,,,
689,22.9896,,,,,,
690,23.023,,,,,,
691,23.0564,,,,,,
692,23.0897,,,,,,
693,23.1231,,,,,,
694,23.1565,,,,,,
695,23.1898,,,,,,
696,23.2232,,,,,,
697,23.2566,,,,,,
698,23.2899,,,,,,
699,23.3233,,,,,,
700,23.3567,,,,,,
701,23.39,,,,,,
702,23.4234,,,,,,
703,23.4568,,,,,,
704,23.4901,,,,,,
705,23.5235,,,,,,
706,23.5569,,,,,,
707,23.5902,,,,,,
708,23.6236,,,,,,
709,23.657,,,,,,
710,23.6903,,,,,,
711,23.7237,,,,,,
712,23.7571,,,,,,
713,23.7904,,,,,,
714,23.8238,,,,,,
715,23.8572,,,,,,
716,23.8905,,,,,,
717,23.9239,,,,,,
718,23.9573,359.1,173.0,384.3,200.6,0.1336,1
719,23.9906,,,,,,
720,24.024,,,,,,
721,24.0574,,,,,,
722,24.0907,,,,,,
723,24.1241,,,,,,
724,24.1575,,,,,,
725,24.1908,,,,,,
726,24.2242,,,,,,
727,24.2576,,,,,,
728,24.2909,,,,,,
729,24.3243,,,,,,
730,24.3577,,,,,,
731,24.391,,,,,,
732,24.4244,,,,,,
733,24.4578,,,,,,
734,24.4911,,,,,,
735,24.5245,,,,,,
736,24.5579,,,,,,
737,24.5912,,,,,,
738,24.6246,,,,,,
739,24.658,,,,,,
740,24.6913,,,,,,
741,24.7247,,,,,,
742,24.7581,,,,,,
743,24.7914,,,,,,
744,24.8248,,,,,,
745,24.8582,,,,,,
746,24.8915,,,,,,
747,24.9249,,,,,,
748,24.9583,,,,,,
749,24.9916,,,,,,
750,25.025,,,,,,
751,25.0584,,,,,,
752,25.0917,,,,,,
753,25.1251,,,,,,
754,25.1585,,,,,,
755,25.1918,,,,,,
756,25.2252,432.7,175.9,500.2,229.1,0.354,0
757,25.2586,,,,,,
758,25.2919,438.9,180.2,507.3,232.3,0.2542,0
759,25.3253,,,,,,
760,25.3587,,,,,,
761,25.392,,,,,,
762,25.4254,,,,,,
763,25.4588,,,,,,
764,25.4921,,,,,,
765,25.5255,,,,,,
766,25.5589,,,,,,
767,25.5922,,,,,,
768,25.6256,,,,,,
769,25.659,,,,,,
770,25.6923,,,,,,
771,25.7257,,,,,,
772,25.7591,174.5,91.1,215.3,133.9,0.1944,1
773,25.7924,,,,,,
774,25.8258,,,,,,
775,25.8592,,,,,,
776,25.8925,,,,,,
777,25.9259,,,,,,
778,25.9593,,,,,,
779,25.9926,,,,,,
780,26.026,,,,,,
781,26.0594,,,,,,
782,26.0927,,,,,,
783,26.1261,,,,,,
784,26.1595,,,,,,
785,26.1928,,,,,,
786,26.2262,,,,,,
787,26.2596,,,,,,
788,26.2929,,,,,,
789,26.3263,,,,,,
790,26.3597,,,,,,
791,26.393,,,,,,
792,26.4264,,,,,,
793,26.4598,,,,,,
794,26.4931,,,,,,
795,26.5265,,,,,,
796,26.5599,,,,,,
797,26.5932,,,,,,
798,26.6266,,,,,,
799,26.66,,,,,,
800,26.6933,,,,,,
801,26.7267,,,,,,
802,26.7601,,,,,,
803,26.7934,,,,,,
804,26.8268,,,,,,
805,26.8602,,,,,,
806,26.8935,,,,,,
807,26.9269,,,,,,
808,26.9603,,,,,,
809,26.9936,,,,,,
810,27.027,,,,,,
811,27.0604,,,,,,
812,27.0937,,,,,,
813,27.1271,,,,,,
814,27.1605,,,,,,
815,27.1938,,,,,,
816,27.2272,,,,,,
817,27.2606,,,,,,
818,27.2939,,,,,,
819,27.3273,,,,,,
820,27.3607,,,,,,
821,27.394,,,,,,
822,27.4274,,,,,,
823,27.4608,,,,,,
824,27.4941,,,,,,
825,27.5275,,,,,,
826,27.5609,,,,,,
827,27.5942,,,,,,
828,27.6276,,,,,,
829,27.661,,,,,,
830,27.6943,,,,,,
831,27.7277,,,,,,
832,27.7611,,,,,,
833,27.7944,,,,,,
834,27.8278,,,,,,
835,27.8612,,,,,,
836,27.8945,,,,,,
837,27.9279,,,,,,
838,27.9613,,,,,,
839,27.9946,,,,,,
840,28.028,,,,,,
841,28.0614,,,,,,
842,28.0947,,,,,,
843,28.1281,,,,,,
844,28.1615,,,,,,
845,28.1948,,,,,,
846,28.2282,,,,,,
847,28.2616,,,,,,
848,28.2949,,,,,,
849,28.3283,,,,,,
850,28.3617,,,,,,
851,28.395,,,,,,
852,28.4284,,,,,,
853,28.4618,,,,,,
854,28.4951,,,,,,
855,28.5285,,,,,,
856,28.5619,,,,,,
857,28.5952,,,,,,
858,28.6286,,,,,,
859,28.662,,,,,,
860,28.6953,,,,,,
861,28.7287,,,,,,
862,28.7621,,,,,,
863,28.7954,,,,,,
864,28.8288,,,,,,
865,28.8622,,,,,,
866,28.8955,,,,,,
867,28.9289,,,,,,
868,28.9623,,,,,,
869,28.9956,,,,,,
870,29.029,,,,,,
871,29.0624,,,,,,
872,29.0957,,,,,,
873,29.1291,,,,,,
874,29.1625,,,,,,
875,29.1958,,,,,,
876,29.2292,,,,,,
877,29.2626,,,,,,
878,29.2959,,,,,,
879,29.3293,,,,,,
880,29.3627,,,,,,
881,29.396,,,,,,
882,29.4294,,,,,,
883,29.4628,,,,,,
884,29.4961,,,,,,
885,29.5295,,,,,,
886,29.5629,,,,,,
887,29.5962,,,,,,
888,29.6296,,,,,,
889,29.663,,,,,,
890,29.6963,,,,,,
891,29.7297,,,,,,
892,29.7631,,,,,,
893,29.7964,,,,,,
894,29.8298,,,,,,
895,29.8632,,,,,,
896,29.8965,,,,,,
897,29.9299,,,,,,
898,29.9633,,,,,,
899,29.9966,,,,,,
900,30.03,,,,,,
901,30.0634,,,,,,
902,30.0967,,,,,,
903,30.1301,,,,,,
904,30.1635,,,,,,
905,30.1968,,,,,,
906,30.2302,,,,,,
907,30.2636,,,,,,
908,30.2969,,,,,,
909,30.3303,,,,,,
910,30.3637,,,,,,
911,30.397,,,,,,
912,30.4304,,,,,,
913,30.4638,,,,,,
914,30.4971,,,,,,
915,30.5305,,,,,,
916,30.5639,,,,,,
917,30.5972,,,,,,
918,30.6306,,,,,,
919,30.664,,,,,,
920,30.6973,,,,,,
921,30.7307,,,,,,
922,30.7641,,,,,,
923,30.7974,,,,,,
924,30.8308,,,,,,
925,30.8642,,,,,,
926,30.8975,,,,,,
927,30.9309,,,,,,
928,30.9643,,,,,,
929,30.9976,,,,,,
930,31.031,,,,,,
931,31.0644,,,,,,
932,31.0977,,,,,,
933,31.1311,,,,,,
934,31.1645,,,,,,
935,31.1978,,,,,,
936,31.2312,,,,,,
937,31.2646,,,,,,
938,31.2979,,,,,,
939,31.3313,,,,,,
940,31.3647,,,,,,
941,31.398,,,,,,
942,31.4314,,,,,,
943,31.4648,,,,,,
944,31.4981,,,,,,
945,31.5315,,,,,,
946,31.5649,,,,,,
947,31.5982,,,,,,
948,31.6316,,,,,,
949,31.665,,,,,,
950,31.6983,,,,,,
951,31.7317,,,,,,
952,31.7651,,,,,,
953,31.7984,,,,,,
954,31.8318,,,,,,
955,31.8652,,,,,,
956,31.8985,,,,,,
957,31.9319,,,,,,
958,31.9653,,,,,,
959,31.9986,,,,,,
960,32.032,,,,,,
961,32.0654,,,,,,
962,32.0987,,,,,,
963,32.1321,,,,,,
964,32.1655,,,,,,
965,32.1988,,,,,,
966,32.2322,,,,,,
967,32.2656,,,,,,
968,32.2989,,,,,,
969,32.3323,,,,,,
970,32.3657,,,,,,
971,32.399,,,,,,
972,32.4324,,,,,,
973,32.4658,,,,,,
974,32.4991,,,,,,
975,32.5325,,,,,,
976,32.5659,,,,,,
977,32.5992,,,,,,
978,32.6326,,,,,,
979,32.666,,,,,,
980,32.6993,,,,,,
981,32.7327,,,,,,
982,32.7661,,,,,,
983,32.7994,,,,,,
984,32.8328,,,,,,
985,32.8662,,,,,,
986,32.8995,,,,,,
987,32.9329,,,,,,
988,32.9663,162.6,87.3,208.3,124.3,0.1175,1
989,32.9996,,,,,,
990,33.033,,,,,,
991,33.0664,,,,,,
992,33.0997,,,,,,
993,33.1331,,,,,,
994,33.1665,,,,,,
995,33.1998,,,,,,
996,33.2332,,,,,,
997,33.2666,106.2,323.3,124.4,351.7,0.3089,0
998,33.2999,111.2,310.5,128.8,350.2,0.2971,0
998,33.2999,378.2,294.2,389.9,311.2,0.1792,0
998,33.2999,378.1,294.2,389.8,311.4,0.1764,0
999,33.3333,117.0,304.7,132.4,336.9,0.4379,0
999,33.3333,384.1,286.1,393.9,299.6,0.2759,0
1000,33.3667,117.0,295.7,132.8,332.3,0.1909,0
1001,33.4,118.1,283.7,132.9,319.5,0.3425,0
1001,33.4,112.5,223.6,155.6,279.2,0.1127,1
1002,33.4334,116.0,274.7,132.6,309.0,0.5148,0
1002,33.4334,114.8,212.4,156.3,269.3,0.2203,1
1002,33.4334,384.4,253.4,393.8,267.3,0.1703,0
1003,33.4668,376.9,246.1,390.0,259.0,0.2587,0
1003,33.4668,108.1,265.8,128.8,302.7,0.2304,0
1003,33.4668,376.8,246.6,390.1,258.7,0.1632,0
1004,33.5001,99.4,255.7,121.1,296.1,0.196,0
1005,33.5335,364.8,231.4,376.1,244.9,0.5826,0
1005,33.5335,95.7,247.6,112.9,277.8,0.3334,0
1005,33.5335,94.8,247.9,113.6,285.4,0.2895,0
1006,33.5669,,,,,,
1007,33.6002,,,,,,
1008,33.6336,,,,,,
1009,33.667,102.7,182.9,117.2,222.9,0.166,0
1010,33.7003,99.6,184.2,115.9,223.1,0.1573,0
1011,33.7337,,,,,,
1012,33.7671,,,,,,
1013,33.8004,112.6,191.2,131.7,232.9,0.2451,0
1014,33.8338,,,,,,
1015,33.8672,,,,,,
1016,33.9005,,,,,,
1017,33.9339,,,,,,
1018,33.9673,,,,,,
1019,34.0006,,,,,,
1020,34.034,,,,,,
1021,34.0674,,,,,,
1022,34.1007,,,,,,
1023,34.1341,,,,,,
1024,34.1675,,,,,,
1025,34.2008,,,,,,
1026,34.2342,,,,,,
1027,34.2676,,,,,,
1028,34.3009,,,,,,
1029,34.3343,,,,,,
1030,34.3677,,,,,,
1031,34.401,,,,,,
1032,34.4344,,,,,,
1033,34.4678,,,,,,
1034,34.5011,,,,,,
1035,34.5345,,,,,,
1036,34.5679,,,,,,
1037,34.6012,,,,,,
1038,34.6346,,,,,,
1039,34.668,,,,,,
1040,34.7013,,,,,,
1041,34.7347,,,,,,
1042,34.7681,,,,,,
1043,34.8014,,,,,,
1044,34.8348,,,,,,
1045,34.8682,,,,,,
1046,34.9015,,,,,,
1047,34.9349,,,,,,
1048,34.9683,,,,,,
1049,35.0016,,,,,,
1050,35.035,,,,,,
1051,35.0684,,,,,,
1052,35.1017,,,,,,
1053,35.1351,,,,,,
1054,35.1685,,,,,,
1055,35.2018,,,,,,
1056,35.2352,,,,,,
1057,35.2686,,,,,,
1058,35.3019,,,,,,
1059,35.3353,,,,,,
1060,35.3687,,,,,,
1061,35.402,,,,,,
1062,35.4354,,,,,,
1063,35.4688,,,,,,
1064,35.5021,0.0,0.0,142.7,352.0,0.1282,1
1065,35.5355,,,,,,
1066,35.5689,,,,,,
1067,35.6022,,,,,,
1068,35.6356,121.0,113.2,138.4,151.2,0.1276,0
1069,35.669,,,,,,
1070,35.7023,,,,,,
1071,35.7357,,,,,,
1072,35.7691,,,,,,
1073,35.8024,142.8,97.9,157.2,132.6,0.2302,0
1074,35.8358,142.8,100.0,157.5,138.8,0.2639,0
1075,35.8692,138.3,111.0,156.1,155.4,0.5168,0
1076,35.9025,133.3,125.9,150.5,168.5,0.1273,0
1077,35.9359,,,,,,
1078,35.9693,137.3,156.2,159.6,195.1,0.3599,0
1079,36.0026,148.2,171.2,166.3,204.0,0.1049,0
1080,36.036,148.2,166.9,166.5,205.6,0.599,0
1081,36.0694,143.7,162.9,161.0,197.9,0.3783,0
1082,36.1027,138.4,158.4,158.5,196.2,0.2722,0
1082,36.1027,139.1,156.9,157.9,193.7,0.1031,0
1083,36.1361,,,,,,
1084,36.1695,,,,,,
1085,36.2028,,,,,,
1086,36.2362,,,,,,
1087,36.2696,,,,,,
1088,36.3029,,,,,,
1089,36.3363,,,,,,
1090,36.3697,,,,,,
1091,36.403,,,,,,
1092,36.4364,0.0,43.1,124.7,352.0,0.2852,1
1093,36.4698,126.0,235.0,142.2,272.2,0.2132,0
1094,36.5031,127.2,241.0,142.5,277.3,0.2908,0
1095,36.5365,126.2,242.5,142.7,283.6,0.2121,0
1096,36.5699,123.5,253.2,142.0,289.5,0.4736,0
1097,36.6032,121.2,256.9,140.1,292.6,0.4682,0
1098,36.6366,118.7,258.9,138.1,295.3,0.5156,0
1099,36.67,118.8,260.0,136.8,300.1,0.3679,0
1100,36.7033,113.3,268.7,132.6,302.3,0.6002,0
1101,36.7367,109.8,267.8,129.6,304.1,0.3009,0
1102,36.7701,108.0,265.1,127.2,301.2,0.2711,0
1103,36.8034,104.3,268.5,124.9,308.8,0.2805,0
1104,36.8368,103.6,273.4,122.0,312.3,0.2019,0
1105,36.8702,,,,,,
1106,36.9035,99.2,280.8,117.6,317.4,0.1702,0
1107,36.9369,97.5,281.2,116.9,318.6,0.1133,0
1108,36.9703,97.3,281.8,116.1,318.2,0.1189,0
1109,37.0036,,,,,,
1110,37.037,,,,,,
1111,37.0704,0.0,101.9,61.4,352.0,0.1202,1
1112,37.1037,97.3,283.9,113.3,317.0,0.2069,0
1113,37.1371,96.2,283.2,113.3,317.3,0.2946,0
1114,37.1705,95.4,280.7,113.3,316.0,0.2324,0
1115,37.2038,95.0,279.3,112.0,310.5,0.1708,0
1116,37.2372,94.5,277.9,111.1,310.8,0.1545,0
1116,37.2372,95.3,277.3,111.3,311.2,0.107,0
1117,37.2706,93.6,272.2,112.2,309.9,0.467,0
1118,37.3039,95.8,266.7,114.1,305.7,0.4834,0
1119,37.3373,97.2,256.7,113.2,296.9,0.3721,0
1120,37.3707,94.1,230.8,111.0,275.2,0.1188,0
1121,37.404,,,,,,
1122,37.4374,,,,,,
1123,37.4708,,,,,,
1124,37.5041,,,,,,
1125,37.5375,,,,,,
1126,37.5709,,,,,,
1127,37.6042,,,,,,
1128,37.6376,,,,,,
1129,37.671,,,,,,
1130,37.7043,,,,,,
1131,37.7377,,,,,,
1132,37.7711,315.6,20.8,331.3,44.5,0.3406,0
1132,37.7711,40.4,26.0,56.0,72.2,0.3328,0
1133,37.8044,34.1,40.3,50.4,80.7,0.502,0
1134,37.8378,33.2,51.7,52.3,103.0,0.2266,0
1134,37.8378,311.4,60.8,323.7,88.6,0.1091,0
1135,37.8712,29.9,73.9,51.8,120.7,0.672,0
1135,37.8712,304.9,86.0,321.8,112.4,0.4094,0
1136,37.9045,18.5,90.9,40.0,128.6,0.7352,0
1136,37.9045,293.2,105.9,311.0,124.4,0.7352,0
1136,37.9045,18.6,91.9,40.3,132.9,0.2071,0
1137,37.9379,12.3,101.1,30.5,131.3,0.2519,0
1138,37.9713,,,,,,
1139,38.0046,,,,,,
1140,38.038,,,,,,
1141,38.0714,18.7,108.4,36.0,149.6,0.7225,0
1141,38.0714,0.9,40.5,62.1,109.1,0.1894,1
1142,38.1047,,,,,,
1143,38.1381,32.7,136.7,48.3,175.2,0.1598,0
1144,38.1715,,,,,,
1145,38.2048,,,,,,
1146,38.2382,45.7,185.2,61.1,212.5,0.1715,0
1147,38.2716,,,,,,
1148,38.3049,45.7,185.0,64.3,209.4,0.1331,0
1149,38.3383,,,,,,
1150,38.3717,,,,,,
1151,38.405,312.3,141.6,332.4,151.6,0.6486,0
1152,38.4384,63.0,164.4,84.9,179.6,0.3275,0
1152,38.4384,326.3,144.8,346.1,152.8,0.2156,0
1153,38.4718,79.1,166.1,101.6,183.3,0.4469,0
1153,38.4718,338.5,142.9,361.2,152.7,0.2933,0
1153,38.4718,78.8,167.2,101.8,186.2,0.1576,0
1154,38.5051,90.9,172.1,107.3,214.4,0.637,0
1154,38.5051,90.3,172.4,106.9,213.8,0.2313,0
1154,38.5051,353.2,145.4,364.0,165.3,0.152,0
1155,38.5385,82.1,195.3,104.4,245.7,0.4979,0
1155,38.5385,344.5,161.4,361.4,189.5,0.1905,0
1155,38.5385,82.3,194.4,104.6,261.5,0.1721,0
1156,38.5719,74.1,221.5,95.1,263.1,0.4699,0
1156,38.5719,338.1,184.9,350.5,200.7,0.1031,0
1157,38.6052,55.8,239.5,86.0,267.4,0.7213,0
1157,38.6052,319.7,198.8,343.1,219.1,0.3288,0
1158,38.6386,31.7,256.2,63.6,278.3,0.7797,0
1158,38.6386,297.1,213.7,324.4,234.2,0.1305,0
1159,38.672,,,,,,
1160,38.7053,,,,,,
1161,38.7387,,,,,,
1162,38.7721,,,,,,
1163,38.8054,,,,,,
1164,38.8388,0.0,0.0,547.9,66.3,0.2083,1
1165,38.8722,,,,,,
1166,38.9055,,,,,,
1167,38.9389,,,,,,
1168,38.9723,,,,,,
1169,39.0056,,,,,,
1170,39.039,,,,,,
1171,39.0724,,,,,,
1172,39.1057,168.2,303.4,184.1,330.1,0.189,0
1173,39.1391,160.8,298.7,180.0,321.2,0.2553,0
1174,39.1725,148.4,288.8,171.2,322.6,0.4718,0
1174,39.1725,411.1,261.8,429.6,276.4,0.2243,0
1174,39.1725,149.2,288.7,170.8,319.0,0.1341,0
1175,39.2058,141.4,279.2,160.3,313.9,0.2007,0
1175,39.2058,143.1,279.2,159.4,312.8,0.1384,0
1176,39.2392,143.9,270.9,159.9,303.8,0.57,0
1177,39.2726,150.6,264.8,168.2,285.8,0.2224,0
1178,39.3059,158.1,269.3,185.4,312.5,0.2895,0
1179,39.3393,,,,,,
1180,39.3727,,,,,,
1181,39.406,,,,,,
1182,39.4394,,,,,,
1183,39.4728,,,,,,
1184,39.5061,,,,,,
1185,39.5395,,,,,,
1186,39.5729,,,,,,
1187,39.6062,,,,,,
1188,39.6396,298.1,301.3,318.1,335.1,0.1895,0
1189,39.673,,,,,,
1190,39.7063,,,,,,
1191,39.7397,291.6,302.5,311.5,335.0,0.1076,0
1192,39.7731,288.1,306.7,307.6,338.3,0.315,0
1193,39.8064,288.0,308.5,306.0,339.2,0.1163,0
1194,39.8398,,,,,,
1195,39.8732,,,,,,
1196,39.9065,,,,,,
1197,39.9399,,,,,,
1198,39.9733,,,,,,
1199,40.0066,,,,,,
1200,40.04,,,,,,
1201,40.0734,,,,,,
1202,40.1067,,,,,,
1203,40.1401,,,,,,
1204,40.1735,,,,,,
1205,40.2068,,,,,,
1206,40.2402,,,,,,
1207,40.2736,,,,,,
1208,40.3069,,,,,,
1209,40.3403,,,,,,
1210,40.3737,,,,,,
1211,40.407,245.9,303.3,271.4,317.2,0.1276,0
1212,40.4404,,,,,,
1213,40.4738,219.8,306.6,238.8,343.0,0.4499,0
1214,40.5071,216.6,310.7,234.6,342.1,0.2509,0
1215,40.5405,211.3,307.9,230.0,340.7,0.291,0
1216,40.5739,211.4,307.5,229.7,346.0,0.1624,0
1217,40.6072,,,,,,
1218,40.6406,,,,,,
1219,40.674,,,,,,
1220,40.7073,,,,,,
1221,40.7407,,,,,,
1222,40.7741,,,,,,
1223,40.8074,,,,,,
1224,40.8408,,,,,,
1225,40.8742,280.9,79.4,323.0,119.8,0.1364,1
1226,40.9075,,,,,,
1227,40.9409,,,,,,
1228,40.9743,,,,,,
1229,41.0076,,,,,,
1230,41.041,,,,,,
1231,41.0744,,,,,,
1232,41.1077,,,,,,
1233,41.1411,,,,,,
1234,41.1745,,,,,,
1235,41.2078,,,,,,
1236,41.2412,,,,,,
1237,41.2746,,,,,,
1238,41.3079,169.4,1.1,638.7,162.3,0.1966,1
1238,41.3079,140.6,1.0,640.0,165.3,0.1195,1
1239,41.3413,189.7,1.1,637.8,163.1,0.1288,1
1240,41.3747,,,,,,
1241,41.408,,,,,,
1242,41.4414,,,,,,
1243,41.4748,,,,,,
1244,41.5081,,,,,,
1245,41.5415,,,,,,
1246,41.5749,,,,,,
1247,41.6082,,,,,,
1248,41.6416,291.4,0.9,640.0,144.5,0.106,1
1249,41.675,,,,,,
1250,41.7083,,,,,,
1251,41.7417,,,,,,
1252,41.7751,210.4,342.0,232.6,352.0,0.167,0
1253,41.8084,,,,,,
1254,41.8418,,,,,,
1255,41.8752,,,,,,
1256,41.9085,,,,,,
1257,41.9419,,,,,,
1258,41.9753,,,,,,
1259,42.0086,,,,,,
1260,42.042,,,,,,
1261,42.0754,,,,,,
1262,42.1087,,,,,,
1263,42.1421,,,,,,
1264,42.1755,,,,,,
1265,42.2088,,,,,,
1266,42.2422,205.1,341.3,225.7,352.0,0.1064,0
1267,42.2756,,,,,,
1268,42.3089,,,,,,
1269,42.3423,,,,,,
1270,42.3757,230.0,333.0,250.9,351.9,0.1151,0
1271,42.409,233.2,328.1,251.3,351.6,0.1628,0
1272,42.4424,233.9,332.5,251.8,351.5,0.16,0
1273,42.4758,236.1,340.9,252.0,351.9,0.1005,0
1274,42.5091,,,,,,
1275,42.5425,,,,,,
1276,42.5759,,,,,,
1277,42.6092,,,,,,
1278,42.6426,,,,,,
1279,42.676,,,,,,
1280,42.7093,,,,,,
1281,42.7427,,,,,,
1282,42.7761,,,,,,
1283,42.8094,,,,,,
1284,42.8428,,,,,,
1285,42.8762,,,,,,
1286,42.9095,,,,,,
1287,42.9429,260.7,325.5,277.3,351.2,0.205,0
1288,42.9763,260.4,331.4,276.8,351.1,0.272,0
1289,43.0096,259.6,330.9,275.9,350.9,0.1859,0
1290,43.043,257.3,330.1,273.9,350.0,0.3348,0
1291,43.0764,258.1,328.5,275.0,349.2,0.2543,0
1292,43.1097,260.2,325.8,277.3,350.8,0.1927,0
1293,43.1431,259.1,323.3,277.8,351.5,0.1918,0
1294,43.1765,259.0,323.3,277.3,351.8,0.2439,0
1295,43.2098,258.8,324.1,278.1,352.0,0.266,0
1296,43.2432,258.1,326.1,277.4,352.0,0.2604,0
1297,43.2766,257.1,327.8,275.8,352.0,0.1171,0
1298,43.3099,,,,,,
1299,43.3433,,,,,,
1300,43.3767,,,,,,
1301,43.41,,,,,,
1302,43.4434,,,,,,
1303,43.4768,264.6,331.0,284.0,351.7,0.1003,0
1304,43.5101,264.2,333.4,282.8,351.5,0.3364,0
1305,43.5435,263.3,335.3,282.4,351.3,0.2282,0
1306,43.5769,263.4,336.2,282.2,351.3,0.2439,0
1306,43.5769,263.5,337.7,281.8,351.6,0.1667,0
1307,43.6102,263.3,337.7,281.9,351.6,0.1963,0
1307,43.6102,263.2,336.0,282.3,351.4,0.193,0
1308,43.6436,263.6,335.6,281.6,351.4,0.3764,0
1309,43.677,262.3,332.4,279.1,351.5,0.4638,0
1309,43.677,263.2,331.9,280.3,351.2,0.2195,0
1310,43.7103,261.3,330.3,278.9,351.5,0.4463,0
1310,43.7103,527.8,308.3,538.3,315.0,0.1183,0
1311,43.7437,262.7,326.2,278.1,350.3,0.2266,0
1312,43.7771,262.3,325.6,277.8,349.7,0.1239,0
1313,43.8104,261.8,322.8,278.1,351.1,0.188,0
1314,43.8438,261.7,322.5,279.6,351.4,0.1275,0
1315,43.8772,261.9,321.5,279.9,351.5,0.2253,0
1315,43.8772,263.2,320.3,281.5,350.5,0.1882,0
1315,43.8772,263.4,320.9,281.3,351.4,0.1279,0
1316,43.9105,261.9,321.5,279.7,351.6,0.2595,0
1316,43.9105,263.1,320.3,281.4,351.0,0.182,0
1316,43.9105,263.2,321.1,281.3,351.6,0.1238,0
1317,43.9439,261.7,322.0,280.1,351.8,0.4154,0
1317,43.9439,263.1,321.5,281.5,351.8,0.1954,0
1317,43.9439,263.2,320.5,281.7,351.3,0.1709,0
1318,43.9773,263.7,323.9,281.7,351.7,0.402,0
1318,43.9773,262.9,325.2,279.8,351.6,0.2475,0
1319,44.0106,261.5,328.0,279.4,351.8,0.3625,0
1319,44.0106,262.7,327.0,281.7,351.7,0.2229,0
1320,44.044,259.1,327.8,278.0,352.0,0.1937,0
1321,44.0774,,,,,,
1322,44.1107,326.7,0.1,640.0,136.1,0.1397,1
1323,44.1441,,,,,,
1324,44.1775,260.7,334.0,277.2,351.5,0.3298,0
1325,44.2108,260.1,333.6,277.5,351.3,0.332,0
1326,44.2442,259.5,332.1,276.6,351.2,0.391,0
1326,44.2442,322.2,0.1,639.2,134.8,0.1039,1
1327,44.2776,256.0,332.4,274.1,351.3,0.3046,0
1328,44.3109,253.7,331.2,271.0,350.8,0.185,0
1329,44.3443,251.5,327.7,268.8,350.2,0.1789,0
1330,44.3777,251.1,329.0,268.0,351.1,0.1729,0
1331,44.411,252.9,323.7,272.9,351.3,0.271,0
1332,44.4444,,,,,,
1333,44.4778,265.7,309.0,282.2,344.3,0.4659,0
1334,44.5111,,,,,,
1335,44.5445,,,,,,
1336,44.5779,254.0,314.1,270.4,349.0,0.3886,0
1336,44.5779,205.2,0.1,638.8,115.5,0.1642,1
1337,44.6112,254.1,314.6,271.1,349.5,0.2775,0
1338,44.6446,253.5,314.3,270.3,349.0,0.2222,0
1339,44.678,253.7,315.2,269.9,349.9,0.125,0
1340,44.7113,254.0,315.7,271.3,350.1,0.1137,0
1340,44.7113,254.6,329.6,270.6,350.7,0.1076,0
1341,44.7447,,,,,,
1342,44.7781,259.9,322.4,278.3,351.4,0.13,0
1343,44.8114,,,,,,
1344,44.8448,,,,,,
1345,44.8782,270.0,314.1,288.0,347.4,0.3355,0
1346,44.9115,272.3,312.2,289.9,348.2,0.2257,0
1347,44.9449,272.6,308.8,291.8,345.6,0.2766,0
1348,44.9783,272.9,313.3,290.9,347.2,0.2466,0
1348,44.9783,272.7,312.2,290.8,344.8,0.205,0
1349,45.0116,274.1,314.7,293.2,346.5,0.4254,0
1350,45.045,279.8,315.2,297.1,338.5,0.1598,0
1351,45.0784,283.3,319.0,299.5,349.4,0.5139,0
1352,45.1117,281.6,317.3,300.5,350.5,0.4811,0
1353,45.1451,281.0,318.6,299.6,350.4,0.3335,0
1353,45.1451,431.5,104.5,452.8,121.7,0.2593,1
1354,45.1785,434.3,105.3,457.5,125.7,0.2473,1
1354,45.1785,280.0,321.7,297.5,350.9,0.1279,0
1354,45.1785,277.9,322.1,296.0,351.0,0.1258,0
1355,45.2118,278.7,322.0,295.1,351.1,0.3232,0
1355,45.2118,436.1,104.8,458.1,124.3,0.2408,1
1355,45.2118,279.9,321.8,296.3,351.1,0.2169,0
1356,45.2452,279.0,321.1,294.8,350.9,0.1684,0
1356,45.2452,438.5,105.1,461.6,124.7,0.1212,1
1357,45.2786,,,,,,
1358,45.3119,,,,,,
1359,45.3453,276.4,318.5,292.8,350.3,0.1297,0
1360,45.3787,272.7,320.3,290.4,350.6,0.2484,0
1360,45.3787,269.9,321.6,288.5,351.4,0.1603,0
1360,45.3787,273.1,321.6,290.2,351.4,0.1535,0
1361,45.412,270.1,322.0,287.9,351.4,0.1904,0
1361,45.412,271.9,322.2,288.9,351.4,0.1096,0
1362,45.4454,270.3,322.6,287.2,351.2,0.1561,0
1363,45.4788,269.1,326.4,286.6,351.0,0.1806,0
1364,45.5121,270.1,325.2,286.8,350.5,0.1341,0
1365,45.5455,,,,,,
1366,45.5789,271.0,323.6,290.1,351.4,0.1767,0
1367,45.6122,271.9,320.0,291.4,349.6,0.1332,0
1368,45.6456,,,,,,
1369,45.679,274.7,323.2,294.2,351.9,0.1196,0
1370,45.7123,274.8,319.7,294.7,351.2,0.2473,0
1371,45.7457,276.1,314.9,294.4,350.1,0.1455,0
1372,45.7791,280.2,310.6,296.0,347.3,0.1943,0
1373,45.8124,277.5,305.0,294.8,342.5,0.5796,0
1374,45.8458,277.3,302.3,293.4,338.8,0.3153,0
1375,45.8792,,,,,,
1376,45.9125,,,,,,
1377,45.9459,334.7,0.0,376.9,40.2,0.2553,1
1378,45.9793,288.7,298.0,304.6,338.2,0.3309,0
1378,45.9793,333.1,0.0,375.5,40.7,0.1542,1
1379,46.0126,334.6,0.2,376.0,43.5,0.3146,1
1379,46.0126,288.5,304.0,304.4,342.4,0.2321,0
1380,46.046,332.9,0.7,376.7,47.3,0.3398,1
1380,46.046,285.0,311.0,301.9,343.6,0.1303,0
1381,46.0794,,,,,,
1382,46.1127,,,,,,
1383,46.1461,,,,,,
1384,46.1795,,,,,,
1385,46.2128,,,,,,
1386,46.2462,,,,,,
1387,46.2796,,,,,,
1388,46.3129,,,,,,
1389,46.3463,,,,,,
1390,46.3797,,,,,,
1391,46.413,236.6,321.1,256.0,351.8,0.1741,0
1392,46.4464,,,,,,
1393,46.4798,242.1,315.9,258.0,349.1,0.1349,0
1393,46.4798,515.2,99.8,541.5,131.6,0.1209,1
1394,46.5131,242.9,315.4,260.0,349.7,0.2326,0
1395,46.5465,,,,,,
1396,46.5799,,,,,,
1397,46.6132,,,,,,
1398,46.6466,,,,,,
1399,46.68,,,,,,
1400,46.7133,,,,,,
1401,46.7467,,,,,,
1402,46.7801,,,,,,
1403,46.8134,,,,,,
1404,46.8468,,,,,,
1405,46.8802,,,,,,
1406,46.9135,244.2,321.8,263.9,350.9,0.129,0
1407,46.9469,,,,,,
1408,46.9803,,,,,,
1409,47.0136,244.9,316.4,264.0,350.1,0.1504,0
1410,47.047,245.6,315.8,264.0,350.0,0.1761,0
1410,47.047,247.1,315.2,265.3,350.8,0.1662,0
1411,47.0804,247.6,319.0,267.4,349.8,0.1507,0
1411,47.0804,225.6,257.6,292.1,306.7,0.1237,1
1412,47.1137,248.8,319.9,267.3,350.1,0.1027,0
1413,47.1471,246.0,322.8,263.6,351.4,0.1606,0
1414,47.1805,244.9,321.4,263.3,351.6,0.2308,0
1415,47.2138,245.1,321.7,262.6,351.3,0.2539,0
1415,47.2138,245.0,320.8,263.0,350.6,0.2332,0
1416,47.2472,245.3,321.8,262.8,351.5,0.166,0
1417,47.2806,244.3,322.0,265.6,351.6,0.1272,0
1417,47.2806,245.9,321.5,266.7,351.6,0.1202,0
1418,47.3139,250.7,323.3,266.4,352.0,0.1392,0
1419,47.3473,,,,,,
1420,47.3807,,,,,,
1421,47.414,,,,,,
1422,47.4474,,,,,,
1423,47.4808,,,,,,
1424,47.5141,,,,,,
1425,47.5475,248.3,322.0,265.5,345.3,0.1229,0
1426,47.5809,,,,,,
1427,47.6142,245.3,322.4,262.5,348.6,0.133,0
1427,47.6142,245.5,323.8,262.5,350.8,0.1044,0
1428,47.6476,,,,,,
1429,47.681,,,,,,
1430,47.7143,244.3,325.0,264.3,351.8,0.1448,0
1431,47.7477,247.6,325.4,268.4,351.9,0.1658,0
1432,47.7811,250.1,322.7,268.9,352.0,0.1968,0
1433,47.8144,,,,,,
1434,47.8478,,,,,,
1435,47.8812,254.2,315.2,271.3,350.5,0.1247,0
1436,47.9145,254.2,315.2,271.5,350.0,0.1806,0
1437,47.9479,,,,,,
1438,47.9813,,,,,,
1439,48.0146,257.0,317.1,275.1,349.9,0.1367,0
1440,48.048,,,,,,
1441,48.0814,239.2,0.0,639.5,126.1,0.1255,1
1442,48.1147,257.9,316.5,275.1,346.2,0.1029,0
1443,48.1481,,,,,,
1444,48.1815,259.5,313.5,276.2,341.0,0.4199,0
1445,48.2148,260.8,306.0,278.2,344.8,0.1006,0
1446,48.2482,,,,,,
1447,48.2816,,,,,,
1448,48.3149,,,,,,
1449,48.3483,,,,,,
1450,48.3817,,,,,,
1451,48.415,,,,,,
1452,48.4484,263.7,314.3,277.5,334.9,0.1876,0
1453,48.4818,,,,,,
1454,48.5151,,,,,,
1455,48.5485,,,,,,
1456,48.5819,,,,,,
1457,48.6152,,,,,,
1458,48.6486,,,,,,
1459,48.682,,,,,,
1460,48.7153,283.3,301.1,303.3,332.2,0.1292,0
1461,48.7487,,,,,,
1462,48.7821,,,,,,
1463,48.8154,,,,,,
1464,48.8488,,,,,,
1465,48.8822,,,,,,
1466,48.9155,,,,,,
1467,48.9489,,,,,,
1468,48.9823,,,,,,
1469,49.0156,285.1,294.4,303.2,330.1,0.3512,0
1470,49.049,282.9,289.9,301.0,327.4,0.4626,0
1471,49.0824,279.8,287.3,298.2,323.1,0.2385,0
1472,49.1157,280.0,284.8,298.1,320.4,0.4194,0
1473,49.1491,280.4,284.9,298.2,320.4,0.2807,0
1473,49.1491,428.2,70.5,444.8,89.6,0.1084,1
1474,49.1825,279.6,288.0,297.7,323.8,0.2702,0
1475,49.2158,279.5,289.6,298.6,326.7,0.3446,0
1476,49.2492,276.6,296.8,296.4,328.6,0.2803,0
1477,49.2826,279.6,301.0,297.4,330.9,0.3189,0
1478,49.3159,279.7,301.3,298.2,332.6,0.4077,0
1479,49.3493,279.1,301.7,298.3,334.6,0.4882,0
1480,49.3827,279.7,303.2,298.5,335.1,0.5085,0
1481,49.416,280.8,301.2,298.8,334.1,0.4626,0
1482,49.4494,281.3,300.8,299.4,332.0,0.3939,0
1483,49.4828,279.1,298.4,298.5,329.6,0.3045,0
1484,49.5161,279.7,294.5,297.3,326.3,0.3981,0
1485,49.5495,277.2,292.1,295.6,325.2,0.1843,0
1486,49.5829,,,,,,
1487,49.6162,,,,,,
1488,49.6496,,,,,,
1489,49.683,,,,,,
1490,49.7163,,,,,,
1491,49.7497,,,,,,
1492,49.7831,,,,,,
1493,49.8164,,,,,,
1494,49.8498,,,,,,
1495,49.8832,,,,,,
1496,49.9165,236.8,285.6,255.1,319.1,0.1667,0
1496,49.9165,236.4,287.9,255.1,319.8,0.1143,0
1497,49.9499,,,,,,
1498,49.9833,,,,,,
1499,50.0166,,,,,,
1500,50.05,,,,,,
1501,50.0834,,,,,,
1502,50.1167,,,,,,
1503,50.1501,,,,,,
1504,50.1835,,,,,,
1505,50.2168,,,,,,
1506,50.2502,,,,,,
1507,50.2836,,,,,,
1508,50.3169,,,,,,
1509,50.3503,212.8,297.2,231.1,335.6,0.1597,0
1510,50.3837,211.5,299.4,230.4,337.2,0.2638,0
1511,50.417,,,,,,
1512,50.4504,,,,,,
1513,50.4838,0.0,8.5,364.9,345.7,0.172,1
1514,50.5171,216.7,312.8,232.1,346.4,0.1512,0
1515,50.5505,211.4,308.3,229.3,339.8,0.3034,0
1516,50.5839,200.7,303.4,224.9,340.4,0.294,0
1517,50.6172,185.7,315.4,212.4,350.4,0.6321,0
1518,50.6506,177.4,334.9,195.3,352.0,0.3665,0
1518,50.6506,439.6,321.6,454.2,351.9,0.1689,0
1519,50.684,,,,,,
1520,50.7173,,,,,,
1521,50.7507,183.5,313.4,200.3,352.0,0.2983,0
1522,50.7841,189.6,296.3,205.5,336.3,0.2812,0
1523,50.8174,187.0,277.1,205.2,345.2,0.139,0
1524,50.8508,,,,,,
1525,50.8842,187.4,233.4,205.3,277.1,0.1939,0
1526,50.9175,193.1,217.1,207.7,255.8,0.2202,0
1526,50.9175,181.8,157.2,231.6,217.6,0.1493,1
1527,50.9509,,,,,,
1528,50.9843,,,,,,
1529,51.0176,,,,,,
1530,51.051,,,,,,
1531,51.0844,,,,,,
1532,51.1177,,,,,,
1533,51.1511,,,,,,
1534,51.1845,,,,,,
1535,51.2178,220.8,122.8,235.8,140.9,0.3469,0
1535,51.2178,481.9,86.5,492.3,94.8,0.2313,0
1536,51.2512,475.0,89.0,486.6,108.2,0.2149,0
1536,51.2512,215.4,127.0,231.5,170.3,0.172,0
1536,51.2512,214.7,126.7,231.3,168.5,0.1145,0
1537,51.2846,467.1,104.3,481.7,125.3,0.6773,0
1537,51.2846,206.3,140.6,226.6,183.3,0.5967,0
1538,51.3179,191.1,156.7,215.5,204.4,0.4741,0
1538,51.3179,451.9,121.7,472.1,156.3,0.3338,0
1539,51.3513,178.7,186.9,202.3,237.3,0.3909,0
1540,51.3847,167.6,213.3,188.2,246.2,0.7089,0
1540,51.3847,426.5,176.8,446.4,194.9,0.2074,0
1541,51.418,158.8,215.1,177.9,245.7,0.5521,0
1542,51.4514,153.2,204.7,170.7,239.8,0.2443,0
1543,51.4848,,,,,,
1544,51.5181,,,,,,
1545,51.5515,,,,,,
1546,51.5849,,,,,,
1547,51.6182,,,,,,
1548,51.6516,,,,,,
1549,51.685,,,,,,
1550,51.7183,,,,,,
1551,51.7517,,,,,,
1552,51.7851,107.9,258.9,122.7,290.5,0.189,0
1553,51.8184,107.0,254.5,122.0,286.5,0.2879,0
1554,51.8518,372.2,225.3,383.3,234.5,0.1919,0
1554,51.8518,109.3,251.4,127.2,273.9,0.1769,0
1555,51.8852,377.9,208.8,394.5,230.8,0.6261,0
1555,51.8852,118.1,236.0,138.7,275.8,0.4103,0
1555,51.8852,117.7,236.6,139.6,278.3,0.2064,0
1556,51.9185,387.8,188.1,405.2,212.5,0.4354,0
1556,51.9185,128.1,217.1,149.8,258.3,0.289,0
1557,51.9519,136.6,209.7,153.0,242.8,0.5626,0
1557,51.9519,399.8,182.0,409.8,191.8,0.2631,0
1558,51.9853,131.3,213.9,151.4,247.3,0.626,0
1558,51.9853,131.5,214.5,152.1,250.9,0.4658,0
1558,51.9853,392.9,181.9,409.3,200.6,0.2478,0
1558,51.9853,392.7,182.1,409.7,200.0,0.245,0
1559,52.0186,124.4,223.4,142.9,259.7,0.6017,0
1559,52.0186,387.5,194.3,399.8,212.5,0.2617,0
1560,52.052,383.5,204.3,394.1,214.2,0.2401,0
1560,52.052,119.5,227.5,135.7,261.6,0.2293,0
1561,52.0854,383.0,191.9,391.4,207.6,0.2683,0
1562,52.1187,120.5,204.2,134.3,240.3,0.1069,0
1563,52.1521,,,,,,
1564,52.1855,,,,,,
1565,52.2188,,,,,,
1566,52.2522,,,,,,
1567,52.2856,,,,,,
1568,52.3189,,,,,,
1569,52.3523,,,,,,
1570,52.3857,,,,,,
1571,52.419,,,,,,
1572,52.4524,138.1,316.2,152.8,346.8,0.2463,0
1573,52.4858,140.2,309.8,157.1,343.3,0.6508,0
1574,52.5191,143.4,301.8,160.7,335.6,0.5183,0
1575,52.5525,145.0,305.9,159.9,343.8,0.3681,0
1576,52.5859,144.9,320.3,161.6,350.4,0.3759,0
1577,52.6192,,,,,,
1578,52.6526,,,,,,
1579,52.686,,,,,,
1580,52.7193,,,,,,
1581,52.7527,,,,,,
1582,52.7861,,,,,,
1583,52.8194,147.1,312.7,165.9,349.8,0.1961,0
1584,52.8528,,,,,,
1585,52.8862,,,,,,
1586,52.9195,132.3,302.3,148.8,341.3,0.3311,0
1587,52.9529,130.8,288.6,147.5,329.4,0.3831,0
1588,52.9863,,,,,,
1589,53.0196,,,,,,
1590,53.053,,,,,,
1591,53.0864,132.4,281.9,150.9,312.8,0.1638,0
1592,53.1197,135.5,277.8,153.0,309.0,0.1929,0
1593,53.1531,136.2,276.8,152.8,305.8,0.2293,0
1594,53.1865,136.2,271.5,152.9,304.4,0.4178,0
1595,53.2198,138.2,257.5,155.6,298.2,0.2414,0
1595,53.2198,403.5,246.7,414.2,262.0,0.1086,0
1596,53.2532,141.0,247.9,158.4,287.6,0.48,0
1596,53.2532,406.5,235.8,416.9,252.1,0.1338,0
1597,53.2866,144.7,241.9,159.8,275.5,0.646,0
1597,53.2866,409.4,231.9,418.2,239.1,0.1087,0
1598,53.3199,144.5,244.7,160.8,285.7,0.2415,0
1598,53.3199,144.8,244.6,160.4,284.9,0.209,0
1598,53.3199,409.5,231.2,419.8,247.8,0.1428,0
1599,53.3533,139.1,254.8,157.8,282.9,0.554,0
1600,53.3867,135.7,253.5,150.9,289.9,0.1986,0
1600,53.3867,135.4,254.7,151.3,289.9,0.1244,0
1601,53.42,132.4,240.8,149.9,280.4,0.1676,0
1602,53.4534,,,,,,
1603,53.4868,,,,,,
1604,53.5201,,,,,,
1605,53.5535,,,,,,
1606,53.5869,,,,,,
1607,53.6202,,,,,,
1608,53.6536,,,,,,
1609,53.687,92.3,258.3,109.3,298.0,0.4509,0
1610,53.7203,91.9,257.3,108.7,291.4,0.3534,0
1611,53.7537,89.9,257.4,107.4,296.0,0.6363,0
1612,53.7871,344.3,258.7,366.2,280.1,0.6037,0
1613,53.8204,62.4,278.9,86.8,301.5,0.1009,0
1614,53.8538,55.2,271.1,74.1,306.3,0.1068,0
1615,53.8872,48.8,259.0,71.0,296.3,0.1357,0
1616,53.9205,40.1,251.2,62.6,271.8,0.2154,0
1616,53.9205,39.2,251.1,63.2,281.9,0.1958,0
1617,53.9539,29.6,249.5,51.0,279.3,0.107,0
1617,53.9539,0.0,205.9,48.2,271.0,0.1011,1
1618,53.9873,29.1,237.0,46.1,273.6,0.6094,0
1618,53.9873,297.6,243.2,308.1,261.9,0.1403,0
1619,54.0206,,,,,,
1620,54.054,,,,,,
1621,54.0874,43.4,187.3,60.4,221.9,0.2561,0
1622,54.1207,,,,,,
1623,54.1541,,,,,,
1624,54.1875,,,,,,
1625,54.2208,,,,,,
1626,54.2542,,,,,,
1627,54.2876,,,,,,
1628,54.3209,,,,,,
1629,54.3543,,,,,,
1630,54.3877,,,,,,
1631,54.421,365.7,254.3,384.5,292.3,0.1891,0
1632,54.4544,118.6,295.4,145.7,309.1,0.6644,0
1632,54.4544,379.7,283.3,407.0,295.6,0.2976,0
1633,54.4878,401.1,272.3,424.8,288.7,0.1007,0
1634,54.5211,418.2,262.2,441.7,278.5,0.2112,0
1634,54.5211,418.7,262.8,441.9,279.1,0.1441,0
1635,54.5545,433.9,251.8,457.0,268.4,0.4321,0
1636,54.5879,450.4,244.2,473.7,258.3,0.1459,0
1637,54.6212,,,,,,
1638,54.6546,,,,,,
1639,54.688,,,,,,
1640,54.7213,236.2,252.9,254.2,283.8,0.2031,0
1641,54.7547,,,,,,
1642,54.7881,,,,,,
1643,54.8214,,,,,,
1644,54.8548,,,,,,
1645,54.8882,,,,,,
1646,54.9215,,,,,,
1647,54.9549,,,,,,
1648,54.9883,,,,,,
1649,55.0216,265.6,293.7,286.8,336.0,0.4568,0
1649,55.0216,530.2,258.9,543.5,285.0,0.4135,0
1650,55.055,261.0,310.9,278.1,340.1,0.6011,0
1651,55.0884,256.6,298.8,277.4,336.2,0.4788,0
1652,55.1217,255.9,298.2,271.1,317.3,0.2405,0
1652,55.1217,520.0,274.6,529.5,283.5,0.2167,0
1652,55.1217,253.7,228.9,299.8,288.3,0.1677,1
1653,55.1551,242.5,302.0,264.3,335.2,0.4596,0
1653,55.1551,242.5,302.6,264.7,338.3,0.1812,0
1654,55.1885,234.4,313.2,255.5,351.1,0.2722,0
1654,55.1885,500.0,295.8,513.3,316.1,0.2225,0
1655,55.2218,231.9,325.3,246.5,350.0,0.107,0
1656,55.2552,235.1,320.0,256.7,348.8,0.2632,0
1657,55.2886,245.2,311.8,260.4,343.3,0.4475,0
1658,55.3219,242.1,313.7,258.4,341.2,0.1641,0
1659,55.3553,,,,,,
1660,55.3887,252.5,302.7,268.6,340.9,0.2735,0
1661,55.422,,,,,,
1662,55.4554,256.6,304.4,271.8,344.6,0.4447,0
1662,55.4554,250.8,232.3,303.5,305.2,0.1092,1
1663,55.4888,,,,,,
1664,55.5221,,,,,,
1665,55.5555,,,,,,
1666,55.5889,,,,,,
1667,55.6222,,,,,,
1668,55.6556,256.4,309.2,274.3,341.6,0.5671,0
1669,55.689,523.1,295.0,534.8,317.0,0.6394,0
1669,55.689,258.5,317.3,274.6,350.8,0.3531,0
1669,55.689,249.6,228.8,305.1,315.1,0.2824,1
1670,55.7223,254.6,331.8,271.0,351.8,0.1696,0
1671,55.7557,256.1,334.8,275.3,351.1,0.2561,0
1672,55.7891,260.3,334.7,280.0,351.8,0.1825,0
1673,55.8224,260.3,341.1,281.2,352.0,0.2465,0
1673,55.8224,262.1,341.5,282.9,351.9,0.1559,0
1674,55.8558,,,,,,
1675,55.8892,,,,,,
1676,55.9225,,,,,,
1677,55.9559,,,,,,
1678,55.9893,,,,,,
1679,56.0226,,,,,,
1680,56.056,,,,,,
1681,56.0894,,,,,,
1682,56.1227,,,,,,
1683,56.1561,,,,,,
1684,56.1895,,,,,,
1685,56.2228,,,,,,
1686,56.2562,,,,,,
1687,56.2896,,,,,,
1688,56.3229,293.4,331.9,313.2,350.8,0.1399,0
1689,56.3563,274.7,339.5,305.8,351.9,0.2243,0
1690,56.3897,529.4,322.0,549.6,340.1,0.1964,0
1691,56.423,,,,,,
1692,56.4564,,,,,,
1693,56.4898,,,,,,
1694,56.5231,,,,,,
1695,56.5565,,,,,,
1696,56.5899,,,,,,
1697,56.6232,,,,,,
1698,56.6566,,,,,,
1699,56.69,,,,,,
1700,56.7233,,,,,,
1701,56.7567,,,,,,
1702,56.7901,,,,,,
1703,56.8234,,,,,,
1704,56.8568,,,,,,
1705,56.8902,,,,,,
1706,56.9235,,,,,,
1707,56.9569,,,,,,
1708,56.9903,,,,,,
1709,57.0236,,,,,,
1710,57.057,,,,,,
1711,57.0904,,,,,,
1712,57.1237,,,,,,
1713,57.1571,,,,,,
1714,57.1905,,,,,,
1715,57.2238,,,,,,
1716,57.2572,,,,,,
1717,57.2906,,,,,,
1718,57.3239,,,,,,
1719,57.3573,,,,,,
1720,57.3907,,,,,,
1721,57.424,,,,,,
1722,57.4574,,,,,,
1723,57.4908,,,,,,
1724,57.5241,,,,,,
1725,57.5575,,,,,,
1726,57.5909,,,,,,
1727,57.6242,,,,,,
1728,57.6576,,,,,,
1729,57.691,,,,,,
1730,57.7243,,,,,,
1731,57.7577,,,,,,
1732,57.7911,,,,,,
1733,57.8244,,,,,,
1734,57.8578,,,,,,
1735,57.8912,,,,,,
1736,57.9245,,,,,,
1737,57.9579,,,,,,
1738,57.9913,,,,,,
1739,58.0246,,,,,,
1740,58.058,,,,,,
1741,58.0914,,,,,,
1742,58.1247,,,,,,
1743,58.1581,,,,,,
1744,58.1915,,,,,,
1745,58.2248,,,,,,
1746,58.2582,,,,,,
1747,58.2916,,,,,,
1748,58.3249,,,,,,
1749,58.3583,,,,,,
1750,58.3917,,,,,,
1751,58.425,,,,,,
1752,58.4584,,,,,,
1753,58.4918,,,,,,
1754,58.5251,,,,,,
1755,58.5585,,,,,,
1756,58.5919,,,,,,
1757,58.6252,,,,,,
1758,58.6586,261.0,49.5,304.3,90.2,0.312,1
1759,58.692,,,,,,
1760,58.7253,,,,,,
1761,58.7587,,,,,,
1762,58.7921,,,,,,
1763,58.8254,,,,,,
1764,58.8588,,,,,,
1765,58.8922,,,,,,
1766,58.9255,,,,,,
1767,58.9589,,,,,,
1768,58.9923,,,,,,
1769,59.0256,206.2,342.1,224.6,351.9,0.167,0
1769,59.0256,206.5,335.4,227.9,351.5,0.1443,0
1769,59.0256,206.8,340.5,228.0,351.9,0.1044,0
1770,59.059,206.1,334.9,227.1,351.4,0.4477,0
1770,59.059,205.4,339.6,225.5,351.7,0.1221,0
1771,59.0924,206.3,334.3,226.9,351.5,0.3431,0
1772,59.1257,208.1,332.2,227.5,351.7,0.3718,0
1773,59.1591,211.1,329.9,228.5,351.9,0.1174,0
1774,59.1925,211.0,324.9,229.3,352.0,0.1016,0
1775,59.2258,,,,,,
1776,59.2592,,,,,,
1777,59.2926,,,,,,
1778,59.3259,226.0,305.0,240.6,341.2,0.1435,0
1779,59.3593,223.0,297.8,237.7,334.2,0.307,0
1780,59.3927,,,,,,
1781,59.426,,,,,,
1782,59.4594,,,,,,
1783,59.4928,,,,,,
1784,59.5261,,,,,,
1785,59.5595,202.5,274.3,219.0,310.1,0.3718,0
1785,59.5595,466.0,265.0,477.0,280.7,0.1357,0
1786,59.5929,201.8,267.3,219.4,300.2,0.5673,0
1787,59.6262,463.2,256.4,475.1,264.6,0.1544,0
1788,59.6596,,,,,,
1789,59.693,,,,,,
1790,59.7263,,,,,,
1791,59.7597,180.2,266.5,199.6,301.9,0.2133,0
1792,59.7931,,,,,,
1793,59.8264,,,,,,
1794,59.8598,176.9,268.1,193.5,305.1,0.2349,0
1795,59.8932,,,,,,
1796,59.9265,179.1,266.8,196.6,303.1,0.1022,0
1797,59.9599,180.3,267.2,199.2,305.9,0.2153,0
1798,59.9933,184.8,272.3,201.3,311.8,0.2312,0
1799,60.0266,185.2,273.7,202.8,311.6,0.3461,0
1800,60.06,188.2,275.0,204.9,310.9,0.2721,0
1801,60.0934,189.7,274.9,206.7,312.0,0.4272,0
1802,60.1267,189.1,281.6,206.4,312.4,0.3985,0
1803,60.1601,190.7,279.5,206.5,310.8,0.3487,0
1804,60.1935,192.0,282.4,207.9,316.2,0.6299,0
1804,60.1935,190.9,282.6,207.6,315.8,0.1368,0
1805,60.2268,188.4,285.0,207.4,320.3,0.7038,0
1806,60.2602,190.0,292.6,206.7,323.7,0.4402,0
1807,60.2936,191.7,291.9,206.5,323.6,0.3348,0
1808,60.3269,191.0,292.3,206.9,325.2,0.5514,0
1809,60.3603,190.8,292.7,206.9,324.8,0.4729,0
1810,60.3937,190.2,293.7,206.8,326.1,0.5441,0
1811,60.427,188.6,293.4,206.3,328.7,0.6622,0
1812,60.4604,188.7,297.7,205.9,331.6,0.6401,0
1813,60.4938,187.2,297.5,205.6,332.9,0.7712,0
1814,60.5271,186.5,298.2,204.8,332.8,0.775,0
1815,60.5605,186.1,295.0,205.1,332.2,0.6734,0
1816,60.5939,185.5,293.2,204.0,330.5,0.4597,0
1816,60.5939,186.3,294.9,203.7,330.8,0.18,0
1817,60.6272,185.3,291.8,204.0,327.1,0.6098,0
1818,60.6606,184.9,290.9,203.2,325.8,0.6476,0
1819,60.694,185.5,291.1,204.7,326.8,0.5403,0
1820,60.7273,186.4,291.5,205.1,327.5,0.6979,0
1821,60.7607,189.6,293.4,207.3,329.4,0.1683,0
1821,60.7607,190.7,292.9,207.7,330.0,0.1354,0
1822,60.7941,189.9,301.9,207.4,332.6,0.5624,0
1822,60.7941,191.2,301.6,207.2,332.8,0.1599,0
1823,60.8274,192.3,302.5,210.2,332.4,0.1852,0
1824,60.8608,194.3,302.0,214.4,334.7,0.41,0
1825,60.8942,199.8,305.1,216.7,331.4,0.1727,0
1826,60.9275,202.2,305.5,222.3,330.5,0.1162,0
1827,60.9609,206.4,307.5,229.9,339.6,0.118,0
1828,60.9943,218.3,314.1,239.6,334.0,0.5146,0
1829,61.0276,,,,,,
1830,61.061,,,,,,
1831,61.0944,,,,,,
1832,61.1277,,,,,,
1833,61.1611,,,,,,
1834,61.1945,,,,,,
1835,61.2278,,,,,,
1836,61.2612,,,,,,
1837,61.2946,,,,,,
1838,61.3279,,,,,,
1839,61.3613,,,,,,
1840,61.3947,,,,,,
1841,61.428,326.5,340.2,350.1,351.8,0.1877,0
1842,61.4614,,,,,,
1843,61.4948,340.7,339.4,370.1,351.8,0.2025,0
1844,61.5281,358.3,334.8,382.4,350.6,0.2621,0
1845,61.5615,,,,,,
1846,61.5949,,,,,,
1847,61.6282,,,,,,
1848,61.6616,400.0,335.6,422.8,350.9,0.2849,0
1849,61.695,407.3,342.2,433.1,351.8,0.1787,0
1850,61.7283,,,,,,
1851,61.7617,,,,,,
1852,61.7951,,,,,,
1853,61.8284,,,,,,
1854,61.8618,,,,,,
1855,61.8952,,,,,,
1856,61.9285,,,,,,
1857,61.9619,,,,,,
1858,61.9953,,,,,,
1859,62.0286,,,,,,
1860,62.062,,,,,,
1861,62.0954,545.1,334.5,567.4,349.7,0.2856,0
1862,62.1287,556.9,328.1,583.5,349.3,0.1444,0
1863,62.1621,574.5,318.8,601.0,340.8,0.243,0
1864,62.1955,590.4,311.0,612.2,334.1,0.2614,0
1865,62.2288,599.8,306.9,616.7,325.8,0.1861,0
1866,62.2622,603.5,312.7,622.7,341.9,0.2579,0
1867,62.2956,609.1,322.6,624.9,348.8,0.303,0
1868,62.3289,608.6,332.1,623.7,350.8,0.1469,0
1869,62.3623,605.9,341.1,621.1,352.0,0.2215,0
1870,62.3957,,,,,,
1871,62.429,,,,,,
1872,62.4624,,,,,,
1873,62.4958,,,,,,
1874,62.5291,104.8,0.0,131.3,5.7,0.1237,0
1875,62.5625,101.4,0.0,131.8,6.3,0.113,0
1876,62.5959,96.4,0.0,130.7,12.4,0.305,0
1877,62.6292,94.5,0.0,128.0,13.7,0.4126,0
1878,62.6626,89.6,0.1,127.1,13.9,0.2299,0
1878,62.6626,91.5,0.5,127.3,15.3,0.1319,0
1879,62.696,,,,,,
1880,62.7293,89.6,0.0,122.0,20.9,0.1377,0
1881,62.7627,89.5,0.0,121.2,21.7,0.2682,0
1882,62.7961,,,,,,
1883,62.8294,,,,,,
1884,62.8628,83.2,0.9,115.5,23.6,0.1184,0
1885,62.8962,81.8,0.8,113.5,23.0,0.2221,0
1886,62.9295,,,,,,
1887,62.9629,,,,,,
1888,62.9963,,,,,,
1889,63.0296,,,,,,
1890,63.063,,,,,,
1891,63.0964,,,,,,
1892,63.1297,,,,,,
1893,63.1631,,,,,,
1894,63.1965,,,,,,
1895,63.2298,,,,,,
1896,63.2632,,,,,,
1897,63.2966,,,,,,
1898,63.3299,,,,,,
1899,63.3633,,,,,,
1900,63.3967,,,,,,
1901,63.43,,,,,,
1902,63.4634,,,,,,
1903,63.4968,,,,,,
1904,63.5301,,,,,,
1905,63.5635,,,,,,
1906,63.5969,,,,,,
1907,63.6302,,,,,,
1908,63.6636,,,,,,
1909,63.697,0.6,0.4,200.9,129.0,0.1482,1
1910,63.7303,,,,,,
1911,63.7637,,,,,,
1912,63.7971,,,,,,
1913,63.8304,,,,,,
1914,63.8638,,,,,,
1915,63.8972,,,,,,
1916,63.9305,,,,,,
1917,63.9639,,,,,,
1918,63.9973,,,,,,
1919,64.0306,,,,,,
1920,64.064,,,,,,
1921,64.0974,,,,,,
1922,64.1307,,,,,,
1923,64.1641,355.7,337.8,373.7,346.3,0.109,0
1924,64.1975,81.5,0.0,621.6,186.2,0.2395,1
1925,64.2308,118.9,0.0,620.6,180.9,0.1073,1
1926,64.2642,,,,,,
1927,64.2976,,,,,,
1928,64.3309,,,,,,
1929,64.3643,,,,,,
1930,64.3977,,,,,,
1931,64.431,,,,,,
1932,64.4644,,,,,,
1933,64.4978,,,,,,
1934,64.5311,,,,,,
1935,64.5645,105.8,0.0,619.0,183.1,0.103,1
1936,64.5979,104.1,0.2,626.1,173.2,0.1424,1
1937,64.6312,103.7,0.1,627.9,173.3,0.1696,1
1938,64.6646,97.2,0.1,626.3,169.6,0.363,1
1939,64.698,104.1,0.1,625.1,173.4,0.3847,1
1940,64.7313,,,,,,
1941,64.7647,,,,,,
1942,64.7981,,,,,,
1943,64.8314,,,,,,
1944,64.8648,,,,,,
1945,64.8982,119.7,0.3,640.0,176.2,0.1474,1
1946,64.9315,,,,,,
1947,64.9649,121.6,0.3,640.0,190.3,0.1775,1
1948,64.9983,,,,,,
1949,65.0316,,,,,,
1950,65.065,,,,,,
1951,65.0984,,,,,,
1952,65.1317,,,,,,
1953,65.1651,,,,,,
1954,65.1985,,,,,,
1955,65.2318,,,,,,
1956,65.2652,,,,,,
1957,65.2986,,,,,,
1958,65.3319,,,,,,
1959,65.3653,,,,,,
1960,65.3987,,,,,,
1961,65.432,,,,,,
1962,65.4654,,,,,,
1963,65.4988,,,,,,
1964,65.5321,,,,,,
1965,65.5655,,,,,,
1966,65.5989,,,,,,
1967,65.6322,,,,,,
1968,65.6656,,,,,,
1969,65.699,,,,,,
1970,65.7323,,,,,,
1971,65.7657,,,,,,
1972,65.7991,,,,,,
1973,65.8324,,,,,,
1974,65.8658,,,,,,
1975,65.8992,213.4,343.1,232.4,352.0,0.1118,0
1976,65.9325,212.9,342.2,232.2,352.0,0.1092,0
1977,65.9659,213.0,342.2,232.0,352.0,0.1046,0
1978,65.9993,210.6,343.2,233.6,352.0,0.1181,0
1979,66.0326,211.3,340.7,239.1,351.8,0.1304,0
1979,66.0326,210.2,341.7,235.1,351.9,0.1087,0
1980,66.066,211.1,341.6,233.2,351.7,0.2139,0
1980,66.066,211.5,339.5,238.0,351.9,0.1093,0
1981,66.0994,213.5,338.5,237.6,352.0,0.1873,0
1981,66.0994,212.5,340.5,234.5,351.8,0.1378,0
1982,66.1327,213.8,338.5,236.6,352.0,0.1806,0
1982,66.1327,212.8,340.3,234.0,351.8,0.1328,0
1983,66.1661,214.6,336.1,236.5,351.7,0.1705,0
1983,66.1661,214.5,338.3,237.3,352.0,0.1179,0
1984,66.1995,214.1,335.6,235.6,351.7,0.2786,0
1984,66.1995,211.9,339.9,235.0,352.0,0.1322,0
1985,66.2328,215.3,339.8,236.7,352.0,0.1211,0
1986,66.2662,215.7,338.6,238.1,352.0,0.1026,0
1987,66.2996,,,,,,
1988,66.3329,,,,,,
1989,66.3663,,,,,,
1990,66.3997,,,,,,
1991,66.433,,,,,,
1992,66.4664,,,,,,
1993,66.4998,,,,,,
1994,66.5331,,,,,,
1995,66.5665,,,,,,
1996,66.5999,,,,,,
1997,66.6332,,,,,,
1998,66.6666,,,,,,
1999,66.7,,,,,,
2000,66.7333,,,,,,
2001,66.7667,,,,,,
2002,66.8001,,,,,,
2003,66.8334,,,,,,
2004,66.8668,212.2,343.3,230.9,351.9,0.1093,0
2005,66.9002,,,,,,
2006,66.9335,,,,,,
2007,66.9669,277.0,35.3,318.4,78.7,0.1406,1
2008,67.0003,523.2,118.6,551.3,145.8,0.3383,1
2009,67.0336,,,,,,
2010,67.067,204.3,311.9,221.8,351.8,0.2588,0
2011,67.1004,274.3,3.3,319.5,54.4,0.1401,1
2012,67.1337,194.3,307.4,212.0,345.8,0.2298,0
2013,67.1671,,,,,,
2014,67.2005,,,,,,
2015,67.2338,,,,,,
2016,67.2672,177.9,320.1,207.5,347.5,0.681,0
2016,67.2672,441.1,301.3,469.5,317.6,0.3256,0
2017,67.3006,416.2,311.4,447.0,336.0,0.3998,0
2017,67.3006,152.0,334.9,185.4,352.0,0.2378,0
2017,67.3006,135.0,337.1,189.9,352.0,0.1154,0
2018,67.3339,390.5,331.8,420.6,350.8,0.1761,0
2019,67.3673,384.2,344.1,397.9,351.8,0.1385,0
2020,67.4007,,,,,,
2021,67.434,,,,,,
2022,67.4674,,,,,,
2023,67.5008,,,,,,
2024,67.5341,,,,,,
2025,67.5675,,,,,,
2026,67.6009,,,,,,
2027,67.6342,,,,,,
2028,67.6676,,,,,,
2029,67.701,,,,,,
2030,67.7343,,,,,,
2031,67.7677,,,,,,
2032,67.8011,,,,,,
2033,67.8344,513.4,73.4,530.7,84.8,0.1886,0
2034,67.8678,,,,,,
2035,67.9012,,,,,,
2036,67.9345,,,,,,
2037,67.9679,,,,,,
2038,68.0013,,,,,,
2039,68.0346,,,,,,
2040,68.068,,,,,,
2041,68.1014,,,,,,
2042,68.1347,,,,,,
2043,68.1681,,,,,,
2044,68.2015,625.7,162.3,637.7,181.5,0.1264,0
2045,68.2348,,,,,,
2046,68.2682,628.1,175.6,639.5,198.3,0.1416,0
2047,68.3016,558.6,84.5,571.7,101.3,0.1208,0
2048,68.3349,552.5,93.5,567.4,110.8,0.3456,0
2049,68.3683,539.1,104.1,559.7,125.0,0.5405,0
2050,68.4017,531.4,117.6,547.4,137.8,0.509,0
2050,68.4017,531.5,117.4,547.4,137.7,0.1611,0
2051,68.435,526.1,129.7,541.9,150.1,0.1391,0
2052,68.4684,520.7,142.0,535.2,160.0,0.4657,0
2053,68.5018,515.2,153.1,529.9,164.5,0.3196,0
2054,68.5351,,,,,,
2055,68.5685,,,,,,
2056,68.6019,,,,,,
2057,68.6352,,,,,,
2058,68.6686,,,,,,
2059,68.702,,,,,,
2060,68.7353,,,,,,
2061,68.7687,,,,,,
2062,68.8021,546.2,145.5,561.4,158.8,0.3246,0
2063,68.8354,552.0,138.1,567.3,153.0,0.2179,0
2064,68.8688,556.9,136.4,571.3,148.0,0.1944,0
2065,68.9022,560.9,135.9,574.3,147.7,0.3545,0
2065,68.9022,560.7,136.2,574.1,147.7,0.3339,0
2066,68.9355,628.3,231.5,640.0,252.8,0.2836,0
2066,68.9355,563.5,134.0,576.8,147.1,0.2096,0
2066,68.9355,628.4,229.2,640.0,251.7,0.1486,0
2066,68.9355,20.9,255.2,36.1,270.4,0.1135,0
2067,68.9689,567.5,127.0,580.1,142.5,0.3821,0
2067,68.9689,633.4,223.6,640.0,246.1,0.1533,0
2067,68.9689,632.6,219.0,640.0,244.8,0.1156,0
2068,69.0023,,,,,,
2069,69.0356,,,,,,
2070,69.069,,,,,,
2071,69.1024,576.2,97.3,588.0,111.3,0.2326,0
2072,69.1357,,,,,,
2073,69.1691,563.0,96.3,582.3,110.0,0.5103,0
2074,69.2025,557.0,100.8,571.7,111.3,0.1314,0
2075,69.2358,558.4,87.6,574.6,108.3,0.1103,0
2076,69.2692,,,,,,
2077,69.3026,,,,,,
2078,69.3359,,,,,,
2079,69.3693,,,,,,
2080,69.4027,,,,,,
2081,69.436,,,,,,
2082,69.4694,575.7,89.8,587.5,101.3,0.2384,0
2083,69.5028,,,,,,
2084,69.5361,,,,,,
2085,69.5695,575.8,82.0,588.2,94.7,0.1079,0
2086,69.6029,,,,,,
2087,69.6362,,,,,,
2088,69.6696,,,,,,
2089,69.703,570.1,80.9,583.3,92.6,0.2163,0
2090,69.7363,566.4,82.0,579.9,94.4,0.1819,0
2091,69.7697,564.4,85.4,576.0,95.5,0.1415,0
2092,69.8031,563.3,85.1,574.7,95.2,0.1765,0
2093,69.8364,563.4,85.6,575.0,95.7,0.1943,0
2094,69.8698,563.7,87.6,575.4,98.1,0.1948,0
2095,69.9032,563.9,87.8,575.6,98.8,0.2345,0
2096,69.9365,560.7,85.3,574.7,95.8,0.1197,0
2097,69.9699,552.7,81.0,570.7,94.5,0.1829,0
2098,70.0033,,,,,,
2099,70.0366,,,,,,
2100,70.07,,,,,,
2101,70.1034,548.6,105.4,563.6,118.8,0.2362,0
2102,70.1367,,,,,,
2103,70.1701,618.3,209.0,631.1,228.8,0.1464,0
2103,70.1701,617.8,209.7,629.9,228.9,0.1049,0
2103,70.1701,555.3,109.8,567.4,120.8,0.1028,0
2104,70.2035,558.5,112.7,574.2,123.3,0.3198,0
2105,70.2368,,,,,,
2106,70.2702,633.5,202.4,640.0,221.5,0.1368,0
2106,70.2702,568.9,104.7,582.7,117.2,0.1167,0
2107,70.3036,,,,,,
2108,70.3369,576.3,97.4,591.0,110.4,0.1571,0
2108,70.3369,575.9,97.9,589.4,110.0,0.1029,0
2109,70.3703,579.6,97.2,595.1,109.4,0.5158,0
2110,70.4037,586.7,97.2,604.5,108.7,0.3731,0
2111,70.437,596.9,87.9,618.3,104.2,0.3043,0
2112,70.4704,610.8,73.4,639.2,95.1,0.4077,0
2112,70.4704,38.0,336.2,72.5,350.9,0.3682,0
2112,70.4704,28.8,337.9,76.8,352.0,0.1186,0
2113,70.5038,64.0,326.8,93.0,349.4,0.3366,0
2113,70.5038,330.3,319.2,357.5,334.2,0.2188,0
2113,70.5038,63.3,257.4,112.8,329.1,0.1387,1
2114,70.5371,81.0,314.7,108.1,343.5,0.3538,0
2114,70.5371,348.5,307.6,371.3,325.1,0.1225,0
2115,70.5705,95.6,306.5,118.3,337.3,0.5927,0
2115,70.5705,361.9,298.5,383.1,315.6,0.4542,0
2115,70.5705,95.3,305.8,118.2,333.6,0.1604,0
2116,70.6039,104.9,294.7,127.1,333.7,0.7128,0
2116,70.6039,372.1,287.0,387.7,304.4,0.2631,0
2117,70.6372,112.1,285.8,133.1,318.7,0.4714,0
2117,70.6372,379.9,279.1,392.9,292.2,0.2415,0
2118,70.6706,119.5,286.0,136.0,316.4,0.4287,0
2119,70.704,120.5,283.2,138.0,314.8,0.5664,0
2120,70.7373,121.2,284.0,139.8,315.4,0.5165,0
2121,70.7707,125.0,281.7,141.4,314.7,0.2718,0
2122,70.8041,128.6,282.9,143.9,314.7,0.3354,0
2122,70.8041,127.5,283.4,143.2,314.4,0.1797,0
2123,70.8374,128.8,283.0,144.2,316.7,0.3675,0
2124,70.8708,129.4,283.2,146.6,318.7,0.4456,0
2125,70.9042,128.6,286.3,144.4,322.2,0.2006,0
2126,70.9375,122.3,289.2,141.4,325.9,0.1593,0
2127,70.9709,117.2,299.8,135.4,332.1,0.1085,0
2128,71.0043,115.4,304.2,133.0,335.5,0.1899,0
2129,71.0376,112.8,302.3,131.8,335.8,0.3178,0
2129,71.0376,166.4,0.0,216.5,42.7,0.223,1
2129,71.0376,112.5,304.3,132.0,337.0,0.1149,0
2130,71.071,106.9,305.2,129.9,336.4,0.151,0
2130,71.071,107.6,304.4,129.4,332.9,0.1003,0
2131,71.1044,,,,,,
2132,71.1377,98.4,304.0,119.9,336.1,0.1809,0
2133,71.1711,95.5,304.9,116.3,338.6,0.638,0
2134,71.2045,92.8,310.7,111.0,343.5,0.6205,0
2134,71.2045,362.2,297.2,373.9,308.4,0.2283,0
2134,71.2045,361.6,297.5,373.2,308.2,0.125,0
2135,71.2378,93.3,315.5,110.8,339.9,0.3914,0
2136,71.2712,96.7,313.1,115.1,341.5,0.5213,0
2137,71.3046,103.6,307.0,122.4,338.5,0.2595,0
2138,71.3379,,,,,,
2139,71.3713,116.2,305.0,129.2,337.2,0.1826,0
2140,71.4047,112.5,312.6,127.5,348.7,0.1428,0
2141,71.438,,,,,,
2142,71.4714,,,,,,
2143,71.5048,,,,,,
2144,71.5381,,,,,,
2145,71.5715,,,,,,
2146,71.6049,,,,,,
2147,71.6382,,,,,,
2148,71.6716,,,,,,
2149,71.705,116.0,323.0,134.5,351.7,0.1155,0
2150,71.7383,117.0,318.4,135.4,350.0,0.1575,0
2151,71.7717,120.0,312.3,135.8,346.4,0.1449,0
2152,71.8051,119.2,310.3,135.2,338.8,0.1638,0
2152,71.8051,118.4,310.4,135.9,339.5,0.1103,0
2153,71.8384,113.0,312.2,132.0,347.2,0.5996,0
2153,71.8384,380.5,296.0,394.2,308.7,0.1714,0
2153,71.8384,113.0,311.5,131.9,345.5,0.1321,0
2154,71.8718,110.1,316.3,129.0,348.8,0.1996,0
2154,71.8718,380.5,302.1,389.3,312.4,0.106,0
2155,71.9052,,,,,,
2156,71.9385,,,,,,
2157,71.9719,107.7,317.9,128.5,350.1,0.1225,0
2158,72.0053,107.8,316.6,128.2,350.7,0.1947,0
2159,72.0386,108.4,314.2,128.6,349.3,0.183,0
2160,72.072,,,,,,
2161,72.1054,,,,,,
2162,72.1387,,,,,,
2163,72.1721,112.9,313.9,134.7,350.7,0.113,0
2164,72.2055,114.2,313.3,135.5,350.9,0.1545,0
2165,72.2388,,,,,,
2166,72.2722,179.3,18.8,224.3,61.6,0.2046,1
2166,72.2722,436.0,122.5,454.6,139.6,0.1838,1
2167,72.3056,,,,,,
2168,72.3389,,,,,,
2169,72.3723,113.4,331.2,135.8,352.0,0.125,0
2170,72.4057,115.5,338.5,138.3,352.0,0.1293,0
2170,72.4057,117.8,338.5,138.9,351.8,0.1115,0
2171,72.439,118.6,339.9,140.8,351.8,0.1516,0
2172,72.4724,120.1,342.7,141.6,351.8,0.1816,0
2173,72.5058,120.2,341.4,142.4,351.8,0.1533,0
2173,72.5058,119.7,335.5,143.6,351.2,0.1292,0
2174,72.5391,121.0,334.2,143.6,351.4,0.2776,0
2174,72.5391,121.9,340.2,142.1,351.7,0.1378,0
2175,72.5725,120.3,334.3,143.6,351.4,0.226,0
2175,72.5725,121.4,341.9,142.0,351.9,0.1399,0
2176,72.6059,120.0,332.8,142.8,351.9,0.192,0
2176,72.6059,120.6,339.8,141.8,352.0,0.1274,0
2177,72.6392,120.2,331.5,142.8,351.9,0.2551,0
2178,72.6726,120.6,331.0,141.8,351.9,0.2653,0
2179,72.706,,,,,,
2180,72.7393,,,,,,
2181,72.7727,,,,,,
2182,72.8061,,,,,,
2183,72.8394,,,,,,
2184,72.8728,,,,,,
2185,72.9062,117.0,340.5,135.9,352.0,0.195,0
2186,72.9395,116.0,338.8,136.2,351.9,0.249,0
2187,72.9729,115.9,337.3,136.9,351.8,0.1976,0
2187,72.9729,115.4,334.9,136.5,351.6,0.1654,0
2188,73.0063,115.0,333.7,135.4,351.6,0.4717,0
2188,73.0063,115.6,336.9,134.9,351.7,0.1463,0
2189,73.0396,114.1,334.1,133.3,351.4,0.5748,0
2190,73.073,114.4,334.2,132.6,351.3,0.5772,0
2191,73.1064,113.7,334.3,132.2,351.3,0.6207,0
2192,73.1397,112.7,335.5,131.4,351.3,0.4966,0
2192,73.1397,113.2,337.0,131.4,351.6,0.1293,0
2193,73.1731,113.1,335.5,131.9,351.4,0.4416,0
2193,73.1731,113.7,336.9,131.7,351.7,0.1516,0
2194,73.2065,113.4,333.9,132.9,351.5,0.3892,0
2194,73.2065,114.4,337.8,132.5,351.8,0.1065,0
2195,73.2398,113.6,332.5,133.6,351.7,0.3562,0
2196,73.2732,114.7,331.5,135.0,351.8,0.2404,0
2197,73.3066,,,,,,
2198,73.3399,114.8,332.6,136.2,352.0,0.1035,0
2199,73.3733,,,,,,
2200,73.4067,,,,,,
2201,73.44,,,,,,
2202,73.4734,,,,,,
2203,73.5068,,,,,,
2204,73.5401,114.4,330.2,132.2,351.3,0.121,0
2205,73.5735,112.1,333.7,130.8,351.5,0.2639,0
2206,73.6069,107.0,333.6,127.7,351.6,0.1492,0
2207,73.6402,,,,,,
2208,73.6736,,,,,,
2209,73.707,97.0,334.8,116.9,351.2,0.4209,0
2210,73.7403,90.4,333.5,112.2,351.7,0.2252,0
2211,73.7737,84.9,339.8,108.0,351.9,0.1152,0
2212,73.8071,72.0,341.2,102.6,352.0,0.1129,0
2213,73.8404,,,,,,
2214,73.8738,,,,,,
2215,73.9072,,,,,,
2216,73.9405,,,,,,
2217,73.9739,,,,,,
2218,74.0073,,,,,,
2219,74.0406,,,,,,
2220,74.074,,,,,,
2221,74.1074,,,,,,
2222,74.1407,633.0,49.6,640.0,72.9,0.1212,0
2223,74.1741,633.3,50.6,640.0,72.1,0.121,0
2224,74.2075,633.2,49.8,640.0,72.0,0.1082,0
2225,74.2408,633.2,50.3,640.0,70.9,0.2063,0
2225,74.2408,632.3,40.2,640.0,70.7,0.1121,0
2226,74.2742,,,,,,
2227,74.3076,,,,,,
2228,74.3409,315.7,308.8,325.7,320.3,0.2183,0
2229,74.3743,,,,,,
2230,74.4077,43.7,318.3,61.5,349.9,0.1524,0
2231,74.441,621.4,16.3,634.0,29.3,0.2806,0
2231,74.441,41.1,316.8,61.5,350.9,0.2718,0
2232,74.4744,43.4,314.4,62.5,349.2,0.274,0
2233,74.5078,42.8,311.5,62.2,347.7,0.1966,0
2234,74.5411,41.3,311.1,61.2,348.5,0.3289,0
2235,74.5745,43.0,314.0,62.0,349.7,0.3909,0
2236,74.6079,,,,,,
2237,74.6412,45.1,314.6,63.6,348.5,0.1399,0
2238,74.6746,,,,,,
2239,74.708,,,,,,
2240,74.7413,,,,,,
2241,74.7747,,,,,,
2242,74.8081,72.6,0.0,640.0,125.6,0.1049,1
2243,74.8414,67.9,0.1,640.0,131.5,0.1261,1
2244,74.8748,89.1,0.4,640.0,138.9,0.5141,1
2245,74.9082,66.2,307.6,85.1,342.2,0.1871,0
2245,74.9082,96.9,0.4,640.0,152.0,0.1696,1
2245,74.9082,98.1,0.3,640.0,144.2,0.1413,1
2246,74.9415,,,,,,
2247,74.9749,,,,,,
2248,75.0083,,,,,,
2249,75.0416,,,,,,
2250,75.075,,,,,,
2251,75.1084,,,,,,
2252,75.1417,,,,,,
2253,75.1751,68.4,322.5,87.8,351.5,0.1583,0
2254,75.2085,69.4,324.5,92.1,351.4,0.1483,0
2255,75.2418,69.7,325.3,92.0,351.6,0.2199,0
2255,75.2418,68.4,326.1,90.0,351.8,0.1147,0
2256,75.2752,68.9,327.6,92.8,351.7,0.2335,0
2257,75.3086,70.5,325.3,93.9,352.0,0.3115,0
2258,75.3419,70.7,326.7,93.9,352.0,0.3256,0
2259,75.3753,71.5,327.9,94.7,351.9,0.2536,0
2260,75.4087,,,,,,
2261,75.442,75.4,330.4,95.9,351.9,0.1285,0
2262,75.4754,79.2,331.0,98.3,351.2,0.2108,0
2263,75.5088,79.5,334.7,98.6,351.5,0.5291,0
2264,75.5421,79.6,332.9,99.4,351.5,0.654,0
2265,75.5755,80.2,338.7,99.9,351.9,0.2163,0
2265,75.5755,79.9,334.7,100.4,351.6,0.1764,0
2266,75.6089,80.0,333.1,101.1,351.7,0.5599,0
2266,75.6089,80.1,337.8,100.8,351.9,0.1158,0
2267,75.6422,80.2,334.0,101.4,351.7,0.3298,0
2267,75.6422,80.6,337.7,100.9,351.9,0.1599,0
2268,75.6756,80.7,331.7,101.8,351.8,0.6105,0
2269,75.709,81.7,332.8,101.9,351.7,0.5787,0
2270,75.7423,81.8,331.4,103.9,352.0,0.5232,0
2270,75.7423,83.2,337.4,103.2,351.9,0.1477,0
2271,75.7757,80.8,332.5,105.7,352.0,0.2553,0
2271,75.7757,82.3,338.7,105.2,351.9,0.1968,0
2272,75.8091,82.2,333.7,106.1,351.8,0.2131,0
2272,75.8091,83.6,341.9,104.8,351.9,0.1626,0
2273,75.8424,85.3,335.2,108.1,351.8,0.1245,0
2274,75.8758,,,,,,
2275,75.9092,,,,,,
2276,75.9425,,,,,,
2277,75.9759,86.4,332.1,107.5,352.0,0.1613,0
2278,76.0093,,,,,,
2279,76.0426,,,,,,
2280,76.076,82.1,329.2,103.8,352.0,0.1718,0
2281,76.1094,80.3,327.1,103.4,352.0,0.1696,0
2282,76.1427,82.5,341.3,102.1,351.9,0.1583,0
2282,76.1427,80.8,333.1,104.1,351.6,0.1169,0
2283,76.1761,80.3,340.2,104.1,351.9,0.1339,0
2284,76.2095,81.2,338.9,105.3,351.8,0.1748,0
2285,76.2428,80.8,339.1,106.4,351.9,0.162,0
2286,76.2762,,,,,,
2287,76.3096,,,,,,
2288,76.3429,,,,,,
2289,76.3763,,,,,,
2290,76.4097,,,,,,
2291,76.443,,,,,,
2292,76.4764,,,,,,
2293,76.5098,,,,,,
2294,76.5431,,,,,,
2295,76.5765,,,,,,
2296,76.6099,,,,,,
2297,76.6432,,,,,,
2298,76.6766,,,,,,
2299,76.71,,,,,,
2300,76.7433,,,,,,
2301,76.7767,,,,,,
2302,76.8101,,,,,,
2303,76.8434,,,,,,
2304,76.8768,,,,,,
2305,76.9102,,,,,,
2306,76.9435,,,,,,
2307,76.9769,,,,,,
2308,77.0103,,,,,,
2309,77.0436,,,,,,
2310,77.077,,,,,,
2311,77.1104,,,,,,
2312,77.1437,,,,,,
2313,77.1771,,,,,,
2314,77.2105,,,,,,
2315,77.2438,,,,,,
2316,77.2772,,,,,,
2317,77.3106,,,,,,
2318,77.3439,,,,,,
2319,77.3773,,,,,,
2320,77.4107,,,,,,
2321,77.444,,,,,,
2322,77.4774,353.5,343.7,369.6,351.9,0.1164,0
2323,77.5108,354.5,343.8,369.4,351.8,0.1153,0
2324,77.5441,354.4,343.9,371.4,351.8,0.1157,0
2325,77.5775,354.3,341.6,369.7,351.5,0.1185,0
2326,77.6109,354.6,339.2,368.4,348.7,0.1105,0
2327,77.6442,355.0,338.5,367.5,348.2,0.3708,0
2328,77.6776,,,,,,
2329,77.711,,,,,,
2330,77.7443,,,,,,
2331,77.7777,,,,,,
2332,77.8111,,,,,,
2333,77.8444,,,,,,
2334,77.8778,,,,,,
2335,77.9112,,,,,,
2336,77.9445,,,,,,
2337,77.9779,,,,,,
2338,78.0113,,,,,,
2339,78.0446,,,,,,
2340,78.078,,,,,,
2341,78.1114,,,,,,
2342,78.1447,,,,,,
2343,78.1781,,,,,,
2344,78.2115,351.9,345.0,367.2,351.9,0.1022,0
2345,78.2448,,,,,,
2346,78.2782,,,,,,
2347,78.3116,,,,,,
2348,78.3449,,,,,,
2349,78.3783,,,,,,
2350,78.4117,,,,,,
2351,78.445,,,,,,
2352,78.4784,,,,,,
2353,78.5118,,,,,,
2354,78.5451,,,,,,
2355,78.5785,,,,,,
2356,78.6119,,,,,,
2357,78.6452,,,,,,
2358,78.6786,,,,,,
2359,78.712,,,,,,
2360,78.7453,,,,,,
2361,78.7787,,,,,,
2362,78.8121,,,,,,
2363,78.8454,,,,,,
2364,78.8788,,,,,,
2365,78.9122,,,,,,
2366,78.9455,,,,,,
2367,78.9789,,,,,,
2368,79.0123,,,,,,
2369,79.0456,,,,,,
2370,79.079,,,,,,
2371,79.1124,,,,,,
2372,79.1457,,,,,,
2373,79.1791,,,,,,
2374,79.2125,,,,,,
2375,79.2458,,,,,,
2376,79.2792,,,,,,
2377,79.3126,,,,,,
2378,79.3459,,,,,,
2379,79.3793,,,,,,
2380,79.4127,,,,,,
2381,79.446,,,,,,
2382,79.4794,,,,,,
2383,79.5128,,,,,,
2384,79.5461,,,,,,
2385,79.5795,,,,,,
2386,79.6129,,,,,,
2387,79.6462,,,,,,
2388,79.6796,,,,,,
2389,79.713,,,,,,
2390,79.7463,,,,,,
2391,79.7797,,,,,,
2392,79.8131,,,,,,
2393,79.8464,,,,,,
2394,79.8798,,,,,,
2395,79.9132,,,,,,
2396,79.9465,,,,,,
2397,79.9799,,,,,,
2398,80.0133,,,,,,
2399,80.0466,,,,,,
2400,80.08,,,,,,
2401,80.1134,,,,,,
2402,80.1467,,,,,,
2403,80.1801,,,,,,
2404,80.2135,,,,,,
2405,80.2468,,,,,,
2406,80.2802,,,,,,
2407,80.3136,,,,,,
2408,80.3469,,,,,,
2409,80.3803,,,,,,
2410,80.4137,,,,,,
2411,80.447,,,,,,
2412,80.4804,,,,,,
2413,80.5138,,,,,,
2414,80.5471,,,,,,
2415,80.5805,,,,,,
2416,80.6139,,,,,,
2417,80.6472,,,,,,
2418,80.6806,,,,,,
2419,80.714,,,,,,
2420,80.7473,,,,,,
2421,80.7807,,,,,,
2422,80.8141,,,,,,
2423,80.8474,,,,,,
2424,80.8808,,,,,,
2425,80.9142,,,,,,
2426,80.9475,,,,,,
2427,80.9809,,,,,,
2428,81.0143,,,,,,
2429,81.0476,,,,,,
2430,81.081,,,,,,
2431,81.1144,,,,,,
2432,81.1477,,,,,,
2433,81.1811,,,,,,
2434,81.2145,,,,,,
2435,81.2478,,,,,,
2436,81.2812,,,,,,
2437,81.3146,,,,,,
2438,81.3479,,,,,,
2439,81.3813,,,,,,
2440,81.4147,,,,,,
2441,81.448,,,,,,
2442,81.4814,,,,,,
2443,81.5148,,,,,,
2444,81.5481,,,,,,
2445,81.5815,,,,,,
2446,81.6149,,,,,,
2447,81.6482,,,,,,
2448,81.6816,,,,,,
2449,81.715,,,,,,
2450,81.7483,,,,,,
2451,81.7817,,,,,,
2452,81.8151,,,,,,
2453,81.8484,,,,,,
2454,81.8818,,,,,,
2455,81.9152,,,,,,
2456,81.9485,,,,,,
2457,81.9819,,,,,,
2458,82.0153,,,,,,
2459,82.0486,,,,,,
2460,82.082,,,,,,
2461,82.1154,,,,,,
2462,82.1487,,,,,,
2463,82.1821,,,,,,
2464,82.2155,,,,,,
2465,82.2488,,,,,,
2466,82.2822,,,,,,
2467,82.3156,,,,,,
2468,82.3489,,,,,,
2469,82.3823,,,,,,
2470,82.4157,,,,,,
2471,82.449,,,,,,
2472,82.4824,,,,,,
2473,82.5158,,,,,,
2474,82.5491,,,,,,
2475,82.5825,,,,,,
2476,82.6159,,,,,,
2477,82.6492,,,,,,
2478,82.6826,,,,,,
2479,82.716,337.0,345.1,351.4,351.9,0.155,0
2479,82.716,337.9,344.9,352.9,351.9,0.1027,0
2480,82.7493,337.5,344.3,350.6,351.9,0.1119,0
2480,82.7493,601.2,111.2,612.1,120.7,0.1018,0
2480,82.7493,338.2,343.9,351.9,351.8,0.1012,0
2481,82.7827,337.0,344.6,351.1,351.9,0.1626,0
2481,82.7827,337.8,344.2,352.4,351.9,0.1624,0
2482,82.8161,,,,,,
2483,82.8494,,,,,,
2484,82.8828,,,,,,
2485,82.9162,,,,,,
2486,82.9495,,,,,,
2487,82.9829,,,,,,
2488,83.0163,,,,,,
2489,83.0496,,,,,,
2490,83.083,,,,,,
2491,83.1164,,,,,,
2492,83.1497,,,,,,
2493,83.1831,,,,,,
2494,83.2165,,,,,,
2495,83.2498,,,,,,
2496,83.2832,,,,,,
2497,83.3166,,,,,,
2498,83.3499,,,,,,
2499,83.3833,,,,,,
2500,83.4167,,,,,,
2501,83.45,,,,,,
2502,83.4834,,,,,,
2503,83.5168,,,,,,
2504,83.5501,,,,,,
2505,83.5835,,,,,,
2506,83.6169,,,,,,
2507,83.6502,,,,,,
2508,83.6836,,,,,,
2509,83.717,,,,,,
2510,83.7503,,,,,,
2511,83.7837,,,,,,
2512,83.8171,,,,,,
2513,83.8504,,,,,,
2514,83.8838,,,,,,
2515,83.9172,,,,,,
2516,83.9505,,,,,,
2517,83.9839,,,,,,
2518,84.0173,,,,,,
2519,84.0506,,,,,,
2520,84.084,,,,,,
2521,84.1174,,,,,,
2522,84.1507,,,,,,
2523,84.1841,,,,,,
2524,84.2175,,,,,,
2525,84.2508,,,,,,
2526,84.2842,,,,,,
2527,84.3176,,,,,,
2528,84.3509,,,,,,
2529,84.3843,,,,,,
2530,84.4177,,,,,,
2531,84.451,,,,,,
2532,84.4844,,,,,,
2533,84.5178,,,,,,
2534,84.5511,,,,,,
2535,84.5845,,,,,,
2536,84.6179,,,,,,
2537,84.6512,,,,,,
2538,84.6846,,,,,,
2539,84.718,,,,,,
2540,84.7513,,,,,,
2541,84.7847,,,,,,
2542,84.8181,,,,,,
2543,84.8514,,,,,,
2544,84.8848,,,,,,
2545,84.9182,,,,,,
2546,84.9515,,,,,,
2547,84.9849,,,,,,
2548,85.0183,,,,,,
2549,85.0516,,,,,,
2550,85.085,,,,,,
2551,85.1184,349.0,340.0,363.5,351.3,0.1267,0
2552,85.1517,,,,,,
2553,85.1851,,,,,,
2554,85.2185,,,,,,
2555,85.2518,,,,,,
2556,85.2852,,,,,,
2557,85.3186,,,,,,
2558,85.3519,,,,,,
2559,85.3853,,,,,,
2560,85.4187,,,,,,
2561,85.452,,,,,,
2562,85.4854,,,,,,
2563,85.5188,,,,,,
2564,85.5521,,,,,,
2565,85.5855,,,,,,
2566,85.6189,,,,,,
2567,85.6522,,,,,,
2568,85.6856,,,,,,
2569,85.719,,,,,,
2570,85.7523,,,,,,
2571,85.7857,,,,,,
2572,85.8191,,,,,,
2573,85.8524,,,,,,
2574,85.8858,,,,,,
2575,85.9192,,,,,,
2576,85.9525,,,,,,
2577,85.9859,,,,,,
2578,86.0193,,,,,,
2579,86.0526,,,,,,
2580,86.086,,,,,,
2581,86.1194,,,,,,
2582,86.1527,,,,,,
2583,86.1861,,,,,,
2584,86.2195,,,,,,
2585,86.2528,,,,,,
2586,86.2862,,,,,,
2587,86.3196,,,,,,
2588,86.3529,,,,,,
2589,86.3863,,,,,,
2590,86.4197,,,,,,
2591,86.453,,,,,,
2592,86.4864,,,,,,
2593,86.5198,,,,,,
2594,86.5531,,,,,,
2595,86.5865,,,,,,
2596,86.6199,,,,,,
2597,86.6532,,,,,,
2598,86.6866,,,,,,
2599,86.72,,,,,,
2600,86.7533,,,,,,
2601,86.7867,,,,,,
2602,86.8201,,,,,,
2603,86.8534,,,,,,
2604,86.8868,,,,,,
2605,86.9202,,,,,,
2606,86.9535,,,,,,
2607,86.9869,,,,,,
2608,87.0203,,,,,,
2609,87.0536,,,,,,
2610,87.087,,,,,,
2611,87.1204,,,,,,
2612,87.1537,,,,,,
2613,87.1871,,,,,,
2614,87.2205,,,,,,
2615,87.2538,,,,,,
2616,87.2872,,,,,,
2617,87.3206,,,,,,
2618,87.3539,,,,,,
2619,87.3873,,,,,,
2620,87.4207,,,,,,
2621,87.454,,,,,,
2622,87.4874,,,,,,
2623,87.5208,,,,,,
2624,87.5541,,,,,,
2625,87.5875,,,,,,
2626,87.6209,,,,,,
2627,87.6542,,,,,,
2628,87.6876,,,,,,
2629,87.721,,,,,,
2630,87.7543,,,,,,
2631,87.7877,,,,,,
2632,87.8211,,,,,,
2633,87.8544,,,,,,
2634,87.8878,,,,,,
2635,87.9212,,,,,,
2636,87.9545,,,,,,
2637,87.9879,,,,,,
2638,88.0213,,,,,,
2639,88.0546,,,,,,
2640,88.088,,,,,,
2641,88.1214,,,,,,
2642,88.1547,,,,,,
2643,88.1881,,,,,,
2644,88.2215,,,,,,
2645,88.2548,,,,,,
2646,88.2882,,,,,,
2647,88.3216,,,,,,
2648,88.3549,,,,,,
2649,88.3883,,,,,,
2650,88.4217,,,,,,
2651,88.455,,,,,,
2652,88.4884,,,,,,
2653,88.5218,,,,,,
2654,88.5551,,,,,,
2655,88.5885,,,,,,
2656,88.6219,,,,,,
2657,88.6552,,,,,,
2658,88.6886,,,,,,
2659,88.722,,,,,,
2660,88.7553,,,,,,
2661,88.7887,,,,,,
2662,88.8221,,,,,,
2663,88.8554,,,,,,
2664,88.8888,,,,,,
2665,88.9222,,,,,,
2666,88.9555,,,,,,
2667,88.9889,,,,,,
2668,89.0223,,,,,,
2669,89.0556,,,,,,
2670,89.089,,,,,,
2671,89.1224,,,,,,
2672,89.1557,,,,,,
2673,89.1891,,,,,,
2674,89.2225,,,,,,
2675,89.2558,,,,,,
2676,89.2892,,,,,,
2677,89.3226,,,,,,
2678,89.3559,,,,,,
2679,89.3893,,,,,,
2680,89.4227,,,,,,
2681,89.456,,,,,,
2682,89.4894,,,,,,
2683,89.5228,,,,,,
2684,89.5561,,,,,,
2685,89.5895,,,,,,
2686,89.6229,,,,,,
2687,89.6562,,,,,,
2688,89.6896,,,,,,
2689,89.723,,,,,,
2690,89.7563,,,,,,
2691,89.7897,,,,,,
2692,89.8231,,,,,,
2693,89.8564,,,,,,
2694,89.8898,,,,,,
2695,89.9232,,,,,,
2696,89.9565,,,,,,
2697,89.9899,,,,,,
2698,90.0233,,,,,,
2699,90.0566,,,,,,
2700,90.09,,,,,,
2701,90.1234,,,,,,
2702,90.1567,,,,,,
2703,90.1901,,,,,,
2704,90.2235,,,,,,
2705,90.2568,,,,,,
2706,90.2902,,,,,,
2707,90.3236,,,,,,
2708,90.3569,,,,,,
2709,90.3903,,,,,,
2710,90.4237,,,,,,
2711,90.457,,,,,,
2712,90.4904,,,,,,
2713,90.5238,,,,,,
2714,90.5571,,,,,,
2715,90.5905,,,,,,
2716,90.6239,,,,,,
2717,90.6572,,,,,,
2718,90.6906,,,,,,
2719,90.724,,,,,,
2720,90.7573,,,,,,
2721,90.7907,,,,,,
2722,90.8241,,,,,,
2723,90.8574,,,,,,
2724,90.8908,,,,,,
2725,90.9242,,,,,,
2726,90.9575,,,,,,
2727,90.9909,,,,,,
2728,91.0243,,,,,,
2729,91.0576,,,,,,
2730,91.091,,,,,,
2731,91.1244,,,,,,
2732,91.1577,,,,,,
2733,91.1911,,,,,,
2734,91.2245,,,,,,
2735,91.2578,,,,,,
2736,91.2912,,,,,,
2737,91.3246,,,,,,
2738,91.3579,,,,,,
2739,91.3913,,,,,,
2740,91.4247,,,,,,
2741,91.458,,,,,,
2742,91.4914,,,,,,
2743,91.5248,,,,,,
2744,91.5581,,,,,,
2745,91.5915,,,,,,
2746,91.6249,,,,,,
2747,91.6582,,,,,,
2748,91.6916,,,,,,
2749,91.725,,,,,,
2750,91.7583,,,,,,
2751,91.7917,,,,,,
2752,91.8251,,,,,,
2753,91.8584,,,,,,
2754,91.8918,,,,,,
2755,91.9252,,,,,,
2756,91.9585,,,,,,
2757,91.9919,,,,,,
2758,92.0253,,,,,,
2759,92.0586,,,,,,
2760,92.092,,,,,,
2761,92.1254,,,,,,
2762,92.1587,,,,,,
2763,92.1921,,,,,,
2764,92.2255,,,,,,
2765,92.2588,,,,,,
2766,92.2922,,,,,,
2767,92.3256,,,,,,
2768,92.3589,,,,,,
2769,92.3923,,,,,,
2770,92.4257,,,,,,
2771,92.459,,,,,,
2772,92.4924,,,,,,
2773,92.5258,,,,,,
2774,92.5591,,,,,,
2775,92.5925,,,,,,
2776,92.6259,,,,,,
2777,92.6592,631.4,127.6,640.0,141.2,0.1066,0
2778,92.6926,,,,,,
2779,92.726,,,,,,
2780,92.7593,,,,,,
2781,92.7927,,,,,,
2782,92.8261,,,,,,
2783,92.8594,,,,,,
2784,92.8928,,,,,,
2785,92.9262,,,,,,
2786,92.9595,,,,,,
2787,92.9929,,,,,,
2788,93.0263,,,,,,
2789,93.0596,,,,,,
2790,93.093,,,,,,
2791,93.1264,,,,,,
2792,93.1597,,,,,,
2793,93.1931,,,,,,
2794,93.2265,,,,,,
2795,93.2598,,,,,,
2796,93.2932,,,,,,
2797,93.3266,,,,,,
2798,93.3599,,,,,,
2799,93.3933,,,,,,
2800,93.4267,,,,,,
2801,93.46,,,,,,
2802,93.4934,,,,,,
2803,93.5268,,,,,,
2804,93.5601,,,,,,
2805,93.5935,,,,,,
2806,93.6269,,,,,,
2807,93.6602,,,,,,
2808,93.6936,,,,,,
2809,93.727,,,,,,
2810,93.7603,,,,,,
2811,93.7937,,,,,,
2812,93.8271,,,,,,
2813,93.8604,,,,,,
2814,93.8938,,,,,,
2815,93.9272,,,,,,
2816,93.9605,,,,,,
2817,93.9939,,,,,,
2818,94.0273,,,,,,
2819,94.0606,,,,,,
2820,94.094,,,,,,
2821,94.1274,625.6,121.6,636.0,132.8,0.1509,0
2822,94.1607,,,,,,
2823,94.1941,,,,,,
2824,94.2275,,,,,,
2825,94.2608,,,,,,
2826,94.2942,,,,,,
2827,94.3276,,,,,,
2828,94.3609,,,,,,
2829,94.3943,,,,,,
2830,94.4277,,,,,,
2831,94.461,,,,,,
2832,94.4944,,,,,,
2833,94.5278,624.8,121.9,634.0,132.3,0.1997,0
2834,94.5611,624.8,121.8,634.1,132.3,0.2017,0
2835,94.5945,624.5,121.4,634.4,132.3,0.1001,0
2836,94.6279,624.5,120.9,634.7,131.0,0.1319,0
2837,94.6612,,,,,,
2838,94.6946,,,,,,
2839,94.728,,,,,,
2840,94.7613,,,,,,
2841,94.7947,,,,,,
2842,94.8281,,,,,,
2843,94.8614,,,,,,
2844,94.8948,,,,,,
2845,94.9282,,,,,,
2846,94.9615,,,,,,
2847,94.9949,,,,,,
2848,95.0283,,,,,,
2849,95.0616,,,,,,
2850,95.095,,,,,,
2851,95.1284,,,,,,
2852,95.1617,,,,,,
2853,95.1951,,,,,,
2854,95.2285,,,,,,
2855,95.2618,,,,,,
2856,95.2952,,,,,,
2857,95.3286,,,,,,
2858,95.3619,,,,,,
2859,95.3953,,,,,,
2860,95.4287,,,,,,
2861,95.462,,,,,,
2862,95.4954,,,,,,
2863,95.5288,,,,,,
2864,95.5621,,,,,,
2865,95.5955,,,,,,
2866,95.6289,,,,,,
2867,95.6622,,,,,,
2868,95.6956,,,,,,
2869,95.729,,,,,,
2870,95.7623,,,,,,
2871,95.7957,,,,,,
2872,95.8291,,,,,,
2873,95.8624,,,,,,
2874,95.8958,,,,,,
2875,95.9292,,,,,,
2876,95.9625,,,,,,
2877,95.9959,,,,,,
2878,96.0293,,,,,,
2879,96.0626,,,,,,
2880,96.096,,,,,,
2881,96.1294,161.2,334.4,194.9,351.4,0.4916,0
2881,96.1294,426.8,312.4,454.6,329.9,0.3794,0
2881,96.1294,155.3,335.9,201.5,352.0,0.103,0
2882,96.1627,448.8,298.3,479.1,318.3,0.5125,0
2882,96.1627,186.2,321.4,220.9,345.1,0.5,0
2883,96.1961,211.3,313.4,246.8,330.7,0.8035,0
2883,96.1961,472.8,289.7,507.2,304.1,0.4696,0
2884,96.2295,,,,,,
2885,96.2628,,,,,,
2886,96.2962,,,,,,
2887,96.3296,,,,,,
2888,96.3629,,,,,,
2889,96.3963,,,,,,
2890,96.4297,,,,,,
2891,96.463,,,,,,
2892,96.4964,,,,,,
2893,96.5298,,,,,,
2894,96.5631,,,,,,
2895,96.5965,,,,,,
2896,96.6299,,,,,,
2897,96.6632,374.3,314.7,393.1,350.6,0.2192,0
2898,96.6966,377.8,321.4,396.3,350.4,0.1716,0
2899,96.73,380.2,325.5,398.1,351.3,0.1017,0
2900,96.7633,,,,,,
2901,96.7967,382.1,333.0,399.5,351.3,0.1835,0
2902,96.8301,382.9,333.1,401.2,351.4,0.2246,0
2902,96.8301,382.2,333.6,399.9,351.6,0.1865,0
2903,96.8634,383.1,330.0,401.5,351.0,0.2838,0
2903,96.8634,382.0,331.0,400.3,351.3,0.1404,0
2904,96.8968,383.7,331.0,400.7,350.8,0.2839,0
2905,96.9302,381.3,329.9,399.2,351.7,0.1416,0
2906,96.9635,,,,,,
2907,96.9969,376.8,333.2,399.1,352.0,0.184,0
2908,97.0303,,,,,,
2909,97.0636,,,,,,
2910,97.097,,,,,,
2911,97.1304,,,,,,
2912,97.1637,,,,,,
2913,97.1971,,,,,,
2914,97.2305,364.4,342.9,384.6,352.0,0.1418,0
2914,97.2305,364.9,334.8,386.6,351.4,0.1149,0
2915,97.2638,362.4,341.9,384.6,351.8,0.2287,0
2915,97.2638,361.2,335.7,385.6,351.3,0.1226,0
2916,97.2972,,,,,,
2917,97.3306,,,,,,
2918,97.3639,354.8,340.6,379.6,351.8,0.1178,0
2919,97.3973,353.6,339.9,377.8,351.8,0.194,0
2920,97.4307,353.2,339.9,376.3,351.8,0.1752,0
2920,97.4307,352.7,334.6,376.9,351.5,0.1054,0
2921,97.464,351.7,338.6,375.4,351.9,0.1459,0
2921,97.464,351.8,335.1,375.1,351.6,0.1231,0
2922,97.4974,348.9,341.3,370.9,352.0,0.1422,0
2922,97.4974,350.2,339.8,374.0,352.0,0.1104,0
2923,97.5308,347.1,340.4,371.6,351.9,0.1154,0
2924,97.5641,,,,,,
2925,97.5975,,,,,,
2926,97.6309,,,,,,
2927,97.6642,,,,,,
2928,97.6976,,,,,,
2929,97.731,,,,,,
2930,97.7643,,,,,,
2931,97.7977,,,,,,
2932,97.8311,,,,,,
2933,97.8644,342.1,334.5,366.2,351.7,0.164,0
2934,97.8978,339.0,342.4,363.2,352.0,0.1581,0
2934,97.8978,340.4,335.5,364.8,351.4,0.1194,0
2935,97.9312,338.7,341.6,361.1,351.9,0.1423,0
2936,97.9645,339.3,340.2,360.0,351.8,0.23,0
2937,97.9979,338.0,340.6,359.0,351.8,0.1922,0
2938,98.0313,336.1,340.7,358.0,351.9,0.1787,0
2939,98.0646,331.5,340.5,355.4,351.8,0.1971,0
2939,98.0646,333.3,339.8,356.5,351.9,0.1204,0
2940,98.098,328.9,341.7,352.0,351.8,0.2102,0
2941,98.1314,324.4,342.2,346.8,352.0,0.1312,0
2941,98.1314,325.7,340.4,349.7,352.0,0.1073,0
2942,98.1647,,,,,,
2943,98.1981,,,,,,
2944,98.2315,,,,,,
2945,98.2648,,,,,,
2946,98.2982,,,,,,
2947,98.3316,,,,,,
2948,98.3649,,,,,,
2949,98.3983,,,,,,
2950,98.4317,,,,,,
2951,98.465,,,,,,
2952,98.4984,,,,,,
2953,98.5318,,,,,,
2954,98.5651,,,,,,
2955,98.5985,,,,,,
2956,98.6319,,,,,,
2957,98.6652,,,,,,
2958,98.6986,,,,,,
2959,98.732,,,,,,
2960,98.7653,,,,,,
2961,98.7987,,,,,,
2962,98.8321,,,,,,
2963,98.8654,,,,,,
2964,98.8988,,,,,,
2965,98.9322,,,,,,
2966,98.9655,,,,,,
2967,98.9989,,,,,,
2968,99.0323,,,,,,
2969,99.0656,,,,,,
2970,99.099,,,,,,
2971,99.1324,,,,,,
2972,99.1657,,,,,,
2973,99.1991,,,,,,
2974,99.2325,,,,,,
2975,99.2658,,,,,,
2976,99.2992,,,,,,
2977,99.3326,,,,,,
2978,99.3659,,,,,,
2979,99.3993,,,,,,
2980,99.4327,,,,,,
2981,99.466,,,,,,
2982,99.4994,,,,,,
2983,99.5328,,,,,,
2984,99.5661,,,,,,
2985,99.5995,,,,,,
2986,99.6329,,,,,,
2987,99.6662,,,,,,
2988,99.6996,,,,,,
2989,99.733,,,,,,
2990,99.7663,,,,,,
2991,99.7997,,,,,,
2992,99.8331,,,,,,
2993,99.8664,,,,,,
2994,99.8998,,,,,,
2995,99.9332,,,,,,
2996,99.9665,,,,,,
2997,99.9999,,,,,,
2998,100.0333,,,,,,
2999,100.0666,,,,,,
3000,100.1,,,,,,
3001,100.1334,,,,,,
3002,100.1667,,,,,,
3003,100.2001,,,,,,
3004,100.2335,,,,,,
3005,100.2668,,,,,,
3006,100.3002,,,,,,
3007,100.3336,,,,,,
3008,100.3669,,,,,,
3009,100.4003,,,,,,
3010,100.4337,,,,,,
3011,100.467,,,,,,
3012,100.5004,,,,,,
3013,100.5338,,,,,,
3014,100.5671,,,,,,
3015,100.6005,,,,,,
3016,100.6339,,,,,,
3017,100.6672,,,,,,
3018,100.7006,,,,,,
3019,100.734,,,,,,
3020,100.7673,,,,,,
3021,100.8007,,,,,,
3022,100.8341,,,,,,
3023,100.8674,,,,,,
3024,100.9008,,,,,,
3025,100.9342,,,,,,
3026,100.9675,,,,,,
3027,101.0009,,,,,,
3028,101.0343,,,,,,
3029,101.0676,,,,,,
3030,101.101,,,,,,
3031,101.1344,,,,,,
3032,101.1677,,,,,,
3033,101.2011,,,,,,
3034,101.2345,,,,,,
3035,101.2678,,,,,,
3036,101.3012,,,,,,
3037,101.3346,,,,,,
3038,101.3679,292.4,344.2,326.0,351.9,0.1434,0
3039,101.4013,,,,,,
3040,101.4347,,,,,,
3041,101.468,,,,,,
3042,101.5014,,,,,,
3043,101.5348,,,,,,
3044,101.5681,,,,,,
3045,101.6015,,,,,,
3046,101.6349,,,,,,
3047,101.6682,267.7,82.6,302.7,101.7,0.1916,0
3048,101.7016,283.7,71.7,312.1,93.2,0.2205,0
3049,101.735,,,,,,
3050,101.7683,499.1,298.1,516.6,332.8,0.1308,0
3051,101.8017,494.2,303.3,513.2,335.2,0.231,0
3052,101.8351,484.4,314.1,506.2,338.1,0.3485,0
3053,101.8684,,,,,,
3054,101.9018,473.5,317.9,491.4,348.5,0.1621,0
3054,101.9018,263.6,91.5,291.0,114.4,0.1054,0
3055,101.9352,260.7,87.8,289.6,109.7,0.1926,0
3055,101.9352,467.5,314.8,487.7,332.1,0.1918,0
3056,101.9685,458.1,317.1,478.3,334.0,0.2881,0
3057,102.0019,454.6,319.5,472.5,351.3,0.1039,0
3058,102.0353,451.3,326.3,470.7,352.0,0.1193,0
3059,102.0686,,,,,,
3060,102.102,,,,,,
3061,102.1354,,,,,,
3062,102.1687,,,,,,
3063,102.2021,,,,,,
3064,102.2355,,,,,,
3065,102.2688,,,,,,
3066,102.3022,,,,,,
3067,102.3356,,,,,,
3068,102.3689,,,,,,
3069,102.4023,442.2,341.0,460.0,351.8,0.1079,0
3070,102.4357,434.3,334.0,456.9,351.5,0.182,0
3070,102.4357,435.7,338.3,456.5,351.7,0.1038,0
3071,102.469,431.1,334.7,450.6,350.8,0.1138,0
3072,102.5024,425.2,333.2,446.4,351.8,0.2303,0
3073,102.5358,423.1,339.6,446.4,351.9,0.1178,0
3074,102.5691,,,,,,
3075,102.6025,419.0,334.0,439.2,351.0,0.1058,0
3076,102.6359,,,,,,
3077,102.6692,,,,,,
3078,102.7026,,,,,,
3079,102.736,,,,,,
3080,102.7693,,,,,,
3081,102.8027,,,,,,
3082,102.8361,,,,,,
3083,102.8694,,,,,,
3084,102.9028,,,,,,
3085,102.9362,,,,,,
3086,102.9695,,,,,,
3087,103.0029,,,,,,
3088,103.0363,371.8,340.7,395.0,351.9,0.1082,0
3089,103.0696,370.9,340.9,393.3,351.9,0.2273,0
3090,103.103,369.8,340.7,392.1,351.9,0.1554,0
3091,103.1364,367.7,334.2,391.4,351.7,0.1529,0
3092,103.1697,,,,,,
3093,103.2031,363.2,338.8,384.8,351.9,0.1209,0
3094,103.2365,363.2,332.9,382.1,351.5,0.1489,0
3095,103.2698,,,,,,
3096,103.3032,,,,,,
3097,103.3366,,,,,,
3098,103.3699,,,,,,
3099,103.4033,,,,,,
3100,103.4367,,,,,,
3101,103.47,,,,,,
3102,103.5034,,,,,,
3103,103.5368,,,,,,
3104,103.5701,,,,,,
3105,103.6035,,,,,,
3106,103.6369,,,,,,
3107,103.6702,269.1,328.3,286.9,350.5,0.2683,0
3108,103.7036,266.4,330.2,286.7,351.9,0.3739,0
3109,103.737,263.3,334.1,285.5,351.8,0.2546,0
3109,103.737,263.6,337.4,284.7,352.0,0.1725,0
3110,103.7703,260.6,342.0,283.6,352.0,0.144,0
3110,103.7703,262.5,340.8,285.4,352.0,0.1352,0
3111,103.8037,,,,,,
3112,103.8371,,,,,,
3113,103.8704,,,,,,
3114,103.9038,,,,,,
3115,103.9372,,,,,,
3116,103.9705,,,,,,
3117,104.0039,,,,,,
3118,104.0373,,,,,,
3119,104.0706,,,,,,
3120,104.104,,,,,,
3121,104.1374,,,,,,
3122,104.1707,,,,,,
3123,104.2041,,,,,,
3124,104.2375,,,,,,
3125,104.2708,,,,,,
3126,104.3042,,,,,,
3127,104.3376,,,,,,
3128,104.3709,,,,,,
3129,104.4043,,,,,,
3130,104.4377,,,,,,
3131,104.471,,,,,,
3132,104.5044,,,,,,
3133,104.5378,,,,,,
3134,104.5711,,,,,,
3135,104.6045,,,,,,
3136,104.6379,,,,,,
3137,104.6712,,,,,,
3138,104.7046,,,,,,
3139,104.738,,,,,,
3140,104.7713,,,,,,
3141,104.8047,,,,,,
3142,104.8381,,,,,,
3143,104.8714,,,,,,
3144,104.9048,,,,,,
3145,104.9382,,,,,,
3146,104.9715,,,,,,
3147,105.0049,,,,,,
3148,105.0383,,,,,,
3149,105.0716,,,,,,
3150,105.105,,,,,,
3151,105.1384,,,,,,
3152,105.1717,,,,,,
3153,105.2051,,,,,,
3154,105.2385,,,,,,
3155,105.2718,,,,,,
3156,105.3052,,,,,,
3157,105.3386,,,,,,
3158,105.3719,,,,,,
3159,105.4053,,,,,,
3160,105.4387,,,,,,
3161,105.472,,,,,,
3162,105.5054,,,,,,
3163,105.5388,,,,,,
3164,105.5721,,,,,,
3165,105.6055,,,,,,
3166,105.6389,,,,,,
3167,105.6722,,,,,,
3168,105.7056,,,,,,
3169,105.739,,,,,,
3170,105.7723,,,,,,
3171,105.8057,,,,,,
3172,105.8391,,,,,,
3173,105.8724,,,,,,
3174,105.9058,,,,,,
3175,105.9392,,,,,,
3176,105.9725,,,,,,
3177,106.0059,,,,,,
3178,106.0393,,,,,,
3179,106.0726,,,,,,
3180,106.106,,,,,,
3181,106.1394,,,,,,
3182,106.1727,,,,,,
3183,106.2061,,,,,,
3184,106.2395,,,,,,
3185,106.2728,,,,,,
3186,106.3062,,,,,,
3187,106.3396,,,,,,
3188,106.3729,,,,,,
3189,106.4063,,,,,,
3190,106.4397,,,,,,
3191,106.473,,,,,,
3192,106.5064,,,,,,
3193,106.5398,,,,,,
3194,106.5731,,,,,,
3195,106.6065,,,,,,
3196,106.6399,,,,,,
3197,106.6732,,,,,,
3198,106.7066,,,,,,
3199,106.74,,,,,,
3200,106.7733,,,,,,
3201,106.8067,,,,,,
3202,106.8401,,,,,,
3203,106.8734,,,,,,
3204,106.9068,,,,,,
3205,106.9402,,,,,,
3206,106.9735,,,,,,
3207,107.0069,,,,,,
3208,107.0403,,,,,,
3209,107.0736,,,,,,
3210,107.107,,,,,,
3211,107.1404,,,,,,
3212,107.1737,,,,,,
3213,107.2071,,,,,,
3214,107.2405,,,,,,
3215,107.2738,,,,,,
3216,107.3072,,,,,,
3217,107.3406,,,,,,
3218,107.3739,,,,,,
3219,107.4073,,,,,,
3220,107.4407,,,,,,
3221,107.474,,,,,,
3222,107.5074,,,,,,
3223,107.5408,,,,,,
3224,107.5741,,,,,,
3225,107.6075,,,,,,
3226,107.6409,,,,,,
3227,107.6742,,,,,,
3228,107.7076,,,,,,
3229,107.741,,,,,,
3230,107.7743,,,,,,
3231,107.8077,,,,,,
3232,107.8411,,,,,,
3233,107.8744,,,,,,
3234,107.9078,,,,,,
3235,107.9412,,,,,,
3236,107.9745,,,,,,
3237,108.0079,,,,,,
3238,108.0413,,,,,,
3239,108.0746,,,,,,
3240,108.108,,,,,,
3241,108.1414,,,,,,
3242,108.1747,,,,,,
3243,108.2081,,,,,,
3244,108.2415,,,,,,
3245,108.2748,,,,,,
3246,108.3082,,,,,,
3247,108.3416,,,,,,
3248,108.3749,,,,,,
3249,108.4083,,,,,,
3250,108.4417,,,,,,
3251,108.475,,,,,,
3252,108.5084,,,,,,
3253,108.5418,,,,,,
3254,108.5751,,,,,,
3255,108.6085,,,,,,
3256,108.6419,,,,,,
3257,108.6752,,,,,,
3258,108.7086,,,,,,
3259,108.742,,,,,,
3260,108.7753,,,,,,
3261,108.8087,,,,,,
3262,108.8421,,,,,,
3263,108.8754,,,,,,
3264,108.9088,,,,,,
3265,108.9422,425.4,344.1,446.6,351.8,0.1219,0
3266,108.9755,425.8,344.0,447.0,351.8,0.1248,0
3267,109.0089,425.5,344.6,447.6,351.8,0.1447,0
3268,109.0423,,,,,,
3269,109.0756,,,,,,
3270,109.109,,,,,,
3271,109.1424,,,,,,
3272,109.1757,,,,,,
3273,109.2091,,,,,,
3274,109.2425,,,,,,
3275,109.2758,,,,,,
3276,109.3092,,,,,,
3277,109.3426,,,,,,
3278,109.3759,,,,,,
3279,109.4093,415.3,345.6,432.0,351.9,0.1128,0
3280,109.4427,,,,,,
3281,109.476,412.0,337.7,422.4,346.1,0.1041,0
3282,109.5094,,,,,,
3283,109.5428,,,,,,
3284,109.5761,,,,,,
3285,109.6095,,,,,,
3286,109.6429,,,,,,
3287,109.6762,605.2,158.7,640.0,253.7,0.1074,1
3288,109.7096,,,,,,
3289,109.743,,,,,,
3290,109.7763,,,,,,
3291,109.8097,,,,,,
3292,109.8431,,,,,,
3293,109.8764,,,,,,
3294,109.9098,,,,,,
3295,109.9432,,,,,,
3296,109.9765,,,,,,
3297,110.0099,,,,,,
3298,110.0433,,,,,,
3299,110.0766,,,,,,
3300,110.11,,,,,,
3301,110.1434,400.4,336.8,409.0,344.1,0.1209,0
3302,110.1767,,,,,,
3303,110.2101,397.2,339.6,406.5,347.4,0.1244,0
3304,110.2435,,,,,,
3305,110.2768,,,,,,
3306,110.3102,,,,,,
3307,110.3436,,,,,,
3308,110.3769,,,,,,
3309,110.4103,,,,,,
3310,110.4437,,,,,,
3311,110.477,,,,,,
3312,110.5104,,,,,,
3313,110.5438,,,,,,
3314,110.5771,,,,,,
3315,110.6105,,,,,,
3316,110.6439,,,,,,
3317,110.6772,,,,,,
3318,110.7106,,,,,,
3319,110.744,,,,,,
3320,110.7773,,,,,,
3321,110.8107,,,,,,
3322,110.8441,,,,,,
3323,110.8774,,,,,,
3324,110.9108,,,,,,
3325,110.9442,,,,,,
3326,110.9775,,,,,,
3327,111.0109,,,,,,
3328,111.0443,,,,,,
3329,111.0776,,,,,,
3330,111.111,,,,,,
3331,111.1444,,,,,,
3332,111.1777,,,,,,
3333,111.2111,,,,,,
3334,111.2445,,,,,,
3335,111.2778,,,,,,
3336,111.3112,,,,,,
3337,111.3446,,,,,,
3338,111.3779,,,,,,
3339,111.4113,,,,,,
3340,111.4447,,,,,,
3341,111.478,,,,,,
3342,111.5114,,,,,,
3343,111.5448,,,,,,
3344,111.5781,,,,,,
3345,111.6115,,,,,,
3346,111.6449,,,,,,
3347,111.6782,,,,,,
3348,111.7116,,,,,,
3349,111.745,,,,,,
3350,111.7783,,,,,,
3351,111.8117,,,,,,
3352,111.8451,,,,,,
3353,111.8784,,,,,,
3354,111.9118,,,,,,
3355,111.9452,,,,,,
3356,111.9785,,,,,,
3357,112.0119,,,,,,
3358,112.0453,,,,,,
3359,112.0786,,,,,,
3360,112.112,,,,,,
3361,112.1454,,,,,,
3362,112.1787,223.8,325.8,240.2,336.8,0.4196,0
3363,112.2121,234.4,319.6,246.1,328.3,0.6822,0
3364,112.2455,,,,,,
3365,112.2788,,,,,,
3366,112.3122,,,,,,
3367,112.3456,,,,,,
3368,112.3789,,,,,,
3369,112.4123,,,,,,
3370,112.4457,,,,,,
3371,112.479,,,,,,
3372,112.5124,,,,,,
3373,112.5458,368.8,216.9,420.8,249.8,0.2377,0
3374,112.5791,,,,,,
3375,112.6125,,,,,,
3376,112.6459,,,,,,
3377,112.6792,,,,,,
3378,112.7126,,,,,,
3379,112.746,,,,,,
3380,112.7793,,,,,,
3381,112.8127,,,,,,
3382,112.8461,,,,,,
3383,112.8794,,,,,,
3384,112.9128,,,,,,
3385,112.9462,,,,,,
3386,112.9795,,,,,,
3387,113.0129,,,,,,
3388,113.0463,,,,,,
3389,113.0796,,,,,,
3390,113.113,,,,,,
3391,113.1464,,,,,,
3392,113.1797,,,,,,
3393,113.2131,236.7,121.1,245.5,130.4,0.1259,0
3394,113.2465,,,,,,
3395,113.2798,445.7,193.4,453.4,200.1,0.111,0
3396,113.3132,,,,,,
3397,113.3466,,,,,,
3398,113.3799,,,,,,
3399,113.4133,,,,,,
3400,113.4467,,,,,,
3401,113.48,,,,,,
3402,113.5134,,,,,,
3403,113.5468,,,,,,
3404,113.5801,,,,,,
3405,113.6135,341.4,157.1,351.7,172.3,0.2502,0
3406,113.6469,,,,,,
3407,113.6802,340.5,154.8,349.9,170.4,0.1153,0
3408,113.7136,,,,,,
3409,113.747,434.2,172.9,442.3,180.1,0.1116,0
3410,113.7803,,,,,,
3411,113.8137,,,,,,
3412,113.8471,,,,,,
3413,113.8804,,,,,,
3414,113.9138,,,,,,
3415,113.9472,,,,,,
3416,113.9805,,,,,,
3417,114.0139,53.5,297.4,95.0,311.1,0.2234,0
3417,114.0139,54.7,296.0,95.7,309.5,0.1074,0
3418,114.0473,90.0,287.4,131.6,301.2,0.1198,0
3419,114.0806,131.5,279.2,176.5,292.9,0.117,0
3420,114.114,170.7,274.3,208.7,286.9,0.5844,0
3420,114.114,170.7,272.6,209.7,285.8,0.3858,0
3421,114.1474,,,,,,
3422,114.1807,,,,,,
3423,114.2141,,,,,,
3424,114.2475,,,,,,
3425,114.2808,,,,,,
3426,114.3142,,,,,,
3427,114.3476,,,,,,
3428,114.3809,,,,,,
3429,114.4143,,,,,,
3430,114.4477,33.0,210.0,77.4,273.8,0.1017,1
3431,114.481,,,,,,
3432,114.5144,,,,,,
3433,114.5478,327.9,262.9,343.3,277.0,0.3047,0
3434,114.5811,71.1,283.2,94.1,302.7,0.1684,0
3435,114.6145,85.2,285.1,112.7,300.2,0.1084,0
3436,114.6479,105.0,277.6,144.2,302.0,0.2928,0
3437,114.6812,136.8,257.7,178.3,289.1,0.1983,0
3437,114.6812,136.4,256.9,177.7,289.8,0.1788,0
3438,114.7146,170.5,233.8,212.3,273.0,0.3095,0
3439,114.748,203.7,218.1,240.0,249.7,0.6332,0
3439,114.748,204.6,217.8,239.3,245.5,0.2111,0
3440,114.7813,228.0,209.6,248.0,242.4,0.6048,0
3441,114.8147,229.9,210.5,246.7,240.4,0.4381,0
3442,114.8481,231.8,211.4,252.1,245.6,0.1592,0
3443,114.8814,,,,,,
3444,114.9148,,,,,,
3445,114.9482,,,,,,
3446,114.9815,,,,,,
3447,115.0149,,,,,,
3448,115.0483,,,,,,
3449,115.0816,,,,,,
3450,115.115,,,,,,
3451,115.1484,438.9,250.9,461.9,268.8,0.5327,0
3452,115.1817,153.8,281.8,183.7,321.1,0.3093,0
3452,115.1817,419.1,263.0,446.2,280.8,0.2117,0
3453,115.2151,401.7,272.4,428.9,289.1,0.2597,0
3454,115.2485,122.9,298.9,147.5,317.6,0.4619,0
3455,115.2818,,,,,,
3456,115.3152,,,,,,
3457,115.3486,,,,,,
3458,115.3819,79.4,298.3,97.0,331.1,0.1677,0
3459,115.4153,,,,,,
3460,115.4487,,,,,,
3461,115.482,,,,,,
3462,115.5154,60.5,289.9,76.1,324.8,0.2337,0
3463,115.5488,,,,,,
3464,115.5821,72.0,282.0,91.8,313.0,0.161,0
3465,115.6155,,,,,,
3466,115.6489,,,,,,
3467,115.6822,78.9,270.4,94.7,300.2,0.2318,0
3467,115.6822,80.2,268.9,95.4,300.7,0.1322,0
3468,115.7156,79.1,280.0,95.5,303.1,0.2021,0
3468,115.7156,82.2,281.3,95.5,303.1,0.1323,0
3469,115.749,80.8,278.5,95.4,307.3,0.1413,0
3470,115.7823,78.8,279.5,93.5,311.3,0.2297,0
3471,115.8157,73.8,285.9,90.0,317.5,0.4432,0
3472,115.8491,70.5,290.8,86.6,321.8,0.1629,0
3473,115.8824,619.1,107.0,631.1,126.9,0.251,0
3473,115.8824,69.4,292.3,85.8,323.5,0.1413,0
3474,115.9158,68.7,290.9,86.6,323.9,0.3717,0
3475,115.9492,69.0,291.4,86.4,322.9,0.4847,0
3476,115.9825,68.5,289.8,86.0,322.0,0.5707,0
3477,116.0159,68.4,288.5,86.5,319.9,0.6158,0
3478,116.0493,68.5,286.5,86.0,317.8,0.6901,0
3478,116.0493,98.2,62.1,147.6,85.7,0.1774,1
3479,116.0826,69.9,286.7,87.1,317.8,0.306,0
3479,116.0826,71.9,287.0,87.2,317.9,0.1275,0
3480,116.116,68.7,286.3,87.5,317.7,0.2676,0
3481,116.1494,69.3,285.6,87.8,317.5,0.1019,0
3482,116.1827,68.9,284.2,87.9,317.6,0.1692,0
3483,116.2161,66.8,282.3,86.8,317.6,0.1791,0
3484,116.2495,65.3,281.8,84.5,318.8,0.2865,0
3485,116.2828,65.5,281.9,83.1,317.7,0.1717,0
3486,116.3162,66.3,280.3,83.0,317.0,0.102,0
3487,116.3496,65.6,280.6,81.9,315.9,0.1479,0
3488,116.3829,,,,,,
3489,116.4163,66.6,273.8,86.0,310.4,0.3465,0
3490,116.4497,68.2,275.3,87.0,307.3,0.156,0
3491,116.483,67.8,273.0,87.3,305.4,0.2426,0
3492,116.5164,67.6,270.2,88.3,303.2,0.3601,0
3493,116.5498,68.6,269.2,88.4,300.7,0.4386,0
3493,116.5498,69.9,269.0,88.6,300.9,0.1139,0
3494,116.5831,68.2,267.0,88.2,298.8,0.6921,0
3495,116.6165,68.2,266.0,87.4,297.3,0.4902,0
3496,116.6499,68.3,262.5,86.5,294.2,0.5161,0
3497,116.6832,67.6,260.8,85.8,293.2,0.3594,0
3498,116.7166,66.9,262.1,83.8,293.9,0.314,0
3499,116.75,64.6,261.2,84.3,295.5,0.1564,0
3500,116.7833,65.8,259.2,84.9,296.2,0.26,0
3501,116.8167,66.3,262.7,85.5,298.0,0.1322,0
3502,116.8501,65.1,265.9,84.6,300.3,0.2572,0
3502,116.8501,513.0,88.1,556.7,110.6,0.1355,0
3503,116.8834,67.6,265.4,86.5,300.4,0.2396,0
3504,116.9168,67.6,265.0,87.4,301.9,0.1747,0
3505,116.9502,,,,,,
3506,116.9835,,,,,,
3507,117.0169,,,,,,
3508,117.0503,73.4,271.7,94.6,308.4,0.3475,0
3509,117.0836,75.8,274.9,95.2,309.0,0.1612,0
3510,117.117,,,,,,
3511,117.1504,,,,,,
3512,117.1837,,,,,,
3513,117.2171,80.2,276.6,99.3,310.8,0.2744,0
3514,117.2505,80.1,276.9,99.4,311.0,0.3062,0
3515,117.2838,80.3,275.4,101.1,311.3,0.1911,0
3516,117.3172,79.6,272.3,100.8,309.5,0.3041,0
3517,117.3506,79.3,274.4,99.2,309.6,0.1903,0
3518,117.3839,79.5,273.6,99.7,309.7,0.2609,0
3519,117.4173,79.9,272.8,101.2,310.3,0.2208,0
3520,117.4507,80.6,272.4,101.8,309.9,0.3335,0
3521,117.484,80.6,272.9,102.3,312.0,0.3737,0
3522,117.5174,80.6,272.6,102.7,311.7,0.2411,0
3523,117.5508,81.4,272.1,102.8,310.4,0.308,0
3524,117.5841,82.1,271.8,103.1,309.4,0.1759,0
3525,117.6175,82.2,272.2,103.4,310.2,0.2647,0
3526,117.6509,81.4,272.7,102.7,312.0,0.2161,0
3527,117.6842,81.2,273.9,101.6,312.4,0.1122,0
3528,117.7176,,,,,,
3529,117.751,,,,,,
3530,117.7843,,,,,,
3531,117.8177,,,,,,
3532,117.8511,45.8,297.1,79.5,332.0,0.3284,0
3533,117.8844,15.7,305.0,55.4,325.3,0.3252,0
3534,117.9178,239.7,295.9,287.6,316.3,0.1653,0
3535,117.9512,,,,,,
3536,117.9845,,,,,,
3537,118.0179,,,,,,
3538,118.0513,,,,,,
3539,118.0846,,,,,,
3540,118.118,,,,,,
3541,118.1514,,,,,,
3542,118.1847,,,,,,
3543,118.2181,,,,,,
3544,118.2515,,,,,,
3545,118.2848,,,,,,
3546,118.3182,,,,,,
3547,118.3516,,,,,,
3548,118.3849,,,,,,
3549,118.4183,,,,,,
3550,118.4517,,,,,,
3551,118.485,,,,,,
3552,118.5184,,,,,,
3553,118.5518,,,,,,
3554,118.5851,,,,,,
3555,118.6185,,,,,,
3556,118.6519,,,,,,
3557,118.6852,,,,,,
3558,118.7186,,,,,,
3559,118.752,,,,,,
3560,118.7853,,,,,,
3561,118.8187,,,,,,
3562,118.8521,,,,,,
3563,118.8854,,,,,,
3564,118.9188,,,,,,
3565,118.9522,,,,,,
3566,118.9855,,,,,,
3567,119.0189,,,,,,
3568,119.0523,,,,,,
3569,119.0856,295.4,326.0,311.9,335.1,0.4794,0
3569,119.0856,29.5,344.1,57.2,351.9,0.1249,0
3570,119.119,41.7,339.5,66.0,351.7,0.2951,0
3570,119.119,305.5,321.5,322.9,331.2,0.1003,0
3571,119.1524,55.9,335.5,77.8,350.0,0.2432,0
3572,119.1857,,,,,,
3573,119.2191,,,,,,
3574,119.2525,,,,,,
3575,119.2858,,,,,,
3576,119.3192,,,,,,
3577,119.3526,,,,,,
3578,119.3859,,,,,,
3579,119.4193,,,,,,
3580,119.4527,,,,,,
3581,119.486,,,,,,
3582,119.5194,,,,,,
3583,119.5528,,,,,,
3584,119.5861,6.4,116.8,14.6,127.6,0.2324,0
3585,119.6195,5.1,121.7,12.6,131.6,0.309,0
3586,119.6529,0.9,125.7,10.6,135.3,0.3981,0
3586,119.6529,163.5,328.5,180.4,350.7,0.2891,0
3587,119.6862,153.9,333.8,176.5,350.5,0.3707,0
3587,119.6862,396.3,320.8,412.5,330.7,0.3315,0
3588,119.7196,151.5,334.4,171.9,351.3,0.2068,0
3589,119.753,153.2,333.3,174.3,351.3,0.3852,0
3590,119.7863,396.5,318.0,403.7,326.2,0.3565,0
3590,119.7863,156.7,329.0,175.7,351.6,0.3227,0
3590,119.7863,395.5,317.5,404.1,326.1,0.1749,0
3591,119.8197,392.4,314.1,403.6,321.8,0.1383,0
3592,119.8531,385.6,313.0,397.2,320.4,0.1549,0
3593,119.8864,381.3,311.2,390.6,319.0,0.3834,0
3593,119.8864,148.0,323.1,167.0,347.8,0.2227,0
3594,119.9198,146.0,317.2,164.2,348.3,0.2412,0
3595,119.9532,148.1,305.5,165.0,341.3,0.3296,0
3595,119.9532,525.6,62.3,545.9,83.2,0.1458,0
3596,119.9865,518.8,55.1,537.4,71.8,0.3816,0
3596,119.9865,150.3,298.8,165.0,333.7,0.3157,0
3597,120.0199,511.6,48.6,530.1,64.8,0.3812,0
3597,120.0199,153.2,293.4,168.9,327.2,0.1477,0
3598,120.0533,,,,,,
3599,120.0866,507.6,37.1,522.2,49.9,0.4679,0
3599,120.0866,530.7,133.5,544.5,143.5,0.1331,0
3600,120.12,501.8,33.6,520.1,47.0,0.1962,0
3600,120.12,502.4,33.4,519.4,46.8,0.1831,0
3601,120.1534,498.9,33.5,513.8,45.2,0.5188,0
3601,120.1534,551.1,131.0,566.6,141.4,0.1456,0
3602,120.1867,,,,,,
3603,120.2201,537.3,128.5,552.9,138.6,0.1578,0
3604,120.2535,530.9,128.4,546.7,138.0,0.5455,0
3604,120.2535,490.6,29.2,505.4,41.7,0.1383,0
3605,120.2868,524.3,128.6,540.4,138.1,0.4018,0
3605,120.2868,486.7,29.4,502.4,41.1,0.3922,0
3605,120.2868,193.4,276.5,214.1,290.4,0.2316,0
3606,120.3202,522.1,128.4,534.6,137.4,0.4237,0
3606,120.3202,200.0,274.7,221.6,288.2,0.3207,0
3606,120.3202,486.3,29.2,500.4,39.5,0.2799,0
3606,120.3202,200.0,272.9,221.6,285.6,0.1399,0
3606,120.3202,520.4,128.3,535.1,137.6,0.1109,0
3607,120.3536,484.9,28.8,499.6,39.8,0.4888,0
3607,120.3536,207.2,272.0,229.1,286.0,0.3692,0
3607,120.3536,516.3,128.8,530.1,138.7,0.2682,0
3607,120.3536,206.9,273.6,229.3,288.3,0.2274,0
3608,120.3869,484.1,29.3,499.3,40.7,0.4221,0
3608,120.3869,216.2,271.0,239.6,285.3,0.243,0
3608,120.3869,514.1,129.1,526.5,138.8,0.1265,0
3609,120.4203,486.7,28.9,501.7,39.6,0.3198,0
3609,120.4203,225.9,270.0,251.1,284.3,0.2373,0
3609,120.4203,511.4,129.3,525.2,138.3,0.1215,0
3610,120.4537,239.9,266.8,266.5,281.0,0.6342,0
3610,120.4537,489.7,26.8,505.6,39.0,0.1658,0
3610,120.4537,489.5,26.1,506.0,38.6,0.127,0
3610,120.4537,511.5,128.3,526.1,137.8,0.1018,0
3611,120.487,257.6,259.4,294.3,276.0,0.8281,0
3611,120.487,496.6,25.3,516.6,36.5,0.6327,0
3611,120.487,516.3,125.4,534.7,135.5,0.1472,0
3612,120.5204,289.4,245.0,334.1,266.9,0.5936,0
3612,120.5204,507.7,16.2,549.2,35.0,0.3596,0
3612,120.5204,289.9,244.9,334.0,265.2,0.2522,0
3613,120.5538,327.5,236.4,368.3,253.4,0.7345,0
3614,120.5871,363.3,226.9,400.2,244.9,0.3275,0
3615,120.6205,393.4,223.1,422.9,241.5,0.1024,0
3616,120.6539,,,,,,
3617,120.6872,,,,,,
3618,120.7206,,,,,,
3619,120.754,,,,,,
3620,120.7873,,,,,,
3621,120.8207,,,,,,
3622,120.8541,,,,,,
3623,120.8874,,,,,,
3624,120.9208,480.7,231.9,497.4,245.1,0.2966,0
3625,120.9542,487.9,230.7,506.1,244.7,0.1954,0
3625,120.9542,624.1,2.3,639.8,14.4,0.1602,0
3625,120.9542,624.5,1.6,640.0,14.8,0.1103,0
3625,120.9542,574.4,107.8,591.2,118.1,0.1102,0
3625,120.9542,623.7,0.5,639.8,13.7,0.1038,0
3626,120.9875,622.7,3.2,639.1,15.2,0.3853,0
3626,120.9875,494.6,231.4,512.9,247.8,0.2401,0
3627,121.0209,620.6,3.7,637.3,18.8,0.3944,0
3627,121.0209,500.7,231.6,522.3,247.1,0.389,0
3628,121.0543,621.5,4.9,637.7,17.6,0.4642,0
3628,121.0543,511.7,230.3,533.2,245.1,0.4436,0
3629,121.0876,521.5,231.2,542.1,245.6,0.5812,0
3629,121.0876,623.5,4.3,639.7,17.6,0.4338,0
3629,121.0876,623.5,4.4,639.8,17.4,0.2228,0
3630,121.121,529.5,231.7,551.6,246.4,0.5628,0
3630,121.121,529.5,233.3,551.8,247.4,0.4029,0
3630,121.121,624.1,6.8,639.8,19.4,0.2571,0
3631,121.1544,540.6,235.5,560.5,247.5,0.5515,0
3631,121.1544,626.2,8.3,639.9,19.7,0.3222,0
3632,121.1877,547.6,236.6,566.3,249.0,0.4954,0
3632,121.1877,625.8,6.9,640.0,22.0,0.2281,0
3633,121.2211,556.7,239.9,572.7,249.8,0.2188,0
3634,121.2545,525.4,117.8,543.9,128.8,0.1785,0
3634,121.2545,624.4,13.0,639.7,25.6,0.1272,0
3635,121.2878,519.9,118.5,536.6,128.7,0.4461,0
3636,121.3212,619.9,14.2,635.3,26.8,0.2394,0
3637,121.3546,617.8,16.2,632.6,27.2,0.5195,0
3637,121.3546,504.3,120.6,520.1,130.1,0.1025,0
3638,121.3879,614.1,17.5,630.0,29.1,0.4021,0
3639,121.4213,480.2,124.9,500.1,138.0,0.7076,0
3639,121.4213,606.9,20.9,624.2,34.6,0.3885,0
3640,121.4547,475.1,127.1,490.5,137.6,0.635,0
3640,121.4547,604.1,24.8,617.8,35.7,0.3303,0
3641,121.488,469.5,126.2,486.9,136.1,0.7022,0
3641,121.488,605.2,23.9,618.5,34.9,0.2858,0
3642,121.5214,465.6,126.6,480.8,136.4,0.6724,0
3642,121.5214,606.2,22.9,620.3,34.4,0.2712,0
3643,121.5548,459.9,126.1,476.7,136.0,0.7611,0
3643,121.5548,607.3,23.6,621.2,34.3,0.3701,0
3644,121.5881,452.5,125.6,472.0,136.1,0.7796,0
3644,121.5881,607.5,23.3,621.4,34.2,0.4513,0
3645,121.6215,448.2,124.4,465.4,135.8,0.8054,0
3645,121.6215,607.4,23.5,621.5,34.3,0.4314,0
3646,121.6549,439.2,123.6,458.1,135.1,0.7749,0
3646,121.6549,605.8,21.7,620.6,33.5,0.5662,0
3647,121.6882,430.6,125.0,448.6,135.9,0.7688,0
3647,121.6882,603.4,23.7,616.2,34.4,0.3044,0
3648,121.7216,422.6,125.0,440.9,136.0,0.711,0
3648,121.7216,601.8,22.7,614.5,33.9,0.4599,0
3649,121.755,600.4,22.7,614.0,33.9,0.2212,0
3649,121.755,415.6,124.3,432.6,136.0,0.1478,0
3650,121.7883,599.3,21.3,613.3,32.7,0.4924,0
3650,121.7883,408.3,123.6,425.0,135.1,0.1508,0
3651,121.8217,598.2,21.3,612.1,33.0,0.5658,0
3651,121.8217,400.2,123.2,417.7,135.4,0.3113,0
3652,121.8551,596.6,21.6,611.1,33.9,0.4027,0
3652,121.8551,393.7,123.3,410.7,135.2,0.2828,0
3653,121.8884,386.2,124.1,404.2,136.2,0.5618,0
3653,121.8884,596.5,21.7,611.3,33.9,0.4996,0
3654,121.9218,596.6,21.4,611.2,34.0,0.4534,0
3654,121.9218,379.6,123.6,398.4,135.8,0.3215,0
3655,121.9552,598.6,21.3,612.3,32.1,0.372,0
3656,121.9885,600.9,19.1,615.8,31.3,0.3405,0
3657,122.0219,604.5,16.3,621.7,30.4,0.1235,0
3657,122.0219,605.0,17.5,622.4,30.6,0.1074,0
3658,122.0553,609.2,17.2,625.7,28.6,0.6333,0
3659,122.0886,615.4,16.5,630.3,27.5,0.4321,0
3659,122.0886,615.8,17.1,630.2,27.4,0.2769,0
3659,122.0886,360.4,114.9,377.7,127.0,0.1682,0
3660,122.122,616.6,17.6,631.1,29.0,0.355,0
3660,122.122,351.9,116.0,371.2,129.0,0.2829,0
3661,122.1554,615.1,20.6,629.5,33.6,0.2153,0
3662,122.1887,610.0,24.1,626.5,37.2,0.1422,0
3663,122.2221,612.5,24.7,628.6,37.8,0.1536,0
3664,122.2555,615.6,25.2,630.5,37.2,0.1496,0
3664,122.2555,614.8,25.0,630.2,37.1,0.136,0
3665,122.2888,614.1,25.4,628.5,38.0,0.1514,0
3666,122.3222,613.3,25.8,627.0,38.0,0.279,0
3667,122.3556,612.0,25.6,626.1,37.4,0.3011,0
3668,122.3889,611.5,25.7,625.0,37.2,0.3457,0
3669,122.4223,609.8,26.4,623.9,38.3,0.184,0
3670,122.4557,,,,,,
3671,122.489,,,,,,
3672,122.5224,,,,,,
3673,122.5558,,,,,,
3674,122.5891,,,,,,
3675,122.6225,599.3,25.3,613.5,37.0,0.1234,0
3676,122.6559,599.5,25.5,613.6,36.4,0.2836,0
3676,122.6559,600.0,25.4,613.8,36.5,0.1001,0
3677,122.6892,599.1,25.5,613.6,37.9,0.338,0
3678,122.7226,600.4,24.9,614.7,38.3,0.2193,0
3679,122.756,,,,,,
3680,122.7893,,,,,,
3681,122.8227,,,,,,
3682,122.8561,,,,,,
3683,122.8894,604.1,26.3,618.4,38.0,0.141,0
3684,122.9228,,,,,,
3685,122.9562,,,,,,
3686,122.9895,,,,,,
3687,123.0229,,,,,,
3688,123.0563,,,,,,
3689,123.0896,,,,,,
3690,123.123,,,,,,
3691,123.1564,,,,,,
3692,123.1897,,,,,,
3693,123.2231,,,,,,
3694,123.2565,,,,,,
3695,123.2898,28.2,120.5,48.1,137.4,0.2358,0
3696,123.3232,,,,,,
3697,123.3566,36.8,103.4,55.8,124.0,0.1491,0
3698,123.3899,,,,,,
3699,123.4233,,,,,,
3700,123.4567,0.8,144.7,29.0,160.3,0.5808,0
3700,123.4567,437.2,262.5,547.1,351.5,0.1027,1
3701,123.49,,,,,,
3702,123.5234,,,,,,
3703,123.5568,,,,,,
3704,123.5901,58.5,147.8,77.7,159.6,0.1388,0
3705,123.6235,68.5,152.8,87.3,162.8,0.1603,0
3706,123.6569,79.9,155.7,98.3,167.0,0.3488,0
3707,123.6902,,,,,,
3708,123.7236,96.0,163.3,113.1,176.1,0.3528,0
3708,123.7236,164.6,62.2,178.6,74.5,0.1514,0
3709,123.757,102.4,169.4,118.6,182.9,0.3388,0
3709,123.757,102.7,169.2,117.9,182.3,0.1499,0
3710,123.7903,109.9,175.5,126.5,188.0,0.2665,0
3710,123.7903,418.2,245.8,431.2,254.8,0.2446,0
3710,123.7903,153.1,72.7,165.2,85.7,0.103,0
3711,123.8237,,,,,,
3712,123.8571,593.3,133.4,610.5,142.1,0.3692,0
3713,123.8904,584.6,134.2,602.8,143.1,0.5547,0
3714,123.9238,,,,,,
3715,123.9572,156.7,184.6,171.5,196.6,0.416,0
3715,123.9572,564.5,135.9,584.7,146.7,0.1725,0
3716,123.9905,553.1,138.2,572.4,148.7,0.5092,0
3716,123.9905,162.6,187.8,181.4,200.1,0.117,0
3717,124.0239,543.7,140.7,562.3,150.5,0.375,0
3718,124.0573,,,,,,
3719,124.0906,,,,,,
3720,124.124,,,,,,
3721,124.1574,,,,,,
3722,124.1907,,,,,,
3723,124.2241,,,,,,
3724,124.2575,,,,,,
3725,124.2908,234.9,193.4,252.6,204.4,0.1289,0
3726,124.3242,448.5,145.5,469.4,154.8,0.218,0
3727,124.3576,248.9,196.1,263.6,208.4,0.1188,0
3728,124.3909,,,,,,
3729,124.4243,,,,,,
3730,124.4577,,,,,,
3731,124.491,,,,,,
3732,124.5244,,,,,,
3733,124.5578,,,,,,
3734,124.5911,,,,,,
3735,124.6245,,,,,,
3736,124.6579,,,,,,
3737,124.6912,,,,,,
3738,124.7246,,,,,,
3739,124.758,,,,,,
3740,124.7913,,,,,,
3741,124.8247,280.8,210.8,304.2,223.9,0.7124,0
3742,124.8581,252.0,218.0,285.2,235.1,0.751,0
3743,124.8914,234.2,229.0,256.7,242.6,0.4305,0
3744,124.9248,,,,,,
3745,124.9582,,,,,,
3746,124.9915,,,,,,
3747,125.0249,,,,,,
3748,125.0583,448.8,332.3,482.1,352.0,0.1767,1
3749,125.0916,442.4,329.4,475.8,352.0,0.3515,1
3750,125.125,189.1,234.7,202.4,246.6,0.2131,0
3751,125.1584,,,,,,
3752,125.1917,515.1,53.9,526.5,62.9,0.1001,0
3753,125.2251,,,,,,
3754,125.2585,,,,,,
3755,125.2918,,,,,,
3756,125.3252,,,,,,
3757,125.3586,,,,,,
3758,125.3919,,,,,,
3759,125.4253,507.6,49.9,520.8,61.4,0.2447,0
3760,125.4587,507.6,49.9,520.9,61.4,0.2592,0
