frame,time_s,x1,y1,x2,y2,conf,cls
0,0.0,53.5,1.7,365.0,169.0,0.8279,0
1,0.0334,47.3,1.6,350.3,167.8,0.8768,0
2,0.0667,57.4,0.7,349.6,168.0,0.894,0
3,0.1001,45.9,1.2,354.0,168.2,0.8715,0
3,0.1001,19.5,1.9,357.1,172.7,0.23,0
4,0.1335,57.8,1.0,356.7,168.3,0.9085,0
5,0.1668,46.4,1.3,361.9,168.5,0.8153,0
6,0.2002,58.2,2.0,368.9,169.3,0.8972,0
7,0.2336,53.6,1.3,353.5,169.5,0.9023,0
8,0.2669,24.6,1.4,355.1,170.3,0.6863,0
8,0.2669,9.2,1.8,358.7,170.2,0.1308,0
9,0.3003,36.7,1.9,361.8,171.9,0.7943,0
9,0.3003,59.8,2.3,358.7,168.2,0.7773,0
10,0.3337,73.4,2.0,363.2,167.0,0.8188,0
11,0.367,95.6,1.6,365.5,164.7,0.7454,0
12,0.4004,63.8,1.3,359.6,165.9,0.7992,0
13,0.4338,47.2,1.4,354.1,167.6,0.5769,0
14,0.4671,31.7,0.9,350.0,169.2,0.7417,0
15,0.5005,43.9,1.4,351.6,168.5,0.6427,0
16,0.5339,33.2,2.3,360.9,170.1,0.6477,0
17,0.5672,74.3,2.3,359.3,165.4,0.8092,0
18,0.6006,76.6,1.5,366.5,164.9,0.8362,0
19,0.634,103.2,1.6,356.2,166.5,0.8809,0
20,0.6673,71.6,1.7,358.3,168.8,0.8814,0
21,0.7007,77.1,0.7,357.8,169.0,0.8681,0
22,0.7341,29.5,1.8,354.8,166.2,0.8462,0
22,0.7341,19.5,0.8,355.6,179.5,0.1155,0
23,0.7674,43.6,1.9,359.4,169.3,0.8566,0
23,0.7674,60.1,1.3,357.2,168.3,0.845,0
24,0.8008,70.2,0.9,360.7,168.1,0.845,0
25,0.8342,70.2,1.1,361.3,166.7,0.8926,0
26,0.8675,48.7,0.9,364.6,167.9,0.6982,0
26,0.8675,25.6,1.1,370.2,167.3,0.2251,0
27,0.9009,97.6,1.0,360.7,166.6,0.7308,0
28,0.9343,56.1,1.2,365.1,166.6,0.7712,0
29,0.9676,26.8,1.6,370.1,174.9,0.8691,0
29,0.9676,40.2,2.0,363.3,167.2,0.7634,0
30,1.001,57.6,0.8,367.8,166.9,0.7091,0
30,1.001,36.0,1.1,371.2,177.5,0.6925,0
31,1.0344,35.6,0.5,372.5,166.4,0.723,0
32,1.0677,47.5,2.6,363.5,165.3,0.7515,0
33,1.1011,66.4,3.0,355.0,165.6,0.8263,0
34,1.1345,75.8,1.2,354.8,166.7,0.8677,0
35,1.1678,69.5,1.3,356.4,167.3,0.8906,0
36,1.2012,53.1,2.2,369.2,167.0,0.8928,0
37,1.2346,25.0,2.6,365.7,166.4,0.7022,0
38,1.2679,73.2,1.6,362.1,164.9,0.7125,0
39,1.3013,97.6,1.0,366.0,165.8,0.8161,0
40,1.3347,102.7,0.6,361.6,164.3,0.8455,0
41,1.368,114.9,1.6,351.2,166.1,0.6952,0
41,1.368,19.2,2.6,355.4,168.5,0.1995,0
42,1.4014,108.7,1.6,348.9,165.4,0.845,0
42,1.4014,39.7,1.6,353.0,167.3,0.3684,0
43,1.4348,45.7,1.9,354.7,168.2,0.7451,0
44,1.4681,73.9,5.7,367.2,164.2,0.6656,0
44,1.4681,43.8,3.5,370.5,165.5,0.1222,0
45,1.5015,34.9,1.6,373.7,167.4,0.579,0
45,1.5015,76.3,1.6,370.1,164.3,0.5558,0
46,1.5349,106.8,1.8,362.9,164.3,0.8288,0
47,1.5682,55.8,1.0,353.5,166.6,0.7227,0
47,1.5682,46.2,1.5,354.8,167.3,0.5708,0
48,1.6016,41.0,0.7,356.0,168.1,0.8491,0
49,1.635,46.2,0.9,357.7,168.3,0.8263,0
50,1.6683,42.7,1.0,355.6,165.1,0.6218,0
50,1.6683,25.7,1.9,358.5,171.8,0.117,0
51,1.7017,29.0,1.6,357.7,166.3,0.7693,0
51,1.7017,22.9,2.1,359.1,172.4,0.7064,0
52,1.7351,55.7,1.6,352.0,165.2,0.7621,0
53,1.7684,47.0,2.1,357.4,168.6,0.6561,0
54,1.8018,38.2,2.6,359.2,165.2,0.2413,0
54,1.8018,27.2,2.3,358.1,167.9,0.1502,0
55,1.8352,106.2,4.9,357.4,165.1,0.5295,0
56,1.8685,100.1,3.5,359.6,165.3,0.4469,0
56,1.8685,84.4,2.7,364.2,165.9,0.1018,0
57,1.9019,54.8,2.2,367.1,166.8,0.8462,0
58,1.9353,61.8,2.9,366.4,166.5,0.5422,0
58,1.9353,37.3,3.3,369.1,166.1,0.1709,0
59,1.9686,64.9,2.2,361.2,165.9,0.6952,0
60,2.002,64.7,0.4,360.7,166.8,0.8446,0
61,2.0354,56.9,1.0,357.7,168.3,0.764,0
61,2.0354,43.1,1.4,359.7,166.2,0.146,0
62,2.0687,82.6,1.3,361.6,167.8,0.6952,0
62,2.0687,59.2,1.7,364.9,166.3,0.1417,0
63,2.1021,94.7,1.7,371.6,165.5,0.8033,0
64,2.1355,53.6,3.7,359.3,164.6,0.8052,0
65,2.1688,72.0,1.4,354.9,166.9,0.3481,0
65,2.1688,66.6,2.2,356.9,164.8,0.2413,0
66,2.2022,47.7,2.1,357.8,166.8,0.8198,0
67,2.2356,51.8,1.8,362.6,168.3,0.8687,0
68,2.2689,42.2,2.0,360.4,168.7,0.8798,0
69,2.3023,41.1,1.9,367.2,168.9,0.8206,0
70,2.3357,39.4,2.4,371.3,170.0,0.564,0
71,2.369,45.6,1.8,361.2,167.8,0.5844,0
72,2.4024,31.1,2.1,359.7,169.2,0.7037,0
73,2.4358,76.5,1.1,355.2,166.7,0.1849,0
74,2.4691,96.7,1.3,367.1,166.2,0.8764,0
75,2.5025,93.0,1.4,371.0,165.5,0.7902,0
76,2.5359,69.7,1.7,363.5,165.5,0.8407,0
77,2.5692,34.5,1.4,363.7,167.6,0.7959,0
77,2.5692,26.2,2.0,365.1,171.1,0.6116,0
78,2.6026,118.4,0.8,354.4,164.6,0.8394,0
79,2.636,92.7,1.3,362.5,164.1,0.3184,0
79,2.636,49.9,0.9,366.6,165.5,0.3105,0
80,2.6693,69.4,1.6,361.5,166.3,0.7966,0
81,2.7027,52.2,1.5,365.2,167.6,0.8356,0
82,2.7361,45.7,2.9,364.7,166.2,0.6878,0
83,2.7694,23.2,2.2,361.1,169.6,0.8134,0
84,2.8028,13.4,2.2,359.3,168.8,0.3835,0
85,2.8362,35.1,2.1,357.3,169.8,0.5729,0
86,2.8695,35.6,2.3,360.5,168.6,0.5739,0
86,2.8695,47.8,1.2,357.8,167.0,0.2925,0
87,2.9029,52.0,2.2,371.2,164.7,0.8323,0
88,2.9363,39.2,0.8,375.1,165.4,0.7378,0
88,2.9363,39.5,2.0,374.9,168.3,0.4519,0
89,2.9696,25.3,1.6,359.3,168.1,0.8218,0
90,3.003,63.7,0.9,361.1,165.5,0.8472,0
90,3.003,43.9,1.3,362.2,166.9,0.358,0
91,3.0364,76.9,1.9,369.5,162.8,0.8331,0
92,3.0697,34.6,2.1,358.9,167.5,0.6941,0
93,3.1031,42.5,1.6,357.4,167.8,0.8028,0
94,3.1365,38.8,1.8,360.1,168.4,0.8402,0
95,3.1698,27.1,1.6,365.6,168.8,0.6584,0
95,3.1698,22.4,0.6,362.8,166.6,0.486,0
96,3.2032,38.6,2.4,372.9,168.8,0.5977,0
97,3.2366,31.8,1.9,377.9,166.3,0.5021,0
97,3.2366,41.3,2.0,374.6,169.1,0.1159,0
98,3.2699,45.0,2.5,370.1,166.2,0.755,0
99,3.3033,40.4,0.8,352.7,167.5,0.6302,0
100,3.3367,38.7,2.4,360.4,165.5,0.7236,0
100,3.3367,48.2,1.4,359.2,166.9,0.115,0
101,3.37,36.4,3.7,367.5,165.3,0.8707,0
102,3.4034,64.2,1.1,371.0,166.0,0.928,0
103,3.4368,61.4,0.9,378.4,166.0,0.8205,0
104,3.4701,60.4,2.6,365.4,168.4,0.3963,0
104,3.4701,70.8,1.6,363.7,168.3,0.206,0
105,3.5035,100.4,2.6,364.2,166.5,0.6441,0
106,3.5369,82.4,2.5,357.5,166.5,0.8325,0
107,3.5702,91.7,0.8,357.0,166.1,0.8366,0
108,3.6036,79.6,0.8,354.2,166.3,0.87,0
109,3.637,75.5,2.0,358.1,164.8,0.874,0
110,3.6703,28.3,1.3,364.5,165.4,0.3225,0
110,3.6703,15.8,1.3,362.1,166.8,0.1634,0
111,3.7037,47.5,1.9,359.5,165.2,0.8867,0
112,3.7371,61.0,1.3,358.4,167.4,0.829,0
113,3.7704,58.8,2.2,360.4,166.9,0.8408,0
114,3.8038,62.4,1.8,363.0,165.4,0.6377,0
114,3.8038,110.1,1.0,355.7,166.7,0.3808,0
115,3.8372,87.4,1.7,357.5,166.5,0.7979,0
116,3.8705,102.0,0.8,357.9,166.3,0.7675,0
117,3.9039,35.1,2.3,362.6,170.7,0.3826,0
118,3.9373,28.0,2.2,360.2,169.4,0.5792,0
119,3.9706,28.1,2.2,361.9,168.6,0.7109,0
120,4.004,92.4,2.4,358.7,166.5,0.8697,0
121,4.0374,88.0,2.4,363.9,166.0,0.8272,0
122,4.0707,100.0,1.3,362.6,166.4,0.5643,0
122,4.0707,50.6,2.2,368.3,165.8,0.3819,0
123,4.1041,97.5,6.9,361.2,163.8,0.821,0
124,4.1375,45.1,3.4,363.0,165.4,0.8442,0
125,4.1708,105.9,2.8,359.5,166.6,0.8047,0
126,4.2042,109.9,0.6,360.1,166.3,0.8969,0
127,4.2376,112.5,0.8,354.0,168.7,0.7485,0
128,4.2709,103.4,1.2,355.7,166.4,0.7726,0
129,4.3043,95.2,0.7,364.7,167.1,0.7518,0
129,4.3043,47.2,1.7,368.5,166.9,0.7056,0
130,4.3377,97.0,0.6,366.6,167.5,0.7938,0
131,4.371,53.1,2.7,373.0,165.7,0.5125,0
131,4.371,81.2,1.8,372.0,168.3,0.3641,0
132,4.4044,62.4,1.8,377.5,166.5,0.897,0
133,4.4378,60.4,2.0,375.9,167.1,0.734,0
134,4.4711,102.7,1.7,370.8,167.8,0.8646,0
135,4.5045,107.6,0.8,363.7,167.9,0.8608,0
136,4.5379,111.5,0.8,362.4,166.3,0.7907,0
137,4.5712,58.9,1.2,364.7,166.2,0.8539,0
138,4.6046,44.0,1.4,364.9,170.1,0.7088,0
138,4.6046,86.4,0.5,363.6,166.3,0.4428,0
139,4.638,67.3,2.1,367.1,166.4,0.6718,0
139,4.638,36.9,2.2,366.3,172.4,0.4026,0
140,4.6713,76.1,1.9,368.4,166.6,0.816,0
141,4.7047,103.2,0.6,371.4,166.0,0.8865,0
142,4.7381,110.3,0.8,380.4,164.4,0.8838,0
143,4.7714,99.9,1.2,382.6,165.0,0.8889,0
144,4.8048,97.8,0.7,387.3,166.2,0.8534,0
145,4.8382,93.2,0.6,389.2,165.6,0.8814,0
146,4.8715,72.3,0.2,382.2,165.0,0.7992,0
146,4.8715,36.9,2.0,382.7,168.7,0.2054,0
147,4.9049,63.4,0.6,384.2,163.4,0.352,0
147,4.9049,58.8,0.9,381.7,166.0,0.3139,0
148,4.9383,53.3,1.0,374.8,165.4,0.2657,0
149,4.9716,72.5,0.7,375.2,164.4,0.5608,0
149,4.9716,14.0,2.1,373.6,169.3,0.3514,0
150,5.005,27.1,1.0,367.7,170.5,0.372,0
150,5.005,32.9,0.5,369.7,167.1,0.11,0
151,5.0384,17.0,1.0,363.9,167.5,0.5826,0
152,5.0717,71.8,0.6,373.2,166.0,0.592,0
153,5.1051,106.0,0.6,370.9,165.0,0.8304,0
154,5.1385,107.4,0.6,361.9,166.1,0.8058,0
154,5.1385,52.5,1.8,371.5,165.8,0.12,0
155,5.1718,105.9,0.8,358.9,165.2,0.7218,0
156,5.2052,93.2,0.8,362.6,165.1,0.6702,0
157,5.2386,40.4,1.9,367.1,166.3,0.8459,0
158,5.2719,36.7,1.7,366.8,171.9,0.629,0
159,5.3053,37.3,1.5,377.0,178.1,0.3857,0
160,5.3387,94.5,2.1,376.0,165.9,0.8972,0
161,5.372,89.1,0.7,378.7,163.5,0.7944,0
162,5.4054,104.4,1.9,373.4,163.4,0.8361,0
163,5.4388,66.8,0.6,373.6,164.0,0.8198,0
164,5.4721,22.3,1.9,364.8,172.3,0.7556,0
165,5.5055,56.1,1.0,366.2,167.3,0.7428,0
166,5.5389,113.2,0.5,377.6,163.3,0.895,0
167,5.5722,101.5,0.6,385.1,162.7,0.8052,0
168,5.6056,98.8,0.3,366.9,165.2,0.756,0
169,5.639,65.6,1.1,375.5,165.2,0.689,0
170,5.6723,100.5,2.2,365.8,165.5,0.7382,0
171,5.7057,98.8,0.3,360.8,166.0,0.7444,0
172,5.7391,110.5,2.1,351.2,166.8,0.8169,0
173,5.7724,108.4,2.2,354.5,166.7,0.8234,0
173,5.7724,62.1,2.7,360.7,165.1,0.4339,0
174,5.8058,55.0,0.6,359.5,166.8,0.8203,0
175,5.8392,95.3,0.4,365.7,165.3,0.8299,0
175,5.8392,30.7,1.2,367.1,170.9,0.1507,0
176,5.8725,104.0,0.5,371.3,164.8,0.8998,0
177,5.9059,90.1,1.7,371.5,165.3,0.8482,0
178,5.9393,88.7,1.3,369.0,165.7,0.8557,0
179,5.9726,78.2,1.3,376.2,164.8,0.9055,0
180,6.006,55.3,1.1,381.1,164.6,0.8496,0
181,6.0394,53.8,0.6,368.8,166.2,0.88,0
182,6.0727,52.6,1.4,353.2,166.0,0.8317,0
183,6.1061,90.0,3.5,363.8,163.8,0.4109,0
184,6.1395,95.3,0.9,360.8,165.2,0.3426,0
184,6.1395,83.8,0.9,365.0,166.4,0.3226,0
185,6.1728,64.7,0.9,367.1,166.9,0.8694,0
186,6.2062,30.7,1.5,361.2,166.9,0.8918,0
187,6.2396,69.6,1.2,363.4,167.0,0.8124,0
188,6.2729,85.9,3.2,366.9,164.6,0.8375,0
189,6.3063,72.9,0.4,371.0,165.7,0.7432,0
190,6.3397,101.8,2.2,367.1,164.8,0.8109,0
191,6.373,92.4,0.5,359.7,166.1,0.8439,0
192,6.4064,97.1,0.4,357.2,165.9,0.6589,0
192,6.4064,54.0,0.9,362.3,166.4,0.1248,0
193,6.4398,24.7,1.7,363.3,167.5,0.7769,0
194,6.4731,89.0,2.3,365.5,167.0,0.414,0
194,6.4731,41.9,3.1,371.5,168.7,0.1977,0
195,6.5065,31.4,2.5,362.6,168.3,0.7766,0
196,6.5399,63.9,1.5,370.6,165.6,0.834,0
197,6.5732,76.6,1.1,376.3,166.1,0.5152,0
197,6.5732,62.4,1.7,377.6,166.4,0.1911,0
198,6.6066,56.5,0.9,377.8,168.6,0.8474,0
199,6.64,93.7,1.2,381.9,165.9,0.4338,0
199,6.64,50.1,2.3,372.2,168.6,0.1637,0
200,6.6733,45.1,2.6,373.1,168.2,0.224,0
200,6.6733,79.9,1.1,373.7,165.3,0.1363,0
201,6.7067,60.5,0.4,377.4,165.6,0.4995,0
201,6.7067,84.6,1.3,376.8,165.3,0.1245,0
202,6.7401,69.0,1.6,373.9,165.6,0.4209,0
203,6.7734,23.6,2.7,382.4,169.1,0.6336,0
204,6.8068,95.3,1.0,381.1,164.6,0.4308,0
204,6.8068,81.9,2.2,381.6,164.5,0.1708,0
205,6.8402,96.5,1.0,379.8,165.4,0.4198,0
205,6.8402,81.6,1.9,379.7,164.8,0.178,0
206,6.8735,93.8,1.3,370.5,166.7,0.8388,0
207,6.9069,32.3,2.4,362.2,166.6,0.6091,0
207,6.9069,94.4,2.7,356.1,167.3,0.3648,0
208,6.9403,42.0,2.5,371.0,167.5,0.7954,0
209,6.9736,32.0,2.1,363.4,166.9,0.6836,0
210,7.007,93.0,1.3,366.8,166.8,0.8151,0
211,7.0404,88.3,0.6,372.4,166.0,0.8706,0
212,7.0737,103.3,1.8,355.0,165.2,0.8533,0
212,7.0737,19.1,1.9,357.3,168.5,0.2047,0
213,7.1071,95.0,1.8,362.7,165.6,0.7931,0
213,7.1071,23.8,2.4,371.1,165.6,0.4841,0
214,7.1405,71.7,1.0,370.3,163.7,0.6962,0
214,7.1405,11.7,1.4,374.6,165.8,0.1028,0
214,7.1405,17.5,1.4,369.5,169.5,0.1003,0
215,7.1738,80.3,2.7,376.6,163.6,0.6447,0
215,7.1738,57.4,3.3,377.8,162.9,0.1574,0
216,7.2072,86.4,2.9,368.7,164.4,0.8091,0
217,7.2406,50.8,4.3,374.7,164.4,0.8215,0
218,7.2739,83.6,0.5,379.4,165.9,0.8015,0
219,7.3073,60.5,1.3,385.8,163.2,0.8002,0
220,7.3407,103.7,2.7,384.1,162.9,0.7996,0
221,7.374,87.8,1.2,376.6,163.5,0.8593,0
222,7.4074,73.2,0.7,373.1,163.9,0.6487,0
222,7.4074,25.1,1.9,378.4,170.3,0.1491,0
223,7.4408,73.1,1.0,380.9,163.5,0.6501,0
223,7.4408,42.1,2.3,373.4,172.5,0.1291,0
224,7.4741,97.2,0.2,365.9,165.8,0.7622,0
225,7.5075,34.3,2.3,371.1,168.6,0.652,0
226,7.5409,94.1,0.9,370.1,165.2,0.8804,0
227,7.5742,91.8,0.8,368.2,166.3,0.8549,0
228,7.6076,53.3,1.3,364.1,166.6,0.3969,0
229,7.641,68.4,1.2,362.5,166.2,0.8544,0
230,7.6743,64.9,1.3,361.7,166.0,0.854,0
231,7.7077,50.8,1.1,363.9,166.6,0.5223,0
231,7.7077,32.8,1.5,361.8,168.0,0.4878,0
232,7.7411,101.5,1.7,363.6,165.9,0.8031,0
233,7.7744,81.9,0.8,371.1,165.9,0.8419,0
234,7.8078,99.6,1.5,368.7,166.0,0.8454,0
235,7.8412,51.0,1.7,362.4,166.1,0.7542,0
235,7.8412,109.7,0.7,353.5,166.4,0.7109,0
236,7.8745,91.9,0.7,353.5,166.5,0.7954,0
237,7.9079,71.3,1.0,360.0,166.2,0.7641,0
238,7.9413,32.4,1.8,367.3,168.1,0.8371,0
239,7.9746,45.3,1.6,370.4,174.6,0.5484,0
240,8.008,58.4,2.5,356.8,168.5,0.3626,0
241,8.0414,103.0,1.3,358.2,165.8,0.8752,0
242,8.0747,24.9,1.7,363.4,167.6,0.5778,0
242,8.0747,19.2,2.7,367.3,174.8,0.4338,0
242,8.0747,3.5,2.0,365.7,167.3,0.1478,0
243,8.1081,33.0,1.8,364.6,171.2,0.4162,0
244,8.1415,49.7,1.5,368.8,166.3,0.8303,0
245,8.1748,96.7,3.9,354.2,166.3,0.6162,0
246,8.2082,31.8,2.6,354.0,166.6,0.4777,0
247,8.2416,13.4,2.2,362.1,167.1,0.678,0
248,8.2749,120.1,1.0,359.4,164.5,0.3235,0
248,8.2749,121.9,0.7,357.3,166.7,0.3086,0
249,8.3083,107.2,1.7,365.9,167.9,0.8957,0
250,8.3417,100.3,1.4,352.7,168.8,0.7179,0
251,8.375,100.2,0.7,358.2,167.6,0.8445,0
252,8.4084,42.5,1.5,360.0,169.6,0.7328,0
253,8.4418,42.9,1.4,356.3,168.3,0.6997,0
254,8.4751,41.1,1.5,357.2,168.1,0.7857,0
255,8.5085,117.5,0.6,352.7,165.7,0.8168,0
256,8.5419,112.6,0.7,353.8,167.3,0.8485,0
257,8.5752,121.7,1.5,367.5,165.8,0.8586,0
258,8.6086,110.5,0.8,363.6,164.6,0.8399,0
259,8.642,96.1,0.8,365.7,165.9,0.809,0
260,8.6753,78.3,1.3,359.5,168.4,0.5035,0
261,8.7087,66.4,0.8,364.0,167.5,0.7394,0
262,8.7421,38.3,1.5,362.8,168.7,0.6069,0
262,8.7421,94.4,0.5,359.7,167.6,0.4848,0
263,8.7754,44.9,0.6,366.3,169.6,0.3634,0
263,8.7754,41.7,1.4,369.2,167.5,0.1734,0
264,8.8088,37.2,1.5,356.7,169.4,0.5636,0
265,8.8422,98.6,1.1,366.4,168.1,0.5457,0
265,8.8422,78.0,2.0,368.2,166.7,0.2412,0
266,8.8755,53.6,2.1,374.5,165.7,0.3191,0
266,8.8755,75.9,1.5,373.8,166.7,0.1987,0
267,8.9089,100.5,0.5,371.8,166.3,0.8655,0
268,8.9423,111.6,0.6,351.9,167.1,0.8366,0
269,8.9756,64.6,1.1,348.0,168.9,0.7726,0
270,9.009,86.6,1.9,351.1,166.3,0.6316,0
271,9.0424,114.4,0.1,349.3,167.1,0.8426,0
272,9.0757,33.3,1.6,356.5,169.0,0.6518,0
272,9.0757,105.7,0.6,350.0,167.3,0.5318,0
273,9.1091,110.5,0.5,356.2,166.4,0.8816,0
274,9.1425,76.9,1.0,355.3,169.7,0.6755,0
275,9.1758,75.3,0.9,356.4,168.9,0.4988,0
275,9.1758,103.6,1.1,352.5,168.1,0.303,0
276,9.2092,63.9,0.9,360.9,166.0,0.7934,0
277,9.2426,108.0,0.1,357.9,164.8,0.8556,0
278,9.2759,44.5,1.4,365.9,168.3,0.8262,0
279,9.3093,82.9,0.2,368.8,168.3,0.8369,0
279,9.3093,45.4,1.1,371.4,168.7,0.4355,0
280,9.3427,102.9,0.6,359.1,167.2,0.8431,0
281,9.376,42.7,1.5,364.2,166.6,0.6694,0
281,9.376,101.7,0.8,356.9,166.7,0.1832,0
282,9.4094,29.7,2.0,370.1,167.3,0.6393,0
282,9.4094,94.0,1.0,365.4,167.5,0.4226,0
283,9.4428,110.4,1.2,351.4,167.0,0.1686,0
284,9.4761,110.8,1.5,353.3,166.3,0.8384,0
285,9.5095,,,,,,
286,9.5429,101.4,1.1,360.2,166.5,0.6137,0
286,9.5429,108.8,0.5,358.8,167.2,0.1303,0
287,9.5762,97.8,1.5,364.7,167.4,0.7548,0
288,9.6096,4.3,0.9,370.6,168.8,0.5899,0
289,9.643,37.9,1.7,370.8,167.7,0.8561,0
290,9.6763,60.6,1.3,378.4,165.8,0.6905,0
290,9.6763,16.1,1.6,380.6,166.4,0.4833,0
290,9.6763,22.7,1.1,364.0,171.6,0.2225,0
291,9.7097,19.2,1.8,362.8,168.2,0.7007,0
292,9.7431,98.9,1.7,362.4,166.3,0.8018,0
292,9.7431,41.9,2.3,369.6,165.9,0.4344,0
293,9.7764,42.2,1.6,360.7,166.4,0.8678,0
294,9.8098,47.8,0.9,358.5,165.3,0.6747,0
295,9.8432,104.1,1.5,354.6,165.9,0.7156,0
296,9.8765,40.2,1.7,357.9,168.5,0.6774,0
296,9.8765,58.8,1.4,357.5,167.7,0.2841,0
297,9.9099,103.8,1.3,361.0,164.4,0.8032,0
298,9.9433,110.5,1.3,362.4,164.7,0.8297,0
299,9.9766,85.5,2.0,363.8,164.7,0.2363,0
299,9.9766,100.2,0.8,361.9,166.3,0.1555,0
300,10.01,100.9,1.2,360.6,167.2,0.7398,0
301,10.0434,42.2,1.4,362.5,168.8,0.681,0
302,10.0767,28.4,1.6,367.7,165.5,0.6409,0
303,10.1101,54.6,1.5,363.1,166.3,0.8419,0
304,10.1435,95.6,1.8,362.2,164.6,0.7096,0
305,10.1768,107.2,0.7,353.9,166.5,0.2596,0
305,10.1768,87.5,1.3,355.9,164.2,0.2131,0
305,10.1768,34.2,1.4,357.1,168.2,0.1262,0
306,10.2102,120.9,1.1,350.3,164.9,0.8447,0
307,10.2436,94.7,1.5,353.4,166.1,0.5828,0
308,10.2769,61.3,2.2,362.0,169.4,0.8261,0
309,10.3103,106.1,0.9,363.0,167.3,0.873,0
310,10.3437,109.8,0.7,364.3,165.8,0.8484,0
311,10.377,56.2,3.0,361.6,165.9,0.8372,0
312,10.4104,110.5,0.6,362.1,165.2,0.8249,0
313,10.4438,50.2,1.7,368.5,171.1,0.5533,0
313,10.4438,69.3,1.2,364.9,169.5,0.2598,0
314,10.4771,57.8,1.2,361.5,167.5,0.7472,0
315,10.5105,77.9,0.6,357.9,166.5,0.8014,0
316,10.5439,63.6,1.4,361.7,165.9,0.912,0
317,10.5772,56.0,1.1,353.8,165.6,0.8141,0
318,10.6106,90.0,1.8,355.2,166.0,0.6877,0
319,10.644,69.1,0.8,361.5,167.4,0.863,0
320,10.6773,56.3,3.6,364.6,164.2,0.8838,0
321,10.7107,87.5,1.5,355.9,166.5,0.8692,0
322,10.7441,62.3,2.5,359.4,165.9,0.7788,0
323,10.7774,89.2,1.3,358.9,164.9,0.7199,0
324,10.8108,25.1,2.0,367.4,165.3,0.6872,0
325,10.8442,56.5,2.0,358.0,165.3,0.868,0
326,10.8775,51.9,1.9,355.5,164.9,0.7174,0
327,10.9109,59.8,1.5,355.6,164.5,0.7095,0
328,10.9443,55.7,2.0,360.3,164.2,0.8162,0
329,10.9776,55.0,1.5,357.4,165.2,0.8773,0
329,10.9776,38.5,2.1,358.9,166.7,0.5211,0
330,11.011,25.6,1.7,364.8,168.1,0.7741,0
331,11.0444,46.3,1.7,365.3,167.4,0.6839,0
332,11.0777,63.5,2.0,361.2,165.2,0.8429,0
333,11.1111,61.8,0.9,356.4,166.1,0.8462,0
334,11.1445,26.6,3.7,360.9,164.8,0.4829,0
334,11.1445,27.5,2.9,359.6,167.7,0.1829,0
335,11.1778,37.3,1.6,360.7,167.4,0.8342,0
336,11.2112,65.1,1.1,358.2,165.2,0.832,0
337,11.2446,63.2,1.3,361.7,166.8,0.859,0
338,11.2779,101.5,1.5,364.5,168.3,0.8737,0
339,11.3113,85.7,0.9,375.5,165.2,0.8175,0
340,11.3447,104.1,0.8,373.1,164.3,0.7539,0
340,11.3447,299.5,0.3,369.3,165.3,0.1735,0
341,11.378,72.6,3.2,361.2,164.7,0.3421,0
341,11.378,90.5,1.6,358.6,164.9,0.1206,0
342,11.4114,68.3,1.1,362.6,165.9,0.7723,0
343,11.4448,66.9,0.7,377.6,167.6,0.5661,0
344,11.4781,90.3,2.1,389.9,164.5,0.7371,0
345,11.5115,91.6,0.4,367.1,164.7,0.8556,0
346,11.5449,47.0,3.3,376.9,166.5,0.601,0
347,11.5782,38.0,1.9,374.5,167.4,0.7677,0
348,11.6116,54.9,1.8,359.7,165.9,0.8985,0
349,11.645,59.1,1.2,364.3,167.5,0.8767,0
350,11.6783,35.0,1.4,366.6,168.9,0.7125,0
351,11.7117,60.8,0.6,361.3,167.4,0.867,0
352,11.7451,38.0,1.0,363.0,165.5,0.4778,0
352,11.7451,51.0,1.1,361.5,168.3,0.2547,0
353,11.7784,26.9,1.3,367.5,165.0,0.7326,0
354,11.8118,20.3,1.2,361.1,172.9,0.3838,0
354,11.8118,105.2,1.7,355.2,165.3,0.129,0
355,11.8452,115.8,0.9,354.5,164.8,0.8161,0
356,11.8785,104.7,1.6,363.3,164.2,0.8739,0
357,11.9119,78.8,2.0,370.5,163.3,0.8658,0
358,11.9453,38.2,2.3,372.1,165.2,0.7559,0
358,11.9453,55.1,2.3,368.9,167.0,0.1548,0
359,11.9786,110.7,5.7,355.7,164.6,0.8076,0
360,12.012,72.0,0.8,354.7,167.9,0.8162,0
361,12.0454,109.2,3.2,354.0,166.7,0.7924,0
362,12.0787,108.2,1.9,362.7,164.3,0.9037,0
363,12.1121,112.6,2.0,361.7,165.3,0.5766,0
363,12.1121,108.6,2.8,363.1,163.4,0.1999,0
364,12.1455,80.2,2.1,360.0,165.4,0.7901,0
365,12.1788,54.9,1.2,357.8,165.7,0.8569,0
366,12.2122,103.2,1.7,356.6,164.0,0.801,0
367,12.2456,57.6,0.7,367.8,166.2,0.6567,0
368,12.2789,91.4,3.5,363.6,166.5,0.1737,0
369,12.3123,23.9,1.8,356.0,169.3,0.7888,0
370,12.3457,87.6,1.3,353.7,168.1,0.7342,0
370,12.3457,60.1,2.2,357.5,166.0,0.2152,0
371,12.379,99.0,0.6,354.9,167.9,0.5474,0
371,12.379,90.5,1.0,357.4,165.6,0.2924,0
372,12.4124,36.4,4.9,363.8,165.0,0.8009,0
373,12.4458,58.0,2.0,365.2,167.8,0.7561,0
374,12.4791,37.5,2.0,357.0,169.2,0.7028,0
375,12.5125,28.0,2.0,361.2,168.1,0.7455,0
376,12.5459,43.7,1.5,360.4,165.6,0.7488,0
376,12.5459,32.7,1.7,359.9,166.5,0.638,0
377,12.5792,116.5,1.5,365.2,162.6,0.8345,0
378,12.6126,79.9,2.6,359.1,165.1,0.7701,0
379,12.646,36.4,2.6,366.2,164.9,0.268,0
380,12.6793,66.7,1.3,364.1,166.5,0.4867,0
381,12.7127,34.8,2.5,359.0,164.2,0.7574,0
381,12.7127,61.0,1.9,357.2,165.6,0.1308,0
382,12.7461,78.6,2.1,367.3,164.6,0.86,0
383,12.7794,51.3,4.0,375.3,164.3,0.6827,0
383,12.7794,67.8,3.1,374.3,166.3,0.2493,0
384,12.8128,14.5,2.9,374.7,168.8,0.62,0
385,12.8462,16.7,2.8,371.1,166.7,0.7466,0
386,12.8795,44.9,2.3,357.2,168.8,0.7136,0
387,12.9129,77.7,1.1,352.2,167.5,0.8685,0
388,12.9463,36.1,1.1,359.0,169.9,0.7758,0
388,12.9463,58.8,0.7,359.6,166.9,0.5931,0
389,12.9796,87.6,1.1,368.0,165.6,0.666,0
389,12.9796,31.1,2.1,370.8,170.7,0.132,0
390,13.013,32.7,1.8,363.1,173.1,0.5565,0
391,13.0464,49.1,3.3,360.7,168.3,0.8609,0
392,13.0797,101.3,1.9,358.9,164.5,0.5457,0
392,13.0797,111.3,1.0,356.9,167.4,0.1466,0
393,13.1131,108.5,0.0,361.4,165.3,0.8596,0
394,13.1465,111.5,3.1,359.3,165.1,0.818,0
395,13.1798,110.0,0.7,354.2,164.5,0.7891,0
396,13.2132,30.2,2.8,370.2,167.8,0.7154,0
396,13.2132,80.5,3.0,367.2,166.6,0.199,0
397,13.2466,93.6,1.1,362.5,166.8,0.1674,0
397,13.2466,67.1,1.5,364.2,167.9,0.1058,0
398,13.2799,70.7,0.5,367.2,166.0,0.7976,0
399,13.3133,98.9,1.3,366.6,167.0,0.8209,0
400,13.3467,4.6,1.7,373.8,168.6,0.8373,0
401,13.38,27.5,2.5,367.3,168.2,0.8127,0
402,13.4134,62.3,0.7,370.4,166.7,0.8416,0
403,13.4468,106.8,0.8,360.5,165.3,0.4021,0
403,13.4468,99.0,2.1,361.9,163.7,0.2448,0
404,13.4801,81.5,1.9,367.8,164.9,0.562,0
405,13.5135,34.0,1.8,373.2,166.1,0.8077,0
406,13.5469,90.1,1.3,373.4,166.2,0.8894,0
407,13.5802,52.0,1.9,378.1,167.6,0.8184,0
408,13.6136,50.8,2.2,362.6,169.2,0.6695,0
409,13.647,49.9,2.1,362.0,169.0,0.8529,0
410,13.6803,45.2,1.3,362.0,167.5,0.8412,0
411,13.7137,71.0,0.7,363.3,167.5,0.5783,0
411,13.7137,52.7,1.3,365.7,166.4,0.1254,0
412,13.7471,48.7,2.4,369.3,167.5,0.8894,0
413,13.7804,49.1,1.9,358.2,169.2,0.8554,0
414,13.8138,86.5,1.2,356.6,168.6,0.863,0
415,13.8472,93.4,1.3,358.6,166.7,0.756,0
416,13.8805,108.2,0.9,347.3,166.3,0.7337,0
416,13.8805,23.7,2.1,353.8,168.7,0.422,0
417,13.9139,107.0,0.5,346.9,165.4,0.428,0
417,13.9139,69.7,0.8,351.3,166.1,0.2475,0
418,13.9473,62.7,1.2,355.8,165.8,0.8085,0
419,13.9806,57.1,1.4,359.6,166.5,0.8655,0
420,14.014,49.2,1.4,363.2,167.6,0.8539,0
421,14.0474,58.7,2.4,370.6,166.7,0.8129,0
422,14.0807,55.1,2.4,375.3,167.2,0.7511,0
423,14.1141,49.7,2.7,374.0,169.0,0.7106,0
424,14.1475,29.1,2.5,369.6,168.3,0.7226,0
425,14.1808,79.4,2.3,369.6,165.6,0.7335,0
425,14.1808,63.5,4.1,371.0,165.0,0.1269,0
426,14.2142,44.8,2.4,376.4,165.4,0.8376,0
427,14.2476,42.2,4.1,396.4,165.4,0.8114,0
427,14.2476,49.0,3.0,389.3,169.0,0.4067,0
428,14.2809,43.0,2.5,377.7,172.7,0.5353,0
429,14.3143,55.0,2.1,367.5,165.8,0.8552,0
430,14.3477,47.5,2.3,371.8,166.4,0.611,0
431,14.381,33.9,2.2,373.6,166.8,0.7854,0
432,14.4144,25.8,1.4,364.3,166.9,0.4723,0
432,14.4144,38.4,1.4,367.6,170.0,0.4035,0
433,14.4478,34.9,0.8,365.9,166.5,0.7889,0
434,14.4811,53.1,1.5,362.5,164.4,0.8005,0
435,14.5145,57.5,1.2,359.9,166.8,0.7854,0
436,14.5479,66.0,0.3,362.9,167.7,0.7029,0
437,14.5812,99.4,1.0,365.2,166.6,0.7087,0
438,14.6146,40.3,2.0,372.8,167.8,0.3334,0
439,14.648,39.6,1.7,364.3,166.2,0.8108,0
440,14.6813,37.8,2.9,362.8,165.4,0.8034,0
441,14.7147,33.2,2.9,363.2,167.6,0.7525,0
442,14.7481,18.4,1.3,358.5,167.8,0.3889,0
443,14.7814,101.2,2.4,357.8,164.1,0.5702,0
444,14.8148,66.8,1.2,370.4,164.7,0.6622,0
444,14.8148,25.8,1.9,372.8,167.7,0.105,0
445,14.8482,29.2,1.5,376.5,167.4,0.7262,0
445,14.8482,38.0,2.3,384.9,172.1,0.5087,0
446,14.8815,21.6,2.6,365.9,174.1,0.2561,0
447,14.9149,42.0,3.1,371.8,172.8,0.4231,0
448,14.9483,43.0,2.4,370.6,169.7,0.3476,0
448,14.9483,49.0,2.1,365.0,166.3,0.3239,0
449,14.9816,46.4,3.3,373.7,166.1,0.5829,0
450,15.015,88.2,3.9,377.7,164.8,0.6355,0
451,15.0484,,,,,,
452,15.0817,43.1,3.0,371.9,173.0,0.285,0
453,15.1151,43.1,2.3,372.1,169.6,0.1447,0
454,15.1485,50.6,2.2,370.3,167.9,0.2598,0
454,15.1485,66.0,1.4,368.9,167.1,0.2432,0
455,15.1818,59.0,2.5,365.8,166.1,0.7759,0
456,15.2152,56.8,1.9,360.6,169.4,0.7901,0
456,15.2152,48.2,3.2,362.1,171.1,0.1825,0
457,15.2486,41.5,1.6,359.9,176.8,0.7731,0
458,15.2819,58.5,0.9,358.3,168.6,0.8001,0
459,15.3153,34.0,2.3,361.9,166.8,0.7904,0
459,15.3153,62.0,2.1,360.2,168.6,0.1793,0
460,15.3487,102.6,1.9,371.7,164.7,0.8369,0
461,15.382,75.0,1.2,369.9,165.6,0.742,0
462,15.4154,39.5,2.3,360.2,169.2,0.6793,0
463,15.4488,42.1,2.7,361.2,168.5,0.3953,0
464,15.4821,94.6,0.8,354.7,165.5,0.6862,0
465,15.5155,83.6,1.0,362.1,166.5,0.3488,0
466,15.5489,76.0,1.2,359.8,166.1,0.3763,0
466,15.5489,69.7,2.1,361.7,164.9,0.218,0
467,15.5822,64.5,1.0,355.4,166.9,0.8984,0
468,15.6156,60.1,1.0,356.1,164.8,0.7234,0
469,15.649,94.7,2.4,354.9,164.5,0.8952,0
470,15.6823,67.0,1.8,355.8,166.8,0.8136,0
471,15.7157,44.5,2.8,357.0,166.0,0.8124,0
472,15.7491,48.1,0.4,356.4,166.6,0.7813,0
473,15.7824,61.8,0.7,358.9,166.4,0.6317,0
474,15.8158,95.1,0.3,361.7,165.5,0.7721,0
475,15.8492,69.0,0.8,373.2,164.3,0.5844,0
476,15.8825,98.7,0.6,376.2,168.2,0.7443,0
477,15.9159,56.7,1.4,371.5,168.9,0.7084,0
478,15.9493,40.1,2.5,355.9,168.8,0.692,0
478,15.9493,70.8,1.4,354.1,166.9,0.5897,0
479,15.9826,30.9,2.6,366.9,166.9,0.7442,0
480,16.016,97.0,1.0,372.7,166.2,0.8559,0
481,16.0494,115.8,3.3,359.1,164.5,0.8612,0
482,16.0827,114.8,0.2,358.0,166.9,0.8213,0
483,16.1161,107.3,1.3,355.6,165.8,0.8619,0
484,16.1495,92.1,1.9,363.2,164.2,0.6886,0
485,16.1828,90.3,0.6,367.3,165.2,0.8113,0
486,16.2162,111.9,1.1,359.6,165.4,0.8623,0
487,16.2496,98.8,0.8,359.4,164.8,0.773,0
488,16.2829,78.7,1.8,355.8,164.2,0.8552,0
488,16.2829,104.6,1.6,350.3,165.5,0.5615,0
489,16.3163,108.7,3.1,352.8,165.0,0.6201,0
489,16.3163,36.7,2.5,358.9,167.7,0.3906,0
490,16.3497,97.2,4.6,354.0,163.6,0.8342,0
491,16.383,8.7,2.6,363.8,169.2,0.588,0
492,16.4164,19.9,1.9,363.5,173.7,0.7439,0
493,16.4498,20.5,2.4,373.5,173.8,0.7688,0
494,16.4831,0.0,0.6,369.4,168.1,0.4837,0
495,16.5165,82.2,0.8,362.5,166.5,0.7869,0
495,16.5165,5.4,1.6,367.6,165.9,0.1151,0
496,16.5499,102.8,1.0,353.9,167.8,0.83,0
496,16.5499,37.1,1.8,361.3,166.4,0.1027,0
497,16.5832,52.7,0.8,361.7,168.1,0.7177,0
498,16.6166,66.4,0.8,357.0,167.3,0.42,0
498,16.6166,47.2,1.7,358.6,165.8,0.3182,0
499,16.65,97.4,2.8,355.8,164.4,0.7822,0
500,16.6833,91.7,1.8,363.9,165.5,0.892,0
500,16.6833,31.2,75.2,79.4,179.9,0.4106,0
501,16.7167,118.7,0.8,359.4,165.5,0.9066,0
502,16.7501,89.3,1.4,356.0,165.6,0.8551,0
503,16.7834,51.2,1.8,358.4,165.4,0.8523,0
504,16.8168,57.8,0.8,363.1,166.9,0.8866,0
505,16.8502,88.3,0.8,365.4,167.8,0.8543,0
506,16.8835,72.1,0.9,354.7,168.2,0.9208,0
507,16.9169,77.3,0.8,362.5,164.9,0.8969,0
508,16.9503,66.4,1.2,360.4,165.9,0.8621,0
509,16.9836,63.8,0.6,362.0,166.9,0.8696,0
510,17.017,103.9,0.7,361.5,163.8,0.8991,0
511,17.0504,108.5,1.0,366.9,163.8,0.8972,0
512,17.0837,76.0,0.6,372.8,166.1,0.6413,0
512,17.0837,36.4,1.4,374.1,167.7,0.4444,0
513,17.1171,104.1,1.6,354.5,166.0,0.8315,0
514,17.1505,103.6,0.9,359.0,165.7,0.8549,0
515,17.1838,105.8,1.6,358.9,165.8,0.8185,0
516,17.2172,96.6,0.3,368.8,165.5,0.8243,0
517,17.2506,45.7,5.3,358.6,165.0,0.6184,0
518,17.2839,58.9,0.8,353.4,167.1,0.7391,0
519,17.3173,36.3,0.6,362.5,166.8,0.7566,0
520,17.3507,80.8,2.3,368.9,164.9,0.8797,0
521,17.384,52.2,1.2,358.6,167.9,0.6704,0
522,17.4174,47.9,0.7,360.3,166.3,0.8585,0
522,17.4174,33.4,1.1,363.5,170.4,0.7204,0
523,17.4508,55.3,1.1,372.0,166.8,0.7883,0
524,17.4841,81.7,0.5,370.1,164.7,0.4053,0
524,17.4841,82.7,0.6,374.7,165.4,0.1014,0
525,17.5175,96.6,0.8,358.8,166.4,0.8956,0
526,17.5509,87.5,1.2,363.9,166.4,0.7747,0
527,17.5842,72.5,0.8,378.0,166.7,0.7884,0
528,17.6176,86.0,1.3,390.7,166.5,0.8173,0
529,17.651,107.0,1.4,365.4,165.8,0.8438,0
530,17.6843,92.1,0.9,365.6,166.4,0.9114,0
531,17.7177,107.3,1.0,368.5,165.7,0.9209,0
532,17.7511,105.3,1.5,356.2,166.4,0.7872,0
533,17.7844,49.8,4.0,365.4,165.2,0.5604,0
534,17.8178,40.0,1.2,373.1,174.9,0.7139,0
534,17.8178,31.8,0.6,369.0,166.1,0.3048,0
535,17.8512,77.1,1.0,360.4,165.1,0.7936,0
536,17.8845,26.0,1.4,369.6,166.2,0.8275,0
537,17.9179,56.9,2.1,365.6,167.6,0.8555,0
537,17.9179,45.5,2.1,368.2,170.1,0.822,0
538,17.9513,66.2,1.5,372.1,166.1,0.5426,0
538,17.9513,47.6,1.2,374.1,165.2,0.1774,0
539,17.9846,83.6,0.9,371.4,162.8,0.6329,0
539,17.9846,47.5,1.8,367.8,168.6,0.1212,0
540,18.018,65.4,1.4,374.8,166.1,0.4991,0
540,18.018,48.9,2.2,376.4,167.8,0.124,0
541,18.0514,30.6,2.2,362.6,170.0,0.1719,0
542,18.0847,86.2,2.2,374.9,163.4,0.6959,0
543,18.1181,77.9,0.7,378.6,163.7,0.8418,0
544,18.1515,61.5,1.4,373.4,164.9,0.7371,0
545,18.1848,93.1,2.4,376.0,163.5,0.7767,0
546,18.2182,116.0,1.7,351.5,164.3,0.8473,0
547,18.2516,42.4,1.8,360.4,170.7,0.7155,0
548,18.2849,43.9,1.3,365.4,167.8,0.8127,0
549,18.3183,58.0,0.9,370.7,164.5,0.3432,0
549,18.3183,47.2,0.9,370.9,166.6,0.1386,0
550,18.3517,44.3,2.0,362.2,169.3,0.8811,0
551,18.385,56.7,1.1,364.0,169.8,0.8905,0
552,18.4184,46.7,1.8,370.7,167.8,0.8605,0
552,18.4184,56.9,0.4,367.9,170.2,0.1198,0
553,18.4518,82.4,2.9,364.3,166.1,0.4794,0
554,18.4851,107.1,0.1,363.8,168.0,0.9148,0
555,18.5185,59.7,0.9,366.0,167.2,0.7174,0
555,18.5185,34.4,0.8,368.8,167.0,0.1437,0
556,18.5519,54.2,1.4,360.0,166.9,0.769,0
557,18.5852,78.1,1.7,375.8,168.1,0.785,0
558,18.6186,78.6,0.9,378.6,169.1,0.8598,0
559,18.652,73.0,1.5,356.1,166.7,0.8807,0
560,18.6853,71.1,1.6,366.5,166.6,0.7998,0
561,18.7187,47.1,1.1,370.9,168.0,0.8156,0
562,18.7521,85.9,3.9,362.0,165.3,0.7818,0
563,18.7854,90.1,3.7,369.3,164.5,0.8314,0
564,18.8188,35.9,2.8,369.2,166.8,0.468,0
564,18.8188,39.8,2.6,368.8,170.9,0.234,0
565,18.8522,78.5,2.2,360.5,166.1,0.8206,0
566,18.8855,54.1,1.6,357.5,169.7,0.7876,0
567,18.9189,57.8,0.7,359.9,167.5,0.8279,0
567,18.9189,39.1,1.4,360.7,171.6,0.1127,0
568,18.9523,94.6,0.4,368.4,166.4,0.8606,0
569,18.9856,34.2,3.9,375.2,168.0,0.7101,0
570,19.019,34.6,2.6,371.7,174.9,0.6897,0
571,19.0524,17.2,2.9,368.8,173.6,0.6702,0
571,19.0524,29.9,2.4,363.7,166.8,0.1689,0
572,19.0857,91.7,1.0,368.3,165.7,0.7457,0
572,19.0857,22.9,2.0,370.0,172.2,0.3172,0
573,19.1191,29.1,2.1,359.3,175.5,0.4605,0
574,19.1525,85.8,1.3,367.1,166.9,0.7384,0
575,19.1858,50.1,3.2,371.9,169.3,0.5313,0
575,19.1858,75.6,1.9,371.0,168.0,0.1956,0
576,19.2192,91.9,1.6,369.0,166.5,0.8079,0
577,19.2526,94.0,1.1,359.4,165.3,0.4879,0
577,19.2526,56.5,1.1,364.7,166.3,0.2419,0
578,19.2859,56.2,1.5,363.4,166.8,0.8019,0
578,19.2859,40.7,2.0,365.7,170.8,0.1736,0
579,19.3193,50.8,2.0,364.2,170.1,0.7595,0
579,19.3193,39.6,2.2,368.6,175.1,0.6975,0
580,19.3527,35.8,1.8,374.9,175.5,0.6524,0
580,19.3527,33.4,0.8,365.9,170.7,0.1464,0
581,19.386,32.7,2.7,371.0,170.6,0.6349,0
581,19.386,68.3,1.4,369.1,168.4,0.3818,0
582,19.4194,65.9,0.7,367.0,169.7,0.8125,0
583,19.4528,29.0,1.3,366.5,167.3,0.8534,0
584,19.4861,51.6,3.0,370.0,167.4,0.7691,0
585,19.5195,91.9,2.4,364.3,164.6,0.4291,0
585,19.5195,93.2,1.3,363.6,166.6,0.1855,0
586,19.5529,89.1,2.2,364.0,166.9,0.8119,0
587,19.5862,51.2,2.5,358.2,169.9,0.462,0
588,19.6196,96.1,0.6,359.9,168.1,0.8226,0
589,19.653,84.9,2.2,358.0,167.1,0.438,0
589,19.653,37.5,2.5,359.0,170.2,0.3385,0
590,19.6863,53.1,1.0,363.9,168.6,0.57,0
590,19.6863,38.9,1.9,364.3,168.8,0.4193,0
591,19.7197,49.2,1.7,356.7,168.2,0.7778,0
591,19.7197,40.1,2.5,359.5,169.7,0.3694,0
592,19.7531,68.0,1.1,373.6,166.3,0.4444,0
592,19.7531,27.7,2.1,376.9,169.4,0.1847,0
593,19.7864,38.3,2.0,381.2,171.2,0.8285,0
594,19.8198,50.6,1.5,370.7,169.1,0.8529,0
595,19.8532,33.7,1.3,365.4,166.6,0.7627,0
596,19.8865,32.5,1.6,364.2,167.4,0.7821,0
597,19.9199,42.5,1.8,359.8,167.8,0.7124,0
598,19.9533,44.5,2.2,358.3,168.4,0.7423,0
599,19.9866,55.6,1.4,361.6,168.1,0.7447,0
600,20.02,106.6,2.4,353.4,166.1,0.8276,0
601,20.0534,75.8,3.3,357.7,166.6,0.8688,0
602,20.0867,64.5,1.0,358.6,168.5,0.7962,0
603,20.1201,18.7,2.0,368.8,178.8,0.772,0
604,20.1535,50.0,1.8,361.1,172.4,0.6286,0
605,20.1868,40.1,2.4,362.9,173.9,0.6919,0
606,20.2202,18.9,2.0,363.8,168.2,0.7976,0
607,20.2536,56.1,1.3,359.9,169.7,0.7315,0
608,20.2869,107.9,0.6,354.0,166.3,0.402,0
609,20.3203,110.8,1.0,350.0,166.2,0.7098,0
610,20.3537,50.8,1.6,358.3,170.1,0.3025,0
610,20.3537,74.4,1.3,355.1,166.5,0.2773,0
611,20.387,53.3,0.5,359.7,168.5,0.6602,0
612,20.4204,110.4,1.0,351.5,166.4,0.6621,0
613,20.4538,116.1,1.8,349.9,164.8,0.7761,0
614,20.4871,114.1,0.9,350.3,165.2,0.8411,0
615,20.5205,45.9,1.5,359.3,167.2,0.7389,0
616,20.5539,68.4,1.9,371.1,165.3,0.4167,0
617,20.5872,109.6,1.0,367.3,165.9,0.7941,0
618,20.6206,110.8,1.9,354.1,164.3,0.8724,0
619,20.654,109.6,1.4,360.4,164.0,0.8906,0
620,20.6873,104.6,1.1,358.9,164.4,0.8672,0
621,20.7207,65.1,0.8,371.7,165.5,0.6698,0
621,20.7207,26.3,1.9,373.7,168.6,0.4676,0
622,20.7541,47.4,1.0,364.4,167.5,0.7279,0
623,20.7874,116.6,1.1,354.2,166.0,0.87,0
624,20.8208,100.6,1.4,357.6,166.9,0.8736,0
625,20.8542,69.9,1.7,356.6,165.4,0.8887,0
625,20.8542,104.6,1.4,351.7,166.7,0.3098,0
626,20.8875,108.9,0.4,351.8,166.5,0.8847,0
627,20.9209,99.8,1.1,361.1,167.1,0.8583,0
628,20.9543,104.9,1.7,357.3,166.1,0.8093,0
629,20.9876,56.3,0.9,355.0,166.7,0.7764,0
630,21.021,65.4,1.6,362.6,164.9,0.7984,0
631,21.0544,129.6,0.7,356.0,162.0,0.8461,0
632,21.0877,43.7,0.9,363.3,166.3,0.654,0
632,21.0877,38.6,1.6,365.3,170.5,0.4605,0
633,21.1211,54.3,1.5,358.5,167.6,0.7266,0
634,21.1545,30.5,1.6,359.9,167.5,0.6209,0
634,21.1545,51.4,0.7,358.4,167.8,0.1876,0
635,21.1878,49.7,2.9,363.5,167.4,0.8907,0
636,21.2212,84.3,2.3,360.1,166.2,0.8646,0
637,21.2546,57.5,1.4,366.8,167.0,0.8828,0
637,21.2546,46.2,1.1,369.6,169.3,0.7791,0
638,21.2879,65.6,1.5,371.2,168.2,0.5568,0
638,21.2879,47.1,1.8,372.2,167.4,0.2332,0
639,21.3213,97.0,0.5,369.0,168.0,0.8829,0
639,21.3213,50.4,1.8,367.0,169.5,0.1288,0
640,21.3547,30.6,2.4,359.2,169.3,0.6878,0
641,21.388,91.5,4.0,363.4,164.8,0.6568,0
642,21.4214,90.1,2.4,365.0,165.0,0.4114,0
643,21.4548,61.1,2.3,357.6,166.7,0.5084,0
643,21.4548,77.9,1.1,354.4,168.4,0.2716,0
644,21.4881,76.1,1.7,352.1,167.5,0.8341,0
645,21.5215,90.8,1.4,351.3,168.4,0.7547,0
646,21.5549,80.5,1.0,351.0,168.6,0.7319,0
647,21.5882,56.1,1.1,356.9,167.7,0.8084,0
648,21.6216,61.6,0.8,359.1,168.0,0.8677,0
649,21.655,60.1,0.9,360.2,166.5,0.8199,0
650,21.6883,117.3,0.5,357.9,163.9,0.8726,0
651,21.7217,35.8,1.9,364.9,167.2,0.6967,0
651,21.7217,102.7,0.8,357.3,167.4,0.3623,0
652,21.7551,56.1,4.0,359.3,167.3,0.8386,0
653,21.7884,71.8,1.8,355.0,166.8,0.8561,0
654,21.8218,40.4,1.3,357.0,166.8,0.7647,0
655,21.8552,100.4,1.8,359.9,167.4,0.8926,0
656,21.8885,90.8,1.9,369.9,166.4,0.9027,0
657,21.9219,75.5,1.3,374.3,166.1,0.8845,0
658,21.9553,45.7,0.7,350.7,166.9,0.9062,0
659,21.9886,26.7,0.6,356.6,178.5,0.5257,0
660,22.022,55.7,1.2,357.2,168.5,0.8363,0
660,22.022,31.7,1.5,360.1,172.6,0.641,0
661,22.0554,101.7,0.9,354.3,166.9,0.7458,0
662,22.0887,119.4,0.3,351.0,166.6,0.846,0
663,22.1221,115.2,0.4,357.9,165.0,0.9068,0
664,22.1555,113.3,2.1,368.3,164.5,0.8438,0
665,22.1888,105.9,0.7,371.8,165.6,0.855,0
666,22.2222,107.8,1.3,369.3,165.1,0.8815,0
667,22.2556,101.6,1.8,378.8,164.3,0.9032,0
668,22.2889,91.3,1.9,379.8,164.2,0.8759,0
669,22.3223,100.0,0.5,362.0,163.9,0.4068,0
669,22.3223,85.8,0.6,363.1,164.5,0.1809,0
670,22.3557,98.3,0.6,366.9,165.2,0.8991,0
671,22.389,76.1,0.9,356.7,165.7,0.8951,0
672,22.4224,96.8,1.1,366.2,165.6,0.8836,0
673,22.4558,33.9,3.1,363.6,167.1,0.851,0
674,22.4891,61.4,2.3,358.9,166.7,0.7118,0
675,22.5225,71.7,1.6,353.6,168.8,0.8496,0
676,22.5559,74.2,0.9,360.9,166.8,0.8869,0
677,22.5892,93.2,0.9,361.2,165.7,0.8436,0
678,22.6226,120.2,0.8,348.8,165.0,0.6396,0
679,22.656,77.9,0.9,352.7,166.8,0.6336,0
680,22.6893,113.7,2.4,351.2,166.3,0.8249,0
680,22.6893,43.3,2.3,350.7,167.5,0.1183,0
681,22.7227,117.8,0.7,348.6,166.7,0.8573,0
682,22.7561,110.0,0.8,349.4,166.4,0.7401,0
682,22.7561,33.8,2.0,354.0,170.3,0.3065,0
683,22.7894,87.0,2.4,359.1,166.5,0.2268,0
684,22.8228,62.3,1.4,361.6,167.3,0.8642,0
685,22.8562,33.3,1.9,359.5,174.4,0.7321,0
685,22.8562,39.5,1.1,353.2,171.6,0.3339,0
686,22.8895,47.8,0.8,369.1,167.8,0.8247,0
687,22.9229,105.4,1.7,371.9,163.6,0.8911,0
688,22.9563,103.1,1.0,367.6,164.7,0.8023,0
689,22.9896,60.3,3.8,356.4,166.8,0.7769,0
690,23.023,63.7,1.1,358.0,167.6,0.7933,0
691,23.0564,72.7,0.8,360.2,168.6,0.8211,0
692,23.0897,90.3,0.9,357.2,167.9,0.8353,0
693,23.1231,104.0,0.8,369.6,166.2,0.8553,0
693,23.1231,58.4,1.5,364.9,169.4,0.1164,0
694,23.1565,63.8,3.1,374.5,166.4,0.4931,0
695,23.1898,88.2,1.5,358.9,168.0,0.8408,0
696,23.2232,108.4,1.7,360.3,168.1,0.8688,0
697,23.2566,99.0,1.1,369.5,164.9,0.7815,0
698,23.2899,108.9,1.2,376.0,166.0,0.8774,0
699,23.3233,75.1,0.9,355.9,166.9,0.8565,0
699,23.3233,44.8,1.6,357.5,167.1,0.6111,0
700,23.3567,86.3,0.8,355.5,165.8,0.8842,0
701,23.39,44.6,1.9,366.9,171.6,0.7188,0
702,23.4234,40.1,2.5,376.2,167.8,0.4411,0
702,23.4234,55.6,2.0,374.7,167.1,0.4381,0
703,23.4568,91.5,2.9,371.0,165.6,0.7204,0
704,23.4901,114.4,1.9,364.5,165.4,0.8426,0
705,23.5235,102.2,1.3,355.4,165.4,0.5908,0
706,23.5569,67.7,1.6,359.3,166.6,0.8491,0
707,23.5902,63.8,1.4,356.1,165.5,0.9102,0
708,23.6236,52.0,2.0,356.7,166.9,0.3664,0
708,23.6236,61.0,1.6,355.2,168.1,0.2378,0
709,23.657,64.2,1.8,370.4,166.6,0.8398,0
710,23.6903,105.4,1.7,371.6,164.3,0.8344,0
711,23.7237,86.5,0.7,355.9,166.4,0.895,0
712,23.7571,94.1,1.4,362.7,164.8,0.8831,0
713,23.7904,108.2,1.0,368.3,166.2,0.8636,0
714,23.8238,97.4,1.0,354.0,167.4,0.4107,0
714,23.8238,75.0,1.7,357.3,165.3,0.1205,0
715,23.8572,89.0,2.1,356.9,165.9,0.9063,0
716,23.8905,76.9,0.6,353.2,167.1,0.8723,0
717,23.9239,60.9,0.9,360.1,166.3,0.8378,0
718,23.9573,96.1,2.4,370.0,164.0,0.8909,0
719,23.9906,99.1,2.6,362.1,165.2,0.8116,0
720,24.024,47.1,2.7,364.2,167.6,0.2894,0
721,24.0574,108.7,0.1,366.2,167.2,0.8572,0
722,24.0907,83.0,2.4,364.0,167.3,0.8479,0
723,24.1241,60.6,1.8,360.8,168.0,0.8614,0
723,24.1241,99.6,1.0,354.9,167.7,0.6278,0
724,24.1575,103.4,0.6,352.5,168.2,0.6227,0
725,24.1908,52.5,1.1,364.7,169.1,0.8578,0
726,24.2242,52.0,3.5,369.2,167.4,0.8284,0
727,24.2576,72.8,2.5,372.3,167.3,0.5919,0
728,24.2909,106.0,0.1,368.9,166.5,0.8039,0
729,24.3243,106.2,1.0,358.5,166.9,0.7664,0
730,24.3577,69.6,2.1,364.3,167.8,0.8768,0
731,24.391,97.8,1.2,368.2,166.5,0.8073,0
732,24.4244,95.8,1.6,369.4,164.3,0.8691,0
733,24.4578,84.6,1.6,361.5,167.3,0.3222,0
734,24.4911,87.5,4.1,361.8,169.7,0.1202,0
734,24.4911,92.0,2.2,361.1,166.1,0.1067,0
735,24.5245,67.2,0.8,359.5,165.9,0.1502,0
735,24.5245,100.0,1.0,356.2,165.4,0.1283,0
736,24.5579,72.6,1.0,360.0,166.9,0.7117,0
737,24.5912,112.4,1.0,362.3,167.1,0.7576,0
738,24.6246,95.2,1.2,368.8,166.6,0.774,0
739,24.658,123.1,1.7,348.4,163.9,0.8788,0
740,24.6913,31.6,1.4,360.2,168.6,0.5618,0
741,24.7247,51.1,1.8,359.4,168.2,0.7699,0
742,24.7581,58.4,1.1,364.1,168.9,0.7834,0
742,24.7581,54.3,1.5,364.9,168.7,0.1108,0
743,24.7914,94.6,1.3,373.8,166.7,0.8758,0
744,24.8248,121.5,0.9,370.1,167.4,0.8627,0
745,24.8582,61.7,2.0,369.1,168.4,0.4511,0
745,24.8582,33.5,1.4,363.0,173.3,0.3095,0
746,24.8915,45.1,1.1,366.5,167.7,0.5515,0
747,24.9249,95.1,2.1,361.3,167.1,0.7058,0
748,24.9583,108.5,3.2,357.1,166.3,0.8335,0
749,24.9916,108.2,3.2,361.7,166.5,0.847,0
750,25.025,61.4,1.5,364.1,167.3,0.8818,0
751,25.0584,79.8,0.7,358.7,168.9,0.889,0
752,25.0917,69.9,0.6,361.0,168.9,0.896,0
753,25.1251,103.9,1.0,363.3,166.2,0.9184,0
754,25.1585,109.0,0.8,358.4,166.3,0.8957,0
755,25.1918,52.4,1.0,365.9,170.6,0.5136,0
755,25.1918,78.5,0.7,362.5,169.4,0.1812,0
756,25.2252,42.4,1.3,362.0,171.1,0.8061,0
757,25.2586,50.4,2.3,357.7,166.7,0.9087,0
758,25.2919,94.4,2.2,363.4,164.4,0.8152,0
759,25.3253,83.4,0.9,367.6,165.5,0.778,0
759,25.3253,37.7,2.1,368.9,177.4,0.2446,0
760,25.3587,107.9,0.7,381.9,166.9,0.453,0
761,25.392,57.0,1.0,363.4,168.0,0.5657,0
762,25.4254,116.4,0.6,349.6,163.3,0.8659,0
763,25.4588,99.2,1.6,362.9,164.3,0.8891,0
764,25.4921,96.7,0.8,381.2,165.3,0.9037,0
765,25.5255,73.6,0.9,356.8,167.6,0.8504,0
766,25.5589,115.3,0.8,356.4,166.2,0.8483,0
767,25.5922,114.3,0.9,361.3,164.9,0.8569,0
768,25.6256,104.5,3.6,360.1,167.5,0.869,0
769,25.659,103.5,1.2,371.3,167.7,0.8952,0
770,25.6923,90.5,0.4,372.6,165.9,0.9108,0
771,25.7257,104.6,1.0,359.2,166.5,0.7594,0
772,25.7591,114.6,0.2,361.2,167.2,0.8815,0
773,25.7924,106.5,1.0,368.7,167.2,0.8498,0
774,25.8258,83.4,1.3,378.5,167.0,0.8271,0
774,25.8258,53.7,2.0,379.8,170.8,0.6944,0
775,25.8592,52.1,2.5,379.2,170.6,0.3301,0
775,25.8592,48.6,2.2,384.1,168.7,0.1355,0
776,25.8925,52.7,2.1,368.2,171.0,0.8963,0
777,25.9259,55.2,1.6,373.7,169.0,0.867,0
778,25.9593,62.0,2.4,372.3,168.4,0.8021,0
779,25.9926,47.6,2.1,379.3,167.0,0.767,0
780,26.026,96.2,1.1,361.2,166.4,0.6515,0
780,26.026,77.1,2.0,363.1,164.6,0.1086,0
781,26.0594,103.7,1.1,356.7,165.2,0.7528,0
782,26.0927,44.1,2.2,357.6,166.6,0.2008,0
782,26.0927,73.4,1.3,353.9,167.5,0.1607,0
783,26.1261,92.8,0.7,358.2,163.7,0.6719,0
783,26.1261,27.3,1.8,353.9,179.6,0.1196,0
784,26.1595,50.8,1.1,367.2,166.6,0.6334,0
785,26.1928,107.0,1.9,359.4,164.9,0.7653,0
785,26.1928,85.8,1.7,365.9,165.0,0.3056,0
786,26.2262,106.1,1.4,360.6,165.5,0.8287,0
786,26.2262,52.6,2.0,359.4,170.6,0.2074,0
787,26.2596,94.1,2.1,370.4,166.9,0.8894,0
788,26.2929,107.9,0.8,366.2,167.7,0.8756,0
789,26.3263,73.1,2.1,365.2,165.3,0.841,0
790,26.3597,73.1,3.2,372.4,164.8,0.7523,0
790,26.3597,46.6,4.1,373.2,164.4,0.2057,0
790,26.3597,30.7,2.7,378.0,172.3,0.1264,0
791,26.393,101.1,2.3,372.4,164.8,0.8767,0
792,26.4264,112.4,0.3,380.9,164.1,0.8545,0
793,26.4598,85.8,3.3,382.3,165.0,0.827,0
794,26.4931,87.2,0.5,381.7,164.9,0.7464,0
795,26.5265,75.9,2.2,365.5,167.3,0.8079,0
796,26.5599,25.7,1.7,363.7,167.0,0.4093,0
796,26.5599,93.2,0.6,357.5,166.6,0.1914,0
797,26.5932,100.1,4.2,363.5,165.4,0.8588,0
798,26.6266,108.2,2.8,358.1,165.0,0.6478,0
798,26.6266,120.5,1.6,356.1,166.7,0.1445,0
799,26.66,113.6,2.4,361.5,166.9,0.8403,0
800,26.6933,103.0,1.8,364.2,166.6,0.6847,0
801,26.7267,105.3,1.5,353.3,165.1,0.4566,0
802,26.7601,32.4,1.2,356.8,168.8,0.409,0
802,26.7601,52.4,0.9,358.1,166.1,0.3319,0
803,26.7934,74.1,0.5,363.2,166.9,0.7262,0
803,26.7934,101.0,0.5,357.9,166.0,0.2302,0
804,26.8268,102.9,2.3,358.7,164.7,0.4581,0
804,26.8268,68.9,2.0,365.9,165.5,0.4109,0
805,26.8602,83.0,1.3,363.5,166.2,0.6222,0
805,26.8602,106.5,1.7,357.9,165.8,0.1458,0
806,26.8935,93.9,0.6,369.7,166.3,0.8278,0
807,26.9269,110.4,0.8,365.3,166.2,0.8099,0
808,26.9603,56.4,1.4,363.4,166.5,0.8094,0
809,26.9936,51.9,2.7,358.5,166.2,0.851,0
810,27.027,65.9,2.1,372.0,168.1,0.8824,0
810,27.027,98.4,1.3,368.5,167.5,0.8776,0
811,27.0604,115.0,0.9,371.0,167.0,0.7203,0
812,27.0937,57.8,1.6,363.0,167.8,0.8248,0
813,27.1271,105.4,0.7,354.6,166.6,0.7947,0
813,27.1271,46.7,1.4,357.1,168.7,0.6757,0
814,27.1605,99.8,3.7,363.8,165.3,0.8116,0
815,27.1938,99.0,3.2,364.4,165.4,0.8048,0
816,27.2272,93.1,1.5,371.4,164.5,0.8995,0
817,27.2606,108.5,1.5,365.2,167.3,0.8228,0
818,27.2939,105.2,0.6,361.5,167.1,0.84,0
819,27.3273,106.6,2.6,362.3,165.7,0.878,0
820,27.3607,79.1,1.6,358.7,168.1,0.891,0
821,27.394,105.7,0.9,357.7,164.6,0.8539,0
822,27.4274,125.1,3.3,354.0,162.9,0.8989,0
823,27.4608,111.8,2.0,362.8,166.1,0.8173,0
824,27.4941,50.1,1.8,361.4,170.6,0.7662,0
825,27.5275,112.8,1.1,350.2,164.4,0.6518,0
826,27.5609,99.6,1.1,353.0,165.0,0.6641,0
827,27.5942,108.5,0.9,353.5,164.9,0.6776,0
828,27.6276,107.0,1.4,354.8,166.8,0.5101,0
828,27.6276,91.7,2.6,356.9,166.1,0.2119,0
829,27.661,126.4,1.6,351.8,166.5,0.8596,0
830,27.6943,105.4,3.2,365.6,166.6,0.8166,0
831,27.7277,98.5,2.7,379.6,165.9,0.709,0
832,27.7611,81.7,2.2,365.3,169.4,0.8149,0
832,27.7611,43.7,3.2,360.7,174.6,0.1626,0
833,27.7944,92.6,0.1,360.8,166.8,0.3385,0
833,27.7944,106.0,0.4,359.8,167.5,0.2905,0
834,27.8278,42.2,3.9,360.7,173.6,0.2945,0
834,27.8278,84.0,6.4,362.5,168.1,0.2091,0
835,27.8612,97.4,3.2,358.0,167.6,0.6633,0
836,27.8945,85.7,2.0,358.1,167.1,0.7996,0
837,27.9279,107.3,2.0,352.2,166.2,0.8161,0
838,27.9613,115.9,1.7,350.5,165.9,0.9066,0
839,27.9946,115.1,1.3,357.9,166.2,0.8838,0
840,28.028,113.8,2.3,350.5,166.7,0.8703,0
841,28.0614,113.5,1.6,361.6,167.5,0.8933,0
842,28.0947,110.6,0.3,358.6,165.2,0.9067,0
843,28.1281,103.2,1.3,367.5,164.9,0.9066,0
844,28.1615,102.3,0.6,377.7,164.7,0.879,0
845,28.1948,94.3,0.5,384.6,165.5,0.8233,0
846,28.2282,97.6,0.1,371.7,165.5,0.7709,0
847,28.2616,102.6,0.4,366.3,167.3,0.7078,0
848,28.2949,101.9,0.1,361.1,167.0,0.8439,0
849,28.3283,102.5,1.2,358.6,167.5,0.7765,0
850,28.3617,36.8,2.0,365.1,170.0,0.8087,0
851,28.395,55.0,0.5,358.3,170.0,0.8005,0
852,28.4284,49.8,2.4,356.7,170.0,0.6874,0
853,28.4618,105.3,0.4,357.9,168.0,0.8306,0
854,28.4951,62.5,1.2,364.6,169.5,0.7472,0
855,28.5285,50.5,2.2,359.6,170.7,0.7396,0
856,28.5619,50.5,2.6,357.6,168.6,0.8817,0
857,28.5952,71.2,0.7,351.1,169.7,0.7768,0
857,28.5952,35.1,1.5,354.9,171.1,0.7255,0
858,28.6286,64.6,0.3,355.2,168.2,0.8637,0
859,28.662,114.4,0.4,357.5,165.6,0.881,0
860,28.6953,107.5,0.8,359.0,168.1,0.8843,0
861,28.7287,104.0,2.0,362.6,166.3,0.8279,0
862,28.7621,95.1,2.5,366.9,166.7,0.7138,0
863,28.7954,85.8,3.1,371.1,166.2,0.8632,0
864,28.8288,109.2,3.7,354.6,168.1,0.6454,0
864,28.8288,16.0,2.5,356.0,169.4,0.1791,0
865,28.8622,103.8,0.7,358.9,168.1,0.4224,0
865,28.8622,39.2,2.1,360.4,170.0,0.1118,0
866,28.8955,105.6,1.4,363.8,167.3,0.6352,0
866,28.8955,59.9,2.2,369.0,167.6,0.1429,0
867,28.9289,108.4,2.2,354.4,168.8,0.7816,0
868,28.9623,112.1,0.9,349.3,166.7,0.7573,0
868,28.9623,49.9,1.6,356.8,166.3,0.195,0
869,28.9956,101.2,3.5,352.4,166.6,0.6713,0
870,29.029,48.5,2.7,359.7,166.4,0.831,0
871,29.0624,45.5,2.6,359.7,167.1,0.8633,0
872,29.0957,60.4,2.5,351.7,167.7,0.8357,0
873,29.1291,104.5,1.8,351.0,166.5,0.8305,0
874,29.1625,41.5,1.8,357.2,169.9,0.6277,0
874,29.1625,47.7,1.1,355.6,166.3,0.1637,0
875,29.1958,36.1,1.1,356.8,170.2,0.7811,0
876,29.2292,21.8,1.7,355.9,169.8,0.6823,0
876,29.2292,93.7,1.8,355.4,166.3,0.5436,0
877,29.2626,104.9,1.5,358.6,165.3,0.8094,0
878,29.2959,106.8,6.5,352.2,163.6,0.7616,0
879,29.3293,112.4,3.1,351.3,165.6,0.8416,0
880,29.3627,53.6,1.5,357.5,167.1,0.8116,0
881,29.396,52.9,1.3,360.7,166.0,0.4259,0
881,29.396,102.6,1.4,354.6,164.9,0.3419,0
882,29.4294,58.8,0.7,351.0,168.4,0.7905,0
883,29.4628,32.5,1.5,357.5,168.5,0.8319,0
884,29.4961,43.5,2.8,357.6,174.0,0.6693,0
885,29.5295,43.3,1.8,359.8,173.9,0.7361,0
886,29.5629,46.1,2.1,357.5,173.5,0.6865,0
887,29.5962,45.7,2.1,356.7,170.1,0.7548,0
888,29.6296,49.0,2.6,356.0,169.7,0.6108,0
889,29.663,103.1,0.7,358.1,167.7,0.6745,0
889,29.663,75.1,0.9,361.5,168.4,0.321,0
890,29.6963,55.8,1.0,368.1,169.2,0.7439,0
891,29.7297,106.3,0.3,370.5,167.2,0.7243,0
892,29.7631,15.6,2.0,362.1,173.6,0.2639,0
893,29.7964,11.2,1.4,355.2,170.4,0.7313,0
894,29.8298,44.0,2.3,362.9,168.9,0.7559,0
895,29.8632,64.1,2.5,369.4,169.0,0.6847,0
896,29.8965,72.1,1.7,369.8,167.5,0.815,0
897,29.9299,100.6,0.7,368.2,165.6,0.8276,0
898,29.9633,82.3,1.3,367.6,165.1,0.5689,0
899,29.9966,97.5,1.5,370.2,164.2,0.4832,0
900,30.03,87.8,1.7,384.9,167.2,0.7246,0
901,30.0634,80.6,1.6,370.8,166.5,0.6218,0
902,30.0967,109.4,0.6,364.4,167.7,0.8857,0
903,30.1301,79.0,1.5,360.1,169.8,0.8321,0
903,30.1301,109.1,1.4,354.2,169.1,0.1244,0
904,30.1635,73.9,1.3,362.3,169.8,0.853,0
905,30.1968,76.7,1.2,357.0,167.4,0.8626,0
906,30.2302,53.7,0.9,360.6,169.6,0.8596,0
907,30.2636,35.8,1.6,364.4,167.9,0.6997,0
908,30.2969,44.2,1.9,364.5,172.3,0.8527,0
909,30.3303,38.1,1.7,364.8,168.9,0.8788,0
910,30.3637,65.3,1.9,361.8,168.7,0.6257,0
910,30.3637,53.7,2.5,362.3,166.5,0.1901,0
911,30.397,55.6,1.8,371.9,167.3,0.8028,0
911,30.397,64.5,0.9,370.8,166.8,0.3318,0
912,30.4304,64.2,0.5,368.8,167.6,0.6755,0
913,30.4638,65.6,1.3,365.9,168.0,0.8222,0
914,30.4971,66.9,1.1,368.9,168.6,0.828,0
914,30.4971,47.4,1.8,368.5,169.9,0.1362,0
915,30.5305,106.2,1.4,362.8,166.5,0.8098,0
916,30.5639,107.6,1.6,361.9,166.5,0.6817,0
917,30.5972,96.9,0.4,371.0,166.9,0.8032,0
918,30.6306,107.8,0.9,356.3,164.9,0.6376,0
919,30.664,108.1,1.1,359.1,165.6,0.8526,0
920,30.6973,72.0,1.5,360.2,167.0,0.899,0
921,30.7307,108.3,0.6,357.1,165.7,0.9049,0
922,30.7641,66.9,0.8,363.6,165.8,0.7812,0
923,30.7974,98.5,0.9,377.9,166.2,0.9018,0
924,30.8308,95.0,1.7,386.8,163.8,0.8843,0
925,30.8642,100.6,2.0,373.9,165.3,0.8732,0
926,30.8975,100.2,1.8,359.0,169.0,0.7856,0
927,30.9309,56.3,1.7,362.7,167.6,0.6894,0
927,30.9309,94.9,0.6,358.0,168.7,0.5571,0
928,30.9643,93.4,0.6,369.7,166.9,0.9046,0
929,30.9976,81.8,1.1,368.2,166.4,0.5549,0
929,30.9976,54.2,0.9,369.2,167.4,0.2369,0
930,31.031,61.9,1.8,361.2,166.9,0.817,0
931,31.0644,44.6,1.8,358.7,169.4,0.6987,0
932,31.0977,92.2,0.7,359.9,166.6,0.7039,0
932,31.0977,27.2,1.3,362.6,170.6,0.4724,0
933,31.1311,74.4,1.5,368.1,166.4,0.8022,0
933,31.1311,26.6,2.2,367.3,170.5,0.3167,0
934,31.1645,76.8,2.1,381.1,165.6,0.7158,0
935,31.1978,85.2,1.9,390.5,163.0,0.5209,0
935,31.1978,120.1,2.5,385.6,162.8,0.2553,0
936,31.2312,80.5,1.3,382.9,164.1,0.6552,0
936,31.2312,40.8,2.6,374.6,168.9,0.3106,0
937,31.2646,93.6,0.8,374.2,166.4,0.8404,0
938,31.2979,99.6,0.6,365.3,164.9,0.7969,0
939,31.3313,109.7,0.1,357.0,166.6,0.8396,0
940,31.3647,108.1,0.4,355.9,167.8,0.868,0
941,31.398,96.8,1.3,361.6,166.9,0.2477,0
941,31.398,77.6,2.3,365.2,170.3,0.1747,0
941,31.398,37.7,1.8,368.5,169.9,0.1528,0
942,31.4314,109.4,2.5,369.1,165.6,0.7983,0
943,31.4648,107.1,0.6,369.2,163.5,0.7646,0
944,31.4981,103.2,0.6,364.2,164.7,0.7938,0
945,31.5315,92.7,0.6,370.1,166.8,0.8491,0
946,31.5649,107.5,1.2,368.9,167.1,0.8297,0
947,31.5982,109.9,0.5,366.5,167.1,0.8257,0
948,31.6316,42.1,1.8,377.4,167.5,0.779,0
948,31.6316,57.4,1.5,375.3,167.3,0.1065,0
949,31.665,92.1,1.2,364.8,165.1,0.8669,0
950,31.6983,63.4,0.9,365.8,168.0,0.8251,0
951,31.7317,105.8,1.5,356.4,166.9,0.8194,0
951,31.7317,27.6,2.0,358.7,171.1,0.4295,0
952,31.7651,33.1,1.6,366.0,167.7,0.8196,0
953,31.7984,114.2,1.5,364.1,165.9,0.782,0
954,31.8318,108.4,1.2,362.9,165.0,0.8809,0
955,31.8652,115.0,0.8,369.1,166.9,0.8886,0
956,31.8985,101.1,2.2,366.2,166.1,0.7637,0
957,31.9319,111.7,1.3,361.2,166.7,0.8504,0
958,31.9653,110.0,1.6,364.5,169.0,0.874,0
959,31.9986,87.8,0.9,372.5,168.7,0.905,0
960,32.032,98.4,0.6,365.8,168.6,0.8599,0
961,32.0654,68.3,1.6,367.5,166.6,0.3423,0
961,32.0654,34.5,1.5,370.5,167.8,0.183,0
962,32.0987,,,,,,
963,32.1321,76.2,2.2,361.8,166.5,0.8904,0
964,32.1655,59.1,2.6,367.4,166.3,0.837,0
965,32.1988,79.3,1.1,359.4,167.7,0.8507,0
966,32.2322,82.9,1.5,358.0,168.7,0.8163,0
967,32.2656,70.4,1.6,365.5,168.7,0.7436,0
968,32.2989,92.5,1.9,371.7,166.9,0.7028,0
969,32.3323,110.1,0.7,377.2,165.8,0.8222,0
970,32.3657,83.3,1.4,380.3,165.5,0.5781,0
970,32.3657,58.8,2.6,380.8,167.3,0.1653,0
971,32.399,82.7,1.9,382.6,168.8,0.8055,0
972,32.4324,97.7,1.0,365.7,166.5,0.6418,0
972,32.4324,91.4,1.2,362.1,167.5,0.1183,0
973,32.4658,92.4,2.6,375.2,167.0,0.8163,0
974,32.4991,86.8,2.8,374.2,167.9,0.8387,0
975,32.5325,72.6,1.8,375.4,168.2,0.6603,0
976,32.5659,104.5,0.7,370.1,167.2,0.7776,0
977,32.5992,104.4,1.3,384.0,164.1,0.8575,0
978,32.6326,75.1,3.8,403.0,166.7,0.7646,0
979,32.666,83.5,1.1,407.1,166.5,0.7652,0
980,32.6993,61.3,0.9,392.4,166.7,0.8109,0
981,32.7327,63.6,1.1,394.2,166.1,0.8516,0
982,32.7661,78.4,3.2,375.3,165.5,0.8297,0
983,32.7994,87.1,2.1,366.2,164.9,0.8339,0
984,32.8328,71.6,1.8,373.2,165.9,0.7943,0
985,32.8662,106.3,0.5,363.1,165.3,0.8559,0
986,32.8995,116.8,4.5,365.1,164.2,0.8757,0
987,32.9329,93.4,4.1,377.0,166.6,0.8459,0
988,32.9663,81.9,2.5,391.9,168.9,0.8374,0
989,32.9996,67.0,2.0,394.4,170.1,0.8249,0
990,33.033,64.8,1.4,387.6,167.9,0.8463,0
991,33.0664,118.0,2.3,361.5,167.0,0.7172,0
992,33.0997,38.3,2.3,373.4,168.6,0.7108,0
993,33.1331,73.5,2.4,371.2,170.2,0.7909,0
994,33.1665,70.3,2.9,375.1,170.1,0.5386,0
995,33.1998,64.1,2.1,361.1,169.1,0.7203,0
996,33.2332,103.4,1.1,355.0,167.8,0.6755,0
996,33.2332,40.0,2.1,362.0,167.5,0.6462,0
997,33.2666,113.9,2.1,357.5,168.2,0.9008,0
998,33.2999,116.1,0.7,363.2,167.0,0.902,0
999,33.3333,98.7,1.4,386.0,164.3,0.7503,0
1000,33.3667,99.0,0.7,380.2,166.0,0.8395,0
1001,33.4,100.3,1.4,373.0,166.7,0.8576,0
1002,33.4334,45.3,1.4,382.0,170.2,0.5987,0
1002,33.4334,36.1,1.4,382.9,165.5,0.4601,0
1002,33.4334,59.7,1.0,383.8,165.5,0.2658,0
1003,33.4668,44.0,1.5,367.2,167.4,0.8834,0
1004,33.5001,76.1,3.3,367.0,165.8,0.7513,0
1005,33.5335,52.8,3.0,369.4,168.9,0.8694,0
1006,33.5669,56.4,2.1,367.3,166.9,0.86,0
1007,33.6002,101.1,0.2,370.9,165.4,0.7413,0
1008,33.6336,98.2,1.0,377.0,166.7,0.7442,0
1009,33.667,101.0,2.1,369.9,168.8,0.8746,0
1010,33.7003,97.6,3.3,367.2,165.5,0.8089,0
1011,33.7337,116.2,1.5,356.0,166.2,0.5059,0
1011,33.7337,111.2,2.5,358.0,166.4,0.156,0
1012,33.7671,109.1,0.9,367.4,166.3,0.8467,0
1013,33.8004,106.7,1.7,375.4,169.1,0.9007,0
1014,33.8338,55.9,2.8,372.7,168.4,0.7852,0
1015,33.8672,95.6,3.2,367.1,165.6,0.8157,0
1016,33.9005,103.7,2.7,370.6,165.5,0.8714,0
1017,33.9339,86.0,1.6,368.4,167.4,0.6291,0
1017,33.9339,94.4,1.7,372.6,165.8,0.1257,0
1018,33.9673,93.9,0.9,372.6,166.7,0.8852,0
1019,34.0006,55.6,2.0,368.0,176.1,0.519,0
1019,34.0006,98.6,1.8,369.2,167.8,0.3053,0
1020,34.034,94.2,3.0,368.8,174.1,0.2837,0
1021,34.0674,110.6,0.6,364.3,167.7,0.796,0
1022,34.1007,79.7,0.9,365.7,169.5,0.8045,0
1023,34.1341,104.2,1.5,363.9,168.3,0.8149,0
1024,34.1675,95.6,2.3,363.7,167.3,0.8175,0
1025,34.2008,101.7,2.5,366.7,170.5,0.8384,0
1026,34.2342,68.6,1.0,366.4,169.2,0.8372,0
1027,34.2676,90.0,4.0,367.2,171.3,0.2777,0
1027,34.2676,85.6,2.4,369.7,170.6,0.1489,0
1028,34.3009,77.7,1.7,363.4,167.8,0.8718,0
1029,34.3343,90.4,2.4,364.8,165.4,0.6813,0
1030,34.3677,54.7,1.8,359.4,168.7,0.8018,0
1031,34.401,88.9,1.4,362.6,164.2,0.7657,0
1032,34.4344,86.3,1.5,361.1,165.7,0.3066,0
1033,34.4678,79.8,1.8,365.9,168.0,0.797,0
1034,34.5011,75.3,0.8,366.7,170.8,0.8446,0
1035,34.5345,76.0,1.9,370.1,170.1,0.6661,0
1036,34.5679,48.0,1.8,364.9,176.8,0.6476,0
1036,34.5679,72.5,1.4,368.0,171.0,0.1803,0
1037,34.6012,52.0,2.2,358.3,175.4,0.5147,0
1038,34.6346,56.7,2.5,362.0,177.6,0.3202,0
1039,34.668,67.0,2.4,367.0,169.1,0.7275,0
1040,34.7013,88.1,1.3,370.2,167.7,0.5481,0
1041,34.7347,76.3,0.9,364.3,169.2,0.5187,0
1041,34.7347,69.3,1.4,366.9,171.2,0.1888,0
1042,34.7681,63.7,1.9,358.5,167.4,0.8725,0
1043,34.8014,107.6,0.6,359.6,166.1,0.8738,0
1044,34.8348,95.6,0.5,360.3,165.9,0.8255,0
1045,34.8682,51.3,2.2,363.5,169.2,0.8728,0
1046,34.9015,62.7,0.8,367.0,167.4,0.7913,0
1047,34.9349,109.6,1.5,363.4,166.2,0.8215,0
1048,34.9683,66.8,1.5,360.1,168.2,0.561,0
1048,34.9683,42.3,2.0,360.0,173.3,0.3355,0
1049,35.0016,96.8,0.9,366.4,167.8,0.6954,0
1050,35.035,95.7,0.4,384.3,166.4,0.5577,0
1051,35.0684,110.2,0.0,382.2,165.0,0.7891,0
1052,35.1017,102.7,1.1,370.1,163.9,0.8559,0
1053,35.1351,96.6,2.5,373.3,163.9,0.8146,0
1054,35.1685,53.9,2.5,372.5,170.1,0.7934,0
1055,35.2018,73.6,2.1,369.4,165.4,0.6762,0
1056,35.2352,89.9,1.8,372.9,164.5,0.6655,0
1057,35.2686,90.1,1.0,383.3,164.9,0.8165,0
1058,35.3019,99.9,3.0,380.6,164.9,0.8723,0
1059,35.3353,110.5,0.3,371.2,165.6,0.8719,0
1060,35.3687,108.6,0.4,371.9,167.3,0.6975,0
1061,35.402,53.1,1.5,364.8,171.0,0.6107,0
1061,35.402,105.9,0.5,355.7,168.3,0.2125,0
1062,35.4354,99.0,0.9,357.3,167.4,0.6912,0
1063,35.4688,97.6,0.7,364.5,167.6,0.758,0
1063,35.4688,53.7,1.3,369.7,169.2,0.2601,0
1064,35.5021,104.9,0.8,367.3,168.5,0.6579,0
1064,35.5021,108.1,0.7,366.9,168.3,0.1415,0
1065,35.5355,103.3,0.8,367.3,167.6,0.8392,0
1066,35.5689,101.1,0.6,360.4,167.3,0.8058,0
1067,35.6022,74.2,1.8,359.9,168.0,0.8635,0
1068,35.6356,99.5,1.4,366.5,167.6,0.7732,0
1069,35.669,58.9,3.3,375.8,168.5,0.6013,0
1070,35.7023,105.1,1.2,354.2,165.5,0.5648,0
1070,35.7023,40.7,1.7,358.0,170.1,0.54,0
1071,35.7357,37.0,1.7,359.1,173.7,0.4686,0
1072,35.7691,32.5,1.7,360.9,174.1,0.622,0
1073,35.8024,25.4,2.1,359.9,169.9,0.5256,0
1074,35.8358,17.0,2.2,360.1,170.6,0.6055,0
1075,35.8692,87.1,1.7,366.5,168.8,0.786,0
1076,35.9025,84.7,2.6,368.7,169.7,0.757,0
1077,35.9359,18.0,2.5,378.1,173.7,0.6653,0
1078,35.9693,59.3,1.9,382.9,164.4,0.4964,0
1078,35.9693,25.6,2.2,385.8,172.2,0.4233,0
1079,36.0026,46.8,1.4,362.7,170.8,0.5018,0
1080,36.036,80.3,2.4,360.3,171.4,0.8721,0
1081,36.0694,71.4,1.3,368.2,169.7,0.7751,0
1082,36.1027,110.7,2.5,374.1,167.3,0.8566,0
1083,36.1361,78.0,3.0,365.8,167.2,0.479,0
1083,36.1361,99.5,3.3,360.5,166.4,0.3249,0
1084,36.1695,80.9,1.5,367.1,166.6,0.7102,0
1085,36.2028,102.2,1.0,366.8,165.0,0.8892,0
1086,36.2362,92.2,3.9,370.2,166.8,0.8346,0
1087,36.2696,92.7,1.4,383.9,164.5,0.9261,0
1088,36.3029,85.8,0.8,388.5,165.6,0.8792,0
1089,36.3363,105.2,0.1,365.1,164.8,0.8171,0
1090,36.3697,106.9,1.7,363.0,166.7,0.7787,0
1091,36.403,82.3,1.3,351.0,167.8,0.8804,0
1092,36.4364,86.5,1.2,353.9,167.6,0.8765,0
1093,36.4698,74.6,1.6,358.0,168.2,0.7656,0
1094,36.5031,72.7,1.0,364.8,167.9,0.8375,0
1095,36.5365,85.7,0.9,370.7,164.1,0.8846,0
1096,36.5699,106.2,0.4,355.4,166.3,0.8577,0
1097,36.6032,93.3,4.5,361.2,165.2,0.4935,0
1098,36.6366,36.4,1.4,368.8,167.2,0.7048,0
1099,36.67,105.8,0.9,356.9,164.2,0.6331,0
1100,36.7033,115.5,2.1,358.6,164.2,0.8128,0
1101,36.7367,114.4,3.4,363.8,164.1,0.8597,0
1102,36.7701,108.7,1.8,358.2,165.1,0.8492,0
1103,36.8034,108.2,1.7,360.7,165.2,0.7904,0
1104,36.8368,100.0,0.5,360.7,165.2,0.8427,0
1105,36.8702,106.1,3.3,356.9,164.6,0.8621,0
1106,36.9035,100.9,0.5,361.2,167.3,0.7799,0
1107,36.9369,95.4,0.7,365.0,166.5,0.5649,0
1108,36.9703,96.6,0.2,360.3,164.8,0.5511,0
1108,36.9703,67.2,0.7,364.4,166.2,0.1212,0
1109,37.0036,108.0,1.4,362.7,164.9,0.7871,0
1110,37.037,104.2,3.3,363.9,165.7,0.8296,0
1111,37.0704,100.2,2.5,371.8,165.6,0.7925,0
1112,37.1037,91.7,1.3,374.2,168.2,0.6787,0
1112,37.1037,85.4,1.6,375.0,172.3,0.1251,0
1113,37.1371,87.1,2.9,357.6,168.0,0.5677,0
1114,37.1705,93.4,3.1,359.7,164.7,0.6631,0
1115,37.2038,101.8,0.6,357.2,166.8,0.606,0
1116,37.2372,95.4,1.5,363.6,163.9,0.8346,0
1117,37.2706,90.7,0.3,369.6,164.0,0.8261,0
1118,37.3039,3.7,1.3,366.4,181.3,0.7385,0
1119,37.3373,3.6,1.5,370.6,178.6,0.5244,0
1119,37.3373,22.1,1.1,366.4,167.6,0.1082,0
1120,37.3707,1.8,1.4,375.8,176.6,0.416,0
1120,37.3707,63.7,0.7,372.4,164.1,0.143,0
1121,37.404,19.1,2.5,374.6,175.3,0.6819,0
1122,37.4374,91.2,2.1,364.9,169.6,0.5517,0
1122,37.4374,109.9,1.3,362.4,169.9,0.1609,0
1123,37.4708,103.5,1.0,366.1,169.0,0.8587,0
1124,37.5041,39.4,1.4,371.1,169.4,0.8232,0
1124,37.5041,77.2,0.9,369.4,167.6,0.7295,0
1125,37.5375,108.7,1.1,358.0,165.6,0.6739,0
1125,37.5375,54.8,2.2,360.6,179.6,0.2756,0
1126,37.5709,29.1,1.6,362.6,176.3,0.5622,0
1126,37.5709,85.1,1.4,360.2,167.7,0.43,0
1127,37.6042,42.6,1.1,368.5,169.5,0.5844,0
1128,37.6376,111.8,0.5,364.1,166.8,0.7643,0
1129,37.671,89.9,0.7,355.0,169.4,0.8233,0
1130,37.7043,90.7,1.2,360.0,168.9,0.7869,0
1131,37.7377,115.5,1.3,359.6,166.3,0.8067,0
1132,37.7711,111.0,0.8,358.2,167.0,0.8171,0
1133,37.8044,106.8,1.3,375.2,165.3,0.8755,0
1134,37.8378,107.7,1.1,383.2,166.7,0.8185,0
1135,37.8712,111.3,1.6,365.7,166.8,0.8294,0
1136,37.9045,78.9,1.4,359.4,168.1,0.6856,0
1137,37.9379,81.6,1.8,360.8,168.0,0.2901,0
1138,37.9713,97.4,1.6,368.6,165.6,0.844,0
1139,38.0046,105.4,0.6,356.5,167.4,0.7234,0
1139,38.0046,68.6,1.9,363.3,170.1,0.6385,0
1140,38.038,61.0,2.5,360.1,171.6,0.4865,0
1141,38.0714,106.2,1.9,352.2,165.9,0.3838,0
1141,38.0714,42.5,2.1,357.1,173.3,0.3245,0
1142,38.1047,97.5,1.0,363.1,166.1,0.7504,0
1143,38.1381,81.3,1.4,357.8,167.2,0.4606,0
1143,38.1381,103.9,1.6,352.3,166.1,0.3316,0
1144,38.1715,106.8,1.2,348.6,168.2,0.6283,0
1144,38.1715,71.8,2.0,355.0,168.3,0.2382,0
1145,38.2048,112.7,2.0,348.6,169.3,0.8693,0
1146,38.2382,107.5,0.9,358.6,170.3,0.8981,0
1147,38.2716,109.0,0.3,352.6,166.6,0.8136,0
1148,38.3049,3.3,3.2,365.9,171.5,0.5696,0
1149,38.3383,43.1,2.8,371.1,178.9,0.4275,0
1150,38.3717,35.5,2.1,360.0,171.2,0.6556,0
1151,38.405,39.3,2.2,360.7,175.0,0.6275,0
1151,38.405,62.4,1.9,362.3,169.5,0.131,0
1152,38.4384,108.4,1.3,353.5,169.3,0.7723,0
1152,38.4384,36.8,1.9,357.0,174.4,0.3683,0
1153,38.4718,41.2,1.6,363.1,170.6,0.556,0
1153,38.4718,67.3,1.1,361.0,168.6,0.1435,0
1154,38.5051,102.4,0.9,366.0,167.4,0.3455,0
1154,38.5051,87.2,2.0,367.8,170.2,0.2002,0
1155,38.5385,86.3,2.6,364.4,169.5,0.6552,0
1156,38.5719,77.8,2.5,358.4,173.4,0.8593,0
1157,38.6052,67.6,0.8,357.5,169.2,0.6681,0
1157,38.6052,53.3,1.8,359.6,170.1,0.1064,0
1158,38.6386,38.4,1.5,358.0,174.0,0.8497,0
1159,38.672,45.8,2.3,361.5,170.0,0.885,0
1160,38.7053,38.2,2.9,356.8,167.9,0.8504,0
1161,38.7387,44.9,1.0,363.3,171.8,0.7508,0
1161,38.7387,57.9,0.9,359.9,170.2,0.5846,0
1162,38.7721,61.2,1.0,357.6,168.3,0.5418,0
1162,38.7721,35.4,1.9,358.8,168.0,0.1087,0
1163,38.8054,65.9,1.1,354.3,169.8,0.7519,0
1163,38.8054,31.6,1.5,357.0,179.1,0.5603,0
1164,38.8388,67.0,2.4,359.9,168.5,0.8099,0
1165,38.8722,64.1,1.2,358.6,168.4,0.8029,0
1166,38.9055,63.2,1.5,364.0,171.0,0.8393,0
1167,38.9389,62.0,1.5,363.4,169.9,0.8756,0
1168,38.9723,113.8,0.8,355.6,167.5,0.8091,0
1169,39.0056,86.0,0.9,354.7,167.0,0.8241,0
1170,39.039,104.9,0.8,361.3,167.3,0.6832,0
1171,39.0724,103.1,2.2,373.9,168.1,0.6339,0
1171,39.0724,107.9,1.7,373.5,166.6,0.1045,0
1172,39.1057,79.6,1.6,379.3,166.0,0.7436,0
1173,39.1391,37.4,2.6,367.8,174.6,0.5663,0
1174,39.1725,54.8,1.5,381.9,175.3,0.4023,0
1174,39.1725,81.6,1.5,381.0,169.1,0.1983,0
1175,39.2058,47.3,2.0,376.4,171.3,0.7599,0
1176,39.2392,60.8,1.8,375.6,169.7,0.7482,0
1177,39.2726,89.9,1.7,370.4,167.5,0.822,0
1177,39.2726,90.3,2.2,375.2,170.3,0.2273,0
1178,39.3059,93.4,1.4,384.8,178.3,0.5079,0
1179,39.3393,70.2,1.6,360.0,171.0,0.7883,0
1180,39.3727,58.4,1.9,359.8,180.8,0.3031,0
1180,39.3727,61.4,1.8,363.8,176.2,0.1736,0
1181,39.406,52.4,2.3,368.4,178.0,0.7807,0
1181,39.406,100.2,1.0,362.1,168.0,0.3785,0
1182,39.4394,88.1,1.0,369.1,167.6,0.8068,0
1183,39.4728,104.7,1.1,360.2,166.1,0.3921,0
1183,39.4728,44.2,1.0,364.1,206.3,0.1554,0
1184,39.5061,89.3,1.1,369.5,169.3,0.5923,0
1185,39.5395,34.8,2.0,368.0,172.4,0.7634,0
1186,39.5729,115.8,0.4,350.9,168.4,0.814,0
1187,39.6062,108.9,0.9,361.4,170.7,0.6961,0
1187,39.6062,89.4,1.8,364.3,178.3,0.1004,0
1188,39.6396,103.7,1.7,364.1,178.2,0.642,0
1188,39.6396,117.8,1.4,361.1,170.9,0.136,0
1189,39.673,96.6,2.2,365.6,175.3,0.5824,0
1190,39.7063,108.0,2.4,356.0,170.0,0.8227,0
1191,39.7397,110.1,1.9,360.7,169.3,0.5315,0
1191,39.7397,112.6,1.2,359.4,169.0,0.2571,0
1192,39.7731,105.1,0.8,364.4,166.8,0.7399,0
1193,39.8064,62.9,1.8,371.8,172.1,0.6178,0
1194,39.8398,96.2,1.0,360.4,168.9,0.3437,0
1194,39.8398,108.0,0.6,355.8,168.1,0.2165,0
1195,39.8732,114.4,0.2,352.5,168.7,0.8414,0
1196,39.9065,115.6,0.5,353.1,168.8,0.8323,0
1197,39.9399,77.8,1.9,361.5,170.2,0.8307,0
1198,39.9733,108.6,0.9,365.8,167.6,0.7976,0
1199,40.0066,64.8,2.4,361.1,168.9,0.8132,0
1200,40.04,101.2,3.0,363.1,170.4,0.7444,0
1201,40.0734,88.6,2.7,363.5,173.0,0.614,0
1202,40.1067,105.9,0.4,365.9,168.5,0.7766,0
1203,40.1401,109.3,0.8,355.5,167.6,0.8605,0
1204,40.1735,106.6,1.2,361.8,169.7,0.8233,0
1204,40.1735,52.7,2.0,361.2,174.4,0.1007,0
1205,40.2068,107.9,0.1,365.8,170.7,0.8847,0
1206,40.2402,103.1,0.0,356.2,170.9,0.8953,0
1207,40.2736,104.6,2.0,357.2,170.2,0.6438,0
1207,40.2736,107.5,1.0,355.9,169.7,0.1873,0
1208,40.3069,114.5,0.2,359.4,167.6,0.8795,0
1209,40.3403,108.9,0.3,365.1,167.9,0.7298,0
1210,40.3737,69.0,1.6,363.0,168.1,0.7567,0
1211,40.407,109.1,0.5,360.0,167.1,0.7982,0
1212,40.4404,98.2,1.4,361.9,168.5,0.752,0
1213,40.4738,104.1,0.8,360.9,168.6,0.7059,0
1214,40.5071,96.7,0.9,356.6,169.1,0.8142,0
1215,40.5405,99.5,2.7,362.7,170.6,0.5094,0
1216,40.5739,87.3,0.7,368.6,172.2,0.8375,0
1217,40.6072,37.5,3.1,363.1,172.9,0.7182,0
1218,40.6406,57.4,2.4,360.2,169.0,0.245,0
1218,40.6406,99.9,1.6,356.2,167.9,0.2207,0
1219,40.674,40.4,2.0,372.6,171.3,0.3111,0
1219,40.674,56.7,1.1,369.0,168.6,0.2574,0
1220,40.7073,82.8,0.6,354.4,169.6,0.7253,0
1221,40.7407,97.0,2.2,353.5,168.7,0.8989,0
1222,40.7741,30.5,1.8,357.1,171.3,0.8048,0
1223,40.8074,95.2,1.0,354.0,169.6,0.7657,0
1224,40.8408,74.3,1.5,362.0,166.1,0.6591,0
1225,40.8742,,,,,,
1226,40.9075,115.8,2.0,351.1,169.0,0.3095,0
1227,40.9409,112.4,1.5,355.6,167.3,0.2992,0
1228,40.9743,101.3,1.0,377.7,168.8,0.8107,0
1229,41.0076,96.5,0.2,373.7,168.0,0.7369,0
1230,41.041,66.7,2.0,364.5,168.8,0.7872,0
1231,41.0744,35.2,2.0,361.3,168.0,0.5601,0
1232,41.1077,21.0,2.0,358.8,175.1,0.6174,0
1232,41.1077,33.5,1.5,359.4,169.0,0.1605,0
1233,41.1411,84.0,1.7,362.7,168.2,0.7985,0
1234,41.1745,79.0,0.9,366.5,168.6,0.777,0
1235,41.2078,28.8,1.4,375.6,176.8,0.3802,0
1235,41.2078,36.2,1.7,369.7,180.3,0.1416,0
1236,41.2412,109.0,4.0,364.7,169.4,0.8629,0
1237,41.2746,36.5,2.0,373.4,168.0,0.715,0
1238,41.3079,82.2,1.4,368.2,167.2,0.7601,0
1239,41.3413,37.8,2.5,362.6,174.0,0.5854,0
1240,41.3747,53.0,1.6,374.8,174.5,0.7307,0
1241,41.408,95.4,0.3,368.1,166.5,0.2506,0
1241,41.408,86.2,1.1,369.5,169.1,0.1795,0
1242,41.4414,94.6,1.4,356.4,169.2,0.8223,0
1243,41.4748,59.3,2.1,358.2,171.9,0.8294,0
1244,41.5081,38.1,1.9,356.9,173.7,0.7875,0
1245,41.5415,47.1,2.0,356.9,188.2,0.2239,0
1246,41.5749,40.3,1.3,360.1,185.0,0.5621,0
1247,41.6082,42.2,1.3,361.0,179.4,0.6375,0
1248,41.6416,40.4,2.2,363.0,176.4,0.6935,0
1249,41.675,39.6,1.5,372.0,176.0,0.6992,0
1250,41.7083,36.0,1.7,372.9,177.7,0.8289,0
1251,41.7417,49.8,2.1,365.0,169.8,0.532,0
1252,41.7751,88.1,2.0,360.1,168.3,0.1271,0
1252,41.7751,105.1,2.3,354.9,167.5,0.1201,0
1253,41.8084,103.9,2.5,358.7,165.9,0.6021,0
1254,41.8418,108.4,3.8,362.4,166.1,0.8727,0
1255,41.8752,96.5,3.6,364.9,168.0,0.2375,0
1256,41.9085,93.5,3.2,367.4,169.9,0.8093,0
1257,41.9419,95.7,3.0,368.3,166.5,0.8085,0
1258,41.9753,89.5,0.8,370.8,166.3,0.8591,0
1259,42.0086,102.8,0.7,366.2,166.4,0.9007,0
1260,42.042,102.6,1.6,366.5,167.7,0.8466,0
1261,42.0754,87.6,0.1,363.3,166.3,0.7333,0
1262,42.1087,82.8,0.7,360.3,166.3,0.3627,0
1262,42.1087,17.8,1.5,364.1,171.7,0.1592,0
1263,42.1421,85.2,0.6,373.8,166.8,0.7972,0
1264,42.1755,82.9,1.2,382.5,165.7,0.852,0
1265,42.2088,7.2,3.5,372.7,170.4,0.7966,0
1266,42.2422,38.9,3.7,380.1,166.5,0.7909,0
1267,42.2756,78.1,2.3,379.3,165.3,0.754,0
1268,42.3089,103.1,2.6,380.2,165.9,0.8165,0
1269,42.3423,78.8,1.0,362.3,168.1,0.6915,0
1270,42.3757,104.4,1.5,360.2,168.1,0.5183,0
1271,42.409,68.5,2.5,364.5,168.6,0.7985,0
1272,42.4424,105.2,0.0,361.0,170.1,0.2877,0
1272,42.4424,81.8,0.4,366.3,170.1,0.2272,0
1273,42.4758,77.8,0.5,355.8,168.8,0.6457,0
1274,42.5091,64.7,1.1,356.3,168.7,0.7383,0
1274,42.5091,48.1,1.1,357.3,171.1,0.5619,0
1275,42.5425,95.5,1.2,355.8,167.8,0.7545,0
1276,42.5759,103.1,0.7,359.5,167.7,0.8121,0
1277,42.6092,27.7,2.0,368.9,172.1,0.6423,0
1277,42.6092,77.1,0.9,365.7,169.3,0.3069,0
1278,42.6426,79.9,2.9,367.8,167.2,0.8038,0
1279,42.676,95.5,3.1,370.7,165.1,0.8856,0
1280,42.7093,91.2,1.2,365.8,168.0,0.7173,0
1281,42.7427,38.5,1.4,362.8,170.5,0.7564,0
1282,42.7761,38.4,1.4,362.7,177.5,0.6605,0
1283,42.8094,99.4,9.2,355.9,166.3,0.7465,0
1284,42.8428,104.6,4.1,355.0,168.3,0.8724,0
1285,42.8762,105.4,0.8,358.6,169.2,0.863,0
1286,42.9095,105.9,0.8,366.0,166.9,0.9014,0
1287,42.9429,79.7,1.0,365.7,168.5,0.8092,0
1288,42.9763,104.5,0.6,371.7,167.3,0.8357,0
1289,43.0096,125.2,0.7,377.8,166.2,0.8532,0
1290,43.043,105.4,3.1,356.8,166.1,0.7204,0
1291,43.0764,93.2,0.8,361.0,168.1,0.8215,0
1292,43.1097,60.8,2.3,357.2,167.4,0.6825,0
1292,43.1097,79.0,2.0,354.8,169.1,0.202,0
1293,43.1431,72.2,1.4,365.1,167.6,0.3462,0
1294,43.1765,92.6,1.2,359.4,168.6,0.2035,0
1295,43.2098,100.6,2.2,353.5,169.2,0.8149,0
1296,43.2432,100.5,2.2,357.0,167.3,0.6951,0
1297,43.2766,101.2,0.9,358.2,166.4,0.7056,0
1297,43.2766,109.4,0.9,353.9,166.1,0.1125,0
1298,43.3099,101.0,0.8,357.9,168.1,0.8722,0
1299,43.3433,99.5,1.7,358.0,167.2,0.9196,0
1300,43.3767,99.0,1.0,355.8,166.8,0.7596,0
1301,43.41,89.6,0.5,356.7,167.9,0.7444,0
1301,43.41,94.2,0.0,354.3,170.2,0.2085,0
1302,43.4434,111.7,1.0,350.5,167.7,0.8685,0
1303,43.4768,32.0,1.1,357.9,174.2,0.6692,0
1303,43.4768,66.1,0.5,358.0,169.4,0.6593,0
1304,43.5101,105.7,0.1,357.5,170.4,0.8576,0
1305,43.5435,108.0,1.9,349.1,168.3,0.1009,0
1306,43.5769,106.3,1.2,357.0,169.2,0.8234,0
1307,43.6102,106.6,0.6,361.7,169.5,0.8478,0
1308,43.6436,70.6,1.9,360.4,168.4,0.554,0
1308,43.6436,57.0,2.3,362.7,166.5,0.104,0
1309,43.677,95.9,2.8,361.4,166.3,0.4865,0
1309,43.677,84.3,3.5,363.5,165.2,0.1177,0
1310,43.7103,67.7,1.1,362.8,167.4,0.7818,0
1311,43.7437,58.6,1.3,360.4,167.9,0.8438,0
1311,43.7437,38.4,1.0,361.3,173.5,0.2775,0
1312,43.7771,123.1,2.2,346.5,166.2,0.3801,0
1312,43.7771,117.6,2.7,347.9,165.0,0.1046,0
1313,43.8104,120.9,2.3,350.1,164.2,0.9123,0
1314,43.8438,118.1,0.4,355.9,163.9,0.9069,0
1315,43.8772,90.7,1.1,356.7,166.6,0.8588,0
1316,43.9105,103.7,0.0,365.9,165.3,0.5981,0
1317,43.9439,34.4,3.6,359.2,166.7,0.8851,0
1317,43.9439,30.2,2.3,352.1,176.3,0.1119,0
1318,43.9773,65.7,2.9,358.0,165.8,0.8402,0
1319,44.0106,76.2,1.1,356.7,168.8,0.7882,0
1320,44.044,44.2,3.2,360.0,166.2,0.821,0
1321,44.0774,84.3,1.2,363.6,167.8,0.6999,0
1322,44.1107,80.3,0.5,365.1,168.2,0.7818,0
1323,44.1441,112.6,0.3,362.1,166.0,0.895,0
1324,44.1775,115.4,2.4,361.9,164.3,0.7526,0
1325,44.2108,110.9,1.9,362.0,165.2,0.3513,0
1325,44.2108,101.4,3.0,363.8,166.3,0.1845,0
1326,44.2442,98.7,1.2,362.1,167.3,0.551,0
1327,44.2776,109.2,1.1,349.2,166.9,0.5594,0
1328,44.3109,108.8,0.7,346.8,168.2,0.7555,0
1329,44.3443,111.3,1.1,350.0,168.1,0.7005,0
1330,44.3777,110.7,0.6,351.1,168.3,0.7856,0
1331,44.411,119.5,0.6,347.5,166.6,0.8016,0
1332,44.4444,112.6,1.6,343.7,165.4,0.8313,0
1332,44.4444,46.6,2.1,352.4,175.4,0.7058,0
1333,44.4778,124.4,0.5,345.7,164.0,0.8799,0
1334,44.5111,116.1,1.0,347.3,165.2,0.8846,0
1335,44.5445,115.7,1.0,352.4,166.3,0.8677,0
1336,44.5779,117.6,0.9,352.6,166.3,0.8215,0
1337,44.6112,117.3,0.8,354.4,166.9,0.8591,0
1338,44.6446,98.6,1.4,357.3,168.3,0.7733,0
1339,44.678,74.1,3.7,362.8,168.2,0.5869,0
1340,44.7113,77.0,2.4,368.0,168.0,0.7899,0
1341,44.7447,93.4,2.7,363.2,168.2,0.8429,0
1342,44.7781,82.9,1.0,353.3,171.0,0.8671,0
1343,44.8114,60.8,0.7,348.8,172.6,0.8209,0
1344,44.8448,37.4,1.9,355.0,173.6,0.8602,0
1345,44.8782,71.6,2.7,350.8,168.0,0.8311,0
1346,44.9115,100.8,0.7,357.9,166.9,0.8714,0
1347,44.9449,74.6,1.7,361.0,168.0,0.6736,0
1347,44.9449,55.5,2.3,364.5,168.1,0.3783,0
1348,44.9783,115.4,4.8,351.2,166.3,0.1866,0
1348,44.9783,92.0,2.0,357.8,166.8,0.1229,0
1349,45.0116,115.2,1.5,354.6,166.5,0.8471,0
1350,45.045,111.8,1.9,358.7,166.3,0.7174,0
1350,45.045,108.5,2.3,359.4,164.9,0.1305,0
1351,45.0784,55.4,1.7,370.2,168.0,0.3052,0
1351,45.0784,92.8,0.9,366.0,164.9,0.2855,0
1352,45.1117,39.3,1.9,361.0,173.8,0.706,0
1353,45.1451,86.7,0.8,354.3,166.1,0.8161,0
1354,45.1785,32.1,0.2,357.5,166.4,0.5496,0
1354,45.1785,25.1,2.9,359.2,166.0,0.3068,0
1355,45.2118,55.9,1.0,357.8,166.3,0.8549,0
1356,45.2452,46.7,0.5,353.9,167.0,0.8658,0
1357,45.2786,108.7,0.8,354.3,164.9,0.8243,0
1358,45.3119,96.1,0.5,356.7,167.8,0.8871,0
1359,45.3453,50.3,0.9,359.7,167.1,0.6941,0
1360,45.3787,98.2,1.0,356.9,167.1,0.1967,0
1360,45.3787,107.3,0.9,353.6,166.5,0.1753,0
1360,45.3787,84.4,2.2,359.6,166.9,0.1271,0
1361,45.412,86.4,0.9,353.6,168.8,0.8726,0
1362,45.4454,71.0,1.2,349.4,168.7,0.8155,0
1363,45.4788,93.6,1.2,353.3,167.5,0.6372,0
1363,45.4788,116.5,1.0,348.9,166.8,0.1618,0
1364,45.5121,76.4,1.5,358.1,168.2,0.5838,0
1365,45.5455,95.3,0.8,352.3,166.6,0.8903,0
1366,45.5789,103.3,1.3,353.2,166.1,0.7864,0
1367,45.6122,103.6,0.6,350.9,167.4,0.7894,0
1368,45.6456,98.6,0.8,348.3,167.5,0.5972,0
1368,45.6456,96.4,1.6,350.9,166.2,0.1843,0
1369,45.679,91.0,1.1,354.8,167.5,0.8335,0
1370,45.7123,81.3,1.8,357.1,168.5,0.7827,0
1371,45.7457,89.8,1.2,349.1,168.1,0.5511,0
1372,45.7791,84.1,1.3,346.6,165.6,0.8984,0
1373,45.8124,88.8,2.0,353.0,167.6,0.7725,0
1374,45.8458,67.0,1.3,347.0,168.4,0.7955,0
1375,45.8792,84.4,0.8,343.1,169.0,0.836,0
1376,45.9125,57.5,1.2,347.4,169.8,0.7835,0
1377,45.9459,67.6,0.6,346.3,169.6,0.8587,0
1377,45.9459,26.2,1.0,344.0,173.4,0.2228,0
1378,45.9793,96.8,0.6,350.5,168.9,0.8453,0
1379,46.0126,78.1,1.4,353.1,169.1,0.8972,0
1380,46.046,73.7,1.3,350.5,169.3,0.8817,0
1381,46.0794,59.6,3.2,357.7,166.5,0.8679,0
1382,46.1127,63.4,0.8,354.8,166.3,0.8397,0
1383,46.1461,71.1,0.7,358.9,165.6,0.9148,0
1384,46.1795,69.5,2.7,355.5,167.6,0.8869,0
1385,46.2128,82.4,2.5,354.5,165.2,0.7971,0
1385,46.2128,40.0,109.2,85.2,180.6,0.3046,0
1386,46.2462,48.5,4.0,359.4,165.9,0.8532,0
1387,46.2796,65.0,1.3,353.8,166.9,0.3728,0
1387,46.2796,73.6,0.5,350.8,169.0,0.2804,0
1388,46.3129,49.4,1.5,356.0,169.5,0.8792,0
1389,46.3463,43.8,0.6,353.2,168.2,0.7254,0
1390,46.3797,108.8,0.2,355.6,164.9,0.8339,0
1391,46.413,98.6,1.1,362.0,166.0,0.8041,0
1392,46.4464,86.2,2.0,346.5,169.3,0.8112,0
1393,46.4798,86.1,1.4,346.0,169.2,0.7909,0
1394,46.5131,77.2,0.6,357.2,168.9,0.8733,0
1395,46.5465,115.1,0.9,353.5,166.5,0.8953,0
1396,46.5799,85.6,2.0,356.8,165.4,0.5363,0
1396,46.5799,99.0,1.6,355.7,166.8,0.2226,0
1397,46.6132,83.4,0.8,360.2,165.9,0.8767,0
1398,46.6466,31.8,1.5,355.5,170.6,0.7671,0
1398,46.6466,58.8,1.4,359.5,167.1,0.3605,0
1399,46.68,43.5,0.1,364.0,166.4,0.688,0
1400,46.7133,35.7,2.4,358.1,169.6,0.7343,0
1401,46.7467,66.0,1.7,355.6,167.5,0.5169,0
1401,46.7467,47.0,2.4,359.5,166.4,0.1055,0
1402,46.7801,56.5,1.6,353.0,169.0,0.7618,0
1403,46.8134,77.6,1.4,352.6,169.4,0.8283,0
1404,46.8468,88.2,0.9,354.6,168.1,0.8022,0
1405,46.8802,73.1,0.8,356.1,166.9,0.784,0
1405,46.8802,29.4,0.8,349.2,176.0,0.134,0
1406,46.9135,19.6,1.1,357.1,177.3,0.5326,0
1407,46.9469,110.7,0.8,355.5,166.5,0.8814,0
1408,46.9803,112.4,0.7,352.3,166.7,0.8832,0
1409,47.0136,52.3,2.3,356.6,168.6,0.8851,0
1410,47.047,28.8,2.1,355.5,174.3,0.7138,0
1410,47.047,54.7,2.2,354.2,168.9,0.3717,0
1411,47.0804,52.3,2.0,371.0,167.6,0.7902,0
1412,47.1137,42.3,3.7,363.6,167.9,0.2536,0
1412,47.1137,41.6,2.0,354.4,170.0,0.1307,0
1413,47.1471,36.1,2.6,359.1,173.9,0.8297,0
1414,47.1805,74.9,1.3,360.2,168.8,0.8026,0
1415,47.2138,92.4,1.7,351.5,167.8,0.8409,0
1416,47.2472,91.0,2.1,355.1,167.7,0.8619,0
1417,47.2806,86.7,1.8,354.6,169.3,0.5997,0
1417,47.2806,93.6,0.9,353.6,168.6,0.1338,0
1418,47.3139,98.5,2.3,358.5,166.7,0.8171,0
1419,47.3473,88.8,2.6,361.4,168.0,0.6633,0
1420,47.3807,60.3,1.1,359.2,169.1,0.7022,0
1421,47.414,31.7,1.4,366.5,185.2,0.8201,0
1422,47.4474,38.6,1.4,364.2,176.0,0.6824,0
1423,47.4808,42.3,0.7,367.1,167.6,0.7696,0
1424,47.5141,39.7,4.1,376.2,168.3,0.8537,0
1425,47.5475,34.5,2.7,362.0,169.1,0.4976,0
1425,47.5475,43.5,1.8,364.6,171.8,0.1553,0
1426,47.5809,50.8,2.1,362.2,168.6,0.8838,0
1427,47.6142,66.8,1.7,361.6,167.0,0.8428,0
1428,47.6476,77.4,1.9,358.2,167.6,0.5597,0
1428,47.6476,53.1,1.9,360.1,171.3,0.5282,0
1429,47.681,60.9,1.3,361.6,169.8,0.6206,0
1430,47.7143,48.0,2.1,354.6,172.3,0.3604,0
1431,47.7477,55.9,2.3,361.8,172.1,0.3604,0
1431,47.7477,54.3,2.1,357.1,173.7,0.3174,0
1432,47.7811,48.9,1.9,367.9,172.6,0.7294,0
1433,47.8144,67.7,1.9,361.5,166.9,0.815,0
1434,47.8478,106.5,1.5,353.2,169.1,0.796,0
1435,47.8812,107.7,0.5,362.2,167.1,0.8825,0
1436,47.9145,109.4,1.0,357.8,166.4,0.7984,0
1437,47.9479,85.8,3.2,361.1,169.2,0.7895,0
1438,47.9813,71.5,2.8,357.9,168.7,0.7738,0
1439,48.0146,54.9,2.1,356.7,166.9,0.67,0
1440,48.048,59.7,1.6,360.9,167.2,0.62,0
1441,48.0814,103.7,0.4,365.7,165.2,0.4271,0
1441,48.0814,94.0,1.2,367.2,165.8,0.1507,0
1442,48.1147,39.7,1.5,374.5,170.8,0.5077,0
1442,48.1147,34.7,1.7,373.6,167.5,0.1227,0
1443,48.1481,101.4,1.3,367.7,164.7,0.8681,0
1444,48.1815,96.2,0.7,356.9,164.9,0.9062,0
1445,48.2148,119.3,0.5,360.9,163.4,0.89,0
1446,48.2482,107.0,0.5,370.4,163.1,0.886,0
1447,48.2816,48.7,1.7,362.9,170.3,0.6947,0
1448,48.3149,40.5,1.3,355.5,174.9,0.8388,0
1449,48.3483,43.2,1.9,357.0,182.3,0.8343,0
1450,48.3817,77.9,0.7,350.2,167.9,0.8084,0
1451,48.415,64.6,0.9,356.8,167.7,0.375,0
1451,48.415,55.1,1.0,354.3,168.8,0.3211,0
1452,48.4484,75.6,0.7,353.3,168.7,0.8614,0
1453,48.4818,86.0,3.4,353.4,168.2,0.8888,0
1454,48.5151,92.3,0.6,353.6,168.0,0.6534,0
1455,48.5485,48.0,1.2,361.2,170.2,0.8658,0
1456,48.5819,70.9,0.7,361.2,165.4,0.8372,0
1457,48.6152,69.0,1.7,359.2,166.8,0.8715,0
1458,48.6486,78.1,0.6,358.9,166.6,0.8607,0
1459,48.682,55.0,0.6,361.5,167.3,0.7929,0
1460,48.7153,40.2,0.7,354.9,171.7,0.8951,0
1461,48.7487,74.1,0.7,351.4,167.9,0.875,0
1462,48.7821,50.1,1.8,353.3,173.5,0.7764,0
1463,48.8154,87.5,1.0,340.6,168.2,0.8051,0
1464,48.8488,79.1,1.5,348.3,166.4,0.3947,0
1464,48.8488,92.4,0.6,345.7,168.1,0.2434,0
1465,48.8822,76.2,0.9,349.6,166.4,0.8567,0
1466,48.9155,104.0,0.4,348.5,165.9,0.8454,0
1467,48.9489,58.0,2.5,356.2,167.5,0.7796,0
1468,48.9823,89.1,0.7,350.3,167.0,0.7959,0
1469,49.0156,72.7,4.4,355.2,167.0,0.3273,0
1469,49.0156,87.2,3.0,352.8,167.3,0.1133,0
1470,49.049,118.9,4.0,352.7,166.9,0.5584,0
1470,49.049,108.3,3.8,355.2,167.2,0.1668,0
1471,49.0824,115.4,2.7,349.9,165.1,0.7078,0
1472,49.1157,107.6,0.8,351.0,165.9,0.7547,0
1472,49.1157,35.8,1.4,358.4,178.8,0.5923,0
1473,49.1491,119.0,0.5,351.2,166.1,0.8295,0
1473,49.1491,80.5,1.6,360.5,170.2,0.258,0
1474,49.1825,108.9,3.7,358.4,167.2,0.7698,0
1475,49.2158,110.8,1.6,356.8,168.1,0.8392,0
1476,49.2492,52.0,2.8,358.3,169.5,0.3873,0
1476,49.2492,48.4,2.7,358.4,172.1,0.2915,0
1477,49.2826,40.1,2.5,360.6,167.7,0.5863,0
1477,49.2826,38.7,2.2,359.8,170.9,0.1135,0
1478,49.3159,56.3,1.5,360.5,169.3,0.8697,0
1479,49.3493,52.0,1.5,355.6,167.5,0.5629,0
1480,49.3827,113.5,1.6,351.1,167.3,0.7374,0
1481,49.416,109.4,0.9,352.4,168.0,0.7037,0
1482,49.4494,102.7,1.8,354.0,167.0,0.808,0
1483,49.4828,100.9,0.5,351.8,168.5,0.4662,0
1484,49.5161,23.1,1.4,345.1,177.9,0.3327,0
1485,49.5495,30.4,2.0,349.4,174.3,0.7771,0
1486,49.5829,71.2,1.2,346.2,168.8,0.7656,0
1486,49.5829,30.7,1.8,349.1,173.4,0.5854,0
1487,49.6162,63.1,1.1,357.3,169.3,0.8139,0
1487,49.6162,44.7,1.3,355.9,171.2,0.7849,0
1488,49.6496,104.4,1.2,351.8,167.0,0.7578,0
1488,49.6496,53.7,1.5,355.7,170.1,0.647,0
1489,49.683,116.6,1.1,353.5,167.1,0.7516,0
1490,49.7163,113.2,1.0,350.5,167.0,0.6934,0
1491,49.7497,73.3,2.0,363.8,166.2,0.7528,0
1492,49.7831,104.6,1.7,365.2,166.8,0.7429,0
1493,49.8164,78.9,2.6,369.6,167.3,0.7388,0
1494,49.8498,89.9,0.8,357.1,168.2,0.6669,0
1495,49.8832,91.7,1.8,360.3,167.8,0.7057,0
1496,49.9165,97.3,0.4,363.6,169.0,0.7057,0
1497,49.9499,90.8,3.7,362.7,168.0,0.5904,0
1498,49.9833,85.8,0.8,353.0,168.5,0.7847,0
1499,50.0166,119.4,0.6,349.1,168.5,0.7591,0
1500,50.05,117.7,1.1,348.9,170.5,0.6193,0
1501,50.0834,69.9,0.6,360.3,172.6,0.6801,0
1502,50.1167,69.9,1.6,361.6,168.9,0.5824,0
1503,50.1501,116.4,1.0,350.9,168.8,0.5531,0
1504,50.1835,48.1,1.2,352.0,182.7,0.5585,0
1504,50.1835,91.4,1.0,351.2,172.1,0.3622,0
1504,50.1835,112.6,0.8,347.6,171.3,0.1719,0
1505,50.2168,70.9,1.2,352.9,170.6,0.5142,0
1505,50.2168,50.9,2.2,353.8,174.5,0.5039,0
1506,50.2502,55.0,1.9,358.4,169.9,0.8969,0
1507,50.2836,71.9,1.8,359.8,168.7,0.7963,0
1508,50.3169,43.1,1.9,354.5,175.1,0.4944,0
1509,50.3503,32.2,2.1,355.2,182.2,0.3357,0
1509,50.3503,64.2,1.5,355.4,170.1,0.2211,0
1510,50.3837,120.6,1.7,350.6,167.9,0.7776,0
1511,50.417,116.0,0.7,351.6,171.4,0.5698,0
1512,50.4504,116.8,0.4,353.0,170.3,0.7042,0
1513,50.4838,60.8,1.7,359.9,188.4,0.8151,0
1514,50.5171,60.4,2.9,364.4,181.1,0.5712,0
1515,50.5505,53.7,2.9,359.2,180.2,0.651,0
1516,50.5839,27.6,2.0,360.3,178.2,0.757,0
1517,50.6172,57.1,2.4,359.2,179.1,0.7285,0
1518,50.6506,67.1,1.1,353.3,169.6,0.5349,0
1519,50.684,47.8,0.9,360.6,191.4,0.6476,0
1520,50.7173,25.3,2.2,362.6,180.9,0.6354,0
1521,50.7507,83.8,1.4,359.6,185.3,0.5609,0
1522,50.7841,115.1,0.5,353.4,172.1,0.4629,0
1523,50.8174,75.9,2.5,356.5,177.3,0.7749,0
1524,50.8508,84.2,2.4,358.8,178.5,0.7178,0
1525,50.8842,96.1,1.7,361.4,168.9,0.7448,0
1526,50.9175,59.9,1.8,372.9,173.9,0.7112,0
1527,50.9509,67.8,1.2,369.0,168.5,0.847,0
1527,50.9509,103.9,0.3,363.7,167.4,0.1023,0
1528,50.9843,60.0,2.0,370.8,168.6,0.3105,0
1528,50.9843,88.7,2.2,367.1,167.4,0.1855,0
1529,51.0176,58.9,2.2,354.1,167.8,0.744,0
1530,51.051,74.4,0.7,357.0,168.7,0.235,0
1530,51.051,92.3,0.8,353.9,167.9,0.1232,0
1531,51.0844,109.6,1.6,354.0,168.6,0.8754,0
1532,51.1177,106.4,1.0,356.7,167.8,0.4072,0
1533,51.1511,88.4,0.8,350.2,170.3,0.6152,0
1534,51.1845,102.1,1.1,350.4,170.5,0.5197,0
1535,51.2178,84.8,0.8,350.1,170.3,0.8067,0
1536,51.2512,34.2,1.5,358.8,166.8,0.8615,0
1537,51.2846,46.8,1.6,358.4,168.6,0.7014,0
1537,51.2846,60.7,0.7,356.2,168.6,0.1428,0
1538,51.3179,43.2,2.7,358.1,168.6,0.8076,0
1538,51.3179,54.0,2.1,356.1,168.0,0.1186,0
1539,51.3513,54.9,1.0,357.9,166.2,0.7997,0
1540,51.3847,71.3,1.7,357.7,168.1,0.8695,0
1541,51.418,61.8,2.1,359.9,168.0,0.8255,0
1542,51.4514,66.5,1.9,366.6,171.3,0.8494,0
1543,51.4848,54.1,3.5,376.1,169.4,0.155,0
1544,51.5181,102.9,0.8,368.1,168.0,0.8343,0
1545,51.5515,119.1,0.9,352.9,166.6,0.7766,0
1546,51.5849,122.5,1.3,349.9,165.6,0.7721,0
1547,51.6182,115.3,0.7,350.7,167.3,0.6166,0
1547,51.6182,66.4,2.2,360.5,170.2,0.3439,0
1548,51.6516,77.6,2.8,359.5,168.2,0.4053,0
1549,51.685,70.6,1.3,356.0,167.0,0.5763,0
1550,51.7183,77.5,0.7,349.4,167.7,0.6227,0
1551,51.7517,52.0,2.0,353.5,169.9,0.7396,0
1552,51.7851,43.8,3.9,353.3,168.6,0.7014,0
1553,51.8184,56.6,3.0,352.7,171.1,0.5441,0
1554,51.8518,68.0,1.2,349.4,168.4,0.437,0
1554,51.8518,35.1,1.6,353.9,171.7,0.1261,0
1555,51.8852,55.4,1.2,352.8,169.3,0.8394,0
1556,51.9185,49.3,1.7,360.3,169.9,0.8997,0
1557,51.9519,41.6,3.0,356.6,171.9,0.848,0
1558,51.9853,122.2,0.5,349.0,167.9,0.8846,0
1559,52.0186,125.5,0.5,349.4,167.3,0.8587,0
1560,52.052,118.1,0.6,351.3,167.9,0.8487,0
1561,52.0854,105.1,0.8,353.6,168.0,0.7106,0
1562,52.1187,111.8,0.9,351.5,168.9,0.4343,0
1563,52.1521,121.5,1.6,351.7,168.1,0.5486,0
1563,52.1521,115.7,2.8,352.6,166.4,0.1888,0
1564,52.1855,115.7,0.4,359.3,167.2,0.8753,0
1565,52.2188,110.4,0.3,362.7,166.5,0.33,0
1565,52.2188,100.7,1.7,363.6,166.0,0.1227,0
1566,52.2522,93.4,2.2,367.7,166.0,0.2393,0
1566,52.2522,75.6,2.1,371.9,167.4,0.1915,0
1567,52.2856,112.2,1.1,353.8,167.1,0.2905,0
1567,52.2856,103.9,1.2,356.6,168.2,0.1735,0
1568,52.3189,110.2,1.2,354.8,167.7,0.8605,0
1569,52.3523,109.3,5.0,355.7,164.8,0.7661,0
1570,52.3857,86.2,1.1,356.2,167.4,0.3352,0
1570,52.3857,112.0,1.1,351.2,166.8,0.3315,0
1571,52.419,104.0,0.2,352.7,167.2,0.8778,0
1572,52.4524,97.3,0.8,350.3,169.6,0.841,0
1573,52.4858,100.3,1.8,357.1,166.5,0.7074,0
1574,52.5191,81.3,2.3,359.3,168.7,0.8563,0
1575,52.5525,113.7,0.5,356.9,170.3,0.7946,0
1576,52.5859,81.3,1.3,370.1,166.5,0.826,0
1577,52.6192,108.6,2.1,368.4,166.7,0.7947,0
1578,52.6526,42.7,1.5,360.4,166.8,0.7989,0
1579,52.686,79.9,1.4,363.2,168.0,0.86,0
1580,52.7193,105.8,1.7,350.5,168.1,0.5854,0
1580,52.7193,77.5,1.7,355.7,169.3,0.1157,0
1581,52.7527,108.2,1.0,351.8,168.0,0.6581,0
1581,52.7527,41.1,1.7,357.3,180.5,0.4583,0
1582,52.7861,61.1,2.6,362.3,167.5,0.6254,0
1582,52.7861,84.7,1.4,357.9,169.0,0.3287,0
1583,52.8194,65.7,1.3,358.5,168.9,0.7354,0
1584,52.8528,45.3,2.1,358.9,169.2,0.4597,0
1585,52.8862,94.4,1.3,355.9,167.4,0.4712,0
1585,52.8862,105.2,0.9,352.5,167.5,0.3593,0
1586,52.9195,85.0,3.2,355.8,168.1,0.829,0
1587,52.9529,58.2,2.9,355.2,169.3,0.7739,0
1588,52.9863,77.0,2.3,358.9,167.1,0.8529,0
1589,53.0196,,,,,,
1590,53.053,57.2,1.1,364.6,168.1,0.3726,0
1591,53.0864,46.9,1.8,358.9,169.9,0.6721,0
1592,53.1197,108.2,0.8,353.2,166.1,0.6853,0
1592,53.1197,90.1,1.1,358.5,166.6,0.1904,0
1593,53.1531,106.6,2.6,355.6,165.0,0.8703,0
1594,53.1865,81.4,0.7,368.2,167.2,0.3265,0
1595,53.2198,83.2,0.6,366.1,164.3,0.7275,0
1596,53.2532,59.2,0.4,365.8,169.2,0.849,0
1597,53.2866,64.3,2.5,376.7,169.6,0.7044,0
1597,53.2866,74.4,1.7,376.3,169.2,0.3284,0
1598,53.3199,99.5,5.0,372.1,166.1,0.869,0
1599,53.3533,98.9,1.9,353.5,170.2,0.8982,0
1600,53.3867,99.4,3.8,364.0,166.7,0.9056,0
1601,53.42,56.0,2.5,374.7,169.6,0.8511,0
1601,53.42,43.3,2.3,157.4,175.7,0.1539,0
1602,53.4534,54.5,1.1,382.1,169.4,0.8898,0
1602,53.4534,63.6,0.7,379.7,169.0,0.2698,0
1603,53.4868,54.3,4.1,380.5,171.9,0.669,0
1604,53.5201,75.6,1.6,383.9,163.7,0.793,0
1604,53.5201,48.2,3.0,367.7,167.3,0.1828,0
1605,53.5535,70.5,0.9,369.4,166.0,0.7767,0
1606,53.5869,111.8,4.5,359.0,165.7,0.604,0
1607,53.6202,80.6,1.2,362.3,167.9,0.5498,0
1607,53.6202,63.5,0.2,364.4,166.6,0.2703,0
1608,53.6536,57.7,1.2,368.4,168.1,0.8628,0
1609,53.687,63.6,3.3,363.6,169.2,0.8514,0
1610,53.7203,60.1,3.2,376.3,167.1,0.8552,0
1611,53.7537,57.2,2.9,382.4,166.0,0.8405,0
1612,53.7871,63.0,2.8,380.1,166.4,0.853,0
1613,53.8204,78.3,1.6,378.1,166.5,0.36,0
1614,53.8538,63.6,2.3,374.6,166.8,0.8499,0
1615,53.8872,79.7,1.2,358.9,166.8,0.8525,0
1616,53.9205,75.0,2.1,369.7,165.9,0.8309,0
1617,53.9539,107.0,0.6,368.6,164.2,0.8751,0
1618,53.9873,110.7,0.8,368.0,165.2,0.9144,0
1619,54.0206,86.1,0.9,361.9,168.0,0.807,0
1620,54.054,63.3,1.0,366.3,167.7,0.8249,0
1621,54.0874,60.0,3.6,365.0,168.7,0.7966,0
1622,54.1207,94.3,0.4,357.7,167.0,0.5287,0
1622,54.1207,83.7,1.3,360.4,167.4,0.2058,0
1623,54.1541,58.2,1.2,359.0,169.3,0.909,0
1624,54.1875,54.2,0.7,361.3,169.2,0.8887,0
1625,54.2208,72.3,3.7,366.5,166.0,0.8587,0
1626,54.2542,58.0,4.9,374.3,166.3,0.7965,0
1626,54.2542,63.0,2.2,190.7,173.1,0.1163,0
1627,54.2876,53.8,1.8,380.2,165.7,0.8498,0
1628,54.3209,51.1,2.1,381.4,166.8,0.7521,0
1629,54.3543,77.7,2.8,367.7,170.8,0.6463,0
1630,54.3877,56.3,1.7,368.5,170.0,0.8251,0
1631,54.421,55.5,1.6,357.1,169.0,0.897,0
1632,54.4544,54.7,1.0,360.5,169.3,0.8068,0
1633,54.4878,56.8,2.1,355.3,169.0,0.6779,0
1634,54.5211,44.1,1.3,365.1,167.7,0.8234,0
1635,54.5545,121.4,0.4,354.8,165.2,0.8766,0
1636,54.5879,78.6,0.5,360.2,167.6,0.5644,0
1637,54.6212,84.5,1.0,354.0,168.4,0.171,0
1637,54.6212,62.7,1.7,360.2,173.5,0.1193,0
1638,54.6546,87.2,0.9,359.6,166.0,0.4354,0
1638,54.6546,64.6,1.7,363.3,170.7,0.1067,0
1639,54.688,37.8,1.3,373.3,173.9,0.7338,0
1640,54.7213,34.7,1.7,372.7,170.9,0.8424,0
1641,54.7547,70.5,2.7,371.6,170.5,0.8513,0
1642,54.7881,84.9,1.9,375.5,174.1,0.3952,0
1643,54.8214,90.0,2.1,383.3,175.8,0.87,0
1644,54.8548,74.9,2.7,364.4,180.0,0.7865,0
1645,54.8882,69.3,2.0,365.4,170.4,0.8916,0
1646,54.9215,53.0,1.3,365.7,170.4,0.8751,0
1647,54.9549,45.6,1.5,359.6,177.7,0.7916,0
1648,54.9883,89.5,1.2,362.2,167.0,0.6204,0
1648,54.9883,76.6,1.0,365.5,167.8,0.1941,0
1649,55.0216,108.0,2.5,370.8,166.6,0.8708,0
1650,55.055,98.4,5.3,366.8,165.2,0.8702,0
1651,55.0884,54.8,2.6,370.1,169.1,0.9002,0
1652,55.1217,72.9,1.5,372.6,165.7,0.7453,0
1653,55.1551,56.4,2.7,358.8,166.0,0.8469,0
1654,55.1885,55.0,1.3,366.7,166.7,0.8236,0
1655,55.2218,87.9,2.3,351.7,166.8,0.8499,0
1656,55.2552,80.4,3.0,355.2,167.2,0.8591,0
1657,55.2886,92.4,3.0,360.2,168.2,0.8432,0
1658,55.3219,86.5,2.5,360.5,166.7,0.8833,0
1659,55.3553,67.1,3.8,357.7,166.0,0.8817,0
1660,55.3887,47.5,1.1,358.6,168.3,0.7639,0
1661,55.422,60.4,1.7,362.4,171.9,0.7723,0
1662,55.4554,52.2,2.4,359.4,169.8,0.8171,0
1663,55.4888,56.8,1.6,358.0,175.1,0.8814,0
1664,55.5221,46.7,1.1,361.5,184.3,0.6413,0
1665,55.5555,54.5,1.8,362.0,178.2,0.8015,0
1666,55.5889,81.6,1.2,348.7,169.5,0.3922,0
1666,55.5889,69.5,1.6,351.5,168.8,0.3553,0
1667,55.6222,44.1,1.8,354.8,177.7,0.8456,0
1668,55.6556,43.8,2.2,353.7,174.4,0.7889,0
1669,55.689,40.6,3.1,354.2,168.5,0.7911,0
1670,55.7223,65.5,1.1,361.9,168.7,0.6098,0
1671,55.7557,73.5,1.2,370.3,165.1,0.8548,0
1672,55.7891,89.4,0.7,378.6,165.2,0.7479,0
1673,55.8224,64.5,1.6,378.4,170.9,0.6998,0
1674,55.8558,50.8,2.1,360.0,171.3,0.46,0
1675,55.8892,54.3,1.5,358.3,168.8,0.8898,0
1676,55.9225,53.7,1.9,369.8,171.5,0.762,0
1677,55.9559,76.7,1.5,369.0,169.0,0.2093,0
1678,55.9893,46.2,1.9,365.4,176.5,0.8755,0
1679,56.0226,78.5,1.3,357.6,170.3,0.7982,0
1679,56.0226,50.9,2.0,362.2,175.7,0.7721,0
1680,56.056,90.9,1.4,354.2,170.0,0.8538,0
1681,56.0894,89.0,1.8,354.7,167.6,0.6537,0
1682,56.1227,35.4,1.9,360.4,170.1,0.5559,0
1682,56.1227,53.6,1.1,357.7,168.5,0.218,0
1683,56.1561,97.5,0.4,362.8,169.7,0.7024,0
1684,56.1895,94.7,1.0,368.4,169.4,0.8433,0
1685,56.2228,66.1,1.0,367.2,168.0,0.6264,0
1686,56.2562,97.7,0.6,367.6,166.8,0.7739,0
1686,56.2562,64.3,1.6,371.7,168.6,0.191,0
1687,56.2896,58.7,2.1,374.3,164.6,0.3489,0
1688,56.3229,81.2,1.6,375.0,166.4,0.3298,0
1689,56.3563,65.0,1.3,364.4,169.3,0.1543,0
1689,56.3563,84.1,1.3,364.6,168.0,0.1093,0
1690,56.3897,38.7,2.4,363.5,169.9,0.6758,0
1691,56.423,29.8,1.4,373.9,169.8,0.6401,0
1692,56.4564,115.7,0.5,356.8,166.1,0.5829,0
1693,56.4898,116.4,2.5,354.6,166.0,0.6534,0
1694,56.5231,65.0,2.3,354.1,168.2,0.8245,0
1695,56.5565,36.2,1.4,352.3,172.5,0.7382,0
1696,56.5899,38.0,1.5,361.4,169.7,0.6307,0
1697,56.6232,30.2,2.7,350.3,173.4,0.357,0
1698,56.6566,95.0,2.4,368.8,168.2,0.639,0
1699,56.69,83.0,0.6,370.4,167.1,0.6137,0
1700,56.7233,88.0,3.1,366.5,167.4,0.7447,0
1701,56.7567,102.9,0.3,361.1,165.7,0.6984,0
1702,56.7901,118.4,0.5,362.2,167.3,0.3577,0
1703,56.8234,66.4,1.6,358.8,168.3,0.4666,0
1704,56.8568,118.1,1.1,351.1,166.9,0.3909,0
1705,56.8902,80.3,2.0,364.1,168.1,0.2952,0
1706,56.9235,96.1,1.0,368.8,167.4,0.4438,0
1707,56.9569,47.6,1.4,394.9,183.5,0.3501,0
1708,56.9903,44.3,1.4,388.4,181.2,0.5479,0
1709,57.0236,71.6,0.8,377.5,165.9,0.1295,0
1709,57.0236,38.7,2.6,375.1,187.2,0.1041,0
1710,57.057,82.9,0.8,382.4,167.8,0.3544,0
1711,57.0904,99.9,2.1,355.9,171.9,0.5861,0
1712,57.1237,40.3,2.3,366.7,176.7,0.3961,0
1712,57.1237,92.5,1.6,362.8,167.4,0.1485,0
1713,57.1571,107.2,2.6,352.8,166.5,0.704,0
1714,57.1905,112.3,1.6,352.6,167.4,0.6218,0
1715,57.2238,107.9,0.8,354.9,166.6,0.5079,0
1715,57.2238,100.2,1.8,358.0,167.2,0.1136,0
1716,57.2572,110.2,0.3,359.0,166.9,0.3731,0
1717,57.2906,112.6,1.3,350.2,165.6,0.4165,0
1718,57.3239,47.1,1.5,356.7,173.7,0.3027,0
1719,57.3573,47.4,2.4,375.5,168.2,0.4361,0
1719,57.3573,90.3,1.7,369.3,164.3,0.245,0
1720,57.3907,61.3,2.4,377.5,174.3,0.5354,0
1721,57.424,47.5,1.3,358.2,171.0,0.4284,0
1722,57.4574,98.6,0.8,360.4,166.8,0.2162,0
1722,57.4574,80.5,1.5,364.4,167.9,0.1756,0
1723,57.4908,45.2,1.7,369.2,171.8,0.7256,0
1724,57.5241,35.1,1.7,356.4,174.2,0.4115,0
1725,57.5575,41.3,1.7,354.2,174.7,0.3251,0
1726,57.5909,73.3,1.1,354.8,168.2,0.4848,0
1726,57.5909,54.4,1.8,358.3,169.9,0.2498,0
1727,57.6242,59.1,1.5,359.7,167.1,0.8342,0
1728,57.6576,65.8,1.1,359.9,167.1,0.8714,0
1728,57.6576,110.1,0.0,351.8,165.7,0.3673,0
1729,57.691,67.7,2.0,359.2,166.4,0.7816,0
1730,57.7243,126.4,1.9,350.2,163.9,0.854,0
1731,57.7577,112.1,1.0,353.4,165.3,0.8625,0
1732,57.7911,119.2,3.4,349.4,164.9,0.8727,0
1733,57.8244,76.2,3.5,359.6,167.6,0.3931,0
1733,57.8244,112.0,6.1,353.2,165.9,0.2804,0
1734,57.8578,56.4,2.6,358.5,170.0,0.8017,0
1735,57.8912,56.6,1.7,359.8,171.7,0.5646,0
1735,57.8912,74.8,1.5,355.7,168.3,0.1951,0
1736,57.9245,54.4,1.9,365.9,176.1,0.797,0
1737,57.9579,85.3,2.9,370.2,167.0,0.4989,0
1738,57.9913,72.9,0.2,355.1,166.1,0.884,0
1739,58.0246,63.7,1.0,355.2,168.7,0.8099,0
1740,58.058,50.5,1.0,357.5,172.2,0.5003,0
1740,58.058,56.4,1.3,356.5,168.2,0.1664,0
1741,58.0914,113.6,1.0,354.8,166.6,0.6231,0
1742,58.1247,122.4,0.3,352.5,165.7,0.7124,0
1743,58.1581,127.4,1.3,347.9,166.4,0.7564,0
1744,58.1915,125.3,1.0,352.9,165.5,0.8601,0
1745,58.2248,59.9,3.1,372.2,169.9,0.8124,0
1746,58.2582,93.8,5.4,371.4,168.2,0.7441,0
1746,58.2582,51.3,2.5,361.7,174.7,0.1022,0
1747,58.2916,97.8,2.3,354.8,168.4,0.6831,0
1747,58.2916,47.2,2.1,352.0,173.3,0.1878,0
1748,58.3249,114.2,2.5,354.4,168.4,0.6241,0
1749,58.3583,49.0,1.6,365.1,193.2,0.1965,0
1750,58.3917,67.2,3.4,367.9,172.4,0.314,0
1750,58.3917,54.4,2.8,361.1,174.1,0.3087,0
1751,58.425,81.1,3.9,360.0,167.6,0.8283,0
1752,58.4584,35.1,4.2,358.2,170.2,0.5427,0
1753,58.4918,44.0,1.8,352.1,171.6,0.4742,0
1754,58.5251,88.1,2.5,350.1,166.2,0.8063,0
1755,58.5585,52.7,2.2,359.6,167.0,0.8477,0
1756,58.5919,98.8,0.7,357.0,167.4,0.8293,0
1757,58.6252,72.5,2.2,359.8,165.6,0.3669,0
1757,58.6252,66.3,1.9,355.8,168.2,0.2754,0
1758,58.6586,49.3,2.6,359.9,167.0,0.5106,0
1759,58.692,52.5,2.0,354.1,169.1,0.8046,0
1760,58.7253,44.8,2.6,356.8,171.4,0.6809,0
1761,58.7587,53.6,3.3,348.4,168.5,0.3729,0
1761,58.7587,76.8,2.0,346.8,167.7,0.3644,0
1762,58.7921,77.4,0.9,346.8,168.5,0.7878,0
1763,58.8254,90.5,0.6,346.6,165.9,0.9086,0
1764,58.8588,55.3,1.5,353.4,165.8,0.8385,0
1765,58.8922,56.3,2.0,354.4,166.2,0.7514,0
1766,58.9255,51.9,1.8,351.6,168.1,0.864,0
1767,58.9589,59.3,4.0,357.9,166.6,0.9242,0
1768,58.9923,81.2,3.7,359.4,166.5,0.8789,0
1769,59.0256,69.2,2.2,353.8,168.9,0.8964,0
1770,59.059,74.6,1.6,352.9,169.3,0.8831,0
1771,59.0924,94.9,3.0,352.7,166.0,0.2919,0
1771,59.0924,101.9,1.1,349.1,167.8,0.2683,0
1772,59.1257,81.9,2.1,346.4,168.1,0.8338,0
1773,59.1591,104.9,1.5,344.0,166.4,0.855,0
1774,59.1925,66.8,0.9,347.7,169.1,0.8715,0
1775,59.2258,60.1,1.2,351.2,168.0,0.9182,0
1776,59.2592,64.3,1.6,353.1,169.8,0.6907,0
1777,59.2926,59.6,1.3,347.1,168.0,0.4487,0
1778,59.3259,62.0,1.4,352.1,168.9,0.9298,0
1779,59.3593,90.5,1.0,347.4,168.3,0.8891,0
1780,59.3927,80.8,1.0,349.2,167.5,0.8671,0
1781,59.426,55.2,1.0,353.9,167.0,0.8007,0
1782,59.4594,65.4,1.4,357.2,167.6,0.5839,0
1782,59.4594,81.3,0.8,354.2,166.8,0.1475,0
1783,59.4928,49.5,1.6,360.5,167.5,0.8062,0
1783,59.4928,57.2,1.3,359.5,165.5,0.2043,0
1784,59.5261,77.3,1.0,350.2,166.9,0.7697,0
1784,59.5261,51.5,0.9,354.8,167.6,0.6245,0
1785,59.5595,68.4,1.6,350.9,166.5,0.807,0
1786,59.5929,95.4,1.4,349.8,167.5,0.7477,0
1787,59.6262,63.6,4.6,354.6,167.9,0.3948,0
1788,59.6596,57.6,2.2,353.6,167.7,0.848,0
1789,59.693,49.0,1.8,357.2,169.8,0.7705,0
1790,59.7263,80.6,0.5,349.1,167.5,0.5643,0
1791,59.7597,48.1,2.0,351.2,171.0,0.8017,0
1792,59.7931,45.7,1.2,352.3,170.2,0.83,0
1793,59.8264,60.5,1.3,354.5,167.1,0.8655,0
1794,59.8598,100.6,1.8,353.6,168.5,0.7341,0
1795,59.8932,84.5,2.2,346.9,167.8,0.8448,0
1796,59.9265,85.5,1.4,356.2,165.9,0.9057,0
1797,59.9599,91.6,0.3,342.6,166.1,0.8434,0
1798,59.9933,92.0,0.6,343.1,167.6,0.8787,0
1799,60.0266,59.1,1.7,352.2,167.9,0.8925,0
1800,60.06,77.7,2.6,354.9,172.9,0.8877,0
1801,60.0934,50.6,1.7,355.5,172.8,0.8713,0
1802,60.1267,55.7,1.6,357.6,172.0,0.8852,0
1803,60.1601,71.9,1.2,359.5,169.2,0.8249,0
1804,60.1935,66.1,0.5,351.9,167.0,0.7984,0
1805,60.2268,76.9,0.6,347.7,168.0,0.7176,0
1806,60.2602,126.7,1.1,349.3,166.7,0.8556,0
1807,60.2936,51.2,1.8,359.0,167.9,0.6932,0
1808,60.3269,112.2,0.5,356.1,168.5,0.7656,0
1809,60.3603,109.8,1.0,356.8,166.7,0.4744,0
1809,60.3603,116.7,0.3,355.6,168.4,0.217,0
1810,60.3937,70.4,1.5,353.7,167.0,0.8821,0
1811,60.427,77.0,1.7,361.0,165.3,0.8975,0
1812,60.4604,92.2,1.4,364.7,167.7,0.822,0
1812,60.4604,54.2,1.8,369.4,167.2,0.1552,0
1813,60.4938,101.4,0.2,360.6,167.6,0.8407,0
1814,60.5271,95.5,0.8,370.1,166.8,0.8781,0
1815,60.5605,80.9,0.8,376.6,167.3,0.8214,0
1816,60.5939,62.2,1.9,371.7,171.5,0.262,0
1816,60.5939,72.8,0.6,369.9,169.4,0.1502,0
1817,60.6272,91.5,0.3,368.4,168.2,0.3633,0
1818,60.6606,105.6,1.0,366.0,167.4,0.8891,0
1819,60.694,84.5,0.4,377.7,166.9,0.79,0
1820,60.7273,89.1,1.5,385.4,167.5,0.3925,0
1820,60.7273,101.5,0.6,381.3,167.6,0.2324,0
1821,60.7607,50.2,6.5,362.6,166.9,0.5529,0
1822,60.7941,52.6,1.8,365.7,169.9,0.5358,0
1823,60.8274,93.0,2.9,364.5,185.9,0.6176,0
1824,60.8608,105.8,2.9,368.0,172.9,0.8076,0
1825,60.8942,88.3,1.3,367.6,165.4,0.7521,0
1826,60.9275,83.9,1.7,373.9,168.9,0.1169,0
1826,60.9275,84.8,2.4,369.8,166.7,0.1067,0
1827,60.9609,77.8,1.5,380.0,166.8,0.5006,0
1828,60.9943,115.8,1.2,362.2,167.5,0.6536,0
1829,61.0276,61.1,1.2,369.9,166.1,0.8017,0
1829,61.0276,98.9,0.3,364.6,165.4,0.1313,0
1830,61.061,104.6,0.7,368.1,164.4,0.6777,0
1831,61.0944,95.2,0.6,372.2,166.5,0.8261,0
1832,61.1277,64.7,1.4,373.0,168.1,0.594,0
1832,61.1277,86.4,0.9,368.4,167.2,0.1851,0
1833,61.1611,85.4,2.2,364.9,166.1,0.6687,0
1834,61.1945,100.2,3.2,366.4,167.8,0.7882,0
1835,61.2278,104.2,2.4,360.0,172.0,0.8448,0
1836,61.2612,93.2,2.8,369.2,170.0,0.8177,0
1837,61.2946,94.8,1.7,369.9,167.4,0.8069,0
1838,61.3279,60.2,1.7,370.9,177.9,0.707,0
1839,61.3613,55.6,2.0,378.4,172.5,0.7208,0
1840,61.3947,71.9,2.7,361.4,166.8,0.368,0
1840,61.3947,99.2,4.0,356.2,166.0,0.3016,0
1841,61.428,62.3,1.2,364.2,170.6,0.7476,0
1842,61.4614,95.9,2.3,374.6,164.4,0.7642,0
1842,61.4614,55.9,2.5,378.2,169.6,0.2094,0
1843,61.4948,110.3,0.6,367.9,168.0,0.8363,0
1844,61.5281,88.4,0.9,348.5,169.8,0.4175,0
1844,61.5281,74.2,2.1,353.7,170.4,0.2862,0
1845,61.5615,76.2,1.1,353.4,168.4,0.8474,0
1846,61.5949,94.1,0.7,360.3,169.3,0.6809,0
1847,61.6282,109.1,0.3,363.6,167.9,0.8543,0
1848,61.6616,76.8,1.2,358.9,169.5,0.6627,0
1849,61.695,102.8,2.6,355.5,168.1,0.9164,0
1850,61.7283,59.1,2.5,361.4,174.1,0.8277,0
1851,61.7617,45.2,1.6,366.9,181.7,0.6594,0
1852,61.7951,63.1,1.4,360.7,168.8,0.6468,0
1853,61.8284,48.5,2.8,360.4,176.0,0.6394,0
1854,61.8618,34.7,2.1,368.9,175.6,0.7299,0
1855,61.8952,32.9,2.0,373.4,170.2,0.7388,0
1856,61.9285,49.9,1.7,361.8,170.1,0.8419,0
1857,61.9619,86.1,0.6,357.2,168.4,0.2041,0
1857,61.9619,110.6,0.2,352.6,167.9,0.1198,0
1857,61.9619,61.0,1.6,359.6,171.5,0.1184,0
1858,61.9953,33.7,2.5,366.2,179.7,0.4976,0
1859,62.0286,63.1,1.7,361.4,175.2,0.684,0
1860,62.062,67.5,2.1,365.7,183.4,0.3586,0
1861,62.0954,30.1,1.2,359.3,187.7,0.5845,0
1862,62.1287,20.5,1.5,368.5,182.5,0.5846,0
1863,62.1621,96.0,2.0,367.5,171.9,0.3871,0
1863,62.1621,105.7,1.0,363.6,168.9,0.1814,0
1864,62.1955,80.5,1.7,364.2,170.8,0.7483,0
1865,62.2288,65.1,2.2,358.1,171.0,0.8468,0
1866,62.2622,107.0,1.6,355.3,168.7,0.5997,0
1867,62.2956,56.3,2.1,367.3,167.6,0.7035,0
1868,62.3289,77.5,2.8,371.5,165.8,0.8448,0
1869,62.3623,73.9,0.1,371.2,167.7,0.7591,0
1870,62.3957,54.7,2.9,369.5,177.6,0.4947,0
1871,62.429,73.9,2.7,363.7,170.4,0.6486,0
1872,62.4624,51.7,1.3,358.1,169.5,0.7629,0
1872,62.4624,40.3,1.9,361.2,178.6,0.7396,0
1873,62.4958,74.7,1.0,357.8,166.8,0.8336,0
1874,62.5291,59.1,0.9,359.8,170.8,0.8348,0
1875,62.5625,78.7,1.2,358.9,170.4,0.7031,0
1876,62.5959,69.6,1.6,364.9,173.4,0.8717,0
1877,62.6292,106.9,0.6,362.3,176.0,0.3064,0
1877,62.6292,61.6,1.2,369.6,185.9,0.1759,0
1878,62.6626,95.8,0.9,377.0,169.0,0.6952,0
1879,62.696,99.6,1.2,382.4,168.1,0.6488,0
1880,62.7293,98.9,0.7,348.5,171.3,0.7565,0
1881,62.7627,34.4,2.0,365.4,171.9,0.7939,0
1882,62.7961,92.9,0.8,361.8,168.4,0.49,0
1883,62.8294,49.0,1.8,359.5,179.7,0.7422,0
1884,62.8628,43.8,2.2,359.7,179.2,0.428,0
1885,62.8962,50.7,2.7,360.1,176.3,0.5299,0
1885,62.8962,73.8,1.6,357.6,169.0,0.2232,0
1886,62.9295,51.9,1.9,366.1,172.2,0.4657,0
1887,62.9629,63.3,2.4,367.3,169.3,0.2886,0
1888,62.9963,89.1,2.5,351.4,169.0,0.8181,0
1889,63.0296,54.5,2.5,355.0,171.7,0.8298,0
1890,63.063,58.0,2.4,352.7,174.4,0.6345,0
1891,63.0964,83.6,2.5,362.8,174.1,0.8828,0
1892,63.1297,91.8,2.0,363.4,170.6,0.4032,0
1892,63.1297,82.6,2.7,367.3,177.6,0.2819,0
1893,63.1631,90.8,1.8,371.1,171.9,0.8316,0
1894,63.1965,75.8,4.2,375.1,170.5,0.8113,0
1895,63.2298,44.4,1.8,374.8,170.4,0.767,0
1895,63.2298,64.8,1.2,374.6,169.3,0.1578,0
1896,63.2632,33.4,1.6,360.6,182.7,0.7689,0
1897,63.2966,73.8,1.1,363.4,172.8,0.7426,0
1897,63.2966,45.1,1.4,363.4,182.2,0.3961,0
1898,63.3299,73.3,0.7,367.7,170.7,0.8008,0
1899,63.3633,44.0,2.2,365.8,177.0,0.7176,0
1900,63.3967,71.7,1.2,362.6,168.2,0.8014,0
1901,63.43,30.4,1.8,369.9,172.0,0.8273,0
1902,63.4634,40.7,2.7,369.4,171.4,0.835,0
1903,63.4968,53.3,2.3,361.1,172.2,0.812,0
1904,63.5301,73.1,2.7,360.7,168.6,0.8371,0
1905,63.5635,90.2,0.9,360.8,168.4,0.3378,0
1905,63.5635,103.5,1.1,360.1,167.7,0.2179,0
1906,63.5969,57.2,1.3,363.1,168.4,0.6681,0
1907,63.6302,70.3,1.4,362.0,169.2,0.7851,0
1908,63.6636,60.7,2.2,358.0,171.9,0.8518,0
1909,63.697,49.3,2.2,362.4,172.4,0.8149,0
1910,63.7303,35.8,2.5,360.1,172.4,0.8219,0
1911,63.7637,86.9,2.4,364.8,169.4,0.5902,0
1912,63.7971,88.7,3.1,363.1,168.0,0.8331,0
1913,63.8304,47.8,1.6,365.5,170.8,0.7461,0
1914,63.8638,49.8,1.0,356.1,168.1,0.7422,0
1915,63.8972,78.8,2.1,355.5,167.5,0.7577,0
1916,63.9305,59.9,0.8,354.1,166.5,0.3214,0
1916,63.9305,46.6,1.8,356.0,165.6,0.1844,0
1917,63.9639,43.4,1.6,354.8,169.6,0.5298,0
1918,63.9973,38.7,1.8,354.3,175.6,0.5069,0
1919,64.0306,51.7,3.3,358.9,167.8,0.7171,0
1920,64.064,48.2,2.2,356.9,167.8,0.7375,0
1921,64.0974,54.5,2.4,354.8,167.7,0.4823,0
1921,64.0974,29.7,2.3,356.1,174.7,0.2524,0
1922,64.1307,34.4,2.1,362.0,170.8,0.7038,0
1923,64.1641,76.7,4.0,359.4,166.6,0.7935,0
1924,64.1975,68.7,0.7,362.3,167.4,0.816,0
1925,64.2308,106.3,0.6,364.7,165.9,0.8711,0
1926,64.2642,108.6,1.1,358.0,165.7,0.6894,0
1927,64.2976,96.7,0.5,352.0,165.2,0.7745,0
1928,64.3309,69.8,1.0,358.2,165.0,0.7916,0
1929,64.3643,62.0,2.6,363.4,165.8,0.7398,0
1930,64.3977,89.4,0.4,363.2,167.0,0.8127,0
1931,64.431,82.0,1.8,369.4,167.5,0.8682,0
1932,64.4644,96.5,0.5,361.9,166.9,0.8096,0
1933,64.4978,97.3,0.3,359.8,166.7,0.8399,0
1934,64.5311,70.9,1.3,359.7,167.7,0.8949,0
1935,64.5645,94.6,1.4,359.9,167.8,0.8704,0
1936,64.5979,66.5,1.6,354.6,167.2,0.662,0
1936,64.5979,86.0,0.6,351.8,168.4,0.2371,0
1937,64.6312,88.3,1.2,357.8,167.5,0.8382,0
1938,64.6646,63.7,1.8,361.7,168.4,0.8561,0
1939,64.698,54.6,0.9,354.2,171.2,0.4696,0
1939,64.698,40.2,1.1,360.8,176.2,0.2439,0
1940,64.7313,78.2,1.0,355.0,169.9,0.3291,0
1940,64.7313,52.9,1.1,356.2,173.0,0.2174,0
1940,64.7313,61.4,1.7,357.6,169.9,0.1663,0
1941,64.7647,23.3,1.7,363.3,174.1,0.5612,0
1942,64.7981,106.5,2.2,357.1,168.2,0.8249,0
1943,64.8314,104.5,1.3,363.3,167.8,0.9064,0
1944,64.8648,73.4,3.1,370.3,167.2,0.8274,0
1945,64.8982,29.9,2.3,361.2,169.2,0.8503,0
1946,64.9315,60.7,2.3,358.1,172.0,0.8883,0
1947,64.9649,38.6,2.8,364.1,178.7,0.8259,0
1948,64.9983,41.4,2.2,362.2,175.2,0.8102,0
1949,65.0316,35.6,2.0,356.6,180.5,0.5094,0
1950,65.065,48.6,2.4,356.9,171.0,0.7763,0
1951,65.0984,53.1,2.2,359.4,171.0,0.6793,0
1952,65.1317,73.8,2.0,358.0,172.4,0.2853,0
1952,65.1317,108.3,2.4,353.1,170.9,0.2469,0
1953,65.1651,57.4,2.2,360.2,174.9,0.7738,0
1954,65.1985,37.8,1.7,352.7,170.3,0.8564,0
1955,65.2318,59.5,1.0,355.6,168.2,0.8862,0
1956,65.2652,83.7,0.2,355.5,169.6,0.8115,0
1957,65.2986,71.6,1.1,359.8,167.1,0.7503,0
1958,65.3319,46.3,1.8,366.5,177.0,0.7801,0
1959,65.3653,111.2,0.3,376.2,168.3,0.7988,0
1960,65.3987,44.9,2.0,372.9,172.6,0.7405,0
1961,65.432,89.3,1.1,357.4,166.8,0.5381,0
1961,65.432,77.6,2.3,360.2,170.5,0.1066,0
1962,65.4654,87.1,2.4,357.7,167.7,0.7157,0
1963,65.4988,63.8,3.1,364.0,170.9,0.5776,0
1964,65.5321,76.3,0.8,365.9,167.8,0.7076,0
1965,65.5655,72.9,0.7,367.5,165.9,0.8251,0
1966,65.5989,78.0,0.9,362.2,168.5,0.7641,0
1967,65.6322,95.5,0.7,359.0,169.6,0.3273,0
1968,65.6656,75.9,2.2,370.1,170.7,0.6157,0
1968,65.6656,82.6,1.0,367.9,166.8,0.1005,0
1969,65.699,111.0,2.4,356.1,165.6,0.7641,0
1970,65.7323,118.7,4.8,355.2,168.3,0.8384,0
1971,65.7657,111.3,0.9,368.7,168.0,0.7682,0
1972,65.7991,42.1,1.7,359.6,185.2,0.745,0
1973,65.8324,80.6,3.0,357.9,170.8,0.6211,0
1973,65.8324,97.7,2.8,355.4,167.0,0.169,0
1973,65.8324,256.2,200.0,284.6,231.8,0.1264,0
1974,65.8658,91.1,1.5,360.7,167.0,0.6466,0
1975,65.8992,116.3,0.4,357.1,167.4,0.7871,0
1976,65.9325,84.2,0.9,352.2,169.8,0.6823,0
1976,65.9325,46.0,1.4,351.3,174.1,0.5798,0
1977,65.9659,96.7,1.8,354.7,168.0,0.3787,0
1978,65.9993,41.6,1.4,362.1,172.1,0.8186,0
1979,66.0326,42.1,1.0,359.6,180.1,0.4951,0
1979,66.0326,67.0,0.9,357.9,168.4,0.485,0
1980,66.066,43.5,1.4,353.6,174.8,0.5945,0
1981,66.0994,41.3,1.4,358.3,175.5,0.7143,0
1982,66.1327,35.4,1.9,357.6,181.1,0.6454,0
1983,66.1661,45.1,1.0,357.7,174.8,0.5236,0
1984,66.1995,42.5,4.4,362.0,168.7,0.8695,0
1985,66.2328,88.1,1.3,356.2,167.0,0.5104,0
1985,66.2328,43.6,1.1,355.7,172.3,0.3094,0
1986,66.2662,45.2,2.4,354.6,173.2,0.509,0
1987,66.2996,35.0,3.0,369.6,170.8,0.8253,0
1988,66.3329,102.3,3.7,370.0,169.1,0.7169,0
1989,66.3663,92.8,3.3,374.8,166.2,0.8298,0
1990,66.3997,106.0,1.6,381.4,166.1,0.7979,0
1991,66.433,107.1,1.7,373.3,166.1,0.631,0
1992,66.4664,109.6,1.3,358.9,169.4,0.6529,0
1993,66.4998,112.5,3.0,351.5,167.0,0.4295,0
1994,66.5331,108.6,0.9,354.8,167.9,0.6051,0
1995,66.5665,95.0,1.0,369.4,168.9,0.7118,0
1996,66.5999,102.1,0.6,370.5,169.5,0.6854,0
1997,66.6332,86.1,1.3,358.5,169.7,0.8398,0
1998,66.6666,107.7,2.0,351.8,171.1,0.6656,0
1999,66.7,107.8,0.7,354.3,170.2,0.4964,0
1999,66.7,110.8,0.2,353.6,169.3,0.4043,0
2000,66.7333,26.9,1.4,356.0,186.7,0.8044,0
2001,66.7667,107.4,0.5,357.8,170.8,0.7431,0
2002,66.8001,35.0,2.1,375.0,199.1,0.2059,0
2002,66.8001,32.4,1.6,373.4,188.0,0.1605,0
2003,66.8334,36.6,1.8,379.8,175.4,0.4479,0
2004,66.8668,125.6,0.9,379.9,168.0,0.6396,0
2005,66.9002,98.0,1.9,384.5,177.1,0.8312,0
2005,66.9002,256.1,201.2,284.4,231.5,0.1007,0
2006,66.9335,110.1,1.0,356.4,168.0,0.8333,0
2007,66.9669,107.1,2.4,356.8,168.0,0.7928,0
2008,67.0003,102.1,1.3,363.0,168.8,0.8554,0
2009,67.0336,99.2,0.7,362.3,170.7,0.8039,0
2010,67.067,108.2,1.0,351.2,167.9,0.2739,0
2010,67.067,88.3,2.3,358.2,170.2,0.1379,0
2011,67.1004,110.8,1.4,357.5,168.5,0.8289,0
2012,67.1337,98.6,0.7,356.2,168.3,0.8012,0
2013,67.1671,91.2,0.6,360.3,168.7,0.7279,0
2014,67.2005,68.2,0.4,360.1,169.8,0.6668,0
2015,67.2338,73.5,0.9,368.4,171.9,0.7324,0
2016,67.2672,98.6,0.5,356.9,167.5,0.1956,0
2016,67.2672,88.6,0.8,359.0,166.4,0.1391,0
2017,67.3006,112.6,2.2,351.6,166.6,0.7555,0
2018,67.3339,109.3,3.7,355.3,169.5,0.6511,0
2018,67.3339,119.5,3.0,353.0,168.6,0.2691,0
2019,67.3673,121.6,0.8,348.8,169.0,0.3709,0
2020,67.4007,64.9,1.7,357.2,173.9,0.8064,0
2021,67.434,57.6,2.0,359.5,173.3,0.84,0
2022,67.4674,37.2,1.5,372.0,174.2,0.8429,0
2023,67.5008,105.3,1.8,361.5,172.8,0.7762,0
2024,67.5341,81.3,2.6,368.2,172.1,0.7569,0
2025,67.5675,92.5,1.6,352.7,167.0,0.7998,0
2026,67.6009,50.1,2.2,354.3,170.6,0.7898,0
2027,67.6342,90.0,0.9,352.5,170.6,0.5758,0
2028,67.6676,65.7,2.4,356.3,173.3,0.8635,0
2029,67.701,118.1,0.5,353.3,169.3,0.7527,0
2030,67.7343,84.8,0.6,369.3,168.2,0.3657,0
2030,67.7343,63.4,0.9,371.7,168.0,0.1724,0
2031,67.7677,82.3,1.4,373.0,168.2,0.684,0
2032,67.8011,91.7,0.0,369.7,167.2,0.714,0
2033,67.8344,108.5,0.2,364.0,169.4,0.7763,0
2034,67.8678,61.4,0.9,368.0,171.1,0.8433,0
2035,67.9012,69.2,1.2,368.2,168.9,0.7552,0
2036,67.9345,110.7,1.8,358.1,168.9,0.7962,0
2037,67.9679,100.0,2.1,362.0,168.3,0.7037,0
2038,68.0013,109.6,1.1,374.8,168.1,0.4737,0
2038,68.0013,98.1,2.0,378.3,168.2,0.162,0
2039,68.0346,99.3,2.9,379.9,169.4,0.8843,0
2040,68.068,49.0,1.9,358.0,170.2,0.4554,0
2040,68.068,43.7,2.2,355.9,173.6,0.2167,0
2041,68.1014,42.5,1.8,356.1,172.2,0.789,0
2041,68.1014,70.8,2.3,354.9,169.2,0.6609,0
2042,68.1347,107.1,0.6,359.5,168.3,0.45,0
2042,68.1347,102.5,1.7,361.6,166.7,0.1536,0
2043,68.1681,93.6,0.8,346.2,170.0,0.4363,0
2043,68.1681,72.1,1.3,349.6,168.9,0.2353,0
2044,68.2015,26.0,1.6,359.1,173.2,0.6317,0
2045,68.2348,65.8,0.7,354.0,168.8,0.8239,0
2046,68.2682,107.7,0.2,352.9,168.7,0.4746,0
2046,68.2682,40.3,1.8,352.0,173.5,0.1619,0
2047,68.3016,45.5,1.4,361.5,174.0,0.8021,0
2048,68.3349,60.8,1.8,361.6,171.3,0.7228,0
2049,68.3683,110.3,1.4,353.1,168.6,0.5614,0
2049,68.3683,61.5,1.4,350.1,172.1,0.4271,0
2050,68.4017,122.3,1.5,355.7,168.3,0.7732,0
2051,68.435,117.3,1.1,352.1,166.3,0.8259,0
2052,68.4684,117.6,0.2,352.3,166.8,0.7929,0
2053,68.5018,52.9,1.4,364.0,168.8,0.8158,0
2053,68.5018,102.3,0.6,358.3,167.4,0.6271,0
2054,68.5351,105.0,0.2,360.3,167.7,0.7351,0
2055,68.5685,7.5,1.2,370.8,169.2,0.7315,0
2056,68.6019,83.4,0.9,371.7,167.3,0.8316,0
2057,68.6352,110.9,1.8,363.7,167.2,0.4261,0
2057,68.6352,120.0,0.5,361.5,168.2,0.1803,0
2058,68.6686,78.8,1.1,361.6,168.1,0.805,0
2059,68.702,119.8,0.9,353.3,167.3,0.886,0
2060,68.7353,113.3,1.2,365.7,167.5,0.7426,0
2061,68.7687,39.6,0.7,363.5,168.7,0.7361,0
2062,68.8021,66.8,2.0,366.3,170.6,0.6514,0
2063,68.8354,69.6,1.1,362.9,169.2,0.8398,0
2064,68.8688,97.1,1.2,365.1,167.9,0.7302,0
2065,68.9022,67.6,0.4,375.9,170.1,0.6317,0
2066,68.9355,90.6,0.4,354.5,169.6,0.8092,0
2067,68.9689,66.3,2.5,363.1,168.5,0.8744,0
2068,69.0023,56.6,2.1,362.9,168.6,0.8388,0
2069,69.0356,32.8,1.0,365.8,168.2,0.5387,0
2070,69.069,39.8,1.7,358.9,172.0,0.3895,0
2070,69.069,71.9,1.3,358.0,169.6,0.1488,0
2071,69.1024,72.3,0.9,364.8,169.2,0.492,0
2072,69.1357,93.2,2.2,365.4,166.4,0.8488,0
2073,69.1691,22.7,2.1,361.5,175.0,0.3887,0
2074,69.2025,73.6,3.4,375.5,169.1,0.6839,0
2075,69.2358,92.9,1.4,382.6,170.3,0.8158,0
2076,69.2692,116.0,1.3,351.3,167.1,0.6186,0
2076,69.2692,101.2,1.2,356.2,167.3,0.1645,0
2077,69.3026,70.3,1.4,359.4,168.7,0.6534,0
2078,69.3359,48.2,1.1,360.6,173.5,0.7792,0
2078,69.3359,60.1,1.0,358.7,170.0,0.4129,0
2079,69.3693,69.1,1.5,362.6,170.2,0.7753,0
2080,69.4027,98.8,2.2,373.7,166.0,0.7654,0
2081,69.436,82.0,0.6,376.8,166.1,0.8227,0
2081,69.436,18.1,1.5,381.5,169.1,0.195,0
2081,69.436,15.6,1.4,354.0,175.7,0.1622,0
2082,69.4694,122.8,0.6,351.9,168.0,0.8712,0
2083,69.5028,118.8,1.4,359.7,167.7,0.8422,0
2084,69.5361,106.5,1.6,352.3,167.0,0.8247,0
2085,69.5695,41.1,2.1,361.9,169.8,0.3184,0
2086,69.6029,118.7,0.5,353.6,168.8,0.7573,0
2087,69.6362,116.2,0.0,354.7,168.0,0.8444,0
2088,69.6696,110.4,0.4,354.2,170.2,0.3872,0
2088,69.6696,93.5,1.4,357.1,170.9,0.2255,0
2089,69.703,83.9,1.1,360.6,171.3,0.7783,0
2090,69.7363,25.2,1.1,365.1,174.4,0.8063,0
2091,69.7697,51.2,2.3,359.2,171.2,0.6943,0
2092,69.8031,111.2,1.7,353.6,169.9,0.8868,0
2093,69.8364,99.2,2.0,356.7,169.5,0.8442,0
2094,69.8698,97.7,1.7,357.3,168.7,0.5913,0
2095,69.9032,56.9,2.7,353.8,173.7,0.6048,0
2096,69.9365,99.2,0.7,350.8,171.5,0.6389,0
2097,69.9699,40.0,2.4,361.1,170.4,0.5059,0
2098,70.0033,47.7,1.9,364.3,169.1,0.7815,0
2099,70.0366,95.8,1.1,361.7,169.9,0.8109,0
2100,70.07,91.3,1.3,352.6,172.0,0.5869,0
2101,70.1034,93.0,2.8,361.2,171.2,0.6218,0
2102,70.1367,104.0,1.8,352.4,169.2,0.6223,0
2103,70.1701,93.2,1.3,350.1,169.5,0.8682,0
2104,70.2035,41.9,2.8,353.2,170.6,0.7875,0
2105,70.2368,41.3,2.4,356.7,174.9,0.7383,0
2106,70.2702,32.1,1.5,355.1,176.3,0.7165,0
2107,70.3036,101.9,4.0,352.0,167.3,0.6659,0
2107,70.3036,44.5,2.4,354.8,172.1,0.1081,0
2108,70.3369,115.9,1.3,354.8,166.4,0.8178,0
2109,70.3703,76.7,1.0,362.7,168.0,0.5136,0
2110,70.4037,89.9,0.3,361.2,166.4,0.5976,0
2111,70.437,117.0,0.7,357.8,165.4,0.8625,0
2112,70.4704,31.8,1.4,357.3,170.2,0.3756,0
2112,70.4704,64.9,0.9,354.3,168.0,0.2587,0
2113,70.5038,56.6,2.0,354.3,172.6,0.7436,0
2114,70.5371,74.9,1.2,350.2,168.2,0.4763,0
2115,70.5705,60.6,2.7,361.3,177.1,0.6313,0
2116,70.6039,47.1,2.8,354.7,177.3,0.765,0
2117,70.6372,54.7,1.5,355.8,176.8,0.8459,0
2118,70.6706,45.3,1.8,351.9,173.1,0.8477,0
2119,70.704,69.6,1.1,355.2,170.8,0.7798,0
2119,70.704,42.9,1.8,354.0,174.1,0.39,0
2120,70.7373,113.8,1.1,354.4,169.2,0.7124,0
2121,70.7707,102.1,1.3,357.4,168.6,0.7847,0
2122,70.8041,90.2,1.0,356.5,167.9,0.8516,0
2123,70.8374,103.0,0.9,350.6,167.8,0.7676,0
2124,70.8708,104.9,0.5,348.0,168.1,0.8435,0
2125,70.9042,51.9,1.3,354.4,167.1,0.7114,0
2126,70.9375,75.6,1.0,365.2,167.1,0.6647,0
2127,70.9709,82.3,0.8,369.2,165.0,0.7082,0
2128,71.0043,62.9,0.6,378.5,167.4,0.772,0
2128,71.0043,56.1,1.3,383.4,172.5,0.1002,0
2129,71.0376,76.9,2.9,367.3,168.3,0.7724,0
2130,71.071,74.6,0.5,371.8,169.0,0.553,0
2130,71.071,68.5,2.5,380.8,175.6,0.393,0
2131,71.1044,22.0,2.9,377.6,174.1,0.716,0
2132,71.1377,18.9,2.0,372.4,176.2,0.5059,0
2133,71.1711,68.7,1.4,373.0,169.5,0.4715,0
2133,71.1711,49.1,2.5,376.5,172.8,0.4552,0
2134,71.2045,68.0,1.2,377.2,168.0,0.8332,0
2135,71.2378,60.8,0.6,357.3,170.0,0.8265,0
2136,71.2712,67.3,0.7,364.1,169.3,0.7982,0
2137,71.3046,60.0,1.2,367.8,168.8,0.8571,0
2138,71.3379,75.0,2.6,357.5,171.7,0.6327,0
2139,71.3713,76.6,2.7,358.9,174.2,0.7076,0
2140,71.4047,91.5,1.1,363.1,170.1,0.5216,0
2141,71.438,99.7,0.2,362.6,167.9,0.2412,0
2141,71.438,95.1,1.5,365.0,169.4,0.1584,0
2142,71.4714,37.7,0.7,366.5,169.4,0.6791,0
2143,71.5048,91.4,0.2,362.5,169.7,0.7473,0
2144,71.5381,102.3,0.4,370.1,168.4,0.8591,0
2145,71.5715,33.5,1.3,377.4,171.3,0.5729,0
2145,71.5715,55.4,0.8,374.5,169.1,0.1417,0
2146,71.6049,82.3,1.0,377.1,168.0,0.7302,0
2146,71.6049,42.6,2.3,374.1,176.0,0.1147,0
2147,71.6382,99.3,0.4,380.7,168.2,0.7664,0
2148,71.6716,41.5,1.4,376.9,179.1,0.7494,0
2149,71.705,39.3,1.4,372.2,182.0,0.6478,0
2150,71.7383,44.9,2.0,370.9,181.4,0.8143,0
2151,71.7717,44.6,0.8,361.4,175.2,0.5821,0
2152,71.8051,49.9,3.1,366.8,171.4,0.7449,0
2153,71.8384,41.3,1.8,369.8,185.4,0.5355,0
2154,71.8718,83.0,3.2,370.6,169.9,0.6186,0
2155,71.9052,55.0,2.4,376.6,173.9,0.1544,0
2155,71.9052,66.1,1.0,372.4,168.9,0.123,0
2156,71.9385,67.3,1.3,375.1,172.1,0.7298,0
2157,71.9719,79.2,2.2,366.5,171.2,0.6436,0
2157,71.9719,84.3,0.7,361.2,170.2,0.1914,0
2158,72.0053,60.2,3.1,359.0,170.7,0.8397,0
2159,72.0386,75.5,1.5,360.1,169.9,0.6702,0
2160,72.072,24.1,2.4,363.4,170.0,0.8457,0
2161,72.1054,34.4,3.2,366.8,170.2,0.7449,0
2162,72.1387,40.8,2.4,365.0,173.2,0.6662,0
2163,72.1721,30.6,2.2,356.7,172.5,0.2851,0
2163,72.1721,103.2,2.4,355.6,167.2,0.2697,0
2164,72.2055,92.2,1.4,363.1,165.9,0.7912,0
2165,72.2388,55.1,1.8,361.2,170.2,0.8477,0
2166,72.2722,67.0,4.1,357.7,170.8,0.7582,0
2167,72.3056,63.9,2.0,359.0,169.9,0.873,0
2168,72.3389,60.1,2.1,354.2,169.7,0.7944,0
2169,72.3723,67.0,2.2,364.0,169.3,0.2828,0
2169,72.3723,81.9,1.6,360.7,168.5,0.1962,0
2170,72.4057,41.8,1.5,358.3,173.3,0.568,0
2170,72.4057,33.6,2.0,360.3,169.8,0.1666,0
2171,72.439,53.2,1.8,363.7,172.4,0.7913,0
2172,72.4724,77.1,1.8,360.0,171.5,0.7302,0
2173,72.5058,58.1,3.9,357.9,167.9,0.5839,0
2173,72.5058,51.3,2.7,356.4,170.7,0.2546,0
2174,72.5391,51.4,2.2,362.3,171.4,0.7217,0
2175,72.5725,42.9,2.6,371.4,173.3,0.7818,0
2176,72.6059,65.8,1.3,361.9,169.4,0.7636,0
2176,72.6059,37.2,2.2,362.4,175.0,0.6534,0
2177,72.6392,109.0,1.3,352.3,169.8,0.5554,0
2177,72.6392,83.6,1.9,358.9,169.8,0.1497,0
2178,72.6726,55.2,0.6,359.6,169.6,0.4746,0
2178,72.6726,32.8,1.3,362.9,172.6,0.2192,0
2179,72.706,66.9,1.9,360.8,172.0,0.7544,0
2180,72.7393,32.8,2.6,356.3,173.0,0.8288,0
2181,72.7727,61.3,2.8,356.1,174.0,0.7017,0
2182,72.8061,28.5,2.1,346.0,177.5,0.2085,0
2183,72.8394,59.0,1.8,358.2,168.9,0.837,0
2184,72.8728,72.9,2.2,356.1,169.8,0.8198,0
2185,72.9062,58.4,2.3,360.3,172.3,0.8691,0
2186,72.9395,22.4,1.9,353.1,173.4,0.1648,0
2187,72.9729,34.0,1.3,358.3,172.6,0.3486,0
2188,73.0063,46.2,1.9,358.6,169.8,0.8532,0
2189,73.0396,68.6,1.0,358.8,169.3,0.848,0
2189,73.0396,32.7,1.8,359.5,172.4,0.6409,0
2190,73.073,73.4,2.3,354.7,170.4,0.847,0
2191,73.1064,53.7,2.2,357.8,172.6,0.8429,0
2192,73.1397,85.7,2.3,359.1,170.1,0.8637,0
2193,73.1731,99.4,2.1,357.6,168.6,0.3136,0
2193,73.1731,104.9,2.3,353.3,167.9,0.2185,0
2194,73.2065,46.2,2.3,365.4,171.8,0.6928,0
2195,73.2398,49.9,2.3,365.8,174.4,0.8246,0
2196,73.2732,50.7,1.6,366.8,181.2,0.8732,0
2197,73.3066,27.0,2.4,366.8,176.3,0.8064,0
2198,73.3399,72.6,0.8,373.1,168.6,0.8,0
2198,73.3399,38.9,2.8,375.7,176.0,0.1923,0
2199,73.3733,98.7,0.8,372.5,168.0,0.6891,0
2200,73.4067,27.0,3.0,375.1,183.6,0.215,0
2201,73.44,40.6,1.6,364.4,180.7,0.5914,0
2202,73.4734,42.8,1.6,364.8,171.1,0.8276,0
2203,73.5068,47.1,1.9,365.6,180.9,0.5449,0
2203,73.5068,92.4,0.7,365.4,170.3,0.3411,0
2204,73.5401,105.4,0.8,370.6,166.6,0.7148,0
2205,73.5735,106.0,1.3,367.0,169.2,0.8354,0
2206,73.6069,101.8,0.8,353.0,170.2,0.7031,0
2207,73.6402,87.8,0.7,358.8,169.5,0.7635,0
2208,73.6736,52.2,1.9,353.9,172.6,0.6511,0
2208,73.6736,79.3,0.7,353.4,169.9,0.1911,0
2209,73.707,85.3,0.8,356.6,167.8,0.4631,0
2210,73.7403,76.7,0.5,364.2,168.2,0.5579,0
2211,73.7737,39.2,2.7,367.8,174.7,0.6366,0
2212,73.8071,76.7,2.9,364.0,170.8,0.5157,0
2213,73.8404,36.4,2.2,362.1,175.1,0.6368,0
2214,73.8738,44.5,1.7,360.9,169.4,0.772,0
2215,73.9072,51.9,2.0,357.1,173.1,0.7674,0
2215,73.9072,71.1,1.1,355.4,167.9,0.5779,0
2216,73.9405,63.2,2.3,363.6,178.2,0.8557,0
2217,73.9739,31.2,2.7,358.2,176.7,0.6369,0
2218,74.0073,43.1,2.3,359.2,172.9,0.8085,0
2219,74.0406,55.5,1.2,360.5,172.9,0.7977,0
2220,74.074,30.5,2.6,362.5,175.0,0.572,0
2220,74.074,66.2,2.0,359.3,169.7,0.3852,0
2221,74.1074,32.8,1.1,360.0,187.2,0.4249,0
2222,74.1407,32.4,1.7,353.6,180.8,0.505,0
2223,74.1741,39.0,1.5,360.0,188.6,0.624,0
2224,74.2075,48.5,2.0,367.0,170.4,0.84,0
2225,74.2408,84.1,1.7,361.8,169.5,0.5908,0
2225,74.2408,100.9,1.6,357.2,168.3,0.1529,0
2226,74.2742,96.0,1.4,361.8,166.9,0.4436,0
2227,74.3076,32.5,2.2,361.4,175.4,0.5951,0
2228,74.3409,90.6,1.5,371.8,169.6,0.898,0
2229,74.3743,73.2,2.4,378.6,169.0,0.8704,0
2230,74.4077,55.8,2.9,377.8,172.6,0.5844,0
2231,74.441,78.4,0.9,379.5,167.7,0.7528,0
2231,74.441,44.9,1.8,376.5,184.9,0.1125,0
2232,74.4744,39.8,1.1,368.3,168.9,0.5966,0
2232,74.4744,31.1,1.6,372.9,179.6,0.5963,0
2233,74.5078,29.9,1.9,362.5,175.9,0.5052,0
2233,74.5078,57.4,1.7,362.5,168.0,0.4189,0
2234,74.5411,66.4,1.0,362.3,168.4,0.358,0
2234,74.5411,28.3,1.8,361.3,179.0,0.2422,0
2235,74.5745,113.6,0.0,354.6,166.7,0.7935,0
2236,74.6079,104.7,1.8,356.0,166.4,0.7046,0
2237,74.6412,52.3,2.3,371.4,169.3,0.8108,0
2238,74.6746,80.3,0.9,357.0,167.3,0.8217,0
2239,74.708,90.5,1.4,367.5,169.4,0.3301,0
2239,74.708,99.2,0.0,366.2,168.6,0.2959,0
2240,74.7413,91.0,1.4,367.1,171.7,0.8195,0
2241,74.7747,57.2,1.7,365.0,174.2,0.6948,0
2242,74.8081,52.4,1.7,364.6,172.0,0.7271,0
2243,74.8414,32.7,1.6,371.9,175.5,0.7767,0
2243,74.8414,88.4,0.8,364.8,169.3,0.1692,0
2244,74.8748,49.3,1.4,364.4,174.8,0.6272,0
2245,74.9082,116.1,0.4,353.4,169.4,0.5229,0
2246,74.9415,113.3,1.2,353.9,169.6,0.5992,0
2246,74.9415,42.3,1.6,355.7,181.7,0.1808,0
2247,74.9749,43.1,1.5,359.3,179.0,0.4196,0
2248,75.0083,32.5,2.7,363.9,176.8,0.7794,0
2249,75.0416,79.0,1.9,365.6,171.7,0.4279,0
2250,75.075,100.7,1.8,359.1,178.6,0.7599,0
2251,75.1084,49.5,1.9,356.2,175.7,0.2894,0
2252,75.1417,44.4,1.7,366.5,176.3,0.7762,0
2253,75.1751,,,,,,
2254,75.2085,119.0,2.3,353.8,169.2,0.7956,0
2255,75.2418,103.2,1.0,356.9,169.6,0.2259,0
2256,75.2752,123.8,1.1,359.1,168.4,0.7676,0
2257,75.3086,110.9,1.0,366.8,170.1,0.7428,0
2258,75.3419,62.8,1.6,359.8,173.0,0.467,0
2258,75.3419,82.7,1.0,355.9,170.1,0.1966,0
2259,75.3753,73.1,2.0,358.4,171.2,0.4974,0
2259,75.3753,60.0,2.7,361.9,175.4,0.3563,0
2260,75.4087,72.4,3.3,365.4,172.3,0.8344,0
2261,75.442,78.6,1.2,369.7,168.5,0.4767,0
2262,75.4754,38.8,2.4,361.4,179.6,0.6274,0
2262,75.4754,58.7,2.0,358.7,170.5,0.1449,0
2263,75.5088,86.4,1.1,358.0,171.8,0.6662,0
2264,75.5421,81.8,0.5,355.5,171.3,0.5876,0
2265,75.5755,66.5,2.4,362.9,178.6,0.7402,0
2266,75.6089,48.4,3.1,362.0,175.4,0.7459,0
2267,75.6422,74.2,0.8,356.3,170.1,0.6132,0
2268,75.6756,117.5,1.1,350.7,169.0,0.7027,0
2269,75.709,54.0,1.5,364.9,173.1,0.7009,0
2270,75.7423,67.2,1.4,363.9,168.0,0.6414,0
2271,75.7757,85.1,2.3,363.4,169.5,0.1789,0
2271,75.7757,69.4,2.3,366.0,170.7,0.1198,0
2272,75.8091,38.4,2.1,361.2,181.0,0.7279,0
2273,75.8424,40.0,1.9,359.1,177.4,0.8261,0
2274,75.8758,94.5,0.2,366.6,169.0,0.6896,0
2275,75.9092,71.3,0.6,358.5,169.5,0.7377,0
2276,75.9425,60.1,0.8,350.5,168.7,0.8238,0
2277,75.9759,71.4,0.7,353.1,168.2,0.7315,0
2278,76.0093,102.2,0.7,360.1,167.9,0.6474,0
2279,76.0426,98.3,0.7,365.5,168.6,0.4207,0
2280,76.076,67.5,0.7,366.8,168.2,0.1404,0
2281,76.1094,107.1,0.7,355.0,168.8,0.4207,0
2282,76.1427,98.0,2.1,363.9,167.2,0.703,0
2283,76.1761,99.1,4.4,360.7,167.2,0.3168,0
2284,76.2095,62.6,2.0,365.1,169.0,0.7994,0
2285,76.2428,73.2,1.0,366.7,169.4,0.8187,0
2286,76.2762,51.5,1.7,356.7,170.2,0.6928,0
2287,76.3096,24.4,2.0,361.0,182.0,0.4644,0
2288,76.3429,95.3,0.9,359.3,166.4,0.2023,0
2289,76.3763,31.6,2.0,356.6,174.8,0.6947,0
2290,76.4097,60.4,0.9,350.2,169.6,0.5329,0
2291,76.443,41.4,1.3,358.1,167.8,0.8558,0
2292,76.4764,38.0,1.9,359.4,178.5,0.7537,0
2293,76.5098,31.9,0.9,360.5,178.8,0.4793,0
2293,76.5098,95.0,1.3,357.6,166.7,0.3728,0
2294,76.5431,114.8,1.0,355.0,168.0,0.8539,0
2295,76.5765,39.0,1.0,361.7,176.1,0.4654,0
2296,76.6099,26.9,1.0,359.0,175.7,0.5701,0
2297,76.6432,43.0,1.7,365.7,175.5,0.7494,0
2298,76.6766,117.0,2.7,357.2,169.6,0.7938,0
2299,76.71,110.8,6.1,363.7,172.7,0.7967,0
2300,76.7433,51.3,1.8,370.0,174.5,0.8627,0
2301,76.7767,100.4,0.8,355.5,168.9,0.5684,0
2302,76.8101,82.2,2.6,372.7,173.5,0.7602,0
2303,76.8434,33.8,2.0,363.9,172.0,0.8211,0
2304,76.8768,3.8,4.4,354.4,175.2,0.2122,0
2305,76.9102,20.6,1.6,355.9,169.7,0.8405,0
2306,76.9435,109.7,1.2,352.1,169.0,0.7389,0
2307,76.9769,78.1,1.1,364.3,169.4,0.2606,0
2307,76.9769,99.3,1.1,362.1,168.9,0.1371,0
2308,77.0103,63.5,0.7,369.2,168.0,0.5128,0
2309,77.0436,46.3,2.3,362.6,169.2,0.6127,0
2310,77.077,50.8,1.9,359.2,172.3,0.8665,0
2311,77.1104,95.2,2.5,357.2,168.2,0.9071,0
2312,77.1437,32.1,2.2,356.6,171.7,0.774,0
2313,77.1771,41.7,1.5,356.5,176.7,0.6428,0
2314,77.2105,61.9,2.7,355.0,171.6,0.8577,0
2315,77.2438,80.8,2.8,358.2,173.6,0.8456,0
2316,77.2772,87.9,1.0,364.9,168.2,0.6842,0
2317,77.3106,61.1,1.2,366.1,168.8,0.7815,0
2318,77.3439,61.7,0.4,366.3,166.8,0.8239,0
2319,77.3773,87.2,0.5,350.1,168.2,0.6354,0
2320,77.4107,114.0,0.5,351.4,167.5,0.8846,0
2321,77.444,115.1,2.1,353.4,167.2,0.8408,0
2322,77.4774,54.6,1.2,356.7,170.2,0.8182,0
2322,77.4774,30.2,1.5,358.7,177.9,0.799,0
2323,77.5108,70.9,0.7,358.0,169.1,0.8653,0
2323,77.5108,36.4,1.5,357.7,174.1,0.1808,0
2324,77.5441,67.4,1.0,357.6,169.7,0.8815,0
2325,77.5775,76.9,0.6,362.8,169.4,0.8492,0
2325,77.5775,44.9,0.9,362.5,174.6,0.21,0
2326,77.6109,49.9,0.9,357.9,172.2,0.897,0
2327,77.6442,65.9,1.4,354.1,168.3,0.8588,0
2328,77.6776,94.1,0.7,353.8,167.6,0.8742,0
2329,77.711,86.2,1.4,351.1,168.7,0.7875,0
2330,77.7443,117.5,1.9,346.3,169.3,0.6553,0
2331,77.7777,100.6,0.8,354.4,168.5,0.6791,0
2332,77.8111,66.8,1.7,367.5,170.0,0.3243,0
2333,77.8444,104.7,1.4,363.4,167.6,0.7359,0
2334,77.8778,104.0,0.7,357.2,168.8,0.3631,0
2334,77.8778,106.8,0.8,355.9,168.4,0.1604,0
2335,77.9112,40.8,2.5,361.8,174.3,0.7521,0
2336,77.9445,104.3,1.0,352.7,167.9,0.215,0
2336,77.9445,116.3,0.9,350.6,167.8,0.1203,0
2337,77.9779,63.1,2.9,356.3,175.3,0.7966,0
2338,78.0113,62.8,2.1,365.3,169.7,0.7951,0
2339,78.0446,95.9,1.4,368.0,172.0,0.8956,0
2340,78.078,101.7,0.5,365.5,169.1,0.8875,0
2341,78.1114,103.5,6.2,358.5,167.8,0.8124,0
2342,78.1447,102.0,0.9,361.6,168.1,0.7244,0
2343,78.1781,98.2,1.2,355.0,168.0,0.8214,0
2344,78.2115,108.1,0.8,354.7,168.2,0.2848,0
2345,78.2448,59.8,0.4,359.2,167.8,0.6335,0
2346,78.2782,89.0,1.2,355.9,166.5,0.439,0
2347,78.3116,110.0,0.3,351.6,166.0,0.8024,0
2348,78.3449,110.2,1.0,350.1,167.9,0.8076,0
2349,78.3783,67.0,1.4,354.8,169.0,0.8945,0
2350,78.4117,77.0,1.0,353.2,168.0,0.8046,0
2351,78.445,61.5,0.9,358.3,169.8,0.8157,0
2352,78.4784,70.8,0.8,362.9,169.3,0.5993,0
2353,78.5118,40.0,1.6,369.4,173.1,0.7532,0
2354,78.5451,52.5,1.4,365.0,172.2,0.7243,0
2355,78.5785,75.5,1.8,360.1,172.0,0.2973,0
2356,78.6119,100.7,0.3,369.0,168.8,0.7692,0
2357,78.6452,92.8,1.0,376.1,167.3,0.748,0
2357,78.6452,61.5,2.0,379.6,170.7,0.1934,0
2358,78.6786,52.9,1.6,358.4,184.7,0.7972,0
2359,78.712,93.9,0.5,355.6,167.5,0.4889,0
2360,78.7453,97.7,2.8,361.0,170.3,0.3484,0
2361,78.7787,86.7,3.4,376.0,172.5,0.6199,0
2362,78.8121,76.1,1.7,380.9,168.2,0.534,0
2363,78.8454,72.0,1.6,379.6,171.3,0.2723,0
2363,78.8454,83.8,1.2,375.5,168.8,0.2604,0
2364,78.8788,,,,,,
2365,78.9122,78.6,1.9,357.4,167.9,0.8136,0
2366,78.9455,102.6,0.7,357.3,167.9,0.631,0
2367,78.9789,90.7,0.6,355.7,168.8,0.7591,0
2368,79.0123,73.8,1.5,359.9,169.9,0.3795,0
2368,79.0123,101.9,0.5,354.2,168.7,0.3448,0
2369,79.0456,41.1,3.0,362.5,171.4,0.7142,0
2370,79.079,28.4,2.1,358.1,172.5,0.7315,0
2371,79.1124,79.7,2.1,361.9,172.9,0.1897,0
2372,79.1457,64.6,1.0,356.2,169.1,0.7374,0
2373,79.1791,116.5,0.7,347.7,168.4,0.797,0
2374,79.2125,112.6,0.7,354.1,169.1,0.715,0
2375,79.2458,105.3,0.1,358.5,167.2,0.7221,0
2376,79.2792,92.2,2.4,360.2,173.5,0.487,0
2377,79.3126,100.1,5.3,360.6,168.3,0.1698,0
2378,79.3459,117.0,0.8,353.6,167.5,0.6595,0
2379,79.3793,115.3,0.5,350.8,166.3,0.8302,0
2380,79.4127,92.2,1.6,359.3,167.7,0.7108,0
2381,79.446,98.1,1.0,355.4,167.6,0.3409,0
2382,79.4794,108.1,1.8,351.6,169.6,0.8219,0
2383,79.5128,108.8,2.6,354.3,172.8,0.8137,0
2384,79.5461,38.3,3.0,360.3,180.9,0.6104,0
2385,79.5795,62.5,1.9,366.7,183.4,0.6535,0
2386,79.6129,70.8,1.9,365.5,181.6,0.6061,0
2387,79.6462,70.7,2.0,361.3,176.2,0.7444,0
2388,79.6796,84.4,2.0,359.3,171.7,0.8337,0
2389,79.713,36.9,1.3,358.6,173.5,0.4434,0
2389,79.713,52.6,0.8,355.9,169.5,0.3176,0
2390,79.7463,46.9,1.3,357.7,176.1,0.7957,0
2391,79.7797,40.4,1.6,358.7,176.3,0.8634,0
2392,79.8131,42.9,1.6,356.6,180.0,0.7187,0
2393,79.8464,30.3,1.4,357.4,177.8,0.5486,0
2394,79.8798,106.8,1.4,366.2,178.3,0.1687,0
2394,79.8798,114.2,0.9,364.4,169.1,0.1575,0
2395,79.9132,103.3,1.2,363.7,168.3,0.5595,0
2395,79.9132,71.3,1.1,368.6,169.9,0.1087,0
2396,79.9465,76.7,1.5,356.4,168.5,0.6704,0
2397,79.9799,62.3,1.9,362.6,170.8,0.2973,0
2397,79.9799,81.8,1.2,359.3,168.1,0.2891,0
2398,80.0133,37.2,2.0,371.2,172.7,0.7816,0
2399,80.0466,21.4,1.8,363.1,169.9,0.2186,0
2399,80.0466,20.0,1.7,353.2,174.8,0.1133,0
2400,80.08,22.2,1.7,355.0,176.7,0.1821,0
2401,80.1134,35.1,1.9,358.5,176.5,0.6882,0
2402,80.1467,26.5,1.7,358.3,179.8,0.7218,0
2403,80.1801,106.8,1.8,360.1,173.4,0.5184,0
2404,80.2135,61.1,3.8,360.8,172.0,0.7645,0
2405,80.2468,52.3,2.2,357.7,179.7,0.8049,0
