frame,time_s,x1,y1,x2,y2,conf,cls
0,0.0,26.6,2.1,362.7,173.0,0.9174,0
1,0.0334,32.3,1.1,349.9,172.1,0.8854,0
2,0.0667,20.3,0.4,349.5,172.2,0.8993,0
3,0.1001,26.7,0.7,349.7,173.5,0.9042,0
4,0.1335,63.0,0.5,352.9,172.4,0.934,0
5,0.1668,43.2,1.1,356.3,172.7,0.9183,0
6,0.2002,38.3,2.4,359.7,172.5,0.9311,0
7,0.2336,38.9,0.7,350.5,172.5,0.9293,0
8,0.2669,23.9,1.8,354.0,172.5,0.9027,0
9,0.3003,33.6,2.2,357.9,173.0,0.7947,0
10,0.3337,60.8,1.5,358.7,171.3,0.9033,0
11,0.367,58.7,1.3,363.6,169.7,0.8976,0
12,0.4004,31.0,2.6,357.8,170.6,0.9098,0
13,0.4338,37.9,0.9,354.3,169.9,0.88,0
13,0.4338,221.0,250.1,257.7,272.0,0.2229,1
14,0.4671,31.4,2.9,345.5,172.2,0.7112,0
15,0.5005,41.5,2.1,351.2,172.7,0.8921,0
16,0.5339,39.3,1.6,353.9,171.9,0.9135,0
17,0.5672,56.1,3.0,355.3,171.7,0.9231,0
18,0.6006,58.6,1.4,359.0,172.2,0.9089,0
19,0.634,50.6,1.5,354.9,173.3,0.9256,0
20,0.6673,53.5,1.4,354.5,172.3,0.9281,0
21,0.7007,27.7,1.1,354.3,172.6,0.9324,0
22,0.7341,29.9,1.0,350.3,173.1,0.6655,0
23,0.7674,37.5,1.6,355.0,171.5,0.9196,0
24,0.8008,58.2,0.5,358.0,171.0,0.9215,0
25,0.8342,65.1,0.6,357.8,170.7,0.9172,0
26,0.8675,40.8,1.4,362.2,170.8,0.9017,0
27,0.9009,36.9,6.8,359.1,170.0,0.9135,0
28,0.9343,27.4,4.4,361.1,169.6,0.9348,0
29,0.9676,37.0,2.1,359.2,172.1,0.9249,0
30,1.001,32.3,1.3,361.8,173.3,0.9105,0
31,1.0344,45.6,1.9,370.4,170.7,0.7531,0
31,1.0344,46.9,2.6,373.1,168.9,0.6778,0
32,1.0677,10.7,5.9,360.7,169.0,0.942,0
33,1.1011,37.2,3.8,352.8,169.2,0.9421,0
34,1.1345,55.3,0.9,351.0,170.2,0.919,0
34,1.1345,214.2,250.3,255.4,272.0,0.1313,1
35,1.1678,42.7,1.3,352.6,172.4,0.9236,0
36,1.2012,34.9,3.2,361.5,171.6,0.9559,0
37,1.2346,22.3,3.6,354.8,170.1,0.9247,0
38,1.2679,59.2,4.9,360.2,169.0,0.9511,0
38,1.2679,220.1,250.8,253.3,272.0,0.1814,1
39,1.3013,41.3,1.6,363.9,170.1,0.9427,0
40,1.3347,33.1,1.5,359.1,169.9,0.9541,0
41,1.368,24.4,3.3,349.1,170.1,0.9026,0
42,1.4014,37.3,2.9,347.1,169.5,0.9203,0
43,1.4348,52.4,3.2,347.5,168.5,0.7765,0
43,1.4348,51.4,1.4,346.5,169.9,0.7715,0
44,1.4681,32.5,8.0,362.1,168.9,0.9393,0
44,1.4681,220.1,250.5,261.4,272.0,0.2357,1
45,1.5015,37.5,2.6,363.5,171.0,0.9127,0
45,1.5015,219.9,250.6,261.1,272.0,0.103,1
46,1.5349,50.6,3.5,358.4,169.6,0.8557,0
47,1.5682,53.1,1.3,350.5,172.1,0.9117,0
48,1.6016,36.9,2.0,349.2,171.3,0.9271,0
49,1.635,43.6,1.2,350.4,170.1,0.919,0
50,1.6683,34.7,1.5,351.4,169.6,0.911,0
51,1.7017,37.1,1.4,354.8,170.1,0.9213,0
52,1.7351,23.1,1.3,349.8,171.0,0.9017,0
53,1.7684,36.9,2.4,351.0,169.9,0.8646,0
53,1.7684,39.9,1.5,349.5,171.1,0.2075,0
54,1.8018,32.3,13.3,351.1,169.3,0.8585,0
55,1.8352,100.3,4.4,355.6,167.1,0.9384,0
56,1.8685,48.3,1.9,356.2,171.2,0.8967,0
57,1.9019,53.9,1.4,357.2,169.3,0.779,0
58,1.9353,42.0,1.8,360.3,172.0,0.908,0
59,1.9686,37.9,2.5,356.2,172.1,0.8994,0
60,2.002,66.5,1.1,355.2,170.8,0.9358,0
61,2.0354,60.5,1.3,352.8,171.6,0.9286,0
62,2.0687,44.4,1.1,358.0,172.2,0.9336,0
63,2.1021,25.8,3.7,372.6,169.1,0.9441,0
64,2.1355,15.5,13.9,352.4,168.6,0.7601,0
65,2.1688,49.1,2.1,350.2,170.0,0.9029,0
66,2.2022,28.3,1.4,352.8,170.3,0.9039,0
67,2.2356,41.2,1.6,356.7,170.7,0.8776,0
68,2.2689,55.2,1.2,353.9,170.0,0.9078,0
69,2.3023,40.3,3.3,358.8,172.8,0.9123,0
70,2.3357,39.4,1.9,359.5,170.5,0.8706,0
71,2.369,43.7,1.7,353.6,171.0,0.618,0
71,2.369,41.4,2.9,355.2,169.3,0.3039,0
72,2.4024,41.8,0.9,353.3,170.2,0.8873,0
73,2.4358,43.1,1.5,351.1,170.6,0.889,0
74,2.4691,60.4,1.7,362.7,170.9,0.9395,0
75,2.5025,27.8,2.8,366.1,172.8,0.899,0
76,2.5359,57.9,2.0,356.5,171.4,0.9401,0
77,2.5692,27.7,1.9,357.5,173.0,0.92,0
78,2.6026,26.7,2.5,359.3,173.4,0.9452,0
79,2.636,25.9,3.0,359.9,173.5,0.5955,0
79,2.636,57.1,2.3,356.8,166.3,0.2514,0
80,2.6693,50.7,1.5,356.4,174.1,0.9125,0
81,2.7027,48.0,1.4,358.5,174.3,0.9312,0
82,2.7361,22.7,2.5,357.2,171.2,0.942,0
83,2.7694,21.5,2.9,354.2,170.1,0.8936,0
84,2.8028,17.9,2.5,356.0,169.7,0.4595,0
84,2.8028,32.6,1.4,354.0,171.8,0.4478,0
85,2.8362,38.0,2.7,350.7,172.7,0.9584,0
86,2.8695,39.3,1.3,353.2,171.3,0.4292,0
86,2.8695,29.5,1.8,355.4,170.4,0.3233,0
87,2.9029,39.8,3.1,364.9,172.4,0.9265,0
88,2.9363,78.2,0.6,372.6,169.3,0.7565,0
88,2.9363,92.8,0.1,374.0,166.9,0.1544,0
89,2.9696,21.1,2.3,355.9,168.6,0.9394,0
90,3.003,30.4,2.9,357.9,170.2,0.6055,0
90,3.003,35.7,2.0,356.8,171.8,0.1239,0
91,3.0364,32.4,2.2,367.7,169.0,0.6974,0
91,3.0364,39.6,1.2,365.9,170.4,0.1847,0
92,3.0697,57.4,2.8,348.3,169.4,0.9363,0
93,3.1031,50.4,2.4,349.6,170.2,0.7751,0
93,3.1031,50.2,1.0,348.2,172.0,0.6373,0
94,3.1365,46.4,2.9,354.6,171.3,0.8796,0
94,3.1365,46.3,1.6,353.4,173.3,0.2292,0
95,3.1698,61.7,1.8,355.7,169.7,0.9063,0
96,3.2032,43.5,1.9,363.3,171.4,0.9339,0
97,3.2366,38.9,2.6,371.9,168.8,0.9591,0
98,3.2699,62.7,2.2,362.1,169.8,0.949,0
99,3.3033,57.4,2.0,349.1,169.4,0.9355,0
100,3.3367,62.8,2.9,356.2,171.0,0.9427,0
101,3.37,56.0,6.1,361.0,169.6,0.9434,0
102,3.4034,62.9,1.2,363.1,171.1,0.9446,0
103,3.4368,63.6,1.6,375.3,170.0,0.9407,0
104,3.4701,61.2,1.8,358.4,170.4,0.946,0
105,3.5035,94.9,3.3,358.4,169.5,0.9534,0
106,3.5369,65.3,3.5,354.2,170.7,0.8863,0
107,3.5702,58.4,1.0,351.9,172.2,0.9382,0
108,3.6036,60.2,1.9,348.0,170.9,0.8562,0
108,3.6036,63.4,2.7,350.3,169.2,0.2855,0
109,3.637,65.6,1.0,351.9,170.0,0.9394,0
110,3.6703,46.3,1.9,357.7,169.8,0.9412,0
111,3.7037,72.7,1.7,351.6,171.0,0.8653,0
112,3.7371,53.6,1.7,353.5,171.6,0.9184,0
113,3.7704,49.3,2.6,351.9,170.3,0.9541,0
114,3.8038,40.6,1.6,356.7,169.7,0.9548,0
115,3.8372,47.0,4.8,356.2,170.6,0.9362,0
116,3.8705,45.5,3.0,359.0,172.3,0.936,0
116,3.8705,217.1,250.1,258.5,272.0,0.1359,1
117,3.9039,24.9,2.0,357.9,171.9,0.9605,0
118,3.9373,26.8,3.0,357.9,171.0,0.9392,0
119,3.9706,32.4,1.5,354.1,173.2,0.9057,0
120,4.004,26.6,2.4,356.1,172.7,0.951,0
120,4.004,214.2,250.5,251.8,272.0,0.1162,1
121,4.0374,47.6,3.0,359.6,173.3,0.9366,0
122,4.0707,46.9,4.1,360.1,171.0,0.9507,0
123,4.1041,30.5,4.2,357.9,170.0,0.9525,0
124,4.1375,51.0,5.9,350.2,169.9,0.9326,0
125,4.1708,60.2,2.9,356.1,171.9,0.9322,0
125,4.1708,215.5,250.1,263.4,272.0,0.1298,1
126,4.2042,48.4,1.4,358.0,173.1,0.9426,0
127,4.2376,45.7,2.3,354.5,171.8,0.9584,0
128,4.2709,54.5,2.1,355.6,172.0,0.9517,0
129,4.3043,45.4,2.5,359.8,172.6,0.9415,0
130,4.3377,26.2,2.5,361.9,172.2,0.9258,0
131,4.371,53.2,4.4,369.7,169.7,0.9126,0
132,4.4044,63.0,2.7,372.3,171.3,0.9475,0
133,4.4378,63.0,1.9,364.2,174.0,0.9374,0
134,4.4711,57.3,2.0,364.0,172.3,0.9111,0
135,4.5045,49.9,1.3,357.9,172.7,0.9195,0
136,4.5379,54.6,1.9,356.9,172.2,0.9274,0
137,4.5712,52.0,1.6,356.3,172.2,0.9516,0
138,4.6046,41.9,2.3,360.8,172.0,0.9406,0
139,4.638,24.7,2.0,360.3,174.0,0.8941,0
140,4.6713,27.4,2.2,361.5,172.4,0.9067,0
141,4.7047,34.4,2.0,368.0,170.9,0.9322,0
142,4.7381,43.8,1.5,378.2,168.9,0.7842,0
143,4.7714,62.3,1.9,380.9,169.1,0.8348,0
144,4.8048,50.7,1.4,384.6,170.3,0.8539,0
145,4.8382,47.6,1.3,389.2,169.2,0.8808,0
146,4.8715,56.6,0.9,375.2,168.4,0.8597,0
147,4.9049,55.0,2.0,377.0,169.0,0.8391,0
148,4.9383,40.2,1.7,373.9,167.2,0.7953,0
149,4.9716,31.0,1.2,371.6,167.5,0.8178,0
150,5.005,31.0,2.6,365.9,172.0,0.5818,0
151,5.0384,27.8,1.5,356.5,172.8,0.9124,0
152,5.0717,43.4,2.5,367.6,173.7,0.9393,0
153,5.1051,60.6,1.3,363.3,168.3,0.7195,0
154,5.1385,53.6,0.9,365.0,167.7,0.8127,0
155,5.1718,31.0,1.7,356.5,172.8,0.8508,0
156,5.2052,15.3,3.6,360.7,170.5,0.8093,0
157,5.2386,53.1,1.7,359.7,173.4,0.9374,0
158,5.2719,39.1,1.7,357.8,173.7,0.9189,0
159,5.3053,33.6,2.1,365.6,174.4,0.8714,0
160,5.3387,35.3,2.8,372.0,168.7,0.6649,0
161,5.372,18.8,1.9,371.5,173.2,0.5865,0
162,5.4054,37.1,5.6,373.9,170.8,0.7397,0
163,5.4388,18.7,2.3,369.9,171.2,0.7631,0
163,5.4388,23.6,1.6,368.3,173.4,0.225,0
164,5.4721,32.5,1.6,354.6,173.3,0.9158,0
165,5.5055,55.0,1.2,356.6,172.0,0.93,0
166,5.5389,47.3,1.7,375.1,169.6,0.8099,0
167,5.5722,37.5,1.7,382.0,169.8,0.7884,0
168,5.6056,27.8,1.5,360.0,173.0,0.9238,0
169,5.639,17.0,1.5,366.6,174.8,0.8713,0
170,5.6723,52.2,3.1,360.1,169.5,0.9374,0
171,5.7057,91.3,1.9,358.7,169.3,0.9374,0
172,5.7391,86.7,3.5,349.8,172.0,0.9309,0
173,5.7724,61.9,3.0,354.0,171.6,0.9181,0
174,5.8058,59.7,0.4,353.4,169.9,0.9346,0
175,5.8392,37.5,1.2,360.8,172.4,0.9013,0
176,5.8725,58.8,1.1,370.7,171.2,0.6728,0
176,5.8725,40.5,1.6,371.5,173.4,0.1156,0
177,5.9059,72.5,2.5,371.4,170.6,0.8807,0
177,5.9059,218.2,250.5,257.0,272.0,0.2055,1
178,5.9393,31.2,2.4,368.5,173.5,0.6976,0
178,5.9393,14.0,4.3,371.9,171.9,0.3588,0
179,5.9726,25.4,2.2,383.8,170.9,0.9456,0
180,6.006,42.2,1.5,379.1,172.8,0.7725,0
180,6.006,30.4,1.7,385.2,172.9,0.4891,0
181,6.0394,40.9,1.1,367.3,171.4,0.8817,0
182,6.0727,34.1,10.0,352.3,169.0,0.9078,0
183,6.1061,91.0,5.8,359.8,167.8,0.9263,0
184,6.1395,33.3,1.7,358.8,171.2,0.9351,0
185,6.1728,29.7,0.2,363.7,172.4,0.7177,0
185,6.1728,214.4,250.5,256.8,272.0,0.1901,1
186,6.2062,35.5,1.1,355.8,173.7,0.9022,0
186,6.2062,214.6,250.5,256.6,272.0,0.3279,1
187,6.2396,100.8,1.5,357.3,168.1,0.9287,0
188,6.2729,30.8,3.0,363.8,169.4,0.9263,0
189,6.3063,35.4,1.1,365.9,170.9,0.9378,0
190,6.3397,29.9,2.7,364.7,174.1,0.8958,0
191,6.373,27.0,0.9,356.4,173.2,0.9114,0
192,6.4064,30.3,1.4,355.9,172.3,0.8785,0
193,6.4398,41.6,4.1,355.0,169.4,0.9113,0
194,6.4731,67.9,4.3,361.3,167.6,0.7747,0
194,6.4731,49.9,3.5,361.0,168.9,0.4942,0
194,6.4731,57.8,2.3,359.7,170.4,0.1207,0
195,6.5065,31.6,1.9,357.3,169.8,0.9059,0
196,6.5399,27.8,1.9,367.3,171.4,0.8862,0
196,6.5399,219.1,250.2,258.5,272.0,0.2385,1
197,6.5732,86.7,2.8,376.4,170.3,0.9321,0
198,6.6066,60.5,1.1,379.4,171.4,0.8888,0
199,6.64,64.1,2.2,379.6,170.8,0.8796,0
200,6.6733,54.0,1.3,367.9,170.5,0.8016,0
201,6.7067,60.1,0.0,372.1,167.7,0.4221,0
202,6.7401,52.2,1.9,372.6,168.6,0.7452,0
203,6.7734,39.0,4.0,378.5,168.1,0.9133,0
204,6.8068,60.7,1.9,377.2,166.2,0.8947,0
205,6.8402,61.1,1.5,376.7,167.4,0.8859,0
206,6.8735,32.6,2.3,365.8,174.6,0.8423,0
207,6.9069,33.1,4.4,356.6,170.1,0.9373,0
208,6.9403,60.1,2.7,362.1,171.1,0.9013,0
209,6.9736,47.2,3.6,356.4,169.2,0.9223,0
210,7.007,96.2,2.7,366.3,169.6,0.9448,0
211,7.0404,31.2,2.5,372.1,171.7,0.9337,0
212,7.0737,41.3,1.6,353.4,172.0,0.8987,0
213,7.1071,62.4,2.7,358.6,168.5,0.8678,0
214,7.1405,29.0,3.0,363.0,169.3,0.9417,0
215,7.1738,18.2,5.2,372.9,170.9,0.9258,0
216,7.2072,30.8,2.4,362.6,171.5,0.8829,0
217,7.2406,32.4,3.5,363.4,171.6,0.9223,0
218,7.2739,55.2,1.8,373.3,169.2,0.8721,0
219,7.3073,39.3,2.2,376.6,169.1,0.8054,0
220,7.3407,39.2,7.9,379.4,167.6,0.8933,0
221,7.374,76.3,1.8,374.5,166.4,0.877,0
222,7.4074,37.6,2.0,367.2,172.5,0.7113,0
223,7.4408,52.6,1.4,374.0,171.2,0.8783,0
224,7.4741,27.4,3.9,356.6,170.2,0.9272,0
225,7.5075,28.9,6.4,365.3,169.6,0.943,0
226,7.5409,27.3,3.1,370.1,171.3,0.9373,0
226,7.5409,52.4,2.2,369.7,171.1,0.5232,0
227,7.5742,27.4,1.4,361.4,171.9,0.9349,0
228,7.6076,42.3,1.7,358.8,172.4,0.9146,0
229,7.641,37.8,1.5,357.0,171.7,0.9229,0
230,7.6743,51.5,1.5,357.5,170.4,0.9298,0
231,7.7077,33.7,1.9,359.5,171.9,0.9237,0
232,7.7411,36.9,2.0,360.1,174.0,0.9042,0
233,7.7744,42.8,1.4,365.5,172.8,0.9449,0
234,7.8078,40.4,1.6,365.3,172.3,0.9434,0
235,7.8412,45.1,1.7,352.8,171.3,0.636,0
235,7.8412,45.5,2.4,353.8,170.6,0.2624,0
236,7.8745,42.6,0.9,352.5,171.5,0.8958,0
236,7.8745,215.0,250.5,255.5,272.0,0.1151,1
237,7.9079,61.0,1.2,354.8,172.1,0.9236,0
238,7.9413,43.0,2.2,359.5,174.4,0.9549,0
238,7.9413,57.7,1.4,358.6,170.0,0.3987,0
239,7.9746,35.8,2.4,360.1,172.3,0.7845,0
240,8.008,68.8,1.7,352.5,169.9,0.9049,0
241,8.0414,80.2,1.2,356.0,169.5,0.9053,0
242,8.0747,26.7,1.2,357.1,171.4,0.9173,0
243,8.1081,58.8,2.2,356.0,170.8,0.9363,0
244,8.1415,46.7,1.2,357.8,171.8,0.892,0
245,8.1748,22.7,3.6,352.9,171.1,0.9447,0
246,8.2082,18.4,3.4,347.5,171.3,0.9074,0
247,8.2416,21.1,1.8,350.9,171.7,0.9263,0
248,8.2749,110.8,1.9,353.1,169.4,0.9209,0
249,8.3083,69.9,1.8,363.2,170.0,0.8802,0
250,8.3417,56.1,1.3,352.1,174.0,0.927,0
251,8.375,53.5,0.7,356.8,172.8,0.8717,0
251,8.375,54.0,0.9,358.8,171.2,0.1602,0
252,8.4084,46.1,2.4,352.6,171.4,0.9299,0
253,8.4418,39.3,2.3,352.2,171.0,0.9416,0
254,8.4751,40.9,2.9,351.9,172.0,0.6653,0
254,8.4751,39.7,2.1,350.7,173.1,0.366,0
255,8.5085,45.1,1.3,352.2,170.2,0.8847,0
256,8.5419,50.9,10.1,351.8,168.8,0.7964,0
257,8.5752,45.4,3.5,368.0,170.6,0.7603,0
258,8.6086,50.4,1.7,362.5,173.4,0.9299,0
259,8.642,67.5,0.8,362.8,172.7,0.8631,0
260,8.6753,37.8,1.1,356.9,173.5,0.9155,0
261,8.7087,25.0,2.6,359.7,171.5,0.8163,0
262,8.7421,37.4,1.5,356.6,173.1,0.9161,0
263,8.7754,60.0,1.5,362.3,173.7,0.948,0
264,8.8088,30.3,2.0,354.2,172.3,0.9355,0
265,8.8422,34.1,1.6,360.8,173.3,0.856,0
266,8.8755,47.8,3.2,369.4,171.7,0.7136,0
267,8.9089,39.4,2.1,371.8,170.9,0.9246,0
268,8.9423,54.3,1.1,350.7,171.5,0.8943,0
269,8.9756,23.1,1.1,340.7,172.8,0.9201,0
270,9.009,23.1,2.3,346.6,171.8,0.9284,0
271,9.0424,18.6,1.8,349.7,170.8,0.8747,0
272,9.0757,39.2,2.4,351.1,172.1,0.6871,0
272,9.0757,211.8,250.2,247.6,272.0,0.1741,1
272,9.0757,52.3,1.9,349.6,173.6,0.1402,0
273,9.1091,21.4,2.0,356.2,173.6,0.9131,0
273,9.1091,218.0,250.9,247.3,272.0,0.2422,1
274,9.1425,16.5,1.8,353.8,172.0,0.8348,0
275,9.1758,30.9,1.1,352.5,173.8,0.9193,0
276,9.2092,26.1,0.9,353.4,174.1,0.9045,0
277,9.2426,27.9,1.2,353.3,173.6,0.8249,0
278,9.2759,50.8,1.0,354.3,173.1,0.9329,0
279,9.3093,48.3,1.4,361.4,174.5,0.9117,0
280,9.3427,32.9,2.0,353.5,171.6,0.7586,0
281,9.376,33.5,2.3,353.4,171.9,0.9345,0
282,9.4094,49.3,0.2,359.9,170.7,0.8365,0
282,9.4094,66.1,0.9,357.0,171.4,0.2256,0
283,9.4428,13.0,3.8,350.8,170.4,0.9184,0
284,9.4761,17.6,7.5,353.3,168.6,0.6424,0
284,9.4761,30.4,4.5,352.2,170.3,0.36,0
285,9.5095,39.2,6.1,352.4,168.7,0.9021,0
286,9.5429,43.7,1.0,357.2,170.9,0.9236,0
287,9.5762,41.7,1.9,363.1,171.5,0.9258,0
288,9.6096,21.0,0.3,363.7,171.1,0.9085,0
289,9.643,20.3,3.0,364.7,171.6,0.9498,0
290,9.6763,22.1,2.5,375.7,172.3,0.8731,0
291,9.7097,13.2,2.8,360.7,170.2,0.9485,0
292,9.7431,25.2,1.9,360.1,171.1,0.9033,0
293,9.7764,43.2,1.1,352.2,171.6,0.6894,0
293,9.7764,37.8,1.9,353.8,170.2,0.188,0
293,9.7764,215.8,250.8,259.3,272.0,0.1068,1
294,9.8098,28.6,2.4,354.4,170.7,0.9222,0
295,9.8432,40.2,4.9,352.2,170.4,0.9231,0
296,9.8765,52.4,2.1,353.0,172.0,0.9176,0
297,9.9099,31.3,4.6,359.2,170.5,0.94,0
298,9.9433,60.5,2.0,358.0,169.3,0.5102,0
298,9.9433,29.9,3.0,359.9,171.0,0.3347,0
299,9.9766,76.6,2.2,359.4,170.0,0.9456,0
300,10.01,51.7,3.0,360.6,169.6,0.9478,0
301,10.0434,37.9,2.8,359.0,170.6,0.9502,0
302,10.0767,37.0,1.7,361.1,172.2,0.9406,0
303,10.1101,64.0,1.7,356.4,172.0,0.9044,0
304,10.1435,32.5,1.4,360.4,170.0,0.914,0
305,10.1768,23.0,1.6,357.7,170.4,0.9326,0
306,10.2102,29.7,3.6,353.9,171.1,0.9424,0
307,10.2436,35.7,5.0,352.5,170.4,0.9309,0
308,10.2769,41.3,5.0,362.1,169.5,0.929,0
309,10.3103,39.9,2.2,360.9,169.8,0.9467,0
310,10.3437,51.3,1.5,358.0,172.0,0.8606,0
311,10.377,53.1,4.5,352.4,170.0,0.945,0
312,10.4104,55.0,1.9,359.2,171.4,0.955,0
313,10.4438,57.6,1.9,358.9,173.4,0.7351,0
314,10.4771,55.1,2.5,355.0,171.3,0.9593,0
315,10.5105,54.0,2.5,355.0,170.3,0.466,0
315,10.5105,56.7,1.3,353.2,171.8,0.4202,0
316,10.5439,51.7,1.2,356.1,170.3,0.9322,0
317,10.5772,45.6,1.6,350.9,170.6,0.9231,0
317,10.5772,0.0,75.7,105.6,265.6,0.1636,1
318,10.6106,24.3,6.4,353.8,170.6,0.8174,0
318,10.6106,37.4,3.8,352.5,171.8,0.1753,0
319,10.644,27.8,2.7,359.2,170.0,0.9563,0
320,10.6773,32.1,8.1,359.1,168.2,0.9381,0
321,10.7107,39.7,2.2,353.0,169.5,0.9006,0
322,10.7441,39.4,2.1,353.0,170.4,0.8992,0
323,10.7774,38.1,1.9,355.5,171.3,0.9018,0
324,10.8108,24.9,3.2,358.2,170.0,0.912,0
325,10.8442,58.8,2.6,353.8,167.2,0.9065,0
325,10.8442,59.4,1.2,352.8,168.1,0.5292,0
326,10.8775,43.7,4.2,352.0,168.8,0.8819,0
326,10.8775,40.4,5.3,353.6,169.1,0.1178,0
327,10.9109,58.6,1.3,353.2,166.1,0.9218,0
328,10.9443,62.5,1.2,352.0,167.5,0.9255,0
329,10.9776,45.5,1.5,351.5,171.8,0.9164,0
330,11.011,24.8,2.3,359.2,170.8,0.9592,0
331,11.0444,31.9,2.9,359.1,171.3,0.9476,0
332,11.0777,40.3,3.5,355.1,170.9,0.9154,0
333,11.1111,48.3,2.1,354.6,169.7,0.9449,0
334,11.1445,52.4,8.1,354.0,171.4,0.9332,0
335,11.1778,39.9,1.6,349.2,171.4,0.883,0
335,11.1778,292.9,41.0,349.6,163.3,0.8416,0
336,11.2112,25.0,3.9,353.8,169.1,0.9531,0
337,11.2446,95.2,1.9,354.8,169.9,0.9362,0
338,11.2779,49.0,1.9,359.3,171.1,0.8962,0
339,11.3113,57.9,1.1,369.8,170.9,0.9104,0
340,11.3447,86.6,1.4,370.7,167.9,0.8514,0
341,11.378,96.3,1.9,351.0,169.7,0.851,0
342,11.4114,70.4,2.1,357.4,170.2,0.948,0
343,11.4448,76.0,1.5,372.1,169.5,0.909,0
343,11.4448,214.0,250.4,260.7,272.0,0.3134,1
343,11.4448,214.0,250.5,259.3,272.0,0.1826,1
344,11.4781,59.8,2.0,379.6,171.2,0.9021,0
344,11.4781,211.1,250.7,263.5,272.0,0.1522,1
345,11.5115,39.6,2.3,360.9,173.2,0.9478,0
346,11.5449,43.0,2.0,370.2,174.7,0.8907,0
347,11.5782,32.2,2.5,366.9,170.5,0.9494,0
348,11.6116,68.1,2.5,356.3,168.4,0.9575,0
349,11.645,42.2,1.8,358.9,172.0,0.9287,0
350,11.6783,38.5,1.9,357.5,172.8,0.9267,0
351,11.7117,36.9,1.2,356.7,172.7,0.9271,0
352,11.7451,35.2,1.7,355.6,172.1,0.9332,0
353,11.7784,41.5,2.8,358.4,170.0,0.9175,0
353,11.7784,0.0,112.6,105.0,265.3,0.2137,1
354,11.8118,22.4,4.4,355.1,172.9,0.886,0
355,11.8452,32.9,1.9,356.0,170.2,0.951,0
356,11.8785,37.4,2.1,360.5,169.5,0.9376,0
357,11.9119,24.9,2.5,363.6,170.1,0.9106,0
358,11.9453,26.9,5.5,362.4,170.3,0.9208,0
359,11.9786,30.2,8.2,354.5,169.9,0.925,0
360,12.012,21.8,2.6,350.9,169.4,0.9055,0
361,12.0454,18.7,5.0,353.1,171.4,0.9208,0
362,12.0787,34.3,1.8,359.9,170.8,0.8677,0
363,12.1121,35.8,5.2,359.8,170.2,0.9425,0
364,12.1455,51.1,3.2,352.8,169.8,0.9411,0
365,12.1788,46.5,1.9,350.9,172.4,0.9055,0
366,12.2122,40.8,2.6,357.4,171.1,0.9572,0
367,12.2456,42.6,2.7,363.6,171.3,0.7023,0
367,12.2456,44.9,2.2,362.1,172.4,0.2583,0
368,12.2789,35.0,2.7,359.6,172.2,0.9038,0
369,12.3123,28.5,1.8,350.5,172.8,0.8427,0
370,12.3457,16.9,2.2,353.7,172.4,0.9374,0
371,12.379,28.8,2.0,353.7,171.7,0.9395,0
372,12.4124,29.2,8.2,358.0,171.6,0.9143,0
372,12.4124,31.9,151.4,53.3,181.0,0.1985,0
373,12.4458,49.9,4.3,360.6,170.9,0.927,0
374,12.4791,41.6,1.5,350.3,175.3,0.9318,0
375,12.5125,36.2,2.8,355.1,170.6,0.9131,0
376,12.5459,30.9,1.6,354.0,172.3,0.4513,0
376,12.5459,24.0,2.6,356.5,170.7,0.2601,0
376,12.5459,216.6,250.2,252.1,272.0,0.178,1
377,12.5792,58.3,2.7,362.1,168.7,0.9371,0
378,12.6126,28.8,2.5,358.0,170.7,0.9426,0
378,12.6126,0.0,96.8,102.0,264.9,0.1156,1
379,12.646,36.7,8.2,359.8,169.4,0.9252,0
380,12.6793,55.6,1.8,356.2,172.5,0.8395,0
381,12.7127,56.2,2.6,353.3,172.3,0.9028,0
382,12.7461,32.0,2.0,357.6,173.0,0.8876,0
382,12.7461,217.1,250.8,233.2,271.9,0.1117,1
383,12.7794,30.3,2.0,363.8,171.5,0.9274,0
384,12.8128,37.1,5.0,368.6,172.0,0.9526,0
385,12.8462,34.8,2.0,361.3,173.7,0.738,0
385,12.8462,29.0,3.7,362.8,173.2,0.27,0
386,12.8795,51.5,2.7,347.5,172.7,0.9314,0
387,12.9129,44.1,2.3,352.4,173.9,0.7906,0
387,12.9129,46.6,1.6,351.9,174.3,0.1012,0
388,12.9463,18.3,1.6,358.1,172.2,0.9376,0
389,12.9796,17.3,2.4,366.8,173.3,0.9152,0
390,13.013,27.4,3.0,358.9,174.4,0.9268,0
391,13.0464,24.5,3.2,356.4,174.1,0.9412,0
392,13.0797,31.5,1.9,359.8,171.8,0.9407,0
393,13.1131,43.9,1.2,359.7,170.1,0.9235,0
394,13.1465,79.7,5.6,358.1,168.5,0.8062,0
394,13.1465,67.6,8.3,359.8,168.3,0.1031,0
395,13.1798,43.9,1.4,353.2,171.5,0.5753,0
395,13.1798,39.8,2.6,355.4,170.3,0.1063,0
396,13.2132,21.8,3.1,360.6,172.3,0.9411,0
397,13.2466,28.2,1.7,356.7,173.0,0.7665,0
398,13.2799,51.8,4.3,361.0,171.8,0.9468,0
399,13.3133,44.4,5.8,364.3,171.0,0.9564,0
400,13.3467,23.8,1.3,365.0,173.5,0.9114,0
401,13.38,21.1,2.1,360.3,170.7,0.9526,0
402,13.4134,40.4,1.8,365.0,171.1,0.9138,0
403,13.4468,29.3,1.6,362.1,171.3,0.9259,0
404,13.4801,34.4,2.3,364.2,168.6,0.9361,0
405,13.5135,58.4,2.6,370.3,168.9,0.8071,0
406,13.5469,86.9,2.3,373.1,168.7,0.8993,0
407,13.5802,57.4,2.0,379.6,170.0,0.902,0
408,13.6136,40.1,2.3,355.8,170.6,0.9536,0
409,13.647,46.0,2.8,356.7,170.6,0.9385,0
410,13.6803,43.5,2.3,356.4,171.6,0.9561,0
411,13.7137,47.9,0.7,358.0,170.8,0.935,0
412,13.7471,46.4,2.8,362.0,170.8,0.9585,0
413,13.7804,43.0,3.1,351.8,170.2,0.7657,0
413,13.7804,55.8,1.7,349.7,171.2,0.2887,0
414,13.8138,35.2,3.5,354.0,170.4,0.9476,0
415,13.8472,18.4,1.7,358.8,171.1,0.9335,0
416,13.8805,30.7,1.6,349.9,173.1,0.9158,0
417,13.9139,39.4,0.9,350.0,171.8,0.9179,0
418,13.9473,37.2,1.2,351.7,172.1,0.7793,0
418,13.9473,38.1,1.4,350.8,174.3,0.1055,0
419,13.9806,29.5,2.2,353.6,172.0,0.9382,0
420,14.014,37.7,1.3,357.1,171.3,0.9259,0
421,14.0474,59.4,5.3,359.9,169.0,0.9389,0
422,14.0807,47.8,2.9,371.5,169.2,0.8457,0
422,14.0807,66.0,5.0,370.5,168.7,0.4525,0
423,14.1141,45.7,4.6,363.5,169.4,0.9189,0
424,14.1475,35.6,1.9,369.1,171.2,0.8869,0
425,14.1808,26.4,13.8,369.7,169.3,0.9145,0
426,14.2142,42.1,2.1,374.8,171.1,0.727,0
427,14.2476,52.5,8.0,396.7,169.0,0.9367,0
428,14.2809,30.2,1.1,371.8,170.7,0.9081,0
429,14.3143,42.6,2.3,360.9,169.1,0.9429,0
430,14.3477,47.9,3.6,364.0,169.8,0.9449,0
431,14.381,49.6,1.2,365.3,171.2,0.9189,0
432,14.4144,51.7,2.9,359.4,170.8,0.9075,0
433,14.4478,40.3,1.4,358.0,171.7,0.9134,0
434,14.4811,19.6,3.9,358.0,170.0,0.9373,0
435,14.5145,41.2,1.0,354.9,173.6,0.9105,0
436,14.5479,20.6,3.3,360.4,172.5,0.9296,0
437,14.5812,80.3,0.5,365.0,166.1,0.767,0
437,14.5812,68.2,1.9,363.2,167.4,0.1384,0
438,14.6146,44.7,12.1,367.3,170.5,0.9361,0
439,14.648,41.5,9.2,357.8,169.2,0.9371,0
440,14.6813,30.9,3.4,358.9,170.5,0.933,0
441,14.7147,22.9,6.5,360.6,169.0,0.9192,0
442,14.7481,33.6,2.8,356.6,173.2,0.6909,0
442,14.7481,25.5,4.7,358.1,172.6,0.4944,0
443,14.7814,70.2,2.1,356.9,168.9,0.3245,0
443,14.7814,54.2,2.0,356.9,170.9,0.2762,0
444,14.8148,31.9,2.2,362.9,169.7,0.9598,0
445,14.8482,25.0,1.5,375.6,172.7,0.947,0
445,14.8482,0.0,52.5,64.5,256.4,0.2415,1
446,14.8815,22.9,4.7,355.0,171.1,0.9456,0
447,14.9149,28.7,4.1,359.1,172.4,0.9213,0
448,14.9483,43.4,3.1,358.6,171.9,0.8948,0
449,14.9816,44.6,3.7,365.8,170.1,0.9314,0
449,14.9816,49.0,4.7,366.0,168.9,0.25,0
450,15.015,48.4,5.2,377.3,169.6,0.8924,0
451,15.0484,20.8,2.5,365.0,169.2,0.7935,0
451,15.0484,34.2,1.9,363.1,171.0,0.1133,0
452,15.0817,33.3,3.9,359.5,172.5,0.8995,0
453,15.1151,59.3,1.8,360.3,171.3,0.9307,0
454,15.1485,60.8,1.3,361.2,172.7,0.9375,0
455,15.1818,61.4,1.2,359.1,171.2,0.9506,0
456,15.2152,50.2,1.8,357.8,171.6,0.9263,0
457,15.2486,62.0,5.0,354.3,169.2,0.9221,0
458,15.2819,52.7,5.3,355.9,169.1,0.9115,0
459,15.3153,27.0,3.0,357.5,171.4,0.9049,0
460,15.3487,28.6,2.3,375.9,171.0,0.9046,0
461,15.382,41.3,1.5,370.4,172.7,0.9371,0
462,15.4154,43.0,1.0,357.9,172.7,0.9003,0
462,15.4154,226.6,251.0,252.0,272.0,0.1076,1
463,15.4488,50.5,2.1,355.6,171.2,0.9247,0
464,15.4821,78.4,2.1,352.9,169.2,0.9183,0
465,15.5155,68.9,1.5,358.6,169.5,0.9566,0
466,15.5489,63.8,3.0,356.0,169.2,0.8075,0
466,15.5489,63.4,2.2,354.5,170.6,0.2905,0
467,15.5822,60.2,1.3,350.7,171.4,0.9198,0
468,15.6156,61.6,2.5,348.4,169.7,0.9241,0
469,15.649,88.1,1.3,350.6,169.0,0.8827,0
470,15.6823,51.9,0.4,352.9,169.3,0.9105,0
471,15.7157,39.5,5.1,352.3,169.5,0.9444,0
472,15.7491,39.8,1.2,352.4,171.6,0.9251,0
473,15.7824,15.2,1.8,355.8,171.0,0.904,0
474,15.8158,18.7,2.3,360.2,172.7,0.8861,0
475,15.8492,46.9,1.2,372.7,169.7,0.8473,0
476,15.8825,89.1,0.9,378.1,168.1,0.8912,0
477,15.9159,53.5,1.4,372.3,171.8,0.8949,0
478,15.9493,19.6,2.8,353.9,170.2,0.9399,0
479,15.9826,22.2,3.0,360.5,171.6,0.9267,0
480,16.016,54.5,1.6,371.6,170.0,0.5657,0
480,16.016,39.9,2.3,374.0,170.1,0.4182,0
481,16.0494,78.2,4.9,356.7,169.7,0.838,0
481,16.0494,0.3,110.6,70.8,253.1,0.2028,1
482,16.0827,66.3,1.6,353.4,171.6,0.2004,0
482,16.0827,51.8,2.7,355.8,170.4,0.168,0
482,16.0827,227.0,250.9,249.4,272.0,0.1373,1
483,16.1161,19.8,2.7,354.7,170.7,0.9232,0
483,16.1161,0.1,96.1,72.5,244.6,0.1559,1
483,16.1161,231.2,250.9,257.5,272.0,0.1017,1
484,16.1495,35.2,3.0,359.9,169.7,0.9371,0
485,16.1828,36.0,1.8,361.3,169.5,0.4628,0
486,16.2162,29.4,2.6,357.5,169.7,0.8521,0
487,16.2496,27.8,1.8,358.9,169.4,0.8892,0
487,16.2496,67.7,1.1,357.3,168.0,0.553,0
487,16.2496,0.0,96.2,60.4,263.4,0.1924,1
488,16.2829,31.0,3.3,351.7,170.8,0.9078,0
489,16.3163,32.0,2.9,354.4,172.0,0.9368,0
490,16.3497,15.2,5.4,351.5,171.8,0.8937,0
490,16.3497,222.5,251.0,250.1,272.0,0.1351,1
491,16.383,27.2,3.3,354.4,170.7,0.9226,0
492,16.4164,38.8,1.9,356.7,173.8,0.8991,0
493,16.4498,22.9,1.4,360.8,174.6,0.9134,0
494,16.4831,15.0,2.1,362.5,172.8,0.7016,0
495,16.5165,46.0,2.3,357.9,171.1,0.9412,0
496,16.5499,39.4,2.1,354.1,174.2,0.9127,0
497,16.5832,84.2,1.4,355.2,170.6,0.9173,0
498,16.6166,36.7,0.9,352.2,172.3,0.8852,0
499,16.65,31.2,2.6,356.1,170.3,0.828,0
500,16.6833,58.9,6.2,360.6,169.1,0.7465,0
500,16.6833,35.6,6.5,359.2,173.1,0.4539,0
501,16.7167,35.0,1.8,357.4,173.2,0.9064,0
501,16.7167,223.9,250.9,248.3,272.0,0.1543,1
502,16.7501,57.4,5.1,352.7,170.9,0.9133,0
503,16.7834,35.8,3.5,356.3,169.6,0.9301,0
503,16.7834,0.0,74.0,106.6,260.2,0.1026,1
504,16.8168,54.3,2.5,359.2,170.0,0.9383,0
505,16.8502,72.3,0.9,357.7,172.9,0.9247,0
506,16.8835,67.2,0.8,353.3,173.3,0.939,0
507,16.9169,85.0,2.0,356.9,171.6,0.834,0
507,16.9169,223.9,250.9,251.1,272.0,0.1648,1
508,16.9503,61.3,1.7,354.9,173.2,0.8581,0
508,16.9503,233.8,251.2,253.8,272.0,0.1161,1
509,16.9836,53.5,1.2,356.7,171.7,0.9449,0
510,17.017,44.0,3.4,360.6,168.4,0.8721,0
510,17.017,43.7,2.7,358.0,170.3,0.2304,0
511,17.0504,31.0,1.7,361.9,169.5,0.8252,0
511,17.0504,35.9,1.7,360.3,169.8,0.1023,0
512,17.0837,32.2,2.2,366.2,170.5,0.951,0
513,17.1171,82.4,2.4,351.0,168.6,0.852,0
514,17.1505,46.8,1.5,356.6,170.3,0.9233,0
515,17.1838,21.6,2.6,356.5,173.1,0.9024,0
516,17.2172,17.1,0.2,372.9,172.0,0.9393,0
517,17.2506,30.3,22.5,352.6,169.9,0.8774,0
518,17.2839,54.5,4.0,352.2,170.0,0.945,0
519,17.3173,39.6,2.1,359.3,169.9,0.9287,0
520,17.3507,33.1,5.0,364.2,172.8,0.942,0
521,17.384,30.4,1.5,353.8,173.4,0.9234,0
522,17.4174,15.6,2.3,360.4,171.3,0.9187,0
522,17.4174,224.6,250.8,249.2,272.0,0.1449,1
523,17.4508,38.5,5.7,362.3,167.9,0.6056,0
523,17.4508,50.1,2.9,360.5,170.2,0.539,0
524,17.4841,84.2,1.5,364.8,166.2,0.9412,0
525,17.5175,21.0,1.6,357.4,170.4,0.9086,0
526,17.5509,22.1,4.6,362.1,170.5,0.9346,0
527,17.5842,84.4,1.2,376.6,170.6,0.8917,0
528,17.6176,45.7,3.8,391.4,169.6,0.921,0
529,17.651,41.6,2.0,359.8,171.6,0.9203,0
530,17.6843,68.9,1.3,360.1,167.6,0.9053,0
531,17.7177,116.4,1.7,363.9,168.6,0.8954,0
532,17.7511,31.6,2.8,359.0,171.3,0.8734,0
532,17.7511,224.9,251.0,243.1,272.0,0.1455,1
533,17.7844,28.3,5.1,360.0,170.6,0.943,0
534,17.8178,40.8,1.6,363.1,172.1,0.9048,0
535,17.8512,39.7,3.0,355.9,171.3,0.9432,0
536,17.8845,24.1,9.6,361.8,171.3,0.9196,0
537,17.9179,39.1,2.2,359.5,171.9,0.9463,0
538,17.9513,44.1,3.5,367.9,171.2,0.9432,0
539,17.9846,41.8,1.5,368.2,172.2,0.9264,0
540,18.018,32.6,3.0,369.9,170.6,0.9502,0
541,18.0514,35.9,5.2,357.8,172.7,0.9169,0
542,18.0847,26.8,3.6,371.0,171.5,0.9164,0
543,18.1181,24.6,1.8,376.5,170.8,0.9149,0
544,18.1515,36.6,1.0,365.3,169.6,0.825,0
545,18.1848,38.9,4.3,376.9,169.7,0.9179,0
546,18.2182,23.2,3.5,354.4,169.2,0.9374,0
547,18.2516,29.5,3.2,355.5,170.8,0.9545,0
548,18.2849,19.9,2.9,361.6,170.8,0.948,0
548,18.2849,230.0,251.2,258.0,272.0,0.2101,1
549,18.3183,32.8,1.2,367.6,171.2,0.903,0
550,18.3517,39.8,1.3,355.5,171.9,0.8584,0
551,18.385,38.8,1.9,358.9,170.8,0.9122,0
552,18.4184,65.8,0.9,364.6,171.4,0.9242,0
553,18.4518,20.3,4.6,359.6,169.7,0.9457,0
554,18.4851,35.8,1.2,363.5,171.3,0.9095,0
554,18.4851,213.8,250.4,250.9,272.0,0.1666,1
555,18.5185,33.5,0.5,359.0,173.3,0.9447,0
556,18.5519,50.2,2.2,356.1,170.7,0.8995,0
557,18.5852,75.5,0.7,373.1,170.3,0.9362,0
558,18.6186,46.0,2.6,372.8,171.7,0.9295,0
559,18.652,56.2,4.3,355.3,168.4,0.9375,0
560,18.6853,50.5,1.7,359.2,170.7,0.5909,0
560,18.6853,41.3,2.1,361.4,169.7,0.3406,0
561,18.7187,40.6,1.6,361.7,171.7,0.9389,0
562,18.7521,27.6,5.2,358.4,172.2,0.9304,0
563,18.7854,32.9,4.5,363.0,170.9,0.9478,0
563,18.7854,219.6,250.7,239.8,272.0,0.3759,1
564,18.8188,36.3,3.4,359.5,170.4,0.9346,0
565,18.8522,85.0,2.9,356.7,170.0,0.8981,0
566,18.8855,37.7,2.1,358.1,170.2,0.8703,0
567,18.9189,36.4,1.0,357.4,170.5,0.909,0
568,18.9523,18.0,1.4,368.7,172.0,0.8776,0
569,18.9856,56.8,11.7,369.4,168.4,0.8294,0
569,18.9856,34.5,8.7,369.6,170.3,0.2142,0
570,19.019,39.1,3.0,361.5,170.6,0.9254,0
571,19.0524,21.0,8.1,360.8,171.1,0.9033,0
571,19.0524,0.0,60.5,66.9,254.3,0.1053,1
572,19.0857,26.6,4.2,364.8,170.7,0.9385,0
572,19.0857,0.0,70.0,66.7,254.0,0.1523,1
573,19.1191,25.1,2.5,357.3,170.1,0.9069,0
574,19.1525,19.9,1.9,362.0,171.8,0.9222,0
575,19.1858,37.7,4.0,366.9,173.0,0.9455,0
576,19.2192,47.8,1.9,361.2,172.2,0.5935,0
576,19.2192,37.9,3.1,363.2,170.3,0.3313,0
577,19.2526,38.4,2.4,359.5,171.8,0.9474,0
578,19.2859,45.5,2.0,357.8,173.3,0.9173,0
579,19.3193,28.3,7.7,360.1,173.1,0.8626,0
580,19.3527,53.2,1.6,360.4,171.1,0.8869,0
581,19.386,26.7,2.9,364.5,170.2,0.9197,0
582,19.4194,92.2,1.2,361.5,169.1,0.9376,0
583,19.4528,25.7,2.4,361.1,170.0,0.9206,0
584,19.4861,42.3,1.7,360.1,169.8,0.8992,0
585,19.5195,49.3,1.2,360.4,170.7,0.8758,0
586,19.5529,44.5,3.3,356.7,171.4,0.8854,0
587,19.5862,40.8,0.8,357.1,170.7,0.9086,0
588,19.6196,91.0,1.3,357.5,171.4,0.9569,0
589,19.653,23.4,1.3,356.3,171.1,0.9292,0
590,19.6863,62.6,2.0,356.1,172.4,0.8024,0
590,19.6863,217.3,250.6,244.9,272.0,0.1188,1
591,19.7197,26.0,2.4,354.0,174.5,0.8785,0
592,19.7531,28.7,2.4,378.7,172.7,0.8631,0
593,19.7864,28.5,2.5,377.2,172.6,0.9402,0
594,19.8198,25.9,3.5,360.5,173.6,0.7052,0
594,19.8198,23.1,4.4,363.3,172.1,0.1435,0
595,19.8532,25.2,1.5,357.8,171.4,0.9261,0
596,19.8865,24.6,1.0,357.1,171.4,0.9006,0
597,19.9199,37.3,0.8,354.8,170.8,0.9051,0
598,19.9533,40.2,3.1,352.2,170.1,0.815,0
599,19.9866,56.8,2.6,356.4,169.4,0.7967,0
599,19.9866,63.9,2.3,356.4,169.1,0.4742,0
600,20.02,38.0,2.1,353.1,171.3,0.7614,0
601,20.0534,59.2,2.9,350.5,169.3,0.9101,0
602,20.0867,77.4,1.4,354.4,166.0,0.8586,0
603,20.1201,17.8,3.0,360.3,168.4,0.9074,0
604,20.1535,44.9,2.2,351.1,169.7,0.9394,0
605,20.1868,28.5,1.8,353.0,171.3,0.502,0
605,20.1868,22.3,2.9,354.9,170.6,0.4528,0
606,20.2202,27.6,3.2,360.5,171.9,0.9272,0
607,20.2536,20.8,1.3,355.8,171.4,0.8211,0
608,20.2869,48.8,1.9,351.9,173.0,0.8908,0
609,20.3203,45.0,1.6,349.5,170.4,0.6349,0
609,20.3203,47.5,1.5,350.7,170.3,0.6182,0
610,20.3537,66.8,1.2,348.3,167.1,0.8796,0
611,20.387,56.7,0.5,348.7,170.1,0.8615,0
612,20.4204,55.9,1.9,352.3,171.6,0.9363,0
613,20.4538,20.6,3.0,351.6,171.2,0.8848,0
614,20.4871,38.0,1.9,351.1,171.3,0.8841,0
615,20.5205,40.4,3.6,354.3,169.9,0.9009,0
616,20.5539,30.5,4.2,364.6,171.5,0.9106,0
617,20.5872,71.9,4.6,363.2,168.3,0.9236,0
618,20.6206,43.8,4.0,358.3,168.5,0.9179,0
619,20.654,103.3,1.7,356.1,167.0,0.9088,0
620,20.6873,32.4,1.4,361.2,170.2,0.8869,0
621,20.7207,31.4,2.9,368.4,171.3,0.9444,0
622,20.7541,17.4,1.8,362.0,171.2,0.9309,0
623,20.7874,23.6,1.6,355.7,171.0,0.8709,0
624,20.8208,35.0,3.3,358.4,171.8,0.9324,0
625,20.8542,48.2,0.5,351.0,172.6,0.9429,0
626,20.8875,36.6,0.7,352.7,170.7,0.9457,0
627,20.9209,34.6,2.7,356.5,171.5,0.9298,0
628,20.9543,77.0,1.8,355.0,169.7,0.9214,0
629,20.9876,56.3,1.0,351.5,168.9,0.8789,0
630,21.021,40.2,2.1,356.4,172.2,0.9423,0
631,21.0544,35.7,2.2,359.6,171.5,0.934,0
632,21.0877,36.5,2.8,361.6,172.1,0.9322,0
633,21.1211,18.2,3.3,356.5,170.1,0.9232,0
634,21.1545,12.0,1.4,354.6,170.1,0.9376,0
635,21.1878,42.9,5.2,356.6,170.5,0.9162,0
636,21.2212,59.4,6.8,357.2,169.3,0.9229,0
637,21.2546,38.3,5.6,366.0,172.2,0.9225,0
638,21.2879,36.8,2.0,369.7,171.8,0.954,0
639,21.3213,27.2,3.0,369.0,171.4,0.9446,0
640,21.3547,19.2,20.8,354.6,170.0,0.9264,0
641,21.388,21.8,7.1,359.3,170.4,0.9324,0
642,21.4214,20.0,4.9,361.5,169.9,0.8795,0
643,21.4548,19.8,2.9,352.4,169.8,0.9255,0
644,21.4881,33.3,1.3,349.7,171.0,0.9211,0
645,21.5215,55.2,0.7,350.2,170.8,0.9022,0
646,21.5549,27.5,2.4,350.2,171.2,0.9317,0
647,21.5882,32.3,1.3,352.7,171.9,0.9106,0
648,21.6216,30.8,2.1,355.1,172.0,0.9027,0
649,21.655,51.0,3.9,357.4,170.2,0.9565,0
650,21.6883,7.9,1.5,359.4,171.5,0.9519,0
651,21.7217,35.6,3.0,357.5,171.5,0.9343,0
652,21.7551,49.0,6.7,352.8,171.2,0.9134,0
652,21.7551,216.7,250.7,232.0,271.9,0.2096,1
653,21.7884,48.7,3.7,350.4,172.0,0.946,0
654,21.8218,46.8,1.7,353.2,171.3,0.9453,0
655,21.8552,38.8,6.2,359.1,168.7,0.9359,0
656,21.8885,82.6,2.6,367.8,168.3,0.9308,0
657,21.9219,56.8,3.3,371.1,171.4,0.9005,0
658,21.9553,35.8,1.8,347.0,172.6,0.7932,0
659,21.9886,22.4,3.1,353.1,172.7,0.8631,0
660,22.022,20.0,1.4,358.1,173.2,0.939,0
660,22.022,37.2,156.4,60.1,184.4,0.1543,0
661,22.0554,37.5,1.1,352.6,172.8,0.7584,0
661,22.0554,22.2,1.5,355.9,171.9,0.1534,0
662,22.0887,59.3,1.5,354.4,170.2,0.9423,0
663,22.1221,37.4,1.2,360.7,172.4,0.9541,0
664,22.1555,44.2,4.1,365.3,169.6,0.9381,0
665,22.1888,93.2,1.5,369.4,170.2,0.8521,0
666,22.2222,82.8,1.5,362.0,170.3,0.9167,0
667,22.2556,27.0,5.1,380.0,170.4,0.9576,0
668,22.2889,33.6,2.7,360.7,169.6,0.9487,0
669,22.3223,26.6,2.4,361.9,170.4,0.9535,0
670,22.3557,28.2,2.2,365.4,169.5,0.946,0
670,22.3557,0.2,70.4,73.6,253.7,0.118,1
671,22.389,54.0,1.3,352.6,171.2,0.8813,0
671,22.389,53.9,2.3,355.2,169.6,0.1144,0
672,22.4224,23.9,1.4,363.1,171.7,0.6623,0
672,22.4224,7.7,2.4,367.2,169.9,0.1561,0
673,22.4558,15.4,4.2,360.1,171.8,0.9008,0
674,22.4891,17.4,4.7,357.4,170.4,0.9132,0
675,22.5225,40.6,2.3,355.1,173.5,0.9448,0
676,22.5559,91.9,0.9,357.0,169.7,0.9182,0
677,22.5892,32.9,1.9,358.2,171.8,0.9454,0
678,22.6226,42.3,2.6,351.1,171.0,0.9305,0
679,22.656,40.0,2.9,347.0,170.9,0.9042,0
680,22.6893,39.4,3.2,350.5,171.4,0.9189,0
681,22.7227,23.5,2.5,350.0,172.3,0.8956,0
682,22.7561,34.0,2.3,349.2,174.6,0.9441,0
683,22.7894,33.2,22.9,357.6,170.1,0.938,0
684,22.8228,6.9,9.1,360.1,170.9,0.923,0
685,22.8562,21.6,4.4,355.1,173.2,0.9301,0
686,22.8895,26.1,1.2,366.1,172.1,0.9256,0
687,22.9229,18.1,4.0,374.1,171.3,0.9252,0
688,22.9563,17.7,2.8,360.9,171.4,0.9452,0
689,22.9896,12.3,14.0,354.4,170.3,0.8944,0
689,22.9896,0.5,97.2,105.9,264.6,0.1001,1
690,23.023,23.4,2.8,356.9,172.7,0.7648,0
690,23.023,33.4,1.9,354.8,173.9,0.1318,0
691,23.0564,30.4,2.1,359.5,172.9,0.941,0
692,23.0897,68.0,1.6,354.9,171.2,0.7802,0
693,23.1231,42.9,2.7,367.3,172.4,0.9522,0
694,23.1565,27.6,3.8,372.7,172.1,0.9287,0
695,23.1898,26.6,3.4,357.7,171.6,0.9494,0
696,23.2232,34.1,3.0,360.6,170.7,0.9585,0
697,23.2566,28.8,3.7,366.2,170.3,0.9363,0
698,23.2899,52.7,1.9,373.4,170.5,0.4769,0
698,23.2899,46.5,2.9,374.6,168.6,0.3155,0
699,23.3233,38.1,2.0,354.0,169.1,0.9438,0
700,23.3567,36.2,1.6,355.1,169.5,0.9431,0
701,23.39,41.9,2.1,356.9,171.1,0.9112,0
702,23.4234,35.6,2.5,372.5,172.2,0.9017,0
703,23.4568,41.2,1.6,366.8,171.1,0.929,0
703,23.4568,224.9,251.0,245.4,272.0,0.1373,1
704,23.4901,54.0,2.3,361.0,171.1,0.5008,0
704,23.4901,54.2,4.2,361.9,169.6,0.4741,0
705,23.5235,85.2,1.4,351.5,168.8,0.9036,0
706,23.5569,56.1,7.5,355.2,170.2,0.9373,0
707,23.5902,69.6,4.8,353.0,168.9,0.9278,0
708,23.6236,50.3,3.7,353.7,170.6,0.9419,0
709,23.657,49.1,4.6,367.8,170.7,0.96,0
710,23.6903,52.0,4.0,372.1,170.1,0.9545,0
711,23.7237,44.5,2.4,355.0,170.8,0.9563,0
712,23.7571,15.1,3.9,361.5,170.1,0.8742,0
712,23.7571,19.7,2.4,360.0,170.7,0.2179,0
713,23.7904,38.0,2.2,367.0,169.7,0.9418,0
714,23.8238,33.3,2.6,353.9,168.6,0.9192,0
715,23.8572,73.0,3.7,355.1,168.4,0.9008,0
716,23.8905,85.4,0.7,350.7,170.0,0.8882,0
717,23.9239,46.6,1.8,355.8,171.3,0.9388,0
717,23.9239,237.5,251.1,257.2,272.0,0.1294,1
718,23.9573,44.1,4.4,370.1,170.4,0.734,0
718,23.9573,238.0,250.7,257.1,272.0,0.316,1
719,23.9906,55.3,12.4,360.6,168.7,0.8179,0
719,23.9906,45.9,7.0,359.4,169.8,0.31,0
720,24.024,56.8,7.7,359.8,170.7,0.9402,0
721,24.0574,98.0,1.4,362.3,171.1,0.8978,0
722,24.0907,57.7,3.2,356.2,172.3,0.9236,0
723,24.1241,53.5,2.1,355.4,170.5,0.9508,0
724,24.1575,22.9,2.1,355.3,171.1,0.9418,0
725,24.1908,33.8,2.3,359.6,171.2,0.9277,0
726,24.2242,41.5,15.1,360.4,170.4,0.9202,0
727,24.2576,40.6,4.3,368.0,169.9,0.7772,0
728,24.2909,106.3,1.6,361.5,169.1,0.5015,0
728,24.2909,105.0,1.1,364.4,168.7,0.2224,0
729,24.3243,32.0,4.2,359.6,169.5,0.9545,0
730,24.3577,67.7,4.4,358.3,169.1,0.9407,0
731,24.391,68.6,2.6,371.9,168.1,0.9015,0
732,24.4244,53.4,3.0,362.2,170.2,0.8034,0
733,24.4578,63.5,5.0,358.0,168.8,0.9296,0
734,24.4911,68.3,9.1,358.1,168.5,0.9318,0
735,24.5245,52.8,3.5,357.1,169.2,0.9313,0
736,24.5579,53.4,2.4,357.7,170.8,0.947,0
737,24.5912,56.7,3.8,362.7,169.9,0.9013,0
738,24.6246,39.2,3.2,369.5,171.9,0.9262,0
739,24.658,20.4,3.5,355.8,171.8,0.8611,0
740,24.6913,14.7,2.7,358.0,171.3,0.9196,0
740,24.6913,0.0,51.5,64.4,256.1,0.1898,1
741,24.7247,48.3,2.7,355.5,172.0,0.92,0
742,24.7581,49.8,3.2,359.2,170.7,0.9452,0
743,24.7914,48.9,4.3,374.3,170.4,0.9048,0
744,24.8248,32.9,2.8,369.2,171.4,0.8485,0
744,24.8248,57.7,2.4,368.6,170.9,0.7756,0
745,24.8582,36.7,3.4,371.9,171.5,0.9299,0
746,24.8915,42.1,2.2,358.6,170.9,0.9257,0
747,24.9249,50.6,2.1,358.8,170.1,0.9292,0
748,24.9583,59.0,4.3,355.8,170.0,0.928,0
749,24.9916,64.3,15.0,359.0,169.2,0.9154,0
750,25.025,38.6,2.4,359.6,169.8,0.9458,0
750,25.025,69.1,0.8,357.8,170.3,0.118,0
751,25.0584,57.1,3.6,357.8,171.4,0.9488,0
752,25.0917,59.6,1.5,356.1,172.9,0.5359,0
752,25.0917,73.8,1.4,356.1,171.4,0.4482,0
753,25.1251,48.6,0.1,365.5,172.0,0.8371,0
754,25.1585,50.7,1.3,359.3,171.7,0.9284,0
755,25.1918,49.7,1.7,359.0,172.8,0.9363,0
756,25.2252,28.6,2.2,353.6,173.0,0.9237,0
756,25.2252,223.6,250.8,241.2,272.0,0.1272,1
757,25.2586,34.9,4.2,355.5,171.8,0.8068,0
757,25.2586,42.2,2.4,353.1,172.7,0.1558,0
758,25.2919,43.2,1.0,358.2,172.6,0.9103,0
759,25.3253,55.9,1.1,363.1,170.1,0.8439,0
759,25.3253,227.4,251.2,247.2,272.0,0.1519,1
760,25.3587,42.0,1.2,385.4,170.2,0.9022,0
761,25.392,38.6,3.6,359.7,170.9,0.9333,0
762,25.4254,15.9,2.1,352.5,172.7,0.9159,0
763,25.4588,45.4,3.2,365.5,170.8,0.9622,0
764,25.4921,53.7,1.7,379.2,170.8,0.9352,0
765,25.5255,72.4,2.6,353.7,171.0,0.957,0
766,25.5589,57.2,2.7,357.0,170.0,0.9397,0
767,25.5922,53.3,4.5,360.4,169.0,0.9501,0
768,25.6256,43.9,4.7,359.6,170.0,0.9533,0
769,25.659,32.9,2.5,371.1,170.7,0.8628,0
770,25.6923,54.2,1.2,372.3,172.1,0.8043,0
771,25.7257,51.4,2.1,357.1,172.4,0.9233,0
772,25.7591,62.2,1.4,356.4,169.3,0.9186,0
773,25.7924,82.4,1.5,368.6,169.5,0.853,0
774,25.8258,61.9,3.7,378.9,172.1,0.9129,0
775,25.8592,50.8,3.4,382.8,172.1,0.8579,0
776,25.8925,53.5,2.4,357.9,173.8,0.9283,0
777,25.9259,44.1,3.6,364.0,172.2,0.9338,0
778,25.9593,54.8,1.8,363.2,172.0,0.8826,0
779,25.9926,42.5,3.0,374.3,170.4,0.9593,0
780,26.026,38.2,4.1,358.4,170.0,0.9428,0
781,26.0594,30.1,4.1,356.3,170.9,0.9455,0
782,26.0927,26.0,3.5,352.3,170.7,0.9455,0
783,26.1261,35.3,1.0,355.2,172.1,0.9081,0
784,26.1595,30.7,4.4,362.1,172.0,0.9492,0
785,26.1928,77.0,1.1,357.4,168.8,0.9114,0
786,26.2262,41.4,5.0,358.7,171.9,0.9427,0
787,26.2596,37.8,2.5,361.8,173.3,0.917,0
788,26.2929,40.6,1.2,359.6,173.1,0.9068,0
789,26.3263,72.3,4.9,359.5,169.3,0.9065,0
790,26.3597,15.8,5.0,369.7,170.0,0.9329,0
790,26.3597,227.9,251.0,257.9,272.0,0.1133,1
791,26.393,78.3,1.5,369.8,170.6,0.9027,0
792,26.4264,65.5,1.4,378.6,171.0,0.8861,0
793,26.4598,65.8,5.5,380.3,170.5,0.871,0
794,26.4931,79.6,1.2,359.6,170.3,0.9194,0
795,26.5265,73.2,1.8,360.8,171.0,0.9521,0
796,26.5599,23.1,1.9,357.6,171.3,0.9385,0
797,26.5932,42.9,5.6,361.4,172.3,0.9416,0
798,26.6266,39.3,6.5,357.4,170.2,0.9472,0
799,26.66,42.1,6.9,360.4,171.7,0.9521,0
800,26.6933,20.0,3.7,361.7,173.3,0.9251,0
801,26.7267,28.2,7.7,350.7,170.9,0.8802,0
802,26.7601,58.3,2.5,354.5,170.9,0.9439,0
802,26.7601,34.8,158.9,60.8,184.3,0.2348,0
803,26.7934,38.9,2.1,358.2,171.2,0.9276,0
804,26.8268,71.7,2.2,358.2,168.6,0.9241,0
805,26.8602,50.9,2.4,356.0,169.8,0.8671,0
806,26.8935,53.9,1.3,371.9,170.0,0.8047,0
807,26.9269,25.1,3.2,363.9,174.3,0.8717,0
808,26.9603,26.9,1.8,357.5,170.9,0.9317,0
808,26.9603,240.6,0.9,270.2,63.9,0.4147,1
809,26.9936,49.9,5.4,353.6,168.9,0.9354,0
810,27.027,64.8,2.9,367.1,169.6,0.5247,0
811,27.0604,61.9,2.0,370.3,170.2,0.8154,0
812,27.0937,46.5,2.4,353.6,172.4,0.9432,0
813,27.1271,45.7,2.5,356.5,170.1,0.9357,0
814,27.1605,64.0,7.3,361.0,167.9,0.8308,0
814,27.1605,61.5,4.1,360.2,168.4,0.3098,0
815,27.1938,54.1,2.5,360.0,168.8,0.9245,0
816,27.2272,58.6,6.0,372.9,169.0,0.9173,0
817,27.2606,48.9,2.6,360.1,173.1,0.9167,0
818,27.2939,44.7,1.9,358.7,170.9,0.9213,0
819,27.3273,68.1,3.5,358.4,170.9,0.8949,0
820,27.3607,46.2,2.4,354.4,169.5,0.8918,0
821,27.394,38.6,2.3,359.5,173.6,0.9227,0
822,27.4274,45.8,5.0,359.0,173.6,0.8825,0
822,27.4274,56.1,7.4,359.0,168.0,0.2565,0
823,27.4608,58.1,3.5,362.3,171.6,0.9501,0
824,27.4941,50.8,3.8,355.9,172.2,0.9543,0
825,27.5275,40.6,1.8,352.0,170.4,0.8944,0
826,27.5609,45.6,2.4,353.9,171.2,0.9497,0
827,27.5942,44.3,2.2,352.0,171.3,0.9384,0
828,27.6276,37.7,3.1,354.6,169.9,0.9336,0
829,27.661,37.7,6.0,352.0,169.1,0.9176,0
830,27.6943,20.5,7.2,360.5,171.8,0.9237,0
830,27.6943,223.6,251.4,251.6,272.0,0.1962,1
830,27.6943,30.3,158.1,56.9,183.1,0.1473,0
831,27.7277,51.3,6.5,376.4,169.0,0.9176,0
831,27.7277,225.1,251.2,251.8,272.0,0.2252,1
831,27.7277,31.0,3.9,376.8,169.1,0.1014,0
832,27.7611,38.0,1.9,357.7,173.0,0.9151,0
832,27.7611,229.8,251.1,252.6,272.0,0.116,1
833,27.7944,22.7,2.7,358.6,171.9,0.9125,0
833,27.7944,229.3,251.1,251.1,272.0,0.2581,1
834,27.8278,29.2,6.6,359.8,172.7,0.8894,0
834,27.8278,211.8,250.9,250.5,272.0,0.1727,1
835,27.8612,29.3,4.8,355.6,171.7,0.9549,0
836,27.8945,34.4,10.0,353.3,170.5,0.9125,0
837,27.9279,19.1,3.5,351.7,170.3,0.9298,0
838,27.9613,41.9,2.0,351.1,170.8,0.8939,0
839,27.9946,108.4,2.6,357.1,168.2,0.9313,0
840,28.028,80.5,1.8,352.0,170.4,0.9282,0
841,28.0614,87.0,2.5,358.6,169.3,0.8909,0
842,28.0947,99.9,1.8,354.8,168.4,0.9269,0
843,28.1281,95.0,3.3,363.6,167.5,0.9077,0
844,28.1615,85.2,1.5,379.3,169.4,0.8965,0
845,28.1948,71.0,0.4,384.9,170.3,0.8804,0
845,28.1948,72.6,1.4,380.2,169.6,0.3487,0
846,28.2282,41.3,1.9,363.3,172.6,0.951,0
846,28.2282,219.7,250.9,239.1,272.0,0.2099,1
847,28.2616,47.9,1.8,360.9,170.1,0.9587,0
847,28.2616,61.2,0.9,359.4,169.6,0.6659,0
848,28.2949,29.4,2.3,359.7,169.7,0.9438,0
848,28.2949,0.0,78.8,64.2,255.3,0.2382,1
848,28.2949,218.1,250.9,246.9,272.0,0.1295,1
849,28.3283,53.6,2.5,358.4,172.4,0.8758,0
849,28.3283,54.0,2.1,355.3,173.1,0.1467,0
850,28.3617,36.0,1.6,357.9,174.1,0.9109,0
851,28.395,34.2,0.9,352.5,172.4,0.4184,0
851,28.395,21.3,2.2,355.7,170.9,0.4145,0
852,28.4284,44.4,5.5,350.8,170.5,0.9397,0
853,28.4618,38.6,1.7,357.2,171.0,0.8904,0
854,28.4951,48.6,4.3,357.3,173.3,0.8244,0
855,28.5285,43.1,2.6,357.7,171.6,0.9608,0
856,28.5619,33.9,1.4,351.8,171.7,0.9025,0
857,28.5952,26.4,1.5,351.3,170.7,0.7699,0
858,28.6286,27.4,1.5,353.2,170.2,0.9139,0
859,28.662,113.2,1.4,357.4,168.5,0.9038,0
860,28.6953,59.6,1.4,359.1,172.1,0.6501,0
860,28.6953,53.5,2.3,361.0,171.7,0.1963,0
861,28.7287,33.3,3.1,360.7,170.4,0.9539,0
862,28.7621,28.2,2.6,364.6,171.3,0.9289,0
863,28.7954,48.5,5.9,369.8,170.6,0.8876,0
864,28.8288,32.8,3.4,353.0,172.5,0.637,0
864,28.8288,0.0,93.5,61.3,261.4,0.1126,1
865,28.8622,40.5,2.4,358.9,172.6,0.9285,0
866,28.8955,55.8,1.3,363.8,171.3,0.7546,0
866,28.8955,41.9,2.8,363.2,172.0,0.4335,0
867,28.9289,52.4,2.5,356.1,171.3,0.9556,0
868,28.9623,57.9,2.2,350.5,169.8,0.9334,0
869,28.9956,47.2,6.5,349.9,168.3,0.9017,0
870,29.029,71.6,12.4,354.3,168.8,0.9322,0
871,29.0624,47.4,4.9,351.9,170.1,0.922,0
872,29.0957,47.5,7.0,343.2,169.7,0.8653,0
873,29.1291,59.3,1.7,348.6,169.0,0.9135,0
874,29.1625,44.3,3.3,351.6,169.6,0.9468,0
875,29.1958,35.7,1.4,350.8,172.3,0.9238,0
876,29.2292,32.0,1.8,352.7,171.6,0.9132,0
877,29.2626,21.8,3.1,358.7,167.8,0.894,0
878,29.2959,51.4,10.6,350.9,167.4,0.8895,0
879,29.3293,90.3,4.9,351.8,170.2,0.9369,0
880,29.3627,39.6,3.5,354.2,171.3,0.9409,0
881,29.396,56.3,2.5,355.5,171.6,0.9234,0
882,29.4294,47.6,0.5,349.9,171.1,0.8678,0
883,29.4628,24.0,0.9,353.9,170.0,0.9181,0
884,29.4961,36.7,1.1,352.6,172.3,0.9337,0
885,29.5295,41.9,1.1,353.9,173.0,0.9439,0
886,29.5629,45.5,3.5,350.2,170.7,0.9372,0
887,29.5962,46.6,1.8,349.9,172.8,0.9301,0
888,29.6296,49.7,1.8,351.0,172.9,0.8616,0
888,29.6296,50.1,2.7,352.6,171.9,0.2302,0
888,29.6296,214.9,250.6,255.6,272.0,0.1027,1
889,29.663,59.8,0.5,354.3,169.4,0.6904,0
890,29.6963,52.2,0.9,358.4,171.6,0.9323,0
891,29.7297,43.3,1.0,369.8,169.0,0.8945,0
892,29.7631,21.9,2.6,360.7,171.2,0.9383,0
893,29.7964,9.8,2.1,354.1,170.3,0.943,0
894,29.8298,51.8,3.4,358.6,169.7,0.8961,0
895,29.8632,21.1,2.9,362.9,172.8,0.924,0
895,29.8632,0.0,44.5,62.0,255.2,0.1615,1
896,29.8965,73.2,1.3,361.3,169.4,0.8857,0
896,29.8965,227.6,251.0,246.8,272.0,0.1251,1
897,29.9299,59.7,3.3,367.3,169.2,0.9442,0
898,29.9633,54.6,1.0,361.2,170.2,0.9146,0
899,29.9966,24.8,3.1,368.2,170.9,0.9528,0
900,30.03,39.6,7.9,382.3,171.4,0.9398,0
901,30.0634,35.4,4.5,363.7,170.8,0.9216,0
902,30.0967,57.7,1.3,361.7,168.5,0.7828,0
903,30.1301,67.8,2.1,355.8,170.6,0.7087,0
904,30.1635,62.3,1.0,357.3,171.5,0.9391,0
905,30.1968,63.9,2.7,353.2,171.8,0.9429,0
906,30.2302,41.4,2.7,354.4,173.4,0.7475,0
906,30.2302,37.1,3.0,357.5,172.0,0.211,0
907,30.2636,47.6,1.9,361.4,173.3,0.9476,0
908,30.2969,41.5,2.7,357.8,172.4,0.9438,0
908,30.2969,0.0,62.8,71.4,253.1,0.1155,1
909,30.3303,35.8,3.1,357.4,170.5,0.9306,0
910,30.3637,55.8,1.5,357.2,170.7,0.9162,0
911,30.397,57.3,2.3,367.0,169.8,0.9076,0
911,30.397,55.0,1.9,366.5,171.3,0.4691,0
912,30.4304,30.1,1.7,362.2,171.3,0.9031,0
913,30.4638,36.4,3.2,361.1,171.1,0.9356,0
914,30.4971,38.6,2.6,363.7,170.5,0.9356,0
915,30.5305,26.7,4.1,362.1,169.9,0.9315,0
916,30.5639,34.7,2.4,360.7,171.4,0.7845,0
916,30.5639,44.1,3.3,361.0,169.7,0.4877,0
917,30.5972,50.5,0.8,376.4,171.7,0.8969,0
918,30.6306,53.8,2.6,357.9,169.3,0.9396,0
919,30.664,71.6,3.5,358.9,169.3,0.9256,0
920,30.6973,50.6,2.5,355.1,168.8,0.7752,0
921,30.7307,22.2,2.3,357.8,169.6,0.9039,0
922,30.7641,60.0,1.0,355.9,167.6,0.82,0
923,30.7974,95.6,1.8,376.8,168.9,0.9439,0
924,30.8308,86.5,11.4,385.5,167.2,0.9082,0
924,30.8308,218.4,250.1,257.6,272.0,0.1253,1
925,30.8642,93.3,8.0,372.3,169.3,0.6338,0
925,30.8642,91.9,6.8,376.0,169.5,0.6059,0
925,30.8642,227.5,251.0,257.5,272.0,0.1781,1
926,30.8975,49.3,4.1,359.8,170.7,0.9453,0
926,30.8975,228.2,251.0,257.2,272.0,0.3608,1
927,30.9309,58.1,1.0,354.9,170.3,0.8885,0
927,30.9309,228.8,251.1,257.7,272.0,0.2265,1
928,30.9643,92.0,2.1,367.7,168.9,0.794,0
928,30.9643,93.4,3.0,365.7,169.1,0.6584,0
929,30.9976,72.4,1.8,365.4,170.3,0.8216,0
930,31.031,63.9,2.1,355.0,169.4,0.718,0
931,31.0644,47.4,2.5,355.3,171.1,0.9417,0
932,31.0977,23.9,2.8,359.0,171.4,0.9461,0
933,31.1311,30.7,1.8,360.2,173.9,0.9083,0
933,31.1311,0.0,85.4,63.5,248.2,0.2075,1
934,31.1645,67.3,1.3,380.2,171.4,0.9178,0
935,31.1978,43.9,2.5,384.5,169.9,0.8534,0
936,31.2312,35.3,0.2,382.9,170.4,0.8944,0
937,31.2646,40.5,0.2,375.4,171.4,0.9099,0
938,31.2979,19.3,2.2,361.9,169.1,0.8696,0
939,31.3313,30.1,1.5,355.2,170.1,0.7946,0
939,31.3313,0.0,88.5,59.8,262.2,0.2164,1
940,31.3647,104.0,1.3,352.9,166.7,0.8401,0
941,31.398,102.6,2.3,355.0,167.5,0.8755,0
942,31.4314,105.9,5.8,367.8,166.5,0.9111,0
943,31.4648,57.2,1.2,363.4,167.7,0.8745,0
944,31.4981,33.6,2.0,357.5,170.7,0.8907,0
944,31.4981,0.0,53.0,61.3,255.3,0.1713,1
945,31.5315,96.5,1.1,364.6,170.1,0.9319,0
946,31.5649,43.8,2.8,366.4,169.0,0.8921,0
947,31.5982,47.9,1.5,357.8,170.6,0.8946,0
948,31.6316,68.5,1.4,371.2,169.9,0.8605,0
949,31.665,53.0,2.9,358.9,171.8,0.8897,0
950,31.6983,62.4,1.2,358.9,171.0,0.9286,0
951,31.7317,27.3,2.2,358.1,170.6,0.9434,0
952,31.7651,29.1,7.5,359.8,171.1,0.8621,0
953,31.7984,22.0,5.9,361.4,171.4,0.9278,0
954,31.8318,62.9,2.1,360.4,167.1,0.7607,0
954,31.8318,19.6,2.7,363.1,172.1,0.7303,0
955,31.8652,82.2,1.1,364.6,170.2,0.8793,0
956,31.8985,31.5,3.2,360.1,171.9,0.9185,0
957,31.9319,35.5,3.1,359.7,171.6,0.9399,0
958,31.9653,102.1,2.9,360.3,170.4,0.8824,0
959,31.9986,68.5,1.5,365.6,169.0,0.9253,0
960,32.032,55.1,1.3,358.5,172.3,0.9299,0
961,32.0654,40.9,6.9,361.4,169.7,0.9434,0
962,32.0987,76.2,3.0,355.0,169.7,0.9522,0
963,32.1321,76.1,4.8,357.2,169.4,0.9346,0
964,32.1655,51.1,2.6,359.1,169.0,0.9252,0
964,32.1655,227.1,250.9,244.6,272.0,0.1561,1
965,32.1988,32.8,2.8,358.6,172.3,0.9568,0
966,32.2322,47.0,1.0,356.8,171.6,0.8646,0
967,32.2656,30.4,2.6,363.5,171.2,0.8777,0
968,32.2989,61.7,1.6,368.7,170.8,0.9302,0
969,32.3323,65.1,3.4,377.8,168.2,0.9291,0
970,32.3657,46.4,3.8,379.1,168.0,0.9291,0
971,32.399,73.5,7.8,379.5,166.6,0.9029,0
972,32.4324,73.7,2.9,369.1,169.9,0.7817,0
972,32.4324,71.4,3.4,370.3,169.5,0.387,0
973,32.4658,76.0,9.0,371.8,167.8,0.8542,0
974,32.4991,83.8,4.8,373.2,167.2,0.9252,0
975,32.5325,41.2,1.4,373.2,170.7,0.8313,0
976,32.5659,86.3,3.7,359.2,169.0,0.6629,0
976,32.5659,82.7,4.8,361.2,168.7,0.6243,0
977,32.5992,46.0,17.6,382.0,169.1,0.8075,0
978,32.6326,93.3,6.2,399.7,171.0,0.919,0
979,32.666,42.5,1.2,406.3,172.2,0.9157,0
980,32.6993,45.1,0.7,400.6,171.0,0.8497,0
981,32.7327,56.6,1.5,394.7,169.4,0.8791,0
982,32.7661,48.2,8.5,371.3,167.8,0.9103,0
983,32.7994,33.3,3.2,361.3,169.1,0.9416,0
984,32.8328,26.3,2.7,364.5,171.2,0.9272,0
985,32.8662,39.1,9.6,356.7,169.8,0.9199,0
986,32.8995,39.1,6.9,361.4,169.6,0.9067,0
987,32.9329,33.7,6.2,378.7,170.4,0.8602,0
988,32.9663,32.9,3.8,393.5,170.6,0.8728,0
989,32.9996,36.4,1.8,399.1,171.2,0.8876,0
990,33.033,30.1,2.1,395.6,172.4,0.848,0
991,33.0664,19.6,1.9,360.4,171.8,0.9051,0
992,33.0997,103.0,0.3,365.3,168.0,0.8245,0
993,33.1331,71.2,1.4,364.4,171.7,0.8852,0
994,33.1665,52.1,2.0,372.6,170.2,0.9083,0
995,33.1998,51.3,2.0,350.9,171.6,0.9086,0
996,33.2332,54.2,5.7,353.7,170.9,0.9363,0
997,33.2666,43.7,2.9,357.7,171.3,0.8498,0
998,33.2999,115.9,1.0,361.4,168.2,0.9302,0
999,33.3333,42.5,2.1,388.0,172.0,0.8722,0
1000,33.3667,24.6,2.0,372.9,172.5,0.9166,0
1001,33.4,40.6,3.5,371.9,171.9,0.8793,0
1002,33.4334,42.3,4.0,378.9,170.9,0.8791,0
1003,33.4668,50.7,1.1,356.8,172.3,0.9146,0
1004,33.5001,46.2,2.6,363.1,171.5,0.7646,0
1004,33.5001,34.7,5.8,364.9,170.1,0.2063,0
1005,33.5335,28.2,2.9,364.2,171.5,0.7596,0
1006,33.5669,40.8,3.1,361.2,171.3,0.9434,0
1007,33.6002,43.4,1.6,370.5,171.4,0.787,0
1007,33.6002,27.7,2.3,370.7,171.3,0.2948,0
1008,33.6336,49.0,1.0,374.4,169.5,0.8253,0
1008,33.6336,22.5,2.1,374.4,169.8,0.3947,0
1009,33.667,81.2,5.3,368.3,168.7,0.93,0
1010,33.7003,75.3,3.7,362.1,168.8,0.6933,0
1010,33.7003,77.3,1.8,360.3,170.2,0.1711,0
1011,33.7337,97.4,8.4,356.6,168.9,0.933,0
1012,33.7671,51.6,1.4,364.2,168.7,0.9134,0
1013,33.8004,105.3,7.5,371.4,167.8,0.9416,0
1014,33.8338,62.5,6.9,363.8,167.9,0.9421,0
1015,33.8672,69.8,4.2,361.4,168.1,0.9352,0
1016,33.9005,92.5,2.6,365.3,168.6,0.8856,0
1017,33.9339,66.1,3.9,370.4,168.9,0.7188,0
1017,33.9339,71.0,3.2,369.8,168.3,0.1709,0
1018,33.9673,67.2,1.6,370.3,169.6,0.8494,0
1019,34.0006,47.2,4.3,367.7,169.3,0.9492,0
1020,34.034,62.3,3.3,364.6,170.0,0.9441,0
1021,34.0674,38.5,2.0,363.0,170.7,0.9311,0
1022,34.1007,66.3,1.6,359.1,169.0,0.9293,0
1023,34.1341,26.2,3.3,361.0,169.6,0.9433,0
1024,34.1675,15.9,3.5,362.8,169.9,0.9255,0
1025,34.2008,44.5,2.5,362.2,170.7,0.9383,0
1026,34.2342,64.6,2.1,360.5,168.4,0.9479,0
1027,34.2676,95.3,9.3,361.6,169.2,0.9152,0
1028,34.3009,74.6,16.5,359.0,169.0,0.9207,0
1029,34.3343,102.9,8.5,361.2,168.2,0.8666,0
1030,34.3677,58.3,10.3,349.6,168.7,0.8609,0
1031,34.401,60.1,1.3,356.8,168.8,0.7903,0
1032,34.4344,62.2,1.5,357.3,169.1,0.8995,0
1033,34.4678,46.0,2.1,361.5,170.0,0.9156,0
1034,34.5011,44.1,1.1,361.7,171.4,0.9312,0
1035,34.5345,50.3,2.3,364.8,172.9,0.9428,0
1036,34.5679,44.4,2.3,364.5,170.9,0.9567,0
1036,34.5679,223.1,251.1,248.4,272.0,0.1117,1
1037,34.6012,51.8,3.6,351.3,173.5,0.9359,0
1038,34.6346,44.6,2.8,361.2,171.5,0.9538,0
1039,34.668,40.7,4.5,359.2,171.9,0.9291,0
1040,34.7013,67.2,6.0,369.5,169.7,0.9499,0
1041,34.7347,66.4,0.1,357.7,171.4,0.9392,0
1042,34.7681,82.9,5.4,356.6,169.8,0.9352,0
1043,34.8014,63.4,1.3,358.8,170.9,0.9483,0
1044,34.8348,55.8,1.5,359.4,171.3,0.9563,0
1045,34.8682,76.5,2.8,355.9,171.0,0.9346,0
1046,34.9015,100.6,1.4,361.0,172.0,0.8036,0
1047,34.9349,50.8,2.8,360.1,171.0,0.9438,0
1048,34.9683,41.1,1.8,353.9,172.8,0.9167,0
1049,35.0016,87.4,1.4,361.1,170.2,0.918,0
1050,35.035,34.8,1.5,386.6,171.6,0.8728,0
1051,35.0684,40.2,1.5,392.6,171.7,0.8821,0
1052,35.1017,43.3,3.5,368.3,169.3,0.696,0
1052,35.1017,57.9,1.9,366.1,169.6,0.4275,0
1053,35.1351,55.6,7.8,367.7,170.7,0.9443,0
1054,35.1685,41.3,7.5,362.3,172.6,0.9447,0
1055,35.2018,42.6,3.6,373.3,172.0,0.9289,0
1056,35.2352,46.0,2.3,374.7,173.0,0.65,0
1057,35.2686,49.0,2.2,381.8,171.3,0.9075,0
1057,35.2686,33.6,165.5,65.3,185.2,0.1771,0
1058,35.3019,56.6,10.6,378.6,170.5,0.8754,0
1059,35.3353,31.6,1.4,364.5,171.5,0.7538,0
1060,35.3687,63.5,1.4,372.0,172.2,0.8717,0
1061,35.402,26.9,2.1,356.2,170.9,0.9526,0
1062,35.4354,50.1,2.5,356.4,170.6,0.9176,0
1063,35.4688,46.4,1.3,359.5,171.2,0.9514,0
1064,35.5021,66.6,1.7,364.3,170.4,0.8838,0
1065,35.5355,35.4,1.9,362.4,170.4,0.9081,0
1066,35.5689,85.1,1.0,356.6,170.3,0.836,0
1067,35.6022,56.2,2.0,352.6,170.7,0.9126,0
1068,35.6356,57.4,1.6,361.1,172.2,0.9402,0
1069,35.669,56.0,4.3,368.1,169.4,0.9435,0
1070,35.7023,50.6,2.1,354.2,171.1,0.9292,0
1071,35.7357,36.1,4.2,354.5,173.4,0.9426,0
1072,35.7691,14.7,2.4,358.5,172.0,0.9481,0
1073,35.8024,76.3,1.9,353.3,168.6,0.8838,0
1074,35.8358,46.6,2.7,358.4,169.6,0.883,0
1075,35.8692,31.1,2.4,360.1,173.1,0.909,0
1076,35.9025,17.6,2.2,364.4,172.7,0.8977,0
1077,35.9359,32.6,2.5,379.2,172.1,0.9309,0
1078,35.9693,58.6,1.9,379.0,175.0,0.9276,0
1079,36.0026,61.6,2.5,353.1,173.1,0.9394,0
1080,36.036,76.0,1.7,355.1,172.0,0.5146,0
1080,36.036,76.5,5.4,357.7,170.0,0.4761,0
1081,36.0694,54.3,1.8,360.7,171.3,0.926,0
1082,36.1027,56.9,2.2,372.1,168.6,0.8301,0
1083,36.1361,45.7,2.6,358.6,170.1,0.9337,0
1084,36.1695,64.6,3.0,363.4,169.5,0.9471,0
1085,36.2028,32.5,1.3,359.5,170.6,0.8397,0
1085,36.2028,25.8,2.2,362.1,169.2,0.1031,0
1086,36.2362,45.0,5.0,364.1,170.2,0.9486,0
1087,36.2696,63.2,1.3,382.3,170.6,0.8859,0
1088,36.3029,43.3,1.1,384.0,173.6,0.9321,0
1089,36.3363,23.2,0.3,360.9,171.8,0.9311,0
1090,36.3697,32.1,3.3,362.4,170.9,0.9421,0
1091,36.403,57.6,1.6,347.8,173.0,0.9054,0
1092,36.4364,61.0,1.4,349.7,172.0,0.9181,0
1093,36.4698,59.6,2.2,355.3,171.4,0.9046,0
1093,36.4698,58.2,2.1,353.5,172.7,0.1795,0
1094,36.5031,56.9,1.8,359.4,171.0,0.9586,0
1095,36.5365,59.3,2.5,368.0,170.0,0.9507,0
1096,36.5699,29.3,2.3,357.1,170.3,0.9323,0
1097,36.6032,41.4,6.6,359.4,169.5,0.9215,0
1098,36.6366,43.4,1.4,363.6,171.4,0.9339,0
1098,36.6366,228.1,251.2,249.3,272.0,0.1266,1
1099,36.67,51.5,3.9,356.1,169.4,0.9209,0
1100,36.7033,38.7,4.3,357.5,169.4,0.9336,0
1101,36.7367,100.1,3.0,362.9,169.0,0.9341,0
1102,36.7701,40.1,2.0,357.8,171.4,0.836,0
1102,36.7701,224.9,251.4,247.9,272.0,0.1316,1
1103,36.8034,55.5,1.7,357.1,171.1,0.9007,0
1103,36.8034,226.4,251.1,249.4,272.0,0.1644,1
1104,36.8368,42.6,1.4,357.5,171.0,0.8929,0
1104,36.8368,232.3,251.1,248.3,272.0,0.2168,1
1105,36.8702,103.1,2.4,354.9,168.2,0.9014,0
1106,36.9035,92.2,1.5,359.2,170.9,0.9011,0
1107,36.9369,29.2,3.1,360.8,170.1,0.9235,0
1108,36.9703,40.1,1.8,356.3,171.4,0.874,0
1109,37.0036,84.6,2.3,356.2,167.3,0.5078,0
1109,37.0036,64.3,1.7,355.5,169.0,0.3701,0
1110,37.037,74.2,2.3,356.4,170.3,0.8648,0
1111,37.0704,94.1,1.8,371.6,167.1,0.7929,0
1111,37.0704,226.7,251.5,248.1,272.0,0.2112,1
1112,37.1037,65.2,1.5,368.3,172.0,0.8766,0
1113,37.1371,50.0,4.8,354.0,171.9,0.8861,0
1114,37.1705,14.6,4.0,357.9,172.4,0.7076,0
1114,37.1705,9.7,6.3,359.5,171.6,0.1999,0
1115,37.2038,19.6,2.0,360.1,171.3,0.936,0
1116,37.2372,53.3,3.1,360.7,170.7,0.9606,0
1117,37.2706,32.3,1.5,362.1,170.0,0.9409,0
1118,37.3039,17.2,3.2,357.7,170.3,0.9,0
1119,37.3373,64.1,4.9,360.9,171.6,0.9485,0
1120,37.3707,16.0,2.1,367.9,172.8,0.9259,0
1121,37.404,52.0,2.6,365.7,173.8,0.9196,0
1122,37.4374,63.5,3.8,362.1,170.8,0.9398,0
1123,37.4708,70.3,2.1,362.6,171.3,0.8775,0
1124,37.5041,63.1,1.3,364.7,171.2,0.8757,0
1124,37.5041,33.5,2.1,365.1,171.5,0.6054,0
1125,37.5375,38.0,2.6,360.0,172.4,0.9541,0
1126,37.5709,31.7,2.2,360.0,174.3,0.8736,0
1127,37.6042,39.9,2.9,363.6,172.4,0.9456,0
1128,37.6376,79.4,1.9,361.9,171.2,0.8425,0
1128,37.6376,60.8,2.2,361.4,171.0,0.281,0
1129,37.671,69.5,1.9,352.7,171.2,0.652,0
1129,37.671,70.0,1.0,350.9,173.2,0.3033,0
1130,37.7043,64.8,1.8,357.0,173.5,0.925,0
1131,37.7377,69.4,1.6,358.6,172.7,0.9629,0
1132,37.7711,67.3,1.5,355.3,172.8,0.9335,0
1133,37.8044,60.1,1.1,374.2,171.8,0.8672,0
1134,37.8378,32.0,0.6,395.2,173.7,0.8956,0
1135,37.8712,27.5,2.8,361.0,172.9,0.903,0
1136,37.9045,43.9,6.0,356.7,173.6,0.9391,0
1137,37.9379,29.5,3.4,358.5,172.5,0.9504,0
1138,37.9713,64.0,4.4,364.5,171.7,0.9374,0
1139,38.0046,62.4,1.1,354.7,172.3,0.803,0
1140,38.038,65.2,2.3,350.8,172.7,0.8185,0
1140,38.038,69.4,4.1,352.6,170.9,0.4051,0
1141,38.0714,36.1,5.7,351.4,171.9,0.9042,0
1142,38.1047,59.2,1.7,356.8,172.7,0.921,0
1143,38.1381,27.7,3.3,349.3,171.9,0.9316,0
1144,38.1715,33.1,2.8,349.8,172.2,0.9495,0
1145,38.2048,39.3,2.4,349.2,171.8,0.8962,0
1146,38.2382,29.8,3.5,366.8,171.7,0.9409,0
1147,38.2716,26.0,3.5,353.6,171.9,0.9057,0
1148,38.3049,29.5,5.2,359.8,171.8,0.9202,0
1149,38.3383,37.1,4.1,367.5,172.7,0.902,0
1150,38.3717,68.7,2.6,354.8,171.3,0.9379,0
1151,38.405,64.5,1.8,355.6,172.9,0.8932,0
1152,38.4384,95.6,2.9,355.2,171.6,0.9275,0
1153,38.4718,39.0,2.3,355.0,173.4,0.94,0
1154,38.5051,69.4,2.1,362.4,171.1,0.8405,0
1155,38.5385,87.7,9.1,356.6,169.1,0.9376,0
1156,38.5719,73.5,1.7,351.8,171.2,0.9086,0
1157,38.6052,44.0,2.3,355.0,171.6,0.9263,0
1158,38.6386,26.2,5.7,355.1,171.9,0.9354,0
1159,38.672,47.4,3.3,353.6,171.5,0.9461,0
1160,38.7053,33.4,2.3,352.9,171.5,0.9418,0
1161,38.7387,37.3,1.6,356.5,174.0,0.9153,0
1162,38.7721,42.8,1.4,352.1,172.3,0.8815,0
1163,38.8054,35.4,2.7,354.2,172.0,0.9278,0
1164,38.8388,62.1,5.4,357.0,172.6,0.9575,0
1165,38.8722,52.0,2.1,353.1,173.2,0.8909,0
1166,38.9055,59.0,1.9,353.5,171.9,0.8961,0
1167,38.9389,70.1,1.7,355.7,170.4,0.8875,0
1168,38.9723,64.5,1.3,355.5,171.4,0.8843,0
1169,39.0056,51.5,1.2,350.6,171.4,0.8986,0
1170,39.039,67.2,3.9,361.8,169.7,0.837,0
1170,39.039,43.0,3.1,362.4,170.2,0.6419,0
1170,39.039,36.0,162.3,64.9,182.3,0.2197,0
1171,39.0724,58.6,3.8,377.0,171.1,0.9116,0
1172,39.1057,15.4,3.3,384.4,170.8,0.9552,0
1173,39.1391,38.1,1.7,359.8,173.7,0.9283,0
1173,39.1391,0.1,70.0,65.6,256.2,0.1482,1
1174,39.1725,48.6,2.0,382.5,172.6,0.9321,0
1175,39.2058,55.1,2.4,367.7,171.6,0.9367,0
1176,39.2392,66.5,3.6,367.3,170.1,0.932,0
1177,39.2726,83.6,3.1,369.5,170.4,0.8358,0
1178,39.3059,91.4,1.5,378.3,171.3,0.8276,0
1178,39.3059,75.4,1.5,384.3,171.2,0.1125,0
1179,39.3393,57.7,0.8,355.6,172.5,0.8675,0
1180,39.3727,38.0,1.6,357.3,172.3,0.9207,0
1181,39.406,33.7,1.8,360.9,169.9,0.9117,0
1182,39.4394,40.5,1.3,369.0,173.1,0.9193,0
1183,39.4728,40.4,1.3,360.3,172.5,0.4509,0
1183,39.4728,37.1,2.2,363.1,171.1,0.2706,0
1184,39.5061,36.1,2.7,380.4,172.9,0.8802,0
1185,39.5395,21.2,3.2,370.4,171.7,0.9151,0
1186,39.5729,55.7,1.2,353.0,171.1,0.8042,0
1186,39.5729,33.7,1.8,353.3,171.5,0.1584,0
1187,39.6062,39.8,2.3,360.6,172.9,0.9431,0
1188,39.6396,43.5,2.7,389.6,172.8,0.8501,0
1189,39.673,33.7,2.7,373.4,173.0,0.9427,0
1190,39.7063,26.1,7.3,354.7,171.0,0.8773,0
1191,39.7397,98.4,1.8,357.0,169.6,0.8714,0
1192,39.7731,24.4,3.5,361.6,170.6,0.8888,0
1193,39.8064,27.8,2.7,362.2,172.7,0.9249,0
1194,39.8398,56.0,1.6,353.1,170.9,0.8529,0
1195,39.8732,76.3,0.9,352.3,171.8,0.8856,0
1196,39.9065,60.2,1.2,355.3,173.4,0.5923,0
1196,39.9065,55.7,2.3,357.3,171.6,0.3396,0
1197,39.9399,55.6,3.1,359.8,173.4,0.9586,0
1198,39.9733,39.1,2.1,363.3,173.1,0.9321,0
1199,40.0066,32.7,4.7,358.1,173.1,0.9222,0
1200,40.04,38.2,3.6,359.6,172.1,0.7926,0
1201,40.0734,34.2,1.8,358.7,172.9,0.8696,0
1202,40.1067,27.3,2.5,367.4,174.5,0.9256,0
1203,40.1401,24.5,1.4,357.3,172.3,0.9296,0
1204,40.1735,35.4,2.7,357.9,172.2,0.9217,0
1205,40.2068,24.2,1.7,360.8,170.4,0.9389,0
1205,40.2068,225.0,251.1,250.9,272.0,0.2882,1
1205,40.2068,171.1,220.2,196.3,234.1,0.168,0
1206,40.2402,64.7,1.2,354.1,171.5,0.913,0
1207,40.2736,98.1,1.6,354.3,171.1,0.9422,0
1208,40.3069,103.5,1.0,359.1,171.3,0.9234,0
1209,40.3403,50.8,5.8,362.9,171.2,0.8733,0
1210,40.3737,26.6,3.5,357.5,172.8,0.8728,0
1210,40.3737,229.7,251.6,251.5,272.0,0.2398,1
1211,40.407,44.8,6.8,357.5,170.7,0.8622,0
1212,40.4404,54.3,2.3,356.1,172.0,0.8903,0
1213,40.4738,29.0,2.0,359.2,173.9,0.9343,0
1214,40.5071,48.5,0.1,351.5,173.1,0.3772,0
1214,40.5071,36.3,1.5,353.8,172.1,0.1334,0
1215,40.5405,92.7,1.5,355.8,171.2,0.9237,0
1216,40.5739,51.0,1.9,363.4,172.5,0.9441,0
1217,40.6072,59.4,3.7,356.4,173.8,0.9338,0
1218,40.6406,41.8,2.2,354.7,172.3,0.9136,0
1219,40.674,50.2,8.0,368.0,171.3,0.9391,0
1220,40.7073,17.3,2.2,354.6,170.7,0.9243,0
1221,40.7407,59.1,14.6,348.2,169.8,0.9285,0
1222,40.7741,37.4,2.0,349.0,172.0,0.8531,0
1222,40.7741,36.2,3.3,350.5,170.5,0.2973,0
1223,40.8074,43.6,0.9,352.0,172.4,0.8833,0
1224,40.8408,43.2,8.9,355.0,170.8,0.9185,0
1225,40.8742,45.0,11.1,352.4,172.4,0.9336,0
1226,40.9075,36.1,5.6,351.8,172.9,0.9193,0
1227,40.9409,33.2,1.5,353.4,172.0,0.8998,0
1227,40.9409,220.0,250.9,238.9,272.0,0.1678,1
1228,40.9743,45.9,1.9,378.4,171.5,0.9209,0
1229,41.0076,42.7,1.0,360.1,172.9,0.9253,0
1230,41.041,34.1,2.4,357.7,171.2,0.9484,0
1231,41.0744,30.7,3.2,353.0,169.8,0.9256,0
1232,41.1077,11.2,4.0,355.8,171.6,0.9432,0
1233,41.1411,28.6,2.9,359.3,172.3,0.8748,0
1234,41.1745,28.1,1.5,361.0,172.6,0.9145,0
1235,41.2078,38.1,2.5,367.0,173.0,0.9174,0
1236,41.2412,17.6,9.5,360.7,171.0,0.8504,0
1237,41.2746,31.0,2.0,370.6,173.5,0.9,0
1238,41.3079,72.8,1.4,367.6,171.0,0.8966,0
1239,41.3413,33.8,2.3,358.8,169.7,0.8917,0
1240,41.3747,36.8,2.5,370.0,170.4,0.9253,0
1241,41.408,51.8,2.1,373.7,169.9,0.8772,0
1242,41.4414,71.0,1.6,352.0,170.0,0.9223,0
1243,41.4748,57.5,2.7,354.1,170.5,0.7538,0
1243,41.4748,62.5,1.5,353.0,171.2,0.3786,0
1244,41.5081,43.0,1.7,352.3,174.9,0.8534,0
1245,41.5415,41.6,1.8,354.4,173.4,0.9376,0
1246,41.5749,28.3,1.4,355.1,174.1,0.8906,0
1247,41.6082,40.0,1.9,355.6,174.1,0.9207,0
1248,41.6416,42.4,0.6,353.2,173.6,0.9077,0
1249,41.675,46.2,1.9,362.6,173.6,0.9307,0
1250,41.7083,48.7,1.2,363.0,173.7,0.8196,0
1251,41.7417,26.0,4.0,357.6,171.1,0.9386,0
1252,41.7751,55.7,4.4,353.8,170.2,0.6101,0
1252,41.7751,70.0,3.5,351.9,171.1,0.4633,0
1253,41.8084,27.0,4.8,358.6,172.0,0.9335,0
1254,41.8418,58.6,2.4,357.4,171.9,0.935,0
1255,41.8752,22.4,9.2,363.8,169.7,0.8713,0
1256,41.9085,56.9,3.8,362.7,173.1,0.9167,0
1257,41.9419,51.5,3.1,361.2,171.3,0.9192,0
1257,41.9419,56.2,5.6,360.8,171.7,0.1975,0
1257,41.9419,228.4,251.0,259.8,272.0,0.1167,1
1258,41.9753,55.0,1.9,364.6,168.7,0.9104,0
1258,41.9753,64.1,1.1,363.1,169.6,0.3075,0
1258,41.9753,226.8,250.7,259.4,272.0,0.1152,1
1259,42.0086,73.1,1.7,363.6,171.2,0.8901,0
1260,42.042,59.6,1.8,365.9,172.0,0.9074,0
1261,42.0754,51.0,1.2,359.9,171.3,0.917,0
1262,42.1087,23.0,1.8,359.8,173.4,0.9406,0
1263,42.1421,18.6,2.6,369.7,171.9,0.9355,0
1264,42.1755,27.6,2.1,377.3,170.5,0.8193,0
1264,42.1755,227.1,251.0,251.8,272.0,0.1101,1
1265,42.2088,19.7,4.3,364.0,173.8,0.9385,0
1266,42.2422,18.0,6.1,377.0,172.7,0.9505,0
1267,42.2756,50.5,5.0,376.2,172.4,0.9357,0
1268,42.3089,53.7,3.1,382.6,172.3,0.925,0
1269,42.3423,92.1,2.3,358.1,170.7,0.8999,0
1270,42.3757,27.3,2.4,363.1,171.6,0.9214,0
1271,42.409,28.4,2.5,360.0,171.8,0.9485,0
1272,42.4424,50.8,2.0,356.9,170.8,0.9436,0
1273,42.4758,28.3,2.3,358.0,173.3,0.9534,0
1274,42.5091,47.0,2.0,353.3,171.0,0.9504,0
1275,42.5425,33.8,2.6,355.9,171.5,0.9477,0
1275,42.5425,219.9,250.7,247.2,272.0,0.2765,1
1276,42.5759,25.4,2.1,355.7,170.7,0.6486,0
1276,42.5759,35.3,1.4,353.3,172.5,0.1986,0
1277,42.6092,27.0,2.3,361.3,171.3,0.943,0
1278,42.6426,38.7,2.9,362.7,171.1,0.9507,0
1279,42.676,68.1,9.2,370.0,169.2,0.9322,0
1280,42.7093,30.0,1.8,359.0,173.3,0.9048,0
1281,42.7427,42.9,1.2,357.4,174.8,0.8946,0
1282,42.7761,45.0,2.1,355.6,173.4,0.9529,0
1283,42.8094,32.0,8.3,355.4,171.3,0.921,0
1284,42.8428,30.1,5.6,354.6,171.1,0.9402,0
1285,42.8762,32.6,2.2,360.4,172.8,0.949,0
1286,42.9095,48.6,1.8,361.5,174.8,0.9197,0
1287,42.9429,49.4,1.9,361.4,171.9,0.9257,0
1288,42.9763,60.2,1.9,372.3,170.3,0.9002,0
1289,43.0096,55.0,0.8,377.3,171.9,0.8311,0
1290,43.043,65.4,2.3,355.3,171.8,0.9064,0
1291,43.0764,49.5,2.2,359.9,172.6,0.9454,0
1292,43.1097,56.4,2.1,349.9,173.4,0.782,0
1292,43.1097,57.9,3.8,351.7,172.6,0.542,0
1293,43.1431,54.2,2.0,356.2,172.7,0.9402,0
1294,43.1765,31.1,2.1,357.0,171.3,0.9364,0
1295,43.2098,56.6,4.2,350.7,170.1,0.9417,0
1296,43.2432,100.0,2.6,354.9,171.1,0.9489,0
1297,43.2766,36.3,1.2,355.9,171.1,0.8876,0
1298,43.3099,29.1,1.8,358.5,172.0,0.8265,0
1299,43.3433,98.2,4.1,354.0,170.5,0.9005,0
1300,43.3767,95.5,4.2,351.3,169.9,0.9437,0
1301,43.41,44.7,1.1,351.3,171.5,0.8976,0
1302,43.4434,34.5,1.9,351.5,173.3,0.8769,0
1303,43.4768,23.8,1.4,354.3,172.6,0.9358,0
1303,43.4768,216.2,250.3,251.2,272.0,0.3184,1
1304,43.5101,46.9,1.1,354.6,170.9,0.9344,0
1304,43.5101,217.2,250.4,251.4,272.0,0.3815,1
1305,43.5435,21.9,3.9,351.5,172.4,0.9244,0
1305,43.5435,225.7,251.4,250.0,272.0,0.1172,1
1306,43.5769,19.4,1.9,357.5,174.2,0.9234,0
1307,43.6102,18.4,1.9,362.4,172.6,0.9476,0
1307,43.6102,227.0,251.0,247.1,272.0,0.1014,1
1308,43.6436,10.7,4.5,357.0,171.2,0.9124,0
1309,43.677,21.3,5.4,360.4,173.7,0.9317,0
1310,43.7103,39.0,2.1,354.3,172.5,0.9447,0
1311,43.7437,35.2,3.4,356.7,173.1,0.949,0
1312,43.7771,90.9,4.3,348.5,170.4,0.8853,0
1313,43.8104,103.2,2.2,350.4,168.4,0.9067,0
1314,43.8438,75.0,1.2,353.3,171.1,0.9051,0
1315,43.8772,89.8,2.2,355.1,170.1,0.9484,0
1316,43.9105,47.1,1.5,382.2,170.3,0.9217,0
1317,43.9439,25.6,5.8,355.0,170.1,0.9238,0
1318,43.9773,15.3,2.4,357.0,170.1,0.9107,0
1319,44.0106,14.5,1.7,355.1,170.6,0.916,0
1320,44.044,14.3,22.9,372.7,168.9,0.8775,0
1321,44.0774,28.4,0.1,367.2,170.8,0.945,0
1322,44.1107,57.2,1.0,356.3,170.7,0.8894,0
1323,44.1441,61.5,1.3,359.3,170.8,0.8997,0
1324,44.1775,47.5,3.0,355.9,168.1,0.8914,0
1325,44.2108,36.8,2.7,360.3,172.4,0.9283,0
1326,44.2442,39.9,2.3,359.7,172.1,0.9444,0
1327,44.2776,32.6,2.6,350.1,174.1,0.8997,0
1328,44.3109,35.2,2.6,345.7,172.8,0.8887,0
1329,44.3443,95.1,1.1,349.4,171.1,0.9221,0
1330,44.3777,103.3,1.8,349.3,171.6,0.9348,0
1331,44.411,21.4,3.8,350.2,172.2,0.8951,0
1332,44.4444,44.3,3.7,345.6,170.7,0.9284,0
1333,44.4778,109.4,2.0,347.4,169.4,0.8853,0
1334,44.5111,26.7,2.4,350.0,171.6,0.9445,0
1335,44.5445,31.6,1.4,355.4,171.7,0.9264,0
1336,44.5779,80.2,2.2,352.6,171.6,0.8842,0
1337,44.6112,59.8,1.5,353.1,172.6,0.8718,0
1338,44.6446,62.9,2.3,357.4,171.6,0.8044,0
1339,44.678,52.3,10.2,355.8,171.8,0.9142,0
1340,44.7113,47.9,6.6,371.5,170.6,0.9421,0
1341,44.7447,47.6,5.7,370.9,173.6,0.915,0
1342,44.7781,43.9,1.5,354.0,174.2,0.8929,0
1343,44.8114,48.8,1.0,349.3,173.9,0.894,0
1344,44.8448,25.3,5.3,353.1,173.7,0.9303,0
1345,44.8782,30.2,5.9,351.8,172.4,0.8204,0
1345,44.8782,40.9,3.2,350.7,172.8,0.6896,0
1346,44.9115,36.7,1.9,359.2,171.1,0.9614,0
1347,44.9449,39.0,2.3,357.1,172.5,0.7131,0
1347,44.9449,28.1,3.2,358.8,171.2,0.1831,0
1348,44.9783,42.1,3.9,352.2,170.8,0.927,0
1349,45.0116,32.2,0.9,353.7,172.8,0.9278,0
1350,45.045,45.9,3.7,357.5,171.3,0.9523,0
1351,45.0784,35.1,2.7,364.5,172.5,0.9523,0
1352,45.1117,23.7,3.2,356.2,173.4,0.938,0
1353,45.1451,25.6,2.9,350.4,173.1,0.9412,0
1354,45.1785,13.5,1.4,356.6,173.4,0.938,0
1355,45.2118,31.0,6.4,357.2,175.6,0.8976,0
1355,45.2118,19.1,3.2,358.1,172.8,0.2585,0
1356,45.2452,33.2,1.7,349.9,171.0,0.8586,0
1357,45.2786,32.3,1.8,353.5,172.0,0.9159,0
1357,45.2786,215.5,250.3,232.2,271.8,0.2996,1
1358,45.3119,27.5,2.5,355.1,171.1,0.9451,0
1359,45.3453,33.2,6.5,356.0,170.4,0.9189,0
1360,45.3787,23.3,1.7,357.8,171.4,0.9461,0
1361,45.412,89.2,2.6,353.4,170.0,0.9379,0
1362,45.4454,24.5,3.6,345.9,172.0,0.902,0
1363,45.4788,22.9,1.3,351.3,171.6,0.9118,0
1364,45.5121,36.8,2.1,353.3,172.6,0.5108,0
1364,45.5121,26.8,2.9,355.3,171.2,0.3487,0
1365,45.5455,56.0,1.6,348.6,170.5,0.8849,0
1366,45.5789,41.3,2.3,350.9,170.8,0.8924,0
1367,45.6122,49.3,4.6,349.9,170.0,0.9092,0
1368,45.6456,95.1,0.8,344.7,169.6,0.8225,0
1368,45.6456,96.7,3.4,346.3,168.3,0.236,0
1369,45.679,88.9,4.6,350.2,168.9,0.9309,0
1370,45.7123,76.7,3.9,353.8,169.4,0.9251,0
1371,45.7457,65.9,3.4,345.7,169.9,0.9211,0
1372,45.7791,33.5,2.2,337.6,173.9,0.8806,0
1373,45.8124,17.5,4.9,352.5,173.2,0.9112,0
1374,45.8458,31.6,0.4,348.5,175.3,0.93,0
1375,45.8792,48.2,0.7,345.1,174.2,0.9077,0
1376,45.9125,16.5,1.6,350.6,173.2,0.7919,0
1377,45.9459,26.8,0.0,347.6,173.4,0.9179,0
1378,45.9793,53.6,2.1,356.3,171.6,0.6462,0
1378,45.9793,72.3,1.6,354.4,172.5,0.3696,0
1379,46.0126,57.6,1.2,351.9,172.8,0.9128,0
1380,46.046,54.2,1.9,349.5,172.9,0.837,0
1381,46.0794,34.8,4.1,355.3,172.0,0.9461,0
1382,46.1127,41.3,2.2,351.6,171.6,0.945,0
1383,46.1461,50.4,2.7,355.0,172.4,0.955,0
1384,46.1795,37.8,7.7,354.8,172.2,0.9339,0
1385,46.2128,36.0,3.2,351.8,176.9,0.9511,0
1386,46.2462,19.3,10.8,351.4,172.3,0.8947,0
1387,46.2796,38.1,1.5,346.8,171.8,0.7544,0
1388,46.3129,42.7,2.6,350.3,171.0,0.9371,0
1389,46.3463,43.6,1.7,345.9,170.8,0.8754,0
1390,46.3797,36.1,2.0,357.5,170.0,0.8801,0
1390,46.3797,66.3,0.7,356.3,170.6,0.6804,0
1391,46.413,32.6,1.5,357.9,173.1,0.8854,0
1392,46.4464,28.0,8.7,346.7,173.1,0.8891,0
1393,46.4798,69.9,1.3,345.2,171.1,0.8846,0
1394,46.5131,62.5,1.0,355.4,171.6,0.9125,0
1395,46.5465,39.9,1.9,354.4,173.8,0.8974,0
1396,46.5799,85.5,3.8,350.5,169.7,0.932,0
1397,46.6132,13.5,1.2,356.4,174.1,0.8988,0
1398,46.6466,25.1,5.3,375.5,173.3,0.8934,0
1399,46.68,47.6,0.0,356.3,171.6,0.9135,0
1400,46.7133,39.0,5.4,372.1,170.5,0.8937,0
1401,46.7467,44.3,3.4,383.8,172.2,0.8883,0
1402,46.7801,44.6,2.4,368.5,173.2,0.787,0
1403,46.8134,42.2,1.8,377.0,175.9,0.9012,0
1404,46.8468,28.1,1.8,354.7,174.0,0.7637,0
1405,46.8802,25.8,2.2,353.7,173.6,0.7859,0
1405,46.8802,0.0,94.8,61.2,262.0,0.2802,1
1406,46.9135,22.1,2.4,353.0,174.3,0.7472,0
1406,46.9135,15.9,3.8,355.0,173.0,0.1802,0
1407,46.9469,45.0,1.2,363.0,171.2,0.8148,0
1408,46.9803,34.0,2.1,353.6,171.2,0.9413,0
1409,47.0136,44.9,3.8,353.3,173.2,0.9434,0
1410,47.047,27.1,2.8,350.7,172.2,0.9274,0
1411,47.0804,25.9,7.7,364.8,171.7,0.9253,0
1412,47.1137,23.7,12.2,362.8,171.1,0.8934,0
1413,47.1471,23.0,3.7,357.8,171.1,0.9203,0
1414,47.1805,56.9,1.3,357.1,171.4,0.9262,0
1415,47.2138,61.8,3.0,349.5,170.0,0.7318,0
1415,47.2138,67.3,1.9,348.2,171.0,0.4838,0
1416,47.2472,70.0,2.3,349.5,171.0,0.8645,0
1416,47.2472,78.8,1.3,347.7,171.7,0.1879,0
1417,47.2806,32.8,1.9,351.4,173.7,0.8859,0
1418,47.3139,31.7,6.3,355.4,170.4,0.9072,0
1419,47.3473,26.3,4.3,359.9,170.6,0.7844,0
1419,47.3473,46.7,3.3,357.3,171.6,0.551,0
1420,47.3807,38.5,1.7,358.1,173.9,0.939,0
1421,47.414,42.3,2.0,357.6,173.0,0.8885,0
1422,47.4474,44.6,3.6,353.7,171.6,0.9105,0
1423,47.4808,32.6,1.5,358.7,173.5,0.9208,0
1424,47.5141,43.6,3.8,368.2,171.6,0.8185,0
1425,47.5475,43.2,1.9,357.1,172.4,0.7789,0
1425,47.5475,37.1,3.4,358.9,171.7,0.6582,0
1426,47.5809,46.7,2.5,354.4,171.8,0.9575,0
1427,47.6142,42.5,3.1,354.8,170.7,0.9293,0
1428,47.6476,38.5,3.3,357.0,170.7,0.9098,0
1428,47.6476,223.4,250.8,251.1,272.0,0.2133,1
1429,47.681,37.8,2.1,352.9,171.4,0.9395,0
1430,47.7143,28.5,3.5,352.7,171.9,0.9415,0
1431,47.7477,43.5,2.8,356.1,172.6,0.9478,0
1432,47.7811,29.0,4.2,359.8,172.7,0.9261,0
1433,47.8144,59.0,6.7,354.6,170.7,0.9397,0
1434,47.8478,86.8,2.0,351.6,170.7,0.9094,0
1435,47.8812,64.0,1.4,358.8,170.6,0.9041,0
1436,47.9145,20.0,5.2,357.6,173.5,0.7083,0
1436,47.9145,41.6,3.5,354.6,172.4,0.4575,0
1437,47.9479,73.8,1.8,353.6,172.5,0.8863,0
1438,47.9813,44.4,6.3,352.3,170.8,0.9266,0
1439,48.0146,30.3,4.9,354.0,173.1,0.9299,0
1440,48.048,30.2,1.9,355.4,174.5,0.8826,0
1441,48.0814,25.7,1.5,365.3,173.1,0.9059,0
1442,48.1147,28.0,3.3,370.0,173.6,0.9269,0
1443,48.1481,29.0,2.7,368.7,173.6,0.937,0
1444,48.1815,35.8,2.3,358.8,173.4,0.9607,0
1445,48.2148,37.3,1.8,363.2,172.5,0.946,0
1446,48.2482,36.7,2.6,375.1,172.8,0.9515,0
1447,48.2816,39.9,3.1,359.6,172.3,0.9349,0
1448,48.3149,30.9,2.1,354.5,173.4,0.9117,0
1449,48.3483,33.9,2.1,358.1,174.8,0.9318,0
1450,48.3817,31.3,3.9,354.1,172.9,0.9324,0
1451,48.415,40.1,1.7,354.3,171.2,0.945,0
1452,48.4484,85.0,0.4,352.6,171.6,0.9334,0
1453,48.4818,80.8,4.8,351.4,170.8,0.9352,0
1454,48.5151,80.5,1.5,351.6,171.0,0.7802,0
1454,48.5151,75.0,0.7,353.4,170.5,0.2632,0
1455,48.5485,37.2,2.1,354.0,173.3,0.9089,0
1456,48.5819,42.9,1.6,356.2,171.2,0.8872,0
1457,48.6152,46.8,3.1,357.4,171.6,0.9494,0
1458,48.6486,54.8,1.7,356.3,173.0,0.8917,0
1459,48.682,37.5,0.6,358.7,171.8,0.9167,0
1460,48.7153,36.8,2.3,350.7,176.9,0.9548,0
1461,48.7487,37.5,2.0,350.9,173.4,0.83,0
1461,48.7487,44.8,1.2,349.9,173.4,0.1218,0
1462,48.7821,35.8,3.3,349.0,172.8,0.9249,0
1463,48.8154,66.0,2.4,341.9,173.3,0.9304,0
1464,48.8488,40.7,1.6,345.9,172.0,0.9191,0
1465,48.8822,40.8,2.2,349.2,171.5,0.9492,0
1466,48.9155,60.1,1.0,348.8,171.6,0.6369,0
1466,48.9155,45.6,1.4,350.6,171.3,0.2283,0
1467,48.9489,39.2,5.8,352.3,170.9,0.9279,0
1468,48.9823,25.1,2.2,352.4,171.8,0.9191,0
1468,48.9823,0.0,80.6,64.5,252.0,0.1373,1
1469,49.0156,24.9,8.7,353.1,172.1,0.9005,0
1469,49.0156,0.0,107.4,63.2,259.5,0.1265,1
1470,49.049,29.1,5.0,355.6,174.6,0.9007,0
1470,49.049,0.0,106.4,62.6,258.6,0.1077,1
1471,49.0824,35.1,3.5,353.4,175.8,0.9275,0
1472,49.1157,35.3,1.7,352.9,174.6,0.919,0
1473,49.1491,33.5,1.7,354.8,174.0,0.9397,0
1474,49.1825,27.8,5.6,362.3,173.1,0.9179,0
1475,49.2158,25.2,1.5,358.7,171.6,0.9572,0
1476,49.2492,48.6,2.8,352.7,171.6,0.9346,0
1476,49.2492,0.0,109.5,66.2,255.1,0.323,1
1477,49.2826,39.6,3.4,355.7,170.8,0.9413,0
1478,49.3159,46.6,2.2,354.7,172.1,0.9399,0
1479,49.3493,45.0,3.5,349.7,172.0,0.9278,0
1480,49.3827,47.3,1.7,350.4,173.8,0.3725,0
1480,49.3827,41.0,2.4,352.5,172.4,0.3447,0
1481,49.416,77.4,4.0,351.9,169.8,0.9399,0
1482,49.4494,94.0,2.5,352.1,170.6,0.8014,0
1483,49.4828,25.6,1.3,358.6,174.3,0.8604,0
1484,49.5161,27.6,2.7,345.7,176.0,0.9517,0
1485,49.5495,31.8,3.0,341.8,176.6,0.9445,0
1486,49.5829,27.5,3.5,376.4,172.6,0.8873,0
1487,49.6162,24.8,2.7,366.0,172.9,0.9061,0
1488,49.6496,65.5,1.5,370.7,171.6,0.7795,0
1489,49.683,42.5,2.6,357.4,172.2,0.9429,0
1490,49.7163,39.1,2.9,352.3,171.4,0.936,0
1491,49.7497,60.5,3.5,356.0,170.7,0.8774,0
1492,49.7831,38.5,6.8,361.1,171.4,0.9126,0
1493,49.8164,45.7,6.3,370.6,172.1,0.919,0
1494,49.8498,69.1,1.6,351.9,173.0,0.9287,0
1495,49.8832,50.0,1.3,363.8,174.2,0.9012,0
1496,49.9165,45.9,0.9,365.3,174.1,0.9184,0
1497,49.9499,57.8,7.6,362.8,170.5,0.9211,0
1498,49.9833,22.6,1.4,351.3,174.0,0.9514,0
1498,49.9833,0.0,114.8,61.9,261.2,0.1475,1
1499,50.0166,41.1,0.9,361.9,174.6,0.8408,0
1500,50.05,40.8,4.0,362.0,171.6,0.7779,0
1500,50.05,64.4,3.2,364.5,171.0,0.4229,0
1501,50.0834,66.6,2.2,364.1,171.1,0.7674,0
1501,50.0834,63.0,1.6,359.6,172.8,0.3416,0
1502,50.1167,51.4,3.2,356.9,172.9,0.9535,0
1503,50.1501,37.4,3.6,355.6,171.6,0.9385,0
1504,50.1835,39.9,1.6,352.3,171.8,0.9593,0
1505,50.2168,47.5,2.9,349.7,170.9,0.7862,0
1505,50.2168,47.4,2.1,348.1,171.8,0.1648,0
1506,50.2502,60.9,1.7,350.0,173.2,0.9286,0
1507,50.2836,45.5,2.3,351.8,173.6,0.5003,0
1507,50.2836,48.8,1.1,349.3,174.2,0.3819,0
1508,50.3169,41.1,4.3,348.6,172.8,0.9423,0
1509,50.3503,89.2,6.9,351.1,169.5,0.9326,0
1510,50.3837,61.3,3.2,351.0,171.2,0.8371,0
1511,50.417,39.5,1.5,353.3,172.6,0.9067,0
1512,50.4504,33.7,2.0,357.1,171.6,0.9591,0
1513,50.4838,46.4,3.6,353.4,171.2,0.9212,0
1513,50.4838,31.8,166.4,58.2,190.7,0.2286,0
1514,50.5171,58.3,6.9,357.4,171.2,0.9542,0
1515,50.5505,35.2,1.7,352.3,172.9,0.911,0
1516,50.5839,28.4,15.5,355.4,171.9,0.9377,0
1517,50.6172,25.4,2.7,354.3,172.0,0.43,0
1517,50.6172,43.2,1.6,352.1,172.2,0.1425,0
1518,50.6506,43.9,0.8,352.1,171.0,0.8911,0
1519,50.684,52.7,1.3,353.1,171.6,0.925,0
1520,50.7173,28.5,2.6,357.0,169.7,0.9332,0
1521,50.7507,99.6,0.9,351.7,170.1,0.9179,0
1521,50.7507,0.0,43.3,65.7,254.5,0.147,1
1522,50.7841,33.1,2.5,357.7,168.8,0.9283,0
1523,50.8174,92.8,1.2,350.2,169.7,0.9137,0
1524,50.8508,101.9,3.4,351.2,170.7,0.8332,0
1524,50.8508,101.2,4.7,353.6,169.8,0.1228,0
1525,50.8842,101.9,1.5,353.9,169.7,0.9263,0
1526,50.9175,28.9,1.7,373.8,172.8,0.9321,0
1527,50.9509,62.6,0.4,362.8,170.5,0.852,0
1528,50.9843,42.2,2.1,363.8,173.6,0.9273,0
1529,51.0176,63.2,4.9,347.9,170.6,0.9188,0
1530,51.051,41.4,1.0,352.2,170.3,0.8872,0
1531,51.0844,94.5,6.9,353.7,169.7,0.9106,0
1532,51.1177,56.1,1.2,356.9,170.4,0.4825,0
1532,51.1177,70.5,1.8,354.5,170.6,0.4732,0
1533,51.1511,21.6,0.6,353.4,172.8,0.9082,0
1534,51.1845,23.9,2.9,354.9,172.1,0.9399,0
1535,51.2178,41.6,1.1,350.8,172.2,0.9115,0
1536,51.2512,41.5,0.9,353.4,171.6,0.868,0
1537,51.2846,58.5,1.3,355.6,171.1,0.9151,0
1537,51.2846,0.1,118.7,60.2,263.6,0.1757,1
1537,51.2846,0.6,119.6,62.0,262.8,0.1582,1
1538,51.3179,36.7,6.9,380.5,171.0,0.9032,0
1539,51.3513,43.9,1.5,361.8,174.2,0.902,0
1540,51.3847,35.8,2.2,352.9,171.4,0.9375,0
1541,51.418,42.4,2.5,355.6,170.2,0.9375,0
1542,51.4514,95.2,3.7,358.9,169.4,0.8185,0
1542,51.4514,97.9,0.9,356.5,170.7,0.2989,0
1543,51.4848,29.5,5.2,373.9,172.2,0.9458,0
1544,51.5181,51.2,1.1,361.0,170.4,0.8354,0
1544,51.5181,21.2,2.3,363.7,171.3,0.2391,0
1545,51.5515,53.1,1.6,352.7,169.3,0.8908,0
1546,51.5849,46.3,1.7,350.5,172.2,0.8759,0
1547,51.6182,9.8,2.9,353.2,173.6,0.9278,0
1548,51.6516,7.2,2.8,356.4,172.9,0.8993,0
1549,51.685,27.4,3.0,356.6,175.2,0.9208,0
1550,51.7183,26.6,1.3,348.9,172.4,0.5227,0
1550,51.7183,12.1,2.9,352.7,172.3,0.4919,0
1551,51.7517,56.2,1.2,348.2,172.9,0.9038,0
1552,51.7851,42.4,6.5,346.4,172.2,0.9224,0
1553,51.8184,22.7,3.6,342.9,178.3,0.9294,0
1554,51.8518,17.4,1.9,345.5,176.2,0.9422,0
1555,51.8852,53.5,1.6,349.5,172.3,0.9173,0
1556,51.9185,42.2,4.1,356.3,173.0,0.9384,0
1557,51.9519,52.7,2.0,349.7,171.3,0.8772,0
1558,51.9853,46.9,1.9,352.1,170.7,0.8303,0
1558,51.9853,67.5,2.0,349.0,171.7,0.1373,0
1559,52.0186,71.4,0.5,350.6,171.5,0.7181,0
1559,52.0186,45.6,1.5,353.9,170.7,0.163,0
1560,52.052,49.6,1.1,352.9,171.2,0.9015,0
1561,52.0854,41.3,1.7,348.3,171.9,0.9278,0
1562,52.1187,41.1,2.9,351.9,172.2,0.8942,0
1563,52.1521,32.1,3.1,351.7,171.5,0.9201,0
1564,52.1855,46.8,1.3,376.4,170.7,0.9289,0
1565,52.2188,2.2,4.3,364.5,172.2,0.8998,0
1566,52.2522,73.0,2.5,366.0,170.7,0.9544,0
1567,52.2856,63.4,1.8,354.2,171.8,0.7532,0
1567,52.2856,58.2,3.0,355.3,171.2,0.1224,0
1568,52.3189,54.1,1.0,353.6,172.0,0.91,0
1569,52.3523,48.4,7.5,352.0,169.7,0.9085,0
1569,52.3523,34.4,165.7,62.0,191.9,0.1719,0
1570,52.3857,94.6,1.7,350.9,170.4,0.9304,0
1570,52.3857,37.8,165.5,62.3,191.9,0.402,0
1571,52.419,82.9,1.6,349.3,170.6,0.8982,0
1572,52.4524,35.4,2.0,351.0,173.4,0.9147,0
1573,52.4858,69.3,1.4,352.3,172.9,0.9025,0
1574,52.5191,50.5,1.2,352.3,172.6,0.885,0
1575,52.5525,64.4,1.3,353.9,171.9,0.6577,0
1575,52.5525,53.2,1.8,357.8,170.9,0.2487,0
1576,52.5859,67.5,2.4,358.4,171.2,0.9202,0
1577,52.6192,71.2,1.9,364.3,171.2,0.7809,0
1578,52.6526,64.3,4.5,356.8,171.1,0.9161,0
1579,52.686,74.7,3.8,358.1,170.1,0.9311,0
1580,52.7193,60.5,2.7,349.9,171.1,0.9118,0
1581,52.7527,38.8,1.5,351.6,172.8,0.9211,0
1582,52.7861,42.9,1.4,355.1,170.4,0.9236,0
1583,52.8194,28.3,0.7,353.1,170.7,0.956,0
1584,52.8528,40.5,1.6,350.1,171.7,0.8898,0
1585,52.8862,69.3,1.0,348.6,172.4,0.9024,0
1586,52.9195,64.0,18.3,349.8,169.1,0.9334,0
1587,52.9529,47.9,4.8,348.7,169.2,0.9299,0
1588,52.9863,29.3,4.2,352.0,170.4,0.9331,0
1589,53.0196,40.7,2.0,354.2,170.6,0.5605,0
1589,53.0196,33.6,3.6,357.1,168.8,0.1474,0
1590,53.053,54.9,0.7,355.1,171.8,0.4529,0
1590,53.053,45.7,2.2,357.9,170.1,0.3856,0
1591,53.0864,49.6,1.1,350.4,172.2,0.945,0
1592,53.1197,53.6,0.5,354.1,172.0,0.8955,0
1593,53.1531,50.6,9.7,354.7,172.8,0.8894,0
1594,53.1865,51.5,1.9,362.9,172.4,0.9179,0
1595,53.2198,49.4,2.6,370.8,171.8,0.9265,0
1596,53.2532,46.0,2.1,359.9,173.1,0.9453,0
1597,53.2866,66.5,3.5,370.6,172.1,0.9375,0
1598,53.3199,84.9,6.5,354.7,170.2,0.9246,0
1599,53.3533,100.3,9.1,351.5,169.8,0.9402,0
1600,53.3867,99.0,11.6,357.8,169.2,0.9318,0
1601,53.42,36.4,2.1,363.6,173.2,0.9427,0
1602,53.4534,46.7,0.6,375.5,172.4,0.9204,0
1603,53.4868,55.0,12.5,379.8,172.7,0.93,0
1604,53.5201,23.7,10.4,377.4,169.4,0.8712,0
1605,53.5535,58.1,2.8,360.7,170.3,0.9324,0
1606,53.5869,96.2,3.9,355.3,169.4,0.8826,0
1606,53.5869,386.5,209.5,414.3,236.1,0.1131,0
1607,53.6202,57.0,0.0,354.9,170.8,0.953,0
1608,53.6536,59.3,0.7,359.8,172.4,0.9437,0
1609,53.687,64.5,7.4,358.1,170.9,0.9297,0
1610,53.7203,55.1,8.0,367.6,171.1,0.9542,0
1611,53.7537,57.2,4.7,378.4,171.6,0.9548,0
1612,53.7871,53.3,4.6,375.4,172.5,0.9496,0
1613,53.8204,63.1,15.3,370.1,170.1,0.9418,0
1614,53.8538,59.3,12.8,367.7,170.8,0.9353,0
1615,53.8872,64.2,4.0,353.0,171.0,0.9486,0
1616,53.9205,81.4,2.5,367.1,170.7,0.8641,0
1617,53.9539,51.0,1.6,372.6,173.0,0.9124,0
1618,53.9873,61.4,0.7,369.3,173.3,0.8508,0
1619,54.0206,57.4,1.3,358.8,173.4,0.9573,0
1620,54.054,57.4,0.6,356.4,172.0,0.9508,0
1621,54.0874,56.8,7.9,359.2,171.9,0.9341,0
1622,54.1207,90.6,1.5,352.3,171.1,0.8087,0
1623,54.1541,44.5,1.7,356.6,172.0,0.9591,0
1624,54.1875,44.8,1.8,359.6,171.9,0.8793,0
1625,54.2208,59.7,4.2,357.4,171.6,0.6817,0
1625,54.2208,51.0,5.8,361.0,170.8,0.6423,0
1626,54.2542,58.4,8.9,361.9,171.4,0.9333,0
1627,54.2876,52.8,3.4,379.3,172.2,0.9408,0
1628,54.3209,40.1,9.0,381.8,172.3,0.885,0
1629,54.3543,36.9,1.9,365.5,173.1,0.9197,0
1629,54.3543,387.0,248.2,406.4,272.0,0.1105,0
1630,54.3877,52.3,0.2,362.0,172.9,0.9374,0
1631,54.421,58.1,1.6,354.2,171.3,0.943,0
1632,54.4544,49.7,0.0,354.0,172.5,0.9388,0
1633,54.4878,46.6,3.8,352.6,173.2,0.9287,0
1634,54.5211,47.8,2.4,359.6,172.6,0.9197,0
1635,54.5545,35.9,1.1,355.5,172.7,0.9472,0
1636,54.5879,41.9,1.2,358.3,173.0,0.9451,0
1637,54.6212,40.0,1.2,351.9,172.7,0.9441,0
1638,54.6546,51.3,1.6,353.2,173.2,0.7517,0
1639,54.688,40.4,1.2,369.3,172.3,0.7905,0
1639,54.688,37.8,1.9,375.5,171.1,0.4298,0
1640,54.7213,23.2,7.0,368.1,172.2,0.9155,0
1641,54.7547,86.8,0.7,366.8,171.4,0.9412,0
1642,54.7881,82.5,6.1,365.9,170.8,0.9263,0
1643,54.8214,87.1,4.6,379.9,168.2,0.9411,0
1644,54.8548,56.0,4.3,358.7,173.0,0.9372,0
1645,54.8882,52.6,3.3,359.3,171.6,0.9506,0
1646,54.9215,53.4,1.4,356.5,168.3,0.9326,0
1647,54.9549,48.3,5.0,351.5,170.3,0.9408,0
1648,54.9883,43.5,2.4,358.2,171.3,0.937,0
1649,55.0216,84.9,5.7,369.9,169.9,0.8941,0
1650,55.055,45.8,4.6,361.9,170.9,0.9222,0
1651,55.0884,50.7,5.8,363.3,172.0,0.9495,0
1652,55.1217,50.8,3.9,367.9,170.2,0.9327,0
1653,55.1551,46.1,4.8,352.7,170.1,0.9431,0
1654,55.1885,54.9,2.7,358.9,171.3,0.9347,0
1655,55.2218,99.5,3.9,348.9,170.0,0.9392,0
1656,55.2552,86.6,2.1,351.0,169.5,0.8875,0
1657,55.2886,86.2,5.6,354.6,169.2,0.8965,0
1658,55.3219,86.3,3.1,357.9,169.1,0.9248,0
1659,55.3553,35.9,5.3,353.6,172.4,0.9248,0
1660,55.3887,28.7,2.4,348.2,174.0,0.9067,0
1661,55.422,21.0,1.3,353.7,172.2,0.9264,0
1662,55.4554,22.3,7.9,351.8,171.0,0.8684,0
1663,55.4888,64.9,1.8,352.1,171.8,0.8764,0
1664,55.5221,44.3,1.7,356.3,174.1,0.9162,0
1665,55.5555,31.3,3.0,359.1,175.1,0.9379,0
1666,55.5889,81.5,3.6,347.2,171.4,0.9096,0
1667,55.6222,41.3,2.8,352.9,174.0,0.9402,0
1668,55.6556,59.3,5.2,351.2,173.1,0.9182,0
1669,55.689,65.8,8.8,352.7,172.7,0.8503,0
1669,55.689,61.1,10.1,354.1,171.8,0.418,0
1670,55.7223,43.9,1.4,358.2,174.0,0.9043,0
1671,55.7557,55.0,1.8,369.0,172.5,0.9138,0
1672,55.7891,51.4,1.4,376.7,173.2,0.9284,0
1673,55.8224,50.6,1.8,375.8,172.9,0.9468,0
1674,55.8558,46.6,1.7,354.1,172.7,0.9356,0
1675,55.8892,44.6,2.2,354.2,172.6,0.85,0
1675,55.8892,46.1,1.2,352.8,173.7,0.2942,0
1676,55.9225,39.4,14.1,358.1,171.9,0.9341,0
1677,55.9559,59.0,2.3,367.7,173.5,0.5002,0
1677,55.9559,54.4,4.0,366.6,172.9,0.421,0
1678,55.9893,44.2,3.7,359.2,172.4,0.9591,0
1679,56.0226,49.5,3.6,359.7,171.5,0.9618,0
1680,56.056,57.7,1.2,348.3,172.1,0.8851,0
1681,56.0894,25.5,4.0,356.9,172.5,0.9297,0
1681,56.0894,0.0,28.1,65.5,255.0,0.1303,1
1682,56.1227,35.8,3.5,357.1,173.0,0.9349,0
1682,56.1227,0.0,27.9,62.6,262.5,0.1103,1
1683,56.1561,28.5,2.0,358.7,173.1,0.8828,0
1684,56.1895,52.3,0.2,368.0,170.8,0.9229,0
1684,56.1895,0.0,90.5,60.8,264.1,0.2559,1
1684,56.1895,0.3,88.4,60.7,262.8,0.157,1
1685,56.2228,77.5,1.2,364.0,168.6,0.834,0
1686,56.2562,72.1,1.3,367.9,171.7,0.8734,0
1686,56.2562,257.7,204.1,283.5,226.9,0.1191,0
1687,56.2896,51.2,2.5,363.6,172.8,0.8523,0
1688,56.3229,54.4,2.3,373.1,172.0,0.8056,0
1689,56.3563,93.4,1.6,358.3,169.6,0.937,0
1690,56.3897,49.0,2.8,357.2,171.5,0.9257,0
1691,56.423,42.2,2.5,370.4,172.8,0.9463,0
1692,56.4564,27.7,3.3,357.8,172.4,0.9664,0
1693,56.4898,28.7,3.3,355.3,171.9,0.9556,0
1694,56.5231,31.1,3.4,349.0,171.6,0.9232,0
1695,56.5565,38.0,2.2,344.3,172.1,0.9194,0
1696,56.5899,30.0,3.6,346.5,170.7,0.6715,0
1696,56.5899,41.1,3.2,344.5,173.0,0.5589,0
1696,56.5899,0.0,92.3,60.8,262.2,0.1968,1
1697,56.6232,25.5,4.9,349.0,171.4,0.8596,0
1697,56.6232,0.0,73.0,62.7,256.0,0.2069,1
1698,56.6566,26.2,2.4,369.4,173.4,0.8763,0
1699,56.69,93.7,1.9,379.2,169.9,0.927,0
1700,56.7233,30.2,11.2,367.2,170.3,0.9154,0
1701,56.7567,21.0,1.1,362.1,170.8,0.9412,0
1702,56.7901,22.1,2.6,358.2,171.2,0.8637,0
1702,56.7901,221.5,254.1,238.6,271.7,0.1191,0
1703,56.8234,26.5,1.1,353.0,173.2,0.8924,0
1704,56.8568,27.1,2.7,351.2,172.4,0.9238,0
1705,56.8902,40.4,1.8,357.8,172.0,0.9151,0
1705,56.8902,0.0,48.8,63.3,256.4,0.136,1
1706,56.9235,20.8,2.6,366.5,172.9,0.914,0
1707,56.9569,38.5,3.4,396.3,172.2,0.9225,0
1708,56.9903,39.5,2.9,387.1,174.4,0.9505,0
1709,57.0236,31.5,1.2,380.4,173.3,0.8976,0
1709,57.0236,16.7,2.1,382.2,175.5,0.1711,0
1710,57.057,39.3,2.8,391.4,172.1,0.9224,0
1711,57.0904,28.1,3.4,359.0,171.7,0.9263,0
1712,57.1237,76.4,3.4,360.3,170.2,0.9438,0
1712,57.1237,0.3,69.6,64.8,254.8,0.161,1
1713,57.1571,32.6,4.8,358.5,171.9,0.932,0
1713,57.1571,0.2,70.9,67.2,239.6,0.1628,1
1713,57.1571,0.0,66.0,63.6,243.8,0.1276,1
1714,57.1905,72.1,1.6,358.5,170.5,0.9097,0
1715,57.2238,62.3,2.5,359.4,172.4,0.8886,0
1715,57.2238,44.4,2.2,359.9,172.6,0.4249,0
1716,57.2572,32.8,0.6,367.2,173.3,0.9007,0
1717,57.2906,28.8,3.7,355.7,169.7,0.9134,0
1718,57.3239,37.2,2.8,352.8,172.3,0.9537,0
1719,57.3573,44.8,1.7,364.4,173.7,0.8771,0
1720,57.3907,63.3,5.8,377.3,172.2,0.9004,0
1721,57.424,47.3,2.4,352.5,172.6,0.8118,0
1721,57.424,46.2,3.9,354.3,171.3,0.2425,0
1722,57.4574,34.6,1.7,357.8,173.7,0.605,0
1722,57.4574,55.4,1.6,357.8,172.3,0.1303,0
1723,57.4908,39.1,2.3,369.3,172.8,0.9149,0
1724,57.5241,20.8,2.1,356.3,171.7,0.9286,0
1725,57.5575,41.9,2.4,352.7,172.2,0.9375,0
1726,57.5909,56.3,2.2,353.3,172.2,0.9535,0
1727,57.6242,53.5,1.6,354.6,172.6,0.9503,0
1728,57.6576,46.5,1.9,353.4,172.5,0.9437,0
1729,57.691,55.6,4.6,350.9,171.5,0.9315,0
1730,57.7243,53.6,3.1,353.5,171.2,0.9389,0
1730,57.7243,171.5,219.4,196.1,234.3,0.1446,0
1731,57.7577,55.2,0.9,352.6,169.4,0.621,0
1731,57.7577,66.1,0.8,350.3,170.4,0.5326,0
1732,57.7911,63.1,3.7,352.7,169.6,0.9389,0
1733,57.8244,50.7,3.7,355.1,171.8,0.9303,0
1734,57.8578,61.8,5.4,354.6,170.7,0.9433,0
1734,57.8578,224.6,250.8,245.6,272.0,0.1169,1
1735,57.8912,50.0,1.4,352.8,171.9,0.9382,0
1736,57.9245,23.1,1.4,363.9,170.7,0.4493,0
1736,57.9245,34.9,1.2,359.9,172.0,0.4227,0
1737,57.9579,26.4,4.4,360.7,171.9,0.9171,0
1738,57.9913,75.7,1.4,349.5,171.3,0.8735,0
1738,57.9913,75.7,1.7,347.8,172.0,0.3247,0
1739,58.0246,61.0,1.4,351.3,172.1,0.8968,0
1740,58.058,43.8,1.5,351.4,171.3,0.9371,0
1741,58.0914,95.4,1.7,355.0,168.7,0.9032,0
1742,58.1247,56.7,0.5,353.6,169.5,0.821,0
1743,58.1581,43.9,1.3,347.6,172.1,0.8994,0
1744,58.1915,39.2,1.6,353.6,171.9,0.9336,0
1745,58.2248,29.5,4.4,369.2,171.8,0.9319,0
1746,58.2582,46.1,9.0,362.1,172.8,0.9213,0
1747,58.2916,29.0,5.0,350.5,171.7,0.9166,0
1748,58.3249,48.2,2.8,353.4,171.4,0.943,0
1749,58.3583,44.1,2.5,361.5,171.7,0.9566,0
1750,58.3917,48.0,3.6,360.7,170.5,0.9247,0
1751,58.425,44.0,6.1,353.4,169.7,0.9274,0
1752,58.4584,29.0,6.9,354.6,171.8,0.9431,0
1753,58.4918,38.3,1.8,347.4,171.8,0.9421,0
1754,58.5251,85.3,1.2,345.6,169.2,0.9135,0
1755,58.5585,56.0,0.6,349.2,170.1,0.6126,0
1755,58.5585,0.0,112.1,61.2,261.7,0.1895,1
1755,58.5585,46.5,1.5,351.2,169.3,0.1759,0
1756,58.5919,80.0,6.9,350.5,169.5,0.9241,0
1757,58.6252,52.3,3.6,352.6,171.3,0.9465,0
1758,58.6586,57.3,1.7,352.5,171.2,0.9031,0
1759,58.692,50.4,3.6,348.9,170.6,0.9151,0
1760,58.7253,50.7,3.8,349.9,171.1,0.9428,0
1761,58.7587,42.2,16.6,346.4,170.5,0.8866,0
1762,58.7921,49.4,1.2,349.4,168.6,0.9271,0
1763,58.8254,55.2,0.9,341.8,171.8,0.898,0
1764,58.8588,54.0,4.8,346.5,170.0,0.9277,0
1764,58.8588,221.7,251.0,239.0,272.0,0.2011,1
1765,58.8922,51.2,3.2,347.2,171.4,0.9206,0
1766,58.9255,47.8,4.4,344.2,170.7,0.9315,0
1767,58.9589,45.6,14.8,352.3,170.8,0.9265,0
1768,58.9923,72.4,8.0,355.6,169.7,0.943,0
1769,59.0256,72.7,1.9,347.1,172.9,0.9157,0
1770,59.059,60.6,4.3,350.3,172.3,0.9159,0
1771,59.0924,104.5,0.6,346.3,170.8,0.9274,0
1772,59.1257,66.0,1.2,341.7,171.5,0.7338,0
1772,59.1257,64.5,2.8,342.9,170.7,0.675,0
1773,59.1591,79.6,2.6,344.6,169.6,0.8837,0
1774,59.1925,60.7,0.8,342.9,172.7,0.9428,0
1775,59.2258,60.5,0.9,347.8,174.8,0.9221,0
1776,59.2592,62.5,0.9,350.6,171.0,0.9028,0
1777,59.2926,61.5,6.7,347.4,170.5,0.9274,0
1778,59.3259,56.6,1.9,347.8,170.4,0.9079,0
1779,59.3593,81.9,0.7,348.2,170.2,0.9336,0
1780,59.3927,66.7,0.7,348.4,172.0,0.9196,0
1781,59.426,55.4,3.1,351.3,173.3,0.9507,0
1782,59.4594,54.0,0.9,349.6,173.9,0.9435,0
1783,59.4928,48.8,2.1,353.5,173.2,0.944,0
1784,59.5261,43.4,1.7,350.1,172.5,0.9324,0
1785,59.5595,74.8,3.1,348.2,169.6,0.6509,0
1785,59.5595,82.1,2.8,346.1,169.8,0.4233,0
1786,59.5929,51.1,3.0,349.1,170.3,0.9116,0
1787,59.6262,34.0,7.0,350.4,170.9,0.9038,0
1788,59.6596,48.7,5.0,348.6,170.5,0.9347,0
1789,59.693,49.1,3.0,345.1,172.8,0.926,0
1790,59.7263,57.9,0.9,346.0,172.1,0.9336,0
1791,59.7597,52.0,2.0,347.9,172.6,0.949,0
1792,59.7931,50.4,1.8,347.5,171.4,0.9453,0
1793,59.8264,55.4,3.3,348.5,170.2,0.9457,0
1794,59.8598,98.9,1.5,347.2,171.1,0.9264,0
1795,59.8932,85.9,1.6,342.9,169.8,0.8983,0
1796,59.9265,63.3,1.4,351.0,170.9,0.8801,0
1797,59.9599,54.1,1.7,339.8,173.8,0.8795,0
1798,59.9933,92.5,1.3,338.6,170.3,0.6304,0
1798,59.9933,93.8,1.7,339.7,169.4,0.432,0
1799,60.0266,50.1,1.8,347.5,171.4,0.9395,0
1800,60.06,98.3,4.9,349.3,171.2,0.9452,0
1801,60.0934,40.6,2.3,349.1,172.1,0.9427,0
1802,60.1267,54.2,2.1,353.3,171.4,0.8038,0
1802,60.1267,56.6,1.8,351.4,172.0,0.127,0
1803,60.1601,81.1,1.2,350.7,171.4,0.9158,0
1804,60.1935,63.7,1.1,348.4,173.6,0.9126,0
1805,60.2268,56.5,1.4,344.2,172.9,0.8057,0
1805,60.2268,57.8,1.9,343.3,175.3,0.1516,0
1806,60.2602,105.6,9.3,349.7,168.1,0.8882,0
1807,60.2936,29.5,2.0,352.8,172.9,0.9099,0
1807,60.2936,367.8,224.6,445.4,271.6,0.3148,0
1808,60.3269,34.4,1.8,355.4,172.1,0.5568,0
1808,60.3269,46.4,1.4,351.9,172.9,0.4953,0
1808,60.3269,368.5,225.1,445.4,271.0,0.1152,0
1809,60.3603,53.2,1.3,353.6,174.6,0.9021,0
1809,60.3603,365.4,223.2,445.7,271.0,0.3571,0
1810,60.3937,46.9,0.9,347.3,173.7,0.9215,0
1811,60.427,81.8,1.4,353.7,170.2,0.942,0
1812,60.4604,52.6,3.4,359.2,173.0,0.6633,0
1812,60.4604,364.8,241.2,394.5,272.0,0.413,0
1812,60.4604,42.9,3.9,362.3,171.9,0.2802,0
1813,60.4938,40.3,0.6,358.7,173.5,0.9126,0
1814,60.5271,98.1,1.4,370.9,172.8,0.9028,0
1815,60.5605,33.8,1.3,379.7,173.7,0.9334,0
1816,60.5939,48.1,1.5,370.0,173.6,0.9205,0
1817,60.6272,79.0,1.7,365.3,172.8,0.9236,0
1818,60.6606,85.2,2.1,362.6,171.9,0.4586,0
1818,60.6606,89.1,2.3,363.9,171.5,0.2,0
1819,60.694,28.2,0.7,386.3,174.9,0.9401,0
1820,60.7273,68.3,1.1,383.2,173.6,0.8689,0
1820,60.7273,75.1,1.2,378.9,173.9,0.2095,0
1821,60.7607,37.1,6.0,357.1,172.0,0.9234,0
1822,60.7941,56.8,2.9,359.6,173.1,0.9083,0
1823,60.8274,62.5,5.2,357.4,172.3,0.9288,0
1824,60.8608,87.3,2.1,360.7,170.8,0.747,0
1825,60.8942,51.8,1.9,361.1,171.9,0.8633,0
1826,60.9275,60.1,1.5,362.6,171.9,0.8843,0
1827,60.9609,38.0,2.4,378.2,173.8,0.4868,0
1827,60.9609,34.8,3.3,380.0,172.7,0.2616,0
1828,60.9943,67.1,1.5,355.5,170.6,0.884,0
1829,61.0276,34.2,2.5,358.9,172.5,0.9457,0
1830,61.061,33.2,1.5,370.2,173.6,0.9026,0
1831,61.0944,80.5,1.6,373.5,171.4,0.9336,0
1832,61.1277,48.6,2.1,362.4,171.9,0.8796,0
1833,61.1611,61.6,8.3,361.3,171.2,0.9416,0
1834,61.1945,101.8,2.5,361.1,169.3,0.8948,0
1835,61.2278,71.8,2.0,356.5,172.3,0.8834,0
1836,61.2612,102.4,1.9,365.6,169.9,0.8619,0
1836,61.2612,100.7,3.7,367.8,169.4,0.2503,0
1837,61.2946,105.3,2.4,369.1,169.7,0.905,0
1838,61.3279,57.0,2.8,370.1,171.8,0.7421,0
1838,61.3279,67.6,1.7,367.4,172.1,0.11,0
1839,61.3613,77.2,1.3,377.4,173.3,0.8915,0
1840,61.3947,56.5,5.3,355.5,170.9,0.9493,0
1841,61.428,58.4,1.5,355.2,171.2,0.949,0
1842,61.4614,51.3,2.8,376.4,173.4,0.8796,0
1843,61.4948,69.1,0.9,373.2,172.2,0.8555,0
1844,61.5281,55.9,0.8,346.7,174.4,0.9151,0
1845,61.5615,38.2,1.2,352.7,172.0,0.9309,0
1846,61.5949,67.6,0.9,357.9,173.5,0.896,0
1847,61.6282,87.2,0.7,362.6,170.5,0.8751,0
1848,61.6616,86.4,3.1,351.1,171.2,0.9276,0
1849,61.695,100.0,2.0,350.4,171.3,0.9141,0
1850,61.7283,58.5,3.1,351.2,171.4,0.9299,0
1851,61.7617,45.8,2.6,357.4,175.6,0.943,0
1852,61.7951,31.9,1.9,353.9,174.2,0.9392,0
1853,61.8284,38.5,4.0,353.6,171.6,0.6606,0
1853,61.8284,0.0,107.9,63.3,261.5,0.1069,1
1854,61.8618,30.4,2.3,359.4,173.7,0.9272,0
1855,61.8952,40.8,2.4,369.2,174.8,0.9487,0
1856,61.9285,38.5,2.0,354.3,173.0,0.9318,0
1857,61.9619,37.1,1.5,352.8,172.4,0.9336,0
1857,61.9619,0.0,43.5,66.5,256.4,0.2141,1
1858,61.9953,28.7,2.1,366.4,173.3,0.9082,0
1859,62.0286,60.4,1.7,352.4,170.1,0.7277,0
1859,62.0286,60.5,2.9,354.1,168.8,0.1274,0
1860,62.062,41.0,2.5,353.8,170.7,0.787,0
1861,62.0954,51.7,1.4,358.7,173.3,0.912,0
1862,62.1287,32.8,1.8,360.2,172.4,0.8922,0
1863,62.1621,52.7,1.3,362.6,173.8,0.8234,0
1864,62.1955,89.3,2.2,355.7,170.6,0.9445,0
1865,62.2288,44.1,2.1,353.0,171.8,0.951,0
1866,62.2622,47.8,5.1,347.8,169.7,0.9023,0
1867,62.2956,54.2,2.5,359.8,170.8,0.9027,0
1868,62.3289,60.4,3.2,369.9,169.7,0.9363,0
1869,62.3623,55.9,18.9,365.4,170.0,0.9012,0
1870,62.3957,39.8,5.0,359.2,171.1,0.9318,0
1871,62.429,42.0,8.4,356.9,170.9,0.91,0
1872,62.4624,31.8,2.2,353.9,173.1,0.9027,0
1873,62.4958,37.9,2.4,353.1,171.9,0.9271,0
1874,62.5291,56.9,1.2,357.1,172.1,0.9175,0
1875,62.5625,66.1,2.0,355.9,172.6,0.8923,0
1876,62.5959,62.0,1.9,356.6,173.7,0.9284,0
1877,62.6292,65.2,1.2,361.4,175.9,0.9321,0
1878,62.6626,65.2,1.2,377.4,173.3,0.905,0
1879,62.696,37.0,2.5,382.2,173.8,0.9307,0
1880,62.7293,49.8,1.4,349.6,172.8,0.8363,0
1881,62.7627,34.0,2.0,358.1,173.3,0.9521,0
1882,62.7961,22.9,1.3,358.1,174.6,0.8901,0
1883,62.8294,42.5,1.6,351.9,174.4,0.9207,0
1884,62.8628,34.4,1.5,357.3,174.9,0.8936,0
1885,62.8962,24.2,4.9,355.2,173.1,0.9433,0
1886,62.9295,27.4,2.9,359.1,171.2,0.9508,0
1887,62.9629,39.7,2.4,358.2,173.7,0.9077,0
1888,62.9963,95.0,1.6,347.7,171.9,0.9171,0
1889,63.0296,38.3,2.3,351.3,171.2,0.5938,0
1889,63.0296,49.0,1.4,349.7,172.3,0.2715,0
1890,63.063,23.6,2.9,354.3,173.5,0.926,0
1891,63.0964,43.0,2.9,359.1,171.9,0.8646,0
1891,63.0964,47.1,1.6,358.0,173.0,0.1888,0
1892,63.1297,30.4,4.6,360.3,172.2,0.9176,0
1893,63.1631,83.3,1.9,372.3,171.9,0.806,0
1893,63.1631,90.0,1.5,370.8,171.7,0.7384,0
1894,63.1965,25.3,5.6,381.0,171.7,0.9472,0
1895,63.2298,49.8,1.3,367.9,173.1,0.9311,0
1896,63.2632,34.9,2.0,356.2,174.6,0.9049,0
1897,63.2966,90.7,1.2,359.5,173.0,0.9402,0
1898,63.3299,61.3,0.9,366.1,175.7,0.9277,0
1899,63.3633,30.3,7.0,360.6,172.5,0.9198,0
1900,63.3967,79.0,1.9,357.5,172.1,0.9384,0
1901,63.43,24.9,1.3,360.8,174.6,0.9323,0
1902,63.4634,51.2,11.5,364.6,173.1,0.9286,0
1903,63.4968,55.3,2.1,358.9,173.5,0.9354,0
1904,63.5301,61.8,3.4,358.2,171.3,0.9578,0
1905,63.5635,97.9,2.7,356.6,174.0,0.929,0
1906,63.5969,85.2,2.6,357.8,169.6,0.9368,0
1907,63.6302,56.7,0.8,355.9,172.9,0.896,0
1908,63.6636,66.8,2.7,356.3,171.0,0.9194,0
1909,63.697,45.2,1.9,357.8,174.1,0.9143,0
1910,63.7303,26.0,4.5,354.8,176.4,0.9449,0
1911,63.7637,59.0,1.9,356.0,172.5,0.8865,0
1912,63.7971,78.7,9.2,357.5,169.8,0.7415,0
1912,63.7971,81.8,5.3,356.6,171.3,0.2477,0
1913,63.8304,39.0,2.0,358.0,171.3,0.9244,0
1914,63.8638,62.0,1.9,350.4,172.0,0.7549,0
1914,63.8638,59.3,1.5,348.8,173.2,0.3989,0
1915,63.8972,56.7,4.0,353.0,172.6,0.9464,0
1916,63.9305,76.3,0.8,350.8,171.0,0.9063,0
1917,63.9639,49.5,0.4,351.1,171.1,0.7701,0
1918,63.9973,31.3,2.6,348.4,171.4,0.6178,0
1918,63.9973,35.2,1.8,347.4,171.5,0.496,0
1919,64.0306,68.3,3.9,352.6,169.1,0.9273,0
1920,64.064,98.3,2.4,351.1,169.2,0.9446,0
1921,64.0974,34.4,5.4,353.1,173.6,0.9347,0
1922,64.1307,19.3,1.4,356.8,172.7,0.9191,0
1923,64.1641,55.8,7.8,354.2,171.7,0.9297,0
1924,64.1975,66.7,2.1,357.1,172.3,0.9244,0
1925,64.2308,64.0,1.5,359.7,171.9,0.7869,0
1925,64.2308,57.8,2.2,361.5,170.8,0.1214,0
1926,64.2642,51.1,1.3,355.3,172.0,0.8922,0
1927,64.2976,74.9,1.8,351.0,168.4,0.9176,0
1928,64.3309,64.4,1.9,355.4,169.8,0.9299,0
1929,64.3643,40.4,5.2,357.2,169.4,0.8747,0
1930,64.3977,82.4,2.0,357.3,170.4,0.895,0
1931,64.431,63.4,2.5,361.2,171.3,0.8797,0
1932,64.4644,96.2,2.4,359.1,170.7,0.9237,0
1933,64.4978,91.6,1.4,364.7,171.5,0.9067,0
1934,64.5311,74.6,2.1,356.9,171.8,0.9134,0
1935,64.5645,62.1,1.3,355.1,171.3,0.9202,0
1936,64.5979,41.4,1.0,353.4,172.2,0.925,0
1937,64.6312,74.1,2.3,354.5,172.8,0.9265,0
1938,64.6646,53.0,3.1,357.8,172.2,0.8794,0
1939,64.698,36.1,1.5,354.1,175.5,0.8987,0
1940,64.7313,28.2,1.4,353.7,173.4,0.9,0
1941,64.7647,29.9,5.3,369.0,173.9,0.8825,0
1941,64.7647,0.0,91.4,61.0,262.8,0.2778,1
1941,64.7647,0.6,86.6,67.6,255.0,0.2316,1
1941,64.7647,0.0,74.5,62.6,257.5,0.1266,1
1942,64.7981,19.8,2.5,359.7,171.3,0.9426,0
1942,64.7981,0.0,73.6,61.5,258.1,0.2582,1
1942,64.7981,0.2,88.1,64.6,256.8,0.2371,1
1942,64.7981,0.0,96.2,59.5,263.1,0.1509,1
1943,64.8314,30.6,1.6,357.8,173.4,0.8964,0
1944,64.8648,59.2,5.2,362.8,171.7,0.9363,0
1945,64.8982,44.7,2.6,354.3,171.9,0.8933,0
1946,64.9315,74.2,2.0,351.1,172.1,0.9008,0
1947,64.9649,28.3,2.4,356.8,174.5,0.8882,0
1948,64.9983,45.5,3.1,356.4,174.4,0.9577,0
1949,65.0316,35.2,18.8,351.6,171.9,0.9205,0
1950,65.065,30.6,3.6,351.5,172.7,0.942,0
1951,65.0984,48.3,2.7,352.3,170.6,0.9439,0
1952,65.1317,28.6,2.5,354.4,172.6,0.9263,0
1952,65.1317,0.0,58.8,63.7,256.2,0.105,1
1953,65.1651,36.1,2.4,357.9,170.8,0.9195,0
1954,65.1985,14.9,1.7,352.0,170.9,0.8863,0
1955,65.2318,8.4,0.5,354.8,171.4,0.9187,0
1956,65.2652,74.0,0.7,352.6,173.8,0.9058,0
1957,65.2986,33.0,4.0,354.1,172.8,0.9191,0
1957,65.2986,0.0,89.0,72.8,257.9,0.1817,1
1958,65.3319,46.0,2.7,355.0,173.9,0.9076,0
1959,65.3653,40.4,1.8,375.7,175.5,0.5782,0
1960,65.3987,58.4,1.3,365.9,173.2,0.8951,0
1960,65.3987,0.0,64.1,64.8,256.5,0.2558,1
1961,65.432,67.2,3.3,351.0,171.5,0.9212,0
1962,65.4654,77.7,1.9,353.1,170.4,0.9192,0
1963,65.4988,75.7,2.2,355.6,170.7,0.9091,0
1964,65.5321,71.9,2.3,357.5,171.7,0.9023,0
1965,65.5655,51.2,1.1,362.3,174.1,0.8887,0
1966,65.5989,27.9,2.0,358.3,174.2,0.8227,0
1967,65.6322,93.7,1.7,354.1,171.8,0.9277,0
1968,65.6656,56.7,1.9,365.8,173.8,0.7506,0
1968,65.6656,171.9,219.9,196.2,234.8,0.1609,0
1969,65.699,30.2,5.6,356.2,172.9,0.8944,0
1970,65.7323,31.1,10.2,353.7,171.1,0.8623,0
1971,65.7657,48.9,1.9,370.9,172.6,0.9092,0
1972,65.7991,41.1,2.2,356.2,172.6,0.924,0
1973,65.8324,38.7,5.9,357.3,171.7,0.9332,0
1974,65.8658,37.7,1.9,358.6,174.8,0.9083,0
1975,65.8992,62.8,1.3,356.8,171.4,0.9071,0
1976,65.9325,23.9,1.3,355.7,172.6,0.9469,0
1977,65.9659,100.3,5.1,353.6,171.5,0.9339,0
1978,65.9993,10.2,1.3,359.0,171.7,0.9319,0
1979,66.0326,31.5,0.3,358.2,174.2,0.9409,0
1980,66.066,42.8,1.3,347.8,172.4,0.8489,0
1980,66.066,255.9,201.8,284.8,228.3,0.4903,0
1981,66.0994,41.3,2.1,351.2,173.1,0.9263,0
1981,66.0994,255.9,202.0,284.9,228.4,0.2382,0
1982,66.1327,36.5,3.9,353.3,173.8,0.924,0
1982,66.1327,374.5,222.5,446.3,272.0,0.1674,0
1983,66.1661,44.5,0.8,354.8,173.6,0.9377,0
1983,66.1661,375.8,218.5,446.1,271.9,0.2993,0
1984,66.1995,18.1,8.2,358.7,173.7,0.8891,0
1985,66.2328,33.2,2.3,353.2,172.7,0.9456,0
1986,66.2662,49.1,2.3,350.9,172.1,0.4125,0
1986,66.2662,39.7,3.4,353.3,170.7,0.3885,0
1987,66.2996,39.8,2.4,358.9,174.3,0.8943,0
1988,66.3329,63.3,11.2,367.0,170.4,0.8637,0
1989,66.3663,42.9,13.5,373.1,172.1,0.8204,0
1990,66.3997,68.3,2.4,381.9,170.2,0.9181,0
1990,66.3997,256.1,201.8,284.4,227.6,0.2266,0
1991,66.433,41.0,3.6,383.3,171.4,0.8623,0
1991,66.433,374.4,202.1,417.1,272.0,0.2196,0
1992,66.4664,29.9,2.0,354.8,171.9,0.9146,0
1993,66.4998,29.6,3.3,352.3,172.6,0.9312,0
1994,66.5331,25.6,1.5,353.9,173.7,0.7394,0
1994,66.5331,15.3,1.1,356.5,173.5,0.2199,0
1995,66.5665,30.4,2.0,370.7,175.0,0.9033,0
1996,66.5999,85.1,1.1,370.2,170.8,0.8962,0
1997,66.6332,88.7,1.5,354.3,171.7,0.7009,0
1997,66.6332,93.9,1.5,355.7,170.6,0.3491,0
1998,66.6666,109.7,7.1,348.5,169.8,0.9503,0
1998,66.6666,0.0,99.6,71.0,258.0,0.1219,1
1999,66.7,64.6,1.3,352.0,172.9,0.7696,0
2000,66.7333,21.5,2.4,351.5,172.5,0.9235,0
2001,66.7667,64.2,1.6,354.7,170.8,0.9075,0
2002,66.8001,32.8,2.4,367.6,171.2,0.9471,0
2003,66.8334,39.5,5.3,379.0,169.7,0.8875,0
2004,66.8668,29.9,1.3,381.7,170.9,0.7343,0
2004,66.8668,256.1,202.7,285.2,228.5,0.1726,0
2004,66.8668,38.1,1.7,378.3,169.6,0.1623,0
2005,66.9002,67.9,2.3,375.3,170.7,0.8935,0
2006,66.9335,97.9,4.3,355.2,170.4,0.9333,0
2006,66.9335,256.0,201.5,284.7,228.2,0.1047,0
2007,66.9669,103.3,1.9,355.2,171.4,0.7678,0
2007,66.9669,256.0,201.4,284.6,228.7,0.1149,0
2008,67.0003,100.5,0.9,358.0,171.0,0.9371,0
2009,67.0336,59.3,6.2,359.7,170.9,0.9152,0
2009,67.0336,0.0,98.4,59.5,264.1,0.2503,1
2010,67.067,101.4,2.5,355.5,169.7,0.926,0
2011,67.1004,79.9,1.8,361.8,170.3,0.9099,0
2012,67.1337,76.7,0.7,352.6,170.6,0.8803,0
2013,67.1671,94.7,0.7,361.6,171.1,0.93,0
2014,67.2005,57.1,1.2,355.5,172.9,0.8998,0
2015,67.2338,89.7,0.1,360.9,169.4,0.9022,0
2016,67.2672,102.3,6.7,351.6,170.5,0.9072,0
2017,67.3006,95.6,3.0,351.1,171.4,0.9356,0
2018,67.3339,44.8,4.8,354.3,171.4,0.2914,0
2019,67.3673,67.1,2.1,349.2,171.5,0.8882,0
2020,67.4007,49.4,2.1,348.6,172.3,0.9568,0
2021,67.434,70.2,1.8,351.3,171.8,0.9067,0
2022,67.4674,63.1,1.1,364.9,173.4,0.9258,0
2023,67.5008,16.0,2.7,355.1,170.7,0.9397,0
2024,67.5341,66.5,2.6,357.5,172.6,0.8867,0
2025,67.5675,64.5,3.0,348.5,171.0,0.7547,0
2025,67.5675,69.0,4.0,350.0,169.7,0.7461,0
2025,67.5675,256.0,200.3,284.9,229.0,0.5038,0
2026,67.6009,46.6,3.3,351.7,172.6,0.9368,0
2027,67.6342,67.9,1.3,350.3,173.6,0.8978,0
2028,67.6676,66.2,2.4,349.1,174.1,0.9002,0
2029,67.701,30.1,2.6,355.3,175.9,0.9472,0
2030,67.7343,39.3,1.9,361.4,173.6,0.5933,0
2030,67.7343,22.5,2.2,366.0,173.1,0.4321,0
2030,67.7343,41.1,1.1,364.9,171.9,0.1148,0
2031,67.7677,53.7,0.6,366.7,172.7,0.8881,0
2032,67.8011,36.7,1.5,363.5,173.5,0.8402,0
2033,67.8344,83.4,1.8,356.7,170.9,0.8793,0
2033,67.8344,95.9,0.2,357.6,171.1,0.1807,0
2034,67.8678,61.1,1.7,359.2,171.4,0.9463,0
2035,67.9012,45.6,1.4,362.7,174.6,0.9402,0
2036,67.9345,58.3,1.3,355.9,172.2,0.9065,0
2037,67.9679,40.0,1.8,358.0,173.4,0.8631,0
2037,67.9679,0.0,57.5,65.4,257.0,0.1097,1
2038,68.0013,49.2,1.8,375.6,172.1,0.8839,0
2039,68.0346,30.9,4.7,377.3,172.9,0.7148,0
2039,68.0346,46.6,6.3,379.0,171.7,0.6698,0
2039,68.0346,61.7,4.0,375.9,171.5,0.1061,0
2040,68.068,41.8,2.1,350.5,171.6,0.9162,0
2041,68.1014,31.9,4.2,350.1,172.0,0.8248,0
2042,68.1347,81.6,3.6,359.3,170.7,0.8779,0
2043,68.1681,89.9,1.2,345.7,171.6,0.9084,0
2044,68.2015,78.9,2.1,350.7,171.3,0.9414,0
2045,68.2348,63.8,3.2,347.2,171.0,0.9282,0
2046,68.2682,38.0,1.1,354.5,172.0,0.945,0
2047,68.3016,69.5,1.3,352.7,172.7,0.9547,0
2048,68.3349,21.8,2.2,355.3,172.4,0.9584,0
2049,68.3683,66.1,1.4,351.0,171.4,0.8979,0
2050,68.4017,38.1,2.7,358.1,170.1,0.9455,0
2051,68.435,53.8,3.0,354.5,170.3,0.9497,0
2052,68.4684,50.8,1.7,353.1,172.1,0.9354,0
2053,68.5018,48.3,1.1,354.4,173.2,0.9245,0
2054,68.5351,98.1,1.6,354.3,171.4,0.9247,0
2055,68.5685,45.4,1.6,358.9,172.1,0.9287,0
2056,68.6019,65.9,0.9,365.5,170.9,0.785,0
2056,68.6019,0.0,66.0,63.3,250.9,0.1427,1
2057,68.6352,55.0,3.7,360.3,171.4,0.8898,0
2057,68.6352,0.0,123.9,61.5,261.8,0.2169,1
2058,68.6686,50.3,1.7,355.1,172.6,0.2626,0
2058,68.6686,70.9,1.3,355.4,170.3,0.2202,0
2059,68.702,61.5,1.4,354.8,174.7,0.9349,0
2060,68.7353,41.2,1.4,365.5,173.5,0.9205,0
2061,68.7687,29.6,1.6,356.7,173.3,0.9205,0
2062,68.8021,33.9,3.3,360.0,173.6,0.8887,0
2063,68.8354,18.6,2.1,358.7,173.0,0.81,0
2063,68.8354,25.1,1.5,356.5,173.7,0.1454,0
2064,68.8688,47.0,1.8,361.0,171.2,0.9063,0
2065,68.9022,61.2,1.4,378.4,173.1,0.9256,0
2066,68.9355,67.8,1.7,351.6,171.0,0.9095,0
2067,68.9689,56.0,1.1,353.0,170.9,0.8878,0
2068,69.0023,21.4,2.6,358.8,171.8,0.9494,0
2069,69.0356,30.3,2.2,358.6,173.1,0.8872,0
2070,69.069,39.1,0.9,354.4,173.3,0.9065,0
2071,69.1024,37.9,0.9,359.1,172.9,0.916,0
2072,69.1357,16.7,2.2,357.7,172.4,0.8858,0
2073,69.1691,23.9,2.0,357.4,172.4,0.8799,0
2074,69.2025,44.7,2.4,376.8,174.2,0.8898,0
2075,69.2358,38.0,5.7,363.9,173.0,0.9328,0
2076,69.2692,65.3,2.1,353.7,172.5,0.8997,0
2077,69.3026,35.5,1.9,353.0,173.4,0.8636,0
2077,69.3026,0.0,61.8,62.8,256.5,0.3227,1
2078,69.3359,53.1,1.7,353.7,174.6,0.9091,0
2079,69.3693,51.3,1.3,356.7,173.5,0.9242,0
2080,69.4027,41.9,5.6,376.4,173.3,0.9082,0
2081,69.436,11.0,0.8,372.9,173.0,0.931,0
2081,69.436,54.7,1.5,372.3,173.6,0.7081,0
2082,69.4694,18.8,1.9,354.6,173.3,0.9414,0
2083,69.5028,22.7,1.5,358.3,173.6,0.9101,0
2084,69.5361,29.8,2.0,352.6,172.3,0.9359,0
2085,69.5695,63.2,2.2,354.9,172.3,0.9403,0
2086,69.6029,22.1,1.3,355.0,174.8,0.9238,0
2087,69.6362,25.1,1.4,353.4,173.5,0.9195,0
2088,69.6696,31.5,1.3,353.6,173.9,0.8967,0
2089,69.703,28.6,1.3,356.3,173.5,0.9136,0
2090,69.7363,51.0,1.3,355.1,174.3,0.9202,0
2091,69.7697,38.8,4.7,351.9,172.2,0.9219,0
2092,69.8031,83.2,3.5,350.1,171.1,0.828,0
2092,69.8031,385.7,220.0,443.2,254.7,0.1295,0
2093,69.8364,49.6,1.8,355.5,172.3,0.9049,0
2094,69.8698,79.2,2.2,354.5,170.6,0.9428,0
2095,69.9032,39.0,3.6,348.4,172.6,0.8959,0
2095,69.9032,0.0,97.8,60.7,260.6,0.2094,1
2096,69.9365,29.2,0.8,350.4,172.6,0.8896,0
2097,69.9699,26.3,1.7,358.5,173.2,0.8767,0
2098,70.0033,34.9,1.0,356.6,175.3,0.9438,0
2099,70.0366,74.2,0.9,360.7,171.9,0.8845,0
2100,70.07,44.1,1.3,349.6,173.1,0.8982,0
2100,70.07,0.0,122.9,59.3,259.4,0.1075,1
2101,70.1034,93.8,1.8,351.0,171.4,0.9081,0
2102,70.1367,6.9,2.8,353.3,170.7,0.4919,0
2102,70.1367,21.0,2.1,350.8,171.7,0.2012,0
2103,70.1701,90.7,3.4,345.6,169.7,0.906,0
2104,70.2035,33.8,9.9,346.2,170.6,0.919,0
2105,70.2368,57.1,2.6,347.7,171.3,0.9158,0
2106,70.2702,37.9,3.1,347.7,173.2,0.8235,0
2107,70.3036,29.2,9.4,349.2,172.4,0.8895,0
2108,70.3369,25.3,2.5,356.5,171.9,0.9133,0
2109,70.3703,30.4,2.3,360.3,174.7,0.9212,0
2110,70.4037,33.2,1.1,359.1,172.5,0.902,0
2110,70.4037,39.8,158.5,61.6,184.4,0.4048,0
2110,70.4037,43.0,1.3,356.2,172.7,0.1305,0
2111,70.437,26.0,1.5,358.2,172.0,0.9055,0
2112,70.4704,29.0,0.8,350.4,173.1,0.8889,0
2113,70.5038,36.3,2.4,349.2,173.6,0.9321,0
2114,70.5371,38.5,1.3,350.5,173.8,0.7993,0
2115,70.5705,32.5,1.5,363.1,173.3,0.8767,0
2116,70.6039,41.2,2.8,350.5,171.8,0.938,0
2117,70.6372,48.1,1.6,351.2,172.1,0.8934,0
2118,70.6706,40.5,2.1,347.5,171.1,0.8518,0
2119,70.704,30.0,1.2,353.7,173.1,0.8909,0
2120,70.7373,101.0,2.1,355.1,170.0,0.795,0
2121,70.7707,29.4,1.3,357.7,172.9,0.8707,0
2122,70.8041,41.4,1.9,359.1,171.5,0.8461,0
2122,70.8041,46.5,1.2,355.0,172.1,0.1092,0
2123,70.8374,51.0,1.6,348.9,171.2,0.9406,0
2124,70.8708,66.7,0.8,346.4,170.9,0.8787,0
2125,70.9042,42.8,9.9,350.9,171.9,0.917,0
2126,70.9375,34.4,2.2,365.3,174.6,0.9468,0
2127,70.9709,24.8,2.0,381.2,174.5,0.9154,0
2128,71.0043,24.5,2.4,386.1,173.5,0.548,0
2128,71.0043,32.3,1.7,382.0,174.7,0.355,0
2129,71.0376,23.9,4.1,362.1,173.3,0.7846,0
2130,71.071,31.6,3.1,382.4,172.1,0.9405,0
2131,71.1044,50.8,4.3,376.3,172.3,0.8837,0
2132,71.1377,23.2,0.5,366.4,172.3,0.8146,0
2132,71.1377,50.8,0.2,368.9,170.7,0.4328,0
2132,71.1377,30.6,152.6,59.3,187.2,0.1541,0
2133,71.1711,75.9,5.4,370.9,170.0,0.8583,0
2134,71.2045,96.1,1.4,377.1,170.3,0.9232,0
2135,71.2378,31.4,1.7,354.8,173.7,0.8611,0
2136,71.2712,41.9,0.4,359.3,175.5,0.921,0
2137,71.3046,26.8,0.9,361.8,174.5,0.9197,0
2137,71.3046,31.5,161.4,58.9,186.7,0.1727,0
2138,71.3379,25.5,1.6,351.0,171.4,0.9077,0
2139,71.3713,67.9,5.0,354.0,169.7,0.9414,0
2140,71.4047,47.1,1.9,367.2,171.7,0.9268,0
2141,71.438,27.8,1.4,363.6,170.4,0.9272,0
2142,71.4714,42.6,1.9,364.8,171.8,0.9138,0
2143,71.5048,47.2,1.2,359.1,172.4,0.8934,0
2144,71.5381,50.4,1.4,362.7,172.4,0.9,0
2145,71.5715,32.6,2.0,372.0,171.2,0.8609,0
2145,71.5715,52.5,1.1,372.6,171.8,0.3297,0
2146,71.6049,43.8,1.6,379.0,175.1,0.9159,0
2147,71.6382,49.5,2.0,376.7,174.5,0.8414,0
2148,71.6716,37.2,2.4,371.0,176.3,0.9319,0
2149,71.705,32.6,1.5,360.5,175.3,0.8648,0
2150,71.7383,44.1,2.3,363.5,174.9,0.9328,0
2151,71.7717,35.7,1.7,356.9,174.2,0.9113,0
2152,71.8051,43.3,3.0,361.0,175.0,0.9524,0
2153,71.8384,37.9,2.3,357.7,175.3,0.9015,0
2154,71.8718,26.8,2.5,366.5,174.3,0.8685,0
2155,71.9052,23.0,3.0,375.1,175.3,0.8446,0
2156,71.9385,48.5,1.6,374.8,174.7,0.8914,0
2157,71.9719,57.3,1.4,353.5,172.2,0.9203,0
2158,72.0053,41.2,5.5,353.3,171.7,0.9454,0
2159,72.0386,31.6,3.0,359.6,173.8,0.951,0
2160,72.072,31.0,2.6,355.7,174.4,0.8417,0
2160,72.072,0.0,84.5,59.6,262.6,0.1478,1
2161,72.1054,26.1,15.8,357.4,173.0,0.9007,0
2162,72.1387,32.2,5.0,360.9,172.1,0.9474,0
2163,72.1721,26.7,10.1,354.9,172.4,0.9371,0
2164,72.2055,27.9,0.2,357.7,172.6,0.928,0
2165,72.2388,12.6,1.7,354.8,171.9,0.9328,0
2165,72.2388,0.0,53.9,63.6,251.1,0.1064,1
2166,72.2722,80.9,10.5,350.8,170.8,0.9013,0
2167,72.3056,62.9,7.4,356.8,170.4,0.912,0
2168,72.3389,47.7,2.4,348.9,170.4,0.8857,0
2169,72.3723,68.0,2.8,355.8,171.5,0.8258,0
2169,72.3723,371.3,219.1,444.6,271.5,0.121,0
2170,72.4057,30.6,2.7,356.0,174.8,0.9283,0
2171,72.439,52.8,1.5,363.4,172.8,0.9266,0
2172,72.4724,55.9,3.3,354.2,171.8,0.9395,0
2173,72.5058,55.4,8.1,354.4,172.2,0.9281,0
2174,72.5391,60.5,3.5,358.5,172.7,0.7112,0
2174,72.5391,69.2,1.8,356.8,173.5,0.1301,0
2175,72.5725,59.2,3.5,367.5,172.2,0.8933,0
2176,72.6059,50.2,1.5,354.7,171.2,0.9147,0
2177,72.6392,69.6,2.3,352.6,171.9,0.9225,0
2178,72.6726,72.5,0.5,352.5,171.8,0.9223,0
2179,72.706,67.4,1.7,351.1,171.2,0.9544,0
2180,72.7393,23.5,4.3,350.5,174.7,0.8855,0
2181,72.7727,12.8,3.4,355.5,172.5,0.5939,0
2181,72.7727,25.6,1.8,352.5,173.4,0.2737,0
2182,72.8061,45.5,2.1,358.8,172.3,0.9471,0
2182,72.8061,0.0,84.6,59.1,260.9,0.1777,1
2183,72.8394,38.9,0.9,347.1,173.7,0.8913,0
2184,72.8728,30.8,2.6,350.1,171.4,0.9239,0
2185,72.9062,34.6,4.2,352.8,172.7,0.9403,0
2186,72.9395,29.1,2.1,346.4,172.5,0.9209,0
2187,72.9729,48.6,2.3,349.9,172.7,0.9442,0
2188,73.0063,38.7,9.9,351.0,170.9,0.8811,0
2189,73.0396,36.8,1.5,355.9,172.6,0.921,0
2190,73.073,31.8,2.8,351.5,172.2,0.9475,0
2191,73.1064,26.6,3.0,352.4,171.6,0.9247,0
2192,73.1397,26.9,3.8,352.0,171.4,0.9548,0
2192,73.1397,0.0,78.3,60.5,261.1,0.1131,1
2192,73.1397,0.0,50.3,62.8,255.2,0.1103,1
2193,73.1731,47.1,5.3,353.7,171.1,0.9389,0
2194,73.2065,34.0,2.3,355.7,172.9,0.867,0
2195,73.2398,41.7,5.2,360.7,175.2,0.9551,0
2196,73.2732,46.0,3.0,358.9,174.2,0.7574,0
2196,73.2732,48.1,1.9,357.2,174.4,0.1068,0
2197,73.3066,30.1,2.2,359.1,173.2,0.9028,0
2198,73.3399,32.9,1.1,376.5,174.6,0.9283,0
2198,73.3399,0.0,55.5,63.2,253.5,0.1834,1
2199,73.3733,41.8,2.4,370.7,174.2,0.9496,0
2200,73.4067,32.5,5.1,377.8,175.5,0.9297,0
2201,73.44,35.5,1.7,357.5,174.9,0.9299,0
2202,73.4734,39.7,7.2,356.6,173.5,0.9037,0
2203,73.5068,40.4,1.5,360.0,175.8,0.9355,0
2204,73.5401,28.0,2.8,371.4,174.6,0.8359,0
2204,73.5401,0.0,95.2,60.9,263.2,0.1508,1
2204,73.5401,31.4,2.0,369.6,175.6,0.1241,0
2205,73.5735,19.5,5.7,368.6,174.1,0.9457,0
2206,73.6069,29.8,1.5,355.0,174.6,0.9384,0
2207,73.6402,46.2,1.2,356.0,174.4,0.9294,0
2208,73.6736,39.1,2.3,353.4,173.2,0.6575,0
2208,73.6736,37.8,1.4,352.2,174.3,0.3636,0
2209,73.707,36.9,1.5,352.9,174.3,0.3926,0
2209,73.707,34.8,1.9,354.7,173.4,0.3402,0
2210,73.7403,65.0,1.2,354.2,174.4,0.9212,0
2211,73.7737,40.2,3.3,360.0,173.7,0.946,0
2212,73.8071,26.5,3.8,359.4,173.4,0.9339,0
2213,73.8404,16.4,1.7,356.4,173.9,0.9057,0
2213,73.8404,0.0,98.7,60.1,261.3,0.1185,1
2214,73.8738,34.3,1.6,356.2,171.8,0.9101,0
2215,73.9072,29.0,2.2,357.0,172.6,0.9442,0
2216,73.9405,26.4,2.8,360.0,172.3,0.9443,0
2217,73.9739,82.9,5.2,355.7,171.5,0.9354,0
2218,74.0073,87.4,3.8,352.2,172.1,0.925,0
2219,74.0406,69.5,0.8,352.2,172.6,0.9131,0
2220,74.074,65.5,1.7,355.7,171.0,0.916,0
2221,74.1074,35.9,2.5,358.2,173.2,0.9605,0
2222,74.1407,34.8,1.8,353.3,175.5,0.9374,0
2223,74.1741,29.4,4.3,358.5,176.2,0.9248,0
2224,74.2075,45.5,3.9,357.7,172.0,0.509,0
2224,74.2075,48.4,2.0,355.6,173.1,0.3356,0
2225,74.2408,23.2,1.7,356.7,174.3,0.9389,0
2226,74.2742,44.1,1.5,359.0,173.0,0.8924,0
2227,74.3076,44.3,2.7,358.6,171.8,0.946,0
2228,74.3409,55.5,1.9,372.8,171.7,0.9319,0
2228,74.3409,37.4,3.1,371.8,171.1,0.1762,0
2229,74.3743,56.1,4.3,376.7,171.2,0.9495,0
2230,74.4077,45.7,5.2,384.9,171.8,0.9196,0
2231,74.441,40.0,2.7,380.7,174.3,0.8651,0
2231,74.441,54.1,1.7,378.7,172.4,0.558,0
2231,74.441,43.1,2.2,381.7,172.6,0.3471,0
2232,74.4744,40.6,1.5,361.5,172.6,0.9088,0
2233,74.5078,31.2,2.1,357.7,174.1,0.9005,0
2233,74.5078,171.2,220.2,196.6,234.7,0.184,0
2234,74.5411,28.2,1.4,357.0,173.4,0.6603,0
2235,74.5745,2.2,0.9,353.9,172.0,0.8596,0
2235,74.5745,170.6,220.4,196.6,234.6,0.2164,0
2236,74.6079,29.8,2.2,357.5,170.9,0.9307,0
2236,74.6079,170.5,220.3,196.7,234.6,0.2188,0
2237,74.6412,45.6,2.5,369.3,171.6,0.9162,0
2237,74.6412,170.7,220.8,196.7,234.6,0.3209,0
2237,74.6412,51.2,2.1,370.0,171.3,0.1771,0
2238,74.6746,38.7,1.8,354.2,172.2,0.9439,0
2239,74.708,53.6,2.9,364.3,172.1,0.9145,0
2240,74.7413,74.4,1.6,362.9,171.6,0.8952,0
2241,74.7747,30.6,2.3,358.8,171.6,0.9288,0
2242,74.8081,42.0,0.8,357.1,173.6,0.9082,0
2243,74.8414,47.6,1.1,369.7,173.8,0.9279,0
2244,74.8748,71.4,2.3,357.7,171.2,0.9095,0
2244,74.8748,67.9,1.6,356.1,172.6,0.3282,0
2245,74.9082,7.2,1.2,356.7,172.3,0.9511,0
2246,74.9415,29.8,3.2,358.1,176.1,0.9308,0
2246,74.9415,0.0,118.5,60.1,263.0,0.1167,1
2247,74.9749,48.7,1.6,356.3,174.1,0.8653,0
2248,75.0083,33.3,3.1,357.9,172.7,0.9571,0
2248,75.0083,0.0,82.2,57.9,263.9,0.1207,1
2249,75.0416,56.3,1.2,360.0,174.0,0.8926,0
2249,75.0416,53.3,1.0,357.9,175.3,0.2272,0
2250,75.075,23.7,3.1,357.0,173.5,0.9382,0
2251,75.1084,44.9,2.8,353.1,172.9,0.9487,0
2252,75.1417,47.9,2.7,360.9,173.5,0.9442,0
2253,75.1751,35.7,1.9,351.4,175.5,0.7208,0
2254,75.2085,45.6,4.0,354.6,172.8,0.4564,0
2254,75.2085,33.2,5.3,356.9,172.2,0.3386,0
2255,75.2418,28.9,1.5,357.7,173.8,0.861,0
2256,75.2752,27.8,3.2,363.3,172.3,0.9407,0
2256,75.2752,222.0,255.9,233.6,271.7,0.1967,0
2257,75.3086,20.0,1.8,364.1,174.6,0.8795,0
2258,75.3419,61.2,2.0,353.1,173.3,0.9485,0
2259,75.3753,65.3,4.3,355.2,173.0,0.4812,0
2259,75.3753,63.8,6.0,356.9,171.8,0.3554,0
2260,75.4087,65.7,3.1,356.0,173.8,0.8377,0
2261,75.442,54.7,10.4,369.6,174.1,0.9374,0
2262,75.4754,53.7,5.6,355.0,172.3,0.9577,0
2263,75.5088,52.0,2.3,355.6,174.7,0.9229,0
2264,75.5421,61.4,2.1,355.6,173.0,0.966,0
2265,75.5755,41.2,3.3,358.5,173.4,0.9496,0
2266,75.6089,31.8,5.1,359.2,174.1,0.4621,0
2266,75.6089,39.9,3.8,357.3,174.2,0.2946,0
2267,75.6422,55.5,1.7,355.2,172.7,0.8872,0
2268,75.6756,89.1,1.5,351.0,172.7,0.7028,0
2268,75.6756,91.3,1.7,353.1,171.8,0.1944,0
2269,75.709,28.0,1.7,356.6,173.2,0.9277,0
2270,75.7423,29.6,2.7,361.2,174.1,0.9435,0
2271,75.7757,95.2,3.9,359.8,170.6,0.9405,0
2272,75.8091,42.0,1.4,356.5,171.8,0.8802,0
2273,75.8424,30.9,2.2,356.9,175.5,0.9001,0
2274,75.8758,83.7,0.8,362.1,171.0,0.9281,0
2275,75.9092,68.8,1.1,357.6,170.5,0.9196,0
2275,75.9092,256.4,205.3,269.4,231.0,0.197,0
2275,75.9092,385.5,219.2,444.0,267.8,0.1155,0
2276,75.9425,73.1,0.4,352.0,170.2,0.9393,0
2276,75.9425,385.9,211.9,443.6,266.9,0.2196,0
2276,75.9425,256.0,202.6,269.4,228.8,0.1026,0
2277,75.9759,27.4,0.9,353.3,172.7,0.8727,0
2277,75.9759,256.0,202.8,269.0,227.2,0.215,0
2278,76.0093,22.0,0.7,358.2,173.2,0.89,0
2278,76.0093,256.2,202.8,268.6,227.3,0.1518,0
2278,76.0093,0.0,75.1,62.0,255.3,0.1469,1
2279,76.0426,13.0,2.0,361.9,173.3,0.9433,0
2280,76.076,49.6,2.1,362.9,173.6,0.9139,0
2281,76.1094,103.8,2.9,355.6,170.9,0.8215,0
2281,76.1094,101.9,3.7,355.8,171.0,0.765,0
2282,76.1427,38.6,2.3,359.8,171.7,0.9063,0
2283,76.1761,33.8,5.8,358.6,170.0,0.9363,0
2284,76.2095,84.2,1.0,357.5,171.3,0.8869,0
2285,76.2428,67.5,1.4,360.1,171.5,0.9232,0
2286,76.2762,37.6,1.6,354.6,174.2,0.9458,0
2287,76.3096,20.6,3.1,361.6,173.8,0.9336,0
2288,76.3429,27.6,2.9,358.6,172.5,0.7608,0
2288,76.3429,37.9,1.8,355.2,173.6,0.2847,0
2289,76.3763,34.7,3.3,352.2,173.5,0.9497,0
2290,76.4097,17.8,1.8,352.0,173.0,0.5385,0
2290,76.4097,23.5,1.1,349.5,173.8,0.2925,0
2291,76.443,20.4,1.6,355.2,173.3,0.9332,0
2292,76.4764,39.0,3.5,354.9,175.4,0.9477,0
2293,76.5098,29.8,2.9,356.3,174.1,0.9397,0
2294,76.5431,32.5,2.6,358.7,173.7,0.9476,0
2295,76.5765,36.1,1.1,356.3,174.0,0.9126,0
2296,76.6099,33.8,1.8,352.6,174.1,0.8717,0
2297,76.6432,12.9,1.9,359.3,172.2,0.9388,0
2298,76.6766,113.8,11.5,355.1,169.1,0.9032,0
2299,76.71,66.3,6.7,360.0,170.6,0.9376,0
2300,76.7433,27.4,2.9,362.6,173.3,0.9437,0
2301,76.7767,46.9,2.4,355.3,173.6,0.8257,0
2302,76.8101,29.7,4.0,364.1,171.5,0.9557,0
2303,76.8434,42.8,8.2,355.7,170.2,0.9247,0
2304,76.8768,29.3,16.3,346.1,171.0,0.9174,0
2305,76.9102,27.1,4.3,348.3,170.8,0.9078,0
2306,76.9435,40.1,1.5,352.3,172.8,0.4756,0
2306,76.9435,28.9,1.8,354.3,171.8,0.3232,0
2307,76.9769,45.8,1.6,358.4,174.4,0.9266,0
2308,77.0103,32.3,1.7,363.3,174.1,0.9247,0
2309,77.0436,32.4,1.6,351.9,171.9,0.8965,0
2310,77.077,98.9,4.6,353.5,171.9,0.9476,0
2311,77.1104,91.1,2.9,354.0,172.1,0.8959,0
2312,77.1437,32.8,5.2,352.7,172.9,0.8859,0
2313,77.1771,18.2,3.8,353.9,174.3,0.924,0
2314,77.2105,19.4,2.2,352.3,172.1,0.9345,0
2315,77.2438,23.5,3.6,356.2,173.2,0.9226,0
2316,77.2772,30.5,1.5,358.9,174.8,0.9146,0
2317,77.3106,54.5,1.0,364.8,172.1,0.9179,0
2318,77.3439,22.8,1.4,361.4,171.9,0.8956,0
2319,77.3773,31.6,1.8,350.2,171.5,0.8785,0
2320,77.4107,30.6,1.5,351.4,172.6,0.9046,0
2321,77.444,16.5,5.8,354.7,173.5,0.8782,0
2321,77.444,0.0,108.4,60.0,259.3,0.1328,1
2322,77.4774,23.7,2.6,354.6,175.4,0.9378,0
2323,77.5108,22.4,1.1,353.9,175.4,0.9437,0
2323,77.5108,0.0,95.4,60.4,262.9,0.1126,1
2324,77.5441,24.8,1.4,353.2,175.5,0.9514,0
2325,77.5775,26.6,2.6,365.0,174.7,0.934,0
2326,77.6109,24.6,1.6,354.7,173.9,0.9485,0
2327,77.6442,58.4,3.2,351.7,172.1,0.8524,0
2327,77.6442,170.9,220.8,196.0,234.1,0.115,0
2328,77.6776,65.5,2.8,351.9,172.8,0.9461,0
2328,77.6776,171.1,220.9,196.2,234.4,0.3182,0
2329,77.711,68.5,1.0,350.5,171.6,0.9289,0
2329,77.711,171.2,220.9,196.3,234.3,0.2024,0
2330,77.7443,62.8,3.2,348.6,171.7,0.8888,0
2331,77.7777,42.3,2.8,352.8,171.4,0.94,0
2332,77.8111,23.7,2.6,359.4,171.0,0.9352,0
2333,77.8444,9.7,4.6,362.6,170.9,0.9202,0
2334,77.8778,101.4,1.6,354.5,171.0,0.8404,0
2334,77.8778,100.5,1.8,358.8,170.2,0.2264,0
2334,77.8778,102.1,2.9,358.9,170.0,0.2208,0
2334,77.8778,171.0,220.8,195.7,234.2,0.1054,0
2335,77.9112,34.4,2.2,355.7,172.1,0.9325,0
2335,77.9112,170.9,220.8,195.5,234.2,0.1035,0
2336,77.9445,27.7,1.8,354.8,175.2,0.9326,0
2336,77.9445,170.9,220.9,195.5,234.2,0.1174,0
2337,77.9779,21.3,6.1,351.7,172.3,0.9193,0
2337,77.9779,171.1,221.4,195.8,234.1,0.1011,0
2338,78.0113,99.4,0.9,356.9,172.3,0.9185,0
2338,78.0113,171.1,221.7,196.4,233.8,0.3242,0
2338,78.0113,0.0,98.8,58.9,263.6,0.1184,1
2339,78.0446,100.8,0.8,364.7,173.5,0.9322,0
2339,78.0446,171.0,221.7,196.3,234.1,0.1901,0
2340,78.078,99.8,1.8,363.0,173.7,0.9292,0
2340,78.078,170.5,221.7,196.1,234.0,0.1067,0
2341,78.1114,20.5,15.3,358.0,172.7,0.911,0
2342,78.1447,26.7,1.9,365.1,173.3,0.9267,0
2343,78.1781,49.7,1.1,353.7,172.2,0.8911,0
2344,78.2115,103.6,2.4,353.7,169.8,0.9449,0
2345,78.2448,21.2,2.1,357.9,171.8,0.9226,0
2345,78.2448,376.0,212.5,438.0,270.9,0.1691,0
2346,78.2782,95.9,1.6,352.0,170.6,0.9258,0
2347,78.3116,93.5,3.5,354.5,171.2,0.9209,0
2348,78.3449,102.9,2.9,351.1,170.3,0.9413,0
2348,78.3449,32.8,160.7,57.6,189.9,0.5555,0
2349,78.3783,36.8,3.5,352.7,172.8,0.9502,0
2350,78.4117,41.2,2.0,354.6,171.1,0.9432,0
2351,78.445,41.0,1.1,356.4,173.4,0.934,0
2352,78.4784,20.5,0.9,364.4,174.1,0.9307,0
2353,78.5118,38.5,0.7,364.4,172.1,0.9156,0
2354,78.5451,48.0,0.2,360.4,172.1,0.9236,0
2355,78.5785,39.3,2.1,354.2,174.2,0.8915,0
2355,78.5785,171.3,221.2,195.7,233.8,0.1973,0
2356,78.6119,91.3,0.7,372.6,170.7,0.8049,0
2356,78.6119,171.1,221.3,195.7,233.9,0.2184,0
2357,78.6452,67.5,1.8,377.7,171.8,0.8151,0
2358,78.6786,52.2,2.0,355.0,173.4,0.9542,0
2358,78.6786,171.3,221.6,195.9,234.0,0.1418,0
2359,78.712,32.0,2.0,354.1,173.5,0.9417,0
2360,78.7453,87.1,1.9,355.8,170.6,0.9102,0
2360,78.7453,171.9,221.7,196.0,234.0,0.1192,0
2361,78.7787,43.6,2.3,371.1,171.7,0.8723,0
2361,78.7787,171.2,220.5,195.9,234.1,0.2018,0
2361,78.7787,41.8,151.4,61.6,183.4,0.1009,0
2362,78.8121,58.8,3.5,376.7,170.8,0.8874,0
2363,78.8454,58.9,0.9,355.9,172.1,0.9202,0
2364,78.8788,55.9,2.1,369.0,172.1,0.8144,0
2365,78.9122,100.1,2.4,349.5,171.8,0.9485,0
2366,78.9455,97.5,1.1,352.5,171.5,0.9336,0
2367,78.9789,34.5,2.3,354.7,173.1,0.9482,0
2368,79.0123,99.2,3.4,355.4,171.3,0.9441,0
2369,79.0456,44.4,4.8,355.9,171.5,0.9227,0
2370,79.079,49.9,3.5,351.6,171.6,0.9444,0
2371,79.1124,12.4,2.7,356.3,171.2,0.9468,0
2371,79.1124,171.0,221.3,195.9,234.4,0.268,0
2372,79.1457,16.0,3.7,354.8,172.4,0.9569,0
2373,79.1791,33.3,1.7,349.6,171.7,0.7004,0
2374,79.2125,27.3,1.3,351.7,172.8,0.8862,0
2375,79.2458,81.8,1.8,355.8,171.6,0.8976,0
2376,79.2792,98.5,6.8,354.5,171.1,0.9363,0
2377,79.3126,37.6,13.5,357.5,170.5,0.9402,0
2378,79.3459,76.1,2.6,353.5,171.2,0.9291,0
2379,79.3793,38.2,2.3,354.1,172.7,0.9354,0
2380,79.4127,50.5,0.8,353.4,171.7,0.9345,0
2381,79.446,62.7,2.6,351.6,169.9,0.7213,0
2381,79.446,68.9,1.8,349.0,171.0,0.3069,0
2382,79.4794,43.5,2.7,351.2,169.7,0.882,0
2383,79.5128,54.1,2.1,352.1,172.3,0.5593,0
2383,79.5128,48.8,3.0,355.0,171.0,0.3534,0
2384,79.5461,17.1,2.7,356.6,174.1,0.9355,0
2385,79.5795,28.0,2.0,359.3,174.5,0.9424,0
2386,79.6129,49.6,2.3,358.9,172.6,0.955,0
2387,79.6462,79.5,3.6,358.5,171.4,0.9041,0
2388,79.6796,79.8,3.5,352.5,171.5,0.9393,0
2389,79.713,54.7,2.2,353.1,171.9,0.6499,0
2389,79.713,55.4,1.8,351.1,172.6,0.3181,0
2390,79.7463,52.9,1.5,353.3,174.4,0.9565,0
2391,79.7797,27.1,2.5,355.8,173.8,0.8816,0
2392,79.8131,25.3,0.6,358.8,173.5,0.9153,0
2393,79.8464,27.7,1.3,355.7,172.4,0.9199,0
2394,79.8798,43.3,2.6,365.3,171.7,0.9606,0
2395,79.9132,37.2,0.4,363.4,171.9,0.9383,0
2396,79.9465,33.0,1.0,354.7,171.8,0.9233,0
2396,79.9465,0.0,84.3,60.4,262.2,0.1172,1
2397,79.9799,65.6,1.7,353.6,170.8,0.807,0
2398,80.0133,42.9,1.2,363.7,172.8,0.8247,0
2399,80.0466,19.5,0.8,361.7,172.8,0.9578,0
2400,80.08,8.5,2.4,360.5,172.5,0.9034,0
2401,80.1134,20.6,2.0,361.5,174.1,0.9316,0
2402,80.1467,11.1,1.5,362.6,174.3,0.939,0
2402,80.1467,0.0,99.6,60.4,259.5,0.1911,1
2403,80.1801,30.9,1.6,361.1,172.4,0.8657,0
2403,80.1801,5.0,2.2,361.0,173.4,0.6635,0
2404,80.2135,13.0,9.8,357.3,173.6,0.8984,0
2405,80.2468,50.1,2.9,353.5,172.3,0.9385,0
