name,sha256,dhash
train_1.jpg,204e3dff6ae3787d22510bec2ffb92bc5637b6048bafdbb5f84813ae36b351d9,07cfcbebcbc52fff
train_10.jpg,0b4e423726f008b05123f23d4bf474ac1fd02255ed65b103863ff9fcbff4d669,c3e3c3c3436361c3
train_100.jpg,e754fe9e2c6a6fdeae7097a7d290d649f96b91fe28e541a018fec74ced989695,3d31333632333335
train_1000.jpg,2804dea2853f29bba2de22c7d971b9abd0ec7136c1615323ec94b213bd94570c,706524b6f2d23170
train_1001.jpg,6f3f4c885d7561c134ed8bb9715e46cf1a6d926b9fabbd237413754ad8346cd1,ec6c6cede3889c32
train_1002.jpg,89dc0c7e34f0ca1749e491a5f9331d35082aff950dbc76d4c707e5e985152ac3,e3e3787878d89c7b
train_1003.jpg,189cae300863bc0e7b343edc9255b2d0453090ccc7f80dc2c7941c9910987653,17cfede9cbc6afff
train_1004.jpg,2c8067c989abcdb3f497582326409af1bb6b889d76d7998199b72a90f713c6bb,0b1bdb6bebe7edcd
train_1005.jpg,a808909ef9f3e9b15364bde0d9108f9120f9e09a4f3082f0270701f349db7fb3,170f2f0707878f87
train_1006.jpg,e7a9f994669938a5122aab7b0be3c09bf1729695cf41431bf38e38190d2aa8ce,87071f0703832320
train_1007.jpg,9ec9a495d79256f970bd1d2a7412d3f9f92a3bbca8d01f08a2ff798b52370d08,7f7d2d4d4fefb796
train_1008.jpg,c82c8dd62725ae13a867f8e203035dc3f4cc15c3ec6c1aad95255fe5f8fb2c84,43646ce4246462d2
train_1009.jpg,7e98bd8ee573d1464df87e34d0e1aa5a8f7cfec9a1f4fe9f28262339fdd034c4,03838fb7918e0889
train_101.jpg,7d80b924c66ad3fd786cc010cedf7c508f6beef875314637b1c0e3f21abdbda1,e3e3c36363616143
train_1010.jpg,bd175541c5b2506bccbaacc390f858b52a3570edbc4fa5172390f33bd34a6234,07351231a998920b
train_1011.jpg,80f01362c5704c6e7a539c86cc3f972e223d78bd53be89bf1b33a2010d7ca17c,db1b9b8f66dea46c
train_1012.jpg,7ab6180e58ea697e8e2f59fe2c90003f9c78e1969f29924ffd766ae4ac9fe731,3e2b1b1f1b3b3b3b
train_1013.jpg,dd7a46788aed301f1017c9069312f2031335a9ca03ec76ab1349f80d7a2bc53e,464f4e4e0e070e16
train_1014.jpg,20eff81ca7759ab98eb62fa4b0aa841ba1099d1190f7e9b36f6928f11fdbcc51,4e4c8c9cdc8c0646
train_1015.jpg,ca90436a7d73749dc9cadcf939425e6544be13708dea91d9300f32823d95647f,0d683836560e1e0e
train_1016.jpg,7f336a49d08db67bf1b3bf7ab3b17cd13e841852a4db0df961d4ac6f1d39df55,39cd666c523370e3
train_1017.jpg,39b073b43a8a57c08198c834130359b854ebf21c1d0f9cab1c181a308ed4f1bb,3c8fe169f139018d
train_1018.jpg,b73152b819702532b267dd84c09abe6a5c3927005318e17e7b951f11ac8b83d7,6cc8ce662a942c2e
train_1019.jpg,53cfe6a62dc645587ab3dd57dfba8387e95506690b6cdb89b7650eb6bb364698,c9d84860c1602962
train_102.jpg,53759c5c17ab018faef067105c5176660cef096492616ad97d4874f60c25b4fb,c854515e4951b2e2
train_1020.jpg,a22f0d8256c13d233c336280416c13237a1d906caa3b705d3c720f40aaeceee7,6725352d2525292d
train_1021.jpg,43078431d38df0d348e5ab4c1c106a5da9a85137e98331deb5cc7e8eb37a8d66,121c1cac2c353031
train_1022.jpg,835c8e440640dcb58848391f6a3fec28190264aaf86e544832e0624b9f957664,9511cdc591dbda57
train_1023.jpg,8960fa56b3dee371def8bc42ac3a2b6d310fc8dc47d862847de26e79dbaee895,e82a8dad8d5b1b06
train_1024.jpg,19ece95593001cbc274ecc9eee39b47a5ecfa13f03c202bb511e81bd55bb4d9b,f694ccccd0d0b092
train_1025.jpg,20bfcd44b49a400c8d752b2a3ad61435a623766dc695327464f85d23b8a6fbb2,0c1c1c1c1a1b1a06
train_1026.jpg,6619f7b0aa2e38d3628bb08cac8599e0a4cecf701e03b9efc9eeedb96bbfd203,132101010e1e1e2e
train_1027.jpg,6e2c44f66b328ebd7ca46ab6756438c6ab8279381dea89f295c30ce2be5a74b0,096f655565471919
train_1028.jpg,cbc8fe727a94b7589b71b249f5e1051ac60eff874a9d49f07776fd4677a13b13,8707070703832121
train_1029.jpg,1f56cfede4c7f2c5443b12c260aca6be928be20dc753d29fefa7747786b10f43,d4a4e7cffc7c7473
train_103.jpg,7d2d25c2c8f185c6b91b6d6c9879f6f761d0ad6e3bdb8a7e179d4300bc1a0259,7f3f1f14b591c107
train_1030.jpg,cf3e2fd0e693348d1143ab3453b3f2b9642b99ce7d55c73c8a921a851147f45a,65e3226809090327
train_1031.jpg,55905635dcc3217b98f960da439723bc12ac7b44829cfa56c5f4a51cc1f06f01,d4a4ef8ffcfc7872
train_1032.jpg,6437e955094fbd477ca87936f45652f45b8bb4c7d05839f1034859c0d50f87ec,88e0e0e064788d1f
train_1033.jpg,19afcb97f3d76b328bee81de5909f7c3a23860ed0c2f6f2581294c96644133f4,ccde5895930fc3a3
train_1034.jpg,1c797310b7ba08ae7151a76387bf2f31fc49ad637183dcf27127d2d64012241a,21626a25311a482e
train_1035.jpg,e40838ea508d741eb09af1cdb4dc3571a6ff47e0a84f254aee49966db839b9f6,210701080b8b695c
train_1036.jpg,453729b4ea771b3872eed84b73860c6a89ffa948f62ff9140fd1d3f006ca3bb9,c1c1416161c19321
train_1037.jpg,a0420948a7038e84b12adf8b19d7c665ba53f675f560e47028c3a92a9bcd2ad4,03098993939b4f53
train_1038.jpg,293fa6cdca8af91736c8cfa83414b4e04f27597435cd243cdf16d338b2addad3,93939383b3134fdb
train_1039.jpg,168347e9456e79056afdb8a2e138739248b545cc9eeef151abdb7af8714595d9,2021101899a9e20d
train_104.jpg,56db5b1d43e038d936bc1b9c6d2717b47c45fcc2219217ea5c3839718c172205,0acc4c4c48789818
train_1040.jpg,f16c831fad67929e265c55b5d039f69da8c25232aad7a297eb24e7caa8ac21b7,d4bd2d0d4cf47474
train_1041.jpg,3b4a18650159b0775e8f9b21bca455afebc3c662d1ec74ef45b5777ff4717209,02b6b696948c8614
train_1042.jpg,14178d80b4d35ef545265c65b6a34bb096e77e1a643a7f370ba1b8bcaf909aba,e4c6ed66874d6967
train_1043.jpg,d699a5894294efae289430510bba14964ce8f7be60b266be2a0017a52decbd12,4e6f6fffdfffdff8
train_1044.jpg,c261bbf13b03185c702e431aec937835592fefb78d396d8d982a3f2877c258a3,071112113908120b
train_1045.jpg,bb3fda09a35e7bc0998ccd3126c064bbd7f8b67f05ffad96d95651f37cb071d0,232326254f4f0f1f
train_1046.jpg,8992f46a93c5aa7397ce040055a6186a2b5de6a987f6de3c9b8f2840d475bee3,046c642c2c384c2c
train_1047.jpg,7e4da7e1faf29aa7389db6596a3dae8d7037752ef076be1c177c55f4f030ee2e,a931307d6b323ecf
train_1048.jpg,112a5c6ff285ec3863ad180e5e111e2cd9c13b6c51e561ab9e8d35e8321d9867,a6c448084b4cf7f0
train_1049.jpg,2b37cf89a67d1cb88db19ccb4826e3da5777e609427334a6ddc1aa343fb6662f,ccccf0e022e2e2a6
train_105.jpg,b315b9048481e21708d5ec365c1671858af05791c652c5924ea89754f0d6ed6d,84ac9e96ce98b4d0
train_1050.jpg,3056bf236cd2147e01cc9ce8bdf455d28b41a1a53f5959104a44d7e37cfcb717,c0e2c44169eca725
train_1051.jpg,7a8ec1ae037df5d6088c3ca36219423fb928fc744ced87fc07c23df3f922d0e9,6f4f49494d4d0c52
train_1052.jpg,d3d1100a8f275e4cfd61718835f1ef09e2c55c42d8ad4a203253c4647fe4dea9,d9d958d8d8f87878
train_1053.jpg,465a779296b1ab7cff492a10f6fe498394ce4f9ad59950d118fcc7cac2be0877,0c18787949410faa
train_1054.jpg,1517abd52d8933b414a086f10a9d4f7e20db8aa6121b8249e6c2b3bbac86e30b,4c4c49686c7c7979
train_1055.jpg,92a065d39d3dfa596070ee6396aef56484eafc85edb167c9053bf81658e47410,8f8f8e8f8f8f0f8f
train_1056.jpg,be5a9e5fdd72901a0ff709a8c6c147b1da77fc848a50ce7b06400de9e1fe00fe,fcb839391c587c60
train_1057.jpg,b63a2b893a1254d6f6ec40a7cf3391b6f3e61f74489e62c044f4abed69faf408,79686c68686c6c7c
train_1058.jpg,f5f8f7775681b469b1a96adea70a651a106faa4e2cd523c152bb80940daa2823,0a15668b191b0f6c
train_1059.jpg,7b1c0e2f01bed9461f2d3c46929672cc1f8c92bbc59d5831f976b2dd0d8f1d94,f3e36f6525c787a7
train_106.jpg,737bb5be5c3ecc1d908a5c3b5aab682959f4567ccddb48daa09bafa920f02d11,2c1416060f4d4515
train_1060.jpg,47dd70ca9b29c84af202434223287dbe1c1c8f9c713da08cfa3abae34cf01f74,7e7f7ffffffffffc
train_1061.jpg,8c4970c2734b9e10a930af0aa11074d9d85a679cca716bf869e8936325d52aba,8c88989cd9f5f0ee
train_1062.jpg,45624d7fd1784b298162a355c0dde59f434ed08a9af2c9bcd32184372ce14aa6,0f0f170f0f14280c
train_1063.jpg,3973b17aeb5fb1bc1ba717cd19382909c0a64479f42e7a8653efb8f3d2db02e5,e83a8d8f0f0b1b0e
train_1064.jpg,f785c8374b60b355716b51d7ea741e5446fe04a072fea89725d0396070532a58,cfce96072712ce8f
train_1065.jpg,107acc7137f4c76c4daf36a76d197c0d60d698d004cd4eabb19c0f8e94476b3e,ece8f8f4ccccdadb
train_1066.jpg,fa8a65e99b26a9b13b39f9bd400930abc36c95fdd37dc0781cc1edcf1b977649,464f4e4e0e070e16
train_1067.jpg,53dfa1bff7766beefdf8d8dabd13d457739b8eb3b8e0d5d982d6f263612b02b7,0008413135213b9f
train_1068.jpg,80e6d4a6cc6c27e86ca37fbee4e07f6296c3dc0e91879acc01cd3f526b5855fa,17cfcdc9c8ccafef
train_1069.jpg,dcc22ceae15687c134794e9cb25745cc3ae347e5b33b4c30a7aaea10477fcfd1,b4b44f1d2f4d6502
train_107.jpg,665370e2a13b7f34def53f933af9f33e0ee730186df5287324be896d7e822842,3578c283b92b2337
train_1070.jpg,e01fd28d2b7d2971287c43219eb5d2f000ce2d413980a0557b0f796548086e5b,323b181a4d677316
train_1071.jpg,2c560b39c855cd9bd8665a2902b6638a7a1e3fd6953d5b0d35881e9a9bb84f34,496b6be3e7e5cdcd
train_1072.jpg,a431059b0f590f815a59aea7a074985c611b29a2e3784c64fe7593e82a09f2aa,05090b4fcfc74503
train_1073.jpg,6ab72d344173072a4c4c7d0466e5f3f90e8b20da0009f584cdf43366fc874375,070f0f0fcf8d0d0e
train_1074.jpg,345c41a04f460a09edb300ffd8bb4862ba754137c76013babf03757308d0d92f,674e1e9b8b4fb1b3
train_1075.jpg,1580012cb3e499be8bd9f0bf336a5c1c4a8b7c8cff4b034f1d1ae02cb34324d8,0f0f0f8f0d0f0f0d
train_1076.jpg,2f1d33e980d795bb641bf4600080488acbaad44fa83666a79cb9a9703b9c8d1f,606040406074391b
train_1077.jpg,0c03679897a0189012ad40bffab86ed1a5940e4c2a37e8561d6b9eb39b25bddc,61611051561b39c3
train_1078.jpg,883e830f3526030a1a04d2fd13fac0e96dd774844e1b3af3fd55c038fc382d6d,26064f1911119190
train_1079.jpg,b9c3606bd73fd78716252ec435e450eaf5bbcc95b9b9602ea68ca7e8fa49d808,070f27031a928e86
train_108.jpg,8cd61acc2b54462ee337149bd3a0e45c3354e86b44ba2e778756c7024999af95,000f0f0f27270f0e
train_1080.jpg,7abd0d50b6ef1dccc33410cce115933d2690825e2166002ee9943db5811f401c,e36d535298101866
train_1081.jpg,85d2b38f50aa3adc525f76879b7095fadfa8c89eb6d67fd89fb3aed9219aed72,d2e5ede66cee8ecb
train_1082.jpg,191ccb4e693c7e24909dc07e3395e683fe386c84269090a242726943186b4b91,4e4f8e1612cb0b13
train_1083.jpg,e8b5b5f5f6948419528e1218821e7a52dd0970a979b6b3d0f6ee95afe6d1e42e,ccceecb8b49c9c33
train_1084.jpg,9788b8f8d37800d6c054c698b1d688b6abc92e78529ad3e1e1607b7325f0a3c8,f6cfcfcee7a7270f
train_1085.jpg,4843d09e6c5eaf510922712d39e267716a2e566ae246c46ecc37b2baf95a8712,333357375737173b
train_1086.jpg,94ab3e1ca8b2bca49392c13fd8d3c17c4ffbd61a8f65fbd289d6c3f724bc20a7,155454848694d921
train_1087.jpg,073dfac868f24ffffe4fc1a66d3af45a62b66792f336775271bc9f5596d91816,0a5b9e1d3935345e
train_1088.jpg,c3d61e8ccbb7272ba97ba02ddcef0cbbbd34d2db93137f9074b1c558ee4337be,a232321d31319122
train_1089.jpg,88a5558d7c140853c546109d794cb635aba09d06a1609933315a5ad612a7c211,07cfc9cbcfc4a6ef
train_109.jpg,b6ab5114b3cd867264fca16f79e3ca88430050a36d754e5e780bcc1fce3c0f5c,6140505414f42a4b
train_1090.jpg,99ea7fb22a3ba268a3ff76b281efe299b0f41917b15fb2c8fc31c1246ecab02f,71335393632d7d2d
train_1091.jpg,11e29b3e23f28cee2e50eb3800450f7e6c1c279adb3043cdc4aabcbf46c263e3,3230192c24a48c81
train_1092.jpg,2405fcb1702327c3b1aeb5429c35d08d592678367f33bb9cfabb15bd4443003f,235b8e7595b03f2e
train_1093.jpg,8cfdb48cad4f33e06bddbd619c45514277fc4943d0252b065d990f5f46ed7522,09496bebe7e5cdcd
train_1094.jpg,f7ffc938172ee163c0f393923eb43f66f304aa1c32527c997b08c08d7d618027,9c888ada5e4c8281
train_1095.jpg,75015327cf36cb41ef2dd40922b9b14cd9541425c8bd508b9bcc139982459263,070f27031a928e86
train_1096.jpg,c67c3a04011a1da6b24ac7b3d845af97f0cfb1f8f21f79f578e1445a90df0450,279b6be1e4e5cd8c
train_1097.jpg,1032f5b9b41de73b95e684ac41d1243009774154719fd3fa99f9fa3f21d2658d,19999d1d3c70321b
train_1098.jpg,4fdcaeb5b21f66bb42bccaf005bc47aea33ac2de7c99b5fcf0629399a2e0490f,bcfc39391c586860
train_1099.jpg,3cd71535b33b53d0ef230734d5f34974ad7bce4284c652efa76665e5ee719bed,e8e0f0f0ecebe0f6
train_11.jpg,882bad71704fcaf69c45c8ceb217316bfd28686622fab6dd5dc4c24393e368f2,95b68e0f372d0f1f
train_110.jpg,04d9a9d06f2df97071ed385fa91c393ce3c6f9f3d6cb71631a55e98932f5b17d,d4e4e4ecd4c64450
train_1100.jpg,d6ecce529936ee96c3cc65cf75c0ad5038cc8f9c7632180f9c337483e99b03b6,bfa8aaa9b994868f
train_1101.jpg,e09dcb316d63a8dd4ad7fe42c8d119d9a1b7fea05105cde306b4ad0e71c0cc08,32361ccc4c2c8d0d
train_1102.jpg,4259f583ffab5709c481671a7b03b117976fc89ee638ae77fe74d7d81db83f7a,8389999b93d34f4f
train_1103.jpg,f3f88d3238d3fbb39067fa406140fa7c73b29e8a0b4b9f68e9365a24fe1dd0f5,6f6f65ede6a6a3ab
train_1104.jpg,4ca583169ffe4e51769fd0e443e958d67a260cf2116a458d64e5c1638fe3a812,f4f1efb39b385276
train_1105.jpg,1da7e0ef2f6b90dab68c9772aa139f9a12a54839350971998e8bb5b5557b25a3,7f7f3fcf0f2f5042
train_1106.jpg,a59e30d6ace822eeeab05f94e14b61ef47c09894cc0c87dbb613196c8a3f60d8,5f7f7fffffffffff
train_1107.jpg,a7f4a5b8af073012db1d5f2c130ddb71b85c740ed96b7deea961c66699b9dcf8,24a5a5a58f8f0fc7
train_1108.jpg,976f27b2d988fb36f64e8852b186e9f9711d1722a0ec64ad0c025035bccd64f0,e4f0b0b13d3c585c
train_1109.jpg,786b23337d49e31f7a6d7ac5ce80caddb2119d22d641e340c0fd6a4c59ecd97c,17cfcbc9c8c4aeff
train_111.jpg,6668ee8e9ff5d39f7ba5694853b587a5e4b2fb4c0de4c3ea1e71bd6cead13356,87071f0703832320
train_1110.jpg,d364169bda582bc30ed5171a2f21beced6cba91d6c484d82768a8193510bd88c,e4b439793c080e14
train_1111.jpg,9c0f99e377215f138645645d04fa681a4eeb137fcb66fa31b734556ba255896b,87071f0703832320
train_1112.jpg,c409e6b7e9cc66965a1b9e2f79129e536f181ee26ff9ea598b85fbf3a1aed102,b6b44f4d2fcd654c
train_1113.jpg,3e686de2a27b821e4aed941b3e88113ebe5cff3da73826a036cd0824bac65956,7360606464782a4b
train_1114.jpg,6858b5db018ed4b62231001164e03357963b391051e88aeeeac0bd1d75838ca0,62e3c6ec0c89e9c8
train_1115.jpg,3814875191aa6d0606c02b4a70825d8b7fb14e89e42ce4a9733292f5df66f121,db9b984f0f731354
train_1116.jpg,45538e258445e4efbfb6fcd89ef317ae08981aa6d567fddccd2f170b1e3dd8ab,a4a0a1b9e1c13165
train_1117.jpg,6088a1fd65a8b1d066c851e1a3fe437a7ce47ea9d7d0423ce55438c7522c17f7,46460e6be8e0e0f9
train_1118.jpg,2e2482a962da3e57e91e8f806b0f01b31f6edc019a65fd4bcb9229a3e38271c9,5f3e2cdc95a3dad5
train_1119.jpg,37333b54e13886d16632efa99f757ffa047c87a7f46d828464600eccb76814f0,32383c2c240c8915
train_112.jpg,338330fb1b709ea613364432c51ca1982524fd88d978b7c4f688f065638a9352,8211c9918c4c4684
train_1120.jpg,df654d6df15273dfdb4b807637790824207d9148a68675775700b696df32d159,076424242c3c0c2c
train_1121.jpg,70405139ff15d54888f6a3f57ed125f7d5de75f6b3240eed782009c907582a88,03838fb7d18e0c89
train_1122.jpg,6421ced266b9cc6e724cd13305c0ce2f4b7ce6970554033200a44cb5af61c2d2,070f27031a928e86
train_1123.jpg,834b2fa8e979b0f773cf6046739f55f355bc73a5836aa04358d854371246c6ab,e54a1c1f9b4fe123
train_1124.jpg,a61d22462d06cca022ee109e3d45b1f8ebfd7bf612c54ca5e94d9359afdeae6d,3399cce4d2d92925
train_1125.jpg,b6b388916fc5e7608553a8fe5b39a4a131fe2c35f0fcb7ed317bc1ee6ae318fe,95959d1c3cd41919
train_1126.jpg,79a2142f2acbbcb97de19212e0dc32f0435ff584d59c2ea60459387e7ac58f8a,85968e0f372f0f9f
train_1127.jpg,d5de4890809e21fcdeb1e9a37d73d695bd561722f74706b7217fa86fa4f8b5aa,b4b45f1d2f4d6582
train_1128.jpg,4c6a5fa3ef63c6daa070beff28497ae16cad8de8f8c770049a6a53a0070e8f9d,0f07c7c78e8f8780
train_1129.jpg,d6f6918036af5f828d0233b8c8053523560e7530de715a533e6652616c60c4a1,e4e4e6e67436926e
train_113.jpg,28bf31badee4df1eb76368f91ade0f4acaf639887bc1fa68390a62cd6e566527,0327b39296968e84
train_1130.jpg,e50e6ac3d97b8dce956202bc67af343002a6e4ac4e9e63689ba1169ed3ad83ad,4343436343516363
train_1131.jpg,d7022a420e41d551671c648002f913b06f487846e658e0682dba032d8078dca7,070b0b31396b323e
train_1132.jpg,1912ed64600dcb9aadece51bccc70f12664a1eddd09cc3e39fb7d85a6ff26d3c,8707070703832121
train_1133.jpg,88e29ba99bc0f4e2eb9b10e2a64f3c1e5cce4862e96f6bc22225dbd963cb23ae,1f1d1b1b9b93d38d
train_1134.jpg,ae43080407cf3300e9a82509f6c30bc643f7b727fec46af9638f45e1bfcdd81a,140a49307c2ecf2d
train_1135.jpg,a8d1bb367f69ce004b1ef5f27027b27429089b0be568a3f7df522f7ecf4ec3be,d33223199eed4b1b
train_1136.jpg,8d51ed0ac40f5e40851de4d3708d7524229ccd892f988058345ace5d0ec493b8,a4b0a0b1a9e13165
train_1137.jpg,b3f1499f7af1714960134eb999bb83964c0099a23a9645780995abd513efe2ce,8193d9c9cbcfc6d2
train_1138.jpg,696a4d3e4b2bb4bfcc1defcc148331c1c78ee609e0316ccf45e2766e0c6734e5,4e4f4f4fdffedbf9
train_1139.jpg,646016f288a27dcd78436deaf4acb3065ed27218ee0f874d3cce673be90786b4,17cfcbcbcbcca6ef
train_114.jpg,f5c73eefebfff93f4063876b9723277068b0c7497782b99a8e6219675a8527f0,9c38313070739690
train_1140.jpg,2071aac515afe0b2e0e71531f584feaf96ceaf3b649308b0799da415cf8325ec,c9ccccccccf2fcff
train_1141.jpg,bdc363170e62f944eb1693a322cfbb7dd988307de57ef716ffd7e75905cd8010,74305ace46dcf032
train_1142.jpg,d6e25b903b8a76c85f8d9b7da2968f492500a42c9fe5b82f18f0c4ca4d2d4563,372b0f2719316d2d
train_1143.jpg,dbc90412c197606da4e564282ed1b6cc8da336b2158c14dd19a3d55fe3180142,8511cdc591dbda50
train_1144.jpg,536251f08e8c7cb6bb55933557b97b097c613e12e09081afc2ecb2b417fdba25,9294ccccd4d4b0b2
train_115.jpg,6ee5184038ff132a6dc94458344f591e466ae7e209b8f4f7ad00f7256948ae4a,1b1b1bb663633373
train_116.jpg,7fc88208335202e64230c76cf148f7d4d8831555b6a8f4d0b67b38fd1d3f3335,b29b97933b233334
train_117.jpg,9518383ee32d8188e628eb6e7043d5dea92bac931612460b6c45ed265a2e679d,b31e4e1a136667f1
train_118.jpg,2f352f85d0d9cb5c7b641687114985cd1e47998608bdbf893187c1784203210a,d5c69682ca888c84
train_119.jpg,9633e9e97218b144415ac12f53f9947f9e80fc8f2e0492006556ff3f968558a5,b232321d33319122
train_12.jpg,2bedd6b94296c742c39f611ebcb974d8284d48737d58f1b65ca059ae4148c1b7,c8b0a4acedacac4c
train_120.jpg,4fafe9f23218d1f2e7c5728bb61d914a2d8f9ecd77ebe84dcbf5f5466ddce29c,8c0c0c0407091908
train_121.jpg,971a6bef522a2a0eef857e6ec10881cbbb16e497016ebb7bfe7bad9f27b26c2b,8381caa6e362cb8d
train_122.jpg,23c1cefdcb5466f669c325c4db5ffc794d52bf51473475ca2d4f777fb9fe600b,e1ab9298db0f6313
train_123.jpg,a49150b51789ac3887273a378b5d1715f2eb2dc8d46b5e5639d601a065a4767d,040601080b89695c
train_124.jpg,caf3d4353de44e58104dde5f2b0c753d6e4c4c00698f47809b0ff44ea4b07129,0c1c1c1c1b1b1a06
train_125.jpg,83d9dd20ff20b2394b437def22873d601a716f721340570e670d4bb2324904fa,040d0e264e482080
train_126.jpg,054138f1a736d1f04d84793b03aacec46b5b0d83deb975ff8c30b5669801407c,cceccccb4f0c0e7e
train_127.jpg,801ec1ce021ee86d3e72fa0444d76df22950d11c6455a4019855d8d402ff106f,32b283c288c0e285
train_128.jpg,aea365bd26a8bbf14bdab64c407e35e43901a3c199bca1c18f1a5b181a97519e,f4e0ef339b385276
train_129.jpg,f701ee676e6187e4e61947fd544f2aa1157fdc92c6ae0d3b61f2541d22776f79,2c8dadaeb9f1b5a4
train_13.jpg,7aa58e88b5e5a29e68fd26e931f24c4e640b61b60e1e3ea6de30d00d839829ff,595c3ca4242c3703
train_130.jpg,b0bac4c3973ab354925e34cebde08f8113cbf4b448344740f5c22fd14c30f517,0d1919193f7de565
train_131.jpg,69739e0c39103bf463b4d8fba898d25adf0cec544833700bcfd741de36ac7449,070f27071a928e86
train_132.jpg,55275d5748350ea76a3f94637fa7eccf0a21f36b5facde763600635ce67d145f,72b2f396cb6f7313
train_133.jpg,9446ae73b529236ac7521045f74fdae2526a2a4fdbb0e418da6c8faf0e379b30,1e174747172f0f0f
train_134.jpg,2dbc83347425de4c6cbed9995fb8399930b91fb44da13b1510e1f723ce89bdb7,01090668e84e8f2d
train_135.jpg,49d23fad3e0a05e2381dc33e34e886f85be3cc08c5f445d3a80514614af7e33f,b2134945d56466f0
train_136.jpg,36d4be5226f565b59ad903bec2f7137868e667da6a5756032e28bb8289d9daa6,ccd2c0c1c9c82723
train_137.jpg,4e71ed2445b1e36e733365b5e8d8155be33d85bd0d4d2a5504019ef58669bd41,3018342c248c8915
train_138.jpg,70aa8f674bb3da15560222ecfa431936e6607d09b98579d70849542e2e5eb9f8,8080c3c3c3d96f2b
train_139.jpg,e8563833fb520181c234d5106dd2a32f6f41632f32d86cb826df66601d645e3f,4d599c8cae8c9063
train_14.jpg,6d3bacb83ff98d3293b068b2cbd1d3e242dbb33b0064be1a79c892c2e789cfc8,6848484d8f868d80
train_140.jpg,7fee133535a823127aa127084faeca3074781f4593078c23cea314cb88241230,95b696870c0d068b
train_141.jpg,0046c5924df43f15d6d7ece8a18e426b3e58267a5def03332b4b1fa3168d8e5d,2c25022c2f0d092d
train_142.jpg,002a5fec9ccd7c1da1791650fa7cbb598abc8e1573821d40ae8dea620a10daaa,7f7f77737172facf
train_143.jpg,000b20c378240dd67c72973ee3685d189a01fa91b6d82753a9fdb61a2a4829fa,c7a381e492ad4d5b
train_144.jpg,d0ecaec35d527223b353ad8694398f2b607560a09177aa4451af9c65f71357c4,9b6959596d471b19
train_1445.jpg,ba704eac3c625e1262c3430f317e1172f9bfa67a9dc86e38a081d504d391af1e,ccceef0d33f4f4c9
train_1446.jpg,af835be39734de241f48e4e1971656c664d4569155f65bacac9284fe6964d43d,e67616578c0f5512
train_1447.jpg,783a4fc3a2200efe4531b6aaae3ccdfb0b8e4efe306e990ced7483af6b5b7c30,4958f1c7da521b59
train_1448.jpg,3b63f31156f5e8fde1300ee66847147f1055b48f472fbdf6754bc37142206a20,683c1dcbb3b33918
train_1449.jpg,24319f22d1da7f4b277d2afdc5bc3c44f3faab64230724ed1d62a40e96c9f496,c7c7c6c6c6c78747
train_145.jpg,704a765c2671512bf1029c1b5e9258fcdb71069c41e4acc996b17624a8847edd,070707070b9b1323
train_1450.jpg,d72b106aa44174454a26357925ddb41b89ab8079a541f3e15de8f7fe00a20f67,878d8d85c7c7c9c9
train_1451.jpg,578bdc202b2d66a6468e3ade698b23996a990eaf74f333efaefaf385a5f21294,36158cec6cac8d0d
train_1452.jpg,8eef60f62296ae8af8b38b797d7184c262ad7dcefa8a39c78f103b78bd0dd811,eac3dbc9cb1badaf
train_1453.jpg,d0758ced559a8ab56be297535d947ec7012593861fb5e8d7248db650839589d2,4e4d0f4fdf9fdb99
train_1454.jpg,2f5294360c98c866b455b7549756ea0c5d6353ea2dc29c1303e69c5deaab9d57,8b0d0c0c1832b018
train_1455.jpg,c152c9a6a44448c8a357cf60c71a347cfacd150cdd4b97dbd829654d2805bf60,0301f10ca3c48d16
train_1456.jpg,2c8e7101b95be6d9ee641abe36fa5e3483be285de4ba7b3fc9123973487fca3f,ba99591445277312
train_1457.jpg,320e358063f3ab54cfc8ced320be610631d58d846e156ece2d05b9115434b870,056624242c3c4c2c
train_1458.jpg,42ac362ad613fb132844fbbeff2fa60fabc43c1ad4ffb74aaddf082fdf8932dd,d4a4ef8ff4f47072
train_1459.jpg,618516d2273d786e5a304187dc9baba7cb92616e83202b922732526da6cf59f8,b89b9998d7277313
train_146.jpg,caf4f85b03d86d4e4e3237678d7cca2ad46e0951f4538cca9afcf6fc68400b55,c7c7c6c6c6c78747
train_1460.jpg,76e52edf996dc5578d669003b3650e4ea4dd68379ebc02dc8e1e99dbdedf97d2,0f171f1e1e161d1e
train_1461.jpg,eaffb799e2859af3fc540db116dfdc040e789958e2edb7e9efad314f9f926d4b,223595cc532a0a0c
train_1462.jpg,1e11076b223754c7a08609c78813ac6101608d9976a167067256a2b349a7a943,f423718dc757968e
train_1463.jpg,f83fa4729718ffdbc66a7130e8efc2ac2f38061a6cfa9ce4357df1f1372a0036,c98b033333330307
train_1464.jpg,55fe6ff75ff4530171328eae6013239d36d7ff69820fd22350f3baf92ca1c677,254c0e869c99898f
train_1465.jpg,ef7d30bf4442a99ff677b90d9e557c6171a310f98468ce423f22057f0ccfd342,6403c7c787a7e64d
train_1466.jpg,a088016c5edc91cef79ff7646ba27f43172ff30c4841f8d86ca7de3054cc2d73,270f8ece020e87cb
train_1467.jpg,4309aac137a6a3ff9dd34d891ff22df0649752c4c829401d45f5754dbe77bcf8,75ededfdfafaf2dc
train_1468.jpg,2587d75e907b074ee3e8e82a72aaf3e797a583ee7b9fd9103adccb65c2007031,0c1c1c1c1b1b1a06
train_1469.jpg,4b03ce517eea57ca4e7eee94087dca54c1cb50b319930cde7ccd4e18da183730,dcccd4c88aa2c2a6
train_147.jpg,6430ec6018e0448d42b173f6d4f61ca05f28b88f6ef3ab6915da51bb4642d554,262697b13996b6b9
train_1470.jpg,e85f83092ecbaaa5561985094de65aedb4bec7f6522625a7ec7d4c308a0703c8,c8e8e89c9c1e2e5e
train_1471.jpg,ebe3be0a1715601f2790daa597267deabec7e01e0e2271594bef5557d32f93e0,1337373f27971b0d
train_1472.jpg,c3d2df0091e9ebcca726b932578429d159a2fc94bb90b7634b12540b3a157cce,1b3e20336b363c32
train_1473.jpg,2426ba5e20033aaca771ed5e3c9e3a347c003a8950047546d3372c644b5357cd,0000010686161b6c
train_1474.jpg,5dfa1029c427e18f3836d77e02b4fba08f8eb9a7e4e046cea8eaf86b45c63c30,6030382d2c0c8915
train_1475.jpg,21cf236ca119307c4a33e12eeaf5aba0fc48aeeacb585b2e10ec29a7abdeb67e,3c3829b161a70569
train_1476.jpg,119d4c12f20d9f55ca9ba999510eb4ffc3dcf57b1e33ba442aa0286197e42e9f,aab3e50cccd698a9
train_1477.jpg,94a5958029ca92c2512228dc0748cafced4748058548413dcab35299a9bde5ff,0f2f270787879717
train_1478.jpg,fc5dcb43096f474283b2b94c3e69069f02e34e5943104d71d76e6cb758265614,8713c9818d49468d
train_1479.jpg,7cebbb3279fbaa27ce63ca76297fd2355bd70a620718b7b9cba3596001f5bf92,92b4ccccd4d4b092
train_148.jpg,ff692577b1ab27502565f54fc92941b9ddddc9c7ada76d99df81f95c14532cc5,d4a4ef8ffcf87872
train_1480.jpg,9ff26ed58c43d28af0aaca5ef079b378fd43a7cf960e4c587607311def730a0e,e8b0a4accdacac4c
train_1481.jpg,89dbbc68844ee67070fe668411b48a46bbbb414e59f9ed998dca89ebd3c4abb5,4e4f4f6fdfffdbf9
train_1482.jpg,d0b754827c0c9522b16d61be5dac3eb07a8dbe6698bb816adeced4a9ed7ff668,3ccdceaeb0f1b5a4
train_1483.jpg,f6237548acdb8d8f49319ac16d019c256511dde036ee937fc0cc6e2258db1469,ece0311333e9b749
train_1484.jpg,24c6503e5273a9f91a84cf555ae30fa65fe61fc3c2098e88a21884d05b644c34,3633373531152123
train_1485.jpg,8d0962115364ce2d4abbae5069407db16ccecb91cfb4061c93d2d869f56aca7b,74474b7270606d07
train_1486.jpg,65377beef48eba3e267aece42803cdb5334caeff18cc67fc957e61148ea0e903,464f4e4e0e070e16
train_1487.jpg,9861820fd66971b53ffdad62dd15b73c4925c2776bf33401c5dcdfff69eddeec,363337353115a523
train_1488.jpg,450b49a3ff9c5bc00a53964c913f2295c57cc4db63b5b5598981778a879bc5bd,b578c587b92a3337
train_1489.jpg,825d9ae360017e33d9fcb9290a7aeef6672c8c72b41dba088c935386b4a5e744,5f3e2cdcb523da55
train_149.jpg,baf56d5fbdc4cfd7f71140e6c4074e9b7cf3bf477be9cadb43d9a24210c29bd3,1d31333333313334
train_1490.jpg,608a9debc9221c901e224c389d5fd8649d4d6e6eb7016603cd47c5892511c8ca,75cd6d4d4b6ab696
train_1491.jpg,b7667427742d3d128ad7bcea38a2b317310eb32792c03ff62a6cb106bbba7bcd,4fcb8b97134b468f
train_1492.jpg,2ee8bf6925ccb57ad9ebdc4a7760be26ff77fe8d8a26ddc1e67de92a0bbd2a72,5c04068ed2145879
train_1493.jpg,ad52a7341be01127a69d76499b90fc91aee1c21480d1a5564b9186e9dea362f6,5dd393d6c697336b
train_1494.jpg,062bde80f8b4cc9fc9e35766305f9884ac2481988b764903c7046a7ce0c3eb79,7b7f4febd96d67f5
train_1495.jpg,373c71a6a6d9c36d73d7f2e086a87702f1ac977c132746fd8b730782dd441bc4,0c1c1c1c1b1b1a06
train_1496.jpg,0665f6696034b281fe7eb516418c3094d8745591f26544666fb5bc8f9ab0f9af,8be278d97579b6e6
train_1497.jpg,6d33abfab9730f5099031009d467e723474c03717c6c3d03c730e2303635a870,0b171f0b0f0f0d0d
train_1498.jpg,2e320479d91b9411e039cdd54c9b5b9af2e6aca5839037623251e929c6a782f5,11989ababa3af9c9
train_1499.jpg,89bad297ccade13c80c7062df4a67a37b4fbd22975e9cd604b856c4a6c18f5d8,210701080b8b695c
train_15.jpg,2970d30a45c05c261d763d5b4b7bde8eb4547b574e5b3313b5ee384a4b639150,3c3bcb4b72cac3c1
train_150.jpg,b23ebd0a75c288f8712158bb012b056ced0c61607041e28665404d02c47bee72,333357175737173b
train_1500.jpg,3c3db4e1469f486ca994417bb15039f0a505087133f04299ca24fedb53c46475,7a5acaca461fadad
train_1501.jpg,396277649ea6d2c142b195dc875842a124c25c9825abd61eb665e20b9c3506f3,8f8f8f8f8f8f0f8f
train_1502.jpg,31f99d87dd141171ecb7bfbd34ea5f5d23e627ce51f141ea77e22457d93486ab,1eca5392b2361a79
train_1503.jpg,9d3acd51b89a3544ef870050b2f3ced636e969a290a8ef460aa46bb3fdb740ee,7fff3fcf0e2f5842
train_1504.jpg,590abad88cdec568565d872867d7ebfd079cc1d5081ccc05d2e2682e8898b151,2564642c9474a424
train_1505.jpg,faf32640f57eebe58468b209dd5cdecee36551f4d77b283cc8f3daf04cf86f54,61307829099b2763
train_1506.jpg,983b0ee1f0814f62631456599e842be2f641138496b168c9c1242a0a27a46cf4,c30705c9a7079fbd
train_1507.jpg,f82a31296feeffb2acbf0f4b62dd927a62965603a03d3d233b77a1ac3b0876c8,e36163970f2cd386
train_1508.jpg,d83e76417899f8917eeb4202893845c15001da65d3e8a1c8cb5e14328e66bd26,bce3646260361f9c
train_1509.jpg,c164ef44df41d3f00ce2f0bb36fbe6fe1905c03171537edab0b8af554de74abc,178dedc9cbc6afef
train_151.jpg,45607b33abe743c7fe9ddf9ee7f78dbaae759b2f2631ea31c2d56cad43fd26fc,03898993d3db4f03
train_1510.jpg,ea9ad7b24743b4c25b4bef17ccdcc939cbf9184b64f8ab4117e556a608f22c3c,e8f09acaca17adad
train_1511.jpg,2f0bac2a1873caea4555a58c7e3c1c5b5172a4da8bcd69e4279ffc70eead0680,1c18181ad9e5f4cc
train_1512.jpg,dfd0c36f04f67efe3c5a4ea1235294641bcf62810821ed8323e1aad6e3b42ceb,a129612929d191c5
train_1513.jpg,ef18ddb954f9c995e687294e6e79a4585234155bfe758ef8977df9622f5756b1,bb929b8967b133ba
train_1514.jpg,2c35b59f8db44c02249bd19c69373fb098aed8126041e0bd8ed17c44a98a17f5,2c496aa6b4f1b5a4
train_1515.jpg,8a78f61251cb0a23d4c4f23e5f962f6fb207c34b46bfc1eeec2b70284ba5d1f1,969690b08b4fe337
train_1516.jpg,609ea55a55edc1a2e9a8f590b4a02f0fc9946ed304f341d855e7ac32b92ae81d,b0939a16174f7313
train_1517.jpg,a167c08fe3d31ad40471bbfa47d219850011cfb425fd7e58c45f2567eb0846c0,7173e1e1e97a5bfb
train_1518.jpg,65663d287df0f9d67aab39fc83089bf67f6cd10d8860ec698a6edbe38c60edbe,c8cee6ee6343c2e2
train_1519.jpg,8f1fe8e74a42e8ef2c587539ba8b6358c84333400d73ea4fd75d968861024acd,6d2b2b3b1b3b3b23
train_152.jpg,934e8db70b6a7d0e7f80b4b9408aefdd7119ff8bc220180533aec6a7513a3ddc,072626a6bcbc8c2c
train_1520.jpg,e36907fbfa4678affce83d32b614ddf8dbf3681efa1c7b1a820680c170eab97f,5f0d0f8d0d07890c
train_1521.jpg,c7848005fe73d9df8068983ebafbfbf0955188dc5c3ac6dadc75afc5ed294ccc,66469d8ece5e4666
train_1522.jpg,efe9716cad2bfb3b3ab31de69da6fa9e86c8c665b4d1c4f478a22fa622fe062b,41c9c844444c048b
train_1523.jpg,bb698fdf162f7fc6982beee991dd9a5846b698b3ef551c28d678e691c95f1ced,c7c9cdcdc9616486
train_1524.jpg,0f81379f87d73448620516bbfcebddedf40144ee515f6699a66b0ce67ac305c1,9236272f27870917
train_1525.jpg,6bda02c48e42c1f2e82a50e397635ad177d95b38ccc43e21f5a69bab6bf5e9fa,446d4854a48694d9
train_1526.jpg,376f4e008bc474d76d5043aee3f1db01d69560236a8476d3386ff69e7e8c5092,990d4d0725494954
train_1527.jpg,45145ee2133c0f1366f35a4c80710fb668647bb4609e3155d787bb5910b3559e,c8b0b4a8cdacac4c
train_1528.jpg,f6d1ee9ed8677451af4e795c4180b39b28afda52353f90edddfa0e862e8a3851,032733232f4f0333
train_1529.jpg,834a28ac83c3086ac26c827f1d2300ec922139f7163307b96f4bfd2a839e44bb,7f7f3fcf0f2f5044
train_153.jpg,ce21981569dbade1e2b33245f6c7e37846b220198f5636e69e76f01ff7daea2a,1e1e161e1e0e0e0c
train_1530.jpg,3b039451208a1d024d7e150c3abcf88873450ca8e40a28af1839bb9db0ebc052,800004034313f264
train_1531.jpg,2855fa5fb67366a98c67c3e5dcc1085dd35bafd8c6b2f5d180f1ff619d3dfebd,ec444833e0b0d8ec
train_1532.jpg,450ee0f77b1f8a9f4df439e274489875537ffebd2f265cc04199ae4645f0ac1f,1d0d2f4d2723988f
train_1533.jpg,edcd8e6c119c1d42fb48d07debc465f4595acd3985fbb3e3aba8988fd08c9f55,f4f0e133336b3719
train_1534.jpg,836b6cf5dc3230ad7f138e2dab9d53ad4ebd26bd9789e6e3d68001dc1e3e0701,8199d9c9c9c9c7c3
train_1535.jpg,45532a5f07fc6d4a54ebba3a2844c9fc1815913f8c4762582f6080ef775e7457,0b15678b191b8764
train_1536.jpg,0f7732c1f41cec78d01cb4bdf260055669d91a609e6badb708b456fac965e0b9,c0e0c0c4c0c00242
train_1537.jpg,09c1fb3d166eb1a598c132ebec9fc58e53eeab3887a7b205bb8048aaed614d28,32b2b22a3869b034
train_1538.jpg,2992406736221ae25cae7263a375c47066b08e68cfc05187e1a25e799643b2d5,47e777373324c4fe
train_1539.jpg,6132d51cdc256943dac0b5dad190895f97ed71089bcc47778eb790fa2f7b3962,c6e743d1ababd9da
train_154.jpg,8454980e5ab0c82046d8529e6322f9ce709dba11452f830560bb48f7b627e81d,c6c7c6c6c687cfc7
train_1540.jpg,a1051ec17f707b1ed4c2a69c475fd62f8ac5c53be2ed5913cfa04b22eb3632a9,317864ee971b3bed
train_1541.jpg,dd8d01f4f27d3fdb437ab519a91e7e66060076a972f6a83d7f910f46e23493fc,b6dc6a6b75755c19
train_1542.jpg,61cdf653b0764b37b7ccd85d2e9a48132108616e8c3676525c9218ba6db4cb54,2e860c06646c4ecc
train_1543.jpg,9ef334a2aa23fbb31c88cb8a466fdfa4886032c964dd75d9a74fe6ca45fb7c8b,73735bd85b204169
train_1544.jpg,1d362cc83fae8a4a8e28b7967a8a529fd0557b2e11a03fc784fca5ad3bccd2db,0d0d0d0c2c609898
train_1545.jpg,91f97a231f84726a739470bf8515b6e270fae1bacf94775c575dd2bc07d75af9,6e6e799f3e115979
train_1546.jpg,c9edc9ccb4cc6e8cabe440901c58902463cbaa4a0dd8ddea8a7896557f218356,b278692d0d192765
train_1547.jpg,f50c787406a002be823134c677a475b044eda052525109f8b0c68948ff3aa188,5f3e6cdd9523dad5
train_1548.jpg,25338fc37c96dd875efd17c4e414ee81ea073e2c327096e4b6167d667ece5b66,1b1b5ba263633373
train_1549.jpg,d1d2d5118cb776613b5d5961113a29d4de982a81b2ba5a00c37652e91d4552b3,b29397931b637378
train_155.jpg,740799756aa473b137ffe0f520efb2571d5b49d6123da77434894483d393bd98,81998991d3d94f03
train_1550.jpg,b15784cc2f1760b0f0ebf4c87cdf7f4640f7116b0d85b713e1a3d35d35ea3f20,cc28281a3c1eed2d
train_1551.jpg,17e65e431ee2c1f3e87762d8dde3f7ee05e012f2d878060206d3ba0555052038,36331b1b1b9b163e
train_1552.jpg,c025ff1bc217af290e5a8a07f114407fa9987e17a623d827fd72f6ca530e860f,f6f6e8703727f1b3
train_1553.jpg,e3b323a541c76c24b6019e7a1ea2a4ca149fa7d1670fa90cb4d5a754604943df,431f3e83be703232
train_1554.jpg,d78707caac0945df31617cb7f088ce78fd3114f3acb5ed69ef7e8774226ceb56,4e0b2321705b7370
train_1555.jpg,db157009f48bb061d7b56e52b4cc531cfce125971be7dd3714e9ce2ad0b1fd07,8c88e0e06064680d
train_1556.jpg,6aeb8fe231a51c0b52c9c631cabdfb723c99e2d4650ae1c6c64897ef5ba3d8ee,8b43733333130707
train_1557.jpg,1b07cbdc2d45a510effb6d7a63ca29fad275745c0bd49e0a269a25aa6293bc69,31011651d12a3291
train_1558.jpg,5fae9cffca1a92cd50bd60dfc2b86470c283b229ffdbe1e850770627d91f4cf8,78382909596bcbca
train_1559.jpg,3d6c8c369a72bec754110d7adba0064d5a698a3d8e4183da6bafd2b0035176b2,c3070589a7079fbd
train_156.jpg,be84e2e0f518551b5813770a07c2f1fc70a05f376119b178dd9ddf8702b0784e,e3c3c34363616143
train_1560.jpg,186c27ca80ddf032176da0604760f6341f3aa6db73fec311b4097536a8cd66ff,7626361e1cbcbde8
train_1561.jpg,fd5d4dd0ec6b9b196a30da8ef8753b859e075175dab2281f61f1a52f3d798613,060f070b2b1a1c04
train_1562.jpg,455d3974e51a37d81e94254788202aee6f88e37553c80170f3e6be276746b014,461eba3a78037d33
train_1563.jpg,ac2afc808e062266c23146fe72f96a4ea341f336a1ac79b4b4fe7fdf81648c9d,4f8b9b2f2703ce8e
train_1564.jpg,77e2830a17f41d19f7fb9b69bbb748ff336df38a246c68aa5c266c928d672b49,082d27080d0f0d2d
train_1565.jpg,7cc1d934798ef6772810808676c7d88d78111ab2af27cd90c0e02509fd94b71e,ff87c5c5c5c7d2d2
train_1566.jpg,f2b4a1c3aae5298bb3dd808823713cfe8b4bb2ab183967a1a070e3b338344dc1,373f2f2719316d2d
train_1567.jpg,0fd16fb15b7b1d0bdf96d96be34f7b30650ddcbcd8100b58aebf40e5f7a98748,032733232f4f0333
train_1568.jpg,45b86407f70e2a84e269905cb652b2649d34859dc9c2ce8255323e51eec640a4,270c0c0c0c94d20f
train_1569.jpg,dd6bd9e5eae636f57942788761be0602ca6d83d645efb9ac477448f592e84b77,ece0f0f0ecebc8f6
train_157.jpg,cf09569342928a47c96d706881092a88dc2e11ef286c88778c9384f338403558,e3c3c34363616143
train_1570.jpg,c6634ac67b2ef5e74683d67a2c554148e1323c5e2f2002abf17bfaf15506d7e6,8c8c1e9cd8f85859
train_1571.jpg,6467d66623255231b72de552edeb74759641c4ce2fc6d76e231a44b4abbc31f2,a4a0a1b9e9e51964
train_1572.jpg,d2e507897a471867fa885ec70ca17cce47f4b0564c187ef018a59d106d231b03,331b4be263633373
train_1573.jpg,cb95ddbf374c9270e2d9e0198cc99452fea59193e88937c4b3dfcefbf4e6d624,44246444848694c9
train_1574.jpg,89d27e2dffdea722c505e86af3f2823243cb048fcb43d7f276ef9ef7f11310ab,970dcdc9efc6a3ed
train_1575.jpg,07ac3ec85211f5a3dee1b12c426309b5378d99c56bd7818c1976f671b3dc0588,88c0e06160e80d1d
train_1576.jpg,16459954a7eedb349cc940c81b08fbc80df5d6c31f7b3d13d45b4f3a9ba699a7,4dcdd9dbeb7bdbfb
train_1577.jpg,59923fb183b51d01ba247113c08a48f08474901b542f26a031d5f75cbca9d218,1b6b5b1b6d471b19
train_1578.jpg,580d0c1a340d554e5e7a53099739474d2851b9174c933ad3574c11cdc8a725c2,c8b0b4accd8cac4c
train_1579.jpg,b0cb70d848f92643dddf426b5202e847c159cc4eb820ec137bf1717a7b7c6f87,0c1c1c1c1b1b1a06
train_158.jpg,848d1f3f2230843721696d69e52c47b09b0480198fdc6b5624fc1a38a85ce8f5,24220e1252697833
train_1580.jpg,b7f5b63c4fa4f359298e263d9ce9dd924c55f5bd2aef2ca8cd2843cb5d845a81,8beb78181807e370
train_1581.jpg,8d927a82536fab741d65d878916cea0975fca96e72cc1e0ace0c8ca0369986cf,f9e9e9ecccc9e86c
train_1582.jpg,65d98bf4f0ab54c0d8b8eb3cc725f8df3fb15149dbb987942d2bed56a0f344ae,6d232b1b1b3b2b23
train_1583.jpg,491d3db4fbc662d65096e9e4b0b7d368ed64237b7de8ef84c27b9ca9318b55e8,4e4f4f6fdfffdbf9
train_1584.jpg,a0a248197a67e6b4fe13e96c9dddf88d40610fdaa5365c9e5e87ac41bf4b183d,0c1c1c1c1b1b1a06
train_1585.jpg,69c4bf173d59aded4909f316efd85506eff26e4313b2e5239e74f0cd0dbc963e,3333331317070f17
train_1586.jpg,9b63b8cd388313dc520b99b6dc3867dd26cc62ae62fe145a980c8cefdf087e9e,0b1b5b6b6b636d4d
train_1587.jpg,864195e47f557168605fffec87fcfa0f540d6af969f6f8f2a5f1efa266f62bc0,10048b68786e8f2d
train_1588.jpg,6316e9277b9d0d26af155289d730d058df7111b37202250a70ccddcea6a856c7,1e174747172f0f0f
train_1589.jpg,068b9d6329b9a313f2d242eb920eed011ba6773ad77b9e9493a670fc1a0ee553,71f3e3e1e36669eb
train_159.jpg,7610e3193b0b83cd3000af3df52eab4abd1100ad5ce8ae15aa6805a1d7e3fd70,074d4d696b6d852d
train_1590.jpg,382d848f4a983995c069963f1291b0635b272af980e10d242139fe9d41d3373b,0f0f0f0f0f0f0d5b
train_1591.jpg,2efab89e3b0fecb359c840a23ffe8e5e8efdb7484c9a8dae016b8f4b460d3bcf,262595c8512b0a0c
train_1592.jpg,cdc25dc80be876d8000d6e2e1ea0776bcc09d977112fe751cd1dd7676e35f861,06060f9911119190
train_1593.jpg,84a51a24155b044d87fdaa04e268965e3ce80564bd183d6def0e011067c3f51f,2c2502082f2d0d2d
train_1594.jpg,47a8dc0b4034d4f76bd66605e1d9f5a3ed61a3b544bf383713dba3800deb1d84,97b6860f372d8f9f
train_1595.jpg,4a6953718ec079c83bddc6a4fb9acbea7c8e693f21f6fadebf08e5de362cd85a,040701080b8b695c
train_1596.jpg,c6f15a796b1f869f19fb96ee865a2d13b36838b7e1937b91aef40474bc08d65b,16266d2da7a6a696
train_1597.jpg,489831640872a9806e7e32545271f0d29917fc7ff9c01f6b802aaee1a7a8d90c,6e74736766512692
train_1598.jpg,59981fb633cd6dea685217a6aa4dbb0db4e15136c44a02b782b29b57017698cb,a4b0a0b9a1f13965
train_1599.jpg,d975610dd4f28db86c56f4623191d8b8ce9563dfabae2457bd815302505c9c7a,9511cdc591dbda57
train_16.jpg,0f063bb8efe1769a00e5f22cc1ac3187d3b631891362763aa7ceb21453a08ffc,4e4f4f6ffffedbf9
train_160.jpg,9a4eea836bc3ce524d5b3cea66cc96c19f8b3a9feac8aafdc3f3cbd68d8cef2c,6e4ec6c6cc1dadad
train_1600.jpg,fbc5798d0860d2b78494b6b1e7cf735c836f0fbfb7ea64d223ee930dad457058,5a461515656d3547
train_1601.jpg,1c61437eda4099b09289509fa5341e07af137e673cc9f6fb60f0e1cc6d3dd4f5,1e36b59b9b39b7b7
train_1602.jpg,fec88125263361e0751d745a91ed7ffa1722a62d040dbffb48b5c130f87ddc05,3533333632333335
train_1603.jpg,b45adf17110c37ae268107a7b6de67b88912946502122e764abb110ee36fa0c0,e27616578c0f5512
train_1604.jpg,0434dc255961cbac1071a158e37eab4cb4fde9321aac4cc9ae8bc5e6e9dd70f5,4c4c4b7271612d07
train_1605.jpg,55286d72c3b99cf724d3ec16f07f357ecb2085c292e862fa231b3f988b7e3468,01b03133b3d33773
train_1606.jpg,0f52584263772e59b0c310a38c2990b638960c6ee5536cd3c14a4fd95c18f8e5,c7c363e367c74766
train_1607.jpg,14133f4d51b82c76fd512fe2a210ff3d62c0ce48fbe5e39b9e601dc65e3d5a9a,c3e3e07870b0bd5b
train_1608.jpg,0ad804573b12d3ae85e38e7e64ad7558cbed686df66ac424ebe5079214ef5881,f3d3da9999d0e4b8
train_1609.jpg,8f2eb380c45ab3a07e470ebce858f33c9758e5cee42cfe22e9346b6560590ba0,0c1c1c1c1b1b1a06
train_161.jpg,e73b27b617accd555f262e069f6c5694cf9c9f719f2a0ff621cbd3bad7fce6be,6fcb8b8f27034bce
train_1610.jpg,1086d4ee0e9c3b3c6259725b67f6cd44057a29087637e2d1d299f07afc7fabf0,17cfc9c9cbc4a4ff
train_1611.jpg,1ccd34588208ad7f236b40a1d70128538b5e06e0576dc41299eba7b20e6376a3,0f0f8f8f8f8f0f8f
train_1612.jpg,30d766f296b4b0bd1e0001193d150b6b5bacdf29f84169d66487d81a5767be36,07cacac9da955c57
train_1613.jpg,09703a7a1f4dfee370aea5956baa79cc4758e147c1005d2a1cab0283684ab16d,9989491d254d4854
train_1614.jpg,c7d539b701b96eddc0d568fe4b01a6c1391c0f333fa942c4f9745ec8864d18a8,7b6f6fefd96d67f5
train_1615.jpg,a0d314d983d490d8bfd69bfb408d97c083967afd5f46ee816eb71b4829debc2d,303a19989bbf7393
train_1616.jpg,c1acf085196f7fc4550fb4a3a369bb61194e6df6366fc05e23c1e0d2e4c577dd,e7a5b35858181c1d
train_1617.jpg,f74fb7e207cce7cdbd28a9203d5f39f2ce957fb2c0bb8315f68559199934442c,1e174747172f0f0f
train_1618.jpg,8d34193aaa45f717230e9fcf6b8e6e0879847af338ffe303ee5f2a5ff046d667,436fcf2b6fc61e26
train_1619.jpg,7aefe7f1d2f55b41096871f093fdb6688617296b81a64e694b54068ce575f6f3,6cedc6ec0c89e9c8
train_162.jpg,0691c9ffaec2324f7a237c779c3f868dca86b6aeacdedf5351721b819f6ef180,b4b494cc9490c4e4
train_1620.jpg,6a2e82f089a552df5cf261a04064c7ff0d5082de072c06a190eaf165abe3269a,13c9818d0c4e468c
train_1621.jpg,23ed4936997e91fb467f9bde86eeaa104786ce9509fa85fcdbb050a76ea86891,bfa8aaa9b994868f
train_1622.jpg,ddfda167b8be96ce177b755587e791c4ca31ad3382c9b8914466aa1b0f540041,7f7f3fcf0f2f5042
train_1623.jpg,ffb9ce3d3ea6e3c495bac48ccb3ed0cc8075390f7fd756fd13234a8075b0f829,071113312911121b
train_1624.jpg,0d78574e26df3f3a1731511ef8221befcd9b0fa21ed893aa3833ef04c15dcb81,a4a0a1b9e9d13165
train_1625.jpg,39f0379209a3cf32e19cc41c64c15f124b05f3998ca96f05d6ca724f99430778,4f4f4f4b191d392d
train_1626.jpg,dc091743c4dbd2135c26f4e7e2b440c4acc4c1a9285b5b7d1939201091397a70,7626363239b9b5c8
train_1627.jpg,773c94f7a4fcd652718a31bbbb79e72ca4ee9f4bfcb2562a25a8454bf319b4fa,c190252dcccc8949
train_1628.jpg,88414c8865bd4eea429aecfeda9086bd251f3509715f5b2086e42b1754eded41,9d8d2f2f2723988f
train_1629.jpg,6a534c000eb72e053fbb555838d88819d91e10478f0f351d6c6ef54bd7ad716c,c3070589a7079fbd
train_163.jpg,53996134291a5e8a998e16f019d6a871b0d87aa614ade77468d6c8b511a9114b,070717979b8b8f86
train_1630.jpg,0e6dc2964f1b0df13359b84b40cffb3f47f843e89e42f7dedea3e9ceb453373d,65372e8d262b2975
train_1631.jpg,41d332564cb1297b5854503bd2faaabea2b94926fc4eee62b056a5f2e126d4c0,39fd2e26363370f3
train_1632.jpg,2f03271f385df7079daaf7a59400ead28b7ae2f93901d349f950ded1676c1f47,6cde0b0b0b0b0ea7
train_1633.jpg,fbb5926515072894c902f71861834b0bb6e4c3b5ba54ef9ed472b9ab25ff4bef,49292bcc8e336969
train_1634.jpg,e8e12eaeb0f9d62fd0f2124c75cb79357f49a000ea5e2a3a153b0583ab467ce6,66360e1e6723191b
train_1635.jpg,35aee3dee791538203c5a38d8aa1c65ab90daf25ec09d5b33e2821622ae06554,339bcce5d3d92925
train_1636.jpg,0e59da75d107b9c35b3ad070346652d192165d9ad9caab86718da43940968f97,7471998931a51d6d
train_1637.jpg,54a0ad439c4ff96b9d727533156d58240418084da1b9eef18566d0dd5e996acb,b29b97933b237344
train_1638.jpg,a578946c6a657421307d692d498170cd368b4d52389e2eaa2a6e62d44d6af452,87071f0703832321
train_1639.jpg,876717725d825c5b23c3db5ef8f80d0774ce2f1657d2cb7a05ef4b79c47e443f,3531333232333337
train_164.jpg,a1dd27052c25904c6c20609e986b79a93a877b85d21921f0d35cdd44dceb8d6b,0e4c4c4c78781828
train_1640.jpg,c1e67898b910f2b473d66c750822b823cb64d4647eb8b6ca76ad39e9c4d4dd54,b29b97931b2b3336
train_1641.jpg,74c13b331bc4a75b36b4c9d179e9b1105a719c0dfd926a779a95717c512d82a8,8981c3c6cbcbca8f
train_1642.jpg,48a829387e5c94483649fea1e6be47a6c6b865f7e53454fcadfed8dc88dab0a6,8307664dd1b7fefe
train_1643.jpg,3f140b5f991804b37de41cd66c63aaae52b93abd7fce74e5ae25094f5e05fb40,35e576725a3370f3
train_1644.jpg,aaf16fe873548dd2932ae448d5430aad71f6c897ad0baa080391b65ecbef03cf,0430323090c3e2b2
train_1645.jpg,e0aae66860b59bf29377d511ea094ad31c89bb5e4e829457feb1b2a25940a920,b6b499c9f3b33138
train_1646.jpg,2d6df3228f7f1efbbc995e33c4f3b74ff79ea3dea796c5fbb792697682e2dac5,6c7ede0e2f673797
train_1647.jpg,f09fffe83cc986cb7e7fd13dd390eda194e13e0fa4ed2123770fa45cc3698f46,6f4f49494d4d0c52
train_1648.jpg,9d8f83e56eb83c2fe6036f32676bca05b164c66201bfe0cc467f3f688ef6e648,8707070783832321
train_1649.jpg,f615fc1b85967dbdecdb0d589f186a523f954ea112e6c928be967717b2a7c254,4727c3e7dbd527b4
train_165.jpg,eaa6ca6c077cc31690ee25f294aa8b5ed7cd69e4ba491b333ef8ace1ae54b72a,819ad9c9c9c9c7c3
train_1650.jpg,e52593e8436b654109449d736dd78ba74502a3d2d6741fc8401f96219541b54b,6e6ec8edebcfcecc
train_1651.jpg,886580d85956c0594a97c9849e7e969f86d87c7a4558e22a5e1b80841c19a065,17cfcdc9cbc6afff
train_1652.jpg,1361dd0ad48d6edf7ecf2c29da36ca8040a724150429a3c8e42aae4b11db74a2,95b68e0f372f8f9f
train_1653.jpg,9d98f6c781ed146ae871d7a8e29ef21e451b33d261ab756550faa4a97f02c9e7,0c1c1c1c1b1b1a06
train_1654.jpg,1cf707288f63a772a0420dae104197060f26d4cb8f73c0c172f7b4483483bb4c,88b8d816c7d393b3
train_1655.jpg,07439f729952231ed181b7f1745035789effa9a4b5790dc0b9da9c99b1ca61ab,e34b9f9a1b1b4445
train_1656.jpg,7991748975364a36dbf76d5b1c9f905ded69f6257f0fe171f615588e81ee5c9b,f3629a998b07e3b1
train_1657.jpg,8b7fa2afb6b54622bc431899d2f1658cf14b7294801dd804f466123e5be869d3,8f86c7c7cf8f8fcf
train_1658.jpg,14bff60c4fcc1926f45734ed859a1b5eb0bd3330716a45719432bf399a78b6e5,b6b62e262bca8b30
train_1659.jpg,700d85da51f3641596618aa69aaf1194652ffdbda5b0248f36f3d510bc318e16,0109034f4fcec513
train_166.jpg,0a391850cd5621e1bf77420e3168aa3215e34725fb5e3596ead48aa51c1fd0e1,1321616cccc48584
train_1660.jpg,def8739cfff76f07816f2fd2f241c214abf82103d3a1f5b22c1f90fe279c44af,ec454837e0b0d8ec
train_1661.jpg,288ad80ac88cb9dedf0c07cd825bb1619d49d4c64b549f005920305f58b5cb2d,210a10816b215573
train_1662.jpg,d8842828cf16d695de47a31a34fae5419403a4ed604dea7c693ee53743e582eb,c3c3436343516362
train_1663.jpg,4662f0a0af7e0fec82f7325d6fc12ea5f77488dc672a3f0c5f17cf97de9e3554,0f0307070f0f0d1b
train_1664.jpg,1f097f99514bc0db8227e54ebabab9623e2422d344ff89d399ad25154612f9b4,a4a0a0b9a1e13964
train_1665.jpg,362b372d3672f9e977bfb83f3ad5d94de07fe42da37e4d313e952cc180e87383,d5d696969a988c84
train_1666.jpg,03c966dcf5037b09fd56710ac464f8b08f8b4faf6d3f1a4b1a87a82c4b930b16,f333181707671356
train_1667.jpg,5195dd2108e0e068490fe8246ef2d3cbc4e9978c4c75657d33830c723bf8132d,bbba29998831fc6e
train_1668.jpg,0b323cb0d0d878d684f63410c17956b2ad2a53d112bf0b3b084a2267501ac68a,0311598cc1c68d12
train_1669.jpg,015e3e101306a1fe37564a112fbe31524d5aee77bebba7d2417ae33602f6b0c9,0c1e1b1b1a3a6b62
train_167.jpg,86e775b239cf0ba81f2d3205cd2dd34e4aa929812b49c77bf9197c100282d15a,346868ebe4e22f4d
train_1670.jpg,b2f2c8569dc1435ed94b28c56d75c0e7863157970f40f790e552d1a3ba051825,bfa8aaa9b994868f
train_1671.jpg,b1e73eb4e827af1678dd889c766b226083c941376fab5f85e6b84e43e1ddc68c,3533373233333335
train_1672.jpg,ee896e03fc64a92f5c9ed97a76bfc47c6de84df06a157a8dd3cf93ca46a8fcb2,a5248c8db56d6d37
train_1673.jpg,8ce2a79176c4b3cc15e1561f8e154ec3362c5e8d8d89421bbb5343ed2601e4c4,a4a0a1b9e9e53965
train_1674.jpg,9a2c44e3a002655c3b781d3eda79cb9ca6c0de754279c2000d9ee60d3b255543,37f767c7939b89c5
train_1675.jpg,796904b5abae1751291474be636f231fc36ca3be247d9d18cd4d79d5b1547268,26672f8b4b5a63f3
train_1676.jpg,c8a9c71e4d15bcec9cd60ccb20c30f8b64309cf3f8d1c950207cff568591c39f,87070f0703832321
train_1677.jpg,d09a7bc774e22f56f56f574ab9de37ff7a99b5d7fef205e28ca337f0dde968d2,5ece4c4c50cacae2
train_1678.jpg,b0a269d9c2358ad60b3b145d4e8f38609b1f46611a9140e11d04ddac9bde6a61,1e0e2c341606e8f0
train_1679.jpg,4f669ad9977bcb92ac059ada63f5a497197704355ee9b281191c106cae640e16,6ac2823232322624
train_168.jpg,309757d936cd7204bd3e3c3c066bedf558f0e80b9932b06a2e8986f6e8064324,ec444833e0b0d0cc
train_1680.jpg,657561d6ab412bb8934c09ad0492c4a65d4ef7c1188bce3f9bea93f08e417587,cccf0b1a0b91adcf
train_1681.jpg,000d50a50949e56c95081b95503e270dec3d4494c0668d7bd691da50605f252c,6464477071612d87
train_1682.jpg,1e3a637628fb12ee3478b8f0f34dc977e2e6cc3c747d180e9ad52abebe8c1f25,bcbc39391c586860
train_1683.jpg,ac0c3ff90e4a973252fac8b6fef44bd512f9774f83c3ccc31bfd3ad4bca47e95,0f0f8d8f8f8f0f8f
train_1684.jpg,6e2c176e6da4c873dd51c5c0b729842028dff0d255e127538ac8475845b7fba0,16666da787a6869a
train_1685.jpg,97d156722b14dd8616ea0152eeeb19345bcb4f10871b62972a3faa44f2db5cc0,07cfcdc9cbc6afff
train_1686.jpg,0d3f01ac292bc0d735e392105a631b8097d53e8997cfedc21558309bb8cbed56,68584d4d0f0e0fa6
train_1687.jpg,14a0a87486e73a6988affdf6436b2366c5aec6c777d8aa5b738ca0809275b278,7ece4c4c50cacae2
train_1688.jpg,e2029e948bb143ef7c960e4b1be69101f95519d7df56678ffd1ff1de45cbbb30,01000106c616136a
train_1689.jpg,be5e30abb94b2b1c2ded5f6fc15b6951ec95a09733a36d401e8af039614ff3a8,4b0b6a403e3a0b1f
train_169.jpg,ff1139d46a772c9002fbe81b2c4aedfa9c8d8f5ba3d808a0063cfcca205208c8,1f1b1b13131f0f1f
train_1690.jpg,659123954d838635ce9b925f86156a46e56281de2d5ee3fa99a9564a6961c719,cf9f54969e31392f
train_1691.jpg,b63249b71dbcc735652f5aae941cded371ed05511596d6826ca8b950e4739e81,c30704c9a7079fbd
train_1692.jpg,50fd35b7ecee16dfc9de5d53b125d8c39b0d7e1af66ca3d9adcf2ae02d8de375,1232321939319122
train_1693.jpg,9bfe326b04db0e2dfaeb2d5ebc32cdc4ed46e0a5fa7988fdaa5b6a6b452a1976,6f4b49494d4d0c52
train_1694.jpg,de35b62c0c470f44647eccdd017ae177f78e07c7aa3820d308e9d93d3674f480,e54323362032319e
train_1695.jpg,98cb835e57af3948c56866c5a047dac00c7c90af0878a0041145abb256fe2ebc,070f270319928e86
train_1696.jpg,77f6563bf7aa28a59c039f7daa55a24e9baf95b64d838825087c1acb8fa5e129,1e969d1c0c0c0d0d
train_1697.jpg,0b7f2babb7b045e046c5306939f98aaca3aa999c848c18dea139e923761d0471,07c73434711183c7
train_1698.jpg,9751ff6d4c1dd898eb5b84d51ebd25806cba81eb1dd8dde3720ab88a55b6da8e,61656d4d2dcdce8e
train_1699.jpg,c895ea3c4e13ad704676dea7ee3d22a08ced746062e6e79a01ff07b7a922ac91,0327a29296b68e84
train_17.jpg,21d714d54a1bd33438260459a099bd9434fb90c64be5a0bc009ea332a065415e,efcbcc9cc3677317
train_170.jpg,804aaeef4dc7eae768297f41b02baec1347cd01880815db20ae9d71c61f42be2,dbca9a9bcb677316
train_1700.jpg,f21c06bbeb3f82046b41d3ce9c66f840fe5a42db4efc1e771f034651a771e1aa,51f3f3f1f17259eb
train_1701.jpg,01bac50178f9989e75de5a207e7a3cb8913a320fe24b1229be13a85df0856673,223595c8532b0e0c
train_1702.jpg,7b4d9a0c0cd82374657ea992ab97e20b2fed527c367b624ec45905e18a006315,4e4f4f6fffffdbf8
train_1703.jpg,4d9f14cd880503c80de274311e2f65b84a1868ed1a4caab553df608f1184c964,0dac0838bdb4a4c4
train_1704.jpg,359cddfccc6da4c22090348398b592a0fa825117e990c70585fddc2cfb0ba80c,dffffffffffffffc
train_1705.jpg,ae49acf1f0813e8a9adabc3dcb799ea0c2404a1f1f96c875ef88bd40b1878d11,4343436343516363
train_1706.jpg,d649e7cb555f9ab3186643ec8143bdc443f4d139b99921a7c7dc77f769cfef14,60a0705949091901
train_1707.jpg,35aa2a8db2625b747ecf25a8663f02be18f9262ed61caa08cdb942a7defb031b,a4b0a1b9a9e93165
train_1708.jpg,7edc1e14c5e9483d4bd56c5a3e9d0403e6c39fdbe662b01159b61e08956be363,70333b989f2f7313
train_1709.jpg,372cc321906b79f427bae13ea0e4b752f5129ea5565e1729d0ff82a921607e7d,9636366e152b2516
train_171.jpg,731b57dde174ddc86a5b0a1d4a51c3ae6aef1fd6602539bfc7ccbbe479f3d78a,9b4323858d1206e4
train_1710.jpg,fc08395e81598247db186d98b9b6708e8bd1da0eff9e9ce7e946ca0103e1d079,b2332f4b4bcf67b3
train_1711.jpg,9ac05eb43c5ab63c79e63c56d362d08d3e5aa4202adaae42c506e1e04dccb81a,49f11111b1ad9d45
train_1712.jpg,367ac7e36db30acf496230f27194b6ec8c82e3f8d06f2ad10fbe44530b09cf1a,bfa8aaa9b994868f
train_1713.jpg,b22474177f6d6f93782bee00102d1913bc9b798dfd52a06381dca5a6949674f3,e2e4e4ecccecf0fd
train_1714.jpg,01a04b996c5d99638fe2938074edef090c7cab7ed92f5cf0fca359ceb422b75c,634a98090b49c2c9
train_1715.jpg,7598cf0e72d9ae2301c5dafbbcd455f8a44f4fd2dc365c7c177fe1f927a22b06,1fb5b43c3a327b5a
train_1716.jpg,00ebfbe82b4b471ebf54f9459071a2ea1e881f49a54c8a809c9f13ff6161ce2f,2c8d85aeb9f1b5a4
train_1717.jpg,668a5a055f85364caf9f1f3ff35af839a62b57fd03990324f2c0e7ebcf33a13a,a2b627375b333b3b
train_1718.jpg,f623a491ad1de31f559830249a9bd800d050274726578862c4f7a702f177c2be,7ece4c4c50cacae2
train_1719.jpg,f755f80d063f86d2161c640d546b6caaa7a3d1c6393c851feb32edd128d1c849,000008642421d02c
train_172.jpg,cc30f138fc5c37ef05b825f3c829683d530fec9352e01d4b2df65065abadb8ec,4e4f4f4fffbfdbf8
train_1720.jpg,bf2d2b2859cb6348fc86767e4634c83692d752f99b302f22f397a0f0114b1034,032b4b4f4fcfc513
train_1721.jpg,c1a9f4f16853ff24aa4330be226369089dc1ea562a90396cebc0a52174ff1559,fe94ccccd0d0b092
train_1722.jpg,9fd1062653b1a956e59f9026e2e4cf87ca2898d85040468bf7f99bafbb5b00d1,17cfcbcbcbceaeef
train_1723.jpg,b5b79ddc25acc530dd15ad60b3a213c6dd003621c717fa49116eb0434214863e,c8ccce46432792b2
train_1724.jpg,68e6d8784d891921de5c6e6a79fc87152cdc0acb7a513ae364de80cf56be5ca3,163f2c0e4e7c9c9c
train_1725.jpg,40092fabd54ec673ffde20e0d886b86b83b844c60dea4df4bc913c48bf060f69,819bd9c9c9c9c7c3
train_1726.jpg,f78c1237b4c9c70bc587564aafc6ae819187253ac8768c698b1c91e8e243b58d,5999998db59df9a2
train_1727.jpg,ea7f3bfbef0d66fba7c154bb130c7ebf18bab670c0e2aaabd9af9841cbc0d4e3,0d4d6d2939191dd5
train_1728.jpg,ef1d9ae70373cf4810d9fbcb5d79aecf0d788bbde0138659d967b9f4cacbedb6,2c687c6f6347346d
train_1729.jpg,8895552679c4100bd1ace11ec6c1ba549e809bb9142d307acfe1a368ee2eb347,accd8c013732b3b3
train_173.jpg,d6e7eff86805d9386a4a94abbfc215596b63b6041ef96e193f94d50db5a54925,0707171f8b8b8f8e
train_1730.jpg,65c0f55cafca2e74d9a85165cb08b38d5712db58bc510fece46470da1577faf1,8b0d4c0c3832b018
train_1731.jpg,0446bbaaa63e09505cd89c1feee04507f01be4e799711595801c52b8b94e8642,c60c3c0cc4c6e048
train_1732.jpg,9376b0a758a94eedd23a7aec563e2e48542a92fc33057f3b19f77da3e178eb5d,060f070b2b1a1c04
train_1733.jpg,6c4823c63144bc008126d34fb8735708fdf0244ecf5354057047f4ea6b88d925,7735252d2525292d
train_1734.jpg,727df17870a4a390947ea9827e85b431d0deae2209c8c4877772459058d3fdbf,070913132119114b
train_1735.jpg,7a61b9d383193a69664644711180b58e73e07630fa203bc67c6ead1fc46040ad,99999911f1313997
train_1736.jpg,c91c3af63b1360f7eac10ad815780a8c26f3a406b945b0b3a9c31364533dfe1f,0c1c1c1c1b1b1a06
train_1737.jpg,e25ba9d248e73d0ae18a82351bbd3c2b5fb8aad307a8e5cc220b9a823bc06c33,8381ceaaa46ccf0d
train_1738.jpg,30cfb66bf0de3a606c401a266ce6348cd281d23c92c819df87ff849954bb8554,97938383a79747db
train_1739.jpg,4df98a4cf8eafff32731908e0b586899df977b511e957451371a2eae8cfe9b49,4d0f8c17564b0b03
train_174.jpg,8d3c800e5697d1b622406ad3a6534a393d52f944ddd20f03bbfb29994cb41698,7f6d6d4d4b6ab696
train_1740.jpg,20aefe3a7a6f3d1f7757184cc08c7531726b5b3cd13adc7f7d6e41ce5eb9cb1c,4d6d2d2371541b27
train_1741.jpg,20caa61a3d9c596dfa9e0f47d0ff01f199edddf1500f3dfdf9f947b43d2ab7e3,5cac0b25673697ce
train_1742.jpg,a7e67224c685ae332eb2cc06340edd0f8e150bad53b305c609db46ed1ef30db5,6c696d6963ea9a9a
train_1743.jpg,6b4c7ca0ce34a7186edecade79a2e9e5783a1ba8802cd34d01ff19aa7dbdd4b5,dcece4cb4f4c0e7e
train_1744.jpg,3b7cb5d2db04b0d34876ef21560d98f5e13216764f83603e138ceb19bbe04f94,f0b33234476f7397
train_1745.jpg,e16532b1278163ca05dbdd56847682a43212342f255a562ad6d25cb95f7cd693,1117169693131925
train_1746.jpg,b2b0fc8f2d1a102256e25cd7b8d7c051b83f79c9db819789b0c27dac9fefa6c4,260e47c8e98799d1
train_1747.jpg,2c115ff72dd1058b87e2a296306eafe779d55f582a5b52c7045819fcfa0cff73,333373e653533373
train_1748.jpg,64a4b68a8dd70739c015f6672dfdf3dc671b4ef8dc8636ab740235c862fb9639,33b2c2c288c0e685
train_1749.jpg,5bbe490f66549ba00951793de8c3b84e0d968a38f23f4fbbad97e6cf68f8eebe,9919491d454d4972
train_175.jpg,0a9cd5d6832515a719629e762aec67bae7f211ac413a9e855db00df88af65487,2e8f8dadb9f1b5a4
train_1750.jpg,98c85664804ce6fe250e409b3fb70c4107c517b7e39946a1603f8a7e7557b438,d4248d8d058bfaf1
train_1751.jpg,278d6ba65ce72ded73b3231c958eb8bd72da1e9b7654b230f0a4eed7eea6b67d,25e4658c2c6df0ac
train_1752.jpg,0df4d1e9e577abc69f20906e4976c31f0d19f0230fec176e8bb12e7207393a41,597bf3d1d17259fb
train_1753.jpg,5691c2abbb441dac5b34648c1017e10abd4c7693821e3e433896f541859bba22,0707070ddbdbfbfd
train_1754.jpg,d132b0485d0d9867cf5acaaee30c381c75790212c67995474c34d483981cd21d,79696c6c696c6c7c
train_1755.jpg,ea0b72e1c00f9f15b8a71ca51cf2f255ec23a2460cd0ba65418f74d34389b557,f4d1ef339b385276
train_1756.jpg,129ce49a607d85880b00fc183cc6037943907dd7ae609036cc8df8d84cd3a15e,4e6d4fefffffdff9
train_1757.jpg,60c98c61eb7715634b012f54ce9d7f0554cc2400972b7cde31cf187d6b3e61bb,79686c6c686c6c7c
train_1758.jpg,a347fce88c7e795de6f144560c2d1a539cb4a3d789f32017ac1f8478008c924f,000008642421c02c
train_1759.jpg,ef2043fe1277687c11ef9bd243107b927c7517e145fbb3c87f81d44f1b37effc,473524665b522307
train_176.jpg,6e61670c91b475619170500f2acc52dcb32f0f317550ca26dcb858f2164c9934,070717178b8f8f8e
train_1760.jpg,17e26540d7b43ce7eb19187f9f07fc77a9aa13756a9c9bda66403bb2e135e167,8707070703c32121
train_1761.jpg,a15e001e0ce97be8b36e635fc5e9db6aa2f8f8254acb17e35a1ff1f2e3c8766b,1f4b4d1fced87131
train_1762.jpg,ae40ccd6c03a2c3b83755153ef426496c1b369f3f0a4c7867336b0ce92845916,e653653475561d18
train_1763.jpg,034a3069cbeaff2c132e8f296fc5011d4d533c8ba374fe19a6b9aa34c18c311b,060413132b8d8f0d
train_1764.jpg,a836044a5e9b1ed922cd93e9dd7170c7953f6cbd8a922b3a8bf4ea32decf9109,2e2b1b1f1b3b3b3b
train_1765.jpg,53b0b2a661c7295f69bc3d25f5145b2d2c765245a054dc8be486156e52a822df,87070f0703832320
train_1766.jpg,2f47fc0f5381fee424c655cb05879df403c62211197cf3627ea8bc4889862a38,03134ccae8ce8f2d
train_1767.jpg,ee9599004bf635dfda74f69d93b8c537f059ad3819e4cefe5144e4f12861481e,0d4d6f2dad991dc5
train_1768.jpg,a77b8e68bd53b120a20f5590913a05b8409d25056426606f32e35ad7c2de1337,4e1e3c3434024459
train_1769.jpg,c44190209598253f82adeb27b08d6985d01412509c674d94a38939b5a735b663,0f0713978b8b8f8e
train_177.jpg,0db553c5d386f6277005b6911d12a5ef24e70828374738581a90c320102338f8,9b395d3c1e3f3d3d
train_1770.jpg,5eebe865e5ac2c832fcbdf282a97c9b2657005023a914d34eb0b2a3d84db0244,7f4d6d4d4beab696
train_1771.jpg,46c29a45e88729e5a21c6a074dae4eb5af000feb6ac65bccee6e1910f9c1d04a,7f7f3fcf0e2f5842
train_1772.jpg,5a421151c165135128badf22203cf42114768334d63d08ba1739b605465a3da6,1f4537ad9d5b9333
train_1773.jpg,a42c6dd13a4fda7462bbd68c41457095770120186c6a81a30d1a3c5fe3df576f,f0f8faf6e6ecf373
train_1774.jpg,f3dec127883318b5a9fde0322338ea5bdf7e16a7521af0cb695d5abbdc921a5e,03d9818d0d4e0789
train_1775.jpg,bf7670eecb8c72c1dd8d7bc4a681873c0e1cd1a249d7bba8638f3c4be20222d9,16266c6ca6a6a696
train_1776.jpg,44407f95815a9d5a7e2705435caa1b7261ebbd599b19b6d1c9892037149b021c,0915a7cb190b0734
train_1777.jpg,d30818cb1e9af31d98d59166cb77a1801cfa0ef82fdbf5a610186ebfeaf4639b,5935ad99d187dbf6
train_1778.jpg,4c574b2f68bc9bf712fc0c6752fc6b3bbfad2338cb9fbba1c3daa09ed87342ab,cf8e9f2f2313ce8f
train_1779.jpg,e8085149c53f9a88b083367bc91966a76ee5a6f40e40aacba62354cf4c412c71,dcececcb4f4c1e7e
train_178.jpg,3c99a0e69920d08b07c8a74a60cfcd6f4f2081a2a44758eadfcce5a0a34ef810,d4c47e5a5b73b3da
train_1780.jpg,f76206f70d26c3b08c9f26bf5da708125975603640767b3a579b94c0521cadaa,3f9c0c63945c9f9f
train_1781.jpg,c57ddb932ae57de7ab41b2b162200a1123747531ae69a73da9dc4a71892f6e3f,f3e367562bebc3f1
train_1782.jpg,6f7f4b3a7760f82925516bfa028ebc5af9bb2f678bc2fa056ddb8c9fdf4a6225,9236376707870927
train_1783.jpg,20b5888c4d64ddb805b0eef37ef4c031ce1819096ebd4b54cae103ba6b4640a2,5b3233194a654d09
train_1784.jpg,312f7b3110d7a49e973e84b6e645f502ef251daa5d5f59113705559ff143ff63,e56263b63432b05e
train_1785.jpg,f0da680b35c12e745db2cb81c98610f066dfe93fe736f5a229f049d852d4c51f,0ccc4c4c48781818
train_1786.jpg,cad96a2b3f0b1d890982c7c625e4092b53a74c7fd908abe2339dabc612e7e2b6,6ce4e70797febe3b
train_1787.jpg,a666d3fb7135f178984a468f084b2061af640494709062b9e0df9c42b52c6c51,262697313996b6b9
train_1788.jpg,79ce1ee49ef86cd17f978f610da2d410e252b3007f1ecdf684288679d894ad9b,a5248c0d356d6d27
train_1789.jpg,4e640fcafd46902cc6c851cd1bd568aedd4e6a6b8c074204748034df35e742d5,88e0e06164e80d1e
train_179.jpg,cd317d80094e51a449c55b2eb4173604181fb58071dfd30b857a0c92af0b89f1,7f6d6d4d4b6ab696
train_1790.jpg,7ef01c9f4f6444c0030200a86241d0ab150a45a20fef32de8c1bc1a2a31575fc,0b0e2e999c8c8da4
train_1791.jpg,88c1f7238b125a1c7311d01867e9c0eda64f3b624ab75bbef08824f947cf10be,88e0e0e064680d1f
train_1792.jpg,daa5514d6240bfdca103793d6d9c483709aba9ff658d94c68b08866695939ccc,c8e8e8ecbc2c2c6e
train_1793.jpg,ab87a9072e2513f56993f730cbc6cff513f2b54826cea505aeea2e10f3f37687,cefffffffffffffc
train_1794.jpg,55734794d47a69d7993202aaede95d4df9c918e7d58dcaf342d6f7d691283605,948ccccf48509381
train_1795.jpg,9efae1e11003c263a4681e7ed7066b395e9aa6234feb5566686f94df5862cfc0,cddd5d7a6e473a5a
train_1796.jpg,bb6a00a00cf17425ce4c79213ae92682e592a57cf77c2c5e667d694a7ca13b71,451153ee6f3b998d
train_1797.jpg,f79f23abc06218154ac723026598103e3038f0738fe98390cab00a4d5c510fb3,4b474793632d7d2d
train_1798.jpg,91656b1d1629cf13ab36a5a62774aad8d801277cad2309d1a9568a09ba04b7fe,6675b989b3b1d949
train_1799.jpg,2a6140ab25e5708f99e0967bf9ecd483f8eb2f28da5e7fed07af4539a07407eb,19d105486470b445
train_18.jpg,1ea01e2e9f39b7437e35dd9aa17adc39d8e6a4329346dab216def769773c2a51,ffffbfd97739b6e6
train_180.jpg,a6fe35b0577d8a40eab81be9728f0dac5a5bc002e071cfb0406229a9762a18e5,a78d9a99dc1e1c47
train_1800.jpg,a1d4be693ac146740e9714b7c2797683b10748635a80972c810f404666aa93dc,69e3f3ebe86a49eb
train_1801.jpg,daaa62c02ab2d99e2109cf37fdf406894dd12d5a2b00cd26cc72ae406ca6ce2a,cc2cc6e6ed8d0eee
train_1802.jpg,2e920c9ff31587a648db5129b19a64cc7f0e39c16ea7205b93cb41cb8dfa2f0d,f2338f2ebd91182c
train_1803.jpg,d72fe2d14b67594ed2d0a7349976b46b25e34b22fa914734bd526594d6b25c3d,170f2f07078f8f87
train_1804.jpg,004aa692c0fa73e914242d1e219e5b6269cb00f3cdbb0aefdbde2448b06dd474,0f0f170f0f140800
train_1805.jpg,228c7e7be5ecfe3e9fb391cd777d58eeed2bb0759626d6cbd8b314fb891b4095,efef0f8e0e0f0f0f
train_1806.jpg,c984295ca21f5941f6cc0012b7704f62ce5e3e3f86cab8ad4b4b50f7b32a8fbf,dffffffffffffffc
train_1807.jpg,9f892b3cb4bbd4e48a6bf808ae1d89bd171b6cab08e1e9209b4127b3a7b7835b,e0a60b0f0902221c
train_1808.jpg,2578f5500666d6b3f0d84452e6f9a624ef9e3094b2eb9952fe5ff4b6f54be4cc,6c5a4aefcdc54409
train_1809.jpg,754fdadff1ea0b09e94c75a439c03854961e9f9ce35f263c981e27d136b91136,91139292c3131835
train_181.jpg,566fdfd5ed215f5f18cc6ea684df89eda790f0ec72f5ee39c94cd76008a87dd6,818489c3c3d94f6b
train_1810.jpg,f80462770c544424c6578afa8b399a7ecd0487e6cacf7233fde771bf5551df5f,871f9e3a7c3d3dd3
train_1811.jpg,2fa369f7f324c426624e8eb7132c9cfc7ff8facb7078c59bf1c98f6e3d539819,00000106c696926c
train_1812.jpg,44742cf4952f8e0b6f0601a5970eb246d639c2add2e6b5bf59aac17bd5ce4461,8d181a96b4a72747
train_1813.jpg,618a3484ba25d5cf993987450cde335c66743331db700e67eef0e351b714f22e,492be69735e7c61e
train_1814.jpg,c48a4050388f2921459be7fdae20965ead99e10c2dcd058b8e99c48ecf1d4478,0f6d3836460e1e0e
train_1815.jpg,fd19b7769c73a0d048de84ce15ce55830f6d3e2cb2f0f23f729d4bc2d9481cfa,2b2bcd7535129399
train_1816.jpg,79f59b68ee63a5ff83ce624c355596d1d48174e9c08690706f6d96125737e8eb,a5248c8db36b4f1f
train_1817.jpg,60243ee7540fe73ab5c450fbabbd84ff649df72aec7cd0c83dff8f8ba9f16c4c,7fcd6d4d4aeab294
train_1818.jpg,e856dc0e1db12cb2af4f21aaed7f48b2e38538a7ca3977dd820891e59b50c7e8,451153ee6f3b998d
train_1819.jpg,31dff18e46bf2817fb19068fa1416e71736773cdc5ca072db9bac0ab17d0c1ae,9511cdc591dbda57
train_182.jpg,eacdb7d3c1bb5decca31e352342971723890cc4bc0c75948744d7c4be62210fe,0c1c1c1c1b1b1a06
train_1820.jpg,f015ca3364730fb42d7d2ed11d4a7e5be1a767d2686dfcbe7d66eee9a1ee7793,363636260e2e0e26
train_1821.jpg,85789a38f1d1a085125013675c318242a82269108ecd4f12c2bbceb62e46f509,9999989898b8a171
train_1822.jpg,485ddc5ae29eab3e5231d69f4deaec15a3d65f4b369694c6d4598b7f49893dd9,4e06c4d8cd9d9e9c
train_1823.jpg,efe70c404e29b40cb6372954db27999dace5a8ccf6025a1a9fc8027be1e2d344,a7b7bfcf1b5e131b
train_1824.jpg,e46a3ee13ee3d7d128edd3cb55bf6a169ec4a75201a2938a8e1226fb01059b84,08134b4f4fcfc513
train_1825.jpg,8bc8ac9c7d51e36ffff3e525427f07631f234a9f69039fbdd62a84c608314e56,464f4e4e0e070e16
train_1826.jpg,2b54128bdd8d32fa4e49458e6bb59898e909db2c182bd9ba51dc8447c7a46576,0004093937252b4c
train_1827.jpg,3723dc76f9b8b568f107b40f2bc526fc168a8f94a21635fa3dba479704a3e709,1919091d254d4834
train_1828.jpg,3e919c3117a8c4f2b816c4d2720facdb89a5df580698e1a1706449e9b36b857e,7ec6464c50dacae2
train_1829.jpg,8dda47618c0fdf2c70f637455945e1ea503130c56b7726c22edb6a9c343f5b25,7f252d2d252d292c
train_183.jpg,9f5450574de07d52157e34e2cc8d9c64a4695ded76244760d90ce38103bdcedf,a424b0999c661921
train_1830.jpg,f103ca4ea6a407a7eb746fc90ed15a49e705c38f4ee71649a44e7c46acb22aa8,8e8c9c8dedefacb2
train_1831.jpg,029081f6e652039acce82264cac1763f9ecb25ce3c23ea38adea92eee9a0ab8e,39717970e860e080
train_1832.jpg,1b17220e12616219ef4d6d778fd532439b8c2e9831fc2be3393aadc140ee961d,032733232f4f0333
train_1833.jpg,0dea820d5e59a13a34553e8bce7fb1f06b70ab822de86c3c083dca45671b5007,39393b39393b7cd8
train_1834.jpg,aa760efd87d2c552d0584f4f44154183c2fd2c8a542d58fe3b5c556300b94412,1f5fdf0f0d07890c
train_1835.jpg,ff8a828458846d6900ac6128ce94899491d5222fcea6a0404515638186ef4863,49694c4494909921
train_1836.jpg,a6ca617e3fbf46fb6d757fb065a71d29fade0ef58b37958c0f55c2aa20022c97,471eba3a78793d23
train_1837.jpg,e6992f7d152b8ec1e80d600df0e9107111c5104f073a05bd44036ea67dddb2e3,9dc68e4d078606c6
train_1838.jpg,4e32681a88f60a6083eab74df0cce13383a3b4639ce413327b922f976be18ddf,dcd8713333693709
train_1839.jpg,4dc3c83e5e72ed0e9f0efc290736278ee13da7723758ed231a2ba4b5ed5f4420,4c485c5c440f2dac
train_184.jpg,3add2443fcfb2dc7b3d331b48ee882ea6d1e01175cfa3c45bb17c8f34b0535cb,2226654d49886373
train_1840.jpg,c0fa2ca38b128216a1c7e6d1e861fc9f6cd76b4e06251df8ee93c154980d2abc,17cfedc9cbc6afef
train_1841.jpg,35d2ebf4868d773c77451abecde074e9e6637148b164576eefc18b2c56059aba,ccdcccccccd9bb33
train_1842.jpg,dda4efb452285671cd61c6053d01d53f6ebe3c1d092cd49ec7640ac6283a6368,16266d2e87a6869a
train_1843.jpg,6c8056c6d35a6434bb3fe58c712e804cdac83f003e9477c0fdbabe77f5171465,3733272632363335
train_1844.jpg,922fd2d5ca5b184c3cf7ad8ca267cc0c2d6d14cdead55c49a04d4468aeb69480,5f0d4f8d0d07898d
train_1845.jpg,90190ca450f5294491aef99184a44a5d49eb60b4abd982fb508aa965ad047bad,94939396d697b37b
train_1846.jpg,fa81421dcced363cb5dd60a1e76f87cc9ec0a7ace93d198095f2eec63dac05ca,6060602030303040
train_1847.jpg,f63b5d1d9c1b5eec1966b48178a090a80552aef3b6d0bce77bf3de2aad78a091,08190187999980a1
train_1848.jpg,da6d39871df3bb4fda7300d52433b2398593da53930cd4429f9fc23a4e6575e6,8707070743c32101
train_1849.jpg,ce1d3a179f6a0ff173c6bacfc4c1d20ae6c75caa17637e81cd1c09c4a4beaae8,3f3fff7e7272fac7
train_185.jpg,7026817b362e127739cae73d84157e569f41aea2a4eebf0ec9dac12ba5ba9804,4e4f4f6ffffedbf8
train_1850.jpg,ec5f06d7271d5c2c9924676d06ef3c4fd4cc1ee133cd63e1297445e613af011b,4e6f6fffdfffdbf9
train_1851.jpg,639fdd0025168d1ba6e254c2f1ac4c3d41fae4e704044d38b8025dde12e3ef16,333353371737173b
train_1852.jpg,c898be358239178c8466338bb408a77b48abdbd1931af4b7c11ceac3c1c9c8a9,c0f1c0c4c0c00242
train_1853.jpg,2af9892f381633a7afc6d207157e79dd30d4bd80ece947a4c0989fdf6a8ebfe6,1b1343e263633363
train_1854.jpg,7ea690ff4afd8e291a7811e376b05fbd97e447916fd8ed9bc01284e2537e3b72,03039b2b93d30a07
train_1855.jpg,fbd704a42a8e2727cb5e92617b71dc7e1ab44154ac1d5cd20298f1f117ad9552,494b6be3e7e5edcd
train_1856.jpg,e223913b17a71537aa78dcf974c386de94e16d8e96acd303283b631db7825679,e0c2861e3e3c2426
train_1857.jpg,e6a25ec2919859fb0bd7cb14ae7cf8fc977b7212553ff0c539f3615c8dcfe314,01000106c616926c
train_1858.jpg,56122a319b8414a0289445e856e036ce513f1029f22f02bc089bfbc8603c83aa,2232321d33319122
train_1859.jpg,b754a0f99a2c4dfaf1d97e7dd4919912d05c3ca18126f692ea0c0cb5c7209f09,9ddcdcdc98872537
train_186.jpg,5ab40f5086545f5ff51ed6ec6d2d01adbe9600f953fdea0c54672a00fd47495f,87071f0703832320
train_1860.jpg,64efafffbd6a8b4fa22dc008af1bb464a98d3ca632dc6ebc3e709f36fe440581,79bd26247233f0f3
train_1861.jpg,ed714c79ad6c20a5e9f0468b42592a6df073c2879c35237228d02afb0ef1d1cb,a7a753eddaad2f69
train_1862.jpg,4d14d1e566ff8dbf5187e5b53a6f7745f1cadd342c02efa984507b4152a3fb23,7f7d4d4d4b6ab696
train_1863.jpg,1d99c9e8756c390f23b665cad73e66bf66990ce938b3a9363d0feda4761f689d,060f070b2b1a1c04
train_1864.jpg,83dcab50ad22a70648d456a3a9046b0eadf3a61fc17565e8202cfb2fb9c6fc57,c30705c9a7079fbd
train_1865.jpg,89419a4f2eaf7da48c76becb24cc48726ebd73d4157bb1305fab0b1d6015d726,879e962e261d8c9e
train_1866.jpg,e9f274994650ff2ce29eda37240ee6e77ae8ca271809011500203645ed74387e,f9c9cdc8e8f03078
train_1867.jpg,8931a955c94d30a4c55e39746bcac09817dfdb2f8b0b4a6efabe824545da08be,07cacacd4a955dd7
train_1868.jpg,dafc147f0815f77e726e440a3d8599159f485862bd391339a5fe0418da1cbaa9,0707070717930327
train_1869.jpg,eb8680f4b69cfff4047f5a86ed9cd2ffb583530dc878defb9b849ee7ce2d702c,19124c5c4c84d84d
train_187.jpg,1d4763953e342af5f015128641efd4621959db4ee665006dbeea6607e9fe4b30,8707674f59bffbfb
train_1870.jpg,60931204d491547a3e35774591b7f7c80a3260b066d9aee9c3fa2fcf24f9f15b,6d6d6f7171692f87
train_1871.jpg,b797f1e875114187a01a66e9b87f9a290aeab6153a487a700f217c2934a72f0f,878785d594942b0b
train_1872.jpg,0c84bbc6eca6b3204ddab4d8dae2988786ad28b2492b1fa7083b3e8cc292a3f7,f9ff0a060e8ccc8c
train_1873.jpg,b641dd645100edf9accdbf7d9b70be052edf60c7933c250c7ffb1d6e783a4957,b3dbebb233c3c1c1
train_1874.jpg,2feb1039d1774691befb7f74a663d28d379cb9130c04167ea3d817dd061a095e,17cfcdc9cbc6afef
train_1875.jpg,691c6ca8827c672aec503f61c416d341d351cc7e954cf596e9b7e0c82664bd96,f3ff0a060e8ccc8c
train_1876.jpg,67ad51215e9a6b9a9fa759b9a8e08c5a2cdaed34cf74c1d84881d6e03b9bbe6e,f29b8f2e9d991c2c
train_1877.jpg,0303d8a0d09a60823e515a742859b72c225dfb6c0509adda24aae21091ad3074,1b1f3b1b9393d38d
train_1878.jpg,43c429ae519f596f492dc0f727e555ee217c321b237eae4bf7d0f287a98d84ca,fae6e786ca1e1e86
train_1879.jpg,7b961230f62f58227f60771c3ddee1686778a8479b40fcd40fa8ad4b889e80d8,e6f6b7f7b89ab273
train_188.jpg,60bde4acf0d4b7a5f022f32e70738e1f4e011dd7a4ae6641cdd4de73dcd8b8b4,d8d8d858d8d89099
train_1880.jpg,a1ba522e76a1b7b7ee8cff97f277e68a93cc1bc69e2bd0fd7df6766eb3e41b45,8c0c0c0407091908
train_1881.jpg,46651970ae417860bfcb6ae6d556e76ade5b0f3d528a0266238aa662ca952dab,c85959dcdcf87878
train_1882.jpg,dadc5464e8163b78de7d8707e2f0381f780ace44b7ecdae8f4912b7315219298,33371b7b9f372f2f
train_1883.jpg,ce737333a2e77a767ad817a3971bfdd307c312081049936a15a50883291a0ab0,3232321933319122
train_1884.jpg,6711f62692b077fbca6b5d1b0d3df28901d96700b8f4e5b786cf30cb2b827684,032733232f4f0333
train_1885.jpg,443a379658a2d2e70d6a4cbf86349310fda512402f473d6123e7db1bf341ffcb,5203030514e30101
train_1886.jpg,ddf6ca4c49ce530803ff82e32d9415e7d809f708b666d64af8f43020833551df,686c6ce86c6c7c7c
train_1887.jpg,3e4136b3c9acff7a3384d9c317bb9c326d6d32932d2ca8d7db5484d8017b49b6,989e571733c666c6
train_1888.jpg,ad7a2da9c7f4d5bad088b0c9e98013e17deef68b5c86e414dc09a3dd8f98f76e,e9e4ccccccf0fefe
train_1889.jpg,281c66634893dc5ee10376bf81e616ecb8bae53f04c64653942aa69dd5e45b1f,6452323139389032
train_189.jpg,eacce9b72facd07ec473a1f72c48747de3055f4832f93da07d6a0522f39853a7,254c0e869c999b8f
train_1890.jpg,39caef569a4c35c1909fb512829f0cd75c45d92b39ce0955eb922406da5cb5a6,3d31373633323236
train_1891.jpg,137c62e23cda0a3d1072b572c10094960a1cef9e87d9943e1f8b4ee0fc3949de,070717978b8f8f8e
train_1892.jpg,cd650cdc7b72ee3091114b44f9974c226bf17b59339a42032cf6a4c27e69bb79,178fedc9c9ce8fff
train_1893.jpg,ec006263f6a88863a685fd78cdba998ddbc942c156312295e4e214169fed8939,f0f9c9d858e2f868
train_1894.jpg,16888b9c71cfcf57c2458ce969b90d93930ca992e05b9b7871b28abf25853657,f170105833736993
train_1895.jpg,77e013161f4e3c145b7a868c4000d85a101dbe39073ba30eae261430e4b2b8c1,0319c1818c4c4684
train_1896.jpg,51effcb9a776664e8e04cd19b66e27473da4806b0a0505cbf066e8fb3f6acbcf,7dd3d3a3a396d793
train_1897.jpg,68ad22227031557e2630ae83337bca558bb23a71d882d989839ea0bbc4397152,73b22d2c6c6e5889
train_1898.jpg,8b7c44a78980efe32527cb1640e7fafaa07d323736e0027b1f8cd9587fed3d12,0439230f1d242d6c
train_1899.jpg,756b612e866948513c787bc55976aac8d217fddb109cb4b09e96df1746d74195,99050d0d4544494a
train_19.jpg,44ebbb7e740e83c33dd4a5de6da5e6f7d1f93c9cdfd98ba459a6a6dd1fee697c,451153ee6f3b998d
train_190.jpg,8b17b32ed8ecb58aa647b43fa28741112579c896a774d174394a01a75bc05140,cca6a484c84bc1c4
train_1900.jpg,fe87e5cbd349b2fe062a0a1cb8c15e1da583c7dc3cc0777cf1b075f79a1136f6,dcdc94c88aa2c2a6
train_1901.jpg,18ea7c5371f0cd012a2bd954a05bc0ac7c81257069f28219c342528a7cc847ca,ae4d310429393bb9
train_1902.jpg,e64e72a7df369d6f3ba0b6754020aa94071b072dccc78fea3f8b66b738e8c9e5,9511cdc591dbda56
train_1903.jpg,12546de258ad73bd901da2a641501777a9ad450856a626d2a64bc4fe1ffc5ec1,4e4f4f6fdfffdbf9
train_1904.jpg,021123afcabd84fa83905dc372d40b980c066424aa857d79c1647e36c4b2386e,6e7ede0e2f673797
train_1905.jpg,c839d2b749d32556b2f5649a53b565f580c5c10d48ae4faa04792f8f5ad47e1e,1533272632323335
train_1906.jpg,832586a412e3252fb2750607bf9ce4cc8bce99519332f57d08710efbf4a5839f,0327a29296b68e84
train_1907.jpg,a9798d727849a561fb90473170d909babe0b7c9a6e7acf197c72439ce9a63c29,8193d9c9cbcfc6d2
train_1908.jpg,8d7364ef216b16fa67d796317c4a690c20ab1d594e9deb5362eedc2065597057,1697171f1b5d5b13
train_1909.jpg,cbb4f532776ccb3386ad8f596827cc035b52b52740f70b8881f6f24803f55784,e7e6666627202363
train_191.jpg,ce4e3da5490132f522a4dc29b52a1ce0fd046a4233b152e473afc8fb3a52073c,bce36263b0bb9f9e
train_1910.jpg,ce9e648e8d2cd767f3c9388f3230685da1c6af5c8fba2bf4301d6416ebb5d4dd,cf0f0f0d0d0f1f1f
train_1911.jpg,003ff6a5b84a083a2e1883f199317fdb115ba98d5d9aa421adefc1f20bc668dd,fcfc39391c586860
train_1912.jpg,63e452e7d222c1ee09eaeaf159a99228d2c6102a84de5f866f6cd9fbccc3c695,7f7d2d4d4fefb796
train_1913.jpg,22b6ddcbc38f8e1163cadd955b023c36cdc70e5a99ad91ffc7d1b9d75059d8e9,f2338f2ebd911c2c
train_1914.jpg,21172fbdd443f47baef633d1817eb207d91a620f5dd299a2dbc177be5fb14d95,645408193939bcd8
train_1915.jpg,a4f48e11518352e2aac94c7d2da49fd121a218942d40d5c848d088425d1f7c8c,3727c3e7ef6b5b45
train_1916.jpg,d1f55ba4b47a45da742cd5656805ba1c404b4e2a6ab1612666a6c79387f844a1,48cc97b196976939
train_1917.jpg,56aea24efc1a29824dc5cccf3237dcf675baff52c264753fd30939c7bf9710d5,6fcf8b97934b4ecf
train_1918.jpg,fdf399ee6491e5e5f55e66bddc462c3521cb3bd46498e25a133a387c592db35e,62523231301ad230
train_1919.jpg,a5f6610bb0d613a976b4975d817802619c23698904c4c1a5aed230f26299ae15,041ca7273c663c1f
train_192.jpg,1938be1b13d8843e44f2daf743cef9ae9e28c0c09015b6cc3de0709ab77d782f,25644485c4661425
train_1920.jpg,68203a06077587d4e5cd8740093e3b23a1c14670646dde84f05c7d6768c95ba7,bfb7b6bade8edcd1
train_1921.jpg,ff479aead9e1f11fc241de8ba330a4cc103d5c9a0b634c17da7bace924ba69db,07071f0703832320
train_1922.jpg,a15be86e368680c1a4d195087dd3239d97936ede8d59477511828cddd55d34d5,a44c4c084b4cf6f1
train_1923.jpg,99da873e7f8f84286048a6b6ebef1ce0e57ad9377985480552832fd59d6d4553,0301918ca1c48d16
train_1924.jpg,9c3a16168b4747da9fb9e58a9f13092b7b42e95cf48004e3be2dfe427cd838fc,9c8c88d35a488381
train_1925.jpg,c71218dc9586bf739a164076241fb1ef5985feecfb2f1913c3539ca4d7fd6952,6c6c2c44e5c98c6c
train_1926.jpg,7f8eb030da37eace8ddca6618f0ed975469c53978335b6a1f8920d564e4c7245,2f2933306f23305e
train_1927.jpg,4f318f793424326f6ddecc90c72021df809f09339f916a9df077d81eb759ddf3,6766a687a7a3930b
train_1928.jpg,8833be043cf91f72d0ef8695c522412f3637845c07c6e8ec67c25f1c5e7b05d5,3332929fc767539e
train_1929.jpg,f1ead46661630b8d297b128c63565f1f4a0b45346142411550b57edd1196c9bd,070f0f0f0f0f0d1f
train_193.jpg,6416cb1ea2fe5068746bcce88b5cb413577141ea851b7a75a43f391478388cec,5fffffffffff7f7e
train_1930.jpg,1923317130545dac6a03e73c9d2f7cfc10ab56c3da7b9e322e213101eb20833d,47e777333124c0de
train_1931.jpg,2ec0ddcefa28433e5defea4a7dd62d3a0f34cc96769f49ef8bd839a0508d989b,73696949566eb5c4
train_1932.jpg,dac2c0d3748bf164460c6fcd10c35c0f4e5ec9d4724edf20c3c3410458c2a6ae,1c333aeac052f0a2
train_1933.jpg,1b6797112d1cbcec33eb647c0da885cf8fee18cb5ff62092f929d24d13f33b5f,17cfcde9cbc6afff
train_1934.jpg,b26b28d0d8fcef732f61e5188695dd17ddbf30deebbcbbea23c4401eef4699cb,7f7d6d4d4b6ab696
train_1935.jpg,07144c761ea22335efda089621c090465a2ae50a271fc0095515a3d3fc963b7f,636949485447b2c4
train_1936.jpg,295e10090e716e6f335f3840b3af0118d5f9f1bf3746282135d85b3fe104d070,333357375737173b
train_1937.jpg,a2a4db81218a4b5388cf6039aebf45c2bb734004ca57f4edf3cf3d5149769214,062697b13996b6b9
train_1938.jpg,30aaebb64a9a65521c545288547259967361775fd7e5d96e7ff490a3bf80dc00,6fcb8b0f2703db8e
train_1939.jpg,62f5a35d1e190d3db03ac36dcabbc1a261f003a5550a826ce63e55dc463a6b76,0f4f0f0f0f0f0f3a
train_194.jpg,8e35327fa725a465345054d2dd0384b814532ea7e2273f973f32008380369e69,17cfcb0445646673
train_1940.jpg,dd2828bc3c97b326ca2d9121b87f9b3619e1be0ec2a4a229789df77f51091209,858d8dc3d94d2b33
train_1941.jpg,0bf71dbf80efc6dfc6387504c098fc4bc988a951b7e7a43dca128ae235ffdc91,2949450c2496d371
train_1942.jpg,e940bb09e8527330dd19d9973518346d4b1234b6e8cbd2571eb89ce93e9b87c2,91f0e6b353676361
train_1943.jpg,05e39da83708bc688229ea5be43ac2b8657e2acbb52824a60d7b365267e8165c,21192b221233a9cb
train_1944.jpg,e744ff91744a37ec2c958b653e1392723fe9a4a43f84c1b7888f4357ba4eba54,3d31333232333335
train_1945.jpg,7de65b232c1ffe0800b6e6047f89a0db1a2577963d2298e8be43cb5f1beb3e83,00060e9b93373330
train_1946.jpg,968350bdde28bf2bd1eff17645414360d1312652fc4d46d26cc99b16a293478b,27379d11315f6634
train_1947.jpg,d0347250d89477cfe4ee2255026712d75c06f27c2db496fdfa4b2feacada867e,03032323232f2727
train_1948.jpg,93643863e372195269eba1aea5bbca2dca9aedf5c8dcb1bd36679065da956fa2,0a0a273737173737
train_1949.jpg,f4302ef14f613aad5179052f6aaf9412e935a1203bd0800b8e0d57fe4ac48586,850363475bbbfefe
train_195.jpg,8e09ee2209bc1900232bafb13067d7ebb7238c3b0833cb640d28fa2dc0384cdd,1d31313232323335
train_1950.jpg,003b71f1dde9c6007b672bc237f1c3c3066ca4e7a00ac6583fd88581f2e1bfda,f969ed4c6cf8726c
train_1951.jpg,4678d81b5a65d045ed28d0223eb31e3ed9b1cd24008c559db2e48981be1f8d1a,c0903465cccc8909
train_1952.jpg,0e16c36ae56b64a760ce9dc7b87bc65819cfc86a3d2588d48305d016a96e3bad,95b6860f372f0f9f
train_1953.jpg,ba060b5691cfab914d807709744ee9d2c0f2aecac5c5f01df6e79990e5b6156c,240301080b89495c
train_1954.jpg,1bd721add3be725b524b45468518403c97b6ea8e5f1566c76827641ec831aba8,79686c6c686c6c7c
train_1955.jpg,f0fbb67967609502ba94402194c614f786246e654f7faa739b8788a7ef925086,1d0d2c8c9c98b8ac
train_1956.jpg,34453bc48bca3df1505b912da746a58f40106e25dfd2a38d1e32a061a5ff60a6,7361616060606041
train_1957.jpg,edcf2013a1a7bd628d9b1a485bb55074f000a9a14fb5443d041822ca07a0e675,6e6e793f7e325979
train_1958.jpg,9f7d94f7924f0463a9c1f9c9af0dbd9c894d50ac8bdae1aa5f0307a6bc5396c8,b9bd26243633f0f3
train_1959.jpg,df98ed8d05ecad473beabfb3e0029dd6962bbe7c0382f16b9689676b898077e6,494b6be3e7e5cdcd
train_196.jpg,985f89bd2d2a9fb78d36a432bcff58ad8a5a7dd33e459ce2c35e6f763567cefb,72e4a55657135023
train_1960.jpg,a7a045dc1435ff6b8b13d0aac553a7183f80ed8362540ef39bf8f013b0bff6a7,c3e7c3c3c3e361c3
train_1961.jpg,8f354da796b48b852bbe197f68312d21c11f324020b63d652442df7102bb3707,7f7f3fcf0f2f5842
train_1962.jpg,1ff0752e3b5ff76fc29a131f5a92f77d5716d1105478f15dc69a975737ad7577,4d4d4d0d1f0b4be4
train_1963.jpg,0d6b1eb8e6be8f6d48e1f4755fb910d5e2dc62fd656552be61f36c59444f4ea2,03030b9393925e47
train_1964.jpg,c661d061d1ea13cafde533681a52a094d42501f02ee396bbd0478a04f97bfeb1,62b07a7839096263
train_1965.jpg,3ef351afc44558684ed5d008f1400dda9dd3a3e0e7afc42c2229b49e9cfa2da5,e3c3c36363616143
train_1966.jpg,1227d4e9c41bfe75b5c4caff7de0452ac2120d8ffcb22e3c18dd75cc19c52919,060f070b2b1a1c04
train_1967.jpg,75ff3ecc2c6d1fe3eced67459d6a698e81ae5cbcffe2ba28f8aab54475d0f17b,0f0713978b8b8f8e
train_1968.jpg,c382682e71ba450092bffbc5f431dc12293729b27753c2997039941f7d28b937,8588c5c9c9d92f2b
train_1969.jpg,e2f6e703cc52ebed9125542d09410da067e1b0125f80385478e3629d595177fa,787e3a3d39b39eb8
train_197.jpg,1e6ce486b879ec788c2a2b6da818943d243f422639cb2817e71440539cd2826f,c14d93d958736936
train_1970.jpg,43f46f59f0808519ec5b1cad1478368ba27bef849f199d3cb4dab6c1787e0976,6e26242c3c0c2c2a
train_1971.jpg,ce96d231fe5e81aa357413b6c1930b3f7860857909c3c80d7cca29779b9973c7,343c28242005c5d1
train_1972.jpg,0d15c2b81876ebb0d2f16190fffc9b153c0374fda054b9b2719871ffa98f37b2,b29397933b233334
train_1973.jpg,6bacc4ae812e38037d84b83f5839226ddbb59018648971e62750223b8d75962a,b7e7454f93202747
train_1974.jpg,5fa961bdc19781027f2ac73ed2be08c6a3232ea6991a0ceca8698981187fe1b7,4e6f4fefdfffdbf8
train_1975.jpg,788a656735730f2339a609a312d0fbfba2eef726b80a6acf883a88d4c0edc5d7,07caca8dda955d57
train_1976.jpg,eb106e88e22410d7e484b4414da62f1c08936da512a1ef0df2db209c7b9b2de9,07078696961e0e26
train_1977.jpg,cb7671a17f9fd5403b9fbb841b1e1de150de463c9647bb5f9a4d4e6569d0b8cc,c6e4ece4c4f21050
train_1978.jpg,a922a81c301237af554fef87d4e685e07473b810c8e18b7626e1e0cd6cd1369e,6e8e86c6cc1dadad
train_1979.jpg,64bc051a6f5f5317eeac983a0ba14bef361a9f875dfe181f6ec4f7d666678add,17d6b2b3272d3959
train_198.jpg,b6428854109a4617b0ab39dc835685d4a822aa49033c7e92b124fd4e928fab02,a7a574667e6bf2ba
train_1980.jpg,aa49641b6e9b435d11ef145bff6c29049cf987a921562ac72fd94e1fb2bae247,c27c2c0c1425307c
train_1981.jpg,0e00aae266634774caad75aaf5d3fd08ba6eaceb4cc3faaa5968d0f00fa460f0,729ccf6765d9cee4
train_1982.jpg,2910d88679ea608c533a5d913b74902513a2e9cb0d6957868ac40016e73bcf70,1816636d344654dc
train_1983.jpg,85665e013d6848756f660e87775c430622f8228e0443c4185c0c0f84bb93fe84,4e4f4f4fdfbe9b98
train_1984.jpg,c78c55e3c9c05d9bc4c087dff8f97dbbaf2db464b5edb77637bf1dc9584125c7,223595c8632b0a0c
train_1985.jpg,6d75a81759ef9d23d3023d93a28076b225144292b55456df4720ee8e16abb07a,333357375737173b
train_1986.jpg,2aa574f516812178a54fcd2e7af2f09bd10d7f91c2920ea83d16565cf5635d1a,078b9a1a87868799
train_1987.jpg,5e068fc99a57819a3d98aa291c2ba03504f154dace69fbd9654c5ddc7d09b534,a4a0a1b9e9e13164
train_1988.jpg,5dc28af3c0b5b1b9101ea7b0c1cc129bcde94fec99cc3bde6b422287d26f31a7,a78d85143c25199d
train_1989.jpg,73e65b225b249b35b9ed73fbe94303b00e757a8da13714d2b38d233e24ed0ddf,464f4e4e0e070e16
train_199.jpg,1e65c12b8c1a566aed07fa4d33060ef9ed015e91ebe14af1a2bbdb2515740dae,39fd6624367370f3
train_1990.jpg,196bf2b576885ddca19539fd82794128f13d58ffd2bf249d705ed6655d79e55a,07cfcbebcbc42fff
train_1991.jpg,eb6eef7bb3db3a01d0d607055dc19cab1f97f0740ba60bcbc9e343d94e5f1a96,181e575733566646
train_1992.jpg,5b7ce85390263ee410f2cb2657cba197befb65df32cf9f67f3db1f1caa4d1390,b1b1b1b1b1312273
train_1993.jpg,8fa7e93a108d9a0354380dc461c167c3641ba66765699153fc6ac1e4225186de,3d31373632323335
train_1994.jpg,09e8fbf44f7b18036192fb1dd2846c3fab5aecd1cfe4f58e59e0a2dfc8f4f205,0dac1838bdb4a4c5
train_1995.jpg,e93a62f91ad99bc2914c170be809aab10ae7ba21f87fb61d462ef7711f652f1e,070f270312928e86
train_1996.jpg,3970938b63f424761022ab1345538f2d3dd638ff4cf0c10ad969c92887437792,372f0f2519316d2f
train_1997.jpg,159086ea52e4ac91130761da15f156ea5d42b08ae4fbbf5a4c4449d37cae1fff,98332fae8b8b67b3
train_1998.jpg,b56130230eb77f6a2af2ca5545e81626f359ede7c7c8e3438026d6a221b732f4,d5f7ec68b1e142c2
train_1999.jpg,521509e7f6b44fe86b90062e5c5f981accc86ba93e4eab02ce765f6c1d710182,1101882152d3a4a5
train_2.jpg,5c284f3f28fdd48a585bd3712366f3110a45d31d0d345175fa50a4eda75a8f4e,d0200d1b327339b3
train_20.jpg,16a601c6659087442ab962332142d90ef710f39a32a7eb1cbbd2177da425ffa8,02b69296969c8616
train_200.jpg,b69c9cce2699d100e27f3551e0a253bf4785c7cef6eefc523fd771c2abb321b0,07071f0703832120
train_2000.jpg,88b0f945d03fc832c42a98426a25a3b9dd90946865d62a28896edc18af2d7057,060f070b2b1a1c04
train_2001.jpg,c9673f6d4db6dd446c9c100cb551d37149df85b1244dd53aa0b7145119c68e7d,6527271f1f3f2f63
train_2002.jpg,6df10288c93aa1cb5f0ac4cea4fcbc22276e1e1e166d2d5c090e5b4bd8fd2411,c8d8d858d8d89091
train_2003.jpg,9e63c0df215dd3ee53500e54f4310f2535eaad791f3abdc39b95a800a2ed9df3,b8fb793875677313
train_2004.jpg,348858518787c5df22cf97248682f9f2c2c6fcd6a7766ae42feb20e5f6c7f9fa,ce6e4cce869694e8
train_2005.jpg,b88bca224db1b0c5fb29c346192f244a2882c799a09e2c478096227b9344951d,622110405b993d42
train_2006.jpg,f2ffb11b372fe08de7d8ea91ad57f81277ce05471f881a82c55dc77c176ed646,26269731399cb6b9
train_2007.jpg,47fce3b5cae0850ef49e48dde41513852165e2bf840aef8b78491c3cc724f6c0,6e3b33307f4b323e
train_2008.jpg,3a7ca1d2d49095b5415b023c8ec036d71790834e60d1bed052beb3c30b0c6c9d,b2b6ccccd4d4b092
train_2009.jpg,741622e00c9439ebcccfcc4b73c456c25b10b7cb351bd6b9626adf3fbe91314b,1387cc103c2b321e
train_201.jpg,0b49433048ed13a6b21832f5f7c30ec01ed9b217db51a9eafd770b7b7bf269cc,83c1caa72762cb0b
train_2010.jpg,23358c39ad739477d39dbff9779c00ed7d626d9eecc8fd0a18eeff26967fd814,834d43d948736936
train_2011.jpg,e7967cb72c8d155cebd9d3fa8e90ef0b9beb6f6f737925381053204e25c3124a,f86414dbcb881c32
train_2012.jpg,4dfeb9f27f5bb143541ec0218ae43545baa6a0d33f50b46e67bc4d9e5eb07c9f,8f8d98dbc3675396
train_2013.jpg,d93696909e33c062ac00723240779abc1f0d2da09329f98c996001117fba44ba,e4fcf8faeee6ecef
train_2014.jpg,9eb19e9d4ff2abf71f69b82ce402b75b85178e22e7f9527a591635855c8153a9,9511cdc593dbde57
train_2015.jpg,5f1072647ae3340ced62680a225692d1938e13e805a4292453e410ca874c7dc0,333357375737173b
train_2016.jpg,217f7689c66a65446a9446e3950820a78cdcc2f7f0740bc50eb52133a64d2c90,e3e3c36363616143
train_2017.jpg,0e85a03dfe1d9a75785f4a540544a34c77ae9f82f4fbd5b2f720d1919c191a3e,0cc0012d270788de
train_2018.jpg,40894aaa0ba8f4d5c6edf344f08ae753723f359ede5f192fa6ae57b67b9cedaf,c8a8a4accdacac4c
train_2019.jpg,5778a6aa742369c30deb026d19275bdc9ae5b31af027bee768955f02c12d3083,8c0c8c8003891918
train_202.jpg,028f8d93870343ad35062bc6a4a8fac682f5fb30cbd18a770be4dbec3dcb7c38,0404241cdad72364
train_2020.jpg,f22cb56419992fd61c23fe113e19c12e90bedb7b72351f47a8d1e56cfeeedd89,0a0e2f2f1f1f2f23
train_2021.jpg,ffbed3abe7604762a323048e5d6fa790c60c323fbb2f71cae00c66b13b8fa947,a160201833337109
train_2022.jpg,100fd54ef61cf449a1120479a8da7e0980d532f4e5b992a78cddfb54cfd408c0,22359588532b0e0c
train_2023.jpg,d4aee2cb87aedcf1a0400c9faeccc58d814ea21075780a8cfba2ccb37ebce410,dd8d2d69787cf476
train_2024.jpg,6a0ee99596ac74e25535f1da651880fb2e5d379e661d1319f2c249c937a4250d,74303286d65cf032
train_2025.jpg,3397fb2aecde17f59f2aea5594c371a081553299d3bc1d7e8e94ac54a650225b,066c242c2c3c4c2c
train_2026.jpg,01a3c923f0827fb0f24d78d2bb059c5e0a2351670208b51fada8f7920ab8ded1,7215cfcf2199cce5
train_2027.jpg,f9210ae2c31f24e2349e641e694ed479c1f1747e509a30a79bb21227bafbe2cc,a4a0a1b1e9e93164
train_2028.jpg,3600334e09614a395de97f6457906d58383cc9e3778a19fdde3606548741960b,4e4d4f4fffbedbf8
train_2029.jpg,1d3094512c0ca90cc6c1eb4c4c2845e62097136362abecca0cecff3df5330a9e,078b9a9a8b8791d1
train_203.jpg,0da4df1c59293b0cd5e0527460841db132a9ca8f0d9415987d7fed002ecf6685,7f7ded5deefaf6d4
train_2030.jpg,9358d5bf530c3907c7bd0446e2c9c129faed68d331f45a166279b569c73c0c47,3531333232333337
train_2031.jpg,2935ec9ea07dd7adf311f0d8e26f7be57f2eb961c5cd2414d431bb666786391a,9c3831317073d690
train_2032.jpg,39ba195ed6983057f6e266c3c291300894844eb854ab9352dc7dd1a4f793fe5f,070f27031a928e86
train_2033.jpg,f4a9f4444558d7fcaafebd7fe7dfe0feea08fdeeb1f8b1700582c2354931ce58,f8c2dbcbcb1badaf
train_2034.jpg,7503e8ce3deec6f9545f9636c03b8a6b40be1efaa8fa999e4ae93216068cb7eb,e7ec8acaca4a1b0b
train_2035.jpg,8c0092d471a47d66f8284ff68214b732367365ec64601a3af2e0b598859922ca,3d37273633333337
train_2036.jpg,dcc4580544a944f6017cc02ef55654c259d10e6291637f881733cf3a35f2573e,8c2c0c08ccc68191
train_2037.jpg,599d67d1bb4c16514ad00fc5f992f3ac91d9d7ac8d4994c8057f618d4aefd8ae,471f3e8338703233
train_2038.jpg,6f8d99f0e28b3eb2ae0c3680853985b844be64dde38592eb5cb700f59839c957,0fcfcb0445646673
train_2039.jpg,0dc8d04a6e2facf73731a43e1183db5cd9bfaaf0c92fc6f39cc69f7c45ba4b7d,372f072719316d2f
train_204.jpg,5b9fb8f9a4071e5eafb1ac1c6445ab3a8efbfd25c11d70259eb9bca1c1e73c4d,01be9e5a9e8c96ec
train_2040.jpg,830be0a0d14a78a1137f178eed724f07fa27a5d06ee8d00107ec261496d19ff8,58594d0d27032322
train_2041.jpg,0fa3e5e168ebf65e5c3902903874a1844a0719d10c4ca5a9fe31148284833eeb,7f7f3fcf0f2f5044
train_2042.jpg,4bf10bd1e356c071cf6e4cafa6d624108280b7bf6e919740ab18f66557dd0a0c,7f7dfd7ffffefedc
train_2043.jpg,1897a6ebd8a07b46c1248a38047c3b2eb9e7c2e964b6eebe20e29364f1e01650,a7ad89197b223a0f
train_2044.jpg,1f869893bc7099bc6ab5efec15b5160b1e7c090a247497e3b4fc1ce5d8f32b5b,230d0e1a737371b8
train_2045.jpg,413a5c1ff4e987290e912b04cbe081abdfefef564c127ac1d3856b80e1abe10d,0f130d0d9d5b9333
train_2046.jpg,ffeabef21e5c3b0796647ab86bc7ff78d386ec155068f46bc496abdd516fc916,49694ddc94909121
train_2047.jpg,0be44526cc4e09f0d5d054be44a1e3d017ed3107f343ae6333ddc547d3e2e271,3633373531152523
train_2048.jpg,91e1c7d322fd786c3800b5386dc48a34fec5c2d6b3684919b5563e667f802e1b,7325252d2525292d
train_2049.jpg,f409c6920fc9b6c9349222033d8249b608bd28dd8d152a20033fb055db6fe13c,a38bcfb3327372b1
train_205.jpg,9337b1ec1da965605cb513ccc1632af1379c1ddbff12d11b67479dd752d4b154,060f070b2b1a1c04
train_2050.jpg,39fa21e1cd29eaae86ac02f39192fb73923d690adf1417ad8f6de1d2fc5987c9,f9686c6c686c6c7c
train_2051.jpg,d0130484c6862b8bba100adfa55b86664f7e019b92f1e2fe6d804e851890912b,5f3e6cdcb5a3da55
train_2052.jpg,9ece271b6c9f27521e12843ac6b615e96673c9cf2259b4d6cea7e855cd1861c2,3f074f177b6f5f3f
train_2053.jpg,0584422ab4d2891cc82133c10959d9d66e3c279e91e16cafe988277431e9d23c,6e860414646c4ecc
train_2054.jpg,02a8d6d743ef99dcfd8467763edbddf807ead1f6feab3b2112003fb9cb17f529,6030306d2c2c8995
train_2055.jpg,5c8464be4a0ddd8d61634e9c80fa57899d59fa7a49df274c232101d17746c3f2,c343436343516363
train_2056.jpg,9426ba3cd0f53c23e18bcd0c962909fdb8be602ab86add2b7ff85d93229766f0,0e46060a0c0b0305
train_2057.jpg,450b4560ab8c80fe42ca222774cc801a3cb7bb97bcce0ae132813a9229480b92,b99b0e2d197373f3
train_2058.jpg,dc26bfcc9607d976789910e0f322be416720fa50b2454115cf1d0bdfddf3ad6f,7b1b8f2f9d981c2c
train_2059.jpg,5e6779c660595efe4c3d82e1af22cb6de30492d5b9cc05d65a615c24d7ed6f5c,8beb78181807e330
train_206.jpg,46d8f5457fea40aa1e675a81d511c886e4a768b6b2ac3405c6a2833a0d4b2fdc,6f0c0c1c6c6c4ecc
train_2060.jpg,cfa17d3b5d833a71ef3bbb9cdb627fa3408d7516965623b0379a73890e964a1b,d9594d015ae2e029
train_2061.jpg,3021c8cef3f908493301ea88b1c771c626df6c7bb90467b52270172fbd988bce,6e5a6eefcdc5cc81
train_2062.jpg,d2721bba50735b6b53d32ca7df8543725c7ed66099d9f21d83a4eb1bf0cb6c96,f0b3b29ccb6f7397
train_2063.jpg,0022786ee95d9d90c9a0f85f69d58388e36c063d158cdbb5c3d1be11980521b8,b0b31290cf277313
train_2064.jpg,9dc23db37af28812a6fd86b194d36f78e08474e267ecd81dc14476748cc45fd0,b616368686868e0e
train_2065.jpg,2720bbd2d9608b7bb0e586bd5581c784251863ec458e961426bd5df2d7d8fa42,cf1f54b6ba333a6f
train_2066.jpg,8528275394ba550c4d62c62f8994851736d29ca8adc8b5e4ffb7a9ff147eb775,071f3e8b3c703233
train_2067.jpg,b9109f5c23d7af970627038ad963473f85d00275cc5f62d889ed1220258c3c7a,2510133b7b5b1919
train_2068.jpg,00b102aef67c5a5301193714abae5a2ab5e129e2b82538658113d06ca9299e1e,796f4f4c2d51a726
train_2069.jpg,478214cd1feb69d01922b9423d84a70edad66295771f14f7bae564cbdc77ed34,49696c5c94909921
train_207.jpg,5781e8259c5600a509b4c60c533148f8ac5d16f7b21e5921b5b9609c0f581abe,28e063cc2c6df8ac
train_2070.jpg,ea04d3d9b836b916b50335f9f799af1ff76a245cd7d50e865386c736d8722c3c,3d31373632333335
train_2071.jpg,624e948422e63d691ef810644cf294f59eefb015f1ebe5abe569335417ed6f44,47ad0d3333b33363
train_2072.jpg,4ef879eec16cbb90c913ef51134a61af2151932096f67cc92bcb19a601c829f6,17cdedc9cbc6afef
train_2073.jpg,da4e08309879c8e90d02977581f1db945fb24b029a18bf1825338a26a14f5f53,3ffffe7b7172fac7
train_2074.jpg,672960fbac197991859f468dd31a7e30e6e376544ccc0ad0ab64d9544cf19058,b995ee66a6c0fee0
train_2075.jpg,09b6a4033e2b0e4dab85a395ae31be36a204fbd528a35b54081d3468298c218c,d89b99989b0f7313
train_2076.jpg,335651ec7eeb349b198dfd3bcfaef5bd39f0d253c3a0903880eee8834ee15f69,d484e78ffc787072
train_2077.jpg,11d18873db5fd222cc3801bcd553b198117b501c271c54b9d033c24021669230,2461870949098c04
train_2078.jpg,19a6fc67a75ec361ff7aa2a9e2bedb8ef364975033eca67a5da1a95b15c682bc,354c4c0d86860f82
train_2079.jpg,5b880973ce2aab655dbf1b6f85fa6b11f9a0cc0be5b488130446a4d759385fb5,61c1d1111d337269
train_208.jpg,cd56411cef7186fd3a3c9b803cd7de915b327b6b363f30efc244967c462a46bb,c6c6c7e86c63736c
train_2080.jpg,8abb05dbd4430e255bd85ad80d63039a4d3f81665bb02d50cf85bffcb4210efc,bf2e3e3a1ac6a6a6
train_2081.jpg,d26194895aa862adbb58f9c0502ca0bad9d89030bb41776332583e2a4f57a500,a5244c8cb56d4f1f
train_2082.jpg,c612133a4df1aa60f52d023716b05eda075e787d5ab3170b63a35d87e16335f4,cfc36327970f2da3
train_2083.jpg,8c01fd865e33713fc3035b75db533d7bd83fe9c9df2993468c330110b0dc1daf,0014093326252d4b
train_2084.jpg,cf6bcd98afd1ddefd3718113fdfc20c8982b9f8a3b196a6a063ad1a9b9979e45,808008602421c02c
train_2085.jpg,a42b6f93439d424494fe75bc2b41b6a8a7d7a5537a6fb6d55b3fac82e5808345,090b0919061d1b5b
train_2086.jpg,ea92ba9ac7eb0d6c188f5457239d9d56ab09302b795011a60d7466fe5e0e1830,f2569e9c9b8fe3b1
train_2087.jpg,a0ff941d0c7c6aed30d27b504bc9ece32f6026b8c60a9a7a5654e3260a1322fc,b173f332b930b7e2
train_2088.jpg,d4884463c007bd61cb6dd9933cd05a0f1dc3e3658e12e756ed1494d5c8c461ed,c30705c9a7079fbd
train_2089.jpg,cea1608445fe34f2ba0f5fe36dd20241eae1f7f8863f83eddfe9eaf5a7927355,9919090d254d4854
train_209.jpg,3469de97960005e6e99ae96e8e0d2616378a2d092ff98eba9dc81587bdd54f5b,61a12a6c29098327
train_2090.jpg,66a3173f95a38fb4806e1a9af2cdf6d6b8ddece5dcda9fd6a9ffafef531b4e02,e27616578c0f5512
train_2091.jpg,0bb0e75b26f594354ae4bed232d1d16b50800385c75026e8598a340b176bec30,2727272727270d09
train_2092.jpg,acb4823e7bb09cfb58b42ed171070f6b5b6e5740232734627566a9c38a4a812f,e82a8d8f0d1b1a0e
train_2093.jpg,fcb528c14a4c51487023459cebe61753de2c67233840b9346c29087b5575a2de,9baa29198831fc6e
train_2094.jpg,3802d0a2976302a789e3c9d4d56bda2b308eccc5e0eaca54643d6101bc58b103,1d33333633333337
train_2095.jpg,274e8e5e1244083ecb0f3baf92ee1d41121117d1e85f9ef2efe8987fa8027253,d4b4f4efefe97472
train_2096.jpg,7cd7ab2c70efcb840671a460c780dcba1063ab485d2fd379c697e0c4ca333c24,271b8f7595b23f2c
train_2097.jpg,38f618ddfd74884752c3392cace71f0de8b26fc1d4def6df4d33a9950601cd74,f4f0efb39b385276
train_2098.jpg,bab0b1f8e1f6df990e05aeb766126e99889e4869cae433b268f7006ac3ff2b43,1f5dcf4d0d07890c
train_2099.jpg,4086b044bd025cdca4b9618efca52aa5a2a7e2eddbc5554c753d72e99e4836ff,c6c7c6c6c68747c7
train_21.jpg,ca8c8ac62c08fd14e968dc7068b8ef08b807313f1e516dcadc1a467e60d78dae,796e3a391b9eb2b2
train_210.jpg,a41e865af03bafcfc1882d4facba868337f27e5550de5691a81f458295ba9be9,f0601383465e8f31
train_2100.jpg,5c91da6b717e16578c8a50fd482cda086b877ca815f40a18b6f0708f4c3aa375,34363234274fe337
train_2101.jpg,5c08475c9b6087cf7026acf4b12bc77ec11758382a2becb1154b41b965cb4db1,03b29296969c8616
train_2102.jpg,1cef88e0299a01e7075163be8cedfeeca0a4d0451210489ad61839d1a1586a2e,b2b39a92d36f7317
train_2103.jpg,4c125cf276d23da679bd9327101d09742ddcea04fd1209ff2f57344bf200a679,5973f3c9e96a49eb
train_2104.jpg,2defcb7cdc8abc099b46365d850e984e4b05fea688227e986de97aa8113d1944,ccccccc88aa2c266
train_2105.jpg,912fd5a4e12aeb200908bb8de15044d25fe156975b9ceda064520524f90dd416,070fa78787878787
train_2106.jpg,b1cb058484b2270f8a9694b989e53a00619dc95fbb3228fd0f72d1779d2e4a56,81076747d7bffefe
train_2107.jpg,b6f17bd1dfaa765c860befeb8e9a6e189e1bdbc0b2bac60f7c75b5eaf2afdd51,f878d8c2cb1fadad
train_2108.jpg,1292a836650ca645c2bdff872e9d9a60a7774c6220da0616dab7d4b324a50ec9,f6c3dbc9cb1badaf
train_2109.jpg,77c1c93b71a29112b7e4e050980847e74203ec42e812648dfa2755f68a08ab3e,4343436343516363
train_211.jpg,dbb9fb00bacb629c3bdcd0815dfe5215821e8a5f1f57b6f132765353ba2b5b94,7239399497277312
train_2110.jpg,2611f92ab0783113e708ca5c9d6365b2564850dab59ecafed7bed5f3ed27e502,3d33373632323335
train_2111.jpg,20f5c6fd002459b43ab32e3f140f73529076d7b505c36f3ac209e1036d7a6cbd,61c1e13115377249
train_2112.jpg,2f2f92665fd8dbb9b6ff916cee465cc682787fbcd3d54519380ecfbb926b3100,c3c3436343516363
train_2113.jpg,46bf6e32055cf99a1ba70e5d2ade2b39647b3f382642611cbb7b0f189225a3b6,07262626bcbc8c2c
train_2114.jpg,fa4e915a79cb927bef6a97c2926f59d98de8ff8883afe5eabaa11ab945e96bd6,16c8883d129c8e17
train_2115.jpg,b913d120c443e5de4ba47693b72def722e81f60702d254b74d5d4f8344d0e0f3,3395cde2b2592925
train_2116.jpg,ffb7219f693c4743fa645fa3077309af009d12ae8a151d163c9d054e0593ac15,5c04068ed2145879
train_2117.jpg,aac6bc1b25ae35fd6f3af368d5d2280c8dd42073b5969d038be481cb6551588e,6333303020216165
train_2118.jpg,59a39d00a24f14355aab85a5f2dc4a180659cde2f94e9dc7f58d59d35ddadc8c,93898993939b4f5e
train_2119.jpg,b130f76b3bbc35e63de846eae1608fe8c71d78bd8c8fa332d3774622b95fac27,0c0da6a6f1f1e5a4
train_212.jpg,cbc895c2aff35b41a1e7e1571f021a6dee5cfaef77ed005b6f6cc67a175449f1,9f9c8e9e98ccec0d
train_2120.jpg,9092cd140991af60c202d5dcb7e0f9ced79d97e6a2b25dcb77a48720e3569e0c,6e6e799f3a105979
train_2121.jpg,14977a94373fdb6da9ee48b006ad5138ca1c9ba500d9c7f5f6f5bad3c357f5e9,8f0f6f59d1b7fffe
train_2122.jpg,0d4a5e3ce5d5a25bf04d70c0e053ad229b2d42582c7ae976ce459d2d7a4e0400,3c4d4d063131b5a4
train_2123.jpg,ffee785e91e4a05980be771660e2a0715d2d4fde9062f72bc1aad454732bf80a,23212505657bbbff
train_2124.jpg,41d8414f90e9ea186364a9e89f265b7e37e8ac442067e10d3d4af1cc90a447e0,4d6d252131341626
train_2125.jpg,eb0ed7477b03bec38c4ac8774ce90a4da5c89f1273b6d4e98a9e934d2697ce44,26279bd6e7e7e6e4
train_2126.jpg,8ff76f78eb1b6c58c6c8cc991bc8512aa7648292c7571c7882b005e790003acb,8707664dd1b7fffe
train_2127.jpg,467621817bad3656e387ab550c5c5a8bfeba1585aad7f2298d12cdf28285cbe6,87071f0703832320
train_2128.jpg,9dc0151e95db2ad67d60e660752cd238c94612c0c615b969a678e48a803b9563,170f2f07070f8f87
train_2129.jpg,fd61c58d3ed75f68ba0deb0ce6b46eb4a055d9944098d96a6e4a758a92cd9697,24191b22142b2925
train_213.jpg,67485388e0f561ae32e83893454bdac70988d6abb2ac457a1ed388301205b2a9,0cc0012d27070ade
train_2130.jpg,4b771d7878dff5a0052141fdb3b4b57bdab197ce0d613cfe5c3d5adf4db8d51c,c9e3e37878d0915c
train_2131.jpg,0e448e4e256dda86932e93a955db2252c13f831eedecdcbe992e0bb0fb97785e,07071f0703832320
train_2132.jpg,3a84d66024edab9b0605c1553be84d9c2abe5eb2c3bb03b07aa6abc0962687f7,f1e56767a5e7c7e7
train_2133.jpg,59311ebf8fd213b8d7957bdfdd27edea16b34841b4c2d0574066c39c377ccf8a,d4dc94c888a2c2a6
train_2134.jpg,47afb022c87f522ced0eec8cd62cbaf109448925a6d326959878f8c6716b4d4d,b3b8193c34968488
train_2135.jpg,db2b299499f1098833d2216207f502c0352ac34e737d6c3b71189d649be3287b,4f4d09091153633b
train_2136.jpg,654f5908e5f2cc342744b685c60df0501bd8b48e237b4057acd2532b717f7837,6162461e1c3496b0
train_2137.jpg,a60a643c34ee2fb7cfd72f573562a2698b0593fc7cfe4c231ce2055e0817b1bb,7c3331cd47168cbc
train_2138.jpg,b1273b224f7e750f47b0a9059002454d986f3777b7d47bb14cf87d1a66b2862d,9f9f9e1e0e0e0b29
train_2139.jpg,b4c8ecf790d98eff7db431030caa5b44040f938a5f83504c86076d8f3e9330f8,8381e16a8f9c1303
train_214.jpg,702714c84c3a001fc651467f231ec0d8e1642f569642c7913e1c94424e2720d0,c7039edf8c739d9e
train_2140.jpg,85a83c3952e4d11b7720b4a7acdda70ed9a1ba37dc2ecbecfed22b9b6b8315e3,81898b93938b4f56
train_2141.jpg,ac54e3b7932e31d9e5fde4d17af5857892599b6cd31e855d4dafe13cb6ff5644,17493797895b9333
train_2142.jpg,6a00e3ab6602d5a9fc147ba62e276a02d563e11c60082ab349dd19b5ca8ea4fd,8707070743832101
train_2143.jpg,50d87536cb378b3581913bb43773daec89376e607fdf5fbce0603a18836a9133,d4bbdbca73f3cf8b
train_2144.jpg,e5764b3510a080752995fe5bc19d202cff8fafe485c50f5e2581cda3bdd1fcac,cb1edd14263a327b
train_2145.jpg,381a6196a191705553b44cf5f8d586aff1aa12126c3b52d70682cd0479194f94,060f070b2b1a1c04
train_2146.jpg,3a83d1e7bc50922e39dbde444cf15ca922b982bc6873bc95d1fb37f9211f5994,6e74716366512692
train_2147.jpg,e18d8a01b0adb7814bc5cdf6a7b4c3671429bb0cd8d1f5de22af23129a417eda,070f27031a928e86
train_2148.jpg,d9d377131e5de35b028452ea023da43424b84fef594351cbfd4e30f1566372e9,f173733928ccc686
train_2149.jpg,714719cfde1df1910df2774122e2e2c91f4cfad787c34942e11f2877947959d4,2e8f8d8fb1f1b5a4
train_215.jpg,959b6d93cdf26a0086e1f6450a7545b1e8bfff3ea67d9c0e57e310e1de148b5b,dcccdcc882a2c2a6
train_2150.jpg,a6c4cacbb3db384463c97fb23d100acd82881d24a17bf3055ced99b6bcaeaab6,9511cdc591dbda57
train_2151.jpg,dee4a735cc6641eac8fcbbe71a460c32810b78e879eb6101a227fe7aba475401,39b92e24367760f3
train_2152.jpg,ed921cabd0bbf2c1b76f0bcd4b39766404328d67ab9997a3a15a26d834a6fe57,a0b068692d0d0915
train_2153.jpg,6438191a32d8f1799244c723f84a9fd77ba323361df2bafb8b189879ad3ce292,29696d4c949093a1
train_2154.jpg,11ea41dd3cefea583be6f342d66da606002b3c2f845b820a7144eb41a62bee6e,351d192939696327
train_2155.jpg,6f3e0d877a52344fb5cd43fa37b48a994a8c5c87c4eee35c86863f589b491fd8,81898d91d3d94f43
train_2156.jpg,ba12d2a7f6e1620a100c8f28c2ab751d2bb8104c49e53351c851787e2bee0043,4d4d8e0f2b478698
train_2157.jpg,4a204e28b84519c93fb7433ce0539819c057cfeb1827f2a694e82be0cfa3f57d,666c787c6c5b59cc
train_2158.jpg,a4366e7304b0970b93ce052940d96d19577113d60d263e07fe72d7d1a01b0e09,8707070703832101
train_2159.jpg,fdb262b0f7f514e79d22a3c9244eddb3b33385dc913a95ac7edb57378ae4ed29,21e74f8d2c6df8ac
train_216.jpg,2c68257836536dbde108b95fe9b7cebd57fe6674cf46f4696d15e243c565ccda,499b9b8fb599e9a3
train_2160.jpg,2696afa4768311991f9efdebcd5a6cfa57478a23845fc4fa211dccb2bf287417,199999998b8b898b
train_2161.jpg,eac6cc2064f8a0fabc5e44ebf3591ec770f059b2d528a7793ca8c3fa2e69683e,87071f0703832320
train_2162.jpg,e98beaaf269f339f15acf790b6e04308a253b6c3ef369b0439989cf74024b931,bfa8aaa9b994868f
train_2163.jpg,9b9b285a38a4853d2eb7ef9dea73557ba87441b7e60c7865f9116e051d0e3774,2c2b2f3333bb874b
train_2164.jpg,dd0565ef76399dd9e5562bc493b9343e95d18574f2fcca52e0d0fada99d5c153,cf4d25b0f0707010
train_2165.jpg,ff841e40542d1465fd644ffc62cbfdb7213e63c539c9a448a361c1ba6fe85a3c,210301080b8b695c
train_2166.jpg,09582487a3e1d0281392cdd6407381919f0785473ed2fc93fb00ad47176f0d0c,313916136b327331
train_2167.jpg,a0a0aeff78168a2f463d6a31ea2cf0c4a87f14f41ac30203ef9822d00b2c530c,9f15b4bc3a327a7f
train_2168.jpg,7fef72606d575c3b5da4a1756fb90217538c98c1e5ded251e0da4501277d9d30,078b9a9a8bc19151
train_2169.jpg,1b05abe06c2e470e57d34512b584ce0e0d4643368b25b05b165d3e3e0c3c32c9,1b8b130797b28e57
train_217.jpg,7250ff0d499cee8ac13403457c6ba5e13112b9db9240f0ac6ceea0d51c20eee2,c3e3c3c343e361c3
train_2170.jpg,39c1ca2d07c80da522fac7dbe7fde1c719630e0186c25cece5757fa519216957,8999dbdbcb6260e0
train_2171.jpg,09301d1b5a725cb80738b990032914116bd36a43cbe6f7c6a45a98e48ddaeb26,0103b033332818b2
train_2172.jpg,ea1a848a78ff7ac07c82f4092d20478ef5ec62ea6fe2bebd5f19a9d8f61b88a7,594b060d09333371
train_2173.jpg,cb3d80a41933ede6024df02c9cb7d5fcc63230056c04215f1982b52fb861fdcd,4cc5cfec0c89e9c8
train_2174.jpg,1d2b8d3aaedc94136f869a3999ddb1e60740483dd06b6062f55da058e431696f,4e4f4fefffffdbf9
train_2175.jpg,4df1a89ee487092b2969dd1f1a0372c1defae99372f3ba710c5a919c35b96f80,7170101813736911
train_2176.jpg,a2fc67171645341f73ebd78519b3511d56e03b6ae4f768e6134f8d4531ec54cc,060f0f0b2b1a1c04
train_2177.jpg,cea66e0bdb65096854d4477c9616c2800434213ea70dc211e3595f3fafa9843a,0c61850949098c04
train_2178.jpg,f8ad6fb93952d9c29e481d60b053a987e3566b2abbed27642ae6130417068a48,7f7d6d4d4a6ab696
train_2179.jpg,b23432c10a7fc24c1f46acf1cfd0dab019c21015d622358706baaebe24266b45,dfbaf2e3c3a44c87
train_218.jpg,74b2b073502738fde15275a720cff104a1fedb264a4bd542f850806de19da9e5,333131b1b1316233
train_2180.jpg,62343ee704bfb3cfa9884cbace029f9d4ec51f4f88876f593731a095fa1bac22,431f3e833e702632
train_2181.jpg,b56db7f59a7dfa95ae111de8e8004ed264de2b0d8d4aebc4f8bf907bfe61f7f4,c75bc9cd8d9d0387
train_2182.jpg,4201626bfdc5892a7ea106f42bdb32693cc21dbf6512e4484da843b4639315c3,9511cdc591dbda56
train_2183.jpg,b7947b5e0d50f3c80bf502bdbfbe4a6a72fc8604345d7a2f21362896d261b874,b173d3323930b7e2
train_2184.jpg,60546ab674616bfba574fda3ef0b0dbf4600b0a6bea70224352acadc1996a9de,250325071342749e
train_2185.jpg,1595e4aaf48397d7df334c9ced4fdbe2527f28aef30e52519745690e2121400e,ceefefffdffffff8
train_2186.jpg,23e0fe00f78d15970aa5b67763849c2198f399125f9fa85e6589e84bd5f06564,efef7f0f0f0f0703
train_2187.jpg,d0ccbc24925182556db3a4fb5159dc57c786d9df7d9f80cf7fcdf747a81ed474,4a9296b196976939
train_2188.jpg,fd99a6c8647a658512d4d3e08f42aef138ce61b1cd99081bfce282567afca8f3,9494e4edfc7c7470
train_2189.jpg,5a574eb8515b8fb175a8ae7188c89b1aa79d4dac3d4ce958ee238c99b7207942,331353375737173b
train_219.jpg,f182b4e0af26ab3639205f2573b12bb9643455c99bc9dc5768bef7af8bdfd99d,7f7d6d4d4b6ab696
train_2190.jpg,e3faa0fb8b134340f8be49d36c07ede9a71da3a9dc502ca950b543d9c4c6005a,30480ca4cf5e6101
train_2191.jpg,4b585966f21d5e82292cb33995103ce0e831c4ac29e27890c9cc234f936af7c2,6c5eeecfcdcdc989
train_2192.jpg,ef20a14763049b3aa262eda14e45ac4bb2cd27ca15edf644f360a67cdb2506c6,2e2e1f1f4f4f6363
train_2193.jpg,da17efbd4afc0dab8b24dfac0f4801b959499aa8f6dd1ab15e06eea099d836c6,e3e3787878d89c69
train_2194.jpg,84fd62bfdd240cc664bba0cf05f1bd068515a804034ca9dc4b714701fb0f810e,ddcd581a5c4b373f
train_2195.jpg,c00a740c2be2b8a4aed3aab0c37044a72de409cac1e127213ff98a68ccc8e9f8,12141c6c2c353031
train_2196.jpg,29e5cb0f70adc3291b6687d54f57a10fc7c6ad18e9570987a80e70f5c81fdcaa,214908240c1e5080
train_2197.jpg,df117436aeeaeff4ff6112f9611eef46c12350781f8289d448983f7562523b16,66471d8fc7574746
train_2198.jpg,9f2222fe4ed4edbc1ef58f0fd1a84f41ba2b0e7610c1a3dc7b4dfd9ba23e8086,446d48d4a48694d9
train_2199.jpg,28238479df113f1284d57d9b636e40f15dcd1c01b12446c56142826846a437e3,13134be2e3633373
train_22.jpg,00f71942a450a254b4e96743d825ddf41d0c8d1f13a7ff5c11845aef805a195e,5c04068ed2145879
train_220.jpg,86905ae5d2413f5eb1ff123cd9d102db4b28ad3bf8b74a06bda6f18af624806c,339ecae2b3592925
train_2200.jpg,d1ca9b73b2c0360b793d51c4a9c6c947ea66d0e4e03944580acef947613301d0,02121702c9692d18
train_2201.jpg,055ae78d56c6fe204eeacb0b11fde8c137ef66066f100b822f4234305887560d,a464c0996c601921
train_2202.jpg,3e34c8417479ffc0cbb58faefda120babde759a230729cf40ef8664d152c5de2,373f0f2519316d2d
train_2203.jpg,c05fe5f9c7d247a0ccbd26baf7c3f2709b03bce7c34004e6348eb80eb019da5e,070f27071a928e86
train_2204.jpg,351a5b81b32f1d22938885e2814f7e98969414abeda5f183afa1cc608859c103,ce9e9e2f27039d8f
train_2205.jpg,b71599b3b5578ee62f08e102b9c2d1e9958b739af724590399182d9f9e5b82c9,13445949494a6cf0
train_2206.jpg,ceab4d3d83e9a6334aadce1f12bac730b201dbbfc150137df0837d3afea317b7,223232993b319122
train_2207.jpg,73b7cb9830c77245362f1e10f4a7e0401489174412b2720272585e342cc6f465,d85990918b0763b1
train_2208.jpg,67faf2eb52677f44002175c492cc9e3e163e87cc86829bb35c47e067316e5f37,01000106c696936a
train_2209.jpg,09da57607cb9bcb2154c97334caebae551e0db4f58a8cece9a053c8b509d9ce7,0804191b2737266d
train_221.jpg,44cce69938c4392be9aa33fbfb162e2518bd3af13688d501fd7edc6d96a3e6a0,478767333137c677
train_2210.jpg,3d5ce9c115ed2d4575fdc657c88dce01422145a7120908a23d076ced9a72516e,e6c4c84c4decf0fc
train_2211.jpg,1d739ad0c7834e173c44d5f42784fd77a78b8ee767c4697430a293940b72b68a,32361f9ad76f7313
train_2212.jpg,e1bc548551ae41a6a1dbb15dcd89e62e82a40554c31016654fa4607f5034dae6,cce47b3eb6677339
train_2213.jpg,bac3414ce34cd165e2660eba6c33a24f995cfbc3f3ba591e5452088491ab7fbc,26c6c7a6ac0d4eef
train_2214.jpg,8e8d6d0c4e753c070a51ea61e1f9c03c1fb42c5803178c5feb8676953a4e445a,0b0b0746c7870e81
train_2215.jpg,0adf5fd89e1686fced212d23b309ea3c8c8c63aa2246880664b0ce4f4a7a7675,8707070743c32101
train_2216.jpg,806c9256f2a8addf4f7af40843cc5f967cc119553c62bd41d186632fddbdb25f,4e4f4fcfffbfdbb8
train_2217.jpg,41cfd996ddcdab20fbd5df2cd1464f0c81caa8d6e0e64b895fd1b76c384fd6bb,f3ff4a060e8ccc8c
train_2218.jpg,cd7c8d8297ca7e922ff910ae814877abc74bc795ef29e9ac3027a4572adb7f0b,23212505657bbbff
train_2219.jpg,0afec476c16cd116cdeacc161aca99da3e36d6de48991360a2aea6fe9997c73c,77252d2d252d292e
train_222.jpg,1b5a18c479bd1fd2f24c8d5a012620679a88cefc25f5d947206150f75fb2c58d,333357375737173b
train_2220.jpg,548c068766e92772d89ca4f104569ef0dd83c96770c80253e8cdd522d8cb2f7f,8b0d0c0c383a9018
train_2221.jpg,af618276e23fba1d8b13376109cc2e26a77086ec070bc004ae4a928fb358e311,d7315ccecec9c4ce
train_2222.jpg,2f257f398985d0a722dd3bb40bac5f3e7b01f14f7c4170908185bde5ce4a57fa,1e170747172f0f0f
train_2223.jpg,f77d02044b4100895b6e741426b6336e8ac9f232fc36a83b08f12edb1e20e632,062697b13996b6f9
train_2224.jpg,0fd4766255d47b07ebeb7b288b4ece051303690142faa8df7f1305b4dc313cf2,073737353703cd3c
train_2225.jpg,6f75beebe1e88776bafb6df5ef9c45f66239bb5d6da50aca512badebc20d3e1c,1b1b9b73484861c4
train_2226.jpg,b67c9d5ecd91f3e4348bfc1a2695bb9e4e45f1b36e79b0734edd54b0439c8b7a,6a0e82c2ce1dadad
train_2227.jpg,3b307073acba0021facbbf1e7ba03f93f17bc937b7654a9f97dbbce528418a49,2f2f87878f8d872f
train_2228.jpg,5b4c2ec08838c9e4b04aad2d8bb13f206d799dc2eeb638c6966f7b62ef02c436,8fc7e996d66bcbe0
train_2229.jpg,bf466c668830fac42a5756eeaeaa207c5b910c57766745895836ef85abb62024,8d9d89c9c54f5a03
train_223.jpg,9a7fc6adc4c47ea45ab8c6a6293fb503edd31b5cf588603663b42fac6d558f23,3735353d3525292d
train_2230.jpg,42a4936b8aca6a06b8b0aeb1cc1ad1f1a8658842bd97e589001c53d783c0ec17,9511cdc591dbda75
train_2231.jpg,d2fcbff3e626b7115ba520abd002380441774ba49d010a89e741b19a1193ab9f,149e8f9696363f2f
train_2232.jpg,a2713056a818cf9531361b5ee3ebdf9abd8ab8ea74913eb21dd097b0960b9403,5c04068ed2145879
train_2233.jpg,c19f6bf782c669a55702d3766db004c1d456745bef4c56b412b7d20e61278ae4,8fef6bb696e2cbe0
train_2234.jpg,2c84a90114068f2250148b76826fd4bc2f8c1cfb9a5b25832c23855819936935,13c9818d4d468588
train_2235.jpg,361b97b0fd6e50f0e4bc38d62a8f4d8698ab89f7417952012f6c4d5ec76682d0,6e6753bbd3b33332
train_2236.jpg,4ca51ada9edc5e924dba8de1c572ba1f18b964585d1ae9af55e86df1f34ae644,3434343434343d3d
train_2237.jpg,fee0f88e05ded2cc0237a062d7eef68a50beeb78827dc1253a4de2d35461b35a,9c8c68635ad8c381
train_2238.jpg,14fc7d1db12088b6cd118d1c4d21045815e3de16cfbcff24428a19e2daad372a,f86474dfcb881832
train_2239.jpg,09f7e9c232622ffebc62151dc9cb92e4012deb80fd35e27d82c540bdcbaa01e7,68ac29f1c9cfcfc1
train_224.jpg,031c962a887faf22b0019263f50a3de0b02d9fe4e1703e2e90b3865d60512633,9511cdc591dbdad2
train_2240.jpg,c940cc1a2ba008334ccf369fd7168e699e0805de5cab81589039ca1ba424a88c,464f4e4e0e070e16
train_2241.jpg,50a2dce348eb089bf5949838050aa09ee0d0a2e2831b9ba77c49ee7406926b83,2c3416060f4d4d55
train_2242.jpg,cdb1cc0b2654113659279b68e552c03d644dbe1b61c9cb1f990e845e151c6091,cdc98981b399c9e9
train_2243.jpg,20dc41da990b23e0565eef913858a4284b444fef0bde9f62670d03060345b175,29696dcc949093a1
train_2244.jpg,aa32e847790410666b71bc86f7b352cf79e7dde47a21653bc81fdf1547e31b26,178dedc9cbceafef
train_2245.jpg,f892260b499fe27dfeb9ef646d99f9719243089c2678e9ff7865e1d98a36a978,317c646f971b3bcd
train_2246.jpg,4927fc08b8b861baa685b5882627ea4934494a796d2d16d1f7255302bfe99498,d6268d8d058bfaf1
train_2247.jpg,32fc6d2238b06b4880824d196df91772c27e63558ab7947ab252bc4627a96072,c3e3c3c3636161c3
train_2248.jpg,b34fd19fc8b47d1a5f5940ad5e5c2d96b10dbeec16fbe3c09302860cc2550149,c3cb63b70f1da38e
train_2249.jpg,df9c81d32029f32df356d398ed94ad59def200da6edb8b1e97fb7482e8b9b8a0,f8fcf6f6f6323d3b
train_225.jpg,f334a59a0ac532c72445eff8e2c7884b33434af7e8e519f0506c9312cefaebf6,070f27031a928e86
train_2250.jpg,f130d723e322fe39e57c7cae10f844368ee68a0d151709603baf95a99786096a,fbba29998831fc6e
train_2251.jpg,9a290ae99bdfe73a4c374a8f51cc410580dfd13be864ea783b870ac84bc94617,29696c4c849091a1
train_2252.jpg,7b66f016675ad21cfef7e9382e8a93515163f346849e4bf1b6660b706d4e03f1,870767ef4db3fffe
train_2253.jpg,7fc744f16c557fd7525ac4009b04a345e74b33e5a3c504791270997c97f21ba4,096f2e3d3539381c
train_2254.jpg,315b829745b86bd560e88e4936b7380bd7aefb698d8bfa22ba35973804509ff9,6f2d2d2d2d2d6b2f
train_2255.jpg,eeb1bbfb8579f1e49d0eddda85b3ca9a03c5291e18b7f6ab1f32855eccb29509,17cfcdcbc9ce86cf
train_2256.jpg,90de5447de33da9c78cb50b1583923683342622fe61f1f6ddf480988807c9177,0fcdcdcdcbc3aded
train_2257.jpg,b25622fb753cca18a0713e90c1a4b0924cbaeae5f7ecb427884661589579ca69,0327a29296b68e84
train_2258.jpg,2e4684c54c5232f2a0bb8e981bd872051974eda1eff5cf5802d45dcb5d457eda,8e0633a591d24863
train_2259.jpg,1a898029bf2cef4b0a8c7dde5edb2a0ec0f015ebfaeda3d85031f7af50446aee,4f9f5e969eb1392d
train_226.jpg,2f6d762d9f242d4653ba7d18ed8d9595457f2873b884c9b017945dc47ec0f2ce,ece0f0f0ecedc8f6
train_2260.jpg,4dcc056dba4a45c4825ef4b1f2e7d7752ac865851c44a683e04d2727a210fa7d,2f96662da687a604
train_2261.jpg,ac12905b8b7d41e29ca84bb2761e197fddce83448a899ec31b4d32ce367dc8a8,3a323012c68ac064
train_2262.jpg,0f828b6d6c84e47c9d146a9f754f97293b284e821fea62270e1d57351ca30c54,0008212121213bdf
train_2263.jpg,7a6925e3639a93dcc849e499af2407abbdeca99c7a38dd8b85422b1473b2de2a,7b6e67676cecf478
train_2264.jpg,9e2dceb931c855bff2c7d1a0a93ed8822ac9f16cd294fe7a5441876ca6cf10e3,636949495547b2c4
train_2265.jpg,d3420f4fec2fd662446d283247c304a2d47f659800f98604b9279b279d0cc960,8386cea6a464cf0d
train_2266.jpg,b13488e28447c221344090a7c3c313c485789833635afe8ca68b9935037f8da4,970dcdc9efc6a2ed
train_2267.jpg,a114672992d000841b8a1c075faab4ef49ce966e3e1682d8d61a5d3a3a44b2fe,3613d9e193516edb
train_2268.jpg,c0274818cbd3451c394b8b322b1f882b5e567378cffdba15fdabc9e761f2198d,b39a9a918b07e1b1
train_2269.jpg,814667738c895223361d269c805a16ad483de7f25d0273ecd6763faf38288185,18d9c44d492646cd
train_227.jpg,7b8f045cac4313da7341dcb7cf587e451f2904a5ba0b98c6260ddb4f52ef0f85,cf969626261dce9f
train_2270.jpg,e46b6b0a856e51e9d28c8bf4bf319f2d359d955a5b9184d4cfac362ac5f03d94,a4a0a0b9e1f1b165
train_2271.jpg,e7462e147a4bbfd782c9772ec86a2c6d4ea296e9d5da8dc9c9624ebcec448797,878727c9c8069581
train_2272.jpg,79a85ad259d04283ca9c8ac7791694ce0be6ff24892c9d95b918047609943b02,8f87c4cc9490ab9b
train_2273.jpg,0decb503e5d68e02996bf496d053f4c4bed9554f0f085c1d85d5cc9380d13be3,e96c1b9bb3333339
train_2274.jpg,77b2970a31c8e56c2a319a6df79d0302c8286a1b3c45ddd88c4fbe3fe769effe,070f270312928e86
train_2275.jpg,a9a341effe489e71d769591de881d368b75887c08f17852bfa89755f2219ac08,1b3954511f7c719f
train_2276.jpg,328de8b1a9ddff446024032321931e43cf37b11f85b767278502959d79de537e,c849594c5cf87878
train_2277.jpg,4690e4507587b75650ea3728984833cc21b5507fcc45d9cd56f4896431699df4,cb38cbc4870dcbc9
train_2278.jpg,2f237b172b49bddf91f0c76a5672a05e608227d8aec63bcc4b59636d61468de9,8f8f6b26b4c6d2c0
train_2279.jpg,2ed9908e8afcdbb7f499458370d2d6b80cfcd07bfb11ea0a89f386e7fc7ea678,7b7f67e7d96d67f5
train_228.jpg,d3a2e84ca2c4100b781fa44f3a9f5c3ecb20fb88dd13a849348046961f965574,1a591a3abcbc3a19
train_2280.jpg,1a5d916b4a2e179ee50ceaecdfe0c0cbe22ac78572745e9fbe5c1cb2ae87139e,0d968e2f69a8b426
train_2281.jpg,bc5a6ebc50a5184e6bb467faccd4ddbad6d12912941459b2f618fed074348584,4f4f0f0f0f0f0f72
train_2282.jpg,c13ce6d3a85f16aa7ace2188554d78d4fc1b680c4273ba40456274e372c05554,5f3e2cdc9523da55
train_2283.jpg,d2dc33cd404dc5a3f23c38e0ff17e4918d856db5fd8f99588be267a772fe1631,b0183c2d848c1175
train_2284.jpg,6d1bcf7927e56904758eda14de097ae54e57699f9ac609fdee9333ea1e847e25,9806878d8cc5c407
train_2285.jpg,6319b3647911693e6e4b08caf58846c66a9a0d570e6a026cc8b6342e4a4f8b86,20606440603d391b
train_2286.jpg,8e98019a73c4e53b575263ca174d6833a2407ba45647da3b13e5c9407b431d87,1cd98b8e4e1e9c44
train_2287.jpg,ff0d19d9cd514abbd1753e013c790e3bd9b4e195e6ae11de5b094975d872207c,f3d1898999d0d4d0
train_2288.jpg,28ab1960ae806ada100871b0b9ff8c979a40e3745f10402416ef866bfbdc233e,0c1c1c1c1b1b1a06
train_2289.jpg,3f1768d7d75b1f1f4331b1082b628456bd38bcd4177816ecdbcbc4bdf1063384,0f1f9d1d1d4b0f47
train_229.jpg,6ca3ac3979148d5ef4ea895806de71bf3530823a12f8ad7c0ed2dc1e5a7b3579,7f7d4d4d4b6ab296
train_2290.jpg,aa91763df8d9df206b576a2e64665c77e9b583c9aca08bc8aec999dff5c6ca27,9616161707860e0e
train_2291.jpg,b4d0408c8c913e3a6a6618e6b9efe5311828119a040b4c07e60b4317b99e2eb3,d1c8cc4cccf0fffe
train_2292.jpg,23a382b344b61557e843c3856608d04a1cf9d2609060edc7a53d2e0ae4bc2ff8,47e777313524c657
train_2293.jpg,387345133534d0399525166c63cda54f02b83d47892b37fa0fead6ae35b6a77a,0101b033b3a2a212
train_2294.jpg,3eafbf8aeaab71c9ec992cec61ed5c2ac1f7637f21918b6d50adb0ac16db1e44,4e4f4f4fdfbf9bb8
train_2295.jpg,4925954979bc604b2b80ccebd2e28b000ebd9bed593fad01d8a927b7457cf748,9c0677199996c147
train_2296.jpg,1ab21aa72d50dd928f5ef236623626b81dd52ebcc34fc5256592c89d2cc0a32f,393030354d2c2560
train_2297.jpg,915e64b0566994a6054ec2a4f4720f31a0c1d651a99152a362539127f0c47d83,b7b7bfcf1b5e131b
train_2298.jpg,26758fdf67e7799a836b2e4880bc76070bd5920ebd0a40f9f06ba14030f61127,f6f5a6e7b09ea272
train_2299.jpg,1125d141f8a4d2092b5620623e3351ca50fc9c39ee9b4bf347d24b1a97a6092e,674d4d4953446422
train_23.jpg,0c9fe3e03b612d56359fedb791c25534e913b0a81b04722ed2078272754b22ee,862c2c0dc4c6e9ca
train_230.jpg,9c54619992b5f36292f5bbd50272a67d86f4e0e9d6adf590ef99abd2429adb3d,31480c244e5e5080
train_2300.jpg,ad2d7f2771090fb3fb335f88323ad41f88907fa965ff62be53cf4342686ee297,c63471991cc06d78
train_2301.jpg,d50fe526d2468b82580bb2dd39dc1c91c96331d59ce58516e6dfe7dd0f3a9075,83076747cf9fffff
train_2302.jpg,d94132416a446cd2049baee82d6f701518658f7a77486795f694c303e2ba8de0,0b15678b191b0764
train_2303.jpg,49753354d2d1090a716cda28e2c4e4df6daf7ee6dd8d363f1531fda2841b9189,278d99183e35199f
train_2304.jpg,7368cfc2cee0115ef79319f5ed5e94128be66ca3f7c33d1b63217a36832d77a0,139b1e4f29353e78
train_2305.jpg,c09a3ff266b3521d676338919711ce4ba8b6097beb750907a56fdd279446f66e,a4a0a0b9b1f13965
train_2306.jpg,b4e412a04d185674682f06b0e2bce660bcef5884a4d24ae9fde8f05374b4bfc3,6030306d2c2d8995
train_2307.jpg,3a1b6ad9d3ad60ffca5736e3544109d253b0568397f0cd1129347cd004d954f8,f86464dfdb881c32
train_2308.jpg,2af083186cb3b1244f9c94eafe585daad3d94631ce741440f2f98a563c2fa4e3,59fbe1e9e86e69eb
train_2309.jpg,71d60ccc4989c9d702f0e9fb147c0fe2dc6f141f3a8cfbb117dc92013d5b5bcc,040701080b8b695c
train_231.jpg,d946142305e2b4540e3697dededd681e2afa466241d5a21c38b20098a3e48537,82000413431392e4
train_2310.jpg,f78645710aef07bcf948e1684e46ca405a193035b52d96b2805106a195b97f92,0199839393db4f32
train_2311.jpg,45e8446b0fa60a64b857d254a944853dc343d4a88303a12086c0f3bfd4e40a8a,070f2e2d3d4e2f37
train_2312.jpg,02ec886f27f3aa5dbc72897dfbe6d7b85a2a0b76dd42633c1bc29bcf96e4c99d,bff320888fbaece3
train_2313.jpg,a53fc42de82c314d5a30c15d1fe3034d59444ed6a7ca919d6483899b1551b53e,17cfcbcbcbcca6ff
train_2314.jpg,2eb544210d8c3ea24570254d1c48135dc167ee6121e8d6a724158098e75595d2,7171050f1b2d7d2d
train_2315.jpg,7f588c4d8a6584753d146abddc51188acff9454ce2fe3f49c4ea69699f1c58f9,b8bc1c9c5d5b6325
train_2316.jpg,f6f94201c66c934dd92b7ae3ac1d93958d21e32027af8905862ae15598e85a79,4e6d6ffffffedbf9
train_2317.jpg,dcdb83cb6b5d48cb8320018ee5d92cf5495fb5190940f1b90e71ea59841d0972,e83a8d8f0f1b1a1e
train_2318.jpg,fb639af8800804b99fb3efda24a837790b206e0d0f9272e5a6865d0c5ba9edc9,c163e3e3e7c6c2e0
train_2319.jpg,87106545078b18c404aa2c1185a7fcdbabc6ca5eda1282ff7f12c60403b7c286,237171794e2fd0fe
train_232.jpg,e3e462c8ff6dd4e8c14ffe918a56352d099cc34246cae693227dbd01f5542687,2de7638d4d6df1a4
train_2320.jpg,171c729bc7ccc52d0b1b240d3dc5b58dfdf253e7346bd31952fd2f906d5e6721,4f8b9b2f2713ce8e
train_2321.jpg,7dd2864d003d82481bfd623e3d796c6977c98699f478421c669b7ceccb55fbb6,060f0f0b2b1a1c04
train_2322.jpg,2930fcfb69f0f30d9d29b916f25e6712829e2e300dfd635d001cab8e56ad721d,160a24252d4dd7f8
train_2323.jpg,1246155df56329a8ed0e8fe504cc9ec1bace7f3f3ec3d210fbeb90f0dda1d7e0,d8248d8d8d8bfaf1
train_2324.jpg,41bd1d5b5f971afde91eac92d27b921ccc166e70aa9fc51643ec0c61be1a4a09,c3e3e87870d09c6b
train_2325.jpg,2d44998348fb4bbc9f7846deee0b4d3ae82a784a5f4ae014ee02c47529510bdb,ccdcccccccd9bb33
train_2326.jpg,51f3e1c821cc6d61b0b659e276e93f031d8c28a7a18322aaa2a165ce4da4bcd0,4e6e8ec6cecee9f1
train_2327.jpg,8eacdc14879fc0f89a427d55ac7293287e4b8cf243efd2deb0100f8276126e0b,262697313996b6b9
train_2328.jpg,9d8d19c27dd668742b2b31331af31359006110347324f5e55d27d338dc0a8e4f,2764802cb2309465
train_2329.jpg,72ad18616ac0c6f5fb0c392e739bf96c0e2b44895601933394d6386b328e0371,4c485c4c440f2dac
train_233.jpg,0cfe0f18a9c117247a6d07ca8851b56debb38197e332a2afb6dea680be78c382,637bf16161696e64
train_2330.jpg,bfec7a06524da53a0a322705008b068c571c53c198eaf334e7707be3b0800883,91939692c3131935
train_2331.jpg,79dfd16e2d352a7baaa12c48fa8f9c71d4f0ca6aa64b50c2736745102bae1b06,d493131b89e93d09
train_2332.jpg,585c925ea7af2378991d355cd666fff9adbe90f1b921f93bbc20d83f94d29510,808008602421c02c
train_2333.jpg,91c53051d80371615f074b2e17393b4621eba5086221453f51febb8e8eaa39ef,27272727270d0d1d
train_2334.jpg,d31a6bfefd021dda8b672e3de1cf6f40d182474d851ce7e154289db2527d6055,18333beae050e0a2
train_2335.jpg,f3c86800a8aa96c8a42873e27902783249cfdbeabe2174f1648f36cbfe76bc6f,070f27031a928e86
train_2336.jpg,ac62bafb4b22ea9320800b1c836aeeb85d47d31b47dce5e2bd3e3db17edc089f,451f9f3f3e0fcc34
train_2337.jpg,22e51ef24b8e60612a2309f7b0bdcbcdf7f40156abe99d0a5cad371c42adfbc5,a7cd8c8827656363
train_2338.jpg,30bb5f130e67f07549eaa18903b3dec6987cfc881e2dc3f3cc8dca6e68294ef4,8c848bc3c3d34f6b
train_2339.jpg,84e0320f8428b018d2776d121ce5ff4eb366184147a7a02b3970e57b61857aa2,e4e4e5e7b0ccb2f3
train_234.jpg,1d1a3f7210cfbd2622a292b68b088f76e859eeb071e378db470eeae26ea9781b,4e5a9a5c0e0e0f23
train_2340.jpg,b801bd61c5f871fff741423151bd201861717153e2b71fa61dd91af4b3a0cf53,170f2f0f078f8f87
train_2341.jpg,329aa52fb483fcf59e6b16204e6a0576c5f448c88b14949873d1142effe73627,0101b03333121a92
train_2342.jpg,461a0d33596dda2095267c00e8f341798afd28ce2c49b781926fdb6288fc909d,dcccd0c0a282e2a6
train_2343.jpg,e4a9cec419a936d77ae7fa5150b11b3667fd7462fd5cf90310cd7f18175a3d34,0d27273626363335
train_2344.jpg,9f18985c12b21c0d0053cdfd8c99909e8ff0146abcfefc47da1a3475a947b702,1f5d4f4f0d07890c
train_2345.jpg,041c9618fad4588530e739f6951cb44d8f1c09b430ec862c438126e599513e81,17cfc9cbc8c1afff
train_2346.jpg,db6473b91976cf001e5a00ef3bf2c6cc8998c7b3453f0df27ca00404736bb8d2,0300123bab8d8f0f
train_2347.jpg,b459b98a1a19882a5443feacd03537c193983e3201f9c4786d0909498070ed6f,02b29296968c8616
train_2348.jpg,f765ca9301926081e1ac177f63fd65b8fe431cb78ab49ae2ca1b76a5538a6597,d4bd2d0d6cf47474
train_2349.jpg,463201ba6c5e09993744481a0781abcdfa608e772cc5e8a6ac0c503ff00bf520,11091951512e1191
train_235.jpg,63fb3656b0b902d3731259bfe20f6db4da1e8f7652b6d0acc2d163384227e9c3,c7ceccdcd0cb8bf0
train_2350.jpg,76cef5359abbd31fb13666bcf1c5d185382505a1969912c4582b56e39136498e,3f0f074b1d376f0f
train_2351.jpg,99c848c8d15225dafb7ba0466de0edd9d0f2d6c68111d9990b260ea1f5875be9,6f6f6bfbd96d67f5
train_2352.jpg,1a025d5eec552222fdbf4f9d926ac6c3f23bd73e33a9b5454b77cffe5b4a116c,c30704c9a7079fbd
train_2353.jpg,b4eb9d48dd6f59a80dcb4ab6513de2ac49a5c59456cae8b354afe3aac614f5f8,1d31333233333336
train_2354.jpg,3ca9359dc65653358c92d0fe6e20a47c18338a9168d24bd96f0750967f584545,3b69890927e5e387
train_2355.jpg,4b48cd86a95eedb73aaf2861c22b5b2f5ce728d8c3467bd6813e21519929a399,79bd2624363770f3
train_2356.jpg,d4f1af694c864646f73800f61a4ffc5cf54f6fa358d4a65f30f0d513362862a6,1d9d7875d3175e7e
train_2357.jpg,5a8aad5a2dd6b4de1781f89ed749bfbd23365b88549130dda8777f170fd039b1,a524cc8db36b4f1f
train_2358.jpg,89a1347faf1221e9b794abeaa08c2f61dc118bb4159ca8075377a11381bf7f50,01170c19382b321c
train_2359.jpg,e096ed74cfa1095ab91abf2106cc35f3d4dc4a85469f94927fa53acf6e019ed5,b1b1b1b1b1b12939
train_236.jpg,4dd644c9afe039c905256208a80c6df982c3134333fa635d1334b200c13c93ba,333357375737173b
train_2360.jpg,b0f9e07e86887016a3abc1b837cab35299a5ca8131e3625fa08bb86ce947e767,2d2d0d4d4d0e0b2b
train_2361.jpg,e465829885c29b8aa7059d4dfe976dc780d946618f74b65e81da1f572e33345f,3634253515093933
train_2362.jpg,fb117962db298871460affe4df9a31a2ea3d5aaecc4a1ca275f49fd8f3ef9d96,e5e7039b8bac3b7b
train_2363.jpg,a0407dba31f79ca0dea61bf5e909eb2b18b79fdf8628037b35173063cddb479a,07071797bb8f8f8e
train_2364.jpg,6e0f3c539af5a31feee0df9d46b6b45bb2c08a811027629a0d93d949918b62ef,6f4f49494d4d0c52
train_2365.jpg,88edd384686b9ef92aba9ec128d4c333b98ffe011be48eb868e3c97e39f04266,db33362f142b2d37
train_2366.jpg,d98ff7aff7f5d86597c7e31f60cb0af2a94e7af7def05101e60a587b25d749eb,4b5a9a918b27e3b1
train_2367.jpg,d079c0072aae793d74e203c148cdff56c4b73e09c6fc68ce7231466302a1884c,322c0d8d86868fa1
train_2368.jpg,f52a4dffbfcead3936a10f727ba274ec3add5a60e65067bdb0bab1f8523100e5,8b8b442336268234
train_2369.jpg,49476fa402043286838298d362460d7b1758fc9e898c6e8cf6de2e93411301c9,71696978363633f1
train_237.jpg,04ec6de5ec1d59c792f026f65fa321b930208c2c12f4c2385d97e7b753bc2ba8,71f14553632d7d2d
train_2370.jpg,ac2f96b66f2518fcf2ed0b9f7966e7d4fe5031b99c3b12fe38fd14f47dd48975,3b9acc66f3d9acb4
train_2371.jpg,0200f189307077be75249b8a78754a6c41ec7ee949328452ec9cfb537592690e,c5c5c5c7d3d2c4df
train_2372.jpg,7aacc67f2738278754195d3469d602ddfcbe43a989a968abe012ab0458e29b8d,070717979b8b8f8e
train_2373.jpg,4ad73f0316db3c4ddd52dc08a1dfa36bde2f72dd8f98fa98dccea85342dff2e6,0f0713978b8b8f8e
train_2374.jpg,beff80bca7a2eb7728cfcd101d62c6f816db1ddcd404ff5a645f1123a1a665fd,bca983e363532f1b
train_2375.jpg,11a2f51be3935b3eff4c904de1a861f2b0858ace0af738aacd4cb6887b9c41f1,e9e5a7e3a38f0b0b
train_2376.jpg,de9004b9901ebdbb9aa1a57c3a3818824bcb249ac79d263606da115f36608bd5,68d1878d992c65c5
train_2377.jpg,10cb9f6133d82a56a980e82d5fe1bca1561ccb5008b1820d1da2dd708f285206,0e8e0e8e868e0e96
train_2378.jpg,c9b2a64c0b31e55842e8c2ac11e733666fbf9a3d98d378ac5df27066c33fe73d,032733232f4f0333
train_2379.jpg,e482770d211a4f776db99f2808617f9c93ca400b5917505a3a123b59e9a7fab0,3333303039592d25
train_238.jpg,95e0948b3ba39de773295591962ae49e17dbc6fae1489796f3bb8abfa4f8cf4f,9f8f830b43c3baf9
train_2380.jpg,e9fabf03d4de3b00a60f490dd565388ad72bc7b3e600a97f1abe6875fc0eb778,c7060489a7079fbd
train_2381.jpg,1a2b9afd137c0b1b01f1a5dd97c0a9277260e50a093b0a5d91a2dfaed1765131,6363cac981013140
train_2382.jpg,d069671307da49ef22403dee78610e08c6f87b1e6c2f9db9f86170f2c6832046,0f3b0f074d5b9333
train_2383.jpg,4ff515459dc0a69ff4b05acf59c8da89ee13336459626d22e1bb410824697d7b,66669c8ec65e4e6e
train_2384.jpg,ff9f00f36bbf4f629b5fb6df957f4ed5c520650c591676cc4825dae70183d004,222110204b9d1542
train_2385.jpg,a1374f0b5bc06caa29b3b1ab9b26f723e4374fb9aeabe3184bd8fa2f42c7aaba,931b171fa7270727
train_2386.jpg,26aa7f7fe5124a78436e00a622ac16f0085e1914c45b2970f0e9df4d544cb3c3,0707a78787878787
train_2387.jpg,27d86547c9ce3edacda5e311473a0d7707846b6050623b09f9c2fac917845a2d,070f27071a928e86
train_2388.jpg,67be56cf736d24b80b9d5792d8f622d7b37fd8a9565f46bf64e73f38c4a23acf,0f0713978b8b8f8e
train_2389.jpg,e89546cf159e39ca606d4ca2dca08a36dc6933bf923893c4eb7ef6a16f0fc67d,0327a2b296b68e84
train_239.jpg,ae2b907a8e933e733240dafe17eb96d65c458608f8bc16d858aff72549287c8a,676d4e4f632b6767
train_2390.jpg,b59e8523ff3abb6a92e7357f7873808a1f9be9d1479954ae9ccce81b1af7fcda,a0b078692d0d0905
train_2391.jpg,3f3502b5a56e4bb0d1b1eb410535a58996d06f6eabb967ed0c9ae96c29fd6c1e,0d1e8d17165b1b53
train_2392.jpg,8c838e1ac10ac6f379a503779e39ea90f974c2fd9df7562625fd9ae835eeaa67,1d31373233333334
train_2393.jpg,89d6943d76b540a5538b86885d84d437254eda023809586bd0e95c8ca619f410,4d6d2521392c1727
train_2394.jpg,bb5351f23d39e7c863beda7598e3d19586af61eab34b65ac3bd184ce0a3a8946,c3c3436343516362
train_2395.jpg,2b225c07e885cc05cec1135208a44fc9f1b0309e42b23931c3122ba226e387d8,91a48bc3c3d94f6b
train_2396.jpg,d6b5753108c9019acfad819c9b91d623b5f1220b22327ddb3afe1b4f3f5eda32,23130cc2e8da8f2e
train_2397.jpg,c0dd1ae2f4db57d81e75770b3f21ba04c035a9f0d243971a33d569d6b42bf308,b5edf5e7e64505e1
train_2398.jpg,4686ff7854992d5e71066766c9325318ec2eeb02b1d931514b34d912fce6b7a8,3e2b1b1f1b3b3b3b
train_2399.jpg,e3e10f40ba330e63f7d2b1867b191fd1cddec5c9ca824128f100ad223e613270,1f1f8f9f191f1f1c
train_24.jpg,cd28ab607c65d2b49c506f1e1b2311d316ee681266512ec3041f19aabc33cc42,63894c742c742c67
train_240.jpg,0ae367c48440659f38ebe3e1deba07169141c2ba4fbab954c15f2075bd53465f,bfffff7c7172facf
train_2400.jpg,0bcade9db9fc012364618913e7e9dbc8b6798bd70b97c8e51c0ae379adc3d03f,f373db9ab3481253
train_2401.jpg,78ac3f6d05a8631c5ab213322e1673980fa7031153cb82007283c57f76da77db,e7e1f9f9f0f8f070
train_2402.jpg,17f4b12f9cbfda3fcfc514acc5acd95885444bae99601d08052e08505bcd9fba,87071f0703832321
train_2403.jpg,bf74af74ce575e01b287ee3b0452b602c9230a6872fc3f62ad2c38f73422591d,060f0f0b2b1a5c04
train_2404.jpg,db2e8b208af6fe714ef4b2dcb5d2f57a069668ff5f87924a1f0482ba6bbae785,48ea4d0f4ffafcfd
train_2405.jpg,60e294915a7d0ab87de29312dc65d208f6a267863f4a663df3d175f75cd9bf02,070f27031a928e86
train_2406.jpg,38df4617fde9a8d793c078e9d0025d3e08afcb76158649c59d703a4ccf1db1b6,dcccdcc882a2e2a6
train_2407.jpg,a04ffeeedfb7cd781da606de9f05aeb57f2258934b249ef6ef73c8320121f050,8e0e0f0f4d4d0b0f
train_2408.jpg,713a22172efac5da89750a79c67be5db05e3b15eb1837e2686221c283e84e858,4e4d6fefffffdbf9
train_2409.jpg,56db53a2a12484a011125ac6f0ae22c57c657b5ede055bc825ff05c37e5b11cd,4e4f4f6fffbedbf9
train_241.jpg,373a76a22d9d06aeab762f34890952a621007228d48318e9124b3c3de9004e33,1e170747172f0f0f
train_2410.jpg,4da7f302a54eb52157bd65dd8bda7b912d74193e85863b100f4ecf6c9c8b1c9f,bcf36669b09b9f9e
train_2411.jpg,0e2421706acce9f78bb885607c66ee9f7fd30fcf7c60cc08430c73d3e5ad8e66,1b4b5b594d4f1919
train_2412.jpg,e6a94ddb20dbcf534ff2d788e701c81ae16718b1f4ecf7a0bf076ee682549824,1d8f93939391d38d
train_2413.jpg,bfb95ea17e26390500beb2abe0a323a3531347bfcc2f62f65ad5088c832ce052,080c0b68786e8f2d
train_2414.jpg,35e3d3241a7eddfbfa1163ae2e19c56ddb3476ee235287ccc1f355757acdaf76,6c6c69686c7c7c7d
train_2415.jpg,d46f4934a9090ffc113829707b2c252fcd07f528b0c6da72d0878deae1ab7412,e4a7070d19511eac
train_2416.jpg,dc3954ca2aec0b65f3342bfbf8de835d7eba67df6dc57551bcee4c2dd85f167d,a3b327374b333b3b
train_2417.jpg,71bd3bee849bcd57bb97806e6301e96685014f8949f2419c89e560c870e0b381,133353e263633363
train_2418.jpg,070737841f31f26441a560ad61efdd540954750e72694b61cb18a907da2bfdf9,41115bee6f3b998d
train_2419.jpg,1a507535938107bf1a4fddae12ac1257591a79e97f8798b1227bd59f50b71118,c6d6d6e771e3e6ce
train_242.jpg,bc5c72e5d8bb7335db3fa301903bb32b512496d84b15bb093209899baaf3a520,e036a6caca726519
train_2420.jpg,25070b3a3f06494083f0299bb14daef74473fdb7bf60495894b5edee14c230fc,03231b0f4f0f4f07
train_2421.jpg,99716b75cd4fc778e673b06a23412d3c54c5c5e6a6181981b95e865bb31c2b1f,ffc6c4ccd4d28af2
train_2422.jpg,11593dcce77a008c86a9a8b38cd91af4df45c6c61f96f490cf7e2b79d0268c2d,7f252d2d252d292e
train_2423.jpg,6bf0a85843a1c3622b688e5ad194c608459d3312cf6d5195c4e8ab50723d76b1,d46963656f6b6b7b
train_2424.jpg,5bb95ff21afdbd5cac152eb33aab3f3698b118380a2e58751312fe190db383ee,0f27271313371617
train_2425.jpg,11321baa0a68f0d92f8e80e87c16151e99ccc0f5b545896363e3aef8723fe943,ce5643337943323e
train_2426.jpg,00cc0f0e29db1bd47dce2c82357523817bbde3835fb3e6ec2e13f8da94051b79,178dcde9cbc6afed
train_2427.jpg,4a4059312b17cf687a609c3ebb848a470291c01f262344273171101fa47d7a31,07cfc9ebcfc68bfd
train_2428.jpg,88f6a7b039790b2376f0418e466d6a85cb1f4cdcf0bf14006933bf54a7d6b430,fcbc393918487460
train_2429.jpg,d05bfe7b33cb4807d4377a1e93e230f422d32ea47b06f095a7ea79e8366c1824,7fc6c4ccd4da8af2
train_243.jpg,d6f96f7c0317fa3d612dd62f9708c39b889a80518ae0ce7f49d63fb71c435b11,b4bc4f1f2f4d6502
train_2430.jpg,57c3ac360825fb90fa1ba69e21249da02f8d9fb6ed254753bfaad28820e654bc,14968f8e96363d2f
train_2431.jpg,2a662a63988fe59d090ba00ab721d0acc6018241ac27b225af3319b4f39acb33,8f969ebade86ecd8
train_2432.jpg,2c096fb7f3b4ac64b2aad74ae3a076d6e0ec041f90a9a621f8fd600b03163a09,01898b93939b4f72
train_2433.jpg,ab03de16f276e34defe9704dfa26c3e1aaa60b6c9448d91b12241190dcd6a03f,1d8f93939b91d38d
train_2434.jpg,97d2a6a65195b943cfdeb937740e38d4d4165a133a7de7e67972118476e49050,070717978b8b8f8e
train_2435.jpg,7407c6f8f2c37eb3d51deb1d557879e3622b50b821382b13562fa3ee962c2bf3,c27c2c0c1424307c
train_2436.jpg,8608565b2fd5c8ad488359356c7eb5e4f7c8884cb1f2224c72bc6a522c94e2f5,1f8f93939391d38d
train_2437.jpg,58d2bae1b082b352ee06456ebd4cda21f5be8a36c259f0205d0ba771ad7d5326,0b331b0f170f4f07
train_2438.jpg,bbad537a57a31e67eeccb3a795212a589d902d9fd6de9adfb74c3ef66915ea03,f3c36f4d2dcfc3a5
train_2439.jpg,1a2b796677c3398205725dc4099c718e74a0edb6faf5ab2f65c97b5e735f9c1c,7a0dcf472599cce4
train_244.jpg,053419103e3ffa2963d2be45c8b30bb60bd813839ef519ddb0d11f6d29f44fee,07078696961e0e26
train_2440.jpg,20f3414a73d56daae699b4d2325d750f067d57b66a7b0ce8070ec29f5181b9e6,6766a687a7a3930b
train_2441.jpg,28298774d61205498344d0aebeabbc853179e9af65149cad5a720808e6b6720b,7c632969c70636ce
train_2442.jpg,64df9b44aa3342fe6a1f0d46be6f6614fe34a452ae71eb6210d22855a18be2af,03012109077c7551
train_2443.jpg,78fdea21c8be5336310f97ff57c0ae7209ff841099ffa544f0a0fd0b652519b0,efef3f0f8e0f0f0d
train_2444.jpg,f393ba5b3980a761119fe9c2060ccc7200e13bf786f01167cb118bb1fd037f5c,bfa8aaa9b994868f
train_2445.jpg,366bb9a79d70251b84fe54b6847393891e11cfccf7fb8b87f97eed403b21a468,02b29296969c8616
train_2446.jpg,a7a6bea0dca5cbceef6894955cf60cc4e0826968af751f7d92dfef1339c3d6e5,09210b4fcfc74513
train_2447.jpg,823e220df0409f2688cd23461a603151fe5dc0763ca8313c63e16298cb93d42c,c3c3436343516362
train_2448.jpg,d722b5a75a414acde8779b5b84e354b98b3d11d4a49c5287170951ba0ef1f782,b4b42f3f2f0d4dcc
train_2449.jpg,f5818fddcdbafb59d641bac7cf826e9fd15bbef77bf85cfe5ffa30f4f3c0b133,75cd6d4d4b6ab696
train_245.jpg,58ba4331e81cd45958e4c6dbecc44c24b3252df7a3fb77dc3bc9995557cd6fae,c8ce4ece4b439262
train_2450.jpg,2364bf83b3e796f87341d71ef44d31a4f43b20e6c2197bda00d95913dc053f41,f3e1e1e9c9c18303
train_2451.jpg,8a2032f92dc88cd5832abd527f3a6a605bd7e3329d6ad2f3b1a4e15d9e5b0e34,4b99a745c7890d7c
train_2452.jpg,26fefa15acdd8ce6de007313e38a27c16b7d93d3c5c9a6da93f6d45f5d8c884a,d485e9ebf4f47076
train_2453.jpg,d10818711169909d09d5b89e3e855d6110f86ebb0998bfaf5e609a0e91205b04,0c1c1c1c1b1b1a06
train_2454.jpg,60ecdf445ee9788be2b31de4fdf63519a9dc2b24970677930f77b2115fb23c2c,c3c1e0e0e0d8dd86
train_2455.jpg,ee5d2a22d4f69a847024dc903989f13f03020aefbd15772f41595733ff8f4b8d,c3070589a7079fbd
train_2456.jpg,9e06dc18740275f2cce075cc150b14bb9287dfed1bf5ae56e39c3dfa187cfd5f,030101f1e8e1b18c
train_2457.jpg,83cc1d9ebca78a3093a0621756d88e66d68d765800ab97f2e5879c15d635a0ea,3a323016c688c064
train_2458.jpg,c84c8bc249c18cbb56f76caf85147879c458633a58508379b2714a9411c9d59d,c7ceccdcd09b8bf9
train_2459.jpg,3729175b52d9d54a3f3ffc0af867e49687b3186fb8671a2b1a2da0428bd6ebdf,1c39292bb173e495
train_246.jpg,3a39f087d5818591a8897ca34265d41db4681511275a42720fefcf07df2cf333,1f1a189f19317567
train_2460.jpg,be817bf4409e4cf05abc0427e17a7b7cfe76e392ea9ba4a34f5a48d444e94d51,254d0e86939b9f8e
train_2461.jpg,98a96f371041e6c71537361110ce6e7892255656be4c7de6f8c09667ee42a1ce,178fedc9c9cd8eef
train_2462.jpg,6e61da192418d30a627820b89c948918851c4fb3e5f0080840ca30cb38bafc7e,070717979b9b8f8e
train_2463.jpg,7faff37b39a3b04c9ec141e34802ef821acc50ea148d333b8624b7dd30df0f36,333357175737173b
train_2464.jpg,f2684c17582b24eef6c09975f64ed473f82fc3264efbdd1f903a81d50ba09dea,070787cb43130e01
train_2465.jpg,31a68d52c2bd82805378c305a99c0555e5c2e5c6a694215970194c2f6b023e60,cc85870d09111eac
train_2466.jpg,bf0f838d9ff598c8aacfd312569ee35a14720ccf54263e62f76efcbc9a2303dd,7215c7cf219bcc85
train_2467.jpg,064e442ae76f0dcda8bf94f53086ab99cfe3bcfc52a135e8eb3dc804eb999d4c,cdcdae0f33f4f4c9
train_2468.jpg,8c19308605f43ff148fd843837dd5ad0bce17f8b6405a7753bd7aebd78baed4e,d9cf5fdf812511b3
train_2469.jpg,6a7f76cd218619f2ae10a1d641bad90501d38521cf400076c67869d12a256e3c,c3e37878f0b15d5b
train_247.jpg,398b0d715f21d6a0b5ba100c4fa17c18627dd3fa6629f7dbe82868b4b59393d3,599b9d9eb593f3ba
train_2470.jpg,ee0256f6813985a50fa61647c1f93eace65becc23eab1e3514aec4499d64bd6f,0707070717930307
train_2471.jpg,ae6978e302ebcdbef059c9adda824d0d8ad445d80b82362b42774b091675f3e3,87070f0703832301
train_2472.jpg,39b6c698577eb6d5be7de79cf592a1c5605cac4272632c82e8ecc37e044543ca,0d4d4d4d4d0e0f2f
train_2473.jpg,6bac6aef4542d39cd15ce0bef643d33a2c560ad2271d8fb3873f87b255623d01,2d292f33333b87c3
train_2474.jpg,23e8f074eee0112bb86b11f413a390cc0f1b617cfd4b9bacf2781930d4693cbb,68686c6406277633
train_2475.jpg,9a7786cf9bddb4556bef1df0f26ecf106fc6ec12820b81b0d41239d7fd90e9ea,820c093333703893
train_2476.jpg,9ff288b3c75261119bf4ec419f699e3b66afec1f65532b50f44c549eb66178d3,656d2e7171798f87
train_2477.jpg,e2214351b43d8be6b8277eb6aba798f032eeaa0f13637b01e1e9b23ecbe3a5cc,0c1c1c1c1b1b1a06
train_2478.jpg,6805af14888dc976f3a7af2ffe302b9a6c1a183cc62e43bc8778152ecc08655e,4acb5392331b3d6d
train_2479.jpg,31276391984949413dc02be68ccfd93ba928422eaf424cefd5b160a4a886c8ef,df9e1626269d8d9a
train_248.jpg,99e7b9cf5a17013694337658f1c56ae2f624e999a37c64842e3253851cac22c7,060f070b2b1a1c04
train_2480.jpg,413e3bda8a8fde5dafc491c997fb5988fda7f8dbdd8219429efd76a9318d7a95,85b68e0f374f8fcf
train_2481.jpg,d83dc1c87cbaf7279ba1cbe366f24852ab0c7ffeefb9f4259b487100eabd520a,0c1c0cc4c0c00242
train_2482.jpg,72e607e9ae8445f5a4fba1acf9c168af7f38d874272bc6fd7ad7d7d8880b4a34,4d4c494b0f461787
train_2483.jpg,6545bded50ac29617425dbc7dd252f488d7f4c960153f12b9e46f38d5641f617,02070f0b2b1a1c04
train_2484.jpg,2ada0356b0203807ff65ee20b6a9f4cca00f2740a933b58bf781dfa357114d1b,072fa78787878787
train_2485.jpg,0548af09407db3a401408b49806d6024bca0fa48248101fce573a3bc2e3eabc6,0f4d6d2d99991d85
train_2486.jpg,e460199da0b32710a43d43efb70a1fb814a0f15757ac30af1869ebc383be7d22,63171e1414964244
train_2487.jpg,e55bfa8b79c9b0855869845e15dbf323bb44daa6b15936b08de4c15e6486d9c1,b4bc4f1f2f4d65d6
train_2488.jpg,6610293bf6758872fa76df7ceb6d5d9685be8daaa4ffff333c831a16457cb8ff,cbb8dac5874b4313
train_2489.jpg,144400fce0c8c8fd76d8f65b82db5906c44293fd03674a3d04fd94007a0cf155,ececf0f0ecedfdf3
train_249.jpg,778b1e65ac088845c3325ffe64614f39f321bfe03a409806a1e36430d408bee1,6e8e86c6c61dadad
train_2490.jpg,d2c8427d5ee93bb5a8bdabd7ffc4d5246b7cb55078da1436dde14a9150b10a74,96f763d183a9c9f2
train_2491.jpg,43f88fdeecc1882c9df79ce5b095ece707edf59fccbb576d1f3453b1a05842b5,70333dc50736ce1c
train_2492.jpg,339887250822533067d5d6db337a9b4047926a43cb2f52dabd67aacb672f4fb9,6030306d2c2d8995
train_2493.jpg,30187fdb5f3e293d33f5989064c8ded9ff60e0dd6849249466879da532022e86,a5248e8db56d6d37
train_2494.jpg,a6122f91961fdeccb21724307a00cb6f713319982741267ad3811223b55acb4f,0c1c1c1e1b1b1a06
train_2495.jpg,0218b33e0f514a5fda403c46ebfa3de08655874f07318985841c1d2e2fb588dc,3333233632323335
train_2496.jpg,dcf67101c1a9c7792bba319c0bc7b7df59a8c192dec0764ff662a57309e7087d,e13078496d0d0905
train_2497.jpg,f74cd96495d196f4b1c226c9eacf48f74348c12f8416dc45265bd7231d601c59,070f0fcf8d0d0e1f
train_2498.jpg,4b38bf1ac00b5b93e49a717990325654323f1b632748cbe12b229763fe894283,c3c3c3c343e361c3
train_2499.jpg,4eab4861e0d0aaeb7e38c729f76497221beabeb26133a6eca328bb89e5968e95,6646646667230103
train_25.jpg,73daf123bf9ed1639cd147e9292a80bce8954fc891c179fc06e55fa88ce97439,8b8acc6a52f2cad9
train_250.jpg,f15104da2bf66bc7772da8c30e291707ac79663c7cd0592118cebe5862d3541e,072626a6bcbc8cb4
train_2500.jpg,96f20e70a7c5de71a6bebcd53b5d656342b0baa2dbb4d16f1a54709da42e12e2,973da62eba29735b
train_2501.jpg,d170d6f1e092de2305f460dea20b0cab986c9106c24cba1cb5b198b4213b425c,bbaa291d8831fc6e
train_2502.jpg,eac078f1b51cc515528253907925e0ce944eada613f98187b55ffa3bc58b4ea3,ae94ccc8c84f4d1b
train_2503.jpg,9bf49c9d6b289b4364b1f68ef0a34d52691be33dcab3603fbb3d616250a5ef42,c1c1616161e0c1b1
train_2504.jpg,25a44b119c3d023171c4626985c49a553635575e4aabdcdbaa32952d4e616521,060f070b2b1a5c04
train_2505.jpg,40707432bb43a20315723c4777e68d8f6246b258d13db1eb453228c1b89d0d37,3fbb9b3b93920f5e
train_2506.jpg,f8b87327a98d765f62fbd2b7316fd5c650a49bdcdd6ef15310b54b66f0b66e6f,0cc0012d27078ede
train_2507.jpg,e09419e7441c384c5d39dff299dd6c8d838ecab1e20b127a4e434b4b249446f6,3f3f3f3393150a32
train_2508.jpg,1f684cadbc9ed6152651b1bb11e773eb1a88841bdca4af8d313dcd5887d90749,c8c8c8a8cdacac4c
train_2509.jpg,facc23acde35dac5f08ef68dbbb069bb25f59a8263fe748c19db2299a4dce9a6,796964ee971bbbe5
train_251.jpg,d946f49f23097219e70d616a6e6936f73796103a960741e121b71b7a53382d19,8d181a9aa4a62747
train_2510.jpg,a8d6f1beefbeb185a32f8ec9cea64493308ab635ed19f8ff6562e3b6bdca4427,30333290970f6313
train_2511.jpg,1b9fc805c43c669a3119f1102de3c3adfa6ba97e83b0442b4c637e2b6b02c4ee,c7c6f1d998905564
train_2512.jpg,dadbbbd1669cef5fca5c88eb5b28422883d502a4bb05c7a9fd11c3a3ba70c6ad,32b2c3c288c0e285
train_2513.jpg,1395e7664871932b9cc3046f9c1d7395a5c9874a531c5d4f7f6444335159a8ab,0f9af6a4064c0a0a
train_2514.jpg,351ee771968ad971955e3cd62fce8e8b9a99da3f338bbaf8da2271b7590a47a7,83c1caa2a362c98d
train_2515.jpg,815a4e5370141d4647dd3d3dc079bfe2e9d75c07987b43321f43d5a3070683ad,6d2f2e3f3f3f3f9f
train_2516.jpg,b60033d8a634cfed9a52cc218ebc9e59a2d67237fecddf77fb4bea6062b111c5,33b7a668cbdbe9e3
train_2517.jpg,1a4ee1ca75a95bf4f238137e9629f7b0968022deef22d72ee28a09cbcaf84046,17cfcb0445646673
train_2518.jpg,c82af60c5972a1c0073e6a7b08c7403bcb0bdeabd77fb4c61914a4bc61973b0b,0008212121213bdf
train_2519.jpg,2aacf0d39c62241630ac8fd48ddc4ad9ca697df8f5c93824da391d989ba7296c,2561b0696d2d0981
train_252.jpg,dfdd42e7c3c341b80e474a9b394ae6b2aa9a42ff67a7f6390916d3fb1f76eeba,5a42111565252563
train_2520.jpg,4be1d02e39f1ba69d1d29e7bcd28b7b4923bab9f02f8837fbf335469ab63db7c,4e4d6fefdfffdbf9
train_2521.jpg,cfce1b209336d20d70a2e2297c4aaba9a3c98241b1af3e9adf77549a29a1cd73,3b71b12909e4e3c7
train_2522.jpg,c0fe12d5f1ab0e490ada05a8ef3830186b69a5c83bb62c8ed6f29aa047f30310,0727c3e7dfd7a796
train_2523.jpg,c3096b93b3ab16abc6f1d3ce991f2171522bba1f7de8bdc4e2c0accfdc852922,bfa8aaa9b994868f
train_2524.jpg,dbe288d9c869e92c086aa8a6870b9aca185368cc1ae4b97bd6548312857d6a57,0c1c1c1c1a1b1a06
train_2525.jpg,b22d68bbddcd05fa7ce065ca1612823e611ea49a593f764635b32e22df2f4ffa,3230302d2c2c8d81
train_2526.jpg,e5ecbab9a3d664532fbb7eac5e8f62654ba92810bd23d46c4aa8fefd78482025,a5248c8fb36b4f1f
train_2527.jpg,6dc53ccf8b3fa9ae9ca24ed5ac01d1a4bf0146c91981a94c003d36bcab7d4055,032733232f4f0333
train_2528.jpg,57fcc078c8faf87aee3cceea0a86660b5f8b01d698825a1ccb3ff7c4e9f38408,c8c8d8d8d8d89011
train_2529.jpg,9e8144d69a44efefc1d82a0656c98399c8157684cc46e9c5888a29c86bb46a01,6d27233b1b3b0b07
train_253.jpg,6a14ab260b2b713f0f544b4f5e8353c73a63da2c0f2ea03c0c79c87f5c29a1cb,8f0f4f5f59bffffe
train_2530.jpg,28e92c05875df845f53defd5b910194364c6a2211d0d4fb52cdc79dc2e1d3ce8,e3e3436363616143
train_2531.jpg,0b09161db60033c0155fd2e9264a08509c76f54778aa33e820730b1ef5f877ab,4420664e52c2c9b4
train_2532.jpg,b3ac04b69025616b965be5649c511c55be903e740eeb3768edb63f93498bf564,060f070b2b1a1c04
train_2533.jpg,d68247b4f2452450387198ed243961f9d8baa8325252b0109cf55460e9be2dce,65b12e2c2d898545
train_2534.jpg,d4806530e73ae66275a73e78b544210890300c3edd18e8e5f18222f6277df979,23212505657bbbff
train_2535.jpg,5381201b6ba1703f4c810994bda4fdfc635f327bd018440a7c158d5298a03005,8707070703832121
train_2536.jpg,0e94c364258f8a50ca0d41124fe5fb484ce991824d11ad4cf3ae06f17245b47b,a4a0a1b9e5ed3165
train_2537.jpg,a856c2dd091ce2d6b3cb99499511994bad1fda714aa4d6066e432cd8b69f26ca,0c1c1c1c1b1b1a06
train_2538.jpg,8b6980255d61f44fe1d769e3a510fbd8e50cd05efb79ba056e6f9be8934d89f4,0000088818302132
train_2539.jpg,d16db52b7c4040fffffd6e4d4ab4dd7eabde9cd56affe98a310f24853a6d2044,0c14a72734663d1f
train_254.jpg,ff903774d5e878792b81416720a6d8fb49f89ac3e5dc44fd2888f9aead89f339,1719495e5c5c1b3c
train_2540.jpg,6ca254cc1cede0aaa81f51696dd27905e2a5966cbbdaaacf4182c948a414ea49,d46363676f6b6b6b
train_2541.jpg,8e4b43c3af63afd793698e92bd3b459f90b82cfffce82234b2a983b96e438eba,272c0d0d0fcb9b7c
train_2542.jpg,3468ed55bd2e9a26f1e43e2864cbbfe932cbe0186ed830a52d060a5fa6528a8f,070f2f8787878f87
train_2543.jpg,56307b590f648de2de9e589f12e1c789e324676502cf9d86d072929107a57940,e0b178496d0d0905
train_2544.jpg,89d38e0c9260684ef724c154c2224037fa27aeb91447de3ca2146a81d3f4caca,b2ab97933b233334
train_2545.jpg,2001feffbadaf627d385ca2add59c5373c7cf1f1afb162a1da0137fa3854e59f,62e464e4246472f2
train_2546.jpg,c22777331ea58b16161862289a15d45fc19aaa0b7bf56b2304a298d820710fe5,b6b3b6363515a523
train_2547.jpg,10de85484330e6ba27c6ea231a0ddd594c7275735111b30d0601e03b7ce920b7,3232321933319122
train_2548.jpg,267af3f9b7c59005eb240b7e8d8d5af3d0f00f744c49d51995507ccb66c27107,5173f3c9e96a49eb
train_2549.jpg,f5a04846e88ec8425e0377e03dc39008d77ba8c4b0eab9b040dbeec85a74ec60,92b6dcccd4d4b092
train_255.jpg,ae7cbfc212bb39ea2a9c4d3d1ae8bc60deb100ef5ef97078457c66fb6b4497a5,6766a787a7a3930b
train_2550.jpg,077930b7ef92b808c75a6db40ecd9fbfc9c5e16275f4f5e8004dc1ea9117dd25,1949cd0f4fca96d4
train_2551.jpg,dcf1cf89e9057b570d41b2d719fb7dd9d5b0f21c7147da15127f382d8245ff5f,afae29198831fc6e
train_2552.jpg,baaa4412747e6cc9dc452f26d6b6e01e39a65bf77997db6f7e8d07120a88bda3,65454b7171692d87
train_2553.jpg,1157ed171623edcc8a9ba0369aca45fb4282ee24425e3a83701d016064082953,0b9bdb6bebe7edcd
train_2554.jpg,6e91ad9688e8480814d02245d9c8eb21f7859f572fac37c70a9f5af817bbb632,68a42cf1c9cfcfc1
train_2555.jpg,22a827b29e784c0918a3c604cb23d34be66a1125a9ff1ef598c41cd26ad14ca2,5749494dcc0f0fcc
train_2556.jpg,8b17350b1601e00fab51bb429f27f400518806e998e6f8f418c8c94cee44d181,8707070783832301
train_2557.jpg,caf9f5fbec209a6d3fe049dc5248f8b33b08aaa699d0b84ae80750864beb72f9,c1848cc1cbd92f2b
train_2558.jpg,3dc90c67d02709141a37f3d0b6db3740e46a89957914cd22fd1c26dbfb804291,e30f0f1736b43437
train_2559.jpg,49ad077d7b0a3d2e031d52f29340dd429cf084892302ffe0114856e49ee22a5e,81bad9c9c9c9c7c3
train_256.jpg,ed5aabefddaa5c063ea1d22f026ef62473b7717eb26042bc70dc900a9b3860a5,02d99f5d39353450
train_2560.jpg,f52bacb2f78235b60d9920c18fbb1adf70ecb1bb93ffb0ef76ce80557033f498,7f7d6d4d4bfab3d4
train_2561.jpg,d1b557f17515cee938722d2a4ebef10eba66751f6ffa40f948c421f4eae30cfe,3f380c6394dc9f9f
train_2562.jpg,201dd3eb5b7226b851dcc3b4408def86f16ca87e2e062fb12f078d92ab0812de,83036347d3bffefe
train_2563.jpg,7bcf53f3bb2724f134320dd6a8aa5227d50ec0df65b422eae9663355e5cfdd14,6fcf8b9793434e8e
train_2564.jpg,76bf9b0783d269c197872b7bddf4850d7746537cd2143bb918a4e0b143f1c143,7233333030687325
train_2565.jpg,0ef2fcb1ed6ec2905919af4ad8d948100e032e487ca8d36586768b5e4a5be81c,cf0f0f0d0f0f3f3f
train_2566.jpg,cc885ddca095d09201457a8344b392ce15291fe175b064ab54f2780c9ac92984,30323b3833476313
train_2567.jpg,b944bf12ae812cf4078b2b14e2835a4960063e387270ab0942ba04e5721aa526,b2abd7933b2b3b38
train_2568.jpg,6419be3b23263b00078212da9e2a1ad04010b1337431e0fb97d4439963aa1609,2524cc99e4661901
train_2569.jpg,3921c36292ed8e66e835d6b5a29a5402b57a3720fe4a4be900873ecf7a97ba87,070f2f8787878787
train_257.jpg,fce7740772f31c91b0bf14ca2f611c7962391fcc512d7100a80d40da9bfa0557,3e2b1b0f1b3b3b3b
train_2570.jpg,1c8c227427386c28f825f558714b2cbf482068cb02cf6bf2ff433a022564d95e,8f0f4f4f599fffff
train_2571.jpg,1a65218a2dd7fc4437eff9f8895dc19796f57ef98c7c89769241b2a4a9251594,b29b97931b2b3336
train_2572.jpg,40f2ccd2c0de424fbfeca726532a203077c08f1eba8eb467193483d214e04d5a,198f0d0d333373b8
train_2573.jpg,d51bd60040a110dde49fa49470f8ee5618ce79a55f4412f24d0342b27a8f36b2,0909a023a3a2a293
train_2574.jpg,b11523bc477024e40bc64af6f47665e96d6de9c0bc221100e912cf6b69f22bf3,06b2122666349e85
train_2575.jpg,d90f5114fcfccd057cf22313b775fb72586c416c146913fd37fcf3d2bf793d81,d29193d2c3839b39
train_2576.jpg,aef8e9c009785d88c10a896cc454f08644bfd98f0c6674f9900615ff9bd06384,dcccc8d35a488381
train_2577.jpg,14f1211bc733f390792b689a42483301d6f2ca3539af8ae7d43dd909d64459d4,991b2e0d093333f0
train_2578.jpg,9fb1ea4436a47a842354b714e8b46f73a7e6e40097b425221ec5b1d122001baa,c3c3436343516362
train_2579.jpg,8b2b0484ad014244f69ae9f6fb09eece1d77bf1b9a9df363a3339675dbb137b0,c8b0a2accda8ac4c
train_258.jpg,591a9bb21f7122709071a656b05e35a73f6828530be02c28240eb3e13b18f022,61f3f3ebe07a49eb
train_2580.jpg,cc43160de27898c33de385305e230e129347166c4e033285950cdaf4e051cc4a,e474781924661969
train_2581.jpg,44c48389221612f63db2bd7177187ddfb5796f7437b56bc36bc8555e4123de33,072726253703cd3c
train_2582.jpg,c8f69997ceea5a21f524139e8dfde2923ca86a67aa026e1efa42872e85697585,4ccb2b2bce8e264c
train_2583.jpg,92486793b5257ca2227a9e23386e219096d9629568017428af3f4efc1052f3a3,0e0a08c85b74f86e
train_2584.jpg,ee4b34abb5b13c981822ccab47afe491b8c2cfbf2ce39c12e59ebfb3f7046396,f0681383465e8f31
train_2585.jpg,503c3df9c473c1e1387b914ca759cf6e5ff95266edd5266d718c135a02465d83,2747051c1859dc5c
train_2586.jpg,ea78cdb724ee768b35fc2a5bb30137478a4c2da2fd49403c8237250d7e41a359,743430994c661929
train_2587.jpg,eca537db903b074a03826ff8af3ec3923056dd754f6a982ea2135f6390aad254,b8e770e360361f1c
train_2588.jpg,28339e3e81ac1106c46d1b3173005713d16e00e201b9d0169285e7deb337f606,6626268580232434
train_2589.jpg,980d1cd912fbc8c03bc8b43466f36e17c1b20c3c4d7a5e4061f6b07dc8d3ff40,75cded4d4a6a3696
train_259.jpg,9f8f9956e5acb6e13ff05462fccfcc88c36ceee07797dae6e85f912451e9e7a2,bb930e2f1a3277f3
train_2590.jpg,6c4812d6a095e1ea5802b001421bdc23d48ce1fcf9c871227dd64d586af2b4a8,e06293938018c8d2
train_2591.jpg,c3571bfcaf070fc10085f4e1ee6350e9ae2ab77c557d57c9d6515b3f9f29c056,595ac8e832131918
train_2592.jpg,88970cc849ab16ba0e4640b9d88d99fcd2947ff2ba02e07686fc6ee9e7540d2e,623336321919031f
train_2593.jpg,252b579638731f2e709e3ff0c9e32982bec4d4a0f31b3f52d613822d360332f5,dffffffffffffffd
train_2594.jpg,fc61fb1f093ad898aada3733391889ff92b1b5019863a41c18c659eff6e37dbb,032733232f4f0333
train_2595.jpg,529ecdb0fb9ebc59c00823244b685303eaf00156a68d7d4557b40fbe89d5fba7,9b98989494c4cc93
train_2596.jpg,de26c1ba9b9cbb402515c87ae408f9e26f4a90401b50a2969064d9f08c112180,b9f96624363770f3
train_2597.jpg,f28f30ab38a2bf6c466f40c3f7eae46c7e3753a4c592b6b7661b7e176f9a744c,0103b033b38a9a32
train_2598.jpg,034226491ab0f6508b90a0d168a1e0d63ac77b59d64ccc46442e227ae010fc7b,611b0f7595b23f2c
train_2599.jpg,5e706462279da1f7fd5825c847c2167298f4ab3171e727f6d813b9dd3151c7af,ca9a54d4d484e460
train_26.jpg,0185292d5ed815805ab8992b0a6fa55f3c151adcea4d1452c8459bdbcb340044,0d0e8d17164b1b13
train_260.jpg,51787cc3c31a4ca7e36bb0159b998f8ce83d43cdfcae7045574b5832a90af59f,210701080b8b695e
train_2600.jpg,d288506da0e195b0f7dbb03752312e34059cfeb4b8228b22120b1eab18b7b2ef,1e174747072f0f0f
train_2601.jpg,4765b565663e6a83124a1b1cc2169c9aa5f845285805a5be13976477e9d2d5c3,95d41b9bb3333339
train_2602.jpg,ed0ed78faff0e7b60fe063419b344dbf30e6f44ba62fdf5e02c7ef315960b627,c7060489a7079fbd
train_2603.jpg,b8b0dbd69eb1f2441030dc0065d85c9425e5a39968047b8a6456d07e92557ad3,111b9f1f3b353578
train_2604.jpg,8d898ef025791f623e00d983c28a316785f0b9f799cb193ba8a250f3e0e1e2ec,0f603836560e1e0e
train_2605.jpg,817c310ce2f4a3e1f9c391c061c121fc2ff757afb6eeb89368919ec17e09de5d,7f7d4d4d4b6ab696
train_2606.jpg,4e875f852e38409c8ec0c2c5ca8551216aff6c542eb9296431efc032c8a26d73,9c94e5adec7c6464
train_2607.jpg,04fd1bc1935c512a1f1eee16ef6c92170c1b45db2ede6e8a50e537d03bec1fff,f2f0e8e97d3cbc4c
train_2608.jpg,374c85ca78ccde55a1eedd37b77f3a0fc67ab0d7f0a5fe0888881035c0f7f890,aedeccecec4f6f1b
train_2609.jpg,dffda2a56d84ba0fdae2b70650f6d08975acf2e4d91e9d435852b9af22fdcd14,c67827a3cb4f9d1d
train_261.jpg,4b7dbca90270b2dcf8766a21b25b309a7ba702d130b7eb2fb485bfb5d2467a3f,17cfcbc8c5c48cee
train_2610.jpg,e68ff2c5caa66931c0c1fbe43eed4a9b98570c87fae64b64cd95f3326cadc411,0707179f8b8b8f8e
train_2611.jpg,b8317bc8632fbe4d5f94a13619e7bb02509682d2dd8950eb720eface8440e765,c7cc84969697830f
train_2612.jpg,fa38e9ca1e2afc45d4b5a0d6b7a68e2e1f320c1aa9d89c0864d4d3d8d4675ae4,9511cdc593dbda56
train_2613.jpg,621a14e61a32d4e14745916e92444fe120e17f6a92dfdd534f07ccf7108bc419,325b0f2f9d983c2c
train_2614.jpg,3758ca8ab336529640dc543c6a6d51ac7816965bbbeb159b06a20ecc249ab705,9b6b53536b4f1919
train_2615.jpg,8bc8e37f70b30575ca993cf03a374e0f10df2f443d067f295ea084bfffc0d98d,7fcd6d4d4beab290
train_2616.jpg,82192608e603298cd0b5ad604e1fea43d7f3e724ad9b02afbf853009958fcb70,0dac0828bdb4a4c4
train_2617.jpg,b13445d491227cb58736bebb40d039639caa2cffe4adc33afb264964d0aa87ab,4fcb9b2b2703cf8e
train_2618.jpg,dccae19ed1155d56e0a1c2ff8ab9992839dea8ee1d69342b5d3ff5ff889e5c79,37cf0ecece3c4899
train_2619.jpg,c98ce7487c55e18b5529f54357c1b78d54667c9c6210a8c7f5bcbd346e971f9d,000e421b93173131
train_262.jpg,b6a380ea5ac0af7e4ea04213d9522b211de7d0d2f2524ab09c4ef08221566972,4d331c8f1724254b
train_2620.jpg,77508b4a62cd8206edbb50fbf466a7ab7a312b967d03bedc3e47dadb96de2cf9,dbdb73208db7b984
train_2621.jpg,e44c3df2c7c46c095f707b0296bf7f12dc35590d332af670c6ebc9172fffbba7,66669e8ec65e4666
train_2622.jpg,c7d5421148525789e9c21d70199e09972583ce35cc4ec5aa3b89db5e832fe2d8,1c392928b163e485
train_2623.jpg,6ebe1e4f781c0bde104e07dd2d0f7f245096fa8339a655296d9205b2ed7baeda,b29b97933b233334
train_2624.jpg,acc129a790954dc72e80dbf293566e0926aed16f4b4619b1efe40aba067a5f48,6e8e82c6ce1dadad
train_2625.jpg,111162e2bdcd781177e57e4ec111fc0b51e7a9c77bbf858954d608c2fcf2abd5,29696d4c849491a1
train_2626.jpg,866349b310a62b4264419fe8eda652c703ab00c937138af9c5149703c3df5c6d,15cdededcaceacfe
train_2627.jpg,b622007fea3340a3418cdd2e47261f7f17b70356603f77d0d5585b03ae42ece0,3232321d33319122
train_2628.jpg,59649b74c84d99172c563dfa9f989f7da1c3253bf16525e40b82d06708d6ba5b,a632bf272d7b596c
train_2629.jpg,1ece036f4e891312f2ef16baf3a0c3c8c91ef7b8151d07da50f685bfc9d875f6,000008642421c02c
train_263.jpg,9e075aaff3ead8e4d72cac1331d3a54bb2e8cfe44d520442ef67c61f42681eda,ad64746e5a73b2da
train_2630.jpg,726173a8c153707ee69a86caca4d3c8a77f887f74156f86dd99b5ad50d16bcc7,cf4d4ec72733134a
train_2631.jpg,54597161643e288ec90b5f266ca678937f7c8fa01126a843f2971e2d8e5599cb,040601b2f371c3c3
train_2632.jpg,6f05175b1d6d78769683f7580bb0a43a5dad8e237da371e438e718f5d203a9e4,6d2d2f33733b87c7
train_2633.jpg,ee996b3dd489f35a1e4e4d2b99cc9bcc7902af89379512bc1056331826d71088,c7c7d7b7c7454f67
train_2634.jpg,b1ee08fbfa9951511cc4201e8264fb239e89a7f9af30df41171e530d581db7e3,8c0c0c0407091908
train_2635.jpg,e45850fa0ac150255c537a3f5efac0b18679f78239156a88105161c47e53e743,20606260703d199b
train_2636.jpg,10cc3979ede8034147bb6ed152c5b5ac62bd95163e1f6db20a3bed8826413160,213330131b92a2b3
train_2637.jpg,cacbbc4d4c4a1c2c6e31a7c1cf774496b6da18e2dc5f08e5fc1144588d8c749d,25074f4786931322
train_2638.jpg,6199e69e3839e2a3ebbd8eb744d1d50f745caca9e199566ce9c8ca9581ad6c66,a03e1b1b7334b5a3
train_2639.jpg,f4ef01b6ec9c1fb66a2d6c316571ef71701e5f556c2cf31984c67bcaa1238746,a0b178692d0d0905
train_264.jpg,440f911738d75d8e33e4080072bff0c257c4082b2aac48152b99a0166491c1dd,8b4b59594d4f1919
train_2640.jpg,17031a2557251b801b7c5d1087947d2d2534a8c89a9de61ca4abb5f7d4b4a01c,e4c9497971782770
train_2641.jpg,877dcd9f16af31e1a6a156634261411046f59b69de4991c2617670fdbb81e868,7372f2b18b07e3b1
train_2642.jpg,f96dbd2f5f312ae27de8a81794a4a0c95a170cb8f2cbe93f6fcc8540d8a4c244,e363e9e868743670
train_2643.jpg,d8c55beed97fb379ae3c3c0a28a8c18a00b29d9b3f5b8aec4b692a1fc273fa05,695c3ca4242c940b
train_2644.jpg,2099e7a33db85cc676c7fb909f0375cb702aa4a443d4c7ecf2e5b32450e1887c,25ad663e6a6b73d3
train_2645.jpg,2d03e4ecd9706cee2aa6acd20e7c990768a91a9ac102ecfe1aeed1a7a4a53232,4e4f4f4fdfffdbf8
train_2646.jpg,d8abe87db93b763639e3f8ffb61236b50b9dbbd84aada807f604cc1852422e2a,c7cecedcd09b8bf9
train_2647.jpg,ddf14c7a91dc4af9dc0626a93cc6f82a9583e1b0f6a13d49cf1420fc2500d6df,464f4e4e0e070e16
train_2648.jpg,0dfc50eef8b83dc251925dad6756b08abf440ec8b5b69acdb07d7cd9a9f9dc24,87368e0d352d0f1f
train_2649.jpg,0abf6d4deefbbb42e27ac32e9f68ff0c473c029d91ee3848026573f0d8b8869c,1f0f030913175b03
train_265.jpg,3529740daf9afa1f89143d18132e22feef1deadb37b753ae07e20a6eebd5b986,3f7f777b7272facf
train_2650.jpg,fc8d4533ffbda2c35e03eeee339dc9bc2c4c6fce6db1d6257dd3bdd67fbf90a6,2fc34383c3b3a6c9
train_2651.jpg,f7904295fb17434197da23aa91e60f993ccac2b88163b4d2d34f10b033138e2c,6a5ecacace1fadad
train_2652.jpg,babd759385f4f74b67435d7dab7fd712e58a9cbd8f514bc5ea1a2a3650679a18,072626242c3c8c2c
train_2653.jpg,4b12ed279b3f00d5ae6c88661bd94d8850d1cb48111cdada8d5f26da4ccff1ef,e8888b8f0f1a1a96
train_2654.jpg,1336b5a7572748268745a3225b8a95cd3050480588d38394d1dea07237ac7391,4363c3e3e3c3c3b0
train_2655.jpg,9e7e0d5e87b17d04f6174432ee1a2e1e10c22e6fc7d47da3cbe12546f6865854,060f070b2b1a1c04
train_2656.jpg,3886b5274d9d0295bfd33c5835d27c03ff4f333de7219ba6e2f5f27b2b0d356d,e3c3436363616143
train_2657.jpg,f4fd997b827a867b660b708b1c0773710d21805571bd3da8a2242a0f4b173146,1c333aeae052f0a2
train_2658.jpg,893fe4b142652214666838e9b10351bf978bfb956cf82633bf3f0b04b64b3107,6e4bedebcecec8dc
train_2659.jpg,b0838f50bd2c4717dc17007f221e6b1b9b1123705ece4f52ce273edd15683c1e,151aca4c0e064e23
train_266.jpg,b0b6548df9a410b8fb10db8cb29ff43f85845bcfa90fd1c4307a6601d358fcd1,e8ac2c0be9993130
train_2660.jpg,3c717ceba5b96a3838b91945487545dc6ede021e12e2e07a83b383febe9ebd09,2b331b0f070d4f0f
train_2661.jpg,925c209a64d69eb80590242205db63ecab662d20398a68f7dc0a0c039ade4641,0a0e2f2f1f1f2f27
train_2662.jpg,2bc4d376fe8a57674bb60098ba4dff8946425ad9cce5a0be77684ff9d39f9102,1b23034f4fc6c513
train_2663.jpg,49efc63dab09d5830fa41703edecedce32134afb351237400eaea55445e96dd8,71c9071379863232
train_2664.jpg,ae5256a89107d7c7930950c28511dcd85d5e1a5d3a8b0eb28edd0d523e0d8c32,dc248d8d8d8bfaf1
train_2665.jpg,019f0068dc8b859d3a65dfae73269cfb548b9ad3f9eb4436df708da012cf80b4,5f7f7fffffffffff
train_2666.jpg,8bfbe500dc24b9c3ef997ba33cb55a70415288a5b5555a8d8e85047841651887,363336353115a523
train_2667.jpg,464d76a2b45c514b0710688383e3934ad675e899261d9c4205dbf457eb625ddf,e3c3434361616143
train_2668.jpg,626efd03f96057e583fdb51b90dbca10e36c606f436611a65e44a3d021ff2181,20204240607c399b
train_2669.jpg,23fcba69b0a4ca333b2cfe146343fba840334e71c9dc25746e9490a14b24f364,848c7c786949438f
train_267.jpg,403d90b32f17478ccdb0d67fff334eb825d3d3131ff8b2598dd541ab106e65d8,d98f9d9bc3cccc8d
train_2670.jpg,4412f7655969e2601f89c82a3f02866b244b8cc46ac96b03093cdf9b0af416be,3d31333632323337
train_2671.jpg,01a0d03a12467807e9353de8513aab396e2f3602cb06dc2868c175fc5cf7e707,03838fb7938c0889
train_2672.jpg,02105792283569753228b95095f5473468aed7837cdc25c48169826b1a11bb87,9b1b1298a0a6668c
train_2673.jpg,fe465a704cba8e92db50fa87065bfd91de71e8906bd2fe115fd97ea5aa7cc3ce,63d3c9e492ab5fb7
train_2674.jpg,e20d9f937e75d653c69456d2418b963d2d59bac54c3249396909200ed23d70e9,072faf8787878787
train_2675.jpg,51a2e14100c12c7a785558390fb214a6863dfaff9e41920f61f38d6d62d28e3d,b0b2b2332879b034
train_2676.jpg,da658e91afc750592577beb72f9f3bf94efe1ec1ed57a7262e5e5b1e7dea4a08,a4a0a0b9e1e11964
train_2677.jpg,a3332f2ee394308ee6b7d1c6c0d12b530db1710a2a15c8339a52907e8b38ff1e,7cb839391c5878e0
train_2678.jpg,41209d16d5a5fec65b4b5006c7a2b38f02ad6e77d5cf93c1b0a98fa80c8ad385,59818d8c4ec6840c
train_2679.jpg,d10535902964f092cef53560dad0b47c15027e998750786103f1fdbb89823a8a,333357175737173b
train_268.jpg,170dc5571b0424588aa5782ddfc46d48ee23a51e396d2af350543f0062d27114,c3c3436343516367
train_2680.jpg,41c164a687e094ec1fbed98d1b01dfd7f34041961929ce5aa77d0631d5c6d8a6,fbbe29999831fc6e
train_2681.jpg,c0d8645babb599814e1c76d53db8133c2d793d1531e29b8d0b122c5a233ba313,a0b178692d0d0905
train_2682.jpg,4a2ac9fe1b74e7c2e2c12b2ae062da383990161e224e7987a8656a48f340a663,05850d0707070707
train_2683.jpg,0ccab9e7b20028a60db7b50925735d7f498348b2b001d397354ed4601b981562,4e4e8c9cd68a0646
train_2684.jpg,bfef3666fbadd43b82a600ee2869009f050f315f1f3e56a613f9faea9b368012,3232321d33319122
train_2685.jpg,5aa61348b35b3dae04b4388544f74cc3b7be44ebf518b4d0b7bb3490357e3a8c,5a9b58dbc3275316
train_2686.jpg,241a324bb0955ea9c8d92c1f59f01b5e54ecd5ea2fba149825b38737de3198c6,30321fb33333393c
train_2687.jpg,7cdc00b0f863ab7122820fb52c234e23ae0ae126fbadcbd7ef434e003cf6bbf7,e484c8a8cdacac4c
train_2688.jpg,e859ea568673d4939a89c35cad1cb9520eab0fcca01dd2986040ce2a02a7614f,494949c9c9c98911
train_2689.jpg,628d13f7881a6ece2ca95e2ad58a1ce82b011bc83b72d5e5f3468f49abda762a,05e57414301187c7
train_269.jpg,4237e406341312f0aa750166ce1596a811a5b0ea01d02e1b18862f7a76d8d6a9,71b5878743277d2d
train_2690.jpg,3eed5001e67f163db514186b9e9e3bb77d7e84919498c6ce3649b834442928eb,6e58383c3070b0b0
train_2691.jpg,062c9575d47ba3140b4269d496d39f657ff0b2b98bb2aba65698955df9bbe875,9ffbef93a7f394cb
train_2692.jpg,748629fe01827af8506cde8aeb85696b85b05312848fbc9bce06c4b5a832050c,8c99a32363d32f1b
train_2693.jpg,f021ae9ec280b293b72bd91bec9fab3bbb30e00eccf7b2eb7b117afd5aa2b797,6e8e86c6c61dadad
train_2694.jpg,29e670739e550a57fd7ae462195ddfe68d5493c6b8c3deff952644e656db2fa0,333373e6f3733373
train_2695.jpg,3599cac4117c2a9f4835d9d797d99a3fa9a3902e03c16e748f3559c39f9c0bd7,9296271f1f1f191d
train_2696.jpg,cb942f387d83e4ff6b17245ad5d6482f1bd8c5a894d784a4379b8b1aaa6e9b98,ccccf0e0e2a2e2a6
train_2697.jpg,545e93dccd68905057764c455480a241ac4ec94c650bfc1ae972c6b205882026,9511cdc591dbda53
train_2698.jpg,9178f85479de6462a101e4889400f06788df46de0a1a4c6fb4f575e9a52a43b9,a13078496d0d0905
train_2699.jpg,4ecaeaeb6008ed85819650801a2d68eca4ba62479499dc95b88b978edbb01d39,250c0c1c8c96da0d
train_27.jpg,113756161f9ca9a1ff32f8ab9682dde9606948c794eae6f73f9be9edd387027b,b76567339dca9717
train_270.jpg,f792c58e5f507f50f209fcd984d3df4aed68ea5b7d77b10eb0997c0458d4f337,f36367131b4fe123
train_2700.jpg,fb0083d79a45ada19fc12b60163e55730013a5eafe9ef146b05a12c77a02ae50,9e1e1e9c9e1c195b
train_2701.jpg,e5c550b32f1a2c41e74efed0814dcf7a106f84366431aa1f016fe763d3afcae8,3531373632333335
train_2702.jpg,1d1fdaad37e720feeb86d8448e85687edc6d839c01a6790c154a1dc21cc094bc,4746561d1d997677
train_2703.jpg,d7a87ca2083db2fc8519687827170e85b4df2e0a564e60545abf2c1f83a627fa,8c8c88bcd9c1b4fc
train_2704.jpg,f1b2b93546ebfa1cfbf5eedf456a32bb29a46e98a4da545ba92fcb6ce724c709,dcdc84c88aa2c2a6
train_2705.jpg,59810093336d819cdf986c3ebe4082856838b3574902f217a78860933e2e3d0d,2c2d2f33333b8743
train_2706.jpg,2b8196c3bc648c8e97c2535a72c512e4b489677c7da8b66b715482e4cfda7dfd,1f169636272d2979
train_2707.jpg,70d1370f9d4efbc07937ed99f1a59d80ec40323d411032d758a6905a406dac6a,c7c6c6c6c7878fc7
train_2708.jpg,f489b2c7dc932da6c6cf2d27f8d9c3d95072b70525d2d4447b985bc25c93b217,03417138a3cc8d16
train_2709.jpg,130a8318ad41901c6c1b0be063dee772e965776abd03beda1463fcaa93735398,c3d2a50d5f171121
train_271.jpg,874eb11ef4f131d31a5a17ee5aafb25d8f815851178215dfd2690688378d2183,0a0a2716171b1337
train_2710.jpg,d11063e5c90c2ddb432590486ebae3cd1d2ccb80cf63a29249e86f4b5d9f7e75,7f4d4d4d4beab696
train_2711.jpg,12e3b2adeba59310499ffc8ed4ee69fbdfbc60840cce7e064d9bace45eb4b13d,4c4c4c487858184a
train_2712.jpg,7be29ada55fbad456f7f36eaf3560f94600d2d8944cd82c1d8d9ed8c63917f5d,6f37292d2d2d6b2e
train_2713.jpg,d127e21badd2934e923ce76b3b9fde4a21cf45e630249f4b2725a7d306c5b98f,0000042c0c240604
train_2714.jpg,edab6089bbfe8b9370f01f36e69ad20939e6448281e9ca529bb8b8c5119f2e24,0b8f8da5b7a7a5b2
train_2715.jpg,f5315b6bb7b733b2677dfab992576834b135a98844b42cfc1fe66d34185f91b6,38d8cc4d439646cd
train_2716.jpg,6be2fe86a72a068ecc13ef1d63e3f37c5c6a0ee3e0fb3b8dbf10293d4036c7d7,92b4ccccd4d4b092
train_2717.jpg,c933179ffcbf33abd38a6a3ac5ec7c0b59e4e4d9a18ccfdf58968b31110616c8,c1c5dfdb3b333937
train_2718.jpg,7c4019613fd99503d7c0493349086fb98fa196e4b40c67fdf120e7714d6141a2,070717979b8b8f8e
train_2719.jpg,8700c06d6f4290b4f4e01d0769d19d28ab07b083fa0e047992afcc9b284c4323,cc0c340dc4c6e0c2
train_272.jpg,14a057ac1743e233a35f76913ae491f821498687a870f4ab64cfa2cb6825b617,170f179d0d5bb733
train_2720.jpg,18716ac15f1c41ddbd895646587d86a64826beb2f7e92f8a4b0433e2c7b568fe,478767333537c657
train_2721.jpg,e61dbe9b00adb737cae4d6ee9d19fc6c0451756f46f9a7f6ecb5bee2f76cfdbe,656d6f7171690f87
train_2722.jpg,5cf745cafb72ada8283d537c6b22bc4b97e892858be3a738c9271380be9fbc27,070707071b9b0303
train_2723.jpg,91c40637c24ffcc6f045bf6c41d8479c06a4d01d3f176db5e3599c4f2d004834,efef4f0f0f0f0f03
train_2724.jpg,6ed86ccd0bbe24e80dd17e3b799c71fe4b5f64f7adb892632a9cb3f5c0e1d928,f3fb06060e8ccc8c
train_2725.jpg,b34284ecf9fb66e644aef68531843a2f3294bd7b14a631a278a4f95451ae17ab,072faf8787878787
train_2726.jpg,c9a50a2353b059326d6b1729228c726367d0a2cc7eadf41f751938a11d9c8d3f,0e0f070f0f100d2c
train_2727.jpg,024e57e08f86b4c17c976c0b25599b10fbef93d8c9e466c75fff5e5e6caa5d9c,5c04068ed2145879
train_2728.jpg,880f3ddd6f6c886073a5a1f9e900e1a75e2955c38a91ca6c47235924876d36a6,c8d0e1a13c858f8e
train_2729.jpg,ea27ad21cc84873a6be783d6a4dccd2e67406a86c20d98cd8741f834b7c2e72f,7f7f3fcf0f2f5042
train_273.jpg,904bc3dcf4ee91b7a8bd387d1ae6940f9986f6892285837df6d697fffb4c7b0b,a5e5a1c1c3f3d28c
train_2730.jpg,c543f8a199d0fcfa99a77b3f3a23c9f051739def6bcb1aed22d3f29abee27a11,87070f0743c32121
train_2731.jpg,ec51f4c3ef80cf5b581bca77a53578dbd012adf98ae5a9530a1f1e80b961f3b6,94371b949c1cb323
train_2732.jpg,ebba0fcfcfa9b19233cc12be2c82224b56cf45d92ea42bbc760a9f679c76628b,1f371d3bf6ec6131
train_2733.jpg,bd3aa8bf04f047089e2fa3a93984f330b054c4cbed2365a31bf0e46e4a2cde3c,0327a29296b68e84
train_2734.jpg,e72de9694f509c046b877ff533e02c20b888e0d2037abf23dbd7d288414f1ce3,ea3c27cb4f269d9c
train_2735.jpg,dc7ab883595b789777df479faf9acd4c66df3d2e2dcb70771b87707d2bb90de7,3f3e303b73363c32
train_2736.jpg,aec535fe41545e43b7d1d7a12321e5902f405a7181aec3a226a082f4d91b0306,92312f8b4b8b23b3
train_2737.jpg,352cd6917d26560e348650dff36075738b1676817968218747db26d9aaffef02,89a0256dccc48dcd
train_2738.jpg,e1608ec4ae30e52f66b0d7d243ddcd24eaac46521f93926e5b04887418acc06c,ebeada93c3677396
train_2739.jpg,e41afa5e7328dc8da2a786bb5fc90eff66902603ac90df909f7aeb57f8d76b7e,99989c96d2c6c68a
train_274.jpg,5cf7f2407b0cfc062eb8c02de57d0eb14d6c19e019edf3a2a951176105ca97ff,07cfc9ebcac52fff
train_2740.jpg,431ed267ee49e6232ca1934bd045d568ba1c9aed0701265d34bf988497228bcc,6e8e86c6c61dadad
train_2741.jpg,1b3c252086f0857b5aede3b767635efe542283f70a30a1d2fd8c32698182568c,0707869696960e26
train_2742.jpg,bbea8d0bfcd5aac7b1c85c5f140420d2a80f05bedf2cd9dd24cdae5258baa189,ad14c889e4660949
train_2743.jpg,8f2ee115b2de1ffb8fc920e1a923a08a2df967978b009d2d133e025e9c214236,8707674f51bbfcfc
train_2744.jpg,d65885c45b7ec9a61f98315b5916eb3c3cc3742fcf66781ea609f67cacca0d64,b0939a90576f7393
train_2745.jpg,88a7fb757a20378a818781f8df079e6e1e979a7f7f20dd38a675e3a10a5cb92a,87071f0703832320
train_2746.jpg,0cfc4d7eea15767721ef622a7099c68271e49e530ce0646de93338e3d865fae2,33151551512a3591
train_2747.jpg,72a793c0ff997f653d2f42af00fa7c9a9b4efde90ecbe8742ac947c54214f2cd,060f070b2b1a1c04
train_2748.jpg,e8f5638cfffdaf5babf6b1cbba1ac361caa532e3db3adbb25a2e88b168ee14e8,66ebcbcd657c4c6d
train_2749.jpg,b6a5bd0b6c0164fa613aaf07f187a4aa2519b5640c56e46361103e94ec56b278,040d0b0f272f0f0e
train_275.jpg,a3d2e6cd82ed5bbdddc44a18b59e2164f53fa9fda38b8a8edc4c8f9a9be62c12,0d8c1838b8b4a4c4
train_2750.jpg,996e1204dadef611ab19dd07047a93e7bbf18bd138eaa86690706bde661c53a0,e4c747c7c7c7c1d1
train_2751.jpg,11cc28d6f5d3a161470aa2fb330fafefb0bf47a16c491cdefa3e22980cd23548,8193d9c9cbcfc6d2
train_2752.jpg,b3396b88894ad8afd2671225e746062e11d8357f575e18e646513f70d478721e,c3e3c3c3c3e361c3
train_2753.jpg,addada985d3c98477ab6e1c4eab08eb8b945f2bb222973921e494701f2a7fa8a,bfc7c4ccd4d38bfa
train_2754.jpg,9c57df014a24e30e62bc0caaa0a7fdc2c162ca792d53122ce42e76271752c9aa,2622303435313954
train_2755.jpg,bdf368beff17e33250c2b242227adace08962c8881e0dd0bc49e47c312ebc42c,030101f1e8e9b18e
train_2756.jpg,eda525c623becaea1b61f8d14daf266d2c31745bae30dcc02b4405d35f7f4c3d,9f9f9e1e0e0e0b29
train_2757.jpg,e21253df3f6ba1b70de74edc23820df883d4b9208653538a844fed131cbf99c0,9d95951c3c121b19
train_2758.jpg,0b8f388d35c3d78b9256892d9be0011ff7cd9bdf2019d37138dff4dd819a5809,800004031317e46f
train_2759.jpg,3b12494dfa128897c802687dd7a417b418cfee782dc01b1176705eba57950eb8,8511c9c591dbda5b
train_276.jpg,c850d6a84a07970b488fe13d22c75f717c2cf34bd3228b6db16292df469feff7,f8f89ac2cb1fadad
train_2760.jpg,82d366d4bfcf612f2a466f012987e9e88f05729a59cc392908e09c2dff15826f,5c04068ed2145879
train_2761.jpg,4767bda274587744f8b71f3df52112ec022ebe7f26dabe22d18dc88b1d0a7ec5,17c9c8cacac5acfe
train_2762.jpg,3ff58f375de98bedf77552225644f7040c640166f15a6843f799960696a129dd,c6cc0c38382c2185
train_2763.jpg,8de4bb0b2c21d74647add7a887c3c0297797aa39c98f82fafaa857bbb165bad1,d6dcf8daf272cccc
train_2764.jpg,cc828207bdc28560a457f66f16278a238dbd32c7cc8e54a22cfc54ef53f3ab27,3f381c60a4dc9f9f
train_2765.jpg,033b6fb495ae4686d32e0d7450122a53c8529dd158036c5fc90c742f9b0e6787,62cb8d65470b7862
train_2766.jpg,dad0dd04bdf95b5bc0f3b325fffcef52e38925ff12c92198c640868380c7fdd5,65232b3b1f3b2b23
train_2767.jpg,78315eb3647deb53e985b831d6e33acc21ed8a6cdb35da77b4da6e9a5aa204c3,87cacacddad49c97
train_2768.jpg,dc48371d84f43315bbc40c017ecd191ab367a30ee9af555efe4350ed1bce154d,1d0d2f6727019c9f
train_2769.jpg,a7a63fc7957d47c6d7a207ede9f7a4ddca30a35ad1faa478297ac155ad01c7d2,4bdf9bd37bfbdbeb
train_277.jpg,baedca12e2167f342ee17b9a2a7d5ca21c9f7fff069cd548319533dde456bb34,e67616578c0f5512
train_2770.jpg,a94de67676f6e087a406bd31620334a0094bb0650770c2e2928376665e073872,d8d8d8d8d8989031
train_2771.jpg,7dc82e6b0d6e13b9047c3ee3a37388c438b6c0ac37a99b96fe5edc97b7aad993,3312323232323333
train_2772.jpg,57856d0622863a261774135add2f5c86a8f0caac62696ba79590d0e465ff29fa,0b01091d1e9b1b4e
train_2773.jpg,e677f8bbed2be58d9f9f5c15289c70f8219e80f8d6ad48393cc3132b2ab19160,cc4ce4903262e6a6
train_2774.jpg,bf086cf67d5c69e79e28705f69047fc9dee7a48ca3c107c46b7c26fd85bb7eee,44484484a4869cd1
train_2775.jpg,1d16108b88ab80dde7efe2926b8493305bc917e584544a6776900961da109dfa,bfc7c4ccd4d38bfa
train_2776.jpg,8306af7b285e4767a4ec3b53a75e967b7acfde6d2ec87c850c361e71fb2a00b5,808008602421c02c
train_2777.jpg,bba5089153777d27335a0e37cc61e1960c205d121eff332ce1347037c14800db,5f5fcf8d0d87890c
train_2778.jpg,1c5a7f8f1c371ecf1d0f746795f784d2fdaacef6c8755fc84288ee3c6c3cb609,346470684f3bd1f2
train_2779.jpg,0da25e17186dba22231164bb01ed54e857ba33499449f73a184e60d284296074,0c1c1c1c1a1b1a06
train_278.jpg,dcdcf491b1af4a7b62467a326e9549346b17356e9384126e5034a88a50ff37ba,ccccf0e0e2a2e2a6
train_2780.jpg,463fa8d2ba7fd863ba201ff21be67e67cbb600d1068f4f407410f1a17eb642f8,c98d99d3db4f2b32
train_2781.jpg,065e1f569e0a84c4ad28e8045e5cb811ee360dc03174a2f6129ff81977c2c99b,e4ccccd884d0d9d4
train_2782.jpg,cea0323fe61848437a59d533c4b41e1bc19fd35985e121811ea9a5028244c9dd,c5c69682ca888c84
train_2783.jpg,cd975f84b40a238d086a19b9e527792b2eec004b86a42c0ba5d7777b2c9c666d,4e4f4f4fffbedbf9
train_2784.jpg,a3089e1b0a2f57a6bf6e7508d3e9c3715effcb42dab08fd388aa8e686213a115,4e4d0f4fdfbe9bb9
train_2785.jpg,122baded2748a84a54c57e37b9b97007952c31b2533efd4fcc1ef86ed88edc1d,17cdedc9cfc6acfd
train_2786.jpg,8253a4cc0755d5354d012751b86a0c6b960da52de8e8258b6c4dd72311cf5661,ccccf0f0a0347586
train_2787.jpg,897c8660a2b732f746ec9ca4a4570cde615776a7f11fa99745867831512fcbaa,070726940c363029
train_2788.jpg,216831ba02ceffcbd003c1dd0217da877d5c354f4a618d3f0e0637c36f388d86,e170fa5a591b136a
train_2789.jpg,3ea8c7953af066ffb1c204db6d3d46324801ac8d9b75dd88e81756f49dbe9121,9b3dcfada5832544
train_279.jpg,6babaeb8e5022e1aaf86694f6de88213268d6147d4cd943b735e8d3e72105e51,e3e3787850981c79
train_2790.jpg,a0dd1589fe9c525867e8e14a9062298a9f1e798c792b900e44fbe798a924e059,4dc7c787872644fb
train_2791.jpg,01cfbcc5ccec9c538309161ef4cc4654b7395ae8950d92ce3c6458cf3ec0e425,a524cc8fb36b4f1f
train_2792.jpg,1189d543103c19ff14104bbe77c5967403b0a2bb3666a477fd3cb7fe64dbba9b,070f270312928e86
train_2793.jpg,a95539b63590284516abe9e8d87bd439eaca4497c6f97c8e10504410497b772f,c27c2c0c1424307c
train_2794.jpg,8fd930213ef704895da96e2f42ba1793eb63285f2fa757add74cd72626dc1763,8f878787cf8f0fcf
train_2795.jpg,13110ca50b7530c27d471f91789c2f0d233dd6c1c3a8fa1f6cbe6b825a8769ca,0f0f0f0f0f1f3e2c
train_2796.jpg,044076261642dd701d2be127f14c10436ccdfc121c21afb7c067c8feb8124fed,cccc483c4b48f3f8
train_2797.jpg,08568626e4563114eb2d2a7b5c285a10341cff5538b0479d7b7aeff04dad2415,8213c9918d4d4686
train_2798.jpg,1ca1b65c8bb00bb9d4111f39557cc03b2500fc52beb0f85d19260e29ac155db0,1c1c4b4d8f8f8b82
train_2799.jpg,4859e514cd11acdbed4148f49d55e409636739bad274653afb3ecd6c0735a925,9ddcdcdc989b8c1d
train_28.jpg,0c96d64b93e39a9cfc0b95b9cb79e2090b94e6572ee06a3006d846295d0349b9,05e574341011c3c7
train_280.jpg,73e3de88ef226f73e8c616f7a196398d04e8ca1686382843dcbe8f75638aa07a,4f4b981c0c090931
train_2800.jpg,5f29f2210991a51088fcf5b58bb14c1a61bc1f181baa02e9812d2270b682f083,c3c3436343516363
train_2801.jpg,f82ed12683e56cbc03fda97bfddfa0d3bc65818a527b14f576f22bd46566829f,464f4e4e0e070e16
train_2802.jpg,f18779ef22ccdd5b65019fcbe0e5164c2c2fe17691f9ceeef53129ea8b7b40e3,9786a436646c4ecc
train_2803.jpg,c173f0a2ab72f59e728b75c393396a221c5fbf73bd84a75c11aca23e60807da5,938660614523278b
train_2804.jpg,f229d0493bae413eca5ac3be3bc3590a1826469d59a15470ae3c92ddf631e997,1f5fcf4d0d07890c
train_2805.jpg,47932739a74ff59396c6cde10320fcb1be336193c236a42ca7101c37d9f599ba,71c9071379863232
train_2806.jpg,b2f6fb1f29977ba2f7db602ec57cf6235fc7ac05dd9ffd74cccb31e4fa735bcf,9c9cc8cb5a488381
train_2807.jpg,d42d13eba15832f784257a9535404e280beef5ea72294a05b4b9571c43c0a265,020e4f5b19199190
train_2808.jpg,85133b0680f21bb21d636eaf31b118edac71a14d9d02e303a619412b566fbfce,254d0e86969e968e
train_2809.jpg,a2d5cac1f77a38e3244811cc59f26cc142dbc4d8a2a525e5de5ab69eb7c94cc1,3232321d3b319122
train_281.jpg,06f731d49e409a6fa99c459c92160e202cd13c32b7885338ccc96a39e0702cf0,7f6d4d4d4beab696
train_2810.jpg,2d2b630d77ac07f83e212c98d4bda7ad784e101be442f9e4d8a21d092454f095,7042b0b30b0b1f13
train_2811.jpg,fb5f7fcb52e4b549c4fe9893a53ec83d8a2921f3315df7981b9082f842207bba,100c2c2c25252404
train_2812.jpg,349b4b387bd6fb3e4915d20242c433fa1b40a6c9c9b91402ba13cd294667916b,734d0b07070e370f
train_2813.jpg,0d7283bbea59063035867c0528e463e0d8b662c9a2385f6b9263fef87de07ea3,9999090d454d4970
train_2814.jpg,85cf97d3abf089c209e89eae5c88d71393ef2efc39de421f3aea46c33c5aeded,8707070743c32101
train_2815.jpg,cf7e0fb86f7d045499f73cf8e03fdcb3052b0370774f095f126d3a8b88718dec,c8c8d8d8d8d89011
train_2816.jpg,2d35cd4066766bc09fc73ac882f2b757df3d2d16af11168e06d56622d8c0a4e1,646430396c663921
train_2817.jpg,eba76236bfada9397d4e72acb74b162fd42e0c95889a246411b7de8dd1d2fb57,3232321d33319122
train_2818.jpg,05ca2704559700a5a2ac365394d0de450230c7265537e005d10c558df10c4cf1,c8b4a4accdacac4c
train_2819.jpg,08cd1347730bcc600329f86ab3b94a62aac84b56b750ce7a1e38038ad31c010d,9511cdc593dbde56
train_282.jpg,afc6ad4389c7d2b1f19ec4d4890ebae5700e2a42cbd540765b24cbdafaaa05e4,070717979b9b8f8e
train_2820.jpg,83e817445755b4a64b2cbadc5587ef2f1d20611b4b12fd82425168f2813cab0a,303b1a9c974f7313
train_2821.jpg,563aab4eae0b32f09dcab148f4f8689f8933cb80b70b22e6c472a2f249bc7409,3e2b1b1f1b3b3b3b
train_2822.jpg,a5a0aff89a97aeb7191367ce980351717500eecbee12d7e13074962c2124aff5,599f1fd99e8c8d64
train_2823.jpg,07c716e1265f75aef36cd3428333c485c1ec1bd53cbc83456648ee99ce109929,c8e8e894963e2e6e
train_2824.jpg,6784052771c7fd2c8210fc916050c0f502dfce5fb1504871b047b5e08eb959e0,206187094d098c04
train_2825.jpg,69a6a5301eacbe51eec63be0694dc7ebb8b90cb6e9333a06d92b1df5460a7e8e,3d31333232333335
train_2826.jpg,c323cc4dcd0c7332871fd637f521342052d2b31330658014ff7a7d68bc0fef63,0cc0012d2707085e
train_2827.jpg,46b017714cb8a16da5ee68a8b7b835e2d0cb1d6efd13203d94778b34871b3768,c8c8d8d8d8d89031
train_2828.jpg,336e6f55b75b61786b6dc8b814211e38f0d9eafcf62e27b6f9925fc852128db2,eb9992908b4f7337
train_2829.jpg,a4232d8701e7c86e0c2fe2969fb0f0ba1c554aa05260077b5c930c806d056bd6,939394d6c697396b
train_283.jpg,5b787d8f0c79e7d4449548c3cd0ce0ce0f581fe6a63a5650eec34d20b2d0f5bb,71cdcddbdbadfd6d
train_2830.jpg,fcfb95159bf168d6ba4d8dd748f77bc9c63dab56078ed383915075baad9e1786,4e4d0f4fdfbfdb99
train_2831.jpg,46d2475664e196a6415658c2d66ced2030599d02e2010e75f6d0202c00670a23,35b03333b6d33673
train_2832.jpg,d37f45631c167efe089a10372b91551f8e169ff994b2780b663615b69e62a329,223595c8532b0e0c
train_2833.jpg,eb36958d268a35f2f68e42c936c2a13c8c415e4606bf929945a2bca1bf731f16,01198993939b4f53
train_2834.jpg,c1bff2ecdee333ef94a1ed8d5d6b434454ed597af1c481595c98a481eb0376e4,1f0f031d2707054b
train_2835.jpg,b38064f763ace9fd8e7ffc19a50fdc459e39f2dbdbce52e4ec4ba5bd85c35c1b,b232321d33319122
train_2836.jpg,5639576d9821ba0773c1b0c3485f6d3c13290b34ec69605ef17c67f4f3787ad5,b0b0b2332879b034
train_2837.jpg,0d163f18a1db77cb7e5b039f0de2761a53ae0f03e6572c6a7bc58680566a2fee,7b7747f7d96767f5
train_2838.jpg,6afab9820173de99011befb9e7123b49ba9f177ffa23461a32f10d7740dc6654,4d29645656909921
train_2839.jpg,0caaaeeea4fb777034b7886446fbc1d667248221e5c6ffc0e58961cb300b2097,2fddbbf2e3c5a54c
train_284.jpg,721d234ee9e3da364c66906eb697d0547b761aa88116a7b1d3b79acc69007db3,4d5c1c0c0d483137
train_2840.jpg,6047097a93240b7066c0e5ab754001422de165c4f66a3876231c32e8fb231bba,070f27071a928e86
train_2841.jpg,e55df354978d80098c599a88d8c6baf05587cbdf6d22fa62828298b9c9260b49,271f8921385b6332
train_2842.jpg,31082cf5be50c846e88177c683cafbd41b6c30679814674bb51ffea58ea3a873,032733232f4f0333
train_2843.jpg,ce01cae0a5518d03acf895cec8185e052228b7600b389224da0926e60548d45b,149e8f9696363f2f
train_2844.jpg,5191f5a99efb32e23fb44a0206c07079f4614aa63ad9abfc56b7a09e82f70b65,0c1c1c1c1b1b1a06
train_2845.jpg,aae106d9fd67ae3c5a7ffa2d16012aa3561201fc891d7487802ba5bfd99fbae7,131b53e263633363
train_2846.jpg,2c57fe8e6fc37628edaf60e7463e67712db0a5ce9b2829f5673748c66e97981b,1a1e1f9171b392b6
train_2847.jpg,216c1c0139540bc55c1c3bea5983d9adb74fddae9b47c71e6a33b447d8a756da,8786c6c7c78f8fcf
train_2848.jpg,4740f95a5326b394e8bf02b873f49bc522fc4f47974b02ceafc06103ba98d513,87070f0703832120
train_2849.jpg,3e5bab5fe7ccc75d27c7cbccafb9794372f17a9a4a6cc1dcd5193e7d602cde85,b79f1b15eda71a98
train_285.jpg,c4fa2709b6f63d8c3d1b1966fe721dfa5977bd29768232a9083fd4e165c48e81,373f0f2519316d2f
train_2850.jpg,5699d9883a84dd78f67468f81fd5a22423a9822345ee4a4bf6bfe331906e5006,1edc7b69317c5818
train_2851.jpg,9efbb89682702094de0fb96c383776b5a2410ba58a4b602658bc0cb09b7170b0,cd4f0b0b8b954d4f
train_2852.jpg,bf7dd50aeccdb56cf17ff587c4e7266f58274ad66f02cac0619fead8f34510b4,b6b626262bca8b30
train_2853.jpg,68aa4d30591d45381731251b28df9202840b95352f678bf02c9dce8b8d60410c,76af4d5ac5277313
train_2854.jpg,acfa5b7c9101524ec040063181ec4bbd1b6c98e7fb991764e391e2df2c788a8c,d4cc416161792721
train_2855.jpg,83145c7a44a8dd82df9f35077d980f764aa9eafa5823a6733bde0247f61ed9f9,a4e470193c361969
train_2856.jpg,e43165f8a5b6bae345f53c9d6a114ac8e9ee87921cfdec2e8277d7987ea0d15f,240301080b8b695c
train_2857.jpg,488a5beb390ef4a823f3d154a72a9c915657b62dd5236a6bccaa1893c39966b7,01b03333b6d33773
train_2858.jpg,2f3bee08779c27056962a9187c308db6f49f828ad046c6a23858028df8047ac4,e667676767e767f7
train_2859.jpg,73646add593cbac8b54d162c048bcbe20e44de040cd22fa420c1cff2cef13ba1,070f2f0f078f8f87
train_286.jpg,8430ea672087e760fefa24dda68ab211e5fa17dba8d8e36418e96315179ee60b,4d6d2525392c1727
train_2860.jpg,80938b685be3d1cabc31b95893a6a7472d987ec7721e96d5e88e4a1ba0c27d61,333363e263633373
train_2861.jpg,746f65864e556540dbd5be61dc5f4a9232a9f4966b250546a44f95a905a1cdf7,981e5717335666c6
train_2862.jpg,d02c765e0bd13faa159f893363daaf6c65853a3a60e3b2ec9423b47a731000a9,4b4b4949630b0b1c
train_2863.jpg,955c210014d65c8b5d323ef8e527789e1b9f42c6c3623ff3bcfbcf2004f7fcae,4d4d8c2f7170f030
train_2864.jpg,23dd94c950329e58e04934ee6bd784aade40b96e87f9242a35b30600b68ece79,59dbe9e9ea6a69eb
train_2865.jpg,90a8cdd1a011798b3dd9c37a05b161eac04dcd8a37faeb622a655feb6387357f,333357175737173b
train_2866.jpg,e077da6e4f0bd1d000a42cd133c199ba5cc6adc78de825db55f39e3b10aaa55b,3533273632323335
train_2867.jpg,3a35079e373e9d22c52caec0bcc8eb3d68d4c402aa65a4b431578306d01c0e7c,00002129212193df
train_2868.jpg,bedabbe50bd2611403e6c0dd698a983cba7fa0a5a6abb3126866f2c7ac28c3df,9995951d3c3cb836
train_2869.jpg,8b3c2df27549527893dc4f57406167d06a20a1b5790ac9b906b2cc550a7ecff2,c6f4fcf2d2d21850
train_287.jpg,bebcdc3efc2206879006640ecd94793c3b290151de792690f93ccd5fff57e61b,18333beae050f0a2
train_2870.jpg,cbf3b0676fa40c82f7f715ebbce6f27890f013727a8893e9f073527d822f3af5,5a5a5998d72f7313
train_2871.jpg,3b46d2ca7abbb4782e93b80f7a85862492af051d5cf70cc7304ad0c4db3a3a3a,4fef0f2fcf8796cc
train_2872.jpg,c5e1792c64d9ce62a895921666f9d6dc742014ac74285a3312567159a82a30f2,b29b97933b233334
train_2873.jpg,84d61a8c3c8f912fd5741eaa6b995968b568b181332976c78450cbf88843643d,070f0fcf8d0d0e0f
train_2874.jpg,a221cd1a8f5c9992dc041d9354aa51b83592de624aac3775d1ea10fe09ebe39f,8bc7c1d6d66bcbe0
train_2875.jpg,b319c2e1726b333bc1e1ff5662ae26cac109a3e9b843121bd36b207d472b2561,7ece4c4c50caca62
train_2876.jpg,891e96876546c2653ba7f54b49d3560d14d35a1baa981948f4ae8d8eb7931809,9f9b8f1b1307071f
train_2877.jpg,a7fbf81c24b4793aa9e5fb1405dc18bfe104ce4c5800a222b426651aa17934b5,032733232f4f0333
train_2878.jpg,eabdaf06ebbeb4ff1089208eada5e066d8bf397203405b3b3824e02eb91b16c6,c8a8a89e9e0e2a1e
train_2879.jpg,dcdb05c07866c2d0853a46401ca3249ecd74c97cfe5040d2b718f7b6f41a31a0,35340c89e4661905
train_288.jpg,90693a2893d99fb0f3f351a7a4c20e7b60b1ba3e107852ddee469cd75f2b8957,1f1fcf4f0d87890c
train_2880.jpg,bb97bed6a8b48716ea04f23b9c5afec6e453f3cfbaadb85ca0c3128165541b8b,afbe299d8831fc6e
train_2881.jpg,29eb766007e8627b1fc88163847a4a37ca97165af3397a442d1bc47197edba16,73c9071379863232
train_2882.jpg,a00e97245ddb20e843de11e53bae32ff25fc903271142a61806aa993e45eb270,b9998c4727731351
train_2883.jpg,a451bea6f1497f494b0b947a941c0995ac6e27c0f8bf39b2e5763c9bdfa48011,0fcfcb0445646673
train_2884.jpg,2747f57c044cf23ce9f5cb3ae53eb2a299787eb20e17cb18bd689a7e1a0b0ab0,0319818d0d4c0789
train_2885.jpg,893d955d79723ec33b50b95e83b6b42073a1feb0e940e5b91920959280a5ea38,8a0948183c2eef2d
train_2886.jpg,d19a7e06c48e3791b63b9bf3b2994e74636b6cd11fdda990c850551b0ebed346,94923b2212135271
train_2887.jpg,fafc73a597d628b724a85c7329d49f745773aee5813b99849bc868195c31a9c7,030101f1e8e9b18c
train_2888.jpg,ba0af16d8223b242ebb4c4bd8060e2226de66eacc1e8355c036d1ff2833baa5f,88e0e0e064780d1f
train_2889.jpg,0412099dc0719a4617fff0c0d09fa638fb9b48c96ba2f7e0538dfd780fe1f1b8,7ab9989e97277312
train_289.jpg,301ede6c0350a19ab914702489d8f76694bf4516d95d61b20e394367ffde74d9,222595c8432b0e0c
train_2890.jpg,f2fc5dd27fa225a21834909161df86f2993c8f766ef22ef6ddd7faaf3e982a4b,72b2d898cb277313
train_2891.jpg,02bb097a7e02f095bd09fad5fcffd2d72dd82a4279b8eb47eb6ad6cb4b36bc7c,060f0f0b2b1a1c04
train_2892.jpg,e9502ff44824643b43293df1d4e8a82fd69b2b91db3b650b1ee6fca0fe3d4ae3,4e4d4fcfdfbedbb9
train_2893.jpg,84a24a9f84b50ec7cf643b911a8934222c35abc5b904d8c3f4cefe84b601d523,47471d8bcf574747
train_2894.jpg,fdc618e34e18e18142bca6911ec0af3e94e44c0d96e64f94942784264e42e80c,4e4fcc33c3cc090c
train_2895.jpg,630460bc0d311994f86e71239a8d69c4dae7104804d0786e3b47242cbc3e22f2,85168e0f372f0f1f
train_2896.jpg,f8f81e9d5880cc7b0977f924a48e913fce71d649740dfd963dca3747e07c5e00,7f4d4d4d4b6ab696
train_2897.jpg,6c6fc492d301b49b2f264c0b7098eaa41fa9176eaa882d63f0e0327ba2c8d2ac,c0caca4ccde8f2fc
train_2898.jpg,764af9fb8a352ec1b6722a4f25a99d585d841be39fc7b6668159ed12df86e58e,ed66366a6b6bf3d9
train_2899.jpg,e9fb412a4e70abecfe8c41997dd07de6929ecf7a29162c126b7ec00923b806e9,afcd4d9797396973
train_29.jpg,222fc5a3f9e1f21f29c6d6f6a3b4af58c573066f8f0f607ffe47bcb1bbf11692,2637346e1523a516
train_290.jpg,b493c8419b49eae7c0cd6f34bc23bef35789d8a00ea0b28286ae3b422f90d41b,6766656e31797c33
train_2900.jpg,9c20827b9679be0b613767e30565024b01895173fd9bb07e5270147d84e302b1,7878d2ceca1badad
train_2901.jpg,47f6152284601285a7953ecbd1f8079cd00ed070b6638cf358c7eae569baa2ef,28e073ec2c69f8ac
train_2902.jpg,398416d7adc201cedc99bbd15051ed40c16f4b980f5891ae92bb14077ebfa29a,939b3b93920f1f3c
train_2903.jpg,9369f9e07f2eee17c1c24ca29985984da9447bfd80f1d89fcb4c702932866d45,1313131606860e16
train_2904.jpg,084ab3481290fcd8dad750252a8c2d9be9a6812ed0330c0846ff308b0972275e,f3db06060e8ccc8c
train_2905.jpg,45a8f4285a782e2d82995c4bab3e934f4771c7046c5f7bf861594572917b9e08,cccce4d03262e6a6
train_2906.jpg,eb91614582a2d923fe3f0b7780d732367427add2639ec7a669a6813c0b5d9f03,dfc65e175f4f271f
train_2907.jpg,40ccc94eb1f53d85c92664d4b46fe9e9a0bee7ff1a5ef16a1122bd1b2d2b3948,4e4f8f2fce8e362c
train_2908.jpg,3b733229233291ed9e365e0917835d2bd1b1dd80f7339293ff0ca0aec9616080,1d1f9a4d0c897677
train_2909.jpg,51865e4fea9d98fe31df91c2622329d65eb2cb0f4f4c5f39392f0ca9b707945a,17cfc9cbc7c6a6ef
train_291.jpg,2659c4d23f0e82a4f6d27d1f2ad12b521e9e040d98792d539bd9351a935b19d8,f9b8f8fce6e6e466
train_2910.jpg,a6c46ea13f7285dbae8f5708784d3441f6df96d008522fb647e2d65c0448a016,0913274b180b0734
train_2911.jpg,3d4a550a44ac1e5c3e440c9946705e066ba52d09771e6cff3573a4466dfb562d,96b323331a115a52
train_2912.jpg,6d24521ab46cf1839b6a0ced712ed05e1d53d86f2008b4882dcf3ecbfc653dfe,7ece4c4c50cacae2
train_2913.jpg,1898778fb80294b5b8b792c88f06b130883d792ee81e504ef99b1896afd72866,210701080b8b695c
train_2914.jpg,f416d1e37fee737e315a1d5c3ea1b60528a6daeb9554abd169d77cace7f90c21,341b1e9b4b164ccc
train_2915.jpg,680f996fddecd84c3544c9f28421fc38df3e4a589268bd45a911145595e86db8,2b3b3cacbcbc9c38
train_2916.jpg,fbd0107fcdaf2af365737b989a5133671e45be713c6588e7a3c9b27f2316370c,0d050f0f0f1b2e68
train_2917.jpg,b5ca3c90183fc2ffff3f97f07c23e30f521819479e9e27b8f85d29d0bd63bba3,8c0c0c060f010250
train_2918.jpg,58003f1dd186ade8c936a88f87b62467e4fc873dc46a40317efddb8e0fba30f1,9511cdc591dbda53
train_2919.jpg,eb2890bdaf30a18ebe315b2952441d9d66c298fbfe01392d09f39fb608aab959,170f2f07070f8f87
train_292.jpg,1c0beffaba4831d925e5e032226fe0c7ab0dbeb51de5e58a1df1a91e73c8d7b9,39393b39193b7ed8
train_2920.jpg,560b8b8f25c1f33fd54b2b17e874b8df933b87bb5a68b6270bdb6879dbf397a2,3232321931319122
train_2921.jpg,8dabf2d153ef819821b6ece626adc4aaea23c288d9f422eeab59a37f2aca850c,333363e6f3733373
train_2922.jpg,639b87b70ac61ea2e16e97d97ddcc09cc191b91fc9300af8ffdd876527e0497d,1d31333333303337
train_2923.jpg,820152874318fe936fc293953150bbf04b29cdc22eee50767817b56aa34322d0,1b8f9f939393d38d
train_2924.jpg,4dfa0f1c28392e1ae6d1a961341ddbef868f05813b183da30a96f4095574470b,2923f6c4aee2585d
train_2925.jpg,985d8c6e9016225455554d1e67aea6b5613cc7a781965f7f7c77450098100fe7,656438994c661969
train_2926.jpg,7e3b5d8c5181d4e77bffb0c463bc613abc389ba6f7a33f702e115d24b4f1d98b,461e9e3a6c3f2fd3
train_2927.jpg,badd3948eeae645b2c95122e85caba43fea90e8d887aa8fdb96af4378e915f35,19c1918d4d468d88
train_2928.jpg,235618fece3af55de9cceff718cb3304977956eead5650a63d0521e2eb7f580e,43061e3c34240244
train_2929.jpg,63cc11edbc2afb27073c925f56415a16b3e16ef1e10ad5982e7ff996a30af6ce,c7ceccdcd48b8bf0
train_293.jpg,292a916b785e7825c461e5a2326fa7d8f416079b3c5bd9ad1dfd8204e2de2857,d9999b93d30f0336
train_2930.jpg,cf9f380dbb7c81463b2ecf27935f27c3506d2ba62c66eb9279dabaeb9e1118f3,27b03333b6d33733
train_2931.jpg,5bc76149166c27b7c835b0d2e1028686fd8ef3f20e7df6645869e4e6e9fed44b,919195352839b034
train_2932.jpg,934283d35eeaac6d1233524dddaa86e1ff4d31473bf7dcaef5fb59cd7a7b4a0e,5d5a5bd99ebc8dc4
train_2933.jpg,e1d0c127af3e39ccbc74eceb8e610836353b27d519c174480ef83c08862eadeb,262697313996b6f9
train_2934.jpg,7f659d91e15bc14c03200e556e03ef1d7b244a1c0c55029a449a896f32de3693,884146161e062606
train_2935.jpg,4c5c60fd603751069a8f57c0e46c4e30fb18d29b8afc2a81358b2b100fc940bd,0461850949098c04
train_2936.jpg,712b220401deffb0dd1032ba777564559f2c813e14c75a40f42154dba946a5be,e3e3c36363616143
train_2937.jpg,b9a7db9d5b8558d47e63b24b19e7b81bf46975560fbfb8454a91af3920128651,aaf7e7cccc14b82b
train_2938.jpg,b4a928eaae5a67a34ec97e6688acda2668060197f41c65d0a644eb78a91b09a9,4e6fcfffffffdbf8
train_2939.jpg,089764540b352c1c8c11569390d344ca5d7a1fa107ae55116c4ca2346a720a5a,72103524ac8d8115
train_294.jpg,0e94f6c8f7cba1223e08a9c0e9d3a918e836690aac25573276ad475a03ad2c09,45115bee6f3b898d
train_2940.jpg,692d893a91cd8449bbe3b8e1c956a8ddbe3a6d638c6034fb82f8ac58efc58da1,1f37353bf6ec6171
train_2941.jpg,2c221148e0617e8183ac4199e7fefbe7bb47047e814caef18ded3450998c4073,1f174707cfc65d5b
train_2942.jpg,77c40bdb12532f393113c1acd3d8f9a701b3410948b3a2c28bf8efe5369ff244,0e164b4b4d8c1333
train_2943.jpg,207007b59af25dfafe6e6c70f3bc843712d1ca011c49d9f6f65356f14bfa2f16,e6e3c3c7e37361f4
train_2944.jpg,26e2a7d5280bfff23bab8b2dc00eef9e09bb070605db3625e6e2537b8611a40a,70d093078dadb59f
train_2945.jpg,855c2f28689eff80071290ea03e8ca113f6e7b3ca1c1204fea3c04fa00f3ae39,c888aca8cdacac4c
train_2946.jpg,bf0bf070fc6c7191ecddcf396761efc6ba5bbcf32a10d87a9cd30bc96ceb9b66,01b03333b6d33773
train_2947.jpg,1c1d0eb5ce0a289fb541eda52e098ff0b0cf0326fa67433552d0875c1ac2b226,f1c149496264a0a6
train_2948.jpg,b4f30fbcbcebced7c93cdb5c3877effc773490e7f201b90cd30839f57a6d82d0,170f0f07070f8f87
train_2949.jpg,d7e9c46bdb83bcb18de52f2cae2b7cb8db85362bfa29fa987aa4d42ae0649d98,01838fb7d18e0c89
train_295.jpg,d1d61d961a8eb98a42bd6527d5fe76ea440d0b04f5f09e2fe8e8a95d776cc475,333353375737173b
train_2950.jpg,b644589865f6085bbbe0a71832b4c8da7cacfafa25cbd85afba64a15a3eea90f,f69cea6b61775c59
train_2951.jpg,8eefda5935d30b511d5e2423139eb5f127c1d76cc4137fafd94d7be4ecb3803d,8080494830b01c71
train_2952.jpg,23e526a92bd9bbd3fd2482b3b81581119ec430252e0e8c17bc9d1a7172c81a8f,c7cecedcd08b8bf9
train_2953.jpg,a37f8ec222ad9c352bc78e54df504207bfaf61d71a782324d1c8d1bce2aa05f3,7b6f6ffbd96d6ff5
train_2954.jpg,3e69f429dd8daec365811862dc80747dd6d1583bc15221ba4e71f30f1d9139ed,939197d2c3839b31
train_2955.jpg,ac963c26a7b6b2645fae7463c917cb9d0ae1447cfd3b22f9f93337397e0d343a,77372d2d252d2b2e
train_2956.jpg,2d0366b5f2a9e8a8a8f0581059de5f99ac5aacdf3b3fd1e1e3a76d657faf64e9,a5248c8db56d4f1f
train_2957.jpg,faf290fa3edf0ce00e12f718878e07e9dd5592f1caea0371b855c79e938f52fc,07070b0f0f1f3e2c
train_2958.jpg,9b0303c85960577082fafb62dd9f1cebc80c231ae40f86846f9ceb914a3cc71d,c3e3c3c343e361c3
train_2959.jpg,52b463ff3aecc861810d796881832c7a2c4d3794854238eff30493def0b1cc8b,262697313996b6b9
train_296.jpg,aebf49c93e9b307b8bc656a41aa1335d4986f515f25af3ca042e4a4cf6d4f0e6,e4d71b6b8bac7b13
train_2960.jpg,cefd6511aa05396b4cbdb274527c0616b1388fe75a803cd79a24618f7d030030,0707070d8d452113
train_2961.jpg,9f822cbe2191738cc4abd2abbfa4d681d6654ef1af943d3ae11fdce4e67c7993,8f0202030b010250
train_2962.jpg,9a2b89acc81ce05ae8d761bf0d61c941313bb576254b62f8df893607fa2c065b,a5892130df63749e
train_2963.jpg,0f8edbb440a567752536c97ab6797ffc59cd104106c5bf79de0bbd2c3a19e21c,070717978b8b8f8e
train_2964.jpg,839bebc05cec71efcb4d7057ba050903425600682128f944486aadf6d032c1dd,86076347ddbffefe
train_2965.jpg,dafc7c4a62b674bc263d0f237047be088127b7e266a43ea73c8f348fe42e134e,09694dcc859493e3
train_2966.jpg,b00a3e8a158ea7bd719d386d4b640ba2e67fe865f2fa9aaf4ca16a11c429ef50,1e174747172f0f0f
train_2967.jpg,07fb1a8523e08f1d0b217581a640755edec57d13a8022100ae143af1ec1e1093,4d6d252139141626
train_2968.jpg,a87132eb9ece3cbdeafa06d37299cceab46e7010fca9a78c88a2c9a30a3eaf65,b173d372b930b7e2
train_2969.jpg,9da970bcc05e2bf4d852d37f8d3f91a7b11d8efbcda8e57d5965886290829c7f,87070f0703c32121
train_297.jpg,308ac5b6d1db574d53c37771e4522e621d997ad1ddcd6ac1205efc4d46ab29b6,0f0717978b8b8f8e
train_2970.jpg,da8f24e38190599c68f07fac9502a661a61f6085b93c5b35a9e35c0b8af67c4b,6f2d2d2d2d2d2b2d
train_2971.jpg,75b33401c820dc00f7c8c6609c139a357abc6328f158f82a89d3dc52937ef932,07070b0f1f1f3f6c
train_2972.jpg,907b1c37b452110abee592552ca1bc94b82d4b6b0657e4d17fd6d1c7a7825ed8,3f07071b79d78f1f
train_2973.jpg,b0af26f4025d6ce9897c39d053606a7683467f178ef63665b31adbdb40fb212c,0acc4c4c48781818
train_2974.jpg,abb27355c06cc4fd90ce72a0abb0daf449b470e287923bb7c68c422de74127c1,c1e3e37878d0955c
train_2975.jpg,9b9244031753f2313882753a1ad69e53777ace4b64308376d83b71f25e8510dc,99194d0d254d4954
train_2976.jpg,b8ae64ef9b4c6632513d3922d2d732798030dfdb62589b50b70a4e2e49cb3666,b1b0b0b090922612
train_2977.jpg,7fab9050f49c9b453fdb464be658d4a318c0b9bf698f28d9232bc300771a3a81,d1d8ccccccf2fefe
train_2978.jpg,84f8ecaccc9b5824f073fbd855a8c746686f3cfad9e8dd5dd5e74e955e0cbe20,93c3c46e8f9e1323
train_2979.jpg,b02fd2501c5894599f17e2f2ef0b63b6dbefe874830ee53d4b7d6b300b559663,0c1c1c1c1b1b1a06
train_298.jpg,8835e23c3a40296a07d99c4b6e3e7e1c069887612e9eca27e8fe11309a6f91f5,b173d3323930a7e2
train_2980.jpg,42de5991bbaa5b7154879c4662c3e048b8ffa6356337dc0a1993286926d07766,1f1f373bf6fc7131
train_2981.jpg,91e12097052586f92b00c9dd3b6a16fc9c7fe8b71eeb72674cc124ea46bb1b09,7f7d6d4f4fefb796
train_2982.jpg,58e172b2f7473956cde8bf0e81ca87b341ba6fdf20f6f693dbdcbd94a47a60c1,070f0f0f0f0f0f1f
train_2983.jpg,fc4ca9f8bfa22eab27293d0dbfed80daa15e11180e3e81c329fc4f0c19314264,c6c7c6c6c687cfc7
train_2984.jpg,815c7e02d09afcee6af2645e5d850874907e3743420185cde67c192377f30faf,0e66706c17a79c8c
train_2985.jpg,5e47724e4cdfb9be267cc396e5199ff0554bb63254c156bc5cb085dbfc155138,c1c69692cac88c84
train_2986.jpg,facd4063bb7d5850e5b9f6d9fbd9892e126b486b2279487fa47f18a9755aa149,b29b97931b29313c
train_2987.jpg,34fc2b83159279535a3d49ca43ed03330f0549286d8570aea01211bf7960b101,644c4b7270602d07
train_2988.jpg,94ec43deebd98e541c7365d47170620b33d6360d4f7bff0289df46b96b69a317,ccc430131363b30d
train_2989.jpg,629488534f80605075f7170f9dff34b01363f0e5b2863e811e14c614d022390f,170f2f87878f8f87
train_299.jpg,2c01b608a684558707cf225812836b0fa2a1359bd01e594586ef8dd3e07c9298,291b19191a1a0541
train_2990.jpg,9d2e183c1bc7da32cf2f647db51fc5febc43797d22d87ace9b91e94a9631f703,070f0fcf8d0d0f0f
train_2991.jpg,cd97b418538a8f7e12a92e6e619a90fb45824e4d33ccae85f4ff3bba2c77db4a,c3e3787870909c5b
train_2992.jpg,4df13b8adf490e65c224544c727884d45a41d9531a4d1445e61053974cb5cd0a,ec6c71133369b70d
train_2993.jpg,58765320201f3d09e45fdf0fbda2ba7dd6f10947bab603a55ecc3b62b4e7edd0,87071f0703832320
train_2994.jpg,e9295bf80c1383cda9de9d2c78fd9fda3ee9f9fe16cc0e5e78cd7aa160c6745e,17978783c7c61717
train_2995.jpg,75aa16e8ad334202060e18fdb98bee54d28b27c5c98bcdc40001cfec365b9349,65a16a6c29090121
train_2996.jpg,c1dd7e82383f95737f334890a34b3064fdc6e3933bc86abdb4aa362e84bbbbcf,cb9da725c7810d3c
train_2997.jpg,3b65dddb13b0f1a8cde751a4518293593bc80fb1e0569fa953921636acde2b12,bfa8aaa9b994868f
train_2998.jpg,9629d7af9b78b3ad9019d9fbdbe6e3e53955432cf875c1f5c684df85604c9142,1fc7c7c7c6c587cf
train_2999.jpg,2a47644c9f0814771c3115358e1d121d5fcc4e3a3a79752903a367895998c02c,0909a823a3a2a293
train_3.jpg,411623e30f062fefb6be4a4367c143315fa8920c861f728301a5d9bb952854a6,88f0e0e064788d1d
train_30.jpg,f48851428266a1c4ac1d108890b03130e1ba4bcc3960e6015f7981a4406705dd,c5c3579b3b333034
train_300.jpg,fdf6febaa53de66d9b42cccb6ee6bad95cd22f15e97f4f0f962a828faf52bf07,02407c181818c367
train_3000.jpg,c206230481064435846a00970829bfae10bf12264eea15fde3d61cc87d0f16f1,1746c6c9b78b99d4
train_3001.jpg,d5974c2ebcef57fe404f8b6a0547712ecfb5354918b13e9ffd1b1045b8da7c37,8f89898bee2f5747
train_3002.jpg,87a780129bd61525270438a9a269bc3a0df938984cb6ca4de967fa94025747ec,373f2f2519316d2d
train_3003.jpg,16e2f9b6d32c7297149899180fcbbbc3dc5791896f6008b3609b9225a022497e,2d2d494d4d0e0b2b
train_3004.jpg,19667d586f262544ce14c06cd36839d9c5dbdcd69890c54acf420a41856e10fb,b1d38fc943864ec4
train_3005.jpg,c2532219dac845e4dec44a566e24fac6c4f5489b66e80155eebc69d3e5da72ea,f3db06060e8ccc8c
train_3006.jpg,ba7da3f645ba9306941c594897f64b364d3c3d890171b51636d94e556472e878,a4a0a1b9e9e13165
train_3007.jpg,27f069af8d59612d4d1cc581d3ee3235c3119a6bdd60ebead1b13f478edd7b78,63694d4d4e0aaec4
train_3008.jpg,eb070c259723dfdd831649aa734b3b9b1402a46f5690f0ed401141f275b11cc7,c67c2c0c1424307c
train_3009.jpg,e212187d98c970e3014133c634d81c3b39cd26d66c6237e566de85c719ef18fb,bfa8aaa9b994868f
train_301.jpg,8b6e1ac35b718e697ca3cb33bf0248a7338612950e2edcf3baeb1d7c7b55ea30,5fceccccd0cacae2
train_3010.jpg,5ea35b4e0f4ebde60af3ec529c89b78ff1cbd6e05861ad6cca1456c116dc6bec,e062524341405ad2
train_3011.jpg,67eb1498fd4ea756768b83818677cfc5a99a3d777d1d87903dd2fb7103be7824,7767272fc7ce9e2c
train_3012.jpg,dc71c3392d7d13baf03cb54c5a717bd878afbebd13a4d1e593f4d1ed500df79f,e30f0f1736bc3437
train_3013.jpg,5786c6a3e142e551f1c862f161d07b669e478f2136ea24dad792d02028eb28bd,181a59d9f7f0f8cd
train_3014.jpg,9748c353676f058f240cc648ed439768fb070dd093b6cdfd2c947f2df528314d,86276727c7c7c7a7
train_3015.jpg,a97eb255970ccde1fa37f41c5aa3bd1e7903b7701fa299d6cf54c4f2c679dcc5,62476ceecccc9a86
train_3016.jpg,cac03c0548ad54a75c88f4f2aa0be7bf8358b243c97440e6e144ef3dcf5d0217,75cded4d4a6a3696
train_3017.jpg,d8abd0f89072c57dde1347384b4f68043ad0e56847c8ec572d3587fc61e67ad3,65231b1b1b1b1b23
train_3018.jpg,ee0469e1cbfeafafa292ba792e7becfcd2bf5ec352b4204f00ba40aa2530e757,a4a8a1b9e9e53965
train_3019.jpg,bcb1e3385983d2dbf81f87bc6e5e176d9f7d97234d379f010222cc6da7ceddd0,170f2f0f078f8f87
train_302.jpg,fe860bf5087093d846fd281fc0db42a9a070b35d750376298ee198c20911a7d4,2683c3ccccc58426
train_3020.jpg,bbec8248deb4711db36761d6d47446c80b3508934184861aec0c7d07ec737ac1,db73e72f4fcf1e2c
train_3021.jpg,e4187c7fb878fc9abbe89b94adee1a70b27b3567f0adebad9ece159157d812d9,d95f2c6c6c2c2d6f
train_3022.jpg,ed2ab461c5ca8b877bb2fa5e191c1ea3bb51c27f341577e3ab4b61f23772e7db,1c333aeae052f0a2
train_3023.jpg,4fac6b1161027758e806a356f39fbefbd608e5721390067653ad393e92749c27,3d31333632323335
train_3024.jpg,f7dbd7c842e6fe3c43317b081dee17e8f454cdea08868f8c9f6313997215bb3b,df3e2cdc9523da55
train_3025.jpg,25c549da5897ba825ad4d4562bc14c89a21af5b1884011f7eaad015d74f9d81b,c6c7c6c6c687cfc7
train_3026.jpg,addb0a2084fe0c9d72b59a3c05ccba68566223df9c100a4e6eea9b5735953eb2,0f0717979b8b8f8e
train_3027.jpg,74e8d0c8c48ca9687f44acc9f5f4c0b3256417865a94ac3d12905b6365f66353,17cfc9cbc7c4aeff
train_3028.jpg,8ff029b6d874d395ee9f7bfeb9ae7398e7b8e2214e690db4a509a7d2ac395bdf,080cccc4c4c00242
train_3029.jpg,4f6389a4601e32eb52f0eb81ab678bfd08b6a6b92dac5bb8c1135ae0c95a07da,0913274b180b0730
train_303.jpg,a98890415a3a41ba5745e3256ee25141eb1947a7795787bb3310ed001d680a4b,17cfc9c9c9c6aded
train_3030.jpg,7f3268f335d76d8610de51adaec02c772a28d00c5e5d305b8b6ee1c27fca322b,66f1b98999b14d6d
train_3031.jpg,a1950ed9e09adb28796c5de5d712310ccd4d305a4679d4190e4e2562c03a0b4d,223594cc532a0e0c
train_3032.jpg,7cdecd0080048a9fea5ef8acfe0e11b8a8bda79322b2d186c841c8cb06c23a38,2111111151612111
train_3033.jpg,c5d8924c1e0253f8d87f9da9eba7ed94a19e816c7bf6bef47b6dfe2f7709fb8e,37373727272c2733
train_3034.jpg,c76d69cc61fb2a5e1188c61aae04956793151609b8b8d54e75ad481ed28b65a5,87cacacd5a541c97
train_3035.jpg,85eb844b363dbdf920ad3e2ea8d121350f4603b34a8365befef56df24dac9495,838b8fb7918c0889
train_3036.jpg,4dd40486b98820cf9dd000973a58138e2422f70c030a5a0f349ee20040054c05,4820061e2e070e1e
train_3037.jpg,59cd1d06b2a4fc9f905b270b54fb2bffbdc7e2428ea4495620fe6e16c4e150f4,333357375737173b
train_3038.jpg,a9b9e48efee84e8946667878fb358f8607cb1a0a1a9df8a5d3f07b47a664ef93,32b283c688c0e685
train_3039.jpg,f7ccafc2e6a3778ed583314497e1805ffc86e8df14199ee761dd4591b72d83bc,4e4f4fcfdfbfdb99
train_304.jpg,3c079f502122253e3b95db2a0d77fdc6037db3a6f96d033fcc85c614ec9ba2d5,87071f0703832320
train_3040.jpg,e3cf3edbb19c08d6c6f10325688f536cdf160c9fbbbec9e382f254527163b1ea,0919191918183094
train_3041.jpg,0559794314d791d5eefae7ad30154714f97b299dc9672d139e6cfe14385e2822,0a0a272737371337
train_3042.jpg,2b86bffb9e9c9738ba593dde633cdb6ee6f10801f5a632ca11488659c13c4f00,199999998b89898b
train_3043.jpg,27d024af72d9ef5cf2c4d85bf8e4f397590894e253c03da42ced0e1b3e39788d,c1c1dbdb3b313937
train_3044.jpg,4b2c2793f6348dcf4db7696fb466e013c805aa992d98d1e0083f339be209bc85,464f4e4e0e070e16
train_3045.jpg,db0cecbf4a329004e47cbb02017a991c76df5c87f8e40fce643fb76a8feba1fc,532724686c6c6a53
train_3046.jpg,4f121fde4ed82520cd92050ba2119969a64c459d0737d6baa6cdeb4b586ce7da,f4d1efb39b385276
train_3047.jpg,a2232f3888f4d14b99dc5225bdef9775868d87fe19e648c6372d552da3a4ca1f,c8d0555c5151b2e2
train_3048.jpg,1f909cdf67271c0696966af0d2bda837604af4280fd5720841134a1056d08e66,23a346166666cedc
train_3049.jpg,0e9e664d830648ef7bdd5bc41d995484c90fac79a637a4cf811d68b401338916,7f7d6d4d4b6ab696
train_305.jpg,f3487eba299fb716142484ee3f42110c0a037271800899ed98fe1750fc8db03c,ffc6c4ccd4d28af2
train_3050.jpg,aa7089b096d0b12bcb9910253ddc104df6f2180e27e8bba149436c922be02f04,afcd4d9797317973
train_3051.jpg,cbcf4cacad552cc775e80439703bb8935ed6a6e34e875c61078ff4f397e15e3e,bfa8aaa9b994868f
train_3052.jpg,000b428d04f4c154fce29a47fdd2a6626b1f2da701b813006b4678aa6c6ab2de,0f4f0f172b2b2b32
train_3053.jpg,fa3eb7a3aac84418acaa9dfcf651cf18483ecfaa3575db14997075c7f9ba196d,6fcb8b0f2703db8e
train_3054.jpg,3d37a1459f21b2aa949080aeee849548987cda5392b9f46599d0045362b13248,d484c7cfb4343032
train_3055.jpg,991ddeca1951f3e49baabfa1e7c26d7356d769565f119324c96dcf48eede60e6,c343436343516367
train_3056.jpg,2e29c9c6cd3bc867ffb49a6fb6486e69b76f768ab9b5b99d529a9ddb5a7dedc6,63071e1c14168846
train_3057.jpg,9f305c76a82ecdbb212fb5474b7d23800131fc8e795a352a9f76758976920b2b,8dbbb263c3a1ccc6
train_3058.jpg,3e8ea7aed48bc31d4d5605981a6ea4737fd1c3e57e781c1cfd4c24f61b39a779,d7e966e76febcb5b
train_3059.jpg,e17c7a0ecde3ab98d08403a66f61b29cd73a01194fb0a7123c2c2793bdfd01dc,3232321d39319122
train_306.jpg,6f699d4126cfc4113a56e4b66b5d666b823c02b0abc2daeccf4d8a8fd73f2168,6a359bd167277131
train_3060.jpg,6b198082a6f6e7ba4c16f03fccfa90e6e685cd56433d2c1a563c2b97f46fe659,b173d3323930b7e2
train_3061.jpg,e37488fbccb0e3658884b7f7ae6cc107f3068eb98f38db44957dda12e3500f7a,4e4f8e16124b0b13
train_3062.jpg,2d9a76fd5c1ca62b1c8a9f65b95ce4c2d527b8edd3bfdb797c55e4ae326ca1e8,49494949c9c9c911
train_3063.jpg,fca2c38ffa58801fb5c882fbeef34255f4bfffcc3db0a4d1d5438f9e03bbce4f,f0601383465e8f31
train_3064.jpg,be9807104495e5a892722116f2f4a00982d0e2c03a29c10289aec0a81ad8e2e3,c27c2c0c1424307c
train_3065.jpg,c4dcb4907e08a7aec752a528ebf9bd88d1b77a25ceb07808d03a5d5ee19c3e59,3c2dcc8eb0f1b5a4
train_3066.jpg,2cd5bfc4b5efedc823ce1c6563eb7eda0e756f4e8f3e43cdf1fd2e5ae298f06d,0726b69694bc84b4
train_3067.jpg,3ae08765882f96cf63b86dabf12377b5b9a09c170b047d0f855834d9f8fcd006,e2761657ac0d5512
train_3068.jpg,1468a8858d87f6374feff6cc917fcba230916265f39d22e551158f637658a35b,58c9499ac5277313
train_3069.jpg,feb2701ca3e3c6429f10eeb2b6c6e94ab01ab1c7687e98a969b5427d516d5073,313139121bcb693c
train_307.jpg,ff048a5f0dd345a198aa65fa56c2fb3cbf6061c3c76dc1b1b9bb234c8585c1e5,0206020981094965
train_3070.jpg,2764c36ad65f0fb2b37be579440331e4c2f34099c3f9ed48fba4db73db6ca2ed,074e666b6b698995
train_3071.jpg,8e3dffe523d25b9dcedfee1e2318e9522690cf108c6e789c142a460f51abf30c,6c6d694385899198
train_3072.jpg,f09e72e3c6002d20644ce42c0954d7a9d204cb463f8bee921c0054525e2655b6,494b6bebe7e5cdcd
train_3073.jpg,f938eebe2fe585dc36e74328566957a81fb861043cea4ace1507d53f0e17315c,06078383c387a7a7
train_3074.jpg,4e13cd870952b0bd9ba576a41eebf3a303f96abd9a8a1898fc05dbc13edcc4d0,c3e3e87870b03d5b
train_3075.jpg,61c48dcb018b266eb6a2408ca4a2adbb2cf4e7a50b5ffb1374fdb65871834ad6,7f7f3fcf0e2f5842
train_3076.jpg,e8a40cd3510c2b18f107c15dc98cd7be7ee183a6c65eab546343d499389f77de,a4a0a1a9f1e51965
train_3077.jpg,b66c4054ea5455f9a36b82043cdfe26c862e152dd06cd653d6c2849e9ff9db2a,1e1717171b1ddd1b
train_3078.jpg,fb580c8c9152135dab128861e9956d76d33f66d5e1f20f34738a60141f3aeb88,4e4d4f6fbfbedbb9
train_3079.jpg,c91692eaccdf99c79a5df02a42940e43304652c50313ace0d113cf6e985b6d0f,17cfede9cbc6afff
train_308.jpg,ff3b6e92dbe6f659fd05beb43727e5b251db1532c4e13e765872b5e550cb622e,f8f0ececede27673
train_3080.jpg,0995cd5da475df05ef7ead8d126e7f5d7f29f6eff3c65dbeff1ca2e6fc92cd3b,4b6a9c9d8b0fe3b1
train_3081.jpg,85e9f9dab933606207e87a741d2bf36e9115526620c3dbd3e62aa07143ea5b33,3d31273632323335
train_3082.jpg,a807e9a0b13227dc5b74b4c76ab9aee5abc448a2092c7956ab8267fb539f68f3,6d6c6e4e3f3f3e1e
train_3083.jpg,5140f2c7459e5babb28ff1b74aed8c553e746c6db7484b710a6e6b60ba1ee398,87070f0703832300
train_3084.jpg,11d0309fbc963b0a46f2162e11dd2fb6ea8baf8b25f45b00c4c30d2ae683a856,0e0f070f0f142c04
train_3085.jpg,4e9a76f9f7b72a083179fb296a3b23a956447953f437316a097987b34ea3fbb2,dcccac0f8f8fc6d2
train_3086.jpg,91e548dc074bab9ec207c401a7235458c3a81a94a659250fc82e736e15588845,fbad7f5f0d4dcdc4
train_3087.jpg,c22739c3bb1540959807f884889e4712dd4a9959f804aec2f3a7eb635e93c6f0,c3e3c3c3436361c3
train_3088.jpg,9da91ed6c8ff34f803227b6cdb1c860532e4ad1938ef8cb2654c8bcc9504bb86,090707070f0f0d1b
train_3089.jpg,34c4cc157b659e53571ac7eda4ff27ad1386de602b0f24eea02bc231fe0cf40b,3232321939309122
train_309.jpg,71691208544e24bb5d5365d9d0d6ad8a3fd242b06729b41600121f294b5fd5e4,66c0e064e6cecd31
train_3090.jpg,6bbe12ebd8140c28159ad85ebf0185198d1fda5c6923d231827e3f408b14bf1e,b296ccccd4d4f092
train_3091.jpg,0cb2acbc5d47020aa637869a329906018a5111712a605f2544175275a1550d53,d992a4f766664604
train_3092.jpg,0f06c18827aa38366434f1fd1f2198c013d658e72c66c525552080733de124a2,7a6c711939a9932d
train_3093.jpg,a79ac9e5e5be151259ce0bb4dd0e320bf535f3739986904020a38c0689652126,032733232f4f0333
train_3094.jpg,58e09f66e963cfc4acb688fd333a27209724a0956e42dccc3f762b67006e7812,ccccccccccd9b333
train_3095.jpg,edbf9879525d5ce9873991ac4e21902125bdfe16d61848cee1264ce12c9e2d23,800008602421c02c
train_3096.jpg,8da83c644329f8ec88a58871d979720e9c9aa0bf2c921d74402478d5af6916e6,45115bee6f3b998d
train_3097.jpg,c8583133408acbd71c3ed5daaa18dfa8457491d071308227d7637ab553448487,65606c4c44f4284b
train_3098.jpg,6b04a5d7620f535410d677ce4108267fdc4e74b635739fb0a0a067fb52a829c2,5cce94d8993f9e3c
train_3099.jpg,b21261b2517fb5dc0c03e1e0918182d89f74aab8f1e9101432486fae671f9b33,9fcf649e1cde9b3e
train_31.jpg,51f76db04edf1e2be5a9a006374a1f898ff018552a95c730184ba7878637815b,4ecd4d9a89251616
train_310.jpg,fbb1656bfd2e78385493190eaedd161b504665bdc68590f1e596a73aefc5a105,e161701813337249
train_3100.jpg,e29a598c03ce77a2b93b5140d0581852d38eab3d42c4afbff6408262757a0560,199d991d3c703013
train_3101.jpg,a839e0b665c0e7093fa24896c7c0cee8004cbb75299ad535353c1e735eb34b9f,f3f3f3da99d8d4e4
train_3102.jpg,b29f57a1380ce72c1cd248b50b1b06df451107190b7f46af0c3152aad3cffc68,8080494830b01c71
train_3103.jpg,1c852f3baa384a17649c9d8d92745cd067756e07c18c340abad79d869818c41c,9d99951c7c321b18
train_3104.jpg,28abe021f5f5f7cb6ad73ec1290627362ab9fd6016245864f01075eeb89d9792,da52d8149b4f6337
train_3105.jpg,bcf1c01e41b53c45f3dd863ac35d6f698da76879637b43c0a52f7291dfb27b48,2643e3c3daf9f876
train_3106.jpg,ffe5e6d255746f05c26a51b7ae2ea3dd2c4d2012c75a2befe8151d24246b2e5f,a13068692d0d0915
train_3107.jpg,0e0da4368a45cb62a4589da2b0df5e6a433eb2f37cd6d1b642e7200effe254f1,f4601383465e8f31
train_3108.jpg,156ffaf4f00b1d38eb69ce23a527436327c9cdeabf2bf03a85cbadeb828bd020,4f8b9b27235bce8f
train_3109.jpg,90bfeb0456930875be7921b7188f23853794d1a493f1e1f63210466f577e2357,040c040303131202
train_311.jpg,6b7668f5131eee615a9cb6efeae6da5f0f45113f8a5016bbd23a3b05515affa0,0c1c1c1c1b1b1a06
train_3110.jpg,113172ac02b303770ffbbbc56c0b10fc97cd2c5aed481efec30746347645e45b,1f1fcf4f0d87890c
train_3111.jpg,0e60c345b47f8d702a5ae7f078a3c5f7a8c039360c63ea76eea8e282abc1e322,319b8f0fb13d1819
train_3112.jpg,b8e04f687b95209a58514aeb17e423645b568bf9e174b19ef88d1bcd1fb28477,81016353f3bffefe
train_3113.jpg,a9661d0348413222d67afa2694b2b05a929115fd5364a5395d1cc6d6abeaef8b,b232321939319122
train_3114.jpg,65fd78b1c600fa44263175cd13984a9a260117a3bd2b7c7ec8f31bce23d26d73,c7470d8bcb574747
train_3115.jpg,2f6ceceeb1dd80f1743f2c11a7872c07a6b13e4679b82ba47cd3a8a3793bff4f,ccccccccccd9b333
train_3116.jpg,517b9e4ea5ab82c08dc43c067573c1984ab4c7090fdfae379ec8868b13d5ea15,223595c8432f0e0c
train_3117.jpg,615f4e76e53a4b41968ef0897e810982ce11a3ab002cb6216b3d7eed3c099db5,c3e3c3c3436361c3
train_3118.jpg,a755631a985073569e64a6ba39c0acf3b0404a07555dac7afdc4d1a76ac9d776,9198bc3c848c8c35
train_3119.jpg,73b8e28ef9f0da52902bc562f12ec7c2899219cae53f7dc3bdda07d2e91ff400,0327b39296968e84
train_312.jpg,69a330388674d2eb2848143a1055c9d66452d7163360f2e4acfe48b0d1a2a80e,c1e3e27878d09d5c
train_3120.jpg,3a1cd7aa3aa140629d9ebfba07d33bcce96d03c2e273dc279fe93d584dc87576,5d5e5bd99ebc8dcc
train_3121.jpg,8350ccb490876adfde4859a74b7de92d40330a6762f9487eabb2bf78c4e37193,08010b4f4fcec513
train_3122.jpg,b3b3115b7da12a2a5440d1d188c5355f64f275f2c437637c4b729508dcd98006,c3e3c3c3436361c1
train_3123.jpg,3dfd082671a24358c967d68cb83784a85a76ee097232a41a3260c615f9c3d7a4,f0b3b094172f7313
train_3124.jpg,9e5649c91973cf32e84e3f5f73109753b7d56c6d4ed7e1bd10a67f076c8f1338,800004030313f465
train_3125.jpg,e8fe0a5180b4082b1d6d4f911534ef7fb31b074011d1467421f91316fa64940a,b7b7afcf1f5e131b
train_3126.jpg,c6377fc2b38d64e0f8ec1edcdb36107776686bcea690efe18c4897cb624c1fad,b3870f2d4b4f0f1f
train_3127.jpg,6dcb2f6c03ebf67686d04313a8b43bf47d9db7d1da4d41a4bea377146b03796b,3a323012c6c8c064
train_3128.jpg,789174df9461a733d455f35a26dd1de32284fef8e58fdfa28e79888d27b7d03f,0f1f9e92120b22a8
train_3129.jpg,760da8b257088a86d843eba34f42d5714e5924f3c9d44f7a6d700a5bb4bb8d98,7f0f134d3f372f57
train_313.jpg,951f51fec334b86bf23de3f61dc6ca48d2d9b35d3c641fbe9a9a77e0f988cfc5,4e4e9e9ed68a0646
train_3130.jpg,91e197b843b83fa69c6741962b85ed033a7dd686e13cbb6348beca545a77e9b3,39e536625a3370f3
train_3131.jpg,5d678a4328b22abb8ed987ff2e9cb45156f0476d93eb4816e55320920b1fcadb,c8e8a896961e2e1e
train_3132.jpg,5418559c74aa7779e595c377b4b552474b13fd2ff34d690f21da72a6aa933576,c1c0c9c94547032d
train_3133.jpg,9496dc15c4cdef8b7ef5574efe9df0df21c9cd9377fb370dc159da06eeb54b48,9737c3e7cf56935a
train_3134.jpg,f9bf3acca5c32ffc48e204784f175fe9d70ad69da24a2bdb5899ea8721cea9ec,83061c193c0e4d09
train_3135.jpg,4927dcde9ae4d3f76a4418449d8bb0312ad6315fdd32ec73ed9b7f3bf8e3bdfe,7511d99999cd1d1d
train_3136.jpg,ebaa66e016e33f97ab793719c5e40fbe769a3e5e6a1043533ce8f49d3ec5f24d,27272727232d2d39
train_3137.jpg,12176f9997c74fe33879399712c3c15a7f2a301bf49c95a745fc722e0704c653,79bd2626367370f3
train_3138.jpg,648fe764cdad38e999e8487ad6f97dbf1e1032fe7f36841b130378416ff97469,e6e7e5e7a0ccb2f3
train_3139.jpg,ddee07d201b597ad6337fdf98f7eb38e336a0670d0a366bdb7012340b1cb6d94,4f495949ce0f1bcc
train_314.jpg,64b2db9819927e5efa7b52e922441a6d8d694493db1677eee9cef2cf6a426e30,0e4f4e4b130f130f
train_3140.jpg,3078aa15939d13dd888691efa59804e4456bf529c08083dbda58f3b7d7295d6f,a4a0a1b9a9e13965
train_3141.jpg,e35e7f62108145684294172e72419266d57fd01ff90fa8885ce10c1ad1d099ec,819bd9c9c9c9c7c3
train_3142.jpg,af1d8fd7ae08dd1df5516d5970f98a664daa4a60116da452e6e6c6a419d84942,240301080b89695c
train_3143.jpg,ce8341440b2b5e8859f4a2d756f1b71247560f494a6f5de3e979d87004b2c5cc,b4bccf1f2f4d65d6
train_3144.jpg,6eae4f2ab0dbe9f6def937dc9f4ed2e928252d1114cb59cebd26103eee4af024,a2b627372b333b3b
train_3145.jpg,09a6643e967de4e5daac7340d66ae24f520c4c182b84d638208f6fa4c9f85faa,6fc7edf9f0fc71f1
train_3146.jpg,da464f59d9e8b2beee8e0f49d2bf76c57e290449e1a3a7c2736049307f5d3a26,c0c68ecdc9496773
train_3147.jpg,b47f7d6bd4bc6be72380bb30a9f22c0a3cb9ec2b70fc83fcdc4a03cfd68a0216,8747c687a7253333
train_3148.jpg,051006562aebf2e738443c34bdf157df87f4422040414cafa5d5d948c10519b5,3939332f6ccd1f5b
train_3149.jpg,2c643d24946573bf1638db0c60a9f41671e834e4135fc56f05d13b1f0a8af6bb,532716686c6c6a53
train_315.jpg,f34476267d4b12ffea96aadfd1ccfc4a264203f2cec6743e7185a3179d4bf6da,244c54dccd989db0
train_3150.jpg,add6981a340eea11393170566b8cba1b0ede6fc7b68e4b8d2adc21ca5f9bbd43,07cecb8d4a955dd7
train_3151.jpg,66d0990e477a1a153f6d61df9b2511083c0b9bc5a93e8123bbc27531fcf141a8,f86c94dfcb881832
train_3152.jpg,50381b2d9cad7167f1c6f038cecba09b18e3f5153cd69e3c2a708e56f43b6060,f2731f0c9fa96d72
train_3153.jpg,3594642ef1572219c7e2601d119709fdc9494f1983b77ab04d9a210cd165c1f4,25b03333b6d33673
train_3154.jpg,ae04cadfd826175a1deecd59a85bbe3a7b511da0a0816ebc0acc11fc6f29aede,f03312909f4f6313
train_3155.jpg,9f38ad9135e9aa9c4d9da7c20007f7508ae27c0447bff4e998462ab5c24f2154,333363e653533373
train_3156.jpg,243a4a0e599a745a66c2094829ca751dc2faf0ba053c37c019433ce6fba2352a,674c5cdeeecdcfcc
train_3157.jpg,12e6bbe974172ffdc29a4565d27beb5d7c7805171473352ea39b8c8f7c23d2ec,a5348c0f376f4f1f
train_3158.jpg,9ad8f92a6c04ba74e9bb8fc4eac2d8c7228563cf6edeb5afd77771f0def6bc29,19496bebe7e5cdcd
train_3159.jpg,9b10dc1531433e631987bcc03dd66e4010d2d59c48c843b46359395e26dd726e,03b69296949c8616
train_316.jpg,26a433ac46e274931051e6f064e30e31f6a87f663aaf27610f690f1b28929498,0727262626060706
train_3160.jpg,36dce73f756db5c92fb2f7e041226d463e14fb05f14155bd0ba65138a48c713b,144c04a4cedc8001
train_3161.jpg,d5eb84c61c0f8b4512aab3ecec260af6f71da9c0cec6991dcb8d22e2b21e8fae,f0f0ecedeaf3fbeb
train_3162.jpg,b31f2a7a3543c3da7fb9c6389811f23c92cd3f93636a0fd213f655f788478778,f4fc88c24e17adad
train_3163.jpg,f15f6286afaea742bc7375b8c6ae8d106025adcd7e02c77ad9159ef6c07bb5b1,272db19d39999f03
train_3164.jpg,6a23caea33e2b53138334efd722d3efdb6f2024d191d34b1ee9c85d77a1662ce,6b6bb734a42c65a3
train_3165.jpg,e2678c5e97f4a6573ef34e5742c6cd11a4c9b12d046ec6cc2778fd5a88332f4e,b7b6860f312d1919
train_3166.jpg,4ec2a1e0daa71f2b15ed136c2005dfb47bc972db0d276a61f77122f156cd86a5,cd95a61edafa1bb3
train_3167.jpg,10551404e15fb94f9f0c76d3a560e5a1ca27b020cb8c08a0c09d46168b8746e9,0337b393929e8e86
train_3168.jpg,4a73abe97f6a286a9d804d22485b6be544128cbbf106fcbf893997afb10cf370,67379c9eba63e1fc
train_3169.jpg,2e471b8a43f30559abec042f616c871f8f57b55441f3d1af3d1c607e07941a12,0311598cc1c68d12
train_317.jpg,25af057b05e3f59c1af6d46d92dd8011ddb102695e5eeac50add2173f865af93,f0601383465e8f31
train_3170.jpg,15a9eab024a26a60756f4e617c53265f8fbe187f4edffe0f4dfe25d038748987,070726959cb4b10b
train_3171.jpg,dcc325cc3a1f985268e028d05d67cc55815d3bf3ebdf1c9f8a1bdd535f0cea85,4d5db9e3c2e4c446
train_3172.jpg,53a42b2da3b5d732696d99c18e7607eb28303f59bd89719fb580513b183eeb37,72d6b775e5ad8f6d
train_3173.jpg,844f9eb0c54fc1c1ad49efb9f7dff747e345f8661d7df371f3026571bc46f418,664f0b633b0e3727
train_3174.jpg,ea027e3e52f83148eff5c9053e86647938df4d12d4b00af4d158a9f7c6d24faf,c3e3c3c3436361c3
train_3175.jpg,a84a9d150361e0e2f691ea5c192632d3720955da0ea6a865bb682dd6d7073a7e,9fa62d0d8831fc6e
train_3176.jpg,f290927638853eefd9c93e91e473bf195438d6295301d15b7de84d429d240909,2e4e4e622a9c9627
train_3177.jpg,6bfc2b70cc5bbf86670f7a3b2df1e9eee3da20e0e518493957eaadc16dd9d832,9999491d454d4950
train_3178.jpg,3d55811a81c2a08f2f122e400c759782af304140eec404f41620e7a249cd5f59,14800c264e486080
train_3179.jpg,1074bfb8d0105a64db1cee2521cfd1b0d483469370d8176601983cc26c7270e2,87071f0703832321
train_318.jpg,009d98c54cb76ba98385ee3d4e9e223301baeaaf016c31017b9466e4069d642c,1be7662d262747c8
train_3180.jpg,2be9887dacbc6fd0cc9f0322977911630456d1b2c5746ec6a1852fac050cd8c1,333363e263633363
train_3181.jpg,d13c81d7401f99b8bbc1cb4977e1b84cbda08233ef9b9aee022a183fedec8b40,191b8f0fbb353d58
train_3182.jpg,4774a1ce8b2b519c8b7011097943cf0766da311ebe1e46cae2daffb5de61c120,032733232f4f0333
train_3183.jpg,bd858b6f9e74d348ac170c25db098ab27dc13d2d6d97d0462cd13686bdd4dccc,9511cdc591dbda56
train_3184.jpg,247977c21e7e64d2fde94a70554bcc09628e2eecd9133fdd6156800f21afe17c,6e74716362512692
train_3185.jpg,badcadabaafd894624629f99f6710674783858697eda6497711a8ad6040e19a7,2d0d4d4d0e172b63
train_3186.jpg,a470d0ecedeb45320505536810d8c5accd804c908b7488437be099e78a2f6aaa,0b4f0f4c2c6e4bca
train_3187.jpg,56401f3c608a87b897e8d230db5075ac762b348b6c5905dfe6b73f86c63d08c8,533363e653533373
train_3188.jpg,8f078cb81728133a270b6d7939a44e1223fb971acb7bc0e420c3ce941c639842,1568c199a92b3333
train_3189.jpg,7ff29964c6d955ab990980ac73f7dc5d6d9d10a8faf27b0bfe65e574cf18a963,1f7f7fffffffffff
train_319.jpg,cc6822a527636b44408b00904b0f3d0711cd39bc9e8ed1f72fa0cae4626fd125,a4a8a0b9e9e1b165
train_3190.jpg,b263b61950c557453b889974f4237564414570c42e2d1d64c4a1192575d3d8de,0327a29296968e84
train_3191.jpg,2a42a3a51d4b41640852dd29aa70b07e5576d499fa3ba909e764a8fde5e21c81,f3ff42060e8ccc8c
train_3192.jpg,98cf63d4402e962d68f18124373b1df65a513ac7c78ef747d8dc74b5a567a1c0,f4d0ef339b385276
train_3193.jpg,5ea698d4eaaf3600f9d64937d8e849898b45df21008d08c0a028270345f6fa7f,c3060489a7079fbd
train_3194.jpg,635ea48c1f86388a4d34e059d3d101a2cc2bcd9f9cbe12abef0fee30749908e2,60f39313f3cb9b5b
train_3195.jpg,889bbe5a20be743ffeab1671b40d27b9efe9e0ee0c0124f9d68c0557ef394948,cf8e962f27039e8f
train_3196.jpg,000690359f9f2d4b0b05e0cf604a723f6ba1d193650949dcd99f7a8315497bc3,53434b4343431394
train_3197.jpg,3341b3750e40977d3806b7d4c9f80e6c340c93864372005ff80b4271c2f96129,6b6b6b63475e6726
train_3198.jpg,22eaec04622c4201e7a71201a71bf4da2c84bb8e9aa57edfa75be839c875e3d6,63696949d163b5c4
train_3199.jpg,2ce7a4c9cd76e2709ba4cc763b71433fbf35477d267bf435cae49fde0de47da0,878785d594b42b0b
train_32.jpg,47dcad15259e5483155a7e91854476e3b8addd7334ddf36bb02a1f99f32a4f2d,0c1c1c1c1b1b1a06
train_320.jpg,d4dd4e3135b1085495775c6a73944be51f848387226770900d0e75a1f27d9b36,e92493d397470d4d
train_3200.jpg,5219a16bba445bda2687f2dfa6ac4774c67d7b680fe8c6091348436962123801,c2c0c2edcdecf0fd
train_3201.jpg,1c0b2b5b04bfbb4a1503e32f887a629fdd4db208cd082058b2fd79458b6135b9,07cecbcd4a9551d6
train_3202.jpg,ba771731e51b22ea4d98f1783ef6f48573e6c9b512403b761fbb975968be2f01,7bf969cc48e8f278
train_3203.jpg,9191766fb3b038ecd63baef9cc3dccd2a417d5e8ed09bec96702898e614269dd,cb4716970b4fe123
train_3204.jpg,277c126721a5f238a9d59d19a489bf1e78091f0bfd92bfbf1cce913c231bfc57,a4a8a0b9e9e13165
train_3205.jpg,f4b08155af725be73209fc727c48021e67184c5ac53ffb1be8ba8d76e13cea4a,01838fb7d18e0c89
train_3206.jpg,8e8ebe0bc149916f985209e93bd8a3d374503dc34d88e26c70503c8afcc136d0,c3d3a50ddf171121
train_3207.jpg,af785bf789513459f411fc43e6e15ab4b62ad361e726e631772f441c4c6a0d98,d9818d0d4e078808
train_3208.jpg,047e78106f9ab2d63fe5308e690e35ff4d552ee9cdb0fb9ccef4d2b730388e57,8ed0d3d1808d36e3
train_3209.jpg,35eb07871fe4d81428b7dbcbe40ed5de9781b5e81cc72e3e1c3f4ab40093bef8,0c1c1c1c1a1b1a06
train_321.jpg,1d27840a887ad2005f921b2935b9608926f8dd9b026daca396ba3700f1b51838,363626260e2e0e06
train_3210.jpg,8cef04a92d285b1b0e0421e2db00f268be546ca14cc78bb51fb63079d3ce9fe1,c8ccc6cf942483c2
train_3211.jpg,c4e11e0e19cd0ca4a263d0216604383ce813daaa2f4c3fbe01cd0697caeca28b,61c1c11119377249
train_3212.jpg,253682f5b14f7414406285f0dadcccbd93a2ee9877df8607b39b2eeaeb4b7daf,bffffd7c7172facf
train_3213.jpg,6896fbc771bc3689d92226fa0cdf064be22b6b7661e7e3c5b8712d95d63af824,e7c7973706cc9c9c
train_3214.jpg,1d792aceed22105025f8afb5c74514a185275dae56c65228217e23f1205684da,000301080b8b695c
train_3215.jpg,302ecfc1935403b926e66ffa60aace8615d2536e623145a32166f3ea25c8a2e6,0903434f4ecec507
train_3216.jpg,e81e91ceddecc10952272fb744563ef28cf9f004da1173a7bcc47baf1af67bff,2f27257bf6ec6971
train_3217.jpg,3c190d19b041fe49baae5e78b6dcd7432d5bdad74e1ea023e95d5eec9b32eef0,4fce9f8f231b4e4f
train_3218.jpg,e9c360ae50575cccd15fe8fb5c6d78a5ea4f40507dc79bd6714dc2e3306ad3d9,20480c25ce5e6102
train_3219.jpg,4773af76d116598352717d69c9ce6a758b5b6691da86980a6f0bc4b29bdd0719,0d0f272636363397
train_322.jpg,805a10252e665753bedc1d9b74305b44b3ddfb0d5b453034db6a20c2217c0734,99994d0d454d4872
train_3220.jpg,549f81cb25bb80f63fe61bfa96ca81923a2dfdb8c28c6f1c1c2fee5430794372,e18d0c1a8e6b535b
train_3221.jpg,b4659cca0bb03c8bd1a34543ce25374ced43a4e0f205d054ef51bd2d881f86d3,d4b4f4efefe97474
train_3222.jpg,1d7eeb64a9c706c847f15363baf3852351684517fbf91482992200e202e4e1ce,e3f29a9999d0e4f8
train_3223.jpg,7ccb89ca38b495c7b9a1ddb7d3dc06ebc093d9c212e03b3ac0c7dcf0f801376a,199999998b8b898b
train_3224.jpg,4200188c2f079c22ef2743da4e70e615e2e0685e0d88b1992f928d7e9294c684,0e4c4c2c2878182c
train_3225.jpg,e8c693624316162339de7da75f932293e887ff253db1e3582e9a768acb951210,f4f0ef339b385276
train_3226.jpg,32644112d6459fc429093d1e0ec81c0a58bb26b5d66665ac95a45850b486bf35,dcccd8c882a2e2a6
train_3227.jpg,00fbe3d162aa670437ad3dfe5a28e4ec8fa22ca3108c3bc2d9b62202da414ec5,bb313b99a9539a99
train_3228.jpg,9509e7206c5c2116abc92a4ce38870c14451887dd2ac7fff59278adc5e92ba47,1e174747172f0f0f
train_3229.jpg,50678c99676f277e6a11de7ca6a60410eaae51bbe5fd768d6c998924793117f5,13979e8f8b93b7f2
train_323.jpg,15e9b236c499895d54ba14abdb472e08ea4f0de3fee6ee8500c2e1c6f91b84ef,c8b0a4accdacac4c
train_3230.jpg,446e8e70518a179daab5d1bd9a6dd4ae7240684bfff0dbb95c15259f7070d621,0e9f9b0f19b3b319
train_3231.jpg,c7902dcd955cb4e4833ef70e18589b39cc3e761ecd9b3db4801fe87354f080bf,e3c3436363616143
train_3232.jpg,0db74687a1f561e8ca8f415a2891889eabff31a3ec38f9f81603a0b158462191,d69eb832b2f2cc4c
train_3233.jpg,b354d6743faa65e443bc1473343e5f4eb612749bbf7153fd6b5ce169e1f5a2fa,3d31273632333337
train_3234.jpg,79e271df313c2279c531f1aed684263c2fd976b89fb62ca51fe1e085b214065b,ccccccccccd9bbb3
train_3235.jpg,dfa4d42f0006d345a10cd7349ae13372e6251231ce1a057183c2e24a3112df6d,8786c6c7c78fcfc7
train_3236.jpg,798f7b6cb1b8107491629933d19094ceea99681689c4ab14dd34db499213fce1,cdcf0b1b8b95cd4f
train_3237.jpg,07578de4cc72578e41edb53bc2c70c0846381284d1e6ad8d0de45fd5aadd0001,71335393632d7d2d
train_3238.jpg,544180925da856e6b37c12225b2d3fcf1faee6197cc9912a52cec68aad7d27fa,577372737d7b2d31
train_3239.jpg,27267616d6b8a7833e0d676c753b68931e911e135033d1f4c51cf39cb5e02247,040301080b8b695c
train_324.jpg,f179f1f0e3b824d59f2af33a4adcc1ae2e2f3e69e151ee1415fbdac44967f2ad,46464bca3aa39399
train_3240.jpg,7c80f7c6662f0b0e8406ec8b20978e1b7f057807c5519b403e784f873bd675f5,c7ceccccd0cb8bf0
train_3241.jpg,e3dec3498a8fb68a5d270c83958b4d7e77ff7c793f30003d0a1f04b9f13b7bff,000e03131f1d31b1
train_3242.jpg,0f805aadc19e95f9acc68dc26be3639a77d160f6595e1f682bb4f26d8e961109,830367ef4dbbfffe
train_3243.jpg,2955d8e06435b147311108979b5058530bdfc461d4121363c7ae31774ec80a10,b67c742f3f636eef
train_3244.jpg,453cd3a78e58a63f2d6f3abbd4c3fd3dd385bc75cb8eac998a140303bcd6be0b,75cd6d4d4a6ab696
train_3245.jpg,7434edb1a8e2921617166a2153084fea7885f9c11d91c2e92ca470bca0597a22,3568cb99b92f2733
train_3246.jpg,aae3def42829578279c6c99646cbf210df2b1649f58bdff0e3fea897800757cb,0101010907fc7551
train_3247.jpg,d297c6def2f65e5f95136e5a57db272a03372b20fdcf05d219d96d7cd0fc0b23,12141c6d3d353031
train_3248.jpg,76f6095d118e66c3df9240d97c36bf52768b35c1fab6d58b17075af7d65e90d1,0d0b8b8f2f1f57c3
train_3249.jpg,c6f80754c2660a073ea1bf085e033ea496cf02578d818fc28c1e0d0153471cf4,2dac1838bdb4a4c5
train_325.jpg,706269ffd40a6a42954e34f4bc38e95b3641bed8896fa01ccca1056a7df6e968,c3e3c3c343e361c3
train_3250.jpg,0c8791278a22205167850fb50cbc0aa68b3affb60a07c6dc58b98d407398e146,e36d4a4a981a5c4e
train_3251.jpg,fb3ef58d4ee8fa266e5cd4cd9c84e062ad8fdb0e3c45afebd13150e18dcf5ef2,e767669d9b0fc3a1
train_3252.jpg,3ee04e9630e6d50873f009ceeb904897a676c634686ef1e4d3ab9cbc4681fa1c,cbc8cc4cccf0fdfe
train_3253.jpg,684cc2f0ac9e6624e22ffd11ec4f2653da579ea9e072e0f3a260e04c23c0f359,e0b078692d0d0905
train_3254.jpg,3e7fe8cbb431de558f57a9368b6ddaadeeb1cfd3713e8f343510f150a06231df,266c4e333dd89637
train_3255.jpg,b0769787b9f72f0560805f6104d4e7630f7291aef5cfcc84cc5ebf2edaa8b2ba,060f070b2b1a5c04
train_3256.jpg,285c5bc793e950d0b97f180532b1a2248818c08bfe53a46e6c8ed3e0e67d446c,2f96662da787a484
train_3257.jpg,58fb073dcfb5e8ae78f6280698f1aa886e5afd35ece7283f3809505c27c1da59,6e6e799f1a195979
train_3258.jpg,d9d6eacf0a220b0348fec3a47d94c2c3ccb8a5f114aa15a5dc82af19875ca686,0c14a72734663c1d
train_3259.jpg,b6da8b796b83472bd5159b21255aefa5b5df800379450e1429cc5d1fcbc8d3b5,0006022224222d4c
train_326.jpg,d37a52ae3569b96bfd23e87159360276a7f5f83e0662b2f06575f1e1bc7d0132,291d2f3f3b3e1f3d
train_3260.jpg,b15786ad09f6d7ea40d799d983e34179987ec690d9692474d69383e0335ae03d,4f1e9e8eaeeecccc
train_3261.jpg,626027b03904ae43e3d42534663f63f25f9e73225209b9ccbe9cab7afdfbe820,d485e9e9f4747676
train_3262.jpg,015cde2a36bc47759f13d4a0be5d8ccd2ccda7de31134021d03e904f33824cf5,0c1c1c1c1a1b1a06
train_3263.jpg,d3a904ce6227bfe61950c7f67eb220379c1895573515952b662e656afac1772c,9511cdc591dbda56
train_3264.jpg,7b2b47723c6f7a91ca23cc000a2ac501cf509118e4b96823af8755a9036a131b,131353e263633363
train_3265.jpg,322699a9a4cb3d40f668ae5455d4908a96cf5af48be54566723ab6d7287c647e,7544437071612d87
train_3266.jpg,dcb6ff4f2ba96bd13d98b25dbd66726c804e74981278c88982c1fd6104bd126b,1f2f1f4e4f5b9333
train_3267.jpg,a49e1eef1fb3e12ae31e86e5db6a3cb18c1523ba841d657bb6b9a40e304b9f68,1b6b5b5b6d471b19
train_3268.jpg,602d8f89368801d41b6140644c3462dc1b5682db8f86ed03a7bb838c71658927,c3c8cbcb93a7e77a
train_3269.jpg,03b63c379036dbc764c21c7a67ca0dbb10f4585da9570713da4f957ff4612dc3,4e6fefefffffdbf9
train_327.jpg,accd43507c38cdd9656129155ad23f1dfeabebd2cd1c1d9218017acc2fb2dfa4,8787c6c7c7c70fcf
train_3270.jpg,736d81684c41a37bafa22c7341b930e53f3183ddb4eac744b71c657958544881,a9d2429b6a6871f7
train_3271.jpg,e1c08cae2d363b4757cc87dbd88bbc6d4788e82f254e595fa724cf7eb9e59b90,b3b7edbfe5e6c445
train_3272.jpg,6d13d01fc5983381bc03a0c8a3b97f20133d2b9d943e72adb51df28e5d80e180,417161616168c1d0
train_3273.jpg,e3dbddcfd4271ce9916a2d239f1d4f388a425b42b276f68f28506ba5ebe3aa61,c343436343516362
train_3274.jpg,ffd7edfebc1cdabeff7d38ccf4c25480beecdeadce137cfffa3528832f8e6e57,83c1caa72762cb0b
train_3275.jpg,1ef56dbbfaca81067b7331502cb64a0bc31823a005feb98a289ee968813e87ee,5d3f1f14b491c107
train_3276.jpg,d59d51c867ca3269342fd461162d065aeb7ba16945ebbd7a8718d448e288856b,a4a0a0b9e9e13965
train_3277.jpg,e0615afe8cbb4c5f012ad83d4b6a4a7dc43dd9a387149884867c5c4f32625fe6,652d2f33733987c7
train_3278.jpg,1db5d5ec8ad9a35ea3a5f1af691ad3876a54bcc16c629d7da2dd97f752aebac7,310b1091a1241523
train_3279.jpg,851d142b005f3ba28222e17921727bb2c0021f28194f769e24951ff349e3d0a0,4e4f4f6fffffdbf8
train_328.jpg,3475437431ae2071463379bcf83ead52b1fcbd63abddf8c8ac1b689afbb9f6f4,a160201833336901
train_3280.jpg,6725e6c8c3c294ff5c67f2c6f81bea04a06745d7765d27a791dddead8bf5716d,834b4bd9594b6936
train_3281.jpg,1e0c9539fc57e0eb0790180c0dfba43af5479f0dd382be51ab6b26fab4141f21,63e3cae901011141
train_3282.jpg,de386b582aee8794de949523592be57a365f038b889fa33aee32c7da7c040ef7,603030692d2d0985
train_3283.jpg,d73d187289d25ee12238fe8a602b88265a7face88edf57380c2682d0192cda28,e2761657ac0d5512
train_3284.jpg,e949c05ec5879ec5143c87f962b6ebbb31b931f5e6b8962e75e4d906116a26b5,c1e3e37878d0903c
train_3285.jpg,32b006e3da3719646108aaaccb467a9a2c61ef7b920582f432fb5772418396f2,83898d89c9c949c5
train_3286.jpg,c278b8ea99c95fc035011551f89e2894aa14e89f7483adef324e26f69bce6e7c,070f0b0f1f1b2e6c
train_3287.jpg,8b3360d773ce260172ebcef278c7c841b51a6c70f08cc297720c7abeb6d64d08,3ccd71c91f25998c
train_3288.jpg,7f525fff1c3f4b7a5f67467b027ff765bb0a2d90298abf1e16e2c58c83bebbb5,801367cdd1b7fefe
train_3289.jpg,fffa7ec3570ffbcc77649beaf5d560d6457f47388269f39ef7a2e4ef37ffe6b9,3333c3f3e3e3df9f
train_329.jpg,5f3f527a3b043305dfb8ea3de64a96e7e513d1046a787047760f9e0252fc4ec5,f2b30f6ebfb13c2c
train_3290.jpg,d7121cfcc3de524f834778a6a51a8fb993c5f6277fba8b7b7622c959108968a3,062697313996b6f9
train_3291.jpg,1b78ab6693b524538f7b153be5df85f8558e0f848829c5982d59ce14f58924a7,331357375737173b
train_3292.jpg,c047f352cc6ac8169953968ff12a8b687f68533c09422c98e04580fe0af3581c,6e1e82c6ce19adad
train_3293.jpg,74ff7b1f93bdb9705504a1c640818e61108bd40a0b0a6e7a5ca0ded70da4ed1a,cac9c0c2c3c2c2d3
train_3294.jpg,d6934b523eb048d705edd654f0f8aa63af2e4e357f372ef6890cf1bbd1134c6b,950d2f6f2703988f
train_3295.jpg,07ca74242d8e27274fe29b04edbc80f5f40c1d57036a142543dd09681da911e5,c27c2c0c1434307c
train_3296.jpg,1587872f25f1784bd408f614233b1a6bd6253f04d4eff6a40828ff80951391d6,dc248d8d0d8bfaf1
train_3297.jpg,dcc06037e11abc42c6db013a1de406d107d1331ba809cf9da04cdd5532a01b07,21b03333b6d33733
train_3298.jpg,019ed84591e0861dbecd85f6943b2b12238cf821753a2c41661a30dd617b9efa,41636b5317070726
train_3299.jpg,60e19533c0a50ea545f66850aeadb6e3fdfe0ac3b8381d4759fd42a0b555d70d,65a16b6c29090123
train_33.jpg,f694efd048368bca3c4e80818af287b25640863a8bc6f2b5248bb284e6ef7b26,786e879f4d2b18d8
train_330.jpg,383fd99e4344d8d524441f5c799f69c4064b46379ce404f145402d6042aad72d,6173f3e3e3c1c1b0
train_3300.jpg,ebdea7ba77e6ba0c45cb85f59be41e8b5fffd9b12711e6d6fbed1e647599fdac,b23232193b319122
train_3301.jpg,b90e125df9e927e6233c9ec4962e2555dde1a8650cb7e1afe05ea5ddf9448bba,676d4f4b634b4f67
train_3302.jpg,8d2b72991f0d9b0e4da835600ab94c1dcfb9843d1925c7ae8f985937fbbb4449,3232321d39319122
train_3303.jpg,4748f5d3a031d3dc0ac0da017c83c1080d59fb355e06d90bd9f08970512ffabe,b232321d39319122
train_3304.jpg,da955006932475b433c4191fe3b82221e0d0495bf8c4872a3836ea0002375bb6,4e6f4f6ffffedbf8
train_3305.jpg,bf97426202983a49374ac1e9a385f2c7b2b596d74d2433d4b809f5a50a7cd425,725b0f2ebd993c2c
train_3306.jpg,dbaddaa9bad6e1c27965a85924dc9f1bb6952b039d9887fb9758243c63d08c32,090b0919061d1b5b
train_3307.jpg,6d4d9b8097e0efc0de8f66228e7cc9ad0b2d0b237b4a0408b2c380c741d6965f,9696b2b2961b5030
train_3308.jpg,c3689fc2de92c3dcac99919be7e8d95edfc66890a6dfb7b738bf9df93195c8e4,17cfcde9cbc6afef
train_3309.jpg,4f0aaa4780e607a3b592b3aa3aaee34ace5fc02b7ce3bd9a7ce778c83ea9c687,6363cae901011043
train_331.jpg,104605f353ed819dade4097fe15302aab844915e5221f7e9cd7082bfeba072ad,070e0f1f37370f0f
train_3310.jpg,316774ea7ccdd0378acd66638b8faa4b42711730b4f88e5ca68cfd2ce49d4708,23212505657bbbff
train_3311.jpg,085a5c385a5a0c3ad87985877d7ebf079723e0cee8f9ed00aed734c45e5de969,bcb83939184870e0
train_3312.jpg,efaf1206938f3695d7b6f44b8a20822561c21f79590abe4d62e185cb833b7f38,6336a6c28a326519
train_3313.jpg,c0efd26672a64166cc9d2f5c0878ce48517634d402bfa6d8621a88184ed3c88c,840606020b010250
train_3314.jpg,eb4f68ae6db17c07bb32bbfcb1f55167a084513af26c0049eca782211f7b3f32,6f4b49494d4d0c52
train_3315.jpg,cbf97c03eca1c76a3f5aeebedc59b75b10a558d9cf35af0246d60a75b382220c,e52170594d491901
train_3316.jpg,1dc4c71d2012550f072b8f27315a1acb660d65dd3d13f3026b82156220ebcd39,850918120c6a5b49
train_3317.jpg,1c8243d556412a6dd3bf042f2fb70144f64b196e5e609ca2fa28151bf2917b60,e8f33387b3b3db63
train_3318.jpg,0142c9dbfbf1deb3be1c8ec335255f2324501ed4a615f89939c4f35728e9e9f7,40405850a121c827
train_3319.jpg,c64fe864f17b59021726b2ce4a8db68be2f17c500fc831ad2bfa20d802a23630,3f1f0319c6a78d9b
train_332.jpg,7ef83bf7b832c0e600171f9bf7f71046e141a662cd266a4aa3bf79cbb0035107,1e174747172f0f0f
train_3320.jpg,498dbcd56e7ae86a0f99faf03c5825035387f078ae6c9f5bed4b386c687cf1b6,c8c8d8d8d8d89031
train_3321.jpg,9cb53f1000f5a4b98c0e714130911620447e0f484a7c5d2e262238fbc32e7a38,070726940c363029
train_3322.jpg,b48c64d0d9e5d71c0f4e365f2ec9740cbbd8f7e98ea276f8d1ef5c3a8e2772a9,5173f1d9e96a49eb
train_3323.jpg,5a4c2c37010679350c28d93c7c891994c2b1283b784f28016be956a3381750a4,60b1386d2d2d8915
train_3324.jpg,ce06f58e578de7668debecf677f5b960e90cf51023ba63ad43c1fdaa219de4cc,818d8193d3d94f33
train_3325.jpg,a1d0d2f16f389c62a0655c726fdd69ed63296d5f2706385fb6a5a35d03282dbc,c4ca4461696c2725
train_3326.jpg,17afdd6623ca3cc7ecdc9a62e380bed207ec38a293685fe086d68c1848802b81,149e9f9696363d2f
train_3327.jpg,7a2b0eddc8a182e6d13a41998238c8b1ee17eaaf6985651adedf0e9f32a17c2c,bcf83939184878e0
train_3328.jpg,7ab16bd404435be4ca6339d00fae93c234ede2efa9b4beb91767a5eff9a9a498,373b0f2719316d2d
train_3329.jpg,748e15a24fe3a2143cf6547738253e56055f9aea09b48b20fe6ce84ec06f380e,f17169696978f0f0
train_333.jpg,8a77c47717272fb28dc226928a875ce3f96f8666d47e349e3b0e850c79885cc4,532716686c686a53
train_3330.jpg,5d4eae80bf9c9b54c8a10db33f2361bafbc10ac4dd74e0adfbf459e18723d1d5,d4248dcd8d8bfaf1
train_3331.jpg,88c6c8d4208c9fa5f4a4c7f115eb3aea2f82e93a4a5cf44002467a59b86463cd,c343436343516362
train_3332.jpg,c9cafa936259bdb543b0cb5aaf3193dd9873450b013f1979bb6e8543973100bd,a72574667a63f2d8
train_3333.jpg,b2d79fe4a14c1607575358546becad52227fefd1dc77c9ea054bd0180e84a23e,faf8ecedebfbfbe9
train_3334.jpg,0168ef9013baa5db4f6afcb15f963beeb37fa6d4ac9e6f019d88bf0b9f212b9b,c8d8515e4151b2e2
train_3335.jpg,17bd9e33065b7944bace51e6f424675f286d2c198b554125d35b0eefb2f7465e,3633373531152523
train_3336.jpg,99c3d2e5ef0aff6d334a9f8ee327a13d44cf4e41a608eff30bfbab325d1b2606,078dedc9cbc6afff
train_3337.jpg,3b1bc2fdb31f5da5d4930bdf9c51b561a6ef76bde4ab0fe413a2fb4b635ed163,ed67ee1b9b07e3b1
train_3338.jpg,c321c939c59ff60ca6b5d55506cb2554086a5bfe75b7780f6007e051022c6639,060f0f0b2b1a5c04
train_3339.jpg,93f1088b7d550dfbc11bbbebed8631b6a5d5859c789b8e34fa970bbd26847491,29f3f2f2cb2aa882
train_334.jpg,c51ec5a7b373f013a6517be9be192250bfcf4c4989733d7b4e41c43017ae3c25,5f3e6cdc9523da55
train_3340.jpg,b7cac6f033f4266961d7958b2f66a95f1d8675ea57061ee986d1cd754ba2218c,4e4d4f4fffbfdbb9
train_3341.jpg,a18e4f1e76b60d232ad9c9e274f98db8e430c1f4b3464f85500eef368ea37c0c,29696d4c949491a1
train_3342.jpg,ac6ab64f0f12a2718dcf9f5106f1428732888725660d92b840d71ecc8fc1057c,1d9ead15165b1b23
train_3343.jpg,5f751f1fa9dd87e70396cd6bbbc64cba5aa3fa0a1bf6d1d68eac3b60c2e843dc,ec444833e0b0d0cc
train_3344.jpg,d8d11d457afd78b4ad92d17f2de04cf6db34501dc915dd21c5282eaf92517066,070faf8787878787
train_3345.jpg,0f855dafc187faac24f45978c708deec1a66b5b19f40b28f13c2dda09160039b,8707070743c32101
train_3346.jpg,e85762199817c7cefdac0badc2788c8ff5121ea9a6cd65814106ffd5c705aef2,084c4c4c48781818
train_3347.jpg,003bcb3cd5241371484f2114e8980f27c672d754e8f2ff724447b0a40646f647,3f3b1a1bc3277316
train_3348.jpg,e666bd573efa70ba2894c9929cc7fbcf760f3f1e9d6955dcab4a0cb7f24b349b,4e4f4f6fffffdbf9
train_3349.jpg,189d220b49f3c31cfc09bd05e59e231e8c7dd7240b595ce6f188152ce6de5b16,8a09281a3c3eef2d
train_335.jpg,8fdf5c669120b3a20ac3a4206c8c747c9301f1945fe48150d13d89bd43d19240,e8181414171f5943
train_3350.jpg,afa66c1d72fff53e75bb87ab9f7cac5a11d963050557fb4c76dab0a8852fe2de,f434b0994c661929
train_3351.jpg,7154fddb5a19b4d8dd7af426c82826debf118de836920ccc3d79ab5e529707d5,0c1c1c1c1b1b1a06
train_3352.jpg,fde4acec24fcb0d2ec50cee12edd155b586a3ffa78cbf12af03d99a471471369,d9818d0c4ec68c0c
train_3353.jpg,5d9652f4512fb44f1ec816070d4e5f0a93d9685c33541d98563263b52fe679bf,3c37cbcf269c0c64
train_3354.jpg,657cdbe0877c4bb653208e3c282896236b8dfbc6f4dd518afbe3d041e924b5f2,617373e1e3c1c1f0
train_3355.jpg,33cd9a671f76289a853a230fd35ef5a9117309054980d17c77ac2e170b0a68d6,1697171f1b4d4b03
train_3356.jpg,bbe99dc7db862ab0eb48a72356077e1475db79830eb53c44b600325d7e4a8483,39fd066c323370f3
train_3357.jpg,726da005e26cb2a8f126a7732508350b5508965c1b59a2c57e23671b9dc7178a,8c9e193d25931767
train_3358.jpg,55c7f6ee95fc90c5659891ce859cbf150da1e27c7120e9eaccdba34514a7ee81,0cc0012d27074ade
train_3359.jpg,19d7489d08d74368829e47832f46e03287696a5837bc908b123b2709eb13f8eb,c8c8d8d8d8d89031
train_336.jpg,d450cf8d6398de17cc14b0e5cb2dcaa8a38b930794e12cd5d031165a60eac60e,3a9bdadecf677313
train_3360.jpg,43ac8429508d52ed168c822f1c1e328639c80ce9d18d632db5cf182de8de7c06,c343436343516366
train_3361.jpg,6f4442cbec75809abadef3078f14f0063383c45c08e05604332d3bbc803f3197,616d4b8d4fdb9e88
train_3362.jpg,bf657baa1adeec6f572e3bca6f1a18e39ee1efdc968899f35d2e1435cd6c5f76,b3b330378767531e
train_3363.jpg,a32dc07a0c30ceb8fb38d5141780ca11ae19694ba895a5219532007418e96acc,9323a38595622664
train_3364.jpg,84cd5d0ed571d062090ad73f30f93fdb871ef7faca6a5cff97283a56467728d0,b7179911786b321c
train_3365.jpg,4454627e1b668348d1d05173ed8fc9517939a6fc09868fb80e04be35f37280bb,f0f33234df6f7317
train_3366.jpg,b7e4140c841f3eb5352b6e19467ab6d7e048da15b26010923dfcdc905e3a72ef,933323c5dd128664
train_3367.jpg,1b4b7fbe481fc3671a11a335b4237ec78f07696c1df7e5c43292049026b751cc,8d5b9a918b07e3b1
train_3368.jpg,91a15fe7e994568167c2b2b25445bdb138280b1cce2b0435d44ef363156c54ea,533333331307071f
train_3369.jpg,1ba1df5ba1eff1d84da08ce464f0eea3461ecf015288416a0a035adf847c3c73,070f27071a928e86
train_337.jpg,f8e9ba307de77cc450a0def29c243cd8b480327a8780e663f0a40d3032e2313f,f8f01383465e8f31
train_3370.jpg,d58758144f45d2579f67eebf5a3e95605e29a8da09c49185b43f1414c9a6d517,030206464333353c
train_3371.jpg,9053c360f073823a727994ee579ade5ff5391b541461fd6fac5697b7f1a446d0,c3d317cae4342b9a
train_3372.jpg,cb3c5485706e635e6fbb5749db68f3a1444603c2e1075f158fbbaec62122f4d4,8707070703c32121
train_3373.jpg,f216fd705b51443e5ba45ae8149dcd7b0b6c91a1bb9301f793ad33643c17d644,070717979b9b8f8e
train_3374.jpg,646c398ff3ba874bad8c1731249909b11c766180f3adf6186458bff92015ffc5,04040e276773191b
train_3375.jpg,876b9f6f22711d81fb0341998385ffd8e373e5bac7e2080b0d70b3f9bd31ef89,672b2331704f2332
train_3376.jpg,5e8960f75a0b91a68a33a5e0ff0375f30e2c832c7370f142e61273bdaef2fd5e,9ddcdc9c98873737
train_3377.jpg,7a5b125c20d9821464c0ed73da7375f039ed88966407dcde10c9773bfff369bf,4e4d4fcfffbedbb8
train_3378.jpg,6e13b01ee704d05f5012c8cd026536ccfb80dbff6487e480beb690b81a5ade8a,b4bc4f1f2f4d6502
train_3379.jpg,6b43ad1ca92e19cd0fadbac0c2edcc30ba162ed4a264b23e18d62c2b0454849e,bb371b183c3c1d39
train_338.jpg,3e8f90f203f3384e58ee6542e1460109b3082032a02cfa749844346f940c4560,1eca4b9b921a296d
train_3380.jpg,2a6e2dc45f85ece99866de0c8fb8dba225ae5296ad65a89a9dabfc0097fb896c,333363e663633373
train_3381.jpg,19de7d87b47a03642def185d8460df65c02455105df9ccdfbd246e67563a7afd,331b4be263633373
train_3382.jpg,7240b6bdc2cccff3abd1166dac74962127794e4c080576abccd95c85e175bf23,8b5b59596d471919
train_3383.jpg,dc01f59433cb64b748f2bd478a1a53d8e42c73d24aafadb46e18c23958a1d4dc,e5c70d0dd11fac20
train_3384.jpg,c689798c949d3c36c17ade571d8106aae29c2c13f462f3edb0497c82acbf0393,1e174747172f0f0f
train_3385.jpg,a002539a499210b6cc3d64f859e540318dedcf065026398beaa56ef807d577c5,772d2d2d2d2d692f
train_3386.jpg,5812031c16a95bb3ab7418a0058e153a8e79b461a93514b428e963b0d1e401b3,07cacacd4a955dd7
train_3387.jpg,bfde00c2a7ab9c8e101a78585cd6c3ab769a712b2f83c4bd481ab1848a310038,5fdf67d1d9fd6361
train_3388.jpg,6c7d478dcf0ec07dbee8d1dffa2740d9af1ae17654d43d8894d17f83722a1254,34158ccc6cac8d0d
train_3389.jpg,17fb4226e7a1b313d34ebca7303d42fdf55473b0568d39d04fcbcb58e3add2fd,6c707526e6f8fefc
train_339.jpg,3aef4dfad8df414afee420bb7454bedbfc19d9e96c909323360b8b5a4050c96f,1ece139292361a7d
train_3390.jpg,c96e643249263474e74fd30db540006825671d52f8eccbffd5d6038808a47ebf,0e0c0e9797d57e1f
train_3391.jpg,7829e0d0cc5b1ac075a7f2e9f5207e09d25f58d48fe69bd356c14c37e915b3b0,8c0c4d0103891918
train_3392.jpg,e23b9bd4b71f67c81011172343662b6edb41abdae0ff90c0ef99901633ff6c67,c0f0e0d8c8dad79b
train_3393.jpg,e0aa8aac7c1277e60cd0de2b29818e28edf80eee337cd7570b63ac2db9ddcabf,7ece4c4c50cacae2
train_3394.jpg,38de2f55d2b6c08d5d9076a8f577ebe465c0de9a0191aec74930df98ed16f469,87071f0703832321
train_3395.jpg,71d2886d250fde4e4dacd8964d68bb4f1daf9b7ccfd21923a06e58444f1f5bc1,07f736333303cbcc
train_3396.jpg,838a4341307d4db23a0ce92ed0f5b4c430d3489b03c999ff00a291f5b6a75698,e4f498196c661969
train_3397.jpg,7b8f411b6ec357a0e687ee7b1806d1a14e248e67abb6e9f8d52bd82d29492922,c6c6c6a8ed66736c
train_3398.jpg,5375f715289459916ade9b253a2148aeab3fbe647fa1df60b03b4386d17f8274,8acded5b9b9b9a66
train_3399.jpg,0cc22bc62deb6eb37e3dba12177f782f70ffe16ced34334f3877fde93b0c2dbf,090b030303e7e7c6
train_34.jpg,930f2b68c982ab182a46fbd741a262ee74b1ffe2003826b679009ab585d34e88,d4b4f4efefe97871
train_340.jpg,3373743d28d8874321a24a97c017b6fed3b358d73357dd0356cafc00461dd3c8,ec444833e0b0d8cc
train_3400.jpg,c47804675216c6ae0f15c755b0c25347d60dc7a07e25da221e696a1638ab12f1,6a8686363636262c
train_3401.jpg,f1ab43abe1b6928f10e6d7ae67208b0d1df5dd645f255eb76c7b3c066db4435d,07cacacd5a955c57
train_3402.jpg,6fa0491e086cc56f87275ef3746cbe89d6bc29ddb5c9e0f019a6e66d7ccd197c,0f0f0787862626c6
train_3403.jpg,9efc7f9bcb5dec36f2ea1066ec5985b8c012fb59a6492a8fda7cffe601ff42c5,bfa8aaa9b994868f
train_3404.jpg,d70b7270264ed175a864bab0be6df5cb259e0d75926edaf59da98c1101ebe8b0,970dcdc9efc6a2ed
train_3405.jpg,fa335ba556377cb837591abcae924e72e4192064dab95b91efa5c9281f917ac3,c5c3df9b3b333137
train_3406.jpg,408a558896f960454a8330714bef2bd74eee5ab15011946e6d11d8972536a8bf,07cacac95a955c57
train_3407.jpg,e5887107068cb16c19a111399f620c9ec2023883192846562a5768969eeb2467,c8cecece83a712b2
train_3408.jpg,53d2a76616cc2416a110507b0041eeed93706b12d7c72fa757f59e6dfac500e2,489d9dc9d9dfc332
train_3409.jpg,46de8f093424fa4ee87b7f690f6cb04e2d8da0ac469602a63106df6191dbbb28,17cfcb0445646673
train_341.jpg,e9220d4bda06d4aa28ee3bdce1f41af8c4aae1f1a13b8bdce7669f89df649b56,ab6323858d0686e4
train_3410.jpg,a1c8f3df1e9514e16e902103d56f4399e9be811d482d67b47ae492544298053b,431f3ec33c703233
train_3411.jpg,66f29b70f6a60724b9e28e43884f610db2622f2cf6ca54c8909ec92287331a82,17cdedc9cfc6affb
train_3412.jpg,2da66ad3c7cc562bc5e7c514d2a7be40cd207da4259cc1fda63d91c71e718782,17cfcb0445646673
train_3413.jpg,ad7edae110f896b35b3a2d751a1c86d684276a06cfcf4a5e2ccef89d14420de2,fae83133336b3749
train_3414.jpg,b79a974cab72bfe0c55a34af68bd251dd6b09e5544f6b1d7fb6597c9a38d58a9,0707070d8d4d0103
train_3415.jpg,638e084ea380f969f464f5408fd3706c2ca4a11c2ea5df000c74ee41d16a758a,cc740d89cccf9f38
train_3416.jpg,570f8909e0ac4c639ec7dc5eab0b2525c5489df391925d9ea284c3ef06772a3b,5dcd020c13337370
train_3417.jpg,de8420e0111458278edded6a83055920ad2f4249c6ec9eac107e42d79397d9d8,b2ab97933b233334
train_3418.jpg,7055247a8056e51f3a21eaeab902e01b924efb423211e15c733cda25ac2e461a,3d3d36760e260e0e
train_3419.jpg,2bf6c41704587e592727d841603d1348e2db9302586834588dc303152510b696,6f2e2e1e1e1e2f27
train_342.jpg,8408b2873fe29d79d70cb08b479726ec43e2868ccff909c8d15579bcc1c278bb,24344646968489b0
train_3420.jpg,b225bf6a9e30c664587af05666000a387e7df722bbe6603b87ced7ba5d4fbf47,783b191c8f0f7313
train_3421.jpg,0aed4784efc052fbe41a388adc5d754a30f82602f2f1a9ad67db2961c0c12e85,4e4c8c3bdbcc1918
train_3422.jpg,4b230ea17c2ef7debcd2ba33652247791a61409c7d132832d57e6f4376ac1ae1,070786969e9e0e0e
train_3423.jpg,cb498815236b76effb982c09e5753434cc237fe0fe7ba255c82f75b065af6a74,16666da687a6929e
train_3424.jpg,58664f061a233db8fc2e7f07453d5d9cf381a6a8c597171d5cf8a3fcefcb25b0,f79b9964271bcf4e
train_3425.jpg,d5058b3bf2a06a52580dbb3774ddb7529a1118a0948c7665e0b418fe9f587167,2c4a4a4d8f868f81
train_3426.jpg,cf7030263444c913b30ab4c823d0e619d1b9454002308983e903d8df94400c49,6766a787a7a3930b
train_3427.jpg,17b72d5202b5dcc2c3611362d978711f31faca5a2f79e0c2c141833fc2ff7776,6e0c0d36361c3938
train_3428.jpg,1b09d15fb8af7752c4ff4e7ffae8c3710175d95398b44b04a551b55c9c37af9c,91333b93938fbf64
train_3429.jpg,bfb7bc74e6dd66dd48cdb2c717091386787945d10fcade995d463550b0e36901,0e9e8e860c0c0cce
train_343.jpg,93415702a26173c73401abdfcb336ff7e34dad7b2f51bf0c32c035a7f0b56f3d,3f2f3830393834cb
train_3430.jpg,8d63037dcf089937c7dd887f9658d23382c6930d025d3038c698fe7e7a636618,078fcb9f9f862aff
train_3431.jpg,030abcb76c93ccb49639618f547ca15f1450ea2e2ff7fe5ed9d97a4d8b108081,4e4c9c9cd49c0666
train_3432.jpg,f50ef21b0cf6e4ad324d778fd53928990504efbbcd4a8a0eb1f2db72774038ff,dcccdcc88aa2c2a6
train_3433.jpg,41e94951cd6d8d9d89ffc9e46bebef8f7e93f535b1e032ab7036d0f54ee83e21,464f4e4e0e070e16
train_3434.jpg,35dfae2aa82058abe745886506c782924a292b7ba33dc44cd8c014bb0612f725,f4601385465e8f31
train_3435.jpg,78f8e25d67e0e1910884bf0288a015d9d1690866ea3925e68aa234b32f1346a9,a3d3d626a5632230
train_3436.jpg,ecf79822022dd7e32e32b896cf1313087c353ce444ba2be35d8e228a6d211981,000c0e264e482080
train_3437.jpg,48a8e596bd191fc9c4497d530b2770f7be1483478f2d14f06a756f0da3033bef,fc64cfcf89883034
train_3438.jpg,d5d8e31502c139042944b467db697ab729f880be9bf71dea0eb675fcd12a1ec5,27c5cd859791484f
train_3439.jpg,035e667baa6d79cdd2ae16d8850e7bac05caf79c898bbc918faaa7f4c556db26,4b8617131348ce8b
train_344.jpg,4be9558a647eed7dce7ed5c94f87da9dc6da62b4f551199080c10457926b8be8,81f0b8d97379b6e6
train_3440.jpg,d4fb8416761999f69fc820672026e420cb8f6b4b9aac66f02ab93000fa934ecf,b9fd6e2c3677e0f3
train_3441.jpg,c2b4a9d711acf2a53859f2857c227179197750af885a0e32e59f55fc78cd14db,01be9e5a9a8c96ec
train_3442.jpg,1891c767e10d89710748d9e22a741b7a9933b65b4e6c8354c54733b63b0c0dea,2b03071f470f4f07
train_3443.jpg,69035d39c76ee9a7f60683c7752f4fdde5cf33fdc00408467b29043d0dd18c40,240701080b8b695c
train_3444.jpg,32632bcf2f7b26fea096a28aedf399a2c75190aa21880b4dffea0d5c583c9173,6f4f8b9793034e8f
train_3445.jpg,9d4cf27168e7854b13cc21a640a4b7b824aba5188a709fcf0044222e1c1c34ce,17cfede9cfc6aeff
train_3446.jpg,5ccfce97d2440b94d82933b669e0f62fbea6ca0638e94c1c763c80f9ede5a4d4,004070181818c167
train_3447.jpg,fe5f026d7960d18ee9651683f95588d2a92422f409d5d9af51b954ad4772ac40,b8b830164d4d6325
train_3448.jpg,f1dcec579f011032a4a63d9c4cb156e62f93b81d4b1cc98ff8d78e7397a36c78,372463278cd3b633
train_3449.jpg,d7235075c26e975e9dbfb767610ce8c81565b28ce80246405ed391c6d32cb693,c8b0acaccdacac4c
train_345.jpg,851d5dbe337734537bfba005a74f7b2ca192f38ea50abf7859b92445580d7d4d,c8aca4a8cdacac4c
train_3450.jpg,814ac99cdbfe0707d9917a4b8e1652acb22dcc9f9151859f5c9c2c12861bdc61,144c04a6ced88001
train_3451.jpg,655d82847fc226e66b8549731558037ca3e135d2b7f0693ab6e5d8b8644828a4,36999faf2d357466
train_3452.jpg,e876f4d90d51511bea5b91cac2dd8f6ec79ce159366d2eb42c58aa3f641cd728,9b67575767471919
train_3453.jpg,be644dbb2c0a8a3a62004cd000df2e7ce185aeb3bb7003e8835635ca82d6f944,c9cb033333330307
train_3454.jpg,6fcb2fefb5803fa8bca31f396398add6955e98ba930d4e2d5de1173b1d86a591,e967752466e77363
train_3455.jpg,ad8df8b4a88e26dea2ba4ad6af418a39eee1a3c8c6485de69fba289fe75c83ff,13c9818d4d4e0588
train_3456.jpg,801db16b83968bb031d5d3b10ff6ba16a13c2495375a6ad80ad542c544370682,0e4c4c4c58789858
train_3457.jpg,b4811071e6d8203a6aefca3f4b3546c3ddba883d87e15544704c33d9a8467e62,8381caa7e766cb89
train_3458.jpg,5865469f61b64f74eccb0308a0ad409cc38e6be86baa76f4a3ebf861864cf3f0,1f3f9e8eaeaececd
train_3459.jpg,ba01fd2df498c5671020f5bc4686482bc8614356730f34fd31fca5cb5cbba0f8,0327b39296968e84
train_346.jpg,3f795748738af73c82eef35290631bd2361f7d558d4d8c0c3d70d7de98898e25,ee24242c380c0c2e
train_3460.jpg,21595f76120d730a89f68d000b5bda486c420b7ae7fb1bc78d6379ffa15a5426,216b6b5317072726
train_3461.jpg,15ebc04562ae008c1736df93b3ad92a28753dc68d196271b795bba3da56a57cc,c1c1416161c18321
train_3462.jpg,d44829817aa05802be1a7ecf8b44b29694772239a3830c7dc82c143c2e9354b1,062695b13996b6f9
train_3463.jpg,e68efe48bbf902e531b740468e24269f9fe591efb3dcee1ef08e0b2a0919703d,74f474f0fb73e0c6
train_3464.jpg,c331b63089d779559e13bfe550e782c335971d2d690c9cf9f08c993476bfae1c,060f0f0b2b1a1c04
train_3465.jpg,03197a7bac8fcca14b8204a0ba062bbdbe2b9abe0c1bce3af899093c0a2a8642,b6b46f0d2fcd654c
train_3466.jpg,07b413c775d6ce341584f222f67fba31ffcaad67db7be1ac70f073c191b32ca3,77cd6d4d4aeab696
train_3467.jpg,74760583ed135fd183b0e386dfe3c2ebbb818f22cdb914754ff942e39677ef11,1e170747172f0f0f
train_3468.jpg,9b41d3e32e3d41157eb4783e00f5908c846440edc36b66ff9c3c134537155143,77cd6d4d4aeab294
train_3469.jpg,e620f861b18982b55d436cb793f75c37afc05de0d7828db0217528e8fc4046e2,8dcf444c4c6ce70b
train_347.jpg,f1bf12b89aab66f7f7c52232097258c0076d160f0f0b63c8cda4f0de45d91ee9,61c1d0192b33322d
train_3470.jpg,6334fb314cf2457b674d41e49e438fb9f0ede97cf33db0c3732bd8531fc26963,cc9c9dc9c9474f3a
train_3471.jpg,bca23aca2bc443f7247fc368f1d63d74d0f5bbeeb19169b2d9626f49c0acc350,09191b19191c6440
train_3472.jpg,dd53f2ce9d7d336fb5c832b0ace93a905f9b3f023f3cb49983a2a024aa084f89,1f170d7bf6f87131
train_3473.jpg,3977a574ee69482460a0f2887bcb1cba5a6a172397f780b7685a749bb2e52cd8,cc248d8d858bfaf1
train_3474.jpg,de1405b74a72daccf0b4d58b5c43c57f4564068aa85c93384477b49183742f9b,bfae2d1d8831fc6e
train_3475.jpg,dd7428b812a0651216ec37db2d79afa4e1ea1d780082f184a33bbbee6744a007,7f6d4d4d4beab696
train_3476.jpg,9bbf1ae599d2f4e236510481bc407a3c30bd32d2c80795ff1e856c7e25a207a2,c74f090b8bd74f4f
train_3477.jpg,5e7bc351abc57ded24d46e213c9fc79cc2591e49b729a6cc497f6c9c8e3964a8,1e174747172f0f0f
train_3478.jpg,b098623f4a9bd715e46643ffabc4b2c1f116d717054b634d923e35ea596977d2,d8dcd4c8caa2c2a6
train_3479.jpg,299bcde59dc6f9c44ef098783a0524286bdad3c06ec4bf3f9b4645bfe38effd4,0e4c6c2c38580c2c
train_348.jpg,6a034282a0a6b31d5350173af61336595d8e1894b2bef67509f55e176a03ac90,e5c1c3d2b363a7e7
train_3480.jpg,46da2061c8c7f913b965d1078de89597eb1411a3dc75a8dde184e8e494167681,6363733577c7bf7a
train_3481.jpg,a18a6dcc805bff38f45a83dbe08dbf78aa220028639e8f8808610ac2ae7128e8,e27616578c0d5112
train_3482.jpg,8d059972f3d2611857368e0b48681066d05f31a5cf4f6b312507da21403a4326,d4e6b692b2325216
train_3483.jpg,37c0cf7f83338681a30a4ebad170f848d2db10d4dc3c68813e9f10cfc6274c8f,3af393a7e78fb64e
train_3484.jpg,dcccfca09d84f42807c0dcfcb3be63aea10c36e725a084754467c5232c01b2fc,591f0f1505173332
train_3485.jpg,3d7a01c5c43a573fc1415ed0ec3574ee70fe92f3183f609dc01d3d63e57e8314,a7b7bfcf1b5e131b
train_3486.jpg,4bf11cc8c81a4c71d92a50c34041ae7f02506ab2a030aeaf43413031f2237ddc,b1b1b0b0b1b12531
train_3487.jpg,408f841705e1a8ec9ad8a056c0ef7cfef9b472215e1ec756fec3d81d0c1deb00,a232321d3b319122
train_3488.jpg,492d242ea526286ccf1d51b9732997888752f34f6edfad49443714c87e69e4ed,16164e4e06466262
train_3489.jpg,1bc9f98c90bc9cbc633670d7702b1b9df03710acec56955871f7e68878582f37,0c1c1c1c1b1b1a06
train_349.jpg,72394502128559fa3fd3f42b5e032a0000d2966067c48adcd95b72941f36ac32,0d19191b2f69e969
train_3490.jpg,4ed3e86544c656a419a924f12e4ca221cdbd9648dc6a7c07c3bcffdcd0aef871,9757474347461317
train_3491.jpg,b52cbaf4bb39eccc560cdda6ce31dcb5673827a895c3ff4f51699505bf68d6de,ec647b34e4677339
train_3492.jpg,4f62fa808cf7328ba6c12f74bc1dc48241501c2aaf748c4f8e8eb89c172f6069,0e0f0f0d4d4f0f0f
train_3493.jpg,5c79d4bea283177ad5736d2a0e19b7f0ad99c5c58bd8fd4665a96c711c06a054,4e4f0f4fffbfdfb9
train_3494.jpg,e2cbe1622aa2c0fcd621b2fb1e2f03f5325c9e4711d79f684b61fef0d82487f2,cdc9e1e1e1680e8e
train_3495.jpg,994bc0004f7981ec77e6c2788f14df0c7c4d9e2de10072e1ba8e90bd2d50aa59,240301080b89695c
train_3496.jpg,0691f4f173be6c891afd08bf6118de70dfdef019cff1af4a4cb53c0811990e60,1f8f93939391d38d
train_3497.jpg,d7530e83991e4a0ee06d8b1b8db37aa6a4c983fc75c4bca0c54cf5ee0a2c31d2,d485e9ebfcfc7276
train_3498.jpg,0d2ba445639b5ea87fd5d97fcee445ec62b89ac82de457a86b705b35e53d2b86,b9f966263637f0f3
train_3499.jpg,70cc9b0ec05f3d8bb76f4c6dffbb54f409803193aae7bd9daf9c495a9fed7a05,23212505657bbbff
train_35.jpg,6a7dfb0535cf8fc496ee60437ebc4b55f873d682b6e8342ece25c2267af058a8,0ecc4c4c58789858
train_350.jpg,3b67a706da8c13f573c06e86a98d03172871f12410fdf5c0b5c3c6801db24ba4,a78f89317a53343c
train_3500.jpg,87c3fabcee6fe7499fde597310c03cabe68ad93c25ce8c5f71b8460f03f7113a,0d27273626363335
train_3501.jpg,a26beb7c91cdbcd8d5131a27faa13e71161ff7aebc477e0f7773efb9ff83feb0,0ecc4c4858789858
train_3502.jpg,0b0f3ef8493835b78bf1dd0f3e1a1690031cb6c0ca6d8927afe9bcf108b14db9,87070f0703832301
train_3503.jpg,f930fc07fa4821efe9a4cf399974cc8b87b87f921ba5959a88e27fa20f4f4302,1c333aeac052f0a2
train_3504.jpg,dcd95d2f3862fa881f553364e67e1a423199196a422d128cbbc613a1e565f5cd,0b6b59596d471919
train_3505.jpg,4e590b8e3b1e35fe97f53a9832e50bbfc63f142a30c75b1472bdc638873c3a83,b2ab97933b233334
train_3506.jpg,8f74512e4ed550685f46cdfe39c7065ef4a6656b41e20e28ee2f35f40672a82c,79686c6c686c6c7c
train_3507.jpg,8e31dded7677eed6890026e1c3d3cdac1c323390054ab4ef36a5b788e520031b,1f1f1b191b1b1b9b
train_3508.jpg,2ca786d2181271cc1f8a125c4b2fa751fa3a7698fdd17d1ad2eb7080689789aa,b2b9181407677312
train_3509.jpg,91f18d8d369a374e2808666b6a2258cbf4e180d18042daf720b8799d9c2b2449,869616262e1fce9b
train_351.jpg,aeb4b5c76ee6a355e388290bfa13b79ef9e009d0db44d6c9cdd79704cd817950,6e74736366512682
train_3510.jpg,06cf2355c01b2fcc1807d60cfa611232ed6161f1ef837313cd702c7cd36ef00e,335b39388c8da161
train_3511.jpg,1a847a6de5fbcb177e6fb3428d2e152f031ded89f8c5c38c2330d32aad9b5950,5b1b5be273633373
train_3512.jpg,783da224a642560dc3ae8fb696a07d1dd05a81b6241e448eef00fb13a62b3f4b,cf0f0f0d0f0f1f3f
train_3513.jpg,14f2ad2ceceabc62e3abee37af606aa1a2a98c0d3b5e4cf8e078ebb9ec03884d,0c0c185859c4f6fe
train_3514.jpg,45e8e35cebf70675618df817362f045f4fd46230880834c110bcf429b392e325,4d4d8c2f7170f030
train_3515.jpg,086a5d2feffc8b298c98599d074917bf8cc5221d30c227695bc93c7b17918589,07071f0703832320
train_3516.jpg,2ef0f20792942b4947c323c491578d3c1fa357a6dfd7235e2f33627dcccdf6ce,c1c5dfdb3b333937
train_3517.jpg,4f9eed20bc492faf18da3d99739b0daac93a53d53ff915b41361f4aceda430dc,5202030110e30111
train_3518.jpg,aa1601676e6fd6e5f39d2fc4789e8ecc28520defb11d6d9cb548d47dc6dd3435,0d9e8d17165b1b26
train_3519.jpg,537f78845bf09af1242543047ad8cdd0c373b5bc55899f6d044c3a42b352045b,3232321d31319122
train_352.jpg,a81270c57fac8787fc2097c8acf6ea8b3c24fc95704928494f2c5e7a3d0b5e65,17cdcdcdc7c6afef
train_3520.jpg,ffaaf95fdb01896bf794c5541b09dc7fcff2c2348f981a4cbb1cf35d74311f4e,062697b13996b6f9
train_3521.jpg,6aa5877ce81ae423838687a69457a78d25a41c6b6ee51f94d97b81fd5d561669,8707070743c32101
train_3522.jpg,3e4a9e9adce5f6223a7e1995f32e704622b8651d9646cbab2ce2f5feecf5de29,c343436343516363
train_3523.jpg,47b598c8550592a636acf648e090191be615b2016de8cd6b2bc0da16ad912dc9,60606040607e391b
train_3524.jpg,0fd03ee55361c0aea6e6b63d77299ca7ca3bb0e8ead9afcf3aa40c4b3f99cf73,00082121212113df
train_3525.jpg,3866b52ba2394670ac981dea886a90f226b69a06227cb55086acc6b8d6f00545,d29b99090924d2c6
train_3526.jpg,09af700e0e8993910aaaa06606d6b64746b97b1413ab1240f7b36b080e368b72,c8f0e1a12c858e8e
train_3527.jpg,52bf7b0cbcaf6d94d319ee4b8f3b225f624ba3884f891d68ee8d2707865e8365,59180e4b33333138
train_3528.jpg,d7a99c0eaef3f48768d1eda036db59bdbd5573df4a85317ea3036535f6b24e12,18333beae050e0a2
train_3529.jpg,a289be2ee9c984ff0fe46cfb0e1c6678dbf5808c9c560dd9665ba7b20d1a3e75,30193c2c248c8c15
train_353.jpg,029917ee47ff04c85a8a434eedd77788fb4d53365d50f05e623d800e2fb9089a,eece4a8f0d8cc6f8
train_3530.jpg,15448b74b4300efd77fda28986838b224ec5d47d57127b6215fcd0fbcb3e4044,2b1b5be263633373
train_3531.jpg,5f766d3653d2f5ab3ecd23266d87243e573e4187cc6772c502a28aa58512435e,c37c2c0c1624307c
train_3532.jpg,35b225a0e5c396ff76621aebcc4d3751725d53c23ff3c7ef86f73385a9dc962b,c7c1c44e4d9c9aab
train_3533.jpg,959545dbff9574d7e28ef485dd44c005f5a0acbd185fd977efbe293e4802262e,07cfcbebcfc60fff
train_3534.jpg,058b530d111559558cd67d1bb9d249a1ec463927b11d67fb3d70e9f2ee7b2060,a5248c8db36b4f1f
train_3535.jpg,f04257d6a6b49b37cd9cafb66cc5f27ef34da548d858fe3156c7c3cb9e71b53e,cf03be9f8e739d8e
train_3536.jpg,9c7d4851add484303268e7f975b1c6728e4bee17495463e021a2bc82f2888cce,090b091906191b53
train_3537.jpg,2252711fafa5b74885890d96a8825b07f83f3be6e90e7375d54c7fa62536d476,d46063656f6b4b7b
train_3538.jpg,61dca70ddccf26df567ed0cca719a084eb5e87faa7c9e95d3e8388fc5553aa26,2e2d2f33333b8743
train_3539.jpg,53bb98bce9ba70ab0b19f09c7c7454674945ca30a897b08c85329748d07e2daf,93939383b3134fdb
train_354.jpg,e53fb2b6c34b40623d807bd74c7bc88c580885100cf82582fbdb749ed75c3126,455c2494d2536137
train_3540.jpg,9a738a0dd2bd6b0931cdf983457bd0efb44bae75da2d2b40d516c21dc7b8a949,000018642421c02c
train_3541.jpg,3f44b8e46ba069ebf66e67250358e76210c0dc6528cae29be289d1fa21e3c59a,d6268d8d0d8bfaf1
train_3542.jpg,75a3eaa8d7196f0c09b4175a71aa5d4182dbd68c8a742324d3e08d2801820ab7,dc49413139ab374b
train_3543.jpg,ab72507668ee28c3327fc63e9949e012efbd030af572c7ab58f08aa318d303db,ece0f0f0ece9e8f6
train_3544.jpg,d6c613382c02106f56a5b8b4334341ee677c1566e2083f29db5061333c4058ca,1367d688a9279991
train_3545.jpg,1a34d866b13ffbe0bab1870c006f3616d12f221feca996fd3f7c8845aa776d47,8f0f6e59d1b7fffe
train_3546.jpg,85dfb4bea1a3c996a26799f194dc59ac2da6b2421b8cc9e8f0be7a1f49699dae,17cfcdc9cfc6afef
train_3547.jpg,0abd04af90dc4c02a6b0dad853b207747af16289a3149af629509eba81e5c56a,359deae293592925
train_3548.jpg,f7dea6bce10032b8c6bfc786fb8ca4c68415b2c14c4e2c0012026861d084b26b,aab3e7acecd6b899
train_3549.jpg,9d11ced7c2b1e4cb678c040e8128ffc018ecb615f8d31f22b0d291423d31967c,333353171737173b
train_355.jpg,b6ee8be1b30c9230ad0729e5cae45b1aefa38845856f98309a74f2caadace185,211325071342749e
train_3550.jpg,106d7567e68e80961597592b7b1032f0f2e9c8dfcc2a8c8dfe8ac8da6c491e1b,7f6d6d4d4b6ab696
train_3551.jpg,1d8c32bab6e3c1dd9771e4a6e05fe798a088a4e9be272ccd99ab3745bea508e4,0f0b8b8b6e3f57c3
train_3552.jpg,f947f904b63d5d16a0ce5b83fd902729fa4c2f307d98dbc634f89fd923d215d8,9494e4adfc7c6470
train_3553.jpg,142128e6b7a090a94d4369292fd0fd576887568a887a1092a301fd78764ca9ac,0f0f170f0f100d0c
train_3554.jpg,e7770213d7cb7599f6d4043e35c73b919f6e3ad69f4c53d59fb6d20d56acf029,8b8f1f9b0f4e1624
train_3555.jpg,48490e8eaf87dcada19b770b37a13e27e93bd78c0c0814f294ab021b60f480e7,adccb000093333b9
train_3556.jpg,7a96b6c8ed86c7a1041686ed7fbff797d0a2b8a44b11a032c4fc59ad529d045d,53972766496c6a53
train_3557.jpg,bb644fa728011f6ba34de0cf48ec04973eb24abbe2d9f7515f26acede8404152,11094ccae84eaf2d
train_3558.jpg,35a4c8080ec9f0a51c6752f7762b48978ef69246c7856d44e55d0a3afd3435f8,3c0dcaaab1f1b5a4
train_3559.jpg,9d108280ae97fc77eea5ab52b68c2783bdff3353d90daea4533e52e9cbad8bbf,d0b4501ccccfc7c7
train_356.jpg,8cd99bdbe611a389d05390b7d4d5ebf36ac1ff9f91f67914554d0aecbec8cf98,8e0f4f4ed49fffff
train_3560.jpg,153b84e0f38957b73bd4cbde68ce68205cd3ede15345ce4375ad90ba3b7fcf7e,18bc3c3eac8c4c38
train_3561.jpg,d76fff720e625fd9cf50639b1bdde59bcec2167c2fabe10d4e665e6327928c1c,23212505657bbbff
train_3562.jpg,fa6d7246a6844854ac815b6dea34cf998d12f67bd837bf590f57955eca7b69b7,c27c2c0c1624307c
train_3563.jpg,595f1afffd8e4ac96bdbb896fb3f7eec35f31cca519ebd52542c61e1228d5c6c,7f6d6d4d4b6ab696
train_3564.jpg,cc56e98fc6e0627a5a8a9554243fbb443e24a1801e162e39836d2b2c88a30d25,01000106c616136c
train_3565.jpg,c91210ed6d459d4d4798aa0b8ad3fe02e6b397231ba2bb29d43fe8007551bea5,000301080b8b695c
train_3566.jpg,fb017e4d5cd9c77824035ffa6847580c63a4d7086d033833adf899197b0f2fe6,0e4c4c4c48781818
train_3567.jpg,592c79b1060c6d4bdefa3f3e4eebd2e19e5674ed78365bec10628149a82779d2,b6342f9d674d6d4c
train_3568.jpg,2bff0e79e12ad461e09b227a2dfd9bce01598803f2c23ad6d3f05281972fce30,6e8e86c6c61dadad
train_3569.jpg,af8fba42f13bbf97ad04c60ece91f2152de67c5bf1db6ab705f1c9d3cbefe07c,072777353703cd3c
train_357.jpg,d197afd9419b0e6a007e7f2d2fb976d7dcd966ae9a9bc5805e09113faede378c,9999091d654d4974
train_3570.jpg,843951589da047d7404aa3014aadba81350f04d4b9c5845b8f410b69ee933125,d2e3361d2e3bd9e5
train_3571.jpg,338cfde059a419b8f7e2bf9a09688ab857741f71a47181c1d4db27a2f2a4e46b,643030e646dcf032
train_3572.jpg,eb8d5975617a85d4bf70e304ea8dd2ad880c8c8dac98c6ae613e19f99377d438,8313c9818d4d468d
train_3573.jpg,75d15d75376596f7db7b59fae10fa7ffbcb41841679f9b7a4ef069cc0befebac,0f0f031f1e1e161e
train_3574.jpg,6b3ebb93d38dee2b12acb54dc48db5256202e76afc0e4ac93c8a78c8d8a1884f,2b2151404c4c7533
train_3575.jpg,e0a4d979c83b0acc6ca71a4a9d174df834fdd207a8b19ea3c8d46b9818fb59ea,078b1a9a87868799
train_3576.jpg,2e784abed7c89c87b30821a2e9431fa6a361cef07aaf220a3ee634fd7a3d17e4,dbdb73208dbfb984
train_3577.jpg,50170a2f581e287fcae081a731335c950d3047bd307091c771c8eeebd0318f71,f3313c0b733373b9
train_3578.jpg,608bf2d2b2c6f732379afd327f09af04f064c036c828a169643e68c61bea17bc,970fcdc7c7c6a7ef
train_3579.jpg,88f5b960ac87996e284a7e2669c8fca2e193115e1008a69d8668c5a832a66527,e3e3c36363616143
train_358.jpg,fed80f87b4fd65aff9c8009446cca6c210a9f8bf745f8b3e0a88837a874bc4de,3232321939319122
train_3580.jpg,6e8c18440ff2a1cd3bcd5e94083e826ee4d24486fa6eb53453b3ffd13cbe92cd,77cd6d4d4aeab696
train_3581.jpg,e071ce5ba88a0030bc854a9a36a3a2b03bfff2e66f5981c38f33b5d17abaabfe,931b27071919595c
train_3582.jpg,21ecb74983a754330ce3279b47d1b59395a3cce08a4eec5c84a70c9dd3d6d037,3233b397d669c9d1
train_3583.jpg,38d1a0e0e254f25e11918a871bb47bce8d45ee37ddeb2aad33aeadf6e3809a38,e2f39a9991d0c4d0
train_3584.jpg,594f76194cbb7587b44b2783140e51a258b0bdbdee4510b04d7ec81148aaf88b,9243c99d8d841363
train_3585.jpg,564a3373a6e93734ffb3110902f0c4c460f0bfe5b8f6de7393a02216e4e4bff9,0ec90e57b5bc327a
train_3586.jpg,1eff48d91979406b2c9d89c33f88969923b55c4f61b2c9c81c8560f8ca2a5eac,cdc46e5a5a73b3da
train_3587.jpg,b95cfee8d83b23d332ae00cd47557a3e6c582281bee9bb4d749a84ee366a94f2,f4d0ef339b385276
train_3588.jpg,56ee10d4f84191c0873d2199c4aff10e53ddd2b3e255f1216c6f4ecbf47d0f74,c8b0acaccdacac4c
train_3589.jpg,9dbf24bba14d05a537d85cff805d454ba324b07ebc4af8db7310d26327daa94b,0c1c1c1c1b1b1a06
train_359.jpg,97e987beca2290a95f8232424f5a948db090b118d664654e769043f624006367,70333236372f7317
train_3590.jpg,772e396d7a9c88771a4f196b97da6209b8fea5ff7b3ddeac3da97b87f6b4e4f2,3d33373632323335
train_3591.jpg,ee23c63c0ec4380d3ec79f24ae09d618cce4d45d746454678ea577148e2ea9dc,6766968ec64e6626
train_3592.jpg,fddb574922f547d71e3c478a9dc1f89631b825ca3965be1d41734ed5387e73df,263595c8d32b0e0c
train_3593.jpg,ce5082ae603a54d8622b3843129ce561f2a434a1189b7d722396eecf7ab2c889,6d23233b1b3b3b23
train_3594.jpg,4968708c0af3c1d48bb7c832bbd186c570069b78d27ab8d4bb8498cd4b194309,07cacacd5a975c51
train_3595.jpg,306c1bf5839556f2d434b35ac87d76e03df6abe42f6c1164aadc8045a186d9df,7f0f274f3b376f9f
train_3596.jpg,7002ee2853739c48f82113d05fc76dcfec6c0ef24bb6ed9812ea146057053b6a,70d85c060e9c96c6
train_3597.jpg,f19c54d736f37c5ea0ad908bde5fa4b1f8785452c700110954b690e1b3b67ec5,87071f0703832321
train_3598.jpg,0a19b76bc83c51f3a89e8899a9b707f204809e8195dc3cd35bb0efb2bd9f68ca,39091b232b0a8ecc
train_3599.jpg,85ce64630f006bb27ba110ce4c415e9d70a975fb61126b781d059f7b06a85f4c,a5248c8fb36b4f1f
train_36.jpg,90c46dfb17b6a3dd4922e45312a8265371621ad24a4f036bdcad66d08b453d92,cb87c1d7d661e9f0
train_360.jpg,34aa72f0e1323d9c080cdf2be98f6211efa4aa0896d806259bbb1bbc1244e40a,5c0c068ed2165879
train_3600.jpg,4d45cc0a2384624516d8357b5813dc13709ea3b2d6166b2a50faf4fadd58d537,9999491d254d4954
train_3601.jpg,b904377768fe6e579fd61bfac0048b75bcb935a714fc1456afde531d1e194dcd,87071f0703832321
train_3602.jpg,946dc9a3196c3d775bf0e1c683bae90a5fa22725884e1692f713c037b9ccd8d3,6031705a59191363
train_3603.jpg,0d1d51d6ca9202b4ef8c6b4ebfb4588d1910791361dbd94a135cb63fe3d53a86,d8d8dc1d9e1b8dc5
train_3604.jpg,3a2d7c0f42c9a701f7b1c7e684907d71e9378ac81f4276c7d604e1ba1935ec1f,d9c6ce4d27a66ec6
train_3605.jpg,d6e871b9c502ad0891349d613ca768619c79401dfb403d7f505523ad6410ac4e,078b9ac8d68687d9
train_3606.jpg,493d7daf97f277e5dc9506ea3783450978cadd1eed41ded94eebd1c9cc081c8a,464f4e4e0e070e16
train_3607.jpg,71216f653c6cf6fb0f7170a8c552981d416c533fda9dbff4b9e1bce1994170e9,7132f270330f67a7
train_3608.jpg,4da72cd2d586decfe3e616615844bc29cf2c0d24d9d9b93a50b23a9d0ee05de7,5173f1d1e96a49eb
train_3609.jpg,1aced7854483f984c65bd0e32740a0a9186e9597ec0b00f61ae56fd6fc4bedd3,199999998b89898b
train_361.jpg,d9872d6cca7e0d01898dc88decc5f9aa9b16d6fb0aab11308195c06ee3ab492d,8707070703c32121
train_3610.jpg,4d7d2771183520dc5910a935a4730b76ca678706d8aa8e15ce9fc801a330f766,1709595e58581934
train_3611.jpg,42592035167cf79b1b490a00959ff4d4da674bd28ad162f26e148a054814224f,304c0ca4cf5e6101
train_3612.jpg,4fdd9b5d8d76473e1160ea8d73df777b881204ba38bb5c6c292460d7f0a01cac,3233909607673396
train_3613.jpg,b34b8f7eb48ea683f5548e925c55da6580acc0306f90b6bdecbfc9aa164fa88c,1f5dcf4d0d07890c
train_3614.jpg,f9e2ed9b781ef1cc7e283b1366b608de7e781369757bfdb93b86535d457d90b3,199a9e9fc52d6c6f
train_3615.jpg,f06daafacd2f0d037c15ebea2413c2ac889dd01026858e9340d61b3022181634,4949c9c9c9c98913
train_3616.jpg,9de3e0e0f7df19d737e9edb372aad32188d2f141e1d81533df7200422767785d,4181020c0c3e2f2e
train_3617.jpg,096e559adf1419d211b4c5e5c3fc4de3d3cb1eb7456aef0cae7fa98a74cfa4ea,4b2464e68725a68a
train_3618.jpg,007bc46cb9c8d61b6dd2776849437bc24279de6436c098c273d146d94528f466,0c1c1c1c1b1b1a06
train_3619.jpg,760cc009c7b9968e9dffa2cb9e4a29f81e8ae4168ef1402ec2280bc5cdf09ee3,d6248d8d058bbaf1
train_362.jpg,c8c191bef1e8bb786c42b5e9e0deb75854723024de60b5b1854f7d8aeb4d9480,ed6b8b93b3d359e9
train_3620.jpg,8afb7a1a66e8ace951a452ea85677a7ed9d819ba2f3e5a880b0f7379ae2351b3,09098023a3a28292
train_3621.jpg,32abe408b29a674c12403c26af37e074f14594e150d9c7643128a07128c3c64f,2e2647cbec9399d0
train_3622.jpg,f7b67f1a76aa3ab673c0082af84d75e523bd8724452498ab94ec0b5794d405a7,d3cfcf6727cf8725
train_3623.jpg,bef720f099318c1bc8fde9a51da9aba7b4fa31559cf8383c80f929899a2c9022,87070f0743832301
train_3624.jpg,6c965ddb9ae06ff5d03e391957c204b19d4e2cc9b54ac917eae6821f76ef5b60,9b9a989cc3677317
train_3625.jpg,f151809f2ffff42604f33fb50d04d15da9da47fd1cf32b7cd6740a9000182910,4e4d4fefffbedbf9
train_3626.jpg,b0fbb154f198ddbb50d4c2e52d899cb4a0f41e3c36fbb0ff95312f6d061ff1f2,f0701383465e8f30
train_3627.jpg,d157186c8f72a997a86b36dca0f6533e2acc80c33561c383c5721e30404112f8,84040e276773191b
train_3628.jpg,d82ee9447067f05646214cf6dae4f82691e1f2eb76f2d6e0cad220b2e0a77705,735eda7b35715c18
train_3629.jpg,e979e0ddda4958b1701eaa677bee1d6d24784bc37817e0d8ccb7f74bd96d1edd,0e4c4c4c48781858
train_363.jpg,4852aa6477e4e91c5fe5758831135fe46d1e67ad3be163c6c8a490bd40216b27,00000106c616926c
train_3630.jpg,e4ce08679444006e3bfe08a58c7d26e071a12adbf06a4003f7a0e4a92066e677,8707070703832321
train_3631.jpg,074a4e09951345ee55091edffa9377d9375c718530b83efe9fd686d6f79c31bc,8381caa6a362cb09
train_3632.jpg,7bf71b1fee1f7146bffd6f607fc0639178fe5c35b23a19877e6ad3dc47e6e3f2,1c333aeac052f0a2
train_3633.jpg,4cfd4e593c57a019fbc00884b414aa32d1369957850a617a06198d77f95c92b6,9511cdc591dbdad2
train_3634.jpg,4e5e9eae8f7221eeb212e124255b58c93e272a15bd1016da7213fd31fc3289ba,e9ccba3a3a383ab4
train_3635.jpg,13e674cb4b14373c8b00a8839d874fea47f870f460db10aeaa735cd1ca9a8745,07cfcdc9cbc6afff
train_3636.jpg,e95ba7c7094f84621b39f3dc58028ad9aa8486979b19a2b827c9da2ae63f981b,0f0b0b0f0e1f1f1f
train_3637.jpg,07b551316573aa67d350c2ff4e7f23c56e7de86edb7f32088a360fc682666b25,07f737333303cbcc
train_3638.jpg,1e6be5b9f5ca41772493535448ea62e3f8a51b24d0f868d8193904e816c20d63,b573d3322930b7e2
train_3639.jpg,238db55fbfd3af331d97e239cd5bfdae3dde9fde400c533a568c8bba7e66997f,6545477171692d87
train_364.jpg,de418384040e990a50edebab980e1ac6fb72ca331d2036a576d28232fb102927,6e0ec2c6ce19adad
train_3640.jpg,5547684e45dd781781fa32d38d77ef182297e47422dad452887cdd4ba8704e8d,070f27071a928e86
train_3641.jpg,a947df9da8021e0d48d04c2496118ab90fb3bfd31bb246e73859ef7dee0cc1e2,cd8dc9dbc96f6b13
train_3642.jpg,487d580d34e49350e5bf493bbde313a8387825a815e2b50f9c346eb83ed87573,7f7d4d4d4b6ab696
train_3643.jpg,7c5288a49b62b636d898cbe624b0a4ff7e65ca006ff2961ff8a2f69145fae178,d959a999d18f9b9f
train_3644.jpg,7ae220a2eb544fe29751ca76f4bac42d3ffaf3270b132f5bf8fc0853046d35ab,7f7d6d4d4b6ab696
train_3645.jpg,4eb8251a818755b9bc6bcb03447413787bcd52bfe898b55432f0bfe13a0dc830,0311c1830d4c4689
train_3646.jpg,bb8832504dab6cb8399c6f9517ef2846356b1cc9a07d5b61500db2143879010a,494b6bebe7e5cdcd
train_3647.jpg,9d31ab8b09c1c11b4023eb39d7adcf9a68a6a383e14e13c031aa0ab052a7cf33,8707070703832301
train_3648.jpg,b28d61957db8b8196078d0c9da582c73ff479ba2dc9ece4a0128853f22bfca75,4fc9c9c9c9c9c1c5
train_3649.jpg,002b12a17755cd6a2337723bf9dbb818401c54e0d5dda88dca09e873721e138b,3a323032c68ac064
train_365.jpg,778f2af35197d83704695e59ccdf81d2cb29675f6eebdef858e57acb59071399,bc312f860acb73f3
train_3650.jpg,ae2c91213274c509bd47915feab22bbecfd499aa0180ad591a9086abdbc2cabd,01be9e5a9a8c96ec
train_3651.jpg,fb32c90109c42423a2f131ffb9ba4464a61fe80d6905930f62f4fb1ba2955cc9,331353375737173b
train_3652.jpg,d61f0cf12ae34297abf99b508f4b83601eb52d69b70f1310ec90542f8daa95b5,f9f8ece4e6646471
train_3653.jpg,1a00f95940207c7f2a8f00447ed4ada6d03cf4c965b2815b9d9385c8a69b2683,121919331c6b4b6d
train_3654.jpg,8dad7058692f564d004d4d9ba484df01c13fd35f116c1edf0aa5d736e3954489,7f7f3fcf0f2f5842
train_3655.jpg,c1beaaaebf8c3e7add97e68958de102791026c16aa4f5e2bef596c17fd57477a,7f7f3fcf0f2f7044
train_3656.jpg,9b3f56688d7388b550d94f2092535e5de214e26b0257b3e9b5c6e9ec68336feb,89a489c3c3d94f6b
train_3657.jpg,7785edfae8748828bb38f11c4e5d74c005a92319ffbce02b51701946a362d8fd,0053474f4c0e0fe1
train_3658.jpg,f23f8272d9dabc4906cd8f874c4247be0ef5a23b495e9464f6a5c73afc3e230d,71618121c100002a
train_3659.jpg,95edb2d8e54b8248302929a3645566b70899a5b8d24dcfb98064e87ed084fc51,b2ab97933b233334
train_366.jpg,aa881a01985757668dd33f524775a6fe21fe73df68dfa78e6d4f969a3e25ec18,c3c3c3c343e361c3
train_3660.jpg,61a5ab47fc316ee08a119244456cd65c2a7cf2c5094a87fda730235dc7bf97f9,0d0d0d0d2765e525
train_3661.jpg,6b6107e26dfd80b9998d7302524171cd277e3aee9f7b63b2d5d0147ffc3f5847,032733232f4f0333
train_3662.jpg,43fd3c36425eeff598eb18bedd8d530f04b7aa4bf91ed80f1c64cb7bf3bb9e88,e97b8b93b3d35969
train_3663.jpg,2380f1bb07a23c1986ddb088934c9bb470f6720de509439fb816753a099874aa,819bd9c9c9c9c7c3
train_3664.jpg,29bd3d067ccd14f929b0d6237890579f7a0ba91c6976205f738967e2b45921c8,0319818d0d4c0789
train_3665.jpg,a1f90469976140ee7fc8ab14c31da4f9d6014421417157029b512f487c741df8,2d2f3830393834eb
train_3666.jpg,585dc78437b079945b2934d1b57b915af036c5e5820e238f66fd92ea8c35c5eb,6d4f8b9713434e8f
train_3667.jpg,a4f9ed5a6eb535f58ee45a2df0abee0dc02d08029a79dcee70af42d4156f1a0d,32351c8c6c2c8d8c
train_3668.jpg,72c71e395f66b46423940208561456da62ca81c98b6a7c200321de81c2bb123e,03171b0b0f0f0d0d
train_3669.jpg,fabceefbd928547c5433cc8d77555448f8c4e0863396fa7bf7e85841a2959adf,0b6b59596d471919
train_367.jpg,eaadabe858512eca1fa238a3d0d4b76a6d5878ba65ff6a5730a4450c88bca4c9,7373331b1b9bcdcd
train_3670.jpg,ce4a0062e690bc7e589cdd4bc52b96c2b2399d78f103dd4f06daee1208f2b9c4,0f0f070f0f120100
train_3671.jpg,6b613eef560c104ffe92bc3659c011a4db25b01585407790ae0d68ff42fbc064,39bd666e7273f0f3
train_3672.jpg,3f72e12efca37779da407fe11829de68f89440ad5e7599a0601ceb0658b5bd67,d4248d8d0d8bfaf1
train_3673.jpg,5fd921aaf726077d7c777d3b8b12ee2a9cd2768356997316932bb7745d7ad0df,ad66c695a7273333
train_3674.jpg,d62fa10b62c004f6451ed5ba43db3cf6de90432336c96606d2f78605de800604,3d3d393d1d3d3dfa
train_3675.jpg,cb1ebdb4c6f21373bdd0a1271583c3722315d7f895a2206f9642e07cdfd21e97,d4248dcd0d8bfaf1
train_3676.jpg,632d2409672694079d9f8184fdb230c9ba7f3064ff235c8b4737a33a5b6e410b,223595c8532b0a0c
train_3677.jpg,cedbe0ebcd9ad5ea24aeb3888bd5006d7e7dc8ffca06694ff407a601c5dac504,223595c8532b0a0c
train_3678.jpg,7b2c79e88c5d2b87ce51cd6fd851a3948ab3c69e5d2ebe239c42a679768331f3,2c25022c0d0d0d2d
train_3679.jpg,e50c1e0044fbe3aba812103910fb205086e4952007930d8a73223dbdf7b8bdef,dbdb73208d9fb984
train_368.jpg,a6b6f5f212abf275bc11898d6d1b9a54c47a4872c088f3480a194dcdfbc74af3,199999998b89998b
train_3680.jpg,6dd83d4d6700f80b5a28cadddddfa3d180b109ccb87fca019090b07868f1bec5,870f6e59d1b7fffe
train_3681.jpg,90595a1dd2f944b2bcf02c1350cc6307fa801afb5608a5e80d33ee70cec63e9f,4e4f4fefdfffdff9
train_3682.jpg,2b6607522726b6e04e36bbac33e3af46bfcf49c7c53e11f76554e5ffe957079e,b29397931b2b3336
train_3683.jpg,7b68cadf707a26120697f5b47bf7e92547944c739f46cee42bf06eb300c949f6,0d603836564e1e0e
train_3684.jpg,3258113b31cacac0e7828af839f0c0adc7b611c3fbc2d3f938a42fee3d2d81fa,4e6f4fefffffdff9
train_3685.jpg,8efa03be467593f1270feb938a5f1348c8f26b03e6e5e14e695169a199e9d4be,6e1e9ac2c61fadad
train_3686.jpg,763d82a77e6341eced4e000bf734049afa532614f690eea82075d29e46445f52,070726940c363029
train_3687.jpg,669f468d26612933d4ec443d189b71fe2e51b0a7531420a9ff0c2b3c0d25d6ee,0327b39296968e84
train_3688.jpg,b30d2a31aaedf0bdbe98d98c9ede8328251ca9a8860924d32821f85dc9679496,872753e7da852f2d
train_3689.jpg,e56d49abde0214f735ff8fab430bdf503576af44b50c545a4e79157d60ce97b0,8c8c989c99d8b6fc
train_369.jpg,cdd005f4f8f9142afbc5c73628c59307cbf053a0b570ddb8add3a4172a274b87,291f1b9b8b13070f
train_3690.jpg,27cc5c62c54c164bbb0418874ab30a1906fb72a1f22ea975ef320ad803018424,0909a023a3a28282
train_3691.jpg,260278bd2b55e40048a71a1fba1352f8ac85b42c1f3921a0c952648450179261,072727253703cd3c
train_3692.jpg,4529eb11aafcba9c439227afcda3bc2fc0a27936f969f3e4dc37c44d43afe96a,c84e46571d2d83c6
train_3693.jpg,9c36fe406399219cf2cbdbd3b087e7ab01b8bbbe5049ab01bc1e9d609212fdf7,9d999d1d3c34b432
train_3694.jpg,92be46bd5291570da71c5745729c049dad770048de4655ee84cc29a00f8ee6c2,87071f0703832320
train_3695.jpg,d226a6fa9be71098c55de5c61d70493bf83e513469d872d222c6348c85fba4b1,4e4d1e1212490b13
train_3696.jpg,f98825ad19e88e07fd9e1d2133e2edc6b28a5b7d988a4247c9078d968816fe9d,1c333aeae050f0a2
train_3697.jpg,1743957e87095d3d32550db8bcdee230dca693006235302372be541108e300a2,431f3ecb3c703633
train_3698.jpg,37e2113db8b8c36b95aeafab9e2834940a876d25a7f5e52a3eae491c56a87138,f7b3929a99e1edf0
train_3699.jpg,28280c6abe88c88de45290f47d3922c8c6c9606c83a0418449c5ba49c097ce19,0008212121293bdf
train_37.jpg,3a0cd27c6f409e0a02cf4b13d57a5d09b82e302da42be947c2e66c4ef4c9f52f,0c1c1c1c1b1b1a06
train_370.jpg,0d51c83f0f2ed98db0bb9ca92b7302301f9c8c38c19882140d720e2be1fcd343,60644dcdadcfce8e
train_3700.jpg,fc00840196f40a05791a09699f82aba272ffe6913dff429dc551ee3f746cef5a,07cacacd4a955dd7
train_3701.jpg,aeccc98b03ee796a016f90611a7585cf00575b2a0776b42b702a8db5ea8f706b,b6312f4f4bcb63b3
train_3702.jpg,d26ec2bb01eb99f88af2b47185c5708f2d4ebf1669f4999e6dc6100976e3371d,37376dad9595323a
train_3703.jpg,c4c708b2e020461f9921538a9ca4b3d375d99be9dae019dd84aa8a14ebecd6d9,0319c18d8c4c468c
train_3704.jpg,9c61cdbbb3abd2ddaa423141b27107a589c1272c9c05edf80bdc98ddf4b37c05,8c8dc8da49076351
train_3705.jpg,d1bde5d11636676041877648cc31413b04360b6ff144fd9799c4ab49a00f746e,0cc0012d27074ade
train_3706.jpg,0f700a3e5d9907c5e888f8004991254a982941374fc3a9507aa5278c6488d01f,ec444837e0b0d8ec
train_3707.jpg,24f32a5308506aed9d482b793153a743f835c53d9a8dcc69e54afbdf6fb7c2b1,eafc8bcbcb1badaf
train_3708.jpg,b28b1cb3c5656a22b0a949ecbb6aa869f5fdb560cade99a1b1e9454ac5fdf1c6,8d9e162e2d1ecfdb
train_3709.jpg,0faaa15f44d4150df221eec314d2566b87a4aefd61550d2213b9385522c2b87d,39f864ec6c687a7c
train_371.jpg,48625c9d9aa8867a9d5e22f8a04bae7e8d20ad9c65818c2c9f368bbaa5696977,a4a0a1b9e1e51964
train_3710.jpg,752804a876979da5d08481cc2cf62d85b759e400c6d87d3d518d9c23ec35584b,6766a687a793930b
train_3711.jpg,73d154c5808d9ab3c03f89d94d907f957c47750a0486776ce4213f9daf3a9e88,464f0b0707070f0f
train_3712.jpg,e3c08dfab58fa1fe719c3b3fe46c2fda82c82bef3d7b4d7198f3c5d1e36fb8aa,460d5c54a4869cd9
train_3713.jpg,d8f5d319bd2a3d8fdfba229e1d58a923f1cf29e12dbe801679303520e2165295,d9818d0d4c478888
train_3714.jpg,386d53dab623dac24fc2667e9e2bafcb188d832b720d3c1c993ec369f7aaae8c,319b1f1a3b21715c
train_3715.jpg,775d5089b8af56192e69e8a8d50c9575654cef63ff8725d8ef640834c1c8ecbc,5e9a9b9db5b9e9a6
train_3716.jpg,7bf15143648a28e1c9ca7824de90c9d1a44757c959bc6f96b0cfff292b0f2fec,949428a9fcfced30
train_3717.jpg,45e9474222eabaa8c50f4438c31f68e43952ca30847299106326180dee07dba5,4b2e2e1e1e3e2727
train_3718.jpg,c19bb750ffdd5688d14405cfa2914a09e4cac22f47d4b620645d1c0e292ef953,4c454d8f8d8d1b0d
train_3719.jpg,d5602f23b70838bd278f9883e20542d14eb6296af517c894ae834f4fbc8a0e01,efefff0f0f0d1306
train_372.jpg,efaa3c513e78907214435e33e434a9818809cc46e41c6a72f584851d73406f0c,062697b1399636b9
train_3720.jpg,6de4ab965b399391d6ef37a927d94feaf897942788e2673e2dd919028ed9a4b0,6e7ede0e2f673696
train_3721.jpg,e659c3f5b4bd166ee2a8ee3d908074abf9ca6281b9ed4416c77c90ada70d19f3,0d3f9a9e9b9f3e5e
train_3722.jpg,de5a283e22d001dbcb716c70583a95c701532de251be409e94c4570bebcb6335,7626361e1cbcbde8
train_3723.jpg,8e1493ceef0f2f4a5154c2e33db8199b46d54e59693b45d21878ff866feac782,270b1b33395b6332
train_3724.jpg,1e284d3fe5c0131fb4e3aa404d4ebdced7a1f2b045a7266309f145f167d5637a,1393969293131935
train_3725.jpg,135891f79a01b64570fe581eeca86b2a7ae7e41ee83be60959251a5031f66003,2e37256f1623b592
train_3726.jpg,0c0a931fc34dcdb7a8876e690b000d79d0ff84cdf87f7990da329d02ecbbdca0,dcccdcc88282e2a6
train_3727.jpg,4599352080d78181a9c0c19e92322a2762299c1936832060e95848e8580681d0,d4b4f4efefe97472
train_3728.jpg,d3245eaa4dabcff35f93c3876013241665d24cdb5362cb3065d8e81259a6e1a6,6565a59999998b0b
train_3729.jpg,3e774e23785d10ce8d1b647e7cefb78a230a639f5e5a669ec125e7f42e7a9bca,1f07171f0d1bb333
train_373.jpg,598801014dd1fc5646b2cf0e83aa2ea9e9a98bafcb90607d26ca93701bd93fae,2425ada58f8f0fc7
train_3730.jpg,9197454d2fe832d8c92d3f3130667c0ad32285851d4bdd9cdccb5972c49b04ad,685a5aefcdc54c08
train_3731.jpg,ab3544e4d10d3b5457eaec7c00df430ec8bb55cd404e6610e690b8c8727ac949,323233bb5b7268c3
train_3732.jpg,dbfb702f02438b391b9278c9e4c69c049f25c227c57bdcfcd95a0e634fd4546b,5203030514e30111
train_3733.jpg,77a034d36c9adf82452d48beb1a4d24714189306110dd2f3fc7e2dc726586483,36b3b6363515a523
train_3734.jpg,95447f20138233ace208e064b2bb66f132c576d8f91112c390d1d5bb36939eb2,3232321d31319122
train_3735.jpg,cce7663077a11962b30f62c39dd7a9da0260dc7db0092bdb332fe56e8f0c5614,3c3c1a3c3b33fefe
train_3736.jpg,cda26468941e6a3d6d2fd08190a336486eb0c39ce3559e2b92efafd7a116ab48,6f2b2331704b323a
train_3737.jpg,cca6e9e925213dddf7679531bba050dcab718246a801ad22ab39dfa2431f17d5,076624242c3c0c2c
train_3738.jpg,0b8bdc122ae77821a75e5e98164eea8769193b02e5827bb28f1aaed00b308467,fffffb73b335fae6
train_3739.jpg,c8eae041e0d681288af18e9887e7c146a248f441e08d88dd9e880ad99d229c51,040301080b8b495c
train_374.jpg,db7d9f850933e0b1d13ae84342485e82cf0a5754e28574ae0937ef492cbd3df7,0ecc4c4858789958
train_3740.jpg,5f6c0bea98edf59111c5fe24bb29b6e7bf5a94c224739dbc53a7d4582bc512b0,87cacacddad49c97
train_3741.jpg,81e372a6498d0ed2259bebb668c14081a9d8fad2f6c9cb9a76bb15d9dd1151d1,36b79d67c79b26cc
train_3742.jpg,b35d0cc561ec7644c42162381720740f974293c47f3cfe7a5d5cb6e2da0cdecf,8fc7e1d7da6161f0
train_3743.jpg,c6883dd9379e30c1f5628e2c9551a61bbc1697dd5cfc03f7289e690321247896,6e9e82c6ce19adad
train_3744.jpg,02f34b6571a1f6c80de142163236bd1ecfb7b9b40927a78d37acdd73f4644d4b,5f7f7fffffffff7f
train_3745.jpg,961e2ad995621d8dfa981370446b8cfc7bedfb49de154cdd62d28fa331aed721,67e63c59591b0327
train_3746.jpg,02da6e040a7befcdf4192273693f2ad043e84f0cc9c6a260d502f55d684677dd,fcf83939184878e0
train_3747.jpg,77b38a3f8bf679773f843728e36bd33df9b39591478a08a4c38307926e410b4d,d8681383465e8f31
train_3748.jpg,6ff0076c846d0b0055470ce2f36769a328895176adbd5718accc7715e7be2ffe,878784cd9490ab8b
train_3749.jpg,7c4e808241f57f21a3573c36e589c3ec8573f47effe5d7097720fdbfec58ea68,ece0f0f0ece9eaf6
train_375.jpg,e1d4240b049d047a30851aab3f9129faf53245cc28667e7892d3e1778a98f804,3d31272632333335
train_3750.jpg,2a9fb5161f696a257b2984a297c239185ec4102a46bef45878409beddf3eca4d,cc248d8d058bfaf1
train_3751.jpg,2f19f429f87e4bfef62a6defb20e56e0c5b639adbd0919971bcd4aac73b2e971,0b1bdb6bebe7edcd
train_3752.jpg,de12616358a54c72877ccb32ef14267c7bf58e4ccbbad735e39833ef2b7fa50f,30386c2c248c8115
train_3753.jpg,c33c41cd7d7e5d6451cab2bddb78626defd245d0cdb72d565cfdc229c373a76b,fec74a6464622727
train_3754.jpg,b0fa111532f71d04131c57da908787fc185d894645da5e2ae4932cbd2c663b0b,303a999897077313
train_3755.jpg,43eac5473b8745ad9b9c6b3384df6073b95973f9e79b7c4a0c443fde61cb2b98,1933232632323335
train_3756.jpg,59bfa07f002d63022aa3274217041500e8aa148815454c08c51e420a029642e2,4e4f4fcffffedbf8
train_3757.jpg,f7835882a010ee0a1eb0af3f3077b21ba116502b68b9aa4823c0a5380a3e1be6,73b39392cb2f7313
train_3758.jpg,e73056130bd4de1ecb45120adf56ec0d027cf559bba1c204e2df79dba202d8bb,17cfcdc9cbceafef
train_3759.jpg,113953d4baa6a3dd60df62b99f25c781719a34634ee2ffecce8d380156481031,07caca8d4a955dd7
train_376.jpg,a01c8858a6f33ef3ff3ecfd55dc317ab1ab94906e0b495254bf50e7159550aae,210701080b8b695e
train_3760.jpg,06bf713f86476bec3b2acdf002c448b2f17b2614164a55000f43601d9fd74c79,ec444837e0b0d8ec
train_3761.jpg,6949efaf2b54809194b01217a6ded010336fa9fb6d87e473da2353c93cb3df5e,b6be3e362bca8b30
train_3762.jpg,29e02cfea3e84e3d972db79616d5a625df4f713bf85fb1dd1f80ae4e0ebef342,73c9071379863a31
train_3763.jpg,53584214774907f0fef0eb691b406cd306231fb74fe6fcbcf1ef2f2525e34e89,4e4f4f4fdfbfdbb9
train_3764.jpg,086afeb3c93e28747296731347b8bb195fe13a75c3de1c5edeb17631cb3fb480,5e3f7ffffffffffc
train_3765.jpg,555b424a003b09f36a316f8b7a90b5b4fc3b3c23f771709e6d68224836306f52,8707070743c32301
train_3766.jpg,cf2c268f3745f41d45c6ab0f799a1e3c2261f111a441808387ba65318383b3f7,6246066733af3637
train_3767.jpg,4765889382d581542914feffc98e14a33fdefb5ccd723f5c863ed4d5fb41615a,333357175737173b
train_3768.jpg,4f844216ada4d1669dc8dacfc62e1a14839266e0ed414129f0b9965d7a3096c1,4e4f4fefdfffdbf8
train_3769.jpg,631537be164bfbe14491ebdebc749bfb15f73abb96bbd89bf7f49d90af49b152,6fcf8b97934b4e8f
train_377.jpg,f7bb9a8251544692e44ae5b301c7ff9fd426dd2824add6dd381b016eb9702d01,a4a0a1a9e9e53965
train_3770.jpg,fdf58f818a9d539e8ccf88453534db0f921d65a44ca60e4d86a2a5d8bca72ff4,e4e4e874e4945874
train_3771.jpg,a4cec8e8e9fe3685333ea180f21769a8212dd020767aa31a618ed2061dd35442,bfc7c4ccd4d38bda
train_3772.jpg,8540127d27394a2a062eb0a5c2bb93ead9c268facba08babb21cd2b3b69dbf79,3595e8e393592925
train_3773.jpg,565dd7fa26aed5d474e7d4417230a1d75754fb8669fb8c5387b6aeec76a3ecab,ea7ac2c24a1fadad
train_3774.jpg,ade2140cbe933ca5a935fe2e0fb14e56121a2e125065423dff06928faf13188a,79686c6c686c6c7c
train_3775.jpg,bbb42d1be90626d0c9dc906e8667cdc3735085b9e08ed5bf98e8cb5f686cb8e6,381b9b9e8f277313
train_3776.jpg,0613988922c3a2714ec378fd929e1c604d2f8213bf626ee968d9f472c515589c,83c1caa22362cb0d
train_3777.jpg,49a9f0da012fb58f2999d7314e3cb2712024ac2c5ba41a63d2d871b53a821f53,0726a686b4bc8c34
train_3778.jpg,24a761d18c1f9d73a3b9f54e434745220f424e9e19f56907700069afdc2c2874,dcccd0d0b2a2e2a6
train_3779.jpg,14ee7c4b3c861e48b07bcfb1a026f63f096b93788ca0439f057f6e22f83614fe,d8d8d8d8d8d89039
train_378.jpg,1160dc5a37de9adbf784eb7ff4560a8c9cc9029fe29f371ce8786c5571c96c5c,06070706060f0707
train_3780.jpg,53cb747c3969f8d62a28a78d384137331728e6fd411174c4033dacb8aaaa38c9,6c6c69686c7c7c3d
train_3781.jpg,ed7b3a29374f97062265f0ac07387c461ac0c524501f4480f5f10207fb3235ad,d4248d8d058bfaf1
train_3782.jpg,f2969993370c5f294c4aeb8f390d7e3f47199c65178d9534a31f04bbe0021310,c6c0ca4d4cccf0fc
train_3783.jpg,2aff1f1fdb47e0deb45cc72f2684778697ff79cb4745b85ebcc240ba9be63a6a,ec4c4c4c4c0f0d2c
train_3784.jpg,88e00d7dc078a78658c10a10d3d0abe0afe0d8aa2e5b8e673ce3d79b94dce50e,21a30f1e9e929289
train_3785.jpg,b83caa7f2b361a90cb3525d87393ea067aacbfc2159247b98f82175bbf82254b,71c9071379863231
train_3786.jpg,63543a9f435115b0a78051f7b5d26c71e76585b7e6d9a01b4ba9fff058f14725,ce6f4f4fde9edfd9
train_3787.jpg,4040bebe34b3515c9507ab4d0ef2b2b2d4aee97244085f2ffb3d65b18fc28e80,070f27031a928e86
train_3788.jpg,cdb8cc8c1e7f4b8affac50b4e03c0a927b7c2ea9448b28d8ad3cc2bc269b57b9,0f0c333373b83033
train_3789.jpg,b5ed6f4c724cad41b36d4e9d3a9f6441407a043104fbffeae7274e523feba217,6a58caca4b1dadad
train_379.jpg,cb5e1ee82a69061fc5c2154c2460f7b0e1f8468f979ea1da90f26fa42c94c53f,060f070b2b1a1c04
train_3790.jpg,cfcb8dfb2bd0e59c2b2c81f09edc5d92cb6b57c8e41e5ba539d8e0bc8f11b67d,919198989898a191
train_3791.jpg,9b424b4ecae67bfafb2d56be4dcb6710d245019a28f4c9b7a8d1d61c44988729,c3c1c141e1e1e181
train_3792.jpg,c0b0d92ba16011cd5ff788c4722bc08bea2956393be040b6c9babed0e13837c3,7f7f3fcf0f2f4042
train_3793.jpg,8834f533d7891b469e3d2b508d450ea5793903844bb1947dd722c76ac75f91f1,3e2b1b1f1b3b3b3b
train_3794.jpg,28ed2a7e682b0cc0df270635f76d59008096e93d090f24bb841f919fc92572a8,35e724a40c0e26c9
train_3795.jpg,6de775cb85faf94b0fae287b13cab6807492bb136de95ab048416f9f7a1d1f30,bfa8aaa9b994868f
train_3796.jpg,3f661a9ebfe166a4770fcc8575cd01336ab2f6d014bcd1af1ebbe76d7dc0adc7,f0e36bd3739b9beb
train_3797.jpg,4a0f419968ad1b2a8233c8c2395abdd991543915df948bd90b8a8e0920d46c26,000301080b8b695c
train_3798.jpg,66f0da2eae736f28aab75e3e8d6d03e94ae3bbef7844c38b667a95207fc6928f,c8cece46cc2cc3c2
train_3799.jpg,308a6023ae5cf6f3d3afbd1f39af114380b4664908a5657c9162edea88ed8347,c6c7c6c6c687c7c7
train_38.jpg,1fef80faa4b117766db0d6fcedeffb11e13b56d5f2b60c19f23a65adb5ca2451,1c6d71cd17349dcc
train_380.jpg,92a5217279410a793e1631e8cf8746c03112b7fbb0eaeed3248afbc1df4d9b4d,6e75736366512692
train_3800.jpg,e6e76ba5d344f986056aebf8e2531ed7e54d244f74434e604231b4fa8df55a03,19496bebe7e5cdcd
train_3801.jpg,a3abcb2cc94296dc63695c42b7472f7edc64f6080ca2eee4c8a66d370f674ecf,33331b4bebe3edcd
train_3802.jpg,e4e56bb32e99080dfb9ad53c4cb82cdd1487b7de696d448f450243547e7c1233,f0601383465e8f31
train_3803.jpg,3d481965af9ddb8989d600c3dcd715e71fb89699794c8c0442c8bc5f577e4e3d,267072587c3c3a3e
train_3804.jpg,470681f31e6bf4edcdba6deb918f5a99a14bf4ccb55eba2e2ccbf885cbb046d2,9198193c149686ac
train_3805.jpg,8dec70e7c72f84c0ee64f388a1c33ed0542d3744e52ca71a9d12bce151180db9,070f0b0f1f1f2e6c
train_3806.jpg,30153d645bf541b98cdc06ecc36c799b612558a4bcf5bd108cf0cb4de7540907,c1e3e27878d09c7c
train_3807.jpg,fed5b12eedecd0c0ddad6e7d398efdbc7d768ae3cf06f0b062af63f310148ca5,5f4d4f8f0d07890d
train_3808.jpg,10f9e7ba76985650d458b7044ad5c7bcf0a54eb0da5ccfd4a12b4ded52c59f9d,a7b7bfcf1f5e131b
train_3809.jpg,5b0cbc6164af9ce2ebe6efaca0e6aba71a2b506130a8e0f991e132246533baa0,04040e276773991b
train_381.jpg,991a4f38ea91c0827908038e1c640213541db190d791636b2bd3520cfb4dd1f5,df9e1626661d9d8e
train_3810.jpg,8e98d834f4894a35a52bf832ee47b833dbb429026cc832a69c466beba0c45bfa,0593129212080508
train_3811.jpg,fef08d4b0d6925cbae5d62b72a8fc67aea49a1c15ef84fdd0a024bf765c70831,7173e1e1e16269eb
train_3812.jpg,b0c7d2cd911d5b17173c3aba1279879f5a801ab28c0d955d97a7d03532f810ce,868fc7969c8c0a13
train_3813.jpg,c6b5afc2c1baf462b32155cb6b8d5319f6c4a06aa6025b39d8c34a155a50a79f,8707674f5cb7ffff
train_3814.jpg,b2e0f87a6963cb3a44c76214808e4d610b59d4e34a1a6bf69f48a9903287735f,c7ceccccd0cb8bf0
train_3815.jpg,b52a78598705b8c75c95afe386edb01dcb077c4314830bc9a72fcf74e7b568b6,b29b97931b237364
train_3816.jpg,f85bba3c62b559abb907f73d6a1b0d6e161322f45ef9b7aca59f730a241465e5,38732f8b13cb63f3
train_3817.jpg,548e51aa08f8cbef29c91905c01de563a2d01fc577ce7cf8ef010ba3badce4c0,01000106c696926a
train_3818.jpg,5e47f8917c056aad530e4fdb766c238e056cfe725f4d3cefa9554816b0a79faa,963612a686a6060e
train_3819.jpg,53788283b26cfeabc618e03a140e1b0255a77dfdb875b1f7fa0cd9c797ff7b82,96968adb595b73db
train_382.jpg,0e43bb08393461950b21372dc6fbb821b8ac96ee7499e6ebe4693169fb875118,32c2e2e6c282c5d4
train_3820.jpg,52cd6850f175f61c2ed92347a27390c24db69fb51bf9014ff9c14ae27344f4e8,040f0f0f25270f0e
train_3821.jpg,0480d1372a942c5306ffd59c05632bd60e5c015546df13682d402e5507707e25,6e8e86c6c61dadad
train_3822.jpg,abd43ed19490abe04c6a04d9def2baf53d714b66730cf5c4745e99110b37b3f0,4feffffffffffffc
train_3823.jpg,b4a6b26b5314bcdaa220726e9cf51772e74fea916c14b337c4e6ce76366913c0,0103b033330a3ab2
train_3824.jpg,318e01b501dc61a977419008e44acfc930d81ebdf7621a3cca41530ce4301f1a,c3e3e87870d09c79
train_3825.jpg,4773102789cfb4ca8cfec24e44925994c29c0a21996649cafaf7b405ac3813e8,149e0f9696363f2d
train_3826.jpg,1d54bf72d735a6ae64b4794c539c9e8b2e9d0f0e5b6d37e93cfd8a3e9f43626a,2de56f8d4d6df1ac
train_3827.jpg,ae587c2b8d9d9513a0d6a03d0cc3e95a85c2e770234642e4c13fa10325ff18c0,1e174747172f0f0f
train_3828.jpg,c85321bf9622891c46fd2ab166fc808ac77bf8d86a02e0e1e72885d66a227057,c62570991c914959
train_3829.jpg,a1f447138d1dcaa5c88fa0290755a2f84a34fe238e002f1631e00d79c8ff505e,c7cecedcd08b8bf9
train_383.jpg,791d1e6923f916bb53ac4cee5ab37485e97797eca8c96de0a68d7f6e7bb54651,636949494103a2c4
train_3830.jpg,98636d7a6e3778b555c40ed52a9b16c9bc52cc4232ba53537c6d9ea6f03803f1,0359c18d0c4e468c
train_3831.jpg,1891f83435bdeb67a84295df9d6c1426876f847ce991dcd587a0841eb6493ea5,a2b737374b333b3b
train_3832.jpg,69b6b750060460c19bd8c2af64b767414106eade8be771fe19d7dce882511009,3c0dc6a6b1f1b5a4
train_3833.jpg,e62259d9d5f237dc97d4c0e1f817ecc1b5be51028276f0b011231d505db4afd9,3bc696962726dc4e
train_3834.jpg,f07ead722842c6ef138566774413bf40c17dec310213784b6dfb6f5aa8bfb592,8e8733d598536a61
train_3835.jpg,2b5350973be9e2df791f992998e7b541228f18a29e0b7e30efccc2e10651ec40,3633363435150503
train_3836.jpg,2f449e9560b2e44e5e0f3532d24ab4e2465f33238930a118574c55e79915d056,9511cdc591dbda56
train_3837.jpg,d27f06209f14625346942a07a6696008bb3f4f1d788f3cb09d650cf7a9269ee7,0327b29296968e84
train_3838.jpg,ff6e3e6dd2920b9c0d0c6cb7d08fe3a2c8a71122804cb04928ef25ef1b2139d9,11d8c63373636371
train_3839.jpg,6fac4eafe25b747291e5344c411e2e6e42cd192166d509053ec0d5b4c0f69f79,f1d9c8c8c8d2e0b8
train_384.jpg,fdc7a0dc0f7242fa2c7cda5e81911aeef1f614176b63930ac7ca8aa6501d607a,07078686961e4e26
train_3840.jpg,b8d2f55406f609511230b7cf54e022b1680a9008c1594a5706d666de09d71a39,2434664ec2c2c9b4
train_3841.jpg,16ea99294499f3c9d30df9964ef65eeadea305d25e524eeecc2d298a7af2fab4,2d2f0f3f3f3f1f1f
train_3842.jpg,105edd161718db968605efa26968c672082ed81337dd426d5ffcc9ff0ef81677,607053c6c6e6e6e4
train_3843.jpg,e05a96b9dda16a8290737fee73e24cebb6f4cc3a09f5d870516df9760bf7c6f4,fb9b9292c3677316
train_3844.jpg,36c9ab5a40e0cb78c5ef377661d6edf05eff74c5ece34bb09cefdb7e219fc79b,75cd6d4d4b6ab696
train_3845.jpg,8e5fa76ce33df931780e9c289eca50f2a89a147f85b16189706f7eb8d633051e,b28bd5933b233334
train_3846.jpg,928aa8b23bf07c267bd832a5bb04fda878537d45e68a57f5316f8de377f8e81c,f564341833734993
train_3847.jpg,1e6891b809642e422ae36c9412b7709531344f2ab8f947a3826920ee0864e1e3,9b1b27071919795c
train_3848.jpg,47828a30665b66c44acf52ca47b14b9e9310fffd1b1506b31348a7e45863f76f,75cdedddfafaf2d4
train_3849.jpg,aa1e9d0589e1592d07aea20a4a097891eaedaaa3ab0e59d26439ba30e401b62c,0e1e3c3424024451
train_385.jpg,67346f5d1dd5221baad5fb110965b0e14db7bc95c58f3399c505c01bcfbe4138,060f070b2b1a1c04
train_3850.jpg,c6b5bcad9b14d3391e6a7ec349deba7c74c28078e97e18380e32e8d0f2e23702,763600021e1c0c4e
train_3851.jpg,afa4e2001375616630ea9d91e80af2eaf00abbe212fce3887b1896c68c272940,178dcdc9c9ce8fff
train_3852.jpg,6e4a62993ae4351df0a9021332527e25dca0f352ab2b548651b1c74c17d2e054,04270f0f272f0f0e
train_3853.jpg,b7b00032f3e86fc5e3330d73935206d158d1c4f7ad7b4c459c049fbc44063b83,e16064ec64078732
train_3854.jpg,b6ab26f7cc0304d88c9a61834e04164b2269b97459220721ac187591e342d023,f3fb06060e8ccc8c
train_3855.jpg,3ac504016bb206cba37d44160f7ebcc3a0a15f6ed8c5015a87231b8f0eb528be,e2af8a98cb4f6313
train_3856.jpg,ed336d07147a32e6fe2262a4d68241226013ede1fa4a17ab0e00a36355c34cbe,707236e6f6fabebd
train_3857.jpg,c0f0dbd16e2299a3c9ce2b3c659c11c4a81722471c2bf449c5acf354dd48af4c,39cd0666523370e3
train_3858.jpg,333f77f54700678fc4f6dc10583f4c60fe32cc8106eb4689616709cea5c303ca,7f4d4d4d4beab696
train_3859.jpg,fdd7f12d47452834748619b66d77275126d04be1b884d5093771bdc6ab85b184,6ce6c6e6a40d5d8e
train_386.jpg,61dedc675498c4cde3c71d707dfb95a097625495e68d6587226d03bcfbb68989,ece8f8f4fcccdadb
train_3860.jpg,d556fbb441faedf72ced97298ce9e6d6df6a31604a935a04f10414db82131ef0,c1e5dbdbbb313933
train_3861.jpg,c6a05d34c1d5ee02f283398b6393e74919e9e6a37867cb898c0f661a361478d8,fcfc39399c486870
train_3862.jpg,8d0351cfbc3a03256ef81aac7b3ae5f2c3b19fe63903e51326d09a945f2b90b3,39fd26243637f0f3
train_3863.jpg,75604af23c880602b50dfffaae1761eddcda5265ccb6f09e7b427ec4e652ff90,d30f0f17361c3437
train_3864.jpg,4da571a68c266f17737a63c8e48a7770cca7d23c19bac875efefbc3d43659b0e,b3338f6ebbb1392c
train_3865.jpg,0f73fc4edebe71c4a43291e5b81bb48136bb665402821133257a0097e62cb7df,929331b31b155a52
train_3866.jpg,96308fef8d57b8b5f23b22feade47f2da5ef7464635522c2c2272b0640c1f05a,c3060489a7079fbd
train_3867.jpg,91f2bd09cc8b80525a0846bbc03276548807b7fa6cf844c84fd3d6487d1e8597,74b624b666754d8e
train_3868.jpg,9df335471027ca669a56df16e3a3f7dc2c717c1c3cc4496783e03aa9dc1489ce,87071f0703832321
train_3869.jpg,fe9ccb25d2a3606b312986caca4e586c056dde6d0ac92436479305a25151c3e1,1d8f93939391d38d
train_387.jpg,bdc17ff1bc7ec657bd3349fc82310daa5b350a91c81eb86e121d2344f9e6f95c,09694ccc849291a1
train_3870.jpg,89c181d0097d48bddc00f39df7e1c18925a8d44d9f7f0606498e446f03058b5e,0c1e0cc4c0c00242
train_3871.jpg,654e27cfe0b190e81a559a42d43da4f10ad071b19ff1b2f25541170cd804fed5,dcece4cb4f4c0e7e
train_3872.jpg,88ae3f66a5c992bf801c729be82c90b3f083c3fed613031da6b0db8a0806ae81,40399fb33312966b
train_3873.jpg,8b3c999ddd412c78d61459ae6d7817455e13b22a3a51a101cd3c863f01c1fe91,6173f3e3e3c1c1b0
train_3874.jpg,e18ef86c27079c2cc06b843ee7cb55457d5a7c553c4dd45ef8c8a803b3027c08,4fcd09191343633b
train_3875.jpg,ca40c4e5447587ced5c9af2e563ac96b22de4b7aeee08a2abddee8fca7767e2a,3d31333333323337
train_3876.jpg,365ab2da047967f22167917480a5eb27982a69fdf1589c4dae1568e681b7e6a1,4e6f6fefffffdbf9
train_3877.jpg,0ce2d33d97aa06385ed3e47a99959c65cdc079f2ff5db295b9373f19fc58fa56,0103030907fc7551
train_3878.jpg,a235f01ea28ed4f9cc4d980595f52782395aa9df21eb448f8bcfb26820260a7a,1e969d1c0c0c0c0d
train_3879.jpg,2879cb879563428813fb889fd4b8604f61f801cec235951a674ac27d01abd2a1,999898d8d898b091
train_388.jpg,3f6a4618e3459b6a0acf43dee333f1a0b7779b6eb03ef71534d991a2b5ce9235,3f391c42a5dc1fbf
train_3880.jpg,edf4f4dd4fd68965bdf962eb6b7d8e21e06391b750e3598ba696c098a092d9f2,d4b4d1c7acbc3430
train_3881.jpg,f1ab855f470f9b9afcce6d1d05f7136efae42904f56aedd310f5e3bc99701096,270f2b113c29391e
train_3882.jpg,bdc292044e223fc76cddd09af0a24633e91d3a549bbf8e7a715b0170e1813f57,9e1636a686a6860e
train_3883.jpg,4ccad7d87df31bf2a8442f347c4d2fd8e6bbfc36c9712edea74b809c02360923,323b3a98db0f6333
train_3884.jpg,324da013a40ac03d874061bfc1af3edb9a7cbe3f10404467ec97a6052c362866,3232321939319122
train_3885.jpg,515ef9a805b1f16dc94bbdd3154a9a8a66468da92eec25b99904da14f3d7888b,8c0c04060f0f0f06
train_3886.jpg,04c3e7950f9c6cfb583dcdbee22e180dc3e90f8309782147251ce121e78a5411,73606464647c2e4f
train_3887.jpg,e2aa966e74bb6940900accd493738e43366345919c9e13c973db9a99c2a834ef,2f292360da47643c
train_3888.jpg,f794b5387062f93eba5b5d42d28df1bd7a61eededfbe0faeb027d6533d0f9ae1,e8a8898f0f1b0a1e
train_3889.jpg,9842c306dc8f8c45758cd1d6958ff31a6bdd42b4ae26f16c47c3216225f0caf4,3d31333232333337
train_389.jpg,9286bf892590d568b3a37dc4de85570401fe8921554e9e949992f8733eee1814,ec4c4c4c4c4d0d2c
train_3890.jpg,d83059a8d48b1d5983d0446d47c4dca71feba2e998331e00e24228b57a254e20,470f0b3b7b323c0e
train_3891.jpg,742c14b2c342c1f9a9d431913618143644f5e37729b2157590e3edb4cce0697a,01b03333b6d33773
train_3892.jpg,52a5fc11146bf981e5e22c09b6b4fc3ceea553e472dad12d0a163d239f8ee73a,333357375737173b
train_3893.jpg,9b407290125be24dfa33bc85e14a57a6a3e6446ac1b088eead1f7d2817d45108,c30705c9a7079fbd
train_3894.jpg,5078dd4bef02c32573d0e95ac10f8f5cd8a9c1eacc6d2ae126a08c6201f50f82,e27616578c0f5592
train_3895.jpg,03d899590c1321c8808798fb6c0c8be2742761f6d32927ff27ba5bf3f12cb3b9,199999998b898989
train_3896.jpg,cb13d4bd0fbb2fe16f7103453171abd780690224b8bbe92af8f82f543c10e855,dbdbd9075b4f371f
train_3897.jpg,a19016cac6de12f037efa439d30994509ba4ac0901f9b9bf465d1440eab5fc1c,178fedc9cbc6afff
train_3898.jpg,9100aff2c2ef8c05f9cf455a74a967688182858e0051db8c018dbfef09dd51ae,991119cdf563599c
train_3899.jpg,58e59bc2fc716e1d8f31ee5c27c048b05951bc6f35c96401ab7ac3bac5874a06,82000413c31312e4
train_39.jpg,5d99fc8430e94ae1629d1584024835df946f54ff7b555d4853527524bfbcda07,e3c3c343636161c3
train_390.jpg,d8a9efcbcca89e578a581b4bb832e3422df645aae038d73cfe1bf0affab9be8c,cf8b0b2703d38e9d
train_3900.jpg,9a375bd7d2518d63ec8ec47853f9d4fc483d0bac2f776991532f9f003ea352b9,b133f3323930a7e2
train_3901.jpg,a85fa77f74a094205a5826d4dcc415ed28d3fd386453c37c7ccf2d50897b046a,ec454837e0b0d0cc
train_3902.jpg,4290754ee415667260bd416dd486e516359684ce68005a43b116145386962b4f,51f3f3e3e06a69eb
train_3903.jpg,4df6434d55d4763dbf930f958ca72b0281af616c600b221c1a40f4b3f4194198,2e26262507270b4b
train_3904.jpg,7576061152926715c8241acb6fa275cf9aa35eb7baac9849f706911826824160,6a3267f4f353b3bb
train_3905.jpg,fc1edee9668b90bee6f9c7f2cb6d25108fbf0f8450efcc41aa94a6f37c799a45,7b7f6fefd96d67f5
train_3906.jpg,955c7dfeb66000502f810c3ea9726633c31a897012551d86c21c84930a70f626,4e6f4fefdfffdff8
train_3907.jpg,c2875d866d4e9f60afe57320693db3d0a8358c74c266dc5032e7f1e67667d072,011b9f0fb1391819
train_3908.jpg,fc00020d91c41e778d80bc66914ea508c1cd699d3e3a4d0b277b844036df0398,1f3fa4242e7a6b73
train_3909.jpg,a706b96f92b809c78248ae9d94539e23c21d47e24598ae3d1ccf9f5a6ce8597b,3d33262632323335
train_391.jpg,15132324ecd2aeed61a2a9999e6fa4e0e57468bb8528360f967cdef9f6a7206c,c3c3436343516366
train_3910.jpg,c65d39992cda71f6b77b2d8997cb4c32fdfc76aa3a9900d54229d19edb993276,4343436343416363
train_3911.jpg,e196c2a4ca4b7487ad65ab9629d14fbcb7251a9e34159ae7e1fadf46afc5b692,d4a4e78ff4f47272
train_3912.jpg,3c6aceed4b7f886e4abb67506374a50f1091b934ea1d534508072f4065cd5ab5,69f3f3e3e07a59eb
train_3913.jpg,ee51f8a2b1eff79cd0738c0600723a86ee5d8147c15d3c48c2b7e1e81cec6f01,07cfc9ebcbc62cff
train_3914.jpg,a48f70e1980b7d385b986c46c5003854cf29cc3c9273c7f80a65f02f320d08c1,8193d1c9cbcfc6d2
train_3915.jpg,f54172fe99885fe758ed5bc01f98b2ee5b868820acbb766e8e681a4585ca8d08,6766a7878783930b
train_3916.jpg,2931222a190085457f6a05de6287adf9f41bf2312ce04759ab00ae46ead275b0,291b1b19191938d0
train_3917.jpg,6b9cb5ca8793cb2c056e8561e64418ab5b2702b91e08e1c90e3dc03eef555188,4b0b6a481e3a0b0f
train_3918.jpg,40c89c399bbd5d35ce8a99d2373ceed0a81a51ca5da1e38316456ccdba0e4288,088180a15af1a4a5
train_3919.jpg,d1416345a31873c1b49db902a3f5a0b3caa55ace23afe1dc1f01bf339cb942c0,82000413c31312c4
train_392.jpg,f3c9e6e1e06aef60d1975506f21e3a26447511e302c2069ebd5f70afefb6a3eb,71c9071379863232
train_3920.jpg,f96fd6ffc394b5e5906747052d52d26d0c5c64d475f94aa8c39f14e8c1a69d89,ef2f0f0d0d0f1f1f
train_3921.jpg,3b1cfd42562c386c4f342fd7893dad7acb030c98f27cfd6cb24c4fa0e964c4d9,c3e3c3c3c3e361c3
train_3922.jpg,a427b47f04d79ea2c5a143dd0680c12165b7574327636c764b74331428f83e74,5c04068ed2147879
train_3923.jpg,ac524137bdb55a0ef49a237207a071d343884b2f65e843f9ee91acced9692df9,9ecd4d0e8e0ca68c
train_3924.jpg,8d3e88a3c6c9ddad135b6924b1cc55cf860df3c2fbe0f5998b96f7811eb11b07,6f4f49494d4d0c52
train_3925.jpg,791a043ebb6573be06932d6d0716f78fee90d4a33195f75b3898f93d984e264f,85968e0f372f0f1f
train_3926.jpg,3ed8721603aeea1887bb0a5d180167b408cf507e63805ebbd1660009ea312565,078b9a9a87878599
train_3927.jpg,646373b7c688a00493b8293ea04c75ab6c1bdb49f7be7c91f19a7fea77b81636,23254f6fedcccd8d
train_3928.jpg,f7a61b2740e0766743180662f1801b9da67887c1ac30ed7dfc4ce5afdcc66b0c,5f3e2cdc9523da55
train_3929.jpg,fed4534b83b55bf943d2196396232501fecef71e0495681518dbe4644a69634b,99090d0d254d4854
train_393.jpg,7b7736fdf025e4a684580b14ccc55cdacfee5d5252302b3a5e82a36d04549419,3232321d3b319126
train_3930.jpg,c783a25db547431c7f9a4d0654b6dc55e6dbfe406b8727aa46863d03b5ee5a59,a5248c8fb36b4f1f
train_3931.jpg,c91aba23deb8d3d7fcdae5194bfa56214950683ac1038c91a63305efafc3cd70,ebabdad3c3677396
train_3932.jpg,0092c958672895f276fbedb693149557c748e92120aec447b372cd84239f6e37,63f2a4075e171060
train_3933.jpg,4eda1917c4fd21f9d8e035a402812f26afa8e8f42066504bda507af7bfe75824,95a18383d3994f6b
train_3934.jpg,76556798e2d6ef7b955f249cda9d57b33cc8b85d609e832ae1a4b94c53a7a4b7,4f4d0d0d4d4e4f6f
train_3935.jpg,ae9514da8ca9a7219e2f18e1c4a58a538a237f5a15458396499c07b7ca5d131f,4e4d4fcfffbedbb8
train_3936.jpg,533f26ebc5e4692d582c4de46de14550f2dc1364b7a680692ff5749133790f73,81acc5c9c94d2f2b
train_3937.jpg,b8e39bff73fbf0b7bdeb237fd629f52071cbc291f842e2cff2b89ddbb02baeae,933320a36c747946
train_3938.jpg,e51fd4f38894dd87cda5f5bb116511734b358067750fe57c36635d682e7addaa,55979b8baf781137
train_3939.jpg,a51a841ff55c4012bdab1caa03e94cf519ee03503921fd0d88604c146083832f,6f4b4949454d0c52
train_394.jpg,c9e51a2253ec414bae57f47f50d19ffa671b4bb74b6097d972d7aa1db7e38f1a,e0f0c0c4c0c00242
train_3940.jpg,c1abd551462907ac95c2740e9e1d5791d5f3870023156b5ae1d9c381ad836091,cac0c03333632335
train_3941.jpg,a293084195badc91ae2674d7ed4ef981a81e631fe377a6080b0744b8156bd30d,f2d9c9ccd8e2f058
train_3942.jpg,1cfcb5883375542d70f4d16c8e9c2ea86b8ad41981cc11f6403e12a9000f798e,7f7f3fcf0f2f5842
train_3943.jpg,1a0a49145e266dc40a2703a52a25e4e95021d96fed73451048bf3915ffcbf32d,7f7f7f7333373aa2
train_3944.jpg,67f029597965864d31e0b948c3c2cbb847c7a97eeed258fa7cff58294390bb83,ccec6463670c4e1e
train_3945.jpg,06800beb65d138c72bebdf692f5c2ed07db669e0d363f85899a94801f5788aab,07cfcdc9cbc6affd
train_3946.jpg,d223481682cff8b7c722002cec9db75a07691edded2b7248e043c5a79133d900,070713935303030c
train_3947.jpg,1834ee85a75b8e40c7dc81951d8c9701d2178f6a832e8f4c1361506c489705c1,464f4e4e0e070e16
train_3948.jpg,009e1fdd7bc2df1e0ceeba2bce7fc5f917e7bc59665dc313f7c8c73b02100e3e,a5248c8db36b4f1f
train_3949.jpg,20c6803706a51987d86635918efb77a269539340e854175376b28feac2cf8709,3333f9e97cccde9e
train_395.jpg,b3374ae1d4a45c12768c172435371d86c8e769063cf420c96731e39dd6a64ff4,3d4d9d99c9c79ff6
train_3950.jpg,ca436e669e282ba4f0c8d1a07f77843591827ed7d55958b5ff19af801288da6a,070f27031a928e86
train_3951.jpg,3ff3652aaf316bf497bcdffe32d2fe3a5d0dc69e4a24fdd7772af8b18267674a,333353375737173b
train_3952.jpg,d79d775f5ebc3be89a0099ea192a3f1d36d8b8532ebf8581f97f47ccd887675c,c3c3436343516366
train_3953.jpg,e63a181dd2c05331c4233654901cfe8021b4412a4eece198168a32375a449a4a,060f070b2b1a1c04
train_3954.jpg,32b939c1ea428fe6e8d47e8ae1ab2361ff15d40f549916c7b5c9365807732f7b,786e979b4f3919d8
train_3955.jpg,3e0e5ed85d570996838089b26516738809c426b108cd71b0aaa299ca63b26c87,060f0f0b2b1a1c04
train_3956.jpg,02c5f8217b1e63bb2d551513465667c421ba2290482b1ef5e4716036218f0d56,9eccce341598191c
train_3957.jpg,83073ed532bd5b46d06f05353f936392315dd7f1c61e4ad88561ca8678e5b023,0965b735e7c60e66
train_3958.jpg,43cffd44604b8a9e5ddbdd877cd7a828fda8faccc7766238fb691748114639b9,333357375737173b
train_3959.jpg,cfd986708072dfe1a24a0f77e28256a403a5fb3538c78510a34507e671406582,01170c19382b3338
train_396.jpg,4c751196a97791ec7e2ccda212922ce0d37fa782024d17b98f77001e65f068fe,ec444837e0b0d8cc
train_3960.jpg,e4bd67b75f4c77fff8989b5faf21c7dcb6bc9a180b33d3eb681cd50aed396151,0d4d6d2dc9d91dd5
train_3961.jpg,5da1762028b7b60bbd8b041fcbffe169d8d2e9fc6167e9ad00e192341fcb1d9d,3230382d2c248c81
train_3962.jpg,362d0492be808dfc2e5d345a5d69307733d9fbbd99d22427210c10341dd60635,ce9e9f2f23128d8f
train_3963.jpg,1f942bcbabfc6e0c239def99bb82dd11f9f25fa61e21858650eb0aa2ad4c5da2,2d69644c549099a1
train_3964.jpg,0a221c5a9a0b4750344d2e37aed8d7ee2a3a0daf43f10f9230f119ac0941059e,c343436343516363
train_3965.jpg,3a36d293a8fd83b22c14e01758dbef176d6662fa102887f4891f8f8b74b2f26e,00000106c616926c
train_3966.jpg,c79ee691f67d465173cc0258d354c550db941d7bb29ecba4b89babfb0fbe782d,4e4f4f4ffffedbf8
train_3967.jpg,0c68705862b023a377ac626e68a2a38e6df72020dbef63d52cf6e3db000a3a79,8503c9818d49468d
train_3968.jpg,a61260bc9a4a56c059ca2824706f35456a77a841ebd8d8cb703bdfc04adeda55,333353375737173b
train_3969.jpg,0df65a8436ee06ccb3f9b75e29a6027e7163b0cb047bd3144ba5d8ac7c5ab557,717995d3632d7d2d
train_397.jpg,c8d3e7648f11219bee5c611637e7e1d925928658b17e3252c8dfce1616e58847,6c6c69686c7c7c7d
train_3970.jpg,76b95b5086c03fafafe41ae8975c20a2cda930a4ca5145f32d935b3e951664dd,07070f1b9b03030c
train_3971.jpg,0e2bb0b47d3adb444d4dd3abd0bbdb194518711ab095b04b2fbc0e08ea4200b7,1f4e0e9b9c8c8d2d
train_3972.jpg,beb45ede9da848e49f89005d4e4213e1c1a4ac87f8e822cd323e855d7f5dc367,17cfcde9c6c6affe
train_3973.jpg,09f44a11ff3004cb62f2569f4da286a416a758970bf4bdc5aa9fefd44e88c04f,bfa8aaa9b994868f
train_3974.jpg,79c0c3ec915d98d629707a94a43312550ef8b754f8e07b5d3d94376e483e8fa7,a4a0a0b9e9e13165
train_3975.jpg,8797fa96936a53dbcb55eec2995003d2befbf73561cf2303c5279df9df956258,75cd6d4d4b6a3696
train_3976.jpg,2c08f051aa15e76a7f3b8b19093e9bdc965b551a9c0b958ae61124f3c8272e4c,36b3b6343515a523
train_3977.jpg,7bd70de1ad7518d0a73a1b4e77a9124a738c9d3799110ae75465bf8232a54001,c8d0555c1951b2e2
train_3978.jpg,fa1248bb59d677539bac721afd4e1d143546325613704737adc76c9ffa12ff29,dada9d9292193812
train_3979.jpg,55335fa31269e85dbfc587a666458993728394fe107eedc279c64685cf219682,0f0f0b0f1f1b2e68
train_398.jpg,350a36d6418ce77b593a89784b0d0ae7cae45998f7c4e9e7047f447be3c1734f,4f0d2d0d4d0f2f2f
train_3980.jpg,eadc494f7f20b0e447047f69391f2a432972dd5da743c70652d6530c2b50ece2,c6e4e4e4ccd65610
train_3981.jpg,4afc2c1fdb326338e7af812086ef09e059e6505461d70e9b86764a2e27d4c2fe,6b89a55547893c6c
train_3982.jpg,68c2699f428764a7ec463ea3aece8eca87d5daa5bd3e463e5b051152c5c45042,b1b6b4d4d9cace68
train_3983.jpg,df63210188ac9992b0e8bda8e3b4403c42b30689de4bfed185abf4b91494e274,0d0e8d17164b4b41
train_3984.jpg,b2f2f3892d43b5d566c1fd2df18457552ff9201d2dd1e6a5559d5181cd4e8eef,b29397931b2b3334
train_3985.jpg,1f2b2d1c3f5fb632229f1f031a63b2d9169f1126c0eb8ee29bf2cc41a9a92303,6e6e6d8f1a125379
train_3986.jpg,72bb18139759834e1c0a3d7f67d7962847989755456e0fb8f4b4465774b977e6,01000106c616926c
train_3987.jpg,b2979413e0dc30f483b70cdfa7ad58deba3a6d5f8761828b031629a2432a079d,8f878f87cf8f0fcf
train_3988.jpg,c6fd23519641974529019a8120a19049f2f5e76621313db21717a5dd25ca613c,28e163ed2c69f8ac
train_3989.jpg,30cdad4518c3b6d706ce97d865ccc933c20b81c01968dc4c6fab9e702fffeb76,3f0f132d5f333f4f
train_399.jpg,2e33a0f9673edf6aee57b226302e01892f8d9da85974db19f9a5956bf5377599,0d1e8d17164b1b13
train_3990.jpg,fe3994d112b0ace6153fd99bfef97995b6f94f3ad813db281ca98d4fd8b6fe75,6d6e6e2e3f3f2f0f
train_3991.jpg,75c101e611f613f52cf93eae53676740b1140f0435d19864e7ecd59bbeef7bb8,93131ea633191893
train_3992.jpg,4b999c478c020894c8b0ea8d008d367db7b40014d287980572684224cafc27aa,3f3f3f3333171a96
train_3993.jpg,fc9cb83fcf1e827edc896c29c7589b0ebbacac638952c09340ec82edfc7aca28,3232321d33319122
train_3994.jpg,612f02e9d757b2dd4e6b6329319f5886e36ea91ed9de9b9388d804ec67dd22f8,b7b7afcf1b5e131b
train_3995.jpg,40704ed60f30b9d58817f02d759ef71d4b601ac3dad55c2c6023efeb0dc8bef9,797c2d2d0c5925e3
train_3996.jpg,f38e00d4e829a351030fe8f32a3c863044f3a7d66529dfeb044521fc5c5b1ea6,09496bebe7e5edcd
train_3997.jpg,38ca9b1a8ed293c508685a3aa3bace9ccc274ff98d0e628d7a33d6dca7511c11,071f3e8b3c703233
train_3998.jpg,1f3a82de62fbafcab43f9fded3f35f125a85c0a416da91fb4343d58923330d03,199999998b8b998b
train_3999.jpg,fa26c48c2131d47ce949028756886fd82383fd4861e8d10b7e43a0ef61f57dfc,f4b4d8993c261949
train_4.jpg,b5b5e7ae9d3c47d5da1bcdec8f0cc924afbc043abf134f426f5f72ef9020e5f1,6d6d6e7171798f87
train_40.jpg,1683baba0727a8caba8df380ea91b178543204aa262c39947ed517159bf08418,7f7f7b7335317a22
train_400.jpg,d71d2cfbc7d97d78d462076422d19b6abccffaa2dfa64960c58799a8c3165d87,fcfc39399c486860
train_4000.jpg,4d7a651af7d3fb8cc2056ca37d178612f36019d93b2cea65f030b66a01b4b667,9a9a46cf1f7b9b3f
train_4001.jpg,181f8b3b60c19e69d6050b8e52f067da8d982c2d83db30a0b1a32cc44287406a,c343436343516366
train_4002.jpg,e369d762cdf7bf2f82c742a533ae5ea6780d29df8c8956fda9ae6ec3936eb63b,1c4dcd9d191a1e38
train_4003.jpg,8ae01df236e8139916943aa54318341160714cb80cc717b22393142442aa40c5,210701080b8b695e
train_4004.jpg,6b8e44a9675cc7b706b4daa204dc6825892f96842a92783a7d2d7053eaa2976c,ed7b8b93b3d35969
train_4005.jpg,52a8ee5d4fed6a3444038e9ec9d30ba772303b7a04452ce78dde2b4cabdeeded,c8cec6464c6cc342
train_4006.jpg,7d7e847a8ddca7c305b3b24cb51c42f1e6d829b86cd5e08b43e1757d79c9f7bd,4d4d8e2725e8a4af
train_4007.jpg,e1f38828f990a71c95e2850fcd946297084ce7f252f1f659e700e4a3faa6e379,3232321d3b319122
train_4008.jpg,b3ebe9174dc96257cbff6efbd7a1002c916621b936d7d2a6d5798fea2b494768,17070785860e9e86
train_4009.jpg,f851355ce30855fabd9772975cb9be4e3df8e3584550fdc5b26ea3faa86b6cfc,0c1c1c1c1b1b1a06
train_401.jpg,65f9f1803bb5caf3429679bd8c65a7d4fc7c8e92ecd2811b089adf534944cbff,e1e31393b3b39be3
train_4010.jpg,c1d4a4afef7c3bf50e95fe9e7dce666145daf80f6920e1611987e986c09c156b,4e6f6ffffffedbf9
train_4011.jpg,78e10f275dc97cfd735bde68d6a9fff70bb07e25b53e2363fc65c21637e85d4b,93c1c2688f9c1303
train_4012.jpg,b165657f8dda1ee8c0a206cd04c9fbe4fd3f61b50f33de1435ceaf2e99793f25,c6ccf0f0a0b47484
train_4013.jpg,04e0937b11d3bfbaa2a713e8c9f6ef45b2a55b74fcff03190cdce64c57892b01,d6248d8d0d8bfaf1
train_4014.jpg,9b39a24890a073a1fdd7864f80298d2218da412166fed9345cf608a8f002ccc3,c8f1e1a12c878f8e
train_4015.jpg,c3971fc93b2515a5601029a5d4468a76ae8b563d5515d4fa6fd027f5e53f9bd7,37a6663e6f6b73d3
train_4016.jpg,7ceab6e3ce59bddbb134cc8cb28f44014870c02eced359f7e27df289fc70ed93,03838eb7938c0889
train_4017.jpg,9346bb23189680e0e5f6857c097ed2d817e4bdf6f0de04d44b4b9a3b12b10b9d,c0c34351e1c28203
train_4018.jpg,8d3b53222e09d2b4f90f8c3cb837e40f4371baa168d4dbfc758f7eacfd84a716,c3c3c3c343e361c3
train_4019.jpg,0c0f1429c7376f4c8239c9b010532646150779ab5406d6506d8306ad722c8c4a,fcfc39391c587ce0
train_402.jpg,2efa38aa22349caa582f5cb3ac68742b77e03872bb9ac1a916502beb224fcbcb,b3f3d32627216271
train_4020.jpg,0b1e9ee9ac6b09f6b5ac01c1c4a987fc8bcf930a81da56f04a37e7d17b436698,252d4c4d8686cf86
train_4021.jpg,0c9b71568cfe3be3468ec276a4a8f3b18e550f2face44c46743e6990387c9b08,e062131310184893
train_4022.jpg,75df6499ae4a81d4cb0d68c612aae1cb763b9eaf09d18d0e72892390aa4196ee,dbdb73208d97b984
train_4023.jpg,fcfb8b6516fbd43625ded1a201e6df052959aa601c7bde5e203b3145931b8ae6,0fcfcb04c5646673
train_4024.jpg,e6e54eaae83ed25aaed0190f983a5d46302a677893f152ebe87ba54ca7a179ca,270b1923385b7334
train_4025.jpg,0f5bcc6446a2a13adc63566f0bf0b9843255d8f11d54e2208a1e235a315f81de,7f2d2d2d252d292c
train_4026.jpg,44be4521bf38aba6e91464566f4852d3eabf87056a977ff47111c9713ab71efd,bcf36669b0bf9f9e
train_4027.jpg,41a0575d31796a607537e5d8e87beb0eb41a0afbb81a6247797f14df547bedbe,01838f97d38e0c89
train_4028.jpg,01d46c918be62d17ece44680b62cb2c16ff7d866a4151687b4a6f89c99439f52,7f6d4d4d4b6ab696
train_4029.jpg,911c2078ab49127bc7cf6423f6fa19743e3bba8847531f16a38e3dd6f36eb2e9,032733232f4f0333
train_403.jpg,6c2d7416372bfce3e6060359829fc572ff015addb926bea28b23aa3a5f383a84,0f0717979b8b8f8e
train_4030.jpg,25b5d0fdb4d926adb5893b2e492d1a24a1c87e8ae0fe960966c93bfb8a518f92,868fc7969c9c0a13
train_4031.jpg,d53a3c253ff0fc1e7d26fd7187bacb4e9cbe5da782e270739f898a114e45e4c7,2b331b0f050d4f0f
train_4032.jpg,a304e77c5e00c0d6458e1ee28b703367f547c6190b06272aaab4d8a2931e0e4a,b2ab97933b233334
train_4033.jpg,100f9773b0b89e9a52ba1c75c9039483c6f7d65e3c5fe1b5171dcb372e475566,3323339bebd2b239
train_4034.jpg,4b5b2623d5e369a8d0e5ee96cc4d39753c8aad2d2ffbc5cda9293c08f22e603a,9f9d2c4e4f3d9d1c
train_4035.jpg,b83796bd33619bdf7002ce97906617300721de99d0a29a32ef4ebe1dbe84f159,3d07b19c1e170504
train_4036.jpg,3c8d12227ee9c36e2c62c085fbbad22dde063cb0aaaeebb63c634718574c3b26,332f0e1e1e072f6e
train_4037.jpg,85b2d17d4af314753835219624570faee1459aa04062e3eba9448c6b104256df,2f96662da787a60c
train_4038.jpg,a3d9a1af7cd210695281fce586225e1ab329218b3c0efe810a6b2207d7d8745e,419cd9d2850742c2
train_4039.jpg,a9099e884bea81c22302548938568222a17a00e99a70bd0d337b98c284d60fdb,356ec491b7253333
train_404.jpg,292bb2d307ed4e6bb00797d0268799ec7dfd70c8ec3cac8619d95fd25b9bb919,b173d3323930a7e2
train_4040.jpg,1951df4014017249516cb67f1740f7302a577f5f74599c3dab5d4176d27f930a,091527cb080b0734
train_4041.jpg,31df431a0cbae1c6a3dc75be50e73a4555a439588854a6f69c6a567a3a7a928c,961606070786060e
train_4042.jpg,bba77ea434c69e31f4694a0ed60d5796021762c571d859269fac99b17f525c18,ffff7b73b135fae6
train_4043.jpg,915b35381c57f066597b58ac2e06bfc2682b2a01ca0cde835c6f16558c72c382,5973e1d9d17271f3
train_4044.jpg,8288d4addd8081ec32ffb5a7bfd2933f1b48f7b7bf078d6c140df36318878288,c1e1ebe3efcac2e0
train_4045.jpg,0487ee3cd62345fdba9a6dc070ff832034d31aa77451a03bdcfaac8cc38f3b86,e3e3c36363616143
train_4046.jpg,ac1dd450ff78eda9f4a8f3760a7fca57c0b24e5258d421b65e3e545b1414af05,6ecb9a9ad3277313
train_4047.jpg,7b218fd17b5ebd09c369e1653bd898902c43f8ab29cf1d870ae4ae3f09253ad8,373f0f2519316d2d
train_4048.jpg,168d41ba6afead60d0dcc8235e268b5e4100b2e1ade472c6d1d27a3a3c87880d,070f1197c1c78701
train_4049.jpg,bbb38a3f9be86e35b3a62b1292d3ded22e152396d54f63c8b89a5eb8670bc5d3,7d2f1f18b191c107
train_405.jpg,21374100d07472f9efce5c796ecc816bf26f75b78c9bec310adb27407d524140,11094b4f4fcfd503
train_4050.jpg,60868815486428560d320d10a3ff629d451968028f9360fcac8400367c2a9c00,96064918183835bb
train_4051.jpg,9c64048ef7421617c8571ad192e96a4fb06d5f11d33ad237960d4355ff9e3850,950d0f6527019c9f
train_4052.jpg,c65d83f36054ae98cbe7047aa776736b70855d833634df5d0e728a3fd37e8a8b,c3e7c3c3c3e361c3
train_4053.jpg,2a3175ca99f84f37ef360dc7060ac2fd4b237c7da89aca8eb850fd2939382e94,906c34b4d4e4ccc8
train_4054.jpg,c899983fd93a6f682c937a4bf471603d00ba94922d27afdc21a1f9666271fe9f,65275492632d7d2d
train_4055.jpg,cf46060264071b2e2f164fa9580d5fa8ea32e803ff9d7ca5834ac2cd3011d038,8beb78181c07e332
train_4056.jpg,9bff391744ff094e2b0228ee9423f6f0d43d8d224a9438d13304893d666cc7a9,87071f0703832320
train_4057.jpg,3bf27a62cc61424fe4ae5af0b5b968f778fe16ca0ce0521196777971b7270964,5fdc7a6b357d5c19
train_4058.jpg,8a8c7508fc19fac4c0a894b309c4f6a16d189f5caf41586745bb25702ba87bb5,1b931b3392d20e1f
train_4059.jpg,a9b746cebdef476594868faea68182c279c747a5818be299cb53ec0723a813d1,262697b13996b6b9
train_406.jpg,ff50ee6f38120c7aa4e9d6c685ce04551f151641e2d27c4e497089a4edef8313,72138f2ebd991c2c
train_4060.jpg,7f36e875fb4c96b8413d0e5415d6f6f7e291d21a92e2f23297db04e5be50bf44,dfc75d175f4f271f
train_4061.jpg,24dd60e4c513844ad553f15c617d6125fbd5a72a65a58622e888dfcf7bf484c4,73272d2d2525292e
train_4062.jpg,5b39d2c917dc35c90bf588cc873d136dce6d6122c5906b8b95c711de4498e189,54140e1e7763191b
train_4063.jpg,39fb337ba0483009dcc8b7bbc9c9c5d54d8fbde606f46bd58311a67b23893550,464f4e4e0e070e16
train_4064.jpg,8ae2f163038f45a9a91db8e93a18b4164ea647a314ebe3c39365d30a0702fc80,4e6f6f7fffbfdbf9
train_4065.jpg,38f04e35394e22fda0903a4d5c24be1cd31a5e4f393ced4fabde82dd06f3f3e3,0cc0012d270788de
train_4066.jpg,0c3a9e509fc8a90f1c76bd7551f3efe8b8f169a04d51a011021294d78e2f81f2,9d9d991c3cf41a19
train_4067.jpg,d2a9b076278a083aa9861a45dfd42f29efb2df591b516f2995bdee046992f5d3,0306040c1c8e0c0c
train_4068.jpg,58fa23b77dae2361a1a24d2373cfa7446ae9495420e6e8c438f777548bba38fa,31031631614a3215
train_4069.jpg,c2711e75b9b315545d05c52339c1c5a225632f04b7bb9b920cdc1b0d4dda5e47,3f0f0719868f5b27
train_407.jpg,bbad787452b95f423a9356461790531b2d1813dcffe3fe65acaf75d0fbe27e46,6131785a191b236a
train_4070.jpg,10168ed633b2187575f3dbcfa8141dde7beaf0021d70dbfcc6d82fa3808fff9d,6ac282323232262c
train_4071.jpg,6bfab99f31912bd1072623827e83172dd3d91611684dc85161d0d8f25a66508a,6163e3e3e3c3c1f0
train_4072.jpg,26c68da144c861353d72fee40c24422f5b415f3d715b921ecebf7294d5ab7694,6434b0994c661929
train_4073.jpg,be73fba5f74c2826de8292514e9714897c35ff18f6d024bcb2cd69ad40ad9f69,c763672e1e59270d
train_4074.jpg,642d6dd0497dc3445d4e41ece9e01f5fff6eb34f0c1c513afd473a9a43a41210,062697b13996b6b9
train_4075.jpg,f8e7b2d6004ab2f6e76b0d462ae4f2f9323e6fe7200ea4ca44503e29b49fbb9f,7363cbc9c9000331
train_4076.jpg,fdf23e6584dff047c806f3a841568ad824a92ef86f52792125f6f654862424df,905406670e8e4d33
train_4077.jpg,3c9d82004beef14bd42218f5bd103c18fcb64ce22d2c0514bdec4fbef82df907,08114b4b4fcfc513
train_4078.jpg,af74f6e663df94660c2102577f1c045e3f5ece8411e552f1d19afc5549949c64,060f070b2b1a1c04
train_4079.jpg,c356427049629820f3f59a508bddab1fdc3ba1c6fe9943a82adefa752fdafc66,99994d0d254d4954
train_408.jpg,3d403af84eaf93edd65aedaef98f07f9bb68795d31275e8ae43737fbc6410da3,0008013131213bdf
train_4080.jpg,be6da50134880d377bbbbbcd472660109b0716f0ef58fe01f51238adb5807140,9f56929e9d39396c
train_4081.jpg,26d12a0a155a2a2b47d364311f7704c852b565d4af3fb8747035490d8e68966f,83178d11382b321c
train_4082.jpg,d7cc5967e591400db4b0cf7d323f0eefc5a2ee54cc54894be33402d346b5c458,17cfcdc9cfc7aeff
train_4083.jpg,159aef12c5ece40c15adbd488ee55647e50fbf321a1287ce262828599602f93f,d4a4ef8ffcfc7872
train_4084.jpg,e5cf6b22234d45da068530e5a9aef619ccfd7db72b4c63678a9d805dd121799b,c7ceccdcd08b8bf8
train_4085.jpg,3a432f1f7a548748f11998ac26ca164f307c13d6f8e5bee798c5c9d9a96423e0,ec454837e0b0d8ec
train_4086.jpg,6d5691a8b348f97711eaf7b138c0dc11a5d2b8623b8360a9d7ceae8694435943,e8e0f0f0ece9eef6
train_4087.jpg,a96467f0eb9d0e4bba0bde097940e0f2eb38e6247ab26cca75f8b3e53cc0d57f,6a7acaca4b1dadad
train_4088.jpg,133ca1b0b96a4d775335b0a8b004c7a0258db4519f0e57119e119a5f375ad00a,9fddcf8d0d07898c
train_4089.jpg,959f5e5faa644ff033e49b07a2365889059824d429554fbc1e4110c20a924cd4,772f2d2d2d2d6b2f
train_409.jpg,3f78d9dc9cfb85758bf78e4235256e4708fd4c69d1823c65491abc993c5296e9,7f4d4d4d4b6ab696
train_4090.jpg,0d30c1b0d3d05eb5b19fa726da8b4a86763d7dd6115a7a9d50f49d1d93c0e100,e3c3436363616143
train_4091.jpg,a9e7c3ee55f102a9a814209608e8e6d4d081bf4986364e713580f8d5bc3f9da4,204b472f6e0e0fe1
train_4092.jpg,639493279722ddaef82048bf695ec206efd269e96e8db76e554a75beb11ff4d9,65272b1b1b3b2b23
train_4093.jpg,72bdbc9041d52562d6954e2ecebe181b2e74587c6fc581a765bbe4fe491eb9c3,96d984cdc98746cf
train_4094.jpg,b7fac92dd5855b04d90e569aab377bd3aa527568a53f86a1c78b43cbbf054259,e3c3c343636161c3
train_4095.jpg,d2070975efd4dd2cc665e673d1aa82106712f06f43a1e1a93d1ecb7bb5b4cc9c,5c04068ed2145879
train_4096.jpg,b630e1107b8db43703ed0b76b9b0a5d1f399c806105ff2262d21734a46adb52b,f9b1656c65706064
train_4097.jpg,d347697ef4421bb90cab972f12e5063dcb519ecff4c7b1bf01f6446d332335f9,1c333aaae050f0a2
train_4098.jpg,35b6ff47d4f1e195ab58cb85135516278aaec261a059641ab4e0ecd6073f78be,3205aaceb7696c69
train_4099.jpg,ec912873e4cbd2ed3ebbbe1fdd5c38e9b636f67931f672ae00c75c0f0c07f202,038fdfbaf2e1c58d
train_41.jpg,452fb7a624deedc802a56056bf5e3403773e6b4c0890cdcc5036b6d894a406c4,1c333aeae052f0a2
train_410.jpg,688a7e392674609554f900dd97b455be9467776544d54ce5cbf4cfc289545719,088c8d8da5a7a1aa
train_4100.jpg,1eabbcd77ce5ffd62beeeac4adb3785fa3c14fefbb78332999ff588cbf22e613,c7c6c6c7c78747c7
train_4101.jpg,373890825186b460580485c2fdb693705d4f35c7c22c3a123708acef670baec4,060f070b2b1a1c04
train_4102.jpg,32ba8b38eb84cf3bd85d727fa109066c25fb93098b3ca991a8aa1fc3ff50e694,b33323a32312334c
train_4103.jpg,49e29bd734d6027fb17d30a17a806d88cac52453ae551bfbd89b315721fe54f3,4f4d1e12524b0b17
train_4104.jpg,2470e678bfdc8788a44eeef0fc1435dfa59d721af5ab5593d7296e5ffd99b07e,808008602421c02c
train_4105.jpg,ae77b2aa94b5333631710ff497845fcc84a1be1d4fd0a8436e2da0a748d7ee91,373f4d8f3717466f
train_4106.jpg,a735e294e5db24ad94b134ce046bef2b5e757c5c0562eb6c1638837225d11abb,9113938762a93965
train_4107.jpg,fc31d70636fb3e1b8b73afaa268287dc951fee3b7b7c30e8f6b23d0f291566a6,6c0d4d6df53525e4
train_4108.jpg,bea1ec56a2e23db931887ee9fbc328ae7fa91470cab3339aa9feadcac4a8aae2,8c2105094d098d84
train_4109.jpg,562c8f62f272f3ff8007379c41518b822365668eb2171129815e6a3d88a4cc64,e062131310184813
train_411.jpg,0eb8de849b51ee3d3e43bb4833cbfe1a4abba04846c3f6776601179bc3973423,7ece4c4c50caca62
train_4110.jpg,2119b465b984a6f519e51974f810d64585d957e2a3a7a4fc6617455d02fabcae,cc0c081859ddf6fe
train_4111.jpg,beec917dadc0d202019556643d7765f50f2f3da6c5573ae5f8762215ef46fea6,a78d8d113c29393a
train_4112.jpg,b4ff5d270ed150f8be52fd8563233a3963c280b3164abcd88c970201741f6f6f,07cdcdc9cbcbadff
train_4113.jpg,78b1d04bdea5fc6c5faf6542b8a3d543e8a7e3371209551565870c9402e2d09f,a70e0dcf4b4f371f
train_4114.jpg,e80b6d2d7e913006124d6b8399419fcaf9c195b1da26b6f2d2bf280b1d079e85,b6b44f0f2fcd654c
train_4115.jpg,1d381be5fbca9b62168f83399f5a8fea4e2dceac7f66e8d11ccec393edbdfd26,b4b44f1f2f4d6502
train_4116.jpg,b6deddca4b4ffa72d17cde21630e67283cfd8996862d419bb56c5bd74d35b005,0c480c63e0f0e133
train_4117.jpg,94bf9ac395bca1971f7f14e7db8b770d224ce3ed2f39f14b967375e4ad90a742,b232321931319122
train_4118.jpg,b1b6ccf1fbbd8a09c455e73b28c71d8b4cea7016218976cf95ffdb5ee110ff2e,8b0d0c0c38b29018
train_4119.jpg,950e83d6a3838750b0e4d46fa38b1b173b14ba9f3328d4b8a9d93b99ac88dec5,6ac286323236262c
train_412.jpg,955cc912a33ccbb2dd6ce97c2c3e8d1311fabdb6fd400fe2802fb1d83b7d895f,b7b7afcf1b5e131b
train_4120.jpg,b56797973baff98adc97312ac46b0e4afca75d0139e03bf1e10de7795bb0ffea,939230930f63339c
train_4121.jpg,8eec260f80106198e4548075ff2550a7999fd840df249a1fa378095a31f6a822,7ece4c4c50cacae2
train_4122.jpg,3dea047c206d5fe636cf9dc8f39996f5fc7b3405d0b212a35b9d5192dd5991cb,a5248c8fb76d4f1f
train_4123.jpg,4300cf005d90ce656ce4f6729295ad5857ec08a55841c55b40a0c0d4b8568143,c7cecedcd09b8bf9
train_4124.jpg,993034cee089be1c12e62c4b8a7ab608ac6fd5f8a846d6b4ef8e82c8fba0f429,6002050d070e2646
train_4125.jpg,b2762b39d2ca3976b47887971fdba22dd10c923d6ee15590553d7c869000b5f3,505637156d653747
train_4126.jpg,d389f49aa032bfbf637f8ca163b351d66bd422a281cc4acb7d01e81e4d51e9da,819bd9c9c9c9c7c3
train_4127.jpg,524bf59d6a99f9ae3d23760326296f0401bfe8ce0b6dc2b192db5ffa934f60f0,070717979b8b8f8e
train_4128.jpg,2df22a755c4cc0df256c14940b9ab2802ad01df8441bb30623d90df179c0d87f,230a108169035453
train_4129.jpg,241f15de7397aff7c64c487d8270a9ba33287c7abc262230504ddb1abf31994a,73bb9a96db6f7313
train_413.jpg,ede51c45e78540243031865e0896fdfaa927d5752034ab486b1b24255d9eff7d,1b4b4f0c0c2d240c
train_4130.jpg,a0103fdb88486506500aac0374f7b67e8e7cfe88951c33387b1649c03c981800,92b018282d8d8933
train_4131.jpg,b70c9871ec24a002f12884d863fc86e0dacfcd1993bfe7dab383d23c57fa2803,87070707c3c32101
train_4132.jpg,433c6465804d1ae1541a7412860c7b1c8ad993a7cbfa319073accb4c72d81ec9,8d97072f3717808c
train_4133.jpg,4be72c907ebdfe3ccea6aea884033e608f91955c9f05c87eaaf572e89b0e3d0a,262697b13996b6b9
train_4134.jpg,a1b8064553381234595ca499983703b1823b0fcbb3e06bd689c863f62218f420,2727272704069c94
train_4135.jpg,e038916203de6518eb3a258c918a6463b845d446375e0fae5bfce75942124bd7,644c477271612d87
train_4136.jpg,129b1e37fd91946a86614ac758ec936a3b1323261f4e27f48c22e3117a74f9c8,7b6f6febd96d67f5
train_4137.jpg,6dd903737f383d39104fd7f34395a577b18f1366a1e770187d990fef6f27907c,031251d30f13223b
train_4138.jpg,63a9d1a522844b880cddf8930f75344a42d871e9a1bafb26454690b4f0293303,b2ab97933b233334
train_4139.jpg,0e1367180a5bb472a7357d6039f607c258882e5a34482bda06e2730bf89efcc6,070f27031a928e86
train_414.jpg,70c10adf93832c36a29115c826f8b6e2ebb314f518ead790dd17ca899ec73065,87071f0703832320
train_4140.jpg,ca814e78ca5b4af5b6916d0125e4eb1895f5986dd4325acf5b01a29914e7fb44,4e4d4fefffbedbb9
train_4141.jpg,4b9a7d51fa583ce25eab7a1f3c429ed40b38e29cf5fb1283b50f832598416425,7515d999998d0d1d
train_4142.jpg,44964100d9fe40248f93e963d600aa7b73252875319d74809a28485ca8350aab,030e4f4b19199190
train_4143.jpg,47f5547b73c3a6da55a8f996a8d6219febf23cba2d7f9a5760d16437d65225eb,0c1c1c1c1b1b1a06
train_4144.jpg,41f92e6cff848200131d58d6e80989cb859df93d563855be31dfdcd8dff53fc2,9999989898b8a171
train_4145.jpg,27b4760271e3256228d3302bdbff3768bfd59a208a02ab6e8e8b79976970d8cd,b28bd7933b233334
train_4146.jpg,7641f75c2b6972b9204e17a2520130eac788940c3951820c2d9a556da29d09a9,c9c661724291a38d
train_4147.jpg,c40e6f2093bb8ba284b19cd6d4a0cd3bdd3a868c0a8482372548f98547592c4f,4c8c039b9a2a2a6b
train_4148.jpg,0050aaa7758907e759e6a61a73cefe99e0c0b4ff5055399b27884a4beb333b26,98312fa74bcb63f3
train_4149.jpg,9d764beadf7920fd3d9441181178849c0e6397cd2dd83cc3180ae71ae4da0fa6,07071f0703832320
train_415.jpg,079e68788cacb7b5a2fb275b6e9238fe434a8b47d424e9b982834b84c4e48225,091919091d130707
train_4150.jpg,35dc05d4f9ec768a000edff21a515d2763478ef0579d473855ff6c51108d6fab,6765785aefc52724
train_4151.jpg,61a0ce205a8f14a55e8c4ab4e9624aeccec658e319ef737e35669b774cf9e186,6f4f4949494d0c52
train_4152.jpg,5f4418c4dbe8f5e083e278c286e8e4383e8dbea6602e699d92db381e391b04ab,ac8983c363532f83
train_4153.jpg,279293f10cfd123b50b581fd1ed99cef0f591b37b274c8feb2139cd5bac1f2fa,07262626ac3c8c2c
train_4154.jpg,f9f6b69e5336921bb00a05761deae0c20269a24c6898f621baedc013dd6ba7cf,60606040603d391b
train_4155.jpg,6ec3a9c3b9087c05e4b6b2bd13684c84ecf6814d34139aefa0dd88dc38f35481,07cdcdcdcbcfadef
train_4156.jpg,accfd9982bfd995563bd3eb773e242c22501799e1c91005296f27317c88fccb3,51f3f3f3f17659eb
train_4157.jpg,4a058fa7ec18eb3ef73587d117c2e3eb8208f4f42c1dc7cc99c2bf33c6f80f4f,0327a29296b68e84
train_4158.jpg,ebf520553c3cdc4225ffd32cc0a5bc6e13af80b2a46d958e4aaf617430a6942f,b2ab97933b233334
train_4159.jpg,2f82dedc053ddc20c778513f89a593bc2ffc494ba2b3bda3674df03b399ee892,04071f1f27270f0e
train_416.jpg,c6b837dc5148f70c38fe666b5486f707212089f3e96fec78b52ea7146d0bd8f3,d484e78ffcfc7072
train_4160.jpg,b1c2d8ca9c653889fb5e2019d68cb0f01ca84b7b5e4730ce2e820be2a0fb37ac,078b9a9a87868799
train_4161.jpg,e3f1d8542bdef32208aac351a9f29b25f468b02a97c12ebfcfad89044330373e,93b3804c26a7401f
train_4162.jpg,bdd952a953a2aac7dc7188b77988923f78122ec67efd0407772e5795606034c4,070f270312928e86
train_4163.jpg,616a81430cb51ae37e08d90e23d64f257b57ab488b97ace61a4c7e1fe0f77d90,09494bebe7e5eded
train_4164.jpg,6af7d6b7c577163fe4d6cd3893f8c9902fd8674769a50462b208b7111ef5cae5,65a1266c290b8347
train_4165.jpg,8087ccf422e72d0310a91c759a77c6dfb867e8b7e6dfa18584d4aec282668d60,e6d3d1d89899cccc
train_4166.jpg,80d61a91991324a0a430efc712f0d22657d210f89995913af2222721f9a00b89,0f97878786869617
train_4167.jpg,73b503f32acf15c2a59977e3aee745449db6462003ef489aa4c7d4eef38562d9,5b574f4f480e0fe1
train_4168.jpg,5bf3f6596d6fc7187fc5aa9a066bcbc64411e91a7089e05f1ae21f77df094309,0ecb53d39233292d
train_4169.jpg,e32e04f779c777ec281a8026f6eb989be0895424346591f020bd2551eb84d698,e0448d13130fe323
train_417.jpg,fea6d6d8e75836121458bb37741fc67596e3dd3101c6722a54cfca59db2ad04a,039bdb6bebe7edcd
train_4170.jpg,083d60f872204831fdb28ea418bfa06d6552f784873774490c1a68918a9375d1,17cfcfcec7c786ee
train_4171.jpg,e27a95af0619f923b1ffd2cd2bfcd65327c87bf3c28477ab9a8770ccdf3c3d82,170f2f0787af8fa7
train_4172.jpg,ad31bb1007a327da57020bd7a6a23d5e13495bc9d13f1952172fd300a8cd571b,8503c9818d49468d
train_4173.jpg,be375dc9697b1b25f5290f69a038d4657bec617d164fa56400b3d112a79b2984,1533272632323335
train_4174.jpg,97081c00769d0b26569df3475d31667b1cdc7fd10ce45f30b7878191662eaab7,00082121212193df
train_4175.jpg,980239de9b40d0b3c64b78b33db3204ad07c0902e78c3c789d6159b72066080b,0c1c1c1c1b1b1a06
train_4176.jpg,e1151dd65ad1b662c068e2d82403b7d84eeae53d0887e0f22bddad2badf6b797,3f737367652c26e3
train_4177.jpg,fa87558ae0059f50f2aeba8eb653e75f594fb47adec4e928291f9afdaeb8f4d5,7f7fffffffffffde
train_4178.jpg,9e8ffcb0834ee38449dbdf99d23570e2501a73f033329b57ed91783c4e4de49c,e83a8dadad5b1b06
train_4179.jpg,9dc1644f2a82aeb0d7da82d4681ae3d49378cf947cdeaad7a299162b3157ddf5,8707070743c32101
train_418.jpg,2ab0a4d741fb2d146094ccf94842eb6fb47b8e9ba09a574dd6cab5537af4dae4,6f0b3331786b333a
train_4180.jpg,a78a8adf1a63d538c3e33dcc9fd7c3a2fce7bf13225da50be636e4a65c0eb23d,9c94e4edec7c6464
train_4181.jpg,e182035435ba8548686fe587070968f6c5a0db9ad92937804490eedb12b76048,1d9979c9c0d4dcd4
train_4182.jpg,9df5ae73928271a50ebba39a7073571e18e76aa8819365d13b37d7b66df15d54,5e7e7effffffff7c
train_4183.jpg,761664100baeed5f1d000680855ac7115e2ba1cd6881ed7b339d05bb11f923b9,6f4f49494d4d0c52
train_4184.jpg,a9002652d5e8c49a717fbd6a80d63e117fb00902e11a400749bf10410dde5a5c,6f4fcb9793094ecf
train_4185.jpg,0a18f6160616f9e0117ef7809a7c4fd210da447d3d12142f3a660618fb476b10,dbaa29198831fc6e
train_4186.jpg,f60c5147ec98757953a5179fabda69dff6afc40820cde3f9b633fa974b65bbd1,4e4d4f4fffbfdb99
train_4187.jpg,407c2f4050ceded29ed0d67312d9d24cb9b4ff95ac0e0c4d279b79a4b2245031,0b9bcb6bebe7edcd
train_4188.jpg,59aeae3f3d8a44bbc4e4eeba03bab1e57b6b80bfc15d618bc444ee128a1de4bb,7f0f0f973b6f6f1f
train_4189.jpg,cfa14370d190c45e9a4941c4852c11a48cd14705228f53636a7dea7a5c66fb70,f6f4f8fae6e6ece3
train_419.jpg,d07e1f31d687a67c9335fd11d7400392d1bc91b047ce4931596307f7472a4154,478d0d3332b33373
train_4190.jpg,992100092862bb25402627b12412ef54bd5616d7cbc745d9124cc32400538368,251325071742749e
train_4191.jpg,25468d7a81371ab9688a89060ed6339d42b9e473d5467d14ec3614736d52a0d4,7f7d6d4d4b6ab696
train_4192.jpg,cf51d74c24ce626b54d96cd3639204c07e8c3bb08d9af709ab69274f425c1afd,ccd0f0e0a43c4486
train_4193.jpg,0b9fd2f5ccc6f12d853ccd8afd14adf298b416bfbdf7d18a61aacabb8e892328,0f231357773a1217
train_4194.jpg,56f5f6f605b0c65ea29d938ec23658d2811b945e0c34fc5387017580913f0800,e4e99adada4a3b4b
train_4195.jpg,6842c4bbd8620f69cb17e519bcc3116efcea9b12cf3a20632b6ff3b7af87ac46,5173e1c9e96a49eb
train_4196.jpg,ac52913d023b341f0cbb5b1f16bc7406a57579958e9b8c7a7da2ece10ef3abef,df537379cbe5e5d1
train_4197.jpg,51612cf0ad6ff0048ce5df88f33349d65a6f24dd22838015d087263700a75d3d,071f3eca3c706632
train_4198.jpg,afda26d2b5405343d2db4a2845dfe60e2e07f0ddde4c1aa8c8f6d0a706d5d7aa,3120383030303460
train_4199.jpg,d831973f8e54a5ba57aff08721ced382b2215c04c6d35c6776a9825932498f32,e1e5cccced9effff
train_42.jpg,2b8d22091f272b3a192e1f513553bf77e98c99b8123a9cafb6190630f21f96b7,03498b93939b4f57
train_420.jpg,9f7028ec2cfc3e78ac94cb979a57d19cbd2fe6cd9622b5e65b54e120246be3d8,b2334f6ebdb13c2c
train_4200.jpg,25951cbcd0e294bb3264156e8b0304fe208e6a9feb51e3136252a999bf77160e,83474bdb495b6936
train_421.jpg,fb0b15018090c995c45a802c4dd85e44646f4a2a59c16613ccc30c752ddf3e25,c6c3c7c247874747
train_422.jpg,e95ecf0d9d981546b3206c7500782f8a93dbf79571d9e78f1599910b50b84309,01b03333b6d33773
train_423.jpg,8b5145df8ebc083de2c3a2976c256bf75c11a2fddd516efd1b8aa85fd8cabdf2,0327a2b296b68e84
train_424.jpg,9b9079760dff2139c66fa60c670b4ebd07ac404f08986a2fce7f19a4ad29bc6d,898de5e7377efcb6
train_425.jpg,e7fb53bde7fb2325ac93c6916c0d485c9fcd944cf77de99f5374fa6b41f40415,344c0ca4ce5c6001
train_426.jpg,c47a087dac6541361e9a010bbbe6d1293ae5629b3ca6fe1554fd7d1ac4790159,e3c3c343636161c3
train_427.jpg,a8f19291df9756decbff892866f51140f94002fa42996f7f074e42519547f0fb,17cfebcbc6c6a4ff
train_428.jpg,af57fee738131b3beeb80da47be8afba60da099fd78a2218fc13170d0fbf7d70,1d8f97939b91d38d
train_429.jpg,012e37b82ecbb7a96f5e568da0537e4475dfb5ffe803b4ac04deb6049625fe7f,5fce4c4c50cacae2
train_43.jpg,7a3a47b31e53b9fc5d8a5a559b418a4e75f32fc28675af88434fa60807172fbc,43c6534266861814
train_430.jpg,ccc9bc4245da298c8ee214e479e001ea8b10a8a8fee783e45eac70433676cfab,484e6626332702b2
train_431.jpg,082442e93305ef1ac9739e21950bfd2d4bbcfb1a443ea6f7898d9cead7c6eb64,c4c5651f0d8d8d66
train_432.jpg,41baf600fbd27771ce2271cb157dd40e05e52d6deb7aa215e525df117e602337,223595cc532b0e2c
train_433.jpg,661bbfba48b4f8dd4c9c8c8f6e50568ff9be28f396f4af40b9786b0fd8da9740,9b9b9adbcb675396
train_434.jpg,57f819e5453ef777b713ef404cc8c2299b2566c5140a713862116491cb4669be,5f3e6cdc9523da55
train_435.jpg,2ad332728faaf76e629da30614880d7059bc86ae88aefa555e43dd385d5b0c96,7634040419195858
train_436.jpg,3b91f5db71a63f5e07199446ddf923996abce0a1564153265c3f0b213bec47ab,377757d3d3c7c7d6
train_437.jpg,87ec2b8672aaf646ea50c6a35133a760dd8e482dec9c5b406ee7b49b3e59883d,a4a0a1a9e9c1b165
train_438.jpg,6461f357ee765847055c31c16666cc02690c670ad906903419087242fdcee425,070f27031a928e86
train_439.jpg,3cc63738589742c908b6897e6461de9443090715a4a0ebde910918ad7e658898,23201727a1323333
train_44.jpg,be062fb9d338f7a8e7711098f10671e2319ede9bbd9450b1524599fd882685ff,6dc595b386976339
train_440.jpg,24c1cc689105e336e9c163cb7b0f269ac4fc1f17a09efaa7574fae60f047c6c1,dcf0f8fcfefefefc
train_441.jpg,ba5264d782cc2ef5d6b02dcf8cde95534fb23d55e458f50ff7bc5d718e58f660,13971b9b931f7313
train_442.jpg,37ca713c4011959197aef5a05a0b959fc089b9108f54d2fdf4e1bedaee8c360f,c8acaca8cdacac4c
train_443.jpg,12a055b583d3a52c165a5574b928484437689c99db359309fd7278d03846a131,da1e1e8e8e8696b6
train_444.jpg,fe8621937d5d5a7cc04ffca359b2ac0df628dcbc97db8b5bb722b85257e56a43,333363e663633363
train_445.jpg,5f85e964159423e3668b3cd7bb4297097ba160870842f8e2a0cc2ddc6b20ee4c,87070f0783832321
train_446.jpg,8cc3e50805372ae64c8f6bf005ed9bedb08552226f6a2671d9cea3318e48ccc1,3a2b1b1f1b3b3b3b
train_447.jpg,ba4cd3178d8800958fbc3f84453d237ad5d47976fbcff95aea09e5f1e4f6755a,b9fd6e24363370f3
train_448.jpg,8a511fa5e8a351d9c39b157ed893914105670e3c2d9b089a91ebd7b3e48f3fa7,87070f0703832321
train_449.jpg,019ef813bd26433f47732eab551b4e49c3128b7bffdacae94f64393fd2c10968,100c2c2c25252404
train_45.jpg,950b5cff4f8e8c5e121658d3eb7a0605db6981a84165a4572d4f56ed67157261,505617156d653147
train_450.jpg,76fa7ab12cc17c26f8dc3f259187c7cd5db0c3d97d4edf4efd799cf10d51c161,4dc7020c1b337378
train_451.jpg,bd8aae2fac2a8ba21294bf819e2b8db48c0cf85ec558155b77034976eea38afb,28b3e6acaed618d9
train_452.jpg,0cc4017ff0e65a47d95b25d99e065943f28f3f266059f27d9becc180504a55e7,333363e653533373
train_453.jpg,61caa10aadaf3f0e50d8e456400d7ad9e9eeb3dbdea0ac5b989044e86f720880,de4e64646f27199f
train_454.jpg,3dd2605b40e99dcdcba2dca23b8e0d69d53765ddeaebdf3f7e3ff3fb1bee7444,070f270316928e86
train_455.jpg,538c55c740d8a4513d341d2cec7d194799c0673dd8143ccb0b934c49bd1dda61,139b4f0bbb393819
train_456.jpg,e2c9ab3b41e0c7d1ffa54bf40b38a4f6e0d513bb545b92179cae605b776cd502,9baa29198831fc6e
train_457.jpg,4a49b6a9bba49aca5f32849adef98596f1a7b2ebb8b305287e7fc5ed6639e830,cfeffffffffedbf8
train_458.jpg,59d238bdf7159428c32d19e9e7dad7bbfe83a5be4fb17c4953ea7994250aee48,38323012c688c064
train_459.jpg,e61e28b1b81ccc3616c8ca989793fe4341884d7bff1ad86a85f76754ff30da01,fc24cfcbeb983834
train_46.jpg,f2503d7713b2c7b543628ba01f180558fa9a817ab247aefbe9bdf487e26deb69,4e4d4f4fdfbfdbd8
train_460.jpg,42badefbd4c3c413a13b96e6b57e10be6e865208168f5f98980c182db6aa1aa0,ec444837e0b0d8ec
train_461.jpg,53f53110ca26e1d6d3d334c462ce376cfb63f2dc37103d474f05a850225e6f8b,d34343434743173c
train_462.jpg,67c9418186fbdb64c87bfedcd5ba7ca200a3ae939306c4fbb794a02bca1b0721,3f3f3b3333353ab2
train_463.jpg,7b202ea36e8e5ac95944289a9863a1363b0854770117a0e01037cf636d3e576d,b33b92918b07e3b1
train_464.jpg,3a0f33f655ae387d881c3990691da9569daf3379004577b7d34c30d622f00025,b29397931b2b3336
train_465.jpg,f5c469de505622bfe7ee40ee83e2673429833854a4776eb8f8551a8d30e4f8ce,cdcdec0d36f0f4c9
train_466.jpg,c0d231370c5d7ff25fa518fc95c3a6090fb1da8787c54bbefa389663f5cea8a5,97b33e1ede3d5898
train_467.jpg,d98dae3ec946c997d3fa36997ab06b269a53a17aa7e2f300250e8311d06405d1,d82c8d898d8bfaf1
train_468.jpg,84379fca0e5b3deb970e979b9556162612dbe4533120c31026072610bbfd3920,95139333f3d39239
train_469.jpg,4d2bebd80414f383c5e792820c1b3ae600707f426222f7c4ecaca7380eb03896,2b03071b470f4f0f
train_47.jpg,b8dc454326e6506bdf956300b2c10618307e6632810ea52e178a26db414eb8f4,07111331a9991a0b
train_470.jpg,e90e0ec4f23eccf226502675c0e3c4dd4de87d130eab9151e166074cea9bc26f,d6d4713333693749
train_471.jpg,7521be53a14df738a15a8a2ec9b5e5f0aade80a076d43b23a1cb859e2fc49703,f9fd26243273f0f3
train_472.jpg,5d6e249b2847f51573eb975f76803bd42fe169416daeefe90cb2be9e58065956,b294ccccd4d4b092
train_473.jpg,9cf0469ff427e12e7de587b9d3726970ee3f9bd1b564d2951f62239af2ddbab2,e4d0e1e989e72727
train_474.jpg,bd0856e48e5caa3b4ef2acecac0334c1318aad27be11bb96b63a5d718bbc0b2f,372f072719316d2f
train_475.jpg,92b856be4c0fdfecc398f29535d144ad389761c5652a55eb784b35f19f360021,03034343232b0f07
train_476.jpg,b713f260d94c2a53b73b8e9069e1a06dc3e2f6450aa837b74b4913782f1dc0cf,dcdc94c88aa2c2a6
train_477.jpg,18ec182fd9bfecb4fbf46811a31f017f77bf9a88351e25cddc8086bdd131b05e,891131290d1b0707
train_478.jpg,5e96cde48acb078d575e751dd5c7e94b695a8a3aceb35b08bc4c1ca7b50dc93d,a4cc4c084b48f7f0
train_479.jpg,a90244b130424c4914bf3e9c025e1a35439c959a343815e961833223d9b23334,7f7d6d4d4b6ab696
train_48.jpg,b5335aab8cc26c0ff291a8e4a34b31985142456d89449892ccbd2b362f129318,0103b033b3829a93
train_480.jpg,01f5293f85d11e0bfdc09d451ed7aabe857d9a18f5c463ced3aeca653a3d65d3,3b3b23e1e963634f
train_481.jpg,ca89c058078377c649f25e31a7e8aa71bf422f1ac80083a4f0fae01b977d7a9b,1f2f4d4e1e3f3f3f
train_482.jpg,e426303d6a1d014ab00e4e0795c4f4ecff0c93e2425e7b31e48ab56884ad3128,0008612121293bdf
train_483.jpg,3e96358e973da3fa16d1aee86d1a4dff7e3456a1385e4b16355c96cb047a5450,4c4d8c2f7170f031
train_484.jpg,8eb69578d880b2f3eb9238fb3fa98da44f598dcc7322294546b7ad2d03463667,9397373f3f1f1d2d
train_485.jpg,a96066675e03e0cbb44aeeb228e7d7ad7d0f4d456e8b3aab63311c1aa9227193,06b6666da686e49c
train_486.jpg,462deebe9d0ab8039608709a3a9aa8ad999128c5bbe3f193118ce36f40370d93,e30f0f1736bc3437
train_487.jpg,4bb9044630e8d5a4a3451a7c6a1124361682a5b6966b669b1f2e1ad75b865da4,8b0d4c4c28329018
train_488.jpg,6a4d6b99f7cb36143208cfc55e14c417f95ce0bef90badd1ad1085b1978ee579,32341cac6c2c8dcc
train_489.jpg,fde1d09124509bc734d6ab2500cb84ba181b8a00d260dc16e85141147cac1859,032733232f4f0333
train_49.jpg,2e272fa90ddc163d90099984d8dd3145e13c8efa2e2a317e4ddf958e24727eda,1e0e2c3c3636e8f0
train_490.jpg,cf096028108504d19753539b139b9e9d947fe05e40691538ea4a5219d26f9189,498b999db795f1b2
train_491.jpg,a6b750800127888295be34d6883bc05af690cda14b68f1abd6c1d2e4db296f37,1ac849c8db0b1f76
train_492.jpg,c21f44f85156a9738365b329ef285d88e97d3525720a9085e17d48cb19f03d00,dfc65e165e4a371f
train_493.jpg,3604aba9d1ebd35df2733f8fa7587ef19fcfdbda36d0008beb4863c1bc7d388a,525615156d653147
train_494.jpg,82138c88bc71eb8a74ec8e16f927ecb91b7e85a9eda6ddb8678fa0aef5aa9df3,ccd8d4c88aa2c2a6
train_495.jpg,3ea95afc7247804ff23236b94dc104b7f2867e7bba1445092d9853a245484992,30010a0e0c2c0cac
train_496.jpg,7ec28879cf73307dd8d86f7e33d42f6a741d628eb7a676e6f1cfa926b97f0c7f,07cecb8d5a955dd7
train_497.jpg,6505251820eefe1f349dcbb7afd20dd19cca0434515b3eccc27f1628251dfa5b,8707070703832121
train_498.jpg,6d067b64deb4f924f5ff7a9553f7c22257ba61b1be2b73c8c4169c0bda60aaf1,e74ecad38b27e3b1
train_499.jpg,c9eba6a9dc55c98a7066bfd0fb8c185de66116a3bed42f7ef4dc8a4a80e33692,e27616578c0d5512
train_5.jpg,30842d4393dccdce353679c533fa58aca179319439dd8235afee4461fd0c7d40,8513c9818d49468d
train_50.jpg,3404f9670971cfd429e81daf61c9394d772693faa6a0d8124a8a6f4400293c8e,81858993d3590f33
train_500.jpg,aa035d60922b0fd996090382dd1b1e3d9bfb271fe224425cdeb6a3979ea3899c,b2ab97933b233334
train_501.jpg,52805aacd27459d3e2973a2b38cd0c3387a74a7eceafce0bf048ae84132e1167,b04c0ca4ce5c6001
train_502.jpg,8eb16bfed0e779a024f020a47b408c5c88fcc569c5e066ffd15051ae7dd01a54,774746c7c7c7c79e
train_503.jpg,0f0b29b974b3a14d1ad43a66a6ee433bb07e418711115912c13f728b1b814b0a,070f270319928e86
train_504.jpg,39c356a84fea90e10c1ef1e19877120a2dfbd2c8b6cc95680c61c50610d9d293,3636262e0e0e0e26
train_505.jpg,10aa554f893d0e320390a1ab0b302c759f21df83d0042d76f487303fc4c802a1,83494b1b5953e936
train_506.jpg,a0e893a1c2e0fc788f663aaa2ae7fea4cfc4507985a969ab2444a3d69fa8c199,119b0e0fb1391819
train_507.jpg,38846948252e742c5fa21da0158cff828b600a27c99e730cb6a6688f1273d42d,6540484c54d62a49
train_508.jpg,a583c39a636f5aa2fff8d93768159a4a442dbe385e91e7428659a28f6539eca5,d16966656b6b6b7b
train_509.jpg,c95b280e897b01e74813c50cfc99bbd1247bb95437462d2327855f22ec002fa1,0cc2e7316a0291a3
train_51.jpg,259fc953fe6bdc74cb4978f2b9d222fea7c5e4a8c7211879f627b453dfc424ec,878785dd9490ab8b
train_510.jpg,d357558411e1eaa55243e78519fbf4224891e4acdc41eca530294512afb0b8fc,6d6c341ba676f733
train_511.jpg,664ca8376a3346c0090f46f5ef5611efaff8d1951db70c2c1b11089278f5a02a,b39397931b237314
train_512.jpg,8089d4cd8d84d1a42ec29c2e5642968522e5bed8176ad8730db27de24e54ba35,e4c6b62b6acd999e
train_513.jpg,fa050547c2b895857998be2e6e7de97400832e00589155e0147b6054ffacb198,e0b078496d0d0905
train_514.jpg,53cc5af020161e856cd449b9fca22fa7c345f2a07e33397af8a38d1a9dcc6e0e,2f96662d2787a6cc
train_515.jpg,a295b03b3da5bc65789cca09a351c3ebf0d4b8ffa925046c4d26e6a04c1f03fa,858c85c9c94d2f2b
train_516.jpg,f6b561c7ff663635f5c38e25e55aac18e132c2ad0e39fba07d18e98cce4c869f,37ac663e6a6b73d3
train_517.jpg,5914309fc3d4dea8ca3a766e720f700905d64265715b452de1e6cd1193f06c20,32322a3a3869b034
train_518.jpg,9dee7a719c549d4223f8364cc6453d7980719b77ad67407a3c13f482325a2c12,1f54b6ae313b6f6d
train_519.jpg,c72a740e59ad68b3ae3c93b823b75dc318b28a3d0adfa4aa3b88aae8638ca9cb,808008602421c02c
train_52.jpg,954cd3dcc473cbbaf5c8f9a74b42f4f3651f5e930022198ca6200aafd0b83e68,040601b2f3f1c383
train_520.jpg,ee19ce4ffe0e7bd782b6708aeb84ef1e0a51a77d1c65d69cb229f9d755a5d95d,c7472d0bcbd7474f
train_521.jpg,a33d5f50d93bcc45b9ef4b1f0283e97d93e84ca1227723f49e89679d76a32773,3a323012c6c8c064
train_522.jpg,26fd37641858f0c8dd911fa10bf13d83747723c2aceac451162a1e2ec59b5a6c,12d9818d0d4e0788
train_523.jpg,83107a0046dad0e7df35643dedf4dd925a3028f7166a941449092603ecf3cc25,66476632d7846473
train_524.jpg,6a144b319fe33efae2842be4aef9877eb30d49abb0f440e58532c3d1f4d38ba4,eceed3c24b1badaf
train_525.jpg,9c1eff6c818ce72de3608dea87f4d6f191e9c3ef4b3fdf1079af77e97bf2d777,6bbc36329d9e1b09
train_526.jpg,59b347bc8221a99266672f3ee59b03b32b26f9a3f1455ebb3a5f8775626786f7,03b29296969c8616
train_527.jpg,34b7be9f35eabb325701006ffe882eb6944c27b9c7452dabc61749dd441a05eb,76141c54848696c9
train_528.jpg,01cbae03520e9ee3c6a703faaa0003f2f6795b7ce712b2ef6d370febe7c0d8b3,c7060489a7079fbd
train_529.jpg,ce20a2e61475331e92af59d8fe83b8fec647ff97c0ae7f9d46cd75c2cfeb6de6,dcece4cb4f4c0e7e
train_53.jpg,297b2d3af664ea8acf7725ca665080c234f7f512fed95cdcec626bb4f7548fd9,9d9d991d3c703432
train_530.jpg,7e130a0b8864f347376b4296ff6e1a941428fa66310155a8a8671a960bef1e48,c8696870d0202922
train_531.jpg,16628371c5b66e895f10f160e1d233bc1ca428a5e9b74d4bfcebeb53a93ccbb6,abb2b2348b4fe337
train_532.jpg,d7a4bba32a5f9ea7f813d7b573d822c980fa2a970013e83489083d7189301d58,333363e263633373
train_533.jpg,183ee146ea97d00e41955269358b8ec512226b0c70b5bdd9cf0f8a5ab17f4863,636b6b63471f2726
train_534.jpg,6e8f6777d1dc409a123c88d7c7e74073233482839a6e0e8720830c10d025fb1f,4f4f8e17124b0b13
train_535.jpg,70812ba5007658a589bcebd034cd89e1c329f6472b47cd2ba9b574606326e65b,7b1387ab83b3a38b
train_536.jpg,3d91e6e31f09ec9fd09d1e4b8fe1bd8dbc5c77d77194bdeb707edbfaa85b890f,0f3e3e1e1e3e3b33
train_537.jpg,026097f8abf78f7629c1b2c0b6052d8838b794001d218f10e6c87cd380d783d4,ee6831133369b709
train_538.jpg,07d83d620aa14dbddd527f88da0f764a4032d1ea0f72afdd9cab62568109067a,09098023a3828293
train_539.jpg,4596c0d2ff5003b680320add5b7fcbc142b35fe7cad57a34d1a76d01e12a83bc,622110505b993d42
train_54.jpg,0816e430e15360cdbc0bfcf32d4019f028dc77a78e1ba8badcab2a0120c03ec3,ce8d8d4f1e8e2c1c
train_540.jpg,62869be747ae85ef134cdd046f786e5e5efd89f85d03f5101bf760064bec506e,383e0e4c0c4c4c0d
train_541.jpg,1c8af8e834ac62be4dcdcc18ed5085471aa02c7e5cd57d6acc605e5dcd2818c6,a4a0a0b9e1f13965
train_542.jpg,e654c1d388f272335c758ad1032f0b1cbd50e58468f07ec68e7a60653cdb0c68,b45351a1a396d799
train_543.jpg,d6be58ed687354ea81ecf1a56ef1b944c9396e9a52e9fb8049858397d1ea31ec,119b1f0abb313c19
train_544.jpg,2b90013ceb2380f282fa42ca5754d31878fa9ee82ff45bf83f2931c6862c939f,739b8f2f9d981c2c
train_545.jpg,61589a9ab34ddc35f863d5f5704109b42ea9b5129546079580f2274f99577515,210301080b8b695c
train_546.jpg,9bcaab75c0b5385384dac079c55dd456844a9539f9fd77417e2665b8527480b5,b6b42f2d2f4d6d4c
train_547.jpg,f1e9d8a2f4196c164e3e2c5261911eefe24b086417616949d326ddb6fe6f4920,6f2b33307d4b323e
train_548.jpg,68c158c7f61395f679cfce7aaa9bd1e4e73f00d308e15c1cd0d43e6cfe8e115f,75cded4d4bea3696
train_549.jpg,f7161519ef244dbca3b8fa0ce8e543229f01348cca475ddc25bb713f53d90769,95959d1c3cf41919
train_55.jpg,c1c8531bae424b8013cc8f200fb2987ed615fa8006871ab268dd0c2a156af47e,62f1c9e6962b1bb7
train_550.jpg,f98b7841e3619c61cc54889576b77a0219f07f8341db46ba5d06bf61cbd368c2,e1e9a1ebab8f0b4b
train_551.jpg,4d2d01d871f796aa3cbeed8e7f9405439ac61d362fd35d2dbef35bc2016a0dfc,c6c7c6c6c687cfc7
train_552.jpg,b4a90405ffc4c72aa38dcb5f25f068dd979634c1ae587a7a4e9895af597553c6,7ffdef7f7ffefefe
train_553.jpg,387a01e66a6704732e2b143c557b9a417ff68904ab42c624117c692a1c8b3110,25644495c4661405
train_554.jpg,307a8f1bdd15b9a858d89e57d50a2e92316c8048ae0fbb2a68fb576c425565b2,23212505657bbbff
train_555.jpg,e8037417e86e5cf712637f410348e6aedaaba42b19d0c200c22f67a1720e4445,497871c7da521b59
train_556.jpg,8b72cbcaab5b545973adf0ed759d55b2b56b76230ec8bbd5060323ec2b464cf5,070f27071a928e86
train_557.jpg,6bba74c7c38006b3f5630fc8bd2fe056843275077bd15bc3f4ca5e9d10828489,bfa8aaa9b994868f
train_558.jpg,41faa137764ee59e54eab13403713ee58eec2c34b46ec92ea327f44ee3b4b566,c70604c9a7079fbd
train_559.jpg,ebf0be181e94de3651b8568ae8e72cddae486eddb153bdc602745566b08ebe9d,062695b13996b6f9
train_56.jpg,6517e2331b560cfa249d3c804dfe80bbee737bab28ba9838be36f4d6bc345a07,b21349c9d5646ef0
train_560.jpg,ea51f426c2c6920a0a1b8e923c4811b82ad4db5d4e3654be35815becde54b176,096b59596d471919
train_561.jpg,596d05a7d8704f1680ac2462d504fe05b4e2e8f2b65cde636979c15554bb93c5,7b37b19d9693b321
train_562.jpg,b3563b1dfb9a55d81a1481d5fefac4db992a240d208c49986ff90d12d356c1f0,7f777f7e7272facf
train_563.jpg,882b1a03a5a62ca34db0282a6c36873d74a845bf52c50781ad855705013e047c,999c9c96c246c68a
train_564.jpg,ff1f2ad151edffc7b6cc37e849ef0614bdf901024fec641764a86376ffe94713,4b4b4961630b0b1c
train_565.jpg,e014fd26c0a3a5785922157d6ff71666f8dd898adc2780809579fd824924504f,9c9c18185b4df4fe
train_566.jpg,dc60079098df2c35dc1c2ddaa001d12b054c3d174e95f723daf9d0255031bcc7,87cacacddad49c97
train_567.jpg,72a054f17e95679b9e93d3bb388ff4e77d2c006d80ca4f161c6843b810d5e24c,464f4e4e0e070e16
train_568.jpg,7f222b93e92f4fc976a674628465b1e8411c3d8ed2d3c2cdebdfd297d62f3ee0,820c091333707cb0
train_569.jpg,40eeeb2626c1dbc8a74773ca6f36ded14e34448b498a0a1e0a660d81be71278f,b8bb1b1a3f2f7313
train_57.jpg,bb8e4a83f606d5fc9a783a9caff42f5f9eaa97363be6b16e74fa5d2575e1ec7b,b6b636362bca8b30
train_570.jpg,5f8446655a174108257795f7efd5f6396ab88c5d3c8c8e79cd82a7fef922b99f,970d2f672723988f
train_571.jpg,30b8bab56727fa0f6f99e17b352f015e6e85dd642def3e160acc6dfd0a2af032,493919094949332d
train_572.jpg,c5fffa26fe80ef92b9fe769395e3d4608b0574a492b6191b2a150a40afddea1e,0c98181c59b5f0cc
train_573.jpg,20fbd0561d351177ef8d7a3537db0d5d8f9944635c197dfeab1c32b916de7c91,87070f0703832321
train_574.jpg,df42cb8f3fad8ff9856312a8de182318ad631f0f96e6b1f43eb5b922506f50b2,9195b0312879b034
train_575.jpg,1db3f6b93fc4daaf08038298222542dae69eb4212ccf106444e65a783cb0ad13,0f2f07070f8f072f
train_576.jpg,b1ea97e0342d84cc9bc232352a2f37db200e890c2bc4d4d4b367a428d420ffae,b29b97931b2b3336
train_577.jpg,b12993fdafcf8496ec2a1125999c889371b1897171875c71bab0df5aff8aeaad,333357175737173b
train_578.jpg,4ee5ae12833e877822bb08ffde80d494191ebfe049c133c343319fdc936a45fa,1f0f03094b0f0b13
train_579.jpg,310970ddebe46e55189759ef42f954e8d2e5662be7c67a5fc941181b2be58a55,262697b13994b6b9
train_58.jpg,915546e7a46a4e1e996ead08d0186f619ffab5d7b0808f7a2363d01a3c2388a7,7f585b5b5b617f79
train_580.jpg,0cde8640334e9f146a804642365a313ef65bd1a4b7de27a2e5b2a080d72421d5,091919191d0f0727
train_581.jpg,9817c4210b0771b5a02601134aa2efd894f48a62df46b4e2304fdacdf972af67,75cded4d4a6a3696
train_582.jpg,1258035624119c94c99fdd979d761af483476ffeebec3dbc3879dd8511876944,62e6a55657135063
train_583.jpg,dd999d7b5b6d01c2d3749c8a85719c257444a300936dc1779565e2f917c727bd,3e2b1b1f1b3b3b3b
train_584.jpg,3338ec6594467c5f5e473c9450071209974a88abb123c59acbc63c944878dbdc,25644485cc661007
train_585.jpg,0cad9c8a41dd3b20a33a26a8b66aabfad8acad206c20fff31b1f30d6e28be993,c13330131b8ab2b2
train_586.jpg,297c369d3806cda6393fd455bceb0f6b0d81e3b52815efbdcbb349772d259afe,79bd2e243633f0f3
train_587.jpg,fa44ecf67b1522714ee813a73405b7ae1f8c5c894a3c05fa0170f6e162380f85,89a1a31f9b4b828f
train_588.jpg,65e4f7cf0c621f8cacb83ac8830f7a83611cf3c4e484f115f86bb9ac8051fb73,30b0080e2e36360c
train_589.jpg,a8e9720e4bb16dc570eed374794c9dcc4734a64b8b2fb1cedb33d987e032085d,a4a0a1a9e9e53165
train_59.jpg,4f772993eed13c81a9d4ce89dd2891983dcc2a2dd80ad126a19b9243c6a1426f,79fd2e24323370f3
train_590.jpg,0efbdcd5ee4b9155f3e7abee482a7235fa245d51cf9136ef763a1a778b01a002,cb8e960626269d8f
train_591.jpg,affdf9b89ff2e0b1a3f29ec2ba4e1be90e524c3f7f05690f8331337a63a37aac,461e9eba6f272fc3
train_592.jpg,86a431b6f5f08e37314030b345312a65c508dbf627363679a829b87ba94fb330,896f655564471919
train_593.jpg,35e238ca8961cbb6ae8b5c3da732537158a61221bcd89db307825ae5e1186a85,090b091906191b5b
train_594.jpg,28e4b98ff9f50683e691f07612d6c91e3fcec9dff151dd63c9876c0d7cd591e3,599c9c96c6468a32
train_595.jpg,6c64fa1d2f18659c63a45cc89cca86f00cfa905a508cf367377947c23be64de2,526133273d33a161
train_596.jpg,1069a9988a0f9fa082de6c2abaf47bc698934bf14c33fd4d8d379ec91cca23a4,060f070b2b1a1c04
train_597.jpg,324ca9a3622f7656280858aa545ff248343ecd2734734eca2f98c27882b32569,060f070b2b1a1c04
train_598.jpg,abbe4a47564d97e5256cf4d28b4f27934b8367461f358d65921d605777500b3d,c6c7c7c6c78747c7
train_599.jpg,aa6450e14c824b2b51cd524d0477bb27b2965b2521162a497ffb6246496fe036,0f0717978b8b8f8e
train_6.jpg,c8eefbb4b2e8d8f052190ed94a25f5d4e467643194fefaf9b6241365ef61a1b0,98cc6a7b33303038
train_60.jpg,c85fdec8e867f704d14397058b37da6e64b9dcf82b86afe3c597a125fb88e71f,0fcdcdcdcbc3aded
train_600.jpg,3e145ac9b233af40e42ca3596566d7ce1f764075723daf06da7a8fe4d2a84828,c60d18128e6b5b5b
train_601.jpg,e28e99e07724e9b7569347aa82e9558095507fedcdaa62acb73b76bb7e7ca93f,17cfcdc9cfc6afff
train_602.jpg,667e6e13f4386025f1ae98bbc12a98db5c90e0f45f3bd5f2ecb02e0d6191dcd4,a524cc8dbd6d4d0f
train_603.jpg,1ce17fb02367745de8ea58d326220be76e2549f04e693244701535d0bb92897b,6f3b2d2d2d2d2b2f
train_604.jpg,c8ff960b63b711bc939a845e7479e70ebcfeeaf151d045099b5b2fb7eb64251e,a430b04c86be7860
train_605.jpg,04cc46a0176c6b6e4df4cd3acfbaaa23d06eb2ecd1a4885b9a329668f47b4ae3,c0c8cca8cdacac4c
train_606.jpg,14a68094c65e6ab458a0c4e7c2fdc1a49bfd49f12c2a9b5e73114dbee70a075b,fbba29998831fc6e
train_607.jpg,50e0ce55de4eabafc24bd956a63ade163261c81ebae92cbb44b0e8b3df0dde31,c6c6c6e8ec67736c
train_608.jpg,e06f8862b68b0c1d484d6be32b99036b93ac0453ffc8bc7ec607f839236bb51e,8707070703c32301
train_609.jpg,12c5e83ff7aa29d5a748a183927ac3c4451c2f2ba1535632a44b7e2c803ca24d,1e174747172f0f0f
train_61.jpg,5b9d30e5e0867cebab355be6865de0a4998b59b7935527ad438534a5cda08589,46448c2f7170f031
train_610.jpg,c1a33a3f0459ec899c9618ef4aa13029beda903b6f8e348bb7520c44e5be572e,062697b13996b6f9
train_611.jpg,db6f7220df12f459715cd0d57b16658cf86a83f1d4ef4b7cd4238206d6947d9b,191b0823aba28293
train_612.jpg,c884d0a3a301b811747d4184c438c506d2b37cc8553b7418d047bbb190af8a0a,4943461eca88cb0f
train_613.jpg,f841bb41efd5f8bc4415a3614e6eadd4f189bebe8a2bbbcbd5d5c2c4426d4b0c,070717978b8b8f8e
train_614.jpg,c47711efbcae2d6f92c8daa285a4c8afac5023c3d683d570894f0f98ca076fb2,6d9dbded5dbddd4d
train_615.jpg,c743196089a966c67cf80eca3bb5934c709ed48a101613d1eafa830da428bd3a,0f0f170f0f140800
train_616.jpg,977e79241603adc79eefe7582624ea4f8d52a295a393f61764740401a421ea6d,84040e2767731919
train_617.jpg,1f6029d433540abeca7a3dc19252e59f2ed672eb6f1d8bb878f6cf57623ddcc3,0c03234f4fc7c513
train_618.jpg,11870efa85a24d2f0e2487d4381e4d065e096d2afd7e4ab8f538726a1a3232d6,16498f569cbc3272
train_619.jpg,c63a04b885763bba08dc4e008417d57e2f40df1e16e14acf50dec798fe00a379,21626a6531322c2e
train_62.jpg,85cf8e805fa823b47e097a677eb7601937c32709e40c64b00ffb5a72959515af,34368ccc6cac8d0d
train_620.jpg,a55e51fc0f09ea27d20a204e3cb540144bf6df77e4aa6cdf744d8a615e811e68,defffffffffefffc
train_621.jpg,0fa03be83c1f779ebb8ab7d6dbadfb13b75b82578d0a7c3c56dc38c5ca0b0dbb,6f2c4d4d4bc87671
train_622.jpg,42c497c53bf4e481bcb6ba470e18433b16d1073f4ca40842b57556e9f46f2434,f134345833736993
train_623.jpg,05d15bfb8aef8b9f10608908db3908c8a80c16edc3ecd6769e0191b9d047ee03,4c03c7cd8cc584a6
train_624.jpg,a05129ec5abf3c5822fd5185df26b7645eb7b523df60f904f57adfc6834ab561,0c1c1c1c1b1b1a06
train_625.jpg,c1de3de5016d14f443f97f21f65bc9ab0c62060b0f615a4c01ab988925a73f01,d9c8ccccccf0feff
train_626.jpg,6d804d41651ef922e5da61d3762da97a45e77e32bf1bef302e30c69e3e8f4609,1d0d0c9c9c98baac
train_627.jpg,e68a740b4ba99e0c0c29c802489229a08222b6dcf153f9f4e3e289c4b939b79d,b173d332b930a7e2
train_628.jpg,b5699df42eda2e58ba822bf013f9a12877754337ad4afd3b645bf19829b5e8fd,c3e3e87870d09c6b
train_629.jpg,e43e138e2cabe7bcb1d85dd4b5cad362c4e829dd08779dd7d0b34e6b7f2f6b51,032733232f4f0333
train_63.jpg,ca067d6efdf0216a4b7e32aee5f6cd4b752fcc5d36bb23f1fd047514fc75e231,c1c3dfdb3b333137
train_630.jpg,e1f90293a90f3bba2abbd55e68938603779cf817ccb9f27aa76ef387dec0ee8c,3e2b1b1f1b3b3b3b
train_631.jpg,bf6bcce9ed2b4a5a9717aebc32e037282c1ba314f4d1bea75e26daddbd658906,c7c584969697870f
train_632.jpg,5a5e2b45a2814068d0e381a6f4856c7fb33dd246d86e7fc981e4fa8b81f11020,1d33333632323337
train_633.jpg,21924ca373667bdbbc39d401443fa84cc74ad43f15ba0b6df2045eaa44d0be58,32b283c688c0e685
train_634.jpg,d56ef330471b0eba74c6470499b010a4b051719d9bb7612e4ac6111c39591292,0343616b4f4787e5
train_635.jpg,c40795afa30d3b2f896e13d46b02567251b8ad9daa30d38fe3de50a81392eace,b39179e3d9d92934
train_636.jpg,81c4dbfff8651dc7e5a11e93d8bb7738b6777eec8d9b1ae104936a573c06de7e,273f8f0f27362149
train_637.jpg,bffad7205751b122609d19627334df0d1fdefb33053c2f5e3e56245732259ce7,f8fafae6e4edf676
train_638.jpg,8122921f537fba7ee10468ea6dd2b2a5c947c1acef61a348b0fecce8516caf87,a0406029a9d19031
train_639.jpg,2fe010f517724ca1bc60a2439628b4acaa54b7a1ce092bb246fb802a6641d36b,5c04068ed2145879
train_64.jpg,7fd7253c5277b7f05721861e434d12a225bae8846531e62010dfc688e1a95ab6,6169ccee971b9ba5
train_640.jpg,b6bc9dafbe11dede207adaf6a4ec75fde53dd7a1402ba97849527d00e92b475e,17cfcb0445646673
train_641.jpg,5dc5dce782ac7a69bc3c9f7b5c2cc9352860b02edae8def368714935083789f6,47e777333524c6da
train_642.jpg,e8e1f9d67878a4b7eb7837e8ff285625e1031217e5b84557ed11d3c747febc8c,0084004566272606
train_643.jpg,7cfe38ebe7f24fe6cb0e2be77c88d7f3a407529884f708034e939969f022ef82,4b0b0e5c6e4a5bcb
train_644.jpg,a961712d32ad3f3108fb17e089d35891e73d7c7a188d3b29557aa598f6901e31,61c1c13115377249
train_645.jpg,1877424199daef27e41febcf57de7e6cf26a85ef16b9ee7787995641b40f1cbb,37673374581b1a46
train_646.jpg,8b2c29699263a8f75d405fe50eb56841646473133c46ad1ae62eeaf2e59e7e81,3b674ecc24355392
train_647.jpg,57f82796260e2d92a6607f047396b25b8457cf648e37f14fc84f93907f96b994,d9818d0d4e078808
train_648.jpg,df55a4bbaaebe7f805e04380275037618d93b5c00d0e891d89640cfceec55ef6,24b4b2b0484c44ce
train_649.jpg,0d5a0167c4ee4d5a7feb10c3520ce99820a9e62d6041f0a7a4280bb29835d22d,e27616578c0f5512
train_65.jpg,89a85898119be35bd448f560720a0f9d131310dacb9007cd6dd14c7bce2c6490,00000121292133cf
train_650.jpg,839e3c7f4ba26e7f94687c0fd40d9603cd58518dfcde1d12da7cf6e73c6828cb,303b9b98df0f7313
train_651.jpg,08e9e54d220dc2995aac3c977dac3a7e03e09198343f7ad987a7059b91215747,ccccecc03262e6a6
train_652.jpg,1e0b063b691a9eb87b9a35f1e8f9970ad026db47a79b1bcd61c3cdf59e5654c9,bfc7c4ccd4d38bf2
train_653.jpg,046b683c6e732d15e8ad0babfbdde379a78d52d2bbd3ae6eabacc626dcecc42a,87cac39959169e96
train_654.jpg,90fa2e410719c25f4eb024b29e80e27af8c659f31729c6d30564ee06e4456703,dcf87cfcfcfcfefc
train_655.jpg,606f8a0df01fcf53a1f0beac29d7b1f0e726c7cd22a261dc5e821b15f768f494,d4248d8d0d8bfaf1
train_656.jpg,f7af63cab8d4269348032ebe2582439579b344271c976c7acae04d044f721b12,67b03333b6d33733
train_657.jpg,2ac5830e75337927589a6b0fdbe18b9e8d31741ad3c9628469fcbdc30eb089ad,0c1c1c1c1b1b1a06
train_658.jpg,1bb997126a7dad5b3748dad1e521ff4b21208aacfca630c4b1464dd938120bc7,4c4ed234234fe337
train_659.jpg,04dacbafe4549d3348eaddae43a92768b855e945293ccaaa6a76032a4ab75f2c,271b8f7595b23f2c
train_66.jpg,1068093a12d3384969689dbf386877a886848abb645aaf6c41c02be97b144132,59090f1d0d173332
train_660.jpg,acbbeecdd44f010630b3febe99e01ad6e5c0f208e3f8eabb5f56230f4c77da00,8acac2c2c2c941a3
train_661.jpg,929135bc0d7f6878887e2756cf8672d6be8f0279f98474587a27ca790b24eb0e,6f4b49494d4d0c52
train_662.jpg,eaa0d7d9475b64c1c99b75a099ee7efdabc3827d5c7c239ac023a0b0e3e71540,06288e484e589869
train_663.jpg,74125c132240ed58286b0501fe62dbd074cd1b0ea2ed24810d083b887631915d,339398dbc327731e
train_664.jpg,d7ebf79e371ed58c70865147c59de478b5a10238539f601afb1392a67fb4a87b,11094b474fcec503
train_665.jpg,e6bcd7b02c05e6f013e10ef4e96c516473b8167b46913b699d34e9aa8553e586,b2b33a344b677316
train_666.jpg,6d299f94ad215234d8051d4deb03527e4ec92bad74b183934c5ef858e4c42eb2,353435353535353d
train_667.jpg,8c281d0e70794360a5d6027e86999df5f2378756885be07cf954b41948b169f2,aecd4d469733397b
train_668.jpg,f253d2c9f1de75a8d14cb2b3f827d7f28a07a63cca5fcf7afbde3a54172c09ae,9795191827391d2f
train_669.jpg,68a0ebeb94cc0a0ab1a87ca775ea37bdd591ee1da7f3ba04e9dd4a5d56fdcd97,0cce48080accf7f1
train_67.jpg,5ade49ff5eb18ce48b8d2bc7cc3de9365ca0916aab12b8130763a419ea56a902,3c3cb8b0b0309233
train_670.jpg,459c0725d5faa955fdc41adf2040214b7501d72c4be7055a72860c0d48c75386,8763a385cd8a8664
train_671.jpg,95a509da383d1244bbf031673bc4b06790a6d5092bb337788566892d252ac5c8,15092b474fc7c503
train_672.jpg,530c299c9f326a87be89598e63692ed620d03ab7b315f6e35a8ea3596bc96805,070717178b8b8f8e
train_673.jpg,9d08bad22fcfc7860b8e152e8421a92be9dcf8ef7d44de055c004c004ae9e187,6e1ecac6ce19adad
train_674.jpg,a2ee7360f940bf12ce62558f50e2338145abd1d1b5cc971a7d5b3cdb0f6065d2,4e4f0f6fffbfdb98
train_675.jpg,b86b156597cb4e527f80e6adc21857b2ccc2dcb16b2ec8868ff6e17231654121,f66767656f6b6b6b
train_676.jpg,d2d0901d0fee9a20273a664fd7b5a0fab9ac2caf3120af1de5e96bcdb98518e2,99194919454d4972
train_677.jpg,f0d8369889751bf8f32d56a8296382bc013c83ce68651405eaca6e421f8800a5,0707171f8b8f8f8e
train_678.jpg,f97d4268674934634f87e43cbcd48ab2aaab5186ecb4c848ce482d364705f45a,c62c2c0dc4c6e14a
train_679.jpg,fd2a4d5d25ae1efe0c68b201e940b46a3d012768b23170509501686c33d351a0,9f9d1e2e661d9c8e
train_68.jpg,37d45a95ac5f7affd100e9aca489340a2d2259fd0fefd8add800f9c52544f57b,4b4b4941630b0b1c
train_680.jpg,8fc95aa41c91fb0b6953ccd807ca17a0a0b0b0054ba06c22c1bb37350bb7e1b9,8f0f4f4f9b9ffffe
train_681.jpg,1b46d302524f1fb5b368ee03ea9c7df5d1756054aec8cbdfb9a0280bd48d518d,8464646c96664262
train_682.jpg,081f15488ba18e77a7801d885ff845a081949fbea4b71013682a7b0de063cdfc,7fff3fcf0e2f5842
train_683.jpg,48974392822b4cf6e468621b1cd3de79201c3cef1d349147eb4380963346fe32,6f4f49494d4d0c52
train_684.jpg,18690f01441a882b0505d6cb5e2050647c978b9b5fdfa6bf189a1c80dd5ff99f,6336a4c2ca726c19
train_685.jpg,544ee7f0afe8d2cc9ad6c17b55f7666bc65255bcd6eaa439aa7d8afebd153240,5fce4c4c50cacae2
train_686.jpg,3f8a2df6712139fec6f63378d760aa1886b293443710c5dd8b2b281ff6d0781a,0336b696949c8696
train_687.jpg,6f2679d0f4fd62b988c445f0c60f1d71a5810d588f68e31393770f7a4823b095,e27616578c0f5512
train_688.jpg,252b2fc3c641b68a8d78490f5e17999482c337cbc67b42d7ab970233f5d8b22d,3c38392f1e3c3c31
train_689.jpg,405f4858c38d103092e00866b20054012f81e976812137fc1c0a843246e38704,b39ede7b31715c58
train_69.jpg,3f1b554e6e2396f90cd84cb3cdcde52d530c21f90a82572e1c426a371dc201f2,06064f1b19199190
train_690.jpg,ae5fe0feffee13631d60e2c9afa93153e75435ee02b63b7ffa45f4cbb9e4d28e,908018642421c02c
train_691.jpg,40b9d8bfe65fd3532fa7eb92cf713fa3b89e81243f278525486d2c95fa6f6f5e,c9e3e37878d0915d
train_692.jpg,a6c537152736fd9f77b3a032f28d91cb6c06da7b10cc9167e3dd8dc249ba0553,3333331f0c183331
train_693.jpg,fbb9bc5ac75781959b868d7f470f3a1a011f99b902162079ed534e171cfab679,3c4feea6b2f1b5a4
train_694.jpg,21ad46cadbe777232bd049fd575c76a50e196c3ed09c78ccb154b4403ce4d261,f37332340b677316
train_695.jpg,95e371be24b246775401aebfda4c743e23646e6ec09bbed1196d02c7bfa2fea9,7ec6464c505aca62
train_696.jpg,f9c0286e25a5054a3b05d51b0cb2d0ad8bfe98615d3898b4df72dedda6590872,830b67efc9bbfefe
train_697.jpg,9249f64dd71bed3991eb51b6bd18ee91b6c485461e895bcb1b74b81ecf8bcbcd,17cfcdc9cfceadfd
train_698.jpg,23cedd8deb685643bc0c0db6dfc3eb75bf4abc759ec1272a41dc70c89cbb8726,1f8bcb839b86a8f9
train_699.jpg,a3c7cd386525d046d1ed5dfd25e1dfb6ff920976fecb37c45b7be2a826e0ac9c,16266d2686a686da
train_7.jpg,0390ebcf77c6570c97d66565ea9aced72f875a3692c9a8a663020d24f659087e,6fcb8b0f2703cb8e
train_70.jpg,9ba951c0bcf3c11f91e7715ce2da5d30b04a8eef4a9a59827951b40f9e3f6385,1c333aaac052f0a2
train_700.jpg,8409f7de86cd21cb387d516129afa625f40ff0c3940169efd1488ff8effed2f0,7f7f3fcf0f2f6044
train_701.jpg,c165bbf96d337c37c83de9fdd8d5f2ecf0ff68a3b58ce507c40c6abf6135c220,29696d4c949491a1
train_702.jpg,7ebde5b658f9a39f48f0273ed1066a965b0277f7fe21dffcd8ce1c41aad7eb40,e8e8a896961e2e1e
train_703.jpg,0bb7d0206f54f779b041c8904a051fd4dddceeb143ffd3c65426ca561c055235,034b4b6b6b636dcd
train_704.jpg,dd8c77506206683497f7cb42623604e925aef8782a0e455c98d9099c1b5bb647,3d33373632323335
train_705.jpg,e40a929ce986d3bb254a8decd2b7a787c16717745863dedbc3c06747beb3c8a2,3f1f0f0feb199fc7
train_706.jpg,d44635cebc57e9769fc4678ac260b1ef205103ee57363c53cd554b43bb586462,3e2b1b1f1b3b3b3b
train_707.jpg,b0589f50792353adf0a45dc7f1eaed6aacf34c4e6fd355c89eddc58d44eddc7a,1e0e0e8e868e0e96
train_708.jpg,b810cdd8a3180d17f3a02763bbcc878c1b83ff7a5b6eadc75f8793aa3cfb066e,a4b430391c363929
train_709.jpg,f95f3a5cb7d5e952c1b14a8f859f1d83522c976ec3d839be2382819150df9db5,3c3c1c188c13244c
train_71.jpg,0cb566e9b9e6937230db7b0241e134a9ebc047d0024942e1bd341562a16fc3be,d487e3d3fcbcb4b2
train_710.jpg,c816dddeaeecb000771eff28ffe46a5cfda2b4725515a3ad547fecc55311338a,224304b4f2c22160
train_711.jpg,4f95b44ad5bdc5f3862cd1551e2c4ef71b41c6531d2eeeac018ed1a8531345ec,599b9999b199f9a3
train_712.jpg,3ad56319a6c4e97a1aea32f29815fc264363e773dce1cfe65c89c7a03cd9ca90,7f7dfd7dfefefefc
train_713.jpg,f080c5c997864d7f8d23e845d36cab722655c147283ccddccfddf9f610d88bbf,33d37b5b3be3edcd
train_714.jpg,cd0a7db6c35bb540e038e35a6e64b7db15ccf0970c1993826e9f93eaab5af285,8386c6aaa464cf0d
train_715.jpg,5feffb91e79dd0f3853bdf4a48c63994d72ddd92c09e85697d8165eb980c022e,f8f8c8cacb1fadad
train_716.jpg,cab6db03bf35a8e22a2e503df0fb5738d3c2dbe9c4795848bad4b066084899d6,4c513131a9b74d0f
train_717.jpg,09b0a8c50a57afdd29a0a471c5ef38bdd3f18e8973598d3c6c4b860f7e9e81ba,c3060589a7079fbd
train_718.jpg,92bcdfc60a2b25db748381da1e3c13795a175b65d904ee32c9a90fa71a285d1f,1cca1396b6361a79
train_719.jpg,edd6ade376009ef26f729cbb02d7ef429fbf695d65420f8ecaf0219ff25db1f6,3a323016c688c064
train_72.jpg,3aa1b098f7e5bc47a415724208c8116065f8ceafa015376967e8df3810758eb4,e7e2d1313a367475
train_720.jpg,837ab784d6da03bd275e0b9de57ffdc9cdd4f3f5460662a8f4684211378aa150,0c1c1c1c1a1b1a06
train_721.jpg,f10f269167808edcb8bb34317c8625762f5cffd2cf4110e28ff554d6d46c42a4,09596bebe7e5cdcd
train_722.jpg,f3d691502a98956ef709908e6817fdb3778abd4703154b60cf10482d1db751b6,e30f0f1736bc3437
train_723.jpg,fd13240cfed2ebca7e16793efec1149d8d7fb2ace4af5859c1d515a25c8fba20,4202060617e20111
train_724.jpg,f0efa94a60e51f4299b43e99a0fc9606094c146513d14241dd8324b738c10034,3d31373632323335
train_725.jpg,e71b628503add454aaa3a919940151ffe725295fe69e03b5e79b7f85baba68cf,c3471f8d09736926
train_726.jpg,dc4ea271ded3a23ddb687df076ff1642772a400b2b2088883771167248ebe98f,93d8989cd8f1feff
train_727.jpg,d46e537386fc3d38b66dd977136d349a5c2b2ff746024fe9e8349f33c04a3f1d,ace0c42726260667
train_728.jpg,a5383187ba954bca44640431de09d1470fc3036c7f7e9371eab528d2274f79ef,4f8b9b2f2703ce8e
train_729.jpg,0033940be99d063c687e4603023cdac987b27a850ce0b378b746cf8ce7c8c159,1b97860607264dfa
train_73.jpg,33101a4c1f0cd219bd2bee2e20740c0bdc2835b06d7777beb7953d3f9e629581,5f9b9b9db599a9a6
train_730.jpg,45c028029e259adb21968fac352e9c3108cabf324b707862b715dfda0279e1fe,c3070589a7079fbd
train_731.jpg,5e41c05d8d717ed82c12d4e83eecfe7f6b0fd1346dd01dad81f93022ae16f738,1cd0ec0f868f0b13
train_732.jpg,395c907a71da7ee121b2915a5f9632928d34eb7cf82427b2e776e041b77cd387,6161e11813337249
train_733.jpg,14dd777105b37312437b9cdc73f31d92819e50b13d67e13564b360d4bd8a7b76,27040c9c9c96da0d
train_734.jpg,284740c70e9a9d041113d1604899b19396b7716793ecf75d62338961f28403d1,5b4b0a0c684adbc7
train_735.jpg,eec18490c47219dc49d411366fd96128ad412261d8d012f3d863fc248499bea4,dcece4cb4f4c1e7e
train_736.jpg,96aab037f63324f3f0da02e72d0e3077fa0d03fec335f9e2695f7a72f64ea45e,5f7efffffffffffc
train_737.jpg,ee657f206d77b9b7fc904be23c8df7c99b21abb24e5dde60ab555e98027d6715,a7272ba33266301e
train_738.jpg,9544fc65e8f02ed88ecb76f543ed4bcb1ce7efb836394b536e4bbe8997bb1b7d,6fcf8b0f2703db8e
train_739.jpg,ed2e63a6cff57db49732237b44cea22c23a21c062c22ae2830727bc3ec63ab1a,35361ccc6cac8c0d
train_74.jpg,416cfe134ba820843f9f91739481ec076b40d2ec18b72e4cc570fe5ccf2f1c6d,7f7f3fcf0f2f5044
train_740.jpg,caee06dd591c06c701edc460178e633cf4d60bfef71997268e55455d2148274b,3263371b43a6b333
train_741.jpg,1077ea16f8f6336957aca97b772fe83701647d11900324228ec7a76946bb1a8b,638e8e8e0f4d893c
train_742.jpg,73226adab2f02778aa3b36b709e3d67f50652ce26b7301a1504627d8b60dffb9,87071f0703832320
train_743.jpg,44619d43968f4f59e5f9c8ebdf528f474cf81ce6898cabfc98ed355230259693,1999999b8b89998b
train_744.jpg,63d4bccc7a566d6e3ae85242117331b36342f530ce07acba5d845cf70eaea66d,6ce9cfec0c89e9c8
train_745.jpg,cecda1a73404352fa1e66395a65321abc15c356d2a502455d29973ffbbc829c5,a1a7062d4f4f171f
train_746.jpg,a43606c5f16dbc5470321bdce329debde77df3e2070996ead8e29b44c4a51e95,cc7133336937095f
train_747.jpg,50c62aee6c8ac2f0804d29624cc9ed0712db27ee2425f2db5f522bd3df2397bc,ece0f0f0ecedcaf6
train_748.jpg,1ade39a8d8c255b0aa38bc6a8df47920bfe2a6d41f04609a7ed17a516ebd83b8,16266c2ca6a6a69e
train_749.jpg,68f9fcada3423b4714caf87c614048fc1fd823a97343b2fc7c6cb5e48d16881a,f2720707e4f87c3c
train_75.jpg,312dcde7d0c4fdf98244d83d2b87c6ba003545292209713994eccf208b4dd354,a232321d31319122
train_750.jpg,2347b5fcb9620fb342345161a6c127ebe5078471778fab46302f0c0a47f60f1e,090b0919061d1b7b
train_751.jpg,2b6223c2b41ea32e12c2dad6dc19178519fe558ae584202c548bae90713fd66a,f0333b98cf2f7313
train_752.jpg,ad422c11ec9ba4e0f779048ba339e75230d490786b79a98f566b20f05cd56812,1f37177bf6ec6071
train_753.jpg,a09adaf03cf54e3867cafb5081f4df5190580df81f36dc8d09563432fe882c42,42646ce42c6862f2
train_754.jpg,3c1a3e585812598272efc3abd49e32752717cce9489720efe74b2506ab62faa4,3f07379f8d5b9333
train_755.jpg,b3dca6fe862beb459babd25e5b5464c7b4720545661fd53e0c79b4989c138eef,68e421d5cdcfcfc1
train_756.jpg,0666876c51ce8bc622e4d8456ede39a859acfed6c0f118b986328660c4ef6e89,cac9cc4cccf0fcfa
train_757.jpg,8213aa5bb10192c72172c8c9e825a0db532e1ada5a51679bbfbee4557b3569f1,078785d594b4b90b
train_758.jpg,9f744ba29c60a35b86f7c610198626b34bb1f0692e1ec5f2675f74f4b97eba27,d018dd465e3c26ce
train_759.jpg,ce3a0025bafb07cadae1999f4a204892b679ae95d816f7ffea6fce1edfa731e5,d3d3e52d9d1e1103
train_76.jpg,c1aefa63d638be7e820a3e4028a049ccbe8e29a77c894c92cd58a714dd72644a,e333272d2d395d6d
train_760.jpg,e91c46cd944a6184bce055590e416b7a8d543babeabeda4f58577a36cd1be183,19596bebe7e5edcd
train_761.jpg,e6eee3efadf5017c0666f246f99f6cc897fffa733851853db5db3dadec2fe69d,5173e1c9e96a49eb
train_762.jpg,226c6986ccbf034fa8377e1b360c407b8b1a9dc816e625ae696e9341c1f1ccbb,769cca6b61775c59
train_763.jpg,f01eb2583f08bfb93d264bc6ce6110a8543a7d3e60820c3766c38651c07cf4c2,070717978b8b8f8e
train_764.jpg,02a3db8689631342917240f068ca37ee2e7e13cec2d2ecda68d2e4601c937002,07cfc9e9cac60eff
train_765.jpg,d72c2ebbca11f6b0218c2fea84de9f6b0bd8fa4a356327c7923b28897d15bab1,070717178b8b8f8e
train_766.jpg,6f6125923d8d51beb16ac6bb852458cb8aafe83266b12ad3dcadc40048b819f6,67e5274c491b0323
train_767.jpg,d896db94fdce87ff8c577db390a8e3c21568a9e2a27814f20eeb429054d4470f,51f3e3f1f17679eb
train_768.jpg,325c5710a1cc9247f958997cf68a0d82fa8e79de6a3a9846aac98b293509326a,4e4f6feffffedbf9
train_769.jpg,8dda6bca0e4f63b98a5604c6fe3c0f527eece9bbc3fffa074bd9de87924decd8,e6762f6b6973d9cb
train_77.jpg,428f7c2290269c767601c0ecedda8930f87207c37bb0f1e47cdc19040b0cc557,3f078f6773dfdf1f
train_770.jpg,d914d7ec363f4b2db4399b2c4321a7c810ce60b90b1f6e4a08fc4657e964f02f,7f7d6f4f4fefb794
train_771.jpg,0f905e21860267590b031b568a1c4c585458f25947e68d743f368dbf9614f29b,59f361cbe86a69eb
train_772.jpg,ba88fb878bc4b9bd09264c64fc33f0e8707da2b07d580b695cbafcd28da26a9d,0f0f4f8f0d070707
train_773.jpg,9408f01dfbce5f1413816655962f47cd05596d9d0ff2ef36b1663b7ef94eb2f9,860606868686860e
train_774.jpg,dbbd7bfb38581a6975d93008d86b8adbfd6ecef9991773dff138f436f763660e,230f9e9e920e83a2
train_775.jpg,4b0875efe60f0a58bb91e63bf7af4959eeb659dcccbf6442975ed07a8aa0e300,8b5b59596d471919
train_776.jpg,1ca2db59ee9fcbdfa6d2c2b2e0098d1fd9da28dc9543917336502a42b19ffe23,5f3e2cdc9523da55
train_777.jpg,230cf57544183a33a2015d365cf78a7fb457f78ad5b4b0b472901e8a02e8c000,7f7d6d4f4ffaf7d4
train_778.jpg,cf9f9e426c43845c8e1feb240e274c039e93fcda5581595650d7739c5e22d389,4f4dcf8d0d07890c
train_779.jpg,fd1886fbcdb62d899528f4ea93abdfeacb57d195ec5ca50ae0b25b00bc08aa2e,4f8b9b2f2713ce8e
train_78.jpg,1d4226b0ff8aab42c2ef0a6ec0497ae16be0b2f5a767182aec8c623395ef0ec4,9c0f0f0d02321c59
train_780.jpg,1d6cc74085420804f78be7b40ff75e819f64d511f188b899017ec8e178b409e2,6bc3833313332625
train_781.jpg,b5fcc2f7204dd743c891365baa38f41a4c9a340230711981900dcc780cff9804,c8ce465e5c2e86c2
train_782.jpg,052f9de92007fcbd4d66fbfd5511448dc04a96d5f80db6ced2ecaa768cf8c361,070717979b8b8f8e
train_783.jpg,f765a8ec5a4d235ca1c4bdd22c020bdf0515656d1ecc3a814fa6b130ff244492,0f4b4b6b6b636d4d
train_784.jpg,a0ca78e95d097576bc5f71459c7ed490e0e18f9fa890a7687397cc5cbc76c434,a4a0a1b9eded3165
train_785.jpg,0975beca9a30929e7a50bec2cf7670de832db061ec4e9cb8e4c0d671f6ca8861,c9991312141a5b13
train_786.jpg,e052aaa08316d4954e494fd01a2967b1a88319cfa43fab21eb10713e688b1403,6267a333338e3727
train_787.jpg,c1d3cdeb3b93438e1792ad1a3e141f4302d02a7f47027463d21bb1a7d101dcb4,040ca7273c623c1f
train_788.jpg,49b4a91e5b1bbaa0359573414431df209003287907512b57b304f065a909dbb2,49696c4c14908921
train_789.jpg,706150a8bbe70c90bb1728e8e079cb93b8f980d6f52284f406606140a2781e5e,4e4f0f4fdf9f9b99
train_79.jpg,6a098b890f2214bc7e5cd210becc780e2edc999ebd15596d5c5f081c99013872,c0d24561696c2715
train_790.jpg,29b258da4125afd71f687f8ce91e6140cc7c1f8d16b62385a5d9b7d5c80f561d,c27c2c0c1624307c
train_791.jpg,7260ac5eabb9a1995272016112884858b1c145128201720f8c69ededc3eaeaf9,6d5d1d1f1b9b137c
train_792.jpg,7151c1271dce5e7edc7370e060673fa538a248ce405c6b6072aa5890bc9cf14c,6363733677c3bf79
train_793.jpg,950cda768ea38c1c9e7e9e92c6859ef36cefbc8ec42b778c633e7aa7e4a5f3af,6fcb8b8f27034b8e
train_794.jpg,764e412bb44b8db2b9f638d73757f7aa680d3fc3c1b7a70f1a6ce5075f75680c,9511cdc591dbda53
train_795.jpg,1f306cd430097adf2a666a3d082f40546fb86c306d1a445c6f6d1e263b826ee2,690dcdd3632d7d2d
train_796.jpg,e80acf2ff272f48f1cf4f089bc973e89a0d3a4cca24039868d82a26dd191c13d,c7c3c3c367c74747
train_797.jpg,eb7c2418d3f1301e5e38d0265d82232fe3f5ca130ea4ceb8bafc22f3fe5412d4,730f0f1736bc3437
train_798.jpg,598219de9f8c6b90e659a6dd5bd8cc3509f90fe570805799b1caf34c10a8e6f8,8219c9918c4c4684
train_799.jpg,0db7b9f27cb8427c668161eec15103ce1b00362fbb66208248c0f365c8de8021,040701080b8b695c
train_8.jpg,1d867b306923b841cad00489bbeffdd58b6352ec187c6c1ee3615e2eb0346c8c,0808181019091040
train_80.jpg,9bd264dfeac8f38b17218b2386fb0740f9168bfdb960ddd924d10a56801e2bdb,3531333232333337
train_800.jpg,a37283800d61dc54c24e9d6f33092a5bcaacfd3cd3fba19767208b8b076683a2,3633373531151503
train_801.jpg,19720f7281d166c1005503a8c5c63afe7bd927fefd238bb69003d90ba59b4e8d,060f070b2b1a1c04
train_802.jpg,2ddf889a110adfb146b6667e639822f10629adac975ae1b1358cbf39cc866414,41b8cac5874b1333
train_803.jpg,7a3c0b6581b398e8346c4a618dfadb039d8e754b9185400aff2ff617c3517afa,3f0f074d1f13b78f
train_804.jpg,1bb8377eed9bab1e201d140111b5c56193c79ceebb1d3b79c3c92f21db370e60,17cfcdc9cbc68eff
train_805.jpg,722fcbe48879d4df2361c648b62bc8fa5942bda332d89a5d0896a5549bd4e946,e27616578c0d5112
train_806.jpg,8d31bd403cb2bc374925485eca133b2f1c342454805bbea3c74c7c5239a0523c,970dcdc9efc6a3ed
train_807.jpg,2d61a4ee827dcd171e4a3ca5284aed1d7a7edb968ca4b971276888b7b6df0204,f4d0ef339b385276
train_808.jpg,b927c3e153da69ed8ed95821d35b290aed0c53ba0ae23f907b64027e79254df4,e6d694b5b30fc7a3
train_809.jpg,3733c57c9ea7ffffcc86356535c11aa3b190198bb8a62788bbc3987399fb23b4,63f2a45656171062
train_81.jpg,1f8b8940ea4e4b209e266447030471432dfdfc0a17ae4f0aa7a8547b1b2a5cfe,e6666478796c6df9
train_810.jpg,ab096fbd6e882cb2f2e2f86a7b59df7b3313c3a61e537098b44aa942016af9ca,7f7f7fffffffffdc
train_811.jpg,c94a4f8882c2062516cd3fd248c665471bb6fa23aaaf3f47559018aee1850e9b,297a9397e7e78f26
train_812.jpg,49d7a9011a8701544f72c92cea32bf0396951b44d92f8de0e876cb65a15ab790,471e9e3a6c3f3fc3
train_813.jpg,ec49a5ae56578fb69ae162206564e76ededd485327b97be79bb76786d80da45a,3e2b1b0f1b3b3b3b
train_814.jpg,c8b3e5ed39556beaa630e8dd72053fed682961f55376635189070b5808177313,f3c366572bcbc3a1
train_815.jpg,f63868297e2aab9f50e3c61a4657908c0adbc5dae1d9984522694785cfbbe1c0,6763733577c3bf7b
train_816.jpg,9fde19f047f494765743f5df38a5a2a629bec2279f1317674b32743e465e56e3,e30f0f17363c3437
train_817.jpg,b637338734d2ebee4169054fc1bec6ed0c38eac369459237068b5c64d03f2cd5,072727263682cd3e
train_818.jpg,a0f1675edfea884cb3c421336bd6c425cb13f10543b0f678f3ee00584ab0c12a,149e0f9696363d2f
train_819.jpg,e8acb112950ad3211c990c165f7c1b3386c75c7390905fe6dfc253ee2d4e694e,7b7b6febd96d67f5
train_82.jpg,05b4fe71c178272b961c3bc85fad21b9edfcb16b8c528dc4e6b3efebfa0381e3,078785d59cb4b90b
train_820.jpg,306dc936d93d0281c3890fe599cb06a3d0ac4d87b9adc4b70f20ba1705a14fe5,7f4d4d4d4beab696
train_821.jpg,db6baef5a58826448488af8571b6b1573e9acc6871d73e1f641b1bab4cf845e3,a0b078692d0d0905
train_822.jpg,cd7936164ed1abdc6792853b676972c14542044760d7c738d9ef45c52598aaed,d7ceccccd0cbcaf0
train_823.jpg,404110837f1da38e17e4fcb6feacaf5fc2806872d9d8bb25aa0df4f022e833aa,436b6b43470f2726
train_824.jpg,ee62dd5731af84a70b6365ae2695a132d314929aebb79d70379a3c1e979fc287,070f27071a928e86
train_825.jpg,350b51ca66e0795f5543ab0f4963cfd572b6069bfab7ac99bdc1142da7c1efee,191b980b8baa8293
train_826.jpg,6ec3c2fa44cde964af55bc9dc609d98ec5f5f85b4a105aa9e913205a230a721d,6fcf8f9f17014fce
train_827.jpg,0b96895096c4055163556d21c0789f0d082d91247a945ab080c9ca932bc2bab2,170f2f07070f8f07
train_828.jpg,0ccff13a4f926023bfbcd6f13135d908dee4b35ffcae7701152d1bd06ebd85c6,d4248d8d058bfaf1
train_829.jpg,c4ea9a3ca9b879fe80a55defec7f0c6898d94459b2aefebe87289eb1e16dc881,7161cb0f0f4fb1b3
train_83.jpg,59a5b6022dc81de398f9c12d235dc3708bcebb558c77986e6086ea068972feaf,6dcacac77dcd4d6b
train_830.jpg,43c968c2377af70b6c5f1f873dc550e6670704c16c53ba77268065addfaf29be,01be9e5a9a8c96ec
train_831.jpg,85561cb6b880c921f21ea65f8eed13d206b6eed5b080f66b2b8b5b66fe225bd7,272b23317f62305e
train_832.jpg,9dbd06eea9042e6179405c8dce78ec68193e5729217f82a215620797cd9f76d8,d4a4e78ff8fcf872
train_833.jpg,7c9029fa1ad5f46c9a957687c185aeb38fea539945365985ede01a2dce90c614,0000042c0c240604
train_834.jpg,edf5862ba2ab903cd7784472a054cce7406f000415f86a917131fb9b4cee4d88,cc9c18585b4cf6fc
train_835.jpg,3d155e3d34f320e10275154266b48bba89cacb98cbb0bea76284a924b3376a21,741034e646dcf032
train_836.jpg,81f183ad88c5aa65f1d050bfad05558f6940927cc41e9220e10838cb43bdf62a,382107452d2c2c5c
train_837.jpg,5a0e96ee68b174004d01640576ababab955b816b540219865af60eaee4400e21,77cd6d4d4beab696
train_838.jpg,4486364e5420a0ede3ad302e5ea78eb18b8354ba8ffac702f519939a7f694ff5,b6b3b6363515a523
train_839.jpg,635759cd663674ee890902a4ec5a732bf2bd4112ccd44d03d2cc91018185d344,0c11034fcfc7c503
train_84.jpg,809e63fdc66a22a438d38ca6e821f980054a5a142f86bc99f0225cece53c7843,e3e3db88d9d0d4c4
train_840.jpg,12a271962326834c00f7ccc0862338a67ed9a9283364efac91eb6dac644e0567,07cacacd4a955dd7
train_841.jpg,bf547459e8f50e87e113e6699a068ca3ef825a30e49507680f5944dbe02a673e,c6c6ccc8fab895d6
train_842.jpg,9d1ab72865f50cf3c422b0fd58777c2db2bae4f94329aaba2f43bf1a537b8fad,61c9c3464fcfc7d3
train_843.jpg,86469a8ab37f434067be6ef7f01a0da9c388d3ae6fcdff38382dabedaea5ff42,16242226124b6938
train_844.jpg,d62c5876a55882ddd0ea0a39fe9c02440f3bc75aae4ca10476c2555d7646e4d9,84843438692d318d
train_845.jpg,33f614330eac949fe0b627193a498960f0b4d5788e465a443a057488f61cb84b,070726940c363069
train_846.jpg,85849fb803309cb5ed71cc56ca3c01aa22a0fc21c729ca45a185b82c86fe23f3,efefff4f071b060d
train_847.jpg,3bea3384cf11793910605bade788c7918b886bc0db68ede99b3f04f19a9d52f6,602137321919831b
train_848.jpg,3c726fe574b831e76cbc1bda9ac29444ab91187a4f123a9ac7c803c7b12ea213,fce563eb8f46749c
train_849.jpg,3d24f494031a6396a63a1a7a9df0b02321ddf772bc6e43810506e1aedbd0b97e,fc54d666e6e6fd7f
train_85.jpg,c9e2bdb3fb9678b66c6e9c0b54cae4b74ab06c7661982a2a0da25cf73ad94d06,b7b7afcf1b5e131b
train_850.jpg,1a208c8748104a74ac07ad5edccdbaf05ca30af44d341472d500666ce32a2530,9b4389892d05a643
train_851.jpg,649d1d0f0c8f7954a00f698fdc899a956fc3058b673ba63c77194e0b54b10972,1f171d7be6fc7131
train_852.jpg,16415e6d2583da2c08766f35b31cc2662ce16fd10272396f6a8ce3eca6ca3f6a,777d6d4dedfef2d4
train_853.jpg,188994ed4f3643ef0ff576bafe95833a4c8dbd85b4ed4e5ca1b84b90afb108cb,3d07919c1e1f0504
train_854.jpg,c78d6db50f70154e592471f6416848df4dd38302fcf7e3e255775a720f65bc75,89a48bc3d3d94f6b
train_855.jpg,37bd1c70917c546d6cf048f05c925a6a431e7eca4a1e90ef5309962156b7429d,4f4fcc33e3e4b128
train_856.jpg,6e3a42094dd693ca77cb1e98bfc76e4689f9c8717bd36880f97f349d9ad84486,3232321931319122
train_857.jpg,b67df318dff390329cf7c1685737feae98041c85e7f377f171f731de2dec454b,0cc0012d27070ede
train_858.jpg,10a87145a1f1cd3e9daec1bd79402248fd74450b799f63e520c4f2b14d0a77dc,b133d3721930b7e2
train_859.jpg,0640bfdeefb2a63bd8ae9b55c415d678237605be1ae6b8275fd04fa868da439a,8313c9918d4d4684
train_86.jpg,39c85044545c51e1fa766bc5e0b6a53ee1205539dba2f7dfb781e6966c694ab3,3e2b1b0f1b3b3b3b
train_860.jpg,9a053b53178a4e54d58a9462a210c342c1c4b8c1bea2419dfb2448728c8f9267,3311276f6f1b5d36
train_861.jpg,056d460bd3d4e953db9234f4f3fa21e9aa5df1942f45cc3292702b19af90b1a3,65968e8e060de589
train_862.jpg,a13c05ae80b1431e59abb4fede32073401c483bc329f639223c3f6cdd9da149a,bfa8aaa9b994868f
train_863.jpg,66f805414de15083066dfb3f0b617bb68f374d40e644001a129f3e0ad75bfec7,b39b27041919585c
train_864.jpg,f59cf6bc15a0e542d696f09d22bf9371114c10ea8c6efb92ecf2450841a6c8e1,4e4d4fcfffbedbf8
train_865.jpg,e4602486a6aa1ce7885e68cced2966fa7c548f983535ee4b01a585bed6e5b5e4,81cd8d91d9592f3b
train_866.jpg,2ce7a2ed8b263b723c5f9df5df0d70015f6e4f791ddcc57ca9b9e6373dfc46a2,cc4c4c4c4c4e0d2c
train_867.jpg,bb2299817fd26c77c9d0db4158e5c4f406791a2bad545ba8c9e6a847c0042632,d3c3e46d8f9e1303
train_868.jpg,e80fb9c30f5b16f7535a3e17bada3be79f89b249d5f860da36c1cae24828473d,6cccc6b196976939
train_869.jpg,786041ab11810e33db6a30ed07b34e5f4f69d02551629e438356e369c247e8f6,01010b4b4fcfc513
train_87.jpg,79902173f3c699367470f1c654e0d2fb22cce3cabf014eabc1bacb03f88cea4b,898b88a3a3a2a293
train_870.jpg,a672d4c4ce6fc6b2c42b50aeba85d0f119e47110bb496104722ae6d4d6d39ccf,f3f3db9899d0e4b8
train_871.jpg,bd1f96ac3f58897bb55a87a0e28ec9c8ff751f326a7c40ed0465cab038c77e2a,2c697c6d6347656d
train_872.jpg,96ca99507f9e20fd59174d1c3f1ca1d77d37a76e3fe4340207ddf8af6e3ef348,bfb323a08fbbb8e0
train_873.jpg,ec00d554806c7a4eddbf88f0c5ab2d5b39550541927ac22788aa46539d8ef8d7,060e0646060b0d0b
train_874.jpg,93032f939d826fa0093e9d4d5d7da7c05031c5f33b1b1581b043b4fe6fc633b5,98d89858d898b091
train_875.jpg,3eec10bcdfed7d86c8e3d249fa3a01406e7a0d4e0bd2b9c9a39806afeb3e198b,c7ceccdcd08b8bf0
train_876.jpg,462ca372b89ffebfbe491e1ea116aafb6e86db0c0fa4427345a41b2ddcb5da39,93f9c44d491646cd
train_877.jpg,ba12fd089a5117412533c9bbf34a1f6648ecd9ad4656e7e89d63606198574a93,d3d713cae4350b9a
train_878.jpg,85b5a3c6c2466bffac47554093e27db336377b7f35aac88df45dccc4a13f59e1,bfa8aaa9b994868f
train_879.jpg,da0520cdfa1c680b9bc0107a4f975b749eb8065764515e70693b18e08144b14e,dffffffffffffffc
train_88.jpg,bffc40058f736d8b2b6b55bd127542c12f74bd22d891eb56ee457e9f77a5011f,e3e3434361616143
train_880.jpg,b8119a3121e0811d776b33b11161be28fb98a4847ef4fe7d52f0ba34aca0dfd8,51f3e3e1e16669eb
train_881.jpg,9112fdae913f67b16bf565670436911a0034b76b3b1e8bbeff3e36d6bf9ac600,cb1f5514ae333b69
train_882.jpg,da1e83601d917a486ed26fa49275104bfa152e558800bfd67f42f1f4feb8cf7a,054cccc4c4c00242
train_883.jpg,e61d1f81f296f71772b6c8dbbec465871b97c91d6c8ca8f2fb4a24ce184011c1,5f3e2cdc9523da55
train_884.jpg,cfd2698077d7f27fa064ce023fd843b93559a3a4e558ff338237ba5b36bb6a3e,da1a1e9e8e8e9e96
train_885.jpg,8aa73dc1615d4c9fbda60fc2052fd89b1333838e314c98bfcc7b3353bebac00d,1c4dcd9d191a1e38
train_886.jpg,652ca347c8ea7c96a5b52c6dcc2494855b56814cc3ca120d192bfaf71bde177b,2c2d2f33333b8743
train_887.jpg,e4d593ca78a6c7afffc24e9167efcd9dfc95d28d8b8a493b61fc4158ad90b2a9,c3e36878f0b07d5b
train_888.jpg,2ec7b0d20dc7e3cd46bd6f5ba809b5deb6e7ce0d339e398e04e2a3d095f0e968,5a9b999db59da9a2
train_889.jpg,66cb1eb7e38b8ee96eb6fb2925a2d3ee62e60db0e3e58e18b2e09fac66c075b1,0ecc4c4858789858
train_89.jpg,1c901667d43a98301392a5917d57a71dad73f7690ecd9ccec4b84e77dfd4327c,7878793939397c7c
train_890.jpg,714dfea3c59998dce716eedac4213bd5d167f19e9dc801f6dfee398b4d273071,79c9071379863231
train_891.jpg,96ee70cb50f63067fd7cc658d5ff0b9f816b014c7202ccf17a2387f8ce059937,6dc8c4a2b298cec6
train_892.jpg,bd8565fd3069853a5446312cd1874c900e0ce27a28ac5cf82e2e22091dd8485a,29191b19191b1a4a
train_893.jpg,52f06156813110133e2fe69a80acf14f907f909ee45896c7f13e5f245ef65d30,d485e9e9fcf47276
train_894.jpg,dd80080c265bf416395259f4b95c41a7f76f3db1ec125479cbe3b70cec7366ad,0008012121213bdf
train_895.jpg,55150060cf3116455183397ede95f3f54c3a5bed4cf6604104fa69756c518f65,63a68ecf67f1b398
train_896.jpg,76ba068ce33b73b145de24f3b505e7f0343986931f1b3650502718ad13ec991c,def55b353d335b38
train_897.jpg,0b6e560e43730d491db8c2c27c1e7cc07613f147dd5a7206772f611facbfd768,060f0f0b2b1a1c04
train_898.jpg,8274eabf7bc2402db354d7c4211a83a1180f9b23d22361bcd23d9b4ee34c1257,20e061ed2c6df8ac
train_899.jpg,c68aecce4d198df6130d5abd817cd3f054220db4b47fc0b16dac208374c5356a,21626a2531121c2f
train_9.jpg,591eb52510285e4e1afa62e49272366aba911a21bb8f121c5898d298e3255abf,b1b1b0b1b1312273
train_90.jpg,7f0709decaac23d728c01202e35fcdf2a99bd1acb7336afda4cc4195cabf1e0f,0796662da786a484
train_900.jpg,bc65061d24819a4eb86b3f76a9fa2ab9f3d722f5defeaaff5955467d1a7e7d8f,b29b97933b233334
train_901.jpg,cb89ab98a5be7cd947d187ad422e71a9d317191d05997e4c125468bd8bc11edf,07cfc9ebcbc40fff
train_902.jpg,947cc9f474adad90a5352f6c13f5d53b4d9bdbd8bd166864b37e856cb66202ae,66468d8ec65e4766
train_903.jpg,979801bd88f50c076d46380a2b6486a1ba39e07aed63e174b5cb4582a7f2eeba,07cfcbefcdc50bff
train_904.jpg,5ecc2bb6e5f46bde301dd09190c09e7c297da77487b81b92d1926e93c3f3c71b,8e06338590d26a61
train_905.jpg,2649b0fa49e6387cd9d92b6bf1001ad42b65998e98c04b4b554eb12cfc60580c,6cf2e02decfafcf8
train_906.jpg,809d8f3713d3765f23f754173a430c1509080b243baf5090f89e291e3b450bb5,3d33373632323335
train_907.jpg,d0aa52414a3f8de89f6c9f25ba5a1acf87fd0a72879abab969ea10fa95af2f1a,3111111110202001
train_908.jpg,ace975ff7686ccf194607257a2c005a9396ed6f4fa84b71c4a462cc4c8bf7477,149e8f9e96363d2f
train_909.jpg,461f669df6a14aa77dbb7f31abf50ac90df7109b891713f672ec4fc9e29c1c2c,0d8f8f8f8f8f0f8f
train_91.jpg,60fef73cb728b2929b99b4239aef7fdff401dc67da63ee0dec4d33bccf4d3182,b6a66b6b67712646
train_910.jpg,453853425218eb84016a41acf2cfbfb3814f1cb1ee044212203045a5dfbd968a,464f4e4e0e070e16
train_911.jpg,b341ac1a02390910bd3e0b915ef0edf4dbb4faade0b85027c0f662a024fb4b43,cc8ecd64a749c9e7
train_912.jpg,983171f2bd823beabef2d3d8ede2e785babd0dbb5f49a3f3900fc7986b4cb832,369cfa6b61755c59
train_913.jpg,ba823347143f8ba87de7e5b5d88185a8682a36acc402977c24cec9a34da279d2,34343a9961c3c8c8
train_914.jpg,80c0dcbcfb2f60e9a1c990dac8ce0765826987b680ca9e3e9413e3db39197c68,07cfcdc9cbc6afff
train_915.jpg,53a92c5ab159ed3fc9b65eeb7432bee4b0ffaf28f2e032393f8fe2f23c95848d,161e1e161e1e0e0e
train_916.jpg,3230036d12c830f31f7bb7569a1330da3fda7ab86c6f04b7a5f9e9689f684abc,00000121212133c7
train_917.jpg,40a40ac24405637fc79725da7c9b5979a882f5ec3842ab966e67cdaace01feeb,9a0c181b376763f1
train_918.jpg,2dc37624a9012f1f4b7160fde5d3bbfaf6737ccff504a84db475b2abe1d17012,857c6ea78b4fbd19
train_919.jpg,d3309d706b3980da02f140e66eb1778a1b81d827e6d3fe1122c887c24048bac9,1b070c7107132734
train_92.jpg,2b7d23cd3121d062a43faf82e3e2fde02cb272bcdb6c6cd23ea264e8ab2cccfe,e2e7b7e3a6959397
train_920.jpg,5cc399ef6c7e02589dc6c114f0e3df07bbec6a4229905453d1dc17571ed32b44,d5c69692ca888c84
train_921.jpg,57826130b1480b0a6d4374f3e88ec37650ef28f80576aa2b99b9cfe6979abc71,c3e7c3c3c3e361c3
train_922.jpg,e9ac5ede7a566c861c02062520ad4793c430401d414356d5d1ef94faf49d8b03,1d33262632323335
train_923.jpg,12a70be94b0a4a01d49c7285cdc2207e40c04ff9f761ef2e1df837ce7dc9ac5c,4e6f6feffffffbf8
train_924.jpg,5c1a36ef4d77547c4cbc50e7118e59f616f1bc20a158379919b8ca5acfc7161a,8ccc0c084b4cd6f1
train_925.jpg,bc5c87c3862a750cf37bd37cb07c68762d3e37fe199dc1e946575e58f69c6e7b,81c9a993d35b4f33
train_926.jpg,83d5a3807041fecb299a91fdbd6c489c173505476c62f1dcfa9928360fb579db,d4248d8d058bfaf1
train_927.jpg,e19663f5a71334d17f7082c4188bc4e8bcaf7add8a3854a0adc97a2f4d903ef6,4b4b4961630b0b1c
train_928.jpg,48e43507e819ea50f149bc24e7aa9c59a73a4ff1f045c76ae17585852478e9a5,676c4e4f2f2f2e6e
train_929.jpg,5ef186657d4feff5db18b5c46d2b108a9a1992ecdec2b1cfc6d5ec3b059005bd,cc4c4c487858184a
train_93.jpg,507a8859b6756cf39257f9ce3c7fd2718d02bf34c3775c40e4e828499fa75500,98985e6969383239
train_930.jpg,f29fbcdafd4fbdddd6f6dad35d9bd30846cdf7bc3dcb112579285db8d05ef8fb,7074a3d34624af32
train_931.jpg,8049044e524aa5f95f1f211567cf9e6e7b93a59651d8e374c00294b86e20b7b4,5202160213e30111
train_932.jpg,e68fb884dc5c734a14fa513ae306d6a99bd34f5d7d14d54eea02c049f00e2497,031f3ee33e303232
train_933.jpg,6717bb082aaba9007362a7ace90b813675a2746715a2585067914b25fd36d007,e2761657ac0d5512
train_934.jpg,ca54004aead864e8406f6f2996acb8477f2d97d26ea23475bf2587e581ce2b26,4bb8f7376fce8e26
train_935.jpg,5a9a7aa72263c11b2ec7e7bda8e91fc2dd5e7a4a612ef3ef9e4e94efe449e030,0c1c1c1c1b1b1a06
train_936.jpg,b3d28077aa44fce9113f41156d564f046284ec098580d788063c672c77086c92,000d0f1f27270f0e
train_937.jpg,3a10b5cf3d68727d7d3d2d236e8b08540b4ac835dd948837024ba36b81958c60,b1b1b1b1b1312233
train_938.jpg,1baab86709735245c5fbd4e6616275bdb0583ffa6bf7d2966d9df3390aba100c,68767d767d666627
train_939.jpg,3e65480c92fdb33ebfb90a7be968b5c271f66484fb57155e1bd1d2650bb7bf5d,bfa8aaa9b994868f
train_94.jpg,9d52eb646c1d4f74122b216920bd0e1886d3e9b2d30641daa639f12fe3aa0271,5203030018e30111
train_940.jpg,18339ef5f3f0c17da643a99ad05bcdd03177d56835dc851ecaa0f1655044bad2,170f2f07070f8f07
train_941.jpg,9ff8da860adce1df37aa6a09eeca26afbf66c17bab3776dcfd6d0048774b666b,1f3e203b63363c32
train_942.jpg,712594712ffaf1d47b2a1f8f9cfb020c3f3a59a1204739b9b41a7a80eefe800a,7b6f67fbd96d67f5
train_943.jpg,20d4ffaf76fbf6e8b0eeb39e4edb74111cd7e52cf5d41945bfaddf98f0d2f4d8,3981a1b1c1815953
train_944.jpg,d6112faf33d52ded539a1c290965be0f90f8eb4df12d351da4a1d34a637c4430,d0601383465e8f31
train_945.jpg,5f2e191a577c2d4a1d4a4e1739ed254df5693218da1dc59656c26bab71bc6e03,9313674f59bbfefe
train_946.jpg,51e4b00086e614eb7ed3627772f78c0c01eb5dea43fcbb1938db7bf09903d13e,aecd4d9797317973
train_947.jpg,26b7c88b606f7bfffd94cd7e0e82fd4bf5390cd981b9d0672b73d97ffa804f60,1e174747172f0f0f
train_948.jpg,33bf8e197a57c01c7b13dd1a140ad422a1bc879d214b90e8ac42a6f61607e5af,87071f0703832321
train_949.jpg,2a10f61699aec396b80b2d4414f4ad4d5a0b4fcd81dbca58987495970289c870,4e6d6f6fffffdbf9
train_95.jpg,4e3137b22281d6aa91a95537e7b56a724b9a681f52489f9a4c3cd43c2e0b8017,333357375737173b
train_950.jpg,0d4a521850c2a87e6d51c1694233f4b4a6b8b86d07a4fa66062d6232d66fde50,6f4fcb9793034ece
train_951.jpg,89ce0e4ff588c738bf3e4f9ada1b3da5b6d1b1549813667d11d8dfd83c0e69e9,72103c3c9c8d2141
train_952.jpg,57d66b452fc3b1abbdcc2cf85c25c2a606658b4b7fb3ec4c3c76ad9e9d0e969e,1d8f93939391d38d
train_953.jpg,82dbec6b6526d8ce5c501365458d8ebc64c67ba50d1b60bcafd9c9c3ba7ffa21,9191950d3c7cb834
train_954.jpg,9231745d82ef3a9619084732b653d83008b4c5f538b049b1f13bb39e52ef7efe,f89c898f0f1a0ed6
train_955.jpg,43cb603f30f4535df1e42f4131f0f0b71c29ecbea0ceb764a2ebfa1fab97379a,0e0f070f0f122d2c
train_956.jpg,35a91e3d16caddcf3794721bcec74b80a6645fbd9b2f223adc2d9070b8d350e6,9999989898b8a171
train_957.jpg,84934448b441da12d757c67e57fbd25c9b31ee3ab533a040b04c13e4ce8f1ec2,dcdc94c88aa2c2a6
train_958.jpg,eea68865e90836de3cef64340a698a006ffce7d3cf5fc5ed47398febb19e8d4f,7230588d8f0d1d31
train_959.jpg,d1da0aec2116493ab43552c6597fb343c355d70ebcd301f10b22f59a6bb988ec,040701080b8b695c
train_96.jpg,948286e2fcff0ecabf27ff87321f6425f5afc470aa81a7a66f226f67cfe90160,333357375737173b
train_960.jpg,bf4b9e960fbab78156945d3d39b5347c5ec83e2a4d749d0fb4864a4b859423e4,0c1c1c1c1a1b1a06
train_961.jpg,f7e293f1bd6bb373e570e71b2639606f003b887b5ff4b3d63898d70e1a6b4412,c6ce424346c6c7c4
train_962.jpg,8c2c1e839a6706994a4f84223a0fa4df95f13c8134127c974a38041ff6ea695c,d2da9f9292193812
train_963.jpg,f157b04510104505d3bb36ca0b155ecbcb8a7b4c00582ea0854118b46e7c815f,9b4b49596d471b19
train_964.jpg,f41e424716a2da200d64da8b9dd9b96036e390169cbfa1d4285fc8e64e8e7e05,71c9071379863232
train_965.jpg,a40f635db3a47c6e2fbe2906d65c7a55d16fe786c94b2c1a0dd102c3ec944e11,6cc9c7ec0c89e9c8
train_966.jpg,a01082784abd750e6d44c8bfd80fa8fe3d1208d3831a9d8e4227a56a2e1386ef,040f8f07250f0f0e
train_967.jpg,8bda9571fc73dddb83f505f95bedf90cb8ff251a1a04ed63da071357b5abbe9d,25464f6d0e8e4d33
train_968.jpg,615b414d3f5ac44bd3e7617fa7b15f0840dd5b0be5978459786765336ff8b916,3d31333632333335
train_969.jpg,08594e06ae48e2569fa51d1e2340ccad6f48d5bd88e6a3650d5ba331fe5f28b3,bfa8aaa9b994868f
train_97.jpg,13b419e110ebc3c9e53371506992ea7221cba2046091c659e27b722ed2c3a921,cecc48084b4cf2f4
train_970.jpg,2f091b140ad3a9eb104baab79ab5687036ed81afc32a92052f2e013f3997d14e,3332b8998927f3b1
train_971.jpg,db1238d0cd9d0ca835eabf376c4365fac7a5f902b188af2d9665739f136003a1,c5c357db33333234
train_972.jpg,1dc8e9172bd8d0abd2afd6610e892477fc054923133ee97836abd9190134b793,4e4d4f6fffffdbb9
train_973.jpg,94ee93e6c5815bf6cef21ebbabbfe0a22a495af6d0398c473897e2486859f323,81098393939b4f53
train_974.jpg,130ff10c8e5d62d9304d4324570d8637da2b92cdb4dd07b1c2801ad217ee9761,9d972f2b3713908e
train_975.jpg,05313a2e6ee616a9563cce17597bd97fae3258dfcf181a89337293b8a64a4c4b,dcece4cb4f0c0f7e
train_976.jpg,b939265ede35fddc342ae3a042e3e1e0580ccda8ca9af64b8982819517304301,b6b44f0d2fcd6dcc
train_977.jpg,4790f3321dc939a21633b546b6b75e07166192c8f8f142e6183bba104a5ff1f6,0327a29296968e84
train_978.jpg,c8b66be7ca1e1f179cc1401638d96fe09893ccafed6d8c52a668867b47ca758b,17ceeacbcacea6ff
train_979.jpg,2bcd957d27fc4b7fd6384f9875cdad3328ea4668811e53af7784c6fd10306d31,310c6c343233b7e7
train_98.jpg,fe2dc014201992b5a08c75360c3b1c9e92e6a606a1a532bb74d474a3d4f1abbe,11c9818d4d468d88
train_980.jpg,c5e3686279becfbdbf1ea3c57e946dc1e17c5baf830a013b5645183881fc8e47,3d31373632333335
train_981.jpg,8f439c37b964f1fa41cd4ec2bb7e00bf8cd540a8964ebff63b6b511afa3b6331,8787c6c6c7c70fcf
train_982.jpg,b8519c9db30574edfafcdc4a2c91b8604c4cde8d26c48f8883444b4b385e8aa1,870202010b030250
train_983.jpg,c60430ab31ae41c99b3ff396b386eac05177cbec27d6a4a41bd1227293056c46,1c9c9696c6c69a32
train_984.jpg,5d5fead1ead3e16d6254ac863ca15def6de7293a407b36a55594cfa39fd96120,0103b033b38a1a32
train_985.jpg,a0aa39431dac7d63c1e2dbb5901b7486006048f3713a08206564e9105a219043,87071f0703832320
train_986.jpg,99361fdb4e99ccfd482b7b62895db129b39f091dde0ef5921017ac8a6fe673f6,d6f4dcf6d2d61450
train_987.jpg,eca384b1ea9080129fb8a8a3e26ee84c9dc4c4438f6a93f8657f760aec1d9d64,f3d9c9c9c9f0b478
train_988.jpg,4b0b32d54dd3c43bc071a6f755d13f79626bf9f69cdcf65b18c0b40828f19acc,e062424341404a42
train_989.jpg,8c209f56d47aec4ab575b086712ac2c7b148cf7f103c282ebba6421a9ac66533,133353e263633363
train_99.jpg,c13a98c37d1c74a6fa7bc5f7a88853c2af986c4d3cf179d447cb67ffd72a792e,4635246642522307
train_990.jpg,32b24a21547b973a8992c12e25e5f43df57fac68249cbb4b9d372dbc90bc3371,d165361767676371
train_991.jpg,8d8298b964e010649cf6891f7220d895d793c34a4613a3b57a8828be8ef890d6,f3f2d3d8d9d0e4b8
train_992.jpg,46d6622e5ac073e6cc154bd3b879ed27be7dcd0f55a58c937fbdeb629c65b2da,dc94ece5e4746466
train_993.jpg,92824040c3b2d2c46377b5b61e0730830e1b31f248c37e77ba4389a2117bc21b,6c6d6da6b4b1b5a4
train_994.jpg,c242e581d2ce53b8579f29920e4e15e108d1843b5f9fae05b24694453522e4b1,7511d99999cd1d1d
train_995.jpg,3645e1b03dbc052557da1b55d455e2c8aa71746da4e58880df3fc8f7301afa36,efef0f8e0e0f1f0f
train_996.jpg,242993f769f0047f6d7942dfad2db571ac23aa6960cd82cb365e35ec0ff27160,070f270312928e86
train_997.jpg,82e27b83c5db42d68228ee698c3f3d2ba4a8ddfc66aaa8cd48800905b5b59153,26c34bccccc584a6
train_998.jpg,604f5023739395755a8635fe6083a5e0b28d2c382bc9cd75a8da17469176f9d3,4627b7e6e7652e6d
train_999.jpg,8944b13b2e1882fcafc3f0bddc82d298c4675c6af3ec7ea8158ff0b6902182a9,0707064656160e4e
