name,sha256,dhash
Candle_000fbfa6ec5b6457.jpg,d141dcc28024c05ca29e09ec21c8f6663e29668d1a927c17bab2beda8f6dff51,1998aee77e1e9b47
Candle_001456b5eac7a812.jpg,e72a69703b7595cec7145541de2ab1a7974410b2bf2a7b57946bcc47b0c6e86e,3919d08930d2c6ce
Candle_00145f02006b6ef9.jpg,01fa3b903b84e430c355cee1125ece10924a0f1459a40d01440ea9e1ce7e5b58,07969a2d2d8d8d8f
Candle_0016f8c09384627e.jpg,62c07abf0a3f0a67c625326b0de4b3c2ccd35f8f7ffe1b6c94372d45cec9e369,0e8f8e9d494d6766
Candle_003175b9ce4aa89d.jpg,782830dcbcde6040f4e2424b222dc4c220333f4af47a5959391ca7e40ba31e15,17070763498a3931
Candle_003f511905b3d29b.jpg,4815f31229acf31db8949aebb57d5b9c67088328a3c708571ac9a7178fa0e273,8e0f8e8e9e8e8ea2
Candle_0052f213673221c1.jpg,7c16eb3f53aaf277692f01db36c8bdd91135af026374e12abf50cf893e8ef44a,c66656aa2a6b3b38
Candle_005590e4412b0d1f.jpg,3c0be345679519308f53315ca624383f3475368bb2b481926c0045426cacd0cc,1c78686d4d0f0f0c
Candle_005c613ae4b47d24.jpg,194fcb8adcb42b68ceadc37a375644eaffbd1e42fa4de62abe4264fa633918c7,b323b60f2b1d0d07
Candle_006bda1c171f3767.jpg,b36bc4e2d385032d108a68526215eefdeafdfe1f4d7284b49bd40022b2561c0b,8bd0d4d8d6f4e694
Candle_00790c53fac3a7e9.jpg,19ef18adc852018be8844e0c53ff7cef1f8dc0ae29ee7b897bc1095dd7736269,01098a150f4d1230
Candle_0084d474b7b7dc38.jpg,88290ad85305daf14abb1fa92dcd572aeea3fb19fe71015d54adeee947ecfbb5,c7c72b31290d8de0
Candle_009f8cd1b29759b8.jpg,abb81c49a11acfc8935011fd6c6a8004d73ee3725db232a4b21cef222f68c948,ce9ebea7060c2328
Candle_00b4c2f689616027.jpg,192c981d6ce1938af98196db7adb2970d93f215ecc6c6af690ceee12db09a2fe,08084a4c1bb5e505
Candle_00c120851e5e5dcd.jpg,748ac793c0dc23816e1193caffec08e9f21beed861677233bdeedbfb887d7930,e1b392b2b2baaded
Candle_010630f1a5e387b6.jpg,15ec1020a6040771f01944da6fed66070ead12b83d8b43c971441c6d141685bd,763331e1f3f1e1fc
Candle_0142f4e853a5dd94.jpg,f10fc4dccaf1cca88189f16e7469734a4c1f4014db99c8a9bf8aed75f0fe30a8,76349c6272d38bce
Candle_01632d736f0ad972.jpg,c44b3addd691d84c58cf84e41d0c850670906b6e01c5aa6a3e43d4f8eb4c964f,f49696d233375aa2
Candle_017901584dbd10e4.jpg,be0113aae1cc9a8d6780e4e55d30f471d7fb4161ede03debd219559fafd122c1,24042c2c0e0e0e1e
Candle_0180e4ce24a20fc7.jpg,eda6e6c8bda4a7af01335fc1941c71fdddfa981f99ca64b5707874f663305261,ccccc81812529888
Candle_01bc0aee79bc3d09.jpg,34d5c07601f3ee50b98de278feff39cbc9f4cf76ada62a891fb3bf4875b0a75b,272f1636366c7c7c
Candle_01be127ae09f7d86.jpg,399277cfd3c94c5c85093d417fdb035f4e90a4ae049cd417aaf7ca2ec180df02,e7969659b7e6eb83
Candle_020b3a10e2ea17d1.jpg,06e7fd2cb8e37fc4db263d9f2c06cfa9e8d5d97dc68c013f7edf83d604b3d2a2,489a183e0bcb0c30
Candle_0253efc82229d083.jpg,4565c9bc2f670d69289d30de9eb91f3208c63bcd2afb7ecbc673ba098c39f40f,1c1e9692976f4e16
Candle_026851ac57da728d.jpg,7806dea2395d8834b74585f46e185b64ac1eb879e77fd70741b44589747b7122,e532d39aa4c6ccd8
Candle_026d10619937795e.jpg,c4c12b5e16b9627e9cd4ff279fc1317d9097ed3dfd87c850c69d1a7aadd3c2f6,121212868a939b99
Candle_0292552871038e79.jpg,a63d35b21aa86a4d59f6d229088ffc71d7e8376f176a3d2e4202284637533b47,8eae064e700b496d
Candle_0293873bf0580935.jpg,95607d706ff680bdaec00b81665d1e730c9c179c35929b3657e9d4323660cd5d,074f0f0d0537154d
Candle_0295bbf7da06cbe6.jpg,5121a4d2eb5dbd0ed272ec6173a9e2819679787a8a60ed98633d48c84f558c12,448b2367657939b1
Candle_036eef50b6b03a12.jpg,e94f96842dfed40903d512537205b916937b190eebb019b91b9d9df0f3aeee0f,77531a767333b373
Candle_03b0748d662f09d4.jpg,52fac7dd9fa338ec27cacfc7aac3853b6b65a80ca3822334061915d9bc4783d6,8093119587b91b69
Candle_03bc32d134286ae1.jpg,d88ec81f45b6846de89bac9bd31f58d7b13ddc5b4cd03d8524ab75b883907e1b,1909174e4e0f372f
Candle_042f3280250d3e5f.jpg,2adb9ceb8807cab89c5937d205bcb0c97034162990ee325ac3a24250a238f521,46c6c6470f4c9840
Candle_043391d2d34e8b2f.jpg,acb724676af25e5ab09006450812691985dc672250dfafd4909fa758affe40c5,1f5fdecddb9ebd79
Candle_0486186ca8c30bf9.jpg,6a83593f063c8cee89afd982af5c2c65b373140debddd1d71e939db735118f2a,0e0f8f1f1b133373
Candle_0496b5b9d9110b57.jpg,9e1b4be9523cfa1adc9496faca27d8d1aaba20be57f08dcf31b87a76ae2beff7,c16073131b1e169f
Candle_04e8ecc7e3d111d4.jpg,849b57e83b7bb1e29c7670c02ccd61d23a4c99e668c5c7d5cad6be7a1ec18d64,27874cececa4246c
Candle_04fc7157e1009890.jpg,de059cd4f20e56f141ee14c1d311c1db5c1ad246c045c1bebf0616e964bbc261,435322189ca61707
Candle_0599b011cf8a9e65.jpg,84921b93d57a7f7ef3a034d8900d1d4f92faccc69bfd1e7b52b034a7b6cf74f0,389e171b14494923
Candle_05f6a12251267f35.jpg,a6b4e6cc8dc6a5fc712376232dad48b8a95570704107ce702f14cb3637ecf4c3,1a1a185b81a3e2f2
Candle_062b7a547b05d6cf.jpg,43ea95743ba6072bef36580184e0bb76b56c2141dd20e2abb0bd9fb4c62cd044,9c16130363692b17
Candle_067229ac8c52a387.jpg,393495e00f6a52175651f9939f394caa2b35853a8877d9edef1f4963f927efe8,ce9e9971661b198c
Candle_0684851ca9837fc1.jpg,e33d8589fd5cd0d8d9942906b1f6a24da4189e928c97fdd93618ba76065154ad,091b1919392e0b9b
Candle_06c62e1440d1a4c8.jpg,97e2e1f59e674641bd797e8722e10ff19b1c19e3ec39c8d0b038eb5127b75a34,31242c28684c1e0f
Candle_06cc1cd3f2bd1c25.jpg,fd6dc7fbfe73e7d53fbad52ccb16dbac158c28b79f2ea816da88e94896110778,3333191c58181d5d
Candle_0782410c52c87c11.jpg,b3cf49cc09369157415ee89306698821c7b3e323e053c7893088ec7c2d7ec51c,9d6b0f9e9e6d2970
Candle_07919ed31bdf8a1e.jpg,b778c6c84267090f9b7bdd09611c49ac4ddcf018fb7ff2f11442fd6ddc9c293d,666079797d19bd8d
Candle_07c23066c1e040ee.jpg,52b1daa596f3c0dea3601046980aadf8ef9205cf355fea9e222c63449dae6b66,265b4f0d27060604
Candle_07f4f108d38a1a51.jpg,4bca0b793045970ea450e3bbcc99245df35e357806c353ba80f353c180eb05c9,8299a8683833230b
Candle_08027563b62dbe33.jpg,21c0f1fb3cc4838074875e64c9dd2092fd8d5a0e17a97762842bfc3e6ba36a1a,01656172338d8999
Candle_08171b01d86aa300.jpg,73a0542898bb241bcc4ceb51b797e3c4cb008e68fd6c743f8b4a18fa21a4424c,0004606d0f500200
Candle_08244ed23b476438.jpg,e922edf00351e44dd5f70d3e7f4a803ab758ad93c0f245e01bbef68260be95e5,0f0f0f0f276f8f0f
Candle_0845f006f21157bc.jpg,f164fb735137b1c14d24c3dec684010ab4a4dc2e95fc17417d21ea3bd5dee62d,1c6c644c982c3d34
Candle_08551dfa5363221c.jpg,463837000c4d53ed6ead2e406262bd9dd31c44c3b74b2d70c14d03a15e19e7b1,4e45ce5a133319d9
Candle_08caac99d37ec6f3.jpg,42c710ff30ed263d0ea75051577d66cd074a3a8f21e8858f2fd3b04fb77a1017,0f1f1e1c1e5c1d1a
Candle_08ff82591d2a0d3b.jpg,72c2ce9ad79db5aa2e9cdce627c0fa0ce064ea470afaf5a6b91d7083c46fbe06,1e1706c7ddd9c376
Candle_09494613bdbe12fa.jpg,347a0336aa48af29e54a9bb06cc2a50589346b570bf1a766b4cd704bfe5cb88f,363e3e360e63c95b
Candle_09d14b1c3ba954dd.jpg,7ced3f9af2ab2f830ba58c2e627fa5ee124deeab0a3fe4782bcc20219e1c941b,cdcfdaed9692f2f2
Candle_0a5af743001b6891.jpg,09e58003bbb8a3b3ab184b588a03c94b62f5a20ae136ac4ce7529ff475be526a,222464244d43191d
Candle_0a872b4f3514dd2d.jpg,605db7898f31a45fbdbdd9abbbaf88039cac24fe5547214a12ab060ad2fcdf0c,464e4a564d23374b
Candle_0ad47045d8a2b7a1.jpg,073150e37856990f543dbc16f9141109284e4546a5fc76304e98cbc6b7ceff54,1f1f0f33530317c0
Candle_0b17ea024b8c68b3.jpg,c37441c8c0cf26b56b2b3e6ee6eead86c46fd9b4dc83aec4317fbdb90fb00807,83a4a42846079b1b
Candle_0b3bed7caee18387.jpg,fc2282ce18005c8a0227f1636f9e3db83643d89b52bb3600b79061f142d77b24,dffb5935368c8cce
Candle_0b76118d244c0360.jpg,e372497bf198da1eb91ee5da03a655341519a25c0ed9d7df04e79e3713ff14de,adbf16262e0cc963
Candle_0bbfad236403e9cb.jpg,9b1171ea2de0c4258ed48977f45922eacd1a63546c228f471852f0ec4c2ee47a,959d9fcf8f91a181
Candle_0bdff4506c534a55.jpg,3e748507ebf391661bf92fe11b024680d0c7cc451603147ed1bf719617b963cd,0e2c0f071f9c6218
Candle_0c066142cd2c7900.jpg,9172e6b530c09a936090c65ac58f34749d6062e45cb3699df86aed3bb7905590,6d4e4e1fc62e268e
Candle_0cba597ae2afd85c.jpg,be1a4d8551c08054cc422c21df6756d31e74d65e6d77461636f99b28248ccbbc,0e0e63dfccf4a04c
Candle_0cecfc2775102b8c.jpg,8e823435d6658b380ed398c29ef739886e9a20868cb74843bd26884b72908a1e,0018140c4b4a4a14
Candle_0cf759c4c0bf5872.jpg,a6439fb8fcb3b8a5d06d98bea489ecd69925b22ae9bb2ac530a3ff4564735cd7,8e8e8f9f151f1d19
Candle_0d262e1b4f123b4d.jpg,203d112fe62594138c7f84713f2fdd0fe3a2e00487d2e3acffb8720186dbb401,8d0f0a3a33270f9a
Candle_0d9e6239bc0dd61d.jpg,af1f902906f030f10a903f3cdbd483db536acbfde4d0ce6312042d7ca0542e69,5eda96330b130f0f
Candle_0dcdc7517b58c6d2.jpg,a008dba48590b103d550b639af816ea8a5c13216d30a9b62b7aa28f10e76a867,ace65a1b1966460a
Candle_0dd248575ba47398.jpg,5e3cd43e3e3b882898a2c1488e576719c6612cb23b8e2930578ad1c831d7ccca,5808d2ea6a682862
Candle_0f006d9134be0980.jpg,6bb403bf9e39944812e9877b509f979244712cb9bc8c02cc08272a7055d2f0a4,c6c46c6a68472b2b
Candle_0f8a955bbd88af0c.jpg,befb44e28e97610cbd69720f551d773487446cd640fa7de9dd6b529a019ee30a,cddc9c373647479a
Candle_0fa785e3548d0ddf.jpg,e97c8798f397b924abda3f90e9c6638c1099b7479fefeed3790f61befc8ee7cd,9b2d449d29072f4d
Candle_100fbcbb1a0681a0.jpg,f6593eee13d9845066c219456b357da21ecfdd2c42b65bbb83f89aef0f836401,68f7f2421aa20a28
Candle_10490e42f42c3327.jpg,1cf019e3139c7bb54089e67d9db417d87a5654601174ba19382898c2d9879404,0b49616c6d5912b6
Candle_10730f9965e4290c.jpg,2a6f4fefb8478de606a4079878d91165e95d0dc11d1b6bc91f9bc6b5cc5ce329,ce8b939199d78787
Candle_1132a42e01cd39ce.jpg,474006b594aad5ca223d08fb7ab24dee4cba7fe42bcad0cd0b686a00355a34bf,9bfbec6b75f15a66
Candle_11465489c28dc698.jpg,877b3020e300e56e4a166a2687e717dade23b8da1a207b1b4f10fc755279b7e7,787bbbfc7b4c4c07
Candle_11a6143c3c78e6ac.jpg,f29d8f4aa41e179c6b6ba2829f28f494a380fb6949848016f134c1120939c0dd,0e0e0f0e0e8dc9e1
Candle_11a6d40498eb6b88.jpg,8dd8f8aa91d6d94c182da0dc39d66a859c8fe744508fb8450eac004df14cf6b8,7ab919716925335b
Candle_129c4bc8b1f904a3.jpg,4e8ad6846cfc29b2aeedf1f74b13f627f709508cdd6bcb8d78969e06f79557cf,80a0e694ba929a9e
Candle_1308d3575c21493c.jpg,e8709a9a34434336a79bca654cc3d9fe4f9cb6e7f9885d21bea98c0ce9f9f5e5,534f0f1f6949498d
Candle_135bd98f6ecea05a.jpg,f6aa5b1a9f14dbb06ca4c2382b2fcbe486936bb08423135c8f67d2ff838408b1,6464e4e464e4e4e4
Candle_13b27a70aeef36be.jpg,8e05c1e46ee8d70d4ccf5d49a221e516499f4362cd88b39a26bee5ff1d111534,4a478d8ecfc7abee
Candle_13bd741baf5bba41.jpg,db554505d679be7aab02e2a13083a9e975681a84cc9c636a15d0e819349e0a11,9696b6b630644cb0
Candle_13eb7d64ec3b9a42.jpg,d89966ebe12bc80be44723fe36fb9cf7dff11c09aa182ed20a56df438a7e047b,7f6727e6b6276646
Candle_142d7b1fc43d5c7d.jpg,9aca767ac24583692eb084a8dfb2d0947f1efed85933ddcaad7e0f616fc5d519,09204d8e8e0d0c4c
Candle_143ed546bc66335e.jpg,6698cae0d8a965f24f677678c604b9f778a18995eb2f2465212413fc7c6d3918,c849c39b8c8d0d8f
Candle_1441f7a1fab25449.jpg,2ac0164a7b14fcdaa51102f88e247f5e8250e60f6cabf67e68db1199ff67069d,79786e644ccccedf
Candle_14a1dadc239f139a.jpg,3b5ceeb00a441aa9c7d73921a4596331f4f77755f05bbcddda1dd0570b762916,31119d1933272232
Candle_14a29fc1bcbd6f34.jpg,8fc1f637dbb0ea603ea7004c845544f660a84164e6ba28188560a24d365a2818,c41c1e0e07070c0c
Candle_151bbdfabca1440a.jpg,e1e8d47c271b3e301c2e2316e24bd8f9d1aee19e977d434b53151265e8b184b5,0684858d8d0f0f0d
Candle_158f2c1dd2c61dcc.jpg,b72e9a24c3f79c63819222e48951ba29247c2b5e1a022f35be5034a072d8b4da,aad646cc69a6a6aa
Candle_166514dcf0c51fe9.jpg,7719fd58a6ea2e3feba91fbc1bf0a8cb5c29aff4ea0d387cb05b0a8e700799ba,5346565646de571d
Candle_16b9206cc4f50d63.jpg,2e5bb7e4fc026543a69170e7cfc19c5e7937dc76eac71ab6cd7db33e15caecb0,01078696477d1f17
Candle_17372fb3f3cb1d2b.jpg,c6eb065e11e4aa5daae6d8634feccc7e0111a9ed9b4b52a3e1fb2098f368820a,9a8e8e8c8e9e9892
Candle_18fcb0a7a976ae41.jpg,35601430c35e4bd2535984985e3b8f7dcfb2ad3e95fb8b459bb87e32f3d7d8e0,c8cc96968aba9080
Candle_191e1a6cc7cc7a1f.jpg,040c0cbcebee899bbe3420612fc17389d28bb373e541af3ab5209b26e135dbec,e2d3c3c6c6940e63
Candle_1974107efde86a22.jpg,00a4e7477c0e11eea7527685417712121b3383912c934bde3eef703ab44b57e2,6575495d7566a4d1
Candle_19e70740f08a3a4a.jpg,43ff68f9b94922cd3e0142d0730f9a2c93fc971635a024e113df205762245700,013313670f9f0f47
Candle_19f05b3556fc7329.jpg,e5d99cfd4260b47a5a9a8a66f6b868cce5b37065d62b4124f59a769d141e9f66,3763eb294b8f339c
Candle_1a0214ec627c8d34.jpg,c1950dc058e93fa463d92573f3a3b82395d8d16ddcd6bf3a75c9614778539949,0fc1dd8c961ececb
Candle_1a47538c5fc1c67a.jpg,5b82230be1b770b7f505ca2a959124e40e7ff89a73f07d7a2e6b0d03a19581b2,93929292069e1810
Candle_1b1075f6f9c0a4b3.jpg,97c6630b4e6e91469a8258008bd4857fc3ea949d32fe79e4cd33951e8ac170a4,4940d3d3c3869e13
Candle_1b2f46cbf08f6746.jpg,30a12c01683406626fd2ea0427a924df186c9a7c5ee3a7a5b67b441647dc276b,f4be8f2d256969e8
Candle_1b4d559829f46914.jpg,d181527bdc41a82dc1064f93bea7303f71ec8d01152376e3d4db18bfc3813183,337149ccd4d5c173
Candle_1b94e2055c76d99e.jpg,b4a1c88a2648b83699f8dc5dabeab3d0339b0c044565c4c42f82cba92122a753,d3137b6b7369699f
Candle_1bfa962978b3569a.jpg,9457b6727c2aab3cfb56dd99077e001d85d5e0286c9f92bc2c08526eb4be27a5,08c51517cbc8d647
Candle_1c73e2db47b4c4e5.jpg,4f5add0c6cad8f95a6f6205dd27cd0d13196248a2410515cb26c58b416b6620d,1818c119394b8b31
Candle_1c846719eec82145.jpg,75a26145f13fde304c26696d5140286bce2c93da7f907ed2aaa964653e095822,53b1a444fababeaf
Candle_1c968add69218c54.jpg,f078f12e266b4fbca630151b9bd15ca7ea51d8481f649737bb0a4688f29be43b,22336373678e1359
Candle_1cc22f844a0900ca.jpg,5dec01e047369c2ec9815f806c4df0385e6b12def6102442b1c07d52746b0fa4,0a0f0d1b3335a70f
Candle_1d4637411b5715fc.jpg,b69b1d3435571c1b540021e53d632c47a8f0056b6a4209bdcd4647673346c014,a2f1dcc4ccd0c4c2
Candle_1d6191b6fbc15c3f.jpg,f391dac06d78c56da02c293faed01783e5a9ccc4b23c6d2d3f30eb073332f2af,07090fde3e1e0e1e
Candle_1d94a117fd1cb526.jpg,2bafb8b2e7710e80e6437480db6674aad2fb36a65e99004b7a8ebdb3b334f339,8eae2a6d4d888eb2
Candle_1e02c4e6eafe1cee.jpg,8a686e7df85751bdd603325558c3e2ec4eeda13229dc081ee319d3527fdb9d77,11317858d8705919
Candle_1e8098dae7f70e0d.jpg,a7988492ea9f78a36c0f10f2814f85d0a1d1f4586f849ffbc175a925d192a31b,3c7c78bc1a3c2cce
Candle_1f7edb4de6c2c2ca.jpg,006b32e700e5518c7ac975113840a2d36e57e8645c8f14d524220d8a3906ed55,0f0b6f4f6933134d
Candle_1fbb470feac2ccf9.jpg,c7d65e3493176f5a1f9298bd5d73b9729eba69f7144b27461b85b1a555f250f3,6f5f890b0f0c4b47
Candle_1fe3e08b1caa9479.jpg,a5a4b59b69d4ebe0958d875271577ab38243d73955f37b21698e3e52355035e0,2bab0b0b23b3a068
Candle_20396168809e5808.jpg,4177409446efb15612ae479957214ab038eb5083de9daf926b14a3143a88a332,8a2237343435111d
Candle_204dd67e1c8e39ec.jpg,8df7824f56fcd9c920dbf686697e1139fa536295f6e94d8311adc47d69497eea,0b0b6969c9c9194a
Candle_2134e51acb1ecc7a.jpg,9b7fd43fc2861b57de0ef0dd1e18b9f8067861de2f94efa25e700248f6622339,5f3f1b1f37b33337
Candle_21fe905eac863c06.jpg,87241816f3ecff310ba15e3bc75f73df36ead96ddfb77fc6ccf1f559f14a4995,316576622d154719
Candle_22c577db38ce7262.jpg,02e3d67e633cb44a49ca17223d23f87267208cbf2d4cc27492afb033cfc0e037,20800c0c13135b58
Candle_22f35789773692af.jpg,1029cbd1269f032c9bb13d47a5dac8e0b0130e4b0d6d9bb6516d37f452268e0c,4d4c4d4d4d4d4c4d
Candle_236d2a18329b08ae.jpg,bd3a10513374a3e13b50662bee8a23b1d20c11caaee900e48307c7876206eb15,35352e2e06861e3c
Candle_23a35eb92b94d0b3.jpg,5dfbe802ad4a75f040240ee10a1ae96af9f9292b6ef4a7b8701b05e15a5ee301,16994b293119d94e
Candle_2431193f53643d08.jpg,d376d929d084bde3b251bf019c4208a75c6cfa9072d88c6e5e26c438b7647bc4,3e1f3e342c00130f
Candle_2481afd1cd6aaed1.jpg,b1f0f6e46ad041e21e0cb4ded16f8b629cbf10ee2842dd0df1d4033301b06036,1e1a189903e10f2d
Candle_24c0d0dd5b730e55.jpg,fcbe21082dbfc13f0930b017050ca05459fc49d369d3894454adb2cd6798ed31,2d0c0303060c8dcd
Candle_26ecf554b4cfa456.jpg,bd3e173e802df4e11b4cc036f53fbb5b381f77e7e145c34303fbb14dcc8583e4,026763adad2d0f13
Candle_270dba965476f4c8.jpg,6eb81a70d63dc41ee877852d32af124b2ada6b0865250b0f93338469b8864857,737373e58194c4c4
Candle_283e2c9ec7fb0c11.jpg,3769061ba5171a38db3ed064cb7601cb317d4f4b8a20916adad19df524240512,6619347019951766
Candle_28759f11821e0383.jpg,0c98fa7450652a6a699eedfa1a65c844e8b4a3ac7b29654d7359a0ad5bc264d5,ab1818449c9e7b3e
Candle_28d71b2747cdddb8.jpg,f7cf46f597637a385e9363b9b0fb4b6a4d8b4e4f65bbe1250e22a439a1f67548,0f4f5bdf9333399d
Candle_29075c56d95891fe.jpg,03fa6949eeda96b90439339807d3465df5ab42f3133e095e9ce9a9910b773f33,0616060fad9e469c
Candle_2934624208ccd400.jpg,333b09e1e1e7eada41b94a993594b9afb84cb5e624b75eaa51ee523b59b71403,b3f7f7f7f3fc7c7e
Candle_2aa209ee1a2dd1c3.jpg,8042ee8eae4f7f7847e65ccf14829d0359808ea5d86456b31f85db3aebad9afb,3e3072d6161686c1
Candle_2b54731bd751d0a4.jpg,739407e3ec2f13d4eebb9b5ceda44d697b28c63e12368c9b93edc1339eb7bf75,176767c7f37bb99b
Candle_2b8e4d717d039a7b.jpg,c37e229cbf0ddc6ab3f2c8d4984381694dfd7f865766610679d32575fee42be6,ad89dd5515959696
Candle_2ba98f10394b6288.jpg,aef771dfe5dd641d346cafc0b80e34bd8dbb25ccb72051985e877de7502e09c7,0747876332723333
Candle_2bc0653cfc3c4db8.jpg,2aee0cd9bacf7822c7e015dc99c87faf803f403ce524e0b451dc02fd0c7df8b7,9599164c4e4e0e26
Candle_2c896560f1811a67.jpg,11a23c81e17e1a96e8e31dff537aa16ed5ab7762c4f5d150a84cad49b1294126,525653614f96ac3c
Candle_2c9104c44f2f3cf0.jpg,febc19af840ba85027519ee2bfa5bc2096bcdfead8e28dd8e46ee2dfd75063bb,6425030b1b3b6bc4
Candle_2cc65845d4feadf9.jpg,65a23477905ad5f5bb5721c51d3ffbfb2bbc7ae15d9c92d37962c6d6b0a8dd1f,4312c664781e9f0b
Candle_2d9d7211d5d47e8f.jpg,50a840592fcae156924982df083907d692f9214607eb41e3ec027aed061af70e,66a351c9a9ecd85a
Candle_2dad5add0c5f1ed0.jpg,ef706c1918c7029786e7b76a095979dd81d48641a75f2badf6ddaefd2455e05c,07132d0d4d4d4c4c
Candle_2db08b70a4e20b57.jpg,cc39521efe91291baa9b2ec9f09f46362092b2b454bbdedbf9a8b1c31276bb1d,b49c0d6574dcd964
Candle_2ed1708584e4a524.jpg,0424eea102b3808e55ace5189b153bd6d4076f238c14028e739ab2101e002af9,333b3b3b1b1b1b13
Candle_302da657dbef11f8.jpg,c1a7d02cc47222f493bf4cf7b758e8982385c404e0b8311c2aa08e9c5a1023c2,214d1f9f9f190307
Candle_308ec2fbc4dbc721.jpg,63b741878473d7cb4ec9ac4fb569aa55ce91221fe0da52a564d8768855db71d8,0a01139fab12766c
Candle_30d2e0af2e6e480c.jpg,e9c6d9e8a98d4c2ee30c78469913a23f410701a588b2e1b199e9cb31571f0bf1,02accc45e0b484c0
Candle_317d4af99b817099.jpg,9aba47aa2ae8f1e0ebbce8406aeccf8334e41972944bb2628e16b9300f09c98b,7c3c1c3c1899b85b
Candle_31a0378ef873d0f6.jpg,3b6a243c9481f5b3b5d91f9607924fdd90f3e3aae64af90d979c0836330e2fc2,319697959c001000
Candle_339f38b1d7a5d01c.jpg,6fc16fb7209970644b9ea0353b1879ee4a051e9d3f872b8b8332ba25b6771952,010727273d9d99c4
Candle_33f9c4ebbcda53b4.jpg,2bc7382293b459633d9f28230d07afa4f90411f62264db04ddc164c8c72046d7,221a123d3696b632
Candle_343d45819d83d11d.jpg,876d426e06c12aab936fb7a694a4f14a5334d9d1c2e83949a8531d7e38d66a57,9814518e8d4c4e0f
Candle_34c07490cc520c38.jpg,5772a2cb34d8e558239a57546532a1369de17f6fa52af9b65db27c4aaf6e063f,643e8438787011c4
Candle_34c80b517418846f.jpg,10afbd8bf7897b716400ef49a04a9cfdfa2558b24f520f3d1da2fcb6404bba5b,2767c6828694c868
Candle_34dd24ca7c3d8d43.jpg,dc35497da67126bbc6c0d4ff70b117cc4de33e2b0c024427fb4a68912d4edbfa,a91c1b1b1c8dd02b
Candle_370d4ed03dc6428e.jpg,7116d5468df71b4aff746d283a9a75643dff0c15bdcd31cc58a59c88fef436cd,d0cd4c652d0d1521
Candle_37929d6a7afdf169.jpg,3e4e85557bc7c9270d07841e5dbab1c6b7ffd40f722048a4e5dfc8302d2a49d1,9bd95919381c0c2c
Candle_37cadef7e524e152.jpg,873e1c651d409647baf2aa2370221822fcd8d197959d4001b827b2e005bfee48,6e6e6ae22121631e
Candle_390ba967c4e0a911.jpg,9bff105ad5aee83ae0ecb676e021a3c331f5b6ead7fba33376737bf7b41134bc,2d7d3319094d4d0f
Candle_3965c2afe2ea8a67.jpg,ce9bb5118f03a7ad55f68199a478d89232d217b1afaf7c5f3e4dfaeecd4a7129,e1e1e1c24b3db333
Candle_39e2644ec0606e2d.jpg,79625d3b07531fecb1efc65b827857d7a7797f9805ed827bca431a3824da2773,111f1d1f1b9c8e8b
Candle_39e4884746e2aeac.jpg,b1d88205c6d9c99160655a10ec54fa1fa3af1b6c63ee560e5bc4fef237e7bd00,2b2f0f0f07272627
Candle_3a3f167c86e2f2d8.jpg,5a7ebf406266107c3db8680fca20ebcdd8fcbffc2ebdfffd8a3a30a5f022bca7,4351d170d0923200
Candle_3a41e5b678e95741.jpg,cab89039ad18e702ce3eb5dd9db7af8deb18b581d8e2355a400a33c291c41a09,373434283c242830
Candle_3a848acae0cecf81.jpg,eeb3209ec9177ce7e3e52ef1cab3337a5d9aa7f108e02ecf58bdd2a1e0ff8bed,484b773c1b52c183
Candle_3a9a1881aa172db1.jpg,d2ced5a224c885de1aa2ffc8035a408d2f450cd09fdc0b5fc598eb449b44e0e9,0a125c0f0f1f1f3f
Candle_3ae3c26db6f8f6f7.jpg,d9cdad80a700433fe761ad739c7b7dae542503378bbe16b865374253b8716227,a404143494181d1c
Candle_3b21884aad32911d.jpg,dcd82b6268e6f119d892025fedd8d561af5453d1c1b02d14773198216cb47679,8f8e98996f6f2fe5
Candle_3b6f5d2f960a3e61.jpg,9352b4d5583f34af5dc52e5bc188298fadf0983e9e9d57f2dbdf7e818a399a2a,1c8c8e0f5f4b330e
Candle_3c4e923c05bd22d7.jpg,746c1a1ae0933ad8ff88b9b02c06a1a8f76df7d6343f46d2fb5bbdafa6aa4e2b,27a6ae2c9c9c8c9c
Candle_3cc4fe5d619c51da.jpg,3af8238dee3ac1650d6ae825d8f6f93eb80ae71e517da508063e40b3dd32e190,403228381a1b07b3
Candle_3e1a11b7691536d1.jpg,79807cc61c0c8ec654b731528ea9d6b2269661d41dd77affc6627eaf4dadd71f,964b8f9d97860666
Candle_3e3a8c8a7a68b208.jpg,8d716e3ad0a4b2e0e717598c11eaf88b8b620ac0a4014145a5f842051710df2e,254d4d8e8e8e3333
Candle_3ed269743b164f63.jpg,98c32c8307826c2ff6600f84b301bc45e709eaa4b20e31ff826642ffcce896f9,258b4b4bc36e5f0e
Candle_3ee816e3f74e633c.jpg,4cb344a05a455d5b0bb72244979d54c778bb0bbc19bedaa36c64c5b189bfa17c,86ca8e8686c69c19
Candle_3f0428f8d768240c.jpg,58d6b17d38f1983b9dba7d2832f028575954758b04d2c0274525b8e9a351eac2,2fcececcc46d464d
Candle_3f172161a9a9659d.jpg,0060632c2e4556afd198be9ed6b15f7361c8fed6f665980618c5bed0760e296f,cc3e5eb6b7d3db0c
Candle_3f186cc4fb993004.jpg,2c8f31e0b215bb895615c1afe7cbd02ecdb22f29c66eae30d9d3e16ed1e2fbd1,cb2c9414969e7b4f
Candle_3f27b7241ab51aa9.jpg,88af1c53dad6596f8e6ac777064e9e22e6b9a65758c62ef5ab254ab98f0b58af,33f971d4b0332b4d
Candle_3f875e3fa36a6e66.jpg,e74658286f14ce5a9aae867b357135832e364ca053d2b07bdf56121bc0f37fbf,47e2860c1d0d4559
Candle_3fdc12535ba8fe54.jpg,31c82c8f2499d52478994fef6d4992d4c43f328c5e60e5e10d5b4d619a52ae23,1a883e064eca5ad9
Candle_3fe2269d0632609c.jpg,908a8d81602ef22b5f950047ae5893f22e58ebbe6eda0c6e7f729658c5fb41ca,0707070f9f1f0f0f
Candle_3fe52cc53f39c41d.jpg,33956884ab201bac8374cf897dabd62d240c2d10858861757c2ff2a1f3812062,0e0f99b9393d5d9f
Candle_400be617ddc36ef9.jpg,ba148bc987f69e29903f58782143cfd16ab3199ee21b87b65003c98cbead60a4,e2271bd3f3e3e9cc
Candle_403296c70a1981fc.jpg,ee2966a7021ea083326204b0530633a1b63d79d1a5b64cfd1d63da82efb570b1,018c0b43c1c3266b
Candle_408238853242ce08.jpg,35b9669c11a915dc231d1188ded944b32a0ce3315f17bd0fb5211dae562e5734,dcb8792929333b3c
Candle_40ec9e3d9b8a4e0e.jpg,9f382b5dfdf8c55b5131df5e3b18603df4d0343ab4a9be05e98e8443e2e785d2,040a170b0a0e0e08
Candle_416cabd7cb74979a.jpg,153962d66f8f8c435c2f0b13be11f6b9885a4c285c563f5ad447bf4a17689c49,1a4a5bdacc58d88b
Candle_41d68f5c6f974093.jpg,fde8d58b069be6fc93a8b90a5b49a615e559779a99f2bd4acac5a3e2e11d39e1,43ccce3233b25ef7
Candle_41f41defd400077f.jpg,04d8104052a21c522da9333295ba0c346e2df8af3deffb70269a7618303db393,174f4f6b69616127
Candle_42769b092869c025.jpg,197a4794ec82ac0804b85da28fdf59b20ae06f14a7485f4476478486dd69d709,032565713fccec64
Candle_43c9dfe7fe1625a8.jpg,2cb44e699cf874d9abaf90f80147c328b7fe94e96bd5189da7d4381231832b1e,2aa5135b6c68613b
Candle_43d4315243910eb2.jpg,1103790404642ab0fc804f23f2a4e67814bd3708b080d64dd5c4dd59ebef8d48,2424242939b9d8d9
Candle_43ea4054616a906f.jpg,4a2c7c002395c8963fe71ff62daf64b9f0f3280a0d8dc33e9d71575cc38ef5d3,0d4d4d4d4d1d0b6f
Candle_441212083730435d.jpg,afd3dc7436bddcc26e4b91fa0693ee3a53c986b472603fe4f82d82c12ab192d8,48d1898909090949
Candle_44a16cdd9a66d9e5.jpg,b85e9221e8dff1a6eccfe21f6fc638effec341da73a8346516e9e5c98cb94233,d0d2c3c3c5cf3054
Candle_451577c57f5ae4e7.jpg,4a88165b1b6c7ae838c31f9f3a6fd37c541443fc604c58e10464019aface548f,6de48d1d1da6a48c
Candle_4580bab53ca88106.jpg,4fc4b313b19c6c653fe215fd41034d761d7b39dea8f703853fdcda307c442006,7171edec9cb486cc
Candle_46dc29af33b089ac.jpg,a433755116d345740d2f6aa9d10ff3dcd40ccb63f76902a43382886aa78030c3,4b496d36ed6d6d3b
Candle_4728d246e8333a50.jpg,430cc727dae353d5f4239b8ab9c4458d306cb1c4a4fc954ef9e422ce1607cfeb,2542022e2a072f29
Candle_47be51423963b838.jpg,e32485333158c924e0a5c101bdbb47885217aec04b155921daa81930248ceb94,0d9c9998dc5cb890
Candle_4972f12a1baff03a.jpg,1bc3a192ac39a069b339a2fe6b2d1ab9e6207603dc3a7c7b02767728fd7aa3f3,222123cb2248c9d8
Candle_498c9b239094465c.jpg,0a8abe395dc607b42634d9136d4539450a9917832b9f5679fc642706ae191645,b3a3937333520709
Candle_4a421526587058b5.jpg,af593e483bc6e2361201c0009501d651c72b2938382fb2caefefe64366567f93,331b0f0dcc5555ca
Candle_4a644751bcfab65d.jpg,411dcc5d766b4212e73d0c2f1f42674d264b40af94af85ca4a2147ae0d06a6d9,983975d189731e86
Candle_4aa811a388b02cba.jpg,f51b7d77d64e066b0f3d5840be57fb5d4f306a96b4ac23a4ff49ef2252fb99b5,9f8dcdcdcdcd5874
Candle_4b37e0f63f4d3217.jpg,a46cad09fd05f61a50f050090bada31c7b97f7ebccc9f8e6013190e8f245364c,9919960f6b371e9e
Candle_4b760e7a938f9deb.jpg,9427e0bad0c05ac17c016b9b4d8b512e2d6c2eea8bc91e1881fbb309bf20b451,4373367b39383bbb
Candle_4b9ef668bb68578e.jpg,89edd31e403a04052149015cec640c68f8a57f55cdb5829821ad09a458393eeb,8bbbf91d09090d1b
Candle_4c569d898d39c16e.jpg,4ba8ac265e746d36dad41066a2e2a1c1ffb7622b8db018fa240da34781550b77,4fcad9d9cec6c689
Candle_4c85240b7db6d5a2.jpg,07b1ff31f1b381ff3f9bc94c564cd0aa3b85c140a612c98e2800ea54594e3a9f,5d6d3b9b9e9f9793
Candle_4f6fa0afd34927fa.jpg,40925fe5b7a538314e8de75cbe01a729ff8a806ce0a26978b02645addfbddd64,33c9c90c0c8ec8f0
Candle_4fa232e4c17b6aba.jpg,37db8e2a3e6bc86e5c38ba252cc8bf17e222319e1172e838da7acaffcfbc056a,cd4e4e5407175198
Candle_520df72a2da6c958.jpg,d78bb54c13b3b74ed39b2a83e1236877242b6b6550a918488a7e68c8ca33eb9b,00c8c644079f5b17
Candle_5218eb8c8310d963.jpg,0a6721ec7610bfe2df08b158123eee94e543e6fb9ec5730ee909e4f99b231596,3d5b3d3c385c1d3e
Candle_5232fb8e18d8c6d5.jpg,b017628b21fbd4f4181ad7293ea6a257ff729e61aca928ea55a2a6d1fc43f554,190b270329212525
Candle_527a1e2638e79522.jpg,7a8db40b798d18b78b105482cba6ab0f5cc107909d6041b524050362c2880ab6,de96a96869d29399
Candle_53730e1875438492.jpg,030da500954118163dd21dee327939fcb918c790a6afcf132bb0f6ea7fa0ac1f,193919392b2b6f3f
Candle_5449032d69544967.jpg,e64d58e097a9ace8966d104f176426fd01911070d4b5290f47e691314a052d50,6b2f1f1e3f370f0f
Candle_549591f1bcc81f46.jpg,8fc0ff6bcc9e0fe0d8206c1fad796df62deb016347cf329a9b118b2882c8d8f2,90913131d0d090e2
Candle_54c73e36500e2710.jpg,7d6d56783fa37c0e46cb945da7119e9276cc71d83769754028c8984357b49133,773733337373c4cc
Candle_54d0aae3e48f92b5.jpg,8af11d1b69f7746f2c7fbd3ea82fcd75828a996b899676441f4761a51c1d7d6d,8737337363e89607
Candle_56e881e8de8b6181.jpg,a21163b25633da975733d96333c55af82954b62cc34425c015d4649104a71ff2,0f4b48ce8f8f8e0e
Candle_5a76cbfc078cd512.jpg,5cc22ad553e7dc214af30cbfa23b68c3916d43c06e9c71860bf2e1e1c7968efc,07171f0b1f1f1707
Candle_5b12114ce91c61a4.jpg,68d9c1576b8acc90b4bf6682540a9917010564f247addef3ba71200c1f3c317f,cc4cf6f831931163
Candle_5b3880868893d392.jpg,0dcb8b46bb06266f014f6c3ba6c8adcd0e25e9179b767a3d200cd38d587c5bae,93cd4a4acbcccd2d
Candle_5b94e3dda5b3546e.jpg,20cc8a81252b66b9dfb0bd13d6e59789956b2e3f53f033181bb218d3e74cdc77,a92b5bbb1a5b9716
Candle_5c817cb51eb5d944.jpg,c0419bfa57b41b1caaf1dedd948c2b0e844961b0cf89efe0c608cdf2e4d30da1,c0d45cdc5db7c9a5
Candle_5d697c21ae62cfc3.jpg,5b29c389d062f73dddf7e95a363ff30a12fe5c58b5a8bc6fd3bed47aa5c4cc3f,d0d0d8ccd09ecccc
Candle_5f00d648b04bcf74.jpg,a758489b8c8b3469de171a5e9fde281cf8b45df4ab179c3cac8252d939108769,2626d4d2ca5ecb9b
Candle_5f6cd3a6205ed4e6.jpg,93c98bc66dd4dd97dd29006a2e561c47d367e2b511f481a87ce9087e775d1d7a,b196941139831145
Candle_5fc2688ee3bc70d4.jpg,b6b962fd2739e33f4ce542a748f896c3a453477d8b172b49d4c0f44eea0bfa7c,090b0d1b8cdc72da
Candle_605b6a82fa31fd9f.jpg,4d697a3abb6bf0ba89d56a7988c8916f9b7862a594816e3a2cf7d3eb4b56ec69,334bcfc7dfcb8337
Candle_6071c62906f19547.jpg,37cfc3cfa0a418f6042dff72824bd4247c7e36af9be686c12d5fc19e63968341,331361614d1d0d8e
Candle_61296cc6e38123e8.jpg,fa89aafb121085b5005eb83b118969853107c2dd88315cf70ccb8208b7589647,39447466662e2720
Candle_6163336e5225f55b.jpg,a13c37e533b28db6ca04de635160be07293e70ecf4493eeadc7e749ae92eb90a,c3c3ca63838b8343
Candle_61c48329f61afbba.jpg,21297dde1e493c2b680201f664b876dc863f5e80c7e3e111e16e8a83c8d15ce5,787858687a766767
Candle_61e6f3a61b6f51b0.jpg,1870853f87e2cd113e6edd35855e29c544803eef562d8cf310780e9663ef5cea,b3b19999999dc400
Candle_625c5d5c37fb2a05.jpg,0f34be408aa2ce0737432aff196af298a6bc3910f1cd91ab315f30346c948060,321a1b2be9c01182
Candle_6271e8747c42434e.jpg,742d7b6e8fe719f63353d9e8b7cca18ecdbf4fb6d83f18890e026ed5908da9c4,95333a0e8f8e8e9f
Candle_62d1d28535999924.jpg,ce1430192e005db60281b13429d68c869a6d9036a40738dafe13c9d57d4bff2c,310d0d3f33370f0f
Candle_63bec879b78ca166.jpg,163e5cda8375f99356a1545d2ff360c35075563c8a427ac17f5b655b2aabacc2,96162d45474b496e
Candle_63f4d76a8234816d.jpg,ee3f055867f46e02419b8ebaa36037014ab75d5ff01810674293323c0175b96f,190f6ec888d9532f
Candle_6430ecb76b3505d7.jpg,a3995af6b1b115af02f5dad45b2235ae3f34f4646d2905def2264b24c856bd0d,eac5b73665999b9b
Candle_64f67445f4f9fd48.jpg,814064d6b7bc6bffaf73a2f5acdd2bb32482bc7eefddbd4504cfa1c43d738d96,036f4c9e0ceec66e
Candle_653012c821553990.jpg,3dd95becf96e4f6a4480d97849f772b5aa0c30816779ce966eeb19d5d6004d5c,13031b270f5acba5
Candle_653a045a4ec987b9.jpg,4b6f9256216c141a07e149253a21abb82bd73cfc1249a191b3ad8cba67494a80,1e372626376f3332
Candle_6549c430ba632638.jpg,ba0474e6d77de0efa2d8e3897e3b24239c7308184e81189947c5d604bbf24b67,dcdcc4859a96160b
Candle_65a09168700da9be.jpg,cf1ac2d87c43a87ec7215aa7a4111cc3481609f563ec8439216effac9bce84ff,367e3acae2f2e679
Candle_65b8df509ef186eb.jpg,677a42fb6567340f0d69f1c7d0dd576e39d33b2fea67c6b9d916554f80612169,63616b4b4b5b33c8
Candle_65f7feda4d522f40.jpg,60b54a50cadf22f13d7e6dc0fe5c5ca19b4f4dcc66dfb89d739a1feee01e2ba0,17c6860747a31f43
Candle_661f8fe7702281e0.jpg,1a0bec8b60f52cd1a3a3e895eb9ba46e2790ec9629673080ad643c4e225c122a,fd7f7434244ccf6b
Candle_665e343d836c4a98.jpg,385c04f353bae25bafa41a45c6a18511051a9bd8f755cde077dc8faae24986c4,241c5a5a53971e2f
Candle_6727cd49ae2bb82c.jpg,14ee36d8d187ebaf3861bc1df56fbf827b187612750e5fb23cde86a493cd04ac,2c24356dce969b96
Candle_67d44c30d4b5d9ca.jpg,e1205c54e0c196f65f412703a746bcf05d5d585aa2d3e6ac4fe293a28d6885bb,0f0fafa648191431
Candle_67d57bba2233d342.jpg,171cc152fde144220d8eba6c8abb933ee6e7ab77cd04a32029bdfaa1bdc1aeae,6c3db93361410303
Candle_6854a4d7de05ff01.jpg,e3cde547cdb9c02b6320642a0c018963c28d9235bfe487ce1718d8b3c716cd5e,6561693a4b4b2b39
Candle_687b1135962e6a96.jpg,08ea69d521fe58cb090a403af5f1ef336e504eae80782be4339365afa9a1477c,b5ad0f0f37737127
Candle_68fb67d32ab8c198.jpg,a236990b1cea59e0928b3df6c2289f48536e06b9069cb041fd40164ca7ad7440,67674b4b4b313c1c
Candle_6a2da2c673e747b5.jpg,ab0eb9e0e03e2d0ed5010b9c23848d576267c6c7376fc5e5012d16cc03876919,b47c584e261e0e6e
Candle_6ac4d848c5f5faa0.jpg,e1c3cacf39300811010319ee88647559caa3c64909368cc079d35b0161bf321d,8e4e527246ce4e66
Candle_6bbfd8b76c76e828.jpg,7ecc2ae0865e14d033633c253b7da7e23479c054892eca49fcd300789a5e5014,3536252e0e1f75e7
Candle_6cc9e4440f747eae.jpg,8264868c4b466f461c429efe7c7b19d483c7982e71d69720827e0cfdda8ade9f,99d1d3829383313c
Candle_6ced0c44b0c3133a.jpg,4de0b58f543262a17952ee64599902029434222dcf55cb34729772e62bea8596,109c068c3312539d
Candle_6d8e9af3f083a3e6.jpg,d4c02ab4e8b40adcf4edb4c96ef7649883be4fb3324d148a9bd0b6220c01f5aa,a4b7b292c3c3c5a5
Candle_6def8fa38fa567e8.jpg,9990a317f33620257ef62299010058249a647bf53eec2adbb69b071d90809212,f9cccecaebb3e848
Candle_6eb02cb19ca4cb6b.jpg,7673a28808e8db27d3adbf9b8eea2a6508bf73e0af2e1622d02a4a29e7209236,96bf1c5c4c255889
Candle_6ed17d74666d0ba7.jpg,523a2ecb84796b3376798bd974a7b7c1a561bb6545c4ff4e8861a03d4940431b,c8c48d0c4a9bd16a
Candle_701166ff75ea05dc.jpg,5af539085b5831ca42094012fe742dfed1f6eb1e9c6944aefde86153ad10ace0,7355dcacb9fd2f00
Candle_704442b6723ee488.jpg,8e585daa3221df62e6f73db7e6b94d1ad28afeed00f496d8c184dee4c5bfbda4,b0f07169d2facc0d
Candle_70b6278b2d8e3e5f.jpg,83550e89026a07180acd3a39f8d0739ac386a6597d8f880cde4e7a531fb54f9f,df2c261f498fcc79
Candle_71411040ef567c30.jpg,e0314a103a0dc69be31d78eeb4de71d1a3297ca287badef75903f298567fd014,0e0e162bb696c8c2
Candle_730ca7300384bb1f.jpg,1a9a71dc943f7f868f8ddc7b9463f8afa6f390810995e3a95c1bbed58000fcd5,236f4d4d4dcc8c8d
Candle_73c7025694a224e0.jpg,bfe8ba4d12ebb618b3d72ccfbb726761e546194ce52f18106c8f252da0ca9925,d87c644fc3e7271f
Candle_73f770f2643a2135.jpg,edcf8602c7d3f7be4372e00e028b48f22efa0bf528ae6f0e83bc3dc27ccf3fa4,9b9faecb91c24257
Candle_76c7045d197f5c11.jpg,f2b9398465424227b6329b07999da417f98c105ecb340d37030bbe7edf1c0c8c,e3cbc9c9f4e5e571
Candle_76ccf49e1f6d1963.jpg,27705b37a3de0857b9055426a48afbdc26e50da6e4e5aa0ed98987245b790203,f187664626664646
Candle_77c84c4c7182f040.jpg,00ee7e773f2a83f33c1d73e351e8a19c164c534aba150c5f3ccb7de79be4d2e2,48dab9c14bb3cc67
Candle_78969461dfbc0c7d.jpg,c5e2d2f26d8953e930b1500941d0242db496428ef202a1fecf2b644a115d9c5c,0c2436343cbe574b
Candle_7a17f90bac4b765f.jpg,b88a13e6e0b7a49345120047b1f199b5e96f92eedfb0e84b0cdeb382d263d19b,382c074725041919
Candle_7a259f84de27dbb2.jpg,516e558d33bcf6ebe155cd0ac5a0649033cd8b8ece65d0bf8e7812ea56caf266,f0d26367672f3e59
Candle_7a8189f76a8d8c50.jpg,573275a41c65c99ce2e41adde87bcaec600371ff31192e90ca126a8bc0b8dd46,30ad8918a99b4763
Candle_7b226ae1c16c3855.jpg,6e2b519b614fe68324a2153f82ea64c76654981cb4ee10be7c9b2fedc178083a,1697171f37b3d967
Candle_7b495503c1f252dc.jpg,c25295d674e41561b830475189cb0833174877490b8ae09122991673d8887240,0a2a2a2d0d0e2f2e
Candle_7c278852f3e090e6.jpg,ec5ae6e271b72a14baf5d15ac56a9b50ce97f5ef769be72ccfd5f6c80d7001e4,29322935194da54b
Candle_7defae3d3f2ec14c.jpg,b9abf0dde2d1812f88c354d88842d1246316237400ea0e3316a726f1b5e593b2,2060000880800080
Candle_7e00a294ab725278.jpg,08d517d03a5df2440f806202a42030a751891cfad2ce9e72d38f761f988b2c92,d834be84c686a6d8
Candle_7e7d523953caa346.jpg,000ea28d6900c1ff4cd3d99e818795e13035115d10ec191ba7bd0a54c34aa052,292d0f0f0f4d8c30
Candle_7ebdc8922d362732.jpg,e3608e3294d77e7c519904a070d27c984f51cb79fca0bd34b8654da043482a24,474f9f0d4e4c5d5a
Candle_7ed7da11a460232a.jpg,edf24763fe1a6df9eb020a669b5a96bf382e04397c72417ef81351ad58e2202b,892f372363514d9b
Candle_7f46707c15668054.jpg,71515835c7a4ca4301d81238c4063c4af79a944c3f72162102b265a531af516c,88adcce5a9ac2425
Candle_80e2d70d584ffc08.jpg,70c5050e72b4b669d26c3056f3aac5fe4b609d3cf73fb181fa6e125da757462c,69c6170f362b8fff
Candle_81cb53c9eb7a7be5.jpg,6916a8d382ae74c667eb4d3abd92187edfcae09894a6c12d850683b1f2e25510,1f1d9a2b2bb7240c
Candle_81d6bf95bb8ed1ea.jpg,de9a3ab36e2267f8e0425b4835c3813a46b40553edbfaffc2540d2d418a2a520,696d22168b2b3336
Candle_82186180a19997ea.jpg,6eff5aefbad23feab63d87d9ba56d339ac0889feee95400a681bad0fb10e2024,3333f2eae8e08e2c
Candle_8277acbdb026330c.jpg,90e2c53cc76d9f47342bc048430332d3f0219f7f6c597d5844eaef95920eb64c,041923430b174bf8
Candle_828920c2403f01c8.jpg,e451b29368d06aa9c42fb2adb75a82fa889ecd40ca46709f3258a40160dfeaba,3d393133531b3233
Candle_847cf148f6723cdc.jpg,1a3922c64d94c90b8b2218390b4eaa2a9fdd4ff9ea73b4db0e9ea6d0362131e2,2b0f0f3b13d34b19
Candle_848ea8a79db31556.jpg,a7de0d5cc9e7b6af31ba795a92c53e9bc0231dd5d7e4cddc7a230ec9ddcc14e3,686cc4bcaeb616b0
Candle_84e55dda16f77a28.jpg,88c989d65824cc3ba6947deb3ceb870860f6fac5c65e9ea33f23678ac92dcaa8,f8f346c3cbc7cbc3
Candle_8506930e44949cdd.jpg,bbbba1f55bd45291a07df0e8a93e9c0d70a0fb40f4f804be2e3749996b68d5f0,5b3b386d6d697890
Candle_85311cb1fe0c8fd5.jpg,71abf7185f98fbe5ada36e6b8fb64870faa7433b47819efa4e9a2656b4ec85a3,8f39e060b37a3e1f
Candle_882ba6506c0c4da9.jpg,2e5492ede6c68d9fde0b507919eccce9fc1e29f373316172564581d40414ea3f,0f0f1d0f0e0e8d0b
Candle_887d314c1763ddd0.jpg,8324aa4f6e51cb905aebe3b4002f805d84fed5345417c9433b3de74914cb30ef,026867632f8d1b1a
Candle_8a8bcc6e1a78e94d.jpg,b066917747adb9fea7b8b2c8a9297df21ab61445cb1335c7321af18aa9605548,6e334313d3c3e5e7
Candle_8b07362e18e29cd2.jpg,809f69e844a9a2d76a0b0ca9a5c3b2570840bc37108fe41d9e08cb2fc89b1311,713332050115c67a
Candle_8b5f3ead8abcb28a.jpg,adc161f01022cdf003f7326ffd4fdf81fbaf029b78546e5219e100d26e0936c3,66666b2aa5f4dcde
Candle_8bdc541e08750933.jpg,21bc700a72120806abf3f4114d90ab548669ea901993f7c350b4d8208aa55673,3350d4e49db5c4e4
Candle_8c4fdc13f684a57c.jpg,034f1ae38017d4cdbde77d4a1c7b6523b10b621e53f58dd7935bad33bd17a80b,0b8b0666470f0e33
Candle_8c7208930f59ed2a.jpg,f0bde47707054721a3594f849d80d2236e925017f253f02b6a7bacd352772deb,472da424e5d9d89d
Candle_8e60d2922c7be3e3.jpg,644de86a317f9245abf59e2f26fbdce2e606af66c608527a4a043b0410ff6156,06878767b391d15d
Candle_8f85df4023a74106.jpg,9e3f502d153bb530dd54aa2d377574dde67c43b59c359cb145a83cddae99bc65,262459db977f9f9f
Candle_8faee0cc9d42eadc.jpg,199b5c06e127b4f4e4c85c7247272b41eabdc7bb5b56aa180639d9a0146777b9,2923e4c6c4071404
Candle_901f4f42501c28b6.jpg,e8f3686811c69abd99327476ff017401a56614fbc0434a30527644119ce73dee,0c0f0f1e9e0e0c4c
Candle_9079baa111b056f1.jpg,5d3323e0c166feeb50a25e11ace7e3bec8fd53951a759c6ccd8081dd7090b686,1331325a4b55d95b
Candle_90d48ce9c79361cc.jpg,d7054d3a15e5aa73ca47df42373181d78593fc3deef13b22940cd9caec441222,0f0f0f0f0f4f4e1c
Candle_9104cc563916eb64.jpg,2b3f0e0e6b1004c2a8ac881e65b32e47a6fcb60254d73afb7d03bf3e50800bf5,b4949ede8e0c6ca0
Candle_9370461c965bf0c6.jpg,4413b291cc14a778c91c4a7d93e8967cc64d945790297c962521e9df8e6a04ad,e9c9d9999f8fa3b2
Candle_93a00b60b062ba58.jpg,044db3a56b5549a796638e1662623d168fed311f5a40aebb6ef24c7fb76f9dd5,a72727650f0d8d0c
Candle_945a7fa873137da2.jpg,13a1a2b5b425f71a23c3cb3b7d76895fa02ff46645249e97997485957fda2387,1c1a070309010707
Candle_95c21af4f32c48dc.jpg,66ce17bdb3ec5d719be581dff7b675b7ad88aa2be74404c22185d4a89b02b215,7861346868349c18
Candle_9683df3fdb53ddca.jpg,a309d24183f8542ae06b8c035e2cca492cd53c2a1c2fd77af7db313104dbb82a,dc9ccccce84de5da
Candle_971b7cd1429195d5.jpg,2f667aff93bc269e719042a05760c7dc985cd780fb005294d3ab4d91fa41a8c8,449062620684cce2
Candle_9740d70bce6fa670.jpg,298d26abb81d32d96d28497758fb4db489dceb2104d065b27406540cdd6073e6,fbe1e96f49c9f303
Candle_9798dfe0e525b52f.jpg,90305b45e89965b8fb03c317f45103ed5d6ea5a0c608bad160567eda5362d0cc,1b0b038b0f372f47
Candle_97b119f210d4af86.jpg,310264c8a04fc7e310838c626f071f192afd58c0083158a547fb37edf64ae2fd,4e5c7b7b4d4f7b7b
Candle_9905c3eca64053cc.jpg,181aeb8bff550f5f515e43a9a21363a33dc12a7a7c82cff4becda794432e88f5,cbf3c383070b1626
Candle_991e863f8e05ac66.jpg,2b4212f444beaeaf5e950545b45b4ec34915cdb3f93d2aab992a958ce0233be6,7859992b62aa3b2b
Candle_99f82bc5ae4f9b4b.jpg,9cf00d4b064c86f0441dd3a3e8bb843a876e7628feb50b824d33d7231b52f09e,009018184474201c
Candle_9ad78d7fcc2efb65.jpg,80eaa45791aff3d33cb54f2149444be2f89fafaaaaf2c546f7813b26f1e5e5c4,1f170f0fb28ecca9
Candle_9b762ba03d1ac79e.jpg,f6cb3294380067e42d6e31a011f8d481f446bccebd2496180469e1670d4584f1,0b4d8f0d140e0e0d
Candle_9c48556b9b38d744.jpg,5833913b580a503ea621db0b021ed31005c91e56166579d1e3fc52df5a20e84c,8d656547c7467667
Candle_9c79074d8ca4b35e.jpg,2e29849ca4d398e0ccfec74164f9af059267017124324f38244659fda37c52e0,07372b2b4e4d074f
Candle_9cb1872bafd2379d.jpg,562af86369e53870fd2e6460dc79527c9fd8f9a514f76d3a9cd63ac19b1b2759,83b1981e36421000
Candle_9cf3e25d5dd1c906.jpg,a6a92afb897dfc0edb3b149e294fcd1dc8937e179c44542703b5336dac4fbcc5,060e1e7b3ec6c8c2
Candle_9d4eaea9a2047a59.jpg,e3d060e819aa2620e589cca3548d3b068303ef0649f6587c4e34554f00a2e44d,8d37b9c94b4b8c0e
Candle_9d97af0a2672e3ef.jpg,47349d20811415659dcd6504e7e4fdb881dc0691804bb27893d34f19f6b4284e,4d5a4b1637a78fce
Candle_9e2b2b2167c51fd6.jpg,edf973fe9d5e03685ea4a1ea9007dc7e60c47c38659874a3633608b1ab734687,b0b0303e6e4e84f2
Candle_9e2e2365acfeba30.jpg,98e0cbf3a09a3e84142a8b77fe852a36dba2f3a4b917b53fb57050501237b2f3,032b3333392d0e0f
Candle_9e3a148682754acb.jpg,a2852e7feb4a90a87a21ea1440f9d2e138a7e020d75457e5ebc3303056a43267,d5d6de4e4cc9c28f
Candle_9efb1f4cdc86f92f.jpg,fc1b811fe962160ce6efab4cab8bcd9839e2fe810202a81bbed6844193d4d4e3,08462707071b0707
Candle_9fa50155477714af.jpg,61c505c29a430359a5e4559448f5238e10068ab59c458eb98898d1a7dea16421,252707070585978d
Candle_a0643d5d8ec57c2e.jpg,df10e1aaa21556cdcf196ab0a8a404f3d7583ef5dc1e3391f2fcb5dc06a6f1e7,062507241d1b0213
Candle_a08b630eabcabdb4.jpg,1e790d5614dc5f49a42c6694c5ab7a99fe00b98a83ea2d35a2788825b6b82ffd,c30e2cd33464f0c3
Candle_a0a400f8db6ed49c.jpg,4455c98cb25d823bf191e4702c03e6d78763b6407bdbee76d6d18dfb81c0ebaf,9abedcd6a5a7abe3
Candle_a0e49a365b01e39b.jpg,12fc3918d054c7bbf82c328e964027a9455ecd2881ecf5069e1d81ef8e0fcd74,7a34b638b1c78e3b
Candle_a0efa7a1c79301c3.jpg,c9696c256141d33e9161322b7f8602b2b473eba279e5f9b67cde985ea4120ec9,480f162a0e8c9cb6
Candle_a16e5112cbb00d37.jpg,17d0239ca601991887c6c803a985c04f5914f02d4e0cdddb23d41df61e59c47f,0589a594956dc337
Candle_a249c40cb567b5e3.jpg,8df508d71d118603b47788ff0b0ed8f4bf6a89b0df9d855cf6049ba199ad2dc3,f3313131a2725818
Candle_a2cbb8eee4042b33.jpg,95cf7c93ac6b9b25eb3f94f8532a667d711f782a35efee9b12a0b45f26e130f4,4bd7c3e262670739
Candle_a32321d89e874dbb.jpg,3a98ba11c7445a05820b9d3ca6730dec8d7e7fc5e8f7ce73aff5cd43d45b5553,8f06333213bbd8e8
Candle_a36218a127a334c3.jpg,66069814596165537d74bd966467ab7d8b581566f8fa7aaf516a86edb0704a00,32f2b3b3b3b37472
Candle_a3f3a01be7ff104d.jpg,f890aef596aa51e2e340744988d819ec76330ffde4fe528b2b5806c3a03ff37e,8c0c8cfc73e86021
Candle_a4a083ec3d2a7509.jpg,64d7d33004b7d89b8fd6891e9af2de2e8b8ee8cf509693f1bfd47cf000840db9,2d0d55db94e4a68e
Candle_a561b1b4911f3128.jpg,aa0fdbed377395ac4947cec3a9320a4a4226f3a60f62e656466ee552fb5bd9ef,bebe7e5eb6bf7f6d
Candle_a68d7307a72f01f8.jpg,c1373ce284ddb61efcf766ed8c7cbd33cc35273e9b94cd14a354bcf38d8f948a,1d3f0f3f3f1b1664
Candle_a800a5d0f2dcea3f.jpg,86b46c73214c395719a69e9e35a50aec960ae915c65a31afa944e10fff105eb5,37d789e9697820a3
Candle_a86570924367c152.jpg,fd57341be7d2b4e0164c919856fa1f4cb354887612ce6681768a4fff9f2e8b69,851191c787838385
Candle_a8856b3806f23bba.jpg,a4d4044f5f634d39e18d5520589592d6ffdd02acf52d305115f498690d14516f,2f2b1757c6e2ece4
Candle_a92eb06a935fd628.jpg,8e9551aa19e5d979bbd8bda88f01dcde9c8b31fd70e4755102d373a07d2671e2,0f07370683131cfe
Candle_a97114b8f1911c0c.jpg,2dd15d838e82ad237d97ff8c1f2b8a13aa5be4fd68e9007c814a07dd0cb149e4,a2a2959d9684420f
Candle_a9aba54617e0f26c.jpg,6e3b48ec02cb392edf66263a052d59b75362e711feb0b5705314ec26cc4efc4e,39585e4e0e0e1676
Candle_a9eb638837619a8c.jpg,9650ea6b9384ae73542ba5cdbf054fe6f7deee94768a67f12f59c3951f837632,161797373733b333
Candle_ab154ccf471c65b8.jpg,c9a0cab1166e33d3bfeab5621356fc16fc942d9dd40f469a460d2b6d7e34e218,594e494dd959e9c9
Candle_ab1826cfd60f64f4.jpg,e30e7e11537a4f6f1f9003713d7b7647d38c0fafd4acf291cb4bd88da64ec0de,f9ed4d8d864cd055
Candle_ab6acd69b51fa0ea.jpg,a63ca36579581be59afebdc95632befc8ea5cdc85950ae3d212dc79f238a4938,49cfd69496dece6e
Candle_abf492b2e31b811e.jpg,581296311e01254ce4322c486a9314468eaec3660a22a6a8d5d49ae71df545f6,d84e8d9446633d7f
Candle_abfbefa88c7cb619.jpg,5714286953476f1a14eb81b51a2f3f259f77ad62a9523fa4bf94bba6a9e1df97,acb3f3d350dcdcde
Candle_ae640aed5098798e.jpg,b48d032468c810ae03157f7686a22f44f44f16bfb77118446fb943adc0e113c4,e786ce32341013c3
Candle_af22b954006a7fcb.jpg,af9e4c2e2e8d50e76c2caa5525fbfcaba9d3369067cba87b8b9d465ae553996b,6026238b5b7f6e6e
Candle_afbbc6f6d270c4f8.jpg,d17e8fbaecf5bb62aa664187c22ae377a29751ff7b47e9847be77e26e860a7bf,675719192cb4f323
Candle_afcbd3159e3538f0.jpg,32da0fea8b940c690e796c2ce6dc4b2de27fbb85b6234c174f8e1f5459d61fa0,b3b070707062671b
Candle_afda43e882957850.jpg,0e52abb76d9914647ede6e4d9f136273f7953392558aa30362f98b5c76b9cee6,262762a0b0b8ac30
Candle_b02109dd5e6fe07c.jpg,93f1cff5176179110d514331389058482d3fa693b5933995b1493467f75ac046,2c6e671f58202389
Candle_b022a650d1563945.jpg,5b2f1ba974d1646ace3c2ca5ce2ea087ab4babd07ed64df8b1fc4b91926eedad,170f2f1c1f2a240d
Candle_b0fa3c521254f9b4.jpg,77df8fc911caa0c10af89daac8b78d8836eeb8ab3ea72e8c2c7d903855f37e7d,193c3e3232303a1e
Candle_b1572f907b46f849.jpg,4794fd17016580469790b0d896b98028fa012d2af28076085696ee1072b8211f,6c2cacf8ebcabcaf
Candle_b1672e9d46a226b8.jpg,96c2018bc297730d3c25f93fe3a6ba62e86bf05820f3b170f42c204213123d49,8983030307e757e3
Candle_b1a592620915b568.jpg,36484cb5c45a4cc4a56db6a85c218480e5cccb9f89d53a4ecc1b01e340f8afdf,c3db2b43696d3222
Candle_b2b6a08c2ae29715.jpg,c0675dced45eb61cbf06aac4b12259f17ccb59874dce4e17d75dd3b738916609,2b1f99af2fb7e7ef
Candle_b3577fe61a5bf7c3.jpg,91a87ddbc67cdce3df9818b3a78be3b053a4606d74d4e39236c1f485cfcd5d04,1f1f0f2f23133333
Candle_b3e5df83a6221808.jpg,9048f00f162b8539c2918e2f55b2fcf58772837a18f6f3f2fd8c27ee427932bd,bb1351c3326c4f69
Candle_b4197a4334d5dafc.jpg,5e857f8859288f95fc32bb83d93ca2ef9d17af08ff310c186e79f7edd0d6393b,81c2c675541693c8
Candle_b4a92606cbe3d727.jpg,345c15c3c7b3fd9dde352b379420318e54d2e511a9218e9208c9d164c2426381,310f4f0d29200cac
Candle_b6244614e432a7f6.jpg,63963dbcc5a9fde1f591008a777bab7aa6914814b12ecd39761c653f23564840,3d169628c63c1ed6
Candle_b6252af7ea619924.jpg,d7beb419ba0675b2047d7cf6f562a359d05229fe5f6e9e090917823afb3e2ae1,3b3244257ad6d3cf
Candle_b73adf46b8ba8620.jpg,22b74d8b9435144402e8dafa259994ca4437415b0c5dbd936c1f41be623a202f,0f0d6d69cdcc4c0d
Candle_b8f2b1bdbc524e58.jpg,421ed5a07fcd2bb0d256a122e90770ef94f7822e902cc3cd1cdb535932dcd559,3349cb1b1b93960b
Candle_b94dc9a49d51ca22.jpg,cd74fc4390198984fa808e54c9e44d0013de4de71c42a07398a148bd77938ec6,6ee4cc0f47e52519
Candle_ba1afef6d2427145.jpg,bb8063fa6d5dcf450483763956f403571b37da4cc9d913e9ab50274a71badacf,a69657c9db939f1f
Candle_ba44e0bb8133bd0a.jpg,bda01a06dc5acb99c3d821b5c8e92273c3682c2755240a3736793f715f322665,6727273f1f1f1f1b
Candle_bb45ea9087fc8ebb.jpg,55ac578645e52caac9b50d59cd41c574d4ed086e0d9fb1e9bebc22a1fb66871f,674f3333b3364c16
Candle_bb83695beb9a6c5b.jpg,aa0843466e10065c6d6186874a61b46c94524a3b2ce2aecaea3bb40e3e460afa,5e323d5d3d363666
Candle_bc9d529740851ded.jpg,4f6d360195482846ef9a910e360bfbc0e26a44498ecf9695cf43a4c287951196,8fcda61e36b2c3d2
Candle_bcfa2736d5014909.jpg,60207a4a1ce2656ce582b90439abc53ab6497fcb67accc4b97120c26929fadb0,9197088c48091403
Candle_bd588d63de1bf4d8.jpg,cc2ccd0feabe32bd162d950a9b8ae1f1c0f011aff9a8c18c53288cdb6fbf7cc7,66a52f1d1b0f0f07
Candle_bdd2c4e0998cf766.jpg,8ce6578e8a7b02dfdca8490c9903b9fa7eb97f53ad136f66fa660ea658a5369b,ca4b9b919458b21a
Candle_be8bc7fdea8cc259.jpg,d623caf3148391b9675976bff52d85e96a383c0b40c972961c09fc7ebdaeb7ba,5844889c0459dc0f
Candle_bea8f178f7f5a817.jpg,cc06ada95e17fd88ede0b06de4166eee46d446cf87cbb282dbb9078024490331,0713133207040513
Candle_bfa33623019caf2e.jpg,cf59d4289d01bb2a7ac2b8ef2c38ea807816dcca229f2654f2b21de9d9350a96,2e1e14591f3b1b6f
Candle_c02f7ab81e88265e.jpg,abca2ebfa23684a8bc763a1bc4544ae7b210124ff9c1f53bb80516dfa3fa1e59,2c6afa71d79f3d6b
Candle_c0cbc3fdfd519e31.jpg,609d25ebfbade4544d6c2bc561d373d412a31b5ac6f2c724258f6a281a9fcb8b,0d8f86ceaec8cc20
Candle_c16c5c68166b4a84.jpg,633a092757c8968aa14e9ae8331a48acdcee82fa22c4ffdedba878ab4a24d40f,911313130a074b6f
Candle_c228883672f83b14.jpg,d7ced104bd1b1e736f161d7d3c5cc19bdc122701341204fd5869e5941d87ce5d,074f070f0f0e4f32
Candle_c3f543a5ace22cbf.jpg,115887043164f233bf232a8c3909f22c5e62d20669ee31099bef4b09d64cd5c7,4646528c088c848c
Candle_c4f7f4c2c857e95f.jpg,2b072d5a125d1605214a7512530a43b82aa11b2f7edb1238699a789118ab2b92,1c7c6874b5b1a397
Candle_c59f5f59301cd34b.jpg,d8fcdbd8aac795599516d73bab4f83f7669efbcd826c1b5c400d18621d664a0b,989c9cad63636325
Candle_c5c81cdc346c9745.jpg,b9df3d2cba0309a5ca02ea89cd1a470404b25dff8bab032cd3af102c0abe15ed,4a690f9ecec68787
Candle_c6fe252a4e47916d.jpg,47442038d6ba60c7ef9de9718f8968a6bde90539753e6c6b445b4df4613f2489,dcdcca878f8bdacc
Candle_c7ff7317fba4f99b.jpg,4a87d7023220d93e15739f4240de8ccd3cffa661fc3c3426bad08e951d5e5e43,3335b4c4b4ac9999
Candle_c8fbe64ec4d1b727.jpg,aa92990d3248af5178261e7e6f8cc0a09d8f0b0c3a8430007633d838f9d3bfe0,87135bc123233119
Candle_c955f676b6118f86.jpg,43d319000ad37696b2b081f61cbc4102ebc1fa6471dcef36538864bb91e9502d,87a63e1d239244a3
Candle_c9f55d2c9a8c8cf2.jpg,e37de4db242ddf543fdc84d4d27e58a6d636c7464ed1fab06ddd755596371756,cdd858cc88999dbd
Candle_cad6d909893170f2.jpg,2aa625d80bf6bf90df43d814ea21bafee86471cc13467ec185475f4eb6eaa27b,08204c0e0e4de0d4
Candle_caf4a103466d2930.jpg,418486d496077db44d32d8e2dfad80a89d07ce2bf7ef0b36e270b2432a4efdb3,64f7f5c1e161f959
Candle_cb260ee02feaaa48.jpg,3ebb3e924539ff249e7cd951889a964355569a359d1d9c79f82c4343817cf808,e92b0fcc1666490e
Candle_cb2cd62ca08d8324.jpg,43903a87cbd62a323ad2cf55ae1000d641f37f6d6dee6a96a4f70fe48230e9ba,5c9c9e97cf273871
Candle_cbbaeb0076fe8818.jpg,0c734c1b84573223994d2b6efab1067cdc09ac1c2e5e2a96b491fd162dd91cc4,d47061580a426c68
Candle_cc565767dfa7b92c.jpg,b07a11eceb221f5120963cf4e8afb8c1367d4262ceefd74211e398b911bc7dba,2929939335b4453e
Candle_ce11e7891d355e8c.jpg,7f8d4e2bec27ec43ddf39ccef5fc6fd272bf6be5288c42a5fbfc0c86b6cbf96e,9131233313c3c303
Candle_ce6d32557057905d.jpg,897238998c21f66201f7e086b16a1f7805f4975f960606cc1a3b3e566a3cbac5,e6d6908bb9cccdcd
Candle_cefd3cd8a649b841.jpg,6a1e8c985f1a20f44ce835174045a2cd472dbcfda7e8710393ddf05ce3fcf353,646a727373471313
Candle_cf7a3e8ec4c58bed.jpg,3db388715adc3ba264f376ea9e7836fb221ee358d668ce6054d513a84e61a184,5a0b1b191c1e01c3
Candle_d03a8c65b04de85f.jpg,6189b2ad9a2b651360f9b2c0c0e5fd287b954d352d4555bfcab145a6baf6e25e,824c6a72f3595ace
Candle_d04d50dbed2d5c4b.jpg,0810631f84691e79f18d73c8f5e16534a6099348538b7600766f6064e7613284,2122016372b0136b
Candle_d10e2ca5311ee32e.jpg,7c6bc447d3f7f946d83a439a34f23bc87fa27b60f21aeb6fc8f9b1c08c85b022,0f4e4747374a1303
Candle_d130ae8fee94c04b.jpg,909c9018201c95a5bffdf80e95a08eaa5ba86de9d092bd98df00f0b5fa01f13e,93292d0e07173f0d
Candle_d154c4441c7cf4e0.jpg,bc28f665112b663873f08cd8c5c186ee42364cff64385173002dad212a974214,e7e3e3279bb03263
Candle_d18076aede0993c0.jpg,aafafd2a9a24923fd4ea95e3062ec8b8b49789248c17a1447f298730166347d6,2e36b38b2b399d99
Candle_d54a01e6e929b487.jpg,cf614c4d7056f854c5d23926f343df084c604881cfcbf0141ecc3cfe6f85d8a2,903179ffe31b4b03
Candle_d5532b71f3556eb5.jpg,d1da1e673f87dc5c87c4810ffeb75aa9a47a86cc9b75c5fcaae293476ac16a68,3858b06ba7b72769
Candle_d649089ccf5fc136.jpg,8032791caf3faa5e366461d09fa434150d4cd57467b50a18b6ce87c7fc477a6a,b3b793b3320f2f07
Candle_d6dfe03717a1ee99.jpg,59e959b6d231097ed87424e48950748b1804692447afecb603fbcacca580da73,a6a4644585cd4089
Candle_d7b5ce581cf4c93d.jpg,4e6ae01daa7bd5f59285c5886517f5f621b946bdefb1a271d3220f241a37a965,01012232aa8a9387
Candle_d7ba3f7ff63a7025.jpg,3615c0f79658f20cfa4d84aa05914afe9fa84bc2e76ca66c2f39c624430f4992,24c5883cf8980868
Candle_d7f8d66970a538c3.jpg,8e145df1b855b7221a475c4d851849e5adf839f1eb2b3f69cc45567a4b4082d8,af282d4b161b4f4b
Candle_d843a19703176a92.jpg,e72823200fcf110c3ec68703be9ad795efa918d3300d26636f356e4ac2db9942,8f3d384858c999fc
Candle_d86a71ad1c0b0826.jpg,85a9efd6b8a783efbf77e5e20038aa2cc013c11a6a062eb38463d9daeace6802,4b4567897306d666
Candle_d908c0aa697f5cf5.jpg,7db29075cb3e1694bebe6da42454227bd19505fe7744fed1f25d639c71f86d24,9e9d37373629193b
Candle_d9d08e7010a14567.jpg,2458ad90b6dfa5a89d86bd302370c019fbd1614b4e60053280b27c85606c106c,652b3bdf6b6ff9c0
Candle_dba044c0ad26c046.jpg,6f36a698f60648f3a6cad5e2a40e2e85817501db4dd8ad6f4db3df7bcea252b6,3f0f059515160445
Candle_dc2d5bce0c2831c7.jpg,3dd659f0db6d050ef3ad09c23afcc9e2ad644dd014fbb4dc55dfd647de01711f,5c880c0b6d4a881e
Candle_dc745044eaf32bf1.jpg,cbe5f8a7ad3c507d78b0b41f9f8da911483cd154f526fa40778f3f7f1d9b3c2c,e82b7313878747d2
Candle_dd0c29aeea477eae.jpg,24d2dbb51a89de8cfd0f58bf3ba1e7130419ceba70d87db7f78d3a0f26b005aa,4b1a32b41d17969c
Candle_ddce3f66638ee2bb.jpg,a3f7254062df708af0aa50f3f57a91b2d81073c27c1d3431cec710ead395528b,c469f124275b0a48
Candle_df080b69d43ee77a.jpg,410cd74bf58fbf92a5e7dc5200efa3b6171ade236592b95b0e0a58a18e262a0e,1b5f1f4fc6d78917
Candle_df7917ca17bf7f15.jpg,dce0aeb425d25583b115200c3b4a6df90799977987bc7f02d291a4014254649a,069619299db2c9f3
Candle_df94dd521fff88fb.jpg,9d4900e362d539264aa1a85413bb46e358dd46fb54b0aaee01c702c0c17b19b2,060606474e733738
Candle_e0fbce9b40ac9086.jpg,99cffcbd2f35562e35698ab22ca5df8218b9168bd38e5a335eea250e9a2ff0db,e7375b397b7f0eac
Candle_e1971e48f66b090c.jpg,293fe99381fbfb85c2cd9f98c7799b4dc65121c3f33e530869f7c695528631e1,6e2d1f3e361e0f1f
Candle_e1a0da59987d11c5.jpg,2406b0cd07c3a3f849350ca33dfe7105aa243281f84f5590a94efc6c2c168398,83b4b6cd7a76c798
Candle_e31356a1a404e567.jpg,8912a1c6e4ae565ffb898dcaa382af1921e3be039020da10445380ca3cae78bc,b4f0e0f0f16158d8
Candle_e347607259275740.jpg,434c3563bce7951d1f6f759a0fd96a92cf1cd14d520bc51e95364b9fd1e77467,1d0c49f1e3563434
Candle_e3709795e2ffa630.jpg,855f1ac28c9f3ac137d675ecf98301394828872dc0e8db083514ecfbf898b64c,29296968e9cdf554
Candle_e3fd2e1a9831dc14.jpg,46f3354b5c3bf022eb8508e81892fd5f11f2c959fdf8ecabe18f31b7768c19e8,e9ad2e363b37271f
Candle_e409aafb57ce2ddd.jpg,0d54dfaefbf101613461170237123f7caf73ddd80fbb0c4b1ac8756ce6376324,053672b1333171e3
Candle_e636281364efd208.jpg,744e05d4aa5c27c432f29f03e1cb94ead219b004c1c8f6fed4d27d15600cded1,c7c5c1c9890b2b2b
Candle_e6373c2b85cd3472.jpg,2742d10e90836a2d994309c1ed942fbe8dc18a116f1722e1fb9983b9b2774ea1,39191915195b170f
Candle_e68a68d5ae0930c9.jpg,bf8d9801784a9eae3ea81c5ccebc7f18360302e1983b5e05004c2af8b5f09619,0991ec4d06160e02
Candle_e6c28058ba6b4337.jpg,433f23e0333a376c41e3ac253cefef82e0ca48ed64fe0bf78f81c929ec25533d,bbb3359b1717038f
Candle_e6e8cb63d07a314e.jpg,aa0736efb6c609003d2467eb65eea4a0bbbbe0ee5149fd0512cdc043e8ef32c4,4c4c8f8e0a0b4bc1
Candle_e71d550fc3476d5b.jpg,2d251a7f4869522f4fc75a1c4c49d85e620ea042fed08a7cb4e2e21f0b17d0e5,8d901199d082c678
Candle_e7523775692b8fb6.jpg,fee031632fbc72229ec0ac6d0b41499af1ee40ce33a03fd1f90d7085cf1e699a,72231f63cb3e7f6d
Candle_e7ceb8ad1afbf6d0.jpg,2c0dee5c6108ae08980e46607955336525f9bab47d82d6c98f121f8ef1f077fd,966667a6262d0613
Candle_e7d64f790ec3f06b.jpg,5d828f947525f90fbe259eb8587ba013f184f15834b1ca15b39b68cf28ea120f,8d8d85851b293939
Candle_e7e5e0904a48c1c0.jpg,ede48390fa46ae33e559b67714711598fd103f011050f21aa2663abea7b62895,cf6f2f0f4e4e0622
Candle_e867bde189681fc4.jpg,0710d90e5efe7f3dfa26ae8931d21afdbbe802a461105573dc781494121a6e7c,1d39bbdaded6c1d0
Candle_e874530b05acd951.jpg,9490e33a09d2ef623c35aed98b504ad10c6a5f2336adb11836cf7bbbca42a40f,63735e4c5343e337
Candle_e95437a743d06730.jpg,c91e5214e2abc7ca6f3b620c2697e7522e5889de892632700a9940fb2848bca3,3952d2d2d2c2d999
Candle_e99ba78eddd97c54.jpg,99a529d2f9fc2f53e4738d8fa1ebf357d1acefd9f8b2986f1ea907b87de1ffa5,9a9a969323331b19
Candle_ea18c8fff2f9dae1.jpg,bf23a3fabd1fb7d49b5b2fce762608914613e195e182c7f506b02a667906cf6e,1936b79d4d1a1b53
Candle_eb2392f8a4419501.jpg,d7e7dfecc292c9693766d612a39507548c2478f01a63e6adf3ad0a8daed21030,12938b8b9b91906a
Candle_eb6601f938727d6a.jpg,812b227c7c025eba15343c0222f90695169fae57e6cceb5a3ee3e79e26c3e325,0795a545c3939b1b
Candle_ebbbba0f46659486.jpg,4b88bdc3a1cc77dcff719af6ba51b94ccff87f48c16d5c837de083658baf3ed4,06264e4f4f634f4b
Candle_ebc85bbf84e470a5.jpg,6abd96968c99bd8518e66eb93f83038ee28793beadff2adf2b215338cecdb108,a38383d0c0f11333
Candle_ec649d31b98d5de8.jpg,4c977799ac16ac0f11b62747eaf64838c2c2442156d8b60c3d01a44a7ccda4d4,4c96234f0f0e8e4c
Candle_ed01f66fb35eab09.jpg,273b83a222bb88559262caf94ea88f544fdbf149c793846071df434bff8c752e,b73d597e7e5c5c29
Candle_ed2b72e626878d0a.jpg,f6052fa7a7de71a495a7f1c7cdfb6e457a3843ac29784030f8912fb68f9878fe,3b39b99cd89c9c94
Candle_ed349b0862bc0787.jpg,8c09583030fb0334bd8907d0f3c56e82dc79c3be68a22c72e19fdca68207a3da,3517c6c4c87b7876
Candle_edff66d4efd11787.jpg,b6197e973ac1f6a0b451713998e32eefb76699faad9360186cde1c51e4039f4b,450723438b1a1125
Candle_ee35fb220353bcf3.jpg,739c3da57fe7ae37b9f791684cb47638725d066617cdc9e75c33a2720141c275,17373c3eb226468c
Candle_ef270bba77f60715.jpg,2941158bccc0ae020da3f3c204e50ba5e53f418c97051aa1763fcdc581d868d5,31394c4ccde2f9a9
Candle_f0b05da18fdb8758.jpg,94fb15ba944d87c442397a90163818035d0963c7880a8dc25d6775eb1f59b8dd,0029212024a42414
Candle_f0db8e9e6bc4d48a.jpg,db2ac5846b34c67fbaa00be0764dbaeb8fb2b3ba1e8f78dd58d21f9d634c589b,86869a3a3b8babaa
Candle_f183a43610509919.jpg,20dc4d09d2478231a35559422ad49b775853ad1687601ee4441d6d013b29c26f,53f39b0b656c0d9d
Candle_f20d2f4055c739d8.jpg,bc55c4a8e42e7b66ec2ee5a3cc1d39b389f0ba71c182c20614baf6d81e5e087f,0b264525252d3b3f
Candle_f215660753314b96.jpg,4a0dd91c2a26074cdf19070d752b642f309e8dbee450b205e77db0dea48078e6,8084888040407236
Candle_f22a90a156010a6c.jpg,dbb9ae706cf0de98f30b391fb969beb7a0d6ce8abcd8fbf3de7db56145cb8a67,219010189e9f1634
Candle_f27f95b24a80dd78.jpg,527038ab6fe2ef8ffbe7bba0c9bee36428a973f30bed0febb683f1cf55d0fd4d,6a727969635a1c18
Candle_f37045c85e79f7c1.jpg,bb5926bda39377692ae12faf9d3b45f3e045c30aac3b646ef57e66734862f3ad,cfcf8e3f0f0e3e3f
Candle_f3b1929d9501d697.jpg,9baba0b7fd7a52aad026fcf51e1f17c558446f772635de977c4730200c21e66b,1f69ed7a8efc78bc
Candle_f433acfdea89d3df.jpg,92091cee59bacca6da74424528273df9cbf49d75a5364a759e34b7ef257a094e,63623011190caccc
Candle_f445692b59bdf5ac.jpg,e069f4297b9322978c8d458e0ad2ca7d9fa6b1807c176d9bb175e93a2b0ff5e4,743c3d3f1d4d7b3f
Candle_f4aad79cc2ecc8a2.jpg,482e79118b5231f817ebad645be745f436208b0d5ef25940104dc8e48ae61960,939b0f2b8b8bd273
Candle_f4ad892fc82a7c37.jpg,aade0e613c9c3d9bfc6c9ed02c6fd9b300f42f1f730b30de888fa6da62571089,998c46cfc7c7d9db
Candle_f5429985584274f1.jpg,be5868ca462c504569d6e1cee0332b38cf03a1d895d70fe7ae70ad176f10f9eb,b9994961250d8d9d
Candle_f5439f182d45bd22.jpg,266d55b091d4f2e8b7e265634508023869e567920e57c96c00d99146d0fc77e3,2073333323a1a523
Candle_f54f0a053be32f25.jpg,839e941e450cb4edb059d5ddaa76cafba77cc89a4c7ecce9baf782617b6fdebe,236c641414163c32
Candle_f5509f96f27e77d2.jpg,d3ce3a89aabea9aaa247e1d5deb96c6a7d7ab945eefea869fe305c34816b1baa,0e4a0a1262636352
Candle_f5d364012267f5d0.jpg,9f3b8c6b8877ccd6cc1584051f247fffd84788bc49fbea341009eb22ed2e932f,fc1b1b27050c1b00
Candle_f697255b18472bec.jpg,5be5c14c9508567d9a56e65caae1efaad6652341fb1745812387a647d22328a2,8088665959555959
Candle_f6b2c0c7ffa38b5e.jpg,975c06a737edaf52d2bb32c0b453f849657af4c02b562d87f22aaa3f37999c2b,d9f8f8183c3d311c
Candle_f6dfa264e0c1cd6d.jpg,bdf5a2098f7ff549dbed85a93ddde253e5bb969f7fda2d3c7a1c3939c7a8ca10,9c3c1d1c1c999afa
Candle_f77b4b8eb848a58c.jpg,4dcf8f1eba80a8604a3f34b45017d6c6c6334d6bda0a3442b4bba4d24978b14d,6129e2a961757565
Candle_f96d1d331ca4a783.jpg,0f268e4a42978450ffe414ab18b34b568a40c2017bc493747a8a714b602a4f12,78797f7b6befcece
Candle_f97fc9612326620a.jpg,e1ab1346273ffdea94425f01630549a99ed6de8d158d11dfff7be677d8693273,4b4b6949dc694d86
Candle_f9abf98a043164bb.jpg,a79eccb32404a75cb08b22c96f2c6b792ebdb37b6623632d44fcd5b940bd2d1e,6996e4c4a5b18f3f
Candle_fa781bc6fa076267.jpg,77c236f257a16996269c74ddad5554c395801c2df911ca92f997f2aedb5ec9b3,4848494f1733731f
Candle_fb40481b12874363.jpg,24e85b8667a422acbd9cc55ebf731f3a45bd6a52db47b2fe2d394d853dd1978d,a7c763c3c7c7e7a7
Candle_fb57cc1295ef16ff.jpg,9f3b465e3502b7050026c013f6db2520e917594ff87476327fd856819f3649c1,cc4d15332369190c
Candle_fc8adb3845f8edbb.jpg,10ea568ffce593c471705db7a8551e900933d830de588e8e4ff8a8b6739b628b,173626160e0c8484
Candle_fd16adb14c580650.jpg,63d2c86dbe220f58345738985c09ae41534f8ff1b515c289179764977841ba07,1d2414343474343c
Candle_fdd31794e92e944d.jpg,7135e113cf862e035948f2b742a468b7a546b8599019cb5036d385308b05cdbb,9a9a6f4e980f0705
Candle_fe45a8f691dcf542.jpg,a3fa23087f7401f7928406333f37ba2f5821330c91d96d8a95f5e5dbd27391ef,5b19f8acac3c3cbb
Candle_fee2b1b6ccea5f18.jpg,0fc15f1ddfa97c0d2cb0d367d99244c3de173af0226bce3f088413827d0f22ab,071749c880e01cc0
Candle_fef8e4ad6c1c57e5.jpg,ea3768658a3da8580c0bd1b67060224c0f80c5cdc2034b3840eca95dd740a6fe,3233202f0f3e8104
Candle_ff0d264fff9613fc.jpg,d5a9f630fc220a0ffe006a97ab7026bbc31e4c23a03ce79ee52c0eb21ad06d6a,b193b31267699193
Candle_ff7d1df782f98bbf.jpg,366f56e0cdf1f629bb4184f3b161d3b4a5963110675e904b1811af5e06c8c642,248936879f1f4eae
Candle_ffb93707e587ef59.jpg,e8413b9ee5ae032fae37cc1ce1faf1a467da78c814bf35b491e5519ca7aa2b38,1bc38543cb496169
Lamp_000335f65ee227cf.jpg,869965b3ce50aefae943a8bc06a8b635cf19078cc0cf87a0bb1ef1cefce36ad7,2367c7e7e7c7273c
Lamp_000955c23be5bb09.jpg,6d29b2f08979465ad812628724981806207336fa30c3963c5d63807f93628911,3676e0823a2e3371
Lamp_000b9814a07fd974.jpg,13c323d6a84d4de3515ea106899f7637f68692e5e61d2934831abb713a4e9787,6cf47179ea49c8f8
Lamp_000bc33717a6371f.jpg,cdac65d0bc1689eb34c3cb8d6732a6e0d24d2f5d31eb0c658ebf146b0d04d28b,d5ecccce9a9eff7f
Lamp_000bd9e17abe48ae.jpg,a2a71a7d2e4df24bfbb78a493df83282a2d872a3cedefe926c7af782e7d7ce45,3f7d16869791201f
Lamp_000c6b73df3277e0.jpg,9a73372e7f030670f0526046d0b49aba4e678d0b08523644527c10d7bb9f6763,371149e1e8c8d90c
Lamp_000d8d43d6a775c1.jpg,6eaea34f921ed003aeb9f2441e0010dac4f66c8235da713ecc81824e0840a5d3,6161a820684d7de1
Lamp_001175874b0c5f93.jpg,e9a72c3b0e12f5114033bfa28334d1adbecb31c40d541ef2a17e975d5810d3a4,3325819353439331
Lamp_00128b973d107cd9.jpg,b18d4d380967fcdee2ea5c95893167000c2b23f32c1fe9fa814b4b40178c8f4a,8fcfd8dbde1d9938
Lamp_001c2c5f2cbfca89.jpg,3cd21d1c545b49d0f405b2b912e5e32c14489aa13621389223d1847c212054a6,1f8fc7c6cab03399
Lamp_001cbac16170c860.jpg,d6434110f3509dd6c3567db74913634ff7a46e7eadb7a9c6615e31601094f259,6533135f1b237903
Lamp_002126c7fc21e0bd.jpg,2af1d94d90578514751909446a281c463f8b4d89acf8ddb727fcc52b6d71f343,2d3f2b4a4a650e5e
Lamp_0021d61e016ba1bc.jpg,4ba96a1e44891016020e06a8a29eeea913e1e5f01b204562ab9c2822fca18245,4f19171b93a62d49
Lamp_0023e1c8732353cd.jpg,6a9ff7ccfb0ccfb61c137707c8bbb93ee2f6c5c8523f101bc4efccdb65cccc58,3031d0998686c336
Lamp_0027826cd655b7c6.jpg,9bb33cc5097b92eb24d156de1b8759fb8d54f385c39674231ff10eadb8d05a06,000006021203030b
Lamp_0028979419896366.jpg,45df4d9bc918775f9f56df0f3c70a8fafe403423497f958bb9f0442a22d6420b,dcc2a71d67810ba7
Lamp_0028cac8669a9712.jpg,5626059cbb32a5fd0abb696b4e5b99b05ae2a1faba0c90523f3e8e11abb68252,0c0d0c2c4e460103
Lamp_002cf081eb3d469c.jpg,2ae3c6bae8dacf4c8ca72d4d604a1a33e287241d8ee468a12b6902f033361614,a73773f2d0b2704d
Lamp_0030bcda714df076.jpg,64e9f97000b63c6272e0cb24aa1d6efab168875d501c22aa265f83ed53c7f882,571b2bd9c97d3d19
Lamp_0030f3488b406294.jpg,95239d138cbed2863b5372c990fa9283a3cd8faa649741999104fb1b6bfc6759,3cbbf333214dd6cf
Lamp_0031343a2cb73c9b.jpg,8bfd47b4d5109f10e0590ac0d0d4748181c802d5f8a20ddc842db38875bb6f85,840408404080b051
Lamp_00323826cfcdf466.jpg,dcdcfc121f59f69b1f70d75d0e8b2d433bdfecfa9c9c3331bce416a3b5d9f887,0bdc92868098c630
Lamp_0032ad787d9167dd.jpg,0921799a16e6532636f1ca2c4230201344af5ae577a69de27b9b9042651bfff9,271f276d6f0e6c24
Lamp_0036676fa7ce3bd0.jpg,088a327c31055a3a33201e90153cabfaaeded3f62ff958a53793fcdea07491d4,1b1b33353435b818
Lamp_003bed7fa4de9fd9.jpg,dae34d7b5b310a76d245e5390f33d04746843a01ba45767fc3df4f0ffb692091,9f9e1c1e1e1c1e17
Lamp_003d4525affa75d3.jpg,a3812cadce3a45c1dc575bc213a5824d0a00c10b8aabf9034dd6d3e084857882,87390e87976c4022
Lamp_003e7378c5d68691.jpg,f7eefc9ceb78dc2430dbfc08b05836ad8fbb4fd476049286f110bc00f9997173,c59592939383c387
Lamp_0041864a51775c8e.jpg,068f8507d9f98efbfa60740bb37723a4bf8872f360b05fbcc4896a1095c5c0d0,1f2438cada34343d
Lamp_004964594c008f57.jpg,a28aa8edbfb64f7f259dbe3e004ea2136a047bfa3cb58420128da2792aeb8bee,90b0709092d0e4f5
Lamp_004b74eb7fd778df.jpg,aba1e5df08a029b2c81e6f21c49e5342f6d775825a85aaf7331b9c96ed94f983,0e02020617130716
Lamp_004efc497675220b.jpg,2daef784d7a0e9bf27b33e983d82b86b3d4013d378ef8c452ba4a02ec851eeb4,474e4d3c3f3a9d9c
Lamp_004efdba7cc7f42b.jpg,1c71ea26e92a16d328fad71fb18068c9bd63e0474188a1fe8d42df738bfe8e13,1735591c65fb3636
Lamp_0058083847c4e459.jpg,47ed511db954a3e9f06984008d2e54717ab445a7d1a6fd74812a799ee851f4da,07099919794247c4
Lamp_00612f69827ee2c2.jpg,8fff9519290bb4736c9d72ef8bd84b7efaae3c87a4105c6f929fe26c8a720fb7,e3371b1b03711309
Lamp_006456c14a7e96e0.jpg,1cf4dd7495d2ebac7c47262c84b41a4eb697978cc40bf036ad5da1444aae63e4,08804c6c64646141
Lamp_00665139dd67ee4d.jpg,7f70596973978cf0edff4f7a4f695017170da5def1f026add23e3ab73741c732,2b27e7c96d675c47
Lamp_006d395254600988.jpg,4d9598730125dcd6eb668000efcfefaa87942014964fd2d5b726abb97a0df904,1c98666f4f07195b
Lamp_006f01cf218054be.jpg,036aa9f10cb5fd5871d7d6537733867e855693acc9e157f1017f23aaca3dcbda,4d04042630723c8c
Lamp_00792a87df710ae9.jpg,35c512127aa8080d84d3bcdfe2d26f77b4304881ab8747894981b429d2e8725a,010b0f1093c1c629
Lamp_007fc1899dd543eb.jpg,5cb5e25ae3e1884fb2c33eb23cc93879d003a1cbd9f64c91f68e4fb1d01035d7,441434048404741c
Lamp_0081ecbd207fd276.jpg,218f8803dae5bbd9d252734a47c8d2a6f643c5b37aad66b3d09d379be9180fb6,0303034b83d1b5f6
Lamp_008353e8e91cd62d.jpg,052a6b52d7e3e9c9a74cb69662917b5e8efaaec8f2818e9ebd20032e6c56a746,3b3e676366ce9e4e
Lamp_008a1a90b7e4686b.jpg,273b22eb128572a89badb6228af8f6129d7e078645efa0dc68565881462621d7,0d4d280c2c380949
Lamp_009be6f37929b268.jpg,5f12f2f75d3a423ec07a08c7bc349d6a2e6f4f25d7675fa474105db3281cc49b,96c7e3f3f2fcfab8
Lamp_00a5b135f1c45885.jpg,856a23bd679245e6238a533b6c00778c430a30d3338018dc8a24458e1446d8cd,9d8d8d9dc35a7979
Lamp_00b7f4091bf99b57.jpg,bbf2c2f827349125d00f8f0478fbb20bb3abcf46a49e4eabe6523acac4fd011c,0f179e9a1c1c1619
Lamp_00c1bb3fd0f8c041.jpg,5c6e052a2eead985790dc5785b37a2da6f89161edd05ab90f12ac447bcce8118,1eee787abebf2efd
Lamp_00ff73c9c823c9ba.jpg,df8262eb1444237db7892cd26b1940b460bb6025669899f85852eee15336e51f,0f0f0e0c08191804
Lamp_012581f4e24bf7c8.jpg,819a66447b309f0a445c80ca5db752904b569eeb73c30f1776af045021da525a,b3f3b3f1e9e9767e
Lamp_0140f2e67de0d865.jpg,16fa6d7bbc982af5534bfbc191f033e6aff37859eafeafc8c5e66542b162c327,e86cccd8da193131
Lamp_014f85e8caf88994.jpg,8957c64d66211d7fd1471513357460c1378387bca87fee7e7aadd5ef3f615d19,080a0d228c0e0a70
Lamp_015c813d19448db9.jpg,6781f3cd07bdb4792e16ee1195764e3996ccb96a0c0da96184828566a0e89f60,f1787877f5766a09
Lamp_015debd57b1ab61e.jpg,d5a2af7d41ae1b2460e38cbd31e0336657c15a8b76560e355af6d59bf5420cf7,070786c7861b0111
Lamp_0166dbba21c145e4.jpg,1ff4bf036b1694b28edb60dc977869f5eea8d654454cee200b97ca061e16b2c5,18190f2c1e8f4fb5
Lamp_01777e782283242f.jpg,017c3267d6e43492436358f047108bc8633d213c9ccf9d6bb8022bbea39291de,8bcbc38e9897d4c4
Lamp_01b3e632a50d8381.jpg,68cd65ab0cc16dd33e3f50e9f4129aa7ba9f6db3dfcfb9fcf26eeed22984347e,cc3327062737b3f3
Lamp_01c62fc70cd804ba.jpg,16060d31b35c86c2f6994d8fb43182f23a94b7890eca41788bdf8f0a380cccaa,30ab331332ccccc8
Lamp_01d67a615b38de51.jpg,56f8da58d3c02f7512c24f70cc8bd117e877dc3c0100e85746841562f2c0001e,023233160621a099
Lamp_01d8397c9c460482.jpg,2b2c9f6fee65525f78e36fb1f2b2830590140992cee1b0e1fd7818a428a4e73a,313161c104161e3c
Lamp_01d8fd1e9a6c4bd8.jpg,637bee931fcc2a405b2f9de16d7022b1859b5f38c97e69c1313691c9d6633798,0c2c4c0c21270787
Lamp_01eb1fc53e1b4f23.jpg,9483bcd2703b1b5af5a9048f8100ac484a6998da4973bf34d72b5f5ef6e6ee31,191918141717195f
Lamp_0206759f8ba9f699.jpg,1d71945eab0ea44e0ec0c546c0843c9c3a7d955370fee7a7ed87bd37240176b9,2d2d6c4c6c4c6c7c
Lamp_0215c6163e9301f8.jpg,cebf61617ced569fec63e9f1abefc260c38d1ad82c3f45d25185ab542c656fb6,292d0f0f0f0f0f1f
Lamp_0242e945315c942f.jpg,4b69e7e0b7f97d436e1974d5087a617008a3a09086abf3d4959d7eb27cc50ae0,36130b8f8753472b
Lamp_024f9a6986aac87c.jpg,e3da29970c5a80ea8264840fb5759bc4aa0450a9aef9e341145bbd39d5254465,4d0c8db1b2b2c5c4
Lamp_024fca00487940cb.jpg,2ed4e72211a1f8b152974f3fb9094ab27af0ebe9cbe1b3a3302f8360ef609b0b,941b9f1f3b1b1f1f
Lamp_026d59089e787cc2.jpg,f77fc0931ed7a2e19d7612fe973a3db2d792c9a3da05e44e04bd2054afb165e8,43615305010a0600
Lamp_0293cf96563e5f23.jpg,d15beb03178e11caff9572c90a3a8a6a744b10531c28b2023f3c96541b71dd8d,1d131f1fcf3531b0
Lamp_02be1bbc1cbb5cfc.jpg,4a215a3c19f7b34b4f409e9097b3ddf4755a887f610dbcb8c8630fa61e0f2252,1f47671253181c9c
Lamp_02c6f3c803eadc66.jpg,28c07e28db4bd2470db3117a9a5f5d3e180a7a60afdccb84e991204a14bdb8b9,065313d223333333
Lamp_03301f11268b9a3e.jpg,92729e82f149ddae6bb1dfc76035f6105e6bdff816aa1223c52c561a54d3c756,9df96befa7796f73
Lamp_034d5b012074c82b.jpg,3a7ddd10d8b4be39cac1442cd06e03347b0740aacdffc248551704ac79f36fae,c3931e3e3e3f3f13
Lamp_036ecf304da67057.jpg,5f6c40a409d39c25870435e80cf28bf6327da9f566c81d9f6f84bd3f2888d7eb,2f0d4f0d2fcb173a
Lamp_03c58373ba4ab7ef.jpg,78bfb7fbda35e288486a11b235b8622822da82ee708d1240938379b69a0dba94,1392964e767074b4
Lamp_041b8abd5c189b9f.jpg,e0810d9224aae6d455f36fc59d33a96b334d358bd6fdfc9ad600b8fb908180db,c1f1e1c1c18d0cb2
Lamp_04a732bdfdf585b7.jpg,be093f934998adf59ee65dc38b92b43120013173135f0439b635e8e07336964d,d37b7c5f1f3f4f43
Lamp_04f5fedf892c10df.jpg,973395f77b4b544802753b84cc69cf433a78ab9cc431b9468097050d3ab787b7,4bb6dd4b95311531
Lamp_0502d1d8c0b83c77.jpg,c6f2f71e7fda1221e3421353672e48163f72f34bf652f0426613d6ca236f5169,4c4e4e8eeb52b0b2
Lamp_052a546376a79031.jpg,69509f8e19c025890b690d7dc8dff3754ffe2780b34e900db9766a38265bca28,320c0d0d4d093307
Lamp_054c95a053f00fe8.jpg,f1f0f4efefcc68c22756631e300c4c41086532d66fa6b2be7312815f14635bfe,247561717979c1fc
Lamp_05d4fbe0316a67dd.jpg,4df491af799623728aa2b9559b79bfca46bff27eb84bde67edbfea1ca8120f3f,f163273cbca7765e
Lamp_0627f486e5d50882.jpg,392e9d60f04900b3783b48251b77469c9007ec00fb91d30bfc0d92fd96975e33,62736736f7eb666f
Lamp_064a68bc884efcdf.jpg,3895d0b300dc53c9b92fb04b647632537b52ad41645b4609f30e2c4c40fe9876,4d4c4d4c4d4d4d4c
Lamp_0678e5b1c1867f9e.jpg,eb33ae74dc44cebf2c1ce08f70cb5b314eb33d96538bf04a4bf5081ec8d2e409,c7c5cdcf460d0f2f
Lamp_0695d3cb2b7cd048.jpg,2ec417a221758648772592746ae6b797b0fce4ebe8f77f9b8675f0f38496a478,37159616960c4c58
Lamp_06aa064adb14b126.jpg,9af40585e2a57d1e24adfc6d03b72db74533348271acb791dec74d04c5aea1db,5b5bb3a78fcf6725
Lamp_06b835f7d06053d3.jpg,792d803a8e099984f7d9a8e84b38dcdf7f1737953a18f093a9bc67477d76c47c,787471f0b133f3f7
Lamp_06d2979140449ef1.jpg,cb0b18d4b2acf6726723727b5192af9068586abe5a1298c08abe70002bd0ca5d,85a5a5ad8d0a1a1d
Lamp_06d36fda6b788843.jpg,2f2601d8c1f51c7316d027a6149c03d1ed270a0f6f7fa4f993589c61d1506522,0903838927250504
Lamp_0724cbe89391edbe.jpg,11083e315efab9fa700f6c4745a84451697cc452e9e0c5ec49d4baf0ffcf0423,111515373333326e
Lamp_082c0e4ef4072759.jpg,24013b0c117c1ca255b3b11fb395df8a5fe9172bd1dfa378037daa832e1ab678,1f2771494b676f9d
Lamp_084daf65d81f9ad7.jpg,b4c8b87e29dfe31850d9880b9c7cf8d4cee9fe3cbab3c720d011222a83641dfd,363f1f8fbdb73317
Lamp_085651fcef5972b7.jpg,1af31d31fd0d7cb9b61b6efe5d709aabdaf7216b99a83344bc43d3ea714e519a,29254e4c6921c165
Lamp_085d2b28f25b25a2.jpg,d22902ad3e5cc38b78b287e4cb7c3f114ef8b69a332d91ad04eb8f633247c9f8,1391333c382ca686
Lamp_0896ed49f92e5e75.jpg,5be2c6e336fe21da9a10ef511b76ff5cd17b898225698641a5c606d56309db2c,37b3b1f3938db0b0
Lamp_094d77a14ad06764.jpg,d0bdfeb692b3cf5b47713dc021264fbe28fab72da7316ec561bfbfd66632735e,0fcc8e1e0f0db4a6
Lamp_0991fe82b147db16.jpg,46f00c126eaafdc6fd8063cc5f5ceb76f961351c53625775619d541e0e615274,35367e363f9d1232
Lamp_09ef77bbc79ffdc8.jpg,0e7fe7f81827e95bedc9b9f0527c49672045aab03f6f4ee0237c0c540f15bacd,f373616072f2f062
Lamp_09efb319e1545828.jpg,9bcf3dfb2bf517a5147314db441d4598dc392301ca0fc76c2764d38bb8c57912,333b9f9bd22f0f0f
Lamp_0a0ae8692ca8d485.jpg,953acc970ddfff0e4cf7bc595f6c9d14d83c9b51460b45ebe9b265d553e7f96b,83187c7520223b89
Lamp_0a257b1b5ae073e8.jpg,659de3b69133bcf2a225a510ddc51e87e46b253e328573db305b804b8b8f4711,4f0f4a6232868707
Lamp_0a495bd0e6b9e7da.jpg,497d63aac5339cd93be144e70ae95335c709ee31356c604e661b597748778cde,0707072b243012aa
Lamp_0a4bf13cbba1c10a.jpg,835c5d81ce29901c3012245cfae69bef86a4e4832616d062d5b7f45acc7fdc5d,030707070f084949
Lamp_0a7708eb4bfd68c8.jpg,1460d4bdbf84781c6266ba5628f61f3c606bf020a60842db51440b4743c9bc30,899998928b8c9c92
Lamp_0a78fde3462ea7ca.jpg,4f52a9a30e63c58d5a39417bf5f351600c8c1bdcd01a7c4b5df09ffb38c90a97,2c2d0d1c1c98686e
Lamp_0a8a8164f0d12e72.jpg,cdebae7a1902640491f04245889d64fc46b677d72fe5561ca54344c6d2d79795,240404040424a424
Lamp_0b1aa63937f76e9a.jpg,5b6534bf0376ea023fd1272f119d7afe581db015904905201f98186dc7392228,8d1d19c143c30301
Lamp_0bad311d33e36ba2.jpg,70a556a71b131babb06569ae843041a27b109b4358452a4440a13bf62460c654,8f19717b9a463e1a
Lamp_0bb7b0311f2a3161.jpg,e79e3e76955a3e6198185691cde698ea78f92bcfcc8c758a094496a36938ec66,6b6dad6666676563
Lamp_0c15dbfaed50efd1.jpg,9552cc7ef6bf548617ceaf78f56ab69533b5f2969d5dbb5c3a02d9e0d5ae18ab,0f334d8e9461335c
Lamp_0c363143b5ad1fdd.jpg,63640dac2e3e254ee2893bf28b965baa45c1b5d77badb178a6c236dd10bfa6e6,183838f67c9ee616
Lamp_0c7fa7f28bc9180f.jpg,af9a41ed9715477ff31986cfd14cace67e77bc71a909f86a61c13897da5f3dc3,00fcecd4e06969f0
Lamp_0cead598d8243265.jpg,e6823410608243dbd9d02b2072b033e549a6f7ebcb5cb57fa80f2ac00eb4a888,c74f4b474c4e0f4d
Lamp_0cedc4545c0b1de4.jpg,bf4edce1b195677569ef8d055ff117b0bf317fc8e91a117c1ab149ddcbbd8cdb,0606060e4f968e0a
Lamp_0e367c52ce9b4fd0.jpg,2144bda426c38df4c8f058b80c62cd8b7865fabe448c36523af47c19fb3b036a,9d1f1d9d932f2727
Lamp_0e4715c1934cdcd0.jpg,0890ec7901a6dd3bc02dd927f102c58e979c1de4eab3c9eb1d6cf8f9cbd80dcb,1e1f17272f0f0f1f
Lamp_0e5d4a0a0740bb63.jpg,94fc5759f4fb6892c89577a468298142c1f15024954a6ba7601217a5bd4ee547,2b234cd8d9ce8ebe
Lamp_0ec5579c6aefd3f1.jpg,34d592c69c403a493f3d6af1a11ac22d2d51c0eea58c2c37c98f5d32298da334,0303030304000001
Lamp_0ec73e53868bd100.jpg,0fa95024812a3d4357aaa45f23b4df4bc60b8ad2f3fa8a367f2c5fed9a9bb9d3,cdccf13534261400
Lamp_0edefc2798e96a5d.jpg,caa7a0256c487139be2f09c6d8746cfb2e5bdaf18ad1a0f3fabe97a548690d62,c046643165707c69
Lamp_0f2b4472250945dd.jpg,ac678e050addfe646ccb05dabec69444eb959c90e001f69ddb81e320a9b2998c,07676727460f1303
Lamp_0fae61f26f9ef1d2.jpg,d8c8f5d444ba2ce5996be67d0fd3fe2a8a67002383b37fa40ee9b64c76fd6800,1f0f191f6d272727
Lamp_10175cc07b338b75.jpg,611797b7bd9029478d4c1561f20f311857c65d82022029aa34a0d077710180e1,0003070727160604
Lamp_106814620af9fe45.jpg,08f78d94e9607525c96b36b7ec58e95e9eec1adf203a309cfe3be07353950d97,072539414107070f
Lamp_106dc93ebf1e53da.jpg,77268a6b3b2ff257833f0c47bfef24228928b7e1e5e1216aa42e2823e0399a7a,383c3d3d37961337
Lamp_108444727427db44.jpg,4e5962ffa05f582c6488729f6169832d059c867e068fdd5e2a994cda0393ff67,032707060203034c
Lamp_1094b1c881d14b8c.jpg,7255cb3ed4bae8b6eccea0859957c436879a576f9305dd5cbfdb07795982ae53,1333733732332545
Lamp_10f6b6ffa6976cf8.jpg,1f0965c5b26e3b2e46fb0c94692dcd58d6645f11b4fe5a02c85151c4e915d720,011307173b2f2f3e
Lamp_1224a7cd5320f0ff.jpg,add980331348f5ab416e84b88b01f10b41ea38000469ea755616f1c2c0caf228,4bd3233234191921
Lamp_125acc02c37d5b1a.jpg,81c65b8f43835cc1c6d7f4b93274882b4f009c4a6fc64c5242a9058a5f83832a,6b674e468c3c30b2
Lamp_127ccdfb4127d9b4.jpg,94aa19275dc10bde0900f8befb952e053ad3d9f5e000eb4d7ad5cc881febf776,0f1717232317135c
Lamp_12b7338fce4c190c.jpg,6bb5da33327ca33d9f10395342ad2ad8dde3f1e7cc5acbc8fa976207752b49bb,3b3b3d3939313139
Lamp_12c7be4395918387.jpg,786e9ff80284b7e08a795d2ca8ece267d8ee2e6f092c47e5524fdbb8df76c3e7,032329091f2fc767
Lamp_1305ccae0d983edb.jpg,f2c4e40172b4d0bb62558394a2b307a56f77c5ad4674a00c63c93a753f9ca00e,c6c7c7cdcdcdcfc9
Lamp_131c8b350a0e1167.jpg,d62e67349139805c9b4f233c21c27d02e1a051ca01fe50bd54de790c9bfade77,c5cdcdcd3c988c2c
Lamp_135801a01227eb42.jpg,60427caf566e9ce3fa7df128d7a725e02ad77f2ce0f67ec87e7eb12c3b9206e0,0f0f03c70f199194
Lamp_138719dc6a997029.jpg,0387fe36f39af15cfe11a733ec1c6abbf639e24c079c62b835ca4382996ee888,1f1b1b1f37478e4d
Lamp_13dc3f6357230de6.jpg,1cd306cc245813ffc9fc526de8866c727e527eb27739c68956f9b1a9b2070d6d,17030f86074b0009
Lamp_1401cb0c4c45f5f6.jpg,37f3b2c7c55f843cb2925e2080fd57aa9fc1619cd5deb737482742b0c5839fed,0f4d4d4d55696ea5
Lamp_142327c5f84e8966.jpg,26b41f2cf937c6681e6629771e70018a8b3382b5f851f94e156e36eef3bb98f4,110a4a8ace840111
Lamp_14462f675d163edd.jpg,75b3f600a548299835ebb5c4760030659419ce042917e0e1eadb5903aa92c14e,8797696b8b1c9cdc
Lamp_145ff0b7b78402da.jpg,5f64759464d798c692525ebb55b0fa29540b3f9cb59e6587ab473a20fd8a98d5,0c0e0e4b0f3c1818
Lamp_14d8685f9b5d09bd.jpg,0e8ffc5b56bb8bb65a744eaadd46797907845b192eb42f24bccf6406e27e1654,004f470014000000
Lamp_14f716708f701c85.jpg,930e075dbe94e4a6fcaec58c58f766e32532b15a6c30b976f8bd6915ced6dbdf,47c7c78393939949
Lamp_1507fe902006cb91.jpg,a4fd520d3e42de0d9d0a2fea222c1285054cd79e98bf179de92de181d96ac6c1,878b1919193a3bcd
Lamp_15f4bb17f063608c.jpg,5b91ab3ff3277b12369b7724dac89ae4d9ea0fd5020cd1daa5f6e132538bbb62,cbcfc3c1982c2f1d
Lamp_15ff12fbab304dff.jpg,90efb100824c79318c37560aa8e80379aaac4bee03857beaa51ef4aca680863f,71f0f0f1335b5c5d
Lamp_16156ca9d2d91e6f.jpg,dadd453dfcc0c88c46413956769d262ec05edf203cdf41803da055f12066fdd5,1f7f7f78b3f36072
Lamp_166f31d7b05d6835.jpg,e75b40113a7ad3587d93e4fc395a834815439eae82302cf57c2c73ed405c5359,634d996d6d6c7574
Lamp_16f4ddfacf650fbf.jpg,28355cd4be352875a8966cabe5bbc9a3dd69f3c69d87c6286d9f257fa7294534,86460f0d4d4e6672
Lamp_170a482fa3b411c3.jpg,54bc31464c4015c5619d2f2849b99747ae1b2e8e3fd8b25252c3cb94ea41e260,4f4d4fcfdd734ccc
Lamp_171f75f8d6e242ba.jpg,69e22d85b9d63bb2a2083fca9d0a89da54f4cc3975b34896932ee11b473dd077,f8f4c0a022000a32
Lamp_177eb2ecc12b53d1.jpg,f6ac2118833071bd2d7d0206234b18f4bdcfd10d4def26dd901d27a4a2d35ea2,a4b0b0b8f8f4c6cc
Lamp_178654f60690ed55.jpg,925987193ba7d92f88c0d34f1438f2c9e0450b36c0c4d87bf7380cca979e878d,fcfcf0f8e8f8f6f0
Lamp_179431b5f0eb457a.jpg,63280f2f01f9c5f109d57e3fa53242c7409698c99571944a0cb7289d4df566c4,3f3f9e9ebbb7871f
Lamp_17faf0eda1cc554e.jpg,5e0560bba09d477244a44ea58d2a61aad722d69e566378e21ffdc3bbccedf634,982743c2d3c6cfcd
Lamp_17fd5f148950e042.jpg,38300506fb910f07b48b5b064bbe75d13fae245819ad773a8599aea7951f66a5,878f4c4d969686a9
Lamp_18807d48520cb90f.jpg,75f4c282bee436da91c1c99f93ab386aeefe788d2e4bb1ddec5555bd8228be53,67b3cbb692da9b59
Lamp_1892b1486db16dc6.jpg,6272d130a4b4c90808be6316fe46c59225d2ce0265d7b9d26c607e61ad12fbd7,399c1c2d2d2d2c56
Lamp_1896046e1ec08b65.jpg,38ef5f93bc8b10f306d5bb1422ed9cbc44fc25a95f572ba301e28852772ae55e,b03c2e2f35362e06
Lamp_18fa72739eb7dfbb.jpg,90c7a8b83d017ea98562ac6199198631a602d34b83700bd206d8d5b65b50c124,36365252a4a14e4e
Lamp_195a8e32ead47f90.jpg,574c3034d37c923e24da98e383f1bf505cca3d1aa903d02668652f6ed7caea32,868e8e8e8eece8c8
Lamp_197b766b0b7a7682.jpg,8c9c7df8f0221a98cb0c7cdfb79083f5d32b749afe33f14069ae5e973f8180f1,0f0f19353161c7c6
Lamp_1a185f8f870cdd6a.jpg,3b0ed55847b620f3bbeb1814f4c41b681cadb381be8846d15587b6533e115209,1e193e7e0e26330b
Lamp_1a1f697685e6dcf1.jpg,7895dd826fb9b46d17b572d245f49eb5a78ff7e2c24bac6a1bfc2a751ea9588d,930917260f1f1f35
Lamp_1a9714b931edb6a7.jpg,ef4c36c3fcb65bafdf1bfe2db01fd40cdfecacea5e60cb756133a4c746d61066,1c3d7fef999d4b13
Lamp_1ab2237b0a342aac.jpg,b1da5be3825b375f652123b56c186e459a15f6f60ef3b2c618fb30d70d43ed04,e8e8e8e8e8e8d8cc
Lamp_1af1ba4ef6f64a71.jpg,f5706899bec2cac13e09affc5dabbad9c44ddd9f926045aaa5eb8847a4d382fa,73331bb333193034
Lamp_1b430acb465cdcbf.jpg,d53a32d1c9e17da0a44911a4e243df539b0e59349d24c3ee149ebd3e207a1827,9111131313030303
Lamp_1bd1d643a12ce110.jpg,57cfe823505980bee94e991de07777d54ba455a753f2f9662c82f7cddde6e043,0e0f8fafcdce2080
Lamp_1bdce7196ac72988.jpg,eb9ceb2ed93465c239ed17cc52aea44548d86a6f3bfffe12d2ba5179406cb226,0717daf89b1b0b19
Lamp_1c35c34563a5460e.jpg,22f4ce94e99eac416df7460db2ddb8a8f82c8231716e523c2da578ddab8eb078,976757c76e7a699b
Lamp_1c42cd7c522ca8e3.jpg,d61bff1e1d9c98cfac04eaef144e4d1239cdcf3a2d63f9de624f3269f6b4771a,3331232fbc13191b
Lamp_1c4d9fcf288781b9.jpg,b611bb54e7715e53b0ed0619663145bbded51819153b399d6f28a368c95a406d,bf3f3f34fc9b9383
Lamp_1c5c239b4c4ff9ba.jpg,f008c9cb20fe34347a88be8e96253bdb17603589f534b34394bf2821a532c036,8f0f19031b191b26
Lamp_1c7ca4b0dd63fb42.jpg,a21fec36b2f1c165f0938db110780df76225c677a7f592117b5221ad95d3a8d3,074ab2b084168386
Lamp_1ca10c875713a330.jpg,c4db5eec9e7c8112a49a497eb4d1700b3ab76575830e4c038cf82a13239008d4,dec14f5fdfcf9f1f
Lamp_1da666adcb19ed11.jpg,258ed33e24f5cd1b77707b24821347308af8b3156017a794ecfdfe671279283e,0b4b494d15194982
Lamp_1e61a2104345c1d2.jpg,3cce9d69bf4c5fc9f1ec6f85e7c5e13ccab6283cf8ee861b190a9ef255bdfcf6,3d37dd1f6e64ccee
Lamp_1eab8a4e247e9527.jpg,1d2eb17d1d3c0db28ab2f71df0b51e3a1ee6f04e31496e78056252b26c33f7b9,1f1f1f3f1f0f4f37
Lamp_1f105e72d3799628.jpg,3c2ce3fa5cf2e01ea741d67ab78b2c6d0e1fdf347995a8fb107f8bc9b7db03b5,487161754e0f8de3
Lamp_1f44d54176aa7c90.jpg,d47cb97a21adf986fef9345ade711ae460c26f309309d70daecd06d47aebc4b4,19b236123232c276
Lamp_1f89b3dcb43db2d6.jpg,5bd2b45064ccbb2bfe1854c80304a66a3516c4c3f68625e0370411e9111c4e74,5f3f3f8fcf63731b
Lamp_1f9622836e00d34e.jpg,532706e3d2db308b9be9d25253c1c6c5d4c005c3c705fad498d390a94f7617b2,0f15cc3333333333
Lamp_1fadccc5c6238e49.jpg,cb54d4d49eed0081e2cfe0aef168e6f1311f0e5d91d68296ec51706a1b6e9eaa,0f0f170f0f072b6c
Lamp_1ff99d22dc77ad28.jpg,bebb4519f30479e61d55ef97d3cb8947723eef2342bf40eb957c9340b8e4b439,1eb47464dc5878bc
Lamp_200ca2d4acf45d3a.jpg,605fd21de726fb944614644532235ea3f82eff3660cfb4f354461b827d41eb3f,0c080b0b0d1c1818
Lamp_20ab856a62bfd07d.jpg,cf7ef71b0ee73f392ceb6a8ad918405aab5928725de7e2869a76026c413a518b,39313537316169e9
Lamp_21bf4be8cc74a6de.jpg,0baf7ba40d56f5952e0afe372d11dabef0237e57f01c1d9ebc0304e065168aa1,657169ad31617313
Lamp_21d9fcf1a06ae63d.jpg,801de2636b4116b22a45e7e621ea3ed5507f585a49143f06583d61998cd1bd87,c7c5cc5850486868
Lamp_220532a0e324330e.jpg,1515b09b36a68b9ddffdd77aa375d99cbcd67603c6fe3ab98e81fecd91adbd31,3b3b3b333735371b
Lamp_220f10e019dc8718.jpg,4353f9179dd7decc064a33a10bac2af2cad6894b1b953f03fc69e8c9d95a3092,088e060f2f0e8e2e
Lamp_2236cfdc06656a31.jpg,392051d57a5c1b96c031aeed5af176f97a5f8b40ce8f304c2e09434ecb6ce401,66ce366627226c6e
Lamp_223bf3f21aa84d9c.jpg,700fa3d9c7dc33868bc7cb46ba31551f1b579caa6e25d4e59c00364024463865,0f2f66d5d366dc5c
Lamp_229bca8f93e0fbc8.jpg,cde92454ab57ef1e7cd467b7e0566714853496f4cc4985abf099be4d7b6d7247,3f7f6f1da6635995
Lamp_234e19774204b89e.jpg,e12b883073ef3e407b16d102f50c5d64a1dcad026114f7fd888785a0f31af867,071323275c93e39d
Lamp_234f10b3374fe36a.jpg,b1956c0c97d97cadc237f6f21e35fc1c06b77e94c59a576feb0578868c3e70fc,0303030101030723
Lamp_23b9351bf3533cca.jpg,00eb8c33802324bb038ebd904c489cf8f8cf3a47ad9a28b2896863d3be3b1577,9fbf3f3f367afb38
Lamp_23c4926e89660bb6.jpg,b63082a47c7781041a3a4711a187f57500fa17dacf742ec79eeacaaf65acc863,074b49831d0e0b43
Lamp_246f425d7b6f5221.jpg,db57c8ba0d8b571fa240dfd5706842fe8f5abb954418a2adcc606e5f6718678f,135343a33170c130
Lamp_24d70060cc785669.jpg,aaeef951ff9d3060b30218f762cacaebfa4d368167688b29121d59c1d4232ded,8e87971b07969398
Lamp_24fd8ac6629464be.jpg,27e335848997ec6ee69e1f61e910b631e9bdf0ad2e6566295467ff3574d3c6d6,2333392b232f4b8b
Lamp_25058d82e4b0cc0b.jpg,1c9751b20813487ece4829cadfbf8c1ffa9a4efc2156872ece78319f3d3e801b,ba82838682888682
Lamp_253c67b70c1c8bad.jpg,21c2e7041efbd72e63615c226d588ba5a39f569e2c87f0912629de1660c99ffc,030b232262646243
Lamp_2574d234e9f0f2bb.jpg,93a6f4e80818cf080996c3883fdd3abb29cb826d2fda27c168ef16f2dae1fb4a,191f9f1f1f9f1e1c
Lamp_25f62102003ab1f7.jpg,90e32738973034d379582c5c6d9ed6b65a825adbc42a4e22179db6a603d7da10,1d1d1d1d87969f9b
Lamp_25fadef2295009fd.jpg,3c46efdfb53d5c9b5f985e865985b316dcc49e7f958bf0a51db416164b348ce4,c16e310105070303
Lamp_26129c8884efdb4f.jpg,75ddf4bad6ae0109c8a31cf0ac256defdedd4457d4cacebefb355a02104c532f,1b3f3e3e5d766274
Lamp_261d0c5b506dd3f3.jpg,cd3e82da74bcabea2af7d491f833e8b0327ff48c4fe1551a68d9d05a7231db8e,9cf0e5c9c6e6e3cd
Lamp_2676892f96516a4b.jpg,1d257769414183a34077d4b9f90de76855a09dcc55d7efbabfc8d480fdd153cd,2d1d0c0f0e0f060f
Lamp_26b9e690952a98ed.jpg,0c4b874820f2b92bfd05f0435188a3e85b4a7730fa64787931d21da2dbe18974,966954d8d9d9d6d1
Lamp_26e7ba366f740ef8.jpg,012b36c3e47c352c8eedf6281cabac898d8944ee24a18f495132083542d4118f,1707078b0b1b0707
Lamp_26ef70c319d3c7c8.jpg,34b8e7347162173f8dc303df1a1fdaf4677f0ed43e1ac5c84c632d7f2eb5fb32,7f5ed0b2becc5d6f
Lamp_274a1af7be34f140.jpg,9fc9f1c933fc16305f4d9ef5799feaf1a620d7962cbe6f033e1edcc69be14a07,9f9f5f77c76565c5
Lamp_27e31fd6314d3284.jpg,dd4a229cee08f4ae03ecd6497c10ebd23e0f1d7cded2f83ea0e617fe1b5ff1a3,00c08edce871b254
Lamp_284cce60cf5e60ee.jpg,fd50647b8ee953993763bab10d77d086e165a49f332e10c32c03b21597492668,3f1f1d0d6f7e3d19
Lamp_286b24feae61222f.jpg,1b6b4a9c4e793d68f762822c69edce8cac775242ea7369e477200cad4838bc46,56161ecf5f4f4d19
Lamp_2887782a8b90bfa3.jpg,266c4b8495ef4898083e9a5b392f2959eb835dba12834051300775eda5109b25,cfcf06272b3a2e1e
Lamp_28d0bf8c6c587b82.jpg,f9c60703bf51b74aa8ef5fb8ad01942cbaac04f18c6947f94a80348197a5a3f2,002d7a0307031100
Lamp_2915da5e0c76d18d.jpg,688bfc9c6f2c8fd5a48558e91ea3addd237852e66603188d5bea40e7399e5547,c90c34323b111486
Lamp_2973eaf9ebd180c9.jpg,6189f102dda7e51539d214d2a6e0fe7f86b9e877761684ea9aee003c12241b74,8f732629296a6a4a
Lamp_29c86706edc91a0f.jpg,d47cc166ebc03a7c63725f06d4b74f8c5124f1d1881bba326bf9707406bf8e82,0004041c0d091b12
Lamp_2a173805f961c2ca.jpg,40b3968100dab691a159df7f3a0b361d91c27576f4484e881230967130840850,87c7cfc70f0b1f07
Lamp_2a2b2158ce12ba85.jpg,a3c8631e19dbad6203ff76fdeb3061c84af3cc357430688a2ea9b74feff7035e,59190df1f330787c
Lamp_2a842d3872ab6d56.jpg,f653683e59c864d518df77e4f43749d4afe0b9b38c0d673673257ce176a9990e,618e0f2b33178e61
Lamp_2a88d8116637de20.jpg,55a368f17da8ec989f25be9a160f2d127bf2a7d57cc0f255b31bd421bf9e7903,0f1f0f4f4f4f0b04
Lamp_2a9fd8f34bf9ab15.jpg,f0b7f28a1fb9f6e971f4e970bf11ef9b93e82fa752193e9724be64f17915dd96,ddc6d85879b8f9f1
Lamp_2abc5ac07e23f936.jpg,8e0e482a7d04c11dd2bfabbb0ee46a4a19425be22c6019cb4523779ba7c6a2e6,67667f4663636773
Lamp_2b4f780c6bf75605.jpg,8313400009a4b50b163004325a0987d7103bd63484c1d0a92f80642a210de31b,4dad8d9daf7dd958
Lamp_2b6da65c540f5306.jpg,f3159cc369acfe52c31b95cc15e1a2e88332cab27d77d9632de1f9ef53bc200c,d3b3b303076a6719
Lamp_2b97fad5d95006d7.jpg,642f6cd2e3d81b759d7b8241cda2c4d831ec966c982e088af876da1be1b82e3e,e0e2f393a2b693c3
Lamp_2bea1aec972afffe.jpg,52c763317f1dac6e822f09cdb9428d629c2a195467c4140e3d6cce2fde737b33,8c86450e4c822a3a
Lamp_2c586810c0da67f4.jpg,da03889e6d04ec2673a37a79b3698ed59624671ae92a24ecd0c7d23691b6e9b4,6eedcdcdc5ad898e
Lamp_2cab582db97cf352.jpg,5726442959bfee614a6bf0805d727517ce0765ec04d016831fe8a13aa0307f36,696db5b76127276f
Lamp_2cd7d8d8b9014c8e.jpg,9c07a1a3593930afb9873a4df41ab534288a0588ca2d255661b9f43f3c1eeb35,3f3f3723879787c3
Lamp_2d15467e25f21463.jpg,39bdb50386a95849c75b2837bce883aa89e40eacf015b2043432b3220e93dea8,6d092c646c263236
Lamp_2d1b5e3d745c480f.jpg,d9f32eeb91237f722fffe734d9fe69dc53d0c55c2e8fc6fa3297d3b75f31e39e,4f4f068e96170787
Lamp_2d5689f81bc6ed9f.jpg,9d34fe61f16fee6ec0c321be525c5c2e429ab02206a8a6f6120f6fe89fd1664b,0707070e06462623
Lamp_2d5bd1a476a2af04.jpg,3939f2f2f53fb4b42968ebb0f9e31bb30669f010cd29d7134a3e6e1f1149ce05,fbfbf9fcfde76767
Lamp_2d9cab5796c2320f.jpg,c236a5cee5feda7105f1b4f46ad3b8fe8f3a78107eaf6c26d84f1147f4874e73,cccc64662626d820
Lamp_2da370187567def4.jpg,cab00281da4a7eba93aea5080edc29357f3b4ba3627833d8fd816ef72e1cf115,33b2d2cd6171f4c4
Lamp_2da38c8e7225ee9b.jpg,2e3b26f705de5b7fec24966f805815ccdad122ab72f95930569c11502f4d3344,072c4693938f8f64
Lamp_2de1b8318cf2f344.jpg,d1358443d37431f9c951452700d88ad1d7a3fcbd7c554c092cedc0f79b1fc2f3,0516046666ce0f0f
Lamp_2f50f9729a803fe0.jpg,be651f8f1f2ca7d939373a9bc89830d43e19541a2ffa566a8649b262d597aa88,244c4c48c02c3832
Lamp_2f7c03db215fdb3f.jpg,74c554574d69ee9da893cfa2b0fbd65da6fac02310da0ef91fad9d7085ff6cf9,632607071b191530
Lamp_30426b2510b00cdb.jpg,01f8ebae61990594d125f062463046abff9c53643a4f752bba614c574dceaeb8,f4ccc8b030b0b0f1
Lamp_305ca254d354e4f5.jpg,4a459dc176bcfbe88984945072abb24f163831c4d9bf205970f8e316307c7a7f,190f25294dc9d086
Lamp_306a758adb442717.jpg,1b28da2e0cfb3de1d5f8e2adf7c64ddb735038946e6683ed7add52cf25ab15c5,270703663f1f3333
Lamp_30b20653ca2458f7.jpg,1767343c03d6a356cc50f1327c14678982fc96aa2f92af759c3142db69d5df4d,92b1020f8d8d2623
Lamp_30d34934c8fd5868.jpg,8fdd1fa502574f382530b10bfd07f747ec7efd912cb6e15c5a8e6111f119d8e1,19346666263018d8
Lamp_311545e46bce28b6.jpg,f26cd3dc5baac6dc596534a4b14e9f9624b8924b4ada3c9acfac0758de4708aa,c70f172727e7c3c8
Lamp_31296a3d43e1cf95.jpg,8c3ef88454e20a86d112749b5fd2a0d81e039bae1c48d9681d43ffd77b30bb84,a68e489c1b9bb56c
Lamp_314f108855da2433.jpg,2ec0c7ce1f434e51fce78419c2182b0b88344ddb1a874c23d636410d5f9242c2,04070f0f0f0f0e0e
Lamp_31b0b44f86795c6b.jpg,5819e571cdccf01dbee22aa275611dc70ce37c6a542a1706f6e26b958b8b6690,7074a4c1e969e0d9
Lamp_3246d34128b67f40.jpg,ca38e3177758b34935f2733260ea1d8e86c9b2daea6a71ddadd24d1267df5b2b,0d0b0e0989080c0c
Lamp_327b2a6417f0b80a.jpg,e52e75bd73e1de8f39391c9c3bcc9667eb6de51c1c140fc71e6a199e35d708ac,17070b070747071b
Lamp_329873a6b596a43b.jpg,77322006d8f0f3d51ad01b470f1f58808170f07ae835a74d34465658bc875efe,ececb8090a9b29ab
Lamp_329d47aa9acf51f6.jpg,db12ce86060e138c444ef9b59d13c9243fcaa6dcaaebc3184ac176e053917a72,31dc3e3b3f3f2f0f
Lamp_32e688765d63cafe.jpg,7c860c141dc1053955c04a1ec13ea71d36510ace9ab496717fbfcee56eea3a76,134b373b77c3e7c7
Lamp_33ff5d8b7f079d6f.jpg,6cb75feee9a5a03f4e9624a791ea2494233becf51f8917397d93f3b9dc901a8a,0703070713052603
Lamp_33ffe1a8365f4605.jpg,1df262e0c17c5a217318af0fb2d6203fb20a3de58e6944b601147f351f74ab4d,14b49388e0a3362e
Lamp_348902608b2d5542.jpg,4d0de1236d07294479676c0a5b606ea2c25b4af2d07d3bb46839518499fbc5c3,99e1e0e0c2c2e435
Lamp_349ac3acf1590842.jpg,a19ac21d565cbedaabe15783593a74e588a38c5b6612b45e979c559ffe02dd38,979793333333b3b3
Lamp_349b3cc8507c8d7a.jpg,8ba3fb3c03a3875166e3526ae686978535ce23099f94473bc99b4e5134ae5481,241c1e1f0f070303
Lamp_3511b9cd137d260f.jpg,7b008681639a93be32308fe31c14fae6477dcff680b7aa78195ebdce8540d955,2fa2c26242e09818
Lamp_35248c5af3b24b1c.jpg,8ca71ca88665f05a4e6efb7e5df69ae0b7f4115d6e401417c9d29fc0f8291a50,010309130b0e074e
Lamp_35404e55f89ed820.jpg,11f359878d957030f0cfbdc062cf833915cb12e698fbca51796d2e8765778cbe,93d78bc793868d89
Lamp_356647f6af545385.jpg,2aa8726ec064ca4b1a31028f9c9c4c25d4d68cadfc2ebaa68161e8fe9563dc07,5e5fce5f3f3f3fbf
Lamp_35b89e44589b8d1e.jpg,ae97f7a3bbe60d9f88cfe7ba0a432d773b1ec3a0eb683b8b7213c86b9324adf3,000410184841c406
Lamp_362730f7afce1013.jpg,12b3b6f849a10a475ba7f7ca2210b654778f4e27260554aaa6b872da4a82d616,677f7ff3daa61651
Lamp_366b3ac7dfc38833.jpg,808d2e8d4a9ccf146ae797d262c168819f53ee80fcc22c574802d844e8a75f98,f7d0d8b9b42e06a1
Lamp_368972c56e6865cf.jpg,35ecf0a5a7cdb02f60c69c71803f2b6c5883990543985f8a7be20acace16a404,393a1b3926030126
Lamp_3695aca06ea1f4ab.jpg,2f3f7f553c493a40faff48cc71598e7112879b174cf934c35d6c9d721cfa49aa,0d3d5c4e4f494b4b
Lamp_36ec717765693a10.jpg,46902cb459dc5a881004ee89c493e10019d3f33446f96b9ccd43e71d173ac61f,1e372b8f0f070f0f
Lamp_3756cd2262176667.jpg,483f0e327763190922b04547a075ca5e853edd57746277783c08eff8ad6cd41e,63333333332c2c24
Lamp_381527d2ca23f23a.jpg,213ed4f5af439f3e1840a27e6378bf51994dba29588bf51a9de864d9f7a03500,1fede7d373bc9cbf
Lamp_3830b17dc5980dd8.jpg,c558190bd1c5ad614e5410a6d748b0b5da22b6bbc6f8f3ef578b56e3361b4a20,33330f1b7171d11d
Lamp_38ce8ba1bc2d2a5d.jpg,0abd7205a2e6c11c7636a14e04411576e53e0a43c6f73b96fa9fbc542bfa7c96,070787c5e595154d
Lamp_39088370fe32d1fb.jpg,9b45a5ce2b8303342ea53ccb481227ef1d7969168c232a8ce184478ad31514ab,1025060f0f034515
Lamp_39129d54682bf8ab.jpg,d94c80b3bfb7bc96729989cc64bbee2762294ca4de258848b4938d23c8f53291,8401045ba437f3d9
Lamp_394695bc1eb74fd8.jpg,19175db261b360c768251214c10590ab4a8143b5a82521dac783acaa5de1dea2,c9b9a1252596cfe3
Lamp_398b4d9725dbdd95.jpg,d14748fef25f2d902674406844514f1e7164d366e94f6efc793e3cd119ca89d5,0f171727262931a9
Lamp_39aee217813c079c.jpg,301eb02cbb93c18c469630ac05c9b0a39966ac38423b0bd07e87f2ed173c95bc,0f07170f0f0b5a58
Lamp_39d1efb5866531a0.jpg,6a096c9f32af268421d14c62e99fb61db301c339c66af7d3249bdd0475db1a7d,3531313033232323
Lamp_39d34e191e79fb88.jpg,a810d726d7ee702e9aa0d44a988379d52e5fe36e3875bb7cac863701c6e0e4fc,9d1224cd671a3da1
Lamp_39fbedf752bf009d.jpg,c6096ae05296c5afb6b5df392058bc158d534fbc9843c56139b1c1a1d62c4368,070b07468707373f
Lamp_3a94f644c321589d.jpg,427d220270a4f5e0f38b07325082016927e0d82d5e76746cc6a8da998b43e26a,e1ce9e3316141414
Lamp_3af59c0da42b65db.jpg,470814c82bf4e7fc29cf6543e6ce67fa3ba41a4424a4b93b427019ffcb543ea0,0f0d3b3737361406
Lamp_3b1cf21525fbcdfd.jpg,e3a6965a7e7a9cc1c9403700bfedab76f776341471763e1b388e484180fa40ba,3332325051726222
Lamp_3b8b6b827cbe8606.jpg,901b7b2f760ce68abd8cd3c414e421c0b1d767edfe44b0eb5b39f1c2dfef3187,c733b130110b0b82
Lamp_3ba0cd476e9441c4.jpg,bc6b622b12d6aeba728d06f70bb83c97ef0c862f0839941944574d0244c35c3a,0186c64686ea42c2
Lamp_3c36e204184283f2.jpg,55ab49d0e6577c9d9fe3f51ca60f6c6130f17dff912c0a28a14be8518e1b3da8,04169919171c181c
Lamp_3dc94a2e7b35ef50.jpg,36db58b05fe5aa65dac08a5166cd9d005bd2e94522bbca308e51de79aca3fdeb,37ef7f3f3f7f3f3f
Lamp_3dca46257be6b4ed.jpg,5147bf836c603490f74b6100b913053ac201da40401da783a0c54abae5d21f28,67271b1373773717
Lamp_3dd3eb1f1d2c016e.jpg,1c3ed1cd43d00c008b81977807450ddd783b1bf409b7a46ff398dcf0ef4906b0,97c958d65ec0c147
Lamp_3eacb9c1c1b03986.jpg,60f82c410fe6dd4047fbf47225caa66de8c0c69d7898797472010f2d5c2744d8,434b123137f3e76f
Lamp_3f27eb68de12dd93.jpg,c84a72f0001252bcd0682687469acc1d5f53d987673684df7949f3ba1d09cb45,36090b2b2c6c2797
Lamp_3f530f5fed4ca7d0.jpg,18ffba5370066cbe2685a16e044122c15ca21bf6bdc1dc296a44d57eca7573ab,e9299696b29e3e36
Lamp_3f58d625cb837b11.jpg,ef66f13a138ca7bae3b1a2aa8e4bc727b1b1361a995e306594899dd9db391efc,0e0611432c392716
Lamp_400f28c9a429d934.jpg,83d0f5c397ac3fd3ca1462df04db2da436377835c47c235846ac76ca458c91c3,7375795ae4bbafff
Lamp_40653a4088c9c5bf.jpg,0f0a5cf6aadf1f019389fa2a75b5aae988731628f1167d4a54422847a04806a3,19c9a70689c94969
Lamp_40f893df9c2f26ac.jpg,c50dce7011144a42dd17f561aa7dd9ec4061ff38d806a8886f01b8cb26b6462d,071b1b1b3b1b170b
Lamp_416509941b00cea5.jpg,60064c03f1d17ecd98e3e4840aa523105219b1d9dfe8072041b6f01322d1db12,001c1e1e9e1f5298
Lamp_418456a62822e12d.jpg,bd81326fa35deac125c9d7ecbbb6cd9d67e359fd0a78ff988338d751d3b3177d,b3f3d33343271303
Lamp_41bebf2faf45bf95.jpg,285586b5975497a245d77f4097b8506e2e4fa8bb1e3108092492bbadb5ba8e9c,5f3f3959393d1f83
Lamp_41f0730a962a3c00.jpg,0a2cfaa792263bbf7dfb9d96f9b1d3f93e5f6fe3697b64a99c1f97a5142e61bc,2343810303118203
Lamp_42295d19da7f97c6.jpg,331a83967801c071ba4eb543e73ba247bb206f2e16b2e5cae001ae62f1c5e21e,1b33333131313170
Lamp_42334d34cc650393.jpg,2c9411bc2ee0254c3c12a722bd0fddd524708be2b0d4b8064f4d3dcd61a9300d,0304060606040106
Lamp_423e721a1e7f5707.jpg,662ca66125a5006f475656ae8071ddecfa653666ad889554ab056d19dc4b725a,8f93b3b3b3a327ab
Lamp_4244fc3844351084.jpg,5d7e42a25f10a0aae4a012d420e2958b29917c624ccb71e713441ec271199f3c,380cc61f8b9f972c
Lamp_4247287a5c010df6.jpg,329621376877adea9b45059a23d829cab78b0951440e21e81308b20696554ce8,7b97840001193434
Lamp_427a64734e2943b6.jpg,f94210773e2017ed0a3df82227156ecc85c18c73d1080366b09fcb84ddf64af1,fc3d3dfddfc2c85f
Lamp_4315f0a6fa98c245.jpg,7c8d6d8ba6d80d2ed3cd28e8a005edd9ea2e6568f2eeec585e59012a146c37f7,0f1f172767e3f3f1
Lamp_43293120330bd636.jpg,599ca775b5f86f0e181b3b63ff1d56b4f5b37886ebeb13759e1708c501fc3bee,70b0baebf9f93a9b
Lamp_43419b0cfef0ced2.jpg,771dba10e8dd993ff73eae8ccca6b7e7a6e3ea84cf7451940d9b44519f7866a7,0f0f17b7e4f46008
Lamp_43ee85d5f5d0efbf.jpg,8049843b7e7788fa4fd8e395ebdea27ff9a6f1f6e687776f35dbc53b925b17ae,e376eecc363ffe3e
Lamp_442e3d218084abb4.jpg,a30fa867131765fe64560a4b666ce91e638ca8ff5dbcb4706eba9e7595fa14c8,171b0b1313139393
Lamp_445343d086151e8c.jpg,5c4f32423e498a80c1473fa610d0851ad41edbb20fe47fd040d910a1497d8a01,b133319191110173
Lamp_458d0f778a7a4f71.jpg,2d67c93dc6e4617abef384a7b9a770ae39f58dc0876a6a05d6fef73842b276dc,0640069796966008
Lamp_4639a5d1458e4e1b.jpg,9973a13193e904a7b5ed54fd47d7d4d418925da548d431f802d83286defb43cb,024b4f0e1b1b1b3b
Lamp_46a1ff917e2fb7df.jpg,34cb89106a43e2226deba744cc784b83f3a92110fe7357f38169a39deee414dc,2707874b498d0787
Lamp_46f3289c0af08c2f.jpg,2beb6afb5de1992d269709ba1337e71ae72f20dfd8213e101c01e92c7360888d,4f8e1f0fedcb0b13
Lamp_4777edc7beec78e8.jpg,c36b2436f39e64111cec59f7da1e2bb0c2e9e0319b57e81342c92f82a7bd46e2,83971613159cda73
Lamp_47a1d14641699f2c.jpg,0b4cb3ea138359560130b36619bf3c45832cd70d3087c2fbb3acef1c054a3451,c6673676869696e6
Lamp_482c42d6bc847305.jpg,c5e3f2e9a4b8ab6f39658ac00e5979ee7a69d25906f5183a276072308ae1fa29,7f1f3f5f57e7c75f
Lamp_484250aeada97178.jpg,8cd76acd95bce023199f9e7b5892ed460f070bcc52ea259d79fc93a7ef94b2a4,2723032303050d2d
Lamp_4ab42a938e9ca2c7.jpg,e6d542c7a3bd226957ab7d835feca17ce0a58addb822faa3dcc870c4d9430415,2f27393957560d1f
Lamp_4aea1156eb8316d7.jpg,18ea7c38efec1c359c1848f75dc4bfcaf8a8fc6d16269225d9ded1a21b91f196,191819190d0f0342
Lamp_4b1385177afec5f4.jpg,8d8194e9a74ea31e5d446afa2d6a14e8d87ca24f4e6a937fc89297a66f7bb7b6,41c3473f7a6c672f
Lamp_4b36719cd5be04fb.jpg,59a0a4dae562baaf62d278e4eeb0520bfdc88d18164800dfbdd6feec589dba60,3c3c3c3c3c343a32
Lamp_4b5ae400374f585b.jpg,4ee92b74aa0658664bfe2f3b8d7514374f9c96a1f47544ff5f008e0ffe6afcaa,e56c6d93361700c0
Lamp_4b7d58915c97308b.jpg,9d04a0b38948c02aac6eed711d42cb2b6952681d79e70bd78bf84f7eebd2390a,3b3b739b3b733b3a
Lamp_4b9ef8783f6f3718.jpg,a7b9b621fd626fe917847402596a1528348adf4111bfdb7574ef57ad794b7dbd,b7f171282e34f0da
Lamp_4c093384a8aa5f63.jpg,1600abdd4e62ff4e78a20c363449e0bec47a95abda31cac763a3488151e71ee5,03030307030c0c3c
Lamp_4c6ec88c74d0c33f.jpg,446bd1a295124c15b06cf5a3a61b186d5b83bb43f0bf56b82a02dc5f63a29e8f,eeb6ace3a6b6978c
Lamp_4ced33b1d7bdd35c.jpg,1b456788dbe6c7d75048984a87cbe7f61deca835482907da19a50aaf2eadddf7,0ba9a90f3307ce39
Lamp_4d9d26c2d1b7e539.jpg,cff6f1eb91f3ef85db8751bac01a4e8f66c590695822afc9530fd356b1940963,127179b370313331
Lamp_4dc35784ac750d50.jpg,7b4c6447e1afb7f2d107d43f34d065383a0d776148d56301cc76931006644c66,d9d9cd25e363a9a9
Lamp_4f034ceb66e6eec9.jpg,7c8f1a72734404e2ce9aed1aa610a48c4dd50c596aa0b8dd9a158b8fcd8b7433,214c1e8f8d5b5e58
Lamp_4f0960514034948f.jpg,b0ea8ae7b6964a558bb35ad78e7b44b599dcb4f6cf622835797d2f91453d1f3e,0601090a03078611
Lamp_4f1cf29e378be7fd.jpg,003eca120604e800a238bb05df2f054402fe1a484f257805702a86809ac67b35,2c6c686a6c05d7c6
Lamp_504c2cfde8a98b2a.jpg,90917ebceca70b99474ef041e56e620b5673dd5a08704fdf1d6447f5d119763d,034b970a4b6f4d6d
Lamp_507d1c7431a9433f.jpg,14f03b9a1913d8fd63d88b85953a4fda1a000cb0a97d3a80d7671ded98821c66,0101031301040304
Lamp_508696bb8eed8a4b.jpg,890cd3ea5ba36dac29fd2b33263df2cef9ff33deba799f97a1814b5fbffa3f47,60e2e1e2b2f1e6b6
Lamp_50b4dc8ab0c740d4.jpg,a2b98b4bb572a00d5740080da25202d56aaf121fb80824197e89f80770df7358,0d09139393072612
Lamp_50d730a6efaf71e8.jpg,30793921db0503fae0b2c269d3047b9e9fa86f46cd6ef7242346b75cd5de095e,68586961c6cbcac4
Lamp_519ef47905d1f846.jpg,b70b95ccfd7655459e4d1f4b1cafe434bf3219a943c81cea36e7113ad39e4308,dbd3d3d3a3effdb5
Lamp_5276c5c99d3a7a8e.jpg,5c3cef163074c112aad3f616beb3dae927f4b0c16482a4abbd19f110c9b5b973,0d1f1f0d0d4f2b19
Lamp_527f92b11fe0fcbe.jpg,0f6ae9634ac0d0c175b14ba11f217a25895dc229d5eb4abba974d0dc872bdace,15272701b13171f1
Lamp_5292ada5c2f6a389.jpg,d8aea2af1af554fa8de6b908230470ec61411e1e62c1ce26c78fb0b004a948f2,0f0f130e0d14242c
Lamp_52cdc1b9f8378139.jpg,ab40497d8a472e85f2abd8546dee732239822b789c10aa76334a58da3346d654,3f3736272727070f
Lamp_5301dfc0393de8ed.jpg,959aba616d45e88620181dafbe2d747a7cdf4915ab2be91523500c16064811a0,313133337333636e
Lamp_5304b23cf005645d.jpg,ddb4c5d0d4cd5907d06af96ba44c2d3d16beca8a2872f5ab867c1c2cf8c9d3c0,9e9e4d4f6e160fe0
Lamp_533865aebab849ec.jpg,793b5db19b8bbae63bd60c4cc2a034967ff1a04f1dcf4ccc03ded00d594aa27f,080707070f8f0f00
Lamp_53695c945352a66c.jpg,8642cdb3a6dcafd2cdab57b49c57edc3a5692bae6004686e4adc4533381a2449,071b07074b460611
Lamp_53f1526d9f717c47.jpg,cf785aeb39d53b84b39f74fdd173c3a43fdc69480506d7c02fbc595f1a379afa,2e2d252b9b135200
Lamp_5411812fcabd283c.jpg,d586da6541a943e3395e634a99868e5e0c5b3ab8fafbcc29712f507d5066798b,1b1d3d7d39393b3b
Lamp_54319c19dc60982b.jpg,1dfbea8ba7bff77a38f4d8959a35eccd1d74b9cd1338f7f388fcd61fc03069f9,f16d0e170f4c0e70
Lamp_5460b29e553a47b6.jpg,f8e3f563690c9da31d9240ee6d2293fcca850dc7b0f2267493a2526466a9841a,989a98d84c4ea6fe
Lamp_547e60315cd4f57f.jpg,e054053cf735805dc248b71d355a45fc68c533eed9239013c8f2ce9b08e4e5fe,2100003034044c4e
Lamp_5489a89d9e2ba701.jpg,3bfe2d791c3cc5576e951c290f210f45a682802da27f1ec968d19424273b4467,02630d0d0f8e4f4f
Lamp_54b0370e7042f454.jpg,2f430b93caf21b5a5d502541d2b43cd8458ac66ead59be1245961473e349446f,03038303100a1a1a
Lamp_5515b0d6903b3ed9.jpg,74a9f6103403d82f0009e0ca5f543fb663905fc1e7cd4da7bdafef711f0a8588,1f4d2f606c70f0f1
Lamp_5549bab943e9b5c1.jpg,4154c8fbe2bc93ea782e74524814973d4064f0ba23e7a992dca62d4f59f88a79,8687763b9b931210
Lamp_55754a7d00c2dcad.jpg,1fe6a646697fc4d865ebfae8b794daa815e318417c4082863d319d6953e3cd24,3e843a5c0c3831c9
Lamp_558f9ed2075bc761.jpg,1c9d411657ae5d987c336b8f7231b5a4c6b36c6fe93d12e41815e4ccb100f17e,9721693565651464
Lamp_55ac3726ef15d17f.jpg,a648ea38e5c2f37b567e36db436b39888af7e5c7d1b05a38d889da91b1bae3ad,c4c6d0c646564647
Lamp_5673fc31d10c0818.jpg,2c901fcd4a2e64d61bf78d89835d125cfbb805d0e4dc1bc8c1ef9d86759c531b,4fcecdcd91119191
Lamp_568289a2bac1b05e.jpg,94ce307fadc316ee017989aeff6c701be7a3788bb313896a21574644fe82e315,82466c63636b4d65
Lamp_5735979330751187.jpg,603950e704ef91acadd563550da8a57db5d847450264fde989964c0fbd7e29cc,672f1b9b191d1a1a
Lamp_573b2d96136bd5a5.jpg,0a4abdf70f0c8d3b2d5391865b7c3628f664510a4295e09a118486165d560704,b0292c2989290110
Lamp_57584211017793dd.jpg,b44d109b0d00d817f02027663bb1510afe36946cfa261a4ec85183712d9c1337,9daa2333333790cc
Lamp_57bd365d6e525a52.jpg,b665f7dfce029d1c91eeb09af59e8dbf0efeaa53c8b35fbddcb5e956acfae8ff,65b58d070e9f5f49
Lamp_57ea366a51377958.jpg,6587f3963bfadf0b75a21cc0c57c716b43bb266a6273b46ed36935dcd2dcb76b,1913411797267356
Lamp_57f2ffc6ff495425.jpg,c61b0718fc0d9347ebee12e508fdf4d769cb22897a12024bb2db86ad6ff48853,49384b494c5c5848
Lamp_57fa723de94175fc.jpg,41271a77437e0e635ffe02eb52b0caa67c9f5d979fd9217d04fd562a87b8c45b,34381a1e1e3c3c3c
Lamp_584286047297c0d0.jpg,2d2c85babc0a0f0937ac9bab719b96b6b0fee23e7be2db8e3902db77ca714eec,04986586ce463624
Lamp_589fa673c61bbbf0.jpg,a52bd20aee4b58ba838cc75b9c348d58d0eb8d37e707fb0312252c7bad9f0ff6,03030b87030f0f07
Lamp_58eec7b3606b2fb4.jpg,38d9b5ab1797a5fbd7170767006e56a1918cd81fc24332cd019462e828c31948,07c7e7e787773a34
Lamp_594794c12390dfc1.jpg,6e096b6dec378a8f596a338697bf2998e9de7e17276c6fcab9508980957ccd8c,dadbdb9bcb8b9f97
Lamp_59c68278069ac341.jpg,44c983c6c4a32e534d46f50a7d5a7d5ee589643bcf7b9a00035fa9918e88e873,740c66668d0d16fc
Lamp_5a5241dc5a24eb83.jpg,9eb522f52f91dc3174de6442e75b8c486ac3840f7e3df9a8fedcc7a946f6a9b7,0000106849000000
Lamp_5aa74393ee91e73a.jpg,cefff41569ca31ce7ad1d1a7695ebbf2ac3a3d12d0380399349b63daf58db28e,0f0f9d8f0d0d2d37
Lamp_5ae361b730eb0098.jpg,928e1402a4ae0c9706d8c6346acfa5c18136f8e22e5d5493c31514da67cc6be3,334c86168e8f9a1a
Lamp_5b1eb9208253264e.jpg,c32e71f6ee90a2d109c25f64ac7871d3b3e53cbb4365bdba73a4a35a2d9bf067,ff3f5f1ba9b233fb
Lamp_5b305c7f5a9d9534.jpg,5140ec103aa6fb5d28995abbb869f5b4ff514ca88e5c8bb3b8ea3057593f1485,1f0e5efe1e7ee087
Lamp_5b3cfcc431755494.jpg,bd8550a3e11a8e0fa1c7eb26d2cab1f63f41205b9eb3122352d4caf7faf6611b,0f070607070f0707
Lamp_5b542e9e2678f798.jpg,48938e809f9c5b4f623c03064150fecf59a18173e0d05fcb7ee97896bf381785,3f1efcfefe3e3c76
Lamp_5b6bdd44d5bcbf09.jpg,e926b0b875823f6437c3f88c3df20ea00edb74e107433fbf174d9291ce901b57,1f6be919195b1e9b
Lamp_5b8bcc7dce81a4aa.jpg,43576ba1e0f52f34af23157c4b4c4b11596e6be2389ab78e087157c7eaf2cc5a,2c070707d8393030
Lamp_5bacd467993dc218.jpg,10b4a77216471e246f70cf4ea42e7bbb9025cfbe660fe431c0eea6af830e295b,0f1f292d4d4f8e8a
Lamp_5bbddfbccc06bcf3.jpg,6b9eaa920c7deeceeaa4dc3f96a72cd3cdc82a1acf48a48594963b6539ca712b,1e0f331339746485
Lamp_5bf71ac982f036f9.jpg,246bd85e23414d793c896ed075ddc981f2d28b86a91b11067dd73e2fab80b914,158e0c110f351a32
Lamp_5c1e32d18ddd6c0e.jpg,c6ede857ebc1ab3cc83e7dc0d3542ea53030fd09f7f0be94b4f4faef02e8a7a8,279ecda567652727
Lamp_5c7298f0d07c9603.jpg,921dce6eeb397421f0e9e81bb534e518b685cb8b5a7a612cf44ecc8eec7b9559,bececa4b4beacab2
Lamp_5cb24dc59c2fc068.jpg,3c5e7b8ea541b260418a8192e2eef5e881ba28b182b1a20e547f46c904bd35e1,f8e5a4fe3c56340c
Lamp_5cf6c4063eb6fc01.jpg,564284a29164520469b5b15e5cae9d373ca402ce064d78cd93fbf62e298b3c69,8e1f2bce3d16363e
Lamp_5d068c4e35f0daea.jpg,b7960312259665df963a17b834d0912dcd7699c389a57db9934203847a5cf90c,6f3f3f3f3f3f3f36
Lamp_5d45f32f8e720826.jpg,1a7e1120974638695c1bafb5507057b9d30418db852dee6713b0801e63f85ec2,cccccff33ce4e446
Lamp_5d815e4335039cd7.jpg,27898542a933c7d3c5b4aed33f440ab8d99e331997e3ddc45180ee923e3a4296,8da3b3b393870723
Lamp_5db0a73fed0b76ab.jpg,c1fd76f643a6b54a532406c1c838e17a0fde827a1ec54d066a7ae94d8939f5da,7f7f3f36f67676fe
Lamp_5dd1dafd09a43789.jpg,156042c705c357289bb4b4bd19c76c3a45c63b013c8c322c9cbf9e9760674e1e,6e4ebd39b3170d0e
Lamp_5e15c09a2050cc7d.jpg,61e463386a492198458abdb1e2782df3964ee4e2c22ed60efdb1a2252cadeaba,0707131317171717
Lamp_5e7af1a3e5927d3f.jpg,babf44388983e1b8eb29ca379c6a32eb6807ca166b3e3fdfb3b68f34d34aba7a,099b992ca6c3494d
Lamp_5f41ccaaadce54bc.jpg,9aed62d8a8e8bb9dd2782b140bfb49ffb79f86abeab4847112c531838082bd5f,de94d4f7cfccc846
Lamp_5fd6639cf536ff1f.jpg,38805b0f408cefda82369ac10c41bfac7a33aa62906fd52aed33638c1ada1d10,1f0b09cbc94d0325
Lamp_6053caeae254959e.jpg,cb2fb6585d3b945a574445f5d42134bd6b665259527145c0936d4ff2c38643ca,0d010727378f4f47
Lamp_60a16141ebc62c67.jpg,560804f6b02c7d9b7feabfb8022d6eadf3e4c9c842b59d3f89b55ce585e362ec,303416173038060f
Lamp_60cbf1347217d4a8.jpg,b7aa2c2f60990c2f01e8941a99ad1b2fc736ee920438a0b0968aa343092b49b6,2b696bb232136676
Lamp_6101b81b5ce904eb.jpg,b44d6e956e57f1f92823f7467d15fe095c5ded630476c195f120d2bf785f813b,8687870774b6b2b2
Lamp_6138c3fb5d3228c8.jpg,303bc09fcd4180e0fcbb23deebddae35492b0bc7bc2dcf72249d670ab07a7c99,01033339392d243c
Lamp_61511a9747ed3eb3.jpg,f0b277ed48d7ca11885d78fd47640dd5e77bfdfa699b1c9e41385a01fd24acc0,4061723161c1c1e1
Lamp_619098ed8cb13f3f.jpg,22c1ac4e24c57ab639118982b6ce4fdcfaf4b79a9d9ff252e1532a13fb2e0bd7,894949c9c9c9cbcb
Lamp_621e00a9a1046ac5.jpg,b415b32df54a6f304a576cc45b8448ed012747da8e12eaf5b030385c13c5091e,8ed44d8b1349c98c
Lamp_6221eb0f625d330c.jpg,a67f99d42958e158b93ed2c3b5f5e3ee671ef2d1121fbc5812ef3fbf175e13b7,2723edef67e19399
Lamp_62b575b41552b310.jpg,9db9e44b97ff4fa9751472f6f009dba294c4d1218d15bc509b066254e1653abd,78d8b9be97369e7a
Lamp_62e1ecf7927602b0.jpg,53078629445df1b77788fdd11c70d72a76fed33866eecf89eae07df3fdf94e55,0d0d0f0f4d6d6ded
Lamp_62e87314b6f916a8.jpg,151e7b1275173768ea6117a1e55df20bf504c149cafc4a456188b73847a04a6d,cf3f3bddaf171fc3
Lamp_6384d8bebdb89ed0.jpg,627f5d50f29adfa91573e408325ea2ea10ed71705d57e7a657e778159436830c,df4f8e9a9d9f6a44
Lamp_64a6523b6b0b4ca1.jpg,474f49c2e408267b558b1a460623050fc7cd590a7e2865c2c484de0b5393d658,4d8e130b0b868e86
Lamp_6507f699754deafd.jpg,c6032cf02abd5db1767e4f5fe024435a43cd467a638df272693a19d30b891703,d2828282f07071b1
Lamp_652b6093e9ef3d30.jpg,08cbab9e8736e60fa99013a370bdcfbd011f82c50dbc7947fbacf671781f6916,63c3c18d8dad8d8b
Lamp_6539f19d8065e11a.jpg,5b732d423e660610a79d52bc343475e4cdb67c3cb1a1cc54f3fcdcb7cd2ff05d,0fedac9191a489a9
Lamp_65872de5a0eebfb6.jpg,00983a95c3311efd693be301a2ee0f67883e1f27cb68f7251d0b7ae400d37ac1,0f0f0f0737370f1b
Lamp_65c9f9ee6ef194c0.jpg,4c8a4094fc79ecad1686923917de06d9881f036675f7a3cf2a6b4ab30d16fd4f,0303070d0d074303
Lamp_65e64d9153009f8f.jpg,00c85035b92e60873a5abe727776cb4e7d4a6dfb662a3b5342a361f06299d426,66666666616c6e67
Lamp_66053de38d10cad0.jpg,53f7f654a5fc507e12b9a4d72e7266e12310ef7416901cc74c45297499725553,07230f0f0f656707
Lamp_662316841e6a9070.jpg,79541c19c1e9f7b72ca18e4956951f26d57fbe45dc35113d5d65f522d70f2ab6,3b39393939272726
Lamp_66669db44b0ff411.jpg,8e4555876199cbed98c8285d749496efbd9d40931dcff33ef56be084f36bbea7,36244406864daf65
Lamp_66d2f4d65e7ef98a.jpg,a3d8b096b7ba688328714c7512e8e1961fa58fe40d62d564b32c9e5ad63f502b,0e96aaae8e4d4d4d
Lamp_676ffc8f1ae96058.jpg,ebe00bcd78cef855f9f094c7a030ba63447290935aa86a0a6c1b1c99d8c4e575,6373535341833337
Lamp_67a10bb56c5d0a1e.jpg,13120ad097f4d83270925bbb4bf87e9b2ec9cbe903f3631efbd6d41b832d5768,1701514f4f736f62
Lamp_67af26da7bef3fef.jpg,71ab769547be0acd52ae12d3995bf72db6b7945d4b7c12055357bfacf69c8aa4,f0138b43c7434bc1
Lamp_67ec7ef654766371.jpg,38c2920bc4d0c3ae6b559429a3c2c0dc104fbf3f1a5db261fc760e330a6cf2e7,9389999296959654
Lamp_687f17fc28b0711a.jpg,139605f4cb3422909100e7bf10bd58c369376df8a7cb239acaaef396af4bcc95,2b8b4e3fa5acac24
Lamp_689c27021c9a6a15.jpg,b4acdc2f6cc7fa7cebce436e2077435632c928839566ce50c3f6f639f11bdb8c,3b6d0dc7c6862d4f
Lamp_68adaadf53870320.jpg,23c42dbcb3540a76b9a10d491fc01cb2249ee7308261a368c8f4697981849b7e,8f372a713f1f383e
Lamp_68e2cfffc79c215c.jpg,709f46f4c352b6e06ba08c7c75fe3cd0ee6a6c31090e4ef7fe885ada4edb69b6,87c7cfcbc3c3e3e3
Lamp_68e6b90c96fb4718.jpg,0fb0d61acdd8c3a1310f1eb91ee5b8caa23635689d4ba286bd29a4cb41c69f46,1b1adbd49199dbdb
Lamp_6947b675e459b115.jpg,5429c5d2c3ea0f518ba2b983b0ea53f57cc860bc65f384cf9011c097c4ba54bf,474f970703288e17
Lamp_69f65a7b3702663c.jpg,0dda8f6842697875afca9eb37978d0913daec27c8a88ac4f5fe9719ff4f5a6a9,070f9d8d0f0d2d37
Lamp_6a448077e41762ce.jpg,2a737c5336586fd3ce4829b9ee3a0526043bbdbf86797747cc314977da3a3afd,24b43cf4969e1b8c
Lamp_6a50642cb8a0c0fb.jpg,fafaaea64dda48264eb5f07d103cc3174f324a6613374794fad551b26e30c79a,371f0f172707160d
Lamp_6ae331460c819edc.jpg,53b27c9f80acd8a43f394dea3e62840771c2a8c4f239f925025fc9a8a49be78d,1713171710006004
Lamp_6afcabb1d6c1425f.jpg,4f1677afc3d4c8c909ac79f197a5ca09c7b5ee64c257d3d7a4e4ff5a34a7944f,cf4ba1494dcc5858
Lamp_6b2ba02845751d21.jpg,bd8eaaf284ebe3fe9907f6ac786e46d21409e05b1a9f131a976a579877f842d3,00382407261f1b5b
Lamp_6b6e98cf29b3292b.jpg,e44c4b80a9876e4f05064f366251a3c14dfda9bdedebad9521776de3da81af34,d00f3737731b1f1e
Lamp_6c464ff4691b457e.jpg,6b9fc359ed3a8c094deb0841d8f689ff7c89fa350daae3780a43871c4cfdc790,ffbfbfbfbf9f9fdd
Lamp_6c91990d7a94a718.jpg,810a0b8686693d3003779fba0aa0c751bd1f7f19e4832b67363669d99ba25cb6,090139393d7d7535
Lamp_6c970ff58e680818.jpg,7b0d250d857b7e928a29f1e135f33627d4446a892ad7ea62f79c4aeafacef335,1f27471b1b9e967e
Lamp_6d674bba1ef0f75b.jpg,831a6ba9199f7eb28645823baf545da16c27a0c9ec70ae2b5469cac83c52676b,0f37332337373707
Lamp_6dace9c3e2a14388.jpg,b87ae01c167a4b44e1c505f6508931b12b2a29cb8d179a9e0375045b97993d54,7878f0b2b2b07272
Lamp_6db9355a59104cde.jpg,98bf7b7b7efd1d6dbd2b4681f2679188b58830404db7cf6a743e0c8d82fb829c,73230f07070f2b09
Lamp_6dc850c4a2a91418.jpg,a259f7210294031596123387286d20e400e6515d7ac0c8033c7a56b25f2d1f8a,fc6c6c7f7edef9f8
Lamp_6decd8fc369be088.jpg,9624c7c8668133eaac2ba0e91e1072db535fde4bf2cb9508d9fdb50fb8646ede,c3c7c387e9cd4ef3
Lamp_6e3cf2d99394731a.jpg,1ef8527f9278627019d205c243e21b77d3f288d8ba2fd457f5dac7bbe3f554e7,5b034b38c08e2c1e
Lamp_6e5b8c0cf2203c0f.jpg,c627c25812ab4e412bf29493468f0505d5a9dccf549a1c83e76eba2f54c344e1,2c4c4c4d333f6f2d
Lamp_6e8280ce7561747a.jpg,8b1334e2cf7301ace6020639dda0f1d67244e283d3b047db7ea36ba56822c04a,0f0f1f0d0f3d7e7e
Lamp_6efaa4f77f480a89.jpg,dd977ae6acd6e89a40ff6db957eb6e9fc72e6c4dfa1234de0fe2385f59291763,b4b4763c78c23861
Lamp_70bb536bc64cab01.jpg,f27958f55ded3e447b78907f836485845610eec25d3880fa2925df404ac9d6c8,032112133133f7c1
Lamp_715eceb7c11086de.jpg,5890ba641991170ccf43058a2e68ec06177f45b8c1ecd1b33ff67ab0537f4b12,373f1e0723338b0f
Lamp_71aef9eaaff150b7.jpg,56580520c8fd1fea50199ad917e6a682ab611feff5783c868c48193dd80a6de4,1e0e4cccccb4b49a
Lamp_725500db11e54860.jpg,e52a503b9645b0885dd8651cdb2eeb839883cb5ade116697158b51aa0b29145e,6b672e6964e0203c
Lamp_72607579874c09a0.jpg,ce8133714181018475d7886656eac5377aec3ee40d037d6259b4273d9960342c,0c141014130b0c0c
Lamp_72ceab39b4db44ac.jpg,a2f27e75ab3a11aa93e2c7cbdbded31323e7958d637481f8c4c2f2da43a138c3,3f4fcf97c7c76f6f
Lamp_72d5b46cc76e0d32.jpg,4a1fafb752b968117b2679455fc876dc4ab3a756c9c4930f54f3c4fecc4bf761,1b6796332b050101
Lamp_72fe0031b49d1907.jpg,82f88093d778a0a761d0c483902e9318911031866b5505782a577c4728db9d21,49c5ce06038f0e4e
Lamp_7315d3112d2f9745.jpg,10d7634f63188466d436fac82402527cb84c0d8a9c729f0ab25935dd3d33b738,6733317379591925
Lamp_7373eaaa666fbe6c.jpg,4d5a3630f5a9e18764dc6ef0e524d555b5a6ad8179418c7bc40b28a57cefbe63,0e0d0f0f0f0f0f19
Lamp_73a280ffc925e78a.jpg,ee327d1a747032c818fb8415e9340c9836ac5c2a55b534cd9a7d740d9db65d4b,1666762d8c1c290b
Lamp_73ae70511d4481ec.jpg,391472bc6db6928293efb1cf14404cc2c6790af68845f467deb526f14503cc21,9393138080b1bbb6
Lamp_73b04db7a02f726f.jpg,7f575da1c3eb3c17f9f24a0d512aba989ed3b74ee0a70ddd21a0f5fde1b83e00,7b1b991213352992
Lamp_73ff650d00ad8ed3.jpg,78b0bcfab80be1029cb79d2ca03ddfe0a24358d1fccee8ab23e9c72a44a47b4e,8f069e1d30316191
Lamp_7415c4ac8fd09fa7.jpg,4ca37510527af7b99d924488561f1bd433c802abf55a4b95633bb221bbece2d1,0f1f1f1b130f0716
Lamp_744d703f5098aa76.jpg,712ab8278afe79b0b39df35d17a946581e2f640fe618e1e5aca4633954b74b27,9180c000909080d0
Lamp_746394fe8a6f9857.jpg,3d6dc1c02bdf5554f8bf901e38f23bd9d4de1753401830a3fc1ac31ca40a2802,8189151d3b197c3d
Lamp_74926e53ebbb2173.jpg,900f48e3f6c3f6c86c9d6c3a8f7e5bf783ef3b7bb1552b001946936dbaffef69,07878f878683891d
Lamp_74974c2cf5408bd0.jpg,3cf675571feeac80cc0e5c5228754945064fa2b2ef48438c525a6778b732ed8f,fefe9b9a0c24c8e8
Lamp_74ce83aea3726d84.jpg,b474a06e9b64594b967e876dc3f496c30bf91c1874bb6b745cb5c11a270fbd0f,06168000230281c6
Lamp_753ce377ac3778ca.jpg,bbbd0c48193303dd0ec8deede3f59df20b6facbcdc8e2c639f1f24bde3c2d840,3b59773e501f0f0f
Lamp_759e037aeb096aa1.jpg,104dfd750cc9c60c21f773bdd56f0dd031f8d28bea3ba0ef7f18cb3ff208cb3c,a6460f9e9e9e9e0c
Lamp_75bcfd37cf6626c0.jpg,87e2a55d0ee703597d8139d4ff829f3f09b8485d410150cda1dbb7e634a00307,b134ac2c1f1c1871
Lamp_75dd62c661b6f259.jpg,cb738dd252e8ee66d80c5570a0cb3f19c845e67c4964af64460135edf613a0af,fcece2efafdf4fe7
Lamp_7640273ca247cebd.jpg,762a2680e37179672708c830a3a69901def378c4917d2221faed1476267bd518,ceeed6868e8e8cb2
Lamp_77d10f8cc0fc9428.jpg,431093f4119ba17ab09d26437d6f3d5fdb9e38b4ceadbc506c4b13ea8303f667,0860109191430103
Lamp_786aa3a0b9159ccc.jpg,3417210a76410da357e8ff2558a984ea9a2feedebe4ce7ace668b3c974a8ef4a,706848de5a685a76
Lamp_7872e011c4717b7c.jpg,b00446f558d53e5f57960bc5241538fd091935891411d5634d4c48f457a12026,c4e4cdcd8cdcd4c4
Lamp_79b2d291287fb0a0.jpg,9f15789b0709b7e945dee76fca47cf56fa5e33c68c9d4367ef15f166b1fcab48,5f2733959597595f
Lamp_79de89be558392d3.jpg,694b3fc3496cb00ea2a7988d3fd200b4988e1c79d0e3a8340f7bd0261f5b26e3,f54f1f1f8f99980f
Lamp_7a4a3df5c66607da.jpg,4afd8beaebed4d4224790303da497a44e00eb922463b0ff42d4180ef1d1da4ef,6d6e6feb7b7fdb9b
Lamp_7a87df6b4bfaf938.jpg,55ce9fb4c0dc4d1562a0f530228c0f76b1c6a63d0a4f39ba9d62bd730a8ab2ac,ce7c3c7b1a0a0612
Lamp_7aadc7c302158e54.jpg,db7a2d874f1aa8d964aa357c0eaa1d2eebb348f7931d64eabcbf435e7f0562e2,c38023a383030321
Lamp_7ad00c79c3d979f5.jpg,6eaacd01aac620f783d0bf7d31cd7806e58754690b3a27a118591f746b961bba,092d2a0e0e964c6a
Lamp_7af7452b9b8e80da.jpg,2c6ce779531b0ae24d176dafbbdec0df5e9a99dadd0241ad007bae26e638e177,939dd59595a1a193
Lamp_7b4423a6cc8731cd.jpg,a90c8b93006131357067463e16c1f5f7936422a18475f02a32ea9385fcdb9cda,4bcb5baf27236be3
Lamp_7bb3281e21453d26.jpg,418da62bbc25a6448cb1e6d84612b5c1d565657572013b88432bbf067810f621,8e8dcc8c9c6c66d4
Lamp_7be630a91829ca52.jpg,c154f4bdf0634b8e095f1e78d47ce51d006377d72e0ab9e2c202586b6a5f402e,8d4d49091939bad9
Lamp_7c40351730219d1c.jpg,2d27d7e5e6d11149a5719ac09599162e0477b386a7a4392a0229c70ff58a20d7,e4606c66a6868303
Lamp_7c69ab7ea090b9ca.jpg,719667c859f08e5fd24ee0507fe7a0431c71ba735e5a06433b163ac7b2496003,07251b1107070707
Lamp_7c84bd3c1095d09a.jpg,899e5a8f7a46cc638ce5acbc8d21d8d90e4e2b15cafc3834988b81eca8cca1dc,189d9b53931b9b9b
Lamp_7cd4ad2e38cd4c20.jpg,f28ec4ddfdecb36532362bc242c09d3250edd08c3747bb165a0a001cb04e5bee,24012f61e9c9da8c
Lamp_7cfe10e906b34aa0.jpg,512c4f76ece901313ab91f4b94013ef051ed7f2cddc624ccdec28f1899671235,272386041061e100
Lamp_7d229e44f47467c4.jpg,d8f8441048eff3c2149a42abb911d9b5045f8bc4496b1ba27badeafc0b616f4e,0e0f1b979f3d3d1f
Lamp_7d6b0070e0d2b14d.jpg,f165c0898695e091f881137427db1ae3d1d44afc9d8975b86bb81dadbaf99d7b,ffff7f1f1f72526d
Lamp_7d7d9622d4766635.jpg,6d5dda82c61bf88e11c3094aebf2922616fc86754eddd365ca7d0fecf90edce5,0707030305031232
Lamp_7e153ccc34b60d4e.jpg,499d5ba292dc252f6066f3002cf9f5ec8801720e460cae3a7c8c953e41a4fa31,171b9a1e4b4961e8
Lamp_7e1b1c1d154e1976.jpg,c286737f69abf30b52355dd7223cbebd90f0d58686b164f3d8dec4c731552632,7b7b4f6be3e16106
Lamp_7e93f32183184010.jpg,41cf332d5dc3d2869821a6df14abfb167a9dfe69d951c109d3ae94ad877f3cdf,2ec6ebab33684979
Lamp_7f6bff93d0ad055c.jpg,0473f5ea11cd541c25ba6504a2c70a1982c7264afc65cc45fb115655ee50788a,0f173707c727e389
Lamp_7fa64b6c4ebbd226.jpg,64db64eaaddf29f351fc2038b2ae47896dd695e7c958738a86ab75e3fae42ade,170f0f0f0f171793
Lamp_7ff5154d65344cf6.jpg,e81f9aad4d44fba2a83c07cd29785fee49ef3204741fabba071112cfde85bc87,331b0f1733d9c9d1
Lamp_805a9502d4a6f09c.jpg,13bfef34607c11de9334f78ac9cc18d98ef8f36530a8233899b3a635b59aceff,b77732b3b3b6b7bf
Lamp_807aed2308347fe6.jpg,9c98aaf7bdf3c554115b4c3fad51e6dd2a6afc966fde45a32d9e5b8c51c17f97,4c0d0c9d358c1f98
Lamp_80c858ee91acafdf.jpg,1b6eee8fe3c79d2996d3da8f4a62a5239632ffd2d51189f47b2b2bef990c52eb,9297171777737b7b
Lamp_810d659cc34a56c1.jpg,2fee8c0182f3d243ec65995428db40c73ec23b23e32c6c6e1444d81f1a24d8b3,0f1f0b27271b1307
Lamp_812858e4633c3599.jpg,416adf014595346e70a648d694a561ebc535ca7096f1020ad2050d941ed5efd2,671e1e1e1e6e5898
Lamp_81b7c7a8662f9f13.jpg,1f884193f0de5ba1c21b23f1133d4561268e16d3f30ccf278e3c0e844aaba8d2,3f4fd77977f3eae4
Lamp_8216ecc5b42b2156.jpg,3074c0e8b1cf188a0441b3620ad604317808f8a6860ea44ee9f5cb39053b9eb0,1e0e0e0d2d1f0f2d
Lamp_821c2eca3a2fc2a2.jpg,c6dd9092b87ab4e870561f2581607373cfa66c5bc9b04254c2ea2710add4a3fc,3f1b3a756c2c6c63
Lamp_8233391dab3cb2ec.jpg,ab23fa209eb632e07a9458306d5768dfc7349ac3b2cd5f6f82df8072eac0bad7,9e8e4e6f6b6e4ee7
Lamp_826a0d0460f11ac6.jpg,ddde51d7e936e7ead857462901e215056594323b3de7ac19ed74b16ec281363d,36377112363604b8
Lamp_82776402e6161090.jpg,1f7490c5f06433da124676817f2e1e32543ce973884113d16a26c286bb61dd17,33545ad33b322626
Lamp_837e0213324127f9.jpg,4de4efa50b515a726cf7d2aadd1ecc80d8132e25b74451e5d42a4d5aa4b478f0,f8f8f8f3b3f3f3b2
Lamp_839f7fef2edf52d3.jpg,51e7ee6961a4a2d8cbd9956f070a40a44965a6b5a4ca0a3be1efe46094745ca2,3e5e9b9b9b3b6680
Lamp_841fbf7426a8ea48.jpg,4a864289f98a9156539227004e9e417cdd741568a95e3e1ea8af39a1ed69796b,0f131b1b31bb3e68
Lamp_84b080971bba8a8a.jpg,10d113b9616d1ca8535a4ae9686c45efe034462dab2365d932cdd3afd45a0ce9,8888c83999c95818
Lamp_8516599d8307e61c.jpg,f8840500fc2950f32bb5d834378d87c545e3f9043738bce36f72ab1b4ade2ea2,8c8933b29edbcc6e
Lamp_8557b915fa8771e9.jpg,f94052aacb726c06a72d7057dce349d533668fcbd1a36af8aca82bb48f8b0614,8f9b1f0d8d9d189a
Lamp_8590dedfea0ef3ae.jpg,d74cb989d0ec44eadf02853ceb4d8d6e87925e885be4f7f34e67878834bc258d,3db3939b2b240fcf
Lamp_85ddee3bf0a32ca7.jpg,b12e9dc9ba207b801558b5b01388cecf4ce78271c389162488a41324f4ddb03c,b036165440252504
Lamp_8621eacbe8265390.jpg,7a0cd92b03c8a19a425360d4e1a8180f77fa8f90c05d029292ec309c470f6093,2d2ba386d4c6c6c6
Lamp_863a3a8a4f695ffd.jpg,38077b2f366d39db94a80bdd6e41455d0bdacf4c75c91a21c21fe27af99bbdc5,9b2f2e271b270505
Lamp_863ec4377967900a.jpg,a6d512d22867b268f9dc9baccccaafcc4a01a243181999b5231d6afa9d5d2b21,93b3e823b79317d7
Lamp_86daee83192e2c3a.jpg,8b747260a5f9db377bf3d436d1cf69764b9393fd1d29f4b6a5dad96149a79e07,b34b899ccc499b9e
Lamp_86f0c52473762edb.jpg,392e9fceac6c1bda5bb2d1b6d1040dfed480fb93bde78215dc7674f6be2b2270,7173237433786a4e
Lamp_8748f6b11370a121.jpg,560d316718cc72c9d6c0a23aadabd8af9c3c091637d620efc926c5dc3dab9dbe,cdcb1c1c1f9e0e8f
Lamp_87542fa3412a5e30.jpg,a20130f608b649a63ceb6f291cc286b5c998bd6b4005f1c4b13ef7b8c9d3fb79,2f26041b0f3fb0ee
Lamp_880660fb229b0fb1.jpg,59382ed097012be0928fefad4760d2040a832860973c76d0aebe6573ad1b8569,01210b0a03070e0d
Lamp_882dae9401b77292.jpg,881ccb4adeff8b75c51ac61da5b70f150c039fb7dceee4cd013504cbf8b3c275,0d1f0c8c8cc9cdcd
Lamp_88405203d613ee5f.jpg,c9f2c171a65cf45075f1cc2a6cb8a8a5307d46035d2a9afafe99ec30b92329b6,d48ccccc66a0b0e0
Lamp_8848bd33f9f30516.jpg,e2260d7a022d6563e00c21e9dc7e6e897a8d0534e1ec9c7258db851ee0282bff,c06e2c3c4d4ce091
Lamp_88879df209c5b914.jpg,ccf60455beb8f84ad0e48c5085a3d8352c5664388bfaf2b9c59913b40e49e464,5492f2c4ce4c4cd0
Lamp_88fe55ee708cab78.jpg,d94a9a13a25b5bd71478b45f8b1043ab77f7cb4ab176c7faae46b62b803e50e8,8101418101390861
Lamp_89fe0b0d123de023.jpg,c20df56ed9365fc97e56ac4db6e98d4c53a8a12f61370c06f5b49fdcac572d7d,5b6fef7b11df6d4c
Lamp_8abc8dc6a844ab0c.jpg,40597fcf2e165fc805b9069384e0a880d7203aca99eba09a1cef9cbc1b681b0f,0937963633234b6d
Lamp_8b4ef1a9cc85fd0e.jpg,35dc117b26ae93f1bd80e0b338992d35da5fd0a31d23ad772499c86771f4bf24,2929192e26163e24
Lamp_8b5bc982069ff012.jpg,d59fb8f09353c2372074dfe9a15e1e552033275157ada97ad969fa82b44e4c9f,070f070f676c6d6c
Lamp_8bfa006e6cbc02c7.jpg,c9e925d516b375b267dcf4bf41375346c8fbcde3fd4c98eaadc2adc55adfda1e,0f6f698f0b09181a
Lamp_8c35d79b67d413c0.jpg,cff29a59ffd2b670835fcf49ec687aa640fc6f15ccb15172b550f752f62703a3,981e1e1e0e8e8e8e
Lamp_8ca0ee39da81ae58.jpg,54f537aa69f02347cabb7841ae56dd974922ecadb1b31df2af10c8657e1709d0,0f9fafcb636e4646
Lamp_8cd3c13f7b90ee59.jpg,f699dc2145f1fd7d04c21250908632b80b232b675b54010b6c734a9453c0aa74,1f1f2fcda7075398
Lamp_8cf55e6579038c1e.jpg,859f3fbb024e6e72090e9b512fab67f649ddd851a25915c8faeaf242e388eb52,992f194e4f3b8b4f
Lamp_8d12b0b6d16fe4ac.jpg,33573e57bf2b4d19581d4b459141aaf87fa8523f0ac5ad9a8bcba6f903982908,6466664a4a633d3d
Lamp_8d138bb7ea6a2148.jpg,5ad0f3863585d8283702e761c1884b6ac01985086564ed493506303ccccacdf1,418d0c0c6a2b4f4d
Lamp_8d14ac13e59f1bf5.jpg,33f60e8296c2e14689b71eebef3b6c44a20884862b8239b261fb862999ebccb2,6be4d46465041c32
Lamp_8db63d1fb9fdcbec.jpg,e0c45f12a7319f36a55029de932d1a7616b96607762f30cc11a0fba655886581,0f47c3c74f4f4f4f
Lamp_8dece2b36d667730.jpg,72c2668d551663eaca5254fea355a3d52f16651861f62b70e0a74f27c46e21da,0a408424c24ce4e4
Lamp_8e6df3d14f071c1c.jpg,76bdc9821ad13c73e3f5bd2ac4eece95ed029d858c53525be67107fba22e5674,176f6be3c2676713
Lamp_8ec3fbd1d150cc97.jpg,09e6a25c3b7bc50943de709870165120c862b1a2b6624150b8ae6c533b040e38,070f8b030f27436d
Lamp_8efec77a2fb50bbc.jpg,35007c21cc97cab55ec28f58c862c8ecc2500119a291f35963d257c76e24227c,656e652d2f8f3f65
Lamp_8f914d0da0e07aec.jpg,7a822e00cf9223ff8deb2e0fb48ef7e8f30f1d57e1dfdaaafeaf260726284621,82c4858da5b29296
Lamp_8f9eb013df89f9e1.jpg,ac0d43aecb714e7df2c98ea1acd77c160ba209aecbb914cdb05457b58bd410b4,3333333396121212
Lamp_8fc094cf41df967e.jpg,f6360e064f58d9c25cd35927d2045de0952cc666f864e4df478a1230eaca861f,2931114b0b213535
Lamp_8fe48fbfbb66e932.jpg,a00ce9648fe32058c748fa23dcb0d5503a8fd154969764246f67d5774a2b5dfd,9fbd3d3a3a8c2d8d
Lamp_8fffe78f959aae61.jpg,7ccc7912fccfa6c447210d78b8384079d239f03d87c72c55eccc7c5de213d63d,979b99595b5b4f07
Lamp_90e0c661ebfa783c.jpg,5fcd8072226dd3ddc584b61cb88459889a54a7bd852e4206e51ee95e7805b938,1f1f0f6f2fef6f6d
Lamp_90fe5f2ec6b60324.jpg,e19578d6bb104b8c70992033083e06c5e028bc0b969cb1dcec67b621b406fece,3e151f3f59190b0d
Lamp_91d4b765045506b5.jpg,c9a4104df8b33f9228bc0574a3619a474b9989dcf718e7074c204a580c5196fd,304d8c8e2f2d600e
Lamp_9218ec0ed05c9037.jpg,8f97d1f1ffe1b4bc6159a3be56e1fced67d9ff403c663061936f07d9e9c41cb3,7869796627151418
Lamp_925f1b4bb117711d.jpg,8469288123eef86b0af95e702b5a66da4acb97023b639c6f908f34ab0fe22c39,373f662d3727070e
Lamp_92a54979d5e43c96.jpg,a867f30a36f135e81baa492da319aaa1cf199fbaf6d72fba3878ec7c22f54178,1b176f1b8b27272d
Lamp_932c96c608108cef.jpg,6817cd57a421d9fe4e82b0e234b0672bdb76acf715f88cde24f431857827f7fd,373717073717371b
Lamp_93421c50ae094a0d.jpg,b177449650f3982e195e9cbdf97bb9b15d4a1a567518e48fb4e1ffcc48f95dc6,0703430d05462e11
Lamp_949d6a713347e3c6.jpg,d6514fa01aa69e83ce37cd73cb0607c47d7bd353ebe296e8d7092af7260ea6b7,b7275b596523b07c
Lamp_95f93f457db5cea5.jpg,7dcf2701d3967fcebceaaf9696ef7ccd6cd817e801b0ef57bddd1e35798fc33e,08c1e54503230c39
Lamp_960e27d83c5a274a.jpg,d490c1ec627ae999c65b65daddeb78017a574f3e79c09b01547ae000d297c6fb,9899f1f97961960f
Lamp_968c8a35a9b9f524.jpg,e9ec60e466223f179f3117186659c25f3c8bf44e74432e4025f1215e3e2c7f31,2120d4cae292929e
Lamp_9734a21d2264b905.jpg,b5c0bede7674e13aa874344f8ff34db828d6e133d48863b8fd456e7010146c05,5764878746064e4d
Lamp_980a6d8e6b194547.jpg,2b5abd6ada63b50f86562edfdd27963aa89defbd44bfe4bc7cf207872385c5b3,1e0f030707c73a20
Lamp_9820d3f3d56eb9cb.jpg,7c8233a6530c27f7f7723d22dae46102376e625ae0daf80f11fb6411cdb57e3c,2828216171e2b535
Lamp_9901de3309170c1a.jpg,a3d3a3756f4a36b42dedbb95045b954f4331d59c42da8680c5aa0cf6f1845e0b,15af131231317372
Lamp_990c557d8b63208e.jpg,8c555357666d694473890d8a8aa3dc41998d351fa43fb9ab23b9cbac6a040379,4e17b33232266a4f
Lamp_997ee89662ff31c1.jpg,52f9b9016bc32a530d7a63d98fef8d3cfa048a836b0d0e7c09b8e2a9083bc3ee,7b5b494b4b494860
Lamp_99aa0b1430f40fee.jpg,1113993ffb543844addf0fa23332bd6ff8a1cc56e4a2adf8797826b9db5db91d,888604682d185fc7
Lamp_99dc214fe66b902a.jpg,7b92dddc3cb0ad0a8a33efdfd9330c29776f913b67cfbbc5fd72ff765f479f73,23270392a638b8a8
Lamp_9a24b380c0c30da9.jpg,37689c74bf704cdafb130e1f81f206e5b2cb6221070d4f1c715b77b1410c9f75,232151458f868607
Lamp_9a364b383d70a910.jpg,a7b3e98324f81063ab8fc545e92bea0894a0311cdfc3e190a194cef8ebe18b98,334c071f0fcefccc
Lamp_9a7087a5e45bcd7d.jpg,2c6b8034e62aee01feb4d1be5572246cbd4aaf3e57cef91b123f81c6e6cd5e98,3323070b17372333
Lamp_9ab8e4591409ce39.jpg,78d28802d0ff047d03d0498d8217f7166badfde96e2e99ba6b20f6d896947ff3,4d71e94d4d69736c
Lamp_9bb55e6055ed1e22.jpg,b6ebcbfef5c18d88588d5f7c82986a44987d5b1b85f1d7530051d51389f7d4ab,c24d193b372b1951
Lamp_9c2c91286f5c63b7.jpg,fc7ca501e3c2b65a77fa8930b494bbe9ac48a19a72761687e9cdc19f1522fda3,723e1f37dcd4d4d4
Lamp_9ccbe56732745fc0.jpg,220286d35fc329a650173a13cd7b6e779a734e4885fe1ccf8c7cb3f4caf22734,3c30401f1a0b6cee
Lamp_9e7ba149a1d32cb5.jpg,7dbe67994831749320f35b140659b7748240667bf47966e69c33da211441d60b,0109cd4d4f8d8b13
Lamp_9e9cc62eeb58d4b8.jpg,df9cbf14baba455273ec631bac0135d73861cceddc80a9d3dd43d1608d5c2fce,2d2b3b692b2f0ca8
Lamp_9ecf0e18bbceaaec.jpg,d76c4bbc7f3947b30ac41a46ed85937d46f5a7ec1d0e95c238ca483dc1359b85,0f89d5c5657c5a36
Lamp_a1300133a63ea098.jpg,ea792596939f175c097ccfc15cc8e3ba16b88f505d56174fca8ef2671f2702ed,07233f271787a727
Lamp_a248afbeb5e27a66.jpg,a88fee9596d56704b1e54ce59bc4618ae8d03b9808d7cb647246b3c153bd3479,4c0d19898c012564
Lamp_a25a94cdf70a2d2c.jpg,87d8e6ebb974a72b0ddb4658959029350e18a6ef6b5afaa6049a19cd6c11c55e,7f3f371196153412
Lamp_a39d5117f4fd9816.jpg,23f7628a6a77e0d015783c6268eac5884e21120782dbbdc71ed945c7d400acb6,830307030303031f
Lamp_a44034cae8cf3ffd.jpg,0d5a26a3a2b86410193c43e6ab294320723adef966c3ead70389406ca6f30a2c,0303030303030301
Lamp_a46f5a8018bb73b3.jpg,7e764f29db000ec4674ff6b1b4ea33e4a274279c4af26c3caf9fe5a8edb64b74,dbcbc7d4d4d5d4d4
Lamp_a4ec6cd0d0eff05e.jpg,2ae2834005d1b6c8b0a46a3f7322cea649bbe82bd248fb14acde5dffce79507d,1f1e063b3b312393
Lamp_a5583d12dc1be511.jpg,cbd6de2473700c36b28ff49d211405c4477af79f40b89ed955ae0cf1fa0a257c,081f0f1f1d0c9cbc
Lamp_a56205c868630518.jpg,f4096a8ba77904e4bc1ca2f0660733af29dc3fb20cb7718512960b8d73cd197c,232b0e0c181e133d
Lamp_a562877559d29fee.jpg,e2fdcda86dd74b5be745a2b390a896bdcf397b4496b552059d6f62902714d31c,7bd55d2e7e2c0c13
Lamp_a5fc24289e45b3ee.jpg,5f0645efd5e4cd31810649544e86b2da42d30835f5f05abfdbecfbaa13969640,4917971d0d0f0d2c
Lamp_a5fef7c1f90b9bc9.jpg,70c650a3943c864c6681e2391956b1de8ac7c87f9b10d06b61cf3b22318a72e0,0f0f170f0f639297
Lamp_a6784561f779474f.jpg,987847ba53d9d6573f249e2a6846f68da21bb796895db7a9a5e68e68ebea4270,9693531793164757
Lamp_a6ff22e4685444f9.jpg,05b0049eb2ab11716a55f558d6d7eb64a241eec9c8958cff4be8163a732d4603,070f0f1b1b0e3ef6
Lamp_a72e7a347925b738.jpg,01b1ffd93c9da4285d99a8ec7976bed70c2a00bc25e2bde167b4486635838d0e,233b93b1f1c18717
Lamp_a7a90c8158c18917.jpg,47ac05cbd4198dae065799fed09aed8471263be0ca71e84dbea8f499c17cdcd3,1333370b2b1bdb7f
Lamp_a86c1331a13838ac.jpg,23550a0b9225caead6e471c281ffe3746d0dbadccac752a5d97b4ace2a0143b6,fc6e6ececbdbf363
Lamp_a8968eefd4945032.jpg,d3c7b34ae1184d9a38193253b07e25dff19c014cfeb71254f6ed1ef086f1e5d9,090d1c16eac84c3b
Lamp_a8aa944d8e277710.jpg,ec8b025098be9d66a44a9144a4c1c79aea0758297b30a6f8a1b2886167b48536,99a9613939b91552
Lamp_a91e2481f7b74419.jpg,00c5871bc9d5996742885aacd1df4f83d7cfd0bffd65902a748a0f30731425ef,1080040c9a0a2e0a
Lamp_a9636852dd1408cb.jpg,a443cc63b0c38f6ae05e5d05469754ba68f839d3bc0eedae8edcf932c1e8977a,242c342424206424
Lamp_a96dfee2083fe618.jpg,f562ad0229aed399fcdf3235816bdcfa88b3ac8076c7ccb5c21e8ac57719c841,04060306980949e1
Lamp_a98a42a3fbdb363d.jpg,ae87181ef2527d7a8474aa9a59d505756a37c90472ae649243be74fefbc23579,6c2c4f5e31eb6b7b
Lamp_a9df001e82415361.jpg,be7c21a2b8d70ec7b27af8922db3dfe39ea648a651bb369c606fc8aa1bc6895c,db5b070f1e8fe1f2
Lamp_a9faca0462be5d57.jpg,e939b23aa358f7d4f2c0fec52ee5f7d63516d806aadad1028fb9a649a12201b0,38183d632567765a
Lamp_aa1f40801e45d06a.jpg,85cc0f368b8ffd8d7e5a4a048f52533c362608c8f1b19f1c9778df12cd359265,070f0f0f13513073
Lamp_aa432f7aa6d2fc26.jpg,c48ee44a0b8552e74bc93f51f6de69b1d314e105e91190379877290cc8898110,303c0c3926c7cdc2
Lamp_ab2096860dda3dda.jpg,af7c811907bbf425e58bb6d6b3b8411095d8714875f3868d615a50b77226969e,a363e38f07073739
Lamp_ab6630b7b208f8d2.jpg,6d882e0afa2fcec6de2cf25d63ab09459fe4ba9800bf1257e07323ae07cf25f9,998da5ada42d4909
Lamp_ab71a8107b113543.jpg,574512f7615e133aa6e27132e0dfbec845f6b5207f194c82701a91c8ef9cd707,703fa5850d4d0747
Lamp_abaab3cfc4f4bc57.jpg,692eeaca98281d2a88fb9e15e5efb41abc182c7fce3780929f77c273606f913c,372567664bcbcb4b
Lamp_ac28160fec1dc675.jpg,2b40285d1f0a1b78cf4ccb5da5bd49f102b7b773a21685bce364a889eacd5029,039a9b1b0b4e0b04
Lamp_ad1305eb75832174.jpg,506ab067b50025ec533fc387451d142e09d3d32e6abfbbe85e3e552dc9a01fd2,86272b27a52f2b23
Lamp_ad6780d9366f04be.jpg,e901362d1494bf7659c2184fb8218845e04a86855569486ef00b96b74a30b4a6,4743474747070747
Lamp_adeae94a3b713a99.jpg,ea8b4a5103d56cd155c0247aba3906037c418b85f3cb097d2dadc06c4f50938b,667632303a1a51d3
Lamp_ae23908531f8ef1a.jpg,746521a1fc265c0269f3ced5f666c2a28cec4f617977a36fbfc4b4c14f673116,0f0d8e8e2a8e0b0e
Lamp_ae396126927220e8.jpg,ef5964d89469a234350f93eeba54ddde44ae010581fdfd8dfa2bc310228b0215,6f79d97470b4b494
Lamp_ae687585533ca91d.jpg,e3fca6b888f24127e7288e1a066b91db453a1b16c60002a787077fd3d660a2bf,67231f131b4517cb
Lamp_ae6b91507810a12b.jpg,0bec119e65376fd9e3ca6ea99e3bc00cc70002bb8206e29ee5db57b901f9635e,3a37373c2727a767
Lamp_aeaf897d07baedf6.jpg,6acc444b92d3954efcae4ccf28f5e0344d86df84f880bf1bb3cb2aaebbb5c3f9,97dd6c714949c94f
Lamp_af70ee5850867060.jpg,1e64076d6110a7207c78953509de6cbfc7089ecb8ac34d737e46ed8680a0ce35,1f1f1f9e8e2f1e1e
Lamp_afd106af9eee2b58.jpg,c92b486dfcb32c5fe677eea1f40f6ec47d36d09c4e40a86124d2ad7ac8f978d0,8b0f0f0f1a3a3e10
Lamp_b011eca7c90c62e6.jpg,7a3da661a32387cb7096bdb7bc7ae1624fb3be56a3cd1d38cfb54993ebef418f,c7cbdbdbc9494f1f
Lamp_b0a32da9d3509f4c.jpg,bf42140b82be589a1cdb5a07ec0d02ba7b4b8cdb2ba78afc4dde766461a5405d,234d4f4f9397971f
Lamp_b187836dfe770ca9.jpg,47a129d190886ba3c45aee29c31ae5d8c6944d41a8e8f9e0620f2c1e361a973b,9fcfcfcbebc7cfcf
Lamp_b1f68a6c6f83c484.jpg,329c1e58dbcfe829f47d93c0a7e9958127085ca0f32064a5a50c13fb01e026e1,9898d8dc9cf2cbd9
Lamp_b29f717a4038357e.jpg,317c6bec4d0492fe568690837bd93b529c475100bfcc0a742d941f0f601a9f3b,090793939a92b371
Lamp_b300eb2c2d86c247.jpg,2016e2fd22fbfef0ee675592bb582ce69aef745644dce4db0fae8a01ce6357a7,278ad3414545d141
Lamp_b351b704a119625b.jpg,dd86057d171522c74181a2f8cf0947068f39967f70a5f141931d933cd8f22b33,506452124c0c0c08
Lamp_b360dbd07be477be.jpg,a89fc06184c2c5698c540d29ceef0a370fb2608bc7680b73af6d9d7850269290,dedadadec9c98f0f
Lamp_b3a97bb9cef77c1d.jpg,a5e129f7e0be8a584bc51927cbe5370bc4f7fcfe6d21391c654b8690df8f7261,0e0f17070f4f0d22
Lamp_b3c94f95e015d94c.jpg,19979207108d1fd4cd56be3db88448c543dce04eec1e7286a6655637e8f1f991,0f0f0f17332b3b4c
Lamp_b4901e7075e650ff.jpg,ba2b2dc8238057b2b5ab2f15db83eab3cb8ff9d7ea368fa176f53b5fa8174ad0,c1c1d1b1b1313128
Lamp_b501faca7c60b5ea.jpg,c91d790815b118fa5e8c998a0fb5c276434aa0b370b42b0c880c879ef64b1f19,030d0c0f36b7c1c6
Lamp_b52031a8201052b0.jpg,6e7e768e19b8be19106ccd9dd055ef64e334f1f825b0736235ef7f92114c80c2,161626260e862404
Lamp_b570d08460eaa55c.jpg,2d016e866fc939f97db756652deb6cc4d6286947f384c8f5ab000c882e3457c5,e7c7d59bba32cdcd
Lamp_b5a337b5a1a0b727.jpg,38218778a180d9c82677cf7f45b22d96f9a5e4654df3a968251ef17ffa8ad9a2,86969e6fa7b3e363
Lamp_b5b413e0b723592a.jpg,84494e5874cf588a3de6bac37161c00e6596cccb8c2038e4376764ea38ebba37,0a495397b53f1c99
Lamp_b619bf205e9082c8.jpg,cb82ac873475feb4d7c8e24d3e1258972e377162578afd9d00560d34135df857,070d3d3b9a8c9f0d
Lamp_b647db5b1814141d.jpg,19a5f83af67d3cc9c3633f881867f6b46ad9c74662cf45ddab6d29db7d0d7498,84766263735b9303
Lamp_b6a632b74df7f168.jpg,6d2908a80e8b3d708e42e8eef811a7a884e9012a528909de120d2f5a096ac037,2d6d4c46c6d09292
Lamp_b736644735009eb2.jpg,d1561b29e5b3bd6eb1782fa40a01499cb80f6ab4e1d9a741487f2bca54222d66,7c6c389ec6e4e4ec
Lamp_b7a2faba820eec0e.jpg,c3e605e8238c0eb1e0afe11578df199aab8f930aed9c7f8d6404f4fc844ae4cf,43431e16064c444c
Lamp_b7cab449b41c7980.jpg,8cdf0eaff2de116371b60bf805dacf91cbe454ceb2b59730faced0f14a6c3097,2d07332b2b321659
Lamp_b7d30b849fc8f632.jpg,1e7c480bf5f0e3d4d061831dae48efaa1af1bca24b5f540fd1c285067612a4ab,e6eced353dfce7ad
Lamp_b92c5f12fceecbb1.jpg,851e6e9ef8511193d7a94d89cf53791a14cac0187e5ba1ab054db0d65708f51b,3f6f73b938e2ceee
Lamp_b92d61d425f8a4d0.jpg,756389bfa63b50215c3d649e4500417dc0babfae4c97a2bb55723cc3ecf0b3ff,1828646341cbc86c
Lamp_b93609c36bc6eec6.jpg,dc14865549b374af262a5fab9b00a1b68b3ced6ba49a26c22a8ce0d878dec759,0d0d06060f4f091d
Lamp_b97bd2a41b1bbf79.jpg,07cc5f0ecbbe7c2ca93de347a864ea1ddc99012ee3b87ca65c19aa5d91f907c5,d757571796c35751
Lamp_b99e377752a12484.jpg,f3266e984c5552f68b1a93f23fffffdf020f6bed54fc10935c8a2a0d901081df,d8d4ccc3f3b32074
Lamp_b9f33d1fcf39319d.jpg,5e851d5d59628152c6519b8303fda8a45ef00652c533dd27992f3f3a73dd5aaa,e8e4a3d8cc8e8a89
Lamp_ba004f53bac6d225.jpg,c213d81c8616a39dc0d7ff1d742e7909c7efb5d1ca72bdb1838b90dc5800b90a,3f6e3232727e9ccc
Lamp_ba053ca309f13d90.jpg,717f8e6ca4ba31f0e7c57d2faa071e7c10af4b9044a2923af9ce40f14bcc5eb1,83a23321353726cb
Lamp_ba6b13c4ede8bcb6.jpg,7a4961bf0e0be84a035be6b89283935728ae1ca814e229c0f9ba5bd9bfb52959,ce8e8e8e9ebe8e8e
Lamp_bada269700776162.jpg,6c6096b4dc31af9dff715d331030e4568692d03431645541772fd09b06ff9821,d7ef67b18ce436e0
Lamp_bb37fee45717fc86.jpg,cabd2401dbde4d9c0f729a33b72a72a5e502657914d4926a9113c375f1415e27,0303131312120c0c
Lamp_bb4e1996f78f36cf.jpg,25b58f3ef8f17e77580c3b37afab52a138345b6a44f8666580614df49cbf165b,b23363dc94f6d093
Lamp_bb7fe8c46d5c1da0.jpg,d8895617086a42a2dcdd1f5371e4449e63837264339424a7d1a729650e0d5255,f83c343cb42f6bb4
Lamp_bbdd0033096a6d69.jpg,a24b301bdbff1acc92502a3acb8c0a99c930e34e69c202b765d4dfe00f00be69,01b8838f9cd7c718
Lamp_bbe358a60b4ce25b.jpg,2d0a9a52ef413628b1240f9037a49f5914d6d178573bec52e24fc59b7d557de2,03036323073336ac
Lamp_bc1012fc025ffc99.jpg,b7b6429e235e77fe67a01edd6cabd4ba64d37ae88b3492955919115ce55faf16,1d5f1f3f6769b931
Lamp_bc41c503d7c06c6d.jpg,a8bf700eff51fd91de4234abba648370246b701fba03dcbbc487e025557c6068,0f8e862626931291
Lamp_bc8b89bd92509b82.jpg,ec972cfb25eb2e36c4c514cb29e39a86e5788c3e9519ef0b4b2e5715ccf87caa,4f4f63cfc7efcf4f
Lamp_bd6813574a8ee618.jpg,2c13b7b251e8fc9d86be9aac1ce06dcf14ea7215b9fd884b7891b18c4f96508e,121080c848c9938c
Lamp_bdb15227c3a6ab15.jpg,416e7df41a495edbd1f694823d0c9170261dca9fdbd532026e43d1db54e07f85,32728d0dcde1e343
Lamp_bdb60105cf5475d6.jpg,9408d550e193659ad8d45aed9b99baaa81b851a1dc89091e5d7c1d817c74c014,f78a9b73c30e3b7b
Lamp_bdeb5504f17cebb1.jpg,c87f40e9ec47fdf27dfb50d3a02dbf33c4fa3197f60299a62623a82ce7891956,1f1b0e8e8c0d8d91
Lamp_bdebf921712158c0.jpg,fa67372a63d45f0860a1ef6d658858d39f30ef2fdde5016697c5417f14c9709d,07070f0f07070700
Lamp_be6130c53cafcf61.jpg,0c902ed3ce415d4d2efe01969a0a8e72afb41973b296a384a08f78889577fa54,69d416ccf033b2b2
Lamp_be7b082ec8d0c754.jpg,4506a79b14bda5dd922ca0e162a5092d0233e111ab33492e03d255729a1bad9b,291d353733336b61
Lamp_be96047f31f95480.jpg,d5fa402a7604f7f96fcd9e178f53b4b5689a2ce508fa8c5fe0baed63a49b963f,0787060f5f1f0706
Lamp_bfbb8a2f9392a01c.jpg,d125e6da14db0ed6fde1487e7ab65dd716fc05b31f39239f16e0e7b01d77237f,889193d153835362
Lamp_c02ca567329f5bd9.jpg,96192fbb76eb2a8db3123e9089b4cb75a284aeeab9fb8c400566c50ca597d8b7,33b3b3b3b33333b1
Lamp_c0e363576ef1d053.jpg,dbaf6951e921ae08a30f363476a4ef73f65604b6af433bde4886fb806a18437c,bebe3f3f7b71e9fc
Lamp_c1182f52d2689e96.jpg,55d7f6133319a24919084d17adac0815daba9b54b0f76cd4ae6f8b3e1a7f5342,3b7b3b3b3f3d3c48
Lamp_c14cab2253997b87.jpg,4fe57765a93a4cc3d3a431f4d9204643befdfb0c94fd9e74b30d3ef8738df5c3,334d0f2b0f495715
Lamp_c1a5dfecb13ad5cd.jpg,6e1e9d37dd3d9fcfc8e9a35d12fc40d212e871f919813c094a769323806c78f5,228d8e2f2b0b3e48
Lamp_c1d8214441edcea9.jpg,a65832cadbd51d6fa4e3725e446ff35056a3d987ada692ef6dca352a2a5446b4,07078707870b0b17
Lamp_c20a98a02719626d.jpg,eaa5b28e5256b06d2f206f73fe264e019d3ecd7777f0aae4d237d6e5416a337c,1f3737484a4b240d
Lamp_c28483fa02acde86.jpg,6b9469cba16b7395cdc284f6a916b0969ad3ef60d586a60e216a97fdd8da4d81,9797333333371b83
Lamp_c28930a73f864838.jpg,4a195ae567ca175295bd3cdb958047cbbfcd4e2ea0e828244f464df88091fde3,8d34dcc9d271e173
Lamp_c2da1045aa913d86.jpg,7661fe35c50d3221353a97669bd762f07b485ea1c0dd51d69a961cb83aae9f56,e4c4dcdcdcd4cccc
Lamp_c2e7232cd394e044.jpg,a9d3d046e60a5e3d0bdba401246f8e728bb059820266066542383f47b0d07f69,2757574f4f4f1f5f
Lamp_c34234819ec16b78.jpg,ebf88861c230595d925d32b822287adc6d719e766343536dfd57e2db1004e8ab,70711356d49310f0
Lamp_c489f0dbd83c7fa7.jpg,3d3ee88e82437cc7170e37f2877f7f4bfdd0f01c218e391fec63ab55d3e01072,eeee3636372bedce
Lamp_c4bfde8a05e58af9.jpg,cad7c953415307e351de75ad8257a4a0d15b8fd4ffe7a02d41163ff627e80994,37b62e261626c3e6
Lamp_c5556c276585e68d.jpg,71ad38ae3f4bb630ec355111c88e8c1c066337f3dd9010917cb7377ca3f64887,2f4d1d8dd97bdedf
Lamp_c5f049d99cbf789c.jpg,94686e003e117ba6fbf07eb6a31c17e847843c173daf6120446e40d61ede7581,c8d0d1e1b0382343
Lamp_c657ef1c6e6c9df6.jpg,9febf97c3730f7f8b7ae6c0b5dfa58f2a1e6a9697d93ec239e94751a1500a5ab,f0358f075797839f
Lamp_c698d8e3bb34a550.jpg,e785afae5385c3d84b4134af6e0282ea0f0b3f106bb846e42e23ca97b7cb0ad3,df3f1f5f7f9bbc3b
Lamp_c6b8d3c907e17adc.jpg,9e7957a9bd078c36571d1338ecc0eacb76787dbe2f0ecfe48d1a6c1d5a63f874,6f36fedfdce6c7c7
Lamp_c7af607da29073ff.jpg,76cc35d41d056db26f29f6ae3ba4fbe1d2c8aed206240eb2e07d884039eb8d93,ddd9f63636b2befc
Lamp_c805ba561298df20.jpg,8dcd28d9dd9595568eede032923a7bd25c4890acae59e45f4d345e2833f7eaeb,544f4d67330f2258
Lamp_c86ba591596f16f8.jpg,873f356d1ddb0c24064ac937769f70d2fea7fd3d7f3ca6422a4385ad36c94cb1,0f0f0f1b33331399
Lamp_c8ffc03d98d18826.jpg,f56b06a19cfa1ab1fe139f3eb24b17435f948e0cfcf35461d43ed5f5e985fbfc,2b0f8ea54b0e8e0f
Lamp_c94cfc09e9379ab0.jpg,2af3d7ae9d8f3773aaa64c1f5f85f74e0ec0478c5513713f4de362f5d28d3828,c0c881bb1bca4e1a
Lamp_c98bf4856c2b2fb3.jpg,28b3a42026ac5c0d5aabd7e8105a2f2bf64282ef1c4232b9f199f1bed3373e4b,8e8e090f1d010123
Lamp_c9f51c3e66c05d95.jpg,b3f23a7e5e5b60d2e466f7efb4f383b8fcba0a34b47bfdf0aa72603f64483e23,0f3773737f7f3f3f
Lamp_ca30d1260455ebfb.jpg,713821cdbc7846070fe8c995cdb75cb179215d1fcacf849952945061746a91fb,1f5b878f8ea6940e
Lamp_ca75e352083ebc55.jpg,aea0f1c51fff3f62b1b99105116ae04d58e2deefcc73eac6da915d617eda814c,131b131b07171b31
Lamp_cb0b4a61c7a8987e.jpg,3dc5e1d496ab20ee9784f6768945ef48da3a2765ffff1b637840d3e38f6f6c4a,0f137b585b7f1d7e
Lamp_cbb723b0a5472fa2.jpg,f8203e0e0f862b7a3724988aaf355fc2460bf6c422e68fb2e985bf6aa216421e,439d858b2da33139
Lamp_cc426902dbb62ab6.jpg,07771f26900e177b78c6adb45c10f0ef1f968724ad84542b20a9c0bd7cbce46a,0f0faf0f07424fdb
Lamp_cc428d6d2dd9e91c.jpg,ef19a5eba88401b852b6bdab5d51b1e9b9e47c7212f124036413bfe432742c29,4c4e0696921b120a
Lamp_cc4ce353ad1b798a.jpg,70395a68a3e6b782a661d2ed1daaa66691c22ebc9208d0e6203627dd2e83f19b,878787cb8b8b8787
Lamp_cd8ba3d82b6a98b8.jpg,41410366b2839eca8e115bb2f9d41a98a344375ccd1f005faa2aa9085b726845,0f0f1f3b1f07031e
Lamp_cd8d856d96b49a58.jpg,01e0d161f817b5301aab8e99e8f6553b640212bff8a7311c39d51f6097c60b76,040642c101074c46
Lamp_ce549e309c260994.jpg,bfb945bd2e18d1d1d88a80db46960a895539a037c9823f7ef9be3077026d1131,12838b0b485d43a9
Lamp_ce79118a136435a7.jpg,5e67ac09d9ccbaa53ed2a5905f082905d4f63dccb1023ebfd7e746ee3340922c,0f63632b373f0a22
Lamp_ce826c745a995fe9.jpg,1fdc8d4b87f3cb2646e2c96c2d000a6ca5efe2cba9f9b765913239fd6ee8f997,16161d1b17170f0f
Lamp_ce8ab0fa3b42bac4.jpg,14aebf5c93d47c522fe1542ec68e7fd32b698b98fd463350610da48a8eca879b,3707030b99984958
Lamp_cf08128a1d02fd61.jpg,27fe9d2359d419fbdd77ce8b0adbdacc032c74cc0460994a3c2bf031d2065e08,16060e0e16161626
Lamp_d0aa1510a418ee96.jpg,7a87d05c2321df488148c97fda07f42744b4e9f5be47b2c99dd847930d933a97,130f13130311c4cc
Lamp_d13dd473d0060eaa.jpg,5c63e59a6ca0b17594a0b491fa7a6f353bbaa17011fce72112bdfa6f26902738,252527264d49a006
Lamp_d1447b3acb892219.jpg,392327e50f52e2b5a44b4b4afbf114fe4a67dca3dd1ab4f83477a5826186ba78,0307272507031213
Lamp_d18fb885b85e8164.jpg,28b1b011c94514e53aa61ad150f677d63633e56ca10f427aeea273e9bc35b31b,020c4918e8c98c00
Lamp_d1a0c77908301287.jpg,3a9929c47c871a7b337b08f1eed61a2ad809235c6d7411aa28934c59fc4f8fcf,1f271d570d0d0d0f
Lamp_d1b07d83236ededc.jpg,cc6282d95228f2102483bd76a720b1ecb5e3f9c442460fb0e54ad25a659b0d9b,0f0f676333b38303
Lamp_d1b855d72ecd862a.jpg,1538669987b61e1353b4ba213f0c1ad03f7dd107bedb06c89e39615800f50935,7341050f970e4622
Lamp_d1bcf5b28cac6059.jpg,5000bb2f70fcb87c67ad29d6250a789078878763af1f5a10e6735f419a671d16,0969339bd6de3d8c
Lamp_d2149b3c6ec748eb.jpg,0cc0f84ab5d0e50bde1097516af74d759959f894238ab0a431087a5ac41b05bb,7f7f393d3c3c3c3c
Lamp_d21a81893004fa54.jpg,e491ba213413af300038abdbd5ea5560e64b1dc382cf05cd169cab37bb135e77,c1c1b0b4d9992515
Lamp_d230c2852a281ac0.jpg,8ca90c66984e8ad85b410b976be1dd44d298af7ef2052b787d938e088e877848,e0c0c0f071d47170
Lamp_d2be8e51149ef35e.jpg,44087a1e4949ffe8f9f1c916752fa8be32598e373fe457817a8cc4984b6c223f,b4969b7ebfe7634e
Lamp_d2e32b2733b56a7c.jpg,9d4068e01ff2a1b41f03280eca01599314d0a0f8d4c80973c07c3e187f277899,503285cccceccccc
Lamp_d39b706ea252efe8.jpg,0ae0fc4a31d74bd258385b326fd1876d5d6e0b635cd0bc6aac2fbb54b460bb8b,5393fd3f3ffd9353
Lamp_d3de018864c8158d.jpg,b6fc65fca3c3514a1502f4aa8a160d450452eba78d9297b15968b6da352845ee,0703030303030303
Lamp_d4008488977f5e88.jpg,93536e57519f0e32729ad515a8290393ab676322cac952585cd1c8997113cac5,37230b3f374b4f51
Lamp_d52ca42f28ff6078.jpg,465f70ff17d0f003fc1bfdde51caae45bddb3de09c5d609a37b63c00df0ce2f4,3c342c3c3c0c6c31
Lamp_d533c100c4677d64.jpg,667e7334923415ce055d843dd2f28e3750b818fda3f25899815278a89a1483db,24018c8c9319f030
Lamp_d55c6166c80ffad5.jpg,374f61e2bfbf40df2dc6739d29d6681c425df11f3432f350f6f681db06880959,0303cf240606a6b6
Lamp_d71b167f85fc12c6.jpg,ce5a00a61db7fa36c7a77011f51d63569fe699de6252e89442af58375b560354,0e060f2d20222726
Lamp_d7430c6425a5965c.jpg,6ac8dd8f5e0a99a1ab680e68f0e15aee1ffcc8d4472a9559676b08d500066ca8,526ddaa573b7af32
Lamp_d787b212159b19ce.jpg,62bcf1485db9d7a3dba465c0a344fbabc5dd4b5a888c265e402867d68a0c3fbd,594939393b3b3939
Lamp_d9984e11c79c91a8.jpg,41ba04402438dc1c752a99645c62f45f21e73ea36659906b5461d0d03c21f207,9c9af3c1499bf3d3
Lamp_d99a2b8aa038a523.jpg,5539643bd47a8e2563f4c7b6a0f72fd827ae22a00e8b2908825585f754ff320c,d5d6495919ae6473
Lamp_d9e27b723f08b487.jpg,53904f00bdc11a1501ef4d732f182d72578582a13b1bd2ea1278d2969a3d03b0,3832232727303c34
Lamp_da09ad36f8597ac3.jpg,08b72e6d5873746dd57fc713cc621db0cd06548414daf9bfab5fe8fbcc9d0820,709271e8c8c9e9b8
Lamp_dad3f0887abcc398.jpg,f81cd2e58f72f4cf655a48ade7095531a653bd3cdf4681deeb4ba1dd1b90fa9f,5357323637363726
Lamp_db8eebd6784f168d.jpg,75148074d2bd896988a4ac54ea54213559d626ebb1e59ee7b68b4c3d394a7724,07e70f091ab0d43f
Lamp_dbfd014bdf85d1af.jpg,ecf22cb383b71c6d0a33d35499812f59da55fa0aa5915884c9da0785d0dc7522,96d4505623323333
Lamp_dc4c5964ddfc5a76.jpg,0cf81d5cc5be9ad01eac377d5840241911ce03915ea36445ef645c8b364048f4,717bf93960e1911c
Lamp_dc66448f615fe90e.jpg,1e3b697c5aa0521a1f7d2d924339c77587214bd21db50f3ee477c84e90496511,3f3f7f3d2d4dffbe
Lamp_dcee5332bb957e24.jpg,634adde980dd6a0844bcf68d6099a47b2f47d643987c74aedc179b6cdaeb9bda,27272727861b1313
Lamp_dde2914ea52c4448.jpg,5247bbec00a140e2226859cb9cf38b129f564c4a74df564c84dccfebd0fcd80b,166a303038341b0f
Lamp_ddef3a01f78a44d4.jpg,3ea125af49e4793b2b4e97b97d4001397fc753e1b15288ade1a2bd065d019b32,371707a7271d0d22
Lamp_de1e581f1a661870.jpg,3a7cbec63e7b522f13ceda015428e8f7ed35e3f17797b4175e860e2f28c855b1,5fefcdcd0d0c030b
Lamp_de220bf1efc2b4e5.jpg,33601d1a279c61aee1c92e6cddfc39a9d349fa7abff8328065c9e16ca279570a,270f1b13abcdd130
Lamp_df05cac0f68b4664.jpg,280246f9c7cc4a2c1798b56b6f777ec3e4a101731cdac57074c1cd661d033729,6a6a6e2e2b677247
Lamp_df1aa1c9b0c2e746.jpg,de69450ecb01b71e9f0f2cdaebda3bebe01382f8aa614ea57745c38d4024738f,2111717b12c2080a
Lamp_df653a3fa789f365.jpg,0dbe1ff90b0f9edea3c00bc90813d9e17e3b1fe3dcc5155a408bfb9707a36982,7070809b9a1a5a5a
Lamp_dfe5b255ce4e85fd.jpg,13721f09f780bcb36bd4d4c05818669ab9ad7845ce4e6b0169f8169340adeef3,0f0f0f0f0f1771f0
Lamp_dff720449d1b35d3.jpg,34a14a7c6117b74cd1961ab7ef58015b2cb25855e0aa5de86e1279e9b266d0d1,3f3f0f0d0d1a1e3f
Lamp_e0109928089fb814.jpg,820d46bc7df7cb18c69e9438ecc86554d29a7c956aa2adbf34bef15df38a525a,0f73e6b54eb4b117
Lamp_e0113f9c0e92a520.jpg,ca85d59632b72f4898831650c517f9ad67e2b255a3e75a99b7c0102a5b1995c2,3b5b9a16666e4b8b
Lamp_e02fe10c3339bc6c.jpg,7a68befddd79c070bcc10fa1e37a82d108cabca97107634a6da7d40cca151216,1e3f3f1f3f7f7f7f
Lamp_e050baecc3872d7b.jpg,6c18aba9f29e62b0a3983b6275561793765f1823b4def159a0b7c7cc9273a612,537048ccccec6cf1
Lamp_e09e3840069a6018.jpg,ab4a22626460ebfef07b902ab90d2c22c8de2d3c954560bf77d032da53952542,13336726b4e5f733
Lamp_e1765b31d9a7255f.jpg,71b0229c88891d72879b485daa901e349fdc58532dafafd2488eea168ddc5a5d,8225d1d2e257dfd5
Lamp_e31d69b929e735f7.jpg,ec4bb73a8d7afc2cac9131c9cbf7ada09220b3c887559799b2062988fbec6898,1717373737b733f3
Lamp_e373d771541b9dde.jpg,dda0ba60c3999ce993f0f5858e95eb9cf3000ff686c7d3e2f241db7e942c609d,c2a47c03139cf336
Lamp_e39c7c1ce8a0cc88.jpg,9b0049dcb92a3ca28c700734742919364b8b279a45e1d4d1397af490cf789cd9,023e0e16d4dc9a30
Lamp_e3abaf2cfd918d81.jpg,bc148f92e7179ebb0510f08e8a62d24ef281ad1d1fd2307361f97584be09bfa3,298c8c0d24262736
Lamp_e3ac47a33f81cfec.jpg,5de0d1285c2e379963b38e614426e5b729bb896590cec03eecfda58fee29be2f,7844452d24243124
Lamp_e4e2baf57caa9ecb.jpg,1aaefed46f2ab1af5392f33440c4d7cfdc45ffd87b8c61a0826ddba8ea873410,310eadb6b74bcb7a
Lamp_e500aabd1591e5a6.jpg,dc74c8d158b56f601ab412840e7e171a99ca6fbcab4b480898588e6d739242e2,5232202020203032
Lamp_e50eb4c2824e8252.jpg,4d77455d56ff9d113ad6c0dd88388f96c0ad0900341ec3101fcc621311e72604,38723426363133e3
Lamp_e52228c84d309f7b.jpg,2bb1dc0f6617cd379cf63b1a6fcac3800b3b97f2a5ca02b24fe86189f9a5278b,8c0e8eccbc38348b
Lamp_e5292a0546a90019.jpg,fb2ce6613e84dff979f1fc797b898b40272bc28a34869eaf6a3c787bd4041d72,354e4d5d8e8f8d0d
Lamp_e540e9a2a12feccc.jpg,2b54412f99c98f076071c8f9bdde1fb9982f2e26b2b4e28a10363f7fef0cb94b,0595212d0d2d2c39
Lamp_e56b3935c45ce614.jpg,8e7b7c688412ed9b6e628d22da39ef69629cece40e0b57ff3bbc3e1e4dfbc0d4,121b931b13933812
Lamp_e5c21a637560562b.jpg,d479ea2e671db81f8370a1a8790c43df5983163af1bec1aafd8d5563cd4cb750,73963733373df3d3
Lamp_e5d45082395ce5e4.jpg,b2f60babc77e641936f74f835adc312a3f00aac8ef3eb0584250bd692942d47b,5ecae25a599d9d4d
Lamp_e5ef903299815608.jpg,e94422f837c3da9ea1d4c85f5ba43ff123e9dd90a085778ad33df7708b99c7c6,19276f6707071739
Lamp_e65a27044123b58a.jpg,2acd3bea014fb5c774882e04b6526c406c9789dfbe6e56cb1e205b4ccdf65433,90b0b0f15132b010
Lamp_e68a80179d20e20e.jpg,3218ef3c1ffd4a7c1aad6fc689dd79b7b352d0d0603e224a2a1ad5f47300e4a7,bdd9d9d97d6fc7ed
Lamp_e6ea5874cae2ffa5.jpg,1c3b7610d267255eb47f7550ea1d3e1ed7649fff74df5d10260b398c260cab60,234d4e0e0e46230b
Lamp_e75d7bc9b939c028.jpg,172829786c007c6263dbc49028784cd5d7a6b8bb382b06696f9ebaa119a8e9a1,25232626e7e6eee7
Lamp_e773b71ad12d3626.jpg,6641e908917b3b91a116e215f8abcc45a7ced593db3800839e82746113fae7cf,0d05060703070705
Lamp_e779b7f2150dc0ac.jpg,7cbc64b80ede54e55e835bda930f1464edf24ad32c11502991ccccee843178b0,03a367434b4b0340
Lamp_e7836bb5c3ce0795.jpg,b1ab7f2befd6986fa3dd1d58eb4a491aaa83f18fd47c7a08cf01cc757bed33e7,6667412787c76723
Lamp_e7c4c689a15f8b93.jpg,5ab94d4f99597bac019df8d6120101f3bc05e9fb361aa5fff4f89338c1a5f6c3,cecc8cde9ac6ccbc
Lamp_e80a74140006d16e.jpg,24217a3c685b147fb773f8a3dee27287bc22448669a3bbf98463a277252487cf,e35ad3b1b1336b5f
Lamp_e82996f4c8f6911d.jpg,105e3afb31d0b093ef012b768c516bd0c25b939653b63de806d9f6ba6fc96694,25b5e26363336353
Lamp_e85b055606ad48d1.jpg,5a8a094d7fe308598ba70a56af0bd947d78efb50632566fd9db0d0465eb754fa,0f0f0f0e8e0e0ab4
Lamp_e8884ac7123b53b8.jpg,d3c0b0d850bb40570964148b65a66995b87e9bcb5580b673cd5eb13926892ceb,13972b6b5b2b0a0b
Lamp_e8a45ab1080cc328.jpg,180782dd77ea2b7698389e914fac3023de60e42d654f59350e7e595ccc619d7a,5326676decf0b4b4
Lamp_e8bbf3b5ba9b1849.jpg,a2461d25f7ef1305f043b1dd0222f474f2f24b364443b49f69e0f5047d58fbd2,0b191c989cd989bb
Lamp_e9137c93fb202036.jpg,7315f38cd62cc31404dcd5bcafcc0fdc8dda90b11a45d09ddd4830c8eed21131,1b4333370707878e
Lamp_e962abfa1113da51.jpg,860a54c4b6a75491f0b871db8f9619b386b00fb9d23ae42f38a0533f58e0db39,2b270f5f0f03230b
Lamp_ea83ea73bf180d0b.jpg,98a5c20829a00eb07393f121a7bfe140da65b147f849751f2041b3e376a88dcb,1311b3b3a1b1e3a6
Lamp_eaaa4efeacf2aabe.jpg,5f4db532396fc5f1d873a411185edd130a1ff21f9f4276d3ab5300936a9fc5d8,f0c1863632048cae
Lamp_ec95d310169b9294.jpg,a31dd68d53c4712176262080eca87f0af374e04b1e9aca4f4209e7c3b4cbb589,0b021a4a020afa3e
Lamp_ecb75e3b29af4da1.jpg,ce94714c2ebf9a92c61d11a4bebbc8e091f1fe56a071179b202c18dc462219a4,979e198d893b3111
Lamp_edd695362809ec7b.jpg,6d0574f8507b0c32d2f017e8e323efe0e78b492422700ec1effffac26d88679d,272743438b9f4e4d
Lamp_ee013fd1d2e5689a.jpg,7af88a31a81740a3948c4c3db618a182eb87304f6c39da6fd84940e3a84f3185,0f4f476767452d7a
Lamp_ee400ff58efb09d7.jpg,49121c5f9a891c0c1b631a29b7801bc8937e3c62f05877efd2ee05e0e08b7d33,37cde7e3c3d1dbcc
Lamp_ee6e85eb02d84ea8.jpg,d95b1bc57f1a898519d6b360ce9b71d2b405a9cb69c42e2c3dcea71a6e2454fa,1707071716162606
Lamp_ef09b83edb26a5c6.jpg,ebfdcbe501712cc8d265e7d34cbb3621015f3128aa60ffc0cef2bd51d757f5dd,879d854128603172
Lamp_ef15fd6ddd44c713.jpg,c703fa6a044fd541ad655d54537f7783d804060acf64c7a8f1353f4488283e68,3333331113333333
Lamp_ef1b01100686fa27.jpg,c7838f1318628ed0d90b6f42df7c4f5c8122b37e6f41f3f25c39b6bf6345393b,2f6f5e67e326341f
Lamp_ef98afb03bc086ce.jpg,e95af965a7fc24ddbb81f047006522d01566a1e97eb22b75b99bd7e3ac7b4cd4,064e4dda5b357468
Lamp_f013fd9ea34120e2.jpg,eb3750c97ff3eb8386d17c2cde1020b321f0ba856c93f5c80dbe04aa2f005059,1d4991191b9c4949
Lamp_f03b0e410ddb80f0.jpg,3f5629353af52440eba1b91c03d367a08b8aef3af3100513e31776b1c4161195,df979bd991db4b53
Lamp_f06c56b14a863f79.jpg,53855badb8bd1144f8fb3a5bffbd3697f20bde035444450d47b68aeb86b85bc1,08cdc81363729616
Lamp_f08ad8769c3ecd72.jpg,61b93afb2a511a811623d9060ac7f86a634e14fd6f236037990902f043087949,5d5e534f0f2fd3cf
Lamp_f097089986e10695.jpg,54ae49dafa167129cfdd19d5a4e37eeb6b6784e7114069b4023e3176aa43526c,3368540e1333e0b6
Lamp_f0b984dda1088792.jpg,c2ea513ce072b8826b02964edd8f82aaa83169848542db4ce0526918efd554db,2d4d2d6d3d9fdfcf
Lamp_f0f9ec3fa0b5447c.jpg,a876f550679c733c89077d95e00f5abf1b9a20e3a547b41505657db7a75f439d,4c0f1717179636b3
Lamp_f151e45323bf74f0.jpg,d107a66e475da68313fd6947de11d2d631dbed30d5c5b64eaa8a964b656a308a,26c6c84b5bdf5379
Lamp_f1792c61f66d7a08.jpg,8865cd8479f3db2834068d682faeddbd1e12b20e85e20146a5ad4f50129e1ad5,3f3f5d7d766c7c33
Lamp_f1a6d6b428ab71ca.jpg,bceb83f4abc09e8bf334c59af6c3fb13914b299db00914e63704dadfaa954eee,46478b0b476f498d
Lamp_f25863dff929f3ab.jpg,3459f0174073096bf6eb16b49ba183eac53378e7cb5665b29402a5005dcf9b52,0813232503000500
Lamp_f356262d23aa8387.jpg,65ed9fb895de864656d81b330023b4620e2540d3bacaa86cbc52ce8733093d00,4d4d35311b8b0b0e
Lamp_f37301509eb44e6e.jpg,e003a6c7bde5a38c9ceb71090cffc064f432a5c00ced6bca7a8173d334d83dbf,79f2f9393e17c999
Lamp_f3b2658589408d44.jpg,db771b1f4a051d7b5c63e6efbd3424d9317f1f918a4f3908ff33bb994713f2c8,3030303030303030
Lamp_f3bbe0564d333edc.jpg,004a3d87647f913dc8950e32f97e1dd91c47f929da4996476a26ae0e9ec0b400,06868d9c1c52073c
Lamp_f3f1f09e79dade3e.jpg,2792994df5580cf7b25f02a766d3ed8ae4ae4d0e124d8534132e79c28644045b,0c0c6c730e4d4d2e
Lamp_f42fdc0976221580.jpg,358ffe7af23f10868dbbd1e054a8c0734823da115d1e2c797cbd5d4dc75a09c3,d3c3238363317961
Lamp_f453f596d18d7f68.jpg,8a33271c9a46c620f3fc3c8614f9bf105f0e57fd15d370076f916970c9aa783a,0d2df872323b0b0f
Lamp_f4db9e76af057b4d.jpg,7063258fe255c88b32abefd0013da4af5293c105b6397df7b399e4583ff408d2,70fcb0f0f4f071f0
Lamp_f561e2f8d1c774e3.jpg,183bf8909ed9a865eecad3b38744ec6c00b9e114bade157e5111340fd8c910e0,6242c3d3d3d3c2c8
Lamp_f5764ac01760c135.jpg,5b1e218758299cc383ed98d1a5d23b92c615edfc6e953ce30aa4c9189cd56187,1713136343333336
Lamp_f65d3e0708e5ae08.jpg,ad8d6ae807a72f9d98e1d81b615ffcdba12ea116d8ed1e3aed45e8d4cc2ac18f,3a393b1b1b171b03
Lamp_f68d7cec088d4cd7.jpg,b737883937dc6fcc66766bc69f29dbcb32a6c1766bc789f48a0ca6221dd6e3b2,010153277d2b1c3d
Lamp_f78bf875ca046a2c.jpg,1ec0c1c2583f048567c64c78c411ea3b5091f03ebee620d8e8a92603affb8cc4,c387963233178ac6
Lamp_f7c245a34b08bbfa.jpg,da01e267c6da6e010a032fb2828b79b59b3fd7e25c0bd385b1f65ebc919ada9a,07171313071f1818
Lamp_f7f0015ef3cd3d3a.jpg,087f969c93a73ee04fc4327b17ce913efe909b2f66cd3cdd63356efe90b75613,19190bc3f3c34b5b
Lamp_f8ecd6e35735f727.jpg,7cd3eaadd0151cb749042c2d4867433a7a509dc82bac5a085ddc7b42b74bdee0,230b13171b31b548
Lamp_f9c067bd9907fab1.jpg,e624c4784a992ef0bb9ba61718e97699c2fc68541b2df630d2af0632b4645285,0b1f174707674b9f
Lamp_f9ec731c7437c62c.jpg,3fa945a9f409528afbe0edfe2cfbdf6d5ed1eb8eba962332f47617200b76acd4,0f0f0f0f170f4d4d
Lamp_f9f9da9bc6cc97cd.jpg,7c1990c353ed080a67f89a7672667e2526168b111b101ae0b5ca71e8bff742b5,3f4f67cf9bb70fbf
Lamp_fb54b83a1d302f0c.jpg,da13f8d989ea2c998ec5af0a5e7341259a5b6b64bd7338e5811007052378a3af,3739f9f1f96364c9
Lamp_fb6c9303f7d6b275.jpg,8336afb42a9ee139aeca8b06b201c4a47b238ebef82886b589cf3af550c53603,040d388683c38787
Lamp_fbde181e6a6bf2a6.jpg,0d1184635fa00ef2a2e06abc60fa843cc45552779da2dedb4b56ed42b5836ce3,3f2f3f9f3f1f1d2f
Lamp_fbe552bf713f0854.jpg,d678adb05594dda1c8f36472eabcde5ba924419e24c9d8f49b6771a48f4ea20e,0f0f1f2724a4b476
Lamp_fc399f6c4253238f.jpg,0cdde14c0fca0484d15765b90ac1a95970d9d0ce8349dcec9d79cb4400dadf3b,03074d731b97e3d9
Lamp_fe30a07d9b8107cc.jpg,d0d9b3c2f8601a6bb46675a8f97ac54fd2b4b1fd57c646c0b0b6e620d09c5b1e,1b3b39090b31393d
Lamp_fe8896e42ccb9bb9.jpg,4f27bc71b86e856749206f90bea11127b4fedee2568d36e7e70f0e054a8f738c,33355565e6d79584
Lamp_ff4034a6bd5d009d.jpg,3493d19072ef547f7ad43765909fc95901754085cc235bafdbeabe43fdbba66e,0f0e0f4fe1c36963
Light_bulb_00004c0084725c43.jpg,97ca83dd4bf2d3d66e2134793f559c6fc37fbe187b468e50807af486e7f06c28,63694d6969690f0f
Light_bulb_0004d295cfb46842.jpg,26a7ff618b97e1fa25eb8e2147b0b10eebbc30b68b1fc201ec22814db4934fff,c7eecdcdc91a1e3b
Light_bulb_00074ae73610a804.jpg,82646f45f80b88e0fc3229186125f0e9165dd180b0dcbc9d42a67c05dad74c90,26163a6654661292
Light_bulb_000999c5837b0342.jpg,ddc0bb957fa4f484f847bfa501f9a712dd445a740f21be510de42efd4378d60f,084ccf4c0c09494d
Light_bulb_00198353ef684011.jpg,943c27d32abc436074edf4157166318613a9097cdc07532470a6bab230467fa5,efa717363d6b3bb3
Light_bulb_001ae5e9e1c9ab0d.jpg,c69fee5ac30aa8f99794e1b96358102d0c31dd19ce9eea828b9c03aeb9af1e24,1b96276b0395f407
Light_bulb_005107c412d0d9b9.jpg,1be164a2bbdb0e1afcfc58bdb561d0c6fc043ad9a8faa563e3bb22fcbbbfa940,c753e64bcbb79717
Light_bulb_00793d4993c9069d.jpg,4677a2a8137a2905d14c4b00d214649e1fc0243128799b79021e499e63d71443,e5654d4d0d0f4f63
Light_bulb_0091b51e01c09b88.jpg,14b1ea09b70eb7b625a23714e993a93500e477e90f991f1db360267c1e1be503,3fd7cf6f3f3b5f5e
Light_bulb_0096aacbcc68de5a.jpg,deaa26775c7e0647223081fe25fbdfe6d23e57fd35bf71fb0de80ee14e742b66,c4dfcfdfcaebedcb
Light_bulb_00fcb1f9b60c9378.jpg,375d0af10fc609cf413dbdd8a07754fe282917b6b1b6ce18aacd093705145700,193909879636171f
Light_bulb_0153f470d9828700.jpg,74e09832bf9db25f73ce6d2d5028286ef40ac7bfd94096de6203cf692e6dee65,310bce070f8f8e61
Light_bulb_0155d892a7a6b137.jpg,b5016a034f5c398b35c62ddf25f6657762a477e795a6de69688dec13009360c8,39393a5b7dda7834
Light_bulb_017de60c44dc62a9.jpg,1f7b78eda25cf94f046046b240f2de5d2686e58b6b5ed6726e55077bf286d6af,0c030b0f0f0d0506
Light_bulb_017e96deea30181e.jpg,509110c2858b7b0a24d1a6cff70d1d974eb6cf23174046f9f5be323f00d0838f,d9ea6a4286e66672
Light_bulb_01af18a8a96a6535.jpg,f66937309f2b4df7450b93e5f8dcf84b10a1598ee120b4a6c74787ad6a7e1c06,322eadc31b3cb496
Light_bulb_01cd269e91412679.jpg,beca97e1af16a46cbf0ead1fce0ad2f2db7d9c420d54fd37c105d98ec5f48ab1,171b1f1d7f3f3f9f
Light_bulb_01f2e573482c5b84.jpg,d41635959b3b5e41750f3c7eb5e972b48869f8a047012a1a05726402a266b60e,840727363d2736c8
Light_bulb_0205d4cf4f4373ae.jpg,3dd3f95067ede268da8f645de34d8f6adedf1e0198dbbe9fcc5747e8bbd0af9e,a0189818e8949e0e
Light_bulb_02ae375292d803e7.jpg,bc469d30e5a40164bad26749263694538cf9e6fd8bde61b06a64fda459def73f,15860b1f0f2593a3
Light_bulb_03f81f7966fefe92.jpg,49fc2b35ccc7960e17876ace725db7484e4591657444357a4abc10b7bd1d8836,37bc4b6b69df4f2b
Light_bulb_04744f67ede3a4ad.jpg,0990829dfedbabb9a36238b2ca157c545f5c90cb1855144b4cbbbcc956fe89c3,044e968f4d0d1646
Light_bulb_04c57e2501b39f8a.jpg,0b362f3d1eb267e76e81cb95844f22591d39ad45c1acb22b4254284aa67c7ea8,8a87d0d181a46445
Light_bulb_04c8febd36564660.jpg,9bf92aed66acc2cda9f7046236c6676d7a815c418a500f7ceb8c692ee0ffdd7e,27a7c64736375673
Light_bulb_052119eff9957d43.jpg,4ecc1fbf744208e5d77dfb1d050ee60ec464e13673ab5ff594a64da14ccd4c5e,2407133236763838
Light_bulb_0595e554a2b5d1da.jpg,31750473b576fa506ee4b0ee1ae2dbae1d56f876d10be0a562578c5a1df5cf47,0001051b07063304
Light_bulb_05ae15a39f9abee5.jpg,ca62ccdfc727e0c43932459532bcd72c9d36ad6517c3e98ab5428674e5f9081c,e0a899c9d0d84800
Light_bulb_05df30ce7b9ca769.jpg,8553e28757ec33c5edb93db1473beb3854b8f93f22f50e573037e441748aed9e,1860616597656507
Light_bulb_0627f11fa9b960c3.jpg,e0f6cdd75d9f1ab449b5403f3195bdd9ab3dfe93cc113c95f3c3c9616ea29660,1b1b19191b1f1f1d
Light_bulb_07c9fb1d8b3db94b.jpg,b190bc362f1014098773d6d2aa3133d1c38b34344eaf3b672ec2e43aa92f4429,0b24dccea4b0f20d
Light_bulb_07e35f526a21743c.jpg,63996682f62cec8dbcd30efb4aeb73cc926b5123db7a39c332056dfebf73e6d2,0707070f0f704d69
Light_bulb_07e656ef643563a9.jpg,4aca69aa252054bb90e3c9951d212a67441a505561a5eaa25c39c17283d846fc,e4e46426363652db
Light_bulb_0856a22b69f695c6.jpg,97d057f9f3aeda43ad4df79ecc95a13ea93e72454d0582498d2665be7882f8fb,a1c3313131351d07
Light_bulb_096f1393d9381139.jpg,f2a517522953dec0878f763b45ef39e71a83f4a8de9e9be37a7bd39c17b67a32,0e96960e16160f4d
Light_bulb_0a0e456f16813329.jpg,26c8404cf5cfab35d163ccd52a3e15df23b2187feba6c76175027c2b5d0773d8,2bb99986a7e7367e
Light_bulb_0a0ea28b9d5ec631.jpg,2fc7ed49d482d1b33f77ca5bff51f82b9bba143b9732aa90642ed51cc73c77d4,059a1b9d86460725
Light_bulb_0a1ae29803bb8251.jpg,957e189722ee2fe49804c57dc2d42834a62f0677fdfd591f4584f0bc314e26ae,0e0f0f0f07160a14
Light_bulb_0a7ec519c7b0dc16.jpg,3074ffc1d2e0a6985b88f4f46506dfd0d76f3d94b307cdbbc45eeb1438053736,d99c59c12539882c
Light_bulb_0a8591e778d5bd3c.jpg,1baab87856aefad3602210d8a820671afd1de003e88bdc826e01141c433b7c2f,4db2aa6f9552528d
Light_bulb_0d2d98576607e6aa.jpg,c0d65287e0aa10658c9d880c4973262a13175090d762611eb26fae4c2e1e59b5,0f070f061e4f2bc6
Light_bulb_0d5bdc4e44d638e8.jpg,c39d221bb20c5276706539f2e8abe3c305e95025dbfe3837d6dc9499942ead07,2f2f3e3f25652515
Light_bulb_0d66dfe814f1b830.jpg,47923ee6e60fdbf36362d743da1401f486047f10fd2197b13cbd86fa7634c836,69736468617373e3
Light_bulb_0d973c490566f477.jpg,f6311dd675e04a5dee2d3f810ddeb87d29c06aa782dab935eee0ccbed1c3f526,cb2c260787843022
Light_bulb_0dff374334821678.jpg,b0f57f468b67b287cf17d31571374b8f1e062cedee89a2ee4f6720bb63cb752d,071707331716f383
Light_bulb_0e47fe0688ab185f.jpg,7e97038525b73c95638f6b7c7d2427b73cc3a30939d9fb1a20aaded624654c5e,0b31312921478333
Light_bulb_0efb89eec8e384bf.jpg,68b330febf529131b7165e4cbdde6b49b0d6a3e35b2e3d472dbf3d2ab3beb060,0e8e0f0f0f0f0410
Light_bulb_0f764725a417793d.jpg,194a2863edeef59e079ae5f6e9de96335a5ae9d859e52b909d8cdc8be0a635d1,35cd8c8e8f8f9eb8
Light_bulb_1057a352fa30b5e9.jpg,27d15559b01cb2cf6f23ba0925349cff523b52f1a4bcb1d70cd08c701b802440,c3819991119b3333
Light_bulb_10b0c981085025b8.jpg,4e44ff01b76477041ba2ca57d99b8a525965cdf829c6f43796b061d95737a808,0430329080003030
Light_bulb_10d6ee3729265094.jpg,ccf27193022bb8870de47f92741834e844753c6c1f372dbe25f61138083e5535,0a270f4b0b030712
Light_bulb_119a7a36f956bbde.jpg,9c8e56bfdcec421518fda46ee276d16857c42a4ca1d9b754c478cfb5ef24eb6f,93a3036523e38265
Light_bulb_11fccf36a9f371b6.jpg,8d45461202c05c6f39f8a92e0d8bca968f401c0ec0a9de67d100b3bae6eae057,8c17132323316336
Light_bulb_1304fbd346c2b4b7.jpg,d444148a07358875764d0b6a3c00c82cb389aaa07b5e56dc2ec58873564674d6,170e4b0b0b220307
Light_bulb_132feac67d3808c5.jpg,f5e11d2f97a506c7618a8d00b3980c47b4b0eb88e217ded5a80a8c550f87c4c5,0f0d2b6b7b270000
Light_bulb_1339f430d274dfbc.jpg,16eed8870f287e3504dd67449ddc14d579c6e52a1140a2fd0d99b8af05b75d3d,ff7bfdadefa79d9d
Light_bulb_1438cd3e5b7368cc.jpg,f7b4d01bb96aecdd6b974649f5f4ebb735c8867786937856543e52eb6fac8120,6266861696b884c9
Light_bulb_14880ac858b1ea88.jpg,a1ccc9481d66cd6f9dff7e2385d292e6e780f4ae184ec60186884615300a2987,0707270607070707
Light_bulb_15e16604d8379707.jpg,86a3c3244bf30a478a767ac3bb3f015939e5989b2b9ea66be3cfbbf3e87e3365,4d0c0e0e0f0f1f0f
Light_bulb_166402add116b153.jpg,76ee848b7c13c81f6a3cc9bf9e37a7797a12e766416b7466af2b58d1dbc2f1c1,a7e59597b3337f7d
Light_bulb_178deeb686b0e73f.jpg,0be8aa9da88e08281ba226a767eed8b731af1b397ab592b0f3b67ad12b5566f8,2027039131383082
Light_bulb_18d0c9d04c1a3639.jpg,b24549a8dcb35b7ef0bf9c41a4a32299b966a0e199421d46a75c7a9bb6bd15b3,0b0d8989c9c18083
Light_bulb_19224be5672b92a2.jpg,36a3ba7c2d4bfce490ec5018558991e49f3ad1e1b6df1ab75ecc7de4c8f29919,ebcf8f0f0fbfcf7f
Light_bulb_1a4e6c54f9de118e.jpg,812fca2cd568f05368a01bfb5810c81e8dfc7dcf727b83b5ca00b93b9823c807,b8744896161f1b3b
Light_bulb_1aa313b76658b4a7.jpg,86b5af72793d3e49216f71534a09883a18d9d50f28ae1796df31c6fa5ae39da0,191a1a104a4dc78b
Light_bulb_1c3a416478b7e21b.jpg,733a079eb0b77371d9e0a637725678e9cf9feb048991002c4b765ebbcde9b607,4c9dbe0ea50d0c0d
Light_bulb_1cdb4ebe7a7e1e6e.jpg,de37c187cc4c4fc5a07631bbb8aebfc41a61ec6f1b876e9fe77eb72676e6886d,ba7a4a4e4e4ece8a
Light_bulb_1d0fa32d24a39fc2.jpg,ece4d2174202ce018b7a69879028b223afa69bc3a35c642377f19eda99b2b6c0,18529b3b93999999
Light_bulb_1e178ee3f8790d0b.jpg,cfc5993d2d995c012cd75a373b47c13476203013d26ddfc9244329c461cefdf9,9e27271f0e000e00
Light_bulb_1e286600fc5e98da.jpg,3da3f1d636ea185a83d9e72326ff259518f74ecff662a3670ac89c0a3ab7467d,4f9e8e8e96152931
Light_bulb_1ef05877df56fbc2.jpg,3ca0057577f8c06c82c4ae85481de9e33fa277fe685bec9d8b53395b6f24210e,460f0f330f0f0e0f
Light_bulb_1f5e50ae0f1df1d6.jpg,6e64d4839e0b899e0a8ef098a38f6af659b0e619239fdf70f5928d40f7e18259,25a743e2e9e37e5c
Light_bulb_1ff50431a97e5ebe.jpg,ed0604cc5bdf89354120bd6fed4c3d345befa5b7f9d4b558c5c5e31f87625555,043a2d2e23230320
Light_bulb_20f64228b3528e37.jpg,1cc9ba04e12e894893583a524cb5f4f4e8002ee431139f51f7edb1cc9887b033,4e26060735191b1f
Light_bulb_216729953a17ead4.jpg,7e9909414a9e2985d31c21bdeba98d0fa6de7645480ef259567ae78de6fa014c,1d87070fccccccac
Light_bulb_2257aa7059acf8a0.jpg,f0ebbf879e301165612f85481e052a48aa0c41c1f52eb3252100524ab521943c,0f0f17170f0f0fa7
Light_bulb_228e624e58d6c2bf.jpg,a5ba0cea6534652e3d40220434f0f148a8127d1c005472e0be38d2970e573969,0fcecccc69699428
Light_bulb_2316479ac7ddcac0.jpg,c75dd413c5c206235917211aa1d22b613627c21efe66c493b78082202ec453a3,9f1f1f274f9e3622
Light_bulb_24408719fc017baf.jpg,ccfa58ac0a1790e0b633aad4df31a1b6e464d44f79b8d0a8dd50e171eb123957,bebcbc7b5f57597c
Light_bulb_24e6bf413f2a985b.jpg,557909ed10c49b6284c377d6ed25416b6a9a9fecba73b89e3313b2d885dd69cf,e0cc0e0f0fb20600
Light_bulb_250f3637fcec9915.jpg,d75ace7e203bd5dea70a0e87600c56014f6d9fed98fc3395c870c8156913a8a2,e0cce8692830b2b2
Light_bulb_25b22e41861756d0.jpg,c4e75f86ca40340bbcc2ae4d007252ddc36d374307cdf1232087ef6bead66c38,f353db5f1d1d0f9a
Light_bulb_25c4e52899a343c6.jpg,2bf69df1bc7106a5f231e75bff73d3b3c430b5289ab2af5fab896b595f7dc325,0d962b2a8e0d4d0d
Light_bulb_25d64320037a86ab.jpg,7840be6d496c47290b4e91573112b30880515aa38c6424cbee98e4f4616121cb,1c8f8484c0c1c1c1
Light_bulb_26376597e9915a62.jpg,d7cc90261c9f479b40bf7b3274b59802cc22e14f96f10559a4a7fc11f9b57749,c83539b30f4f7eb3
Light_bulb_2801f7ba24327fc4.jpg,24fdd60d6eb61802a690639ff21d7210a5ca54ba7a5dcf4dadd9a17ef6b9e41e,3436332921238707
Light_bulb_281bab64256c05a8.jpg,2e0b9870c6dbf1098b14776a4d59796a934840fb10dda8d4876a89a3fe0a88ab,030303036110033c
Light_bulb_28e4c4e6c00352a3.jpg,2de0fdd8a8928ebe83345620bdebf986f92c5b29a02188127763e67967518025,0f0f1f1f070fcf60
Light_bulb_28ee9221a4c6c416.jpg,51a24bb7def804fa1b4454d4f689bf0171286acfced2af025bf6b0d7c5ea7b36,4bb97c7cf8f0c06f
Light_bulb_2963b317ecdfdfc7.jpg,ab2998f6c456512a628d06cc78fdecf6d820299b9b987d950bee1882680ccac9,3b22230323232303
Light_bulb_2b75e7791b5dcef7.jpg,1af2b6a3c5b1c383ef7ad0e39e2ec9a94c5164633bb67a3e10a77792e298f059,0b07333333171757
Light_bulb_2cfb86e58b4a4016.jpg,431baa51ce23ceabe268fa5773b0065683d2914dd3752f0e735ef6d01b78809e,971327330f8e250e
Light_bulb_2d16e5fdbb32b847.jpg,da378a431f8e6f07b5179bd73445c8b2694b5d0149822a6c0facc69c64b0a896,97939e4dc94f6f47
Light_bulb_2e2b6e92da4e691f.jpg,cfeaee6db87b90e0ce0d394ac0058b1290c591f93357b7761bf5dafef42751e9,1f170f0f0f0f0f0f
Light_bulb_2e5d709af882e978.jpg,48ca0c098bcba6655b1cc2c9f9ef18492e510a7f31297da4ab3001ab0f790d69,020d0d86030f8e60
Light_bulb_302f1013de338780.jpg,24645f0e9d0a156df326c89e1d97398de0f678b7dd4d1b1638f24ac63f0a8587,681496864e462419
Light_bulb_30b5af797cdf0bee.jpg,8c94cda80b79e77855fa1ff829f649170acc94a12d282f371f645057fba01366,4f0f0f8f0f0f9393
Light_bulb_326c3c5e59cc3b26.jpg,d6682aef9cab98486bacb22cfdb4a40579824f533e1067b2bb1cdf187639fd79,0f0e960b0f07070e
Light_bulb_32a89b9d66c0c4fa.jpg,f7af04f69e4529394c2b0e38c8d1101fb3723995b8e3c317bb87dd5cc49c049a,068a0d0d2c3c3121
Light_bulb_32dcb98de72bed0e.jpg,3e399cc33566f2c346708b2552610bae871fe17d683f0a7cd2470fa56c5f5eb8,1c8e0f0f0f0e8e4c
Light_bulb_332366f345709ce8.jpg,783ebbf0336877458b6e733b209579e1b40734e78a61e69b65226d00a1f81367,030f0f0f1f0f0f1f
Light_bulb_33a32d1a7bf40e36.jpg,9622a345097ad7ace64fc00d2dd51531d8e63948ef98aebb84353a23b39ed0c4,71e14d494d0f0f0f
Light_bulb_3460bb762e27d064.jpg,5fb5a279ff8a3cda9d0307c52b575fe66edbf37f7a1ef71db9f503d0af59b9c1,0f0f1f1f0f0f0f2f
Light_bulb_35999cd45c1e30dc.jpg,15827dce06d568dc2970cb264a8dbab8568bcec28bdc8addd06016809f25fdc5,1f2733f2130fcc7c
Light_bulb_3634ae21fc335233.jpg,bc4caf8c0e42852ca719ae06c19e76dfaed6b99a4b0d046bb2c87668bc281945,8e8e8e8e8e8e8e8e
Light_bulb_369a61cb0443c769.jpg,f9ad5e59c29496edf16dc7f0edef24d6619e30796f29e1d5024d3fb6f205006f,2f2636674f2f1d1b
Light_bulb_389b88fdd08d6815.jpg,8a5507daa0cd88ca09d9e1ec9d9256c75ae6099636090091a845a7c5bac2e165,0f0f133333135153
Light_bulb_38d677716152b4a8.jpg,16123280b9688d936c2e290b25cd645821c5165b4d30c9816bf89be04821e87c,944c64330b805245
Light_bulb_3bbf5bbcbd1512c3.jpg,86b8e2315dfbc8b6ba71c5905fb0a5291f1a68d57285b2f03ddc881cb4f40f8b,c4d4cdcdc4c4cacd
Light_bulb_3e128c3f94ca4846.jpg,7859eb8a35ded51ecbfc0de34c8caa9dc3602f97c58e3f6af8f15aa4cddc04e0,301f2e3d180a2f1d
Light_bulb_3ea4dd325cc6567b.jpg,e8993ae69e4a81dc636d1e3c0868a0ca34d7764fa2b274dcd7dd026c09810309,c3c3c38f7f6f7f3f
Light_bulb_3fcf24a06e61d9f3.jpg,47d99de6fbfab571c0e98a185ee960b89b82a06ab0b70df34fd04cfdb6f3552a,44acadcd930f2f1c
Light_bulb_3fe05835c27a7eed.jpg,f80dcc578b70810a2d5ca8b7ca0f284d800cdfd72268010ddb29ad28bf852f21,9990250913131209
Light_bulb_43fb7b3f9c048bf3.jpg,64ec452cdfe4e75a8c67f30bef8561a9fb533399d8bb9de4b8dfe0023a7e0de0,1696163636625a8d
Light_bulb_43fdd21ad2ae8996.jpg,e50f41887b3ddc15ef0d51d1f0d9e411420bf614a3273f431bccb74477d74799,0070c4f068606000
Light_bulb_48d486b76015df90.jpg,37a4a025a54ca2443c2780648560657dd5d921c0fb81c97024b5e9999f77beea,1c3c3e0e248c8c2c
Light_bulb_48e3eec4f54283dd.jpg,1cb831b8595a8be4d48507026bb0196aade83c264289cdad0e43d08942bc6fb7,864765c5fbb595d9
Light_bulb_49cc6bb5a11f7dd6.jpg,50740b4f1716c0b951248cce53dd69140fc356ba198a52bf783b39d1fd2e82e2,2767672f3f3f1f1f
Light_bulb_4a1a389efb058766.jpg,09ef6f10f5d4c0fbeadc706eb7a19d04f6e770bb65942dfe154108ac149de5c6,0fc7711c06470666
Light_bulb_4ac3f8d7d24fe552.jpg,e8095ef9bdb9a7bfb72102d0eb4888b09052f9ad093e85151ca48988ccf5e15c,361f5f37a72fcfcf
Light_bulb_4c5276b42d30440f.jpg,ef12d10e3d178843c46b0ff9451365f2d726963b781167a9e225859bfdf63f71,68d89c2c89c2a093
Light_bulb_4d5fe3a05e9f1ed3.jpg,e26093c81dbcfe749385f6e61d54727c4f884e2a91bc2aed7bca9090bbdf054b,9ce6d95c1c9f9d1d
Light_bulb_4ed02ad6b21a9dc5.jpg,ab32a612d2c43d2b39a06d436bed3a6896666f8be5986801cec9c42111a4106a,67c78f87c7c7cf8f
Light_bulb_4f1a40a4aa09f879.jpg,7485defbd8d7b7b18a43e3df57fc42729c6987c4a1c6f3f9cddb6c987763320e,aa868e8e8e8ef2f2
Light_bulb_5007714003e11310.jpg,9ed53f8e139b2f7ba0bfedee62621d112b2b71cdad390ecdad017a8f7647836f,e656631999999a44
Light_bulb_5084f9d683f35e13.jpg,14fd743c1d10c70486c745eb4f4784e5de6b0f83abec67e4413b1f611d3e47da,59569618b5b2b617
Light_bulb_50d972eba8432a47.jpg,942d99f94506a629a3d817b5ecb86b5e7d2b521cf9c9a97ea333ab7d2b47239a,4c4c0d9d4d4d4d4d
Light_bulb_5486663281510b26.jpg,0966e38750e500972dedc154d818f9692ff52248a4426a30b03d9d27b713c0f8,6133130f0f170717
Light_bulb_54bb0044b2afe1b1.jpg,cb4538388f6e161ec898163a95c9fff3e60db3ef30ccd98536a4a846a110ac1f,0f8f4f4e0e262404
Light_bulb_55912abfc7922ef3.jpg,62f859ff2499289842490252b66f478703bab25a00bfe0cee59179357e621a06,3f3f3f3f6f3f3f1f
Light_bulb_5620234c7dad7441.jpg,09d79630500ad080081b2a264e7f1594924a8d1bee47e201f3bc13b06fad16b8,9c261ecd6f1f0f0f
Light_bulb_5759f7ef538aeedc.jpg,89086956efb5a81d02becccd89d01b5eb19b636fb8f43f22a7b228abe5a8fbc0,40991d6d2d6c2c2c
Light_bulb_594dc7d146104456.jpg,1b8457001a530b142c79b7b1bc4bb46e9cbad41ff6587fce69032ba046c85833,12598ccc6172b230
Light_bulb_5b1dc6f3befc43f0.jpg,7d72ae98ce277bd94c9213729ad5fcdd577295d2eb844f0cdfe673abd2032bd2,b2b2b2b232323212
Light_bulb_5de504dbc5ef56fe.jpg,2618d827ac2aaba73b94806685f3163e1ff195ee69028b347661b4e0c711a249,48d46633191159fc
Light_bulb_5e3558527870c001.jpg,6ee9f6fea3f1ae168feba71582df86084539072d956b9798cccf781eefe709d3,0d0f073732e4840c
Light_bulb_61c7156b1f79f181.jpg,f8220fb57467e622cee7752c0da91cbaff1609623fdef2e63f4fe3685bdeae07,8d1d2616934b0702
Light_bulb_62dd9d148fff5a58.jpg,38e35191a2d11b19f21ddbe8b44e9f6d1d21691fe5f485efb546b14862fee67f,094d8f8f8f9f4a0a
Light_bulb_62e78039e2511c10.jpg,57e7e468ec918f8a9a1c8a9ce4d1364582add591b6b3b4fa386bb1a511b5add2,7eb73f2627f3b3a9
Light_bulb_635e157009e69d8b.jpg,47e18e92a89a9b3eb584ea193250e93020afc37d164a9adfb4565e354c4c6de7,170e0e0703070303
Light_bulb_638d6188c49e8bef.jpg,bb96d89d9466d47621894241622a2c10538a74da6ca9705d412aad758191c0eb,0f070d1c9eddc517
Light_bulb_64265d5c863e5f2a.jpg,a0790feb285fdc48b84348ddf982008676572612d6bf005b3c76019a06a7f410,292d0f1313333337
Light_bulb_6829279c9b94ec96.jpg,286309c4670c26aa0795b389c014374b1204716009bd5442e8d16dd3589ec09a,0c0a0a0c05070303
Light_bulb_68622673a00b033d.jpg,8e8a6b7fb3684769c60cb756ea2951640e5727a538bfa25f278fd69065bb0d0f,078fcffeee66175b
Light_bulb_694a6dbc0537ec33.jpg,b9a0887ab528b027f545be12f6dbc42899d7bde5ae5ca87b5f017bc733361781,866ef498f9c969b2
Light_bulb_6a0f2f378917defe.jpg,a57a3ed53457ac383d62d772732c8c8c4c6946b422d15bc9c0ca44008a7fd1dd,161f3b33331f3ebe
Light_bulb_6ae601626aea0d3b.jpg,f5d346cdbfac7ffa291536c3fd1f552962ac092e3b59d7423dd1e21b7c00da44,1e0b4d4d2b328e4d
Light_bulb_6b2400cbc50900d4.jpg,401f1614623cb407bffb98e73433f564c2328cb7532259e532b0c881b220cc7f,9cee4f1715b2321c
Light_bulb_6bbbe22c1321f790.jpg,3318da50cd35e2fb0786b752687d8c049a5ec9d7699d3f4f529b330153b43ddc,c99978764766756d
Light_bulb_6bedcc765ac2b7d6.jpg,1bc9a24757a351df28be33001dd233d0241aea2d2f66175a5d67744a96b43612,1f1f3f3f3f4f5f9d
Light_bulb_70135f84a65cc29b.jpg,f86d24934bcd0b0011bb6c50835992370d1d0c02c78d07f376f7893c48b625ea,1b8dcd9e968aa282
Light_bulb_701b741c56d1a3eb.jpg,feecd0c0bb07e889d0bccd862ee141c0a292e8a55ca4da778f49b6b9985cd1e5,0f0f0f0f8e0f6004
Light_bulb_72bb2470acfbd976.jpg,d52e7d87dea70628b6613e814419ab98fcc861ea0b9c96dab44654787ebe7801,276154dacf8f8f0f
Light_bulb_73346d4760e18d61.jpg,80f7a8881a33bf563630c475e0b1d6de62808f7e952449355ec721d6e95a26a9,7f6f6f0d0f030f5c
Light_bulb_74295d711860bf06.jpg,f921ea807996a384d070b8c81214cc6f8b0e17c0977306f27a4c13cde0dc7e0d,270747062585da65
Light_bulb_7c6811eb3ab65b44.jpg,590058ae03da1d8f7375f969f97c76eda5314e5bed15e5d2259c976c43351f01,2e3e2c266e561e28
Light_bulb_7cb5ebe497c04290.jpg,262c1587603f862cde8046219d2c614576e4482b0409e5138c8ddae75d8e43b9,818d0f0f0f0f0707
Light_bulb_800b908f96a7ee87.jpg,8dc1a7c07436554f7571d56d704e5e41546c3cf1ca8f5c602868b9c4495d280d,0f0f0f4f0f0f1f0f
Light_bulb_806761c58d65c83e.jpg,e0370cecdabee43689334b6f9389ff0e4e8322ffdea994a241cc05f60267f86d,b1c76c66cfd9f58f
Light_bulb_822e9d3b23fc869f.jpg,4204e91b897c38cffeead426284194b477a7db124b69cc43be555a9fb33e5901,1b1b0607051b1635
Light_bulb_82315dc9dab01877.jpg,7e01edbf860cba8f882767df87afe8c2c6a74372c54e94b4543769f95ff190f8,2d4d4d4d2d2d0d04
Light_bulb_830e3c606662ba48.jpg,df4f57506bdc05f02a9e5bef98c4794869e1ba033983791a4876ced941d20eb4,070f0f1f1f1d3c3d
Light_bulb_84d7f446b2e61856.jpg,37432b6aa6f36ff0378291ec540f4c63de5d08957f1ca0243b055a3ea8ee7495,181f37270f0e3600
Light_bulb_87e841f4d1d41709.jpg,9273d61b35c7a188a8f1b39390dc921c65bab50c648792d7e591e5e3e32c97e9,2f6d2723672f3373
Light_bulb_898e4cf222156837.jpg,7af5608a58c9338300bb166434ed53131d30865f27015dfa38784ea3461a4e80,869eae969a9abe96
Light_bulb_8b15a63552c3b878.jpg,04e11ce3d3ebf4a9043fd388b33c9b414f75a0be81af8afb69bb3aaf1e0f7649,c3cb641d9f830dce
Light_bulb_8bf17c86922afa4e.jpg,08fa04bb57cf3bfb03f8ce25aff305e09a5b2fa341e4dd72ef4df35ad0d18cbb,07069b0e5b191d52
Light_bulb_8c3e6d3a3dbcff0e.jpg,4e6e6ca9a9e085f9a06471b976dad0667d0b1764bc4a2dd3497f3ae7cb6c5cb4,7f3f3b33f3313434
Light_bulb_8de91acfdcbe6c48.jpg,4bd04334b0f0799734557c59424f0a26b34bdee1699b5f50644ab590593ece0b,62542a54542a5462
Light_bulb_8e3735d20c5b4b00.jpg,8d3887177c043cdd9458cb15f9871d5174e9d4724f232024c5e91f163a42669d,0c0c0a3e3c3e3737
Light_bulb_915487e30cdde4e6.jpg,6507073c0fc99182575d2c44c849af84f5d9840881533d75ffa84e7ad7d5e37d,2626b50d4fd71616
Light_bulb_94e9a212e4136888.jpg,85ec6786e7edf5de1d6431dc62d3cda830d7fb215f0a40aa57743283478ced6b,2c5c1c5c3c3e0404
Light_bulb_95490a8c19827b60.jpg,233d81b34eca397cde741a1db71eb97d2019bcfa3772f9ffb12a38c10c3632ed,085646ce6622b6cc
Light_bulb_9743759da46beb27.jpg,f1f53e43eb75b4efc5db9bb53bd20e654ec8f72d316e833dd53bafb2b919f7de,3f4e466eee6e7e1a
Light_bulb_99b6866a4bcc327f.jpg,7240ca318dfa338701ce35a32db5072135f420c51c10d16eb35ef200cbaf4a24,27331337974f3f3f
Light_bulb_9b932ec5b61c6218.jpg,1c61f3a71129f612319af049a229f6634565f620aef560baa38fdcfafe37eb52,d21313ac2f326b6b
Light_bulb_9e2b3a3613ee3b07.jpg,8ed44cd2880a011d936c33532b746ff73c4f0b278eb1ee0228fa3d0659c7a987,3769d8f070303170
Light_bulb_9e92ef81091719fe.jpg,e52ebe31604cc022583f2e29b52cbb9e3908a9824dfe45fbdc35f9d00de9e3f5,3371d98d875f0f2f
Light_bulb_a028c2829341eb1a.jpg,5b6e46bec54eb79548a6c1f5d87fc52f54925f07128efc8aae5ab3a7f93af73a,27270e0f4e4c4808
Light_bulb_a091e2b31702aee0.jpg,08188d269be72ea25e38e7af69fbcb82ee7a04c5096c1e4118367d362c923ba5,5a24a5d95c274b2e
Light_bulb_a1efbab1f9a317f6.jpg,82e3b947788e6d8ea6f2a46e3d6e7289dcbdcdee16eefb0e96812fe0be78eefd,5b721a9f9f9adea7
Light_bulb_a1f9f6dccd18f908.jpg,adb91c1b6961307f03ceb986d34d2190a6e1c1e5ca0b2b0095fe46b850e510ad,0b1a726edcf07871
Light_bulb_a2b37ec1ef3edfb4.jpg,10dd3b973b16027646e885549db3e0d7f4c824ed4d9f19dbb9841904510ac238,0804084d4e4e0d10
Light_bulb_a48b6c39170e24b8.jpg,3e3e1a51a039da690f137647831e04c252e31eb910053fe3e770e2e18c66b449,0f07070e303c4ccc
Light_bulb_a5fa4b916e1a5ce8.jpg,aec006d5b3278696983d7d6077168c4c2a3817d039e8ef98ea10a85ceec7c9e7,316e6e4f4f7f5c5d
Light_bulb_a67428f3ddfdbd6c.jpg,3af6ffd49f49e81d6ff6f69e25cad54f402b0fa0fa75785124b5ad7d1ea658d0,b2252d370b3737c9
Light_bulb_a6e9d399bc448761.jpg,751d764635848d2ad47bf1626600e367fdc72c623aceecec3a19485efaec96a9,4787371b8d0d0f06
Light_bulb_a8616e793214215a.jpg,297824ad525929b0401c53231544ad974df53a65afe230e554b5551f37960ac5,429b989b9b534b1d
Light_bulb_aa3b2ff113e79e54.jpg,6480cbe6ebc2e0dd4f011014ce4dc4b30fb5edb6d9aa3a6c32551f87270e912e,0f0f0f0d0f0d0f22
Light_bulb_acfc132b52ac69f5.jpg,fdef6700609bca2195f33cca294549afded90bba21115d4d87b17cad0dde8e1b,96332bab8e0e4d4d
Light_bulb_ad6f1a3bafdbef35.jpg,27ab5489b846d687fbb6a8b6e8e2c7057dedfeec548bfa7420f97333862566c2,17170f4e33331733
Light_bulb_ae1f40d3633ee88d.jpg,3f70b991ccaa950f4d128e07b85a74d54808876b08f1a8316bc42aef73473f30,343b5d3d1e8b610e
Light_bulb_ae2e84fcea6c45ed.jpg,65017fa0991fcf71071658683da30a5445359ed528710f4958ba2623081d8412,1b09445e33140e1e
Light_bulb_afdc486ae8a9a3f5.jpg,6a089d5f8afe4392745c344b374e575024f3bcc9641b10ee6ef352730b955435,fffabeb6363e3f6f
Light_bulb_b04945eabccaaedf.jpg,bfc561f807f68aeb7d45fb62b2585a3f4f6b5a4cd44e8ac13e03b3b177d8970d,d5cd8eb6b8494d08
Light_bulb_b05edb0c5babda45.jpg,c7e7c32e30a18c0de804f3da2bdb200b6d2d5c35bc6e2628e8d5ce4d3851c4d0,e1db9d8d86e6f8f8
Light_bulb_b0b30560f3d86314.jpg,2f6ad9efe656bb7633ae57cb998b6cdce11b8a97f7dd931799a89f58e066d000,f8d03c3bb3432d3f
Light_bulb_b0d5192c1ba3b760.jpg,244e17ec56db64d0c47131391387afce5f64fc74847f92584969570d62956d5d,2054158b94a8a8fc
Light_bulb_b130f700e56e72bf.jpg,3bd16be4f16dfefcd9884f56d67f53f25249638451d4529326649b09832d2d64,071f1b282dcdaeb9
Light_bulb_b1b60169c51caa1c.jpg,6d616b803797e329fe6c3867dfd7558c9161dfd7fb2fc7f4fbe2bae2a0920eb9,20012fe2e02738e3
Light_bulb_b24fc0b3a5cde0c3.jpg,1263cd6aa0a2356d468f9a3d50f381ad40b4933af1dfd1cdaf1b21f427cbf22f,0d0b2b264fc7c4e0
Light_bulb_b2c853dd54e3800c.jpg,ad3588242d5a8ec5331976dfd7043b20dd86514cf2da5f3a1c85cffb7dc19bc8,cfc3e4cc466e6f6f
Light_bulb_b2e1bf48605c92a9.jpg,f34b1dd1ef23b11ce77877c4b0edf72c93caf1fce8c59d81620d6a20dbfceaf1,53d050145743cb1b
Light_bulb_b3670c89af1f3c3d.jpg,9c6a67d689787c2647aa60cf9ae721a75b1852d929d139b90627b396e54533b7,334d0f170f0f0f97
Light_bulb_b47aedce86cbf731.jpg,180e666f4b083f49cf06fea52ef030b7410cda1213851729bae943e8a7e18182,6a696b3a2a2a2a39
Light_bulb_b4c4c1783a61579c.jpg,0a9cb085fef52fad2a513b81c4b6692f179931a233997f7c29bc1eb3754dbdb7,4c87070f2f8e8703
Light_bulb_b4e5c7ef7bac73a0.jpg,a5f43039ce8b68d52b88a1f45d09f5ae91ef6004d3c3da4e63a1d9bfa30d045b,040d01091c060707
Light_bulb_b512db5e091db3e9.jpg,98e9a3643961dc6066df5d718d0a3418ffa16a5781f66f8218898307e4bece0b,0b8d077363272707
Light_bulb_b59c788a910352f0.jpg,a524e6538fefd6b186592153470b78bacbd4b7138b63bcabb87fc0e04fcb4574,86af2b2b2b2b1e42
Light_bulb_b6536e06a79df7f4.jpg,dc08213c6ee3e43d95c41aae86530bec665fef63ef84d415cf7d634c88e39e50,010e0f0f4d4e928a
Light_bulb_b6b7471045134840.jpg,c6ff3f73cd80025d8c089bfdcdd464a50248296388188b912248842078200393,909c09187c9adefe
Light_bulb_b8a15d5b54e1ca1d.jpg,d0cd183caf86592cd451787eef63eb89cef1bbc8edab546c3b6c68998a7e7179,0b19956665cd8c27
Light_bulb_ba5806e3f43cbdb8.jpg,04e573c31f53dcb1fa1b1b51d8fe9a0fe847c9aa6ae17d0a73a748dd0ec0317b,0c03031987c392c1
Light_bulb_bc22ac5ad313e3e6.jpg,687bf670283ecdead9d00806c5d47a5cb607f96d2925031082e2bdd9d40c6f27,6092908402030303
Light_bulb_bdad80558fbd649e.jpg,6967d1dcec5c63e4066a7193241428c36de3bd3c2072ca812f820542b966502d,0f0d4d0f13333333
Light_bulb_c2dc82820f7fd5a9.jpg,c5217e4fd7591388c57dab43e504ab1851c613b73bc314202aa1e68a04d3ce06,4e4f37373666cf8b
Light_bulb_c3305e6f1bd38b56.jpg,991dfd7b132c1ef161be1fc782adcf7ffca3ab0c46dff417e88f3031d48f3dae,070667634f0f0f0f
Light_bulb_c42ac95f81a9081b.jpg,a062d77116ebcaa54e7dbd9209555ca27bc7685ff446b635b32c0bcd181cad1c,52090f4d0d2d2506
Light_bulb_c9bab5eab827408a.jpg,67d63e2b5f1da2c6c8e1a1de1b7fe7e94902391e70b1161ede3eff4b55db7b30,1e1f2f27671f1f1f
Light_bulb_c9d55abb155c67ab.jpg,a3c128dd80e39e295bdf2970c4b492ba96fe5539f3b7bd467a998120182954ec,0e8f6c66636fcd97
Light_bulb_cc97dfad5d6a941a.jpg,79f91f9ed608c95ec13cde1658b41c18d9220585d89c49b7657c64abf7c7051e,2b2b23271f1a3e32
Light_bulb_cf886a939520dd74.jpg,376a18f2439e32d02b1b7a81a7ff251b515f38003524655f9d5e6e2104addee5,1321eb731333eda7
Light_bulb_d2bf7034d4be1231.jpg,7f81a1fa2266e9adc2e2ca3753e90ad1b9bb12c9f40de18db66594b62fd3b5d3,428d8e968e4d220c
Light_bulb_d2f798dab198ae98.jpg,bfb924ed74f101b9154352a3227f66e57b7499584bcacf8aa41d74b610b4a5e9,1f0f0f0f0f656567
Light_bulb_d3e97d240db01560.jpg,b75f68fe066526ca7df53dca1193ac67889e3adb49166feeed3f0a17a2f542b5,03030317d75fdfc7
Light_bulb_d3eff51ea55e5fe7.jpg,ef56010584270732c591a1623d910c3fe09d2564a18a7c24692d016917b7c48f,00000a0d490d1209
Light_bulb_d5a601656f0674b6.jpg,10a59869b378545e94f1828aa2ae4d00c6535db2a791d50560e849ff278f9240,3d7d7b7d481347c7
Light_bulb_d64bc93b2c90c9ae.jpg,35b52b808244bad2020377df10bc6472ef79bf2a1fc2874ae2909e5011e7d9c7,0f35a6aeaea8910f
Light_bulb_d71b638e0f63c7a4.jpg,87eb3c434939b68f4bca3b9bdb0c12bfcbd9dc9d19eadba1a0dae630d21f7571,07070b0f0f03979f
Light_bulb_d8d07ade31eb5e45.jpg,7aa5d5a600f605c5d9ce4f463dc79b2c4da130d5c2a3d933b13a6cbd88bfff5b,59132767574f2547
Light_bulb_d988cbe91116cd6a.jpg,7bf93c60b1745069c32ba817402631b25a66411771a6ab7f618001b647485d63,017869b830b2e8d8
Light_bulb_da23b73423367e2c.jpg,69bdeb9ecf3aac8282b7e76ef0178ce8067d862555ff20087ea035d37d8e87dc,6f474f4b0307276d
Light_bulb_db10dc7405a1092c.jpg,ecdde29370c099ce20282afc267e68c82a1c52de8b5c6500bd9999a416184b43,af9e436f6f683919
Light_bulb_db14e830db152c43.jpg,2d69008660a37962e8f927b631bbe4cbcedb059dfcbb11a6af9cc7dea411cf42,439f2f061b3300a1
Light_bulb_dc63c5c36be1edce.jpg,f9101df3eb1811d770cb70eeb3890090a48a839fd47da8e25f4e90db3b2bd81e,ccdc7b772b2d2c7a
Light_bulb_ddd642dff12d698b.jpg,8209afde8a32546e5cec5bd40675838bfe0e52423ae646022c1fdc06f781a4d0,9ebc3c6331b34e7a
Light_bulb_e04c12b6dd3b40b9.jpg,44dfe02ddcfbb690bb661662d29c9720a8db7d07fda0fed5a8bdc673b55d3314,9a1b0d0d468e9e7e
Light_bulb_e3504b2cd45185ce.jpg,c362500dc9778288170e8bfb6c1d6078e539cf41dc54c851c30966f8cab42f7c,08200d4d0a0c0c00
Light_bulb_e3a4d9e8ccfdd564.jpg,8c62efd2357ceba4f6657e4e3af2c1db5bd80d488e3ef5bffccf5ecedb79904e,259524bd8bcb5bfc
Light_bulb_e64d300951bdfb26.jpg,79e05a921a8676c7d09f9fc43cda464f057882ca91e32b43d64b1b5ac5b06e8b,0f317046643d4e70
Light_bulb_e693d52bf34cb43a.jpg,a98c9e5e3360be265eadc68eb8d5a76776cd63a59afaee22f54a455f41a1f53e,13314c8e0f070707
Light_bulb_f05b59e5e68c14b7.jpg,924fa36e8e295cf465487c65749c23c5eb4d9cc17b73ba26564bc42cbe10b43f,2737376f3736b696
Light_bulb_f0c9d2b1208b6f02.jpg,2d571ded36fb547608cbf7796c341039b0f10f38a8bab6f1ce390568dc9d062f,070f0e0d0da8380f
Light_bulb_f170df02b37bdda9.jpg,e45303d98fc5a650024dca054b15bda92cbb45238b24b96bde3a54499b7d9793,1737373737f7676f
Light_bulb_f3fba592d8e02bbd.jpg,cc7939edfbe104d8c4b23bec1b572fc41c32492df32c397142294b3f108c671c,13190d07068e3317
Light_bulb_f610c865b034486a.jpg,5e4ca0f74bb3570a1d9dc430b81e14c9f2c4f435606e38f98070a007c3266408,0b0b0787074f3f1f
Light_bulb_f775f53d8a66b8b0.jpg,103ccbf9db458131c0b11ff3be99b84feca955429b7b9c83287e4f32367dcd4d,294d4d4d4d4d320e
Light_bulb_fa59a7449dc86d5b.jpg,9ef468fd44daba1eff66692b10d3c07fcabe268a2b4cf85b863b863b4eb78c17,1735370b2f6b272f
Light_bulb_fabed59c146a9230.jpg,ab257459c98514501f48c445ffe68c320a5ad3773fb980d1af4421e9ea6c113c,8b0f0f0f175b2b3e
Light_bulb_fc301bbdc13d5ba2.jpg,70f514736db0d53cac04befdeb3cdfe0f21e2bc6d7f8a524ca2ce4eb3c6901cd,07074f030b0f4f09
Light_bulb_fcdf065639419d2f.jpg,c95e80a409c5049641dffa22738a74445963786b6cb8e56b9715d360c74a3418,4fdfdf785b8f4f06
Light_bulb_fd098f3f012afa9b.jpg,0d565145a075705c8101fc1f8bf651d4ceab8cbea5f1c503d682661ba3532ffb,7d6b6b28a4e6665f
Light_bulb_fda00f060c679482.jpg,a239e438f3340496b982a8b06c3c8fd9895ed16f4c633e7a28325811fc8b6fc5,3f2f0f1f2f2f1f1f
Light_bulb_fe3e79c0ba2b0522.jpg,27456e11c6046f3bc3a4983628265486fef27e01627876713268304add837cc3,170e49090b2a030f
Light_bulb_fe724ef7f223af31.jpg,9187f3eb2615a8a4e768880570e6511eeadeb70289c7bcbc9cecc0a28740c63f,022040343c3a3a3c
