name,sha256,dhash
rbg_000000000139.jpg,ffe0f0cec3b2e27aab1967229cdf0a0d7751dcdd5800322f0b8ac0dffb3b8a8d,8793978f91d9c984
rbg_000000000285.jpg,f3a2974ce3686332609124c70e3e6a2e3aca43fccf1cd1bd7c5c03820977f57d,4f0f0d539cccd8e1
rbg_000000000632.jpg,a4cd7f45ac1ce27eaafb254b23af7c0b18a064be08870ceaaf03b2147f2ce550,cecccccd851b1313
rbg_000000000785.jpg,83981537a7baeafbeb9c8cb67b3484dc26433f574b3685d021fa537e277e4726,431a593969596cfc
rbg_000000000872.jpg,c2aa138ee3a59b057a7ba6fc5a6a18e62af531aa7dab78a7bfd33c1cd7e55eb6,3f7e0e0a5c955763
rbg_000000000885.jpg,1c67b783f78b18ddb5dd20aaba4d4aacaf98e5277051688a96da096afa9cdf1f,141617070b331747
rbg_000000001268.jpg,8e85a2e71ee512fe748a3a3be9bb40b8591e8c501c0f3896efcb5be5999ec236,cfc60f4c4c0f1e0e
rbg_000000001503.jpg,06c721f0a62bcb9fcb2d2d0cc0b9edd63092084a8773a18c4b5a7bd6fb4f095d,d7d6c6d3cf41977f
rbg_000000001532.jpg,974f2af6d81f65627a680ea9f42bdee1067a0ddcdb9f8e7a945bacd21d4dc2ce,1f9d2f2fdc82b230
rbg_000000001675.jpg,6ba641627c08ef424b7dc3e6cee069aa0dd49615a31c54ae0de1ecd1fabd9dea,8f8f653c6d8f8e8e
rbg_000000001761.jpg,c06b1845c54bb886a8fb9f8a6e908b29ceb661ffda1ca8df9a27f123806de648,a7359dd9cf7e431b
rbg_000000001818.jpg,e638b349929d13bb27e148f4303a576e0a964ef81c0907d36748e0adb822a8e6,94eeac6c4dbe962e
rbg_000000002006.jpg,eda4af13818b566f8fa4f479e76286ad90cd5da2e8dfd530be0ab3637e1482ed,20187ae55cadb0f8
rbg_000000002149.jpg,3ef0da375244c3fdbb45bcfe5689e8e46fb616c00250f9dce6aa34d301801ac5,ccb3119cd26c6c47
rbg_000000002153.jpg,8795ff243cf20405bd442631d5d1cb7e60665dd459c8d57f5764333808dd49fd,106f0e1536163915
rbg_000000002431.jpg,fa0ce7b066c2fe7bd0892aa2c6361943148db9766de60241e69d8026a18e05ad,70707be7f4af9f5e
rbg_000000002532.jpg,fc017f5308d348bdb6011f2312b10853ccd780a4a7369f48774ef67f499f2e77,001c07143433140f
rbg_000000002592.jpg,ffa3d472d44184b1f48878f7b097189723e57a24f36c44c29e4bc561110fbf41,0f4f4fcf8fce8b93
rbg_000000002923.jpg,46d2a5feb3f953b59316daee47b45332f07ebde1f88eb361f29b35c1fbbb62e0,6f2e141b090f1b17
rbg_000000003156.jpg,3c929365d99581f03b70a810819df4781ac024d88dec7e592229cbea7489a779,3373c686804181c3
rbg_000000003255.jpg,c075f51a798e65d23e1c65a3fcc7736aeae4e03fbdd126f6d6b82cb07957d28b,af1b18160d9b3226
rbg_000000003661.jpg,8746b068c166782f4b4fb7e6be9d16e5311e9c15bc867e21409b7f5d2eddefb4,cccc60381848e0f0
rbg_000000003845.jpg,d5c4394c712e5c24586f2531e2adf25d14e398993cc12af561ca760f20881df0,3d0f0383c351238c
rbg_000000003934.jpg,c7b1180c75a332e8768a4ca76b1fe8b3e3e073e2b925d94f43fa5439535d5dcf,6891537a38313403
rbg_000000004134.jpg,2c922f6ec30f9c4eca2b373c8808f63979c26f4d89242754b3576bf78db1108b,0736363272537637
rbg_000000004395.jpg,14ffbd7ab7a01e0dd7fc9676a688bd2c916766e2edb6e1d12ac9ae0ed07b122a,46c69e3673333333
rbg_000000004495.jpg,cf670ca35fb16e59ecce82eecf9bf1f60d2ee333be81b61c4ea390be2c7e7b2b,60e8f2323373b3f3
rbg_000000005001.jpg,99600c56dc25c72dc1cc1d1f2b09aa33b97142560b54d034fa83a38fcf3c5b0f,13139e0cac4b0b0b
rbg_000000005060.jpg,5d3d8315695f7c718b649c06afe32c792bcce9d4a97f544fc1ba19bc592d8cd3,69e9c59393d1d025
rbg_000000005193.jpg,2f0360e89d71b146cbfaee05e934303864fa61d9bf1a1f5cc0c2e508b8191b8d,64e0ccc8f8f8f0c1
rbg_000000005477.jpg,3b3ed6a27e07126c2175d168405a9bffe60b0f03555d0ac4b33ec0788bd745f2,72e18d9291ac7003
rbg_000000005503.jpg,ff95bf5ddb4bdbd7f4f0f96d963cd941a0a2b38cfcf7832f25113e8441a443c6,9f9ebca28c240c98
rbg_000000005586.jpg,d7c4ce5acc9c578c41ff04aa60e610423e304e66b77fff92df501c207460b349,5bf32d2fb33f2c03
rbg_000000005600.jpg,37e5625d5de54eb524ad2425d855e1d9d54fcb29c3475dacffc86ab48bcaec39,b91113c04666662c
rbg_000000005992.jpg,c33842fbbd9626843b93ede50dd4908221cb0c9bf9837f58861354eec2a4ec56,1b5b7b369c9cb6d6
rbg_000000006213.jpg,0f8ce814489c07920e1f3c3a08842ff832f66340a4487d49de2feb31a45b8132,2023353535b0bc3d
rbg_000000006471.jpg,67fe4f0a7b71ecee846273d654bb8387c180229dc6c4a3060152aed0a776762f,5f07268787678783
rbg_000000006723.jpg,1d3ba71e9002721a2bc18791f3c86578d6de38fb61640803657276d53e73663f,9a8a8dcff3478323
rbg_000000006771.jpg,b2cc81a8ab0c23da44dda4b6526515c68dbcb1abf939a371f750ffe22db15f95,595a3c363a290c8d
rbg_000000007088.jpg,323e51d944faa233acfa36f23598bad7f8bae8107d089949ae792267bac03770,9ac96cec88e0f071
rbg_000000007278.jpg,b088f1fc8e86da21084e8c98b7dc9406c0da61d74e740925af6a7adeda3c3f34,4fe4e6f7fc793cd9
rbg_000000007281.jpg,57f3508e600d3370320487dde8665f208f11612a11caac0801c7f5fc19188ac3,2462440c8c0e0cd8
rbg_000000007386.jpg,1bb19f0a2a950a944d178c921fddaddda6f133df6367e9f75ffcaafe2cd43f83,1e0627835399a8f1
rbg_000000007574.jpg,4f26c847c2f49574978e96733efaec720dd1d1ba95a8220d0de012b7317eed47,f1733bbbb8a45448
rbg_000000007816.jpg,00132e042709fc7a66797374a42ff72d493a945d01afe2a48e5a526116a2aabe,c37a2e0f24e1f973
rbg_000000007888.jpg,7c735e89b3699afc510053412ddea8e0370a1a5a2c9096713a5b255567747442,71e1f1f0f16973d3
rbg_000000007977.jpg,0acb919d23df8f5126d63556668272ed26d53fa97fbad958958c2bbe8164d690,723c37b73272713f
rbg_000000007991.jpg,63c6fae2e3defd4bc1c6f346806aef03eb11ccbd7c6bda3e479d1fbafd486db1,8506420a26333244
rbg_000000008211.jpg,8a52b7177994a207b4f463d591c3c0f1ffd00b42dcdf17cc8f8984bfae17d110,6e676363c48c0403
rbg_000000008532.jpg,237e72d5ffb557b5052b918c01a4fb15e6bb7dd2151bba9c0538de0024c941f9,9f1c183cbeeccc2c
rbg_000000008690.jpg,feca143d5e249b9fcaca7090c2400125ee19c7ad883c11fffe55e8bb451e7429,b6b4adecf8f9f1f1
rbg_000000008844.jpg,bd8133fe5862ea2b0b308db3c1d96b23012f2f667d43cb524d35ac1b710670a4,06203434d94b8544
rbg_000000008899.jpg,5643dd54684df9750a16660fcb033e3acda2eff9c809cb69acb428b1184cadd1,7029b1d85b3b1bd7
rbg_000000009378.jpg,39ac6327aa1b887ff2ae06588576f497d642bbbf3682eb1eada4574087fcc1e5,8e8696ae8ecec6ee
rbg_000000009483.jpg,c7e6e15f4db067c3e09ab8605759be9d850e2d5c45ea4dfb9cda8f5d85308ea4,30a4b4b09086a6a3
rbg_000000009590.jpg,93cdd55e59cf7d32c481ca5b00b1b9c64f8b8f44020f64a97752a767fd7571ee,126666274f072249
rbg_000000009769.jpg,f5e6d63081ba8fbb2a59770144d7c2350de6a1a8288e15565df7dd1bd87d85bf,85e965c3d9f1f473
rbg_000000009772.jpg,ab798f0ee5d1bed52376a5ee8bfbd973cb4c4fface481a9bc7a3ff5d9c57b4c7,8f7b6c7154b2ca16
rbg_000000009891.jpg,dc8292c102663e64a5fcf7477e8ab5f5289660099817e7d52f40e3918784dc0e,9a2db3d2686c6547
rbg_000000010092.jpg,70eae5520682d2ad23ff01df57fc4f29cb3f5d4c1d63753d3b7f120f6a0d939b,c8d252f2ba3e7373
rbg_000000010707.jpg,a361abb7579193709ef3debbec6298bf0c540bece429c4aadb19be82e04ab6a0,ae8e9ef0d9d9b9b9
rbg_000000011051.jpg,fb0f943cc1b027c64e5dbbc486b1d62d431244565e68b730e2ff8264d51116db,c8cec9c9899393b6
rbg_000000011149.jpg,5973b8f1d5a30de98b1dcb715f1c94928a676fff8e45283515d0474e51ac0abc,d2726278385e4999
rbg_000000011197.jpg,b6dbcc5c9e52f51480c4974ae6b15003ce25cd98fb936e2f26694fb7058fdbcb,f43c377773767f3b
rbg_000000011615.jpg,dc3d5cce23371a2b7d0be6bf423b5989e29195323b428ef0e639a1d97a3932ac,80e2a88296d97937
rbg_000000011699.jpg,cb8a70787b3b7abc56a8ec8a6efcea9a4d2ccabd645b17d73054b9514759559f,eef4c06389bb1313
rbg_000000012062.jpg,319d58f0fa008d076b766671a5b607f94614f6005f773adced54a57567aa28fb,0c87953078f1c78f
rbg_000000012280.jpg,158ef0b15ff392039468263fa18735f81b39de9e8a7753e1e1aba7037262da56,0383898d6501c900
rbg_000000012667.jpg,0bf182b59b89f534d6f89a2b57c976c47b7f9a95e5e47a7f236b285b9211af14,cfce997adc5c1909
rbg_000000012670.jpg,00c989b165bdde8eb54cbe7d1fcfb0ae7b2ac7f5f23d83baea723e7d2acf7099,c42e22450d8d9495
rbg_000000013177.jpg,f93626195530f46ed849091160f8cccce1a255ca886fd5945f5719adc12dc789,69ecc3d9ead6cf4c
rbg_000000013291.jpg,1e46187ec49947bfd8dd22f4d774bddfe3e29ca863fe09530516598998b8e640,030343574b5b0c1f
rbg_000000013546.jpg,63129a14da61b57cbcd9b3403bc76a73d091e1940e1b416ae9f5c70b7a1dbb54,6b693d1ee21c7c74
rbg_000000013729.jpg,a3b3689660e2db3d49e131e9856d3d06bb376400e8fa2afc1ce64c5c4765a4ef,4edab2382a323e0d
rbg_000000013923.jpg,91494500cd053f1c4e547edc53f62edce2b088588bf9b4dbc8ceaea86ad4d49e,0b0b5bd978482626
rbg_000000014380.jpg,f9e17866f4db47a88724f051f0cd2a2650168c09ab6908bc4f75e5dba398ba1b,0dcd9f3f5a717c2f
rbg_000000014439.jpg,fc23e512cfe33e0b7f5e3445dc4189eb053fed6a16964b2454775a6df3fa5eba,d2b9320eec6c48e1
rbg_000000014888.jpg,aba25018b65a2a52ce7d77e68c6501e532084cd327e6cb230225e302fca95f4c,573662678d65260f
rbg_000000015079.jpg,a44d7b20692b108c648ba73018390297bad07d23b8be13dd24bc637bd31534ba,4e0637188b13078e
rbg_000000015254.jpg,a03e74678aedee90fe6777e9ba4eef8b3025ba0b6f426723b2cf2b35c5ffef4f,333353333353d39f
rbg_000000015272.jpg,d4a09d9517fea54811b7fabb1274117a107c4cb8fdccfbcae4ced6dd82034ce5,a3e8126b8e8be1db
rbg_000000015440.jpg,477f0dd9751336fc5e5ef0f7c406506998049de4edae936311a4400c934c8419,3c3c1e672764e4e0
rbg_000000015746.jpg,ba79e69d4272bc31ea4fb9f3731e020a9c8acf1fbf3b6ffb78528d70e2e183f7,76fcbce9c932305a
rbg_000000016451.jpg,83fade2162445d292c33005ad31d9ad05de5a4691489b0762bc81ec401cb2cbc,0f0767678f4f0f03
rbg_000000016502.jpg,171ce16f5646725403aed126091a0e3c88333a6fe4ea5c36f7c9b21ccfe2b30c,00b027c360e0dbc2
rbg_000000016958.jpg,8595370fdfc1ca1382a3eb464e53b2ae6c483d76d426d85b4fe0511ff25c0333,5dddedac3c56577b
rbg_000000017031.jpg,cbe18fd21bd5691cb27085cda1f10c3c5556d5918fcd04363a5e5b145ee3177b,cec5b6f0f0f3ebee
rbg_000000017182.jpg,0ec7cbf35b5ff0352f9da0653eda2aaf5b578e7f2b5c8480c5b6c19fd2435141,1170786024a59f9f
rbg_000000017714.jpg,ff331d262fea90025ec3b628757b047259f244b5a65550b1d0d079578179387a,1bd9f1e7f3cccc18
rbg_000000017899.jpg,2e1e630f37d1f6f1b0c06941ea56431c9be8701c928df634b8dbe9121e735fbb,4e2666575c32140e
rbg_000000018193.jpg,ee9037876bab7f2b504cd4be49144bbde27f32ddc05361cd6f3c843c947dd911,359b1b3f3b3e2686
rbg_000000018491.jpg,195369c44ad1810c524d5523a556356b2ee384310d7493310ccb8165c42767ed,e777f5b0ace79b8f
rbg_000000018575.jpg,fe6cdcb9053cb1621bda79d13e20cad49b898678fb2279f772964d65698c3c6a,3b73e3b58facbd23
rbg_000000019042.jpg,c97e2e9a24160678ad908797a306d146354f66b196627a0bbb564c733b041007,98930f55b3b1d381
rbg_000000019221.jpg,0085f80b9136c625b63fed2c233c432c3189841d5bf630a10e09ee1554c9bc79,3f5faf3c0e272747
rbg_000000019742.jpg,6ccc37eeba5118114222f8de61228e95cf6c28fb631c9e759fcdcd450061337a,0f3331693133d7d7
rbg_000000019924.jpg,b0bb42c6674456ecd9155b790a6a595646aacfe45ce80bd7667ac75fb7fe8bc8,31e0ce8ec8da1291
rbg_000000020059.jpg,7bf0e3dc0cc83a62dfc9c9bfd57163cb541574a0b866fd1a555fdd24cd2859f2,3c1c9c845da72658
rbg_000000020553.jpg,739fee1c09f6d7c1670d2f558f70d2aea2ea6863a964c5a9582ca3bb70a55cb5,0b172664c5c7731b
rbg_000000020571.jpg,ee40916130fd5be75f3357c910c392b8bdda7f494078992472f67587d62b50a4,03c42b39387177f5
rbg_000000021465.jpg,ceb0a4848d7dea0d9c0576a91a8f8c9e93a9a090efbb3e6f641a9c327e7c679c,94193bb9e8616161
rbg_000000021503.jpg,83f04a37053c9bfaaaae137edb80a262fb8604af40064bfdee7899129ee5ce77,861b1bc90f2f2701
rbg_000000021839.jpg,a943ad725c69a532f7a37b6a95e20fc5d7f070f1c5637c44107fbf031a9fe265,0907070b0d939313
rbg_000000022371.jpg,7023b465285e7fcc25c9272a9b24efc5df076ad982513ff6dec4c3c7842e734e,6b63632325a122c7
rbg_000000022623.jpg,93699b28cbecfe8f38fd82e3201ed1c7310fe664206a97306c806a4000c09a80,c1491a9e8fce6563
rbg_000000022969.jpg,a4cd0db37176242a6911559074b58a67306c6a774df9dd07f1c9a30112ecbc30,1e8f3bf2cd46c92b
rbg_000000023034.jpg,2a571a9358b1d8096bad1d317fa81c179d1137feae2b6688881e9b286f0b7c1f,c78f93f3d7c6c79f
rbg_000000023230.jpg,f13b4e3bd41de8c752f4954f97f80db3323fe44b0cc656456df8a97560318566,797973ce63737363
rbg_000000023666.jpg,c6e0dcc40c55570c04bb709097e3d0c6c6ada2ef55ca2a2601c67545581897d4,070707070f1f9b49
rbg_000000023937.jpg,7789236aff12bffa0cf4ab954fb68531bea594d42e78cb80bbeac45175c5e144,cf27511f360c270f
rbg_000000024610.jpg,aa7b8f989b3584fa3b41c743f5d1b3c45f9f6ead8c31d7a64f9b253b5c2868cb,0f0f8f0f07ce2307
rbg_000000024919.jpg,9c721d584521c2ae58bc0eb03b57c4ddb0a013d6af0ec08fd223ee7c11fc7b45,6b1779e8d0e81d15
rbg_000000025096.jpg,2115b6f6929bdbc88618a070f61bffaf944dfce7d666b4c8227151524d3bfc28,c0c0b1b138f860c4
rbg_000000025181.jpg,91928323bb24e153995d938c8048039885285fa7d7a947a4ec5edd07f3b15e19,cce871b3cc97334d
rbg_000000025593.jpg,83bafce2fe5f41a25e6f0e0f43c7e6d972641f0c3fdbb26441877366a5cb77ed,3321231119991881
rbg_000000025603.jpg,f75a5898681ea62ef547b8c002e8e0eec00c50aa6b995334ab967798cff6e6dc,85ccca092516860d
rbg_000000026690.jpg,a59b160b83fba25fb745b42efbab6d99202b4984dbbc1cdbe8d00201b561f8f4,0109016769efd5d1
rbg_000000027186.jpg,2e60a537145c388aba560db6312aecd5fddf5bce7a8f75adfd06492bdcd34e2e,236763e79f9f9e9d
rbg_000000027932.jpg,9ab6d8c5a124427d77add9827dc6ad58ce94efb003c34e5e20699acd82f43731,797ebe7cf455d93f
rbg_000000027972.jpg,aeb3671152fdb0f319a96bdcf659751a925e52d5ab867e7c412273f7bfe73845,2a2a2d8d04008090
rbg_000000028285.jpg,a37d71f6459efc47c22ec687945599cf4ec81c1056e6f0256eca3776834879b4,1f454b0b5d5c1d42
rbg_000000028452.jpg,b9adf909244cbd3c6105af33723d6664bf7e88cd7ce4de697f990828d4c16a76,296f4b4b631b3f1f
rbg_000000028993.jpg,9d582d15dc1a53b419f8c32253d4eb1bbe0fa20ada973e4d24e72af55b880a83,6878267d39f1f1b8
rbg_000000029187.jpg,636a078ae06c6779d11fe5bc889506a6cbf5cad7a3c82dccf1d7d98130bbef73,60285951d2f2b3b3
rbg_000000029393.jpg,378763dec71a25c7cb44ff9e345c84ca0fe2d8bf993b88775c360549edf3b733,736b6bcfcf4a470f
rbg_000000029397.jpg,4185e741b14c3e6e2b9da920217a988d08cb89dfc41d377c3aeb4f1e41d8c2f3,1a1a7a6dc3e1e3e4
rbg_000000030828.jpg,0c9fb9dc3bd6a11defb1ebecc1c3a50914a0007e53cf4b16f1cffe7b363fbd79,6c5c5f4d07312917
rbg_000000031118.jpg,2cdfc92ff0193efb0a93f9021841308f1cb204d1ac4810d00aa32a515ef033f7,0c284a8aabab64b4
rbg_000000031217.jpg,c3bd88960d608cb0406e870e224fdf0a5cfd8365537c2fee54bd10453dd402f0,e35b6b4b2b00275b
rbg_000000031248.jpg,fc5a3defaf6427f8f59d0a68d85ef6f73b25fa8d55fed78393f31a9e3e0e6270,9f9e969e2f3f0cd4
rbg_000000031269.jpg,91de0bc1f19dbacec3234adfd8e9eb160c5a08bf1dcfc4b6ccc08af09611708a,051b3b6e6a69ec37
rbg_000000031296.jpg,e44caeefa73a14822ea5d47f5c84023ef7883bc064bcc089ca2f368a8945e2ac,4c1e046d6f25b167
rbg_000000031322.jpg,10f00a49fd34b83b1656f627061df90603bfd3e3f2ea8119975993ed0ffa5e47,9f9597152a0b7186
rbg_000000031620.jpg,61512f0a301dd85e22fabacf58d2f04d003cc89428c127c5c6aafad9f4c30ee1,3d3ff3e29ef7fdfb
rbg_000000031735.jpg,49568f890bcbfddb7afd18ba8afc6c1b20ffe6611a888a3cb93150d24b253ffa,3173537374917179
rbg_000000031749.jpg,7fa4284ccb0f885ee85ba6d12222dabb404d8a0e3b081bbaf89148f95ccb7ca0,b6e8dc94f4f4ecd8
rbg_000000032038.jpg,5afb15a7ca2105d97e1f3a095dcbb1bdbe92232b1aaad9b7ab3bca63ee8adc3d,6c1e1f2f37fc7960
rbg_000000032081.jpg,2acde5232e9dd81c012d6e0314f733985f603c95d7d482d5a52e4191daa00bae,ad65756c6cd8f8e4
rbg_000000032861.jpg,4381cc5866c6c160595d85695f0b7d7ad30b077f788c208f769a38d3a0a681e8,07613593ebb9b129
rbg_000000033005.jpg,840a583d45613d662220754de433f96bac6e094372546cf2f3090f73e645d7ef,6474300b4e773f0b
rbg_000000033104.jpg,24d3088e3db4b4a04c83f0c1cf3dddbc33c02389eb2591d9d03c4a3cf73796ed,1bd2cece4ecaadbc
rbg_000000034139.jpg,1173eb43bb487f08c3620b12daf67c98a6bcc14b7893521393055bfb84db33c5,8321624dceac349b
rbg_000000035682.jpg,1844cfa76d23a9768578f2c27306ecbad99326d2d374b070af9c56d50058c155,b36373d3579b6371
rbg_000000036678.jpg,b1a453d5b19059f02e49f9056c31e1b4c09e58b8bd3093b0bd3266149d8dd1a4,6719dfd500cecc8d
rbg_000000036861.jpg,9799ce2cc5ff5360c97711b51bcb3a1e515416f56b975db40d884c831c2f7c99,4666461bf3e10701
rbg_000000036936.jpg,335f0411b17499cd23577b270b9a1aa8519cc44f6f9a246fd666415c833f4ca0,c2466c4e5a180e2d
rbg_000000037670.jpg,e393e95e4a6bb9d702502932da4e771c8f2e09109e92205f8c643bec8a1e4e4a,6befe6d8d9d9593d
rbg_000000037751.jpg,5c19f466d3c9d49f855b98ce907e7452dcac3349e1a4f9977a18a0c9fdaf5a0c,d06322323c6f6765
rbg_000000037988.jpg,0c5fec72e3f1ed81b648718bbb7436be61218bc24b78f56c2dd365196050fb59,8000031b251a1927
rbg_000000038070.jpg,9d8c62b8231ffdeb64e8b9b2558b366cf86cb65408d825123fac1b44e8d653da,8fcec6ecccc44c6c
rbg_000000038678.jpg,7e3bf523b3a2baa280716e31687874a031a51219767b20965a62cc7bd1f299a6,0820a4c569388c1b
rbg_000000038829.jpg,73f5b0fe070aaec65bbb7263d16d3d717a75304333fe939dcf086bd85d6ff2f9,39c9484f4d30347b
rbg_000000039477.jpg,66afd33bb79d40a43a8486acafb399b524a6c49b17f694aa1daa8f697aec70a1,999f8f1d0d0c5cce
rbg_000000039484.jpg,dd5ee58026d819fb399dff4339efd842c936746c404abda74ad42cc2a499bc5b,131f2debcb8ff7bc
rbg_000000039785.jpg,887b76f9732bdbb0038f0338cd1a687b49623114352bdde634a3a25a12454b99,3bae850d351c8c1a
rbg_000000039951.jpg,471847fe98e8c4672ed59c9cc73fe3699c9654152f667a65a586fb2c24500834,737b3b5b2b274f67
rbg_000000039956.jpg,76e73337d2385cf701750bc38a42f0205153af090244e66fb7a261052cb05217,094d4d6d4c4b0b27
rbg_000000040083.jpg,89b9c3771c9428e0e25134cde9bc0a962318a477d267ef47f8e1872526207da7,3337b79fab8b9bfe
rbg_000000041633.jpg,9aaff8c1163dbc4d38c44079f1dbccc64221d4c93fa45404249595951a70ce16,386149c9c998cc40
rbg_000000042070.jpg,818c02b337b36d985a332535bd5526fa8f958823b1c910e86579fe4294dcbcb1,6068c4f0c945c0e8
rbg_000000042102.jpg,13adc5e53fd4b2e2610663744fbc76be64abf81a2932bf2acf26afb5e107368c,33ecccccfcaca4f3
rbg_000000042276.jpg,756af170de5d32112b9c0cf5af399dc4dd19a2c455e4d352c3c60577d1ebe3a6,72361e1b17868486
rbg_000000042296.jpg,179182e03cb432fbb2004dc7366e16dc83c1e7cb834a8110caeef9a29f521378,4b268746c32325f5
rbg_000000042628.jpg,3f0ee21a4508802e2d1c9991355f2c9b501063e24f665d23136e7b05f8e9521a,e2e63c6329292912
rbg_000000042888.jpg,f7385d75be709221eff6d74d0c720fb5afb4e895706b5c842fa45d987f22b1ee,85878c8293938848
rbg_000000043314.jpg,360eceae3e66803c8e19bf9a45b9498f0d4f6153ae2d6f832cbbdaeb899e393f,2f79db335bc9852a
rbg_000000043581.jpg,9288cbba23a3f1a399f8e6825f6c37e2a24491b8225cd1635a60327c423fbf2f,e44a87010c1f0b42
rbg_000000044068.jpg,f87295880cbe28c49af27753a63cf939b78192da5dfed7d01d9a8087b8976af3,cde89cbcb885e47b
rbg_000000044195.jpg,a99b38c679287df5161a985e8cfab1f98d2045a7b78e0652715b4052cb7abdd3,9f1fdfd3d2c84ae9
rbg_000000044260.jpg,6dbe2bfaba661155f667db007740c249774a7d0ca0f5e9d384f6bc095492d39f,468e0e0e2ecede1a
rbg_000000045070.jpg,0048f03ce376c1c3de6143ea8462c609cf0ff15847e20a20d042f0c4d968eeb8,1458084d0c35d144
rbg_000000045229.jpg,998d76a1367d02919e07a672c028b5f41ed2713000357cf3a8b6832ad7ca2368,86cecdcdcd8f4bcb
rbg_000000045472.jpg,0e7a75145b74abbf6e26aa3ab0bafa2f2625d4e8014c7bd4ae938c12e08a8131,0f0f0e0d092b3909
rbg_000000045596.jpg,6067fb9c3fc361df097d97cfce2bbfb895929b74cfe5ced4759445f8acdc5159,19194b49491d3d29
rbg_000000046048.jpg,5d8055ed7fabde0ed90bf84d6d89256c53e7fecefb369624f8bf3b0e3a464eb0,0f0f0cc94fa7272f
rbg_000000046378.jpg,927a104a4eb1ba7960946cf89ed6cc199bd7c840674787b8e77b74a7dd60aafe,787832367ced5870
rbg_000000046804.jpg,88b4672b1228dc5cb2d770a7c78ede27384a1f5bb8c429d5220f46d91f25f293,0585cc0c99140e23
rbg_000000047112.jpg,33e728e922af408a6d088927b3d85720208274feef41c1efdc2a4a6ec4e10cbb,28237b3ae2d333dc
rbg_000000047571.jpg,0398da07fb61f7dd096005253c01a669358c81507ac913c2d86fdd8ca396853a,31ce4ed4e4d4dec7
rbg_000000047740.jpg,d58fbf97d596915335f1d9869ac59ec09ee16efa472bc49d820ed4cddd3b7af9,793c3828e5c5c172
rbg_000000048396.jpg,7bcd2860143837c1dd81c63236d02526e832ba83f181162f101f232dff0b35f4,1656931313139194
rbg_000000048555.jpg,e931bb55b630e775a69395b87e118a76b66d7a216978000228b98e1dff015698,a6aebea2e2cecece
rbg_000000048564.jpg,acaa81114ed1f6ba7a1d4ceea3376aee72f489afbe7db5e1e0515516978bfda7,d2b37ecec78b6f6e
rbg_000000048924.jpg,7e4db164281de37dafa6d3a4e861f6777d0202661e92d11fb2b739e39fa8c391,091b1b1f33191093
rbg_000000049060.jpg,24fdb66de0ab05eab30ceeceba3b4725084e075b8e40d91bb9d28201cd70b484,33b1b9dad4c1a383
rbg_000000049091.jpg,dfbab4608aea75760036a4e366130ef5bfb49d5f8699c77ec14f36154924bb74,0003cd8b9b9a3236
rbg_000000049259.jpg,75deea304839610c4f1d2312046b8c7d01ba6f350512a507d95abf2c7859ba7f,24b1fb24b7072b69
rbg_000000049761.jpg,cdda00ff492efe03cc180f7a2bf67cf6d5b2879250368b2a413a0f938f028cdf,271307478313172f
rbg_000000050006.jpg,6da72ab0cf83655e8095cb8cc29b74dd017496d5dd45cef2c7328556efb62196,030207cf0e03cf60
rbg_000000050326.jpg,2242c57b366c8e95b8dbe33cb4a44e12a91b1b4d7a1552b385cc98376904f0af,6c2ea68edbc78427
rbg_000000050679.jpg,a4531c707b2f6e12203915a08d60210fe666cda426dfcd7cb5623d33e9c147da,1617316c6667e303
rbg_000000050896.jpg,6749a935b073e9a3958a463675fd201b81c66eaa1b0517bdd44d040146e17e5c,f8f1d8dcc4a2d161
rbg_000000051008.jpg,cd615d2609c7ea6fa5c9c132fa8efd924477a05f0333470cf496117b7513fc3e,6dc340309359183b
rbg_000000051309.jpg,843073a1b40d454f132da06607d3ed525ce46eddd87c7f4de0b59378b8a02164,8fa3f6edb6a248dd
rbg_000000051314.jpg,cf479cb75f4ac8f7297ec510f3de332aeb13f0b69fb9bc24f72daa7cbb236828,817130386b03034a
rbg_000000051610.jpg,c4b6fdea9764b29e9ef8015c0bf6c1bb45c396f17fa0a425cafa9f2c32a025e6,00042c5694928cce
rbg_000000051712.jpg,ee2064827182164ba79766e6ef5492397170c4d0466e6ae2980faca0ef7cc9e5,49faec6c69cec731
rbg_000000051961.jpg,4b2300cc85b7d63ac7e7744c51f0413cff08530890c6525946e7004bf20e02ad,ecc3060c6d54f40f
rbg_000000052017.jpg,7190d285796bad80a5949d171b6c05b8ad354c1b418981c55ed85376c624d48b,1f67b3b1e92b2703
rbg_000000052591.jpg,f137597498947e8bdc1f81e2d72972faff7bfda12e5910392019ffd5ffaea57b,e8333bb1b1b0b89d
rbg_000000053505.jpg,ac6b9836a7f1383ed0bc1273664e104f1c2ec48e07506d2e88dfac9dd7150e5e,0f05857575218fcf
rbg_000000053529.jpg,560b4e0fc5844448f15891aa241443abc17b670698b3c56c4ae17db37a8cfdbc,46869696a78393b3
rbg_000000054123.jpg,66c735e467dca95c984fbabdd324686f14b4aa3ea9c6a719c0174fe4b4da2209,19642aa2cd88c834
rbg_000000054593.jpg,2927085bfe4c7b09fc4cea90216f71beedcaed0ec501cdb06630bf40b126ec25,a80c4f8a96979943
rbg_000000054628.jpg,59a36063d39f73283c1825712303d6ebc5e208dd4708eaf98f974f7acf48b00a,073d8d8e8e8fce4e
rbg_000000055002.jpg,df75b3c0b09e519fa531f8bb57d27bb6eb86f0e2a951c47c8defe593746fef77,6c0dd36badb5b66a
rbg_000000055072.jpg,9924357680ebc985df4e3335dfa7b3ea5e5621d32757d665ba485dff87d2c787,070d70662f8f8f1f
rbg_000000055150.jpg,a3cc1286a509c3778a503994298b6cb5f7a9cd18133b531cf66564eb24604d8e,6d879309591b1d3b
rbg_000000055299.jpg,1edeecdf29069ce361a48149950ad5d3a819ed3e0678dc1f2a8659cbb164b11d,0612130101153031
rbg_000000055950.jpg,671beab7c211e59ba35ecac10c629fab690696ab64a5f0a107b8deb638ee96e8,173332336b3b001f
rbg_000000056127.jpg,14c77b33e28f12794669c699498bed38dbe6f34a43868152d806529e97288196,c3222f221d5fb7bf
rbg_000000056350.jpg,811d5c94c05837766da90281d5a0ac773725f2dbb9009743906f686cea4e89e4,2713968e38313148
rbg_000000057232.jpg,d2608c361bce2a50706e7b840819dbc3c01147bacfe35752c4ff59ebb467ce93,53094b4f87872664
rbg_000000057238.jpg,4735eb080d60531c2e529111bda9b47d5b98309df86242441d27feb5e7faa879,32939180010323b3
rbg_000000057244.jpg,8817d222a7fa6bdb7bc61aaf5245c547ffa69ff748706ed7a572965bf596f19c,d0b7bebbb3ee3a32
rbg_000000057672.jpg,7f497377f9ad39d7b90752d4faf5cd7605329652d511f5009430d39231512334,323b3019d8593838
rbg_000000058111.jpg,2c476318934bf7b8e6ddbb0bcb119b8ce5ed9409e3444a6b8f8b4622e59fa1fe,48cc8e8a2a0f034b
rbg_000000058393.jpg,920c9bef1eac34af6f337e9486391fa4c252f330cd8e616039430726d2f456d3,4d015959dcd217d8
rbg_000000058705.jpg,8daf36eb8c1d557221bc85ea0cfdb2e8a83747f26e0c91b1f939d50f4713697b,3bafbcb564672d29
rbg_000000059635.jpg,8d5bb0880f202267b97c5da77409f541acad3943ecfe8647c7d612d6f6bb27b8,36a1b133b6391e8f
rbg_000000060507.jpg,0aa436c998cd750d278170996d88b02869af323af4543ae4a8ef6349a14ca7fb,cc49bb1717070302
rbg_000000060835.jpg,e261953e1c8710e756619fd0d4332366b7abf0318d5928a17f1ef3a0b8e63d26,4c4d11746d323d32
rbg_000000060855.jpg,73f63c29212c32b83404124a2d6d24d43e25abf003b608c007073d857bbb3034,73f0b8dc8c9286ce
rbg_000000060932.jpg,5dc30fc8cef779e2e4905235a08bddf1116dadc659356238293e2ac90792a7ed,0e6d354183a6a243
rbg_000000061471.jpg,45b86dd04506ea6e6c2d96a6dcf389150a95922146ff41b858ab40c3edb8ed1d,caccceceeeecccf4
rbg_000000061658.jpg,b6541a7a648f2fd1beb04b01c69daeb8e325001698a82472851a3e8ef2b931a4,3666efa1666e8387
rbg_000000062554.jpg,2b9444ef969f3b95e53ba3e78ddd329c41c03fbc3c8e7e07034cdd6cb8bc9f41,d3269acdc6c44c2c
rbg_000000062808.jpg,547ee9c5c2f5a1b0da558c30f01a92818961999392d205e88422bd4d5bb2e54e,5794b6168e3369cc
rbg_000000063602.jpg,f5ec3b32e35d09164814b6a3950129e266e69ef36ac8dd3f0918b0991dccfab7,254717342c333369
rbg_000000063740.jpg,9f74cea258a399e7c9afb513b4ccf7dca1dd42f42cb5b169799556667e5d0c34,e1e50db4dcfcb027
rbg_000000063965.jpg,6189504e77b4fdf154015bf9030064c084a5250ce5aed22d544d3a183dde04ec,ccecc4c79e8ecccc
rbg_000000064718.jpg,23311e201fadb5ba2bd9a0d6cac209b1f91ce946362ef7100ba47993b2822ff4,394f33332e88150d
rbg_000000065074.jpg,6a0b95b1b0802787e63c1a2fbb2902fb0d4b6967b4e1db03d2908feae1029d2c,3e7c3c1717d18f37
rbg_000000065485.jpg,002bafda6137a294ee0f922d012a45cafee4377b175696cb4e4c09d0d046907b,03201c120249a5b6
rbg_000000066135.jpg,e201fe7400fcc37388502dd59b43f3bf3e6b6aec87b4c3f6444550f066854dfc,5d0fe35b1e18c3c7
rbg_000000066635.jpg,0969fb5fb163065ac5f0a8ee922db3339a3e099086a40f6d4da4b3254fc1a422,70d3c245bcf2074e
rbg_000000066817.jpg,6351cac5a13a7c1334040342dc1f7d587abcbdd4c7f0efc5fca6132c0714af17,7f35273329393b0e
rbg_000000066886.jpg,989effc1225564c0ef215e6c57960842997c4e95607deb80133e99ff40ffd11e,3531e9a9a1870b07
rbg_000000067180.jpg,ab41dd4de57cbe9067c5d279778605032b3b44832e679f44af1cfde72e8911ea,b9b179694dcd8906
rbg_000000067406.jpg,83b8bf598b7a5541402cf0e4de96c024bb9c102b248ac92c6c4fc233d3747175,1f1f1f271373670f
rbg_000000067616.jpg,824b722f5251918066fa4e2689167145918aa77cb8094a9fb2f2d70fd85d1ca1,e6e7c692d6d3994c
rbg_000000068409.jpg,a56034966dd281f60e9bfcd5d4b8f75d4a47c31c597377d5feb3e5973dd5bb5c,756504b3729797e8
rbg_000000068628.jpg,2138bd1f76e16a19c7d7b571f40947147e07cddf87321bc0632999e6ceec809d,e8fbb6b666ca8153
rbg_000000069213.jpg,c219b7e4409b0dcaab0ec1932372f7f91bfc72abb999a3ed92405c1089eb0b0f,59c9d9a8c4ccd8d8
rbg_000000071451.jpg,3c679f05ff2a3f968c20694559dd1967afd91f087d9ad7ac0532c82eaa525e32,1616332603c71fd7
rbg_000000071756.jpg,9e615f1cc2e5e9ba9acd4d53e3e7072593bc88d0627fc9749ccc7d41b0c72ab1,141f0f5b5b0b0f0f
rbg_000000073153.jpg,e990a24059a6953a273e24c5cdd40fb3db9bb3903172750844ef3831be8bb35f,1f4e48cc8c0c4ced
rbg_000000073326.jpg,1b86fe2c81d8c089b47f5b2cc763275e6caffdbc516801d5eff711841a39efc6,87c3ccb696adbe31
rbg_000000074200.jpg,4922166d40401948198f6b76ac3e5f9bdbd21b01a31da17eaafc3d33b8ddd66a,a3e74d4d4d646405
rbg_000000074256.jpg,c1a04e7a9714d78380912be1652b14a7dc8a37966f56862e4f8a633ebeda7201,1e61525a59995971
rbg_000000074457.jpg,01ec83a077f2baf2cc3a6d5e516e672e8cf55d8b57f8a8dd40bb3fffa13298e4,7f791f1d0c840a04
rbg_000000074646.jpg,8484a95efe154df6f06d0689cac39ac83134485126936d881ae77b306316e4b6,00000000001f0006
rbg_000000074733.jpg,d99c93fb6d22a5d51bbb6e09ca5f10c11bdcf90a711abf6cc83188df52cc456a,be3c1cf1c1c7a6e1
rbg_000000074860.jpg,bb1b592ab61542ad2e3abb0183a54e1c530e64433de65c008049bda640c2f6c5,1f1f07174f4bcf27
rbg_000000075393.jpg,b8b012e4b160e2487c81d4a3a851cb4bd184f4654393c0cf6b15c54317b0e512,df96a74f47737377
rbg_000000076416.jpg,f21eb87831efba38ef9ccea8a5699b222b614fddf716e1486653ce79ffaef463,33bb0b2b0fc9f91d
rbg_000000076417.jpg,740a8f0e6c980ad0587bb352a909308782f8c3a7fa3853cc6b06aa2ed1ff4675,25356dedfd1d7f7f
rbg_000000076547.jpg,f4f730a011b99aaa7b9ee851b6ba4c77fe2e3c4c81d12d58b7221d0f1b199c01,8cf21f4f5b090c1b
rbg_000000078032.jpg,ebb8bdb0ea7110ef407bf6ea48b3396f20ee53fc1625cb235db824d6dfb459e4,4eecea2a621c6dc9
rbg_000000078266.jpg,01297ee066ac26e787c2f112d73e24085b9b9b94100e4bb6b13b5758c77ab2e5,3b9bd28fcfcecf41
rbg_000000078420.jpg,a49443248bc7573d98d75a71129ca4ecaefbe62bc134bacecb9695cd05eecc9d,bc3476e536c6273f
rbg_000000078426.jpg,475db6e34f57f03cf611cc4c359d8707df49628491adc27d6b5209607284778b,93018ece86c7c181
rbg_000000078843.jpg,93ea0ba8ca35a6433a0665a57f722f5e439b120c803e32c9d431a5542f5bdd41,1b4bcf67e38bcdcd
rbg_000000078915.jpg,800d4feb64141487b944c3ccd32554a2dc4095589b8cb4d617066a9d0e7c6c43,89670fafef27674f
rbg_000000078959.jpg,e42bf26adeaac411f4714a1caa9a1c6488c2016cc6c4333f4ae1a5ab43f0b2cb,3078f06c6788ecf4
rbg_000000079014.jpg,5d11b9c5b9e3d3f3b752b2d12a92343ff8dfcd9399ace932a99da39b11c78720,839c36e36e3ebe8e
rbg_000000079144.jpg,befd78eebee6326229b4e6a7d2a012e43b2e75ffb2532eedefc612301aa205cc,299acb40d2f63425
rbg_000000079408.jpg,a14024d3cd0bc265333e329fd2e71adc3177e727c34293293aebf560135e67ce,5365724e5b512799
rbg_000000079565.jpg,e305d4b620e84ea3f9b37cbb07474aff5c4366a565cdfab35714422e014571c8,01060c2852528c22
rbg_000000079588.jpg,58724f2037f0a5ade8057525985d89ce00656d2d7dfa0ea94e91eaa57c275838,5843270790901007
rbg_000000079837.jpg,bd4272256b3e0eb7a4caffffa21bdbc72a66886c029f693d40afc5c9fe3c19bd,0b0a26ab2b4c0f0d
rbg_000000079969.jpg,eb7d3520f8ecbf2a6d27a70ce037402445ca68550184c88770a1c26d48521c87,ccc6b026acb40d18
rbg_000000080153.jpg,3805f4e59254e155f166f340ee8eff2beaea49ee475ae837782da3cfc65bf8ea,2dd19359797838c3
rbg_000000080273.jpg,ec27145efc9e16fb7220b91b9b93aac4529e9d68a30caaadd964ac9637af2c76,2734323333657253
rbg_000000080274.jpg,5959931fc8486dec496c32739dbb14666050b5830473dcb68a6796fd0b5fa8ca,33f9964ece92f0c0
rbg_000000080340.jpg,e1508f18c4ac16955c04c308ca464891d66e876beced4e32b408b382d0d72a33,3d74b537a7434766
rbg_000000080932.jpg,c5bdb620680ad74c2bb788cabbf3374d68285bec3a2023fadf0ffc7eb257ba72,b9f8971787c78364
rbg_000000080949.jpg,b61281d7ad2ca043eb4a6066becd42586ab66394757171ee2f31277241b4bc51,1f1e4f271b31701e
rbg_000000081594.jpg,da1be542992e54d39a236f475fe1593529df2b07cc2135a73bf16221f224eaa7,9bda53793472bba9
rbg_000000082085.jpg,95093d0378d9f82e4b825f77853e0ee881661c42b5cac9a319e2ba71117170c5,470f0f1347f3b83f
rbg_000000082180.jpg,b32a8e7ae788960ee14000bb2e77bf35a43714ec8f0279e98e5af9d078f0fb0b,2f0d2d0d4d03073f
rbg_000000082696.jpg,ffb33316dedb78408fc1b7db2532b4df3b2e35d3ae76162d333e92ea17c0164c,cf8f38369fd7741c
rbg_000000082765.jpg,08a5acac21dc27273e9de9c2466470b26b4af33ac2d56f2f1fac89a5603e6d12,0d8dafffae0e3f19
rbg_000000082807.jpg,3e179674fec6fc9f3ee3fc07038ede753ab95ff4b5a39916a10c6582427fed6b,324e0f0f4f0e4725
rbg_000000082846.jpg,2466395940f413b9b526ad6874a9db7a11722ac83a8ca9cf811878ff4f5efac5,10080c87d854c4d8
rbg_000000083172.jpg,1dd4184fea36118ad4cfae383fe057efa4c76acae104e18f9018b9a533351dad,c709190749132763
rbg_000000084170.jpg,74de1d85ded730e719dbf35407dc4160976d9da86f2b310f8df6bb388586afa3,8e0e2e2832331616
rbg_000000084241.jpg,3693d023840311f5ad713be15eb309903af0544215bf6c0388dd481bd280fbc1,9e9298d8d887d7ca
rbg_000000084650.jpg,092090a17e6fd41a065552fad73d54dd02a8791d28c8aaf22aba7772663f4b2a,bf3f2d1b4e6c3021
rbg_000000084664.jpg,f936a16148ba0460b3b89cb4f4aa3866f3079210b7e641abd0b016ddcd3e51e7,0d073b6ac8c8ec37
rbg_000000085089.jpg,6474030e7b7f2dae3314528ae109fadba237ac5ddc935325dba801d25d629dbf,03000c9b97903169
rbg_000000085157.jpg,027adfd5c8d13be607a05da2098af34e7350b5f70a5bfd16f266e8c802a3a59b,34b6981ce7835343
rbg_000000085195.jpg,2d2bb2aa6f3f14bec72d764a7e265576fd4403922d4840af927be8a2c7ad00c7,3f9f9b316821130f
rbg_000000085329.jpg,6f51ea5ea5be7df989ac264225486516e39c1cf90fe8a9e01b83c62a26a44f6e,07a7a7a7a7cf4d4d
rbg_000000085376.jpg,0c61f0ddf5a17a348a194e16232f78d62391008b3e0aa4a204ce77c4ef6182c8,04ccc492d1db0310
rbg_000000085576.jpg,7ae23b524896cd4c04a6bb5d80b769fe35a484e5a0d6b727e90f354c9fdb1622,ebb687d8cef77f5f
rbg_000000085665.jpg,fe1c7322f2441156bd7f77974f0c0ab9c78fdaf7fbab624e42ca82f567d628c1,f5ed96d9d96c942a
rbg_000000085772.jpg,c21e2a798c8463fa01aace0312ddfb55bd6898565c8c3f6c22e87ea0d803128d,ccb49d2d6da42434
rbg_000000085823.jpg,59abe2d4c7e4aa74fedee8054002db02fecc51c9d962cb7a01354c0f462f9dbe,76b48d4d48695b17
rbg_000000086755.jpg,a74db26f4ca3f29c0ea01b03117b348c4112b232981c739b38a9db336ce3bca3,6e43171b1b1b0f0f
rbg_000000086956.jpg,468cd2502e79a5ac8973fd4a709c620437879feeb0510d0f2dc9e96c29604453,20d4cec699cbcaca
rbg_000000087875.jpg,d90d4573a2b3d32f7ce3d704cb81b816f42a6326c59e935c6fa471dccc636718,2c27476f7f2f2f6d
rbg_000000088040.jpg,8b46197eff2bc39805e73ee3dadd8c48b81e42e645e2f733acb94c814fe9199e,a2674dcb9b4c4f1b
rbg_000000088218.jpg,faa37d0ad642b2c7a6f7cd4492abb29c19aca29937f0050181745e0f7e765dfa,000c2c3030716763
rbg_000000088250.jpg,48de16fc1752d2b8eef87d2285bbe9dd21139ac91be586a19d59bc02f6c12391,2d170f4c690d0f1b
rbg_000000088269.jpg,72aa4d9bb5c19bdaa96ebec98fa875c330eec634aacbe53e44f113b903db36c7,62c989622c53630f
rbg_000000088345.jpg,40ebe6d5cd43dd434e4d36eaa9e92a6bdea828b0ea3b2aff968e084377ddb3b7,252f1d222737272b
rbg_000000088462.jpg,fa00ce9c6cc6e2f87d98b48ce5b63e6f1ab54d954f0b062ee5eb38106d3b4d21,3333772616cf870f
rbg_000000088485.jpg,07cab32f1eac576ec11720ba77b4c2756a5d3f6cdd0352043c4c3a98b1dc362f,3133d2b3b39bbb33
rbg_000000088970.jpg,f38921965c07c50416a7f3056e15bd93f41304a2373c5ab1969965923936347a,a9295aa727b7e56c
rbg_000000089556.jpg,b78eb0eb1250b86210658687ff5063428e0cbff2858d4e07d8dee107ae1964f8,07af68131b18c084
rbg_000000089670.jpg,84bf20c54cc5e6daddd527fd075fb43fc62831ccd87ef6ff4a3d5d5ef5f236ce,40b03a666e5c7aca
rbg_000000089697.jpg,212184f1c130ab34054d031f6b84cc2c2fab3c8c92ebc8fbe5ca027c4379c3f8,d5931b376b67150a
rbg_000000090062.jpg,9817cac2a13efa5bb8cb41194ebf96c30141c4bb7b890470c6472073c262bc78,cfcf44c4e0a0c1bd
rbg_000000090108.jpg,3a9a862c237d03ab32d8b455de68ffcd4fd094f2ddd4355b95048243f59a781a,2c2e2f1f4e4c35f5
rbg_000000090155.jpg,5dce15f7160f3efd68efacab3932a634602533f30e0345967e890f883b8e5604,4712023c3c7c4e23
rbg_000000090208.jpg,76fd31012337caf86d9da1ecb11835038bc751fd2a5bbe6c0bc79e41974264e2,dce6e7a7b38fa163
rbg_000000091500.jpg,0ec62e31db905b4f6f4d52acad57f10008c95999d9c709b855bd214d63445c06,c8d8d99993c786b4
rbg_000000091615.jpg,4129b8e7fd52e262d9dffbddb3c5d0287b6e0cb0933315f84ddd1f30c0c98441,8b8ba736b6b4b567
rbg_000000091619.jpg,f8a2b4e4e006715d5d5cd17256e82c787d3bdc732d708bcf74645a7ed43ee7dd,c7dcf87d664f471b
rbg_000000092091.jpg,55455f6c5d2881d24a5bff35286940804143eda7a23fcc1ca9062eaedc144ef5,686b3da6e501696b
rbg_000000092416.jpg,41ef9ec2c7904241063d9a2b1bf579e36c3fdf7165387e41c54b7ec9c3eb232d,b3b21349e5c5e571
rbg_000000092839.jpg,8cef3815ef0704e21f1c9700db528de5159408edf517831c79b7eedab9a07557,5d66c6c26072032f
rbg_000000092939.jpg,c3803447f505acb9bb85664d24194d838b5edd59ca910bcad40794ff87164724,01921e3377392d16
rbg_000000093261.jpg,b21e5e3f4d9c8d16bb42b17092d2f3b73770048148b9782a5ecb99ef34a14272,6634c7da98d5bf5e
rbg_000000093353.jpg,a572d5dd4641eb49ece5bb25f089370c34a611eb0b4ef0bec16224902abd1e48,13930f49c38d9b76
rbg_000000093437.jpg,7c9c2698d8cb9f2d424196cd29bed724d7f9aa9fb0e46dc152b598c94861a4ea,5fb3b3b3436c121b
rbg_000000093717.jpg,5c6e3bbeea91c10e9fb55288c2b60305bf407aa5b74a9c49989d25a4d867604f,c9c0cce5dcf49065
rbg_000000094326.jpg,492ffd8a904c5f016947af4928607b8978c10d3d46dbf9231e394162c26f6263,1f0f37372d0cad13
rbg_000000094614.jpg,5e297de4a93c862640de2d457faf184f9881668c0cd479b13371650e860037f2,6f6b6b79531b1b03
rbg_000000094852.jpg,f75472ef14356bdc8149b4b36843dd051a09422e4ed9061f00660ac76bdad104,012133338de5701a
rbg_000000094871.jpg,568808faf0e3ca50a66434ac7b053c6f493e48a45bf986e8bdcc7c48e3ee74eb,31357363239ff8e6
rbg_000000094944.jpg,a3fdb98ece1ececeadca3a00c1dc4ef0cb609bb2efd164d58907fbe65a0fb3cf,030404c54b091918
rbg_000000095155.jpg,1f3d555cf1ca8f3778dda88a1848994114ab7825ba8bddd0e1d5b14bcae6a164,25c4d43194d4c642
rbg_000000095707.jpg,77f08286dd68f54e2c23b584c0c758e207ee977bb3f713cde4b05a2230aab026,ecce076762301497
rbg_000000095899.jpg,b4e8f6fc5440abc790184973e0ec44428be8a682be6be0894311477727a19251,36cccaa6daf6fec2
rbg_000000096427.jpg,e1d4d1457ed0bf6d415ba8cc4b9fb0dd48264c202a654f1d49bca95fce523e03,1135147030535112
rbg_000000096493.jpg,cecec146af7564d8229b996b99d25289924c039bf41475b0c533909699b39351,1c24b63ce4691333
rbg_000000096960.jpg,462fa51f7fb6fd5582896d04d8d58fde80e83b8f65420ca3c3d21c13fe1bca62,aebe1e2aa2848e63
rbg_000000097230.jpg,e1052bf5d22c952fb33bc0a068857b01009877f1a507e0133252ea1391e7675c,1c8bc54c31f4ffff
rbg_000000097585.jpg,2c741618578dd3a7b1e62de447e6a3d0ae7c7b34a927e51081038e857b65fe71,4b2b4b0b5b09696b
rbg_000000097679.jpg,7d636d406352e1643cab6f85925dd2fccd7ac11c471f1c58bd627a9512154efc,2f1f666402c2f54b
rbg_000000097924.jpg,015ca73dcfa846a1d24d87f7676fbb4e095fb044f378ebe9dfe3bf2ebab5a798,016de4e471c9c8e0
rbg_000000097994.jpg,bcc6c62fe3750227cd9cb23a1ed86c148f648c6ef825e26434c971880a2ae711,cfa3b3a3a3ca9c36
rbg_000000098287.jpg,7fb01a7509f5a6055fbbf717a5fd67bf07c9134a98f4dc7da87dbbca52a4debd,9358d98e269f1a16
rbg_000000098497.jpg,2314fd57bbc82c8b78f04594f2e61d7dda3e1d18f4e9d2946bc2329ee33f9ea1,3d3d35d5d1cc5c58
rbg_000000098853.jpg,0f9c7249f262966be9907df025c9aeb016cd38cc61446c5955941ea9dd1551c1,af892fcd0d133733
rbg_000000099039.jpg,03b7ba8aac61bb08650f9fb4bb0aad823e81e49156c2b5d15fdfb2d78fd4c3cc,4f4f4b4b55f3d35f
rbg_000000099053.jpg,a4e8405077a8f93115116f548e7d59b29a092a6ac2f749732a525e7b82c2f35a,650e3b6d9dcbec71
rbg_000000099242.jpg,bc6e184ebd294977c6de71d3ad8e1f495417cc75685e2e5467d025d33b17a832,2c9252123a3b0603
rbg_000000099428.jpg,12e52d374ea882e744d9049393126517e28291bb16af81c27d117aa090311a01,aceca4f0bcc084e3
rbg_000000099810.jpg,e11d04aeebd3f5ef097ee4186795aacd71f05916e7d6872e97b823d6dbb2d0f1,6767313535333b3b
rbg_000000100238.jpg,aeebb3301d652e291323df9567bed787a7966fefbefeb0629634424b1567769b,89996b6d69b8b492
rbg_000000100274.jpg,18a930e65771a5c2954229da0b448d2ab74b03a3e6179cae61c212d52f5ff3cd,37ced8ea4818583c
rbg_000000100489.jpg,70dbd90739c1b517faeff3b9a2b98bda850d03fc432a0df3a3f9ab951abd0e9e,50c864739b8292d5
rbg_000000100510.jpg,a2e2766e27122461d4770e240c9f9fd3e443fb369fd892703df1d8b2171dabe4,4c929211119cb0f0
rbg_000000100582.jpg,670b8c6c5a125c68a9a4c7d446504338561f2b4cac3e6240f776b086a6090a20,d030683690334f9c
rbg_000000100624.jpg,853ddfac5c8827aa25601a84670c8b162830421f9759ef0e21f9be980aa1ae98,4dc0d6d456133b3a
rbg_000000100723.jpg,2d62e673b3735d226468d7d6b166acbc3da5e8d2a3bcdaebfad3cceb5e6ef92c,a6d369a9ac6dd696
rbg_000000101780.jpg,b5e70b751fdeb00a722ea0da8b3f1c1f9b5813707b7d29289b506f1e42d60edb,cefb799b27242ddf
rbg_000000102331.jpg,d78f844dbba53d132a97a9a9f7ccf3ce68d509e5ba5420c123a0aa13e67a7884,d9343690534f8d27
rbg_000000102356.jpg,49f85db235ec68ebfbf7266a44dea9bb9ad36670800f6d439a2fa70c6da5d94f,763c78f3f8f0f4fc
rbg_000000102644.jpg,90c88dcef8f0c6af6a20dbefa8d1039ed80f64fe319e954de0b15398f610e6c3,583cdc9839379f47
rbg_000000102805.jpg,66e6c4530c4a84e97b77bf32227f5f7dfebb1c22accb0e7fa5dbd009308a8c0a,be6febc942cece83
rbg_000000102820.jpg,06e71d6ff0e636e73040f3013eab8b57528d09a5829eb2fddd6607655021ef76,2e2dadcdb3776701
rbg_000000104119.jpg,28208fdbff62ff77747019db73994925143bd58eab804d710a90a2f4ccc049b1,731b337372303111
rbg_000000104619.jpg,fee25badbab3d64676b392665523bfcd5babae659be992b056095272b4d3941d,6c2e8d5c67672667
rbg_000000104666.jpg,f3b813cb53d01a8ee122ea206701331b742732dedf1743803121d002187d4be4,0f0f0808486c4f4f
rbg_000000105014.jpg,f35e364bb8237ad5609f4e3a11220996b8417bd5241216aae82510f8ea368c14,2769cca488ccd899
rbg_000000105264.jpg,b50b07e5e896fcbca93bc91392a327bb7800ae9322b7331f577f41889fa01cf8,271f4de5c5cd998d
rbg_000000105912.jpg,371f4f6ea696a0b01e6f2b1a5a3bf27d420dc3e8c8276091dd8f29f8aa21baa2,ecf23ccecfccccc1
rbg_000000106235.jpg,525a4c70b1b323f85f2e61be1ada0c8b705ee7385aacfe88863a3fe8c738f62f,e1e5e4fdc1d94c12
rbg_000000106266.jpg,d89a23e849a5fae6b43d5401874c2fde051e0f9ee496f97647d965345e71a525,9b834fbbe74d4b33
rbg_000000106281.jpg,c0e4922ef54172a9926493ed866391755c885c4864d3e5d7721c6c3bb1e41c34,e390949b991c1819
rbg_000000106330.jpg,dca8fa3746600f66ac17fc04e6560b485566c4ef8b9d1079319e6ea4d73be7fa,1f1b1b1f171f3737
rbg_000000107087.jpg,0b668d089a3885a2613c16869b6f9e7e636fb94077185f30aa8c36da05e46677,290804488c88d0d3
rbg_000000107226.jpg,285a3dfd666d35fb60eb63b9dd46b7b49aae4fcafe194f51d7e4b446abdab725,8387f3735bdbc69b
rbg_000000107339.jpg,2f87cea6ff7cc56d497b7e1f7a37dbc753f1faa99713c7b2d579db2f75c50a22,9eb83a184c529309
rbg_000000108026.jpg,6c982800572919f01e3350f844e0486ccd37796624d43eb97659d098d553bcad,471f0c1e4b435b5b
rbg_000000108244.jpg,e39fd50c25c647c09b8ddde81b8d8c25f34236d268cbc4dc0a7ada22b8ab4518,9d2e3358e8310f0f
rbg_000000108440.jpg,8a653c900a287a640623cf3bc3e8bd6e6b88eb29d7ce4721c4b551368883e477,190f4769ad3d4f0d
rbg_000000108864.jpg,60a45359806ce8d17af58c7c85448e5c88fae98530c03846817ef186a24714ba,021026e0d0ccec3e
rbg_000000109118.jpg,2c2797edb0489b14e5e749a3711b79bc43027159d84550e5c7bec56275021728,94ce8a92b4d4c849
rbg_000000109916.jpg,b8409b5137f8653727eed92c375318c1c947cc2bb0cf75cc972d2293aacd9323,8316132336667218
rbg_000000109992.jpg,4aafa6196c1802e0eb2e2c39df41ab9f4b69c449c254a9663578b8a7b79c9444,3776efa4263e070f
rbg_000000110282.jpg,1c7ef576bd363223d4d0fb374272d157da94051efb3564f5ece7e4ceeec8e4da,030f0d2d1f3f1b0b
rbg_000000110638.jpg,e002401e4038fe47dbd68ccad90c1b5ef0365527d12fae72b4fbd3cfd7473dc9,cf57d2b8b0b0f4cf
rbg_000000110884.jpg,faf9801b8df916f8229df6f1e9ee1a5e67b70f9de6c1c1f217c2204d0048146c,9a9e9e1e1a32a29a
rbg_000000111086.jpg,8b472694b88dc4fbeceb75eddf052d2cfb98728161cdbebde01954992bac6aa2,49332fdfee959b3e
rbg_000000111609.jpg,f171d8bacd6c640ebaa045cfb157b272779ce4bd701a063371b0ca93b1682da4,2709191119191a17
rbg_000000112110.jpg,3370e26f1dd9c7d62cb4ed0b279e3105ab79f8e6e05b30bcb20600c52003af36,0e2fedcf33330f0f
rbg_000000112634.jpg,72745f191067274f5d022836a2e0f1e5b1b71a0d0fd4c750ce62584fd2ccc173,f0b4e5a617802426
rbg_000000113051.jpg,08e92ec10d2b3b5e1308e6853d50846fb11f718b57d1c4e32e302f8be7aac6a6,c3ef7fffdeeeddfe
rbg_000000113235.jpg,695177132c59b907f61d8ed33b466938f94eb4830609650dbe06915611aa8ee5,d3c34b84981b5bcb
rbg_000000113720.jpg,50d329f69ab8f90bf4b2b6b65a92e47086d0b802a34f8f3ed06f644c89050200,2d39367c9ee79b8d
rbg_000000114770.jpg,6c03190b20a3245cf365ba0ebf5703da632fe95a91dc8fbeed157cd59a74ee67,cc929341d1ad74f1
rbg_000000115245.jpg,31967b55cb57fdf83991b7aeb4076d91e4e5be51cda0a9400313014b97ab7eb8,488fe1e7f034b879
rbg_000000116208.jpg,455800547dc3e33f064abd5bbe743539ef4c9c376b407f4f19199c426f58a772,e5350e02499ae570
rbg_000000116439.jpg,a0e9476784e5398887642f7c603fa755b7aa19c0b03b195047448c75a926eb7a,cb5b0c0767078383
rbg_000000116479.jpg,420baef9b67e572036be48387c31d7223e618a74b79de5ecc2ac154ad1aa3b0a,628387a737461737
rbg_000000117197.jpg,fc504bd2e9215a5602428db2a642e3baa5e30920a57474dd3b27a21dd0b0f239,66ce78eaedec6c67
rbg_000000117425.jpg,3ce22b1b2e55db6f118b1b057ddb7563970d09bce66b4b95d1f896df88605b6c,c6c603232303333d
rbg_000000117908.jpg,551b548d780b0b4b4ce2aabb19cb249c9eb836a28303bb1239363c7b977166a1,196b6233939c88b3
rbg_000000118594.jpg,422552f71b460a7db60633b4037d9a3b97bf7a2c4eb4c91e4fb6b466b0619da0,657e733537334615
rbg_000000119088.jpg,21ef6c68c76d2430c3d2a51ed3d1566c653061835842ebc74cf5820bd79015f6,72b0b0a6da1b0700
rbg_000000119233.jpg,24bfe0c95b1dbd6163fb6d36c61a40958d03f8ff6e1a45a2fc4ae8cbb9c4daf2,6decc4daab65fc04
rbg_000000119445.jpg,ef9c63a81758fdcbc4351eac736014c63e6677387051351771ed7183b55daa5d,b77bf9991ad81b06
rbg_000000119641.jpg,4c194846e3c0bbac0667517f786ecfa4677d6687791a2a1123ecf72840370464,031361e95e45dada
rbg_000000119677.jpg,3916fc42936471ef0cc962c4585e309991e5a8ee02d8725e9e655addc53d00bb,b7fdcce8f0dcdcc0
rbg_000000119911.jpg,1b5bac3644319f23c90ad7baaa952666c6a2625fe44ef4735548b4b44b017185,632d090b0d32332d
rbg_000000119995.jpg,0fbce309f1804bc2de9718e820a3008d31df8044f66119e73ae0f7dfcee3e0ee,341656c7ca4dd192
rbg_000000120572.jpg,d4ef3730aa372a8ad84824cca2c1ebeee108687c89e80de843732420235289a9,4ac84f61390d4263
rbg_000000120584.jpg,68a7501ec90e6c537f1d0a9b7fac0e65b0a0b4396ece1f9a33b83804b2430ad9,0f0717237707b109
rbg_000000120777.jpg,2ac67dbbfe0acf69d409d57489d55b5cdb505c17c2af3998a7a17d8ae4be9733,c6564b6d69c95d3d
rbg_000000121417.jpg,eb484991351ad43a527aa9fea24f56216deacfe5cf8df2a49dc35bcd46e9490f,992613183e6c6967
rbg_000000121506.jpg,c343589eeba3701c2e6bc2b7f7f6c65eaaf9b2d998fd0402b90d82bdc69a0325,4c0d070d1b191f3b
rbg_000000121591.jpg,051ee9fceb50da26e27489f1a32afd00b96deb340ba7dbd08fac7d6761be0f88,00501a30357b7971
rbg_000000121744.jpg,c4c043b431e49c40234c49a29c9bb6fd43293e6272a0eb2c198d7c1aad4106b2,0d1b139193116363
rbg_000000122166.jpg,914e39f9c79ced1a519f1003c410b3ed7bfbc8315df4e0e0c35ac421079e9c6d,02810101998da085
rbg_000000122606.jpg,0a52f0b754a2d186b8c4a46e7f1105ebe61f18f1494d500ee6f39c75f6ce7c3a,607894b7838f8ce0
rbg_000000122672.jpg,19eba293a8434fe1ef14ea8ad4fbba2dd5f0507067d7fc0444de8675e6907c66,2c2d2f3c2f1a7af8
rbg_000000122745.jpg,aa3c48a0adbec4086965c1f00cc51400deccf197ec294bf6ad891f1dc4e47d82,0006c6bd9b060000
rbg_000000122962.jpg,cbe230270c69febc336549d68fccd0ca50f6754d58d8fe917b210c8c5f8ddf59,838d0ae64dcd9999
rbg_000000123321.jpg,2284bf1ac837000a2aa6b1c4343bbfdc00a06a9aad84e491762e98b0a176e192,7fccce9f9f8edc70
rbg_000000124277.jpg,38b0db0e5567a75db609ceda8b76dd0ff1de74ca35f0f93ef26bce525de9c315,f4c1c3e011b8f279
rbg_000000124636.jpg,55b77b7f71837b167505931989f68f88bd728ae64e2ff920de881b1cd288b44a,6632b890d686d79c
rbg_000000124798.jpg,945dffc0d0e390d50539049ebbe2a80691f9f0c5bee67bc10a6ecc57a08ae536,01216745806c4d67
rbg_000000125129.jpg,24882233a60e42aa0f1b31cf3382af6dc8e0143e608040655773070a9d32f11e,4acece5d0e8ee627
rbg_000000125245.jpg,c428fc14f49e6bbd35aa8d70ff85e6a59ceb706356284b9fd6cb9be6b5080846,1903430dadd99933
rbg_000000125806.jpg,88b4f79d99e8340e74be461d754d9a3ffd60c39094fdf652bc2a4768248259b4,b2ce61e3da9b2e26
rbg_000000125850.jpg,51d0940c01b87029725eb725bca9865289c9b350c3bccfb35fca1747440a1857,71f0f2aec6d27478
rbg_000000125936.jpg,27bcfe9eb5af5b0a9aabbab0d654341103c341e05f934b4174c11f6f0b130a32,232a6aa8cfc3939b
rbg_000000125952.jpg,5fe3817d2e10d0cfa7d6a03fb4bc14b91ad5b080869e171b58346decebe46258,696928f8d8c8e0f0
rbg_000000126107.jpg,deb91b4988babf28cc289521d785b3f4c4e3ae03c50f946ec5a8420484b514d3,7171d85dfbe3effc
rbg_000000126110.jpg,68f6289ad123cea10bf3111a6776409bf571d0b57a1453475debe54e1a36e961,726b6b6d4d69090d
rbg_000000126137.jpg,dc85b8f4b20db9a7c5e66335202f9f2b303109e62af82536862ba0b4ce98d065,ab666fcd85275b59
rbg_000000126216.jpg,a47e503b79bcb9ba5ace1b0d35148108cb6566fdd5b78dfea4d5901cc176656e,cbce47c6d62f84b3
rbg_000000126226.jpg,731fc25ddb12d91a6799cc9f96308c7afe48fdcfc98f75967d1217e46ce3c285,466223a383030142
rbg_000000126592.jpg,69e4bfc82b8c7c258b1eec413754609583c42488e47af994ba561c77ba5f6a0c,2b33b767ce1b1d17
rbg_000000127092.jpg,9cbae776d4643672174a2b799df2f404e254f078ce0204e39e287de0e60751c0,6767e0b43415dc56
rbg_000000127270.jpg,37348eec08d518e1e6837e90ea3e0879bba5cc73647b1179c4ce9659f19fe0df,c7d8131fb2616d91
rbg_000000127394.jpg,208bec356ae7907be5c488969217d8976c1b265f8c3d4e164362951ec2afa4dd,56f6f3db1c3bc3c3
rbg_000000127530.jpg,3e2c768ec54f246a7afc661911b2e915f9c526c707335620e0175e37e01e5b6f,b621052735352746
rbg_000000127624.jpg,6227325ba425dd3ba148eb0e02605a114824f4a66d8a6f387286895f30480129,bf2dedd67afceced
rbg_000000127660.jpg,13db68fbe96c079cc211cfdc9399c65a01bb66f8494087df76013084c72749ee,0f25696860c48c16
rbg_000000127955.jpg,1d15001814fecbba57cb47fe3b99ebbe99df5adef2974589882ddd0a7be06e4b,d0186ccccc8a38b0
rbg_000000127987.jpg,16e49845f6cd3312c828045385cd41a929b02bcdd351b4b6331acfcb791c63f9,2ea486c216180c9f
rbg_000000128051.jpg,2497ae695583057b6adda26f862de2287d2052933c14b7f0a6027ecbb09a079c,10b67656d6303840
rbg_000000128112.jpg,39bfc0d7dee7c2751679be04277e653b7305a86f055d7145e9a5173fbd40e40e,20db2c21389eb713
rbg_000000128148.jpg,b2736f6e0e22478489be44704a6ba15ed1624addab7465f1bb5ef616bbaa64ea,00e08682713190a3
rbg_000000128699.jpg,70f239bd0e3793d46a402cb76c7a1a423ff22d2d92df4ad388d46581d76d3464,b63931335efb033d
rbg_000000128748.jpg,83be757b190c08eb1fb37799d4d52ef0c0fdc2ab2afed2598b6b0d76388e6663,5bcec6666426662e
rbg_000000129054.jpg,b499404f1b12c09135740acf268306f73ecc23c4f0259c5b03ae5c06e45a2d3d,3342da17cc6e0f1b
rbg_000000129062.jpg,a5aa8bf64678f4da55e3f55c4a4802b48ee8ca9c4be69bb985702f746e88bf7c,1b3d3c3a3365c5c4
rbg_000000129492.jpg,054b4f666e859aa30ffddfd896c7f1fec269e0a9dd7cabc086e97d3d0e791ff2,4f4fcedc9e9e8e0e
rbg_000000129812.jpg,e2dbab4ad13bb7028fae05f009fe64cfdbaaeb4afdd8bb64e6135b91b3e39337,b3337363323b0b0b
rbg_000000130465.jpg,92d7bca3749452a0bd5c240e1a9a23f9c200bdd7f91047be96ce54b827aa1932,042c4ecec692b1e9
rbg_000000130566.jpg,43c6b626680ef806d2eff9b48f2256f74c0bd373d1cfad8033d2deb06e75d512,06198d331a0e2e61
rbg_000000130579.jpg,76251fa331d2ae25f3f9d7efdde7754a444d8638627a13bb095f491dd41f2b4e,1c0713132303151c
rbg_000000130599.jpg,669aa9b450c1d423c450da6a9e25cab88a9fcbc61b447028248fb748a0925e4d,1f8b0bcce4ced051
rbg_000000130613.jpg,5b4c5672770a7c09656d7d6feb33381985c4d7e325a59c8758bf93f1151fada7,a3242851a99933cb
rbg_000000130699.jpg,d03e2319292a5fbaca1008059647103325ead81a3088dafabf4665cf9e79c48d,47142d8874a51f1b
rbg_000000130826.jpg,627083ddc24d3a1d3930381e78c17af17c324d70330fc85b2773af64609182bb,a72aab9c38d898da
rbg_000000131131.jpg,af525fcd8c44989eaba2a16cb1fc63d8cc40dace49ad01da74dd0938ab250006,43c09c326aecccd2
rbg_000000131386.jpg,57a16d027e0cc4cbac2a9f444df930cfa4acc95a34ef6cd378fae5877d1e389a,1202611e7e781829
rbg_000000131444.jpg,87ddb0e11654f3e3ad19bcabb0614b330178118121f1ca98ff83efbea0c189f7,785c9f1e465757cf
rbg_000000132408.jpg,a372ae17db103004a0f6ae5eeb0c47f6dcacfde552bcbcbf75ec03df18f8ead7,b69bdb96b4b04f6d
rbg_000000132544.jpg,4cccadfc39b2531f519500f58f63d23868f6e357831445c40ac4d03a0b83aadf,3d3d95bdb5c0191c
rbg_000000132587.jpg,f2d7a375c81ce81285cb8fe0578803043235c95dde6b46f32b40d08963fc8fb2,66676f6d67c3a733
rbg_000000133000.jpg,1c2d685223f268f113adee78f6b1bcc25f4e4fc5f6f3bf0aded75189edbe0c53,1d361518fefa528c
rbg_000000133244.jpg,3843f42ef753e692fdbbee056fde168d4dfde0e2415dced7ecc0dce31f98c7a1,b541c62323b66c68
rbg_000000133343.jpg,637fcccd536872a3811dddbe00a7f0daf739b83963f4b7965bab2a956e8a4319,c386165e6b269c4e
rbg_000000133567.jpg,aba5ed0528d69067d47bfd8338a85f048f2e0c38ca327ba937c05782f9ead100,3878fc8ecc0c0040
rbg_000000133645.jpg,687caecf4f3edc3281ea0f5669890ed8b5bdd9a312806177e310becb0dd66c35,4b0b4d4f0f270d10
rbg_000000133778.jpg,cdb93a269a84fd38fbe1081efe715586bd4d693bfa11d7f8c9a38ead4996d093,004fc9c1e1e3d3f6
rbg_000000133819.jpg,ddb32ae4d1057b76bbfcde96ef5b03c0df64811155bf2da75ca622f83ddc1f29,675753b59b5e73f3
rbg_000000133969.jpg,e14da57733404217cc53a35668cef904bd618594cd482aa0a29b3d2cee448e53,24cd0a8ec64689d2
rbg_000000134034.jpg,00ef3a1d709c8b6dd475a101966bba35926e548a59e4467ffbe40d76be9b45bc,d0c88797b68eee6c
rbg_000000134689.jpg,f951a4e9e970a0e2d19efc702cac3c01f08cae3dbe6080cd91c218509b008c01,978cf9f386b6a303
rbg_000000134856.jpg,6afebb491383a28e60e7096e8386a9dd469c9b2f04a3a9496827e54d0fda95e5,1f071e3f1f3f575f
rbg_000000134882.jpg,d2a42fe606563d125e105246e6cd473f098338364b51f085da8a97d5943876c5,8080a0a0b2968081
rbg_000000135410.jpg,603013773e6bca16d1e4af56e76b38b3f7510c62d41e6089072905419ef4373f,f6f8dfe3d9d3d381
rbg_000000135561.jpg,9342497f96050e68bfc92be5784941ed405606c0ed2625de1fe251f5a9b80ac0,1b383a383c0d1d74
rbg_000000135604.jpg,57dbdf8200612aa0667176be3249ed7e4401f8871a3ce5f31a4f60328fc182c3,d5f1f525a981b304
rbg_000000135673.jpg,371cc6ced2adb3ac332df37eda1a2f5a7816d7d27d7a5d1212e2b42acf4f826d,0301012505030101
rbg_000000135890.jpg,7c3b5e6755b58d55585200d2cf15fd46d0119dcb4b507d35df34f4da914f8d03,6f67e7e7c2c3bc61
rbg_000000135902.jpg,fa86b4cfa8c271862e2f1b2e235a94a7a2362a1ba03d75185007439f3344a21f,f01e0d38a0f07c67
rbg_000000136033.jpg,66a23a2dcbe3864bbcc3b11c51619497ef356e7626839fa9332eb10a1cbfb26c,2fa7acaeac2c2b25
rbg_000000136600.jpg,d60884afbf97caa7f0a3a6ae37eb8b25ae61be3abffc25192622980f177afcc1,2323230c4c4f060e
rbg_000000136633.jpg,e17dce88347077508a93744ef611bca52ed5d8bd84112cd950f530bace6ece7c,d15e1f1c06838799
rbg_000000136772.jpg,242886836ee682d105fdfac293c7eaf234c99d557a4ec7426c533fc6a66952fe,367148dccc6870ec
rbg_000000137106.jpg,94252a58ff3899bb83b0a95ae9d6b296b774abfb2e53bd9dd05505c17ab6cd6c,0081c838390c079d
rbg_000000137294.jpg,40e40a3a7f9cb4d86b40ac6cc4a2eff59cee0d5d0434c573393e9ba16780c4b0,82ba9a3a5e587c38
rbg_000000138241.jpg,9cdff3cfe0ac1b0e869e41f10d37b7c774cc68f9865dad10817e2ec4038f0a13,e6e41879f9f1730f
rbg_000000138954.jpg,14a895c56f6b10febc4006ce2d8351f047cf81c0288ba1e10f7c86d269e54822,0f0f7b75716d0f8e
rbg_000000139077.jpg,f67d99a53607c04d909ee73d84f1e48f448ee6b8051f8c35e10e8fac33da750f,9bdac86cf46cccf4
rbg_000000139883.jpg,9fad971b935bef0756c704a577e70cc456baf4f8065fad32cfd4caa7807bfbd7,c36181919040b030
rbg_000000140270.jpg,87184354a20f84b77c00d22defce29899dd8a19e7a5be2c65c94d77901d36688,c2d3533c3435128b
rbg_000000140286.jpg,681299c7641870a8726d0d043e923e9ae8b72080bc316ef2b0200d58e29e8974,db372525290b5a6a
rbg_000000140420.jpg,6129582d906698ca9785642983c58adc22b8e4d32a5be24396d6c4f8369dea5f,074f4f4e4d8da0c0
rbg_000000140556.jpg,132750613623f8796699dc0e4c6f70aea6c9e0fa09dadd37d72b9df729a01a1f,619e941396e6d2d2
rbg_000000140583.jpg,32fb5c808efcd3187ddbc6449b4a564db0fef52d52c272168a0418835a655cb8,1d83934104d88c0f
rbg_000000140640.jpg,55d003ebb3d7e36f02a4b4ef36ed08aaf85cef55fc72edd2c2dbffb853419549,6e6e564f46444159
rbg_000000140658.jpg,9e3d19463de795f192bc766c34422ea1c21c0cc864b0748c82600d21490d27b3,2160f8ece4a6ae8c
rbg_000000140840.jpg,6e9a30e9383f7ddfaddf44a787ab4ff3c57f107182813d93ea5499b3cbd40b52,030e333756163614
rbg_000000140929.jpg,e1749ff47206ddfdf83e71ad9377ae5d3f3eb5d0ac342194f080eb3c9c56a77f,606c0d0967f3b85c
rbg_000000140987.jpg,d27086b222411ecaa834b0f14ff635d155884bc38eacce0ec7c33846a07df322,6bebce0c2233617c
rbg_000000141597.jpg,25c14df824e33813379628baba9adad6a93ebc5003667a88ef3c113d74689c05,0e1ee6ceb8acd453
rbg_000000141821.jpg,f17f03224e399c8bcdbbf847ff5ee107bd55e64bfbf185a1443d82816edcd5be,0113131a744c6430
rbg_000000142092.jpg,4fb3b673ad3aa73c3ee1d95367f6e8158c17afd203099e1ec9b40f42532275f4,394e9e93c7c7c5f7
rbg_000000142238.jpg,a688d105dcba71b91a54d447287b8fc48ef6c1bbbeb9641cf85122fc11b5b7ad,8ba3c9ca4ab4b20f
rbg_000000142971.jpg,837a1b9788dc54393ec3cc7e8522e12e4202b83abc0e7f66b9d3f9954e3707bd,0d1a66e46498d8e0
rbg_000000143556.jpg,8796eb4143b3da02d221e2f004e8c4175f126000e016d82000866b90f6a34cd9,5bd95bc74eae8b8c
rbg_000000143572.jpg,fe3203e5b883c416d43c1b8edfcb052767e07a0e0f7576c9479f1994dccb9799,0b9021650d870b12
rbg_000000143931.jpg,45cf81830e1b95dc25a9be1ebdf2798238b9bda4dc3e34e589442c5c9ad98aad,85809c9ff6e6c6a6
rbg_000000144706.jpg,0cca792ee55651c6cdda13c2f01a4047ee7423636ad1b6e8f4f124c4411f6b3f,1507735747478503
rbg_000000145591.jpg,6a24f1f6f25101321ee48209a2e1a554f3a8e220f27e06a757db14ab29854ea3,0d1c1a327272767d
rbg_000000145665.jpg,c1ad8252ba36ec00ff29b5d9075ddb1aa0c69d237062f08b4de6be836b694753,3333d13c5fb7b30d
rbg_000000146489.jpg,6b458ff1cc4ae8c4006f460ea0b10b0e60f1e8c5775370717fd1aa5d082c4f80,69676f8f87676703
rbg_000000146498.jpg,491c35bef8a47865501bc7d39ae7fe750b4a7760d8616bab5e260320a6bc161d,276e3ef3430b1909
rbg_000000147205.jpg,74fc3ba76ec96f8c5c3a8f7309bdd00ceaf37457f15b06ab6631e26e6b0e194b,63d39f2466f6dee0
rbg_000000147223.jpg,34a43301d0c0ac91ed34ba369610164204b0d23eb321d5de28f1e956a566eb54,cd9b9cb87cbd2960
rbg_000000147498.jpg,70c27d6d67cafe8d0d5a91a6913bc26ce1ba68f7cb69cdec60e96894ac1ec5d6,1f1f39f367cf1d2d
rbg_000000147725.jpg,38d78e088e16ff5b2d6340fa27f39fdfe7c9c1f2142b4464a2f79b27fcc49602,0106327144c48105
rbg_000000147729.jpg,782dad235c2987b86e846f5578ba997f4388b37d57ebd35e85a1e5e87424c1b4,dc26b5dd7df78909
rbg_000000148620.jpg,1895627cd71d8f224dcf6b6f0b05a4b3f69fc73d0483ef28cc978b03f81d92c7,0606c7cd8b0f1110
rbg_000000148719.jpg,dc5224344a70a6bb7bda0d21dddeac70f599aeaa35b2ce1fa3620821c6de4bf0,c969ec9e2c6cf121
rbg_000000148730.jpg,e1157abf80187c27a9cfd4e2e22a5acb7a781701f836db7a9736937fd07aacc9,e0f8f0c8e0f4f0c0
rbg_000000148739.jpg,70adfe4defc746c3309c9ea076c65207924fc295b8cf4772b445d2ec96486a85,3566989c0e981e98
rbg_000000149375.jpg,e74de7a5f028a360cbac51ed8ffd64e3dbb1516a7c0f4cb3e0160d89ae4c8530,9f1b091f1b1b0f07
rbg_000000150224.jpg,fba9c21e16adb27446e532e7ec8f6cc9b0065fc45c8e688a66fed7a3808d3b8f,af1f67a6d968acf4
rbg_000000150638.jpg,c7847b6a940733f7ae4ee04c5d6a524c76fd9659826dd6269c4564b07f5bc8cb,36d01890a0a2664c
rbg_000000150726.jpg,21b3a0928964f83cd10bcc2766e27d7c0a574e1a1477dad52703e5594670ca45,6c6a17da70f9f9ec
rbg_000000150930.jpg,15d799496fe401f55b83db9a8cf2df0ea9e5d0858229b282957df02085706e81,91c9b4b461fc1812
rbg_000000151051.jpg,da7f044214ff627a29b11ca335b2a73bf8f7ba6f999a04f25c614679bcac544c,acd69b484ecc92c3
rbg_000000151480.jpg,139f4857667bb09c0f197bf65644e9640ad9e9111fa56e37c057e455f9ef8d6b,df868e81964a275d
rbg_000000151820.jpg,2fa3ec0a2091a4e4a8953dbd434ea05450172bb75c7ff49aca32d82359539ae9,969696168d9c6634
rbg_000000152686.jpg,0a732c08d066aad4395efecfe4c84ba6573b15330bac62c1b26ff0c3ca9db6df,0b0b0e8b8a8f8f8f
rbg_000000152740.jpg,755b4c600a7d7fb4ecd83f2ec099f0aa2a36ee91e747849ee0b08ae7ecae5083,d272a7e040cd8d16
rbg_000000152870.jpg,2b9cb60ac748af12bd1cd4e3b780e46ded3da3218b4b80fe99de2f8a3e61a555,149cb48dd936cee6
rbg_000000153229.jpg,6fa2b9017bab8ceb1635e1eff3ffd43225127d2149f0d465fdc5e30d41174003,634b26a3292bcb3b
rbg_000000153510.jpg,cbf6cd5b43a03cf1e7abb01f239c577d3125285b00b463991145b9b6929a6d3b,0c928aac35331b19
rbg_000000153527.jpg,ef889512b7031a1c50bd2449664de3c74c77136f782c4fef08343113a7376762,3327edc9c8d36826
rbg_000000153529.jpg,a7fd364903b9b75a4080b0e39dda9b6c17b89179e34152536db0d38ae3279a2c,6f6321537363e3f3
rbg_000000153568.jpg,2572061c45d8a5928053f6fb64ab672f68967350ee07aaea7279fe0f02c51d33,408686175286c451
rbg_000000154004.jpg,32d1a2f07ab7734a4b8bbdf10ac15fed3bb65ef8d9967911bbc7a64752ef21e5,841b533363e301b9
rbg_000000154358.jpg,b3b9728c30e1ca572b359f75c0937f05682e4d4bed9d69bd93ccfbac014493d3,1797cbdb3e4e0e1e
rbg_000000154431.jpg,64eb99d549bd4e20a1768c9fd8e20e1b9177d38ed612ac5be3a91ef9a317be38,cbcd4d0e29282b02
rbg_000000154947.jpg,fb9400311bbde465df0e2406b88fe9d5b02424f28e7b84be7b6fe1c0007fd5cf,81649b2f084d4b70
rbg_000000155145.jpg,728cac372405c5a25ea4f77f2fa29c19e6d2a3b50177d1b7b1f91498773a4591,4a49569b3f5f1f4f
rbg_000000155179.jpg,df0a53913e3fb3e4decf13aecb762fe0abe287f353d79af26eb63b13002f3852,a4c698d8868c6907
rbg_000000155341.jpg,319c8d33adbc7718891fd134d321002121466e32ff4c877ef0014d2e1f1da026,171f1e0f9a4a7337
rbg_000000155571.jpg,d7f93778697b4e70e1f483cc2828a5fc0ac45c0c801122a50cd88470e2ac55d7,0f4bb39b8beba763
rbg_000000156076.jpg,49a087bb469f223f392b8f0b62fdf38a8022067f52e22de9f21f49cf546e56cc,cbd1e79599664889
rbg_000000156643.jpg,9d16c4c9af76cdf2d8163e07d0257958cca6f39f42aff0bf3c5713c070b83907,2616591e0687174f
rbg_000000156924.jpg,082a70c2f73301eb02c31170e638a0b4610f299b242c0af232954b7e2766a55e,29376c6463f3c1cd
rbg_000000157046.jpg,cadd4ed7b812dd75964015ba1879c6c94c5de1c32e077b9fe4498bc16aa007f4,26c66627272d6cb6
rbg_000000157124.jpg,654b7bcb5c100947459fb30c3c0a021ebe9d7fcf6d72843e2cbfe22ad35976c7,8c1b17264f9e0e0e
rbg_000000157213.jpg,8c5c87cdb55af6cad04f16931b2fe347e872d4e65bf08f63469033698045d509,462f9b9353633219
rbg_000000157365.jpg,5cbfd4a00bec8586b5528c968a62d109e028a7ce99cd843b4862313e52934b43,a2961f1f9b060f3f
rbg_000000157418.jpg,55c8a8887a34b79123d07d8719cd0ab673b8ee1cd85433fe06d8243763217ce7,80202110e74c6773
rbg_000000157756.jpg,d46a285172f857e1bbce63263da95a0e0d632f8f118c158ecbf233f83012f913,0c4c8c4dcd7011f9
rbg_000000157807.jpg,41a423af33123a924fd6b38d5318c0f9db0f83c139d32b718b2b09fc6bace310,333332cd6953231b
rbg_000000157847.jpg,884c2da8df372fe7709bb2e305a5a00fb214734bbc796e839265ebb4c715d5db,20120b191c0f1703
rbg_000000158227.jpg,390ad996e8ccf072f6f95ca655cbc9304993e52712c3e5cf5610f1dd473ce891,9c2b2b31bbbb7152
rbg_000000158945.jpg,d86467a75ad39f01f62aa5335f77430f3f769e40da2f76d2dee08544470ade53,1a292d6574549486
rbg_000000159112.jpg,6116cdc3a5a1425a07aa5cfba05a6796ee9b3a618c39d0a4d9f74927b235c1a6,3236bdc92933a529
rbg_000000159311.jpg,75e28cc8ea7413ccf7fea0be2661d5ce8448dc71ded3d8aca3ab66701e66a2e2,67b3a17c5c5fcb83
rbg_000000159684.jpg,f5f26f6704e4727abde068b5722899cb8e3753112664dfbbcbbe7a81337e06f4,73598d63787ef0d8
rbg_000000160772.jpg,035638d597bbcdefb335bb51444b364c8a1c81fd1151e48e7a195d1a88c86d08,1327a4230b457a3a
rbg_000000160864.jpg,d5b23f351cbb928ac727e2265d5fecc7de223ccf3773a0db2754de474da22ddc,6b6824b5252a8834
rbg_000000161008.jpg,089039ac4fa151ef5e1899de95ce54e95ea255a40befcad7d2a9b9e3b08f2518,87a72b2e2366654b
rbg_000000161044.jpg,c9956965842a9a164f3159e7e490468dff2e014d899be5273b079c50d5180d3d,015d7c3e0f1fdfcb
rbg_000000161642.jpg,f42e2e6ab755f03080aba6f52303a076da6e0338be2b1d155fd2c7429b8e65e6,07e1c8cce97127a7
rbg_000000161781.jpg,86fc446483d5e1e6a3d966047a6e3c703ed1d86b32a2ad1db62a4beef5b0d7db,0d060662181b5907
rbg_000000161820.jpg,311ab0535c15129dcb268a961e6b8bef6750a1bf8e4fee2b53d9b3787c1ed0d4,2d4b0f091b1f17c7
rbg_000000161879.jpg,899a765ba61e9f1252055941a01b2202e991d7e04153c18ac7fbb1cd17391bce,0121019fd12e2646
rbg_000000161978.jpg,e63efa78dc3ef4bc5490566bfac5a21b3669e1ec12f3dc700462cd6c196d46ef,71e38fa6b65373fa
rbg_000000162035.jpg,f07051c2c8d034b88da1c75697a0d1d7ebb424c9db8afa5c8400afed6a25c802,cdcdd5ca49cac694
rbg_000000162543.jpg,5faf38e79bcafcbd4ee7ac0ab9a193d9a2d652918a176951f592938ab2c6f8e2,cf434bdbf3f69e3c
rbg_000000162858.jpg,3850ddaa772d9b9532537097527759d3ce05c0583f05e5b77561f654f8631193,c7b1ad3d69e3c3e8
rbg_000000163117.jpg,7ab350becc58d80b675f76a0e895b00c98a1754f17f4cff92987c2aeef7445f5,9d5f311612566933
rbg_000000163257.jpg,9504f1c6b744bac92a9072750b9b27e223e707798ef1a6e14afdbd867113e9c0,92968befb1b1b1b1
rbg_000000163258.jpg,34f33f906ced40e0a8335f288db9de09987746818aa39cd1e6037716de827ee4,1d5d1d0c4f272726
rbg_000000163314.jpg,1d7f57a5231af28a959bbdd27e822219ab0805a8ef3e9ee507153928084ccef0,0e0d1f0d0d2f2707
rbg_000000163682.jpg,ae6c017e2766e46fc7f2177f023c6696c3fc6cc1978c0f4c6544e8e25ad956e0,9d9bb373713286d8
rbg_000000163746.jpg,1a6a36f8e88b5ff69228ddd0e9ace1484d075de3dfe55f73be3e658b5ab5b726,4a3bdc9c99d45699
rbg_000000164115.jpg,320e938cae3e73a644d301d40748b400a8f72949b01c9e7d16aef9512630bf8d,5b58283b12360e0c
rbg_000000164363.jpg,8c74b5f85f86940b3909c7c52bbc1b33be2a3dbdcceb2c3cdcb97090e378ad48,1703372317070fcb
rbg_000000164602.jpg,bcc0f7303a2b0a9dfe5763b18c7be050166fe770d9ffeb72f0f97571f08179f1,4c74323230382834
rbg_000000165518.jpg,733bdae7be5bccea44a0e4b6e6f079d9da9439f94d721db53694e3c01eb70f47,8f8f1b1317131305
rbg_000000165681.jpg,7b23b958379742bd1fb13ade9a86b3e134a0493edf45039d3786e126b20cc9b2,b965c36c88998fcd
rbg_000000165713.jpg,e58c9a477b68fc9a01a656b41202451683a608ee2629455fd881bc2252f8c22a,9d666e6bf970ecec
rbg_000000165831.jpg,b59d2f91ec793bf09d623cf78e0a48a412d8428277e237a612307470c9fc651e,2b33aaecccedfdbb
rbg_000000166277.jpg,339f27367484fcbe52320570a985448dc0314a584b0b86ac0b25d1462324f8f0,bede1e5ecfef6c68
rbg_000000166287.jpg,8c1e01146df6e51a43b12bedd7913834d5ed8f91031924a964e915a74cc9f72d,b7b58b7367e3676f
rbg_000000166426.jpg,ab500dcc71acf5f36ad6538672fd451945c127cb49b35415dd86a7c1ecbaf2f4,3159496971b2e060
rbg_000000166478.jpg,fd8bc7068c29415b1b343de153a1f77491f55f2ac5aaa3994a3ffa884c08d884,27c7c7a41bd3cb93
rbg_000000166563.jpg,c8478b6b153105a252bd65c4c415da6c1f37f249e304cc6232d9b66c501e6d49,a8b93a321b1d549c
rbg_000000166747.jpg,a49b8ab0191de258ca77c4be4cd50a91321a2fd95f451e343eefbe8e21f44d82,0e31b0b0b1d01e5b
rbg_000000167540.jpg,235c6463ff6e4fac17eb7d9754506bbfea327307308233d066143faccfeb0e96,e9775b60f1950107
rbg_000000167572.jpg,985b318c5c52111da4903ff3d504d415b84251eaad8d4d129840e8c612aa74a4,311556383626329b
rbg_000000167902.jpg,59b7bbc9fc78d7673eae4407a75dadc7eb1e98a2d54900651ac08b4523bf062b,0b9b8da591319fd2
rbg_000000168458.jpg,9d79b9739c0ebb2089e3475b9a664ebd982a1b6ed2d93739590a5bbc1f5bbd5e,c0d0e2e568e8fcb8
rbg_000000168593.jpg,4cde21e74bd39dc0fedff67ee01242c84574e08b6739bf3188180b5c35b250ca,93036b6b6f6f6f6f
rbg_000000168619.jpg,dc360e6145b1b460c6c87322bb254c8d71f0a1dfb661e88a0ce215cfd7ea818d,0b078e8c8aa6b6a0
rbg_000000168883.jpg,f3247a56b457942d6a1237338f64949f410361471634b5610f348dfbc6641be6,16aebe776f685373
rbg_000000168974.jpg,e994ae206640b01c19f9eb73c9f9231e73057fb09292bb152de9a884bd1837a7,8f0e0c46cf8f4f9e
rbg_000000169169.jpg,d267375dc1802876eeafb14a9da413bf1f2f9bd802a1645ebbf3c58a41520cf5,ccdcd933f09d94d6
rbg_000000169356.jpg,acd7784c7a33da47014e5c55118789be664617e8028a8d89ada6b59b9212db25,92d9e57831364b1d
rbg_000000169996.jpg,611bac47a27ce814dffb589dd2ed663f447b22aed5365b95fce142dbc6ddcc08,1b2b9bbb26043141
rbg_000000170099.jpg,f2a5b87c4a5249e6b7c27fac24fb1e2994ebe22fe2a2f205f33893965c64b2b9,4939a15959ddbdb5
rbg_000000170278.jpg,5de7f5b7b981875fd86c5497811da825118e52c58dfed8a2658e80131c99e5f1,30a0ec6c5296bece
rbg_000000170474.jpg,2d4149577916ebd7febee10e39484f34442e4694ba167f73bb8d9d8d2a979d61,058b2b0f37677955
rbg_000000170545.jpg,2ebd83983d8d2c97bbb5d4c08f998384b810c81680e99cb410201218eecb7493,03049495bb9d0107
rbg_000000171298.jpg,5608dad6ff6d7269a01113064766089bfc827e623f0d29bf36a7748a84e40aeb,31959696d3929633
rbg_000000171382.jpg,f96faf8870853b0f11e2746eb86cb0dbc7e34c1b4903e3d912aa857002ef9bf3,2090c445564ed084
rbg_000000171757.jpg,2b1f3289118def85d351803e8afce0429c2deaa6e5bc290e3ca8eb50cacd3edd,6127d08484828084
rbg_000000172617.jpg,1b0d3054f74fb3a474d5a92907f13a8dfa879b1071d81a533c1bf951f26f94ca,c7cb27f3614ddab1
rbg_000000172877.jpg,079e9dfb3eb9067760e402cb6d52b7d48037dba9ed1f81cd85929ec4b1c43ea5,4171f3f25ad2e4cc
rbg_000000172946.jpg,1e756b137d72a1ea4e07b4689a55905202f5c01270d48009877329b0afc5e81a,d94b839b5b1b2930
rbg_000000173004.jpg,8a95f13ac967348425eaf8a9b0d965e0197637ca107cce5c6383724ec8fb2350,0d4cf9cdcc6cf892
rbg_000000173008.jpg,57e4391ce5b3b06e3b778342e9c4272a9a4a93e9fbb8ab8270f4d0c4dfd3e5c5,063632327b733362
rbg_000000173057.jpg,7fede90a53bf0dbf3224c93f00bb84cd669ba68838b59731bb0482d7821f9d42,332033f3ab8bb385
rbg_000000173183.jpg,98e89eac4a186929a8bcce7789d38eaba3082ca64172f001b29be2eb1a9b5f93,c7c765387cc0d6a6
rbg_000000173302.jpg,fe3bc9bcecafc7834948ade5029b65913e4c309921338b89c9b11ca32a905388,c652d36dcd91a1c1
rbg_000000174482.jpg,41fab00aad97dad3eb7d035420b8cc61ed0ca8f4f0b66a4fbc1bd0bba6f8a5b3,7e5067b9b4745014
rbg_000000175251.jpg,2c557edf27254df0c5c11458f07506e462ca93e7dd3c47e851baed0fd654a776,81898d85cc53678d
rbg_000000175364.jpg,badb2570222f6900a65bfc9d39615216c683ce3c5d03afb85c692a3cf08f323c,07252747bcc7c741
rbg_000000176701.jpg,ae6f462f467cd7cd7f6f3ec2e3c34a12f6f29549e44dad3e1c5324ebed87255f,06868c8c8c080908
rbg_000000176778.jpg,c699cc33ed505813a0caf29c5c37540a17eb2021b2b5c434324fa9e18efe3e59,a1e131709c8e2818
rbg_000000177213.jpg,cb11cc3ce7c8c7944cc8063a5ca110b7a68bd1702714bef24918d7ce80a89ff8,61f87f6d2fcd694b
rbg_000000177383.jpg,29c2918202a3c0928e178bc3856a4a4c6ead9a5dfdd88dc65e567bb491aee0ff,73789c96b0ac9083
rbg_000000177893.jpg,68af357d19364a3f1f8e6a0479d72dc5f2fcf7d65ebf1d0724d39c55e39d8390,352121a4e9cd1c30
rbg_000000179112.jpg,f749948102ab195f018f2c01086423081c49425c0e52c4b81ef8e371fbc097a7,a1a5e56543717959
rbg_000000179141.jpg,71ea2fa40c837aade6840ef63b5c89be1fdfec32d9f992e453650176c0a7e416,65411150dacfa62c
rbg_000000179174.jpg,db596b78008223a6d9d85f972d4ebd2afd74537eff9de803e93c4cf63de8de07,7470f8c489034383
rbg_000000179214.jpg,6806f9e5f33ff9c5c39cec301dc015cef1f5b1b8b8be2acd3aba2620bcc79ad0,f38da3e961620404
rbg_000000179265.jpg,1fc867afe91c5a84b66bd6eaada8d8bcca2ce65b15433be23ba0e70c3af34410,1c81c6551c2b3119
rbg_000000179285.jpg,8a073b6b3ff9aed193eb22d87c9bcb92faa6ab92c202136c0350db803ff3b2d9,78c796a7a79ec778
rbg_000000179487.jpg,5cad51613ab09f716434691b4d7ed615fe0863a9b08c87aa981a8881ad0e054b,bc8b2aad6f8662b2
rbg_000000180296.jpg,710e27f9d7fa23dacb875244bab3f619dbb4a67d6c21744adae1cd47b23c4f96,070b616ccc8ce4d6
rbg_000000180751.jpg,1bdbecb3182b7f4fa5cbbdc15cf945e89f9f7f3e65f2af27aa819782e7cd9e04,d8cdddd898d0b22b
rbg_000000180878.jpg,d3af8ca1590f81e3163c258119db48367ff1de3166a39c2f931f0327d0cee6a0,cd1e36260f0f1f1f
rbg_000000181753.jpg,e7debab72c9e61eb1b6ccf74824f79c34d23c0c98c41dc143b037ab1fdcfeb24,23939393d3dcd3d6
rbg_000000181816.jpg,fd7fe9e831b97c31d2996209d4eb152558e46d752089d3a2b1b5e0cb21f343fe,ac88bc66e6e6e4e0
rbg_000000181859.jpg,913f529537acad5fb8344559344c26fce9aaeebec5ff446aa9871b828aa37a75,37192d33fc4c710f
rbg_000000181969.jpg,2fd0c2522e6b699b96ece04d820b962e5caf54254579193a4c0d48f8e1599675,b0dc92a3b39b8ee8
rbg_000000182611.jpg,c819074e44adebad82ebad4f0e86d673d710cee0f4fe7a0522249aff07d94e71,93381be6cf8f91b1
rbg_000000182805.jpg,e502d762b1a264156f1e6349702d742d6cdddd40a2b54a3390acbd8e5059d1dd,6360e0d0d9ccfcfc
rbg_000000182923.jpg,9dc8a83f1dfe1db421de8dc5602a534a93715a0b6638ded12866236e901a28a9,2bb89dcf2aa4900c
rbg_000000183391.jpg,f239b42753cfcbe508bfe3aaaec3397228311fbe398be1a2f59537696e446c28,211a46a69bab5831
rbg_000000183500.jpg,30745617b5d55f63841c45776676ea6748c5498965b82f0df372b5e6afefcc7c,9e9e8ee66069ae86
rbg_000000183648.jpg,07fcef9a0dc81834724b1019cd4779ae802641231925906bad5aa5379b0f3611,b1f9dd2939257767
rbg_000000183675.jpg,8426c054e2f6642692aa90364c3f5bcf987c3dae401a3caed7721375c69c4b11,1a1c2965e4f43139
rbg_000000183716.jpg,8bc3771733ce7e9c0f38bbd253ad3ed16d5337457fcff0248749454fe543ac77,156573311929694b
rbg_000000183965.jpg,f2f31c324710401014e4f5591948706dd9f10cf97b6079d7a2c335533c105c99,f0bc0a3b3d2f3a9c
rbg_000000184324.jpg,5bfec85c40197744fc7fa8262a0a0e14ad1a6fc0e11cee4b7b0c5df97a146107,3f0b4f6f2f1f8606
rbg_000000184338.jpg,3fca7efdf5d56ea1077e52be9e26b7e54adffdbc4dc781388f85c4d8aa1381f2,3717a3c6cc2d4c19
rbg_000000184611.jpg,641165f214240ca23cb4b8ef4df24b6e9d325131f5c2ea51d2a7ee0112d217d0,c44a6e6c28883173
rbg_000000184762.jpg,09b8cae54375d9aedc310d4d12a17943518e1749a40dd6967ec963d8ea8a196c,76766e32b3e1830b
rbg_000000185157.jpg,b8334260155c97a0c11e050b9ead6792d77b7770815411b9caa26c24c433d831,18190d3139310704
rbg_000000185250.jpg,6b92c69bab355b6355112014b745db91f09ecd591e0bf7d9f8da5fe40e1e03d7,38f2cc6ce5efc916
rbg_000000185472.jpg,e17847a363da57f8346143dcd64f63541d1b60e4540830bc18d7da904302b5db,c3e3635935e7850f
rbg_000000185599.jpg,1ec4dcc5131d7aba9d71b0e8cd05e278d142c522e1077f5cbc4627da246979f6,2870b1302c0c0c0c
rbg_000000185890.jpg,f2eca093fbcf84dc9d19ae25ea663cccfda23be04e0a805ad475121fd4e787a7,2b2a2624756537a3
rbg_000000186282.jpg,73c0456e323cfed4d729360302c86b5a4cefca1257e2ae9e30a04deda0b35e14,c0c6c6c4a7bfb496
rbg_000000186938.jpg,291ff31f43eccd746a0f2c13b7b38b5ff59579db14f8229105bf57eff7da9850,4e2d86323a88e9cf
rbg_000000187144.jpg,ecda88adbae1ca905ecf37007ef2ce11013109523964dca9bf1ed856f26cbcfb,571c18687df1f3db
rbg_000000187236.jpg,543862a94b3b567ad38d1ee56271634e07849bb42609d7d5adfd4b3d23c9acb2,7b76661f73d3038a
rbg_000000187243.jpg,48829dbed343327f51da7555ae926765ba1b951bf6cced116a64934478bab8a5,cc0212e06061d1d2
rbg_000000187271.jpg,49beacd53c1e6f7b9bd1c582f0ea3c56a7c5d2fcf2117512f0aecb5db4570828,3b3f17179786961e
rbg_000000187585.jpg,f998d36b3522f75e07b308a85c949cc53516c2a6cd13347f566b7c0acb77d0ba,97d787b7d6cfcfdf
rbg_000000187734.jpg,fbeacd39a37771ba923706efad0643dc2437659515445db3afbf134a1ecc2724,8607890225a7a30d
rbg_000000188296.jpg,fcb23cbab168a4ce784173658a630910ed1110b418ef492dfaf2f61febfcb351,f1d11148996d7996
rbg_000000188465.jpg,2d2becf3e4af9c2d3102edf1b37560f5305cf2b99c96e481e2f5ea6bc8c2aab5,b8bcaa65a743f8f7
rbg_000000188592.jpg,d91e1e7121a0f877856108f6244212ef0b34cfcbea0b6563f22a0f618eeafc27,928f8ef7f1e1d1e1
rbg_000000188689.jpg,e1da5bc709250fd58e5116c96bbbbfdc2506366bb3a2469db866e790f949c7e4,4911164e4725535b
rbg_000000189078.jpg,be35d8cf9253deefe62871e6abb91f26f345787ed4dfb54de6b3aed7deade662,f22da6e6c6e3c317
rbg_000000189213.jpg,7c2e5f491b5135098b40bd7b9c545ea8f06f738d863435d984882314adbd4c9e,6b6e7a739b392ced
rbg_000000189226.jpg,f24e9bf090d9d07c1d063d7325bb53faed98dbffdce467c7195ca2a59a9e2cda,41c48d850c291909
rbg_000000189310.jpg,1131e3cdfaea66939822601fff589543ecef2142b7b2ad45104916ff7125d575,0f0f07495d5d6968
rbg_000000189451.jpg,da53addb3ae912182caa357bea446f2565e20a4c3c2dbcec53f5c29374a79061,a73dc9d8dc666333
rbg_000000189475.jpg,60f811f165e2fff08c1a9280361c0bf6102be0b5aa623455be1d314594f6ec53,5cda9b8626a7cbc5
rbg_000000189775.jpg,931ab2db3edab06d9790a9a9b947550b005aa7dc42759e4188c6b5fa810d701b,3a53539b19e28c32
rbg_000000189806.jpg,95ad20d361c8ca796a19e3543c102e9eaa221b871492b6f0894ae9cef6e18fa6,134347674c989313
rbg_000000189828.jpg,fdd53437fe0401dbf1e72ad8301f3a05e5d31856ace04c6b139ee6cff328ead7,8e8e0e03142c86e6
rbg_000000190007.jpg,fc62af958876dfb4d4f8e7bdb210b7a88463e22a41981d975f1c1dae93585d74,c4f0302715003014
rbg_000000190307.jpg,462b4190845ca027dc5d201f98ac07b4a90dd85a68108aea85167acdf475554e,fa53513237d35331
rbg_000000190637.jpg,32f20af72207328ba52ec32400909b1bdae37d55291b7fc4475e56c9e1c3a3b9,1f261838f4e3e1aa
rbg_000000190648.jpg,82b5e21ac76674c80db31c0c06e1655144ad4198dfd2d813912de6141b53ddfa,35131337360e8e65
rbg_000000190853.jpg,2133825e1ba587aad1d437f9556f85998cde282d1519d7ffdaebfedcea44d619,040c4f0f63d0f9c3
rbg_000000190923.jpg,3407447c4e8ca2ceb0db4ba1cb97dee1547e63fb3499cb67d6813ac5d4275d3c,aecc4cc3bd5c711d
rbg_000000191288.jpg,a5cc3e797d789950cd1cd8479d582a56ebfd37001afff0a146126792934f2b0a,3372c3bb383a129a
rbg_000000191614.jpg,0b574243ab254ee4fa74e5b008c5171459aed83e4dc8135030a14f3ae7bf4416,618e3e6bdb8b0707
rbg_000000191761.jpg,26c0697f27e653a634840879f24189a8326ffaf72da758b2a9b8cf5271c2fd34,262e16111353732e
rbg_000000192047.jpg,5a6aa56f666d828f867dd28c46d4bbc651fa2876d85dad46a0460e4e4ab36a62,c1e4061607a5e666
rbg_000000192191.jpg,f83a0d30504559d85c366bbedccac4b432c73f7bf159a61f075e5e4b938e9a72,c7cb4969f3dcc8f0
rbg_000000192670.jpg,78166d1775deaa41e93780921bccec43c99a293626f44eb19c41fe56bd12925e,353d3b2dcdcc9887
rbg_000000193348.jpg,365c286bc6e06e895a7e41991f9c3491a5a6ecfa674bb39b2a6a555e8514e932,3771c7a519587a1b
rbg_000000193429.jpg,e1ef3c4044ab75da8ada20734b956158b842636bf4980767c937ef097555d2bf,9d2d24673032370e
rbg_000000193674.jpg,fe94d775b39e9a7ad325404842bdc5ce2758e5cb3edaeb66d9be772ac5448020,0f0b1c4e0c0c0e19
rbg_000000193926.jpg,fca3d27a492bbb4bd795d497f4883123c23050a8dbb0b26fb4d4d6c4ac9af975,474b9b1ccf272736
rbg_000000194506.jpg,c5976e547eb2cc16a445afc9ba6f3284524b8ef00571ce67cc5a4eee1d6d2e91,792b43d3c1073507
rbg_000000194716.jpg,ae46cdf8b90226a30b562bd2064cedfb429d33382432fb7ec70891ede720cb50,32535594b01bbab1
rbg_000000194724.jpg,ef3c018f96fdab2b7bfb28ffd8b952535c8c1084d2a39eb5133c14e585c137c4,6f2b0d0dbeca865a
rbg_000000194940.jpg,f8fd2daecf19f0313769c4c3f9440781ee11605e4c55bf164ea50936f68006ac,d3d4cce86c642c0d
rbg_000000195918.jpg,7fe3399efdfa4f8df27d58c7bf5fb536e8d73121e328feba7a6b006b11b8c991,494979717989d8f4
rbg_000000196442.jpg,9996af1815a51d9eda6940e0c73c001e0941740196c6795d350e35a47a5b2621,1d0d1f5dc717170f
rbg_000000196754.jpg,15234c0a7d167f219c517b09cd91f86fc30542f68772d953aabf9908637644d0,1606860e8c1e8d9f
rbg_000000197004.jpg,dba69d021da1691cf0f817419be139441015ff2e628fb7baded6e659bd9e0523,47e3978dd87031d1
rbg_000000197022.jpg,f4dde85df357a8dd393eddd158472f174844084079a773ed7803a5c490287b07,0409c98b43a0383a
rbg_000000197528.jpg,068ee6be7441d2a84dbd61eceedd8baff651c4058704b504072f18c755203bdc,9c8c84c4c594f47d
rbg_000000197658.jpg,f64bd0a68f5e3ad7b20d905c2cdbdbe3ac5829ba959687b99026d65b883d78be,675b8f2733634c22
rbg_000000197796.jpg,f1a1103e0b5eb80b57ff82d5381352c74f3354d7b1bbac8b45eaba0de7f38e08,616727070e3e76e7
rbg_000000198960.jpg,e88d099db126af76507bfca5916d4ffa19a8817690c747ddac6ca5b6f4e6c4a4,9c9c6cda6768e8e8
rbg_000000199055.jpg,b1dda03e61f7c502aaf30959faf6dd86e522372106a7389e5934f0e8b931c604,b3b1b8e331393933
rbg_000000199310.jpg,eb58d3fa0e1a9a1c3352c6066e69e17c02a2e27e12cf44e31fa84437a163de07,b3d70e473af3c6e6
rbg_000000199395.jpg,408fae0020a19c9f11c2e5f7688832fba85b0db5009bfbeb21d2c7003c47afba,cfb0c84c08240608
rbg_000000199442.jpg,83ef7becb3dce88142e57f660e71bdc7c4f30ea551d97485b63e37143e5c3eac,041b5a9b9df83c03
rbg_000000199771.jpg,060235d75ac8a669d705e7685f73f53a09da291583f45faf45ac4ac1dbab4388,d9d99d9b9b939391
rbg_000000200667.jpg,294575585d06c110b56a1e0634a8d6c26057373f52bbfa1c3fd6d60a8ac932b9,4af2fbba1c99e937
rbg_000000200839.jpg,154ccc80280800738f0c67dd2c1aeb1622079408d311327d18314b96cbadd67c,0323334348603f0f
rbg_000000201025.jpg,3623bedc5d32b203901417f5c061310e04c22ef66fad3a810df13f665744d125,7b73392949cb8e0f
rbg_000000201418.jpg,9ea79faabd883d9d3550b48be952d106db897b3827fc155c65c1d07ece71f71e,3ebb3246a1b0b1b4
rbg_000000202228.jpg,f21ab0c8495622bb8dee961d19a9cf07ce15195e1ef65c52a954c9b3d6f5d606,99f1f1e1e0f0d85a
rbg_000000202339.jpg,9b1d63dff953ffb99953a9c7073ba01772810928f3b22a205b267f9ae0fa7ed5,6368606dc3634f41
rbg_000000203095.jpg,810ea8d91636e2a1c185f9ca17afd2583fe4548596e15e751303ad9c5c4780e1,1f1b1b74223a3389
rbg_000000203294.jpg,c5d43fb94e11fae1e3bf97b08bebb4a96d7735bb92a6bab8bf8618000208ef9c,c6e68333d3f3b8a3
rbg_000000203317.jpg,bb6175c1bdb5efc4a741165651a61a7a8ddfd21df73497b46a319d6da34b1c15,13a1ac9cfc34363c
rbg_000000203488.jpg,28a0a02064f31577ac111b8ce6949f3d049cbe8b3d04cdd86ed4a286c07eac03,8fad0d8f0f8d0ccf
rbg_000000203546.jpg,58810ec28692ec52fb2da010cc8724a402b38b867e833f8d237807497d14e4a5,cf531b29b07123cf
rbg_000000203580.jpg,4fd602bebdc1f4c57963d0b13562bf1c86929365f68c905b5061018b81c42c67,db43cfd8df9e9f89
rbg_000000203629.jpg,39ca3711f193e0c662ac3f1474f51959a2a8ed59de4663cd3afd2e696651b850,66271794994959d9
rbg_000000203864.jpg,a78628c598807687921f4a4b5642ccb45d92aa43d17ce8fe7e61cca735a01e54,4d59cd4c47531703
rbg_000000203931.jpg,0eeda3f8c5e385ac8d5a55737d5a8a8a05ee90814321be69f47beb361e6f2414,8ea5591ccddd694d
rbg_000000204186.jpg,0d322910c5db832c7a3c451ed8f793bb5db71f1b96b34acd5f4134474989d85b,1a3372f86c70d9c8
rbg_000000204871.jpg,f471e48c808ea689a1e3a4a1214bc03e81a95195146b0c42601dbd6eaa006c89,3492a14c76b33131
rbg_000000205333.jpg,f63a76e52e5c8d30444893a91c94f5738a6c6d044bffb8485fe937fc2c9dea7c,cfcf474bda93c7d3
rbg_000000206027.jpg,2d02a9fe14338778b9b755b92da237f6972e070cc4b1b0f9c0ce4e6923b2a855,6a6a3bb913336147
rbg_000000206271.jpg,715a4e7172e849888d18f748dd7c4217aa2543912a705cb73045707eb9e51b41,333230d44a288745
rbg_000000206831.jpg,f4daecc1eb377c6041b63547ef627f9c4f450f6998664eaba788a103943b3f81,cbc3d373d2716d35
rbg_000000207585.jpg,6530da6b150e680ff646bdf792199fdda377385c6554bad2d0efbcf9db9daeb1,1b0f8b170bcf8b68
rbg_000000207728.jpg,86e23bad1cc503b9c903fab062701c9c2676fc66c8e4146770323fd7284f7fe8,473a1959fcac3f3c
rbg_000000208423.jpg,8d9c134ecfb0e96cc02d5b78120aa9e11286217ac7e1fef4c8afbd4a3a7d3070,1e3f0f1f1fbfb2cb
rbg_000000208901.jpg,cac12003fbac894b1ae9aae6e7361f74b6a5bc796ec3fd5c8cdc843cff4be320,03072f33332f0f0f
rbg_000000209757.jpg,e1ae8a5bb12ad20edfca2082821e4028a5bf27a9528ad2aa6d3a6b493a4418ad,5d19377701477779
rbg_000000210099.jpg,da15012a3f031db6565f22f7fd67a31e75904ffbe55fdd547e82b34bcc2ceb09,5f3e3cb13471312c
rbg_000000210394.jpg,d3a536af8607a677c7bfd4c87d8a21a4e42402980635eef8b54d476317471c99,034773193c7bcb13
rbg_000000210520.jpg,3df27397165b945a4e394864d094d0f485d2bf27af499105faa6ec0dea7e18a6,49c3b3644c651074
rbg_000000210708.jpg,0c999b00f5af2db5fce67022234c5f97eeb1550cbcfb217b322625f2d43e9152,0c92f1f979696930
rbg_000000210789.jpg,86d17cae625d00c9e8dfd08f5bf04e1fd66120bd6cde931ebd1e0ef6962affc7,d6e6f2f2da9eb6b2
rbg_000000210855.jpg,2df162254e8e77f0c33a6175a2149efac5196f6c7852880cead5a6f6800bc755,1b9b9f1b0f113d3d
rbg_000000211120.jpg,6192aadfee73deba03ea6ed966eae2b02d58460a44d17070f35b3d28d27f050e,91c9494b4b485bbe
rbg_000000212559.jpg,7f39a23bb285305c59adb1b03b913dfd69f6e86a95e518cbecc950c901332d7f,befc98133d64c325
rbg_000000213033.jpg,73a97cb8eceb57e2b1872b7470a11c6e5abb2c03173bd4ce94a45c0d096ae5ea,c3fff1a369f31514
rbg_000000213086.jpg,8a265d1aff0b74783807cf908b84e485c88c2f73d92ab470f49cb307a9338417,7838b2b4f46e2636
rbg_000000213224.jpg,479bfbfb0a42c3b23769dc10bfa7227e0b592f964a576e3461fb085e53ea2d33,1c13107698da9819
rbg_000000213255.jpg,536b78fa08534eb0778e58838065ba773fe8751dd87c13bf070f726affaab6e0,2e626c726f49494d
rbg_000000213422.jpg,714feac14119915e0d37155c49a0b7bba1b8d3320bfdaefda0d459d002d65cf9,3fbf8f0633c77333
rbg_000000213593.jpg,9231977478728a738fd7b4f060b352d4c996083d3cccfb9daba85e7193ac60fe,83a7a3232b6e4b67
rbg_000000213605.jpg,fa2219d8ac3130ba9ca1e1c9c7ed2b19949a99850854cae14734b9abbd477583,3313002093c3530f
rbg_000000214200.jpg,9e93bc93c96357bb1c7d5f6f784531aa1235933e2f844efae10860c024c601c3,7e1d73322645d7b4
rbg_000000214539.jpg,5145e280b584e5ae8598ea9dfecc57856d814ccd44f2b7597cae545a55c0cd9a,c5d4eecac60b3707
rbg_000000214703.jpg,ac07d3cbe976eabaa68573539c9e5cbf82e0afc56fde6a326b05c0dd0860e29e,3f2e9cb8c8ac7e96
rbg_000000214720.jpg,cf4451b5d6da75e93529fb45b0cfd3a189d65ca52d25ec1afb7cf999d0232ccb,37733c31d9b0704c
rbg_000000215072.jpg,e0736988bb96e30cfdc23792b5f17b24891452f5e61c677666aaf41902bdd3e9,313541cfade7d3a3
rbg_000000215644.jpg,8e197077262ec9588c79b55f0d46ed3ab4a78a490d318469bdb8cffca11d5a5c,151f8f1f19191f5d
rbg_000000215723.jpg,20e15853e22f5d69312b821e846671af204a12dc24631bc46f4ef8e72da19be7,5c0dcd139585c301
rbg_000000216296.jpg,1f081a21d9cc1c50f01f970b43f224d6676f9b4c895277d5cd53adf166795415,1b197b1f5b0f3713
rbg_000000217285.jpg,7ad4e20484b9965248b25104ef4617e054a2d007e68ba8c478dfa2eea048f42c,f2dec6282acacaea
rbg_000000217400.jpg,0bf52c9409ae0eeb5cd056d2cd8a48217073f9be09137b76e39a8c6f2411229d,c6984051f3e87e9f
rbg_000000217614.jpg,4e7a609d4ca18d5f71cfac3ca16e3689d29a873d108af7a9de8b5dbe5e436992,20a834e6ce4429bd
rbg_000000218091.jpg,6c506ffaa299d1181af58230cee4f4d78ab3deb2b35fa56a025fffcf320c87fe,470f1b2d3f06026b
rbg_000000218249.jpg,940a7b30d361f1145f7780485aeb9015059f6fe2805d3075e9005c943d1c2767,4f1b718a69711b1c
rbg_000000218362.jpg,61049627b034266483211b8563cdf6b0330644935e52b9bd314b560bd679f412,9211978793a3e7e7
rbg_000000219283.jpg,cb81061ef4871012541702ab329af7b8dc84177848c6bcd59cd7e5dd6b489cb8,1119070e0627070f
rbg_000000220764.jpg,f83cbc3185650b7b1101792265112c165bc962f6053fba0f64895269bfadc202,0307834f0f0f0f07
rbg_000000221213.jpg,5173d00c40689ab58be23757a9dcc71c6eca158b1ef5ccef08104fb0bed7f793,173f9f63713c0f87
rbg_000000221281.jpg,d76ee385fe01bc44f233039103de747f32578129f451e486cf467e640fb7262b,00191962ca132194
rbg_000000221693.jpg,3f29a5476862ca3d3aa75ae64b84f987ef799bb6b65306fcddf2188725296f41,b3af8fc565d159c3
rbg_000000221872.jpg,3d81e50af1e109fe56d1db5233e5966e617c81e6ea45597c0ceb05e0178e3727,1f4b2b1b8d0f4677
rbg_000000222458.jpg,b66a00bd95713529ea1ad346549d625019db4dc74b4082ef4f000da89778ac05,34850f0f8d06370f
rbg_000000222559.jpg,1193a86e696f6c21aae367ea28111a40dee1319ccef5e2d6ec413dbff2b69c7c,9a04103024000c09
rbg_000000222825.jpg,d1ed4e1103c8f8fe1f2a90cb1deb4ff73c2aabc14ca73a035cfb8b130e0cdd74,1b1e8e303030f0d7
rbg_000000223188.jpg,f922a1cca984ebe2f129aa3caf6067963a235de830cc5f49e4d1e23c2d77e76f,887893c383a4c4c2
rbg_000000223789.jpg,41841d3779a3caafc02c4e815904313d71a2864be1b54513a58be4a146bdf7aa,7979c17e33ee7c7b
rbg_000000224051.jpg,ad01e4704883ecaaa25321efcc24d2ada74a725fe70cc0578890dca7a4745c60,c188482929190d0e
rbg_000000224119.jpg,71972a4c2c12297d26868c0993cbce03e854bc97679fe28b940f55d21275b89c,e6753213634665ef
rbg_000000224675.jpg,45ab6d1c49e081bede2f1e84365bb756c1f165c022b3b24f0338e0eaf971ee66,410626266786a6c6
rbg_000000224724.jpg,78effdbaecaa4db9353c72b69b27969ef20359cf144ad47b244ffd0ab3265bf0,f2627a1909d3e3e1
rbg_000000224807.jpg,469e5374fcf43466d3ba8167126cdfa2833f1b8c8ed1e2248b29dd9feec20733,22b7a6061509cb93
rbg_000000225670.jpg,4c4c7afca03680bc9563f87bab9689021216ee97c4c225816622b707fecd0f41,13931b72664d4844
rbg_000000226408.jpg,b1ec6312140b21f1ba9e6de00f1aae76ce065d263d331f101033a5597c18ece1,1cdb93a72e3e96f9
rbg_000000226662.jpg,5c21434db0876bc3b6b50e91cf4c04242394dcf655ab7de467b966bdcb0941f7,0f66715a9c1e1e1e
rbg_000000226802.jpg,1be10574bd4a77358d6d778a5f1badf4ea2f081ebe59ce07db7e9105d07c4e0c,25a3834b498b8f03
rbg_000000226883.jpg,9005d022c5e1b405168431bd0373b7d7c6a1b6fa41034fa39bd0c4db73bffcf1,3533c6fcf6dfde1f
rbg_000000226903.jpg,24c4fbe63fc6255b8a471b5c839a51a7f3351144b363e6e17060080f8b10ae1a,c4c5012194051203
rbg_000000227044.jpg,dcc81cb0aa32b7cd672fc08dd42d04a51f9a1c63bc06c55829f6459216dc146c,131b4bef6fcf671e
rbg_000000227399.jpg,8215d52085a5c93de3aeb09ee0a8be74c2b7af3c49f3c8068d72edd745809773,7372620f4f4fb11b
rbg_000000227511.jpg,9fc4da31a5388bb29c1348ba37e139af14e63eba2d39bfd07d48756df87912cb,5e191a1b93bf2cef
rbg_000000227686.jpg,a83edf5a9c555d909d26779d645a302d51f53da842e2c5264d3f72f47c01455e,4a4cca8aa198982a
rbg_000000227765.jpg,0dbe8e96eaca4421841162bf451987e913558e0be9f776275c8a9d2b10cf0fdd,7e634f939b9ce9cb
rbg_000000227985.jpg,b9b02808536986bb6e9a69be277f0aa38049b042a92da20ac63650fb7002f331,3e63e1b4a84c0d0f
rbg_000000228144.jpg,478ca24cca4904cb881c8f39444273ba3105782e726d8527d36d741cf564c4c5,3656d6d6143cedcd
rbg_000000228214.jpg,dd24f50472dc948697cb66405c8aef531004c239d7fedbdb3587b74a0ea52c94,1f8fa3a4841c99f8
rbg_000000228436.jpg,6d819938ee8cee9e1db68e26d24d668aa8f4b1365b1ad2c7d072a7435cfa9778,9fb79d1f8b0b1332
rbg_000000228771.jpg,62781e0d0dee9534ccb053e23287f80d8781ec1a72b327066c2537a41dda9eea,9b9fbd5d9d7d3db9
rbg_000000229216.jpg,627bc997b0d21da6ac5ea5b715a456282e8b5f0f62cd30b6fec45ad1341aaabd,e819262633372f57
rbg_000000229311.jpg,da6dbe6397f27fff82246528f526f7f58dffedf64384b9b2d9241ffa4872bedf,1a9a9ace8098a7b2
rbg_000000229358.jpg,2c8d100ab71de8b3ef22f3d0999aec2174bf10a911712e1d7bb3de1e2def6eb7,07050d0d2d0d8907
rbg_000000229747.jpg,facc3c41a4844a20ef43c9c08036885b6e910b62f9d4f071cd666818d246a65f,df374f63b35bb7af
rbg_000000230362.jpg,906ec1c6b8076043900ac88333c6ceed1c6900fe06d4e50e32fc83c2c50c8c49,9f9ffffffe4dedfe
rbg_000000230983.jpg,b5ec79d95f8eb12e2c5fbb2d453ef8393d5597e64feb74b3f7757c342d7e3485,311913f3a7370f0b
rbg_000000231088.jpg,d91bd3a0c1b001bb9e0cd5b27b8a39f3432560ca2be33466bf58c4385e208d60,1c06665d3c3e11ac
rbg_000000231097.jpg,c68ddbcec601c1b7fab277f9294cf321bf83d22914e765e183b398ebf84ab53b,cbc6896e48a07333
rbg_000000231125.jpg,e9e17bf0364c044c7a2bab63d8f904ad809d82e6a7195ad6adb78a37b4dd355d,4c6d633b2c4d3c1e
rbg_000000231169.jpg,81c074b0a5f5966302986ecc7e2bea71dec9b564a6e5a0e99712dd82b1a314a4,1f2cc64f4f4f615a
rbg_000000231508.jpg,e0af7f51a9a89f1c5d80a1d53a8196dc2e7bfdcde170947f4830822d533f9bb6,98ac5d51dbdefdfe
rbg_000000231527.jpg,1c2fb3e17c9cb7f70f10c2d418a6dbb6a2a3877020c39ea7494de6c7f030f225,e982307b77b05b30
rbg_000000231747.jpg,389e3ecbfaae1b09e918365bb46be7120c767cfdf0d59c61657b285aec6712f8,76641a9585d5c5c7
rbg_000000231831.jpg,1d5fd2d14a5a0ffc6995c37a3e88130aee322f541cba2113f982b538be9a6430,3a1e04cc8e9a6430
rbg_000000232088.jpg,63400110213661d864e373199072bed07218f942294463c7b613754d9252bb8a,9fd8ce86c490bc3e
rbg_000000232563.jpg,601e0bfd4627087ed9a402fa549077d6cb1b1fc78d93c8a87d22478fb4d99cb8,57139a7c6bc32bb9
rbg_000000232692.jpg,b22868f61d01d16d4b6820d2b8b592e27e66ab2c988fd053fea5e71042681d62,27aecc4c1f1fcfcf
rbg_000000233825.jpg,5706c6d49efd3a03346964ce2ca877d217c40b54e710272dbfabf32ea250af41,1f0f0f2f2dadcd8d
rbg_000000234779.jpg,e970cc6cf1f21dbcda6dc8475bf06375e91948f7de358c25dcfd58025e102ba9,0f2e264f171c2e47
rbg_000000235057.jpg,bb9dc22912bbd5ac120a93062bb45e2d58e3beae75c45386b67e0e16f8c671f4,2e9c9cc9d9747c73
rbg_000000235241.jpg,72bebe6043e1d9be3f6159562c2e85a7c08ba8bdf26dae163c095a079c7f780b,1fd5a3b1b3b3a4a6
rbg_000000235857.jpg,7682054b9d4649b1bc46ab6d78fd55c50dc9ddece5341ea69259000a94e3c0de,4729e8c09c62c717
rbg_000000236166.jpg,d0f0b38251198a84cc2f1fb9ed30ab8461aa2c5b71cf59b43b5e9efa0ddaca2a,714040c091e09103
rbg_000000236308.jpg,d23d2d9abf2b356fa57fbedc886c462be5bbef2a93f3ebc5b37af1bc0437bb5d,0313dfbf0f4b0707
rbg_000000236730.jpg,08eeac031aec9f1822b2d10bc2b1e5626943b151d258611d8d169f4014f00b8a,ed91939389313c29
rbg_000000236914.jpg,d4e1e11320ed62510aa92c6ebf23e3a45cd3f014e07cb37f27a99545be973112,323535377776361b
rbg_000000237071.jpg,c977609c2c685eef309ff9140d94fc4ae47dd66a8d8624f6af6a63fb5a5a166c,ae2a4e0c163b2808
rbg_000000237316.jpg,38270c8a14c1e8aa554e1757e823400c29680e795f81f17db89573dc32eeeaa7,781910502c089090
rbg_000000238013.jpg,b2a4b57c6fc00d190303b29b893d175e47fd9b30cc0c1ae623877ed3660f7be8,1f0f3f391f1f171f
rbg_000000239041.jpg,bdb827513fc9912805aef05e350cb9e2c9b254ac8dd068e0283cfab28b168b4c,2322236d4d859f2f
rbg_000000239627.jpg,971c9a2ae1dedd85e4d2d06b7d67d3fc1d17f77a7bf7c06593b06b92cea9999b,1b9a9ecc58581819
rbg_000000239773.jpg,be75e4667ebbabacce06e80a2df46e01f0c813a3a4b54b587b22007584e10267,326b2b67652fb397
rbg_000000239843.jpg,1b84c6eb650f77532334b4cde867fe0bdeeaa6d4cb580f60b6e3601e09f94e93,2737b4acb7363737
rbg_000000239857.jpg,320ed8332ef28f2b53f85d01e509ec684da2765d6b79685a774509f3ca088f48,42189230280d1cb3
rbg_000000240023.jpg,6f5f53c29b187905a6458732ea2ee01a32baa793dde2e3afa035991fc80c221c,53afa65814270314
rbg_000000240049.jpg,0dad8c12c10d00b135e9c0cc9b14f69ebf314d73243d757548631e2845976c95,41b5b4e6969c1c98
rbg_000000240250.jpg,fb37c81f0e4a91f28ac009ce2ca5316e9070486afa76888548637e141d74b40a,2cac86875b677321
rbg_000000240754.jpg,19bf6c369a4fb0c37d104948c56b642a6efebdd248f0d89aaeb8696c49db8488,365879b931b1f143
rbg_000000241602.jpg,9feb526366a770718551bbe0f24c0a310ceb5fc3aed6d1ca29536633755b4ca6,c08ae2e2eaeccc8c
rbg_000000241668.jpg,bda77cd5d1369d0d1275045f2f74dc25d19cec2fe4b7665b8b838dc8081f5e4a,9d27657d6c3e7978
rbg_000000241677.jpg,d6276b498971527152122e444a0463ff73eda4465b212ed143103ec541fa89d8,ddcd5eb404606ee3
rbg_000000242060.jpg,204922b21c091ed50b41c039b77a9859c3d9ede055a9bdb40afc51fc947a9d3b,9484849eda48e4d3
rbg_000000242287.jpg,28926e1727c30c84dc8be5537cd607817dd39f44c40a03c822779135755d2d23,20206860606460f8
rbg_000000243075.jpg,290d00c282d7d38f4915f37525beaca47909c39e95fcb0db6aeb0d72c943c1de,712d3ce8d870e9eb
rbg_000000243148.jpg,ed67c563c6203932c7d9c024b950b1347f79700324a2a187452f5cad62cff7e0,33b36766e6e6f1e1
rbg_000000243204.jpg,d181d6cf8249031cfe14c1077e99e4dec2b3871da1ee6564fc22f5d106820e84,f6357cbe9f87659b
rbg_000000243344.jpg,4c42a89dc3e48343fe5800aa3711548466b9c295976b958c047e6cb5a4eb374b,ff78b119332b6b63
rbg_000000243867.jpg,92fa8e2adf6ad0fc3a2dc38f41ee25e1923fa45d7926dad96e4ac3d58b2bc4f6,070f0f0b0fe78c09
rbg_000000244496.jpg,f7320cc3413587c90b0ee5952765fd1f707e8d90bc6050f18585f61176975e93,4ecccc8c8e8cccb4
rbg_000000244592.jpg,09b8085dfe9fd2ea843bbc2a812d4f7f2e216b92a10d7e6f7fbd174a4b9aa847,0d2d2546e6231998
rbg_000000244750.jpg,d4d6425530988222131944658e354a0b9ce437f15e66f57f0dfb2524ac60c88e,b0b4aece969e1e21
rbg_000000245026.jpg,fc8d6011752d65552128817224eabeffe3076f4ec1c79f9e058fcc17ceaec53c,a727276b6986170e
rbg_000000245102.jpg,0a80f5f2ab54c11477641ffa731a8afdcb5309d70bf2eb18c4c834b2bca90971,cd48741d8d173f56
rbg_000000245173.jpg,d8980492054a296bc185fe75e265e5c57c8c7f232777d55c770f9086cad2d1fe,3173697968606878
rbg_000000245448.jpg,fb9fc13da201d2523fe43f36bcb2cbd474d6c0d03aed9f1f7d1768964f6bb4bb,c393a44c61a1f0e7
rbg_000000245513.jpg,2fd09b0c7ee57e18458b21999fea4c9e2e0b9fb8fad467be286f9b53b2b3fb50,9f6d6728d9648706
rbg_000000245651.jpg,475dea5ebf7371dc9c00e7465da425f8e9cf9df79aae8978d56148897d2e7009,8f0f696b0f4f0f1f
rbg_000000245915.jpg,c676dee2e229fcc635af6450d0c629e34cf900162f950e97cde17e18821acc23,0b1336cbc3722f0b
rbg_000000246308.jpg,1cf3ed51231a81dbdcf1c5fb95b2cd2ad5c7373453983233149bed64a3698a2b,0f4f0f0f1711710f
rbg_000000246968.jpg,5f7990e5edb8b8ab72faeef5ad6391976b24c2ab14d1c05d178fba70fadfd435,0f8f9db121672f64
rbg_000000247838.jpg,e4d3adbf785dd140cc6d627a00c9c972e5a9b43d34a4be2f1733931909f1b5ac,4b139349c55d2cd3
rbg_000000248284.jpg,9f3308ac7ee40f7e983b1f36adb8a65244063a1cebcd609407951d5457bd260a,8d97970e1f3c637a
rbg_000000248616.jpg,b23c8bbf20828d00db68aeef23a94faf9051b5aeafc80655bc8eb5ae48e75247,51d05456d6502493
rbg_000000249129.jpg,ee3e96944723de59d8741e68c65e0395fec5841a03286563bf005f43a131a786,2c2e2424dbc3636f
rbg_000000250766.jpg,142e27f10892847cc2c5c2ac2bd9db6955e2412cb0657adac881151183a39a8a,747cf775d9c85a19
rbg_000000251065.jpg,1b995195118e7cf95e08364a022ba401c91e18d97750cd56798afe5a78ff906f,038793e3eb496323
rbg_000000251824.jpg,206ad6d0857dd83a3b3673e07083899895476720e9d5693d6b52cb91cb32491c,3ecce5d3aa2dbc86
rbg_000000252219.jpg,1cf48bddb1bcab80d9f4d18514ae438c3e4f57d18e80c4fbea9d5d22396f514a,0f0f3b332f6b798c
rbg_000000252507.jpg,1b1546862442847703c58c444f31824c780bc998a719649eb5cba550c9f04569,8f2f4d938e24a74c
rbg_000000252559.jpg,3abd43185186ffec9dc8d22bfc633216673e3bfabb5c7d1fbf9503edef43b195,7e6bd3f3d5949673
rbg_000000252716.jpg,03c8945e08a2835fc314bfdcce6c194067a97462124198ff8354ee343b6f20a7,24262525a0982313
rbg_000000253002.jpg,a8fa4e0fa0d88819f851e0f4252248312cc932b93bf7124ef213a661ea5355b0,290800080c000001
rbg_000000253433.jpg,e76c6f262920b8c8ba89654061dd83d50a8937291e3f8cda6e3215c9235c686b,cd8cca9636369713
rbg_000000253742.jpg,71a335763bb3a4b2af2cd038897470ec08ebdba38745e725b5a4f3eeca009bd3,63274a23355d448c
rbg_000000254516.jpg,43ac6027e439846a4056e122d0755e3b9ad34247bc1a41f041b49d72aca86603,572f16929b9f129b
rbg_000000254814.jpg,915aec9b08643741b27129a6b789be3ba30fc47489b44cbe89771798be37d6bc,0aaf1f310553783e
rbg_000000255749.jpg,6b7e93b3bddf3c69af9f2411c46d7b3321ca0eebb18009c8476eb8f620ebd1a6,068997165b6bdb3f
rbg_000000255824.jpg,82d1faee4f014f5a974b9c99a2b1e123049972fe4cb8c0d72323b4727fa5a9ed,87872733f1b0300f
rbg_000000255912.jpg,117febe96f79598d223d238d7df497859894112163fdbd9e6097bd434d702f47,4ecee4ad4da5cb1e
rbg_000000255965.jpg,c0b097a4efe69c75afd2e8e9552c0c112b17dfded7c8dfa314876790fc1ee8e8,c1c3c1c1ebe3e263
rbg_000000256192.jpg,3c5e87db0892374361a26acca550d37f682ebde12e75707d5819a073031b3499,95dc9095416fa3b7
rbg_000000256518.jpg,2e0f61f66dcd728f9d3ca0e5898f1d8c0684f32951efe2b84607bd3b3e665764,0b5bd992f2633f9c
rbg_000000256775.jpg,aa1e43e6e684a31f44044e049f966f9e3829480eb65ced9aab6545491f85f2aa,3e1eff7f1f9c0c2f
rbg_000000256868.jpg,ab716aabb5a40999712cd54718432222846c96c1d97729566e8c05ec4bff9e0b,cb4a5c7e7b484a97
rbg_000000257084.jpg,b16db6ed8f5fc937d66dabc7434f32eb9a1b6e06f7719e2a0d0871d0631d3e4c,256531335b1f0f1e
rbg_000000257169.jpg,b1a0b5dcd9742ca925af048c9ca73de276337a08b39ed91e7f7cfc94f289e635,1f078b733125cd0f
rbg_000000257478.jpg,7cd8ad2ab327eb205ec2f0c2972f22f23aba50bf9e60fcbb90e23037e215f82d,2413138293bbe9c4
rbg_000000257865.jpg,a01c2809cb0b625392b1383a9fef03ad38721a54f2bdc9a8eac9979950a0cb20,374b4b9f9d9b5a9a
rbg_000000257896.jpg,07e67ce7f02d5f5a66f79bfba8eb0fc42598d38fae55e353c22a59aca1be770c,6be9cc0e5d53563e
rbg_000000259382.jpg,45a450983ee90f6ebc08b8a14a0ed9131a21e8f53cea370d10f265fd6f9c8374,c3928ecf27350330
rbg_000000259597.jpg,0979fa9c6ba626e03e7e73d40f26beeba561600a15afea899ebf5ea23c8e66ff,4c4eda92bbcb8c8c
rbg_000000259640.jpg,1db664b11ec063f3d6f71eb8f1ea833988a05137bbd373890aeaed6a46bd270c,07ae2e2f1b9add39
rbg_000000259690.jpg,d5296545bda4a910e90c0e252423bac9d61d11802d699ab2c27c562b7d00bd40,b19526a133737373
rbg_000000260105.jpg,a79b653aef91ed9881f3f8e7b3e383b87eb24723c73b63971e39a35a9ac1c331,379b234fcb479bcb
rbg_000000260261.jpg,180ffab9081d865095612fa181befcfcba459138db4645f1a6dc5ea6596612bd,d3d35bd93c70a0f4
rbg_000000261097.jpg,d0e1a850f9ac85f87f0500cb7501e7f7daaae0f3631ba218934f6dfa3449930c,ae4c99d5d4b73133
rbg_000000261318.jpg,ffd34ec019d2fc9f168d03da88c9fd48230d266afaa79cce9222b33e55aa7116,3b1b3d26a7c3c3c3
rbg_000000261535.jpg,0d5aba38a1f08c28f4fcdce277a889edfc9f570b842fe4a0eb021f18e178992b,c3a5266647473668
rbg_000000261706.jpg,6e89cb79c20d610eed019833b4fda2ff7376c8a8a086f3447cb292ec753c8a5e,1e2c1899d4f45939
rbg_000000262048.jpg,31a33556f0282038e0f9a5295743ae31335c66c6f90a0bfe69e17bd3e2ac3b96,8eb6f8ec9aaaecbc
rbg_000000262587.jpg,e14247bbc942361d9b291478f9d6c32ceb5df85a937e46c83d0152b3e25202e5,3b65337fffdf0b07
rbg_000000262631.jpg,dbab49400b1bcc2dedab9fde0c1fbb9e908e71110eecdd3de38ac188b09e8664,2b1e0ec0e0664662
rbg_000000262682.jpg,40e469d78ea8f94bdb8d8ed4c04351b49e46593e2c7b6db0433a72e6b1b2bd2f,8307a1a16361781c
rbg_000000262895.jpg,e7674f4551feb44dca99c8016bc81286c876d850294c57f277ef7355bcee1158,3f391e1e9e4b2994
rbg_000000263594.jpg,9dff529c08db5dee9c6ef3bb4a381ef813e9032c98350e464ad68df0408fa441,1d5bdb936e609f7f
rbg_000000263860.jpg,3571da1c7c7d2ed747ec8ff5e321d0ce0a8541da385e04292cadf180867238ed,a6a6c95a1c8cdeca
rbg_000000264441.jpg,e275caf93035a7032ca74e63e2d2f751ed9f588d3de48cf48805b3a51abcd56a,b373b21f733329de
rbg_000000264535.jpg,85c6121926cd8232a483e207109bf97f585cbb83861867771d87fc04e52c7c20,81e18b4b949e860d
rbg_000000264968.jpg,ee603e1220d1b99de201a8abfa271774be252a270033df835eef73640c9d0703,4333307232b0a10c
rbg_000000265108.jpg,adc54e4a1f34dd0772e0dac893d597496f5a74399f6521dc7dd0b1cb41aa9537,1739ac4c486c3a3d
rbg_000000265777.jpg,ab4c9b0ea8b46ee4718d2469cfc6d77e2d2226b0edf902390e9f0076b4044498,6c6c64647860d0f0
rbg_000000266082.jpg,4c98c6f7611c13a34ae9ee7b4046b3750451b91ef01bfa980cb11a84c6da39fb,f8f276f2faf26565
rbg_000000266892.jpg,052c7783ba2888db3b77716bdc25fc94fb30781fb6184835e66a11c827fd3122,6d3c194e5be82f0f
rbg_000000266981.jpg,2d2f6894a170d7efd1d3398194e046ef0e421ebbc29259bd098e8bfd552522ec,0380fcf4348e0ce4
rbg_000000267191.jpg,9b5b98c08f74f60097be6b7d1d0cee0976c2e76c390955d481b629ebf76825ec,80c2d36169323616
rbg_000000267300.jpg,d527da3ddf25ec519b01fddd4eee2c417eed7b40f61db689b76aa07ad005fab6,6e6fd9d899a2e870
rbg_000000267670.jpg,fd3ba8fe1183849ce6b48290a84c2e6f5e304aadedfd50bc079ff642e5a8820f,99991b6fe8cbe93d
rbg_000000267940.jpg,96ac0953d03fe922de4773bf992578de64ffc5682248da2743ee3d8903886ae1,1f0f035b6c7d0e0f
rbg_000000267946.jpg,5a03177ecf13ef0c7e7205f74f527b297b0e33d7cb915a0be3d897c7b7f50d59,ad2cf2c69292e723
rbg_000000268831.jpg,9ce8de9e425c7d148d0384b982813aa089e8c23c6d08a7e393be5619abdb4a8b,a8ae8e868686868a
rbg_000000268996.jpg,7106daee507cee3840e3547c27cd7b7605d3e090ffdb813e37147a58b25abdf2,5b5d9d9c9c1a383e
rbg_000000269113.jpg,5cae45e13f5cda50f16266e773aaad6115965d518fd5e4bff4c40bc24126fcd4,4022d39ac68e0604
rbg_000000269632.jpg,eacd77dd985fd0c0ea4a761c6087956a885394240033649296cb015e4469485e,ad86a713234b6939
rbg_000000269932.jpg,03064e8447a831a55c3e839d5e7076f6d10771c0bfe7550025c50e220713892b,136348587c1b5b9e
rbg_000000269942.jpg,b0185e227082a1aa4406912643dcd320ae48e6713ab2bdeae35566f1597a9e31,86a9a3276678c70a
rbg_000000270066.jpg,06bf06ad9327ff432817889a50054fdb9df3d3dbd2631d2fb77c2883249fc701,749387d2f2fae2c9
rbg_000000270122.jpg,2a7a3b84d207be22edfcd6d4c100f3a2a270e6f5b0ab23c63c265a7a5a324237,011109729c8331d9
rbg_000000270474.jpg,27f34f6b32b96a5b236821c8c80afbc4fa170bd42aa43950af5c9e7a62b4b45b,0d4d4d254f4d3317
rbg_000000270677.jpg,79b1eb7e458d3ce406cabfb1dc62cf7a36fce90d4f58b2873cde763363f76b06,a3999c8d8d96d2db
rbg_000000271728.jpg,9fd298474dee707c19cbbfd70f9be32a474dabf5dd9a9b260d44f1e6f522b50b,c9cc21a4343a502b
rbg_000000272049.jpg,edcce591803494f25d75b861d799a3df9b664069773fcab5bbfbd7937058d417,0938cd9d866c1cd8
rbg_000000272212.jpg,8213bdf2c6b934a49dca80f82999842a7a6989a6ade6ee8b0b32ab33fc5eb3f3,dfdf37cfc24e2d28
rbg_000000273132.jpg,47c193daee58cb96aff2335e1e3eca8c1bb4cd7e80542a85aafe35fb45576538,3cba8ec6e4c89898
rbg_000000273198.jpg,1b87c39fc815b1d2f6b6c36176a7f65f3f993f9f3ba3b6f6b9ee599c67f10009,0a3a0e0403f0008e
rbg_000000273642.jpg,8240577ced75299e16c82f693cbd111aa501be43382162e2c5a32e169521edea,b77e2c970f2759ef
rbg_000000274460.jpg,e8328d1efa9ab49d921fb9eb37723f20e93140cc1391119e4121325de347d2d0,8968685272d08c83
rbg_000000274708.jpg,a7d6883b9a2f5142fc28b2e41f32d9923a1b76a8d102fbf7550854f2a2db2fef,f63f9c964b050f0f
rbg_000000275058.jpg,cffdab202c9cc07314e225c6a85caaed78e2f49d54480ec0f3409eedddd81f3e,55eadb73f97fdc93
rbg_000000275198.jpg,c34482da7ff6fc53d5e78dc433cc673ab601757761e07948f15450cc8214a483,0f93d1f2a31f168b
rbg_000000275749.jpg,44dbace72db40e09fa0ecb0f39b6da26ff4dd8648cf7ed85d70b0ff65f4afb45,4961c1ecec4dc9c9
rbg_000000275791.jpg,84cc0e75770f49df4ef6ba2abb374870ee8ad54d95f5f1d08dc94012191edf26,31a1d6694c3ce87b
rbg_000000276018.jpg,b05647286f7a433409bae4c890117b372a107202541bd62f12af2ed225afb124,d89c94dbe3e3c3eb
rbg_000000276024.jpg,b07d707d132181c971b53e0c097a0bd985f020547bbb9dff0f5bfbbea1809f5d,1f1e1e1c1c1aa7b9
rbg_000000276284.jpg,156491b71d141b91934509b32ae980588864fdee946d5e584143c96f2ea67d22,4880162db199ce6c
rbg_000000276707.jpg,a0fbb94936bfae18df49e94a413aea803e666caa401bdd7ce96275714b20d191,df97795add6d7c6c
rbg_000000277005.jpg,3cfea124dbcca946c927f9fefe4314b1a41ff8374adb316bdd969aca100b3d85,a8aacc1c22c9c006
rbg_000000277020.jpg,791eb6de6cf059c67b2b7809cd5132b3708ed39d36a1f67c55714a91391b3cfc,9bbfb527aeb62e26
rbg_000000277584.jpg,82b88986235d8b83b74aea2716948170bf0e9c2ee17e2a86d897335bad4fc610,fccc3537135e5007
rbg_000000277689.jpg,a5e4920a2dabe0368a4c67c82a7bd5bf3cc351093f2ac8dcae9ded55ced6eb00,86842b674de38387
rbg_000000278353.jpg,6634b59efc6fa95c1d72903144b1f671a32ec3d538f859f15e55669feb688fc7,3237d7c9d9199161
rbg_000000278463.jpg,991fe427551c787dcae0a60952f6506de50cd9d4e16040072929108f34c5eebd,0f0f070b4903034d
rbg_000000278705.jpg,d01c906a85c3f77702bdbf9dc7cedf11310e9aa47c6730927f51d9651dece310,2f6ba3c68f9b93f3
rbg_000000279769.jpg,c0534c95908cbd15e3c5122d61eb316792c39ca5ee1e1c6346ddd8c94a57d4d0,1b2c061b27450333
rbg_000000280325.jpg,5f0cc672f51b21ae96214ae334274e5bc714ab20815423df14f6aaa73caa8c3d,5f13d1146e5e5616
rbg_000000280710.jpg,1a76947fe2c8d39ae21d346118c413bfe06817dda5424e3451ef870db487fe49,00631a9ac26a5256
rbg_000000280779.jpg,f0fcb51e82d83e975b62a2d970dfaaae614103fa66f9ceb37857bf3ff632badb,05d54949191a1811
rbg_000000280891.jpg,ab14c4948b83a787fae4903d5a51669f19b71dfd9f0862229651d8adeeb44b97,a90c0655956662db
rbg_000000280930.jpg,57a58decd3d841b44ab611fda39b45f69815586899d28e0db8a58b8472213639,373746c41e3d4d91
rbg_000000281179.jpg,9bebf9c6951cac29455119ea6f67b396c562e879a0cf5edb036b04c021d3ca2c,31325b53713193c1
rbg_000000281409.jpg,ccb28678301b88b0da45b9ebdccf605621316d02738a0d767f9310dc2e9869d0,8e5f53ad98c3c6ca
rbg_000000281447.jpg,0530389e36f0e78630eaa86698a2a0af8f1f3a15849fb353d9a5ea9502357ea9,0f1d4d0a18181296
rbg_000000281693.jpg,e26a646c09883c33aa0708148e1cb7b9eea596702087f5bb62a31787eae5763c,2337318396e21f7f
rbg_000000281759.jpg,5b5861ca8955f8ff906abe78f2b32bc49deee2832f4518ffe4bb584653f3c9e9,07c7cdeded6dce6f
rbg_000000281929.jpg,b300f819b43b6f41bda197dde44a7a715b77623398a60030fca7fc2231451b9f,f35bb3f3632373f1
rbg_000000282298.jpg,4a5ea7d1f08a112ff876cc121812e1f156f7a5e9d0f283749128fa0279433213,89892136a6adeb4b
rbg_000000283070.jpg,b53dc117793a44ed45b4d0dee977a0587d4ccf2cac37f99399579ea86aa94c6a,2d8d6d4d4da52407
rbg_000000283268.jpg,3c768b369099245029d32363adfdb3f7c9f7ad4790d1d691a2d69ce494062a1e,cf8f2e3e3fbfbe9e
rbg_000000283318.jpg,4b94d49605715fe88957ac8838ba58746a9082d5beee2928429f4bda101477ee,15147491d1cc5c23
rbg_000000283785.jpg,b6ea09e403b1d4aeec9c405f8a7ffbbfcc14c94b3df0ba957901e3fd5d896524,b1b7c66e6e5296a4
rbg_000000284623.jpg,b7d443c3ac4cd71881259a33c8d85aa8dc2036de7a70de6d05b25a5aaec51698,293930e0d9d9d291
rbg_000000284725.jpg,10ab8075df3cd9e3344d12fbb764a3c977e809bd06726649b686dd68abcbdf07,99d956f999e667cb
rbg_000000284991.jpg,916e3eab5929c2ec0ebc9971f98ce5fa5b5cc44af1036b5104e093f53f48c46a,8e0f272ea7c3c743
rbg_000000285047.jpg,b5605b80cc02570705739e9d82949ec6f0b53c86060e63d06e44a5dbee4d8a26,1310c9c9ecc8edae
rbg_000000285788.jpg,136b58cce1ff278abcb4090424affaeb8c9f156c477f76f52617eb7dc3590f22,1190582b330086ce
rbg_000000286422.jpg,222cbcffa4fe8288d85949fb34ee81642484a86bcab2d11349403ed07c85a024,7b7faf5e33243c38
rbg_000000286458.jpg,177718e2112eeb96c164343aab2dde1c952f2e2c339ea990bc71236db0135eb0,8386961e9cfddb38
rbg_000000286507.jpg,f54826e1ad2b012ceb6b36d15bf083aaebfc31090785ae2bf42106788d8f4c3c,000081d8c1c7679f
rbg_000000286553.jpg,f37863b16e8789da5ed5f768a16f651883ac31cdcd8a965d1795e0d5456b2314,062f2f475b57170f
rbg_000000286849.jpg,b063cd3cdc0d236769f13a459ae17a919c71e94e39ba945cb095fa7c38589119,0303b36b212135b7
rbg_000000286908.jpg,1889fb1ea44b9f1b6041d861ff4d738c21306715e47b51126c8768d0a24c66bf,24a6a4c449e9dbdb
rbg_000000287347.jpg,13276f8d15148d023ebcc28e52226350b95332533c778d1f87d44633e7c4304d,6761d2c7c3ceccc7
rbg_000000287527.jpg,bb34286f1ee05d8451cdd991c6f5647c1f8a7fbc744267b5d3c5a3f4d544647e,e7a6266f2ec6ce8e
rbg_000000287649.jpg,91fac4147044cc28c5b03a3822f085214a5cf2b60cbe209e5c9b63cda06fc3bd,8806cbcd9c743003
rbg_000000288042.jpg,e914c0385ad155f468011797f4203ae3d43add6793154a3258f3efc2c87792d7,07ceec8c8ca99099
rbg_000000288430.jpg,fdbb17fbcd1f1a7b20620a0216f6ced2088575be9c376e81b7bc0e13f0926f08,070f07eb9b9b3b07
rbg_000000288685.jpg,cd33f1aae3ea110b6de7b35f2225bce018cf30248a78652955678d67b4c19a21,5f1e2da55b9f893d
rbg_000000289222.jpg,3a184bfd08f6a64fbaeeae674ecdd25ca524604f48640586d8831a33d6db3210,4d484c7474644899
rbg_000000289393.jpg,1400efb8808a3d5b1621558375f13bbd0de4b38d3ee471ce5a5e26b1e46c7278,9999984b66b6b519
rbg_000000289586.jpg,915f8d37726e95c51d35ee998c841a4d8e1dcd648990e2acec76ea4e9bd736b6,1c4e42ca73dd9cb2
rbg_000000289741.jpg,7f584cfba532b05007132380b4b0a2160f65f4023e0deed79776915005581905,0f3a62012b3434b2
rbg_000000289960.jpg,d15915ba13037711c683ffb79f6f1da0414a49820cba70ee2f1b0cdc5c40bba3,3fffdfe76ff57d2f
rbg_000000290179.jpg,a4b06865086212f1fdb068bf5a9d190b4581c7ab8f84458c4a9413f7fb4e4f8c,1b53d92f0321991d
rbg_000000290592.jpg,c434ed7d3391af0ec5db9425cfb0f0e661972fcd21b720a7da33d0042e051bbe,ec5b9e3e1a1a3661
rbg_000000290768.jpg,8c28cd521121b74ba348ae30e1c624b07344ca128bdf2b27ede9bdce40c74486,0101010313130301
rbg_000000290771.jpg,7d7f83ad4594d4ccf7b2c10ffcfe063cd84cbda30713368b594ae31aa4992b6d,3e15952199ac6c64
rbg_000000290843.jpg,6994d38a2582525f0c33f0cb28ee7e149ffcc950fa4c02cbd9ad9a3261955cc9,060c1d6edfd9bf17
rbg_000000291664.jpg,f8570147f5857eb91dcafb0f6e14caa06ad9db8541d99768e18cdae1b9a7c6cd,e16466e66c58997a
rbg_000000291791.jpg,b6d82fb6e1594d9c22bb2c045e2ea3611158cdaf11a3ab41ec8874198c206f8e,232222f4b4985880
rbg_000000291861.jpg,0ea62df424497d5d69f414968efd9bc66e13e2e8cd7fac652881d78636553418,64ac36110d0e67e5
rbg_000000292060.jpg,2f712ba7b74f852c837dd34b33fb0fa7d9b8135eed479945744382388718b98f,6d0f1f3d7e66163e
rbg_000000292082.jpg,c819976fc2e5cf477bbf8e647896646607c5f332ccd22862c909678fe75e8ed7,fafadeaeaecee6e6
rbg_000000292330.jpg,69b3cc092cd58a3a62415a760fa09dc38cf576443d99464d17d5c42118843851,051c3862e6dcc10a
rbg_000000292456.jpg,6c8207a06044306b0d271488a22e1a174af5a22e951a710e25a556cf5d212d5c,d398da9a585d3c3c
rbg_000000292488.jpg,0e6d1495e3bf406945578631f1b001d141fd87e94809cf7f44e7d2d32ee354dd,2fcfc2cfcacbc0e0
rbg_000000293044.jpg,b0f6a381bc1e8b741787a129946dff2524bb530eda3f15b6af1bbfd3061c217a,2193939333716684
rbg_000000293071.jpg,20f701233b0235e3f6e31e11c8b4364c1aedd954a5fc7d2d5610aaa8318d0528,274fcdbd4f64e5cf
rbg_000000293324.jpg,4ab83b05b2a3011710fdbe8e13ab5c4e9964011baa4a838fcb5c1451149e2775,0f170d199b8e7a07
rbg_000000293625.jpg,2bd0e6559c45d48952e5fda4a2e69d5ecc25ed3d95bfc2c0343fc6b0452b7ca2,978fb33373b9b2f0
rbg_000000293804.jpg,5029aa3cb3511612c828f5924dfe285b2f6831cfb71de6817fa0099c945d19d9,cfcfcfcf930f0f4a
rbg_000000293858.jpg,6fd2aa9680a66eda55d5fe51bcd9f92200c9c2c5ba0bb815e3fc29f797fdb3b0,9cd88299594c188b
rbg_000000294695.jpg,9f09c1871339afd079c2a35af4c51c18a2ae20252e2feef35e8bfb3d2b9ec2f9,93e3cec769b7a7a7
rbg_000000295420.jpg,fc0601e452807c790823559ddfc7fcfadfb61c59c6af8389ccff3444c604761a,00042c74379ff273
rbg_000000295478.jpg,dcf0e6d6e71ad7a861775298d4d8e2a207cffe3082da5c71c59b31c1a36d84d1,e04ddc978333db98
rbg_000000295713.jpg,6ad91f53f6e9d9c788852373253089e9e97238879e31bbb5315e76a0bbb6e299,c4c3c6d6b8cc8c94
rbg_000000295809.jpg,852cd3d0eaae0f7c91cb121c4510a8e1470df56d0508a0eb38379a0dd5596115,afac3ac7478f2626
rbg_000000296222.jpg,ce1178ec376955b929c9eab7f33368f95c0cafe9b48f6539a7c78168069d6212,61b3b0e1cb49616d
rbg_000000296969.jpg,1032b203f4b7faf2ea0268dddc1d9568e7ad8cbc39eb077b62ecf7b171bf90ff,b9b69b991b311916
rbg_000000297343.jpg,4a175dded2929c5a585b37c83a3d7f926f37df2d2a15bb54de019946ab477b04,2304110309010001
rbg_000000297353.jpg,04e3358c6cd07b5047134a7a5209818b13783baac0504438ebd385ccf84d65af,1f37376775699e80
rbg_000000297396.jpg,f1809b639f23421ad6d40a3c16a2fb0a71184f8c4e1bda72bc1bf53eadeff387,4315e9dbcf47733e
rbg_000000297427.jpg,eaf7b61fe63d008cf2660f87ba4b96cdbb7ea93094617efb26628501a42c31f8,ca9b237630713f3c
rbg_000000297562.jpg,17d5aaeae2d930fca6ac1245a8e6f737b0cfa2d77e8d0c246bcbdc4352a22fc5,915b4c4dc3434bca
rbg_000000298251.jpg,040be93be475440b4c1ee68364f12daca1ec49744fbacf1290c40fbcf82a0f85,361f2d6b1bbf4f0f
rbg_000000298738.jpg,40d18e68193a82eecf07bb677405ae4e01bb2cb6e3fa065e953f3a0c00912f0c,6e7d391b1fe7633b
rbg_000000299553.jpg,71a7aca2709a348921e70f68622c2b0935ad5775cd2fb3d6ece3ffb68d0ced79,7fefdc419925a08c
rbg_000000299609.jpg,6b7ddc929b3ab58543cda6e578af5784d532621b1ee021c0b76aec4cf091de14,ffbf9dde9f2f6f37
rbg_000000299720.jpg,4bb0c2013ea6742625f0e013115b1ca29740c7de210de6be7ae250618d0f6941,2b0b5d47b3b78787
rbg_000000300341.jpg,5f8f687c5c2b5dbb76f21d7705054080d619ac9e873c5afebbaf394357e119bb,2538bbab213531a6
rbg_000000300659.jpg,021eaf98c76439e397785f9998b9ec15c73a6076fcee76ad29e5f38340a1a2d2,0f3f233731373f37
rbg_000000301061.jpg,18a31a6894a29b529e50b472d359bb59417767b43b138d12a01454ebda3f1eb5,f8727a6a4a2627a7
rbg_000000301135.jpg,cb645e1fd3db446a1edca77892935a2d3c4140fa9eb813630dfb1179c16440ba,08d0882c76a3ff7f
rbg_000000301376.jpg,57ead4a94a6df986a161c014c0719b6c37b52ea2aa2246c297ec44db06eb7a2e,d6c6424243c6e064
rbg_000000301718.jpg,54a5a90b270b5ae95672c8ed2947867efabe7acf977d89c985cd1e909a58b1be,96136b2e271c3931
rbg_000000302030.jpg,d60291a24277d932cd19f5648899024ec4a4877e4de6e6294ecfc67a600be022,0c16c38daf0e4f4f
rbg_000000302165.jpg,b511159d3c07ca65cd19d4e0e409b13744ac86ab023273cc6a110f0004d91622,5464ecfcc36397cf
rbg_000000302760.jpg,833d0c79e697c11d7079b7afeabdb5342f8ebe9bf8926ecd88c0b7903c42652a,5b5fc300cc4c301c
rbg_000000302990.jpg,e3e8e66877afbc25b616626b58f0824ec984fe79a0ffedaec7843d063bbb49dd,1b06125b19080020
rbg_000000303305.jpg,3a68aba42359945b3490eb9c643d279107d41cb15370a0e327cbd0adbbef0356,24071309097b1f0f
rbg_000000304291.jpg,059e4ae569ffb5dc2cf55bdd435b4dd7b80ed5b8a079f573066a5a189183650c,ebcd595b59701842
rbg_000000304404.jpg,1c4558988298208b5be0ecb4d4ece23f7b1cc51b0cd166119fd3bbf0f16c75d4,3c52045459171339
rbg_000000304545.jpg,6fd870d7d530062a891ef165d9e4c5f40df23003e129ec4754b5997ce7014fd7,8abbaeaea6656d24
rbg_000000305317.jpg,40d627097b7a37fe5c8e485db3dbf332e16290dea9c40e17d8ff72c3625ab362,e3320c4eee1f33fd
rbg_000000305343.jpg,e219382c151eeda08d19d834dc9aeda24e04babd07767d37a95bb885abf3a1a5,3d8e331cac9aaecc
rbg_000000306437.jpg,22527e13322b44ff7a1605a44f5f7426e6d19b96ef0043678deaea17bac371bc,13931353c3033134
rbg_000000306893.jpg,3314e549507b84baf5d46ee1d042f32865b45e4b382f600445408bb00b7bda7d,69793317ed5f777b
rbg_000000307598.jpg,ce566f887959fec68326da2469ae8faaf80d8d227876f2449b2bb521403dac86,13dadb0bbcf9f07c
rbg_000000308391.jpg,d8354109e93fbad0f960c257504855686edc56266c4d7048f5645e0adaef6701,137fe6561e8ee29e
rbg_000000308430.jpg,5713c5b6f027603b4b1a02560bed3c0619df141c0c55d4c91528a16defc05bc3,cc66c38b99898427
rbg_000000308531.jpg,fa6aa7ce0a999e5e045c425122407e56867ff342e86ee17f65d1f2d62dcbb90e,361213d1cb0c07c3
rbg_000000308631.jpg,65be0c7d51b9ff262cfcac4592f5a3643cbda23a5fd571eee701c2dafd43e2d4,ac2c0c24060b223c
rbg_000000308793.jpg,a11eae1711221ca28f3ad22e9c14b3fa045c1e3206eae82d754697d52902b1c7,67098f8fcbcb675b
rbg_000000309173.jpg,80967e2d599426ebdeac2df026d901e750e89c7233bdb333d1a82ee58a5d181e,b6386db38cc6b635
rbg_000000309391.jpg,8ed212a0ffcf1b3d5f1fb307839030fb41aed1ff7488845a3bed02e386474082,87972da8e6a58b1e
rbg_000000309495.jpg,b6de50137bfff94e4cdffcb2bd8e80b092577f9ff4e5cb2db0608b5ccc224452,0303030305231b1d
rbg_000000309938.jpg,8956749b98223cb888cb948f97d64cbc7330d7a8c285da0921a8630cc2f6f4a8,8fe37df0d17c7438
rbg_000000310200.jpg,3f9b03989d2abed1869013389aa8ac9885b7fd8ceedd01bd5bc89b8dddd69738,4e464bc9e0f87c3c
rbg_000000310862.jpg,d308275268ce56f773ff5a8335194504089939acca75a040df20de0ed1e87582,8787c5c52b8b0924
rbg_000000311002.jpg,dfcab549fd7473061805dd9736ae0d1b0d008f18cddd55abe76e17c3405daae0,ec88b7d5c327cf8b
rbg_000000311190.jpg,643f8d5650cc004926a8a48d3c520df76ff0a709dd373b2a31a9d665b75db827,199a3e160687a3f2
rbg_000000311789.jpg,a73b83c6c2621965692587506df21ae7aa00a4d8daddfd3aa2765567458c4b93,3c3cb2b62c647edc
rbg_000000311928.jpg,a6d2111d919c66f142459554a58697446623b2b109b32a70ee03ed4a86730dd1,313334343613c3da
rbg_000000311950.jpg,e1b6709d77f987a8d106d0614303df802976916ead4e2824a353d670d6296c59,529c78b0f05969f5
rbg_000000312213.jpg,9a1d215c4b623a2a1e7c0c4b84de1ae6d52f9f6c0cbe1f19b6e0147470b3ca81,3cb9391949703024
rbg_000000312278.jpg,60d58df335eb6b124044f7bce1cd7cc583a47cff1a60e2ce773b16c1106ff6e9,336c2c3a3a3a4ed4
rbg_000000312549.jpg,0a935f73157d245ad92ad1c116750bbf7309f4f6e85dff09ba9a479148ad39dd,016f3be3c3d7e4c5
rbg_000000312586.jpg,1aaea56776b53e55899b583ff6f5d716280a2cc1e9e5d9280d6c2899a6fddaea,a70e989f3372690f
rbg_000000313182.jpg,eb866ca692e9cbffe64807c519b6b2ce6fec169734658331c3399613cd8ec20f,4721043931322c0e
rbg_000000313454.jpg,c7b1093724ffeaf62882a54908dcdf7180e7b620b8efd47e56ffc0d3c556a9cf,6363626342938bcf
rbg_000000314182.jpg,5ada32a5fd65082d93a24e31af732446ee67a38dae1486f523de1476e0aea578,23607434148d0d89
rbg_000000314251.jpg,2200eacd5b05197d1245a275d9d7893709e6dc81a397c6dd65fda15222c2e777,5e5bdbdf8eaf8d87
rbg_000000314264.jpg,ef3e93663226a89789def6d1be02a244e9f524192127ee6c7a51aa3fa724b95a,30b05060e0737272
rbg_000000314294.jpg,9750be89f2b940cd48cd0d8527d8ab6424983d8e7c398cf7d4158883aca1504d,c7c7c3c9d9915e59
rbg_000000315001.jpg,8a3e026e332441aaac87c2c260ef467caa77cfa99517b6124210121fab371d5c,11212488888888e4
rbg_000000315187.jpg,29fcdb959434fddb1f1d11716cf3fd57d3d73310567b9be43046533a00fbd235,4083279eb3a62004
rbg_000000315492.jpg,9d47be6fd48e9a2de54930ebee7514df920d9cebf38bafee643e76a58798013d,2c7c7b8e5a36a6c8
rbg_000000316404.jpg,55d845f4048d0009698986cfa88ec1b27948f3deaf57adf30ca603ab343c58c5,7666232321257323
rbg_000000316666.jpg,9435bba3fd0dd221b88cb8d712996a91c7f0a9be6ffc349eb03835720029b084,f324146e2f0f06c0
rbg_000000317024.jpg,9c7f90d13e4d37e9030f1632c2f3fbf54d593c63dedeac604dce20c2e85ac62f,5b1b0e47664ccbc8
rbg_000000318114.jpg,8e6da930dbb9d44c5674f231ecc190c69679139ae97967e953860c3bc12b9725,63899eb6fcf8e4e1
rbg_000000318138.jpg,3c00136461e4776e5464555c425ae9f2e6cabaf8de8df74b3b46df82b4eb56d6,19ac6443c6a69118
rbg_000000318455.jpg,d4524c09516bff37126a7cc7fab0bfb6f81d96ab16d6d211979d2699513d64a5,1f1eaf8db1930e7e
rbg_000000319607.jpg,9bbdfbb3c432c6557b251b5befd064ca2f7136af0a83954c86b7deb6511eb354,fedfeca0e1c79e38
rbg_000000319721.jpg,2dda1cbe26cd36d3c701cc98d9df614f5a72cfd14b35124b08f461ccf42720e9,7f5b5e5a99899893
rbg_000000320232.jpg,ece9c5bb0eca4f0123e715a26eb480e3cbcbca712dd476abd4ec53188e69a56e,006fe51111b5353e
rbg_000000320490.jpg,4607fda38ed071e25e65232b197c425c147bd416b53921d7aaf2265722b5d8ed,0f070f0d251b1b1b
rbg_000000320632.jpg,24ccd8f02cf63428b50a2a874ca118d1fde420fe0ae0ef0f5475dae2d8d572b3,17544ce2e2071747
rbg_000000320664.jpg,c01d3b4a2d2a32d2a6059832f4823fafc6cc2aff8830860a82a6e4a0baaa4cd7,3b3071e190a0a6a4
rbg_000000320696.jpg,6765c2f7d082065b738ad55db4ca6b677624293b0545b384a8110fa144b42ff8,0fa3e31430771f2f
rbg_000000321118.jpg,4c65f2cae2ab8275768b1ed82c676de831a27e459f4e47e86757686ed43e08e1,f89e3e0747dce4e0
rbg_000000321214.jpg,5b4d5e12a578b4407a3724c83a8950c5f00b36763bdefdc535363818d057ae9e,cfcacacec6b72bab
rbg_000000321333.jpg,9c8eabf8fffdaa70aac997b49e6b571671a34098581069edaba4c19da0d98fe0,cb8dab8bc9654377
rbg_000000321557.jpg,eb9287cd59c1a6105e9dd468dfd70a5a3e76493e8b89b8d707bc477ea7428453,b139b8ecb496dafc
rbg_000000323355.jpg,3f3cf2287d73bc198fb7c1503cf2ccac77b33d772ff89318b8b83546add5924b,f3933327c7cf6ae8
rbg_000000323571.jpg,68c5546797645a48dbaa2e80d7bbf08cead6ca1e0a5536e721d185ae76a05bd1,9dc131198f9e96e2
rbg_000000323709.jpg,68544dbd27f85ab9c77489c2049c12e0642c9b1f8d82184acd18d461f07dbcea,0707034be587134d
rbg_000000323799.jpg,aa94ebdb52d07a3b750380b0e507b40fcaf318ac6bbd4240429af54f36c76ab5,e4a73372f496f689
rbg_000000323895.jpg,cef175a9dedfc31ad0e53519cfe601d1413658ecf738e5a31e0c43ab3ee1095c,1212195a18174fc7
rbg_000000324158.jpg,1b5ea30fb94ec3a6a80fe5cdacce9cc0a2efe9988ad23820fbda4116eb96098b,dcfcddc113321129
rbg_000000324715.jpg,3a349cbfd1cbe87b1f826d5b9da8bebf1e09bc23b12cd3dffd4e87263194f05b,3b3a1e1d0e0f3e36
rbg_000000324818.jpg,9afeb3d28088525f56f2e7ad650945825353ca307a32ca9fc7b1f1d52e8289dc,5c381a4acb8a0a2c
rbg_000000325347.jpg,18cba1effea3fe0317d2c1f67728a9d4ef8d46b3a41767b8c3bd54d1e42d4229,4a46341619183c38
rbg_000000325483.jpg,697a7ca41eaf77bedf06b0b37f1258408529b09ca45ce766440df1c82877c593,17475d132646d697
rbg_000000325838.jpg,2753bdbf9c6240d1b6a640aa79276132fb3e52a20df86091813377df38cb788b,92022766a42466e7
rbg_000000325991.jpg,0bf88cf023fbbb63af3e33479710dc9faf8a65b5938f353ca7d5600d3b5bbb6f,2f0f1b1c08232527
rbg_000000326174.jpg,8982eda5d2a96e76a6c91d8a02844fdee9c8c1dcb384f74be0244eecbefa78dc,0f07031707cad20f
rbg_000000326248.jpg,d93eef38f260cd20b70a58171dcda72ebbcac72b1cf5d1be8583072159917d2f,35cbb2b1e325c48c
rbg_000000326462.jpg,8749de195b3b7f7f5c59fcca6277e8418332ac925fd4b86c2c19de433e1c3682,4d1f7349590b2529
rbg_000000326542.jpg,3cd68172a203646eed9bc2d6146a99e1a2ca8b47ac453a266b69412d79b321d2,7e7b7ec4f76d6994
rbg_000000326627.jpg,1f0f26e8cae3167d096d454942cdcad12e40ce796d9d8850833313feeae0149f,1f8e8e840667c743
rbg_000000327592.jpg,3a7960307bdd369cd44ae0c372cd38c640624209c32289a94c8bc693dfc1f4ee,a673f2f0b0e4d5f3
rbg_000000327617.jpg,ee9b8e35b94f07d4afeb109342e3f8c7cb11e46c540efc9f6b0daf84ce105b0d,1b6567ccacf2561e
rbg_000000327701.jpg,3a4f7d2ad3afa74fbe65cc2a3d0a8e12244e06122a66e74ffe6a22d884c95709,0c5ef8f376466719
rbg_000000327780.jpg,5b492dc6808bf75c27b3c085784fa102e325acb43125475c1ae1babc83a61fd4,1a3a7b31250593d3
rbg_000000327890.jpg,92b54b3e01c17d1a8d2b2b9d6995eb1a1a43c6cce9dd491d38e7078030a7d4f4,e5e1d19959f0b8a0
rbg_000000328117.jpg,992b24534adaf6c1d11236e4eba2682477eac8bab2a134afd2736793bd68322f,484d8fcc94a23210
rbg_000000328238.jpg,a6502322af5f875dc187ecc7c8dd23920ccd61b1acc32bfd8388247c2e79a30d,6b63683637373535
rbg_000000328337.jpg,7703a31fcfeb56e728b00f58dd42ec50b8eb03091fd259408aaa978e5e5607c0,335925e163333373
rbg_000000328430.jpg,7d2a3fa3b9172de2adafefbc87e5a13cfa00acabc75c4beaab848956c06407d1,0f7763e8c89e2c29
rbg_000000328683.jpg,1254508368e11e097ca02053eb48077ac59c6f0fa2996ac64d272c6893bd956b,092c2c2c89a93517
rbg_000000329041.jpg,e7b699bba23d6e61b6e921c247d483e37e9d42cd3f18b1555490ad1b8a666f62,e4602be6e4f2f0f2
rbg_000000329219.jpg,10dc6cd39da78d787f01a4221d6f6765d30021799f332965de18faae501587d6,634949597969c989
rbg_000000329323.jpg,fc1d988944570a6cb43dd7c90cbc40a72ba2437559a849a759db932d4473d74f,5032bcccc4cc8c2c
rbg_000000330369.jpg,bec59828bf00d664817f6c80095e555bc6ddc3b7906cf8826144a0872faa26c7,2d639337f2f03c78
rbg_000000330396.jpg,9ce564f96173bf76a56de22f23e0dde0ae6e08b8ae9ed14169a38a6e0f40702b,071b191bcb832625
rbg_000000330554.jpg,250cab528d8b4a56a468e1bb1a1b8600cbc545d140f3bfb8318899f57fdfae75,3afe3ef831b93b7c
rbg_000000330790.jpg,08687a9320a720f9656f3a91e299c2e5bb5d7b45949eb92851f9ddfd0fdfd55c,f9c9c9d989899999
rbg_000000330818.jpg,ec6b58d1ee8938d9efb4d231f13809de61f39caf8ce1479ccd32dec548869664,d293262691e0303e
rbg_000000331352.jpg,8b69da4f3b8f7657105ef920d1084d657a939a763c728e2178fc6a007a1e762f,1e168e9e0e560e4e
rbg_000000331799.jpg,cc527f0ec4584a5a8cb8be659addbf5d2021e64a03044bd10d7d61a034a3acd1,5bd979e91b327363
rbg_000000332318.jpg,8fbcd5c30eac0658d04867d13cdaf1edfd366d73cad2aae79bc40df3923dfb07,71e524572713432d
rbg_000000332351.jpg,843e968f9f8a27ed566ae907cae8d0604a4c9e6d174bc31543eb1714fab145a6,17851b3a2b9b2410
rbg_000000332455.jpg,a83496e1ed411b1b8580fcfd128dcc6e4d35b945116fdbc0b4f43acb0c5e0dd7,702624809b13172f
rbg_000000332570.jpg,2ae458d568c63b34c2a74dba3ba4dc0f6768ffbaf4b7924432d6465533b35edb,58f8ec6c646c7803
rbg_000000332901.jpg,20798084ed26a2825f90b00095e4d9f1ddded35ad1000d2330548fc0adad9ea1,8f8f8c6c38660e07
rbg_000000333402.jpg,27781696bf9427875689f4a8f5e7a517a04824fe935d3698552e8f57099b75a4,31e261392b5ae0e6
rbg_000000333745.jpg,db3e2af085b3eafd7b00ebf44f43eebf839838a68493dcaaa3529fff953835c9,d9dfcf2d16b31f07
rbg_000000334417.jpg,5acf3ce8da9a3a902f7b87139e810b0e584f2b9b49657c7bf0df795e10ea20da,fcb01939397374dc
rbg_000000334483.jpg,25b008f452e77d8618bb1cfb9380eb3c7d2dd43fe5c92c5cbcd949b3d4f9ce4b,0388ccdc391019d0
rbg_000000334521.jpg,936eddbb14e81c4b670d1cd7b7b9a5ed72db520d6c4e86355148302a4358700e,77ee762e2e0e1209
rbg_000000334767.jpg,6afc10306fa9c327dd90ac01b1bd79e328fc0583761d1133c8ace1325150788e,de5e3d4c8ace5be3
rbg_000000335081.jpg,ad1a5a24ad48a57756fccb40b0d1fd14d666199643ac89c8293d5e607c3c4782,3633326c79493c38
rbg_000000335177.jpg,2d9e08ded8ec4972f4653a4ff6956a03e99e06f717964f2176a5e66a950155a6,fe7f1c36729726ec
rbg_000000335328.jpg,73544f620a071e28b175a2a514082fd59ea166632681bab743bdb836633b4a0d,232f26669dc0e06e
rbg_000000335427.jpg,ea30c8058f6f658dc75d14c252eb0ddaba2b2a796164756585d208b9669cb2fa,4c5c961eccccc36a
rbg_000000335450.jpg,c7a2792dca793ceaf05f97171d0f1c70800d6295099aebaff6dd0930382866bb,11131b3830ba1b35
rbg_000000335800.jpg,cd4f9f9e797d1146db474f98b7560dc443e7e6efa91fa563fece45374b8de7af,0b09a999ddc5a8e4
rbg_000000335954.jpg,3f16d3eca776762a5cbf50e6e453aa214e0dc29d5d1365d77aacd5202cdd9b05,91c56849c9946342
rbg_000000336265.jpg,7c84e839bf26fe9e12b464b300e480dbcadf88a79db134f2c29bf3a9056ab1ab,0b065b99130a8e67
rbg_000000336309.jpg,e596ab5e41982529cb87aaac601145764a28e08cfa8372491d3773b2320ad370,262e0d8f4de9e1e1
rbg_000000336628.jpg,32098d1beaac80a3adc13a582c53b558c824894bbe78e15646beefc76d9050df,6b69dbd56845d9d2
rbg_000000336658.jpg,df6714f025c3c3020d592110ef0742d4b75b1d9383817cb2e4713678338de4ba,3f3fbf4f6e793317
rbg_000000337498.jpg,e5085743c721e96e7f8ff5bff943eca4ab56965b0da78387f21cc9f1fc3f573a,191e2f584c65338f
rbg_000000337987.jpg,48f14767cf8b665e1eb5edafb7caf8ac94a8582572b7e2c5d913a1ae9b92df27,85f4636362f32625
rbg_000000338219.jpg,4b6160bbe6f2e3d95429ac866bcf225ce04dc90f35665ff21b29cc836e3a4a92,6dede6a2e5c4ec3c
rbg_000000338304.jpg,87908252c0c03d2ae5b0e0c118860b089b6938b83a6121e3b8e1beb97bb7ce30,181e4e3cae4e1f3c
rbg_000000338560.jpg,1da51afa7fa72d73dd22181dd0e4ff98b206b54470f97ddf51a8339a3b503ef3,734c49f372b333b0
rbg_000000338624.jpg,4c5c6043189c6a5d4c880a0a311b874873edcdb404054cc21f499280e38638ba,b9f536373c0e170d
rbg_000000338625.jpg,7b4da0464933e5669fab644bb183beb3e8f45a99a27c4d25667213e5efc83b79,400eaa0d4de3e60d
rbg_000000338718.jpg,0f0085a1167987991d58fd8e34ef0fad20bc5b72030c9d5a972e3eb66a30e9ee,0b2bcdfe29ce9130
rbg_000000338901.jpg,c523e93db4e127f191d892ddc1bbe8db14e894d76bf0231624a5cba918963254,6373e8090b070b01
rbg_000000338905.jpg,1f4f6bc809345702ccb92602a87cdd83421d8686c70294d5fb1da77bfc9978d3,070a00496a4ccdc3
rbg_000000339442.jpg,0bdad29d04f4a11e8772b7a8e2151281b70282754c77fa5b849423be497c6f78,b9bc8e9e9a9e8e50
rbg_000000339870.jpg,78b0b34c63d00024b8d7d56e672ed7484dd2ad38dcfccf33e1bdbc14630bf409,32718bcb8ca5a1a0
rbg_000000340015.jpg,2a74b82fdadd4b1b934f21a1d812a3aa83e898b653cbd04535d7486d079b4d8f,ebd96f4b276f671f
rbg_000000340697.jpg,e8561c69704c7b6b901d95c2555dd4d8758534b94dc661f23c9dfd901013fc4c,2cd8d8989a9874ac
rbg_000000340894.jpg,3e3b877390b6f0cf1873444eae7912dea498ea6515ee60bd0a2fa6b7d5fc52fa,cbf92162c8c4c0c0
rbg_000000341094.jpg,8dd624082055c6686acb10be52b5f46e6d65f718cd8b1008f2155389a8a238cd,13d3939bc7468ea3
rbg_000000341719.jpg,8556cac9bfb0f8cd5ddd65f50b63a21b27c069ad7e5ccfa4e4799a805ade7154,070612060216160b
rbg_000000341828.jpg,c287d4d6d8fd2b891c933dae96cd7489c160bcfad5417f3ccddf4c771cacbb33,d85c2c3d39595d7b
rbg_000000341973.jpg,62b23c8d01827e3c4ac3e9b23a2b3fc27aa3dccecda1aadd8b8d260eb83565ca,9388240495546869
rbg_000000342006.jpg,c33d6de9bf07a3b6c3879448785cb64a3cf2b581a1b7e0a77f908809980698c3,0126da3a6b3e773b
rbg_000000342128.jpg,850c27fb3df1abd24188fa5d93c9c1338edc46ab544f1ac34d8f116e6a0dd564,51126b3a06561b3b
rbg_000000342367.jpg,97537c2e8b3fb21beae758ee7644b8bd79a0d9066796b7099696406e458912ca,b83e2e2626b5b689
rbg_000000342397.jpg,c13b1a038f6b2f0b77438c12c7bf4b4a32c1c1e75a80646356355665cd4e4607,174b37f2d113770f
rbg_000000342971.jpg,2218d47aa8b8543d11011b5c9e758434ed5fc5b0e9e87161b4b417cdb5a482d6,4e3062465e32621b
rbg_000000343218.jpg,ff45d2490e8dfa3d775ddf5ea378d835cdec56eed9c33190c9a00cfd584e7871,0613960c0f0b771f
rbg_000000343466.jpg,ec86ae51331ee65dc7ac4fed4615110f6da706d812bb2c53770849d908123e4e,36333332360e2d0c
rbg_000000344268.jpg,35f8ceeb90aa95f77693872f0cb1b27eef2583d157c2669fd83e2c72396f1ed3,676d674bcac2c6c6
rbg_000000344611.jpg,01e78cd4c4e4fbbdf618a980b0726da279e2b4a66f71c47970b58efa4dd22888,6f5f3f3c7657adb7
rbg_000000344614.jpg,ce1eebf8d7adb017644d8586befb0f075edc3fcd186d4155c0716d058ca22aae,181b0bd69686c282
rbg_000000344816.jpg,091feaf5dbb6a28c71f83d0d91756aac8d176e7c3d31b766c484252440772457,4bb58d19091b61c9
rbg_000000344888.jpg,a85d62e7aaef096fa645f659a7203dc8d9ba61e32dbd0696900234e1a24da6ea,7b26c4ccccc2f3a7
rbg_000000345027.jpg,0c6655788cf20761d9c650c631d254cea96be405cc5f8ab06a6f1446844ad5d5,00000103202749c9
rbg_000000345356.jpg,6747504c0e3c993e6bf493a19bbd343e65685b2bfcd656302f1d5ab828c2a109,0f3316544363a317
rbg_000000345361.jpg,2444d5e254c43f64175fb611d93fc19de85ab9eb389148e92687cd445c63095e,131a1cce63fd8c2f
rbg_000000345385.jpg,e4d18bda0d6e3e7c0c174fd540876b039d886a266b3b61bef8aa0cb7d01e8798,f7636c6965d595b6
rbg_000000345469.jpg,d75629108a0e46d3b1826862b5bae9a1b75ccc4c635411ec12167390c6f83f72,ed9bbba98b9d4503
rbg_000000345941.jpg,2336682bc863b1eb39a926b32d40659d09358c8163fffbdc5f4f818a074fadb8,197159cde53159d1
rbg_000000347163.jpg,327141f584232821dc46e28c0b85f30d206a449af1f9ca99d270910dcd7c73c3,0929498191d15446
rbg_000000347174.jpg,6870b0bf429901a0af032dfbaf814d2a289a21e43936dbc59a810312bbabfcb5,2f29274e26131109
rbg_000000347254.jpg,56c372324ad642f423ae4b5d08e9f948f6bdfd76c983225f48f99ea6be2fb14b,6fe1e5c7e7b6929b
rbg_000000347265.jpg,4c60eee093fa352796acb750d77f360b71b5e0bbc4879d929e9113bb04c6454f,3333136112170f6b
rbg_000000347335.jpg,9fdc7fdc0cecd54ccddd15d7c758cc9db1edcc374c229d97e2ddadd13d285bf1,094e19587ea250c3
rbg_000000347370.jpg,84a3f48206f3cfb058c55c4385b48e1d39fdb63e0c51e0b4018750896d38f7ba,313a3235383430b3
rbg_000000347544.jpg,9d9cbb07a6f3b727e1f45c0208cad1ec6f83f41814752bc4c9bcec1ddfe2909d,01981c9c094b1938
rbg_000000347664.jpg,8221dddac9492f8c86b317fe80500f9fc5a81c4597f0b58c0dee7338abc795da,9f1f7c1619079f3f
rbg_000000347930.jpg,fff3dce10857486d2b36df904bc01807096373513a4a0508d84dda293fa979fe,b9b1b432e6ed5df0
rbg_000000348012.jpg,7b693d91d6a6565e8957be70cf50804c36d5ddd2f921c7505bb0e2d16594697f,37fdf8f1c4c18109
rbg_000000348045.jpg,2bf52dc1bc3ddeaaf84b2f926bcae30d72569afee82ea5e88d536321d66e9428,01010113132de667
rbg_000000348216.jpg,a81933a38a7709f85d78e5634e706c0ceddc2097105fbbfac9753e705e917a68,13030b1969890301
rbg_000000348481.jpg,7b4434ecb88a7379cd6d8327692ce2a1255100ef66bebd602b680e00b5a4206a,9f9abe7b65d65a3e
rbg_000000348488.jpg,11d01eec53a9abc31331ac2a73d484e6024e781bcad839f1afc60670462ff1c0,07037575c9c50587
rbg_000000349184.jpg,4bb0d5850695a09964d7f111ba8bf70233fd4798332aae8add1648ef736a1de3,f79397c1e080ddc9
rbg_000000349302.jpg,0eba35ea37326ca24f80363c1e68b14ece80a37655d6e40c2712fd7cfce2c73b,6bc9a84b57d65003
rbg_000000349480.jpg,aa94fa47d66e175a2c5dce5547cad5563f0e074deb70e2c39aa7618258ff453d,11cae6a0a6c596b2
rbg_000000349678.jpg,ae5d97a6b5f41a9821e50bb853b4c6d5f1c2c833c7231cc2c04768929f7dce0f,376f6f7763657b1c
rbg_000000349837.jpg,a01e45e7016950ea61a47368b837e3222e22d2f580bb9a47c635946f0f3e4973,04850505050c0901
rbg_000000350002.jpg,da0150f99c3e14a4ab56679028ef2cd6a0d467d998ca223ca2a586d92593154c,470b100d3b3b1d54
rbg_000000350019.jpg,98ebe617a7c88f9afce0982f487bd4fafbed00f08c24c5c2b404256e2c9e4193,2746673d101018f0
rbg_000000350607.jpg,88f3c399eb0ca5082788760cf6e1e8530d9d997a87fedd08b1a258f58163a40a,8c074565178c4c0f
rbg_000000350679.jpg,0537f351c1e6a635677b02a01b09d1c87de545975ea1a3684c501c2ce4929014,e3e212183a22352d
rbg_000000351331.jpg,deba2982eb096a7897d0830833e254ed44a08bd131239246e1c9f9d6f99c273d,bef6cbcbcdcee6ef
rbg_000000351530.jpg,c0dd4c7912f49996c6db70407078f13642da6239661294dc27bf190b2e1669f7,0b1a93952f333e07
rbg_000000351559.jpg,07007111c43cdef4a099526a9d658dfff956ea59681fa3f3766e7d029f6f720d,c6c6c68687a38bab
rbg_000000351823.jpg,79351a61303ff0a648c96da7e67449e839d300d9c9f1a8503ea38b0faa7ce430,67436aee99a7336a
rbg_000000352491.jpg,35ec472ae0a3525fec079ef5c8877bfffec8f48c2366b3ee1737626e2ca65791,061843260a000003
rbg_000000352618.jpg,99deb69d767d3e492002446c25a7f96845771dd097216644c62661c3081e2cd1,030385929b0b0c00
rbg_000000352684.jpg,da8028056a1503782c966bfb4643cd9ec67a926be49f45016b5f968fbc5579e9,dac3d36727d6f21b
rbg_000000352760.jpg,e8e628840f8275433d429abede2e426da7092545c692d418a12cf58e4fa2ee4d,8c66f0b16929924c
rbg_000000352900.jpg,9a1477fd6e460794bff330599c0417377e8622f01ef006c9c0b2bd01883a2a05,4f1b65e4ceda7871
rbg_000000353096.jpg,2f6773ef40aa8e53717b809410d2f1be66ac9230dbcefe27cf8c6d1b4cb541a5,cbc9c9c9d94f0f82
rbg_000000354072.jpg,09187f078c7f5f80071932db41d194628766fe325ec18deb69760d81ab9d51d3,2c985c849cb80468
rbg_000000355610.jpg,2ccae45b3bcbcc5f1fc797eacdf1151e50d86187e08c2fe3b9e01efd13529c58,7fa7ebe6e6e6ece4
rbg_000000355677.jpg,cfed285fe730e7db7923cd9324607af6474df4ac71fae66b9cec5e0b7002293f,310d090115250d13
rbg_000000356094.jpg,8395d0b485c3a2c218178bb7190a8030a2db742f363539a914c892d1617584da,1b03672525272723
rbg_000000356125.jpg,9d370132edc6d059db914def94a91657d4a2f641e2d53b5b6014d1fd2c80425d,5dfd1d1cc84c6c6d
rbg_000000356428.jpg,8dd69327e96acf25f9a12d1e154d291a048d757864cfb33d4705e881fbdbb710,ac899989a424a939
rbg_000000356432.jpg,61bcd9574a1f84e1a2be178071179a5355e660672e3325fbd6e6b89c66090729,6ff1e97bebee1d3a
rbg_000000356498.jpg,c52407be6458759627443a80a4fdd62730726ee8cf44c04ebae1d9c2d5776b8d,4f64e4d294f4f67c
rbg_000000356505.jpg,2551b5ea629e74fe93644bbc16f80dc0d908e71485e4a0f1cf9e4d4df872c492,9de7b2b1682f1d39
rbg_000000356612.jpg,92d4db8b8ea208bddba73c0c89331960e194cf87eb5841e3050f62796131a60e,7dc7c78b89995927
rbg_000000356968.jpg,9333220ec9888b5a061bcda890b953de3fdfff025285cbaa5b909b5e0b35c78f,8b8642f2f2919c89
rbg_000000357060.jpg,dff67d57d218192ea2d8103db63038159406952f1b577d5d0e105e915f0652cd,070f172727270f07
rbg_000000357081.jpg,185995d8680a3491f0f4e105151eb0c77c950530a22bf55e341415c0e12868b6,1867273b450b0b0b
rbg_000000357238.jpg,52f4156aec8f9aa3795941e457f69da579b277e1df855acedc48c9a97a03445d,2c3036840340f2f3
rbg_000000357430.jpg,8e88258c2a1a820c4a6ae495793e92fc2ccdde5643d6c8c751882731c72a1b10,59c9a3ad25b84ec7
rbg_000000357459.jpg,1e3d6a821474334f0e30bd96a3688690e969da57dfae4876a0c3196fbfe8a89e,4f9b3d65e7c64757
rbg_000000357888.jpg,a3e2453b0293f04a582274239f4a00290e968ef615480314c2cf00cff986f134,03060e07434b4b0c
rbg_000000357941.jpg,21c85a68a74aa387b84e830c1e73bb37a2af76fb67f4eed9c30ef14d48dbf627,c9d9d9f1744c8dec
rbg_000000357978.jpg,c391980744da1a5364eae79358f00c68be4b0429dca5980162d1adbd5d440d34,861b83208424e52f
rbg_000000358923.jpg,b39cab93ed8551306cb0aafc455d289ca5360cd5346ae37bb915fe650390f6ee,98992c1a9a263232
rbg_000000359135.jpg,9ed869f7865a4f14eec1dac691c62e22f7620aade6c0cca1e8014969539bb533,0da7b61c3399d835
rbg_000000359677.jpg,b9767ebb38fe98ed310fc064966b07d8530ea471f3057026f1b319a4c46292a9,0000083430081019
rbg_000000360097.jpg,57cf8aeaa73b52951118851955fb8f2a8a7f3eaef4725648122f76e54d22e245,8b133131330f2e3b
rbg_000000360564.jpg,44a68ef50e7683387c27a52d4c5a69464218cf61348b41f92506d396386bee08,7f9f5f9eaae2e626
rbg_000000360943.jpg,9a6d9379fd7feb77987a43d1ce0e304e2eb5dd7f28c2a818fd8baec5ed4cb700,b3a282833f1f1f2f
rbg_000000360951.jpg,27d49fbfe39cbd55cf9af5bea2b1a0aba997ab6acc465d2beb0d118e82a57321,ccbc9da926c331c9
rbg_000000361103.jpg,9188a63875d42908534f9192719b02a0fb26f110398ce6b052df664cf4aa5e55,6c2128268e828646
rbg_000000361142.jpg,cad7edbaebad81e4a799a39d8be9720c76c79ea2a675cbfd1b16612a837bf28f,164249d8c4c024ce
rbg_000000361238.jpg,d353d745084e986af44b6bb9b2fc4cbf5f412ed913294ffc774ec3d83e49f87d,272757d5335d790f
rbg_000000361551.jpg,5609823f04e4c098a97420ce373636d11065d92a917429fd202a43988cd74262,9e9e67e31a1e2481
rbg_000000361586.jpg,fe7f120afb882dac8a8701d57ca2b8ea143c7b7560cd0403770272509a34fca4,99a494d7dfa7d9b3
rbg_000000361730.jpg,17f6978732c3000e06b5eed0ca243e6dfe1367d8598863d22616d80d13039fbb,1f0e0cf4233f8d1d
rbg_000000361919.jpg,8aead050e3598d1149f32a1ae51316836eb9816b23ccb790cfa15b03bd6ad127,f8d36c6c4d93ac8c
rbg_000000362682.jpg,840ceaeff4c9d12ebbf3820ef38426091e6a28782ec6cceea9f265cf8cfb2651,5dcfc9c989f91d53
rbg_000000363207.jpg,b07a2456f7eea2f05eb2276a00b174a4fe5863936774f501b2e76308b10bb16e,0713535b0f1f4c9d
rbg_000000363461.jpg,0d41b0b09df6077778df7c39231ce37ecfc7c30273c55c70926fab0a88515eb8,4f4c0eaaba84a666
rbg_000000363666.jpg,a9fddd22efc52bc382cfb88adc507134ce80d1ba09bff7d24debbaa1b26e6d78,2834c9cd16560f87
rbg_000000363875.jpg,2fa0ce12df50ef1149d6c56830276384dfa5e79a248d20087365856a079b9758,642010c2cb8cccc3
rbg_000000364166.jpg,d78efc2c1c781debb031b65fc186a6a5c36dcbe43bfc230ae6dd3ef6476a1ede,333838764bdc3623
rbg_000000364557.jpg,1a3a46c600bf9433beb16f8c87c6795cd3988b43f184407afd2bcb6a18dbaef2,8f8f2f2787876767
rbg_000000364884.jpg,4772b3ee188312e9f63a9e07c660825f60b13e53456e925ed640d1c43f2fc473,9871e3cf1f3f7eec
rbg_000000365095.jpg,a3b2759d2d51ed4e63e9283c3a383bf9477198887365fecd6aea6195a002911c,43c58589811c040d
rbg_000000365521.jpg,d57fb884deed6688bb2e8fc64998f5015fc3766d2c376caaea1950b10c4c91bd,962c4e58cfd0b86f
rbg_000000365642.jpg,74a8403ed7515330bca8c58cd1ad16d703507b8d3161fc7dc0d12272152d99fc,41d3b9b4f8f17638
rbg_000000365745.jpg,e9140e80d2d1369203ca86f75f2e1e1d46cacef6481593d0e7a2e38ad1959049,6869a4e0a8f97148
rbg_000000366141.jpg,750ecf4c01f7690671d20dac73f7ee0ab2929a6fea7db0e953abeb69e8e81b95,7f7777f6ab717173
rbg_000000366199.jpg,c72cd72547cde741effa8e956631e74b25fa6200944ffb9649866a1335a7ba8b,0e4cc979f88e3f3f
rbg_000000366225.jpg,420881b295149bf3912fc79e84ea494120801acfb517f0082eb2ed81fda3053a,9ebebc97734f0b0b
rbg_000000366611.jpg,3e1171bf28aa4f22505762b05491ac79e81a3f479df7de56f9321594489b8902,79e9dbd035656549
rbg_000000367082.jpg,702c8e331093d9d391420d2cd60dfe167b176aec182f3b743dcd9aee7fe75ab3,322a616050fc86a6
rbg_000000367228.jpg,d12e9c18535e8ee6774ebc7b9cf3cb1b37e4157f76daf1f3f17c84693bfa9465,cfcb1cd574333390
rbg_000000367569.jpg,0bf18d631eee0bb297484c5ced6deeeced2d886461e37334cf297fe238202497,0fcf0686a5a2dae3
rbg_000000368212.jpg,3f39f80efab771fb3810973df268b456634fd3495c26778e278968753cd20ecf,303173d383332706
rbg_000000368940.jpg,a7bc686223380ee8464e04dbeb7c3f0d416f916930a9a844952a7904f031cb4e,7f3dbc64808686c0
rbg_000000369037.jpg,d6ff29e1dce6399b303c6cfa2a10934c0c2ff8286480147b43ec20ddbe1b179b,9e9e9af9f8cce4de
rbg_000000369081.jpg,b78d0fb67dee93028ac31d1825239c53ec4c7c35a9f8e7d159e3eab71512d4e9,15490790d4d6d20d
rbg_000000369370.jpg,b1816506d44a18124a3d077573513de8b224ec00e2a22385ed661dfb1131023f,7f3231722d26260e
rbg_000000369541.jpg,91d0d63804ac7e593a84a8f40fe9b89f81ab359dc9ddba6381e658f8b6e3d919,17d32dccac26c069
rbg_000000369675.jpg,b78906df3b7a931049558113030cd8bee0748d1eb46653b81e5aef7a42a43711,3907b0b6be308419
rbg_000000369771.jpg,8ed9962ca66e9a4d548d512729653ca38de8cba46bed1a37be61b65736d90ce0,446393266a58d367
rbg_000000370042.jpg,8b5795fbc21b0d2f327e63ed4a44eb9dccbcd36d5a85a420731f7d3abcc59bc1,262619598746b633
rbg_000000370270.jpg,674f14c11aee89bfd18e61e35e64eb505f709897eb4a8d1d7b18b1e095abe70d,373374d64cce9c2c
rbg_000000370478.jpg,f5ed1c21f176378a77e5e3dcd071908850d193cc200232790071fea5a1234aaf,f2f2f23034b89cdf
rbg_000000370486.jpg,30df28745b0b675a6b7d00556dd516a4ad5afacb9a7a92bbb4fa638ea9753274,363263290c2cf2b1
rbg_000000370677.jpg,b4e5e6469411a0c2f797a10686df626a0a223b017ea20cdafad4eac296a173fd,194a1796564e4f8f
rbg_000000370711.jpg,fe1a25c8782a751b2cb2cc13c3de85e2cd734da416af50dba0932c4656eda3ac,adacee8be1d1cdcd
rbg_000000370813.jpg,5d7493d858ce3b2b555346c7ac36a727083b0e45fba723112f9e1f3b30438a94,6e6ae1e264200020
rbg_000000370818.jpg,0c0130d59521b638c1e41dcea8150e33acd7a702a8921a3601f5b6a42b5ea0cf,9864707c5c0c30a0
rbg_000000370900.jpg,33faecadaa385037010b7d5d145b988805200a340cc2173508608662cc722d4c,8e37ad570e1e1757
rbg_000000371552.jpg,25ef1a3d5cac34a873b84958f0762ebdde8e0b1332b226b5e7f8e9dffd5836c8,bcb5ac0c682042d2
rbg_000000372203.jpg,43e3a683afb13a069056d4e1b078041489130a26ad90f433daeb0e7279abf316,01a10085076fd7c7
rbg_000000372260.jpg,48ae887c9520533893d3f7afa853f20db4bc3376def97692b0bd410e715f674c,d8f89a229b992db8
rbg_000000372349.jpg,6cd13926fda8d3c757d6594a6aeb6d0d35d03b112d3c429779af8cec8d43fb3e,14144c34a4743008
rbg_000000372718.jpg,a8cbd5017edc8a6e8fc733f1478a11012e92665a9bd0265b75f51d54f8618108,1131b13231313133
rbg_000000373353.jpg,bc8f393230d375ddce63522d13740ccac6419e646560c97695a12ea3cee0e6fa,242c2c4f7d3e9c35
rbg_000000374369.jpg,96c613c64bc275eabd73b24f2ffccc4b022c85df8c9384054d54d3af4e7f11a5,a73733333333270f
rbg_000000374545.jpg,5bd3a0dd61acf24e577cedc61b2a60f283f16ca90cdf1664052ba62603f8428e,1e0e978d2c76b419
rbg_000000375015.jpg,bfd4e93b74ce2c550c825edbd7960ff29b269873d1ba44a22a621b2af46318e3,343a1a1c7cf2da18
rbg_000000375430.jpg,27892bc3b96cad9c534ba8cc72dc30f8bb17541b30722d4a60d9541ebfa2b735,7732139343c1e1d1
rbg_000000376264.jpg,b23a4e5b9e9051da342eef50ef970dbe7ae599cbe2c0dc4609c67686419184f7,365b37b31b9feee6
rbg_000000376307.jpg,a21b620bce393bbad0b44bfecb475a8cc9abcd7f637dca09ed657bb4bd9c6d38,c4cdafba9c5a9256
rbg_000000376310.jpg,5577025db66049f0b52bc7706eb29408d9823803808483e1631a6fa15372e913,c9e3e561797b73f8
rbg_000000376322.jpg,a793439d7b18f3d7925ae17b2e455e24e8abe19085c81a3f289662a5780ad45e,c0cb4f3127170d3e
rbg_000000376478.jpg,a860eaf59ac0a06e7db1e7009039dd72766f2dd5d2e1bb019f0fdb26b7d0e803,4c8e0f1963221edc
rbg_000000376625.jpg,81267617f13de3900abfe82e0e48f5b66ca43b2092cac9b3c15e8606ebf81b72,181a1b3ba537991e
rbg_000000376900.jpg,09359564291303089b691418a019548a7a795d7e577d9c7682199128bcdab251,09665e3336184b5a
rbg_000000377113.jpg,1f611f47b69886a7a7ac6804c328877167ec98ec9c9286f1477a488c30d73359,53732fc0ec673337
rbg_000000377368.jpg,37858dad24b3e4ffc50abe1d8bfca6037b6a371ef7511963e6cb63526ac8f21d,1931029e03332307
rbg_000000377635.jpg,538475c933dc840f54b42708ac824a1bff11a6c419f52b447729e01078d04fd1,0f143c0d0e17630f
rbg_000000377670.jpg,3a37f1441503d63ee08a29b594b613e2c3b5a29e1fbd2396b8afef706c2be1f6,17c59da19c9292e0
rbg_000000377814.jpg,5b369c59e0edc0ed7e96b30f479eb4fe781ba032a86557266bd04052f2a92e05,938d04c7e523254f
rbg_000000377882.jpg,1456ca108e838538b13b880f129bebe3ad036a65a894952439f711e7f770fab7,091bc2c2c6cc7856
rbg_000000378139.jpg,b96db615cd9c52b7eefc387d5e0575bde7af39b9117d3dcea0a7831a25ce74cc,c35d72d6d31b4d49
rbg_000000378515.jpg,edf5f635541bcc6558db28535ed8acfed4439cfca1fdef1dae8ce09a237ec25f,ba42beb2e66e7a6c
rbg_000000378605.jpg,8ad449c587e890e4a9251169f12d80de8cd7af92263b6dc4ff51fb9a8f224431,54b3696de1e163fc
rbg_000000378673.jpg,b60aacd0c06a9e7ac60aec1b504f04d92a2e31f654ffd774e9846890026e03a6,9fdb3318db72651f
rbg_000000379441.jpg,da6502f7b6a4643ef3fc9bff512e45f96303b6fb81f66bee60babe66ad075836,e6f03070b07cc098
rbg_000000380706.jpg,e3437ddefb08ddb3c39c90c3cde5311cf9ddbc02c541d27c97eaa69a753445bc,373e3b9f85f0b0e0
rbg_000000380711.jpg,66d2aecfd634e951147d9472e05db168b72515b8cd06ddf8f2bb60206c0adac5,0f0f0f1333171333
rbg_000000381587.jpg,5361d0a603b7392ff31fe44cd1d51796387e209a45c1ded4dcf0078d37c7f994,62a72db2b3b9a4ac
rbg_000000382030.jpg,cab3e31ffcf1280eeae580449164bbc659d9e558989be91c5e5a280eda030a4f,7e66f277cc8ccc65
rbg_000000382696.jpg,0aeeae05461dcab07ed29721b9ec463f1f73a0edafaadc58794b02339b3a7bf9,9ba3a393da4e6f66
rbg_000000383337.jpg,c76dfdb296725a9260eb9855a1aede9df5d6dd177ad9cfde06458728f9f22607,7c19ffedd3b67979
rbg_000000383386.jpg,71947182fcc14f49b6bbd46b1b40c69f9240479de53c02a0633d27ee4de4609d,a4a46e4b2fcdc474
rbg_000000383443.jpg,d709cf143b54cc05aa07bec37026c9c2db9ef09e2e6ab4c3c55992528ca88127,016565a5356e7e7f
rbg_000000383676.jpg,3990c662e2d7e2e3f13e4832dfe4a555bcd433388e0e98de143375dad170f8d6,96c248c8e4546486
rbg_000000384136.jpg,2ffa119b7a8679c6053cdf290ca1e4f061f4334cc73cbb6a8a0fbd698fce280e,0f77b160705832b0
rbg_000000384527.jpg,283e14ef8a28efda65411d850119607c68bf02036460b94f6a73688703fae491,636372f7d1594bb2
rbg_000000384616.jpg,f4e345c18280466638c367e36990f8ff1b9f4186b174f5a1ffe439f0d876eb81,386828ed29496c38
rbg_000000384666.jpg,6bd0f67e832ff599e0cee582194cc37d166548f33807e2774841b78ad3534f6f,8a034730a227171d
rbg_000000384670.jpg,32e240562398ba3a45d016e61bfa0761a6aa8a54a474bf6b819fef137d2dd59b,0919ad53138f3318
rbg_000000385029.jpg,58a441c306e752465afbd5c5c829c330eb3965dca8e3c3eeb92fa04a72f84d54,2d29e9cdc2d1ca4e
rbg_000000385719.jpg,5863bcc4c3bb2fbdf5686991746e4dd488c6dff72f6247d9f941a77c9ebdd7b6,330b6e634f4e1b19
rbg_000000386352.jpg,7bb02fb58747feee0f5464428b8a48076aa15a2e4dec1e4cab489c74742b950d,a6cd4dbe9ecdcdd4
rbg_000000386457.jpg,e2a15856ec9ecca6a83fb03f089793d4a066c7b095041d69572a3ea712015d90,253725653131614f
rbg_000000387098.jpg,8f238c8eb6eaa82b9bd28db4530e39ecb46793e00703e58a5ee39df837ae3937,35357ec64f1b1e4f
rbg_000000387387.jpg,96eefa681898f2b1465ef1acd13a24891e31581471fcf426de65bb62badeea1e,61d91d6ef298cc36
rbg_000000387916.jpg,dc1916be24b981565d21c53ce855fc5863dee819d94bc500c5c0e68112bbe78e,e78f45311898585a
rbg_000000388258.jpg,faaaa534a67576d0fd1a8dee3341856a9cf1fcf75778ab870780fef111d39573,20364a0343636130
rbg_000000388903.jpg,fda0c5d343da35be2927eaa1fc908a46c640d1e604b03d3b8e5ca891a27d3f32,657571c9ccca9a9a
rbg_000000388927.jpg,d988a5cb646aa03aa390f016945bcc5b43857488a823b85ac6372287ccdb6003,fadce438797932e7
rbg_000000389109.jpg,5f4e587d77e6d06cebb9a14ebf378bff1c9212b8e771d192e22b4ae48ab58e09,e9059bcbe6ac3006
rbg_000000389451.jpg,7ed89ccb111a4f6b834dc1a6b7c041371631c38c4134d3f9ddd0a6ff3b62770f,0f0f3b9b064cc123
rbg_000000389566.jpg,b75ff1eba128117c70d373708e0a1616335dd29e01daaf4e8dd0bfb4010a07e9,8fce8f87bcb0bc7e
rbg_000000389804.jpg,8fa87aceff2c44d7e8836e5abf72f0e988edf3c5fe6ded4d90a069018ea7ee57,36c2929095949549
rbg_000000390246.jpg,fdd80fa16451c010ab2fdf31cc02fbc2c92257ed5a2cb285dc27fb228d30cc42,03071bfaca12199a
rbg_000000390555.jpg,7ee40e662aece1847b9bdfb1ee99de42107e2f19e2620df739062ab56aebcd4d,b2969462626397ac
rbg_000000390902.jpg,fcec513b82d2193b6d21c712fc6d5eea4318427c2c9b6d9fa58d15dfbcc7fd56,aa660e1e0b1a53e9
rbg_000000391140.jpg,452baf6827572087b615ab84b4a017001b346185b10cb6d39a745dfe27260a18,14370d1c1c9c9c8c
rbg_000000392481.jpg,e98431062614d1680479664bac2c128573a56262f0cce97955945d8b1e7e7b9a,7fff7e5f99b9979f
rbg_000000392933.jpg,12968fb52b7bd01d2e9a77bc7c7a7ff1c7e9ebb2527f8af5c64bceebed8addcf,05a5125240004d0c
rbg_000000393014.jpg,932a936d59f5a2f422cd96b70a0b4bad76e7e9eaa234b446e952874a0368e8ff,2d85b11c656bf7bf
rbg_000000393056.jpg,33051682e3da464d8d6b754321a18eb34ea1db742d52f775e281b399df5827f0,00146b1216044c69
rbg_000000393226.jpg,7cfb2fecb604d1f7e5429ab118ecda7fe84c296067ce8038a89e7ea8af836a0f,17bc9917c2e41b27
rbg_000000393838.jpg,7fed48064bde3eb194474cc30ad49ef38baa944ba7cfb6bef103c4d00fa59223,2622180c04068cb2
rbg_000000394206.jpg,cb60fc19f46338204ec9fdbf45bf9b0da41bb6b406e77a29a42d46cbc92c8fae,c2d3c888cdc9f0c0
rbg_000000394677.jpg,d3f156d75342b1ba97c39b8fc120f069e6254d1f8c4a0e1686d5c7a15a7ded0a,3b1b33e7ce9f8f8f
rbg_000000395388.jpg,f0d420620d1e65b2cb58343bfbd708d58b08f2a3713df5d1702e246cfcbb252c,06cc4c7860703134
rbg_000000395701.jpg,292ff25d7ef8d0e3a56062c4a2cf463506808e7a2d795a0f8ce41dc52d0a3e75,07c1ccdc1a62d292
rbg_000000395801.jpg,32cb80a79a435ca9119721c06386bab06824e39634f61795374448a875a779d7,8317078b0c4ca61c
rbg_000000396200.jpg,492978cb3d7411c8ffe2667b13c6d3e381e646874ec7237fb3ac65dbbef58a73,0707139313120f07
rbg_000000396274.jpg,42b1b4b73603d0b5b089eacfa8a16bf5b3edbddca46b705cc941a3d745b19cc0,58f8e879b8b4edf4
rbg_000000396338.jpg,d316e263395e5724b7627cec7df7045df058c746e7180bf93b87d10976c662c6,db99e3f37b2b2b4f
rbg_000000396518.jpg,99c61958bdc57c9c073bc33ac8fda6dcb8f634c73dcce369bff5612b05d85b5e,292833312134070f
rbg_000000396526.jpg,caa0324ee298c1429128662941b4a24b7432c5c8cd7223653ad46e9c72b9786f,9979797898c9e0e4
rbg_000000396568.jpg,31a4c3aeaa744c808757b71e275100d3edbc12e7a14aee9e8fd5063693cc681b,170c7c3a3b59f137
rbg_000000396729.jpg,f815b8ad8426092561e56192e016682dbc1faa70676dc18bdfee97f62638040b,666718fa74333919
rbg_000000396903.jpg,bba5cfd5761b87880d5e939b101e86285ee58bc22a52e8eb01a5badda5e7962d,3039055ba73ec063
rbg_000000397133.jpg,09e1d25c75f7879bdaa69c327fece5cabacd53939c8c2ef9e87f1c97a2e478c4,a5eda3b1979bbb7f
rbg_000000397303.jpg,1c8a18f308b9febf0994c0bb26eed328c8a21cdb36a63a4432695994bb984af2,031aeb63bdbdcd0c
rbg_000000398028.jpg,e7fbf9a587ec789d8aac2b3e14ff8e1cc254d1ffbc623343e8d75753e2c6f139,250de632fc591c2c
rbg_000000398377.jpg,b2fce7c24d850739541b77b845303e457b0e689354778b8303f54f94485fac99,0f2825b3eb666666
rbg_000000398742.jpg,6af6678e8c5b9454647a9c1d206acf82b146bebc56463db796efd18037d30c3e,352090d063e6c7be
rbg_000000398905.jpg,5ea3fcf5e1315fe04b9091cb53042a569acd05b1e41ad5a8d70f38e8c250ded6,1b1b191d1c348e0a
rbg_000000399462.jpg,1f6880864c82aa166366f3687cf86d918871c110dc3c931acd3fc1d5adcacf49,cb094d4938e2ac51
rbg_000000399560.jpg,c7eb738e1e7bd76a8fcfc5811e5a440a72812e2eec06949a5936216703c924fd,488131acbc3c3534
rbg_000000399655.jpg,29729500f1a82f409942df5fce7686bb30d8989020ebbe06904edbfdb313384d,393bf9b89a846072
rbg_000000399764.jpg,4718432b741cb83a5b7720e96d22a9e58d3f7d7b274d033c153ad30b50b4f8ad,0d3958988c263119
rbg_000000400161.jpg,105a473f8cbcca2ce058cba66f8319442e83707f07b291bb472992e5b58d6d1b,b99db4b9a9a9afdf
rbg_000000400367.jpg,07cc425f17ed9a547c70c2140458d6eb5f11827f3620c0b3c61724f043148311,aa1a190a06076359
rbg_000000400794.jpg,5349be150c2d7e247d150a6873f1f22b839b1296c88e44a17dce49155f8cee5c,e787393c92a62703
rbg_000000400922.jpg,d928bf0f109d0bbcd081eec02d3d84a9136b4b44c1d0001392a25253b51a9cd5,31b1aa2123253131
rbg_000000402118.jpg,9929f3551f62916f162403544a23cd69e152eab8e01f0f88f9a82384dd93f6bb,99064e0d4f1f3d7f
rbg_000000402334.jpg,55bb72a74105d226917cd378656f9d8e08ca88a7ae9753151fbc155c990890a0,5494332368c84839
rbg_000000402473.jpg,69f89d6052178b9708bb241e0287fc7508cf971c41700414b0358494c648cbce,0703070f0d3c9f0f
rbg_000000402519.jpg,67a26f7ec2001238cb1819aff95422ba7b57c6973cef05f60faab97d7c308e2e,2b0716162f0a973b
rbg_000000402765.jpg,1237e8abab5205c4ad3f3026c3f8cd088687beb35567ce18c64b680013e76854,9b9b1b3b372f333b
rbg_000000402774.jpg,de2566157fe6dc38cd6a87b557d7b731079b39ea009e835f310f558445b506ca,c48fb2c32333a560
rbg_000000402992.jpg,b9cc1890060b933404595e43d5f8001fa2e3bfb4da2903f363d384c6a92c1bba,df8e8e8c8ce06129
rbg_000000403122.jpg,efc5e80646888f853c307fe563234e1975ed4850c796a9c4ca5834efcbaceba1,20805d19e727033e
rbg_000000403353.jpg,6c775b14fadf4e5ca3fc236117ce0aece4dc1503c8264e54b32578ab36592b18,0303010d4d675f37
rbg_000000403584.jpg,2393ceaf53e25a0142c9ae3ede9e2d6369c6fab030987bb984e0e00cd3c80e81,590d8d4733174f67
rbg_000000404191.jpg,38b95ee171a7e57492e6632aa3d3b492e513ed5f7d1453a425e000f30a5611bb,baaddc9a82da0206
rbg_000000404484.jpg,3e1fd76af6b82f92fb57bcc74b4e84064574ef59148b7c09f00642e5a9138c81,171c9c06272f4f8f
rbg_000000404534.jpg,10dd63528dc2ad9eeaa468423d8ba9be46193ba14cef8ebf1839b9c26e59d5dc,f73743701c18220f
rbg_000000404601.jpg,0edb209e53aa27e49474e49f1e2de78444293fa361da2d1c4e5ca7530dc655f8,1c1c1d78fc9cdc31
rbg_000000404805.jpg,f442552ffcb06a30bfb25130be7023806d02938e7948f93ea30390e774ed9168,a46f3e1997064f27
rbg_000000404923.jpg,51038f7cb0797ab21598330f6ef034c2c2d93f1c925064657167f0e320016122,2737151313195818
rbg_000000405205.jpg,5d9f74f68734488691cd1eef896f89cd5eb1bc942457cf8f79d6a6d8674a0764,d838f83827a52438
rbg_000000405249.jpg,d1b492f8eed8461c76419a3eadeeafdec4c8a48b2b42abda1b3a38a079f37b45,44a7a7cb9c5e9c3c
rbg_000000405306.jpg,15253c2e882bb8c0d9aee4e5b6c94eb1947ce7269c58ae845e5e5ed8b9683bd3,17336646d7277f1e
rbg_000000405691.jpg,c133de510040fa23bd22cb0960c982e4ee387c654788da07547d5ebe8b8a23e3,c9d8d98b9f31eacf
rbg_000000405970.jpg,83ee42dd5c6fe66fc77ecb8f8889eda6aa4e11d06503f2a8b20948ea8eb8fe30,d7d3434352636d0d
rbg_000000405972.jpg,c2d107cda3ad16a1da30e0eb235b8ac60e57f3e9cb7e37fedc0c7380ad26579a,4e0f8ededf3d068e
rbg_000000406417.jpg,911c2974494383f79e2ccfa67594894541a90329ca7e2bddbd8d6634600067b9,017ae936b6b696b6
rbg_000000407083.jpg,04a0a063f7f2348a1d18b705903d22f12ef242b5076f6a2580a3242bbb3a8d2a,c53381cdc1cd73b3
rbg_000000407298.jpg,4b09a3f5a827a10c3217929a528cc6eef65e9b6db0881da21dbad0dea2eef1cc,b333117159b3e3f1
rbg_000000407960.jpg,51f7127dae6728b6f2ea96b02c8cdefc21fb03cff7a4f459af32debf6215790c,1514160737666672
rbg_000000408830.jpg,a74acfa520a4671317fab07f68c63abf714dce2e438788c20119689f31714276,b23a9af2e0d25ae4
rbg_000000409211.jpg,90e67a670819e51c44a785a3ed26547200cab180dcd2098c486c8020cb3c312f,664eadeaca482fc8
rbg_000000409475.jpg,25f106ec83ccc0525071ab67706096e8e692dd651830982ffb297ebffa0be400,4902444cccce46c6
rbg_000000409542.jpg,0d047d971e6e3988a1b85b3b0b46fdf9c9d12d71c6ac3e8f1ef0165a90d54044,b6aca4b23c34d1d1
rbg_000000409630.jpg,520fc714c72300233fbeef5ef510d533db8fcdcb4c092c51e4464a399c168520,f1f89c1e161e0f0f
rbg_000000410428.jpg,af15371bf710dd3b772f372b33fd231851c92490c639e30c53d2d783e53baa83,d7c40cd3c6e4e547
rbg_000000410456.jpg,d2dd4d77bad4f711f6d2f1ec9359c2d35cb406030f6a42ab40f8a2d4ec5d4aa2,848ecf6b8aee1d6c
rbg_000000410496.jpg,e5a21669fcd6bb3dc5e43b8f69e38a55c6d3dc19e3c0f4de596b47ffd2fc18b4,8c361f9a9a090b9b
rbg_000000410612.jpg,02c8a1148f95011bb0baea846669dbfc0cfa3eb12fa22d4436c235a331fb1cc2,40c2b6636aa6c6c6
rbg_000000410650.jpg,91e1b67b63c6fa562a10b38d1336480695dc8d577f6dfd3b54c7d532a3c35df2,963424ae2d1b5f2f
rbg_000000410878.jpg,719de8aa010bb47e2e7de74ffefbdbf60b8414c5e23c81dec8d95e3f2c75d21f,1d27a3cb41c7c4c1
rbg_000000410934.jpg,00216d5dab636b6ca7603009a7efa54784d43670a6606d478abd8a88627b78a6,723313773b6b0dcd
rbg_000000411530.jpg,7cc3c7f7b8412661bb9010a294331533391d99cc637ae25802167600140150a1,99660d0c327f0e0c
rbg_000000411817.jpg,586beec9cea94bff35cc953ae63f759cfe3a354073565ab8cb6e7467cc93584e,6b495bdbafadb9bb
rbg_000000411938.jpg,8d5a4b2e84e045a974113175429619a0a0118f6f0b95124d53057c733f4ff8d1,8c8ec7efcd4c7474
rbg_000000412531.jpg,84a82f3d3f5ae226acf812bf26bca99e4a7e845e608c4caba85d5f3ffdc339df,f7a6860aaa26a24f
rbg_000000412887.jpg,932fcc2cd5cfba5a45af33e3530590accfff799088d6555642efc2404a98baaa,39213386736367c7
rbg_000000413552.jpg,9551e30c4b72c2c8034424d1da07d5ca23a6f8f27462c2402561e2d83a039069,9793131f8f97981c
rbg_000000414510.jpg,f6f2620707df79c606e0c1cfab462860ece49bee7768f0fb2dbdfac7bdf8346e,e7e5863e66f4ac93
rbg_000000414673.jpg,6eda0abfc23d8612800893b44c5a1fe8a4ceb0c43cfc86a3c0deac9a0681c53e,c00b39e9e72719d3
rbg_000000415194.jpg,4f3aa179879b53163772b1866e1790e98f36ddc384ee8dace37ec468b604dcba,0949c8e8590a870b
rbg_000000415536.jpg,a02be69d9dbaf2ebb1e21950d1a0c54238ea6b479b8200c46fd3330de5863236,dddc958b0b1ffbf9
rbg_000000415716.jpg,0d3dd7d85cfcc4cf0ea1d814197ca3c4e419a1ce968b269f5d06fabe0b367f58,7f7c7d7464746434
rbg_000000415741.jpg,f3dc76875460b05e6d348a4867e3e44bad554f819f2e4cf25b9b66615d72302c,4343434347654158
rbg_000000415990.jpg,a1c4e789e6cf96f831335c55429e8bc870222b697617985cd5bec48e722b90dd,3f4f57538a1f1203
rbg_000000416104.jpg,8116786dbeb2ed2e14792ec602d44c2c1a65f41144f775bdca1eaac787f2d03e,c42538cd9df1d481
rbg_000000416269.jpg,aae5611f21451fdf71fe257197ed9c57ac9922d7a9d63203d4b0b7160bcadeaf,ccc0d2831dfcf69f
rbg_000000416343.jpg,3ca1c0cb20762bf4268fdcad16a9c88256c68a30d2a5f3b46088dbf47e9eee8e,6777777b585c3f2c
rbg_000000416534.jpg,71439e956f8bbbcf41e9008b17aa7534d86c8eae7feae09503e2f7babe9a424b,4f3f1d1e72736544
rbg_000000416745.jpg,ed85f4f684f7cd0a93a04e71a2a383a7679f6a4386a27c367a8ec7abea281ff2,96869f9f8f8797b6
rbg_000000417085.jpg,7c34917bc686f969ae9ddd5ba502c3709f140303c7625aaee81dba820827546e,0b1942cf1f7bffde
rbg_000000417249.jpg,a0788f6d609cf3a4e194b317b810b1e806fe95436588355cc76073d783a4f7d2,671f872676767001
rbg_000000417285.jpg,f036ac1ee1ad086e98af176472dfe7235f04cabcf23e62aa48bd97ea49166310,a6a94bd39624458f
rbg_000000417608.jpg,83fa4e054ac9237c0fc32ff83521b558f025b1b5ba78dc6cfd8f6051c4da626a,72d397d2dbccc687
rbg_000000417632.jpg,665996069d6d83ebbd634b262936a468d63947f1c9ace9cd74d4e2737133b8e4,9b9385c3a60a4cec
rbg_000000417779.jpg,a7b3cb4fedaf10a1b16043a9ab11d562538dec26ef555cb3525ac763fda9b22b,726b0c1733331317
rbg_000000418281.jpg,c37fc38e4bcf367324b1756b9d53aea49e3cadd415b2b93a1b62c2669aea797c,763616161e3ca49a
rbg_000000418961.jpg,6081d03d55c5a52e4cf944db4a33b85c5d10c4cde34a1bca134a3360720a78e2,931b1f3f1b9f9693
rbg_000000419379.jpg,1b1118fbe26185c7873a71c0768694c8791a5efcbefb01c6e2e117b31cffb07b,2c3772c74334c092
rbg_000000420069.jpg,c36c27173406ed334f53013ed8fdd13991b075bcccee0350018b92e26854cb29,870b0a4ab7b78f95
rbg_000000420281.jpg,e5d9fb182e1f96f67e9a985acfbadffa8f36e9316e9eb40b152329633c756d80,e6e1a9d3d3d384d9
rbg_000000420472.jpg,c883905d6c0edd979d5ca3a7e531e30fbdd8ee391c6afe889e86b05670fc9c60,0c3c192c2c335170
rbg_000000420840.jpg,02dbd84a164a6d7eea5545fac90f5d3f2ec837cce5e3251fdc6bb7ef044db0eb,b3b3ababa3931715
rbg_000000421455.jpg,c9262daf96f9a989413d418a565e62acf670f51ac5984c69159451b067ba5c50,a7435359594c185a
rbg_000000421757.jpg,63abbe798cbe8d8647ba305822ea2e068fe92e7d3234b12a976d96a23abb0a82,84899337a3938804
rbg_000000421923.jpg,c03edd46968d1ffc56d0402853f072e3e02798a01b549d345e4875974348c05e,c0e3d32030a1b91e
rbg_000000422670.jpg,544fd8e0ef8eb4278b9f1708a584790780e936f88d8efb7b81a8c43d7ba63ccb,27372d616568686d
rbg_000000422706.jpg,a5731f891fc02d36c1bfbbc369b3a99f0622458be29f762ee87684c990266bcc,c0b060341259e862
rbg_000000422998.jpg,00ee42593a1724464c9d98eba485f659666e4d3d8ebb4f0edc468390712c5442,b1da1011414d6458
rbg_000000423104.jpg,53312199b647a90c1c649e1af408826f95e7742dd1d4b1947b3b975e8b4f082b,5fdf8fcf5a1b0f13
rbg_000000423123.jpg,dabaea39eeb74df84ce54dbd486adb1c0d782dc01cca67fa2fa06ed34feb90d8,3373911a82838795
rbg_000000423229.jpg,99509da727baae5b895c19430f06db4b0fed8aee999cfd9a21f177cff57085e2,0f67775812b0b2cd
rbg_000000423506.jpg,cf770793ec543c39c2c6331e6658a08738d0a576cc9f1fe8995d711eae97ce71,e43d3b7149db6a68
rbg_000000423519.jpg,a6a6d1615bf3fcab74358eb32672f579939c11d1513ad291a89669462c8b43a8,1c19808687c7c93c
rbg_000000423617.jpg,ce5546bb400da57646e0de544763fc44c925fc5495e764083f2bcfebba5c76f0,eefc9cdfdb337a78
rbg_000000424349.jpg,cda92998686c298c4e80c88ad0331de9feec837137ea19e191d86b5c49d9ad18,c3c0d33667636661
rbg_000000424521.jpg,59698409d2ac126fda0608db366f5e081c80a8b87a8b52a379d4a7852e584322,d30223672d291a1e
rbg_000000424721.jpg,210a22c3eb45b590bd5f0087f15890673aa1c8900de5dd4dbb96f275d661ebb6,68d89e16673bbafe
rbg_000000424975.jpg,c7e309a8b5fa02515556afacf38c9080013a0aed5370acfa1fcd239357bd0965,73939038316476ff
rbg_000000425390.jpg,2a0c6f088517c00b84ad76032df9efbe41a9a9d5786aefc08f6cdc1e72da6166,e38b8d3d1b379510
rbg_000000426166.jpg,898e8d59cef547eb784066bd529f6a2f22c05ee0beddba310b7cd7c7531f7e6b,6babab0b2b0b2b37
rbg_000000426203.jpg,94a9984efc0eb80d48c571f183e6b50f22f44025f715bcef0eec1aac8e4fc856,004858d29236360c
rbg_000000426241.jpg,9c29a7c54f3d4c27b611abc94d581a3407e7805aa68f698f5e335ae51bcb3dec,c1c4c3894c60d115
rbg_000000426297.jpg,a7d85feeae39119db1e7a0ee64a9872aed61f41c59573c39e0b0399b90545bdd,058a16911941d392
rbg_000000427034.jpg,67f67faa801571ade9d12ca207f582bc5abdda9af672b9e5dab8e9414c2cb3a3,0707939e96970f07
rbg_000000427256.jpg,30c1f6bdf10da30f5ad7345704f78189447a57ce96234d0d5bb5367e6f691823,4a8297786470d52f
rbg_000000427500.jpg,bfc70681c7aa1ff3fa74929bd586bb43915aadfc0fa1924ef817edeb92a47d76,9760c834589d6c51
rbg_000000428218.jpg,b53032a3f28959b625d5bf40339468edfe7cfaea28e5ceb61d5b99db04f89c03,f1342674160a0343
rbg_000000428280.jpg,e1fe3a66ec23e9b0e7400e44ad69912499fdacdbd955454acb9ec9675883b022,c7dd97b6bff233bb
rbg_000000429011.jpg,ddec5080b0ed27883477153278effb807ee3f81b170690b5fa5e7c88a95e0880,6de8ceca9b9ace91
rbg_000000429281.jpg,c52b59812cdbebaef4755007cfbcaf59165c437ca09724113c352905d38b1e4e,547eebb34a2b2b2b
rbg_000000429623.jpg,2cb147fefa5e4a7fea0e2a87d0564864105df1b6c4d8adfa6b45ca9a74740bda,0f4f4e072f0f1f1f
rbg_000000429718.jpg,bfee8bb3c7b0c0908600ee098f16168132dc37bfd6f9e8e57a023aa03e88c03b,82636777a5e19515
rbg_000000430048.jpg,3c1eb021eba3d6790a4affb38dc17030e21d020acfbfe4520a03389be1920f67,7272736f5b7b734b
rbg_000000430286.jpg,d823325d523c74b0a270f1830fe4527ffa63e0518ad3062367ec1faebc35f665,1713171f0f0f0f1b
rbg_000000430871.jpg,518e4b033ed91a9785b673ee8dae9419a5723b8260e8f0e4aa17b7848ca5b7d9,b3b332b3b373b3b3
rbg_000000431693.jpg,8b76a90509ef2ba2b902e9094e59d1d21e27317f84baaabeb0f2b2dc81bab1c8,efcfcde56d2b194c
rbg_000000431727.jpg,2a8ad09cb365a07da423ac6fec7f08dd4ae14c1dc059a6d6a87df2105803662b,ba736c7d5cdde9c4
rbg_000000431848.jpg,b6d4e6d0d4b57e9643bc7104cd7fbf1935d1dae27a35e3134d3ad205a5abb564,70164f5204a484d0
rbg_000000431876.jpg,c0ccf45be5aba5cd9ff122f97bff3ad8377442c83fc265530902f9f7f8b5d444,6a4b1b4bdccdeb7d
rbg_000000432898.jpg,7201a8818b8b93992ee9f5662bab571e32bb9eb175943b6d10f7a98eda5b8028,8a7018331989236a
rbg_000000433192.jpg,37f2b41410d52beb0cfd7a4a3673d91b674d709858897c3805b3448c4bccaeee,0f0f078785030b87
rbg_000000433204.jpg,48fb278af1a31fd965eff31243c0147f90ff60b78ac2260e48f5962f9c1fc2f0,8363636b63271f31
rbg_000000433374.jpg,93e8dfa94370ee665890fe2952811d7d24ef73a1dc79f9537472a97d02fb1f5a,3627e763523110cd
rbg_000000433515.jpg,46c6114bb103fc4f27736d206fd053f285f08ee92afeb02665a207c2b4e1e944,9898631319689756
rbg_000000433774.jpg,7b22757133efa13a919d8e212ce57526a84748addfec32714b8ad06e4c97a463,e56d6a7a7b6b7e74
rbg_000000434230.jpg,cb36f3c61b3eba0f1598c1c50555a1a18ed254ecbc8225d4eecb6d29e6f49493,cccc181834363412
rbg_000000434996.jpg,75c97327bc052729ef4064694bce77d234a03d7567943e7c1ffb64c5317b1927,6e6724280e0a0384
rbg_000000435003.jpg,e41908e96c3ab7d91eb8b676c734d8f8283106faccc8fad59c9ae78e96819fc5,f2d8dd95c9dcb2da
rbg_000000435208.jpg,490b505d79c8fe73c3319eb3791ced9a55ddc370247d77e1db66e3482c9035d8,0d13938be623834b
rbg_000000437514.jpg,f9da58f51bf97c0a5ec0d59b6bceeac0923938aa8c0bbcfc1a8a05d0205ddb54,8d8fb33d09fa3944
rbg_000000438226.jpg,af641faad7004d62ea7e1eaaf6876b8d4a3c1f0516f4cb45e1239abc734e4c63,7f75356973364d71
rbg_000000438774.jpg,c95f31f01a638953cc7a64bd17ded7d59273767908e03913babe742993b11c9a,694c6c6c63707c7f
rbg_000000438876.jpg,dcd5e787d47f33719bd46bbb115a8a3fab666a2198996b554bc106a0d9165cfd,96066d4e4d4e4f17
rbg_000000438907.jpg,8125799f8600936368dd0bab99f4f4817f3965e79b8c94af8f4bdda8ff1bafa2,726af8e292948642
rbg_000000438955.jpg,3d9cfbdfb0a856db79ea282730c631058f5678931797cacf21229c56813caa6b,1a193a5a42cac631
rbg_000000439290.jpg,85ba556003e6514d24b3f2037a62b077242b9cfd3654eada5a2a522346aabb7f,77abaa58d9d9d9dc
rbg_000000439426.jpg,c98a6d3c33b7e80f1c48bad2be2de7b753c720c0f12fe3778f1fbbca87113bac,636736cbcf8b6307
rbg_000000440171.jpg,fc83614277d84eafe90c292704f5bc7597a2965c6b394bd36dea92bd481a4058,26c4c4e1c5243411
rbg_000000440184.jpg,b6bd20ae4aa54622385f5c001b20c9472e50af0825ddd61423d1524cad760ce1,e4f5d595116b4b8f
rbg_000000440475.jpg,9f183229fce4e13f8651f6c3c349d2fcae6057debc691cafe80658a63bc2351f,4b636b6a6a6dd09a
rbg_000000441247.jpg,f9303a120fb7c70fd6fb5ef1020fb6a356066dbd5390788a0a449b7fda559f59,c739c9c9f1310646
rbg_000000441442.jpg,2d1d5253fc1c62b68d70407e15a4c0375ab3c972a5b71f2242b23219ae32e1a5,4fd7d7ec70292eaa
rbg_000000441491.jpg,f2edc54861bad62509808255c5afb8075d575aeb7e43bae6cc9b69652743b0c9,1b16571919114b49
rbg_000000441553.jpg,8391bf51fe417be0e8860c7e227a5ff5d742e4b073befaf19de3477f75e55d6e,a999df6fdedc3737
rbg_000000442306.jpg,8cae3a123b9cd5076110ba7c2f5311a207ccd095e57f1ad080c5d7d1602d5851,0f6b69ce4d311b43
rbg_000000442463.jpg,54e7cd780d2099df8f8197e8b388143e25872ec5225ae462edbfae8d0b8c1c2b,c9c0cd9d3c199803
rbg_000000442746.jpg,a94c822ddd934183bc868b4a03c61c809a87bb1cb0bb90ccf1c5c06531bf94fc,f737bb4863da59c5
rbg_000000442822.jpg,9b6de372c156758e94432f0656f39b4f7d43beeac24a2ffeb4280f1fc9999350,9cbf9d3834188ce0
rbg_000000442836.jpg,44b225eaff012bd016fcfe8a3dbeace93fd418164f40e4b5f5b9f0d76f39097b,6d973736379317b3
rbg_000000443303.jpg,9e8d0db88fca8eaca54dcfcd59ed183f6f3472c73137ab9973edcf9c96e8c0ca,0f3bec8d2c81d1c4
rbg_000000443844.jpg,745fc379c0e51a1bb4aff3bfed40b4d126bdae452b817b6d704982d4652e331f,08062136361a78c3
rbg_000000444879.jpg,34ddbbe34d8f368a36c716ee0731ac40cad5e1b382763b68a06e1b5dda8294a9,01010b1b3fb86c33
rbg_000000445248.jpg,caca5f576c379d916e7890a08a2e685d9b0d7dde36457095d9d7096e540df119,60082ca6f69a7933
rbg_000000445365.jpg,399b2d073af4c30c7e10a60a4c1f4ef3ba4892ab8ee2e1d4e23692bf76ee11d2,2650b2c99c96ae3a
rbg_000000445658.jpg,f6b10f771a3d40d6d273013bb9ea58fb3a285d0b6ef14b94b9f2fc058d91fefe,c96db5b5f3c39b97
rbg_000000445792.jpg,a29432f00584746de3c41eb2b9e9157db39dcf23f4173f98a522a008787151b3,01010d2d09cac640
rbg_000000446207.jpg,ddef57e0ea54ff2eca3729558f951451037e183eadaed9c1913264a389e925b1,133362421626231f
rbg_000000446574.jpg,2fa792119957910e428a6dedf63f4e50f3de21ef22e900ca38aa152962daa39c,1090191959413130
rbg_000000446703.jpg,c00090abe4c7f1e57231ac98f09d480ee59fa1d7b5acb4d114834775377df084,c74717170f87070f
rbg_000000447088.jpg,510da487b16303646cf4b500cae0a4168cba2feb3dd706c007a3f5c64400501c,6c27a7613313050c
rbg_000000447314.jpg,3fb6b82c5c04e6fd280a51bc5a17331c3f1c799531eb294873802f34e85c7c97,4fcf9f8782c68080
rbg_000000447465.jpg,d58692646f9cb11178679791b6d965e96dfb089cde11baf9e7cc6332bce2e494,91d5ddb934949cbc
rbg_000000447789.jpg,9067f7a76e3358a7b8b062039d851107562529f0cf947a9e4c1fab3536077f7c,f793f1169eed56c7
rbg_000000448076.jpg,7237c864fef7a8fa702e095b4b84f38631f41ba2cd7fc94d9c3d1d77c8b303fd,6474a5e470b3a243
rbg_000000448365.jpg,71c913c9531c6b3bb12dfefd9f9084817c0c062f3277af63f8090b0a3e670079,716563676ce4873e
rbg_000000448410.jpg,cc7a140bceb69d683da5efcfd417631f91bd4351f5a03920154b44037ea65b51,020bc9d9c88c2024
rbg_000000448448.jpg,6505b2d9b9284b1d01e26bd6e892bceee1903eb358e8d3f0f49c27810ac80118,848a5bda10d04c37
rbg_000000448810.jpg,62ea35c138edcd9c8b58eab585b00b668bdb9bd87b7a87a0336c2f13f09d5031,041e70d2d029292d
rbg_000000449198.jpg,ffae505c90ebcd1948421ecb7864d76f65ad9f3880e297fed85a8e4b39493b46,33232749c9432108
rbg_000000449312.jpg,639031f21582a7ce8bb90f39cfd049c20c16dc4bd94127a54394de8c003a5bbc,67c7c5c5cac6e6c6
rbg_000000449579.jpg,93eaf6ecb0627ae04cd7c6414baf845353594ada97d80494f39300accf60427a,1d3f5f4fcf3f5f46
rbg_000000449661.jpg,2895c86db358797e7524830ceff5826d3f0bbaf9a79ca717e8e2c587ff4631e3,7373737273764646
rbg_000000449996.jpg,61f778bc3020d79b1356fa5d482737a8a5c029577924b29cd0db9dc7af37ca51,0105041324cbcbcd
rbg_000000450075.jpg,b94efb5e3bb2fa96be8a5e20008716fe2000e15b063cd39c515143ec829f8eee,ad1c6e666693b3b3
rbg_000000450439.jpg,78606863d9db34150c552041ef05bcb17bbb2f2f3b706b5bd30c80ae1f9d38b9,96acdc99a8d39629
rbg_000000451043.jpg,0b79c8133168ff166f8b7ece8095e8679a8187936c22c65cea6acc52ed9b2418,97878544cc6d3345
rbg_000000451084.jpg,5529744604da165247e60fa2d2cbeb8fe0ef52c2b5493a882bd747421dcef483,340d87065881070f
rbg_000000451144.jpg,eacf66836810f340717892b95d529f160c7c7c663181a96d82584ad364135bbe,0801820a82202817
rbg_000000451150.jpg,d332bf4136013b6dec66c97b0668f3ee80aaab9aa92c821b62a1b323a781df07,4254248ce48acc2c
rbg_000000451693.jpg,acab76f198db510eea270251006fe44c7da0f3263bd99f80d325e5a0b3cac011,1e5ffdde672b1b0c
rbg_000000451879.jpg,b3c662f4a3cdf90d458dcad696669135383c83db0eb7f9f6fc25f752c8f5ffd5,29d9e99c9d9a5adb
rbg_000000452784.jpg,1112fba959efa3f56affb54cff3f1127856b812838d98dbe3c67cca1b8e37407,cb1f2f879bedc5fc
rbg_000000453001.jpg,5a53866848c1d1eebad2df1a6d659bd699ccb52cfa89ce3bebb5105e2d81c9a5,cbcc2e464c469500
rbg_000000453302.jpg,1ad88a0c945dc492b63cec1cea8cb48630d74029f4f5be854b85e8032a50928b,1b1f9f1f2b6b2327
rbg_000000453584.jpg,8be58f3db657cb975cec207f543f5932b7f38937487f53bbabf6c22447fab97b,696bfdc7cec0c144
rbg_000000453981.jpg,7fc26bc90042e328c75150fede14d67bf6ddfe8a663efc2eac9ab21c9b58e20c,0b1e2773d1d4f470
rbg_000000454404.jpg,a121507ec325b75c60dd47842482d0981086f4e5aa5c19325c07b2cc8811945c,f27afaceba6be6a7
rbg_000000454750.jpg,4ff77d11fd298283e3a8ec9b386291f81054376878e104545d881ec86f2dd092,27e5c3a65e1c1c18
rbg_000000454798.jpg,dfbfd893042e08d1abd8285a74ef5d241727f946ecc6d72abc7e4d9918eb5079,4340839373587c70
rbg_000000454978.jpg,6b2614bab34a31ada0b112c2ed29af589929aa7cf02978ad1ab41c9b1b6c512b,454c4a0e4fcb4f4f
rbg_000000455219.jpg,ca6639129ff14894a0ae6040186fe55a6cb63ef89bd84f31c3f8015e7ccc7d77,4f5e3eacca34b2cb
rbg_000000455267.jpg,b15979551bf26ce97f41b22860e99787ab9c1602f12afb133b5ad2818c455777,0f0c8c06160c8cec
rbg_000000455352.jpg,9382294548add74b236b813a9155ade5761ab625faa9b635b8afd576be9286ee,13313139ec557151
rbg_000000455448.jpg,13a39066a321fed076a808e9d9117ee48aee5ce859ef02772381d69074fdd361,d575dd97c7b18960
rbg_000000455597.jpg,80bcfb867bb4a1b510ac914ee5a64703f410da01b05435d14bcf21be0ab0d74e,3dafeeafd7cdecda
rbg_000000455937.jpg,1010b85b88a9ca6b84856f7850b018e114a024b782f43cae0f5a1d4ada68a5b2,9890924894949e1c
rbg_000000455981.jpg,c5d2b0aaa6638a90f53d9185ec43393164128f751aee8d64d4304a56f5454be8,87868e9fc9c786e3
rbg_000000456292.jpg,7e17a306f9e0c9422166a5adc9ee6a91412a37303b1d674f5e16cd7e83965fe6,630f373733373e27
rbg_000000456496.jpg,5ab2ab206221f51dfcdcd1b140afc1af6f2a33af3f6c26c9c11e1a1e716d71e7,98d0133b2b47c868
rbg_000000456559.jpg,2be4ed00c796bc78b67f83b7dcef95887f15e01d16bd5209a5e6b97ecba50bad,33316d29715c7872
rbg_000000456662.jpg,cdb82b8c3f89414690a37d7da08139706aa491feb57b4307222e540cc7cd9ace,dcd4d5d517161697
rbg_000000456865.jpg,b39636f4a480ea28e62ad2bb1c3a09eded51605d22322c557ccb96f3de733bc6,0f2f070e0ee1170f
rbg_000000457559.jpg,cd359d7297084093f5bae1d00c0f5a1be5104e3ab016765a472326bb13aadc72,16e5e1ed634d4dc2
rbg_000000458768.jpg,2f3d98170c51ae56af0425d2e239dc2a3113dc2c224ae232b04e94eadffcba59,0383036e469eae3c
rbg_000000458790.jpg,e47e459ae6eeb0faecae6a0a5b0b13040d225be5c48066cfa2b46aa156a4f67f,3f2f2b3323274b2b
rbg_000000459396.jpg,fffb28b884b9c945b389d2481e58dd11e696745c1522f37a21d5b4b5e2aba0e0,0c9ea6a2e333d886
rbg_000000459467.jpg,e035c556eef7aa2ba708d51224a56a602746b67b536ef70ac0e3123d1483133c,a4077373240f494b
rbg_000000459500.jpg,d5923488b0f7ace422e225f5a07ee73209738c45a30db88b1607a59b7ecda2a7,16931b3b337739b1
rbg_000000459809.jpg,cd66c42974883cdc06e2db4f826e23c54fabf6056786156946fecdbda0e56d28,0f07070f0f1b0f12
rbg_000000460147.jpg,b041d8c01473b72e2ea2f909174a4d2e5cdefae9a3d5abd06a9db91755392ad3,96967168895c1e22
rbg_000000460229.jpg,af84abd8715c5acb599da83f03174ca57bd0974ce00b6aa581c45bf7f92b6c8c,61e1c8e6262633e1
rbg_000000460494.jpg,340bd3040b0bd19a63ea373badaac838fa0ca02abc885248cf4f0f5764877596,6b2760f982e6f471
rbg_000000460841.jpg,9bbf60c0ed50dde4a0b84c75b198496f321df872e28a7b999b3d43d777a988d1,bf3fb7d7df777f73
rbg_000000460967.jpg,5420e7f852e58b031dbbe67f2ada3ef659b45d4b021caadafd538efc9e67287b,b8ec699c646ae8e1
rbg_000000461009.jpg,e5b9464a157e5a479d9904b7e8dc43db7be4e226375cd4a1f39eaa3df37fc878,b3bb9b3b59f8c6d6
rbg_000000461405.jpg,d763e75fa995660e806cfbe5282c791b01129c4a7fe0969f26af4e77f426cfde,0b07073796430f0e
rbg_000000462031.jpg,8059a11f475358b739c2dc5463a37e4c98abde68584fe4331ac8eaeaa79b8ce6,1141131e362e8d35
rbg_000000462576.jpg,dd50fa5167dce75df729637cf24efb78d8d75548e0d6fbfdcc9a8c62d97257bd,785d8f3b3d3d6f1f
rbg_000000462643.jpg,bd95ac3004b39f0402190ef64fb79130a46b7ad141e4f0afa35f6cb120cbb8c2,deceb6d3c31b93b0
rbg_000000462728.jpg,91b6a7a3f79c32d41c0768a7cc40392c1648944529731694218de0441d03a39b,6fef837f1b4b0c04
rbg_000000462904.jpg,66bf2d89c61ed4b4d550a86e18856b54e2358b4df3a42dbd3062370842754d4a,52414169796d3516
rbg_000000463522.jpg,0a438982195807a57f6989644982e3974b00fa52101c99f99a31e3dfe578937c,05652b9393258507
rbg_000000463618.jpg,3eb86005bb553fc3da100c0b383dda98d20c00c1d1bcf426eda6a68dbf7b1576,e3e743232b4e0938
rbg_000000463690.jpg,ae3f98e35c69157ae5653541324d3fa8c27680054a4aaf1c7420aae3d03bffff,4505814cef0b1930
rbg_000000463730.jpg,3ac833b5f383fc3c0bbde57011f5738c92c62eb12d1d387f501347c6ab2de03a,58432553644f135f
rbg_000000463918.jpg,0a00ebe49060cb10562b37000d15ec30394d584603de377cda533ff42f083ada,eeac261c36233336
rbg_000000464089.jpg,764b4c31bc0335cf474e6d657b5a0e4b467cd571309afa354291f20172f39bb7,551c4cd9d686e6d1
rbg_000000464476.jpg,deff20ffbf74ff69dfd3b399b29b666e9bfff4281d5d3afa08608da9dc08a12a,999d9b9e9c9b9313
rbg_000000464824.jpg,6e88bef9ae20e5146c0537e39b0195f62681b5d4248df7c48d5635495fdac7aa,4f9b29d8b1bcfed2
rbg_000000465129.jpg,ba317483a707c2fc3f287b9dc4c2742775962350de0ee85b428e849b86dbe4a8,1b0727371b333737
rbg_000000465180.jpg,034f758d45070f0c401b4976cdfd7504b62ea97a2c8be9381944d7968add43dc,3b1f99d9cd256573
rbg_000000465430.jpg,125cccaac849d03c747dfe59bc681f5245b20cbc04ec00ef634c49fc7580e705,04d8d33333363640
rbg_000000465806.jpg,3782c19644c2da769c7e4be8be45d237beffd59c2ddbbca8d4e4e70081f6a301,58382014169d0110
rbg_000000466085.jpg,f0dc9224a570e5e078ff47793398848f100df778b3e923bfb3f7bb71bc6f6cdb,ceeeee9a9ac6c19c
rbg_000000466986.jpg,8fc3fb29c9647c2c685bf3152703bcdac24f4cb39c16b317ab02c5a1eeaa515c,a0fef0a8b0b0b0a0
rbg_000000467315.jpg,889a92a4b8e5cdacb7613a27fb2109d6831745db5906b851a80c90b4ad2a5034,bcb8301c3d9382e0
rbg_000000467511.jpg,19b802f8dd06dcad456ef8577e8994b9192c1a1187a7f85b5b26a3d7899d9a09,9ccccc8cb8c8d834
rbg_000000468233.jpg,368593e0f440236c8d44cf6730e6aabedc61c5a6296d52610bd6afa8e2343794,677c743c7c7cc278
rbg_000000468245.jpg,96812ce020f5063704b1ca0ff2d6bb319e54e1a957bd04f4db9ec9dbd75e2c42,1b93b2b2b2b63e1e
rbg_000000468332.jpg,88b38a4723e3fb2546171cb3938f31243a100fcba9d607d94834aea4af87a5e0,95cddbd3cf8c9c47
rbg_000000468505.jpg,a3327665e199c84b0ad0e69c8e3f3f6df13902eb3b8580a0708c2c6cade370b6,36feb324160ec9f0
rbg_000000468954.jpg,3b80e633b1e65c1be4913fdb5066b940b7b1230b94abe91810760859db6d1a94,67736b6b7b26a626
rbg_000000468965.jpg,5e16ea6f3f34baa4c6da4fb842cd2493e8fd9adf8e2f3f9c9d93a5925e834f68,0b8da54c1f99b131
rbg_000000470121.jpg,ba9c3196c76031a4e7ff21027ac91c6018860085999d1576175719b467b1efa9,242c68a9244edb99
rbg_000000470173.jpg,65053671e807b19eb658413f209b8c0d4b126e71a49e0b2e0ad741d4213920c4,6763e6e664e4e4e4
rbg_000000471087.jpg,63d35125617a8830073e8c157f279b6beb1836f2c699c9290ad609d10261e5fa,f369ddd8f1d69495
rbg_000000471450.jpg,9a307146f36cdfaebba9beb3441d49fd4d8203459e8782cd126bddf896528fba,25466f93414a1603
rbg_000000471893.jpg,f4b79e42684ce540e4b9fb94982d7bc8659de9e79924aa176a6d72c201053651,270d0d4965554d4c
rbg_000000471991.jpg,51288ea643006b471c953a548554822e2c5e2f6745c9dd65726458dce634907f,2b71b2b2231f1717
rbg_000000472375.jpg,928f89bb03d6c06a883ba1b4eadeeea8db2764134445a3c70c5d1c33cf13ed39,7162e2b4ecc6f67a
rbg_000000473237.jpg,936dab192ed5d35c41bc1f76eb4eef430c43320d90eb208c69e9ae907ad3d55e,b3defe1c3c7ad8d0
rbg_000000473406.jpg,821a802ea625958f0c8465a313723b265674f891482e9e6dff781eeed3314385,37353cf4641991a7
rbg_000000473869.jpg,d2f1193dc4c0cd50e0a233810fde1875f7211e936c35d9a3754bf71c2c8da84e,99f9f1f098c89b19
rbg_000000474028.jpg,f2c62d024959d0961cd5bee4f78efc015c221b908005c5bbdbeaaede7d8d0cf6,5b737355861666c5
rbg_000000474095.jpg,6e216fd96173658eb945140933ef0c9ae23217a733f02765fe59f57f9db0ae6e,e4e2e17160e4e9a9
rbg_000000474164.jpg,c1ac8270b67fc383f20fd7ca99786dac0267445f78d3f3e72f980b5e33e4a638,09243437370f2686
rbg_000000474854.jpg,0e66a2748ad65ccd3cb04e5163b77def18ae135109bfe19935ff7d3183eba7b4,91d333f3c4c8c0b0
rbg_000000474881.jpg,72f5f072a838da852ae1e5017f06865dc00323dd1b84216230a55b4b6580645a,2a8dc25262981c4b
rbg_000000475150.jpg,dcbfee6629d09065dde5caaa48a631316aaf52ae9df7b30515811ebb697e3b2c,206064e8c89c5cc6
rbg_000000475223.jpg,6011f15191913e73a622572caf5a621a9b2f2daea055dfe45b4672129dc058ef,969656f2ce6cbb2b
rbg_000000475365.jpg,1a19d309a22af6cc073784555be6370f6b77637a5a368c27bbdb60e25576e474,4363b3b33073d8b8
rbg_000000475484.jpg,e1f307ba2c5905702d019ae7aeea4a18fa24e6fb412f33acffe906ea7e03d838,dbbbb38311348a22
rbg_000000475572.jpg,7106fb63c032cbd014e6d608e55466b263860a5fd022051cf64f097354dbec05,b791c39d9d9f979b
rbg_000000475779.jpg,b8aba7fdf9b84905e8e09146c6ed262eb91f55b38abf6b6df8c4c59a75885a8a,6040dc4eda9120e0
rbg_000000476215.jpg,0f292f55b4658641a083ee1e443a1494f3406979426a722f4c860c1299d75b27,310d8484c0202c2c
rbg_000000476258.jpg,24e7eaa49435f90c1c6d38ca65997faa0091ba13948cccae0c68fc7dcdc0b372,1b39383838183811
rbg_000000476491.jpg,ec88d4895a9f697857b8ba6e38fba32fd2b7d62f44bbdc8c26be7be9c2d2cefa,0d0d0d891d0d0707
rbg_000000476787.jpg,e349a7e122f8e2804bdcb3b959edc9acdc0a915949a7e4e986096d4d2398d195,cd9f2f26b76b3383
rbg_000000476810.jpg,839a55abf664962806b4bf17111c33bcf9c082a0f7cb7a661d7257368de834d3,1cb1e121c41c0f1f
rbg_000000477227.jpg,98c0f1246858b67ac269275596311bd8b04007606fa759530af7d20bfd59ecf6,410a8bc731398307
rbg_000000477623.jpg,09121004127dcd05cc16aaec3e38dafb43ee73769ecf91d52e2aeb3cdef1202b,1cecc68417c9c9c3
rbg_000000477689.jpg,0a3c907a7e647d6c095dc91cdd7ac3823344f4ab1429faad7ce3d5cccde1638b,4cf8d89818185859
rbg_000000478721.jpg,e3c8cdfe51d598c74a760009a489ebf59a5672e97475dcce9268e846f2f64cc6,9f9fad2f23511b1b
rbg_000000479099.jpg,5c237332390d380fdc0ca82d0fb0fec54f59ed3bb6100517119a8fd9edfd53e7,17878f1b38b3ff7f
rbg_000000479126.jpg,a64293cb5d4bfa0b1e6e1c0603f7a4f9892afd90f353c9ed0b250449818d5d36,1b3b6b4e2a6b4107
rbg_000000479248.jpg,7568f9ca909b10cb1ff733e79ed2661e310d8018261e5d8b4f4e6621e404508b,296767656367b989
rbg_000000479448.jpg,218870fecd899d2de9d1c572f473b36ee6f82217c6a752e9134d7ee47a0bf92b,2d4d976276351989
rbg_000000479732.jpg,4aa59153c05dbcb8c2c7a01d3de62ca5032b9dcb4fcf0587763d2e6f5dc41371,010844cc6ca46232
rbg_000000479912.jpg,8a7876a0b0369040842be51c1fcab027deaeec0183add371d752760232cd2300,fcfcf62f64b0b19b
rbg_000000480275.jpg,9c9682ad229ed5f848cf396a110dcbf00d60c91882aab4b15d30edb6d5e4ea4e,3f3b237991131a00
rbg_000000480944.jpg,d93e279fe681bff9f79cda02129731ce9abf2596a573aed2dbb3f2c237d9c7e2,1e146c6263184261
rbg_000000481159.jpg,51dc6c4511cdd2dbd999174521f6ab0b1418ed0b323a0050c0582ecea6cf2ed8,8985c1c1a8aaaaaa
rbg_000000481386.jpg,f218e3c3a63a1600ad6b696d35f324bf78b0f787459d10793e39b420f80cad27,ddc87666470da969
rbg_000000481390.jpg,92b3103f5a4a3620ca6090217a7bb55bdfec87fb2092596f0cbcabe9d9b00fb2,c6a4be2f7b3dbcbf
rbg_000000481413.jpg,2ce2ac7144577c0a6349c272e034295852aa5e1d0e81dcf5451f148e72e98d3d,c261eb48632320ee
rbg_000000482100.jpg,50d8eca396887768554706e6a17531278c20af83773d1d15f65bb271d62829e9,59dbcbcbc9e5edfb
rbg_000000482275.jpg,8a54cfc95bc473b48e9dea2fa3ac0784216fd359c7dc735d9696cc571d7c4a80,1431e58cc3cecfce
rbg_000000482319.jpg,2456d8eb1015777e5243f266f0facdccc49aa5d7df5a88d0e0d42afd04971917,33ab9db567a7860f
rbg_000000482436.jpg,6e72b98c5dbab0f74b50aa059e963c59b48a1b95cbc52d3e0c7b05fc07f3f22c,4f0f0f4fce4fcfd7
rbg_000000482477.jpg,11756fa9063688cdbe68e468f5e1caa9d489ae1de4f435e953ef767bdc19a3f2,93ac5cb8316d4939
rbg_000000482487.jpg,002bcc58f212496b97bed6d2ecfa290639cfa3f7616697137fedb7a8ffac89df,34f1d9f9eafe7d7c
rbg_000000482719.jpg,986a774a77aafc5b806d88acd8ba43c1c8ef32b1521f644a9af534e8716cf496,fb7e6623a371f9ec
rbg_000000482800.jpg,06d730d8b8e3175f8b3ff03ec402ff479f0eb5e78d2ca70f02251a38570db006,291506d9cd17490d
rbg_000000482970.jpg,eda4bf21322341bf5baf6a603085deafd1f32d8aea4d844223cdaaaad18eb416,bc301e27474e1b1f
rbg_000000483050.jpg,9c7eaa2f0e81b3aeebc69ad8be667f5686afbb6f87bf4062c4ae4dbda86949c9,e0e0f0d092312c58
rbg_000000483667.jpg,b616500911130fcd278f76b0ec968778c9ac790489d852f972c14f5ac1b0ba0c,347039e6e6256cec
rbg_000000483999.jpg,f962e1a9fc03577dbf716dfbf96f8e9b519807b59d5e25ae4718667f753daea4,284c4c564b031d24
rbg_000000484415.jpg,c09150263ab0bae804e489b1e36a62aeaceb3a46671543db3e2af3e2de056f9f,646665e586862636
rbg_000000484760.jpg,d8087efb0ccac825e4a921743252ceb09aefe1e5735f99656f3130abdfe27b5e,cce6d7d3b3f37c6c
rbg_000000484893.jpg,68058b8b452972d82df6c310fe796e7ece73e7110b683a73e2666a6bb863be58,fcd86c243479f969
rbg_000000485027.jpg,422be8766376d51dd877e8ace9fbaf8fa9c9045eb690ae0f90e152e420dd4f1a,e4b70f4f979b9f77
rbg_000000485424.jpg,6cd816f52281abe37719f5ee8fcba65b420c50a019e1beece2a3b7705484a620,b4c0646567c78290
rbg_000000485480.jpg,07b815bd9a91828952f74e9bc9c7555a19666c9fd7f6c14efbd5fe70a73f4b26,0d1b0b0b4d090d1f
rbg_000000485844.jpg,80194252851d86f6dd9bbe3f2b9bdd72db00f6b7a590287ac30c490af6fc16ac,5c3838386c6c1878
rbg_000000486040.jpg,7ad4996a239aeb30146024e13b9a1f66fcb465e16abdae9ddd4817165651ed1a,23271a1189183533
rbg_000000486438.jpg,959ec6138e1e693067f477cd8f1a7e1eb1b0a30b6187b872ce6d5d068de2359e,26e6cc1c68a4c343
rbg_000000487583.jpg,9c232d034a786aaffe1bbd88973e80fbedc31a7e38b1c842994dd19a60477530,191d8c3d9b9f9f7b
rbg_000000488075.jpg,3c81a0b96e8154545bee42c0629076509127ce14e2bee6c35a58448b5d3b55c2,0a4e6a68e5eecd6d
rbg_000000488166.jpg,117f8b9f05251e3b3ebc3bd6acf0d099686c6592024f5dc04827cd1defc6cc85,c3d078ae236366c6
rbg_000000488270.jpg,8eb4f49f47cb599d5ee6fc2ae12919eed7347267a6799dd442f479e761bf96f0,278dc9030fcd0703
rbg_000000488592.jpg,04a7c791da054a66712d68851331ae7e0d5d2c33e0e644cdaa2a301f56925663,964e0f4e2a090b19
rbg_000000488664.jpg,d06abd68dc791e12f1424cfc02a92f0719df4af9d79973f9931a1d1fa1392ea0,c967757193a1f8da
rbg_000000488710.jpg,8fbacc18f6c96ebabcdcccee0d26a171b4a5de298942178e9b2f101ceddadbb9,a5a16062d0dad8f8
rbg_000000489046.jpg,5f1a463763552b2d550723e95c97df3975378ae08edfbadaadd628caec70e955,990a3da7af070731
rbg_000000489611.jpg,854f673ec7f93c01c416e71b4d8e79064f116c2792469901d0de0056c1ab4f7c,679b9b97e3839347
rbg_000000489842.jpg,f7f10f095d48750b8a7115ce18c4a140c14f5f22f439963a30674d0ecf26ba86,c1690c6c2d3d6e67
rbg_000000489924.jpg,70364458517fa307e0ed1fc5f5832866eee679adbc41263c046ce8cf688d7953,4747473727272719
rbg_000000490515.jpg,a6654419cd09f606a15c6120ba95f9976d364841d8499048b98675c27149b6d4,3c1d27227c0e070f
rbg_000000490936.jpg,ab2e6b0fcc639f29dabdb581a3cd311b9c5490b9abb894d66132abea7070829e,55041478f4f02c5c
rbg_000000491090.jpg,4ba267554825ed78b348a4e6fefaa11e6142c41d09695be553fe4083fa9a9eee,9a3a6a89d1f1ff6d
rbg_000000491216.jpg,9b038c0a6b1e704fa9f1a9b2682dea4a762fe6ca1ff95ff53c0fc583b6e02af4,17574f33334e171f
rbg_000000491366.jpg,e8b01653f4ef3eace69310ede3a0a31311b2fb4cb5f0d63ef560ac01e91acd26,901818088cac9908
rbg_000000491497.jpg,a58776b09d34fb1c0072cbe1a01a20deb7f1c5dda0966369d1e6e4a5fec51757,2f6b6bae8fe72765
rbg_000000491613.jpg,aa90fa3d008f7715a42fe7fab8b86d217feec79bed5135a54c4878cb72e3ea68,a0c68c0802bac6f6
rbg_000000491683.jpg,baa2773cb2eeda8b1900168f2ff9bfba8646b5b57b5ee43a9882fcb914adc03a,272361cf35378692
rbg_000000491757.jpg,cd9b58a985c3646885ea8bf9a0debb9d3bd5b175b7316ec584763b6efa321ed1,53e4bc1cfc7c7e3f
rbg_000000492077.jpg,16c697f38aa036da979494b579d337c41fc7a4529802372f7e7c535478b6103d,930f2d2787072201
rbg_000000492758.jpg,f52d91a22fb02b1639385af64f85e4b285be269414b30990c6cd203c2fc13843,3c4bd3d7b4862e1a
rbg_000000492878.jpg,cd77b71fa218eea179e9a94733b0b6c353617952198f20fdd63ab47b88ba7792,8e8e8f8b093f0f0f
rbg_000000492968.jpg,d42bab612d9126b59a8fca904c81ec3e48246c55360c871862859cae7a48d0de,95d3dbceca66b5ed
rbg_000000492992.jpg,bcfcd4c5d5bfe054720bb8a979fe099a2b04fd42b9cc44d00a2691c3a184465f,82c69a72f4d2f4d0
rbg_000000493334.jpg,06be922134b4177ddea7373a1c92c3236d12e290a9b43c9dfbc018c36fa235f6,0e0b27171f9b1fbd
rbg_000000493613.jpg,49847e0bd4a5272275941c515dcb779af6b7d8bb172fc75bef0bc04538c90f8e,7713141407390799
rbg_000000493772.jpg,7a7733264e2c69827b9a615872971de9dfbf1aa86fd448a9038ee2b131603f56,0f0f0f171717070f
rbg_000000494188.jpg,48562a050aaa24b7bca00622774170ad34528bb1c00091cc3487d3854fbb67b4,64c8dbb38d5970e3
rbg_000000494913.jpg,7868756811455c2f96aeff017674b9c3a3c50778333c664452740a795f4ff687,3f7a7b62b6cf9f8f
rbg_000000495732.jpg,e9e32a72f839bdd5438814c6007ee97613e0c3c69c22535fcd1ab1920ddcfc92,9b851d9ccd6e940d
rbg_000000496409.jpg,1801f68895f24d80d50ed42dd7ef872f6df89e8922af73ff91eca4838e56de72,090b090907070707
rbg_000000496597.jpg,71c2330672d35492adeeeb8791254fc5e230126bafe53ef96cd9c128fff1c322,ebaf2f1c1e2fafff
rbg_000000496722.jpg,6abe364ecc4b12851db8a2ebf9beb5c680b872fc40018aa424b00cba8f305a78,8c8d9f8f5745438b
rbg_000000497344.jpg,41c47ff946c875b939b32f96d53b6bb7b3001852e5a6c0b3ae5b958d979e36d0,09898999e5e5dc7c
rbg_000000497568.jpg,02de0154b5ee5226abb14ec491c521600950b74ca917865d325f3d9a8e62b9a3,0b39bc2e13385afe
rbg_000000498032.jpg,278fe7fbd0cbd99cf92132484659c115390436a2955695f0842933e5d954dc98,978f99b3e3736361
rbg_000000498286.jpg,3253772566d47969b4ca29bdd608d84b9876a09ec6b25435ff00c27bf9c1b207,dc0d2525b9110c0b
rbg_000000498709.jpg,a93dc2050f71b91bcba2390bcfa8bae6379152cd45ef4cf2426e28a31ffeb7aa,8f6766dd98b19ace
rbg_000000498807.jpg,5178a90bdbd6a38bb29e9ad7c0f7051280a520eac5425d516d778a5871af776c,6a65f2b3b7f079f1
rbg_000000499031.jpg,a4c3e2eb6d6794482006262ba2fef5e6f4d5c57b5852123f64460313302097d4,79797598584f6629
rbg_000000499181.jpg,2b4d8a5404d27eca2b0e3a3d79e2a7129485ba5af33b0f209dcfac06458dfb26,d3dcbe8e27679b3d
rbg_000000499266.jpg,4e1ded48ee4d2fdad1fc8b09ecc691fe59ea89476978c7553da3522e81546533,f3e18e929e9e09df
rbg_000000499313.jpg,b5100ccec30bfc57efb6c8fce4c1510de8b824dfede37c1396e3f3f6a6d74d13,c12314041e5d320c
rbg_000000499768.jpg,8570324bcf64969f77f938941778a8fc69ec5a8943f0945511ce4ab09bce5a3a,d3ab67c7c3e12d8c
rbg_000000500049.jpg,504a79fe15e510692baa85bd67830c172678979231cfcc9154b77ef8bdbccc38,7b0f368888330f17
rbg_000000500211.jpg,793bb1d727ef4da54c878a6c0cd67983fc5197f8bea24f8c8503b4c4c94540ed,3f67bf373534b4a0
rbg_000000500464.jpg,f4714db3b155caf93afa783e108381c036c759c39c2836880dece65dd020cafe,1e1e1f39692027f3
rbg_000000500478.jpg,1025c8bbb6466db353361663ab8af7d0328a32996cc96549deb53773349923de,851c1f0ac6250f00
rbg_000000500716.jpg,5de886d554c98caf734cebc624182a16862623c3fc704877dec958116f213eaa,c38180a161dd8f4b
rbg_000000501005.jpg,c3b94d44e9302362d39fc2a712631913633f1db45cd2b9ee1f9911b8a0d59ff3,35991d121ada2e1c
rbg_000000501523.jpg,4607dff7471059b8243710e1eac998a4e0899d414d903dfcfa103a252339e99f,a9dbb935b19b4f2d
rbg_000000502229.jpg,9ca44d741519af4ac40f691cfbdd30275a0c177a4b97f12c321910724029b1fc,829ee6c4d4909494
rbg_000000502347.jpg,ddab64360a241da922a5ad6e1ae09299ac50a18418368e3935b2565b94ded8ab,1f0f5f27210fe9bd
rbg_000000502732.jpg,e4bd9edf973ab3bd9c5c538b55188ba7cef57778a083e15b6ce8ffbf5b5fff39,7d5bdbdbcccc4f03
rbg_000000502737.jpg,b8fcea1fecb77c46986dcaf94629b90d8815c863ecfaa2925af8de74cf6fc78e,53e786968fbd1c98
rbg_000000504439.jpg,79d3d8d52b53096411352e1f7b9a6e3433bb0cffa3ce595125f123de4950b2b9,363136b33131312b
rbg_000000504635.jpg,69b2a7836504256ae05af5338ecb49b5149308369817f988a2b21bfb66e650a6,031938134c393b1b
rbg_000000504711.jpg,5c2031a9bbcc3ed6bb6180e5b105f90a1efb697552b74a7bd8c2a8905a876212,e8ec6cecf8f8f451
rbg_000000505169.jpg,63995873dd957d6d78a9fcfe0fa952af931af1b4268e37d242e68be1f964e478,a8acae8ea8acacec
rbg_000000505565.jpg,8dfe15584c6f8ab7e3502757a8438577c529e209c7f50a2a3c699e710e1928bd,6261692c2d0d3e06
rbg_000000505638.jpg,d01a64f7b4ef09844c7ef9616a127b9bfe11c2bd0549e1bc91882f4f51449bcd,bf5759d8c464f8e0
rbg_000000506178.jpg,de41bacebcb85dfdf3f86b66ff169f2d2e2f7151d7b6b22d42b675a3a767ffa6,fff7b3aadbf3f5c5
rbg_000000506310.jpg,9db5b5ea2b99f6047a57f79abfc3438d9646b01a3c54dc819ecb817edf7ccad4,6460d054c44c4c44
rbg_000000506454.jpg,0ce984bbb75788a7bb8dc3a962a66ca4ce44c9f66c4980c1fa304e6bc2eca17c,476be70f238c4a63
rbg_000000506656.jpg,ccf96e71979f281cdf03b44d3895246a4e64b8f344b4c3c1b4f71d8bdcdd455f,5d2367f4f43495cc
rbg_000000507037.jpg,55d136b2a2337e5449736f32d346969be98bf1dec99a56a31602466cc7fd2b42,0d84061eb4a1a5a0
rbg_000000507081.jpg,b8e13828ed5a8b34552854684bd8fb1f2b4f621a0a8729fa5693a20e4d166dde,333637333f3e3e3c
rbg_000000507235.jpg,d7ef44021c0fe9704491b6d910abdeadc4ef58a3c01796e263e9e7d6607e5233,bee32362f27c1e2d
rbg_000000507473.jpg,6a54f1e32faafa20c19bd026b84a5ab8cd36e0766fad3ce3cc7c28a4e426a61d,e5d5c5a3939b9b9b
rbg_000000507575.jpg,386c8ba5d7aa67edba9b5cdaf91af5d3490d5d3cf57b43aa0ef86544e7c93af8,13393347431729cd
rbg_000000507797.jpg,c44a9df9185a2d9b8fb78cf8c15d2a890f166b936e93f4bd0181df6861d1379e,16069e9e6eca83b9
rbg_000000507893.jpg,98fca92664567dc7360f7801b1db6bb7906cd5f1ba7ba1e6ab8618094a4b9dbc,843d272747474f19
rbg_000000508101.jpg,4bd7415ddffac93369a40f5592cffecd16cc2fac73d9ab34459f329a36aba295,0f0f07278f867e0f
rbg_000000508312.jpg,c4925590bbbe293539fdbbd4f02586b2780e9e117cacc26811e61aea41b8d454,3b2366226ab2660e
rbg_000000508370.jpg,4af9bc633d283db371ce038596f8dd9e50befa6be51d863c92223b2bab5def60,f9f4fb59d17cf297
rbg_000000508482.jpg,b54e580028cafb79a51ce192be84d23a7a974e5c558ca44d4331a0ea854ec44d,f6b60f0f0e2e0f0f
rbg_000000508586.jpg,117f82048a7c23b47dfb51eb930d9377a0c5a6795e1f9438be3d52f8be274577,028086c95884c1d3
rbg_000000508602.jpg,7152ca666f3c765eb2e99dfaef8e9e62ecdd7159630fc1603f7f649266ee1f9b,058c9d0d2e570181
rbg_000000508639.jpg,819434c439824673d4fc441cf5548b7ad851f6ef4c14ad0fff23656abedbee62,000dac2d16647400
rbg_000000509008.jpg,07ca04c0f38fc0f30701b7ea65703b7424a1b357444bf57a0b8964f80b5e975b,060387303a8b3823
rbg_000000509014.jpg,fb4d55113253b061f9c9fa6e30f096eab701c73a4efca0e6193576d911408eae,11544bebec7373b7
rbg_000000509131.jpg,8d0c9045f74ac0cdaf6b5d8d9a3e8d8e5a4be321285d2fa9d5a39d27feada319,7737332362070585
rbg_000000509719.jpg,6bc763e87f46cea16ba332a33191c4651214ad64cb4da4696c12fc6755ee0e22,0f0f17131b1b1b07
rbg_000000509824.jpg,314d60af974f7abb4935d80a6386f47a03dffcf755853ce38f293ce2449bf985,86de33170e2613ae
rbg_000000510095.jpg,40eea5adaa2072c80f28e81c22546c7610bfafef193732da6b4639b1bc5f1add,e624270b0b0f1e3f
rbg_000000510329.jpg,e176a8e4803f728621ffefd1b63c7923ea51cc923ed62c3052b4bfe388b257a4,39f9f9f9c7645931
rbg_000000511599.jpg,f2de24fb69d55624946a215c565eeb8b5b83dc1e88f127c2d84270f764de8903,cc090b82c8680705
rbg_000000512476.jpg,c181dfaab15dc60f5e97728e74eb94287024aa365adf41d877fddc69abf994da,1fb6f66a4b636373
rbg_000000512564.jpg,9286b499e47f7e38a13413a09c0738e59f62d0ef16397006350bfef1bc2fed5d,5a2f2f0f9b170f0f
rbg_000000512648.jpg,790029cc00a0a6bdf5cb6605dbab505d683542e5bb9b8674bfee5d8caafe6c1f,293c3c3438dd2d21
rbg_000000512776.jpg,4f8ed5cbc44b8315f3c70f6baa00ab46e35ea09b6e41e53ee42f63fe54be70ae,1b291d95252639cd
rbg_000000512836.jpg,f9f4c714e1a2eee17e4bd93710c16b5ee3e47f8e6e9baa1d4fd6eff2c8bfb13c,8bf161b0c666609c
rbg_000000512929.jpg,de4f89719ee24a9f7f9482bd902ad2a3e6851f554729dc60ffc65505b49e0f6c,c725256c3b1955d7
rbg_000000513181.jpg,f78d6dd61aedf3cd4ef022055682f00ae764c1cbd31ff89dce10f68fe23385e7,20c1030325210303
rbg_000000513580.jpg,11759a17fd060f1675ed4924e06ca75c8d536ab2b4167238cfcb5d1911d1f47b,22cdc40a19f1c536
rbg_000000513688.jpg,c3cf5a23348287dcc7ebf7da4f35b84c2672a12849e6acfcf1789f852c6116db,80c4c25233326060
rbg_000000514508.jpg,20620ced4eef5e96550b5737efd4a24d981cd0c73cab68dfd7a28e6c5360b005,1f475c5c343c3bb7
rbg_000000514979.jpg,5439cbbcb8ce8f7f52f9af9bab7e503fba3180fb8991d774c039b9c9d50984ab,3636727d7d35677b
rbg_000000515266.jpg,467c8c1837eb1f76f4d2457b6116a45b8cffb778eb3ab217e2bdaefa15951100,307b5a6feeeee0e0
rbg_000000515445.jpg,15d8ad3e4d6cad3aabe60e5401274bb0d83179d126164e24b95e091caaf4ec83,3737b30107c72636
rbg_000000515828.jpg,cffa35700a8255de38930c3bf75055c83c6b09f20b949af0852f3099222b03ca,63c70f2f2d2d2d1b
rbg_000000516601.jpg,840255670eb2bb50a500405962564790fe14ad67ddbf844303b55b900e7c1d5d,0000808226822147
rbg_000000516804.jpg,b8b07cbe94babb1afb58bd304ff086099de8597a31ebc835ede71eed13b380b1,c9833391ca622202
rbg_000000516871.jpg,de4d6f740d74f23bef152dd557a808bb2c3540102ed9af5b59a5a4bde2299df6,d9c1d0ccc4c4d0d0
rbg_000000516916.jpg,a3f5a927065992ee6e8ebb022fd8ebde60dc51c6eda6ad2f8b2e1bdd353a3118,7b189cf2cb4367e2
rbg_000000517069.jpg,3e571a8640aa7d8da1cbd762321cc51def8fde501bbe9de911fc1f4f87e04bbc,2122230a1a2e2c24
rbg_000000517832.jpg,5abcfe8813a27b9b33b596579f768ef225ddff2f6cfd7be6edf2c46399e94282,00b733ba7c647406
rbg_000000519338.jpg,6fed1680e1019621b6e13e81cb517a0ded2e3db49ae79225d484d46c934dda9e,071bb1e37f647f9f
rbg_000000519522.jpg,6afa6be95de9eb3b052850c120fd3acf2c3121b5e3747440f445787b463308f2,28686560e49d1b6d
rbg_000000520264.jpg,3a1cf56ddde8013d7d02fd63329e5b435936db386fb9db51d5f37ee60c6d2bcb,c762361e1c3cdc34
rbg_000000520301.jpg,e04e39ceb5c3266e7492b0f3b0762ebf8dd5e762f479525bfaea412a64b49152,06767b787879b81c
rbg_000000520324.jpg,0db34d1fc1d4cdf073ee159d05fbb036ae641a70adfe6a85391fdd4e126904e7,46c6470b59f9e66d
rbg_000000520531.jpg,2ba4713ac86fef08a8b150861b289f27fa4263d4522cd3fa74bc94aa6fd0af51,0f8dcccedad2c667
rbg_000000521052.jpg,3aa389e1258ce12da6b3aab20489a1c2fd6e9da8495badaaef394a09730691cb,008793939584c4e8
rbg_000000521405.jpg,5626017077543789dc5288cb7c4cd86c63a012c63215ed9fa5dac584620ceac4,e060660e72c1c1c0
rbg_000000521956.jpg,14309e711f7a48099bdcf9e92409baa03792338cba4b0a4025e76cb8ed9fb09f,94841b9387676347
rbg_000000522007.jpg,3513636406a9e2ed8b7d465283684e01d50d52899b9401507993b7de381245e8,54d4ec6647ce6a78
rbg_000000522889.jpg,ac093b5d634e2d243b65ca3fa6c52ee2ac61e9285407cc8f0c80eda55bc481c1,335b2a3cf36a98fc
rbg_000000523194.jpg,af1eedd94475fb353dc27c99aced5d2f7ffddfb5bcb258faeb12c2ae2d1e9526,4e8c8527e6961706
rbg_000000524108.jpg,34cefc4522682be5b9b481e2f4b76b46219f48885438db8019ec126cecfaf6c5,1327253435303263
rbg_000000524456.jpg,84d161aa4f1a335ec3971c5d050338e7c13b9e3c90231c0de7e677094a172eae,777a0a73bc2e8e0f
rbg_000000525083.jpg,ee849b3ad43a06b920a8812b8a24e632f6aa9a90ddf6e4a3c6b62bd988af829f,43c756446565ce8c
rbg_000000525286.jpg,fc59935b296e9b8417ae6900069dfabed05be86b35fd3a0dc137320023fb4f06,25a16a595d2c2928
rbg_000000526103.jpg,aa71fa226702833f76094ef8a732b7592c3227ce008f5647d3ede1bed3bb516e,8c9372e3d3d4aea7
rbg_000000526256.jpg,4999689e8c0bb59b69c83b0d0cd802f37526be54a0b2a8978a21c514240a498f,e8e2f2f2d2e3e1e1
rbg_000000527427.jpg,c5e3f3f5bbd1990de2cae0d0a81e50a09db5963eb79c609b925959eb84a183ab,65056597b1614583
rbg_000000527528.jpg,5f0720b88a20176e3127944850aa33bb0c7686272a2f2c3c1c778958a075c6a0,25000011648f1dbb
rbg_000000527960.jpg,8be06a8ebb4f0b7626a8315f158d65bf862e6817ad4a191b80edc5d662f98249,051387273431313b
rbg_000000528705.jpg,865ba2990e846d0664a2b23ed6306bb372c96a1f3ecd36d998accbfa22d48f29,1f11c888694df934
rbg_000000528862.jpg,50b155a7f61e66a110d2e65d26efc822dc579d647fe9ae3c9965519edbe42cae,abababa9a9891f43
rbg_000000528977.jpg,cbf6ee85bae8477a44cc3e539987d290c6bd9b6151e153c9043ee6a42ed7141a,fff776e6c4117f7b
rbg_000000528980.jpg,980e7576d00d09f07ead713cc8e8ad8791025e5779fbde9f4c663733a9f9f5a2,0330f0f3fb280b54
rbg_000000529105.jpg,fab846995fd7673d717375077be43f09f139c423af1ceb6446904c464f235657,e1370c797965b896
rbg_000000529122.jpg,f674d26eb7b84ca1403d01aa2ef2603d8555c89db2a9e915d48aa8ce5161cc8e,849c5261646864a3
rbg_000000529568.jpg,2c97efcc385141e55c77afcf239cf59639637e9155cacf5ac870c87d2a6de42e,466c8d8cad633141
rbg_000000529762.jpg,b70d80f5e359e5e16c6976d94627e7a9392abf7a78ab495f10311def1e39f8dc,0d4b08b24c5c1f2b
rbg_000000529939.jpg,be40f5772fdbc590f352277ff78975fa231d4a3f272a4f42a954f7326118207c,2501008e4ec6870d
rbg_000000530052.jpg,b70da6030fbc057f6393b45016d40dbf280839cf80119e2959b262198f5d6ad3,24cccf8d2e36bb37
rbg_000000530099.jpg,ff6dbb424b63a078204e3a6705dd73c985470692b23ce29628cd3d4964817d07,010208254b4f4d8c
rbg_000000530146.jpg,31e0b9ff5ec4bffbe2948acaa40d3b048284d729d1179c60ed1fce41f87b7370,2f27345cdcdc670e
rbg_000000530457.jpg,aa58c984b17e3a99a06cba95745642566bcb07358b3acc36095604123f5eef06,1d59cbcb03939ff3
rbg_000000530470.jpg,1e429e5821b04a6a914ae582477b4fed52dee7493fa984703f0694bdde708c17,249498529e8ccfce
rbg_000000530854.jpg,5ade9a5f0fa7adb5d049ffe01c62bf6b660521cafc47f432445a2c32a421782c,363093290d0d353e
rbg_000000531036.jpg,79be9c405b3ce4d2eea61fc29b0e1e633504fbeebee6483d64dfb38b1dd844a5,bcfcdad2929ae0cc
rbg_000000531495.jpg,a4a47dfe4a345352293822ce4c33e13e02978b1f050c265e1abc9618b74f1cc4,0181c291196b6193
rbg_000000531707.jpg,e4cb5740e6d651f48e2044284c7b4056437c47425378172fdfb8256d82893784,00000a35b4f17106
rbg_000000532071.jpg,871e678893ac7fcdaafe3870900985bbf75707579ab3966a2c7690543d2f68b0,97ad1d4761e6161b
rbg_000000532481.jpg,977a927b6a0e0d214f7814f5227deb4dcda697d5a7e5714cf5c0dacfd05f4feb,27a70f25f74e4721
rbg_000000532493.jpg,9cd73cf2dfb8463f5db5ec6ee2a2e379ecdfed44ae2751228b48791fc199738a,4bd3d1642280c7e7
rbg_000000532530.jpg,b64ce5e703830d638f421be824c255c1d3e319bac2c95f48ef947cad5c59608c,9a0b0703071c1a9a
rbg_000000532855.jpg,64005f6d362a190ecedcc8c4adfabe8ed052eb72be85aa027c66b0b88bdadf9d,30310a0830000000
rbg_000000533493.jpg,70ce085b852201411730b097046ca4196457395b7d612b5f3282ca0768ac2c2b,87cb82a6cc8ececc
rbg_000000533855.jpg,97be90aa226092086975ad3dfa355a04f73e7d5cb3c9d590848eddb67387375d,20634132d0510986
rbg_000000533958.jpg,4822d53ce9a21aaaec01d508cd612fa0f319952414fe35b45c2f492547eaa262,27e4a4c4cc783805
rbg_000000534041.jpg,226e705f51910ad527f9dc73a4c11ed2b5601aae82ea7f523da689ca243cdddc,d2063627a3b1084c
rbg_000000534270.jpg,be3b1df76cb9df79d634a20bceed6cbb7133e28ebb66798369a8c99049b67206,3858e26564e4e444
rbg_000000534394.jpg,6f8472c4f1c89d5941991c5b6bfb25d5836e3908fa71430745cb3d558f528673,d85c0427c0240700
rbg_000000534601.jpg,a61dcd41da39c0c794937470219d9955d51046aa492ab780450cd984df259c30,9c860686d567361f
rbg_000000536343.jpg,cb65d01acb0f415fef1f858b994ebea2803cec3647576e6cc5c34683ca3c692c,23aa8aa7a6c84f0f
rbg_000000536947.jpg,863c183efd6435f09cd7a8e29e3ef6a54549b50bfa06eb1a51f6240bb6f32c68,84c887c647455414
rbg_000000537153.jpg,1b02d5b6a0128df984dda7c4fc6b6768e88c2379ca34616c58e2c584c058e711,67cc8f678117f71d
rbg_000000537241.jpg,79a67b1ba02b0dc7fa1d54828d65c4feafb5aa1dcced8787fd94ac8ded9f2c31,83717172ece4f8f0
rbg_000000537355.jpg,497191b79f23912175f939e0753c564afff22451073f61cc78786a048c94dc13,06231e1e2ef77f9f
rbg_000000537812.jpg,b0994f90463de64bd7528951ab407dc0c8cd21839f11b3e41170f933bf5dd905,33332b3b3234b2b2
rbg_000000537827.jpg,8f383ed22ba9e43492ad36ea3778a57e7eed1558a2eb32f4fc4dab3ff9b696f1,ca1a6dd4dcc93337
rbg_000000537991.jpg,54a0356ad918b76c12aa25e98aadd6720786eade12fe0676f63b802ecddf370c,33331b0b39a9ab43
rbg_000000538236.jpg,340ce608b891b1ea386e162eb622b4f46d5d8d4531ae356f91877a2d2f73930c,c3c0bce6969bcdfe
rbg_000000538364.jpg,1b05f4958120b8ab11c5a3b00449320455e16c1a9795871e8e42913c1a04be69,5f47ae1ba5981c0c
rbg_000000539143.jpg,0b5fafd3202abf7bb23cde6fe1407b681fab6ff2b17c12c33b277211f927cf26,903e0439e1f83f37
rbg_000000539445.jpg,157cb7b7d2a2ce22617c5d913b79760cfdd67061dc5963256a5b9e70941fd66d,2f193b736f111b0f
rbg_000000540502.jpg,7ef4ffab3b5669c369836d31d5e6443b59ce41a3506fbc2de448ca573d95775c,9d85157d190f217e
rbg_000000540962.jpg,a2ac9059d6ad210f4e2466324624f943cb2187d6cc5075d232013e61eb68610d,671dbbba6409492d
rbg_000000541055.jpg,abf3a946d2dad79fd000391e46bd094ec6a5ecfb1c2d1eae398aef3025662bcf,03e7d3636a69e96f
rbg_000000541291.jpg,3a994cffa3c30e9066f3083a507fb80bf863ea55075c8707bb8ddbe2dc69d834,dfdeffef6f577371
rbg_000000541664.jpg,6a0e00535115ed0991b60df2da7ec5fe9b77b5e1c2278c6e7872fe59fce9d2d2,c8b89a02c0c0d999
rbg_000000542089.jpg,31bd81ef3f4e995d12b7fdaeef111e99b1fae43b54a4686f9f94a9379ed8cdcf,3faf8fcf2fb8bca2
rbg_000000542625.jpg,96bcf0e82d56c029bbb5f440727dbd0daf156a14327a5a83d6fd68ba67f62712,f3f3cbaf2d2db333
rbg_000000542856.jpg,9bd2d9be44355c59e3599f1f5ddcfc06bf8209a0f24b655538e891ae6a4b3fcf,19dbd7deae571824
rbg_000000543047.jpg,a8f4fd22f04d5162fe6a9161ccee5d0f5a367bd9924f782d1aedb8b923eae033,cc2f2e2c5c963363
rbg_000000543528.jpg,085cca2ceffef27ddb775b260c281ffa03560b8ee8e722f1b5e8387bd8246065,304a9830377f1f17
rbg_000000544052.jpg,c4aa3c4b3f60befcf5135e569bf078c129defd9b3c80eafbfdc9a0de9a841ced,2766d14643367638
rbg_000000544444.jpg,e208eb88ca5bb9a93ee044f18e775949281ec207153e1acf5f9a5abba705eaf8,e3c0c798b86cd827
rbg_000000544519.jpg,cd136b4b242d19bb35620006b775b4587e9fb7d02f2625505e5c0b1cb66932eb,3e3627c7e6e68606
rbg_000000545407.jpg,c0a40fd533950c0065e59d79dec077a445a1fddcdb8af0f0535f83a092acd02b,1f172f5171370f17
rbg_000000545826.jpg,9701fea755a1cd3e887f06cd72ee5c0bfa6eaa980fcaf956292aac6cfcd66a3e,3b3b1b97979bd3cb
rbg_000000546475.jpg,1549419c814febbb429a04bff35fe25a134ab09914af3cdf4a0023a0eb932265,8e8e9b597831254f
rbg_000000546556.jpg,552e28e627122fff8f9ec4c5fba2c41eea666657f969f5a21cc4c7367a738fa6,331b79393a176f4f
rbg_000000546826.jpg,4a4089c8b04a04facaaa44cef49aeb2b2897fbaabfa221442ce50e7e67c521ab,1b63060c5b595b9b
rbg_000000546829.jpg,777a4b64d474ba0dc0b2f7094dae7b894aa50a5f701e7fda781b45094d27c28f,89dc9c9f5e46d9f0
rbg_000000546964.jpg,f67709ec60ebf7210d79210321bc3f3a9684a5db05115b68bf1558e8874e9a03,9494a4b273169687
rbg_000000547816.jpg,12a5454d970b0a2330d3ab53018b977b90d717d60ca71c36778ed5aa7310d3c2,bcbc9cbc3c1cdc84
rbg_000000547854.jpg,a092c556a3e1bf35af64b0cac956f3d4fe2612ac294e186acbe747e05360fb97,7c246c2c2c56c285
rbg_000000547886.jpg,eb306ab7c6149a4f5ec631ae9a3fe5e3fb12c8d34278f72eab50c7e3536062a4,239f617357c73f6f
rbg_000000548506.jpg,6587aa7e069e1aec1ef2bac033583a7173db33619ba2cecdd4e52e8cf17e4ad3,8482c36924363223
rbg_000000548524.jpg,081e7c8875b0e87513f062c0375fe78fc0cacc150af8fb00a2ba0f71e90fe5c2,000000414691393e
rbg_000000548555.jpg,e61e37fc4855b10f036c2793bda2744fe26bee1d1063d307dab7360208602089,276cd871e3c79d1b
rbg_000000549055.jpg,c4dfa517a468863f42cbd45b5a800b4462e1160f799f47cb84ca413fd8cfa53c,2b05323d3d19387a
rbg_000000549167.jpg,1593958833b2d3e0d68f81ec184a5b89aa8d392005801eb0a41c3d21213c9b2f,1378d8f4707e8c83
rbg_000000549220.jpg,1e104b334ffd51ba2a6231bd14ecdd794538c45d9209d81f1c080f7f1cdfe468,199c6e4356c6c101
rbg_000000549930.jpg,4b9c8d2bd7df7bb6653c2106eb785dde6cdb39dda55c792e704e0b3cd95bd0e1,c4c2649c9fda5653
rbg_000000550322.jpg,9b1c6ba2505428a1636929921ec7e901afe0c7f24591c51da997d0b1f398b521,17d9e3f77498381f
rbg_000000551304.jpg,ea9ba651ef58aa6901a9cffcf2c86768809d38ea0537ad20625d5b4508486b88,132f2d0f0f8f0f2d
rbg_000000551350.jpg,6f1b360dfc7d699dcd146eb2b41b516dc7a5c59652628f3fdf54b24be50037d7,8bc91040c78f7f5f
rbg_000000551804.jpg,18b537ff8dc351c1ce36d200f250c6bc3d9177ab0107607a2e610d34ed88b3f1,171f0d0d1bb7332b
rbg_000000551815.jpg,f1fda041005eea061444485aeb8f0007bd286e8bd13f916157436caf8d6e6a6b,0f0f9993b6938585
rbg_000000551822.jpg,ef9eb53ac602092f01ee69ab8f8d43a2f7c68fea857509a0f4f061b3dec29916,5e5a8d6765fc710f
rbg_000000552612.jpg,c6a47cfa7a250128b32d2ba8b401c992fab8f962c2fb0468bdbfcbc94ff15b3f,2733150111230b05
rbg_000000552775.jpg,5f616a0e71f3bc8a7838ab6af74f0134d3761195e4f0cf57f430da9948826d04,0f65f4d2e1c2d290
rbg_000000552883.jpg,1d494b0de43a2b45254e8407278abbea78fcde4130adee937d57d78d4ae79d49,1e49494949c1c3c1
rbg_000000553094.jpg,a1fdc0f9ea2dc6fd09349c94d59c0023c4bef43161aaae76eea3a86ec672496d,0429191932726448
rbg_000000553339.jpg,d0d0281cbc1de4973486173f0c36fdbed7cde3e43d5c9b7728101922ecaa7848,3b3b3b79733f371f
rbg_000000553669.jpg,aa69a44b016d4a7f1b765f9af8af6bff98595da70d73bd83eeaae083c54a096f,09879357534a8a59
rbg_000000553731.jpg,d10c35af887d5b8977ab8a49996c033f50478a0e8a603cff27b463b78c4eb826,7b7b6b2b5a92dac9
rbg_000000553776.jpg,1fbee9e526cabd1e7a4a9ca979f1cad50ba1a35d09d8d3ee23c67856628ec2b3,fe3feae9d3b1b0f0
rbg_000000553788.jpg,a62796663ca5243589b01f18733a45e599088b58e94ad05ec472a38cbb33a011,2763e3e725616b00
rbg_000000554156.jpg,8e11ba2b2bc5f700007a4672846577bc77022fead51ebcf92febfe905bb93e2b,0b324c1a9ebe1acc
rbg_000000554266.jpg,dbf8686ed7c2deb65ffa4f5f4839ffea16b29051ce23b50a846e7aaafeb53612,c6dedae8cc5232ea
rbg_000000554579.jpg,87337deab9a4e054f820396a45da3d120c624a811032f082dc943320762d3336,d1d6cc69a0252587
rbg_000000554595.jpg,f87552f48714dda9163196051781716d6ae1e26824f214237f604f9f829f9fa5,1f17070707060c0d
rbg_000000554735.jpg,07c970316625f141017caa1385ee6c8ba59576b50c78f675940dc09ddc62f1c4,0f2cac8cb470b153
rbg_000000555005.jpg,fafc9091969e90cbabdb665d34d7df7ecd68847076900f82413c5c4014965962,1f0707072b0b070f
rbg_000000555012.jpg,4e8438ac9aeb7c832c09c0518bf27a0bd3db3985dbf5978fef051c51447dc987,04242d999fdfce0e
rbg_000000555412.jpg,110933a17bcc31cf2b1aee13da2064db5fd74a554bf4b35d4dd7b2c4db967e14,7298ed2443430fb8
rbg_000000556193.jpg,ea12cb45c11990ac1d14add03c7e7ef4eee26eb1c1951f9ad0200d9a1b8a6001,192b0f4f474c4c4c
rbg_000000556498.jpg,5be375600468da47416c38abe68e74aa77ab44a639c53beb4c778a41abc58be9,f379b93738b9b900
rbg_000000556873.jpg,ce1013c8088fd14b39607aebb502d33b5a30527b3547bf4cde5b73ca999f1769,81105241988c0c43
rbg_000000557172.jpg,71201f7f2e82854eaa174837e88217c4b3c6a3b01c54e23671ea31b4dbdad508,5b7373737351071e
rbg_000000557501.jpg,fcfd5fab80a42408bad8bc410ce57d3203c598e0ea63be9f3cb73195ac0d2bfe,8e0e3f36a66e6a6f
rbg_000000557672.jpg,0a38afac00ef0b033b52a7add01e220615db5995f7f71657845602deb97acaf9,b313139b9919b131
rbg_000000558114.jpg,c330d08c171e9fba6c59bd717677381b0b03933e59e0c3216ffd705d8f251533,8cb44eccd1735373
rbg_000000558213.jpg,53aa2bfa90585084e8838f03fa2bf51a273c1bb5e5340612121752fdf448025c,1f1f1f0f373f070f
rbg_000000558421.jpg,a463f447780b1b298897f4d100482f70d709fcb6c85b7b082883c842cd9d2a98,0b15331fbf73df97
rbg_000000558854.jpg,751c5d24f29eaa4aae3f53b94d3c3db971c1f6533eaffe16dc59f827d565c1d3,68690d49cd8f2707
rbg_000000559513.jpg,00133484c9a25d2d28ccc356f65b6c521ca82e0625743a64595479da4d36c19f,96d7c544d88888cd
rbg_000000559543.jpg,6ab54d1e486e59158fdd792e0c529d14eb546a16664acbc67599cba334895684,1fdd9eaecfcd4eb3
rbg_000000559956.jpg,6ab5c1accd150f89bbadf27485c48c15a39088e3f6619a523cb0b6499e460d6d,a3687ac5e1e6e1e3
rbg_000000560371.jpg,17cd49dc9cde113485375a9cc0da039c752d9ad767c93634de31cb00a97bbb45,3bba2e2e2d3a2a2a
rbg_000000560880.jpg,da716b857d3c953c702dd0776e3d118038ea84739890eb854623c31a56f53b0a,4f0b1dedc6ca4727
rbg_000000561256.jpg,ac929454c7cc2758f24d5af3e5820a4d700a97905b5afa4436c7d2cf5d163726,b36389adbcf9edfc
rbg_000000561889.jpg,7e3c8200f4e190a7223c2bb886f8c5514fc4818f69b1baa3be91e02c883986c8,860642431d1f2b1f
rbg_000000561958.jpg,833cb6b570921fb310066aae725dc04158190c599be806eb1fe882de4fee8e88,8cc961dcf93999b8
rbg_000000562121.jpg,f63c3917fa43ed573f7d1e147ac120b1198a3e9cdf57a46b02a19149f581c9fc,0f030f16372b1720
rbg_000000562197.jpg,ecbe85cfbd9d41ad80a6724b5841876e35134b195d116881c550cdf7f61545d8,69e5c8caccadc8c8
rbg_000000562448.jpg,3e982aad07400785837896bf9a1ca3f7a0ba42aad1bce8e6f05093c1158df682,070383815b030301
rbg_000000562561.jpg,934c460ce0c137108b3dbc00c554dd00760c15b20a54b110c79f4b83dacce779,4f4dc4644a678bcb
rbg_000000562843.jpg,29ddd3cfca3df3c26444f1007ba2039ba46aab5a5d9ec42942645408b8e9cfdf,7fe3c1dcc8e77bd7
rbg_000000563267.jpg,303eee066804f003fe6b1119002f60b7d783981b61f43d2cdf22bcce76a82a37,1b87e6e72e495933
rbg_000000563281.jpg,d8d424750ed225b82f8cb349aaefc8e3f7156ca2ead51c1518245d05c63d2da2,e0b1389a9f1d9e93
rbg_000000563349.jpg,c0cae527104995431e0e90c67a0805089e2ccfeabcc968ac67f0c5290b783792,01253390dc36511e
rbg_000000563758.jpg,58e4eefe5bf19a8b359ad532a104adc7f3fd7ebb0ce7e4004b3e555d56a3d9b7,e69ffbf83e1e5e79
rbg_000000564091.jpg,4c4e7f97fbf0f9695f38cd52dc58c7a6f8abb227a0b59695894e254c4852a373,b929f198def15a59
rbg_000000564336.jpg,259fb73d152522fb39114a5f861e97a8bebae0c0c4811f37efa233dd276b4d4f,4a4a4b0b56436c0c
rbg_000000565012.jpg,9e758c0fd349209914833503940369d901e95c71bc644e50b9d14524467ed915,370e4d4d1f739111
rbg_000000565469.jpg,5e870905018a9716605fa429f478188527d646cc62236344a7fef7ace90cada3,9a1c2c2e06131351
rbg_000000565563.jpg,1e6f1e3b345e1a35be647b982ed722cfbcc84683ea463967a7b977b25d177b37,9f3eaaaa6aca2d16
rbg_000000565597.jpg,1d439fcf473ab942f2d90f066de61fa540930b8bbd68d9add73ea9893ee5ea9b,301e8790a08c500a
rbg_000000565607.jpg,e3366c34e1cf236d03219c82b7548dc7198d3f21346c7b364f9d72a94c3c9b2f,855d922645592434
rbg_000000565853.jpg,11678df931f6177def53ed0d1802b2317b3db309392ac7d8433d578c1484814b,8183818787c282a3
rbg_000000565877.jpg,41aec1d4be65badd8942877c66456dcaf834bb6d6b54b4668ad7f5652039d666,2fe7d631c3463f3f
rbg_000000565962.jpg,41ca6651519925af905bc70503ab5ab302146c0f16d6d9fc7ec8d85952c3341a,24173230b8b89b89
rbg_000000566042.jpg,9eee0276629bf7fdce167f100841c3f4f17c38128938acba183b790d2ca8ef41,2b4b4234113ad244
rbg_000000566282.jpg,8194b9a1efda00e15ec8386d9dc78f70055d84203781625fbb17845a356efa9c,1b53d3d9d9cb5b95
rbg_000000566758.jpg,c2548168a658da18c7f19980f8ca53d2564b6378e33d010f3697b808b09e96e3,e46c68a6d0c03d67
rbg_000000566923.jpg,e51432e0639abe0ab3e226d98babe8b6275729e8c2def6cdfe498f86d9d29bb3,2e49cbc8dcfc6c7e
rbg_000000567197.jpg,c1681a31df2209dddff72e3143a3ea143878f4a13654b607a4af5698fd02d4f2,0e3c66cbd7e6acf8
rbg_000000567886.jpg,a1954fe14f98e86a0808229bcc3eba011214ca82b2c3d725822b428ca2b28d2a,9e5f3fdffcfb6534
rbg_000000568195.jpg,0e450a0aa61fb54b7534463e14708b886ae60b7fdb0133587ac30629a3c85ff0,1c1c1f337304173e
rbg_000000568213.jpg,40c2c00c226f5e51a631628e9e27a4b4ca13f4f9b73232608513dae70f43d68b,365d1a0a36135637
rbg_000000568290.jpg,116519cb932504866058215a0cca5e5d03b4af04a71e540db38c5caefb8d4725,290c0c99b9310f3f
rbg_000000568439.jpg,64c1cdcc5b25368e8b522832ffe6e286ec264a32b1abfaa48ee94579f00319c0,6747132b2372061e
rbg_000000568690.jpg,a880d09c5756f5151d26295299ed32a91f8adee7a71034cef27025c312704878,1f3d6d6e1f030f0f
rbg_000000568710.jpg,8d7faf07b27808be169184a0dcc87839379c1bbde2d6742d7f2c4afc077a974c,6462636c2b2e0e4e
rbg_000000568814.jpg,018b450a9f537a3aabeff85e2b1f966c6b0ce512323a0fbfdd6e1264f6c4b7f9,894959dff7d1d8b4
rbg_000000568981.jpg,930c1f0f914bb78c7c687085cd3cc7449e8b47141ad48d724330468a63b7f621,9f87713d9ddfcfcb
rbg_000000569030.jpg,b2d3d4287c0dc942c4b0acc34135c02dac8a2aa4088031647c418ba2fbc789d7,3b1bcc0a0a091838
rbg_000000569273.jpg,162627ee7b73fc1c7c224c4aabb26e8dc3e7b51b44b06cd86b0f182fc246aeec,4387c1c964a4911e
rbg_000000569565.jpg,4a41348021140c4a9d58ce601e3c4f8ae1116c71aac77531c336e6d2d549de48,41c8ccc646cbe397
rbg_000000569700.jpg,b69d94da5fe85e565822f50722969eb83f999af1e044a26a1fb533eff0ce8616,346c22f3d1e9f4f6
rbg_000000570456.jpg,fabe7272f19d1b61303802b7d8183d018a88a9129d1cb028613fdeb7aa050639,3d37233a3030d3d2
rbg_000000570471.jpg,ee74f5c66871ee9453153f11e9b530e0c4562aa10e3ce6954d85b7ed4aeda5d1,6f9fb95559c87139
rbg_000000570539.jpg,adebfe6c709de875533fe7e9c8b94eb0b71b62f7cc2216e1aef5d21287dcab6f,b72b1b3b986d0f92
rbg_000000570736.jpg,735d751a5d15a8d05b7a74ba4fef7ac4afe1c8167e09d5f5c6236f2c921edc2a,4f6b7b3b3d5c5e1f
rbg_000000570782.jpg,534ff00fcd447bda33da7c3ae3074e44df00d2e5fdf5401fbde33f8367bde5ec,93fbeae57397cd39
rbg_000000571857.jpg,d8771d52ba37b5ebfff1a5dee278d11dfed9c4b3e67a19c89e21fc8000a148c0,474b1f67c8c40301
rbg_000000571943.jpg,d67f60187663a457b942a3ed0b14e3397a0c02c51d3a5e8a47b9395189ceffbb,97c68c8a4a9d1413
rbg_000000572303.jpg,60ccbfe5af2b8b57a27a62a43d2c61da89f4935b449ffa322ff060fbf7891971,9f87838d8c818e1e
rbg_000000572462.jpg,4ea4df9f43ef85d3f3ffe88fb95c945ac89b2116df442c3ba30b3ef9dacb6e95,ca422cf2cdaebe96
rbg_000000572517.jpg,91f4d327a8f83c8df2013b0962baf76794a4bbfefe939a7fc2bad545785d0d35,ca959bfd57e73bf3
rbg_000000572555.jpg,7e02fd7f158da74f7e6966355baa4181df1e643877f0f93a413df5a5bd98f1bd,4961a5af61e1a0e4
rbg_000000572956.jpg,f8ef81d3f24b7cecb7cdcc4d69ae76ea6cc7de0b8f831940d0cc28d0f77ce216,1b55513830262410
rbg_000000573626.jpg,71ec645db592393c36812f60f8d1744f2f473679bd3d2d86eeb2c3f732bf7f28,06a4c1a53d0a2765
rbg_000000573943.jpg,927f0d87b928f0eafda8b437a3ddbe7c79f30eb4a61d76f75f512bbb0c35aa55,31314054e9d56307
rbg_000000574425.jpg,136a4dfe1cd5e9e897bd82f9a82568312a75b21affbb7edc98a90a467876b5a1,ccdedcdfdf6efadc
rbg_000000574810.jpg,3fb85285c1c421636230b1223f4f6f296ae18411e324813e14041c7a5068fbf8,1a1033232625200e
rbg_000000574823.jpg,969b78e958e7602472d7904720988199bfd95779746793aba6937e6d7274677b,7e93d1343878d10d
rbg_000000575081.jpg,88eeff06cafc72e0f228da335eb6c50f397eb0aeebf36565e651912aa96f10c1,cfededa52f2d4dcf
rbg_000000575187.jpg,f616c7a8935cc9f0fc38c78d58a7bf64d5f8453cf1c2169ad702c0ccd2d79e2a,3e3e3efc983b3abb
rbg_000000575970.jpg,bc1267d8fd3565af3e1779fec1659d21e62067f70cb1187848dbc6edf4f5632a,0f0647453d373535
rbg_000000576052.jpg,bcd2855bf9a530b8b0ab52345abb01acaeffa69c3516aed8722c84b7769f61bc,9f9fbd2d044ce79f
rbg_000000577539.jpg,e47b41db1c064f91364db5b38fad5c49988854a7197225fb4fde903640ee5e72,8f17236b5f274faf
rbg_000000577584.jpg,9e47eaaf563d2ae9bfebcea80f2616ceb7eaf6c99a0390f0274cfb0068686d77,c67c6c5cbce0a444
rbg_000000577862.jpg,0e1d8468f9c8b96055d2d8123528922e11ee73cd1ad4736bb6d2515822e79e1f,270d0d9d9585252f
rbg_000000577932.jpg,593d4d8a69f21f4821e0bdd1d9f90e77084b31fb951090b549915a986b0633fe,b35b41917037b3b3
rbg_000000577976.jpg,f4a69620b9c578112bdac7b7007aaa75d79e4b77e6b96318aa8b1a7defb3d4e5,1b0e5878780d0700
rbg_000000578500.jpg,7b0c55d345757ae8431fde2b2900ba6d49f27bbf50e19033564555ce5588fd75,4e19b5a9c3343616
rbg_000000579070.jpg,83510eae4283a8d1bbbfdc917574e500f4deb2f2fb75389c966baa532576738c,a28e2647aa2c63c9
rbg_000000579158.jpg,6dc2f95bb3c64811329326a0f6f5855ae59940652534ad77ef047536f55fb1ff,79384e4e3c58191e
rbg_000000579635.jpg,38980dbaeaf8b255b1d771ed80d66cc3ce0ad6540a10139000c791bd790f3862,134b6d276c7e7e49
rbg_000000579655.jpg,ffaf1ae7d7343f7d6e206904c9d9e3a5f248bd4225a18a08144d8f08d7425ad4,38b2727652d68c89
rbg_000000580197.jpg,e3de2e67d44d36afed4cc06bf35aec2b4a7cd3064e5c28c0342c98479ea2717a,420332a2b6929a86
rbg_000000580757.jpg,99039df0eee886265a1aae2dbce6ffa960d3ae8593fa39cc469716bcfdc13176,070d0c0513061606
rbg_000000581062.jpg,9e9faa54a05b4c522a91137a5f18ecc89309b9295d94fb5b1f5db70b79cf061b,00414ecee4e9e5ee
rbg_000000581100.jpg,4c98bc5e3b2445d90a11471c7694812ec9b5d05351e5993dea2f217f70eca2bd,34949431f434e499
rbg_000000581482.jpg,746f096af1cde539f2eba4e4c16dc46e84f424dc0ba1159d9455c4ba913ef098,ddd2612983898da5
rbg_000000581615.jpg,6f1e455c78c4e57658704bffcc11cc5b84eb83b55fe1ad3bcc489de62036bcfe,b2f8d171cc94944d
