name,sha256,dhash
dfneg_AoF06724.jpg,3d575c00fa660b59febf3f7c748b6583ac338171b0b5db0e9d84ea6aa22ccd9e,313cc991e396171f
dfneg_AoF06725.jpg,6143934eb0bfb7b66f6f171d3087d57615d78135c0b48316db53a49064a6ff49,183ed9b9f796951f
dfneg_AoF06726.jpg,abc09c6dd90c7bd244e5f8bffd9980088a269e365b581dc0d4fd1d5c905c7de4,000cfde08b96971f
dfneg_AoF06727.jpg,329dcbc630fe1718c567a7e01bbfea9a8faadf7bbe6f725bd1d407dca99a5c43,3966c400e4142423
dfneg_AoF06728.jpg,7dca1ff6adab6a4a1a579c8729a410d1160e7b7a9c5d9de9f04102d6a7cfd33f,01c3c30303030121
dfneg_AoF06729.jpg,dd47da8fe519a9841165f14cd781eac067a9a4c7e62d4650dcb3f96cebaaecb7,7b787c7f7f3f7f7b
dfneg_AoF06731.jpg,5fce393d298f7f45709fe709aa6a7b55916521be97ee0feb5cd330695655f883,3887c70202020103
dfneg_AoF06732.jpg,a2be8cfb9f21f5b5ca6b6a27e6662b4f5e228063497611cf8f776dbdddfcf615,0343c30303030303
dfneg_AoF06736.jpg,d59f3950efe64000a2708b778c65c8b15d94d558a1cb4e7f96a71001e6d58c6e,3cacffdbb3cf9637
dfneg_AoF06738.jpg,63c03a9bca8e8c70fd401d9ee593e126f3080e6a7da88beb68258094d6da9aac,c0c0200840406878
dfneg_AoF06739.jpg,4a5950a2546e216a7cd66843891b568b2ac2631b638e47df33c43c2e16405c01,21004ec991821418
dfneg_AoF06740.jpg,d41dfac56ad34ce93ceec8f43806c0023b37854b4d3b2971d1f40d95c540f8f6,21404c42f2327b49
dfneg_AoF06741.jpg,64770aed52d5329a025306cffd5b1983e505b6fb5be5e113c3e8384d096ecbe3,c0c0200840406878
dfneg_AoF06742.jpg,8d7967512d60327fd689b7190b8cb75ada15551efde53ee7c25deaecb7956993,27011e5b33337b47
dfneg_AoF06745.jpg,d28c24dc8fae7672eb419e283534c4d90db4fa44dc4f3de13e1b1e732d1ff0a3,00004ec990261c0c
dfneg_AoF06746.jpg,4a0c6a7e362016e68fba3701014e3d3b986bf2f1cf8c94727681a8df799122f6,2984ecd9b1ca9615
dfneg_AoF06747.jpg,087a15a5ecfbfd54132ffa26a43b871c0846cb4c92dbd898ca2b6d925a3065e4,67d6b234373a9f9b
dfneg_AoF06749.jpg,590bd67a1408886e2413505f641033524c845eea9fc20bcd01dbceac18f39750,c0c000a4c0406878
dfneg_AoF06750.jpg,d9632a53ab1bb936ae99a744c86776c613bec92f25330c64b64bb36260c6d22e,29206ed9b1ca9615
dfneg_AoF06751.jpg,8e3985a6019ea8812c2353bbca99f07e3f39d62a7e5469ecc33084aee9dc3ed4,09062509196939b4
dfneg_AoF06752.jpg,7f8797079963f75117b80dcf3aa11256f6ed49961911c8dd893a63b6fd585875,09062589196939b4
dfneg_AoF06753.jpg,369b497f874218cd8b0a660830755e79ef87559471a709adba28eabaa731e1a8,0bae35891151f13c
dfneg_AoF06754.jpg,b2017df149496603b4bf0f51919baa93ba65279902e30e16e5b33076c111f8ca,0bae35891151f13c
dfneg_AoF06755.jpg,7a4fc0ab83989b6b288b6860a4fcdf24da1985cfd4eb5b6c5754647457437114,0bae35891151f1bc
dfneg_AoF06756.jpg,938b9ba63cd20965c7e39da204bc584b420758105aac402e2334c6b468c77951,0bae35891151f13c
dfneg_AoF06757.jpg,2383a937dbe839636c9dfffacd13d270a4e7a9c2794c5a7673728a9829b0dbc6,c307060000010530
dfneg_AoF06759.jpg,61b5dfea15ec297f53cc8982542f1364cd2eb4cd79d301280a0c47cb99bdca57,c0c0000000010530
dfneg_AoF06760.jpg,49b4976f3245f085ecb90278cc60baeaea29333debbbffff83f0b3ccdb20332c,0707670901210531
dfneg_AoF06761.jpg,da058babef12c6986cc0478984efc9ab364f82cb12d088105eb149d633b844f4,0707670020010530
dfneg_AoF06762.jpg,b434dbee934c9637898799b9a397e020b0eeacb21031166d30b156062a326ba4,0707670901211533
dfneg_AoF06763.jpg,e5c01d604939f34fb272d141ad4c37284824e2ce8e774e1df01b99c2650fefa5,0f07670911211533
dfneg_AoF06764.jpg,9b1e55a7f049e161fa31b8f28d02bd8425382ae1cda0773c6908554dfc3d1b6a,3e27e5cc39771731
dfneg_AoF06766.jpg,6d218575448650b2d08930690863c64686d90caadb9cb813502871a60d747d1a,0707260000010530
dfneg_AoF06768.jpg,6ff3fc6af7a05e522cc1fdd5871f58dbfb6c79d75bef115705ab4f8fe804f6e6,0707670901010531
dfneg_AoF06769.jpg,930448f00bc9ff09b3fe5fcc7f797af83fc403f2d7b467ec1c40c14ee2c90926,0707660000010530
dfneg_AoF06770.jpg,8917efdd5f1efe1aa94244a9945c815958aa243947b258330f6171035fe6e968,1d8fb78d196d71b3
dfneg_AoF06771.jpg,6adb7620d0ebbbe6e011f32fcaad4fde403db0ef2b1d907ca2d3e3dbcbf9176d,1d8fb79d196d71b3
dfneg_AoF06772.jpg,8f991217bcb99cf29a773d7b31ba50f9f204d958f2c8cc15e4f78ddee879c11f,0906a509196939b4
dfneg_AoF06773.jpg,b11fed31de641165ba9be932293948c41a7e4dc56826e04997c4a2a300b068bd,3e2fe5cc39771731
dfneg_AoF06774.jpg,4292ed2515ad7bdf041565a38bf89996d2d3418b85c316cd878af16c886dd12e,3807e5cc39771733
dfneg_AoF06776.jpg,8be14d880034dc12a0eaec4eb9d02f52251d5293b1c1706382766d17af9b8da1,0ba635891151f1bc
dfneg_AoF06777.jpg,9b1fd36166c567f6c9f8afe6d80ec2a736ca099a03bb1ba419addb1804815702,0bae35891151f13c
dfneg_AoF06778.jpg,d45e23c0f9954f3caeb0ce17fbdc2702baab08e8c17f1eef52993a48214b0041,0bae35895151f13c
dfneg_AoF06779.jpg,96dc166617f9d39af264cc0bded1f21bae10045e2cc4d454914aea60cac39404,0bae35891151f13c
dfneg_AoF06780.jpg,c78e27aa78fdecd541b196a5b535224e7d7b1a8c9f2becc950e65f897ca1cea8,8bae35891151f13c
dfneg_AoF06781.jpg,2cf0de05ad0be612eeb90f9b1d339a40c9c1c64fcdf4ba82787b7f4c67d285ce,0ba635891151f9bc
dfneg_AoF06782.jpg,db10be49fb7fabb57fcbe389fac566beacb22328df8feb054873349ee0610e7b,0aaf359951d1f135
dfneg_AoF06783.jpg,841eb64c740149292928406dfd3a852826d0663b50fc14db81bbcdb8addd0333,0bae35891151f13c
dfneg_AoF06784.jpg,50185094531b883db0659ac3bf12f247ed0f5456288bbb8e6cf466909d8ed72a,3c07c40001120031
dfneg_AoF06787.jpg,1072db41586fb887770a6e0689375e0694f44e638c042ff7fa6c1497992eb3bd,3dbff29d1961f3b3
dfneg_AoF06788.jpg,040419fa1358fc3a656772039d61a387e22e2026927de4cdc2775582656eaee6,262619595b231313
dfneg_AoF06789.jpg,7eb6554a1894284614d201576b7734ef74463edfe9982cd138cc55746508cfcf,3dbfb69d196163b3
dfneg_AoF06790.jpg,48e65d420666c267925a3b68c4bda8235af29b2afd27876014171f13ef6313d0,cbae35891151f13c
dfneg_AoF06792.jpg,11eabc912c6288779c299411a46abb881c3165192a859d3524629c248739dce9,67f0fa7b3b3b7b47
dfneg_AoF06793.jpg,7d59320c03d2ee8604dd7e3dfa8efd0c1ec5516a6dc27470f46d5bdebe4cabc7,67f0fa7b7b3b7b47
dfneg_AoF06794.jpg,f7ef22a22ef2c2683e3bd955e40aba4284c56905f614edffb4280865270e502b,67f0fa7b3b3b7b43
dfneg_AoF06795.jpg,eff3c407845bcc888c90c5e103f92b2aada927c78c2f5af77566e35acd2e5d06,3866c00040120031
dfneg_AoF06796.jpg,c90a777bbbeb98ab3c803bb494f5299e5e1623acd0335a8448f8e30da7fb2180,0b0f3d03273f3737
dfneg_AoF06797.jpg,480561f03acde201362dc6e80fbc0293336bceaba018eaf6267e811d2256faba,3866c00040120031
dfneg_AoF06798.jpg,4c7a92ea1baaef3b2d5da8c09439127bfa47ff545ef298f4c8320de56cd409d3,2f0f433f1f031313
dfneg_AoF06799.jpg,d5af4cbc8aa29bd30fa8c214d8ff4521afdbd456b89226a55e53e44eedbaef69,3866c00040120031
dfneg_AoF06800.jpg,1a5323ebd3c02ee503df6a854fc3ef6e72c754aa9150273ed578fa5acd2d17e1,3866c00040120031
dfneg_AoF06801.jpg,0b10a2cfcdd8630506ee09a95b216ff7b44b542b52d80d85dc081f829947e1e0,6741cce212527b49
dfneg_AoF06802.jpg,8a28d9e7949d8019334e10876defcf535d53d27617314291437a0c901d03a423,27415e5b13337b47
dfneg_AoF06804.jpg,190870326f7368bd4e8a4566d5a2ed556e837e93494b591e8b3bcdc85649b3dc,3846c00040100031
dfneg_AoF06805.jpg,a7e49e39ec7801d8428fc33335adba8a21eed6949fe911b53fd82e9b030b8eac,27705a5b1b337b43
dfneg_AoF06806.jpg,cfd29de423e534649a7fe5e79dfdf0924ed794d04ffad5cecfbb067683439ce7,27415a5b13337b43
dfneg_AoF06807.jpg,36dea99453085f601319ee715168b8f86dfac3a33a247911859875157e279b0d,030747010b030105
dfneg_AoF06808.jpg,cced47a1a300c780243388023217d8da19f195c3a28a267be21a6b11fda963db,2040ecf6f6f67767
dfneg_AoF06810.jpg,f0ec8c6c7b1357fb1057cf747824b1773b62b645d820a785f4119ac45708b40d,67f1fa5b1b3b7b43
dfneg_AoF06812.jpg,2416495bc998950f0f17662e27712a3b1527d0e51b30f74473e0e61a4ae9abb4,3866c00040100031
dfneg_AoF06815.jpg,9360cb85ce89a0676c5e9d75ca3815a887d4c10c824f32ba594e94064b87ab96,63406c56f2b27b63
dfneg_AoF06816.jpg,32eb2c9548c9813cf9fc1bfba0acf0810299169683eee8e5a7e3a21b321698f9,63406c56f2b27b63
dfneg_AoF06817.jpg,990f6249a5d61977e08c418164d531733f8ade5951474d66812af4dcf78aaa7e,3007e5c839771533
dfneg_AoF06818.jpg,a40c73a712f2865af004ea09840aa54adc1040c66ffdf91e0fd9999e1506ffbe,3367e7c839771731
dfneg_AoF06819.jpg,628246ce06d9d0c6c5ae9dcf79e6df1f671b37236f1191e49f89d1e89987e349,3147e7c839771731
dfneg_AoF06820.jpg,4c699a6603226d4054b1d9391235f6212ed1c05e75481f188809b774565205a4,3267e5c839771731
dfneg_AoF06821.jpg,dc4e6a0ea6ad90284a3b11236533342da2b65a25fca12ea17c009b7bccb2a1ca,3067e5cc39771531
dfneg_AoF06822.jpg,ca44dd3058d673d0b5bcf9604ee5a8e215519f233cb756b9dcb70c532c39ce4f,3147e5cc39771731
dfneg_AoF06823.jpg,c85798f7eee2b193a920794f6b5b184f1be2cc0731ab424e69eb4b81f5ad187a,3147e5cc39771731
dfneg_AoF06824.jpg,16f976741664d8052481f2c251b1843863a56096b47c0b4b0a7411dc6e9db012,3047e5c839771733
dfneg_AoF06825.jpg,387357854bb096f7cdc8dbe7ad98411b596d6050242e3c150c05ef51c7af5ce4,3007e5c839771533
dfneg_AoF06826.jpg,fc6cfab2b0be64c9b26528d3f9081babd97b4cb2191f45e43487adebcbf0634f,3847e5cc39771731
dfneg_AoF06827.jpg,a44d757aecf25ea36b539982e7e1dc7857e50875a83bff7f5e57c4edae74bb28,3147e5c839771731
dfneg_AoF06828.jpg,93711e7411f74b1d83ee3c3fa1d5af9bd62c97be0c47c1bd8ab7139d1ef04e21,3947e5c839771731
dfneg_AoF06830.jpg,f30c557372c6370d38b137d107979c5c646cf8b92ccbf34b6d1d048ff30037fb,67414c5212127b49
dfneg_AoF06831.jpg,a7ee507f2a2e2f525f33ae6bd9123b877ad3b1dd1202b5de0a035b5143c004ce,67414c5212127b49
dfneg_AoF06832.jpg,f2529685e4d4e20dee945befebd4c2e1a3bcaeaf879d6e0e188bd49ed790a527,3927e5c839771733
dfneg_AoF06833.jpg,ea018f3e361c55946d11aa1af60c63a0294ac8f510314781d7ba384f901629ba,3b67e5c839771531
dfneg_AoF06834.jpg,46fd744f308b2618b2ba293305e8f32cfe67cb50d4d7ecfd43404fa2fa248020,3007e5c839771733
dfneg_AoF06836.jpg,dd10a43e7c4a38a330e567fc9a4749b4f5ba152461a5d28f1c67bfdd5a337c68,3b47e5cc39771731
dfneg_AoF06837.jpg,f6b90017826387e852420257ae3454cdcc4e528be12682941b17c19e69129e33,3027e5c839771731
dfneg_AoF06838.jpg,81f46d07fc080813cdf9ca1a2b20c7c3c67cb23701d92a563e558fded15283dd,3027e5c839771731
dfneg_AoF06840.jpg,fbfaf0fa32fb4fc8b56291ea5da54276b9bf60cddfbd50137b2449fcd2ced4bb,3747e5cc39773731
dfneg_AoF06842.jpg,fa1a85aedc10476a1f141d9052b355b8c8da797371e89a9f2cc3e451f4bec101,3047e5c839771731
dfneg_AoF06844.jpg,992499e4f15936712560c9be07f5caa6f6835eea1f014934ec51a4aa48d9ff5f,3347e5c839771733
dfneg_AoF06847.jpg,fd0cd2a9f6501a768e71a270a6fd63ba382910f4eb389ce8bf17c3151f65d90d,67f1da5b13337b43
dfneg_AoF06848.jpg,fc37e295356063ecfc821c16e64bcf9352c3290739d686f68b4eecf56dc57f30,67f1da5b13337b43
dfneg_AoF06849.jpg,d6b765b20f8ed15bb21e98605c62c35130453e5a3e5f81cabd4eb65e22d00990,3347e5c839771731
dfneg_AoF06850.jpg,cf4f1c6951d6837cf75b0c71cbf583b451407562f3795ff549ff4c3ceb308566,3347e5c839771731
dfneg_AoF06852.jpg,b1515b15d64191f420bfaeda9ef1d5a0a2317bb27de7895d2011aa6fb06c382e,1007e5c839770533
dfneg_AoF06853.jpg,c8029117a15632019b251b690b77aeaef15310f90b1283df124b205f768c89c5,3f47e5cc39771733
dfneg_AoF06854.jpg,977ad5d8f06a2163e65bfb8b99d5f9cee50e1ab6f85dbd92148e440954bf0551,3307e5cc39773731
dfneg_AoF06857.jpg,0966d6c3a33b61b1857fe3276a7ca50abaad064a6d216852fa11311d2991b151,3107e5c839771733
dfneg_AoF06860.jpg,2ce35ddfe205900a72003e43b32668f5793aaff4a130072921a2f6969280cf96,3047e5c839771733
dfneg_AoF06861.jpg,1b878c69793151d8e684ad17009b1f2790c3e18a96048717b3ea309e770032af,3807e5c839771733
dfneg_AoF06862.jpg,543e1d1c120597cc4e9b12ece37789306b170ef82bcc63f3e40ddf0d4d7fd3e1,3b67e5c839771731
dfneg_AoF06863.jpg,ab6bbf3779cdae1212104c392f6c2edf2f083afda9838f9cdd8ab1d6aaa5115e,3b67e5cc39771731
dfneg_AoF06864.jpg,5b5b58e535603b398c01ed9b41926a5bd367ae23f8ab1ef7d59ce3f5f9663ed5,3007e5c839771533
dfneg_AoF06865.jpg,a9592e3cbe8edd79246e683d7c2a8e919617df9a9fa4420b6a4121aa2c1ef777,27600c5232337b49
dfneg_AoF06866.jpg,b7e453b1245d97c87b0fe806368b499dd23a44a73d10055e3dd0d0b30fbbe2ff,27604c5233337b49
dfneg_AoF06867.jpg,dffe4604baed083ca009b56ded01811751c22e7982de6fe88ea1f39165da696f,3747e5cc39773731
dfneg_AoF06868.jpg,b69b3f66cccac34386d7286db4b1b0d987fcd017d716bf1d1ac67d0e239eb4d7,3007e5c839771533
dfneg_AoF06870.jpg,1b2e439a6474405cf183ee2749d18737cd64bc99ff388726dcacc2571637b62e,3047e5c839771533
dfneg_AoF06871.jpg,d8e67ba6efd2669ba80019c1afb3e4b5b070f1a00125fb64368aa88b1bb915f2,1f27677f27271317
dfneg_AoF06872.jpg,ec2ab30a08f5ee6055250a17e5b0bfb69c43b80fcd4c9b377f3da55d1a615256,67f0fa7b3b3b7b47
dfneg_AoF06873.jpg,54cfe93ed3f49577e8b765fe1bb9ee099bf677dcf1cc00112e169aeb61380620,67f0fa7b3b3b7b57
dfneg_AoF06876.jpg,6376ba253249d7a05580315de6606d4679946d919758668b1e13cb97edc47b40,3907e5c839771731
dfneg_AoF06877.jpg,d244f3a32494ca20359c4cebbe1080db76c7b39ede16c27f4ce106aca81410c1,67414c6212127b41
dfneg_AoF06878.jpg,d6b449da87a06e1a0987a450b6df7c924ad85c2c768622aad5f3eb8fb5ace6f0,1007e5c839770533
dfneg_AoF06879.jpg,d59d28e474f536f30cf6a7045b1d462d2c786c8df23d6f5e656c840e7b187f21,3367e5cc39771731
dfneg_AoF06880.jpg,388612acbb0630464fb3627f47599e8d6dd2595e511839f2b05e74de156a041a,3c47e5c839771731
dfneg_AoF06881.jpg,97a5e13a133ce7929245a7d9b637df09ad01bf981775eedb34a0a58aabd2db10,67f0fa5b3b3b7b47
dfneg_AoF06882.jpg,f13518b5d8fc3596752495665eae8337f1e0bad05f2694a05cbece1f79180c22,67f0fa5b3b3b7b47
dfneg_AoF06883.jpg,0a4c6468e13b41e2a79c176f69de4aa7388bf02296bc3273038d7dbe4086516c,3047e5c839771531
dfneg_AoF06885.jpg,34a45b2061a3914b82dc28c10b4c21b24ae8ff7c52a1e8d395968a81c10f552e,0007e7c839730133
dfneg_AoF06886.jpg,d8f95108bd2f6eac43fd1e685d8830a31cbb77dac2afc909a70f81e986d28c08,67604c5232337b49
dfneg_AoF06888.jpg,ee72393b0882cae7ee160d3eac6d7575f3840be1177035bb3d32ad02b82c1614,3047e5c839771733
dfneg_AoF06889.jpg,3836c58d2a975ec41d4fede16a6a1d346c5db12cd99af63c4cc62ab85c69f0bc,2f273f3b3b331323
dfneg_AoF06890.jpg,7f2908a1fcbca9c8b1ca5203ac9ce8de6d1aa78693f333fb60a2d4e9c70835b9,3327e5c839771733
dfneg_AoF06891.jpg,66082215359ffc9eea357be369b392f0c18cab3fba56a22b66d5604df37ad9b3,3127e5c839771733
dfneg_AoF06893.jpg,6ad2ada1625aae687d078863d097dba297cae0f40a6f00bd633d3a2855d6364d,3b27e5c839771733
dfneg_AoF06894.jpg,7e772e81ec509bb2fff3528fe1fe34c2e0035085b088b48247d47549910b133d,3827e5c839771733
dfneg_AoF06895.jpg,45c7379a1c5cf61142e69a7123d1b59534e1f7a1c28012b54ff24729ddc010c8,3827e5c839771733
dfneg_AoF06896.jpg,a733c02f3c0899e675a207fa71dee3c2112cd3a5688d2b1ca4c3e1b014996a7a,3327e5c839771733
dfneg_AoF06897.jpg,d7ce1edf58f4c97bc3ac70995e50f633dfb18b879acac014ad1e8efff9b3b9cc,3b27e5cc39771731
dfneg_AoF06898.jpg,e12e1014e14c4f2e630c2d2beba1b36b643e9052df942bfc20cb7250b9e0ffee,3b27e5cc39771733
dfneg_AoF06899.jpg,00f34497f59bfce82505c02f9472336d88b913f2a6cdcaf31d6acf18eccffa48,3727e5cc39773735
dfneg_AoF06900.jpg,c01f1aeb515c292f935f5ff1849c5913117b5ecf2846c2940eed7baf459acaa6,3f27e5cc39773735
dfneg_AoF06901.jpg,f8f9264f94b7a3672a4db785499d7d15721f207f43ab934faf68b6287d5d5934,3f27e5cc39773735
dfneg_AoF06902.jpg,f2dbdb494d098c8eb912b22f7b10644d73d3f6264405e5d87242365bb59d73ca,3f27e5cc39773735
dfneg_AoF06903.jpg,c7383d698aef38809b97b478a8e10d3110bb1a389b94b9ad872f2a34ec10be7b,3327e5c839771733
dfneg_AoF06904.jpg,253382dc2ad7a9e729406b383f2122e299d2cb77317fbca2b6f8fc4da1c04967,2f073f3b3f3b1323
dfneg_AoF06905.jpg,f2e359f2ca480de0e2ceee63e9f35595779dfff5beb721393c4c63bf4df3d7f4,3b27e5c839771733
dfneg_AoF06907.jpg,e908b91ed417375f8c8197cab3199e6a5f11ee1df8f913f1f2707bd7b36163f9,3f27e5cc39773735
dfneg_AoF06908.jpg,18ac6fff266ad30f65d2674ef323b019dc16e41d3221afb15705a0a4e1370dcb,3727e54c39773f31
dfneg_AoF06909.jpg,4e987205119d031e18f3a60add0c44791fe40e7a80631ea45aa44fbd8df2066b,3027e5c839771733
dfneg_AoF06911.jpg,5fcb31eb6a8d446b0fd49c018e328501d59c2090106cc0a477d1f7b7a37bffe6,3f27e5cc39773731
dfneg_AoF06912.jpg,dcdba4ea84262ff0d4214874169fc7a42c3d72f185a54b47f932502a7b235881,3b27e5c839771733
dfneg_AoF06913.jpg,f53f8d9a6c8a1b1cefb43f695bad6a7151aceefbe13d893da9a963ec51fe9977,3b27e5c839771733
dfneg_AoF06915.jpg,82021a47424936e552ff04bed7c15f806f97960dd5d26c16d1cef589875aafa4,1827630922231131
dfneg_AoF06916.jpg,19e72a3f23ed58f989c181dee50b838125fb0fe0f9a393a6ced1d6b9bc87613d,3b27e5c839771733
dfneg_AoF06920.jpg,a5bb2dd11386faf6ce5fbd99536bab9e9ecb9277f373e7df9e13ad0f33e77aeb,3b27e5c839771733
dfneg_AoF06921.jpg,599d36b144d73e67ec857f93e4c8e71ba942fadbc36072c4c8d18751d2c4bec7,3b27e5c839771731
dfneg_AoF06923.jpg,58e62845c88f5940a55002e5e07f191cf97274c5fb22ae660efa3d1b9a3eec66,3f27e5cc39773731
dfneg_AoF06924.jpg,ad6c7bff12e9226ca238e27d8402c3d149bcedaef505288b8cd4b15adc4c4e82,3f27e5cc39771731
dfneg_AoF06925.jpg,ca159759bb004341389062a6bdb71840647bf7c5847a6a016b5f852955a5b96b,0f07670901614533
dfneg_AoF06926.jpg,a90b05aafc1861c1866dd154d9fb0c6befba802cfbdf1e0dc1d40d070b1f93d9,3027e74d09730333
dfneg_AoF06927.jpg,de07267a5d6c75c7d9dca0dcd573db95ecbf287d7d4ae76bd71a423c78514b68,47404c6272327b49
dfneg_AoF06928.jpg,df6dcfbf15df52469cadf9ba33b9b71a8c31229f1e3dda5438b9270e3350e770,0707670901614537
dfneg_AoF06929.jpg,97bea1dd290916b0f8791c602ccb565dafcc9bbe83db47d3058d91ce84bd9af1,27406c6232737b49
dfneg_AoF06931.jpg,1c33ff3a83ff53ba5e591f04e2e63ab3f217c2225e3ad3ff2e45185b8afe4363,27410c42b2b27b49
dfneg_AoF06932.jpg,c865f6064aeffe3c12c91f81f42da05c7474294352737e6b2acd1508caaacb69,27404c6232327b49
dfneg_AoF06933.jpg,8ae2c489f8c818c90096ccf2065f4f8accd7322e3bf310f757b0e440e64dab2a,27404c4232327b49
dfneg_AoF06937.jpg,f1f033701ff374e8b649bcff7a4370e75a9809774b6c8ecf4c009b39a6558f5e,27414c4232327b49
dfneg_AoF06940.jpg,35b5a979211d1a60fc346c4bffc2c5e1361d319b7b44c81637f9c4f6067b5bff,63404c6272327b49
dfneg_AoF06941.jpg,3f6cd2c5055d51d69857d140d1e26dd580f35b27f2ca7a540e5ec11349ee0b80,3b83656902321333
dfneg_AoF06942.jpg,8d7f8212b6cce53d5a4f3832a7949fc441bb8a4f592c275e65ccf71deb772ff7,38a7c70d09730333
dfneg_AoF06943.jpg,bd771b492e023d54f402c5e8f749f71b4d09b3c6588554a3a95cbc65fcf583d3,2741cc4232327b49
dfneg_AoF06944.jpg,8b3509771a1e82e90bd9535dabca1a6d27fadccb504577555f1c763f95823d73,23404c4632327b49
dfneg_AoF06946.jpg,9c70ee5ef6d66c5e6213a9fb59f51ecee28bafc887af081370032a7dbf8b9b21,47404c6672327b49
dfneg_AoF06947.jpg,2198dfb0c08bc8b104464a7706d03cfb688ed52d9b38f5b9b2825a3a6c4bab8d,47404c6672327b49
dfneg_AoF06950.jpg,153df32162f02fb1a552e26b12e267e8638429495dd4b022c5534ebb4f5bd9a1,2827e70d09730333
dfneg_AoF06951.jpg,353880da575dc1dc76c529a83ecb97d30103a4859b1b8ac285ca7a880cce9b3c,38a7c70d09730333
dfneg_AoF06953.jpg,081407b7c78dc4b23099b2e19e42a04e0803b339bea30739ed06d115ebe0f05c,67414c4a32327b49
dfneg_AoF06954.jpg,cc6e8c6698a9366919bb1cb4f1acf56e7b6dc1f16039839523a84bc521444f22,67414c4a32327b49
dfneg_AoF06955.jpg,01c3da7e317c6f9caa799d9e06e88d854987c703bb2e4a4c30033046241495ab,67e14c4232327b49
dfneg_AoF06956.jpg,c56c9db1470506528326a6d32b6ed75ccba6a3d185b51c27977052a9840e9582,2340ec4632327b49
dfneg_AoF06958.jpg,8c4ce758bfcc0a0b110243cff3a4a14ed9972fc7b8c608bbae58d56185b16b95,67615c4a33737b49
dfneg_AoF06959.jpg,992c84ab6d7e2cb5b95243c345d63c1aa727cf69e22f8e0e438d7fd39585be4a,6340ec4232327b49
dfneg_AoF06960.jpg,5924f7734b5d36b7ea2af74b47235878940a75ce31f8854f8c1a273f31b25626,6340ec4232327b49
dfneg_AoF06961.jpg,3364f11e5be3193114aec137a927b75c07a3ce2e48f032444db0711027226fc5,2b83a66802121323
dfneg_AoF06963.jpg,70d15c7c8cd58a741b4cc8766efe302a6c3c6efb2e17a31d174999caabd9ba7a,27414c6672327b49
dfneg_AoF06964.jpg,403da7848dc34308fa30f45db376bdaf9e50d6770944b45ce4b9ff03ccf80223,27414c6672327b49
dfneg_AoF06965.jpg,6bc91d2dc541613d0745c75fe273f9369cc536c59cc7527681e9350bf452b085,3827c7090b020323
dfneg_AoF06967.jpg,8c069dabec64cd6f94731971ff1877404c3ab11439f3c78dda565e89fd3ed793,3827e74809730331
dfneg_AoF06968.jpg,f247173df2c2b6e50f42e0748bd3f863ed5a14ea6aca77fbaa29b844c06fba55,c3c3040000415530
dfneg_AoF06969.jpg,bd8527139bec7a745c02be08eec3b4c0bee68863135e04066a3a6f1753bdb814,3827e7090b020323
dfneg_AoF06970.jpg,91217be3035dbf70c4f3e2eaadafa73143b2a75df16fe8964bde9343fbd4fa45,0f2fe73b1f031311
dfneg_AoF06971.jpg,9d4417f3d152bc49725a9402a0049abc827106b31ec7f2373c46f416411a00d2,2d2763080363d331
dfneg_AoF06972.jpg,e9a6fdd42723547321040d58e13051e3989db97bd8441c3dbdb2f067b4d9a1ae,2007e76461720323
dfneg_AoF06974.jpg,a99b00df47f7593bfcc377af5b470e385c9fe660a3a596ee2380e015aa3353ab,0707670101414531
dfneg_AoF06975.jpg,8cc46b53d168c381d6179b18c03b4d378fde93995c49a6a46ca1523d17344c46,3827c74809020323
dfneg_AoF06976.jpg,24dabce4f4d155f28768a35c3bac1392549b91df1696a3a5febe8eb4aadddbe7,23604c4232327b49
dfneg_AoF06981.jpg,79ff9a32e3a6b12b6bcce426ad20b074f1c59c58eab5323462a7d59ffa8fd9e5,3827e72849020323
dfneg_AoF06983.jpg,66890991603808c4b7f8d8c49e1f912a8d0f0f6af97234266854a582042aa581,3027e74809720323
dfneg_AoF06984.jpg,1f55f7ef7a7b01ad1485453658409ed7f4e4431398e0f7de45a4cdcf3efcc7b5,2340ec4232327b49
dfneg_AoF06985.jpg,2945301b8bc387fe921cf6bf26e7e66083ce39bb216e4374f4ed2cfa83af368e,23406c4232327b49
dfneg_AoF06987.jpg,1a8a19362d58b8e712c06e1b48fd06818a6a16cdaa691f69ce1c3d9e8b0929b3,67404c6672327b49
dfneg_AoF06988.jpg,acc240588e45e7c5992fa5bf1213692f7e686585e32289a36ad4061dc426eb60,67e15c4a32337949
dfneg_AoF06989.jpg,2f286f62fd391aa8910bc8fb8201dc492e1820fc14f6be11213932b8861a7f6f,67e15c4a32337949
dfneg_AoF06990.jpg,b6bcd270b7ee64977d90e407bd9aa873bb256fcf6276f67d9758e1efe6c63396,23406c4632327b49
dfneg_AoF06992.jpg,3a57bee8775c7bdbb69a9937bb3ab977fc596a6a9cd949629eb7f34ca495a1c8,27414c6672327b49
dfneg_AoF06993.jpg,07da6b1a4ecab21f6014fe6e419552aba99bd3fb401d0a1235a97a13d15f22fd,0707670901414531
dfneg_AoF06994.jpg,ce8d6acfd200dc73bbc0516ec9a39e3bbda11d4c3bdca8116d1bbbb5c0976b1b,3127e74809630331
dfneg_AoF06995.jpg,4ab22ba1bd2540d7709cd2a6fe7078dcaa523a2814896d1b3cb2f8876d04af58,1727e70907120331
dfneg_AoF06996.jpg,0ef3683d32f7f5cbdb21add149260332cb3853281d50939fb1fd573a915acb4f,28b06ec9b1e3961c
dfneg_AoF06997.jpg,1003d7896497eb2949c92dc03133047ed0342db7accf89b853a5832bbaac64e4,28206ec9b1e3961d
dfneg_AoF06999.jpg,cb0e40d1cc86f16f16ab1d1a3d2abc1291fd277f73c74bfc731cb584ac5b4a8d,3c806ec9b1a2161d
dfneg_AoF07002.jpg,13595867a53475c991605a6d0e5d91ef583dbde299d2836f5f606b05833c6b4d,21014efefdeb969d
dfneg_AoF07003.jpg,92a1a0dcbced9d10f1be74a9ba26e4924b28faf39a3bb8a90a653d9f3a28b0f4,0007e70906021131
dfneg_AoF07004.jpg,3eedf50e39b8a41949ed32412ae86e6375781eddad1559555f1bd6de1d5d1281,25074efefdeb969d
dfneg_AoF07006.jpg,b29df097c4883378a529be0a09fc1857134c7bdd7b80fedd89791b2eaf670ee9,2c024cdebdeb969d
dfneg_AoF07009.jpg,b41fa4bf8a8c06ba90188b3ada463a506579bdbdf054fcab5d8456c2ea38b67d,2d224ecc96aed69d
dfneg_AoF07010.jpg,3fffd947321d68eebd6d61769b5aaca542ac657be889ba50adf6b3c7f2665f93,20004cdcf0ab969d
dfneg_AoF07011.jpg,b86728fdadd97878802940168713263c9acb49b8e8e55fc139297a5892a71736,00024edef0ab969d
dfneg_AoF07013.jpg,81beb753878dcc880827036ee2997a539700d379e41a4bda2cd18bbc0b3412f3,0c020cdcb9abd69d
dfneg_AoF07014.jpg,2c9deaab16b7b315e15e235682c503bfcaec8a7554b97de7e7851fe31c5f2c32,0c020ed8b0ab969d
dfneg_AoF07015.jpg,dc7a5be792f6e92b9114fc9d7eccb4bdbe854b6f862ede23f74d9d98b78b7861,24020ede938b9695
dfneg_AoF07016.jpg,220ea8c1a00dc85adbd88eb2d61ff2dd083931c66c94602ea77ff156dc707373,24000edcbcabc695
dfneg_AoF07017.jpg,c869c86bb67e020e29fdaad79457c227125e9fd9cbfe0337d9df216c4c72e1eb,2c000ec8918bc291
dfneg_AoF07019.jpg,83ad38947a81c459e36714ccf810eb00514108f3362f624044486b94e33d16cb,06004cdc90abc294
dfneg_AoF07020.jpg,8305de8dda626a279a627be141068e1d4297befc2b73615066a4252b0a32b182,01004cdc90abc294
dfneg_AoF07021.jpg,021e2fbf80880760042137d4555298f53f5562b0b17fd1bd6c3705ec17cb6fca,03004cdc90abc294
dfneg_AoF07022.jpg,3c61927bfaa9e57c7522c9e8dd5f6877464407e46b5a6bb449a3543abbdaa7d7,24024cfcf98b9695
dfneg_AoF07023.jpg,fb8f73d63402fc9b26ab334ee9781123989b3dc125ebca6fd6a796a5d56a3f21,2d005cfff1ab9695
dfneg_AoF07024.jpg,1ea9961b087b9db182263ddc7ed707ff2a136d58a635ee7202454e452a98c6c4,25104cfff1e39695
dfneg_AoF07025.jpg,77148b8095ba792dd775d2171d5ea86f6d0be4efcd47d8900e85b924ca06e596,25004cdffdeb9695
dfneg_AoF07026.jpg,b8d0fda1fb57a27332c956e0dc6cefd0c666faa7fe145affd9cc654ee5e323c3,38305cfef18b9617
dfneg_AoF07028.jpg,226d9287a9866d5c9234d6b92c3730204cba8410b392d30c470fb320f3cca29e,3d334ddcb1ab969d
dfneg_AoF07029.jpg,de39ac6a9fd6d291d7695fa5ec8eb450438f31f7d77af3fdbe291eb625235dbf,3f234fde9dab9695
dfneg_AoF07030.jpg,f94ad028103d6800448c630d94c972e7d53cf09444538a3ba7a0d5478a750291,3f27e71001571331
dfneg_AoF07032.jpg,3bc32154c02cfe4eef83539775744552e6616fb2dc344d33acfabfd1f5e81f17,23614e1e3f727b4b
dfneg_AoF07034.jpg,317418590d8c4780c2641e25ebc6cbf66ec47a2d4853bff4e5ed7e33e2a59700,27014c0232327b49
dfneg_AoF07035.jpg,0b15ef885a8d635d4f77d8f76c0f335e994bc95b02b1b53eb71f01bb45c903df,27414c0232327b49
dfneg_AoF07036.jpg,84867f5f2acdc9265c32593d6b6402766103cff82d7b91f9d1b8a443fff3f19d,27614e1e3a727b4b
dfneg_AoF07037.jpg,18126e22ac806a45a4663bad256d5edf852656e53e2b40fefbbb389021a22ce5,23614e1e3a727b4b
dfneg_AoF07039.jpg,b1cca63288fa70b52aca49b6b49498744fb28e29f147d4f1bb3c298b6f231733,0f594cf212527341
dfneg_AoF07041.jpg,516943acb0e975e4bc7481c30e6cb8aeac6fc90613f8e647f6009cb93b902d07,27014e5e73f27b7b
dfneg_AoF07042.jpg,a9e80cc3a7d2775d06dcd306ab9a86442029e6373adc4019cf087f784ade8617,21414e7e73726b4b
dfneg_AoF07044.jpg,45d98c52914effd5c3cd465e1e7e5d5e40b06a5900c20bbf2cf987e82bacde61,27014c0e32327b59
dfneg_AoF07045.jpg,2c3a2b7b5aa3dba6c54dba3b62a703865b774b7142471e418af417718cd9ade7,27014c0e32327b49
dfneg_AoF07047.jpg,bf069f72770b5db63c2cf1d2baad2097a9729900175d2a524d1a87eeaae7d1c1,1110e4c303535361
dfneg_AoF07048.jpg,f27beec87f8f79263da7c87256ea0cf82bd5c779defee2ef7c3d677f9684dea1,27414c2632327b49
dfneg_AoF07049.jpg,45dd6f70e593a6a8c113c8caf7a7d08709e80ab7860bcbdd688c00c22141b910,23414c1632327b49
dfneg_AoF07050.jpg,759b28b9d05303ce66f87919a2068cfb22ec6ed394f6d100d7f69a691d0b28d9,01000e3e32b26b4b
dfneg_AoF07051.jpg,1025b074a58cf0bce7246a78575f01fb96192b235e8b733dca9169685912051c,14004ccd91a09615
dfneg_AoF07052.jpg,07df6dd677282fef394d61b280d080ba5684f61f2fc508d03ad407596c78a40b,21610e7ef2f27b4b
dfneg_AoF07054.jpg,a538e762b7752e4435c09a0bb34c7d011f483947ddd19cb7a998246a49be78ed,14004ccdb1a09615
dfneg_AoF07055.jpg,367a00729988d9c8c35f9cb48b71d473e0469090092a4805b49cb111761b98ba,3927650809762331
dfneg_AoF07056.jpg,61a4e450628c2917c384bf67fe0de306703878484bad7ddb5f0c3aa26666f959,6751ccf212127b4d
dfneg_AoF07058.jpg,4353704c00490483a7a485e4ac7913d32f5b667145eacae302ee67491e66c207,07014c0232127b49
dfneg_AoF07060.jpg,b9c1ef19653129941ea097d3909c81a129d8cbdd2417f0ec691c490a9189ea25,2540440632327b49
dfneg_AoF07061.jpg,b5c41e32c58ef437d9420e2f584d8174006fe3759c14599e7afc16639fccc93c,b0c0200000415530
dfneg_AoF07062.jpg,40301b0c99d57e83dd356cf8a8bc4bb6fbafaec1b9f5536f1c78cdef3b14a7ff,21614e1e33f26b6b
dfneg_AoF07063.jpg,240b389578a0a44422dacbce9084ebe8cb6678615248353d5e62623b270bb5f4,03414c0632127b49
dfneg_AoF07064.jpg,8a2932056db45e5afda29e5b127dc2b01a5ea81c6763328635067820a009903f,2440424232326b51
dfneg_AoF07066.jpg,9c10196c1303994508aff18790ed03473162034f28d95e3cad73e9f18e783b80,0101061e72f26b4b
dfneg_AoF07068.jpg,b77281e347a7912c9c1253cdbe3cb73daacceff38ade05a70f65390088487b45,597c64c603535b65
dfneg_AoF07069.jpg,e85b26be2ed6ee33746fe4e126827a262e1e8168ff78976ae9dfe5c09653472f,595c64c213537b65
dfneg_AoF07070.jpg,f5ebfe0f1f595fda17ef25428f4b6c32baa69116466dc1d50b479b01fe91363a,214042c232326b41
dfneg_AoF07071.jpg,65ec1cebfd69590fce0a4201db8b7811158934ac65c495aec9564e7812f46145,21404a4a32336b41
dfneg_AoF07072.jpg,f2863a40e3367efd4d5420ac15e5d62c4aa61ba1a52d16db0706848412c71df8,21004c4c72b26b5b
dfneg_AoF07073.jpg,0800a28e35d24bc26f65cec00a2469036adf1244703f98d3b03d0ce85412ba80,2340480232726b49
dfneg_AoF07075.jpg,40798d1ecc5ca3861011bf47a7b85fa41631ed36ba9f269951b203858aa4e7a0,3b27674c4b521331
dfneg_AoF07076.jpg,70e2e25452d4c55e6c7b2e6275e83810266ed2af923785ca9a816ec6af87d861,04404a4232726b49
dfneg_AoF07077.jpg,139d2968ae10289dd93531aed329aba5a48550310f6c34f519b30ee4619a367b,5d7c74c313535365
dfneg_AoF07078.jpg,1be5f339776b33197ee5f7daa31427febf19a849e08ed9cdc5c20e2d537554a6,6751ccf612127b49
dfneg_AoF07079.jpg,13c6cad44dba5348bdef4c42d6a39662f71bec4b7b64cfdd0d40cde7e56ac2f6,2301440632327b4b
dfneg_AoF07080.jpg,af3152296e97f13f2c2ec94246813b9a6e1cfd169e5e71eb3489cb34db602ae4,191ce4d213937b61
dfneg_AoF07081.jpg,803a764db1a158236f5ee1b08b80895189c9511e863fa30a63803f5d24400286,8f4f4e6ecbcf0f1b
dfneg_AoF07083.jpg,850684973d5ef35e025d4b07778691d26f0830b785bee3c3cb1379a88fb04c87,8f4f4e6fcece0e5e
dfneg_AoF07084.jpg,7e596f063d4fa495a15a24c13ab4f50cb9f9ebc956ec5e729b1e4cd025021bae,8f4f4e6fcece0e5e
dfneg_AoF07085.jpg,753b8587cf12fdb08e59a59bff5a176333f64ac7d2e816a107f93d6b21252892,8e474f4fceca0e1b
dfneg_AoF07086.jpg,b744ba9d77eb6091d24cc1450bc3557ecc15ca8e8573392a9a8517e78b5d8ac8,8f4f4e6fcece0e5a
dfneg_AoF07088.jpg,fd24b6cf4673110d4a0d95f4d9fbbddc0824111d6d303872c71e7da8010234f1,8f4f4e6ecece0e1b
dfneg_AoF07091.jpg,2a239d8f2d64743bda5b611e30191c4c5dece90de8322493ce4079e03e40040a,8f4f4e6ececb2b9b
dfneg_AoF07092.jpg,7399aeb4509bb83d82b19da8935356dbd88fd300e14e4b2274af3d8fd8d522a9,8f474e4ecece4e1b
dfneg_AoF07093.jpg,1bab7c12ea2f0eae5ffea7951b4d0920451f56d4cad454678a22e79865934548,8f4f466ecbcf0f1b
dfneg_AoF07094.jpg,0064fa466d52d97d09d721b4c086e7875e49056f1c6cf2b48aa2e8c072a9ef54,28a7e70c21720333
dfneg_AoF07095.jpg,612af336a388a6fd8f5598bc9f0089ab7ece66d4dd6c582d439f9a757c2e5d07,8e4f4f6fcecb333b
dfneg_AoF07096.jpg,5e42af66fd74a50ce67d7145860e7dc285797dd41a86e2aa9682ca4345bb3bb1,2151ccc612527b41
dfneg_AoF07097.jpg,641f8b2101780d01a8ae700a276ee3968eea4c1902d70857ed41ade6defadb31,2351ccc612527b41
dfneg_AoF07100.jpg,a9c48e8336047dd4245ce9fbb7740c8d2e291df3f14d6940f4d72aae26b357a4,8f4f4e6ecece0e5a
dfneg_AoF07102.jpg,6a85c15d46b6d4ebf63066e808690f1dec3274db38aac78e5c7c8218f6160383,8e4f4f6ec64b2b3b
dfneg_AoF07103.jpg,07f485752092474f1f930120f54bb223184a80a00ab0f08470d1f1e5eb63f913,87074b0383430303
dfneg_AoF07105.jpg,0516f8a25d66b6807ce867d5df99cff2d0738412854faa79e19578aade044bb9,87074b0383430303
dfneg_AoF07106.jpg,15a63d1b6d85e23bf07e3ca985e54f2ecfb5f46b665f5f40a859d79ba5ccfc63,0107650809761331
dfneg_AoF07107.jpg,d183600ef7135581bced77bc492f1e9cedafed4064c617fe8339392c185b1f1f,8f4f466ecbcf0f1b
dfneg_AoF07108.jpg,a516d91e06cbf4c00f6950b934813610c0511938fe5f89529ee863b366e22de6,870f430383430303
dfneg_AoF07110.jpg,e4cd3118a4abc95147531e29d17cdd620c07ef4b83efc2b4c60227cfdb6152b9,8e4f4f6fcecb2b3b
dfneg_AoF07112.jpg,42cf0160024f1727ee039ba8ffc3365f4911e1a4cfe108b4eb885981cc2675a4,8e474f4fcfcb4f9b
dfneg_AoF07113.jpg,8d76c81b0a94ae393248e71b89893ce690762adf7a3d070f9debf6e24504dc46,870f430383430323
dfneg_AoF07114.jpg,d0abb25b7292a42ef2aa2d8156d3468208dda4c6dfb3fa15b8d77a84aba50487,240d5efecdc9ee97
dfneg_AoF07115.jpg,0a2c5a944a376f222a585d0c4a9e6b62c00d00ad8ff5ac2617c42633d30b3523,8f4f4f6fcecf4f1b
dfneg_AoF07116.jpg,1157c11a410e980e92260fbd87fa50a310d7c7404ad30fd13ff0cbe8f7a0042b,8f4f4f6fcecf4f1b
dfneg_AoF07117.jpg,6db1d10c0d926b3fc3258faa846471890ae93a3dc0640390fe0e674be89c774c,8f4f466ecfcf0f1b
dfneg_AoF07118.jpg,53549d5fbc46a1681a7a28700393328812871fed402475b3064e8c5627687957,8f4f4e6fcece4f1b
dfneg_AoF07120.jpg,c0dda2fc46bf49370b4d3d87c96b63472b6c9736bdd8642de4a036828e0b2c5d,8f4f4e6fcece0e5a
dfneg_AoF07121.jpg,9ec9eda807fca988a31c1e1c896a0dd3659426f57d3c95a5287a12f88cb9bc58,8f4f4e6fcece4e5a
dfneg_AoF07122.jpg,06e48ee4b04c38224939ae2817cbd07fbad54b471d2e2ec1ce25c459c11415f0,870f430383430323
dfneg_AoF07124.jpg,7f99935d93098138878963d0eae765b707146045b3b7e09ad769ebed258b9227,8f4f466ecfcf0f1b
dfneg_AoF07126.jpg,29520d592ef9eee78f98e98c05e5cf636671aa16eda732bf64ab4eac9eb4cafe,8f4f4e6fcece0e5a
dfneg_AoF07127.jpg,f57b5487d5f8125c7639138dc24797580bd2dfc09fab373a95e7e02598662f4a,8f4f4e6ecece0e5a
dfneg_AoF07128.jpg,0418237a007eba11e587bda5b678148b43ed299c8c7da24fe1bf16aa7da03a30,8f4f4e4ecece4e5b
dfneg_AoF07129.jpg,2ef92a3d978e67b6c03d9e2ef95b2ff1c784c68cac219acb1424342602c7182e,870f430383430303
dfneg_AoF07130.jpg,93df3ed15311d0211e3be9f3ce3123c7c0f2abff7c0b0c7e5129b47c7a924484,06010ec880808000
dfneg_AoF07133.jpg,efbae0ba5c043cf60ffcff2a60f262ce1af510618ea48624602c7736eda6f67d,8f4f4e4fcfcf0f1b
dfneg_AoF07134.jpg,78457350f90dbd6bfbb962c32e1dcd4b9fbd4cc2f5adbeabc0884dde84212150,8f4f464fcfcf0f1b
dfneg_AoF07135.jpg,872e470617e57802d8cfddc9277700e3eb0c8d979222866291c70d64436f18cd,3fefe77f7f7f2f31
dfneg_AoF07136.jpg,37b5c6839ac7ec0e98c3c7cbb9a85ccbd93e24b21859fff26020b5715dcaac18,3fe7e77f7f7f3f31
dfneg_AoF07137.jpg,2fff49ac68074ddf52be37cb523363c6805cef9ef6a02eb3f43cae3650637c7c,28a06ed991c39617
dfneg_AoF07138.jpg,3401eda0115f991f3b48fdbc604392889d5c8bfce8ad226fa3383592dbf52362,28a04ed991ab9617
dfneg_AoF07139.jpg,856c321af0d79104b4949642c61dd1e6b5143612eca50ad48dd1f91f8fc20b59,0e47e74829721333
dfneg_AoF07140.jpg,cb3b25ab583bb3c71a9e096d8dbb8aaef6ee9bdba9a0846918b938f3d8bfb4bf,0e46e74829721333
dfneg_AoF07141.jpg,402b1205466558033ef7b2399e5a0018e496183105f7a967b7f560d5c3430bcf,3f27e74c29731133
dfneg_AoF07143.jpg,a5c5d0bc32fb31169455075f37cc75106b4a23da9070da9c53336a5b1894a610,3b27e74c29721333
dfneg_AoF07144.jpg,e3be1079c7a7606ddff1fc8fb0480bbb3924a2fb1bb890e1abb207c3f85e93c6,3b27e74c29721333
dfneg_AoF07145.jpg,d21cdbc76306812e6335e90db8952dde4093bcd85e7fb4fed6842b1547d15fc7,3b27eb482d721333
dfneg_AoF07146.jpg,6e13aa4505f4f4a4cebb9cb58a2ee40a29d80781b80a9790834fc3842d15e177,3b27e9582d721333
dfneg_AoF07147.jpg,a6f741d65381c456d79cb6f4f4dfa74098312360bcd91de39152c99b6088ad81,0b1f0eff8f0f5f4d
dfneg_AoF07148.jpg,a7cbe63293a725d42163e928efc23967da626b61a67f21a8ff0b8040be711a37,3927e74c29791133
dfneg_AoF07149.jpg,816e81737e71c9215c61f71ed4a17d56e666e300226d092a1da6cad9de362127,3927e748397b1133
dfneg_AoF07150.jpg,04907e7612226acfc8968ca5f03c6fd7f35d12cb1b414a4732b2384074077736,3927e74c3b721133
dfneg_AoF07153.jpg,191141005c78556e9299a6f8ea49ab4d4ab8d199f79c501a8c0a0710d8d1f25a,3de7e77963169333
dfneg_AoF07154.jpg,30f3daeeef63c089315ad469b7d010e0d6e85f4aa9f1a6d15087c70878be21b2,3de7e73c67339333
dfneg_AoF07155.jpg,9208ddf9f96eb718b8119db993cb5cbdc62773dda41df7bd7518e1e115e45ac2,39e7e72c6f371333
dfneg_AoF07156.jpg,230f015b102d62d79e7f50222a892f687b96c9b3f11a8e86fa2ecf551c8f111b,3de7e76e2f731331
dfneg_AoF07157.jpg,16c6187b6a59d87907548b8b1e2b5be25afe25ace2a417d8698577fbed817701,0867e72e2f431333
dfneg_AoF07158.jpg,0598aa7e65f18eb6ebbb06be747b61c3461c97a98de315ade32705b072348eae,1827e72c2f531333
dfneg_AoF07159.jpg,d8db6e3889a65e0373dedd47cc45b49b0b77df35a42801af2ae656ee6f93888a,1867e76c2f731331
dfneg_AoF07161.jpg,9106308ac06b24902b489075cb4b32e3f9150bcba92efdb161ef7569ba774818,2947e70d07631131
dfneg_AoF07162.jpg,247f236a9571538b3f8726f69ec1d9f74288ce2c68d7a4bc6d44e051b7f7cd9e,2907e70d07630131
dfneg_AoF07163.jpg,71264833e866a9e78691b3162dad80b3f018ba94f2a4e8a9c1fd734ab0990dd5,2907e70d07731131
dfneg_AoF07165.jpg,d68d1cb868b55df64a0ddfdca6ae9a2090df8f552d9e1e32151717c2a2e01cd5,2907e70d07731131
dfneg_AoF07166.jpg,e91f26517421a6ed5812e3504cfd0d61a81baf82dfa064c9a89884e62ceb6133,0907e70d07731131
dfneg_AoF07170.jpg,76cd484d7e50aa1000197d798bb1381460ca0693e48190c3ff640fda239d473c,3b27e70829731331
dfneg_AoF07172.jpg,02def277d2cb918970461734deca06032d903a37eceb3af0e4856c41cceef0ab,3b27e70801721331
dfneg_AoF07173.jpg,3aa190f493259b156de58a702a6573946ccceb3bccc79f1dbe88ed5eb62ba7a5,3b27e70821721331
dfneg_AoF07175.jpg,30c96bc18bc7d8491dfc6fd05b37d39e4a42bc2b768fb60b2aed06af0f8d01a4,3b27e70829721331
dfneg_AoF07176.jpg,262733d16eb797724261887053810ec1351f27c0ff697903148b17faac35d166,3827e70e2d531333
dfneg_AoF07177.jpg,153330ce48401393ebf283925c1614c284e683398a964fb8ad10c3615a67e63e,3f6f1fdfbf308848
dfneg_AoF07178.jpg,107041c34b6b79225cf54ea4e8905e801e2b60c3ab784e0bb6e1030942684d71,29277f6f7f3f3f37
dfneg_AoF07179.jpg,ef51d09669592316ac434b3f00459e25a3694c37e8842e238c3f4fe172138532,29277f6f7f3f3f37
dfneg_AoF07180.jpg,02d3635d8374764bf2ed932c8cf8ca1b49f149ac1965088e11d9b4927fd8e94c,1686e70c07421131
dfneg_AoF07181.jpg,51134dc2fc8e7ffefbd7ae7634c4a05909105e8a8a5b1d9991230f2d29bf9ebb,1686e70c07421331
dfneg_AoF07182.jpg,cfb735b551c29759706dd1bc3579064235d65d937fe31056afcceffc59fc6a04,1686e70e07421331
dfneg_AoF07185.jpg,a5a17faa34095ccc383f666d47c7b9f9db756dce9f1ff0492f2a0d47e771f26b,2e27e74f2f721333
dfneg_AoF07186.jpg,b858f93ba4f96b761ee44a8cd5ce8d15d05d58e5f2da5492833aa9e22122619f,21404c4632327b49
dfneg_AoF07187.jpg,9d0ea710c73d253cff5bab2aaff5f4afb293b7e432548e5678b4c604d2a6d2f9,8f4f4e4ecece4e1b
dfneg_AoF07188.jpg,72bdbc1a32f517d06d920bda2acb4d19acef846f482e2b05bb3fbf765c604ea5,3f5f1fddbf308888
dfneg_AoF07189.jpg,ca47d65002cf1587ab999fd7bfebb00ceb629614bf244b5435f1e42e3594dab8,8e4f4e4ececb4e9b
dfneg_AoF07190.jpg,052cd0e9f578763191a402c91803ac8ad9656f35d1692bfb974c5d1cf96438ee,8e4f4e4ececb4e9b
dfneg_AoF07191.jpg,1b7a3fc26a62c15c5265a80b4d6d559c49784ce8a8e570fc8532acbfc8d75139,3f5f1fddbf3088c8
dfneg_AoF07192.jpg,973cad5e2fa1c3d71934546f66940b0fc80195c9b8b09f7a82c1b0f37f558f69,8f4f4e6ecece0f1b
dfneg_AoF07194.jpg,8d7336d7cab2044273e86717bd7c0020ad980751fa3eb1a709ea5b3862df6f25,8f4f4e6ececf4f9b
dfneg_AoF07195.jpg,272814bc2dd8b6493146dc0d7af79132c060fe6271e0f5f39a4ebca4633c6fcc,3f6f1fdfbb208848
dfneg_AoF07196.jpg,4b4eccd624cff77b8f0ed5994d2539bb2b4c46346f7dfd79a8f903c442d86c5e,8e47476fc7cb6b3b
dfneg_AoF07197.jpg,dbb62954b57c4ca97646e1fdb34eb195b81ec34764fbfdb62c17cabcf82c3999,8f4f4f6fc6cb233b
dfneg_AoF07199.jpg,bf61228b8c5ebc4205e39e47998599e413f0abfbb1617d8e5ca75dc18af99938,8f474f6fc6cb233b
dfneg_AoF07200.jpg,3f61dd30848ffb6897f21fbaaca4c95d1b7cb84d7f18209a752907b9f37719fc,8e4f4f6fc6cb2b9b
dfneg_AoF07204.jpg,c3abb1dcc1b798cffb07be13c9c6fdd9f8140cadd330985ef78f51876ad71dca,ce4f4e6ccecf0f1b
dfneg_AoF07205.jpg,9fbeb51e02195e2441b54a366c81387d7165f028060b9129f9d1fa5685f2e378,ce4f4e6ccece0f0b
dfneg_AoF07206.jpg,f7cde41170f75d79da40b7a508e48728e288cbd40b3c0d6c00d4efbd020ec11a,8f4f4e6ccecf0f1b
dfneg_AoF07207.jpg,41d98636053b8adb881d4ebef97cbcee73da889400e0215e4b09ad5c7985ba08,8f4f4f6ccecf0f1b
dfneg_AoF07208.jpg,3615ae05486308f58775d37cb07dcd6f4aeeb62636b4bf70f17b49d35af93bd2,8f4f4e6ccecf0f1b
dfneg_AoF07209.jpg,c4fa2cf5f0a47f64d1f404851df83ea6226590f80897e0308acefb105fb8d427,8f4f4f6ccecf0f1b
dfneg_AoF07210.jpg,747f1da7f5315e65ad5863c3c4a8733f119b1dce5afdb83956237c0098d67a26,8e4f4e6ecfcb8bcb
dfneg_AoF07211.jpg,a492aa29eb64907d08e8b863e2ebc59b7eabc56c2cffece5439f4bb2b4fb033b,8e4f4e6ecfcf0f1b
dfneg_AoF07213.jpg,b41657f6ca8d85814fa5b5cee1d229ce75de66a810a559f2df8f529a291a6f23,8f474e6ccecf0f1b
dfneg_AoF07214.jpg,2e1a99533e8e5028ad707c88aeb400e1b44e903488bf522d2cc3b47203c742c5,0f0e6ffffd3b968d
dfneg_AoF07215.jpg,22e410d7adec547e3fd41c4c4f8982c57603288b3806b27a260e0011695f94f3,8f474e6ccecf0f1b
dfneg_AoF07217.jpg,cacbcbdf1f8f2d8aa753e7b6f2c8ffa0b33c260d430d1c48dae8988ac83e4a0c,8f4f4e6ecbcf0f1b
dfneg_AoF07218.jpg,96c4c6d3cfdb32d3b89075b0d9944f3feb9774dc0765960cb98567a48ba9ae1a,8f4f4e6ecbcf0f0b
dfneg_AoF07219.jpg,dca1e5779fc4115ae81509f922d9fc02229bd39ece776237589e6721eda437ec,8f4f4e6ecbcf0f0b
dfneg_AoF07220.jpg,8a4a822806740a9c0e3a0bfde4dbe91feed5366af14637735bb091d6840ff2e3,8f4f4e6fcbcf0f0b
dfneg_AoF07221.jpg,faca106baf0627f01f910c1b606fc36e8f62b8a3deec2624c663dc493dc2b8de,8f4f4e6fcbcf0f0b
dfneg_AoF07223.jpg,9d44d2453c692f969f72f0f6a8fee262604a4e3d5eeb174d757596b46806477e,8f4f4e6fcbcf0f8b
dfneg_AoF07224.jpg,e8dd8aff24253e78a9f358f67407e3e700f9b82e0a1be1738f978a36fcecefaf,030307df990b1715
dfneg_AoF07226.jpg,fe5451b5b25cd5e391ad4819e683cba3ac877a4f8d2cae89bfbd9288ef779b10,8f4f4e6fcbcf0f8b
dfneg_AoF07227.jpg,5c8682c8f5e9460e7af943dc8092c6159cfccd5e68e0e84a42318db57a33966f,8f4f4e6fcbcf0f0b
dfneg_AoF07228.jpg,c6cf19f4f68f77b98956efe5ae17892ce934fba98257f9aeb4d51e7a6b39ba58,8f4f4e6fcbcb0f1b
dfneg_AoF07229.jpg,d3e4ae0c3b34d95bab8867fbf17b547e88dc79e905224656312e3f7f333d355f,8f4f4e6fcbcb0f1b
dfneg_AoF07230.jpg,2c5a4ab6836d652d04063777318956d1cba14c2b36e136334a98477dbbb4f547,8f4f4e6fcbcb0f1b
dfneg_AoF07231.jpg,b06c16cac09d081ab0f57b6b9edd0cabd2924517363db6dd3233cb7190229d4e,8f4f4e6fcbcb0f1b
dfneg_AoF07232.jpg,3635c9d03864d547fbfa20d36f844ef47d3dedb6f2e57becc2485ff2f1f74f47,8f4f4e6fcbcb0f1b
dfneg_AoF07233.jpg,a11d1f9894466a791b0ae9a9dcfd9b233afe9a6bdf32cdc20680f76a842924e0,38386cddd9fb9695
dfneg_AoF07234.jpg,a9219eceea9e1cd9ec6e005c25657f7a5382ced7d8731e9d20ee9e3fa106baff,8f4f4e6fcbcb0f1b
dfneg_AoF07239.jpg,70f7f0af33a87e7fd271e68f21c4153743d62ea7c76fbe0905b373ced7c20ca1,38386eddd9fb9695
dfneg_AoF07240.jpg,149366158507431505400d31dd429dc0ea2faefea8db75a16d8194d0245f3716,8f4f4e6bcbcb0b03
dfneg_AoF07241.jpg,6b80b675120879f9f71bc3ccdf6082a5f4d74f73613a04a67ab6d7535087b7be,8f4f4e6bcbcb0b03
dfneg_AoF07242.jpg,9c92e12fde8353c9a095c1b54a9860a50144edc51e375bac0271219b0d766c7e,8f4f4e6ccece0e1b
dfneg_AoF07243.jpg,fcb74c8d4de714912c8a90b56fd72a0803f647ceca42f9c54c7757eec1ea26d8,8f4f4e6ccece0e1b
dfneg_AoF07244.jpg,26f97246b35e9940441eb6ad4d8304c937dfe7cd156a1f858a552f7591172a80,8f4f4e6ccece0e1b
dfneg_AoF07245.jpg,3ecf4d08885071b5c36e79306513de124ce1923fe1cf5d713f8023adcb8357f0,8f4f4e6ccece0f1b
dfneg_AoF07246.jpg,a474dab149ec467c393c771ab485a9905fae1785bf9897bf1b70427a59623534,8f4f4e6ccece0e9b
dfneg_AoF07247.jpg,9ca13d28cdd71593b5d7d8d3dc13d124e67831f45ca55f2c81311319facef568,8f4f4e6ccece4e9a
dfneg_AoF07248.jpg,0a366015811411c76cd88066be2eeb4c4256725334c85be7c12e93449e9dcebd,8f4f4f6c8ec61e1e
dfneg_AoF07250.jpg,c61e2d9413f0088e06021e0193a105588676b2e244a8c52039594e31c9bbe0a5,8f4f4e6ccece0e1a
dfneg_AoF07251.jpg,24a728995817fb427abb0ec5f802e711546e698d3e6172d377e3c80660105f00,8f4f4e6ccece0e1a
dfneg_AoF07254.jpg,867582f947e852faddab5d6943b3786e7c8791aee6d0350a8120f1f6c57b426a,3b2fedd8f9f3ddbc
dfneg_AoF07255.jpg,27386d1d96d7128602663505bfe16277d96a3fbc5d18dd417e3a6811c3748208,2026edd9e5d3979f
dfneg_AoF07257.jpg,a08b81c35f78bb0a4971c8a9ece706c519b3dc04000a1525d3902d344da8b67f,200eecd4a092181c
dfneg_AoF07258.jpg,8a2a054fa8a3d364c9524af961870f6f2a612041e9605866bd628e882f270154,312eedd89dd2dc9c
dfneg_AoF07259.jpg,ad437b5a3e9097e59b8d6c5eb8cf013c114eb8a685fc202d5c09f2768432c005,46c50b803c4ff1f1
dfneg_AoF07261.jpg,36a2f478e31b01c675392c1aaeaf85c0debba0e4d256d3da843320e14c6b967c,2c204ccc80899203
dfneg_AoF07262.jpg,7e5e5e460f787ebd60773e19f48eb7a8751180a77e3ec9f4f17fa55e62363394,070340001b4b3224
dfneg_AoF07263.jpg,6a39612d27d35030edd4e7e0c4c54edb1517e67dc5c4e0e56d998015dec75cb9,070340001b4b3224
dfneg_AoF07264.jpg,29974f51fa50210ebc06a67259d35d68680b533cd1f7ca7d28a802eb18c0c561,0f0342001b4b3224
dfneg_AoF07265.jpg,82c667036087ebd0a706c7a3f7a047281a4ec89effc25eca29d12a748d26a7a0,0f0342001b4b3224
dfneg_AoF07266.jpg,09cfadf1f946d628115aa661566fc95ca359af5e5b7826c06edd4c1736799d22,0f0342001b4b3224
dfneg_AoF07267.jpg,3c59c8f1c7ecbff1612e627322cf65a72318e43ea68cb6492bd97f98a5a30bb4,0f0342000b4b3224
dfneg_AoF07268.jpg,6fc220f526c05f73d984862ebedb869cf7b05621d641a1d69b3d87a20ebdc40c,2c224ccc8088c287
dfneg_AoF07269.jpg,07d0d586c7d5a6d5254f84e02655a714d45e53160c32e283a755e65c554dd5f6,0f0342000b4b3224
dfneg_AoF07270.jpg,8339f6b7ec609dc2830c92e88d0d12dc772af41ef69a2352698dc68859a749b7,0f0742000b4b3224
dfneg_AoF07271.jpg,4d8b3a8e662b6dfa051c1fbcfb8b2cd4112b0dad56ecc416cbdb4c19e2821a4b,0f0742001b4b3224
dfneg_AoF07272.jpg,7053e9789f174274d47a78a8c7d095ae4ca74d6c7a87fc8678434046c60ae7ff,24336cc08080c002
dfneg_AoF07273.jpg,e5f17a3448d9781e299251a812d3b87da0cffb7ed51b7bd9450be7f352d0d05a,0f0742000b4b3224
dfneg_AoF07275.jpg,9e1cd1563fce5c2ce0c1123bef5c1ddec6b103a9ad49a235bb59f73146d315aa,0f0742401b4b3224
dfneg_AoF07279.jpg,f5557ce98535cf9c5c96f5c860fb9fa54bd2104c398cfa380402b56a2d229805,0f0742401b4b3224
dfneg_AoF07280.jpg,f041e091eeefc367b9baa83368091d0d4809eb17daa3769d563538ca200c4767,d0501f803c4ff1f1
dfneg_AoF07281.jpg,562329300c84c99392d2540be41cfa838299e772909a93056036e0539d73311d,d1501f803c4ff1f1
dfneg_AoF07282.jpg,40305d17cb89c1dc5b7862f4a488feafcc5720f9503979dfc59522adda2a33ee,28206ed890189687
dfneg_AoF07283.jpg,426e1b1b03754e040c0545a75804fd024e2290a192ba70ed090899d582152bd2,d1201f803c4ff1f1
dfneg_AoF07284.jpg,f3e7554c62b00344327f8a0b86af37dfaf7fa80a2871aeb8c07b4097769909c6,c3011f803c4ff1f1
dfneg_AoF07285.jpg,3dbb7610757d3db2f438c3b0f1135c70351d9b7dd8a6541657854b073026240a,28206ed890989685
dfneg_AoF07286.jpg,c9f87a7437c8f3c0f769e396b132b787f01ca0d88b6485ee781e43ab66531d9a,4c4238803c4ff1a1
dfneg_AoF07287.jpg,1408d4a8702910d62a834768aaad2757819228df2a26fa7e15d9b970f8cac5b6,1f39eb60387ab020
dfneg_AoF07289.jpg,459735c07cfc27b6fa8d370b69eb6ea8fa685a2c4a82ed068aab1e045ddc18d7,3f1f1f813c4ff1b1
dfneg_AoF07290.jpg,054d5891ce328615997acbdc5b0062a7aca6458586693cf6b927e5498039c98a,3f1f1f803c4ff1b1
dfneg_AoF07291.jpg,17cba8cf2fa7280f8ce8515cc0672717cc69cb26c741329e9c7b0413334ab394,2740c86632327b49
dfneg_AoF07292.jpg,5e5d6db9dd8c602cb057f2b22e4a523bcf9ac329effdeecae332c79414023bba,04326cc880008287
dfneg_AoF07294.jpg,c081afbbf711b8d4daa80d82bc6d78ffbcd578c68eaa7769ed74de6dab138fbd,61414c76b2f27b4b
dfneg_AoF07295.jpg,76f3aab6b6ce9865ecde7264e1f8729010d939ea886a859f7fe2d0b924168ca4,0d0e0eb39d9797b8
dfneg_AoF07296.jpg,40db56260a1cfd166699c6dde88df9c9972d0d6246f19dd3aa8aba1d0143508a,61404c56f2f27b43
dfneg_AoF07297.jpg,9e2dccf5f41589691a9c89fc471fc5e22953876af4bfd59a73512371ad343646,61404cf6f2f27b43
dfneg_AoF07300.jpg,eebe8e74667e30d36195bb52b38c1e3ca05c1639c9e8cb4f1f561510d32ec94c,61404c76f2f27b43
dfneg_AoF07302.jpg,ed11dde76b3c614b6e6c80d8f30af330c46a9ed260610047cc9fa6519e9fbb09,20b06ecdd0b4140c
dfneg_AoF07303.jpg,2e965a2a24cff20e4076c6d6b8e510b55d5157b7446b1eb60c3c38b2f000dbd0,25014c56f2f27b49
dfneg_AoF07304.jpg,bd059625c1463aa4195427883f6f65466e4084ab6fd2f3354bd179e721b5bf94,25404c56b2b27b41
dfneg_AoF07306.jpg,a4d75b4bcf65ab001516c9f6d3c738fdf7fd66302789b8a88f7ba1d8d3bf8174,63404c76f2f27b49
dfneg_AoF07307.jpg,da4bc2f2c59632a1e315f1f756ea14247c2abcbce5bf76f86a030f69e443b0de,23404c76b2f27b49
dfneg_AoF07310.jpg,fe66d16aa239997ab273912276b7fa2dae765f3fba70bce895161cff933e2d24,6b3bdfd9f6f9d552
dfneg_AoF07311.jpg,bfa3d9dd33ee05930ed320bb7f3b445b3a947ee3f342e4d997b80e9c70f9ac07,8f4f4e6ecfcb8bcb
dfneg_AoF07314.jpg,0e6a2e490a023d65a190cc7c88b1ce69d5b62dd627f9665a91c62aac2894da60,01044621482e0332
dfneg_AoF07316.jpg,4a9ff6e277b34e904c31bff4fa97288450ee6cfb85c34e3beb9f951610ef8ef4,2526e5d8a1d3971f
dfneg_AoF07318.jpg,e1a8d947d975f36faa2af7054558860c21345445d5832492b797981d1ee0aa4e,39266ec9e5fad625
dfneg_AoF07320.jpg,866d1ac3478828e1d4a70d8951ab36c20b8d4ea3d647282058338270930cedae,2426e5d2bcf2d71f
dfneg_AoF07321.jpg,32a8a7999d439b3aadfc573e7f2991b49bf406111a0dadff93e2a60f2fe4a87f,2426e7f861d3971f
dfneg_AoF07322.jpg,761f2a85b63d0ed0a1363d5c9ae134eea70163713cb7cedef95eccfbbbf81e12,2526f5f8ecde931f
dfneg_AoF07323.jpg,69178757ddb07ef8f38ed8bda31d87ba7409e4f8a6f16dfee1009fe6c9495841,2526f7f9edd6971f
dfneg_AoF07325.jpg,de736a6c0c24222849569b0c6060091079a6f741d0eb424f642155417eebd33d,2026e4f0e1d3931f
dfneg_AoF07326.jpg,70b9864b759e69e45e22acff6842fd7e32f72d5ac19da20257e9773fe8c6fb3b,2126e5f0e5d3971f
dfneg_AoF07327.jpg,19e6942e5dbf3f99a347e0501e2985da1c1af6113b148bd8f92fb6d3a429c3d5,2424f1f0e5d3938f
dfneg_AoF07328.jpg,34ffa2c7c542d2d0732444d5ec752e561a88a5d72962eddb382eb18575250698,2526e5d8a592971f
dfneg_AoF07330.jpg,f298798c69b8718f812d33a61d50c7a5408d36618cccaf306f97057057b2445a,2526e4d8a492141f
dfneg_AoF07333.jpg,c7c18c6ba841e1994034996300aae287a42ca0d681967bb3ecb398ab5c5a4927,2526e5c10153971f
dfneg_AoF07334.jpg,56405d45148bb3f740681eddd1d5ed0b11ced17b2003651122b6ab17705ca344,2526e5c101d3931f
dfneg_AoF07335.jpg,2721576120a289cbe4d22aeb0952c44c830dfbc3c03084064e15f9e89328b337,2526e7d97dd3171f
dfneg_AoF07336.jpg,b5811ca69a37990edda4286670979f229b113e7d94c68a6172a3d9defcc57304,2526e6c00153931f
dfneg_AoF07338.jpg,5e9c6df86e72e8af671324fd3524957aed61f418226a5fe4203ebab8bf862733,293eedd8f4f3e32f
dfneg_AoF07339.jpg,552f15d867cea44b631f65de29462a7e39a925fd6624bde4c6775da333c65b4f,293eedd8f4f3e32f
dfneg_AoF07340.jpg,368d7da2ac76f581495f87921c5dc6805121d43190ed8cd9708fcdd48c4f99b2,2137edd8e4e3e367
dfneg_AoF07342.jpg,6a6b16321751d1f3b5f59c0499ce774ad936b238f4aaadfa70466c431199651b,35a6edd8f4c3931f
dfneg_AoF07343.jpg,90651ffb41880b55fb3b063f6420c306d7dc29712227b10ecf1cc9159bf4d8be,35a6edd8f4c3931f
dfneg_AoF07344.jpg,3b028cace3fc11a9f704ca6643b2b3eb962b8868b0db302f82181db801e43dc3,30a6edd8f4c3931f
dfneg_AoF07345.jpg,f4c757c9dc22fede3be8895a4a17232fe99bc29b17d3451a8036bfddd6e917e6,34a6edd8f4c3931f
dfneg_AoF07346.jpg,8d89b9e24e96099edb98f928446c7874f6655cc534fb8d172b903c8b6e6f2a9c,34a6edd8f4c3931f
dfneg_AoF07347.jpg,766a2e301b19b5165f753fb01c7bb31acb52be1bc347c570a31481a686b78861,34a6edd8f4c3931f
dfneg_AoF07348.jpg,ac5d1d470f588818a1b3ca455b53b1fa15ac10c3ec8c7a97b943101aed2c4999,31a6edd8f4c3938f
dfneg_AoF07349.jpg,b1559ea4f444caac199263d4d642d9cb491cc495730310f77aab1690d8587e2b,30a6edd8e4c3d31f
dfneg_AoF07350.jpg,d96cb08e6b6ba1d839325f79a0fdbca3a03dc6bfac3e72f5e2219ec2a0713c48,04056fddd13b9614
dfneg_AoF07351.jpg,07abf353f07b01b27e6dc8fa83452ddcdbcf3ed45aebc32c0ff319f1f99513e1,32a6edd8e4c3931f
dfneg_AoF07352.jpg,c8de93ac90a1e1b7b6a2ef67a5eb6098e19f21b23a54b6b3fbd051977a4c5a38,32b6edd8f4c3931f
dfneg_AoF07353.jpg,de511d2bf425180d27344969544f3cd11b5112ca2bac075cdefe2902870a50a1,32b6e5d0f4c3931f
dfneg_AoF07354.jpg,12ed0846d22b04f1bb577344bc90226dce0c8530ab1613ffb1078fdd287c193d,32b6e5d8f4c3931f
dfneg_AoF07355.jpg,88b2311600164c80b2ec5bd5a48425af3cc6a3f1f576c025474128b34cf454f4,0d056fddd13b9604
dfneg_AoF07357.jpg,f303046d70b99b3dd1be7d89cc9abea4c27f0158bd10efae1b350d48e6406d92,09056fcdd33b1715
dfneg_AoF07358.jpg,0a159999ca6166d9b827a7548c5d46d8979ec506ad0845b9f66bbef93ed38d9f,32b6edd8b4c3931f
dfneg_AoF07359.jpg,ce066ff62f7cf92566f167844d925f428f6589f66769df892064980d56688e84,32b6edd8b4c3931f
dfneg_AoF07362.jpg,1d33bc3020d9cfcd5c5ae5846fd97d63bed30f8bdd35b67588b69f5f3b031e2d,32b6edd8b4c3931f
dfneg_AoF07363.jpg,f225f7b15c94bbc176084ae1b5b8bc836d2ddf2c62a2fd027d484e95b83975d6,32b6edc8b4c3931f
dfneg_AoF07364.jpg,b5866c2990c0b51781c14a7a36a8afc9ed299af5bc5bc83c77487376f29277ad,06072fddd93f9614
dfneg_AoF07365.jpg,5a9b905e1d4062620e23b5d965242bee869ad400d5bd5f9afd5201a26d818ee3,32b6edd8b4c3931f
dfneg_AoF07366.jpg,00ae6f4051113385d742c5b6ef12d56cfee90fe1548b41e7fce50eaae44f4da0,3236edd8b4c3931f
dfneg_AoF07367.jpg,1267d6b6e9c56c70f79716fb5ed511b0b50eea06ba62ba7b1bdb9127e7433a32,3233e5d9b4c3931f
dfneg_AoF07368.jpg,5d461d9851d815c0436cc19d780a32c54dae3e1ee6f49309c90af7f15d773a2d,3233e5d9b4c3931f
dfneg_AoF07369.jpg,d3cb40300d630a8a5f2a17a18ecf8487cc24ddbea9c7a435aa31a5cf32552dd8,3232e5daf4c3931f
dfneg_AoF07370.jpg,7b1ba131df64f1e3c40c50be6f995d973fef5d784b6d2742b827a51294746567,3232e5d8f4c3931f
dfneg_AoF07371.jpg,2f6f1c3def2ef3d4114bcfe3b0b98d0a20a11e05e445ee2978137394fd948382,3233e5d8e4c3931f
dfneg_AoF07373.jpg,3a95578f210d223b63b2de198bbb0ace4f60775cbac7929dfec3c290a4dd2abe,2006ecd8e092100f
dfneg_AoF07375.jpg,75b429e17d044af5d6483edecb480847488a4371a87df4d0469b6e27334bf47d,2006ecd8e092100f
dfneg_AoF07376.jpg,7fe8d6a7d3fd0837caa118c62d96ccea8cd32e6ef0ae0eb85ecb08f9d0ac63a8,2006ecd8e092100f
dfneg_AoF07377.jpg,51a575081d453837ce4c414c5f19aa2d569a83f7846e2afec9a08cdc090592b8,2006ecd8e092100f
dfneg_AoF07378.jpg,1074818be9c85e4421263b11e7d547950031d6f2e874ed8a0b1e2402746cf00a,2006ecd8a092101f
dfneg_AoF07380.jpg,0dba64681a5044345b5d186203d0f73a4f0e4b81a988e88438c1800e3606ffd1,2006ecd8e092100f
dfneg_AoF07381.jpg,efd492c1d64813bf41abba2fe580f69a7363992474dbb19175690406f4d7455b,8fff7de0a2ea9820
dfneg_AoF07383.jpg,5aab72af113a122451893a9747f83916bb1d42d3a0cfb444653f4c6624d5ff4c,8fff7de0a2ea9860
dfneg_AoF07385.jpg,db4afb7f3d33d4cf70920204ecff36440281c987909b7f223cf3264615ce3b2a,8fbf7de0a2ea9870
dfneg_AoF07386.jpg,df2d79d68e6f25eef93d8d3e00095ab52553be586c4bf87407656bf27c92996f,28224cd9d1899697
dfneg_AoF07387.jpg,404183fab1480ac68262827cfe3017f84180cd06bc5ff760900dc5277ba05bcd,6740486132337949
dfneg_AoF07390.jpg,b563a339b46279df006a51e9c1000b4faccc8e0b61b5e30198aa9303cd7d6743,8f4f4e6ecbcb8bcb
dfneg_AoF07392.jpg,792f8e95ed94ad58a11ccb37cbe8b3cbdd0f372261acb1cca3d6c32a5a4c0b33,8e4f4e6ecb4b8d89
dfneg_AoF07393.jpg,6a7e5444fce754fe1b0f785f3a91d25c67cec63b93729af8f9cb9b67389186d5,8e4f4e6ecb4b8dc9
dfneg_AoF07394.jpg,de52ad6720ae3f6770449a130825cbfe6f66b663d7f801a9a510fe3ded64af9d,8e4f4e6ecb4b8bc9
dfneg_AoF07397.jpg,ab2afbccd3ab3e71f337a478545a97279b90b0f73cb8b14aad6ca36e735d01f2,cf4f4e6fcb4b8bc9
dfneg_AoF07398.jpg,637d11b9a58df39ef1a3e66c31e021d4163f1e8383e8dca5b7c682a78a0c4eaa,8f4f4e6ecb4b8bcb
dfneg_AoF07399.jpg,74c9575e0618cb0731710c96500cc09ecbd88cef7aa9ed47d00fa6ea70a7f49d,8e4f4e6ecb4b8bcb
dfneg_AoF07400.jpg,66a7d39aad46e3bc2ea7c804dc9755c6ec8da43f0ed9f2f9d7138e39b07c55fa,8f4f4e6ecb4b8bcb
dfneg_AoF07401.jpg,e390afa78de6641cc4b2d08baa768d35186b79965c69a60395ade06a99f89038,8f4f4e6ecb4b8bcb
dfneg_AoF07402.jpg,af45d24ed61e2a494eef86e6b185558cdd56f00f9c702cdd126646fa9a1b4f27,8f4f4e6ecb4b8bcb
dfneg_AoF07404.jpg,a43645abc8937bb154c45dee82784523a117acd94dd6f9a4680655fc22ec21af,8e4f4e6ecb4b8bcb
dfneg_AoF07406.jpg,16e93681e6e5f84225452197e9c6bfaa37d3e796e175120e20d3f556d9079664,cf4f4e6ecbcb8bc3
dfneg_AoF07407.jpg,474854302bc9b024ce01ddf9334d5a183a54b7bd023a133c65bd898338623215,cf4f4e6ecbcb8bc3
dfneg_AoF07408.jpg,2b8e3f7674ddec6c1b102be74282ea305a773676d74c1a04732efd653aa5b015,cf4f4e6ecbcb8bc3
dfneg_AoF07409.jpg,432244f4afeabc7a13cdd9c1d50f88c81bccab65b4ac648fd9216baecfb6c3e6,cf4f4e6ecbcb8bc3
dfneg_AoF07410.jpg,c9942a0358dc2f15c4ee6f13a9b01adf1c16e092f3f4e018540cf23ec960d4b9,8f4f4e6ecbcb8bc3
dfneg_AoF07411.jpg,17eeaaab7111a0cb24552f7b3d6e920475154ba20f75c1d9ba32ef095c2560bf,cf4f4e6ecbcb8bc3
dfneg_AoF07412.jpg,6e5642fd24ac7f9c273238fedcf8b281567dbefc63f2c670c482f66f3777be5e,28130fd991899697
dfneg_AoF07414.jpg,0c0587fb9bd3ad6d33e37112eff4c722a0ac1128025e933253aa2266a34555ae,cf4f4e6ecbcb8bc3
dfneg_AoF07415.jpg,48f08514b182f05833232dca99a7ab8317e3b8c2649cde36a2f183617eb881ac,cf4f4e6ecbcb8bc3
dfneg_AoF07416.jpg,18ed2a51f98cf267dc0ea9d1d03949e416c4691fec942b2b4e7bc521f203f0eb,8f4f4e6ecbcb8bcb
dfneg_AoF07418.jpg,a47e0d2afb884090671b461020581cd0abb2d567db2163fe4746ee80113a66e6,c01c0c00100c2c0c
dfneg_AoF07419.jpg,4821fbe397e485ea40f0d875e894a8c3b6fa96b3ddf3a55525d4fa755d182682,c01c0c00100c2c0c
dfneg_AoF07420.jpg,6c22fb9cb130f2b930b0497e3172bc1552b41b58208414106819f3ca44cbd85a,c01c0c00100c2c0c
dfneg_AoF07422.jpg,dc4bf8e13a6cf93721df012913bb4fb076000b5e042d5cb93b6e06a15bda5ef5,c21c0c00000c2c0c
dfneg_AoF07423.jpg,a07245d0e65d725956e2340ce4a2d6a34dc227164527f4cc12398740724be0b3,c21c0c00000c2c0c
dfneg_AoF07425.jpg,9e14ee280e1c3b498d541656c928fef35998695557e28d204cc12b8302875fba,c01c0c00000c2c0c
dfneg_AoF07426.jpg,d7f6512ea678d6de7e1ff696a360b68d29c9307226b1943692e6ed2f2a1565e5,c0dc0c00000c2c0c
dfneg_AoF07428.jpg,98a9025065677050d610c01060e5d93b3568a040ad12ce6de10d0570c31c5f62,c0dc0c00000c2c0c
dfneg_AoF07429.jpg,f98d1a71308d05c88c93abd2872d4e6ef2c117643310a0142116fa046b1d045a,c0cc0c00000c2c2c
dfneg_AoF07431.jpg,d0e4571c7063ef68d724dc63d11581cb478f1c8918d49d80457e3a1fc34452a6,210c06214b2e0b32
dfneg_AoF07433.jpg,3e8cea1a784125a73d214e01000648c7afc053ebda3116f9441226caf7a10b03,3f0f0e3f0f0c0c31
dfneg_AoF07434.jpg,fecbd073cd8d34d550740db7cb8922f132e70c178f23b50209646b1728618a59,3f0f0e3f0f0c0c31
dfneg_AoF07438.jpg,4735b5e7e3bb5b743d5a6c9dfdf9387a2337c839903d08269b00e2c1ba2b47bb,3b0f8e5f9d070903
dfneg_AoF07440.jpg,6c7d79873c9cb0424b79332e2f0ff35c2c9d4e1f6bf1e71f0d415668ece26289,3e0e8e5f9f070913
dfneg_AoF07441.jpg,f8ce90e00836854145bce38a0e8d2bb916d8c1ecf4c0a2359b17306f80bc231e,360e8e5f9f070913
dfneg_AoF07444.jpg,3dca34e98110da16d89c613378d271c28b8bf3ff48867ecb6f3329e401a151b1,670f0cc088406878
dfneg_AoF07445.jpg,2a621b1fff57b784a28b8ca2f145730a9f2083185919c6172dd08c38c0724a44,3fbffdfffdd3993c
dfneg_AoF07446.jpg,a7520652b523143c1bf7554e74d88ae1d22d7c4eeb693053db7d6016fc4d9165,0f1e5040195ab224
dfneg_AoF07447.jpg,b6a692fc1c34060ec39aa824db40512b1d3168406e97b3154028dfa5e009354f,20000140195b3024
dfneg_AoF07448.jpg,92c76c8ff569fad18d3f2f4d0fa070cde8398d94d1452492c2e4135eff026333,20000040195b3024
dfneg_AoF07449.jpg,186da6e0ac95aa028faf0b2cc23ffe6fc840f9925b7f9313f4428e92617ba841,20000040195b3224
dfneg_AoF07450.jpg,88540df22a831fa44d342942dfb5598e92156bddcd8700f790e793718ff8ab3d,20000040195b3024
dfneg_AoF07451.jpg,fed6e2892c5eeb843b441e8df4c2a3b7bec69c8cd2ccae30b0509bc64fbf1e0e,20000040195b3024
dfneg_AoF07452.jpg,cf811040f1afb6de63bf01edc6ff0030b564ebeec50a1ba823d95684b8388406,20000040195b3024
dfneg_AoF07453.jpg,65446ef33a0491136a05068fa74f1ffa7e5a9d552fc405b1f79c94d77ab7c393,01010040195b3024
dfneg_AoF07455.jpg,abef754ce9059f5b94421f9ae9c5d9498066b7a3d7c58e59743b1abaa212e6e9,3b0361581b6a9030
dfneg_AoF07456.jpg,8dd04a02070c16619a3c7b7358083d2ea418d111f972eec2e9e7ebf4f8b8c802,077f7fdfbf7c706c
dfneg_AoF07457.jpg,9de1d5473f6a4f537cde197b008d4ad966f7cdcdd97c1f817719f7ed4a8d5ff8,330360581b6ab030
dfneg_AoF07458.jpg,c12043cbd8bd78b69c456c6fd42b146a06212bbf153b810d00dc7d6aa1599cbe,33036058196ab030
dfneg_AoF07460.jpg,ebb7b713f0d56eaa6efe1762ad53f4eba5dabcaec390d15cb505572e906d17a1,33096458196a9030
dfneg_AoF07461.jpg,fc2a70e422fecbcb9cb839510f55cc263dd8e01d299c44ae86a0c65a8450d767,33096458196a9030
dfneg_AoF07462.jpg,6fcc8c7ae94aff137739318d8a81aa7f47503f70b77536e5e0189d7fd78f11da,28a0ccedf4b43000
dfneg_AoF07463.jpg,93045af628ac0ad983fe15b571f66ef121cb307a2fb45040f3c076f1ef66b4e1,33096458196ab030
dfneg_AoF07464.jpg,8d335d38ed2df4e57c6a2bc2359f6d2b4b469c7caf010027e45d3762a0781a4f,270f4f40397ab264
dfneg_AoF07465.jpg,377c57959018705d5ad7fe3fc78fa760a23f2b0614819e07a9cfa831a3ef69d9,3f7f6fe0304ab030
dfneg_AoF07467.jpg,5081f7c68b12190d736cd711f6291544812a6fc1b8869f66c1eabc74521f49e2,20c0ccedf4b43001
dfneg_AoF07468.jpg,4c2bfb8a53a69f3399fcad191aa9a41115d8db8a9caf8a0b60cc30590d781945,3f7f6fe0f24ab030
dfneg_AoF07469.jpg,edec1ce7b5ed46b62631f3173e1fedf703062969f9557854df07589bda9a5f2c,3f7f6fe0f2c8b830
dfneg_AoF07470.jpg,8db41fe3ef14a229d579710efab45680e3eb78a801c0df84ddfbfdd524241059,3f7f6fe0f2cab830
dfneg_AoF07471.jpg,930a6126b49cbec99cd0116cf812cb7cd558cbe75614e2cd3ff42141e20af311,3fff6fe0f2c8b830
dfneg_AoF07472.jpg,a4310ba4d5d56dcd8db0dde2488737a1f9423e76336770668b76318df98f4fd5,240509053c4ff1e1
dfneg_AoF07473.jpg,1f56fb267f745fec5555571d26262765285a5e37682ceb4a6018bc440537ed69,39090b053c4ff1e1
dfneg_AoF07476.jpg,f0582d118e382bbf5d15b5eb43a91aa032ddd261b9dbd3886c47f2114404a81a,07070b003c4ff1e1
dfneg_AoF07477.jpg,68cd216b322bb980bccb171ecb6891465ee00a2912b25e4bb91e013fa6ecf115,09090230095b3220
dfneg_AoF07478.jpg,8f50a6fd020f2a4d11766d4e6fbbd5005bf9f6dcc1e2bfdebd92ba3732a891ba,3230fcedf4b43204
dfneg_AoF07479.jpg,dd62a628d6e4ebe219ff4e91ad9da668c23f28b3af1b783a8afb6e5c042f24ed,09090230095b3220
dfneg_AoF07480.jpg,4cdfe7d5117fbc4633ed328ac349284b66f438e307930373e70bc50085b92fe8,0d090230095b3224
dfneg_AoF07481.jpg,0d42f2a41e95e0c4cbb03fef4506842d44269d25189ee829f5a694efbbba189c,05050230095b3224
dfneg_AoF07483.jpg,4d2f30a8ca0909bdf0e730bfdb87535f90381e4d35e1189a152d29f21c232b47,07260210095b3220
dfneg_AoF07484.jpg,89611e2d2908598597cbdda2a10655e30528c655fe6a9aad0914bce3b02cb688,03260210095b3224
dfneg_AoF07485.jpg,b314280f7038695af22a989d89725f5416b96f7362eae126656d2e15b217098c,07270610095b3224
dfneg_AoF07486.jpg,d97f481a247daa4e2e35ccc1c041c0dd2155941adeeca30d6ce02799f4919514,07270300095b3224
dfneg_AoF07487.jpg,9375918e32868a3f4baad61256e411294b65bf35574884acf85d943632fe8c20,23230300095b3220
dfneg_AoF07489.jpg,ad76d0dee1bb5da6f9bb9bee08eb20cef70a104eac7a333b53fb0b1aed4549e7,3838feedf5b43004
dfneg_AoF07490.jpg,8a767d4226261ee89df93f4f581e26a135f65cbd6c3dc30d8e5657c053a536c9,33214e4633327b5b
dfneg_AoF07491.jpg,9123aa0399df0633da2638b83a0fd50bc8a00003461816e32f381c9078428559,27214a4e33327b5b
dfneg_AoF07493.jpg,c6fd7d668e91588ab9c3c89006eacd88cdca32d1c65bf382c4eea336c94a57ee,27214a4e33327b5b
dfneg_AoF07494.jpg,dabf92c86fda5133b19e22e10a229a1e5c32d2bf6d3bca8060e0e9f4a41954a5,27214a4e32327b59
dfneg_AoF07495.jpg,8c400f3e5bb6196faf18874430abb2fe5c49c1d56aa2efc62f9642b33051eff2,27214a4e32327b59
dfneg_AoF07496.jpg,4dcdfd5bd1c77bee20e02ab18f144dc67f24cae1b90e2346c0a36fd58e64c894,23414a4e32327b5b
dfneg_AoF07497.jpg,1d1e9092e6260be8f138a423b73745921dc60a57875f8a52b13646c04342c39e,2838feedf4b43205
dfneg_AoF07499.jpg,509cc98dc7ba8fc34eaf5dd00e6ed11e9e4a69b1446fb90946b9c29a2aafed34,67c14dc632327b49
dfneg_AoF07501.jpg,48909ffbc790a8a6b86af59adbf72671c0e06c722dda8feae36fb784e70820da,21604c7632727b49
dfneg_AoF07502.jpg,8feb71df73cdbdfbf336ea69b31ec0abe0557d4ceedf72afa653d48d9bc25b37,21004c4672f27b49
dfneg_AoF07503.jpg,810826b4be8397a487419acc1404b496d3c8d96154971268bf4ba7c148c68781,01004c2e73727b4b
dfneg_AoF07505.jpg,dd069a726991ebd69fb72fc2b6a9611950e2f54d2ebab036c23aad33f97a837d,203c7cedf4b43205
dfneg_AoF07508.jpg,c8d8524283659342655e343eb90fb31e8a97031b64e581d917c1771a97e14030,21204c7672f27b43
dfneg_AoF07509.jpg,376013a57f68af8de04d6f23e44d89396844d4d3556a4550adb071d2afd672f8,21004c3672f27b43
dfneg_AoF07510.jpg,4f9bb2f119fe8b3f8a971f480f7493c1abbb0af5e2e74402c8cb9b01879c38df,21004c3672f27b43
dfneg_AoF07511.jpg,f286a597caf8ba05cd13eb607482b2cd94592be0bfc021619a95540daa4809f3,23604c7672327b43
dfneg_AoF07512.jpg,bc5ed8010884122395ee27aed3949aa644800729081ab5c121b6277610fd4e52,6040400272b27b49
dfneg_AoF07513.jpg,e1a7fb7359650e6b7a4a025c61ca055d9ebbd95fa42f27372907a5e9ff8ff2c5,27604cf6f2727b49
dfneg_AoF07514.jpg,98cbb5aa4a5946b6a7964d61fed61191b0d2083c6a92d9840eb81a9ac69bc8d4,2760ccd6f2727b49
dfneg_AoF07515.jpg,2ffc2a586f5c160d76374dc69f8a172f0272f8017e75a521a7e911d5b496fb14,27604cfeb2727b49
dfneg_AoF07516.jpg,fd5b54224d61c2ab858cc17e82dc25caad9612d594a73ad17310b3aa08cf1546,2838ecfdf5b4b204
dfneg_AoF07518.jpg,40ea2b4848d59b1f8e20a2a0557aeb40d66ed00ccd01b783284ffdb671277028,2838fcfdf5b4b204
dfneg_AoF07519.jpg,f46beffc5c504dba10a110ef99ec3f0181660481e558ab6e2e05895a996d06d9,8f4f4f6bcbcb4f0b
dfneg_AoF07520.jpg,fc6c219ff37128dccdc727e3de8e7c9dc9df291cb9ba353eb510f427079c8ef9,8f4f4f4fcbcb4f0b
dfneg_AoF07521.jpg,ae60a0a1d65a9a4d32c22c1bf36662838105cfd3fe24262ee6ff8a4f9675ff11,2d38fcfdf5b4b204
dfneg_AoF07522.jpg,17b98058cdf9fdb79ec5437d6505bd78238e076180fdc54570578805174d70a1,8f4f4e4fcbcf4f0b
dfneg_AoF07523.jpg,cff738c131515b22e7caa2dbbe40a50ff5210cdbe33a996d4704c38ce4a9dd3f,39394c01100c2c00
dfneg_AoF07524.jpg,dc6806c0ec16d97ad3c1ab93b8e56ade60d6df9641890845d0d1ee69c5243bb1,39394c01100c0c20
dfneg_AoF07525.jpg,8654a1f6996838faff400730ff9aae4494df8ae6e23503c20c8aee5348b94de8,39398c21000c2c20
dfneg_AoF07526.jpg,f6a9338a9ff99150c2c749e68dd6b0e4c19678710e6a5b92aa7fdfb7d0540f43,39398c21000c2c20
dfneg_AoF07528.jpg,9af0db5507d3a31dae57f1451e7a79331b0a9a55a58a12a0244c813823214bd3,281eecd8e192931f
dfneg_AoF07530.jpg,c19821164236593ce52b0e1d940e5840b782232600f957c729033511ac7283d1,99f5343c3c3d1d0f
dfneg_AoF07531.jpg,0a5564dcaec03a113155fd8da109b60f22e1d9060ce512f0c5712306b7dfaed5,99f5343c3c3d1d0f
dfneg_AoF07532.jpg,c95354e7e1b4a5d1fdccc49d1bd16dc045fddc2885dc7accd417e39a7f5c27a6,99f5343c3c3d1d0f
dfneg_AoF07533.jpg,43d685061d6c9f8636033e662f0b626b0da2098eb7ce854c38af05a9403cc88e,99f5343c3c3d1d0f
dfneg_AoF07534.jpg,151889e5690c8d3225a4202d85db74d691d171078c40a1456116a148e0bd65e1,99f5343c3c3d1d0f
dfneg_AoF07538.jpg,2938b63ae9dc506c507494a9eb0d4a2d2008ac4c4aba18c2f0fdd3f606c27357,99f5343c3c3d1d0d
dfneg_AoF07539.jpg,5681f125bbece69dadd7058b555bfca670ea14867f8a40327a08b95bb5ec782b,99f5343c3c3d1d0d
dfneg_AoF07540.jpg,806396aa1d2cea3bf4cccd363ad334d5d02ec3f1f29034b3ed31e945d2f59003,99f5343c3c3d1d0d
dfneg_AoF07541.jpg,da34fe02d057a89ca60296338f665d9b12c56a3f491c1e5d9338031d11f94d76,99f5343c3c3d1d0d
dfneg_AoF07542.jpg,2fda106d12ef2c91fad2600a9468ffa02b0e42f0c68020c60b560c93e2d482e6,99f9343d3c3d1d0d
dfneg_AoF07543.jpg,e9d0e5c68d503d472efac7be77e11630c1caf3e0d54bd067e350aa292d6616be,99ff343d3c3d1d0d
dfneg_AoF07545.jpg,992f13e2ef43c6f1af15c9df249bff9aff8d8dbf8019fa76c6abf682ca17b415,99fb343d3c3d1d0d
dfneg_AoF07546.jpg,a4764381d039532f2f19071dd7bb9650093671d827cfd87476b75757d8ba8a93,99ff343d3c3d1d0d
dfneg_AoF07547.jpg,b05a8c633e4bb1330119b0b0c6df25f323c388fb1d4a34d62fa3e8621421dee6,9ea6b59fbf170f1f
dfneg_AoF07549.jpg,053b02ca26df5c19056a979c5651bba3604d511c64cb250e1078b5d148abdca0,47c7d3111d0d0f0f
dfneg_AoF07550.jpg,85eb6761a19b790d4fa1941d346c70cbf764318c8980382b612de125c4796030,220e0e2d0b2f0933
dfneg_AoF07551.jpg,4f8a4b3c5e9303094bc4e0b28beac961e62d30ef3907e77dfbe8a1868f973b95,220e0e2d0b2f0933
dfneg_AoF07552.jpg,d9adca8db0d79b0cc7f0a03ee44365c0d0dd2bf5950e0722d3e0ed46b257ec11,2b336fc9d09e9e1d
dfneg_AoF07553.jpg,607af34176b3bc87e309b84adc0afb3aa9ba31f5cc344bb52af10da6bfe18149,250c0e2f0b0f0933
dfneg_AoF07555.jpg,3556f6426745f34fc6c3ad2f588573e45259531f237500f87e826b71bd88ef20,29336fedd59e969d
dfneg_AoF07556.jpg,2a1f20c86b5804dd843b0a55c99fd81ba1245af15f91d6c461f5cd03b4ea07c6,0b070e0d0b0f0913
dfneg_AoF07557.jpg,813f3c9c136bf37ed80946df9ece410e9e0afa507fa2aa985278f56d7b8f7a25,230c0e2f0a078133
dfneg_AoF07558.jpg,b4ea63fc3294a88783da4a9ecf6e8491b5932b8b4847f34cfe270c48d39f634e,230c0e2d0a0f8133
dfneg_AoF07559.jpg,ba13c86013b7f07b60728a34b4d28b39a85757f1bd1006f3a460f692d1f27788,230c0e394a0f0b33
dfneg_AoF07560.jpg,e03494c56bb79639da40432e2fa4e8c068b0870f08d29596ae4b0b1132057b79,230c0e3d5a2e3933
dfneg_AoF07561.jpg,7774ccf72bc1fb7b67f80b16e904099563b3655d0991c5ede88813e95e9ba419,2126edd9e5d3131f
dfneg_AoF07563.jpg,d60582abd7bc819f37848b15c094d9041cbfe510ca8e2799931bc309264d4158,222eefd284d3971f
dfneg_AoF07564.jpg,455409a631baae2328dfe730e65ba367dc4c3d531067e85b0ceb1a4f7549a0a4,2226eed8e0d3931f
dfneg_AoF07565.jpg,268735bdb5925ff52b9c18f0dfe90c6445a0659f28eacf638b355ec0cdc9a3c3,202eeef8e1d3931f
dfneg_AoF07566.jpg,ad68bc02c13a560dc9f0fa25e6023321cedd38cc9bd6f2c9050c4a3974008022,202eeff8e1d3931f
dfneg_AoF07567.jpg,a36ace7fc7a5db50a9da0c5e80b09b5f193f2833cd35bfa6a75caeea4af59c10,3026edd9e593131f
dfneg_AoF07568.jpg,bb48ff27dc01b50b65375f5ee4c6ebdd5b2dc2c8674d2ee88c11ba9326ffa861,2f374e400949b024
dfneg_AoF07569.jpg,9b7333d109a5eef30c1126274ccbae7c8f32231664e4b2d762d874b207d635c7,331e4f601b5b7224
dfneg_AoF07570.jpg,7640458662f1fa369bd09b084955a138756794896a2b17143849ade298af108d,3f3f0f213b3ff3e1
dfneg_AoF07571.jpg,4c41be75dc346bb9ab7e15195addd4a33affb32c9023dea11a41320aafb24c8e,2711cdc772727b49
dfneg_AoF07572.jpg,1d9a3f2f4aa04f8028767d7d39899616bddd75fc751066bc6d3785cf17952fb6,2711cdc732327b49
dfneg_AoF07573.jpg,c1a452ef87ac727e49e3776965979acbb145e0353799a2ae4b548920d7d06d1e,8f4f4e4fcfcf0f4b
dfneg_AoF07574.jpg,8f05c22043725a3b8cea534a90a68e8c3ef7c6ba4978142d6338c791dddaa153,8f4f4e4fcfcf0f4b
dfneg_AoF07575.jpg,8777df66c1b4240459f1e9ade493b280c28102c1fedbfc87c5d4eca2b6db783b,8f4f4e4fcfcf0f4b
dfneg_AoF07577.jpg,c620d37874a2e8fc5f4f39f934919611474cb923573bb9aa044919a0c3041408,8303030303030103
dfneg_AoF07579.jpg,1a382c47ab927a805e563ed638ea00290e22a6e139d2f021eacb7b0b783c40b4,8703030303030103
dfneg_AoF07582.jpg,8a83528a9520df967c6d22acb367d4ccc61ae21819459dbad35216cd618c0f27,0703030303030101
dfneg_AoF07583.jpg,2c3e9e194ec854f2f76c1d952ed4b29c3ad77987335d6e5e11a61d9d82386f1a,0303070303030103
dfneg_AoF07584.jpg,18fcc0c8d0627a6cfb57f1d3abc7c7d568d84846c63d0971bbe5d35dd6427ce0,8303070303030103
dfneg_AoF07585.jpg,e38c8825495fc10afde1bc5a848141ccb65f2f7671fdceb1473faf6c539bc9a5,07030b0383030303
dfneg_AoF07586.jpg,3c3c1d40768c282b74c1020903ed798f272d72d13fc5e44ff8d6bd1738f97fd5,07070b0383030303
dfneg_AoF07587.jpg,ac4a3988d2d0ff26f16b149674d2d44bc2118b5b3c2063955bbb42ace3946221,e767a39357573633
dfneg_AoF07588.jpg,567738e741fb6d994199750ac051492ce27c73c57735a572f79f42d69e6f0be1,03264cd991a89695
dfneg_AoF07590.jpg,120dfcd14ec98631ab7751fa066ba07b0f1bdbd739331b8fe1781dc12734b310,6727a393d7575653
dfneg_AoF07592.jpg,0110b5df8a6246d84b98ad2fc94f91e88197064dc01005db7babe2ab1cbcb773,e723b39355143612
dfneg_AoF07593.jpg,97c87f202d7cd8912877bd3a314d6d33bca9213125367d04dfe81009e0ae73d6,e723b39355163612
dfneg_AoF07597.jpg,87c4f59850505e17952a27ab811cb7f4794b4802618164f8cdcf8dc94f411273,e723b39355163612
dfneg_AoF07598.jpg,f6af53e4c4267ac1d6cc59b24452ad06679b00f882be34b9da12518edea1e7a9,e723b39355343612
dfneg_AoF07599.jpg,6369c90b1c742284ef304b6bd4d71805779bc2605c79cc79c4222a33c8202baa,e723b39355343613
dfneg_AoF07600.jpg,70bf6e8b01cf4982eda05cefb7014b22e911a0589fdb53e9109ecce68aec85c6,e723b39355343612
dfneg_AoF07602.jpg,7e3d8d7a3ff2917f75eb0224b26674a2ce953d2bbf0f2ce881cdae6b154b559d,e723b39355143613
dfneg_AoF07603.jpg,022fe8edc1a224ce02978bab7b9273e0f088a9726e17963ad6b59fd37fe9480a,e723b39355143612
dfneg_AoF07604.jpg,8c733ad8b135fa01f5cd01196cb560305877b6083774df46bf8e2a11a2c0a388,30204fdbf9e89615
dfneg_AoF07605.jpg,d5fc924a8f373ebbfb09e8949d1a297086199a3495fa978cf61209c9fafebc65,9dff34343c3d5d8f
dfneg_AoF07607.jpg,4e0bfc0e901861112ba187dfa9a328bf142e9bc36c07d2273c4b9db016aa2b1b,9bff34343c3d5d8f
dfneg_AoF07608.jpg,b522d7947d4bf4a9c7b82a611b36e0174744bfc2d856452799cbe6283350681b,99ff34343c3d5d8f
dfneg_AoF07609.jpg,408e4ff85be3a78e83f71b81c0d9c81d486d9e265e102fd0d4cbd03aaa5e6433,5f1fffada5b9be9b
dfneg_AoF07611.jpg,e9ab0eccbf0ab960e8cd12b8d0ceb59da6e942439f10a2a2deae70f453733cef,c0c0101040406878
dfneg_AoF07612.jpg,6a3294ac214b0546ad0f35c459da603087b57e7610ff7324c7af1e845b34f62f,2026e8c880c2930f
dfneg_AoF07613.jpg,2afc3c77a9d9453ff8de650af2565bd0e2130dff640f9a70d437f44fb2abb5c0,0036edd0a092102e
dfneg_AoF07614.jpg,c7481db5d98c67b792f14ff4a2571905c1868ece0c5badda96c720ae1d13af73,0036edd0a092102e
dfneg_AoF07620.jpg,f0856a704f8ab8d3cde665c613de251b02822d8a0049868451022510808d0a27,163b2f453c4ff124
dfneg_AoF07624.jpg,0f1a2c066ce93fee18b730688d3cce9caae85f438cbb596d53bafe62c2b68327,981a191904622130
dfneg_AoF07625.jpg,ac9ad210e280ac3c0dcc1fce2a04bbc2a637c5c5ffed862eac63c5692cce63b6,474dcceede8f4f27
dfneg_AoF07626.jpg,18a943042470e9d56f505d48c4f4aa959acce5bd57179c6360d6211c0e8f940e,674dceeede8f4f2f
dfneg_AoF07627.jpg,d25b1fcf1166939486a177dde77b63e9680f26f421df5beedff49704d0fbe320,180125c88108606c
dfneg_AoF07628.jpg,606f415f72475c65d479bf0a527a18586556aed6afbff7e0a0b8bfeb98159cf8,180125c88108607c
dfneg_AoF07629.jpg,5b674a8a1dcd12c0450d6086bb4fe2683de848f61aeb6a40d492a882e9e07d9f,3f2fe73e3f671331
dfneg_AoF07631.jpg,fcee37dc5a07666dddc41bcba3e969ac739fe7006360b3bdce069637e4c12af0,c0c01850c0606878
dfneg_AoF07632.jpg,a82a12665af69f4a19c97205b2abdc2470db9dd81bf6b46f8a294fff531c9866,c0c01010c0606878
dfneg_AoF07634.jpg,15940ea9c1ce704d0ebd6f75247e4f09564a35dd66470a4d39426ce160c6e2c6,0c45c30143019414
dfneg_AoF07635.jpg,6af171511a1cffb8b5e6520ca1bfaf509ecfd80d71ff003f988b3eb17a2635b1,2464411140011024
dfneg_AoF07637.jpg,9530ada80c6db7e0da238f2a768186da23b7a284330bfc505f47abbfb2220ac6,18c4c00000000020
dfneg_AoF07638.jpg,8605ce13c161d7b57aab01949f07b701dffa80a3b5ef25ab03092eb78feaeec0,0f27e50927330731
dfneg_AoF07639.jpg,1b81d1334a7d9db4f1a246400b0aaba85a85b04cf43505643c6966996f871553,0f07651927331733
dfneg_AoF07640.jpg,d587684db685f54833320bb249156c820ee830e875457f46bf4dbe6c773cb73b,0c07c70107011127
dfneg_AoF07641.jpg,719eef99f92339ae9705eb8e67f4c5d108237d882f099f41fab19ac2059b5306,1827e5c8e7763533
dfneg_AoF07642.jpg,2c6e1890bc832a5bc2e71907a2a2a0754e3fd117c741278df06eb67351efa1e4,11936ffdf1cb9797
dfneg_AoF07643.jpg,f0adf8b08dfe261ea311a8b719e8b22c9c9df34c04cdd6c019ef2a9b13732fea,3847c00000100011
dfneg_AoF07645.jpg,3020ea32208f3e6625dcbc0ce4b9cc3eaf0dfdb260f2a4fb78d9af8b7561fef0,3887c40001128031
dfneg_AoF07646.jpg,062c30aee51bcf890021924c30f777a7d4b989a80835169a02b5cab339e0edd4,19306edd938a9695
dfneg_AoF07647.jpg,c197ad70c46d4321f2f55937e60f6500473de1556ee93d2579b3fb3dbc07c5bd,09034fd9b7bb9695
dfneg_AoF07649.jpg,e6f20c3ce67dae0405ff1d0bf92d54db42bb7122397ddf696ce7e3c4eb0c5eec,00c9193330191115
dfneg_AoF07650.jpg,902fc5049c04d58f237cf3efa55997a949af5e73631ffbde85a5c9f3471e67c5,c0c00098c040687c
dfneg_AoF07651.jpg,0ac42e193962c47c9ad1b1258c5046fe5dcd12e796843bc28e5754766597991c,00c9091331191315
dfneg_AoF07653.jpg,5e842eef524e8c962b5467cf14b230aea78d1d83a8755d0bbc9c558418b22de9,6741ccd292537b49
dfneg_AoF07654.jpg,3c3b7518c7ea1f99a181168aa3f07de949d5e53f7e8a4116eba1ac385ef25179,20604cc6f6b27b43
dfneg_AoF07655.jpg,102289295c2bb348ccdeeab02faf8d5e5b4bba06a9d6942dfc7756584deffda9,67713b7bfb337b43
dfneg_AoF07658.jpg,b865d729bada91b78dc278062dd9233d082e18418baa745d53683901dd911450,c0c0000000010530
dfneg_AoF07659.jpg,fcc4fffb6ee53e23f5c1705d6f8e3a6d9df425b41af9f1e7a74e9299ba8251b6,67613a7b73337b41
dfneg_AoF07660.jpg,b7022873012450a43894514d63fc5bf4b0efa9e8fb6557e138a0d2de4a7e535f,c0c00084c0406878
dfneg_AoF07661.jpg,b85747498effb8d01027d5b29e93ee8f63edfd6a133e70026394b0834105f738,27010c4a32327b49
dfneg_AoF07662.jpg,3d4456af5fcee621ac0e050fd5efaea807781c2ff83e5d9504f7c883039b9c1b,27010c4a32327b49
dfneg_AoF07663.jpg,722130fe964967c6d9d568807a5f43a839f023032947b5dfb72e4f2923566d12,c060200000011530
dfneg_AoF07665.jpg,d5cf5b677a8c67fb917bdd6a6df5483d4d0c633bcb3bf7cc32c3db2570b978aa,23c04c56f2327b49
dfneg_AoF07666.jpg,ff74323b01f26025028774bb6e0e570d815280689bd695de7f0bb1fcd4a37e5d,23c04c46f2327b49
dfneg_AoF07667.jpg,188d5b253e4ca3a5d591e6b3c9634febf9ddf2d947491401d14a7c6947a724b6,121a4ed990821c18
dfneg_AoF07668.jpg,5196a1e209746f79a446d14990b8a51c5cf1c7cc8bc226a68804c95cd43d5830,313276d99182161c
dfneg_AoF07669.jpg,4408da45583649a9bb12d5e0d951938937274af1a6367ee1e5c20136d7fb8100,313076d991821618
dfneg_AoF07670.jpg,f1ce4222444a5a69ce027c5e41d62698096c429249814de7c60559b7560801c4,121a4ed990a21c18
dfneg_AoF07671.jpg,88f32aa36b122d073d02855c62cf74a8cd6cf94315bbbeb1e425c74715a93cdb,3e2fe5cc39771731
dfneg_AoF07674.jpg,602545f7a09c142e92bfba63aba2691933aec90d97f4c61a31ee6a0601eb73a1,27091e5b33337b47
dfneg_AoF07675.jpg,dfac28f3819e0a480abd6a54ced964ed2591035c39165f187786542f32b31898,19436edb93cf9637
dfneg_AoF07677.jpg,d0052507b55568120e7c49fb931759c19c1102af1e530d0a62801b4b4e36902e,3a166ed9d38e9615
dfneg_AoF07678.jpg,2e8574ec1194083e114a85da35ca6a5182c8d62a0abf9566186a8ba5ae82167f,21594cd212535341
dfneg_AoF07679.jpg,f11ab1976ac0a6f82bd19505560603801ad707b4159de452520ad61c89b3412b,21594cd212d35341
dfneg_AoF07680.jpg,d50772d9663b65bf9eca373255c74953cfaff14e1e6516377c04d5ad17a115ee,21594cd212535341
dfneg_AoF07682.jpg,e740619e66c3d4bc8855401226996870a9d5128d0270e02a014dc0a7a57f263d,3b2fe7cc39771731
dfneg_AoF07683.jpg,2ccd73e986e56b5a1a68381f7470524845d5a3c080fc7bc14516644b47f80bd9,3f2fe7cc39771731
dfneg_AoF07686.jpg,3038cd71b6c01f211261d6cac1673acc2c90ca4705564be952cf593eda0e3f96,27091e5b33337b47
dfneg_AoF07687.jpg,169c6b2cc2c3ad8c4435f77610d019ffad07a074a2c455a4823b6dcf72f16581,29004edb93cb1611
dfneg_AoF07688.jpg,cda0e3be57bba41c627ed56afcb896e19af78b634960a9d7a4e250bb0b62458c,3d336edb93cf9637
dfneg_AoF07689.jpg,a07416ffd25af073e93f2798ed4647bfeaa4087bc2fb2cf2b09978f5eba7fb1f,0948cefef2327b49
dfneg_AoF07690.jpg,a9e0ef8e91d1f0d801ab9b9b6c8f81eb17b30430b70c452b5be640697e44ba57,0148cefef2327bcb
dfneg_AoF07691.jpg,4ceb752454a8210e29e87d1d9720ae8a526f3a3d127079771110e4b4212499e7,29b07edb93cf9697
dfneg_AoF07693.jpg,794b8072a9f9fb9156b1c3767237ae7d9f79b137afa6ba62e90177599fba4345,39006edb93cf9615
dfneg_AoF07694.jpg,c154e00554913551359fcfe41a99c45818e7c4d53a5b13eb718112dbfb14ef48,21514cd213535341
dfneg_AoF07696.jpg,e85acf5f8842ece8e6c76d7df53740a971d3f9794431a24431a15293c134e61a,29126ec993cb9615
dfneg_AoF07697.jpg,f601ea372a5e8ae26f3bd724b9baf3608a0866a2a1ad13d628df5ccd5ee0d56b,c2c0000000011530
dfneg_AoF07699.jpg,b3e68ffaf9a92088b61c7c05736fde63cce3bdee8754134025a4f0c0660008db,3cc7e5cc39771731
dfneg_AoF07701.jpg,88799f125e0ce118cc9d18bad5d3ee990970a7ef01a7194776b48723c48b0897,21e07ed9b3cb9697
dfneg_AoF07702.jpg,b5da85acbfe61e72f02c081937d9816b91bbd4395a37dc74b5d5ac5f2a0fd488,29204edb93cb9615
dfneg_AoF07703.jpg,d1babe4a5a4008099bde3ff4adea3a67b977b3622b058a3db465cf2334ba308e,031f9647797b3919
dfneg_AoF07706.jpg,969dbaed05567399aa846cb17008431b787f955ef2dbcb31c4c039808bee637b,00004ec991821418
dfneg_AoF07707.jpg,9fd8492be53ae13c3b745c4f43f3f84cee1e63c3a0f945647e00999057b99c86,29024ed993cb9615
dfneg_AoF07708.jpg,b8e228a01ef62504e06f8da95d5bc921673d39b3967bfe11c06b862b353d0a22,21070ed991cb1615
dfneg_AoF07709.jpg,3672e84d2c9d86b6981ebdf2697a604ee300103a5b1372f54f7ba2f476d45051,2d346cdbb3ca9637
dfneg_AoF07711.jpg,a3c9692fe9fa27edc0d0d38e2af425fa1aa87e90a09ce71c4b006f03a9d9a992,29006ec993cb1611
dfneg_AoF07712.jpg,5fb5970a2ac870cb8326bcb1e637343f8acbdffe3f2ea7bdde541816660077fb,088f77d951617175
dfneg_AoF07713.jpg,a6f779ba923fedd0c92041e6221b799ff407ad30980f7e5334df951e9df1a55a,382fe74c39771731
dfneg_AoF07714.jpg,53cf1015c0e1b08fb698bc0e226d950ebb6a7e61f2496a5ba9e15818525a0f28,391d5ed9f3cf9615
dfneg_AoF07715.jpg,2e1db0575422a51c601187b87d91eabda244266f67be82bf6fa59b2d27d20b50,088df7dbd36333f5
dfneg_AoF07716.jpg,48b6ac822e570a257b4780f098ae9cf915581caa62ab0387f52da1ec4ff396a6,7dffb9d9d97171b3
dfneg_AoF07717.jpg,a370a5d3eb41206e838288fba40f7051b7d6cbce25f20fa3a7b22cc4b9aa9532,2d3d7edbf3ef3635
dfneg_AoF08270.jpg,0f4418869e081adc3cdd495bf1df693bfe1e7450fd1ba3d010e6e23105ca7475,33377fdbb3cf96b7
dfneg_AoF08351.jpg,6c00cd352ccf4ff375a77b47a04c1a8618a7d410a28f2a6544ef447065dd56dd,00c3e5c107170731
dfneg_PublicDataset01286.jpg,e452c3bd5c719e2ff49426d780dda8231482732dbd908643f5b5ea374cdb49fe,6e6bcf4f1733b391
dfneg_PublicDataset01287.jpg,6f5868ae94c9a3e07186d57406a9221f72191cd0140d8c62d85d322329e96955,40215171f0c8d5b0
dfneg_PublicDataset01288.jpg,7aff7a6c7d07f3712d3e4343aa732a185f26afbec7bb19f215b18c7c94a81aad,19e1a1d56f6c6f8f
dfneg_PublicDataset01289.jpg,2dcbbc93d6258881f974774db5c14e64ab7b71d178806dc6824336203dd6fc4f,fc38108249418283
dfneg_PublicDataset01290.jpg,09d8f9b1de2163d2b8b383cf6b0c22f3eee551acdbdbad63013f4204016d6951,9f7f1f67c7110504
dfneg_PublicDataset01291.jpg,644ee4da2563d5f79701e8bed61e8d59f837a1a8321b972cb78dc1c54acfaf5e,c3cb0e0e8c4dca60
dfneg_PublicDataset01293.jpg,e55a005b790d5ff76d97535f7f705494d6187e9fc44d6eb082d21af9548ce3b3,4decb41c1c189696
dfneg_PublicDataset01295.jpg,0414d6694b70fc351984009b802bd2424dcf35924274e16de771c86b789c648a,cd64ab6869175149
dfneg_PublicDataset01297.jpg,d0691faef930e8ebb10a6afb4a6bbbad4f4bb36df6fbb7002d091e3a869866b6,070764301a1b7fcb
dfneg_PublicDataset01298.jpg,7fb41a5796cb7d4a8d2958a217293c89a8497059e5519c2f0e93119d6ca98121,131b4f1f1d6c6c27
dfneg_PublicDataset01299.jpg,0d60542c664ff0f5932af74ceaf71e09c6f3b874f85db83d6b61aa8951c61d86,8fcf0ec6c4dc0f99
dfneg_PublicDataset01300.jpg,11470ef256712e5e5f518dc220a4c182d08e0e0e6c4ae3d89105c161f68c80e7,2717964d4d0d2b0b
dfneg_PublicDataset01301.jpg,51e6ae05143c65d4448a3e35ec7e640df3eee72e826a779edccb412937bb1b7f,6f4f93334b88e336
dfneg_PublicDataset01302.jpg,c67649bd0c7a84c4705970a13daf3bb64665ab4b35e4808babe94e77fce7a4e9,3f1f0f0f898fcf33
dfneg_PublicDataset01303.jpg,48125eef62b932f3ff4fedcb67fca41701b2fb5bff277834bc74d58304393e79,70694d44e59d6fc3
dfneg_PublicDataset01304.jpg,2e4467e60c5ce2f45de40273ac99a7e8e757547dad306b127ea865cfd6dc37b9,1932e2c686c71319
dfneg_PublicDataset01305.jpg,8002f8746f2a5df07ad61d89b8909d6d11155ff270dff79196c37213ad90cd9b,070b4b4a4d67325c
dfneg_PublicDataset01306.jpg,465402a82d77a8e678ea32f1cfd664e9ac4c1c95e9e8f1ceb23c161220a1cd02,402c27430b83c3c3
dfneg_PublicDataset01308.jpg,419cd73eff56ad0d2a97f5954951648c374814011efede5c0c7f0f82c0b922db,0f87ad8bcdb1329a
dfneg_PublicDataset01309.jpg,c65e611c87333ae40c6fefffdb48226c96b426e0ed37f351b9f63850aa3b6cbc,3f1fefe3d877f3c7
dfneg_PublicDataset01310.jpg,5574860ae661ac9f6e640eb75764cb2c295960ba083742e473bd62a8abb7154f,d3f0f17ae6014984
dfneg_PublicDataset01312.jpg,a3ca7fd3c2290122cfceda695f8095b4b0706a866e9f574407bc3935d53c5a83,030302068c989f0f
dfneg_PublicDataset01313.jpg,55c086a6afd0fba4509b73aea25c9ea619f2ce28d97bca3b49ff618a390914fc,16148403414d2e8c
dfneg_PublicDataset01314.jpg,49fbd4ce076f5200a55c0909976a77548f2728c42add6fa5ff90024d0920e487,6c677777d70d0f0f
dfneg_PublicDataset01316.jpg,644c0b62b1c7b87f41943001f1ff729e390a5527d20ef6323e2d9f688695dd68,1818080057161e4b
dfneg_WEB09443.jpg,a9c6954d4ffbc08e8e86bcba5a13670a86e96b894c5c32cf81020d3d89dc60d4,1f0f2663048c7f27
dfneg_WEB09444.jpg,41e774c76e28a3e4b3052450c18e9bf4a106595c69e819801a11d5b96b14eb3d,0fc7c70e048c7f27
dfneg_WEB09446.jpg,0638a10f1e760addc49480ef05d4ca714f6fe619fff3acaa1eff62708bdedeaa,9f9f9f9f1b0dc353
dfneg_WEB09447.jpg,afa062f4febd232c479311c43216156a46db68f1fafc9acaac89a0ae05cc6a2b,0d0d0f0d1a084bc7
dfneg_WEB09448.jpg,8fccdbc387bbc91496d9c5145f73f3c7cb0ccb214e15371d0ac301a273f50bb3,3f3f7fbf880b3745
dfneg_WEB09451.jpg,05c3b68a38a6806522b5d17a330bc70e59bc9847395543c991445e1a86b4e5b8,3fffffe1e0030f47
dfneg_WEB09454.jpg,cad4d49192320f3028449c291799b34b5ce82a84fc9d291492f1e4c96e254f8f,3f7f3fe7c0030607
dfneg_WEB09456.jpg,07342cf3cf8fd60be65e3356959a56c6f9b3cac5ffcad52309e8413d2960ca51,f1fbfbfffb7bf6e6
dfneg_WEB09457.jpg,22180493a8d1eeb8467c85beedfa48ffe61887c91e4dc149d6a4bee37a2ec1af,fd7f1bbf9b0b0104
dfneg_WEB09458.jpg,3676b5cc4487560def852c51e3b0918cb6eb97e21114d65cd0fabaf61bfe1835,fdfbfbff9b7bf666
dfneg_WEB09459.jpg,58a8b9ff1fa681e25b06d86a0bf1be0e15ab90ac530d0d63b0fc28c9af305b87,1f070783973bf635
dfneg_WEB09460.jpg,a9adffa2fe473ee5b494fdee3d061590cc0a3526a2a135c3993903fa5c1882ef,436363c3133ffedd
dfneg_WEB09461.jpg,5c1a9451095998c95f24386a3b7b8853f577dc32d24339fa48e91968fff4ca04,2f072703973bf615
dfneg_WEB09463.jpg,d98e911875a2e28a8504f288959a55a5d74d39867acc2897dac8416ecfe37d36,030d191f1a33fe3d
dfneg_WEB09465.jpg,71112fedb21adc7187fa8d6273f916a85c7a7913543421ea3fdc9316322c815b,0f570f0f1677ce35
dfneg_WEB09466.jpg,9fc46254bc6617f3f1c76d12276324ef9787b5781fcac4a2323945ec783728e1,357743c3133ffe9d
dfneg_WEB09467.jpg,fbaebfa7b3a49c693cac23118a95edfc436669a06b1f578e783c7df13cff7c93,070f07070677c235
dfneg_WEB09468.jpg,5702d5896a80716cbaece5b5fbdb2b6722a3bfa39b76931fb54030cdc9f3b287,030707070677c235
dfneg_WEB09470.jpg,e75fc3495fed247b3c2f58ffa5af238c1e091384aa2bddf728311930a3a3487f,230703430777c235
dfneg_WEB09472.jpg,a130797e2af939ee616744015767bc99b504aca60352319a56bbd869ad75072f,336bc3c3577ff755
dfneg_WEB09474.jpg,f890d230dc83261f9d1634d758df2afdfe843d31b35e9987cbc968413a19ad38,0d0707c19824637b
dfneg_WEB09476.jpg,e85e3ec47a482f6040de2d4f86de9dee31afe7d9d67f273970d17b9aa59e2440,070707c390217365
dfneg_WEB09477.jpg,5d152d225d6a81d5227509821d398949a0bf0e8129fbd41ffe5e01ef6f2b0a36,7d7f4fc290207471
dfneg_WEB09478.jpg,91d10d1f39044a23b455e18eb3f1f29a86f118ea13b8c0531a759d5884f17651,454900c0d8ac6279
dfneg_WEB09479.jpg,1e52f978d7e3739f31620e122a9717a4741331bc258f83ebd5ab3a5b3193d849,4141030110990141
dfneg_WEB09480.jpg,8695384e3bb9b93fdd84a4ca8bffaa65c6370b8308141f7e24a5d76ba39dfdbb,1f1f0f0d0d050f0d
dfneg_WEB09483.jpg,2a888771886ca6747409d0ab4d6961d677a268cd4ba91513d7b5653cd2c5cd60,7f7f377dc1070f0f
dfneg_WEB09484.jpg,d5f43282ecca4c0a65c8c3da027183f6f207765206b39006434aa339b807ae14,75737b3fb439bcb4
dfneg_WEB09485.jpg,eea4a12045809d7d345352daf7fa87faca48a6b8bd20521c570aaa9533ee7804,071f1f1f1f373d39
dfneg_WEB09486.jpg,23516592f4f1a841aad7ffc72e29590cfc8178236631bcb01b73da2098cf0cd2,27071f1f1f071539
dfneg_WEB09487.jpg,205294186c69d78afbef195ee76a17f83297c87c81a1333a2f2c5c7da1a96de3,010202030b232727
dfneg_WEB09489.jpg,1738b6d0e2f688a12d77cad44ddb9953138c19100750a63990a5882d4d260fed,010102031b2b2727
dfneg_WEB09490.jpg,c3e138a8277b6fccfc03204cf2f5159d766cc9ed3fb39e775a6b665952199342,adab272093454393
dfneg_WEB09491.jpg,cb87d4ae9a13ec755634d67dbeac3cf42f1fdc16ccee0c44a7b1fccac8d13d66,000090800b9f9b5b
dfneg_WEB09493.jpg,53b889ce9d797a8a61f8693a7ec28051d069410cb6470749b2e2b09b21251c3e,010141017d676763
dfneg_WEB09495.jpg,ed152b8a047aa9490e6793e3a57e9231d64754ade6706790cd6b3e515dadcbb4,1f3d1f36f1251c98
dfneg_WEB09496.jpg,c598fb52d90e078dbf6457771408ea5912b336849b8ab771017d2dde574272ad,a4261bb696b61f17
dfneg_WEB09497.jpg,6b37df2e66a78ea1056e6970a509d97f6d214f6ce0bad15f9bd2a05d5d6983b1,0303810307ffe76b
dfneg_WEB09499.jpg,b20ec3591d602cda7228b76d4b8e9206746524170db98f40655e10f16eb59a4e,0d0f0e0f1f5d1e0e
dfneg_WEB09502.jpg,d59ccd8d4af270c305b97cf5471dcd5dbd4bbc7554edd35b6fdc724b115317fe,1f1b637bf3d3dfe1
dfneg_WEB09504.jpg,4fee3a4311f7d006b98bc9f05658bdf117bff5cee98659f385422508ad3d3976,4446670f27eedf79
dfneg_WEB09505.jpg,2757fd5a340d50a9d00cdd2d0ee4e8668b7220ebe1b7c8313e0d03220471314a,0707c7470703c7e0
dfneg_WEB09506.jpg,e133449351383c28adab0be69b3ad7378ca05d31239a033ef067a9b69c3cca63,1723676f6d1bdfe1
dfneg_WEB09508.jpg,a7cf7993e91f30db19a2c0312396824beb43c79babf75d19ec03a19d2ee4212b,110109010901c1c1
dfneg_WEB09509.jpg,379927938870b0adfb21e373870053cf2e9da237010671a05ec6e7cd24acede7,090800010000c3e8
dfneg_WEB09511.jpg,d5adaa9757abadaa93614e8511e1dbf617e880f9aea1b221d56e93efb318a7ed,000000450080c3e0
dfneg_WEB09512.jpg,b6686f72d9cec12e874565981614f4768877ad9b7b8d5e5b6d5552cbe05913eb,1f1f1f2f651b8fe1
dfneg_WEB09513.jpg,4acd46770f8d20fcb56ea5fa294e4a6bd046b893b48e18560323128fe12686db,0f1f0f67179d82cb
dfneg_WEB09515.jpg,f688d51147ed1a0ad554d2ea3338bb071c024897bc4536cc1e345cda1db7c137,0f4f27071f9d82cb
dfneg_WEB09516.jpg,489388d8802872ee2a83dfdaafee48905abb54b0e62febe57aba873e952234d6,0f1f1f071f9d82db
dfneg_WEB09517.jpg,86f681f109300ab1750696b314fcb4551d17488de0897cb72895d4f5f8a413fa,1717331b1d1d8a9b
dfneg_WEB09518.jpg,8dab2bf591105d2cff8559f008f4ada886c844c338158302466bb81da2810aa6,677e78331d9d82db
dfneg_WEB09519.jpg,c20f99220a4455fc27c101afdfcf3a9fd6df24095c69b4217bac31ded0009e78,7b5b7232159d82cb
dfneg_WEB09521.jpg,064b1f350efec72909fd643c8413c222bf97f39883bf4b1575d69cbd68cd7664,0f0f1b5b1d9582cb
dfneg_WEB09522.jpg,519d44a86c74b7db7799255af722a1fe48220fbabc6d57e20998bbd885923afc,0f0f171f1f9d82db
dfneg_WEB09523.jpg,f7ff041e410b0773cc163f5e36fe1fdc9e556115dd09937b4e99290ab2a37a02,0f1f1b1f1d9d82db
dfneg_WEB09524.jpg,cdb6fea9165726a88db3eac61e5c5fbe14d72cc52bf74f3862569ae05f0ec5c8,75737b1b84a1ab8a
dfneg_WEB09525.jpg,2e4745897bdb15f5132b8e3f504790d159725fb2dc376b5b31dee128cf1bf2ad,66625b1d84a18b8a
dfneg_WEB09526.jpg,08ef474f3ec92f60629081f4c80680743bfa51122ec062822ea34d724f3e4ef6,6fdb731986a3ab8e
dfneg_WEB09528.jpg,f495b1760401dc57dbb774d8f6f261d43cf233f264fcadab8b73f7aeadb5cbd6,e5e132998fb3ab9e
dfneg_WEB09529.jpg,ef5cdd33d11165e615026e3f741dba054731cd3e579195150fecb3d804905320,c16134998fb3ab9c
dfneg_WEB09530.jpg,b4c405d091e1ea52ed05108f69fe58490790aac1c36d6e592ef8a34a8324574e,2e2c383c3a031737
dfneg_WEB09531.jpg,f8e94f2912cfd9442531a953822adcd89bb2e7f4ff4308dffd5af4128beecf0c,925b60691a031737
dfneg_WEB09532.jpg,2ce6ca43b3bb78699526e2bac478710482f33cb54187cf026bf97f1d9f17e9d6,01010747074716d5
dfneg_WEB09533.jpg,8db118ae587f0901c996fed7193878bda7f55af604bc9e31e3ffa073c1cd15da,03070707050785d5
dfneg_WEB09534.jpg,2532a7ec1885cd858b44d5b84aa25d45e726e4fda55544a19d4338a4033a4333,616303c33b031737
dfneg_WEB09535.jpg,a1ffe60eb30ed66607c6f793ade60f668afd85df34815c5e19ee3fce3c6f2124,870706073b030737
dfneg_WEB09536.jpg,56c3c51e4af1b1c5f59313bf93213545786d455fa1f27df5f8732061ffb886d3,1c0982ce6c2ecd92
dfneg_WEB09538.jpg,8506f8a35949e7ac72890c3754b7f7de563e64bbf7333ef59c8b9f6887aff514,3032371a9adefd93
dfneg_WEB09540.jpg,d041a5fbed70953fd981ed167ce91f875e96894bef151ed4cbd3f400d5963bd0,6347cfcbb1684d25
dfneg_WEB09541.jpg,b304fcbebfa6a647a690911fa080daceb391269908905f7b425fe44707b6dc77,3f2e0c08667e6d25
dfneg_WEB09542.jpg,df4989bff9b27cf173bee7d89426337b52abfe559b2b14039907fa224a56f2c9,31308191b0722f2d
dfneg_WEB09544.jpg,abfceb9e45fa12e02cd01256845bb0ee32a9e74cc7d005ee930b79df4f26673d,0e00000070e9cdd1
dfneg_WEB09545.jpg,57b1d81f93d29735103ca8357cf08056eab597b58afc2e7602cb26147d287eaf,f8303c2c36921f2d
dfneg_WEB09546.jpg,53f57f07913b1e7fb7bd4de2e0de5ab28faf168c3570861f3a60956a4cedfac1,1f0f4f1f93820d0d
dfneg_WEB09547.jpg,ee97633ae22c6305a257d2d5325425b5aaed1a6dc97c6ff1f366d0f08b0ccd41,170f0f07b3820d0d
dfneg_WEB09549.jpg,20000e3a9ac50295c7eb5bc078669d197d31674dff4c61a7cf33edbb327a6b3e,3f1f071393a20c05
dfneg_WEB09551.jpg,32a2edd999d2cb0e987307f6f7ee414ec17b566cf0e570d3c405c25320738c2b,1f1f3f9793a20c05
dfneg_WEB09552.jpg,0648e38694194ca166f4c70f173f60c17d60a90440bda12dc69227481d0c6b64,5f7f6f93f1e20c25
dfneg_WEB09553.jpg,9a682113b715588f39428844311ca04e0a2654712abb1892484955cfb9206fbb,0c921c4e778d9dc1
dfneg_WEB09557.jpg,9a7198c094dd999ac38cd276d7e7dcc8212be523d17cd8e30107ee2a286681d9,070f2163476d2443
dfneg_WEB09558.jpg,3d26f85deb33ddf21d0104287be5e273d0cce9f88331fc30bf853178e7f8fe01,171f1f3f1c6d2413
dfneg_WEB09559.jpg,c879cbdcb7bf4ee5f7a8233fb5e6d0bda428ecfa6e279fe63e7c3b92395ac07c,3f5c2c27156d2c17
dfneg_WEB09560.jpg,018d8fa951b3bf2e3df6bdcd9dd3b8a6ed866482b007fb54697fadf2f57c4aa0,1101010003072447
dfneg_WEB09561.jpg,b5e2899ca2aa92a4c23c7e25c6a3eda4e0298ceffa205cd21abc3a63a5defe0a,fafaf3f7ee6f67ef
dfneg_WEB09563.jpg,7a549320e7e1b79058336a4cca6a2167f0354678445f14aac22ceb3c4a0a6a9d,07070707c606250d
dfneg_WEB09565.jpg,5c240fcc56462f6e3ca32cb0a94cd6ef3b6dc0e7c5bdaf2b1ada3dda8a6533ce,03870707c216250d
dfneg_WEB09566.jpg,2bbb5c02f8bd79c0d130a6c66c22af56c82ba0ef6d56d2e84872535049c24d9a,0327070743102d0d
dfneg_WEB09567.jpg,aeacee0189561b036723e0b39ab1c87e866a7e7b497a1bce4b74a8bad1abb0ad,37171d4f1f594d5f
dfneg_WEB09568.jpg,aba4acdd791bff383c3cc883b695755f604af509e0b92d718f23f12703fc49d1,270f1d4f1f594d5f
dfneg_WEB09569.jpg,32680a87b4074b0ad0a14638bafecd7101259db17fbd34547c922994b257a291,07071f0f1f5d4d5f
dfneg_WEB09571.jpg,8fdeabb91c48354d00707334ad4474b0b51b52a7c33bdee4dfa0e11046921695,65171f4f47316d4d
dfneg_WEB09572.jpg,1a9037fc233e105c6cfbf144ed7ba689feaa6d62f4defe66ba7ed778f4795577,4f4d514747212141
dfneg_WEB09573.jpg,efc3cdb26a59ca178180f4f8e79465db36ee836513b0d6b372c665c8de61b5c9,7b7f7d491f195d5f
dfneg_WEB09575.jpg,3757228465e8d4d58216deec1ce25ff2e11ea7c7a08f45fed721d719829761c7,7f3f3f2f1d595d5f
dfneg_WEB09576.jpg,f9b8f1d7faefaec42697dadbbf91df401de6e682e06446e89e9092b956afa28e,3513074743212949
dfneg_WEB09578.jpg,7aa30105f65001b90851d1da1218b78ece54935d9820826b29cb89def421616f,3f3e183018890302
dfneg_WEB09579.jpg,824dadf2000852a8f0a951215e809bfd0fccda9314b93d7705bb35de158d2bc9,3f3ebf83170f0311
dfneg_WEB09580.jpg,0a2bf445952c885274b7731a732948afcf9aa2c6deceb14740b3f74bf80417a9,1f9e9aeb3c1f8186
dfneg_WEB09581.jpg,f04e39fdc38c690bd9c05b6c61d914931830c9565e1c43eb9d781f1a3efddf9a,1f1d1f9b9f9e0f85
dfneg_WEB09582.jpg,6f9686d5e3be863ee2053140bd349d6e432832f3f7d79a837a56df39dddff427,1e0e1d1d9f8f8f95
dfneg_WEB09583.jpg,9a3070566352873a7a81e6ddd832783154ab128b42b55844627e321373889d51,0f1f0e0e1f1f9e9f
dfneg_WEB09584.jpg,a479a4d0a28d278e8f23b51466f9d8d2351c80d1c54b95fdcc433d53027f628f,0f0f0f071b9f8d06
dfneg_WEB09587.jpg,4a51c59e7371aa5c13dc5a1da04e449ae0485d1bfd38d51fe90b520d7c1bd00c,03031340301d8dcf
dfneg_WEB09588.jpg,1a698bc25042a5d2354cdf7a5fa6b6f1cf25d7a2056d86e1d996849d6508f472,07070706161b8dc7
dfneg_WEB09589.jpg,8d5180e3572f6434c6fcbc5c8cf4e5468210c94471509a3329e93c9b40679e20,3f3f3f3f93d3f859
dfneg_WEB09591.jpg,b9add91655ee2039486bbc09aaee7777928870d5228df1f54ceb2ae2dc3066b5,3f7f7f6c2b1ff9ec
dfneg_WEB09592.jpg,7770dd0dc819051b7fdf5a41edfc75922a9f043781bb5ed2ab15ead6efa073c2,3f7f7f3f27aa99d0
dfneg_WEB09593.jpg,7da822bb6fc850d09f12d8c12b8df20b34067ec4ef0f05761a7a558f13df0991,3f3f3f1b1b9aeb7c
dfneg_WEB09594.jpg,75f5ae7bc3a3c62fb1f8c8fa6aef8a99289c17e85dfd16c93606723747109f59,0f4f6f0f87e3cd82
dfneg_WEB09596.jpg,41cd4a5900124cdd1c7dc2d46bc994ae4678db4d93afa77d50e49b8c34fdd7b7,4746c6cfc66e7c16
dfneg_WEB09597.jpg,c16b98dcb0a721b212ee803c83f673ab0b9587b1ae3b581669693a4085e5fc27,1a0e90e9381d8e8e
dfneg_WEB09598.jpg,bb6073aba6639906bdb32b7727a316cfb28bb40d59a754bf3a2b95c7c5f5ee46,010181442c1898cd
dfneg_WEB09599.jpg,7591b44e272cd270627bb487c3770c62eb25d30199d5dccc68c46fe4a38ef034,8180c0a69c9c8dcd
dfneg_WEB09601.jpg,dd64fbf3800d697cf975171003528f3a6a040e88ecb3c76cf30400d3de272564,80402088c72d0ec6
dfneg_WEB09602.jpg,b9bcc2b98515fbf5d3f1328584c6709d7c8f06c2e3b21565eb1a0372bca04dd2,80002020a40e0dc4
dfneg_WEB09603.jpg,86dccf433b3195b7d51d88a8a394f6e6986f7cdc1ed8bf209a6294c8b9850709,8101012109602338
dfneg_WEB09604.jpg,8d3422a124e78f8c1f43a24c6666e27cff10b992ff48284294ab446e2da36b30,070707839373b8cd
dfneg_WEB09606.jpg,4d99515a2d474bb84445cf94347cb58bf52d26c7b0beebae3355492b5c4b9cdf,03010146663a1f07
dfneg_WEB09607.jpg,7808fe795a74d942ad626c2d2382712458533809e81aa30a4be258087a646cc9,010001351b0f0b4f
dfneg_WEB09608.jpg,b6d9db3214fce89fac9110f75d0310df7572bb4aea0c5e310011966acd2778da,030706c61a1f9b8f
dfneg_WEB09610.jpg,e069dee5235319c80412c05a8fe9b9d3b039022005f5dd3226aff87e215ee9b4,efdf9f4f45d8d2b6
dfneg_WEB09611.jpg,5e16e64b1d341b46bbf829db5ef369ab4b0d9a4330d1923c9590cbb89b5efd11,7fbf9f959591f0f6
dfneg_WEB09613.jpg,aa7f2d1697bf1cf1378d0bfa0ccb697edb01c8ec377cb890e868868a01a7a59a,ffef9f9d3d334f46
dfneg_WEB09614.jpg,68447efedc364db8964ad8457b70630a06e367faae03c0d7238dbdca8dac9796,7f679b9f3c334746
dfneg_WEB09615.jpg,c148136b5eda7533dfc7cc98e5f552be9bc363e68609935daf452de54d70064e,170d0f1b13070f38
dfneg_WEB09616.jpg,da992f7176767bfe250aedd9c37b080063cd20d87590f08ed7407b14bda94ce5,0f0f2707071f1f63
dfneg_WEB09617.jpg,55c54c7df1ae644fd39a68dccf1635beee05af88f10481df588b5d1526238ead,03841cddfb1b07b6
dfneg_WEB09618.jpg,5fbca7f14ef8fc032494bba1e774bf750e0c70cc31d0c32852649089d71e6df6,030727cbcf9b07a6
dfneg_WEB09620.jpg,a0ea257d0e0d629c3d9887db91fc23ae8bf429422c7e52752ac0fe8eeca1d6a9,37d3da9e7d334e46
dfneg_WEB09621.jpg,a7e4fc62a6e697af19fcdc72c963a7acdf270b31e2bb9ca79e70dcbaf6df6565,67e39e9e3d334f46
dfneg_WEB09623.jpg,1cb7bff16079204df7dec044e7096b3c40b04568328cf4bf19471f6274cb4ba5,0707070787270306
dfneg_WEB09624.jpg,041e2d0def8ef61bb17c2fe584fe36c8792bf69d9694a86188aee79815335474,030301010189408c
dfneg_WEB09625.jpg,a5a81d29410bd17f3a80dbf903b6db79cc6e1e677aedab25112eda287c64b788,0f0f0f8703132506
dfneg_WEB09626.jpg,1444643392a7298e004760d064db56c32bf13623f670695daff6f1240526ac9d,0f0f0f8723133506
dfneg_WEB09627.jpg,6f8536ecacb132a40caa916ca464a58af9d1270d63916811576abcd4146a32eb,ef371b1d36834f5f
dfneg_WEB09628.jpg,ddf36ebb178cc05c4b5b11c1e38095c4993bf6b5036b4dd29ccc62f270be50c9,c777379f6b431769
dfneg_WEB09629.jpg,0eb9fff19069d81064c54943c3ab3722e4c5d175d987b21ad6141e57320b7a9c,0000001401131601
dfneg_WEB09631.jpg,78300f313a26ac0b1bb3d701fadafe29e79f80849bc62fb69fc5aac4131c88db,df2b030303030700
dfneg_WEB09632.jpg,687e8dd74f5404f2709d81f6bf45f9a09c38fc034a61cfb14c68264626457ad5,0b4b073e7e171d68
dfneg_WEB09633.jpg,7396c52f06e9f9832a3a268758a6d43cd4de1bded2e75ca4a4ebffff232aab17,f3646d8b99d7df78
dfneg_WEB09634.jpg,d822bac82a4d4864fd97fa2a4f5401e804befc4b522b1dc06d21905eb6afb775,7973e6cdd8d7c778
dfneg_WEB09635.jpg,1316b9cad1cf38d3439f5a6a364a6a260d94a1f1fbf3c77cb3e6493e22ea521e,b9cfce0d1fd9730c
dfneg_WEB09636.jpg,3230bdcb30e2914b65bafda4f961b0766f267eca63ab2fb10cd1bce70d72cb8a,ddcfcf8f0eed731c
dfneg_WEB09637.jpg,4036697db83584b072369ce438e8fbab049f6c734097268b14e4c8a15417a2df,6767c78f0faf7348
dfneg_WEB09638.jpg,bd5cbb6a11346d68abccbff8e0a1b893b358691e0338a4d70f62b5b3a4221351,96462705010b0f00
dfneg_WEB09639.jpg,1ec3d6e37aa507861606018dd4218d09c27890b290b61b60559108bd13a28fe8,0000c0c040409e3f
dfneg_WEB09640.jpg,6e2cc3b23e01627024523dfe340b00734b13cdd9f5925eb4688cbac7bde0cdde,c0e1ece0f06c1c80
dfneg_WEB09641.jpg,bed2c8e1a37c0871de577019a6af6592e2c9c1352ec084c328f84e3dca20f707,c0e0ece0e0cc1c00
dfneg_WEB09642.jpg,874b714f9520cb23ac91893bf53f6567de8326dad795c54be9f1e659f7c26d5a,c0c0c1c1e0881800
dfneg_WEB09644.jpg,71aab2ab3b24b7b2b6d57ff645cbc8d7656d9ea842946855ed138e9f3e9a63ef,83cb8da6470f1cfd
dfneg_WEB09645.jpg,f4f978dedd58b8ef78748392a4328b93e3dce5f6a35c0fdb9812241674e1f1d9,0f8f8ec7470edebc
dfneg_WEB09647.jpg,001bc3b4aa0d1b606d11ceff59d5662a63b310653b3f1a247e6327fc66f1ed11,8f9f0fc7cf0e9ebc
dfneg_WEB09648.jpg,edb665af024be2be0660863d72bebbbd093c131b8255968c61c9ee192872ded2,ce79060703031c01
dfneg_WEB09649.jpg,f93da595f22fbd3a276b882097103aa0409ed2c094ad44c0a35ef092f2d64405,cb79060703031801
dfneg_WEB09650.jpg,8687cfc3c3188eee5c5146c49ee7c81734f3ec3d8d8d5d78c820e5eec0730a06,cb79060703333801
dfneg_WEB09651.jpg,f7875f334a14d7c59e3b642f21e4f197d8e43079e14c5c69b1e7f3ed90d5247e,c679060703030802
dfneg_WEB09652.jpg,aa13b640fe15c8cb65d0c38bc17c684878e3c78b2fa82851afd634ca65f0bc8d,9647230509030e00
dfneg_WEB09655.jpg,e6da94eca1a2219fa6ac1df1977d9317ef19ad833501aa3d41aa7ffa7d549a54,0429d60626022800
dfneg_WEB09656.jpg,af86d46bf01f11d145dd0c1ac0cbfa48c5bc2081cf1636e1daca47d42fb2c8ee,0921860626030800
dfneg_WEB09657.jpg,53064dae159bed0d4a5c3034f4b59b3721fd7c3caf08534ac43a4fab95de5595,0424860626024800
dfneg_WEB09658.jpg,a908d36987fd0375359b81fbd4d31bbb0179ed586d08eb5e6f035942829416d3,0804860626020000
dfneg_WEB09659.jpg,e4778c0cfb08767d43c43ba4fadf120bce69afe0fab15974a73db11028cecdf3,00080c0606020000
dfneg_WEB09660.jpg,55f3137aa210627a428ef94299772337f581e31a82f3424369cb755368fd8a20,c0a0d86824c0427d
dfneg_WEB09661.jpg,cc74890287975ab22b8fce5fe736bc2de7319e0e4589f544fe8c1cbfb872b994,6e371b192e264b4f
dfneg_WEB09663.jpg,5aec12a0acb7f8908e3277277a1298bcdc25a2311b099b8d925f81558e2d2667,ef371b0d2a274f4f
dfneg_WEB09664.jpg,c4349fbbb1b0729a2a6e4485f2a5fea2ff4599914bf3fbbd78252f244ebb0826,ef371b0d36834f5f
dfneg_WEB09665.jpg,d5d6a5bd42c3c659a7486626212dd20eff4073143c6e6c2cc250d1fb70e63524,0000801001013007
dfneg_WEB09667.jpg,91194a7ade7d687b2d0e540e3a11cf1457c2ccab6a9fed6771c28b5aa7fd079f,00422a234b0d0f17
dfneg_WEB09668.jpg,521c10987aec19930466e8fefa9269ae041ad1f4771c8128214293f09929bff9,6fe7cd23070f0f03
dfneg_WEB09669.jpg,c260e05e09d77aa10b62d368a44e3ba494d1eb3bbbd67e3f50b666d8911182d5,93c7f7ff6fc70f0f
dfneg_WEB09670.jpg,b9881a36d459923d670eebc1d1639ddb8abfe36a4048e2bd60251fcb58653d2a,00000000070f2f3f
dfneg_WEB09671.jpg,464fa6a021d58e836500ee24c33c67e0e45b78dea50f4ed396acfe1d00f75a18,000000060f1f0f0f
dfneg_WEB09673.jpg,1bef0059b141edfd3958d865f7d258c525ada6a99b1655c50e2bd84845082652,400327450f460313
dfneg_WEB09674.jpg,96dbb116bc4e582c5c777d40ae99ed60672ad44f8c441298ea1a05ad2701e2df,63779d9006050306
dfneg_WEB09675.jpg,c004a0f7c38aed4012e4532bd19cd80a63194c01882b180326137c3c047668c2,03431f45470f1319
dfneg_WEB09676.jpg,c813ec4e45a0be77122be91f44e4716b03afca4b0b6a544ba4ac6f44aaa9a265,0a868c0387071311
dfneg_WEB09677.jpg,4d1078a4bea758fa09855db095b2b0949553f4be081494de2957b20cbb1535cf,80100400100b0b10
dfneg_WEB09678.jpg,e2ab970e48831c37592e3361683581ed01dc1427031923cf9bf33465546393f9,5048206666474301
dfneg_WEB09679.jpg,07ad863d7a965c53d7988acb56800367ecd5813a772eb58ef67e75843de37c3e,402091000b0fc713
dfneg_WEB09680.jpg,e1f1a71fb9c0f6ba8369c2ce4a679eb320307bdc7a8cf3edbade416da01c0e43,008002c6c20f0313
dfneg_WEB09681.jpg,b7201ac9e2d1f0b1434bc750694dc3220120e4332a66bb95f159423849f4a3ab,4100098f078f6727
dfneg_WEB09682.jpg,b466999ba6aec59b7336fb77fff22d26f76e8738792394309cfdd1e14095e96c,0903875b62048712
dfneg_WEB09683.jpg,06c64a5a29bd5e2b180557b98f80ee01191a1eeb80891b2f389a384034f34a28,36bd8faf1f0f0703
dfneg_WEB09686.jpg,ffee67aac33d2aee09c1b429edff3e67da4ce76b97b7a2d48d2b1e0791dfd0bd,21040325950f0301
dfneg_WEB09687.jpg,17935576451cef0f7292654bc5aa78e7aa5430896056decd819576005d6c7f2a,0401950f0f070701
dfneg_WEB09688.jpg,0989f97aa8d0a3c5ebc938df05e8903ac1aef58ca2cadb9bf578c8ff39e6c759,530f0c1e04070301
dfneg_WEB09689.jpg,35b19c3f166814f40745baf65464373f15986af24060713c0f5760778ffa76e9,9f9e9b9f878f1f1e
dfneg_WEB09690.jpg,c4be24b2a47077484e0f3ce40c0b2eb91bd261c9a7134eda00b2704e42357ef1,173387c78f0f0f33
dfneg_WEB09691.jpg,b75bf434e4d09f5c34f699975b1a0d5ca6ee6df28cfc9e3aa0bebc45c4331d5f,472f2f4fcd0f1f1f
dfneg_WEB09692.jpg,470d7eb699cff0f50775132cdd007be02cc3bd5cfd03c70fba9de7788832e45c,4d2f170626071712
dfneg_WEB09693.jpg,b8a99fef84eab08d6e6067666b93620898a0805ea4e2bfb6d72204edc995d226,06771317171f2f0f
dfneg_WEB09694.jpg,a05283d1daccb2d935802a869f33a9d43a649c764b240fe94bf1e7e199d057a3,68081d1507040d15
dfneg_WEB09695.jpg,f91473dee177d3a4de53dfe3e18cf7a23206c581c66b3cf94a31023c0d06025b,d9da784c6c0f0d3c
dfneg_WEB09696.jpg,ab1220d198ec19f733be6bbd4f1411bdb4200b8dfba68e461c3b8f3c1acb1e45,c3c7838280010f0f
dfneg_WEB09698.jpg,ad43f94d2fdc45f1066d81b0de844cd7c8de6457db9e743f32f0c795fdbc6bfd,260b000807030705
dfneg_WEB09699.jpg,5319e2faa8d84add7db9fdfed246bf8c5a82b09a967dcd195205e4efc532706d,1ffae589c30f0613
dfneg_WEB09700.jpg,c90ce294250d702fb21493629847d5b148def2224caf141bc9836e45c2b3ad80,878787c7c6071f1f
dfneg_WEB09701.jpg,2b678404297f7656b6a88c263fe5b27ef4046c22a10ee8b87007396c3e956646,2b2fa53736061f17
dfneg_WEB09702.jpg,1011b5fe6cd8ca82916ddad833e62d2c63fbc3767bc3b0371999bf555301b9fb,07171b0d07071f1f
dfneg_WEB09703.jpg,8007e9cfefe6541102f16640663b4ebb8a18c6f59eb1aaed765e24d216dd1467,172f1f9f371fc7fb
dfneg_WEB09704.jpg,b88a9cac05c4671abc2db85c44ec7fa6ef484c698c5e7584f29a769e05f28280,b73777bbbf373fff
dfneg_WEB09705.jpg,15139eeb316b5d02db7026f92a315c358ce178e420977f43243db48325b0bba2,cfcfe7cf8e874f8f
dfneg_WEB09706.jpg,1a1c3c7a64096adcaf550eae78717e78004736978163ba454e0630a2a43da16e,0f0f0f0c874f0f3f
dfneg_WEB09707.jpg,692066539b34751a8887713c74ee882fd28c7094f7e77d7afbd4c93b34d825cb,79f97d77e77fff7f
dfneg_WEB09708.jpg,64eb8807366fbce8346e5d1b6ae61826126059ed98e96d48d5bfaa1325c2120a,048b1f26968f0733
dfneg_WEB09709.jpg,18dd4d4b3d111cb0a7525009699e38aa322b80710a09f0e3d05d857fe6b6c6b6,d4cecc90f7751f1f
dfneg_WEB09710.jpg,6c94014824908040f7d68b10c389082eb424de7417e2cb95499e97af4f708362,2b2b2b293803070f
dfneg_WEB09711.jpg,6f8062c1dc7cfe91312ee5d151b6c90a45ae1c1534cf04dd0563a7c07101f4c1,0107030143000307
dfneg_WEB09712.jpg,35f832e007efd0a07c8098ca7eeaab112de0ceb55959d10306dd216375acc83d,0e9e4c4d0c0c0f1f
dfneg_WEB09713.jpg,ab47aaa56b9db892eb64378971630c58fba92cfb922945628cbd3238dd2240b9,0d03535640000306
dfneg_WEB09714.jpg,be7a20fb4ac980dac8d650c6742414e479ae9100e782753bf4e90928c582be42,4626272727070f5f
dfneg_WEB09715.jpg,20c7a5de86704bbfb9cd30b738832f0a3b384c0a5cb73775ac6a3fa1aa1bd8ef,230f0d87371f1f3f
dfneg_WEB09716.jpg,d338bcac3a532148d1223b90ee9fa5e744d2ea4bd9ce2fa519f573f95e404de0,672e989d0fdf1c06
dfneg_WEB09717.jpg,7df7be0d71d90706fb3e298c1226b9fe7760e0bea01e1bc0eabec895a0976817,0404010001432403
dfneg_WEB09720.jpg,137942d6d4f87ade70cc18ea819a8657501a3929f57a01e12d3e0424ffdc50bd,0786f9a584470f1f
dfneg_WEB09721.jpg,198aa849dafbc38e616ef6725136caefb3cfcc13d23d9ba439c174748d367b72,1c0c1c1e0f071f1f
dfneg_WEB09722.jpg,042189481501841ddeb1fde86e0f082dfb7560423495e78814c995cf3ce90a20,2404842035860717
dfneg_WEB09723.jpg,d77745708e4f6b6f3e8b8ef3eec288490ca29af014a3e17387a321f47cdd4234,856652180007070b
dfneg_WEB09724.jpg,bc905c822b28af06a05ce4f22bf09085e78eefa6d7ea00ad7e1715a18ca3a687,4918180c180e0f1b
dfneg_WEB09725.jpg,2411c090beba430d40daa1b69c04352f2426dc5db3121008017956ebc8c0ca19,401a0c0c44340707
dfneg_WEB09726.jpg,054def9cdf1447f624cc8779bb47cf2db8b14779ec2b1b3f76a4a3cb15d51b86,1bd7dfbd9c874ffe
dfneg_WEB09727.jpg,2b01e42d695fad5a8aab7bc69a589a220d071ffc24c2486a327b400676cfaf3c,373f5e596b9f0f07
dfneg_WEB09728.jpg,eab087f2c2d864be2c22bd819cb7e44b50c1759c434238d9b837de19bb911b5e,0d2dac0c2c8e8783
dfneg_WEB09729.jpg,d348c07cf07f87865059260cd8fb0beabbaae5800031e49c9b2d08c565e2d5b6,e5e5e764440e0707
dfneg_WEB09730.jpg,6916dabba1d3af8bd8ec42cf160ff717b54bc4e78f884946116732f8f2bcd486,c7478786070f0703
dfneg_WEB09731.jpg,a9a9b50bfe986d6fd2d36a7f5012dbb1d38a6ab7dd3cb93fa5497f0356645b69,5331968448070f1b
dfneg_WEB09732.jpg,6122a4f4bb3ab1a99b8afda36df58f369314c8eee0d85cab03b35ea1137faaed,cb4f03990a070713
dfneg_WEB09733.jpg,9219fd49bfde5886c285a3005ac46336a58fa8d3411c3ed24c8cea5ed5cf96a2,868f07470f070f1f
dfneg_WEB09734.jpg,6d8de590ac6a5e6ab989b66229e0d8d22313d05d4fbe577a570a99d5fbfc1a4f,181a1b0f240e1f1f
dfneg_WEB09735.jpg,848966fa4eb46de68c9d478c8af7015b66bc2b6da5f76744c296ae05e8fce9f4,a30341301e0f1717
dfneg_WEB09736.jpg,215b555ae27268a1d9d9b640e0ded920a76ecd017c18ed8600e3bd3016dd6f2a,000021030b25030f
dfneg_WEB09738.jpg,781c20373e14147acdf75685dab1b1f960b4f162f6d8eddd66995a3e05a43b71,1694e4d7c3070713
dfneg_WEB09739.jpg,c6194ad115747e13004b6ae4ae39dd53543fd11d50ccb6eeaa3ade3875b839b1,052521018d070f0d
dfneg_WEB09743.jpg,079b3c7f4e08ad51029847269ca49007f2da163d2fad1e35c03a5ada77fc7f80,01b9796311494151
dfneg_WEB09744.jpg,e0a2f6704504eba02b475afc03567b7f77390a19ee5a1f3cd00866e79c9189cf,230f3d2e11494151
dfneg_WEB09745.jpg,82e60af10498cb79bd48b6a48bf8da8add2fa643c49cd7ef830e3798aabba332,43073f3f11474151
dfneg_WEB09747.jpg,fa880f4f58f48a303e335e8c5320c468c197b307f5ba527c780c1c64b01a9ef6,0280a30b0f1f0f43
dfneg_WEB09748.jpg,9a626d68509be4080e0a8bc93f357e05477c6e3c28740796d1964522969aa870,0000020607070606
dfneg_WEB09749.jpg,765128fdef1611aa042b5db8b7e3cf09797d0346839575fa2cfcfe60367a0689,67331d0e86483e8c
dfneg_WEB09751.jpg,dea5358615405838b6c9ffe126c5cdbf4af7487c06b6e7796f2a339bafb0ce2f,700e073088483eac
dfneg_WEB09752.jpg,434c09c7a8a38aa1391f634d555d01a1476a9a910f214838b3402a4cc49b1f6e,600e0730884836ac
dfneg_WEB09753.jpg,27d8ce9a16dcd2695458c917c5fb34c51c8e8f9dfefdce8398f1c03ac0a25ae6,c00e072008403630
dfneg_WEB09754.jpg,5d67c34f035b79f1d0721ed6c169fb2ffd74adb8a99a563426850b3d95757a13,8000000000403230
dfneg_WEB09755.jpg,f016abc54216249a0b382f8d1e0c74cb69fb4ea7a23e3e3bd9313ee85bb72e4b,0000000000402230
dfneg_WEB09756.jpg,1aafb7858830fa5cc90b4c27a9349c4e702d9516201ab1a4bee2e2be9ecce922,0000000000402230
dfneg_WEB09758.jpg,d99ac982613c18420aa286bce3ee16c8987e9d0b255525228a27c141f52fdd69,9f0d0f83198d919d
dfneg_WEB09759.jpg,25ea271e17aee6efa97555e77002a4d63bb371cbb35ed6332a9e951d25da7846,07070707c7270f07
dfneg_WEB09760.jpg,0fa6d4fda889ec5524a8433a64e008a612b1fcc5d42361f725cc4da8a1aeacc1,07070707c7470f8d
dfneg_WEB09761.jpg,0fda81401c33e0631e762061b2a1cca5ef331ac9eadbc9012fe9423847b46e0b,068f0f9797269517
dfneg_WEB09763.jpg,2c76beb571432e635c8d070445e944ccfcfc967a20a2ae9057a9e8ba4e8bd0a8,07072f9797269515
dfneg_WEB09764.jpg,3d1aeeaaea37474a03cfb1da4b8a67b054e44f49fc85889e1efb303714d64fb3,07072f9797269d07
dfneg_WEB09765.jpg,7811c0b67c85b9cd0d3b02f70e9ea230236a30c093cb636ad63bfc8c74e56db2,068f0f9797269517
dfneg_WEB09766.jpg,e9c4a8b0ad0397576b3eb57b62138fd3b29f8f0ef2e2cc321c6fa12b3d44967d,07070f9797269d47
dfneg_WEB09767.jpg,6853a66694c57cdb0834284ca5b27cc35fd773689fa4e6ee9330161af1d8b45f,f577379fdfe902cd
dfneg_WEB09768.jpg,5a66e534d9e10615af5263be89043e7ebeac26846e2f44bea75230bf68424796,9d3bbb9fdfe802cd
dfneg_WEB09769.jpg,5c6e8b4fa566ec8c161e8d591641d23e2b0ec84958c7658c5a83858713bb0031,f7ffff9fdfe902c5
dfneg_WEB09770.jpg,ef1217707defdce31ea894fc3842ac7d7e725853c5c22e59413801148bc0ebda,cfdf37afffe902c5
dfneg_WEB09772.jpg,d284d6bbbeaa3c33dc1c0244bc4bd35f1dd3eeb3356648b54a34f299c0f15f50,074743331bce9b99
dfneg_WEB09774.jpg,8b874341817c82062ec5f00e85caaeb716878948bcb73f5873330b3c13f17bba,3f7f37361c180803
dfneg_WEB09775.jpg,ecd03a160b233f98e6450ff9a1d19b71ee375d4db06b6c2b89a32c4b6d836592,0f1f0f07194f135b
dfneg_WEB09776.jpg,3c1bd5ffa93c17e5e9b1575640d53ae428785cc7c607af16dd06e4d2b12677a4,fffe45c91385c587
dfneg_WEB09777.jpg,c7f940c056303ddfef6a8864252998fd2a6d3486a41b2571277a9d5e3476bf4b,3f3f3f37743bcb8d
dfneg_WEB09778.jpg,0fb6400b655b55fb77e814ec639626b5915aff58d7188ef8a63cd26f8b9a195b,1f1f0f8d7c0f0b0d
dfneg_WEB09779.jpg,dd3d22970ba7af1abf83b317082924f18aaec44f02bada8e54d3f4150ee1b623,0f0f078c3e9b8dcc
dfneg_WEB09780.jpg,4aa2fee9c9646e55308e95a16ced610c114ae7b661bca62b6d301444bf7f6cb5,3f3f1b1b4b5b0acb
dfneg_WEB09782.jpg,35c61a5596e3592469ebd4cd5e18a012c8dec516b96fe4636cceeb7a1bae4e61,03320f47050f0305
dfneg_WEB09783.jpg,807a35b7c1403bd1ebdbf61eb2c7f2a3e3da983c2b4c5b4f9f8278ea09842ce3,09d92f29390b070f
dfneg_WEB09784.jpg,d384bb8f1ceba1abeaae1b1d1a94303baaa1b14186d79cadd0846dbfd3caecc5,3607070c19051f1f
dfneg_WEB09786.jpg,b402f10e63d34b298446a619d7f65dac67ef9b2f4bd144b7be1cda3100efeb9f,039f1c391b1f1f1f
dfneg_WEB09787.jpg,86502cafd1fbf9671ce18ef1d8844e5545b3d281fbcf1c3802cb8fd745ff2e8c,391907170d0f3305
dfneg_WEB09789.jpg,d5759d4287ede4df48c8f22543364a3551e8993204a8b5690be910f27e51d831,bc1d6d2d0d1f393c
dfneg_WEB09790.jpg,62a2819bb69d6960b09b08beeb0a8d69df7b22fbfa74dc858f48383ef0b4292e,3c0c08290b0e29f5
dfneg_WEB09791.jpg,2c55a857037d9414a176c80ed0ee0119c6d7ce013de2482e2f0e6c32ddc9ec54,00000051bd6edca1
dfneg_WEB09792.jpg,89937ce38171916edae0a567681ecdf57f08941c07c9c5b64b9d36321d870c0f,0330c33ffdeed8a0
dfneg_WEB09793.jpg,2472833d6ed966c0f6f080175f8e09f53fb86138940324e87e443bb72f18ed30,0330c33bfdeed8a0
dfneg_WEB09794.jpg,1df1509e1b2a1a3c61680c6d523b20a33a0c300ebd264e84e474aed5f3b3a5ab,0130c13bf5eed8a2
dfneg_WEB09795.jpg,4c7d070002c21909de1c306c4422cb787b9cb68c74d1407362c2c4c15615b8e0,0110413ffdeed8a0
dfneg_WEB09796.jpg,f6e762f90c15a7038d8d51f442850e9f9d7357c8c47ef05d0a3e624d1c9034d2,003048b4373f1d2d
dfneg_WEB09798.jpg,0f48e03d8b0c63b2c7eeeb58ab593e78430173f2842cedf6103b3fb3592395c3,9333202b0a1c3f67
dfneg_WEB09799.jpg,657bf9edd62a74acf0082fce3c951c9cf3730ad06a86a0a5d8feb0098bf41c8a,2b3b1b4b0f1f0f4b
dfneg_WEB09800.jpg,e98ffbe98a1d861290e3c99ff0389e1fac5bc0b583d3eb279c5217ada2aa3f28,0d199151e1371f3f
dfneg_WEB09801.jpg,00ea349abc0cb2aa1100a2d826bcbd40831782955f85af5dc20c78f096bb95ed,791d0e3d3f1f2f07
dfneg_WEB09805.jpg,31be11ec8db479edfb84c866b98c8ae722746cdb9f40725a281416f6179c86d6,0d0d2d2f0c0f2722
dfneg_WEB09806.jpg,6152b70d31be7dd6ea405a0c37bed8bc4bc551ae7d290c7aa26df8a56061d6f9,ce43090d1b0f1303
dfneg_WEB09807.jpg,b20b9480af07f841db0411f18cefca5c99250cc566443900edd0d104f8ca8b77,d343339105670b03
dfneg_WEB09808.jpg,bb99a04d823b4bd79e106575b3689c5f840f8e107bcc159ab9a4aeb4c229b888,07a5190d25a71733
dfneg_WEB09811.jpg,4ca1c53816a39fc69773e7f836128ae6a23cb8d0531fa23a054b6110d2032c3f,06a5180d25a79f33
dfneg_WEB09812.jpg,d5395556f8fc5720020cb2dec2d87eb3c6090c904cd59a4953552a4137721de3,04a51c0d25a69f33
dfneg_WEB09813.jpg,5b9221b77d17b952b6087beb10539a70bd39c892a2b1de99d37b8849f2dad445,0da51c0d25a69f33
dfneg_WEB09815.jpg,051e3439a400b6408599f09f009642788172e8b7e6d1dd65e9b6518953a4dcc4,238d6bb3970d6563
dfneg_WEB09816.jpg,ef7de80302607dde4c02533e4b7aee437e90b36e1bcdedaf5a96e72a8f0fd2c9,23852ba7970d6563
dfneg_WEB09817.jpg,b4b0d30d8e2ce9e31b9f37d5f2f77259575751c975cef86e5fd3a8eed0df39e6,23852ba7930d6563
dfneg_WEB09818.jpg,58d1ace57133d97be71934bbd4cbf11b9eeca318e9517813b12898b4e5ccd3b1,8c16562c27272b13
dfneg_WEB09820.jpg,9156d2eed2c143758871840b6168062a0eb292ee3556c02b21a3b2130851ed09,0d16d62d272f4a53
dfneg_WEB09821.jpg,d387cbb1c7d261a776fc87486ee78c5aee9ddee2be19c05e016df6d82d8b62e7,4e9ace0c0d073727
dfneg_WEB09822.jpg,400994adda9e6e2cd87f7002c45c5a7769163bf13b93d1318e8df193ff710e91,0182d18d0fd9c141
dfneg_WEB09824.jpg,f17c0d2e6247fc8103463fa79b1146ba277e14cc54594426a8843c5c68000e1f,831b130907073442
dfneg_WEB09825.jpg,683db51cf421e11475833cc1664133c104a52cb165e4ecc3d34652bf2f273a42,831359430f0f2743
dfneg_WEB09828.jpg,ea22c39dec502f266d2125c2272022d8c697913d5b34051877569ce295ab6f27,3f7cf06c2d29c5a4
dfneg_WEB09830.jpg,84784993f09e6b8c6980b16e0e2acf80ea03af04defa8da5d7e4a2f7264b0005,7ffcf8f8b52d85a4
dfneg_WEB09831.jpg,6b4ac85fe1e410b43eb68c51365ac2b94b0bae00353dd5e3605e70ba9590bced,3f7c7878d96985a4
dfneg_WEB09832.jpg,4301a4200298030612a89b422d8662568b38f8d20797dc29d695ce83e3dacfa1,7f7cecd8f949a5a2
dfneg_WEB09833.jpg,3cbe9abe05c8a0f44c2b860914830ff12317e01d58331b4be6564490e603a9e8,3f38b4e4cd6985a4
dfneg_WEB09835.jpg,4e9c3bd876f983fc715148bfece3f88452abd947e9654284de9cc37c5d0d12ab,f2f8fcf8f83d3cbe
dfneg_WEB09839.jpg,fd39a91834645e6636f9107a34751be84ad514d6cf6e2b29ae0293aa77370d81,f8f2f2f4f4b93ebc
dfneg_WEB09840.jpg,d418053813cee50a126fce2ff5db7627ebd419ead1e566853e067fbba13154d1,07010105051d0d37
dfneg_WEB09841.jpg,ca64beb6bab6598f617726d2bcaac2a05e9e740439c756e552f25851daea3ede,07010105050d0d37
dfneg_WEB09842.jpg,c61edd94299b08bbfe57642906fa1de3e20eb43df6d29a39932c0bce05d34e3f,010088811f9b9b93
dfneg_WEB09843.jpg,3846feb88cb38b27d291385c45a897ac3204cc54f8abbb2c9698b7c30e3b1905,0647470b9bdb9b39
dfneg_WEB09844.jpg,245d7c231400f307078c05343ce1023e829be3d646a3df4db1dff037e53596ad,0d8b0f0776363676
dfneg_WEB09845.jpg,924555632b537c573f0a5f7441cb1b576aed2dce1884c039bdec9db9e7c4322e,ae4e9f4b4cc7c703
dfneg_WEB09846.jpg,371dd2f0699a26ff571e3e2f416909f355bb2fa621c6115cffbb9578eb8c78c7,bb1b381c331b0303
dfneg_WEB09847.jpg,8b1e6a2e413a7c2a0ed355e6bb5536d2621ee1e81b734aa91680f6359b9371d9,d9c7c717060f0f0d
dfneg_WEB09848.jpg,50be71d8f79a586f63b0f362ff5e3b47616147f9134196007dbc05ebfc98ed3e,2505cac5250f6bc6
dfneg_WEB09849.jpg,43b625d1a4d2a9baf48711bab3b11f1de64deb04042e13824d12cd55fee48a51,270fcfc5054b6bc0
dfneg_WEB09850.jpg,707dda7c7ea87eb9e0c8d9aebc7be46ed842f683983879d2b513e648d63dbe64,15370f0f0f12ea76
dfneg_WEB09853.jpg,c375f3c29556d79f36449827f430c24ca659a28f845b38ec1951d9c9cd2ed7fe,272f1b0f5f5aea66
dfneg_WEB09854.jpg,226c89f47dd66f306088166e10cf16f9cc6206558bbee3b2a469f397309e5800,2727260f1d5aea66
dfneg_WEB09856.jpg,7a667277eefd82e6aac7b60d37cba89b68bca61338d628b821a5674de28a2158,8f8784881f1a6a66
dfneg_WEB09858.jpg,c9d958505fea9d5d810bda8f39a21c011d6c6fd86d99704a01346f16fcc09a9c,0e060c19081a6a66
dfneg_WEB09860.jpg,f4ce45be76e959ba711af4d7159bc997a803b7f96250961d8d6ae5b5c227986c,07070f0f1b2da352
dfneg_WEB09861.jpg,6fcafdd4e1d3c1a4db91355c9b3434618d877bc4a57e9687e7b45d8d416e2ec2,3303070f2f62ea76
dfneg_WEB09862.jpg,bb2ffeecdd5b78726af98091c6e7849aa6c973ec221a46e1975b1201eb6d446f,32230f0f1f3aaa76
dfneg_WEB09863.jpg,4b544457864f0964bf87d36e1a7df5644f093d5b6957bc42067271b5c4beb3a6,0000044a04925084
dfneg_WEB09864.jpg,2263297848b96d7706eec032d2e5e4635123ffbd0fbf045cd5ada232f9e709ca,0507070f070d3950
dfneg_WEB09867.jpg,f03a91b61bcd0ba4b84ccc2f94f2409f3fd2130a5479e136dc2cc56ab74525ac,0d070707070d3974
dfneg_WEB09871.jpg,c4e5feb0e019284cfc3eb6f0ddad65df72016f5ab3420414528ac2892d632584,0f0f0f0f0f0f3d70
dfneg_WEB09872.jpg,e0b639314da1492bf1168fa2e57df3b9fbde970131397829920804da1bd42b15,1f1f1b17070d1d74
dfneg_WEB09875.jpg,14e56a1d604210ef91292f8efae2057e76e7339f7924d980cd2676f097d8dd62,07070707070d1d70
dfneg_WEB09876.jpg,d3c3929dd8372c0f78e566a105fb79d2d234302af074db6ba81fa2c0a4fa8e79,0100000801093970
dfneg_WEB09878.jpg,8bfa01e2819908fb9bdea7cf94aab7b47a2d9ca0332c2b4dfef8c2c5f92ab1c2,0101000103013970
dfneg_WEB09880.jpg,25552e4a51cea4df4e49909d4b92085afb0a7cc04001e1a5e45c600271f5846b,7e7efceed597cd4c
dfneg_WEB09881.jpg,5aca0d4d56228c97a19e6746d0c2e1d40d3147e907364353462921abe8915914,e2e8fce6d595cd4c
dfneg_WEB09882.jpg,3860b4299cbfbfc097feeae11da22c511217d6c51cedbcaced7cef764b838573,b0f4fcf6d595cdcc
dfneg_WEB09883.jpg,9c8695c0ade168974899f44196371e5c4a3a1706965e8e80ebbdc479c6cfa1aa,150b43470f0d0605
dfneg_WEB09884.jpg,bd0e14ed54caa1dd4cc0fc1d8a4974db80a276955b5e36fcd625851dd2a0995b,330303470f0f0605
dfneg_WEB09887.jpg,89754206411c91677718004ff4a8f1175e926b518f45c7515cf3b3b88a5115da,01030b4376010205
dfneg_WEB09888.jpg,ef4fa686c5bc5490b8d91d3bd8ad9bbcf8d65b05f60589dec9ef2aab63de585a,01030b0376008684
dfneg_WEB09889.jpg,fbaf514b30c06a45c0baf09eb58b1d3262f88d9e305ef06f195d398628044b99,01030b0376808644
dfneg_WEB09892.jpg,8e30d401dff8c6b699faa46219e15ac9410e23552bf7efd4e7f0ff63785f7424,01030b037680c4c4
dfneg_WEB09893.jpg,c1bdff627630312eef111c1d37f3f3a813e13bfd3da97ed879ab8abbfaa3e652,234303070f0f0e0d
dfneg_WEB09894.jpg,a97250346f900fcca9c158d68a98fdfb3d1bc9a8c099912eb845f7c44a899193,054303070f0f0605
dfneg_WEB09895.jpg,97fa1f179b2d7e0afc345162042fefeb66031c670ae19901294fcc7cad6e92dc,054303070f0f0605
dfneg_WEB09896.jpg,8b2dd3848cdf62bf4d643d7b996cb87478c7bda1dd3caa2e442a6025a728e093,4743030787871605
dfneg_WEB09897.jpg,340a86d87699e25fb99fa785b374b37fc19f78627e2e12c835972e309b41c00f,07430307a6871605
dfneg_WEB09900.jpg,b4cf9c294c95580908acc885d263f31c3ba2b343a5f0df35e194c4bf13a0af30,03c30307b6851605
dfneg_WEB09902.jpg,40213ab4dac66fd508eb0c77f44facceb74b6ab72c97a7216b67b87fc135885e,0fef4709c8c91103
dfneg_WEB09904.jpg,4ed88ea8f29f8414df788de69e1c75c8b3048b03c40644e94177da8d2b807e57,13ef6709c8c91103
dfneg_WEB09905.jpg,95c62f676576590ab91e150648f4c2150dcbc77d5933f13cd3f6e4e7bd80499c,13ef6709e8c91103
dfneg_WEB09906.jpg,30b7acfa91d4f96003ece96e23a00fdb1f2102fd2d54c15193d91271a91cb135,3e671b1d0f0f0d01
dfneg_WEB09907.jpg,8632ca456b5271b1ae4fdd1620c9fc4933170b5ad1b8af05f4e72ac4cf16744d,3f070b8f050b0d11
dfneg_WEB09908.jpg,93fbc34b5e42ee96e5d25753e20f2827cb2610cea77fb67b77b1d3c277beedd1,1f070b8f050b0d11
dfneg_WEB09909.jpg,ef9ca260022de28fe613b7240bd6455ba9b4c092f593b22ebb87f598f16d927a,fefc7c7ede095433
dfneg_WEB09910.jpg,1d547f8b40bb93fbc9ebda4e9a0d942b99cb65364f5780969c42aab80b08548a,be7e7c7ece095433
dfneg_WEB09911.jpg,9a2fa78f5ee26d4c44c439c7bde1b7ee9584859bd9421ca845b4fe836b582f98,f5ad7b76ce1b7e3b
dfneg_WEB09912.jpg,f670e19ca7e8fa5ae0f37d28d1119143d635451b9a9f6eb6da84d7c7f27af411,b5ad7b7ece1a5433
dfneg_WEB09913.jpg,bcb1c8c7480a6ce6d7ed64f0163d5a9e4ae675079bb9231baf62598f6fb8c886,aead7b76de185433
dfneg_WEB09914.jpg,c5c437b33eaa4163943599eeab5c375f620f9ad62ba14ada5785cf9d5936227e,6efd7f7ede094433
dfneg_WEB09915.jpg,e41c13c6f197a0dacc1b2ca9901fa6ade1f365204509f1e63f7a7d54fe9ee984,6f7d7ffede095433
dfneg_WEB09916.jpg,26b08c2aa1fc395bd83b2b489253080817792befa407d907f5bc5edd923a99e2,7c7d7ffece195433
dfneg_WEB09917.jpg,e8a1056a6c355179222e7ca0b2116ab52c82741d295240d0c058725cac29696d,bcfc7e7ece085433
dfneg_WEB09918.jpg,d8d70b18b728b506ef508132816998ef0c30a881b9e9b3d0d2fdb6100093c99a,1f3f7b53071d183a
dfneg_WEB09919.jpg,e22d363386e1723a6c3f2304b12b4a831cd178e883e4afe54fff60cafbea2a97,80203031b1e12185
dfneg_WEB09920.jpg,e2f72a8ad86e462fe76139baf4ce77ba5fe4fdc218bb6929509ea52f6c069f24,0020c0e070f2c09b
dfneg_WEB09921.jpg,f0c3b1497a31738f37099567b4083d5fd5442c8b1d1a2442cc793d9d06dd3d06,430703070f070768
dfneg_WEB09924.jpg,1b571c1338325243b50cc88b7a8d6f8f1f43e6a59e0d812d1ffc099bfc6a6bc9,3f3f1f1f1f3f3f3f
dfneg_WEB09926.jpg,616e971541c07877881b4f5a19ce252d8b8f45cd18a4f3d5df38c5d2f36558ff,3f3e3f7f77f7376c
dfneg_WEB09927.jpg,0fa57acb4e82f1dac9789519e414cace761db29c45b2cf97d0d98d8496c9bb7c,6870b8e88000006e
dfneg_WEB09930.jpg,aca00f8e5b2c48a554ac0b1b5eb70904ff9914c126b4a2ca5247a011ac45c7f2,0480111100b0a25c
dfneg_WEB09932.jpg,5926b07e1ca059fe47b78019958024930da15e86dc87a96d6138fb0714f52613,6048373366d0e47f
dfneg_WEB09933.jpg,de9280a072418803b297b5fa2b964970e2c1a7573700ea5bf0c0e4854b026012,0b0f0fcfbf3f2763
dfneg_WEB09934.jpg,b8b0c1d1f96f86ad196c455f7390c26b19deb9684a415867e597fe1c73f0f757,0386820603030b63
dfneg_WEB09935.jpg,c2f0727cbe988b3e5ff3c9347a2eb1b8af7eaf811a0775baf74190ba522124c6,0f6f6fcfdf7f4f0b
dfneg_WEB09937.jpg,48be73773b45d55e481e6ab8372e6965bc8534d7ee5876a28573654fac4a3690,07171fef7f3f236b
dfneg_WEB09939.jpg,4aa02f14c680ee2543abf3ad000907aa90da38f298ca54b32d795d58c8b0a6d0,7f7f3f37070ec850
dfneg_WEB09940.jpg,c41a8a970cc2d8998a043b3e0655de908907ecb6412cfd3f9e5a56b65023f9f1,602080f038fac413
dfneg_WEB09942.jpg,3436ef930085061bfa9a2e8382e4b55c2f7c86346788b46533f7d71d64f513cb,7dfd1c16bffe7b4b
dfneg_WEB09943.jpg,398343fe8a896eadca14fb11d7dca8524d45012a8940dab3711876b29f6e6017,7c3e1c0c94989ed5
dfneg_WEB09944.jpg,a00d827babce65955aad9abc116c65b1921d6f2b7182c9e3d4d0b028ef31cbd1,f8b89c9393d8dbd5
dfneg_WEB09946.jpg,50431e7fc4134282ea1505f3e8dea5526c2a249f3edc5566a75146ff78f0dc5c,7f3f3f1f9b1a8fb7
dfneg_WEB09948.jpg,0412e2cb734e0351a3876544881463c1873026c516d8885e2eb16c0974ba44ea,3f3f7e1e163a1fbf
dfneg_WEB09949.jpg,95943e3a80002e9143eaf0cb4416f59cb56839b20984d06597ffb36369b96082,3f3f3f3f173e9fbf
dfneg_WEB09951.jpg,8d9211c6bdae5ead8b38242c922894bfe3d67b083470046b1bf80f8c1456fc6c,3f3f3f9b323d3fb7
dfneg_WEB09953.jpg,61148781d5b97780013263c7866ff4e8d4a014db4349a3b2c88879faabc98cc6,3f3e1c1a3f1fbfb7
dfneg_WEB09954.jpg,9b5eaaf7b3fe6aa0907e04b63cad58d8901d1b128ec0021d58f8b8f08035bf55,ff7f3f26943ea7c3
dfneg_WEB09955.jpg,2e9b544fb46845d6cfc1d0100dc193f58f5d8dfc7406337ea1baebd7ece204e3,7e7f7dfe7f3def37
dfneg_WEB09956.jpg,c175e45334252d084e4cb2497a7ef4ab8d6035465ee25a86271a73170b32afa5,f8fcfcf97737ef35
dfneg_WEB09958.jpg,1105dc860f54e6d4fbefa3806e1fb3b36d3a601d2f0ce127ed99d5ca56e52175,f0f0f0f99b16a371
dfneg_WEB09960.jpg,25e2fae44baf2616306d55ea6cdba0e8d2b35e8ac2753f34f041ee8ab6408dd6,f0f0eb773189a465
dfneg_WEB09962.jpg,f859e5c9bb1c8c2a24e238240d03aa52069ad54049d6c367d581c94af784a63a,ffffff67d73becc7
dfneg_WEB09963.jpg,cf9d160acd768a74b68dc351eba56bd15bb4960904de9c239d1906e656df2715,ffff77f195ffad87
dfneg_WEB09964.jpg,f6b7956f01f1f9b81e8edfa18e95c7c62a5d7709ace7b66d6bb68ae3dbcff9df,fef773d2baf9cc8e
dfneg_WEB09965.jpg,4b126b9b6b41983b790ad7259e17824c7edf3cb1b99ab1d7faa12afc6630f1cd,fffe7e1a3ebe7f17
dfneg_WEB09966.jpg,858de4b9393b95d14a669a8aa4c57cab9985701cb3ec69c7545f0c049d3a2efd,ff7f3e9f8b379d5d
dfneg_WEB09967.jpg,7fda7fdb0f2d5c0e95f6d9b6b3a9f9adc223c399a7796cda380320557b1db08b,7c7c3c1f0b3b9d56
dfneg_WEB09969.jpg,cb7ef0b5757177217a1f0ef43eb964f2d031dbc1aedac797ef0b2c91d266ad15,2926e75f1f464119
dfneg_WEB09970.jpg,d270e92cc053aae6623f2b66366c0fc209bb85f949f806df6ff57120fa784472,25006ed9d0fa9695
dfneg_WEB09973.jpg,5d1d05374905c3e66264e0a03e9db9f37b48a35c51205e68240c4735ee208fba,9e2f3bb307c783e5
dfneg_WEB09974.jpg,caa7fef463659bd714fac1d145c7a2f96888e9b5e9acf718772f6273d847b691,0ccce13011070f0d
dfneg_WEB09975.jpg,b6f1d8e065dcaf93d850b5aaf5cf223da431c2bae0e02563375ddc26ce3f3bec,1c5753534f0f0606
dfneg_WEB09976.jpg,dc2b252cc4a9d6835fc907c2176817b24326b76cc9871856205e4bf4088c7f2a,3b1b2523e9f3e3c6
dfneg_WEB09977.jpg,51d1c48d82c702419faa68789a05070568882e5e46fddd85d4d98fc29024e1be,173b3e0712396326
dfneg_WEB09979.jpg,d6ac32bd2ba31c02b2fc5234d8eb2dc34ae55454700508f1186a2fda9819cb9c,9c9c9d9c97939617
dfneg_WEB09982.jpg,2003871b684b2b3cbc607d5827ce73aace8653ca78aecccf3930be1e207daa6e,030205078dcde103
dfneg_WEB09983.jpg,65807a70517e50a335d9a7b85a69e52090c3d552566b41fd1b3d7695a5d66e88,01000003898ded83
dfneg_WEB09984.jpg,9d591ffa9ca08ba77922b9c4d9ebcceab69ac16e670872af2ff8c6dfc53c7f23,e0f0f80f8dd9ee29
dfneg_WEB09985.jpg,0f372ac0a6a12661bab5b70eea9b90a62d36e0da7a89ac20649d6ab71683709e,3f2f1f7f2d0f210f
dfneg_WEB09986.jpg,8f3ec97f4de64ee257641c74be89f3c12eefad51db1d0ba6d071a739c863d487,17c70f3f1d9f210f
dfneg_WEB09988.jpg,95f9ad83443509c7f44dda18b765b6e8751334a2c632b6e1a17c85b9c58a4523,0307bf3f0d9d250b
dfneg_WEB09989.jpg,7a60ed592e902e821780ad1c5dadc7b60cd92db3ad08d2cd1389a7cc001985c0,df3f7f771f1f271f
dfneg_WEB09990.jpg,61d042325ef6c1d893650e6eeef9c70a8fbfff8d6db72a5c9b239adfce6026d6,ffff7c370d1f270f
dfneg_WEB09991.jpg,f11aa04198e796d8f47351fe3cbf3211de0778b7c1fcf991c5521fe45bd9ffd9,cac4a3c3c2496940
dfneg_WEB09993.jpg,09d7f79979258ee5430195c12254d53ade8eec52878b8af04e3228b31cf7e91c,0f272547898da183
dfneg_WEB09995.jpg,6fdc7c49b3a010d98c4d255e4a0db586a671cc072e429e2004249cd8b1afc3bf,0f0f1f1f098d610f
dfneg_WEB09997.jpg,f124ccb4f23e9ed4a28b0e39c696988c0bc265547edd46d8c57b4a71b2be8c58,0f0fbf7f898de10f
dfneg_WEB10001.jpg,0e4e106c1a95c7acc75d559498fd3b68f4badd918a42bea93b8656cfa117334c,7f7fff5f898d050f
dfneg_WEB10005.jpg,5a2c8c23cefaa072d1f6ec0e056832d842adacb24292d2e52d1f94101bd46d75,3f3f3f3f3f3f3e3c
dfneg_WEB10006.jpg,a15f641823ac04f1070dfefd5b656d8ba7ec95f794ef34134aafffa17ebd4a1f,3f3f3f3f3f3f3e1c
dfneg_WEB10008.jpg,39fce42e751e659640d02d454318971e1bd695c092f51fd64b34ba509109060f,7f3f3f3f3f3f3f3e
dfneg_WEB10009.jpg,e62c380f20554c06ee118958af296173d9063b5be08a463256558817e504e77d,3f3f3f3f3f3f3f3e
dfneg_WEB10010.jpg,4fa49fce235a1d07b1745e328b4e4cfff7753f4b2df9e534a9834e361f174fa0,3f3f3f3f3f1f3f3e
dfneg_WEB10011.jpg,173ba6dfc7f80da5cf090f6e84ff079bcab5425031b15083a858acbd613dda01,1f1f1f1f1f1f1f2e
dfneg_WEB10012.jpg,6cac57ac3e05cb18304c8f03343481d45a52184478c5d9044e1cb9389e9d2d77,0f0f0f1f0f1f0f2e
dfneg_WEB10013.jpg,e802167333b82b554d1ecbf948b5ece04cfd6f9382403c0bb4f8f96896576434,0f0f0f0f0f0f0f6d
dfneg_WEB10014.jpg,7d20a9b7c59daeaea1de15bf9a9036c3ca0c1ee9698f3b0c6ec31e3bb94b0c0d,0f0f0f0f0f0f0f4f
dfneg_WEB10015.jpg,d72c6515a31405bb5dceeb80ec87e94511e87e65128afb296de6722fb9024e27,0f0f0f0f0f0f0f6d
dfneg_WEB10017.jpg,ca5bc80bc33e05d6305a380c65d834fc76d46372121f8730224854a7c3b35dd5,070707070707074d
dfneg_WEB10018.jpg,ee2186e620a2a8be445173dc00e38ee515193b0140b6fb86c9bf2bf1a93db9d5,03030303010346dc
dfneg_WEB10019.jpg,9575fe758d2533d20cb9eccc1d4070f2ce3c901a2dbb2e0b1603cf32e056d7bb,03030303010346dc
dfneg_WEB10020.jpg,40c714dd0277f01328736c512ef8e938b88e49304d64075dfc19cc4580ea5ec2,07030306010356dc
dfneg_WEB10021.jpg,3eef4a7d9613150effc1609805f185c4c66bc3cf9f614bda869161a574761147,032433c3070f8004
dfneg_WEB10022.jpg,76f539a96251ebb4326a0cfce8190222e5c17b8b88408d575ddc57fb4b7579eb,010101040107ded9
dfneg_WEB10023.jpg,3f35019a400088f9c3611dcb3098d52284d411de756e2fa7705c53588557c2f4,010101040307ded9
dfneg_WEB10024.jpg,99b4341a5c0821a11f7d4b111034f818e1bf8b41fba07d14cec02b4720f1614d,0000000003070c00
dfneg_WEB10026.jpg,d63cce157d3b6e49b7856e316e9414edefaba2b3aba5daef6a32e3c3a2162baa,ffff7fffff3f941c
dfneg_WEB10028.jpg,ab92a145312b45f6e793b87939318204f9c3c829764568bf2dfedc770588e28b,7fff777f7f7ffefc
dfneg_WEB10031.jpg,325765ef19ef91d99eeb4cdc050a297df24a7890c72c8c5b017e26cf00e37c78,7f7f7f7f7f7f7e7c
dfneg_WEB10033.jpg,e9f3c6e05100c65d0434983187e09785edd7da9d64fad71e76f0ca5a57ed6293,7f7f7f7f7f3f7e7c
dfneg_WEB10036.jpg,fc43e33bb28cd345a0ad0135ccb8f95b341b19e890306a2cdf6b2bc174732930,c77f7c7c1d0d1e13
dfneg_WEB10037.jpg,2604ab26b7551bf648954482e439bc1799c67d9efdc210dbecc73d186a6dc06c,2d1cbc7c0d0f1f17
dfneg_WEB10042.jpg,6b977b0670b53d6e4c483346c61a4ea324574936d8e6dd06fa76eb77d26a9dcb,1f1f1f1e1f183e9e
dfneg_WEB10043.jpg,f062ee7235d5073028242903b53b87d5e3280f956c1d2d95b0c2012fe22bb9b6,f8f8f8f0f8140065
dfneg_WEB10044.jpg,a48b16cc9b75843453b623ef0e9cdc066de60ec95e62aa37d0fdfc5645fd64d5,7fff3fbf9f0780c4
dfneg_WEB10045.jpg,358a2c3a5314c7aba7d5d571f80fb7ff421562d5323d523f389633217a3e052f,7161251b05052421
dfneg_WEB10046.jpg,2356ae68cd507dfb1def25892c41c5ca4c04ae789a13ec22fa9e3be6e2979a7e,0f0f0f1f0f1f0f0f
dfneg_WEB10048.jpg,044cf00e5df02bf778cfb17c4ee99c2ec792c0370b1822d644d662793a7555be,f87061d17071bda3
dfneg_WEB10051.jpg,f84d498f3ac959afc9a4acff87a94769e0445f8cf13c58fc349624a73f0757b6,06060e8e0612120a
dfneg_WEB10052.jpg,f794f9f42e8933ef4242ee6dc04c6100e6a20a4b35b11f8a7aa22fdf81ab9706,5b5123830b4fd8e0
dfneg_WEB10053.jpg,c9d850fb442145d3ca9d6604b82aabe2159680206e2254b3de899f0887aad727,c63e86a7c636278d
dfneg_WEB10056.jpg,e39e86273049405fe034d3bceaeaf92dbcfc9686dd1a01386a3010e5f69a573e,1d5a365a52321031
dfneg_WEB10057.jpg,18bd624124dda461d078a9d5f14e9281832d0a943affdd32fcd01e88cef6b76e,6b6b12460705030b
dfneg_WEB10058.jpg,61977972cb2b7c1eb354f54ad8242c5689d959607f1971f360134aa0b38e94cd,4d0021ce5ed6c603
dfneg_WEB10059.jpg,fe3417a935b6f2d89eaf26cbf5a62f28197353a52f068e8c38e064d114c73e11,8a80f033381c3648
dfneg_WEB10060.jpg,02b945dd28f63c0211251a6ea93d75df00c4a1e22ccc0027e54f343e87d558bf,f8f0f1f0f0f0a046
dfneg_WEB10061.jpg,7320fa1957605356754da7f50855844ee5d7f1f89ef21e1765a5edb10501e2e7,a084892934c60d38
dfneg_WEB10062.jpg,f447cadd7008f2366cb4cbde34d8d1308011448df77bce34bb808be476786a12,0f396fadb75f9333
dfneg_WEB10063.jpg,ac3899a05b3e254aceddb5e526da8ca5ace6c0d9a8f9a4aad6227f0fc14cd7a7,0f342307dbdd83c3
dfneg_WEB10066.jpg,1f9ef5cfdae4e153c92f482fa37f06843add5c86bc94fe4a884a57e23ef99ceb,1f3f07078f0fb04c
dfneg_WEB10068.jpg,ecd78d51ffba835b53b7ea8dfe7eb03782d5310f4a6597b19cbef2638ac89a12,ff7f7f7ffffef8e8
dfneg_WEB10069.jpg,8e318ff19a179f8a786e5bc0d2e76da98e6b83f201d8cfe07766821d6ac0ce1a,0d0205238dc8ca3b
dfneg_WEB10070.jpg,45900c1b70463c459cfb6a61cdf76532aecdafc6118347b65463a8c90f28165f,360307152e0ece9f
dfneg_WEB10071.jpg,c505654f6254dc847df63ceb73e122bd941ecba8965124cb0bf206e98c17aeb1,3f7f7f7a3dff7f7f
dfneg_WEB10072.jpg,eb88fabee224531e90d130dae113806a8fd24aba3772b7d2ccdf308f78541774,070f290f241d1c0e
dfneg_WEB10073.jpg,1d6c5629bbec299173a3bb201790721740b61ba45a4b9390a74f63498eca18c5,0f1a531e1a03c988
dfneg_WEB10075.jpg,64828dabe0f19b367d7b4e8fa714e01afda80aa32de1ea977196e8aad7953218,0e1203361a32e4c9
dfneg_WEB10076.jpg,a27c1a3d046fd24133be83da6125db59a22b1f83e63df87b1d4b38270d5cbb85,766f4f0f0b06ce2f
dfneg_WEB10077.jpg,fa959412f771c190154844b149cebb2deaa9f9095857cbd5791d2cdd5c014baf,9f8e1e865e1395c4
dfneg_WEB10078.jpg,0a673c79e71798c5ec8ef1ff55a945bfd25b8dfc25e7fbcdf1a2167bbc51c108,0f2733370b09323f
dfneg_WEB10079.jpg,56b4c20794c9d87e8eb6ffb28754ab6043131a2cc8bf3e9bb9c2b37daf81bd03,ff370c33cccc4e4f
dfneg_WEB10081.jpg,0987a5439a881467105a16319b1734e34d5300c8fb36a6786b41fec5707284bc,8c9888283c0c2c5d
dfneg_WEB10082.jpg,93f93c3373cd258399130b998430c55d73fe38e21c665d64acf5d2c404d853e9,070f07911935c69d
dfneg_WEB10083.jpg,2b5c9de3d54af0df7e57d1499371823e329ca569a1b81bf17a89843adf61f0f5,3c2f3373772f2195
dfneg_WEB10084.jpg,00e6cb2185101ff02e2186a0e95779638b85b1a467e2ad72e67d3e56a9f1710f,4001000050412227
dfneg_WEB10086.jpg,572a24854b9bd74a801095d2a402e64599080f9324cc5608f91e6ad205bb5655,0f0f8ea30f4f0f0f
dfneg_WEB10087.jpg,5cd1efdd5515cfd546413c7b839731070d847e03dd8aef7564a6e6bad1437dca,17676f72c12d2f16
dfneg_WEB10088.jpg,305e0125b44b395b6a84ffa1e079b7bc069f0303395ae1608a25b050dd4b54c3,0f41d39038ec56da
dfneg_WEB10089.jpg,e99e38324c29816fd18a4e8a32a3ac0eea4e685c19aff4315011f1f9bb458c69,7c7c393f3e3c3477
dfneg_WEB10090.jpg,5352845dfedb4436ed75c2c71d8c97bde1453e0cb582fe447c654529b97a4c83,0000072fec2b63e4
dfneg_WEB10091.jpg,bb5c7ebba27303fdb0558475898ad6152491d9ad40a607762876a62cdcbe2b9e,5343039f0b030607
dfneg_WEB10092.jpg,9b144ce5b6dafeba42ab6cbbcb450006ce04a59e990639ac74d68fa8bd635da1,c9ccc39f5fbfbcd8
dfneg_WEB10093.jpg,14f851e41fcb292430b5db1be3d05cfff96dbdd8df5d7c7314007f2456a1376b,787a4f2f29c08a0f
dfneg_WEB10094.jpg,da47592dc7331f62fb5402b2d5a5ab6a1d9abd421ae71b2ada6235475c290ecd,3010800103a72369
dfneg_WEB10099.jpg,84c2658164fa75e9c8ef1ae4ffabb2565de0bc3038bc084becde21bb30be6aaa,4427078701091f7f
dfneg_WEB10101.jpg,ea3c77c0cdd393b1c920bace0e416f71d4cd25a4b60743290e4fe28cd6609e2f,6503461eb767390c
dfneg_WEB10106.jpg,8f7d5f083fe1ec32c51a44cabdb19852767e93a7a3c4a72eb12db484ae5888a9,b81b070323134329
dfneg_WEB10107.jpg,54711f6107a4e7bc1afb8dae5b435163529ffe4ada3aa4732e7bf734dab4f4ab,0f0f0f0f0d8d020d
dfneg_WEB10108.jpg,c38d0b47794db4753a790f29a9a447876f3dc31dfc7348c38853a0668815a8c3,830303036343060e
dfneg_WEB10109.jpg,4845f93e1f4de8848ef00aababa333d83a54da0c23cecc0155767408a40f8d1a,135a4b476720f840
dfneg_WEB10110.jpg,8c7836643a4b56da52d0e689f6e6e400026e3546a8a22a7098390445d70889b3,cc42128e9b9a2458
dfneg_WEB10111.jpg,13ca25868a5110acf1bce62258f066a1f87d407d1c0afaf471ccbd32d80ba1f1,4c4f23030487c70f
dfneg_WEB10112.jpg,06cba5b721d28230aa31cabe47abbe4a9548bee690ac647a9dcda0167c0cf162,ebef31877ff3df7e
dfneg_WEB10113.jpg,d55423b3cfd8096778284865530ff8bad74bb41bc0d622f8ee0ce03a45f40fa9,4b6773d61a0b0f21
dfneg_WEB10117.jpg,0026955a6a2b38b7bab7f7b124ab8bbe2d80a22657f304276b23eb77b2ff341b,7f3dac1e0ce8be3f
dfneg_WEB10118.jpg,e93104c35650c46d06f36908f3f5b3fe4e00fc98813d4b5b9d3820ae78e21aa5,0f0f0f0f0f8da182
dfneg_WEB10119.jpg,a553efe6d37d113f53050d3affccf39b353fc1f1fe14a3884b15f4461787b5a4,9ffeeff3f8befefe
dfneg_WEB10120.jpg,3d68cb484c17da4da9e29096ece7a84144750f205cf209a3d0460d6a3cf2391f,cf3f1f0f0f0e0e0e
dfneg_WEB10122.jpg,c84c7550437e448c0d72435497cf5f62407efaccf93f8d2bb66e75ea091263b6,04007839a999d8e4
dfneg_WEB10123.jpg,1027466cb00aef030f1744a81799302abc83fc0cf48d477d5cc145bd31d13e80,3f6f5f1f1f793662
dfneg_WEB10124.jpg,429871037bf1489367b192b28116f6c88e2ade91f12390b786709170bbdf5768,0f0f0f0f0f0f0f0f
dfneg_WEB10125.jpg,55d31b934d9b2bd017467bf13cca78560e88023c695b3c8c30bfb6728562adf1,030f0f0f03c34311
dfneg_WEB10126.jpg,854ec97859ef0e248345e9ccf074863809168857f96f1947dba916efe9385e2b,2120000000037838
dfneg_WEB10127.jpg,da2516b0c8148094a6b650df4dedbae114c580b16d117dc20138f9e2d88e4e7a,66766c3030b3a8ec
dfneg_WEB10130.jpg,a19f9db27c878df5efd3ba94078bd96d47c983d05539df52d469302549af9ba5,652f469a9a9abadb
dfneg_WEB10131.jpg,ff56805b49bb9b095b9ed5e222fad5cd6b762f6e8147e6a101eacae899016b4f,0f0f1f9f9c0c87fc
dfneg_WEB10132.jpg,fcbade45b3de360d11ac783dfeb6b39d99f0488d0f3663a0df0157eff922647c,0507042322820e64
dfneg_WEB10133.jpg,ab75a5e3d1d0e53c90ed212daa0bd9a2d73514580964fd26dfaa55ab73b46c10,b3a76de325312c1f
dfneg_WEB10134.jpg,9c55d51412c4c0583ea28531958c97f8a19436a5ed4eca04e84cef230bbe9b72,cccc387ece4e3727
dfneg_WEB10137.jpg,0b64991ae2f7d47d92204fb63531171b961122ef6e11ef884e177efd60621126,3f7f3f5fdfdbb261
dfneg_WEB10138.jpg,4d6013ebb8a4ad53e636ff6ba15e0bd930a6d1e7bf0fc6fb9aeebd671df91988,1706010347e08745
dfneg_WEB10139.jpg,83e926e11a6759a157590cac95e89a0703f8ac4ae36740e3e27f868049191fc9,e5929d13370e1d99
dfneg_WEB10140.jpg,22ed4adc212cb0d8ae1d106df82c9e3f657db1849d748ba4cd4b33768a100050,b09b323a7325250d
dfneg_WEB10141.jpg,8dc3f0f430195cde7f417a621da25d1855083bbc578f69dd7e2cb0cde6b5afe3,b61a3b2e0e0c04a6
dfneg_WEB10142.jpg,c86159b9a5098fa3402a2efcbc9ee95d45da0bfc885f2d87b0d4f5b6f9d0d4da,33c3c25d07653a08
dfneg_WEB10143.jpg,cfffc7afd25972ac8995c822c47984d86dc0e4cbab02e2aa8a6e55413eb24a58,ffb6fc784ee5acb8
dfneg_WEB10144.jpg,dadf9f4244786fda7765de73a52d75d9a9937722e5e23ce5efdd0c7bba4dfc4a,e53e0b474e0f3700
dfneg_WEB10145.jpg,29213abe4d20162d3fe917124ad03c796725eb0145778019c3489493a32eb70f,6bf3f67ffdfdf9f3
dfneg_WEB10147.jpg,aad33f888d47efffc6040e794c36d162c8141c313d8bb4883dc29a218e9da6a5,1406062e3a76261e
dfneg_WEB10148.jpg,0954c2acd3fd10a334be6f5042ecb8ed1ef3d6f69e0106b5079afa014abc3874,4f72c32c396b6f62
dfneg_WEB10149.jpg,19943b8b1b86343a6bfa2a8b18791887a8847b79fa34da04b40c85cc6d1c16b2,080f321b72e72727
dfneg_WEB10150.jpg,f187a8d768a02f8da33d2cefe5340ec5faf6ebb999eea82bb18648fcb11bc1f2,7f7bf3f1e4a78661
dfneg_WEB10151.jpg,594f01d9fbfe79704ab8987650905b9151fd500bade95aba80a2d331812dd40c,0f171f1f171f9fbf
dfneg_WEB10154.jpg,77d08a5438c6d5566d3f2cf3160fd2e0543c449a32b79c2e28a12ababbfba258,7f7d3fbfcf7fb9f9
dfneg_WEB10156.jpg,0fcbcb1bb2263713810f40e465080bbb9b82ad1b27396e12d7a3303c839b9ebc,0f0f0f0f0e8e4c18
dfneg_WEB10157.jpg,8864d52584b5aa37ea243d3fbfb995dc3422d63ae161f04ca75a5db5421e110a,9e968787c6643139
dfneg_WEB10158.jpg,4c0798b3c3dc84e63ffaafb89fccdfaa5769d50f56fdf27413163cc6ddaaa9f0,d7260f1f38329353
dfneg_WEB10159.jpg,c8cca75a564d9ea2fc96be118498c9a0633794165417ef789d99b4c32667fab2,03172f0f1e1e0f1b
dfneg_WEB10160.jpg,3142a781847ba5abbb0985194486fc65b85570462158639285e3b7050ed97b91,9e93e3232310170f
dfneg_WEB10161.jpg,515eae15891355b64b54e125219a16edc90cf759b3f582c107d0fbed8324658e,65060365406d7551
dfneg_WEB10162.jpg,8aa17e3357f7d9f80e4702817e0eaad3129af2e88c49d182e404b24784a4495f,0f0f0fcf27224306
dfneg_WEB10163.jpg,dc5e15837958ba70d665735ac5e2e57cd8d35eb4319b858f1f20875e8a9642cb,8c8a8a8e8e8a9a8a
dfneg_WEB10164.jpg,38ca053a201fc814dcd0b4629580f803ad77dbad32a08d29501756adb5eeee7d,8bf8dec6ccc484cd
dfneg_WEB10166.jpg,af6eac8698b01a75ad4ca383f912e1b97a9977b0a9b6def90ea6e3aa457f8d13,b7af3f7f5b3da45b
dfneg_WEB10167.jpg,5335ed461a99d32e1a0c67d9d08cb77ae122273181451f1e61852256d9216c21,c725253f2b391b49
dfneg_WEB10168.jpg,21a500ffefa3ede673f0e45d0f6ad14fb56416c83359bbdf5d67cd9d0ac82e36,13b332131316d4d4
dfneg_WEB10169.jpg,b20c480dcfd6979ec02b8053441345a4e030dcabce9f66ae42f39b0c2d447371,7a38bcdf21661e93
dfneg_WEB10170.jpg,4937b8145d1de3fc6aa6e4acacdb3a746713911ad973efd7b3614545a760915c,cdcfc9dc1695400f
dfneg_WEB10172.jpg,f1fb9576317cfcaa1a2a22091dbd290900625769c1ba33fa4ecaf6ec75d854a2,9880020c09210821
dfneg_WEB10173.jpg,60ece79024312d1356a2cdfffbe795726ad18f8fb4676c36e45dff7d42fff7de,f3f6f437074b074f
dfneg_WEB10174.jpg,d07ab0ad5db03206c0e04c5c73bf23a5d64bfc409321a5bb662e107523d9e978,19ae0e0e6e706cc4
dfneg_WEB10175.jpg,b98a67f22598b0931d7f16a81b0e0195c712f86ec61f2cd360c0ad63459e759c,317169677d7fffff
dfneg_WEB10178.jpg,f6a9e3352707fa9afdd48c6cb30742ab520865d1ae726063b542ffe5ff99fb7e,1919494981734831
dfneg_WEB10180.jpg,30e50384a4f1ba9465524b780bd2503043a115b2f0af580a35ea29be39aa3b32,008fdfee26018167
dfneg_WEB10181.jpg,473aea941c6c95151a2434617f607c2a8df0116c2151d031a7996e71e0c0dfcd,0b77cf1b1f9f1755
dfneg_WEB10182.jpg,67a8656902268bf1765837945d2a4caf0021e190c3f21baf531bd68ed2d02ae6,7f678f8e2c0e1613
dfneg_WEB10184.jpg,3ba5e0ce275e98a7904518b14d15884a21cbb88b106964a206c58d840046bf8e,6717636824ae1606
dfneg_WEB10185.jpg,076bfdadbdcbef56b4d4eb2ea3165e7d5e93651a80c5f6f1fc6ea14af3697652,11494011995454bf
dfneg_WEB10188.jpg,57750d2f5fb2553ce83415ec8bced5d929dce8155f06266876e6ad3318c51f24,0c0c14305a4a0406
dfneg_WEB10189.jpg,c55c3bcb1414d6485e529ec77eeba29d38b8b800f63fb6ed03273927bca3cbe0,0f0f0f331757e792
dfneg_WEB10190.jpg,e85e594f3b53dabb026ba87c22eb20694352ba810788d3fb9f1fec698bf8d216,06ef5f3b9fbddae7
dfneg_WEB10192.jpg,3b1c2e675b0c9316c8ebee20acac7e584165b7e41c3cc2edacb783454cb95f6a,3dbff95b1f0e0f67
dfneg_WEB10193.jpg,aff2be871f2bca3d0a8d1742bca650b1fccd5a77c77ce5fd74c2362da1e24f29,718447471b58011a
dfneg_WEB10194.jpg,74ebf135ce91abc22d8b5d4366d158a65ad6f0d65980eb4bde10c556d67b96bb,0a1653173f32b49d
dfneg_WEB10195.jpg,f14408740be5103cf8dbebd08baac918387fa56ea5662534a2254245d2683595,c7c32183443d3be0
dfneg_WEB10198.jpg,1ae053c35b04789d8886199264e947f8a3ff7d42065f68384f83aac14c24482f,c9cc0e6c4c1ed5c9
dfneg_WEB10199.jpg,2e3455ef1ae2554c628241c0c1cc1409fb8e5f50ac54edf6187814ab1ddc8c71,08c5678d94d0260e
dfneg_WEB10200.jpg,ed28ae050562a1660bf81cc2edb078451ae00caa1ada91a603db599c1f8812b6,0f171b3f699d6d6d
dfneg_WEB10201.jpg,999e5182cf68092ba69191c2b83fe7218c672d135eba9b819fdd27addaf8c4c1,1c3871b0a7333226
dfneg_WEB10202.jpg,da18c044e389fb0ddd4fe7dd06100a49f3ed1fdb3643d3c218616a34111e230f,0e1393230a59cc99
dfneg_WEB10203.jpg,071908fb80611acc86c22bb236411e6eec852e8db0f09dfd933cb59a38c2b31d,3113d343b2c3ff9f
dfneg_WEB10204.jpg,7e9655fbb1b427440b35455f6a5127e6f378150ac60f8a21f6ea2a595549df32,b8326424b64e0d3d
dfneg_WEB10205.jpg,17d2d0668439d869d1714e2057e77534a344767cb4c60785e15c4af4831ff3b6,cdacf2bef27c6c63
dfneg_WEB10206.jpg,cf0a90813429f6017f6d0a3cdc957301465d0ff65016c5c95bd5d4f5b8b1b764,8f27731d2c4f1d02
dfneg_WEB10207.jpg,b3f4fd6bacfb929068de644902edc754374788483a512bf6c0d14dee970c25da,8c2f5b3121115828
dfneg_WEB10209.jpg,26c97e80a422cbe96de8d00e201004d0ef15327b9fd6da6919d6ff19a17eaf72,4d71392f7b4f1f39
dfneg_WEB10210.jpg,bb7a424a409d5b37550ebd4349c857dcb45db1e4398092498e3c4571a851ebf0,8c0c081801878e1d
dfneg_WEB10211.jpg,5f0260b23aa3c158131a8ec095d68b8f88f9e8ea9eb91f7069a5f6cf20a9773c,8404c5c7d2535bd8
dfneg_WEB10212.jpg,fa1e7417d42a5643352ed5c3cd4e2f3290696e7b21b6a6093b58472d8dc6278c,0d170f1f868f0b4b
dfneg_WEB10213.jpg,0afa96ad20ed40c6b5dc46f7c0b6a70e8ca75542b1ca861a5f2dc89bdd665542,3f62e4960d239f87
dfneg_WEB10214.jpg,6df103cebe12ac07ed924609efdec7bdd815401903bfb661ce83c1a9e39eb296,fbfcdc5c79cf9337
dfneg_WEB10215.jpg,656506cbd59e4d6c5c66a4cc9ce08902bb9f4782a708b4bc10e6c8d093addf90,a240cacbe1e0c1b5
dfneg_WEB10216.jpg,0f83c91e36f88b9f292664bd8f5b51af7790f28c9bcbdeac4a9e59ee9ea6c840,0703878707a39226
dfneg_WEB10218.jpg,7cfc049dd90e9845ef107d8da131b895caea981d79cef1a8bcd60729d6c0e1c8,df0f37f7e76715c2
dfneg_WEB10220.jpg,b9774d95f9a3e35d6be4eb4f4956498f5b5a2d61a8430c65b7aa2079a5eb54af,fc1c1c9793299088
dfneg_WEB10221.jpg,901dcfec2ffc9dd0f199b7083ddfb7eddebb558ff9f80aa2d76fd4a2db0aaf5d,1b0b3f0f070f0d0d
dfneg_WEB10222.jpg,780b51d88582e85dbe5cb7fc2342f79ef31c48400a2da0e6cb4caabc00ed3eb0,f9bfaee4b42647c5
dfneg_WEB10223.jpg,5fbd3b92985c6e4fa92872e66b9becf211a1ffa3d40de06d17f508b266e878a7,e4cde78722b39140
dfneg_WEB10225.jpg,1150a6aa16ea238d753891be578e218149e07318cd94547e1cb6a5b0838fbd01,03131e9c0dc7cc0a
dfneg_WEB10226.jpg,47324034bd024d0e20ac524e0f89c6ec8ff0c004b6aa586ecc4b2f226994b08c,6478585f5ef8238e
dfneg_WEB10227.jpg,59585b456509ffa7ddd4be82f774e36838fc5d966c08032729774a5da896d8d7,0e3cb347cd55b7b3
dfneg_WEB10228.jpg,50fa59ee376c95eeed96b9f1bc1a06c74c149fd77c2e43dc6f08cc858b73b511,139f9bdb6167673e
dfneg_WEB10229.jpg,c39b25fc528541e7d235e0bb730969c0151d401e067aa746fdc7f3cdcbede337,9e707959b979f0f0
dfneg_WEB10230.jpg,c1acb4a37aedf82cf77bd47cc124b684ebd78e6a5502a9217626d5461a3548be,0dede525e5256c85
dfneg_WEB10231.jpg,e3234dd6e7b8c28b24f15cbab8d6ccd6d7d5b3a5910faefbc9bd2e6557bcd3c6,bfee7e2a2e309544
dfneg_WEB10232.jpg,c05fa01776525f40e45ebca006540b194dc036440a5a91f1c7aa54cea977729f,020302020ec20001
dfneg_WEB10234.jpg,2a127d0f8134083b5c38cd09e95ef1c216dfe7094cf94f68db72369ca892b845,070f07c3c3906022
dfneg_WEB10235.jpg,ff58fbf6fb3224256f6b865bc0c5b30d01936c5f7e877608d84caa9f24800d55,677b1f1f3f3f3f38
dfneg_WEB10236.jpg,001f7bbe61e0d3fd15338f52aed398c659cfc2e6d9bf6efdd993d9eed6c6e9e8,171f1e1f0f1f5f5b
dfneg_WEB10238.jpg,c96c120c9f5dbb5e524404846781680c6012edd2f04aa1d793595104eb52975e,078f653f0f0f0f0f
dfneg_WEB10239.jpg,3c1961d0d102660dcbb5f3a2d1b6e6f7eb1b161caa3ad51bcac54ef74a3e4005,0f9f178fcb0f0f17
dfneg_WEB10242.jpg,b4a3c0f31f5eeb4e074795880e54108a79a2d5ec97f6be0682787868b4a16a59,0f3f0f070f0f0701
dfneg_WEB10243.jpg,9114c7d8f2fd132a39c915ea0b0dbc5fef2ed719c77965bb594b910a0e647df6,068e4e1e1e0e8684
dfneg_WEB10244.jpg,805c2299af3e33be89ea2fcec2728392ecbf4b42b4836d0b5ea84c80276231b0,0a8e6e3e1e0e8684
dfneg_WEB10245.jpg,c0934eebb9eddcd04a22cef811d6a6cc858ff1150a2b410f51162e1601462761,4e1e7e3e3e0e8686
dfneg_WEB10246.jpg,e4ca606e0da8ee7ccabd64e51dbde26b9ee5f3567c2bfa4880ecab9bf15356c7,3f7fffbcb0c32027
dfneg_WEB10247.jpg,1200d91ddd43172b77e632d5d93446b261d0a3bfb88a77cfa4fb3e9b10ab5aba,e0a0f1f1b0f0a060
dfneg_WEB10248.jpg,5bc84e491633f3a83288e4e4279d199407fa3aca222f181c1f73dc4e83b62a4b,3f1fbe776f2c7c27
dfneg_WEB10250.jpg,282afd8e7c2df5ca6be9423176d691da548f5388a98a3ad14e31164c32c147f8,cdcf4e931e1b9b03
dfneg_WEB10251.jpg,07bca664dc1738c607203a64cd02d0b100aa7474f76ebf9704b23e3d4a86c87d,4c2434a6a10c1c4c
dfneg_WEB10252.jpg,e42dd24d8408944061fa6cbd9e1cf8cfdae52e5e774d95d4798b5d6ec30057b0,7a7b7b6b33bb3b3b
dfneg_WEB10253.jpg,8d0f9bf73713969d3b09fbdceec975eb21b029cfc297e2ea1847294f3235c016,9f3f7f6f159c0f71
dfneg_WEB10254.jpg,8fde053782dd10c208b36e90946d8146c81fabdb9f6ee35f1bfdad44e15c13b0,3fbdbb0f2f8fff7f
dfneg_WEB10255.jpg,d1e93f452614a35ba3abc1d9585697f9f86eea558c20315a485c61139a693d57,4f7c31071b1c0f67
dfneg_WEB10257.jpg,e6b0b44bedc09083e3ae697d8c7b69a209206f760d634e1cd3fcebd49afa2192,3fbf3e3b9e4c1637
dfneg_WEB10258.jpg,49dc93f35c6c761ab1c0ff139ef5c6bf43f8512275320300f344fa40b2c13aaf,0100032c59db8797
dfneg_WEB10259.jpg,1a7ad769c7a43ca2efd54616295eaefc8ab6fadf267fcd3b46c5122be5e8a206,0391d1e1050f1f45
dfneg_WEB10260.jpg,337ae134d9960beb3e19d23590efb4223ebd27b6c9ff5fba32ee3b9f9fd260f4,1a1d0f4fb33c62c3
dfneg_WEB10261.jpg,d0034a7a81a3236341c479a73e982d1ea22882f59a01412d512b6a0a50f89240,0000d30b92386643
dfneg_WEB10262.jpg,a9b5d357e8ba20da36dccce8a30616703955da8c64aa1d13e4464752399bf588,06060e4a1eb43c0c
dfneg_WEB10263.jpg,ad121e95aa89a161f3a7390d9623f013a40d92dce36e0ad8c9eca460637d044a,432303878f869dcc
dfneg_WEB10264.jpg,bca2fcbc743625ca520ce0a1ace10e6ae01a0dfdffae2d0ac838dde275ce62e7,0f0f2d0f079e1e13
dfneg_WEB10265.jpg,29aa3fd3333f1b7fe8e1a399bcae673eac27a39b28f145f5c8110eb45d64a0b5,668f3fdfc31dc344
dfneg_WEB10266.jpg,5ae0471ec9e27bd2e0bda82996c6f98870cc0e832e0d3ced7502168813a62864,8787c7c7cccc9e1f
dfneg_WEB10267.jpg,c5256680b03531bef7a8a1bacbc22a44ac14186f61786654c2bdabf26b64130c,010101082305ae63
dfneg_WEB10268.jpg,24e406680d3c564ac4e6e34624bafddbd21146caf44d14812b8543cc6207bdb6,8c9e9e9e968e8e0e
dfneg_WEB10270.jpg,0cfd53fd9107a09d58ad61094b2c5e7a0b81fe81457ee285da2c6c465c94f80b,60302c1c1c3e2f0f
dfneg_WEB10272.jpg,ef00244371bee5109ab79e08ca6deac6b4c27d08bd2c966c8300b269d1c29be5,3f37371b3f7f232f
dfneg_WEB10275.jpg,ccb469597a2089425f1af9b3242d84bed107ab0714b857a3727e407085537ecc,00000000008800c0
dfneg_WEB10277.jpg,f015c8019c3bd2110fba334a0ce16ce3a979204e38e580fcf099af1e0b1b719d,0b0b0f0f1f0f4fc7
dfneg_WEB10278.jpg,813f709c448b1a7305e0d798148a71b02230cec6a652eb96a1f2cb6b01560351,0b270f0b071d3d87
dfneg_WEB10279.jpg,0ee3d0130c9a9120d1d1aaf1699908e41ae0aedf3fd11c0096e9076a62d61084,174f2b9f1f1d3d86
dfneg_WEB10280.jpg,d32cd78f885971d25c566cff6fa7ad8c7ce1016c3296fdffcd8690e334a23302,0f1b0f1f971d3986
dfneg_WEB10281.jpg,c16bd7fc35695463f9105adb5890f92a431e5dfec12b54172c41384380830b8e,0f0f0f07070f0fd5
dfneg_WEB10282.jpg,ae3119c35578ed794ee2441b4b3bd3900c6d202a43a94e8e90681a1adecd419c,0f03934f09300e6b
dfneg_WEB10283.jpg,f793a07f8e39d6f088c5ff4ba5077c5bfc596f40cb500628beaa5ac21aa1602d,03270f1f3f2c3c1b
dfneg_WEB10285.jpg,ef89e7b6e78656ddcb30cad06d0aa4fdd7e5bc22b18edf907067a552ec715b5f,4343c74763e3331d
dfneg_WEB10287.jpg,1b8e9f59553cb1d3dee742e181fc30e6a7a64a8066ff17937e88c4654d5edfae,b664e6e325070da4
dfneg_WEB10289.jpg,38d67010a5e5649f1ebafb78b810b49adcf91b42ce29a359795c59080144e5a9,73cc4d0f290dcc73
dfneg_WEB10292.jpg,43709feabfc8f80304fa61caeb6b3eec1aaa58c8976442b08c6e6782aa79a714,0f0f2e358dca5a9d
dfneg_WEB10294.jpg,b6a8d528ad9fd5ec639d5ec5065af504b65c137591607aebf09ae225f01e1ea6,7777ff4f73610719
dfneg_WEB10295.jpg,29ef6dffa6c65a804555fa7de62afb104f63c9c12ec3dbf556385694c6bed8d0,ccc168b80000b959
dfneg_WEB10296.jpg,7f71690ebdef7098591f84a48736cfc78b2c3718a95ab9b901f992e1f1624660,769763e0e869c9c8
dfneg_WEB10297.jpg,97510a641b8f1e54a7ba795b77ef812aee954e5d35238459c5e809091468f039,4ccc783094cc2e2c
dfneg_WEB10301.jpg,21c73e3f50c029d497f3b851cdc3ea6cb289d238ed1000843bce71a03d8d7ffd,f3c2c4507232fef3
dfneg_WEB10302.jpg,85a019d70e8529a641abbfe63c5e32315f7e640fd1ebccc9970bee328f9a999b,4f4707076fd2c008
dfneg_WEB10304.jpg,a42d456587d8c2e5dd004db904ebd3ce2ec9543fe1f456b9d6924686e3cc84a2,d74f2936061d8803
dfneg_WEB10305.jpg,63f2746fc85e13f37db6d792bb1a3de4790f46c6460dad80fac609493a01cbe5,820a094801078700
dfneg_WEB10306.jpg,1238c39b31a0fcc053a66a6de581f76433a8cd1128090e0dceb0cc6b5fb8f49a,1f37a7f7f7dfcde7
dfneg_WEB10308.jpg,3a5c3fdc20b9ca110764318ea890d319377599d8eb1c4cf7538a2d4cfae86714,d2d149ccde666c0c
dfneg_WEB10310.jpg,3611b43c7ee20f9895bab3d07a30a4ad85a8cb2a4356c4a496ff7cedff26c5a5,4010061ab4e65707
dfneg_WEB10312.jpg,85d634afba4f2997c9f65f5872fa622730aea6feb942fe92e5e6b9844ce4c284,cfc79d63c58c9d1d
dfneg_WEB10313.jpg,6f650753e6c38fdd05b7df0fb84ac1e861c9557690cdfaf8f5d281928eec5161,b5a6a60a1b1b1e17
dfneg_WEB10314.jpg,36086e47273e72002edc6a14d2d6c56e760923b6c7e7abba61fc34833d7d8aeb,6465bc7c92c378e8
dfneg_WEB10315.jpg,07910310018187923bdc67eaa26a13586b607b439cddb9f04f9c66689366b64d,b098dd75511c1f49
dfneg_WEB10316.jpg,eca33d15285eb0b3933ba6343642857f978f7288fa2eade05d2251c327ae36f6,c0004c34495e6d93
dfneg_WEB10318.jpg,db869df1b656561743e0cecbc399a1d8970eb6ff8267dcb31bb36099e7e760d1,4989b4127868260f
dfneg_WEB10319.jpg,e1a542fd698650b84725766e97335092562cdbea9deb344224bf3b71851b9838,2c6c69b93a497919
dfneg_WEB10320.jpg,793fe2cb62a3ee9a70a6c87121eec571a05b69db89ba1fa972eaeb97dc3ce5e2,4f07070f0e444633
dfneg_WEB10322.jpg,c63a1508e79445497bce18c1d2b29eba6801ae974e7ad77f5aae4d25aaf566b7,b0f0d8c8243e1b7f
dfneg_WEB10324.jpg,5982ae766f1ad0b6a0be01bded13e136686f39e7341505ace0dd86526ec5f0fe,000202000009e0d4
dfneg_WEB10325.jpg,06341ecf4182db02743179133fce71fb53bee64f5e6813b2d23411683507c3bc,22a5633f8daf1f38
dfneg_WEB10326.jpg,100a334397e4f1e5ee5a6937acb9a4728320b05446f67a533e08571965f29f62,133360cbef5ea7d3
dfneg_WEB10327.jpg,32333534e8bb81a8698723b9099d95f75bf50ddea0198cb9b22ab86def21a900,41c3468cc86dc38f
dfneg_WEB10328.jpg,ffb655e7d111207fd8f5d0493828beb0fa12dc12209496b826dd995a5b735e8b,697d7e3b596c2350
dfneg_WEB10329.jpg,2d891cfcef7bcf86a01313dac8ff1b08bb2d11863e6927f2f7dbb02a8a1d522e,caf1bea9ec8fadfd
dfneg_WEB10330.jpg,ef2b0b3ab5e54d70b6ad059be0da7f8732dba5b83f6ac21aa0a0f117a6bf9e98,0013f8ecf4dc4e33
dfneg_WEB10331.jpg,1eb0fa7abb3dc3c5a3b9e2b258b5d5b4b0d0122bbf27ce5fe29997f7d1394564,3d1d2f1b03091819
dfneg_WEB10332.jpg,04897175788be026cbe25e4b819a03d5c3a180ab41e19a872f274d6e7e4988b4,1b1b9f193d65240d
dfneg_WEB10335.jpg,db759ebe20a0a06423dd031b596509de5655bcc48d0b22c4d867347aa7df1600,1b1a3e3f757d3e47
dfneg_WEB10336.jpg,ef792c87db96ab0681c606d31925f2aac26609c45cb865822bc486bc61002286,fcfcfc1ec7674242
dfneg_WEB10337.jpg,16243b5f6e3f17053130048e2b780eae899a59bd5748e67d0b058ca70a8a50f5,4d4f0e7bf9d9fbfd
dfneg_WEB10339.jpg,ea3299d36da132704bcfa5778561c283fb0f0c5eb1d0afed7ed1bc8c03709f0b,22e4300c8e736520
dfneg_WEB10342.jpg,64dd7a2990b4a3dd8f07c7164367b3519f77725460cb5c216c9bdb9ef3754d77,f0d0b21e4f3b0707
dfneg_WEB10344.jpg,af2cb935dd7a1aaa83b58c8bb1821dce704079cf04a296db7217f344779f36cf,d5cbeffd2da5e3e3
dfneg_WEB10345.jpg,3bca6d13216223acad6973d00ba9631ce9c8b3e9bd205f9bc129dcb027db487a,fff75c7cf61f84f8
dfneg_WEB10346.jpg,740438cbe876e840c6c00d8f419e8cc756b90b337dc48ed707d4f8ae975ecefd,000000003c39463b
dfneg_WEB10347.jpg,75e3b8d61d317804f47c4d6e5e67c5f86b9d5a7fc56689c6b2ea359c70b01f18,d7c5c5e1d2c4c6e0
dfneg_WEB10348.jpg,a1d643afac3adf69a891898bcca97bf29f4b802be8b1ebe8550579aef170ab04,af9f929a59491f3b
dfneg_WEB10350.jpg,9c3da64f9777cf3e3b635848db4843c6201401eaeac6dd4f6140e487c3fad03e,7cdc0c0c0e0e3819
dfneg_WEB10351.jpg,6354652452fb827829469552810c4ad1cfb53a99e3c22e2cea37d6eca964cdfb,000003851d7a67d5
dfneg_WEB10354.jpg,8408153427d951976d11823588a87221fb21ee6839d2c1b3301a3ee77660bdcb,8326945747b41b45
dfneg_WEB10355.jpg,1656f92a7e1b8f339e3cd7deba5ec77c7d915434e951b2471052c5b110903ca3,0b139bce4c663533
dfneg_WEB10356.jpg,bb2be36d555c72b0fddc0549fd714ad310ce328162cb2f3b38db2abe8af4fada,f0f0f3732a33f0f0
dfneg_WEB10357.jpg,e64597e35bb77672cf6cc31e2d23ea3e87dbcefff117a077a801510fe1197466,1325210303030303
dfneg_WEB10358.jpg,7f75ec78b92d484f49d5a386081b8e327e317c63c4709202bf5fc03eaeafd301,1932e60d47db9b19
dfneg_WEB10360.jpg,8261398fb77d533534f0d33a07d414899ebd51749b2ffb641ebe443f501712dd,611b19010a0e0707
dfneg_WEB10361.jpg,b40228797cc07587de861577270abbb0c9f1d7a05de0a420c83da369b0761166,0135463c999b4b3a
dfneg_WEB10362.jpg,d8c089735c343ce6a7668377424c575b84d7e8e6c82c358eb6897ceba888c9dc,13fbe9dbcb23e33d
dfneg_WEB10363.jpg,24cbfd224abcfb13953183018b46fe799e2b1d922fd99ab1726ba53cd66d9e94,010001104eeea437
dfneg_WEB10365.jpg,3bfcc80bf74782b362629221412bc760b86d5d59fdff25a44b59a583b1dca3a9,edccec6c6e3668e4
dfneg_WEB10366.jpg,9ede95d9804a3443c53c07f91e4218ab6c9d40382edaa455c42d43602baf855c,01010d40a01a1687
dfneg_WEB10367.jpg,bd60ccd71236be89a01083491575ec3b421c2b4aa48c1a76f074540c59af728c,ec3cc5d7ea59192f
dfneg_WEB10368.jpg,39af40c7eef3705a633d887feb1f7392190818ca7842570149e70372bb926ab0,fe811dfd13664c98
dfneg_WEB10369.jpg,73bb3bc1f34bf134c20174a23b32608b0a88b22f904085fdd922027b4452282d,0f0719d826100903
dfneg_WEB10370.jpg,549affa99d8629e02c16bafb4939fc261ef205586856a21cfd3426181efae57b,7fb7ff3f1f790f0d
dfneg_WEB10372.jpg,0d4bf508abac1dbd5fcf363063d6f35eef43a3b79a1fda26c4ef1e88d7c5fcfd,191f1f0f0f0f1f1f
dfneg_WEB10374.jpg,170cee2b29c442229da729e12143311665ce1118bc20f7fdf918205c3aa1f968,1c060380960e40c5
dfneg_WEB10375.jpg,8a4eddda1c0b1211d9d211a1aec99a941a65a3b7a9e5b4312ffa1cdd177d6d5f,21242c6deccdcb17
dfneg_WEB10377.jpg,4a741e38a00b76c5b2dba12d73bc5f8e47fca4012cbd1c43513dd39e3adbae68,399b961b5bb16cee
dfneg_WEB10379.jpg,99f6aae6ed863fc2ac9356f1fa915453fc48b1d72b7ded0f8269912542c7839b,030706a417555555
dfneg_WEB10381.jpg,e71f9fd25236cb1c93f959db926ef1a6020ab3effe1bce96d8b8d50b876c1f8f,3232312860051a19
dfneg_WEB10384.jpg,c33bcd305dc9954f77d62d7e382302e28754c92e42ffd8189b29826731a8f55c,4f9f5e195d5f0344
dfneg_WEB10385.jpg,ed40ee4d99ede13bb349eea95a66a9ca8ef8865b7aab7755f93d94049f8ff7a8,2f2d5d030f772627
dfneg_WEB10386.jpg,9ae777e7ae21eb67f9cc1789eb3f32756b656c763ec51f4c259a30f8e6aad729,ff7f3fbf9e3319d8
dfneg_WEB10387.jpg,62b834297dfdc9422041748c094c00e75e042271443e87811cc2da6d63e89f49,1f1f1c3f3f7ebc36
dfneg_WEB10389.jpg,9ce0388999a3bc23252108e3ef9e35669a9747d7db86b1918abef91a03ef94d5,d0f8f8b8fdfaead9
dfneg_WEB10390.jpg,a6f3ecd9da66d3e17ae187fb15cfa13a8d805e9ae960a57fe2b98bc503627fa8,3f27078f0f0f0b47
dfneg_WEB10391.jpg,38d91f76c0ccfb4a2658481717f2b70422f81d1433d651d54b2fa766efa17adc,1f5b5dbdff3f0f17
dfneg_WEB10392.jpg,270c1d9a434419972adbe26f1a6c8828b0a6a86cf2fdcb3dcad19cd68610446e,a2c5c7f81c1f83c1
dfneg_WEB10393.jpg,eba2501000e3add07d65e41262761d5839bbb2910523567344c09add4bec989f,02070907b424252d
dfneg_WEB10394.jpg,6e6597ba14b722822e750e2a81975ae676766c5b20862a6705b51da0fea2bfe6,2f070f1e34b73bc2
dfneg_WEB10397.jpg,154bb4e8f8d5b28581ea4779d8e7cd26a5e4dcbb0fb6b9cfcb65c00a696dc25e,555b1e0e0b273f2f
dfneg_WEB10398.jpg,695bd59986b16c84ce373d0b994e709c0c567dd5ce57f68f1f7ff53cc9c6360b,f0f0c0c1010f8b41
dfneg_WEB10399.jpg,5f209b147d5ed5e280dd9db594609b0d542a9dfdc5d450962d61b8f8515a7042,3d9e8eec7c787963
dfneg_WEB10401.jpg,0383d1733ad5bd5824eedd5fde29549a0db48703d5e3dadaaa6675bad3864f0e,00364ccbc30731c8
dfneg_WEB10402.jpg,ae456bf1a29c8d5ced8178aba11315535dce45be5fdfe2426b6170a482324251,8ecfc5e830014730
dfneg_WEB10403.jpg,de51881d35af3d8a278f73ada542a303afd3a2cf05bcb1157d90514c54abbb2f,8f8f0f0f0f4e7e5e
dfneg_WEB10404.jpg,5736ddf7cc935b409a74c087d78b236a047b40de2b5a24ceaf931b182bdb71b2,f8fcf8f1e3021806
dfneg_WEB10405.jpg,7f9c9b6e5e979806361f0775ed5285e5827f1d3ccd19dd3fd0dcce9bfc0330f8,e26020fcfa8b1e70
dfneg_WEB10406.jpg,adaedd69a5b494ede8c22b98faf8d52f32b454892469f6513621b8caad934fc6,070107178d68c636
dfneg_WEB10407.jpg,ba88a6538b779e1df6113810891a84d4ff37b43b1886a108ab8e2a6682fcf040,0101c30b03070707
dfneg_WEB10408.jpg,07aa04ac8cd2319475e0e72859af61a489ee30ff8005991af2a2eeb9b7cb396f,3e646e7060234c0c
dfneg_WEB10409.jpg,1784c0b66a7d434e52791e6c4e9da3c32483072f4f8adac15ca36c82841ba467,081c1a939c0b4d1d
dfneg_WEB10410.jpg,e97dc09819977ebd4b20e988bf936ddc305681bf8c00178eb2f177ce52d242fd,191c1e3a3c2b4d1d
dfneg_WEB10411.jpg,c7c9ef10931d5dc0c707d7342141fd35a854e7162d130a8a3bf90ed2e6b9aed4,30383a1e5c234d1d
dfneg_WEB10412.jpg,ecd71e45c44d479564a91c14be2e8f8dc12c7e9a04216e7d961b7dc04d1a6619,1a9cda5b64234c1d
dfneg_WEB10415.jpg,553a8d86ab4af9a11ad94020952acdf1e707764ecbb98977f85410f158353042,030301010d2c3697
dfneg_WEB10416.jpg,0d6a9198955f4f976fdfce57fe95faec13b5009994a9d3aa5be0c87c511e5b67,070707030c2c2777
dfneg_WEB10417.jpg,07755ee513fa8273a5c318a2ff0af5cb1f3e8da9eb54de632bf786c18cd6d356,7770610d0c213775
dfneg_WEB10418.jpg,de111ca28cefdda3893019e7e77baf8cd832eff28b920df1e27a1477804368f1,7d1d4f4f0c251775
dfneg_WEB10419.jpg,9c79c1570423eefcf3ae871cc3920596da245d3c6b478e94cf3b898c96ca2027,0f070f0f0f8b8b28
dfneg_WEB10421.jpg,122408e347af435b7002463baf2acee644101c41ea02afa043a1d7b0ff531055,0406030123081900
dfneg_WEB10422.jpg,1a6d13903d88e3493a3470de57314e4125077bb24ce7c7fe3fac266c08a1b78b,c9e3ee7f4d9dc509
dfneg_WEB10423.jpg,2df16d05a887c9b0a113d54582ffc0e90a76acd0ff00c2b7b4438408b2728de9,ef4f5f1f491d0d0f
dfneg_WEB10424.jpg,a94fc8530aed4b31a7818a36b0246cd38c36f0acc0cc9962985c794aba6d8bf5,0000030f8d85cf09
dfneg_WEB10426.jpg,884b26e913464a596ce550ddff37fe43bc6fcddfd460240674a56ead5503449d,3d9f9f0f099d0c1f
dfneg_WEB10789.jpg,4a4b183851b8575e23933be8c16211c47c3ec4fa6ce7e8b27d146e267bd7a41e,3a32331babb3f2f0
