frame,time_s,x1,y1,x2,y2,conf,cls
0,0.0,,,,,,
1,0.0334,,,,,,
2,0.0667,,,,,,
3,0.1001,,,,,,
4,0.1335,,,,,,
5,0.1668,,,,,,
6,0.2002,,,,,,
7,0.2336,,,,,,
8,0.2669,,,,,,
9,0.3003,,,,,,
10,0.3337,,,,,,
11,0.367,,,,,,
12,0.4004,,,,,,
13,0.4338,,,,,,
14,0.4671,,,,,,
15,0.5005,,,,,,
16,0.5339,,,,,,
17,0.5672,,,,,,
18,0.6006,,,,,,
19,0.634,74.1,330.1,94.2,352.0,0.1812,0
20,0.6673,72.8,340.1,91.8,351.8,0.1569,0
21,0.7007,70.0,341.5,91.6,351.7,0.2036,0
21,0.7007,67.8,340.8,92.8,351.8,0.1239,0
22,0.7341,69.1,340.4,91.5,351.8,0.1679,0
22,0.7341,67.6,341.4,90.7,351.8,0.1186,0
23,0.7674,,,,,,
24,0.8008,,,,,,
25,0.8342,,,,,,
26,0.8675,,,,,,
27,0.9009,,,,,,
28,0.9343,,,,,,
29,0.9676,,,,,,
30,1.001,,,,,,
31,1.0344,,,,,,
32,1.0677,,,,,,
33,1.1011,,,,,,
34,1.1345,,,,,,
35,1.1678,,,,,,
36,1.2012,,,,,,
37,1.2346,,,,,,
38,1.2679,,,,,,
39,1.3013,,,,,,
40,1.3347,,,,,,
41,1.368,,,,,,
42,1.4014,,,,,,
43,1.4348,,,,,,
44,1.4681,,,,,,
45,1.5015,,,,,,
46,1.5349,,,,,,
47,1.5682,,,,,,
48,1.6016,,,,,,
49,1.635,,,,,,
50,1.6683,,,,,,
51,1.7017,,,,,,
52,1.7351,,,,,,
53,1.7684,,,,,,
54,1.8018,,,,,,
55,1.8352,,,,,,
56,1.8685,,,,,,
57,1.9019,,,,,,
58,1.9353,,,,,,
59,1.9686,,,,,,
60,2.002,,,,,,
61,2.0354,,,,,,
62,2.0687,,,,,,
63,2.1021,,,,,,
64,2.1355,,,,,,
65,2.1688,,,,,,
66,2.2022,,,,,,
67,2.2356,,,,,,
68,2.2689,,,,,,
69,2.3023,,,,,,
70,2.3357,,,,,,
71,2.369,,,,,,
72,2.4024,,,,,,
73,2.4358,,,,,,
74,2.4691,,,,,,
75,2.5025,,,,,,
76,2.5359,,,,,,
77,2.5692,,,,,,
78,2.6026,,,,,,
79,2.636,,,,,,
80,2.6693,,,,,,
81,2.7027,,,,,,
82,2.7361,,,,,,
83,2.7694,,,,,,
84,2.8028,,,,,,
85,2.8362,,,,,,
86,2.8695,,,,,,
87,2.9029,,,,,,
88,2.9363,,,,,,
89,2.9696,,,,,,
90,3.003,,,,,,
91,3.0364,,,,,,
92,3.0697,,,,,,
93,3.1031,,,,,,
94,3.1365,,,,,,
95,3.1698,,,,,,
96,3.2032,,,,,,
97,3.2366,,,,,,
98,3.2699,,,,,,
99,3.3033,,,,,,
100,3.3367,,,,,,
101,3.37,,,,,,
102,3.4034,,,,,,
103,3.4368,,,,,,
104,3.4701,,,,,,
105,3.5035,,,,,,
106,3.5369,,,,,,
107,3.5702,,,,,,
108,3.6036,,,,,,
109,3.637,,,,,,
110,3.6703,,,,,,
111,3.7037,,,,,,
112,3.7371,,,,,,
113,3.7704,,,,,,
114,3.8038,,,,,,
115,3.8372,,,,,,
116,3.8705,69.7,332.9,86.2,351.6,0.1452,0
117,3.9039,,,,,,
118,3.9373,,,,,,
119,3.9706,,,,,,
120,4.004,68.7,330.5,85.5,351.4,0.2027,0
121,4.0374,67.9,331.3,84.7,350.9,0.106,0
122,4.0707,68.0,330.0,84.3,351.1,0.1944,0
123,4.1041,,,,,,
124,4.1375,,,,,,
125,4.1708,,,,,,
126,4.2042,,,,,,
127,4.2376,,,,,,
128,4.2709,,,,,,
129,4.3043,,,,,,
130,4.3377,,,,,,
131,4.371,,,,,,
132,4.4044,,,,,,
133,4.4378,,,,,,
134,4.4711,,,,,,
135,4.5045,58.3,338.4,80.4,351.7,0.1328,0
136,4.5379,56.0,338.8,78.9,351.7,0.2061,0
137,4.5712,53.5,338.3,77.0,351.8,0.1404,0
138,4.6046,49.4,339.0,72.9,351.7,0.171,0
139,4.638,45.7,340.2,72.0,351.8,0.1216,0
140,4.6713,,,,,,
141,4.7047,,,,,,
142,4.7381,,,,,,
143,4.7714,,,,,,
144,4.8048,,,,,,
145,4.8382,,,,,,
146,4.8715,,,,,,
147,4.9049,,,,,,
148,4.9383,,,,,,
149,4.9716,,,,,,
150,5.005,,,,,,
151,5.0384,,,,,,
152,5.0717,,,,,,
153,5.1051,,,,,,
154,5.1385,28.2,339.5,47.8,351.7,0.1048,0
155,5.1718,27.1,339.8,48.1,351.7,0.1393,0
156,5.2052,30.0,338.9,47.8,351.8,0.1095,0
156,5.2052,30.3,338.0,49.3,351.9,0.1056,0
157,5.2386,,,,,,
158,5.2719,,,,,,
159,5.3053,,,,,,
160,5.3387,,,,,,
161,5.372,,,,,,
162,5.4054,,,,,,
163,5.4388,,,,,,
164,5.4721,,,,,,
165,5.5055,,,,,,
166,5.5389,,,,,,
167,5.5722,,,,,,
168,5.6056,,,,,,
169,5.639,,,,,,
170,5.6723,,,,,,
171,5.7057,,,,,,
172,5.7391,,,,,,
173,5.7724,,,,,,
174,5.8058,,,,,,
175,5.8392,,,,,,
176,5.8725,,,,,,
177,5.9059,,,,,,
178,5.9393,,,,,,
179,5.9726,,,,,,
180,6.006,,,,,,
181,6.0394,,,,,,
182,6.0727,,,,,,
183,6.1061,,,,,,
184,6.1395,,,,,,
185,6.1728,,,,,,
186,6.2062,,,,,,
187,6.2396,,,,,,
188,6.2729,,,,,,
189,6.3063,,,,,,
190,6.3397,,,,,,
191,6.373,,,,,,
192,6.4064,,,,,,
193,6.4398,,,,,,
194,6.4731,,,,,,
195,6.5065,,,,,,
196,6.5399,,,,,,
197,6.5732,,,,,,
198,6.6066,,,,,,
199,6.64,,,,,,
200,6.6733,,,,,,
201,6.7067,,,,,,
202,6.7401,,,,,,
203,6.7734,,,,,,
204,6.8068,,,,,,
205,6.8402,,,,,,
206,6.8735,,,,,,
207,6.9069,,,,,,
208,6.9403,,,,,,
209,6.9736,,,,,,
210,7.007,,,,,,
211,7.0404,,,,,,
212,7.0737,,,,,,
213,7.1071,,,,,,
214,7.1405,,,,,,
215,7.1738,,,,,,
216,7.2072,,,,,,
217,7.2406,,,,,,
218,7.2739,,,,,,
219,7.3073,,,,,,
220,7.3407,,,,,,
221,7.374,,,,,,
222,7.4074,,,,,,
223,7.4408,,,,,,
224,7.4741,,,,,,
225,7.5075,,,,,,
226,7.5409,,,,,,
227,7.5742,,,,,,
228,7.6076,,,,,,
229,7.641,,,,,,
230,7.6743,,,,,,
231,7.7077,,,,,,
232,7.7411,,,,,,
233,7.7744,,,,,,
234,7.8078,,,,,,
235,7.8412,,,,,,
236,7.8745,,,,,,
237,7.9079,,,,,,
238,7.9413,,,,,,
239,7.9746,,,,,,
240,8.008,,,,,,
241,8.0414,,,,,,
242,8.0747,,,,,,
243,8.1081,,,,,,
244,8.1415,,,,,,
245,8.1748,,,,,,
246,8.2082,,,,,,
247,8.2416,,,,,,
248,8.2749,,,,,,
249,8.3083,,,,,,
250,8.3417,268.5,345.3,283.7,351.9,0.1063,0
251,8.375,,,,,,
252,8.4084,263.7,345.1,279.9,351.9,0.1124,0
253,8.4418,263.3,343.6,275.8,351.8,0.1158,0
254,8.4751,,,,,,
255,8.5085,,,,,,
256,8.5419,,,,,,
257,8.5752,,,,,,
258,8.6086,,,,,,
259,8.642,,,,,,
260,8.6753,,,,,,
261,8.7087,,,,,,
262,8.7421,,,,,,
263,8.7754,,,,,,
264,8.8088,,,,,,
265,8.8422,,,,,,
266,8.8755,,,,,,
267,8.9089,,,,,,
268,8.9423,,,,,,
269,8.9756,,,,,,
270,9.009,,,,,,
271,9.0424,,,,,,
272,9.0757,,,,,,
273,9.1091,,,,,,
274,9.1425,,,,,,
275,9.1758,,,,,,
276,9.2092,,,,,,
277,9.2426,,,,,,
278,9.2759,,,,,,
279,9.3093,1.8,1.6,562.3,169.4,0.3563,1
280,9.3427,,,,,,
281,9.376,,,,,,
282,9.4094,0.0,1.5,617.0,158.9,0.2014,1
283,9.4428,,,,,,
284,9.4761,,,,,,
285,9.5095,62.8,1.9,633.1,156.1,0.1604,1
286,9.5429,67.0,1.9,639.8,157.4,0.2162,1
287,9.5762,110.5,0.4,640.0,143.9,0.1821,1
288,9.6096,,,,,,
289,9.643,,,,,,
290,9.6763,,,,,,
291,9.7097,147.1,331.2,167.4,351.7,0.1025,0
292,9.7431,150.2,339.0,170.5,351.8,0.1149,0
293,9.7764,153.1,341.0,173.4,351.7,0.2379,0
293,9.7764,145.9,339.1,187.8,352.0,0.1169,0
294,9.8098,154.0,338.9,175.7,351.7,0.2073,0
294,9.8098,146.6,338.3,188.7,352.0,0.1222,0
295,9.8432,155.2,340.1,174.2,351.6,0.2029,0
295,9.8432,146.6,338.4,187.4,352.0,0.1259,0
296,9.8765,154.5,340.8,173.9,351.8,0.1193,0
296,9.8765,145.7,337.4,187.7,352.0,0.1006,0
297,9.9099,152.8,328.6,175.2,352.0,0.1145,0
298,9.9433,,,,,,
299,9.9766,0.0,1.0,96.5,111.5,0.2238,1
300,10.01,,,,,,
301,10.0434,,,,,,
302,10.0767,0.0,0.8,94.5,110.3,0.1024,1
303,10.1101,0.0,0.8,94.6,110.4,0.1854,1
304,10.1435,0.0,0.7,92.3,109.7,0.2532,1
305,10.1768,,,,,,
306,10.2102,143.4,341.1,161.5,351.7,0.1389,0
307,10.2436,141.5,341.3,160.7,351.9,0.1009,0
308,10.2769,141.6,341.5,160.0,351.8,0.12,0
309,10.3103,141.4,340.6,159.7,351.8,0.142,0
310,10.3437,140.8,339.8,159.4,351.8,0.1578,0
311,10.377,140.9,341.2,159.3,351.8,0.1592,0
312,10.4104,142.2,341.3,159.3,351.7,0.1667,0
313,10.4438,141.6,341.4,159.4,351.8,0.1511,0
314,10.4771,,,,,,
315,10.5105,,,,,,
316,10.5439,,,,,,
317,10.5772,,,,,,
318,10.6106,,,,,,
319,10.644,,,,,,
320,10.6773,,,,,,
321,10.7107,,,,,,
322,10.7441,,,,,,
323,10.7774,,,,,,
324,10.8108,,,,,,
325,10.8442,,,,,,
326,10.8775,,,,,,
327,10.9109,,,,,,
328,10.9443,,,,,,
329,10.9776,,,,,,
330,11.011,,,,,,
331,11.0444,,,,,,
332,11.0777,,,,,,
333,11.1111,,,,,,
334,11.1445,,,,,,
335,11.1778,,,,,,
336,11.2112,,,,,,
337,11.2446,,,,,,
338,11.2779,,,,,,
339,11.3113,,,,,,
340,11.3447,,,,,,
341,11.378,,,,,,
342,11.4114,,,,,,
343,11.4448,,,,,,
344,11.4781,,,,,,
345,11.5115,,,,,,
346,11.5449,,,,,,
347,11.5782,,,,,,
348,11.6116,,,,,,
349,11.645,,,,,,
350,11.6783,,,,,,
351,11.7117,,,,,,
352,11.7451,,,,,,
353,11.7784,,,,,,
354,11.8118,,,,,,
355,11.8452,,,,,,
356,11.8785,,,,,,
357,11.9119,,,,,,
358,11.9453,,,,,,
359,11.9786,,,,,,
360,12.012,,,,,,
361,12.0454,,,,,,
362,12.0787,,,,,,
363,12.1121,,,,,,
364,12.1455,,,,,,
365,12.1788,,,,,,
366,12.2122,,,,,,
367,12.2456,,,,,,
368,12.2789,,,,,,
369,12.3123,,,,,,
370,12.3457,,,,,,
371,12.379,,,,,,
372,12.4124,,,,,,
373,12.4458,,,,,,
374,12.4791,,,,,,
375,12.5125,,,,,,
376,12.5459,,,,,,
377,12.5792,,,,,,
378,12.6126,,,,,,
379,12.646,,,,,,
380,12.6793,,,,,,
381,12.7127,,,,,,
382,12.7461,,,,,,
383,12.7794,,,,,,
384,12.8128,,,,,,
385,12.8462,,,,,,
386,12.8795,,,,,,
387,12.9129,,,,,,
388,12.9463,,,,,,
389,12.9796,,,,,,
390,13.013,,,,,,
391,13.0464,,,,,,
392,13.0797,,,,,,
393,13.1131,,,,,,
394,13.1465,,,,,,
395,13.1798,,,,,,
396,13.2132,,,,,,
397,13.2466,,,,,,
398,13.2799,,,,,,
399,13.3133,,,,,,
400,13.3467,,,,,,
401,13.38,,,,,,
402,13.4134,,,,,,
403,13.4468,,,,,,
404,13.4801,,,,,,
405,13.5135,,,,,,
406,13.5469,,,,,,
407,13.5802,,,,,,
408,13.6136,,,,,,
409,13.647,,,,,,
410,13.6803,,,,,,
411,13.7137,,,,,,
412,13.7471,,,,,,
413,13.7804,,,,,,
414,13.8138,,,,,,
415,13.8472,,,,,,
416,13.8805,,,,,,
417,13.9139,,,,,,
418,13.9473,,,,,,
419,13.9806,,,,,,
420,14.014,,,,,,
421,14.0474,,,,,,
422,14.0807,,,,,,
423,14.1141,,,,,,
424,14.1475,,,,,,
425,14.1808,,,,,,
426,14.2142,,,,,,
427,14.2476,,,,,,
428,14.2809,,,,,,
429,14.3143,,,,,,
430,14.3477,,,,,,
431,14.381,,,,,,
432,14.4144,,,,,,
433,14.4478,,,,,,
434,14.4811,,,,,,
435,14.5145,,,,,,
436,14.5479,,,,,,
437,14.5812,,,,,,
438,14.6146,,,,,,
439,14.648,,,,,,
440,14.6813,,,,,,
441,14.7147,,,,,,
442,14.7481,125.4,339.2,145.8,351.9,0.1532,0
442,14.7481,127.1,339.6,145.7,351.7,0.1372,0
443,14.7814,132.4,333.9,148.1,350.9,0.275,0
444,14.8148,132.4,334.4,152.0,351.4,0.2639,0
444,14.8148,127.8,337.2,172.6,351.9,0.1109,0
445,14.8482,143.4,328.1,176.9,350.2,0.5224,0
446,14.8815,168.9,315.7,198.3,336.9,0.2722,0
447,14.9149,187.2,312.8,206.6,330.7,0.1307,0
448,14.9483,195.6,308.7,231.1,329.5,0.4153,0
449,14.9816,,,,,,
450,15.015,0.0,78.7,49.2,322.4,0.1177,1
451,15.0484,,,,,,
452,15.0817,,,,,,
453,15.1151,,,,,,
454,15.1485,,,,,,
455,15.1818,,,,,,
456,15.2152,,,,,,
457,15.2486,,,,,,
458,15.2819,,,,,,
459,15.3153,,,,,,
460,15.3487,,,,,,
461,15.382,,,,,,
462,15.4154,,,,,,
463,15.4488,,,,,,
464,15.4821,,,,,,
465,15.5155,,,,,,
466,15.5489,,,,,,
467,15.5822,,,,,,
468,15.6156,,,,,,
469,15.649,,,,,,
470,15.6823,,,,,,
471,15.7157,,,,,,
472,15.7491,,,,,,
473,15.7824,,,,,,
474,15.8158,,,,,,
475,15.8492,,,,,,
476,15.8825,,,,,,
477,15.9159,,,,,,
478,15.9493,,,,,,
479,15.9826,,,,,,
480,16.016,,,,,,
481,16.0494,,,,,,
482,16.0827,,,,,,
483,16.1161,,,,,,
484,16.1495,,,,,,
485,16.1828,235.4,191.6,274.5,209.7,0.4678,0
486,16.2162,252.9,197.2,283.6,219.2,0.3012,0
487,16.2496,,,,,,
488,16.2829,273.6,215.3,301.7,239.2,0.3772,0
489,16.3163,279.3,227.5,316.5,249.0,0.2935,0
490,16.3497,,,,,,
491,16.383,,,,,,
492,16.4164,301.7,247.0,332.8,269.6,0.3931,0
493,16.4498,,,,,,
494,16.4831,,,,,,
495,16.5165,,,,,,
496,16.5499,,,,,,
497,16.5832,,,,,,
498,16.6166,,,,,,
499,16.65,,,,,,
500,16.6833,,,,,,
501,16.7167,,,,,,
502,16.7501,,,,,,
503,16.7834,,,,,,
504,16.8168,,,,,,
505,16.8502,,,,,,
506,16.8835,,,,,,
507,16.9169,,,,,,
508,16.9503,,,,,,
509,16.9836,,,,,,
510,17.017,,,,,,
511,17.0504,,,,,,
512,17.0837,,,,,,
513,17.1171,,,,,,
514,17.1505,,,,,,
515,17.1838,616.0,327.3,639.6,352.0,0.1769,0
516,17.2172,,,,,,
517,17.2506,,,,,,
518,17.2839,,,,,,
519,17.3173,,,,,,
520,17.3507,,,,,,
521,17.384,,,,,,
522,17.4174,,,,,,
523,17.4508,,,,,,
524,17.4841,,,,,,
525,17.5175,,,,,,
526,17.5509,,,,,,
527,17.5842,,,,,,
528,17.6176,,,,,,
529,17.651,,,,,,
530,17.6843,,,,,,
531,17.7177,,,,,,
532,17.7511,,,,,,
533,17.7844,,,,,,
534,17.8178,,,,,,
535,17.8512,,,,,,
536,17.8845,,,,,,
537,17.9179,,,,,,
538,17.9513,,,,,,
539,17.9846,,,,,,
540,18.018,,,,,,
541,18.0514,,,,,,
542,18.0847,,,,,,
543,18.1181,,,,,,
544,18.1515,,,,,,
545,18.1848,,,,,,
546,18.2182,,,,,,
547,18.2516,,,,,,
548,18.2849,,,,,,
549,18.3183,,,,,,
550,18.3517,,,,,,
551,18.385,,,,,,
552,18.4184,,,,,,
553,18.4518,,,,,,
554,18.4851,,,,,,
555,18.5185,,,,,,
556,18.5519,,,,,,
557,18.5852,,,,,,
558,18.6186,,,,,,
559,18.652,,,,,,
560,18.6853,,,,,,
561,18.7187,294.8,273.3,341.2,293.8,0.3789,0
562,18.7521,266.7,284.0,301.0,304.2,0.6222,0
563,18.7854,241.2,296.7,274.6,316.6,0.402,0
564,18.8188,215.5,305.3,250.3,338.1,0.168,0
564,18.8188,216.3,305.2,249.8,329.9,0.1095,0
565,18.8522,128.2,205.5,240.5,350.1,0.1657,1
566,18.8855,,,,,,
567,18.9189,,,,,,
568,18.9523,,,,,,
569,18.9856,,,,,,
570,19.019,,,,,,
571,19.0524,,,,,,
572,19.0857,,,,,,
573,19.1191,,,,,,
574,19.1525,,,,,,
575,19.1858,,,,,,
576,19.2192,,,,,,
577,19.2526,,,,,,
578,19.2859,,,,,,
579,19.3193,174.2,340.0,192.9,351.9,0.1272,0
580,19.3527,167.6,340.5,189.9,351.8,0.2179,0
580,19.3527,158.9,339.7,205.0,352.0,0.1176,0
581,19.386,,,,,,
582,19.4194,,,,,,
583,19.4528,,,,,,
584,19.4861,,,,,,
585,19.5195,,,,,,
586,19.5529,,,,,,
587,19.5862,,,,,,
588,19.6196,,,,,,
589,19.653,,,,,,
590,19.6863,,,,,,
591,19.7197,,,,,,
592,19.7531,,,,,,
593,19.7864,,,,,,
594,19.8198,,,,,,
595,19.8532,,,,,,
596,19.8865,,,,,,
597,19.9199,,,,,,
598,19.9533,,,,,,
599,19.9866,,,,,,
600,20.02,,,,,,
601,20.0534,,,,,,
602,20.0867,,,,,,
603,20.1201,,,,,,
604,20.1535,,,,,,
605,20.1868,,,,,,
606,20.2202,,,,,,
607,20.2536,,,,,,
608,20.2869,,,,,,
609,20.3203,,,,,,
610,20.3537,,,,,,
611,20.387,,,,,,
612,20.4204,,,,,,
613,20.4538,,,,,,
614,20.4871,,,,,,
615,20.5205,,,,,,
616,20.5539,0.0,0.3,59.4,120.3,0.1379,1
617,20.5872,,,,,,
618,20.6206,0.0,0.7,64.5,118.7,0.13,1
619,20.654,0.0,0.9,68.4,119.7,0.1423,1
620,20.6873,0.0,1.0,71.1,121.3,0.2696,1
621,20.7207,0.0,0.9,73.8,121.7,0.3298,1
622,20.7541,0.0,0.9,77.5,119.5,0.1592,1
623,20.7874,,,,,,
624,20.8208,,,,,,
625,20.8542,,,,,,
626,20.8875,,,,,,
627,20.9209,,,,,,
628,20.9543,,,,,,
629,20.9876,,,,,,
630,21.021,,,,,,
631,21.0544,,,,,,
632,21.0877,,,,,,
633,21.1211,,,,,,
634,21.1545,,,,,,
635,21.1878,,,,,,
636,21.2212,,,,,,
637,21.2546,,,,,,
638,21.2879,,,,,,
639,21.3213,,,,,,
640,21.3547,,,,,,
641,21.388,,,,,,
642,21.4214,,,,,,
643,21.4548,,,,,,
644,21.4881,,,,,,
645,21.5215,,,,,,
646,21.5549,,,,,,
647,21.5882,,,,,,
648,21.6216,,,,,,
649,21.655,,,,,,
650,21.6883,,,,,,
651,21.7217,,,,,,
652,21.7551,,,,,,
653,21.7884,430.0,271.0,457.0,293.6,0.1009,0
654,21.8218,434.1,263.0,453.4,288.6,0.1154,0
655,21.8552,,,,,,
656,21.8885,,,,,,
657,21.9219,,,,,,
658,21.9553,,,,,,
659,21.9886,,,,,,
660,22.022,,,,,,
661,22.0554,,,,,,
662,22.0887,,,,,,
663,22.1221,,,,,,
664,22.1555,,,,,,
665,22.1888,,,,,,
666,22.2222,,,,,,
667,22.2556,,,,,,
668,22.2889,431.3,276.8,455.3,294.3,0.1515,0
669,22.3223,,,,,,
670,22.3557,,,,,,
671,22.389,,,,,,
672,22.4224,,,,,,
673,22.4558,,,,,,
674,22.4891,,,,,,
675,22.5225,,,,,,
676,22.5559,,,,,,
677,22.5892,,,,,,
678,22.6226,,,,,,
679,22.656,,,,,,
680,22.6893,,,,,,
681,22.7227,,,,,,
682,22.7561,,,,,,
683,22.7894,,,,,,
684,22.8228,,,,,,
685,22.8562,,,,,,
686,22.8895,,,,,,
687,22.9229,,,,,,
688,22.9563,,,,,,
689,22.9896,,,,,,
690,23.023,,,,,,
691,23.0564,,,,,,
692,23.0897,,,,,,
693,23.1231,,,,,,
694,23.1565,,,,,,
695,23.1898,,,,,,
696,23.2232,,,,,,
697,23.2566,,,,,,
698,23.2899,,,,,,
699,23.3233,,,,,,
700,23.3567,0.0,0.7,91.0,135.9,0.2444,1
701,23.39,0.0,0.6,91.2,137.0,0.1696,1
702,23.4234,0.0,0.5,90.6,133.8,0.1574,1
703,23.4568,0.0,0.7,91.7,135.5,0.1052,1
704,23.4901,0.0,0.9,91.7,133.7,0.1357,1
705,23.5235,,,,,,
706,23.5569,,,,,,
707,23.5902,,,,,,
708,23.6236,,,,,,
709,23.657,,,,,,
710,23.6903,,,,,,
711,23.7237,,,,,,
712,23.7571,,,,,,
713,23.7904,,,,,,
714,23.8238,,,,,,
715,23.8572,,,,,,
716,23.8905,,,,,,
717,23.9239,,,,,,
718,23.9573,,,,,,
719,23.9906,,,,,,
720,24.024,,,,,,
721,24.0574,,,,,,
722,24.0907,,,,,,
723,24.1241,412.1,285.8,442.2,299.0,0.2111,0
724,24.1575,,,,,,
725,24.1908,,,,,,
726,24.2242,,,,,,
727,24.2576,,,,,,
728,24.2909,,,,,,
729,24.3243,,,,,,
730,24.3577,,,,,,
731,24.391,,,,,,
732,24.4244,,,,,,
733,24.4578,,,,,,
734,24.4911,,,,,,
735,24.5245,,,,,,
736,24.5579,,,,,,
737,24.5912,,,,,,
738,24.6246,,,,,,
739,24.658,,,,,,
740,24.6913,,,,,,
741,24.7247,,,,,,
742,24.7581,,,,,,
743,24.7914,,,,,,
744,24.8248,,,,,,
745,24.8582,,,,,,
746,24.8915,,,,,,
747,24.9249,,,,,,
748,24.9583,,,,,,
749,24.9916,,,,,,
750,25.025,,,,,,
751,25.0584,,,,,,
752,25.0917,,,,,,
753,25.1251,,,,,,
754,25.1585,,,,,,
755,25.1918,,,,,,
756,25.2252,,,,,,
757,25.2586,,,,,,
758,25.2919,,,,,,
759,25.3253,,,,,,
760,25.3587,,,,,,
761,25.392,,,,,,
762,25.4254,,,,,,
763,25.4588,,,,,,
764,25.4921,,,,,,
765,25.5255,,,,,,
766,25.5589,,,,,,
767,25.5922,,,,,,
768,25.6256,,,,,,
769,25.659,,,,,,
770,25.6923,,,,,,
771,25.7257,,,,,,
772,25.7591,,,,,,
773,25.7924,,,,,,
774,25.8258,,,,,,
775,25.8592,,,,,,
776,25.8925,,,,,,
777,25.9259,,,,,,
778,25.9593,,,,,,
779,25.9926,,,,,,
780,26.026,,,,,,
781,26.0594,,,,,,
782,26.0927,,,,,,
783,26.1261,,,,,,
784,26.1595,,,,,,
785,26.1928,,,,,,
786,26.2262,,,,,,
787,26.2596,,,,,,
788,26.2929,,,,,,
789,26.3263,,,,,,
790,26.3597,,,,,,
791,26.393,,,,,,
792,26.4264,,,,,,
793,26.4598,,,,,,
794,26.4931,,,,,,
795,26.5265,,,,,,
796,26.5599,,,,,,
797,26.5932,,,,,,
798,26.6266,,,,,,
799,26.66,,,,,,
800,26.6933,,,,,,
801,26.7267,,,,,,
802,26.7601,,,,,,
803,26.7934,,,,,,
804,26.8268,,,,,,
805,26.8602,,,,,,
806,26.8935,,,,,,
807,26.9269,,,,,,
808,26.9603,,,,,,
809,26.9936,,,,,,
810,27.027,,,,,,
811,27.0604,,,,,,
812,27.0937,,,,,,
813,27.1271,,,,,,
814,27.1605,,,,,,
815,27.1938,,,,,,
816,27.2272,,,,,,
817,27.2606,,,,,,
818,27.2939,,,,,,
819,27.3273,,,,,,
820,27.3607,,,,,,
821,27.394,,,,,,
822,27.4274,,,,,,
823,27.4608,,,,,,
824,27.4941,,,,,,
825,27.5275,,,,,,
826,27.5609,,,,,,
827,27.5942,,,,,,
828,27.6276,,,,,,
829,27.661,,,,,,
830,27.6943,,,,,,
831,27.7277,382.0,286.4,405.1,302.9,0.319,0
832,27.7611,,,,,,
833,27.7944,,,,,,
834,27.8278,,,,,,
835,27.8612,,,,,,
836,27.8945,,,,,,
837,27.9279,,,,,,
838,27.9613,,,,,,
839,27.9946,,,,,,
840,28.028,,,,,,
841,28.0614,,,,,,
842,28.0947,,,,,,
843,28.1281,,,,,,
844,28.1615,,,,,,
845,28.1948,,,,,,
846,28.2282,,,,,,
847,28.2616,,,,,,
848,28.2949,,,,,,
849,28.3283,,,,,,
850,28.3617,,,,,,
851,28.395,,,,,,
852,28.4284,,,,,,
853,28.4618,,,,,,
854,28.4951,,,,,,
855,28.5285,,,,,,
856,28.5619,,,,,,
857,28.5952,,,,,,
858,28.6286,,,,,,
859,28.662,,,,,,
860,28.6953,,,,,,
861,28.7287,,,,,,
862,28.7621,,,,,,
863,28.7954,,,,,,
864,28.8288,,,,,,
865,28.8622,,,,,,
866,28.8955,,,,,,
867,28.9289,,,,,,
868,28.9623,,,,,,
869,28.9956,,,,,,
870,29.029,,,,,,
871,29.0624,,,,,,
872,29.0957,,,,,,
873,29.1291,,,,,,
874,29.1625,,,,,,
875,29.1958,,,,,,
876,29.2292,,,,,,
877,29.2626,,,,,,
878,29.2959,,,,,,
879,29.3293,,,,,,
880,29.3627,,,,,,
881,29.396,,,,,,
882,29.4294,,,,,,
883,29.4628,,,,,,
884,29.4961,380.9,305.0,404.2,323.9,0.1224,0
885,29.5295,,,,,,
886,29.5629,,,,,,
887,29.5962,377.2,309.7,401.5,327.3,0.1499,0
888,29.6296,371.4,309.4,401.1,327.4,0.1578,0
889,29.663,370.2,309.2,400.8,328.3,0.2259,0
890,29.6963,,,,,,
891,29.7297,,,,,,
892,29.7631,,,,,,
893,29.7964,,,,,,
894,29.8298,,,,,,
895,29.8632,,,,,,
896,29.8965,,,,,,
897,29.9299,,,,,,
898,29.9633,,,,,,
899,29.9966,,,,,,
900,30.03,,,,,,
901,30.0634,,,,,,
902,30.0967,,,,,,
903,30.1301,,,,,,
904,30.1635,,,,,,
905,30.1968,,,,,,
906,30.2302,,,,,,
907,30.2636,,,,,,
908,30.2969,,,,,,
909,30.3303,,,,,,
910,30.3637,,,,,,
911,30.397,,,,,,
912,30.4304,,,,,,
913,30.4638,,,,,,
914,30.4971,,,,,,
915,30.5305,,,,,,
916,30.5639,,,,,,
917,30.5972,,,,,,
918,30.6306,,,,,,
919,30.664,,,,,,
920,30.6973,,,,,,
921,30.7307,,,,,,
922,30.7641,,,,,,
923,30.7974,,,,,,
924,30.8308,,,,,,
925,30.8642,,,,,,
926,30.8975,,,,,,
927,30.9309,,,,,,
928,30.9643,,,,,,
929,30.9976,,,,,,
930,31.031,,,,,,
931,31.0644,,,,,,
932,31.0977,,,,,,
933,31.1311,,,,,,
934,31.1645,,,,,,
935,31.1978,,,,,,
936,31.2312,,,,,,
937,31.2646,,,,,,
938,31.2979,,,,,,
939,31.3313,,,,,,
940,31.3647,,,,,,
941,31.398,,,,,,
942,31.4314,,,,,,
943,31.4648,,,,,,
944,31.4981,,,,,,
945,31.5315,,,,,,
946,31.5649,,,,,,
947,31.5982,,,,,,
948,31.6316,,,,,,
949,31.665,,,,,,
950,31.6983,,,,,,
951,31.7317,,,,,,
952,31.7651,,,,,,
953,31.7984,,,,,,
954,31.8318,,,,,,
955,31.8652,,,,,,
956,31.8985,,,,,,
957,31.9319,,,,,,
958,31.9653,,,,,,
959,31.9986,,,,,,
960,32.032,,,,,,
961,32.0654,,,,,,
962,32.0987,,,,,,
963,32.1321,,,,,,
964,32.1655,,,,,,
965,32.1988,,,,,,
966,32.2322,,,,,,
967,32.2656,,,,,,
968,32.2989,,,,,,
969,32.3323,,,,,,
970,32.3657,,,,,,
971,32.399,,,,,,
972,32.4324,,,,,,
973,32.4658,,,,,,
974,32.4991,,,,,,
975,32.5325,,,,,,
976,32.5659,,,,,,
977,32.5992,,,,,,
978,32.6326,,,,,,
979,32.666,,,,,,
980,32.6993,,,,,,
981,32.7327,,,,,,
982,32.7661,,,,,,
983,32.7994,,,,,,
984,32.8328,,,,,,
985,32.8662,,,,,,
986,32.8995,,,,,,
987,32.9329,,,,,,
988,32.9663,,,,,,
989,32.9996,,,,,,
990,33.033,,,,,,
991,33.0664,,,,,,
992,33.0997,,,,,,
993,33.1331,,,,,,
994,33.1665,,,,,,
995,33.1998,,,,,,
996,33.2332,,,,,,
997,33.2666,103.7,323.7,124.7,352.0,0.2454,0
998,33.2999,111.2,310.5,129.0,350.1,0.5178,0
999,33.3333,115.4,303.1,132.6,338.2,0.3862,0
1000,33.3667,115.2,295.4,133.2,334.1,0.1809,0
1001,33.4,116.3,283.2,133.4,320.2,0.1802,0
1001,33.4,111.9,222.2,157.7,281.8,0.1531,1
1002,33.4334,115.1,274.5,132.6,308.9,0.4954,0
1002,33.4334,112.4,209.5,156.8,268.9,0.1681,1
1003,33.4668,107.9,266.2,128.0,304.7,0.1215,0
1003,33.4668,377.2,246.4,389.6,258.9,0.1184,0
1004,33.5001,368.7,238.3,384.6,253.8,0.2162,0
1004,33.5001,100.3,256.3,120.3,296.5,0.1419,0
1005,33.5335,94.9,247.6,113.3,275.8,0.2275,0
1005,33.5335,364.8,231.2,376.6,244.9,0.1787,0
1006,33.5669,,,,,,
1007,33.6002,,,,,,
1008,33.6336,98.4,189.2,119.3,259.7,0.1267,0
1009,33.667,,,,,,
1010,33.7003,,,,,,
1011,33.7337,,,,,,
1012,33.7671,,,,,,
1013,33.8004,111.5,192.2,131.6,233.7,0.3797,0
1014,33.8338,,,,,,
1015,33.8672,,,,,,
1016,33.9005,,,,,,
1017,33.9339,,,,,,
1018,33.9673,,,,,,
1019,34.0006,,,,,,
1020,34.034,,,,,,
1021,34.0674,,,,,,
1022,34.1007,,,,,,
1023,34.1341,,,,,,
1024,34.1675,,,,,,
1025,34.2008,,,,,,
1026,34.2342,,,,,,
1027,34.2676,,,,,,
1028,34.3009,,,,,,
1029,34.3343,,,,,,
1030,34.3677,,,,,,
1031,34.401,,,,,,
1032,34.4344,,,,,,
1033,34.4678,,,,,,
1034,34.5011,,,,,,
1035,34.5345,,,,,,
1036,34.5679,,,,,,
1037,34.6012,,,,,,
1038,34.6346,,,,,,
1039,34.668,,,,,,
1040,34.7013,,,,,,
1041,34.7347,,,,,,
1042,34.7681,,,,,,
1043,34.8014,,,,,,
1044,34.8348,,,,,,
1045,34.8682,,,,,,
1046,34.9015,,,,,,
1047,34.9349,,,,,,
1048,34.9683,,,,,,
1049,35.0016,,,,,,
1050,35.035,,,,,,
1051,35.0684,,,,,,
1052,35.1017,,,,,,
1053,35.1351,,,,,,
1054,35.1685,,,,,,
1055,35.2018,,,,,,
1056,35.2352,,,,,,
1057,35.2686,,,,,,
1058,35.3019,,,,,,
1059,35.3353,,,,,,
1060,35.3687,,,,,,
1061,35.402,,,,,,
1062,35.4354,,,,,,
1063,35.4688,,,,,,
1064,35.5021,132.6,144.4,156.2,214.5,0.3224,0
1064,35.5021,131.1,144.7,152.7,213.8,0.2415,0
1065,35.5355,131.1,137.6,153.1,203.2,0.2787,0
1065,35.5355,132.0,137.1,155.6,203.9,0.2604,0
1066,35.5689,122.6,124.0,145.3,190.3,0.2411,0
1066,35.5689,122.0,125.6,145.3,191.2,0.2324,0
1067,35.6022,119.7,118.6,140.9,182.8,0.2736,0
1068,35.6356,120.4,112.2,140.0,155.0,0.1595,0
1069,35.669,122.3,112.6,143.0,153.0,0.1303,0
1070,35.7023,,,,,,
1071,35.7357,,,,,,
1072,35.7691,,,,,,
1073,35.8024,142.2,97.2,157.3,134.7,0.132,0
1074,35.8358,142.2,99.5,158.4,146.6,0.3502,0
1074,35.8358,142.5,100.2,157.8,141.8,0.2781,0
1075,35.8692,136.7,110.3,159.4,183.4,0.3349,0
1075,35.8692,137.0,111.0,157.5,158.8,0.2193,0
1075,35.8692,411.9,96.1,427.3,116.8,0.1263,0
1076,35.9025,132.2,126.3,151.2,171.8,0.2191,0
1077,35.9359,,,,,,
1078,35.9693,410.3,138.2,428.1,161.7,0.1568,0
1079,36.0026,148.0,171.3,166.1,206.6,0.2566,0
1080,36.036,148.1,167.1,166.9,209.7,0.1649,0
1081,36.0694,,,,,,
1082,36.1027,137.9,154.4,158.9,196.3,0.2476,0
1083,36.1361,132.4,153.4,152.0,195.8,0.1353,0
1084,36.1695,129.0,151.5,149.5,194.6,0.1559,0
1084,36.1695,128.5,150.1,151.4,218.6,0.138,0
1085,36.2028,,,,,,
1086,36.2362,,,,,,
1087,36.2696,,,,,,
1088,36.3029,,,,,,
1089,36.3363,,,,,,
1090,36.3697,,,,,,
1091,36.403,,,,,,
1092,36.4364,127.2,226.6,142.8,268.2,0.1292,0
1093,36.4698,124.8,230.8,143.3,273.8,0.1515,0
1094,36.5031,125.4,233.6,143.3,277.9,0.1472,0
1095,36.5365,,,,,,
1096,36.5699,123.3,251.0,142.4,290.6,0.212,0
1097,36.6032,120.3,256.5,140.4,293.9,0.1617,0
1098,36.6366,117.8,259.6,139.0,296.5,0.316,0
1099,36.67,116.8,259.8,137.0,299.9,0.2767,0
1100,36.7033,111.5,266.4,133.2,303.1,0.3162,0
1101,36.7367,108.6,265.0,130.9,304.8,0.2187,0
1102,36.7701,107.8,262.7,127.8,301.0,0.1486,0
1103,36.8034,103.7,265.4,125.5,309.2,0.3714,0
1104,36.8368,,,,,,
1105,36.8702,,,,,,
1106,36.9035,,,,,,
1107,36.9369,,,,,,
1108,36.9703,,,,,,
1109,37.0036,,,,,,
1110,37.037,,,,,,
1111,37.0704,,,,,,
1112,37.1037,96.3,281.2,114.5,318.3,0.1977,0
1113,37.1371,95.2,281.2,114.3,318.1,0.153,0
1114,37.1705,,,,,,
1115,37.2038,93.2,278.1,112.8,313.9,0.135,0
1116,37.2372,94.0,277.2,111.5,312.5,0.1285,0
1117,37.2706,92.9,271.9,112.8,311.0,0.2707,0
1118,37.3039,93.9,265.7,115.3,306.2,0.2624,0
1119,37.3373,96.1,256.5,114.5,301.0,0.4534,0
1120,37.3707,92.2,228.6,112.1,303.0,0.1731,0
1121,37.404,,,,,,
1122,37.4374,,,,,,
1123,37.4708,,,,,,
1124,37.5041,,,,,,
1125,37.5375,,,,,,
1126,37.5709,103.5,48.4,125.6,118.3,0.1321,0
1127,37.6042,,,,,,
1128,37.6376,79.8,41.7,109.6,101.0,0.271,0
1129,37.671,,,,,,
1130,37.7043,54.1,30.6,81.5,81.9,0.1179,0
1131,37.7377,,,,,,
1132,37.7711,315.7,20.8,331.6,44.5,0.679,0
1132,37.7711,38.5,24.8,57.6,71.4,0.1835,0
1133,37.8044,33.1,39.4,51.0,81.2,0.4706,0
1133,37.8044,311.1,39.9,323.7,63.5,0.4617,0
1133,37.8044,0.0,0.0,71.4,59.1,0.1957,1
1134,37.8378,310.6,59.8,323.9,88.6,0.3894,0
1134,37.8378,32.7,52.9,52.8,104.0,0.2676,0
1134,37.8378,32.3,51.7,53.7,124.8,0.2049,0
1134,37.8378,0.6,0.0,95.7,111.2,0.1179,1
1135,37.8712,305.2,85.9,322.1,112.2,0.6599,0
1135,37.8712,30.1,73.3,51.7,119.2,0.5767,0
1136,37.9045,18.2,91.0,39.7,127.8,0.7335,0
1136,37.9045,293.5,105.5,311.1,124.8,0.6666,0
1137,37.9379,,,,,,
1138,37.9713,,,,,,
1139,38.0046,,,,,,
1140,38.038,,,,,,
1141,38.0714,18.6,107.4,37.0,149.9,0.1486,0
1141,38.0714,0.1,2.4,61.9,111.8,0.1127,1
1142,38.1047,22.5,121.5,46.4,188.0,0.4635,0
1143,38.1381,30.8,134.9,51.6,197.3,0.1408,0
1144,38.1715,,,,,,
1145,38.2048,38.1,170.8,60.7,230.6,0.2038,0
1146,38.2382,,,,,,
1147,38.2716,,,,,,
1148,38.3049,46.5,185.4,67.5,228.4,0.1154,0
1149,38.3383,,,,,,
1150,38.3717,,,,,,
1151,38.405,311.9,141.5,333.5,152.2,0.1907,0
1152,38.4384,63.4,164.4,85.2,179.4,0.2804,0
1153,38.4718,79.0,165.8,101.9,183.0,0.1289,0
1154,38.5051,90.4,171.8,108.6,217.6,0.2787,0
1154,38.5051,353.6,145.4,364.3,165.8,0.1604,0
1155,38.5385,81.9,195.1,104.1,244.0,0.6524,0
1155,38.5385,344.3,161.5,361.7,188.9,0.3925,0
1155,38.5385,82.0,194.7,104.5,258.7,0.1007,0
1156,38.5719,73.8,220.9,95.3,261.9,0.5581,0
1156,38.5719,337.9,184.5,350.9,201.3,0.2584,0
1157,38.6052,55.9,240.4,84.5,265.1,0.7256,0
1157,38.6052,319.4,198.8,343.5,219.5,0.5939,0
1158,38.6386,31.4,256.5,63.4,278.7,0.5509,0
1158,38.6386,296.3,213.5,324.7,235.3,0.1258,0
1159,38.672,,,,,,
1160,38.7053,,,,,,
1161,38.7387,,,,,,
1162,38.7721,,,,,,
1163,38.8054,,,,,,
1164,38.8388,0.0,0.1,524.6,74.5,0.7773,1
1165,38.8722,,,,,,
1166,38.9055,,,,,,
1167,38.9389,,,,,,
1168,38.9723,,,,,,
1169,39.0056,,,,,,
1170,39.039,39.2,0.0,640.0,131.2,0.2084,1
1171,39.0724,,,,,,
1172,39.1057,,,,,,
1173,39.1391,,,,,,
1174,39.1725,149.2,288.4,170.9,318.4,0.1344,0
1174,39.1725,410.4,261.4,430.3,276.9,0.1088,0
1175,39.2058,141.7,279.3,159.7,312.9,0.1055,0
1176,39.2392,143.0,270.0,160.7,304.7,0.1338,0
1176,39.2392,142.5,269.3,160.5,304.7,0.1188,0
1177,39.2726,,,,,,
1178,39.3059,,,,,,
1179,39.3393,,,,,,
1180,39.3727,,,,,,
1181,39.406,,,,,,
1182,39.4394,,,,,,
1183,39.4728,,,,,,
1184,39.5061,,,,,,
1185,39.5395,61.2,0.2,640.0,128.7,0.1144,1
1186,39.5729,,,,,,
1187,39.6062,,,,,,
1188,39.6396,298.6,300.5,317.6,334.9,0.1166,0
1189,39.673,70.1,0.1,640.0,93.6,0.3654,1
1189,39.673,103.0,0.2,640.0,102.1,0.1571,1
1190,39.7063,68.6,0.1,640.0,93.3,0.3053,1
1191,39.7397,,,,,,
1192,39.7731,,,,,,
1193,39.8064,113.6,0.4,640.0,107.4,0.12,1
1194,39.8398,,,,,,
1195,39.8732,,,,,,
1196,39.9065,,,,,,
1197,39.9399,,,,,,
1198,39.9733,,,,,,
1199,40.0066,,,,,,
1200,40.04,,,,,,
1201,40.0734,,,,,,
1202,40.1067,,,,,,
1203,40.1401,,,,,,
1204,40.1735,,,,,,
1205,40.2068,,,,,,
1206,40.2402,233.5,309.3,252.0,348.7,0.2699,0
1207,40.2736,,,,,,
1208,40.3069,89.7,0.3,640.0,102.2,0.4281,1
1209,40.3403,90.7,0.2,640.0,103.6,0.1044,1
1210,40.3737,,,,,,
1211,40.407,,,,,,
1212,40.4404,105.0,0.3,640.0,103.6,0.2046,1
1212,40.4404,55.7,0.1,640.0,102.5,0.1525,1
1213,40.4738,219.1,305.2,238.6,343.7,0.3311,0
1214,40.5071,214.9,309.8,235.3,344.2,0.1795,0
1215,40.5405,211.2,308.0,229.6,341.5,0.1775,0
1216,40.5739,211.9,307.1,229.6,346.3,0.1885,0
1217,40.6072,,,,,,
1218,40.6406,,,,,,
1219,40.674,,,,,,
1220,40.7073,,,,,,
1221,40.7407,,,,,,
1222,40.7741,,,,,,
1223,40.8074,,,,,,
1224,40.8408,,,,,,
1225,40.8742,,,,,,
1226,40.9075,,,,,,
1227,40.9409,,,,,,
1228,40.9743,,,,,,
1229,41.0076,,,,,,
1230,41.041,,,,,,
1231,41.0744,,,,,,
1232,41.1077,,,,,,
1233,41.1411,,,,,,
1234,41.1745,,,,,,
1235,41.2078,,,,,,
1236,41.2412,,,,,,
1237,41.2746,,,,,,
1238,41.3079,,,,,,
1239,41.3413,,,,,,
1240,41.3747,,,,,,
1241,41.408,,,,,,
1242,41.4414,,,,,,
1243,41.4748,,,,,,
1244,41.5081,,,,,,
1245,41.5415,,,,,,
1246,41.5749,,,,,,
1247,41.6082,,,,,,
1248,41.6416,,,,,,
1249,41.675,,,,,,
1250,41.7083,,,,,,
1251,41.7417,,,,,,
1252,41.7751,210.7,340.5,231.9,351.7,0.1751,0
1253,41.8084,212.7,339.3,233.1,351.9,0.12,0
1254,41.8418,,,,,,
1255,41.8752,,,,,,
1256,41.9085,,,,,,
1257,41.9419,,,,,,
1258,41.9753,,,,,,
1259,42.0086,,,,,,
1260,42.042,,,,,,
1261,42.0754,,,,,,
1262,42.1087,,,,,,
1263,42.1421,,,,,,
1264,42.1755,,,,,,
1265,42.2088,,,,,,
1266,42.2422,206.3,338.7,227.1,351.7,0.2143,0
1267,42.2756,,,,,,
1268,42.3089,215.0,340.6,238.5,351.7,0.1812,0
1269,42.3423,221.9,339.5,247.0,351.6,0.1411,0
1270,42.3757,229.2,332.5,251.3,352.0,0.242,0
1271,42.409,233.2,329.3,250.8,351.4,0.1356,0
1272,42.4424,234.1,332.8,251.2,351.4,0.1201,0
1273,42.4758,235.5,342.0,252.1,351.8,0.1225,0
1274,42.5091,,,,,,
1275,42.5425,,,,,,
1276,42.5759,,,,,,
1277,42.6092,,,,,,
1278,42.6426,,,,,,
1279,42.676,,,,,,
1280,42.7093,,,,,,
1281,42.7427,,,,,,
1282,42.7761,,,,,,
1283,42.8094,,,,,,
1284,42.8428,,,,,,
1285,42.8762,,,,,,
1286,42.9095,,,,,,
1287,42.9429,261.0,326.1,277.0,351.1,0.1781,0
1288,42.9763,261.2,331.0,276.6,351.0,0.2846,0
1289,43.0096,259.7,330.5,275.3,350.6,0.2192,0
1290,43.043,257.4,329.8,273.6,350.0,0.2796,0
1291,43.0764,257.4,327.9,274.6,349.5,0.2438,0
1292,43.1097,260.8,325.7,276.8,350.5,0.2994,0
1293,43.1431,,,,,,
1294,43.1765,,,,,,
1295,43.2098,257.9,324.2,277.9,352.0,0.1045,0
1296,43.2432,,,,,,
1297,43.2766,,,,,,
1298,43.3099,,,,,,
1299,43.3433,,,,,,
1300,43.3767,,,,,,
1301,43.41,,,,,,
1302,43.4434,,,,,,
1303,43.4768,263.3,331.1,283.8,351.8,0.1085,0
1304,43.5101,263.1,333.3,283.1,351.7,0.5369,0
1304,43.5101,259.9,337.2,296.0,351.9,0.1338,0
1305,43.5435,262.6,334.2,282.6,351.7,0.3149,0
1305,43.5435,259.0,337.6,296.4,352.0,0.1254,0
1305,43.5435,262.8,337.8,281.2,351.6,0.1137,0
1306,43.5769,263.0,337.3,281.1,351.6,0.2566,0
1306,43.5769,262.9,335.3,282.0,351.7,0.2494,0
1306,43.5769,259.8,337.7,296.1,352.0,0.153,0
1307,43.6102,262.8,337.3,281.2,351.7,0.262,0
1307,43.6102,262.7,335.2,282.2,351.7,0.1862,0
1307,43.6102,259.2,337.7,296.1,351.9,0.1492,0
1307,43.6102,262.3,337.3,281.0,351.9,0.1091,0
1308,43.6436,263.2,334.5,281.4,351.6,0.4,0
1308,43.6436,262.8,334.5,280.4,351.9,0.2292,0
1308,43.6436,262.6,336.4,279.7,351.8,0.2004,0
1308,43.6436,263.1,336.4,280.5,351.6,0.1534,0
1308,43.6436,259.4,336.8,296.0,351.9,0.1309,0
1309,43.677,262.7,331.3,279.3,351.7,0.5001,0
1310,43.7103,262.6,330.8,278.2,351.5,0.3785,0
1311,43.7437,263.9,327.6,277.7,350.7,0.4551,0
1312,43.7771,263.6,327.0,277.1,350.5,0.375,0
1313,43.8104,262.5,324.1,277.4,351.1,0.4193,0
1314,43.8438,262.8,324.4,278.6,351.5,0.2386,0
1315,43.8772,262.9,320.6,279.6,351.5,0.3038,0
1315,43.8772,263.5,320.4,280.6,350.5,0.2248,0
1315,43.8772,263.1,322.0,278.9,351.6,0.1556,0
1316,43.9105,262.6,322.1,278.8,351.7,0.2248,0
1316,43.9105,247.7,323.8,281.3,352.0,0.1029,0
1317,43.9439,262.3,322.2,279.7,351.8,0.2364,0
1318,43.9773,263.5,322.3,282.1,351.1,0.1983,0
1318,43.9773,263.7,324.1,280.8,351.4,0.1713,0
1318,43.9773,263.3,325.1,279.5,351.6,0.1571,0
1319,44.0106,261.7,328.3,278.7,351.6,0.2324,0
1320,44.044,259.0,327.6,278.0,351.8,0.1645,0
1321,44.0774,0.2,0.5,187.9,112.4,0.1425,1
1322,44.1107,256.8,329.2,274.7,352.0,0.1427,0
1323,44.1441,260.7,330.2,276.1,350.8,0.2223,0
1324,44.1775,261.3,332.0,277.4,351.7,0.2751,0
1324,44.1775,0.2,0.5,186.3,111.4,0.1464,1
1325,44.2108,260.7,331.9,277.4,351.3,0.3572,0
1325,44.2108,0.1,0.5,187.2,111.6,0.1056,1
1326,44.2442,259.8,330.8,276.4,351.0,0.4987,0
1326,44.2442,349.8,0.1,640.0,134.5,0.1068,1
1327,44.2776,256.2,331.4,274.0,350.9,0.2537,0
1327,44.2776,0.0,0.6,187.3,111.6,0.1538,1
1328,44.3109,0.2,0.6,185.7,110.8,0.1573,1
1328,44.3109,254.1,329.1,271.3,351.5,0.1027,0
1329,44.3443,251.3,327.8,268.9,350.2,0.2546,0
1330,44.3777,250.9,329.0,267.4,351.0,0.2751,0
1331,44.411,253.5,324.3,272.9,351.9,0.2927,0
1332,44.4444,,,,,,
1333,44.4778,265.5,308.8,282.4,345.4,0.3566,0
1333,44.4778,265.9,309.7,282.4,345.9,0.2617,0
1334,44.5111,,,,,,
1335,44.5445,255.6,316.0,272.5,349.0,0.2213,0
1335,44.5445,255.5,311.9,273.4,346.7,0.1595,0
1336,44.5779,254.3,313.9,270.9,350.4,0.5749,0
1336,44.5779,135.8,0.6,632.4,115.4,0.1278,1
1337,44.6112,254.1,314.2,271.7,351.0,0.4245,0
1338,44.6446,254.4,314.1,270.4,350.4,0.2994,0
1338,44.6446,253.9,312.3,270.7,348.2,0.1166,0
1339,44.678,254.0,317.0,269.9,350.9,0.2459,0
1339,44.678,254.5,333.1,269.0,351.1,0.1261,0
1340,44.7113,,,,,,
1341,44.7447,,,,,,
1342,44.7781,261.1,320.6,278.1,351.0,0.102,0
1343,44.8114,263.8,319.7,282.0,349.2,0.1429,0
1344,44.8448,0.2,0.5,192.8,102.7,0.2566,1
1345,44.8782,270.4,314.3,287.6,348.8,0.3864,0
1346,44.9115,271.3,312.4,289.9,348.8,0.4379,0
1347,44.9449,271.9,311.5,291.3,348.3,0.231,0
1348,44.9783,271.9,313.7,290.7,348.6,0.4141,0
1349,45.0116,274.5,314.8,292.5,348.3,0.5334,0
1350,45.045,279.7,316.3,296.7,346.7,0.1622,0
1350,45.045,280.0,313.9,297.2,339.6,0.1195,0
1351,45.0784,283.2,319.3,298.9,350.7,0.6411,0
1352,45.1117,280.8,321.5,299.2,351.3,0.2477,0
1353,45.1451,281.8,320.2,298.5,350.6,0.558,0
1354,45.1785,278.9,323.4,295.5,351.3,0.2532,0
1354,45.1785,279.4,321.8,297.3,350.5,0.1297,0
1355,45.2118,279.0,323.5,294.6,351.4,0.3939,0
1356,45.2452,279.1,322.0,294.4,351.1,0.3678,0
1357,45.2786,278.5,322.9,292.4,351.2,0.2731,0
1358,45.3119,277.8,320.9,292.9,351.1,0.411,0
1358,45.3119,278.3,322.2,292.0,351.3,0.1012,0
1359,45.3453,276.4,319.8,291.8,350.8,0.3528,0
1359,45.3453,276.4,320.4,291.6,351.0,0.3038,0
1360,45.3787,270.2,322.3,289.0,351.7,0.177,0
1360,45.3787,271.4,320.6,290.0,351.0,0.1536,0
1361,45.412,271.2,322.2,288.2,351.6,0.3965,0
1362,45.4454,270.9,323.0,286.8,351.4,0.3797,0
1363,45.4788,270.2,326.3,285.7,350.8,0.4257,0
1364,45.5121,270.4,324.9,286.3,350.3,0.285,0
1365,45.5455,271.0,322.0,288.0,351.0,0.1724,0
1366,45.5789,270.5,324.0,289.2,351.6,0.1672,0
1367,45.6122,272.3,324.4,290.3,350.4,0.1427,0
1368,45.6456,276.7,324.6,292.0,350.6,0.1371,0
1369,45.679,,,,,,
1370,45.7123,275.1,319.3,295.2,351.6,0.1648,0
1371,45.7457,276.9,314.5,295.0,350.7,0.3819,0
1372,45.7791,279.3,310.4,295.7,347.8,0.5043,0
1373,45.8124,277.6,304.6,295.5,343.1,0.632,0
1374,45.8458,277.6,301.8,293.7,339.2,0.3449,0
1375,45.8792,,,,,,
1376,45.9125,,,,,,
1377,45.9459,,,,,,
1378,45.9793,288.8,297.7,304.6,338.4,0.4863,0
1379,46.0126,287.8,304.9,304.7,342.7,0.1515,0
1380,46.046,,,,,,
1381,46.0794,279.7,319.4,298.5,351.1,0.2129,0
1382,46.1127,,,,,,
1383,46.1461,,,,,,
1384,46.1795,,,,,,
1385,46.2128,,,,,,
1386,46.2462,,,,,,
1387,46.2796,,,,,,
1388,46.3129,,,,,,
1389,46.3463,,,,,,
1390,46.3797,242.6,322.0,258.3,350.1,0.1024,0
1391,46.413,237.0,322.4,256.4,351.8,0.119,0
1392,46.4464,237.5,317.9,255.8,350.7,0.1893,0
1393,46.4798,242.0,315.7,257.9,349.7,0.3172,0
1394,46.5131,243.4,315.4,260.1,350.4,0.4329,0
1395,46.5465,245.0,318.9,259.9,350.4,0.4417,0
1396,46.5799,245.7,319.5,262.2,350.5,0.2838,0
1397,46.6132,245.7,319.6,263.1,350.9,0.1131,0
1398,46.6466,245.8,319.6,263.4,351.0,0.138,0
1399,46.68,248.3,321.9,265.9,350.4,0.1287,0
1400,46.7133,249.4,320.3,267.1,350.5,0.2379,0
1401,46.7467,247.6,319.4,266.4,350.3,0.2472,0
1402,46.7801,246.1,322.4,264.1,351.0,0.2852,0
1402,46.7801,247.0,321.0,263.5,349.1,0.229,0
1403,46.8134,245.7,324.3,263.0,350.6,0.2171,0
1404,46.8468,244.2,323.9,261.8,350.5,0.1995,0
1405,46.8802,245.0,321.6,261.6,349.4,0.2693,0
1405,46.8802,245.0,322.6,261.5,350.4,0.1475,0
1406,46.9135,246.0,321.6,262.8,349.7,0.3342,0
1406,46.9135,245.8,322.6,263.2,350.8,0.1481,0
1407,46.9469,246.1,319.1,264.2,349.6,0.1458,0
1408,46.9803,247.8,319.5,264.3,350.8,0.3442,0
1409,47.0136,245.9,315.9,264.1,351.3,0.4278,0
1410,47.047,246.4,316.1,264.0,350.8,0.464,0
1410,47.047,245.6,318.5,264.5,351.3,0.1628,0
1411,47.0804,247.6,319.4,266.2,350.4,0.4877,0
1412,47.1137,248.3,320.1,266.4,350.7,0.4808,0
1413,47.1471,247.2,321.3,265.7,351.0,0.2522,0
1413,47.1471,246.9,323.4,263.0,351.8,0.2461,0
1414,47.1805,245.7,321.7,262.9,351.7,0.3201,0
1415,47.2138,245.2,321.9,262.5,351.5,0.2899,0
1416,47.2472,246.2,322.0,262.8,351.7,0.2599,0
1416,47.2472,233.2,323.4,265.3,352.0,0.1049,0
1417,47.2806,245.1,322.0,265.6,351.7,0.2489,0
1417,47.2806,245.9,321.0,266.8,351.0,0.1501,0
1417,47.2806,231.0,323.6,267.4,352.0,0.1093,0
1418,47.3139,245.5,323.3,265.3,352.0,0.2134,0
1418,47.3139,250.7,323.2,265.8,351.5,0.1681,0
1419,47.3473,251.1,324.6,265.9,350.4,0.3161,0
1420,47.3807,251.5,325.2,266.8,349.8,0.4431,0
1421,47.414,252.0,325.0,268.3,350.3,0.3196,0
1422,47.4474,251.6,321.7,268.6,348.0,0.3895,0
1422,47.4474,251.0,322.1,268.6,350.5,0.1369,0
1423,47.4808,249.6,322.8,267.4,350.8,0.4295,0
1424,47.5141,249.7,322.2,265.7,347.2,0.3742,0
1424,47.5141,248.9,322.6,265.8,350.4,0.3414,0
1425,47.5475,248.8,321.3,265.5,346.1,0.4709,0
1426,47.5809,248.0,323.1,264.0,344.8,0.3232,0
1426,47.5809,247.8,322.8,264.1,346.3,0.1529,0
1426,47.5809,247.2,323.3,264.4,349.9,0.106,0
1427,47.6142,247.2,323.4,261.8,350.2,0.2979,0
1427,47.6142,247.0,321.8,261.9,349.4,0.1026,0
1428,47.6476,247.4,320.4,262.9,350.3,0.3317,0
1428,47.6476,247.6,321.8,262.5,350.9,0.2733,0
1429,47.681,245.4,321.6,262.8,351.8,0.2123,0
1429,47.681,246.1,324.7,261.8,351.8,0.1143,0
1430,47.7143,244.8,325.3,264.1,351.9,0.1352,0
1431,47.7477,246.5,326.3,267.4,351.8,0.1007,0
1432,47.7811,,,,,,
1433,47.8144,252.7,319.7,269.2,351.0,0.1606,0
1434,47.8478,254.3,318.1,270.7,350.8,0.2059,0
1435,47.8812,255.1,314.8,271.9,350.9,0.1579,0
1436,47.9145,255.1,315.0,271.8,350.8,0.2275,0
1436,47.9145,256.4,314.7,272.6,350.7,0.1411,0
1437,47.9479,256.3,321.1,274.1,351.5,0.1426,0
1438,47.9813,256.5,318.0,274.2,351.2,0.3327,0
1438,47.9813,255.6,320.2,275.0,351.4,0.1304,0
1439,48.0146,256.8,318.0,274.9,351.2,0.4706,0
1439,48.0146,256.1,319.5,275.5,351.3,0.1344,0
1440,48.048,256.5,319.8,274.9,351.3,0.1977,0
1441,48.0814,256.4,317.0,273.4,348.8,0.2393,0
1442,48.1147,257.7,317.0,274.5,347.7,0.2427,0
1443,48.1481,258.6,315.1,275.8,347.3,0.2116,0
1444,48.1815,259.0,313.2,275.9,346.7,0.4192,0
1445,48.2148,260.8,306.2,277.9,347.4,0.1372,0
1446,48.2482,,,,,,
1447,48.2816,,,,,,
1448,48.3149,,,,,,
1449,48.3483,,,,,,
1450,48.3817,,,,,,
1451,48.415,262.7,302.0,277.4,334.7,0.1064,0
1452,48.4484,263.4,303.0,277.9,334.8,0.1617,0
1453,48.4818,,,,,,
1454,48.5151,,,,,,
1455,48.5485,,,,,,
1456,48.5819,143.1,0.6,639.5,118.1,0.3182,1
1457,48.6152,107.9,0.3,640.0,109.7,0.1152,1
1457,48.6152,138.2,0.5,636.8,115.6,0.1092,1
1458,48.6486,129.2,0.6,639.1,109.1,0.3453,1
1459,48.682,,,,,,
1460,48.7153,283.3,301.2,302.8,332.7,0.1952,0
1461,48.7487,,,,,,
1462,48.7821,,,,,,
1463,48.8154,286.3,299.0,305.0,330.8,0.1023,0
1464,48.8488,285.6,298.3,305.3,331.9,0.1601,0
1465,48.8822,286.5,300.7,304.6,332.0,0.2166,0
1466,48.9155,286.0,297.5,305.1,332.0,0.1918,0
1467,48.9489,285.7,295.9,304.4,331.9,0.1579,0
1468,48.9823,285.1,295.3,303.4,331.4,0.2184,0
1469,49.0156,284.7,293.5,302.9,330.5,0.2666,0
1469,49.0156,284.4,292.8,303.2,330.5,0.1649,0
1470,49.049,282.6,290.1,301.0,328.5,0.4165,0
1471,49.0824,279.1,288.1,298.2,323.1,0.3231,0
1472,49.1157,278.2,285.4,298.0,320.8,0.5376,0
1473,49.1491,279.0,284.9,298.6,321.1,0.3583,0
1474,49.1825,278.7,288.6,297.5,323.9,0.1952,0
1474,49.1825,278.5,288.8,296.9,323.6,0.1233,0
1475,49.2158,277.6,290.1,297.8,327.1,0.5274,0
1476,49.2492,275.9,296.4,296.1,329.2,0.6172,0
1477,49.2826,277.5,300.4,296.6,331.1,0.5528,0
1478,49.3159,279.1,301.4,297.4,333.4,0.5852,0
1479,49.3493,278.7,302.2,297.6,335.2,0.4786,0
1480,49.3827,279.0,303.7,298.0,335.3,0.578,0
1481,49.416,280.1,300.5,298.4,334.6,0.5552,0
1482,49.4494,281.3,300.9,298.7,332.4,0.4137,0
1483,49.4828,278.7,299.1,297.9,330.3,0.3872,0
1484,49.5161,277.6,294.9,297.1,327.4,0.4732,0
1485,49.5495,277.0,292.0,294.7,326.0,0.192,0
1486,49.5829,,,,,,
1487,49.6162,,,,,,
1488,49.6496,,,,,,
1489,49.683,,,,,,
1490,49.7163,,,,,,
1491,49.7497,,,,,,
1492,49.7831,118.3,0.4,640.0,111.0,0.209,1
1493,49.8164,,,,,,
1494,49.8498,,,,,,
1495,49.8832,,,,,,
1496,49.9165,,,,,,
1497,49.9499,,,,,,
1498,49.9833,,,,,,
1499,50.0166,,,,,,
1500,50.05,,,,,,
1501,50.0834,116.3,0.5,638.5,115.9,0.1918,1
1502,50.1167,142.8,0.6,635.3,118.0,0.2277,1
1503,50.1501,145.1,0.7,633.1,116.5,0.3086,1
1504,50.1835,145.6,0.6,635.2,115.2,0.2962,1
1505,50.2168,145.3,0.6,634.5,115.2,0.3236,1
1506,50.2502,131.1,0.5,634.8,123.5,0.3153,1
1507,50.2836,,,,,,
1508,50.3169,,,,,,
1509,50.3503,212.9,296.8,232.1,335.7,0.1049,0
1510,50.3837,211.6,299.2,230.4,337.3,0.1834,0
1511,50.417,,,,,,
1512,50.4504,,,,,,
1513,50.4838,,,,,,
1514,50.5171,215.2,312.2,232.7,347.0,0.2456,0
1515,50.5505,211.0,308.2,228.9,340.7,0.1051,0
1516,50.5839,464.9,288.2,482.7,304.3,0.1951,0
1516,50.5839,200.1,301.0,223.9,336.9,0.1607,0
1517,50.6172,183.2,313.8,212.4,351.5,0.5972,0
1518,50.6506,173.9,334.7,196.1,351.9,0.1554,0
1518,50.6506,176.0,334.2,196.2,351.9,0.1448,0
1519,50.684,,,,,,
1520,50.7173,,,,,,
1521,50.7507,180.8,313.8,201.0,352.0,0.2209,0
1522,50.7841,188.8,296.7,205.5,340.7,0.1806,0
1523,50.8174,186.8,279.1,206.0,346.6,0.1523,0
1524,50.8508,,,,,,
1525,50.8842,187.1,232.3,207.6,300.6,0.6038,0
1526,50.9175,,,,,,
1527,50.9509,,,,,,
1528,50.9843,,,,,,
1529,51.0176,,,,,,
1530,51.051,,,,,,
1531,51.0844,,,,,,
1532,51.1177,207.0,162.6,230.1,230.7,0.323,0
1533,51.1511,,,,,,
1534,51.1845,,,,,,
1535,51.2178,219.3,121.5,236.1,146.2,0.1065,0
1536,51.2512,475.0,89.0,486.8,108.6,0.2387,0
1537,51.2846,467.1,103.8,482.1,125.9,0.6857,0
1537,51.2846,206.4,139.6,227.0,182.7,0.4432,0
1538,51.3179,451.9,121.5,472.6,156.5,0.6283,0
1538,51.3179,191.1,156.6,215.1,202.7,0.3318,0
1539,51.3513,178.4,185.5,202.3,231.9,0.392,0
1539,51.3513,440.0,151.8,458.6,182.3,0.3175,0
1540,51.3847,427.0,176.8,446.3,195.5,0.5351,0
1540,51.3847,167.4,213.1,188.1,247.2,0.2706,0
1541,51.418,,,,,,
1542,51.4514,,,,,,
1543,51.4848,,,,,,
1544,51.5181,,,,,,
1545,51.5515,,,,,,
1546,51.5849,,,,,,
1547,51.6182,,,,,,
1548,51.6516,,,,,,
1549,51.685,,,,,,
1550,51.7183,,,,,,
1551,51.7517,,,,,,
1552,51.7851,,,,,,
1553,51.8184,,,,,,
1554,51.8518,372.1,225.1,383.5,234.9,0.1211,0
1555,51.8852,377.9,208.7,394.5,231.0,0.5712,0
1555,51.8852,117.6,234.9,139.3,275.7,0.2736,0
1556,51.9185,128.4,216.7,149.6,258.8,0.3607,0
1556,51.9185,387.9,188.4,404.9,212.6,0.3368,0
1557,51.9519,136.0,210.0,153.5,242.8,0.1999,0
1558,51.9853,131.1,213.2,150.6,247.2,0.4531,0
1559,52.0186,124.5,222.9,142.9,259.9,0.4695,0
1559,52.0186,387.4,194.0,400.1,212.9,0.1227,0
1560,52.052,,,,,,
1561,52.0854,,,,,,
1562,52.1187,,,,,,
1563,52.1521,118.9,198.0,134.7,231.5,0.1299,0
1564,52.1855,,,,,,
1565,52.2188,,,,,,
1566,52.2522,,,,,,
1567,52.2856,,,,,,
1568,52.3189,122.4,294.4,139.9,337.1,0.1014,0
1569,52.3523,126.6,297.9,142.9,339.9,0.2087,0
1570,52.3857,,,,,,
1571,52.419,135.3,307.8,154.0,346.7,0.177,0
1572,52.4524,136.6,315.3,153.3,347.5,0.2412,0
1573,52.4858,140.0,308.2,157.3,344.8,0.4127,0
1574,52.5191,142.4,300.6,161.3,336.7,0.1377,0
1575,52.5525,143.9,305.4,160.9,345.8,0.1653,0
1576,52.5859,144.4,319.8,162.3,351.0,0.24,0
1576,52.5859,143.7,320.6,162.6,351.3,0.1391,0
1577,52.6192,147.5,321.0,164.9,348.4,0.1372,0
1578,52.6526,,,,,,
1579,52.686,151.5,317.7,171.0,349.4,0.1702,0
1580,52.7193,152.2,318.8,170.1,349.0,0.1232,0
1581,52.7527,154.1,316.9,171.3,350.2,0.1161,0
1582,52.7861,,,,,,
1583,52.8194,147.1,312.0,166.4,350.3,0.1954,0
1584,52.8528,,,,,,
1585,52.8862,,,,,,
1586,52.9195,132.2,301.4,149.2,342.0,0.1856,0
1587,52.9529,131.0,288.6,147.9,331.6,0.3526,0
1588,52.9863,,,,,,
1589,53.0196,,,,,,
1590,53.053,,,,,,
1591,53.0864,,,,,,
1592,53.1197,,,,,,
1593,53.1531,,,,,,
1594,53.1865,,,,,,
1595,53.2198,,,,,,
1596,53.2532,,,,,,
1597,53.2866,143.7,241.2,160.2,275.9,0.1621,0
1598,53.3199,,,,,,
1599,53.3533,,,,,,
1600,53.3867,,,,,,
1601,53.42,,,,,,
1602,53.4534,,,,,,
1603,53.4868,,,,,,
1604,53.5201,,,,,,
1605,53.5535,,,,,,
1606,53.5869,,,,,,
1607,53.6202,,,,,,
1608,53.6536,,,,,,
1609,53.687,,,,,,
1610,53.7203,,,,,,
1611,53.7537,,,,,,
1612,53.7871,344.2,258.7,366.1,280.7,0.6109,0
1612,53.7871,78.3,271.1,104.4,314.2,0.1048,0
1613,53.8204,63.1,278.0,86.5,293.7,0.2416,0
1613,53.8204,329.0,272.9,351.6,285.1,0.1234,0
1614,53.8538,55.5,270.7,74.3,304.7,0.228,0
1615,53.8872,,,,,,
1616,53.9205,,,,,,
1617,53.9539,,,,,,
1618,53.9873,28.0,235.9,46.8,273.8,0.2412,0
1619,54.0206,,,,,,
1620,54.054,,,,,,
1621,54.0874,,,,,,
1622,54.1207,,,,,,
1623,54.1541,,,,,,
1624,54.1875,,,,,,
1625,54.2208,,,,,,
1626,54.2542,,,,,,
1627,54.2876,,,,,,
1628,54.3209,,,,,,
1629,54.3543,,,,,,
1630,54.3877,,,,,,
1631,54.421,99.3,263.5,125.9,336.1,0.1527,0
1632,54.4544,117.7,294.6,145.6,310.2,0.3051,0
1632,54.4544,378.9,283.5,407.3,296.4,0.2594,0
1633,54.4878,400.7,272.0,425.0,288.8,0.4149,0
1634,54.5211,418.1,262.7,441.3,279.1,0.4214,0
1635,54.5545,433.8,251.3,457.7,268.9,0.6472,0
1636,54.5879,450.4,243.9,474.2,258.6,0.6249,0
1637,54.6212,112.7,0.0,638.9,72.2,0.3919,1
1637,54.6212,148.9,0.0,638.8,73.1,0.1735,1
1638,54.6546,,,,,,
1639,54.688,,,,,,
1640,54.7213,,,,,,
1641,54.7547,,,,,,
1642,54.7881,,,,,,
1643,54.8214,,,,,,
1644,54.8548,,,,,,
1645,54.8882,,,,,,
1646,54.9215,,,,,,
1647,54.9549,,,,,,
1648,54.9883,,,,,,
1649,55.0216,265.6,294.2,286.7,336.3,0.6504,0
1650,55.055,261.8,310.9,278.3,341.0,0.4763,0
1651,55.0884,256.8,299.0,277.4,336.7,0.5268,0
1652,55.1217,255.1,297.1,271.5,323.3,0.1703,0
1653,55.1551,241.7,302.6,264.1,338.5,0.516,0
1654,55.1885,234.0,313.7,255.3,351.3,0.5364,0
1654,55.1885,499.7,295.4,514.6,316.8,0.2799,0
1655,55.2218,231.8,325.1,246.9,350.9,0.103,0
1656,55.2552,235.4,320.5,256.9,350.7,0.3817,0
1657,55.2886,244.6,309.4,260.9,345.2,0.3057,0
1658,55.3219,240.4,311.3,258.4,343.9,0.1296,0
1659,55.3553,,,,,,
1660,55.3887,252.5,302.5,268.8,342.3,0.4068,0
1661,55.422,254.0,308.1,269.8,348.3,0.488,0
1662,55.4554,255.8,305.5,271.4,344.9,0.2898,0
1663,55.4888,255.6,298.4,271.5,335.2,0.3028,0
1663,55.4888,255.7,297.9,272.4,335.5,0.1107,0
1664,55.5221,242.8,307.3,262.6,343.2,0.1341,0
1665,55.5555,234.4,309.6,250.7,349.3,0.3073,0
1665,55.5555,234.2,308.2,251.1,347.5,0.2537,0
1666,55.5889,234.6,312.5,254.4,348.7,0.2498,0
1667,55.6222,,,,,,
1668,55.6556,256.1,309.6,274.9,342.8,0.4868,0
1669,55.689,522.9,295.1,535.4,317.5,0.4525,0
1669,55.689,258.6,317.3,274.8,351.4,0.4506,0
1669,55.689,253.5,223.0,305.4,313.6,0.1183,1
1670,55.7223,254.9,331.3,271.4,352.0,0.325,0
1670,55.7223,250.8,247.4,306.0,328.5,0.2815,1
1671,55.7557,255.7,333.4,275.8,351.5,0.2401,0
1671,55.7557,255.9,338.0,274.6,351.5,0.1076,0
1672,55.7891,262.1,336.2,279.7,351.8,0.15,0
1672,55.7891,262.5,333.9,281.7,351.7,0.1397,0
1672,55.7891,261.9,333.7,280.4,351.9,0.1339,0
1672,55.7891,256.7,337.1,299.3,352.0,0.1032,0
1673,55.8224,260.3,340.7,283.0,352.0,0.1369,0
1673,55.8224,261.9,342.1,282.7,351.8,0.1184,0
1674,55.8558,524.1,333.1,538.1,349.9,0.2192,0
1675,55.8892,,,,,,
1676,55.9225,,,,,,
1677,55.9559,,,,,,
1678,55.9893,,,,,,
1679,56.0226,,,,,,
1680,56.056,,,,,,
1681,56.0894,,,,,,
1682,56.1227,,,,,,
1683,56.1561,,,,,,
1684,56.1895,,,,,,
1685,56.2228,,,,,,
1686,56.2562,,,,,,
1687,56.2896,,,,,,
1688,56.3229,293.3,330.1,312.5,350.7,0.1423,0
1689,56.3563,542.8,310.0,564.5,328.0,0.3554,0
1689,56.3563,273.9,340.0,304.6,351.8,0.1908,0
1689,56.3563,266.8,340.6,318.3,352.0,0.1091,0
1690,56.3897,529.7,322.2,548.9,340.8,0.6003,0
1691,56.423,518.3,334.4,538.5,349.4,0.2141,0
1692,56.4564,,,,,,
1693,56.4898,,,,,,
1694,56.5231,,,,,,
1695,56.5565,,,,,,
1696,56.5899,,,,,,
1697,56.6232,,,,,,
1698,56.6566,,,,,,
1699,56.69,,,,,,
1700,56.7233,,,,,,
1701,56.7567,,,,,,
1702,56.7901,,,,,,
1703,56.8234,,,,,,
1704,56.8568,,,,,,
1705,56.8902,,,,,,
1706,56.9235,,,,,,
1707,56.9569,,,,,,
1708,56.9903,,,,,,
1709,57.0236,,,,,,
1710,57.057,,,,,,
1711,57.0904,,,,,,
1712,57.1237,,,,,,
1713,57.1571,,,,,,
1714,57.1905,,,,,,
1715,57.2238,,,,,,
1716,57.2572,,,,,,
1717,57.2906,,,,,,
1718,57.3239,,,,,,
1719,57.3573,,,,,,
1720,57.3907,,,,,,
1721,57.424,,,,,,
1722,57.4574,,,,,,
1723,57.4908,,,,,,
1724,57.5241,,,,,,
1725,57.5575,,,,,,
1726,57.5909,,,,,,
1727,57.6242,,,,,,
1728,57.6576,,,,,,
1729,57.691,,,,,,
1730,57.7243,,,,,,
1731,57.7577,,,,,,
1732,57.7911,,,,,,
1733,57.8244,,,,,,
1734,57.8578,,,,,,
1735,57.8912,,,,,,
1736,57.9245,,,,,,
1737,57.9579,,,,,,
1738,57.9913,,,,,,
1739,58.0246,,,,,,
1740,58.058,,,,,,
1741,58.0914,,,,,,
1742,58.1247,,,,,,
1743,58.1581,,,,,,
1744,58.1915,,,,,,
1745,58.2248,,,,,,
1746,58.2582,,,,,,
1747,58.2916,,,,,,
1748,58.3249,,,,,,
1749,58.3583,,,,,,
1750,58.3917,,,,,,
1751,58.425,,,,,,
1752,58.4584,,,,,,
1753,58.4918,,,,,,
1754,58.5251,,,,,,
1755,58.5585,,,,,,
1756,58.5919,,,,,,
1757,58.6252,,,,,,
1758,58.6586,,,,,,
1759,58.692,,,,,,
1760,58.7253,,,,,,
1761,58.7587,,,,,,
1762,58.7921,,,,,,
1763,58.8254,,,,,,
1764,58.8588,,,,,,
1765,58.8922,,,,,,
1766,58.9255,,,,,,
1767,58.9589,206.8,339.0,228.4,352.0,0.1122,0
1768,58.9923,206.9,338.9,227.7,351.8,0.215,0
1769,59.0256,206.9,340.6,227.0,351.7,0.2683,0
1770,59.059,205.2,334.6,227.8,351.7,0.3159,0
1770,59.059,206.0,337.9,226.4,351.7,0.1205,0
1771,59.0924,206.5,339.1,226.4,351.6,0.1657,0
1772,59.1257,207.0,332.3,228.4,351.7,0.2218,0
1773,59.1591,211.7,329.1,228.8,351.7,0.1087,0
1774,59.1925,,,,,,
1775,59.2258,,,,,,
1776,59.2592,,,,,,
1777,59.2926,223.8,310.5,239.2,349.1,0.1364,0
1778,59.3259,226.1,306.1,240.5,342.5,0.1516,0
1779,59.3593,222.9,296.8,238.6,335.4,0.1734,0
1780,59.3927,,,,,,
1781,59.426,,,,,,
1782,59.4594,,,,,,
1783,59.4928,,,,,,
1784,59.5261,,,,,,
1785,59.5595,,,,,,
1786,59.5929,,,,,,
1787,59.6262,,,,,,
1788,59.6596,,,,,,
1789,59.693,,,,,,
1790,59.7263,,,,,,
1791,59.7597,,,,,,
1792,59.7931,,,,,,
1793,59.8264,,,,,,
1794,59.8598,,,,,,
1795,59.8932,147.4,0.4,637.3,113.9,0.1532,1
1796,59.9265,141.4,0.4,639.9,110.4,0.2505,1
1797,59.9599,146.4,0.4,638.7,113.6,0.2069,1
1798,59.9933,,,,,,
1799,60.0266,,,,,,
1800,60.06,,,,,,
1801,60.0934,189.5,275.0,206.7,311.5,0.113,0
1802,60.1267,188.2,281.7,205.9,312.3,0.1335,0
1803,60.1601,189.9,278.9,206.4,310.9,0.2091,0
1804,60.1935,190.1,281.7,207.9,316.9,0.3367,0
1805,60.2268,187.8,284.4,207.0,322.0,0.3781,0
1806,60.2602,189.4,292.2,206.3,323.8,0.1839,0
1807,60.2936,191.0,292.1,206.4,324.1,0.3097,0
1808,60.3269,190.5,292.2,206.9,326.0,0.565,0
1809,60.3603,190.5,292.8,207.0,326.2,0.5339,0
1810,60.3937,190.0,293.7,206.8,327.2,0.5339,0
1811,60.427,188.6,292.7,206.0,328.6,0.6435,0
1812,60.4604,188.3,296.7,205.7,332.2,0.773,0
1813,60.4938,187.5,297.0,205.4,333.2,0.6159,0
1814,60.5271,185.8,297.7,204.7,333.1,0.7531,0
1815,60.5605,185.5,295.4,204.9,332.3,0.6541,0
1816,60.5939,185.1,293.4,203.9,329.8,0.5812,0
1816,60.5939,185.5,294.6,203.3,330.3,0.2982,0
1817,60.6272,184.7,292.6,204.3,328.5,0.6414,0
1818,60.6606,184.5,292.5,203.2,326.8,0.3906,0
1819,60.694,185.5,292.0,204.7,328.4,0.5512,0
1820,60.7273,186.8,291.8,205.3,328.5,0.5972,0
1821,60.7607,189.6,295.8,206.8,329.8,0.2045,0
1822,60.7941,189.8,301.2,207.1,333.1,0.576,0
1823,60.8274,,,,,,
1824,60.8608,,,,,,
1825,60.8942,,,,,,
1826,60.9275,,,,,,
1827,60.9609,80.7,0.3,640.0,121.9,0.158,1
1828,60.9943,,,,,,
1829,61.0276,,,,,,
1830,61.061,,,,,,
1831,61.0944,,,,,,
1832,61.1277,,,,,,
1833,61.1611,,,,,,
1834,61.1945,,,,,,
1835,61.2278,,,,,,
1836,61.2612,,,,,,
1837,61.2946,,,,,,
1838,61.3279,,,,,,
1839,61.3613,,,,,,
1840,61.3947,11.6,0.0,640.0,146.4,0.1085,1
1841,61.428,592.5,329.0,611.9,344.7,0.2161,0
1841,61.428,326.4,341.0,350.3,351.8,0.1554,0
1842,61.4614,603.5,337.2,618.2,348.7,0.1355,0
1842,61.4614,333.8,341.4,360.6,351.9,0.1323,0
1843,61.4948,339.7,340.0,369.6,351.7,0.1813,0
1843,61.4948,609.6,336.1,633.6,350.1,0.1689,0
1843,61.4948,330.8,340.2,382.0,352.0,0.1095,0
1844,61.5281,358.6,333.3,383.0,351.2,0.1505,0
1845,61.5615,,,,,,
1846,61.5949,,,,,,
1847,61.6282,,,,,,
1848,61.6616,399.9,335.3,423.7,351.5,0.3339,0
1849,61.695,407.2,342.6,432.0,351.8,0.1711,0
1850,61.7283,,,,,,
1851,61.7617,,,,,,
1852,61.7951,,,,,,
1853,61.8284,0.0,1.6,640.0,164.7,0.3432,1
1854,61.8618,0.0,1.4,640.0,166.7,0.2061,1
1855,61.8952,,,,,,
1856,61.9285,,,,,,
1857,61.9619,,,,,,
1858,61.9953,,,,,,
1859,62.0286,,,,,,
1860,62.062,,,,,,
1861,62.0954,545.2,333.1,568.1,350.6,0.2069,0
1862,62.1287,557.6,328.0,583.1,349.9,0.1818,0
1863,62.1621,574.7,318.8,600.3,343.8,0.1634,0
1864,62.1955,590.0,311.0,612.3,341.4,0.2443,0
1865,62.2288,,,,,,
1866,62.2622,601.5,311.6,623.2,349.6,0.3398,0
1867,62.2956,606.8,322.8,627.7,351.1,0.1536,0
1868,62.3289,607.8,331.2,623.6,351.6,0.2091,0
1869,62.3623,606.1,341.0,621.6,351.8,0.2343,0
1870,62.3957,603.2,339.4,622.9,351.7,0.1033,0
1871,62.429,,,,,,
1872,62.4624,,,,,,
1873,62.4958,,,,,,
1874,62.5291,,,,,,
1875,62.5625,,,,,,
1876,62.5959,,,,,,
1877,62.6292,,,,,,
1878,62.6626,,,,,,
1879,62.696,,,,,,
1880,62.7293,,,,,,
1881,62.7627,,,,,,
1882,62.7961,,,,,,
1883,62.8294,,,,,,
1884,62.8628,,,,,,
1885,62.8962,,,,,,
1886,62.9295,,,,,,
1887,62.9629,,,,,,
1888,62.9963,,,,,,
1889,63.0296,,,,,,
1890,63.063,,,,,,
1891,63.0964,,,,,,
1892,63.1297,,,,,,
1893,63.1631,,,,,,
1894,63.1965,,,,,,
1895,63.2298,,,,,,
1896,63.2632,,,,,,
1897,63.2966,,,,,,
1898,63.3299,,,,,,
1899,63.3633,,,,,,
1900,63.3967,,,,,,
1901,63.43,,,,,,
1902,63.4634,,,,,,
1903,63.4968,,,,,,
1904,63.5301,,,,,,
1905,63.5635,,,,,,
1906,63.5969,,,,,,
1907,63.6302,,,,,,
1908,63.6636,,,,,,
1909,63.697,0.7,0.6,199.7,128.2,0.2984,1
1910,63.7303,,,,,,
1911,63.7637,,,,,,
1912,63.7971,6.9,2.1,640.0,169.0,0.1969,1
1913,63.8304,,,,,,
1914,63.8638,,,,,,
1915,63.8972,,,,,,
1916,63.9305,,,,,,
1917,63.9639,,,,,,
1918,63.9973,,,,,,
1919,64.0306,,,,,,
1920,64.064,385.9,335.0,400.2,346.7,0.1884,0
1921,64.0974,,,,,,
1922,64.1307,,,,,,
1923,64.1641,354.9,337.6,375.1,347.6,0.65,0
1924,64.1975,14.5,1.6,625.0,183.2,0.5995,1
1925,64.2308,,,,,,
1926,64.2642,,,,,,
1927,64.2976,,,,,,
1928,64.3309,,,,,,
1929,64.3643,,,,,,
1930,64.3977,,,,,,
1931,64.431,,,,,,
1932,64.4644,,,,,,
1933,64.4978,47.0,1.5,607.5,191.0,0.1144,1
1934,64.5311,,,,,,
1935,64.5645,,,,,,
1936,64.5979,,,,,,
1937,64.6312,80.0,1.7,630.6,174.0,0.1085,1
1938,64.6646,84.2,1.5,627.1,170.7,0.1116,1
1939,64.698,,,,,,
1940,64.7313,,,,,,
1941,64.7647,,,,,,
1942,64.7981,,,,,,
1943,64.8314,,,,,,
1944,64.8648,,,,,,
1945,64.8982,,,,,,
1946,64.9315,,,,,,
1947,64.9649,,,,,,
1948,64.9983,,,,,,
1949,65.0316,,,,,,
1950,65.065,,,,,,
1951,65.0984,,,,,,
1952,65.1317,,,,,,
1953,65.1651,,,,,,
1954,65.1985,,,,,,
1955,65.2318,,,,,,
1956,65.2652,,,,,,
1957,65.2986,,,,,,
1958,65.3319,,,,,,
1959,65.3653,,,,,,
1960,65.3987,,,,,,
1961,65.432,,,,,,
1962,65.4654,478.9,344.9,492.2,351.9,0.1092,0
1963,65.4988,,,,,,
1964,65.5321,,,,,,
1965,65.5655,,,,,,
1966,65.5989,,,,,,
1967,65.6322,,,,,,
1968,65.6656,,,,,,
1969,65.699,,,,,,
1970,65.7323,,,,,,
1971,65.7657,,,,,,
1972,65.7991,,,,,,
1973,65.8324,,,,,,
1974,65.8658,213.2,339.7,236.0,351.9,0.1401,0
1975,65.8992,213.7,340.9,235.9,352.0,0.112,0
1976,65.9325,213.0,339.9,236.3,352.0,0.1139,0
1977,65.9659,,,,,,
1978,65.9993,479.6,337.2,493.9,346.9,0.1754,0
1978,65.9993,208.5,341.7,235.3,352.0,0.1412,0
1978,65.9993,210.9,341.0,236.3,351.9,0.1166,0
1979,66.0326,208.2,340.6,236.0,352.0,0.1368,0
1979,66.0326,478.8,337.1,491.7,346.3,0.1065,0
1980,66.066,210.7,340.7,233.0,351.8,0.1913,0
1980,66.066,479.5,336.3,490.6,345.7,0.1315,0
1981,66.0994,213.8,338.2,235.2,351.9,0.3397,0
1981,66.0994,210.2,339.4,249.5,352.0,0.1707,0
1981,66.0994,480.7,333.9,490.5,341.3,0.1346,0
1982,66.1327,213.9,338.1,234.7,351.9,0.3487,0
1982,66.1327,209.9,339.2,249.5,352.0,0.1644,0
1982,66.1327,213.5,339.2,233.4,351.8,0.1056,0
1983,66.1661,214.6,337.6,235.4,351.8,0.3086,0
1983,66.1661,210.0,338.5,249.1,352.0,0.1649,0
1984,66.1995,214.0,338.2,234.7,351.8,0.242,0
1984,66.1995,212.2,338.4,234.4,351.9,0.1421,0
1984,66.1995,208.2,338.3,250.3,352.0,0.127,0
1985,66.2328,214.4,338.7,235.7,351.8,0.2141,0
1985,66.2328,207.6,338.8,251.3,352.0,0.1051,0
1986,66.2662,215.1,337.6,237.9,352.0,0.2033,0
1986,66.2662,208.5,338.8,251.0,352.0,0.1079,0
1987,66.2996,,,,,,
1988,66.3329,,,,,,
1989,66.3663,,,,,,
1990,66.3997,,,,,,
1991,66.433,,,,,,
1992,66.4664,,,,,,
1993,66.4998,,,,,,
1994,66.5331,,,,,,
1995,66.5665,,,,,,
1996,66.5999,,,,,,
1997,66.6332,,,,,,
1998,66.6666,481.8,338.2,496.4,348.6,0.1303,0
1999,66.7,480.8,337.0,493.5,349.1,0.1787,0
2000,66.7333,480.6,337.1,492.5,348.4,0.1544,0
2001,66.7667,,,,,,
2002,66.8001,,,,,,
2003,66.8334,,,,,,
2004,66.8668,,,,,,
2005,66.9002,,,,,,
2006,66.9335,,,,,,
2007,66.9669,275.9,35.0,319.2,78.4,0.1145,1
2008,67.0003,,,,,,
2009,67.0336,,,,,,
2010,67.067,204.5,311.2,222.2,351.8,0.2142,0
2011,67.1004,,,,,,
2012,67.1337,194.0,308.2,211.8,347.7,0.1201,0
2013,67.1671,,,,,,
2014,67.2005,,,,,,
2015,67.2338,,,,,,
2016,67.2672,177.9,320.1,207.2,347.2,0.5712,0
2016,67.2672,441.1,300.9,470.0,317.8,0.465,0
2017,67.3006,416.1,311.9,447.1,335.9,0.6893,0
2017,67.3006,134.7,337.7,192.3,352.0,0.1085,0
2018,67.3339,391.0,331.2,420.9,350.6,0.6409,0
2019,67.3673,,,,,,
2020,67.4007,385.6,335.1,397.4,349.9,0.1253,0
2021,67.434,,,,,,
2022,67.4674,,,,,,
2023,67.5008,,,,,,
2024,67.5341,,,,,,
2025,67.5675,,,,,,
2026,67.6009,,,,,,
2027,67.6342,,,,,,
2028,67.6676,,,,,,
2029,67.701,,,,,,
2030,67.7343,,,,,,
2031,67.7677,,,,,,
2032,67.8011,,,,,,
2033,67.8344,,,,,,
2034,67.8678,,,,,,
2035,67.9012,,,,,,
2036,67.9345,,,,,,
2037,67.9679,,,,,,
2038,68.0013,,,,,,
2039,68.0346,,,,,,
2040,68.068,,,,,,
2041,68.1014,,,,,,
2042,68.1347,617.8,160.4,629.0,178.5,0.1708,0
2043,68.1681,621.1,162.3,634.3,180.5,0.1659,0
2044,68.2015,625.9,161.6,637.9,181.9,0.4257,0
2045,68.2348,,,,,,
2046,68.2682,,,,,,
2047,68.3016,,,,,,
2048,68.3349,,,,,,
2049,68.3683,,,,,,
2050,68.4017,,,,,,
2051,68.435,,,,,,
2052,68.4684,,,,,,
2053,68.5018,,,,,,
2054,68.5351,,,,,,
2055,68.5685,,,,,,
2056,68.6019,,,,,,
2057,68.6352,,,,,,
2058,68.6686,,,,,,
2059,68.702,,,,,,
2060,68.7353,,,,,,
2061,68.7687,,,,,,
2062,68.8021,,,,,,
2063,68.8354,617.8,236.8,633.0,256.6,0.2505,0
2064,68.8688,,,,,,
2065,68.9022,,,,,,
2066,68.9355,628.7,231.5,640.0,251.6,0.2168,0
2066,68.9355,628.5,228.0,640.0,251.6,0.1493,0
2067,68.9689,,,,,,
2068,69.0023,,,,,,
2069,69.0356,,,,,,
2070,69.069,,,,,,
2071,69.1024,,,,,,
2072,69.1357,,,,,,
2073,69.1691,,,,,,
2074,69.2025,,,,,,
2075,69.2358,,,,,,
2076,69.2692,,,,,,
2077,69.3026,,,,,,
2078,69.3359,,,,,,
2079,69.3693,,,,,,
2080,69.4027,,,,,,
2081,69.436,,,,,,
2082,69.4694,,,,,,
2083,69.5028,,,,,,
2084,69.5361,,,,,,
2085,69.5695,,,,,,
2086,69.6029,,,,,,
2087,69.6362,,,,,,
2088,69.6696,,,,,,
2089,69.703,,,,,,
2090,69.7363,,,,,,
2091,69.7697,,,,,,
2092,69.8031,,,,,,
2093,69.8364,,,,,,
2094,69.8698,,,,,,
2095,69.9032,,,,,,
2096,69.9365,,,,,,
2097,69.9699,,,,,,
2098,70.0033,,,,,,
2099,70.0366,,,,,,
2100,70.07,,,,,,
2101,70.1034,612.2,207.4,624.7,226.2,0.2028,0
2102,70.1367,,,,,,
2103,70.1701,618.5,208.8,631.8,228.9,0.1156,0
2104,70.2035,,,,,,
2105,70.2368,628.7,207.6,640.0,227.0,0.1648,0
2105,70.2368,628.6,204.1,640.0,227.1,0.159,0
2106,70.2702,,,,,,
2107,70.3036,,,,,,
2108,70.3369,,,,,,
2109,70.3703,,,,,,
2110,70.4037,,,,,,
2111,70.437,286.2,337.8,317.0,351.8,0.2143,0
2112,70.4704,306.6,327.9,338.9,346.8,0.4303,0
2112,70.4704,26.1,338.4,81.3,352.0,0.2051,0
2112,70.4704,33.7,334.3,73.0,351.6,0.1944,0
2113,70.5038,330.3,318.6,357.5,334.7,0.5443,0
2113,70.5038,64.2,327.2,92.7,350.2,0.355,0
2114,70.5371,349.5,306.6,371.5,325.0,0.5432,0
2114,70.5371,81.1,314.7,107.6,345.1,0.1254,0
2115,70.5705,362.4,297.9,383.2,316.1,0.5113,0
2115,70.5705,95.1,307.1,117.7,339.3,0.2954,0
2116,70.6039,103.8,294.9,126.7,334.9,0.7578,0
2116,70.6039,372.3,287.1,387.8,304.7,0.1105,0
2117,70.6372,111.8,285.2,132.4,319.6,0.2643,0
2118,70.6706,118.3,286.6,137.5,328.5,0.1001,0
2119,70.704,,,,,,
2120,70.7373,,,,,,
2121,70.7707,,,,,,
2122,70.8041,,,,,,
2123,70.8374,,,,,,
2124,70.8708,,,,,,
2125,70.9042,,,,,,
2126,70.9375,,,,,,
2127,70.9709,116.9,297.7,136.4,333.0,0.1238,0
2128,71.0043,114.1,300.8,133.3,336.2,0.2378,0
2129,71.0376,111.7,300.5,131.8,337.4,0.1728,0
2130,71.071,,,,,,
2131,71.1044,,,,,,
2132,71.1377,98.9,304.4,119.4,336.6,0.1305,0
2133,71.1711,94.2,303.6,116.6,339.8,0.2498,0
2134,71.2045,92.1,310.1,111.7,344.7,0.5162,0
2135,71.2378,91.7,313.6,111.2,347.6,0.3914,0
2136,71.2712,95.6,311.6,115.3,347.2,0.2408,0
2136,71.2712,95.7,310.8,115.4,345.0,0.2188,0
2137,71.3046,,,,,,
2138,71.3379,,,,,,
2139,71.3713,114.9,298.7,131.0,338.0,0.278,0
2140,71.4047,112.1,310.1,128.4,349.4,0.1874,0
2141,71.438,,,,,,
2142,71.4714,,,,,,
2143,71.5048,,,,,,
2144,71.5381,,,,,,
2145,71.5715,,,,,,
2146,71.6049,,,,,,
2147,71.6382,,,,,,
2148,71.6716,,,,,,
2149,71.705,116.5,323.5,134.6,352.0,0.126,0
2150,71.7383,115.7,318.5,136.4,351.5,0.1242,0
2151,71.7717,117.4,311.3,136.5,348.1,0.3242,0
2152,71.8051,118.2,310.4,135.7,342.9,0.1616,0
2153,71.8384,112.7,311.4,131.8,348.5,0.5106,0
2154,71.8718,110.1,316.5,128.8,349.6,0.3255,0
2155,71.9052,109.2,318.3,128.3,350.3,0.1783,0
2156,71.9385,,,,,,
2157,71.9719,108.8,320.7,127.3,350.4,0.1202,0
2158,72.0053,108.6,316.4,128.5,350.7,0.1713,0
2159,72.0386,108.9,313.2,129.1,350.6,0.1871,0
2160,72.072,110.2,312.4,131.6,350.6,0.2168,0
2161,72.1054,111.3,313.5,131.5,351.3,0.1682,0
2162,72.1387,111.9,313.2,132.7,351.0,0.1409,0
2163,72.1721,112.1,313.1,134.3,351.1,0.1735,0
2164,72.2055,115.2,313.0,135.5,351.3,0.2533,0
2165,72.2388,115.9,317.6,133.8,351.1,0.1756,0
2166,72.2722,,,,,,
2167,72.3056,183.3,19.3,225.2,65.0,0.1882,1
2168,72.3389,,,,,,
2169,72.3723,,,,,,
2170,72.4057,115.9,338.7,138.3,351.9,0.1645,0
2170,72.4057,111.7,338.4,155.9,352.0,0.1141,0
2171,72.439,118.9,341.9,140.3,351.7,0.2189,0
2171,72.439,112.0,339.7,156.8,352.0,0.119,0
2172,72.4724,120.9,343.6,141.6,351.8,0.2531,0
2173,72.5058,121.1,342.5,141.6,351.7,0.2822,0
2173,72.5058,114.7,339.7,155.7,352.0,0.1165,0
2174,72.5391,122.2,342.2,141.3,351.6,0.2652,0
2174,72.5391,115.2,338.6,155.7,352.0,0.1295,0
2175,72.5725,121.2,342.4,141.5,351.7,0.2064,0
2175,72.5725,114.1,338.2,155.5,352.0,0.1254,0
2176,72.6059,120.0,340.6,141.0,351.8,0.1206,0
2177,72.6392,,,,,,
2178,72.6726,121.0,330.0,142.0,352.0,0.1017,0
2179,72.706,,,,,,
2180,72.7393,,,,,,
2181,72.7727,,,,,,
2182,72.8061,,,,,,
2183,72.8394,,,,,,
2184,72.8728,,,,,,
2185,72.9062,117.2,340.0,136.0,351.8,0.1626,0
2185,72.9062,113.7,337.5,157.8,352.0,0.1155,0
2186,72.9395,116.2,339.1,135.8,351.8,0.2004,0
2186,72.9395,112.1,338.0,156.6,352.0,0.1272,0
2186,72.9395,99.4,339.0,143.3,352.0,0.1049,0
2187,72.9729,116.0,337.5,136.3,351.7,0.2013,0
2187,72.9729,115.9,334.5,137.1,352.0,0.1899,0
2187,72.9729,112.2,337.4,156.3,352.0,0.1256,0
2187,72.9729,100.4,338.6,143.0,352.0,0.1031,0
2188,73.0063,115.3,333.1,135.4,351.9,0.2419,0
2188,73.0063,116.0,337.5,133.6,351.6,0.2226,0
2188,73.0063,112.2,336.5,155.8,352.0,0.1064,0
2189,73.0396,114.4,333.2,133.6,351.7,0.3168,0
2189,73.0396,114.4,337.3,132.1,351.5,0.1618,0
2190,73.073,114.4,333.3,132.7,351.5,0.3327,0
2190,73.073,114.5,336.8,131.5,351.4,0.1576,0
2191,73.1064,113.7,333.6,132.6,351.6,0.3103,0
2191,73.1064,113.6,336.8,131.5,351.5,0.184,0
2192,73.1397,112.7,337.0,130.8,351.5,0.2135,0
2192,73.1397,113.0,335.0,131.5,351.6,0.2027,0
2193,73.1731,112.8,337.3,131.1,351.6,0.2418,0
2193,73.1731,113.0,334.8,132.1,351.7,0.1129,0
2194,73.2065,112.8,333.0,134.0,351.8,0.334,0
2194,73.2065,113.6,338.1,131.8,351.5,0.1157,0
2195,73.2398,113.5,331.3,133.6,351.8,0.3592,0
2196,73.2732,114.8,330.2,135.3,352.0,0.2839,0
2197,73.3066,,,,,,
2198,73.3399,,,,,,
2199,73.3733,,,,,,
2200,73.4067,,,,,,
2201,73.44,,,,,,
2202,73.4734,,,,,,
2203,73.5068,,,,,,
2204,73.5401,114.6,329.3,132.1,351.1,0.1435,0
2205,73.5735,112.3,332.5,131.0,351.6,0.186,0
2206,73.6069,109.0,331.6,128.3,351.7,0.1024,0
2207,73.6402,,,,,,
2208,73.6736,,,,,,
2209,73.707,97.5,338.5,115.5,351.5,0.1279,0
2209,73.707,97.2,334.4,117.0,351.5,0.1159,0
2210,73.7403,90.9,331.8,112.8,351.9,0.3048,0
2211,73.7737,80.7,339.9,108.1,351.8,0.2231,0
2211,73.7737,77.0,339.2,124.5,352.0,0.1051,0
2212,73.8071,75.8,341.6,102.3,351.7,0.1112,0
2213,73.8404,,,,,,
2214,73.8738,,,,,,
2215,73.9072,,,,,,
2216,73.9405,,,,,,
2217,73.9739,,,,,,
2218,74.0073,,,,,,
2219,74.0406,,,,,,
2220,74.074,,,,,,
2221,74.1074,,,,,,
2222,74.1407,,,,,,
2223,74.1741,,,,,,
2224,74.2075,,,,,,
2225,74.2408,,,,,,
2226,74.2742,46.4,338.7,74.1,351.8,0.1263,0
2227,74.3076,44.7,331.6,69.2,352.0,0.1944,0
2228,74.3409,,,,,,
2229,74.3743,,,,,,
2230,74.4077,43.1,317.9,62.5,351.3,0.3055,0
2231,74.441,40.3,316.3,62.1,351.6,0.3232,0
2232,74.4744,43.1,312.0,62.3,350.0,0.1903,0
2233,74.5078,43.3,311.3,61.7,348.6,0.1982,0
2234,74.5411,41.3,310.1,60.8,349.4,0.3319,0
2235,74.5745,43.1,311.8,62.3,350.6,0.2379,0
2236,74.6079,45.5,314.2,63.2,350.5,0.172,0
2237,74.6412,45.3,313.0,63.7,349.5,0.1522,0
2238,74.6746,87.9,0.3,616.8,135.7,0.1282,1
2239,74.708,51.2,307.3,69.5,344.6,0.1499,0
2240,74.7413,62.8,0.3,640.0,128.4,0.6149,1
2241,74.7747,,,,,,
2242,74.8081,52.5,0.4,636.0,128.1,0.7256,1
2243,74.8414,39.5,0.3,640.0,130.8,0.7544,1
2244,74.8748,68.2,0.2,640.0,133.5,0.3143,1
2245,74.9082,76.4,0.3,640.0,135.6,0.1409,1
2246,74.9415,,,,,,
2247,74.9749,,,,,,
2248,75.0083,,,,,,
2249,75.0416,,,,,,
2250,75.075,,,,,,
2251,75.1084,,,,,,
2252,75.1417,,,,,,
2253,75.1751,,,,,,
2254,75.2085,,,,,,
2255,75.2418,,,,,,
2256,75.2752,68.1,327.1,92.4,351.8,0.114,0
2257,75.3086,69.9,324.6,93.9,351.7,0.104,0
2258,75.3419,70.3,326.2,94.4,352.0,0.1053,0
2259,75.3753,71.1,327.6,95.6,351.8,0.1411,0
2260,75.4087,,,,,,
2261,75.442,,,,,,
2262,75.4754,79.4,330.0,98.7,351.1,0.3108,0
2263,75.5088,79.1,332.6,99.3,351.8,0.4075,0
2264,75.5421,79.1,330.9,99.8,351.8,0.6313,0
2265,75.5755,79.6,339.5,99.3,351.6,0.2215,0
2266,75.6089,79.7,333.0,101.4,351.7,0.3918,0
2267,75.6422,79.5,338.2,99.9,351.6,0.2223,0
2267,75.6422,79.9,333.1,101.9,351.8,0.13,0
2268,75.6756,80.5,330.4,101.9,351.8,0.5034,0
2269,75.709,81.4,331.8,102.4,351.8,0.4645,0
2269,75.709,81.1,336.7,101.1,351.6,0.1711,0
2269,75.709,78.7,335.6,123.0,352.0,0.1028,0
2270,75.7423,81.9,330.8,104.2,352.0,0.5633,0
2270,75.7423,78.3,335.4,123.5,352.0,0.1232,0
2271,75.7757,80.9,332.0,105.6,352.0,0.1825,0
2271,75.7757,80.6,338.8,104.4,351.7,0.1559,0
2271,75.7757,76.6,337.3,124.2,352.0,0.1076,0
2271,75.7757,66.5,338.4,111.7,352.0,0.1024,0
2272,75.8091,84.2,341.2,104.7,351.7,0.1615,0
2272,75.8091,79.2,337.6,123.0,352.0,0.1001,0
2273,75.8424,,,,,,
2274,75.8758,,,,,,
2275,75.9092,343.2,310.7,369.3,339.3,0.1138,0
2276,75.9425,,,,,,
2277,75.9759,,,,,,
2278,76.0093,,,,,,
2279,76.0426,,,,,,
2280,76.076,,,,,,
2281,76.1094,,,,,,
2282,76.1427,82.4,342.2,101.2,351.7,0.1774,0
2283,76.1761,79.7,339.8,103.8,351.7,0.1334,0
2284,76.2095,80.8,337.8,105.1,351.8,0.1655,0
2285,76.2428,,,,,,
2286,76.2762,,,,,,
2287,76.3096,,,,,,
2288,76.3429,,,,,,
2289,76.3763,354.3,337.1,367.5,347.3,0.1499,0
2290,76.4097,354.9,337.3,370.0,349.6,0.2703,0
2291,76.443,,,,,,
2292,76.4764,,,,,,
2293,76.5098,,,,,,
2294,76.5431,,,,,,
2295,76.5765,,,,,,
2296,76.6099,,,,,,
2297,76.6432,,,,,,
2298,76.6766,,,,,,
2299,76.71,,,,,,
2300,76.7433,,,,,,
2301,76.7767,,,,,,
2302,76.8101,,,,,,
2303,76.8434,352.9,337.8,365.8,348.8,0.2725,0
2304,76.8768,352.6,337.9,365.6,349.4,0.2539,0
2304,76.8768,352.9,339.6,364.6,351.3,0.1056,0
2305,76.9102,352.7,337.9,365.9,349.1,0.2231,0
2306,76.9435,353.3,341.3,365.5,351.8,0.1159,0
2307,76.9769,352.7,342.5,366.3,352.0,0.1163,0
2308,77.0103,353.3,341.4,365.6,351.9,0.1134,0
2309,77.0436,,,,,,
2310,77.077,,,,,,
2311,77.1104,,,,,,
2312,77.1437,,,,,,
2313,77.1771,,,,,,
2314,77.2105,,,,,,
2315,77.2438,,,,,,
2316,77.2772,,,,,,
2317,77.3106,,,,,,
2318,77.3439,,,,,,
2319,77.3773,,,,,,
2320,77.4107,,,,,,
2321,77.444,,,,,,
2322,77.4774,353.0,343.8,369.5,351.9,0.2028,0
2322,77.4774,351.7,343.7,369.2,352.0,0.1659,0
2323,77.5108,354.4,344.1,369.1,351.9,0.1768,0
2323,77.5108,351.7,343.5,369.4,352.0,0.1343,0
2324,77.5441,354.6,344.3,370.2,351.9,0.2128,0
2324,77.5441,351.4,343.7,371.1,352.0,0.1434,0
2325,77.5775,354.1,342.2,369.2,352.0,0.2185,0
2325,77.5775,352.5,342.2,368.4,352.0,0.14,0
2326,77.6109,355.0,340.0,367.3,351.3,0.1301,0
2327,77.6442,354.5,338.4,368.1,349.0,0.2749,0
2328,77.6776,354.1,337.9,368.6,349.5,0.1493,0
2328,77.6776,352.5,336.0,367.6,349.8,0.111,0
2329,77.711,,,,,,
2330,77.7443,,,,,,
2331,77.7777,,,,,,
2332,77.8111,,,,,,
2333,77.8444,,,,,,
2334,77.8778,,,,,,
2335,77.9112,,,,,,
2336,77.9445,,,,,,
2337,77.9779,,,,,,
2338,78.0113,,,,,,
2339,78.0446,351.6,343.4,366.3,351.9,0.122,0
2340,78.078,352.2,342.9,365.4,351.9,0.176,0
2341,78.1114,352.0,343.0,365.3,352.0,0.1897,0
2342,78.1447,351.8,343.9,365.6,352.0,0.1659,0
2343,78.1781,352.1,344.6,366.3,352.0,0.1691,0
2344,78.2115,351.6,344.8,367.1,352.0,0.1911,0
2344,78.2115,352.5,344.6,368.9,351.9,0.1248,0
2345,78.2448,350.6,345.6,368.0,352.0,0.1437,0
2346,78.2782,,,,,,
2347,78.3116,,,,,,
2348,78.3449,,,,,,
2349,78.3783,,,,,,
2350,78.4117,,,,,,
2351,78.445,,,,,,
2352,78.4784,,,,,,
2353,78.5118,,,,,,
2354,78.5451,,,,,,
2355,78.5785,,,,,,
2356,78.6119,,,,,,
2357,78.6452,,,,,,
2358,78.6786,,,,,,
2359,78.712,350.5,345.4,366.8,351.7,0.1263,0
2360,78.7453,349.4,345.3,367.9,351.9,0.1503,0
2361,78.7787,348.1,345.2,368.7,351.9,0.1347,0
2362,78.8121,348.4,345.3,368.2,351.9,0.1395,0
2363,78.8454,,,,,,
2364,78.8788,,,,,,
2365,78.9122,,,,,,
2366,78.9455,,,,,,
2367,78.9789,,,,,,
2368,79.0123,,,,,,
2369,79.0456,,,,,,
2370,79.079,,,,,,
2371,79.1124,,,,,,
2372,79.1457,,,,,,
2373,79.1791,,,,,,
2374,79.2125,,,,,,
2375,79.2458,,,,,,
2376,79.2792,,,,,,
2377,79.3126,,,,,,
2378,79.3459,,,,,,
2379,79.3793,,,,,,
2380,79.4127,,,,,,
2381,79.446,,,,,,
2382,79.4794,,,,,,
2383,79.5128,,,,,,
2384,79.5461,,,,,,
2385,79.5795,,,,,,
2386,79.6129,,,,,,
2387,79.6462,,,,,,
2388,79.6796,,,,,,
2389,79.713,,,,,,
2390,79.7463,,,,,,
2391,79.7797,,,,,,
2392,79.8131,,,,,,
2393,79.8464,,,,,,
2394,79.8798,,,,,,
2395,79.9132,,,,,,
2396,79.9465,,,,,,
2397,79.9799,,,,,,
2398,80.0133,,,,,,
2399,80.0466,,,,,,
2400,80.08,,,,,,
2401,80.1134,,,,,,
2402,80.1467,,,,,,
2403,80.1801,,,,,,
2404,80.2135,,,,,,
2405,80.2468,,,,,,
2406,80.2802,,,,,,
2407,80.3136,,,,,,
2408,80.3469,,,,,,
2409,80.3803,,,,,,
2410,80.4137,,,,,,
2411,80.447,,,,,,
2412,80.4804,,,,,,
2413,80.5138,,,,,,
2414,80.5471,,,,,,
2415,80.5805,,,,,,
2416,80.6139,,,,,,
2417,80.6472,,,,,,
2418,80.6806,,,,,,
2419,80.714,,,,,,
2420,80.7473,,,,,,
2421,80.7807,,,,,,
2422,80.8141,,,,,,
2423,80.8474,,,,,,
2424,80.8808,,,,,,
2425,80.9142,,,,,,
2426,80.9475,,,,,,
2427,80.9809,,,,,,
2428,81.0143,,,,,,
2429,81.0476,,,,,,
2430,81.081,,,,,,
2431,81.1144,,,,,,
2432,81.1477,,,,,,
2433,81.1811,,,,,,
2434,81.2145,,,,,,
2435,81.2478,,,,,,
2436,81.2812,,,,,,
2437,81.3146,,,,,,
2438,81.3479,,,,,,
2439,81.3813,,,,,,
2440,81.4147,,,,,,
2441,81.448,,,,,,
2442,81.4814,,,,,,
2443,81.5148,,,,,,
2444,81.5481,,,,,,
2445,81.5815,,,,,,
2446,81.6149,,,,,,
2447,81.6482,,,,,,
2448,81.6816,,,,,,
2449,81.715,,,,,,
2450,81.7483,,,,,,
2451,81.7817,,,,,,
2452,81.8151,,,,,,
2453,81.8484,,,,,,
2454,81.8818,,,,,,
2455,81.9152,,,,,,
2456,81.9485,,,,,,
2457,81.9819,,,,,,
2458,82.0153,,,,,,
2459,82.0486,,,,,,
2460,82.082,,,,,,
2461,82.1154,,,,,,
2462,82.1487,,,,,,
2463,82.1821,,,,,,
2464,82.2155,,,,,,
2465,82.2488,,,,,,
2466,82.2822,,,,,,
2467,82.3156,,,,,,
2468,82.3489,,,,,,
2469,82.3823,,,,,,
2470,82.4157,,,,,,
2471,82.449,,,,,,
2472,82.4824,,,,,,
2473,82.5158,,,,,,
2474,82.5491,,,,,,
2475,82.5825,,,,,,
2476,82.6159,,,,,,
2477,82.6492,,,,,,
2478,82.6826,,,,,,
2479,82.716,336.4,345.1,352.0,351.9,0.1761,0
2479,82.716,337.2,344.8,353.4,351.9,0.1389,0
2480,82.7493,337.0,344.3,350.8,351.9,0.1906,0
2480,82.7493,337.5,344.1,352.2,351.8,0.1474,0
2481,82.7827,336.5,344.7,351.6,351.9,0.206,0
2481,82.7827,337.0,344.3,353.0,351.9,0.1672,0
2482,82.8161,,,,,,
2483,82.8494,,,,,,
2484,82.8828,,,,,,
2485,82.9162,,,,,,
2486,82.9495,,,,,,
2487,82.9829,,,,,,
2488,83.0163,,,,,,
2489,83.0496,,,,,,
2490,83.083,,,,,,
2491,83.1164,,,,,,
2492,83.1497,,,,,,
2493,83.1831,,,,,,
2494,83.2165,,,,,,
2495,83.2498,,,,,,
2496,83.2832,,,,,,
2497,83.3166,,,,,,
2498,83.3499,,,,,,
2499,83.3833,,,,,,
2500,83.4167,,,,,,
2501,83.45,,,,,,
2502,83.4834,,,,,,
2503,83.5168,,,,,,
2504,83.5501,,,,,,
2505,83.5835,,,,,,
2506,83.6169,,,,,,
2507,83.6502,,,,,,
2508,83.6836,,,,,,
2509,83.717,,,,,,
2510,83.7503,,,,,,
2511,83.7837,,,,,,
2512,83.8171,,,,,,
2513,83.8504,350.8,269.0,383.6,284.7,0.118,0
2514,83.8838,,,,,,
2515,83.9172,,,,,,
2516,83.9505,,,,,,
2517,83.9839,,,,,,
2518,84.0173,,,,,,
2519,84.0506,,,,,,
2520,84.084,,,,,,
2521,84.1174,,,,,,
2522,84.1507,,,,,,
2523,84.1841,,,,,,
2524,84.2175,,,,,,
2525,84.2508,,,,,,
2526,84.2842,,,,,,
2527,84.3176,,,,,,
2528,84.3509,,,,,,
2529,84.3843,,,,,,
2530,84.4177,,,,,,
2531,84.451,,,,,,
2532,84.4844,,,,,,
2533,84.5178,,,,,,
2534,84.5511,,,,,,
2535,84.5845,350.4,269.0,375.9,284.0,0.1325,0
2536,84.6179,,,,,,
2537,84.6512,,,,,,
2538,84.6846,,,,,,
2539,84.718,,,,,,
2540,84.7513,,,,,,
2541,84.7847,,,,,,
2542,84.8181,,,,,,
2543,84.8514,,,,,,
2544,84.8848,,,,,,
2545,84.9182,,,,,,
2546,84.9515,,,,,,
2547,84.9849,,,,,,
2548,85.0183,,,,,,
2549,85.0516,,,,,,
2550,85.085,,,,,,
2551,85.1184,348.3,339.0,364.4,351.5,0.2406,0
2552,85.1517,356.5,336.2,371.7,348.0,0.2365,0
2553,85.1851,366.4,336.0,382.4,345.7,0.1556,0
2554,85.2185,373.9,338.3,389.7,351.5,0.1232,0
2554,85.2185,373.6,337.6,390.0,350.7,0.1084,0
2555,85.2518,,,,,,
2556,85.2852,,,,,,
2557,85.3186,,,,,,
2558,85.3519,,,,,,
2559,85.3853,,,,,,
2560,85.4187,,,,,,
2561,85.452,,,,,,
2562,85.4854,,,,,,
2563,85.5188,,,,,,
2564,85.5521,,,,,,
2565,85.5855,,,,,,
2566,85.6189,,,,,,
2567,85.6522,,,,,,
2568,85.6856,,,,,,
2569,85.719,,,,,,
2570,85.7523,,,,,,
2571,85.7857,,,,,,
2572,85.8191,,,,,,
2573,85.8524,,,,,,
2574,85.8858,,,,,,
2575,85.9192,,,,,,
2576,85.9525,,,,,,
2577,85.9859,,,,,,
2578,86.0193,,,,,,
2579,86.0526,,,,,,
2580,86.086,,,,,,
2581,86.1194,,,,,,
2582,86.1527,,,,,,
2583,86.1861,,,,,,
2584,86.2195,,,,,,
2585,86.2528,,,,,,
2586,86.2862,,,,,,
2587,86.3196,,,,,,
2588,86.3529,,,,,,
2589,86.3863,,,,,,
2590,86.4197,,,,,,
2591,86.453,,,,,,
2592,86.4864,,,,,,
2593,86.5198,,,,,,
2594,86.5531,,,,,,
2595,86.5865,,,,,,
2596,86.6199,,,,,,
2597,86.6532,,,,,,
2598,86.6866,,,,,,
2599,86.72,,,,,,
2600,86.7533,,,,,,
2601,86.7867,,,,,,
2602,86.8201,,,,,,
2603,86.8534,,,,,,
2604,86.8868,,,,,,
2605,86.9202,,,,,,
2606,86.9535,,,,,,
2607,86.9869,,,,,,
2608,87.0203,,,,,,
2609,87.0536,,,,,,
2610,87.087,,,,,,
2611,87.1204,,,,,,
2612,87.1537,,,,,,
2613,87.1871,,,,,,
2614,87.2205,,,,,,
2615,87.2538,,,,,,
2616,87.2872,,,,,,
2617,87.3206,,,,,,
2618,87.3539,,,,,,
2619,87.3873,,,,,,
2620,87.4207,,,,,,
2621,87.454,,,,,,
2622,87.4874,,,,,,
2623,87.5208,,,,,,
2624,87.5541,,,,,,
2625,87.5875,,,,,,
2626,87.6209,,,,,,
2627,87.6542,,,,,,
2628,87.6876,,,,,,
2629,87.721,,,,,,
2630,87.7543,,,,,,
2631,87.7877,,,,,,
2632,87.8211,,,,,,
2633,87.8544,,,,,,
2634,87.8878,,,,,,
2635,87.9212,,,,,,
2636,87.9545,,,,,,
2637,87.9879,,,,,,
2638,88.0213,,,,,,
2639,88.0546,,,,,,
2640,88.088,,,,,,
2641,88.1214,,,,,,
2642,88.1547,,,,,,
2643,88.1881,,,,,,
2644,88.2215,,,,,,
2645,88.2548,,,,,,
2646,88.2882,,,,,,
2647,88.3216,,,,,,
2648,88.3549,,,,,,
2649,88.3883,,,,,,
2650,88.4217,,,,,,
2651,88.455,,,,,,
2652,88.4884,,,,,,
2653,88.5218,,,,,,
2654,88.5551,,,,,,
2655,88.5885,,,,,,
2656,88.6219,,,,,,
2657,88.6552,,,,,,
2658,88.6886,,,,,,
2659,88.722,,,,,,
2660,88.7553,,,,,,
2661,88.7887,,,,,,
2662,88.8221,,,,,,
2663,88.8554,,,,,,
2664,88.8888,,,,,,
2665,88.9222,,,,,,
2666,88.9555,,,,,,
2667,88.9889,,,,,,
2668,89.0223,,,,,,
2669,89.0556,,,,,,
2670,89.089,,,,,,
2671,89.1224,,,,,,
2672,89.1557,,,,,,
2673,89.1891,,,,,,
2674,89.2225,,,,,,
2675,89.2558,,,,,,
2676,89.2892,,,,,,
2677,89.3226,,,,,,
2678,89.3559,,,,,,
2679,89.3893,,,,,,
2680,89.4227,,,,,,
2681,89.456,,,,,,
2682,89.4894,,,,,,
2683,89.5228,,,,,,
2684,89.5561,,,,,,
2685,89.5895,,,,,,
2686,89.6229,,,,,,
2687,89.6562,,,,,,
2688,89.6896,,,,,,
2689,89.723,,,,,,
2690,89.7563,,,,,,
2691,89.7897,,,,,,
2692,89.8231,,,,,,
2693,89.8564,,,,,,
2694,89.8898,,,,,,
2695,89.9232,,,,,,
2696,89.9565,,,,,,
2697,89.9899,,,,,,
2698,90.0233,,,,,,
2699,90.0566,,,,,,
2700,90.09,,,,,,
2701,90.1234,,,,,,
2702,90.1567,,,,,,
2703,90.1901,,,,,,
2704,90.2235,,,,,,
2705,90.2568,,,,,,
2706,90.2902,,,,,,
2707,90.3236,,,,,,
2708,90.3569,,,,,,
2709,90.3903,,,,,,
2710,90.4237,,,,,,
2711,90.457,,,,,,
2712,90.4904,,,,,,
2713,90.5238,,,,,,
2714,90.5571,,,,,,
2715,90.5905,,,,,,
2716,90.6239,,,,,,
2717,90.6572,,,,,,
2718,90.6906,,,,,,
2719,90.724,,,,,,
2720,90.7573,,,,,,
2721,90.7907,,,,,,
2722,90.8241,,,,,,
2723,90.8574,,,,,,
2724,90.8908,,,,,,
2725,90.9242,,,,,,
2726,90.9575,,,,,,
2727,90.9909,,,,,,
2728,91.0243,,,,,,
2729,91.0576,,,,,,
2730,91.091,,,,,,
2731,91.1244,,,,,,
2732,91.1577,,,,,,
2733,91.1911,,,,,,
2734,91.2245,,,,,,
2735,91.2578,,,,,,
2736,91.2912,,,,,,
2737,91.3246,,,,,,
2738,91.3579,,,,,,
2739,91.3913,,,,,,
2740,91.4247,,,,,,
2741,91.458,,,,,,
2742,91.4914,,,,,,
2743,91.5248,,,,,,
2744,91.5581,,,,,,
2745,91.5915,,,,,,
2746,91.6249,,,,,,
2747,91.6582,,,,,,
2748,91.6916,,,,,,
2749,91.725,,,,,,
2750,91.7583,,,,,,
2751,91.7917,,,,,,
2752,91.8251,,,,,,
2753,91.8584,,,,,,
2754,91.8918,,,,,,
2755,91.9252,,,,,,
2756,91.9585,,,,,,
2757,91.9919,,,,,,
2758,92.0253,,,,,,
2759,92.0586,,,,,,
2760,92.092,,,,,,
2761,92.1254,,,,,,
2762,92.1587,,,,,,
2763,92.1921,,,,,,
2764,92.2255,,,,,,
2765,92.2588,,,,,,
2766,92.2922,,,,,,
2767,92.3256,,,,,,
2768,92.3589,,,,,,
2769,92.3923,,,,,,
2770,92.4257,,,,,,
2771,92.459,,,,,,
2772,92.4924,,,,,,
2773,92.5258,,,,,,
2774,92.5591,,,,,,
2775,92.5925,,,,,,
2776,92.6259,,,,,,
2777,92.6592,,,,,,
2778,92.6926,,,,,,
2779,92.726,,,,,,
2780,92.7593,,,,,,
2781,92.7927,,,,,,
2782,92.8261,,,,,,
2783,92.8594,,,,,,
2784,92.8928,,,,,,
2785,92.9262,,,,,,
2786,92.9595,,,,,,
2787,92.9929,,,,,,
2788,93.0263,,,,,,
2789,93.0596,,,,,,
2790,93.093,,,,,,
2791,93.1264,,,,,,
2792,93.1597,,,,,,
2793,93.1931,,,,,,
2794,93.2265,,,,,,
2795,93.2598,,,,,,
2796,93.2932,,,,,,
2797,93.3266,,,,,,
2798,93.3599,,,,,,
2799,93.3933,,,,,,
2800,93.4267,,,,,,
2801,93.46,,,,,,
2802,93.4934,,,,,,
2803,93.5268,,,,,,
2804,93.5601,,,,,,
2805,93.5935,,,,,,
2806,93.6269,291.5,160.9,309.0,184.1,0.1182,0
2807,93.6602,,,,,,
2808,93.6936,,,,,,
2809,93.727,,,,,,
2810,93.7603,,,,,,
2811,93.7937,,,,,,
2812,93.8271,,,,,,
2813,93.8604,,,,,,
2814,93.8938,,,,,,
2815,93.9272,,,,,,
2816,93.9605,,,,,,
2817,93.9939,,,,,,
2818,94.0273,,,,,,
2819,94.0606,,,,,,
2820,94.094,,,,,,
2821,94.1274,,,,,,
2822,94.1607,,,,,,
2823,94.1941,,,,,,
2824,94.2275,,,,,,
2825,94.2608,,,,,,
2826,94.2942,,,,,,
2827,94.3276,,,,,,
2828,94.3609,,,,,,
2829,94.3943,,,,,,
2830,94.4277,,,,,,
2831,94.461,,,,,,
2832,94.4944,,,,,,
2833,94.5278,,,,,,
2834,94.5611,,,,,,
2835,94.5945,,,,,,
2836,94.6279,,,,,,
2837,94.6612,,,,,,
2838,94.6946,,,,,,
2839,94.728,,,,,,
2840,94.7613,,,,,,
2841,94.7947,,,,,,
2842,94.8281,,,,,,
2843,94.8614,,,,,,
2844,94.8948,,,,,,
2845,94.9282,,,,,,
2846,94.9615,,,,,,
2847,94.9949,,,,,,
2848,95.0283,,,,,,
2849,95.0616,,,,,,
2850,95.095,,,,,,
2851,95.1284,,,,,,
2852,95.1617,,,,,,
2853,95.1951,,,,,,
2854,95.2285,,,,,,
2855,95.2618,,,,,,
2856,95.2952,,,,,,
2857,95.3286,,,,,,
2858,95.3619,,,,,,
2859,95.3953,,,,,,
2860,95.4287,,,,,,
2861,95.462,,,,,,
2862,95.4954,,,,,,
2863,95.5288,,,,,,
2864,95.5621,,,,,,
2865,95.5955,,,,,,
2866,95.6289,,,,,,
2867,95.6622,,,,,,
2868,95.6956,,,,,,
2869,95.729,,,,,,
2870,95.7623,,,,,,
2871,95.7957,,,,,,
2872,95.8291,,,,,,
2873,95.8624,,,,,,
2874,95.8958,,,,,,
2875,95.9292,,,,,,
2876,95.9625,,,,,,
2877,95.9959,,,,,,
2878,96.0293,,,,,,
2879,96.0626,388.6,334.7,416.3,352.0,0.1019,0
2880,96.096,407.4,323.1,432.2,339.4,0.4493,0
2881,96.1294,426.6,312.1,454.0,330.0,0.6908,0
2881,96.1294,160.6,333.7,195.4,351.8,0.4937,0
2882,96.1627,449.0,297.9,479.1,318.3,0.7711,0
2882,96.1627,186.1,321.5,220.3,346.4,0.5076,0
2883,96.1961,472.1,289.5,506.7,304.6,0.7265,0
2883,96.1961,211.2,312.8,246.1,330.6,0.5275,0
2884,96.2295,54.4,0.0,640.0,111.7,0.207,1
2885,96.2628,,,,,,
2886,96.2962,,,,,,
2887,96.3296,,,,,,
2888,96.3629,54.9,0.2,640.0,120.6,0.1667,1
2889,96.3963,,,,,,
2890,96.4297,,,,,,
2891,96.463,,,,,,
2892,96.4964,,,,,,
2893,96.5298,,,,,,
2894,96.5631,,,,,,
2895,96.5965,,,,,,
2896,96.6299,0.0,0.1,543.4,90.7,0.1618,1
2897,96.6632,373.6,315.3,393.7,350.7,0.326,0
2897,96.6632,363.3,316.0,394.3,351.8,0.113,0
2898,96.6966,375.5,322.2,398.2,351.5,0.2601,0
2899,96.73,380.9,326.3,398.1,351.2,0.1859,0
2900,96.7633,383.2,331.0,399.5,351.0,0.2235,0
2901,96.7967,383.1,332.4,400.0,351.7,0.2287,0
2902,96.8301,383.1,333.6,400.4,351.9,0.2387,0
2902,96.8301,383.6,332.9,401.5,351.6,0.1655,0
2903,96.8634,383.0,330.4,400.8,351.7,0.3173,0
2903,96.8634,383.3,329.7,401.6,351.2,0.1208,0
2904,96.8968,383.3,330.4,401.2,351.1,0.2554,0
2904,96.8968,383.2,331.2,400.3,351.5,0.1641,0
2905,96.9302,381.7,329.1,399.4,351.8,0.1356,0
2906,96.9635,,,,,,
2907,96.9969,,,,,,
2908,97.0303,,,,,,
2909,97.0636,,,,,,
2910,97.097,,,,,,
2911,97.1304,,,,,,
2912,97.1637,,,,,,
2913,97.1971,,,,,,
2914,97.2305,365.7,341.7,384.6,351.8,0.1245,0
2915,97.2638,363.5,341.1,383.7,351.7,0.1799,0
2916,97.2972,359.8,341.5,382.2,351.8,0.1666,0
2917,97.3306,358.4,339.8,380.2,351.7,0.1505,0
2918,97.3639,356.8,339.6,379.5,351.8,0.1464,0
2919,97.3973,354.3,340.0,376.7,351.7,0.2386,0
2920,97.4307,353.5,340.8,375.5,351.6,0.2608,0
2921,97.464,352.0,339.5,374.1,351.7,0.309,0
2922,97.4974,350.6,339.6,372.4,351.8,0.257,0
2923,97.5308,349.1,338.9,371.0,352.0,0.1105,0
2923,97.5308,347.9,339.6,370.2,351.9,0.1004,0
2924,97.5641,,,,,,
2925,97.5975,,,,,,
2926,97.6309,,,,,,
2927,97.6642,,,,,,
2928,97.6976,,,,,,
2929,97.731,,,,,,
2930,97.7643,,,,,,
2931,97.7977,,,,,,
2932,97.8311,,,,,,
2933,97.8644,342.6,339.7,363.6,351.7,0.1405,0
2934,97.8978,342.4,341.8,362.5,351.7,0.2223,0
2934,97.8978,340.3,341.4,362.9,351.8,0.1145,0
2934,97.8978,336.1,339.5,379.6,352.0,0.1004,0
2935,97.9312,339.1,341.6,360.2,351.8,0.1872,0
2936,97.9645,339.8,340.2,359.2,351.8,0.2654,0
2936,97.9645,335.1,339.1,379.5,352.0,0.1123,0
2937,97.9979,338.5,341.3,357.7,351.7,0.2836,0
2938,98.0313,337.2,341.8,356.9,351.6,0.3646,0
2939,98.0646,334.1,340.7,354.7,351.7,0.3146,0
2940,98.098,329.8,341.8,350.6,351.7,0.3269,0
2941,98.1314,325.7,340.1,347.9,351.9,0.1492,0
2942,98.1647,,,,,,
2943,98.1981,,,,,,
2944,98.2315,,,,,,
2945,98.2648,,,,,,
2946,98.2982,,,,,,
2947,98.3316,,,,,,
2948,98.3649,,,,,,
2949,98.3983,,,,,,
2950,98.4317,,,,,,
2951,98.465,,,,,,
2952,98.4984,,,,,,
2953,98.5318,,,,,,
2954,98.5651,,,,,,
2955,98.5985,,,,,,
2956,98.6319,,,,,,
2957,98.6652,,,,,,
2958,98.6986,,,,,,
2959,98.732,,,,,,
2960,98.7653,,,,,,
2961,98.7987,,,,,,
2962,98.8321,,,,,,
2963,98.8654,,,,,,
2964,98.8988,,,,,,
2965,98.9322,,,,,,
2966,98.9655,,,,,,
2967,98.9989,,,,,,
2968,99.0323,303.8,50.3,351.3,103.5,0.1462,1
2969,99.0656,,,,,,
2970,99.099,,,,,,
2971,99.1324,,,,,,
2972,99.1657,,,,,,
2973,99.1991,,,,,,
2974,99.2325,,,,,,
2975,99.2658,,,,,,
2976,99.2992,,,,,,
2977,99.3326,,,,,,
2978,99.3659,,,,,,
2979,99.3993,,,,,,
2980,99.4327,,,,,,
2981,99.466,,,,,,
2982,99.4994,,,,,,
2983,99.5328,,,,,,
2984,99.5661,,,,,,
2985,99.5995,,,,,,
2986,99.6329,,,,,,
2987,99.6662,,,,,,
2988,99.6996,,,,,,
2989,99.733,,,,,,
2990,99.7663,,,,,,
2991,99.7997,,,,,,
2992,99.8331,,,,,,
2993,99.8664,,,,,,
2994,99.8998,,,,,,
2995,99.9332,,,,,,
2996,99.9665,,,,,,
2997,99.9999,,,,,,
2998,100.0333,,,,,,
2999,100.0666,,,,,,
3000,100.1,,,,,,
3001,100.1334,,,,,,
3002,100.1667,,,,,,
3003,100.2001,,,,,,
3004,100.2335,,,,,,
3005,100.2668,,,,,,
3006,100.3002,,,,,,
3007,100.3336,,,,,,
3008,100.3669,,,,,,
3009,100.4003,,,,,,
3010,100.4337,,,,,,
3011,100.467,,,,,,
3012,100.5004,,,,,,
3013,100.5338,,,,,,
3014,100.5671,,,,,,
3015,100.6005,,,,,,
3016,100.6339,,,,,,
3017,100.6672,,,,,,
3018,100.7006,,,,,,
3019,100.734,,,,,,
3020,100.7673,,,,,,
3021,100.8007,,,,,,
3022,100.8341,,,,,,
3023,100.8674,,,,,,
3024,100.9008,,,,,,
3025,100.9342,,,,,,
3026,100.9675,,,,,,
3027,101.0009,,,,,,
3028,101.0343,,,,,,
3029,101.0676,,,,,,
3030,101.101,,,,,,
3031,101.1344,,,,,,
3032,101.1677,,,,,,
3033,101.2011,,,,,,
3034,101.2345,,,,,,
3035,101.2678,,,,,,
3036,101.3012,516.9,335.1,543.6,350.7,0.1916,0
3037,101.3346,,,,,,
3038,101.3679,,,,,,
3039,101.4013,,,,,,
3040,101.4347,,,,,,
3041,101.468,,,,,,
3042,101.5014,,,,,,
3043,101.5348,,,,,,
3044,101.5681,,,,,,
3045,101.6015,,,,,,
3046,101.6349,,,,,,
3047,101.6682,,,,,,
3048,101.7016,283.0,74.9,311.3,92.2,0.1567,0
3049,101.735,,,,,,
3050,101.7683,,,,,,
3051,101.8017,,,,,,
3052,101.8351,276.1,83.6,306.0,107.5,0.2642,0
3053,101.8684,475.9,318.7,495.3,346.0,0.1435,0
3054,101.9018,472.7,317.7,491.6,350.3,0.3838,0
3055,101.9352,,,,,,
3056,101.9685,,,,,,
3057,102.0019,453.8,320.5,473.3,351.8,0.1539,0
3057,102.0019,434.5,321.9,475.0,352.0,0.105,0
3058,102.0353,251.9,91.6,279.2,114.8,0.2913,0
3059,102.0686,249.0,97.4,274.9,124.0,0.1908,0
3060,102.102,,,,,,
3061,102.1354,,,,,,
3062,102.1687,,,,,,
3063,102.2021,,,,,,
3064,102.2355,,,,,,
3065,102.2688,,,,,,
3066,102.3022,,,,,,
3067,102.3356,,,,,,
3068,102.3689,,,,,,
3069,102.4023,440.9,341.2,461.1,351.7,0.1975,0
3069,102.4023,430.8,339.5,476.7,352.0,0.1092,0
3070,102.4357,434.5,332.7,457.3,351.7,0.2872,0
3070,102.4357,430.7,337.7,477.0,352.0,0.1128,0
3070,102.4357,435.5,338.6,455.7,351.5,0.1025,0
3071,102.469,431.1,333.5,451.2,351.1,0.1635,0
3072,102.5024,425.4,332.6,448.0,351.8,0.3048,0
3073,102.5358,423.9,341.1,446.0,351.7,0.2271,0
3073,102.5358,417.5,340.1,460.7,352.0,0.1136,0
3074,102.5691,422.3,339.1,443.6,351.6,0.1265,0
3074,102.5691,415.5,338.8,461.3,352.0,0.1084,0
3075,102.6025,,,,,,
3076,102.6359,,,,,,
3077,102.6692,,,,,,
3078,102.7026,,,,,,
3079,102.736,,,,,,
3080,102.7693,,,,,,
3081,102.8027,,,,,,
3082,102.8361,,,,,,
3083,102.8694,,,,,,
3084,102.9028,,,,,,
3085,102.9362,,,,,,
3086,102.9695,374.7,339.8,396.4,351.8,0.1265,0
3087,103.0029,375.0,341.4,395.3,351.7,0.1991,0
3088,103.0363,374.0,339.9,395.0,351.7,0.2262,0
3088,103.0363,367.4,339.4,411.3,352.0,0.1165,0
3089,103.0696,371.0,340.1,393.2,351.8,0.2427,0
3089,103.0696,366.6,339.4,411.4,352.0,0.1253,0
3090,103.103,370.2,341.5,391.6,351.7,0.1849,0
3090,103.103,366.1,338.2,412.1,352.0,0.1022,0
3091,103.1364,368.0,340.7,390.7,351.7,0.1879,0
3092,103.1697,365.9,340.4,388.1,351.7,0.1899,0
3093,103.2031,363.1,339.6,385.6,351.8,0.1542,0
3094,103.2365,363.0,332.2,382.2,351.5,0.1884,0
3095,103.2698,,,,,,
3096,103.3032,,,,,,
3097,103.3366,,,,,,
3098,103.3699,,,,,,
3099,103.4033,,,,,,
3100,103.4367,,,,,,
3101,103.47,,,,,,
3102,103.5034,,,,,,
3103,103.5368,,,,,,
3104,103.5701,,,,,,
3105,103.6035,,,,,,
3106,103.6369,113.0,96.7,146.6,119.7,0.371,0
3107,103.6702,269.9,329.2,286.6,350.5,0.1504,0
3108,103.7036,267.0,329.6,287.1,351.8,0.2633,0
3109,103.737,263.0,332.3,286.8,352.0,0.3328,0
3109,103.737,262.8,337.4,284.8,351.7,0.152,0
3109,103.737,257.2,337.3,298.8,352.0,0.1347,0
3110,103.7703,263.1,341.5,285.0,351.9,0.2678,0
3111,103.8037,,,,,,
3112,103.8371,,,,,,
3113,103.8704,,,,,,
3114,103.9038,,,,,,
3115,103.9372,,,,,,
3116,103.9705,,,,,,
3117,104.0039,,,,,,
3118,104.0373,,,,,,
3119,104.0706,,,,,,
3120,104.104,,,,,,
3121,104.1374,,,,,,
3122,104.1707,,,,,,
3123,104.2041,,,,,,
3124,104.2375,,,,,,
3125,104.2708,,,,,,
3126,104.3042,,,,,,
3127,104.3376,,,,,,
3128,104.3709,,,,,,
3129,104.4043,,,,,,
3130,104.4377,,,,,,
3131,104.471,,,,,,
3132,104.5044,,,,,,
3133,104.5378,,,,,,
3134,104.5711,,,,,,
3135,104.6045,,,,,,
3136,104.6379,,,,,,
3137,104.6712,,,,,,
3138,104.7046,,,,,,
3139,104.738,,,,,,
3140,104.7713,,,,,,
3141,104.8047,,,,,,
3142,104.8381,,,,,,
3143,104.8714,,,,,,
3144,104.9048,,,,,,
3145,104.9382,446.3,345.7,463.3,352.0,0.1181,0
3146,104.9715,447.5,345.4,460.6,352.0,0.163,0
3147,105.0049,447.5,343.6,459.0,351.8,0.1996,0
3148,105.0383,447.1,343.9,458.3,351.7,0.1571,0
3149,105.0716,447.0,343.7,458.2,351.7,0.1551,0
3150,105.105,446.9,343.7,458.2,351.7,0.1575,0
3151,105.1384,446.7,344.7,458.1,351.8,0.1568,0
3152,105.1717,445.0,345.1,458.9,351.9,0.1995,0
3153,105.2051,,,,,,
3154,105.2385,,,,,,
3155,105.2718,,,,,,
3156,105.3052,,,,,,
3157,105.3386,,,,,,
3158,105.3719,,,,,,
3159,105.4053,,,,,,
3160,105.4387,,,,,,
3161,105.472,,,,,,
3162,105.5054,,,,,,
3163,105.5388,,,,,,
3164,105.5721,,,,,,
3165,105.6055,,,,,,
3166,105.6389,,,,,,
3167,105.6722,,,,,,
3168,105.7056,,,,,,
3169,105.739,,,,,,
3170,105.7723,,,,,,
3171,105.8057,,,,,,
3172,105.8391,,,,,,
3173,105.8724,,,,,,
3174,105.9058,,,,,,
3175,105.9392,,,,,,
3176,105.9725,,,,,,
3177,106.0059,,,,,,
3178,106.0393,,,,,,
3179,106.0726,,,,,,
3180,106.106,,,,,,
3181,106.1394,,,,,,
3182,106.1727,,,,,,
3183,106.2061,,,,,,
3184,106.2395,,,,,,
3185,106.2728,,,,,,
3186,106.3062,,,,,,
3187,106.3396,,,,,,
3188,106.3729,,,,,,
3189,106.4063,,,,,,
3190,106.4397,,,,,,
3191,106.473,,,,,,
3192,106.5064,,,,,,
3193,106.5398,,,,,,
3194,106.5731,,,,,,
3195,106.6065,,,,,,
3196,106.6399,,,,,,
3197,106.6732,,,,,,
3198,106.7066,,,,,,
3199,106.74,,,,,,
3200,106.7733,,,,,,
3201,106.8067,,,,,,
3202,106.8401,,,,,,
3203,106.8734,,,,,,
3204,106.9068,,,,,,
3205,106.9402,,,,,,
3206,106.9735,,,,,,
3207,107.0069,,,,,,
3208,107.0403,,,,,,
3209,107.0736,,,,,,
3210,107.107,,,,,,
3211,107.1404,,,,,,
3212,107.1737,,,,,,
3213,107.2071,,,,,,
3214,107.2405,,,,,,
3215,107.2738,,,,,,
3216,107.3072,,,,,,
3217,107.3406,,,,,,
3218,107.3739,,,,,,
3219,107.4073,,,,,,
3220,107.4407,,,,,,
3221,107.474,,,,,,
3222,107.5074,,,,,,
3223,107.5408,,,,,,
3224,107.5741,428.4,345.0,444.6,351.9,0.1946,0
3225,107.6075,429.2,344.8,442.7,351.9,0.1778,0
3226,107.6409,428.8,344.0,444.0,352.0,0.1907,0
3227,107.6742,428.9,342.9,443.4,351.9,0.1897,0
3228,107.7076,429.2,342.2,442.6,351.7,0.1972,0
3229,107.741,,,,,,
3230,107.7743,,,,,,
3231,107.8077,,,,,,
3232,107.8411,,,,,,
3233,107.8744,,,,,,
3234,107.9078,,,,,,
3235,107.9412,,,,,,
3236,107.9745,,,,,,
3237,108.0079,,,,,,
3238,108.0413,,,,,,
3239,108.0746,,,,,,
3240,108.108,,,,,,
3241,108.1414,,,,,,
3242,108.1747,,,,,,
3243,108.2081,,,,,,
3244,108.2415,,,,,,
3245,108.2748,,,,,,
3246,108.3082,,,,,,
3247,108.3416,,,,,,
3248,108.3749,,,,,,
3249,108.4083,,,,,,
3250,108.4417,,,,,,
3251,108.475,,,,,,
3252,108.5084,,,,,,
3253,108.5418,,,,,,
3254,108.5751,,,,,,
3255,108.6085,,,,,,
3256,108.6419,,,,,,
3257,108.6752,,,,,,
3258,108.7086,,,,,,
3259,108.742,431.7,337.0,442.0,347.3,0.1274,0
3260,108.7753,,,,,,
3261,108.8087,,,,,,
3262,108.8421,427.3,342.1,445.2,351.8,0.1909,0
3263,108.8754,426.7,342.8,445.3,351.9,0.1293,0
3264,108.9088,423.9,344.4,441.4,351.8,0.1619,0
3264,108.9088,425.4,344.1,445.0,352.0,0.1063,0
3265,108.9422,424.6,343.8,447.6,351.9,0.2823,0
3265,108.9422,423.2,344.3,446.0,351.8,0.1433,0
3266,108.9755,425.3,344.0,447.1,351.9,0.2796,0
3266,108.9755,422.6,343.9,446.9,351.9,0.1388,0
3267,109.0089,425.1,344.6,448.4,351.8,0.2907,0
3267,109.0089,422.3,344.3,448.3,351.9,0.1372,0
3268,109.0423,,,,,,
3269,109.0756,423.6,342.8,449.3,352.0,0.1272,0
3270,109.109,423.3,341.1,449.8,352.0,0.1165,0
3271,109.1424,447.0,255.3,469.2,271.0,0.178,0
3272,109.1757,,,,,,
3273,109.2091,,,,,,
3274,109.2425,,,,,,
3275,109.2758,,,,,,
3276,109.3092,,,,,,
3277,109.3426,,,,,,
3278,109.3759,421.0,345.1,434.9,351.9,0.1009,0
3279,109.4093,415.5,345.2,431.6,351.8,0.1906,0
3279,109.4093,415.9,344.4,434.8,351.8,0.1261,0
3280,109.4427,414.0,341.9,426.7,351.8,0.1951,0
3281,109.476,411.7,337.3,423.3,347.3,0.1826,0
3282,109.5094,,,,,,
3283,109.5428,,,,,,
3284,109.5761,,,,,,
3285,109.6095,,,,,,
3286,109.6429,,,,,,
3287,109.6762,,,,,,
3288,109.7096,,,,,,
3289,109.743,,,,,,
3290,109.7763,,,,,,
3291,109.8097,,,,,,
3292,109.8431,414.4,252.6,443.1,269.4,0.168,0
3293,109.8764,412.3,252.4,443.8,269.9,0.1553,0
3294,109.9098,411.3,252.8,444.4,270.0,0.2605,0
3295,109.9432,,,,,,
3296,109.9765,,,,,,
3297,110.0099,,,,,,
3298,110.0433,,,,,,
3299,110.0766,,,,,,
3300,110.11,,,,,,
3301,110.1434,399.7,336.3,410.0,344.6,0.4446,0
3302,110.1767,399.3,337.0,409.7,346.5,0.2556,0
3303,110.2101,396.9,338.8,407.4,348.3,0.3049,0
3304,110.2435,396.9,337.8,406.2,347.6,0.306,0
3305,110.2768,394.9,336.7,407.2,346.2,0.2314,0
3306,110.3102,393.5,336.3,404.6,346.2,0.1254,0
3307,110.3436,,,,,,
3308,110.3769,360.7,137.7,396.3,160.5,0.2797,0
3309,110.4103,,,,,,
3310,110.4437,,,,,,
3311,110.477,,,,,,
3312,110.5104,,,,,,
3313,110.5438,,,,,,
3314,110.5771,,,,,,
3315,110.6105,,,,,,
3316,110.6439,,,,,,
3317,110.6772,,,,,,
3318,110.7106,,,,,,
3319,110.744,,,,,,
3320,110.7773,,,,,,
3321,110.8107,,,,,,
3322,110.8441,,,,,,
3323,110.8774,,,,,,
3324,110.9108,,,,,,
3325,110.9442,,,,,,
3326,110.9775,,,,,,
3327,111.0109,,,,,,
3328,111.0443,,,,,,
3329,111.0776,,,,,,
3330,111.111,,,,,,
3331,111.1444,,,,,,
3332,111.1777,,,,,,
3333,111.2111,,,,,,
3334,111.2445,,,,,,
3335,111.2778,,,,,,
3336,111.3112,,,,,,
3337,111.3446,,,,,,
3338,111.3779,220.6,337.5,235.4,347.0,0.2676,0
3339,111.4113,,,,,,
3340,111.4447,201.9,341.8,218.7,351.3,0.1795,0
3341,111.478,191.1,343.9,210.6,351.8,0.1306,0
3342,111.5114,,,,,,
3343,111.5448,,,,,,
3344,111.5781,,,,,,
3345,111.6115,,,,,,
3346,111.6449,,,,,,
3347,111.6782,,,,,,
3348,111.7116,,,,,,
3349,111.745,,,,,,
3350,111.7783,,,,,,
3351,111.8117,,,,,,
3352,111.8451,,,,,,
3353,111.8784,,,,,,
3354,111.9118,,,,,,
3355,111.9452,,,,,,
3356,111.9785,,,,,,
3357,112.0119,,,,,,
3358,112.0453,,,,,,
3359,112.0786,,,,,,
3360,112.112,204.5,338.4,222.5,349.1,0.2065,0
3361,112.1454,214.0,334.1,231.2,345.4,0.2729,0
3362,112.1787,223.7,325.5,240.7,338.3,0.2699,0
3363,112.2121,,,,,,
3364,112.2455,,,,,,
3365,112.2788,,,,,,
3366,112.3122,,,,,,
3367,112.3456,,,,,,
3368,112.3789,,,,,,
3369,112.4123,,,,,,
3370,112.4457,,,,,,
3371,112.479,,,,,,
3372,112.5124,,,,,,
3373,112.5458,,,,,,
3374,112.5791,,,,,,
3375,112.6125,,,,,,
3376,112.6459,,,,,,
3377,112.6792,,,,,,
3378,112.7126,,,,,,
3379,112.746,,,,,,
3380,112.7793,,,,,,
3381,112.8127,0.0,239.8,28.2,272.0,0.4022,1
3382,112.8461,,,,,,
3383,112.8794,,,,,,
3384,112.9128,,,,,,
3385,112.9462,,,,,,
3386,112.9795,0.0,253.3,21.8,288.6,0.1739,1
3387,113.0129,,,,,,
3388,113.0463,,,,,,
3389,113.0796,,,,,,
3390,113.113,,,,,,
3391,113.1464,,,,,,
3392,113.1797,,,,,,
3393,113.2131,,,,,,
3394,113.2465,,,,,,
3395,113.2798,,,,,,
3396,113.3132,,,,,,
3397,113.3466,,,,,,
3398,113.3799,,,,,,
3399,113.4133,,,,,,
3400,113.4467,,,,,,
3401,113.48,,,,,,
3402,113.5134,,,,,,
3403,113.5468,,,,,,
3404,113.5801,,,,,,
3405,113.6135,,,,,,
3406,113.6469,,,,,,
3407,113.6802,,,,,,
3408,113.7136,,,,,,
3409,113.747,,,,,,
3410,113.7803,,,,,,
3411,113.8137,,,,,,
3412,113.8471,,,,,,
3413,113.8804,,,,,,
3414,113.9138,,,,,,
3415,113.9472,,,,,,
3416,113.9805,,,,,,
3417,114.0139,,,,,,
3418,114.0473,,,,,,
3419,114.0806,,,,,,
3420,114.114,,,,,,
3421,114.1474,,,,,,
3422,114.1807,,,,,,
3423,114.2141,,,,,,
3424,114.2475,,,,,,
3425,114.2808,,,,,,
3426,114.3142,,,,,,
3427,114.3476,,,,,,
3428,114.3809,,,,,,
3429,114.4143,,,,,,
3430,114.4477,,,,,,
3431,114.481,,,,,,
3432,114.5144,,,,,,
3433,114.5478,327.4,262.0,345.5,278.0,0.1683,0
3434,114.5811,337.2,269.9,357.0,284.7,0.1058,0
3435,114.6145,,,,,,
3436,114.6479,106.0,276.6,143.4,296.3,0.5628,0
3436,114.6479,105.1,276.9,143.6,300.7,0.3888,0
3437,114.6812,137.1,257.1,176.8,288.1,0.482,0
3438,114.7146,171.0,233.8,211.6,268.0,0.1671,0
3439,114.748,466.3,196.1,499.5,221.9,0.6504,0
3439,114.748,204.1,217.7,239.1,247.5,0.5399,0
3439,114.748,204.4,217.9,237.9,244.5,0.1943,0
3440,114.7813,228.1,209.2,247.5,242.4,0.2191,0
3441,114.8147,,,,,,
3442,114.8481,,,,,,
3443,114.8814,,,,,,
3444,114.9148,,,,,,
3445,114.9482,224.2,227.5,242.2,268.7,0.1046,0
3446,114.9815,,,,,,
3447,115.0149,218.5,232.8,237.3,270.4,0.1201,0
3448,115.0483,,,,,,
3449,115.0816,,,,,,
3450,115.115,,,,,,
3451,115.1484,439.1,250.6,462.5,269.5,0.4019,0
3452,115.1817,419.1,262.0,446.6,281.1,0.2232,0
3453,115.2151,401.9,272.1,429.1,289.8,0.3524,0
3453,115.2151,136.2,293.7,163.9,319.7,0.1424,0
3454,115.2485,389.2,280.5,411.7,292.9,0.1105,0
3455,115.2818,,,,,,
3456,115.3152,,,,,,
3457,115.3486,,,,,,
3458,115.3819,,,,,,
3459,115.4153,,,,,,
3460,115.4487,,,,,,
3461,115.482,,,,,,
3462,115.5154,59.8,289.7,76.7,325.2,0.1718,0
3463,115.5488,,,,,,
3464,115.5821,,,,,,
3465,115.6155,,,,,,
3466,115.6489,,,,,,
3467,115.6822,,,,,,
3468,115.7156,,,,,,
3469,115.749,,,,,,
3470,115.7823,77.8,278.3,93.6,312.2,0.1184,0
3471,115.8157,,,,,,
3472,115.8491,,,,,,
3473,115.8824,619.2,106.8,631.3,126.7,0.125,0
3474,115.9158,,,,,,
3475,115.9492,,,,,,
3476,115.9825,,,,,,
3477,116.0159,,,,,,
3478,116.0493,68.0,285.7,86.3,319.5,0.109,0
3479,116.0826,,,,,,
3480,116.116,,,,,,
3481,116.1494,,,,,,
3482,116.1827,,,,,,
3483,116.2161,,,,,,
3484,116.2495,,,,,,
3485,116.2828,,,,,,
3486,116.3162,,,,,,
3487,116.3496,,,,,,
3488,116.3829,,,,,,
3489,116.4163,,,,,,
3490,116.4497,,,,,,
3491,116.483,,,,,,
3492,116.5164,,,,,,
3493,116.5498,,,,,,
3494,116.5831,,,,,,
3495,116.6165,,,,,,
3496,116.6499,,,,,,
3497,116.6832,,,,,,
3498,116.7166,,,,,,
3499,116.75,,,,,,
3500,116.7833,,,,,,
3501,116.8167,,,,,,
3502,116.8501,,,,,,
3503,116.8834,,,,,,
3504,116.9168,,,,,,
3505,116.9502,,,,,,
3506,116.9835,,,,,,
3507,117.0169,,,,,,
3508,117.0503,,,,,,
3509,117.0836,,,,,,
3510,117.117,,,,,,
3511,117.1504,,,,,,
3512,117.1837,,,,,,
3513,117.2171,,,,,,
3514,117.2505,,,,,,
3515,117.2838,,,,,,
3516,117.3172,,,,,,
3517,117.3506,,,,,,
3518,117.3839,,,,,,
3519,117.4173,,,,,,
3520,117.4507,,,,,,
3521,117.484,,,,,,
3522,117.5174,,,,,,
3523,117.5508,,,,,,
3524,117.5841,82.0,271.8,102.4,309.9,0.1055,0
3525,117.6175,,,,,,
3526,117.6509,,,,,,
3527,117.6842,,,,,,
3528,117.7176,,,,,,
3529,117.751,,,,,,
3530,117.7843,,,,,,
3531,117.8177,,,,,,
3532,117.8511,315.4,278.5,342.9,293.5,0.2509,0
3532,117.8511,46.5,296.0,78.1,316.5,0.1663,0
3533,117.8844,14.2,305.4,54.8,327.2,0.4314,0
3534,117.9178,238.7,295.7,289.1,317.7,0.2158,0
3535,117.9512,,,,,,
3536,117.9845,,,,,,
3537,118.0179,,,,,,
3538,118.0513,,,,,,
3539,118.0846,,,,,,
3540,118.118,,,,,,
3541,118.1514,,,,,,
3542,118.1847,,,,,,
3543,118.2181,,,,,,
3544,118.2515,,,,,,
3545,118.2848,,,,,,
3546,118.3182,,,,,,
3547,118.3516,,,,,,
3548,118.3849,,,,,,
3549,118.4183,,,,,,
3550,118.4517,,,,,,
3551,118.485,,,,,,
3552,118.5184,,,,,,
3553,118.5518,,,,,,
3554,118.5851,,,,,,
3555,118.6185,,,,,,
3556,118.6519,,,,,,
3557,118.6852,,,,,,
3558,118.7186,,,,,,
3559,118.752,,,,,,
3560,118.7853,7.4,1.4,599.0,173.3,0.4641,1
3561,118.8187,16.4,1.3,592.6,172.4,0.1192,1
3562,118.8521,15.2,1.4,594.0,175.5,0.1538,1
3563,118.8854,,,,,,
3564,118.9188,,,,,,
3565,118.9522,,,,,,
3566,118.9855,,,,,,
3567,119.0189,,,,,,
3568,119.0523,284.7,329.6,303.4,340.8,0.1782,0
3569,119.0856,29.3,343.9,58.2,351.8,0.1233,0
3570,119.119,38.7,338.8,67.0,351.7,0.2035,0
3571,119.1524,56.2,334.1,78.7,350.6,0.1508,0
3572,119.1857,324.3,316.1,345.1,325.8,0.1242,0
3573,119.2191,,,,,,
3574,119.2525,,,,,,
3575,119.2858,,,,,,
3576,119.3192,,,,,,
3577,119.3526,,,,,,
3578,119.3859,,,,,,
3579,119.4193,,,,,,
3580,119.4527,,,,,,
3581,119.486,,,,,,
3582,119.5194,,,,,,
3583,119.5528,,,,,,
3584,119.5861,,,,,,
3585,119.6195,4.6,121.2,12.9,132.3,0.138,0
3586,119.6529,163.7,329.2,180.6,350.6,0.3922,0
3586,119.6529,0.5,125.2,11.3,136.7,0.3821,0
3587,119.6862,154.0,332.9,176.7,351.0,0.5943,0
3587,119.6862,396.3,320.6,412.8,331.1,0.1522,0
3588,119.7196,151.4,334.2,172.1,351.8,0.3809,0
3588,119.7196,146.2,337.5,188.5,351.8,0.1347,0
3588,119.7196,151.0,336.6,171.1,351.6,0.1092,0
3589,119.753,153.4,333.0,174.5,351.4,0.4278,0
3590,119.7863,156.5,328.8,176.4,351.4,0.3994,0
3591,119.8197,,,,,,
3592,119.8531,,,,,,
3593,119.8864,147.8,323.2,166.7,349.2,0.1975,0
3593,119.8864,147.5,323.5,166.7,350.9,0.1516,0
3594,119.9198,145.3,316.8,164.4,349.7,0.1456,0
3595,119.9532,147.5,303.6,165.7,342.7,0.1214,0
3596,119.9865,,,,,,
3597,120.0199,,,,,,
3598,120.0533,,,,,,
3599,120.0866,,,,,,
3600,120.12,,,,,,
3601,120.1534,,,,,,
3602,120.1867,5.6,0.0,553.0,132.7,0.2571,1
3603,120.2201,11.1,0.0,552.3,127.6,0.1364,1
3604,120.2535,,,,,,
3605,120.2868,,,,,,
3606,120.3202,,,,,,
3607,120.3536,,,,,,
3608,120.3869,216.6,270.9,239.3,285.7,0.1185,0
3609,120.4203,226.9,270.8,250.0,284.2,0.3154,0
3610,120.4537,,,,,,
3611,120.487,257.5,258.9,295.2,276.5,0.8573,0
3612,120.5204,287.4,245.0,334.9,266.6,0.8923,0
3613,120.5538,325.2,235.3,368.6,254.4,0.8422,0
3614,120.5871,360.1,225.2,400.5,248.0,0.3896,0
3615,120.6205,572.0,192.1,599.4,212.4,0.1099,0
3616,120.6539,0.0,0.0,569.1,75.5,0.717,1
3617,120.6872,,,,,,
3618,120.7206,,,,,,
3619,120.754,,,,,,
3620,120.7873,,,,,,
3621,120.8207,,,,,,
3622,120.8541,,,,,,
3623,120.8874,,,,,,
3624,120.9208,,,,,,
3625,120.9542,488.2,230.6,505.9,244.8,0.187,0
3626,120.9875,494.7,231.3,512.3,245.7,0.201,0
3627,121.0209,500.9,231.2,522.3,245.9,0.1085,0
3628,121.0543,512.2,230.4,533.3,244.8,0.385,0
3629,121.0876,522.1,231.2,542.2,245.4,0.4723,0
3630,121.121,529.9,231.5,551.0,246.0,0.1444,0
3631,121.1544,,,,,,
3632,121.1877,,,,,,
3633,121.2211,,,,,,
3634,121.2545,,,,,,
3635,121.2878,,,,,,
3636,121.3212,,,,,,
3637,121.3546,,,,,,
3638,121.3879,13.0,78.2,35.4,92.8,0.4137,0
3639,121.4213,479.8,124.8,499.7,137.8,0.1052,0
3640,121.4547,,,,,,
3641,121.488,,,,,,
3642,121.5214,,,,,,
3643,121.5548,,,,,,
3644,121.5881,,,,,,
3645,121.6215,,,,,,
3646,121.6549,439.9,124.0,457.3,134.2,0.1354,0
3647,121.6882,430.8,125.1,448.6,135.3,0.1672,0
3648,121.7216,,,,,,
3649,121.755,,,,,,
3650,121.7883,,,,,,
3651,121.8217,400.5,123.5,417.2,134.7,0.1355,0
3652,121.8551,,,,,,
3653,121.8884,,,,,,
3654,121.9218,,,,,,
3655,121.9552,,,,,,
3656,121.9885,,,,,,
3657,122.0219,,,,,,
3658,122.0553,,,,,,
3659,122.0886,361.1,115.4,377.3,126.2,0.1063,0
3660,122.122,352.2,116.5,371.4,128.5,0.1614,0
3661,122.1554,,,,,,
3662,122.1887,,,,,,
3663,122.2221,,,,,,
3664,122.2555,,,,,,
3665,122.2888,,,,,,
3666,122.3222,,,,,,
3667,122.3556,,,,,,
3668,122.3889,,,,,,
3669,122.4223,,,,,,
3670,122.4557,,,,,,
3671,122.489,,,,,,
3672,122.5224,,,,,,
3673,122.5558,,,,,,
3674,122.5891,,,,,,
3675,122.6225,,,,,,
3676,122.6559,,,,,,
3677,122.6892,,,,,,
3678,122.7226,,,,,,
3679,122.756,235.3,293.5,370.7,352.0,0.1034,1
3680,122.7893,,,,,,
3681,122.8227,,,,,,
3682,122.8561,,,,,,
3683,122.8894,,,,,,
3684,122.9228,,,,,,
3685,122.9562,,,,,,
3686,122.9895,,,,,,
3687,123.0229,,,,,,
3688,123.0563,,,,,,
3689,123.0896,21.3,0.2,605.9,120.0,0.2374,1
3690,123.123,22.4,0.2,627.6,117.9,0.4414,1
3691,123.1564,,,,,,
3692,123.1897,,,,,,
3693,123.2231,,,,,,
3694,123.2565,11.9,2.0,627.5,146.6,0.4916,1
3695,123.2898,25.8,119.5,48.1,137.9,0.1349,0
3695,123.2898,24.8,117.3,48.3,137.8,0.1342,0
3696,123.3232,31.3,110.3,53.8,131.4,0.3725,0
3697,123.3566,35.4,103.2,56.0,124.3,0.2528,0
3698,123.3899,38.2,92.8,60.8,113.6,0.182,0
3699,123.4233,49.8,80.1,70.2,103.0,0.1478,0
3700,123.4567,0.5,142.9,30.1,160.5,0.4919,0
3700,123.4567,0.2,144.4,29.9,161.0,0.3773,0
3701,123.49,,,,,,
3702,123.5234,,,,,,
3703,123.5568,,,,,,
3704,123.5901,,,,,,
3705,123.6235,,,,,,
3706,123.6569,,,,,,
3707,123.6902,,,,,,
3708,123.7236,164.9,62.4,177.9,74.6,0.1536,0
3709,123.757,157.1,66.1,172.1,81.1,0.2632,0
3710,123.7903,,,,,,
3711,123.8237,,,,,,
3712,123.8571,,,,,,
3713,123.8904,,,,,,
3714,123.9238,,,,,,
3715,123.9572,,,,,,
3716,123.9905,,,,,,
3717,124.0239,,,,,,
3718,124.0573,,,,,,
3719,124.0906,,,,,,
3720,124.124,,,,,,
3721,124.1574,,,,,,
3722,124.1907,,,,,,
3723,124.2241,,,,,,
3724,124.2575,,,,,,
3725,124.2908,,,,,,
3726,124.3242,447.5,145.1,469.7,155.2,0.1221,0
3727,124.3576,,,,,,
3728,124.3909,,,,,,
3729,124.4243,,,,,,
3730,124.4577,380.3,152.1,409.1,165.7,0.1235,0
3731,124.491,,,,,,
3732,124.5244,,,,,,
3733,124.5578,,,,,,
3734,124.5911,,,,,,
3735,124.6245,,,,,,
3736,124.6579,,,,,,
3737,124.6912,,,,,,
3738,124.7246,,,,,,
3739,124.758,,,,,,
3740,124.7913,,,,,,
3741,124.8247,280.7,210.2,304.4,223.9,0.4062,0
3742,124.8581,252.6,217.9,285.3,235.2,0.4264,0
3743,124.8914,,,,,,
3744,124.9248,,,,,,
3745,124.9582,12.1,1.3,589.5,175.7,0.2416,1
3746,124.9915,,,,,,
3747,125.0249,,,,,,
3748,125.0583,,,,,,
3749,125.0916,,,,,,
3750,125.125,,,,,,
3751,125.1584,,,,,,
3752,125.1917,297.0,163.6,322.7,173.4,0.1344,0
3752,125.1917,296.9,161.7,324.6,172.9,0.1166,0
3753,125.2251,,,,,,
3754,125.2585,276.6,163.0,308.8,174.7,0.1958,0
3755,125.2918,,,,,,
3756,125.3252,254.4,161.8,293.4,175.6,0.4856,0
3757,125.3586,,,,,,
3758,125.3919,,,,,,
3759,125.4253,,,,,,
3760,125.4587,,,,,,
