frame,time_s,x1,y1,x2,y2,conf,cls
0,0.0,58.9,1.3,364.2,171.0,0.7576,0
1,0.0334,56.7,1.6,351.1,169.2,0.8938,0
2,0.0667,65.1,0.7,349.6,169.7,0.9111,0
2,0.0667,18.9,115.1,80.7,177.4,0.1508,0
3,0.1001,62.7,0.7,350.6,170.1,0.906,0
4,0.1335,67.2,1.0,356.9,169.3,0.9328,0
4,0.1335,62.2,1.4,355.1,168.8,0.9072,0
5,0.1668,55.2,1.0,358.7,170.0,0.9034,0
5,0.1668,46.8,1.0,356.7,170.5,0.4949,0
6,0.2002,58.6,2.3,364.6,169.8,0.9351,0
7,0.2336,47.7,1.2,352.8,169.9,0.8954,0
7,0.2336,28.7,1.0,353.9,170.2,0.7902,0
8,0.2669,31.5,1.4,356.7,172.0,0.9283,0
8,0.2669,42.3,1.6,355.5,168.8,0.3959,0
9,0.3003,68.6,2.2,360.6,168.8,0.8889,0
10,0.3337,87.9,2.0,362.6,168.1,0.9292,0
11,0.367,95.4,1.6,369.2,166.5,0.9282,0
12,0.4004,75.2,1.7,361.3,166.7,0.9169,0
13,0.4338,61.0,1.3,353.9,166.7,0.8925,0
14,0.4671,34.1,0.7,347.2,168.9,0.8136,0
14,0.4671,32.2,0.4,347.7,168.9,0.1913,0
15,0.5005,52.9,1.6,351.7,168.4,0.8783,0
16,0.5339,41.0,1.5,355.9,169.7,0.8481,0
16,0.5339,57.9,1.4,357.8,168.5,0.8113,0
17,0.5672,98.6,2.7,358.1,167.7,0.9383,0
18,0.6006,60.3,1.0,363.6,168.7,0.9194,0
19,0.634,78.9,1.3,357.9,168.1,0.9388,0
20,0.6673,72.0,1.7,357.3,168.9,0.9105,0
21,0.7007,90.9,0.9,356.9,169.5,0.9259,0
22,0.7341,72.5,1.3,353.4,169.0,0.8742,0
23,0.7674,68.3,1.3,358.3,168.6,0.9173,0
24,0.8008,72.5,1.3,362.8,168.7,0.8998,0
25,0.8342,57.6,1.3,362.2,167.4,0.9075,0
26,0.8675,48.2,0.6,366.4,167.8,0.766,0
27,0.9009,85.7,1.2,361.7,168.1,0.7717,0
27,0.9009,78.9,1.4,360.9,167.4,0.2262,0
28,0.9343,85.3,1.4,361.9,167.4,0.8965,0
29,0.9676,35.7,1.6,362.6,186.2,0.9163,0
30,1.001,59.4,0.8,366.5,168.8,0.8618,0
31,1.0344,33.2,0.9,372.4,170.0,0.4932,0
32,1.0677,41.9,3.1,361.6,169.4,0.6973,0
33,1.1011,57.4,2.6,354.2,168.7,0.8957,0
33,1.1011,63.3,2.6,354.0,167.1,0.6089,0
34,1.1345,70.6,0.8,354.9,167.9,0.8833,0
35,1.1678,64.6,1.1,356.6,168.5,0.9131,0
36,1.2012,57.0,0.7,365.3,169.0,0.6329,0
36,1.2012,51.1,1.2,365.0,169.4,0.226,0
37,1.2346,44.4,2.2,360.7,170.8,0.6159,0
38,1.2679,64.2,1.4,363.0,167.4,0.7717,0
38,1.2679,62.3,1.5,363.2,167.3,0.1649,0
39,1.3013,58.0,0.7,367.1,168.4,0.8923,0
40,1.3347,60.6,1.0,359.7,170.7,0.7448,0
41,1.368,58.7,1.8,350.6,169.0,0.7766,0
42,1.4014,59.0,1.7,348.3,169.0,0.4877,0
43,1.4348,51.9,1.3,350.6,169.6,0.9237,0
44,1.4681,54.2,3.8,363.4,168.1,0.9241,0
45,1.5015,54.8,1.3,369.1,168.0,0.9129,0
46,1.5349,72.1,2.4,364.2,167.2,0.189,0
47,1.5682,57.5,1.1,352.8,169.7,0.8226,0
47,1.5682,61.2,1.2,352.2,168.0,0.8027,0
48,1.6016,70.3,1.1,350.9,166.2,0.9477,0
49,1.635,79.4,1.4,354.0,166.3,0.9314,0
50,1.6683,43.8,0.9,353.9,172.8,0.9235,0
51,1.7017,41.2,1.5,356.4,169.2,0.935,0
51,1.7017,55.1,1.4,356.5,167.5,0.1972,0
52,1.7351,64.1,2.1,352.2,167.2,0.8893,0
52,1.7351,44.5,1.9,351.5,169.0,0.8183,0
53,1.7684,52.8,1.4,354.3,169.8,0.8664,0
54,1.8018,56.3,3.0,354.3,168.6,0.8998,0
55,1.8352,109.5,3.6,359.7,166.2,0.9142,0
56,1.8685,103.0,2.1,361.0,167.2,0.9457,0
57,1.9019,65.3,1.9,362.3,166.5,0.8799,0
58,1.9353,63.1,2.4,361.2,167.4,0.7716,0
59,1.9686,45.6,2.0,360.5,168.3,0.8711,0
60,2.002,66.1,0.9,355.7,166.9,0.9245,0
61,2.0354,65.6,1.5,355.7,167.8,0.9136,0
61,2.0354,64.4,1.0,357.5,168.5,0.2522,0
62,2.0687,56.9,1.5,360.3,168.0,0.8816,0
63,2.1021,98.0,1.3,371.8,166.4,0.9489,0
64,2.1355,80.4,1.3,353.5,166.7,0.9191,0
65,2.1688,87.9,1.8,353.8,166.7,0.9317,0
66,2.2022,54.1,1.1,356.7,167.4,0.8717,0
66,2.2022,47.2,1.7,356.6,168.2,0.3697,0
67,2.2356,52.1,1.1,359.5,167.8,0.7154,0
67,2.2356,48.7,1.4,358.8,168.6,0.3462,0
68,2.2689,44.7,2.0,357.1,167.4,0.9384,0
69,2.3023,40.3,1.2,359.9,169.8,0.9396,0
69,2.3023,45.7,2.5,359.6,168.2,0.135,0
70,2.3357,43.6,1.2,365.8,169.3,0.5943,0
70,2.3357,44.8,1.6,364.0,168.1,0.2018,0
71,2.369,49.3,1.2,358.5,168.4,0.912,0
72,2.4024,65.5,0.9,356.3,167.3,0.8766,0
73,2.4358,85.7,0.9,354.1,167.1,0.8135,0
73,2.4358,75.8,1.2,353.5,166.1,0.1322,0
74,2.4691,77.1,1.3,366.2,166.4,0.8956,0
75,2.5025,102.4,1.8,369.7,165.9,0.9089,0
75,2.5025,72.8,1.6,371.2,166.4,0.2477,0
76,2.5359,79.6,1.2,358.4,167.5,0.9005,0
77,2.5692,65.0,1.4,359.6,168.8,0.9287,0
78,2.6026,121.0,1.4,356.6,164.7,0.9278,0
79,2.636,69.2,1.1,361.3,167.8,0.9354,0
80,2.6693,70.4,1.2,358.9,167.7,0.8964,0
81,2.7027,59.2,1.2,363.0,168.6,0.8706,0
82,2.7361,63.9,1.8,358.3,169.8,0.6042,0
82,2.7361,71.4,1.1,358.5,168.5,0.1402,0
83,2.7694,34.5,1.6,358.3,170.7,0.932,0
84,2.8028,21.0,1.6,357.9,170.6,0.8843,0
84,2.8028,39.0,1.2,357.9,168.2,0.2681,0
85,2.8362,43.6,1.0,354.0,171.3,0.9083,0
86,2.8695,48.9,1.2,356.0,169.6,0.8174,0
87,2.9029,65.6,1.9,369.4,166.5,0.9096,0
88,2.9363,87.3,0.9,373.3,165.8,0.9392,0
89,2.9696,37.4,1.5,357.1,169.4,0.8773,0
90,3.003,62.0,1.1,359.0,166.6,0.4827,0
91,3.0364,76.2,1.5,370.6,166.6,0.5436,0
91,3.0364,64.6,2.0,369.6,168.6,0.1929,0
92,3.0697,59.6,1.3,352.7,169.4,0.9283,0
93,3.1031,56.1,0.9,351.6,168.8,0.9411,0
94,3.1365,46.6,1.5,356.4,170.0,0.7361,0
94,3.1365,51.4,1.7,355.7,168.0,0.6213,0
95,3.1698,96.5,0.9,357.4,167.2,0.9393,0
96,3.2032,53.9,1.9,366.6,169.2,0.9358,0
97,3.2366,66.8,0.8,372.6,167.8,0.9382,0
98,3.2699,65.2,1.6,362.8,171.6,0.8257,0
99,3.3033,71.4,1.4,348.8,168.1,0.9079,0
100,3.3367,62.4,1.8,356.7,168.1,0.9017,0
101,3.37,55.5,3.2,362.8,167.9,0.9467,0
102,3.4034,71.9,0.8,366.6,167.9,0.7734,0
102,3.4034,68.9,0.8,366.0,167.3,0.1465,0
103,3.4368,77.4,0.9,375.5,167.5,0.9315,0
104,3.4701,72.9,1.7,361.4,170.9,0.9433,0
105,3.5035,97.3,1.3,362.9,169.8,0.9406,0
106,3.5369,95.6,1.9,353.1,167.3,0.9338,0
107,3.5702,80.2,0.5,352.7,167.7,0.941,0
108,3.6036,77.2,0.8,350.5,167.6,0.9302,0
109,3.637,85.4,1.5,354.5,166.7,0.9063,0
110,3.6703,52.7,1.3,358.3,168.8,0.8787,0
111,3.7037,66.7,1.6,353.6,167.2,0.8696,0
112,3.7371,73.9,1.3,357.4,166.8,0.9316,0
112,3.7371,65.6,1.4,356.1,166.5,0.5598,0
113,3.7704,61.7,2.1,354.8,168.1,0.8202,0
114,3.8038,60.2,1.3,356.7,167.8,0.9379,0
115,3.8372,72.2,1.4,357.0,168.6,0.5485,0
115,3.8372,60.5,1.6,356.8,168.2,0.4689,0
116,3.8705,63.5,0.8,360.2,169.1,0.8751,0
117,3.9039,52.2,1.1,360.2,171.0,0.8674,0
118,3.9373,49.8,1.3,358.1,169.7,0.9196,0
119,3.9706,53.1,1.3,355.9,168.5,0.9351,0
120,4.004,69.8,1.0,357.4,168.4,0.951,0
121,4.0374,61.8,0.7,362.0,169.1,0.3224,0
121,4.0374,97.1,0.9,362.6,166.9,0.2929,0
122,4.0707,60.3,1.8,363.0,167.9,0.9383,0
122,4.0707,92.4,1.3,363.1,166.3,0.6261,0
123,4.1041,110.1,1.8,360.6,166.5,0.8967,0
124,4.1375,83.3,2.8,354.0,168.7,0.9,0
124,4.1375,108.7,3.5,353.8,165.9,0.686,0
125,4.1708,69.8,2.6,359.9,166.9,0.9534,0
126,4.2042,105.8,1.2,361.0,165.5,0.9374,0
127,4.2376,62.5,0.9,354.4,169.6,0.9466,0
128,4.2709,69.0,0.7,356.1,168.9,0.9498,0
129,4.3043,57.9,0.7,359.0,168.4,0.5914,0
130,4.3377,51.0,0.8,363.0,169.5,0.4202,0
130,4.3377,59.7,0.5,363.6,168.6,0.3788,0
131,4.371,63.8,1.6,371.1,168.8,0.9345,0
132,4.4044,68.1,1.1,374.7,168.1,0.7762,0
133,4.4378,70.8,1.6,371.1,168.5,0.5987,0
133,4.4378,67.2,1.1,368.0,169.6,0.3121,0
134,4.4711,93.3,1.5,366.8,169.1,0.939,0
135,4.5045,67.3,0.7,362.1,168.1,0.9532,0
136,4.5379,66.4,0.8,361.8,167.8,0.7916,0
137,4.5712,61.2,0.6,358.5,169.2,0.8629,0
138,4.6046,46.5,0.7,361.3,172.0,0.4339,0
138,4.6046,53.4,0.5,361.1,170.4,0.2327,0
139,4.638,101.2,1.5,362.3,166.5,0.8087,0
139,4.638,56.3,1.5,363.6,174.0,0.4585,0
140,4.6713,54.5,1.4,365.4,171.6,0.9283,0
141,4.7047,102.5,0.9,369.4,165.4,0.9332,0
142,4.7381,115.1,0.8,380.0,163.9,0.938,0
143,4.7714,100.2,1.3,382.9,164.7,0.9139,0
144,4.8048,82.3,0.9,384.3,166.6,0.8714,0
145,4.8382,84.4,1.0,388.0,166.6,0.8964,0
146,4.8715,62.9,1.0,377.0,167.2,0.8415,0
147,4.9049,73.6,0.7,378.4,165.4,0.7656,0
148,4.9383,59.6,0.8,375.5,166.9,0.5799,0
149,4.9716,39.0,0.5,370.8,165.7,0.8635,0
150,5.005,48.2,0.6,368.0,167.1,0.8623,0
151,5.0384,35.6,1.1,359.8,173.8,0.9026,0
152,5.0717,49.6,1.1,369.5,174.3,0.8585,0
153,5.1051,107.9,0.9,366.4,165.7,0.9012,0
154,5.1385,64.4,1.2,365.2,169.2,0.8767,0
154,5.1385,91.6,1.0,363.2,165.9,0.3498,0
155,5.1718,59.2,0.9,361.2,168.2,0.6517,0
156,5.2052,82.6,0.5,360.5,165.8,0.5154,0
157,5.2386,60.3,1.7,363.5,168.9,0.8751,0
158,5.2719,47.7,0.7,361.2,169.8,0.7055,0
159,5.3053,36.8,1.6,370.0,179.2,0.5079,0
159,5.3053,37.7,1.1,370.3,170.3,0.1719,0
160,5.3387,90.6,2.0,372.7,166.2,0.9005,0
161,5.372,82.5,0.6,375.3,166.1,0.8802,0
162,5.4054,116.0,0.9,371.7,164.8,0.9347,0
163,5.4388,60.2,0.7,370.9,168.7,0.8945,0
164,5.4721,42.4,1.0,358.4,171.0,0.9256,0
165,5.5055,68.0,0.7,361.5,169.0,0.8867,0
166,5.5389,104.4,0.6,376.3,165.9,0.9263,0
167,5.5722,98.2,0.5,373.3,165.1,0.9065,0
168,5.6056,78.9,0.5,362.7,174.4,0.9327,0
169,5.639,21.6,1.0,369.9,181.2,0.7992,0
170,5.6723,64.4,1.6,361.1,171.0,0.8527,0
171,5.7057,92.6,0.4,357.6,169.2,0.9465,0
172,5.7391,92.6,1.7,350.5,167.3,0.9389,0
173,5.7724,84.4,1.7,355.6,168.9,0.7144,0
173,5.7724,87.3,1.9,355.7,168.7,0.2212,0
174,5.8058,101.0,0.7,356.1,167.1,0.4335,0
175,5.8392,114.6,1.0,362.4,167.4,0.9325,0
176,5.8725,103.7,0.9,371.3,166.0,0.9287,0
177,5.9059,101.1,1.7,372.9,166.9,0.9221,0
178,5.9393,87.3,1.1,370.4,167.1,0.8999,0
179,5.9726,65.3,1.2,375.8,168.3,0.8667,0
180,6.006,76.0,0.8,376.3,165.0,0.9246,0
181,6.0394,53.4,0.6,367.4,166.3,0.62,0
181,6.0394,52.1,1.2,363.9,167.9,0.1616,0
182,6.0727,47.6,1.1,356.1,169.8,0.8749,0
183,6.1061,97.1,2.1,363.0,166.3,0.9324,0
184,6.1395,71.5,0.9,361.1,166.3,0.9284,0
185,6.1728,67.8,0.6,364.3,167.9,0.9173,0
186,6.2062,54.3,0.9,357.9,168.7,0.883,0
186,6.2062,45.4,0.7,358.4,170.3,0.5916,0
187,6.2396,71.0,1.4,362.2,167.9,0.9283,0
188,6.2729,51.9,2.2,365.4,170.0,0.4641,0
188,6.2729,60.1,2.1,365.3,168.2,0.4112,0
189,6.3063,48.5,0.2,366.5,168.9,0.9337,0
190,6.3397,73.3,1.3,368.0,168.6,0.9149,0
191,6.373,77.9,0.5,359.1,168.2,0.91,0
192,6.4064,61.9,0.6,359.1,167.0,0.9286,0
193,6.4398,57.3,1.7,357.5,169.3,0.8238,0
194,6.4731,73.9,1.5,366.1,171.0,0.9417,0
195,6.5065,90.5,2.0,359.7,168.4,0.9134,0
196,6.5399,90.1,1.6,369.8,168.5,0.766,0
196,6.5399,76.9,1.5,370.1,171.0,0.1773,0
197,6.5732,48.4,0.9,375.3,171.3,0.7817,0
198,6.6066,45.8,1.1,377.3,169.9,0.9416,0
199,6.64,48.8,1.1,376.4,169.7,0.4127,0
199,6.64,58.3,1.3,378.1,169.3,0.1874,0
200,6.6733,53.9,0.8,367.7,168.9,0.8867,0
201,6.7067,48.4,0.8,373.3,168.4,0.59,0
201,6.7067,74.4,1.1,374.0,166.2,0.1718,0
202,6.7401,66.3,0.8,372.1,166.4,0.767,0
203,6.7734,67.1,2.1,376.6,166.9,0.9325,0
204,6.8068,100.6,1.7,379.9,165.0,0.9338,0
205,6.8402,96.3,1.4,378.3,165.3,0.9278,0
206,6.8735,69.8,0.9,367.9,167.1,0.4011,0
207,6.9069,51.8,2.2,355.0,168.6,0.8746,0
208,6.9403,70.6,1.4,364.6,167.7,0.9464,0
209,6.9736,55.3,1.6,359.2,167.6,0.8761,0
210,7.007,97.1,1.0,367.1,167.8,0.9519,0
211,7.0404,78.2,0.6,372.4,167.6,0.9092,0
211,7.0404,92.8,0.9,372.3,167.0,0.4627,0
212,7.0737,62.6,1.5,354.4,166.9,0.7865,0
212,7.0737,92.9,1.9,354.6,164.7,0.2289,0
213,7.1071,44.0,1.7,361.6,169.7,0.5723,0
213,7.1071,87.4,2.1,358.4,165.5,0.3509,0
214,7.1405,44.4,1.2,365.0,167.9,0.9297,0
215,7.1738,97.2,3.3,372.8,165.2,0.8997,0
215,7.1738,58.9,2.7,374.1,167.5,0.6741,0
216,7.2072,88.1,4.0,365.3,165.4,0.7529,0
217,7.2406,61.9,2.8,366.3,166.8,0.9349,0
217,7.2406,90.1,4.1,366.2,166.4,0.2602,0
218,7.2739,72.3,0.6,374.0,167.5,0.9395,0
219,7.3073,83.8,0.9,379.1,166.2,0.897,0
219,7.3073,69.2,1.5,377.9,166.9,0.2419,0
220,7.3407,106.2,2.4,377.0,164.9,0.8892,0
221,7.374,97.3,1.5,373.9,165.6,0.921,0
222,7.4074,52.4,0.6,369.5,168.1,0.717,0
223,7.4408,50.4,1.2,374.6,169.7,0.8937,0
223,7.4408,78.4,1.0,375.8,166.2,0.4775,0
224,7.4741,69.8,0.7,363.6,169.2,0.8667,0
224,7.4741,102.3,0.7,364.1,166.2,0.5927,0
225,7.5075,52.2,3.3,366.2,168.4,0.9326,0
226,7.5409,53.9,1.0,369.8,169.7,0.5422,0
226,7.5409,63.0,1.2,369.2,169.3,0.2331,0
227,7.5742,74.4,0.8,365.9,168.5,0.8833,0
228,7.6076,64.0,1.3,362.7,167.9,0.9157,0
229,7.641,89.4,0.9,359.0,167.8,0.936,0
230,7.6743,68.0,1.3,359.6,168.2,0.9143,0
231,7.7077,52.7,0.8,361.8,167.4,0.8937,0
232,7.7411,105.0,1.4,363.9,166.1,0.7035,0
233,7.7744,76.3,0.5,368.5,167.0,0.945,0
234,7.8078,101.6,2.1,368.4,164.8,0.932,0
235,7.8412,60.3,0.9,355.5,169.6,0.9096,0
236,7.8745,77.3,0.7,353.9,168.2,0.9153,0
237,7.9079,67.4,0.6,358.1,168.0,0.9286,0
238,7.9413,57.3,1.1,361.4,166.4,0.8884,0
239,7.9746,,,,,,
240,8.008,104.1,1.4,355.6,165.6,0.9455,0
241,8.0414,101.6,1.0,359.9,166.5,0.9566,0
242,8.0747,28.8,1.4,360.2,169.1,0.922,0
243,8.1081,45.6,1.1,359.6,168.6,0.9033,0
244,8.1415,65.6,0.5,360.8,168.0,0.9022,0
245,8.1748,63.9,2.5,354.6,167.9,0.9375,0
246,8.2082,47.0,1.7,348.5,168.9,0.8763,0
247,8.2416,53.3,1.3,352.6,168.8,0.4086,0
247,8.2416,42.2,1.7,355.4,171.1,0.3517,0
248,8.2749,117.7,1.1,356.4,165.1,0.9445,0
249,8.3083,113.2,2.1,363.9,165.8,0.9476,0
250,8.3417,74.3,1.2,353.9,169.7,0.9441,0
251,8.375,72.7,0.6,356.1,168.8,0.9492,0
252,8.4084,58.3,1.0,354.8,169.8,0.9021,0
253,8.4418,53.4,0.9,354.4,169.2,0.7671,0
253,8.4418,57.2,1.1,353.0,168.9,0.111,0
254,8.4751,67.9,0.7,351.8,168.0,0.9368,0
255,8.5085,116.1,0.9,353.5,166.3,0.8806,0
256,8.5419,114.7,1.3,353.9,166.4,0.8737,0
257,8.5752,111.7,1.9,364.4,166.5,0.9257,0
258,8.6086,113.9,0.8,362.1,164.9,0.9251,0
259,8.642,100.2,1.2,364.4,167.4,0.9305,0
260,8.6753,79.7,1.1,358.8,169.0,0.9325,0
261,8.7087,57.8,0.6,361.5,168.0,0.9196,0
262,8.7421,75.4,0.7,361.1,168.9,0.9109,0
263,8.7754,57.8,0.8,366.2,169.8,0.9244,0
264,8.8088,48.8,0.5,353.3,169.6,0.7755,0
264,8.8088,93.0,0.7,353.0,166.6,0.5858,0
265,8.8422,54.4,1.0,364.3,168.8,0.8558,0
265,8.8422,88.6,1.1,364.4,167.2,0.832,0
266,8.8755,39.5,1.7,369.5,168.9,0.7603,0
267,8.9089,93.5,0.6,366.9,167.1,0.8912,0
267,8.9089,62.7,0.8,367.1,168.8,0.4046,0
268,8.9423,94.6,0.4,353.2,167.5,0.9444,0
269,8.9756,80.1,0.8,344.0,169.6,0.9307,0
270,9.009,56.9,1.2,346.4,169.2,0.756,0
271,9.0424,61.2,0.1,349.9,167.6,0.9304,0
272,9.0757,72.2,0.9,348.3,169.3,0.9435,0
273,9.1091,71.8,0.9,358.0,169.7,0.9264,0
274,9.1425,99.6,0.9,354.2,168.6,0.9439,0
275,9.1758,95.4,0.8,353.9,168.3,0.9479,0
276,9.2092,76.9,0.8,355.7,166.8,0.9357,0
277,9.2426,84.8,0.5,357.3,166.9,0.9297,0
278,9.2759,54.1,0.6,359.7,172.7,0.6294,0
278,9.2759,56.2,0.6,359.8,170.4,0.2218,0
279,9.3093,55.3,0.7,366.3,169.6,0.8306,0
279,9.3093,50.4,0.8,365.7,169.9,0.1097,0
280,9.3427,109.3,1.1,357.1,166.6,0.932,0
281,9.376,106.9,1.0,356.7,166.4,0.8706,0
282,9.4094,98.0,1.2,360.6,166.6,0.863,0
283,9.4428,68.6,1.1,351.2,166.3,0.917,0
284,9.4761,96.8,1.2,354.7,167.5,0.7177,0
284,9.4761,93.5,3.2,353.8,166.1,0.3914,0
284,9.4761,13.8,20.6,192.7,176.6,0.1427,0
285,9.5095,94.8,1.5,354.9,168.5,0.9326,0
286,9.5429,99.2,0.6,360.1,167.9,0.941,0
287,9.5762,93.0,1.5,364.8,168.1,0.9431,0
288,9.6096,53.8,0.3,366.6,170.2,0.6559,0
289,9.643,47.9,1.0,367.4,169.7,0.9446,0
290,9.6763,24.7,0.8,361.3,171.7,0.8926,0
291,9.7097,39.7,1.4,360.1,169.6,0.1462,0
292,9.7431,63.5,1.5,362.0,169.1,0.3363,0
292,9.7431,76.1,1.3,360.9,169.3,0.2699,0
293,9.7764,50.4,0.9,354.6,169.8,0.9299,0
294,9.8098,43.4,1.0,356.0,169.7,0.9313,0
295,9.8432,64.4,1.8,355.0,168.7,0.9226,0
296,9.8765,56.4,0.8,355.3,169.8,0.8959,0
296,9.8765,61.0,0.7,356.2,168.8,0.6305,0
297,9.9099,63.7,0.8,361.1,167.1,0.9188,0
298,9.9433,66.3,0.6,360.4,166.8,0.8948,0
298,9.9433,57.7,0.7,363.1,167.0,0.321,0
299,9.9766,54.5,1.8,361.9,170.1,0.9057,0
300,10.01,80.0,1.4,361.5,170.3,0.9213,0
301,10.0434,53.9,1.0,360.0,169.7,0.7992,0
302,10.0767,52.2,1.1,361.6,168.7,0.9268,0
303,10.1101,72.1,1.2,358.3,168.6,0.8375,0
304,10.1435,100.0,0.7,361.0,168.1,0.6543,0
304,10.1435,92.9,0.9,361.1,168.2,0.1958,0
305,10.1768,64.4,1.0,356.5,171.1,0.9118,0
306,10.2102,103.4,1.3,354.2,166.8,0.8949,0
307,10.2436,111.1,1.9,354.2,166.3,0.9321,0
308,10.2769,56.9,2.0,360.5,169.2,0.8443,0
309,10.3103,90.8,1.3,360.1,169.3,0.9161,0
310,10.3437,66.4,1.2,364.6,171.8,0.9366,0
310,10.3437,98.1,1.4,363.8,166.4,0.7943,0
311,10.377,55.9,2.4,356.2,168.8,0.8369,0
312,10.4104,53.7,1.3,362.6,171.0,0.6415,0
312,10.4104,64.7,1.1,363.0,169.5,0.1152,0
313,10.4438,50.9,1.0,367.5,173.7,0.9193,0
314,10.4771,61.2,0.7,356.8,172.1,0.806,0
315,10.5105,78.3,1.0,356.9,169.0,0.8873,0
316,10.5439,61.5,1.3,360.4,167.4,0.9308,0
317,10.5772,61.1,1.1,353.2,166.6,0.918,0
318,10.6106,94.2,1.8,355.4,167.1,0.9343,0
319,10.644,96.9,1.0,359.9,167.1,0.9394,0
320,10.6773,74.8,2.8,361.5,167.2,0.7965,0
321,10.7107,84.1,1.7,355.2,167.0,0.9119,0
322,10.7441,40.4,2.2,357.6,170.3,0.8902,0
322,10.7441,57.3,2.3,357.4,167.2,0.1419,0
323,10.7774,80.3,1.1,359.4,167.0,0.9193,0
324,10.8108,77.2,1.3,359.6,166.5,0.8,0
325,10.8442,64.5,1.7,357.3,166.8,0.9295,0
326,10.8775,70.7,2.0,354.7,166.0,0.9141,0
327,10.9109,72.1,1.3,354.1,167.1,0.9105,0
328,10.9443,68.4,1.6,356.0,168.2,0.9251,0
329,10.9776,51.7,1.0,355.5,171.6,0.6224,0
329,10.9776,61.0,0.9,355.3,168.6,0.373,0
330,11.011,53.3,0.7,360.8,169.1,0.4648,0
330,11.011,42.3,1.2,360.4,170.5,0.2922,0
331,11.0444,69.0,1.2,361.7,167.2,0.8425,0
332,11.0777,87.0,1.7,357.3,167.2,0.9454,0
333,11.1111,74.1,0.6,354.2,166.7,0.1594,0
333,11.1111,65.2,0.5,353.4,165.8,0.1546,0
334,11.1445,63.1,2.5,354.9,166.4,0.2712,0
335,11.1778,43.1,1.2,354.4,168.5,0.8304,0
336,11.2112,54.2,2.0,355.9,168.0,0.9169,0
337,11.2446,67.3,1.0,358.9,167.6,0.9253,0
338,11.2779,68.3,0.9,365.9,168.3,0.7714,0
338,11.2779,63.8,1.2,364.8,168.3,0.1236,0
339,11.3113,80.0,0.9,374.6,167.4,0.9027,0
340,11.3447,94.0,0.9,370.1,165.7,0.923,0
341,11.378,97.5,1.7,357.4,166.9,0.9047,0
342,11.4114,82.2,1.0,359.2,167.7,0.9155,0
343,11.4448,80.1,0.8,374.1,167.1,0.8195,0
344,11.4781,106.1,1.6,384.7,164.4,0.9409,0
345,11.5115,50.9,1.2,363.2,172.3,0.8792,0
346,11.5449,53.8,2.2,370.2,170.0,0.9266,0
347,11.5782,63.4,1.5,369.8,168.8,0.9427,0
348,11.6116,72.3,1.5,355.1,168.1,0.9469,0
349,11.645,63.7,0.9,362.4,167.8,0.9157,0
350,11.6783,54.8,1.0,360.6,169.1,0.8121,0
351,11.7117,69.2,0.7,360.3,168.8,0.7816,0
352,11.7451,62.2,1.3,357.4,170.5,0.8747,0
353,11.7784,56.8,1.3,360.5,169.5,0.3627,0
353,11.7784,62.7,1.1,361.6,168.6,0.3328,0
354,11.8118,53.3,1.9,355.0,169.4,0.8659,0
355,11.8452,119.7,1.3,354.0,163.2,0.9008,0
356,11.8785,77.9,1.4,361.2,167.5,0.9229,0
357,11.9119,58.1,1.3,367.1,166.4,0.9273,0
358,11.9453,64.8,2.2,368.3,167.1,0.8847,0
359,11.9786,116.5,6.9,357.8,164.2,0.9158,0
360,12.012,76.7,1.3,354.0,168.4,0.9125,0
361,12.0454,84.8,2.6,356.6,167.9,0.9195,0
362,12.0787,103.8,1.5,364.0,165.1,0.9439,0
363,12.1121,74.4,2.5,362.3,166.9,0.8966,0
364,12.1455,72.7,2.4,357.7,166.5,0.8364,0
365,12.1788,62.6,1.3,355.3,166.9,0.9214,0
366,12.2122,62.2,1.9,356.3,167.4,0.4933,0
366,12.2122,68.4,1.5,357.3,167.3,0.2754,0
367,12.2456,52.7,1.2,364.4,169.4,0.6014,0
367,12.2456,57.9,1.2,364.7,168.8,0.1527,0
368,12.2789,55.6,2.7,362.0,167.9,0.8933,0
369,12.3123,32.7,1.0,353.4,169.7,0.9326,0
370,12.3457,76.3,1.1,355.9,168.5,0.6861,0
370,12.3457,61.1,1.3,355.3,168.8,0.2466,0
371,12.379,97.7,0.8,355.2,167.6,0.9401,0
372,12.4124,49.9,5.2,359.6,165.9,0.5093,0
372,12.4124,59.9,2.7,360.5,167.2,0.2663,0
373,12.4458,57.3,1.4,363.2,167.8,0.8489,0
374,12.4791,41.7,1.3,355.2,171.0,0.8992,0
375,12.5125,46.8,1.5,357.0,169.2,0.8733,0
376,12.5459,77.8,1.0,356.7,167.8,0.9193,0
377,12.5792,124.9,1.6,363.5,164.2,0.9322,0
378,12.6126,53.3,1.7,357.9,170.2,0.9231,0
379,12.646,42.5,1.8,364.1,168.0,0.7435,0
380,12.6793,62.5,0.8,359.5,168.7,0.9195,0
380,12.6793,57.0,1.0,360.1,168.8,0.2074,0
381,12.7127,54.4,2.1,355.4,167.3,0.9033,0
381,12.7127,61.7,2.2,356.1,167.5,0.5907,0
382,12.7461,90.2,1.3,363.0,168.0,0.9371,0
383,12.7794,63.8,2.7,370.2,167.5,0.9061,0
384,12.8128,40.8,2.7,372.0,172.9,0.9067,0
385,12.8462,49.6,1.4,363.0,173.1,0.726,0
386,12.8795,59.8,1.9,347.7,167.7,0.5094,0
387,12.9129,63.2,1.5,352.7,167.8,0.8908,0
388,12.9463,65.9,0.8,358.1,167.9,0.8893,0
389,12.9796,53.3,1.1,368.2,168.3,0.72,0
390,13.013,53.7,1.1,358.9,169.1,0.804,0
391,13.0464,80.9,2.2,358.1,168.4,0.8527,0
392,13.0797,71.6,1.4,359.2,168.2,0.7781,0
393,13.1131,67.4,0.5,363.0,168.1,0.7938,0
394,13.1465,104.2,2.2,359.7,166.5,0.9275,0
395,13.1798,64.6,0.8,358.3,168.0,0.7829,0
396,13.2132,50.8,1.8,363.4,171.7,0.9255,0
397,13.2466,53.5,1.0,362.4,169.8,0.7725,0
398,13.2799,57.0,1.4,364.6,166.9,0.7188,0
398,13.2799,61.3,1.0,364.6,168.0,0.1761,0
399,13.3133,77.2,1.0,366.1,167.7,0.8104,0
399,13.3133,68.4,1.2,367.0,167.3,0.1868,0
400,13.3467,51.5,1.4,370.0,172.0,0.9449,0
401,13.38,42.9,2.0,361.8,171.6,0.8921,0
402,13.4134,61.8,1.1,369.4,167.9,0.6736,0
402,13.4134,53.9,1.5,368.5,168.7,0.187,0
403,13.4468,97.7,0.8,362.3,167.6,0.8875,0
404,13.4801,81.7,1.2,366.5,169.1,0.9512,0
405,13.5135,73.3,1.3,370.5,168.8,0.9284,0
405,13.5135,97.4,1.5,369.7,167.1,0.21,0
406,13.5469,95.7,1.6,374.6,167.0,0.9078,0
406,13.5469,69.9,1.4,373.6,167.6,0.3012,0
407,13.5802,52.3,1.4,372.6,169.3,0.9326,0
408,13.6136,50.1,1.5,358.0,170.7,0.8843,0
409,13.647,55.8,1.3,358.5,172.7,0.5619,0
410,13.6803,56.7,1.2,358.5,168.9,0.925,0
411,13.7137,54.0,0.4,364.8,169.1,0.5038,0
411,13.7137,55.4,0.7,364.5,168.5,0.3845,0
412,13.7471,51.8,1.5,365.8,170.1,0.9396,0
413,13.7804,51.7,1.8,354.4,168.9,0.2811,0
413,13.7804,56.4,1.2,355.6,168.7,0.1284,0
414,13.8138,94.9,1.2,356.3,168.7,0.9302,0
415,13.8472,55.2,1.0,358.6,174.4,0.9253,0
416,13.8805,80.1,0.8,348.6,169.7,0.8748,0
417,13.9139,69.8,0.9,348.2,168.6,0.6648,0
417,13.9139,79.9,0.8,348.1,168.0,0.1722,0
418,13.9473,49.5,1.1,352.1,173.1,0.7565,0
419,13.9806,80.7,1.0,357.0,169.4,0.8877,0
420,14.014,76.3,0.8,361.4,169.1,0.9125,0
421,14.0474,76.4,1.3,364.4,170.4,0.9385,0
422,14.0807,56.4,1.5,371.1,170.2,0.9407,0
423,14.1141,53.2,2.1,367.9,172.7,0.9343,0
424,14.1475,49.0,1.7,368.3,170.4,0.8719,0
425,14.1808,96.9,1.3,369.9,167.3,0.9235,0
426,14.2142,76.0,1.6,377.0,167.8,0.8884,0
427,14.2476,57.1,3.0,391.2,170.0,0.9217,0
428,14.2809,43.8,1.2,397.2,173.7,0.9422,0
429,14.3143,60.1,1.8,363.0,168.5,0.94,0
430,14.3477,72.8,1.6,367.5,170.1,0.947,0
431,14.381,46.7,1.6,369.9,170.8,0.7238,0
432,14.4144,45.2,1.0,363.8,169.4,0.6787,0
433,14.4478,49.4,0.6,364.7,168.8,0.8797,0
434,14.4811,61.9,1.4,361.0,167.7,0.8661,0
435,14.5145,77.1,1.5,357.7,169.6,0.9163,0
436,14.5479,43.3,1.1,359.9,172.6,0.7702,0
436,14.5479,63.3,0.6,361.5,170.7,0.5921,0
437,14.5812,107.5,1.5,360.8,166.0,0.8022,0
438,14.6146,70.6,1.0,366.9,168.1,0.7734,0
439,14.648,75.3,2.0,360.2,166.8,0.9375,0
440,14.6813,64.2,2.5,359.9,169.4,0.7669,0
441,14.7147,74.2,1.3,361.7,167.7,0.8396,0
442,14.7481,30.4,1.7,360.0,178.2,0.8375,0
442,14.7481,40.7,1.8,359.2,167.6,0.4326,0
443,14.7814,69.7,1.9,361.0,167.9,0.7042,0
444,14.8148,48.6,0.9,367.7,170.3,0.9267,0
445,14.8482,37.6,1.5,378.2,174.2,0.9079,0
446,14.8815,53.3,1.6,363.4,172.8,0.9112,0
447,14.9149,45.9,3.2,362.1,172.0,0.8744,0
448,14.9483,45.7,3.0,362.0,175.2,0.8211,0
449,14.9816,54.2,2.3,366.5,173.1,0.9066,0
450,15.015,115.4,3.3,375.4,165.6,0.8858,0
451,15.0484,62.4,1.5,370.9,174.9,0.882,0
452,15.0817,55.4,2.7,363.6,175.4,0.8946,0
453,15.1151,87.5,1.5,367.0,169.4,0.9309,0
454,15.1485,75.5,1.6,366.6,173.8,0.3943,0
454,15.1485,83.2,1.3,366.7,168.7,0.2739,0
455,15.1818,80.5,1.3,365.6,168.2,0.7126,0
455,15.1818,75.6,1.6,364.8,172.5,0.1619,0
456,15.2152,68.9,2.0,363.1,169.5,0.612,0
456,15.2152,64.3,2.4,362.0,176.5,0.1591,0
457,15.2486,59.6,1.5,356.9,169.9,0.9127,0
457,15.2486,66.0,1.5,358.1,168.5,0.3015,0
458,15.2819,72.0,1.2,358.5,168.0,0.9336,0
459,15.3153,98.8,2.0,358.7,169.7,0.9289,0
460,15.3487,106.7,1.8,369.0,167.1,0.9267,0
461,15.382,83.3,1.4,372.5,168.3,0.9171,0
462,15.4154,95.9,1.6,360.8,167.7,0.9026,0
463,15.4488,50.7,1.8,357.6,169.7,0.4573,0
463,15.4488,56.5,1.8,358.6,167.2,0.1113,0
464,15.4821,83.5,0.8,354.9,167.4,0.9276,0
465,15.5155,70.1,0.9,362.2,174.6,0.9099,0
466,15.5489,84.4,1.0,359.3,167.4,0.9364,0
467,15.5822,85.4,1.2,353.5,167.5,0.9341,0
468,15.6156,98.6,0.7,351.9,167.8,0.9412,0
469,15.649,96.6,1.7,355.5,166.9,0.9258,0
470,15.6823,69.1,1.7,355.7,167.4,0.9209,0
471,15.7157,65.9,2.7,354.3,167.9,0.8866,0
471,15.7157,45.9,1.8,353.9,175.7,0.1024,0
472,15.7491,69.4,0.8,352.7,168.3,0.9032,0
473,15.7824,63.9,0.9,356.8,168.3,0.8298,0
474,15.8158,93.9,0.9,360.5,165.7,0.8741,0
475,15.8492,66.6,0.8,366.7,167.2,0.5593,0
476,15.8825,76.9,1.2,368.1,169.1,0.8568,0
477,15.9159,45.9,1.4,372.2,169.9,0.7929,0
478,15.9493,58.4,1.8,355.0,178.5,0.3603,0
478,15.9493,73.7,1.3,355.7,170.1,0.2498,0
479,15.9826,37.1,1.8,362.8,173.4,0.8786,0
480,16.016,48.8,1.4,374.1,171.7,0.8396,0
480,16.016,82.8,1.3,374.2,167.4,0.7361,0
481,16.0494,114.2,3.3,357.7,167.3,0.8657,0
482,16.0827,104.4,0.7,358.6,166.7,0.8105,0
483,16.1161,73.1,1.0,356.5,169.7,0.8925,0
484,16.1495,49.8,1.5,361.0,173.0,0.925,0
485,16.1828,97.2,1.1,363.2,166.9,0.8404,0
486,16.2162,104.1,1.2,362.3,168.0,0.9205,0
487,16.2496,75.8,0.9,360.1,167.7,0.9217,0
488,16.2829,62.4,1.0,354.7,167.8,0.7635,0
488,16.2829,52.9,1.2,354.4,167.7,0.1903,0
489,16.3163,52.7,2.2,356.0,166.9,0.7981,0
490,16.3497,48.4,3.0,352.5,167.8,0.8779,0
491,16.383,54.9,2.3,354.6,168.2,0.9154,0
492,16.4164,45.0,1.2,357.9,172.0,0.7929,0
493,16.4498,37.6,0.8,364.0,169.8,0.2762,0
493,16.4498,34.7,0.9,363.3,173.2,0.1756,0
494,16.4831,25.2,0.4,364.8,169.7,0.8388,0
495,16.5165,95.5,1.5,361.1,167.3,0.8409,0
495,16.5165,65.7,1.1,361.6,170.5,0.8062,0
496,16.5499,80.7,0.9,357.3,170.0,0.925,0
497,16.5832,80.8,0.7,359.6,168.7,0.9284,0
498,16.6166,69.9,0.9,356.1,168.0,0.8689,0
499,16.65,108.3,2.1,357.3,164.5,0.734,0
500,16.6833,66.3,1.2,362.8,167.9,0.9196,0
501,16.7167,116.5,1.1,360.9,163.6,0.9525,0
502,16.7501,110.9,1.4,354.7,164.6,0.9394,0
503,16.7834,69.7,1.9,359.2,167.1,0.8957,0
504,16.8168,63.3,0.9,361.0,168.9,0.8941,0
505,16.8502,86.2,1.4,366.5,167.8,0.9372,0
506,16.8835,74.9,1.4,356.1,169.1,0.8608,0
507,16.9169,94.1,1.2,362.4,167.8,0.933,0
508,16.9503,80.3,0.7,359.8,168.6,0.9126,0
509,16.9836,53.3,0.5,356.2,169.9,0.3034,0
509,16.9836,57.8,0.4,360.2,168.8,0.1926,0
510,17.017,67.0,0.7,362.3,167.1,0.8734,0
510,17.017,56.4,1.8,363.4,167.9,0.3348,0
511,17.0504,112.1,1.7,365.3,164.8,0.9276,0
512,17.0837,52.9,0.9,371.1,169.1,0.8585,0
512,17.0837,80.5,0.9,370.4,166.9,0.6656,0
513,17.1171,112.7,1.7,353.4,165.6,0.9405,0
514,17.1505,99.3,0.8,359.7,167.5,0.9385,0
515,17.1838,108.8,1.5,360.9,166.0,0.9235,0
516,17.2172,105.1,0.9,368.8,165.0,0.7861,0
517,17.2506,73.7,4.1,353.5,165.7,0.9184,0
518,17.2839,69.6,1.2,353.6,168.1,0.6018,0
518,17.2839,65.2,1.6,353.8,168.0,0.4389,0
519,17.3173,56.0,0.7,360.7,168.4,0.9113,0
520,17.3507,52.3,1.3,366.6,167.9,0.8699,0
521,17.384,56.4,1.3,357.1,168.8,0.867,0
522,17.4174,49.5,1.5,359.7,168.2,0.8158,0
523,17.4508,51.2,0.8,367.9,168.2,0.8293,0
524,17.4841,59.3,0.9,369.9,167.1,0.9059,0
525,17.5175,93.6,1.0,358.9,167.0,0.9222,0
526,17.5509,47.8,1.9,364.1,170.4,0.4949,0
526,17.5509,57.6,1.2,364.8,168.6,0.3348,0
527,17.5842,98.7,1.0,376.9,168.5,0.9286,0
528,17.6176,94.4,1.3,384.8,168.0,0.711,0
528,17.6176,97.2,1.2,390.4,166.9,0.1243,0
529,17.651,80.9,1.0,367.7,167.2,0.922,0
530,17.6843,66.8,0.6,363.8,168.5,0.4585,0
531,17.7177,119.6,1.1,367.6,164.8,0.9364,0
532,17.7511,81.4,1.1,361.5,167.9,0.9138,0
533,17.7844,59.7,3.6,361.7,167.9,0.4373,0
533,17.7844,66.6,3.4,362.5,167.1,0.3681,0
534,17.8178,45.8,0.9,367.8,174.6,0.398,0
534,17.8178,48.2,0.6,368.9,168.1,0.2799,0
535,17.8512,80.0,0.8,356.4,167.2,0.6966,0
536,17.8845,55.3,1.0,364.6,169.1,0.9424,0
537,17.9179,52.7,1.5,362.0,168.2,0.7261,0
538,17.9513,54.1,0.8,367.3,168.0,0.8599,0
539,17.9846,54.2,0.8,371.6,167.6,0.4925,0
539,17.9846,46.7,0.9,370.5,171.5,0.1835,0
540,18.018,43.9,1.7,374.6,174.6,0.9289,0
541,18.0514,48.7,2.1,361.2,173.1,0.876,0
542,18.0847,102.6,2.3,371.8,165.9,0.8864,0
543,18.1181,93.8,0.8,377.1,165.8,0.9192,0
544,18.1515,98.9,0.8,367.8,166.2,0.7947,0
544,18.1515,62.5,0.7,368.9,171.2,0.3426,0
545,18.1848,96.1,2.7,375.3,165.5,0.9031,0
545,18.1848,78.6,2.2,373.8,166.7,0.6615,0
546,18.2182,113.1,2.0,353.1,164.8,0.4874,0
547,18.2516,54.0,1.8,355.5,170.5,0.7815,0
548,18.2849,47.6,1.7,364.3,172.7,0.7805,0
549,18.3183,48.1,1.8,370.0,171.4,0.8063,0
550,18.3517,58.0,1.0,358.3,168.3,0.8961,0
551,18.385,54.7,1.1,363.4,170.0,0.8687,0
552,18.4184,62.4,1.1,368.1,169.4,0.8278,0
553,18.4518,71.9,1.9,361.2,168.4,0.676,0
553,18.4518,66.5,1.9,360.1,168.0,0.3691,0
554,18.4851,91.3,0.5,365.6,169.0,0.9442,0
555,18.5185,48.0,0.6,361.0,169.8,0.8408,0
556,18.5519,63.3,1.8,360.0,167.1,0.8998,0
557,18.5852,76.6,1.6,374.7,167.7,0.9294,0
558,18.6186,74.9,1.2,372.9,168.4,0.9503,0
559,18.652,62.1,1.6,356.8,166.6,0.6957,0
559,18.652,62.3,1.5,356.9,167.9,0.1044,0
560,18.6853,55.8,0.8,364.8,170.2,0.8567,0
561,18.7187,48.2,0.3,366.4,172.1,0.8352,0
562,18.7521,67.5,2.5,360.7,169.4,0.932,0
563,18.7854,83.6,2.2,367.0,170.1,0.9296,0
564,18.8188,51.9,3.0,363.1,171.5,0.9319,0
565,18.8522,88.3,2.9,361.2,166.9,0.9097,0
566,18.8855,58.2,2.2,362.3,167.5,0.882,0
567,18.9189,67.0,1.3,361.6,168.5,0.823,0
568,18.9523,102.4,1.1,368.3,167.9,0.9105,0
569,18.9856,97.4,4.4,371.2,171.2,0.918,0
570,19.019,47.6,2.0,363.2,177.8,0.9291,0
571,19.0524,42.0,2.9,363.3,175.4,0.6168,0
572,19.0857,43.0,1.5,367.2,176.6,0.4486,0
573,19.1191,75.5,1.2,359.0,171.8,0.9117,0
574,19.1525,63.6,1.2,366.3,180.0,0.9322,0
574,19.1525,96.4,1.2,366.1,168.4,0.3033,0
575,19.1858,89.3,1.8,368.7,169.5,0.6501,0
576,19.2192,76.6,1.2,368.3,171.8,0.8872,0
576,19.2192,96.0,1.9,367.0,168.7,0.5974,0
577,19.2526,60.4,1.2,359.8,172.0,0.9148,0
578,19.2859,56.0,1.9,360.3,173.9,0.7105,0
579,19.3193,44.4,2.3,363.1,180.8,0.8298,0
580,19.3527,45.0,1.2,365.8,179.2,0.8311,0
581,19.386,54.8,1.8,367.1,177.4,0.9138,0
582,19.4194,53.0,0.8,365.6,170.1,0.7899,0
583,19.4528,44.1,1.0,363.1,172.4,0.4625,0
583,19.4528,45.0,0.5,363.8,170.0,0.2664,0
584,19.4861,54.7,2.2,366.7,173.7,0.9163,0
585,19.5195,54.8,1.8,362.8,170.6,0.6338,0
585,19.5195,64.5,1.2,363.8,169.4,0.1612,0
586,19.5529,85.0,1.4,362.5,168.8,0.6423,0
586,19.5529,77.9,1.4,361.8,168.7,0.2569,0
587,19.5862,63.9,1.1,358.2,171.0,0.5333,0
587,19.5862,78.3,1.2,359.2,168.9,0.2241,0
588,19.6196,93.5,0.6,361.2,170.7,0.9507,0
589,19.653,63.2,1.2,358.3,171.2,0.9382,0
590,19.6863,60.3,1.7,361.2,169.6,0.8515,0
591,19.7197,53.2,2.0,357.1,170.0,0.7536,0
592,19.7531,44.2,1.4,373.4,180.0,0.9125,0
593,19.7864,41.5,1.3,375.6,177.0,0.9338,0
594,19.8198,55.0,1.5,368.7,169.7,0.8425,0
595,19.8532,73.6,1.3,362.3,169.4,0.8534,0
596,19.8865,47.6,0.9,358.6,172.1,0.7192,0
597,19.9199,80.1,0.9,355.2,169.4,0.8886,0
598,19.9533,63.7,1.9,352.8,173.2,0.9069,0
599,19.9866,62.0,1.3,358.3,173.1,0.8966,0
600,20.02,113.1,1.9,354.2,166.8,0.149,0
601,20.0534,110.1,2.3,353.4,168.4,0.9312,0
602,20.0867,94.1,0.9,357.3,168.7,0.6668,0
603,20.1201,54.5,2.2,361.0,181.2,0.7682,0
604,20.1535,50.8,0.8,355.4,170.0,0.9091,0
605,20.1868,57.1,1.0,356.5,173.6,0.9161,0
606,20.2202,45.4,2.3,362.7,173.2,0.8403,0
607,20.2536,44.6,1.8,358.5,178.6,0.545,0
608,20.2869,57.8,0.9,355.6,193.7,0.7975,0
609,20.3203,64.5,1.4,353.0,187.1,0.7925,0
610,20.3537,78.9,0.7,350.9,172.2,0.5822,0
610,20.3537,78.6,1.5,350.0,169.9,0.4725,0
611,20.387,78.7,0.3,351.5,169.9,0.9284,0
612,20.4204,71.0,1.0,353.9,169.5,0.6556,0
613,20.4538,115.5,1.9,352.3,165.3,0.5696,0
614,20.4871,115.1,1.3,354.2,165.9,0.8254,0
615,20.5205,50.0,2.0,358.8,182.1,0.855,0
616,20.5539,48.8,2.1,365.8,178.1,0.6114,0
617,20.5872,73.2,1.4,365.0,171.4,0.9273,0
618,20.6206,85.7,1.5,355.7,168.6,0.7461,0
619,20.654,60.2,1.2,360.8,174.9,0.746,0
620,20.6873,55.0,1.4,360.0,176.4,0.5542,0
621,20.7207,50.7,1.2,370.2,173.8,0.9356,0
622,20.7541,66.0,1.3,360.1,171.9,0.8932,0
623,20.7874,115.8,1.5,356.3,166.3,0.9236,0
624,20.8208,62.3,0.9,359.2,170.5,0.9462,0
625,20.8542,62.0,1.0,353.1,168.0,0.8488,0
626,20.8875,65.0,0.4,353.9,169.3,0.6706,0
626,20.8875,56.3,0.1,354.0,169.8,0.4253,0
627,20.9209,91.6,1.3,360.4,168.9,0.7728,0
627,20.9209,83.7,1.3,360.3,169.1,0.3583,0
628,20.9543,98.2,1.6,359.3,167.0,0.5336,0
628,20.9543,98.3,1.2,360.0,167.6,0.5081,0
629,20.9876,96.1,1.0,355.0,167.5,0.9353,0
630,21.021,84.9,1.4,358.1,169.5,0.9148,0
631,21.0544,123.6,0.6,360.2,163.9,0.9338,0
632,21.0877,98.6,1.3,362.5,167.6,0.8002,0
633,21.1211,58.5,1.5,355.5,170.1,0.8631,0
634,21.1545,38.8,1.1,355.0,174.4,0.2513,0
635,21.1878,72.2,2.8,358.6,170.5,0.9423,0
636,21.2212,82.1,1.9,359.1,168.6,0.8974,0
637,21.2546,47.5,1.4,364.6,170.1,0.7525,0
638,21.2879,47.6,1.4,367.9,169.7,0.7982,0
639,21.3213,91.7,0.7,369.0,169.0,0.931,0
640,21.3547,53.5,4.8,356.5,168.2,0.908,0
641,21.388,97.1,3.0,361.7,167.7,0.932,0
642,21.4214,103.3,1.0,364.3,167.7,0.9291,0
643,21.4548,92.8,1.1,354.5,167.9,0.9317,0
644,21.4881,86.1,1.6,352.5,167.4,0.9251,0
645,21.5215,87.3,1.5,351.9,168.6,0.9066,0
646,21.5549,91.8,0.8,352.6,168.0,0.9229,0
647,21.5882,61.8,1.1,356.2,167.7,0.9355,0
648,21.6216,63.8,1.0,358.3,168.5,0.9354,0
649,21.655,74.1,0.7,358.1,168.2,0.9333,0
650,21.6883,68.5,0.6,357.6,171.4,0.7779,0
651,21.7217,65.4,1.2,357.9,171.8,0.6792,0
652,21.7551,86.8,3.5,354.0,170.5,0.9424,0
653,21.7884,66.7,1.2,352.1,171.9,0.9157,0
654,21.8218,57.2,1.7,353.5,169.8,0.9256,0
655,21.8552,96.4,1.9,362.0,167.6,0.9359,0
656,21.8885,91.7,2.0,372.4,168.1,0.9495,0
657,21.9219,59.4,1.1,373.2,168.4,0.905,0
658,21.9553,51.4,0.7,350.4,170.5,0.91,0
659,21.9886,34.3,1.0,353.9,179.6,0.9027,0
659,21.9886,61.0,1.3,353.3,169.7,0.7577,0
660,22.022,58.2,1.3,357.3,170.6,0.7661,0
661,22.0554,91.2,1.2,350.9,169.2,0.9222,0
662,22.0887,117.8,0.8,353.8,165.6,0.9373,0
663,22.1221,118.3,1.3,359.1,164.9,0.9395,0
664,22.1555,103.0,3.6,369.8,166.3,0.8806,0
665,22.1888,103.7,1.1,373.2,166.9,0.9365,0
666,22.2222,104.1,1.3,372.3,165.9,0.9396,0
667,22.2556,93.4,1.4,378.3,166.7,0.2331,0
668,22.2889,98.6,2.0,367.5,166.6,0.9264,0
669,22.3223,93.0,1.3,363.0,167.1,0.9253,0
670,22.3557,97.9,1.2,368.6,167.4,0.9296,0
671,22.389,64.7,1.0,356.0,167.2,0.9211,0
672,22.4224,83.8,1.1,365.9,169.0,0.9143,0
673,22.4558,69.7,2.5,361.3,168.9,0.8847,0
674,22.4891,69.8,2.1,356.4,167.8,0.9177,0
675,22.5225,61.8,1.3,355.6,169.8,0.8643,0
675,22.5225,52.4,1.6,355.2,175.5,0.661,0
676,22.5559,90.3,1.0,361.9,167.7,0.9429,0
677,22.5892,92.1,0.8,360.8,167.8,0.9316,0
678,22.6226,62.0,1.3,353.3,170.9,0.8872,0
679,22.656,63.8,1.2,350.9,168.5,0.8956,0
680,22.6893,56.4,1.9,352.6,168.9,0.2824,0
680,22.6893,64.8,1.2,353.1,168.1,0.1059,0
681,22.7227,111.0,1.1,351.5,166.0,0.8475,0
682,22.7561,105.4,1.3,351.3,165.6,0.5741,0
683,22.7894,56.4,3.6,358.5,171.7,0.9072,0
684,22.8228,56.8,1.8,361.1,168.9,0.8125,0
685,22.8562,41.6,1.5,355.7,174.8,0.9172,0
686,22.8895,44.1,1.0,368.9,173.4,0.8948,0
687,22.9229,89.1,1.9,372.3,166.9,0.8928,0
688,22.9563,44.3,2.0,369.1,174.7,0.699,0
689,22.9896,82.7,4.5,356.1,168.6,0.8604,0
690,23.023,87.8,1.4,357.2,168.3,0.8975,0
691,23.0564,87.0,1.5,360.6,174.0,0.8428,0
692,23.0897,109.8,1.2,356.4,168.4,0.9259,0
693,23.1231,107.1,1.6,369.4,168.3,0.8684,0
694,23.1565,50.2,2.2,374.1,175.7,0.9255,0
695,23.1898,62.2,1.6,358.7,169.5,0.6095,0
695,23.1898,52.6,2.2,357.9,170.0,0.2558,0
696,23.2232,52.1,1.8,363.8,172.0,0.9125,0
697,23.2566,59.1,1.7,370.5,173.0,0.9227,0
698,23.2899,66.1,1.9,376.5,171.2,0.9148,0
699,23.3233,75.1,1.2,355.2,168.2,0.9086,0
699,23.3233,62.3,1.4,353.2,168.1,0.5909,0
700,23.3567,88.7,1.0,354.6,168.6,0.8606,0
701,23.39,51.6,2.4,360.0,172.5,0.5203,0
701,23.39,56.6,1.6,360.6,169.7,0.1571,0
702,23.4234,48.9,2.4,374.6,174.0,0.9217,0
703,23.4568,77.6,1.8,373.1,168.6,0.9039,0
704,23.4901,105.2,1.9,356.4,167.9,0.9052,0
705,23.5235,114.2,1.6,355.4,166.2,0.9226,0
706,23.5569,69.7,2.7,358.0,171.9,0.9092,0
707,23.5902,73.6,1.2,353.8,168.8,0.9054,0
708,23.6236,58.2,1.4,355.3,172.6,0.8979,0
708,23.6236,58.2,1.5,356.2,168.5,0.1047,0
709,23.657,58.9,2.4,370.0,169.6,0.4933,0
709,23.657,55.5,2.6,369.0,178.0,0.2593,0
710,23.6903,55.2,2.1,371.9,175.9,0.6558,0
710,23.6903,72.1,1.4,371.2,169.4,0.1089,0
711,23.7237,71.4,1.1,357.1,168.3,0.8992,0
712,23.7571,54.2,0.8,363.7,169.0,0.6923,0
713,23.7904,117.7,1.1,369.1,167.3,0.9269,0
714,23.8238,99.0,1.4,353.7,169.4,0.8965,0
715,23.8572,96.6,2.2,356.8,168.5,0.9176,0
716,23.8905,103.4,1.0,353.4,168.0,0.9263,0
717,23.9239,67.4,0.9,358.3,169.0,0.8674,0
717,23.9239,62.8,1.0,356.4,170.6,0.6647,0
718,23.9573,109.5,2.7,369.8,166.2,0.9096,0
719,23.9906,56.3,2.7,362.0,170.2,0.7959,0
720,24.024,70.4,1.9,362.0,168.9,0.8233,0
720,24.024,65.3,2.5,362.7,170.3,0.1307,0
721,24.0574,110.8,1.3,365.6,167.4,0.9425,0
722,24.0907,102.8,2.4,360.5,168.8,0.9442,0
723,24.1241,72.8,1.2,356.5,171.6,0.8249,0
724,24.1575,90.9,0.8,356.2,169.6,0.9199,0
725,24.1908,66.1,0.9,362.2,171.1,0.9252,0
726,24.2242,50.0,3.9,364.1,170.9,0.8171,0
727,24.2576,54.5,2.0,370.4,174.0,0.8706,0
728,24.2909,108.4,0.9,369.3,167.3,0.9196,0
729,24.3243,105.2,1.2,363.5,168.3,0.9366,0
730,24.3577,72.3,1.7,360.9,168.8,0.8928,0
731,24.391,86.8,1.1,369.6,171.6,0.9417,0
732,24.4244,83.4,1.2,371.0,168.2,0.8162,0
733,24.4578,66.4,2.2,359.5,171.1,0.5504,0
733,24.4578,69.4,1.8,360.1,168.7,0.1649,0
734,24.4911,97.3,2.8,362.2,168.9,0.859,0
735,24.5245,110.9,1.7,358.2,167.1,0.6394,0
736,24.5579,61.5,1.3,358.8,173.5,0.8505,0
737,24.5912,114.9,1.2,363.5,167.1,0.9337,0
738,24.6246,52.2,1.7,369.3,172.4,0.9212,0
739,24.658,121.4,2.2,351.2,164.8,0.9244,0
740,24.6913,78.5,0.7,356.8,169.7,0.9137,0
741,24.7247,58.8,1.2,355.8,170.8,0.9384,0
742,24.7581,56.0,1.5,360.6,171.2,0.8672,0
743,24.7914,89.4,1.8,372.8,167.6,0.8096,0
744,24.8248,124.4,1.7,368.6,167.6,0.9315,0
745,24.8582,109.3,1.0,364.4,167.4,0.7889,0
746,24.8915,92.1,0.8,361.5,168.6,0.8553,0
747,24.9249,56.9,2.0,360.9,176.6,0.4413,0
747,24.9249,75.8,1.1,362.0,170.2,0.2536,0
748,24.9583,110.1,1.6,358.6,169.7,0.8985,0
749,24.9916,107.7,3.5,363.2,171.3,0.9195,0
750,25.025,73.4,1.1,361.3,171.4,0.7608,0
751,25.0584,98.5,1.2,357.7,170.3,0.9108,0
752,25.0917,63.5,0.8,359.7,170.7,0.9189,0
753,25.1251,65.7,1.1,362.4,179.5,0.9149,0
753,25.1251,94.2,1.4,361.7,169.1,0.7658,0
754,25.1585,62.4,0.2,359.8,181.1,0.6241,0
754,25.1585,64.5,1.6,361.7,174.3,0.2738,0
755,25.1918,64.3,0.6,362.0,177.1,0.8121,0
755,25.1918,90.7,1.0,361.1,168.5,0.1332,0
756,25.2252,46.5,0.6,356.1,172.9,0.908,0
757,25.2586,60.0,2.2,356.4,168.6,0.9332,0
758,25.2919,64.7,0.8,363.4,168.7,0.8812,0
759,25.3253,65.4,0.9,366.6,170.5,0.8447,0
760,25.3587,109.2,1.0,378.3,168.0,0.9028,0
761,25.392,71.4,0.5,358.9,169.1,0.485,0
761,25.392,60.5,0.4,358.9,172.6,0.3335,0
762,25.4254,63.9,0.8,352.3,168.2,0.8034,0
763,25.4588,68.8,1.8,359.1,173.7,0.9131,0
764,25.4921,99.7,1.1,367.8,169.0,0.8846,0
765,25.5255,85.7,1.2,355.2,168.8,0.9416,0
765,25.5255,79.3,1.5,353.9,168.7,0.3678,0
766,25.5589,115.3,1.4,358.3,166.1,0.9176,0
767,25.5922,77.7,0.9,363.5,169.0,0.7905,0
768,25.6256,82.7,2.5,362.7,170.0,0.9022,0
769,25.659,100.0,1.3,372.1,168.9,0.9103,0
770,25.6923,85.1,0.9,372.9,167.0,0.8389,0
771,25.7257,94.7,1.8,358.4,167.8,0.1951,0
772,25.7591,94.0,1.2,361.4,168.0,0.4593,0
773,25.7924,113.0,1.3,368.7,168.0,0.9231,0
774,25.8258,97.2,1.4,376.0,168.2,0.7987,0
775,25.8592,103.1,1.2,381.9,167.1,0.9107,0
776,25.8925,55.5,1.1,364.5,175.4,0.8674,0
777,25.9259,58.4,1.3,366.7,170.3,0.6665,0
777,25.9259,55.0,1.3,366.6,174.4,0.1986,0
778,25.9593,56.4,1.6,367.3,173.8,0.8965,0
779,25.9926,54.2,1.1,375.7,171.5,0.9203,0
780,26.026,75.1,1.5,360.3,169.3,0.9278,0
780,26.026,104.3,1.3,361.2,166.0,0.7812,0
781,26.0594,91.3,1.2,356.2,167.2,0.9062,0
782,26.0927,54.5,2.0,353.5,172.5,0.8456,0
783,26.1261,64.5,0.7,356.6,169.0,0.7697,0
784,26.1595,48.5,1.6,366.3,169.3,0.7997,0
784,26.1595,53.1,1.6,364.3,170.9,0.1307,0
785,26.1928,64.3,1.4,361.0,168.9,0.9483,0
786,26.2262,60.9,1.0,361.9,175.8,0.6863,0
787,26.2596,52.7,2.2,369.0,178.6,0.8526,0
787,26.2596,89.8,2.8,368.2,169.8,0.5452,0
788,26.2929,113.5,1.2,364.0,172.5,0.8073,0
789,26.3263,71.0,1.5,363.1,177.1,0.9078,0
790,26.3597,39.7,3.4,369.8,179.6,0.9103,0
791,26.393,94.8,2.2,371.8,170.3,0.9099,0
791,26.393,99.6,2.6,372.3,167.3,0.8844,0
792,26.4264,118.1,1.2,382.3,166.4,0.8986,0
793,26.4598,107.3,3.8,382.2,167.7,0.9136,0
794,26.4931,94.9,1.0,376.4,167.3,0.9213,0
795,26.5265,81.4,1.0,361.7,167.8,0.9258,0
796,26.5599,95.9,0.9,358.3,167.5,0.9332,0
797,26.5932,101.2,3.9,363.5,167.2,0.6502,0
798,26.6266,64.9,1.7,358.8,170.0,0.932,0
799,26.66,62.6,2.5,360.3,170.6,0.945,0
799,26.66,96.6,3.1,360.4,166.4,0.6172,0
800,26.6933,52.1,1.7,362.1,173.0,0.9307,0
801,26.7267,83.4,1.0,353.9,168.0,0.3336,0
801,26.7267,70.9,1.8,353.7,170.8,0.2201,0
802,26.7601,58.7,1.1,355.8,168.3,0.9224,0
803,26.7934,82.9,0.9,358.6,168.3,0.9522,0
804,26.8268,113.3,0.9,359.7,167.7,0.1283,0
805,26.8602,114.4,1.5,358.8,165.7,0.7442,0
806,26.8935,110.4,0.8,368.0,166.9,0.9277,0
807,26.9269,117.1,0.9,363.0,165.5,0.9381,0
808,26.9603,67.0,1.1,358.7,170.0,0.7772,0
808,26.9603,77.0,0.8,359.4,169.4,0.1198,0
809,26.9936,62.5,3.8,355.2,170.1,0.7205,0
810,27.027,66.5,1.4,368.1,171.2,0.9396,0
811,27.0604,117.1,1.2,372.6,168.3,0.9186,0
812,27.0937,54.8,1.0,357.9,174.3,0.9149,0
813,27.1271,68.0,1.1,357.7,174.9,0.9376,0
814,27.1605,95.8,2.8,364.9,171.7,0.9378,0
815,27.1938,72.7,2.0,365.4,174.9,0.9261,0
816,27.2272,65.4,1.8,372.8,173.2,0.924,0
817,27.2606,109.0,1.9,363.9,166.9,0.9167,0
818,27.2939,93.5,1.1,361.5,166.4,0.1928,0
819,27.3273,96.3,2.0,363.7,167.8,0.9152,0
820,27.3607,85.1,1.1,357.7,168.9,0.9225,0
821,27.394,103.0,1.2,360.7,167.4,0.9268,0
822,27.4274,124.2,4.4,357.7,162.1,0.9319,0
823,27.4608,74.7,2.9,364.1,173.6,0.8973,0
823,27.4608,100.1,3.6,363.8,165.9,0.7118,0
824,27.4941,55.1,1.2,356.6,172.2,0.8995,0
825,27.5275,110.3,1.7,353.4,165.6,0.5669,0
826,27.5609,65.6,0.8,354.3,168.9,0.82,0
827,27.5942,73.8,0.5,353.8,168.8,0.2839,0
827,27.5942,62.0,0.7,353.7,174.0,0.2056,0
828,27.6276,69.9,1.6,355.8,172.2,0.8039,0
829,27.661,124.3,2.2,354.8,166.8,0.7963,0
830,27.6943,77.6,2.4,362.4,172.9,0.9472,0
830,27.6943,103.2,3.2,363.3,167.3,0.4069,0
831,27.7277,89.3,2.0,370.0,171.1,0.9289,0
832,27.7611,69.5,1.4,361.1,172.6,0.9477,0
833,27.7944,99.3,1.0,359.4,169.8,0.9489,0
834,27.8278,47.7,3.5,359.0,174.4,0.8941,0
835,27.8612,113.1,2.4,357.1,168.3,0.448,0
836,27.8945,,,,,,
837,27.9279,111.2,1.7,353.9,165.7,0.8881,0
838,27.9613,120.7,2.6,353.5,165.4,0.9252,0
839,27.9946,120.9,2.2,358.5,166.2,0.9172,0
840,28.028,110.8,2.1,356.4,167.9,0.9225,0
841,28.0614,104.3,2.0,362.5,168.6,0.948,0
842,28.0947,100.1,1.1,359.0,168.4,0.6257,0
842,28.0947,101.6,0.7,359.5,167.2,0.4278,0
843,28.1281,103.5,1.2,368.1,165.5,0.764,0
844,28.1615,97.7,1.1,375.6,171.5,0.9267,0
844,28.1615,99.0,0.9,377.2,166.8,0.6502,0
845,28.1948,97.6,0.6,377.4,169.9,0.9241,0
846,28.2282,108.8,0.6,365.8,167.8,0.9166,0
847,28.2616,108.5,0.9,363.1,167.5,0.9246,0
848,28.2949,55.8,0.9,360.5,172.8,0.9357,0
848,28.2949,95.9,0.8,360.7,168.8,0.7796,0
849,28.3283,62.4,1.2,359.9,174.0,0.9426,0
850,28.3617,45.7,1.2,361.7,174.8,0.768,0
851,28.395,65.3,0.6,354.1,170.2,0.895,0
852,28.4284,57.5,2.1,354.3,175.9,0.6904,0
853,28.4618,99.2,0.9,360.4,170.1,0.9059,0
854,28.4951,55.4,1.1,363.7,176.0,0.8696,0
855,28.5285,51.3,1.6,359.8,171.6,0.9082,0
856,28.5619,54.1,2.1,354.3,172.2,0.8573,0
857,28.5952,60.2,0.6,352.9,170.4,0.7795,0
858,28.6286,50.2,0.6,354.1,170.9,0.8581,0
859,28.662,115.2,1.0,359.1,168.2,0.5915,0
860,28.6953,106.4,1.2,361.8,169.7,0.9302,0
861,28.7287,98.9,1.4,362.2,168.5,0.8774,0
862,28.7621,100.7,1.7,364.6,168.8,0.7985,0
862,28.7621,59.5,1.2,366.0,172.7,0.5131,0
863,28.7954,57.2,1.5,369.2,171.2,0.9375,0
863,28.7954,92.6,2.0,367.9,168.7,0.1013,0
864,28.8288,108.0,4.0,356.7,167.5,0.8116,0
865,28.8622,107.1,1.4,359.3,167.2,0.8635,0
866,28.8955,104.2,1.4,363.4,167.3,0.8819,0
867,28.9289,90.9,1.5,357.9,169.6,0.9427,0
868,28.9623,116.7,0.8,350.3,165.3,0.8927,0
869,28.9956,82.7,2.0,352.7,168.9,0.947,0
870,29.029,85.1,1.7,356.7,169.7,0.9461,0
871,29.0624,69.8,2.3,355.7,169.6,0.9404,0
872,29.0957,81.7,2.7,347.5,171.8,0.9369,0
873,29.1291,98.5,1.1,349.7,169.8,0.9471,0
874,29.1625,52.1,1.4,354.3,170.8,0.5411,0
875,29.1958,58.8,1.2,353.7,168.9,0.6313,0
875,29.1958,50.9,1.7,353.3,170.4,0.1369,0
876,29.2292,41.7,2.0,354.9,174.8,0.8076,0
877,29.2626,102.1,1.9,358.8,166.4,0.8945,0
878,29.2959,92.7,4.1,352.7,171.8,0.9288,0
879,29.3293,97.5,2.2,353.4,176.4,0.9371,0
880,29.3627,86.0,1.3,353.9,169.0,0.8609,0
881,29.396,98.3,1.3,354.5,168.4,0.9039,0
882,29.4294,103.5,1.1,350.1,167.8,0.9383,0
883,29.4628,62.4,0.9,356.0,169.2,0.8794,0
884,29.4961,42.5,1.0,354.4,175.5,0.6928,0
884,29.4961,48.9,0.6,351.0,174.4,0.1786,0
885,29.5295,45.8,0.7,356.6,174.3,0.9075,0
886,29.5629,47.5,1.2,353.6,172.8,0.8521,0
886,29.5629,53.8,1.8,352.8,169.2,0.2514,0
887,29.5962,45.9,0.7,353.9,170.9,0.9128,0
888,29.6296,53.7,2.0,357.0,171.8,0.8847,0
889,29.663,92.1,0.9,358.3,168.0,0.2625,0
890,29.6963,63.4,0.5,362.8,169.2,0.5865,0
890,29.6963,59.0,0.6,362.5,170.9,0.3136,0
891,29.7297,109.9,0.4,366.4,167.5,0.9118,0
891,29.7297,88.4,0.8,366.6,170.6,0.1853,0
892,29.7631,48.8,1.6,357.8,175.8,0.9045,0
893,29.7964,49.4,1.5,353.4,175.3,0.9161,0
894,29.8298,111.5,2.7,359.5,168.1,0.5674,0
895,29.8632,69.9,1.7,365.2,175.1,0.9172,0
896,29.8965,66.9,1.3,364.9,171.1,0.8853,0
897,29.9299,67.4,0.9,366.3,168.5,0.9052,0
898,29.9633,66.9,0.8,366.8,167.4,0.8986,0
899,29.9966,78.4,1.2,372.3,169.0,0.845,0
900,30.03,61.0,1.3,371.1,171.4,0.752,0
901,30.0634,69.5,0.9,370.2,169.9,0.8895,0
902,30.0967,67.2,0.6,366.1,174.9,0.9475,0
902,30.0967,93.5,1.0,365.5,169.3,0.6798,0
903,30.1301,83.0,1.2,360.2,170.3,0.8818,0
903,30.1301,71.6,1.6,359.5,172.2,0.1023,0
904,30.1635,72.6,1.2,362.6,170.0,0.7653,0
904,30.1635,65.1,1.4,361.7,171.5,0.1949,0
905,30.1968,74.2,1.3,355.5,169.6,0.9172,0
906,30.2302,62.3,1.1,357.2,171.0,0.8781,0
906,30.2302,53.8,1.3,357.0,172.8,0.3291,0
907,30.2636,52.9,1.0,359.2,173.0,0.8282,0
908,30.2969,48.4,1.6,359.3,177.8,0.8975,0
909,30.3303,40.8,0.9,360.7,172.9,0.883,0
910,30.3637,82.4,1.7,361.5,169.5,0.9243,0
911,30.397,61.9,1.8,366.8,169.9,0.8355,0
912,30.4304,91.5,0.9,365.4,167.1,0.8539,0
913,30.4638,47.5,1.0,361.1,173.4,0.6209,0
914,30.4971,55.6,0.9,365.9,170.4,0.9028,0
915,30.5305,92.5,1.3,364.7,169.9,0.1823,0
916,30.5639,80.6,1.2,363.4,172.6,0.8359,0
916,30.5639,103.9,1.9,361.3,167.5,0.8269,0
917,30.5972,91.8,0.6,368.1,170.0,0.8381,0
918,30.6306,67.9,1.0,360.3,172.1,0.9438,0
919,30.664,103.2,1.2,360.9,168.5,0.4717,0
920,30.6973,97.5,1.2,358.0,168.0,0.9448,0
921,30.7307,105.5,0.8,358.5,168.1,0.9266,0
922,30.7641,71.1,0.3,361.3,168.2,0.8798,0
923,30.7974,98.2,1.7,377.8,168.1,0.9049,0
923,30.7974,98.0,1.4,377.4,168.9,0.7664,0
924,30.8308,98.6,1.5,383.1,166.1,0.911,0
924,30.8308,97.7,1.5,378.5,168.1,0.8175,0
925,30.8642,94.5,1.9,372.2,170.9,0.9392,0
926,30.8975,72.0,2.1,360.7,171.6,0.948,0
927,30.9309,101.9,0.8,358.2,169.7,0.9371,0
928,30.9643,91.8,0.8,368.6,170.3,0.942,0
928,30.9643,98.5,1.1,367.3,168.4,0.8513,0
929,30.9976,78.6,1.3,368.4,176.8,0.8901,0
929,30.9976,99.3,1.5,366.7,170.1,0.4799,0
930,31.031,80.7,1.5,360.1,169.5,0.9238,0
931,31.0644,92.8,0.8,356.1,169.6,0.8835,0
932,31.0977,51.5,1.0,359.8,173.2,0.9157,0
932,31.0977,100.6,1.2,360.7,168.0,0.659,0
933,31.1311,48.9,1.6,363.8,173.1,0.9265,0
934,31.1645,82.2,1.7,381.2,167.5,0.861,0
934,31.1645,56.5,1.5,379.2,172.0,0.7473,0
935,31.1978,108.2,1.3,386.4,167.2,0.9167,0
936,31.2312,100.7,1.5,378.1,167.5,0.8883,0
937,31.2646,98.3,0.7,370.2,167.7,0.883,0
938,31.2979,63.9,1.0,361.5,169.3,0.6113,0
938,31.2979,75.5,0.9,362.4,167.9,0.2161,0
939,31.3313,68.0,0.6,359.3,168.8,0.8957,0
940,31.3647,110.5,1.0,356.5,167.6,0.7185,0
941,31.398,113.2,1.6,359.9,167.7,0.8638,0
941,31.398,101.0,1.1,360.3,169.8,0.44,0
942,31.4314,115.5,3.0,366.4,168.5,0.7522,0
943,31.4648,104.8,0.6,365.6,168.4,0.8753,0
944,31.4981,89.9,0.8,362.0,169.0,0.849,0
945,31.5315,100.7,1.0,369.2,169.2,0.926,0
946,31.5649,84.1,1.2,367.3,170.1,0.9316,0
947,31.5982,61.4,0.3,363.7,171.9,0.9402,0
948,31.6316,61.8,0.8,370.7,169.9,0.9408,0
948,31.6316,81.5,1.1,371.3,166.3,0.6904,0
949,31.665,60.2,1.6,362.8,172.1,0.9139,0
950,31.6983,67.8,1.1,363.2,169.9,0.9326,0
951,31.7317,60.8,1.1,358.0,172.1,0.8843,0
952,31.7651,58.9,0.8,360.3,173.5,0.886,0
953,31.7984,116.8,1.4,363.8,167.5,0.6427,0
954,31.8318,116.0,1.7,362.6,167.4,0.9183,0
955,31.8652,119.5,1.2,366.6,167.8,0.9336,0
956,31.8985,113.3,1.7,363.2,170.4,0.8562,0
957,31.9319,72.4,1.1,361.5,173.8,0.9301,0
957,31.9319,102.8,1.2,361.4,167.8,0.6971,0
958,31.9653,97.1,1.3,364.4,170.5,0.6944,0
958,31.9653,91.2,1.3,364.6,173.6,0.1926,0
959,31.9986,65.7,0.6,369.0,173.1,0.6413,0
960,32.032,65.3,0.4,364.1,170.3,0.8451,0
961,32.0654,81.4,0.8,365.0,169.6,0.953,0
962,32.0987,96.7,1.8,357.8,168.6,0.9194,0
963,32.1321,80.8,1.8,359.3,168.2,0.8831,0
964,32.1655,90.1,1.9,360.7,168.3,0.933,0
965,32.1988,58.5,1.3,358.1,174.4,0.8441,0
966,32.2322,80.0,1.0,359.8,169.7,0.8654,0
967,32.2656,45.5,1.5,363.0,172.5,0.8435,0
968,32.2989,73.2,1.2,371.5,170.1,0.8438,0
969,32.3323,93.4,1.4,376.6,168.1,0.8702,0
970,32.3657,72.5,1.6,376.5,171.3,0.9352,0
971,32.399,76.6,1.5,380.0,172.5,0.9247,0
971,32.399,86.1,2.0,381.1,167.6,0.2011,0
972,32.4324,81.8,1.2,364.7,172.9,0.9355,0
973,32.4658,108.6,1.3,374.0,167.9,0.6305,0
974,32.4991,76.8,1.8,373.0,174.9,0.9374,0
975,32.5325,51.1,1.5,370.9,173.0,0.9174,0
976,32.5659,101.3,0.9,368.8,169.4,0.9361,0
976,32.5659,105.0,0.6,368.3,167.9,0.6371,0
977,32.5992,96.4,2.0,381.9,170.0,0.8259,0
978,32.6326,88.1,2.0,393.9,172.5,0.9035,0
979,32.666,73.4,0.7,402.6,167.9,0.8667,0
979,32.666,54.2,0.8,399.6,171.7,0.8503,0
980,32.6993,94.3,1.0,388.1,167.5,0.687,0
981,32.7327,73.4,1.1,382.6,168.5,0.9219,0
981,32.7327,86.2,1.3,389.5,167.3,0.3452,0
982,32.7661,65.3,2.8,372.9,168.2,0.928,0
983,32.7994,65.2,1.7,364.6,167.9,0.9319,0
984,32.8328,48.5,1.5,369.3,173.0,0.9223,0
985,32.8662,116.3,2.0,361.3,166.9,0.8606,0
986,32.8995,118.8,4.4,362.7,165.1,0.8605,0
987,32.9329,120.7,3.3,374.2,167.1,0.9067,0
988,32.9663,73.6,2.9,388.6,172.0,0.8867,0
989,32.9996,47.1,1.1,385.8,174.1,0.9338,0
990,33.033,52.3,1.3,378.4,171.2,0.9365,0
990,33.033,79.7,1.7,384.1,168.7,0.8499,0
991,33.0664,123.4,0.9,364.1,165.8,0.9002,0
992,33.0997,96.0,1.5,369.6,166.6,0.7616,0
992,33.0997,60.1,1.4,369.7,172.2,0.7418,0
993,33.1331,66.9,1.3,369.1,174.3,0.5459,0
994,33.1665,82.3,1.9,371.5,173.8,0.6905,0
995,33.1998,73.7,1.0,354.9,175.6,0.9304,0
996,33.2332,56.7,1.2,357.0,172.5,0.7856,0
997,33.2666,109.9,2.4,361.4,167.9,0.9084,0
998,33.2999,109.4,1.2,362.5,169.2,0.8375,0
999,33.3333,117.6,1.7,384.0,165.4,0.9334,0
1000,33.3667,90.6,1.1,380.0,168.6,0.896,0
1001,33.4,111.2,1.8,370.4,167.0,0.9207,0
1002,33.4334,49.1,1.4,377.3,170.9,0.9464,0
1003,33.4668,51.3,1.3,362.9,172.2,0.9245,0
1004,33.5001,101.1,1.3,367.0,167.7,0.9438,0
1005,33.5335,75.5,1.6,366.4,169.1,0.6836,0
1005,33.5335,61.2,2.1,365.7,170.2,0.2545,0
1006,33.5669,50.6,2.0,362.1,171.9,0.8916,0
1007,33.6002,56.6,0.8,369.0,170.3,0.7772,0
1008,33.6336,90.9,1.3,375.4,168.1,0.9128,0
1009,33.667,101.4,2.1,371.9,168.7,0.923,0
1010,33.7003,95.7,1.5,366.1,170.5,0.9438,0
1011,33.7337,103.4,1.6,360.8,174.2,0.9358,0
1011,33.7337,99.0,1.4,179.1,169.9,0.1765,0
1012,33.7671,96.3,0.2,369.0,173.8,0.8792,0
1013,33.8004,102.6,1.8,375.4,169.9,0.9292,0
1014,33.8338,75.1,2.5,367.5,172.6,0.9528,0
1015,33.8672,97.8,2.2,367.2,171.7,0.9501,0
1016,33.9005,97.3,2.9,371.7,171.4,0.9411,0
1016,33.9005,101.0,3.2,371.9,167.5,0.6121,0
1017,33.9339,67.8,1.8,372.3,173.0,0.9508,0
1018,33.9673,94.3,1.8,371.7,169.4,0.8338,0
1019,34.0006,60.9,1.5,371.7,184.0,0.4059,0
1019,34.0006,93.4,1.8,370.1,171.0,0.1532,0
1020,34.034,79.5,1.8,366.9,180.3,0.9284,0
1021,34.0674,75.4,0.8,363.6,178.9,0.8967,0
1022,34.1007,106.9,1.2,362.9,168.7,0.3815,0
1023,34.1341,102.0,1.6,363.6,171.7,0.8388,0
1024,34.1675,50.9,1.7,363.1,177.8,0.9465,0
1025,34.2008,107.4,1.5,366.5,173.3,0.9401,0
1026,34.2342,65.1,0.6,364.5,175.8,0.9437,0
1027,34.2676,83.5,3.0,365.4,178.9,0.9366,0
1028,34.3009,84.5,1.0,362.3,171.8,0.94,0
1029,34.3343,97.2,2.1,364.3,169.8,0.942,0
1030,34.3677,93.5,1.0,352.3,168.1,0.763,0
1031,34.401,99.0,1.4,361.2,166.9,0.9156,0
1032,34.4344,88.9,1.5,362.8,168.8,0.9068,0
1033,34.4678,94.3,1.6,364.5,170.4,0.9154,0
1034,34.5011,62.8,0.8,363.8,171.8,0.5438,0
1035,34.5345,51.9,1.9,366.0,177.8,0.6444,0
1036,34.5679,48.3,1.5,365.9,180.4,0.9188,0
1037,34.6012,66.3,0.8,354.5,181.0,0.8262,0
1038,34.6346,113.8,1.2,362.4,168.9,0.6885,0
1039,34.668,60.2,2.5,363.7,174.7,0.7345,0
1040,34.7013,77.1,2.5,372.7,176.6,0.647,0
1040,34.7013,96.3,2.3,370.6,169.2,0.2478,0
1041,34.7347,72.4,0.9,362.4,171.0,0.8741,0
1042,34.7681,87.7,1.6,357.2,170.9,0.9019,0
1043,34.8014,90.0,0.5,360.1,180.7,0.9488,0
1044,34.8348,69.7,0.5,358.8,182.8,0.9337,0
1045,34.8682,83.8,1.8,357.7,176.6,0.9491,0
1046,34.9015,66.3,1.2,366.3,176.0,0.9473,0
1047,34.9349,111.2,1.6,363.2,168.6,0.8893,0
1048,34.9683,56.6,1.3,358.1,184.2,0.9099,0
1049,35.0016,94.6,1.5,366.2,178.6,0.9434,0
1050,35.035,49.0,0.8,377.5,186.7,0.7392,0
1050,35.035,83.8,0.9,380.8,171.2,0.6576,0
1051,35.0684,110.5,0.6,381.2,169.2,0.9045,0
1052,35.1017,109.4,1.9,367.9,166.8,0.8868,0
1052,35.1017,93.3,1.5,369.4,174.4,0.3038,0
1053,35.1351,69.0,2.6,373.2,176.5,0.8411,0
1053,35.1351,98.4,2.7,372.2,166.7,0.713,0
1054,35.1685,55.2,2.2,365.8,178.8,0.8648,0
1055,35.2018,55.1,1.5,372.6,182.5,0.9133,0
1056,35.2352,57.0,1.5,374.3,181.4,0.9217,0
1057,35.2686,86.1,1.3,380.9,168.8,0.4701,0
1058,35.3019,96.3,4.0,377.3,166.6,0.9086,0
1059,35.3353,106.3,0.8,368.5,167.7,0.9186,0
1060,35.3687,68.9,0.8,369.2,174.2,0.8799,0
1060,35.3687,94.3,0.7,368.1,169.0,0.8103,0
1061,35.402,65.8,0.3,357.7,173.4,0.5514,0
1062,35.4354,109.6,1.2,356.7,168.7,0.8592,0
1062,35.4354,76.1,0.5,358.3,172.5,0.1538,0
1063,35.4688,64.0,0.7,362.4,171.2,0.8183,0
1063,35.4688,100.9,1.1,361.5,167.9,0.817,0
1064,35.5021,104.4,0.9,363.1,168.4,0.8779,0
1065,35.5355,66.8,0.3,364.8,171.6,0.7973,0
1065,35.5355,96.9,0.7,363.8,167.9,0.7307,0
1066,35.5689,68.5,0.7,361.3,170.2,0.6642,0
1066,35.5689,76.8,0.5,361.8,168.6,0.1079,0
1067,35.6022,69.9,1.5,358.4,169.1,0.2644,0
1067,35.6022,63.7,1.4,357.2,169.6,0.1965,0
1068,35.6356,89.5,1.7,367.8,169.5,0.9398,0
1069,35.669,68.1,1.7,371.2,174.3,0.8244,0
1070,35.7023,62.9,1.1,356.5,171.6,0.5052,0
1070,35.7023,61.6,1.5,359.6,169.6,0.4943,0
1071,35.7357,52.0,1.8,355.4,175.5,0.8291,0
1072,35.7691,48.9,1.0,357.6,174.9,0.9253,0
1073,35.8024,94.8,2.0,358.4,169.1,0.9351,0
1074,35.8358,50.2,1.7,359.0,175.3,0.8703,0
1075,35.8692,46.6,1.5,364.4,176.3,0.92,0
1076,35.9025,63.1,1.2,364.5,174.4,0.8814,0
1077,35.9359,43.9,1.3,375.0,179.1,0.9205,0
1078,35.9693,59.9,0.9,379.3,176.4,0.9144,0
1079,36.0026,67.3,0.8,361.5,170.8,0.8559,0
1080,36.036,74.7,1.7,359.1,177.7,0.7707,0
1081,36.0694,73.0,1.2,367.5,170.6,0.9099,0
1082,36.1027,101.8,1.7,374.4,169.1,0.8459,0
1083,36.1361,99.1,1.9,361.0,174.8,0.9338,0
1084,36.1695,70.7,1.3,367.7,177.8,0.9421,0
1085,36.2028,62.4,1.4,365.6,192.7,0.9214,0
1085,36.2028,97.2,1.2,365.3,169.6,0.1567,0
1086,36.2362,58.0,2.6,370.2,178.5,0.9072,0
1087,36.2696,85.5,1.3,385.1,168.3,0.8708,0
1087,36.2696,77.4,1.3,381.3,173.4,0.151,0
1088,36.3029,72.6,0.5,376.0,179.1,0.8415,0
1089,36.3363,119.8,0.8,363.7,167.6,0.8311,0
1090,36.3697,114.5,1.9,363.8,168.5,0.8801,0
1091,36.403,71.3,1.5,350.5,177.9,0.3228,0
1092,36.4364,75.8,1.0,354.2,191.6,0.9371,0
1093,36.4698,69.5,1.5,356.1,179.5,0.9065,0
1094,36.5031,63.6,1.2,361.3,181.9,0.8458,0
1095,36.5365,67.5,1.0,370.0,173.2,0.8931,0
1096,36.5699,105.5,0.8,357.3,168.3,0.9016,0
1097,36.6032,73.9,2.6,361.3,168.7,0.7377,0
1097,36.6032,62.3,3.8,360.5,172.9,0.1052,0
1098,36.6366,68.6,1.0,365.2,170.5,0.7782,0
1098,36.6366,56.1,1.1,361.3,184.0,0.7427,0
1099,36.67,92.5,0.9,359.5,177.3,0.895,0
1100,36.7033,117.7,2.2,355.1,165.1,0.8051,0
1101,36.7367,111.0,2.1,364.5,166.7,0.5664,0
1102,36.7701,104.7,1.2,360.4,168.2,0.9117,0
1103,36.8034,98.4,1.6,362.1,173.0,0.7804,0
1104,36.8368,94.1,0.6,362.0,170.9,0.8612,0
1105,36.8702,107.9,2.1,360.3,168.2,0.9058,0
1106,36.9035,101.0,1.0,360.2,171.1,0.1864,0
1107,36.9369,106.2,1.8,362.7,170.0,0.7739,0
1108,36.9703,112.2,0.8,359.7,167.9,0.8576,0
1109,37.0036,82.1,1.2,363.9,171.0,0.8097,0
1110,37.037,65.9,3.1,363.7,181.3,0.8389,0
1111,37.0704,97.8,1.4,372.6,167.7,0.9058,0
1112,37.1037,94.9,0.8,375.3,169.9,0.891,0
1113,37.1371,81.2,2.5,358.4,171.0,0.7559,0
1114,37.1705,55.8,2.7,360.6,185.5,0.907,0
1115,37.2038,70.5,0.9,358.5,180.1,0.9232,0
1116,37.2372,61.4,1.5,362.3,174.9,0.8751,0
1117,37.2706,83.5,0.6,363.5,171.5,0.772,0
1118,37.3039,29.8,0.5,357.8,195.2,0.818,0
1119,37.3373,42.3,1.5,364.6,198.6,0.7529,0
1120,37.3707,87.7,0.9,367.3,175.2,0.7237,0
1120,37.3707,105.3,0.7,366.7,166.4,0.5084,0
1121,37.404,61.2,1.9,368.5,178.7,0.9211,0
1122,37.4374,108.3,1.4,359.0,171.5,0.9447,0
1123,37.4708,84.9,1.0,364.4,171.3,0.9454,0
1123,37.4708,101.4,1.3,364.4,168.6,0.391,0
1124,37.5041,53.3,0.9,366.7,173.6,0.9366,0
1125,37.5375,58.7,0.9,359.7,188.9,0.9245,0
1126,37.5709,47.6,1.2,362.5,193.0,0.9058,0
1127,37.6042,43.4,1.1,366.0,186.3,0.9279,0
1128,37.6376,119.3,1.0,365.8,168.9,0.8702,0
1129,37.671,77.2,0.9,354.8,178.0,0.7515,0
1130,37.7043,78.9,1.2,360.9,173.0,0.5423,0
1130,37.7043,67.0,1.0,361.5,179.7,0.2823,0
1131,37.7377,124.2,1.5,359.8,166.5,0.9238,0
1132,37.7711,78.6,0.6,359.7,175.4,0.928,0
1132,37.7711,95.7,1.2,359.7,167.5,0.3365,0
1133,37.8044,115.1,1.7,373.8,168.0,0.9144,0
1134,37.8378,99.9,1.4,383.5,172.1,0.8595,0
1135,37.8712,112.5,2.1,364.0,168.6,0.9114,0
1136,37.9045,105.4,0.9,356.7,170.8,0.8396,0
1137,37.9379,65.0,2.1,360.1,179.3,0.9102,0
1138,37.9713,68.6,1.1,367.5,175.4,0.9394,0
1139,38.0046,96.5,1.6,359.2,176.1,0.9402,0
1140,38.038,79.2,2.0,357.9,179.6,0.9053,0
1141,38.0714,73.7,1.7,355.7,181.7,0.7699,0
1141,38.0714,109.1,2.1,354.1,167.8,0.2986,0
1142,38.1047,74.1,0.7,360.9,171.5,0.949,0
1143,38.1381,106.1,1.1,351.6,168.0,0.8879,0
1144,38.1715,105.5,1.2,349.7,169.3,0.4968,0
1144,38.1715,99.4,1.7,350.2,174.1,0.4822,0
1145,38.2048,108.6,1.9,352.8,169.4,0.9183,0
1146,38.2382,105.9,1.2,359.7,171.1,0.9042,0
1147,38.2716,102.8,0.9,354.7,167.4,0.1299,0
1148,38.3049,31.3,2.4,361.7,176.5,0.4654,0
1148,38.3049,39.2,3.0,360.2,177.1,0.3393,0
1149,38.3383,46.6,2.3,364.1,176.7,0.9245,0
1150,38.3717,56.6,1.0,358.2,175.8,0.9198,0
1151,38.405,59.6,1.8,360.6,185.0,0.9392,0
1152,38.4384,57.6,1.3,357.9,187.6,0.9228,0
1153,38.4718,56.9,0.8,357.7,182.1,0.8223,0
1153,38.4718,95.5,1.5,356.2,168.8,0.4165,0
1154,38.5051,101.7,1.6,365.6,181.8,0.5035,0
1154,38.5051,110.9,1.8,363.5,169.6,0.3853,0
1155,38.5385,103.8,1.9,361.8,169.4,0.881,0
1156,38.5719,106.4,1.7,355.7,168.3,0.9106,0
1157,38.6052,66.2,1.2,358.5,170.7,0.4404,0
1157,38.6052,53.6,1.8,358.1,180.6,0.1355,0
1158,38.6386,50.9,2.6,356.6,184.4,0.1877,0
1158,38.6386,62.2,1.5,356.6,171.9,0.1712,0
1159,38.672,52.1,1.4,355.9,172.5,0.8862,0
1160,38.7053,88.9,1.6,354.9,171.5,0.9349,0
1161,38.7387,70.6,1.0,360.3,170.8,0.4929,0
1161,38.7387,60.4,1.3,359.8,173.7,0.2745,0
1162,38.7721,95.2,1.0,356.4,169.9,0.8713,0
1163,38.8054,35.5,0.8,356.9,182.3,0.8449,0
1164,38.8388,62.9,1.5,358.8,179.6,0.9063,0
1165,38.8722,56.4,1.7,356.4,182.7,0.9096,0
1166,38.9055,89.2,1.4,357.9,173.8,0.9435,0
1167,38.9389,98.3,1.0,359.6,169.5,0.9237,0
1168,38.9723,109.3,1.0,358.7,168.1,0.9288,0
1169,39.0056,107.7,1.1,354.3,168.5,0.9143,0
1170,39.039,72.7,1.7,363.0,181.1,0.9253,0
1171,39.0724,115.5,1.6,373.7,168.6,0.8794,0
1172,39.1057,78.5,1.9,373.5,179.3,0.8966,0
1172,39.1057,99.8,1.9,376.5,169.4,0.1021,0
1173,39.1391,43.8,0.9,363.4,178.6,0.9053,0
1174,39.1725,64.4,1.3,375.5,178.8,0.903,0
1174,39.1725,88.1,1.9,376.8,171.9,0.1058,0
1175,39.2058,67.9,0.2,369.0,180.2,0.9022,0
1176,39.2392,62.7,1.6,368.7,178.7,0.8933,0
1177,39.2726,81.5,1.8,370.1,176.3,0.6872,0
1178,39.3059,112.8,1.2,381.0,169.9,0.8519,0
1179,39.3393,90.4,1.2,359.3,171.9,0.4697,0
1179,39.3393,75.2,1.3,359.3,183.5,0.2274,0
1180,39.3727,73.0,0.9,360.8,194.3,0.9314,0
1180,39.3727,107.8,1.2,360.3,171.1,0.1587,0
1181,39.406,70.2,1.6,363.5,206.9,0.8884,0
1182,39.4394,65.4,1.3,372.1,199.7,0.9356,0
1183,39.4728,62.0,1.6,362.9,195.6,0.8941,0
1184,39.5061,46.0,1.6,367.0,186.6,0.8785,0
1185,39.5395,55.3,1.2,360.1,182.9,0.9231,0
1186,39.5729,95.2,1.2,354.2,183.7,0.9301,0
1187,39.6062,106.3,1.3,363.8,169.5,0.6884,0
1187,39.6062,78.5,1.4,363.7,182.9,0.2264,0
1188,39.6396,115.2,1.7,360.9,171.7,0.3428,0
1188,39.6396,106.3,1.7,361.6,184.6,0.204,0
1189,39.673,86.8,1.3,357.5,197.8,0.1159,0
1190,39.7063,78.8,1.7,356.9,188.8,0.9237,0
1191,39.7397,107.8,1.5,360.9,172.6,0.9444,0
1192,39.7731,97.2,0.8,364.6,170.4,0.6402,0
1192,39.7731,83.5,1.2,364.5,176.0,0.1229,0
1193,39.8064,84.4,1.7,362.1,185.6,0.9269,0
1194,39.8398,99.2,1.3,357.7,171.1,0.9264,0
1195,39.8732,107.9,0.6,356.3,169.4,0.9207,0
1196,39.9065,109.7,1.0,355.6,169.9,0.9166,0
1197,39.9399,59.3,1.1,359.5,181.6,0.9305,0
1198,39.9733,114.3,1.6,365.0,169.3,0.6886,0
1199,40.0066,45.8,2.9,361.4,186.7,0.8484,0
1200,40.04,85.1,2.0,364.7,173.3,0.4838,0
1200,40.04,72.2,2.2,365.4,182.5,0.259,0
1201,40.0734,49.7,1.3,362.7,184.7,0.9007,0
1202,40.1067,80.6,0.8,365.2,171.3,0.7753,0
1202,40.1067,39.5,0.4,169.1,179.9,0.3773,0
1203,40.1401,89.7,1.0,358.9,170.6,0.9021,0
1204,40.1735,61.0,1.7,363.3,185.4,0.925,0
1205,40.2068,107.3,0.6,363.3,171.3,0.8655,0
1206,40.2402,101.6,0.6,356.8,170.3,0.9277,0
1207,40.2736,100.6,1.5,360.5,175.8,0.868,0
1208,40.3069,107.9,0.9,362.6,182.4,0.9292,0
1209,40.3403,102.8,0.6,366.5,177.5,0.9316,0
1210,40.3737,57.4,1.9,361.1,181.3,0.8987,0
1211,40.407,101.2,1.3,362.6,189.8,0.9323,0
1212,40.4404,98.1,1.5,361.5,171.7,0.9259,0
1213,40.4738,95.7,0.8,364.8,171.6,0.9234,0
1214,40.5071,72.0,1.0,356.3,172.3,0.7859,0
1215,40.5405,101.1,1.4,363.5,171.8,0.9226,0
1216,40.5739,83.7,0.6,366.4,174.7,0.9362,0
1217,40.6072,60.3,2.8,359.4,181.6,0.7472,0
1218,40.6406,89.2,1.2,358.0,170.0,0.9053,0
1219,40.674,59.6,1.4,356.8,180.0,0.9163,0
1220,40.7073,101.5,1.0,351.0,170.8,0.8141,0
1221,40.7407,109.4,1.1,349.9,169.4,0.922,0
1222,40.7741,53.4,1.4,353.7,181.7,0.8879,0
1223,40.8074,96.2,1.2,356.4,172.3,0.8819,0
1224,40.8408,87.2,1.7,358.3,169.9,0.8077,0
1225,40.8742,102.4,3.0,355.5,173.4,0.7451,0
1226,40.9075,82.2,1.8,354.9,171.8,0.3285,0
1226,40.9075,64.6,2.8,354.4,180.3,0.2931,0
1227,40.9409,98.0,1.7,357.5,172.4,0.7931,0
1228,40.9743,100.1,0.9,375.7,170.5,0.9105,0
1229,41.0076,69.6,0.7,365.5,173.1,0.7374,0
1229,41.0076,44.3,1.6,168.4,180.3,0.178,0
1230,41.041,100.8,1.4,356.6,175.6,0.9338,0
1231,41.0744,76.2,1.1,355.9,181.6,0.8945,0
1232,41.1077,47.6,1.8,357.6,183.5,0.9085,0
1233,41.1411,44.1,1.9,362.9,180.3,0.8051,0
1234,41.1745,39.0,1.4,363.8,184.3,0.7778,0
1235,41.2078,45.3,0.1,368.4,182.4,0.9182,0
1236,41.2412,113.8,3.5,363.6,172.9,0.6802,0
1237,41.2746,63.2,1.8,369.4,181.4,0.9374,0
1238,41.3079,82.1,1.3,365.6,170.3,0.8967,0
1239,41.3413,63.4,1.8,357.5,176.2,0.9015,0
1240,41.3747,71.5,1.5,368.9,174.9,0.9214,0
1240,41.3747,103.1,2.1,366.9,167.8,0.6507,0
1241,41.408,98.9,0.8,368.5,169.4,0.9154,0
1242,41.4414,98.3,0.9,355.5,168.5,0.9222,0
1243,41.4748,65.3,1.0,355.6,175.5,0.9296,0
1244,41.5081,46.3,1.4,357.8,183.3,0.9218,0
1245,41.5415,54.6,0.8,356.6,187.0,0.8484,0
1246,41.5749,48.2,0.7,356.8,184.3,0.874,0
1247,41.6082,56.2,1.3,360.0,186.0,0.8924,0
1248,41.6416,40.5,0.7,359.5,183.4,0.8536,0
1249,41.675,50.7,1.2,366.2,180.9,0.875,0
1250,41.7083,53.9,1.0,369.7,175.0,0.9326,0
1251,41.7417,47.8,2.2,359.1,178.1,0.8976,0
1252,41.7751,62.8,2.6,357.4,180.8,0.8787,0
1253,41.8084,51.9,2.3,360.2,180.9,0.9035,0
1254,41.8418,83.4,2.9,362.3,177.5,0.8075,0
1255,41.8752,46.9,2.9,365.5,184.1,0.8776,0
1256,41.9085,56.6,2.7,369.0,183.9,0.9129,0
1257,41.9419,104.2,2.9,365.3,168.5,0.3328,0
1257,41.9419,95.4,3.4,365.1,176.6,0.1518,0
1258,41.9753,50.8,1.0,368.7,184.3,0.8844,0
1259,42.0086,70.6,1.6,367.7,174.5,0.7052,0
1260,42.042,79.4,1.2,365.4,171.4,0.8409,0
1261,42.0754,71.8,0.6,364.0,170.8,0.8903,0
1262,42.1087,40.6,1.0,360.2,186.1,0.8378,0
1263,42.1421,43.8,0.9,370.4,179.9,0.9018,0
1264,42.1755,95.1,1.0,378.9,167.9,0.9135,0
1265,42.2088,45.0,3.3,367.2,181.9,0.9047,0
1266,42.2422,55.9,3.9,376.2,173.6,0.7888,0
1266,42.2422,88.9,5.2,376.7,167.0,0.4458,0
1267,42.2756,73.4,2.3,376.9,178.0,0.926,0
1268,42.3089,108.1,2.8,378.4,169.0,0.8719,0
1268,42.3089,104.3,2.3,375.3,174.5,0.1243,0
1269,42.3423,102.7,1.6,359.5,170.0,0.8188,0
1270,42.3757,89.8,1.4,362.8,169.5,0.9015,0
1271,42.409,99.4,1.1,359.5,170.2,0.9386,0
1272,42.4424,99.1,0.6,363.2,170.5,0.6127,0
1272,42.4424,90.2,0.5,362.3,172.2,0.3322,0
1273,42.4758,44.8,1.3,356.6,179.5,0.7592,0
1274,42.5091,71.7,1.0,354.2,170.6,0.816,0
1275,42.5425,57.5,1.6,356.5,180.4,0.9272,0
1276,42.5759,92.0,0.7,357.8,174.6,0.9496,0
1277,42.6092,60.8,0.8,362.3,177.1,0.9226,0
1278,42.6426,99.0,1.4,363.3,173.6,0.9365,0
1279,42.676,98.9,3.2,371.7,171.9,0.9393,0
1280,42.7093,54.9,1.1,364.0,183.8,0.9182,0
1281,42.7427,58.2,1.8,362.1,180.1,0.9279,0
1282,42.7761,57.0,1.1,356.7,183.7,0.8365,0
1283,42.8094,77.9,3.8,356.5,173.4,0.9293,0
1284,42.8428,99.2,2.6,356.6,172.3,0.9497,0
1285,42.8762,62.7,1.2,361.7,183.2,0.927,0
1286,42.9095,88.8,0.9,364.8,172.0,0.8959,0
1287,42.9429,73.6,1.1,360.9,183.4,0.8985,0
1287,42.9429,105.1,1.7,359.5,170.1,0.2069,0
1288,42.9763,122.0,1.5,367.7,169.5,0.865,0
1289,43.0096,124.4,0.7,375.1,168.0,0.9233,0
1290,43.043,108.2,2.1,356.6,170.2,0.9058,0
1291,43.0764,76.3,1.5,357.0,175.4,0.9084,0
1292,43.1097,63.3,2.3,353.4,174.0,0.6245,0
1292,43.1097,70.3,1.8,352.9,170.8,0.3073,0
1293,43.1431,72.9,1.0,360.0,170.4,0.574,0
1293,43.1431,67.7,1.0,359.2,176.2,0.3314,0
1294,43.1765,101.4,1.1,358.8,170.1,0.8967,0
1295,43.2098,103.0,2.4,353.7,169.4,0.9127,0
1296,43.2432,103.8,1.5,357.4,174.6,0.7604,0
1297,43.2766,92.7,2.0,357.6,180.1,0.4002,0
1297,43.2766,100.0,1.1,357.4,171.0,0.1947,0
1298,43.3099,106.2,1.8,356.3,169.5,0.9147,0
1299,43.3433,102.0,1.5,355.8,169.5,0.9185,0
1300,43.3767,98.7,1.6,354.0,175.6,0.7542,0
1301,43.41,97.0,0.4,353.7,169.5,0.8632,0
1302,43.4434,117.7,1.4,352.5,167.4,0.8746,0
1303,43.4768,60.9,0.9,355.9,185.1,0.911,0
1304,43.5101,101.3,0.6,356.2,176.1,0.6997,0
1304,43.5101,106.5,1.1,356.1,170.7,0.1932,0
1305,43.5435,81.4,2.5,351.4,178.1,0.9074,0
1306,43.5769,91.9,1.3,354.0,176.0,0.4709,0
1306,43.5769,28.7,1.4,184.3,181.2,0.173,0
1307,43.6102,48.3,0.9,363.9,183.3,0.9156,0
1308,43.6436,85.5,1.7,358.6,170.7,0.8463,0
1309,43.677,49.1,3.7,361.3,180.3,0.8926,0
1310,43.7103,58.3,1.2,354.4,184.0,0.8392,0
1311,43.7437,53.0,1.9,356.4,180.7,0.497,0
1311,43.7437,41.9,6.4,367.2,259.9,0.1759,0
1312,43.7771,122.6,3.2,349.0,165.6,0.903,0
1313,43.8104,116.8,2.9,352.8,164.6,0.9238,0
1314,43.8438,112.8,1.2,356.6,166.1,0.9352,0
1315,43.8772,107.7,1.7,356.1,169.3,0.9208,0
1316,43.9105,86.1,0.9,361.6,169.5,0.8878,0
1317,43.9439,60.3,3.9,353.4,184.9,0.8652,0
1318,43.9773,75.5,2.5,354.9,179.5,0.8941,0
1319,44.0106,88.2,1.8,351.6,182.4,0.6765,0
1320,44.044,36.9,1.7,356.5,173.3,0.9165,0
1321,44.0774,58.4,1.6,361.2,179.6,0.8473,0
1322,44.1107,61.0,1.3,361.2,181.8,0.2559,0
1322,44.1107,74.2,0.9,360.7,171.5,0.2291,0
1323,44.1441,113.3,1.3,358.9,170.4,0.3951,0
1324,44.1775,111.0,2.4,358.2,165.6,0.9173,0
1325,44.2108,108.0,1.8,362.4,169.2,0.8766,0
1326,44.2442,62.1,1.7,362.6,181.2,0.9245,0
1327,44.2776,108.9,1.5,350.5,170.1,0.83,0
1328,44.3109,105.8,1.2,346.8,170.2,0.8938,0
1329,44.3443,110.1,1.5,351.0,169.8,0.9208,0
1330,44.3777,107.9,1.2,352.3,169.6,0.9226,0
1331,44.411,120.2,1.2,350.6,167.4,0.8531,0
1332,44.4444,81.4,1.7,345.3,179.1,0.9231,0
1333,44.4778,121.0,1.2,349.1,164.5,0.9244,0
1334,44.5111,116.1,1.3,349.3,165.4,0.3876,0
1335,44.5445,115.5,1.3,354.1,169.1,0.6939,0
1336,44.5779,114.8,1.4,355.0,170.0,0.9112,0
1337,44.6112,110.1,1.4,357.0,170.0,0.9082,0
1338,44.6446,95.5,1.6,353.7,171.5,0.8975,0
1339,44.678,79.0,4.5,357.1,170.6,0.6105,0
1340,44.7113,82.9,2.8,365.5,169.8,0.8916,0
1341,44.7447,80.4,3.1,363.7,170.6,0.8199,0
1342,44.7781,40.3,0.9,358.9,183.5,0.8571,0
1342,44.7781,64.0,1.1,358.4,172.9,0.1914,0
1343,44.8114,45.0,0.7,351.0,183.4,0.8468,0
1344,44.8448,43.5,1.7,353.5,178.3,0.9058,0
1344,44.8448,63.1,3.1,352.3,171.7,0.3078,0
1345,44.8782,54.8,1.9,353.4,179.0,0.7761,0
1345,44.8782,73.7,2.4,353.4,169.9,0.7229,0
1346,44.9115,101.6,1.2,353.9,169.0,0.9314,0
1347,44.9449,63.0,2.3,357.9,174.8,0.9259,0
1348,44.9783,94.2,4.2,354.5,169.4,0.8969,0
1349,45.0116,112.7,1.7,354.1,169.3,0.893,0
1350,45.045,111.9,2.1,360.0,168.0,0.9134,0
1351,45.0784,105.7,1.4,365.6,168.2,0.8568,0
1352,45.1117,60.5,2.4,357.6,177.9,0.9022,0
1353,45.1451,90.1,1.2,353.6,168.9,0.8741,0
1354,45.1785,48.2,1.9,356.8,177.4,0.7397,0
1355,45.2118,40.9,2.4,357.6,181.8,0.9169,0
1356,45.2452,39.6,0.8,356.0,182.9,0.8805,0
1357,45.2786,97.9,1.5,356.4,168.6,0.9066,0
1358,45.3119,86.6,1.0,357.3,170.0,0.8612,0
1359,45.3453,76.3,1.0,357.9,178.0,0.8972,0
1360,45.3787,102.9,1.8,357.6,173.6,0.9332,0
1361,45.412,101.5,1.2,354.0,170.0,0.8116,0
1362,45.4454,53.6,1.5,348.1,177.4,0.8327,0
1363,45.4788,67.2,1.4,351.9,179.9,0.9086,0
1364,45.5121,84.3,1.5,357.6,170.4,0.8775,0
1365,45.5455,99.5,1.2,351.9,168.0,0.9287,0
1366,45.5789,102.9,1.8,354.1,168.5,0.9333,0
1367,45.6122,101.8,1.2,349.2,168.1,0.9173,0
1367,45.6122,100.4,37.3,158.0,160.9,0.1159,0
1368,45.6456,97.3,1.5,347.7,168.8,0.9236,0
1369,45.679,85.8,1.3,354.4,168.4,0.8987,0
1370,45.7123,81.4,2.1,354.2,169.9,0.3807,0
1371,45.7457,91.4,1.1,347.0,168.8,0.9084,0
1372,45.7791,90.3,1.9,342.4,168.8,0.9228,0
1373,45.8124,98.4,1.6,352.0,170.2,0.8995,0
1374,45.8458,37.9,0.8,348.9,188.4,0.8978,0
1375,45.8792,61.5,1.8,347.3,192.5,0.7324,0
1376,45.9125,73.3,1.6,349.4,173.5,0.321,0
1377,45.9459,79.8,1.2,347.9,176.7,0.5713,0
1378,45.9793,99.5,1.1,354.3,171.1,0.8939,0
1379,46.0126,75.6,1.8,355.3,174.6,0.3255,0
1380,46.046,74.2,1.6,353.0,171.3,0.8085,0
1381,46.0794,57.6,3.0,354.4,193.6,0.8534,0
1382,46.1127,49.5,1.5,352.8,187.0,0.851,0
1383,46.1461,70.0,1.0,355.8,170.7,0.7686,0
1384,46.1795,65.3,2.4,355.1,170.6,0.8253,0
1384,46.1795,50.7,2.2,356.4,182.1,0.7367,0
1385,46.2128,43.2,2.0,354.0,191.5,0.795,0
1385,46.2128,60.5,2.6,352.7,171.0,0.4327,0
1386,46.2462,86.0,3.6,350.0,169.2,0.895,0
1387,46.2796,95.1,0.9,349.2,169.3,0.9142,0
1388,46.3129,64.8,2.0,350.1,177.0,0.7552,0
1389,46.3463,77.6,1.9,349.4,167.2,0.8999,0
1390,46.3797,116.5,0.8,356.4,165.8,0.903,0
1391,46.413,91.9,0.9,363.3,170.8,0.8635,0
1392,46.4464,61.2,2.5,346.3,175.9,0.6235,0
1393,46.4798,89.6,1.3,346.8,169.8,0.8894,0
1394,46.5131,67.1,0.9,357.4,171.2,0.7237,0
1395,46.5465,113.3,1.3,352.7,168.4,0.9294,0
1396,46.5799,106.5,1.4,353.0,168.0,0.8251,0
1396,46.5799,103.7,2.6,352.2,168.9,0.1013,0
1397,46.6132,78.1,1.5,356.0,173.9,0.4151,0
1397,46.6132,95.6,1.0,356.3,169.0,0.3643,0
1398,46.6466,97.4,1.5,347.0,169.6,0.8907,0
1399,46.68,67.6,1.1,353.9,169.7,0.8234,0
1400,46.7133,72.0,2.9,351.5,169.0,0.6936,0
1401,46.7467,51.8,1.9,351.0,175.5,0.8387,0
1402,46.7801,43.2,1.4,355.3,180.2,0.9293,0
1403,46.8134,40.9,1.2,356.8,183.6,0.8971,0
1404,46.8468,88.1,0.9,351.7,171.6,0.9012,0
1405,46.8802,76.7,0.8,353.1,170.4,0.6496,0
1405,46.8802,61.0,1.5,352.8,175.9,0.1392,0
1406,46.9135,32.5,1.3,355.8,178.2,0.8435,0
1407,46.9469,106.3,1.1,357.9,171.1,0.9198,0
1408,46.9803,108.3,1.2,355.4,168.1,0.9287,0
1409,47.0136,52.3,2.5,353.3,176.0,0.872,0
1410,47.047,57.6,2.0,353.0,182.1,0.8442,0
1411,47.0804,51.1,2.6,367.3,186.0,0.8482,0
1411,47.0804,30.1,10.7,371.9,257.6,0.114,0
1412,47.1137,84.0,2.9,360.7,170.7,0.7865,0
1413,47.1471,45.9,2.3,355.5,174.8,0.5478,0
1413,47.1471,63.8,3.0,355.3,169.2,0.3545,0
1414,47.1805,69.3,1.3,361.3,169.6,0.8565,0
1415,47.2138,94.7,1.6,351.7,168.4,0.931,0
1416,47.2472,88.3,1.4,354.4,169.4,0.8939,0
1417,47.2806,93.3,1.2,354.1,169.8,0.8696,0
1418,47.3139,99.6,2.8,359.2,170.2,0.9051,0
1419,47.3473,85.2,3.0,360.9,172.4,0.7351,0
1420,47.3807,38.8,0.9,360.3,195.2,0.5931,0
1420,47.3807,42.2,1.4,360.6,200.4,0.1055,0
1421,47.414,30.1,1.3,362.2,197.4,0.9098,0
1422,47.4474,57.2,1.4,358.1,193.1,0.8942,0
1422,47.4474,42.3,7.8,364.1,262.4,0.2057,0
1423,47.4808,49.1,1.5,364.9,191.6,0.8151,0
1423,47.4808,35.1,9.2,365.0,254.9,0.1791,0
1424,47.5141,46.6,3.1,371.2,186.6,0.9224,0
1425,47.5475,47.0,1.7,361.1,177.5,0.9391,0
1426,47.5809,55.5,1.6,358.9,174.9,0.9329,0
1427,47.6142,48.8,1.7,358.4,171.0,0.9245,0
1428,47.6476,55.1,2.0,357.3,182.2,0.8946,0
1429,47.681,60.1,1.0,354.2,184.0,0.9107,0
1430,47.7143,46.3,1.7,355.0,177.4,0.7457,0
1431,47.7477,52.7,1.7,358.0,177.3,0.8978,0
1432,47.7811,79.0,0.8,363.5,179.7,0.8587,0
1432,47.7811,109.7,0.8,366.1,168.1,0.1747,0
1433,47.8144,78.8,2.4,355.1,172.7,0.9183,0
1434,47.8478,110.0,1.4,355.3,168.1,0.7392,0
1435,47.8812,106.3,1.3,366.1,170.5,0.7357,0
1436,47.9145,101.8,1.6,361.2,166.8,0.9103,0
1437,47.9479,96.4,1.6,358.1,168.0,0.8927,0
1438,47.9813,93.0,1.4,355.5,169.5,0.5392,0
1439,48.0146,57.0,2.4,356.4,186.0,0.2496,0
1439,48.0146,70.0,1.8,356.3,172.7,0.1719,0
1440,48.048,50.9,1.7,358.9,189.7,0.7866,0
1441,48.0814,80.4,1.4,366.0,189.2,0.9075,0
1442,48.1147,42.1,2.2,368.7,188.3,0.892,0
1443,48.1481,53.3,1.6,368.2,176.4,0.9252,0
1444,48.1815,97.9,1.3,358.8,168.3,0.9331,0
1445,48.2148,117.5,1.2,361.5,166.9,0.889,0
1446,48.2482,115.0,1.6,371.2,168.0,0.9199,0
1447,48.2816,43.7,1.7,360.0,190.5,0.8735,0
1448,48.3149,39.7,1.4,354.5,191.6,0.8787,0
1449,48.3483,46.3,2.4,356.6,216.9,0.52,0
1449,48.3483,44.0,2.6,355.6,206.9,0.1423,0
1450,48.3817,49.2,2.0,352.4,196.4,0.6262,0
1450,48.3817,54.7,1.9,353.6,200.6,0.3489,0
1451,48.415,44.1,1.3,355.7,192.9,0.9155,0
1452,48.4484,65.0,1.5,354.9,188.4,0.9159,0
1452,48.4484,72.2,1.2,356.7,175.4,0.1672,0
1453,48.4818,82.4,4.8,354.4,170.4,0.8595,0
1454,48.5151,74.3,1.4,355.3,186.7,0.8684,0
1455,48.5485,45.9,1.0,357.8,184.2,0.8462,0
1456,48.5819,56.3,2.0,359.7,185.8,0.8893,0
1457,48.6152,52.8,2.0,359.0,178.3,0.9213,0
1457,48.6152,57.8,2.1,357.7,171.3,0.4404,0
1458,48.6486,43.5,1.2,359.7,180.2,0.9195,0
1459,48.682,49.4,0.8,358.4,186.1,0.8984,0
1460,48.7153,39.8,0.4,352.8,177.8,0.9419,0
1461,48.7487,56.7,1.7,352.9,179.2,0.567,0
1462,48.7821,62.4,1.4,351.0,181.2,0.8206,0
1463,48.8154,97.2,1.4,342.7,171.2,0.8596,0
1464,48.8488,101.0,1.4,345.2,169.5,0.9274,0
1465,48.8822,65.1,1.5,348.4,174.4,0.9159,0
1466,48.9155,106.0,1.5,350.1,169.8,0.907,0
1467,48.9489,97.4,2.9,353.7,168.6,0.8313,0
1468,48.9823,71.6,1.3,350.2,169.3,0.7862,0
1469,49.0156,85.5,2.5,355.0,170.0,0.8758,0
1470,49.049,119.2,4.2,354.3,167.4,0.9282,0
1471,49.0824,87.6,2.1,353.3,170.3,0.9279,0
1472,49.1157,66.2,1.0,354.8,181.9,0.9269,0
1473,49.1491,63.4,1.7,357.0,183.8,0.9195,0
1474,49.1825,53.3,2.8,361.3,179.8,0.9201,0
1475,49.2158,66.8,1.7,360.7,176.1,0.924,0
1476,49.2492,54.5,2.0,355.5,174.0,0.7582,0
1477,49.2826,62.3,2.3,357.0,170.1,0.8915,0
1478,49.3159,62.0,1.0,355.4,171.6,0.9383,0
1479,49.3493,60.4,1.5,351.2,170.7,0.9211,0
1480,49.3827,103.6,2.1,352.4,167.7,0.3284,0
1481,49.416,102.1,1.3,355.1,169.6,0.945,0
1482,49.4494,103.4,1.5,353.5,169.9,0.9461,0
1483,49.4828,67.4,1.4,353.1,179.3,0.9023,0
1484,49.5161,49.8,1.6,345.3,183.5,0.3136,0
1485,49.5495,38.4,1.2,344.6,183.8,0.8808,0
1486,49.5829,49.9,2.0,346.0,182.1,0.4425,0
1487,49.6162,52.6,1.4,354.5,184.2,0.8687,0
1488,49.6496,108.1,1.5,354.6,170.7,0.712,0
1489,49.683,114.6,1.9,356.4,171.5,0.6979,0
1490,49.7163,107.2,1.1,353.0,170.2,0.7413,0
1491,49.7497,64.3,2.7,359.6,183.0,0.8937,0
1492,49.7831,93.5,2.5,365.8,193.4,0.8948,0
1493,49.8164,64.2,3.1,361.8,186.2,0.8401,0
1494,49.8498,76.9,1.3,355.9,176.0,0.8781,0
1495,49.8832,112.9,1.4,358.1,168.7,0.7133,0
1496,49.9165,74.1,1.1,365.9,191.7,0.8755,0
1497,49.9499,88.5,2.4,365.7,185.5,0.7888,0
1498,49.9833,93.9,0.9,354.8,175.4,0.754,0
1499,50.0166,110.3,1.2,353.1,170.8,0.6678,0
1500,50.05,117.0,1.3,350.9,167.9,0.8328,0
1500,50.05,111.5,1.2,351.9,171.8,0.1839,0
1501,50.0834,64.2,0.6,356.8,180.5,0.8722,0
1502,50.1167,58.0,2.0,358.4,179.3,0.8883,0
1503,50.1501,119.4,1.3,356.4,172.1,0.4638,0
1504,50.1835,116.4,1.3,350.4,170.0,0.716,0
1505,50.2168,62.7,1.6,352.4,181.4,0.9244,0
1506,50.2502,58.1,1.4,356.3,178.0,0.9254,0
1507,50.2836,73.0,1.2,351.6,174.0,0.9248,0
1508,50.3169,48.1,1.2,353.5,190.5,0.6793,0
1508,50.3169,53.4,1.7,351.2,188.9,0.146,0
1509,50.3503,59.0,1.3,355.5,185.0,0.9101,0
1510,50.3837,102.3,2.4,354.9,190.8,0.5559,0
1511,50.417,98.2,2.1,355.5,215.5,0.5477,0
1512,50.4504,117.1,1.3,355.8,177.8,0.1712,0
1513,50.4838,60.8,1.3,357.1,203.7,0.8023,0
1514,50.5171,60.4,2.6,360.4,206.2,0.2169,0
1514,50.5171,47.5,3.4,366.8,245.1,0.1586,0
1515,50.5505,55.8,2.4,356.8,203.0,0.5749,0
1516,50.5839,,,,,,
1517,50.6172,68.8,2.4,356.6,187.8,0.5835,0
1518,50.6506,60.9,1.6,353.7,182.5,0.8375,0
1519,50.684,51.8,1.3,358.9,199.6,0.8675,0
1520,50.7173,,,,,,
1521,50.7507,84.9,0.8,359.4,221.5,0.737,0
1522,50.7841,56.5,1.6,358.7,202.5,0.8587,0
1523,50.8174,73.1,1.8,354.0,190.6,0.892,0
1524,50.8508,102.1,1.6,358.1,170.9,0.6744,0
1524,50.8508,101.3,2.0,357.8,176.6,0.1893,0
1525,50.8842,98.3,1.1,359.7,169.8,0.8946,0
1526,50.9175,60.8,0.9,367.9,189.0,0.9091,0
1527,50.9509,109.5,0.7,363.5,167.9,0.5483,0
1528,50.9843,74.4,1.6,366.4,174.4,0.9069,0
1529,51.0176,81.5,1.9,348.9,176.0,0.911,0
1530,51.051,109.7,1.0,351.3,169.4,0.9237,0
1531,51.0844,107.2,1.2,351.2,171.8,0.7048,0
1532,51.1177,102.3,1.2,350.0,172.7,0.8916,0
1533,51.1511,81.8,0.9,351.2,190.1,0.8457,0
1534,51.1845,100.5,1.2,353.8,170.8,0.8946,0
1535,51.2178,84.3,1.0,352.7,170.6,0.9063,0
1536,51.2512,30.8,1.3,356.5,173.5,0.9164,0
1537,51.2846,51.6,1.5,359.8,180.8,0.8934,0
1538,51.3179,47.9,2.8,358.8,175.6,0.9365,0
1539,51.3513,48.4,0.9,360.2,185.8,0.9257,0
1540,51.3847,89.5,1.7,354.5,182.2,0.9303,0
1541,51.418,91.6,1.6,358.3,173.0,0.927,0
1542,51.4514,69.8,2.2,364.0,172.9,0.9384,0
1543,51.4848,61.7,3.0,373.0,174.9,0.9477,0
1544,51.5181,111.7,0.9,363.8,167.8,0.9258,0
1545,51.5515,115.2,0.9,355.2,165.7,0.9247,0
1546,51.5849,118.8,1.5,353.9,165.7,0.9174,0
1547,51.6182,118.1,1.5,353.0,166.4,0.863,0
1548,51.6516,103.2,1.3,355.5,168.9,0.5905,0
1548,51.6516,90.7,1.9,355.5,175.2,0.1873,0
1549,51.685,67.7,2.7,354.9,181.1,0.8769,0
1550,51.7183,47.0,1.6,351.6,177.9,0.4272,0
1551,51.7517,52.7,1.4,352.7,175.5,0.9107,0
1552,51.7851,53.8,2.1,351.2,173.9,0.9304,0
1553,51.8184,89.8,2.1,343.5,175.1,0.9023,0
1554,51.8518,55.6,1.3,347.1,181.9,0.8561,0
1555,51.8852,64.1,1.9,353.0,174.8,0.9323,0
1556,51.9185,59.9,1.3,356.0,172.4,0.9258,0
1557,51.9519,58.4,2.1,352.2,182.6,0.925,0
1558,51.9853,119.4,0.6,350.3,167.7,0.9261,0
1559,52.0186,116.9,1.3,352.4,168.9,0.7999,0
1560,52.052,98.9,1.2,355.0,171.8,0.815,0
1561,52.0854,105.4,0.8,351.7,168.9,0.9182,0
1562,52.1187,115.7,1.1,352.9,169.6,0.8934,0
1563,52.1521,117.1,1.5,354.8,166.7,0.6254,0
1564,52.1855,105.6,1.0,359.9,173.3,0.8986,0
1565,52.2188,104.6,0.4,362.4,171.4,0.8806,0
1566,52.2522,87.7,2.0,367.7,175.7,0.9214,0
1567,52.2856,86.7,2.0,356.3,188.4,0.9195,0
1568,52.3189,100.9,1.7,356.7,170.8,0.8829,0
1569,52.3523,75.0,4.0,355.4,177.0,0.9208,0
1570,52.3857,84.3,1.6,352.9,176.3,0.9158,0
1571,52.419,103.6,1.1,351.8,169.1,0.9033,0
1572,52.4524,103.0,1.1,349.2,170.2,0.9289,0
1573,52.4858,97.9,1.4,357.9,171.4,0.7621,0
1573,52.4858,97.8,1.3,357.0,169.4,0.2508,0
1574,52.5191,65.6,2.0,355.3,173.8,0.7389,0
1575,52.5525,107.9,0.8,359.5,170.9,0.837,0
1576,52.5859,72.2,1.2,363.4,177.5,0.9387,0
1577,52.6192,73.6,1.8,367.1,174.5,0.9387,0
1578,52.6526,76.4,1.0,354.6,169.2,0.8669,0
1579,52.686,99.0,1.0,361.3,171.6,0.9489,0
1580,52.7193,93.0,1.6,348.0,173.0,0.9399,0
1581,52.7527,58.0,0.9,354.2,177.6,0.9005,0
1582,52.7861,97.3,0.9,356.7,168.9,0.9379,0
1583,52.8194,82.3,0.6,351.4,170.1,0.922,0
1584,52.8528,62.5,1.5,353.3,170.5,0.6383,0
1584,52.8528,51.8,1.6,353.1,173.4,0.1536,0
1585,52.8862,104.9,0.6,352.1,170.3,0.9332,0
1586,52.9195,98.5,2.3,352.4,171.8,0.9444,0
1587,52.9529,67.7,2.7,350.6,174.3,0.8745,0
1588,52.9863,63.2,2.1,354.5,178.6,0.8295,0
1589,53.0196,104.5,1.6,356.0,170.3,0.9066,0
1590,53.053,60.4,1.5,359.2,175.2,0.4449,0
1590,53.053,69.3,0.7,359.8,169.8,0.303,0
1591,53.0864,51.9,0.8,352.3,169.9,0.8257,0
1592,53.1197,104.3,1.0,353.8,169.3,0.9036,0
1593,53.1531,102.9,2.6,359.4,167.3,0.9057,0
1594,53.1865,75.7,0.7,366.7,187.3,0.934,0
1595,53.2198,82.0,1.0,367.1,169.8,0.8927,0
1596,53.2532,58.3,1.5,363.3,175.5,0.6855,0
1597,53.2866,57.2,3.8,372.8,174.5,0.9461,0
1598,53.3199,101.3,4.1,372.5,169.7,0.9443,0
1599,53.3533,97.6,2.5,355.2,169.1,0.9317,0
1600,53.3867,98.9,2.9,364.7,168.1,0.9391,0
1601,53.42,55.8,1.9,367.2,170.8,0.9223,0
1601,53.42,44.4,1.1,160.5,177.2,0.1176,0
1602,53.4534,47.0,0.7,376.1,170.9,0.8289,0
1603,53.4868,60.0,4.1,379.7,171.4,0.9286,0
1604,53.5201,87.5,2.6,374.5,166.4,0.4969,0
1604,53.5201,90.5,1.1,376.7,165.8,0.1756,0
1605,53.5535,88.9,0.9,365.1,167.4,0.9159,0
1606,53.5869,113.7,2.6,359.0,169.8,0.7813,0
1607,53.6202,98.9,1.1,356.5,170.7,0.8673,0
1608,53.6536,62.1,0.9,362.0,180.0,0.4227,0
1609,53.687,79.2,3.3,359.9,177.7,0.9189,0
1610,53.7203,65.4,3.9,370.1,180.4,0.9246,0
1611,53.7537,87.5,5.1,379.7,177.1,0.778,0
1611,53.7537,58.2,12.0,384.7,252.8,0.5617,0
1612,53.7871,100.0,3.6,376.4,182.5,0.9244,0
1613,53.8204,102.5,2.0,372.8,178.5,0.9192,0
1614,53.8538,66.0,2.1,368.8,173.0,0.9017,0
1615,53.8872,115.7,1.4,352.7,165.9,0.3477,0
1615,53.8872,79.7,0.2,182.6,168.9,0.2163,0
1616,53.9205,114.8,1.5,365.4,164.6,0.9404,0
1617,53.9539,113.5,0.6,368.8,163.9,0.9202,0
1618,53.9873,114.4,0.9,366.2,167.7,0.8862,0
1619,54.0206,70.7,0.8,360.7,178.7,0.9441,0
1620,54.054,81.0,1.0,361.0,177.7,0.6226,0
1621,54.0874,69.2,4.0,357.5,178.7,0.8987,0
1622,54.1207,107.9,0.9,356.3,168.7,0.9038,0
1623,54.1541,98.5,0.9,356.8,170.0,0.8883,0
1624,54.1875,54.3,0.8,357.0,188.7,0.8196,0
1624,54.1875,45.1,7.5,367.3,262.2,0.1046,0
1625,54.2208,101.9,4.2,364.1,166.3,0.9306,0
1626,54.2542,86.2,7.0,363.3,173.1,0.9246,0
1627,54.2876,57.6,1.6,375.3,168.7,0.7047,0
1627,54.2876,54.5,1.7,374.2,174.9,0.1291,0
1628,54.3209,58.3,0.5,375.9,181.8,0.7853,0
1628,54.3209,47.6,10.1,380.1,261.1,0.2784,0
1629,54.3543,76.0,1.7,366.6,183.9,0.9242,0
1630,54.3877,76.8,1.2,363.9,176.5,0.8936,0
1631,54.421,65.2,1.7,354.7,187.6,0.7933,0
1632,54.4544,63.8,1.0,355.6,182.3,0.9152,0
1632,54.4544,69.7,0.9,355.4,171.6,0.1997,0
1633,54.4878,67.5,3.0,356.5,170.2,0.4785,0
1634,54.5211,56.5,1.1,364.0,169.1,0.4384,0
1634,54.5211,55.0,1.3,363.2,175.2,0.3809,0
1635,54.5545,105.1,0.8,356.3,168.0,0.905,0
1636,54.5879,96.9,0.7,354.7,169.6,0.5035,0
1636,54.5879,77.8,0.9,354.7,174.0,0.2488,0
1637,54.6212,68.4,1.2,349.8,183.1,0.3946,0
1638,54.6546,96.4,1.0,356.8,171.2,0.6443,0
1639,54.688,65.5,1.1,366.6,186.3,0.851,0
1640,54.7213,51.3,1.0,364.6,192.9,0.8756,0
1641,54.7547,90.0,2.0,366.3,181.6,0.9448,0
1642,54.7881,93.7,1.5,368.8,179.5,0.9104,0
1643,54.8214,91.7,2.0,377.3,187.7,0.9376,0
1644,54.8548,82.8,2.5,361.3,195.8,0.9095,0
1645,54.8882,91.9,2.3,361.4,177.4,0.834,0
1646,54.9215,94.3,0.8,359.8,170.1,0.9225,0
1647,54.9549,77.5,3.6,352.9,169.8,0.5635,0
1647,54.9549,88.8,2.8,353.9,167.4,0.225,0
1648,54.9883,81.6,1.7,359.9,169.5,0.8071,0
1648,54.9883,67.7,1.1,359.1,171.6,0.1619,0
1649,55.0216,94.9,2.4,368.7,172.0,0.9243,0
1650,55.055,89.9,3.5,364.7,168.1,0.9145,0
1651,55.0884,51.6,3.6,362.6,175.4,0.8636,0
1652,55.1217,63.7,1.8,366.5,169.2,0.8833,0
1653,55.1551,101.2,2.4,355.1,167.8,0.648,0
1653,55.1551,94.1,3.6,353.8,168.2,0.2362,0
1654,55.1885,103.3,1.6,362.7,167.5,0.925,0
1655,55.2218,99.0,1.4,351.3,167.7,0.4706,0
1655,55.2218,98.5,1.9,350.8,171.1,0.1437,0
1656,55.2552,97.5,2.9,356.1,167.5,0.9356,0
1657,55.2886,92.0,4.0,355.9,172.3,0.543,0
1657,55.2886,94.2,3.4,356.4,168.9,0.1848,0
1658,55.3219,98.8,2.9,357.4,172.4,0.8863,0
1659,55.3553,102.0,3.9,354.3,179.2,0.8887,0
1660,55.3887,87.5,1.1,353.1,171.4,0.8712,0
1661,55.422,93.3,0.9,355.8,175.0,0.8767,0
1662,55.4554,89.7,2.2,354.6,174.7,0.7353,0
1663,55.4888,58.1,1.0,355.3,177.5,0.9454,0
1664,55.5221,48.0,0.7,359.5,184.5,0.9167,0
1665,55.5555,52.1,1.4,359.0,180.9,0.9071,0
1666,55.5889,97.6,1.2,348.4,172.0,0.5259,0
1666,55.5889,89.4,1.4,348.8,181.3,0.2395,0
1667,55.6222,95.2,1.6,355.9,172.6,0.6021,0
1668,55.6556,47.6,2.4,353.9,190.5,0.6356,0
1669,55.689,59.3,2.8,356.4,182.6,0.8502,0
1670,55.7223,73.4,1.0,363.8,172.1,0.8605,0
1671,55.7557,70.7,1.3,372.3,175.6,0.936,0
1672,55.7891,85.9,1.2,377.3,168.3,0.9056,0
1673,55.8224,63.3,0.8,372.9,179.9,0.9142,0
1674,55.8558,62.2,1.4,354.2,179.1,0.837,0
1675,55.8892,49.3,1.0,356.4,175.5,0.929,0
1676,55.9225,49.3,1.9,363.3,186.5,0.8647,0
1676,55.9225,51.3,2.9,166.3,175.0,0.1498,0
1677,55.9559,50.8,2.0,368.7,187.3,0.9161,0
1678,55.9893,51.3,1.3,362.7,175.8,0.634,0
1679,56.0226,49.5,1.3,357.2,177.0,0.1523,0
1679,56.0226,54.0,2.1,358.4,177.9,0.1511,0
1680,56.056,111.0,1.0,350.4,171.5,0.6112,0
1680,56.056,101.0,1.0,351.2,180.4,0.189,0
1681,56.0894,56.9,2.1,355.1,191.2,0.8735,0
1682,56.1227,42.9,1.1,355.7,187.6,0.843,0
1683,56.1561,92.0,1.0,365.8,181.9,0.9313,0
1684,56.1895,97.9,1.3,371.1,170.1,0.9188,0
1685,56.2228,93.4,1.5,366.1,178.0,0.9269,0
1686,56.2562,83.9,1.2,369.6,178.4,0.5426,0
1687,56.2896,117.9,2.9,369.0,169.1,0.7739,0
1688,56.3229,114.1,1.9,375.9,171.1,0.7767,0
1689,56.3563,97.1,1.5,364.9,175.7,0.8709,0
1690,56.3897,96.9,1.1,360.6,175.7,0.9417,0
1691,56.423,55.9,1.0,368.2,177.4,0.886,0
1692,56.4564,78.3,1.0,358.4,175.8,0.7737,0
1693,56.4898,119.2,1.6,355.4,167.9,0.3969,0
1694,56.5231,77.8,2.0,349.8,180.1,0.8004,0
1695,56.5565,45.1,1.1,350.3,179.3,0.8969,0
1696,56.5899,66.2,1.0,349.5,179.5,0.5407,0
1697,56.6232,70.8,2.3,352.6,181.1,0.865,0
1698,56.6566,68.4,2.1,365.6,192.2,0.8829,0
1699,56.69,90.8,1.0,367.8,184.5,0.9131,0
1700,56.7233,93.9,2.3,360.5,178.7,0.9181,0
1701,56.7567,37.0,0.9,361.4,186.6,0.8648,0
1702,56.7901,108.9,1.3,358.6,195.0,0.6637,0
1703,56.8234,116.8,1.2,350.7,174.9,0.2307,0
1704,56.8568,85.5,1.6,351.9,196.2,0.6985,0
1705,56.8902,65.4,1.8,359.7,194.8,0.9006,0
1706,56.9235,68.6,0.9,366.3,207.2,0.4459,0
1707,56.9569,56.4,1.6,391.6,202.2,0.7177,0
1708,56.9903,55.9,1.0,384.5,207.3,0.8335,0
1709,57.0236,,,,,,
1710,57.057,77.7,0.4,383.6,199.3,0.8168,0
1711,57.0904,79.8,1.5,357.7,205.7,0.6974,0
1712,57.1237,57.0,1.4,365.0,208.5,0.6722,0
1713,57.1571,88.7,2.3,357.2,192.6,0.8979,0
1714,57.1905,105.8,1.8,356.6,196.9,0.5115,0
1715,57.2238,101.9,1.5,359.2,187.1,0.9013,0
1716,57.2572,93.0,0.7,362.7,200.8,0.6946,0
1717,57.2906,102.0,1.7,355.5,197.5,0.8825,0
1718,57.3239,54.2,1.1,356.2,199.8,0.7658,0
1719,57.3573,54.6,1.5,369.4,195.1,0.8454,0
1720,57.3907,81.0,2.7,374.6,212.3,0.1278,0
1721,57.424,51.3,1.3,356.9,183.1,0.5646,0
1722,57.4574,105.7,1.2,360.5,179.4,0.8565,0
1723,57.4908,49.5,1.0,366.4,191.3,0.8126,0
1724,57.5241,50.8,1.4,358.9,204.8,0.5647,0
1725,57.5575,50.9,1.4,354.3,182.3,0.5517,0
1725,57.5575,55.0,1.2,354.8,190.4,0.1959,0
1726,57.5909,67.3,1.3,354.9,178.2,0.921,0
1727,57.6242,83.4,1.1,356.7,175.1,0.9276,0
1728,57.6576,77.9,0.8,354.0,186.3,0.9015,0
1729,57.691,80.7,1.4,354.2,181.1,0.9079,0
1730,57.7243,115.5,2.8,354.3,169.1,0.5839,0
1730,57.7243,106.9,2.1,354.1,190.6,0.2201,0
1731,57.7577,109.3,0.9,355.4,182.3,0.9207,0
1732,57.7911,95.9,2.3,352.0,176.8,0.9257,0
1733,57.8244,89.0,3.6,352.8,175.2,0.9351,0
1734,57.8578,64.6,1.7,353.1,174.6,0.89,0
1735,57.8912,64.2,1.6,354.3,181.8,0.8356,0
1736,57.9245,71.1,1.2,363.3,177.4,0.7519,0
1737,57.9579,95.8,1.6,360.6,178.3,0.9004,0
1738,57.9913,80.7,0.6,350.6,173.1,0.9366,0
1739,58.0246,63.1,1.3,350.9,183.7,0.8991,0
1740,58.058,84.6,1.6,351.2,179.1,0.9193,0
1741,58.0914,110.1,1.3,358.1,169.7,0.8922,0
1742,58.1247,120.5,0.8,353.6,167.6,0.811,0
1743,58.1581,127.4,0.7,347.3,166.0,0.9072,0
1744,58.1915,124.3,0.7,354.6,166.6,0.9101,0
1745,58.2248,103.1,3.2,367.2,168.6,0.5848,0
1745,58.2248,71.1,2.9,368.6,178.7,0.1484,0
1746,58.2582,120.3,5.8,366.6,170.1,0.781,0
1747,58.2916,108.3,1.8,353.6,173.7,0.7736,0
1748,58.3249,121.3,1.6,355.4,167.7,0.8301,0
1749,58.3583,54.7,1.0,365.6,185.4,0.9031,0
1750,58.3917,75.3,5.8,361.7,171.5,0.9288,0
1751,58.425,98.2,5.2,355.6,167.9,0.6054,0
1751,58.425,92.8,6.7,355.0,168.6,0.3385,0
1752,58.4584,35.8,4.1,358.5,172.6,0.2797,0
1752,58.4584,47.5,6.8,354.3,171.3,0.2582,0
1753,58.4918,73.2,1.8,348.8,171.8,0.9174,0
1754,58.5251,88.6,1.2,349.4,169.0,0.8863,0
1755,58.5585,53.3,1.4,353.0,171.7,0.8846,0
1756,58.5919,63.8,1.1,355.1,174.2,0.8119,0
1757,58.6252,63.5,1.7,355.8,173.2,0.9023,0
1758,58.6586,53.3,2.1,356.6,177.7,0.698,0
1759,58.692,79.2,1.7,352.8,182.6,0.872,0
1760,58.7253,59.3,1.8,356.5,186.2,0.5774,0
1760,58.7253,51.4,9.7,369.8,257.4,0.1241,0
1761,58.7587,71.3,3.1,349.2,200.2,0.346,0
1762,58.7921,59.5,1.4,345.7,201.9,0.7856,0
1763,58.8254,74.1,1.0,344.3,184.4,0.8717,0
1764,58.8588,58.6,0.8,348.6,195.1,0.2815,0
1765,58.8922,63.4,2.3,349.7,199.0,0.6471,0
1766,58.9255,57.2,1.9,346.3,176.6,0.9144,0
1767,58.9589,67.0,4.8,353.3,176.8,0.8758,0
1768,58.9923,94.6,2.7,359.2,168.7,0.9193,0
1769,59.0256,75.8,2.2,349.9,177.6,0.7998,0
1769,59.0256,81.2,1.7,349.9,169.9,0.6966,0
1770,59.059,99.6,2.3,351.7,171.1,0.881,0
1771,59.0924,107.1,1.2,350.8,170.2,0.9055,0
1772,59.1257,74.6,2.0,345.5,184.0,0.7614,0
1773,59.1591,114.0,1.1,342.4,168.5,0.4822,0
1773,59.1591,111.8,1.5,342.2,171.8,0.108,0
1774,59.1925,72.8,1.0,342.9,175.8,0.9057,0
1775,59.2258,63.3,1.4,349.5,182.0,0.8134,0
1776,59.2592,94.6,1.1,351.0,170.2,0.8414,0
1777,59.2926,70.2,1.5,346.8,174.8,0.3382,0
1778,59.3259,70.0,1.0,349.8,169.5,0.7169,0
1778,59.3259,64.1,1.2,350.5,175.0,0.1274,0
1779,59.3593,85.7,1.2,351.0,170.0,0.8701,0
1780,59.3927,74.5,1.0,351.3,170.1,0.8134,0
1780,59.3927,68.3,1.0,352.0,174.1,0.739,0
1781,59.426,61.0,0.6,350.1,172.4,0.865,0
1781,59.426,69.1,1.1,350.2,169.9,0.3177,0
1782,59.4594,117.6,0.9,349.9,167.5,0.8292,0
1783,59.4928,58.4,1.8,355.5,170.1,0.93,0
1784,59.5261,57.5,1.3,349.0,169.5,0.929,0
1785,59.5595,92.6,1.2,346.4,169.9,0.8387,0
1786,59.5929,104.4,1.3,347.6,171.4,0.9345,0
1787,59.6262,80.4,4.7,350.0,176.8,0.8589,0
1788,59.6596,80.0,2.3,348.0,171.8,0.9123,0
1789,59.693,48.8,1.8,351.0,180.0,0.6267,0
1790,59.7263,65.9,0.8,346.9,184.1,0.7816,0
1791,59.7597,61.8,1.0,346.7,179.4,0.8176,0
1792,59.7931,48.6,0.6,347.8,175.0,0.7909,0
1793,59.8264,98.8,1.8,349.5,169.3,0.9413,0
1794,59.8598,100.4,1.1,352.6,169.2,0.932,0
1795,59.8932,97.0,1.4,345.6,170.5,0.9485,0
1796,59.9265,90.9,0.9,353.1,168.5,0.7621,0
1797,59.9599,115.0,0.9,340.9,168.8,0.928,0
1798,59.9933,110.5,1.0,342.0,168.5,0.9372,0
1799,60.0266,58.7,1.5,349.8,178.1,0.9154,0
1800,60.06,105.3,2.5,351.2,171.8,0.6684,0
1800,60.06,102.0,2.5,350.9,176.4,0.3354,0
1801,60.0934,52.4,1.2,350.3,175.7,0.8802,0
1802,60.1267,60.4,1.5,353.6,183.0,0.9039,0
1803,60.1601,76.1,0.5,352.2,180.4,0.8068,0
1804,60.1935,67.5,0.4,353.5,172.6,0.8744,0
1805,60.2268,113.6,1.2,345.3,167.4,0.504,0
1806,60.2602,124.2,1.3,350.8,167.1,0.9016,0
1807,60.2936,119.8,2.2,354.9,168.9,0.8796,0
1808,60.3269,93.7,0.3,358.1,180.1,0.9329,0
1808,60.3269,106.7,0.8,356.7,171.9,0.171,0
1809,60.3603,114.0,0.9,356.5,170.2,0.8986,0
1810,60.3937,106.8,0.7,347.9,170.8,0.9138,0
1811,60.427,91.5,1.0,356.4,172.5,0.8184,0
1812,60.4604,73.3,1.2,364.1,177.3,0.8282,0
1813,60.4938,74.7,0.3,360.1,170.8,0.8994,0
1814,60.5271,98.0,1.4,370.5,168.9,0.7213,0
1814,60.5271,74.5,1.0,372.1,171.9,0.6167,0
1815,60.5605,53.9,1.7,377.7,178.4,0.8988,0
1816,60.5939,74.9,1.1,371.7,178.3,0.6487,0
1816,60.5939,86.3,0.9,371.7,172.2,0.1371,0
1817,60.6272,79.1,1.1,369.5,176.8,0.7529,0
1818,60.6606,104.6,1.2,367.2,169.4,0.9173,0
1819,60.694,91.2,0.7,375.0,172.6,0.766,0
1820,60.7273,74.1,0.8,377.8,181.8,0.7908,0
1820,60.7273,90.6,0.8,379.0,172.7,0.16,0
1821,60.7607,72.7,6.2,357.2,171.8,0.8807,0
1822,60.7941,50.6,2.0,361.1,181.7,0.8813,0
1823,60.8274,65.4,2.0,361.4,190.5,0.892,0
1824,60.8608,108.4,1.7,367.9,172.9,0.8625,0
1825,60.8942,102.2,1.7,366.8,169.5,0.8826,0
1826,60.9275,87.4,1.6,366.6,177.1,0.7583,0
1827,60.9609,40.9,1.1,379.5,176.0,0.8989,0
1828,60.9943,114.7,0.9,359.7,167.2,0.2981,0
1829,61.0276,54.6,0.4,363.0,172.5,0.9072,0
1830,61.061,92.1,0.8,368.8,170.2,0.4161,0
1830,61.061,74.6,0.7,367.8,175.8,0.3834,0
1831,61.0944,93.6,0.3,369.2,170.2,0.9401,0
1832,61.1277,68.5,0.4,366.6,172.7,0.9329,0
1833,61.1611,71.5,1.9,363.8,172.1,0.9344,0
1834,61.1945,71.5,2.0,366.1,172.1,0.923,0
1835,61.2278,103.5,1.9,361.3,174.9,0.9384,0
1836,61.2612,107.1,2.0,369.2,183.1,0.9073,0
1837,61.2946,96.5,1.6,368.9,185.9,0.908,0
1838,61.3279,50.3,1.6,367.7,218.6,0.64,0
1839,61.3613,66.8,2.0,376.3,192.1,0.9158,0
1840,61.3947,77.1,2.4,358.3,183.2,0.9251,0
1841,61.428,64.7,0.5,358.5,191.2,0.4671,0
1842,61.4614,83.2,1.5,373.9,191.9,0.5805,0
1843,61.4948,117.7,0.8,370.8,171.4,0.8818,0
1844,61.5281,106.2,0.9,347.6,170.2,0.9151,0
1845,61.5615,101.5,1.4,353.3,172.4,0.6115,0
1845,61.5615,92.3,1.8,352.8,184.1,0.2602,0
1846,61.5949,95.0,1.1,362.9,174.0,0.8836,0
1847,61.6282,107.2,1.0,364.4,174.0,0.8117,0
1847,61.6282,86.8,0.5,364.9,200.7,0.3031,0
1848,61.6616,105.5,0.4,355.6,171.7,0.8518,0
1849,61.695,104.6,2.0,353.2,170.8,0.9329,0
1850,61.7283,90.4,3.1,353.0,172.1,0.4696,0
1850,61.7283,98.1,2.3,353.8,170.0,0.4129,0
1851,61.7617,48.4,1.9,359.3,177.3,0.9218,0
1852,61.7951,,,,,,
1853,61.8284,65.6,1.7,356.3,180.7,0.8972,0
1854,61.8618,53.6,1.1,364.1,185.1,0.8594,0
1855,61.8952,50.0,0.9,365.6,179.2,0.8877,0
1856,61.9285,72.0,1.5,355.6,175.0,0.9053,0
1857,61.9619,85.3,0.8,354.5,173.7,0.7774,0
1858,61.9953,64.5,1.2,366.4,186.0,0.9232,0
1859,62.0286,93.9,1.2,356.7,170.7,0.8858,0
1860,62.062,74.7,1.0,356.9,171.8,0.7822,0
1861,62.0954,42.5,0.8,353.1,173.3,0.6693,0
1862,62.1287,56.9,1.3,360.1,171.6,0.7523,0
1863,62.1621,100.4,1.1,363.5,176.5,0.757,0
1864,62.1955,96.8,0.8,358.9,174.4,0.9284,0
1865,62.2288,103.2,1.1,352.2,169.5,0.8697,0
1866,62.2622,109.7,1.0,351.1,169.0,0.9046,0
1867,62.2956,95.4,1.8,361.2,172.1,0.9411,0
1868,62.3289,96.0,1.9,368.7,171.5,0.9079,0
1869,62.3623,73.5,0.5,370.2,176.4,0.9045,0
1870,62.3957,78.1,1.8,363.9,177.4,0.8974,0
1871,62.429,83.6,2.8,358.3,169.5,0.7361,0
1872,62.4624,85.5,1.2,357.1,171.0,0.8612,0
1873,62.4958,80.3,1.1,355.3,170.5,0.5542,0
1873,62.4958,70.3,1.5,354.9,180.9,0.1241,0
1874,62.5291,98.6,1.5,361.3,171.8,0.9069,0
1875,62.5625,68.4,0.8,357.7,184.2,0.9011,0
1876,62.5959,66.9,0.8,361.7,174.6,0.9163,0
1877,62.6292,83.6,0.8,365.4,186.0,0.9376,0
1878,62.6626,61.6,1.0,376.8,185.3,0.881,0
1879,62.696,58.2,1.2,376.5,180.9,0.8325,0
1880,62.7293,98.1,1.0,350.6,170.7,0.9177,0
1881,62.7627,62.3,0.8,357.9,178.6,0.9117,0
1882,62.7961,63.7,0.6,358.4,173.0,0.7961,0
1883,62.8294,73.3,0.8,355.0,179.9,0.6627,0
1883,62.8294,84.9,0.8,355.5,171.9,0.1297,0
1884,62.8628,68.5,1.9,358.6,179.6,0.8849,0
1885,62.8962,80.7,1.6,356.2,180.8,0.9057,0
1886,62.9295,101.6,1.3,359.6,173.9,0.7719,0
1887,62.9629,97.0,1.6,363.0,171.6,0.9175,0
1888,62.9963,95.5,1.5,350.2,170.7,0.9148,0
1889,63.0296,94.4,1.3,352.8,169.0,0.7978,0
1890,63.063,98.1,1.3,357.0,169.3,0.8749,0
1891,63.0964,86.4,1.5,360.7,174.6,0.8561,0
1892,63.1297,53.9,1.9,364.0,178.3,0.684,0
1893,63.1631,100.5,1.1,370.5,169.3,0.9132,0
1894,63.1965,44.3,2.7,376.0,174.3,0.931,0
1895,63.2298,85.4,0.6,373.3,170.6,0.8822,0
1896,63.2632,94.1,1.5,360.2,171.8,0.8685,0
1897,63.2966,89.7,1.1,364.5,173.0,0.8968,0
1898,63.3299,78.8,0.7,366.5,172.8,0.7944,0
1899,63.3633,49.8,1.3,363.3,173.3,0.2699,0
1899,63.3633,41.8,1.6,363.1,188.0,0.105,0
1900,63.3967,81.1,1.3,363.9,171.2,0.8163,0
1901,63.43,32.9,1.1,364.3,198.2,0.6729,0
1902,63.4634,46.8,2.7,369.9,184.4,0.8859,0
1903,63.4968,51.2,1.0,362.9,184.7,0.9219,0
1904,63.5301,52.4,2.1,358.9,174.7,0.8473,0
1905,63.5635,98.9,1.3,362.0,169.3,0.9221,0
1906,63.5969,63.2,0.7,362.0,169.8,0.718,0
1907,63.6302,61.5,0.7,358.5,173.8,0.7773,0
1908,63.6636,76.3,1.3,357.5,176.7,0.9151,0
1909,63.697,51.6,1.6,360.0,180.8,0.7174,0
1910,63.7303,41.6,2.0,359.5,182.3,0.9019,0
1911,63.7637,82.9,1.8,361.9,183.0,0.8888,0
1912,63.7971,91.8,3.0,362.5,176.9,0.9348,0
1913,63.8304,59.2,1.3,363.2,180.8,0.8894,0
1914,63.8638,48.4,1.2,351.2,176.9,0.8675,0
1915,63.8972,67.4,2.3,354.8,176.2,0.8717,0
1916,63.9305,92.7,0.9,354.9,168.2,0.7606,0
1917,63.9639,46.2,1.2,355.8,170.0,0.3867,0
1917,63.9639,44.8,1.3,356.0,176.2,0.3852,0
1918,63.9973,39.6,2.0,352.0,175.6,0.8061,0
1919,64.0306,61.1,2.9,354.5,177.0,0.9123,0
1920,64.064,47.2,1.8,352.7,172.3,0.8514,0
1921,64.0974,51.0,2.7,355.2,179.7,0.7987,0
1922,64.1307,56.2,1.7,357.8,179.3,0.851,0
1923,64.1641,97.2,3.8,355.3,167.7,0.929,0
1924,64.1975,91.7,1.0,364.1,167.7,0.9359,0
1925,64.2308,101.3,1.0,366.7,169.0,0.648,0
1926,64.2642,108.7,1.4,360.1,169.8,0.8768,0
1927,64.2976,101.2,1.3,352.8,169.2,0.9031,0
1928,64.3309,66.2,1.2,357.5,170.4,0.4358,0
1928,64.3309,63.1,1.5,357.7,180.2,0.1495,0
1929,64.3643,84.7,0.7,359.9,168.6,0.6902,0
1930,64.3977,86.2,1.0,364.0,169.8,0.86,0
1931,64.431,68.2,1.7,364.5,174.9,0.9297,0
1932,64.4644,95.4,0.8,359.2,168.9,0.9403,0
1933,64.4978,93.1,0.8,359.9,170.3,0.919,0
1934,64.5311,75.9,1.0,358.6,169.8,0.8763,0
1935,64.5645,97.7,1.5,357.3,175.6,0.9301,0
1936,64.5979,80.9,1.1,356.4,169.7,0.895,0
1937,64.6312,86.0,1.6,359.8,170.1,0.894,0
1938,64.6646,63.1,1.7,361.2,170.8,0.809,0
1939,64.698,38.8,0.6,358.6,179.9,0.9036,0
1940,64.7313,62.7,1.0,356.6,172.5,0.5982,0
1941,64.7647,40.6,1.1,361.1,182.3,0.8462,0
1942,64.7981,65.6,1.3,358.6,176.9,0.928,0
1943,64.8314,58.9,0.8,361.7,174.0,0.9346,0
1944,64.8648,60.1,2.1,366.4,173.1,0.9374,0
1945,64.8982,35.5,1.0,359.0,180.5,0.8674,0
1946,64.9315,58.7,2.1,355.1,177.9,0.8999,0
1947,64.9649,45.0,2.2,359.9,194.4,0.7867,0
1948,64.9983,53.9,1.0,359.0,175.9,0.9056,0
1949,65.0316,42.9,0.7,354.5,179.8,0.9193,0
1950,65.065,40.1,1.1,354.3,178.7,0.381,0
1950,65.065,49.3,1.8,352.9,175.2,0.1971,0
1951,65.0984,89.4,0.8,353.8,170.8,0.9449,0
1952,65.1317,110.2,0.8,353.7,175.8,0.5331,0
1952,65.1317,115.7,1.0,354.2,168.6,0.3088,0
1953,65.1651,70.7,1.6,355.7,188.1,0.8941,0
1954,65.1985,55.2,1.5,348.6,180.5,0.8937,0
1955,65.2318,83.5,0.5,353.7,176.7,0.8962,0
1956,65.2652,87.1,0.6,355.2,172.8,0.8909,0
1957,65.2986,82.0,0.9,356.3,170.1,0.9084,0
1958,65.3319,65.1,1.0,361.7,177.1,0.8356,0
1959,65.3653,106.5,0.6,374.5,169.4,0.863,0
1960,65.3987,106.0,0.9,370.7,171.4,0.8526,0
1961,65.432,99.7,2.3,358.2,178.6,0.8243,0
1962,65.4654,90.5,1.0,355.6,167.2,0.8213,0
1963,65.4988,84.8,2.1,359.9,173.4,0.9058,0
1964,65.5321,65.9,1.0,364.7,194.4,0.9099,0
1964,65.5321,46.2,7.1,370.0,260.4,0.2549,0
1965,65.5655,66.9,0.9,367.6,171.2,0.7613,0
1966,65.5989,81.4,1.2,360.3,171.6,0.8319,0
1967,65.6322,100.6,1.0,358.8,170.0,0.9285,0
1968,65.6656,58.8,1.6,369.4,174.3,0.9397,0
1968,65.6656,171.1,220.0,195.9,235.2,0.1422,0
1969,65.699,73.1,1.3,357.5,170.5,0.9292,0
1970,65.7323,103.6,2.0,356.1,168.2,0.8319,0
1971,65.7657,110.2,1.1,367.6,167.6,0.7085,0
1972,65.7991,91.0,1.4,352.0,169.6,0.8021,0
1973,65.8324,56.2,3.1,357.1,185.0,0.8434,0
1974,65.8658,52.7,1.4,361.8,187.8,0.7605,0
1975,65.8992,96.5,0.8,359.9,170.7,0.9139,0
1976,65.9325,69.9,1.2,353.0,176.6,0.8973,0
1977,65.9659,104.0,0.8,353.9,169.9,0.9095,0
1978,65.9993,63.9,0.6,355.4,186.6,0.8977,0
1979,66.0326,55.0,0.4,355.4,190.1,0.789,0
1980,66.066,45.2,0.7,349.3,185.4,0.3987,0
1981,66.0994,52.8,0.8,352.7,179.9,0.7355,0
1982,66.1327,42.6,1.0,355.9,177.5,0.604,0
1982,66.1327,48.3,1.4,353.6,176.6,0.1748,0
1983,66.1661,51.6,0.0,354.8,174.6,0.8686,0
1984,66.1995,100.5,5.8,355.3,169.3,0.4231,0
1985,66.2328,68.9,0.5,353.9,173.5,0.9164,0
1986,66.2662,72.1,2.0,354.2,172.0,0.9186,0
1987,66.2996,46.6,1.8,362.9,173.7,0.9076,0
1988,66.3329,107.9,7.0,366.3,170.0,0.8833,0
1989,66.3663,115.5,4.2,371.4,167.2,0.7505,0
1989,66.3663,116.9,1.8,371.7,167.4,0.1348,0
1990,66.3997,118.4,1.4,378.6,167.1,0.9257,0
1991,66.433,112.8,2.4,374.2,168.0,0.5785,0
1991,66.433,109.0,2.2,374.8,171.7,0.1416,0
1992,66.4664,107.3,1.2,358.7,174.4,0.9048,0
1992,66.4664,105.3,3.0,174.1,171.4,0.1787,0
1993,66.4998,77.2,1.6,353.2,182.6,0.8307,0
1994,66.5331,65.9,0.5,357.5,184.3,0.846,0
1995,66.5665,56.4,1.8,370.2,193.9,0.8737,0
1996,66.5999,108.6,0.8,368.6,175.1,0.6712,0
1997,66.6332,98.2,0.7,358.3,172.5,0.9326,0
1998,66.6666,107.9,2.6,350.6,171.1,0.9376,0
1999,66.7,102.5,0.5,354.5,170.7,0.8801,0
2000,66.7333,36.0,0.6,354.7,184.0,0.7708,0
2001,66.7667,102.6,0.9,358.4,171.2,0.7064,0
2001,66.7667,100.5,1.0,358.2,177.5,0.3633,0
2002,66.8001,45.8,1.1,370.2,189.9,0.8952,0
2003,66.8334,63.5,2.0,373.7,175.3,0.859,0
2003,66.8334,87.1,3.4,372.6,168.6,0.2398,0
2004,66.8668,127.8,1.3,378.5,168.8,0.9225,0
2005,66.9002,113.3,1.4,381.6,170.5,0.7768,0
2006,66.9335,106.3,1.4,358.5,176.9,0.9102,0
2007,66.9669,103.9,1.7,359.6,173.4,0.9445,0
2008,67.0003,102.0,1.0,364.6,174.2,0.9422,0
2009,67.0336,92.4,0.8,361.5,173.8,0.9309,0
2010,67.067,103.4,1.5,355.1,171.4,0.9413,0
2011,67.1004,105.4,1.3,360.7,171.1,0.9285,0
2012,67.1337,89.9,0.6,356.1,170.6,0.6284,0
2012,67.1337,97.2,0.7,356.0,169.5,0.3,0
2013,67.1671,77.7,0.5,360.7,170.7,0.907,0
2014,67.2005,53.8,0.3,362.1,172.2,0.6123,0
2014,67.2005,48.4,0.0,360.1,175.5,0.5333,0
2015,67.2338,87.4,0.6,365.7,170.6,0.8743,0
2016,67.2672,106.5,0.8,356.3,169.3,0.3693,0
2016,67.2672,107.3,1.4,355.8,171.0,0.3013,0
2017,67.3006,101.6,1.2,352.8,172.7,0.4264,0
2018,67.3339,101.6,2.7,356.5,173.3,0.7735,0
2018,67.3339,114.6,3.6,355.7,167.8,0.7665,0
2019,67.3673,117.7,1.5,351.4,167.8,0.8548,0
2020,67.4007,58.8,1.4,352.2,178.4,0.6148,0
2021,67.434,57.3,1.4,355.3,177.0,0.8973,0
2022,67.4674,50.2,0.7,369.2,173.3,0.91,0
2023,67.5008,67.0,1.0,359.6,174.4,0.9253,0
2024,67.5341,102.7,2.5,363.9,171.9,0.9347,0
2025,67.5675,100.4,2.0,351.9,169.7,0.6506,0
2026,67.6009,81.1,1.6,351.4,172.1,0.9379,0
2027,67.6342,108.1,1.1,352.1,169.6,0.9297,0
2028,67.6676,109.2,1.7,351.0,170.2,0.7605,0
2028,67.6676,106.2,2.3,351.3,172.8,0.1302,0
2029,67.701,113.1,1.0,356.4,169.2,0.8854,0
2030,67.7343,75.9,0.6,363.6,174.6,0.6972,0
2030,67.7343,104.6,0.6,363.7,170.0,0.4938,0
2031,67.7677,56.6,1.0,367.1,179.9,0.8753,0
2032,67.8011,86.7,0.7,365.6,171.0,0.9066,0
2033,67.8344,106.9,0.6,362.6,168.9,0.93,0
2034,67.8678,67.7,0.6,362.1,171.2,0.7018,0
2035,67.9012,63.1,0.6,367.8,171.0,0.8719,0
2036,67.9345,113.3,1.3,359.0,169.0,0.9142,0
2037,67.9679,112.0,1.0,360.9,169.2,0.4962,0
2038,68.0013,117.6,1.3,374.2,168.7,0.9342,0
2039,68.0346,93.7,2.6,376.9,168.9,0.9056,0
2040,68.068,42.0,1.3,354.4,173.2,0.8248,0
2041,68.1014,48.3,2.2,354.8,170.9,0.489,0
2041,68.1014,58.0,1.7,355.1,170.2,0.1862,0
2042,68.1347,108.8,1.2,361.6,168.9,0.9332,0
2043,68.1681,104.9,1.1,346.0,170.0,0.9307,0
2044,68.2015,56.2,0.4,351.9,178.8,0.8073,0
2045,68.2348,101.8,0.5,347.8,171.6,0.7694,0
2045,68.2348,106.3,0.9,347.4,169.8,0.3164,0
2046,68.2682,57.9,0.4,355.4,178.9,0.8836,0
2047,68.3016,71.7,1.1,356.8,182.7,0.9028,0
2048,68.3349,64.3,1.3,357.8,182.3,0.8896,0
2049,68.3683,78.1,1.2,355.7,178.9,0.9142,0
2050,68.4017,86.8,1.7,360.2,178.6,0.7709,0
2051,68.435,81.7,1.2,356.1,170.6,0.4471,0
2051,68.435,66.5,2.0,355.5,177.1,0.227,0
2052,68.4684,118.0,0.7,353.9,168.7,0.8895,0
2053,68.5018,66.7,0.6,358.4,174.5,0.922,0
2054,68.5351,102.3,0.5,360.3,170.3,0.9141,0
2055,68.5685,62.5,0.4,364.7,170.6,0.7847,0
2055,68.5685,52.6,0.9,364.5,171.7,0.7813,0
2056,68.6019,90.1,1.0,370.6,172.7,0.9221,0
2057,68.6352,120.1,1.6,361.2,168.7,0.8783,0
2058,68.6686,67.3,1.1,358.6,173.2,0.873,0
2059,68.702,79.3,1.0,358.1,171.7,0.5529,0
2060,68.7353,115.0,1.2,365.8,168.0,0.9087,0
2061,68.7687,61.8,1.2,359.4,172.8,0.9096,0
2062,68.8021,66.0,2.1,366.7,172.5,0.9423,0
2063,68.8354,76.7,1.1,360.7,173.1,0.9252,0
2064,68.8688,103.5,0.9,365.6,169.4,0.8331,0
2064,68.8688,98.2,1.1,365.0,171.0,0.1018,0
2065,68.9022,62.4,0.5,374.6,175.5,0.9152,0
2066,68.9355,96.8,0.6,353.1,169.6,0.9135,0
2067,68.9689,104.0,1.3,357.4,170.5,0.8049,0
2068,69.0023,65.5,0.9,359.7,173.1,0.9297,0
2069,69.0356,48.3,1.1,362.7,174.3,0.8279,0
2070,69.069,54.1,1.3,357.2,171.1,0.859,0
2071,69.1024,36.8,0.7,363.7,173.6,0.7014,0
2072,69.1357,86.1,1.2,363.3,170.5,0.9013,0
2073,69.1691,46.7,0.8,360.3,175.2,0.9151,0
2074,69.2025,83.6,2.9,373.8,173.4,0.8775,0
2075,69.2358,108.9,0.9,379.8,170.4,0.7864,0
2076,69.2692,91.8,1.3,354.4,176.1,0.3988,0
2076,69.2692,109.8,0.9,354.3,170.7,0.3594,0
2077,69.3026,49.5,1.9,355.2,183.2,0.8537,0
2078,69.3359,48.3,0.8,357.0,179.2,0.1511,0
2078,69.3359,53.3,1.2,355.8,172.8,0.1114,0
2078,69.3359,47.3,1.5,355.7,181.5,0.1097,0
2079,69.3693,49.6,1.4,362.2,182.8,0.7552,0
2080,69.4027,47.2,2.2,376.7,187.5,0.8981,0
2081,69.436,42.3,1.1,371.9,178.4,0.9026,0
2082,69.4694,126.2,1.2,353.5,167.7,0.8823,0
2083,69.5028,118.5,0.9,359.1,168.2,0.9029,0
2084,69.5361,74.6,1.0,354.2,170.8,0.9426,0
2085,69.5695,58.0,1.4,357.2,173.0,0.5815,0
2086,69.6029,60.0,0.0,353.9,171.6,0.9165,0
2086,69.6029,100.4,0.7,354.3,167.6,0.615,0
2087,69.6362,102.2,0.5,355.5,167.6,0.8388,0
2087,69.6362,65.1,0.0,355.1,172.2,0.6797,0
2088,69.6696,118.3,1.1,355.5,169.5,0.8959,0
2089,69.703,62.8,0.5,357.0,173.0,0.8021,0
2089,69.703,99.2,1.0,357.5,169.1,0.1164,0
2090,69.7363,70.9,0.5,358.7,171.7,0.3716,0
2090,69.7363,62.0,0.5,358.1,173.3,0.1664,0
2091,69.7697,66.4,2.0,354.1,175.4,0.9038,0
2092,69.8031,106.7,1.3,354.0,170.7,0.9295,0
2093,69.8364,94.4,1.5,355.0,172.9,0.9339,0
2094,69.8698,93.6,1.0,353.0,172.0,0.9382,0
2095,69.9032,75.5,2.2,348.5,176.7,0.9084,0
2096,69.9365,76.0,0.6,347.2,173.9,0.9346,0
2097,69.9699,83.7,0.6,348.5,170.7,0.9418,0
2098,70.0033,48.3,0.5,356.0,177.4,0.9165,0
2099,70.0366,76.7,0.4,353.9,173.4,0.5996,0
2099,70.0366,85.8,0.6,352.8,171.7,0.5289,0
2100,70.07,86.8,0.9,350.2,177.8,0.9385,0
2101,70.1034,79.9,1.9,352.5,178.6,0.9128,0
2102,70.1367,97.2,1.3,353.0,178.4,0.9156,0
2103,70.1701,95.3,0.8,349.1,174.0,0.9328,0
2104,70.2035,63.8,2.4,348.4,173.9,0.9127,0
2105,70.2368,69.4,1.5,348.0,175.3,0.2956,0
2105,70.2368,57.2,1.3,347.6,175.9,0.2585,0
2106,70.2702,42.8,0.8,351.9,180.7,0.8204,0
2107,70.3036,83.0,3.8,352.5,176.3,0.8811,0
2108,70.3369,105.0,1.5,356.4,170.3,0.7394,0
2108,70.3369,87.2,1.7,356.6,174.3,0.1281,0
2109,70.3703,85.6,0.9,354.5,171.0,0.8474,0
2110,70.4037,74.5,0.7,353.8,171.1,0.7997,0
2111,70.437,90.8,1.4,353.9,170.5,0.838,0
2112,70.4704,41.4,0.6,350.7,181.4,0.7905,0
2113,70.5038,56.4,1.1,351.0,176.0,0.8561,0
2114,70.5371,100.5,1.3,351.1,170.7,0.8014,0
2115,70.5705,84.1,1.5,354.7,174.2,0.3117,0
2115,70.5705,74.3,1.9,355.2,193.1,0.1913,0
2116,70.6039,53.0,2.2,353.6,181.0,0.8948,0
2117,70.6372,43.5,0.3,354.3,176.6,0.9406,0
2118,70.6706,48.1,1.4,353.2,174.0,0.8572,0
2118,70.6706,65.4,1.9,352.6,169.8,0.6089,0
2119,70.704,39.8,1.1,355.2,175.6,0.8651,0
2119,70.704,56.2,1.2,355.7,171.2,0.1949,0
2120,70.7373,89.3,1.5,357.4,177.9,0.8313,0
2121,70.7707,95.1,1.3,359.5,177.1,0.931,0
2122,70.8041,83.5,0.9,353.6,170.8,0.8527,0
2123,70.8374,107.3,0.8,350.9,168.9,0.9186,0
2124,70.8708,104.3,0.8,347.9,169.4,0.9365,0
2125,70.9042,77.8,1.2,353.6,169.2,0.7954,0
2126,70.9375,45.5,1.0,364.2,181.5,0.836,0
2127,70.9709,62.5,0.8,369.0,185.7,0.9115,0
2128,71.0043,54.2,0.7,377.3,180.4,0.8716,0
2129,71.0376,45.4,2.2,366.2,187.4,0.8783,0
2130,71.071,51.0,1.1,376.7,179.9,0.9374,0
2131,71.1044,68.7,1.6,371.0,174.1,0.9215,0
2132,71.1377,82.2,0.3,367.9,178.1,0.9286,0
2133,71.1711,103.4,2.4,369.4,178.9,0.8709,0
2134,71.2045,58.1,1.8,376.3,179.6,0.8409,0
2135,71.2378,46.9,0.6,356.9,177.7,0.7992,0
2136,71.2712,53.6,0.8,360.8,175.5,0.8288,0
2137,71.3046,41.9,0.5,362.8,175.0,0.2908,0
2137,71.3046,50.1,0.6,363.5,171.2,0.2704,0
2138,71.3379,97.6,1.8,351.9,176.2,0.8458,0
2139,71.3713,98.5,2.1,356.1,177.0,0.7288,0
2139,71.3713,98.2,1.5,356.3,171.5,0.1022,0
2140,71.4047,98.9,1.1,365.7,170.5,0.8935,0
2141,71.438,94.0,0.8,357.3,173.9,0.9156,0
2142,71.4714,86.6,0.8,361.0,175.4,0.7594,0
2143,71.5048,95.6,0.4,359.9,175.7,0.9446,0
2144,71.5381,100.3,0.6,369.7,169.8,0.9261,0
2145,71.5715,58.2,0.6,372.2,171.6,0.8368,0
2146,71.6049,54.8,0.9,376.6,171.8,0.9317,0
2146,71.6049,79.4,1.3,375.8,169.3,0.7754,0
2147,71.6382,64.4,0.4,376.2,176.3,0.9113,0
2147,71.6382,90.5,0.7,378.3,169.9,0.2461,0
2148,71.6716,43.9,1.1,373.0,177.1,0.9313,0
2149,71.705,41.6,0.4,365.8,183.4,0.8513,0
2150,71.7383,45.2,0.4,368.9,180.5,0.8727,0
2151,71.7717,43.8,1.1,360.0,183.6,0.8456,0
2152,71.8051,50.0,1.5,362.2,181.4,0.8893,0
2153,71.8384,45.1,1.1,365.3,192.9,0.8506,0
2154,71.8718,90.1,2.2,366.3,177.0,0.8097,0
2155,71.9052,88.4,1.8,374.2,179.9,0.917,0
2156,71.9385,59.7,1.3,377.6,177.8,0.5098,0
2156,71.9385,73.7,1.2,377.4,170.9,0.3241,0
2157,71.9719,87.9,1.1,352.4,169.6,0.908,0
2158,72.0053,92.4,2.8,354.3,173.5,0.9036,0
2159,72.0386,93.7,1.5,360.1,170.7,0.8729,0
2160,72.072,48.3,1.7,359.1,173.8,0.9261,0
2161,72.1054,46.2,3.1,361.8,173.4,0.9197,0
2162,72.1387,48.1,1.6,365.6,173.4,0.9298,0
2163,72.1721,45.3,2.6,357.0,172.2,0.8972,0
2164,72.2055,112.6,1.1,359.2,167.6,0.5083,0
2165,72.2388,63.4,0.6,357.3,181.5,0.8797,0
2166,72.2722,94.8,4.5,354.9,177.1,0.8879,0
2167,72.3056,65.2,2.8,356.1,172.2,0.7797,0
2168,72.3389,59.6,2.3,352.2,175.8,0.4595,0
2169,72.3723,83.4,1.4,361.0,169.4,0.8619,0
2170,72.4057,42.6,1.0,356.8,174.7,0.9297,0
2171,72.439,64.3,1.1,356.0,174.2,0.3779,0
2171,72.439,64.8,0.8,357.2,178.3,0.2711,0
2172,72.4724,78.9,0.9,355.3,176.5,0.9046,0
2173,72.5058,88.3,4.0,355.8,170.8,0.8681,0
2174,72.5391,97.7,1.1,358.3,170.3,0.8949,0
2175,72.5725,77.4,1.6,364.3,174.1,0.9212,0
2176,72.6059,82.9,1.1,359.2,170.1,0.9178,0
2177,72.6392,86.7,1.9,355.6,174.2,0.8587,0
2178,72.6726,91.0,0.8,357.2,172.2,0.5992,0
2178,72.6726,95.4,0.6,357.9,170.1,0.3064,0
2179,72.706,102.9,1.1,355.2,171.2,0.9047,0
2180,72.7393,60.2,2.3,352.4,173.6,0.8998,0
2181,72.7727,76.9,1.7,350.8,173.7,0.7093,0
2182,72.8061,67.5,1.4,351.8,169.7,0.8769,0
2183,72.8394,74.1,1.0,350.6,169.7,0.9143,0
2184,72.8728,100.9,1.0,351.9,170.2,0.9405,0
2185,72.9062,45.3,1.4,356.2,175.2,0.86,0
2186,72.9395,38.7,0.8,349.0,175.7,0.8955,0
2187,72.9729,52.5,0.8,352.9,172.7,0.7382,0
2188,73.0063,83.1,1.1,352.9,171.0,0.9296,0
2189,73.0396,85.2,0.7,358.5,170.1,0.911,0
2190,73.073,82.5,1.4,350.5,172.3,0.9318,0
2191,73.1064,70.0,1.7,352.3,176.5,0.9203,0
2192,73.1397,50.5,1.8,354.6,178.4,0.8635,0
2193,73.1731,103.0,1.4,356.7,170.7,0.8264,0
2193,73.1731,100.9,1.7,355.8,173.5,0.1192,0
2194,73.2065,55.3,1.8,359.3,176.1,0.8645,0
2195,73.2398,53.5,2.5,363.6,179.3,0.8889,0
2196,73.2732,53.2,1.8,362.3,187.4,0.8812,0
2197,73.3066,69.2,1.2,362.1,178.5,0.8836,0
2198,73.3399,56.5,1.4,376.1,174.4,0.8105,0
2199,73.3733,111.5,1.1,370.5,167.6,0.9266,0
2200,73.4067,41.1,1.7,377.0,185.1,0.8957,0
2201,73.44,46.3,0.3,360.9,186.6,0.3143,0
2201,73.44,45.1,0.4,360.7,187.8,0.2645,0
2202,73.4734,59.4,1.1,358.4,181.0,0.8876,0
2203,73.5068,47.0,1.0,366.4,177.5,0.9246,0
2204,73.5401,116.5,0.9,370.6,167.4,0.9157,0
2205,73.5735,66.3,1.9,371.1,171.7,0.9414,0
2206,73.6069,90.8,0.9,353.9,172.2,0.8727,0
2207,73.6402,72.6,0.8,358.9,171.5,0.5685,0
2207,73.6402,57.5,1.0,358.5,173.6,0.3175,0
2208,73.6736,44.6,1.1,354.1,174.4,0.7859,0
2209,73.707,62.5,0.6,355.6,170.8,0.8605,0
2210,73.7403,72.9,0.8,360.2,171.2,0.876,0
2211,73.7737,53.5,1.9,363.7,173.9,0.9145,0
2212,73.8071,60.9,1.7,362.8,175.1,0.9225,0
2213,73.8404,78.3,1.0,357.6,171.0,0.8273,0
2213,73.8404,62.3,0.5,357.4,173.5,0.1068,0
2214,73.8738,60.2,0.8,356.6,174.5,0.5278,0
2214,73.8738,70.0,0.2,356.7,170.4,0.1461,0
2215,73.9072,63.7,1.5,356.8,177.7,0.8557,0
2216,73.9405,81.2,1.0,360.7,171.4,0.741,0
2217,73.9739,86.1,2.4,358.0,172.9,0.9332,0
2218,74.0073,84.0,1.7,354.9,171.8,0.9383,0
2219,74.0406,67.5,0.7,356.4,171.5,0.9112,0
2220,74.074,49.6,1.9,359.5,180.4,0.781,0
2221,74.1074,50.1,1.3,358.7,180.0,0.8683,0
2222,74.1407,51.1,1.0,353.6,176.5,0.8928,0
2223,74.1741,55.1,1.7,358.2,182.1,0.9138,0
2224,74.2075,62.4,2.0,360.6,171.1,0.9239,0
2225,74.2408,81.0,1.0,356.9,170.8,0.6214,0
2225,74.2408,65.5,1.3,356.8,175.0,0.2262,0
2226,74.2742,74.8,0.7,359.5,170.0,0.7619,0
2227,74.3076,38.6,1.5,359.4,179.5,0.6063,0
2228,74.3409,70.7,1.2,368.6,171.5,0.9319,0
2229,74.3743,83.4,1.5,375.8,170.1,0.9454,0
2230,74.4077,50.6,2.4,381.5,170.5,0.9426,0
2231,74.441,55.2,1.0,374.0,176.0,0.5403,0
2232,74.4744,42.5,0.8,368.0,186.7,0.8968,0
2233,74.5078,43.3,1.5,360.1,181.5,0.8567,0
2234,74.5411,40.6,0.8,360.0,181.4,0.8497,0
2235,74.5745,112.3,0.4,354.6,168.0,0.2516,0
2236,74.6079,51.9,1.7,358.0,173.7,0.9179,0
2237,74.6412,50.1,1.1,367.7,173.0,0.929,0
2238,74.6746,49.9,0.7,355.0,170.8,0.8697,0
2239,74.708,93.1,1.2,365.9,171.0,0.9313,0
2240,74.7413,93.8,1.6,367.0,175.5,0.9229,0
2241,74.7747,77.0,1.0,361.1,173.2,0.7702,0
2242,74.8081,45.2,1.1,360.3,176.4,0.889,0
2243,74.8414,54.1,1.1,364.2,180.1,0.9255,0
2244,74.8748,71.9,0.9,358.8,173.0,0.9449,0
2245,74.9082,40.9,0.9,357.1,176.1,0.846,0
2246,74.9415,51.6,1.5,358.4,178.6,0.7399,0
2247,74.9749,110.2,1.5,358.9,169.0,0.8203,0
2248,75.0083,58.8,1.6,360.5,176.2,0.8932,0
2249,75.0416,87.6,1.6,361.6,180.0,0.1493,0
2250,75.075,59.6,1.2,357.7,175.5,0.9276,0
2251,75.1084,54.0,1.5,355.3,174.3,0.8738,0
2252,75.1417,63.9,1.7,360.7,178.1,0.9118,0
2253,75.1751,47.1,1.3,354.7,185.0,0.7967,0
2254,75.2085,115.3,2.4,357.3,171.6,0.889,0
2255,75.2418,43.6,1.2,359.1,192.4,0.8445,0
2256,75.2752,121.4,1.3,361.2,170.4,0.8379,0
2257,75.3086,90.9,2.1,367.1,190.8,0.1152,0
2258,75.3419,65.6,1.4,356.1,180.7,0.8842,0
2259,75.3753,98.3,2.5,358.6,178.7,0.8595,0
2260,75.4087,97.2,2.5,362.6,177.3,0.9332,0
2261,75.442,64.6,1.7,366.8,179.1,0.8911,0
2262,75.4754,51.3,1.6,358.7,179.9,0.3014,0
2262,75.4754,51.5,2.2,356.9,181.2,0.2863,0
2263,75.5088,52.7,1.1,358.1,177.1,0.8709,0
2264,75.5421,73.9,0.4,357.6,172.7,0.7604,0
2265,75.5755,82.7,1.7,358.8,179.6,0.919,0
2266,75.6089,48.6,3.1,360.6,186.1,0.5872,0
2267,75.6422,49.5,1.5,359.8,187.1,0.7264,0
2268,75.6756,85.9,1.1,354.8,184.0,0.4878,0
2268,75.6756,98.5,1.1,354.5,172.5,0.1652,0
2269,75.709,46.2,0.8,359.5,181.3,0.8519,0
2270,75.7423,41.4,1.8,364.6,179.1,0.8784,0
2271,75.7757,90.1,1.8,363.1,178.8,0.9334,0
2272,75.8091,36.3,1.4,359.2,188.7,0.7369,0
2273,75.8424,50.2,1.4,357.4,187.4,0.5892,0
2274,75.8758,91.7,0.9,367.0,169.6,0.9363,0
2275,75.9092,77.0,1.0,363.3,172.8,0.9043,0
2276,75.9425,77.7,1.3,352.5,171.6,0.8418,0
2277,75.9759,53.2,1.2,355.8,180.6,0.2574,0
2277,75.9759,64.5,1.0,356.2,170.9,0.1215,0
2278,76.0093,69.3,0.8,361.4,180.4,0.8707,0
2279,76.0426,56.4,1.0,365.3,183.2,0.8966,0
2280,76.076,48.5,0.9,367.7,182.0,0.9114,0
2281,76.1094,102.6,1.1,358.5,175.0,0.9189,0
2282,76.1427,76.8,2.2,367.3,175.6,0.9289,0
2283,76.1761,96.2,2.9,362.1,173.0,0.9335,0
2284,76.2095,97.2,0.7,364.3,170.0,0.9208,0
2285,76.2428,83.6,0.6,367.0,173.7,0.5805,0
2285,76.2428,86.6,0.9,366.9,170.1,0.245,0
2286,76.2762,55.8,1.5,353.3,182.4,0.8291,0
2287,76.3096,45.7,1.6,360.3,186.0,0.8408,0
2288,76.3429,54.0,1.4,359.2,177.7,0.9059,0
2289,76.3763,44.8,1.5,354.1,184.9,0.8516,0
2290,76.4097,100.8,0.8,349.5,170.9,0.6918,0
2291,76.443,59.7,0.6,354.3,174.9,0.9263,0
2292,76.4764,49.1,1.9,355.5,180.9,0.8819,0
2293,76.5098,51.2,0.8,358.3,178.2,0.8704,0
2294,76.5431,56.4,1.6,359.7,176.8,0.9074,0
2295,76.5765,55.5,0.7,359.7,171.4,0.7401,0
2296,76.6099,48.2,1.3,355.3,175.6,0.6142,0
2297,76.6432,109.2,1.1,358.1,168.9,0.8764,0
2298,76.6766,113.4,1.3,360.1,167.5,0.9218,0
2299,76.71,110.0,2.5,363.7,168.1,0.9255,0
2300,76.7433,81.9,1.1,365.6,170.3,0.4866,0
2300,76.7433,63.7,1.5,365.1,173.2,0.3183,0
2301,76.7767,91.4,1.3,358.8,169.9,0.9017,0
2302,76.8101,102.2,1.3,369.1,169.1,0.8124,0
2303,76.8434,87.9,2.2,360.9,175.8,0.9168,0
2304,76.8768,38.2,6.2,349.8,177.9,0.8451,0
2305,76.9102,42.6,1.2,352.6,178.5,0.8977,0
2306,76.9435,62.5,1.0,354.9,179.6,0.9372,0
2307,76.9769,97.2,1.4,362.3,168.8,0.1977,0
2308,77.0103,105.9,1.0,366.7,170.3,0.8941,0
2309,77.0436,87.9,1.5,356.0,175.2,0.646,0
2310,77.077,59.3,1.3,355.9,178.4,0.9086,0
2311,77.1104,101.6,1.4,356.4,170.1,0.9297,0
2312,77.1437,43.1,1.9,355.3,178.2,0.7138,0
2313,77.1771,64.7,1.1,354.7,176.5,0.8981,0
2314,77.2105,86.6,1.8,353.5,173.8,0.9099,0
2315,77.2438,88.0,2.0,357.2,175.8,0.9158,0
2316,77.2772,61.3,1.3,366.0,178.8,0.8751,0
2317,77.3106,43.7,1.2,367.6,176.8,0.8343,0
2318,77.3439,44.6,0.4,366.1,178.7,0.8337,0
2319,77.3773,53.4,1.1,352.3,183.2,0.7271,0
2320,77.4107,50.0,0.8,355.1,186.5,0.8906,0
2321,77.444,112.9,2.1,356.5,169.4,0.4804,0
2322,77.4774,44.7,1.2,356.9,187.6,0.6055,0
2323,77.5108,52.5,0.5,355.2,184.1,0.8135,0
2324,77.5441,47.7,1.1,356.0,190.4,0.8572,0
2325,77.5775,70.2,1.0,363.0,184.3,0.9058,0
2326,77.6109,97.9,0.9,355.2,171.4,0.9016,0
2327,77.6442,81.9,2.0,355.6,170.7,0.8762,0
2328,77.6776,88.9,1.3,354.6,172.9,0.8347,0
2329,77.711,84.1,1.3,352.9,172.6,0.9081,0
2330,77.7443,117.7,2.5,349.1,170.8,0.8944,0
2331,77.7777,102.2,0.9,354.9,169.8,0.516,0
2331,77.7777,94.6,1.3,354.2,174.2,0.282,0
2332,77.8111,65.1,1.6,364.2,192.6,0.9131,0
2333,77.8444,77.3,1.9,366.0,185.8,0.8948,0
2334,77.8778,104.1,1.3,359.9,170.3,0.9162,0
2335,77.9112,60.4,1.4,358.8,182.3,0.819,0
2336,77.9445,67.2,1.2,355.9,186.0,0.8871,0
2337,77.9779,52.7,3.1,354.5,180.4,0.6195,0
2338,78.0113,73.7,1.1,362.9,172.4,0.6585,0
2339,78.0446,100.6,0.6,367.1,170.6,0.9272,0
2340,78.078,103.5,1.3,367.5,169.9,0.9272,0
2341,78.1114,98.5,4.7,359.1,176.7,0.9144,0
2342,78.1447,49.1,1.6,363.7,198.9,0.8237,0
2343,78.1781,97.5,1.4,357.7,170.8,0.9098,0
2344,78.2115,103.9,1.3,357.7,170.6,0.9173,0
2345,78.2448,55.2,0.8,358.8,189.0,0.8608,0
2346,78.2782,54.8,0.9,356.0,181.0,0.7319,0
2347,78.3116,107.9,0.5,354.6,169.8,0.9246,0
2348,78.3449,107.4,1.0,354.1,170.0,0.8359,0
2349,78.3783,99.6,1.0,354.2,170.8,0.8814,0
2350,78.4117,97.2,1.2,356.8,170.7,0.8896,0
2351,78.445,59.0,0.9,359.5,171.9,0.6662,0
2352,78.4784,57.3,1.0,362.4,175.1,0.3759,0
2353,78.5118,73.2,0.5,366.3,172.0,0.648,0
2353,78.5118,57.2,0.5,362.2,179.6,0.2298,0
2354,78.5451,34.5,0.0,361.1,176.4,0.8567,0
2355,78.5785,56.1,1.2,357.8,176.0,0.5294,0
2356,78.6119,102.4,1.0,370.4,171.1,0.8394,0
2357,78.6452,101.3,1.2,376.6,169.4,0.8583,0
2357,78.6452,73.8,1.3,374.5,175.6,0.5507,0
2358,78.6786,71.3,1.4,354.5,180.2,0.9,0
2359,78.712,104.9,0.5,356.2,170.1,0.8934,0
2360,78.7453,99.4,1.4,363.2,170.7,0.7783,0
2361,78.7787,82.8,2.1,373.1,186.5,0.8977,0
2362,78.8121,46.2,2.2,384.5,188.1,0.9486,0
2363,78.8454,86.9,1.0,370.5,171.2,0.8901,0
2364,78.8788,47.8,1.2,371.3,172.8,0.9345,0
2365,78.9122,102.1,1.2,354.1,170.0,0.93,0
2366,78.9455,81.5,0.6,357.1,172.8,0.9404,0
2367,78.9789,57.5,0.8,355.7,172.4,0.9242,0
2368,79.0123,99.2,0.7,356.8,169.1,0.7137,0
2368,79.0123,98.5,1.2,356.8,169.9,0.4164,0
2369,79.0456,84.1,2.2,358.4,174.1,0.9331,0
2370,79.079,41.5,1.4,353.1,176.6,0.8808,0
2371,79.1124,58.8,1.3,357.1,183.3,0.8863,0
2372,79.1457,41.9,2.0,356.1,190.1,0.8133,0
2373,79.1791,114.5,1.1,350.3,172.0,0.8547,0
2374,79.2125,103.4,1.0,358.1,171.8,0.8833,0
2375,79.2458,100.6,1.0,361.1,172.7,0.5872,0
2376,79.2792,85.6,1.5,356.4,175.6,0.81,0
2377,79.3126,104.2,4.1,359.9,177.7,0.9189,0
2378,79.3459,97.8,1.1,355.0,173.8,0.678,0
2378,79.3459,103.7,1.2,355.1,169.8,0.1576,0
2379,79.3793,107.1,0.9,354.7,171.4,0.8758,0
2380,79.4127,80.7,1.3,358.1,176.3,0.9036,0
2381,79.446,94.3,0.9,353.2,170.5,0.5108,0
2381,79.446,80.5,0.9,353.9,175.9,0.3037,0
2382,79.4794,105.0,1.5,353.0,170.8,0.9447,0
2383,79.5128,102.7,1.8,354.0,174.1,0.9434,0
2384,79.5461,61.5,1.9,356.7,177.6,0.8291,0
2385,79.5795,68.9,1.7,361.1,181.5,0.23,0
2386,79.6129,67.3,0.9,362.2,179.3,0.9074,0
2387,79.6462,91.3,1.7,358.1,176.1,0.911,0
2388,79.6796,90.6,1.9,355.9,171.4,0.9226,0
2389,79.713,49.0,0.9,356.2,181.8,0.3394,0
2390,79.7463,46.3,0.6,354.4,177.0,0.6677,0
2391,79.7797,46.1,1.2,357.1,178.2,0.8757,0
2392,79.8131,45.7,0.9,358.7,182.6,0.8335,0
2393,79.8464,28.8,0.5,358.9,178.4,0.9015,0
2394,79.8798,113.5,1.1,364.5,169.7,0.8442,0
2395,79.9132,101.5,1.1,364.0,170.3,0.8893,0
2396,79.9465,84.7,0.9,355.9,170.2,0.8479,0
2397,79.9799,100.4,1.1,359.0,169.3,0.9201,0
2398,80.0133,42.4,1.2,368.0,185.5,0.8619,0
2399,80.0466,37.2,1.0,359.3,180.2,0.7711,0
2400,80.08,37.5,1.1,355.0,176.7,0.7936,0
2401,80.1134,36.5,1.0,354.5,178.4,0.8196,0
2402,80.1467,35.5,1.4,358.4,181.1,0.3008,0
2403,80.1801,102.9,0.6,356.8,170.5,0.8773,0
2404,80.2135,95.6,2.7,353.8,170.0,0.8309,0
2405,80.2468,53.5,1.4,355.6,180.4,0.5359,0
2405,80.2468,51.1,1.7,355.4,177.6,0.3277,0
