RAM 739/3964MB (lfb 323x4MB) SWAP 0/1982MB (cached 0MB) IRAM 0/252kB(lfb 252kB) CPU [0%@1479,0%@1479,0%@1479,3%@1479] EMC_FREQ 0%@1600 GR3D_FREQ 0%@76 APE 25 PLL@29C CPU@30C PMIC@50C GPU@31C AO@37C thermal@30.75C POM_5V_IN 2000/2000 POM_5V_GPU 0/0 POM_5V_CPU 509/509
RAM 832/3964MB (lfb 321x4MB) SWAP 0/1982MB (cached 0MB) IRAM 0/252kB(lfb 252kB) CPU [35%@1479,1%@1479,1%@1479,64%@1479] EMC_FREQ 0%@1600 GR3D_FREQ 48%@76 APE 25 PLL@29C CPU@31C PMIC@50C GPU@30C AO@38C thermal@31C POM_5V_IN 2952/2476 POM_5V_GPU 126/63 POM_5V_CPU 1179/844
RAM 940/3964MB (lfb 319x4MB) SWAP 0/1982MB (cached 0MB) IRAM 0/252kB(lfb 252kB) CPU [42%@1479,17%@1479,11%@1479,51%@1479] EMC_FREQ 1%@1600 GR3D_FREQ 53%@76 APE 25 PLL@29.5C CPU@30.5C PMIC@50C GPU@30.5C AO@37.5C thermal@30.5C POM_5V_IN 2867/2606 POM_5V_GPU 84/70 POM_5V_CPU 1180/956
RAM 1064/3964MB (lfb 312x4MB) SWAP 0/1982MB (cached 0MB) IRAM 0/252kB(lfb 252kB) CPU [19%@1479,40%@1479,51%@1479,13%@1479] EMC_FREQ 1%@1600 GR3D_FREQ 35%@76 APE 25 PLL@29.5C CPU@31.5C PMIC@50C GPU@30.5C AO@37.5C thermal@30.75C POM_5V_IN 2947/2691 POM_5V_GPU 126/84 POM_5V_CPU 1221/1022
RAM 1201/3964MB (lfb 283x4MB) SWAP 0/1982MB (cached 0MB) IRAM 0/252kB(lfb 252kB) CPU [19%@1479,8%@1479,12%@1479,83%@1479] EMC_FREQ 2%@1600 GR3D_FREQ 34%@76 APE 25 PLL@29.5C CPU@31C PMIC@50C GPU@30.5C AO@37C thermal@30.5C POM_5V_IN 2989/2751 POM_5V_GPU 84/84 POM_5V_CPU 1263/1070
RAM 1350/3964MB (lfb 282x4MB) SWAP 0/1982MB (cached 0MB) IRAM 0/252kB(lfb 252kB) CPU [16%@1479,19%@1479,63%@1479,20%@1479] EMC_FREQ 2%@1600 GR3D_FREQ 0%@76 APE 25 PLL@29.5C CPU@31.5C PMIC@50C GPU@30.5C AO@38C thermal@31C POM_5V_IN 2867/2770 POM_5V_GPU 42/77 POM_5V_CPU 1223/1095
RAM 1431/3964MB (lfb 284x4MB) SWAP 0/1982MB (cached 0MB) IRAM 0/252kB(lfb 252kB) CPU [11%@1479,64%@1479,9%@1479,34%@1479] EMC_FREQ 2%@1600 GR3D_FREQ 25%@76 APE 25 PLL@29.5C CPU@31C PMIC@50C GPU@30.5C AO@37.5C thermal@30.5C POM_5V_IN 2867/2784 POM_5V_GPU 84/78 POM_5V_CPU 1096/1095
RAM 1510/3964MB (lfb 278x4MB) SWAP 0/1982MB (cached 0MB) IRAM 0/252kB(lfb 252kB) CPU [32%@1479,8%@1479,9%@1479,20%@1479] EMC_FREQ 2%@1600 GR3D_FREQ 99%@153 APE 25 PLL@29C CPU@31C PMIC@50C GPU@30.5C AO@38C thermal@30.75C POM_5V_IN 3348/2854 POM_5V_GPU 418/120 POM_5V_CPU 835/1063
RAM 1698/3964MB (lfb 232x4MB) SWAP 0/1982MB (cached 0MB) IRAM 0/252kB(lfb 252kB) CPU [97%@1479,15%@1479,15%@1479,12%@1479] EMC_FREQ 5%@1600 GR3D_FREQ 8%@460 APE 25 PLL@29C CPU@31.5C PMIC@50C GPU@31C AO@38C thermal@30.75C POM_5V_IN 3755/2954 POM_5V_GPU 166/125 POM_5V_CPU 1460/1107
RAM 1763/3964MB (lfb 216x4MB) SWAP 0/1982MB (cached 0MB) IRAM 0/252kB(lfb 252kB) CPU [73%@1479,14%@1479,10%@1479,14%@1479] EMC_FREQ 9%@1600 GR3D_FREQ 98%@921 APE 25 PLL@30C CPU@32.5C PMIC@50C GPU@32C AO@39.5C thermal@31.25C POM_5V_IN 6198/3279 POM_5V_GPU 2592/372 POM_5V_CPU 1014/1098
RAM 1768/3964MB (lfb 216x4MB) SWAP 0/1982MB (cached 0MB) IRAM 0/252kB(lfb 252kB) CPU [34%@1224,25%@1224,12%@1224,19%@1224] EMC_FREQ 15%@1600 GR3D_FREQ 51%@921 APE 25 PLL@30C CPU@32.5C PMIC@50C GPU@32C AO@41C thermal@32.25C POM_5V_IN 6542/3575 POM_5V_GPU 2943/605 POM_5V_CPU 1008/1089
RAM 1768/3964MB (lfb 216x4MB) SWAP 0/1982MB (cached 0MB) IRAM 0/252kB(lfb 252kB) CPU [45%@1224,12%@1224,12%@1224,20%@1224] EMC_FREQ 19%@1600 GR3D_FREQ 97%@921 APE 25 PLL@30C CPU@33C PMIC@50C GPU@32C AO@41C thermal@32.5C POM_5V_IN 6390/3810 POM_5V_GPU 3033/808 POM_5V_CPU 930/1076
RAM 1769/3964MB (lfb 216x4MB) SWAP 0/1982MB (cached 0MB) IRAM 0/252kB(lfb 252kB) CPU [54%@1479,12%@1479,15%@1479,14%@1479] EMC_FREQ 22%@1600 GR3D_FREQ 67%@921 APE 25 PLL@30.5C CPU@33C PMIC@50C GPU@32.5C AO@40.5C thermal@32.5C POM_5V_IN 6198/3993 POM_5V_GPU 2673/951 POM_5V_CPU 1012/1071
RAM 1769/3964MB (lfb 216x4MB) SWAP 0/1982MB (cached 0MB) IRAM 0/252kB(lfb 252kB) CPU [29%@1479,27%@1479,22%@1479,14%@1479] EMC_FREQ 24%@1600 GR3D_FREQ 98%@921 APE 25 PLL@30.5C CPU@33C PMIC@50C GPU@32.5C AO@41C thermal@32.75C POM_5V_IN 6421/4167 POM_5V_GPU 3069/1102 POM_5V_CPU 928/1061
RAM 1769/3964MB (lfb 216x4MB) SWAP 0/1982MB (cached 0MB) IRAM 0/252kB(lfb 252kB) CPU [36%@1479,15%@1479,20%@1479,20%@1479] EMC_FREQ 25%@1600 GR3D_FREQ 38%@921 APE 25 PLL@30.5C CPU@33C PMIC@50C GPU@32.5C AO@40.5C thermal@32.75C POM_5V_IN 6198/4302 POM_5V_GPU 2637/1205 POM_5V_CPU 1053/1060
RAM 1770/3964MB (lfb 214x4MB) SWAP 0/1982MB (cached 0MB) IRAM 0/252kB(lfb 252kB) CPU [46%@1479,18%@1479,17%@1479,17%@1479] EMC_FREQ 26%@1600 GR3D_FREQ 99%@921 APE 25 PLL@30.5C CPU@33C PMIC@50C GPU@32.5C AO@41.5C thermal@32.75C POM_5V_IN 6421/4435 POM_5V_GPU 2948/1314 POM_5V_CPU 1009/1057
RAM 1771/3964MB (lfb 214x4MB) SWAP 0/1982MB (cached 0MB) IRAM 0/252kB(lfb 252kB) CPU [40%@1479,18%@1479,12%@1479,27%@1479] EMC_FREQ 26%@1600 GR3D_FREQ 98%@921 APE 25 PLL@31C CPU@33.5C PMIC@50C GPU@32.5C AO@40.5C thermal@33C POM_5V_IN 6167/4536 POM_5V_GPU 2475/1382 POM_5V_CPU 1093/1059
RAM 1771/3964MB (lfb 214x4MB) SWAP 0/1982MB (cached 0MB) IRAM 0/252kB(lfb 252kB) CPU [34%@1479,21%@1479,24%@1479,12%@1479] EMC_FREQ 27%@1600 GR3D_FREQ 67%@921 APE 25 PLL@31C CPU@33.5C PMIC@50C GPU@33C AO@41.5C thermal@33C POM_5V_IN 6572/4649 POM_5V_GPU 2943/1469 POM_5V_CPU 1048/1058
RAM 1771/3964MB (lfb 214x4MB) SWAP 0/1982MB (cached 0MB) IRAM 0/252kB(lfb 252kB) CPU [22%@1224,36%@1224,14%@1224,22%@1224] EMC_FREQ 27%@1600 GR3D_FREQ 88%@921 APE 25 PLL@31.5C CPU@33C PMIC@50C GPU@33C AO@41C thermal@33.25C POM_5V_IN 6390/4741 POM_5V_GPU 2871/1542 POM_5V_CPU 889/1050
RAM 1771/3964MB (lfb 214x4MB) SWAP 0/1982MB (cached 0MB) IRAM 0/252kB(lfb 252kB) CPU [32%@1479,16%@1479,8%@1479,35%@1479] EMC_FREQ 27%@1600 GR3D_FREQ 89%@921 APE 25 PLL@31C CPU@33.5C PMIC@50C GPU@33C AO@41.5C thermal@33C POM_5V_IN 6421/4825 POM_5V_GPU 2826/1607 POM_5V_CPU 1009/1047
RAM 1771/3964MB (lfb 214x4MB) SWAP 0/1982MB (cached 0MB) IRAM 0/252kB(lfb 252kB) CPU [20%@1224,26%@1224,18%@1224,29%@1224] EMC_FREQ 27%@1600 GR3D_FREQ 98%@921 APE 25 PLL@31C CPU@34C PMIC@50C GPU@33C AO@41.5C thermal@33C POM_5V_IN 6572/4908 POM_5V_GPU 3104/1678 POM_5V_CPU 888/1040
RAM 1771/3964MB (lfb 214x4MB) SWAP 0/1982MB (cached 0MB) IRAM 0/252kB(lfb 252kB) CPU [53%@1479,14%@1479,13%@1479,14%@1479] EMC_FREQ 27%@1600 GR3D_FREQ 29%@921 APE 25 PLL@31.5C CPU@34C PMIC@50C GPU@33C AO@41.5C thermal@33.5C POM_5V_IN 6238/4969 POM_5V_GPU 2669/1723 POM_5V_CPU 1051/1040
RAM 1771/3964MB (lfb 213x4MB) SWAP 0/1982MB (cached 0MB) IRAM 0/252kB(lfb 252kB) CPU [26%@1224,13%@1224,21%@1224,27%@1224] EMC_FREQ 27%@1600 GR3D_FREQ 98%@921 APE 25 PLL@31C CPU@33.5C PMIC@50C GPU@33C AO@42C thermal@33.5C POM_5V_IN 6531/5037 POM_5V_GPU 3064/1781 POM_5V_CPU 887/1034
RAM 1771/3964MB (lfb 213x4MB) SWAP 0/1982MB (cached 0MB) IRAM 0/252kB(lfb 252kB) CPU [33%@1479,14%@1479,19%@1479,29%@1479] EMC_FREQ 27%@1600 GR3D_FREQ 70%@921 APE 25 PLL@31C CPU@33.5C PMIC@50C GPU@33C AO@41.5C thermal@33.25C POM_5V_IN 6238/5087 POM_5V_GPU 2633/1817 POM_5V_CPU 1012/1033
RAM 1771/3964MB (lfb 213x4MB) SWAP 0/1982MB (cached 0MB) IRAM 0/252kB(lfb 252kB) CPU [24%@1224,15%@1224,19%@1224,35%@1224] EMC_FREQ 27%@1600 GR3D_FREQ 98%@921 APE 25 PLL@31C CPU@34C PMIC@50C GPU@33C AO@42.5C thermal@33.75C POM_5V_IN 6531/5144 POM_5V_GPU 2983/1863 POM_5V_CPU 927/1028
RAM 1771/3964MB (lfb 213x4MB) SWAP 0/1982MB (cached 0MB) IRAM 0/252kB(lfb 252kB) CPU [29%@1479,21%@1479,36%@1479,15%@1479] EMC_FREQ 27%@1600 GR3D_FREQ 35%@921 APE 25 PLL@31C CPU@34C PMIC@50C GPU@33.5C AO@41.5C thermal@33.75C POM_5V_IN 6238/5186 POM_5V_GPU 2511/1888 POM_5V_CPU 1092/1031
RAM 1771/3964MB (lfb 213x4MB) SWAP 0/1982MB (cached 0MB) IRAM 0/252kB(lfb 252kB) CPU [49%@1428,17%@1428,13%@1428,15%@1428] EMC_FREQ 27%@1600 GR3D_FREQ 98%@921 APE 25 PLL@31.5C CPU@33.5C PMIC@50C GPU@34C AO@42C thermal@34C POM_5V_IN 6612/5239 POM_5V_GPU 2983/1929 POM_5V_CPU 967/1029
RAM 1771/3964MB (lfb 213x4MB) SWAP 0/1982MB (cached 0MB) IRAM 0/252kB(lfb 252kB) CPU [25%@1479,26%@1479,14%@1479,29%@1479] EMC_FREQ 27%@1600 GR3D_FREQ 91%@921 APE 25 PLL@31.5C CPU@34C PMIC@50C GPU@33.5C AO@42C thermal@34C POM_5V_IN 6126/5271 POM_5V_GPU 2556/1951 POM_5V_CPU 1014/1028
RAM 1771/3964MB (lfb 213x4MB) SWAP 0/1982MB (cached 0MB) IRAM 0/252kB(lfb 252kB) CPU [34%@1479,32%@1479,12%@1479,9%@1479] EMC_FREQ 27%@1600 GR3D_FREQ 76%@921 APE 25 PLL@32C CPU@34.5C PMIC@50C GPU@34C AO@42.5C thermal@34C POM_5V_IN 6421/5310 POM_5V_GPU 2907/1984 POM_5V_CPU 1009/1027
RAM 1771/3964MB (lfb 213x4MB) SWAP 0/1982MB (cached 0MB) IRAM 0/252kB(lfb 252kB) CPU [32%@1428,15%@1428,16%@1428,27%@1428] EMC_FREQ 27%@1600 GR3D_FREQ 98%@921 APE 25 PLL@32C CPU@34.5C PMIC@50C GPU@34C AO@42.5C thermal@33.75C POM_5V_IN 6461/5349 POM_5V_GPU 3069/2020 POM_5V_CPU 928/1024
RAM 1771/3964MB (lfb 213x4MB) SWAP 0/1982MB (cached 0MB) IRAM 0/252kB(lfb 252kB) CPU [24%@1479,29%@1479,19%@1479,21%@1479] EMC_FREQ 27%@1600 GR3D_FREQ 83%@921 APE 25 PLL@32C CPU@34C PMIC@50C GPU@33.5C AO@42.5C thermal@34C POM_5V_IN 6157/5375 POM_5V_GPU 2714/2043 POM_5V_CPU 972/1022
RAM 1771/3964MB (lfb 213x4MB) SWAP 0/1982MB (cached 0MB) IRAM 0/252kB(lfb 252kB) CPU [18%@1224,16%@1224,12%@1224,42%@1224] EMC_FREQ 27%@1600 GR3D_FREQ 98%@921 APE 25 PLL@32C CPU@34.5C PMIC@50C GPU@34C AO@43C thermal@34.25C POM_5V_IN 6582/5413 POM_5V_GPU 3064/2074 POM_5V_CPU 887/1018
RAM 1771/3964MB (lfb 213x4MB) SWAP 0/1982MB (cached 0MB) IRAM 0/252kB(lfb 252kB) CPU [36%@1479,19%@1479,26%@1479,13%@1479] EMC_FREQ 27%@1600 GR3D_FREQ 33%@921 APE 25 PLL@32C CPU@34.5C PMIC@50C GPU@34C AO@42C thermal@34.5C POM_5V_IN 6238/5438 POM_5V_GPU 2633/2091 POM_5V_CPU 1012/1018
RAM 1771/3964MB (lfb 213x4MB) SWAP 0/1982MB (cached 0MB) IRAM 0/252kB(lfb 252kB) CPU [45%@1479,13%@1479,12%@1479,20%@1479] EMC_FREQ 27%@1600 GR3D_FREQ 99%@921 APE 25 PLL@32.5C CPU@34.5C PMIC@50C GPU@34C AO@43C thermal@34.25C POM_5V_IN 6501/5469 POM_5V_GPU 2903/2115 POM_5V_CPU 1008/1018
RAM 1771/3964MB (lfb 213x4MB) SWAP 0/1982MB (cached 0MB) IRAM 0/252kB(lfb 252kB) CPU [40%@1428,17%@1428,23%@1428,15%@1428] EMC_FREQ 27%@1600 GR3D_FREQ 98%@921 APE 25 PLL@32C CPU@34.5C PMIC@50C GPU@34C AO@42C thermal@34.5C POM_5V_IN 6238/5491 POM_5V_GPU 2592/2129 POM_5V_CPU 1053/1019
RAM 1771/3964MB (lfb 213x4MB) SWAP 0/1982MB (cached 0MB) IRAM 0/252kB(lfb 252kB) CPU [45%@1479,15%@1479,22%@1479,13%@1479] EMC_FREQ 27%@1600 GR3D_FREQ 49%@921 APE 25 PLL@32C CPU@35C PMIC@50C GPU@34C AO@43C thermal@34.5C POM_5V_IN 6612/5522 POM_5V_GPU 2943/2151 POM_5V_CPU 1088/1020
RAM 1772/3964MB (lfb 213x4MB) SWAP 0/1982MB (cached 0MB) IRAM 0/252kB(lfb 252kB) CPU [41%@1224,16%@1224,13%@1224,21%@1224] EMC_FREQ 27%@1600 GR3D_FREQ 98%@921 APE 25 PLL@32.5C CPU@35C PMIC@50C GPU@34.5C AO@43C thermal@34.75C POM_5V_IN 6582/5551 POM_5V_GPU 2983/2174 POM_5V_CPU 969/1019
RAM 1771/3964MB (lfb 213x4MB) SWAP 0/1982MB (cached 0MB) IRAM 0/252kB(lfb 252kB) CPU [27%@1479,33%@1479,18%@1479,18%@1479] EMC_FREQ 27%@1600 GR3D_FREQ 89%@921 APE 25 PLL@32.5C CPU@35C PMIC@50C GPU@34.5C AO@43C thermal@34.75C POM_5V_IN 6421/5573 POM_5V_GPU 2826/2191 POM_5V_CPU 969/1018
RAM 1771/3964MB (lfb 213x4MB) SWAP 0/1982MB (cached 0MB) IRAM 0/252kB(lfb 252kB) CPU [20%@1224,30%@1224,21%@1224,18%@1224] EMC_FREQ 27%@1600 GR3D_FREQ 98%@921 APE 25 PLL@32.5C CPU@35.5C PMIC@50C GPU@34.5C AO@43.5C thermal@34.75C POM_5V_IN 6572/5599 POM_5V_GPU 3064/2213 POM_5V_CPU 887/1014
RAM 1771/3964MB (lfb 213x4MB) SWAP 0/1982MB (cached 0MB) IRAM 0/252kB(lfb 252kB) CPU [54%@1479,10%@1479,14%@1479,16%@1479] EMC_FREQ 27%@1600 GR3D_FREQ 29%@921 APE 25 PLL@32.5C CPU@35.5C PMIC@50C GPU@34.5C AO@42.5C thermal@34.75C POM_5V_IN 6269/5616 POM_5V_GPU 2669/2225 POM_5V_CPU 1011/1014
RAM 1771/3964MB (lfb 213x4MB) SWAP 0/1982MB (cached 0MB) IRAM 0/252kB(lfb 252kB) CPU [21%@1224,18%@1224,30%@1224,17%@1224] EMC_FREQ 27%@1600 GR3D_FREQ 98%@921 APE 25 PLL@32.5C CPU@35C PMIC@50C GPU@34.5C AO@43C thermal@34.75C POM_5V_IN 6572/5639 POM_5V_GPU 3024/2244 POM_5V_CPU 927/1012
RAM 1771/3964MB (lfb 213x4MB) SWAP 0/1982MB (cached 0MB) IRAM 0/252kB(lfb 252kB) CPU [51%@1479,15%@1479,13%@1479,13%@1479] EMC_FREQ 27%@1600 GR3D_FREQ 97%@921 APE 25 PLL@32.5C CPU@35.5C PMIC@50C GPU@34.5C AO@43C thermal@35C POM_5V_IN 6198/5652 POM_5V_GPU 2552/2252 POM_5V_CPU 1012/1012
RAM 1771/3964MB (lfb 213x4MB) SWAP 0/1982MB (cached 0MB) IRAM 0/252kB(lfb 252kB) CPU [28%@1428,10%@1428,22%@1428,30%@1428] EMC_FREQ 27%@1600 GR3D_FREQ 98%@921 APE 25 PLL@32.5C CPU@35C PMIC@50C GPU@34.5C AO@43.5C thermal@34.5C POM_5V_IN 6652/5676 POM_5V_GPU 2978/2268 POM_5V_CPU 1046/1013
RAM 1772/3964MB (lfb 213x4MB) SWAP 0/1982MB (cached 0MB) IRAM 0/252kB(lfb 252kB) CPU [35%@1479,24%@1479,14%@1479,24%@1479] EMC_FREQ 27%@1600 GR3D_FREQ 57%@921 APE 25 PLL@32.5C CPU@35C PMIC@50C GPU@35C AO@42.5C thermal@35C POM_5V_IN 6198/5687 POM_5V_GPU 2511/2274 POM_5V_CPU 1014/1013
RAM 1771/3964MB (lfb 213x4MB) SWAP 0/1982MB (cached 0MB) IRAM 0/252kB(lfb 252kB) CPU [17%@1479,18%@1479,26%@1479,32%@1479] EMC_FREQ 27%@1600 GR3D_FREQ 99%@921 APE 25 PLL@33C CPU@35.5C PMIC@50C GPU@35C AO@43.5C thermal@35C POM_5V_IN 6612/5708 POM_5V_GPU 2983/2290 POM_5V_CPU 1008/1013
RAM 1771/3964MB (lfb 213x4MB) SWAP 0/1982MB (cached 0MB) IRAM 0/252kB(lfb 252kB) CPU [32%@1479,22%@1479,15%@1479,20%@1479] EMC_FREQ 27%@1600 GR3D_FREQ 98%@921 APE 25 PLL@32.5C CPU@36C PMIC@50C GPU@35C AO@43.5C thermal@35C POM_5V_IN 6350/5722 POM_5V_GPU 2750/2300 POM_5V_CPU 970/1012
RAM 1771/3964MB (lfb 213x4MB) SWAP 0/1982MB (cached 0MB) IRAM 0/252kB(lfb 252kB) CPU [27%@1479,32%@1479,10%@1479,18%@1479] EMC_FREQ 27%@1600 GR3D_FREQ 48%@921 APE 25 PLL@33C CPU@36C PMIC@50C GPU@34.5C AO@44C thermal@35C POM_5V_IN 6501/5739 POM_5V_GPU 2867/2312 POM_5V_CPU 1009/1012
RAM 1771/3964MB (lfb 213x4MB) SWAP 0/1982MB (cached 0MB) IRAM 0/252kB(lfb 252kB) CPU [27%@1224,24%@1224,24%@1224,15%@1224] EMC_FREQ 27%@1600 GR3D_FREQ 98%@921 APE 25 PLL@33C CPU@35.5C PMIC@50C GPU@34.5C AO@43.5C thermal@35.5C POM_5V_IN 6531/5755 POM_5V_GPU 3064/2327 POM_5V_CPU 887/1009
RAM 1772/3964MB (lfb 213x4MB) SWAP 0/1982MB (cached 0MB) IRAM 0/252kB(lfb 252kB) CPU [51%@1479,13%@1479,11%@1479,14%@1479] EMC_FREQ 27%@1600 GR3D_FREQ 33%@921 APE 25 PLL@33.5C CPU@35.5C PMIC@50C GPU@35.5C AO@43.5C thermal@35.5C POM_5V_IN 6238/5765 POM_5V_GPU 2592/2333 POM_5V_CPU 1012/1009
RAM 1772/3964MB (lfb 213x4MB) SWAP 0/1982MB (cached 0MB) IRAM 0/252kB(lfb 252kB) CPU [41%@1479,17%@1479,17%@1479,15%@1479] EMC_FREQ 27%@1600 GR3D_FREQ 98%@921 APE 25 PLL@33.5C CPU@36C PMIC@50C GPU@35C AO@44.5C thermal@35.5C POM_5V_IN 6572/5781 POM_5V_GPU 2983/2346 POM_5V_CPU 1008/1009
RAM 1772/3964MB (lfb 213x4MB) SWAP 0/1982MB (cached 0MB) IRAM 0/252kB(lfb 252kB) CPU [36%@1479,20%@1479,21%@1479,13%@1479] EMC_FREQ 27%@1600 GR3D_FREQ 78%@921 APE 25 PLL@33.5C CPU@36C PMIC@50C GPU@35.5C AO@43C thermal@35.75C POM_5V_IN 6167/5789 POM_5V_GPU 2475/2348 POM_5V_CPU 1014/1009
RAM 1771/3964MB (lfb 213x4MB) SWAP 0/1982MB (cached 0MB) IRAM 0/252kB(lfb 252kB) CPU [32%@1479,19%@1479,27%@1479,15%@1479] EMC_FREQ 27%@1600 GR3D_FREQ 93%@921 APE 25 PLL@33.5C CPU@35.5C PMIC@50C GPU@35C AO@44.5C thermal@35.75C POM_5V_IN 6612/5804 POM_5V_GPU 2943/2360 POM_5V_CPU 1048/1010
RAM 1771/3964MB (lfb 213x4MB) SWAP 0/1982MB (cached 0MB) IRAM 0/252kB(lfb 252kB) CPU [31%@1224,21%@1224,21%@1224,25%@1224] EMC_FREQ 27%@1600 GR3D_FREQ 98%@921 APE 25 PLL@33.5C CPU@36C PMIC@50C GPU@35.5C AO@44C thermal@35.5C POM_5V_IN 6652/5820 POM_5V_GPU 2943/2371 POM_5V_CPU 1048/1011
RAM 1771/3964MB (lfb 213x4MB) SWAP 0/1982MB (cached 0MB) IRAM 0/252kB(lfb 252kB) CPU [30%@1479,14%@1479,22%@1479,26%@1479] EMC_FREQ 27%@1600 GR3D_FREQ 34%@921 APE 25 PLL@33.5C CPU@36C PMIC@50C GPU@35.5C AO@44.5C thermal@35.75C POM_5V_IN 6531/5834 POM_5V_GPU 2862/2380 POM_5V_CPU 1048/1011
RAM 1771/3964MB (lfb 213x4MB) SWAP 0/1982MB (cached 0MB) IRAM 0/252kB(lfb 252kB) CPU [23%@1428,13%@1428,28%@1428,27%@1428] EMC_FREQ 27%@1600 GR3D_FREQ 98%@921 APE 25 PLL@33.5C CPU@36C PMIC@50C GPU@35.5C AO@44.5C thermal@35.5C POM_5V_IN 6693/5849 POM_5V_GPU 3099/2393 POM_5V_CPU 925/1010
RAM 1771/3964MB (lfb 213x4MB) SWAP 0/1982MB (cached 0MB) IRAM 0/252kB(lfb 252kB) CPU [33%@1479,11%@1479,35%@1479,9%@1479] EMC_FREQ 27%@1600 GR3D_FREQ 38%@921 APE 25 PLL@34C CPU@36.5C PMIC@50C GPU@35.5C AO@44C thermal@35.75C POM_5V_IN 6309/5857 POM_5V_GPU 2629/2397 POM_5V_CPU 1092/1011
RAM 1771/3964MB (lfb 213x4MB) SWAP 0/1982MB (cached 0MB) IRAM 0/252kB(lfb 252kB) CPU [20%@1224,20%@1224,20%@1224,27%@1224] EMC_FREQ 27%@1600 GR3D_FREQ 98%@921 APE 25 PLL@33.5C CPU@36C PMIC@50C GPU@35.5C AO@44.5C thermal@35.75C POM_5V_IN 6612/5871 POM_5V_GPU 3064/2409 POM_5V_CPU 927/1010
RAM 1771/3964MB (lfb 213x4MB) SWAP 0/1982MB (cached 0MB) IRAM 0/252kB(lfb 252kB) CPU [19%@1479,33%@1479,18%@1479,26%@1479] EMC_FREQ 28%@1600 GR3D_FREQ 42%@921 APE 25 PLL@34C CPU@36.5C PMIC@50C GPU@35.5C AO@44C thermal@36C POM_5V_IN 6279/5878 POM_5V_GPU 2673/2413 POM_5V_CPU 972/1009
RAM 1771/3964MB (lfb 213x4MB) SWAP 0/1982MB (cached 0MB) IRAM 0/252kB(lfb 252kB) CPU [25%@1479,27%@1479,27%@1479,12%@1479] EMC_FREQ 27%@1600 GR3D_FREQ 99%@921 APE 25 PLL@34C CPU@36.5C PMIC@50C GPU@35.5C AO@45C thermal@35.75C POM_5V_IN 6572/5889 POM_5V_GPU 2983/2423 POM_5V_CPU 1008/1009
RAM 1771/3964MB (lfb 213x4MB) SWAP 0/1982MB (cached 0MB) IRAM 0/252kB(lfb 252kB) CPU [44%@1479,16%@1479,17%@1479,12%@1479] EMC_FREQ 27%@1600 GR3D_FREQ 98%@921 APE 25 PLL@34C CPU@36.5C PMIC@50C GPU@36C AO@44C thermal@36C POM_5V_IN 6279/5896 POM_5V_GPU 2633/2426 POM_5V_CPU 1012/1009
RAM 1771/3964MB (lfb 213x4MB) SWAP 0/1982MB (cached 0MB) IRAM 0/252kB(lfb 252kB) CPU [41%@1479,13%@1479,21%@1479,16%@1479] EMC_FREQ 27%@1600 GR3D_FREQ 46%@921 APE 25 PLL@34C CPU@37C PMIC@50C GPU@36C AO@45C thermal@36C POM_5V_IN 6612/5908 POM_5V_GPU 2903/2434 POM_5V_CPU 1048/1010
RAM 1772/3964MB (lfb 213x4MB) SWAP 0/1982MB (cached 0MB) IRAM 0/252kB(lfb 252kB) CPU [51%@1479,14%@1479,14%@1479,16%@1479] EMC_FREQ 27%@1600 GR3D_FREQ 98%@921 APE 25 PLL@34C CPU@37C PMIC@50C GPU@36C AO@45.5C thermal@36.5C POM_5V_IN 6763/5921 POM_5V_GPU 3094/2445 POM_5V_CPU 1006/1010
RAM 1772/3964MB (lfb 213x4MB) SWAP 0/1982MB (cached 0MB) IRAM 0/252kB(lfb 252kB) CPU [41%@1479,12%@1479,14%@1479,26%@1479] EMC_FREQ 27%@1600 GR3D_FREQ 53%@921 APE 25 PLL@34C CPU@36.5C PMIC@50C GPU@36C AO@44.5C thermal@36C POM_5V_IN 6421/5929 POM_5V_GPU 2705/2449 POM_5V_CPU 1090/1011
RAM 1772/3964MB (lfb 213x4MB) SWAP 0/1982MB (cached 0MB) IRAM 0/252kB(lfb 252kB) CPU [53%@1428,10%@1428,12%@1428,14%@1428] EMC_FREQ 27%@1600 GR3D_FREQ 98%@921 APE 25 PLL@34C CPU@37C PMIC@50C GPU@36C AO@45C thermal@36.75C POM_5V_IN 6612/5940 POM_5V_GPU 3064/2459 POM_5V_CPU 967/1010
RAM 1772/3964MB (lfb 213x4MB) SWAP 0/1982MB (cached 0MB) IRAM 0/252kB(lfb 252kB) CPU [23%@1479,18%@1479,27%@1479,21%@1479] EMC_FREQ 27%@1600 GR3D_FREQ 50%@921 APE 25 PLL@34.5C CPU@37C PMIC@50C GPU@36C AO@44.5C thermal@36.5C POM_5V_IN 6279/5945 POM_5V_GPU 2629/2461 POM_5V_CPU 1051/1011
RAM 1771/3964MB (lfb 213x4MB) SWAP 0/1982MB (cached 0MB) IRAM 0/252kB(lfb 252kB) CPU [24%@1224,15%@1224,23%@1224,29%@1224] EMC_FREQ 27%@1600 GR3D_FREQ 99%@921 APE 25 PLL@34.5C CPU@36.5C PMIC@50C GPU@36C AO@45C thermal@36.5C POM_5V_IN 6682/5956 POM_5V_GPU 3059/2470 POM_5V_CPU 1006/1011
RAM 1772/3964MB (lfb 213x4MB) SWAP 0/1982MB (cached 0MB) IRAM 0/252kB(lfb 252kB) CPU [43%@1479,16%@1479,19%@1479,16%@1479] EMC_FREQ 27%@1600 GR3D_FREQ 98%@921 APE 25 PLL@34.5C CPU@37C PMIC@50C GPU@36.5C AO@44.5C thermal@36.75C POM_5V_IN 6309/5962 POM_5V_GPU 2710/2474 POM_5V_CPU 1012/1011
RAM 1772/3964MB (lfb 213x4MB) SWAP 0/1982MB (cached 0MB) IRAM 0/252kB(lfb 252kB) CPU [23%@1326,27%@1326,22%@1326,19%@1326] EMC_FREQ 27%@1600 GR3D_FREQ 98%@921 APE 25 PLL@34.5C CPU@37C PMIC@50C GPU@36C AO@45.5C thermal@36.75C POM_5V_IN 6501/5969 POM_5V_GPU 2907/2480 POM_5V_CPU 969/1010
RAM 1772/3964MB (lfb 213x4MB) SWAP 0/1982MB (cached 0MB) IRAM 0/252kB(lfb 252kB) CPU [22%@1479,23%@1479,16%@1479,31%@1479] EMC_FREQ 27%@1600 GR3D_FREQ 94%@921 APE 25 PLL@34.5C CPU@37.5C PMIC@50C GPU@36C AO@45C thermal@36.5C POM_5V_IN 6421/5976 POM_5V_GPU 2831/2485 POM_5V_CPU 970/1010
RAM 1771/3964MB (lfb 213x4MB) SWAP 0/1982MB (cached 0MB) IRAM 0/252kB(lfb 252kB) CPU [25%@1479,20%@1479,19%@1479,28%@1479] EMC_FREQ 27%@1600 GR3D_FREQ 86%@921 APE 25 PLL@34.5C CPU@37.5C PMIC@50C GPU@36.5C AO@45.5C thermal@36.75C POM_5V_IN 6612/5985 POM_5V_GPU 2943/2492 POM_5V_CPU 1086/1011
RAM 1771/3964MB (lfb 213x4MB) SWAP 0/1982MB (cached 0MB) IRAM 0/252kB(lfb 252kB) CPU [51%@1479,11%@1479,14%@1479,19%@1479] EMC_FREQ 27%@1600 GR3D_FREQ 98%@921 APE 25 PLL@35C CPU@37.5C PMIC@50C GPU@36.5C AO@46C thermal@36.75C POM_5V_IN 6763/5996 POM_5V_GPU 3099/2500 POM_5V_CPU 1006/1011
RAM 1771/3964MB (lfb 213x4MB) SWAP 0/1982MB (cached 0MB) IRAM 0/252kB(lfb 252kB) CPU [32%@1479,27%@1479,13%@1479,22%@1479] EMC_FREQ 27%@1600 GR3D_FREQ 36%@921 APE 25 PLL@35C CPU@37.5C PMIC@50C GPU@36.5C AO@45.5C thermal@37C POM_5V_IN 6431/6002 POM_5V_GPU 2665/2503 POM_5V_CPU 1090/1012
RAM 1772/3964MB (lfb 213x4MB) SWAP 0/1982MB (cached 0MB) IRAM 0/252kB(lfb 252kB) CPU [45%@1479,20%@1479,11%@1479,14%@1479] EMC_FREQ 27%@1600 GR3D_FREQ 98%@921 APE 25 PLL@35C CPU@38C PMIC@50C GPU@36.5C AO@45.5C thermal@37C POM_5V_IN 6722/6012 POM_5V_GPU 3059/2510 POM_5V_CPU 1006/1012
RAM 1772/3964MB (lfb 213x4MB) SWAP 0/1982MB (cached 0MB) IRAM 0/252kB(lfb 252kB) CPU [52%@1479,13%@1479,10%@1479,11%@1479] EMC_FREQ 27%@1600 GR3D_FREQ 32%@921 APE 25 PLL@35C CPU@37.5C PMIC@50C GPU@37C AO@45C thermal@37.25C POM_5V_IN 6350/6017 POM_5V_GPU 2588/2511 POM_5V_CPU 1092/1013
RAM 1771/3964MB (lfb 213x4MB) SWAP 0/1982MB (cached 0MB) IRAM 0/252kB(lfb 252kB) CPU [17%@1224,47%@1224,13%@1224,16%@1224] EMC_FREQ 27%@1600 GR3D_FREQ 98%@921 APE 25 PLL@35C CPU@37.5C PMIC@50C GPU@36.5C AO@45.5C thermal@37.25C POM_5V_IN 6612/6024 POM_5V_GPU 2983/2518 POM_5V_CPU 1008/1013
RAM 1771/3964MB (lfb 213x4MB) SWAP 0/1982MB (cached 0MB) IRAM 0/252kB(lfb 252kB) CPU [22%@1224,33%@1224,12%@1224,20%@1224] EMC_FREQ 27%@1600 GR3D_FREQ 98%@921 APE 25 PLL@35C CPU@37.5C PMIC@50C GPU@36.5C AO@45.5C thermal@37.25C POM_5V_IN 6461/6030 POM_5V_GPU 2907/2523 POM_5V_CPU 930/1012
RAM 1771/3964MB (lfb 213x4MB) SWAP 0/1982MB (cached 0MB) IRAM 0/252kB(lfb 252kB) CPU [33%@1479,36%@1479,11%@1479,11%@1479] EMC_FREQ 27%@1600 GR3D_FREQ 54%@921 APE 25 PLL@35C CPU@37.5C PMIC@50C GPU@36.5C AO@46C thermal@37.25C POM_5V_IN 6501/6036 POM_5V_GPU 2826/2527 POM_5V_CPU 1048/1012
RAM 1771/3964MB (lfb 213x4MB) SWAP 0/1982MB (cached 0MB) IRAM 0/252kB(lfb 252kB) CPU [16%@1428,39%@1428,15%@1428,22%@1428] EMC_FREQ 27%@1600 GR3D_FREQ 98%@921 APE 25 PLL@35C CPU@37.5C PMIC@50C GPU@37C AO@46.5C thermal@37C POM_5V_IN 6722/6045 POM_5V_GPU 3139/2534 POM_5V_CPU 966/1011
RAM 1772/3964MB (lfb 213x4MB) SWAP 0/1982MB (cached 0MB) IRAM 0/252kB(lfb 252kB) CPU [17%@1479,48%@1479,18%@1479,14%@1479] EMC_FREQ 27%@1600 GR3D_FREQ 41%@921 APE 25 PLL@35.5C CPU@38C PMIC@50C GPU@37C AO@45.5C thermal@37.25C POM_5V_IN 6421/6050 POM_5V_GPU 2705/2537 POM_5V_CPU 1090/1012
RAM 1772/3964MB (lfb 213x4MB) SWAP 0/1982MB (cached 0MB) IRAM 0/252kB(lfb 252kB) CPU [22%@1479,37%@1479,14%@1479,19%@1479] EMC_FREQ 27%@1600 GR3D_FREQ 98%@921 APE 25 PLL@35C CPU@37.5C PMIC@50C GPU@37C AO@46C thermal@37.5C POM_5V_IN 6763/6059 POM_5V_GPU 3059/2543 POM_5V_CPU 1046/1013
RAM 1771/3964MB (lfb 213x4MB) SWAP 0/1982MB (cached 0MB) IRAM 0/252kB(lfb 252kB) CPU [29%@1479,25%@1479,25%@1479,16%@1479] EMC_FREQ 27%@1600 GR3D_FREQ 31%@921 APE 25 PLL@35.5C CPU@38C PMIC@50C GPU@37C AO@45.5C thermal@37.5C POM_5V_IN 6350/6062 POM_5V_GPU 2669/2545 POM_5V_CPU 1132/1014
RAM 1771/3964MB (lfb 213x4MB) SWAP 0/1982MB (cached 0MB) IRAM 0/252kB(lfb 252kB) CPU [14%@1479,19%@1479,43%@1479,14%@1479] EMC_FREQ 27%@1600 GR3D_FREQ 98%@921 APE 25 PLL@35.5C CPU@38C PMIC@50C GPU@37C AO@46.5C thermal@37.25C POM_5V_IN 6682/6070 POM_5V_GPU 2978/2550 POM_5V_CPU 1086/1015
RAM 1771/3964MB (lfb 213x4MB) SWAP 0/1982MB (cached 0MB) IRAM 0/252kB(lfb 252kB) CPU [12%@1479,51%@1479,13%@1479,12%@1479] EMC_FREQ 27%@1600 GR3D_FREQ 96%@921 APE 25 PLL@35.5C CPU@38.5C PMIC@50C GPU@37.5C AO@46C thermal@38C POM_5V_IN 6461/6075 POM_5V_GPU 2746/2552 POM_5V_CPU 1092/1016
RAM 1771/3964MB (lfb 213x4MB) SWAP 0/1982MB (cached 0MB) IRAM 0/252kB(lfb 252kB) CPU [14%@1479,19%@1479,43%@1479,15%@1479] EMC_FREQ 27%@1600 GR3D_FREQ 66%@921 APE 25 PLL@35.5C CPU@38C PMIC@50C GPU@37.5C AO@46.5C thermal@37.75C POM_5V_IN 6531/6080 POM_5V_GPU 2903/2557 POM_5V_CPU 1048/1016
RAM 1771/3964MB (lfb 213x4MB) SWAP 0/1982MB (cached 0MB) IRAM 0/252kB(lfb 252kB) CPU [17%@1224,28%@1224,29%@1224,20%@1224] EMC_FREQ 27%@1600 GR3D_FREQ 98%@921 APE 25 PLL@35.5C CPU@38C PMIC@50C GPU@37.5C AO@46.5C thermal@37.75C POM_5V_IN 6612/6086 POM_5V_GPU 3104/2563 POM_5V_CPU 927/1015
RAM 1771/3964MB (lfb 213x4MB) SWAP 0/1982MB (cached 0MB) IRAM 0/252kB(lfb 252kB) CPU [21%@1224,18%@1224,20%@1224,36%@1224] EMC_FREQ 27%@1600 GR3D_FREQ 26%@921 APE 25 PLL@35.5C CPU@38C PMIC@50C GPU@38C AO@46.5C thermal@37.75C POM_5V_IN 6421/6090 POM_5V_GPU 2826/2566 POM_5V_CPU 969/1015
RAM 1771/3964MB (lfb 213x4MB) SWAP 0/1982MB (cached 0MB) IRAM 0/252kB(lfb 252kB) CPU [16%@1224,21%@1224,36%@1224,21%@1224] EMC_FREQ 27%@1600 GR3D_FREQ 98%@921 APE 25 PLL@35.5C CPU@38.5C PMIC@50C GPU@37.5C AO@46.5C thermal@38C POM_5V_IN 6722/6097 POM_5V_GPU 3180/2573 POM_5V_CPU 925/1014
RAM 1771/3964MB (lfb 213x4MB) SWAP 0/1982MB (cached 0MB) IRAM 0/252kB(lfb 252kB) CPU [12%@1479,41%@1479,18%@1479,20%@1479] EMC_FREQ 27%@1600 GR3D_FREQ 44%@921 APE 25 PLL@36C CPU@38C PMIC@50C GPU@37.5C AO@46C thermal@37.75C POM_5V_IN 6461/6102 POM_5V_GPU 2705/2575 POM_5V_CPU 1090/1015
RAM 1771/3964MB (lfb 213x4MB) SWAP 0/1982MB (cached 0MB) IRAM 0/252kB(lfb 252kB) CPU [15%@1479,23%@1479,36%@1479,21%@1479] EMC_FREQ 27%@1600 GR3D_FREQ 98%@921 APE 25 PLL@35.5C CPU@38.5C PMIC@50C GPU@38C AO@47C thermal@37.75C POM_5V_IN 6832/6110 POM_5V_GPU 3094/2580 POM_5V_CPU 1085/1015
RAM 1772/3964MB (lfb 213x4MB) SWAP 0/1982MB (cached 0MB) IRAM 0/252kB(lfb 252kB) CPU [21%@1479,37%@1479,22%@1479,16%@1479] EMC_FREQ 27%@1600 GR3D_FREQ 68%@921 APE 25 PLL@35.5C CPU@38.5C PMIC@50C GPU@38C AO@46C thermal@37.75C POM_5V_IN 6279/6112 POM_5V_GPU 2548/2580 POM_5V_CPU 1092/1016
RAM 1772/3964MB (lfb 213x4MB) SWAP 0/1982MB (cached 0MB) IRAM 0/252kB(lfb 252kB) CPU [15%@1479,24%@1479,30%@1479,25%@1479] EMC_FREQ 27%@1600 GR3D_FREQ 99%@921 APE 25 PLL@36.5C CPU@38.5C PMIC@50C GPU@38C AO@47C thermal@37.75C POM_5V_IN 6722/6118 POM_5V_GPU 3059/2585 POM_5V_CPU 1086/1017
RAM 1772/3964MB (lfb 213x4MB) SWAP 0/1982MB (cached 0MB) IRAM 0/252kB(lfb 252kB) CPU [15%@1479,37%@1479,28%@1479,14%@1479] EMC_FREQ 27%@1600 GR3D_FREQ 98%@921 APE 25 PLL@36C CPU@38.5C PMIC@50C GPU@38C AO@46C thermal@38.25C POM_5V_IN 6390/6121 POM_5V_GPU 2710/2587 POM_5V_CPU 1051/1017
RAM 1771/3964MB (lfb 213x4MB) SWAP 0/1982MB (cached 0MB) IRAM 0/252kB(lfb 252kB) CPU [19%@1224,11%@1224,47%@1224,17%@1224] EMC_FREQ 27%@1600 GR3D_FREQ 98%@921 APE 25 PLL@36C CPU@38.5C PMIC@50C GPU@37.5C AO@47C thermal@38.25C POM_5V_IN 6572/6126 POM_5V_GPU 2943/2590 POM_5V_CPU 1008/1017
RAM 1772/3964MB (lfb 213x4MB) SWAP 0/1982MB (cached 0MB) IRAM 0/252kB(lfb 252kB) CPU [21%@1428,12%@1428,39%@1428,17%@1428] EMC_FREQ 27%@1600 GR3D_FREQ 98%@921 APE 25 PLL@36C CPU@39C PMIC@50C GPU@38C AO@47C thermal@38.25C POM_5V_IN 6652/6132 POM_5V_GPU 3064/2595 POM_5V_CPU 967/1017
RAM 1772/3964MB (lfb 213x4MB) SWAP 0/1982MB (cached 0MB) IRAM 0/252kB(lfb 252kB) CPU [18%@1224,24%@1224,13%@1224,39%@1224] EMC_FREQ 27%@1600 GR3D_FREQ 73%@921 APE 25 PLL@36C CPU@38.5C PMIC@50C GPU@38C AO@47C thermal@38.25C POM_5V_IN 6501/6136 POM_5V_GPU 2867/2598 POM_5V_CPU 1009/1017
RAM 1772/3964MB (lfb 213x4MB) SWAP 0/1982MB (cached 0MB) IRAM 0/252kB(lfb 252kB) CPU [19%@1428,34%@1428,17%@1428,24%@1428] EMC_FREQ 27%@1600 GR3D_FREQ 98%@921 APE 25 PLL@36C CPU@39C PMIC@50C GPU@38.5C AO@47C thermal@38.5C POM_5V_IN 6763/6142 POM_5V_GPU 3139/2604 POM_5V_CPU 966/1016
RAM 1772/3964MB (lfb 213x4MB) SWAP 0/1982MB (cached 0MB) IRAM 0/252kB(lfb 252kB) CPU [23%@1479,25%@1479,22%@1479,28%@1479] EMC_FREQ 27%@1600 GR3D_FREQ 34%@921 APE 25 PLL@36C CPU@39C PMIC@50C GPU@38C AO@47C thermal@38.75C POM_5V_IN 6421/6145 POM_5V_GPU 2746/2605 POM_5V_CPU 1049/1016
RAM 1772/3964MB (lfb 213x4MB) SWAP 0/1982MB (cached 0MB) IRAM 0/252kB(lfb 252kB) CPU [13%@1224,25%@1224,16%@1224,39%@1224] EMC_FREQ 27%@1600 GR3D_FREQ 98%@921 APE 25 PLL@36.5C CPU@39C PMIC@50C GPU@38.5C AO@47C thermal@38.5C POM_5V_IN 6763/6151 POM_5V_GPU 3059/2610 POM_5V_CPU 966/1016
RAM 1772/3964MB (lfb 213x4MB) SWAP 0/1982MB (cached 0MB) IRAM 0/252kB(lfb 252kB) CPU [11%@1479,22%@1479,33%@1479,25%@1479] EMC_FREQ 27%@1600 GR3D_FREQ 89%@921 APE 25 PLL@36.5C CPU@39.5C PMIC@50C GPU@38C AO@46.5C thermal@38.5C POM_5V_IN 6390/6154 POM_5V_GPU 2624/2610 POM_5V_CPU 1090/1017
RAM 1771/3964MB (lfb 213x4MB) SWAP 0/1982MB (cached 0MB) IRAM 0/252kB(lfb 252kB) CPU [13%@1479,50%@1479,14%@1479,13%@1479] EMC_FREQ 27%@1600 GR3D_FREQ 98%@921 APE 25 PLL@36.5C CPU@39C PMIC@50C GPU@38C AO@47.5C thermal@38.5C POM_5V_IN 6763/6160 POM_5V_GPU 3059/2615 POM_5V_CPU 1044/1017
RAM 1772/3964MB (lfb 213x4MB) SWAP 0/1982MB (cached 0MB) IRAM 0/252kB(lfb 252kB) CPU [21%@1479,33%@1479,29%@1479,12%@1479] EMC_FREQ 27%@1600 GR3D_FREQ 48%@921 APE 25 PLL@36.5C CPU@39C PMIC@50C GPU@38.5C AO@46.5C thermal@38.75C POM_5V_IN 6350/6162 POM_5V_GPU 2588/2614 POM_5V_CPU 1092/1018
RAM 1771/3964MB (lfb 213x4MB) SWAP 0/1982MB (cached 0MB) IRAM 0/252kB(lfb 252kB) CPU [31%@1479,30%@1479,12%@1479,16%@1479] EMC_FREQ 28%@1600 GR3D_FREQ 99%@921 APE 25 PLL@36.5C CPU@39.5C PMIC@50C GPU@38.5C AO@47.5C thermal@38.75C POM_5V_IN 6722/6167 POM_5V_GPU 2978/2618 POM_5V_CPU 1086/1018
RAM 1771/3964MB (lfb 213x4MB) SWAP 0/1982MB (cached 0MB) IRAM 0/252kB(lfb 252kB) CPU [21%@1224,25%@1224,15%@1224,29%@1224] EMC_FREQ 27%@1600 GR3D_FREQ 98%@921 APE 25 PLL@36.5C CPU@39.5C PMIC@50C GPU@38.5C AO@47C thermal@39C POM_5V_IN 6461/6170 POM_5V_GPU 2826/2620 POM_5V_CPU 1011/1018
RAM 1771/3964MB (lfb 213x4MB) SWAP 0/1982MB (cached 0MB) IRAM 0/252kB(lfb 252kB) CPU [30%@1479,28%@1479,16%@1479,18%@1479] EMC_FREQ 27%@1600 GR3D_FREQ 37%@921 APE 25 PLL@36.5C CPU@39.5C PMIC@50C GPU@38C AO@47.5C thermal@39C POM_5V_IN 6501/6173 POM_5V_GPU 2862/2622 POM_5V_CPU 1048/1019
RAM 1771/3964MB (lfb 213x4MB) SWAP 0/1982MB (cached 0MB) IRAM 0/252kB(lfb 252kB) CPU [25%@1224,32%@1224,15%@1224,23%@1224] EMC_FREQ 27%@1600 GR3D_FREQ 98%@921 APE 25 PLL@36.5C CPU@39C PMIC@50C GPU@38.5C AO@47.5C thermal@39C POM_5V_IN 6652/6178 POM_5V_GPU 3104/2627 POM_5V_CPU 887/1017
RAM 1771/3964MB (lfb 213x4MB) SWAP 0/1982MB (cached 0MB) IRAM 0/252kB(lfb 252kB) CPU [29%@1479,25%@1479,15%@1479,28%@1479] EMC_FREQ 27%@1600 GR3D_FREQ 40%@921 APE 25 PLL@36.5C CPU@39.5C PMIC@50C GPU@38.5C AO@47C thermal@38.75C POM_5V_IN 6390/6180 POM_5V_GPU 2669/2627 POM_5V_CPU 1051/1018
RAM 1772/3964MB (lfb 213x4MB) SWAP 0/1982MB (cached 0MB) IRAM 0/252kB(lfb 252kB) CPU [33%@1326,18%@1326,14%@1326,30%@1326] EMC_FREQ 27%@1600 GR3D_FREQ 98%@921 APE 25 PLL@36.5C CPU@39.5C PMIC@50C GPU@39C AO@47.5C thermal@39C POM_5V_IN 6763/6185 POM_5V_GPU 3059/2631 POM_5V_CPU 1044/1018
RAM 1771/3964MB (lfb 213x4MB) SWAP 0/1982MB (cached 0MB) IRAM 0/252kB(lfb 252kB) CPU [24%@1479,20%@1479,20%@1479,26%@1479] EMC_FREQ 27%@1600 GR3D_FREQ 55%@921 APE 25 PLL@36.5C CPU@39.5C PMIC@50C GPU@39C AO@46.5C thermal@39C POM_5V_IN 6309/6186 POM_5V_GPU 2548/2631 POM_5V_CPU 1092/1019
RAM 1771/3964MB (lfb 213x4MB) SWAP 0/1982MB (cached 0MB) IRAM 0/252kB(lfb 252kB) CPU [15%@1326,23%@1326,16%@1224,37%@1224] EMC_FREQ 27%@1600 GR3D_FREQ 99%@921 APE 25 PLL@36.5C CPU@39C PMIC@50C GPU@39C AO@47.5C thermal@39C POM_5V_IN 6763/6192 POM_5V_GPU 3059/2634 POM_5V_CPU 1046/1019
RAM 1771/3964MB (lfb 213x4MB) SWAP 0/1982MB (cached 0MB) IRAM 0/252kB(lfb 252kB) CPU [21%@1479,26%@1479,21%@1479,25%@1479] EMC_FREQ 27%@1600 GR3D_FREQ 98%@921 APE 25 PLL@36.5C CPU@39.5C PMIC@50C GPU@39C AO@47C thermal@39C POM_5V_IN 6501/6194 POM_5V_GPU 2669/2635 POM_5V_CPU 1092/1019
RAM 1771/3964MB (lfb 213x4MB) SWAP 0/1982MB (cached 0MB) IRAM 0/252kB(lfb 252kB) CPU [18%@1224,32%@1224,15%@1224,27%@1224] EMC_FREQ 27%@1600 GR3D_FREQ 64%@921 APE 25 PLL@37C CPU@39.5C PMIC@50C GPU@38.5C AO@47.5C thermal@39.25C POM_5V_IN 6682/6199 POM_5V_GPU 2978/2638 POM_5V_CPU 1046/1020
RAM 1771/3964MB (lfb 213x4MB) SWAP 0/1982MB (cached 0MB) IRAM 0/252kB(lfb 252kB) CPU [22%@1326,32%@1326,18%@1326,13%@1326] EMC_FREQ 27%@1600 GR3D_FREQ 90%@921 APE 25 PLL@37C CPU@40C PMIC@50C GPU@39C AO@47.5C thermal@39.5C POM_5V_IN 6652/6203 POM_5V_GPU 3024/2641 POM_5V_CPU 1008/1020
RAM 1771/3964MB (lfb 213x4MB) SWAP 0/1982MB (cached 0MB) IRAM 0/252kB(lfb 252kB) CPU [15%@1479,32%@1479,27%@1479,24%@1479] EMC_FREQ 27%@1600 GR3D_FREQ 84%@921 APE 25 PLL@37C CPU@39C PMIC@50C GPU@39C AO@48C thermal@39C POM_5V_IN 6421/6205 POM_5V_GPU 2826/2643 POM_5V_CPU 969/1019
RAM 1771/3964MB (lfb 213x4MB) SWAP 0/1982MB (cached 0MB) IRAM 0/252kB(lfb 252kB) CPU [16%@1224,21%@1224,23%@1224,35%@1224] EMC_FREQ 27%@1600 GR3D_FREQ 98%@921 APE 25 PLL@37C CPU@40C PMIC@50C GPU@39C AO@47.5C thermal@39C POM_5V_IN 6722/6209 POM_5V_GPU 3180/2648 POM_5V_CPU 925/1018
RAM 1771/3964MB (lfb 213x4MB) SWAP 0/1982MB (cached 0MB) IRAM 0/252kB(lfb 252kB) CPU [27%@1479,14%@1479,22%@1479,29%@1479] EMC_FREQ 27%@1600 GR3D_FREQ 33%@921 APE 25 PLL@37C CPU@40C PMIC@50C GPU@39C AO@47.5C thermal@39.5C POM_5V_IN 6390/6211 POM_5V_GPU 2710/2648 POM_5V_CPU 1049/1019
RAM 1771/3964MB (lfb 213x4MB) SWAP 0/1982MB (cached 0MB) IRAM 0/252kB(lfb 252kB) CPU [34%@1428,20%@1428,28%@1428,15%@1428] EMC_FREQ 27%@1600 GR3D_FREQ 99%@921 APE 25 PLL@37C CPU@39.5C PMIC@50C GPU@39C AO@48.5C thermal@39.5C POM_5V_IN 6722/6215 POM_5V_GPU 2978/2651 POM_5V_CPU 1086/1019
RAM 1771/3964MB (lfb 213x4MB) SWAP 0/1982MB (cached 0MB) IRAM 0/252kB(lfb 252kB) CPU [19%@1479,32%@1479,24%@1479,16%@1479] EMC_FREQ 27%@1600 GR3D_FREQ 98%@921 APE 25 PLL@37.5C CPU@40C PMIC@50C GPU@39C AO@47C thermal@39.5C POM_5V_IN 6350/6216 POM_5V_GPU 2552/2650 POM_5V_CPU 1092/1020
RAM 1771/3964MB (lfb 213x4MB) SWAP 0/1982MB (cached 0MB) IRAM 0/252kB(lfb 252kB) CPU [13%@1428,22%@1428,23%@1428,32%@1428] EMC_FREQ 27%@1600 GR3D_FREQ 98%@921 APE 25 PLL@37C CPU@39.5C PMIC@50C GPU@39C AO@48.5C thermal@39.5C POM_5V_IN 6722/6221 POM_5V_GPU 2978/2653 POM_5V_CPU 1046/1020
RAM 1772/3964MB (lfb 213x4MB) SWAP 0/1982MB (cached 0MB) IRAM 0/252kB(lfb 252kB) CPU [18%@1479,17%@1479,32%@1479,25%@1479] EMC_FREQ 27%@1600 GR3D_FREQ 92%@921 APE 25 PLL@37C CPU@40C PMIC@50C GPU@39.5C AO@47.5C thermal@39.5C POM_5V_IN 6652/6224 POM_5V_GPU 2862/2655 POM_5V_CPU 1088/1021
RAM 1772/3964MB (lfb 213x4MB) SWAP 0/1982MB (cached 0MB) IRAM 0/252kB(lfb 252kB) CPU [15%@1224,17%@1224,24%@1224,35%@1224] EMC_FREQ 27%@1600 GR3D_FREQ 82%@921 APE 25 PLL@37C CPU@40C PMIC@50C GPU@39.5C AO@48.5C thermal@39.5C POM_5V_IN 6531/6227 POM_5V_GPU 2862/2656 POM_5V_CPU 1008/1020
RAM 1772/3964MB (lfb 213x4MB) SWAP 0/1982MB (cached 0MB) IRAM 0/252kB(lfb 252kB) CPU [13%@1224,27%@1224,18%@1224,35%@1224] EMC_FREQ 27%@1600 GR3D_FREQ 98%@921 APE 25 PLL@37.5C CPU@40C PMIC@50C GPU@39.5C AO@48.5C thermal@39.75C POM_5V_IN 6722/6231 POM_5V_GPU 3099/2660 POM_5V_CPU 925/1020
RAM 1772/3964MB (lfb 213x4MB) SWAP 0/1982MB (cached 0MB) IRAM 0/252kB(lfb 252kB) CPU [24%@1479,31%@1479,19%@1479,25%@1479] EMC_FREQ 27%@1600 GR3D_FREQ 34%@921 APE 25 PLL@37.5C CPU@40C PMIC@50C GPU@39.5C AO@48C thermal@39.75C POM_5V_IN 6390/6232 POM_5V_GPU 2750/2661 POM_5V_CPU 970/1019
RAM 1772/3964MB (lfb 213x4MB) SWAP 0/1982MB (cached 0MB) IRAM 0/252kB(lfb 252kB) CPU [14%@1326,39%@1326,18%@1326,21%@1326] EMC_FREQ 27%@1600 GR3D_FREQ 99%@921 APE 25 PLL@37.5C CPU@40C PMIC@50C GPU@39C AO@48.5C thermal@39.75C POM_5V_IN 6763/6237 POM_5V_GPU 3099/2664 POM_5V_CPU 1006/1019
RAM 1772/3964MB (lfb 213x4MB) SWAP 0/1982MB (cached 0MB) IRAM 0/252kB(lfb 252kB) CPU [17%@1479,45%@1479,15%@1479,13%@1479] EMC_FREQ 27%@1600 GR3D_FREQ 29%@921 APE 25 PLL@37.5C CPU@40.5C PMIC@50C GPU@40C AO@47.5C thermal@39.75C POM_5V_IN 6319/6237 POM_5V_GPU 2548/2663 POM_5V_CPU 1092/1020
RAM 1772/3964MB (lfb 213x4MB) SWAP 0/1982MB (cached 0MB) IRAM 0/252kB(lfb 252kB) CPU [21%@1479,28%@1479,28%@1479,14%@1479] EMC_FREQ 27%@1600 GR3D_FREQ 98%@921 APE 25 PLL@37.5C CPU@40C PMIC@50C GPU@40C AO@48.5C thermal@40C POM_5V_IN 6652/6241 POM_5V_GPU 2938/2666 POM_5V_CPU 1086/1020
RAM 1771/3964MB (lfb 213x4MB) SWAP 0/1982MB (cached 0MB) IRAM 0/252kB(lfb 252kB) CPU [14%@1479,36%@1479,13%@1479,31%@1479] EMC_FREQ 27%@1600 GR3D_FREQ 88%@921 APE 25 PLL@37.5C CPU@40.5C PMIC@50C GPU@39.5C AO@48C thermal@39.75C POM_5V_IN 6501/6243 POM_5V_GPU 2786/2667 POM_5V_CPU 1090/1021
RAM 1772/3964MB (lfb 213x4MB) SWAP 0/1982MB (cached 0MB) IRAM 0/252kB(lfb 252kB) CPU [16%@1479,22%@1479,13%@1479,42%@1479] EMC_FREQ 27%@1600 GR3D_FREQ 69%@921 APE 25 PLL@38C CPU@40.5C PMIC@50C GPU@39.5C AO@48.5C thermal@39.75C POM_5V_IN 6682/6246 POM_5V_GPU 2938/2669 POM_5V_CPU 1086/1021
RAM 1771/3964MB (lfb 212x4MB) SWAP 0/1982MB (cached 0MB) IRAM 0/252kB(lfb 252kB) CPU [25%@1479,34%@1479,17%@1479,20%@1479] EMC_FREQ 27%@1600 GR3D_FREQ 98%@921 APE 25 PLL@38C CPU@40.5C PMIC@50C GPU@39.5C AO@49C thermal@40.25C POM_5V_IN 6832/6251 POM_5V_GPU 3134/2672 POM_5V_CPU 1004/1021
RAM 1772/3964MB (lfb 212x4MB) SWAP 0/1982MB (cached 0MB) IRAM 0/252kB(lfb 252kB) CPU [14%@1479,49%@1479,11%@1479,16%@1479] EMC_FREQ 27%@1600 GR3D_FREQ 37%@921 APE 25 PLL@38C CPU@40.5C PMIC@50C GPU@39.5C AO@48.5C thermal@40.5C POM_5V_IN 6461/6252 POM_5V_GPU 2705/2673 POM_5V_CPU 1130/1022
RAM 1771/3964MB (lfb 212x4MB) SWAP 0/1982MB (cached 0MB) IRAM 0/252kB(lfb 252kB) CPU [27%@1224,29%@1224,25%@1224,19%@1224] EMC_FREQ 27%@1600 GR3D_FREQ 99%@921 APE 25 PLL@38C CPU@40.5C PMIC@50C GPU@40C AO@49C thermal@40.25C POM_5V_IN 6722/6256 POM_5V_GPU 3099/2676 POM_5V_CPU 966/1022
RAM 1772/3964MB (lfb 212x4MB) SWAP 0/1982MB (cached 0MB) IRAM 0/252kB(lfb 252kB) CPU [30%@1479,19%@1479,36%@1479,14%@1479] EMC_FREQ 27%@1600 GR3D_FREQ 34%@921 APE 25 PLL@37.5C CPU@40.5C PMIC@50C GPU@40C AO@48C thermal@40C POM_5V_IN 6279/6256 POM_5V_GPU 2629/2675 POM_5V_CPU 1051/1022
RAM 1772/3964MB (lfb 212x4MB) SWAP 0/1982MB (cached 0MB) IRAM 0/252kB(lfb 252kB) CPU [19%@1428,26%@1428,16%@1428,31%@1428] EMC_FREQ 27%@1600 GR3D_FREQ 98%@921 APE 25 PLL@38C CPU@41C PMIC@50C GPU@40C AO@49C thermal@40.25C POM_5V_IN 6682/6259 POM_5V_GPU 3019/2678 POM_5V_CPU 1046/1022
RAM 1772/3964MB (lfb 212x4MB) SWAP 0/1982MB (cached 0MB) IRAM 0/252kB(lfb 252kB) CPU [13%@1479,44%@1479,23%@1479,16%@1479] EMC_FREQ 27%@1600 GR3D_FREQ 93%@921 APE 25 PLL@38C CPU@41C PMIC@50C GPU@39.5C AO@48.5C thermal@40.25C POM_5V_IN 6390/6260 POM_5V_GPU 2629/2678 POM_5V_CPU 1051/1022
RAM 1772/3964MB (lfb 212x4MB) SWAP 0/1982MB (cached 0MB) IRAM 0/252kB(lfb 252kB) CPU [24%@1479,36%@1479,12%@1479,20%@1479] EMC_FREQ 27%@1600 GR3D_FREQ 81%@921 APE 25 PLL@38C CPU@40.5C PMIC@50C GPU@39.5C AO@49.5C thermal@40.25C POM_5V_IN 6763/6264 POM_5V_GPU 2974/2680 POM_5V_CPU 1125/1023
RAM 1772/3964MB (lfb 212x4MB) SWAP 0/1982MB (cached 0MB) IRAM 0/252kB(lfb 252kB) CPU [26%@1224,24%@1224,20%@1224,24%@1224] EMC_FREQ 27%@1600 GR3D_FREQ 97%@921 APE 25 PLL@38C CPU@41C PMIC@50C GPU@40.5C AO@49.5C thermal@40.5C POM_5V_IN 6913/6269 POM_5V_GPU 3134/2683 POM_5V_CPU 1044/1023
RAM 1772/3964MB (lfb 212x4MB) SWAP 0/1982MB (cached 0MB) IRAM 0/252kB(lfb 252kB) CPU [18%@1224,21%@1224,24%@1224,28%@1224] EMC_FREQ 27%@1600 GR3D_FREQ 35%@921 APE 25 PLL@38C CPU@40.5C PMIC@50C GPU@40.5C AO@49C thermal@40.5C POM_5V_IN 6652/6272 POM_5V_GPU 2858/2685 POM_5V_CPU 1086/1024
RAM 1772/3964MB (lfb 212x4MB) SWAP 0/1982MB (cached 0MB) IRAM 0/252kB(lfb 252kB) CPU [18%@1224,35%@1224,15%@1224,21%@1224] EMC_FREQ 27%@1600 GR3D_FREQ 98%@921 APE 25 PLL@38.5C CPU@40.5C PMIC@50C GPU@40.5C AO@49.5C thermal@40.5C POM_5V_IN 6763/6275 POM_5V_GPU 3180/2688 POM_5V_CPU 966/1023
RAM 1771/3964MB (lfb 212x4MB) SWAP 0/1982MB (cached 0MB) IRAM 0/252kB(lfb 252kB) CPU [20%@1479,30%@1479,20%@1479,30%@1479] EMC_FREQ 27%@1600 GR3D_FREQ 37%@921 APE 25 PLL@38.5C CPU@41C PMIC@50C GPU@40.5C AO@48.5C thermal@40.75C POM_5V_IN 6421/6276 POM_5V_GPU 2705/2688 POM_5V_CPU 1090/1024
RAM 1772/3964MB (lfb 212x4MB) SWAP 0/1982MB (cached 0MB) IRAM 0/252kB(lfb 252kB) CPU [19%@1479,41%@1479,18%@1479,17%@1479] EMC_FREQ 27%@1600 GR3D_FREQ 98%@921 APE 25 PLL@38.5C CPU@41C PMIC@50C GPU@40C AO@49.5C thermal@40.75C POM_5V_IN 6763/6280 POM_5V_GPU 3094/2691 POM_5V_CPU 1006/1023
RAM 1772/3964MB (lfb 212x4MB) SWAP 0/1982MB (cached 0MB) IRAM 0/252kB(lfb 252kB) CPU [17%@1479,22%@1479,18%@1479,39%@1479] EMC_FREQ 27%@1600 GR3D_FREQ 78%@921 APE 25 PLL@38.5C CPU@41.5C PMIC@50C GPU@40.5C AO@48.5C thermal@40.5C POM_5V_IN 6319/6280 POM_5V_GPU 2592/2690 POM_5V_CPU 1051/1024
RAM 1771/3964MB (lfb 212x4MB) SWAP 0/1982MB (cached 0MB) IRAM 0/252kB(lfb 252kB) CPU [14%@1224,30%@1224,26%@1224,21%@1224] EMC_FREQ 27%@1600 GR3D_FREQ 99%@921 APE 25 PLL@38.5C CPU@41C PMIC@50C GPU@40C AO@50C thermal@40.75C POM_5V_IN 6652/6283 POM_5V_GPU 3019/2693 POM_5V_CPU 966/1023
RAM 1771/3964MB (lfb 212x4MB) SWAP 0/1982MB (cached 0MB) IRAM 0/252kB(lfb 252kB) CPU [17%@1326,35%@1326,25%@1326,12%@1326] EMC_FREQ 27%@1600 GR3D_FREQ 98%@921 APE 25 PLL@38.5C CPU@41C PMIC@50C GPU@40.5C AO@49.5C thermal@40.75C POM_5V_IN 6501/6284 POM_5V_GPU 2867/2694 POM_5V_CPU 1049/1023
RAM 1771/3964MB (lfb 212x4MB) SWAP 0/1982MB (cached 0MB) IRAM 0/252kB(lfb 252kB) CPU [13%@1479,27%@1479,33%@1479,21%@1479] EMC_FREQ 27%@1600 GR3D_FREQ 99%@921 APE 25 PLL@38.5C CPU@41C PMIC@50C GPU@40.5C AO@49.5C thermal@40.75C POM_5V_IN 6763/6288 POM_5V_GPU 2978/2696 POM_5V_CPU 1125/1024
RAM 1771/3964MB (lfb 212x4MB) SWAP 0/1982MB (cached 0MB) IRAM 0/252kB(lfb 252kB) CPU [15%@1224,37%@1224,15%@1224,26%@1224] EMC_FREQ 27%@1600 GR3D_FREQ 98%@921 APE 25 PLL@38.5C CPU@41.5C PMIC@50C GPU@40.5C AO@49.5C thermal@40.75C POM_5V_IN 6832/6291 POM_5V_GPU 3134/2699 POM_5V_CPU 1004/1024
RAM 1772/3964MB (lfb 212x4MB) SWAP 0/1982MB (cached 0MB) IRAM 0/252kB(lfb 252kB) CPU [12%@1479,25%@1479,15%@1479,39%@1479] EMC_FREQ 27%@1600 GR3D_FREQ 29%@921 APE 25 PLL@39C CPU@41.5C PMIC@50C GPU@40.5C AO@49C thermal@40.75C POM_5V_IN 6461/6292 POM_5V_GPU 2665/2699 POM_5V_CPU 1090/1024
RAM 1772/3964MB (lfb 212x4MB) SWAP 0/1982MB (cached 0MB) IRAM 0/252kB(lfb 252kB) CPU [32%@1428,25%@1428,13%@1428,23%@1428] EMC_FREQ 27%@1600 GR3D_FREQ 98%@921 APE 25 PLL@39C CPU@41.5C PMIC@50C GPU@40.5C AO@50C thermal@41C POM_5V_IN 6832/6296 POM_5V_GPU 3094/2702 POM_5V_CPU 1044/1025
RAM 1772/3964MB (lfb 212x4MB) SWAP 0/1982MB (cached 0MB) IRAM 0/252kB(lfb 252kB) CPU [19%@1479,50%@1479,12%@1479,18%@1479] EMC_FREQ 27%@1600 GR3D_FREQ 97%@921 APE 25 PLL@39C CPU@41.5C PMIC@50C GPU@40.5C AO@49C thermal@41.25C POM_5V_IN 6431/6297 POM_5V_GPU 2588/2701 POM_5V_CPU 1132/1025
RAM 1771/3964MB (lfb 212x4MB) SWAP 0/1982MB (cached 0MB) IRAM 0/252kB(lfb 252kB) CPU [18%@1479,38%@1479,17%@1479,19%@1479] EMC_FREQ 27%@1600 GR3D_FREQ 75%@921 APE 25 PLL@39C CPU@41.5C PMIC@50C GPU@41C AO@50C thermal@41C POM_5V_IN 6682/6300 POM_5V_GPU 2978/2703 POM_5V_CPU 1046/1025
RAM 1772/3964MB (lfb 212x4MB) SWAP 0/1982MB (cached 0MB) IRAM 0/252kB(lfb 252kB) CPU [13%@1224,49%@1224,12%@1224,14%@1224] EMC_FREQ 27%@1600 GR3D_FREQ 98%@921 APE 25 PLL@39C CPU@41.5C PMIC@50C GPU@41C AO@49.5C thermal@41C POM_5V_IN 6722/6303 POM_5V_GPU 3064/2705 POM_5V_CPU 1008/1025
RAM 1772/3964MB (lfb 212x4MB) SWAP 0/1982MB (cached 0MB) IRAM 0/252kB(lfb 252kB) CPU [18%@1479,28%@1479,20%@1479,35%@1479] EMC_FREQ 27%@1600 GR3D_FREQ 99%@921 APE 25 PLL@39C CPU@41.5C PMIC@50C GPU@40.5C AO@50C thermal@41.25C POM_5V_IN 6572/6304 POM_5V_GPU 2903/2706 POM_5V_CPU 1008/1025
RAM 1771/3964MB (lfb 212x4MB) SWAP 0/1982MB (cached 0MB) IRAM 0/252kB(lfb 252kB) CPU [16%@1224,34%@1224,18%@1224,23%@1224] EMC_FREQ 27%@1600 GR3D_FREQ 98%@921 APE 25 PLL@39.5C CPU@41.5C PMIC@50C GPU@41C AO@50.5C thermal@41.5C POM_5V_IN 6832/6308 POM_5V_GPU 3175/2709 POM_5V_CPU 964/1025
RAM 1771/3964MB (lfb 212x4MB) SWAP 0/1982MB (cached 0MB) IRAM 0/252kB(lfb 252kB) CPU [17%@1479,34%@1479,16%@1479,27%@1479] EMC_FREQ 27%@1600 GR3D_FREQ 38%@921 APE 25 PLL@39.5C CPU@41.5C PMIC@50C GPU@41C AO@49.5C thermal@41.25C POM_5V_IN 6612/6310 POM_5V_GPU 2822/2710 POM_5V_CPU 1128/1025
RAM 1771/3964MB (lfb 212x4MB) SWAP 0/1982MB (cached 0MB) IRAM 0/252kB(lfb 252kB) CPU [17%@1479,27%@1479,12%@1479,36%@1479] EMC_FREQ 27%@1600 GR3D_FREQ 98%@921 APE 25 PLL@39C CPU@42C PMIC@50C GPU@41C AO@50C thermal@41.25C POM_5V_IN 6913/6314 POM_5V_GPU 3094/2713 POM_5V_CPU 1085/1026
RAM 1771/3964MB (lfb 212x4MB) SWAP 0/1982MB (cached 0MB) IRAM 0/252kB(lfb 252kB) CPU [31%@1479,31%@1479,11%@1479,17%@1479] EMC_FREQ 27%@1600 GR3D_FREQ 76%@921 APE 25 PLL@39.5C CPU@42C PMIC@50C GPU@41.5C AO@49.5C thermal@41.25C POM_5V_IN 6350/6314 POM_5V_GPU 2588/2712 POM_5V_CPU 1132/1027
RAM 1771/3964MB (lfb 212x4MB) SWAP 0/1982MB (cached 0MB) IRAM 0/252kB(lfb 252kB) CPU [27%@1479,40%@1479,18%@1479,12%@1479] EMC_FREQ 27%@1600 GR3D_FREQ 88%@921 APE 25 PLL@39C CPU@42C PMIC@50C GPU@41C AO@50.5C thermal@41.5C POM_5V_IN 6792/6317 POM_5V_GPU 3094/2714 POM_5V_CPU 1085/1027
RAM 1771/3964MB (lfb 212x4MB) SWAP 0/1982MB (cached 0MB) IRAM 0/252kB(lfb 252kB) CPU [14%@1326,49%@1326,20%@1326,14%@1326] EMC_FREQ 27%@1600 GR3D_FREQ 83%@921 APE 25 PLL@39.5C CPU@41.5C PMIC@50C GPU@41.5C AO@50C thermal@41.25C POM_5V_IN 6722/6320 POM_5V_GPU 2938/2716 POM_5V_CPU 1088/1027
RAM 1772/3964MB (lfb 212x4MB) SWAP 0/1982MB (cached 0MB) IRAM 0/252kB(lfb 252kB) CPU [13%@1479,45%@1479,14%@1479,19%@1479] EMC_FREQ 27%@1600 GR3D_FREQ 91%@921 APE 25 PLL@39C CPU@41.5C PMIC@50C GPU@41C AO@50C thermal@41.5C POM_5V_IN 6612/6321 POM_5V_GPU 2903/2717 POM_5V_CPU 1088/1028
RAM 1772/3964MB (lfb 212x4MB) SWAP 0/1982MB (cached 0MB) IRAM 0/252kB(lfb 252kB) CPU [18%@1326,42%@1326,13%@1326,16%@1326] EMC_FREQ 27%@1600 GR3D_FREQ 98%@921 APE 25 PLL@39.5C CPU@42C PMIC@50C GPU@41.5C AO@50.5C thermal@41.5C POM_5V_IN 6832/6325 POM_5V_GPU 3175/2720 POM_5V_CPU 1004/1028
RAM 1772/3964MB (lfb 212x4MB) SWAP 0/1982MB (cached 0MB) IRAM 0/252kB(lfb 252kB) CPU [15%@1479,51%@1479,14%@1479,14%@1479] EMC_FREQ 27%@1600 GR3D_FREQ 35%@921 APE 25 PLL@39.5C CPU@42C PMIC@50C GPU@41.5C AO@50C thermal@41.25C POM_5V_IN 6542/6326 POM_5V_GPU 2746/2720 POM_5V_CPU 1128/1028
RAM 1772/3964MB (lfb 212x4MB) SWAP 0/1982MB (cached 0MB) IRAM 0/252kB(lfb 252kB) CPU [22%@1428,27%@1428,21%@1428,19%@1428] EMC_FREQ 27%@1600 GR3D_FREQ 98%@921 APE 25 PLL@39.5C CPU@41.5C PMIC@50C GPU@41C AO@50.5C thermal@41.5C POM_5V_IN 6792/6329 POM_5V_GPU 3134/2723 POM_5V_CPU 964/1028
RAM 1772/3964MB (lfb 212x4MB) SWAP 0/1982MB (cached 0MB) IRAM 0/252kB(lfb 252kB) CPU [24%@1479,18%@1479,26%@1479,25%@1479] EMC_FREQ 27%@1600 GR3D_FREQ 74%@921 APE 25 PLL@39C CPU@42C PMIC@50C GPU@41C AO@50C thermal@41.25C POM_5V_IN 6461/6330 POM_5V_GPU 2705/2722 POM_5V_CPU 1130/1028
RAM 1772/3964MB (lfb 212x4MB) SWAP 0/1982MB (cached 0MB) IRAM 0/252kB(lfb 252kB) CPU [29%@1479,24%@1479,19%@1479,24%@1479] EMC_FREQ 27%@1600 GR3D_FREQ 98%@921 APE 25 PLL@39.5C CPU@42C PMIC@50C GPU@41C AO@51C thermal@41.5C POM_5V_IN 6792/6333 POM_5V_GPU 3054/2725 POM_5V_CPU 1085/1029
RAM 1771/3964MB (lfb 212x4MB) SWAP 0/1982MB (cached 0MB) IRAM 0/252kB(lfb 252kB) CPU [22%@1479,22%@1479,24%@1479,32%@1479] EMC_FREQ 27%@1600 GR3D_FREQ 55%@921 APE 25 PLL@39.5C CPU@42C PMIC@50C GPU@41.5C AO@49.5C thermal@41.5C POM_5V_IN 6390/6333 POM_5V_GPU 2629/2724 POM_5V_CPU 1092/1029
RAM 1771/3964MB (lfb 212x4MB) SWAP 0/1982MB (cached 0MB) IRAM 0/252kB(lfb 252kB) CPU [19%@1479,43%@1479,13%@1479,15%@1479] EMC_FREQ 27%@1600 GR3D_FREQ 99%@921 APE 25 PLL@39.5C CPU@42.5C PMIC@50C GPU@41.5C AO@51C thermal@41.75C POM_5V_IN 6763/6336 POM_5V_GPU 3014/2726 POM_5V_CPU 1086/1029
RAM 1771/3964MB (lfb 212x4MB) SWAP 0/1982MB (cached 0MB) IRAM 0/252kB(lfb 252kB) CPU [19%@1224,19%@1224,38%@1224,17%@1224] EMC_FREQ 27%@1600 GR3D_FREQ 98%@921 APE 25 PLL@39.5C CPU@42C PMIC@50C GPU@41.5C AO@50.5C thermal@41.75C POM_5V_IN 6693/6338 POM_5V_GPU 3024/2728 POM_5V_CPU 967/1029
RAM 1771/3964MB (lfb 212x4MB) SWAP 0/1982MB (cached 0MB) IRAM 0/252kB(lfb 252kB) CPU [24%@1479,12%@1479,16%@1479,39%@1479] EMC_FREQ 27%@1600 GR3D_FREQ 48%@921 APE 25 PLL@40C CPU@42.5C PMIC@50C GPU@41.5C AO@50.5C thermal@41.75C POM_5V_IN 6612/6339 POM_5V_GPU 2903/2729 POM_5V_CPU 1088/1029
RAM 1772/3964MB (lfb 212x4MB) SWAP 0/1982MB (cached 0MB) IRAM 0/252kB(lfb 252kB) CPU [33%@1224,14%@1224,14%@1224,30%@1224] EMC_FREQ 27%@1600 GR3D_FREQ 98%@921 APE 25 PLL@39.5C CPU@42.5C PMIC@50C GPU@41.5C AO@51C thermal@42.25C POM_5V_IN 6763/6342 POM_5V_GPU 3175/2731 POM_5V_CPU 925/1029
RAM 1772/3964MB (lfb 212x4MB) SWAP 0/1982MB (cached 0MB) IRAM 0/252kB(lfb 252kB) CPU [28%@1224,20%@1224,11%@1224,30%@1224] EMC_FREQ 27%@1600 GR3D_FREQ 86%@921 APE 25 PLL@39.5C CPU@42C PMIC@50C GPU@41.5C AO@50.5C thermal@42C POM_5V_IN 6572/6343 POM_5V_GPU 2862/2732 POM_5V_CPU 1088/1029
RAM 1772/3964MB (lfb 211x4MB) SWAP 0/1982MB (cached 0MB) IRAM 0/252kB(lfb 252kB) CPU [22%@1224,34%@1224,12%@1224,24%@1224] EMC_FREQ 27%@1600 GR3D_FREQ 98%@921 APE 25 PLL@39.5C CPU@42.5C PMIC@50C GPU@42C AO@51C thermal@41.75C POM_5V_IN 6803/6346 POM_5V_GPU 3134/2734 POM_5V_CPU 924/1029
RAM 1772/3964MB (lfb 211x4MB) SWAP 0/1982MB (cached 0MB) IRAM 0/252kB(lfb 252kB) CPU [45%@1479,12%@1479,21%@1479,15%@1479] EMC_FREQ 27%@1600 GR3D_FREQ 35%@921 APE 25 PLL@39.5C CPU@42.5C PMIC@50C GPU@42C AO@50C thermal@41.75C POM_5V_IN 6501/6347 POM_5V_GPU 2661/2734 POM_5V_CPU 1169/1029
RAM 1772/3964MB (lfb 211x4MB) SWAP 0/1982MB (cached 0MB) IRAM 0/252kB(lfb 252kB) CPU [30%@1428,15%@1428,27%@1428,20%@1428] EMC_FREQ 27%@1600 GR3D_FREQ 98%@921 APE 25 PLL@40C CPU@42.5C PMIC@50C GPU@42C AO@51C thermal@41.75C POM_5V_IN 6832/6350 POM_5V_GPU 3094/2736 POM_5V_CPU 1085/1030
RAM 1772/3964MB (lfb 211x4MB) SWAP 0/1982MB (cached 0MB) IRAM 0/252kB(lfb 252kB) CPU [33%@1479,15%@1479,25%@1479,20%@1479] EMC_FREQ 27%@1600 GR3D_FREQ 98%@921 APE 25 PLL@40C CPU@42.5C PMIC@50C GPU@42C AO@50.5C thermal@41.75C POM_5V_IN 6501/6351 POM_5V_GPU 2746/2736 POM_5V_CPU 1090/1030
RAM 1772/3964MB (lfb 211x4MB) SWAP 0/1982MB (cached 0MB) IRAM 0/252kB(lfb 252kB) CPU [28%@1479,12%@1479,26%@1479,25%@1479] EMC_FREQ 27%@1600 GR3D_FREQ 40%@921 APE 25 PLL@40C CPU@42.5C PMIC@50C GPU@41.5C AO@51.5C thermal@42C POM_5V_IN 6763/6353 POM_5V_GPU 2938/2737 POM_5V_CPU 1086/1030
RAM 1772/3964MB (lfb 211x4MB) SWAP 0/1982MB (cached 0MB) IRAM 0/252kB(lfb 252kB) CPU [36%@1479,27%@1479,13%@1479,13%@1479] EMC_FREQ 27%@1600 GR3D_FREQ 98%@921 APE 25 PLL@40C CPU@42.5C PMIC@50C GPU@42C AO@51C thermal@42.25C POM_5V_IN 6792/6356 POM_5V_GPU 3094/2739 POM_5V_CPU 1004/1030
RAM 1772/3964MB (lfb 211x4MB) SWAP 0/1982MB (cached 0MB) IRAM 0/252kB(lfb 252kB) CPU [14%@1479,52%@1479,14%@1479,17%@1479] EMC_FREQ 27%@1600 GR3D_FREQ 35%@921 APE 25 PLL@40C CPU@43C PMIC@50C GPU@42C AO@50.5C thermal@42.25C POM_5V_IN 6542/6357 POM_5V_GPU 2746/2739 POM_5V_CPU 1130/1031
RAM 1772/3964MB (lfb 211x4MB) SWAP 0/1982MB (cached 0MB) IRAM 0/252kB(lfb 252kB) CPU [16%@1428,31%@1428,26%@1428,20%@1428] EMC_FREQ 27%@1600 GR3D_FREQ 98%@921 APE 25 PLL@40C CPU@42.5C PMIC@50C GPU@42C AO@51.5C thermal@42.5C POM_5V_IN 6792/6359 POM_5V_GPU 3094/2741 POM_5V_CPU 1044/1031
RAM 1772/3964MB (lfb 211x4MB) SWAP 0/1982MB (cached 0MB) IRAM 0/252kB(lfb 252kB) CPU [49%@1479,15%@1479,12%@1479,18%@1479] EMC_FREQ 27%@1600 GR3D_FREQ 98%@921 APE 25 PLL@40.5C CPU@43C PMIC@50C GPU@42C AO@51C thermal@42.75C POM_5V_IN 6501/6360 POM_5V_GPU 2826/2742 POM_5V_CPU 1049/1031
RAM 1772/3964MB (lfb 211x4MB) SWAP 0/1982MB (cached 0MB) IRAM 0/252kB(lfb 252kB) CPU [47%@1479,14%@1479,22%@1479,13%@1479] EMC_FREQ 27%@1600 GR3D_FREQ 74%@921 APE 25 PLL@40C CPU@42.5C PMIC@50C GPU@42C AO@51.5C thermal@42.25C POM_5V_IN 6763/6362 POM_5V_GPU 2978/2743 POM_5V_CPU 1086/1031
RAM 1772/3964MB (lfb 211x4MB) SWAP 0/1982MB (cached 0MB) IRAM 0/252kB(lfb 252kB) CPU [35%@1224,12%@1224,33%@1224,14%@1224] EMC_FREQ 27%@1600 GR3D_FREQ 98%@921 APE 25 PLL@40.5C CPU@43C PMIC@50C GPU@42.5C AO@51C thermal@42.5C POM_5V_IN 6792/6365 POM_5V_GPU 3054/2745 POM_5V_CPU 1086/1032
RAM 1772/3964MB (lfb 211x4MB) SWAP 0/1982MB (cached 0MB) IRAM 0/252kB(lfb 252kB) CPU [29%@1479,26%@1479,27%@1479,15%@1479] EMC_FREQ 27%@1600 GR3D_FREQ 78%@921 APE 25 PLL@40.5C CPU@43C PMIC@50C GPU@42.5C AO@51.5C thermal@42.5C POM_5V_IN 6682/6366 POM_5V_GPU 2858/2746 POM_5V_CPU 1127/1032
RAM 1772/3964MB (lfb 211x4MB) SWAP 0/1982MB (cached 0MB) IRAM 0/252kB(lfb 252kB) CPU [23%@1428,19%@1428,24%@1428,22%@1428] EMC_FREQ 27%@1600 GR3D_FREQ 98%@921 APE 25 PLL@40.5C CPU@43C PMIC@50C GPU@42C AO@51.5C thermal@42.5C POM_5V_IN 6832/6369 POM_5V_GPU 3094/2747 POM_5V_CPU 1044/1032
RAM 1772/3964MB (lfb 211x4MB) SWAP 0/1982MB (cached 0MB) IRAM 0/252kB(lfb 252kB) CPU [35%@1479,14%@1479,29%@1479,15%@1479] EMC_FREQ 27%@1600 GR3D_FREQ 46%@921 APE 25 PLL@40.5C CPU@43C PMIC@50C GPU@42C AO@51C thermal@42.5C POM_5V_IN 6461/6369 POM_5V_GPU 2705/2747 POM_5V_CPU 1090/1032
RAM 1772/3964MB (lfb 211x4MB) SWAP 0/1982MB (cached 0MB) IRAM 0/252kB(lfb 252kB) CPU [27%@1479,32%@1479,18%@1479,15%@1479] EMC_FREQ 27%@1600 GR3D_FREQ 99%@921 APE 25 PLL@40.5C CPU@43C PMIC@50C GPU@42C AO@52C thermal@42.75C POM_5V_IN 6803/6372 POM_5V_GPU 3094/2749 POM_5V_CPU 1004/1032
RAM 1772/3964MB (lfb 211x4MB) SWAP 0/1982MB (cached 0MB) IRAM 0/252kB(lfb 252kB) CPU [45%@1326,14%@1326,13%@1326,16%@1326] EMC_FREQ 27%@1600 GR3D_FREQ 98%@921 APE 25 PLL@40.5C CPU@43.5C PMIC@50C GPU@42.5C AO@51C thermal@43C POM_5V_IN 6461/6372 POM_5V_GPU 2786/2749 POM_5V_CPU 1011/1032
RAM 1772/3964MB (lfb 211x4MB) SWAP 0/1982MB (cached 0MB) IRAM 0/252kB(lfb 252kB) CPU [38%@1479,12%@1479,12%@1479,28%@1479] EMC_FREQ 27%@1600 GR3D_FREQ 50%@921 APE 25 PLL@40.5C CPU@43C PMIC@50C GPU@42.5C AO@52C thermal@42.75C POM_5V_IN 6642/6374 POM_5V_GPU 2978/2751 POM_5V_CPU 1046/1032
RAM 1772/3964MB (lfb 211x4MB) SWAP 0/1982MB (cached 0MB) IRAM 0/252kB(lfb 252kB) CPU [35%@1479,15%@1479,25%@1479,20%@1479] EMC_FREQ 27%@1600 GR3D_FREQ 91%@921 APE 25 PLL@40.5C CPU@43.5C PMIC@50C GPU@42.5C AO@52C thermal@42.75C POM_5V_IN 6803/6376 POM_5V_GPU 2978/2752 POM_5V_CPU 1086/1033
RAM 1786/3964MB (lfb 209x4MB) SWAP 0/1982MB (cached 0MB) IRAM 0/252kB(lfb 252kB) CPU [38%@1479,31%@1479,30%@1479,45%@1479] EMC_FREQ 28%@1600 GR3D_FREQ 21%@921 APE 25 PLL@41C CPU@43.5C PMIC@50C GPU@42.5C AO@51.5C thermal@43C POM_5V_IN 7171/6380 POM_5V_GPU 2600/2751 POM_5V_CPU 1760/1036
RAM 1773/3964MB (lfb 210x4MB) SWAP 0/1982MB (cached 0MB) IRAM 0/252kB(lfb 252kB) CPU [32%@1326,39%@1326,28%@1326,88%@1326] EMC_FREQ 28%@1600 GR3D_FREQ 98%@921 APE 25 PLL@41C CPU@44C PMIC@50C GPU@42.5C AO@52.5C thermal@43.5C POM_5V_IN 6942/6383 POM_5V_GPU 3089/2753 POM_5V_CPU 1163/1037
RAM 1773/3964MB (lfb 210x4MB) SWAP 0/1982MB (cached 0MB) IRAM 0/252kB(lfb 252kB) CPU [44%@1479,12%@1479,17%@1479,20%@1479] EMC_FREQ 28%@1600 GR3D_FREQ 97%@921 APE 25 PLL@41C CPU@44C PMIC@50C GPU@43C AO@51C thermal@43.25C POM_5V_IN 6501/6384 POM_5V_GPU 2624/2752 POM_5V_CPU 1130/1038
RAM 1774/3964MB (lfb 209x4MB) SWAP 0/1982MB (cached 0MB) IRAM 0/252kB(lfb 252kB) CPU [42%@1479,15%@1224,24%@1479,11%@1479] EMC_FREQ 28%@1600 GR3D_FREQ 61%@921 APE 25 PLL@41C CPU@43.5C PMIC@50C GPU@43C AO@52.5C thermal@43.25C POM_5V_IN 6792/6386 POM_5V_GPU 3014/2753 POM_5V_CPU 1085/1038
RAM 1774/3964MB (lfb 209x4MB) SWAP 0/1982MB (cached 0MB) IRAM 0/252kB(lfb 252kB) CPU [32%@1479,16%@1479,29%@1479,10%@1479] EMC_FREQ 28%@1600 GR3D_FREQ 98%@921 APE 25 PLL@41C CPU@44C PMIC@50C GPU@43C AO@52.5C thermal@43.25C POM_5V_IN 6913/6389 POM_5V_GPU 3175/2756 POM_5V_CPU 1044/1038
RAM 1774/3964MB (lfb 209x4MB) SWAP 0/1982MB (cached 0MB) IRAM 0/252kB(lfb 252kB) CPU [54%@1479,11%@1479,13%@1479,12%@1479] EMC_FREQ 28%@1600 GR3D_FREQ 76%@921 APE 25 PLL@41C CPU@44C PMIC@50C GPU@42.5C AO@51.5C thermal@43.5C POM_5V_IN 6572/6390 POM_5V_GPU 2782/2756 POM_5V_CPU 1128/1038
RAM 1775/3964MB (lfb 209x4MB) SWAP 0/1982MB (cached 0MB) IRAM 0/252kB(lfb 252kB) CPU [42%@1479,23%@1479,27%@1479,23%@1479] EMC_FREQ 28%@1600 GR3D_FREQ 98%@921 APE 25 PLL@41C CPU@44C PMIC@50C GPU@42.5C AO@52.5C thermal@43.25C POM_5V_IN 7200/6394 POM_5V_GPU 3160/2758 POM_5V_CPU 1320/1040
RAM 1774/3964MB (lfb 209x4MB) SWAP 0/1982MB (cached 0MB) IRAM 0/252kB(lfb 252kB) CPU [50%@1479,16%@1479,16%@1479,16%@1479] EMC_FREQ 28%@1600 GR3D_FREQ 48%@921 APE 25 PLL@41C CPU@44C PMIC@50C GPU@43C AO@51.5C thermal@43.25C POM_5V_IN 6461/6394 POM_5V_GPU 2705/2758 POM_5V_CPU 1090/1040
RAM 1774/3964MB (lfb 209x4MB) SWAP 0/1982MB (cached 0MB) IRAM 0/252kB(lfb 252kB) CPU [23%@1479,32%@1479,16%@1479,20%@1479] EMC_FREQ 28%@1600 GR3D_FREQ 99%@921 APE 25 PLL@41C CPU@44C PMIC@50C GPU@43C AO@52.5C thermal@43.75C POM_5V_IN 6763/6396 POM_5V_GPU 3019/2759 POM_5V_CPU 1046/1040
RAM 1774/3964MB (lfb 209x4MB) SWAP 0/1982MB (cached 0MB) IRAM 0/252kB(lfb 252kB) CPU [52%@1479,13%@1479,12%@1479,15%@1479] EMC_FREQ 28%@1600 GR3D_FREQ 98%@921 APE 25 PLL@41C CPU@44C PMIC@50C GPU@43C AO@52C thermal@43.5C POM_5V_IN 6652/6397 POM_5V_GPU 2903/2760 POM_5V_CPU 1048/1040
RAM 1774/3964MB (lfb 209x4MB) SWAP 0/1982MB (cached 0MB) IRAM 0/252kB(lfb 252kB) CPU [23%@1428,36%@1428,15%@1428,20%@1428] EMC_FREQ 28%@1600 GR3D_FREQ 41%@921 APE 25 PLL@41.5C CPU@44C PMIC@50C GPU@43C AO@52.5C thermal@43.5C POM_5V_IN 6792/6399 POM_5V_GPU 3014/2761 POM_5V_CPU 1125/1041
RAM 1774/3964MB (lfb 209x4MB) SWAP 0/1982MB (cached 0MB) IRAM 0/252kB(lfb 252kB) CPU [31%@1224,24%@1224,23%@1224,11%@1224] EMC_FREQ 27%@1600 GR3D_FREQ 98%@921 APE 25 PLL@41.5C CPU@44C PMIC@50C GPU@43C AO@52.5C thermal@43.5C POM_5V_IN 6872/6402 POM_5V_GPU 3210/2763 POM_5V_CPU 963/1040
RAM 1773/3964MB (lfb 209x4MB) SWAP 0/1982MB (cached 0MB) IRAM 0/252kB(lfb 252kB) CPU [36%@1479,18%@1479,19%@1479,16%@1479] EMC_FREQ 27%@1600 GR3D_FREQ 29%@921 APE 25 PLL@41.5C CPU@44C PMIC@50C GPU@43.5C AO@52C thermal@44C POM_5V_IN 6501/6402 POM_5V_GPU 2665/2763 POM_5V_CPU 1171/1041
RAM 1773/3964MB (lfb 208x4MB) SWAP 0/1982MB (cached 0MB) IRAM 0/252kB(lfb 252kB) CPU [48%@1224,15%@1224,14%@1224,14%@1224] EMC_FREQ 27%@1600 GR3D_FREQ 98%@921 APE 25 PLL@41.5C CPU@44C PMIC@50C GPU@43.5C AO@52.5C thermal@43.75C POM_5V_IN 6832/6404 POM_5V_GPU 3134/2765 POM_5V_CPU 1004/1041
RAM 1773/3964MB (lfb 208x4MB) SWAP 0/1982MB (cached 0MB) IRAM 0/252kB(lfb 252kB) CPU [34%@1479,20%@1479,27%@1479,12%@1479] EMC_FREQ 27%@1600 GR3D_FREQ 82%@921 APE 25 PLL@41.5C CPU@44C PMIC@50C GPU@43.5C AO@51.5C thermal@43.75C POM_5V_IN 6390/6404 POM_5V_GPU 2669/2764 POM_5V_CPU 1051/1041
RAM 1773/3964MB (lfb 208x4MB) SWAP 0/1982MB (cached 0MB) IRAM 0/252kB(lfb 252kB) CPU [24%@1479,31%@1479,30%@1479,14%@1479] EMC_FREQ 27%@1600 GR3D_FREQ 94%@921 APE 25 PLL@41.5C CPU@44C PMIC@50C GPU@43.5C AO@53C thermal@43.5C POM_5V_IN 6722/6406 POM_5V_GPU 3059/2766 POM_5V_CPU 1046/1041
RAM 1773/3964MB (lfb 208x4MB) SWAP 0/1982MB (cached 0MB) IRAM 0/252kB(lfb 252kB) CPU [18%@1224,13%@1224,43%@1224,12%@1224] EMC_FREQ 27%@1600 GR3D_FREQ 98%@921 APE 25 PLL@42C CPU@44.5C PMIC@50C GPU@43C AO@52.5C thermal@44C POM_5V_IN 6652/6407 POM_5V_GPU 3024/2767 POM_5V_CPU 1008/1041
RAM 1773/3964MB (lfb 208x4MB) SWAP 0/1982MB (cached 0MB) IRAM 0/252kB(lfb 252kB) CPU [43%@1428,11%@1428,15%@1428,16%@1428] EMC_FREQ 27%@1600 GR3D_FREQ 29%@921 APE 25 PLL@42C CPU@44C PMIC@50C GPU@43C AO@53C thermal@43.75C POM_5V_IN 6722/6409 POM_5V_GPU 2978/2768 POM_5V_CPU 1085/1041
RAM 1773/3964MB (lfb 208x4MB) SWAP 0/1982MB (cached 0MB) IRAM 0/252kB(lfb 252kB) CPU [40%@1224,17%@1224,23%@1224,14%@1224] EMC_FREQ 27%@1600 GR3D_FREQ 98%@921 APE 25 PLL@41.5C CPU@44C PMIC@50C GPU@43.5C AO@53.5C thermal@44C POM_5V_IN 6913/6411 POM_5V_GPU 3210/2770 POM_5V_CPU 1003/1041
RAM 1773/3964MB (lfb 208x4MB) SWAP 0/1982MB (cached 0MB) IRAM 0/252kB(lfb 252kB) CPU [19%@1479,14%@1479,29%@1479,29%@1479] EMC_FREQ 28%@1600 GR3D_FREQ 52%@921 APE 25 PLL@42C CPU@44.5C PMIC@50C GPU@43.5C AO@52.5C thermal@43.75C POM_5V_IN 6763/6413 POM_5V_GPU 2817/2770 POM_5V_CPU 1167/1041
RAM 1773/3964MB (lfb 208x4MB) SWAP 0/1982MB (cached 0MB) IRAM 0/252kB(lfb 252kB) CPU [45%@1428,15%@1428,16%@1428,14%@1428] EMC_FREQ 27%@1600 GR3D_FREQ 98%@921 APE 25 PLL@41.5C CPU@44.5C PMIC@50C GPU@43.5C AO@53.5C thermal@44C POM_5V_IN 6942/6415 POM_5V_GPU 3170/2772 POM_5V_CPU 1123/1042
RAM 1773/3964MB (lfb 208x4MB) SWAP 0/1982MB (cached 0MB) IRAM 0/252kB(lfb 252kB) CPU [32%@1479,15%@1479,34%@1479,10%@1479] EMC_FREQ 27%@1600 GR3D_FREQ 64%@921 APE 25 PLL@41.5C CPU@44.5C PMIC@50C GPU@43.5C AO@52.5C thermal@44C POM_5V_IN 6461/6416 POM_5V_GPU 2665/2772 POM_5V_CPU 1090/1042
RAM 1773/3964MB (lfb 208x4MB) SWAP 0/1982MB (cached 0MB) IRAM 0/252kB(lfb 252kB) CPU [35%@1428,25%@1428,16%@1428,14%@1428] EMC_FREQ 27%@1600 GR3D_FREQ 98%@921 APE 25 PLL@42C CPU@45C PMIC@50C GPU@43.5C AO@53.5C thermal@44C POM_5V_IN 6792/6417 POM_5V_GPU 3094/2773 POM_5V_CPU 1004/1042
RAM 1773/3964MB (lfb 205x4MB) SWAP 0/1982MB (cached 0MB) IRAM 0/252kB(lfb 252kB) CPU [18%@1224,43%@1224,15%@1224,21%@1224] EMC_FREQ 28%@1600 GR3D_FREQ 98%@921 APE 25 PLL@41.5C CPU@45C PMIC@50C GPU@43.5C AO@52.5C thermal@44.25C POM_5V_IN 6612/6418 POM_5V_GPU 2903/2774 POM_5V_CPU 1088/1042
RAM 1773/3964MB (lfb 205x4MB) SWAP 0/1982MB (cached 0MB) IRAM 0/252kB(lfb 252kB) CPU [14%@1479,42%@1479,17%@1479,19%@1479] EMC_FREQ 27%@1600 GR3D_FREQ 99%@921 APE 25 PLL@42C CPU@44.5C PMIC@50C GPU@44C AO@53C thermal@44.25C POM_5V_IN 6682/6420 POM_5V_GPU 2938/2775 POM_5V_CPU 1086/1042
RAM 1773/3964MB (lfb 205x4MB) SWAP 0/1982MB (cached 0MB) IRAM 0/252kB(lfb 252kB) CPU [17%@1224,43%@1428,15%@1428,14%@1428] EMC_FREQ 27%@1600 GR3D_FREQ 98%@921 APE 25 PLL@42C CPU@44.5C PMIC@50C GPU@44C AO@53C thermal@44.25C POM_5V_IN 6913/6422 POM_5V_GPU 3210/2777 POM_5V_CPU 1003/1042
RAM 1773/3964MB (lfb 205x4MB) SWAP 0/1982MB (cached 0MB) IRAM 0/252kB(lfb 252kB) CPU [23%@1479,26%@1479,24%@1479,23%@1479] EMC_FREQ 27%@1600 GR3D_FREQ 35%@921 APE 25 PLL@42C CPU@44.5C PMIC@50C GPU@43.5C AO@53C thermal@44.5C POM_5V_IN 6612/6423 POM_5V_GPU 2782/2777 POM_5V_CPU 1127/1042
RAM 1773/3964MB (lfb 205x4MB) SWAP 0/1982MB (cached 0MB) IRAM 0/252kB(lfb 252kB) CPU [20%@1326,25%@1326,23%@1428,27%@1428] EMC_FREQ 27%@1600 GR3D_FREQ 98%@921 APE 25 PLL@42C CPU@44.5C PMIC@50C GPU@43.5C AO@53.5C thermal@44.25C POM_5V_IN 6902/6425 POM_5V_GPU 3129/2778 POM_5V_CPU 1043/1042
RAM 1773/3964MB (lfb 205x4MB) SWAP 0/1982MB (cached 0MB) IRAM 0/252kB(lfb 252kB) CPU [15%@1479,46%@1479,17%@1479,14%@1479] EMC_FREQ 27%@1600 GR3D_FREQ 85%@921 APE 25 PLL@42C CPU@44.5C PMIC@50C GPU@44C AO@52.5C thermal@44.5C POM_5V_IN 6501/6425 POM_5V_GPU 2624/2778 POM_5V_CPU 1171/1043
RAM 1773/3964MB (lfb 205x4MB) SWAP 0/1982MB (cached 0MB) IRAM 0/252kB(lfb 252kB) CPU [20%@1479,44%@1479,14%@1479,15%@1479] EMC_FREQ 27%@1600 GR3D_FREQ 85%@921 APE 25 PLL@42C CPU@44.5C PMIC@50C GPU@43.5C AO@53.5C thermal@44C POM_5V_IN 6982/6428 POM_5V_GPU 3089/2779 POM_5V_CPU 1163/1043
RAM 1773/3964MB (lfb 205x4MB) SWAP 0/1982MB (cached 0MB) IRAM 0/252kB(lfb 252kB) CPU [30%@1479,21%@1479,22%@1479,25%@1479] EMC_FREQ 27%@1600 GR3D_FREQ 70%@921 APE 25 PLL@42C CPU@45C PMIC@50C GPU@44C AO@53C thermal@44C POM_5V_IN 6612/6429 POM_5V_GPU 2746/2779 POM_5V_CPU 1088/1044
RAM 1773/3964MB (lfb 205x4MB) SWAP 0/1982MB (cached 0MB) IRAM 0/252kB(lfb 252kB) CPU [24%@1224,20%@1224,37%@1224,16%@1224] EMC_FREQ 27%@1600 GR3D_FREQ 89%@921 APE 25 PLL@42C CPU@44.5C PMIC@50C GPU@43.5C AO@53C thermal@44.25C POM_5V_IN 6763/6430 POM_5V_GPU 2978/2780 POM_5V_CPU 1086/1044
RAM 1773/3964MB (lfb 205x4MB) SWAP 0/1982MB (cached 0MB) IRAM 0/252kB(lfb 252kB) CPU [18%@1479,34%@1479,15%@1479,22%@1479] EMC_FREQ 27%@1600 GR3D_FREQ 98%@921 APE 25 PLL@42C CPU@45C PMIC@50C GPU@43.5C AO@54C thermal@44.5C POM_5V_IN 6902/6433 POM_5V_GPU 3210/2782 POM_5V_CPU 1003/1044
RAM 1773/3964MB (lfb 205x4MB) SWAP 0/1982MB (cached 0MB) IRAM 0/252kB(lfb 252kB) CPU [15%@1479,49%@1479,12%@1479,18%@1479] EMC_FREQ 27%@1600 GR3D_FREQ 51%@921 APE 25 PLL@42.5C CPU@44.5C PMIC@50C GPU@44C AO@53C thermal@44.5C POM_5V_IN 6572/6433 POM_5V_GPU 2782/2782 POM_5V_CPU 1088/1044
RAM 1773/3964MB (lfb 205x4MB) SWAP 0/1982MB (cached 0MB) IRAM 0/252kB(lfb 252kB) CPU [21%@1326,20%@1326,25%@1326,29%@1326] EMC_FREQ 27%@1600 GR3D_FREQ 86%@921 APE 25 PLL@42C CPU@44.5C PMIC@50C GPU@44C AO@53.5C thermal@44.25C POM_5V_IN 6763/6435 POM_5V_GPU 3054/2783 POM_5V_CPU 1044/1044
RAM 1773/3964MB (lfb 205x4MB) SWAP 0/1982MB (cached 0MB) IRAM 0/252kB(lfb 252kB) CPU [17%@1479,22%@1479,23%@1479,32%@1479] EMC_FREQ 27%@1600 GR3D_FREQ 59%@921 APE 25 PLL@42C CPU@44.5C PMIC@50C GPU@44C AO@52.5C thermal@44.5C POM_5V_IN 6582/6435 POM_5V_GPU 2746/2783 POM_5V_CPU 1171/1044
RAM 1773/3964MB (lfb 205x4MB) SWAP 0/1982MB (cached 0MB) IRAM 0/252kB(lfb 252kB) CPU [18%@1479,17%@1479,12%@1479,43%@1479] EMC_FREQ 27%@1600 GR3D_FREQ 99%@921 APE 25 PLL@42C CPU@44.5C PMIC@50C GPU@44C AO@53.5C thermal@44.5C POM_5V_IN 6872/6437 POM_5V_GPU 3049/2784 POM_5V_CPU 1123/1045
RAM 1773/3964MB (lfb 205x4MB) SWAP 0/1982MB (cached 0MB) IRAM 0/252kB(lfb 252kB) CPU [15%@1224,21%@1224,24%@1224,33%@1224] EMC_FREQ 27%@1600 GR3D_FREQ 98%@921 APE 25 PLL@42C CPU@45C PMIC@50C GPU@44C AO@53.5C thermal@44.5C POM_5V_IN 6792/6439 POM_5V_GPU 3134/2786 POM_5V_CPU 1006/1045
RAM 1773/3964MB (lfb 205x4MB) SWAP 0/1982MB (cached 0MB) IRAM 0/252kB(lfb 252kB) CPU [15%@1479,42%@1479,18%@1479,17%@1479] EMC_FREQ 27%@1600 GR3D_FREQ 31%@921 APE 25 PLL@42.5C CPU@45C PMIC@50C GPU@44C AO@53.5C thermal@44.5C POM_5V_IN 6722/6440 POM_5V_GPU 2898/2786 POM_5V_CPU 1127/1045
RAM 1773/3964MB (lfb 205x4MB) SWAP 0/1982MB (cached 0MB) IRAM 0/252kB(lfb 252kB) CPU [22%@1224,20%@1224,21%@1224,35%@1224] EMC_FREQ 27%@1600 GR3D_FREQ 98%@921 APE 25 PLL@42C CPU@44.5C PMIC@50C GPU@44C AO@53.5C thermal@44.25C POM_5V_IN 6872/6442 POM_5V_GPU 3215/2788 POM_5V_CPU 964/1045
RAM 1773/3964MB (lfb 205x4MB) SWAP 0/1982MB (cached 0MB) IRAM 0/252kB(lfb 252kB) CPU [20%@1479,30%@1479,16%@1479,26%@1479] EMC_FREQ 27%@1600 GR3D_FREQ 51%@921 APE 25 PLL@42C CPU@45.5C PMIC@50C GPU@44.5C AO@53C thermal@44.75C POM_5V_IN 6572/6443 POM_5V_GPU 2782/2788 POM_5V_CPU 1128/1045
RAM 1773/3964MB (lfb 205x4MB) SWAP 0/1982MB (cached 0MB) IRAM 0/252kB(lfb 252kB) CPU [14%@1224,27%@1224,15%@1224,35%@1224] EMC_FREQ 27%@1600 GR3D_FREQ 98%@921 APE 25 PLL@42.5C CPU@45C PMIC@50C GPU@44C AO@54C thermal@44.75C POM_5V_IN 6832/6444 POM_5V_GPU 3134/2789 POM_5V_CPU 964/1045
RAM 1773/3964MB (lfb 205x4MB) SWAP 0/1982MB (cached 0MB) IRAM 0/252kB(lfb 252kB) CPU [21%@1479,18%@1479,17%@1479,38%@1479] EMC_FREQ 27%@1600 GR3D_FREQ 66%@921 APE 25 PLL@42.5C CPU@45C PMIC@50C GPU@44C AO@52.5C thermal@44.5C POM_5V_IN 6390/6444 POM_5V_GPU 2629/2789 POM_5V_CPU 1051/1045
RAM 1775/3964MB (lfb 205x4MB) SWAP 0/1982MB (cached 0MB) IRAM 0/252kB(lfb 252kB) CPU [26%@1479,28%@1479,29%@1479,31%@1479] EMC_FREQ 28%@1600 GR3D_FREQ 80%@921 APE 25 PLL@42C CPU@45C PMIC@50C GPU@44.5C AO@54C thermal@44.5C POM_5V_IN 6913/6446 POM_5V_GPU 3009/2790 POM_5V_CPU 1203/1045
RAM 1775/3964MB (lfb 205x4MB) SWAP 0/1982MB (cached 0MB) IRAM 0/252kB(lfb 252kB) CPU [11%@1479,36%@1479,17%@1479,25%@1479] EMC_FREQ 28%@1600 GR3D_FREQ 98%@921 APE 25 PLL@42C CPU@45C PMIC@50C GPU@44.5C AO@54C thermal@45C POM_5V_IN 7091/6449 POM_5V_GPU 3205/2791 POM_5V_CPU 1121/1046
RAM 1775/3964MB (lfb 205x4MB) SWAP 0/1982MB (cached 0MB) IRAM 0/252kB(lfb 252kB) CPU [17%@1479,35%@1479,20%@1479,23%@1479] EMC_FREQ 27%@1600 GR3D_FREQ 42%@921 APE 25 PLL@42C CPU@45C PMIC@50C GPU@44.5C AO@53.5C thermal@44.5C POM_5V_IN 6682/6450 POM_5V_GPU 2777/2791 POM_5V_CPU 1207/1046
RAM 1775/3964MB (lfb 205x4MB) SWAP 0/1982MB (cached 0MB) IRAM 0/252kB(lfb 252kB) CPU [15%@1224,22%@1224,15%@1224,43%@1224] EMC_FREQ 27%@1600 GR3D_FREQ 98%@921 APE 25 PLL@42.5C CPU@45.5C PMIC@50C GPU@44.5C AO@54C thermal@44.5C POM_5V_IN 6913/6452 POM_5V_GPU 3129/2793 POM_5V_CPU 1004/1046
RAM 1775/3964MB (lfb 205x4MB) SWAP 0/1982MB (cached 0MB) IRAM 0/252kB(lfb 252kB) CPU [14%@1479,30%@1479,15%@1479,34%@1479] EMC_FREQ 28%@1600 GR3D_FREQ 31%@921 APE 25 PLL@42.5C CPU@45.5C PMIC@50C GPU@44.5C AO@53.5C thermal@44.5C POM_5V_IN 6572/6452 POM_5V_GPU 2701/2792 POM_5V_CPU 1169/1047
RAM 1775/3964MB (lfb 205x4MB) SWAP 0/1982MB (cached 0MB) IRAM 0/252kB(lfb 252kB) CPU [14%@1224,47%@1224,17%@1224,9%@1224] EMC_FREQ 28%@1600 GR3D_FREQ 98%@921 APE 25 PLL@42C CPU@45.5C PMIC@50C GPU@44.5C AO@54C thermal@45.25C POM_5V_IN 6942/6454 POM_5V_GPU 3170/2794 POM_5V_CPU 1123/1047
RAM 1775/3964MB (lfb 205x4MB) SWAP 0/1982MB (cached 0MB) IRAM 0/252kB(lfb 252kB) CPU [15%@1479,33%@1479,20%@1479,28%@1479] EMC_FREQ 27%@1600 GR3D_FREQ 83%@921 APE 25 PLL@43C CPU@45.5C PMIC@50C GPU@44.5C AO@53.5C thermal@45C POM_5V_IN 6501/6455 POM_5V_GPU 2710/2794 POM_5V_CPU 1049/1047
RAM 1775/3964MB (lfb 205x4MB) SWAP 0/1982MB (cached 0MB) IRAM 0/252kB(lfb 252kB) CPU [21%@1479,36%@1479,17%@1479,18%@1479] EMC_FREQ 27%@1600 GR3D_FREQ 79%@921 APE 25 PLL@42.5C CPU@45.5C PMIC@50C GPU@45C AO@54C thermal@44.75C POM_5V_IN 6763/6456 POM_5V_GPU 2978/2794 POM_5V_CPU 1085/1047
RAM 1775/3964MB (lfb 205x4MB) SWAP 0/1982MB (cached 0MB) IRAM 0/252kB(lfb 252kB) CPU [14%@1326,52%@1326,15%@1326,13%@1326] EMC_FREQ 27%@1600 GR3D_FREQ 98%@921 APE 25 PLL@43C CPU@45.5C PMIC@50C GPU@44.5C AO@54C thermal@45C POM_5V_IN 6872/6458 POM_5V_GPU 3175/2796 POM_5V_CPU 1044/1047
RAM 1775/3964MB (lfb 205x4MB) SWAP 0/1982MB (cached 0MB) IRAM 0/252kB(lfb 252kB) CPU [16%@1479,49%@1479,14%@1479,14%@1479] EMC_FREQ 27%@1600 GR3D_FREQ 34%@921 APE 25 PLL@42.5C CPU@46C PMIC@50C GPU@45C AO@54C thermal@45.5C POM_5V_IN 6763/6459 POM_5V_GPU 2858/2796 POM_5V_CPU 1167/1048
RAM 1775/3964MB (lfb 205x4MB) SWAP 0/1982MB (cached 0MB) IRAM 0/252kB(lfb 252kB) CPU [16%@1224,15%@1224,16%@1224,44%@1224] EMC_FREQ 27%@1600 GR3D_FREQ 98%@921 APE 25 PLL@43C CPU@45.5C PMIC@50C GPU@45C AO@54.5C thermal@45.5C POM_5V_IN 6982/6461 POM_5V_GPU 3170/2798 POM_5V_CPU 1043/1048
RAM 1775/3964MB (lfb 205x4MB) SWAP 0/1982MB (cached 0MB) IRAM 0/252kB(lfb 252kB) CPU [18%@1479,18%@1479,13%@1479,45%@1479] EMC_FREQ 27%@1600 GR3D_FREQ 33%@921 APE 25 PLL@42.5C CPU@45.5C PMIC@50C GPU@44.5C AO@53.5C thermal@44.75C POM_5V_IN 6652/6462 POM_5V_GPU 2741/2798 POM_5V_CPU 1128/1048
RAM 1775/3964MB (lfb 205x4MB) SWAP 0/1982MB (cached 0MB) IRAM 0/252kB(lfb 252kB) CPU [17%@1224,15%@1224,22%@1224,32%@1224] EMC_FREQ 27%@1600 GR3D_FREQ 98%@921 APE 25 PLL@43C CPU@45.5C PMIC@50C GPU@45C AO@54C thermal@45C POM_5V_IN 6902/6464 POM_5V_GPU 3170/2799 POM_5V_CPU 1043/1048
RAM 1774/3964MB (lfb 205x4MB) SWAP 0/1982MB (cached 0MB) IRAM 0/252kB(lfb 252kB) CPU [21%@1479,23%@1479,39%@1479,14%@1479] EMC_FREQ 27%@1600 GR3D_FREQ 59%@921 APE 25 PLL@42.5C CPU@45.5C PMIC@50C GPU@45C AO@53.5C thermal@45C POM_5V_IN 6501/6464 POM_5V_GPU 2705/2799 POM_5V_CPU 1128/1048
RAM 1774/3964MB (lfb 205x4MB) SWAP 0/1982MB (cached 0MB) IRAM 0/252kB(lfb 252kB) CPU [29%@1224,32%@1224,14%@1224,17%@1224] EMC_FREQ 27%@1600 GR3D_FREQ 99%@921 APE 25 PLL@42.5C CPU@45.5C PMIC@50C GPU@45C AO@54.5C thermal@45.25C POM_5V_IN 6942/6466 POM_5V_GPU 3129/2800 POM_5V_CPU 1123/1049
RAM 1774/3964MB (lfb 205x4MB) SWAP 0/1982MB (cached 0MB) IRAM 0/252kB(lfb 252kB) CPU [23%@1479,29%@1479,20%@1479,22%@1479] EMC_FREQ 27%@1600 GR3D_FREQ 98%@921 APE 25 PLL@43C CPU@46C PMIC@50C GPU@45C AO@53.5C thermal@45.5C POM_5V_IN 6542/6466 POM_5V_GPU 2746/2800 POM_5V_CPU 1090/1049
RAM 1774/3964MB (lfb 205x4MB) SWAP 0/1982MB (cached 0MB) IRAM 0/252kB(lfb 252kB) CPU [14%@1479,20%@1479,28%@1479,27%@1479] EMC_FREQ 27%@1600 GR3D_FREQ 99%@921 APE 25 PLL@43C CPU@46C PMIC@50C GPU@44.5C AO@54C thermal@45.5C POM_5V_IN 6722/6467 POM_5V_GPU 2978/2801 POM_5V_CPU 1127/1049
RAM 1774/3964MB (lfb 205x4MB) SWAP 0/1982MB (cached 0MB) IRAM 0/252kB(lfb 252kB) CPU [20%@1326,31%@1326,20%@1326,20%@1326] EMC_FREQ 27%@1600 GR3D_FREQ 98%@921 APE 25 PLL@43C CPU@46C PMIC@50C GPU@45C AO@54.5C thermal@45.5C POM_5V_IN 6902/6469 POM_5V_GPU 3210/2802 POM_5V_CPU 1043/1049
RAM 1774/3964MB (lfb 205x4MB) SWAP 0/1982MB (cached 0MB) IRAM 0/252kB(lfb 252kB) CPU [15%@1479,49%@1479,14%@1479,18%@1479] EMC_FREQ 27%@1600 GR3D_FREQ 46%@921 APE 25 PLL@43C CPU@46C PMIC@50C GPU@45C AO@54C thermal@45.5C POM_5V_IN 6612/6470 POM_5V_GPU 2741/2802 POM_5V_CPU 1128/1049
RAM 1774/3964MB (lfb 205x4MB) SWAP 0/1982MB (cached 0MB) IRAM 0/252kB(lfb 252kB) CPU [28%@1479,25%@1479,21%@1479,15%@1479] EMC_FREQ 27%@1600 GR3D_FREQ 99%@921 APE 25 PLL@43C CPU@45.5C PMIC@50C GPU@45.5C AO@54.5C thermal@45.5C POM_5V_IN 6942/6471 POM_5V_GPU 3089/2803 POM_5V_CPU 1163/1050
RAM 1774/3964MB (lfb 205x4MB) SWAP 0/1982MB (cached 0MB) IRAM 0/252kB(lfb 252kB) CPU [20%@1479,23%@1479,33%@1479,19%@1479] EMC_FREQ 27%@1600 GR3D_FREQ 98%@921 APE 25 PLL@43C CPU@46C PMIC@50C GPU@45C AO@54C thermal@45.5C POM_5V_IN 6722/6472 POM_5V_GPU 2741/2803 POM_5V_CPU 1247/1051
RAM 1774/3964MB (lfb 205x4MB) SWAP 0/1982MB (cached 0MB) IRAM 0/252kB(lfb 252kB) CPU [37%@1224,19%@1224,23%@1224,13%@1224] EMC_FREQ 27%@1600 GR3D_FREQ 98%@921 APE 25 PLL@43C CPU@45.5C PMIC@50C GPU@45C AO@54.5C thermal@45.5C POM_5V_IN 6832/6474 POM_5V_GPU 3094/2804 POM_5V_CPU 1044/1050
RAM 1774/3964MB (lfb 205x4MB) SWAP 0/1982MB (cached 0MB) IRAM 0/252kB(lfb 252kB) CPU [24%@1479,26%@1479,16%@1479,28%@1479] EMC_FREQ 27%@1600 GR3D_FREQ 98%@921 APE 25 PLL@43C CPU@46C PMIC@50C GPU@45C AO@54.5C thermal@45.75C POM_5V_IN 6942/6476 POM_5V_GPU 3094/2805 POM_5V_CPU 1085/1051
RAM 1774/3964MB (lfb 205x4MB) SWAP 0/1982MB (cached 0MB) IRAM 0/252kB(lfb 252kB) CPU [20%@1479,21%@1479,19%@1479,33%@1479] EMC_FREQ 27%@1600 GR3D_FREQ 63%@921 APE 25 PLL@43C CPU@46.5C PMIC@50C GPU@45.5C AO@54.5C thermal@46C POM_5V_IN 6612/6476 POM_5V_GPU 2858/2805 POM_5V_CPU 1127/1051
RAM 1774/3964MB (lfb 205x4MB) SWAP 0/1982MB (cached 0MB) IRAM 0/252kB(lfb 252kB) CPU [43%@1428,20%@1428,16%@1224,13%@1224] EMC_FREQ 27%@1600 GR3D_FREQ 98%@921 APE 25 PLL@43.5C CPU@46.5C PMIC@50C GPU@45.5C AO@55C thermal@45.75C POM_5V_IN 6982/6478 POM_5V_GPU 3210/2807 POM_5V_CPU 1003/1051
RAM 1775/3964MB (lfb 205x4MB) SWAP 0/1982MB (cached 0MB) IRAM 0/252kB(lfb 252kB) CPU [23%@1479,46%@1479,16%@1479,14%@1479] EMC_FREQ 27%@1600 GR3D_FREQ 52%@921 APE 25 PLL@43.5C CPU@47C PMIC@50C GPU@45C AO@54.5C thermal@46C POM_5V_IN 6763/6479 POM_5V_GPU 2777/2807 POM_5V_CPU 1245/1052
RAM 1775/3964MB (lfb 205x4MB) SWAP 0/1982MB (cached 0MB) IRAM 0/252kB(lfb 252kB) CPU [27%@1479,33%@1479,14%@1479,20%@1479] EMC_FREQ 27%@1600 GR3D_FREQ 99%@921 APE 25 PLL@43.5C CPU@46.5C PMIC@50C GPU@45.5C AO@54.5C thermal@45.75C POM_5V_IN 6942/6481 POM_5V_GPU 3170/2808 POM_5V_CPU 1043/1051
RAM 1775/3964MB (lfb 205x4MB) SWAP 0/1982MB (cached 0MB) IRAM 0/252kB(lfb 252kB) CPU [45%@1479,15%@1479,14%@1479,14%@1479] EMC_FREQ 27%@1600 GR3D_FREQ 36%@921 APE 25 PLL@43.5C CPU@47C PMIC@50C GPU@46C AO@54C thermal@46C POM_5V_IN 6572/6482 POM_5V_GPU 2620/2808 POM_5V_CPU 1209/1052
RAM 1775/3964MB (lfb 205x4MB) SWAP 0/1982MB (cached 0MB) IRAM 0/252kB(lfb 252kB) CPU [29%@1479,20%@1479,22%@1479,20%@1479] EMC_FREQ 27%@1600 GR3D_FREQ 99%@921 APE 25 PLL@44C CPU@46.5C PMIC@50C GPU@45.5C AO@55C thermal@46C POM_5V_IN 6942/6483 POM_5V_GPU 3089/2809 POM_5V_CPU 1123/1052
RAM 1775/3964MB (lfb 205x4MB) SWAP 0/1982MB (cached 0MB) IRAM 0/252kB(lfb 252kB) CPU [26%@1479,12%@1479,16%@1479,38%@1479] EMC_FREQ 27%@1600 GR3D_FREQ 98%@921 APE 25 PLL@43.5C CPU@46.5C PMIC@50C GPU@45.5C AO@54C thermal@46C POM_5V_IN 6763/6484 POM_5V_GPU 2898/2809 POM_5V_CPU 1127/1053
RAM 1775/3964MB (lfb 205x4MB) SWAP 0/1982MB (cached 0MB) IRAM 0/252kB(lfb 252kB) CPU [29%@1479,31%@1479,25%@1479,14%@1479] EMC_FREQ 27%@1600 GR3D_FREQ 46%@921 APE 25 PLL@43.5C CPU@46.5C PMIC@50C GPU@45.5C AO@55C thermal@46C POM_5V_IN 6832/6486 POM_5V_GPU 2934/2810 POM_5V_CPU 1205/1053
RAM 1775/3964MB (lfb 205x4MB) SWAP 0/1982MB (cached 0MB) IRAM 0/252kB(lfb 252kB) CPU [32%@1479,26%@1479,17%@1479,10%@1479] EMC_FREQ 27%@1600 GR3D_FREQ 98%@921 APE 25 PLL@43.5C CPU@46.5C PMIC@50C GPU@45.5C AO@55.5C thermal@46.25C POM_5V_IN 6942/6487 POM_5V_GPU 3210/2811 POM_5V_CPU 1003/1053
RAM 1774/3964MB (lfb 205x4MB) SWAP 0/1982MB (cached 0MB) IRAM 0/252kB(lfb 252kB) CPU [34%@1479,16%@1479,22%@1479,24%@1479] EMC_FREQ 27%@1600 GR3D_FREQ 55%@921 APE 25 PLL@43.5C CPU@46.5C PMIC@50C GPU@45.5C AO@54.5C thermal@46C POM_5V_IN 6572/6488 POM_5V_GPU 2782/2811 POM_5V_CPU 1128/1053
RAM 1774/3964MB (lfb 205x4MB) SWAP 0/1982MB (cached 0MB) IRAM 0/252kB(lfb 252kB) CPU [30%@1326,18%@1326,14%@1326,33%@1326] EMC_FREQ 27%@1600 GR3D_FREQ 98%@921 APE 25 PLL@44C CPU@46.5C PMIC@50C GPU@46C AO@55C thermal@46.5C POM_5V_IN 6913/6489 POM_5V_GPU 3210/2812 POM_5V_CPU 1003/1053
RAM 1774/3964MB (lfb 205x4MB) SWAP 0/1982MB (cached 0MB) IRAM 0/252kB(lfb 252kB) CPU [42%@1479,14%@1479,12%@1479,22%@1479] EMC_FREQ 27%@1600 GR3D_FREQ 41%@921 APE 25 PLL@43.5C CPU@47C PMIC@50C GPU@45.5C AO@54.5C thermal@46.25C POM_5V_IN 6542/6490 POM_5V_GPU 2701/2812 POM_5V_CPU 1128/1053
RAM 1775/3964MB (lfb 205x4MB) SWAP 0/1982MB (cached 0MB) IRAM 0/252kB(lfb 252kB) CPU [49%@1479,23%@1479,13%@1479,13%@1479] EMC_FREQ 27%@1600 GR3D_FREQ 99%@921 APE 25 PLL@44C CPU@47C PMIC@50C GPU@45.5C AO@55C thermal@46.5C POM_5V_IN 6982/6491 POM_5V_GPU 3049/2813 POM_5V_CPU 1203/1054
RAM 1775/3964MB (lfb 205x4MB) SWAP 0/1982MB (cached 0MB) IRAM 0/252kB(lfb 252kB) CPU [32%@1326,23%@1326,14%@1326,14%@1326] EMC_FREQ 27%@1600 GR3D_FREQ 98%@921 APE 25 PLL@44C CPU@47C PMIC@50C GPU@46C AO@55C thermal@46C POM_5V_IN 6942/6493 POM_5V_GPU 3089/2814 POM_5V_CPU 1163/1054
RAM 1775/3964MB (lfb 205x4MB) SWAP 0/1982MB (cached 0MB) IRAM 0/252kB(lfb 252kB) CPU [19%@1479,28%@1479,12%@1479,38%@1479] EMC_FREQ 27%@1600 GR3D_FREQ 36%@921 APE 25 PLL@44C CPU@46.5C PMIC@50C GPU@45.5C AO@55C thermal@46C POM_5V_IN 6832/6494 POM_5V_GPU 2934/2814 POM_5V_CPU 1205/1055
RAM 1775/3964MB (lfb 205x4MB) SWAP 0/1982MB (cached 0MB) IRAM 0/252kB(lfb 252kB) CPU [16%@1428,44%@1428,18%@1428,12%@1428] EMC_FREQ 27%@1600 GR3D_FREQ 98%@921 APE 25 PLL@43.5C CPU@47C PMIC@50C GPU@46C AO@55C thermal@46C POM_5V_IN 7022/6496 POM_5V_GPU 3205/2816 POM_5V_CPU 1081/1055
RAM 1775/3964MB (lfb 205x4MB) SWAP 0/1982MB (cached 0MB) IRAM 0/252kB(lfb 252kB) CPU [12%@1479,30%@1479,14%@1479,31%@1479] EMC_FREQ 27%@1600 GR3D_FREQ 33%@921 APE 25 PLL@44C CPU@46.5C PMIC@50C GPU@46.5C AO@54.5C thermal@46.5C POM_5V_IN 6461/6496 POM_5V_GPU 2665/2815 POM_5V_CPU 1130/1055
RAM 1775/3964MB (lfb 205x4MB) SWAP 0/1982MB (cached 0MB) IRAM 0/252kB(lfb 252kB) CPU [28%@1224,23%@1224,27%@1224,17%@1224] EMC_FREQ 27%@1600 GR3D_FREQ 98%@921 APE 25 PLL@44C CPU@46.5C PMIC@50C GPU@46C AO@55.5C thermal@46.75C POM_5V_IN 7022/6498 POM_5V_GPU 3165/2817 POM_5V_CPU 1121/1056
RAM 1775/3964MB (lfb 205x4MB) SWAP 0/1982MB (cached 0MB) IRAM 0/252kB(lfb 252kB) CPU [16%@1479,42%@1479,22%@1479,18%@1479] EMC_FREQ 27%@1600 GR3D_FREQ 91%@921 APE 25 PLL@43.5C CPU@47C PMIC@50C GPU@45.5C AO@55C thermal@46.25C POM_5V_IN 6693/6499 POM_5V_GPU 2822/2817 POM_5V_CPU 1169/1056
RAM 1775/3964MB (lfb 205x4MB) SWAP 0/1982MB (cached 0MB) IRAM 0/252kB(lfb 252kB) CPU [17%@1224,32%@1224,16%@1224,22%@1224] EMC_FREQ 27%@1600 GR3D_FREQ 76%@921 APE 25 PLL@44C CPU@46.5C PMIC@50C GPU@45.5C AO@55.5C thermal@46.25C POM_5V_IN 6763/6500 POM_5V_GPU 3014/2817 POM_5V_CPU 1086/1056
RAM 1775/3964MB (lfb 205x4MB) SWAP 0/1982MB (cached 0MB) IRAM 0/252kB(lfb 252kB) CPU [18%@1326,30%@1326,29%@1326,14%@1326] EMC_FREQ 27%@1600 GR3D_FREQ 98%@921 APE 25 PLL@44C CPU@47C PMIC@50C GPU@46C AO@55.5C thermal@46.25C POM_5V_IN 6982/6502 POM_5V_GPU 3245/2819 POM_5V_CPU 1083/1056
RAM 1775/3964MB (lfb 205x4MB) SWAP 0/1982MB (cached 0MB) IRAM 0/252kB(lfb 252kB) CPU [39%@1479,14%@1479,13%@1479,29%@1479] EMC_FREQ 27%@1600 GR3D_FREQ 58%@921 APE 25 PLL@44C CPU@46.5C PMIC@50C GPU@46C AO@55C thermal@46.5C POM_5V_IN 6612/6502 POM_5V_GPU 2782/2819 POM_5V_CPU 1128/1056
RAM 1775/3964MB (lfb 205x4MB) SWAP 0/1982MB (cached 0MB) IRAM 0/252kB(lfb 252kB) CPU [27%@1326,18%@1326,29%@1326,19%@1326] EMC_FREQ 27%@1600 GR3D_FREQ 98%@921 APE 25 PLL@44C CPU@47C PMIC@50C GPU@46C AO@55.5C thermal@46.25C POM_5V_IN 7091/6504 POM_5V_GPU 3165/2820 POM_5V_CPU 1201/1057
RAM 1775/3964MB (lfb 205x4MB) SWAP 0/1982MB (cached 0MB) IRAM 0/252kB(lfb 252kB) CPU [16%@1479,45%@1479,12%@1479,15%@1479] EMC_FREQ 27%@1600 GR3D_FREQ 52%@921 APE 25 PLL@44C CPU@47C PMIC@50C GPU@46C AO@54.5C thermal@46.5C POM_5V_IN 6542/6504 POM_5V_GPU 2624/2819 POM_5V_CPU 1171/1057
RAM 1775/3964MB (lfb 205x4MB) SWAP 0/1982MB (cached 0MB) IRAM 0/252kB(lfb 252kB) CPU [13%@1479,51%@1479,18%@1479,13%@1479] EMC_FREQ 27%@1600 GR3D_FREQ 97%@921 APE 25 PLL@44C CPU@47C PMIC@50C GPU@45.5C AO@55.5C thermal@46.5C POM_5V_IN 6902/6506 POM_5V_GPU 3049/2820 POM_5V_CPU 1163/1058
RAM 1775/3964MB (lfb 205x4MB) SWAP 0/1982MB (cached 0MB) IRAM 0/252kB(lfb 252kB) CPU [14%@1326,42%@1326,15%@1326,24%@1326] EMC_FREQ 27%@1600 GR3D_FREQ 98%@921 APE 25 PLL@44C CPU@47C PMIC@50C GPU@46.5C AO@55.5C thermal@46.5C POM_5V_IN 7022/6508 POM_5V_GPU 3250/2822 POM_5V_CPU 1083/1058
RAM 1775/3964MB (lfb 205x4MB) SWAP 0/1982MB (cached 0MB) IRAM 0/252kB(lfb 252kB) CPU [16%@1479,50%@1479,13%@1479,15%@1479] EMC_FREQ 27%@1600 GR3D_FREQ 26%@921 APE 25 PLL@44C CPU@47C PMIC@50C GPU@46C AO@55C thermal@46.5C POM_5V_IN 6652/6508 POM_5V_GPU 2782/2822 POM_5V_CPU 1167/1058
RAM 1775/3964MB (lfb 205x4MB) SWAP 0/1982MB (cached 0MB) IRAM 0/252kB(lfb 252kB) CPU [18%@1326,26%@1326,35%@1326,12%@1326] EMC_FREQ 27%@1600 GR3D_FREQ 99%@921 APE 25 PLL@44C CPU@47C PMIC@50C GPU@46C AO@55.5C thermal@46.25C POM_5V_IN 7131/6510 POM_5V_GPU 3205/2823 POM_5V_CPU 1201/1059
RAM 1775/3964MB (lfb 205x4MB) SWAP 0/1982MB (cached 0MB) IRAM 0/252kB(lfb 252kB) CPU [15%@1479,24%@1479,26%@1479,29%@1479] EMC_FREQ 27%@1600 GR3D_FREQ 98%@921 APE 25 PLL@44C CPU@47C PMIC@50C GPU@45.5C AO@55C thermal@46.5C POM_5V_IN 6501/6510 POM_5V_GPU 2705/2822 POM_5V_CPU 1090/1059
RAM 1775/3964MB (lfb 205x4MB) SWAP 0/1982MB (cached 0MB) IRAM 0/252kB(lfb 252kB) CPU [35%@1479,23%@1479,13%@1479,21%@1479] EMC_FREQ 27%@1600 GR3D_FREQ 98%@921 APE 25 PLL@44C CPU@47C PMIC@50C GPU@45.5C AO@55.5C thermal@46.75C POM_5V_IN 6832/6511 POM_5V_GPU 3094/2823 POM_5V_CPU 1085/1059
RAM 1775/3964MB (lfb 205x4MB) SWAP 0/1982MB (cached 0MB) IRAM 0/252kB(lfb 252kB) CPU [42%@1224,22%@1224,13%@1224,14%@1224] EMC_FREQ 27%@1600 GR3D_FREQ 98%@921 APE 25 PLL@44C CPU@47C PMIC@50C GPU@46.5C AO@55C thermal@47C POM_5V_IN 6792/6512 POM_5V_GPU 2978/2824 POM_5V_CPU 1046/1059
RAM 1775/3964MB (lfb 205x4MB) SWAP 0/1982MB (cached 0MB) IRAM 0/252kB(lfb 252kB) CPU [33%@1479,28%@1479,13%@1479,21%@1479] EMC_FREQ 27%@1600 GR3D_FREQ 64%@921 APE 25 PLL@44.5C CPU@46.5C PMIC@50C GPU@46.5C AO@55.5C thermal@46.5C POM_5V_IN 6942/6514 POM_5V_GPU 2969/2825 POM_5V_CPU 1203/1059
RAM 1775/3964MB (lfb 205x4MB) SWAP 0/1982MB (cached 0MB) IRAM 0/252kB(lfb 252kB) CPU [23%@1326,27%@1326,16%@1326,34%@1326] EMC_FREQ 28%@1600 GR3D_FREQ 97%@921 APE 25 PLL@44.5C CPU@47C PMIC@50C GPU@46.5C AO@56C thermal@46.5C POM_5V_IN 7160/6516 POM_5V_GPU 3240/2826 POM_5V_CPU 1161/1060
RAM 1775/3964MB (lfb 205x4MB) SWAP 0/1982MB (cached 0MB) IRAM 0/252kB(lfb 252kB) CPU [20%@1479,44%@1479,14%@1479,12%@1479] EMC_FREQ 27%@1600 GR3D_FREQ 46%@921 APE 25 PLL@44C CPU@47.5C PMIC@50C GPU@46C AO@55.5C thermal@47C POM_5V_IN 6682/6517 POM_5V_GPU 2777/2826 POM_5V_CPU 1167/1060
RAM 1775/3964MB (lfb 205x4MB) SWAP 0/1982MB (cached 0MB) IRAM 0/252kB(lfb 252kB) CPU [18%@1224,14%@1224,44%@1224,11%@1224] EMC_FREQ 28%@1600 GR3D_FREQ 99%@921 APE 25 PLL@44.5C CPU@47.5C PMIC@50C GPU@46.5C AO@56C thermal@46.75C POM_5V_IN 6942/6518 POM_5V_GPU 3210/2827 POM_5V_CPU 1003/1060
RAM 1775/3964MB (lfb 205x4MB) SWAP 0/1982MB (cached 0MB) IRAM 0/252kB(lfb 252kB) CPU [27%@1479,13%@1479,16%@1479,34%@1479] EMC_FREQ 27%@1600 GR3D_FREQ 50%@921 APE 25 PLL@44.5C CPU@47.5C PMIC@50C GPU@47C AO@55C thermal@46.75C POM_5V_IN 6582/6518 POM_5V_GPU 2705/2827 POM_5V_CPU 1090/1060
RAM 1775/3964MB (lfb 205x4MB) SWAP 0/1982MB (cached 0MB) IRAM 0/252kB(lfb 252kB) CPU [15%@1428,42%@1428,19%@1428,16%@1428] EMC_FREQ 27%@1600 GR3D_FREQ 99%@921 APE 25 PLL@44C CPU@47C PMIC@50C GPU@46.5C AO@56C thermal@46.75C POM_5V_IN 6792/6519 POM_5V_GPU 3054/2827 POM_5V_CPU 1085/1060
RAM 1775/3964MB (lfb 205x4MB) SWAP 0/1982MB (cached 0MB) IRAM 0/252kB(lfb 252kB) CPU [33%@1224,14%@1224,22%@1224,20%@1224] EMC_FREQ 27%@1600 GR3D_FREQ 98%@921 APE 25 PLL@44.5C CPU@47.5C PMIC@50C GPU@46.5C AO@56C thermal@47.25C POM_5V_IN 7091/6521 POM_5V_GPU 3205/2829 POM_5V_CPU 1161/1060
RAM 1775/3964MB (lfb 205x4MB) SWAP 0/1982MB (cached 0MB) IRAM 0/252kB(lfb 252kB) CPU [23%@1326,21%@1326,15%@1326,38%@1326] EMC_FREQ 27%@1600 GR3D_FREQ 34%@921 APE 25 PLL@44.5C CPU@47C PMIC@50C GPU@46.5C AO@55.5C thermal@47C POM_5V_IN 6722/6522 POM_5V_GPU 2893/2829 POM_5V_CPU 1127/1061
RAM 1775/3964MB (lfb 205x4MB) SWAP 0/1982MB (cached 0MB) IRAM 0/252kB(lfb 252kB) CPU [22%@1224,16%@1224,30%@1224,28%@1224] EMC_FREQ 27%@1600 GR3D_FREQ 98%@921 APE 25 PLL@44.5C CPU@47.5C PMIC@50C GPU@46C AO@56C thermal@46.75C POM_5V_IN 6982/6524 POM_5V_GPU 3210/2830 POM_5V_CPU 1003/1060
RAM 1775/3964MB (lfb 205x4MB) SWAP 0/1982MB (cached 0MB) IRAM 0/252kB(lfb 252kB) CPU [31%@1479,28%@1479,21%@1479,17%@1479] EMC_FREQ 27%@1600 GR3D_FREQ 29%@921 APE 25 PLL@44.5C CPU@47.5C PMIC@50C GPU@47C AO@55.5C thermal@47C POM_5V_IN 6612/6524 POM_5V_GPU 2701/2830 POM_5V_CPU 1167/1061
RAM 1775/3964MB (lfb 205x4MB) SWAP 0/1982MB (cached 0MB) IRAM 0/252kB(lfb 252kB) CPU [20%@1479,31%@1479,23%@1479,18%@1479] EMC_FREQ 27%@1600 GR3D_FREQ 98%@921 APE 25 PLL@44.5C CPU@47.5C PMIC@50C GPU@47C AO@56.5C thermal@47C POM_5V_IN 6982/6526 POM_5V_GPU 3129/2831 POM_5V_CPU 1123/1061
RAM 1775/3964MB (lfb 205x4MB) SWAP 0/1982MB (cached 0MB) IRAM 0/252kB(lfb 252kB) CPU [40%@1479,11%@1479,15%@1479,28%@1479] EMC_FREQ 27%@1600 GR3D_FREQ 88%@921 APE 25 PLL@44.5C CPU@47.5C PMIC@50C GPU@46.5C AO@55.5C thermal@46.75C POM_5V_IN 6953/6527 POM_5V_GPU 2808/2831 POM_5V_CPU 1366/1062
RAM 1775/3964MB (lfb 205x4MB) SWAP 0/1982MB (cached 0MB) IRAM 0/252kB(lfb 252kB) CPU [21%@1224,10%@1224,15%@1224,42%@1224] EMC_FREQ 28%@1600 GR3D_FREQ 89%@921 APE 25 PLL@44.5C CPU@47.5C PMIC@50C GPU@46.5C AO@56.5C thermal@47.25C POM_5V_IN 6872/6528 POM_5V_GPU 3049/2832 POM_5V_CPU 1123/1062
RAM 1775/3964MB (lfb 205x4MB) SWAP 0/1982MB (cached 0MB) IRAM 0/252kB(lfb 252kB) CPU [31%@1224,24%@1224,19%@1224,18%@1224] EMC_FREQ 27%@1600 GR3D_FREQ 98%@921 APE 25 PLL@44.5C CPU@47.5C PMIC@50C GPU@46.5C AO@56.5C thermal@47.25C POM_5V_IN 6982/6530 POM_5V_GPU 3210/2833 POM_5V_CPU 1043/1062
RAM 1775/3964MB (lfb 205x4MB) SWAP 0/1982MB (cached 0MB) IRAM 0/252kB(lfb 252kB) CPU [34%@1479,14%@1479,28%@1479,14%@1479] EMC_FREQ 27%@1600 GR3D_FREQ 27%@921 APE 25 PLL@44.5C CPU@47C PMIC@50C GPU@46.5C AO@56C thermal@47C POM_5V_IN 6682/6530 POM_5V_GPU 2898/2833 POM_5V_CPU 1086/1062
RAM 1775/3964MB (lfb 205x4MB) SWAP 0/1982MB (cached 0MB) IRAM 0/252kB(lfb 252kB) CPU [22%@1428,16%@1428,15%@1428,40%@1428] EMC_FREQ 27%@1600 GR3D_FREQ 98%@921 APE 25 PLL@44.5C CPU@47.5C PMIC@50C GPU@46.5C AO@56C thermal@47.25C POM_5V_IN 7011/6532 POM_5V_GPU 3245/2834 POM_5V_CPU 1081/1062
RAM 1775/3964MB (lfb 205x4MB) SWAP 0/1982MB (cached 0MB) IRAM 0/252kB(lfb 252kB) CPU [38%@1479,15%@1479,19%@1479,19%@1479] EMC_FREQ 28%@1600 GR3D_FREQ 40%@921 APE 25 PLL@44.5C CPU@47C PMIC@50C GPU@46.5C AO@56C thermal@47.25C POM_5V_IN 6872/6533 POM_5V_GPU 2813/2834 POM_5V_CPU 1284/1063
RAM 1775/3964MB (lfb 205x4MB) SWAP 0/1982MB (cached 0MB) IRAM 0/252kB(lfb 252kB) CPU [21%@1326,16%@1326,16%@1326,42%@1326] EMC_FREQ 28%@1600 GR3D_FREQ 98%@921 APE 25 PLL@44.5C CPU@47.5C PMIC@50C GPU@46.5C AO@56.5C thermal@47C POM_5V_IN 6982/6534 POM_5V_GPU 3170/2835 POM_5V_CPU 1041/1063
RAM 1775/3964MB (lfb 205x4MB) SWAP 0/1982MB (cached 0MB) IRAM 0/252kB(lfb 252kB) CPU [26%@1479,15%@1479,25%@1479,30%@1479] EMC_FREQ 28%@1600 GR3D_FREQ 58%@921 APE 25 PLL@44.5C CPU@47.5C PMIC@50C GPU@46.5C AO@55.5C thermal@47C POM_5V_IN 6642/6535 POM_5V_GPU 2737/2835 POM_5V_CPU 1167/1063
RAM 1775/3964MB (lfb 205x4MB) SWAP 0/1982MB (cached 0MB) IRAM 0/252kB(lfb 252kB) CPU [21%@1224,26%@1224,16%@1224,29%@1224] EMC_FREQ 28%@1600 GR3D_FREQ 99%@921 APE 25 PLL@45C CPU@47.5C PMIC@50C GPU@46.5C AO@56C thermal@47C POM_5V_IN 6982/6536 POM_5V_GPU 3170/2836 POM_5V_CPU 1083/1063
RAM 1775/3964MB (lfb 205x4MB) SWAP 0/1982MB (cached 0MB) IRAM 0/252kB(lfb 252kB) CPU [46%@1479,12%@1479,17%@1479,14%@1479] EMC_FREQ 27%@1600 GR3D_FREQ 98%@921 APE 25 PLL@45C CPU@47.5C PMIC@50C GPU@47C AO@55.5C thermal@47.25C POM_5V_IN 6652/6537 POM_5V_GPU 2741/2836 POM_5V_CPU 1169/1064
RAM 1775/3964MB (lfb 205x4MB) SWAP 0/1982MB (cached 0MB) IRAM 0/252kB(lfb 252kB) CPU [31%@1479,18%@1479,31%@1479,17%@1479] EMC_FREQ 27%@1600 GR3D_FREQ 99%@921 APE 25 PLL@45C CPU@48C PMIC@50C GPU@47C AO@56.5C thermal@47.5C POM_5V_IN 7011/6538 POM_5V_GPU 3004/2836 POM_5V_CPU 1282/1064
RAM 1775/3964MB (lfb 205x4MB) SWAP 0/1982MB (cached 0MB) IRAM 0/252kB(lfb 252kB) CPU [19%@1224,41%@1224,16%@1224,14%@1224] EMC_FREQ 27%@1600 GR3D_FREQ 98%@921 APE 25 PLL@45C CPU@47.5C PMIC@50C GPU@47C AO@56.5C thermal@47.25C POM_5V_IN 6982/6540 POM_5V_GPU 3250/2838 POM_5V_CPU 1043/1064
RAM 1760/3964MB (lfb 206x4MB) SWAP 0/1982MB (cached 0MB) IRAM 0/252kB(lfb 252kB) CPU [14%@1479,22%@1479,34%@1479,16%@1479] EMC_FREQ 26%@1600 GR3D_FREQ 0%@921 APE 25 PLL@45C CPU@46C PMIC@50C GPU@45.5C AO@53.5C thermal@47.25C POM_5V_IN 3635/6530 POM_5V_GPU 292/2830 POM_5V_CPU 961/1064
RAM 1718/3964MB (lfb 211x4MB) SWAP 0/1982MB (cached 0MB) IRAM 0/252kB(lfb 252kB) CPU [39%@1479,1%@1479,2%@1479,13%@1479] EMC_FREQ 18%@1600 GR3D_FREQ 0%@76 APE 25 PLL@44C CPU@46.5C PMIC@50C GPU@45C AO@53C thermal@45.75C POM_5V_IN 3032/6519 POM_5V_GPU 84/2821 POM_5V_CPU 1010/1064
RAM 762/3964MB (lfb 305x4MB) SWAP 0/1982MB (cached 0MB) IRAM 0/252kB(lfb 252kB) CPU [7%@1224,16%@1224,0%@1224,3%@1224] EMC_FREQ 12%@1600 GR3D_FREQ 0%@76 APE 25 PLL@43.5C CPU@45C PMIC@50C GPU@45.5C AO@53C thermal@45.75C POM_5V_IN 1960/6504 POM_5V_GPU 0/2811 POM_5V_CPU 170/1061
RAM 762/3964MB (lfb 305x4MB) SWAP 0/1982MB (cached 0MB) IRAM 0/252kB(lfb 252kB) CPU [0%@1479,1%@1479,1%@1479,0%@1479] EMC_FREQ 8%@1600 GR3D_FREQ 0%@76 APE 25 PLL@43.5C CPU@45C PMIC@50C GPU@45.5C AO@52.5C thermal@45.25C POM_5V_IN 2376/6491 POM_5V_GPU 0/2802 POM_5V_CPU 593/1059
RAM 760/3964MB (lfb 305x4MB) SWAP 0/1982MB (cached 0MB) IRAM 0/252kB(lfb 252kB) CPU [3%@1224,1%@1224,0%@1224,42%@1224] EMC_FREQ 6%@1600 GR3D_FREQ 0%@76 APE 25 PLL@43C CPU@45C PMIC@50C GPU@45C AO@52.5C thermal@45.75C POM_5V_IN 1960/6476 POM_5V_GPU 0/2793 POM_5V_CPU 170/1057
RAM 760/3964MB (lfb 305x4MB) SWAP 0/1982MB (cached 0MB) IRAM 0/252kB(lfb 252kB) CPU [0%@1224,0%@1224,0%@1224,0%@1224] EMC_FREQ 4%@1600 GR3D_FREQ 0%@76 APE 25 PLL@43C CPU@45C PMIC@50C GPU@45C AO@52.5C thermal@44.75C POM_5V_IN 1960/6462 POM_5V_GPU 0/2784 POM_5V_CPU 170/1054
RAM 760/3964MB (lfb 305x4MB) SWAP 0/1982MB (cached 0MB) IRAM 0/252kB(lfb 252kB) CPU [0%@1224,0%@1224,0%@1224,0%@1224] EMC_FREQ 2%@1600 GR3D_FREQ 0%@76 APE 25 PLL@43C CPU@44.5C PMIC@50C GPU@45C AO@52.5C thermal@45C POM_5V_IN 1960/6447 POM_5V_GPU 0/2776 POM_5V_CPU 170/1051
RAM 760/3964MB (lfb 305x4MB) SWAP 0/1982MB (cached 0MB) IRAM 0/252kB(lfb 252kB) CPU [0%@1224,0%@1224,0%@1224,0%@1224] EMC_FREQ 1%@1600 GR3D_FREQ 0%@76 APE 25 PLL@43C CPU@44.5C PMIC@50C GPU@45C AO@52C thermal@44.75C POM_5V_IN 1960/6433 POM_5V_GPU 0/2767 POM_5V_CPU 170/1048
RAM 760/3964MB (lfb 305x4MB) SWAP 0/1982MB (cached 0MB) IRAM 0/252kB(lfb 252kB) CPU [1%@1224,0%@1224,0%@1224,0%@1224] EMC_FREQ 1%@1600 GR3D_FREQ 0%@76 APE 25 PLL@42.5C CPU@44.5C PMIC@50C GPU@44.5C AO@52.5C thermal@44.75C POM_5V_IN 1960/6419 POM_5V_GPU 0/2758 POM_5V_CPU 170/1045
RAM 760/3964MB (lfb 305x4MB) SWAP 0/1982MB (cached 0MB) IRAM 0/252kB(lfb 252kB) CPU [0%@1224,0%@1224,0%@1224,0%@1224] EMC_FREQ 0%@1600 GR3D_FREQ 0%@76 APE 25 PLL@43C CPU@44.5C PMIC@50C GPU@45C AO@52C thermal@44.75C POM_5V_IN 1960/6405 POM_5V_GPU 0/2749 POM_5V_CPU 170/1043
RAM 760/3964MB (lfb 305x4MB) SWAP 0/1982MB (cached 0MB) IRAM 0/252kB(lfb 252kB) CPU [0%@1224,0%@1224,0%@1224,0%@1224] EMC_FREQ 0%@1600 GR3D_FREQ 0%@76 APE 25 PLL@43C CPU@44.5C PMIC@50C GPU@45C AO@52.5C thermal@44.75C POM_5V_IN 1960/6391 POM_5V_GPU 0/2741 POM_5V_CPU 170/1040
RAM 760/3964MB (lfb 305x4MB) SWAP 0/1982MB (cached 0MB) IRAM 0/252kB(lfb 252kB) CPU [0%@1224,0%@1224,0%@1224,0%@1224] EMC_FREQ 0%@1600 GR3D_FREQ 0%@76 APE 25 PLL@42.5C CPU@44.5C PMIC@50C GPU@44.5C AO@52.5C thermal@44.75C POM_5V_IN 1960/6377 POM_5V_GPU 0/2732 POM_5V_CPU 170/1037
RAM 760/3964MB (lfb 305x4MB) SWAP 0/1982MB (cached 0MB) IRAM 0/252kB(lfb 252kB) CPU [0%@1224,0%@1224,0%@1224,0%@1224] EMC_FREQ 0%@1600 GR3D_FREQ 0%@76 APE 25 PLL@42.5C CPU@44C PMIC@50C GPU@44.5C AO@52.5C thermal@44.25C POM_5V_IN 1960/6363 POM_5V_GPU 0/2723 POM_5V_CPU 170/1034
RAM 760/3964MB (lfb 305x4MB) SWAP 0/1982MB (cached 0MB) IRAM 0/252kB(lfb 252kB) CPU [0%@1224,0%@1224,0%@1224,0%@1224] EMC_FREQ 0%@1600 GR3D_FREQ 0%@76 APE 25 PLL@42.5C CPU@44C PMIC@50C GPU@44.5C AO@52C thermal@44.25C POM_5V_IN 1960/6349 POM_5V_GPU 0/2715 POM_5V_CPU 170/1032
RAM 760/3964MB (lfb 305x4MB) SWAP 0/1982MB (cached 0MB) IRAM 0/252kB(lfb 252kB) CPU [0%@1224,0%@1224,0%@1224,0%@1224] EMC_FREQ 0%@1600 GR3D_FREQ 0%@76 APE 25 PLL@42.5C CPU@44C PMIC@50C GPU@44.5C AO@51.5C thermal@44.25C POM_5V_IN 1960/6335 POM_5V_GPU 0/2706 POM_5V_CPU 170/1029
RAM 760/3964MB (lfb 305x4MB) SWAP 0/1982MB (cached 0MB) IRAM 0/252kB(lfb 252kB) CPU [1%@1224,0%@1224,0%@1224,0%@1224] EMC_FREQ 0%@1600 GR3D_FREQ 0%@76 APE 25 PLL@42C CPU@44C PMIC@50C GPU@44.5C AO@51.5C thermal@44.5C POM_5V_IN 1960/6322 POM_5V_GPU 0/2698 POM_5V_CPU 213/1026
RAM 760/3964MB (lfb 305x4MB) SWAP 0/1982MB (cached 0MB) IRAM 0/252kB(lfb 252kB) CPU [0%@1224,0%@1224,0%@1224,0%@1224] EMC_FREQ 0%@1600 GR3D_FREQ 0%@76 APE 25 PLL@42.5C CPU@44C PMIC@50C GPU@44.5C AO@51.5C thermal@44.25C POM_5V_IN 1960/6308 POM_5V_GPU 0/2690 POM_5V_CPU 170/1024
RAM 760/3964MB (lfb 305x4MB) SWAP 0/1982MB (cached 0MB) IRAM 0/252kB(lfb 252kB) CPU [0%@1224,0%@1224,0%@1224,0%@1224] EMC_FREQ 0%@1600 GR3D_FREQ 0%@76 APE 25 PLL@42.5C CPU@44C PMIC@50C GPU@44.5C AO@52C thermal@44.25C POM_5V_IN 1960/6295 POM_5V_GPU 0/2681 POM_5V_CPU 170/1021
RAM 760/3964MB (lfb 305x4MB) SWAP 0/1982MB (cached 0MB) IRAM 0/252kB(lfb 252kB) CPU [0%@1224,0%@1224,0%@1224,0%@1224] EMC_FREQ 0%@1600 GR3D_FREQ 0%@76 APE 25 PLL@42.5C CPU@44C PMIC@50C GPU@44.5C AO@51.5C thermal@44.25C POM_5V_IN 1960/6282 POM_5V_GPU 0/2673 POM_5V_CPU 170/1019
RAM 760/3964MB (lfb 305x4MB) SWAP 0/1982MB (cached 0MB) IRAM 0/252kB(lfb 252kB) CPU [0%@1224,0%@1224,0%@1224,0%@1224] EMC_FREQ 0%@1600 GR3D_FREQ 0%@76 APE 25 PLL@42C CPU@44C PMIC@50C GPU@44.5C AO@51.5C thermal@44.25C POM_5V_IN 1960/6268 POM_5V_GPU 0/2665 POM_5V_CPU 170/1016
RAM 760/3964MB (lfb 305x4MB) SWAP 0/1982MB (cached 0MB) IRAM 0/252kB(lfb 252kB) CPU [0%@1224,0%@1224,0%@1224,0%@1224] EMC_FREQ 0%@1600 GR3D_FREQ 0%@76 APE 25 PLL@42.5C CPU@44C PMIC@50C GPU@44.5C AO@51.5C thermal@44.25C POM_5V_IN 1960/6255 POM_5V_GPU 0/2657 POM_5V_CPU 170/1013
RAM 760/3964MB (lfb 305x4MB) SWAP 0/1982MB (cached 0MB) IRAM 0/252kB(lfb 252kB) CPU [0%@1224,0%@1224,0%@1224,0%@1224] EMC_FREQ 0%@1600 GR3D_FREQ 0%@76 APE 25 PLL@42C CPU@44C PMIC@50C GPU@44.5C AO@51.5C thermal@44.25C POM_5V_IN 1960/6242 POM_5V_GPU 0/2649 POM_5V_CPU 170/1011
RAM 760/3964MB (lfb 305x4MB) SWAP 0/1982MB (cached 0MB) IRAM 0/252kB(lfb 252kB) CPU [1%@1224,0%@1224,0%@1224,0%@1224] EMC_FREQ 0%@1600 GR3D_FREQ 0%@76 APE 25 PLL@42C CPU@44C PMIC@50C GPU@44.5C AO@51C thermal@44.25C POM_5V_IN 1960/6229 POM_5V_GPU 0/2641 POM_5V_CPU 170/1008
RAM 760/3964MB (lfb 305x4MB) SWAP 0/1982MB (cached 0MB) IRAM 0/252kB(lfb 252kB) CPU [0%@1224,0%@1224,0%@1224,0%@1224] EMC_FREQ 0%@1600 GR3D_FREQ 0%@76 APE 25 PLL@42C CPU@44C PMIC@50C GPU@44.5C AO@51.5C thermal@44C POM_5V_IN 1960/6216 POM_5V_GPU 0/2633 POM_5V_CPU 170/1006
RAM 760/3964MB (lfb 305x4MB) SWAP 0/1982MB (cached 0MB) IRAM 0/252kB(lfb 252kB) CPU [0%@1224,0%@1224,0%@1224,0%@1224] EMC_FREQ 0%@1600 GR3D_FREQ 0%@76 APE 25 PLL@42C CPU@43.5C PMIC@50C GPU@44.5C AO@51C thermal@44.25C POM_5V_IN 1960/6203 POM_5V_GPU 0/2625 POM_5V_CPU 170/1003
RAM 760/3964MB (lfb 305x4MB) SWAP 0/1982MB (cached 0MB) IRAM 0/252kB(lfb 252kB) CPU [0%@1224,0%@1224,0%@1224,0%@1224] EMC_FREQ 0%@1600 GR3D_FREQ 0%@76 APE 25 PLL@42.5C CPU@43.5C PMIC@50C GPU@44.5C AO@51C thermal@44.25C POM_5V_IN 1960/6190 POM_5V_GPU 0/2617 POM_5V_CPU 212/1001
RAM 760/3964MB (lfb 305x4MB) SWAP 0/1982MB (cached 0MB) IRAM 0/252kB(lfb 252kB) CPU [0%@1224,0%@1224,0%@1224,0%@1224] EMC_FREQ 0%@1600 GR3D_FREQ 0%@76 APE 25 PLL@42C CPU@43.5C PMIC@50C GPU@44.5C AO@51C thermal@44C POM_5V_IN 1960/6178 POM_5V_GPU 0/2609 POM_5V_CPU 212/998
RAM 760/3964MB (lfb 305x4MB) SWAP 0/1982MB (cached 0MB) IRAM 0/252kB(lfb 252kB) CPU [0%@1428,1%@1428,0%@1428,0%@1428] EMC_FREQ 0%@1600 GR3D_FREQ 0%@76 APE 25 PLL@42C CPU@44C PMIC@50C GPU@44.5C AO@51C thermal@44C POM_5V_IN 2209/6166 POM_5V_GPU 0/2601 POM_5V_CPU 382/997
RAM 759/3964MB (lfb 305x4MB) SWAP 0/1982MB (cached 0MB) IRAM 0/252kB(lfb 252kB) CPU [5%@1224,5%@1224,10%@1224,6%@1224] EMC_FREQ 0%@1600 GR3D_FREQ 0%@76 APE 25 PLL@42C CPU@43.5C PMIC@50C GPU@44.5C AO@51C thermal@44C POM_5V_IN 1960/6153 POM_5V_GPU 0/2593 POM_5V_CPU 170/994
RAM 759/3964MB (lfb 305x4MB) SWAP 0/1982MB (cached 0MB) IRAM 0/252kB(lfb 252kB) CPU [0%@1224,0%@1224,0%@1224,0%@1224] EMC_FREQ 0%@1600 GR3D_FREQ 0%@76 APE 25 PLL@42C CPU@43.5C PMIC@50C GPU@44.5C AO@50.5C thermal@44C POM_5V_IN 1960/6141 POM_5V_GPU 0/2586 POM_5V_CPU 170/992
RAM 759/3964MB (lfb 305x4MB) SWAP 0/1982MB (cached 0MB) IRAM 0/252kB(lfb 252kB) CPU [0%@1224,0%@1224,0%@1224,0%@1224] EMC_FREQ 0%@1600 GR3D_FREQ 0%@76 APE 25 PLL@42C CPU@43.5C PMIC@50C GPU@44.5C AO@50.5C thermal@44C POM_5V_IN 1960/6128 POM_5V_GPU 0/2578 POM_5V_CPU 170/989
RAM 759/3964MB (lfb 305x4MB) SWAP 0/1982MB (cached 0MB) IRAM 0/252kB(lfb 252kB) CPU [0%@1224,0%@1224,0%@1224,0%@1224] EMC_FREQ 0%@1600 GR3D_FREQ 0%@76 APE 25 PLL@41.5C CPU@43.5C PMIC@50C GPU@44.5C AO@50.5C thermal@44C POM_5V_IN 1960/6116 POM_5V_GPU 0/2570 POM_5V_CPU 170/987
RAM 759/3964MB (lfb 305x4MB) SWAP 0/1982MB (cached 0MB) IRAM 0/252kB(lfb 252kB) CPU [1%@1224,0%@1224,0%@1224,0%@1224] EMC_FREQ 0%@1600 GR3D_FREQ 0%@76 APE 25 PLL@42C CPU@43.5C PMIC@50C GPU@44.5C AO@50.5C thermal@44C POM_5V_IN 1960/6104 POM_5V_GPU 0/2563 POM_5V_CPU 170/984
RAM 759/3964MB (lfb 305x4MB) SWAP 0/1982MB (cached 0MB) IRAM 0/252kB(lfb 252kB) CPU [0%@1224,0%@1224,0%@1224,0%@1224] EMC_FREQ 0%@1600 GR3D_FREQ 0%@76 APE 25 PLL@41.5C CPU@43.5C PMIC@50C GPU@44.5C AO@50.5C thermal@44C POM_5V_IN 1960/6092 POM_5V_GPU 0/2555 POM_5V_CPU 170/982
RAM 759/3964MB (lfb 305x4MB) SWAP 0/1982MB (cached 0MB) IRAM 0/252kB(lfb 252kB) CPU [0%@1224,0%@1224,0%@1224,0%@1224] EMC_FREQ 0%@1600 GR3D_FREQ 0%@76 APE 25 PLL@42C CPU@43.5C PMIC@50C GPU@44.5C AO@50.5C thermal@44.25C POM_5V_IN 1960/6080 POM_5V_GPU 0/2548 POM_5V_CPU 170/980
RAM 759/3964MB (lfb 305x4MB) SWAP 0/1982MB (cached 0MB) IRAM 0/252kB(lfb 252kB) CPU [0%@1224,0%@1224,0%@1224,0%@1224] EMC_FREQ 0%@1600 GR3D_FREQ 0%@76 APE 25 PLL@41.5C CPU@43C PMIC@50C GPU@44.5C AO@50.5C thermal@43.75C POM_5V_IN 1960/6067 POM_5V_GPU 0/2540 POM_5V_CPU 170/977
RAM 759/3964MB (lfb 305x4MB) SWAP 0/1982MB (cached 0MB) IRAM 0/252kB(lfb 252kB) CPU [0%@1224,0%@1224,0%@1224,0%@1224] EMC_FREQ 0%@1600 GR3D_FREQ 0%@76 APE 25 PLL@41.5C CPU@43C PMIC@50C GPU@44.5C AO@50C thermal@43.75C POM_5V_IN 1960/6055 POM_5V_GPU 0/2533 POM_5V_CPU 170/975
RAM 759/3964MB (lfb 305x4MB) SWAP 0/1982MB (cached 0MB) IRAM 0/252kB(lfb 252kB) CPU [0%@1224,0%@1224,0%@1224,0%@1224] EMC_FREQ 0%@1600 GR3D_FREQ 0%@76 APE 25 PLL@41C CPU@43C PMIC@50C GPU@44.5C AO@50C thermal@43.75C POM_5V_IN 1960/6044 POM_5V_GPU 0/2525 POM_5V_CPU 213/973
RAM 759/3964MB (lfb 305x4MB) SWAP 0/1982MB (cached 0MB) IRAM 0/252kB(lfb 252kB) CPU [0%@1224,0%@1224,0%@1224,0%@1224] EMC_FREQ 0%@1600 GR3D_FREQ 0%@76 APE 25 PLL@41.5C CPU@42.5C PMIC@50C GPU@44.5C AO@50C thermal@43.5C POM_5V_IN 1960/6032 POM_5V_GPU 0/2518 POM_5V_CPU 170/970
RAM 759/3964MB (lfb 305x4MB) SWAP 0/1982MB (cached 0MB) IRAM 0/252kB(lfb 252kB) CPU [1%@1224,0%@1224,0%@1224,0%@1224] EMC_FREQ 0%@1600 GR3D_FREQ 0%@76 APE 25 PLL@41C CPU@43C PMIC@50C GPU@44.5C AO@50.5C thermal@43.5C POM_5V_IN 1960/6020 POM_5V_GPU 0/2511 POM_5V_CPU 170/968
RAM 759/3964MB (lfb 305x4MB) SWAP 0/1982MB (cached 0MB) IRAM 0/252kB(lfb 252kB) CPU [0%@1224,0%@1224,0%@1224,0%@1224] EMC_FREQ 0%@1600 GR3D_FREQ 0%@76 APE 25 PLL@41.5C CPU@42.5C PMIC@50C GPU@44.5C AO@50C thermal@43.75C POM_5V_IN 1918/6008 POM_5V_GPU 0/2504 POM_5V_CPU 170/966
RAM 759/3964MB (lfb 305x4MB) SWAP 0/1982MB (cached 0MB) IRAM 0/252kB(lfb 252kB) CPU [0%@1224,0%@1224,0%@1224,0%@1224] EMC_FREQ 0%@1600 GR3D_FREQ 0%@76 APE 25 PLL@41.5C CPU@42.5C PMIC@50C GPU@44.5C AO@50C thermal@43.5C POM_5V_IN 1918/5996 POM_5V_GPU 0/2496 POM_5V_CPU 170/963
RAM 759/3964MB (lfb 305x4MB) SWAP 0/1982MB (cached 0MB) IRAM 0/252kB(lfb 252kB) CPU [0%@1224,0%@1224,0%@1224,0%@1224] EMC_FREQ 0%@1600 GR3D_FREQ 0%@76 APE 25 PLL@41.5C CPU@42.5C PMIC@50C GPU@44.5C AO@50C thermal@43.75C POM_5V_IN 1960/5985 POM_5V_GPU 0/2489 POM_5V_CPU 170/961
RAM 759/3964MB (lfb 305x4MB) SWAP 0/1982MB (cached 0MB) IRAM 0/252kB(lfb 252kB) CPU [0%@1224,0%@1224,0%@1224,0%@1224] EMC_FREQ 0%@1600 GR3D_FREQ 0%@76 APE 25 PLL@41C CPU@42.5C PMIC@50C GPU@44.5C AO@50C thermal@43.5C POM_5V_IN 1918/5973 POM_5V_GPU 0/2482 POM_5V_CPU 170/959
RAM 759/3964MB (lfb 305x4MB) SWAP 0/1982MB (cached 0MB) IRAM 0/252kB(lfb 252kB) CPU [0%@1224,0%@1224,0%@1224,0%@1224] EMC_FREQ 0%@1600 GR3D_FREQ 0%@76 APE 25 PLL@41C CPU@42.5C PMIC@50C GPU@44.5C AO@50C thermal@43.5C POM_5V_IN 1918/5962 POM_5V_GPU 0/2475 POM_5V_CPU 170/957
RAM 759/3964MB (lfb 305x4MB) SWAP 0/1982MB (cached 0MB) IRAM 0/252kB(lfb 252kB) CPU [0%@1224,0%@1224,0%@1224,0%@1224] EMC_FREQ 0%@1600 GR3D_FREQ 0%@76 APE 25 PLL@41C CPU@42C PMIC@50C GPU@44.5C AO@50C thermal@43.5C POM_5V_IN 1918/5950 POM_5V_GPU 0/2468 POM_5V_CPU 170/954
RAM 759/3964MB (lfb 305x4MB) SWAP 0/1982MB (cached 0MB) IRAM 0/252kB(lfb 252kB) CPU [0%@1224,0%@1224,0%@1224,0%@1224] EMC_FREQ 0%@1600 GR3D_FREQ 0%@76 APE 25 PLL@41C CPU@42.5C PMIC@50C GPU@44.5C AO@49.5C thermal@43.25C POM_5V_IN 1960/5939 POM_5V_GPU 0/2461 POM_5V_CPU 170/952
RAM 759/3964MB (lfb 305x4MB) SWAP 0/1982MB (cached 0MB) IRAM 0/252kB(lfb 252kB) CPU [0%@1224,0%@1224,0%@1224,0%@1224] EMC_FREQ 0%@1600 GR3D_FREQ 0%@76 APE 25 PLL@41C CPU@42.5C PMIC@50C GPU@44.5C AO@49.5C thermal@43.5C POM_5V_IN 1918/5928 POM_5V_GPU 0/2454 POM_5V_CPU 170/950
RAM 759/3964MB (lfb 305x4MB) SWAP 0/1982MB (cached 0MB) IRAM 0/252kB(lfb 252kB) CPU [0%@1224,0%@1224,0%@1224,0%@1224] EMC_FREQ 0%@1600 GR3D_FREQ 0%@76 APE 25 PLL@41C CPU@42C PMIC@50C GPU@44.5C AO@49.5C thermal@43.25C POM_5V_IN 1918/5916 POM_5V_GPU 0/2447 POM_5V_CPU 170/948
RAM 759/3964MB (lfb 305x4MB) SWAP 0/1982MB (cached 0MB) IRAM 0/252kB(lfb 252kB) CPU [0%@1224,0%@1224,0%@1224,0%@1224] EMC_FREQ 0%@1600 GR3D_FREQ 0%@76 APE 25 PLL@41C CPU@42.5C PMIC@50C GPU@44.5C AO@49.5C thermal@43.25C POM_5V_IN 1918/5905 POM_5V_GPU 0/2440 POM_5V_CPU 170/946
RAM 759/3964MB (lfb 305x4MB) SWAP 0/1982MB (cached 0MB) IRAM 0/252kB(lfb 252kB) CPU [0%@1224,0%@1224,0%@1224,0%@1224] EMC_FREQ 0%@1600 GR3D_FREQ 0%@76 APE 25 PLL@40.5C CPU@42.5C PMIC@50C GPU@44.5C AO@49.5C thermal@43.5C POM_5V_IN 1960/5894 POM_5V_GPU 0/2433 POM_5V_CPU 170/943
RAM 759/3964MB (lfb 305x4MB) SWAP 0/1982MB (cached 0MB) IRAM 0/252kB(lfb 252kB) CPU [0%@1224,0%@1224,0%@1224,0%@1224] EMC_FREQ 0%@1600 GR3D_FREQ 0%@76 APE 25 PLL@41C CPU@42C PMIC@50C GPU@44.5C AO@49.5C thermal@43.5C POM_5V_IN 1918/5883 POM_5V_GPU 0/2427 POM_5V_CPU 170/941
RAM 759/3964MB (lfb 305x4MB) SWAP 0/1982MB (cached 0MB) IRAM 0/252kB(lfb 252kB) CPU [0%@1224,0%@1224,0%@1224,0%@1224] EMC_FREQ 0%@1600 GR3D_FREQ 0%@76 APE 25 PLL@40.5C CPU@42C PMIC@50C GPU@44.5C AO@49.5C thermal@43.25C POM_5V_IN 1918/5872 POM_5V_GPU 0/2420 POM_5V_CPU 170/939
RAM 759/3964MB (lfb 305x4MB) SWAP 0/1982MB (cached 0MB) IRAM 0/252kB(lfb 252kB) CPU [1%@1224,0%@1224,0%@1224,0%@1224] EMC_FREQ 0%@1600 GR3D_FREQ 0%@76 APE 25 PLL@40.5C CPU@42C PMIC@50C GPU@44.5C AO@49.5C thermal@43.25C POM_5V_IN 1918/5861 POM_5V_GPU 0/2413 POM_5V_CPU 170/937
RAM 759/3964MB (lfb 305x4MB) SWAP 0/1982MB (cached 0MB) IRAM 0/252kB(lfb 252kB) CPU [0%@1224,0%@1224,0%@1224,0%@1224] EMC_FREQ 0%@1600 GR3D_FREQ 0%@76 APE 25 PLL@40.5C CPU@42C PMIC@50C GPU@44.5C AO@49C thermal@43.25C POM_5V_IN 1918/5850 POM_5V_GPU 0/2406 POM_5V_CPU 170/935
RAM 759/3964MB (lfb 305x4MB) SWAP 0/1982MB (cached 0MB) IRAM 0/252kB(lfb 252kB) CPU [0%@1224,0%@1224,0%@1224,0%@1224] EMC_FREQ 0%@1600 GR3D_FREQ 0%@76 APE 25 PLL@40.5C CPU@42C PMIC@50C GPU@44.5C AO@49C thermal@43.25C POM_5V_IN 1918/5839 POM_5V_GPU 0/2400 POM_5V_CPU 127/933
RAM 759/3964MB (lfb 305x4MB) SWAP 0/1982MB (cached 0MB) IRAM 0/252kB(lfb 252kB) CPU [0%@1224,0%@1224,0%@1224,0%@1224] EMC_FREQ 0%@1600 GR3D_FREQ 0%@76 APE 25 PLL@40.5C CPU@42C PMIC@50C GPU@44.5C AO@49.5C thermal@43C POM_5V_IN 1918/5828 POM_5V_GPU 0/2393 POM_5V_CPU 127/930
RAM 759/3964MB (lfb 305x4MB) SWAP 0/1982MB (cached 0MB) IRAM 0/252kB(lfb 252kB) CPU [0%@1224,0%@1224,0%@1224,0%@1224] EMC_FREQ 0%@1600 GR3D_FREQ 0%@76 APE 25 PLL@40.5C CPU@42C PMIC@50C GPU@44.5C AO@49C thermal@43.25C POM_5V_IN 1918/5817 POM_5V_GPU 0/2387 POM_5V_CPU 170/928
RAM 759/3964MB (lfb 305x4MB) SWAP 0/1982MB (cached 0MB) IRAM 0/252kB(lfb 252kB) CPU [0%@1224,0%@1224,0%@1224,0%@1224] EMC_FREQ 0%@1600 GR3D_FREQ 0%@76 APE 25 PLL@40.5C CPU@41.5C PMIC@50C GPU@44.5C AO@49C thermal@43.25C POM_5V_IN 1918/5807 POM_5V_GPU 0/2380 POM_5V_CPU 170/926
RAM 759/3964MB (lfb 305x4MB) SWAP 0/1982MB (cached 0MB) IRAM 0/252kB(lfb 252kB) CPU [0%@1224,0%@1224,0%@1224,0%@1224] EMC_FREQ 0%@1600 GR3D_FREQ 0%@76 APE 25 PLL@40.5C CPU@41.5C PMIC@50C GPU@44.5C AO@49C thermal@43.25C POM_5V_IN 1918/5796 POM_5V_GPU 0/2374 POM_5V_CPU 170/924
RAM 759/3964MB (lfb 305x4MB) SWAP 0/1982MB (cached 0MB) IRAM 0/252kB(lfb 252kB) CPU [0%@1224,0%@1224,0%@1224,0%@1224] EMC_FREQ 0%@1600 GR3D_FREQ 0%@76 APE 25 PLL@40.5C CPU@41.5C PMIC@50C GPU@44.5C AO@49C thermal@43C POM_5V_IN 1960/5786 POM_5V_GPU 0/2367 POM_5V_CPU 170/922
RAM 759/3964MB (lfb 305x4MB) SWAP 0/1982MB (cached 0MB) IRAM 0/252kB(lfb 252kB) CPU [1%@1224,0%@1224,0%@1224,0%@1224] EMC_FREQ 0%@1600 GR3D_FREQ 0%@76 APE 25 PLL@40.5C CPU@41.5C PMIC@50C GPU@44.5C AO@49C thermal@43C POM_5V_IN 1918/5775 POM_5V_GPU 0/2361 POM_5V_CPU 170/920
RAM 759/3964MB (lfb 305x4MB) SWAP 0/1982MB (cached 0MB) IRAM 0/252kB(lfb 252kB) CPU [0%@1224,0%@1224,0%@1224,0%@1224] EMC_FREQ 0%@1600 GR3D_FREQ 0%@76 APE 25 PLL@40.5C CPU@41.5C PMIC@50C GPU@44.5C AO@49C thermal@43C POM_5V_IN 1918/5765 POM_5V_GPU 0/2354 POM_5V_CPU 170/918
RAM 759/3964MB (lfb 305x4MB) SWAP 0/1982MB (cached 0MB) IRAM 0/252kB(lfb 252kB) CPU [0%@1224,0%@1224,0%@1224,0%@1224] EMC_FREQ 0%@1600 GR3D_FREQ 0%@76 APE 25 PLL@40.5C CPU@42C PMIC@50C GPU@44.5C AO@49C thermal@42.75C POM_5V_IN 1918/5754 POM_5V_GPU 0/2348 POM_5V_CPU 170/916
RAM 759/3964MB (lfb 305x4MB) SWAP 0/1982MB (cached 0MB) IRAM 0/252kB(lfb 252kB) CPU [0%@1224,0%@1224,0%@1224,0%@1224] EMC_FREQ 0%@1600 GR3D_FREQ 0%@76 APE 25 PLL@40C CPU@41.5C PMIC@50C GPU@44C AO@49C thermal@42.75C POM_5V_IN 1918/5744 POM_5V_GPU 0/2342 POM_5V_CPU 170/914
RAM 759/3964MB (lfb 305x4MB) SWAP 0/1982MB (cached 0MB) IRAM 0/252kB(lfb 252kB) CPU [0%@1224,0%@1224,0%@1224,0%@1224] EMC_FREQ 0%@1600 GR3D_FREQ 0%@76 APE 25 PLL@40C CPU@41.5C PMIC@50C GPU@44C AO@49C thermal@42.75C POM_5V_IN 1918/5734 POM_5V_GPU 0/2335 POM_5V_CPU 170/912
RAM 759/3964MB (lfb 305x4MB) SWAP 0/1982MB (cached 0MB) IRAM 0/252kB(lfb 252kB) CPU [0%@1224,0%@1224,0%@1224,0%@1224] EMC_FREQ 0%@1600 GR3D_FREQ 0%@76 APE 25 PLL@40C CPU@41.5C PMIC@50C GPU@44C AO@49C thermal@42.75C POM_5V_IN 1918/5723 POM_5V_GPU 0/2329 POM_5V_CPU 170/910
RAM 759/3964MB (lfb 305x4MB) SWAP 0/1982MB (cached 0MB) IRAM 0/252kB(lfb 252kB) CPU [0%@1224,0%@1224,0%@1224,0%@1224] EMC_FREQ 0%@1600 GR3D_FREQ 0%@76 APE 25 PLL@40C CPU@41.5C PMIC@50C GPU@44C AO@49C thermal@42.75C POM_5V_IN 1918/5713 POM_5V_GPU 0/2323 POM_5V_CPU 170/908
RAM 759/3964MB (lfb 305x4MB) SWAP 0/1982MB (cached 0MB) IRAM 0/252kB(lfb 252kB) CPU [0%@1224,0%@1224,0%@1224,0%@1224] EMC_FREQ 0%@1600 GR3D_FREQ 0%@76 APE 25 PLL@39.5C CPU@41.5C PMIC@50C GPU@43.5C AO@48.5C thermal@42.5C POM_5V_IN 1918/5703 POM_5V_GPU 0/2317 POM_5V_CPU 170/906
RAM 759/3964MB (lfb 305x4MB) SWAP 0/1982MB (cached 0MB) IRAM 0/252kB(lfb 252kB) CPU [1%@1224,0%@1224,0%@1224,0%@1224] EMC_FREQ 0%@1600 GR3D_FREQ 0%@76 APE 25 PLL@39.5C CPU@41.5C PMIC@50C GPU@43.5C AO@49C thermal@42.5C POM_5V_IN 1918/5693 POM_5V_GPU 0/2310 POM_5V_CPU 170/904
RAM 759/3964MB (lfb 305x4MB) SWAP 0/1982MB (cached 0MB) IRAM 0/252kB(lfb 252kB) CPU [0%@1224,0%@1224,0%@1224,0%@1224] EMC_FREQ 0%@1600 GR3D_FREQ 0%@76 APE 25 PLL@39.5C CPU@41.5C PMIC@50C GPU@43.5C AO@48.5C thermal@42.75C POM_5V_IN 1918/5683 POM_5V_GPU 0/2304 POM_5V_CPU 170/902
RAM 759/3964MB (lfb 305x4MB) SWAP 0/1982MB (cached 0MB) IRAM 0/252kB(lfb 252kB) CPU [0%@1224,0%@1224,0%@1224,0%@1224] EMC_FREQ 0%@1600 GR3D_FREQ 0%@76 APE 25 PLL@40C CPU@41C PMIC@50C GPU@44C AO@48.5C thermal@42.5C POM_5V_IN 1918/5673 POM_5V_GPU 0/2298 POM_5V_CPU 170/900
RAM 759/3964MB (lfb 305x4MB) SWAP 0/1982MB (cached 0MB) IRAM 0/252kB(lfb 252kB) CPU [0%@1224,0%@1224,0%@1224,0%@1224] EMC_FREQ 0%@1600 GR3D_FREQ 0%@76 APE 25 PLL@39.5C CPU@41.5C PMIC@50C GPU@43.5C AO@48.5C thermal@42.5C POM_5V_IN 1918/5663 POM_5V_GPU 0/2292 POM_5V_CPU 170/898
RAM 759/3964MB (lfb 305x4MB) SWAP 0/1982MB (cached 0MB) IRAM 0/252kB(lfb 252kB) CPU [0%@1224,0%@1224,0%@1224,0%@1224] EMC_FREQ 0%@1600 GR3D_FREQ 0%@76 APE 25 PLL@39.5C CPU@41C PMIC@50C GPU@43.5C AO@48.5C thermal@42.5C POM_5V_IN 1918/5653 POM_5V_GPU 0/2286 POM_5V_CPU 170/896
RAM 759/3964MB (lfb 305x4MB) SWAP 0/1982MB (cached 0MB) IRAM 0/252kB(lfb 252kB) CPU [0%@1224,0%@1224,0%@1224,0%@1224] EMC_FREQ 0%@1600 GR3D_FREQ 0%@76 APE 25 PLL@39.5C CPU@41C PMIC@50C GPU@43.5C AO@48.5C thermal@42.5C POM_5V_IN 1918/5644 POM_5V_GPU 0/2280 POM_5V_CPU 170/894
RAM 759/3964MB (lfb 305x4MB) SWAP 0/1982MB (cached 0MB) IRAM 0/252kB(lfb 252kB) CPU [1%@1224,0%@1224,0%@1224,0%@1224] EMC_FREQ 0%@1600 GR3D_FREQ 0%@76 APE 25 PLL@39.5C CPU@41C PMIC@50C GPU@43.5C AO@48.5C thermal@42.75C POM_5V_IN 1918/5634 POM_5V_GPU 0/2274 POM_5V_CPU 170/893
RAM 759/3964MB (lfb 305x4MB) SWAP 0/1982MB (cached 0MB) IRAM 0/252kB(lfb 252kB) CPU [1%@1224,0%@1224,0%@1224,0%@1224] EMC_FREQ 0%@1600 GR3D_FREQ 0%@76 APE 25 PLL@39.5C CPU@41.5C PMIC@50C GPU@43.5C AO@48.5C thermal@42.5C POM_5V_IN 1918/5624 POM_5V_GPU 0/2268 POM_5V_CPU 170/891
RAM 759/3964MB (lfb 305x4MB) SWAP 0/1982MB (cached 0MB) IRAM 0/252kB(lfb 252kB) CPU [0%@1224,0%@1224,0%@1224,0%@1224] EMC_FREQ 0%@1600 GR3D_FREQ 0%@76 APE 25 PLL@39C CPU@41C PMIC@50C GPU@43C AO@48.5C thermal@42.25C POM_5V_IN 1918/5614 POM_5V_GPU 0/2262 POM_5V_CPU 170/889
RAM 759/3964MB (lfb 305x4MB) SWAP 0/1982MB (cached 0MB) IRAM 0/252kB(lfb 252kB) CPU [0%@1224,0%@1224,0%@1224,0%@1224] EMC_FREQ 0%@1600 GR3D_FREQ 0%@76 APE 25 PLL@39.5C CPU@41C PMIC@50C GPU@43.5C AO@48.5C thermal@42.25C POM_5V_IN 1918/5605 POM_5V_GPU 0/2256 POM_5V_CPU 170/887
RAM 759/3964MB (lfb 305x4MB) SWAP 0/1982MB (cached 0MB) IRAM 0/252kB(lfb 252kB) CPU [1%@1224,0%@1224,0%@1224,0%@1224] EMC_FREQ 0%@1600 GR3D_FREQ 0%@76 APE 25 PLL@39.5C CPU@41C PMIC@50C GPU@43.5C AO@48C thermal@42.25C POM_5V_IN 1918/5595 POM_5V_GPU 0/2251 POM_5V_CPU 170/885
RAM 759/3964MB (lfb 305x4MB) SWAP 0/1982MB (cached 0MB) IRAM 0/252kB(lfb 252kB) CPU [0%@1224,0%@1224,0%@1224,0%@1224] EMC_FREQ 0%@1600 GR3D_FREQ 0%@76 APE 25 PLL@39.5C CPU@40.5C PMIC@50C GPU@43.5C AO@48C thermal@42.25C POM_5V_IN 1918/5586 POM_5V_GPU 0/2245 POM_5V_CPU 170/883
RAM 759/3964MB (lfb 305x4MB) SWAP 0/1982MB (cached 0MB) IRAM 0/252kB(lfb 252kB) CPU [0%@1224,0%@1224,0%@1224,0%@1224] EMC_FREQ 0%@1600 GR3D_FREQ 0%@76 APE 25 PLL@39C CPU@41C PMIC@50C GPU@43C AO@48.5C thermal@42.25C POM_5V_IN 1918/5576 POM_5V_GPU 0/2239 POM_5V_CPU 170/881
RAM 759/3964MB (lfb 305x4MB) SWAP 0/1982MB (cached 0MB) IRAM 0/252kB(lfb 252kB) CPU [0%@1224,0%@1224,0%@1224,0%@1224] EMC_FREQ 0%@1600 GR3D_FREQ 0%@76 APE 25 PLL@39.5C CPU@41C PMIC@50C GPU@43.5C AO@48C thermal@42C POM_5V_IN 1918/5567 POM_5V_GPU 0/2233 POM_5V_CPU 170/880
RAM 759/3964MB (lfb 305x4MB) SWAP 0/1982MB (cached 0MB) IRAM 0/252kB(lfb 252kB) CPU [0%@1224,0%@1224,0%@1224,0%@1224] EMC_FREQ 0%@1600 GR3D_FREQ 0%@76 APE 25 PLL@39C CPU@41C PMIC@50C GPU@43C AO@48C thermal@42C POM_5V_IN 1918/5558 POM_5V_GPU 0/2227 POM_5V_CPU 170/878
RAM 759/3964MB (lfb 305x4MB) SWAP 0/1982MB (cached 0MB) IRAM 0/252kB(lfb 252kB) CPU [1%@1224,0%@1224,0%@1224,0%@1224] EMC_FREQ 0%@1600 GR3D_FREQ 0%@76 APE 25 PLL@39C CPU@41C PMIC@50C GPU@43C AO@48C thermal@42C POM_5V_IN 1918/5548 POM_5V_GPU 0/2222 POM_5V_CPU 170/876
RAM 759/3964MB (lfb 305x4MB) SWAP 0/1982MB (cached 0MB) IRAM 0/252kB(lfb 252kB) CPU [0%@1224,0%@1224,0%@1224,0%@1224] EMC_FREQ 0%@1600 GR3D_FREQ 0%@76 APE 25 PLL@39.5C CPU@40.5C PMIC@50C GPU@43.5C AO@48C thermal@41.75C POM_5V_IN 1918/5539 POM_5V_GPU 0/2216 POM_5V_CPU 170/874
RAM 759/3964MB (lfb 305x4MB) SWAP 0/1982MB (cached 0MB) IRAM 0/252kB(lfb 252kB) CPU [0%@1224,0%@1224,0%@1224,0%@1224] EMC_FREQ 0%@1600 GR3D_FREQ 0%@76 APE 25 PLL@39C CPU@40.5C PMIC@50C GPU@43C AO@48C thermal@42C POM_5V_IN 1918/5530 POM_5V_GPU 0/2210 POM_5V_CPU 170/872
RAM 759/3964MB (lfb 305x4MB) SWAP 0/1982MB (cached 0MB) IRAM 0/252kB(lfb 252kB) CPU [0%@1224,0%@1224,0%@1224,0%@1224] EMC_FREQ 0%@1600 GR3D_FREQ 0%@76 APE 25 PLL@39C CPU@41C PMIC@50C GPU@43C AO@48C thermal@42C POM_5V_IN 1918/5521 POM_5V_GPU 0/2205 POM_5V_CPU 170/870
RAM 759/3964MB (lfb 305x4MB) SWAP 0/1982MB (cached 0MB) IRAM 0/252kB(lfb 252kB) CPU [1%@1224,0%@1224,0%@1224,0%@1224] EMC_FREQ 0%@1600 GR3D_FREQ 0%@76 APE 25 PLL@39C CPU@40.5C PMIC@50C GPU@43C AO@48C thermal@42C POM_5V_IN 1918/5511 POM_5V_GPU 0/2199 POM_5V_CPU 170/869
RAM 759/3964MB (lfb 305x4MB) SWAP 0/1982MB (cached 0MB) IRAM 0/252kB(lfb 252kB) CPU [0%@1224,0%@1224,0%@1224,0%@1224] EMC_FREQ 0%@1600 GR3D_FREQ 0%@76 APE 25 PLL@39C CPU@40.5C PMIC@50C GPU@43C AO@47.5C thermal@41.75C POM_5V_IN 1918/5502 POM_5V_GPU 0/2194 POM_5V_CPU 170/867
RAM 759/3964MB (lfb 305x4MB) SWAP 0/1982MB (cached 0MB) IRAM 0/252kB(lfb 252kB) CPU [0%@1224,0%@1224,0%@1224,0%@1224] EMC_FREQ 0%@1600 GR3D_FREQ 0%@76 APE 25 PLL@39C CPU@40.5C PMIC@50C GPU@43C AO@48C thermal@42C POM_5V_IN 1918/5493 POM_5V_GPU 0/2188 POM_5V_CPU 170/865
RAM 759/3964MB (lfb 305x4MB) SWAP 0/1982MB (cached 0MB) IRAM 0/252kB(lfb 252kB) CPU [0%@1224,0%@1224,0%@1224,0%@1224] EMC_FREQ 0%@1600 GR3D_FREQ 0%@76 APE 25 PLL@39C CPU@41C PMIC@50C GPU@43C AO@47.5C thermal@41.75C POM_5V_IN 1750/5484 POM_5V_GPU 0/2183 POM_5V_CPU 128/863
RAM 759/3964MB (lfb 305x4MB) SWAP 0/1982MB (cached 0MB) IRAM 0/252kB(lfb 252kB) CPU [0%@1224,0%@1224,0%@1224,0%@1224] EMC_FREQ 0%@1600 GR3D_FREQ 0%@76 APE 25 PLL@39C CPU@40.5C PMIC@50C GPU@43C AO@47.5C thermal@41.5C POM_5V_IN 1707/5475 POM_5V_GPU 0/2177 POM_5V_CPU 170/862
RAM 759/3964MB (lfb 305x4MB) SWAP 0/1982MB (cached 0MB) IRAM 0/252kB(lfb 252kB) CPU [0%@1224,0%@1224,0%@1224,0%@1224] EMC_FREQ 0%@1600 GR3D_FREQ 0%@76 APE 25 PLL@38.5C CPU@40.5C PMIC@50C GPU@42.5C AO@48C thermal@41.75C POM_5V_IN 1707/5465 POM_5V_GPU 0/2172 POM_5V_CPU 170/860
RAM 759/3964MB (lfb 305x4MB) SWAP 0/1982MB (cached 0MB) IRAM 0/252kB(lfb 252kB) CPU [0%@1224,0%@1224,0%@1224,0%@1224] EMC_FREQ 0%@1600 GR3D_FREQ 0%@76 APE 25 PLL@38.5C CPU@40.5C PMIC@50C GPU@42.5C AO@48C thermal@41.75C POM_5V_IN 1707/5456 POM_5V_GPU 0/2166 POM_5V_CPU 170/858
RAM 759/3964MB (lfb 305x4MB) SWAP 0/1982MB (cached 0MB) IRAM 0/252kB(lfb 252kB) CPU [0%@1224,0%@1224,0%@1224,0%@1224] EMC_FREQ 0%@1600 GR3D_FREQ 0%@76 APE 25 PLL@38.5C CPU@40.5C PMIC@50C GPU@42.5C AO@48C thermal@41.75C POM_5V_IN 1707/5446 POM_5V_GPU 0/2161 POM_5V_CPU 170/856
RAM 759/3964MB (lfb 305x4MB) SWAP 0/1982MB (cached 0MB) IRAM 0/252kB(lfb 252kB) CPU [0%@1224,0%@1224,0%@1224,0%@1224] EMC_FREQ 0%@1600 GR3D_FREQ 0%@76 APE 25 PLL@39C CPU@40.5C PMIC@50C GPU@43C AO@48C thermal@41.5C POM_5V_IN 1707/5437 POM_5V_GPU 0/2156 POM_5V_CPU 170/855
RAM 759/3964MB (lfb 305x4MB) SWAP 0/1982MB (cached 0MB) IRAM 0/252kB(lfb 252kB) CPU [0%@1224,0%@1224,0%@1224,0%@1224] EMC_FREQ 0%@1600 GR3D_FREQ 0%@76 APE 25 PLL@39C CPU@40.5C PMIC@50C GPU@43C AO@47.5C thermal@41.75C POM_5V_IN 1750/5428 POM_5V_GPU 0/2150 POM_5V_CPU 128/853
RAM 759/3964MB (lfb 305x4MB) SWAP 0/1982MB (cached 0MB) IRAM 0/252kB(lfb 252kB) CPU [0%@1224,0%@1224,0%@1224,0%@1224] EMC_FREQ 0%@1600 GR3D_FREQ 0%@76 APE 25 PLL@38.5C CPU@40.5C PMIC@50C GPU@42.5C AO@48C thermal@41.75C POM_5V_IN 1750/5419 POM_5V_GPU 0/2145 POM_5V_CPU 213/851
RAM 759/3964MB (lfb 305x4MB) SWAP 0/1982MB (cached 0MB) IRAM 0/252kB(lfb 252kB) CPU [0%@1224,0%@1224,0%@1224,0%@1224] EMC_FREQ 0%@1600 GR3D_FREQ 0%@76 APE 25 PLL@38.5C CPU@40.5C PMIC@50C GPU@42.5C AO@47.5C thermal@41.75C POM_5V_IN 1707/5410 POM_5V_GPU 0/2140 POM_5V_CPU 170/850
RAM 759/3964MB (lfb 305x4MB) SWAP 0/1982MB (cached 0MB) IRAM 0/252kB(lfb 252kB) CPU [1%@1224,0%@1224,0%@1224,0%@1224] EMC_FREQ 0%@1600 GR3D_FREQ 0%@76 APE 25 PLL@39C CPU@40.5C PMIC@50C GPU@43C AO@47.5C thermal@41.5C POM_5V_IN 1750/5401 POM_5V_GPU 0/2134 POM_5V_CPU 213/848
RAM 759/3964MB (lfb 305x4MB) SWAP 0/1982MB (cached 0MB) IRAM 0/252kB(lfb 252kB) CPU [0%@1224,0%@1224,0%@1224,0%@1224] EMC_FREQ 0%@1600 GR3D_FREQ 0%@76 APE 25 PLL@38.5C CPU@40C PMIC@50C GPU@42.5C AO@47.5C thermal@41.5C POM_5V_IN 1707/5392 POM_5V_GPU 0/2129 POM_5V_CPU 170/846
RAM 759/3964MB (lfb 305x4MB) SWAP 0/1982MB (cached 0MB) IRAM 0/252kB(lfb 252kB) CPU [0%@1224,0%@1224,0%@1224,0%@1224] EMC_FREQ 0%@1600 GR3D_FREQ 0%@76 APE 25 PLL@38.5C CPU@40C PMIC@50C GPU@42.5C AO@47.5C thermal@41.25C POM_5V_IN 1750/5383 POM_5V_GPU 0/2124 POM_5V_CPU 170/845
RAM 759/3964MB (lfb 305x4MB) SWAP 0/1982MB (cached 0MB) IRAM 0/252kB(lfb 252kB) CPU [0%@1224,0%@1224,0%@1224,0%@1224] EMC_FREQ 0%@1600 GR3D_FREQ 0%@76 APE 25 PLL@38.5C CPU@40C PMIC@50C GPU@42.5C AO@47.5C thermal@41.25C POM_5V_IN 1750/5374 POM_5V_GPU 0/2119 POM_5V_CPU 170/843
RAM 759/3964MB (lfb 305x4MB) SWAP 0/1982MB (cached 0MB) IRAM 0/252kB(lfb 252kB) CPU [1%@1224,0%@1224,0%@1224,0%@1224] EMC_FREQ 0%@1600 GR3D_FREQ 0%@76 APE 25 PLL@38.5C CPU@40C PMIC@50C GPU@42.5C AO@47.5C thermal@41.25C POM_5V_IN 1750/5365 POM_5V_GPU 0/2114 POM_5V_CPU 213/842
RAM 759/3964MB (lfb 305x4MB) SWAP 0/1982MB (cached 0MB) IRAM 0/252kB(lfb 252kB) CPU [0%@1224,0%@1224,0%@1224,0%@1224] EMC_FREQ 0%@1600 GR3D_FREQ 0%@76 APE 25 PLL@38C CPU@40C PMIC@50C GPU@42C AO@47.5C thermal@41.25C POM_5V_IN 1707/5356 POM_5V_GPU 0/2108 POM_5V_CPU 170/840
RAM 759/3964MB (lfb 305x4MB) SWAP 0/1982MB (cached 0MB) IRAM 0/252kB(lfb 252kB) CPU [0%@1224,0%@1224,0%@1224,0%@1224] EMC_FREQ 0%@1600 GR3D_FREQ 0%@76 APE 25 PLL@38.5C CPU@40C PMIC@50C GPU@42.5C AO@47C thermal@41C POM_5V_IN 1707/5347 POM_5V_GPU 0/2103 POM_5V_CPU 170/838
RAM 759/3964MB (lfb 305x4MB) SWAP 0/1982MB (cached 0MB) IRAM 0/252kB(lfb 252kB) CPU [0%@1224,0%@1224,0%@1224,0%@1224] EMC_FREQ 0%@1600 GR3D_FREQ 0%@76 APE 25 PLL@38.5C CPU@39.5C PMIC@50C GPU@42.5C AO@47C thermal@41C POM_5V_IN 1707/5339 POM_5V_GPU 0/2098 POM_5V_CPU 170/837
RAM 759/3964MB (lfb 305x4MB) SWAP 0/1982MB (cached 0MB) IRAM 0/252kB(lfb 252kB) CPU [0%@1224,0%@1224,0%@1224,0%@1224] EMC_FREQ 0%@1600 GR3D_FREQ 0%@76 APE 25 PLL@38C CPU@40C PMIC@50C GPU@42C AO@47.5C thermal@41C POM_5V_IN 1750/5330 POM_5V_GPU 0/2093 POM_5V_CPU 170/835
RAM 759/3964MB (lfb 305x4MB) SWAP 0/1982MB (cached 0MB) IRAM 0/252kB(lfb 252kB) CPU [0%@1224,0%@1224,0%@1224,0%@1224] EMC_FREQ 0%@1600 GR3D_FREQ 0%@76 APE 25 PLL@38.5C CPU@40C PMIC@50C GPU@42.5C AO@47C thermal@41.25C POM_5V_IN 1707/5321 POM_5V_GPU 0/2088 POM_5V_CPU 128/833
RAM 759/3964MB (lfb 305x4MB) SWAP 0/1982MB (cached 0MB) IRAM 0/252kB(lfb 252kB) CPU [0%@1224,0%@1224,0%@1224,0%@1224] EMC_FREQ 0%@1600 GR3D_FREQ 0%@76 APE 25 PLL@38.5C CPU@40C PMIC@50C GPU@42.5C AO@47C thermal@41C POM_5V_IN 1750/5313 POM_5V_GPU 0/2083 POM_5V_CPU 170/832
RAM 759/3964MB (lfb 305x4MB) SWAP 0/1982MB (cached 0MB) IRAM 0/252kB(lfb 252kB) CPU [0%@1224,0%@1224,0%@1224,0%@1224] EMC_FREQ 0%@1600 GR3D_FREQ 0%@76 APE 25 PLL@38C CPU@40C PMIC@50C GPU@42C AO@47C thermal@41C POM_5V_IN 1707/5304 POM_5V_GPU 0/2078 POM_5V_CPU 170/830
RAM 759/3964MB (lfb 305x4MB) SWAP 0/1982MB (cached 0MB) IRAM 0/252kB(lfb 252kB) CPU [0%@1224,0%@1224,0%@1224,0%@1224] EMC_FREQ 0%@1600 GR3D_FREQ 0%@76 APE 25 PLL@38C CPU@39.5C PMIC@50C GPU@42C AO@46.5C thermal@41C POM_5V_IN 1707/5295 POM_5V_GPU 0/2073 POM_5V_CPU 170/829
RAM 759/3964MB (lfb 305x4MB) SWAP 0/1982MB (cached 0MB) IRAM 0/252kB(lfb 252kB) CPU [0%@1224,0%@1224,0%@1224,0%@1224] EMC_FREQ 0%@1600 GR3D_FREQ 0%@76 APE 25 PLL@37.5C CPU@39.5C PMIC@50C GPU@41.5C AO@47C thermal@40.75C POM_5V_IN 1707/5287 POM_5V_GPU 0/2068 POM_5V_CPU 170/827
RAM 759/3964MB (lfb 305x4MB) SWAP 0/1982MB (cached 0MB) IRAM 0/252kB(lfb 252kB) CPU [0%@1224,0%@1224,0%@1224,0%@1224] EMC_FREQ 0%@1600 GR3D_FREQ 0%@76 APE 25 PLL@38C CPU@39.5C PMIC@50C GPU@42C AO@46.5C thermal@40.5C POM_5V_IN 1707/5278 POM_5V_GPU 0/2063 POM_5V_CPU 170/826
RAM 759/3964MB (lfb 305x4MB) SWAP 0/1982MB (cached 0MB) IRAM 0/252kB(lfb 252kB) CPU [2%@1224,0%@1224,0%@1224,0%@1224] EMC_FREQ 0%@1600 GR3D_FREQ 0%@76 APE 25 PLL@37.5C CPU@39C PMIC@50C GPU@41.5C AO@47C thermal@40.5C POM_5V_IN 1707/5270 POM_5V_GPU 0/2059 POM_5V_CPU 170/824
RAM 759/3964MB (lfb 305x4MB) SWAP 0/1982MB (cached 0MB) IRAM 0/252kB(lfb 252kB) CPU [0%@1224,0%@1224,0%@1224,0%@1224] EMC_FREQ 0%@1600 GR3D_FREQ 0%@76 APE 25 PLL@37.5C CPU@39C PMIC@50C GPU@41.5C AO@47C thermal@40.5C POM_5V_IN 1707/5262 POM_5V_GPU 0/2054 POM_5V_CPU 170/822
RAM 759/3964MB (lfb 305x4MB) SWAP 0/1982MB (cached 0MB) IRAM 0/252kB(lfb 252kB) CPU [0%@1224,0%@1224,0%@1224,0%@1224] EMC_FREQ 0%@1600 GR3D_FREQ 0%@76 APE 25 PLL@37.5C CPU@39C PMIC@50C GPU@41.5C AO@46.5C thermal@40.25C POM_5V_IN 1707/5253 POM_5V_GPU 0/2049 POM_5V_CPU 170/821
RAM 759/3964MB (lfb 305x4MB) SWAP 0/1982MB (cached 0MB) IRAM 0/252kB(lfb 252kB) CPU [0%@1224,0%@1224,0%@1224,0%@1224] EMC_FREQ 0%@1600 GR3D_FREQ 0%@76 APE 25 PLL@37.5C CPU@39C PMIC@50C GPU@41.5C AO@46.5C thermal@40.25C POM_5V_IN 1750/5245 POM_5V_GPU 0/2044 POM_5V_CPU 213/819
RAM 759/3964MB (lfb 305x4MB) SWAP 0/1982MB (cached 0MB) IRAM 0/252kB(lfb 252kB) CPU [0%@1224,0%@1224,0%@1224,0%@1224] EMC_FREQ 0%@1600 GR3D_FREQ 0%@76 APE 25 PLL@38C CPU@39C PMIC@50C GPU@42C AO@46.5C thermal@40.5C POM_5V_IN 1707/5237 POM_5V_GPU 0/2039 POM_5V_CPU 128/818
RAM 759/3964MB (lfb 305x4MB) SWAP 0/1982MB (cached 0MB) IRAM 0/252kB(lfb 252kB) CPU [0%@1224,0%@1224,0%@1224,0%@1224] EMC_FREQ 0%@1600 GR3D_FREQ 0%@76 APE 25 PLL@37.5C CPU@39C PMIC@50C GPU@41.5C AO@46C thermal@40.25C POM_5V_IN 1707/5228 POM_5V_GPU 0/2034 POM_5V_CPU 170/816
RAM 759/3964MB (lfb 305x4MB) SWAP 0/1982MB (cached 0MB) IRAM 0/252kB(lfb 252kB) CPU [0%@1224,0%@1224,0%@1224,0%@1224] EMC_FREQ 0%@1600 GR3D_FREQ 0%@76 APE 25 PLL@37C CPU@39C PMIC@50C GPU@41C AO@46.5C thermal@40.25C POM_5V_IN 1707/5220 POM_5V_GPU 0/2030 POM_5V_CPU 128/815
RAM 759/3964MB (lfb 305x4MB) SWAP 0/1982MB (cached 0MB) IRAM 0/252kB(lfb 252kB) CPU [1%@1224,0%@1224,0%@1224,0%@1224] EMC_FREQ 0%@1600 GR3D_FREQ 0%@76 APE 25 PLL@37.5C CPU@39C PMIC@50C GPU@41.5C AO@46.5C thermal@40.25C POM_5V_IN 1750/5212 POM_5V_GPU 0/2025 POM_5V_CPU 170/813
RAM 759/3964MB (lfb 305x4MB) SWAP 0/1982MB (cached 0MB) IRAM 0/252kB(lfb 252kB) CPU [0%@1224,0%@1224,0%@1224,0%@1224] EMC_FREQ 0%@1600 GR3D_FREQ 0%@76 APE 25 PLL@37.5C CPU@38.5C PMIC@50C GPU@41.5C AO@46.5C thermal@40.25C POM_5V_IN 1707/5204 POM_5V_GPU 0/2020 POM_5V_CPU 170/812
RAM 759/3964MB (lfb 305x4MB) SWAP 0/1982MB (cached 0MB) IRAM 0/252kB(lfb 252kB) CPU [0%@1224,0%@1224,0%@1224,0%@1224] EMC_FREQ 0%@1600 GR3D_FREQ 0%@76 APE 25 PLL@37.5C CPU@39C PMIC@50C GPU@41.5C AO@46.5C thermal@40.25C POM_5V_IN 1750/5196 POM_5V_GPU 0/2016 POM_5V_CPU 213/810
RAM 759/3964MB (lfb 305x4MB) SWAP 0/1982MB (cached 0MB) IRAM 0/252kB(lfb 252kB) CPU [0%@1224,0%@1224,0%@1224,0%@1224] EMC_FREQ 0%@1600 GR3D_FREQ 0%@76 APE 25 PLL@37C CPU@38.5C PMIC@50C GPU@41C AO@46C thermal@39.75C POM_5V_IN 1707/5188 POM_5V_GPU 0/2011 POM_5V_CPU 170/809
RAM 759/3964MB (lfb 305x4MB) SWAP 0/1982MB (cached 0MB) IRAM 0/252kB(lfb 252kB) CPU [0%@1224,0%@1224,0%@1224,0%@1224] EMC_FREQ 0%@1600 GR3D_FREQ 0%@76 APE 25 PLL@37.5C CPU@38.5C PMIC@50C GPU@41.5C AO@46C thermal@39.75C POM_5V_IN 1707/5180 POM_5V_GPU 0/2006 POM_5V_CPU 170/807
RAM 759/3964MB (lfb 305x4MB) SWAP 0/1982MB (cached 0MB) IRAM 0/252kB(lfb 252kB) CPU [0%@1224,0%@1224,0%@1224,0%@1224] EMC_FREQ 0%@1600 GR3D_FREQ 0%@76 APE 25 PLL@37.5C CPU@38.5C PMIC@50C GPU@41.5C AO@46C thermal@39.75C POM_5V_IN 1707/5172 POM_5V_GPU 0/2002 POM_5V_CPU 128/806
RAM 759/3964MB (lfb 305x4MB) SWAP 0/1982MB (cached 0MB) IRAM 0/252kB(lfb 252kB) CPU [0%@1224,0%@1224,0%@1224,0%@1224] EMC_FREQ 0%@1600 GR3D_FREQ 0%@76 APE 25 PLL@37C CPU@39C PMIC@50C GPU@41C AO@46C thermal@40C POM_5V_IN 1750/5164 POM_5V_GPU 0/1997 POM_5V_CPU 170/804
RAM 759/3964MB (lfb 305x4MB) SWAP 0/1982MB (cached 0MB) IRAM 0/252kB(lfb 252kB) CPU [0%@1224,0%@1224,0%@1224,0%@1224] EMC_FREQ 0%@1600 GR3D_FREQ 0%@76 APE 25 PLL@37C CPU@39C PMIC@50C GPU@41C AO@46C thermal@40C POM_5V_IN 1707/5156 POM_5V_GPU 0/1992 POM_5V_CPU 128/803
RAM 759/3964MB (lfb 305x4MB) SWAP 0/1982MB (cached 0MB) IRAM 0/252kB(lfb 252kB) CPU [1%@1224,0%@1224,0%@1224,0%@1224] EMC_FREQ 0%@1600 GR3D_FREQ 0%@76 APE 25 PLL@37C CPU@38.5C PMIC@50C GPU@41C AO@46C thermal@39.75C POM_5V_IN 1750/5148 POM_5V_GPU 0/1988 POM_5V_CPU 170/801
RAM 759/3964MB (lfb 305x4MB) SWAP 0/1982MB (cached 0MB) IRAM 0/252kB(lfb 252kB) CPU [0%@1224,0%@1224,0%@1224,0%@1224] EMC_FREQ 0%@1600 GR3D_FREQ 0%@76 APE 25 PLL@37C CPU@38.5C PMIC@50C GPU@41C AO@46C thermal@40C POM_5V_IN 1707/5140 POM_5V_GPU 0/1983 POM_5V_CPU 170/800
RAM 759/3964MB (lfb 305x4MB) SWAP 0/1982MB (cached 0MB) IRAM 0/252kB(lfb 252kB) CPU [0%@1224,0%@1224,0%@1224,0%@1224] EMC_FREQ 0%@1600 GR3D_FREQ 0%@76 APE 25 PLL@37C CPU@38.5C PMIC@50C GPU@41C AO@46C thermal@39.75C POM_5V_IN 1707/5132 POM_5V_GPU 0/1979 POM_5V_CPU 170/798
RAM 759/3964MB (lfb 305x4MB) SWAP 0/1982MB (cached 0MB) IRAM 0/252kB(lfb 252kB) CPU [0%@1224,0%@1224,0%@1224,0%@1224] EMC_FREQ 0%@1600 GR3D_FREQ 0%@76 APE 25 PLL@37C CPU@38.5C PMIC@50C GPU@41C AO@45.5C thermal@39.75C POM_5V_IN 1707/5125 POM_5V_GPU 0/1974 POM_5V_CPU 170/797
RAM 759/3964MB (lfb 305x4MB) SWAP 0/1982MB (cached 0MB) IRAM 0/252kB(lfb 252kB) CPU [0%@1224,0%@1224,0%@1224,0%@1224] EMC_FREQ 0%@1600 GR3D_FREQ 0%@76 APE 25 PLL@37.5C CPU@38.5C PMIC@50C GPU@41.5C AO@46C thermal@39.5C POM_5V_IN 1707/5117 POM_5V_GPU 0/1970 POM_5V_CPU 128/796
RAM 762/3964MB (lfb 305x4MB) SWAP 0/1982MB (cached 0MB) IRAM 0/252kB(lfb 252kB) CPU [10%@1479,12%@1479,8%@1479,6%@1479] EMC_FREQ 0%@1600 GR3D_FREQ 0%@76 APE 25 PLL@37.5C CPU@39C PMIC@50C GPU@41.5C AO@46C thermal@39.75C POM_5V_IN 2499/5111 POM_5V_GPU 0/1965 POM_5V_CPU 888/796
RAM 761/3964MB (lfb 305x4MB) SWAP 0/1982MB (cached 0MB) IRAM 0/252kB(lfb 252kB) CPU [15%@1224,2%@1224,3%@1224,2%@1224] EMC_FREQ 0%@1600 GR3D_FREQ 0%@76 APE 25 PLL@37C CPU@38.5C PMIC@50C GPU@41C AO@46C thermal@40C POM_5V_IN 1832/5104 POM_5V_GPU 0/1961 POM_5V_CPU 298/795
RAM 761/3964MB (lfb 305x4MB) SWAP 0/1982MB (cached 0MB) IRAM 0/252kB(lfb 252kB) CPU [15%@1224,0%@1224,1%@1224,2%@1224] EMC_FREQ 0%@1600 GR3D_FREQ 0%@76 APE 25 PLL@37.5C CPU@38.5C PMIC@50C GPU@41.5C AO@45.5C thermal@40C POM_5V_IN 1832/5096 POM_5V_GPU 0/1956 POM_5V_CPU 298/793
RAM 761/3964MB (lfb 305x4MB) SWAP 0/1982MB (cached 0MB) IRAM 0/252kB(lfb 252kB) CPU [8%@1224,1%@1224,1%@1224,2%@1224] EMC_FREQ 0%@1600 GR3D_FREQ 0%@76 APE 25 PLL@37C CPU@38.5C PMIC@50C GPU@41C AO@45.5C thermal@39.75C POM_5V_IN 1792/5089 POM_5V_GPU 0/1952 POM_5V_CPU 255/792
RAM 761/3964MB (lfb 305x4MB) SWAP 0/1982MB (cached 0MB) IRAM 0/252kB(lfb 252kB) CPU [13%@1224,1%@1224,0%@1224,0%@1224] EMC_FREQ 0%@1600 GR3D_FREQ 0%@76 APE 25 PLL@37.5C CPU@38.5C PMIC@50C GPU@41.5C AO@45.5C thermal@39.75C POM_5V_IN 1832/5081 POM_5V_GPU 0/1948 POM_5V_CPU 298/791
RAM 761/3964MB (lfb 305x4MB) SWAP 0/1982MB (cached 0MB) IRAM 0/252kB(lfb 252kB) CPU [7%@1224,0%@1224,0%@1224,1%@1224] EMC_FREQ 0%@1600 GR3D_FREQ 0%@76 APE 25 PLL@37C CPU@38.5C PMIC@50C GPU@41C AO@45.5C thermal@39.5C POM_5V_IN 1832/5074 POM_5V_GPU 0/1943 POM_5V_CPU 298/790
RAM 761/3964MB (lfb 305x4MB) SWAP 0/1982MB (cached 0MB) IRAM 0/252kB(lfb 252kB) CPU [12%@1224,1%@1224,2%@1224,2%@1224] EMC_FREQ 0%@1600 GR3D_FREQ 0%@76 APE 25 PLL@37C CPU@38.5C PMIC@50C GPU@41C AO@45.5C thermal@39.5C POM_5V_IN 1792/5067 POM_5V_GPU 0/1939 POM_5V_CPU 213/789
RAM 761/3964MB (lfb 305x4MB) SWAP 0/1982MB (cached 0MB) IRAM 0/252kB(lfb 252kB) CPU [12%@1224,2%@1224,0%@1224,0%@1224] EMC_FREQ 0%@1600 GR3D_FREQ 0%@76 APE 25 PLL@37C CPU@38.5C PMIC@50C GPU@41C AO@45.5C thermal@39.75C POM_5V_IN 1832/5060 POM_5V_GPU 0/1935 POM_5V_CPU 298/788
RAM 761/3964MB (lfb 305x4MB) SWAP 0/1982MB (cached 0MB) IRAM 0/252kB(lfb 252kB) CPU [13%@1224,0%@1224,1%@1224,0%@1224] EMC_FREQ 0%@1600 GR3D_FREQ 0%@76 APE 25 PLL@36.5C CPU@38.5C PMIC@50C GPU@40.5C AO@45.5C thermal@39.75C POM_5V_IN 1875/5053 POM_5V_GPU 0/1930 POM_5V_CPU 298/787
RAM 762/3964MB (lfb 305x4MB) SWAP 0/1982MB (cached 0MB) IRAM 0/252kB(lfb 252kB) CPU [13%@1224,3%@1224,0%@1224,1%@1224] EMC_FREQ 0%@1600 GR3D_FREQ 0%@76 APE 25 PLL@36.5C CPU@38.5C PMIC@50C GPU@40.5C AO@45.5C thermal@39.75C POM_5V_IN 1832/5045 POM_5V_GPU 0/1926 POM_5V_CPU 255/785
RAM 761/3964MB (lfb 305x4MB) SWAP 0/1982MB (cached 0MB) IRAM 0/252kB(lfb 252kB) CPU [9%@1224,1%@1224,1%@1224,0%@1224] EMC_FREQ 0%@1600 GR3D_FREQ 0%@76 APE 25 PLL@37C CPU@38.5C PMIC@50C GPU@41C AO@45.5C thermal@39.75C POM_5V_IN 1832/5038 POM_5V_GPU 0/1922 POM_5V_CPU 298/784
RAM 762/3964MB (lfb 305x4MB) SWAP 0/1982MB (cached 0MB) IRAM 0/252kB(lfb 252kB) CPU [12%@1326,3%@1326,1%@1326,1%@1326] EMC_FREQ 0%@1600 GR3D_FREQ 0%@76 APE 25 PLL@37C CPU@38.5C PMIC@50C GPU@41C AO@45.5C thermal@39.75C POM_5V_IN 2042/5032 POM_5V_GPU 0/1918 POM_5V_CPU 467/784
RAM 761/3964MB (lfb 305x4MB) SWAP 0/1982MB (cached 0MB) IRAM 0/252kB(lfb 252kB) CPU [12%@1224,4%@1224,3%@1224,2%@1224] EMC_FREQ 0%@1600 GR3D_FREQ 0%@76 APE 25 PLL@36.5C CPU@38.5C PMIC@50C GPU@40.5C AO@45.5C thermal@39.75C POM_5V_IN 1790/5025 POM_5V_GPU 0/1913 POM_5V_CPU 255/782
RAM 761/3964MB (lfb 305x4MB) SWAP 0/1982MB (cached 0MB) IRAM 0/252kB(lfb 252kB) CPU [10%@1224,2%@1224,0%@1224,1%@1224] EMC_FREQ 0%@1600 GR3D_FREQ 0%@76 APE 25 PLL@37C CPU@38.5C PMIC@50C GPU@41C AO@45.5C thermal@39.75C POM_5V_IN 1750/5017 POM_5V_GPU 0/1909 POM_5V_CPU 213/781
RAM 761/3964MB (lfb 305x4MB) SWAP 0/1982MB (cached 0MB) IRAM 0/252kB(lfb 252kB) CPU [14%@1224,3%@1224,1%@1224,0%@1224] EMC_FREQ 0%@1600 GR3D_FREQ 0%@76 APE 25 PLL@36.5C CPU@38.5C PMIC@50C GPU@40.5C AO@45.5C thermal@39.75C POM_5V_IN 1875/5011 POM_5V_GPU 0/1905 POM_5V_CPU 340/780
RAM 761/3964MB (lfb 305x4MB) SWAP 0/1982MB (cached 0MB) IRAM 0/252kB(lfb 252kB) CPU [8%@1224,1%@1224,0%@1224,1%@1224] EMC_FREQ 0%@1600 GR3D_FREQ 0%@76 APE 25 PLL@37C CPU@38.5C PMIC@50C GPU@41C AO@45C thermal@39.5C POM_5V_IN 1750/5003 POM_5V_GPU 0/1901 POM_5V_CPU 213/779
RAM 762/3964MB (lfb 305x4MB) SWAP 0/1982MB (cached 0MB) IRAM 0/252kB(lfb 252kB) CPU [12%@1224,2%@1224,0%@1224,1%@1224] EMC_FREQ 0%@1600 GR3D_FREQ 0%@76 APE 25 PLL@36.5C CPU@38.5C PMIC@50C GPU@40.5C AO@45.5C thermal@39.25C POM_5V_IN 1750/4996 POM_5V_GPU 0/1897 POM_5V_CPU 213/778
RAM 762/3964MB (lfb 305x4MB) SWAP 0/1982MB (cached 0MB) IRAM 0/252kB(lfb 252kB) CPU [11%@1224,2%@1224,2%@1224,0%@1224] EMC_FREQ 0%@1600 GR3D_FREQ 0%@76 APE 25 PLL@37C CPU@38C PMIC@50C GPU@41C AO@45.5C thermal@39.5C POM_5V_IN 1792/4989 POM_5V_GPU 0/1893 POM_5V_CPU 255/777
RAM 762/3964MB (lfb 305x4MB) SWAP 0/1982MB (cached 0MB) IRAM 0/252kB(lfb 252kB) CPU [15%@1224,2%@1224,0%@1224,5%@1224] EMC_FREQ 0%@1600 GR3D_FREQ 0%@76 APE 25 PLL@36.5C CPU@38C PMIC@50C GPU@40.5C AO@45.5C thermal@39.25C POM_5V_IN 1790/4982 POM_5V_GPU 0/1888 POM_5V_CPU 255/775
RAM 762/3964MB (lfb 305x4MB) SWAP 0/1982MB (cached 0MB) IRAM 0/252kB(lfb 252kB) CPU [10%@1224,1%@1224,2%@1224,2%@1224] EMC_FREQ 0%@1600 GR3D_FREQ 0%@76 APE 25 PLL@36.5C CPU@38C PMIC@50C GPU@40.5C AO@45C thermal@39.25C POM_5V_IN 1875/4976 POM_5V_GPU 0/1884 POM_5V_CPU 340/775
RAM 762/3964MB (lfb 305x4MB) SWAP 0/1982MB (cached 0MB) IRAM 0/252kB(lfb 252kB) CPU [8%@1224,0%@1224,0%@1224,0%@1224] EMC_FREQ 0%@1600 GR3D_FREQ 0%@76 APE 25 PLL@37C CPU@38.5C PMIC@50C GPU@41C AO@45.5C thermal@39.25C POM_5V_IN 1792/4969 POM_5V_GPU 0/1880 POM_5V_CPU 255/773
RAM 762/3964MB (lfb 305x4MB) SWAP 0/1982MB (cached 0MB) IRAM 0/252kB(lfb 252kB) CPU [11%@1224,0%@1224,2%@1224,2%@1224] EMC_FREQ 0%@1600 GR3D_FREQ 0%@76 APE 25 PLL@36.5C CPU@38C PMIC@50C GPU@40.5C AO@45.5C thermal@39.25C POM_5V_IN 1832/4962 POM_5V_GPU 0/1876 POM_5V_CPU 255/772
RAM 762/3964MB (lfb 305x4MB) SWAP 0/1982MB (cached 0MB) IRAM 0/252kB(lfb 252kB) CPU [12%@1224,2%@1224,2%@1224,0%@1224] EMC_FREQ 0%@1600 GR3D_FREQ 0%@76 APE 25 PLL@36.5C CPU@38.5C PMIC@50C GPU@40.5C AO@45C thermal@39.25C POM_5V_IN 1832/4955 POM_5V_GPU 0/1872 POM_5V_CPU 255/771
RAM 762/3964MB (lfb 305x4MB) SWAP 0/1982MB (cached 0MB) IRAM 0/252kB(lfb 252kB) CPU [13%@1224,3%@1224,0%@1224,0%@1224] EMC_FREQ 0%@1600 GR3D_FREQ 0%@76 APE 25 PLL@36.5C CPU@38C PMIC@50C GPU@40.5C AO@45C thermal@39.5C POM_5V_IN 1875/4949 POM_5V_GPU 0/1868 POM_5V_CPU 298/770
RAM 762/3964MB (lfb 304x4MB) SWAP 0/1982MB (cached 0MB) IRAM 0/252kB(lfb 252kB) CPU [15%@1224,0%@1224,2%@1224,1%@1224] EMC_FREQ 0%@1600 GR3D_FREQ 0%@76 APE 25 PLL@36.5C CPU@38.5C PMIC@50C GPU@40.5C AO@45.5C thermal@39.25C POM_5V_IN 1915/4942 POM_5V_GPU 0/1864 POM_5V_CPU 383/769
RAM 762/3964MB (lfb 304x4MB) SWAP 0/1982MB (cached 0MB) IRAM 0/252kB(lfb 252kB) CPU [9%@1224,3%@1224,1%@1224,3%@1224] EMC_FREQ 0%@1600 GR3D_FREQ 0%@76 APE 25 PLL@36.5C CPU@38C PMIC@50C GPU@40.5C AO@45C thermal@39C POM_5V_IN 2000/4936 POM_5V_GPU 0/1860 POM_5V_CPU 425/769
RAM 763/3964MB (lfb 304x4MB) SWAP 0/1982MB (cached 0MB) IRAM 0/252kB(lfb 252kB) CPU [10%@1224,1%@1224,0%@1224,0%@1224] EMC_FREQ 0%@1600 GR3D_FREQ 0%@76 APE 25 PLL@36.5C CPU@38C PMIC@50C GPU@40.5C AO@45C thermal@39.25C POM_5V_IN 1957/4929 POM_5V_GPU 0/1856 POM_5V_CPU 383/768
RAM 762/3964MB (lfb 304x4MB) SWAP 0/1982MB (cached 0MB) IRAM 0/252kB(lfb 252kB) CPU [9%@1224,0%@1224,1%@1224,0%@1224] EMC_FREQ 0%@1600 GR3D_FREQ 0%@76 APE 25 PLL@36.5C CPU@38C PMIC@50C GPU@40.5C AO@45C thermal@39.25C POM_5V_IN 1832/4923 POM_5V_GPU 0/1852 POM_5V_CPU 255/767
RAM 763/3964MB (lfb 304x4MB) SWAP 0/1982MB (cached 0MB) IRAM 0/252kB(lfb 252kB) CPU [17%@1224,2%@1224,2%@1224,1%@1224] EMC_FREQ 0%@1600 GR3D_FREQ 0%@76 APE 25 PLL@36C CPU@38C PMIC@50C GPU@40C AO@45C thermal@39C POM_5V_IN 1875/4916 POM_5V_GPU 0/1848 POM_5V_CPU 298/766
RAM 762/3964MB (lfb 304x4MB) SWAP 0/1982MB (cached 0MB) IRAM 0/252kB(lfb 252kB) CPU [7%@1224,2%@1224,0%@1224,1%@1224] EMC_FREQ 0%@1600 GR3D_FREQ 0%@76 APE 25 PLL@36C CPU@38C PMIC@50C GPU@40C AO@45C thermal@39C POM_5V_IN 1875/4910 POM_5V_GPU 0/1844 POM_5V_CPU 298/765
RAM 763/3964MB (lfb 304x4MB) SWAP 0/1982MB (cached 0MB) IRAM 0/252kB(lfb 252kB) CPU [13%@1224,2%@1224,3%@1224,0%@1224] EMC_FREQ 0%@1600 GR3D_FREQ 0%@76 APE 25 PLL@36.5C CPU@38C PMIC@50C GPU@40.5C AO@45C thermal@39C POM_5V_IN 1918/4903 POM_5V_GPU 0/1840 POM_5V_CPU 383/764
RAM 762/3964MB (lfb 304x4MB) SWAP 0/1982MB (cached 0MB) IRAM 0/252kB(lfb 252kB) CPU [12%@1224,2%@1224,2%@1224,2%@1224] EMC_FREQ 0%@1600 GR3D_FREQ 0%@76 APE 25 PLL@36C CPU@37.5C PMIC@50C GPU@40C AO@45C thermal@38.75C POM_5V_IN 1875/4897 POM_5V_GPU 0/1836 POM_5V_CPU 298/763
RAM 762/3964MB (lfb 304x4MB) SWAP 0/1982MB (cached 0MB) IRAM 0/252kB(lfb 252kB) CPU [10%@1224,8%@1224,1%@1224,0%@1224] EMC_FREQ 0%@1600 GR3D_FREQ 0%@76 APE 25 PLL@36.5C CPU@37.5C PMIC@50C GPU@40.5C AO@45C thermal@38.75C POM_5V_IN 2039/4891 POM_5V_GPU 0/1833 POM_5V_CPU 424/762
RAM 762/3964MB (lfb 304x4MB) SWAP 0/1982MB (cached 0MB) IRAM 0/252kB(lfb 252kB) CPU [9%@1224,2%@1224,0%@1224,1%@1224] EMC_FREQ 0%@1600 GR3D_FREQ 0%@76 APE 25 PLL@36C CPU@37.5C PMIC@50C GPU@40C AO@45C thermal@39C POM_5V_IN 1790/4885 POM_5V_GPU 0/1829 POM_5V_CPU 255/761
RAM 763/3964MB (lfb 304x4MB) SWAP 0/1982MB (cached 0MB) IRAM 0/252kB(lfb 252kB) CPU [9%@1224,0%@1224,0%@1224,0%@1224] EMC_FREQ 0%@1600 GR3D_FREQ 0%@76 APE 25 PLL@36C CPU@37.5C PMIC@50C GPU@40C AO@45C thermal@38.75C POM_5V_IN 1832/4878 POM_5V_GPU 0/1825 POM_5V_CPU 255/760
RAM 763/3964MB (lfb 304x4MB) SWAP 0/1982MB (cached 0MB) IRAM 0/252kB(lfb 252kB) CPU [9%@1224,1%@1224,0%@1224,0%@1224] EMC_FREQ 0%@1600 GR3D_FREQ 0%@76 APE 25 PLL@36C CPU@37.5C PMIC@50C GPU@40C AO@45C thermal@38.75C POM_5V_IN 1750/4872 POM_5V_GPU 0/1821 POM_5V_CPU 213/759
RAM 763/3964MB (lfb 304x4MB) SWAP 0/1982MB (cached 0MB) IRAM 0/252kB(lfb 252kB) CPU [12%@1224,1%@1224,1%@1224,0%@1224] EMC_FREQ 0%@1600 GR3D_FREQ 0%@76 APE 25 PLL@36C CPU@37.5C PMIC@50C GPU@40C AO@44.5C thermal@39C POM_5V_IN 1957/4865 POM_5V_GPU 0/1817 POM_5V_CPU 425/758
RAM 763/3964MB (lfb 304x4MB) SWAP 0/1982MB (cached 0MB) IRAM 0/252kB(lfb 252kB) CPU [8%@1224,1%@1224,1%@1224,1%@1224] EMC_FREQ 0%@1600 GR3D_FREQ 0%@76 APE 25 PLL@35.5C CPU@37.5C PMIC@50C GPU@39.5C AO@45C thermal@38.75C POM_5V_IN 2209/4860 POM_5V_GPU 0/1813 POM_5V_CPU 297/757
RAM 762/3964MB (lfb 304x4MB) SWAP 0/1982MB (cached 0MB) IRAM 0/252kB(lfb 252kB) CPU [12%@1224,3%@1224,1%@1224,1%@1224] EMC_FREQ 0%@1600 GR3D_FREQ 0%@76 APE 25 PLL@35.5C CPU@37.5C PMIC@50C GPU@39.5C AO@44.5C thermal@38.75C POM_5V_IN 1875/4854 POM_5V_GPU 0/1810 POM_5V_CPU 340/756
RAM 807/3964MB (lfb 304x4MB) SWAP 0/1982MB (cached 0MB) IRAM 0/252kB(lfb 252kB) CPU [68%@1479,6%@1479,3%@1479,2%@1479] EMC_FREQ 0%@1600 GR3D_FREQ 0%@76 APE 25 PLL@36C CPU@38.5C PMIC@50C GPU@40C AO@45C thermal@39.25C POM_5V_IN 2622/4849 POM_5V_GPU 0/1806 POM_5V_CPU 1015/757
RAM 912/3964MB (lfb 302x4MB) SWAP 0/1982MB (cached 0MB) IRAM 0/252kB(lfb 252kB) CPU [78%@1479,6%@1479,5%@1479,24%@1479] EMC_FREQ 1%@1600 GR3D_FREQ 58%@76 APE 25 PLL@36.5C CPU@38C PMIC@50C GPU@37.5C AO@45C thermal@37.75C POM_5V_IN 3195/4846 POM_5V_GPU 168/1803 POM_5V_CPU 1385/758
RAM 1041/3964MB (lfb 290x4MB) SWAP 0/1982MB (cached 0MB) IRAM 0/252kB(lfb 252kB) CPU [16%@1428,47%@1428,33%@1428,21%@1428] EMC_FREQ 1%@1600 GR3D_FREQ 0%@76 APE 25 PLL@36C CPU@38C PMIC@50C GPU@38C AO@45C thermal@37.75C POM_5V_IN 2745/4841 POM_5V_GPU 168/1799 POM_5V_CPU 760/758
RAM 1084/3964MB (lfb 271x4MB) SWAP 0/1982MB (cached 0MB) IRAM 0/252kB(lfb 252kB) CPU [56%@1479,0%@1479,30%@1479,0%@1479] EMC_FREQ 1%@1600 GR3D_FREQ 0%@76 APE 25 PLL@36.5C CPU@38.5C PMIC@50C GPU@37.5C AO@45C thermal@37.75C POM_5V_IN 2989/4837 POM_5V_GPU 42/1796 POM_5V_CPU 1052/759
RAM 1212/3964MB (lfb 267x4MB) SWAP 0/1982MB (cached 0MB) IRAM 0/252kB(lfb 252kB) CPU [97%@1479,5%@1479,5%@1479,6%@1479] EMC_FREQ 1%@1600 GR3D_FREQ 0%@76 APE 25 PLL@36C CPU@38.5C PMIC@50C GPU@37.5C AO@45C thermal@38C POM_5V_IN 3111/4834 POM_5V_GPU 168/1792 POM_5V_CPU 1261/760
RAM 1347/3964MB (lfb 267x4MB) SWAP 0/1982MB (cached 0MB) IRAM 0/252kB(lfb 252kB) CPU [17%@1479,4%@1479,42%@1479,58%@1479] EMC_FREQ 2%@1600 GR3D_FREQ 48%@76 APE 25 PLL@36.5C CPU@39C PMIC@50C GPU@37.5C AO@44.5C thermal@37.75C POM_5V_IN 3111/4830 POM_5V_GPU 126/1789 POM_5V_CPU 1345/761
RAM 1476/3964MB (lfb 259x4MB) SWAP 0/1982MB (cached 0MB) IRAM 0/252kB(lfb 252kB) CPU [18%@1479,12%@1479,22%@1479,69%@1479] EMC_FREQ 2%@1600 GR3D_FREQ 56%@76 APE 25 PLL@36C CPU@39C PMIC@50C GPU@37C AO@44.5C thermal@37.75C POM_5V_IN 3153/4827 POM_5V_GPU 126/1785 POM_5V_CPU 1387/762
RAM 1488/3964MB (lfb 254x4MB) SWAP 0/1982MB (cached 0MB) IRAM 0/252kB(lfb 252kB) CPU [16%@1479,6%@1479,20%@1479,15%@1479] EMC_FREQ 2%@1600 GR3D_FREQ 0%@230 APE 25 PLL@36C CPU@38.5C PMIC@50C GPU@37C AO@44.5C thermal@37.75C POM_5V_IN 2703/4823 POM_5V_GPU 84/1782 POM_5V_CPU 1013/763
RAM 1504/3964MB (lfb 248x4MB) SWAP 0/1982MB (cached 0MB) IRAM 0/252kB(lfb 252kB) CPU [10%@1479,0%@1479,36%@1479,35%@1479] EMC_FREQ 2%@1600 GR3D_FREQ 0%@76 APE 25 PLL@35.5C CPU@38.5C PMIC@50C GPU@37C AO@45C thermal@37.75C POM_5V_IN 2745/4818 POM_5V_GPU 211/1779 POM_5V_CPU 844/763
RAM 1644/3964MB (lfb 213x4MB) SWAP 0/1982MB (cached 0MB) IRAM 0/252kB(lfb 252kB) CPU [97%@1479,2%@1479,9%@1479,7%@1479] EMC_FREQ 2%@1600 GR3D_FREQ 35%@153 APE 25 PLL@36C CPU@39C PMIC@50C GPU@37C AO@45C thermal@38C POM_5V_IN 3074/4815 POM_5V_GPU 126/1775 POM_5V_CPU 1303/764
RAM 1734/3964MB (lfb 191x4MB) SWAP 0/1982MB (cached 0MB) IRAM 0/252kB(lfb 252kB) CPU [21%@1224,3%@1224,5%@1224,50%@1224] EMC_FREQ 4%@1600 GR3D_FREQ 99%@230 APE 25 PLL@36C CPU@37.5C PMIC@50C GPU@37.5C AO@45C thermal@37.5C POM_5V_IN 2580/4810 POM_5V_GPU 549/1773 POM_5V_CPU 296/763
RAM 1734/3964MB (lfb 191x4MB) SWAP 0/1982MB (cached 0MB) IRAM 0/252kB(lfb 252kB) CPU [33%@1428,8%@1428,16%@1428,6%@1428] EMC_FREQ 5%@1600 GR3D_FREQ 60%@307 APE 25 PLL@36.5C CPU@38C PMIC@50C GPU@37C AO@44.5C thermal@37.5C POM_5V_IN 3074/4807 POM_5V_GPU 421/1770 POM_5V_CPU 842/763
RAM 1734/3964MB (lfb 191x4MB) SWAP 0/1982MB (cached 0MB) IRAM 0/252kB(lfb 252kB) CPU [49%@1479,13%@1479,9%@1479,10%@1479] EMC_FREQ 6%@1600 GR3D_FREQ 39%@307 APE 25 PLL@36.5C CPU@38C PMIC@50C GPU@37.5C AO@44.5C thermal@37.5C POM_5V_IN 3069/4803 POM_5V_GPU 421/1767 POM_5V_CPU 925/764
RAM 1758/3964MB (lfb 185x4MB) SWAP 0/1982MB (cached 0MB) IRAM 0/252kB(lfb 252kB) CPU [16%@1479,55%@1479,5%@1479,8%@1479] EMC_FREQ 5%@1600 GR3D_FREQ 0%@307 APE 25 PLL@36C CPU@37.5C PMIC@50C GPU@37C AO@44.5C thermal@37.5C POM_5V_IN 2703/4799 POM_5V_GPU 42/1764 POM_5V_CPU 971/764
RAM 1794/3964MB (lfb 176x4MB) SWAP 0/1982MB (cached 0MB) IRAM 0/252kB(lfb 252kB) CPU [0%@1479,88%@1479,2%@1479,12%@1479] EMC_FREQ 4%@1600 GR3D_FREQ 0%@76 APE 25 PLL@36.5C CPU@37.5C PMIC@50C GPU@38.5C AO@44.5C thermal@37.5C POM_5V_IN 2661/4795 POM_5V_GPU 0/1760 POM_5V_CPU 1098/765
RAM 1794/3964MB (lfb 176x4MB) SWAP 0/1982MB (cached 0MB) IRAM 0/252kB(lfb 252kB) CPU [46%@1479,0%@1479,0%@1479,54%@1479] EMC_FREQ 3%@1600 GR3D_FREQ 0%@76 APE 25 PLL@36C CPU@39C PMIC@50C GPU@37C AO@44.5C thermal@38C POM_5V_IN 2703/4790 POM_5V_GPU 42/1757 POM_5V_CPU 1056/765
RAM 1796/3964MB (lfb 175x4MB) SWAP 0/1982MB (cached 0MB) IRAM 0/252kB(lfb 252kB) CPU [86%@1479,13%@1479,0%@1479,0%@1479] EMC_FREQ 2%@1600 GR3D_FREQ 0%@76 APE 25 PLL@36C CPU@38.5C PMIC@50C GPU@38C AO@45C thermal@37.5C POM_5V_IN 2703/4786 POM_5V_GPU 0/1753 POM_5V_CPU 1140/766
RAM 1796/3964MB (lfb 175x4MB) SWAP 0/1982MB (cached 0MB) IRAM 0/252kB(lfb 252kB) CPU [48%@1479,52%@1479,0%@1479,0%@1479] EMC_FREQ 2%@1600 GR3D_FREQ 0%@76 APE 25 PLL@36C CPU@38.5C PMIC@50C GPU@37C AO@45C thermal@38C POM_5V_IN 2745/4782 POM_5V_GPU 42/1750 POM_5V_CPU 1013/767
RAM 1797/3964MB (lfb 175x4MB) SWAP 0/1982MB (cached 0MB) IRAM 0/252kB(lfb 252kB) CPU [83%@1479,16%@1479,0%@1479,0%@1479] EMC_FREQ 2%@1600 GR3D_FREQ 0%@76 APE 25 PLL@36C CPU@38.5C PMIC@50C GPU@38C AO@44.5C thermal@37.5C POM_5V_IN 2703/4778 POM_5V_GPU 0/1746 POM_5V_CPU 1140/767
RAM 1797/3964MB (lfb 174x4MB) SWAP 0/1982MB (cached 0MB) IRAM 0/252kB(lfb 252kB) CPU [41%@1479,57%@1479,5%@1479,1%@1479] EMC_FREQ 2%@1600 GR3D_FREQ 2%@76 APE 25 PLL@36.5C CPU@38C PMIC@50C GPU@37C AO@44.5C thermal@38.25C POM_5V_IN 3032/4774 POM_5V_GPU 168/1743 POM_5V_CPU 1179/768
RAM 1797/3964MB (lfb 174x4MB) SWAP 0/1982MB (cached 0MB) IRAM 0/252kB(lfb 252kB) CPU [100%@1479,0%@1479,0%@1479,0%@1479] EMC_FREQ 1%@1600 GR3D_FREQ 0%@76 APE 25 PLL@36C CPU@38.5C PMIC@50C GPU@38C AO@45C thermal@38.5C POM_5V_IN 2622/4770 POM_5V_GPU 0/1740 POM_5V_CPU 1057/769
RAM 1798/3964MB (lfb 174x4MB) SWAP 0/1982MB (cached 0MB) IRAM 0/252kB(lfb 252kB) CPU [24%@1224,0%@1224,0%@1224,0%@1224] EMC_FREQ 1%@1600 GR3D_FREQ 99%@921 APE 25 PLL@35.5C CPU@38C PMIC@50C GPU@37.5C AO@45C thermal@37.75C POM_5V_IN 2947/4766 POM_5V_GPU 1221/1739 POM_5V_CPU 168/767
RAM 1798/3964MB (lfb 174x4MB) SWAP 0/1982MB (cached 0MB) IRAM 0/252kB(lfb 252kB) CPU [1%@1224,0%@1224,0%@1224,0%@1224] EMC_FREQ 1%@1600 GR3D_FREQ 96%@921 APE 25 PLL@36C CPU@37.5C PMIC@50C GPU@37.5C AO@45C thermal@37.75C POM_5V_IN 3111/4763 POM_5V_GPU 1303/1738 POM_5V_CPU 210/766
RAM 1798/3964MB (lfb 174x4MB) SWAP 0/1982MB (cached 0MB) IRAM 0/252kB(lfb 252kB) CPU [4%@1224,0%@1224,2%@1224,0%@1224] EMC_FREQ 1%@1600 GR3D_FREQ 96%@921 APE 25 PLL@36C CPU@38C PMIC@50C GPU@37.5C AO@45.5C thermal@37.75C POM_5V_IN 3237/4760 POM_5V_GPU 1387/1737 POM_5V_CPU 210/765
RAM 1798/3964MB (lfb 174x4MB) SWAP 0/1982MB (cached 0MB) IRAM 0/252kB(lfb 252kB) CPU [28%@1479,1%@1479,2%@1479,1%@1479] EMC_FREQ 2%@1600 GR3D_FREQ 87%@921 APE 25 PLL@36.5C CPU@38C PMIC@50C GPU@37.5C AO@45.5C thermal@37.75C POM_5V_IN 3677/4758 POM_5V_GPU 1253/1736 POM_5V_CPU 710/765
RAM 1798/3964MB (lfb 174x4MB) SWAP 0/1982MB (cached 0MB) IRAM 0/252kB(lfb 252kB) CPU [28%@1224,1%@1224,2%@1224,3%@1224] EMC_FREQ 2%@1600 GR3D_FREQ 99%@921 APE 25 PLL@36C CPU@38C PMIC@50C GPU@37.5C AO@45C thermal@37.75C POM_5V_IN 3032/4755 POM_5V_GPU 1263/1735 POM_5V_CPU 168/764
RAM 1798/3964MB (lfb 174x4MB) SWAP 0/1982MB (cached 0MB) IRAM 0/252kB(lfb 252kB) CPU [1%@1224,0%@1224,0%@1224,0%@1224] EMC_FREQ 2%@1600 GR3D_FREQ 99%@921 APE 25 PLL@36C CPU@38C PMIC@50C GPU@37.5C AO@45C thermal@37.75C POM_5V_IN 3074/4751 POM_5V_GPU 1263/1734 POM_5V_CPU 168/763
RAM 1798/3964MB (lfb 174x4MB) SWAP 0/1982MB (cached 0MB) IRAM 0/252kB(lfb 252kB) CPU [8%@1224,0%@1224,0%@1224,0%@1224] EMC_FREQ 2%@1600 GR3D_FREQ 95%@921 APE 25 PLL@35.5C CPU@38C PMIC@50C GPU@37.5C AO@45.5C thermal@37.75C POM_5V_IN 3395/4749 POM_5V_GPU 1551/1734 POM_5V_CPU 167/762
RAM 1798/3964MB (lfb 174x4MB) SWAP 0/1982MB (cached 0MB) IRAM 0/252kB(lfb 252kB) CPU [25%@1479,1%@1479,1%@1479,0%@1479] EMC_FREQ 2%@1600 GR3D_FREQ 44%@921 APE 25 PLL@36C CPU@38C PMIC@50C GPU@37.5C AO@45C thermal@37.75C POM_5V_IN 3395/4746 POM_5V_GPU 1131/1733 POM_5V_CPU 628/761
RAM 1798/3964MB (lfb 174x4MB) SWAP 0/1982MB (cached 0MB) IRAM 0/252kB(lfb 252kB) CPU [29%@1224,1%@1224,2%@1224,1%@1224] EMC_FREQ 3%@1600 GR3D_FREQ 99%@921 APE 25 PLL@36C CPU@38C PMIC@50C GPU@38C AO@45C thermal@38.25C POM_5V_IN 3069/4743 POM_5V_GPU 1263/1732 POM_5V_CPU 210/760
RAM 1798/3964MB (lfb 174x4MB) SWAP 0/1982MB (cached 0MB) IRAM 0/252kB(lfb 252kB) CPU [1%@1224,0%@1224,0%@1224,0%@1224] EMC_FREQ 2%@1600 GR3D_FREQ 99%@921 APE 25 PLL@36C CPU@38C PMIC@50C GPU@38C AO@45C thermal@37.75C POM_5V_IN 3032/4739 POM_5V_GPU 1221/1731 POM_5V_CPU 168/759
RAM 1798/3964MB (lfb 174x4MB) SWAP 0/1982MB (cached 0MB) IRAM 0/252kB(lfb 252kB) CPU [7%@1224,0%@1224,0%@1224,0%@1224] EMC_FREQ 2%@1600 GR3D_FREQ 97%@921 APE 25 PLL@35.5C CPU@38C PMIC@50C GPU@38C AO@45.5C thermal@37.5C POM_5V_IN 3316/4736 POM_5V_GPU 1511/1730 POM_5V_CPU 167/758
RAM 1798/3964MB (lfb 174x4MB) SWAP 0/1982MB (cached 0MB) IRAM 0/252kB(lfb 252kB) CPU [28%@1479,0%@1479,1%@1479,0%@1479] EMC_FREQ 2%@1600 GR3D_FREQ 0%@921 APE 25 PLL@36.5C CPU@39C PMIC@50C GPU@38C AO@45C thermal@37.75C POM_5V_IN 3316/4734 POM_5V_GPU 881/1729 POM_5V_CPU 755/758
RAM 1798/3964MB (lfb 174x4MB) SWAP 0/1982MB (cached 0MB) IRAM 0/252kB(lfb 252kB) CPU [27%@1224,2%@1224,0%@1224,1%@1224] EMC_FREQ 3%@1600 GR3D_FREQ 97%@921 APE 25 PLL@36C CPU@38C PMIC@50C GPU@37.5C AO@45C thermal@37.75C POM_5V_IN 3111/4731 POM_5V_GPU 1263/1728 POM_5V_CPU 168/757
RAM 1798/3964MB (lfb 174x4MB) SWAP 0/1982MB (cached 0MB) IRAM 0/252kB(lfb 252kB) CPU [1%@1224,0%@1224,0%@1224,0%@1224] EMC_FREQ 2%@1600 GR3D_FREQ 98%@921 APE 25 PLL@36C CPU@38C PMIC@50C GPU@37.5C AO@45C thermal@37.75C POM_5V_IN 3074/4727 POM_5V_GPU 1263/1727 POM_5V_CPU 210/756
RAM 1798/3964MB (lfb 174x4MB) SWAP 0/1982MB (cached 0MB) IRAM 0/252kB(lfb 252kB) CPU [7%@1224,0%@1224,0%@1224,0%@1224] EMC_FREQ 2%@1600 GR3D_FREQ 95%@921 APE 25 PLL@36C CPU@38C PMIC@50C GPU@37.5C AO@46C thermal@37.75C POM_5V_IN 3358/4725 POM_5V_GPU 1553/1726 POM_5V_CPU 209/755
RAM 1798/3964MB (lfb 174x4MB) SWAP 0/1982MB (cached 0MB) IRAM 0/252kB(lfb 252kB) CPU [25%@1479,1%@1479,0%@1479,1%@1479] EMC_FREQ 2%@1600 GR3D_FREQ 0%@921 APE 25 PLL@36C CPU@37.5C PMIC@50C GPU@37.5C AO@45.5C thermal@37.75C POM_5V_IN 3395/4722 POM_5V_GPU 1048/1725 POM_5V_CPU 670/755
RAM 1798/3964MB (lfb 174x4MB) SWAP 0/1982MB (cached 0MB) IRAM 0/252kB(lfb 252kB) CPU [29%@1224,1%@1224,1%@1224,0%@1224] EMC_FREQ 3%@1600 GR3D_FREQ 99%@921 APE 25 PLL@36C CPU@37.5C PMIC@50C GPU@37.5C AO@45.5C thermal@38C POM_5V_IN 2989/4719 POM_5V_GPU 1221/1724 POM_5V_CPU 168/753
RAM 1798/3964MB (lfb 174x4MB) SWAP 0/1982MB (cached 0MB) IRAM 0/252kB(lfb 252kB) CPU [0%@1224,0%@1224,0%@1224,0%@1224] EMC_FREQ 2%@1600 GR3D_FREQ 99%@921 APE 25 PLL@36C CPU@38C PMIC@50C GPU@37.5C AO@45C thermal@37.5C POM_5V_IN 2989/4715 POM_5V_GPU 1221/1723 POM_5V_CPU 168/752
RAM 1798/3964MB (lfb 174x4MB) SWAP 0/1982MB (cached 0MB) IRAM 0/252kB(lfb 252kB) CPU [8%@1224,0%@1224,0%@1224,0%@1224] EMC_FREQ 2%@1600 GR3D_FREQ 99%@921 APE 25 PLL@36C CPU@37.5C PMIC@50C GPU@37.5C AO@45C thermal@37.5C POM_5V_IN 3032/4712 POM_5V_GPU 1263/1722 POM_5V_CPU 168/751
RAM 1798/3964MB (lfb 174x4MB) SWAP 0/1982MB (cached 0MB) IRAM 0/252kB(lfb 252kB) CPU [22%@1224,1%@1224,0%@1224,0%@1224] EMC_FREQ 2%@1600 GR3D_FREQ 99%@921 APE 25 PLL@36C CPU@38C PMIC@50C GPU@37.5C AO@45C thermal@38C POM_5V_IN 3437/4710 POM_5V_GPU 1425/1722 POM_5V_CPU 335/750
RAM 1798/3964MB (lfb 174x4MB) SWAP 0/1982MB (cached 0MB) IRAM 0/252kB(lfb 252kB) CPU [28%@1224,2%@1224,1%@1224,6%@1224] EMC_FREQ 3%@1600 GR3D_FREQ 99%@921 APE 25 PLL@36C CPU@38C PMIC@50C GPU@37.5C AO@45C thermal@38.25C POM_5V_IN 2989/4706 POM_5V_GPU 1221/1721 POM_5V_CPU 168/749
RAM 1798/3964MB (lfb 174x4MB) SWAP 0/1982MB (cached 0MB) IRAM 0/252kB(lfb 252kB) CPU [0%@1224,0%@1224,0%@1224,0%@1224] EMC_FREQ 2%@1600 GR3D_FREQ 99%@921 APE 25 PLL@35.5C CPU@38C PMIC@50C GPU@37.5C AO@45C thermal@37.75C POM_5V_IN 3032/4703 POM_5V_GPU 1263/1720 POM_5V_CPU 168/748
RAM 1798/3964MB (lfb 174x4MB) SWAP 0/1982MB (cached 0MB) IRAM 0/252kB(lfb 252kB) CPU [7%@1224,0%@1224,0%@1224,0%@1224] EMC_FREQ 2%@1600 GR3D_FREQ 99%@921 APE 25 PLL@36C CPU@38C PMIC@50C GPU@37.5C AO@45C thermal@37.75C POM_5V_IN 3032/4700 POM_5V_GPU 1263/1719 POM_5V_CPU 168/747
RAM 1798/3964MB (lfb 174x4MB) SWAP 0/1982MB (cached 0MB) IRAM 0/252kB(lfb 252kB) CPU [23%@1224,1%@1224,0%@1224,1%@1224] EMC_FREQ 2%@1600 GR3D_FREQ 99%@921 APE 25 PLL@36C CPU@38C PMIC@50C GPU@37.5C AO@45.5C thermal@37.75C POM_5V_IN 3395/4698 POM_5V_GPU 1425/1719 POM_5V_CPU 335/746
RAM 1798/3964MB (lfb 174x4MB) SWAP 0/1982MB (cached 0MB) IRAM 0/252kB(lfb 252kB) CPU [25%@1224,0%@1224,8%@1224,0%@1224] EMC_FREQ 3%@1600 GR3D_FREQ 99%@921 APE 25 PLL@36C CPU@37.5C PMIC@50C GPU@37.5C AO@45C thermal@37.75C POM_5V_IN 2989/4694 POM_5V_GPU 1221/1718 POM_5V_CPU 168/745
RAM 1798/3964MB (lfb 174x4MB) SWAP 0/1982MB (cached 0MB) IRAM 0/252kB(lfb 252kB) CPU [1%@1224,0%@1224,0%@1224,0%@1224] EMC_FREQ 2%@1600 GR3D_FREQ 99%@921 APE 25 PLL@35.5C CPU@38.5C PMIC@50C GPU@37.5C AO@45C thermal@37.75C POM_5V_IN 2989/4691 POM_5V_GPU 1221/1717 POM_5V_CPU 168/744
RAM 1798/3964MB (lfb 174x4MB) SWAP 0/1982MB (cached 0MB) IRAM 0/252kB(lfb 252kB) CPU [7%@1224,0%@1224,0%@1224,0%@1224] EMC_FREQ 2%@1600 GR3D_FREQ 98%@921 APE 25 PLL@36C CPU@38C PMIC@50C GPU@37C AO@45.5C thermal@37.5C POM_5V_IN 3395/4689 POM_5V_GPU 1551/1716 POM_5V_CPU 167/743
RAM 1798/3964MB (lfb 174x4MB) SWAP 0/1982MB (cached 0MB) IRAM 0/252kB(lfb 252kB) CPU [23%@1479,1%@1479,1%@1479,1%@1479] EMC_FREQ 2%@1600 GR3D_FREQ 99%@921 APE 25 PLL@36C CPU@38C PMIC@50C GPU@37C AO@45C thermal@37.25C POM_5V_IN 3316/4686 POM_5V_GPU 1133/1715 POM_5V_CPU 503/742
RAM 1798/3964MB (lfb 174x4MB) SWAP 0/1982MB (cached 0MB) IRAM 0/252kB(lfb 252kB) CPU [30%@1224,1%@1224,1%@1224,1%@1224] EMC_FREQ 3%@1600 GR3D_FREQ 96%@921 APE 25 PLL@36C CPU@37.5C PMIC@50C GPU@37.5C AO@45.5C thermal@37.75C POM_5V_IN 3111/4683 POM_5V_GPU 1261/1714 POM_5V_CPU 168/741
RAM 1798/3964MB (lfb 174x4MB) SWAP 0/1982MB (cached 0MB) IRAM 0/252kB(lfb 252kB) CPU [2%@1224,0%@1224,0%@1224,0%@1224] EMC_FREQ 2%@1600 GR3D_FREQ 99%@921 APE 25 PLL@36C CPU@38C PMIC@50C GPU@37.5C AO@45C thermal@37.5C POM_5V_IN 3074/4680 POM_5V_GPU 1263/1713 POM_5V_CPU 168/740
RAM 1798/3964MB (lfb 174x4MB) SWAP 0/1982MB (cached 0MB) IRAM 0/252kB(lfb 252kB) CPU [8%@1224,0%@1224,0%@1224,0%@1224] EMC_FREQ 2%@1600 GR3D_FREQ 99%@921 APE 25 PLL@36C CPU@37.5C PMIC@50C GPU@37.5C AO@45C thermal@37.5C POM_5V_IN 3232/4677 POM_5V_GPU 1385/1713 POM_5V_CPU 209/739
RAM 1798/3964MB (lfb 174x4MB) SWAP 0/1982MB (cached 0MB) IRAM 0/252kB(lfb 252kB) CPU [28%@1479,1%@1479,0%@1479,1%@1479] EMC_FREQ 2%@1600 GR3D_FREQ 0%@921 APE 25 PLL@36C CPU@38.5C PMIC@50C GPU@37C AO@45C thermal@38C POM_5V_IN 2989/4674 POM_5V_GPU 589/1711 POM_5V_CPU 715/739
RAM 1798/3964MB (lfb 174x4MB) SWAP 0/1982MB (cached 0MB) IRAM 0/252kB(lfb 252kB) CPU [25%@1224,1%@1224,1%@1224,0%@1224] EMC_FREQ 3%@1600 GR3D_FREQ 99%@921 APE 25 PLL@35.5C CPU@37.5C PMIC@50C GPU@37.5C AO@45C thermal@37.5C POM_5V_IN 3032/4671 POM_5V_GPU 1263/1710 POM_5V_CPU 168/738
RAM 1798/3964MB (lfb 174x4MB) SWAP 0/1982MB (cached 0MB) IRAM 0/252kB(lfb 252kB) CPU [2%@1224,0%@1224,0%@1224,0%@1224] EMC_FREQ 2%@1600 GR3D_FREQ 99%@921 APE 25 PLL@35.5C CPU@37.5C PMIC@50C GPU@37.5C AO@45C thermal@37.5C POM_5V_IN 2989/4668 POM_5V_GPU 1221/1709 POM_5V_CPU 168/737
RAM 1798/3964MB (lfb 174x4MB) SWAP 0/1982MB (cached 0MB) IRAM 0/252kB(lfb 252kB) CPU [7%@1224,0%@1224,0%@1224,0%@1224] EMC_FREQ 2%@1600 GR3D_FREQ 97%@921 APE 25 PLL@35.5C CPU@37.5C PMIC@50C GPU@37.5C AO@45C thermal@37.5C POM_5V_IN 3232/4665 POM_5V_GPU 1427/1708 POM_5V_CPU 209/736
RAM 1798/3964MB (lfb 174x4MB) SWAP 0/1982MB (cached 0MB) IRAM 0/252kB(lfb 252kB) CPU [27%@1479,1%@1479,1%@1479,0%@1479] EMC_FREQ 2%@1600 GR3D_FREQ 0%@921 APE 25 PLL@36C CPU@38C PMIC@50C GPU@37C AO@45C thermal@37.5C POM_5V_IN 3111/4662 POM_5V_GPU 797/1707 POM_5V_CPU 713/736
RAM 1798/3964MB (lfb 174x4MB) SWAP 0/1982MB (cached 0MB) IRAM 0/252kB(lfb 252kB) CPU [30%@1224,1%@1224,1%@1224,1%@1224] EMC_FREQ 3%@1600 GR3D_FREQ 99%@921 APE 25 PLL@35.5C CPU@38C PMIC@50C GPU@37.5C AO@44.5C thermal@37.75C POM_5V_IN 2989/4659 POM_5V_GPU 1221/1706 POM_5V_CPU 168/735
RAM 1798/3964MB (lfb 174x4MB) SWAP 0/1982MB (cached 0MB) IRAM 0/252kB(lfb 252kB) CPU [1%@1224,0%@1224,0%@1224,0%@1224] EMC_FREQ 2%@1600 GR3D_FREQ 99%@921 APE 25 PLL@35.5C CPU@38C PMIC@50C GPU@37.5C AO@45C thermal@37.5C POM_5V_IN 2989/4656 POM_5V_GPU 1221/1705 POM_5V_CPU 168/734
RAM 1798/3964MB (lfb 174x4MB) SWAP 0/1982MB (cached 0MB) IRAM 0/252kB(lfb 252kB) CPU [8%@1224,0%@1224,0%@1224,0%@1224] EMC_FREQ 2%@1600 GR3D_FREQ 99%@921 APE 25 PLL@35.5C CPU@37.5C PMIC@50C GPU@37.5C AO@45C thermal@37.25C POM_5V_IN 3032/4653 POM_5V_GPU 1263/1704 POM_5V_CPU 168/733
RAM 1798/3964MB (lfb 174x4MB) SWAP 0/1982MB (cached 0MB) IRAM 0/252kB(lfb 252kB) CPU [22%@1224,1%@1224,1%@1224,0%@1224] EMC_FREQ 2%@1600 GR3D_FREQ 96%@921 APE 25 PLL@35.5C CPU@38C PMIC@50C GPU@37.5C AO@45C thermal@37.75C POM_5V_IN 3599/4651 POM_5V_GPU 1506/1704 POM_5V_CPU 418/732
RAM 1798/3964MB (lfb 174x4MB) SWAP 0/1982MB (cached 0MB) IRAM 0/252kB(lfb 252kB) CPU [26%@1224,1%@1224,1%@1224,6%@1224] EMC_FREQ 3%@1600 GR3D_FREQ 99%@921 APE 25 PLL@35.5C CPU@37.5C PMIC@50C GPU@37.5C AO@44.5C thermal@37.75C POM_5V_IN 3032/4648 POM_5V_GPU 1221/1703 POM_5V_CPU 168/731
RAM 1798/3964MB (lfb 174x4MB) SWAP 0/1982MB (cached 0MB) IRAM 0/252kB(lfb 252kB) CPU [1%@1224,0%@1224,0%@1224,0%@1224] EMC_FREQ 2%@1600 GR3D_FREQ 99%@921 APE 25 PLL@35.5C CPU@37.5C PMIC@50C GPU@37.5C AO@45C thermal@37.5C POM_5V_IN 3111/4645 POM_5V_GPU 1261/1702 POM_5V_CPU 210/730
RAM 1798/3964MB (lfb 174x4MB) SWAP 0/1982MB (cached 0MB) IRAM 0/252kB(lfb 252kB) CPU [7%@1224,0%@1224,0%@1224,0%@1224] EMC_FREQ 2%@1600 GR3D_FREQ 99%@921 APE 25 PLL@35.5C CPU@37.5C PMIC@50C GPU@37.5C AO@45C thermal@37.5C POM_5V_IN 3032/4642 POM_5V_GPU 1263/1701 POM_5V_CPU 168/729
RAM 1798/3964MB (lfb 174x4MB) SWAP 0/1982MB (cached 0MB) IRAM 0/252kB(lfb 252kB) CPU [20%@1479,2%@1479,2%@1479,0%@1479] EMC_FREQ 2%@1600 GR3D_FREQ 41%@921 APE 25 PLL@35.5C CPU@38C PMIC@50C GPU@37.5C AO@45C thermal@37.5C POM_5V_IN 3719/4641 POM_5V_GPU 1211/1700 POM_5V_CPU 794/729
RAM 1798/3964MB (lfb 174x4MB) SWAP 0/1982MB (cached 0MB) IRAM 0/252kB(lfb 252kB) CPU [33%@1224,1%@1224,1%@1224,0%@1224] EMC_FREQ 3%@1600 GR3D_FREQ 99%@921 APE 25 PLL@35.5C CPU@38C PMIC@50C GPU@37.5C AO@45C thermal@37.75C POM_5V_IN 3032/4638 POM_5V_GPU 1179/1699 POM_5V_CPU 252/729
RAM 1798/3964MB (lfb 174x4MB) SWAP 0/1982MB (cached 0MB) IRAM 0/252kB(lfb 252kB) CPU [1%@1224,0%@1224,0%@1224,0%@1224] EMC_FREQ 2%@1600 GR3D_FREQ 99%@921 APE 25 PLL@35.5C CPU@37.5C PMIC@50C GPU@37.5C AO@45C thermal@37.75C POM_5V_IN 3069/4635 POM_5V_GPU 1263/1699 POM_5V_CPU 168/728
RAM 1798/3964MB (lfb 174x4MB) SWAP 0/1982MB (cached 0MB) IRAM 0/252kB(lfb 252kB) CPU [8%@1224,0%@1224,0%@1224,0%@1224] EMC_FREQ 2%@1600 GR3D_FREQ 99%@921 APE 25 PLL@35.5C CPU@37.5C PMIC@50C GPU@37.5C AO@45.5C thermal@37.5C POM_5V_IN 3032/4632 POM_5V_GPU 1263/1698 POM_5V_CPU 168/727
RAM 1798/3964MB (lfb 174x4MB) SWAP 0/1982MB (cached 0MB) IRAM 0/252kB(lfb 252kB) CPU [15%@1479,1%@1479,0%@1479,0%@1479] EMC_FREQ 2%@1600 GR3D_FREQ 17%@921 APE 25 PLL@36C CPU@38.5C PMIC@50C GPU@37.5C AO@45.5C thermal@37.75C POM_5V_IN 3557/4630 POM_5V_GPU 1295/1697 POM_5V_CPU 668/726
RAM 1798/3964MB (lfb 174x4MB) SWAP 0/1982MB (cached 0MB) IRAM 0/252kB(lfb 252kB) CPU [35%@1224,1%@1224,3%@1224,1%@1224] EMC_FREQ 3%@1600 GR3D_FREQ 99%@921 APE 25 PLL@36C CPU@38C PMIC@50C GPU@37.5C AO@45C thermal@37.75C POM_5V_IN 3032/4627 POM_5V_GPU 1179/1696 POM_5V_CPU 252/726
RAM 1798/3964MB (lfb 174x4MB) SWAP 0/1982MB (cached 0MB) IRAM 0/252kB(lfb 252kB) CPU [2%@1224,0%@1224,0%@1224,0%@1224] EMC_FREQ 2%@1600 GR3D_FREQ 99%@921 APE 25 PLL@36C CPU@37.5C PMIC@50C GPU@37.5C AO@44.5C thermal@37.75C POM_5V_IN 3032/4624 POM_5V_GPU 1263/1695 POM_5V_CPU 168/725
RAM 1798/3964MB (lfb 174x4MB) SWAP 0/1982MB (cached 0MB) IRAM 0/252kB(lfb 252kB) CPU [8%@1224,0%@1224,0%@1224,0%@1224] EMC_FREQ 2%@1600 GR3D_FREQ 99%@921 APE 25 PLL@36C CPU@37.5C PMIC@50C GPU@37.5C AO@45C thermal@37.5C POM_5V_IN 3032/4621 POM_5V_GPU 1263/1695 POM_5V_CPU 168/724
RAM 1798/3964MB (lfb 174x4MB) SWAP 0/1982MB (cached 0MB) IRAM 0/252kB(lfb 252kB) CPU [14%@1224,2%@1224,0%@1224,0%@1224] EMC_FREQ 2%@1600 GR3D_FREQ 58%@921 APE 25 PLL@36.5C CPU@38C PMIC@50C GPU@38C AO@45.5C thermal@37.75C POM_5V_IN 3719/4620 POM_5V_GPU 1504/1694 POM_5V_CPU 543/723
RAM 1798/3964MB (lfb 174x4MB) SWAP 0/1982MB (cached 0MB) IRAM 0/252kB(lfb 252kB) CPU [36%@1224,1%@1224,0%@1224,2%@1224] EMC_FREQ 3%@1600 GR3D_FREQ 96%@921 APE 25 PLL@36C CPU@38C PMIC@50C GPU@37.5C AO@45.5C thermal@37.75C POM_5V_IN 3353/4617 POM_5V_GPU 1341/1694 POM_5V_CPU 335/722
RAM 1798/3964MB (lfb 174x4MB) SWAP 0/1982MB (cached 0MB) IRAM 0/252kB(lfb 252kB) CPU [5%@1479,0%@1479,0%@1479,0%@1479] EMC_FREQ 2%@1600 GR3D_FREQ 61%@921 APE 25 PLL@36C CPU@38C PMIC@50C GPU@37.5C AO@45C thermal@37.75C POM_5V_IN 3153/4615 POM_5V_GPU 967/1692 POM_5V_CPU 546/722
RAM 1798/3964MB (lfb 174x4MB) SWAP 0/1982MB (cached 0MB) IRAM 0/252kB(lfb 252kB) CPU [23%@1224,1%@1224,1%@1224,0%@1224] EMC_FREQ 3%@1600 GR3D_FREQ 99%@921 APE 25 PLL@36C CPU@38C PMIC@50C GPU@38C AO@45.5C thermal@37.75C POM_5V_IN 3599/4613 POM_5V_GPU 1464/1692 POM_5V_CPU 418/722
RAM 1798/3964MB (lfb 174x4MB) SWAP 0/1982MB (cached 0MB) IRAM 0/252kB(lfb 252kB) CPU [26%@1224,1%@1224,6%@1224,1%@1224] EMC_FREQ 3%@1600 GR3D_FREQ 99%@921 APE 25 PLL@36C CPU@38C PMIC@50C GPU@37.5C AO@45C thermal@38C POM_5V_IN 3032/4610 POM_5V_GPU 1221/1691 POM_5V_CPU 210/721
RAM 1798/3964MB (lfb 174x4MB) SWAP 0/1982MB (cached 0MB) IRAM 0/252kB(lfb 252kB) CPU [1%@1224,0%@1224,0%@1224,0%@1224] EMC_FREQ 2%@1600 GR3D_FREQ 96%@921 APE 25 PLL@35.5C CPU@38C PMIC@50C GPU@37.5C AO@45C thermal@37.75C POM_5V_IN 3032/4607 POM_5V_GPU 1221/1690 POM_5V_CPU 168/720
RAM 1798/3964MB (lfb 174x4MB) SWAP 0/1982MB (cached 0MB) IRAM 0/252kB(lfb 252kB) CPU [7%@1224,0%@1224,0%@1224,0%@1224] EMC_FREQ 2%@1600 GR3D_FREQ 99%@921 APE 25 PLL@36C CPU@38C PMIC@50C GPU@37.5C AO@45C thermal@37.5C POM_5V_IN 3032/4604 POM_5V_GPU 1263/1689 POM_5V_CPU 168/719
RAM 1798/3964MB (lfb 174x4MB) SWAP 0/1982MB (cached 0MB) IRAM 0/252kB(lfb 252kB) CPU [21%@1224,1%@1224,0%@1224,2%@1224] EMC_FREQ 2%@1600 GR3D_FREQ 70%@921 APE 25 PLL@36C CPU@38C PMIC@50C GPU@37.5C AO@45.5C thermal@37.75C POM_5V_IN 3719/4603 POM_5V_GPU 1420/1689 POM_5V_CPU 585/718
RAM 1798/3964MB (lfb 174x4MB) SWAP 0/1982MB (cached 0MB) IRAM 0/252kB(lfb 252kB) CPU [26%@1224,8%@1224,1%@1224,0%@1224] EMC_FREQ 3%@1600 GR3D_FREQ 99%@921 APE 25 PLL@35.5C CPU@38C PMIC@50C GPU@37.5C AO@45C thermal@38C POM_5V_IN 3153/4600 POM_5V_GPU 1303/1688 POM_5V_CPU 252/718
RAM 1798/3964MB (lfb 174x4MB) SWAP 0/1982MB (cached 0MB) IRAM 0/252kB(lfb 252kB) CPU [0%@1224,0%@1224,0%@1224,0%@1224] EMC_FREQ 2%@1600 GR3D_FREQ 96%@921 APE 25 PLL@36C CPU@38C PMIC@50C GPU@37.5C AO@45C thermal@38C POM_5V_IN 3074/4598 POM_5V_GPU 1263/1687 POM_5V_CPU 210/717
RAM 1798/3964MB (lfb 174x4MB) SWAP 0/1982MB (cached 0MB) IRAM 0/252kB(lfb 252kB) CPU [8%@1224,0%@1224,0%@1224,0%@1224] EMC_FREQ 2%@1600 GR3D_FREQ 99%@921 APE 25 PLL@35.5C CPU@38C PMIC@50C GPU@37.5C AO@45.5C thermal@37.75C POM_5V_IN 3195/4595 POM_5V_GPU 1303/1687 POM_5V_CPU 210/716
RAM 1798/3964MB (lfb 174x4MB) SWAP 0/1982MB (cached 0MB) IRAM 0/252kB(lfb 252kB) CPU [15%@1224,1%@1224,0%@1224,1%@1224] EMC_FREQ 2%@1600 GR3D_FREQ 69%@921 APE 25 PLL@36C CPU@38C PMIC@50C GPU@38C AO@45.5C thermal@37.75C POM_5V_IN 3635/4593 POM_5V_GPU 1462/1686 POM_5V_CPU 501/715
RAM 1798/3964MB (lfb 174x4MB) SWAP 0/1982MB (cached 0MB) IRAM 0/252kB(lfb 252kB) CPU [34%@1224,1%@1224,4%@1224,1%@1224] EMC_FREQ 3%@1600 GR3D_FREQ 99%@921 APE 25 PLL@36C CPU@38C PMIC@50C GPU@37.5C AO@45C thermal@38C POM_5V_IN 3195/4591 POM_5V_GPU 1051/1685 POM_5V_CPU 504/715
RAM 1798/3964MB (lfb 174x4MB) SWAP 0/1982MB (cached 0MB) IRAM 0/252kB(lfb 252kB) CPU [0%@1224,0%@1224,0%@1224,0%@1224] EMC_FREQ 2%@1600 GR3D_FREQ 99%@921 APE 25 PLL@36C CPU@38C PMIC@50C GPU@37.5C AO@45C thermal@37.75C POM_5V_IN 3032/4588 POM_5V_GPU 1263/1685 POM_5V_CPU 168/714
RAM 1798/3964MB (lfb 174x4MB) SWAP 0/1982MB (cached 0MB) IRAM 0/252kB(lfb 252kB) CPU [8%@1326,0%@1326,0%@1326,0%@1326] EMC_FREQ 2%@1600 GR3D_FREQ 18%@921 APE 25 PLL@36C CPU@38C PMIC@50C GPU@38C AO@45C thermal@37.75C POM_5V_IN 3316/4586 POM_5V_GPU 1091/1683 POM_5V_CPU 503/714
RAM 1798/3964MB (lfb 174x4MB) SWAP 0/1982MB (cached 0MB) IRAM 0/252kB(lfb 252kB) CPU [4%@1224,0%@1224,0%@1224,0%@1224] EMC_FREQ 2%@1600 GR3D_FREQ 99%@921 APE 25 PLL@36C CPU@38C PMIC@50C GPU@37.5C AO@46C thermal@38C POM_5V_IN 3474/4584 POM_5V_GPU 1713/1684 POM_5V_CPU 209/713
RAM 1798/3964MB (lfb 174x4MB) SWAP 0/1982MB (cached 0MB) IRAM 0/252kB(lfb 252kB) CPU [38%@1224,1%@1224,1%@1224,2%@1224] EMC_FREQ 3%@1600 GR3D_FREQ 74%@921 APE 25 PLL@36.5C CPU@38.5C PMIC@50C GPU@38C AO@45.5C thermal@38.25C POM_5V_IN 3916/4583 POM_5V_GPU 1418/1683 POM_5V_CPU 791/713
RAM 1798/3964MB (lfb 174x4MB) SWAP 0/1982MB (cached 0MB) IRAM 0/252kB(lfb 252kB) CPU [9%@1224,0%@1224,0%@1224,0%@1224] EMC_FREQ 2%@1600 GR3D_FREQ 99%@921 APE 25 PLL@35.5C CPU@38C PMIC@50C GPU@37C AO@45C thermal@37.5C POM_5V_IN 2989/4580 POM_5V_GPU 1221/1682 POM_5V_CPU 168/712
RAM 1798/3964MB (lfb 174x4MB) SWAP 0/1982MB (cached 0MB) IRAM 0/252kB(lfb 252kB) CPU [1%@1224,0%@1224,0%@1224,0%@1224] EMC_FREQ 2%@1600 GR3D_FREQ 99%@921 APE 25 PLL@36C CPU@38C PMIC@50C GPU@38C AO@45.5C thermal@37.75C POM_5V_IN 3074/4577 POM_5V_GPU 1261/1682 POM_5V_CPU 210/711
RAM 1798/3964MB (lfb 174x4MB) SWAP 0/1982MB (cached 0MB) IRAM 0/252kB(lfb 252kB) CPU [7%@1224,0%@1224,0%@1224,0%@1224] EMC_FREQ 2%@1600 GR3D_FREQ 99%@921 APE 25 PLL@35.5C CPU@38C PMIC@50C GPU@37.5C AO@45C thermal@37.75C POM_5V_IN 3153/4575 POM_5V_GPU 1303/1681 POM_5V_CPU 210/710
RAM 1798/3964MB (lfb 174x4MB) SWAP 0/1982MB (cached 0MB) IRAM 0/252kB(lfb 252kB) CPU [27%@1479,0%@1479,1%@1479,0%@1479] EMC_FREQ 2%@1600 GR3D_FREQ 11%@921 APE 25 PLL@35.5C CPU@38C PMIC@50C GPU@37C AO@45C thermal@37.75C POM_5V_IN 3195/4572 POM_5V_GPU 797/1679 POM_5V_CPU 713/710
RAM 1798/3964MB (lfb 174x4MB) SWAP 0/1982MB (cached 0MB) IRAM 0/252kB(lfb 252kB) CPU [25%@1224,0%@1224,1%@1224,0%@1224] EMC_FREQ 3%@1600 GR3D_FREQ 99%@921 APE 25 PLL@36C CPU@38C PMIC@50C GPU@37.5C AO@45C thermal@37.75C POM_5V_IN 2989/4570 POM_5V_GPU 1221/1679 POM_5V_CPU 168/709
RAM 1798/3964MB (lfb 174x4MB) SWAP 0/1982MB (cached 0MB) IRAM 0/252kB(lfb 252kB) CPU [0%@1224,0%@1224,0%@1224,0%@1224] EMC_FREQ 2%@1600 GR3D_FREQ 99%@921 APE 25 PLL@35.5C CPU@38C PMIC@50C GPU@37C AO@45C thermal@37.5C POM_5V_IN 3032/4567 POM_5V_GPU 1263/1678 POM_5V_CPU 210/708
RAM 1798/3964MB (lfb 174x4MB) SWAP 0/1982MB (cached 0MB) IRAM 0/252kB(lfb 252kB) CPU [8%@1224,0%@1224,0%@1224,0%@1224] EMC_FREQ 2%@1600 GR3D_FREQ 98%@921 APE 25 PLL@35.5C CPU@38C PMIC@50C GPU@37.5C AO@45.5C thermal@37.75C POM_5V_IN 3353/4565 POM_5V_GPU 1553/1678 POM_5V_CPU 167/708
RAM 1798/3964MB (lfb 174x4MB) SWAP 0/1982MB (cached 0MB) IRAM 0/252kB(lfb 252kB) CPU [21%@1224,3%@1224,0%@1224,0%@1224] EMC_FREQ 2%@1600 GR3D_FREQ 99%@921 APE 25 PLL@36C CPU@38C PMIC@50C GPU@37.5C AO@45C thermal@37.75C POM_5V_IN 3358/4563 POM_5V_GPU 1301/1677 POM_5V_CPU 377/707
RAM 1798/3964MB (lfb 174x4MB) SWAP 0/1982MB (cached 0MB) IRAM 0/252kB(lfb 252kB) CPU [31%@1224,1%@1224,1%@1224,2%@1224] EMC_FREQ 3%@1600 GR3D_FREQ 99%@921 APE 25 PLL@35.5C CPU@37.5C PMIC@50C GPU@37.5C AO@45C thermal@37.75C POM_5V_IN 3074/4560 POM_5V_GPU 1263/1676 POM_5V_CPU 210/706
RAM 1798/3964MB (lfb 174x4MB) SWAP 0/1982MB (cached 0MB) IRAM 0/252kB(lfb 252kB) CPU [9%@1224,0%@1224,0%@1224,0%@1224] EMC_FREQ 2%@1600 GR3D_FREQ 99%@921 APE 25 PLL@35.5C CPU@38C PMIC@50C GPU@37.5C AO@45C thermal@37.75C POM_5V_IN 3153/4558 POM_5V_GPU 1345/1676 POM_5V_CPU 168/705
RAM 1798/3964MB (lfb 174x4MB) SWAP 0/1982MB (cached 0MB) IRAM 0/252kB(lfb 252kB) CPU [37%@1326,1%@1326,1%@1326,1%@1326] EMC_FREQ 3%@1600 GR3D_FREQ 50%@921 APE 25 PLL@35.5C CPU@38.5C PMIC@50C GPU@37.5C AO@45.5C thermal@37.75C POM_5V_IN 3880/4557 POM_5V_GPU 1418/1675 POM_5V_CPU 708/705
RAM 1798/3964MB (lfb 174x4MB) SWAP 0/1982MB (cached 0MB) IRAM 0/252kB(lfb 252kB) CPU [17%@1224,1%@1224,1%@1224,0%@1224] EMC_FREQ 3%@1600 GR3D_FREQ 96%@921 APE 25 PLL@35.5C CPU@38C PMIC@50C GPU@37C AO@45C thermal@37.25C POM_5V_IN 3069/4554 POM_5V_GPU 1263/1674 POM_5V_CPU 210/704
RAM 1798/3964MB (lfb 174x4MB) SWAP 0/1982MB (cached 0MB) IRAM 0/252kB(lfb 252kB) CPU [2%@1224,0%@1224,0%@1224,0%@1224] EMC_FREQ 2%@1600 GR3D_FREQ 96%@921 APE 25 PLL@35.5C CPU@37.5C PMIC@50C GPU@37C AO@45C thermal@37.5C POM_5V_IN 3069/4551 POM_5V_GPU 1263/1674 POM_5V_CPU 168/703
RAM 1798/3964MB (lfb 174x4MB) SWAP 0/1982MB (cached 0MB) IRAM 0/252kB(lfb 252kB) CPU [7%@1224,0%@1224,0%@1224,0%@1224] EMC_FREQ 2%@1600 GR3D_FREQ 95%@921 APE 25 PLL@35.5C CPU@38C PMIC@50C GPU@37.5C AO@45C thermal@37.5C POM_5V_IN 3274/4549 POM_5V_GPU 1385/1673 POM_5V_CPU 293/703
RAM 1798/3964MB (lfb 174x4MB) SWAP 0/1982MB (cached 0MB) IRAM 0/252kB(lfb 252kB) CPU [33%@1224,1%@1224,1%@1224,0%@1224] EMC_FREQ 3%@1600 GR3D_FREQ 92%@921 APE 25 PLL@35.5C CPU@38C PMIC@50C GPU@37.5C AO@45C thermal@37.5C POM_5V_IN 3797/4548 POM_5V_GPU 1462/1673 POM_5V_CPU 584/702
RAM 1798/3964MB (lfb 174x4MB) SWAP 0/1982MB (cached 0MB) IRAM 0/252kB(lfb 252kB) CPU [15%@1224,3%@1224,1%@1224,3%@1224] EMC_FREQ 3%@1600 GR3D_FREQ 99%@921 APE 25 PLL@35.5C CPU@38C PMIC@50C GPU@37C AO@45C thermal@37.75C POM_5V_IN 2989/4545 POM_5V_GPU 1221/1672 POM_5V_CPU 210/702
RAM 1798/3964MB (lfb 174x4MB) SWAP 0/1982MB (cached 0MB) IRAM 0/252kB(lfb 252kB) CPU [1%@1224,0%@1224,0%@1224,0%@1224] EMC_FREQ 2%@1600 GR3D_FREQ 99%@921 APE 25 PLL@35.5C CPU@37.5C PMIC@50C GPU@37.5C AO@45C thermal@37.5C POM_5V_IN 3111/4543 POM_5V_GPU 1303/1672 POM_5V_CPU 210/701
RAM 1798/3964MB (lfb 174x4MB) SWAP 0/1982MB (cached 0MB) IRAM 0/252kB(lfb 252kB) CPU [8%@1224,0%@1224,0%@1224,0%@1224] EMC_FREQ 2%@1600 GR3D_FREQ 96%@921 APE 25 PLL@35.5C CPU@37.5C PMIC@50C GPU@37.5C AO@45C thermal@37.5C POM_5V_IN 3153/4541 POM_5V_GPU 1303/1671 POM_5V_CPU 252/700
RAM 1798/3964MB (lfb 174x4MB) SWAP 0/1982MB (cached 0MB) IRAM 0/252kB(lfb 252kB) CPU [31%@1479,1%@1479,1%@1479,1%@1479] EMC_FREQ 3%@1600 GR3D_FREQ 86%@921 APE 25 PLL@35.5C CPU@38C PMIC@50C GPU@37.5C AO@45C thermal@37.5C POM_5V_IN 3395/4539 POM_5V_GPU 964/1670 POM_5V_CPU 795/700
RAM 1798/3964MB (lfb 174x4MB) SWAP 0/1982MB (cached 0MB) IRAM 0/252kB(lfb 252kB) CPU [18%@1224,0%@1224,2%@1224,0%@1224] EMC_FREQ 3%@1600 GR3D_FREQ 99%@921 APE 25 PLL@35.5C CPU@37.5C PMIC@50C GPU@37.5C AO@45C thermal@37.75C POM_5V_IN 2989/4536 POM_5V_GPU 1221/1669 POM_5V_CPU 210/699
RAM 1798/3964MB (lfb 174x4MB) SWAP 0/1982MB (cached 0MB) IRAM 0/252kB(lfb 252kB) CPU [1%@1224,0%@1224,0%@1224,0%@1224] EMC_FREQ 2%@1600 GR3D_FREQ 96%@921 APE 25 PLL@36C CPU@37.5C PMIC@50C GPU@37C AO@45C thermal@37.25C POM_5V_IN 3153/4534 POM_5V_GPU 1303/1668 POM_5V_CPU 252/699
RAM 1798/3964MB (lfb 174x4MB) SWAP 0/1982MB (cached 0MB) IRAM 0/252kB(lfb 252kB) CPU [7%@1224,0%@1224,0%@1224,0%@1224] EMC_FREQ 2%@1600 GR3D_FREQ 96%@921 APE 25 PLL@35.5C CPU@38C PMIC@50C GPU@37.5C AO@44.5C thermal@37.75C POM_5V_IN 3153/4531 POM_5V_GPU 1303/1668 POM_5V_CPU 210/698
RAM 1798/3964MB (lfb 174x4MB) SWAP 0/1982MB (cached 0MB) IRAM 0/252kB(lfb 252kB) CPU [30%@1479,1%@1479,1%@1479,1%@1479] EMC_FREQ 2%@1600 GR3D_FREQ 10%@921 APE 25 PLL@36C CPU@38C PMIC@50C GPU@37.5C AO@45C thermal@37.5C POM_5V_IN 3557/4530 POM_5V_GPU 1088/1667 POM_5V_CPU 795/698
RAM 1798/3964MB (lfb 174x4MB) SWAP 0/1982MB (cached 0MB) IRAM 0/252kB(lfb 252kB) CPU [21%@1224,3%@1224,1%@1224,2%@1224] EMC_FREQ 3%@1600 GR3D_FREQ 99%@921 APE 25 PLL@35.5C CPU@37.5C PMIC@50C GPU@37C AO@44.5C thermal@37.75C POM_5V_IN 3032/4527 POM_5V_GPU 1221/1666 POM_5V_CPU 168/697
RAM 1798/3964MB (lfb 174x4MB) SWAP 0/1982MB (cached 0MB) IRAM 0/252kB(lfb 252kB) CPU [1%@1224,0%@1224,0%@1224,0%@1224] EMC_FREQ 2%@1600 GR3D_FREQ 96%@921 APE 25 PLL@35.5C CPU@38C PMIC@50C GPU@37C AO@45C thermal@37.75C POM_5V_IN 3111/4525 POM_5V_GPU 1261/1665 POM_5V_CPU 252/696
RAM 1798/3964MB (lfb 174x4MB) SWAP 0/1982MB (cached 0MB) IRAM 0/252kB(lfb 252kB) CPU [8%@1224,0%@1224,0%@1224,0%@1224] EMC_FREQ 2%@1600 GR3D_FREQ 96%@921 APE 25 PLL@36C CPU@38C PMIC@50C GPU@37.5C AO@45C thermal@37.5C POM_5V_IN 3195/4522 POM_5V_GPU 1345/1665 POM_5V_CPU 210/695
RAM 1798/3964MB (lfb 174x4MB) SWAP 0/1982MB (cached 0MB) IRAM 0/252kB(lfb 252kB) CPU [28%@1428,1%@1428,0%@1428,0%@1428] EMC_FREQ 2%@1600 GR3D_FREQ 50%@921 APE 25 PLL@36C CPU@38C PMIC@50C GPU@37C AO@45.5C thermal@37.75C POM_5V_IN 3761/4521 POM_5V_GPU 1253/1664 POM_5V_CPU 751/696
RAM 1798/3964MB (lfb 174x4MB) SWAP 0/1982MB (cached 0MB) IRAM 0/252kB(lfb 252kB) CPU [23%@1224,1%@1224,1%@1224,0%@1224] EMC_FREQ 3%@1600 GR3D_FREQ 99%@921 APE 25 PLL@35.5C CPU@37.5C PMIC@50C GPU@37.5C AO@45C thermal@37.75C POM_5V_IN 3032/4519 POM_5V_GPU 1221/1663 POM_5V_CPU 210/695
RAM 1798/3964MB (lfb 174x4MB) SWAP 0/1982MB (cached 0MB) IRAM 0/252kB(lfb 252kB) CPU [1%@1224,0%@1224,0%@1224,0%@1224] EMC_FREQ 2%@1600 GR3D_FREQ 96%@921 APE 25 PLL@35.5C CPU@37.5C PMIC@50C GPU@37.5C AO@45C thermal@37.5C POM_5V_IN 3032/4516 POM_5V_GPU 1221/1663 POM_5V_CPU 168/694
RAM 1798/3964MB (lfb 174x4MB) SWAP 0/1982MB (cached 0MB) IRAM 0/252kB(lfb 252kB) CPU [7%@1224,0%@1224,0%@1224,0%@1224] EMC_FREQ 2%@1600 GR3D_FREQ 99%@921 APE 25 PLL@35.5C CPU@37.5C PMIC@50C GPU@37.5C AO@45C thermal@37.5C POM_5V_IN 3316/4514 POM_5V_GPU 1469/1662 POM_5V_CPU 209/693
RAM 1798/3964MB (lfb 174x4MB) SWAP 0/1982MB (cached 0MB) IRAM 0/252kB(lfb 252kB) CPU [23%@1224,0%@1224,1%@1224,1%@1224] EMC_FREQ 2%@1600 GR3D_FREQ 99%@921 APE 25 PLL@35.5C CPU@37.5C PMIC@50C GPU@37.5C AO@45C thermal@37.75C POM_5V_IN 3358/4512 POM_5V_GPU 1301/1662 POM_5V_CPU 377/693
RAM 1798/3964MB (lfb 174x4MB) SWAP 0/1982MB (cached 0MB) IRAM 0/252kB(lfb 252kB) CPU [32%@1224,1%@1224,0%@1224,0%@1224] EMC_FREQ 3%@1600 GR3D_FREQ 99%@921 APE 25 PLL@35.5C CPU@38C PMIC@50C GPU@37.5C AO@45C thermal@38.25C POM_5V_IN 3032/4510 POM_5V_GPU 1221/1661 POM_5V_CPU 210/692
RAM 1798/3964MB (lfb 174x4MB) SWAP 0/1982MB (cached 0MB) IRAM 0/252kB(lfb 252kB) CPU [1%@1224,0%@1224,0%@1224,0%@1224] EMC_FREQ 2%@1600 GR3D_FREQ 99%@921 APE 25 PLL@36C CPU@38C PMIC@50C GPU@37C AO@45C thermal@37.25C POM_5V_IN 3032/4507 POM_5V_GPU 1263/1660 POM_5V_CPU 168/691
RAM 1798/3964MB (lfb 174x4MB) SWAP 0/1982MB (cached 0MB) IRAM 0/252kB(lfb 252kB) CPU [7%@1224,0%@1224,0%@1224,0%@1224] EMC_FREQ 2%@1600 GR3D_FREQ 99%@921 APE 25 PLL@36C CPU@37.5C PMIC@50C GPU@37.5C AO@45C thermal@37.25C POM_5V_IN 3032/4505 POM_5V_GPU 1263/1660 POM_5V_CPU 210/690
RAM 1798/3964MB (lfb 174x4MB) SWAP 0/1982MB (cached 0MB) IRAM 0/252kB(lfb 252kB) CPU [24%@1326,1%@1326,1%@1326,1%@1326] EMC_FREQ 2%@1600 GR3D_FREQ 27%@921 APE 25 PLL@36.5C CPU@38C PMIC@50C GPU@37.5C AO@45.5C thermal@37.75C POM_5V_IN 3761/4504 POM_5V_GPU 1295/1659 POM_5V_CPU 752/690
RAM 1798/3964MB (lfb 174x4MB) SWAP 0/1982MB (cached 0MB) IRAM 0/252kB(lfb 252kB) CPU [27%@1224,7%@1224,1%@1224,1%@1224] EMC_FREQ 3%@1600 GR3D_FREQ 99%@921 APE 25 PLL@36C CPU@37.5C PMIC@50C GPU@37.5C AO@45C thermal@37.5C POM_5V_IN 3153/4501 POM_5V_GPU 1303/1658 POM_5V_CPU 210/689
RAM 1798/3964MB (lfb 174x4MB) SWAP 0/1982MB (cached 0MB) IRAM 0/252kB(lfb 252kB) CPU [24%@1224,1%@1224,0%@1224,1%@1224] EMC_FREQ 3%@1600 GR3D_FREQ 51%@921 APE 25 PLL@36.5C CPU@38C PMIC@50C GPU@37.5C AO@45.5C thermal@37.75C POM_5V_IN 3797/4500 POM_5V_GPU 1546/1658 POM_5V_CPU 625/689
RAM 1798/3964MB (lfb 174x4MB) SWAP 0/1982MB (cached 0MB) IRAM 0/252kB(lfb 252kB) CPU [32%@1224,2%@1224,3%@1224,3%@1224] EMC_FREQ 3%@1600 GR3D_FREQ 99%@921 APE 25 PLL@36C CPU@38C PMIC@50C GPU@37.5C AO@45C thermal@38C POM_5V_IN 3069/4498 POM_5V_GPU 1263/1658 POM_5V_CPU 210/688
RAM 1798/3964MB (lfb 174x4MB) SWAP 0/1982MB (cached 0MB) IRAM 0/252kB(lfb 252kB) CPU [0%@1224,0%@1224,0%@1224,0%@1224] EMC_FREQ 3%@1600 GR3D_FREQ 99%@921 APE 25 PLL@36C CPU@38C PMIC@50C GPU@37.5C AO@45C thermal@37.75C POM_5V_IN 2989/4495 POM_5V_GPU 1263/1657 POM_5V_CPU 168/688
RAM 1798/3964MB (lfb 174x4MB) SWAP 0/1982MB (cached 0MB) IRAM 0/252kB(lfb 252kB) CPU [7%@1224,0%@1224,0%@1224,0%@1224] EMC_FREQ 2%@1600 GR3D_FREQ 99%@921 APE 25 PLL@35.5C CPU@37.5C PMIC@50C GPU@37.5C AO@45C thermal@37.25C POM_5V_IN 3074/4493 POM_5V_GPU 1263/1656 POM_5V_CPU 210/687
RAM 1798/3964MB (lfb 174x4MB) SWAP 0/1982MB (cached 0MB) IRAM 0/252kB(lfb 252kB) CPU [21%@1479,1%@1479,1%@1479,0%@1479] EMC_FREQ 3%@1600 GR3D_FREQ 44%@921 APE 25 PLL@36C CPU@38C PMIC@50C GPU@37.5C AO@45C thermal@37.75C POM_5V_IN 3761/4492 POM_5V_GPU 1170/1655 POM_5V_CPU 835/687
RAM 1798/3964MB (lfb 174x4MB) SWAP 0/1982MB (cached 0MB) IRAM 0/252kB(lfb 252kB) CPU [33%@1224,1%@1224,0%@1224,1%@1224] EMC_FREQ 3%@1600 GR3D_FREQ 99%@921 APE 25 PLL@35.5C CPU@37.5C PMIC@50C GPU@37.5C AO@45C thermal@37.75C POM_5V_IN 3032/4489 POM_5V_GPU 1179/1655 POM_5V_CPU 252/686
RAM 1798/3964MB (lfb 174x4MB) SWAP 0/1982MB (cached 0MB) IRAM 0/252kB(lfb 252kB) CPU [2%@1224,0%@1224,0%@1224,0%@1224] EMC_FREQ 2%@1600 GR3D_FREQ 96%@921 APE 25 PLL@35.5C CPU@37.5C PMIC@50C GPU@37.5C AO@45C thermal@37.75C POM_5V_IN 3074/4487 POM_5V_GPU 1263/1654 POM_5V_CPU 168/686
RAM 1801/3964MB (lfb 173x4MB) SWAP 0/1982MB (cached 0MB) IRAM 0/252kB(lfb 252kB) CPU [6%@1224,5%@1224,2%@1224,4%@1224] EMC_FREQ 2%@1600 GR3D_FREQ 97%@921 APE 25 PLL@35.5C CPU@37.5C PMIC@50C GPU@37.5C AO@45C thermal@37.75C POM_5V_IN 3111/4485 POM_5V_GPU 1303/1653 POM_5V_CPU 210/685
RAM 1801/3964MB (lfb 173x4MB) SWAP 0/1982MB (cached 0MB) IRAM 0/252kB(lfb 252kB) CPU [20%@1479,1%@1479,1%@1479,0%@1479] EMC_FREQ 2%@1600 GR3D_FREQ 95%@921 APE 25 PLL@36C CPU@38C PMIC@50C GPU@37.5C AO@45C thermal@37.5C POM_5V_IN 3557/4483 POM_5V_GPU 1257/1653 POM_5V_CPU 585/685
RAM 1801/3964MB (lfb 173x4MB) SWAP 0/1982MB (cached 0MB) IRAM 0/252kB(lfb 252kB) CPU [30%@1224,3%@1224,1%@1224,4%@1224] EMC_FREQ 3%@1600 GR3D_FREQ 99%@921 APE 25 PLL@35.5C CPU@38C PMIC@50C GPU@37C AO@45C thermal@37.75C POM_5V_IN 3111/4481 POM_5V_GPU 1177/1652 POM_5V_CPU 294/684
RAM 1801/3964MB (lfb 173x4MB) SWAP 0/1982MB (cached 0MB) IRAM 0/252kB(lfb 252kB) CPU [0%@1224,0%@1224,0%@1224,0%@1224] EMC_FREQ 2%@1600 GR3D_FREQ 99%@921 APE 25 PLL@35.5C CPU@38C PMIC@50C GPU@37.5C AO@45C thermal@37.75C POM_5V_IN 3032/4479 POM_5V_GPU 1263/1651 POM_5V_CPU 168/683
RAM 1801/3964MB (lfb 173x4MB) SWAP 0/1982MB (cached 0MB) IRAM 0/252kB(lfb 252kB) CPU [8%@1224,0%@1224,0%@1224,0%@1224] EMC_FREQ 2%@1600 GR3D_FREQ 99%@921 APE 25 PLL@35.5C CPU@38C PMIC@50C GPU@37.5C AO@45C thermal@37.75C POM_5V_IN 3074/4477 POM_5V_GPU 1263/1651 POM_5V_CPU 168/682
RAM 1801/3964MB (lfb 173x4MB) SWAP 0/1982MB (cached 0MB) IRAM 0/252kB(lfb 252kB) CPU [15%@1224,0%@1224,0%@1224,0%@1224] EMC_FREQ 2%@1600 GR3D_FREQ 99%@921 APE 25 PLL@35.5C CPU@38C PMIC@50C GPU@37.5C AO@45C thermal@37.75C POM_5V_IN 3358/4475 POM_5V_GPU 1343/1650 POM_5V_CPU 377/682
RAM 1801/3964MB (lfb 173x4MB) SWAP 0/1982MB (cached 0MB) IRAM 0/252kB(lfb 252kB) CPU [39%@1479,2%@1479,3%@1479,1%@1479] EMC_FREQ 3%@1600 GR3D_FREQ 0%@921 APE 25 PLL@36C CPU@38C PMIC@50C GPU@37C AO@45C thermal@38C POM_5V_IN 3437/4473 POM_5V_GPU 670/1649 POM_5V_CPU 1006/682
RAM 1801/3964MB (lfb 173x4MB) SWAP 0/1982MB (cached 0MB) IRAM 0/252kB(lfb 252kB) CPU [1%@1224,0%@1224,0%@1224,0%@1224] EMC_FREQ 2%@1600 GR3D_FREQ 99%@921 APE 25 PLL@36C CPU@38C PMIC@50C GPU@37C AO@45C thermal@37.5C POM_5V_IN 3074/4471 POM_5V_GPU 1261/1648 POM_5V_CPU 168/681
RAM 1801/3964MB (lfb 173x4MB) SWAP 0/1982MB (cached 0MB) IRAM 0/252kB(lfb 252kB) CPU [7%@1224,0%@1224,0%@1224,0%@1224] EMC_FREQ 2%@1600 GR3D_FREQ 99%@921 APE 25 PLL@35.5C CPU@37.5C PMIC@50C GPU@37.5C AO@45C thermal@37.75C POM_5V_IN 3074/4469 POM_5V_GPU 1219/1647 POM_5V_CPU 252/681
RAM 1801/3964MB (lfb 173x4MB) SWAP 0/1982MB (cached 0MB) IRAM 0/252kB(lfb 252kB) CPU [10%@1224,0%@1224,0%@1224,0%@1224] EMC_FREQ 2%@1600 GR3D_FREQ 81%@921 APE 25 PLL@36C CPU@38.5C PMIC@50C GPU@37.5C AO@45C thermal@38C POM_5V_IN 3838/4468 POM_5V_GPU 1460/1647 POM_5V_CPU 667/681
RAM 1801/3964MB (lfb 173x4MB) SWAP 0/1982MB (cached 0MB) IRAM 0/252kB(lfb 252kB) CPU [35%@1224,1%@1224,0%@1224,1%@1224] EMC_FREQ 3%@1600 GR3D_FREQ 99%@921 APE 25 PLL@36C CPU@38C PMIC@50C GPU@37.5C AO@45C thermal@38C POM_5V_IN 3153/4465 POM_5V_GPU 1261/1646 POM_5V_CPU 294/680
RAM 1801/3964MB (lfb 173x4MB) SWAP 0/1982MB (cached 0MB) IRAM 0/252kB(lfb 252kB) CPU [8%@1224,0%@1224,4%@1224,1%@1224] EMC_FREQ 2%@1600 GR3D_FREQ 99%@921 APE 25 PLL@36C CPU@37.5C PMIC@50C GPU@37.5C AO@45C thermal@38C POM_5V_IN 2989/4463 POM_5V_GPU 1221/1646 POM_5V_CPU 168/679
RAM 1801/3964MB (lfb 173x4MB) SWAP 0/1982MB (cached 0MB) IRAM 0/252kB(lfb 252kB) CPU [0%@1224,0%@1224,0%@1224,0%@1224] EMC_FREQ 2%@1600 GR3D_FREQ 99%@921 APE 25 PLL@35.5C CPU@38C PMIC@50C GPU@37C AO@45C thermal@37.5C POM_5V_IN 2989/4461 POM_5V_GPU 1221/1645 POM_5V_CPU 210/679
RAM 1801/3964MB (lfb 173x4MB) SWAP 0/1982MB (cached 0MB) IRAM 0/252kB(lfb 252kB) CPU [8%@1224,0%@1224,0%@1224,0%@1224] EMC_FREQ 2%@1600 GR3D_FREQ 99%@921 APE 25 PLL@35.5C CPU@38C PMIC@50C GPU@37.5C AO@45C thermal@37.5C POM_5V_IN 3032/4458 POM_5V_GPU 1263/1644 POM_5V_CPU 168/678
RAM 1801/3964MB (lfb 173x4MB) SWAP 0/1982MB (cached 0MB) IRAM 0/252kB(lfb 252kB) CPU [5%@1224,0%@1224,0%@1224,0%@1224] EMC_FREQ 2%@1600 GR3D_FREQ 77%@921 APE 25 PLL@36C CPU@38C PMIC@50C GPU@37.5C AO@45C thermal@37.5C POM_5V_IN 3557/4457 POM_5V_GPU 1506/1644 POM_5V_CPU 418/677
RAM 1801/3964MB (lfb 173x4MB) SWAP 0/1982MB (cached 0MB) IRAM 0/252kB(lfb 252kB) CPU [39%@1224,2%@1224,1%@1224,0%@1224] EMC_FREQ 2%@1600 GR3D_FREQ 50%@921 APE 25 PLL@36C CPU@38C PMIC@50C GPU@37.5C AO@45.5C thermal@37.5C POM_5V_IN 3761/4456 POM_5V_GPU 1379/1644 POM_5V_CPU 710/677
RAM 1801/3964MB (lfb 173x4MB) SWAP 0/1982MB (cached 0MB) IRAM 0/252kB(lfb 252kB) CPU [12%@1224,0%@1224,0%@1224,1%@1224] EMC_FREQ 2%@1600 GR3D_FREQ 99%@921 APE 25 PLL@35.5C CPU@37.5C PMIC@50C GPU@37.5C AO@45C thermal@37.5C POM_5V_IN 2989/4454 POM_5V_GPU 1221/1643 POM_5V_CPU 168/677
RAM 1801/3964MB (lfb 173x4MB) SWAP 0/1982MB (cached 0MB) IRAM 0/252kB(lfb 252kB) CPU [5%@1224,0%@1224,0%@1224,0%@1224] EMC_FREQ 2%@1600 GR3D_FREQ 46%@921 APE 25 PLL@36C CPU@37.5C PMIC@50C GPU@37.5C AO@45C thermal@37.75C POM_5V_IN 3153/4451 POM_5V_GPU 1009/1642 POM_5V_CPU 504/676
RAM 1801/3964MB (lfb 173x4MB) SWAP 0/1982MB (cached 0MB) IRAM 0/252kB(lfb 252kB) CPU [8%@1479,0%@1479,0%@1479,0%@1479] EMC_FREQ 2%@1600 GR3D_FREQ 99%@921 APE 25 PLL@35.5C CPU@38C PMIC@50C GPU@37.5C AO@45.5C thermal@37.75C POM_5V_IN 3274/4450 POM_5V_GPU 1259/1642 POM_5V_CPU 377/676
RAM 1801/3964MB (lfb 173x4MB) SWAP 0/1982MB (cached 0MB) IRAM 0/252kB(lfb 252kB) CPU [33%@1428,1%@1428,1%@1428,1%@1428] EMC_FREQ 3%@1600 GR3D_FREQ 43%@921 APE 25 PLL@36C CPU@38.5C PMIC@50C GPU@38C AO@45.5C thermal@37.75C POM_5V_IN 3719/4448 POM_5V_GPU 1297/1641 POM_5V_CPU 710/676
RAM 1801/3964MB (lfb 173x4MB) SWAP 0/1982MB (cached 0MB) IRAM 0/252kB(lfb 252kB) CPU [16%@1224,0%@1224,1%@1224,0%@1224] EMC_FREQ 2%@1600 GR3D_FREQ 99%@921 APE 25 PLL@35.5C CPU@38C PMIC@50C GPU@37.5C AO@45C thermal@37.75C POM_5V_IN 3032/4446 POM_5V_GPU 1221/1640 POM_5V_CPU 168/675
RAM 1801/3964MB (lfb 173x4MB) SWAP 0/1982MB (cached 0MB) IRAM 0/252kB(lfb 252kB) CPU [1%@1224,0%@1224,0%@1224,0%@1224] EMC_FREQ 2%@1600 GR3D_FREQ 99%@921 APE 25 PLL@36C CPU@37.5C PMIC@50C GPU@37.5C AO@45.5C thermal@37.5C POM_5V_IN 3069/4444 POM_5V_GPU 1263/1640 POM_5V_CPU 210/674
RAM 1801/3964MB (lfb 173x4MB) SWAP 0/1982MB (cached 0MB) IRAM 0/252kB(lfb 252kB) CPU [7%@1224,0%@1224,0%@1224,0%@1224] EMC_FREQ 2%@1600 GR3D_FREQ 96%@921 APE 25 PLL@36C CPU@38C PMIC@50C GPU@37.5C AO@45C thermal@37.75C POM_5V_IN 3232/4442 POM_5V_GPU 1217/1639 POM_5V_CPU 377/674
RAM 1801/3964MB (lfb 173x4MB) SWAP 0/1982MB (cached 0MB) IRAM 0/252kB(lfb 252kB) CPU [35%@1479,1%@1479,1%@1479,1%@1479] EMC_FREQ 3%@1600 GR3D_FREQ 15%@921 APE 25 PLL@35.5C CPU@38C PMIC@50C GPU@37.5C AO@45.5C thermal@38C POM_5V_IN 3677/4441 POM_5V_GPU 1295/1639 POM_5V_CPU 667/674
RAM 1801/3964MB (lfb 173x4MB) SWAP 0/1982MB (cached 0MB) IRAM 0/252kB(lfb 252kB) CPU [17%@1224,0%@1224,1%@1224,0%@1224] EMC_FREQ 2%@1600 GR3D_FREQ 99%@921 APE 25 PLL@35.5C CPU@38C PMIC@50C GPU@37.5C AO@45C thermal@37.75C POM_5V_IN 2989/4439 POM_5V_GPU 1221/1638 POM_5V_CPU 168/673
RAM 1801/3964MB (lfb 172x4MB) SWAP 0/1982MB (cached 0MB) IRAM 0/252kB(lfb 252kB) CPU [1%@1224,0%@1224,0%@1224,0%@1224] EMC_FREQ 2%@1600 GR3D_FREQ 96%@921 APE 25 PLL@36C CPU@37.5C PMIC@50C GPU@37.5C AO@45C thermal@37.75C POM_5V_IN 3111/4437 POM_5V_GPU 1261/1637 POM_5V_CPU 210/672
RAM 1801/3964MB (lfb 172x4MB) SWAP 0/1982MB (cached 0MB) IRAM 0/252kB(lfb 252kB) CPU [7%@1224,0%@1224,0%@1224,0%@1224] EMC_FREQ 2%@1600 GR3D_FREQ 93%@921 APE 25 PLL@35.5C CPU@38C PMIC@50C GPU@37.5C AO@45C thermal@37.5C POM_5V_IN 3232/4435 POM_5V_GPU 1343/1637 POM_5V_CPU 293/672
RAM 1801/3964MB (lfb 172x4MB) SWAP 0/1982MB (cached 0MB) IRAM 0/252kB(lfb 252kB) CPU [33%@1479,1%@1479,1%@1479,1%@1479] EMC_FREQ 2%@1600 GR3D_FREQ 34%@921 APE 25 PLL@36C CPU@38C PMIC@50C GPU@37C AO@45C thermal@37.75C POM_5V_IN 3395/4433 POM_5V_GPU 1048/1636 POM_5V_CPU 754/672
RAM 1801/3964MB (lfb 172x4MB) SWAP 0/1982MB (cached 0MB) IRAM 0/252kB(lfb 252kB) CPU [25%@1224,1%@1224,1%@1224,1%@1224] EMC_FREQ 3%@1600 GR3D_FREQ 99%@921 APE 25 PLL@36C CPU@37.5C PMIC@50C GPU@37.5C AO@45C thermal@37.75C POM_5V_IN 2989/4431 POM_5V_GPU 1221/1635 POM_5V_CPU 168/671
RAM 1801/3964MB (lfb 172x4MB) SWAP 0/1982MB (cached 0MB) IRAM 0/252kB(lfb 252kB) CPU [0%@1224,0%@1224,0%@1224,0%@1224] EMC_FREQ 2%@1600 GR3D_FREQ 97%@921 APE 25 PLL@36C CPU@37.5C PMIC@50C GPU@37.5C AO@45C thermal@37.75C POM_5V_IN 3153/4429 POM_5V_GPU 1303/1635 POM_5V_CPU 252/670
RAM 1801/3964MB (lfb 172x4MB) SWAP 0/1982MB (cached 0MB) IRAM 0/252kB(lfb 252kB) CPU [8%@1224,0%@1224,0%@1224,0%@1224] EMC_FREQ 2%@1600 GR3D_FREQ 96%@921 APE 25 PLL@35.5C CPU@38C PMIC@50C GPU@37C AO@45C thermal@37.75C POM_5V_IN 3195/4427 POM_5V_GPU 1345/1634 POM_5V_CPU 210/670
RAM 1801/3964MB (lfb 172x4MB) SWAP 0/1982MB (cached 0MB) IRAM 0/252kB(lfb 252kB) CPU [28%@1428,1%@1428,0%@1428,1%@1428] EMC_FREQ 2%@1600 GR3D_FREQ 89%@921 APE 25 PLL@36C CPU@38C PMIC@50C GPU@37.5C AO@45.5C thermal@37.5C POM_5V_IN 3599/4426 POM_5V_GPU 1213/1634 POM_5V_CPU 669/670
RAM 1801/3964MB (lfb 172x4MB) SWAP 0/1982MB (cached 0MB) IRAM 0/252kB(lfb 252kB) CPU [22%@1224,1%@1224,4%@1224,0%@1224] EMC_FREQ 3%@1600 GR3D_FREQ 96%@921 APE 25 PLL@35.5C CPU@37.5C PMIC@50C GPU@37.5C AO@45C thermal@37.75C POM_5V_IN 3074/4424 POM_5V_GPU 1263/1633 POM_5V_CPU 168/669
RAM 1801/3964MB (lfb 172x4MB) SWAP 0/1982MB (cached 0MB) IRAM 0/252kB(lfb 252kB) CPU [2%@1224,0%@1224,0%@1224,0%@1224] EMC_FREQ 2%@1600 GR3D_FREQ 96%@921 APE 25 PLL@35.5C CPU@37.5C PMIC@50C GPU@37.5C AO@45C thermal@37.5C POM_5V_IN 3032/4421 POM_5V_GPU 1263/1632 POM_5V_CPU 168/668
RAM 1801/3964MB (lfb 172x4MB) SWAP 0/1982MB (cached 0MB) IRAM 0/252kB(lfb 252kB) CPU [6%@1224,0%@1224,0%@1224,0%@1224] EMC_FREQ 2%@1600 GR3D_FREQ 99%@921 APE 25 PLL@35.5C CPU@38C PMIC@50C GPU@37.5C AO@45C thermal@37.75C POM_5V_IN 3232/4420 POM_5V_GPU 1385/1632 POM_5V_CPU 209/667
RAM 1802/3964MB (lfb 168x4MB) SWAP 0/1982MB (cached 0MB) IRAM 0/252kB(lfb 252kB) CPU [28%@1479,1%@1479,1%@1479,0%@1479] EMC_FREQ 2%@1600 GR3D_FREQ 0%@921 APE 25 PLL@35.5C CPU@38C PMIC@50C GPU@37.5C AO@45C thermal@37.75C POM_5V_IN 3395/4418 POM_5V_GPU 923/1631 POM_5V_CPU 754/668
RAM 1802/3964MB (lfb 168x4MB) SWAP 0/1982MB (cached 0MB) IRAM 0/252kB(lfb 252kB) CPU [30%@1224,2%@1224,0%@1224,1%@1224] EMC_FREQ 3%@1600 GR3D_FREQ 99%@921 APE 25 PLL@36C CPU@38C PMIC@50C GPU@37.5C AO@45C thermal@37.75C POM_5V_IN 2989/4416 POM_5V_GPU 1221/1630 POM_5V_CPU 168/667
RAM 1802/3964MB (lfb 168x4MB) SWAP 0/1982MB (cached 0MB) IRAM 0/252kB(lfb 252kB) CPU [0%@1224,0%@1224,0%@1224,0%@1224] EMC_FREQ 2%@1600 GR3D_FREQ 99%@921 APE 25 PLL@35.5C CPU@38C PMIC@50C GPU@37.5C AO@45C thermal@37.75C POM_5V_IN 3032/4414 POM_5V_GPU 1263/1630 POM_5V_CPU 168/666
RAM 1802/3964MB (lfb 168x4MB) SWAP 0/1982MB (cached 0MB) IRAM 0/252kB(lfb 252kB) CPU [7%@1224,0%@1224,0%@1224,0%@1224] EMC_FREQ 2%@1600 GR3D_FREQ 99%@921 APE 25 PLL@35.5C CPU@38C PMIC@50C GPU@37.5C AO@45C thermal@37.75C POM_5V_IN 3032/4411 POM_5V_GPU 1263/1629 POM_5V_CPU 168/665
RAM 1802/3964MB (lfb 168x4MB) SWAP 0/1982MB (cached 0MB) IRAM 0/252kB(lfb 252kB) CPU [23%@1224,1%@1224,1%@1224,1%@1224] EMC_FREQ 2%@1600 GR3D_FREQ 98%@921 APE 25 PLL@36C CPU@38C PMIC@50C GPU@37.5C AO@45.5C thermal@37.75C POM_5V_IN 3677/4410 POM_5V_GPU 1504/1629 POM_5V_CPU 459/665
RAM 1802/3964MB (lfb 168x4MB) SWAP 0/1982MB (cached 0MB) IRAM 0/252kB(lfb 252kB) CPU [31%@1224,1%@1224,1%@1224,1%@1224] EMC_FREQ 3%@1600 GR3D_FREQ 99%@921 APE 25 PLL@35.5C CPU@38C PMIC@50C GPU@37C AO@45C thermal@37.75C POM_5V_IN 3074/4408 POM_5V_GPU 1263/1628 POM_5V_CPU 168/664
RAM 1802/3964MB (lfb 168x4MB) SWAP 0/1982MB (cached 0MB) IRAM 0/252kB(lfb 252kB) CPU [1%@1224,0%@1224,0%@1224,0%@1224] EMC_FREQ 2%@1600 GR3D_FREQ 99%@921 APE 25 PLL@35.5C CPU@38C PMIC@50C GPU@37.5C AO@45C thermal@37.5C POM_5V_IN 3074/4406 POM_5V_GPU 1263/1628 POM_5V_CPU 168/663
RAM 1802/3964MB (lfb 168x4MB) SWAP 0/1982MB (cached 0MB) IRAM 0/252kB(lfb 252kB) CPU [7%@1224,0%@1224,0%@1224,0%@1224] EMC_FREQ 2%@1600 GR3D_FREQ 99%@921 APE 25 PLL@35.5C CPU@38C PMIC@50C GPU@37.5C AO@45.5C thermal@37.5C POM_5V_IN 3074/4404 POM_5V_GPU 1263/1627 POM_5V_CPU 210/663
RAM 1802/3964MB (lfb 168x4MB) SWAP 0/1982MB (cached 0MB) IRAM 0/252kB(lfb 252kB) CPU [12%@1224,2%@1224,2%@1224,0%@1224] EMC_FREQ 2%@1600 GR3D_FREQ 59%@921 APE 25 PLL@35.5C CPU@38.5C PMIC@50C GPU@37.5C AO@45.5C thermal@37.5C POM_5V_IN 4041/4404 POM_5V_GPU 1499/1627 POM_5V_CPU 708/663
RAM 1802/3964MB (lfb 168x4MB) SWAP 0/1982MB (cached 0MB) IRAM 0/252kB(lfb 252kB) CPU [35%@1224,2%@1224,1%@1224,0%@1224] EMC_FREQ 3%@1600 GR3D_FREQ 29%@921 APE 25 PLL@36C CPU@38C PMIC@50C GPU@37C AO@45C thermal@38C POM_5V_IN 3557/4402 POM_5V_GPU 1131/1626 POM_5V_CPU 669/663
RAM 1802/3964MB (lfb 166x4MB) SWAP 0/1982MB (cached 0MB) IRAM 0/252kB(lfb 252kB) CPU [0%@1224,1%@1224,0%@1224,4%@1224] EMC_FREQ 2%@1600 GR3D_FREQ 96%@921 APE 25 PLL@35.5C CPU@38C PMIC@50C GPU@37.5C AO@45C thermal@37.75C POM_5V_IN 3069/4400 POM_5V_GPU 1261/1626 POM_5V_CPU 168/662
RAM 1802/3964MB (lfb 166x4MB) SWAP 0/1982MB (cached 0MB) IRAM 0/252kB(lfb 252kB) CPU [8%@1224,0%@1224,0%@1224,0%@1224] EMC_FREQ 2%@1600 GR3D_FREQ 99%@921 APE 25 PLL@36C CPU@38C PMIC@50C GPU@37.5C AO@45.5C thermal@37.75C POM_5V_IN 3032/4398 POM_5V_GPU 1221/1625 POM_5V_CPU 210/661
RAM 1802/3964MB (lfb 166x4MB) SWAP 0/1982MB (cached 0MB) IRAM 0/252kB(lfb 252kB) CPU [12%@1428,0%@1428,0%@1428,0%@1428] EMC_FREQ 2%@1600 GR3D_FREQ 34%@921 APE 25 PLL@36C CPU@38.5C PMIC@50C GPU@37.5C AO@46C thermal@37.5C POM_5V_IN 4076/4398 POM_5V_GPU 1497/1625 POM_5V_CPU 832/662
RAM 1802/3964MB (lfb 166x4MB) SWAP 0/1982MB (cached 0MB) IRAM 0/252kB(lfb 252kB) CPU [32%@1224,3%@1224,1%@1224,1%@1224] EMC_FREQ 3%@1600 GR3D_FREQ 47%@921 APE 25 PLL@35.5C CPU@38C PMIC@50C GPU@37.5C AO@45C thermal@37.75C POM_5V_IN 3316/4396 POM_5V_GPU 1175/1624 POM_5V_CPU 461/661
RAM 1802/3964MB (lfb 166x4MB) SWAP 0/1982MB (cached 0MB) IRAM 0/252kB(lfb 252kB) CPU [8%@1224,0%@1224,0%@1224,0%@1224] EMC_FREQ 2%@1600 GR3D_FREQ 99%@921 APE 25 PLL@35.5C CPU@38C PMIC@50C GPU@37C AO@45C thermal@37.75C POM_5V_IN 3032/4394 POM_5V_GPU 1263/1624 POM_5V_CPU 168/661
RAM 1802/3964MB (lfb 166x4MB) SWAP 0/1982MB (cached 0MB) IRAM 0/252kB(lfb 252kB) CPU [6%@1224,0%@1224,0%@1224,0%@1224] EMC_FREQ 2%@1600 GR3D_FREQ 99%@921 APE 25 PLL@35.5C CPU@38C PMIC@50C GPU@37C AO@45C thermal@37.75C POM_5V_IN 3074/4392 POM_5V_GPU 1221/1623 POM_5V_CPU 252/660
RAM 1802/3964MB (lfb 166x4MB) SWAP 0/1982MB (cached 0MB) IRAM 0/252kB(lfb 252kB) CPU [10%@1224,1%@1224,0%@1224,1%@1224] EMC_FREQ 2%@1600 GR3D_FREQ 54%@921 APE 25 PLL@36C CPU@38C PMIC@50C GPU@37.5C AO@45.5C thermal@37.5C POM_5V_IN 3958/4391 POM_5V_GPU 1458/1623 POM_5V_CPU 749/660
RAM 1802/3964MB (lfb 166x4MB) SWAP 0/1982MB (cached 0MB) IRAM 0/252kB(lfb 252kB) CPU [35%@1224,1%@1224,2%@1224,0%@1224] EMC_FREQ 3%@1600 GR3D_FREQ 46%@921 APE 25 PLL@35.5C CPU@38C PMIC@50C GPU@37.5C AO@45C thermal@37.5C POM_5V_IN 3353/4390 POM_5V_GPU 1215/1622 POM_5V_CPU 544/660
RAM 1802/3964MB (lfb 166x4MB) SWAP 0/1982MB (cached 0MB) IRAM 0/252kB(lfb 252kB) CPU [7%@1224,0%@1224,0%@1224,0%@1224] EMC_FREQ 2%@1600 GR3D_FREQ 99%@921 APE 25 PLL@35.5C CPU@38C PMIC@50C GPU@37C AO@44.5C thermal@37.5C POM_5V_IN 3074/4388 POM_5V_GPU 1263/1622 POM_5V_CPU 210/659
RAM 1802/3964MB (lfb 166x4MB) SWAP 0/1982MB (cached 0MB) IRAM 0/252kB(lfb 252kB) CPU [7%@1224,0%@1224,0%@1224,0%@1224] EMC_FREQ 2%@1600 GR3D_FREQ 99%@921 APE 25 PLL@35.5C CPU@37.5C PMIC@50C GPU@37.5C AO@45C thermal@37.25C POM_5V_IN 3111/4386 POM_5V_GPU 1179/1621 POM_5V_CPU 252/659
RAM 1802/3964MB (lfb 162x4MB) SWAP 0/1982MB (cached 0MB) IRAM 0/252kB(lfb 252kB) CPU [11%@1224,1%@1224,0%@1224,0%@1224] EMC_FREQ 2%@1600 GR3D_FREQ 46%@921 APE 25 PLL@35.5C CPU@38.5C PMIC@50C GPU@37.5C AO@45.5C thermal@37.25C POM_5V_IN 3641/4385 POM_5V_GPU 1297/1621 POM_5V_CPU 584/659
RAM 1802/3964MB (lfb 162x4MB) SWAP 0/1982MB (cached 0MB) IRAM 0/252kB(lfb 252kB) CPU [35%@1224,1%@1224,0%@1224,0%@1224] EMC_FREQ 3%@1600 GR3D_FREQ 99%@921 APE 25 PLL@35.5C CPU@38C PMIC@50C GPU@37.5C AO@45C thermal@37.5C POM_5V_IN 3195/4383 POM_5V_GPU 1261/1620 POM_5V_CPU 294/658
RAM 1802/3964MB (lfb 162x4MB) SWAP 0/1982MB (cached 0MB) IRAM 0/252kB(lfb 252kB) CPU [8%@1224,0%@1224,0%@1224,0%@1224] EMC_FREQ 2%@1600 GR3D_FREQ 96%@921 APE 25 PLL@35.5C CPU@38C PMIC@50C GPU@37C AO@45C thermal@37.5C POM_5V_IN 3074/4381 POM_5V_GPU 1263/1620 POM_5V_CPU 168/657
RAM 1802/3964MB (lfb 162x4MB) SWAP 0/1982MB (cached 0MB) IRAM 0/252kB(lfb 252kB) CPU [7%@1224,0%@1224,0%@1224,0%@1224] EMC_FREQ 2%@1600 GR3D_FREQ 99%@921 APE 25 PLL@35.5C CPU@37.5C PMIC@50C GPU@37C AO@45C thermal@37.25C POM_5V_IN 3153/4379 POM_5V_GPU 1177/1619 POM_5V_CPU 336/657
RAM 1802/3964MB (lfb 162x4MB) SWAP 0/1982MB (cached 0MB) IRAM 0/252kB(lfb 252kB) CPU [8%@1224,0%@1224,0%@1224,0%@1224] EMC_FREQ 2%@1600 GR3D_FREQ 43%@921 APE 25 PLL@36C CPU@38C PMIC@50C GPU@37C AO@45C thermal@37.25C POM_5V_IN 3599/4378 POM_5V_GPU 1339/1618 POM_5V_CPU 585/657
RAM 1802/3964MB (lfb 162x4MB) SWAP 0/1982MB (cached 0MB) IRAM 0/252kB(lfb 252kB) CPU [37%@1224,1%@1224,1%@1224,1%@1224] EMC_FREQ 3%@1600 GR3D_FREQ 99%@921 APE 25 PLL@35.5C CPU@37.5C PMIC@50C GPU@37C AO@45C thermal@37.5C POM_5V_IN 3195/4376 POM_5V_GPU 1303/1618 POM_5V_CPU 294/656
RAM 1802/3964MB (lfb 162x4MB) SWAP 0/1982MB (cached 0MB) IRAM 0/252kB(lfb 252kB) CPU [8%@1224,0%@1224,1%@1224,0%@1224] EMC_FREQ 2%@1600 GR3D_FREQ 99%@921 APE 25 PLL@35.5C CPU@37.5C PMIC@50C GPU@37C AO@45C thermal@37.5C POM_5V_IN 3032/4374 POM_5V_GPU 1263/1617 POM_5V_CPU 168/655
RAM 1802/3964MB (lfb 162x4MB) SWAP 0/1982MB (cached 0MB) IRAM 0/252kB(lfb 252kB) CPU [6%@1479,0%@1479,0%@1479,0%@1479] EMC_FREQ 2%@1600 GR3D_FREQ 82%@921 APE 25 PLL@36C CPU@37.5C PMIC@50C GPU@37C AO@45C thermal@37.25C POM_5V_IN 3032/4372 POM_5V_GPU 968/1617 POM_5V_CPU 463/655
RAM 1802/3964MB (lfb 162x4MB) SWAP 0/1982MB (cached 0MB) IRAM 0/252kB(lfb 252kB) CPU [5%@1224,0%@1224,0%@1224,0%@1224] EMC_FREQ 2%@1600 GR3D_FREQ 96%@921 APE 25 PLL@35.5C CPU@37.5C PMIC@50C GPU@37.5C AO@45.5C thermal@37.25C POM_5V_IN 3599/4371 POM_5V_GPU 1674/1617 POM_5V_CPU 292/655
RAM 1802/3964MB (lfb 162x4MB) SWAP 0/1982MB (cached 0MB) IRAM 0/252kB(lfb 252kB) CPU [38%@1224,2%@1224,1%@1224,1%@1224] EMC_FREQ 3%@1600 GR3D_FREQ 71%@921 APE 25 PLL@36C CPU@38C PMIC@50C GPU@37C AO@45C thermal@37.75C POM_5V_IN 3797/4370 POM_5V_GPU 1379/1616 POM_5V_CPU 709/655
RAM 1802/3964MB (lfb 158x4MB) SWAP 0/1982MB (cached 0MB) IRAM 0/252kB(lfb 252kB) CPU [11%@1224,1%@1224,0%@1224,0%@1224] EMC_FREQ 2%@1600 GR3D_FREQ 99%@921 APE 25 PLL@35.5C CPU@37.5C PMIC@50C GPU@36.5C AO@45C thermal@37.5C POM_5V_IN 2989/4368 POM_5V_GPU 1221/1616 POM_5V_CPU 168/654
RAM 1802/3964MB (lfb 158x4MB) SWAP 0/1982MB (cached 0MB) IRAM 0/252kB(lfb 252kB) CPU [1%@1224,0%@1224,0%@1224,0%@1224] EMC_FREQ 2%@1600 GR3D_FREQ 99%@921 APE 25 PLL@35.5C CPU@37.5C PMIC@50C GPU@37C AO@45C thermal@37.25C POM_5V_IN 2989/4366 POM_5V_GPU 1221/1615 POM_5V_CPU 126/653
RAM 1802/3964MB (lfb 158x4MB) SWAP 0/1982MB (cached 0MB) IRAM 0/252kB(lfb 252kB) CPU [7%@1224,0%@1224,0%@1224,0%@1224] EMC_FREQ 2%@1600 GR3D_FREQ 99%@921 APE 25 PLL@35C CPU@38C PMIC@50C GPU@37C AO@44.5C thermal@37.25C POM_5V_IN 3032/4364 POM_5V_GPU 1221/1615 POM_5V_CPU 168/652
RAM 1802/3964MB (lfb 158x4MB) SWAP 0/1982MB (cached 0MB) IRAM 0/252kB(lfb 252kB) CPU [4%@1224,0%@1224,0%@1224,0%@1224] EMC_FREQ 2%@1600 GR3D_FREQ 99%@921 APE 25 PLL@35.5C CPU@37.5C PMIC@50C GPU@37.5C AO@45C thermal@37.25C POM_5V_IN 3195/4363 POM_5V_GPU 1345/1614 POM_5V_CPU 209/652
RAM 1802/3964MB (lfb 158x4MB) SWAP 0/1982MB (cached 0MB) IRAM 0/252kB(lfb 252kB) CPU [33%@1224,3%@1224,1%@1224,1%@1224] EMC_FREQ 2%@1600 GR3D_FREQ 87%@921 APE 25 PLL@35.5C CPU@37.5C PMIC@50C GPU@37C AO@45C thermal@37.25C POM_5V_IN 3677/4362 POM_5V_GPU 1504/1614 POM_5V_CPU 459/652
RAM 1802/3964MB (lfb 158x4MB) SWAP 0/1982MB (cached 0MB) IRAM 0/252kB(lfb 252kB) CPU [15%@1224,1%@1224,3%@1224,0%@1224] EMC_FREQ 2%@1600 GR3D_FREQ 99%@921 APE 25 PLL@35C CPU@37.5C PMIC@50C GPU@36.5C AO@45C thermal@37.5C POM_5V_IN 3032/4360 POM_5V_GPU 1221/1613 POM_5V_CPU 168/651
RAM 1802/3964MB (lfb 158x4MB) SWAP 0/1982MB (cached 0MB) IRAM 0/252kB(lfb 252kB) CPU [1%@1224,0%@1224,0%@1224,0%@1224] EMC_FREQ 2%@1600 GR3D_FREQ 96%@921 APE 25 PLL@35C CPU@37.5C PMIC@50C GPU@37C AO@45C thermal@37.25C POM_5V_IN 3074/4358 POM_5V_GPU 1263/1613 POM_5V_CPU 168/650
RAM 1802/3964MB (lfb 158x4MB) SWAP 0/1982MB (cached 0MB) IRAM 0/252kB(lfb 252kB) CPU [9%@1479,0%@1479,0%@1479,0%@1479] EMC_FREQ 2%@1600 GR3D_FREQ 96%@921 APE 25 PLL@35.5C CPU@38C PMIC@50C GPU@37.5C AO@45C thermal@37.5C POM_5V_IN 3274/4356 POM_5V_GPU 1217/1612 POM_5V_CPU 461/650
RAM 1802/3964MB (lfb 158x4MB) SWAP 0/1982MB (cached 0MB) IRAM 0/252kB(lfb 252kB) CPU [35%@1224,1%@1224,0%@1224,1%@1224] EMC_FREQ 3%@1600 GR3D_FREQ 84%@921 APE 25 PLL@35.5C CPU@38C PMIC@50C GPU@37C AO@45.5C thermal@37.75C POM_5V_IN 3922/4356 POM_5V_GPU 1543/1612 POM_5V_CPU 624/650
RAM 1802/3964MB (lfb 158x4MB) SWAP 0/1982MB (cached 0MB) IRAM 0/252kB(lfb 252kB) CPU [13%@1224,1%@1224,1%@1224,0%@1224] EMC_FREQ 2%@1600 GR3D_FREQ 99%@921 APE 25 PLL@35.5C CPU@38C PMIC@50C GPU@37C AO@45C thermal@37.5C POM_5V_IN 2947/4354 POM_5V_GPU 1221/1612 POM_5V_CPU 168/649
RAM 1802/3964MB (lfb 158x4MB) SWAP 0/1982MB (cached 0MB) IRAM 0/252kB(lfb 252kB) CPU [1%@1224,0%@1224,0%@1224,0%@1224] EMC_FREQ 2%@1600 GR3D_FREQ 99%@921 APE 25 PLL@35.5C CPU@37.5C PMIC@50C GPU@37.5C AO@45C thermal@37.5C POM_5V_IN 3116/4352 POM_5V_GPU 1261/1611 POM_5V_CPU 210/648
RAM 1802/3964MB (lfb 154x4MB) SWAP 0/1982MB (cached 0MB) IRAM 0/252kB(lfb 252kB) CPU [8%@1224,1%@1224,0%@1224,0%@1224] EMC_FREQ 2%@1600 GR3D_FREQ 94%@921 APE 25 PLL@35.5C CPU@38C PMIC@50C GPU@37C AO@45C thermal@37.5C POM_5V_IN 3274/4350 POM_5V_GPU 1385/1611 POM_5V_CPU 293/648
RAM 1802/3964MB (lfb 154x4MB) SWAP 0/1982MB (cached 0MB) IRAM 0/252kB(lfb 252kB) CPU [34%@1224,2%@1224,1%@1224,0%@1224] EMC_FREQ 3%@1600 GR3D_FREQ 87%@921 APE 25 PLL@35.5C CPU@38C PMIC@50C GPU@37C AO@45.5C thermal@37.5C POM_5V_IN 3797/4349 POM_5V_GPU 1502/1611 POM_5V_CPU 584/648
RAM 1802/3964MB (lfb 154x4MB) SWAP 0/1982MB (cached 0MB) IRAM 0/252kB(lfb 252kB) CPU [17%@1224,1%@1224,1%@1224,0%@1224] EMC_FREQ 2%@1600 GR3D_FREQ 99%@921 APE 25 PLL@35.5C CPU@37.5C PMIC@50C GPU@37C AO@44.5C thermal@37.5C POM_5V_IN 2947/4347 POM_5V_GPU 1221/1610 POM_5V_CPU 168/647
RAM 1802/3964MB (lfb 154x4MB) SWAP 0/1982MB (cached 0MB) IRAM 0/252kB(lfb 252kB) CPU [2%@1224,0%@1224,0%@1224,0%@1224] EMC_FREQ 2%@1600 GR3D_FREQ 99%@921 APE 25 PLL@35C CPU@37.5C PMIC@50C GPU@37C AO@45C thermal@37.5C POM_5V_IN 2989/4345 POM_5V_GPU 1221/1609 POM_5V_CPU 168/646
RAM 1802/3964MB (lfb 154x4MB) SWAP 0/1982MB (cached 0MB) IRAM 0/252kB(lfb 252kB) CPU [4%@1224,0%@1224,0%@1224,0%@1224] EMC_FREQ 2%@1600 GR3D_FREQ 99%@921 APE 25 PLL@35.5C CPU@37.5C PMIC@50C GPU@37C AO@44.5C thermal@37.25C POM_5V_IN 3032/4344 POM_5V_GPU 1137/1609 POM_5V_CPU 252/646
RAM 1802/3964MB (lfb 154x4MB) SWAP 0/1982MB (cached 0MB) IRAM 0/252kB(lfb 252kB) CPU [5%@1224,0%@1224,0%@1224,0%@1224] EMC_FREQ 2%@1600 GR3D_FREQ 94%@921 APE 25 PLL@35.5C CPU@38C PMIC@50C GPU@37C AO@45.5C thermal@37.25C POM_5V_IN 3232/4342 POM_5V_GPU 1343/1608 POM_5V_CPU 251/645
RAM 1802/3964MB (lfb 154x4MB) SWAP 0/1982MB (cached 0MB) IRAM 0/252kB(lfb 252kB) CPU [28%@1224,1%@1224,1%@1224,0%@1224] EMC_FREQ 2%@1600 GR3D_FREQ 77%@921 APE 25 PLL@35.5C CPU@38C PMIC@50C GPU@37.5C AO@45C thermal@37.5C POM_5V_IN 3557/4341 POM_5V_GPU 1297/1608 POM_5V_CPU 627/645
RAM 1802/3964MB (lfb 154x4MB) SWAP 0/1982MB (cached 0MB) IRAM 0/252kB(lfb 252kB) CPU [25%@1224,1%@1224,1%@1224,0%@1224] EMC_FREQ 2%@1600 GR3D_FREQ 99%@921 APE 25 PLL@35.5C CPU@38C PMIC@50C GPU@37.5C AO@45C thermal@37.75C POM_5V_IN 2989/4339 POM_5V_GPU 1221/1607 POM_5V_CPU 168/645
RAM 1802/3964MB (lfb 154x4MB) SWAP 0/1982MB (cached 0MB) IRAM 0/252kB(lfb 252kB) CPU [0%@1224,0%@1224,0%@1224,0%@1224] EMC_FREQ 2%@1600 GR3D_FREQ 97%@921 APE 25 PLL@35.5C CPU@37.5C PMIC@50C GPU@37.5C AO@45C thermal@37.5C POM_5V_IN 3032/4337 POM_5V_GPU 1263/1607 POM_5V_CPU 168/644
RAM 1802/3964MB (lfb 154x4MB) SWAP 0/1982MB (cached 0MB) IRAM 0/252kB(lfb 252kB) CPU [7%@1224,0%@1224,0%@1224,1%@1224] EMC_FREQ 2%@1600 GR3D_FREQ 99%@921 APE 25 PLL@35.5C CPU@37.5C PMIC@50C GPU@37.5C AO@45C thermal@37.5C POM_5V_IN 3032/4335 POM_5V_GPU 1263/1606 POM_5V_CPU 126/643
RAM 1802/3964MB (lfb 150x4MB) SWAP 0/1982MB (cached 0MB) IRAM 0/252kB(lfb 252kB) CPU [19%@1224,2%@1224,1%@1224,0%@1224] EMC_FREQ 2%@1600 GR3D_FREQ 96%@921 APE 25 PLL@36C CPU@38C PMIC@50C GPU@37.5C AO@45.5C thermal@37.75C POM_5V_IN 3761/4334 POM_5V_GPU 1460/1606 POM_5V_CPU 625/643
RAM 1802/3964MB (lfb 150x4MB) SWAP 0/1982MB (cached 0MB) IRAM 0/252kB(lfb 252kB) CPU [32%@1224,0%@1224,0%@1224,1%@1224] EMC_FREQ 3%@1600 GR3D_FREQ 99%@921 APE 25 PLL@35.5C CPU@37.5C PMIC@50C GPU@37.5C AO@45C thermal@37.25C POM_5V_IN 3074/4332 POM_5V_GPU 1263/1606 POM_5V_CPU 168/642
RAM 1802/3964MB (lfb 150x4MB) SWAP 0/1982MB (cached 0MB) IRAM 0/252kB(lfb 252kB) CPU [1%@1224,0%@1224,0%@1224,0%@1224] EMC_FREQ 2%@1600 GR3D_FREQ 99%@921 APE 25 PLL@35.5C CPU@37.5C PMIC@50C GPU@37C AO@45C thermal@37.25C POM_5V_IN 3032/4331 POM_5V_GPU 1263/1605 POM_5V_CPU 168/642
RAM 1802/3964MB (lfb 150x4MB) SWAP 0/1982MB (cached 0MB) IRAM 0/252kB(lfb 252kB) CPU [7%@1224,0%@1224,0%@1224,0%@1224] EMC_FREQ 2%@1600 GR3D_FREQ 99%@921 APE 25 PLL@35.5C CPU@37.5C PMIC@50C GPU@37.5C AO@45C thermal@37.25C POM_5V_IN 3032/4329 POM_5V_GPU 1263/1605 POM_5V_CPU 168/641
RAM 1802/3964MB (lfb 150x4MB) SWAP 0/1982MB (cached 0MB) IRAM 0/252kB(lfb 252kB) CPU [21%@1479,0%@1479,1%@1479,0%@1479] EMC_FREQ 2%@1600 GR3D_FREQ 29%@921 APE 25 PLL@35.5C CPU@38C PMIC@50C GPU@37.5C AO@45C thermal@37.25C POM_5V_IN 3719/4328 POM_5V_GPU 1130/1604 POM_5V_CPU 837/641
RAM 1802/3964MB (lfb 150x4MB) SWAP 0/1982MB (cached 0MB) IRAM 0/252kB(lfb 252kB) CPU [32%@1224,1%@1224,2%@1224,2%@1224] EMC_FREQ 3%@1600 GR3D_FREQ 99%@921 APE 25 PLL@35.5C CPU@38C PMIC@50C GPU@37.5C AO@45C thermal@37.75C POM_5V_IN 3032/4326 POM_5V_GPU 1219/1604 POM_5V_CPU 252/641
RAM 1802/3964MB (lfb 150x4MB) SWAP 0/1982MB (cached 0MB) IRAM 0/252kB(lfb 252kB) CPU [0%@1224,0%@1224,0%@1224,0%@1224] EMC_FREQ 2%@1600 GR3D_FREQ 99%@921 APE 25 PLL@35.5C CPU@38C PMIC@50C GPU@37C AO@44.5C thermal@37.75C POM_5V_IN 3032/4324 POM_5V_GPU 1263/1603 POM_5V_CPU 168/640
RAM 1802/3964MB (lfb 150x4MB) SWAP 0/1982MB (cached 0MB) IRAM 0/252kB(lfb 252kB) CPU [8%@1224,0%@1224,0%@1224,0%@1224] EMC_FREQ 2%@1600 GR3D_FREQ 99%@921 APE 25 PLL@35.5C CPU@38C PMIC@50C GPU@37C AO@45C thermal@37.5C POM_5V_IN 2989/4322 POM_5V_GPU 1263/1603 POM_5V_CPU 168/639
RAM 1802/3964MB (lfb 150x4MB) SWAP 0/1982MB (cached 0MB) IRAM 0/252kB(lfb 252kB) CPU [17%@1224,0%@1224,1%@1224,0%@1224] EMC_FREQ 2%@1600 GR3D_FREQ 42%@921 APE 25 PLL@35.5C CPU@38C PMIC@50C GPU@37.5C AO@45.5C thermal@37.5C POM_5V_IN 3641/4321 POM_5V_GPU 1462/1602 POM_5V_CPU 501/639
RAM 1802/3964MB (lfb 150x4MB) SWAP 0/1982MB (cached 0MB) IRAM 0/252kB(lfb 252kB) CPU [36%@1224,2%@1224,1%@1224,1%@1224] EMC_FREQ 3%@1600 GR3D_FREQ 99%@921 APE 25 PLL@36C CPU@37.5C PMIC@50C GPU@37.5C AO@45C thermal@37.75C POM_5V_IN 3116/4320 POM_5V_GPU 1052/1602 POM_5V_CPU 420/639
RAM 1802/3964MB (lfb 149x4MB) SWAP 0/1982MB (cached 0MB) IRAM 0/252kB(lfb 252kB) CPU [0%@1224,1%@1224,0%@1224,0%@1224] EMC_FREQ 2%@1600 GR3D_FREQ 99%@921 APE 25 PLL@35.5C CPU@38C PMIC@50C GPU@37.5C AO@45C thermal@37.75C POM_5V_IN 3074/4318 POM_5V_GPU 1263/1601 POM_5V_CPU 168/638
RAM 1802/3964MB (lfb 149x4MB) SWAP 0/1982MB (cached 0MB) IRAM 0/252kB(lfb 252kB) CPU [6%@1224,0%@1224,0%@1224,0%@1224] EMC_FREQ 2%@1600 GR3D_FREQ 99%@921 APE 25 PLL@35.5C CPU@37.5C PMIC@50C GPU@37.5C AO@45C thermal@37.25C POM_5V_IN 3074/4316 POM_5V_GPU 1263/1601 POM_5V_CPU 210/638
RAM 1802/3964MB (lfb 149x4MB) SWAP 0/1982MB (cached 0MB) IRAM 0/252kB(lfb 252kB) CPU [14%@1224,0%@1224,2%@1224,2%@1224] EMC_FREQ 2%@1600 GR3D_FREQ 98%@921 APE 25 PLL@35.5C CPU@38C PMIC@50C GPU@38C AO@45.5C thermal@38C POM_5V_IN 3803/4315 POM_5V_GPU 1420/1600 POM_5V_CPU 625/638
RAM 1802/3964MB (lfb 149x4MB) SWAP 0/1982MB (cached 0MB) IRAM 0/252kB(lfb 252kB) CPU [34%@1224,0%@1224,0%@1224,1%@1224] EMC_FREQ 3%@1600 GR3D_FREQ 28%@921 APE 25 PLL@36C CPU@38C PMIC@50C GPU@37.5C AO@45C thermal@38C POM_5V_IN 3515/4314 POM_5V_GPU 1131/1600 POM_5V_CPU 711/638
RAM 1802/3964MB (lfb 149x4MB) SWAP 0/1982MB (cached 0MB) IRAM 0/252kB(lfb 252kB) CPU [1%@1224,4%@1224,0%@1224,0%@1224] EMC_FREQ 2%@1600 GR3D_FREQ 99%@921 APE 25 PLL@35.5C CPU@38C PMIC@50C GPU@37C AO@45C thermal@37.75C POM_5V_IN 3032/4312 POM_5V_GPU 1263/1599 POM_5V_CPU 168/637
RAM 1802/3964MB (lfb 149x4MB) SWAP 0/1982MB (cached 0MB) IRAM 0/252kB(lfb 252kB) CPU [7%@1224,0%@1224,0%@1224,0%@1224] EMC_FREQ 2%@1600 GR3D_FREQ 99%@921 APE 25 PLL@35.5C CPU@37.5C PMIC@50C GPU@37.5C AO@45C thermal@37.75C POM_5V_IN 3032/4311 POM_5V_GPU 1179/1599 POM_5V_CPU 210/637
RAM 1802/3964MB (lfb 149x4MB) SWAP 0/1982MB (cached 0MB) IRAM 0/252kB(lfb 252kB) CPU [10%@1224,1%@1224,0%@1224,0%@1224] EMC_FREQ 2%@1600 GR3D_FREQ 83%@921 APE 25 PLL@36C CPU@38C PMIC@50C GPU@37C AO@45C thermal@37.5C POM_5V_IN 3838/4310 POM_5V_GPU 1377/1598 POM_5V_CPU 709/637
RAM 1802/3964MB (lfb 149x4MB) SWAP 0/1982MB (cached 0MB) IRAM 0/252kB(lfb 252kB) CPU [36%@1224,1%@1224,1%@1224,2%@1224] EMC_FREQ 3%@1600 GR3D_FREQ 99%@921 APE 25 PLL@35.5C CPU@38C PMIC@50C GPU@37.5C AO@45.5C thermal@37.75C POM_5V_IN 3153/4308 POM_5V_GPU 1261/1598 POM_5V_CPU 294/636
RAM 1802/3964MB (lfb 149x4MB) SWAP 0/1982MB (cached 0MB) IRAM 0/252kB(lfb 252kB) CPU [2%@1224,0%@1224,5%@1224,2%@1224] EMC_FREQ 2%@1600 GR3D_FREQ 96%@921 APE 25 PLL@35.5C CPU@38C PMIC@50C GPU@37.5C AO@45C thermal@38.25C POM_5V_IN 3074/4307 POM_5V_GPU 1305/1597 POM_5V_CPU 168/635
RAM 1802/3964MB (lfb 149x4MB) SWAP 0/1982MB (cached 0MB) IRAM 0/252kB(lfb 252kB) CPU [8%@1224,0%@1224,0%@1224,0%@1224] EMC_FREQ 2%@1600 GR3D_FREQ 99%@921 APE 25 PLL@35.5C CPU@38C PMIC@50C GPU@37.5C AO@45C thermal@37.75C POM_5V_IN 3111/4305 POM_5V_GPU 1093/1597 POM_5V_CPU 378/635
RAM 1802/3964MB (lfb 149x4MB) SWAP 0/1982MB (cached 0MB) IRAM 0/252kB(lfb 252kB) CPU [7%@1224,1%@1224,0%@1224,0%@1224] EMC_FREQ 2%@1600 GR3D_FREQ 63%@921 APE 25 PLL@36C CPU@38C PMIC@50C GPU@37.5C AO@45C thermal@37.5C POM_5V_IN 3599/4304 POM_5V_GPU 1381/1596 POM_5V_CPU 502/635
RAM 1802/3964MB (lfb 149x4MB) SWAP 0/1982MB (cached 0MB) IRAM 0/252kB(lfb 252kB) CPU [15%@1224,24%@1224,1%@1224,1%@1224] EMC_FREQ 3%@1600 GR3D_FREQ 96%@921 APE 25 PLL@35.5C CPU@38C PMIC@50C GPU@37.5C AO@45C thermal@37.75C POM_5V_IN 3358/4303 POM_5V_GPU 1301/1596 POM_5V_CPU 377/635
RAM 1802/3964MB (lfb 149x4MB) SWAP 0/1982MB (cached 0MB) IRAM 0/252kB(lfb 252kB) CPU [0%@1224,8%@1224,0%@1224,0%@1224] EMC_FREQ 2%@1600 GR3D_FREQ 99%@921 APE 25 PLL@35.5C CPU@37.5C PMIC@50C GPU@37C AO@45C thermal@37.5C POM_5V_IN 3153/4301 POM_5V_GPU 1345/1596 POM_5V_CPU 168/634
RAM 1802/3964MB (lfb 149x4MB) SWAP 0/1982MB (cached 0MB) IRAM 0/252kB(lfb 252kB) CPU [0%@1224,3%@1224,0%@1224,0%@1224] EMC_FREQ 2%@1600 GR3D_FREQ 99%@921 APE 25 PLL@35.5C CPU@37.5C PMIC@50C GPU@37C AO@45C thermal@37.5C POM_5V_IN 3032/4299 POM_5V_GPU 1179/1595 POM_5V_CPU 252/633
RAM 1802/3964MB (lfb 149x4MB) SWAP 0/1982MB (cached 0MB) IRAM 0/252kB(lfb 252kB) CPU [1%@1224,7%@1224,0%@1224,0%@1224] EMC_FREQ 2%@1600 GR3D_FREQ 99%@921 APE 25 PLL@36C CPU@38C PMIC@50C GPU@37C AO@45C thermal@37.5C POM_5V_IN 3195/4298 POM_5V_GPU 1303/1595 POM_5V_CPU 251/633
RAM 1802/3964MB (lfb 149x4MB) SWAP 0/1982MB (cached 0MB) IRAM 0/252kB(lfb 252kB) CPU [1%@1224,35%@1224,1%@1224,1%@1224] EMC_FREQ 3%@1600 GR3D_FREQ 42%@921 APE 25 PLL@36C CPU@38C PMIC@50C GPU@37.5C AO@45.5C thermal@37.5C POM_5V_IN 3838/4297 POM_5V_GPU 1418/1594 POM_5V_CPU 709/633
RAM 1802/3964MB (lfb 149x4MB) SWAP 0/1982MB (cached 0MB) IRAM 0/252kB(lfb 252kB) CPU [1%@1224,11%@1224,0%@1224,0%@1224] EMC_FREQ 2%@1600 GR3D_FREQ 99%@921 APE 25 PLL@35.5C CPU@37.5C PMIC@50C GPU@37C AO@45C thermal@37.25C POM_5V_IN 2989/4295 POM_5V_GPU 1221/1594 POM_5V_CPU 126/632
RAM 1802/3964MB (lfb 149x4MB) SWAP 0/1982MB (cached 0MB) IRAM 0/252kB(lfb 252kB) CPU [0%@1479,3%@1479,0%@1479,0%@1479] EMC_FREQ 2%@1600 GR3D_FREQ 0%@921 APE 25 PLL@35.5C CPU@37.5C PMIC@50C GPU@37C AO@44.5C thermal@37.25C POM_5V_IN 3111/4294 POM_5V_GPU 925/1593 POM_5V_CPU 546/632
RAM 1802/3964MB (lfb 149x4MB) SWAP 0/1982MB (cached 0MB) IRAM 0/252kB(lfb 252kB) CPU [0%@1224,7%@1224,0%@1224,0%@1224] EMC_FREQ 2%@1600 GR3D_FREQ 99%@921 APE 25 PLL@35.5C CPU@38C PMIC@50C GPU@37C AO@45C thermal@37.25C POM_5V_IN 3274/4292 POM_5V_GPU 1259/1593 POM_5V_CPU 377/632
RAM 1802/3964MB (lfb 149x4MB) SWAP 0/1982MB (cached 0MB) IRAM 0/252kB(lfb 252kB) CPU [2%@1224,32%@1224,1%@1224,1%@1224] EMC_FREQ 3%@1600 GR3D_FREQ 83%@921 APE 25 PLL@35.5C CPU@37.5C PMIC@50C GPU@37.5C AO@45.5C thermal@37.25C POM_5V_IN 3677/4292 POM_5V_GPU 1504/1592 POM_5V_CPU 501/632
RAM 1802/3964MB (lfb 148x4MB) SWAP 0/1982MB (cached 0MB) IRAM 0/252kB(lfb 252kB) CPU [2%@1224,18%@1224,0%@1224,1%@1224] EMC_FREQ 3%@1600 GR3D_FREQ 99%@921 APE 25 PLL@35.5C CPU@37.5C PMIC@50C GPU@37.5C AO@44.5C thermal@37.5C POM_5V_IN 3032/4290 POM_5V_GPU 1221/1592 POM_5V_CPU 168/631
RAM 1802/3964MB (lfb 148x4MB) SWAP 0/1982MB (cached 0MB) IRAM 0/252kB(lfb 252kB) CPU [0%@1224,0%@1224,0%@1224,0%@1224] EMC_FREQ 2%@1600 GR3D_FREQ 99%@921 APE 25 PLL@35.5C CPU@37.5C PMIC@50C GPU@37C AO@44.5C thermal@37.25C POM_5V_IN 3111/4288 POM_5V_GPU 1261/1591 POM_5V_CPU 252/630
RAM 1802/3964MB (lfb 148x4MB) SWAP 0/1982MB (cached 0MB) IRAM 0/252kB(lfb 252kB) CPU [0%@1479,9%@1479,0%@1479,0%@1479] EMC_FREQ 2%@1600 GR3D_FREQ 83%@921 APE 25 PLL@35.5C CPU@37.5C PMIC@50C GPU@37C AO@44.5C thermal@37.25C POM_5V_IN 3232/4287 POM_5V_GPU 1135/1591 POM_5V_CPU 461/630
RAM 1802/3964MB (lfb 148x4MB) SWAP 0/1982MB (cached 0MB) IRAM 0/252kB(lfb 252kB) CPU [1%@1224,30%@1224,1%@1224,2%@1224] EMC_FREQ 3%@1600 GR3D_FREQ 28%@921 APE 25 PLL@36C CPU@38C PMIC@50C GPU@37C AO@45C thermal@37.25C POM_5V_IN 3838/4286 POM_5V_GPU 1418/1591 POM_5V_CPU 625/630
RAM 1802/3964MB (lfb 148x4MB) SWAP 0/1982MB (cached 0MB) IRAM 0/252kB(lfb 252kB) CPU [1%@1224,20%@1224,1%@1224,1%@1224] EMC_FREQ 2%@1600 GR3D_FREQ 99%@921 APE 25 PLL@35.5C CPU@38C PMIC@50C GPU@37C AO@44.5C thermal@37.75C POM_5V_IN 2989/4284 POM_5V_GPU 1221/1590 POM_5V_CPU 168/630
RAM 1802/3964MB (lfb 148x4MB) SWAP 0/1982MB (cached 0MB) IRAM 0/252kB(lfb 252kB) CPU [1%@1224,0%@1224,0%@1224,0%@1224] EMC_FREQ 2%@1600 GR3D_FREQ 96%@921 APE 25 PLL@35.5C CPU@38C PMIC@50C GPU@37C AO@45C thermal@37.25C POM_5V_IN 3111/4283 POM_5V_GPU 1261/1590 POM_5V_CPU 210/629
RAM 1802/3964MB (lfb 148x4MB) SWAP 0/1982MB (cached 0MB) IRAM 0/252kB(lfb 252kB) CPU [0%@1224,7%@1224,0%@1224,0%@1224] EMC_FREQ 2%@1600 GR3D_FREQ 96%@921 APE 25 PLL@35.5C CPU@37.5C PMIC@50C GPU@37.5C AO@45C thermal@37.25C POM_5V_IN 3153/4281 POM_5V_GPU 1303/1589 POM_5V_CPU 252/629
RAM 1802/3964MB (lfb 148x4MB) SWAP 0/1982MB (cached 0MB) IRAM 0/252kB(lfb 252kB) CPU [1%@1326,30%@1326,1%@1326,1%@1326] EMC_FREQ 2%@1600 GR3D_FREQ 42%@921 APE 25 PLL@36C CPU@38C PMIC@50C GPU@37C AO@45C thermal@37.75C POM_5V_IN 3719/4280 POM_5V_GPU 1295/1589 POM_5V_CPU 710/629
RAM 1802/3964MB (lfb 148x4MB) SWAP 0/1982MB (cached 0MB) IRAM 0/252kB(lfb 252kB) CPU [2%@1224,21%@1224,0%@1224,1%@1224] EMC_FREQ 3%@1600 GR3D_FREQ 99%@921 APE 25 PLL@35.5C CPU@37.5C PMIC@50C GPU@37.5C AO@45C thermal@37.5C POM_5V_IN 3032/4279 POM_5V_GPU 1263/1588 POM_5V_CPU 168/628
RAM 1802/3964MB (lfb 148x4MB) SWAP 0/1982MB (cached 0MB) IRAM 0/252kB(lfb 252kB) CPU [0%@1224,0%@1224,0%@1224,0%@1224] EMC_FREQ 2%@1600 GR3D_FREQ 96%@921 APE 25 PLL@35.5C CPU@37.5C PMIC@50C GPU@37C AO@44.5C thermal@37.25C POM_5V_IN 3032/4277 POM_5V_GPU 1221/1588 POM_5V_CPU 210/627
RAM 1802/3964MB (lfb 148x4MB) SWAP 0/1982MB (cached 0MB) IRAM 0/252kB(lfb 252kB) CPU [0%@1224,7%@1224,0%@1224,0%@1224] EMC_FREQ 2%@1600 GR3D_FREQ 96%@921 APE 25 PLL@35.5C CPU@37.5C PMIC@50C GPU@37.5C AO@45C thermal@37.25C POM_5V_IN 3316/4276 POM_5V_GPU 1385/1588 POM_5V_CPU 293/627
RAM 1802/3964MB (lfb 148x4MB) SWAP 0/1982MB (cached 0MB) IRAM 0/252kB(lfb 252kB) CPU [1%@1479,25%@1479,1%@1479,1%@1479] EMC_FREQ 2%@1600 GR3D_FREQ 0%@921 APE 25 PLL@35.5C CPU@37.5C PMIC@50C GPU@37.5C AO@44.5C thermal@37.75C POM_5V_IN 3032/4274 POM_5V_GPU 631/1586 POM_5V_CPU 758/627
RAM 1802/3964MB (lfb 148x4MB) SWAP 0/1982MB (cached 0MB) IRAM 0/252kB(lfb 252kB) CPU [1%@1224,24%@1224,1%@1224,0%@1224] EMC_FREQ 3%@1600 GR3D_FREQ 99%@921 APE 25 PLL@35.5C CPU@37.5C PMIC@50C GPU@37C AO@45C thermal@37.75C POM_5V_IN 3111/4273 POM_5V_GPU 1303/1586 POM_5V_CPU 210/627
RAM 1802/3964MB (lfb 148x4MB) SWAP 0/1982MB (cached 0MB) IRAM 0/252kB(lfb 252kB) CPU [1%@1224,0%@1224,0%@1224,0%@1224] EMC_FREQ 2%@1600 GR3D_FREQ 99%@921 APE 25 PLL@35.5C CPU@38C PMIC@50C GPU@37.5C AO@45C thermal@37.25C POM_5V_IN 3032/4271 POM_5V_GPU 1221/1585 POM_5V_CPU 168/626
RAM 1802/3964MB (lfb 148x4MB) SWAP 0/1982MB (cached 0MB) IRAM 0/252kB(lfb 252kB) CPU [0%@1224,7%@1224,0%@1224,1%@1224] EMC_FREQ 2%@1600 GR3D_FREQ 97%@921 APE 25 PLL@35.5C CPU@38C PMIC@50C GPU@37C AO@45C thermal@37.25C POM_5V_IN 3395/4270 POM_5V_GPU 1592/1585 POM_5V_CPU 209/625
RAM 1802/3964MB (lfb 148x4MB) SWAP 0/1982MB (cached 0MB) IRAM 0/252kB(lfb 252kB) CPU [1%@1224,21%@1224,1%@1224,0%@1224] EMC_FREQ 2%@1600 GR3D_FREQ 99%@921 APE 25 PLL@35.5C CPU@38C PMIC@50C GPU@37.5C AO@45C thermal@37.75C POM_5V_IN 3395/4268 POM_5V_GPU 1385/1585 POM_5V_CPU 335/625
RAM 1802/3964MB (lfb 148x4MB) SWAP 0/1982MB (cached 0MB) IRAM 0/252kB(lfb 252kB) CPU [6%@1224,27%@1224,1%@1224,2%@1224] EMC_FREQ 3%@1600 GR3D_FREQ 99%@921 APE 25 PLL@35.5C CPU@38C PMIC@50C GPU@37.5C AO@45C thermal@37.75C POM_5V_IN 2989/4267 POM_5V_GPU 1221/1585 POM_5V_CPU 168/624
RAM 1802/3964MB (lfb 148x4MB) SWAP 0/1982MB (cached 0MB) IRAM 0/252kB(lfb 252kB) CPU [1%@1224,0%@1224,0%@1224,0%@1224] EMC_FREQ 2%@1600 GR3D_FREQ 96%@921 APE 25 PLL@35.5C CPU@37.5C PMIC@50C GPU@37C AO@45C thermal@37.5C POM_5V_IN 3074/4265 POM_5V_GPU 1263/1584 POM_5V_CPU 168/624
RAM 1802/3964MB (lfb 148x4MB) SWAP 0/1982MB (cached 0MB) IRAM 0/252kB(lfb 252kB) CPU [7%@1224,0%@1224,0%@1224,0%@1224] EMC_FREQ 2%@1600 GR3D_FREQ 99%@921 APE 25 PLL@35.5C CPU@37.5C PMIC@50C GPU@37.5C AO@44.5C thermal@37.25C POM_5V_IN 3032/4264 POM_5V_GPU 1263/1584 POM_5V_CPU 168/623
RAM 1802/3964MB (lfb 148x4MB) SWAP 0/1982MB (cached 0MB) IRAM 0/252kB(lfb 252kB) CPU [19%@1428,0%@1428,0%@1428,1%@1428] EMC_FREQ 2%@1600 GR3D_FREQ 44%@921 APE 25 PLL@36C CPU@38C PMIC@50C GPU@37.5C AO@45C thermal@37.5C POM_5V_IN 3803/4263 POM_5V_GPU 1253/1583 POM_5V_CPU 794/623
RAM 1802/3964MB (lfb 148x4MB) SWAP 0/1982MB (cached 0MB) IRAM 0/252kB(lfb 252kB) CPU [19%@1224,16%@1224,1%@1224,1%@1224] EMC_FREQ 3%@1600 GR3D_FREQ 99%@921 APE 25 PLL@35.5C CPU@37.5C PMIC@50C GPU@37.5C AO@45C thermal@37.5C POM_5V_IN 3195/4261 POM_5V_GPU 1303/1583 POM_5V_CPU 252/623
RAM 1802/3964MB (lfb 147x4MB) SWAP 0/1982MB (cached 0MB) IRAM 0/252kB(lfb 252kB) CPU [0%@1224,1%@1224,0%@1224,0%@1224] EMC_FREQ 2%@1600 GR3D_FREQ 98%@921 APE 25 PLL@35.5C CPU@38C PMIC@50C GPU@37.5C AO@45C thermal@37.5C POM_5V_IN 3074/4260 POM_5V_GPU 1263/1583 POM_5V_CPU 210/622
RAM 1802/3964MB (lfb 147x4MB) SWAP 0/1982MB (cached 0MB) IRAM 0/252kB(lfb 252kB) CPU [1%@1224,7%@1224,0%@1224,0%@1224] EMC_FREQ 2%@1600 GR3D_FREQ 99%@921 APE 25 PLL@35.5C CPU@38C PMIC@50C GPU@37.5C AO@45C thermal@37.5C POM_5V_IN 3074/4258 POM_5V_GPU 1263/1582 POM_5V_CPU 168/622
RAM 1802/3964MB (lfb 147x4MB) SWAP 0/1982MB (cached 0MB) IRAM 0/252kB(lfb 252kB) CPU [1%@1224,12%@1224,1%@1224,1%@1224] EMC_FREQ 2%@1600 GR3D_FREQ 73%@921 APE 25 PLL@36C CPU@38C PMIC@50C GPU@37.5C AO@45C thermal@37.25C POM_5V_IN 3838/4258 POM_5V_GPU 1420/1582 POM_5V_CPU 667/622
RAM 1802/3964MB (lfb 147x4MB) SWAP 0/1982MB (cached 0MB) IRAM 0/252kB(lfb 252kB) CPU [29%@1224,4%@1224,1%@1224,1%@1224] EMC_FREQ 3%@1600 GR3D_FREQ 99%@921 APE 25 PLL@36C CPU@37.5C PMIC@50C GPU@37C AO@45C thermal@37.5C POM_5V_IN 3032/4256 POM_5V_GPU 1221/1582 POM_5V_CPU 210/621
RAM 1802/3964MB (lfb 147x4MB) SWAP 0/1982MB (cached 0MB) IRAM 0/252kB(lfb 252kB) CPU [9%@1224,0%@1224,1%@1224,0%@1224] EMC_FREQ 2%@1600 GR3D_FREQ 99%@921 APE 25 PLL@35.5C CPU@37.5C PMIC@50C GPU@37.5C AO@44.5C thermal@37.75C POM_5V_IN 3111/4255 POM_5V_GPU 1303/1581 POM_5V_CPU 168/621
RAM 1802/3964MB (lfb 147x4MB) SWAP 0/1982MB (cached 0MB) IRAM 0/252kB(lfb 252kB) CPU [3%@1224,0%@1224,0%@1224,0%@1224] EMC_FREQ 2%@1600 GR3D_FREQ 99%@921 APE 25 PLL@35.5C CPU@38C PMIC@50C GPU@37C AO@44.5C thermal@37.25C POM_5V_IN 3032/4253 POM_5V_GPU 1221/1581 POM_5V_CPU 210/620
RAM 1802/3964MB (lfb 147x4MB) SWAP 0/1982MB (cached 0MB) IRAM 0/252kB(lfb 252kB) CPU [8%@1224,0%@1224,0%@1224,0%@1224] EMC_FREQ 2%@1600 GR3D_FREQ 99%@921 APE 25 PLL@35.5C CPU@37.5C PMIC@50C GPU@37C AO@45C thermal@37.25C POM_5V_IN 3153/4252 POM_5V_GPU 1303/1580 POM_5V_CPU 252/620
RAM 1802/3964MB (lfb 147x4MB) SWAP 0/1982MB (cached 0MB) IRAM 0/252kB(lfb 252kB) CPU [36%@1224,1%@1224,0%@1224,1%@1224] EMC_FREQ 3%@1600 GR3D_FREQ 42%@921 APE 25 PLL@36C CPU@38C PMIC@50C GPU@37.5C AO@45C thermal@37.5C POM_5V_IN 3755/4251 POM_5V_GPU 1420/1580 POM_5V_CPU 668/620
RAM 1802/3964MB (lfb 147x4MB) SWAP 0/1982MB (cached 0MB) IRAM 0/252kB(lfb 252kB) CPU [10%@1224,0%@1224,0%@1224,1%@1224] EMC_FREQ 2%@1600 GR3D_FREQ 99%@921 APE 25 PLL@35.5C CPU@37.5C PMIC@50C GPU@37C AO@44.5C thermal@37.25C POM_5V_IN 2989/4249 POM_5V_GPU 1221/1580 POM_5V_CPU 168/619
RAM 1802/3964MB (lfb 147x4MB) SWAP 0/1982MB (cached 0MB) IRAM 0/252kB(lfb 252kB) CPU [3%@1224,0%@1224,0%@1224,0%@1224] EMC_FREQ 2%@1600 GR3D_FREQ 99%@921 APE 25 PLL@35.5C CPU@37.5C PMIC@50C GPU@37C AO@44.5C thermal@37.5C POM_5V_IN 3074/4248 POM_5V_GPU 1263/1579 POM_5V_CPU 168/619
RAM 1802/3964MB (lfb 146x4MB) SWAP 0/1982MB (cached 0MB) IRAM 0/252kB(lfb 252kB) CPU [6%@1224,0%@1224,0%@1224,3%@1224] EMC_FREQ 2%@1600 GR3D_FREQ 99%@921 APE 25 PLL@35.5C CPU@37.5C PMIC@50C GPU@37.5C AO@45C thermal@37.5C POM_5V_IN 3153/4246 POM_5V_GPU 1219/1579 POM_5V_CPU 336/618
RAM 1802/3964MB (lfb 146x4MB) SWAP 0/1982MB (cached 0MB) IRAM 0/252kB(lfb 252kB) CPU [32%@1224,0%@1224,3%@1224,1%@1224] EMC_FREQ 3%@1600 GR3D_FREQ 99%@921 APE 25 PLL@36C CPU@38C PMIC@50C GPU@37.5C AO@45C thermal@37.5C POM_5V_IN 3641/4245 POM_5V_GPU 1423/1579 POM_5V_CPU 502/618
RAM 1802/3964MB (lfb 146x4MB) SWAP 0/1982MB (cached 0MB) IRAM 0/252kB(lfb 252kB) CPU [15%@1224,2%@1224,0%@1224,1%@1224] EMC_FREQ 2%@1600 GR3D_FREQ 96%@921 APE 25 PLL@35.5C CPU@37.5C PMIC@50C GPU@37.5C AO@45C thermal@37.75C POM_5V_IN 3074/4244 POM_5V_GPU 1263/1578 POM_5V_CPU 168/617
RAM 1802/3964MB (lfb 146x4MB) SWAP 0/1982MB (cached 0MB) IRAM 0/252kB(lfb 252kB) CPU [1%@1224,0%@1224,0%@1224,0%@1224] EMC_FREQ 2%@1600 GR3D_FREQ 99%@921 APE 25 PLL@35.5C CPU@37.5C PMIC@50C GPU@37C AO@45C thermal@37.25C POM_5V_IN 3074/4242 POM_5V_GPU 1263/1578 POM_5V_CPU 210/617
RAM 1802/3964MB (lfb 146x4MB) SWAP 0/1982MB (cached 0MB) IRAM 0/252kB(lfb 252kB) CPU [7%@1224,0%@1224,0%@1224,0%@1224] EMC_FREQ 2%@1600 GR3D_FREQ 93%@921 APE 25 PLL@35.5C CPU@37.5C PMIC@50C GPU@37.5C AO@45C thermal@37.25C POM_5V_IN 3274/4241 POM_5V_GPU 1343/1577 POM_5V_CPU 293/616
RAM 1802/3964MB (lfb 146x4MB) SWAP 0/1982MB (cached 0MB) IRAM 0/252kB(lfb 252kB) CPU [32%@1224,1%@1224,1%@1224,1%@1224] EMC_FREQ 3%@1600 GR3D_FREQ 89%@921 APE 25 PLL@35.5C CPU@37.5C PMIC@50C GPU@37.5C AO@45.5C thermal@37.25C POM_5V_IN 3761/4240 POM_5V_GPU 1504/1577 POM_5V_CPU 585/616
RAM 1802/3964MB (lfb 146x4MB) SWAP 0/1982MB (cached 0MB) IRAM 0/252kB(lfb 252kB) CPU [22%@1224,1%@1224,1%@1224,1%@1224] EMC_FREQ 3%@1600 GR3D_FREQ 99%@921 APE 25 PLL@35.5C CPU@37.5C PMIC@50C GPU@37C AO@45C thermal@37.5C POM_5V_IN 3032/4239 POM_5V_GPU 1263/1577 POM_5V_CPU 168/616
RAM 1802/3964MB (lfb 146x4MB) SWAP 0/1982MB (cached 0MB) IRAM 0/252kB(lfb 252kB) CPU [8%@1224,0%@1224,0%@1224,0%@1224] EMC_FREQ 2%@1600 GR3D_FREQ 96%@921 APE 25 PLL@35.5C CPU@37.5C PMIC@50C GPU@37.5C AO@45C thermal@37.5C POM_5V_IN 3437/4238 POM_5V_GPU 1509/1577 POM_5V_CPU 209/615
RAM 1802/3964MB (lfb 146x4MB) SWAP 0/1982MB (cached 0MB) IRAM 0/252kB(lfb 252kB) CPU [38%@1224,1%@1224,1%@1224,1%@1224] EMC_FREQ 3%@1600 GR3D_FREQ 85%@921 APE 25 PLL@35.5C CPU@38C PMIC@50C GPU@37.5C AO@45C thermal@37.5C POM_5V_IN 3797/4237 POM_5V_GPU 1543/1577 POM_5V_CPU 543/615
RAM 1802/3964MB (lfb 146x4MB) SWAP 0/1982MB (cached 0MB) IRAM 0/252kB(lfb 252kB) CPU [13%@1224,0%@1224,4%@1224,1%@1224] EMC_FREQ 3%@1600 GR3D_FREQ 99%@921 APE 25 PLL@35.5C CPU@37.5C PMIC@50C GPU@37.5C AO@44.5C thermal@37.25C POM_5V_IN 3032/4236 POM_5V_GPU 1263/1576 POM_5V_CPU 168/615
RAM 1802/3964MB (lfb 147x4MB) SWAP 0/1982MB (cached 0MB) IRAM 0/252kB(lfb 252kB) CPU [1%@1224,1%@1224,0%@1224,0%@1224] EMC_FREQ 2%@1600 GR3D_FREQ 96%@921 APE 25 PLL@35.5C CPU@38C PMIC@50C GPU@37.5C AO@44.5C thermal@37.75C POM_5V_IN 3074/4234 POM_5V_GPU 1263/1576 POM_5V_CPU 168/614
RAM 1802/3964MB (lfb 147x4MB) SWAP 0/1982MB (cached 0MB) IRAM 0/252kB(lfb 252kB) CPU [8%@1224,0%@1224,0%@1224,0%@1224] EMC_FREQ 2%@1600 GR3D_FREQ 96%@921 APE 25 PLL@35.5C CPU@38C PMIC@50C GPU@37.5C AO@45C thermal@37.75C POM_5V_IN 3232/4233 POM_5V_GPU 1343/1576 POM_5V_CPU 293/614
RAM 1802/3964MB (lfb 147x4MB) SWAP 0/1982MB (cached 0MB) IRAM 0/252kB(lfb 252kB) CPU [33%@1479,2%@1479,2%@1479,0%@1479] EMC_FREQ 3%@1600 GR3D_FREQ 87%@921 APE 25 PLL@36C CPU@38C PMIC@50C GPU@38C AO@45C thermal@37.75C POM_5V_IN 3641/4232 POM_5V_GPU 1213/1575 POM_5V_CPU 627/614
RAM 1802/3964MB (lfb 147x4MB) SWAP 0/1982MB (cached 0MB) IRAM 0/252kB(lfb 252kB) CPU [13%@1224,4%@1224,2%@1224,1%@1224] EMC_FREQ 3%@1600 GR3D_FREQ 99%@921 APE 25 PLL@35.5C CPU@38C PMIC@50C GPU@37.5C AO@45C thermal@37.75C POM_5V_IN 2989/4231 POM_5V_GPU 1221/1575 POM_5V_CPU 168/613
RAM 1802/3964MB (lfb 147x4MB) SWAP 0/1982MB (cached 0MB) IRAM 0/252kB(lfb 252kB) CPU [0%@1224,0%@1224,0%@1224,0%@1224] EMC_FREQ 2%@1600 GR3D_FREQ 99%@921 APE 25 PLL@35.5C CPU@38C PMIC@50C GPU@37.5C AO@45C thermal@37.5C POM_5V_IN 2989/4229 POM_5V_GPU 1221/1574 POM_5V_CPU 168/612
RAM 1802/3964MB (lfb 147x4MB) SWAP 0/1982MB (cached 0MB) IRAM 0/252kB(lfb 252kB) CPU [7%@1224,0%@1224,0%@1224,0%@1224] EMC_FREQ 2%@1600 GR3D_FREQ 99%@921 APE 25 PLL@35.5C CPU@37.5C PMIC@50C GPU@37.5C AO@45C thermal@37.5C POM_5V_IN 2989/4227 POM_5V_GPU 1221/1574 POM_5V_CPU 168/612
RAM 1802/3964MB (lfb 147x4MB) SWAP 0/1982MB (cached 0MB) IRAM 0/252kB(lfb 252kB) CPU [5%@1224,0%@1224,0%@1224,0%@1224] EMC_FREQ 2%@1600 GR3D_FREQ 96%@921 APE 25 PLL@36C CPU@38C PMIC@50C GPU@38C AO@45C thermal@37.5C POM_5V_IN 3153/4226 POM_5V_GPU 1303/1573 POM_5V_CPU 252/611
RAM 1802/3964MB (lfb 147x4MB) SWAP 0/1982MB (cached 0MB) IRAM 0/252kB(lfb 252kB) CPU [29%@1224,2%@1224,1%@1224,0%@1224] EMC_FREQ 2%@1600 GR3D_FREQ 86%@921 APE 25 PLL@36C CPU@38C PMIC@50C GPU@37.5C AO@45C thermal@38C POM_5V_IN 3719/4225 POM_5V_GPU 1420/1573 POM_5V_CPU 585/611
RAM 1802/3964MB (lfb 147x4MB) SWAP 0/1982MB (cached 0MB) IRAM 0/252kB(lfb 252kB) CPU [7%@1224,15%@1224,2%@1224,1%@1224] EMC_FREQ 2%@1600 GR3D_FREQ 99%@921 APE 25 PLL@36C CPU@38C PMIC@50C GPU@37.5C AO@45C thermal@37.75C POM_5V_IN 2989/4224 POM_5V_GPU 1221/1573 POM_5V_CPU 168/611
RAM 1802/3964MB (lfb 147x4MB) SWAP 0/1982MB (cached 0MB) IRAM 0/252kB(lfb 252kB) CPU [0%@1224,0%@1224,0%@1224,0%@1224] EMC_FREQ 2%@1600 GR3D_FREQ 98%@921 APE 25 PLL@35.5C CPU@38C PMIC@50C GPU@37.5C AO@45C thermal@37.75C POM_5V_IN 3153/4222 POM_5V_GPU 1345/1572 POM_5V_CPU 210/610
RAM 1802/3964MB (lfb 146x4MB) SWAP 0/1982MB (cached 0MB) IRAM 0/252kB(lfb 252kB) CPU [1%@1224,8%@1224,0%@1224,0%@1224] EMC_FREQ 2%@1600 GR3D_FREQ 95%@921 APE 25 PLL@35.5C CPU@38C PMIC@50C GPU@37.5C AO@45C thermal@37.75C POM_5V_IN 3195/4221 POM_5V_GPU 1345/1572 POM_5V_CPU 210/610
RAM 1802/3964MB (lfb 146x4MB) SWAP 0/1982MB (cached 0MB) IRAM 0/252kB(lfb 252kB) CPU [1%@1479,27%@1479,1%@1479,1%@1479] EMC_FREQ 2%@1600 GR3D_FREQ 0%@921 APE 25 PLL@36C CPU@37.5C PMIC@50C GPU@37C AO@44.5C thermal@37.75C POM_5V_IN 2989/4219 POM_5V_GPU 590/1571 POM_5V_CPU 716/610
RAM 1802/3964MB (lfb 146x4MB) SWAP 0/1982MB (cached 0MB) IRAM 0/252kB(lfb 252kB) CPU [2%@1224,22%@1224,4%@1224,2%@1224] EMC_FREQ 3%@1600 GR3D_FREQ 99%@921 APE 25 PLL@36C CPU@37.5C PMIC@50C GPU@37C AO@45C thermal@37.5C POM_5V_IN 3032/4218 POM_5V_GPU 1221/1570 POM_5V_CPU 210/609
RAM 1802/3964MB (lfb 146x4MB) SWAP 0/1982MB (cached 0MB) IRAM 0/252kB(lfb 252kB) CPU [0%@1224,1%@1224,0%@1224,0%@1224] EMC_FREQ 2%@1600 GR3D_FREQ 99%@921 APE 25 PLL@35.5C CPU@37.5C PMIC@50C GPU@37C AO@45C thermal@37.5C POM_5V_IN 3032/4216 POM_5V_GPU 1263/1570 POM_5V_CPU 168/609
RAM 1802/3964MB (lfb 146x4MB) SWAP 0/1982MB (cached 0MB) IRAM 0/252kB(lfb 252kB) CPU [1%@1224,4%@1224,0%@1224,3%@1224] EMC_FREQ 2%@1600 GR3D_FREQ 99%@921 APE 25 PLL@36C CPU@37.5C PMIC@50C GPU@37C AO@44.5C thermal@37.25C POM_5V_IN 3032/4215 POM_5V_GPU 1263/1570 POM_5V_CPU 168/608
RAM 1802/3964MB (lfb 146x4MB) SWAP 0/1982MB (cached 0MB) IRAM 0/252kB(lfb 252kB) CPU [0%@1224,21%@1224,1%@1224,0%@1224] EMC_FREQ 2%@1600 GR3D_FREQ 82%@921 APE 25 PLL@36.5C CPU@38C PMIC@50C GPU@37.5C AO@45C thermal@37.5C POM_5V_IN 3677/4214 POM_5V_GPU 1420/1569 POM_5V_CPU 585/608
RAM 1802/3964MB (lfb 146x4MB) SWAP 0/1982MB (cached 0MB) IRAM 0/252kB(lfb 252kB) CPU [12%@1224,21%@1224,1%@1224,2%@1224] EMC_FREQ 3%@1600 GR3D_FREQ 99%@921 APE 25 PLL@35.5C CPU@37.5C PMIC@50C GPU@37.5C AO@45C thermal@37.75C POM_5V_IN 2989/4213 POM_5V_GPU 1179/1569 POM_5V_CPU 210/608
RAM 1802/3964MB (lfb 146x4MB) SWAP 0/1982MB (cached 0MB) IRAM 0/252kB(lfb 252kB) CPU [0%@1224,0%@1224,0%@1224,0%@1224] EMC_FREQ 2%@1600 GR3D_FREQ 99%@921 APE 25 PLL@35.5C CPU@38C PMIC@50C GPU@37.5C AO@44.5C thermal@37.5C POM_5V_IN 2989/4211 POM_5V_GPU 1221/1569 POM_5V_CPU 168/607
RAM 1802/3964MB (lfb 146x4MB) SWAP 0/1982MB (cached 0MB) IRAM 0/252kB(lfb 252kB) CPU [8%@1224,0%@1224,0%@1224,0%@1224] EMC_FREQ 2%@1600 GR3D_FREQ 99%@921 APE 25 PLL@35.5C CPU@38C PMIC@50C GPU@37.5C AO@45C thermal@37.5C POM_5V_IN 3032/4210 POM_5V_GPU 1263/1568 POM_5V_CPU 168/607
RAM 1802/3964MB (lfb 146x4MB) SWAP 0/1982MB (cached 0MB) IRAM 0/252kB(lfb 252kB) CPU [11%@1428,0%@1428,0%@1428,0%@1428] EMC_FREQ 2%@1600 GR3D_FREQ 33%@921 APE 25 PLL@36C CPU@38C PMIC@50C GPU@37.5C AO@45C thermal@37.75C POM_5V_IN 3838/4209 POM_5V_GPU 1335/1568 POM_5V_CPU 833/607
RAM 1802/3964MB (lfb 143x4MB) SWAP 0/1982MB (cached 0MB) IRAM 0/252kB(lfb 252kB) CPU [30%@1224,2%@1224,1%@1224,3%@1224] EMC_FREQ 3%@1600 GR3D_FREQ 99%@921 APE 25 PLL@35.5C CPU@38C PMIC@50C GPU@38C AO@45C thermal@37.75C POM_5V_IN 3153/4208 POM_5V_GPU 1261/1567 POM_5V_CPU 252/606
RAM 1802/3964MB (lfb 143x4MB) SWAP 0/1982MB (cached 0MB) IRAM 0/252kB(lfb 252kB) CPU [1%@1224,8%@1224,0%@1224,0%@1224] EMC_FREQ 2%@1600 GR3D_FREQ 99%@921 APE 25 PLL@36C CPU@38C PMIC@50C GPU@37.5C AO@44.5C thermal@37.75C POM_5V_IN 3111/4206 POM_5V_GPU 1303/1567 POM_5V_CPU 168/606
RAM 1802/3964MB (lfb 143x4MB) SWAP 0/1982MB (cached 0MB) IRAM 0/252kB(lfb 252kB) CPU [0%@1224,3%@1224,0%@1224,0%@1224] EMC_FREQ 2%@1600 GR3D_FREQ 99%@921 APE 25 PLL@35.5C CPU@37.5C PMIC@50C GPU@37C AO@45C thermal@37.5C POM_5V_IN 3032/4205 POM_5V_GPU 1179/1567 POM_5V_CPU 252/605
RAM 1802/3964MB (lfb 143x4MB) SWAP 0/1982MB (cached 0MB) IRAM 0/252kB(lfb 252kB) CPU [0%@1224,7%@1224,0%@1224,0%@1224] EMC_FREQ 2%@1600 GR3D_FREQ 99%@921 APE 25 PLL@35.5C CPU@38C PMIC@50C GPU@37.5C AO@45C thermal@37.5C POM_5V_IN 3153/4204 POM_5V_GPU 1303/1566 POM_5V_CPU 210/605
RAM 1802/3964MB (lfb 143x4MB) SWAP 0/1982MB (cached 0MB) IRAM 0/252kB(lfb 252kB) CPU [3%@1479,38%@1479,1%@1479,1%@1479] EMC_FREQ 3%@1600 GR3D_FREQ 80%@921 APE 25 PLL@36C CPU@38C PMIC@50C GPU@37.5C AO@45.5C thermal@37.75C POM_5V_IN 3719/4203 POM_5V_GPU 1295/1566 POM_5V_CPU 751/605
RAM 1802/3964MB (lfb 143x4MB) SWAP 0/1982MB (cached 0MB) IRAM 0/252kB(lfb 252kB) CPU [1%@1224,13%@1224,1%@1224,1%@1224] EMC_FREQ 2%@1600 GR3D_FREQ 99%@921 APE 25 PLL@35.5C CPU@37.5C PMIC@50C GPU@37.5C AO@45C thermal@37.25C POM_5V_IN 2989/4201 POM_5V_GPU 1221/1566 POM_5V_CPU 210/605
RAM 1802/3964MB (lfb 143x4MB) SWAP 0/1982MB (cached 0MB) IRAM 0/252kB(lfb 252kB) CPU [0%@1224,0%@1224,0%@1224,0%@1224] EMC_FREQ 2%@1600 GR3D_FREQ 95%@921 APE 25 PLL@35.5C CPU@38C PMIC@50C GPU@37.5C AO@45C thermal@37.5C POM_5V_IN 3111/4200 POM_5V_GPU 1261/1565 POM_5V_CPU 252/604
RAM 1802/3964MB (lfb 143x4MB) SWAP 0/1982MB (cached 0MB) IRAM 0/252kB(lfb 252kB) CPU [0%@1479,9%@1479,0%@1479,0%@1479] EMC_FREQ 2%@1600 GR3D_FREQ 46%@921 APE 25 PLL@35.5C CPU@38C PMIC@50C GPU@37.5C AO@45C thermal@37.25C POM_5V_IN 3274/4199 POM_5V_GPU 1133/1565 POM_5V_CPU 461/604
RAM 1802/3964MB (lfb 143x4MB) SWAP 0/1982MB (cached 0MB) IRAM 0/252kB(lfb 252kB) CPU [2%@1224,33%@1224,1%@1224,1%@1224] EMC_FREQ 3%@1600 GR3D_FREQ 44%@921 APE 25 PLL@35.5C CPU@38C PMIC@50C GPU@37.5C AO@45.5C thermal@37.25C POM_5V_IN 3803/4198 POM_5V_GPU 1337/1564 POM_5V_CPU 667/604
RAM 1802/3964MB (lfb 143x4MB) SWAP 0/1982MB (cached 0MB) IRAM 0/252kB(lfb 252kB) CPU [2%@1224,21%@1224,0%@1224,1%@1224] EMC_FREQ 2%@1600 GR3D_FREQ 99%@921 APE 25 PLL@35.5C CPU@38C PMIC@50C GPU@37.5C AO@45C thermal@37.75C POM_5V_IN 2989/4197 POM_5V_GPU 1221/1564 POM_5V_CPU 168/604
RAM 1802/3964MB (lfb 141x4MB) SWAP 0/1982MB (cached 0MB) IRAM 0/252kB(lfb 252kB) CPU [0%@1224,2%@1224,0%@1224,0%@1224] EMC_FREQ 2%@1600 GR3D_FREQ 95%@921 APE 25 PLL@35.5C CPU@38C PMIC@50C GPU@37.5C AO@45C thermal@37.75C POM_5V_IN 3316/4196 POM_5V_GPU 1259/1564 POM_5V_CPU 335/603
RAM 1802/3964MB (lfb 141x4MB) SWAP 0/1982MB (cached 0MB) IRAM 0/252kB(lfb 252kB) CPU [0%@1224,6%@1224,0%@1224,0%@1224] EMC_FREQ 2%@1600 GR3D_FREQ 96%@921 APE 25 PLL@35.5C CPU@37.5C PMIC@50C GPU@37.5C AO@45C thermal@37.75C POM_5V_IN 3195/4195 POM_5V_GPU 1345/1563 POM_5V_CPU 210/603
RAM 1802/3964MB (lfb 141x4MB) SWAP 0/1982MB (cached 0MB) IRAM 0/252kB(lfb 252kB) CPU [2%@1479,27%@1479,0%@1479,2%@1479] EMC_FREQ 2%@1600 GR3D_FREQ 0%@921 APE 25 PLL@36C CPU@37.5C PMIC@50C GPU@37C AO@44.5C thermal@37.25C POM_5V_IN 3032/4193 POM_5V_GPU 589/1562 POM_5V_CPU 758/603
RAM 1802/3964MB (lfb 141x4MB) SWAP 0/1982MB (cached 0MB) IRAM 0/252kB(lfb 252kB) CPU [0%@1224,26%@1224,0%@1224,1%@1224] EMC_FREQ 3%@1600 GR3D_FREQ 99%@921 APE 25 PLL@35.5C CPU@37.5C PMIC@50C GPU@37C AO@44.5C thermal@37.5C POM_5V_IN 2989/4192 POM_5V_GPU 1221/1562 POM_5V_CPU 168/602
RAM 1802/3964MB (lfb 141x4MB) SWAP 0/1982MB (cached 0MB) IRAM 0/252kB(lfb 252kB) CPU [0%@1224,0%@1224,0%@1224,0%@1224] EMC_FREQ 2%@1600 GR3D_FREQ 99%@921 APE 25 PLL@35.5C CPU@38C PMIC@50C GPU@37.5C AO@45C thermal@37.25C POM_5V_IN 3032/4190 POM_5V_GPU 1221/1561 POM_5V_CPU 168/602
RAM 1802/3964MB (lfb 141x4MB) SWAP 0/1982MB (cached 0MB) IRAM 0/252kB(lfb 252kB) CPU [1%@1224,7%@1224,0%@1224,0%@1224] EMC_FREQ 2%@1600 GR3D_FREQ 99%@921 APE 25 PLL@35.5C CPU@37.5C PMIC@50C GPU@37.5C AO@45C thermal@37.5C POM_5V_IN 3032/4189 POM_5V_GPU 1263/1561 POM_5V_CPU 168/601
RAM 1802/3964MB (lfb 141x4MB) SWAP 0/1982MB (cached 0MB) IRAM 0/252kB(lfb 252kB) CPU [1%@1224,22%@1224,1%@1224,1%@1224] EMC_FREQ 2%@1600 GR3D_FREQ 96%@921 APE 25 PLL@36C CPU@38C PMIC@50C GPU@37.5C AO@45.5C thermal@37.5C POM_5V_IN 3761/4188 POM_5V_GPU 1462/1561 POM_5V_CPU 543/601
RAM 1802/3964MB (lfb 141x4MB) SWAP 0/1982MB (cached 0MB) IRAM 0/252kB(lfb 252kB) CPU [3%@1224,31%@1224,1%@1224,1%@1224] EMC_FREQ 3%@1600 GR3D_FREQ 99%@921 APE 25 PLL@35.5C CPU@37.5C PMIC@50C GPU@37.5C AO@45C thermal@37.5C POM_5V_IN 3111/4187 POM_5V_GPU 1303/1560 POM_5V_CPU 210/601
RAM 1802/3964MB (lfb 141x4MB) SWAP 0/1982MB (cached 0MB) IRAM 0/252kB(lfb 252kB) CPU [0%@1224,0%@1224,0%@1224,0%@1224] EMC_FREQ 2%@1600 GR3D_FREQ 99%@921 APE 25 PLL@35.5C CPU@37.5C PMIC@50C GPU@37.5C AO@45C thermal@37.25C POM_5V_IN 3032/4185 POM_5V_GPU 1263/1560 POM_5V_CPU 210/600
RAM 1802/3964MB (lfb 141x4MB) SWAP 0/1982MB (cached 0MB) IRAM 0/252kB(lfb 252kB) CPU [1%@1224,7%@1224,0%@1224,0%@1224] EMC_FREQ 2%@1600 GR3D_FREQ 96%@921 APE 25 PLL@36C CPU@37.5C PMIC@50C GPU@37C AO@45C thermal@37.5C POM_5V_IN 3111/4184 POM_5V_GPU 1303/1560 POM_5V_CPU 168/600
RAM 1802/3964MB (lfb 141x4MB) SWAP 0/1982MB (cached 0MB) IRAM 0/252kB(lfb 252kB) CPU [1%@1224,16%@1224,0%@1224,1%@1224] EMC_FREQ 2%@1600 GR3D_FREQ 47%@921 APE 25 PLL@35.5C CPU@38C PMIC@50C GPU@37.5C AO@45C thermal@37.5C POM_5V_IN 3677/4183 POM_5V_GPU 1464/1560 POM_5V_CPU 502/600
RAM 1802/3964MB (lfb 140x4MB) SWAP 0/1982MB (cached 0MB) IRAM 0/252kB(lfb 252kB) CPU [2%@1224,38%@1224,1%@1224,1%@1224] EMC_FREQ 3%@1600 GR3D_FREQ 99%@921 APE 25 PLL@36C CPU@37.5C PMIC@50C GPU@37.5C AO@44.5C thermal@37.75C POM_5V_IN 3111/4182 POM_5V_GPU 1051/1559 POM_5V_CPU 378/599
RAM 1802/3964MB (lfb 140x4MB) SWAP 0/1982MB (cached 0MB) IRAM 0/252kB(lfb 252kB) CPU [0%@1224,0%@1224,0%@1224,0%@1224] EMC_FREQ 2%@1600 GR3D_FREQ 99%@921 APE 25 PLL@36C CPU@37.5C PMIC@50C GPU@37.5C AO@44.5C thermal@37.5C POM_5V_IN 3032/4181 POM_5V_GPU 1221/1559 POM_5V_CPU 168/599
RAM 1802/3964MB (lfb 140x4MB) SWAP 0/1982MB (cached 0MB) IRAM 0/252kB(lfb 252kB) CPU [1%@1224,7%@1224,0%@1224,0%@1224] EMC_FREQ 2%@1600 GR3D_FREQ 99%@921 APE 25 PLL@35.5C CPU@38C PMIC@50C GPU@37.5C AO@44.5C thermal@37.5C POM_5V_IN 3074/4179 POM_5V_GPU 1221/1558 POM_5V_CPU 252/598
RAM 1802/3964MB (lfb 140x4MB) SWAP 0/1982MB (cached 0MB) IRAM 0/252kB(lfb 252kB) CPU [1%@1224,6%@1224,0%@1224,0%@1224] EMC_FREQ 2%@1600 GR3D_FREQ 65%@921 APE 25 PLL@36C CPU@38C PMIC@50C GPU@37.5C AO@45C thermal@37.5C POM_5V_IN 3677/4179 POM_5V_GPU 1423/1558 POM_5V_CPU 543/598
RAM 1802/3964MB (lfb 140x4MB) SWAP 0/1982MB (cached 0MB) IRAM 0/252kB(lfb 252kB) CPU [9%@1224,28%@1224,1%@1224,1%@1224] EMC_FREQ 3%@1600 GR3D_FREQ 99%@921 APE 25 PLL@36C CPU@38C PMIC@50C GPU@38C AO@45.5C thermal@37.5C POM_5V_IN 3479/4178 POM_5V_GPU 1341/1558 POM_5V_CPU 544/598
RAM 1802/3964MB (lfb 140x4MB) SWAP 0/1982MB (cached 0MB) IRAM 0/252kB(lfb 252kB) CPU [11%@1224,0%@1224,1%@1224,0%@1224] EMC_FREQ 2%@1600 GR3D_FREQ 99%@921 APE 25 PLL@35.5C CPU@37.5C PMIC@50C GPU@37.5C AO@45C thermal@37.5C POM_5V_IN 3069/4176 POM_5V_GPU 1303/1557 POM_5V_CPU 210/598
RAM 1802/3964MB (lfb 140x4MB) SWAP 0/1982MB (cached 0MB) IRAM 0/252kB(lfb 252kB) CPU [11%@1224,0%@1224,0%@1224,0%@1224] EMC_FREQ 2%@1600 GR3D_FREQ 98%@921 APE 25 PLL@36C CPU@37.5C PMIC@50C GPU@38C AO@46C thermal@37.5C POM_5V_IN 3552/4176 POM_5V_GPU 1710/1558 POM_5V_CPU 333/597
RAM 1802/3964MB (lfb 140x4MB) SWAP 0/1982MB (cached 0MB) IRAM 0/252kB(lfb 252kB) CPU [39%@1224,1%@1224,1%@1224,2%@1224] EMC_FREQ 3%@1600 GR3D_FREQ 96%@921 APE 25 PLL@36C CPU@38C PMIC@50C GPU@37.5C AO@45C thermal@38C POM_5V_IN 3479/4175 POM_5V_GPU 1341/1557 POM_5V_CPU 503/597
RAM 1802/3964MB (lfb 140x4MB) SWAP 0/1982MB (cached 0MB) IRAM 0/252kB(lfb 252kB) CPU [8%@1224,0%@1224,0%@1224,1%@1224] EMC_FREQ 3%@1600 GR3D_FREQ 99%@921 APE 25 PLL@36C CPU@37C PMIC@50C GPU@37.5C AO@45C thermal@37.5C POM_5V_IN 2989/4173 POM_5V_GPU 1221/1557 POM_5V_CPU 168/597
RAM 1802/3964MB (lfb 140x4MB) SWAP 0/1982MB (cached 0MB) IRAM 0/252kB(lfb 252kB) CPU [5%@1224,0%@1224,0%@1224,0%@1224] EMC_FREQ 2%@1600 GR3D_FREQ 99%@921 APE 25 PLL@36C CPU@37.5C PMIC@50C GPU@37.5C AO@45C thermal@37.5C POM_5V_IN 3032/4172 POM_5V_GPU 1137/1556 POM_5V_CPU 252/596
RAM 1802/3964MB (lfb 137x4MB) SWAP 0/1982MB (cached 0MB) IRAM 0/252kB(lfb 252kB) CPU [4%@1224,3%@1224,1%@1224,0%@1224] EMC_FREQ 2%@1600 GR3D_FREQ 98%@921 APE 25 PLL@35.5C CPU@37.5C PMIC@50C GPU@37.5C AO@45C thermal@37.75C POM_5V_IN 3232/4171 POM_5V_GPU 1343/1556 POM_5V_CPU 251/596
RAM 1802/3964MB (lfb 137x4MB) SWAP 0/1982MB (cached 0MB) IRAM 0/252kB(lfb 252kB) CPU [36%@1224,1%@1224,1%@1224,1%@1224] EMC_FREQ 3%@1600 GR3D_FREQ 38%@921 APE 25 PLL@36C CPU@38C PMIC@50C GPU@37.5C AO@45.5C thermal@38C POM_5V_IN 3719/4170 POM_5V_GPU 1337/1556 POM_5V_CPU 710/596
RAM 1802/3964MB (lfb 137x4MB) SWAP 0/1982MB (cached 0MB) IRAM 0/252kB(lfb 252kB) CPU [13%@1224,0%@1224,0%@1224,1%@1224] EMC_FREQ 2%@1600 GR3D_FREQ 99%@921 APE 25 PLL@36C CPU@37.5C PMIC@50C GPU@37.5C AO@45C thermal@37.75C POM_5V_IN 2947/4169 POM_5V_GPU 1221/1555 POM_5V_CPU 168/596
RAM 1802/3964MB (lfb 137x4MB) SWAP 0/1982MB (cached 0MB) IRAM 0/252kB(lfb 252kB) CPU [3%@1479,0%@1479,0%@1479,0%@1479] EMC_FREQ 2%@1600 GR3D_FREQ 1%@921 APE 25 PLL@35.5C CPU@37.5C PMIC@50C GPU@37.5C AO@44.5C thermal@37.5C POM_5V_IN 3111/4168 POM_5V_GPU 967/1555 POM_5V_CPU 504/595
RAM 1802/3964MB (lfb 137x4MB) SWAP 0/1982MB (cached 0MB) IRAM 0/252kB(lfb 252kB) CPU [8%@1224,0%@1224,0%@1224,0%@1224] EMC_FREQ 2%@1600 GR3D_FREQ 58%@921 APE 25 PLL@36C CPU@37.5C PMIC@50C GPU@37C AO@45C thermal@37.25C POM_5V_IN 3237/4166 POM_5V_GPU 1177/1554 POM_5V_CPU 377/595
RAM 1802/3964MB (lfb 137x4MB) SWAP 0/1982MB (cached 0MB) IRAM 0/252kB(lfb 252kB) CPU [32%@1224,1%@1224,3%@1224,2%@1224] EMC_FREQ 3%@1600 GR3D_FREQ 66%@921 APE 25 PLL@36C CPU@38C PMIC@50C GPU@37.5C AO@45C thermal@37.5C POM_5V_IN 3838/4166 POM_5V_GPU 1462/1554 POM_5V_CPU 584/595
RAM 1802/3964MB (lfb 137x4MB) SWAP 0/1982MB (cached 0MB) IRAM 0/252kB(lfb 252kB) CPU [13%@1224,0%@1224,0%@1224,0%@1224] EMC_FREQ 2%@1600 GR3D_FREQ 99%@921 APE 25 PLL@35.5C CPU@37.5C PMIC@50C GPU@37.5C AO@45C thermal@37.5C POM_5V_IN 2989/4165 POM_5V_GPU 1221/1554 POM_5V_CPU 168/595
RAM 1802/3964MB (lfb 137x4MB) SWAP 0/1982MB (cached 0MB) IRAM 0/252kB(lfb 252kB) CPU [1%@1224,0%@1224,0%@1224,0%@1224] EMC_FREQ 2%@1600 GR3D_FREQ 96%@921 APE 25 PLL@36C CPU@37.5C PMIC@50C GPU@37C AO@45C thermal@37.5C POM_5V_IN 3074/4163 POM_5V_GPU 1263/1553 POM_5V_CPU 168/594
RAM 1802/3964MB (lfb 137x4MB) SWAP 0/1982MB (cached 0MB) IRAM 0/252kB(lfb 252kB) CPU [3%@1224,5%@1224,0%@1224,0%@1224] EMC_FREQ 2%@1600 GR3D_FREQ 99%@921 APE 25 PLL@36C CPU@38C PMIC@50C GPU@37.5C AO@44.5C thermal@37.75C POM_5V_IN 3153/4162 POM_5V_GPU 1135/1553 POM_5V_CPU 378/594
RAM 1802/3964MB (lfb 137x4MB) SWAP 0/1982MB (cached 0MB) IRAM 0/252kB(lfb 252kB) CPU [2%@1224,35%@1224,1%@1224,1%@1224] EMC_FREQ 3%@1600 GR3D_FREQ 84%@921 APE 25 PLL@36C CPU@38C PMIC@50C GPU@37.5C AO@45C thermal@37.75C POM_5V_IN 3803/4162 POM_5V_GPU 1504/1553 POM_5V_CPU 584/594
RAM 1802/3964MB (lfb 133x4MB) SWAP 0/1982MB (cached 0MB) IRAM 0/252kB(lfb 252kB) CPU [1%@1224,17%@1224,1%@1224,1%@1224] EMC_FREQ 2%@1600 GR3D_FREQ 99%@921 APE 25 PLL@35.5C CPU@38C PMIC@50C GPU@37.5C AO@45C thermal@37.75C POM_5V_IN 3069/4160 POM_5V_GPU 1263/1552 POM_5V_CPU 168/593
RAM 1802/3964MB (lfb 133x4MB) SWAP 0/1982MB (cached 0MB) IRAM 0/252kB(lfb 252kB) CPU [0%@1224,0%@1224,0%@1224,0%@1224] EMC_FREQ 2%@1600 GR3D_FREQ 98%@921 APE 25 PLL@35.5C CPU@37.5C PMIC@50C GPU@37.5C AO@45C thermal@37.75C POM_5V_IN 3111/4159 POM_5V_GPU 1261/1552 POM_5V_CPU 210/593
RAM 1802/3964MB (lfb 133x4MB) SWAP 0/1982MB (cached 0MB) IRAM 0/252kB(lfb 252kB) CPU [0%@1224,7%@1224,0%@1224,0%@1224] EMC_FREQ 2%@1600 GR3D_FREQ 97%@921 APE 25 PLL@35.5C CPU@38C PMIC@50C GPU@37.5C AO@45C thermal@37.75C POM_5V_IN 3274/4158 POM_5V_GPU 1385/1552 POM_5V_CPU 335/593
RAM 1802/3964MB (lfb 133x4MB) SWAP 0/1982MB (cached 0MB) IRAM 0/252kB(lfb 252kB) CPU [29%@1224,2%@1224,1%@1224,1%@1224] EMC_FREQ 3%@1600 GR3D_FREQ 91%@921 APE 25 PLL@36C CPU@38.5C PMIC@50C GPU@38C AO@45C thermal@37.75C POM_5V_IN 3761/4158 POM_5V_GPU 1462/1552 POM_5V_CPU 543/593
RAM 1802/3964MB (lfb 133x4MB) SWAP 0/1982MB (cached 0MB) IRAM 0/252kB(lfb 252kB) CPU [13%@1224,4%@1224,3%@1224,0%@1224] EMC_FREQ 3%@1600 GR3D_FREQ 99%@921 APE 25 PLL@35.5C CPU@38C PMIC@50C GPU@37.5C AO@45C thermal@37.75C POM_5V_IN 2989/4156 POM_5V_GPU 1221/1551 POM_5V_CPU 126/592
RAM 1802/3964MB (lfb 133x4MB) SWAP 0/1982MB (cached 0MB) IRAM 0/252kB(lfb 252kB) CPU [0%@1224,0%@1224,0%@1224,0%@1224] EMC_FREQ 2%@1600 GR3D_FREQ 96%@921 APE 25 PLL@35.5C CPU@38C PMIC@50C GPU@37.5C AO@45C thermal@37.5C POM_5V_IN 3153/4155 POM_5V_GPU 1303/1551 POM_5V_CPU 210/592
RAM 1802/3964MB (lfb 133x4MB) SWAP 0/1982MB (cached 0MB) IRAM 0/252kB(lfb 252kB) CPU [0%@1224,6%@1224,0%@1224,0%@1224] EMC_FREQ 2%@1600 GR3D_FREQ 95%@921 APE 25 PLL@35.5C CPU@37.5C PMIC@50C GPU@37.5C AO@45C thermal@37.75C POM_5V_IN 3237/4154 POM_5V_GPU 1387/1551 POM_5V_CPU 209/591
RAM 1802/3964MB (lfb 133x4MB) SWAP 0/1982MB (cached 0MB) IRAM 0/252kB(lfb 252kB) CPU [2%@1479,29%@1479,0%@1479,1%@1479] EMC_FREQ 2%@1600 GR3D_FREQ 20%@921 APE 25 PLL@36C CPU@38C PMIC@50C GPU@37.5C AO@45.5C thermal@37.5C POM_5V_IN 3557/4153 POM_5V_GPU 1171/1550 POM_5V_CPU 627/591
RAM 1802/3964MB (lfb 133x4MB) SWAP 0/1982MB (cached 0MB) IRAM 0/252kB(lfb 252kB) CPU [2%@1224,28%@1224,1%@1224,1%@1224] EMC_FREQ 3%@1600 GR3D_FREQ 99%@921 APE 25 PLL@36C CPU@37.5C PMIC@50C GPU@37C AO@45C thermal@37.75C POM_5V_IN 2989/4152 POM_5V_GPU 1221/1550 POM_5V_CPU 168/591
RAM 1802/3964MB (lfb 133x4MB) SWAP 0/1982MB (cached 0MB) IRAM 0/252kB(lfb 252kB) CPU [0%@1224,0%@1224,0%@1224,0%@1224] EMC_FREQ 2%@1600 GR3D_FREQ 99%@921 APE 25 PLL@35.5C CPU@38C PMIC@50C GPU@37C AO@45C thermal@37.75C POM_5V_IN 3032/4150 POM_5V_GPU 1263/1550 POM_5V_CPU 168/590
RAM 1802/3964MB (lfb 129x4MB) SWAP 0/1982MB (cached 0MB) IRAM 0/252kB(lfb 252kB) CPU [0%@1224,7%@1224,1%@1224,0%@1224] EMC_FREQ 2%@1600 GR3D_FREQ 99%@921 APE 25 PLL@36C CPU@37.5C PMIC@50C GPU@37.5C AO@45C thermal@37.5C POM_5V_IN 3032/4149 POM_5V_GPU 1263/1549 POM_5V_CPU 168/590
RAM 1802/3964MB (lfb 129x4MB) SWAP 0/1982MB (cached 0MB) IRAM 0/252kB(lfb 252kB) CPU [2%@1224,21%@1224,0%@1224,2%@1224] EMC_FREQ 2%@1600 GR3D_FREQ 96%@921 APE 25 PLL@36C CPU@37.5C PMIC@50C GPU@37.5C AO@45.5C thermal@37.75C POM_5V_IN 3755/4149 POM_5V_GPU 1460/1549 POM_5V_CPU 625/590
RAM 1802/3964MB (lfb 129x4MB) SWAP 0/1982MB (cached 0MB) IRAM 0/252kB(lfb 252kB) CPU [2%@1224,30%@1224,1%@1224,1%@1224] EMC_FREQ 3%@1600 GR3D_FREQ 98%@921 APE 25 PLL@35.5C CPU@38C PMIC@50C GPU@37.5C AO@45.5C thermal@37.5C POM_5V_IN 3232/4148 POM_5V_GPU 1343/1549 POM_5V_CPU 209/589
RAM 1802/3964MB (lfb 129x4MB) SWAP 0/1982MB (cached 0MB) IRAM 0/252kB(lfb 252kB) CPU [0%@1224,0%@1224,0%@1224,0%@1224] EMC_FREQ 2%@1600 GR3D_FREQ 96%@921 APE 25 PLL@36C CPU@38C PMIC@50C GPU@37.5C AO@45C thermal@37.5C POM_5V_IN 3074/4146 POM_5V_GPU 1263/1549 POM_5V_CPU 168/589
RAM 1802/3964MB (lfb 129x4MB) SWAP 0/1982MB (cached 0MB) IRAM 0/252kB(lfb 252kB) CPU [0%@1224,7%@1224,0%@1224,0%@1224] EMC_FREQ 2%@1600 GR3D_FREQ 99%@921 APE 25 PLL@35.5C CPU@37.5C PMIC@50C GPU@37.5C AO@45C thermal@37.5C POM_5V_IN 3111/4145 POM_5V_GPU 1303/1548 POM_5V_CPU 210/588
RAM 1802/3964MB (lfb 129x4MB) SWAP 0/1982MB (cached 0MB) IRAM 0/252kB(lfb 252kB) CPU [2%@1479,17%@1479,1%@1479,0%@1479] EMC_FREQ 2%@1600 GR3D_FREQ 26%@921 APE 25 PLL@36C CPU@38C PMIC@50C GPU@38C AO@45.5C thermal@38C POM_5V_IN 3594/4144 POM_5V_GPU 1379/1548 POM_5V_CPU 626/588
RAM 1802/3964MB (lfb 129x4MB) SWAP 0/1982MB (cached 0MB) IRAM 0/252kB(lfb 252kB) CPU [1%@1224,37%@1224,2%@1224,3%@1224] EMC_FREQ 3%@1600 GR3D_FREQ 99%@921 APE 25 PLL@36C CPU@37.5C PMIC@50C GPU@37.5C AO@45C thermal@37.75C POM_5V_IN 3111/4143 POM_5V_GPU 1051/1548 POM_5V_CPU 378/588
RAM 1802/3964MB (lfb 129x4MB) SWAP 0/1982MB (cached 0MB) IRAM 0/252kB(lfb 252kB) CPU [0%@1224,0%@1224,0%@1224,0%@1224] EMC_FREQ 2%@1600 GR3D_FREQ 99%@921 APE 25 PLL@36C CPU@37.5C PMIC@50C GPU@37.5C AO@45C thermal@37.75C POM_5V_IN 2989/4142 POM_5V_GPU 1221/1547 POM_5V_CPU 168/588
RAM 1802/3964MB (lfb 129x4MB) SWAP 0/1982MB (cached 0MB) IRAM 0/252kB(lfb 252kB) CPU [0%@1224,7%@1224,0%@1224,0%@1224] EMC_FREQ 2%@1600 GR3D_FREQ 99%@921 APE 25 PLL@36C CPU@38C PMIC@50C GPU@37.5C AO@45C thermal@37.75C POM_5V_IN 3069/4141 POM_5V_GPU 1261/1547 POM_5V_CPU 210/587
RAM 1802/3964MB (lfb 129x4MB) SWAP 0/1982MB (cached 0MB) IRAM 0/252kB(lfb 252kB) CPU [1%@1224,12%@1224,0%@1224,1%@1224] EMC_FREQ 2%@1600 GR3D_FREQ 72%@921 APE 25 PLL@36C CPU@38C PMIC@50C GPU@37.5C AO@45.5C thermal@37.75C POM_5V_IN 3838/4140 POM_5V_GPU 1460/1547 POM_5V_CPU 625/587
RAM 1802/3964MB (lfb 125x4MB) SWAP 0/1982MB (cached 0MB) IRAM 0/252kB(lfb 252kB) CPU [2%@1224,33%@1224,2%@1224,1%@1224] EMC_FREQ 3%@1600 GR3D_FREQ 41%@921 APE 25 PLL@36C CPU@38.5C PMIC@50C GPU@37.5C AO@45.5C thermal@38C POM_5V_IN 3557/4139 POM_5V_GPU 1171/1546 POM_5V_CPU 753/587
RAM 1802/3964MB (lfb 125x4MB) SWAP 0/1982MB (cached 0MB) IRAM 0/252kB(lfb 252kB) CPU [0%@1224,4%@1224,0%@1224,0%@1224] EMC_FREQ 2%@1600 GR3D_FREQ 99%@921 APE 25 PLL@36C CPU@38C PMIC@50C GPU@37.5C AO@45C thermal@37.75C POM_5V_IN 3032/4138 POM_5V_GPU 1263/1546 POM_5V_CPU 168/587
RAM 1802/3964MB (lfb 125x4MB) SWAP 0/1982MB (cached 0MB) IRAM 0/252kB(lfb 252kB) CPU [1%@1224,6%@1224,0%@1224,0%@1224] EMC_FREQ 2%@1600 GR3D_FREQ 61%@921 APE 25 PLL@36C CPU@38C PMIC@50C GPU@38C AO@45C thermal@37.75C POM_5V_IN 3274/4137 POM_5V_GPU 1133/1546 POM_5V_CPU 461/587
RAM 1802/3964MB (lfb 125x4MB) SWAP 0/1982MB (cached 0MB) IRAM 0/252kB(lfb 252kB) CPU [0%@1224,5%@1224,0%@1224,0%@1224] EMC_FREQ 2%@1600 GR3D_FREQ 89%@921 APE 25 PLL@35.5C CPU@38C PMIC@50C GPU@37.5C AO@45.5C thermal@38C POM_5V_IN 3641/4137 POM_5V_GPU 1506/1545 POM_5V_CPU 417/586
RAM 1802/3964MB (lfb 125x4MB) SWAP 0/1982MB (cached 0MB) IRAM 0/252kB(lfb 252kB) CPU [2%@1224,37%@1224,1%@1224,2%@1224] EMC_FREQ 3%@1600 GR3D_FREQ 99%@921 APE 25 PLL@36C CPU@38C PMIC@50C GPU@38C AO@45C thermal@38C POM_5V_IN 3557/4136 POM_5V_GPU 1341/1545 POM_5V_CPU 502/586
RAM 1802/3964MB (lfb 125x4MB) SWAP 0/1982MB (cached 0MB) IRAM 0/252kB(lfb 252kB) CPU [0%@1224,10%@1224,1%@1224,1%@1224] EMC_FREQ 2%@1600 GR3D_FREQ 99%@921 APE 25 PLL@36C CPU@38C PMIC@50C GPU@37.5C AO@45C thermal@37.75C POM_5V_IN 2947/4135 POM_5V_GPU 1221/1545 POM_5V_CPU 168/586
RAM 1802/3964MB (lfb 125x4MB) SWAP 0/1982MB (cached 0MB) IRAM 0/252kB(lfb 252kB) CPU [0%@1224,0%@1224,0%@1224,0%@1224] EMC_FREQ 2%@1600 GR3D_FREQ 99%@921 APE 25 PLL@35.5C CPU@38C PMIC@50C GPU@37.5C AO@45C thermal@37.75C POM_5V_IN 2989/4133 POM_5V_GPU 1221/1544 POM_5V_CPU 168/585
RAM 1802/3964MB (lfb 125x4MB) SWAP 0/1982MB (cached 0MB) IRAM 0/252kB(lfb 252kB) CPU [1%@1224,7%@1224,0%@1224,0%@1224] EMC_FREQ 2%@1600 GR3D_FREQ 99%@921 APE 25 PLL@36C CPU@38C PMIC@50C GPU@37.5C AO@45.5C thermal@37.75C POM_5V_IN 3032/4132 POM_5V_GPU 1221/1544 POM_5V_CPU 168/585
RAM 1802/3964MB (lfb 125x4MB) SWAP 0/1982MB (cached 0MB) IRAM 0/252kB(lfb 252kB) CPU [0%@1224,4%@1224,0%@1224,0%@1224] EMC_FREQ 2%@1600 GR3D_FREQ 99%@921 APE 25 PLL@36C CPU@38C PMIC@50C GPU@37.5C AO@45.5C thermal@37.75C POM_5V_IN 3190/4131 POM_5V_GPU 1343/1544 POM_5V_CPU 251/585
RAM 1802/3964MB (lfb 125x4MB) SWAP 0/1982MB (cached 0MB) IRAM 0/252kB(lfb 252kB) CPU [2%@1224,33%@1224,0%@1224,0%@1224] EMC_FREQ 2%@1600 GR3D_FREQ 99%@921 APE 25 PLL@36C CPU@38C PMIC@50C GPU@38C AO@45.5C thermal@38C POM_5V_IN 3557/4130 POM_5V_GPU 1425/1544 POM_5V_CPU 418/584
RAM 1802/3964MB (lfb 125x4MB) SWAP 0/1982MB (cached 0MB) IRAM 0/252kB(lfb 252kB) CPU [1%@1224,17%@1224,0%@1224,1%@1224] EMC_FREQ 2%@1600 GR3D_FREQ 99%@921 APE 25 PLL@36C CPU@38C PMIC@50C GPU@37.5C AO@45C thermal@38C POM_5V_IN 2947/4129 POM_5V_GPU 1221/1543 POM_5V_CPU 168/584
RAM 1802/3964MB (lfb 122x4MB) SWAP 0/1982MB (cached 0MB) IRAM 0/252kB(lfb 252kB) CPU [1%@1224,0%@1224,0%@1224,0%@1224] EMC_FREQ 2%@1600 GR3D_FREQ 96%@921 APE 25 PLL@36C CPU@38C PMIC@50C GPU@37.5C AO@45.5C thermal@37.5C POM_5V_IN 3195/4128 POM_5V_GPU 1345/1543 POM_5V_CPU 252/583
RAM 1802/3964MB (lfb 122x4MB) SWAP 0/1982MB (cached 0MB) IRAM 0/252kB(lfb 252kB) CPU [1%@1224,7%@1224,0%@1224,0%@1224] EMC_FREQ 2%@1600 GR3D_FREQ 96%@921 APE 25 PLL@36C CPU@38C PMIC@50C GPU@38C AO@45C thermal@37.75C POM_5V_IN 3195/4127 POM_5V_GPU 1345/1543 POM_5V_CPU 210/583
RAM 1802/3964MB (lfb 122x4MB) SWAP 0/1982MB (cached 0MB) IRAM 0/252kB(lfb 252kB) CPU [1%@1224,30%@1224,1%@1224,1%@1224] EMC_FREQ 2%@1600 GR3D_FREQ 69%@921 APE 25 PLL@36.5C CPU@38C PMIC@50C GPU@38C AO@45.5C thermal@38C POM_5V_IN 3797/4126 POM_5V_GPU 1379/1543 POM_5V_CPU 710/583
RAM 1802/3964MB (lfb 122x4MB) SWAP 0/1982MB (cached 0MB) IRAM 0/252kB(lfb 252kB) CPU [2%@1224,23%@1224,1%@1224,1%@1224] EMC_FREQ 2%@1600 GR3D_FREQ 99%@921 APE 25 PLL@36C CPU@37.5C PMIC@50C GPU@38C AO@45C thermal@38.25C POM_5V_IN 2989/4125 POM_5V_GPU 1221/1542 POM_5V_CPU 168/583
RAM 1802/3964MB (lfb 122x4MB) SWAP 0/1982MB (cached 0MB) IRAM 0/252kB(lfb 252kB) CPU [0%@1224,0%@1224,0%@1224,0%@1224] EMC_FREQ 2%@1600 GR3D_FREQ 99%@921 APE 25 PLL@35.5C CPU@38C PMIC@50C GPU@38C AO@45.5C thermal@38C POM_5V_IN 2989/4124 POM_5V_GPU 1221/1542 POM_5V_CPU 168/582
RAM 1802/3964MB (lfb 122x4MB) SWAP 0/1982MB (cached 0MB) IRAM 0/252kB(lfb 252kB) CPU [1%@1224,7%@1224,0%@1224,0%@1224] EMC_FREQ 2%@1600 GR3D_FREQ 99%@921 APE 25 PLL@35.5C CPU@38C PMIC@50C GPU@37.5C AO@45.5C thermal@38C POM_5V_IN 3274/4123 POM_5V_GPU 1592/1542 POM_5V_CPU 167/582
RAM 1802/3964MB (lfb 122x4MB) SWAP 0/1982MB (cached 0MB) IRAM 0/252kB(lfb 252kB) CPU [2%@1224,20%@1224,1%@1224,1%@1224] EMC_FREQ 2%@1600 GR3D_FREQ 99%@921 APE 25 PLL@36C CPU@38C PMIC@50C GPU@38C AO@45C thermal@38C POM_5V_IN 3515/4122 POM_5V_GPU 1467/1542 POM_5V_CPU 376/581
RAM 1802/3964MB (lfb 122x4MB) SWAP 0/1982MB (cached 0MB) IRAM 0/252kB(lfb 252kB) CPU [2%@1224,33%@1224,2%@1224,2%@1224] EMC_FREQ 3%@1600 GR3D_FREQ 99%@921 APE 25 PLL@35.5C CPU@37.5C PMIC@50C GPU@37.5C AO@45C thermal@38C POM_5V_IN 3111/4121 POM_5V_GPU 1303/1542 POM_5V_CPU 210/581
RAM 1802/3964MB (lfb 122x4MB) SWAP 0/1982MB (cached 0MB) IRAM 0/252kB(lfb 252kB) CPU [1%@1224,0%@1224,0%@1224,0%@1224] EMC_FREQ 2%@1600 GR3D_FREQ 99%@921 APE 25 PLL@36C CPU@38C PMIC@50C GPU@37.5C AO@45C thermal@37.75C POM_5V_IN 3032/4119 POM_5V_GPU 1263/1541 POM_5V_CPU 168/581
RAM 1802/3964MB (lfb 122x4MB) SWAP 0/1982MB (cached 0MB) IRAM 0/252kB(lfb 252kB) CPU [0%@1224,6%@1224,0%@1224,0%@1224] EMC_FREQ 2%@1600 GR3D_FREQ 99%@921 APE 25 PLL@36C CPU@37.5C PMIC@50C GPU@37.5C AO@45C thermal@37.5C POM_5V_IN 3074/4118 POM_5V_GPU 1303/1541 POM_5V_CPU 168/580
RAM 1802/3964MB (lfb 118x4MB) SWAP 0/1982MB (cached 0MB) IRAM 0/252kB(lfb 252kB) CPU [3%@1224,22%@1224,2%@1224,1%@1224] EMC_FREQ 2%@1600 GR3D_FREQ 35%@921 APE 25 PLL@36.5C CPU@38C PMIC@50C GPU@38C AO@45.5C thermal@38C POM_5V_IN 3761/4118 POM_5V_GPU 1337/1541 POM_5V_CPU 668/580
RAM 1802/3964MB (lfb 118x4MB) SWAP 0/1982MB (cached 0MB) IRAM 0/252kB(lfb 252kB) CPU [32%@1224,10%@1224,1%@1224,1%@1224] EMC_FREQ 3%@1600 GR3D_FREQ 99%@921 APE 25 PLL@36.5C CPU@38C PMIC@50C GPU@37.5C AO@45C thermal@37.75C POM_5V_IN 3111/4117 POM_5V_GPU 1051/1540 POM_5V_CPU 420/580
RAM 1802/3964MB (lfb 118x4MB) SWAP 0/1982MB (cached 0MB) IRAM 0/252kB(lfb 252kB) CPU [1%@1224,0%@1224,0%@1224,0%@1224] EMC_FREQ 2%@1600 GR3D_FREQ 99%@921 APE 25 PLL@36C CPU@38C PMIC@50C GPU@38C AO@45.5C thermal@37.75C POM_5V_IN 3111/4116 POM_5V_GPU 1303/1540 POM_5V_CPU 168/580
RAM 1802/3964MB (lfb 118x4MB) SWAP 0/1982MB (cached 0MB) IRAM 0/252kB(lfb 252kB) CPU [7%@1224,0%@1224,0%@1224,0%@1224] EMC_FREQ 2%@1600 GR3D_FREQ 99%@921 APE 25 PLL@36C CPU@38C PMIC@50C GPU@37.5C AO@45C thermal@37.75C POM_5V_IN 3074/4114 POM_5V_GPU 1263/1540 POM_5V_CPU 168/579
RAM 1802/3964MB (lfb 118x4MB) SWAP 0/1982MB (cached 0MB) IRAM 0/252kB(lfb 252kB) CPU [15%@1224,0%@1224,1%@1224,0%@1224] EMC_FREQ 2%@1600 GR3D_FREQ 95%@921 APE 25 PLL@36.5C CPU@38C PMIC@50C GPU@38C AO@45.5C thermal@37.75C POM_5V_IN 3719/4114 POM_5V_GPU 1420/1540 POM_5V_CPU 585/579
RAM 1802/3964MB (lfb 118x4MB) SWAP 0/1982MB (cached 0MB) IRAM 0/252kB(lfb 252kB) CPU [35%@1224,1%@1224,2%@1224,1%@1224] EMC_FREQ 3%@1600 GR3D_FREQ 78%@921 APE 25 PLL@36C CPU@38.5C PMIC@50C GPU@37.5C AO@45.5C thermal@37.75C POM_5V_IN 3479/4113 POM_5V_GPU 1089/1539 POM_5V_CPU 712/579
RAM 1802/3964MB (lfb 118x4MB) SWAP 0/1982MB (cached 0MB) IRAM 0/252kB(lfb 252kB) CPU [6%@1224,0%@1224,0%@1224,0%@1224] EMC_FREQ 2%@1600 GR3D_FREQ 99%@921 APE 25 PLL@36C CPU@38C PMIC@50C GPU@37.5C AO@45C thermal@37.75C POM_5V_IN 3032/4112 POM_5V_GPU 1263/1539 POM_5V_CPU 168/579
RAM 1802/3964MB (lfb 118x4MB) SWAP 0/1982MB (cached 0MB) IRAM 0/252kB(lfb 252kB) CPU [8%@1224,0%@1224,0%@1224,0%@1224] EMC_FREQ 2%@1600 GR3D_FREQ 99%@921 APE 25 PLL@36C CPU@38C PMIC@50C GPU@37.5C AO@44.5C thermal@37.75C POM_5V_IN 3074/4111 POM_5V_GPU 1137/1538 POM_5V_CPU 294/578
RAM 1802/3964MB (lfb 118x4MB) SWAP 0/1982MB (cached 0MB) IRAM 0/252kB(lfb 252kB) CPU [9%@1479,0%@1479,0%@1479,0%@1479] EMC_FREQ 2%@1600 GR3D_FREQ 46%@921 APE 25 PLL@36C CPU@38.5C PMIC@50C GPU@37.5C AO@45.5C thermal@38C POM_5V_IN 3479/4110 POM_5V_GPU 1171/1538 POM_5V_CPU 669/579
RAM 1802/3964MB (lfb 118x4MB) SWAP 0/1982MB (cached 0MB) IRAM 0/252kB(lfb 252kB) CPU [34%@1224,2%@1224,1%@1224,3%@1224] EMC_FREQ 3%@1600 GR3D_FREQ 96%@921 APE 25 PLL@36C CPU@38C PMIC@50C GPU@38C AO@45C thermal@37.75C POM_5V_IN 3274/4109 POM_5V_GPU 1301/1538 POM_5V_CPU 377/578
RAM 1802/3964MB (lfb 116x4MB) SWAP 0/1982MB (cached 0MB) IRAM 0/252kB(lfb 252kB) CPU [11%@1224,0%@1224,1%@1224,0%@1224] EMC_FREQ 2%@1600 GR3D_FREQ 99%@921 APE 25 PLL@36C CPU@38C PMIC@50C GPU@38C AO@45C thermal@38.5C POM_5V_IN 3111/4108 POM_5V_GPU 1345/1537 POM_5V_CPU 210/578
RAM 1802/3964MB (lfb 116x4MB) SWAP 0/1982MB (cached 0MB) IRAM 0/252kB(lfb 252kB) CPU [4%@1224,0%@1224,0%@1224,0%@1224] EMC_FREQ 2%@1600 GR3D_FREQ 99%@921 APE 25 PLL@35.5C CPU@37.5C PMIC@50C GPU@37.5C AO@45C thermal@37.75C POM_5V_IN 2989/4107 POM_5V_GPU 1179/1537 POM_5V_CPU 210/577
RAM 1802/3964MB (lfb 116x4MB) SWAP 0/1982MB (cached 0MB) IRAM 0/252kB(lfb 252kB) CPU [7%@1224,0%@1224,0%@1224,0%@1224] EMC_FREQ 2%@1600 GR3D_FREQ 99%@921 APE 25 PLL@36C CPU@38C PMIC@50C GPU@38C AO@45.5C thermal@38C POM_5V_IN 3153/4106 POM_5V_GPU 1303/1537 POM_5V_CPU 210/577
RAM 1802/3964MB (lfb 116x4MB) SWAP 0/1982MB (cached 0MB) IRAM 0/252kB(lfb 252kB) CPU [40%@1224,1%@1224,1%@1224,2%@1224] EMC_FREQ 3%@1600 GR3D_FREQ 77%@921 APE 25 PLL@36C CPU@38C PMIC@50C GPU@38C AO@45.5C thermal@38C POM_5V_IN 3719/4105 POM_5V_GPU 1337/1536 POM_5V_CPU 626/577
RAM 1802/3964MB (lfb 116x4MB) SWAP 0/1982MB (cached 0MB) IRAM 0/252kB(lfb 252kB) CPU [2%@1224,12%@1224,2%@1224,0%@1224] EMC_FREQ 2%@1600 GR3D_FREQ 99%@921 APE 25 PLL@35.5C CPU@38C PMIC@50C GPU@37.5C AO@45.5C thermal@37.75C POM_5V_IN 2989/4104 POM_5V_GPU 1221/1536 POM_5V_CPU 168/577
RAM 1802/3964MB (lfb 116x4MB) SWAP 0/1982MB (cached 0MB) IRAM 0/252kB(lfb 252kB) CPU [0%@1224,0%@1224,0%@1224,0%@1224] EMC_FREQ 2%@1600 GR3D_FREQ 99%@921 APE 25 PLL@36C CPU@38C PMIC@50C GPU@38C AO@45.5C thermal@37.75C POM_5V_IN 3111/4103 POM_5V_GPU 1305/1536 POM_5V_CPU 210/576
RAM 1802/3964MB (lfb 116x4MB) SWAP 0/1982MB (cached 0MB) IRAM 0/252kB(lfb 252kB) CPU [0%@1224,6%@1224,0%@1224,0%@1224] EMC_FREQ 2%@1600 GR3D_FREQ 99%@921 APE 25 PLL@36C CPU@38C PMIC@50C GPU@37.5C AO@45C thermal@38C POM_5V_IN 3232/4102 POM_5V_GPU 1387/1536 POM_5V_CPU 209/576
RAM 1802/3964MB (lfb 116x4MB) SWAP 0/1982MB (cached 0MB) IRAM 0/252kB(lfb 252kB) CPU [1%@1224,22%@1224,1%@1224,1%@1224] EMC_FREQ 2%@1600 GR3D_FREQ 99%@921 APE 25 PLL@36C CPU@38C PMIC@50C GPU@38C AO@45C thermal@38C POM_5V_IN 3437/4101 POM_5V_GPU 1425/1536 POM_5V_CPU 335/576
RAM 1802/3964MB (lfb 116x4MB) SWAP 0/1982MB (cached 0MB) IRAM 0/252kB(lfb 252kB) CPU [12%@1224,19%@1224,0%@1224,1%@1224] EMC_FREQ 3%@1600 GR3D_FREQ 99%@921 APE 25 PLL@36C CPU@38C PMIC@50C GPU@38C AO@45.5C thermal@37.5C POM_5V_IN 3032/4100 POM_5V_GPU 1221/1535 POM_5V_CPU 168/575
RAM 1802/3964MB (lfb 116x4MB) SWAP 0/1982MB (cached 0MB) IRAM 0/252kB(lfb 252kB) CPU [1%@1224,0%@1224,0%@1224,0%@1224] EMC_FREQ 2%@1600 GR3D_FREQ 96%@921 APE 25 PLL@36C CPU@38C PMIC@50C GPU@37.5C AO@45.5C thermal@37.75C POM_5V_IN 3032/4099 POM_5V_GPU 1263/1535 POM_5V_CPU 168/575
RAM 1802/3964MB (lfb 113x4MB) SWAP 0/1982MB (cached 0MB) IRAM 0/252kB(lfb 252kB) CPU [4%@1224,0%@1224,1%@1224,4%@1224] EMC_FREQ 2%@1600 GR3D_FREQ 99%@921 APE 25 PLL@36C CPU@38C PMIC@50C GPU@38C AO@45.5C thermal@38C POM_5V_IN 3032/4097 POM_5V_GPU 1263/1535 POM_5V_CPU 168/574
RAM 1802/3964MB (lfb 113x4MB) SWAP 0/1982MB (cached 0MB) IRAM 0/252kB(lfb 252kB) CPU [24%@1479,0%@1479,1%@1479,1%@1479] EMC_FREQ 2%@1600 GR3D_FREQ 34%@921 APE 25 PLL@36.5C CPU@38.5C PMIC@50C GPU@37.5C AO@45.5C thermal@37.75C POM_5V_IN 3838/4097 POM_5V_GPU 1293/1534 POM_5V_CPU 834/574
RAM 1802/3964MB (lfb 113x4MB) SWAP 0/1982MB (cached 0MB) IRAM 0/252kB(lfb 252kB) CPU [32%@1224,2%@1224,2%@1224,1%@1224] EMC_FREQ 3%@1600 GR3D_FREQ 99%@921 APE 25 PLL@36C CPU@38C PMIC@50C GPU@37.5C AO@45.5C thermal@38.25C POM_5V_IN 3232/4096 POM_5V_GPU 1385/1534 POM_5V_CPU 209/574
RAM 1802/3964MB (lfb 113x4MB) SWAP 0/1982MB (cached 0MB) IRAM 0/252kB(lfb 252kB) CPU [1%@1224,0%@1224,0%@1224,0%@1224] EMC_FREQ 2%@1600 GR3D_FREQ 99%@921 APE 25 PLL@36C CPU@38C PMIC@50C GPU@37.5C AO@45C thermal@37.75C POM_5V_IN 3074/4095 POM_5V_GPU 1263/1534 POM_5V_CPU 210/574
RAM 1802/3964MB (lfb 113x4MB) SWAP 0/1982MB (cached 0MB) IRAM 0/252kB(lfb 252kB) CPU [7%@1224,0%@1224,0%@1224,0%@1224] EMC_FREQ 2%@1600 GR3D_FREQ 99%@921 APE 25 PLL@36C CPU@38C PMIC@50C GPU@38C AO@45C thermal@38C POM_5V_IN 3032/4094 POM_5V_GPU 1263/1534 POM_5V_CPU 168/573
RAM 1802/3964MB (lfb 113x4MB) SWAP 0/1982MB (cached 0MB) IRAM 0/252kB(lfb 252kB) CPU [16%@1224,0%@1224,0%@1224,0%@1224] EMC_FREQ 2%@1600 GR3D_FREQ 97%@921 APE 25 PLL@36C CPU@38C PMIC@50C GPU@37.5C AO@45.5C thermal@38.5C POM_5V_IN 3274/4093 POM_5V_GPU 1301/1533 POM_5V_CPU 335/573
RAM 1802/3964MB (lfb 113x4MB) SWAP 0/1982MB (cached 0MB) IRAM 0/252kB(lfb 252kB) CPU [35%@1479,1%@1479,2%@1479,2%@1479] EMC_FREQ 3%@1600 GR3D_FREQ 1%@921 APE 25 PLL@36C CPU@38.5C PMIC@50C GPU@37.5C AO@45.5C thermal@38.25C POM_5V_IN 3316/4092 POM_5V_GPU 755/1532 POM_5V_CPU 797/573
RAM 1802/3964MB (lfb 113x4MB) SWAP 0/1982MB (cached 0MB) IRAM 0/252kB(lfb 252kB) CPU [0%@1224,0%@1224,0%@1224,0%@1224] EMC_FREQ 2%@1600 GR3D_FREQ 97%@921 APE 25 PLL@36C CPU@38C PMIC@50C GPU@38C AO@45.5C thermal@38.25C POM_5V_IN 3074/4091 POM_5V_GPU 1263/1532 POM_5V_CPU 168/573
RAM 1802/3964MB (lfb 113x4MB) SWAP 0/1982MB (cached 0MB) IRAM 0/252kB(lfb 252kB) CPU [8%@1224,0%@1224,0%@1224,0%@1224] EMC_FREQ 2%@1600 GR3D_FREQ 99%@921 APE 25 PLL@36C CPU@38C PMIC@50C GPU@37.5C AO@45.5C thermal@37.75C POM_5V_IN 3032/4090 POM_5V_GPU 1221/1532 POM_5V_CPU 210/572
RAM 1802/3964MB (lfb 113x4MB) SWAP 0/1982MB (cached 0MB) IRAM 0/252kB(lfb 252kB) CPU [10%@1224,0%@1224,0%@1224,0%@1224] EMC_FREQ 2%@1600 GR3D_FREQ 69%@921 APE 25 PLL@36C CPU@38.5C PMIC@50C GPU@38C AO@46C thermal@37.75C POM_5V_IN 3797/4089 POM_5V_GPU 1420/1532 POM_5V_CPU 625/572
RAM 1802/3964MB (lfb 109x4MB) SWAP 0/1982MB (cached 0MB) IRAM 0/252kB(lfb 252kB) CPU [27%@1224,7%@1224,3%@1224,1%@1224] EMC_FREQ 3%@1600 GR3D_FREQ 96%@921 APE 25 PLL@36C CPU@38C PMIC@50C GPU@38C AO@46C thermal@38.25C POM_5V_IN 3232/4089 POM_5V_GPU 1301/1531 POM_5V_CPU 335/572
RAM 1802/3964MB (lfb 109x4MB) SWAP 0/1982MB (cached 0MB) IRAM 0/252kB(lfb 252kB) CPU [1%@1224,7%@1224,0%@1224,0%@1224] EMC_FREQ 2%@1600 GR3D_FREQ 99%@921 APE 25 PLL@36C CPU@38C PMIC@50C GPU@37.5C AO@45.5C thermal@37.75C POM_5V_IN 3111/4087 POM_5V_GPU 1303/1531 POM_5V_CPU 168/572
RAM 1802/3964MB (lfb 109x4MB) SWAP 0/1982MB (cached 0MB) IRAM 0/252kB(lfb 252kB) CPU [0%@1224,3%@1224,0%@1224,0%@1224] EMC_FREQ 2%@1600 GR3D_FREQ 99%@921 APE 25 PLL@36C CPU@38C PMIC@50C GPU@38C AO@45.5C thermal@38C POM_5V_IN 3032/4086 POM_5V_GPU 1221/1531 POM_5V_CPU 210/571
RAM 1802/3964MB (lfb 109x4MB) SWAP 0/1982MB (cached 0MB) IRAM 0/252kB(lfb 252kB) CPU [0%@1224,8%@1224,0%@1224,0%@1224] EMC_FREQ 2%@1600 GR3D_FREQ 99%@921 APE 25 PLL@36C CPU@38C PMIC@50C GPU@38C AO@46C thermal@38C POM_5V_IN 3153/4085 POM_5V_GPU 1343/1531 POM_5V_CPU 209/571
RAM 1802/3964MB (lfb 109x4MB) SWAP 0/1982MB (cached 0MB) IRAM 0/252kB(lfb 252kB) CPU [2%@1224,36%@1224,1%@1224,1%@1224] EMC_FREQ 3%@1600 GR3D_FREQ 78%@921 APE 25 PLL@36C CPU@38.5C PMIC@50C GPU@38C AO@46C thermal@38C POM_5V_IN 3761/4085 POM_5V_GPU 1379/1530 POM_5V_CPU 667/571
RAM 1802/3964MB (lfb 109x4MB) SWAP 0/1982MB (cached 0MB) IRAM 0/252kB(lfb 252kB) CPU [4%@1224,8%@1224,1%@1224,1%@1224] EMC_FREQ 2%@1600 GR3D_FREQ 99%@921 APE 25 PLL@36C CPU@38C PMIC@50C GPU@38C AO@45.5C thermal@37.75C POM_5V_IN 2989/4084 POM_5V_GPU 1221/1530 POM_5V_CPU 168/571
RAM 1802/3964MB (lfb 109x4MB) SWAP 0/1982MB (cached 0MB) IRAM 0/252kB(lfb 252kB) CPU [1%@1224,1%@1224,0%@1224,0%@1224] EMC_FREQ 2%@1600 GR3D_FREQ 99%@921 APE 25 PLL@35.5C CPU@38C PMIC@50C GPU@38C AO@45.5C thermal@37.75C POM_5V_IN 3074/4083 POM_5V_GPU 1263/1530 POM_5V_CPU 210/570
RAM 1802/3964MB (lfb 109x4MB) SWAP 0/1982MB (cached 0MB) IRAM 0/252kB(lfb 252kB) CPU [0%@1224,10%@1224,0%@1224,0%@1224] EMC_FREQ 2%@1600 GR3D_FREQ 99%@921 APE 25 PLL@36C CPU@38C PMIC@50C GPU@37.5C AO@45.5C thermal@38C POM_5V_IN 3195/4082 POM_5V_GPU 1219/1529 POM_5V_CPU 336/570
RAM 1802/3964MB (lfb 109x4MB) SWAP 0/1982MB (cached 0MB) IRAM 0/252kB(lfb 252kB) CPU [3%@1224,32%@1224,1%@1224,2%@1224] EMC_FREQ 3%@1600 GR3D_FREQ 98%@921 APE 25 PLL@36C CPU@38C PMIC@50C GPU@38C AO@45.5C thermal@37.75C POM_5V_IN 3599/4081 POM_5V_GPU 1423/1529 POM_5V_CPU 502/570
RAM 1802/3964MB (lfb 109x4MB) SWAP 0/1982MB (cached 0MB) IRAM 0/252kB(lfb 252kB) CPU [1%@1224,11%@1224,1%@1224,5%@1224] EMC_FREQ 2%@1600 GR3D_FREQ 96%@921 APE 25 PLL@36C CPU@38C PMIC@50C GPU@38C AO@45C thermal@38C POM_5V_IN 3032/4080 POM_5V_GPU 1263/1529 POM_5V_CPU 168/569
RAM 1801/3964MB (lfb 107x4MB) SWAP 0/1982MB (cached 0MB) IRAM 0/252kB(lfb 252kB) CPU [2%@1224,0%@1224,0%@1224,0%@1224] EMC_FREQ 2%@1600 GR3D_FREQ 99%@921 APE 25 PLL@36C CPU@38C PMIC@50C GPU@38C AO@45.5C thermal@38C POM_5V_IN 3237/4079 POM_5V_GPU 1259/1529 POM_5V_CPU 335/569
RAM 1801/3964MB (lfb 107x4MB) SWAP 0/1982MB (cached 0MB) IRAM 0/252kB(lfb 252kB) CPU [1%@1224,8%@1224,0%@1224,0%@1224] EMC_FREQ 2%@1600 GR3D_FREQ 96%@921 APE 25 PLL@36C CPU@38C PMIC@50C GPU@38C AO@45.5C thermal@38C POM_5V_IN 3232/4078 POM_5V_GPU 1343/1529 POM_5V_CPU 251/569
RAM 1801/3964MB (lfb 107x4MB) SWAP 0/1982MB (cached 0MB) IRAM 0/252kB(lfb 252kB) CPU [2%@1224,33%@1224,1%@1224,1%@1224] EMC_FREQ 3%@1600 GR3D_FREQ 88%@921 APE 25 PLL@36.5C CPU@38.5C PMIC@50C GPU@38C AO@45.5C thermal@38C POM_5V_IN 3761/4078 POM_5V_GPU 1462/1528 POM_5V_CPU 625/569
RAM 1801/3964MB (lfb 107x4MB) SWAP 0/1982MB (cached 0MB) IRAM 0/252kB(lfb 252kB) CPU [2%@1224,18%@1224,1%@1224,1%@1224] EMC_FREQ 3%@1600 GR3D_FREQ 99%@921 APE 25 PLL@36C CPU@38C PMIC@50C GPU@38C AO@45.5C thermal@37.75C POM_5V_IN 3032/4077 POM_5V_GPU 1221/1528 POM_5V_CPU 168/568
RAM 1801/3964MB (lfb 107x4MB) SWAP 0/1982MB (cached 0MB) IRAM 0/252kB(lfb 252kB) CPU [0%@1224,0%@1224,0%@1224,0%@1224] EMC_FREQ 2%@1600 GR3D_FREQ 98%@921 APE 25 PLL@36C CPU@38C PMIC@50C GPU@38C AO@45.5C thermal@37.75C POM_5V_IN 3195/4076 POM_5V_GPU 1345/1528 POM_5V_CPU 210/568
RAM 1801/3964MB (lfb 107x4MB) SWAP 0/1982MB (cached 0MB) IRAM 0/252kB(lfb 252kB) CPU [0%@1224,7%@1224,0%@1224,0%@1224] EMC_FREQ 2%@1600 GR3D_FREQ 99%@921 APE 25 PLL@36.5C CPU@38C PMIC@50C GPU@38C AO@45.5C thermal@38C POM_5V_IN 3195/4075 POM_5V_GPU 1345/1528 POM_5V_CPU 210/568
RAM 1801/3964MB (lfb 107x4MB) SWAP 0/1982MB (cached 0MB) IRAM 0/252kB(lfb 252kB) CPU [2%@1326,30%@1326,1%@1326,0%@1326] EMC_FREQ 2%@1600 GR3D_FREQ 42%@921 APE 25 PLL@36C CPU@38.5C PMIC@50C GPU@38C AO@45.5C thermal@38C POM_5V_IN 3719/4074 POM_5V_GPU 1337/1527 POM_5V_CPU 709/568
RAM 1801/3964MB (lfb 107x4MB) SWAP 0/1982MB (cached 0MB) IRAM 0/252kB(lfb 252kB) CPU [2%@1224,22%@1224,1%@1224,1%@1224] EMC_FREQ 3%@1600 GR3D_FREQ 99%@921 APE 25 PLL@36C CPU@38C PMIC@50C GPU@38C AO@45.5C thermal@37.75C POM_5V_IN 2989/4073 POM_5V_GPU 1263/1527 POM_5V_CPU 168/567
RAM 1801/3964MB (lfb 107x4MB) SWAP 0/1982MB (cached 0MB) IRAM 0/252kB(lfb 252kB) CPU [1%@1224,0%@1224,0%@1224,0%@1224] EMC_FREQ 2%@1600 GR3D_FREQ 99%@921 APE 25 PLL@36C CPU@38C PMIC@50C GPU@38C AO@45.5C thermal@37.75C POM_5V_IN 3032/4072 POM_5V_GPU 1345/1527 POM_5V_CPU 210/567
RAM 1801/3964MB (lfb 107x4MB) SWAP 0/1982MB (cached 0MB) IRAM 0/252kB(lfb 252kB) CPU [0%@1224,7%@1224,0%@1224,0%@1224] EMC_FREQ 2%@1600 GR3D_FREQ 95%@921 APE 25 PLL@36C CPU@38C PMIC@50C GPU@38C AO@45.5C thermal@38C POM_5V_IN 3274/4071 POM_5V_GPU 1385/1527 POM_5V_CPU 209/567
RAM 1801/3964MB (lfb 107x4MB) SWAP 0/1982MB (cached 0MB) IRAM 0/252kB(lfb 252kB) CPU [2%@1428,30%@1428,2%@1428,0%@1428] EMC_FREQ 2%@1600 GR3D_FREQ 87%@921 APE 25 PLL@36.5C CPU@38.5C PMIC@50C GPU@38C AO@46C thermal@38.25C POM_5V_IN 3599/4071 POM_5V_GPU 1213/1527 POM_5V_CPU 668/567
RAM 1802/3964MB (lfb 107x4MB) SWAP 0/1982MB (cached 0MB) IRAM 0/252kB(lfb 252kB) CPU [3%@1224,25%@1224,4%@1224,1%@1224] EMC_FREQ 3%@1600 GR3D_FREQ 99%@921 APE 25 PLL@36C CPU@38C PMIC@50C GPU@38C AO@45.5C thermal@38C POM_5V_IN 2989/4069 POM_5V_GPU 1221/1526 POM_5V_CPU 168/566
RAM 1802/3964MB (lfb 107x4MB) SWAP 0/1982MB (cached 0MB) IRAM 0/252kB(lfb 252kB) CPU [0%@1224,0%@1224,0%@1224,0%@1224] EMC_FREQ 2%@1600 GR3D_FREQ 99%@921 APE 25 PLL@36C CPU@38C PMIC@50C GPU@37.5C AO@45.5C thermal@37.75C POM_5V_IN 3032/4068 POM_5V_GPU 1263/1526 POM_5V_CPU 168/566
RAM 1802/3964MB (lfb 107x4MB) SWAP 0/1982MB (cached 0MB) IRAM 0/252kB(lfb 252kB) CPU [0%@1224,7%@1224,0%@1224,0%@1224] EMC_FREQ 2%@1600 GR3D_FREQ 99%@921 APE 25 PLL@35.5C CPU@38C PMIC@50C GPU@38C AO@45.5C thermal@37.75C POM_5V_IN 3032/4067 POM_5V_GPU 1263/1526 POM_5V_CPU 126/565
RAM 1802/3964MB (lfb 107x4MB) SWAP 0/1982MB (cached 0MB) IRAM 0/252kB(lfb 252kB) CPU [2%@1479,21%@1479,1%@1479,0%@1479] EMC_FREQ 2%@1600 GR3D_FREQ 43%@921 APE 25 PLL@36C CPU@38.5C PMIC@50C GPU@38C AO@45.5C thermal@38.25C POM_5V_IN 3641/4067 POM_5V_GPU 1171/1525 POM_5V_CPU 752/566
RAM 1802/3964MB (lfb 107x4MB) SWAP 0/1982MB (cached 0MB) IRAM 0/252kB(lfb 252kB) CPU [2%@1224,31%@1224,1%@1224,1%@1224] EMC_FREQ 3%@1600 GR3D_FREQ 99%@921 APE 25 PLL@36C CPU@38C PMIC@50C GPU@38C AO@45.5C thermal@38C POM_5V_IN 3111/4066 POM_5V_GPU 1135/1525 POM_5V_CPU 336/565
RAM 1802/3964MB (lfb 107x4MB) SWAP 0/1982MB (cached 0MB) IRAM 0/252kB(lfb 252kB) CPU [1%@1224,0%@1224,0%@1224,0%@1224] EMC_FREQ 2%@1600 GR3D_FREQ 95%@921 APE 25 PLL@36.5C CPU@38C PMIC@50C GPU@38C AO@45.5C thermal@38C POM_5V_IN 3069/4065 POM_5V_GPU 1303/1525 POM_5V_CPU 210/565
RAM 1802/3964MB (lfb 107x4MB) SWAP 0/1982MB (cached 0MB) IRAM 0/252kB(lfb 252kB) CPU [1%@1224,6%@1224,0%@1224,0%@1224] EMC_FREQ 2%@1600 GR3D_FREQ 99%@921 APE 25 PLL@36C CPU@38C PMIC@50C GPU@38C AO@45.5C thermal@37.75C POM_5V_IN 3074/4064 POM_5V_GPU 1263/1524 POM_5V_CPU 168/564
RAM 1802/3964MB (lfb 107x4MB) SWAP 0/1982MB (cached 0MB) IRAM 0/252kB(lfb 252kB) CPU [12%@1224,3%@1224,1%@1224,0%@1224] EMC_FREQ 2%@1600 GR3D_FREQ 97%@921 APE 25 PLL@36C CPU@38C PMIC@50C GPU@38C AO@45.5C thermal@37.75C POM_5V_IN 3677/4063 POM_5V_GPU 1381/1524 POM_5V_CPU 544/564
RAM 1802/3964MB (lfb 107x4MB) SWAP 0/1982MB (cached 0MB) IRAM 0/252kB(lfb 252kB) CPU [32%@1479,0%@1479,1%@1479,2%@1479] EMC_FREQ 3%@1600 GR3D_FREQ 38%@921 APE 25 PLL@36.5C CPU@38.5C PMIC@50C GPU@38C AO@45.5C thermal@37.75C POM_5V_IN 3557/4063 POM_5V_GPU 1171/1524 POM_5V_CPU 711/565
RAM 1802/3964MB (lfb 107x4MB) SWAP 0/1982MB (cached 0MB) IRAM 0/252kB(lfb 252kB) CPU [1%@1224,0%@1224,4%@1224,0%@1224] EMC_FREQ 2%@1600 GR3D_FREQ 99%@921 APE 25 PLL@36.5C CPU@38C PMIC@50C GPU@37.5C AO@45.5C thermal@38C POM_5V_IN 3032/4061 POM_5V_GPU 1263/1523 POM_5V_CPU 168/564
RAM 1802/3964MB (lfb 107x4MB) SWAP 0/1982MB (cached 0MB) IRAM 0/252kB(lfb 252kB) CPU [0%@1224,7%@1224,3%@1224,0%@1224] EMC_FREQ 2%@1600 GR3D_FREQ 99%@921 APE 25 PLL@36C CPU@38C PMIC@50C GPU@38C AO@46C thermal@37.75C POM_5V_IN 3111/4060 POM_5V_GPU 1177/1523 POM_5V_CPU 294/564
RAM 1802/3964MB (lfb 107x4MB) SWAP 0/1982MB (cached 0MB) IRAM 0/252kB(lfb 252kB) CPU [1%@1224,8%@1224,0%@1224,0%@1224] EMC_FREQ 2%@1600 GR3D_FREQ 45%@921 APE 25 PLL@36C CPU@38.5C PMIC@50C GPU@38C AO@46C thermal@38C POM_5V_IN 3677/4060 POM_5V_GPU 1337/1523 POM_5V_CPU 667/564
RAM 1802/3964MB (lfb 107x4MB) SWAP 0/1982MB (cached 0MB) IRAM 0/252kB(lfb 252kB) CPU [1%@1224,36%@1224,1%@1224,2%@1224] EMC_FREQ 3%@1600 GR3D_FREQ 99%@921 APE 25 PLL@36C CPU@38C PMIC@50C GPU@38C AO@45.5C thermal@38.25C POM_5V_IN 3195/4059 POM_5V_GPU 1261/1523 POM_5V_CPU 294/564
RAM 1802/3964MB (lfb 107x4MB) SWAP 0/1982MB (cached 0MB) IRAM 0/252kB(lfb 252kB) CPU [6%@1224,4%@1224,0%@1224,0%@1224] EMC_FREQ 2%@1600 GR3D_FREQ 99%@921 APE 25 PLL@36C CPU@38C PMIC@50C GPU@38C AO@45.5C thermal@38C POM_5V_IN 3069/4058 POM_5V_GPU 1303/1522 POM_5V_CPU 210/563
RAM 1802/3964MB (lfb 107x4MB) SWAP 0/1982MB (cached 0MB) IRAM 0/252kB(lfb 252kB) CPU [4%@1224,0%@1224,0%@1224,0%@1224] EMC_FREQ 2%@1600 GR3D_FREQ 99%@921 APE 25 PLL@36C CPU@38C PMIC@50C GPU@38C AO@45.5C thermal@38C POM_5V_IN 3074/4057 POM_5V_GPU 1179/1522 POM_5V_CPU 252/563
RAM 1802/3964MB (lfb 107x4MB) SWAP 0/1982MB (cached 0MB) IRAM 0/252kB(lfb 252kB) CPU [6%@1224,0%@1224,0%@1224,0%@1224] EMC_FREQ 2%@1600 GR3D_FREQ 96%@921 APE 25 PLL@36C CPU@38.5C PMIC@50C GPU@38C AO@46C thermal@38C POM_5V_IN 3641/4057 POM_5V_GPU 1674/1522 POM_5V_CPU 251/563
RAM 1802/3964MB (lfb 107x4MB) SWAP 0/1982MB (cached 0MB) IRAM 0/252kB(lfb 252kB) CPU [38%@1224,1%@1224,1%@1224,1%@1224] EMC_FREQ 3%@1600 GR3D_FREQ 57%@921 APE 25 PLL@36.5C CPU@38.5C PMIC@50C GPU@38C AO@46C thermal@38.25C POM_5V_IN 3719/4056 POM_5V_GPU 1337/1522 POM_5V_CPU 668/563
RAM 1802/3964MB (lfb 107x4MB) SWAP 0/1982MB (cached 0MB) IRAM 0/252kB(lfb 252kB) CPU [10%@1224,0%@1224,0%@1224,1%@1224] EMC_FREQ 2%@1600 GR3D_FREQ 99%@921 APE 25 PLL@36C CPU@38C PMIC@50C GPU@38C AO@45.5C thermal@38C POM_5V_IN 2989/4055 POM_5V_GPU 1221/1522 POM_5V_CPU 168/562
RAM 1802/3964MB (lfb 107x4MB) SWAP 0/1982MB (cached 0MB) IRAM 0/252kB(lfb 252kB) CPU [0%@1224,0%@1224,0%@1224,0%@1224] EMC_FREQ 2%@1600 GR3D_FREQ 96%@921 APE 25 PLL@36C CPU@38C PMIC@50C GPU@38C AO@45.5C thermal@37.75C POM_5V_IN 3153/4054 POM_5V_GPU 1303/1521 POM_5V_CPU 210/562
RAM 1802/3964MB (lfb 107x4MB) SWAP 0/1982MB (cached 0MB) IRAM 0/252kB(lfb 252kB) CPU [8%@1224,0%@1224,0%@1224,0%@1224] EMC_FREQ 2%@1600 GR3D_FREQ 96%@921 APE 25 PLL@36.5C CPU@38C PMIC@50C GPU@38C AO@45.5C thermal@38C POM_5V_IN 3195/4053 POM_5V_GPU 1387/1521 POM_5V_CPU 168/562
RAM 1801/3964MB (lfb 107x4MB) SWAP 0/1982MB (cached 0MB) IRAM 0/252kB(lfb 252kB) CPU [25%@1479,1%@1479,4%@1479,0%@1479] EMC_FREQ 2%@1600 GR3D_FREQ 74%@921 APE 25 PLL@36C CPU@38C PMIC@50C GPU@38C AO@45.5C thermal@38.5C POM_5V_IN 3316/4052 POM_5V_GPU 1133/1521 POM_5V_CPU 503/561
RAM 1801/3964MB (lfb 107x4MB) SWAP 0/1982MB (cached 0MB) IRAM 0/252kB(lfb 252kB) CPU [22%@1224,8%@1224,1%@1224,1%@1224] EMC_FREQ 3%@1600 GR3D_FREQ 99%@921 APE 25 PLL@36.5C CPU@38.5C PMIC@50C GPU@38C AO@45.5C thermal@38.25C POM_5V_IN 3111/4051 POM_5V_GPU 1263/1521 POM_5V_CPU 210/561
RAM 1801/3964MB (lfb 107x4MB) SWAP 0/1982MB (cached 0MB) IRAM 0/252kB(lfb 252kB) CPU [0%@1224,0%@1224,0%@1224,0%@1224] EMC_FREQ 2%@1600 GR3D_FREQ 99%@921 APE 25 PLL@36C CPU@38C PMIC@50C GPU@38C AO@45.5C thermal@38C POM_5V_IN 3032/4050 POM_5V_GPU 1263/1520 POM_5V_CPU 168/561
RAM 1801/3964MB (lfb 107x4MB) SWAP 0/1982MB (cached 0MB) IRAM 0/252kB(lfb 252kB) CPU [0%@1224,6%@1224,0%@1224,0%@1224] EMC_FREQ 2%@1600 GR3D_FREQ 99%@921 APE 25 PLL@36C CPU@38C PMIC@50C GPU@38C AO@45.5C thermal@38C POM_5V_IN 3074/4049 POM_5V_GPU 1263/1520 POM_5V_CPU 168/560
RAM 1801/3964MB (lfb 107x4MB) SWAP 0/1982MB (cached 0MB) IRAM 0/252kB(lfb 252kB) CPU [2%@1224,19%@1224,0%@1224,1%@1224] EMC_FREQ 2%@1600 GR3D_FREQ 52%@921 APE 25 PLL@36.5C CPU@38.5C PMIC@50C GPU@38C AO@46C thermal@38C POM_5V_IN 3803/4049 POM_5V_GPU 1337/1520 POM_5V_CPU 709/560
RAM 1801/3964MB (lfb 107x4MB) SWAP 0/1982MB (cached 0MB) IRAM 0/252kB(lfb 252kB) CPU [18%@1224,18%@1224,1%@1224,2%@1224] EMC_FREQ 3%@1600 GR3D_FREQ 99%@921 APE 25 PLL@36.5C CPU@38.5C PMIC@50C GPU@38C AO@45.5C thermal@38C POM_5V_IN 3111/4048 POM_5V_GPU 1135/1519 POM_5V_CPU 378/560
RAM 1801/3964MB (lfb 107x4MB) SWAP 0/1982MB (cached 0MB) IRAM 0/252kB(lfb 252kB) CPU [1%@1224,0%@1224,0%@1224,0%@1224] EMC_FREQ 2%@1600 GR3D_FREQ 99%@921 APE 25 PLL@36.5C CPU@38C PMIC@50C GPU@38C AO@45.5C thermal@38.25C POM_5V_IN 3074/4047 POM_5V_GPU 1263/1519 POM_5V_CPU 168/560
RAM 1802/3964MB (lfb 107x4MB) SWAP 0/1982MB (cached 0MB) IRAM 0/252kB(lfb 252kB) CPU [7%@1224,0%@1224,0%@1224,0%@1224] EMC_FREQ 2%@1600 GR3D_FREQ 99%@921 APE 25 PLL@36C CPU@38C PMIC@50C GPU@38C AO@45.5C thermal@38C POM_5V_IN 3032/4046 POM_5V_GPU 1263/1519 POM_5V_CPU 168/559
RAM 1802/3964MB (lfb 107x4MB) SWAP 0/1982MB (cached 0MB) IRAM 0/252kB(lfb 252kB) CPU [12%@1224,0%@1224,0%@1224,1%@1224] EMC_FREQ 2%@1600 GR3D_FREQ 96%@921 APE 25 PLL@36.5C CPU@38.5C PMIC@50C GPU@38C AO@45.5C thermal@38C POM_5V_IN 3437/4045 POM_5V_GPU 1383/1519 POM_5V_CPU 419/559
RAM 1802/3964MB (lfb 107x4MB) SWAP 0/1982MB (cached 0MB) IRAM 0/252kB(lfb 252kB) CPU [40%@1479,2%@1479,1%@1479,3%@1479] EMC_FREQ 3%@1600 GR3D_FREQ 0%@921 APE 25 PLL@37C CPU@38.5C PMIC@50C GPU@38C AO@45.5C thermal@38.25C POM_5V_IN 3316/4045 POM_5V_GPU 713/1518 POM_5V_CPU 965/560
RAM 1802/3964MB (lfb 107x4MB) SWAP 0/1982MB (cached 0MB) IRAM 0/252kB(lfb 252kB) CPU [0%@1224,0%@1224,2%@1224,0%@1224] EMC_FREQ 2%@1600 GR3D_FREQ 99%@921 APE 25 PLL@36C CPU@38.5C PMIC@50C GPU@38C AO@46C thermal@38.25C POM_5V_IN 3069/4043 POM_5V_GPU 1261/1518 POM_5V_CPU 168/559
RAM 1802/3964MB (lfb 107x4MB) SWAP 0/1982MB (cached 0MB) IRAM 0/252kB(lfb 252kB) CPU [8%@1224,0%@1224,0%@1224,0%@1224] EMC_FREQ 2%@1600 GR3D_FREQ 99%@921 APE 25 PLL@36.5C CPU@38.5C PMIC@50C GPU@38C AO@45.5C thermal@38.25C POM_5V_IN 3074/4042 POM_5V_GPU 1221/1517 POM_5V_CPU 210/559
RAM 1802/3964MB (lfb 107x4MB) SWAP 0/1982MB (cached 0MB) IRAM 0/252kB(lfb 252kB) CPU [10%@1428,0%@1428,1%@1428,0%@1428] EMC_FREQ 2%@1600 GR3D_FREQ 43%@921 APE 25 PLL@36.5C CPU@39C PMIC@50C GPU@38C AO@46C thermal@38.25C POM_5V_IN 3916/4042 POM_5V_GPU 1374/1517 POM_5V_CPU 792/559
RAM 1802/3964MB (lfb 107x4MB) SWAP 0/1982MB (cached 0MB) IRAM 0/252kB(lfb 252kB) CPU [34%@1224,1%@1224,1%@1224,2%@1224] EMC_FREQ 3%@1600 GR3D_FREQ 97%@921 APE 25 PLL@36.5C CPU@38.5C PMIC@50C GPU@38.5C AO@46C thermal@38.5C POM_5V_IN 3232/4041 POM_5V_GPU 1303/1517 POM_5V_CPU 294/559
RAM 1802/3964MB (lfb 107x4MB) SWAP 0/1982MB (cached 0MB) IRAM 0/252kB(lfb 252kB) CPU [8%@1224,0%@1224,1%@1224,0%@1224] EMC_FREQ 2%@1600 GR3D_FREQ 99%@921 APE 25 PLL@36.5C CPU@38.5C PMIC@50C GPU@38C AO@46C thermal@38C POM_5V_IN 3074/4040 POM_5V_GPU 1305/1517 POM_5V_CPU 168/558
RAM 1802/3964MB (lfb 107x4MB) SWAP 0/1982MB (cached 0MB) IRAM 0/252kB(lfb 252kB) CPU [7%@1479,0%@1479,0%@1479,0%@1479] EMC_FREQ 2%@1600 GR3D_FREQ 0%@921 APE 25 PLL@36C CPU@39C PMIC@50C GPU@38C AO@46C thermal@38C POM_5V_IN 3111/4040 POM_5V_GPU 1091/1516 POM_5V_CPU 503/558
RAM 1802/3964MB (lfb 107x4MB) SWAP 0/1982MB (cached 0MB) IRAM 0/252kB(lfb 252kB) CPU [7%@1224,0%@1224,0%@1224,0%@1224] EMC_FREQ 2%@1600 GR3D_FREQ 89%@921 APE 25 PLL@36.5C CPU@38.5C PMIC@50C GPU@38.5C AO@46C thermal@38.5C POM_5V_IN 3599/4039 POM_5V_GPU 1590/1516 POM_5V_CPU 418/558
RAM 1802/3964MB (lfb 107x4MB) SWAP 0/1982MB (cached 0MB) IRAM 0/252kB(lfb 252kB) CPU [38%@1224,1%@1224,4%@1224,1%@1224] EMC_FREQ 3%@1600 GR3D_FREQ 97%@921 APE 25 PLL@36.5C CPU@39C PMIC@50C GPU@38C AO@46C thermal@38.25C POM_5V_IN 3599/4039 POM_5V_GPU 1339/1516 POM_5V_CPU 502/558
RAM 1802/3964MB (lfb 107x4MB) SWAP 0/1982MB (cached 0MB) IRAM 0/252kB(lfb 252kB) CPU [9%@1224,0%@1224,0%@1224,0%@1224] EMC_FREQ 2%@1600 GR3D_FREQ 99%@921 APE 25 PLL@36.5C CPU@38.5C PMIC@50C GPU@38C AO@46C thermal@38.25C POM_5V_IN 2989/4038 POM_5V_GPU 1221/1516 POM_5V_CPU 168/558
RAM 1802/3964MB (lfb 107x4MB) SWAP 0/1982MB (cached 0MB) IRAM 0/252kB(lfb 252kB) CPU [2%@1224,0%@1224,0%@1224,0%@1224] EMC_FREQ 2%@1600 GR3D_FREQ 96%@921 APE 25 PLL@36.5C CPU@38.5C PMIC@50C GPU@38C AO@46C thermal@38.5C POM_5V_IN 3111/4037 POM_5V_GPU 1303/1516 POM_5V_CPU 210/557
RAM 1801/3964MB (lfb 107x4MB) SWAP 0/1982MB (cached 0MB) IRAM 0/252kB(lfb 252kB) CPU [7%@1224,0%@1224,0%@1224,2%@1224] EMC_FREQ 2%@1600 GR3D_FREQ 96%@921 APE 25 PLL@36.5C CPU@38.5C PMIC@50C GPU@38C AO@46C thermal@38.25C POM_5V_IN 3195/4036 POM_5V_GPU 1345/1515 POM_5V_CPU 252/557
RAM 1801/3964MB (lfb 107x4MB) SWAP 0/1982MB (cached 0MB) IRAM 0/252kB(lfb 252kB) CPU [26%@1479,0%@1479,0%@1479,0%@1479] EMC_FREQ 2%@1600 GR3D_FREQ 92%@921 APE 25 PLL@36.5C CPU@39C PMIC@50C GPU@38C AO@46C thermal@38.25C POM_5V_IN 3395/4035 POM_5V_GPU 1131/1515 POM_5V_CPU 628/557
RAM 1801/3964MB (lfb 107x4MB) SWAP 0/1982MB (cached 0MB) IRAM 0/252kB(lfb 252kB) CPU [26%@1224,1%@1224,1%@1224,1%@1224] EMC_FREQ 3%@1600 GR3D_FREQ 99%@921 APE 25 PLL@36C CPU@39C PMIC@50C GPU@38C AO@46C thermal@38.75C POM_5V_IN 3032/4034 POM_5V_GPU 1221/1515 POM_5V_CPU 168/557
RAM 1801/3964MB (lfb 107x4MB) SWAP 0/1982MB (cached 0MB) IRAM 0/252kB(lfb 252kB) CPU [1%@1224,0%@1224,0%@1224,0%@1224] EMC_FREQ 2%@1600 GR3D_FREQ 99%@921 APE 25 PLL@36.5C CPU@38.5C PMIC@50C GPU@38C AO@45.5C thermal@38.25C POM_5V_IN 3074/4033 POM_5V_GPU 1263/1515 POM_5V_CPU 168/556
RAM 1801/3964MB (lfb 107x4MB) SWAP 0/1982MB (cached 0MB) IRAM 0/252kB(lfb 252kB) CPU [8%@1224,0%@1224,0%@1224,0%@1224] EMC_FREQ 2%@1600 GR3D_FREQ 99%@921 APE 25 PLL@36.5C CPU@38.5C PMIC@50C GPU@38C AO@45.5C thermal@38.25C POM_5V_IN 3032/4032 POM_5V_GPU 1263/1514 POM_5V_CPU 168/556
RAM 1801/3964MB (lfb 107x4MB) SWAP 0/1982MB (cached 0MB) IRAM 0/252kB(lfb 252kB) CPU [22%@1428,1%@1428,1%@1428,1%@1428] EMC_FREQ 2%@1600 GR3D_FREQ 30%@921 APE 25 PLL@37C CPU@39C PMIC@50C GPU@38C AO@46.5C thermal@38.25C POM_5V_IN 3797/4032 POM_5V_GPU 1253/1514 POM_5V_CPU 751/556
RAM 1801/3964MB (lfb 107x4MB) SWAP 0/1982MB (cached 0MB) IRAM 0/252kB(lfb 252kB) CPU [15%@1224,12%@1224,1%@1224,7%@1224] EMC_FREQ 3%@1600 GR3D_FREQ 95%@921 APE 25 PLL@36.5C CPU@38.5C PMIC@50C GPU@38.5C AO@45.5C thermal@38.25C POM_5V_IN 3195/4031 POM_5V_GPU 1345/1514 POM_5V_CPU 210/556
RAM 1801/3964MB (lfb 107x4MB) SWAP 0/1982MB (cached 0MB) IRAM 0/252kB(lfb 252kB) CPU [0%@1224,2%@1224,0%@1224,0%@1224] EMC_FREQ 2%@1600 GR3D_FREQ 96%@921 APE 25 PLL@36.5C CPU@38.5C PMIC@50C GPU@38C AO@46C thermal@38.25C POM_5V_IN 3074/4030 POM_5V_GPU 1263/1514 POM_5V_CPU 168/555
RAM 1801/3964MB (lfb 107x4MB) SWAP 0/1982MB (cached 0MB) IRAM 0/252kB(lfb 252kB) CPU [1%@1224,6%@1224,0%@1224,0%@1224] EMC_FREQ 2%@1600 GR3D_FREQ 99%@921 APE 25 PLL@36.5C CPU@38.5C PMIC@50C GPU@38C AO@46C thermal@38.5C POM_5V_IN 3153/4029 POM_5V_GPU 1303/1513 POM_5V_CPU 210/555
RAM 1801/3964MB (lfb 107x4MB) SWAP 0/1982MB (cached 0MB) IRAM 0/252kB(lfb 252kB) CPU [1%@1224,15%@1224,1%@1224,0%@1224] EMC_FREQ 2%@1600 GR3D_FREQ 49%@921 APE 25 PLL@36.5C CPU@39C PMIC@50C GPU@38.5C AO@46.5C thermal@38.5C POM_5V_IN 3677/4029 POM_5V_GPU 1504/1513 POM_5V_CPU 459/555
RAM 1802/3964MB (lfb 107x4MB) SWAP 0/1982MB (cached 0MB) IRAM 0/252kB(lfb 252kB) CPU [2%@1479,35%@1479,1%@1479,3%@1479] EMC_FREQ 3%@1600 GR3D_FREQ 99%@921 APE 25 PLL@37C CPU@38.5C PMIC@50C GPU@38.5C AO@45.5C thermal@38.25C POM_5V_IN 3395/4028 POM_5V_GPU 1089/1513 POM_5V_CPU 627/555
RAM 1802/3964MB (lfb 107x4MB) SWAP 0/1982MB (cached 0MB) IRAM 0/252kB(lfb 252kB) CPU [1%@1224,0%@1224,0%@1224,1%@1224] EMC_FREQ 2%@1600 GR3D_FREQ 99%@921 APE 25 PLL@36.5C CPU@38.5C PMIC@50C GPU@38.5C AO@46C thermal@38.25C POM_5V_IN 3032/4027 POM_5V_GPU 1263/1513 POM_5V_CPU 168/555
RAM 1802/3964MB (lfb 107x4MB) SWAP 0/1982MB (cached 0MB) IRAM 0/252kB(lfb 252kB) CPU [0%@1224,7%@1224,0%@1224,0%@1224] EMC_FREQ 2%@1600 GR3D_FREQ 96%@921 APE 25 PLL@36C CPU@38.5C PMIC@50C GPU@38C AO@46C thermal@38.25C POM_5V_IN 3153/4026 POM_5V_GPU 1303/1512 POM_5V_CPU 210/554
RAM 1802/3964MB (lfb 107x4MB) SWAP 0/1982MB (cached 0MB) IRAM 0/252kB(lfb 252kB) CPU [1%@1326,15%@1326,0%@1326,0%@1326] EMC_FREQ 2%@1600 GR3D_FREQ 57%@921 APE 25 PLL@36.5C CPU@39C PMIC@50C GPU@38.5C AO@46.5C thermal@38.5C POM_5V_IN 4118/4026 POM_5V_GPU 1539/1512 POM_5V_CPU 790/555
RAM 1802/3964MB (lfb 107x4MB) SWAP 0/1982MB (cached 0MB) IRAM 0/252kB(lfb 252kB) CPU [1%@1479,33%@1479,1%@1479,0%@1479] EMC_FREQ 3%@1600 GR3D_FREQ 53%@921 APE 25 PLL@37C CPU@39C PMIC@50C GPU@38C AO@46C thermal@38.5C POM_5V_IN 3557/4026 POM_5V_GPU 1213/1512 POM_5V_CPU 711/555
RAM 1802/3964MB (lfb 107x4MB) SWAP 0/1982MB (cached 0MB) IRAM 0/252kB(lfb 252kB) CPU [1%@1224,6%@1224,0%@1224,0%@1224] EMC_FREQ 2%@1600 GR3D_FREQ 99%@921 APE 25 PLL@36C CPU@38.5C PMIC@50C GPU@38.5C AO@46C thermal@38.5C POM_5V_IN 3032/4025 POM_5V_GPU 1263/1512 POM_5V_CPU 168/554
RAM 1802/3964MB (lfb 107x4MB) SWAP 0/1982MB (cached 0MB) IRAM 0/252kB(lfb 252kB) CPU [0%@1224,7%@1224,0%@1224,0%@1224] EMC_FREQ 2%@1600 GR3D_FREQ 99%@921 APE 25 PLL@36.5C CPU@38.5C PMIC@50C GPU@38C AO@45.5C thermal@38.25C POM_5V_IN 3111/4024 POM_5V_GPU 1219/1512 POM_5V_CPU 252/554
RAM 1802/3964MB (lfb 107x4MB) SWAP 0/1982MB (cached 0MB) IRAM 0/252kB(lfb 252kB) CPU [1%@1224,8%@1224,0%@1224,1%@1224] EMC_FREQ 2%@1600 GR3D_FREQ 42%@921 APE 25 PLL@36.5C CPU@39C PMIC@50C GPU@38C AO@46.5C thermal@38.25C POM_5V_IN 3761/4023 POM_5V_GPU 1460/1512 POM_5V_CPU 667/554
RAM 1802/3964MB (lfb 107x4MB) SWAP 0/1982MB (cached 0MB) IRAM 0/252kB(lfb 252kB) CPU [1%@1224,37%@1224,1%@1224,1%@1224] EMC_FREQ 3%@1600 GR3D_FREQ 99%@921 APE 25 PLL@36.5C CPU@38.5C PMIC@50C GPU@38C AO@46C thermal@38.5C POM_5V_IN 3274/4023 POM_5V_GPU 1301/1511 POM_5V_CPU 335/554
RAM 1802/3964MB (lfb 107x4MB) SWAP 0/1982MB (cached 0MB) IRAM 0/252kB(lfb 252kB) CPU [10%@1224,0%@1224,0%@1224,0%@1224] EMC_FREQ 2%@1600 GR3D_FREQ 99%@921 APE 25 PLL@36.5C CPU@38.5C PMIC@50C GPU@38C AO@46C thermal@39C POM_5V_IN 3111/4022 POM_5V_GPU 1345/1511 POM_5V_CPU 168/553
RAM 1802/3964MB (lfb 107x4MB) SWAP 0/1982MB (cached 0MB) IRAM 0/252kB(lfb 252kB) CPU [4%@1224,0%@1224,0%@1224,0%@1224] EMC_FREQ 2%@1600 GR3D_FREQ 99%@921 APE 25 PLL@36.5C CPU@38.5C PMIC@50C GPU@38C AO@46C thermal@38.25C POM_5V_IN 3032/4021 POM_5V_GPU 1179/1511 POM_5V_CPU 210/553
RAM 1802/3964MB (lfb 107x4MB) SWAP 0/1982MB (cached 0MB) IRAM 0/252kB(lfb 252kB) CPU [8%@1224,0%@1224,0%@1224,1%@1224] EMC_FREQ 2%@1600 GR3D_FREQ 99%@921 APE 25 PLL@36.5C CPU@38.5C PMIC@50C GPU@38.5C AO@46C thermal@38.5C POM_5V_IN 3195/4020 POM_5V_GPU 1303/1511 POM_5V_CPU 251/553
RAM 1802/3964MB (lfb 107x4MB) SWAP 0/1982MB (cached 0MB) IRAM 0/252kB(lfb 252kB) CPU [31%@1428,1%@1428,1%@1428,0%@1428] EMC_FREQ 3%@1600 GR3D_FREQ 70%@921 APE 25 PLL@36.5C CPU@39C PMIC@50C GPU@38.5C AO@46C thermal@38.25C POM_5V_IN 3635/4019 POM_5V_GPU 1379/1510 POM_5V_CPU 585/553
RAM 1802/3964MB (lfb 107x4MB) SWAP 0/1982MB (cached 0MB) IRAM 0/252kB(lfb 252kB) CPU [16%@1224,0%@1224,1%@1224,0%@1224] EMC_FREQ 2%@1600 GR3D_FREQ 99%@921 APE 25 PLL@36.5C CPU@38.5C PMIC@50C GPU@38C AO@45.5C thermal@38.25C POM_5V_IN 3032/4018 POM_5V_GPU 1263/1510 POM_5V_CPU 168/552
RAM 1802/3964MB (lfb 107x4MB) SWAP 0/1982MB (cached 0MB) IRAM 0/252kB(lfb 252kB) CPU [1%@1224,0%@1224,0%@1224,0%@1224] EMC_FREQ 2%@1600 GR3D_FREQ 96%@921 APE 25 PLL@36.5C CPU@38.5C PMIC@50C GPU@38.5C AO@46C thermal@38.25C POM_5V_IN 3074/4018 POM_5V_GPU 1263/1510 POM_5V_CPU 210/552
RAM 1802/3964MB (lfb 107x4MB) SWAP 0/1982MB (cached 0MB) IRAM 0/252kB(lfb 252kB) CPU [7%@1224,0%@1224,0%@1224,0%@1224] EMC_FREQ 2%@1600 GR3D_FREQ 94%@921 APE 25 PLL@36.5C CPU@38.5C PMIC@50C GPU@38.5C AO@45.5C thermal@38.25C POM_5V_IN 3274/4017 POM_5V_GPU 1343/1510 POM_5V_CPU 293/552
RAM 1802/3964MB (lfb 107x4MB) SWAP 0/1982MB (cached 0MB) IRAM 0/252kB(lfb 252kB) CPU [33%@1224,1%@1224,1%@1224,2%@1224] EMC_FREQ 3%@1600 GR3D_FREQ 92%@921 APE 25 PLL@36.5C CPU@38.5C PMIC@50C GPU@38.5C AO@46C thermal@38.25C POM_5V_IN 3761/4016 POM_5V_GPU 1462/1510 POM_5V_CPU 543/552
RAM 1802/3964MB (lfb 107x4MB) SWAP 0/1982MB (cached 0MB) IRAM 0/252kB(lfb 252kB) CPU [20%@1224,0%@1224,0%@1224,1%@1224] EMC_FREQ 2%@1600 GR3D_FREQ 99%@921 APE 25 PLL@36.5C CPU@38.5C PMIC@50C GPU@38C AO@46C thermal@38.75C POM_5V_IN 2989/4015 POM_5V_GPU 1221/1509 POM_5V_CPU 168/551
RAM 1802/3964MB (lfb 107x4MB) SWAP 0/1982MB (cached 0MB) IRAM 0/252kB(lfb 252kB) CPU [0%@1224,0%@1224,0%@1224,0%@1224] EMC_FREQ 2%@1600 GR3D_FREQ 99%@921 APE 25 PLL@36C CPU@38.5C PMIC@50C GPU@38C AO@46C thermal@38.25C POM_5V_IN 3074/4015 POM_5V_GPU 1263/1509 POM_5V_CPU 168/551
RAM 1802/3964MB (lfb 107x4MB) SWAP 0/1982MB (cached 0MB) IRAM 0/252kB(lfb 252kB) CPU [6%@1224,0%@1224,0%@1224,0%@1224] EMC_FREQ 2%@1600 GR3D_FREQ 99%@921 APE 25 PLL@36.5C CPU@38C PMIC@50C GPU@38C AO@46C thermal@38C POM_5V_IN 3195/4014 POM_5V_GPU 1345/1509 POM_5V_CPU 209/551
RAM 1802/3964MB (lfb 107x4MB) SWAP 0/1982MB (cached 0MB) IRAM 0/252kB(lfb 252kB) CPU [28%@1479,1%@1479,1%@1479,0%@1479] EMC_FREQ 2%@1600 GR3D_FREQ 0%@921 APE 25 PLL@36.5C CPU@39C PMIC@50C GPU@37.5C AO@45.5C thermal@38.5C POM_5V_IN 3074/4013 POM_5V_GPU 673/1508 POM_5V_CPU 715/551
RAM 1802/3964MB (lfb 107x4MB) SWAP 0/1982MB (cached 0MB) IRAM 0/252kB(lfb 252kB) CPU [26%@1224,1%@1224,1%@1224,2%@1224] EMC_FREQ 3%@1600 GR3D_FREQ 99%@921 APE 25 PLL@36.5C CPU@38.5C PMIC@50C GPU@38C AO@46C thermal@38.5C POM_5V_IN 3032/4012 POM_5V_GPU 1263/1508 POM_5V_CPU 168/551
RAM 1802/3964MB (lfb 107x4MB) SWAP 0/1982MB (cached 0MB) IRAM 0/252kB(lfb 252kB) CPU [0%@1224,0%@1224,0%@1224,0%@1224] EMC_FREQ 2%@1600 GR3D_FREQ 99%@921 APE 25 PLL@36.5C CPU@38.5C PMIC@50C GPU@38C AO@45.5C thermal@38.25C POM_5V_IN 3074/4011 POM_5V_GPU 1263/1508 POM_5V_CPU 168/550
RAM 1802/3964MB (lfb 107x4MB) SWAP 0/1982MB (cached 0MB) IRAM 0/252kB(lfb 252kB) CPU [8%@1224,0%@1224,0%@1224,0%@1224] EMC_FREQ 2%@1600 GR3D_FREQ 99%@921 APE 25 PLL@36.5C CPU@38.5C PMIC@50C GPU@38C AO@45.5C thermal@38C POM_5V_IN 3032/4010 POM_5V_GPU 1263/1507 POM_5V_CPU 168/550
RAM 1802/3964MB (lfb 107x4MB) SWAP 0/1982MB (cached 0MB) IRAM 0/252kB(lfb 252kB) CPU [21%@1479,0%@1479,0%@1479,0%@1479] EMC_FREQ 2%@1600 GR3D_FREQ 25%@921 APE 25 PLL@36.5C CPU@39C PMIC@50C GPU@38C AO@46C thermal@38C POM_5V_IN 3880/4010 POM_5V_GPU 1377/1507 POM_5V_CPU 834/550
RAM 1802/3964MB (lfb 107x4MB) SWAP 0/1982MB (cached 0MB) IRAM 0/252kB(lfb 252kB) CPU [28%@1224,0%@1224,2%@1224,5%@1224] EMC_FREQ 3%@1600 GR3D_FREQ 99%@921 APE 25 PLL@36.5C CPU@38.5C PMIC@50C GPU@38C AO@45.5C thermal@38.5C POM_5V_IN 3153/4009 POM_5V_GPU 1303/1507 POM_5V_CPU 210/550
RAM 1802/3964MB (lfb 107x4MB) SWAP 0/1982MB (cached 0MB) IRAM 0/252kB(lfb 252kB) CPU [1%@1224,0%@1224,0%@1224,0%@1224] EMC_FREQ 2%@1600 GR3D_FREQ 99%@921 APE 25 PLL@36.5C CPU@38.5C PMIC@50C GPU@38C AO@45.5C thermal@38.25C POM_5V_IN 3032/4008 POM_5V_GPU 1263/1507 POM_5V_CPU 168/549
RAM 1802/3964MB (lfb 107x4MB) SWAP 0/1982MB (cached 0MB) IRAM 0/252kB(lfb 252kB) CPU [7%@1224,0%@1224,0%@1224,0%@1224] EMC_FREQ 2%@1600 GR3D_FREQ 99%@921 APE 25 PLL@36.5C CPU@38.5C PMIC@50C GPU@38C AO@46C thermal@38.5C POM_5V_IN 3074/4007 POM_5V_GPU 1305/1507 POM_5V_CPU 168/549
RAM 1802/3964MB (lfb 107x4MB) SWAP 0/1982MB (cached 0MB) IRAM 0/252kB(lfb 252kB) CPU [19%@1479,1%@1479,0%@1479,1%@1479] EMC_FREQ 2%@1600 GR3D_FREQ 29%@921 APE 25 PLL@36.5C CPU@39C PMIC@50C GPU@38.5C AO@46C thermal@38.25C POM_5V_IN 3677/4007 POM_5V_GPU 1420/1507 POM_5V_CPU 626/549
RAM 1802/3964MB (lfb 107x4MB) SWAP 0/1982MB (cached 0MB) IRAM 0/252kB(lfb 252kB) CPU [35%@1224,2%@1224,1%@1224,1%@1224] EMC_FREQ 3%@1600 GR3D_FREQ 99%@921 APE 25 PLL@36.5C CPU@38.5C PMIC@50C GPU@38.5C AO@45.5C thermal@38.5C POM_5V_IN 3111/4006 POM_5V_GPU 1177/1506 POM_5V_CPU 336/549
RAM 1802/3964MB (lfb 107x4MB) SWAP 0/1982MB (cached 0MB) IRAM 0/252kB(lfb 252kB) CPU [0%@1224,0%@1224,0%@1224,0%@1224] EMC_FREQ 2%@1600 GR3D_FREQ 99%@921 APE 25 PLL@36C CPU@38.5C PMIC@50C GPU@38C AO@46C thermal@38.25C POM_5V_IN 3032/4005 POM_5V_GPU 1263/1506 POM_5V_CPU 168/548
RAM 1802/3964MB (lfb 107x4MB) SWAP 0/1982MB (cached 0MB) IRAM 0/252kB(lfb 252kB) CPU [8%@1224,0%@1224,0%@1224,0%@1224] EMC_FREQ 2%@1600 GR3D_FREQ 99%@921 APE 25 PLL@36.5C CPU@38.5C PMIC@50C GPU@38C AO@46C thermal@38.25C POM_5V_IN 3111/4004 POM_5V_GPU 1219/1506 POM_5V_CPU 252/548
RAM 1802/3964MB (lfb 107x4MB) SWAP 0/1982MB (cached 0MB) IRAM 0/252kB(lfb 252kB) CPU [8%@1224,0%@1224,0%@1224,0%@1224] EMC_FREQ 2%@1600 GR3D_FREQ 44%@921 APE 25 PLL@36.5C CPU@38.5C PMIC@50C GPU@38C AO@46C thermal@38.25C POM_5V_IN 3557/4003 POM_5V_GPU 1297/1506 POM_5V_CPU 585/548
RAM 1802/3964MB (lfb 107x4MB) SWAP 0/1982MB (cached 0MB) IRAM 0/252kB(lfb 252kB) CPU [35%@1224,1%@1224,2%@1224,3%@1224] EMC_FREQ 3%@1600 GR3D_FREQ 99%@921 APE 25 PLL@36.5C CPU@38.5C PMIC@50C GPU@38C AO@45.5C thermal@38.5C POM_5V_IN 3557/4003 POM_5V_GPU 1381/1505 POM_5V_CPU 544/548
RAM 1802/3964MB (lfb 107x4MB) SWAP 0/1982MB (cached 0MB) IRAM 0/252kB(lfb 252kB) CPU [8%@1224,0%@1224,0%@1224,0%@1224] EMC_FREQ 2%@1600 GR3D_FREQ 99%@921 APE 25 PLL@36.5C CPU@38.5C PMIC@50C GPU@38C AO@46C thermal@38.5C POM_5V_IN 2989/4002 POM_5V_GPU 1263/1505 POM_5V_CPU 167/548
RAM 1802/3964MB (lfb 107x4MB) SWAP 0/1982MB (cached 0MB) IRAM 0/252kB(lfb 252kB) CPU [4%@1224,0%@1224,0%@1224,0%@1224] EMC_FREQ 2%@1600 GR3D_FREQ 99%@921 APE 25 PLL@36C CPU@38.5C PMIC@50C GPU@38C AO@45.5C thermal@38.25C POM_5V_IN 3032/4001 POM_5V_GPU 1179/1505 POM_5V_CPU 252/547
RAM 1802/3964MB (lfb 107x4MB) SWAP 0/1982MB (cached 0MB) IRAM 0/252kB(lfb 252kB) CPU [5%@1224,0%@1224,0%@1224,3%@1224] EMC_FREQ 2%@1600 GR3D_FREQ 96%@921 APE 25 PLL@36.5C CPU@38.5C PMIC@50C GPU@38C AO@46C thermal@38.25C POM_5V_IN 3237/4000 POM_5V_GPU 1345/1505 POM_5V_CPU 210/547
RAM 1802/3964MB (lfb 107x4MB) SWAP 0/1982MB (cached 0MB) IRAM 0/252kB(lfb 252kB) CPU [37%@1224,1%@1224,1%@1224,1%@1224] EMC_FREQ 3%@1600 GR3D_FREQ 63%@921 APE 25 PLL@36.5C CPU@38.5C PMIC@50C GPU@38C AO@46C thermal@38.5C POM_5V_IN 3677/4000 POM_5V_GPU 1295/1504 POM_5V_CPU 710/547
RAM 1802/3964MB (lfb 107x4MB) SWAP 0/1982MB (cached 0MB) IRAM 0/252kB(lfb 252kB) CPU [9%@1224,1%@1224,1%@1224,1%@1224] EMC_FREQ 2%@1600 GR3D_FREQ 99%@921 APE 25 PLL@36C CPU@38.5C PMIC@50C GPU@38C AO@46C thermal@38.25C POM_5V_IN 2989/3999 POM_5V_GPU 1221/1504 POM_5V_CPU 168/547
RAM 1802/3964MB (lfb 107x4MB) SWAP 0/1982MB (cached 0MB) IRAM 0/252kB(lfb 252kB) CPU [3%@1479,0%@1479,0%@1479,0%@1479] EMC_FREQ 2%@1600 GR3D_FREQ 89%@921 APE 25 PLL@36.5C CPU@38.5C PMIC@50C GPU@38C AO@46C thermal@38.25C POM_5V_IN 3111/3998 POM_5V_GPU 1009/1504 POM_5V_CPU 462/547
RAM 1802/3964MB (lfb 107x4MB) SWAP 0/1982MB (cached 0MB) IRAM 0/252kB(lfb 252kB) CPU [10%@1479,0%@1479,0%@1479,0%@1479] EMC_FREQ 2%@1600 GR3D_FREQ 72%@921 APE 25 PLL@36.5C CPU@38.5C PMIC@50C GPU@38C AO@46C thermal@38.25C POM_5V_IN 3274/3997 POM_5V_GPU 1091/1503 POM_5V_CPU 461/547
RAM 1802/3964MB (lfb 107x4MB) SWAP 0/1982MB (cached 0MB) IRAM 0/252kB(lfb 252kB) CPU [33%@1224,1%@1224,0%@1224,2%@1224] EMC_FREQ 3%@1600 GR3D_FREQ 98%@921 APE 25 PLL@36C CPU@38.5C PMIC@50C GPU@38C AO@46C thermal@38.25C POM_5V_IN 3677/3997 POM_5V_GPU 1504/1503 POM_5V_CPU 459/547
RAM 1802/3964MB (lfb 107x4MB) SWAP 0/1982MB (cached 0MB) IRAM 0/252kB(lfb 252kB) CPU [16%@1224,0%@1224,1%@1224,2%@1224] EMC_FREQ 2%@1600 GR3D_FREQ 99%@921 APE 25 PLL@36.5C CPU@38.5C PMIC@50C GPU@38C AO@45.5C thermal@38.25C POM_5V_IN 3069/3996 POM_5V_GPU 1261/1503 POM_5V_CPU 210/546
RAM 1802/3964MB (lfb 107x4MB) SWAP 0/1982MB (cached 0MB) IRAM 0/252kB(lfb 252kB) CPU [1%@1224,0%@1224,0%@1224,0%@1224] EMC_FREQ 2%@1600 GR3D_FREQ 96%@921 APE 25 PLL@36C CPU@38.5C PMIC@50C GPU@38C AO@45.5C thermal@38.25C POM_5V_IN 3074/3995 POM_5V_GPU 1263/1503 POM_5V_CPU 210/546
RAM 1802/3964MB (lfb 107x4MB) SWAP 0/1982MB (cached 0MB) IRAM 0/252kB(lfb 252kB) CPU [7%@1224,0%@1224,0%@1224,0%@1224] EMC_FREQ 2%@1600 GR3D_FREQ 94%@921 APE 25 PLL@36.5C CPU@38.5C PMIC@50C GPU@38C AO@46C thermal@38.25C POM_5V_IN 3316/3994 POM_5V_GPU 1385/1503 POM_5V_CPU 293/546
RAM 1802/3964MB (lfb 107x4MB) SWAP 0/1982MB (cached 0MB) IRAM 0/252kB(lfb 252kB) CPU [32%@1224,1%@1224,0%@1224,1%@1224] EMC_FREQ 3%@1600 GR3D_FREQ 90%@921 APE 25 PLL@37C CPU@39C PMIC@50C GPU@38C AO@46C thermal@38.25C POM_5V_IN 3838/3994 POM_5V_GPU 1460/1503 POM_5V_CPU 667/546
RAM 1802/3964MB (lfb 107x4MB) SWAP 0/1982MB (cached 0MB) IRAM 0/252kB(lfb 252kB) CPU [19%@1224,0%@1224,0%@1224,3%@1224] EMC_FREQ 2%@1600 GR3D_FREQ 99%@921 APE 25 PLL@36.5C CPU@38.5C PMIC@50C GPU@38C AO@46C thermal@38.5C POM_5V_IN 2989/3993 POM_5V_GPU 1221/1502 POM_5V_CPU 168/546
RAM 1802/3964MB (lfb 107x4MB) SWAP 0/1982MB (cached 0MB) IRAM 0/252kB(lfb 252kB) CPU [1%@1224,0%@1224,0%@1224,0%@1224] EMC_FREQ 2%@1600 GR3D_FREQ 96%@921 APE 25 PLL@36.5C CPU@38C PMIC@50C GPU@38C AO@45.5C thermal@38.25C POM_5V_IN 3153/3993 POM_5V_GPU 1345/1502 POM_5V_CPU 210/545
RAM 1802/3964MB (lfb 107x4MB) SWAP 0/1982MB (cached 0MB) IRAM 0/252kB(lfb 252kB) CPU [8%@1224,0%@1224,0%@1224,0%@1224] EMC_FREQ 2%@1600 GR3D_FREQ 99%@921 APE 25 PLL@36C CPU@38.5C PMIC@50C GPU@38C AO@46C thermal@38C POM_5V_IN 3232/3992 POM_5V_GPU 1385/1502 POM_5V_CPU 209/545
RAM 1802/3964MB (lfb 107x4MB) SWAP 0/1982MB (cached 0MB) IRAM 0/252kB(lfb 252kB) CPU [24%@1479,1%@1479,0%@1479,1%@1479] EMC_FREQ 2%@1600 GR3D_FREQ 0%@921 APE 25 PLL@36.5C CPU@39C PMIC@50C GPU@38.5C AO@46C thermal@38.5C POM_5V_IN 3358/3991 POM_5V_GPU 923/1502 POM_5V_CPU 713/545
RAM 1802/3964MB (lfb 107x4MB) SWAP 0/1982MB (cached 0MB) IRAM 0/252kB(lfb 252kB) CPU [27%@1224,1%@1224,1%@1224,1%@1224] EMC_FREQ 3%@1600 GR3D_FREQ 99%@921 APE 25 PLL@36.5C CPU@38.5C PMIC@50C GPU@38C AO@46C thermal@38.75C POM_5V_IN 2989/3990 POM_5V_GPU 1221/1501 POM_5V_CPU 168/545
RAM 1802/3964MB (lfb 107x4MB) SWAP 0/1982MB (cached 0MB) IRAM 0/252kB(lfb 252kB) CPU [1%@1224,0%@1224,0%@1224,1%@1224] EMC_FREQ 2%@1600 GR3D_FREQ 99%@921 APE 25 PLL@36.5C CPU@38.5C PMIC@50C GPU@38C AO@46C thermal@38.25C POM_5V_IN 3074/3989 POM_5V_GPU 1263/1501 POM_5V_CPU 210/544
RAM 1802/3964MB (lfb 107x4MB) SWAP 0/1982MB (cached 0MB) IRAM 0/252kB(lfb 252kB) CPU [8%@1224,0%@1224,0%@1224,0%@1224] EMC_FREQ 2%@1600 GR3D_FREQ 99%@921 APE 25 PLL@36C CPU@38.5C PMIC@50C GPU@38C AO@46C thermal@38.25C POM_5V_IN 3032/3988 POM_5V_GPU 1263/1501 POM_5V_CPU 168/544
RAM 1802/3964MB (lfb 107x4MB) SWAP 0/1982MB (cached 0MB) IRAM 0/252kB(lfb 252kB) CPU [23%@1224,0%@1224,0%@1224,1%@1224] EMC_FREQ 2%@1600 GR3D_FREQ 95%@921 APE 25 PLL@36.5C CPU@38.5C PMIC@50C GPU@38C AO@46C thermal@38.25C POM_5V_IN 3838/3988 POM_5V_GPU 1543/1501 POM_5V_CPU 584/544
RAM 1802/3964MB (lfb 107x4MB) SWAP 0/1982MB (cached 0MB) IRAM 0/252kB(lfb 252kB) CPU [25%@1224,6%@1224,1%@1224,1%@1224] EMC_FREQ 3%@1600 GR3D_FREQ 99%@921 APE 25 PLL@36.5C CPU@38.5C PMIC@50C GPU@38C AO@46C thermal@38.25C POM_5V_IN 3074/3987 POM_5V_GPU 1263/1501 POM_5V_CPU 210/544
RAM 1802/3964MB (lfb 107x4MB) SWAP 0/1982MB (cached 0MB) IRAM 0/252kB(lfb 252kB) CPU [0%@1224,0%@1224,0%@1224,0%@1224] EMC_FREQ 2%@1600 GR3D_FREQ 99%@921 APE 25 PLL@36C CPU@38.5C PMIC@50C GPU@38C AO@46C thermal@38.25C POM_5V_IN 3032/3986 POM_5V_GPU 1263/1500 POM_5V_CPU 168/543
RAM 1802/3964MB (lfb 107x4MB) SWAP 0/1982MB (cached 0MB) IRAM 0/252kB(lfb 252kB) CPU [7%@1224,0%@1224,0%@1224,0%@1224] EMC_FREQ 2%@1600 GR3D_FREQ 99%@921 APE 25 PLL@36.5C CPU@38C PMIC@50C GPU@38C AO@45.5C thermal@38C POM_5V_IN 3074/3985 POM_5V_GPU 1263/1500 POM_5V_CPU 168/543
RAM 1802/3964MB (lfb 107x4MB) SWAP 0/1982MB (cached 0MB) IRAM 0/252kB(lfb 252kB) CPU [20%@1479,0%@1479,0%@1479,1%@1479] EMC_FREQ 2%@1600 GR3D_FREQ 51%@921 APE 25 PLL@36.5C CPU@39C PMIC@50C GPU@38C AO@46.5C thermal@38C POM_5V_IN 3880/3985 POM_5V_GPU 1418/1500 POM_5V_CPU 791/543
RAM 1802/3964MB (lfb 107x4MB) SWAP 0/1982MB (cached 0MB) IRAM 0/252kB(lfb 252kB) CPU [32%@1224,2%@1224,1%@1224,1%@1224] EMC_FREQ 3%@1600 GR3D_FREQ 96%@921 APE 25 PLL@36.5C CPU@38C PMIC@50C GPU@38.5C AO@46C thermal@38.25C POM_5V_IN 3237/3985 POM_5V_GPU 1345/1500 POM_5V_CPU 252/543
RAM 1802/3964MB (lfb 107x4MB) SWAP 0/1982MB (cached 0MB) IRAM 0/252kB(lfb 252kB) CPU [0%@1224,0%@1224,0%@1224,0%@1224] EMC_FREQ 2%@1600 GR3D_FREQ 99%@921 APE 25 PLL@36.5C CPU@38.5C PMIC@50C GPU@38C AO@45.5C thermal@38.25C POM_5V_IN 3074/3984 POM_5V_GPU 1263/1500 POM_5V_CPU 168/543
RAM 1802/3964MB (lfb 107x4MB) SWAP 0/1982MB (cached 0MB) IRAM 0/252kB(lfb 252kB) CPU [1%@1224,0%@1224,3%@1224,3%@1224] EMC_FREQ 2%@1600 GR3D_FREQ 96%@921 APE 25 PLL@36.5C CPU@38C PMIC@50C GPU@38.5C AO@46C thermal@38C POM_5V_IN 3111/3983 POM_5V_GPU 1303/1499 POM_5V_CPU 168/542
RAM 1802/3964MB (lfb 107x4MB) SWAP 0/1982MB (cached 0MB) IRAM 0/252kB(lfb 252kB) CPU [18%@1428,0%@1428,0%@1428,1%@1428] EMC_FREQ 2%@1600 GR3D_FREQ 44%@921 APE 25 PLL@36.5C CPU@38.5C PMIC@50C GPU@38C AO@46C thermal@38.5C POM_5V_IN 3719/3983 POM_5V_GPU 1420/1499 POM_5V_CPU 667/542
RAM 1802/3964MB (lfb 107x4MB) SWAP 0/1982MB (cached 0MB) IRAM 0/252kB(lfb 252kB) CPU [30%@1224,1%@1224,3%@1224,4%@1224] EMC_FREQ 3%@1600 GR3D_FREQ 99%@921 APE 25 PLL@36.5C CPU@38.5C PMIC@50C GPU@38C AO@45.5C thermal@38.25C POM_5V_IN 3074/3982 POM_5V_GPU 1179/1499 POM_5V_CPU 252/542
RAM 1802/3964MB (lfb 107x4MB) SWAP 0/1982MB (cached 0MB) IRAM 0/252kB(lfb 252kB) CPU [0%@1224,0%@1224,0%@1224,0%@1224] EMC_FREQ 2%@1600 GR3D_FREQ 99%@921 APE 25 PLL@36.5C CPU@38.5C PMIC@50C GPU@38C AO@45.5C thermal@38.25C POM_5V_IN 3074/3981 POM_5V_GPU 1263/1499 POM_5V_CPU 168/542
RAM 1802/3964MB (lfb 107x4MB) SWAP 0/1982MB (cached 0MB) IRAM 0/252kB(lfb 252kB) CPU [8%@1224,0%@1224,0%@1224,0%@1224] EMC_FREQ 2%@1600 GR3D_FREQ 99%@921 APE 25 PLL@36.5C CPU@38.5C PMIC@50C GPU@38C AO@46C thermal@38.25C POM_5V_IN 3032/3980 POM_5V_GPU 1263/1499 POM_5V_CPU 168/541
RAM 1802/3964MB (lfb 107x4MB) SWAP 0/1982MB (cached 0MB) IRAM 0/252kB(lfb 252kB) CPU [15%@1224,0%@1224,0%@1224,1%@1224] EMC_FREQ 2%@1600 GR3D_FREQ 99%@921 APE 25 PLL@36.5C CPU@38.5C PMIC@50C GPU@38C AO@46C thermal@38.25C POM_5V_IN 3437/3979 POM_5V_GPU 1341/1498 POM_5V_CPU 377/541
RAM 1802/3964MB (lfb 107x4MB) SWAP 0/1982MB (cached 0MB) IRAM 0/252kB(lfb 252kB) CPU [35%@1224,1%@1224,1%@1224,2%@1224] EMC_FREQ 3%@1600 GR3D_FREQ 78%@921 APE 25 PLL@36.5C CPU@38.5C PMIC@50C GPU@38.5C AO@45.5C thermal@38.25C POM_5V_IN 3437/3979 POM_5V_GPU 1089/1498 POM_5V_CPU 670/541
RAM 1802/3964MB (lfb 107x4MB) SWAP 0/1982MB (cached 0MB) IRAM 0/252kB(lfb 252kB) CPU [2%@1224,0%@1224,0%@1224,0%@1224] EMC_FREQ 2%@1600 GR3D_FREQ 99%@921 APE 25 PLL@36.5C CPU@38.5C PMIC@50C GPU@38C AO@46C thermal@38.25C POM_5V_IN 3074/3978 POM_5V_GPU 1263/1498 POM_5V_CPU 210/541
RAM 1802/3964MB (lfb 107x4MB) SWAP 0/1982MB (cached 0MB) IRAM 0/252kB(lfb 252kB) CPU [8%@1224,0%@1224,0%@1224,0%@1224] EMC_FREQ 2%@1600 GR3D_FREQ 99%@921 APE 25 PLL@36.5C CPU@38.5C PMIC@50C GPU@38C AO@46C thermal@38.5C POM_5V_IN 3074/3977 POM_5V_GPU 1221/1498 POM_5V_CPU 210/541
RAM 1802/3964MB (lfb 107x4MB) SWAP 0/1982MB (cached 0MB) IRAM 0/252kB(lfb 252kB) CPU [11%@1479,0%@1479,0%@1479,0%@1479] EMC_FREQ 2%@1600 GR3D_FREQ 44%@921 APE 25 PLL@36.5C CPU@39C PMIC@50C GPU@38.5C AO@46C thermal@38.25C POM_5V_IN 3922/3977 POM_5V_GPU 1418/1498 POM_5V_CPU 833/541
RAM 1802/3964MB (lfb 107x4MB) SWAP 0/1982MB (cached 0MB) IRAM 0/252kB(lfb 252kB) CPU [24%@1224,8%@1224,2%@1224,1%@1224] EMC_FREQ 3%@1600 GR3D_FREQ 99%@921 APE 25 PLL@36.5C CPU@38.5C PMIC@50C GPU@38.5C AO@45.5C thermal@38.5C POM_5V_IN 3232/3976 POM_5V_GPU 1301/1497 POM_5V_CPU 294/541
RAM 1802/3964MB (lfb 107x4MB) SWAP 0/1982MB (cached 0MB) IRAM 0/252kB(lfb 252kB) CPU [0%@1224,8%@1224,0%@1224,0%@1224] EMC_FREQ 2%@1600 GR3D_FREQ 99%@921 APE 25 PLL@36.5C CPU@38.5C PMIC@50C GPU@38C AO@45.5C thermal@38.25C POM_5V_IN 3069/3976 POM_5V_GPU 1305/1497 POM_5V_CPU 168/540
RAM 1802/3964MB (lfb 107x4MB) SWAP 0/1982MB (cached 0MB) IRAM 0/252kB(lfb 252kB) CPU [1%@1326,5%@1326,0%@1326,1%@1326] EMC_FREQ 2%@1600 GR3D_FREQ 82%@921 APE 25 PLL@36C CPU@38.5C PMIC@50C GPU@38C AO@45.5C thermal@38C POM_5V_IN 3069/3975 POM_5V_GPU 1094/1497 POM_5V_CPU 336/540
RAM 1802/3964MB (lfb 107x4MB) SWAP 0/1982MB (cached 0MB) IRAM 0/252kB(lfb 252kB) CPU [1%@1224,6%@1224,0%@1224,0%@1224] EMC_FREQ 2%@1600 GR3D_FREQ 93%@921 APE 25 PLL@36.5C CPU@38.5C PMIC@50C GPU@38.5C AO@46C thermal@38C POM_5V_IN 3635/3974 POM_5V_GPU 1671/1497 POM_5V_CPU 292/540
RAM 1802/3964MB (lfb 107x4MB) SWAP 0/1982MB (cached 0MB) IRAM 0/252kB(lfb 252kB) CPU [3%@1224,40%@1224,0%@1224,1%@1224] EMC_FREQ 3%@1600 GR3D_FREQ 66%@921 APE 25 PLL@36.5C CPU@38.5C PMIC@50C GPU@38.5C AO@46.5C thermal@38.25C POM_5V_IN 3761/3974 POM_5V_GPU 1462/1497 POM_5V_CPU 626/540
RAM 1802/3964MB (lfb 107x4MB) SWAP 0/1982MB (cached 0MB) IRAM 0/252kB(lfb 252kB) CPU [7%@1224,4%@1224,0%@1224,1%@1224] EMC_FREQ 2%@1600 GR3D_FREQ 99%@921 APE 25 PLL@36.5C CPU@38C PMIC@50C GPU@38C AO@46C thermal@38.5C POM_5V_IN 2989/3973 POM_5V_GPU 1221/1497 POM_5V_CPU 168/540
RAM 1802/3964MB (lfb 107x4MB) SWAP 0/1982MB (cached 0MB) IRAM 0/252kB(lfb 252kB) CPU [4%@1224,0%@1224,0%@1224,0%@1224] EMC_FREQ 2%@1600 GR3D_FREQ 80%@921 APE 25 PLL@36.5C CPU@38.5C PMIC@50C GPU@38C AO@46C thermal@38C POM_5V_IN 3032/3972 POM_5V_GPU 968/1496 POM_5V_CPU 421/539
RAM 1802/3964MB (lfb 107x4MB) SWAP 0/1982MB (cached 0MB) IRAM 0/252kB(lfb 252kB) CPU [15%@1224,5%@1224,8%@1224,5%@1224] EMC_FREQ 2%@1600 GR3D_FREQ 99%@921 APE 25 PLL@36.5C CPU@38.5C PMIC@50C GPU@38C AO@46C thermal@38.25C POM_5V_IN 3232/3972 POM_5V_GPU 1259/1496 POM_5V_CPU 335/539
RAM 1802/3964MB (lfb 107x4MB) SWAP 0/1982MB (cached 0MB) IRAM 0/252kB(lfb 252kB) CPU [36%@1224,1%@1224,0%@1224,2%@1224] EMC_FREQ 3%@1600 GR3D_FREQ 61%@921 APE 25 PLL@36.5C CPU@38.5C PMIC@50C GPU@38.5C AO@46C thermal@38.5C POM_5V_IN 3719/3971 POM_5V_GPU 1462/1496 POM_5V_CPU 543/539
RAM 1802/3964MB (lfb 107x4MB) SWAP 0/1982MB (cached 0MB) IRAM 0/252kB(lfb 252kB) CPU [15%@1224,0%@1224,0%@1224,0%@1224] EMC_FREQ 2%@1600 GR3D_FREQ 99%@921 APE 25 PLL@36C CPU@38.5C PMIC@50C GPU@38C AO@46C thermal@38.25C POM_5V_IN 2989/3970 POM_5V_GPU 1221/1496 POM_5V_CPU 168/539
RAM 1802/3964MB (lfb 107x4MB) SWAP 0/1982MB (cached 0MB) IRAM 0/252kB(lfb 252kB) CPU [1%@1224,0%@1224,0%@1224,0%@1224] EMC_FREQ 2%@1600 GR3D_FREQ 99%@921 APE 25 PLL@36C CPU@38C PMIC@50C GPU@38C AO@46C thermal@38.25C POM_5V_IN 3032/3970 POM_5V_GPU 1263/1495 POM_5V_CPU 168/539
RAM 1802/3964MB (lfb 107x4MB) SWAP 0/1982MB (cached 0MB) IRAM 0/252kB(lfb 252kB) CPU [6%@1224,0%@1224,0%@1224,0%@1224] EMC_FREQ 2%@1600 GR3D_FREQ 99%@921 APE 25 PLL@36.5C CPU@38.5C PMIC@50C GPU@38C AO@45.5C thermal@38.5C POM_5V_IN 3032/3969 POM_5V_GPU 1263/1495 POM_5V_CPU 168/538
RAM 1802/3964MB (lfb 107x4MB) SWAP 0/1982MB (cached 0MB) IRAM 0/252kB(lfb 252kB) CPU [23%@1428,1%@1428,1%@1428,2%@1428] EMC_FREQ 2%@1600 GR3D_FREQ 24%@921 APE 25 PLL@36.5C CPU@38.5C PMIC@50C GPU@38.5C AO@46C thermal@38.25C POM_5V_IN 3761/3968 POM_5V_GPU 1170/1495 POM_5V_CPU 835/538
RAM 1802/3964MB (lfb 107x4MB) SWAP 0/1982MB (cached 0MB) IRAM 0/252kB(lfb 252kB) CPU [29%@1224,0%@1224,1%@1224,1%@1224] EMC_FREQ 3%@1600 GR3D_FREQ 99%@921 APE 25 PLL@36C CPU@38.5C PMIC@50C GPU@38C AO@46C thermal@38.25C POM_5V_IN 3074/3968 POM_5V_GPU 1261/1495 POM_5V_CPU 251/538
RAM 1802/3964MB (lfb 107x4MB) SWAP 0/1982MB (cached 0MB) IRAM 0/252kB(lfb 252kB) CPU [0%@1224,0%@1224,0%@1224,0%@1224] EMC_FREQ 2%@1600 GR3D_FREQ 97%@921 APE 25 PLL@36C CPU@38.5C PMIC@50C GPU@38.5C AO@46C thermal@38.5C POM_5V_IN 3074/3967 POM_5V_GPU 1263/1494 POM_5V_CPU 168/538
RAM 1802/3964MB (lfb 107x4MB) SWAP 0/1982MB (cached 0MB) IRAM 0/252kB(lfb 252kB) CPU [8%@1224,0%@1224,0%@1224,0%@1224] EMC_FREQ 2%@1600 GR3D_FREQ 96%@921 APE 25 PLL@36C CPU@38.5C PMIC@50C GPU@38C AO@45.5C thermal@38.25C POM_5V_IN 3111/3966 POM_5V_GPU 1303/1494 POM_5V_CPU 210/538
RAM 1802/3964MB (lfb 107x4MB) SWAP 0/1982MB (cached 0MB) IRAM 0/252kB(lfb 252kB) CPU [18%@1224,0%@1224,0%@1224,0%@1224] EMC_FREQ 2%@1600 GR3D_FREQ 56%@921 APE 25 PLL@36C CPU@38.5C PMIC@50C GPU@38.5C AO@46.5C thermal@38.25C POM_5V_IN 3641/3966 POM_5V_GPU 1464/1494 POM_5V_CPU 460/537
RAM 1802/3964MB (lfb 107x4MB) SWAP 0/1982MB (cached 0MB) IRAM 0/252kB(lfb 252kB) CPU [27%@1224,14%@1224,2%@1224,1%@1224] EMC_FREQ 3%@1600 GR3D_FREQ 29%@921 APE 25 PLL@37C CPU@38.5C PMIC@50C GPU@38C AO@45.5C thermal@38.25C POM_5V_IN 3316/3965 POM_5V_GPU 797/1494 POM_5V_CPU 797/538
RAM 1802/3964MB (lfb 107x4MB) SWAP 0/1982MB (cached 0MB) IRAM 0/252kB(lfb 252kB) CPU [0%@1224,0%@1224,0%@1224,0%@1224] EMC_FREQ 2%@1600 GR3D_FREQ 99%@921 APE 25 PLL@36.5C CPU@38.5C PMIC@50C GPU@38C AO@45.5C thermal@38.5C POM_5V_IN 3074/3964 POM_5V_GPU 1263/1493 POM_5V_CPU 210/537
RAM 1802/3964MB (lfb 107x4MB) SWAP 0/1982MB (cached 0MB) IRAM 0/252kB(lfb 252kB) CPU [0%@1224,7%@1224,0%@1224,0%@1224] EMC_FREQ 2%@1600 GR3D_FREQ 99%@921 APE 25 PLL@36.5C CPU@38C PMIC@50C GPU@38.5C AO@45.5C thermal@38.25C POM_5V_IN 3074/3963 POM_5V_GPU 1221/1493 POM_5V_CPU 210/537
RAM 1802/3964MB (lfb 107x4MB) SWAP 0/1982MB (cached 0MB) IRAM 0/252kB(lfb 252kB) CPU [1%@1479,11%@1479,0%@1479,0%@1479] EMC_FREQ 2%@1600 GR3D_FREQ 46%@921 APE 25 PLL@36.5C CPU@38.5C PMIC@50C GPU@38.5C AO@46C thermal@38.5C POM_5V_IN 3838/3963 POM_5V_GPU 1293/1493 POM_5V_CPU 876/537
RAM 1802/3964MB (lfb 107x4MB) SWAP 0/1982MB (cached 0MB) IRAM 0/252kB(lfb 252kB) CPU [2%@1224,33%@1224,2%@1224,1%@1224] EMC_FREQ 3%@1600 GR3D_FREQ 96%@921 APE 25 PLL@36.5C CPU@38.5C PMIC@50C GPU@38.5C AO@46C thermal@38.5C POM_5V_IN 3195/3963 POM_5V_GPU 1303/1493 POM_5V_CPU 252/537
RAM 1802/3964MB (lfb 107x4MB) SWAP 0/1982MB (cached 0MB) IRAM 0/252kB(lfb 252kB) CPU [0%@1224,11%@1224,0%@1224,2%@1224] EMC_FREQ 2%@1600 GR3D_FREQ 94%@921 APE 25 PLL@36.5C CPU@38.5C PMIC@50C GPU@38C AO@46C thermal@38.25C POM_5V_IN 3195/3962 POM_5V_GPU 1387/1493 POM_5V_CPU 168/537
RAM 1802/3964MB (lfb 107x4MB) SWAP 0/1982MB (cached 0MB) IRAM 0/252kB(lfb 252kB) CPU [1%@1224,3%@1224,0%@1224,0%@1224] EMC_FREQ 2%@1600 GR3D_FREQ 99%@921 APE 25 PLL@36.5C CPU@38C PMIC@50C GPU@38C AO@45.5C thermal@38.25C POM_5V_IN 3074/3961 POM_5V_GPU 1179/1492 POM_5V_CPU 294/537
RAM 1802/3964MB (lfb 107x4MB) SWAP 0/1982MB (cached 0MB) IRAM 0/252kB(lfb 252kB) CPU [0%@1224,7%@1224,0%@1224,0%@1224] EMC_FREQ 2%@1600 GR3D_FREQ 99%@921 APE 25 PLL@36C CPU@38.5C PMIC@50C GPU@38C AO@46C thermal@38C POM_5V_IN 3195/3960 POM_5V_GPU 1303/1492 POM_5V_CPU 252/536
RAM 1802/3964MB (lfb 107x4MB) SWAP 0/1982MB (cached 0MB) IRAM 0/252kB(lfb 252kB) CPU [2%@1479,34%@1479,1%@1479,1%@1479] EMC_FREQ 3%@1600 GR3D_FREQ 35%@921 APE 25 PLL@36.5C CPU@38.5C PMIC@50C GPU@38.5C AO@46C thermal@38.25C POM_5V_IN 3599/3960 POM_5V_GPU 1255/1492 POM_5V_CPU 627/536
RAM 1802/3964MB (lfb 107x4MB) SWAP 0/1982MB (cached 0MB) IRAM 0/252kB(lfb 252kB) CPU [4%@1224,10%@1224,1%@1224,1%@1224] EMC_FREQ 2%@1600 GR3D_FREQ 99%@921 APE 25 PLL@36.5C CPU@38.5C PMIC@50C GPU@38C AO@45.5C thermal@38.5C POM_5V_IN 2989/3959 POM_5V_GPU 1221/1492 POM_5V_CPU 168/536
RAM 1802/3964MB (lfb 107x4MB) SWAP 0/1982MB (cached 0MB) IRAM 0/252kB(lfb 252kB) CPU [0%@1224,1%@1224,0%@1224,0%@1224] EMC_FREQ 2%@1600 GR3D_FREQ 96%@921 APE 25 PLL@36.5C CPU@38C PMIC@50C GPU@38C AO@46C thermal@38C POM_5V_IN 3111/3958 POM_5V_GPU 1303/1491 POM_5V_CPU 210/536
RAM 1802/3964MB (lfb 107x4MB) SWAP 0/1982MB (cached 0MB) IRAM 0/252kB(lfb 252kB) CPU [0%@1479,8%@1479,0%@1479,0%@1479] EMC_FREQ 2%@1600 GR3D_FREQ 35%@921 APE 25 PLL@36.5C CPU@38.5C PMIC@50C GPU@38.5C AO@45.5C thermal@38C POM_5V_IN 3274/3958 POM_5V_GPU 1133/1491 POM_5V_CPU 461/536
RAM 1802/3964MB (lfb 107x4MB) SWAP 0/1982MB (cached 0MB) IRAM 0/252kB(lfb 252kB) CPU [3%@1224,33%@1224,0%@1224,1%@1224] EMC_FREQ 3%@1600 GR3D_FREQ 26%@921 APE 25 PLL@36.5C CPU@39C PMIC@50C GPU@38C AO@46.5C thermal@38C POM_5V_IN 3880/3958 POM_5V_GPU 1460/1491 POM_5V_CPU 667/536
RAM 1802/3964MB (lfb 107x4MB) SWAP 0/1982MB (cached 0MB) IRAM 0/252kB(lfb 252kB) CPU [1%@1224,16%@1224,1%@1224,1%@1224] EMC_FREQ 2%@1600 GR3D_FREQ 99%@921 APE 25 PLL@36C CPU@38C PMIC@50C GPU@38.5C AO@46C thermal@38.25C POM_5V_IN 2989/3957 POM_5V_GPU 1221/1491 POM_5V_CPU 126/535
RAM 1802/3964MB (lfb 107x4MB) SWAP 0/1982MB (cached 0MB) IRAM 0/252kB(lfb 252kB) CPU [0%@1224,0%@1224,0%@1224,0%@1224] EMC_FREQ 2%@1600 GR3D_FREQ 96%@921 APE 25 PLL@36.5C CPU@38C PMIC@50C GPU@38.5C AO@46C thermal@38C POM_5V_IN 3111/3956 POM_5V_GPU 1345/1491 POM_5V_CPU 251/535
RAM 1802/3964MB (lfb 107x4MB) SWAP 0/1982MB (cached 0MB) IRAM 0/252kB(lfb 252kB) CPU [0%@1224,7%@1224,0%@1224,2%@1224] EMC_FREQ 2%@1600 GR3D_FREQ 99%@921 APE 25 PLL@36.5C CPU@38.5C PMIC@50C GPU@38C AO@46C thermal@38.25C POM_5V_IN 3153/3955 POM_5V_GPU 1385/1491 POM_5V_CPU 209/535
RAM 1802/3964MB (lfb 107x4MB) SWAP 0/1982MB (cached 0MB) IRAM 0/252kB(lfb 252kB) CPU [1%@1479,19%@1479,0%@1479,1%@1479] EMC_FREQ 2%@1600 GR3D_FREQ 46%@921 APE 25 PLL@36.5C CPU@38.5C PMIC@50C GPU@38C AO@45.5C thermal@38.25C POM_5V_IN 3358/3955 POM_5V_GPU 1175/1490 POM_5V_CPU 503/535
RAM 1802/3964MB (lfb 107x4MB) SWAP 0/1982MB (cached 0MB) IRAM 0/252kB(lfb 252kB) CPU [2%@1224,29%@1224,2%@1224,1%@1224] EMC_FREQ 3%@1600 GR3D_FREQ 99%@921 APE 25 PLL@36.5C CPU@38.5C PMIC@50C GPU@38.5C AO@46C thermal@38.75C POM_5V_IN 3032/3954 POM_5V_GPU 1221/1490 POM_5V_CPU 168/534
RAM 1802/3964MB (lfb 107x4MB) SWAP 0/1982MB (cached 0MB) IRAM 0/252kB(lfb 252kB) CPU [0%@1224,0%@1224,0%@1224,0%@1224] EMC_FREQ 2%@1600 GR3D_FREQ 96%@921 APE 25 PLL@36.5C CPU@38.5C PMIC@50C GPU@38.5C AO@46C thermal@38.5C POM_5V_IN 3032/3953 POM_5V_GPU 1263/1490 POM_5V_CPU 168/534
RAM 1802/3964MB (lfb 107x4MB) SWAP 0/1982MB (cached 0MB) IRAM 0/252kB(lfb 252kB) CPU [0%@1224,6%@1224,0%@1224,0%@1224] EMC_FREQ 2%@1600 GR3D_FREQ 99%@921 APE 25 PLL@36.5C CPU@38C PMIC@50C GPU@38.5C AO@46C thermal@38.25C POM_5V_IN 3074/3952 POM_5V_GPU 1263/1490 POM_5V_CPU 168/534
RAM 1802/3964MB (lfb 107x4MB) SWAP 0/1982MB (cached 0MB) IRAM 0/252kB(lfb 252kB) CPU [1%@1224,21%@1224,1%@1224,1%@1224] EMC_FREQ 2%@1600 GR3D_FREQ 95%@921 APE 25 PLL@36.5C CPU@38.5C PMIC@50C GPU@38.5C AO@46.5C thermal@38.25C POM_5V_IN 3797/3952 POM_5V_GPU 1377/1490 POM_5V_CPU 667/534
RAM 1802/3964MB (lfb 107x4MB) SWAP 0/1982MB (cached 0MB) IRAM 0/252kB(lfb 252kB) CPU [3%@1224,29%@1224,1%@1224,1%@1224] EMC_FREQ 3%@1600 GR3D_FREQ 99%@921 APE 25 PLL@36.5C CPU@38.5C PMIC@50C GPU@38.5C AO@46C thermal@38.5C POM_5V_IN 3232/3951 POM_5V_GPU 1385/1489 POM_5V_CPU 209/534
RAM 1802/3964MB (lfb 107x4MB) SWAP 0/1982MB (cached 0MB) IRAM 0/252kB(lfb 252kB) CPU [0%@1224,0%@1224,0%@1224,0%@1224] EMC_FREQ 2%@1600 GR3D_FREQ 99%@921 APE 25 PLL@36.5C CPU@38C PMIC@50C GPU@38.5C AO@46C thermal@38.5C POM_5V_IN 3032/3950 POM_5V_GPU 1263/1489 POM_5V_CPU 168/533
RAM 1802/3964MB (lfb 107x4MB) SWAP 0/1982MB (cached 0MB) IRAM 0/252kB(lfb 252kB) CPU [0%@1224,6%@1224,0%@1224,0%@1224] EMC_FREQ 2%@1600 GR3D_FREQ 99%@921 APE 25 PLL@36.5C CPU@38C PMIC@50C GPU@38C AO@46C thermal@38.25C POM_5V_IN 3111/3950 POM_5V_GPU 1219/1489 POM_5V_CPU 294/533
RAM 1802/3964MB (lfb 107x4MB) SWAP 0/1982MB (cached 0MB) IRAM 0/252kB(lfb 252kB) CPU [1%@1224,4%@1224,0%@1224,0%@1224] EMC_FREQ 2%@1600 GR3D_FREQ 99%@921 APE 25 PLL@36.5C CPU@38.5C PMIC@50C GPU@38.5C AO@45.5C thermal@38C POM_5V_IN 3153/3949 POM_5V_GPU 1345/1489 POM_5V_CPU 210/533
RAM 1802/3964MB (lfb 107x4MB) SWAP 0/1982MB (cached 0MB) IRAM 0/252kB(lfb 252kB) CPU [7%@1224,33%@1224,2%@1224,3%@1224] EMC_FREQ 3%@1600 GR3D_FREQ 44%@921 APE 25 PLL@36.5C CPU@38.5C PMIC@50C GPU@38C AO@46C thermal@38.25C POM_5V_IN 3599/3949 POM_5V_GPU 1170/1489 POM_5V_CPU 752/533
RAM 1802/3964MB (lfb 107x4MB) SWAP 0/1982MB (cached 0MB) IRAM 0/252kB(lfb 252kB) CPU [12%@1224,1%@1224,0%@1224,1%@1224] EMC_FREQ 2%@1600 GR3D_FREQ 99%@921 APE 25 PLL@36.5C CPU@38.5C PMIC@50C GPU@38C AO@45.5C thermal@38.25C POM_5V_IN 3032/3948 POM_5V_GPU 1263/1488 POM_5V_CPU 168/533
RAM 1802/3964MB (lfb 107x4MB) SWAP 0/1982MB (cached 0MB) IRAM 0/252kB(lfb 252kB) CPU [0%@1224,0%@1224,0%@1224,0%@1224] EMC_FREQ 2%@1600 GR3D_FREQ 99%@921 APE 25 PLL@36C CPU@38.5C PMIC@50C GPU@38C AO@46C thermal@38.25C POM_5V_IN 3153/3947 POM_5V_GPU 1345/1488 POM_5V_CPU 210/532
RAM 1802/3964MB (lfb 107x4MB) SWAP 0/1982MB (cached 0MB) IRAM 0/252kB(lfb 252kB) CPU [7%@1224,0%@1224,0%@1224,0%@1224] EMC_FREQ 2%@1600 GR3D_FREQ 97%@921 APE 25 PLL@36C CPU@38.5C PMIC@50C GPU@38C AO@46C thermal@38.5C POM_5V_IN 3316/3946 POM_5V_GPU 1511/1488 POM_5V_CPU 209/532
RAM 1802/3964MB (lfb 107x4MB) SWAP 0/1982MB (cached 0MB) IRAM 0/252kB(lfb 252kB) CPU [23%@1224,2%@1224,0%@1224,0%@1224] EMC_FREQ 2%@1600 GR3D_FREQ 99%@921 APE 25 PLL@36.5C CPU@39C PMIC@50C GPU@38.5C AO@46C thermal@38.5C POM_5V_IN 3437/3946 POM_5V_GPU 1425/1488 POM_5V_CPU 377/532
RAM 1802/3964MB (lfb 107x4MB) SWAP 0/1982MB (cached 0MB) IRAM 0/252kB(lfb 252kB) CPU [26%@1224,7%@1224,0%@1224,1%@1224] EMC_FREQ 3%@1600 GR3D_FREQ 99%@921 APE 25 PLL@36.5C CPU@38.5C PMIC@50C GPU@38C AO@45.5C thermal@38.75C POM_5V_IN 3111/3945 POM_5V_GPU 1303/1488 POM_5V_CPU 210/532
RAM 1802/3964MB (lfb 107x4MB) SWAP 0/1982MB (cached 0MB) IRAM 0/252kB(lfb 252kB) CPU [0%@1224,0%@1224,0%@1224,0%@1224] EMC_FREQ 2%@1600 GR3D_FREQ 99%@921 APE 25 PLL@36.5C CPU@38.5C PMIC@50C GPU@38C AO@46C thermal@38.25C POM_5V_IN 3032/3944 POM_5V_GPU 1263/1488 POM_5V_CPU 168/531
RAM 1802/3964MB (lfb 107x4MB) SWAP 0/1982MB (cached 0MB) IRAM 0/252kB(lfb 252kB) CPU [8%@1224,0%@1224,0%@1224,0%@1224] EMC_FREQ 2%@1600 GR3D_FREQ 99%@921 APE 25 PLL@36.5C CPU@38.5C PMIC@50C GPU@38.5C AO@46C thermal@38.25C POM_5V_IN 3032/3943 POM_5V_GPU 1263/1488 POM_5V_CPU 168/531
RAM 1802/3964MB (lfb 107x4MB) SWAP 0/1982MB (cached 0MB) IRAM 0/252kB(lfb 252kB) CPU [16%@1224,0%@1224,1%@1224,0%@1224] EMC_FREQ 2%@1600 GR3D_FREQ 85%@921 APE 25 PLL@36.5C CPU@38.5C PMIC@50C GPU@38.5C AO@46C thermal@38.5C POM_5V_IN 3515/3943 POM_5V_GPU 1383/1487 POM_5V_CPU 503/531
RAM 1802/3964MB (lfb 107x4MB) SWAP 0/1982MB (cached 0MB) IRAM 0/252kB(lfb 252kB) CPU [35%@1224,1%@1224,2%@1224,1%@1224] EMC_FREQ 3%@1600 GR3D_FREQ 0%@921 APE 25 PLL@36.5C CPU@38.5C PMIC@50C GPU@38C AO@46C thermal@38.5C POM_5V_IN 3437/3943 POM_5V_GPU 796/1487 POM_5V_CPU 838/531
RAM 1802/3964MB (lfb 107x4MB) SWAP 0/1982MB (cached 0MB) IRAM 0/252kB(lfb 252kB) CPU [2%@1479,0%@1479,0%@1479,0%@1479] EMC_FREQ 2%@1600 GR3D_FREQ 67%@921 APE 25 PLL@36.5C CPU@38.5C PMIC@50C GPU@38.5C AO@46C thermal@38.5C POM_5V_IN 3274/3942 POM_5V_GPU 1175/1487 POM_5V_CPU 419/531
RAM 1802/3964MB (lfb 107x4MB) SWAP 0/1982MB (cached 0MB) IRAM 0/252kB(lfb 252kB) CPU [22%@1428,0%@1428,1%@1428,2%@1428] EMC_FREQ 3%@1600 GR3D_FREQ 94%@921 APE 25 PLL@36.5C CPU@39C PMIC@50C GPU@38.5C AO@46C thermal@38.5C POM_5V_IN 3641/3942 POM_5V_GPU 1381/1486 POM_5V_CPU 627/531
RAM 1802/3964MB (lfb 107x4MB) SWAP 0/1982MB (cached 0MB) IRAM 0/252kB(lfb 252kB) CPU [32%@1224,4%@1224,2%@1224,1%@1224] EMC_FREQ 3%@1600 GR3D_FREQ 99%@921 APE 25 PLL@36.5C CPU@39C PMIC@50C GPU@38.5C AO@46C thermal@38.75C POM_5V_IN 3274/3941 POM_5V_GPU 1385/1486 POM_5V_CPU 293/531
RAM 1802/3964MB (lfb 107x4MB) SWAP 0/1982MB (cached 0MB) IRAM 0/252kB(lfb 252kB) CPU [8%@1224,0%@1224,0%@1224,0%@1224] EMC_FREQ 3%@1600 GR3D_FREQ 99%@921 APE 25 PLL@36.5C CPU@38.5C PMIC@50C GPU@38.5C AO@46C thermal@38.25C POM_5V_IN 3195/3940 POM_5V_GPU 1135/1486 POM_5V_CPU 378/531
RAM 1802/3964MB (lfb 107x4MB) SWAP 0/1982MB (cached 0MB) IRAM 0/252kB(lfb 252kB) CPU [27%@1479,1%@1479,1%@1479,1%@1479] EMC_FREQ 3%@1600 GR3D_FREQ 0%@921 APE 25 PLL@36.5C CPU@39.5C PMIC@50C GPU@38C AO@46C thermal@38.5C POM_5V_IN 3274/3940 POM_5V_GPU 797/1485 POM_5V_CPU 797/531
RAM 1802/3964MB (lfb 107x4MB) SWAP 0/1982MB (cached 0MB) IRAM 0/252kB(lfb 252kB) CPU [26%@1224,0%@1224,0%@1224,1%@1224] EMC_FREQ 3%@1600 GR3D_FREQ 99%@921 APE 25 PLL@36.5C CPU@38.5C PMIC@50C GPU@38.5C AO@46C thermal@38.5C POM_5V_IN 3074/3939 POM_5V_GPU 1221/1485 POM_5V_CPU 210/531
RAM 1802/3964MB (lfb 107x4MB) SWAP 0/1982MB (cached 0MB) IRAM 0/252kB(lfb 252kB) CPU [1%@1224,0%@1224,0%@1224,0%@1224] EMC_FREQ 2%@1600 GR3D_FREQ 96%@921 APE 25 PLL@36.5C CPU@38.5C PMIC@50C GPU@38.5C AO@46C thermal@38.5C POM_5V_IN 3032/3938 POM_5V_GPU 1263/1485 POM_5V_CPU 168/530
RAM 1802/3964MB (lfb 107x4MB) SWAP 0/1982MB (cached 0MB) IRAM 0/252kB(lfb 252kB) CPU [7%@1224,0%@1224,0%@1224,0%@1224] EMC_FREQ 2%@1600 GR3D_FREQ 97%@921 APE 25 PLL@36.5C CPU@38.5C PMIC@50C GPU@38.5C AO@46C thermal@38.5C POM_5V_IN 3358/3938 POM_5V_GPU 1511/1485 POM_5V_CPU 209/530
RAM 1802/3964MB (lfb 107x4MB) SWAP 0/1982MB (cached 0MB) IRAM 0/252kB(lfb 252kB) CPU [23%@1428,1%@1428,1%@1428,0%@1479] EMC_FREQ 3%@1600 GR3D_FREQ 99%@921 APE 25 PLL@36.5C CPU@39C PMIC@50C GPU@38.5C AO@46C thermal@38.5C POM_5V_IN 3358/3937 POM_5V_GPU 1217/1485 POM_5V_CPU 461/530
RAM 1802/3964MB (lfb 107x4MB) SWAP 0/1982MB (cached 0MB) IRAM 0/252kB(lfb 252kB) CPU [27%@1224,1%@1224,1%@1224,1%@1224] EMC_FREQ 3%@1600 GR3D_FREQ 99%@921 APE 25 PLL@36.5C CPU@38.5C PMIC@50C GPU@38.5C AO@46C thermal@38.5C POM_5V_IN 3032/3936 POM_5V_GPU 1263/1485 POM_5V_CPU 168/530
RAM 1802/3964MB (lfb 107x4MB) SWAP 0/1982MB (cached 0MB) IRAM 0/252kB(lfb 252kB) CPU [0%@1224,0%@1224,0%@1224,0%@1224] EMC_FREQ 2%@1600 GR3D_FREQ 96%@921 APE 25 PLL@36C CPU@38.5C PMIC@50C GPU@38.5C AO@46C thermal@38.5C POM_5V_IN 3074/3936 POM_5V_GPU 1263/1484 POM_5V_CPU 168/529
RAM 1802/3964MB (lfb 108x4MB) SWAP 0/1982MB (cached 0MB) IRAM 0/252kB(lfb 252kB) CPU [8%@1224,0%@1224,0%@1224,0%@1224] EMC_FREQ 2%@1600 GR3D_FREQ 99%@921 APE 25 PLL@36.5C CPU@38.5C PMIC@50C GPU@38.5C AO@46C thermal@38.5C POM_5V_IN 3074/3935 POM_5V_GPU 1263/1484 POM_5V_CPU 168/529
RAM 1802/3964MB (lfb 108x4MB) SWAP 0/1982MB (cached 0MB) IRAM 0/252kB(lfb 252kB) CPU [24%@1479,0%@1479,1%@1479,1%@1479] EMC_FREQ 2%@1600 GR3D_FREQ 39%@921 APE 25 PLL@36.5C CPU@39C PMIC@50C GPU@38.5C AO@46.5C thermal@38.5C POM_5V_IN 3761/3935 POM_5V_GPU 1210/1484 POM_5V_CPU 792/529
RAM 1802/3964MB (lfb 108x4MB) SWAP 0/1982MB (cached 0MB) IRAM 0/252kB(lfb 252kB) CPU [27%@1224,8%@1224,1%@1224,1%@1224] EMC_FREQ 3%@1600 GR3D_FREQ 95%@921 APE 25 PLL@36.5C CPU@38.5C PMIC@50C GPU@38.5C AO@46C thermal@38.5C POM_5V_IN 3195/3934 POM_5V_GPU 1303/1484 POM_5V_CPU 252/529
RAM 1802/3964MB (lfb 108x4MB) SWAP 0/1982MB (cached 0MB) IRAM 0/252kB(lfb 252kB) CPU [0%@1224,0%@1224,0%@1224,0%@1224] EMC_FREQ 2%@1600 GR3D_FREQ 96%@921 APE 25 PLL@36.5C CPU@38.5C PMIC@50C GPU@38.5C AO@45.5C thermal@38.5C POM_5V_IN 3074/3933 POM_5V_GPU 1263/1484 POM_5V_CPU 168/529
RAM 1802/3964MB (lfb 108x4MB) SWAP 0/1982MB (cached 0MB) IRAM 0/252kB(lfb 252kB) CPU [1%@1224,6%@1224,0%@1224,0%@1224] EMC_FREQ 2%@1600 GR3D_FREQ 96%@921 APE 25 PLL@36.5C CPU@38.5C PMIC@50C GPU@38.5C AO@46C thermal@38.5C POM_5V_IN 3153/3932 POM_5V_GPU 1303/1483 POM_5V_CPU 210/528
RAM 1802/3964MB (lfb 108x4MB) SWAP 0/1982MB (cached 0MB) IRAM 0/252kB(lfb 252kB) CPU [1%@1479,17%@1479,0%@1479,1%@1479] EMC_FREQ 2%@1600 GR3D_FREQ 33%@921 APE 25 PLL@36.5C CPU@38.5C PMIC@50C GPU@38.5C AO@46C thermal@38.5C POM_5V_IN 3479/3932 POM_5V_GPU 1131/1483 POM_5V_CPU 627/529
RAM 1802/3964MB (lfb 108x4MB) SWAP 0/1982MB (cached 0MB) IRAM 0/252kB(lfb 252kB) CPU [3%@1224,32%@1224,2%@1224,0%@1224] EMC_FREQ 3%@1600 GR3D_FREQ 99%@921 APE 25 PLL@36.5C CPU@38.5C PMIC@50C GPU@38.5C AO@46C thermal@38.5C POM_5V_IN 3074/3931 POM_5V_GPU 1137/1483 POM_5V_CPU 294/528
RAM 1802/3964MB (lfb 108x4MB) SWAP 0/1982MB (cached 0MB) IRAM 0/252kB(lfb 252kB) CPU [0%@1224,0%@1224,0%@1224,0%@1224] EMC_FREQ 2%@1600 GR3D_FREQ 99%@921 APE 25 PLL@36.5C CPU@38.5C PMIC@50C GPU@38.5C AO@46C thermal@38.25C POM_5V_IN 3074/3931 POM_5V_GPU 1263/1483 POM_5V_CPU 210/528
RAM 1802/3964MB (lfb 108x4MB) SWAP 0/1982MB (cached 0MB) IRAM 0/252kB(lfb 252kB) CPU [0%@1224,6%@1224,0%@1224,0%@1224] EMC_FREQ 2%@1600 GR3D_FREQ 99%@921 APE 25 PLL@36.5C CPU@38.5C PMIC@50C GPU@38.5C AO@46C thermal@38.25C POM_5V_IN 3074/3930 POM_5V_GPU 1263/1482 POM_5V_CPU 210/528
RAM 1802/3964MB (lfb 108x4MB) SWAP 0/1982MB (cached 0MB) IRAM 0/252kB(lfb 252kB) CPU [14%@1224,2%@1224,1%@1224,1%@1224] EMC_FREQ 2%@1600 GR3D_FREQ 96%@921 APE 25 PLL@36.5C CPU@38.5C PMIC@50C GPU@38.5C AO@46C thermal@38.25C POM_5V_IN 3599/3929 POM_5V_GPU 1381/1482 POM_5V_CPU 502/528
RAM 1802/3964MB (lfb 107x4MB) SWAP 0/1982MB (cached 0MB) IRAM 0/252kB(lfb 252kB) CPU [21%@1224,16%@1224,2%@1224,3%@1224] EMC_FREQ 3%@1600 GR3D_FREQ 65%@921 APE 25 PLL@37C CPU@38.5C PMIC@50C GPU@38.5C AO@46C thermal@38.25C POM_5V_IN 3395/3929 POM_5V_GPU 1091/1482 POM_5V_CPU 670/528
RAM 1802/3964MB (lfb 107x4MB) SWAP 0/1982MB (cached 0MB) IRAM 0/252kB(lfb 252kB) CPU [4%@1224,0%@1224,0%@1224,0%@1224] EMC_FREQ 2%@1600 GR3D_FREQ 96%@921 APE 25 PLL@36.5C CPU@38.5C PMIC@50C GPU@38C AO@46C thermal@39C POM_5V_IN 3111/3928 POM_5V_GPU 1261/1482 POM_5V_CPU 210/528
RAM 1802/3964MB (lfb 107x4MB) SWAP 0/1982MB (cached 0MB) IRAM 0/252kB(lfb 252kB) CPU [7%@1224,0%@1224,0%@1224,0%@1224] EMC_FREQ 2%@1600 GR3D_FREQ 99%@921 APE 25 PLL@36.5C CPU@38.5C PMIC@50C GPU@38C AO@46C thermal@38.25C POM_5V_IN 3074/3927 POM_5V_GPU 1221/1482 POM_5V_CPU 210/527
RAM 1802/3964MB (lfb 107x4MB) SWAP 0/1982MB (cached 0MB) IRAM 0/252kB(lfb 252kB) CPU [9%@1224,0%@1224,0%@1224,0%@1224] EMC_FREQ 2%@1600 GR3D_FREQ 81%@921 APE 25 PLL@36.5C CPU@39C PMIC@50C GPU@38.5C AO@46.5C thermal@38.25C POM_5V_IN 3958/3927 POM_5V_GPU 1458/1481 POM_5V_CPU 791/528
RAM 1802/3964MB (lfb 107x4MB) SWAP 0/1982MB (cached 0MB) IRAM 0/252kB(lfb 252kB) CPU [36%@1224,1%@1224,1%@1224,1%@1224] EMC_FREQ 3%@1600 GR3D_FREQ 99%@921 APE 25 PLL@36.5C CPU@38.5C PMIC@50C GPU@38.5C AO@46C thermal@38.75C POM_5V_IN 3195/3927 POM_5V_GPU 1303/1481 POM_5V_CPU 293/527
RAM 1802/3964MB (lfb 107x4MB) SWAP 0/1982MB (cached 0MB) IRAM 0/252kB(lfb 252kB) CPU [6%@1224,1%@1224,0%@1224,2%@1224] EMC_FREQ 2%@1600 GR3D_FREQ 99%@921 APE 25 PLL@36C CPU@38.5C PMIC@50C GPU@38.5C AO@46C thermal@38.5C POM_5V_IN 3074/3926 POM_5V_GPU 1305/1481 POM_5V_CPU 168/527
RAM 1802/3964MB (lfb 107x4MB) SWAP 0/1982MB (cached 0MB) IRAM 0/252kB(lfb 252kB) CPU [4%@1224,0%@1224,0%@1224,0%@1224] EMC_FREQ 2%@1600 GR3D_FREQ 99%@921 APE 25 PLL@36C CPU@38.5C PMIC@50C GPU@38.5C AO@46C thermal@38.5C POM_5V_IN 3069/3925 POM_5V_GPU 1177/1481 POM_5V_CPU 252/527
RAM 1802/3964MB (lfb 107x4MB) SWAP 0/1982MB (cached 0MB) IRAM 0/252kB(lfb 252kB) CPU [5%@1224,3%@1224,0%@1224,0%@1224] EMC_FREQ 2%@1600 GR3D_FREQ 93%@921 APE 25 PLL@36.5C CPU@38.5C PMIC@50C GPU@38.5C AO@46C thermal@38.25C POM_5V_IN 3599/3925 POM_5V_GPU 1674/1481 POM_5V_CPU 250/527
RAM 1802/3964MB (lfb 107x4MB) SWAP 0/1982MB (cached 0MB) IRAM 0/252kB(lfb 252kB) CPU [39%@1224,1%@1224,2%@1224,2%@1224] EMC_FREQ 3%@1600 GR3D_FREQ 79%@921 APE 25 PLL@36.5C CPU@39C PMIC@50C GPU@38.5C AO@46.5C thermal@38.75C POM_5V_IN 3797/3925 POM_5V_GPU 1418/1481 POM_5V_CPU 710/527
RAM 1802/3964MB (lfb 107x4MB) SWAP 0/1982MB (cached 0MB) IRAM 0/252kB(lfb 252kB) CPU [1%@1224,8%@1224,0%@1224,0%@1224] EMC_FREQ 2%@1600 GR3D_FREQ 99%@921 APE 25 PLL@36C CPU@38.5C PMIC@50C GPU@38.5C AO@46C thermal@38.75C POM_5V_IN 2989/3924 POM_5V_GPU 1221/1481 POM_5V_CPU 126/526
RAM 1802/3964MB (lfb 107x4MB) SWAP 0/1982MB (cached 0MB) IRAM 0/252kB(lfb 252kB) CPU [1%@1224,4%@1224,0%@1224,1%@1224] EMC_FREQ 2%@1600 GR3D_FREQ 99%@921 APE 25 PLL@36C CPU@38.5C PMIC@50C GPU@38C AO@46C thermal@38.5C POM_5V_IN 3111/3923 POM_5V_GPU 1135/1480 POM_5V_CPU 336/526
RAM 1802/3964MB (lfb 107x4MB) SWAP 0/1982MB (cached 0MB) IRAM 0/252kB(lfb 252kB) CPU [1%@1224,7%@1224,0%@1224,0%@1224] EMC_FREQ 2%@1600 GR3D_FREQ 99%@921 APE 25 PLL@36.5C CPU@38.5C PMIC@50C GPU@38.5C AO@46.5C thermal@38C POM_5V_IN 3232/3923 POM_5V_GPU 1301/1480 POM_5V_CPU 293/526
RAM 1802/3964MB (lfb 107x4MB) SWAP 0/1982MB (cached 0MB) IRAM 0/252kB(lfb 252kB) CPU [2%@1479,34%@1479,1%@1479,2%@1479] EMC_FREQ 3%@1600 GR3D_FREQ 42%@921 APE 25 PLL@36.5C CPU@39C PMIC@50C GPU@38C AO@46C thermal@38.75C POM_5V_IN 3557/3922 POM_5V_GPU 1255/1480 POM_5V_CPU 627/526
RAM 1802/3964MB (lfb 107x4MB) SWAP 0/1982MB (cached 0MB) IRAM 0/252kB(lfb 252kB) CPU [2%@1224,14%@1224,3%@1224,0%@1224] EMC_FREQ 2%@1600 GR3D_FREQ 99%@921 APE 25 PLL@36.5C CPU@38.5C PMIC@50C GPU@38.5C AO@46C thermal@38.75C POM_5V_IN 3032/3922 POM_5V_GPU 1263/1480 POM_5V_CPU 168/526
RAM 1802/3964MB (lfb 107x4MB) SWAP 0/1982MB (cached 0MB) IRAM 0/252kB(lfb 252kB) CPU [0%@1224,0%@1224,0%@1224,0%@1224] EMC_FREQ 2%@1600 GR3D_FREQ 99%@921 APE 25 PLL@36.5C CPU@38.5C PMIC@50C GPU@38.5C AO@46C thermal@38.5C POM_5V_IN 3153/3921 POM_5V_GPU 1261/1480 POM_5V_CPU 210/525
RAM 1802/3964MB (lfb 107x4MB) SWAP 0/1982MB (cached 0MB) IRAM 0/252kB(lfb 252kB) CPU [1%@1224,6%@1224,0%@1224,0%@1224] EMC_FREQ 2%@1600 GR3D_FREQ 97%@921 APE 25 PLL@36.5C CPU@38.5C PMIC@50C GPU@38.5C AO@46C thermal@38.5C POM_5V_IN 3316/3920 POM_5V_GPU 1343/1480 POM_5V_CPU 293/525
RAM 1802/3964MB (lfb 107x4MB) SWAP 0/1982MB (cached 0MB) IRAM 0/252kB(lfb 252kB) CPU [8%@1224,28%@1224,11%@1224,13%@1224] EMC_FREQ 3%@1600 GR3D_FREQ 87%@921 APE 25 PLL@37C CPU@39C PMIC@50C GPU@38.5C AO@46.5C thermal@38.5C POM_5V_IN 3880/3920 POM_5V_GPU 1502/1480 POM_5V_CPU 667/525
RAM 1802/3964MB (lfb 107x4MB) SWAP 0/1982MB (cached 0MB) IRAM 0/252kB(lfb 252kB) CPU [1%@1224,15%@1224,3%@1224,2%@1224] EMC_FREQ 3%@1600 GR3D_FREQ 99%@921 APE 25 PLL@36.5C CPU@39C PMIC@50C GPU@38C AO@46C thermal@38.5C POM_5V_IN 3032/3920 POM_5V_GPU 1221/1479 POM_5V_CPU 168/525
RAM 1802/3964MB (lfb 107x4MB) SWAP 0/1982MB (cached 0MB) IRAM 0/252kB(lfb 252kB) CPU [1%@1224,0%@1224,0%@1224,0%@1224] EMC_FREQ 2%@1600 GR3D_FREQ 96%@921 APE 25 PLL@36.5C CPU@38.5C PMIC@50C GPU@38C AO@46C thermal@38.5C POM_5V_IN 3195/3919 POM_5V_GPU 1303/1479 POM_5V_CPU 252/525
RAM 1802/3964MB (lfb 107x4MB) SWAP 0/1982MB (cached 0MB) IRAM 0/252kB(lfb 252kB) CPU [0%@1224,7%@1224,0%@1224,0%@1224] EMC_FREQ 2%@1600 GR3D_FREQ 95%@921 APE 25 PLL@36.5C CPU@38.5C PMIC@50C GPU@38.5C AO@46C thermal@38.5C POM_5V_IN 3153/3918 POM_5V_GPU 1303/1479 POM_5V_CPU 210/525
RAM 1802/3964MB (lfb 107x4MB) SWAP 0/1982MB (cached 0MB) IRAM 0/252kB(lfb 252kB) CPU [2%@1479,30%@1479,1%@1479,1%@1479] EMC_FREQ 3%@1600 GR3D_FREQ 23%@921 APE 25 PLL@36.5C CPU@39C PMIC@50C GPU@38.5C AO@46C thermal@38.5C POM_5V_IN 3599/3918 POM_5V_GPU 1046/1479 POM_5V_CPU 795/525
RAM 1802/3964MB (lfb 107x4MB) SWAP 0/1982MB (cached 0MB) IRAM 0/252kB(lfb 252kB) CPU [19%@1224,0%@1224,1%@1224,1%@1224] EMC_FREQ 3%@1600 GR3D_FREQ 99%@921 APE 25 PLL@36.5C CPU@38.5C PMIC@50C GPU@38.5C AO@46C thermal@38.75C POM_5V_IN 3032/3917 POM_5V_GPU 1221/1478 POM_5V_CPU 168/524
RAM 1802/3964MB (lfb 107x4MB) SWAP 0/1982MB (cached 0MB) IRAM 0/252kB(lfb 252kB) CPU [1%@1224,0%@1224,0%@1224,0%@1224] EMC_FREQ 2%@1600 GR3D_FREQ 99%@921 APE 25 PLL@36.5C CPU@38.5C PMIC@50C GPU@38.5C AO@46C thermal@38.5C POM_5V_IN 3111/3916 POM_5V_GPU 1387/1478 POM_5V_CPU 210/524
RAM 1802/3964MB (lfb 107x4MB) SWAP 0/1982MB (cached 0MB) IRAM 0/252kB(lfb 252kB) CPU [7%@1224,0%@1224,0%@1224,0%@1224] EMC_FREQ 2%@1600 GR3D_FREQ 96%@921 APE 25 PLL@36.5C CPU@38.5C PMIC@50C GPU@38.5C AO@46C thermal@38.5C POM_5V_IN 3232/3916 POM_5V_GPU 1387/1478 POM_5V_CPU 167/524
RAM 1802/3964MB (lfb 107x4MB) SWAP 0/1982MB (cached 0MB) IRAM 0/252kB(lfb 252kB) CPU [28%@1479,0%@1224,0%@1479,2%@1479] EMC_FREQ 2%@1600 GR3D_FREQ 40%@921 APE 25 PLL@36.5C CPU@38.5C PMIC@50C GPU@38C AO@46.5C thermal@38.75C POM_5V_IN 3437/3915 POM_5V_GPU 1048/1478 POM_5V_CPU 670/524
RAM 1802/3964MB (lfb 107x4MB) SWAP 0/1982MB (cached 0MB) IRAM 0/252kB(lfb 252kB) CPU [11%@1224,14%@1224,2%@1224,1%@1224] EMC_FREQ 3%@1600 GR3D_FREQ 99%@921 APE 25 PLL@36.5C CPU@38.5C PMIC@50C GPU@38.5C AO@46C thermal@38.5C POM_5V_IN 2989/3915 POM_5V_GPU 1221/1478 POM_5V_CPU 168/524
RAM 1802/3964MB (lfb 107x4MB) SWAP 0/1982MB (cached 0MB) IRAM 0/252kB(lfb 252kB) CPU [0%@1224,0%@1224,0%@1224,0%@1224] EMC_FREQ 2%@1600 GR3D_FREQ 96%@921 APE 25 PLL@36.5C CPU@38.5C PMIC@50C GPU@38C AO@46C thermal@38C POM_5V_IN 3074/3914 POM_5V_GPU 1263/1478 POM_5V_CPU 210/523
RAM 1802/3964MB (lfb 107x4MB) SWAP 0/1982MB (cached 0MB) IRAM 0/252kB(lfb 252kB) CPU [0%@1224,7%@1224,0%@1224,0%@1224] EMC_FREQ 2%@1600 GR3D_FREQ 99%@921 APE 25 PLL@36.5C CPU@38.5C PMIC@50C GPU@38C AO@46.5C thermal@38.25C POM_5V_IN 3395/3913 POM_5V_GPU 1634/1478 POM_5V_CPU 167/523
RAM 1802/3964MB (lfb 107x4MB) SWAP 0/1982MB (cached 0MB) IRAM 0/252kB(lfb 252kB) CPU [2%@1224,21%@1224,1%@1224,1%@1224] EMC_FREQ 2%@1600 GR3D_FREQ 96%@921 APE 25 PLL@36.5C CPU@38.5C PMIC@50C GPU@38.5C AO@46C thermal@38.5C POM_5V_IN 3599/3913 POM_5V_GPU 1464/1478 POM_5V_CPU 418/523
RAM 1802/3964MB (lfb 107x4MB) SWAP 0/1982MB (cached 0MB) IRAM 0/252kB(lfb 252kB) CPU [2%@1224,30%@1224,1%@1224,1%@1224] EMC_FREQ 3%@1600 GR3D_FREQ 99%@921 APE 25 PLL@36.5C CPU@38.5C PMIC@50C GPU@38C AO@46C thermal@38.5C POM_5V_IN 3111/3912 POM_5V_GPU 1303/1477 POM_5V_CPU 210/523
RAM 1803/3964MB (lfb 107x4MB) SWAP 0/1982MB (cached 0MB) IRAM 0/252kB(lfb 252kB) CPU [0%@1224,1%@1224,0%@1224,0%@1224] EMC_FREQ 2%@1600 GR3D_FREQ 99%@921 APE 25 PLL@36.5C CPU@38.5C PMIC@50C GPU@38C AO@45.5C thermal@38.25C POM_5V_IN 3074/3912 POM_5V_GPU 1261/1477 POM_5V_CPU 210/522
RAM 1802/3964MB (lfb 107x4MB) SWAP 0/1982MB (cached 0MB) IRAM 0/252kB(lfb 252kB) CPU [0%@1224,8%@1224,0%@1224,0%@1224] EMC_FREQ 2%@1600 GR3D_FREQ 99%@921 APE 25 PLL@36C CPU@38.5C PMIC@50C GPU@38.5C AO@46C thermal@38.25C POM_5V_IN 3032/3911 POM_5V_GPU 1263/1477 POM_5V_CPU 168/522
RAM 1802/3964MB (lfb 107x4MB) SWAP 0/1982MB (cached 0MB) IRAM 0/252kB(lfb 252kB) CPU [1%@1224,14%@1224,0%@1224,0%@1224] EMC_FREQ 2%@1600 GR3D_FREQ 78%@921 APE 25 PLL@36.5C CPU@38.5C PMIC@50C GPU@38.5C AO@46C thermal@38.5C POM_5V_IN 3557/3911 POM_5V_GPU 1423/1477 POM_5V_CPU 460/522
RAM 1802/3964MB (lfb 107x4MB) SWAP 0/1982MB (cached 0MB) IRAM 0/252kB(lfb 252kB) CPU [3%@1479,37%@1479,1%@1479,2%@1479] EMC_FREQ 3%@1600 GR3D_FREQ 0%@921 APE 25 PLL@36.5C CPU@39C PMIC@50C GPU@38C AO@45.5C thermal@38.5C POM_5V_IN 3237/3910 POM_5V_GPU 588/1476 POM_5V_CPU 1009/523
RAM 1802/3964MB (lfb 107x4MB) SWAP 0/1982MB (cached 0MB) IRAM 0/252kB(lfb 252kB) CPU [1%@1224,1%@1224,1%@1224,0%@1224] EMC_FREQ 2%@1600 GR3D_FREQ 99%@921 APE 25 PLL@36.5C CPU@38C PMIC@50C GPU@38.5C AO@46C thermal@38.25C POM_5V_IN 3074/3909 POM_5V_GPU 1263/1476 POM_5V_CPU 210/522
RAM 1803/3964MB (lfb 107x4MB) SWAP 0/1982MB (cached 0MB) IRAM 0/252kB(lfb 252kB) CPU [2%@1224,8%@1224,0%@1224,1%@1224] EMC_FREQ 2%@1600 GR3D_FREQ 99%@921 APE 25 PLL@36.5C CPU@38.5C PMIC@50C GPU@38C AO@46C thermal@38C POM_5V_IN 3195/3909 POM_5V_GPU 1261/1476 POM_5V_CPU 336/522
RAM 1803/3964MB (lfb 107x4MB) SWAP 0/1982MB (cached 0MB) IRAM 0/252kB(lfb 252kB) CPU [13%@1479,11%@1479,6%@1479,5%@1479] EMC_FREQ 2%@1600 GR3D_FREQ 84%@921 APE 25 PLL@36.5C CPU@39C PMIC@50C GPU@38.5C AO@46.5C thermal@38.5C POM_5V_IN 4041/3909 POM_5V_GPU 1458/1476 POM_5V_CPU 791/522
RAM 1802/3964MB (lfb 107x4MB) SWAP 0/1982MB (cached 0MB) IRAM 0/252kB(lfb 252kB) CPU [31%@1224,1%@1224,1%@1224,1%@1224] EMC_FREQ 3%@1600 GR3D_FREQ 93%@921 APE 25 PLL@36C CPU@38.5C PMIC@50C GPU@38C AO@46C thermal@38.75C POM_5V_IN 3395/3908 POM_5V_GPU 1259/1476 POM_5V_CPU 461/522
RAM 1802/3964MB (lfb 107x4MB) SWAP 0/1982MB (cached 0MB) IRAM 0/252kB(lfb 252kB) CPU [7%@1224,0%@1224,0%@1224,0%@1224] EMC_FREQ 2%@1600 GR3D_FREQ 99%@921 APE 25 PLL@36.5C CPU@38.5C PMIC@50C GPU@38C AO@46C thermal@38.75C POM_5V_IN 3111/3908 POM_5V_GPU 1303/1476 POM_5V_CPU 210/522
RAM 1802/3964MB (lfb 107x4MB) SWAP 0/1982MB (cached 0MB) IRAM 0/252kB(lfb 252kB) CPU [7%@1479,0%@1479,0%@1479,0%@1479] EMC_FREQ 2%@1600 GR3D_FREQ 0%@921 APE 25 PLL@36.5C CPU@38.5C PMIC@50C GPU@38C AO@46.5C thermal@38.25C POM_5V_IN 3316/3907 POM_5V_GPU 1091/1475 POM_5V_CPU 503/522
RAM 1802/3964MB (lfb 107x4MB) SWAP 0/1982MB (cached 0MB) IRAM 0/252kB(lfb 252kB) CPU [6%@1224,0%@1224,0%@1224,0%@1224] EMC_FREQ 2%@1600 GR3D_FREQ 85%@921 APE 25 PLL@36C CPU@38.5C PMIC@50C GPU@38.5C AO@46C thermal@38.5C POM_5V_IN 3677/3907 POM_5V_GPU 1504/1475 POM_5V_CPU 459/522
RAM 1802/3964MB (lfb 107x4MB) SWAP 0/1982MB (cached 0MB) IRAM 0/252kB(lfb 252kB) CPU [42%@1224,2%@1224,2%@1224,2%@1224] EMC_FREQ 3%@1600 GR3D_FREQ 96%@921 APE 25 PLL@36.5C CPU@38.5C PMIC@50C GPU@38.5C AO@46C thermal@38.5C POM_5V_IN 3479/3907 POM_5V_GPU 1341/1475 POM_5V_CPU 461/522
RAM 1802/3964MB (lfb 107x4MB) SWAP 0/1982MB (cached 0MB) IRAM 0/252kB(lfb 252kB) CPU [8%@1224,0%@1224,0%@1224,0%@1224] EMC_FREQ 2%@1600 GR3D_FREQ 99%@921 APE 25 PLL@36.5C CPU@38.5C PMIC@50C GPU@38C AO@45.5C thermal@38.75C POM_5V_IN 3195/3906 POM_5V_GPU 1345/1475 POM_5V_CPU 210/522
RAM 1802/3964MB (lfb 107x4MB) SWAP 0/1982MB (cached 0MB) IRAM 0/252kB(lfb 252kB) CPU [3%@1224,0%@1224,0%@1224,0%@1224] EMC_FREQ 2%@1600 GR3D_FREQ 99%@921 APE 25 PLL@36.5C CPU@38.5C PMIC@50C GPU@38C AO@45.5C thermal@38.25C POM_5V_IN 3032/3905 POM_5V_GPU 1179/1475 POM_5V_CPU 210/521
RAM 1802/3964MB (lfb 107x4MB) SWAP 0/1982MB (cached 0MB) IRAM 0/252kB(lfb 252kB) CPU [9%@1224,0%@1224,0%@1224,0%@1224] EMC_FREQ 2%@1600 GR3D_FREQ 99%@921 APE 25 PLL@36.5C CPU@38.5C PMIC@50C GPU@38C AO@46C thermal@38C POM_5V_IN 3274/3905 POM_5V_GPU 1343/1475 POM_5V_CPU 335/521
RAM 1802/3964MB (lfb 107x4MB) SWAP 0/1982MB (cached 0MB) IRAM 0/252kB(lfb 252kB) CPU [18%@1224,21%@1224,1%@1224,1%@1224] EMC_FREQ 3%@1600 GR3D_FREQ 34%@921 APE 25 PLL@36.5C CPU@38.5C PMIC@50C GPU@38C AO@46C thermal@38.25C POM_5V_IN 3599/3904 POM_5V_GPU 1255/1474 POM_5V_CPU 669/521
RAM 1802/3964MB (lfb 107x4MB) SWAP 0/1982MB (cached 0MB) IRAM 0/252kB(lfb 252kB) CPU [1%@1224,14%@1224,1%@1224,1%@1224] EMC_FREQ 2%@1600 GR3D_FREQ 99%@921 APE 25 PLL@36C CPU@38C PMIC@50C GPU@38C AO@46C thermal@38.5C POM_5V_IN 3032/3904 POM_5V_GPU 1221/1474 POM_5V_CPU 210/521
RAM 1802/3964MB (lfb 107x4MB) SWAP 0/1982MB (cached 0MB) IRAM 0/252kB(lfb 252kB) CPU [0%@1224,0%@1224,0%@1224,0%@1224] EMC_FREQ 2%@1600 GR3D_FREQ 99%@921 APE 25 PLL@36.5C CPU@38C PMIC@50C GPU@38C AO@46C thermal@38.25C POM_5V_IN 3153/3903 POM_5V_GPU 1261/1474 POM_5V_CPU 210/521
RAM 1802/3964MB (lfb 107x4MB) SWAP 0/1982MB (cached 0MB) IRAM 0/252kB(lfb 252kB) CPU [2%@1224,6%@1224,0%@1224,0%@1224] EMC_FREQ 2%@1600 GR3D_FREQ 96%@921 APE 25 PLL@36.5C CPU@38.5C PMIC@50C GPU@38C AO@46C thermal@38.25C POM_5V_IN 3274/3903 POM_5V_GPU 1259/1474 POM_5V_CPU 377/521
RAM 1802/3964MB (lfb 107x4MB) SWAP 0/1982MB (cached 0MB) IRAM 0/252kB(lfb 252kB) CPU [31%@1224,1%@1224,0%@1224,1%@1224] EMC_FREQ 3%@1600 GR3D_FREQ 91%@921 APE 25 PLL@36.5C CPU@38.5C PMIC@50C GPU@38.5C AO@46.5C thermal@38.25C POM_5V_IN 3719/3902 POM_5V_GPU 1462/1474 POM_5V_CPU 543/521
RAM 1802/3964MB (lfb 107x4MB) SWAP 0/1982MB (cached 0MB) IRAM 0/252kB(lfb 252kB) CPU [10%@1224,11%@1224,2%@1224,1%@1224] EMC_FREQ 2%@1600 GR3D_FREQ 99%@921 APE 25 PLL@36.5C CPU@38.5C PMIC@50C GPU@38C AO@46C thermal@38.5C POM_5V_IN 3032/3902 POM_5V_GPU 1221/1474 POM_5V_CPU 210/520
RAM 1802/3964MB (lfb 107x4MB) SWAP 0/1982MB (cached 0MB) IRAM 0/252kB(lfb 252kB) CPU [0%@1224,2%@1224,0%@1224,0%@1224] EMC_FREQ 2%@1600 GR3D_FREQ 96%@921 APE 25 PLL@36C CPU@38.5C PMIC@50C GPU@38C AO@46C thermal@38.25C POM_5V_IN 3153/3901 POM_5V_GPU 1345/1474 POM_5V_CPU 210/520
RAM 1802/3964MB (lfb 107x4MB) SWAP 0/1982MB (cached 0MB) IRAM 0/252kB(lfb 252kB) CPU [0%@1224,6%@1224,0%@1224,0%@1224] EMC_FREQ 2%@1600 GR3D_FREQ 98%@921 APE 25 PLL@36.5C CPU@38.5C PMIC@50C GPU@38.5C AO@46C thermal@38.25C POM_5V_IN 3274/3900 POM_5V_GPU 1385/1473 POM_5V_CPU 251/520
RAM 1802/3964MB (lfb 107x4MB) SWAP 0/1982MB (cached 0MB) IRAM 0/252kB(lfb 252kB) CPU [1%@1479,26%@1479,2%@1479,2%@1479] EMC_FREQ 2%@1600 GR3D_FREQ 15%@921 APE 25 PLL@36C CPU@38.5C PMIC@50C GPU@38C AO@46C thermal@38.5C POM_5V_IN 3395/3900 POM_5V_GPU 1048/1473 POM_5V_CPU 628/520
RAM 1802/3964MB (lfb 107x4MB) SWAP 0/1982MB (cached 0MB) IRAM 0/252kB(lfb 252kB) CPU [2%@1224,23%@1224,1%@1224,1%@1224] EMC_FREQ 3%@1600 GR3D_FREQ 99%@921 APE 25 PLL@36C CPU@38.5C PMIC@50C GPU@38C AO@46C thermal@38.25C POM_5V_IN 3032/3899 POM_5V_GPU 1221/1473 POM_5V_CPU 168/520
RAM 1802/3964MB (lfb 107x4MB) SWAP 0/1982MB (cached 0MB) IRAM 0/252kB(lfb 252kB) CPU [0%@1224,0%@1224,0%@1224,0%@1224] EMC_FREQ 2%@1600 GR3D_FREQ 99%@921 APE 25 PLL@36.5C CPU@38.5C PMIC@50C GPU@38C AO@45.5C thermal@38.25C POM_5V_IN 3032/3899 POM_5V_GPU 1263/1473 POM_5V_CPU 168/519
RAM 1802/3964MB (lfb 107x4MB) SWAP 0/1982MB (cached 0MB) IRAM 0/252kB(lfb 252kB) CPU [1%@1224,7%@1224,0%@1224,0%@1224] EMC_FREQ 2%@1600 GR3D_FREQ 99%@921 APE 25 PLL@36C CPU@38.5C PMIC@50C GPU@38.5C AO@45.5C thermal@38.25C POM_5V_IN 3032/3898 POM_5V_GPU 1263/1473 POM_5V_CPU 168/519
RAM 1802/3964MB (lfb 107x4MB) SWAP 0/1982MB (cached 0MB) IRAM 0/252kB(lfb 252kB) CPU [0%@1224,21%@1224,1%@1224,1%@1224] EMC_FREQ 2%@1600 GR3D_FREQ 99%@921 APE 25 PLL@36.5C CPU@39C PMIC@50C GPU@38.5C AO@46C thermal@38.75C POM_5V_IN 3599/3898 POM_5V_GPU 1464/1473 POM_5V_CPU 376/519
RAM 1802/3964MB (lfb 107x4MB) SWAP 0/1982MB (cached 0MB) IRAM 0/252kB(lfb 252kB) CPU [2%@1224,29%@1224,1%@1224,1%@1224] EMC_FREQ 3%@1600 GR3D_FREQ 99%@921 APE 25 PLL@36.5C CPU@38.5C PMIC@50C GPU@38C AO@46C thermal@38.75C POM_5V_IN 3032/3897 POM_5V_GPU 1263/1472 POM_5V_CPU 210/519
RAM 1802/3964MB (lfb 107x4MB) SWAP 0/1982MB (cached 0MB) IRAM 0/252kB(lfb 252kB) CPU [0%@1224,0%@1224,0%@1224,0%@1224] EMC_FREQ 2%@1600 GR3D_FREQ 96%@921 APE 25 PLL@36C CPU@38.5C PMIC@50C GPU@38C AO@46C thermal@38.25C POM_5V_IN 3074/3896 POM_5V_GPU 1263/1472 POM_5V_CPU 168/518
RAM 1802/3964MB (lfb 107x4MB) SWAP 0/1982MB (cached 0MB) IRAM 0/252kB(lfb 252kB) CPU [0%@1224,7%@1224,0%@1224,0%@1224] EMC_FREQ 2%@1600 GR3D_FREQ 99%@921 APE 25 PLL@36.5C CPU@38.5C PMIC@50C GPU@38C AO@45.5C thermal@38.25C POM_5V_IN 3074/3895 POM_5V_GPU 1263/1472 POM_5V_CPU 168/518
RAM 1802/3964MB (lfb 107x4MB) SWAP 0/1982MB (cached 0MB) IRAM 0/252kB(lfb 252kB) CPU [3%@1224,18%@1224,1%@1224,6%@1224] EMC_FREQ 2%@1600 GR3D_FREQ 96%@921 APE 25 PLL@36.5C CPU@38.5C PMIC@50C GPU@38C AO@46C thermal@38.25C POM_5V_IN 3880/3895 POM_5V_GPU 1541/1472 POM_5V_CPU 625/518
RAM 1802/3964MB (lfb 107x4MB) SWAP 0/1982MB (cached 0MB) IRAM 0/252kB(lfb 252kB) CPU [21%@1224,14%@1224,2%@1224,1%@1224] EMC_FREQ 3%@1600 GR3D_FREQ 99%@921 APE 25 PLL@36C CPU@38.5C PMIC@50C GPU@38C AO@46C thermal@38.25C POM_5V_IN 3153/3895 POM_5V_GPU 1345/1472 POM_5V_CPU 210/518
RAM 1802/3964MB (lfb 107x4MB) SWAP 0/1982MB (cached 0MB) IRAM 0/252kB(lfb 252kB) CPU [5%@1224,0%@1224,0%@1224,0%@1224] EMC_FREQ 2%@1600 GR3D_FREQ 99%@921 APE 25 PLL@36C CPU@38.5C PMIC@50C GPU@38C AO@46C thermal@38.25C POM_5V_IN 3074/3894 POM_5V_GPU 1094/1472 POM_5V_CPU 336/518
RAM 1802/3964MB (lfb 107x4MB) SWAP 0/1982MB (cached 0MB) IRAM 0/252kB(lfb 252kB) CPU [21%@1326,0%@1326,1%@1326,1%@1326] EMC_FREQ 3%@1600 GR3D_FREQ 66%@921 APE 25 PLL@36.5C CPU@39C PMIC@50C GPU@38C AO@46C thermal@38.25C POM_5V_IN 3880/3894 POM_5V_GPU 1377/1472 POM_5V_CPU 709/518
RAM 1802/3964MB (lfb 107x4MB) SWAP 0/1982MB (cached 0MB) IRAM 0/252kB(lfb 252kB) CPU [33%@1224,1%@1224,1%@1224,2%@1224] EMC_FREQ 3%@1600 GR3D_FREQ 99%@921 APE 25 PLL@36C CPU@38.5C PMIC@50C GPU@38C AO@46C thermal@38.5C POM_5V_IN 3153/3893 POM_5V_GPU 1303/1471 POM_5V_CPU 210/518
RAM 1803/3964MB (lfb 107x4MB) SWAP 0/1982MB (cached 0MB) IRAM 0/252kB(lfb 252kB) CPU [6%@1224,5%@1224,6%@1224,7%@1224] EMC_FREQ 3%@1600 GR3D_FREQ 99%@921 APE 25 PLL@36.5C CPU@38.5C PMIC@50C GPU@38C AO@46C thermal@38.25C POM_5V_IN 3032/3893 POM_5V_GPU 1263/1471 POM_5V_CPU 168/517
RAM 1803/3964MB (lfb 107x4MB) SWAP 0/1982MB (cached 0MB) IRAM 0/252kB(lfb 252kB) CPU [7%@1224,0%@1224,0%@1224,0%@1224] EMC_FREQ 2%@1600 GR3D_FREQ 99%@921 APE 25 PLL@36.5C CPU@38.5C PMIC@50C GPU@38C AO@45.5C thermal@38.25C POM_5V_IN 3032/3892 POM_5V_GPU 1263/1471 POM_5V_CPU 168/517
RAM 1803/3964MB (lfb 107x4MB) SWAP 0/1982MB (cached 0MB) IRAM 0/252kB(lfb 252kB) CPU [13%@1224,2%@1224,0%@1224,0%@1224] EMC_FREQ 2%@1600 GR3D_FREQ 96%@921 APE 25 PLL@36.5C CPU@38.5C PMIC@50C GPU@38C AO@46C thermal@38.25C POM_5V_IN 3358/3892 POM_5V_GPU 1343/1471 POM_5V_CPU 335/517
RAM 1803/3964MB (lfb 107x4MB) SWAP 0/1982MB (cached 0MB) IRAM 0/252kB(lfb 252kB) CPU [34%@1224,2%@1224,2%@1224,3%@1224] EMC_FREQ 3%@1600 GR3D_FREQ 99%@921 APE 25 PLL@36.5C CPU@38.5C PMIC@50C GPU@38C AO@46C thermal@38.5C POM_5V_IN 3232/3891 POM_5V_GPU 1093/1471 POM_5V_CPU 461/517
RAM 1803/3964MB (lfb 107x4MB) SWAP 0/1982MB (cached 0MB) IRAM 0/252kB(lfb 252kB) CPU [0%@1224,0%@1224,0%@1224,0%@1224] EMC_FREQ 2%@1600 GR3D_FREQ 99%@921 APE 25 PLL@36C CPU@38.5C PMIC@50C GPU@38C AO@45.5C thermal@38.5C POM_5V_IN 3032/3890 POM_5V_GPU 1263/1470 POM_5V_CPU 168/517
RAM 1803/3964MB (lfb 107x4MB) SWAP 0/1982MB (cached 0MB) IRAM 0/252kB(lfb 252kB) CPU [7%@1224,1%@1224,0%@1224,0%@1224] EMC_FREQ 2%@1600 GR3D_FREQ 99%@921 APE 25 PLL@36C CPU@38.5C PMIC@50C GPU@38C AO@46C thermal@38.25C POM_5V_IN 3032/3890 POM_5V_GPU 1263/1470 POM_5V_CPU 210/516
RAM 1803/3964MB (lfb 107x4MB) SWAP 0/1982MB (cached 0MB) IRAM 0/252kB(lfb 252kB) CPU [10%@1326,0%@1326,2%@1326,1%@1326] EMC_FREQ 2%@1600 GR3D_FREQ 39%@921 APE 25 PLL@36.5C CPU@38.5C PMIC@50C GPU@38.5C AO@46C thermal@38.25C POM_5V_IN 3916/3890 POM_5V_GPU 1416/1470 POM_5V_CPU 833/517
RAM 1803/3964MB (lfb 107x4MB) SWAP 0/1982MB (cached 0MB) IRAM 0/252kB(lfb 252kB) CPU [33%@1224,1%@1224,1%@1224,2%@1224] EMC_FREQ 3%@1600 GR3D_FREQ 79%@921 APE 25 PLL@36C CPU@38C PMIC@50C GPU@38.5C AO@45.5C thermal@38.5C POM_5V_IN 3395/3889 POM_5V_GPU 1299/1470 POM_5V_CPU 419/516
RAM 1803/3964MB (lfb 107x4MB) SWAP 0/1982MB (cached 0MB) IRAM 0/252kB(lfb 252kB) CPU [5%@1224,2%@1224,0%@1224,0%@1224] EMC_FREQ 2%@1600 GR3D_FREQ 94%@921 APE 25 PLL@36C CPU@38.5C PMIC@50C GPU@38C AO@46C thermal@38.5C POM_5V_IN 3316/3889 POM_5V_GPU 1427/1470 POM_5V_CPU 251/516
RAM 1802/3964MB (lfb 107x4MB) SWAP 0/1982MB (cached 0MB) IRAM 0/252kB(lfb 252kB) CPU [27%@1479,1%@1479,1%@1479,0%@1479] EMC_FREQ 3%@1600 GR3D_FREQ 65%@921 APE 25 PLL@36.5C CPU@39C PMIC@50C GPU@38C AO@46C thermal@38.75C POM_5V_IN 3797/3889 POM_5V_GPU 1293/1470 POM_5V_CPU 792/516
RAM 1802/3964MB (lfb 107x4MB) SWAP 0/1982MB (cached 0MB) IRAM 0/252kB(lfb 252kB) CPU [33%@1224,1%@1224,1%@1224,1%@1224] EMC_FREQ 3%@1600 GR3D_FREQ 99%@921 APE 25 PLL@36C CPU@38.5C PMIC@50C GPU@38C AO@45.5C thermal@38.5C POM_5V_IN 3032/3888 POM_5V_GPU 1263/1470 POM_5V_CPU 168/516
RAM 1802/3964MB (lfb 107x4MB) SWAP 0/1982MB (cached 0MB) IRAM 0/252kB(lfb 252kB) CPU [1%@1224,0%@1224,0%@1224,0%@1224] EMC_FREQ 2%@1600 GR3D_FREQ 96%@921 APE 25 PLL@36.5C CPU@38.5C PMIC@50C GPU@38C AO@45.5C thermal@38.25C POM_5V_IN 3032/3887 POM_5V_GPU 1263/1470 POM_5V_CPU 168/516
RAM 1802/3964MB (lfb 107x4MB) SWAP 0/1982MB (cached 0MB) IRAM 0/252kB(lfb 252kB) CPU [7%@1224,0%@1224,0%@1224,0%@1224] EMC_FREQ 2%@1600 GR3D_FREQ 99%@921 APE 25 PLL@36.5C CPU@38C PMIC@50C GPU@38C AO@45.5C thermal@38.25C POM_5V_IN 3032/3886 POM_5V_GPU 1263/1469 POM_5V_CPU 168/516
RAM 1802/3964MB (lfb 107x4MB) SWAP 0/1982MB (cached 0MB) IRAM 0/252kB(lfb 252kB) CPU [24%@1479,0%@1479,0%@1479,0%@1479] EMC_FREQ 2%@1600 GR3D_FREQ 24%@921 APE 25 PLL@36.5C CPU@38.5C PMIC@50C GPU@38C AO@45.5C thermal@38C POM_5V_IN 3838/3886 POM_5V_GPU 1293/1469 POM_5V_CPU 834/516
RAM 1802/3964MB (lfb 107x4MB) SWAP 0/1982MB (cached 0MB) IRAM 0/252kB(lfb 252kB) CPU [35%@1224,0%@1224,1%@1224,1%@1224] EMC_FREQ 3%@1600 GR3D_FREQ 99%@921 APE 25 PLL@36.5C CPU@38C PMIC@50C GPU@38C AO@45.5C thermal@38C POM_5V_IN 3032/3886 POM_5V_GPU 1137/1469 POM_5V_CPU 252/516
RAM 1803/3964MB (lfb 107x4MB) SWAP 0/1982MB (cached 0MB) IRAM 0/252kB(lfb 252kB) CPU [0%@1224,1%@1224,0%@1224,0%@1224] EMC_FREQ 2%@1600 GR3D_FREQ 99%@921 APE 25 PLL@36C CPU@38C PMIC@50C GPU@38C AO@45.5C thermal@38C POM_5V_IN 3074/3885 POM_5V_GPU 1263/1469 POM_5V_CPU 210/515
RAM 1803/3964MB (lfb 107x4MB) SWAP 0/1982MB (cached 0MB) IRAM 0/252kB(lfb 252kB) CPU [7%@1224,0%@1224,0%@1224,0%@1224] EMC_FREQ 2%@1600 GR3D_FREQ 99%@921 APE 25 PLL@36C CPU@38.5C PMIC@50C GPU@38C AO@45.5C thermal@38.25C POM_5V_IN 3032/3884 POM_5V_GPU 1263/1469 POM_5V_CPU 168/515
RAM 1803/3964MB (lfb 107x4MB) SWAP 0/1982MB (cached 0MB) IRAM 0/252kB(lfb 252kB) CPU [15%@1224,0%@1224,0%@1224,0%@1224] EMC_FREQ 2%@1600 GR3D_FREQ 96%@921 APE 25 PLL@36.5C CPU@38.5C PMIC@50C GPU@38C AO@46C thermal@38.25C POM_5V_IN 3353/3884 POM_5V_GPU 1343/1468 POM_5V_CPU 335/515
RAM 1803/3964MB (lfb 107x4MB) SWAP 0/1982MB (cached 0MB) IRAM 0/252kB(lfb 252kB) CPU [38%@1479,1%@1479,2%@1479,1%@1479] EMC_FREQ 3%@1600 GR3D_FREQ 0%@921 APE 25 PLL@36.5C CPU@40C PMIC@50C GPU@38C AO@45.5C thermal@38.25C POM_5V_IN 3232/3883 POM_5V_GPU 630/1468 POM_5V_CPU 1007/515
RAM 1803/3964MB (lfb 107x4MB) SWAP 0/1982MB (cached 0MB) IRAM 0/252kB(lfb 252kB) CPU [3%@1224,0%@1224,0%@1224,0%@1224] EMC_FREQ 2%@1600 GR3D_FREQ 96%@921 APE 25 PLL@36C CPU@38C PMIC@50C GPU@38.5C AO@45.5C thermal@38.25C POM_5V_IN 3074/3883 POM_5V_GPU 1263/1468 POM_5V_CPU 210/515
RAM 1803/3964MB (lfb 107x4MB) SWAP 0/1982MB (cached 0MB) IRAM 0/252kB(lfb 252kB) CPU [7%@1224,0%@1224,0%@1224,0%@1224] EMC_FREQ 2%@1600 GR3D_FREQ 99%@921 APE 25 PLL@36C CPU@38C PMIC@50C GPU@38C AO@45.5C thermal@38C POM_5V_IN 3032/3882 POM_5V_GPU 1221/1467 POM_5V_CPU 210/515
RAM 1803/3964MB (lfb 107x4MB) SWAP 0/1982MB (cached 0MB) IRAM 0/252kB(lfb 252kB) CPU [12%@1224,0%@1224,1%@1224,0%@1224] EMC_FREQ 2%@1600 GR3D_FREQ 35%@921 APE 25 PLL@36C CPU@39C PMIC@50C GPU@38.5C AO@46C thermal@38.5C POM_5V_IN 3880/3882 POM_5V_GPU 1293/1467 POM_5V_CPU 834/515
RAM 1803/3964MB (lfb 107x4MB) SWAP 0/1982MB (cached 0MB) IRAM 0/252kB(lfb 252kB) CPU [33%@1224,1%@1224,0%@1224,3%@1224] EMC_FREQ 3%@1600 GR3D_FREQ 99%@921 APE 25 PLL@36C CPU@38.5C PMIC@50C GPU@38C AO@46C thermal@38.5C POM_5V_IN 3111/3881 POM_5V_GPU 1261/1467 POM_5V_CPU 210/515
RAM 1803/3964MB (lfb 107x4MB) SWAP 0/1982MB (cached 0MB) IRAM 0/252kB(lfb 252kB) CPU [1%@1224,1%@1224,0%@1224,6%@1224] EMC_FREQ 2%@1600 GR3D_FREQ 99%@921 APE 25 PLL@36C CPU@38.5C PMIC@50C GPU@38C AO@46C thermal@38.25C POM_5V_IN 3111/3881 POM_5V_GPU 1303/1467 POM_5V_CPU 168/515
RAM 1803/3964MB (lfb 107x4MB) SWAP 0/1982MB (cached 0MB) IRAM 0/252kB(lfb 252kB) CPU [8%@1224,0%@1224,0%@1224,0%@1224] EMC_FREQ 2%@1600 GR3D_FREQ 95%@921 APE 25 PLL@36C CPU@38C PMIC@50C GPU@38C AO@46C thermal@38.25C POM_5V_IN 3395/3880 POM_5V_GPU 1467/1467 POM_5V_CPU 293/514
RAM 1803/3964MB (lfb 107x4MB) SWAP 0/1982MB (cached 0MB) IRAM 0/252kB(lfb 252kB) CPU [35%@1224,0%@1224,4%@1224,2%@1224] EMC_FREQ 3%@1600 GR3D_FREQ 86%@921 APE 25 PLL@36.5C CPU@38.5C PMIC@50C GPU@38C AO@45.5C thermal@38.25C POM_5V_IN 3838/3880 POM_5V_GPU 1543/1467 POM_5V_CPU 625/514
RAM 1802/3964MB (lfb 107x4MB) SWAP 0/1982MB (cached 0MB) IRAM 0/252kB(lfb 252kB) CPU [18%@1224,2%@1224,1%@1224,1%@1224] EMC_FREQ 3%@1600 GR3D_FREQ 99%@921 APE 25 PLL@36.5C CPU@38.5C PMIC@50C GPU@38C AO@45.5C thermal@38.25C POM_5V_IN 2989/3879 POM_5V_GPU 1221/1467 POM_5V_CPU 168/514
RAM 1802/3964MB (lfb 107x4MB) SWAP 0/1982MB (cached 0MB) IRAM 0/252kB(lfb 252kB) CPU [1%@1224,0%@1224,0%@1224,0%@1224] EMC_FREQ 2%@1600 GR3D_FREQ 99%@921 APE 25 PLL@36C CPU@38.5C PMIC@50C GPU@38C AO@45.5C thermal@38C POM_5V_IN 3153/3879 POM_5V_GPU 1303/1467 POM_5V_CPU 210/514
RAM 1802/3964MB (lfb 107x4MB) SWAP 0/1982MB (cached 0MB) IRAM 0/252kB(lfb 252kB) CPU [7%@1224,0%@1224,0%@1224,0%@1224] EMC_FREQ 2%@1600 GR3D_FREQ 96%@921 APE 25 PLL@36C CPU@38.5C PMIC@50C GPU@38C AO@45.5C thermal@38C POM_5V_IN 3153/3878 POM_5V_GPU 1303/1467 POM_5V_CPU 252/514
RAM 1802/3964MB (lfb 107x4MB) SWAP 0/1982MB (cached 0MB) IRAM 0/252kB(lfb 252kB) CPU [32%@1428,1%@1428,0%@1428,1%@1428] EMC_FREQ 3%@1600 GR3D_FREQ 30%@921 APE 25 PLL@36C CPU@39C PMIC@50C GPU@38.5C AO@46C thermal@38.5C POM_5V_IN 3641/3878 POM_5V_GPU 1255/1466 POM_5V_CPU 710/514
RAM 1803/3964MB (lfb 107x4MB) SWAP 0/1982MB (cached 0MB) IRAM 0/252kB(lfb 252kB) CPU [17%@1224,15%@1224,7%@1224,6%@1224] EMC_FREQ 3%@1600 GR3D_FREQ 99%@921 APE 25 PLL@36.5C CPU@38.5C PMIC@50C GPU@38.5C AO@45.5C thermal@38.5C POM_5V_IN 3515/3878 POM_5V_GPU 1257/1466 POM_5V_CPU 627/514
RAM 1803/3964MB (lfb 107x4MB) SWAP 0/1982MB (cached 0MB) IRAM 0/252kB(lfb 252kB) CPU [0%@1224,0%@1224,0%@1224,0%@1224] EMC_FREQ 2%@1600 GR3D_FREQ 99%@921 APE 25 PLL@36.5C CPU@38C PMIC@50C GPU@38C AO@45.5C thermal@38.5C POM_5V_IN 3074/3877 POM_5V_GPU 1263/1466 POM_5V_CPU 210/514
RAM 1802/3964MB (lfb 107x4MB) SWAP 0/1982MB (cached 0MB) IRAM 0/252kB(lfb 252kB) CPU [6%@1224,12%@1224,5%@1224,10%@1224] EMC_FREQ 2%@1600 GR3D_FREQ 99%@921 APE 25 PLL@36.5C CPU@38.5C PMIC@50C GPU@38C AO@46C thermal@38C POM_5V_IN 3232/3877 POM_5V_GPU 1427/1466 POM_5V_CPU 209/513
RAM 1802/3964MB (lfb 107x4MB) SWAP 0/1982MB (cached 0MB) IRAM 0/252kB(lfb 252kB) CPU [3%@1479,24%@1479,0%@1479,1%@1479] EMC_FREQ 3%@1600 GR3D_FREQ 0%@921 APE 25 PLL@36.5C CPU@38.5C PMIC@50C GPU@38C AO@45.5C thermal@38C POM_5V_IN 3395/3876 POM_5V_GPU 965/1466 POM_5V_CPU 754/514
RAM 1802/3964MB (lfb 107x4MB) SWAP 0/1982MB (cached 0MB) IRAM 0/252kB(lfb 252kB) CPU [25%@1224,2%@1224,1%@1224,1%@1224] EMC_FREQ 3%@1600 GR3D_FREQ 99%@921 APE 25 PLL@36C CPU@38.5C PMIC@50C GPU@38C AO@45.5C thermal@38.25C POM_5V_IN 2989/3875 POM_5V_GPU 1221/1465 POM_5V_CPU 168/513
RAM 1802/3964MB (lfb 107x4MB) SWAP 0/1982MB (cached 0MB) IRAM 0/252kB(lfb 252kB) CPU [0%@1224,0%@1224,0%@1224,0%@1224] EMC_FREQ 2%@1600 GR3D_FREQ 99%@921 APE 25 PLL@36C CPU@38.5C PMIC@50C GPU@38C AO@45.5C thermal@38.25C POM_5V_IN 3032/3875 POM_5V_GPU 1263/1465 POM_5V_CPU 168/513
RAM 1802/3964MB (lfb 107x4MB) SWAP 0/1982MB (cached 0MB) IRAM 0/252kB(lfb 252kB) CPU [8%@1224,1%@1224,0%@1224,0%@1224] EMC_FREQ 2%@1600 GR3D_FREQ 99%@921 APE 25 PLL@36.5C CPU@38C PMIC@50C GPU@38C AO@45.5C thermal@38.25C POM_5V_IN 3032/3874 POM_5V_GPU 1263/1465 POM_5V_CPU 168/513
RAM 1802/3964MB (lfb 107x4MB) SWAP 0/1982MB (cached 0MB) IRAM 0/252kB(lfb 252kB) CPU [21%@1224,2%@1224,1%@1224,0%@1224] EMC_FREQ 2%@1600 GR3D_FREQ 96%@921 APE 25 PLL@36.5C CPU@38.5C PMIC@50C GPU@38C AO@46C thermal@38.25C POM_5V_IN 3677/3874 POM_5V_GPU 1546/1465 POM_5V_CPU 459/513
RAM 1802/3964MB (lfb 107x4MB) SWAP 0/1982MB (cached 0MB) IRAM 0/252kB(lfb 252kB) CPU [31%@1224,0%@1224,1%@1224,1%@1224] EMC_FREQ 3%@1600 GR3D_FREQ 99%@921 APE 25 PLL@36C CPU@38.5C PMIC@50C GPU@38C AO@45.5C thermal@38.25C POM_5V_IN 3074/3873 POM_5V_GPU 1263/1465 POM_5V_CPU 168/513
RAM 1802/3964MB (lfb 107x4MB) SWAP 0/1982MB (cached 0MB) IRAM 0/252kB(lfb 252kB) CPU [1%@1224,0%@1224,0%@1224,0%@1224] EMC_FREQ 2%@1600 GR3D_FREQ 96%@921 APE 25 PLL@36C CPU@38.5C PMIC@50C GPU@38C AO@45.5C thermal@38C POM_5V_IN 3069/3873 POM_5V_GPU 1263/1465 POM_5V_CPU 168/512
RAM 1802/3964MB (lfb 107x4MB) SWAP 0/1982MB (cached 0MB) IRAM 0/252kB(lfb 252kB) CPU [7%@1224,0%@1224,0%@1224,0%@1224] EMC_FREQ 2%@1600 GR3D_FREQ 99%@921 APE 25 PLL@36C CPU@38.5C PMIC@50C GPU@38C AO@45.5C thermal@38C POM_5V_IN 3153/3872 POM_5V_GPU 1303/1465 POM_5V_CPU 210/512
RAM 1802/3964MB (lfb 107x4MB) SWAP 0/1982MB (cached 0MB) IRAM 0/252kB(lfb 252kB) CPU [15%@1224,0%@1224,0%@1224,0%@1224] EMC_FREQ 2%@1600 GR3D_FREQ 93%@921 APE 25 PLL@36.5C CPU@38.5C PMIC@50C GPU@38C AO@46C thermal@38C POM_5V_IN 3719/3872 POM_5V_GPU 1504/1465 POM_5V_CPU 459/512
RAM 1802/3964MB (lfb 107x4MB) SWAP 0/1982MB (cached 0MB) IRAM 0/252kB(lfb 252kB) CPU [1%@1224,35%@1224,2%@1224,1%@1224] EMC_FREQ 3%@1600 GR3D_FREQ 99%@921 APE 25 PLL@36C CPU@38.5C PMIC@50C GPU@38C AO@45.5C thermal@38.25C POM_5V_IN 3232/3871 POM_5V_GPU 1007/1464 POM_5V_CPU 545/512
RAM 1802/3964MB (lfb 107x4MB) SWAP 0/1982MB (cached 0MB) IRAM 0/252kB(lfb 252kB) CPU [1%@1224,0%@1224,0%@1224,0%@1224] EMC_FREQ 2%@1600 GR3D_FREQ 99%@921 APE 25 PLL@36C CPU@38.5C PMIC@50C GPU@38C AO@45.5C thermal@38C POM_5V_IN 3032/3871 POM_5V_GPU 1263/1464 POM_5V_CPU 210/512
RAM 1802/3964MB (lfb 107x4MB) SWAP 0/1982MB (cached 0MB) IRAM 0/252kB(lfb 252kB) CPU [1%@1224,6%@1224,0%@1224,0%@1224] EMC_FREQ 2%@1600 GR3D_FREQ 99%@921 APE 25 PLL@36C CPU@38C PMIC@50C GPU@38C AO@46C thermal@38.25C POM_5V_IN 3111/3870 POM_5V_GPU 1303/1464 POM_5V_CPU 168/511
RAM 1802/3964MB (lfb 107x4MB) SWAP 0/1982MB (cached 0MB) IRAM 0/252kB(lfb 252kB) CPU [1%@1224,12%@1224,0%@1224,2%@1224] EMC_FREQ 2%@1600 GR3D_FREQ 82%@921 APE 25 PLL@36.5C CPU@38C PMIC@50C GPU@38C AO@46C thermal@38C POM_5V_IN 3797/3870 POM_5V_GPU 1462/1464 POM_5V_CPU 626/512
RAM 1802/3964MB (lfb 107x4MB) SWAP 0/1982MB (cached 0MB) IRAM 0/252kB(lfb 252kB) CPU [15%@1479,17%@1479,4%@1479,1%@1479] EMC_FREQ 3%@1600 GR3D_FREQ 46%@921 APE 25 PLL@36C CPU@39C PMIC@50C GPU@38C AO@46C thermal@38.25C POM_5V_IN 3557/3870 POM_5V_GPU 1255/1464 POM_5V_CPU 753/512
RAM 1802/3964MB (lfb 107x4MB) SWAP 0/1982MB (cached 0MB) IRAM 0/252kB(lfb 252kB) CPU [5%@1224,0%@1224,1%@1224,0%@1224] EMC_FREQ 2%@1600 GR3D_FREQ 99%@921 APE 25 PLL@36.5C CPU@38.5C PMIC@50C GPU@38C AO@45.5C thermal@38.25C POM_5V_IN 3032/3869 POM_5V_GPU 1263/1464 POM_5V_CPU 168/511
RAM 1802/3964MB (lfb 107x4MB) SWAP 0/1982MB (cached 0MB) IRAM 0/252kB(lfb 252kB) CPU [7%@1224,0%@1224,0%@1224,0%@1224] EMC_FREQ 2%@1600 GR3D_FREQ 99%@921 APE 25 PLL@36C CPU@38C PMIC@50C GPU@38C AO@45.5C thermal@38.25C POM_5V_IN 3074/3868 POM_5V_GPU 1179/1463 POM_5V_CPU 252/511
RAM 1802/3964MB (lfb 107x4MB) SWAP 0/1982MB (cached 0MB) IRAM 0/252kB(lfb 252kB) CPU [9%@1224,0%@1224,0%@1224,0%@1224] EMC_FREQ 2%@1600 GR3D_FREQ 41%@921 APE 25 PLL@36.5C CPU@38.5C PMIC@50C GPU@38C AO@46C thermal@38.25C POM_5V_IN 3838/3868 POM_5V_GPU 1460/1463 POM_5V_CPU 667/511
RAM 1802/3964MB (lfb 107x4MB) SWAP 0/1982MB (cached 0MB) IRAM 0/252kB(lfb 252kB) CPU [34%@1224,1%@1224,1%@1224,1%@1224] EMC_FREQ 3%@1600 GR3D_FREQ 99%@921 APE 25 PLL@36.5C CPU@38.5C PMIC@50C GPU@38C AO@45.5C thermal@38.25C POM_5V_IN 3195/3868 POM_5V_GPU 1303/1463 POM_5V_CPU 294/511
RAM 1802/3964MB (lfb 107x4MB) SWAP 0/1982MB (cached 0MB) IRAM 0/252kB(lfb 252kB) CPU [4%@1224,1%@1224,9%@1224,0%@1224] EMC_FREQ 2%@1600 GR3D_FREQ 99%@921 APE 25 PLL@36C CPU@38C PMIC@50C GPU@38C AO@45.5C thermal@38.25C POM_5V_IN 3111/3867 POM_5V_GPU 1305/1463 POM_5V_CPU 168/511
RAM 1802/3964MB (lfb 107x4MB) SWAP 0/1982MB (cached 0MB) IRAM 0/252kB(lfb 252kB) CPU [6%@1479,0%@1479,0%@1479,0%@1479] EMC_FREQ 2%@1600 GR3D_FREQ 89%@921 APE 25 PLL@36C CPU@38C PMIC@50C GPU@38C AO@45.5C thermal@38.25C POM_5V_IN 3032/3866 POM_5V_GPU 926/1463 POM_5V_CPU 463/511
RAM 1802/3964MB (lfb 107x4MB) SWAP 0/1982MB (cached 0MB) IRAM 0/252kB(lfb 252kB) CPU [7%@1224,0%@1224,0%@1224,0%@1224] EMC_FREQ 2%@1600 GR3D_FREQ 91%@921 APE 25 PLL@36.5C CPU@38.5C PMIC@50C GPU@38C AO@46C thermal@38C POM_5V_IN 3599/3866 POM_5V_GPU 1632/1463 POM_5V_CPU 292/511
RAM 1802/3964MB (lfb 107x4MB) SWAP 0/1982MB (cached 0MB) IRAM 0/252kB(lfb 252kB) CPU [12%@1224,29%@1224,0%@1224,1%@1224] EMC_FREQ 3%@1600 GR3D_FREQ 76%@921 APE 25 PLL@36.5C CPU@38.5C PMIC@50C GPU@38C AO@46C thermal@38C POM_5V_IN 3719/3866 POM_5V_GPU 1379/1463 POM_5V_CPU 710/511
RAM 1802/3964MB (lfb 107x4MB) SWAP 0/1982MB (cached 0MB) IRAM 0/252kB(lfb 252kB) CPU [1%@1224,8%@1224,1%@1224,1%@1224] EMC_FREQ 2%@1600 GR3D_FREQ 99%@921 APE 25 PLL@36C CPU@38.5C PMIC@50C GPU@38C AO@45.5C thermal@38.25C POM_5V_IN 2989/3865 POM_5V_GPU 1221/1463 POM_5V_CPU 168/511
RAM 1802/3964MB (lfb 107x4MB) SWAP 0/1982MB (cached 0MB) IRAM 0/252kB(lfb 252kB) CPU [0%@1224,2%@1224,0%@1224,0%@1224] EMC_FREQ 2%@1600 GR3D_FREQ 99%@921 APE 25 PLL@36C CPU@38.5C PMIC@50C GPU@38C AO@45.5C thermal@38.25C POM_5V_IN 3074/3865 POM_5V_GPU 1263/1462 POM_5V_CPU 210/510
RAM 1802/3964MB (lfb 107x4MB) SWAP 0/1982MB (cached 0MB) IRAM 0/252kB(lfb 252kB) CPU [0%@1224,9%@1224,0%@1224,0%@1224] EMC_FREQ 2%@1600 GR3D_FREQ 99%@921 APE 25 PLL@36.5C CPU@38.5C PMIC@50C GPU@38C AO@45.5C thermal@38.25C POM_5V_IN 3195/3864 POM_5V_GPU 1219/1462 POM_5V_CPU 378/510
RAM 1802/3964MB (lfb 107x4MB) SWAP 0/1982MB (cached 0MB) IRAM 0/252kB(lfb 252kB) CPU [3%@1224,32%@1224,0%@1224,0%@1224] EMC_FREQ 3%@1600 GR3D_FREQ 84%@921 APE 25 PLL@36.5C CPU@38.5C PMIC@50C GPU@38C AO@46C thermal@38.25C POM_5V_IN 3797/3864 POM_5V_GPU 1504/1462 POM_5V_CPU 585/510
RAM 1802/3964MB (lfb 107x4MB) SWAP 0/1982MB (cached 0MB) IRAM 0/252kB(lfb 252kB) CPU [2%@1224,13%@1224,0%@1224,1%@1224] EMC_FREQ 2%@1600 GR3D_FREQ 96%@921 APE 25 PLL@36C CPU@38C PMIC@50C GPU@38C AO@45.5C thermal@38C POM_5V_IN 3069/3864 POM_5V_GPU 1263/1462 POM_5V_CPU 168/510
RAM 1803/3964MB (lfb 107x4MB) SWAP 0/1982MB (cached 0MB) IRAM 0/252kB(lfb 252kB) CPU [2%@1224,1%@1224,2%@1224,0%@1224] EMC_FREQ 2%@1600 GR3D_FREQ 99%@921 APE 25 PLL@36C CPU@38.5C PMIC@50C GPU@38.5C AO@46C thermal@38.25C POM_5V_IN 3237/3863 POM_5V_GPU 1303/1462 POM_5V_CPU 294/510
RAM 1802/3964MB (lfb 107x4MB) SWAP 0/1982MB (cached 0MB) IRAM 0/252kB(lfb 252kB) CPU [6%@1224,12%@1224,6%@1224,2%@1224] EMC_FREQ 2%@1600 GR3D_FREQ 94%@921 APE 25 PLL@36.5C CPU@38.5C PMIC@50C GPU@38C AO@46C thermal@38.25C POM_5V_IN 3316/3863 POM_5V_GPU 1385/1462 POM_5V_CPU 293/510
RAM 1802/3964MB (lfb 107x4MB) SWAP 0/1982MB (cached 0MB) IRAM 0/252kB(lfb 252kB) CPU [31%@1428,5%@1428,1%@1428,1%@1428] EMC_FREQ 3%@1600 GR3D_FREQ 15%@921 APE 25 PLL@36.5C CPU@38.5C PMIC@50C GPU@38C AO@46C thermal@38.25C POM_5V_IN 3557/3862 POM_5V_GPU 1213/1462 POM_5V_CPU 668/510
RAM 1802/3964MB (lfb 107x4MB) SWAP 0/1982MB (cached 0MB) IRAM 0/252kB(lfb 252kB) CPU [8%@1224,10%@1224,2%@1224,1%@1224] EMC_FREQ 3%@1600 GR3D_FREQ 99%@921 APE 25 PLL@36C CPU@38.5C PMIC@50C GPU@38C AO@45.5C thermal@38.25C POM_5V_IN 2989/3862 POM_5V_GPU 1221/1462 POM_5V_CPU 168/510
RAM 1802/3964MB (lfb 107x4MB) SWAP 0/1982MB (cached 0MB) IRAM 0/252kB(lfb 252kB) CPU [0%@1224,0%@1224,0%@1224,0%@1224] EMC_FREQ 2%@1600 GR3D_FREQ 96%@921 APE 25 PLL@36.5C CPU@38.5C PMIC@50C GPU@38C AO@45.5C thermal@38C POM_5V_IN 3032/3861 POM_5V_GPU 1263/1461 POM_5V_CPU 168/509
RAM 1802/3964MB (lfb 107x4MB) SWAP 0/1982MB (cached 0MB) IRAM 0/252kB(lfb 252kB) CPU [0%@1224,6%@1224,0%@1224,0%@1224] EMC_FREQ 2%@1600 GR3D_FREQ 99%@921 APE 25 PLL@36.5C CPU@38.5C PMIC@50C GPU@37.5C AO@45.5C thermal@38.25C POM_5V_IN 3237/3861 POM_5V_GPU 1387/1461 POM_5V_CPU 209/509
RAM 1802/3964MB (lfb 107x4MB) SWAP 0/1982MB (cached 0MB) IRAM 0/252kB(lfb 252kB) CPU [1%@1479,26%@1479,1%@1479,1%@1479] EMC_FREQ 2%@1600 GR3D_FREQ 0%@921 APE 25 PLL@36.5C CPU@38.5C PMIC@50C GPU@38C AO@45C thermal@38.25C POM_5V_IN 3195/3860 POM_5V_GPU 756/1461 POM_5V_CPU 756/509
RAM 1802/3964MB (lfb 107x4MB) SWAP 0/1982MB (cached 0MB) IRAM 0/252kB(lfb 252kB) CPU [2%@1224,26%@1224,1%@1224,2%@1224] EMC_FREQ 3%@1600 GR3D_FREQ 99%@921 APE 25 PLL@36.5C CPU@38.5C PMIC@50C GPU@38C AO@45.5C thermal@38.25C POM_5V_IN 3074/3859 POM_5V_GPU 1263/1461 POM_5V_CPU 210/509
RAM 1802/3964MB (lfb 107x4MB) SWAP 0/1982MB (cached 0MB) IRAM 0/252kB(lfb 252kB) CPU [0%@1224,0%@1224,0%@1224,0%@1224] EMC_FREQ 2%@1600 GR3D_FREQ 99%@921 APE 25 PLL@36.5C CPU@38.5C PMIC@50C GPU@37.5C AO@45.5C thermal@38C POM_5V_IN 3032/3859 POM_5V_GPU 1263/1460 POM_5V_CPU 168/509
RAM 1802/3964MB (lfb 107x4MB) SWAP 0/1982MB (cached 0MB) IRAM 0/252kB(lfb 252kB) CPU [0%@1224,7%@1224,0%@1224,0%@1224] EMC_FREQ 2%@1600 GR3D_FREQ 99%@921 APE 25 PLL@36C CPU@38.5C PMIC@50C GPU@37.5C AO@46C thermal@38.25C POM_5V_IN 3032/3858 POM_5V_GPU 1263/1460 POM_5V_CPU 168/508
RAM 1802/3964MB (lfb 107x4MB) SWAP 0/1982MB (cached 0MB) IRAM 0/252kB(lfb 252kB) CPU [1%@1224,14%@1224,0%@1224,0%@1224] EMC_FREQ 2%@1600 GR3D_FREQ 96%@921 APE 25 PLL@36.5C CPU@38C PMIC@50C GPU@38C AO@45.5C thermal@38.25C POM_5V_IN 3437/3858 POM_5V_GPU 1341/1460 POM_5V_CPU 419/508
RAM 1802/3964MB (lfb 107x4MB) SWAP 0/1982MB (cached 0MB) IRAM 0/252kB(lfb 252kB) CPU [3%@1224,34%@1224,2%@1224,1%@1224] EMC_FREQ 3%@1600 GR3D_FREQ 59%@921 APE 25 PLL@36.5C CPU@38.5C PMIC@50C GPU@38C AO@46C thermal@38.25C POM_5V_IN 3437/3857 POM_5V_GPU 1089/1460 POM_5V_CPU 628/508
RAM 1802/3964MB (lfb 107x4MB) SWAP 0/1982MB (cached 0MB) IRAM 0/252kB(lfb 252kB) CPU [0%@1224,2%@1224,0%@1224,0%@1224] EMC_FREQ 2%@1600 GR3D_FREQ 96%@921 APE 25 PLL@36.5C CPU@38.5C PMIC@50C GPU@38C AO@45.5C thermal@38.25C POM_5V_IN 3074/3857 POM_5V_GPU 1263/1460 POM_5V_CPU 168/508
RAM 1802/3964MB (lfb 107x4MB) SWAP 0/1982MB (cached 0MB) IRAM 0/252kB(lfb 252kB) CPU [0%@1224,7%@1224,0%@1224,0%@1224] EMC_FREQ 2%@1600 GR3D_FREQ 99%@921 APE 25 PLL@36.5C CPU@38.5C PMIC@50C GPU@38C AO@45.5C thermal@38C POM_5V_IN 3032/3856 POM_5V_GPU 1221/1460 POM_5V_CPU 210/508
RAM 1802/3964MB (lfb 107x4MB) SWAP 0/1982MB (cached 0MB) IRAM 0/252kB(lfb 252kB) CPU [1%@1479,10%@1479,0%@1479,0%@1479] EMC_FREQ 2%@1600 GR3D_FREQ 53%@921 APE 25 PLL@36.5C CPU@38.5C PMIC@50C GPU@38.5C AO@45.5C thermal@38.25C POM_5V_IN 3797/3856 POM_5V_GPU 1293/1459 POM_5V_CPU 792/508
RAM 1802/3964MB (lfb 107x4MB) SWAP 0/1982MB (cached 0MB) IRAM 0/252kB(lfb 252kB) CPU [1%@1224,33%@1224,1%@1224,1%@1224] EMC_FREQ 3%@1600 GR3D_FREQ 99%@921 APE 25 PLL@36.5C CPU@38.5C PMIC@50C GPU@38C AO@45.5C thermal@38C POM_5V_IN 3195/3855 POM_5V_GPU 1261/1459 POM_5V_CPU 294/508
RAM 1802/3964MB (lfb 107x4MB) SWAP 0/1982MB (cached 0MB) IRAM 0/252kB(lfb 252kB) CPU [2%@1224,11%@1224,0%@1224,0%@1224] EMC_FREQ 2%@1600 GR3D_FREQ 99%@921 APE 25 PLL@36.5C CPU@38.5C PMIC@50C GPU@38C AO@45.5C thermal@38.25C POM_5V_IN 3074/3855 POM_5V_GPU 1305/1459 POM_5V_CPU 168/508
RAM 1802/3964MB (lfb 107x4MB) SWAP 0/1982MB (cached 0MB) IRAM 0/252kB(lfb 252kB) CPU [0%@1479,6%@1479,0%@1479,0%@1479] EMC_FREQ 2%@1600 GR3D_FREQ 93%@921 APE 25 PLL@36C CPU@38C PMIC@50C GPU@38C AO@45.5C thermal@38.25C POM_5V_IN 3111/3854 POM_5V_GPU 1009/1459 POM_5V_CPU 462/508
RAM 1802/3964MB (lfb 107x4MB) SWAP 0/1982MB (cached 0MB) IRAM 0/252kB(lfb 252kB) CPU [0%@1224,5%@1224,0%@1224,0%@1224] EMC_FREQ 2%@1600 GR3D_FREQ 91%@921 APE 25 PLL@36.5C CPU@39C PMIC@50C GPU@38.5C AO@46C thermal@38.25C POM_5V_IN 3599/3854 POM_5V_GPU 1629/1459 POM_5V_CPU 292/507
RAM 1802/3964MB (lfb 107x4MB) SWAP 0/1982MB (cached 0MB) IRAM 0/252kB(lfb 252kB) CPU [2%@1224,38%@1224,0%@1224,2%@1224] EMC_FREQ 3%@1600 GR3D_FREQ 64%@921 APE 25 PLL@36.5C CPU@38.5C PMIC@50C GPU@38C AO@46C thermal@38.5C POM_5V_IN 3797/3854 POM_5V_GPU 1420/1459 POM_5V_CPU 625/508
RAM 1802/3964MB (lfb 107x4MB) SWAP 0/1982MB (cached 0MB) IRAM 0/252kB(lfb 252kB) CPU [1%@1224,12%@1224,0%@1224,1%@1224] EMC_FREQ 2%@1600 GR3D_FREQ 99%@921 APE 25 PLL@36C CPU@38.5C PMIC@50C GPU@38C AO@45.5C thermal@38.25C POM_5V_IN 2989/3853 POM_5V_GPU 1221/1459 POM_5V_CPU 168/507
RAM 1802/3964MB (lfb 107x4MB) SWAP 0/1982MB (cached 0MB) IRAM 0/252kB(lfb 252kB) CPU [1%@1224,0%@1224,0%@1224,0%@1224] EMC_FREQ 2%@1600 GR3D_FREQ 99%@921 APE 25 PLL@36.5C CPU@38.5C PMIC@50C GPU@38C AO@45.5C thermal@38.25C POM_5V_IN 3116/3853 POM_5V_GPU 1263/1459 POM_5V_CPU 210/507
RAM 1802/3964MB (lfb 107x4MB) SWAP 0/1982MB (cached 0MB) IRAM 0/252kB(lfb 252kB) CPU [0%@1224,8%@1224,0%@1224,0%@1224] EMC_FREQ 2%@1600 GR3D_FREQ 9%@921 APE 25 PLL@36.5C CPU@38.5C PMIC@50C GPU@38C AO@45.5C thermal@38.25C POM_5V_IN 3274/3852 POM_5V_GPU 1175/1458 POM_5V_CPU 419/507
RAM 1802/3964MB (lfb 107x4MB) SWAP 0/1982MB (cached 0MB) IRAM 0/252kB(lfb 252kB) CPU [2%@1479,33%@1479,0%@1479,1%@1479] EMC_FREQ 3%@1600 GR3D_FREQ 91%@921 APE 25 PLL@36.5C CPU@38.5C PMIC@50C GPU@38C AO@45.5C thermal@38.5C POM_5V_IN 3557/3852 POM_5V_GPU 1173/1458 POM_5V_CPU 670/507
RAM 1802/3964MB (lfb 107x4MB) SWAP 0/1982MB (cached 0MB) IRAM 0/252kB(lfb 252kB) CPU [0%@1224,13%@1224,0%@1224,1%@1224] EMC_FREQ 2%@1600 GR3D_FREQ 99%@921 APE 25 PLL@36.5C CPU@38.5C PMIC@50C GPU@38C AO@45.5C thermal@38.5C POM_5V_IN 2989/3851 POM_5V_GPU 1221/1458 POM_5V_CPU 168/507
RAM 1802/3964MB (lfb 107x4MB) SWAP 0/1982MB (cached 0MB) IRAM 0/252kB(lfb 252kB) CPU [0%@1224,0%@1224,0%@1224,0%@1224] EMC_FREQ 2%@1600 GR3D_FREQ 99%@921 APE 25 PLL@36.5C CPU@38.5C PMIC@50C GPU@38C AO@45.5C thermal@38.25C POM_5V_IN 3153/3851 POM_5V_GPU 1303/1458 POM_5V_CPU 210/507
RAM 1802/3964MB (lfb 107x4MB) SWAP 0/1982MB (cached 0MB) IRAM 0/252kB(lfb 252kB) CPU [1%@1224,8%@1224,0%@1224,0%@1224] EMC_FREQ 2%@1600 GR3D_FREQ 96%@921 APE 25 PLL@36C CPU@38C PMIC@50C GPU@38C AO@45.5C thermal@38.25C POM_5V_IN 3153/3850 POM_5V_GPU 1303/1458 POM_5V_CPU 252/506
RAM 1802/3964MB (lfb 107x4MB) SWAP 0/1982MB (cached 0MB) IRAM 0/252kB(lfb 252kB) CPU [0%@1479,27%@1479,5%@1479,1%@1479] EMC_FREQ 2%@1600 GR3D_FREQ 60%@921 APE 25 PLL@36.5C CPU@38.5C PMIC@50C GPU@38C AO@45.5C thermal@38.25C POM_5V_IN 3437/3850 POM_5V_GPU 923/1457 POM_5V_CPU 755/507
RAM 1802/3964MB (lfb 107x4MB) SWAP 0/1982MB (cached 0MB) IRAM 0/252kB(lfb 252kB) CPU [2%@1224,20%@1224,1%@1224,1%@1224] EMC_FREQ 3%@1600 GR3D_FREQ 99%@921 APE 25 PLL@36C CPU@38C PMIC@50C GPU@38C AO@45.5C thermal@38.25C POM_5V_IN 3032/3849 POM_5V_GPU 1263/1457 POM_5V_CPU 168/506
RAM 1802/3964MB (lfb 107x4MB) SWAP 0/1982MB (cached 0MB) IRAM 0/252kB(lfb 252kB) CPU [0%@1224,0%@1224,0%@1224,0%@1224] EMC_FREQ 2%@1600 GR3D_FREQ 96%@921 APE 25 PLL@36.5C CPU@38.5C PMIC@50C GPU@38C AO@45.5C thermal@38.25C POM_5V_IN 3074/3849 POM_5V_GPU 1263/1457 POM_5V_CPU 210/506
RAM 1802/3964MB (lfb 107x4MB) SWAP 0/1982MB (cached 0MB) IRAM 0/252kB(lfb 252kB) CPU [0%@1224,7%@1224,0%@1224,0%@1224] EMC_FREQ 2%@1600 GR3D_FREQ 96%@921 APE 25 PLL@36.5C CPU@38.5C PMIC@50C GPU@38.5C AO@45.5C thermal@38.5C POM_5V_IN 3232/3848 POM_5V_GPU 1427/1457 POM_5V_CPU 209/506
RAM 1802/3964MB (lfb 107x4MB) SWAP 0/1982MB (cached 0MB) IRAM 0/252kB(lfb 252kB) CPU [6%@1479,25%@1479,11%@1479,8%@1479] EMC_FREQ 3%@1600 GR3D_FREQ 13%@921 APE 25 PLL@36.5C CPU@38.5C PMIC@50C GPU@38.5C AO@45.5C thermal@38.5C POM_5V_IN 3316/3848 POM_5V_GPU 1007/1457 POM_5V_CPU 629/506
RAM 1802/3964MB (lfb 107x4MB) SWAP 0/1982MB (cached 0MB) IRAM 0/252kB(lfb 252kB) CPU [2%@1224,31%@1224,0%@1224,2%@1224] EMC_FREQ 3%@1600 GR3D_FREQ 99%@921 APE 25 PLL@36.5C CPU@38.5C PMIC@50C GPU@38C AO@45.5C thermal@38.5C POM_5V_IN 3074/3847 POM_5V_GPU 1263/1456 POM_5V_CPU 210/506
RAM 1802/3964MB (lfb 107x4MB) SWAP 0/1982MB (cached 0MB) IRAM 0/252kB(lfb 252kB) CPU [0%@1224,0%@1224,0%@1224,0%@1224] EMC_FREQ 2%@1600 GR3D_FREQ 99%@921 APE 25 PLL@36C CPU@38.5C PMIC@50C GPU@38C AO@45.5C thermal@38.25C POM_5V_IN 3032/3847 POM_5V_GPU 1263/1456 POM_5V_CPU 168/505
RAM 1802/3964MB (lfb 107x4MB) SWAP 0/1982MB (cached 0MB) IRAM 0/252kB(lfb 252kB) CPU [2%@1224,7%@1224,0%@1224,0%@1224] EMC_FREQ 2%@1600 GR3D_FREQ 99%@921 APE 25 PLL@36.5C CPU@38.5C PMIC@50C GPU@38.5C AO@45.5C thermal@38.25C POM_5V_IN 3074/3846 POM_5V_GPU 1263/1456 POM_5V_CPU 168/505
RAM 1802/3964MB (lfb 107x4MB) SWAP 0/1982MB (cached 0MB) IRAM 0/252kB(lfb 252kB) CPU [21%@1224,0%@1224,1%@1224,2%@1224] EMC_FREQ 2%@1600 GR3D_FREQ 48%@921 APE 25 PLL@36.5C CPU@39C PMIC@50C GPU@38C AO@46C thermal@38C POM_5V_IN 3880/3846 POM_5V_GPU 1293/1456 POM_5V_CPU 834/505
RAM 1802/3964MB (lfb 107x4MB) SWAP 0/1982MB (cached 0MB) IRAM 0/252kB(lfb 252kB) CPU [34%@1224,1%@1224,0%@1224,0%@1224] EMC_FREQ 3%@1600 GR3D_FREQ 99%@921 APE 25 PLL@36C CPU@38C PMIC@50C GPU@38.5C AO@45.5C thermal@38.25C POM_5V_IN 3069/3845 POM_5V_GPU 1137/1456 POM_5V_CPU 294/505
RAM 1802/3964MB (lfb 107x4MB) SWAP 0/1982MB (cached 0MB) IRAM 0/252kB(lfb 252kB) CPU [0%@1224,0%@1224,0%@1224,0%@1224] EMC_FREQ 2%@1600 GR3D_FREQ 99%@921 APE 25 PLL@36C CPU@38C PMIC@50C GPU@38C AO@45.5C thermal@38.5C POM_5V_IN 3032/3845 POM_5V_GPU 1263/1456 POM_5V_CPU 168/505
RAM 1802/3964MB (lfb 107x4MB) SWAP 0/1982MB (cached 0MB) IRAM 0/252kB(lfb 252kB) CPU [6%@1224,0%@1224,0%@1224,0%@1224] EMC_FREQ 2%@1600 GR3D_FREQ 99%@921 APE 25 PLL@36C CPU@38.5C PMIC@50C GPU@38C AO@45.5C thermal@38.5C POM_5V_IN 3074/3844 POM_5V_GPU 1263/1455 POM_5V_CPU 168/505
RAM 1802/3964MB (lfb 107x4MB) SWAP 0/1982MB (cached 0MB) IRAM 0/252kB(lfb 252kB) CPU [15%@1224,0%@1224,1%@1224,0%@1224] EMC_FREQ 2%@1600 GR3D_FREQ 55%@921 APE 25 PLL@36.5C CPU@38.5C PMIC@50C GPU@38.5C AO@46C thermal@38.75C POM_5V_IN 3922/3844 POM_5V_GPU 1460/1455 POM_5V_CPU 751/505
RAM 1802/3964MB (lfb 107x4MB) SWAP 0/1982MB (cached 0MB) IRAM 0/252kB(lfb 252kB) CPU [31%@1326,1%@1326,1%@1326,2%@1326] EMC_FREQ 3%@1600 GR3D_FREQ 54%@921 APE 25 PLL@36.5C CPU@39C PMIC@50C GPU@38.5C AO@45.5C thermal@38.75C POM_5V_IN 3557/3844 POM_5V_GPU 1213/1455 POM_5V_CPU 669/505
RAM 1802/3964MB (lfb 107x4MB) SWAP 0/1982MB (cached 0MB) IRAM 0/252kB(lfb 252kB) CPU [2%@1224,4%@1224,0%@1224,0%@1224] EMC_FREQ 2%@1600 GR3D_FREQ 99%@921 APE 25 PLL@36C CPU@38.5C PMIC@50C GPU@38C AO@45.5C thermal@38.5C POM_5V_IN 3074/3843 POM_5V_GPU 1305/1455 POM_5V_CPU 210/505
RAM 1802/3964MB (lfb 107x4MB) SWAP 0/1982MB (cached 0MB) IRAM 0/252kB(lfb 252kB) CPU [0%@1224,7%@1224,0%@1224,0%@1224] EMC_FREQ 2%@1600 GR3D_FREQ 13%@921 APE 25 PLL@36.5C CPU@38C PMIC@50C GPU@38C AO@45C thermal@38.25C POM_5V_IN 3316/3843 POM_5V_GPU 1133/1455 POM_5V_CPU 461/505
RAM 1802/3964MB (lfb 107x4MB) SWAP 0/1982MB (cached 0MB) IRAM 0/252kB(lfb 252kB) CPU [1%@1224,5%@1224,0%@1224,0%@1224] EMC_FREQ 2%@1600 GR3D_FREQ 71%@921 APE 25 PLL@36C CPU@38.5C PMIC@50C GPU@38.5C AO@46C thermal@38C POM_5V_IN 3677/3843 POM_5V_GPU 1504/1455 POM_5V_CPU 459/505
RAM 1802/3964MB (lfb 107x4MB) SWAP 0/1982MB (cached 0MB) IRAM 0/252kB(lfb 252kB) CPU [1%@1224,36%@1224,2%@1224,2%@1224] EMC_FREQ 3%@1600 GR3D_FREQ 99%@921 APE 25 PLL@36.5C CPU@38.5C PMIC@50C GPU@38C AO@45.5C thermal@38.5C POM_5V_IN 3557/3843 POM_5V_GPU 1339/1455 POM_5V_CPU 502/505
RAM 1802/3964MB (lfb 107x4MB) SWAP 0/1982MB (cached 0MB) IRAM 0/252kB(lfb 252kB) CPU [1%@1224,8%@1224,0%@1224,0%@1224] EMC_FREQ 2%@1600 GR3D_FREQ 99%@921 APE 25 PLL@36C CPU@38.5C PMIC@50C GPU@38.5C AO@45.5C thermal@38.25C POM_5V_IN 2989/3842 POM_5V_GPU 1221/1455 POM_5V_CPU 168/505
RAM 1802/3964MB (lfb 107x4MB) SWAP 0/1982MB (cached 0MB) IRAM 0/252kB(lfb 252kB) CPU [0%@1224,3%@1224,0%@1224,0%@1224] EMC_FREQ 2%@1600 GR3D_FREQ 99%@921 APE 25 PLL@36.5C CPU@38.5C PMIC@50C GPU@38C AO@45.5C thermal@38C POM_5V_IN 3153/3841 POM_5V_GPU 1135/1454 POM_5V_CPU 336/504
RAM 1802/3964MB (lfb 107x4MB) SWAP 0/1982MB (cached 0MB) IRAM 0/252kB(lfb 252kB) CPU [1%@1224,8%@1224,0%@1224,0%@1224] EMC_FREQ 2%@1600 GR3D_FREQ 99%@921 APE 25 PLL@36C CPU@38C PMIC@50C GPU@38C AO@45.5C thermal@38.25C POM_5V_IN 3195/3841 POM_5V_GPU 1303/1454 POM_5V_CPU 251/504
RAM 1802/3964MB (lfb 107x4MB) SWAP 0/1982MB (cached 0MB) IRAM 0/252kB(lfb 252kB) CPU [1%@1224,35%@1224,1%@1224,1%@1224] EMC_FREQ 3%@1600 GR3D_FREQ 28%@921 APE 25 PLL@36.5C CPU@38.5C PMIC@50C GPU@38C AO@45.5C thermal@38.5C POM_5V_IN 3557/3841 POM_5V_GPU 1171/1454 POM_5V_CPU 670/504
RAM 1802/3964MB (lfb 107x4MB) SWAP 0/1982MB (cached 0MB) IRAM 0/252kB(lfb 252kB) CPU [1%@1224,9%@1224,0%@1224,0%@1224] EMC_FREQ 2%@1600 GR3D_FREQ 99%@921 APE 25 PLL@36C CPU@38.5C PMIC@50C GPU@38C AO@45.5C thermal@38C POM_5V_IN 2989/3840 POM_5V_GPU 1221/1454 POM_5V_CPU 168/504
RAM 1802/3964MB (lfb 107x4MB) SWAP 0/1982MB (cached 0MB) IRAM 0/252kB(lfb 252kB) CPU [1%@1224,0%@1224,0%@1224,0%@1224] EMC_FREQ 2%@1600 GR3D_FREQ 99%@921 APE 25 PLL@36C CPU@38.5C PMIC@50C GPU@38C AO@45.5C thermal@38C POM_5V_IN 3111/3839 POM_5V_GPU 1261/1454 POM_5V_CPU 252/504
RAM 1802/3964MB (lfb 107x4MB) SWAP 0/1982MB (cached 0MB) IRAM 0/252kB(lfb 252kB) CPU [0%@1224,7%@1224,0%@1224,0%@1224] EMC_FREQ 2%@1600 GR3D_FREQ 96%@921 APE 25 PLL@36C CPU@38.5C PMIC@50C GPU@38C AO@45.5C thermal@38.25C POM_5V_IN 3274/3839 POM_5V_GPU 1343/1454 POM_5V_CPU 293/504
RAM 1802/3964MB (lfb 107x4MB) SWAP 0/1982MB (cached 0MB) IRAM 0/252kB(lfb 252kB) CPU [2%@1224,33%@1224,1%@1224,1%@1224] EMC_FREQ 3%@1600 GR3D_FREQ 88%@921 APE 25 PLL@36.5C CPU@39C PMIC@50C GPU@38C AO@45.5C thermal@38.25C POM_5V_IN 3719/3839 POM_5V_GPU 1462/1454 POM_5V_CPU 543/504
RAM 1802/3964MB (lfb 107x4MB) SWAP 0/1982MB (cached 0MB) IRAM 0/252kB(lfb 252kB) CPU [18%@1224,2%@1224,1%@1224,0%@1224] EMC_FREQ 2%@1600 GR3D_FREQ 99%@921 APE 25 PLL@36C CPU@38.5C PMIC@50C GPU@38C AO@45.5C thermal@38.25C POM_5V_IN 3032/3838 POM_5V_GPU 1221/1453 POM_5V_CPU 210/504
RAM 1802/3964MB (lfb 107x4MB) SWAP 0/1982MB (cached 0MB) IRAM 0/252kB(lfb 252kB) CPU [1%@1224,0%@1224,0%@1224,0%@1224] EMC_FREQ 2%@1600 GR3D_FREQ 99%@921 APE 25 PLL@36C CPU@38C PMIC@50C GPU@38C AO@46C thermal@38.25C POM_5V_IN 3153/3838 POM_5V_GPU 1345/1453 POM_5V_CPU 210/503
RAM 1802/3964MB (lfb 107x4MB) SWAP 0/1982MB (cached 0MB) IRAM 0/252kB(lfb 252kB) CPU [7%@1224,0%@1224,0%@1224,0%@1224] EMC_FREQ 2%@1600 GR3D_FREQ 99%@921 APE 25 PLL@36.5C CPU@38C PMIC@50C GPU@38C AO@45.5C thermal@38C POM_5V_IN 3232/3837 POM_5V_GPU 1387/1453 POM_5V_CPU 210/503
RAM 1802/3964MB (lfb 107x4MB) SWAP 0/1982MB (cached 0MB) IRAM 0/252kB(lfb 252kB) CPU [31%@1479,0%@1479,1%@1479,1%@1479] EMC_FREQ 2%@1600 GR3D_FREQ 86%@921 APE 25 PLL@36C CPU@38.5C PMIC@50C GPU@38C AO@46C thermal@38.5C POM_5V_IN 3557/3837 POM_5V_GPU 1171/1453 POM_5V_CPU 668/503
RAM 1802/3964MB (lfb 107x4MB) SWAP 0/1982MB (cached 0MB) IRAM 0/252kB(lfb 252kB) CPU [24%@1224,0%@1224,1%@1224,1%@1224] EMC_FREQ 3%@1600 GR3D_FREQ 99%@921 APE 25 PLL@36C CPU@38.5C PMIC@50C GPU@38C AO@45.5C thermal@38.5C POM_5V_IN 2989/3836 POM_5V_GPU 1261/1453 POM_5V_CPU 168/503
RAM 1802/3964MB (lfb 107x4MB) SWAP 0/1982MB (cached 0MB) IRAM 0/252kB(lfb 252kB) CPU [0%@1224,0%@1224,0%@1224,0%@1224] EMC_FREQ 2%@1600 GR3D_FREQ 99%@921 APE 25 PLL@36C CPU@38.5C PMIC@50C GPU@38C AO@45C thermal@38.25C POM_5V_IN 3032/3836 POM_5V_GPU 1263/1453 POM_5V_CPU 168/503
RAM 1802/3964MB (lfb 107x4MB) SWAP 0/1982MB (cached 0MB) IRAM 0/252kB(lfb 252kB) CPU [7%@1224,0%@1224,0%@1224,0%@1224] EMC_FREQ 2%@1600 GR3D_FREQ 99%@921 APE 25 PLL@36.5C CPU@38.5C PMIC@50C GPU@38C AO@45.5C thermal@38.25C POM_5V_IN 3274/3835 POM_5V_GPU 1427/1453 POM_5V_CPU 209/502
RAM 1802/3964MB (lfb 107x4MB) SWAP 0/1982MB (cached 0MB) IRAM 0/252kB(lfb 252kB) CPU [25%@1479,2%@1479,0%@1479,0%@1479] EMC_FREQ 2%@1600 GR3D_FREQ 0%@921 APE 25 PLL@36.5C CPU@39C PMIC@50C GPU@38C AO@45.5C thermal@38.25C POM_5V_IN 3195/3835 POM_5V_GPU 756/1452 POM_5V_CPU 756/503
RAM 1803/3964MB (lfb 107x4MB) SWAP 0/1982MB (cached 0MB) IRAM 0/252kB(lfb 252kB) CPU [33%@1224,7%@1224,8%@1224,5%@1224] EMC_FREQ 3%@1600 GR3D_FREQ 99%@921 APE 25 PLL@36.5C CPU@38.5C PMIC@50C GPU@38C AO@45.5C thermal@38.25C POM_5V_IN 3515/3835 POM_5V_GPU 1257/1452 POM_5V_CPU 585/503
RAM 1802/3964MB (lfb 107x4MB) SWAP 0/1982MB (cached 0MB) IRAM 0/252kB(lfb 252kB) CPU [0%@1224,0%@1224,0%@1224,0%@1224] EMC_FREQ 2%@1600 GR3D_FREQ 99%@921 APE 25 PLL@36.5C CPU@38.5C PMIC@50C GPU@38C AO@45.5C thermal@38.25C POM_5V_IN 3032/3834 POM_5V_GPU 1263/1452 POM_5V_CPU 168/502
RAM 1802/3964MB (lfb 107x4MB) SWAP 0/1982MB (cached 0MB) IRAM 0/252kB(lfb 252kB) CPU [8%@1224,0%@1224,0%@1224,0%@1224] EMC_FREQ 2%@1600 GR3D_FREQ 96%@921 APE 25 PLL@36.5C CPU@38.5C PMIC@50C GPU@38C AO@45.5C thermal@38.25C POM_5V_IN 3111/3833 POM_5V_GPU 1303/1452 POM_5V_CPU 168/502
RAM 1802/3964MB (lfb 107x4MB) SWAP 0/1982MB (cached 0MB) IRAM 0/252kB(lfb 252kB) CPU [12%@1479,1%@1479,0%@1479,0%@1479] EMC_FREQ 2%@1600 GR3D_FREQ 42%@921 APE 25 PLL@36C CPU@39C PMIC@50C GPU@38C AO@46C thermal@38.25C POM_5V_IN 3880/3834 POM_5V_GPU 1335/1452 POM_5V_CPU 834/502
RAM 1802/3964MB (lfb 107x4MB) SWAP 0/1982MB (cached 0MB) IRAM 0/252kB(lfb 252kB) CPU [33%@1224,1%@1224,1%@1224,0%@1224] EMC_FREQ 3%@1600 GR3D_FREQ 96%@921 APE 25 PLL@36.5C CPU@38.5C PMIC@50C GPU@38.5C AO@45.5C thermal@38.25C POM_5V_IN 3316/3833 POM_5V_GPU 1301/1452 POM_5V_CPU 377/502
RAM 1802/3964MB (lfb 107x4MB) SWAP 0/1982MB (cached 0MB) IRAM 0/252kB(lfb 252kB) CPU [11%@1224,0%@1224,0%@1224,0%@1224] EMC_FREQ 2%@1600 GR3D_FREQ 99%@921 APE 25 PLL@36.5C CPU@38.5C PMIC@50C GPU@38C AO@45.5C thermal@38.25C POM_5V_IN 2989/3832 POM_5V_GPU 1221/1451 POM_5V_CPU 168/502
RAM 1803/3964MB (lfb 107x4MB) SWAP 0/1982MB (cached 0MB) IRAM 0/252kB(lfb 252kB) CPU [3%@1479,0%@1479,3%@1479,2%@1479] EMC_FREQ 2%@1600 GR3D_FREQ 33%@921 APE 25 PLL@36C CPU@38.5C PMIC@50C GPU@38C AO@45.5C thermal@38.25C POM_5V_IN 3521/3832 POM_5V_GPU 1006/1451 POM_5V_CPU 838/502
RAM 1802/3964MB (lfb 107x4MB) SWAP 0/1982MB (cached 0MB) IRAM 0/252kB(lfb 252kB) CPU [12%@1224,6%@1224,8%@1224,4%@1224] EMC_FREQ 2%@1600 GR3D_FREQ 61%@921 APE 25 PLL@36C CPU@38.5C PMIC@50C GPU@38C AO@45.5C thermal@38.25C POM_5V_IN 3316/3832 POM_5V_GPU 1217/1451 POM_5V_CPU 419/502
RAM 1802/3964MB (lfb 107x4MB) SWAP 0/1982MB (cached 0MB) IRAM 0/252kB(lfb 252kB) CPU [33%@1224,0%@1224,1%@1224,1%@1224] EMC_FREQ 3%@1600 GR3D_FREQ 85%@921 APE 25 PLL@36.5C CPU@38.5C PMIC@50C GPU@38C AO@46C thermal@38.5C POM_5V_IN 3761/3832 POM_5V_GPU 1460/1451 POM_5V_CPU 584/502
RAM 1802/3964MB (lfb 107x4MB) SWAP 0/1982MB (cached 0MB) IRAM 0/252kB(lfb 252kB) CPU [17%@1224,1%@1224,1%@1224,0%@1224] EMC_FREQ 2%@1600 GR3D_FREQ 99%@921 APE 25 PLL@36.5C CPU@38C PMIC@50C GPU@38C AO@45.5C thermal@38.5C POM_5V_IN 2989/3831 POM_5V_GPU 1221/1451 POM_5V_CPU 168/502
RAM 1802/3964MB (lfb 107x4MB) SWAP 0/1982MB (cached 0MB) IRAM 0/252kB(lfb 252kB) CPU [1%@1224,0%@1224,0%@1224,0%@1224] EMC_FREQ 2%@1600 GR3D_FREQ 97%@921 APE 25 PLL@36.5C CPU@38.5C PMIC@50C GPU@38C AO@45.5C thermal@38C POM_5V_IN 3153/3831 POM_5V_GPU 1303/1451 POM_5V_CPU 210/502
RAM 1802/3964MB (lfb 107x4MB) SWAP 0/1982MB (cached 0MB) IRAM 0/252kB(lfb 252kB) CPU [7%@1224,0%@1224,0%@1224,0%@1224] EMC_FREQ 2%@1600 GR3D_FREQ 99%@921 APE 25 PLL@36C CPU@38.5C PMIC@50C GPU@38C AO@46C thermal@38.25C POM_5V_IN 3195/3830 POM_5V_GPU 1345/1451 POM_5V_CPU 251/502
RAM 1802/3964MB (lfb 107x4MB) SWAP 0/1982MB (cached 0MB) IRAM 0/252kB(lfb 252kB) CPU [27%@1326,0%@1326,1%@1326,0%@1326] EMC_FREQ 2%@1600 GR3D_FREQ 78%@921 APE 25 PLL@36.5C CPU@39C PMIC@50C GPU@38C AO@46C thermal@38.25C POM_5V_IN 3755/3830 POM_5V_GPU 1377/1450 POM_5V_CPU 751/502
RAM 1802/3964MB (lfb 107x4MB) SWAP 0/1982MB (cached 0MB) IRAM 0/252kB(lfb 252kB) CPU [21%@1224,1%@1224,1%@1224,3%@1224] EMC_FREQ 3%@1600 GR3D_FREQ 96%@921 APE 25 PLL@36C CPU@38.5C PMIC@50C GPU@38C AO@45.5C thermal@38.5C POM_5V_IN 3074/3829 POM_5V_GPU 1263/1450 POM_5V_CPU 168/502
RAM 1802/3964MB (lfb 107x4MB) SWAP 0/1982MB (cached 0MB) IRAM 0/252kB(lfb 252kB) CPU [1%@1224,0%@1224,0%@1224,0%@1224] EMC_FREQ 2%@1600 GR3D_FREQ 99%@921 APE 25 PLL@36C CPU@38.5C PMIC@50C GPU@38C AO@45.5C thermal@38C POM_5V_IN 3074/3829 POM_5V_GPU 1261/1450 POM_5V_CPU 210/501
RAM 1802/3964MB (lfb 107x4MB) SWAP 0/1982MB (cached 0MB) IRAM 0/252kB(lfb 252kB) CPU [7%@1224,0%@1224,0%@1224,0%@1224] EMC_FREQ 2%@1600 GR3D_FREQ 96%@921 APE 25 PLL@36.5C CPU@38.5C PMIC@50C GPU@38.5C AO@45.5C thermal@38C POM_5V_IN 3232/3828 POM_5V_GPU 1429/1450 POM_5V_CPU 167/501
RAM 1802/3964MB (lfb 107x4MB) SWAP 0/1982MB (cached 0MB) IRAM 0/252kB(lfb 252kB) CPU [24%@1479,1%@1479,1%@1479,0%@1479] EMC_FREQ 2%@1600 GR3D_FREQ 37%@921 APE 25 PLL@36.5C CPU@38.5C PMIC@50C GPU@38.5C AO@45.5C thermal@38.5C POM_5V_IN 3274/3828 POM_5V_GPU 923/1450 POM_5V_CPU 671/501
RAM 1802/3964MB (lfb 107x4MB) SWAP 0/1982MB (cached 0MB) IRAM 0/252kB(lfb 252kB) CPU [17%@1224,16%@1224,0%@1224,2%@1224] EMC_FREQ 3%@1600 GR3D_FREQ 99%@921 APE 25 PLL@36C CPU@38.5C PMIC@50C GPU@38C AO@45.5C thermal@38.5C POM_5V_IN 3032/3827 POM_5V_GPU 1221/1450 POM_5V_CPU 168/501
RAM 1802/3964MB (lfb 107x4MB) SWAP 0/1982MB (cached 0MB) IRAM 0/252kB(lfb 252kB) CPU [0%@1224,0%@1224,0%@1224,0%@1224] EMC_FREQ 2%@1600 GR3D_FREQ 99%@921 APE 25 PLL@36C CPU@38.5C PMIC@50C GPU@38C AO@45.5C thermal@38.25C POM_5V_IN 3032/3827 POM_5V_GPU 1263/1449 POM_5V_CPU 168/501
RAM 1802/3964MB (lfb 107x4MB) SWAP 0/1982MB (cached 0MB) IRAM 0/252kB(lfb 252kB) CPU [1%@1224,8%@1224,0%@1224,0%@1224] EMC_FREQ 2%@1600 GR3D_FREQ 99%@921 APE 25 PLL@36C CPU@38C PMIC@50C GPU@38.5C AO@45.5C thermal@38.25C POM_5V_IN 3074/3826 POM_5V_GPU 1305/1449 POM_5V_CPU 168/501
RAM 1802/3964MB (lfb 107x4MB) SWAP 0/1982MB (cached 0MB) IRAM 0/252kB(lfb 252kB) CPU [1%@1479,17%@1479,0%@1479,0%@1479] EMC_FREQ 2%@1600 GR3D_FREQ 70%@921 APE 25 PLL@36.5C CPU@38C PMIC@50C GPU@38C AO@45.5C thermal@38.5C POM_5V_IN 3599/3826 POM_5V_GPU 1297/1449 POM_5V_CPU 585/501
RAM 1802/3964MB (lfb 107x4MB) SWAP 0/1982MB (cached 0MB) IRAM 0/252kB(lfb 252kB) CPU [2%@1224,36%@1224,1%@1224,2%@1224] EMC_FREQ 3%@1600 GR3D_FREQ 99%@921 APE 25 PLL@36C CPU@38.5C PMIC@50C GPU@38C AO@45C thermal@38C POM_5V_IN 3111/3826 POM_5V_GPU 1135/1449 POM_5V_CPU 336/500
RAM 1802/3964MB (lfb 107x4MB) SWAP 0/1982MB (cached 0MB) IRAM 0/252kB(lfb 252kB) CPU [0%@1224,0%@1224,0%@1224,0%@1224] EMC_FREQ 2%@1600 GR3D_FREQ 99%@921 APE 25 PLL@36C CPU@38C PMIC@50C GPU@38C AO@45.5C thermal@38C POM_5V_IN 2989/3825 POM_5V_GPU 1303/1449 POM_5V_CPU 168/500
RAM 1802/3964MB (lfb 107x4MB) SWAP 0/1982MB (cached 0MB) IRAM 0/252kB(lfb 252kB) CPU [0%@1224,7%@1224,0%@1224,0%@1224] EMC_FREQ 2%@1600 GR3D_FREQ 99%@921 APE 25 PLL@36C CPU@38C PMIC@50C GPU@37.5C AO@45.5C thermal@38.25C POM_5V_IN 3074/3824 POM_5V_GPU 1263/1449 POM_5V_CPU 210/500
RAM 1802/3964MB (lfb 107x4MB) SWAP 0/1982MB (cached 0MB) IRAM 0/252kB(lfb 252kB) CPU [1%@1224,14%@1224,0%@1224,1%@1224] EMC_FREQ 2%@1600 GR3D_FREQ 79%@921 APE 25 PLL@36.5C CPU@38.5C PMIC@50C GPU@38.5C AO@45.5C thermal@38C POM_5V_IN 3964/3824 POM_5V_GPU 1460/1449 POM_5V_CPU 709/500
RAM 1802/3964MB (lfb 107x4MB) SWAP 0/1982MB (cached 0MB) IRAM 0/252kB(lfb 252kB) CPU [2%@1479,35%@1479,1%@1479,2%@1479] EMC_FREQ 3%@1600 GR3D_FREQ 76%@921 APE 25 PLL@36.5C CPU@38.5C PMIC@50C GPU@38C AO@45C thermal@38.25C POM_5V_IN 3479/3824 POM_5V_GPU 964/1448 POM_5V_CPU 838/500
RAM 1802/3964MB (lfb 107x4MB) SWAP 0/1982MB (cached 0MB) IRAM 0/252kB(lfb 252kB) CPU [0%@1224,1%@1224,0%@1224,0%@1224] EMC_FREQ 2%@1600 GR3D_FREQ 96%@921 APE 25 PLL@36C CPU@38.5C PMIC@50C GPU@38C AO@45C thermal@38C POM_5V_IN 3074/3824 POM_5V_GPU 1263/1448 POM_5V_CPU 210/500
RAM 1802/3964MB (lfb 107x4MB) SWAP 0/1982MB (cached 0MB) IRAM 0/252kB(lfb 252kB) CPU [0%@1224,7%@1224,0%@1224,0%@1224] EMC_FREQ 2%@1600 GR3D_FREQ 99%@921 APE 25 PLL@36C CPU@38C PMIC@50C GPU@38C AO@45C thermal@38C POM_5V_IN 3074/3823 POM_5V_GPU 1221/1448 POM_5V_CPU 210/500
RAM 1802/3964MB (lfb 107x4MB) SWAP 0/1982MB (cached 0MB) IRAM 0/252kB(lfb 252kB) CPU [1%@1479,10%@1479,0%@1479,0%@1479] EMC_FREQ 2%@1600 GR3D_FREQ 37%@921 APE 25 PLL@36.5C CPU@38.5C PMIC@50C GPU@38C AO@45.5C thermal@38.25C POM_5V_IN 3797/3823 POM_5V_GPU 1335/1448 POM_5V_CPU 791/500
RAM 1802/3964MB (lfb 107x4MB) SWAP 0/1982MB (cached 0MB) IRAM 0/252kB(lfb 252kB) CPU [2%@1224,33%@1224,1%@1224,2%@1224] EMC_FREQ 3%@1600 GR3D_FREQ 84%@921 APE 25 PLL@36.5C CPU@38.5C PMIC@50C GPU@38C AO@45.5C thermal@38.25C POM_5V_IN 3316/3823 POM_5V_GPU 1301/1448 POM_5V_CPU 335/500
RAM 1803/3964MB (lfb 107x4MB) SWAP 0/1982MB (cached 0MB) IRAM 0/252kB(lfb 252kB) CPU [3%@1224,11%@1224,0%@1224,0%@1224] EMC_FREQ 2%@1600 GR3D_FREQ 99%@921 APE 25 PLL@36C CPU@38.5C PMIC@50C GPU@38C AO@45.5C thermal@38C POM_5V_IN 3316/3822 POM_5V_GPU 1301/1448 POM_5V_CPU 419/500
RAM 1802/3964MB (lfb 107x4MB) SWAP 0/1982MB (cached 0MB) IRAM 0/252kB(lfb 252kB) CPU [4%@1224,14%@1224,2%@1224,7%@1224] EMC_FREQ 2%@1600 GR3D_FREQ 27%@921 APE 25 PLL@36.5C CPU@38C PMIC@50C GPU@38C AO@45C thermal@38.5C POM_5V_IN 3274/3822 POM_5V_GPU 1133/1448 POM_5V_CPU 461/500
RAM 1802/3964MB (lfb 107x4MB) SWAP 0/1982MB (cached 0MB) IRAM 0/252kB(lfb 252kB) CPU [1%@1224,5%@1224,0%@1224,0%@1224] EMC_FREQ 2%@1600 GR3D_FREQ 61%@921 APE 25 PLL@36.5C CPU@38.5C PMIC@50C GPU@38C AO@45.5C thermal@38.25C POM_5V_IN 3677/3822 POM_5V_GPU 1506/1448 POM_5V_CPU 502/500
RAM 1802/3964MB (lfb 107x4MB) SWAP 0/1982MB (cached 0MB) IRAM 0/252kB(lfb 252kB) CPU [2%@1224,37%@1224,2%@1224,1%@1224] EMC_FREQ 3%@1600 GR3D_FREQ 99%@921 APE 25 PLL@36C CPU@38.5C PMIC@50C GPU@38C AO@45.5C thermal@38.25C POM_5V_IN 3515/3822 POM_5V_GPU 1341/1448 POM_5V_CPU 461/500
RAM 1802/3964MB (lfb 107x4MB) SWAP 0/1982MB (cached 0MB) IRAM 0/252kB(lfb 252kB) CPU [1%@1224,9%@1224,0%@1224,0%@1224] EMC_FREQ 2%@1600 GR3D_FREQ 99%@921 APE 25 PLL@36C CPU@38.5C PMIC@50C GPU@38C AO@46C thermal@38C POM_5V_IN 3111/3821 POM_5V_GPU 1427/1448 POM_5V_CPU 167/500
RAM 1802/3964MB (lfb 107x4MB) SWAP 0/1982MB (cached 0MB) IRAM 0/252kB(lfb 252kB) CPU [0%@1224,5%@1224,0%@1224,0%@1224] EMC_FREQ 2%@1600 GR3D_FREQ 99%@921 APE 25 PLL@36C CPU@38.5C PMIC@50C GPU@38C AO@45C thermal@38.25C POM_5V_IN 3074/3820 POM_5V_GPU 1094/1447 POM_5V_CPU 336/500
RAM 1802/3964MB (lfb 107x4MB) SWAP 0/1982MB (cached 0MB) IRAM 0/252kB(lfb 252kB) CPU [0%@1224,8%@1224,0%@1224,0%@1224] EMC_FREQ 2%@1600 GR3D_FREQ 99%@921 APE 25 PLL@36C CPU@38.5C PMIC@50C GPU@38C AO@45C thermal@38.25C POM_5V_IN 3274/3820 POM_5V_GPU 1259/1447 POM_5V_CPU 377/499
RAM 1802/3964MB (lfb 107x4MB) SWAP 0/1982MB (cached 0MB) IRAM 0/252kB(lfb 252kB) CPU [2%@1224,33%@1224,1%@1224,0%@1224] EMC_FREQ 3%@1600 GR3D_FREQ 92%@921 APE 25 PLL@36.5C CPU@38.5C PMIC@50C GPU@38C AO@45.5C thermal@38.5C POM_5V_IN 3677/3820 POM_5V_GPU 1504/1447 POM_5V_CPU 459/499
RAM 1802/3964MB (lfb 107x4MB) SWAP 0/1982MB (cached 0MB) IRAM 0/252kB(lfb 252kB) CPU [2%@1224,15%@1224,1%@1224,1%@1224] EMC_FREQ 2%@1600 GR3D_FREQ 99%@921 APE 25 PLL@36C CPU@38.5C PMIC@50C GPU@38C AO@45C thermal@38.5C POM_5V_IN 2989/3819 POM_5V_GPU 1221/1447 POM_5V_CPU 168/499
RAM 1802/3964MB (lfb 107x4MB) SWAP 0/1982MB (cached 0MB) IRAM 0/252kB(lfb 252kB) CPU [0%@1224,1%@1224,0%@1224,0%@1224] EMC_FREQ 2%@1600 GR3D_FREQ 96%@921 APE 25 PLL@36C CPU@38C PMIC@50C GPU@38C AO@45.5C thermal@38C POM_5V_IN 3069/3819 POM_5V_GPU 1263/1447 POM_5V_CPU 210/499
RAM 1802/3964MB (lfb 107x4MB) SWAP 0/1982MB (cached 0MB) IRAM 0/252kB(lfb 252kB) CPU [0%@1224,6%@1224,0%@1224,0%@1224] EMC_FREQ 2%@1600 GR3D_FREQ 97%@921 APE 25 PLL@36C CPU@38.5C PMIC@50C GPU@38C AO@45.5C thermal@38C POM_5V_IN 3358/3818 POM_5V_GPU 1511/1447 POM_5V_CPU 167/499
RAM 1802/3964MB (lfb 107x4MB) SWAP 0/1982MB (cached 0MB) IRAM 0/252kB(lfb 252kB) CPU [2%@1224,21%@1224,0%@1224,1%@1224] EMC_FREQ 2%@1600 GR3D_FREQ 99%@921 APE 25 PLL@36.5C CPU@38.5C PMIC@50C GPU@38C AO@45.5C thermal@38.25C POM_5V_IN 3515/3818 POM_5V_GPU 1467/1447 POM_5V_CPU 377/499
RAM 1802/3964MB (lfb 107x4MB) SWAP 0/1982MB (cached 0MB) IRAM 0/252kB(lfb 252kB) CPU [2%@1224,31%@1224,1%@1224,1%@1224] EMC_FREQ 3%@1600 GR3D_FREQ 99%@921 APE 25 PLL@36C CPU@38C PMIC@50C GPU@38.5C AO@45.5C thermal@38.25C POM_5V_IN 3074/3818 POM_5V_GPU 1305/1447 POM_5V_CPU 210/498
RAM 1802/3964MB (lfb 107x4MB) SWAP 0/1982MB (cached 0MB) IRAM 0/252kB(lfb 252kB) CPU [1%@1224,24%@1224,0%@1224,1%@1224] EMC_FREQ 3%@1600 GR3D_FREQ 99%@921 APE 25 PLL@36C CPU@38.5C PMIC@50C GPU@38C AO@45.5C thermal@38.25C POM_5V_IN 3557/3817 POM_5V_GPU 1423/1447 POM_5V_CPU 460/498
RAM 1802/3964MB (lfb 107x4MB) SWAP 0/1982MB (cached 0MB) IRAM 0/252kB(lfb 252kB) CPU [2%@1224,36%@1224,2%@1224,0%@1224] EMC_FREQ 3%@1600 GR3D_FREQ 99%@921 APE 25 PLL@36.5C CPU@38.5C PMIC@50C GPU@38.5C AO@45.5C thermal@38.25C POM_5V_IN 3074/3817 POM_5V_GPU 1179/1447 POM_5V_CPU 294/498
RAM 1815/3964MB (lfb 107x4MB) SWAP 0/1982MB (cached 0MB) IRAM 0/252kB(lfb 252kB) CPU [8%@1479,53%@1479,8%@1479,11%@1479] EMC_FREQ 3%@1600 GR3D_FREQ 94%@921 APE 25 PLL@36.5C CPU@38.5C PMIC@50C GPU@38.5C AO@45.5C thermal@39C POM_5V_IN 3958/3817 POM_5V_GPU 1291/1446 POM_5V_CPU 958/499
RAM 1802/3964MB (lfb 107x4MB) SWAP 0/1982MB (cached 0MB) IRAM 0/252kB(lfb 252kB) CPU [7%@1224,50%@1224,7%@1224,4%@1224] EMC_FREQ 3%@1600 GR3D_FREQ 99%@921 APE 25 PLL@36C CPU@38C PMIC@50C GPU@38.5C AO@45.5C thermal@38C POM_5V_IN 3074/3816 POM_5V_GPU 1303/1446 POM_5V_CPU 168/498
RAM 1802/3964MB (lfb 107x4MB) SWAP 0/1982MB (cached 0MB) IRAM 0/252kB(lfb 252kB) CPU [1%@1224,14%@1224,2%@1224,0%@1224] EMC_FREQ 3%@1600 GR3D_FREQ 54%@921 APE 25 PLL@36.5C CPU@38.5C PMIC@50C GPU@38.5C AO@45.5C thermal@38.25C POM_5V_IN 3922/3817 POM_5V_GPU 1460/1446 POM_5V_CPU 667/498
RAM 1802/3964MB (lfb 107x4MB) SWAP 0/1982MB (cached 0MB) IRAM 0/252kB(lfb 252kB) CPU [1%@1224,32%@1224,2%@1224,1%@1224] EMC_FREQ 3%@1600 GR3D_FREQ 66%@921 APE 25 PLL@36.5C CPU@38C PMIC@50C GPU@38.5C AO@45.5C thermal@38.25C POM_5V_IN 3479/3816 POM_5V_GPU 1131/1446 POM_5V_CPU 670/499
RAM 1802/3964MB (lfb 107x4MB) SWAP 0/1982MB (cached 0MB) IRAM 0/252kB(lfb 252kB) CPU [2%@1224,6%@1224,0%@1224,0%@1224] EMC_FREQ 3%@1600 GR3D_FREQ 99%@921 APE 25 PLL@36C CPU@38C PMIC@50C GPU@38.5C AO@45.5C thermal@38.25C POM_5V_IN 3032/3816 POM_5V_GPU 1263/1446 POM_5V_CPU 168/498
RAM 1802/3964MB (lfb 107x4MB) SWAP 0/1982MB (cached 0MB) IRAM 0/252kB(lfb 252kB) CPU [0%@1224,7%@1224,0%@1224,0%@1224] EMC_FREQ 2%@1600 GR3D_FREQ 99%@921 APE 25 PLL@36C CPU@38C PMIC@50C GPU@38C AO@45.5C thermal@38.25C POM_5V_IN 3074/3815 POM_5V_GPU 1221/1446 POM_5V_CPU 210/498
RAM 1802/3964MB (lfb 107x4MB) SWAP 0/1982MB (cached 0MB) IRAM 0/252kB(lfb 252kB) CPU [0%@1224,7%@1224,0%@1224,1%@1224] EMC_FREQ 2%@1600 GR3D_FREQ 67%@921 APE 25 PLL@36C CPU@38C PMIC@50C GPU@38.5C AO@45.5C thermal@38C POM_5V_IN 3838/3815 POM_5V_GPU 1502/1446 POM_5V_CPU 625/498
RAM 1802/3964MB (lfb 107x4MB) SWAP 0/1982MB (cached 0MB) IRAM 0/252kB(lfb 252kB) CPU [2%@1224,34%@1224,1%@1224,1%@1224] EMC_FREQ 3%@1600 GR3D_FREQ 96%@921 APE 25 PLL@36.5C CPU@38.5C PMIC@50C GPU@38C AO@45.5C thermal@38.5C POM_5V_IN 3237/3815 POM_5V_GPU 1303/1446 POM_5V_CPU 293/498
RAM 1802/3964MB (lfb 107x4MB) SWAP 0/1982MB (cached 0MB) IRAM 0/252kB(lfb 252kB) CPU [1%@1224,8%@1224,0%@1224,0%@1224] EMC_FREQ 2%@1600 GR3D_FREQ 99%@921 APE 25 PLL@36.5C CPU@38C PMIC@50C GPU@38C AO@45.5C thermal@38.5C POM_5V_IN 3032/3814 POM_5V_GPU 1303/1446 POM_5V_CPU 168/498
RAM 1802/3964MB (lfb 107x4MB) SWAP 0/1982MB (cached 0MB) IRAM 0/252kB(lfb 252kB) CPU [1%@1224,7%@1224,0%@1224,0%@1224] EMC_FREQ 2%@1600 GR3D_FREQ 44%@921 APE 25 PLL@36.5C CPU@38.5C PMIC@50C GPU@38C AO@45.5C thermal@38C POM_5V_IN 3316/3814 POM_5V_GPU 1133/1445 POM_5V_CPU 461/498
RAM 1802/3964MB (lfb 107x4MB) SWAP 0/1982MB (cached 0MB) IRAM 0/252kB(lfb 252kB) CPU [0%@1224,6%@1224,0%@1224,0%@1224] EMC_FREQ 2%@1600 GR3D_FREQ 76%@921 APE 25 PLL@36.5C CPU@38C PMIC@50C GPU@38C AO@45.5C thermal@38C POM_5V_IN 3641/3814 POM_5V_GPU 1506/1445 POM_5V_CPU 417/498
RAM 1802/3964MB (lfb 107x4MB) SWAP 0/1982MB (cached 0MB) IRAM 0/252kB(lfb 252kB) CPU [2%@1224,38%@1224,1%@1224,1%@1224] EMC_FREQ 3%@1600 GR3D_FREQ 98%@921 APE 25 PLL@36.5C CPU@38.5C PMIC@50C GPU@38.5C AO@45C thermal@38.25C POM_5V_IN 3515/3813 POM_5V_GPU 1341/1445 POM_5V_CPU 503/498
RAM 1802/3964MB (lfb 107x4MB) SWAP 0/1982MB (cached 0MB) IRAM 0/252kB(lfb 252kB) CPU [0%@1224,8%@1224,0%@1224,0%@1224] EMC_FREQ 2%@1600 GR3D_FREQ 99%@921 APE 25 PLL@36.5C CPU@38C PMIC@50C GPU@38C AO@45.5C thermal@38C POM_5V_IN 2989/3813 POM_5V_GPU 1221/1445 POM_5V_CPU 168/498
RAM 1802/3964MB (lfb 107x4MB) SWAP 0/1982MB (cached 0MB) IRAM 0/252kB(lfb 252kB) CPU [1%@1224,4%@1224,0%@1224,0%@1224] EMC_FREQ 2%@1600 GR3D_FREQ 99%@921 APE 25 PLL@36.5C CPU@38.5C PMIC@50C GPU@38C AO@45C thermal@38C POM_5V_IN 3032/3812 POM_5V_GPU 1094/1445 POM_5V_CPU 294/497
RAM 1802/3964MB (lfb 107x4MB) SWAP 0/1982MB (cached 0MB) IRAM 0/252kB(lfb 252kB) CPU [5%@1224,3%@1224,0%@1224,0%@1224] EMC_FREQ 2%@1600 GR3D_FREQ 99%@921 APE 25 PLL@36.5C CPU@38.5C PMIC@50C GPU@38C AO@45.5C thermal@38.25C POM_5V_IN 3237/3812 POM_5V_GPU 1303/1445 POM_5V_CPU 251/497
RAM 1802/3964MB (lfb 107x4MB) SWAP 0/1982MB (cached 0MB) IRAM 0/252kB(lfb 252kB) CPU [37%@1224,1%@1224,1%@1224,0%@1224] EMC_FREQ 3%@1600 GR3D_FREQ 44%@921 APE 25 PLL@36.5C CPU@38.5C PMIC@50C GPU@38C AO@46C thermal@38.25C POM_5V_IN 3755/3812 POM_5V_GPU 1377/1445 POM_5V_CPU 709/497
RAM 1803/3964MB (lfb 107x4MB) SWAP 0/1982MB (cached 0MB) IRAM 0/252kB(lfb 252kB) CPU [9%@1224,17%@1224,7%@1224,9%@1224] EMC_FREQ 3%@1600 GR3D_FREQ 99%@921 APE 25 PLL@36.5C CPU@38C PMIC@50C GPU@38C AO@45.5C thermal@38.25C POM_5V_IN 2989/3811 POM_5V_GPU 1221/1445 POM_5V_CPU 168/497
RAM 1803/3964MB (lfb 107x4MB) SWAP 0/1982MB (cached 0MB) IRAM 0/252kB(lfb 252kB) CPU [0%@1224,0%@1224,0%@1224,0%@1224] EMC_FREQ 2%@1600 GR3D_FREQ 99%@921 APE 25 PLL@36C CPU@38C PMIC@50C GPU@38C AO@45C thermal@38C POM_5V_IN 3032/3811 POM_5V_GPU 1263/1445 POM_5V_CPU 168/497
RAM 1803/3964MB (lfb 107x4MB) SWAP 0/1982MB (cached 0MB) IRAM 0/252kB(lfb 252kB) CPU [1%@1224,7%@1224,0%@1224,0%@1224] EMC_FREQ 2%@1600 GR3D_FREQ 95%@921 APE 25 PLL@36.5C CPU@38C PMIC@50C GPU@38C AO@45.5C thermal@38C POM_5V_IN 3153/3810 POM_5V_GPU 1303/1444 POM_5V_CPU 168/497
RAM 1803/3964MB (lfb 107x4MB) SWAP 0/1982MB (cached 0MB) IRAM 0/252kB(lfb 252kB) CPU [0%@1224,9%@1224,0%@1224,0%@1224] EMC_FREQ 2%@1600 GR3D_FREQ 74%@921 APE 25 PLL@36C CPU@38.5C PMIC@50C GPU@38C AO@45C thermal@38.25C POM_5V_IN 3755/3810 POM_5V_GPU 1460/1444 POM_5V_CPU 625/497
RAM 1803/3964MB (lfb 107x4MB) SWAP 0/1982MB (cached 0MB) IRAM 0/252kB(lfb 252kB) CPU [2%@1224,34%@1224,0%@1224,0%@1224] EMC_FREQ 3%@1600 GR3D_FREQ 99%@921 APE 25 PLL@36.5C CPU@38C PMIC@50C GPU@38.5C AO@45C thermal@38C POM_5V_IN 3479/3810 POM_5V_GPU 1341/1444 POM_5V_CPU 461/497
RAM 1803/3964MB (lfb 107x4MB) SWAP 0/1982MB (cached 0MB) IRAM 0/252kB(lfb 252kB) CPU [1%@1224,9%@1224,0%@1224,1%@1224] EMC_FREQ 2%@1600 GR3D_FREQ 99%@921 APE 25 PLL@36C CPU@38.5C PMIC@50C GPU@38C AO@45C thermal@38.25C POM_5V_IN 2989/3809 POM_5V_GPU 1221/1444 POM_5V_CPU 126/496
RAM 1803/3964MB (lfb 107x4MB) SWAP 0/1982MB (cached 0MB) IRAM 0/252kB(lfb 252kB) CPU [0%@1224,4%@1224,0%@1224,0%@1224] EMC_FREQ 2%@1600 GR3D_FREQ 99%@921 APE 25 PLL@36.5C CPU@38C PMIC@50C GPU@38C AO@45C thermal@38C POM_5V_IN 3032/3809 POM_5V_GPU 1052/1444 POM_5V_CPU 336/496
RAM 1803/3964MB (lfb 107x4MB) SWAP 0/1982MB (cached 0MB) IRAM 0/252kB(lfb 252kB) CPU [0%@1224,7%@1224,0%@1224,0%@1224] EMC_FREQ 2%@1600 GR3D_FREQ 99%@921 APE 25 PLL@36C CPU@38.5C PMIC@50C GPU@38C AO@45.5C thermal@38C POM_5V_IN 3232/3808 POM_5V_GPU 1261/1444 POM_5V_CPU 335/496
RAM 1803/3964MB (lfb 107x4MB) SWAP 0/1982MB (cached 0MB) IRAM 0/252kB(lfb 252kB) CPU [33%@1224,1%@1224,1%@1224,1%@1224] EMC_FREQ 3%@1600 GR3D_FREQ 47%@921 APE 25 PLL@36C CPU@38.5C PMIC@50C GPU@38C AO@45C thermal@38.25C POM_5V_IN 3761/3808 POM_5V_GPU 1420/1444 POM_5V_CPU 626/496
RAM 1803/3964MB (lfb 107x4MB) SWAP 0/1982MB (cached 0MB) IRAM 0/252kB(lfb 252kB) CPU [15%@1224,0%@1224,1%@1224,0%@1224] EMC_FREQ 2%@1600 GR3D_FREQ 99%@921 APE 25 PLL@36C CPU@38C PMIC@50C GPU@38C AO@45C thermal@38C POM_5V_IN 2989/3808 POM_5V_GPU 1221/1444 POM_5V_CPU 168/496
RAM 1803/3964MB (lfb 107x4MB) SWAP 0/1982MB (cached 0MB) IRAM 0/252kB(lfb 252kB) CPU [1%@1224,0%@1224,0%@1224,0%@1224] EMC_FREQ 2%@1600 GR3D_FREQ 99%@921 APE 25 PLL@36C CPU@38C PMIC@50C GPU@38C AO@45.5C thermal@38C POM_5V_IN 3074/3807 POM_5V_GPU 1263/1443 POM_5V_CPU 210/496
RAM 1803/3964MB (lfb 107x4MB) SWAP 0/1982MB (cached 0MB) IRAM 0/252kB(lfb 252kB) CPU [3%@1479,6%@1479,0%@1479,0%@1479] EMC_FREQ 2%@1600 GR3D_FREQ 95%@921 APE 25 PLL@36C CPU@38C PMIC@50C GPU@38C AO@45C thermal@37.75C POM_5V_IN 3153/3807 POM_5V_GPU 1051/1443 POM_5V_CPU 504/496
RAM 1803/3964MB (lfb 107x4MB) SWAP 0/1982MB (cached 0MB) IRAM 0/252kB(lfb 252kB) CPU [3%@1224,35%@1224,1%@1224,1%@1224] EMC_FREQ 3%@1600 GR3D_FREQ 85%@921 APE 25 PLL@36.5C CPU@38.5C PMIC@50C GPU@38.5C AO@45.5C thermal@38.25C POM_5V_IN 3880/3807 POM_5V_GPU 1502/1443 POM_5V_CPU 667/496
RAM 1803/3964MB (lfb 107x4MB) SWAP 0/1982MB (cached 0MB) IRAM 0/252kB(lfb 252kB) CPU [1%@1224,14%@1224,0%@1224,1%@1224] EMC_FREQ 2%@1600 GR3D_FREQ 99%@921 APE 25 PLL@36C CPU@38C PMIC@50C GPU@38C AO@45C thermal@38.25C POM_5V_IN 2989/3806 POM_5V_GPU 1221/1443 POM_5V_CPU 168/496
RAM 1803/3964MB (lfb 107x4MB) SWAP 0/1982MB (cached 0MB) IRAM 0/252kB(lfb 252kB) CPU [0%@1224,1%@1224,0%@1224,0%@1224] EMC_FREQ 2%@1600 GR3D_FREQ 96%@921 APE 25 PLL@36.5C CPU@38C PMIC@50C GPU@38C AO@45C thermal@38C POM_5V_IN 3153/3806 POM_5V_GPU 1345/1443 POM_5V_CPU 252/496
RAM 1803/3964MB (lfb 107x4MB) SWAP 0/1982MB (cached 0MB) IRAM 0/252kB(lfb 252kB) CPU [1%@1224,7%@1224,0%@1224,0%@1224] EMC_FREQ 2%@1600 GR3D_FREQ 96%@921 APE 25 PLL@36.5C CPU@38C PMIC@50C GPU@38C AO@45C thermal@38C POM_5V_IN 3195/3805 POM_5V_GPU 1345/1443 POM_5V_CPU 252/495
RAM 1802/3964MB (lfb 107x4MB) SWAP 0/1982MB (cached 0MB) IRAM 0/252kB(lfb 252kB) CPU [3%@1479,29%@1479,2%@1479,1%@1479] EMC_FREQ 2%@1600 GR3D_FREQ 58%@921 APE 25 PLL@36.5C CPU@38.5C PMIC@50C GPU@38C AO@45.5C thermal@38C POM_5V_IN 3719/3805 POM_5V_GPU 1211/1443 POM_5V_CPU 794/496
RAM 1802/3964MB (lfb 107x4MB) SWAP 0/1982MB (cached 0MB) IRAM 0/252kB(lfb 252kB) CPU [6%@1224,17%@1224,0%@1224,1%@1224] EMC_FREQ 3%@1600 GR3D_FREQ 99%@921 APE 25 PLL@36C CPU@38.5C PMIC@50C GPU@38C AO@45C thermal@38C POM_5V_IN 2989/3805 POM_5V_GPU 1221/1443 POM_5V_CPU 168/495
RAM 1802/3964MB (lfb 107x4MB) SWAP 0/1982MB (cached 0MB) IRAM 0/252kB(lfb 252kB) CPU [1%@1224,0%@1224,0%@1224,0%@1224] EMC_FREQ 2%@1600 GR3D_FREQ 97%@921 APE 25 PLL@36.5C CPU@38.5C PMIC@50C GPU@38C AO@45.5C thermal@38.25C POM_5V_IN 3153/3804 POM_5V_GPU 1345/1442 POM_5V_CPU 168/495
RAM 1802/3964MB (lfb 107x4MB) SWAP 0/1982MB (cached 0MB) IRAM 0/252kB(lfb 252kB) CPU [7%@1224,0%@1224,0%@1224,0%@1224] EMC_FREQ 2%@1600 GR3D_FREQ 96%@921 APE 25 PLL@36C CPU@38.5C PMIC@50C GPU@38C AO@45.5C thermal@38C POM_5V_IN 3232/3804 POM_5V_GPU 1387/1442 POM_5V_CPU 168/495
RAM 1802/3964MB (lfb 107x4MB) SWAP 0/1982MB (cached 0MB) IRAM 0/252kB(lfb 252kB) CPU [27%@1479,0%@1479,1%@1479,1%@1479] EMC_FREQ 2%@1600 GR3D_FREQ 0%@921 APE 25 PLL@36.5C CPU@38.5C PMIC@50C GPU@38.5C AO@46C thermal@38.25C POM_5V_IN 3479/3803 POM_5V_GPU 1089/1442 POM_5V_CPU 711/495
RAM 1802/3964MB (lfb 107x4MB) SWAP 0/1982MB (cached 0MB) IRAM 0/252kB(lfb 252kB) CPU [25%@1224,0%@1224,1%@1224,1%@1224] EMC_FREQ 3%@1600 GR3D_FREQ 99%@921 APE 25 PLL@36C CPU@38C PMIC@50C GPU@38C AO@45C thermal@38C POM_5V_IN 2989/3803 POM_5V_GPU 1221/1442 POM_5V_CPU 168/495
RAM 1802/3964MB (lfb 107x4MB) SWAP 0/1982MB (cached 0MB) IRAM 0/252kB(lfb 252kB) CPU [1%@1224,0%@1224,0%@1224,0%@1224] EMC_FREQ 2%@1600 GR3D_FREQ 99%@921 APE 25 PLL@36C CPU@38C PMIC@50C GPU@38C AO@45C thermal@38.25C POM_5V_IN 3032/3802 POM_5V_GPU 1263/1442 POM_5V_CPU 168/495
RAM 1802/3964MB (lfb 107x4MB) SWAP 0/1982MB (cached 0MB) IRAM 0/252kB(lfb 252kB) CPU [8%@1224,0%@1224,0%@1224,0%@1224] EMC_FREQ 2%@1600 GR3D_FREQ 99%@921 APE 25 PLL@36.5C CPU@38.5C PMIC@50C GPU@38C AO@45C thermal@38.25C POM_5V_IN 3032/3802 POM_5V_GPU 1263/1442 POM_5V_CPU 126/494
RAM 1802/3964MB (lfb 107x4MB) SWAP 0/1982MB (cached 0MB) IRAM 0/252kB(lfb 252kB) CPU [20%@1224,0%@1224,1%@1224,1%@1224] EMC_FREQ 2%@1600 GR3D_FREQ 96%@921 APE 25 PLL@36.5C CPU@39C PMIC@50C GPU@38C AO@45.5C thermal@38.75C POM_5V_IN 3838/3802 POM_5V_GPU 1418/1442 POM_5V_CPU 667/494
RAM 1802/3964MB (lfb 107x4MB) SWAP 0/1982MB (cached 0MB) IRAM 0/252kB(lfb 252kB) CPU [30%@1224,1%@1224,1%@1224,0%@1224] EMC_FREQ 3%@1600 GR3D_FREQ 99%@921 APE 25 PLL@36.5C CPU@38.5C PMIC@50C GPU@38C AO@45.5C thermal@38.25C POM_5V_IN 3190/3801 POM_5V_GPU 1385/1442 POM_5V_CPU 209/494
RAM 1802/3964MB (lfb 107x4MB) SWAP 0/1982MB (cached 0MB) IRAM 0/252kB(lfb 252kB) CPU [2%@1224,0%@1224,0%@1224,0%@1224] EMC_FREQ 2%@1600 GR3D_FREQ 99%@921 APE 25 PLL@36.5C CPU@38.5C PMIC@50C GPU@38C AO@45C thermal@38C POM_5V_IN 3032/3801 POM_5V_GPU 1263/1442 POM_5V_CPU 168/494
RAM 1802/3964MB (lfb 107x4MB) SWAP 0/1982MB (cached 0MB) IRAM 0/252kB(lfb 252kB) CPU [7%@1224,0%@1224,0%@1224,0%@1224] EMC_FREQ 2%@1600 GR3D_FREQ 99%@921 APE 25 PLL@36.5C CPU@38.5C PMIC@50C GPU@38.5C AO@45C thermal@38C POM_5V_IN 3032/3800 POM_5V_GPU 1263/1441 POM_5V_CPU 168/494
RAM 1802/3964MB (lfb 107x4MB) SWAP 0/1982MB (cached 0MB) IRAM 0/252kB(lfb 252kB) CPU [14%@1224,0%@1224,0%@1224,1%@1224] EMC_FREQ 2%@1600 GR3D_FREQ 99%@921 APE 25 PLL@36C CPU@38C PMIC@50C GPU@38.5C AO@45.5C thermal@38C POM_5V_IN 3358/3800 POM_5V_GPU 1343/1441 POM_5V_CPU 335/494
RAM 1802/3964MB (lfb 107x4MB) SWAP 0/1982MB (cached 0MB) IRAM 0/252kB(lfb 252kB) CPU [28%@1224,13%@1224,3%@1224,2%@1224] EMC_FREQ 3%@1600 GR3D_FREQ 57%@921 APE 25 PLL@37C CPU@38C PMIC@50C GPU@38C AO@45.5C thermal@38.25C POM_5V_IN 3358/3800 POM_5V_GPU 965/1441 POM_5V_CPU 670/494
RAM 1804/3964MB (lfb 107x4MB) SWAP 0/1982MB (cached 0MB) IRAM 0/252kB(lfb 252kB) CPU [5%@1479,8%@1479,3%@1479,2%@1479] EMC_FREQ 2%@1600 GR3D_FREQ 99%@921 APE 25 PLL@36.5C CPU@38.5C PMIC@50C GPU@38.5C AO@45.5C thermal@38.5C POM_5V_IN 3880/3800 POM_5V_GPU 1251/1441 POM_5V_CPU 959/494
RAM 1802/3964MB (lfb 107x4MB) SWAP 0/1982MB (cached 0MB) IRAM 0/252kB(lfb 252kB) CPU [2%@1224,9%@1224,2%@1224,0%@1224] EMC_FREQ 2%@1600 GR3D_FREQ 99%@921 APE 25 PLL@36.5C CPU@38C PMIC@50C GPU@38C AO@45C thermal@38.25C POM_5V_IN 3111/3799 POM_5V_GPU 1303/1441 POM_5V_CPU 210/494
RAM 1802/3964MB (lfb 107x4MB) SWAP 0/1982MB (cached 0MB) IRAM 0/252kB(lfb 252kB) CPU [1%@1479,12%@1479,0%@1479,1%@1479] EMC_FREQ 2%@1600 GR3D_FREQ 54%@921 APE 25 PLL@36.5C CPU@38.5C PMIC@50C GPU@38C AO@45.5C thermal@38.25C POM_5V_IN 3916/3799 POM_5V_GPU 1416/1441 POM_5V_CPU 833/494
RAM 1802/3964MB (lfb 107x4MB) SWAP 0/1982MB (cached 0MB) IRAM 0/252kB(lfb 252kB) CPU [2%@1428,33%@1428,1%@1428,0%@1428] EMC_FREQ 3%@1600 GR3D_FREQ 44%@921 APE 25 PLL@36.5C CPU@38.5C PMIC@50C GPU@38C AO@45C thermal@38.5C POM_5V_IN 3557/3799 POM_5V_GPU 1213/1441 POM_5V_CPU 627/494
RAM 1802/3964MB (lfb 107x4MB) SWAP 0/1982MB (cached 0MB) IRAM 0/252kB(lfb 252kB) CPU [0%@1224,5%@1224,0%@1224,1%@1224] EMC_FREQ 2%@1600 GR3D_FREQ 99%@921 APE 25 PLL@36C CPU@38C PMIC@50C GPU@38C AO@45C thermal@38C POM_5V_IN 3074/3798 POM_5V_GPU 1305/1441 POM_5V_CPU 168/494
RAM 1802/3964MB (lfb 107x4MB) SWAP 0/1982MB (cached 0MB) IRAM 0/252kB(lfb 252kB) CPU [0%@1224,3%@1224,0%@1224,0%@1224] EMC_FREQ 2%@1600 GR3D_FREQ 99%@921 APE 25 PLL@35.5C CPU@38C PMIC@50C GPU@38C AO@45C thermal@38C POM_5V_IN 3032/3798 POM_5V_GPU 1179/1440 POM_5V_CPU 252/494
RAM 1802/3964MB (lfb 107x4MB) SWAP 0/1982MB (cached 0MB) IRAM 0/252kB(lfb 252kB) CPU [0%@1224,8%@1224,0%@1224,0%@1224] EMC_FREQ 2%@1600 GR3D_FREQ 97%@921 APE 25 PLL@36.5C CPU@38C PMIC@50C GPU@38C AO@45C thermal@38C POM_5V_IN 3195/3798 POM_5V_GPU 1303/1440 POM_5V_CPU 210/494
RAM 1802/3964MB (lfb 107x4MB) SWAP 0/1982MB (cached 0MB) IRAM 0/252kB(lfb 252kB) CPU [2%@1479,34%@1479,1%@1479,2%@1479] EMC_FREQ 3%@1600 GR3D_FREQ 49%@921 APE 25 PLL@36C CPU@38.5C PMIC@50C GPU@38C AO@45C thermal@38C POM_5V_IN 3677/3797 POM_5V_GPU 1379/1440 POM_5V_CPU 626/494
RAM 1802/3964MB (lfb 107x4MB) SWAP 0/1982MB (cached 0MB) IRAM 0/252kB(lfb 252kB) CPU [1%@1224,14%@1224,0%@1224,0%@1224] EMC_FREQ 2%@1600 GR3D_FREQ 99%@921 APE 25 PLL@36C CPU@38C PMIC@50C GPU@38C AO@45C thermal@38.25C POM_5V_IN 2989/3797 POM_5V_GPU 1221/1440 POM_5V_CPU 168/493
RAM 1802/3964MB (lfb 107x4MB) SWAP 0/1982MB (cached 0MB) IRAM 0/252kB(lfb 252kB) CPU [0%@1224,0%@1224,0%@1224,0%@1224] EMC_FREQ 2%@1600 GR3D_FREQ 99%@921 APE 25 PLL@36C CPU@38.5C PMIC@50C GPU@38C AO@45C thermal@38C POM_5V_IN 3111/3796 POM_5V_GPU 1263/1440 POM_5V_CPU 210/493
RAM 1802/3964MB (lfb 107x4MB) SWAP 0/1982MB (cached 0MB) IRAM 0/252kB(lfb 252kB) CPU [0%@1224,10%@1224,0%@1224,0%@1224] EMC_FREQ 2%@1600 GR3D_FREQ 51%@921 APE 25 PLL@36C CPU@38C PMIC@50C GPU@38C AO@45C thermal@38.25C POM_5V_IN 3232/3796 POM_5V_GPU 1175/1440 POM_5V_CPU 419/493
RAM 1802/3964MB (lfb 107x4MB) SWAP 0/1982MB (cached 0MB) IRAM 0/252kB(lfb 252kB) CPU [3%@1224,35%@1224,1%@1224,1%@1224] EMC_FREQ 3%@1600 GR3D_FREQ 82%@921 APE 25 PLL@36.5C CPU@38.5C PMIC@50C GPU@38C AO@45C thermal@38C POM_5V_IN 3761/3796 POM_5V_GPU 1504/1440 POM_5V_CPU 543/493
RAM 1802/3964MB (lfb 107x4MB) SWAP 0/1982MB (cached 0MB) IRAM 0/252kB(lfb 252kB) CPU [1%@1224,17%@1224,1%@1224,1%@1224] EMC_FREQ 2%@1600 GR3D_FREQ 99%@921 APE 25 PLL@36C CPU@38C PMIC@50C GPU@38C AO@45C thermal@38.25C POM_5V_IN 2947/3795 POM_5V_GPU 1221/1440 POM_5V_CPU 168/493
RAM 1802/3964MB (lfb 107x4MB) SWAP 0/1982MB (cached 0MB) IRAM 0/252kB(lfb 252kB) CPU [1%@1224,0%@1224,0%@1224,0%@1224] EMC_FREQ 2%@1600 GR3D_FREQ 99%@921 APE 25 PLL@36.5C CPU@38C PMIC@50C GPU@38C AO@45.5C thermal@38C POM_5V_IN 3195/3795 POM_5V_GPU 1303/1440 POM_5V_CPU 252/493
RAM 1802/3964MB (lfb 107x4MB) SWAP 0/1982MB (cached 0MB) IRAM 0/252kB(lfb 252kB) CPU [1%@1224,7%@1224,0%@1224,0%@1224] EMC_FREQ 2%@1600 GR3D_FREQ 97%@921 APE 25 PLL@36.5C CPU@38C PMIC@50C GPU@38C AO@45C thermal@38C POM_5V_IN 3195/3794 POM_5V_GPU 1303/1439 POM_5V_CPU 252/493
RAM 1802/3964MB (lfb 107x4MB) SWAP 0/1982MB (cached 0MB) IRAM 0/252kB(lfb 252kB) CPU [2%@1479,29%@1479,1%@1479,1%@1479] EMC_FREQ 2%@1600 GR3D_FREQ 70%@921 APE 25 PLL@36.5C CPU@38.5C PMIC@50C GPU@38C AO@45C thermal@38C POM_5V_IN 3677/3794 POM_5V_GPU 1253/1439 POM_5V_CPU 710/493
RAM 1802/3964MB (lfb 107x4MB) SWAP 0/1982MB (cached 0MB) IRAM 0/252kB(lfb 252kB) CPU [1%@1224,21%@1224,1%@1224,1%@1224] EMC_FREQ 3%@1600 GR3D_FREQ 99%@921 APE 25 PLL@36C CPU@38C PMIC@50C GPU@38C AO@45.5C thermal@38C POM_5V_IN 3069/3794 POM_5V_GPU 1261/1439 POM_5V_CPU 210/493
RAM 1802/3964MB (lfb 107x4MB) SWAP 0/1982MB (cached 0MB) IRAM 0/252kB(lfb 252kB) CPU [8%@1224,0%@1224,0%@1224,0%@1224] EMC_FREQ 2%@1600 GR3D_FREQ 99%@921 APE 25 PLL@36.5C CPU@38C PMIC@50C GPU@38C AO@46C thermal@38C POM_5V_IN 3153/3793 POM_5V_GPU 1385/1439 POM_5V_CPU 167/492
RAM 1802/3964MB (lfb 107x4MB) SWAP 0/1982MB (cached 0MB) IRAM 0/252kB(lfb 252kB) CPU [40%@1224,1%@1224,1%@1224,0%@1224] EMC_FREQ 3%@1600 GR3D_FREQ 47%@921 APE 25 PLL@36.5C CPU@38.5C PMIC@50C GPU@38C AO@45.5C thermal@38C POM_5V_IN 3677/3793 POM_5V_GPU 1337/1439 POM_5V_CPU 752/493
RAM 1802/3964MB (lfb 107x4MB) SWAP 0/1982MB (cached 0MB) IRAM 0/252kB(lfb 252kB) CPU [11%@1224,1%@1224,0%@1224,3%@1224] EMC_FREQ 3%@1600 GR3D_FREQ 99%@921 APE 25 PLL@36C CPU@38C PMIC@50C GPU@38.5C AO@45.5C thermal@38.25C POM_5V_IN 2989/3793 POM_5V_GPU 1221/1439 POM_5V_CPU 168/492
RAM 1802/3964MB (lfb 107x4MB) SWAP 0/1982MB (cached 0MB) IRAM 0/252kB(lfb 252kB) CPU [3%@1479,0%@1479,0%@1479,0%@1479] EMC_FREQ 2%@1600 GR3D_FREQ 79%@921 APE 25 PLL@36C CPU@38C PMIC@50C GPU@38C AO@45C thermal@37.75C POM_5V_IN 3153/3792 POM_5V_GPU 1093/1439 POM_5V_CPU 420/492
RAM 1802/3964MB (lfb 107x4MB) SWAP 0/1982MB (cached 0MB) IRAM 0/252kB(lfb 252kB) CPU [8%@1479,0%@1479,0%@1479,0%@1479] EMC_FREQ 2%@1600 GR3D_FREQ 97%@921 APE 25 PLL@36C CPU@38.5C PMIC@50C GPU@38C AO@45C thermal@38.25C POM_5V_IN 3153/3792 POM_5V_GPU 1051/1438 POM_5V_CPU 461/492
RAM 1802/3964MB (lfb 107x4MB) SWAP 0/1982MB (cached 0MB) IRAM 0/252kB(lfb 252kB) CPU [33%@1224,0%@1224,2%@1224,1%@1224] EMC_FREQ 3%@1600 GR3D_FREQ 99%@921 APE 25 PLL@36C CPU@38.5C PMIC@50C GPU@38.5C AO@45.5C thermal@38.25C POM_5V_IN 3599/3792 POM_5V_GPU 1504/1438 POM_5V_CPU 501/492
RAM 1802/3964MB (lfb 107x4MB) SWAP 0/1982MB (cached 0MB) IRAM 0/252kB(lfb 252kB) CPU [16%@1224,0%@1224,1%@1224,0%@1224] EMC_FREQ 3%@1600 GR3D_FREQ 96%@921 APE 25 PLL@36C CPU@38.5C PMIC@50C GPU@38.5C AO@45C thermal@38.25C POM_5V_IN 3074/3791 POM_5V_GPU 1263/1438 POM_5V_CPU 168/492
RAM 1802/3964MB (lfb 107x4MB) SWAP 0/1982MB (cached 0MB) IRAM 0/252kB(lfb 252kB) CPU [0%@1224,0%@1224,0%@1224,0%@1224] EMC_FREQ 2%@1600 GR3D_FREQ 99%@921 APE 25 PLL@36C CPU@38C PMIC@50C GPU@38C AO@45C thermal@38.25C POM_5V_IN 3074/3791 POM_5V_GPU 1303/1438 POM_5V_CPU 210/492
RAM 1802/3964MB (lfb 107x4MB) SWAP 0/1982MB (cached 0MB) IRAM 0/252kB(lfb 252kB) CPU [8%@1224,0%@1224,0%@1224,0%@1224] EMC_FREQ 2%@1600 GR3D_FREQ 94%@921 APE 25 PLL@36C CPU@38C PMIC@50C GPU@38C AO@45C thermal@38.25C POM_5V_IN 3274/3790 POM_5V_GPU 1385/1438 POM_5V_CPU 293/492
RAM 1802/3964MB (lfb 107x4MB) SWAP 0/1982MB (cached 0MB) IRAM 0/252kB(lfb 252kB) CPU [34%@1224,0%@1224,1%@1224,1%@1224] EMC_FREQ 3%@1600 GR3D_FREQ 90%@921 APE 25 PLL@36C CPU@38.5C PMIC@50C GPU@38C AO@45.5C thermal@38.25C POM_5V_IN 3803/3790 POM_5V_GPU 1504/1438 POM_5V_CPU 584/492
RAM 1802/3964MB (lfb 107x4MB) SWAP 0/1982MB (cached 0MB) IRAM 0/252kB(lfb 252kB) CPU [18%@1224,0%@1224,0%@1224,1%@1224] EMC_FREQ 2%@1600 GR3D_FREQ 99%@921 APE 25 PLL@36C CPU@38C PMIC@50C GPU@37.5C AO@45C thermal@38.25C POM_5V_IN 2989/3790 POM_5V_GPU 1221/1438 POM_5V_CPU 168/492
RAM 1803/3964MB (lfb 107x4MB) SWAP 0/1982MB (cached 0MB) IRAM 0/252kB(lfb 252kB) CPU [7%@1224,10%@1224,7%@1224,2%@1224] EMC_FREQ 2%@1600 GR3D_FREQ 99%@921 APE 25 PLL@36C CPU@38.5C PMIC@50C GPU@38C AO@45.5C thermal@38C POM_5V_IN 3153/3789 POM_5V_GPU 1303/1438 POM_5V_CPU 210/491
RAM 1803/3964MB (lfb 107x4MB) SWAP 0/1982MB (cached 0MB) IRAM 0/252kB(lfb 252kB) CPU [8%@1224,0%@1224,0%@1224,0%@1224] EMC_FREQ 2%@1600 GR3D_FREQ 99%@921 APE 25 PLL@36C CPU@38C PMIC@50C GPU@38C AO@45C thermal@37.75C POM_5V_IN 3153/3789 POM_5V_GPU 1303/1438 POM_5V_CPU 210/491
RAM 1803/3964MB (lfb 107x4MB) SWAP 0/1982MB (cached 0MB) IRAM 0/252kB(lfb 252kB) CPU [34%@1479,1%@1479,1%@1479,1%@1479] EMC_FREQ 3%@1600 GR3D_FREQ 70%@921 APE 25 PLL@36C CPU@38.5C PMIC@50C GPU@38C AO@45.5C thermal@38.25C POM_5V_IN 3479/3789 POM_5V_GPU 1006/1438 POM_5V_CPU 753/491
RAM 1803/3964MB (lfb 107x4MB) SWAP 0/1982MB (cached 0MB) IRAM 0/252kB(lfb 252kB) CPU [22%@1224,5%@1224,9%@1224,9%@1224] EMC_FREQ 3%@1600 GR3D_FREQ 99%@921 APE 25 PLL@35.5C CPU@38C PMIC@50C GPU@38C AO@45.5C thermal@38.25C POM_5V_IN 3032/3788 POM_5V_GPU 1221/1437 POM_5V_CPU 168/491
RAM 1803/3964MB (lfb 107x4MB) SWAP 0/1982MB (cached 0MB) IRAM 0/252kB(lfb 252kB) CPU [1%@1224,0%@1224,0%@1224,0%@1224] EMC_FREQ 2%@1600 GR3D_FREQ 99%@921 APE 25 PLL@35.5C CPU@38.5C PMIC@50C GPU@38C AO@45C thermal@38C POM_5V_IN 3032/3788 POM_5V_GPU 1263/1437 POM_5V_CPU 168/491
RAM 1803/3964MB (lfb 107x4MB) SWAP 0/1982MB (cached 0MB) IRAM 0/252kB(lfb 252kB) CPU [6%@1224,0%@1224,0%@1224,0%@1224] EMC_FREQ 2%@1600 GR3D_FREQ 97%@921 APE 25 PLL@36C CPU@38C PMIC@50C GPU@38C AO@45.5C thermal@38C POM_5V_IN 3358/3787 POM_5V_GPU 1511/1437 POM_5V_CPU 167/491
RAM 1803/3964MB (lfb 107x4MB) SWAP 0/1982MB (cached 0MB) IRAM 0/252kB(lfb 252kB) CPU [22%@1224,1%@1224,0%@1224,1%@1224] EMC_FREQ 2%@1600 GR3D_FREQ 99%@921 APE 25 PLL@36C CPU@38.5C PMIC@50C GPU@38C AO@45.5C thermal@38.5C POM_5V_IN 3395/3787 POM_5V_GPU 1425/1437 POM_5V_CPU 335/491
RAM 1803/3964MB (lfb 107x4MB) SWAP 0/1982MB (cached 0MB) IRAM 0/252kB(lfb 252kB) CPU [26%@1224,6%@1224,1%@1224,2%@1224] EMC_FREQ 3%@1600 GR3D_FREQ 99%@921 APE 25 PLL@36C CPU@38C PMIC@50C GPU@38C AO@45C thermal@38.25C POM_5V_IN 3074/3787 POM_5V_GPU 1263/1437 POM_5V_CPU 168/490
RAM 1803/3964MB (lfb 107x4MB) SWAP 0/1982MB (cached 0MB) IRAM 0/252kB(lfb 252kB) CPU [1%@1224,0%@1224,0%@1224,0%@1224] EMC_FREQ 2%@1600 GR3D_FREQ 99%@921 APE 25 PLL@36C CPU@38C PMIC@50C GPU@38C AO@45C thermal@38.25C POM_5V_IN 3032/3786 POM_5V_GPU 1263/1437 POM_5V_CPU 168/490
RAM 1803/3964MB (lfb 107x4MB) SWAP 0/1982MB (cached 0MB) IRAM 0/252kB(lfb 252kB) CPU [7%@1224,0%@1224,0%@1224,0%@1224] EMC_FREQ 2%@1600 GR3D_FREQ 96%@921 APE 25 PLL@36C CPU@38C PMIC@50C GPU@38C AO@45C thermal@38C POM_5V_IN 3116/3786 POM_5V_GPU 1305/1437 POM_5V_CPU 210/490
RAM 1803/3964MB (lfb 107x4MB) SWAP 0/1982MB (cached 0MB) IRAM 0/252kB(lfb 252kB) CPU [17%@1224,1%@1224,1%@1224,1%@1224] EMC_FREQ 2%@1600 GR3D_FREQ 23%@921 APE 25 PLL@36C CPU@39C PMIC@50C GPU@38C AO@45.5C thermal@38.25C POM_5V_IN 3474/3785 POM_5V_GPU 1255/1437 POM_5V_CPU 626/490
RAM 1803/3964MB (lfb 107x4MB) SWAP 0/1982MB (cached 0MB) IRAM 0/252kB(lfb 252kB) CPU [29%@1224,6%@1224,1%@1224,3%@1224] EMC_FREQ 3%@1600 GR3D_FREQ 99%@921 APE 25 PLL@36C CPU@38.5C PMIC@50C GPU@38C AO@45C thermal@38.5C POM_5V_IN 3111/3785 POM_5V_GPU 1177/1437 POM_5V_CPU 294/490
RAM 1803/3964MB (lfb 107x4MB) SWAP 0/1982MB (cached 0MB) IRAM 0/252kB(lfb 252kB) CPU [0%@1224,0%@1224,0%@1224,0%@1224] EMC_FREQ 2%@1600 GR3D_FREQ 99%@921 APE 25 PLL@35.5C CPU@38C PMIC@50C GPU@38C AO@45C thermal@38.25C POM_5V_IN 3032/3784 POM_5V_GPU 1263/1437 POM_5V_CPU 168/490
RAM 1803/3964MB (lfb 107x4MB) SWAP 0/1982MB (cached 0MB) IRAM 0/252kB(lfb 252kB) CPU [1%@1224,7%@1224,0%@1224,0%@1224] EMC_FREQ 2%@1600 GR3D_FREQ 99%@921 APE 25 PLL@36C CPU@38C PMIC@50C GPU@38C AO@45C thermal@38.25C POM_5V_IN 3074/3784 POM_5V_GPU 1221/1436 POM_5V_CPU 210/489
RAM 1803/3964MB (lfb 107x4MB) SWAP 0/1982MB (cached 0MB) IRAM 0/252kB(lfb 252kB) CPU [0%@1224,10%@1224,0%@1224,0%@1224] EMC_FREQ 2%@1600 GR3D_FREQ 76%@921 APE 25 PLL@36C CPU@38.5C PMIC@50C GPU@38C AO@45C thermal@38.25C POM_5V_IN 3797/3784 POM_5V_GPU 1460/1436 POM_5V_CPU 625/490
RAM 1803/3964MB (lfb 107x4MB) SWAP 0/1982MB (cached 0MB) IRAM 0/252kB(lfb 252kB) CPU [2%@1224,33%@1224,1%@1224,1%@1224] EMC_FREQ 3%@1600 GR3D_FREQ 96%@921 APE 25 PLL@36C CPU@38.5C PMIC@50C GPU@38C AO@45C thermal@38.25C POM_5V_IN 3358/3784 POM_5V_GPU 1301/1436 POM_5V_CPU 377/489
RAM 1803/3964MB (lfb 107x4MB) SWAP 0/1982MB (cached 0MB) IRAM 0/252kB(lfb 252kB) CPU [1%@1224,7%@1224,0%@1224,0%@1224] EMC_FREQ 2%@1600 GR3D_FREQ 99%@921 APE 25 PLL@36C CPU@38C PMIC@50C GPU@38C AO@45C thermal@38.25C POM_5V_IN 2989/3783 POM_5V_GPU 1221/1436 POM_5V_CPU 168/489
RAM 1803/3964MB (lfb 107x4MB) SWAP 0/1982MB (cached 0MB) IRAM 0/252kB(lfb 252kB) CPU [0%@1224,0%@1224,0%@1224,0%@1224] EMC_FREQ 2%@1600 GR3D_FREQ 96%@921 APE 25 PLL@35.5C CPU@38.5C PMIC@50C GPU@38C AO@45.5C thermal@38C POM_5V_IN 3153/3783 POM_5V_GPU 1345/1436 POM_5V_CPU 210/489
RAM 1803/3964MB (lfb 107x4MB) SWAP 0/1982MB (cached 0MB) IRAM 0/252kB(lfb 252kB) CPU [1%@1224,7%@1224,0%@1224,0%@1224] EMC_FREQ 2%@1600 GR3D_FREQ 98%@921 APE 25 PLL@36C CPU@38.5C PMIC@50C GPU@38.5C AO@45C thermal@38C POM_5V_IN 3316/3782 POM_5V_GPU 1511/1436 POM_5V_CPU 209/489
RAM 1803/3964MB (lfb 107x4MB) SWAP 0/1982MB (cached 0MB) IRAM 0/252kB(lfb 252kB) CPU [2%@1224,21%@1224,0%@1224,1%@1224] EMC_FREQ 2%@1600 GR3D_FREQ 96%@921 APE 25 PLL@36C CPU@38.5C PMIC@50C GPU@38C AO@45.5C thermal@38.25C POM_5V_IN 3599/3782 POM_5V_GPU 1423/1436 POM_5V_CPU 544/489
RAM 1803/3964MB (lfb 107x4MB) SWAP 0/1982MB (cached 0MB) IRAM 0/252kB(lfb 252kB) CPU [16%@1224,18%@1224,2%@1224,1%@1224] EMC_FREQ 3%@1600 GR3D_FREQ 99%@921 APE 25 PLL@36.5C CPU@38C PMIC@50C GPU@38C AO@45C thermal@38.5C POM_5V_IN 3195/3782 POM_5V_GPU 967/1436 POM_5V_CPU 504/489
RAM 1803/3964MB (lfb 107x4MB) SWAP 0/1982MB (cached 0MB) IRAM 0/252kB(lfb 252kB) CPU [0%@1224,0%@1224,0%@1224,0%@1224] EMC_FREQ 2%@1600 GR3D_FREQ 99%@921 APE 25 PLL@36C CPU@38.5C PMIC@50C GPU@38C AO@45.5C thermal@38.25C POM_5V_IN 3074/3781 POM_5V_GPU 1263/1436 POM_5V_CPU 210/489
RAM 1803/3964MB (lfb 107x4MB) SWAP 0/1982MB (cached 0MB) IRAM 0/252kB(lfb 252kB) CPU [7%@1479,0%@1479,0%@1479,0%@1479] EMC_FREQ 2%@1600 GR3D_FREQ 0%@921 APE 25 PLL@36C CPU@38.5C PMIC@50C GPU@38C AO@45C thermal@38.25C POM_5V_IN 3074/3781 POM_5V_GPU 965/1435 POM_5V_CPU 544/489
RAM 1803/3964MB (lfb 107x4MB) SWAP 0/1982MB (cached 0MB) IRAM 0/252kB(lfb 252kB) CPU [4%@1224,0%@1224,0%@1224,0%@1224] EMC_FREQ 2%@1600 GR3D_FREQ 99%@921 APE 25 PLL@36C CPU@38C PMIC@50C GPU@38C AO@45C thermal@38.25C POM_5V_IN 3195/3780 POM_5V_GPU 1345/1435 POM_5V_CPU 251/489
RAM 1803/3964MB (lfb 107x4MB) SWAP 0/1982MB (cached 0MB) IRAM 0/252kB(lfb 252kB) CPU [34%@1224,1%@1224,1%@1224,2%@1224] EMC_FREQ 3%@1600 GR3D_FREQ 98%@921 APE 25 PLL@36C CPU@38.5C PMIC@50C GPU@38C AO@45.5C thermal@38C POM_5V_IN 3719/3780 POM_5V_GPU 1462/1435 POM_5V_CPU 585/489
RAM 1803/3964MB (lfb 107x4MB) SWAP 0/1982MB (cached 0MB) IRAM 0/252kB(lfb 252kB) CPU [14%@1224,0%@1224,0%@1224,1%@1224] EMC_FREQ 2%@1600 GR3D_FREQ 99%@921 APE 25 PLL@36C CPU@38C PMIC@50C GPU@38C AO@45C thermal@38.25C POM_5V_IN 2989/3780 POM_5V_GPU 1221/1435 POM_5V_CPU 168/488
RAM 1803/3964MB (lfb 107x4MB) SWAP 0/1982MB (cached 0MB) IRAM 0/252kB(lfb 252kB) CPU [1%@1224,0%@1224,0%@1224,0%@1224] EMC_FREQ 2%@1600 GR3D_FREQ 99%@921 APE 25 PLL@36C CPU@38C PMIC@50C GPU@38C AO@45.5C thermal@38C POM_5V_IN 3074/3779 POM_5V_GPU 1303/1435 POM_5V_CPU 210/488
RAM 1803/3964MB (lfb 107x4MB) SWAP 0/1982MB (cached 0MB) IRAM 0/252kB(lfb 252kB) CPU [9%@1224,0%@1224,0%@1224,0%@1224] EMC_FREQ 2%@1600 GR3D_FREQ 26%@921 APE 25 PLL@36C CPU@38.5C PMIC@50C GPU@38C AO@45.5C thermal@38.25C POM_5V_IN 3232/3779 POM_5V_GPU 1133/1435 POM_5V_CPU 419/488
RAM 1803/3964MB (lfb 107x4MB) SWAP 0/1982MB (cached 0MB) IRAM 0/252kB(lfb 252kB) CPU [33%@1224,0%@1224,2%@1224,0%@1224] EMC_FREQ 3%@1600 GR3D_FREQ 33%@921 APE 25 PLL@36.5C CPU@38.5C PMIC@50C GPU@38C AO@45C thermal@38.25C POM_5V_IN 3677/3779 POM_5V_GPU 1295/1435 POM_5V_CPU 668/488
RAM 1803/3964MB (lfb 107x4MB) SWAP 0/1982MB (cached 0MB) IRAM 0/252kB(lfb 252kB) CPU [16%@1224,0%@1224,0%@1224,0%@1224] EMC_FREQ 2%@1600 GR3D_FREQ 99%@921 APE 25 PLL@36C CPU@38.5C PMIC@50C GPU@37.5C AO@45C thermal@38.25C POM_5V_IN 2989/3778 POM_5V_GPU 1221/1435 POM_5V_CPU 168/488
RAM 1803/3964MB (lfb 107x4MB) SWAP 0/1982MB (cached 0MB) IRAM 0/252kB(lfb 252kB) CPU [1%@1224,0%@1224,0%@1224,0%@1224] EMC_FREQ 2%@1600 GR3D_FREQ 96%@921 APE 25 PLL@36C CPU@38C PMIC@50C GPU@37.5C AO@45.5C thermal@38.25C POM_5V_IN 3153/3778 POM_5V_GPU 1303/1435 POM_5V_CPU 210/488
RAM 1803/3964MB (lfb 107x4MB) SWAP 0/1982MB (cached 0MB) IRAM 0/252kB(lfb 252kB) CPU [7%@1224,0%@1224,0%@1224,0%@1224] EMC_FREQ 2%@1600 GR3D_FREQ 96%@921 APE 25 PLL@36C CPU@38.5C PMIC@50C GPU@38C AO@45.5C thermal@38C POM_5V_IN 3153/3777 POM_5V_GPU 1303/1434 POM_5V_CPU 210/488
RAM 1803/3964MB (lfb 107x4MB) SWAP 0/1982MB (cached 0MB) IRAM 0/252kB(lfb 252kB) CPU [32%@1326,1%@1326,1%@1326,1%@1326] EMC_FREQ 2%@1600 GR3D_FREQ 59%@921 APE 25 PLL@36C CPU@38.5C PMIC@50C GPU@38C AO@45.5C thermal@38.25C POM_5V_IN 3557/3777 POM_5V_GPU 1088/1434 POM_5V_CPU 711/488
RAM 1803/3964MB (lfb 107x4MB) SWAP 0/1982MB (cached 0MB) IRAM 0/252kB(lfb 252kB) CPU [24%@1224,6%@1224,9%@1224,11%@1224] EMC_FREQ 3%@1600 GR3D_FREQ 99%@921 APE 25 PLL@36C CPU@38C PMIC@50C GPU@38C AO@45C thermal@38C POM_5V_IN 3032/3777 POM_5V_GPU 1221/1434 POM_5V_CPU 168/488
RAM 1803/3964MB (lfb 107x4MB) SWAP 0/1982MB (cached 0MB) IRAM 0/252kB(lfb 252kB) CPU [1%@1224,0%@1224,0%@1224,0%@1224] EMC_FREQ 2%@1600 GR3D_FREQ 96%@921 APE 25 PLL@36C CPU@38.5C PMIC@50C GPU@38C AO@45C thermal@38C POM_5V_IN 3153/3776 POM_5V_GPU 1303/1434 POM_5V_CPU 252/487
RAM 1803/3964MB (lfb 107x4MB) SWAP 0/1982MB (cached 0MB) IRAM 0/252kB(lfb 252kB) CPU [7%@1224,0%@1224,0%@1224,0%@1224] EMC_FREQ 2%@1600 GR3D_FREQ 96%@921 APE 25 PLL@36C CPU@38.5C PMIC@50C GPU@38C AO@45.5C thermal@38.25C POM_5V_IN 3195/3776 POM_5V_GPU 1345/1434 POM_5V_CPU 210/487
RAM 1803/3964MB (lfb 107x4MB) SWAP 0/1982MB (cached 0MB) IRAM 0/252kB(lfb 252kB) CPU [30%@1326,0%@1326,1%@1326,1%@1326] EMC_FREQ 3%@1600 GR3D_FREQ 68%@921 APE 25 PLL@36.5C CPU@38.5C PMIC@50C GPU@38C AO@45.5C thermal@38.25C POM_5V_IN 3838/3776 POM_5V_GPU 1377/1434 POM_5V_CPU 751/487
RAM 1803/3964MB (lfb 107x4MB) SWAP 0/1982MB (cached 0MB) IRAM 0/252kB(lfb 252kB) CPU [24%@1224,0%@1224,1%@1224,0%@1224] EMC_FREQ 3%@1600 GR3D_FREQ 99%@921 APE 25 PLL@36C CPU@38.5C PMIC@50C GPU@38C AO@45.5C thermal@38.25C POM_5V_IN 3111/3775 POM_5V_GPU 1303/1434 POM_5V_CPU 210/487
RAM 1803/3964MB (lfb 107x4MB) SWAP 0/1982MB (cached 0MB) IRAM 0/252kB(lfb 252kB) CPU [0%@1224,0%@1224,0%@1224,0%@1224] EMC_FREQ 2%@1600 GR3D_FREQ 99%@921 APE 25 PLL@36C CPU@38C PMIC@50C GPU@38C AO@45.5C thermal@38C POM_5V_IN 3074/3775 POM_5V_GPU 1263/1434 POM_5V_CPU 210/487
RAM 1803/3964MB (lfb 107x4MB) SWAP 0/1982MB (cached 0MB) IRAM 0/252kB(lfb 252kB) CPU [7%@1224,1%@1224,0%@1224,0%@1224] EMC_FREQ 2%@1600 GR3D_FREQ 99%@921 APE 25 PLL@36.5C CPU@38C PMIC@50C GPU@38C AO@45C thermal@38C POM_5V_IN 3111/3775 POM_5V_GPU 1261/1434 POM_5V_CPU 252/487
RAM 1803/3964MB (lfb 107x4MB) SWAP 0/1982MB (cached 0MB) IRAM 0/252kB(lfb 252kB) CPU [15%@1224,0%@1224,1%@1224,0%@1224] EMC_FREQ 2%@1600 GR3D_FREQ 96%@921 APE 25 PLL@36C CPU@38.5C PMIC@50C GPU@38C AO@45.5C thermal@38.25C POM_5V_IN 3358/3774 POM_5V_GPU 1341/1434 POM_5V_CPU 377/487
RAM 1803/3964MB (lfb 107x4MB) SWAP 0/1982MB (cached 0MB) IRAM 0/252kB(lfb 252kB) CPU [29%@1479,9%@1479,2%@1479,2%@1479] EMC_FREQ 3%@1600 GR3D_FREQ 5%@921 APE 25 PLL@36.5C CPU@38C PMIC@50C GPU@38C AO@45C thermal@38.25C POM_5V_IN 3274/3774 POM_5V_GPU 797/1433 POM_5V_CPU 797/487
RAM 1803/3964MB (lfb 107x4MB) SWAP 0/1982MB (cached 0MB) IRAM 0/252kB(lfb 252kB) CPU [0%@1224,4%@1224,0%@1224,0%@1224] EMC_FREQ 2%@1600 GR3D_FREQ 99%@921 APE 25 PLL@36.5C CPU@38.5C PMIC@50C GPU@38C AO@45.5C thermal@38C POM_5V_IN 3032/3773 POM_5V_GPU 1263/1433 POM_5V_CPU 168/487
RAM 1803/3964MB (lfb 107x4MB) SWAP 0/1982MB (cached 0MB) IRAM 0/252kB(lfb 252kB) CPU [0%@1224,3%@1224,0%@1224,0%@1224] EMC_FREQ 2%@1600 GR3D_FREQ 99%@921 APE 25 PLL@36.5C CPU@38.5C PMIC@50C GPU@38C AO@45C thermal@38.25C POM_5V_IN 3032/3773 POM_5V_GPU 1137/1433 POM_5V_CPU 252/487
RAM 1803/3964MB (lfb 107x4MB) SWAP 0/1982MB (cached 0MB) IRAM 0/252kB(lfb 252kB) CPU [1%@1224,6%@1224,0%@1224,0%@1224] EMC_FREQ 2%@1600 GR3D_FREQ 99%@921 APE 25 PLL@36C CPU@38C PMIC@50C GPU@38C AO@45.5C thermal@38C POM_5V_IN 3153/3772 POM_5V_GPU 1219/1433 POM_5V_CPU 336/487
RAM 1803/3964MB (lfb 107x4MB) SWAP 0/1982MB (cached 0MB) IRAM 0/252kB(lfb 252kB) CPU [2%@1326,30%@1326,1%@1326,0%@1326] EMC_FREQ 2%@1600 GR3D_FREQ 23%@921 APE 25 PLL@36.5C CPU@38.5C PMIC@50C GPU@38C AO@45.5C thermal@38.25C POM_5V_IN 3761/3772 POM_5V_GPU 1337/1433 POM_5V_CPU 709/487
RAM 1803/3964MB (lfb 107x4MB) SWAP 0/1982MB (cached 0MB) IRAM 0/252kB(lfb 252kB) CPU [2%@1224,14%@1224,1%@1224,1%@1224] EMC_FREQ 2%@1600 GR3D_FREQ 99%@921 APE 25 PLL@36C CPU@38C PMIC@50C GPU@38.5C AO@45C thermal@38.25C POM_5V_IN 2989/3772 POM_5V_GPU 1221/1432 POM_5V_CPU 168/486
RAM 1803/3964MB (lfb 107x4MB) SWAP 0/1982MB (cached 0MB) IRAM 0/252kB(lfb 252kB) CPU [0%@1224,1%@1224,0%@1224,0%@1224] EMC_FREQ 2%@1600 GR3D_FREQ 99%@921 APE 25 PLL@36C CPU@38C PMIC@50C GPU@38C AO@45.5C thermal@38.25C POM_5V_IN 3032/3771 POM_5V_GPU 1263/1432 POM_5V_CPU 168/486
RAM 1803/3964MB (lfb 107x4MB) SWAP 0/1982MB (cached 0MB) IRAM 0/252kB(lfb 252kB) CPU [0%@1224,7%@1224,0%@1224,0%@1224] EMC_FREQ 2%@1600 GR3D_FREQ 99%@921 APE 25 PLL@36C CPU@38.5C PMIC@50C GPU@38C AO@46C thermal@38C POM_5V_IN 3353/3771 POM_5V_GPU 1634/1432 POM_5V_CPU 167/486
RAM 1803/3964MB (lfb 107x4MB) SWAP 0/1982MB (cached 0MB) IRAM 0/252kB(lfb 252kB) CPU [6%@1224,18%@1224,1%@1224,0%@1224] EMC_FREQ 2%@1600 GR3D_FREQ 96%@921 APE 25 PLL@36.5C CPU@38.5C PMIC@50C GPU@38C AO@45.5C thermal@38C POM_5V_IN 3677/3771 POM_5V_GPU 1504/1432 POM_5V_CPU 501/486
RAM 1803/3964MB (lfb 107x4MB) SWAP 0/1982MB (cached 0MB) IRAM 0/252kB(lfb 252kB) CPU [32%@1224,2%@1224,0%@1224,2%@1224] EMC_FREQ 3%@1600 GR3D_FREQ 99%@921 APE 25 PLL@36C CPU@38C PMIC@50C GPU@38C AO@45C thermal@38.25C POM_5V_IN 3153/3771 POM_5V_GPU 1345/1432 POM_5V_CPU 210/486
RAM 1803/3964MB (lfb 107x4MB) SWAP 0/1982MB (cached 0MB) IRAM 0/252kB(lfb 252kB) CPU [2%@1224,0%@1224,0%@1224,0%@1224] EMC_FREQ 2%@1600 GR3D_FREQ 96%@921 APE 25 PLL@36.5C CPU@38.5C PMIC@50C GPU@38.5C AO@45C thermal@38.25C POM_5V_IN 3232/3770 POM_5V_GPU 1385/1432 POM_5V_CPU 209/486
RAM 1803/3964MB (lfb 107x4MB) SWAP 0/1982MB (cached 0MB) IRAM 0/252kB(lfb 252kB) CPU [16%@1224,1%@1224,0%@1224,0%@1224] EMC_FREQ 2%@1600 GR3D_FREQ 42%@921 APE 25 PLL@36.5C CPU@38.5C PMIC@50C GPU@38.5C AO@45.5C thermal@38.25C POM_5V_IN 3838/3770 POM_5V_GPU 1460/1432 POM_5V_CPU 625/486
RAM 1803/3964MB (lfb 107x4MB) SWAP 0/1982MB (cached 0MB) IRAM 0/252kB(lfb 252kB) CPU [28%@1224,6%@1224,2%@1224,0%@1224] EMC_FREQ 3%@1600 GR3D_FREQ 99%@921 APE 25 PLL@36C CPU@38.5C PMIC@50C GPU@38.5C AO@45.5C thermal@38.25C POM_5V_IN 3195/3770 POM_5V_GPU 1303/1432 POM_5V_CPU 294/486
RAM 1803/3964MB (lfb 107x4MB) SWAP 0/1982MB (cached 0MB) IRAM 0/252kB(lfb 252kB) CPU [0%@1224,7%@1224,0%@1224,0%@1224] EMC_FREQ 2%@1600 GR3D_FREQ 99%@921 APE 25 PLL@36C CPU@38C PMIC@50C GPU@38C AO@45.5C thermal@38.25C POM_5V_IN 3074/3769 POM_5V_GPU 1305/1432 POM_5V_CPU 168/485
RAM 1803/3964MB (lfb 107x4MB) SWAP 0/1982MB (cached 0MB) IRAM 0/252kB(lfb 252kB) CPU [0%@1224,5%@1224,0%@1224,0%@1224] EMC_FREQ 2%@1600 GR3D_FREQ 99%@921 APE 25 PLL@36.5C CPU@38.5C PMIC@50C GPU@38C AO@45.5C thermal@38.25C POM_5V_IN 3032/3769 POM_5V_GPU 1221/1432 POM_5V_CPU 168/485
RAM 1803/3964MB (lfb 107x4MB) SWAP 0/1982MB (cached 0MB) IRAM 0/252kB(lfb 252kB) CPU [1%@1224,7%@1224,0%@1224,0%@1224] EMC_FREQ 2%@1600 GR3D_FREQ 93%@921 APE 25 PLL@36.5C CPU@38.5C PMIC@50C GPU@38C AO@45.5C thermal@38C POM_5V_IN 3641/3769 POM_5V_GPU 1674/1432 POM_5V_CPU 251/485
RAM 1803/3964MB (lfb 107x4MB) SWAP 0/1982MB (cached 0MB) IRAM 0/252kB(lfb 252kB) CPU [2%@1224,38%@1224,1%@1224,0%@1224] EMC_FREQ 3%@1600 GR3D_FREQ 65%@921 APE 25 PLL@36.5C CPU@38.5C PMIC@50C GPU@38.5C AO@46C thermal@38C POM_5V_IN 3880/3769 POM_5V_GPU 1377/1432 POM_5V_CPU 667/485
RAM 1803/3964MB (lfb 107x4MB) SWAP 0/1982MB (cached 0MB) IRAM 0/252kB(lfb 252kB) CPU [1%@1224,8%@1224,0%@1224,0%@1224] EMC_FREQ 2%@1600 GR3D_FREQ 99%@921 APE 25 PLL@36C CPU@38.5C PMIC@50C GPU@38C AO@45.5C thermal@38.5C POM_5V_IN 2989/3768 POM_5V_GPU 1221/1432 POM_5V_CPU 168/485
RAM 1803/3964MB (lfb 107x4MB) SWAP 0/1982MB (cached 0MB) IRAM 0/252kB(lfb 252kB) CPU [0%@1224,3%@1224,0%@1224,0%@1224] EMC_FREQ 2%@1600 GR3D_FREQ 99%@921 APE 25 PLL@36.5C CPU@38.5C PMIC@50C GPU@38.5C AO@45.5C thermal@38C POM_5V_IN 3116/3768 POM_5V_GPU 1094/1432 POM_5V_CPU 378/485
RAM 1803/3964MB (lfb 107x4MB) SWAP 0/1982MB (cached 0MB) IRAM 0/252kB(lfb 252kB) CPU [1%@1224,7%@1224,0%@1224,0%@1224] EMC_FREQ 2%@1600 GR3D_FREQ 96%@921 APE 25 PLL@36.5C CPU@38.5C PMIC@50C GPU@38C AO@45C thermal@38.25C POM_5V_IN 3274/3768 POM_5V_GPU 1301/1432 POM_5V_CPU 335/485
RAM 1803/3964MB (lfb 107x4MB) SWAP 0/1982MB (cached 0MB) IRAM 0/252kB(lfb 252kB) CPU [3%@1224,38%@1224,1%@1224,1%@1224] EMC_FREQ 3%@1600 GR3D_FREQ 36%@921 APE 25 PLL@36.5C CPU@38.5C PMIC@50C GPU@38.5C AO@45.5C thermal@38.5C POM_5V_IN 3677/3768 POM_5V_GPU 1337/1432 POM_5V_CPU 751/485
RAM 1803/3964MB (lfb 107x4MB) SWAP 0/1982MB (cached 0MB) IRAM 0/252kB(lfb 252kB) CPU [1%@1224,12%@1224,0%@1224,0%@1224] EMC_FREQ 2%@1600 GR3D_FREQ 99%@921 APE 25 PLL@36.5C CPU@38.5C PMIC@50C GPU@38C AO@45C thermal@38.25C POM_5V_IN 2989/3767 POM_5V_GPU 1221/1432 POM_5V_CPU 168/485
RAM 1804/3964MB (lfb 107x4MB) SWAP 0/1982MB (cached 0MB) IRAM 0/252kB(lfb 252kB) CPU [9%@1479,8%@1479,3%@1479,2%@1479] EMC_FREQ 2%@1600 GR3D_FREQ 14%@921 APE 25 PLL@36.5C CPU@39C PMIC@50C GPU@38C AO@45.5C thermal@38.25C POM_5V_IN 3761/3767 POM_5V_GPU 1003/1431 POM_5V_CPU 1003/485
RAM 1803/3964MB (lfb 107x4MB) SWAP 0/1982MB (cached 0MB) IRAM 0/252kB(lfb 252kB) CPU [1%@1224,5%@1224,2%@1224,4%@1224] EMC_FREQ 2%@1600 GR3D_FREQ 29%@921 APE 25 PLL@36.5C CPU@38.5C PMIC@50C GPU@38C AO@45.5C thermal@38.25C POM_5V_IN 3316/3767 POM_5V_GPU 1217/1431 POM_5V_CPU 419/485
RAM 1803/3964MB (lfb 107x4MB) SWAP 0/1982MB (cached 0MB) IRAM 0/252kB(lfb 252kB) CPU [21%@1224,14%@1224,1%@1224,1%@1224] EMC_FREQ 3%@1600 GR3D_FREQ 87%@921 APE 25 PLL@36.5C CPU@38.5C PMIC@50C GPU@38C AO@45.5C thermal@38.25C POM_5V_IN 3677/3767 POM_5V_GPU 1504/1431 POM_5V_CPU 459/485
RAM 1803/3964MB (lfb 107x4MB) SWAP 0/1982MB (cached 0MB) IRAM 0/252kB(lfb 252kB) CPU [20%@1224,10%@1224,7%@1224,5%@1224] EMC_FREQ 3%@1600 GR3D_FREQ 99%@921 APE 25 PLL@36.5C CPU@38.5C PMIC@50C GPU@38C AO@45C thermal@38.5C POM_5V_IN 3074/3766 POM_5V_GPU 1263/1431 POM_5V_CPU 168/485
RAM 1803/3964MB (lfb 107x4MB) SWAP 0/1982MB (cached 0MB) IRAM 0/252kB(lfb 252kB) CPU [0%@1224,0%@1224,0%@1224,0%@1224] EMC_FREQ 2%@1600 GR3D_FREQ 99%@921 APE 25 PLL@36C CPU@38.5C PMIC@50C GPU@38C AO@45C thermal@38.5C POM_5V_IN 3153/3766 POM_5V_GPU 1261/1431 POM_5V_CPU 252/485
RAM 1803/3964MB (lfb 107x4MB) SWAP 0/1982MB (cached 0MB) IRAM 0/252kB(lfb 252kB) CPU [8%@1224,0%@1224,0%@1224,0%@1224] EMC_FREQ 2%@1600 GR3D_FREQ 97%@921 APE 25 PLL@36.5C CPU@38.5C PMIC@50C GPU@38C AO@45.5C thermal@38.25C POM_5V_IN 3274/3765 POM_5V_GPU 1385/1431 POM_5V_CPU 293/485
RAM 1803/3964MB (lfb 107x4MB) SWAP 0/1982MB (cached 0MB) IRAM 0/252kB(lfb 252kB) CPU [33%@1479,0%@1479,3%@1479,1%@1479] EMC_FREQ 3%@1600 GR3D_FREQ 78%@921 APE 25 PLL@36C CPU@38.5C PMIC@50C GPU@38C AO@45.5C thermal@38.25C POM_5V_IN 3677/3765 POM_5V_GPU 1297/1431 POM_5V_CPU 669/485
RAM 1803/3964MB (lfb 107x4MB) SWAP 0/1982MB (cached 0MB) IRAM 0/252kB(lfb 252kB) CPU [18%@1224,1%@1224,1%@1224,1%@1224] EMC_FREQ 3%@1600 GR3D_FREQ 99%@921 APE 25 PLL@36.5C CPU@38.5C PMIC@50C GPU@38C AO@45C thermal@38.5C POM_5V_IN 2989/3765 POM_5V_GPU 1221/1431 POM_5V_CPU 168/484
RAM 1803/3964MB (lfb 107x4MB) SWAP 0/1982MB (cached 0MB) IRAM 0/252kB(lfb 252kB) CPU [1%@1224,0%@1224,0%@1224,0%@1224] EMC_FREQ 2%@1600 GR3D_FREQ 97%@921 APE 25 PLL@36.5C CPU@38.5C PMIC@50C GPU@38C AO@45.5C thermal@38.25C POM_5V_IN 3153/3765 POM_5V_GPU 1303/1431 POM_5V_CPU 252/484
RAM 1803/3964MB (lfb 107x4MB) SWAP 0/1982MB (cached 0MB) IRAM 0/252kB(lfb 252kB) CPU [8%@1224,0%@1224,0%@1224,0%@1224] EMC_FREQ 2%@1600 GR3D_FREQ 99%@921 APE 25 PLL@36C CPU@38.5C PMIC@50C GPU@38C AO@45.5C thermal@38.25C POM_5V_IN 3195/3764 POM_5V_GPU 1345/1431 POM_5V_CPU 209/484
RAM 1803/3964MB (lfb 107x4MB) SWAP 0/1982MB (cached 0MB) IRAM 0/252kB(lfb 252kB) CPU [28%@1428,1%@1479,0%@1479,0%@1479] EMC_FREQ 2%@1600 GR3D_FREQ 89%@921 APE 25 PLL@36.5C CPU@39C PMIC@50C GPU@38C AO@45.5C thermal@38.5C POM_5V_IN 3479/3764 POM_5V_GPU 1131/1430 POM_5V_CPU 669/484
RAM 1803/3964MB (lfb 107x4MB) SWAP 0/1982MB (cached 0MB) IRAM 0/252kB(lfb 252kB) CPU [23%@1224,0%@1224,1%@1224,1%@1224] EMC_FREQ 3%@1600 GR3D_FREQ 99%@921 APE 25 PLL@36C CPU@38.5C PMIC@50C GPU@38C AO@45.5C thermal@38.5C POM_5V_IN 2989/3763 POM_5V_GPU 1221/1430 POM_5V_CPU 168/484
RAM 1803/3964MB (lfb 107x4MB) SWAP 0/1982MB (cached 0MB) IRAM 0/252kB(lfb 252kB) CPU [1%@1224,0%@1224,0%@1224,0%@1224] EMC_FREQ 2%@1600 GR3D_FREQ 96%@921 APE 25 PLL@36C CPU@38.5C PMIC@50C GPU@38C AO@45.5C thermal@38.5C POM_5V_IN 3032/3763 POM_5V_GPU 1263/1430 POM_5V_CPU 210/484
RAM 1803/3964MB (lfb 107x4MB) SWAP 0/1982MB (cached 0MB) IRAM 0/252kB(lfb 252kB) CPU [7%@1224,0%@1224,0%@1224,0%@1224] EMC_FREQ 2%@1600 GR3D_FREQ 99%@921 APE 25 PLL@36.5C CPU@38C PMIC@50C GPU@38C AO@45.5C thermal@38C POM_5V_IN 3032/3762 POM_5V_GPU 1305/1430 POM_5V_CPU 168/484
RAM 1803/3964MB (lfb 107x4MB) SWAP 0/1982MB (cached 0MB) IRAM 0/252kB(lfb 252kB) CPU [22%@1224,0%@1224,0%@1224,1%@1224] EMC_FREQ 2%@1600 GR3D_FREQ 99%@921 APE 25 PLL@36.5C CPU@38.5C PMIC@50C GPU@38C AO@45.5C thermal@38C POM_5V_IN 3515/3762 POM_5V_GPU 1467/1430 POM_5V_CPU 377/484
RAM 1803/3964MB (lfb 107x4MB) SWAP 0/1982MB (cached 0MB) IRAM 0/252kB(lfb 252kB) CPU [32%@1224,0%@1224,1%@1224,1%@1224] EMC_FREQ 3%@1600 GR3D_FREQ 99%@921 APE 25 PLL@36.5C CPU@38.5C PMIC@50C GPU@38C AO@45.5C thermal@38.5C POM_5V_IN 3074/3762 POM_5V_GPU 1263/1430 POM_5V_CPU 210/483
RAM 1803/3964MB (lfb 107x4MB) SWAP 0/1982MB (cached 0MB) IRAM 0/252kB(lfb 252kB) CPU [2%@1224,0%@1224,0%@1224,0%@1224] EMC_FREQ 2%@1600 GR3D_FREQ 99%@921 APE 25 PLL@36.5C CPU@38.5C PMIC@50C GPU@38C AO@45C thermal@38.25C POM_5V_IN 3074/3761 POM_5V_GPU 1263/1430 POM_5V_CPU 168/483
RAM 1803/3964MB (lfb 107x4MB) SWAP 0/1982MB (cached 0MB) IRAM 0/252kB(lfb 252kB) CPU [6%@1224,0%@1224,0%@1224,0%@1224] EMC_FREQ 2%@1600 GR3D_FREQ 99%@921 APE 25 PLL@36C CPU@38.5C PMIC@50C GPU@38C AO@45C thermal@38.25C POM_5V_IN 3032/3761 POM_5V_GPU 1263/1430 POM_5V_CPU 168/483
RAM 1803/3964MB (lfb 107x4MB) SWAP 0/1982MB (cached 0MB) IRAM 0/252kB(lfb 252kB) CPU [20%@1224,0%@1224,1%@1224,0%@1224] EMC_FREQ 2%@1600 GR3D_FREQ 39%@921 APE 25 PLL@36.5C CPU@39C PMIC@50C GPU@38.5C AO@45.5C thermal@38.25C POM_5V_IN 3797/3761 POM_5V_GPU 1293/1430 POM_5V_CPU 792/483
RAM 1803/3964MB (lfb 107x4MB) SWAP 0/1982MB (cached 0MB) IRAM 0/252kB(lfb 252kB) CPU [26%@1224,6%@1224,2%@1224,2%@1224] EMC_FREQ 3%@1600 GR3D_FREQ 99%@921 APE 25 PLL@36.5C CPU@38.5C PMIC@50C GPU@38C AO@45C thermal@38.5C POM_5V_IN 3153/3760 POM_5V_GPU 1177/1429 POM_5V_CPU 336/483
RAM 1803/3964MB (lfb 107x4MB) SWAP 0/1982MB (cached 0MB) IRAM 0/252kB(lfb 252kB) CPU [0%@1224,0%@1224,0%@1224,0%@1224] EMC_FREQ 2%@1600 GR3D_FREQ 99%@921 APE 25 PLL@36.5C CPU@38.5C PMIC@50C GPU@38C AO@45C thermal@38.25C POM_5V_IN 3032/3760 POM_5V_GPU 1263/1429 POM_5V_CPU 168/483
RAM 1803/3964MB (lfb 107x4MB) SWAP 0/1982MB (cached 0MB) IRAM 0/252kB(lfb 252kB) CPU [0%@1479,5%@1479,0%@1479,1%@1479] EMC_FREQ 2%@1600 GR3D_FREQ 63%@921 APE 25 PLL@36.5C CPU@38C PMIC@50C GPU@38C AO@45C thermal@38C POM_5V_IN 3111/3760 POM_5V_GPU 1093/1429 POM_5V_CPU 378/483
RAM 1803/3964MB (lfb 107x4MB) SWAP 0/1982MB (cached 0MB) IRAM 0/252kB(lfb 252kB) CPU [1%@1224,6%@1224,0%@1224,0%@1224] EMC_FREQ 2%@1600 GR3D_FREQ 96%@921 APE 25 PLL@36.5C CPU@38.5C PMIC@50C GPU@38C AO@45.5C thermal@38C POM_5V_IN 3237/3759 POM_5V_GPU 1345/1429 POM_5V_CPU 251/483
RAM 1803/3964MB (lfb 107x4MB) SWAP 0/1982MB (cached 0MB) IRAM 0/252kB(lfb 252kB) CPU [2%@1224,33%@1224,1%@1224,1%@1224] EMC_FREQ 3%@1600 GR3D_FREQ 77%@921 APE 25 PLL@36.5C CPU@39C PMIC@50C GPU@38.5C AO@45.5C thermal@38.5C POM_5V_IN 3599/3759 POM_5V_GPU 1464/1429 POM_5V_CPU 418/483
RAM 1803/3964MB (lfb 107x4MB) SWAP 0/1982MB (cached 0MB) IRAM 0/252kB(lfb 252kB) CPU [1%@1224,14%@1224,0%@1224,1%@1224] EMC_FREQ 2%@1600 GR3D_FREQ 99%@921 APE 25 PLL@36.5C CPU@38.5C PMIC@50C GPU@38C AO@45C thermal@38.5C POM_5V_IN 2989/3759 POM_5V_GPU 1221/1429 POM_5V_CPU 168/482
RAM 1803/3964MB (lfb 107x4MB) SWAP 0/1982MB (cached 0MB) IRAM 0/252kB(lfb 252kB) CPU [0%@1224,0%@1224,0%@1224,0%@1224] EMC_FREQ 2%@1600 GR3D_FREQ 96%@921 APE 25 PLL@36.5C CPU@38.5C PMIC@50C GPU@38C AO@45.5C thermal@38.25C POM_5V_IN 3111/3758 POM_5V_GPU 1303/1429 POM_5V_CPU 209/482
RAM 1803/3964MB (lfb 107x4MB) SWAP 0/1982MB (cached 0MB) IRAM 0/252kB(lfb 252kB) CPU [0%@1224,7%@1224,0%@1224,0%@1224] EMC_FREQ 2%@1600 GR3D_FREQ 99%@921 APE 25 PLL@36.5C CPU@38.5C PMIC@50C GPU@38C AO@45.5C thermal@38.25C POM_5V_IN 3232/3758 POM_5V_GPU 1385/1429 POM_5V_CPU 209/482
RAM 1803/3964MB (lfb 107x4MB) SWAP 0/1982MB (cached 0MB) IRAM 0/252kB(lfb 252kB) CPU [1%@1479,24%@1479,1%@1479,0%@1479] EMC_FREQ 2%@1600 GR3D_FREQ 0%@921 APE 25 PLL@36.5C CPU@38.5C PMIC@50C GPU@38C AO@45C thermal@37.75C POM_5V_IN 3111/3757 POM_5V_GPU 673/1428 POM_5V_CPU 756/482
RAM 1803/3964MB (lfb 107x4MB) SWAP 0/1982MB (cached 0MB) IRAM 0/252kB(lfb 252kB) CPU [3%@1224,24%@1224,1%@1224,0%@1224] EMC_FREQ 3%@1600 GR3D_FREQ 99%@921 APE 25 PLL@36C CPU@38.5C PMIC@50C GPU@38C AO@45C thermal@38.25C POM_5V_IN 3032/3757 POM_5V_GPU 1263/1428 POM_5V_CPU 168/482
RAM 1803/3964MB (lfb 107x4MB) SWAP 0/1982MB (cached 0MB) IRAM 0/252kB(lfb 252kB) CPU [0%@1224,7%@1224,0%@1224,0%@1224] EMC_FREQ 2%@1600 GR3D_FREQ 96%@921 APE 25 PLL@36.5C CPU@38.5C PMIC@50C GPU@38C AO@45.5C thermal@38.25C POM_5V_IN 3195/3757 POM_5V_GPU 1345/1428 POM_5V_CPU 209/482
RAM 1803/3964MB (lfb 107x4MB) SWAP 0/1982MB (cached 0MB) IRAM 0/252kB(lfb 252kB) CPU [3%@1479,36%@1479,1%@1479,1%@1479] EMC_FREQ 3%@1600 GR3D_FREQ 92%@921 APE 25 PLL@36.5C CPU@38.5C PMIC@50C GPU@38.5C AO@45.5C thermal@38.25C POM_5V_IN 3797/3757 POM_5V_GPU 1502/1428 POM_5V_CPU 666/482
RAM 1803/3964MB (lfb 107x4MB) SWAP 0/1982MB (cached 0MB) IRAM 0/252kB(lfb 252kB) CPU [11%@1224,16%@1224,5%@1224,8%@1224] EMC_FREQ 3%@1600 GR3D_FREQ 99%@921 APE 25 PLL@36.5C CPU@38.5C PMIC@50C GPU@38C AO@45.5C thermal@38.25C POM_5V_IN 2989/3756 POM_5V_GPU 1221/1428 POM_5V_CPU 168/482
RAM 1803/3964MB (lfb 107x4MB) SWAP 0/1982MB (cached 0MB) IRAM 0/252kB(lfb 252kB) CPU [1%@1224,0%@1224,0%@1224,0%@1224] EMC_FREQ 2%@1600 GR3D_FREQ 99%@921 APE 25 PLL@36C CPU@38.5C PMIC@50C GPU@38C AO@45.5C thermal@38.25C POM_5V_IN 3074/3756 POM_5V_GPU 1263/1428 POM_5V_CPU 210/482
RAM 1803/3964MB (lfb 107x4MB) SWAP 0/1982MB (cached 0MB) IRAM 0/252kB(lfb 252kB) CPU [0%@1479,9%@1479,0%@1479,0%@1479] EMC_FREQ 2%@1600 GR3D_FREQ 94%@921 APE 25 PLL@36.5C CPU@38.5C PMIC@50C GPU@38C AO@45C thermal@38.25C POM_5V_IN 3153/3755 POM_5V_GPU 1051/1428 POM_5V_CPU 462/482
RAM 1803/3964MB (lfb 107x4MB) SWAP 0/1982MB (cached 0MB) IRAM 0/252kB(lfb 252kB) CPU [2%@1224,33%@1224,1%@1224,0%@1224] EMC_FREQ 3%@1600 GR3D_FREQ 14%@921 APE 25 PLL@36.5C CPU@38.5C PMIC@50C GPU@38C AO@45.5C thermal@38.25C POM_5V_IN 3719/3755 POM_5V_GPU 1337/1428 POM_5V_CPU 667/482
RAM 1803/3964MB (lfb 107x4MB) SWAP 0/1982MB (cached 0MB) IRAM 0/252kB(lfb 252kB) CPU [0%@1224,16%@1224,2%@1224,1%@1224] EMC_FREQ 3%@1600 GR3D_FREQ 99%@921 APE 25 PLL@36.5C CPU@38.5C PMIC@50C GPU@38.5C AO@45C thermal@38.5C POM_5V_IN 2989/3755 POM_5V_GPU 1221/1427 POM_5V_CPU 168/481
RAM 1803/3964MB (lfb 107x4MB) SWAP 0/1982MB (cached 0MB) IRAM 0/252kB(lfb 252kB) CPU [1%@1224,0%@1224,0%@1224,0%@1224] EMC_FREQ 2%@1600 GR3D_FREQ 99%@921 APE 25 PLL@36.5C CPU@38.5C PMIC@50C GPU@38C AO@45C thermal@38C POM_5V_IN 3032/3754 POM_5V_GPU 1221/1427 POM_5V_CPU 210/481
RAM 1803/3964MB (lfb 107x4MB) SWAP 0/1982MB (cached 0MB) IRAM 0/252kB(lfb 252kB) CPU [0%@1224,7%@1224,0%@1224,0%@1224] EMC_FREQ 2%@1600 GR3D_FREQ 97%@921 APE 25 PLL@36.5C CPU@38C PMIC@50C GPU@38.5C AO@45.5C thermal@38.5C POM_5V_IN 3358/3754 POM_5V_GPU 1511/1427 POM_5V_CPU 167/481
RAM 1803/3964MB (lfb 107x4MB) SWAP 0/1982MB (cached 0MB) IRAM 0/252kB(lfb 252kB) CPU [0%@1224,19%@1224,1%@1224,0%@1224] EMC_FREQ 2%@1600 GR3D_FREQ 95%@921 APE 25 PLL@36.5C CPU@38.5C PMIC@50C GPU@38.5C AO@45.5C thermal@38C POM_5V_IN 3838/3754 POM_5V_GPU 1460/1427 POM_5V_CPU 667/481
RAM 1803/3964MB (lfb 107x4MB) SWAP 0/1982MB (cached 0MB) IRAM 0/252kB(lfb 252kB) CPU [14%@1224,20%@1224,1%@1224,4%@1224] EMC_FREQ 3%@1600 GR3D_FREQ 97%@921 APE 25 PLL@36.5C CPU@38.5C PMIC@50C GPU@38C AO@45.5C thermal@38.25C POM_5V_IN 3195/3754 POM_5V_GPU 1303/1427 POM_5V_CPU 252/481
RAM 1803/3964MB (lfb 107x4MB) SWAP 0/1982MB (cached 0MB) IRAM 0/252kB(lfb 252kB) CPU [1%@1224,0%@1224,0%@1224,0%@1224] EMC_FREQ 2%@1600 GR3D_FREQ 96%@921 APE 25 PLL@36.5C CPU@38.5C PMIC@50C GPU@38C AO@45.5C thermal@38.25C POM_5V_IN 3074/3753 POM_5V_GPU 1263/1427 POM_5V_CPU 168/481
RAM 1803/3964MB (lfb 107x4MB) SWAP 0/1982MB (cached 0MB) IRAM 0/252kB(lfb 252kB) CPU [8%@1224,0%@1224,0%@1224,0%@1224] EMC_FREQ 2%@1600 GR3D_FREQ 96%@921 APE 25 PLL@36C CPU@38.5C PMIC@50C GPU@38C AO@45.5C thermal@38C POM_5V_IN 3111/3753 POM_5V_GPU 1303/1427 POM_5V_CPU 168/481
RAM 1803/3964MB (lfb 107x4MB) SWAP 0/1982MB (cached 0MB) IRAM 0/252kB(lfb 252kB) CPU [18%@1479,1%@1479,1%@1479,0%@1479] EMC_FREQ 2%@1600 GR3D_FREQ 95%@921 APE 25 PLL@36.5C CPU@38.5C PMIC@50C GPU@38C AO@45.5C thermal@38.5C POM_5V_IN 3557/3753 POM_5V_GPU 1255/1427 POM_5V_CPU 585/481
RAM 1803/3964MB (lfb 107x4MB) SWAP 0/1982MB (cached 0MB) IRAM 0/252kB(lfb 252kB) CPU [38%@1224,1%@1224,1%@1224,1%@1224] EMC_FREQ 3%@1600 GR3D_FREQ 99%@921 APE 25 PLL@36.5C CPU@38.5C PMIC@50C GPU@38C AO@45C thermal@38.5C POM_5V_IN 3111/3752 POM_5V_GPU 1052/1427 POM_5V_CPU 420/481
RAM 1803/3964MB (lfb 107x4MB) SWAP 0/1982MB (cached 0MB) IRAM 0/252kB(lfb 252kB) CPU [1%@1224,0%@1224,0%@1224,0%@1224] EMC_FREQ 2%@1600 GR3D_FREQ 99%@921 APE 25 PLL@36C CPU@38C PMIC@50C GPU@38C AO@45C thermal@38.25C POM_5V_IN 3074/3752 POM_5V_GPU 1263/1427 POM_5V_CPU 168/480
RAM 1803/3964MB (lfb 107x4MB) SWAP 0/1982MB (cached 0MB) IRAM 0/252kB(lfb 252kB) CPU [6%@1224,0%@1224,0%@1224,0%@1224] EMC_FREQ 2%@1600 GR3D_FREQ 99%@921 APE 25 PLL@36C CPU@38.5C PMIC@50C GPU@38C AO@45.5C thermal@38.25C POM_5V_IN 3074/3751 POM_5V_GPU 1221/1427 POM_5V_CPU 210/480
RAM 1803/3964MB (lfb 107x4MB) SWAP 0/1982MB (cached 0MB) IRAM 0/252kB(lfb 252kB) CPU [6%@1224,1%@1224,4%@1224,0%@1224] EMC_FREQ 2%@1600 GR3D_FREQ 76%@921 APE 25 PLL@36.5C CPU@38.5C PMIC@50C GPU@38C AO@45.5C thermal@38.25C POM_5V_IN 3838/3751 POM_5V_GPU 1460/1427 POM_5V_CPU 625/480
RAM 1803/3964MB (lfb 107x4MB) SWAP 0/1982MB (cached 0MB) IRAM 0/252kB(lfb 252kB) CPU [35%@1224,2%@1224,0%@1224,2%@1224] EMC_FREQ 3%@1600 GR3D_FREQ 60%@921 APE 25 PLL@36C CPU@38.5C PMIC@50C GPU@38.5C AO@45.5C thermal@38.5C POM_5V_IN 3677/3751 POM_5V_GPU 1420/1427 POM_5V_CPU 626/480
RAM 1803/3964MB (lfb 107x4MB) SWAP 0/1982MB (cached 0MB) IRAM 0/252kB(lfb 252kB) CPU [6%@1224,1%@1224,2%@1224,6%@1224] EMC_FREQ 2%@1600 GR3D_FREQ 99%@921 APE 25 PLL@36C CPU@38C PMIC@50C GPU@38C AO@45.5C thermal@38.25C POM_5V_IN 2989/3751 POM_5V_GPU 1221/1426 POM_5V_CPU 126/480
RAM 1803/3964MB (lfb 107x4MB) SWAP 0/1982MB (cached 0MB) IRAM 0/252kB(lfb 252kB) CPU [1%@1224,0%@1224,0%@1224,0%@1224] EMC_FREQ 2%@1600 GR3D_FREQ 96%@921 APE 25 PLL@36C CPU@38.5C PMIC@50C GPU@38C AO@45.5C thermal@38.25C POM_5V_IN 3111/3750 POM_5V_GPU 1261/1426 POM_5V_CPU 210/480
RAM 1803/3964MB (lfb 107x4MB) SWAP 0/1982MB (cached 0MB) IRAM 0/252kB(lfb 252kB) CPU [10%@1224,0%@1224,0%@1224,0%@1224] EMC_FREQ 2%@1600 GR3D_FREQ 67%@921 APE 25 PLL@36.5C CPU@38.5C PMIC@50C GPU@38C AO@45.5C thermal@38.25C POM_5V_IN 3195/3750 POM_5V_GPU 1135/1426 POM_5V_CPU 420/480
RAM 1803/3964MB (lfb 107x4MB) SWAP 0/1982MB (cached 0MB) IRAM 0/252kB(lfb 252kB) CPU [32%@1224,0%@1224,1%@1224,0%@1224] EMC_FREQ 2%@1600 GR3D_FREQ 92%@921 APE 25 PLL@36.5C CPU@38.5C PMIC@50C GPU@38C AO@46C thermal@38.5C POM_5V_IN 3683/3750 POM_5V_GPU 1420/1426 POM_5V_CPU 501/480
RAM 1803/3964MB (lfb 107x4MB) SWAP 0/1982MB (cached 0MB) IRAM 0/252kB(lfb 252kB) CPU [20%@1224,1%@1224,2%@1224,1%@1224] EMC_FREQ 2%@1600 GR3D_FREQ 99%@921 APE 25 PLL@36.5C CPU@38C PMIC@50C GPU@38.5C AO@45.5C thermal@38.5C POM_5V_IN 3032/3750 POM_5V_GPU 1263/1426 POM_5V_CPU 168/480
RAM 1803/3964MB (lfb 107x4MB) SWAP 0/1982MB (cached 0MB) IRAM 0/252kB(lfb 252kB) CPU [1%@1224,0%@1224,0%@1224,0%@1224] EMC_FREQ 2%@1600 GR3D_FREQ 99%@921 APE 25 PLL@36C CPU@38.5C PMIC@50C GPU@38C AO@45.5C thermal@38.5C POM_5V_IN 2989/3749 POM_5V_GPU 1221/1426 POM_5V_CPU 168/480
RAM 1803/3964MB (lfb 107x4MB) SWAP 0/1982MB (cached 0MB) IRAM 0/252kB(lfb 252kB) CPU [7%@1224,0%@1224,0%@1224,0%@1224] EMC_FREQ 2%@1600 GR3D_FREQ 99%@921 APE 25 PLL@36.5C CPU@38.5C PMIC@50C GPU@38C AO@45C thermal@38.25C POM_5V_IN 3032/3749 POM_5V_GPU 1263/1426 POM_5V_CPU 168/479
RAM 1803/3964MB (lfb 107x4MB) SWAP 0/1982MB (cached 0MB) IRAM 0/252kB(lfb 252kB) CPU [22%@1479,0%@1479,1%@1479,1%@1479] EMC_FREQ 2%@1600 GR3D_FREQ 42%@921 APE 25 PLL@36.5C CPU@38.5C PMIC@50C GPU@38C AO@45.5C thermal@38.25C POM_5V_IN 3880/3749 POM_5V_GPU 1335/1426 POM_5V_CPU 792/480
RAM 1803/3964MB (lfb 107x4MB) SWAP 0/1982MB (cached 0MB) IRAM 0/252kB(lfb 252kB) CPU [31%@1224,0%@1224,2%@1224,1%@1224] EMC_FREQ 3%@1600 GR3D_FREQ 99%@921 APE 25 PLL@36C CPU@38.5C PMIC@50C GPU@38C AO@45.5C thermal@38.5C POM_5V_IN 3032/3748 POM_5V_GPU 1179/1426 POM_5V_CPU 252/479
RAM 1803/3964MB (lfb 107x4MB) SWAP 0/1982MB (cached 0MB) IRAM 0/252kB(lfb 252kB) CPU [0%@1224,0%@1224,0%@1224,0%@1224] EMC_FREQ 2%@1600 GR3D_FREQ 99%@921 APE 25 PLL@36.5C CPU@38.5C PMIC@50C GPU@38C AO@45.5C thermal@38.25C POM_5V_IN 3074/3748 POM_5V_GPU 1263/1425 POM_5V_CPU 168/479
RAM 1803/3964MB (lfb 107x4MB) SWAP 0/1982MB (cached 0MB) IRAM 0/252kB(lfb 252kB) CPU [8%@1224,0%@1224,0%@1224,0%@1224] EMC_FREQ 2%@1600 GR3D_FREQ 95%@921 APE 25 PLL@36.5C CPU@38.5C PMIC@50C GPU@38C AO@46C thermal@38.25C POM_5V_IN 3111/3747 POM_5V_GPU 1261/1425 POM_5V_CPU 168/479
RAM 1803/3964MB (lfb 107x4MB) SWAP 0/1982MB (cached 0MB) IRAM 0/252kB(lfb 252kB) CPU [10%@1479,0%@1479,0%@1479,0%@1479] EMC_FREQ 2%@1600 GR3D_FREQ 44%@921 APE 25 PLL@36.5C CPU@39C PMIC@50C GPU@38.5C AO@46C thermal@38C POM_5V_IN 3922/3747 POM_5V_GPU 1377/1425 POM_5V_CPU 792/479
RAM 1803/3964MB (lfb 107x4MB) SWAP 0/1982MB (cached 0MB) IRAM 0/252kB(lfb 252kB) CPU [35%@1224,0%@1224,2%@1224,1%@1224] EMC_FREQ 3%@1600 GR3D_FREQ 97%@921 APE 25 PLL@36.5C CPU@39C PMIC@50C GPU@38C AO@45.5C thermal@38.25C POM_5V_IN 3274/3747 POM_5V_GPU 1301/1425 POM_5V_CPU 335/479
RAM 1803/3964MB (lfb 107x4MB) SWAP 0/1982MB (cached 0MB) IRAM 0/252kB(lfb 252kB) CPU [18%@1224,7%@1224,7%@1224,4%@1224] EMC_FREQ 2%@1600 GR3D_FREQ 99%@921 APE 25 PLL@36C CPU@38.5C PMIC@50C GPU@38C AO@45.5C thermal@38.5C POM_5V_IN 3111/3747 POM_5V_GPU 1305/1425 POM_5V_CPU 210/479
RAM 1803/3964MB (lfb 107x4MB) SWAP 0/1982MB (cached 0MB) IRAM 0/252kB(lfb 252kB) CPU [7%@1479,0%@1479,0%@1479,0%@1479] EMC_FREQ 2%@1600 GR3D_FREQ 0%@921 APE 25 PLL@36C CPU@38.5C PMIC@50C GPU@38C AO@45C thermal@38.25C POM_5V_IN 3032/3746 POM_5V_GPU 842/1425 POM_5V_CPU 547/479
RAM 1803/3964MB (lfb 107x4MB) SWAP 0/1982MB (cached 0MB) IRAM 0/252kB(lfb 252kB) CPU [5%@1224,0%@1224,0%@1224,0%@1224] EMC_FREQ 2%@1600 GR3D_FREQ 90%@921 APE 25 PLL@36C CPU@38.5C PMIC@50C GPU@38C AO@46C thermal@38.25C POM_5V_IN 3599/3746 POM_5V_GPU 1548/1425 POM_5V_CPU 334/479
RAM 1803/3964MB (lfb 107x4MB) SWAP 0/1982MB (cached 0MB) IRAM 0/252kB(lfb 252kB) CPU [38%@1224,1%@1224,2%@1224,2%@1224] EMC_FREQ 3%@1600 GR3D_FREQ 72%@921 APE 25 PLL@36C CPU@39C PMIC@50C GPU@38.5C AO@45.5C thermal@38C POM_5V_IN 3797/3746 POM_5V_GPU 1377/1425 POM_5V_CPU 792/479
RAM 1803/3964MB (lfb 107x4MB) SWAP 0/1982MB (cached 0MB) IRAM 0/252kB(lfb 252kB) CPU [82%@1479,0%@1479,0%@1479,1%@1479] EMC_FREQ 2%@1600 GR3D_FREQ 0%@76 APE 25 PLL@36C CPU@39C PMIC@50C GPU@38C AO@45C thermal@38.5C POM_5V_IN 2457/3745 POM_5V_GPU 0/1424 POM_5V_CPU 889/479
RAM 1803/3964MB (lfb 107x4MB) SWAP 0/1982MB (cached 0MB) IRAM 0/252kB(lfb 252kB) CPU [100%@1479,0%@1479,0%@1479,0%@1479] EMC_FREQ 1%@1600 GR3D_FREQ 0%@76 APE 25 PLL@36C CPU@39C PMIC@50C GPU@38C AO@45C thermal@38.75C POM_5V_IN 2580/3745 POM_5V_GPU 0/1423 POM_5V_CPU 1015/480
RAM 1803/3964MB (lfb 107x4MB) SWAP 0/1982MB (cached 0MB) IRAM 0/252kB(lfb 252kB) CPU [100%@1479,0%@1479,0%@1479,0%@1479] EMC_FREQ 1%@1600 GR3D_FREQ 0%@76 APE 25 PLL@36C CPU@39C PMIC@50C GPU@38C AO@45C thermal@38.5C POM_5V_IN 2457/3744 POM_5V_GPU 0/1422 POM_5V_CPU 889/480
RAM 1803/3964MB (lfb 107x4MB) SWAP 0/1982MB (cached 0MB) IRAM 0/252kB(lfb 252kB) CPU [100%@1479,0%@1479,0%@1479,0%@1479] EMC_FREQ 0%@1600 GR3D_FREQ 0%@76 APE 25 PLL@36.5C CPU@39C PMIC@50C GPU@38.5C AO@45C thermal@38.25C POM_5V_IN 2538/3743 POM_5V_GPU 0/1421 POM_5V_CPU 1015/480
RAM 1803/3964MB (lfb 107x4MB) SWAP 0/1982MB (cached 0MB) IRAM 0/252kB(lfb 252kB) CPU [100%@1479,0%@1479,0%@1479,0%@1479] EMC_FREQ 0%@1600 GR3D_FREQ 0%@76 APE 25 PLL@36.5C CPU@39C PMIC@50C GPU@38.5C AO@45.5C thermal@38.5C POM_5V_IN 2457/3742 POM_5V_GPU 0/1420 POM_5V_CPU 932/481
RAM 1803/3964MB (lfb 107x4MB) SWAP 0/1982MB (cached 0MB) IRAM 0/252kB(lfb 252kB) CPU [100%@1479,0%@1479,0%@1479,0%@1479] EMC_FREQ 0%@1600 GR3D_FREQ 0%@76 APE 25 PLL@36.5C CPU@39C PMIC@50C GPU@38.5C AO@45C thermal@38.5C POM_5V_IN 2542/3741 POM_5V_GPU 0/1419 POM_5V_CPU 972/481
RAM 1803/3964MB (lfb 107x4MB) SWAP 0/1982MB (cached 0MB) IRAM 0/252kB(lfb 252kB) CPU [100%@1479,0%@1479,0%@1479,0%@1479] EMC_FREQ 0%@1600 GR3D_FREQ 0%@76 APE 25 PLL@36.5C CPU@39C PMIC@50C GPU@38.5C AO@45C thermal@38.5C POM_5V_IN 2499/3741 POM_5V_GPU 0/1418 POM_5V_CPU 974/481
RAM 1803/3964MB (lfb 107x4MB) SWAP 0/1982MB (cached 0MB) IRAM 0/252kB(lfb 252kB) CPU [100%@1479,0%@1479,0%@1479,0%@1479] EMC_FREQ 0%@1600 GR3D_FREQ 0%@76 APE 25 PLL@36C CPU@39C PMIC@50C GPU@38C AO@45C thermal@38.5C POM_5V_IN 2542/3740 POM_5V_GPU 0/1418 POM_5V_CPU 972/482
RAM 1803/3964MB (lfb 107x4MB) SWAP 0/1982MB (cached 0MB) IRAM 0/252kB(lfb 252kB) CPU [100%@1479,0%@1479,0%@1479,0%@1479] EMC_FREQ 0%@1600 GR3D_FREQ 0%@76 APE 25 PLL@36.5C CPU@39C PMIC@50C GPU@38.5C AO@45C thermal@38.5C POM_5V_IN 2457/3739 POM_5V_GPU 0/1417 POM_5V_CPU 932/482
RAM 1803/3964MB (lfb 107x4MB) SWAP 0/1982MB (cached 0MB) IRAM 0/252kB(lfb 252kB) CPU [100%@1479,0%@1479,0%@1479,0%@1479] EMC_FREQ 0%@1600 GR3D_FREQ 0%@76 APE 25 PLL@36.5C CPU@38.5C PMIC@50C GPU@38.5C AO@45C thermal@38.5C POM_5V_IN 2499/3738 POM_5V_GPU 0/1416 POM_5V_CPU 932/482
RAM 1803/3964MB (lfb 107x4MB) SWAP 0/1982MB (cached 0MB) IRAM 0/252kB(lfb 252kB) CPU [100%@1479,0%@1479,0%@1479,0%@1479] EMC_FREQ 0%@1600 GR3D_FREQ 0%@76 APE 25 PLL@36C CPU@38.5C PMIC@50C GPU@38C AO@45C thermal@38.5C POM_5V_IN 2499/3737 POM_5V_GPU 0/1415 POM_5V_CPU 932/482
RAM 1803/3964MB (lfb 107x4MB) SWAP 0/1982MB (cached 0MB) IRAM 0/252kB(lfb 252kB) CPU [100%@1479,0%@1479,0%@1479,0%@1479] EMC_FREQ 0%@1600 GR3D_FREQ 0%@76 APE 25 PLL@36C CPU@39C PMIC@50C GPU@38C AO@45C thermal@38.25C POM_5V_IN 2538/3737 POM_5V_GPU 0/1414 POM_5V_CPU 972/483
RAM 1803/3964MB (lfb 107x4MB) SWAP 0/1982MB (cached 0MB) IRAM 0/252kB(lfb 252kB) CPU [100%@1479,0%@1479,0%@1479,0%@1479] EMC_FREQ 0%@1600 GR3D_FREQ 0%@76 APE 25 PLL@36C CPU@39C PMIC@50C GPU@38C AO@45C thermal@38.5C POM_5V_IN 2457/3736 POM_5V_GPU 0/1413 POM_5V_CPU 932/483
RAM 1803/3964MB (lfb 107x4MB) SWAP 0/1982MB (cached 0MB) IRAM 0/252kB(lfb 252kB) CPU [100%@1479,0%@1479,0%@1479,0%@1479] EMC_FREQ 0%@1600 GR3D_FREQ 0%@76 APE 25 PLL@36C CPU@39C PMIC@50C GPU@38C AO@44.5C thermal@38.5C POM_5V_IN 2538/3735 POM_5V_GPU 0/1412 POM_5V_CPU 1015/483
RAM 1803/3964MB (lfb 107x4MB) SWAP 0/1982MB (cached 0MB) IRAM 0/252kB(lfb 252kB) CPU [100%@1479,0%@1479,0%@1479,0%@1479] EMC_FREQ 0%@1600 GR3D_FREQ 0%@76 APE 25 PLL@36C CPU@38.5C PMIC@50C GPU@38C AO@44.5C thermal@38.5C POM_5V_IN 2457/3734 POM_5V_GPU 0/1411 POM_5V_CPU 932/484
RAM 1803/3964MB (lfb 107x4MB) SWAP 0/1982MB (cached 0MB) IRAM 0/252kB(lfb 252kB) CPU [100%@1479,0%@1479,0%@1479,0%@1479] EMC_FREQ 0%@1600 GR3D_FREQ 0%@76 APE 25 PLL@36C CPU@39C PMIC@50C GPU@38C AO@44.5C thermal@38.5C POM_5V_IN 2542/3734 POM_5V_GPU 0/1410 POM_5V_CPU 972/484
RAM 1803/3964MB (lfb 107x4MB) SWAP 0/1982MB (cached 0MB) IRAM 0/252kB(lfb 252kB) CPU [100%@1479,0%@1479,0%@1479,0%@1479] EMC_FREQ 0%@1600 GR3D_FREQ 0%@76 APE 25 PLL@35.5C CPU@38.5C PMIC@50C GPU@38C AO@44.5C thermal@38.25C POM_5V_IN 2457/3733 POM_5V_GPU 0/1409 POM_5V_CPU 889/484
RAM 1803/3964MB (lfb 107x4MB) SWAP 0/1982MB (cached 0MB) IRAM 0/252kB(lfb 252kB) CPU [100%@1479,0%@1479,0%@1479,0%@1479] EMC_FREQ 0%@1600 GR3D_FREQ 0%@76 APE 25 PLL@35.5C CPU@38.5C PMIC@50C GPU@38C AO@44.5C thermal@38.25C POM_5V_IN 2499/3732 POM_5V_GPU 0/1408 POM_5V_CPU 974/485
RAM 1803/3964MB (lfb 107x4MB) SWAP 0/1982MB (cached 0MB) IRAM 0/252kB(lfb 252kB) CPU [100%@1479,0%@1479,0%@1479,0%@1479] EMC_FREQ 0%@1600 GR3D_FREQ 0%@76 APE 25 PLL@36C CPU@38.5C PMIC@50C GPU@38C AO@44.5C thermal@38.25C POM_5V_IN 2457/3731 POM_5V_GPU 0/1408 POM_5V_CPU 932/485
RAM 1803/3964MB (lfb 107x4MB) SWAP 0/1982MB (cached 0MB) IRAM 0/252kB(lfb 252kB) CPU [100%@1479,0%@1479,0%@1479,0%@1479] EMC_FREQ 0%@1600 GR3D_FREQ 0%@76 APE 25 PLL@36C CPU@38.5C PMIC@50C GPU@38C AO@44.5C thermal@38.25C POM_5V_IN 2499/3730 POM_5V_GPU 0/1407 POM_5V_CPU 972/485
RAM 1803/3964MB (lfb 107x4MB) SWAP 0/1982MB (cached 0MB) IRAM 0/252kB(lfb 252kB) CPU [100%@1479,0%@1479,0%@1479,0%@1479] EMC_FREQ 0%@1600 GR3D_FREQ 0%@76 APE 25 PLL@36C CPU@38.5C PMIC@50C GPU@38C AO@44.5C thermal@38.25C POM_5V_IN 2414/3729 POM_5V_GPU 0/1406 POM_5V_CPU 889/485
RAM 1803/3964MB (lfb 107x4MB) SWAP 0/1982MB (cached 0MB) IRAM 0/252kB(lfb 252kB) CPU [100%@1479,2%@1479,1%@1479,0%@1479] EMC_FREQ 0%@1600 GR3D_FREQ 0%@76 APE 25 PLL@36C CPU@39C PMIC@50C GPU@38C AO@44.5C thermal@38.25C POM_5V_IN 2542/3729 POM_5V_GPU 0/1405 POM_5V_CPU 972/486
RAM 1803/3964MB (lfb 107x4MB) SWAP 0/1982MB (cached 0MB) IRAM 0/252kB(lfb 252kB) CPU [100%@1479,5%@1479,6%@1479,8%@1479] EMC_FREQ 0%@1600 GR3D_FREQ 0%@76 APE 25 PLL@35.5C CPU@38.5C PMIC@50C GPU@38C AO@44.5C thermal@38.25C POM_5V_IN 2499/3728 POM_5V_GPU 0/1404 POM_5V_CPU 932/486
RAM 1803/3964MB (lfb 107x4MB) SWAP 0/1982MB (cached 0MB) IRAM 0/252kB(lfb 252kB) CPU [100%@1479,0%@1479,0%@1479,0%@1479] EMC_FREQ 0%@1600 GR3D_FREQ 0%@76 APE 25 PLL@35.5C CPU@38.5C PMIC@50C GPU@38C AO@44.5C thermal@38.25C POM_5V_IN 2542/3727 POM_5V_GPU 0/1403 POM_5V_CPU 972/486
RAM 1803/3964MB (lfb 107x4MB) SWAP 0/1982MB (cached 0MB) IRAM 0/252kB(lfb 252kB) CPU [100%@1479,0%@1479,0%@1479,0%@1479] EMC_FREQ 0%@1600 GR3D_FREQ 0%@76 APE 25 PLL@35.5C CPU@38.5C PMIC@50C GPU@38C AO@44.5C thermal@38.25C POM_5V_IN 2499/3726 POM_5V_GPU 0/1402 POM_5V_CPU 974/487
RAM 1803/3964MB (lfb 107x4MB) SWAP 0/1982MB (cached 0MB) IRAM 0/252kB(lfb 252kB) CPU [100%@1479,0%@1479,0%@1479,0%@1479] EMC_FREQ 0%@1600 GR3D_FREQ 0%@76 APE 25 PLL@35.5C CPU@38.5C PMIC@50C GPU@38C AO@44.5C thermal@38.25C POM_5V_IN 2538/3726 POM_5V_GPU 0/1401 POM_5V_CPU 1015/487
RAM 1805/3964MB (lfb 107x4MB) SWAP 0/1982MB (cached 0MB) IRAM 0/252kB(lfb 252kB) CPU [100%@1479,4%@1479,3%@1479,9%@1479] EMC_FREQ 0%@1600 GR3D_FREQ 0%@76 APE 25 PLL@36C CPU@38.5C PMIC@50C GPU@38C AO@44.5C thermal@38.25C POM_5V_IN 3195/3725 POM_5V_GPU 0/1400 POM_5V_CPU 1595/488
RAM 1803/3964MB (lfb 107x4MB) SWAP 0/1982MB (cached 0MB) IRAM 0/252kB(lfb 252kB) CPU [100%@1479,2%@1479,1%@1479,2%@1479] EMC_FREQ 0%@1600 GR3D_FREQ 0%@76 APE 25 PLL@35.5C CPU@38.5C PMIC@50C GPU@38C AO@44.5C thermal@38.25C POM_5V_IN 2499/3725 POM_5V_GPU 0/1400 POM_5V_CPU 932/488
RAM 1803/3964MB (lfb 107x4MB) SWAP 0/1982MB (cached 0MB) IRAM 0/252kB(lfb 252kB) CPU [100%@1479,0%@1479,0%@1479,0%@1479] EMC_FREQ 0%@1600 GR3D_FREQ 0%@76 APE 25 PLL@35.5C CPU@38C PMIC@50C GPU@38C AO@44.5C thermal@38.25C POM_5V_IN 2457/3724 POM_5V_GPU 0/1399 POM_5V_CPU 889/488
RAM 1803/3964MB (lfb 107x4MB) SWAP 0/1982MB (cached 0MB) IRAM 0/252kB(lfb 252kB) CPU [100%@1479,0%@1479,0%@1479,0%@1479] EMC_FREQ 0%@1600 GR3D_FREQ 0%@76 APE 25 PLL@35.5C CPU@38.5C PMIC@50C GPU@38C AO@44C thermal@38.25C POM_5V_IN 2538/3723 POM_5V_GPU 0/1398 POM_5V_CPU 1015/489
RAM 1803/3964MB (lfb 107x4MB) SWAP 0/1982MB (cached 0MB) IRAM 0/252kB(lfb 252kB) CPU [100%@1479,0%@1479,0%@1479,0%@1479] EMC_FREQ 0%@1600 GR3D_FREQ 0%@76 APE 25 PLL@35.5C CPU@38.5C PMIC@50C GPU@38C AO@44C thermal@38.25C POM_5V_IN 2499/3722 POM_5V_GPU 0/1397 POM_5V_CPU 932/489
RAM 1803/3964MB (lfb 107x4MB) SWAP 0/1982MB (cached 0MB) IRAM 0/252kB(lfb 252kB) CPU [100%@1479,0%@1479,0%@1479,0%@1479] EMC_FREQ 0%@1600 GR3D_FREQ 0%@76 APE 25 PLL@35.5C CPU@38.5C PMIC@50C GPU@38C AO@44.5C thermal@38.25C POM_5V_IN 2499/3721 POM_5V_GPU 0/1396 POM_5V_CPU 932/489
RAM 1803/3964MB (lfb 107x4MB) SWAP 0/1982MB (cached 0MB) IRAM 0/252kB(lfb 252kB) CPU [100%@1479,0%@1479,0%@1479,0%@1479] EMC_FREQ 0%@1600 GR3D_FREQ 0%@76 APE 25 PLL@35.5C CPU@38.5C PMIC@50C GPU@38C AO@44C thermal@38.25C POM_5V_IN 2457/3721 POM_5V_GPU 0/1395 POM_5V_CPU 889/489
RAM 1803/3964MB (lfb 107x4MB) SWAP 0/1982MB (cached 0MB) IRAM 0/252kB(lfb 252kB) CPU [100%@1479,0%@1479,0%@1479,0%@1479] EMC_FREQ 0%@1600 GR3D_FREQ 0%@76 APE 25 PLL@35.5C CPU@38.5C PMIC@50C GPU@38C AO@44.5C thermal@38.25C POM_5V_IN 2538/3720 POM_5V_GPU 0/1394 POM_5V_CPU 1015/490
RAM 1803/3964MB (lfb 107x4MB) SWAP 0/1982MB (cached 0MB) IRAM 0/252kB(lfb 252kB) CPU [100%@1479,0%@1479,0%@1479,0%@1479] EMC_FREQ 0%@1600 GR3D_FREQ 0%@76 APE 25 PLL@35.5C CPU@38.5C PMIC@50C GPU@38C AO@44.5C thermal@38.25C POM_5V_IN 2499/3719 POM_5V_GPU 0/1393 POM_5V_CPU 974/490
RAM 1803/3964MB (lfb 107x4MB) SWAP 0/1982MB (cached 0MB) IRAM 0/252kB(lfb 252kB) CPU [100%@1479,0%@1479,0%@1479,0%@1479] EMC_FREQ 0%@1600 GR3D_FREQ 0%@76 APE 25 PLL@35.5C CPU@38.5C PMIC@50C GPU@38C AO@44C thermal@38.25C POM_5V_IN 2499/3718 POM_5V_GPU 0/1392 POM_5V_CPU 932/490
RAM 1803/3964MB (lfb 107x4MB) SWAP 0/1982MB (cached 0MB) IRAM 0/252kB(lfb 252kB) CPU [100%@1479,0%@1479,0%@1479,0%@1479] EMC_FREQ 0%@1600 GR3D_FREQ 0%@76 APE 25 PLL@35.5C CPU@38.5C PMIC@50C GPU@38C AO@44C thermal@38.25C POM_5V_IN 2457/3718 POM_5V_GPU 0/1392 POM_5V_CPU 932/491
RAM 1803/3964MB (lfb 107x4MB) SWAP 0/1982MB (cached 0MB) IRAM 0/252kB(lfb 252kB) CPU [100%@1479,0%@1479,0%@1479,0%@1479] EMC_FREQ 0%@1600 GR3D_FREQ 0%@76 APE 25 PLL@36C CPU@38.5C PMIC@50C GPU@38C AO@44C thermal@38.25C POM_5V_IN 2457/3717 POM_5V_GPU 0/1391 POM_5V_CPU 889/491
RAM 1803/3964MB (lfb 107x4MB) SWAP 0/1982MB (cached 0MB) IRAM 0/252kB(lfb 252kB) CPU [100%@1479,0%@1479,0%@1479,0%@1479] EMC_FREQ 0%@1600 GR3D_FREQ 0%@76 APE 25 PLL@35.5C CPU@38.5C PMIC@50C GPU@38C AO@44C thermal@38.25C POM_5V_IN 2499/3716 POM_5V_GPU 0/1390 POM_5V_CPU 932/491
RAM 1803/3964MB (lfb 107x4MB) SWAP 0/1982MB (cached 0MB) IRAM 0/252kB(lfb 252kB) CPU [100%@1479,0%@1479,0%@1479,0%@1479] EMC_FREQ 0%@1600 GR3D_FREQ 0%@76 APE 25 PLL@35.5C CPU@38C PMIC@50C GPU@38C AO@44.5C thermal@38C POM_5V_IN 2542/3715 POM_5V_GPU 0/1389 POM_5V_CPU 972/491
RAM 1803/3964MB (lfb 107x4MB) SWAP 0/1982MB (cached 0MB) IRAM 0/252kB(lfb 252kB) CPU [100%@1479,0%@1479,0%@1479,0%@1479] EMC_FREQ 0%@1600 GR3D_FREQ 0%@76 APE 25 PLL@35.5C CPU@38C PMIC@50C GPU@38C AO@44C thermal@38C POM_5V_IN 2457/3714 POM_5V_GPU 0/1388 POM_5V_CPU 889/492
RAM 1803/3964MB (lfb 107x4MB) SWAP 0/1982MB (cached 0MB) IRAM 0/252kB(lfb 252kB) CPU [100%@1479,0%@1479,0%@1479,0%@1479] EMC_FREQ 0%@1600 GR3D_FREQ 0%@76 APE 25 PLL@35.5C CPU@38C PMIC@50C GPU@38C AO@44C thermal@38C POM_5V_IN 2542/3714 POM_5V_GPU 0/1387 POM_5V_CPU 972/492
RAM 1803/3964MB (lfb 107x4MB) SWAP 0/1982MB (cached 0MB) IRAM 0/252kB(lfb 252kB) CPU [100%@1479,0%@1479,0%@1479,0%@1479] EMC_FREQ 0%@1600 GR3D_FREQ 0%@76 APE 25 PLL@35.5C CPU@38C PMIC@50C GPU@38C AO@44C thermal@38C POM_5V_IN 2457/3713 POM_5V_GPU 0/1386 POM_5V_CPU 932/492
RAM 1803/3964MB (lfb 107x4MB) SWAP 0/1982MB (cached 0MB) IRAM 0/252kB(lfb 252kB) CPU [100%@1479,0%@1479,0%@1479,0%@1479] EMC_FREQ 0%@1600 GR3D_FREQ 0%@76 APE 25 PLL@35.5C CPU@38C PMIC@50C GPU@38C AO@44C thermal@38C POM_5V_IN 2542/3712 POM_5V_GPU 0/1385 POM_5V_CPU 972/492
RAM 1805/3964MB (lfb 107x4MB) SWAP 0/1982MB (cached 0MB) IRAM 0/252kB(lfb 252kB) CPU [100%@1479,5%@1479,2%@1479,12%@1479] EMC_FREQ 0%@1600 GR3D_FREQ 0%@76 APE 25 PLL@35.5C CPU@38C PMIC@50C GPU@38C AO@44C thermal@38.25C POM_5V_IN 3195/3712 POM_5V_GPU 0/1385 POM_5V_CPU 1555/493
RAM 1803/3964MB (lfb 107x4MB) SWAP 0/1982MB (cached 0MB) IRAM 0/252kB(lfb 252kB) CPU [100%@1479,10%@1479,13%@1479,6%@1479] EMC_FREQ 0%@1600 GR3D_FREQ 0%@76 APE 25 PLL@35.5C CPU@38C PMIC@50C GPU@38C AO@44C thermal@38C POM_5V_IN 2538/3711 POM_5V_GPU 0/1384 POM_5V_CPU 1015/493
RAM 1804/3964MB (lfb 107x4MB) SWAP 0/1982MB (cached 0MB) IRAM 0/252kB(lfb 252kB) CPU [100%@1479,12%@1479,12%@1479,12%@1479] EMC_FREQ 0%@1600 GR3D_FREQ 0%@76 APE 25 PLL@35.5C CPU@38C PMIC@50C GPU@38C AO@44C thermal@38C POM_5V_IN 2580/3710 POM_5V_GPU 0/1383 POM_5V_CPU 1015/494
RAM 1803/3964MB (lfb 107x4MB) SWAP 0/1982MB (cached 0MB) IRAM 0/252kB(lfb 252kB) CPU [100%@1479,9%@1479,9%@1479,5%@1479] EMC_FREQ 0%@1600 GR3D_FREQ 0%@76 APE 25 PLL@35.5C CPU@38C PMIC@50C GPU@38C AO@44.5C thermal@38C POM_5V_IN 2580/3710 POM_5V_GPU 0/1382 POM_5V_CPU 972/494
