frame,time_s,x1,y1,x2,y2,conf,cls
0,0.0,20.7,2.1,364.5,168.4,0.9222,0
1,0.0334,38.7,2.3,348.8,165.8,0.9283,0
2,0.0667,24.0,1.4,348.3,166.0,0.9177,0
3,0.1001,13.4,1.7,350.0,166.7,0.9106,0
4,0.1335,61.8,1.5,354.2,166.3,0.9366,0
5,0.1668,41.9,1.5,356.4,167.0,0.94,0
6,0.2002,46.0,2.6,365.7,166.8,0.9432,0
7,0.2336,37.3,1.9,351.4,166.5,0.9422,0
8,0.2669,21.6,2.0,353.5,166.0,0.9259,0
9,0.3003,38.6,2.7,359.1,167.3,0.9164,0
10,0.3337,48.5,3.0,362.0,168.5,0.8907,0
11,0.367,55.6,2.4,367.3,167.9,0.9034,0
12,0.4004,45.6,2.1,359.5,165.6,0.9078,0
13,0.4338,32.1,1.7,357.9,165.4,0.9104,0
14,0.4671,31.7,0.8,348.9,167.7,0.9064,0
15,0.5005,43.5,1.9,351.3,165.5,0.9131,0
16,0.5339,35.2,2.2,356.7,165.8,0.9051,0
17,0.5672,59.0,3.0,355.8,165.8,0.9246,0
18,0.6006,49.1,1.9,364.0,166.2,0.8906,0
19,0.634,58.5,2.2,357.4,167.1,0.9048,0
20,0.6673,59.5,2.6,356.2,167.0,0.9144,0
21,0.7007,50.9,1.5,355.7,167.1,0.9013,0
22,0.7341,36.1,1.7,352.5,166.1,0.9202,0
23,0.7674,41.0,2.3,355.7,165.0,0.9241,0
24,0.8008,43.7,1.5,359.1,165.6,0.9247,0
25,0.8342,34.3,1.6,359.8,165.0,0.9269,0
26,0.8675,25.8,0.9,365.0,165.7,0.9016,0
27,0.9009,78.2,2.1,361.2,165.9,0.9037,0
28,0.9343,43.3,2.2,359.9,166.3,0.887,0
29,0.9676,30.0,1.7,359.2,174.5,0.7567,0
30,1.001,35.1,1.3,365.3,168.9,0.9201,0
31,1.0344,23.3,1.0,373.9,166.3,0.9213,0
32,1.0677,16.7,3.4,360.5,165.5,0.9108,0
33,1.1011,53.7,3.2,353.1,164.7,0.8908,0
34,1.1345,51.5,1.7,352.9,167.0,0.9074,0
35,1.1678,51.8,2.0,354.9,165.9,0.9365,0
36,1.2012,51.0,2.1,365.4,165.9,0.944,0
37,1.2346,35.1,2.9,360.5,165.9,0.9289,0
38,1.2679,62.1,2.0,362.0,165.6,0.9027,0
39,1.3013,56.2,1.4,367.9,165.9,0.8837,0
40,1.3347,38.2,1.7,358.8,166.6,0.8694,0
41,1.368,35.7,1.9,351.0,166.2,0.8707,0
42,1.4014,51.9,1.8,348.8,165.6,0.9255,0
43,1.4348,55.2,2.6,347.8,165.9,0.9253,0
44,1.4681,54.5,4.9,364.7,165.9,0.9237,0
45,1.5015,37.4,2.0,368.1,164.6,0.9283,0
46,1.5349,34.7,2.4,363.3,167.8,0.9001,0
47,1.5682,55.8,1.9,350.3,165.5,0.9136,0
48,1.6016,54.3,1.4,350.4,164.2,0.9232,0
49,1.635,52.9,1.8,353.8,163.7,0.9285,0
50,1.6683,35.7,1.4,352.5,168.8,0.8018,0
51,1.7017,34.8,2.6,355.5,166.2,0.9095,0
52,1.7351,38.8,2.5,350.0,164.3,0.9143,0
53,1.7684,45.2,2.1,353.8,165.7,0.9306,0
54,1.8018,45.5,3.7,353.6,165.2,0.8853,0
55,1.8352,73.3,2.5,359.0,166.2,0.8914,0
56,1.8685,54.4,3.9,359.1,165.2,0.9021,0
57,1.9019,62.9,2.6,361.0,165.6,0.9213,0
58,1.9353,53.5,3.2,362.1,165.2,0.9251,0
59,1.9686,46.8,2.1,358.0,164.7,0.9134,0
60,2.002,63.2,1.5,357.4,164.6,0.9358,0
61,2.0354,54.2,1.9,354.9,165.8,0.9163,0
62,2.0687,57.6,1.9,357.9,166.3,0.9376,0
63,2.1021,51.9,1.3,371.4,165.4,0.9223,0
64,2.1355,40.0,1.9,353.5,164.5,0.8926,0
65,2.1688,38.2,2.3,353.3,164.7,0.9146,0
66,2.2022,43.0,2.1,355.0,166.9,0.3062,0
66,2.2022,41.6,2.4,354.8,165.3,0.2224,0
67,2.2356,49.5,2.3,359.2,165.8,0.9276,0
68,2.2689,42.2,2.3,355.4,167.2,0.9146,0
69,2.3023,39.2,3.0,359.7,165.9,0.9139,0
70,2.3357,34.6,1.8,364.4,165.3,0.8902,0
71,2.369,48.5,1.8,356.3,165.2,0.8976,0
72,2.4024,32.5,1.6,355.4,165.6,0.8877,0
73,2.4358,49.5,1.7,353.3,165.3,0.8824,0
74,2.4691,80.3,2.1,365.8,166.1,0.8815,0
75,2.5025,72.4,2.2,369.0,163.9,0.9149,0
76,2.5359,65.4,1.8,357.3,165.8,0.9099,0
77,2.5692,35.1,1.7,359.5,165.8,0.9308,0
78,2.6026,68.4,1.7,355.9,165.7,0.9097,0
79,2.636,56.0,1.7,359.6,166.0,0.905,0
80,2.6693,56.8,1.7,358.0,166.2,0.9202,0
81,2.7027,55.5,2.1,361.9,166.4,0.9303,0
82,2.7361,52.8,2.7,357.6,166.3,0.8624,0
83,2.7694,33.7,2.2,357.1,168.1,0.2399,0
83,2.7694,33.3,2.7,356.3,166.1,0.1395,0
84,2.8028,11.5,2.0,357.5,165.7,0.4129,0
84,2.8028,19.5,1.6,358.7,167.8,0.3313,0
85,2.8362,37.5,1.8,352.4,168.2,0.6681,0
86,2.8695,43.3,2.2,354.3,166.0,0.8582,0
87,2.9029,39.9,2.3,368.1,164.8,0.9162,0
88,2.9363,48.9,1.5,373.4,164.3,0.9089,0
89,2.9696,35.7,1.9,355.9,164.7,0.9189,0
90,3.003,46.9,1.9,357.1,164.8,0.92,0
91,3.0364,54.3,2.7,369.5,165.2,0.891,0
92,3.0697,42.5,1.6,353.2,167.3,0.8664,0
93,3.1031,46.3,1.3,351.0,168.1,0.6778,0
93,3.1031,51.5,1.9,349.7,165.8,0.1655,0
94,3.1365,46.4,2.3,354.8,165.5,0.8378,0
95,3.1698,44.9,0.7,357.4,165.7,0.9284,0
96,3.2032,44.9,2.4,366.0,166.6,0.9166,0
97,3.2366,48.5,1.9,371.9,166.0,0.8776,0
98,3.2699,48.7,1.9,364.6,166.0,0.8805,0
99,3.3033,55.5,2.1,348.6,165.4,0.9016,0
100,3.3367,51.9,2.4,355.5,165.2,0.9313,0
101,3.37,56.7,3.6,360.4,165.3,0.9221,0
102,3.4034,60.5,1.4,366.6,165.3,0.9398,0
103,3.4368,54.0,1.5,377.0,166.1,0.9187,0
104,3.4701,68.5,2.2,359.8,166.2,0.8221,0
105,3.5035,96.6,2.0,362.6,166.8,0.7621,0
106,3.5369,71.6,2.7,353.1,164.2,0.9216,0
107,3.5702,67.1,1.5,353.3,165.3,0.8857,0
108,3.6036,67.8,2.0,350.5,165.5,0.9276,0
109,3.637,75.3,2.3,353.1,165.6,0.9144,0
110,3.6703,46.1,1.7,356.7,165.0,0.7584,0
111,3.7037,60.3,2.3,354.5,165.2,0.9008,0
112,3.7371,59.8,2.0,356.0,164.8,0.8779,0
113,3.7704,56.1,2.3,354.8,165.9,0.916,0
114,3.8038,56.4,2.1,355.8,166.2,0.875,0
115,3.8372,52.4,2.2,355.2,166.4,0.8683,0
116,3.8705,46.8,1.8,359.9,167.4,0.8608,0
117,3.9039,44.3,2.1,359.4,168.2,0.8661,0
118,3.9373,40.1,2.4,358.1,166.9,0.8879,0
119,3.9706,39.8,2.1,355.9,166.5,0.8929,0
120,4.004,42.0,2.1,356.9,166.7,0.7573,0
120,4.004,85.7,2.5,357.4,165.0,0.2679,0
121,4.0374,88.1,2.6,360.1,164.8,0.8509,0
122,4.0707,53.4,2.3,361.5,166.1,0.8429,0
123,4.1041,95.7,5.7,358.6,164.3,0.7615,0
124,4.1375,48.1,2.8,354.3,165.8,0.9055,0
125,4.1708,56.7,2.9,358.0,165.5,0.9096,0
126,4.2042,56.9,1.5,359.6,166.1,0.8451,0
126,4.2042,84.8,1.8,360.2,164.3,0.1037,0
127,4.2376,56.0,1.5,354.1,167.6,0.8846,0
128,4.2709,64.8,1.7,355.8,167.4,0.8676,0
129,4.3043,49.9,1.7,360.0,167.0,0.8419,0
130,4.3377,38.7,1.4,364.9,166.6,0.8577,0
131,4.371,28.2,2.2,369.7,166.0,0.89,0
132,4.4044,64.9,1.3,373.7,166.4,0.9224,0
133,4.4378,66.0,1.6,370.2,166.6,0.8919,0
134,4.4711,77.6,2.2,367.6,165.9,0.887,0
135,4.5045,64.4,1.4,363.3,167.1,0.8824,0
136,4.5379,61.9,1.6,362.1,166.6,0.8973,0
137,4.5712,53.3,1.6,358.6,166.2,0.9028,0
138,4.6046,42.9,1.6,364.0,167.1,0.8703,0
139,4.638,33.9,2.3,364.1,169.4,0.8347,0
140,4.6713,37.6,1.8,364.6,166.6,0.8633,0
141,4.7047,77.0,1.6,369.9,163.5,0.9233,0
142,4.7381,80.9,1.3,379.1,164.2,0.8858,0
143,4.7714,55.0,2.3,381.2,164.7,0.8185,0
144,4.8048,56.9,1.4,383.6,165.5,0.8979,0
145,4.8382,47.2,1.2,387.4,164.5,0.9175,0
146,4.8715,42.0,0.9,377.2,164.1,0.8994,0
147,4.9049,55.3,0.6,376.9,163.8,0.809,0
147,4.9049,54.3,0.6,379.0,166.6,0.1467,0
148,4.9383,45.8,1.1,376.2,166.4,0.8822,0
149,4.9716,24.9,0.7,372.3,165.2,0.8958,0
150,5.005,25.6,0.5,366.9,166.2,0.8469,0
151,5.0384,27.3,1.2,358.5,165.6,0.5216,0
151,5.0384,30.7,0.8,359.2,169.1,0.1894,0
152,5.0717,34.5,1.2,369.6,166.5,0.8746,0
153,5.1051,81.6,1.5,369.0,164.1,0.9049,0
154,5.1385,57.4,1.2,363.9,165.8,0.8789,0
155,5.1718,32.6,1.2,359.3,165.6,0.8866,0
156,5.2052,25.2,0.7,360.3,165.6,0.6162,0
156,5.2052,66.7,0.7,361.2,163.4,0.6054,0
157,5.2386,55.2,2.1,362.8,166.0,0.8999,0
158,5.2719,36.4,1.5,360.7,167.2,0.8346,0
159,5.3053,30.0,1.6,371.4,168.6,0.8795,0
160,5.3387,59.2,2.6,373.5,165.0,0.9108,0
161,5.372,45.0,0.8,375.1,165.8,0.8879,0
162,5.4054,55.8,1.3,373.8,163.4,0.91,0
163,5.4388,24.6,1.3,371.4,167.2,0.8803,0
164,5.4721,35.7,1.3,356.7,168.9,0.7599,0
165,5.5055,48.3,1.5,361.2,166.6,0.9173,0
166,5.5389,95.2,1.2,375.0,164.3,0.9213,0
167,5.5722,55.7,0.9,375.2,164.9,0.8061,0
168,5.6056,82.1,1.1,363.4,165.7,0.5797,0
168,5.6056,49.8,1.0,363.1,167.4,0.4806,0
169,5.639,9.8,0.8,371.9,167.5,0.8818,0
170,5.6723,45.2,2.4,360.8,165.5,0.711,0
170,5.6723,77.4,2.5,362.2,164.0,0.2856,0
171,5.7057,46.0,1.5,356.2,165.7,0.6079,0
172,5.7391,92.0,2.2,348.8,166.0,0.9112,0
173,5.7724,83.8,2.4,354.7,165.5,0.8647,0
174,5.8058,69.4,1.4,356.1,165.0,0.9121,0
175,5.8392,79.3,0.8,364.0,164.6,0.9059,0
176,5.8725,74.3,1.5,371.7,164.2,0.9123,0
177,5.9059,87.5,2.1,372.3,164.4,0.9297,0
178,5.9393,55.3,1.5,370.1,166.5,0.8484,0
179,5.9726,39.4,1.6,377.2,166.6,0.8761,0
180,6.006,35.5,0.6,378.4,165.6,0.9237,0
181,6.0394,43.4,0.9,369.6,165.5,0.9339,0
182,6.0727,23.4,1.2,356.7,167.6,0.9047,0
183,6.1061,87.7,2.9,360.8,165.5,0.8892,0
184,6.1395,55.1,1.6,361.3,165.1,0.8814,0
185,6.1728,44.3,0.8,363.6,165.4,0.9054,0
186,6.2062,41.7,1.8,356.3,166.5,0.9219,0
187,6.2396,59.0,1.9,362.1,165.0,0.9222,0
188,6.2729,54.7,2.5,367.1,165.6,0.8646,0
189,6.3063,44.2,0.5,368.7,166.9,0.8739,0
190,6.3397,92.9,2.5,366.7,165.1,0.9122,0
191,6.373,37.0,1.3,357.4,166.1,0.8907,0
192,6.4064,32.0,1.3,358.4,165.0,0.8984,0
193,6.4398,33.6,2.9,356.6,166.4,0.4933,0
194,6.4731,49.2,3.0,364.7,166.7,0.7814,0
195,6.5065,39.3,2.4,359.3,166.5,0.9039,0
196,6.5399,47.2,0.7,370.6,167.3,0.9092,0
197,6.5732,54.7,1.6,375.8,166.8,0.8831,0
198,6.6066,57.1,1.5,378.1,167.1,0.887,0
199,6.64,39.1,1.4,377.2,167.0,0.8725,0
200,6.6733,42.8,0.9,371.3,166.3,0.8113,0
200,6.6733,59.7,0.0,369.6,164.9,0.1146,0
201,6.7067,46.2,0.9,373.7,166.0,0.7245,0
202,6.7401,49.6,0.7,372.0,165.0,0.814,0
203,6.7734,46.2,2.0,374.9,165.0,0.75,0
204,6.8068,82.2,2.1,378.0,163.3,0.9064,0
205,6.8402,72.1,1.8,376.8,163.6,0.9094,0
206,6.8735,56.8,2.1,368.2,164.9,0.769,0
206,6.8735,37.1,1.6,368.5,166.4,0.1723,0
207,6.9069,40.7,2.8,355.4,166.4,0.9077,0
208,6.9403,55.3,2.2,367.5,166.8,0.9036,0
209,6.9736,32.4,2.1,357.8,166.3,0.8495,0
210,7.007,98.9,2.0,365.4,165.2,0.9053,0
211,7.0404,80.7,1.2,371.4,164.9,0.9171,0
212,7.0737,42.3,1.9,354.2,164.9,0.7916,0
213,7.1071,40.2,2.1,357.9,165.5,0.8871,0
214,7.1405,30.3,1.6,367.1,165.7,0.8999,0
215,7.1738,22.4,3.1,373.5,165.2,0.8877,0
216,7.2072,25.6,3.1,367.6,165.5,0.8983,0
217,7.2406,41.1,3.8,367.4,165.7,0.8549,0
218,7.2739,76.7,0.9,374.4,165.6,0.9184,0
219,7.3073,51.8,1.5,379.1,164.2,0.9248,0
220,7.3407,60.4,4.9,376.9,162.9,0.8927,0
221,7.374,53.6,1.8,375.2,163.2,0.8979,0
222,7.4074,31.8,0.6,371.3,166.0,0.7089,0
223,7.4408,35.4,1.0,376.0,166.4,0.6909,0
224,7.4741,49.2,1.0,362.7,166.8,0.8507,0
225,7.5075,29.4,3.0,366.5,166.6,0.9102,0
226,7.5409,60.3,1.8,368.6,166.3,0.7951,0
226,7.5409,46.3,1.9,369.0,167.8,0.2163,0
227,7.5742,29.1,1.8,365.5,167.4,0.9161,0
228,7.6076,37.7,2.4,362.6,168.3,0.888,0
229,7.641,44.5,1.9,358.2,167.4,0.8893,0
230,7.6743,43.9,1.7,358.2,165.3,0.9157,0
231,7.7077,40.4,1.6,361.7,165.9,0.8936,0
232,7.7411,89.5,2.0,363.7,164.3,0.8849,0
233,7.7744,37.6,1.0,369.0,166.7,0.9091,0
234,7.8078,74.1,2.0,368.7,164.7,0.896,0
235,7.8412,49.2,1.5,354.5,166.1,0.9017,0
236,7.8745,53.6,1.1,353.0,165.3,0.9016,0
237,7.9079,59.5,1.0,356.1,164.7,0.9169,0
238,7.9413,47.5,1.5,360.4,164.3,0.7195,0
238,7.9413,45.7,1.2,356.1,166.5,0.1186,0
239,7.9746,43.5,1.1,363.4,165.2,0.8799,0
240,8.008,51.2,2.4,355.4,165.6,0.9061,0
241,8.0414,99.6,2.1,357.9,165.4,0.9292,0
242,8.0747,24.3,1.9,357.4,168.4,0.5368,0
243,8.1081,38.6,2.2,357.8,165.4,0.3553,0
243,8.1081,38.6,1.5,356.9,167.2,0.207,0
244,8.1415,58.1,1.5,359.6,166.4,0.9066,0
245,8.1748,32.2,3.6,353.5,166.4,0.856,0
246,8.2082,14.5,2.4,347.9,169.5,0.6884,0
247,8.2416,30.5,1.9,353.1,170.6,0.4141,0
248,8.2749,108.0,1.6,357.4,165.7,0.9333,0
249,8.3083,99.1,2.1,364.7,164.7,0.928,0
250,8.3417,60.6,1.8,354.6,167.1,0.9341,0
251,8.375,54.5,1.1,358.3,166.3,0.9249,0
252,8.4084,50.8,1.8,352.7,166.5,0.9193,0
253,8.4418,49.7,1.9,351.7,165.6,0.8706,0
254,8.4751,51.1,1.8,350.8,164.9,0.894,0
255,8.5085,101.3,1.2,353.3,163.5,0.7672,0
256,8.5419,52.9,1.4,354.4,166.4,0.5295,0
256,8.5419,96.2,2.3,354.2,164.5,0.1521,0
257,8.5752,87.4,2.0,366.5,164.3,0.913,0
258,8.6086,61.3,1.6,362.5,166.5,0.8813,0
259,8.642,50.7,1.7,364.4,167.1,0.8943,0
260,8.6753,46.3,1.3,358.1,167.2,0.9114,0
261,8.7087,29.0,1.2,360.6,165.8,0.9167,0
262,8.7421,37.7,1.5,359.0,167.2,0.8984,0
263,8.7754,52.3,1.3,369.2,167.9,0.9143,0
264,8.8088,34.8,1.4,354.9,167.8,0.7826,0
265,8.8422,70.7,2.3,364.5,166.6,0.8447,0
266,8.8755,30.2,1.6,370.1,167.5,0.8964,0
267,8.9089,75.1,0.6,368.2,165.0,0.9025,0
268,8.9423,69.1,0.9,354.2,166.9,0.9109,0
269,8.9756,28.8,0.8,346.0,170.1,0.7687,0
269,8.9756,45.4,1.0,344.3,168.0,0.1093,0
270,9.009,30.9,1.7,347.4,169.3,0.6861,0
271,9.0424,44.6,0.5,350.6,166.6,0.9027,0
272,9.0757,54.4,1.3,347.5,167.0,0.9159,0
273,9.1091,51.0,1.1,357.4,167.0,0.9019,0
274,9.1425,43.0,1.4,354.5,166.9,0.8971,0
275,9.1758,51.1,1.3,354.2,166.7,0.9221,0
276,9.2092,10.5,1.2,354.8,166.3,0.91,0
277,9.2426,19.0,0.8,357.8,166.7,0.8913,0
278,9.2759,49.8,1.9,359.3,169.0,0.8121,0
279,9.3093,51.9,1.6,368.5,168.8,0.8248,0
280,9.3427,101.2,1.7,357.3,165.2,0.8934,0
281,9.376,44.0,1.1,356.2,166.8,0.8827,0
282,9.4094,35.9,1.1,361.1,167.6,0.8675,0
283,9.4428,73.4,2.0,351.3,165.5,0.8994,0
284,9.4761,104.4,2.9,353.2,165.9,0.9178,0
285,9.5095,72.0,1.7,357.2,166.4,0.8175,0
286,9.5429,74.8,1.4,359.7,165.8,0.8985,0
287,9.5762,54.4,2.6,363.9,166.7,0.8806,0
288,9.6096,15.9,0.9,366.2,168.1,0.76,0
289,9.643,33.3,1.6,367.7,167.9,0.9088,0
290,9.6763,22.7,2.1,357.6,167.2,0.6523,0
290,9.6763,21.5,1.0,353.3,169.6,0.1531,0
291,9.7097,24.6,2.2,357.8,166.2,0.8974,0
292,9.7431,47.2,2.2,361.7,167.5,0.6643,0
292,9.7431,85.1,2.9,361.3,165.9,0.3058,0
293,9.7764,49.2,1.5,354.1,166.4,0.921,0
294,9.8098,36.8,1.2,355.3,167.5,0.7532,0
295,9.8432,51.0,2.0,354.1,166.1,0.7492,0
296,9.8765,51.6,2.0,354.9,166.3,0.9015,0
297,9.9099,39.1,2.3,360.4,165.7,0.8898,0
298,9.9433,44.6,1.6,360.7,164.6,0.841,0
299,9.9766,48.2,2.0,361.4,166.5,0.8833,0
300,10.01,53.4,1.5,361.3,166.5,0.8973,0
301,10.0434,49.0,1.6,360.0,166.3,0.919,0
302,10.0767,39.9,1.4,362.1,166.6,0.9057,0
303,10.1101,68.8,1.8,358.0,166.6,0.8987,0
304,10.1435,67.9,1.5,360.9,166.6,0.8421,0
305,10.1768,51.8,1.1,355.7,166.4,0.8446,0
306,10.2102,64.4,1.5,353.8,165.3,0.871,0
307,10.2436,65.2,2.2,352.8,165.1,0.8966,0
308,10.2769,47.5,3.0,365.1,166.1,0.9021,0
309,10.3103,62.7,1.6,363.0,166.5,0.8205,0
310,10.3437,89.4,1.7,364.8,165.1,0.8973,0
311,10.377,55.6,3.4,354.9,165.9,0.9139,0
312,10.4104,51.3,1.6,363.5,167.2,0.8875,0
313,10.4438,48.8,1.6,368.7,168.2,0.9236,0
314,10.4771,55.0,1.3,355.5,167.2,0.8992,0
315,10.5105,54.9,1.4,354.9,166.4,0.9147,0
316,10.5439,50.2,1.7,357.9,165.7,0.9356,0
317,10.5772,47.6,1.6,352.2,164.7,0.9322,0
318,10.6106,62.1,2.1,354.4,165.2,0.9077,0
319,10.644,61.8,1.5,359.1,165.7,0.8958,0
320,10.6773,49.6,4.9,359.4,163.8,0.8966,0
321,10.7107,58.4,2.5,354.4,164.0,0.8975,0
322,10.7441,44.8,3.0,355.4,164.2,0.8696,0
323,10.7774,55.6,1.6,356.8,164.3,0.9001,0
324,10.8108,28.8,1.9,359.5,165.0,0.8951,0
325,10.8442,61.2,3.2,354.3,164.2,0.9321,0
326,10.8775,48.5,2.5,353.6,164.0,0.9249,0
327,10.9109,34.6,1.5,353.4,167.2,0.5874,0
328,10.9443,68.0,1.9,355.5,164.1,0.8966,0
329,10.9776,46.5,1.9,353.8,164.8,0.9271,0
330,11.011,32.9,1.7,359.6,166.0,0.9154,0
331,11.0444,45.4,1.8,360.8,165.6,0.9214,0
332,11.0777,48.9,2.6,356.0,164.8,0.9045,0
333,11.1111,38.8,1.2,353.5,164.8,0.9129,0
334,11.1445,42.9,3.4,354.9,165.1,0.8966,0
335,11.1778,40.4,2.0,351.8,165.5,0.8952,0
336,11.2112,42.3,1.7,354.7,164.6,0.9133,0
337,11.2446,75.5,2.0,357.7,165.8,0.8775,0
338,11.2779,54.2,1.4,364.4,165.7,0.835,0
339,11.3113,62.9,1.0,372.1,166.5,0.8922,0
340,11.3447,67.9,0.3,367.0,165.1,0.8449,0
341,11.378,53.2,2.3,354.1,165.1,0.8923,0
342,11.4114,76.7,1.3,357.0,165.1,0.9254,0
343,11.4448,73.5,0.8,373.5,165.4,0.8961,0
344,11.4781,92.3,1.2,380.7,162.9,0.9071,0
345,11.5115,42.7,1.1,365.6,166.2,0.9214,0
346,11.5449,47.1,2.3,372.2,166.8,0.908,0
347,11.5782,51.6,1.7,370.3,166.4,0.8462,0
348,11.6116,65.8,2.2,355.0,165.3,0.922,0
349,11.645,50.0,1.3,361.5,165.1,0.9447,0
350,11.6783,37.5,1.5,358.4,165.7,0.9228,0
351,11.7117,45.9,0.9,357.9,164.8,0.9193,0
352,11.7451,55.9,1.6,356.9,166.4,0.8876,0
353,11.7784,37.7,1.5,360.3,165.2,0.9054,0
354,11.8118,32.3,1.5,354.8,165.0,0.8636,0
355,11.8452,59.7,1.7,355.7,165.6,0.9219,0
356,11.8785,55.8,2.0,360.5,166.3,0.8533,0
357,11.9119,40.8,1.8,367.6,165.4,0.8389,0
358,11.9453,44.9,3.1,368.6,165.8,0.9175,0
359,11.9786,74.3,4.7,358.1,164.7,0.8302,0
360,12.012,40.1,1.8,353.2,165.6,0.8904,0
361,12.0454,44.5,3.1,354.4,164.9,0.9162,0
362,12.0787,67.9,1.9,363.6,163.2,0.9166,0
363,12.1121,59.9,2.6,361.1,165.3,0.9053,0
364,12.1455,58.3,4.9,354.3,164.8,0.8958,0
365,12.1788,48.5,1.8,353.1,164.6,0.8629,0
366,12.2122,54.3,1.9,355.2,165.6,0.9033,0
367,12.2456,43.9,1.6,365.8,166.6,0.8976,0
368,12.2789,44.3,2.8,361.6,165.5,0.8607,0
369,12.3123,28.1,1.5,353.3,168.1,0.8344,0
370,12.3457,54.5,1.8,353.5,165.6,0.9283,0
371,12.379,96.1,1.4,353.9,166.1,0.9231,0
372,12.4124,36.0,4.8,358.2,164.8,0.9028,0
373,12.4458,50.5,3.2,362.1,165.1,0.9144,0
374,12.4791,38.8,1.5,352.9,168.8,0.869,0
375,12.5125,45.0,1.6,353.7,167.7,0.8644,0
376,12.5459,43.0,1.7,355.8,165.5,0.9129,0
377,12.5792,90.3,2.1,363.0,162.9,0.8782,0
378,12.6126,30.3,2.1,356.4,166.6,0.8453,0
379,12.646,48.6,3.4,361.1,164.8,0.9101,0
380,12.6793,53.4,1.6,358.0,165.5,0.9012,0
381,12.7127,45.5,2.6,353.8,164.5,0.9287,0
382,12.7461,93.2,2.8,363.0,163.6,0.9064,0
383,12.7794,19.4,3.4,370.0,166.1,0.873,0
384,12.8128,27.6,2.9,372.6,167.6,0.8962,0
385,12.8462,36.4,2.9,364.0,166.4,0.898,0
386,12.8795,54.8,2.4,348.8,165.6,0.8893,0
387,12.9129,51.5,1.7,351.0,165.6,0.9237,0
388,12.9463,39.0,1.2,356.3,166.1,0.9255,0
389,12.9796,40.2,1.0,366.5,167.5,0.7356,0
389,12.9796,66.8,0.9,366.9,165.3,0.3533,0
390,13.013,32.2,1.9,359.3,169.0,0.874,0
391,13.0464,44.7,2.6,354.8,167.3,0.8841,0
392,13.0797,54.3,1.0,358.0,165.4,0.882,0
393,13.1131,52.3,0.5,361.9,164.5,0.9033,0
394,13.1465,57.6,2.9,360.2,164.6,0.9061,0
395,13.1798,34.3,1.5,354.1,169.6,0.6533,0
396,13.2132,36.5,2.9,362.7,166.6,0.9013,0
397,13.2466,29.1,1.6,360.5,166.2,0.9098,0
398,13.2799,53.7,1.4,363.1,165.3,0.9162,0
399,13.3133,76.6,1.2,366.5,165.3,0.5895,0
399,13.3133,60.1,1.1,366.2,166.0,0.4227,0
400,13.3467,33.8,1.5,369.7,168.1,0.9151,0
401,13.38,28.5,1.9,360.4,167.1,0.9089,0
402,13.4134,48.3,1.9,366.4,165.9,0.9208,0
403,13.4468,97.5,2.0,361.0,163.1,0.9116,0
404,13.4801,55.4,2.1,366.1,166.4,0.737,0
404,13.4801,77.1,2.0,366.1,165.7,0.1023,0
405,13.5135,40.1,1.8,368.2,165.8,0.8741,0
406,13.5469,50.0,2.3,372.3,164.3,0.5815,0
406,13.5469,39.9,1.9,371.3,165.4,0.5492,0
407,13.5802,48.4,2.1,372.6,166.7,0.8668,0
408,13.6136,51.2,2.3,356.0,166.8,0.9174,0
409,13.647,55.9,2.2,356.6,166.6,0.913,0
410,13.6803,55.3,1.8,357.6,166.1,0.9192,0
411,13.7137,55.0,1.7,364.0,166.2,0.9173,0
412,13.7471,52.9,2.7,366.4,166.4,0.9257,0
413,13.7804,49.8,2.1,354.0,166.2,0.898,0
414,13.8138,95.1,2.0,355.1,166.6,0.8886,0
415,13.8472,40.2,1.5,358.1,167.6,0.7323,0
416,13.8805,44.6,1.7,349.1,167.0,0.8046,0
417,13.9139,49.4,1.5,347.6,164.9,0.8649,0
418,13.9473,47.9,1.6,350.2,165.5,0.9171,0
419,13.9806,24.4,1.9,355.4,166.5,0.6799,0
420,14.014,40.7,1.4,358.9,165.7,0.9299,0
421,14.0474,65.3,2.5,362.5,166.1,0.9194,0
422,14.0807,53.1,2.3,370.6,168.9,0.8578,0
423,14.1141,50.6,3.0,369.3,168.7,0.8913,0
424,14.1475,41.1,2.9,367.8,167.8,0.8987,0
425,14.1808,39.5,2.6,369.6,167.3,0.8939,0
426,14.2142,44.9,1.9,375.9,166.0,0.9208,0
427,14.2476,51.3,4.9,393.9,164.6,0.9061,0
428,14.2809,37.6,2.0,397.5,171.2,0.8932,0
429,14.3143,46.5,2.3,362.2,166.8,0.9219,0
430,14.3477,45.5,2.1,366.6,167.1,0.9254,0
431,14.381,41.8,2.0,369.5,167.0,0.922,0
432,14.4144,34.3,1.6,361.2,166.9,0.925,0
433,14.4478,41.8,0.7,363.0,166.8,0.9401,0
434,14.4811,48.6,1.7,358.8,165.2,0.9215,0
435,14.5145,47.0,1.6,358.0,168.8,0.9116,0
436,14.5479,27.9,1.2,361.0,170.4,0.8933,0
437,14.5812,50.4,0.8,363.4,170.7,0.9013,0
438,14.6146,46.9,1.3,369.1,168.5,0.8432,0
438,14.6146,52.5,1.2,367.5,167.9,0.1412,0
439,14.648,46.6,1.7,360.8,164.1,0.9207,0
440,14.6813,49.4,2.8,357.4,164.8,0.9018,0
441,14.7147,32.8,3.5,359.4,165.9,0.9084,0
442,14.7481,21.5,2.1,356.9,166.8,0.8115,0
443,14.7814,31.1,2.3,358.2,166.5,0.896,0
444,14.8148,31.7,1.5,368.8,167.1,0.9032,0
445,14.8482,32.7,2.1,378.1,169.1,0.8958,0
446,14.8815,35.1,2.1,360.7,167.7,0.9124,0
447,14.9149,38.8,3.6,360.8,167.4,0.8895,0
448,14.9483,41.8,3.2,362.8,167.1,0.8587,0
449,14.9816,45.9,2.8,367.9,166.4,0.7406,0
450,15.015,75.0,5.1,375.3,166.7,0.8575,0
451,15.0484,57.4,1.2,370.6,168.7,0.3823,0
451,15.0484,40.7,1.9,370.2,174.6,0.1247,0
452,15.0817,39.8,2.9,364.2,171.6,0.8923,0
453,15.1151,51.3,2.0,368.3,168.6,0.9123,0
454,15.1485,53.7,2.1,367.0,174.7,0.8633,0
455,15.1818,62.9,2.4,365.3,169.4,0.9031,0
456,15.2152,41.9,2.4,361.9,170.1,0.9063,0
457,15.2486,40.4,2.0,357.3,169.0,0.8528,0
458,15.2819,41.3,1.1,355.4,167.8,0.2405,0
458,15.2819,41.8,1.3,358.3,166.4,0.131,0
459,15.3153,39.1,2.3,356.7,166.9,0.9172,0
460,15.3487,105.8,1.8,363.2,164.0,0.7875,0
460,15.3487,106.6,1.4,362.9,163.5,0.3649,0
461,15.382,33.5,1.3,369.0,167.5,0.9008,0
462,15.4154,35.7,2.6,357.3,167.4,0.9008,0
463,15.4488,39.5,1.9,356.4,169.7,0.8513,0
464,15.4821,76.7,1.4,352.1,164.9,0.8955,0
465,15.5155,68.8,1.1,360.0,165.9,0.8715,0
466,15.5489,68.4,1.8,357.4,164.7,0.9025,0
467,15.5822,63.7,1.3,351.4,164.1,0.9338,0
468,15.6156,85.4,1.0,350.8,165.6,0.9258,0
469,15.649,98.8,3.2,352.1,164.1,0.9259,0
470,15.6823,61.4,1.6,353.2,164.1,0.9262,0
471,15.7157,42.1,2.8,353.0,164.4,0.6287,0
471,15.7157,39.8,1.8,353.3,166.7,0.1551,0
472,15.7491,52.7,1.6,352.1,164.9,0.9165,0
473,15.7824,30.5,1.7,355.6,165.7,0.9045,0
474,15.8158,21.6,1.1,359.3,165.4,0.8836,0
474,15.8158,61.6,1.2,360.8,163.7,0.125,0
475,15.8492,42.9,0.4,367.3,165.9,0.8939,0
476,15.8825,52.5,1.9,372.7,169.2,0.5439,0
476,15.8825,61.3,1.9,377.8,171.7,0.424,0
477,15.9159,40.5,2.0,373.8,170.4,0.8965,0
478,15.9493,57.6,2.2,353.8,167.3,0.9001,0
479,15.9826,39.0,2.4,360.8,166.6,0.8698,0
480,16.016,65.6,1.6,371.3,163.5,0.911,0
481,16.0494,91.9,4.0,359.4,164.9,0.7357,0
482,16.0827,97.5,1.4,360.2,165.7,0.8772,0
483,16.1161,70.5,1.6,356.7,168.0,0.8957,0
484,16.1495,38.0,2.1,360.9,165.8,0.8999,0
485,16.1828,74.7,1.3,364.8,165.5,0.8889,0
486,16.2162,78.8,1.8,360.2,164.9,0.4972,0
486,16.2162,104.1,2.1,359.7,164.1,0.4759,0
487,16.2496,42.5,1.9,357.7,165.1,0.8938,0
488,16.2829,56.5,1.7,352.3,164.8,0.9084,0
489,16.3163,40.7,2.5,354.5,164.9,0.9273,0
490,16.3497,32.6,3.2,352.6,165.3,0.8925,0
491,16.383,34.7,2.5,354.8,166.2,0.9055,0
492,16.4164,35.2,1.1,357.6,170.9,0.6135,0
493,16.4498,31.6,1.2,366.9,167.7,0.9162,0
494,16.4831,4.0,0.7,368.6,167.5,0.9151,0
495,16.5165,12.7,1.7,359.5,166.2,0.8833,0
496,16.5499,35.2,1.4,355.6,166.0,0.9106,0
497,16.5832,23.6,1.4,358.0,165.7,0.8957,0
498,16.6166,41.8,1.9,354.3,164.9,0.9269,0
499,16.65,24.4,1.7,355.9,165.1,0.6935,0
500,16.6833,33.6,1.4,362.3,164.9,0.9085,0
501,16.7167,113.0,1.3,361.1,162.7,0.9397,0
502,16.7501,62.5,2.2,353.1,164.1,0.93,0
503,16.7834,27.4,2.5,355.9,166.0,0.5248,0
503,16.7834,28.2,1.9,356.8,167.6,0.4734,0
504,16.8168,56.5,1.3,360.0,166.5,0.9228,0
505,16.8502,70.9,1.1,363.4,166.7,0.9117,0
506,16.8835,67.5,1.8,356.0,166.2,0.8949,0
507,16.9169,70.2,1.6,359.4,166.0,0.8935,0
508,16.9503,33.6,0.4,358.2,166.5,0.8758,0
509,16.9836,47.0,0.7,360.7,165.8,0.9266,0
510,17.017,43.6,0.7,360.9,163.7,0.9129,0
511,17.0504,78.6,1.4,365.2,163.0,0.7794,0
511,17.0504,44.4,0.6,364.5,165.8,0.6016,0
512,17.0837,54.2,1.4,370.0,165.5,0.9265,0
513,17.1171,110.2,2.0,352.6,164.0,0.9167,0
514,17.1505,102.2,1.9,358.8,164.1,0.9154,0
515,17.1838,37.4,1.9,358.0,164.7,0.9132,0
516,17.2172,47.8,0.7,369.8,163.2,0.5677,0
516,17.2172,33.5,1.1,367.7,165.1,0.3665,0
517,17.2506,75.4,6.5,352.3,164.2,0.8591,0
518,17.2839,56.5,1.8,352.3,165.7,0.9076,0
519,17.3173,44.7,1.3,360.7,165.7,0.9217,0
520,17.3507,40.7,1.9,366.4,165.7,0.9203,0
521,17.384,37.6,1.9,354.5,166.2,0.9322,0
522,17.4174,30.1,1.9,356.9,166.6,0.9126,0
523,17.4508,31.7,1.9,366.0,166.0,0.9167,0
524,17.4841,19.4,0.7,369.9,166.5,0.9237,0
525,17.5175,17.8,1.6,353.5,169.1,0.7655,0
526,17.5509,36.3,1.7,361.6,166.5,0.9132,0
527,17.5842,49.7,1.4,377.3,168.5,0.8973,0
528,17.6176,64.6,0.6,388.6,165.4,0.9059,0
529,17.651,43.0,1.5,365.7,166.4,0.852,0
530,17.6843,45.7,1.2,365.0,166.2,0.8082,0
530,17.6843,65.6,1.7,365.3,163.8,0.4403,0
531,17.7177,86.0,1.4,366.3,163.1,0.9158,0
532,17.7511,42.3,1.6,357.6,165.2,0.9214,0
533,17.7844,23.0,3.9,360.3,165.3,0.9189,0
534,17.8178,44.0,1.2,368.0,168.2,0.9253,0
535,17.8512,56.1,1.8,355.7,164.8,0.9285,0
536,17.8845,46.3,1.7,363.8,166.1,0.939,0
537,17.9179,48.3,1.8,363.3,166.1,0.9382,0
538,17.9513,44.9,1.1,370.8,168.7,0.9023,0
539,17.9846,42.1,0.9,372.8,170.1,0.8946,0
540,18.018,31.9,2.0,375.0,173.7,0.877,0
541,18.0514,26.4,2.4,363.1,169.2,0.8634,0
542,18.0847,35.3,1.9,374.2,166.1,0.8778,0
543,18.1181,65.3,0.7,375.3,164.4,0.9203,0
544,18.1515,56.6,1.1,368.9,167.3,0.8648,0
545,18.1848,67.9,2.7,373.5,164.4,0.9163,0
546,18.2182,44.6,2.1,353.7,166.1,0.9352,0
547,18.2516,46.8,2.1,355.2,166.2,0.9275,0
548,18.2849,37.8,2.1,364.4,170.0,0.9058,0
549,18.3183,37.9,1.9,369.9,166.4,0.9268,0
550,18.3517,42.6,2.2,358.0,167.3,0.9218,0
551,18.385,44.9,1.9,363.8,170.6,0.9024,0
552,18.4184,40.4,1.4,369.9,167.1,0.9367,0
553,18.4518,59.5,2.6,359.5,165.3,0.8993,0
554,18.4851,65.0,0.8,364.8,166.0,0.9266,0
555,18.5185,39.2,0.0,362.7,167.2,0.94,0
556,18.5519,46.6,2.6,358.4,164.9,0.9138,0
557,18.5852,59.4,1.3,373.9,165.3,0.9015,0
558,18.6186,59.3,0.5,373.6,166.3,0.9317,0
559,18.652,55.0,2.2,354.4,165.5,0.9189,0
560,18.6853,52.2,1.2,363.8,166.3,0.924,0
561,18.7187,46.9,0.9,365.5,169.2,0.9106,0
562,18.7521,36.6,3.3,359.4,167.8,0.9175,0
563,18.7854,36.3,3.1,367.4,168.9,0.8853,0
564,18.8188,39.0,3.3,364.3,168.4,0.9031,0
565,18.8522,50.6,3.1,359.6,166.6,0.8932,0
566,18.8855,44.9,2.3,360.4,167.2,0.9285,0
567,18.9189,46.5,1.7,359.6,172.2,0.9023,0
568,18.9523,46.2,1.6,368.0,176.0,0.8372,0
568,18.9523,29.5,1.7,367.4,176.9,0.3918,0
569,18.9856,48.8,7.2,370.3,174.2,0.8207,0
570,19.019,37.0,2.3,363.8,178.1,0.9009,0
571,19.0524,18.6,3.2,363.7,175.7,0.8728,0
572,19.0857,28.5,1.8,365.2,169.1,0.9051,0
573,19.1191,45.1,2.1,358.3,174.4,0.8432,0
574,19.1525,40.6,2.0,364.3,170.4,0.8987,0
575,19.1858,62.1,2.5,367.5,170.1,0.8484,0
576,19.2192,66.7,2.3,367.4,172.1,0.7955,0
576,19.2192,50.8,1.6,367.8,170.4,0.2912,0
577,19.2526,39.3,2.0,357.8,167.7,0.9207,0
578,19.2859,42.5,2.3,357.4,167.4,0.8972,0
579,19.3193,38.5,3.0,363.0,170.9,0.8471,0
580,19.3527,32.1,1.6,365.9,177.6,0.8187,0
581,19.386,34.7,2.2,368.2,173.3,0.7987,0
582,19.4194,50.4,0.8,369.1,170.9,0.897,0
583,19.4528,30.4,1.7,363.5,171.3,0.8747,0
584,19.4861,50.4,2.8,365.0,171.5,0.8922,0
585,19.5195,51.1,2.2,363.5,168.8,0.8754,0
586,19.5529,39.5,2.4,361.8,166.9,0.9029,0
587,19.5862,48.3,1.9,356.3,167.6,0.7974,0
588,19.6196,58.7,1.3,360.0,168.8,0.9056,0
589,19.653,34.6,2.3,355.8,168.3,0.8971,0
590,19.6863,43.3,2.7,359.6,169.9,0.8408,0
591,19.7197,39.1,2.7,355.1,168.8,0.9,0
592,19.7531,31.5,1.5,375.0,173.0,0.8812,0
593,19.7864,31.2,1.5,376.9,170.4,0.8998,0
594,19.8198,30.9,1.7,367.8,167.6,0.9179,0
595,19.8532,38.8,1.4,360.7,168.4,0.8835,0
596,19.8865,33.6,1.0,359.8,169.1,0.8688,0
597,19.9199,32.1,1.6,352.5,170.7,0.4459,0
597,19.9199,40.3,1.2,355.3,168.6,0.1402,0
598,19.9533,42.3,2.3,352.5,166.3,0.8513,0
599,19.9866,51.8,1.8,356.7,166.8,0.9042,0
600,20.02,48.3,2.2,354.1,167.1,0.8616,0
601,20.0534,59.0,3.1,353.4,166.6,0.9002,0
602,20.0867,28.0,1.7,357.0,172.7,0.6309,0
602,20.0867,14.4,1.5,353.6,176.9,0.2449,0
603,20.1201,19.3,1.7,360.8,170.6,0.8478,0
604,20.1535,47.8,1.2,352.0,167.9,0.6602,0
604,20.1535,52.0,1.2,354.2,167.7,0.145,0
605,20.1868,38.8,1.7,356.1,171.0,0.8802,0
606,20.2202,35.1,2.2,362.3,168.6,0.9144,0
607,20.2536,15.1,1.7,359.3,175.9,0.8676,0
608,20.2869,45.7,0.7,356.4,177.3,0.7615,0
609,20.3203,50.3,1.2,352.5,186.7,0.7218,0
610,20.3537,56.6,0.8,351.5,178.2,0.4675,0
610,20.3537,51.8,0.8,351.3,188.9,0.2831,0
611,20.387,56.4,0.0,351.9,172.9,0.889,0
612,20.4204,55.5,1.7,354.5,180.9,0.8801,0
613,20.4538,54.6,2.1,352.6,175.2,0.8594,0
614,20.4871,47.2,1.5,355.1,180.3,0.8259,0
615,20.5205,49.4,2.4,357.8,187.0,0.7152,0
616,20.5539,34.7,2.0,367.4,181.6,0.8809,0
617,20.5872,46.2,1.6,365.9,177.1,0.8384,0
618,20.6206,45.0,1.6,357.2,173.1,0.8104,0
619,20.654,43.5,1.7,359.9,170.2,0.7831,0
620,20.6873,19.9,1.7,359.5,172.0,0.8738,0
621,20.7207,40.6,1.8,371.6,175.0,0.8574,0
622,20.7541,39.5,1.9,360.1,170.9,0.892,0
623,20.7874,45.5,1.5,356.9,168.0,0.8868,0
624,20.8208,90.5,2.0,358.3,166.6,0.7263,0
624,20.8208,52.7,1.4,358.1,168.3,0.1519,0
625,20.8542,53.3,1.8,353.0,166.4,0.9177,0
626,20.8875,49.4,1.0,353.9,166.7,0.932,0
627,20.9209,42.3,1.7,359.9,168.0,0.9214,0
628,20.9543,56.3,2.5,358.1,165.5,0.9218,0
629,20.9876,43.6,1.8,354.3,167.4,0.9186,0
630,21.021,54.0,2.0,357.5,166.5,0.8961,0
631,21.0544,117.8,1.7,357.4,163.9,0.9098,0
632,21.0877,43.5,1.6,360.1,170.3,0.9032,0
633,21.1211,37.7,2.2,355.3,176.2,0.8983,0
634,21.1545,32.7,1.6,354.9,174.2,0.9044,0
635,21.1878,45.6,4.3,357.7,170.8,0.8936,0
636,21.2212,38.8,2.4,356.8,169.0,0.9036,0
637,21.2546,45.6,2.2,365.3,172.7,0.9178,0
638,21.2879,43.4,1.8,369.7,170.8,0.9123,0
639,21.3213,45.8,1.1,370.5,169.0,0.9152,0
640,21.3547,28.7,2.5,356.9,168.8,0.7122,0
641,21.388,40.8,3.5,361.6,168.6,0.8844,0
642,21.4214,42.4,2.5,363.6,170.0,0.8717,0
643,21.4548,35.8,2.2,354.7,170.7,0.8844,0
644,21.4881,47.0,2.6,351.6,171.6,0.893,0
645,21.5215,92.6,2.7,351.6,172.1,0.8842,0
646,21.5549,61.1,2.0,350.6,167.0,0.8527,0
647,21.5882,42.6,1.6,354.4,167.1,0.9068,0
648,21.6216,41.1,1.3,356.8,166.8,0.9098,0
649,21.655,64.6,1.3,357.2,166.2,0.8821,0
650,21.6883,44.8,1.3,357.9,171.1,0.5425,0
650,21.6883,86.5,1.7,358.6,169.5,0.5228,0
651,21.7217,41.0,1.9,357.2,169.4,0.9141,0
652,21.7551,48.4,3.7,353.7,168.1,0.9058,0
653,21.7884,57.9,2.0,351.0,168.2,0.9084,0
654,21.8218,52.1,2.1,354.0,166.9,0.9163,0
655,21.8552,82.1,2.1,361.2,167.5,0.9056,0
656,21.8885,83.0,1.9,371.2,168.5,0.9188,0
657,21.9219,51.1,1.1,374.9,168.8,0.9043,0
658,21.9553,37.1,0.5,351.3,171.4,0.8976,0
659,21.9886,27.8,1.2,353.0,175.6,0.8719,0
660,22.022,41.6,1.8,355.7,171.2,0.6749,0
661,22.0554,49.1,1.2,353.3,167.0,0.8686,0
662,22.0887,114.5,1.5,354.1,164.4,0.9209,0
663,22.1221,59.7,0.7,361.3,167.4,0.9187,0
664,22.1555,83.5,4.2,368.3,165.6,0.9014,0
665,22.1888,103.2,2.1,370.1,166.1,0.9189,0
666,22.2222,105.9,2.5,367.2,167.4,0.9146,0
667,22.2556,40.3,2.7,377.1,167.2,0.8373,0
668,22.2889,47.0,2.3,365.4,169.0,0.9141,0
669,22.3223,44.2,1.3,360.5,167.0,0.9253,0
670,22.3557,58.9,1.7,366.9,169.2,0.8966,0
671,22.389,59.6,1.7,355.8,167.2,0.9084,0
672,22.4224,48.0,2.0,366.0,168.1,0.9091,0
673,22.4558,44.1,3.0,360.2,169.7,0.8951,0
674,22.4891,47.4,2.3,356.8,168.0,0.895,0
675,22.5225,57.2,1.9,356.2,174.2,0.8917,0
676,22.5559,49.0,1.7,362.0,170.4,0.8929,0
677,22.5892,46.9,1.6,361.6,170.8,0.8839,0
678,22.6226,50.9,1.7,353.0,167.6,0.8855,0
679,22.656,48.5,1.9,350.2,166.5,0.8833,0
680,22.6893,43.2,2.1,353.4,166.7,0.8845,0
681,22.7227,104.8,2.4,350.8,167.3,0.7985,0
682,22.7561,42.9,2.0,351.2,172.2,0.8277,0
683,22.7894,57.8,5.0,357.2,169.2,0.9069,0
684,22.8228,42.0,2.7,358.8,170.2,0.8881,0
685,22.8562,35.0,1.4,354.3,184.0,0.7561,0
686,22.8895,40.8,1.3,369.0,172.9,0.8716,0
686,22.8895,50.2,1.4,368.0,171.3,0.1176,0
687,22.9229,89.6,2.0,370.6,167.2,0.9241,0
688,22.9563,55.2,1.8,357.7,175.8,0.8439,0
689,22.9896,29.3,7.1,355.6,169.0,0.8621,0
690,23.023,41.9,1.9,356.4,166.8,0.8992,0
691,23.0564,52.9,2.1,358.1,169.7,0.884,0
692,23.0897,55.5,1.9,356.0,169.7,0.8891,0
693,23.1231,50.6,1.9,370.6,168.9,0.8777,0
694,23.1565,40.8,2.5,373.1,169.1,0.9083,0
695,23.1898,48.3,2.5,356.3,166.4,0.9034,0
696,23.2232,47.8,2.2,362.1,169.6,0.9039,0
697,23.2566,51.4,2.6,368.5,171.5,0.767,0
697,23.2566,67.1,2.7,368.3,169.4,0.1809,0
698,23.2899,68.1,2.1,375.2,166.7,0.9236,0
699,23.3233,49.0,1.9,353.6,165.7,0.9086,0
700,23.3567,51.2,2.1,353.6,167.2,0.9233,0
701,23.39,42.3,3.1,358.1,174.6,0.9036,0
702,23.4234,41.8,3.1,375.0,169.1,0.9039,0
703,23.4568,55.0,2.4,373.3,169.2,0.8964,0
704,23.4901,67.9,2.6,358.0,167.1,0.8627,0
705,23.5235,65.9,2.2,354.6,172.3,0.8802,0
706,23.5569,59.6,2.8,357.1,165.6,0.9209,0
707,23.5902,66.0,1.9,353.2,166.6,0.9164,0
708,23.6236,51.7,2.8,353.6,169.0,0.9163,0
709,23.657,55.3,2.7,369.8,166.9,0.9278,0
710,23.6903,40.5,2.3,370.2,168.0,0.91,0
711,23.7237,48.9,1.7,355.3,165.7,0.9109,0
712,23.7571,37.5,1.7,363.4,165.4,0.9298,0
713,23.7904,69.4,2.0,367.6,165.7,0.8612,0
713,23.7904,49.5,1.8,368.3,167.5,0.1249,0
714,23.8238,58.2,2.4,353.0,166.9,0.8838,0
715,23.8572,62.0,2.9,354.9,165.7,0.9184,0
716,23.8905,58.5,0.9,352.1,168.0,0.9284,0
716,23.8905,0.0,15.0,94.0,267.7,0.1004,1
717,23.9239,48.4,1.4,356.7,167.2,0.9409,0
718,23.9573,65.7,2.8,368.5,164.2,0.9282,0
719,23.9906,49.4,2.9,360.7,165.7,0.8853,0
720,24.024,57.9,3.4,362.8,167.2,0.8608,0
721,24.0574,96.7,1.8,367.3,171.6,0.8919,0
722,24.0907,74.0,3.0,358.5,167.7,0.9123,0
723,24.1241,73.6,1.7,356.4,167.6,0.9144,0
724,24.1575,34.6,1.8,354.2,169.5,0.8916,0
725,24.1908,57.1,1.9,361.2,167.7,0.9291,0
726,24.2242,49.2,5.0,366.1,168.1,0.8535,0
727,24.2576,47.9,2.5,370.9,168.0,0.83,0
728,24.2909,104.2,1.3,367.4,167.6,0.9074,0
729,24.3243,104.7,2.5,359.9,167.7,0.9045,0
730,24.3577,72.1,2.9,360.0,170.2,0.8861,0
731,24.391,100.8,2.5,367.2,168.9,0.9064,0
732,24.4244,70.3,1.9,368.7,166.0,0.8676,0
733,24.4578,62.4,2.6,357.5,169.2,0.8886,0
734,24.4911,79.2,4.5,359.5,175.3,0.8092,0
735,24.5245,55.8,1.9,356.7,172.5,0.9005,0
736,24.5579,53.2,1.7,357.1,168.6,0.8387,0
737,24.5912,59.7,1.9,364.8,169.9,0.7668,0
737,24.5912,80.2,2.0,364.2,169.4,0.2315,0
738,24.6246,51.7,2.2,370.1,171.5,0.9071,0
739,24.658,64.0,2.1,351.7,165.6,0.9064,0
740,24.6913,30.6,1.6,356.2,168.2,0.8816,0
741,24.7247,58.4,1.2,356.0,168.2,0.6161,0
741,24.7247,55.8,1.2,353.7,168.8,0.2748,0
742,24.7581,57.2,1.9,360.8,169.0,0.9265,0
743,24.7914,82.9,2.4,371.2,167.7,0.9128,0
744,24.8248,82.0,2.1,369.2,167.8,0.9142,0
745,24.8582,73.0,2.2,366.3,167.6,0.743,0
746,24.8915,43.4,1.6,360.5,168.9,0.8905,0
747,24.9249,50.1,1.9,359.0,168.7,0.8592,0
748,24.9583,81.2,2.8,357.4,170.6,0.8633,0
749,24.9916,77.6,3.5,362.9,169.3,0.8706,0
750,25.025,65.0,1.7,358.5,167.8,0.9067,0
751,25.0584,63.1,2.0,356.4,168.5,0.9142,0
752,25.0917,61.5,2.1,358.7,167.9,0.918,0
753,25.1251,87.7,1.7,363.3,170.4,0.8825,0
754,25.1585,62.4,1.0,359.4,171.2,0.8618,0
754,25.1585,84.5,1.3,359.1,170.0,0.3213,0
755,25.1918,55.6,1.4,360.2,172.3,0.9167,0
756,25.2252,41.8,1.0,354.8,170.0,0.2973,0
756,25.2252,43.7,0.9,354.7,168.4,0.2932,0
757,25.2586,44.4,2.9,354.3,166.7,0.8328,0
758,25.2919,43.8,1.0,361.7,168.5,0.8531,0
759,25.3253,38.3,1.4,366.1,173.9,0.8649,0
760,25.3587,64.8,0.5,377.2,177.5,0.6165,0
760,25.3587,85.5,0.7,377.8,169.7,0.173,0
761,25.392,39.0,0.4,359.5,175.7,0.8537,0
762,25.4254,24.6,1.4,352.3,177.6,0.4457,0
762,25.4254,0.0,85.2,53.8,267.8,0.1531,1
763,25.4588,55.7,1.9,362.9,170.2,0.9124,0
764,25.4921,70.9,1.3,378.1,167.0,0.9395,0
765,25.5255,63.2,1.8,353.4,167.9,0.9336,0
766,25.5589,108.4,1.6,358.4,166.6,0.8934,0
767,25.5922,60.8,0.9,361.5,168.4,0.9082,0
768,25.6256,56.5,3.4,361.7,168.6,0.91,0
769,25.659,100.2,1.7,370.1,165.9,0.9245,0
770,25.6923,65.2,1.1,372.6,166.2,0.7356,0
770,25.6923,68.8,1.2,371.1,165.1,0.3534,0
771,25.7257,62.8,1.6,358.5,166.8,0.9231,0
772,25.7591,61.8,1.0,360.5,171.5,0.8077,0
772,25.7591,81.1,1.3,361.1,170.8,0.5522,0
773,25.7924,84.4,2.1,368.8,169.8,0.9133,0
774,25.8258,79.3,2.5,376.1,168.9,0.9134,0
775,25.8592,62.4,0.5,380.6,166.9,0.9303,0
776,25.8925,56.1,1.7,365.6,168.8,0.9362,0
777,25.9259,53.6,1.4,368.2,167.4,0.9244,0
778,25.9593,59.0,2.5,368.8,167.7,0.9111,0
779,25.9926,49.1,1.8,376.7,166.5,0.9034,0
780,26.026,46.4,2.0,359.1,166.7,0.779,0
780,26.026,79.3,2.7,360.1,164.6,0.272,0
781,26.0594,39.5,1.9,357.5,166.9,0.8562,0
782,26.0927,46.4,2.0,353.8,168.4,0.8709,0
783,26.1261,34.4,1.1,355.1,168.1,0.8983,0
784,26.1595,37.1,1.7,363.3,167.4,0.9227,0
785,26.1928,54.5,2.0,359.5,167.1,0.9212,0
786,26.2262,51.0,1.3,360.9,168.5,0.923,0
787,26.2596,56.6,2.7,367.8,168.8,0.7242,0
787,26.2596,35.9,1.7,368.0,170.3,0.6902,0
788,26.2929,73.9,1.6,365.1,169.9,0.9217,0
789,26.3263,37.0,2.5,361.4,170.2,0.8945,0
790,26.3597,20.0,3.9,369.6,172.0,0.8779,0
791,26.393,83.8,2.5,371.0,167.7,0.911,0
792,26.4264,110.5,1.7,378.7,166.3,0.9297,0
793,26.4598,50.8,5.0,380.7,170.0,0.505,0
793,26.4598,49.0,2.8,380.9,170.7,0.1386,0
794,26.4931,53.9,1.4,365.2,172.3,0.8814,0
795,26.5265,69.3,1.7,360.7,168.9,0.8971,0
796,26.5599,17.6,1.2,354.0,169.2,0.5123,0
797,26.5932,88.3,4.4,361.3,165.1,0.7599,0
798,26.6266,97.7,3.6,357.1,166.1,0.5204,0
798,26.6266,56.9,2.1,357.9,168.0,0.1356,0
799,26.66,49.8,1.9,361.1,168.9,0.8371,0
800,26.6933,38.6,1.9,363.1,168.8,0.8718,0
801,26.7267,44.9,1.7,352.8,168.6,0.8025,0
801,26.7267,36.5,1.2,351.6,175.3,0.1169,0
802,26.7601,43.2,1.0,353.8,167.9,0.7712,0
803,26.7934,60.2,1.2,357.9,165.6,0.9176,0
804,26.8268,58.5,2.0,358.9,166.3,0.8859,0
805,26.8602,57.9,1.7,359.6,167.1,0.8838,0
806,26.8935,54.5,1.2,368.1,168.6,0.8968,0
807,26.9269,86.6,0.3,363.7,164.5,0.8453,0
808,26.9603,50.1,1.5,359.0,166.7,0.9082,0
809,26.9936,53.9,3.8,354.9,166.8,0.8962,0
810,27.027,67.5,1.6,368.4,168.3,0.7231,0
810,27.027,76.2,1.9,367.3,167.4,0.1109,0
811,27.0604,78.6,1.6,371.0,168.3,0.9109,0
812,27.0937,54.2,1.6,355.7,168.3,0.9124,0
813,27.1271,49.6,1.8,355.6,167.3,0.9025,0
814,27.1605,94.0,6.2,362.7,166.8,0.845,0
815,27.1938,89.0,3.2,364.2,168.3,0.7811,0
816,27.2272,54.8,2.4,372.3,179.7,0.9043,0
817,27.2606,80.2,3.1,364.2,174.1,0.8687,0
818,27.2939,48.1,1.5,362.2,172.4,0.7532,0
818,27.2939,71.2,1.4,362.4,171.6,0.3876,0
819,27.3273,91.3,2.3,363.5,165.8,0.8287,0
820,27.3607,54.1,1.7,356.8,166.9,0.9181,0
821,27.394,71.9,1.5,361.1,167.6,0.8861,0
822,27.4274,62.0,3.4,357.2,165.5,0.9247,0
823,27.4608,85.5,4.5,363.2,167.3,0.8482,0
824,27.4941,54.1,2.0,356.8,168.1,0.922,0
825,27.5275,40.7,2.0,354.1,165.7,0.9099,0
826,27.5609,39.6,1.7,353.2,173.1,0.3411,0
826,27.5609,40.2,1.8,353.1,173.2,0.2155,0
827,27.5942,33.4,1.4,352.2,169.2,0.638,0
828,27.6276,52.6,2.1,355.0,169.6,0.8778,0
829,27.661,96.8,5.0,354.2,165.3,0.7651,0
830,27.6943,35.9,2.9,364.7,169.1,0.5888,0
830,27.6943,69.7,5.3,364.9,167.8,0.5306,0
831,27.7277,65.7,4.4,374.8,174.5,0.8167,0
832,27.7611,37.9,2.1,363.3,174.2,0.8963,0
833,27.7944,84.4,1.2,360.1,168.0,0.8716,0
834,27.8278,42.9,4.4,358.8,168.5,0.8836,0
835,27.8612,71.7,2.6,357.2,168.7,0.8748,0
836,27.8945,46.4,1.8,355.6,169.6,0.8812,0
837,27.9279,46.0,1.9,353.3,169.0,0.8848,0
838,27.9613,104.3,2.2,353.2,165.0,0.8981,0
839,27.9946,112.7,2.6,358.6,165.7,0.9221,0
840,28.028,109.1,2.6,353.5,165.7,0.9271,0
841,28.0614,106.9,2.5,361.0,164.9,0.935,0
842,28.0947,103.9,1.7,358.8,164.7,0.9273,0
843,28.1281,90.3,1.1,366.5,165.2,0.9101,0
844,28.1615,83.0,1.1,375.3,170.8,0.9118,0
845,28.1948,85.8,0.5,378.5,167.9,0.8721,0
846,28.2282,45.9,0.3,368.2,169.0,0.8,0
846,28.2282,63.1,0.0,367.1,167.1,0.2919,0
847,28.2616,47.8,1.0,364.1,166.7,0.9127,0
848,28.2949,37.7,1.7,359.4,168.3,0.9142,0
848,28.2949,0.6,83.8,65.6,265.4,0.1861,1
849,28.3283,48.1,2.1,360.1,167.9,0.9077,0
850,28.3617,39.9,2.1,363.5,169.2,0.8369,0
851,28.395,39.5,1.3,355.7,166.7,0.8916,0
852,28.4284,57.2,2.6,353.9,169.6,0.8986,0
853,28.4618,68.3,1.3,360.8,167.9,0.9005,0
854,28.4951,54.4,1.8,363.1,171.3,0.9046,0
855,28.5285,45.1,2.5,357.7,168.7,0.909,0
856,28.5619,48.7,2.4,351.8,167.7,0.8971,0
857,28.5952,41.7,1.4,351.6,166.8,0.8069,0
858,28.6286,40.9,1.0,352.4,166.5,0.9212,0
859,28.662,97.4,1.0,359.0,165.6,0.9065,0
860,28.6953,75.5,1.5,359.6,166.5,0.9144,0
861,28.7287,86.8,2.4,361.8,166.6,0.8841,0
862,28.7621,33.2,2.1,364.8,167.3,0.916,0
863,28.7954,79.0,3.1,368.0,165.8,0.9238,0
864,28.8288,103.4,5.6,354.8,165.1,0.8503,0
865,28.8622,54.8,1.8,357.8,166.9,0.9148,0
866,28.8955,55.0,1.6,363.6,167.0,0.8749,0
867,28.9289,60.8,2.2,357.5,167.5,0.8996,0
868,28.9623,69.8,1.4,351.1,166.9,0.8664,0
869,28.9956,52.0,2.6,352.6,167.5,0.9073,0
870,29.029,67.0,2.3,356.1,167.7,0.9172,0
871,29.0624,44.8,4.2,354.3,169.1,0.8819,0
872,29.0957,60.4,3.7,346.9,176.1,0.8674,0
873,29.1291,65.0,1.7,350.5,168.9,0.9012,0
874,29.1625,45.0,1.7,352.8,167.2,0.8625,0
875,29.1958,43.8,1.7,354.3,167.5,0.9119,0
876,29.2292,26.9,2.0,355.3,168.6,0.8627,0
877,29.2626,37.8,2.0,358.1,168.6,0.8491,0
877,29.2626,76.9,2.8,359.0,167.2,0.1721,0
878,29.2959,71.0,5.5,354.1,166.4,0.8376,0
879,29.3293,93.7,2.8,353.5,168.7,0.8861,0
880,29.3627,53.0,2.1,354.7,169.8,0.8595,0
881,29.396,61.9,2.1,354.9,168.2,0.8735,0
882,29.4294,54.3,1.7,350.5,171.8,0.8204,0
883,29.4628,34.7,1.0,355.3,175.1,0.8989,0
884,29.4961,43.3,2.1,352.1,173.9,0.4116,0
885,29.5295,45.0,1.1,353.6,172.0,0.6591,0
886,29.5629,48.8,2.6,351.9,171.7,0.8698,0
887,29.5962,43.3,1.7,352.7,170.8,0.4644,0
887,29.5962,44.7,1.7,351.6,170.2,0.2007,0
888,29.6296,47.9,2.0,352.5,170.2,0.7062,0
889,29.663,64.4,1.3,357.9,167.8,0.9094,0
890,29.6963,52.7,1.3,364.2,173.4,0.9084,0
891,29.7297,67.3,0.6,367.0,170.9,0.7835,0
891,29.7297,47.0,1.2,367.7,171.8,0.1467,0
892,29.7631,20.3,1.7,357.6,173.9,0.5856,0
893,29.7964,18.7,1.7,352.6,168.2,0.6583,0
893,29.7964,12.0,1.4,352.0,169.8,0.1167,0
894,29.8298,41.4,2.4,358.9,169.3,0.8664,0
895,29.8632,40.1,2.3,365.4,172.7,0.7917,0
896,29.8965,65.5,1.9,366.5,168.7,0.9059,0
897,29.9299,58.3,1.1,368.6,170.1,0.8721,0
898,29.9633,45.8,1.3,369.8,173.2,0.8358,0
899,29.9966,34.8,2.1,370.3,170.3,0.887,0
900,30.03,45.1,2.2,378.5,174.8,0.873,0
901,30.0634,46.9,1.3,371.9,172.2,0.8876,0
902,30.0967,85.1,1.9,365.2,170.3,0.9024,0
903,30.1301,49.6,2.2,357.4,167.7,0.9224,0
904,30.1635,48.8,2.1,361.0,167.5,0.9162,0
905,30.1968,57.5,1.9,354.6,168.0,0.8921,0
906,30.2302,45.1,1.8,357.3,170.8,0.8478,0
907,30.2636,45.9,1.6,361.2,168.6,0.8004,0
908,30.2969,46.9,2.1,358.2,169.2,0.9268,0
909,30.3303,38.3,2.0,359.4,168.8,0.9219,0
910,30.3637,37.5,3.3,362.4,169.5,0.9186,0
911,30.397,60.0,1.7,371.4,167.3,0.8957,0
912,30.4304,35.1,0.9,367.0,168.0,0.8769,0
913,30.4638,45.9,2.2,361.7,166.7,0.9014,0
914,30.4971,46.9,1.7,367.0,168.3,0.8943,0
915,30.5305,48.6,2.1,365.4,171.2,0.8337,0
916,30.5639,43.5,1.7,363.3,170.1,0.8463,0
917,30.5972,65.3,1.0,370.4,177.7,0.8386,0
918,30.6306,49.6,2.0,359.2,170.4,0.8653,0
919,30.664,51.5,2.3,359.4,167.6,0.8723,0
920,30.6973,47.9,2.4,357.0,167.0,0.8806,0
921,30.7307,38.7,1.4,359.2,167.2,0.9143,0
922,30.7641,55.7,1.2,360.7,166.5,0.9071,0
923,30.7974,97.6,1.6,376.7,168.9,0.8823,0
924,30.8308,89.9,0.9,382.2,169.6,0.8753,0
925,30.8642,87.7,2.8,370.9,172.1,0.8719,0
926,30.8975,56.9,2.4,359.7,173.6,0.8905,0
927,30.9309,76.8,1.8,359.6,171.6,0.8647,0
928,30.9643,93.1,1.8,368.6,169.3,0.886,0
929,30.9976,83.2,2.5,366.0,173.9,0.8284,0
930,31.031,52.8,2.3,358.4,168.0,0.923,0
931,31.0644,77.1,1.4,355.3,166.5,0.9187,0
932,31.0977,30.6,1.8,358.2,167.2,0.8411,0
933,31.1311,20.8,2.2,362.9,168.4,0.8711,0
934,31.1645,30.3,1.9,378.9,170.3,0.6962,0
934,31.1645,35.0,2.2,379.5,170.1,0.1643,0
935,31.1978,52.5,2.0,385.1,171.1,0.9082,0
936,31.2312,59.6,1.1,378.4,168.3,0.906,0
937,31.2646,64.8,0.0,371.1,168.0,0.844,0
938,31.2979,74.3,0.4,363.0,165.6,0.7382,0
938,31.2979,41.2,0.9,362.3,167.0,0.363,0
939,31.3313,29.9,0.9,357.8,166.5,0.9123,0
939,31.3313,0.0,91.4,57.3,267.9,0.222,1
940,31.3647,55.6,1.4,356.7,167.0,0.9087,0
941,31.398,91.2,2.3,360.0,167.3,0.8717,0
942,31.4314,83.8,5.0,365.7,169.1,0.8377,0
943,31.4648,104.1,0.4,366.6,168.1,0.9018,0
944,31.4981,28.4,1.4,363.6,170.8,0.7989,0
945,31.5315,50.7,1.3,369.8,170.2,0.8625,0
946,31.5649,95.5,2.3,367.3,170.8,0.8342,0
947,31.5982,83.1,0.7,365.0,169.3,0.8524,0
948,31.6316,66.4,1.0,371.4,168.7,0.9207,0
949,31.665,34.4,1.8,363.5,166.8,0.8883,0
950,31.6983,54.6,2.0,363.7,167.6,0.9246,0
951,31.7317,27.7,2.1,358.1,170.0,0.9004,0
952,31.7651,35.2,1.9,360.0,170.0,0.8816,0
953,31.7984,101.5,2.4,364.2,167.9,0.875,0
954,31.8318,97.4,2.0,364.2,170.0,0.9103,0
955,31.8652,100.3,1.5,367.8,169.8,0.8955,0
956,31.8985,47.7,1.7,365.7,171.5,0.8558,0
957,31.9319,36.1,1.6,360.0,168.8,0.7626,0
957,31.9319,72.7,1.8,361.5,166.8,0.1548,0
958,31.9653,97.4,3.1,363.9,169.8,0.8788,0
959,31.9986,83.4,1.2,369.8,169.0,0.8994,0
960,32.032,62.0,1.4,364.7,167.7,0.8327,0
961,32.0654,49.6,2.1,364.9,167.5,0.8826,0
962,32.0987,84.6,2.9,355.0,166.0,0.9008,0
963,32.1321,74.2,2.6,357.5,166.2,0.8741,0
964,32.1655,58.7,2.7,358.5,166.7,0.8767,0
965,32.1988,45.4,1.6,358.4,168.7,0.8995,0
966,32.2322,55.9,1.7,358.3,167.5,0.9054,0
967,32.2656,31.3,2.1,363.2,167.8,0.9109,0
968,32.2989,55.5,1.8,372.9,168.3,0.8986,0
969,32.3323,67.2,1.8,376.1,168.6,0.8531,0
970,32.3657,56.4,3.0,376.2,168.9,0.8881,0
971,32.399,79.8,2.6,379.0,170.3,0.8659,0
972,32.4324,60.5,1.8,363.7,171.1,0.8283,0
973,32.4658,65.3,1.8,372.2,170.5,0.784,0
974,32.4991,77.8,3.3,370.9,173.5,0.86,0
975,32.5325,51.9,0.5,372.4,174.6,0.7185,0
976,32.5659,100.7,0.8,369.4,169.0,0.8889,0
977,32.5992,65.2,4.0,381.9,166.8,0.634,0
978,32.6326,57.3,5.0,397.5,171.4,0.8736,0
979,32.666,50.8,0.3,402.2,174.6,0.881,0
980,32.6993,68.9,1.2,383.4,166.9,0.9065,0
981,32.7327,83.1,1.4,386.5,166.4,0.9244,0
982,32.7661,54.2,3.6,371.1,166.7,0.9096,0
983,32.7994,59.0,2.6,362.2,166.4,0.8945,0
984,32.8328,39.3,1.8,370.3,167.9,0.8883,0
985,32.8662,49.5,1.6,362.5,166.4,0.8844,0
986,32.8995,64.5,3.6,363.7,166.5,0.8475,0
987,32.9329,92.5,4.1,373.5,166.4,0.8941,0
988,32.9663,50.0,2.7,389.3,170.8,0.8883,0
989,32.9996,46.4,1.6,389.7,168.7,0.8995,0
990,33.033,47.9,1.0,380.4,167.8,0.86,0
991,33.0664,112.7,2.7,361.3,166.7,0.8124,0
992,33.0997,49.5,3.0,367.5,169.6,0.7413,0
993,33.1331,88.4,2.7,366.6,167.7,0.9056,0
994,33.1665,73.1,2.4,370.6,168.6,0.8987,0
995,33.1998,70.2,2.0,353.3,169.0,0.8891,0
996,33.2332,54.4,1.7,354.2,167.4,0.903,0
997,33.2666,68.9,2.9,359.8,166.8,0.8294,0
998,33.2999,59.1,1.6,363.3,167.4,0.8892,0
999,33.3333,74.7,1.3,381.9,167.9,0.8874,0
1000,33.3667,69.2,1.0,376.3,167.5,0.9226,0
1001,33.4,65.5,1.9,370.4,165.6,0.9354,0
1002,33.4334,47.8,3.5,377.5,165.8,0.852,0
1003,33.4668,47.1,2.1,361.8,168.1,0.9362,0
1004,33.5001,56.9,3.1,366.0,166.7,0.9208,0
1005,33.5335,50.0,2.4,365.3,166.0,0.9291,0
1006,33.5669,50.8,1.5,364.6,167.0,0.9194,0
1007,33.6002,78.0,1.4,369.7,168.0,0.902,0
1008,33.6336,75.6,1.0,375.0,172.9,0.8995,0
1009,33.667,104.1,2.8,368.8,170.1,0.9152,0
1010,33.7003,81.0,2.0,365.3,166.8,0.8969,0
1011,33.7337,102.2,1.7,357.3,167.3,0.9088,0
1012,33.7671,76.9,0.0,368.7,170.2,0.7927,0
1012,33.7671,63.5,0.4,368.5,168.6,0.1546,0
1013,33.8004,103.9,3.7,372.8,169.5,0.9027,0
1014,33.8338,80.5,4.9,366.2,167.5,0.7698,0
1014,33.8338,65.6,3.0,367.3,168.2,0.1507,0
1015,33.8672,99.3,5.4,364.8,165.0,0.9203,0
1016,33.9005,96.0,4.2,368.2,165.8,0.9248,0
1017,33.9339,70.6,3.0,369.3,166.9,0.8137,0
1018,33.9673,73.2,2.0,369.7,172.5,0.8927,0
1019,34.0006,52.0,2.3,368.3,174.1,0.7956,0
1020,34.034,92.3,2.9,365.4,175.4,0.867,0
1021,34.0674,75.2,1.4,364.3,173.6,0.8123,0
1022,34.1007,57.1,1.3,364.1,170.9,0.8859,0
1023,34.1341,44.9,2.2,363.7,172.6,0.8942,0
1024,34.1675,39.2,2.2,360.9,169.8,0.9012,0
1025,34.2008,70.8,2.0,365.1,172.9,0.8802,0
1026,34.2342,65.0,1.6,363.2,173.4,0.9154,0
1027,34.2676,69.6,3.6,363.2,171.4,0.9189,0
1028,34.3009,78.5,2.6,360.3,169.8,0.919,0
1029,34.3343,63.5,2.4,363.3,166.7,0.9178,0
1030,34.3677,53.6,1.7,352.6,178.3,0.5833,0
1030,34.3677,62.2,2.3,351.7,172.5,0.1471,0
1031,34.401,62.6,2.1,359.9,170.9,0.8901,0
1032,34.4344,68.5,1.9,361.6,178.3,0.8645,0
1033,34.4678,53.3,2.8,363.9,174.3,0.8976,0
1034,34.5011,42.9,1.1,366.7,176.6,0.9217,0
1035,34.5345,53.7,2.5,367.5,169.0,0.9254,0
1036,34.5679,44.3,1.8,366.4,169.7,0.9057,0
1037,34.6012,56.9,2.0,352.6,170.6,0.912,0
1038,34.6346,50.9,2.4,362.4,175.4,0.9027,0
1039,34.668,51.6,3.1,362.1,171.2,0.9254,0
1040,34.7013,72.9,3.4,369.6,171.7,0.5236,0
1040,34.7013,68.7,2.6,370.7,170.5,0.1514,0
1041,34.7347,69.3,1.8,362.4,170.0,0.9133,0
1042,34.7681,75.1,2.4,357.1,167.5,0.9298,0
1043,34.8014,85.1,1.6,359.3,174.7,0.8883,0
1044,34.8348,63.9,1.3,359.9,171.7,0.9185,0
1045,34.8682,67.6,2.2,357.9,168.4,0.9252,0
1046,34.9015,66.9,2.0,366.0,167.6,0.9211,0
1047,34.9349,91.2,2.3,362.5,169.5,0.6816,0
1047,34.9349,69.9,2.0,362.6,171.0,0.3026,0
1048,34.9683,50.7,1.7,357.7,180.9,0.8135,0
1049,35.0016,71.2,1.8,368.3,169.6,0.7963,0
1050,35.035,56.5,1.0,379.1,170.9,0.857,0
1051,35.0684,84.3,0.4,380.0,167.0,0.9086,0
1052,35.1017,82.5,2.5,368.4,166.3,0.902,0
1053,35.1351,61.9,2.9,372.3,167.5,0.9015,0
1054,35.1685,57.1,2.6,368.1,169.4,0.883,0
1055,35.2018,51.7,2.1,374.9,177.3,0.8332,0
1056,35.2352,51.9,1.1,374.5,171.3,0.865,0
1057,35.2686,53.9,2.0,378.7,167.8,0.9045,0
1058,35.3019,58.2,4.5,376.2,165.6,0.9072,0
1059,35.3353,79.2,1.7,367.1,164.5,0.9132,0
1060,35.3687,78.4,1.1,370.0,167.4,0.9049,0
1061,35.402,40.4,1.0,357.8,168.9,0.8725,0
1062,35.4354,44.2,1.2,357.3,168.2,0.8827,0
1063,35.4688,52.2,0.7,363.5,167.2,0.8572,0
1064,35.5021,90.2,0.8,364.7,166.9,0.9223,0
1065,35.5355,91.5,0.4,366.3,167.0,0.9225,0
1066,35.5689,70.0,1.4,362.4,167.3,0.9162,0
1067,35.6022,51.9,2.4,356.5,167.1,0.9232,0
1068,35.6356,64.8,2.1,367.6,169.6,0.9008,0
1069,35.669,80.0,3.1,368.4,167.7,0.6984,0
1069,35.669,60.4,2.7,370.1,168.6,0.3779,0
1070,35.7023,56.4,2.3,354.6,167.1,0.8841,0
1071,35.7357,46.6,2.2,355.1,170.1,0.8872,0
1072,35.7691,43.9,1.7,357.6,171.6,0.9044,0
1073,35.8024,47.1,2.5,357.7,168.2,0.892,0
1074,35.8358,32.4,2.2,359.8,169.7,0.8904,0
1075,35.8692,31.9,2.3,365.9,169.0,0.8958,0
1076,35.9025,47.4,2.2,364.1,167.4,0.8207,0
1077,35.9359,29.0,1.8,376.1,170.3,0.8887,0
1078,35.9693,41.7,1.5,382.0,169.3,0.8661,0
1079,36.0026,49.5,1.6,360.3,170.1,0.8846,0
1080,36.036,78.2,2.3,356.6,169.5,0.8871,0
1081,36.0694,48.1,1.8,365.4,168.3,0.8842,0
1082,36.1027,78.9,2.7,373.0,166.8,0.8999,0
1083,36.1361,82.7,3.0,359.0,168.4,0.8776,0
1084,36.1695,61.0,1.9,366.9,167.4,0.8998,0
1085,36.2028,31.6,1.4,365.0,171.3,0.8813,0
1086,36.2362,49.1,3.2,368.6,171.9,0.9054,0
1087,36.2696,72.8,1.9,383.6,168.3,0.927,0
1088,36.3029,70.9,1.3,382.2,170.0,0.8015,0
1088,36.3029,58.9,1.1,375.7,170.6,0.499,0
1089,36.3363,53.1,1.2,363.7,170.8,0.644,0
1089,36.3363,78.5,1.2,363.4,169.6,0.5474,0
1090,36.3697,31.4,2.0,362.7,168.6,0.9223,0
1091,36.403,50.0,1.9,349.9,168.1,0.9185,0
1092,36.4364,67.4,1.6,351.8,169.3,0.9301,0
1093,36.4698,66.1,2.0,356.4,169.5,0.9248,0
1094,36.5031,58.9,1.7,360.1,170.0,0.9346,0
1095,36.5365,55.5,1.5,369.6,167.0,0.9208,0
1096,36.5699,71.9,1.8,358.2,167.6,0.9121,0
1097,36.6032,61.1,3.4,360.1,169.7,0.8736,0
1098,36.6366,43.0,1.5,366.6,174.7,0.8849,0
1099,36.67,81.7,1.6,358.4,171.5,0.8307,0
1100,36.7033,107.1,3.8,358.0,165.3,0.8816,0
1101,36.7367,101.2,4.9,364.0,170.7,0.9024,0
1102,36.7701,101.6,2.7,359.7,172.1,0.8328,0
1102,36.7701,87.6,1.9,361.2,173.3,0.1303,0
1103,36.8034,100.4,2.6,361.1,167.1,0.917,0
1104,36.8368,49.9,1.4,360.3,171.1,0.9024,0
1105,36.8702,57.8,2.3,358.6,168.1,0.8983,0
1106,36.9035,57.0,1.7,360.7,169.4,0.6597,0
1106,36.9035,83.5,1.6,361.4,168.8,0.4944,0
1107,36.9369,27.8,1.6,363.5,172.0,0.899,0
1108,36.9703,41.8,1.2,360.5,171.9,0.7635,0
1109,37.0036,50.6,2.1,362.3,172.3,0.8886,0
1110,37.037,66.0,3.1,364.6,171.4,0.8881,0
1111,37.0704,101.5,2.3,369.7,166.3,0.9133,0
1112,37.1037,67.4,1.0,373.9,181.3,0.7407,0
1113,37.1371,58.2,3.9,356.6,187.6,0.7667,0
1114,37.1705,50.3,3.6,358.9,168.9,0.8243,0
1115,37.2038,41.5,1.6,357.3,168.8,0.8487,0
1116,37.2372,50.7,2.1,363.3,168.0,0.7744,0
1117,37.2706,47.9,1.4,365.8,166.0,0.8641,0
1118,37.3039,14.9,1.9,356.7,171.5,0.6931,0
1118,37.3039,22.9,0.7,358.8,185.6,0.1156,0
1119,37.3373,24.0,1.4,364.2,180.0,0.7618,0
1120,37.3707,14.1,1.2,368.0,173.7,0.8407,0
1121,37.404,36.0,2.6,372.0,172.4,0.9212,0
1122,37.4374,94.3,2.7,361.9,167.1,0.7614,0
1123,37.4708,83.7,2.1,366.3,166.9,0.9086,0
1124,37.5041,41.3,1.5,370.4,169.8,0.9133,0
1125,37.5375,44.8,1.8,358.7,169.9,0.9017,0
1126,37.5709,28.2,1.6,360.9,172.4,0.7745,0
1127,37.6042,33.2,1.7,363.7,172.3,0.8575,0
1128,37.6376,101.8,1.7,364.5,169.8,0.8867,0
1129,37.671,71.8,1.9,352.1,170.2,0.8502,0
1130,37.7043,66.8,1.9,359.2,169.4,0.9003,0
1131,37.7377,98.1,1.8,361.1,168.6,0.8915,0
1132,37.7711,92.1,2.2,359.1,166.7,0.7968,0
1132,37.7711,77.6,1.7,358.4,168.0,0.1622,0
1133,37.8044,81.2,2.1,372.9,169.5,0.8713,0
1134,37.8378,65.8,1.7,382.5,172.7,0.8291,0
1135,37.8712,41.2,2.1,364.9,170.9,0.7813,0
1136,37.9045,42.5,1.6,356.7,172.7,0.8449,0
1137,37.9379,43.4,2.7,357.6,168.9,0.8672,0
1138,37.9713,61.0,1.6,366.8,170.8,0.8611,0
1139,38.0046,66.6,2.0,358.3,169.7,0.8255,0
1140,38.038,72.9,2.1,355.7,167.6,0.9017,0
1141,38.0714,57.3,2.2,353.1,167.5,0.8722,0
1142,38.1047,60.9,1.4,360.3,165.6,0.9215,0
1143,38.1381,58.2,2.1,350.6,166.2,0.9095,0
1144,38.1715,95.1,1.9,348.6,167.1,0.9281,0
1145,38.2048,66.9,2.6,351.6,166.9,0.8869,0
1146,38.2382,54.7,2.0,359.2,170.5,0.9077,0
1147,38.2716,43.3,0.7,355.4,167.4,0.89,0
1148,38.3049,32.2,2.6,361.1,167.8,0.8949,0
1149,38.3383,37.9,2.7,366.2,167.9,0.8499,0
1150,38.3717,50.5,2.0,356.0,167.4,0.8845,0
1151,38.405,49.4,2.5,358.8,169.0,0.8598,0
1152,38.4384,92.9,2.0,356.0,170.2,0.8322,0
1153,38.4718,44.3,1.5,356.3,169.5,0.8312,0
1154,38.5051,81.0,2.1,365.1,171.5,0.865,0
1155,38.5385,65.4,3.1,360.8,171.6,0.8927,0
1156,38.5719,74.3,2.4,354.0,169.4,0.8936,0
1157,38.6052,51.3,2.2,355.8,171.1,0.898,0
1158,38.6386,35.9,2.0,355.1,172.7,0.86,0
1159,38.672,44.6,1.2,354.1,171.1,0.8918,0
1160,38.7053,48.8,2.4,352.7,169.4,0.8151,0
1161,38.7387,48.9,1.8,358.7,170.9,0.9043,0
1162,38.7721,44.7,1.8,353.9,168.1,0.5477,0
1162,38.7721,38.9,1.3,353.3,169.9,0.2045,0
1163,38.8054,29.2,1.7,353.9,176.0,0.7969,0
1164,38.8388,52.8,2.8,356.3,168.6,0.925,0
1165,38.8722,56.3,2.1,354.3,173.1,0.6535,0
1165,38.8722,53.7,1.4,354.4,173.4,0.2142,0
1166,38.9055,66.4,1.9,356.9,168.0,0.922,0
1167,38.9389,59.2,2.2,357.6,167.3,0.9131,0
1168,38.9723,51.7,2.0,358.9,170.1,0.8915,0
1169,39.0056,47.5,1.8,353.4,171.5,0.9006,0
1170,39.039,55.1,1.7,362.5,173.0,0.8826,0
1171,39.0724,101.6,2.6,372.8,168.8,0.9092,0
1172,39.1057,27.3,1.7,378.5,183.1,0.842,0
1173,39.1391,41.0,1.7,364.0,173.5,0.8828,0
1174,39.1725,49.6,1.4,379.4,175.2,0.4175,0
1174,39.1725,54.9,1.5,376.9,176.9,0.4158,0
1175,39.2058,59.7,0.8,369.7,170.5,0.8817,0
1176,39.2392,62.8,2.8,370.9,170.6,0.8724,0
1177,39.2726,82.2,2.0,371.4,170.5,0.887,0
1178,39.3059,80.5,0.9,379.8,173.9,0.8809,0
1179,39.3393,62.5,1.3,357.3,172.0,0.8375,0
1180,39.3727,63.0,1.5,356.7,173.9,0.873,0
1181,39.406,55.0,2.3,364.1,179.5,0.8153,0
1182,39.4394,59.1,1.5,373.4,177.3,0.8572,0
1183,39.4728,47.8,1.4,360.8,186.1,0.7919,0
1184,39.5061,29.1,1.7,369.5,175.9,0.8281,0
1185,39.5395,32.9,1.1,363.4,175.4,0.85,0
1186,39.5729,57.9,1.1,353.8,172.2,0.7697,0
1187,39.6062,85.5,1.9,362.6,171.6,0.8882,0
1188,39.6396,99.7,2.0,360.6,179.1,0.8505,0
1189,39.673,94.1,2.4,364.8,177.5,0.8582,0
1190,39.7063,87.2,2.3,355.1,170.6,0.7556,0
1191,39.7397,107.5,2.2,359.5,167.6,0.901,0
1192,39.7731,40.8,0.9,364.0,175.2,0.8057,0
1193,39.8064,56.9,2.0,363.8,177.7,0.8411,0
1194,39.8398,72.0,1.6,356.6,171.9,0.886,0
1195,39.8732,103.2,1.7,354.1,167.3,0.8625,0
1196,39.9065,84.8,1.8,355.3,167.6,0.8865,0
1197,39.9399,61.2,2.2,357.8,169.1,0.8689,0
1198,39.9733,37.9,0.8,367.2,174.0,0.7636,0
1199,40.0066,39.6,2.6,360.6,174.3,0.8764,0
1200,40.04,73.6,4.1,364.7,183.0,0.2838,0
1200,40.04,50.0,2.8,365.4,183.4,0.2589,0
1201,40.0734,46.2,2.2,362.3,174.7,0.8339,0
1202,40.1067,35.6,0.6,370.9,174.6,0.5583,0
1202,40.1067,36.6,1.0,169.0,182.2,0.247,0
1203,40.1401,54.8,1.4,359.3,170.0,0.8638,0
1204,40.1735,43.6,2.0,362.4,171.5,0.8841,0
1205,40.2068,72.4,0.5,365.0,173.3,0.6347,0
1205,40.2068,48.8,0.6,363.9,173.7,0.3006,0
1206,40.2402,90.5,1.1,355.6,168.2,0.911,0
1207,40.2736,101.8,2.1,359.2,168.4,0.9062,0
1208,40.3069,107.3,1.3,360.0,168.9,0.9052,0
1209,40.3403,106.0,0.6,364.2,168.8,0.9175,0
1210,40.3737,44.6,2.2,359.4,169.5,0.8926,0
1211,40.407,55.3,1.4,361.0,176.1,0.8465,0
1212,40.4404,87.2,2.0,361.0,169.7,0.8485,0
1213,40.4738,49.4,1.2,364.7,172.2,0.9046,0
1214,40.5071,67.0,1.6,355.1,171.1,0.8923,0
1215,40.5405,80.3,2.4,362.9,176.8,0.8718,0
1216,40.5739,58.7,1.2,366.5,170.8,0.9013,0
1217,40.6072,49.2,3.6,358.1,172.5,0.859,0
1218,40.6406,59.4,2.0,356.6,174.1,0.8808,0
1219,40.674,32.1,1.6,364.1,183.8,0.8718,0
1220,40.7073,41.9,1.5,351.8,175.0,0.737,0
1221,40.7407,73.9,1.4,350.6,168.7,0.8882,0
1222,40.7741,41.9,1.1,351.6,169.6,0.8899,0
1223,40.8074,40.5,1.4,353.8,170.5,0.8919,0
1224,40.8408,42.0,2.1,357.0,169.7,0.8787,0
1225,40.8742,62.1,2.9,356.5,170.1,0.8676,0
1226,40.9075,46.2,2.5,353.7,171.1,0.8753,0
1227,40.9409,92.6,2.2,356.5,171.8,0.8638,0
1228,40.9743,97.2,0.9,374.1,170.7,0.7928,0
1228,40.9743,98.6,0.9,372.9,169.7,0.121,0
1229,41.0076,45.2,1.1,364.2,173.8,0.8838,0
1230,41.041,61.8,1.8,357.4,169.0,0.8932,0
1231,41.0744,43.0,1.7,353.8,168.4,0.8255,0
1232,41.1077,28.5,2.3,355.4,172.0,0.7851,0
1233,41.1411,28.0,2.2,361.1,172.1,0.8942,0
1234,41.1745,21.6,1.7,363.0,171.7,0.9048,0
1235,41.2078,42.9,0.1,371.3,179.0,0.9125,0
1236,41.2412,107.7,8.4,363.2,167.2,0.9022,0
1237,41.2746,37.1,2.5,368.9,173.5,0.8946,0
1238,41.3079,41.5,1.5,365.4,167.4,0.9154,0
1239,41.3413,40.8,2.1,354.2,172.5,0.6899,0
1240,41.3747,48.9,1.9,368.5,168.1,0.8965,0
1241,41.408,49.0,0.9,369.2,171.6,0.8976,0
1242,41.4414,58.7,1.3,354.0,170.0,0.9248,0
1243,41.4748,48.6,0.9,354.2,175.7,0.8317,0
1244,41.5081,42.0,1.9,356.2,182.4,0.8514,0
1245,41.5415,43.8,0.7,355.3,177.5,0.8742,0
1246,41.5749,41.3,1.1,356.6,173.0,0.7461,0
1247,41.6082,43.5,1.9,358.4,172.1,0.9025,0
1248,41.6416,36.7,0.9,358.7,176.7,0.9142,0
1249,41.675,42.6,1.2,367.6,179.2,0.8749,0
1250,41.7083,33.4,1.8,372.1,180.3,0.8943,0
1251,41.7417,36.3,2.5,358.7,175.8,0.8888,0
1252,41.7751,69.8,2.8,355.7,171.6,0.8787,0
1253,41.8084,42.3,2.2,360.5,175.4,0.8452,0
1254,41.8418,50.4,2.7,362.5,178.2,0.887,0
1255,41.8752,32.3,3.2,365.6,181.8,0.8569,0
1256,41.9085,32.3,3.2,368.4,180.5,0.8956,0
1257,41.9419,21.4,2.4,366.0,174.1,0.8441,0
1258,41.9753,1.4,1.2,369.3,179.2,0.8201,0
1259,42.0086,60.2,1.3,366.2,167.6,0.933,0
1260,42.042,56.7,2.1,364.3,167.2,0.9003,0
1261,42.0754,44.3,1.0,364.9,167.5,0.8865,0
1262,42.1087,23.2,1.4,359.1,169.8,0.6906,0
1263,42.1421,25.3,0.8,370.9,169.0,0.8899,0
1264,42.1755,44.7,1.1,377.6,165.4,0.9131,0
1265,42.2088,34.3,2.9,367.5,168.2,0.919,0
1266,42.2422,35.6,3.9,375.2,167.6,0.903,0
1267,42.2756,50.3,4.3,375.8,174.8,0.5957,0
1268,42.3089,88.7,2.5,377.3,169.6,0.9136,0
1269,42.3423,64.5,2.2,359.8,171.2,0.8564,0
1270,42.3757,53.1,1.8,362.8,170.8,0.861,0
1271,42.409,48.6,1.8,360.1,168.1,0.9178,0
1272,42.4424,97.4,1.2,362.4,168.6,0.9293,0
1273,42.4758,44.5,1.3,354.8,170.0,0.895,0
1274,42.5091,52.6,1.3,354.7,169.6,0.9106,0
1275,42.5425,54.0,2.4,354.6,169.6,0.9081,0
1276,42.5759,65.9,1.7,356.1,170.7,0.8537,0
1277,42.6092,46.6,1.4,362.1,174.6,0.8903,0
1278,42.6426,53.2,2.2,364.0,169.8,0.898,0
1279,42.676,86.1,2.9,370.6,167.8,0.8046,0
1280,42.7093,47.5,1.8,361.5,178.5,0.8874,0
1281,42.7427,46.4,1.8,359.5,173.5,0.9152,0
1282,42.7761,46.2,1.8,356.2,175.1,0.9184,0
1283,42.8094,48.4,3.5,355.4,171.6,0.9035,0
1284,42.8428,71.1,3.5,356.0,170.5,0.8617,0
1285,42.8762,52.3,1.7,360.0,173.3,0.8874,0
1286,42.9095,54.7,1.5,364.1,171.4,0.9019,0
1287,42.9429,55.9,2.0,360.9,174.6,0.8866,0
1288,42.9763,91.6,2.0,369.5,173.2,0.8958,0
1289,43.0096,106.7,0.3,371.8,169.1,0.8914,0
1290,43.043,84.3,3.3,356.8,168.9,0.9081,0
1291,43.0764,62.8,2.1,357.0,169.2,0.8839,0
1292,43.1097,63.5,3.0,351.6,169.2,0.9329,0
1293,43.1431,56.4,0.7,360.1,173.7,0.8079,0
1294,43.1765,55.8,0.9,358.4,171.8,0.8844,0
1295,43.2098,99.0,3.2,352.3,167.2,0.9129,0
1296,43.2432,104.5,2.2,353.7,167.5,0.9275,0
1297,43.2766,94.9,2.2,355.8,168.1,0.9116,0
1298,43.3099,97.0,2.3,356.7,166.5,0.8984,0
1299,43.3433,101.4,2.1,354.2,166.7,0.9128,0
1300,43.3767,95.7,1.9,352.2,167.2,0.9176,0
1301,43.41,90.6,1.1,352.8,167.5,0.9161,0
1302,43.4434,95.0,1.3,353.7,168.0,0.9136,0
1303,43.4768,48.2,1.5,355.4,180.1,0.896,0
1304,43.5101,71.8,1.2,357.9,169.9,0.9254,0
1305,43.5435,52.9,2.7,350.0,171.3,0.8208,0
1306,43.5769,45.4,1.7,355.6,170.8,0.8123,0
1307,43.6102,44.6,1.4,361.7,175.6,0.8834,0
1308,43.6436,32.3,3.1,357.0,173.2,0.8584,0
1309,43.677,27.6,3.3,359.6,175.6,0.8111,0
1310,43.7103,46.2,1.5,359.3,181.2,0.6455,0
1311,43.7437,40.9,2.0,355.4,171.1,0.9028,0
1312,43.7771,72.8,2.7,349.1,169.5,0.9081,0
1313,43.8104,115.8,3.2,352.8,166.4,0.7866,0
1313,43.8104,115.3,2.7,352.2,167.9,0.2785,0
1314,43.8438,111.0,1.6,356.8,166.4,0.9017,0
1315,43.8772,56.4,1.7,355.1,169.6,0.9058,0
1316,43.9105,42.5,1.0,363.0,172.8,0.902,0
1317,43.9439,26.4,2.5,353.1,191.3,0.7755,0
1318,43.9773,49.6,2.4,353.9,177.1,0.8898,0
1319,44.0106,68.5,1.9,351.2,174.4,0.8554,0
1320,44.044,40.6,5.6,354.8,170.3,0.7587,0
1321,44.0774,50.4,1.7,360.4,172.2,0.8776,0
1322,44.1107,48.1,1.1,359.1,176.9,0.8968,0
1323,44.1441,107.7,1.8,360.9,166.9,0.9253,0
1324,44.1775,112.4,3.7,359.6,164.2,0.735,0
1324,44.1775,112.4,5.5,359.5,163.5,0.1399,0
1325,44.2108,65.1,2.5,360.4,175.6,0.8739,0
1326,44.2442,52.9,1.8,361.8,175.3,0.8894,0
1327,44.2776,61.6,1.8,349.8,173.0,0.8852,0
1328,44.3109,72.0,1.5,347.6,178.8,0.846,0
1329,44.3443,98.3,2.1,351.6,175.3,0.8744,0
1330,44.3777,91.6,2.0,352.6,173.7,0.8991,0
1331,44.411,67.3,1.6,350.9,172.4,0.8219,0
1332,44.4444,61.7,1.6,346.0,172.0,0.9119,0
1333,44.4778,119.3,1.7,348.3,163.4,0.9288,0
1334,44.5111,79.3,1.7,349.2,167.1,0.9035,0
1335,44.5445,82.9,1.6,356.0,172.9,0.8382,0
1336,44.5779,87.0,1.8,356.7,173.5,0.8469,0
1337,44.6112,84.6,1.5,358.0,177.9,0.877,0
1338,44.6446,73.9,1.2,352.5,177.9,0.895,0
1339,44.678,41.4,3.8,353.0,181.7,0.6087,0
1340,44.7113,54.3,3.2,361.6,171.9,0.8466,0
1341,44.7447,39.2,3.6,366.3,179.9,0.8687,0
1342,44.7781,38.4,1.5,354.8,184.2,0.7711,0
1343,44.8114,41.4,0.7,349.3,182.2,0.8947,0
1344,44.8448,36.5,2.7,352.0,176.0,0.9004,0
1345,44.8782,37.3,1.7,353.4,173.3,0.9035,0
1346,44.9115,54.1,1.5,356.6,172.3,0.9032,0
1347,44.9449,55.8,2.3,357.1,168.4,0.9112,0
1348,44.9783,67.9,5.0,352.7,167.1,0.8897,0
1349,45.0116,58.3,2.2,353.3,169.2,0.9141,0
1350,45.045,54.7,2.2,357.8,168.9,0.9241,0
1351,45.0784,46.3,2.1,365.1,176.4,0.8841,0
1352,45.1117,42.6,2.3,355.7,170.7,0.8979,0
1353,45.1451,47.4,2.1,352.5,171.1,0.915,0
1354,45.1785,31.4,1.4,354.4,168.9,0.9141,0
1355,45.2118,32.1,1.7,358.0,169.8,0.684,0
1356,45.2452,35.5,0.9,353.6,172.7,0.8797,0
1357,45.2786,42.8,1.5,355.6,166.1,0.903,0
1358,45.3119,38.0,1.5,356.6,168.1,0.8966,0
1359,45.3453,28.9,0.9,355.3,178.8,0.4491,0
1360,45.3787,98.8,2.1,356.7,167.4,0.924,0
1361,45.412,58.6,1.8,354.2,169.7,0.9002,0
1362,45.4454,42.3,1.6,347.0,170.0,0.8438,0
1363,45.4788,39.8,1.5,352.3,177.1,0.8658,0
1364,45.5121,48.8,1.8,356.2,171.0,0.9111,0
1365,45.5455,84.9,1.8,349.6,165.8,0.9232,0
1366,45.5789,83.7,1.9,351.9,167.4,0.9161,0
1367,45.6122,98.0,2.1,347.7,166.6,0.9086,0
1368,45.6456,95.1,1.8,347.3,167.5,0.9189,0
1369,45.679,87.0,2.1,352.6,167.3,0.9065,0
1370,45.7123,65.4,2.3,354.3,168.8,0.858,0
1371,45.7457,47.5,1.3,347.0,182.5,0.8637,0
1372,45.7791,64.5,2.0,344.0,169.8,0.7006,0
1372,45.7791,49.3,1.6,344.7,172.4,0.1341,0
1373,45.8124,39.1,1.8,353.2,175.6,0.8769,0
1374,45.8458,38.7,1.1,347.0,174.0,0.3818,0
1374,45.8458,31.7,0.8,348.8,177.8,0.3512,0
1375,45.8792,37.1,1.5,346.2,179.0,0.8489,0
1376,45.9125,36.9,2.3,348.0,180.4,0.7946,0
1377,45.9459,23.6,1.2,348.7,177.7,0.888,0
1378,45.9793,55.8,1.2,353.3,178.2,0.8661,0
1379,46.0126,53.7,2.3,355.2,177.4,0.8086,0
1380,46.046,55.1,2.0,351.7,175.7,0.884,0
1381,46.0794,44.5,3.5,356.6,170.4,0.893,0
1382,46.1127,36.5,1.8,351.4,167.6,0.9148,0
1383,46.1461,56.0,1.8,352.9,168.0,0.9217,0
1384,46.1795,52.8,3.8,354.0,168.4,0.909,0
1385,46.2128,38.1,1.8,352.1,173.1,0.5017,0
1385,46.2128,39.1,2.7,351.8,168.0,0.1961,0
1386,46.2462,39.2,4.0,351.0,167.2,0.899,0
1387,46.2796,51.9,1.7,349.2,169.8,0.8423,0
1388,46.3129,45.2,1.1,349.8,194.1,0.7246,0
1389,46.3463,43.0,1.1,349.2,180.7,0.7945,0
1390,46.3797,55.2,1.3,357.1,172.6,0.8493,0
1391,46.413,49.8,1.2,363.3,176.4,0.7923,0
1392,46.4464,54.1,2.7,345.0,173.4,0.883,0
1393,46.4798,53.6,1.7,346.4,167.9,0.8766,0
1394,46.5131,55.3,1.2,356.4,169.1,0.905,0
1395,46.5465,77.7,1.7,354.9,167.0,0.9168,0
1396,46.5799,87.8,3.2,351.1,166.9,0.9162,0
1397,46.6132,53.7,1.7,354.2,166.9,0.9057,0
1398,46.6466,45.9,1.7,348.0,168.2,0.6805,0
1398,46.6466,39.2,1.0,347.2,172.2,0.2595,0
1399,46.68,39.0,0.6,352.0,170.6,0.8441,0
1400,46.7133,33.6,2.4,351.9,170.4,0.87,0
1401,46.7467,30.1,2.3,348.0,171.8,0.7937,0
1402,46.7801,40.4,1.7,349.8,175.6,0.8891,0
1403,46.8134,34.0,1.3,354.2,180.9,0.8058,0
1404,46.8468,49.1,1.5,351.1,170.4,0.8286,0
1405,46.8802,29.8,0.8,350.6,172.1,0.6425,0
1406,46.9135,25.4,0.9,355.3,175.4,0.7469,0
1407,46.9469,76.1,1.5,357.0,168.6,0.8354,0
1408,46.9803,85.7,1.8,354.9,168.4,0.9043,0
1409,47.0136,50.2,3.0,351.5,173.0,0.8974,0
1410,47.047,30.2,2.2,351.7,180.1,0.7418,0
1411,47.0804,29.8,2.5,367.3,179.4,0.8798,0
1412,47.1137,27.2,7.2,357.4,173.5,0.83,0
1413,47.1471,27.5,4.1,355.8,172.3,0.8047,0
1414,47.1805,52.1,1.9,359.4,172.6,0.8877,0
1415,47.2138,86.0,1.9,351.2,170.3,0.8929,0
1416,47.2472,67.4,2.2,350.7,178.5,0.7879,0
1417,47.2806,49.4,1.1,351.8,192.4,0.7193,0
1418,47.3139,59.3,3.0,356.4,177.2,0.8405,0
1419,47.3473,41.7,2.9,358.3,172.6,0.8874,0
1420,47.3807,31.7,1.6,359.9,192.2,0.6526,0
1421,47.414,31.3,1.3,360.5,195.6,0.142,0
1422,47.4474,39.1,1.8,356.2,181.0,0.8077,0
1423,47.4808,36.5,1.5,360.3,185.0,0.435,0
1424,47.5141,31.9,4.1,371.6,181.6,0.8599,0
1425,47.5475,42.8,1.9,356.8,175.3,0.8174,0
1426,47.5809,52.4,2.7,356.2,172.6,0.9118,0
1427,47.6142,49.2,2.8,356.0,169.1,0.8905,0
1428,47.6476,54.0,2.4,355.1,169.0,0.8748,0
1429,47.681,50.4,1.6,354.2,180.1,0.8286,0
1430,47.7143,41.4,2.4,354.2,180.6,0.8485,0
1431,47.7477,55.2,2.3,358.5,178.7,0.8303,0
1432,47.7811,44.2,1.7,363.4,179.9,0.8716,0
1433,47.8144,64.3,2.6,354.9,172.1,0.8463,0
1434,47.8478,58.9,2.3,355.6,186.2,0.8126,0
1435,47.8812,105.4,2.2,363.4,182.9,0.8814,0
1436,47.9145,83.7,2.0,360.0,174.2,0.8941,0
1437,47.9479,66.8,2.9,357.0,174.0,0.8701,0
1438,47.9813,52.2,2.8,354.3,178.4,0.8627,0
1439,48.0146,41.7,2.7,354.5,175.4,0.733,0
1440,48.048,40.7,2.0,358.5,175.0,0.8838,0
1441,48.0814,43.5,2.0,366.4,171.5,0.8486,0
1442,48.1147,36.6,2.4,370.9,170.4,0.904,0
1443,48.1481,45.7,1.8,370.3,168.5,0.9045,0
1444,48.1815,60.9,1.5,356.9,167.7,0.9192,0
1445,48.2148,114.8,2.1,360.7,164.4,0.9183,0
1446,48.2482,52.2,1.7,372.3,171.7,0.7336,0
1446,48.2482,68.0,1.9,370.3,171.1,0.1588,0
1447,48.2816,49.1,2.1,357.3,175.5,0.9053,0
1448,48.3149,39.9,2.0,350.5,174.7,0.7973,0
1449,48.3483,40.9,2.6,353.9,185.4,0.8085,0
1450,48.3817,42.4,1.6,349.3,174.5,0.8638,0
1451,48.415,41.3,1.1,352.6,172.1,0.8663,0
1452,48.4484,53.6,0.9,356.2,172.1,0.5855,0
1452,48.4484,52.4,0.9,352.7,172.4,0.1995,0
1453,48.4818,78.7,5.0,352.7,166.0,0.9116,0
1454,48.5151,68.2,1.4,354.2,167.7,0.914,0
1455,48.5485,48.8,1.8,355.2,169.8,0.9232,0
1456,48.5819,39.4,2.0,356.6,173.8,0.8872,0
1457,48.6152,50.0,1.9,356.7,171.7,0.8713,0
1458,48.6486,45.6,1.7,357.7,172.7,0.8408,0
1459,48.682,36.6,1.2,361.2,172.1,0.9196,0
1460,48.7153,39.7,0.8,352.0,178.6,0.898,0
1461,48.7487,36.1,1.1,351.6,175.7,0.7625,0
1462,48.7821,49.7,1.6,349.4,173.1,0.8198,0
1463,48.8154,63.8,1.2,344.1,170.7,0.9102,0
1464,48.8488,80.3,1.6,345.2,166.9,0.9251,0
1465,48.8822,66.1,1.7,347.0,166.8,0.9176,0
1466,48.9155,76.2,1.7,348.5,167.3,0.8976,0
1467,48.9489,72.5,3.9,350.9,165.8,0.9023,0
1468,48.9823,60.5,1.9,348.3,166.8,0.9167,0
1469,49.0156,68.8,4.5,354.1,168.1,0.8816,0
1469,49.0156,0.3,96.4,67.2,265.6,0.1154,1
1469,49.0156,0.0,95.4,59.3,265.9,0.1102,1
1470,49.049,63.9,2.7,356.4,169.4,0.9022,0
1471,49.0824,48.1,2.7,352.6,169.6,0.8817,0
1472,49.1157,47.2,1.8,353.7,174.5,0.8809,0
1473,49.1491,51.7,2.3,356.1,172.7,0.8368,0
1474,49.1825,46.0,3.2,360.7,172.9,0.8593,0
1475,49.2158,67.6,1.8,360.7,168.0,0.8837,0
1476,49.2492,49.6,2.2,353.3,168.2,0.9267,0
1477,49.2826,43.0,2.6,355.8,168.6,0.8816,0
1478,49.3159,54.0,2.1,355.0,170.3,0.8785,0
1479,49.3493,48.5,2.2,350.2,169.9,0.8523,0
1480,49.3827,49.4,2.0,353.4,171.6,0.8443,0
1481,49.416,77.7,2.2,354.7,173.5,0.815,0
1482,49.4494,101.5,2.0,352.5,168.8,0.8635,0
1483,49.4828,53.2,1.9,354.0,180.5,0.8286,0
1484,49.5161,43.4,1.8,347.5,175.5,0.6804,0
1484,49.5161,32.0,1.7,346.5,177.4,0.3951,0
1485,49.5495,46.0,2.5,343.9,170.6,0.5013,0
1485,49.5495,36.3,1.9,343.8,174.2,0.3806,0
1486,49.5829,50.4,2.0,345.0,169.7,0.8126,0
1487,49.6162,52.1,2.1,353.1,171.3,0.8138,0
1488,49.6496,88.5,2.2,354.4,172.2,0.6506,0
1488,49.6496,62.0,1.9,352.7,172.6,0.4496,0
1489,49.683,102.1,2.1,356.3,177.8,0.8089,0
1490,49.7163,61.6,2.2,351.9,180.1,0.6259,0
1491,49.7497,58.5,2.9,357.7,188.5,0.7907,0
1492,49.7831,63.2,2.5,365.9,190.6,0.786,0
1493,49.8164,49.9,3.4,365.8,179.2,0.6626,0
1494,49.8498,67.6,2.0,353.3,171.8,0.7352,0
1495,49.8832,62.2,2.3,357.9,177.4,0.5754,0
1496,49.9165,52.5,1.1,366.3,196.3,0.2758,0
1497,49.9499,70.9,3.8,365.0,183.9,0.7914,0
1498,49.9833,46.6,1.3,350.0,192.8,0.2011,0
1498,49.9833,49.3,1.3,354.7,191.5,0.1214,0
1499,50.0166,42.3,1.3,353.8,187.9,0.6564,0
1500,50.05,112.6,1.2,352.1,175.2,0.8266,0
1501,50.0834,53.3,1.1,355.6,181.0,0.893,0
1502,50.1167,48.8,2.7,356.8,180.1,0.8351,0
1503,50.1501,63.9,2.1,354.9,184.0,0.6454,0
1504,50.1835,56.5,1.9,350.4,185.9,0.6563,0
1505,50.2168,50.3,2.4,351.2,180.1,0.7725,0
1506,50.2502,57.4,2.5,354.3,176.2,0.9089,0
1507,50.2836,49.0,2.3,351.1,177.8,0.1476,0
1508,50.3169,46.7,1.3,351.8,187.4,0.4062,0
1509,50.3503,45.4,2.1,354.6,190.4,0.7711,0
1510,50.3837,84.6,2.7,353.5,186.8,0.759,0
1511,50.417,40.9,1.5,357.5,244.9,0.7577,0
1512,50.4504,20.8,2.3,358.5,243.8,0.7546,0
1513,50.4838,38.9,0.8,356.5,243.8,0.4212,0
1514,50.5171,45.7,4.4,361.2,238.4,0.5399,0
1515,50.5505,34.5,1.6,358.9,238.7,0.2516,0
1516,50.5839,32.0,1.7,358.7,243.7,0.4365,0
1517,50.6172,59.0,2.4,354.9,191.6,0.6643,0
1518,50.6506,32.4,1.2,352.9,187.6,0.4249,0
1519,50.684,45.3,1.7,357.8,235.8,0.311,0
1520,50.7173,35.7,1.9,359.6,196.5,0.4556,0
1520,50.7173,29.5,3.3,362.2,242.2,0.3233,0
1521,50.7507,56.9,3.3,359.8,240.9,0.6286,0
1522,50.7841,42.0,2.0,356.4,187.2,0.8219,0
1523,50.8174,65.7,1.9,353.0,178.0,0.8361,0
1524,50.8508,99.9,2.4,356.5,170.4,0.7776,0
1525,50.8842,91.0,1.2,357.9,169.4,0.8468,0
1526,50.9175,55.1,1.7,369.1,180.8,0.5764,0
1527,50.9509,57.6,1.2,365.7,174.0,0.8081,0
1528,50.9843,50.8,2.0,365.3,169.6,0.7401,0
1529,51.0176,64.5,2.3,348.5,168.4,0.7747,0
1530,51.051,74.8,1.2,351.7,167.2,0.9111,0
1531,51.0844,105.8,1.7,354.9,168.9,0.8815,0
1532,51.1177,54.0,1.3,358.8,174.5,0.8778,0
1533,51.1511,48.6,1.7,352.3,181.8,0.66,0
1534,51.1845,59.6,1.6,354.3,174.5,0.8145,0
1535,51.2178,34.6,1.7,353.0,171.8,0.8665,0
1536,51.2512,18.6,1.4,355.5,171.8,0.8799,0
1537,51.2846,28.4,1.3,355.5,169.8,0.8744,0
1538,51.3179,34.0,2.3,355.5,172.7,0.8712,0
1539,51.3513,43.6,1.2,356.0,175.0,0.7839,0
1540,51.3847,43.3,2.0,353.4,177.0,0.841,0
1541,51.418,25.0,1.8,357.3,171.4,0.7569,0
1542,51.4514,48.8,2.5,362.7,169.9,0.9024,0
1543,51.4848,40.7,3.6,373.6,174.2,0.8192,0
1544,51.5181,89.2,0.8,364.6,167.2,0.9191,0
1545,51.5515,56.5,1.6,356.7,167.9,0.6453,0
1546,51.5849,116.7,2.2,353.6,165.9,0.8596,0
1547,51.6182,105.2,2.4,353.1,165.6,0.5676,0
1547,51.6182,62.7,2.0,354.5,167.6,0.4002,0
1548,51.6516,48.7,2.5,353.7,167.2,0.8855,0
1549,51.685,34.8,2.2,353.4,173.8,0.8513,0
1550,51.7183,28.9,1.0,351.0,174.2,0.8699,0
1551,51.7517,53.6,2.0,350.9,170.5,0.9176,0
1552,51.7851,39.6,3.1,349.3,171.6,0.8934,0
1553,51.8184,50.2,2.3,345.6,170.6,0.8554,0
1554,51.8518,29.1,2.0,347.4,172.9,0.7533,0
1554,51.8518,17.0,1.5,346.7,181.2,0.2386,0
1555,51.8852,53.6,1.8,350.7,170.5,0.8881,0
1556,51.9185,44.9,1.9,355.7,173.6,0.5801,0
1557,51.9519,45.3,2.9,351.0,176.9,0.8833,0
1558,51.9853,122.0,1.1,351.7,166.2,0.9201,0
1559,52.0186,114.6,1.7,352.2,168.1,0.8843,0
1560,52.052,64.2,1.2,354.7,168.6,0.9098,0
1561,52.0854,72.6,0.4,352.8,166.3,0.9288,0
1562,52.1187,70.1,1.4,353.2,168.3,0.8767,0
1563,52.1521,71.5,2.0,355.3,168.1,0.8418,0
1564,52.1855,110.8,1.9,359.6,166.4,0.8285,0
1564,52.1855,106.1,1.8,359.6,167.5,0.2492,0
1565,52.2188,48.1,1.1,360.9,168.6,0.8583,0
1566,52.2522,87.9,2.1,367.5,166.9,0.8965,0
1567,52.2856,70.6,2.3,355.6,169.8,0.7323,0
1568,52.3189,84.9,2.0,356.1,167.7,0.8316,0
1569,52.3523,74.3,4.3,354.7,166.9,0.9005,0
1570,52.3857,70.8,1.7,353.1,167.9,0.879,0
1571,52.419,100.7,0.9,350.4,166.3,0.9342,0
1572,52.4524,81.4,1.1,349.1,166.8,0.9175,0
1573,52.4858,99.1,2.0,356.1,167.6,0.881,0
1574,52.5191,67.6,2.0,353.6,167.1,0.9048,0
1575,52.5525,88.7,1.0,358.6,168.7,0.9012,0
1576,52.5859,77.4,1.6,362.2,167.2,0.905,0
1577,52.6192,69.4,2.0,368.9,167.5,0.8995,0
1578,52.6526,45.8,1.5,355.9,168.3,0.7916,0
1579,52.686,69.3,2.2,358.7,167.9,0.8829,0
1580,52.7193,43.9,1.8,349.7,169.1,0.8691,0
1581,52.7527,48.6,1.3,353.8,168.8,0.8971,0
1582,52.7861,56.2,1.8,356.5,166.4,0.887,0
1583,52.8194,54.2,0.9,350.9,167.1,0.8754,0
1584,52.8528,52.3,1.3,353.2,168.8,0.8796,0
1585,52.8862,95.5,1.1,351.4,168.0,0.8972,0
1586,52.9195,92.4,3.6,350.5,168.0,0.7857,0
1587,52.9529,66.2,3.0,349.3,167.3,0.8454,0
1588,52.9863,56.8,2.1,354.0,168.0,0.8897,0
1589,53.0196,66.4,2.8,354.6,168.2,0.8128,0
1590,53.053,39.2,2.1,356.7,169.1,0.8281,0
1591,53.0864,43.7,1.6,352.3,169.8,0.894,0
1592,53.1197,57.5,1.7,354.7,170.3,0.8938,0
1593,53.1531,60.9,2.3,356.7,168.7,0.9107,0
1594,53.1865,56.1,0.7,369.2,175.7,0.8532,0
1595,53.2198,59.0,0.9,366.6,169.3,0.9154,0
1596,53.2532,54.0,0.8,365.1,173.9,0.8985,0
1597,53.2866,55.3,3.3,372.6,168.6,0.9368,0
1598,53.3199,83.4,3.0,366.7,166.2,0.9187,0
1599,53.3533,88.0,2.6,353.2,166.3,0.9328,0
1600,53.3867,86.3,4.1,364.0,166.6,0.8978,0
1601,53.42,42.9,1.8,367.7,167.7,0.9004,0
1602,53.4534,48.0,0.8,376.6,167.7,0.9251,0
1603,53.4868,50.9,2.9,380.6,166.9,0.9281,0
1604,53.5201,53.3,1.5,373.2,165.7,0.9042,0
1605,53.5535,61.4,0.3,366.0,167.1,0.9064,0
1606,53.5869,90.8,3.4,358.2,168.5,0.8555,0
1607,53.6202,57.9,0.0,356.8,170.5,0.9306,0
1608,53.6536,60.2,1.2,361.4,168.7,0.928,0
1609,53.687,66.2,3.6,358.9,167.6,0.9277,0
1610,53.7203,61.2,3.9,370.0,166.5,0.7542,0
1610,53.7203,67.2,7.0,369.0,163.9,0.2029,0
1611,53.7537,62.7,5.8,378.9,164.4,0.9203,0
1612,53.7871,59.6,3.8,374.6,170.6,0.9172,0
1613,53.8204,69.3,1.3,372.1,172.8,0.9106,0
1614,53.8538,65.9,1.0,371.6,167.5,0.9252,0
1615,53.8872,68.5,1.6,351.9,167.5,0.9206,0
1616,53.9205,65.5,1.6,367.0,167.0,0.9141,0
1617,53.9539,56.9,0.9,370.9,167.3,0.8557,0
1618,53.9873,82.0,1.5,366.5,165.9,0.9217,0
1619,54.0206,63.6,1.2,358.7,167.7,0.9341,0
1620,54.054,61.8,0.5,358.8,168.3,0.9162,0
1621,54.0874,60.2,3.8,357.8,167.9,0.9216,0
1622,54.1207,61.7,1.3,354.9,168.0,0.8999,0
1623,54.1541,51.2,1.2,355.0,168.2,0.9165,0
1624,54.1875,49.4,1.0,355.1,168.8,0.9124,0
1625,54.2208,66.4,4.7,361.4,165.2,0.9065,0
1626,54.2542,58.9,6.5,365.3,166.9,0.9027,0
1627,54.2876,55.7,1.7,376.4,166.9,0.9056,0
1628,54.3209,56.6,0.4,375.7,169.7,0.8488,0
1629,54.3543,50.8,1.8,368.1,172.4,0.86,0
1630,54.3877,53.9,0.9,364.5,168.7,0.9041,0
1631,54.421,60.1,1.8,353.8,172.2,0.8964,0
1632,54.4544,59.1,0.1,354.5,172.5,0.9227,0
1633,54.4878,45.9,3.4,352.8,169.4,0.9226,0
1634,54.5211,51.2,1.6,365.1,170.1,0.9322,0
1635,54.5545,52.9,1.2,355.9,170.4,0.8945,0
1636,54.5879,50.0,1.2,356.6,171.0,0.8806,0
1637,54.6212,55.8,1.6,349.7,170.3,0.8885,0
1638,54.6546,49.2,1.7,357.2,171.2,0.9156,0
1639,54.688,40.7,0.7,370.2,182.3,0.8691,0
1640,54.7213,36.0,1.1,366.7,177.2,0.8928,0
1641,54.7547,47.4,1.8,367.2,176.2,0.8876,0
1642,54.7881,60.6,1.5,370.0,177.6,0.8363,0
1643,54.8214,65.6,1.9,378.6,182.4,0.8226,0
1644,54.8548,75.4,2.9,360.3,179.5,0.8224,0
1644,54.8548,256.7,204.0,283.9,231.2,0.1118,0
1645,54.8882,57.6,2.7,361.7,176.5,0.8644,0
1646,54.9215,49.6,1.1,359.2,181.8,0.8495,0
1647,54.9549,51.5,3.6,352.9,173.5,0.8349,0
1648,54.9883,56.7,1.1,360.4,168.4,0.9211,0
1649,55.0216,68.2,1.8,370.5,167.5,0.8914,0
1650,55.055,55.6,4.0,366.4,166.5,0.9018,0
1651,55.0884,50.2,3.3,365.2,167.8,0.9204,0
1652,55.1217,53.1,1.7,367.8,165.8,0.907,0
1653,55.1551,49.7,3.9,353.7,165.4,0.9119,0
1654,55.1885,53.3,1.9,361.8,166.7,0.9274,0
1655,55.2218,67.5,1.8,350.0,166.4,0.9122,0
1656,55.2552,78.8,2.8,352.7,165.6,0.9162,0
1657,55.2886,69.9,4.0,356.2,170.8,0.8709,0
1658,55.3219,62.0,4.1,356.3,168.3,0.8983,0
1659,55.3553,48.1,4.7,353.2,170.8,0.8936,0
1660,55.3887,49.3,0.8,351.4,168.5,0.8815,0
1661,55.422,59.6,0.8,355.4,170.7,0.8963,0
1662,55.4554,52.7,1.6,353.7,170.1,0.873,0
1663,55.4888,49.5,1.2,355.7,176.3,0.8766,0
1664,55.5221,44.2,1.0,357.6,192.1,0.5672,0
1665,55.5555,49.9,1.8,357.4,175.0,0.8642,0
1666,55.5889,62.1,1.6,347.1,169.4,0.8993,0
1667,55.6222,46.9,2.0,353.2,173.0,0.8989,0
1668,55.6556,38.9,1.8,350.5,176.1,0.8065,0
1669,55.689,31.7,2.9,354.5,174.2,0.804,0
1670,55.7223,32.6,1.6,363.8,177.4,0.9034,0
1671,55.7557,54.0,1.6,372.6,168.7,0.9152,0
1672,55.7891,50.0,1.4,378.8,167.1,0.9055,0
1673,55.8224,60.4,1.6,375.6,168.8,0.8937,0
1674,55.8558,51.7,1.6,354.1,167.2,0.8913,0
1675,55.8892,53.9,1.9,357.1,167.2,0.9048,0
1676,55.9225,42.9,1.9,367.5,178.2,0.8722,0
1677,55.9559,51.4,2.4,368.1,181.9,0.8793,0
1678,55.9893,45.1,2.0,360.9,177.5,0.8832,0
1679,56.0226,52.7,2.6,355.6,171.3,0.8839,0
1680,56.056,50.2,1.6,349.9,176.9,0.8719,0
1681,56.0894,34.6,2.5,353.4,177.1,0.7757,0
1682,56.1227,41.9,1.8,352.4,176.2,0.867,0
1683,56.1561,49.3,1.8,363.5,179.1,0.766,0
1684,56.1895,92.7,1.8,368.5,171.8,0.4565,0
1684,56.1895,87.3,1.6,369.9,172.1,0.4225,0
1685,56.2228,52.4,1.7,366.6,177.5,0.7962,0
1686,56.2562,55.6,1.3,369.6,170.1,0.8863,0
1687,56.2896,73.7,3.3,368.4,179.6,0.866,0
1688,56.3229,70.6,2.8,373.3,181.3,0.8721,0
1689,56.3563,62.8,2.1,363.5,172.5,0.8524,0
1690,56.3897,65.9,2.0,360.1,173.2,0.6922,0
1691,56.423,40.4,1.6,372.2,175.1,0.8646,0
1692,56.4564,48.6,1.5,357.2,173.6,0.6178,0
1693,56.4898,115.2,2.4,354.2,167.2,0.4178,0
1693,56.4898,88.9,2.2,355.2,169.0,0.1202,0
1694,56.5231,49.6,2.7,347.1,170.4,0.7769,0
1695,56.5565,40.9,2.2,348.5,175.5,0.6746,0
1695,56.5565,39.1,1.6,348.8,175.8,0.2213,0
1696,56.5899,39.4,2.2,347.6,174.1,0.2915,0
1697,56.6232,51.9,3.3,350.8,173.1,0.5949,0
1698,56.6566,35.5,3.0,364.7,176.2,0.7826,0
1699,56.69,75.9,1.6,371.1,179.0,0.7917,0
1700,56.7233,66.0,2.4,358.8,175.7,0.6212,0
1701,56.7567,20.1,1.5,361.5,176.8,0.7586,0
1702,56.7901,66.3,1.8,347.6,179.1,0.23,0
1703,56.8234,58.1,1.8,349.8,177.1,0.4835,0
1704,56.8568,43.7,2.3,350.1,186.5,0.6907,0
1705,56.8902,22.4,4.0,357.1,235.0,0.3786,0
1706,56.9235,22.8,2.2,374.2,238.5,0.173,0
1707,56.9569,31.0,3.1,393.8,243.5,0.7778,0
1708,56.9903,38.0,2.9,385.5,237.4,0.5258,0
1709,57.0236,36.6,2.0,378.9,238.1,0.5364,0
1709,57.0236,32.7,3.1,376.2,239.8,0.1451,0
1710,57.057,51.3,0.1,381.5,202.0,0.5212,0
1710,57.057,33.3,1.7,385.0,239.2,0.1737,0
1711,57.0904,49.7,2.0,354.9,192.7,0.7419,0
1712,57.1237,32.9,3.0,364.2,236.2,0.7463,0
1713,57.1571,67.5,3.0,353.9,192.3,0.7422,0
1714,57.1905,107.8,2.7,356.2,183.6,0.72,0
1715,57.2238,63.9,1.9,356.9,176.1,0.5411,0
1716,57.2572,73.9,1.5,363.9,191.8,0.3018,0
1717,57.2906,83.9,2.4,353.3,185.1,0.3142,0
1718,57.3239,45.8,1.8,353.5,191.9,0.4792,0
1719,57.3573,49.9,2.0,369.0,191.5,0.8141,0
1720,57.3907,63.9,3.1,372.2,189.0,0.5058,0
1721,57.424,53.3,1.8,354.0,174.7,0.8666,0
1722,57.4574,59.3,1.3,362.2,180.7,0.7553,0
1723,57.4908,41.3,1.6,364.7,181.0,0.7878,0
1724,57.5241,40.3,0.9,352.6,183.3,0.151,0
1725,57.5575,46.1,1.6,350.3,177.3,0.2384,0
1726,57.5909,64.0,1.8,353.3,170.0,0.8508,0
1727,57.6242,64.7,1.4,355.1,166.9,0.8703,0
1728,57.6576,59.6,1.3,353.9,169.2,0.8716,0
1729,57.691,64.9,2.2,353.2,168.7,0.8623,0
1730,57.7243,77.2,2.5,354.4,170.6,0.7218,0
1730,57.7243,101.8,3.5,354.3,167.6,0.4168,0
1731,57.7577,86.9,1.7,356.3,174.9,0.8406,0
1732,57.7911,90.3,2.7,350.9,169.0,0.826,0
1733,57.8244,60.7,5.0,352.7,170.6,0.8951,0
1734,57.8578,59.7,4.6,352.9,172.9,0.829,0
1735,57.8912,54.7,2.0,351.4,176.2,0.856,0
1736,57.9245,49.9,1.3,360.6,172.7,0.8872,0
1737,57.9579,60.1,1.3,360.5,171.1,0.8649,0
1738,57.9913,62.2,0.6,349.1,167.1,0.8355,0
1739,58.0246,54.3,1.8,348.3,174.0,0.9216,0
1740,58.058,54.7,2.0,349.6,176.6,0.8994,0
1741,58.0914,66.2,2.2,356.2,172.9,0.868,0
1742,58.1247,115.1,1.7,353.4,167.0,0.7743,0
1743,58.1581,116.2,1.9,347.7,167.4,0.8304,0
1744,58.1915,105.8,1.8,354.2,166.6,0.9034,0
1745,58.2248,49.2,3.3,369.1,170.4,0.8893,0
1746,58.2582,85.5,7.4,368.0,174.3,0.7572,0
1747,58.2916,54.0,2.1,352.5,169.1,0.7966,0
1747,58.2916,95.9,2.5,352.7,166.4,0.1166,0
1748,58.3249,101.6,2.9,355.1,166.8,0.8031,0
1748,58.3249,66.4,2.4,355.6,169.9,0.1927,0
1749,58.3583,49.9,2.1,366.1,191.3,0.731,0
1750,58.3917,40.9,6.1,363.1,171.6,0.8942,0
1751,58.425,54.5,6.5,355.5,167.7,0.8983,0
1752,58.4584,36.6,6.7,354.9,168.9,0.8955,0
1753,58.4918,42.5,2.0,348.2,170.2,0.8302,0
1753,58.4918,37.3,2.1,348.3,172.7,0.1285,0
1754,58.5251,66.0,1.9,347.5,167.8,0.8942,0
1755,58.5585,37.8,2.1,352.1,175.1,0.5881,0
1755,58.5585,35.4,2.1,349.2,176.4,0.1735,0
1756,58.5919,67.8,1.5,354.3,173.4,0.9011,0
1757,58.6252,52.8,2.4,355.3,172.4,0.9048,0
1758,58.6586,51.5,2.8,355.5,169.9,0.9191,0
1759,58.692,50.2,2.4,350.6,172.5,0.866,0
1760,58.7253,49.3,3.0,354.7,173.1,0.8787,0
1761,58.7587,54.8,2.6,347.0,171.6,0.8591,0
1762,58.7921,51.0,1.8,345.7,170.3,0.7798,0
1763,58.8254,64.8,1.3,344.1,168.0,0.8984,0
1764,58.8588,57.6,1.9,346.9,170.2,0.8802,0
1765,58.8922,55.3,2.7,347.0,173.2,0.8552,0
1766,58.9255,54.9,3.3,345.1,170.3,0.8423,0
1767,58.9589,49.5,4.5,351.7,168.1,0.9077,0
1768,58.9923,70.6,3.4,356.8,168.9,0.9043,0
1769,59.0256,63.9,2.3,348.1,168.3,0.7163,0
1769,59.0256,64.6,2.1,347.5,170.3,0.3167,0
1770,59.059,62.0,2.2,349.3,166.8,0.9113,0
1771,59.0924,72.4,2.2,348.7,166.7,0.8936,0
1772,59.1257,72.0,2.2,344.9,167.7,0.8921,0
1773,59.1591,80.0,1.8,342.9,166.1,0.8166,0
1774,59.1925,63.7,1.3,342.9,168.5,0.9205,0
1775,59.2258,59.1,1.6,346.9,167.3,0.456,0
1775,59.2258,60.6,1.3,346.8,169.5,0.3371,0
1776,59.2592,58.2,1.8,349.5,167.2,0.7188,0
1776,59.2592,59.2,1.4,348.6,168.5,0.1247,0
1777,59.2926,61.2,1.2,344.0,170.6,0.9094,0
1778,59.3259,60.5,1.2,346.8,170.5,0.9075,0
1779,59.3593,68.2,1.4,347.7,171.8,0.9096,0
1780,59.3927,65.2,1.3,348.3,170.2,0.911,0
1781,59.426,58.4,1.4,349.4,169.6,0.6016,0
1781,59.426,54.4,1.2,349.9,171.3,0.5857,0
1782,59.4594,61.2,1.6,349.6,169.4,0.9037,0
1783,59.4928,52.8,1.9,354.1,167.3,0.9039,0
1784,59.5261,53.4,1.8,347.5,165.9,0.9339,0
1785,59.5595,57.1,1.7,346.5,166.2,0.9047,0
1786,59.5929,64.8,1.2,347.6,167.2,0.8978,0
1787,59.6262,62.5,5.3,349.6,168.3,0.7761,0
1788,59.6596,55.4,2.8,347.8,169.4,0.8745,0
1789,59.693,46.3,2.2,350.4,175.2,0.7814,0
1790,59.7263,61.8,1.1,346.4,176.4,0.8454,0
1791,59.7597,49.5,1.4,348.2,170.9,0.6774,0
1791,59.7597,53.7,1.7,346.6,170.2,0.4187,0
1792,59.7931,51.5,1.6,347.5,170.1,0.5723,0
1792,59.7931,46.6,1.3,349.0,171.2,0.4624,0
1793,59.8264,56.8,1.5,350.1,166.9,0.9163,0
1794,59.8598,100.3,1.8,351.1,166.9,0.9239,0
1795,59.8932,80.8,2.0,345.1,166.7,0.9231,0
1796,59.9265,79.2,1.4,353.2,165.9,0.9291,0
1797,59.9599,64.5,1.3,342.9,169.9,0.876,0
1798,59.9933,68.6,1.6,342.4,166.3,0.8755,0
1799,60.0266,53.8,1.9,347.3,167.7,0.9136,0
1800,60.06,59.8,2.6,349.0,168.2,0.8879,0
1801,60.0934,51.4,1.5,349.0,168.4,0.9073,0
1802,60.1267,57.8,2.0,352.0,171.3,0.8747,0
1803,60.1601,57.7,1.3,353.5,173.8,0.8416,0
1804,60.1935,66.6,1.2,347.2,168.5,0.7265,0
1805,60.2268,59.4,1.6,345.9,167.1,0.8476,0
1806,60.2602,114.3,2.0,350.3,164.9,0.8741,0
1807,60.2936,45.2,1.7,354.0,173.8,0.8177,0
1808,60.3269,66.6,1.2,355.6,171.5,0.7517,0
1809,60.3603,66.7,1.7,356.3,169.2,0.8367,0
1810,60.3937,59.0,1.8,346.7,167.5,0.9136,0
1811,60.427,84.4,1.5,352.9,165.8,0.9258,0
1812,60.4604,34.6,2.0,363.0,168.2,0.8519,0
1813,60.4938,41.2,1.4,357.9,167.7,0.8426,0
1814,60.5271,71.8,1.9,369.7,167.0,0.9004,0
1815,60.5605,57.9,2.0,376.2,169.4,0.8916,0
1816,60.5939,41.4,1.8,376.1,174.9,0.6317,0
1817,60.6272,74.2,1.7,370.6,176.4,0.6133,0
1818,60.6606,102.6,2.2,365.6,166.1,0.8922,0
1819,60.694,51.4,1.0,381.1,174.4,0.7999,0
1820,60.7273,62.1,1.4,380.0,171.1,0.8736,0
1821,60.7607,51.1,8.7,356.1,166.9,0.7907,0
1822,60.7941,61.6,2.2,357.6,166.9,0.5108,0
1823,60.8274,45.4,2.5,360.8,172.4,0.6195,0
1824,60.8608,91.4,3.5,366.8,179.3,0.6289,0
1825,60.8942,54.2,2.3,366.7,175.5,0.8273,0
1826,60.9275,59.0,1.8,368.1,184.4,0.7761,0
1827,60.9609,42.7,2.3,377.1,176.2,0.7204,0
1827,60.9609,36.3,1.5,379.4,175.2,0.1278,0
1828,60.9943,96.7,1.3,360.7,168.0,0.7971,0
1829,61.0276,53.6,0.8,365.9,167.4,0.7789,0
1830,61.061,57.4,0.5,369.2,166.9,0.8075,0
1831,61.0944,94.6,0.9,369.9,167.4,0.8883,0
1832,61.1277,72.8,1.1,367.4,168.3,0.8859,0
1833,61.1611,62.2,1.7,363.0,168.0,0.8465,0
1834,61.1945,66.4,2.6,365.5,167.6,0.8704,0
1835,61.2278,73.9,2.2,359.8,168.5,0.8445,0
1836,61.2612,90.3,2.5,367.3,172.7,0.8584,0
1837,61.2946,89.5,0.9,368.1,169.8,0.8359,0
1838,61.3279,50.8,1.9,367.5,174.2,0.8013,0
1839,61.3613,57.3,1.8,376.9,170.3,0.8466,0
1840,61.3947,59.7,2.6,355.7,166.9,0.8906,0
1841,61.428,64.6,0.7,357.6,172.6,0.8752,0
1842,61.4614,68.9,2.1,371.7,177.1,0.8445,0
1843,61.4948,79.4,1.2,369.5,177.2,0.8914,0
1844,61.5281,59.9,1.6,346.7,175.7,0.8897,0
1845,61.5615,63.0,1.8,352.1,181.2,0.8633,0
1846,61.5949,72.3,0.8,361.0,170.0,0.9077,0
1847,61.6282,93.0,1.2,364.1,169.0,0.9128,0
1848,61.6616,96.5,0.8,354.7,168.4,0.8559,0
1849,61.695,105.6,2.6,351.5,167.3,0.9219,0
1850,61.7283,57.5,4.4,351.6,169.2,0.8769,0
1851,61.7617,48.6,1.9,359.2,173.0,0.9063,0
1852,61.7951,42.3,0.8,355.7,170.6,0.909,0
1853,61.8284,54.8,1.9,353.3,174.0,0.8948,0
1854,61.8618,47.2,1.3,362.0,181.5,0.8623,0
1855,61.8952,42.6,1.3,367.0,171.4,0.8421,0
1856,61.9285,43.0,1.7,354.3,169.8,0.8949,0
1857,61.9619,25.1,1.1,353.8,174.6,0.5186,0
1857,61.9619,29.0,1.4,353.5,172.1,0.2194,0
1858,61.9953,23.7,1.7,367.1,188.0,0.8479,0
1859,62.0286,60.2,2.0,355.9,177.0,0.7891,0
1860,62.062,33.4,1.9,357.2,176.6,0.7452,0
1861,62.0954,40.9,0.7,353.8,176.7,0.7262,0
1862,62.1287,28.8,1.9,361.9,173.4,0.6406,0
1863,62.1621,48.3,1.9,360.4,170.1,0.7688,0
1864,62.1955,69.3,1.9,357.5,170.1,0.8717,0
1865,62.2288,50.9,2.1,352.0,170.8,0.8964,0
1866,62.2622,63.9,1.7,348.6,171.8,0.8808,0
1867,62.2956,67.1,1.9,359.8,168.1,0.9065,0
1868,62.3289,72.2,2.1,368.8,171.8,0.8479,0
1869,62.3623,64.8,0.5,370.3,175.2,0.8429,0
1870,62.3957,51.1,1.6,362.3,174.0,0.8625,0
1871,62.429,50.3,3.4,358.3,171.4,0.4276,0
1872,62.4624,44.6,1.5,355.0,171.7,0.8865,0
1873,62.4958,53.4,2.0,352.5,174.4,0.8277,0
1874,62.5291,46.2,1.9,359.7,177.9,0.8726,0
1875,62.5625,59.5,1.8,358.3,178.5,0.8813,0
1876,62.5959,66.8,1.6,362.0,169.8,0.9171,0
1877,62.6292,63.1,1.4,367.5,174.0,0.8589,0
1878,62.6626,51.4,1.6,376.7,187.9,0.5838,0
1879,62.696,48.3,1.4,375.9,178.3,0.704,0
1880,62.7293,68.8,1.4,349.1,174.2,0.8578,0
1881,62.7627,46.8,1.5,356.9,170.7,0.8419,0
1882,62.7961,35.2,1.0,356.9,175.9,0.7125,0
1883,62.8294,53.8,1.2,353.2,184.6,0.8896,0
1884,62.8628,48.1,2.2,356.5,176.2,0.898,0
1885,62.8962,45.6,2.1,354.1,169.4,0.8888,0
1886,62.9295,49.2,1.9,357.5,170.3,0.8994,0
1887,62.9629,46.9,2.0,362.0,170.0,0.9012,0
1888,62.9963,72.7,2.0,348.9,174.8,0.8782,0
1889,63.0296,52.4,1.9,351.7,178.8,0.8762,0
1890,63.063,47.3,2.2,354.0,185.4,0.8694,0
1891,63.0964,59.4,1.9,359.8,180.8,0.8675,0
1892,63.1297,47.8,2.1,362.9,177.9,0.8904,0
1893,63.1631,95.2,1.7,368.5,179.7,0.8769,0
1894,63.1965,40.6,3.5,376.9,175.5,0.8237,0
1895,63.2298,39.5,1.2,373.7,179.1,0.8712,0
1896,63.2632,34.7,1.9,358.1,184.4,0.863,0
1897,63.2966,41.4,1.2,364.2,182.0,0.8432,0
1898,63.3299,39.3,1.0,367.5,179.9,0.8324,0
1899,63.3633,39.9,1.9,362.3,178.1,0.8308,0
1900,63.3967,35.3,1.5,361.9,173.0,0.8903,0
1901,63.43,23.3,1.7,365.0,186.8,0.8666,0
1902,63.4634,38.9,2.7,370.0,178.1,0.8877,0
1903,63.4968,50.6,1.6,357.9,183.1,0.7008,0
1904,63.5301,42.0,2.1,358.1,170.1,0.8631,0
1905,63.5635,89.3,1.9,360.9,167.6,0.9019,0
1906,63.5969,43.5,0.3,359.7,173.9,0.895,0
1907,63.6302,59.2,1.4,357.1,171.7,0.8375,0
1908,63.6636,44.5,2.0,356.2,177.3,0.8221,0
1909,63.697,33.1,1.5,354.8,186.1,0.1275,0
1910,63.7303,28.8,1.7,357.3,196.3,0.6767,0
1911,63.7637,54.6,1.8,359.7,183.2,0.8527,0
1912,63.7971,48.1,2.5,359.9,178.0,0.8133,0
1913,63.8304,31.3,1.2,361.8,175.1,0.8375,0
1914,63.8638,34.0,1.3,349.5,177.8,0.6559,0
1915,63.8972,59.6,2.0,353.5,172.6,0.8879,0
1916,63.9305,37.7,1.6,353.9,175.0,0.8872,0
1917,63.9639,41.7,1.5,355.4,175.1,0.8525,0
1918,63.9973,40.5,1.3,351.4,185.8,0.4637,0
1919,64.0306,38.7,2.4,354.3,185.9,0.794,0
1920,64.064,41.5,1.8,351.8,170.3,0.8227,0
1920,64.064,386.7,206.2,409.4,236.0,0.1753,0
1921,64.0974,37.1,3.2,353.8,172.3,0.6025,0
1922,64.1307,39.4,1.8,356.7,176.5,0.888,0
1923,64.1641,53.6,5.1,353.4,166.2,0.8769,0
1924,64.1975,46.3,1.4,360.2,167.7,0.9115,0
1925,64.2308,83.3,1.2,365.4,166.3,0.8043,0
1925,64.2308,99.0,1.7,364.0,163.8,0.306,0
1926,64.2642,53.4,1.7,359.7,173.0,0.7799,0
1927,64.2976,78.9,1.4,351.9,167.5,0.8584,0
1928,64.3309,47.0,1.9,356.0,171.8,0.8882,0
1929,64.3643,45.9,1.3,357.1,173.8,0.8411,0
1930,64.3977,82.4,1.8,361.6,170.9,0.8678,0
1931,64.431,61.7,1.6,364.1,171.5,0.8985,0
1932,64.4644,87.2,1.1,357.6,168.2,0.9161,0
1933,64.4978,90.3,1.1,358.6,168.5,0.8875,0
1934,64.5311,72.5,1.8,356.3,170.7,0.8618,0
1935,64.5645,77.2,2.0,356.0,172.8,0.8775,0
1936,64.5979,44.4,0.8,353.6,172.9,0.6814,0
1936,64.5979,37.2,0.9,351.5,182.9,0.2701,0
1937,64.6312,54.7,1.1,358.1,172.1,0.899,0
1938,64.6646,50.3,1.5,360.1,176.0,0.8591,0
1939,64.698,41.3,0.5,353.6,175.1,0.8418,0
1940,64.7313,46.1,1.1,355.6,174.3,0.9031,0
1941,64.7647,28.8,0.1,365.3,172.6,0.8534,0
1942,64.7981,20.7,1.6,358.1,174.7,0.8262,0
1943,64.8314,37.2,1.5,360.5,171.3,0.8531,0
1944,64.8648,48.7,2.5,367.1,172.5,0.8637,0
1945,64.8982,39.4,1.9,356.9,176.2,0.88,0
1946,64.9315,46.8,2.2,354.2,181.1,0.875,0
1947,64.9649,39.5,2.0,358.0,194.0,0.8466,0
1948,64.9983,50.9,2.1,357.6,179.2,0.8792,0
1949,65.0316,39.3,1.6,353.6,175.3,0.3639,0
1949,65.0316,41.0,1.4,354.3,176.0,0.103,0
1950,65.065,43.3,2.1,351.8,178.1,0.8524,0
1951,65.0984,52.7,2.2,353.3,172.7,0.7985,0
1952,65.1317,51.3,1.7,353.6,174.4,0.864,0
1953,65.1651,43.0,2.3,356.6,181.0,0.8312,0
1954,65.1985,32.0,1.8,347.5,175.7,0.7627,0
1955,65.2318,30.9,0.9,352.5,174.1,0.8607,0
1956,65.2652,41.2,0.9,355.5,177.3,0.8599,0
1956,65.2652,0.0,92.9,54.6,265.3,0.134,1
1957,65.2986,42.4,0.9,355.9,170.9,0.8982,0
1958,65.3319,49.0,1.9,360.3,174.1,0.9033,0
1959,65.3653,41.2,1.1,376.1,178.4,0.5108,0
1960,65.3987,47.1,1.5,369.3,174.5,0.8904,0
1961,65.432,70.0,2.3,356.5,184.2,0.7616,0
1962,65.4654,52.0,2.3,354.7,184.1,0.7677,0
1963,65.4988,41.0,2.4,358.7,181.4,0.8443,0
1964,65.5321,62.2,1.0,362.6,180.3,0.8899,0
1965,65.5655,51.4,0.8,367.8,175.6,0.8993,0
1966,65.5989,61.7,1.3,360.5,179.6,0.8772,0
1967,65.6322,78.1,1.3,358.4,169.1,0.9042,0
1968,65.6656,57.0,1.7,369.7,177.7,0.8746,0
1969,65.699,41.1,2.4,355.7,172.3,0.8809,0
1970,65.7323,58.7,3.3,356.6,171.1,0.7939,0
1971,65.7657,71.6,1.4,369.0,179.8,0.74,0
1971,65.7657,58.4,1.6,368.9,180.0,0.2148,0
1972,65.7991,50.1,1.9,354.6,179.3,0.8264,0
1972,65.7991,257.0,202.9,284.1,230.3,0.1047,0
1973,65.8324,60.3,3.3,356.1,176.2,0.804,0
1973,65.8324,256.5,202.9,284.1,230.0,0.1339,0
1974,65.8658,57.7,1.7,362.2,183.4,0.8067,0
1974,65.8658,256.6,203.0,284.0,229.5,0.1257,0
1975,65.8992,68.3,0.9,359.5,174.7,0.7962,0
1975,65.8992,256.6,203.1,284.1,229.6,0.1187,0
1976,65.9325,52.0,1.7,351.3,174.7,0.7991,0
1976,65.9325,256.5,203.0,284.2,228.7,0.1307,0
1977,65.9659,74.8,0.9,353.5,172.2,0.7444,0
1978,65.9993,11.0,0.9,354.5,190.9,0.1765,0
1978,65.9993,256.7,202.9,284.2,228.9,0.1094,0
1979,66.0326,47.0,1.4,355.5,178.7,0.7266,0
1979,66.0326,256.7,202.7,284.3,229.3,0.1153,0
1980,66.066,48.2,1.4,348.7,176.9,0.5409,0
1980,66.066,43.4,1.0,348.0,181.9,0.3796,0
1980,66.066,256.5,201.7,284.7,226.9,0.1012,0
1981,66.0994,46.8,1.4,351.8,176.3,0.2581,0
1981,66.0994,43.0,0.9,351.1,182.3,0.1538,0
1982,66.1327,39.7,1.0,353.4,177.5,0.5436,0
1983,66.1661,47.4,0.5,355.5,173.5,0.8795,0
1984,66.1995,47.4,4.1,352.9,169.2,0.7746,0
1985,66.2328,47.1,1.2,353.7,170.1,0.8677,0
1986,66.2662,50.5,2.8,353.5,169.5,0.8863,0
1987,66.2996,43.4,2.5,362.8,170.7,0.8826,0
1988,66.3329,52.2,3.7,368.3,171.3,0.7164,0
1989,66.3663,38.3,2.6,373.9,172.2,0.5566,0
1990,66.3997,77.8,1.1,378.2,173.7,0.6356,0
1990,66.3997,256.4,203.1,284.0,227.3,0.1005,0
1991,66.433,77.8,2.7,374.9,174.1,0.727,0
1992,66.4664,101.0,1.6,360.8,173.2,0.229,0
1993,66.4998,29.8,2.5,352.8,184.8,0.2639,0
1994,66.5331,48.4,1.3,355.6,176.3,0.7142,0
1995,66.5665,69.2,2.0,367.5,179.8,0.6926,0
1996,66.5999,95.3,1.1,368.8,177.2,0.8312,0
1997,66.6332,99.5,1.4,355.5,167.7,0.8627,0
1998,66.6666,104.5,2.4,348.4,169.0,0.7304,0
1999,66.7,79.6,0.8,355.1,170.1,0.8217,0
2000,66.7333,37.0,1.4,352.2,171.9,0.8997,0
2001,66.7667,65.7,1.6,357.5,172.3,0.8796,0
2002,66.8001,43.7,1.8,369.3,177.0,0.6798,0
2002,66.8001,55.3,2.3,369.5,170.3,0.2627,0
2003,66.8334,65.1,4.8,373.1,169.4,0.8353,0
2004,66.8668,103.7,0.9,377.0,169.1,0.8841,0
2004,66.8668,256.6,203.2,284.3,228.4,0.1044,0
2005,66.9002,106.0,1.9,376.4,168.6,0.9006,0
2005,66.9002,256.8,203.3,284.0,227.6,0.2168,0
2006,66.9335,107.3,1.9,356.6,166.5,0.844,0
2006,66.9335,257.2,203.4,283.5,227.2,0.1913,0
2007,66.9669,106.4,2.0,357.0,167.3,0.8146,0
2007,66.9669,256.9,202.9,283.7,227.3,0.1866,0
2007,66.9669,105.7,2.9,357.8,165.8,0.1059,0
2008,67.0003,101.6,1.4,362.6,166.5,0.9319,0
2009,67.0336,59.9,1.6,361.1,171.3,0.8931,0
2010,67.067,72.8,2.1,353.6,167.5,0.8861,0
2011,67.1004,99.4,2.4,358.4,167.5,0.8181,0
2012,67.1337,58.3,1.3,352.7,171.4,0.8259,0
2013,67.1671,61.6,0.5,360.9,169.1,0.9071,0
2014,67.2005,50.6,1.2,362.0,171.3,0.9082,0
2015,67.2338,53.9,0.2,367.7,180.2,0.886,0
2016,67.2672,80.1,2.7,356.2,167.2,0.8,0
2017,67.3006,86.7,2.1,351.3,167.9,0.8551,0
2018,67.3339,65.6,3.0,356.1,168.5,0.8022,0
2019,67.3673,73.7,1.8,351.6,169.4,0.8966,0
2020,67.4007,56.1,1.8,349.9,171.3,0.8926,0
2021,67.434,50.2,1.8,354.2,169.8,0.8976,0
2022,67.4674,40.0,1.3,368.7,170.5,0.8791,0
2023,67.5008,30.1,1.7,361.5,173.5,0.7897,0
2024,67.5341,64.5,3.2,360.6,171.7,0.8763,0
2025,67.5675,75.6,2.6,348.7,170.0,0.8414,0
2025,67.5675,257.1,203.3,283.9,227.3,0.1076,0
2026,67.6009,54.2,2.4,350.8,170.5,0.8575,0
2027,67.6342,72.6,1.3,352.4,171.6,0.8214,0
2028,67.6676,61.9,2.8,349.6,170.1,0.874,0
2029,67.701,48.3,1.7,354.8,171.4,0.8861,0
2030,67.7343,72.5,1.3,365.1,173.3,0.8261,0
2031,67.7677,73.2,1.0,367.9,171.7,0.8314,0
2032,67.8011,49.7,0.9,367.7,168.9,0.8771,0
2033,67.8344,107.1,0.8,359.8,167.2,0.851,0
2034,67.8678,54.7,1.1,362.4,168.9,0.8792,0
2035,67.9012,48.7,1.2,368.9,169.3,0.9227,0
2036,67.9345,57.2,1.6,357.3,168.7,0.8987,0
2037,67.9679,97.4,2.3,359.8,167.7,0.8366,0
2038,68.0013,70.8,1.8,372.9,166.3,0.9213,0
2039,68.0346,59.4,3.5,375.4,166.3,0.921,0
2040,68.068,42.7,1.6,354.5,169.3,0.9159,0
2041,68.1014,42.0,2.2,354.2,168.0,0.92,0
2042,68.1347,102.7,1.7,360.9,166.3,0.8783,0
2042,68.1347,87.0,1.1,361.2,167.7,0.171,0
2043,68.1681,60.8,1.3,345.9,167.4,0.8626,0
2044,68.2015,43.9,1.0,350.3,169.0,0.8794,0
2045,68.2348,77.1,0.8,347.4,168.3,0.9083,0
2046,68.2682,44.5,1.1,354.2,169.2,0.8355,0
2047,68.3016,58.7,1.6,354.6,169.4,0.8972,0
2048,68.3349,53.8,1.7,356.3,169.4,0.9,0
2048,68.3349,256.6,203.5,284.1,229.3,0.1023,0
2049,68.3683,56.9,1.9,354.5,171.9,0.8917,0
2050,68.4017,63.5,2.1,357.8,171.9,0.644,0
2051,68.435,36.2,1.9,353.7,171.1,0.8637,0
2052,68.4684,54.7,0.9,354.2,168.8,0.7397,0
2053,68.5018,51.8,1.3,356.7,169.4,0.8423,0
2054,68.5351,51.4,1.4,359.7,168.9,0.7346,0
2055,68.5685,33.8,1.3,365.5,170.2,0.8693,0
2056,68.6019,83.9,2.0,368.6,167.1,0.8678,0
2057,68.6352,108.3,2.1,360.0,169.3,0.7948,0
2058,68.6686,58.0,1.2,357.7,168.3,0.8641,0
2059,68.702,61.4,1.7,356.9,168.5,0.8882,0
2060,68.7353,94.5,2.0,366.8,167.8,0.873,0
2061,68.7687,35.7,1.6,358.3,169.6,0.8087,0
2062,68.8021,48.7,2.6,366.2,169.2,0.9089,0
2063,68.8354,46.3,1.3,358.8,168.7,0.8965,0
2064,68.8688,51.4,1.3,365.3,172.1,0.8714,0
2065,68.9022,29.3,0.9,376.6,178.3,0.6037,0
2066,68.9355,64.7,1.3,353.5,169.8,0.8706,0
2067,68.9689,73.2,2.4,356.6,169.0,0.908,0
2068,69.0023,49.9,1.9,359.0,169.7,0.87,0
2069,69.0356,23.7,1.7,362.4,169.6,0.839,0
2070,69.069,43.6,1.9,355.4,167.8,0.9153,0
2071,69.1024,27.4,1.3,363.9,168.7,0.9046,0
2071,69.1024,0.0,94.1,56.5,266.5,0.1387,1
2072,69.1357,41.8,1.7,364.2,168.9,0.8612,0
2073,69.1691,42.1,1.6,358.0,169.1,0.9004,0
2074,69.2025,60.1,3.1,375.2,169.2,0.891,0
2075,69.2358,75.2,1.2,377.2,168.3,0.8849,0
2076,69.2692,59.8,2.1,354.1,169.4,0.8587,0
2077,69.3026,37.4,1.8,355.7,175.6,0.7801,0
2078,69.3359,50.6,1.7,355.8,172.0,0.8908,0
2079,69.3693,57.2,1.7,362.4,170.5,0.8728,0
2080,69.4027,34.6,2.1,374.6,169.7,0.3459,0
2080,69.4027,49.3,3.1,373.8,167.9,0.297,0
2081,69.436,62.9,1.3,372.3,166.8,0.7123,0
2081,69.436,35.1,0.5,369.6,168.5,0.4063,0
2082,69.4694,112.0,1.7,353.5,165.5,0.866,0
2083,69.5028,35.6,1.2,359.7,169.1,0.8228,0
2084,69.5361,49.1,1.8,353.4,167.4,0.8686,0
2085,69.5695,51.1,1.7,354.9,169.4,0.8308,0
2086,69.6029,47.9,0.9,354.5,168.4,0.8641,0
2087,69.6362,39.5,0.6,354.6,168.1,0.8645,0
2088,69.6696,48.8,1.3,354.8,168.9,0.8779,0
2089,69.703,34.2,1.3,356.5,169.5,0.798,0
2089,69.703,79.4,1.9,357.4,167.3,0.1536,0
2090,69.7363,41.3,1.1,357.8,169.6,0.9148,0
2091,69.7697,29.4,2.2,353.2,169.2,0.7886,0
2092,69.8031,104.6,2.1,353.0,168.6,0.8629,0
2093,69.8364,73.4,1.9,355.5,167.7,0.8385,0
2094,69.8698,73.7,1.8,353.1,168.2,0.71,0
2095,69.9032,,,,,,
2096,69.9365,62.2,1.3,347.2,169.6,0.8487,0
2097,69.9699,44.6,1.8,349.7,169.9,0.845,0
2098,70.0033,47.6,1.4,356.1,169.0,0.9002,0
2099,70.0366,57.0,1.3,357.6,168.5,0.5064,0
2099,70.0366,90.9,1.4,359.1,167.4,0.408,0
2100,70.07,60.4,1.5,348.8,169.1,0.902,0
2101,70.1034,52.9,1.9,351.3,167.6,0.8069,0
2102,70.1367,32.7,2.1,353.4,175.2,0.6735,0
2103,70.1701,75.3,1.7,347.0,170.5,0.7342,0
2104,70.2035,44.5,2.1,346.9,170.3,0.6463,0
2105,70.2368,40.9,1.9,348.7,172.7,0.7837,0
2106,70.2702,46.2,1.7,348.6,173.6,0.8967,0
2107,70.3036,57.3,4.2,350.8,168.1,0.8141,0
2108,70.3369,57.1,1.6,356.3,169.5,0.8535,0
2109,70.3703,46.8,1.8,355.2,176.7,0.8104,0
2110,70.4037,48.6,0.8,354.8,171.3,0.8922,0
2111,70.437,59.8,2.1,354.9,168.4,0.8767,0
2112,70.4704,36.9,1.4,350.2,171.4,0.7617,0
2112,70.4704,26.0,1.2,349.8,174.4,0.1015,0
2113,70.5038,45.0,1.6,349.3,171.4,0.8983,0
2114,70.5371,50.0,1.9,349.6,170.7,0.9006,0
2115,70.5705,50.2,2.2,353.8,176.9,0.8999,0
2116,70.6039,48.8,2.2,353.8,175.1,0.8762,0
2117,70.6372,41.5,1.4,354.6,171.5,0.7484,0
2117,70.6372,39.2,0.9,352.2,175.0,0.2408,0
2118,70.6706,44.9,1.6,350.3,171.8,0.7728,0
2119,70.704,38.8,1.8,352.0,174.7,0.7298,0
2120,70.7373,105.1,2.8,357.6,174.9,0.7374,0
2121,70.7707,100.2,2.4,359.0,172.5,0.8281,0
2122,70.8041,54.4,1.8,356.1,171.1,0.8483,0
2123,70.8374,69.2,1.4,350.4,172.4,0.8446,0
2124,70.8708,76.9,1.2,346.7,168.3,0.8876,0
2125,70.9042,56.9,2.7,352.0,167.1,0.8749,0
2126,70.9375,44.5,1.6,362.3,172.2,0.8138,0
2127,70.9709,52.5,1.2,369.0,174.1,0.8395,0
2128,71.0043,43.4,0.8,377.7,181.7,0.8087,0
2129,71.0376,36.3,3.0,366.1,181.2,0.8046,0
2130,71.071,54.3,1.7,378.5,179.8,0.82,0
2131,71.1044,30.9,2.1,370.7,171.0,0.8108,0
2132,71.1377,31.1,1.2,368.6,176.1,0.8728,0
2133,71.1711,95.3,3.8,368.8,166.3,0.8831,0
2134,71.2045,50.2,1.6,373.4,169.1,0.8321,0
2135,71.2378,39.3,0.8,356.3,172.6,0.8431,0
2136,71.2712,50.6,1.1,360.5,171.5,0.8993,0
2137,71.3046,45.7,0.7,364.1,171.2,0.8978,0
2138,71.3379,87.3,2.5,351.1,173.8,0.8754,0
2139,71.3713,85.8,2.4,354.5,172.6,0.7978,0
2140,71.4047,52.6,1.5,364.2,178.4,0.7663,0
2141,71.438,69.5,1.4,361.7,175.5,0.7885,0
2142,71.4714,42.4,1.5,362.8,173.4,0.8209,0
2143,71.5048,57.8,1.1,359.4,169.9,0.7583,0
2144,71.5381,80.8,0.9,368.7,168.1,0.9245,0
2145,71.5715,64.9,1.0,371.2,168.4,0.8937,0
2146,71.6049,38.6,1.5,377.6,171.7,0.6133,0
2147,71.6382,52.3,0.6,378.5,171.2,0.7926,0
2148,71.6716,40.3,1.6,375.4,174.9,0.8963,0
2149,71.705,34.2,1.3,368.0,186.4,0.868,0
2150,71.7383,49.8,1.5,369.7,178.8,0.9023,0
2151,71.7717,48.6,1.8,359.6,175.8,0.8409,0
2152,71.8051,51.7,2.1,361.1,178.6,0.8272,0
2153,71.8384,40.1,1.1,364.8,184.9,0.7812,0
2154,71.8718,39.7,2.4,366.9,192.1,0.7454,0
2155,71.9052,36.4,1.5,373.4,190.2,0.6135,0
2156,71.9385,35.2,1.1,377.6,193.1,0.7972,0
2157,71.9719,72.9,1.1,354.7,170.3,0.903,0
2158,72.0053,57.1,3.3,354.5,169.1,0.8911,0
2159,72.0386,48.3,1.6,359.5,172.6,0.8066,0
2160,72.072,38.3,1.8,356.3,169.1,0.9135,0
2160,72.072,0.0,85.5,58.1,266.1,0.1052,1
2161,72.1054,23.8,3.5,361.4,168.6,0.8759,0
2162,72.1387,32.3,2.4,365.9,169.9,0.8888,0
2163,72.1721,28.7,2.5,356.0,168.2,0.8506,0
2164,72.2055,42.0,1.3,357.9,168.2,0.8777,0
2165,72.2388,39.1,1.2,355.9,169.6,0.8925,0
2166,72.2722,57.2,3.9,353.2,168.7,0.8574,0
2167,72.3056,58.5,4.1,355.4,170.7,0.8694,0
2168,72.3389,56.8,2.1,348.7,168.5,0.5802,0
2168,72.3389,43.8,1.7,347.1,170.4,0.2301,0
2169,72.3723,42.2,1.5,360.0,169.8,0.8552,0
2170,72.4057,43.9,2.3,356.4,169.6,0.508,0
2170,72.4057,42.9,1.5,352.4,172.3,0.2368,0
2171,72.439,58.0,1.8,355.9,170.6,0.8203,0
2171,72.439,82.2,2.2,357.1,169.2,0.2895,0
2172,72.4724,61.0,1.6,354.1,168.8,0.8884,0
2173,72.5058,55.9,3.9,353.9,166.8,0.9001,0
2174,72.5391,44.0,1.9,357.4,171.8,0.8726,0
2175,72.5725,38.8,2.4,362.7,173.2,0.873,0
2175,72.5725,256.1,204.3,283.0,230.4,0.1238,0
2176,72.6059,41.9,1.0,357.2,172.3,0.9017,0
2177,72.6392,55.2,1.6,353.6,170.7,0.764,0
2178,72.6726,49.7,1.3,355.3,176.0,0.828,0
2179,72.706,67.1,2.3,354.7,169.9,0.8829,0
2180,72.7393,46.7,2.4,351.2,172.2,0.8231,0
2181,72.7727,51.4,2.5,349.9,170.5,0.7421,0
2182,72.8061,30.4,1.7,349.3,173.5,0.6562,0
2183,72.8394,47.5,1.5,351.7,175.1,0.8279,0
2184,72.8728,46.3,2.3,351.3,172.8,0.7865,0
2185,72.9062,49.4,3.4,353.5,171.7,0.85,0
2186,72.9395,30.7,1.5,348.5,174.0,0.832,0
2187,72.9729,41.4,1.5,351.9,169.1,0.6907,0
2188,73.0063,39.0,1.9,352.4,169.4,0.9009,0
2189,73.0396,31.4,1.6,357.0,168.3,0.8817,0
2190,73.073,80.7,2.2,350.3,168.4,0.8877,0
2191,73.1064,51.3,2.4,351.7,173.7,0.8874,0
2192,73.1397,55.5,2.2,352.9,169.0,0.8567,0
2193,73.1731,74.4,1.9,354.4,168.6,0.8813,0
2194,73.2065,47.0,2.3,356.9,172.4,0.8641,0
2195,73.2398,50.6,3.1,362.5,174.3,0.8716,0
2196,73.2732,58.9,2.3,361.7,179.7,0.8493,0
2197,73.3066,42.4,2.0,361.0,180.2,0.8422,0
2198,73.3399,45.8,1.7,375.3,171.1,0.8872,0
2199,73.3733,54.8,1.4,370.1,171.8,0.7489,0
2200,73.4067,33.2,2.2,378.1,176.6,0.8265,0
2201,73.44,39.6,1.0,359.1,180.6,0.7838,0
2202,73.4734,50.3,1.8,357.5,175.1,0.8523,0
2203,73.5068,38.4,1.7,366.5,181.0,0.8855,0
2204,73.5401,30.7,1.8,370.5,171.3,0.8582,0
2205,73.5735,54.4,2.0,370.2,170.9,0.8665,0
2206,73.6069,52.3,1.3,353.2,178.1,0.845,0
2207,73.6402,55.4,1.9,357.0,169.1,0.9078,0
2208,73.6736,50.0,1.5,352.2,170.1,0.8878,0
2209,73.707,43.0,1.3,354.0,172.3,0.8217,0
2210,73.7403,36.1,0.9,359.9,171.3,0.8586,0
2211,73.7737,44.0,2.6,363.4,173.9,0.8871,0
2212,73.8071,45.8,2.4,361.6,172.9,0.8716,0
2213,73.8404,47.8,1.4,355.2,171.4,0.8958,0
2214,73.8738,46.1,1.3,355.5,176.9,0.8472,0
2215,73.9072,43.4,1.4,355.2,173.8,0.8981,0
2216,73.9405,27.8,1.4,359.5,179.4,0.6398,0
2217,73.9739,29.6,2.3,357.3,174.5,0.7706,0
2218,74.0073,39.1,2.3,353.8,170.3,0.8591,0
2219,74.0406,59.7,1.9,354.8,169.6,0.7943,0
2220,74.074,44.1,2.1,357.6,169.9,0.9053,0
2221,74.1074,41.7,1.6,357.5,173.9,0.8633,0
2222,74.1407,37.3,1.2,352.8,173.8,0.8996,0
2223,74.1741,43.9,1.8,356.6,176.1,0.9067,0
2224,74.2075,43.9,1.8,358.7,172.1,0.9008,0
2225,74.2408,45.8,1.7,355.9,176.1,0.8806,0
2226,74.2742,69.1,1.4,360.4,171.4,0.8531,0
2227,74.3076,37.1,1.9,356.5,172.5,0.8908,0
2228,74.3409,76.4,1.7,368.4,171.3,0.7552,0
2228,74.3409,55.6,1.8,367.8,172.3,0.1643,0
2229,74.3743,66.2,3.1,374.7,174.1,0.7016,0
2230,74.4077,53.6,3.9,379.6,177.2,0.8534,0
2231,74.441,40.4,1.2,374.3,185.9,0.851,0
2232,74.4744,31.2,1.3,368.8,183.3,0.8965,0
2233,74.5078,30.0,2.0,359.1,187.3,0.8129,0
2234,74.5411,29.4,1.4,358.5,183.4,0.8131,0
2235,74.5745,38.6,0.6,354.5,181.9,0.4521,0
2235,74.5745,86.1,1.1,354.6,172.4,0.2977,0
2236,74.6079,32.6,1.9,356.3,171.3,0.8774,0
2237,74.6412,51.0,2.1,365.0,167.3,0.8748,0
2238,74.6746,46.9,1.3,353.2,166.9,0.8649,0
2239,74.708,61.7,1.7,366.3,169.0,0.9091,0
2240,74.7413,57.8,1.3,366.3,175.4,0.8422,0
2241,74.7747,47.4,1.5,360.2,178.7,0.8382,0
2242,74.8081,34.9,1.7,358.5,182.0,0.8772,0
2243,74.8414,39.5,1.9,363.9,174.0,0.8721,0
2244,74.8748,63.7,1.4,357.7,170.9,0.8869,0
2245,74.9082,21.6,1.5,355.5,176.9,0.7386,0
2246,74.9415,96.3,2.4,354.9,166.6,0.581,0
2247,74.9749,42.1,1.7,358.3,170.7,0.8578,0
2248,75.0083,40.6,1.9,358.8,175.6,0.8284,0
2249,75.0416,87.2,2.0,361.0,170.3,0.8553,0
2250,75.075,40.7,1.8,356.2,185.5,0.8786,0
2251,75.1084,47.7,2.6,353.7,175.3,0.8896,0
2252,75.1417,49.8,2.4,359.8,172.4,0.8474,0
2253,75.1751,49.4,1.9,353.9,181.1,0.8054,0
2254,75.2085,84.0,2.8,354.9,179.5,0.8185,0
2255,75.2418,31.6,1.6,357.3,181.4,0.5017,0
2256,75.2752,102.1,2.6,360.0,175.5,0.7586,0
2257,75.3086,83.6,1.9,368.3,183.5,0.7761,0
2258,75.3419,60.6,2.1,355.4,177.0,0.7455,0
2259,75.3753,55.9,2.8,357.0,179.6,0.7842,0
2260,75.4087,60.2,2.6,359.3,174.2,0.8801,0
2261,75.442,54.4,1.0,368.4,174.0,0.8881,0
2262,75.4754,45.5,2.9,354.8,174.8,0.8572,0
2263,75.5088,49.2,1.7,356.0,185.7,0.8617,0
2264,75.5421,47.9,0.8,356.0,182.0,0.679,0
2265,75.5755,65.2,2.4,356.9,176.3,0.8194,0
2266,75.6089,41.3,4.1,359.5,183.7,0.7488,0
2267,75.6422,34.3,2.0,360.3,196.3,0.555,0
2268,75.6756,57.4,1.8,354.4,178.1,0.7532,0
2269,75.709,43.4,1.7,357.8,173.0,0.8276,0
2270,75.7423,42.2,1.9,363.2,169.9,0.863,0
2271,75.7757,69.9,2.0,361.7,172.2,0.8735,0
2272,75.8091,38.2,2.2,357.5,186.3,0.2839,0
2272,75.8091,34.9,1.6,354.1,193.4,0.1889,0
2273,75.8424,36.9,1.6,355.7,176.7,0.4762,0
2274,75.8758,88.4,0.8,365.1,170.7,0.8839,0
2275,75.9092,59.2,0.4,360.0,175.2,0.8886,0
2276,75.9425,48.1,1.1,352.7,171.4,0.8254,0
2277,75.9759,33.5,0.7,353.6,179.9,0.7652,0
2278,76.0093,34.5,1.7,359.6,176.4,0.8484,0
2279,76.0426,43.7,1.4,363.8,175.9,0.826,0
2280,76.076,48.7,1.8,366.6,174.5,0.8504,0
2281,76.1094,60.6,2.1,356.5,170.8,0.8389,0
2282,76.1427,48.3,3.0,363.9,169.6,0.905,0
2283,76.1761,53.0,4.1,357.9,167.8,0.8617,0
2284,76.2095,57.0,2.1,361.4,170.6,0.8943,0
2285,76.2428,62.1,1.2,367.2,175.1,0.8745,0
2286,76.2762,46.8,2.1,351.7,172.2,0.8883,0
2287,76.3096,32.2,1.9,358.7,176.1,0.8797,0
2288,76.3429,43.9,1.9,357.4,173.7,0.8626,0
2289,76.3763,39.3,2.1,350.7,179.3,0.4109,0
2289,76.3763,36.9,2.6,351.2,177.3,0.3168,0
2290,76.4097,31.2,1.6,350.0,180.3,0.196,0
2291,76.443,38.2,1.1,353.3,170.9,0.9073,0
2292,76.4764,44.0,2.0,354.6,174.2,0.9066,0
2293,76.5098,41.1,1.7,356.0,171.2,0.8738,0
2294,76.5431,47.0,2.4,357.5,172.7,0.8882,0
2295,76.5765,39.2,1.3,358.5,170.9,0.9066,0
2296,76.6099,34.8,2.3,353.7,169.1,0.879,0
2297,76.6432,36.5,1.8,356.9,169.3,0.8814,0
2298,76.6766,114.3,3.5,358.4,164.9,0.778,0
2299,76.71,70.3,4.5,363.2,166.6,0.8801,0
2300,76.7433,45.8,1.9,365.2,172.2,0.8914,0
2301,76.7767,55.0,2.1,358.7,173.1,0.8736,0
2302,76.8101,63.1,2.0,368.0,178.0,0.8853,0
2303,76.8434,35.6,3.8,359.4,169.1,0.888,0
2304,76.8768,25.3,6.3,350.7,172.7,0.756,0
2305,76.9102,29.7,1.2,350.6,177.7,0.7439,0
2306,76.9435,54.9,1.6,354.0,182.0,0.8447,0
2307,76.9769,53.1,1.1,361.6,178.3,0.8952,0
2308,77.0103,49.3,1.3,367.5,177.4,0.8486,0
2309,77.0436,46.5,2.1,355.0,176.1,0.8265,0
2310,77.077,51.6,1.8,355.5,176.4,0.8699,0
2311,77.1104,95.0,2.1,355.4,168.2,0.9023,0
2312,77.1437,46.7,2.0,354.3,173.1,0.8293,0
2313,77.1771,59.3,1.3,355.0,170.1,0.8511,0
2314,77.2105,43.4,2.1,352.4,175.8,0.8836,0
2315,77.2438,53.7,2.4,355.2,180.6,0.8625,0
2316,77.2772,35.7,1.7,365.4,184.2,0.7939,0
2317,77.3106,38.1,1.6,367.7,176.0,0.8806,0
2318,77.3439,31.3,0.6,365.7,170.7,0.9045,0
2319,77.3773,58.2,1.6,351.5,169.3,0.8378,0
2320,77.4107,46.3,1.6,354.5,172.5,0.8039,0
2321,77.444,45.9,2.3,355.2,171.7,0.8331,0
2321,77.444,0.0,100.8,56.3,267.0,0.2096,1
2322,77.4774,35.3,2.0,355.3,177.4,0.8851,0
2323,77.5108,34.2,1.3,353.5,169.6,0.9044,0
2324,77.5441,37.9,1.2,353.5,172.6,0.9131,0
2325,77.5775,57.0,0.9,361.2,169.4,0.9091,0
2326,77.6109,52.9,1.2,353.5,170.9,0.919,0
2327,77.6442,48.9,2.0,353.8,169.3,0.9168,0
2328,77.6776,60.5,1.2,352.5,173.2,0.7346,0
2328,77.6776,54.5,1.2,350.7,176.0,0.3424,0
2329,77.711,52.0,0.9,350.3,176.5,0.7774,0
2330,77.7443,80.1,2.5,348.9,175.9,0.7959,0
2331,77.7777,72.9,1.3,353.2,168.1,0.8718,0
2332,77.8111,45.9,1.2,361.9,170.1,0.8764,0
2333,77.8444,40.5,1.8,363.2,172.5,0.8579,0
2334,77.8778,103.1,1.9,357.3,168.9,0.8859,0
2335,77.9112,43.4,1.9,355.6,171.4,0.8833,0
2336,77.9445,45.6,1.5,354.7,176.0,0.8592,0
2337,77.9779,41.1,3.8,353.6,173.6,0.8287,0
2338,78.0113,51.1,1.2,360.7,168.6,0.9058,0
2339,78.0446,101.3,1.6,366.4,170.0,0.9344,0
2340,78.078,102.9,2.0,365.7,174.2,0.9279,0
2341,78.1114,71.7,5.7,358.9,174.5,0.7688,0
2342,78.1447,61.3,1.7,362.9,195.3,0.589,0
2343,78.1781,64.1,1.7,355.9,183.1,0.802,0
2344,78.2115,98.5,1.1,355.2,168.6,0.9158,0
2345,78.2448,24.9,0.7,355.9,169.0,0.9,0
2346,78.2782,38.4,0.9,354.5,168.2,0.8516,0
2347,78.3116,105.8,0.7,352.1,167.5,0.8906,0
2348,78.3449,107.8,1.3,350.6,166.8,0.919,0
2349,78.3783,57.5,1.3,351.5,168.2,0.9177,0
2350,78.4117,49.4,1.7,353.6,169.9,0.9199,0
2351,78.445,42.3,1.2,356.3,168.9,0.9223,0
2352,78.4784,24.7,1.4,361.6,180.4,0.8211,0
2353,78.5118,27.1,0.3,368.1,174.2,0.8731,0
2354,78.5451,31.4,0.4,364.0,174.7,0.8969,0
2355,78.5785,40.1,1.8,357.6,170.8,0.697,0
2355,78.5785,35.3,1.6,352.8,175.2,0.2172,0
2356,78.6119,63.3,0.9,370.2,168.9,0.9074,0
2357,78.6452,53.3,1.6,375.1,172.7,0.7773,0
2358,78.6786,51.5,1.6,353.9,177.5,0.8325,0
2359,78.712,74.0,1.1,355.5,172.5,0.8398,0
2360,78.7453,86.0,2.3,359.4,175.3,0.884,0
2361,78.7787,76.3,2.8,369.8,175.6,0.8911,0
2362,78.8121,50.2,2.2,382.0,177.8,0.8888,0
2363,78.8454,64.7,0.6,372.0,176.3,0.8822,0
2364,78.8788,40.6,1.6,371.9,172.3,0.8924,0
2365,78.9122,95.5,2.0,352.4,167.8,0.9164,0
2366,78.9455,62.6,1.6,357.6,169.0,0.9019,0
2367,78.9789,57.0,1.3,354.6,168.6,0.9141,0
2368,79.0123,67.8,1.6,355.8,169.0,0.8957,0
2369,79.0456,51.5,2.8,358.0,171.0,0.8957,0
2370,79.079,36.5,1.9,352.8,175.3,0.8279,0
2371,79.1124,43.3,1.7,355.4,180.9,0.8256,0
2372,79.1457,26.9,1.8,355.2,176.8,0.8757,0
2373,79.1791,85.1,1.2,350.5,178.9,0.8698,0
2374,79.2125,63.5,1.1,356.6,181.9,0.8715,0
2375,79.2458,80.6,1.0,359.6,179.3,0.8779,0
2376,79.2792,100.0,1.4,355.3,169.2,0.9117,0
2377,79.3126,68.5,4.5,359.4,175.2,0.8161,0
2378,79.3459,66.4,1.4,354.7,170.1,0.9046,0
2379,79.3793,75.0,1.7,353.6,170.2,0.6396,0
2379,79.3793,105.6,2.0,352.6,167.0,0.1454,0
2380,79.4127,63.2,1.6,355.6,168.2,0.914,0
2381,79.446,93.7,1.5,352.6,167.5,0.8876,0
2382,79.4794,102.5,1.9,350.9,166.9,0.862,0
2383,79.5128,65.8,2.3,352.9,168.1,0.8715,0
2384,79.5461,51.9,2.7,356.0,175.4,0.8984,0
2385,79.5795,46.3,2.3,358.3,173.2,0.8619,0
2386,79.6129,54.3,1.6,360.9,172.3,0.9055,0
2387,79.6462,54.8,2.3,355.5,171.1,0.8866,0
2388,79.6796,65.9,2.3,353.7,170.0,0.9021,0
2389,79.713,43.8,1.0,354.6,173.3,0.8553,0
2390,79.7463,48.9,1.4,352.3,173.2,0.8025,0
2391,79.7797,45.9,1.9,354.2,172.5,0.8987,0
2392,79.8131,35.5,1.3,357.4,174.0,0.7404,0
2393,79.8464,32.6,1.4,353.3,173.1,0.8555,0
2393,79.8464,0.0,103.8,56.6,265.2,0.1012,1
2394,79.8798,54.3,1.4,365.9,170.2,0.8712,0
2395,79.9132,68.8,0.7,362.8,169.2,0.8676,0
2396,79.9465,72.6,1.3,355.1,170.9,0.8669,0
2397,79.9799,69.8,1.5,356.7,176.4,0.9015,0
2398,80.0133,39.0,1.6,367.2,183.1,0.8717,0
2399,80.0466,27.4,1.9,356.5,171.9,0.7519,0
2400,80.08,18.4,0.7,354.9,175.1,0.6785,0
2400,80.08,18.4,1.2,354.0,173.7,0.1762,0
2401,80.1134,41.3,1.9,353.3,177.8,0.8877,0
2402,80.1467,31.1,1.4,357.0,190.4,0.8686,0
2403,80.1801,53.8,1.8,358.4,177.9,0.7784,0
2404,80.2135,54.7,5.9,355.1,172.9,0.8035,0
2405,80.2468,49.9,1.7,355.0,177.8,0.921,0
