frame,time_s,x1,y1,x2,y2,conf,cls
0,0.0,29.7,0.7,375.0,175.2,0.8584,0
1,0.0334,33.0,0.9,356.4,172.1,0.8994,0
1,0.0334,31.9,1.6,352.9,168.7,0.1896,0
2,0.0667,29.4,0.2,366.2,174.5,0.7639,0
3,0.1001,24.0,0.7,365.4,175.2,0.7669,0
4,0.1335,59.6,0.6,356.1,166.6,0.9163,0
5,0.1668,41.6,0.8,358.8,167.2,0.9028,0
6,0.2002,39.0,1.6,357.6,169.9,0.9215,0
7,0.2336,30.9,0.7,356.3,169.4,0.9084,0
8,0.2669,21.7,1.8,357.2,171.7,0.7367,0
9,0.3003,39.4,3.5,360.0,167.1,0.7035,0
10,0.3337,37.2,2.7,364.0,168.0,0.8764,0
11,0.367,37.3,2.2,369.3,166.3,0.8693,0
12,0.4004,35.9,2.9,362.3,166.1,0.7007,0
13,0.4338,27.9,1.6,361.0,167.2,0.7842,0
13,0.4338,30.7,1.5,361.2,165.7,0.1516,0
14,0.4671,34.6,1.0,348.2,169.0,0.8843,0
15,0.5005,31.9,1.5,353.0,166.0,0.8237,0
16,0.5339,43.6,1.5,358.2,166.3,0.7968,0
17,0.5672,55.9,3.5,358.0,166.0,0.9127,0
18,0.6006,49.6,1.7,364.8,166.2,0.883,0
19,0.634,44.2,2.0,358.5,166.4,0.8585,0
20,0.6673,54.7,1.4,355.3,167.1,0.7625,0
21,0.7007,40.0,1.1,356.6,172.3,0.5808,0
22,0.7341,30.9,0.0,359.3,178.6,0.6783,0
22,0.7341,26.9,1.2,354.1,166.9,0.442,0
23,0.7674,46.5,2.1,356.6,166.2,0.8331,0
24,0.8008,39.0,1.5,362.1,166.3,0.8132,0
25,0.8342,31.6,1.0,362.6,164.9,0.8061,0
26,0.8675,30.2,1.2,367.3,167.1,0.8139,0
27,0.9009,41.6,1.8,361.3,165.7,0.878,0
28,0.9343,35.4,1.8,362.7,165.2,0.8023,0
29,0.9676,24.7,1.7,362.0,173.2,0.6576,0
30,1.001,37.7,0.8,367.8,166.9,0.7855,0
31,1.0344,17.1,0.8,377.6,170.7,0.7021,0
32,1.0677,24.7,3.9,361.9,165.0,0.2759,0
33,1.1011,49.1,2.7,353.9,165.3,0.6312,0
34,1.1345,45.6,0.8,355.2,165.7,0.7026,0
35,1.1678,46.4,0.6,356.8,165.4,0.876,0
36,1.2012,48.4,1.0,366.3,170.0,0.788,0
36,1.2012,44.1,1.0,365.9,165.8,0.5878,0
37,1.2346,37.6,1.8,356.1,169.2,0.8416,0
38,1.2679,46.4,2.5,362.6,164.6,0.8081,0
39,1.3013,42.7,1.1,369.4,165.8,0.8154,0
40,1.3347,45.2,1.2,362.2,168.1,0.7616,0
41,1.368,42.9,1.7,353.6,166.6,0.875,0
42,1.4014,37.8,1.7,351.7,166.8,0.8885,0
43,1.4348,51.4,1.7,351.5,168.0,0.8722,0
44,1.4681,47.4,4.4,366.4,165.6,0.8034,0
45,1.5015,39.8,2.5,369.4,165.6,0.6254,0
45,1.5015,42.8,1.8,371.5,169.2,0.6091,0
46,1.5349,43.3,2.2,366.4,174.7,0.8318,0
47,1.5682,59.9,0.4,354.9,171.5,0.8732,0
48,1.6016,55.7,0.4,353.8,165.2,0.888,0
49,1.635,54.0,0.4,355.4,164.2,0.9074,0
50,1.6683,42.3,0.5,357.9,168.6,0.8376,0
51,1.7017,39.2,1.8,360.8,170.0,0.8421,0
52,1.7351,25.6,1.4,352.9,169.3,0.7129,0
53,1.7684,44.9,1.1,355.2,169.6,0.8051,0
54,1.8018,40.6,2.4,357.2,170.7,0.7479,0
55,1.8352,79.7,1.4,358.6,163.9,0.8772,0
56,1.8685,49.6,3.3,361.3,165.3,0.8297,0
57,1.9019,55.7,2.6,364.6,165.1,0.7734,0
58,1.9353,56.4,3.2,365.2,164.9,0.8738,0
59,1.9686,44.5,2.3,362.2,168.5,0.6986,0
60,2.002,61.0,0.8,358.0,167.1,0.8343,0
61,2.0354,53.3,0.8,355.8,168.5,0.8708,0
62,2.0687,48.8,1.2,361.2,167.7,0.7809,0
62,2.0687,49.9,0.9,361.0,169.7,0.337,0
63,2.1021,43.4,1.7,378.9,165.7,0.7893,0
64,2.1355,81.5,1.8,353.7,165.2,0.847,0
65,2.1688,81.5,2.2,353.6,164.7,0.9182,0
66,2.2022,39.5,1.1,355.3,167.8,0.8407,0
67,2.2356,46.0,1.4,358.8,169.2,0.836,0
68,2.2689,40.6,2.0,357.4,167.0,0.8695,0
69,2.3023,42.7,2.7,360.6,171.3,0.7739,0
70,2.3357,46.2,1.8,363.8,165.7,0.7698,0
71,2.369,50.0,1.8,360.8,167.1,0.7549,0
72,2.4024,41.6,1.8,360.0,167.6,0.7661,0
73,2.4358,42.6,1.2,358.4,166.5,0.8216,0
74,2.4691,59.1,1.9,366.3,164.9,0.8492,0
75,2.5025,51.6,1.7,370.1,163.2,0.3359,0
75,2.5025,40.6,2.1,372.2,165.7,0.1187,0
76,2.5359,58.0,2.0,359.0,165.1,0.7602,0
77,2.5692,41.5,1.0,361.7,169.1,0.8525,0
78,2.6026,50.8,1.8,357.0,165.9,0.6662,0
79,2.636,50.3,2.0,361.3,167.0,0.7414,0
80,2.6693,60.3,1.3,359.1,164.6,0.8872,0
81,2.7027,56.5,1.4,362.6,165.9,0.886,0
82,2.7361,44.4,2.0,359.6,166.7,0.665,0
83,2.7694,29.2,1.9,357.3,166.3,0.5729,0
84,2.8028,29.8,1.2,359.8,168.1,0.8223,0
85,2.8362,47.0,1.6,356.3,169.1,0.7812,0
86,2.8695,41.9,1.7,357.3,167.1,0.5706,0
87,2.9029,38.6,2.5,373.3,164.4,0.6787,0
88,2.9363,83.7,1.0,378.4,164.1,0.8516,0
89,2.9696,53.0,1.8,357.3,165.4,0.8241,0
90,3.003,49.2,1.5,359.2,165.9,0.8848,0
91,3.0364,55.0,1.5,372.7,166.8,0.877,0
92,3.0697,42.9,1.5,352.5,169.1,0.9018,0
93,3.1031,52.2,1.3,353.8,170.0,0.8899,0
94,3.1365,49.8,1.1,359.1,173.2,0.8681,0
95,3.1698,55.5,0.0,359.7,165.8,0.7807,0
96,3.2032,52.9,2.1,369.2,165.9,0.8938,0
97,3.2366,57.5,1.5,375.8,166.3,0.8906,0
98,3.2699,59.1,2.0,368.2,165.1,0.8732,0
99,3.3033,51.2,1.5,355.3,167.1,0.7712,0
100,3.3367,60.6,1.6,357.5,164.9,0.8909,0
101,3.37,82.7,3.9,360.9,165.5,0.9166,0
102,3.4034,63.0,0.6,369.6,165.6,0.9287,0
103,3.4368,54.8,1.6,378.9,164.5,0.8907,0
104,3.4701,62.8,2.2,363.1,164.6,0.8035,0
105,3.5035,95.8,1.6,361.8,165.1,0.8809,0
106,3.5369,77.6,2.9,356.1,165.9,0.9023,0
107,3.5702,64.9,1.0,355.7,167.8,0.5588,0
107,3.5702,63.5,0.9,353.5,165.9,0.5086,0
108,3.6036,63.4,1.6,351.7,164.8,0.7764,0
109,3.637,69.8,1.3,354.3,164.6,0.8689,0
110,3.6703,52.1,1.8,358.2,165.7,0.3781,0
110,3.6703,51.0,1.6,359.2,168.3,0.3256,0
111,3.7037,91.8,1.3,354.8,165.1,0.9327,0
112,3.7371,50.3,1.9,357.6,164.2,0.8061,0
113,3.7704,55.0,2.0,357.9,169.2,0.58,0
114,3.8038,48.5,1.4,359.4,165.4,0.8378,0
115,3.8372,51.0,1.8,359.6,169.8,0.7293,0
116,3.8705,51.8,1.7,361.8,169.0,0.8034,0
117,3.9039,45.6,1.3,360.2,170.8,0.6424,0
118,3.9373,41.9,1.9,361.4,169.2,0.6209,0
119,3.9706,36.8,1.2,358.6,168.5,0.6473,0
120,4.004,39.0,1.6,361.5,168.8,0.6518,0
121,4.0374,57.0,1.3,362.5,166.3,0.7557,0
122,4.0707,54.3,0.9,367.4,166.5,0.812,0
123,4.1041,46.4,2.6,359.8,165.7,0.7323,0
124,4.1375,32.8,2.6,356.7,168.8,0.7724,0
125,4.1708,51.6,3.4,360.6,166.1,0.8844,0
126,4.2042,55.3,1.5,362.4,167.9,0.903,0
127,4.2376,58.8,0.9,356.9,168.2,0.8806,0
128,4.2709,61.6,0.9,357.2,167.8,0.9207,0
129,4.3043,53.4,0.9,360.3,167.9,0.8657,0
130,4.3377,48.0,0.9,364.1,168.1,0.8763,0
131,4.371,48.7,2.1,372.5,166.9,0.8357,0
132,4.4044,64.8,1.8,374.4,166.2,0.8791,0
133,4.4378,68.4,1.7,367.7,166.4,0.8601,0
134,4.4711,68.4,2.5,369.8,165.8,0.8411,0
135,4.5045,64.0,1.5,362.4,166.6,0.8453,0
136,4.5379,58.5,1.8,361.8,166.3,0.8324,0
137,4.5712,54.7,1.0,358.7,167.7,0.7563,0
137,4.5712,56.7,1.1,361.2,170.9,0.1322,0
138,4.6046,45.9,1.5,364.9,167.0,0.7247,0
139,4.638,44.2,1.7,367.5,173.1,0.3849,0
140,4.6713,43.0,2.0,363.6,167.4,0.3655,0
141,4.7047,46.0,1.1,370.8,166.7,0.6541,0
142,4.7381,39.1,1.0,381.6,162.8,0.646,0
143,4.7714,65.3,2.1,383.7,163.3,0.6841,0
144,4.8048,55.1,0.8,386.6,163.5,0.6921,0
145,4.8382,48.4,0.6,391.4,163.7,0.8073,0
146,4.8715,71.8,0.4,378.4,163.0,0.8743,0
147,4.9049,57.3,0.8,383.9,167.6,0.835,0
148,4.9383,50.3,1.0,379.8,167.5,0.7712,0
149,4.9716,36.8,1.2,374.2,173.3,0.6618,0
149,4.9716,42.0,1.1,370.4,167.9,0.2708,0
150,5.005,39.8,0.6,368.7,167.6,0.6407,0
151,5.0384,39.6,1.6,362.2,173.9,0.6361,0
152,5.0717,56.5,0.8,368.1,167.6,0.7548,0
153,5.1051,62.0,0.9,373.5,164.1,0.61,0
154,5.1385,52.5,1.2,364.8,166.4,0.8634,0
155,5.1718,36.9,1.3,363.0,172.4,0.6644,0
156,5.2052,42.6,1.1,361.9,168.0,0.6877,0
157,5.2386,58.7,1.5,367.0,166.2,0.889,0
158,5.2719,50.9,0.8,363.4,171.0,0.5804,0
159,5.3053,42.1,2.4,371.6,168.5,0.5598,0
160,5.3387,49.8,2.5,376.7,164.8,0.6626,0
161,5.372,42.5,1.1,378.3,167.2,0.7558,0
161,5.372,44.0,0.3,375.5,164.2,0.1342,0
162,5.4054,38.3,4.7,389.9,169.0,0.3708,0
162,5.4054,35.7,3.9,374.8,162.7,0.2915,0
163,5.4388,45.9,1.3,373.7,166.4,0.7215,0
164,5.4721,38.3,1.0,357.5,170.4,0.877,0
165,5.5055,48.0,1.3,362.4,165.3,0.864,0
166,5.5389,52.2,0.6,381.2,162.6,0.7501,0
167,5.5722,45.2,1.6,377.8,171.8,0.5686,0
168,5.6056,40.9,0.9,364.2,167.1,0.5859,0
169,5.639,33.6,0.9,372.5,167.9,0.6853,0
170,5.6723,41.7,1.9,364.5,167.4,0.7678,0
171,5.7057,77.2,0.9,364.0,166.5,0.8881,0
172,5.7391,85.7,2.6,352.9,165.1,0.8941,0
173,5.7724,66.8,2.2,357.1,165.7,0.8966,0
174,5.8058,82.5,0.4,357.1,163.8,0.9212,0
175,5.8392,90.4,1.0,365.6,163.8,0.887,0
176,5.8725,68.8,1.5,372.9,163.7,0.7407,0
177,5.9059,94.0,3.5,374.2,163.0,0.8432,0
178,5.9393,45.1,2.6,373.2,166.8,0.7868,0
179,5.9726,58.6,1.4,381.6,167.0,0.787,0
180,6.006,40.9,0.8,386.4,167.1,0.8212,0
181,6.0394,59.7,0.1,370.1,167.0,0.8522,0
182,6.0727,32.3,2.4,357.7,169.8,0.5504,0
183,6.1061,101.6,1.7,361.2,165.0,0.9014,0
184,6.1395,41.8,1.3,361.3,166.0,0.6992,0
185,6.1728,42.5,0.7,366.7,166.1,0.7984,0
185,6.1728,43.0,0.7,368.1,169.4,0.1755,0
186,6.2062,45.3,0.1,357.9,170.8,0.8959,0
187,6.2396,89.0,1.3,363.8,165.3,0.9243,0
188,6.2729,93.1,1.8,369.7,163.8,0.8708,0
189,6.3063,47.3,0.3,372.0,166.8,0.881,0
190,6.3397,36.5,2.7,370.6,166.7,0.7514,0
191,6.373,37.9,1.3,363.6,170.6,0.6052,0
192,6.4064,35.4,1.1,361.6,165.9,0.6947,0
193,6.4398,47.7,2.7,357.3,164.7,0.6463,0
194,6.4731,48.5,2.3,366.1,165.2,0.7285,0
195,6.5065,34.2,2.1,359.7,166.5,0.7728,0
196,6.5399,38.6,1.2,369.8,167.5,0.85,0
197,6.5732,41.2,0.7,379.2,167.2,0.8863,0
198,6.6066,44.3,1.1,381.7,168.1,0.8747,0
199,6.64,38.2,1.5,385.8,166.9,0.8174,0
200,6.6733,45.0,1.2,369.4,167.9,0.6644,0
200,6.6733,50.3,1.7,378.1,171.8,0.3246,0
201,6.7067,45.8,1.2,378.1,164.4,0.6542,0
202,6.7401,47.9,2.1,373.4,165.4,0.8201,0
203,6.7734,65.3,2.8,382.4,164.0,0.6823,0
204,6.8068,60.4,1.9,381.6,163.4,0.7864,0
205,6.8402,48.3,1.6,379.3,163.6,0.7101,0
206,6.8735,44.4,1.6,371.4,168.3,0.817,0
207,6.9069,42.1,2.6,358.2,168.1,0.7875,0
208,6.9403,59.5,2.6,366.1,164.5,0.8381,0
209,6.9736,47.7,1.9,360.2,164.9,0.7527,0
210,7.007,91.1,1.8,368.7,165.6,0.6784,0
210,7.007,98.4,1.5,367.7,164.2,0.3627,0
211,7.0404,55.2,1.2,377.0,166.0,0.8374,0
212,7.0737,53.1,1.4,357.5,165.6,0.8952,0
213,7.1071,44.5,1.5,364.1,167.0,0.8876,0
214,7.1405,46.8,1.1,369.0,166.6,0.8612,0
215,7.1738,42.7,3.1,376.8,166.7,0.8189,0
216,7.2072,42.4,3.9,369.4,165.3,0.8595,0
217,7.2406,46.1,3.7,370.9,167.0,0.8363,0
218,7.2739,46.9,1.3,381.4,164.8,0.7459,0
219,7.3073,42.6,1.1,381.1,162.4,0.7428,0
220,7.3407,49.1,2.5,385.6,165.0,0.8248,0
221,7.374,52.8,1.7,376.1,162.4,0.6332,0
222,7.4074,42.1,1.5,369.6,165.7,0.344,0
222,7.4074,45.2,1.5,381.3,170.4,0.2256,0
223,7.4408,51.7,1.3,384.4,165.6,0.5527,0
224,7.4741,38.4,1.6,362.5,165.8,0.6538,0
225,7.5075,41.6,4.2,368.5,164.6,0.6976,0
226,7.5409,47.1,1.2,373.8,166.2,0.7908,0
227,7.5742,40.8,1.2,369.2,165.2,0.8434,0
228,7.6076,37.3,1.8,365.9,166.1,0.7979,0
229,7.641,40.0,1.3,361.3,165.8,0.8412,0
230,7.6743,33.0,1.8,360.9,165.1,0.8197,0
231,7.7077,41.3,0.9,360.8,169.1,0.813,0
232,7.7411,39.1,2.6,366.2,165.3,0.8133,0
233,7.7744,47.0,0.9,373.0,165.1,0.8824,0
234,7.8078,41.7,1.6,372.6,166.4,0.9001,0
235,7.8412,43.0,1.1,359.9,170.5,0.8,0
236,7.8745,57.0,0.8,356.0,164.2,0.8437,0
237,7.9079,58.8,0.6,359.1,168.0,0.7898,0
237,7.9079,57.2,0.5,357.9,164.9,0.1841,0
238,7.9413,54.6,1.3,365.9,173.4,0.551,0
238,7.9413,52.5,1.6,363.3,167.9,0.196,0
239,7.9746,47.8,0.6,371.1,175.0,0.7307,0
240,8.008,49.1,2.3,356.9,164.4,0.7424,0
241,8.0414,98.3,1.1,359.8,164.4,0.8856,0
242,8.0747,33.7,0.9,363.3,171.0,0.8214,0
243,8.1081,50.6,1.8,361.9,168.3,0.5704,0
244,8.1415,44.4,0.7,362.3,164.9,0.8297,0
245,8.1748,31.3,2.0,360.5,168.2,0.1716,0
245,8.1748,36.0,2.5,354.8,164.7,0.1564,0
246,8.2082,31.5,2.2,350.7,170.7,0.5387,0
247,8.2416,45.9,1.3,359.0,171.7,0.6965,0
248,8.2749,112.4,0.1,360.2,164.7,0.9047,0
249,8.3083,81.1,2.1,365.8,164.0,0.8029,0
250,8.3417,54.1,0.7,356.5,167.9,0.9313,0
251,8.375,49.0,1.1,360.4,168.3,0.9209,0
252,8.4084,50.8,1.3,355.1,170.5,0.9097,0
253,8.4418,54.3,0.9,356.4,169.2,0.9028,0
254,8.4751,52.1,1.1,355.5,169.2,0.8859,0
255,8.5085,54.5,1.2,360.1,172.2,0.8628,0
256,8.5419,49.1,1.1,359.6,170.3,0.7598,0
257,8.5752,46.8,1.8,368.6,168.1,0.8347,0
258,8.6086,58.9,0.9,364.1,167.4,0.8587,0
259,8.642,45.2,1.2,365.5,167.3,0.9055,0
260,8.6753,35.3,1.0,358.3,167.4,0.8679,0
261,8.7087,38.4,1.3,363.3,168.6,0.8739,0
262,8.7421,43.1,0.5,360.8,170.9,0.892,0
263,8.7754,56.1,0.8,372.6,168.7,0.8883,0
264,8.8088,46.2,0.7,360.0,172.1,0.8581,0
265,8.8422,45.1,1.7,366.3,167.8,0.6839,0
265,8.8422,48.3,1.4,368.4,172.5,0.3853,0
266,8.8755,34.8,1.6,391.7,169.3,0.7399,0
267,8.9089,29.9,0.7,372.7,167.2,0.7784,0
268,8.9423,86.9,0.7,353.5,165.6,0.9242,0
269,8.9756,35.0,1.6,343.7,171.9,0.8025,0
270,9.009,43.3,1.2,349.8,170.8,0.8724,0
271,9.0424,42.2,0.4,355.1,168.6,0.8928,0
272,9.0757,42.8,0.9,349.3,169.7,0.8607,0
273,9.1091,28.1,1.2,358.3,173.8,0.7231,0
274,9.1425,34.1,1.0,356.8,173.6,0.7729,0
275,9.1758,42.3,1.4,355.8,165.7,0.8542,0
276,9.2092,34.9,0.9,357.7,166.2,0.749,0
277,9.2426,37.2,0.9,358.5,165.4,0.775,0
278,9.2759,43.5,1.2,360.3,166.0,0.8212,0
279,9.3093,44.0,1.1,369.9,166.6,0.7401,0
280,9.3427,43.1,1.2,357.6,166.6,0.805,0
281,9.376,40.3,1.6,359.1,170.4,0.6337,0
281,9.376,39.7,1.3,356.0,165.9,0.3555,0
282,9.4094,67.1,0.1,365.5,163.5,0.5989,0
283,9.4428,40.0,1.8,353.3,165.0,0.5822,0
284,9.4761,79.9,3.6,355.3,164.5,0.8403,0
285,9.5095,44.9,2.3,355.3,165.3,0.7624,0
286,9.5429,39.8,1.1,360.2,166.3,0.843,0
287,9.5762,52.4,2.6,366.2,165.8,0.8854,0
288,9.6096,34.6,0.8,368.5,167.2,0.5248,0
289,9.643,46.3,1.6,369.3,166.9,0.8493,0
290,9.6763,33.4,1.3,380.2,168.7,0.7397,0
291,9.7097,33.3,1.4,363.2,169.8,0.5861,0
292,9.7431,38.7,2.2,365.7,166.4,0.4899,0
292,9.7431,39.1,1.8,369.7,170.7,0.1197,0
293,9.7764,51.0,0.8,359.0,169.1,0.8631,0
294,9.8098,47.5,1.2,357.7,170.8,0.7527,0
295,9.8432,52.7,2.0,360.0,169.3,0.6811,0
296,9.8765,52.5,1.1,359.0,169.0,0.8755,0
297,9.9099,41.7,1.9,361.4,164.8,0.8062,0
298,9.9433,36.8,1.9,362.4,165.1,0.7548,0
299,9.9766,44.2,2.0,362.8,165.2,0.7768,0
300,10.01,51.6,2.1,362.9,166.2,0.8295,0
301,10.0434,52.0,1.2,362.5,170.4,0.8071,0
302,10.0767,51.8,0.8,368.1,170.1,0.8458,0
303,10.1101,71.9,0.9,360.6,165.8,0.9219,0
304,10.1435,62.8,1.0,362.6,166.2,0.8002,0
305,10.1768,48.9,1.6,360.1,168.3,0.7264,0
306,10.2102,47.7,2.0,356.9,167.8,0.8792,0
307,10.2436,48.8,2.7,355.9,165.7,0.8855,0
308,10.2769,40.5,2.9,369.6,164.7,0.8828,0
309,10.3103,37.6,0.9,366.0,166.6,0.8714,0
310,10.3437,54.3,0.9,370.3,166.1,0.8252,0
311,10.377,51.8,2.0,356.4,168.0,0.8472,0
312,10.4104,48.4,1.3,362.9,167.5,0.8231,0
313,10.4438,49.0,1.5,370.6,167.0,0.9169,0
314,10.4771,58.8,1.1,357.9,171.4,0.8962,0
315,10.5105,51.7,1.1,358.0,170.1,0.8851,0
316,10.5439,46.6,1.0,359.8,166.1,0.8674,0
316,10.5439,50.7,0.7,361.7,169.1,0.1017,0
317,10.5772,47.9,1.3,356.1,166.8,0.9061,0
318,10.6106,42.1,3.6,356.0,166.8,0.804,0
319,10.644,52.1,1.2,359.1,166.7,0.8427,0
320,10.6773,38.2,5.3,358.4,165.9,0.7668,0
320,10.6773,34.4,3.3,360.3,168.3,0.5746,0
321,10.7107,38.8,2.3,357.3,168.5,0.8408,0
322,10.7441,39.8,2.5,357.8,169.2,0.8738,0
323,10.7774,40.8,2.2,358.6,165.6,0.7827,0
324,10.8108,47.3,1.6,361.8,165.9,0.7645,0
325,10.8442,64.9,2.5,356.1,164.2,0.9102,0
326,10.8775,56.0,2.4,357.7,167.1,0.7805,0
326,10.8775,61.1,3.0,355.0,164.3,0.3237,0
327,10.9109,41.1,1.1,356.8,166.7,0.8428,0
328,10.9443,71.6,1.0,356.5,163.8,0.8863,0
329,10.9776,47.3,0.9,358.7,169.5,0.9014,0
330,11.011,37.1,1.0,363.4,169.3,0.9016,0
331,11.0444,44.9,1.5,361.9,169.4,0.819,0
332,11.0777,42.8,2.4,363.5,169.2,0.853,0
333,11.1111,54.4,1.3,356.2,164.3,0.9137,0
334,11.1445,44.9,3.1,355.9,169.0,0.8823,0
335,11.1778,40.5,1.1,354.5,169.9,0.8955,0
336,11.2112,43.9,1.5,357.7,168.5,0.8769,0
337,11.2446,50.1,1.6,360.1,165.7,0.8558,0
338,11.2779,43.5,1.6,365.7,166.3,0.7036,0
339,11.3113,56.6,1.1,377.8,165.5,0.7359,0
340,11.3447,77.8,1.7,375.7,165.0,0.7675,0
341,11.378,63.8,2.8,355.1,165.5,0.7547,0
342,11.4114,49.3,1.5,359.8,165.6,0.8284,0
343,11.4448,76.5,1.1,377.7,164.8,0.8471,0
344,11.4781,42.2,1.4,386.3,167.7,0.7988,0
345,11.5115,39.9,1.2,362.7,167.2,0.7086,0
346,11.5449,41.3,2.2,372.2,167.7,0.8706,0
347,11.5782,39.0,1.3,372.1,166.2,0.8502,0
348,11.6116,61.8,1.7,357.8,165.4,0.9249,0
349,11.645,44.2,1.3,365.1,165.9,0.822,0
350,11.6783,37.4,1.7,360.9,166.7,0.65,0
350,11.6783,39.0,0.9,362.7,169.9,0.5982,0
351,11.7117,39.9,0.2,360.1,166.3,0.8167,0
352,11.7451,46.6,1.3,359.2,165.8,0.8679,0
353,11.7784,50.9,1.5,361.9,165.6,0.5844,0
354,11.8118,32.8,1.9,365.8,178.3,0.4574,0
355,11.8452,48.3,1.5,357.1,165.6,0.8619,0
356,11.8785,42.5,1.7,363.2,168.5,0.703,0
356,11.8785,42.3,1.7,362.3,165.5,0.174,0
357,11.9119,40.5,1.7,368.3,165.5,0.7826,0
358,11.9453,42.2,3.5,366.4,166.0,0.8721,0
359,11.9786,58.3,5.5,357.8,165.6,0.8338,0
360,12.012,36.0,0.7,354.3,166.0,0.7713,0
361,12.0454,38.7,2.8,357.8,170.1,0.8116,0
362,12.0787,60.8,2.6,365.5,165.3,0.8929,0
363,12.1121,104.5,3.4,361.2,165.5,0.9172,0
364,12.1455,44.5,2.8,356.1,165.5,0.8263,0
365,12.1788,48.5,2.5,354.6,164.1,0.8578,0
366,12.2122,52.1,2.1,358.4,165.7,0.7177,0
367,12.2456,54.2,1.4,367.0,165.1,0.888,0
368,12.2789,52.1,2.0,365.5,166.9,0.877,0
369,12.3123,34.1,0.6,357.4,169.1,0.889,0
370,12.3457,38.0,0.7,355.8,167.1,0.8452,0
371,12.379,41.2,0.3,355.7,166.3,0.881,0
372,12.4124,39.3,2.6,361.8,170.0,0.8909,0
373,12.4458,50.9,2.6,366.0,169.9,0.8551,0
374,12.4791,49.2,1.2,354.1,168.3,0.9128,0
375,12.5125,42.0,1.7,358.1,167.6,0.8948,0
376,12.5459,43.3,1.6,359.5,167.2,0.8026,0
377,12.5792,48.1,1.7,366.7,165.4,0.8499,0
378,12.6126,37.2,1.5,361.5,173.6,0.723,0
379,12.646,37.3,1.9,368.3,170.6,0.8082,0
380,12.6793,48.7,1.1,362.3,173.7,0.7796,0
381,12.7127,51.1,3.0,357.0,166.4,0.8951,0
382,12.7461,40.2,1.2,365.9,167.4,0.8393,0
383,12.7794,36.2,2.9,370.2,166.2,0.7901,0
384,12.8128,47.3,1.8,376.9,173.6,0.7044,0
385,12.8462,45.5,1.9,369.5,173.5,0.5839,0
386,12.8795,53.6,2.2,355.0,172.9,0.7806,0
386,12.8795,52.0,2.8,351.8,167.2,0.27,0
387,12.9129,50.8,1.4,358.1,174.2,0.8328,0
388,12.9463,48.2,0.8,359.5,171.9,0.8929,0
389,12.9796,38.8,1.2,378.9,173.9,0.8261,0
390,13.013,37.1,1.4,360.5,174.0,0.8216,0
391,13.0464,35.7,3.6,358.1,166.9,0.7657,0
392,13.0797,97.7,1.3,359.9,165.1,0.9053,0
393,13.1131,36.0,0.0,362.4,166.2,0.8918,0
394,13.1465,47.4,4.7,362.8,166.4,0.789,0
395,13.1798,51.3,1.3,357.5,165.2,0.7843,0
396,13.2132,38.5,1.9,368.9,171.5,0.744,0
397,13.2466,35.6,1.3,362.6,167.2,0.8185,0
398,13.2799,49.1,1.7,366.3,165.3,0.8954,0
399,13.3133,56.6,1.5,369.9,164.9,0.766,0
400,13.3467,33.4,1.6,373.5,171.6,0.7538,0
401,13.38,29.7,1.6,363.7,167.7,0.5256,0
402,13.4134,39.6,1.4,371.2,166.2,0.8724,0
403,13.4468,54.0,1.1,363.8,167.0,0.8338,0
404,13.4801,40.1,1.3,367.5,165.5,0.7918,0
405,13.5135,39.0,1.3,371.4,165.9,0.8508,0
406,13.5469,81.1,2.6,376.2,163.2,0.8931,0
407,13.5802,42.5,0.8,375.7,166.9,0.8616,0
408,13.6136,47.0,2.0,357.3,170.1,0.8097,0
409,13.647,51.0,1.4,359.4,171.2,0.7594,0
409,13.647,47.8,2.0,359.0,167.6,0.4983,0
410,13.6803,50.4,1.8,359.0,167.9,0.6872,0
410,13.6803,52.6,1.1,360.1,172.9,0.3547,0
411,13.7137,46.7,1.1,363.8,166.1,0.7912,0
412,13.7471,46.4,1.8,367.3,169.0,0.782,0
412,13.7471,51.7,1.3,369.9,173.8,0.5871,0
413,13.7804,46.0,1.6,353.9,167.9,0.7654,0
413,13.7804,49.0,1.3,356.7,171.6,0.3317,0
414,13.8138,46.2,1.5,356.2,167.4,0.7856,0
415,13.8472,45.4,1.6,360.1,168.4,0.4848,0
416,13.8805,45.3,0.9,351.6,172.2,0.7947,0
417,13.9139,82.3,0.6,348.1,165.4,0.9251,0
418,13.9473,39.8,0.4,355.3,169.6,0.8517,0
419,13.9806,31.9,1.4,356.4,166.3,0.5431,0
419,13.9806,27.9,1.2,360.4,169.1,0.2168,0
420,14.014,34.4,0.8,362.5,166.7,0.8094,0
421,14.0474,63.2,2.2,364.7,165.1,0.924,0
422,14.0807,48.0,2.1,373.4,165.4,0.8293,0
423,14.1141,44.5,2.2,369.9,165.9,0.8754,0
424,14.1475,41.9,1.9,370.9,166.5,0.8746,0
425,14.1808,36.3,2.6,374.0,166.6,0.8376,0
426,14.2142,58.9,3.8,380.5,165.4,0.8775,0
427,14.2476,40.1,3.2,405.0,165.9,0.6205,0
427,14.2476,48.8,4.5,399.9,163.9,0.4374,0
428,14.2809,35.5,1.7,406.7,167.7,0.751,0
429,14.3143,53.9,1.5,366.0,165.7,0.899,0
430,14.3477,56.0,2.3,367.4,166.6,0.8926,0
431,14.381,46.5,1.9,372.2,166.3,0.8987,0
432,14.4144,41.5,1.2,363.4,171.0,0.8498,0
433,14.4478,36.6,1.2,369.3,169.7,0.6475,0
434,14.4811,37.8,1.5,361.6,165.5,0.6619,0
434,14.4811,35.8,3.0,373.7,169.5,0.1242,0
435,14.5145,38.9,0.9,362.0,171.9,0.7618,0
436,14.5479,34.8,0.7,367.1,170.4,0.4685,0
437,14.5812,57.2,1.0,367.1,166.0,0.7344,0
438,14.6146,49.7,2.0,371.3,166.9,0.6713,0
439,14.648,47.0,3.2,360.3,165.5,0.8,0
440,14.6813,88.7,2.1,360.3,165.6,0.8819,0
441,14.7147,29.1,3.0,363.3,166.4,0.8082,0
441,14.7147,30.1,1.8,374.6,173.0,0.1446,0
442,14.7481,26.0,1.0,374.6,174.9,0.6359,0
442,14.7481,29.6,1.8,360.3,167.5,0.3341,0
443,14.7814,42.7,2.3,361.3,164.6,0.8478,0
444,14.8148,47.7,1.1,367.0,168.2,0.8798,0
445,14.8482,42.2,1.3,379.7,167.9,0.8401,0
446,14.8815,42.2,1.7,364.9,167.3,0.5775,0
447,14.9149,44.5,1.3,373.7,177.1,0.4009,0
447,14.9149,43.3,1.5,363.5,172.6,0.285,0
448,14.9483,45.7,2.6,363.9,169.3,0.8059,0
449,14.9816,52.6,2.0,372.6,169.0,0.5477,0
450,15.015,59.7,4.4,376.6,163.8,0.4905,0
451,15.0484,34.6,1.9,369.4,166.1,0.4714,0
452,15.0817,45.2,2.7,365.6,165.1,0.6945,0
453,15.1151,50.9,2.4,368.3,164.5,0.6743,0
454,15.1485,58.6,1.7,367.8,163.7,0.8724,0
455,15.1818,64.5,1.8,366.6,163.9,0.8745,0
456,15.2152,50.9,1.2,363.8,166.4,0.8371,0
457,15.2486,45.7,1.7,357.7,169.8,0.8824,0
458,15.2819,38.5,1.5,360.7,167.7,0.4229,0
458,15.2819,50.6,1.8,360.9,165.4,0.2655,0
459,15.3153,35.4,1.9,359.1,166.9,0.8032,0
460,15.3487,108.5,0.6,376.0,162.7,0.924,0
460,15.3487,24.3,151.0,52.5,175.2,0.1023,0
461,15.382,29.1,2.0,375.7,165.7,0.5588,0
462,15.4154,40.9,1.8,360.1,165.8,0.7812,0
463,15.4488,38.9,1.6,359.7,166.6,0.8692,0
464,15.4821,82.6,0.5,354.1,164.6,0.9179,0
465,15.5155,69.1,1.1,361.7,164.9,0.8374,0
466,15.5489,93.5,1.8,358.7,163.8,0.907,0
467,15.5822,58.1,0.9,353.3,164.8,0.9182,0
468,15.6156,68.9,0.0,351.4,164.8,0.9321,0
469,15.649,96.3,2.6,354.0,164.2,0.9439,0
470,15.6823,53.0,1.5,356.2,164.1,0.9279,0
471,15.7157,46.1,2.4,356.6,169.1,0.8842,0
472,15.7491,45.8,0.5,356.6,166.5,0.8536,0
473,15.7824,29.0,1.0,358.9,169.2,0.7645,0
474,15.8158,31.2,1.2,363.7,169.0,0.5109,0
474,15.8158,29.4,1.1,370.9,171.6,0.1625,0
475,15.8492,45.2,2.2,382.8,173.0,0.3791,0
475,15.8492,55.0,0.0,371.6,164.0,0.3614,0
476,15.8825,78.3,1.4,375.6,162.7,0.5945,0
476,15.8825,54.9,1.5,374.1,165.1,0.399,0
477,15.9159,36.4,1.6,375.9,165.3,0.7071,0
478,15.9493,39.4,1.0,354.5,169.3,0.8328,0
479,15.9826,34.2,0.8,369.7,172.9,0.4078,0
479,15.9826,35.1,1.2,364.5,170.2,0.3783,0
480,16.016,38.4,1.0,383.7,170.8,0.4548,0
480,16.016,41.9,1.5,375.7,166.8,0.3204,0
481,16.0494,49.8,2.4,361.0,165.5,0.7079,0
482,16.0827,73.6,0.7,359.1,163.7,0.4469,0
482,16.0827,52.1,1.1,360.8,166.1,0.1135,0
483,16.1161,77.6,1.1,357.5,166.1,0.8946,0
484,16.1495,45.0,1.7,362.4,167.1,0.8071,0
485,16.1828,39.3,1.3,365.4,165.2,0.7885,0
486,16.2162,47.6,1.7,361.7,164.5,0.8427,0
487,16.2496,37.3,1.2,362.4,165.0,0.8858,0
488,16.2829,46.6,0.6,355.7,171.6,0.6597,0
488,16.2829,45.6,0.9,353.4,166.9,0.4513,0
489,16.3163,42.0,1.6,355.7,167.1,0.8683,0
490,16.3497,40.6,2.5,356.5,173.1,0.8829,0
491,16.383,49.3,2.2,356.7,167.5,0.8514,0
492,16.4164,42.8,1.2,360.4,172.2,0.7668,0
493,16.4498,41.0,1.6,364.3,167.0,0.8016,0
494,16.4831,20.4,1.8,376.9,172.0,0.7448,0
495,16.5165,17.4,1.1,364.0,168.4,0.5517,0
495,16.5165,28.2,1.5,361.2,165.7,0.3969,0
496,16.5499,47.5,1.5,356.5,166.8,0.6681,0
497,16.5832,54.2,1.4,359.4,165.2,0.7674,0
498,16.6166,38.7,1.3,356.4,167.0,0.7285,0
499,16.65,33.5,1.2,361.4,172.8,0.7535,0
500,16.6833,38.9,1.7,364.0,169.1,0.7998,0
501,16.7167,54.0,1.3,362.6,165.4,0.9146,0
502,16.7501,32.3,2.8,356.4,164.8,0.8935,0
503,16.7834,38.0,1.9,359.7,165.7,0.8905,0
503,16.7834,0.3,43.3,74.2,254.3,0.1326,1
504,16.8168,52.2,0.8,361.7,166.5,0.8691,0
504,16.8168,50.0,0.4,362.9,167.4,0.2166,0
505,16.8502,82.6,0.9,364.8,165.0,0.94,0
506,16.8835,71.3,0.5,354.0,168.3,0.9324,0
507,16.9169,98.4,1.0,360.0,165.4,0.9342,0
508,16.9503,35.8,1.5,358.7,166.6,0.9102,0
509,16.9836,48.2,0.3,359.2,168.3,0.9231,0
510,17.017,49.1,1.9,362.8,166.5,0.6695,0
510,17.017,47.8,2.0,364.8,168.7,0.5562,0
511,17.0504,56.4,0.9,365.1,167.1,0.7451,0
512,17.0837,38.6,1.2,372.3,166.8,0.6217,0
512,17.0837,47.6,0.8,369.4,163.6,0.1038,0
513,17.1171,94.1,2.6,354.1,163.6,0.9013,0
514,17.1505,42.2,1.6,362.2,165.7,0.8201,0
515,17.1838,41.7,2.1,361.8,166.5,0.7601,0
516,17.2172,47.5,0.0,373.8,163.2,0.8012,0
517,17.2506,29.6,2.6,358.2,171.2,0.5296,0
518,17.2839,64.6,1.6,355.2,164.7,0.8688,0
519,17.3173,52.4,0.6,365.1,167.2,0.8339,0
520,17.3507,46.3,1.7,375.8,172.3,0.7949,0
521,17.384,35.6,1.0,357.2,167.6,0.6988,0
521,17.384,36.6,0.4,359.9,172.5,0.6833,0
522,17.4174,38.4,1.2,368.6,172.3,0.4843,0
522,17.4174,35.9,1.7,358.5,166.2,0.3221,0
523,17.4508,34.2,1.7,368.5,167.7,0.8593,0
524,17.4841,70.9,1.3,369.9,164.5,0.8962,0
525,17.5175,14.3,1.4,358.2,167.8,0.8263,0
526,17.5509,36.0,2.1,364.1,166.3,0.7729,0
527,17.5842,43.5,1.1,384.2,165.9,0.8501,0
528,17.6176,79.9,0.2,396.6,163.8,0.8323,0
529,17.651,44.4,1.5,363.5,166.6,0.7161,0
530,17.6843,48.7,1.1,364.7,167.0,0.8496,0
531,17.7177,44.7,1.7,369.9,166.5,0.724,0
532,17.7511,37.6,2.3,359.9,166.0,0.5931,0
532,17.7511,0.3,39.3,65.8,256.9,0.1152,1
533,17.7844,35.8,4.4,361.6,165.7,0.5368,0
534,17.8178,49.9,0.6,370.8,175.4,0.7467,0
535,17.8512,49.7,1.2,360.1,171.3,0.8505,0
535,17.8512,0.0,58.6,72.4,253.4,0.1829,1
536,17.8845,44.3,1.1,365.8,171.7,0.8718,0
537,17.9179,45.3,1.7,363.7,167.3,0.8703,0
538,17.9513,60.6,0.0,368.0,164.4,0.655,0
538,17.9513,43.3,0.9,370.4,167.1,0.6433,0
539,17.9846,40.7,1.3,371.3,167.8,0.7829,0
540,18.018,43.2,1.4,372.0,166.3,0.4803,0
540,18.018,41.0,1.1,379.0,169.9,0.3692,0
540,18.018,45.0,1.5,371.0,163.4,0.1705,0
541,18.0514,43.7,1.1,370.5,173.2,0.6506,0
542,18.0847,42.6,2.4,373.3,166.3,0.7635,0
542,18.0847,0.2,71.7,72.9,254.9,0.1387,1
543,18.1181,46.0,0.9,382.0,167.7,0.7206,0
544,18.1515,39.2,1.6,369.9,167.4,0.7088,0
545,18.1848,68.7,2.4,377.1,163.8,0.8001,0
546,18.2182,35.8,1.9,359.4,168.2,0.6868,0
547,18.2516,44.6,0.7,356.8,169.9,0.8597,0
548,18.2849,35.1,1.8,364.9,165.9,0.823,0
548,18.2849,35.9,0.8,370.9,176.7,0.1032,0
549,18.3183,42.3,1.1,372.2,166.4,0.8901,0
550,18.3517,44.5,1.2,373.4,166.2,0.889,0
551,18.385,42.4,1.8,364.8,167.1,0.8811,0
552,18.4184,55.4,1.1,370.8,167.1,0.8722,0
553,18.4518,68.8,3.2,361.2,166.8,0.8815,0
554,18.4851,102.5,0.2,365.2,167.4,0.9355,0
555,18.5185,41.3,0.1,367.8,170.0,0.8411,0
556,18.5519,68.4,3.1,361.8,166.7,0.9148,0
557,18.5852,76.9,1.9,378.1,166.8,0.9067,0
558,18.6186,69.6,1.5,381.2,166.1,0.9229,0
559,18.652,60.1,2.4,356.6,165.5,0.8808,0
560,18.6853,39.7,1.1,367.5,167.6,0.7462,0
561,18.7187,42.7,0.9,368.9,168.2,0.7333,0
562,18.7521,49.5,2.4,361.1,166.6,0.7955,0
563,18.7854,53.0,1.5,368.1,167.6,0.6638,0
563,18.7854,66.0,1.3,367.0,164.8,0.1388,0
564,18.8188,44.3,2.7,364.1,167.9,0.6586,0
565,18.8522,47.2,3.5,361.3,168.5,0.7962,0
566,18.8855,43.0,2.0,364.6,166.7,0.8991,0
567,18.9189,39.8,1.4,361.5,166.8,0.6185,0
568,18.9523,32.5,0.7,372.9,167.7,0.6553,0
568,18.9523,37.9,0.8,383.3,179.0,0.1048,0
569,18.9856,40.2,6.2,372.9,166.1,0.5712,0
569,18.9856,37.5,4.6,377.5,169.7,0.4318,0
570,19.019,40.0,2.0,367.2,171.9,0.6429,0
570,19.019,41.8,2.5,365.1,168.0,0.5203,0
571,19.0524,32.1,2.2,376.2,175.4,0.5222,0
572,19.0857,37.9,1.8,372.9,170.0,0.6578,0
573,19.1191,52.5,1.6,360.5,165.6,0.7971,0
574,19.1525,45.6,1.1,373.7,170.5,0.4637,0
575,19.1858,49.0,2.7,370.3,168.9,0.8397,0
576,19.2192,54.0,2.0,368.9,166.5,0.9,0
577,19.2526,53.2,1.6,360.4,167.5,0.8745,0
578,19.2859,42.8,2.1,358.8,169.1,0.7143,0
579,19.3193,41.7,3.1,362.7,170.0,0.459,0
579,19.3193,46.3,1.4,371.5,178.2,0.2035,0
580,19.3527,33.7,0.8,364.6,169.7,0.8086,0
581,19.386,38.7,1.3,365.8,168.1,0.7971,0
582,19.4194,46.2,1.0,365.5,169.5,0.8951,0
583,19.4528,43.2,0.7,366.7,174.0,0.8608,0
584,19.4861,46.3,2.2,366.5,165.0,0.8912,0
585,19.5195,41.1,1.8,365.8,167.1,0.7507,0
586,19.5529,44.2,2.0,362.9,166.2,0.9048,0
587,19.5862,48.3,0.7,357.6,165.9,0.8771,0
588,19.6196,49.9,0.7,360.1,168.0,0.8711,0
589,19.653,44.9,1.1,358.4,167.3,0.8061,0
590,19.6863,55.2,2.4,359.5,166.1,0.7174,0
591,19.7197,40.9,2.2,355.0,167.3,0.8042,0
592,19.7531,37.2,1.4,379.8,166.3,0.7251,0
593,19.7864,29.1,1.1,382.8,167.8,0.7606,0
594,19.8198,35.4,2.6,367.4,166.6,0.7794,0
595,19.8532,39.3,1.3,359.2,167.0,0.836,0
596,19.8865,33.3,1.1,358.4,167.6,0.817,0
597,19.9199,34.1,1.2,354.8,166.5,0.8021,0
598,19.9533,47.5,2.0,352.9,166.3,0.5774,0
599,19.9866,59.3,1.2,357.3,165.9,0.8971,0
600,20.02,84.7,2.0,356.4,165.2,0.9242,0
601,20.0534,50.2,3.1,355.5,165.1,0.8801,0
602,20.0867,43.7,1.6,357.4,165.2,0.8202,0
603,20.1201,68.0,1.4,363.3,162.6,0.6356,0
603,20.1201,42.0,1.4,365.1,165.3,0.356,0
604,20.1535,51.0,0.5,356.9,167.5,0.8081,0
605,20.1868,38.4,1.1,358.8,169.0,0.7426,0
606,20.2202,35.3,2.2,363.8,170.3,0.7072,0
607,20.2536,23.2,1.4,360.3,166.5,0.4705,0
607,20.2536,25.6,1.7,369.8,180.1,0.1659,0
608,20.2869,48.1,1.1,358.0,166.7,0.66,0
609,20.3203,54.4,0.8,358.8,171.2,0.431,0
609,20.3203,51.9,0.5,354.6,166.8,0.2754,0
610,20.3537,59.2,0.0,352.8,165.5,0.7994,0
611,20.387,64.2,0.0,352.6,167.8,0.6769,0
612,20.4204,54.9,0.8,355.6,166.6,0.8394,0
613,20.4538,31.9,1.8,356.3,173.1,0.4021,0
613,20.4538,34.2,1.4,362.6,179.8,0.1744,0
614,20.4871,43.0,1.0,354.9,166.3,0.7799,0
615,20.5205,52.9,3.3,358.9,165.3,0.608,0
615,20.5205,53.1,2.2,359.8,166.8,0.3864,0
616,20.5539,47.2,1.7,373.9,174.3,0.4307,0
617,20.5872,52.7,1.8,367.6,168.1,0.7947,0
618,20.6206,47.4,2.1,357.5,167.3,0.8114,0
619,20.654,38.3,1.8,359.4,166.4,0.7039,0
620,20.6873,39.3,1.6,360.2,167.1,0.8182,0
621,20.7207,47.8,1.8,370.3,167.2,0.8773,0
621,20.7207,0.2,15.8,70.8,253.9,0.1228,1
622,20.7541,32.8,1.3,361.8,169.9,0.8081,0
622,20.7541,0.2,32.3,66.9,259.6,0.1503,1
623,20.7874,46.1,1.5,357.5,166.7,0.8462,0
624,20.8208,40.4,1.6,359.3,168.3,0.7876,0
625,20.8542,55.1,0.6,356.9,172.3,0.8709,0
626,20.8875,50.5,0.4,359.0,172.6,0.8371,0
627,20.9209,52.7,1.8,362.1,167.4,0.8592,0
628,20.9543,90.1,2.1,361.0,165.3,0.9298,0
629,20.9876,40.9,1.8,357.0,166.8,0.8892,0
630,21.021,46.1,1.2,358.7,168.6,0.8494,0
631,21.0544,59.7,1.7,362.4,167.5,0.6373,0
632,21.0877,46.9,1.3,368.0,175.2,0.6917,0
633,21.1211,44.7,1.9,356.1,167.2,0.8498,0
634,21.1545,33.2,0.0,355.6,167.9,0.8562,0
635,21.1878,48.7,4.1,359.2,168.0,0.9121,0
636,21.2212,51.7,2.9,359.0,166.6,0.8007,0
637,21.2546,40.3,2.3,366.5,168.5,0.5754,0
637,21.2546,46.8,0.8,373.9,177.2,0.1085,0
638,21.2879,37.3,1.8,368.6,167.2,0.8208,0
639,21.3213,43.2,1.3,370.8,167.6,0.7822,0
640,21.3547,40.3,2.0,361.0,171.3,0.7323,0
641,21.388,54.6,6.0,363.3,165.8,0.7212,0
642,21.4214,60.4,2.4,364.2,166.1,0.8554,0
643,21.4548,33.7,1.9,354.5,167.4,0.7843,0
644,21.4881,46.2,2.4,354.0,167.7,0.9099,0
645,21.5215,101.0,1.2,352.0,166.8,0.9329,0
646,21.5549,76.2,1.4,351.6,166.7,0.9187,0
647,21.5882,32.0,0.7,355.9,171.1,0.8826,0
648,21.6216,40.6,1.7,359.8,167.8,0.7762,0
648,21.6216,35.5,1.6,362.3,171.8,0.1356,0
649,21.655,33.2,1.5,361.0,169.4,0.7546,0
650,21.6883,36.8,1.1,359.2,168.9,0.6133,0
651,21.7217,34.9,1.3,362.9,170.5,0.414,0
652,21.7551,74.3,3.3,354.1,167.3,0.8829,0
653,21.7884,52.0,2.2,352.5,168.2,0.8896,0
654,21.8218,46.0,0.3,353.5,171.2,0.9089,0
655,21.8552,88.5,1.9,359.5,166.4,0.9456,0
656,21.8885,79.8,1.9,372.6,165.9,0.9373,0
657,21.9219,50.9,2.4,374.4,168.0,0.7654,0
658,21.9553,41.1,0.4,350.8,173.3,0.9147,0
659,21.9886,33.3,0.7,354.3,175.4,0.8664,0
660,22.022,38.9,0.9,355.4,175.3,0.8288,0
661,22.0554,41.5,0.7,358.9,173.3,0.8219,0
662,22.0887,53.1,0.5,355.5,168.1,0.8579,0
663,22.1221,54.5,0.0,362.3,166.7,0.9163,0
664,22.1555,70.7,3.5,368.1,163.5,0.7869,0
665,22.1888,51.1,2.1,372.7,167.2,0.7628,0
666,22.2222,106.0,1.9,368.7,165.1,0.9154,0
667,22.2556,101.6,3.5,377.2,164.1,0.903,0
668,22.2889,43.3,1.6,374.4,167.0,0.821,0
669,22.3223,35.3,1.5,362.1,167.1,0.7076,0
670,22.3557,31.4,1.1,368.9,166.5,0.7626,0
671,22.389,56.0,1.0,356.4,167.4,0.8899,0
672,22.4224,37.3,2.1,367.6,168.2,0.7225,0
673,22.4558,41.6,2.8,358.8,168.1,0.827,0
674,22.4891,41.5,2.3,357.7,167.1,0.8582,0
675,22.5225,57.8,1.5,356.2,169.5,0.8847,0
676,22.5559,69.5,0.9,361.6,168.1,0.927,0
677,22.5892,55.2,0.8,360.7,168.6,0.8084,0
678,22.6226,49.9,0.9,356.2,174.8,0.8266,0
679,22.656,47.6,1.4,350.9,173.9,0.8122,0
680,22.6893,47.1,2.5,356.9,172.9,0.7689,0
681,22.7227,53.7,1.0,354.0,166.8,0.7874,0
682,22.7561,56.7,1.4,351.8,167.1,0.6948,0
683,22.7894,43.5,5.1,357.9,167.2,0.5394,0
684,22.8228,33.0,1.6,362.1,173.0,0.8613,0
685,22.8562,44.1,2.0,357.0,173.9,0.9111,0
686,22.8895,45.8,0.2,370.6,172.9,0.8883,0
687,22.9229,42.0,1.9,373.4,166.6,0.8559,0
688,22.9563,31.6,0.8,378.0,174.7,0.6986,0
689,22.9896,24.9,4.3,355.8,171.4,0.507,0
689,22.9896,30.0,2.5,365.4,176.3,0.1678,0
690,23.023,45.6,2.3,358.3,169.0,0.7616,0
691,23.0564,50.7,1.6,359.3,170.3,0.793,0
692,23.0897,71.6,1.4,357.6,167.0,0.8113,0
693,23.1231,97.9,2.4,370.3,164.5,0.6629,0
694,23.1565,52.9,2.5,374.7,166.9,0.5282,0
695,23.1898,40.0,2.4,359.0,167.2,0.8255,0
696,23.2232,40.0,2.4,365.7,167.5,0.868,0
697,23.2566,73.7,2.3,368.2,164.5,0.5841,0
697,23.2566,49.9,2.2,368.9,166.9,0.5381,0
698,23.2899,54.2,1.7,378.3,166.4,0.8654,0
699,23.3233,45.5,1.0,355.1,165.4,0.8408,0
700,23.3567,79.9,1.3,355.0,165.8,0.93,0
701,23.39,43.1,3.2,361.6,165.5,0.8551,0
702,23.4234,38.1,2.9,378.3,166.0,0.8131,0
703,23.4568,40.2,2.3,374.7,165.7,0.9023,0
704,23.4901,83.0,2.8,357.5,165.8,0.9157,0
705,23.5235,115.8,2.3,355.6,165.5,0.9412,0
706,23.5569,55.0,3.1,359.1,167.3,0.8499,0
707,23.5902,64.2,2.4,356.4,166.3,0.9234,0
708,23.6236,48.8,2.6,355.0,172.2,0.8986,0
709,23.657,46.6,3.0,370.9,167.0,0.8973,0
710,23.6903,38.9,2.2,371.7,167.3,0.821,0
711,23.7237,42.7,1.0,355.7,166.7,0.8034,0
711,23.7237,44.0,0.7,356.6,169.8,0.2728,0
712,23.7571,47.4,1.3,367.8,173.4,0.8141,0
713,23.7904,39.3,1.8,369.7,168.3,0.5776,0
714,23.8238,38.4,2.2,353.2,166.7,0.5725,0
714,23.8238,34.8,1.9,355.1,169.4,0.2103,0
715,23.8572,75.7,3.0,356.9,165.6,0.8972,0
716,23.8905,89.9,0.4,354.2,166.7,0.9287,0
717,23.9239,48.1,0.2,358.4,168.4,0.8934,0
718,23.9573,50.7,2.4,372.4,167.6,0.8386,0
719,23.9906,54.3,3.2,362.9,166.3,0.8745,0
720,24.024,64.0,5.1,364.6,166.9,0.8415,0
721,24.0574,110.2,1.0,366.5,165.2,0.9021,0
722,24.0907,103.6,2.3,358.5,166.9,0.9174,0
723,24.1241,101.8,1.0,355.5,166.8,0.9369,0
724,24.1575,93.8,1.1,354.4,167.3,0.9356,0
725,24.1908,56.6,1.3,363.1,168.4,0.8696,0
726,24.2242,46.3,6.5,363.0,167.7,0.6217,0
727,24.2576,45.5,2.7,369.2,166.3,0.863,0
728,24.2909,103.7,0.9,368.9,167.2,0.908,0
729,24.3243,104.2,1.8,360.6,166.8,0.9367,0
730,24.3577,67.3,2.5,360.9,166.6,0.9066,0
731,24.391,101.8,0.9,370.6,167.1,0.9243,0
732,24.4244,58.7,2.6,371.3,166.8,0.9039,0
733,24.4578,56.0,2.6,361.0,166.3,0.8794,0
734,24.4911,83.3,5.2,361.1,166.4,0.9041,0
735,24.5245,51.2,1.5,362.5,168.8,0.4296,0
736,24.5579,53.1,1.0,358.7,169.2,0.868,0
737,24.5912,66.0,1.4,363.5,168.3,0.9066,0
738,24.6246,52.2,1.7,370.2,169.2,0.8424,0
739,24.658,41.2,1.3,357.8,173.1,0.9048,0
740,24.6913,38.4,1.5,360.3,171.5,0.7992,0
741,24.7247,54.3,1.0,356.6,167.9,0.8382,0
741,24.7247,55.3,0.7,360.4,170.6,0.1367,0
742,24.7581,54.7,1.3,362.0,169.1,0.8862,0
743,24.7914,49.9,1.6,376.2,168.5,0.8585,0
744,24.8248,45.2,1.9,370.9,167.6,0.8675,0
745,24.8582,40.7,1.0,370.0,168.5,0.4664,0
745,24.8582,37.3,1.4,376.0,172.3,0.3554,0
746,24.8915,31.8,1.9,371.6,170.5,0.4014,0
746,24.8915,30.1,1.5,361.3,166.0,0.2437,0
747,24.9249,33.3,1.9,361.8,165.9,0.3645,0
747,24.9249,16.8,3.1,362.0,214.4,0.136,0
748,24.9583,61.3,2.7,359.6,166.4,0.8256,0
749,24.9916,87.5,6.8,362.7,166.7,0.8928,0
750,25.025,113.3,0.3,360.9,164.9,0.9291,0
751,25.0584,56.3,1.3,357.9,167.3,0.9263,0
752,25.0917,51.6,0.9,358.7,167.9,0.8834,0
753,25.1251,57.5,1.4,363.5,167.2,0.8238,0
754,25.1585,59.2,1.4,362.2,169.1,0.7526,0
754,25.1585,58.2,0.3,360.1,166.9,0.2067,0
755,25.1918,61.1,0.8,365.0,171.9,0.8246,0
756,25.2252,49.3,0.9,357.5,172.6,0.9095,0
757,25.2586,49.2,2.0,357.2,172.4,0.9264,0
758,25.2919,43.0,0.0,366.8,168.1,0.9078,0
759,25.3253,49.0,1.3,368.7,168.5,0.7508,0
760,25.3587,43.4,2.0,387.8,171.2,0.187,0
761,25.392,32.6,0.9,365.5,170.6,0.6015,0
762,25.4254,30.7,1.1,361.5,177.8,0.2459,0
763,25.4588,55.1,1.6,367.1,167.2,0.8459,0
764,25.4921,61.8,0.5,377.1,166.5,0.722,0
764,25.4921,70.9,0.0,375.6,164.1,0.3563,0
765,25.5255,64.4,1.6,355.1,166.3,0.8884,0
766,25.5589,107.0,1.8,356.9,165.9,0.8673,0
767,25.5922,48.1,2.0,363.8,165.9,0.8558,0
768,25.6256,49.7,4.0,362.0,165.9,0.8741,0
769,25.659,81.1,2.6,373.2,164.3,0.8954,0
770,25.6923,58.4,1.1,374.6,163.7,0.8683,0
771,25.7257,79.9,1.4,361.8,164.5,0.8011,0
772,25.7591,56.5,1.2,362.4,165.2,0.811,0
773,25.7924,108.0,1.5,369.6,164.0,0.8306,0
774,25.8258,76.2,2.2,379.3,163.0,0.7923,0
775,25.8592,61.3,1.1,382.7,163.8,0.8344,0
776,25.8925,54.2,1.5,365.4,168.5,0.8866,0
777,25.9259,45.7,1.2,370.5,166.7,0.8307,0
778,25.9593,48.3,2.1,370.6,164.3,0.8654,0
779,25.9926,52.5,1.0,376.0,163.1,0.5965,0
779,25.9926,52.3,1.3,388.0,170.1,0.2169,0
780,26.026,50.5,1.8,362.7,166.4,0.6997,0
781,26.0594,52.5,1.9,358.9,167.9,0.5898,0
782,26.0927,38.1,1.7,355.6,169.4,0.703,0
783,26.1261,42.1,0.7,357.8,165.5,0.8516,0
784,26.1595,45.8,2.2,364.9,172.0,0.8397,0
785,26.1928,57.7,0.7,362.3,164.5,0.8607,0
786,26.2262,55.3,2.3,362.5,167.9,0.855,0
787,26.2596,76.1,3.0,368.0,163.8,0.8616,0
788,26.2929,47.7,1.0,366.4,167.0,0.8573,0
789,26.3263,54.9,1.7,364.5,165.3,0.7466,0
790,26.3597,41.1,2.8,371.6,165.6,0.8402,0
791,26.393,70.1,4.0,373.8,162.9,0.817,0
792,26.4264,65.6,1.1,381.8,162.6,0.7677,0
793,26.4598,68.6,5.5,383.0,162.9,0.8165,0
794,26.4931,68.6,1.2,365.5,164.6,0.7848,0
795,26.5265,76.8,0.8,361.6,164.3,0.9073,0
796,26.5599,26.6,1.9,358.5,168.4,0.4535,0
797,26.5932,91.0,3.9,363.9,163.5,0.8663,0
798,26.6266,59.9,2.3,359.8,166.1,0.8774,0
799,26.66,55.9,3.0,363.2,167.2,0.8828,0
800,26.6933,44.6,1.7,371.5,172.1,0.6938,0
801,26.7267,42.5,1.9,357.2,169.0,0.7122,0
802,26.7601,46.0,1.0,356.5,169.2,0.8916,0
803,26.7934,60.3,1.8,358.8,165.3,0.8278,0
804,26.8268,102.9,2.3,359.6,164.8,0.863,0
805,26.8602,50.6,2.5,359.3,165.0,0.6673,0
806,26.8935,43.9,0.8,369.7,165.5,0.7701,0
807,26.9269,42.8,2.2,365.3,166.6,0.564,0
808,26.9603,45.1,1.0,357.7,166.9,0.7747,0
809,26.9936,52.7,2.3,355.2,166.1,0.5796,0
809,26.9936,53.1,2.0,357.4,169.3,0.2517,0
810,27.027,74.9,2.0,368.5,164.5,0.8358,0
811,27.0604,123.5,1.2,373.4,164.2,0.9115,0
812,27.0937,51.0,1.6,359.0,171.9,0.7907,0
813,27.1271,51.1,1.5,362.4,168.6,0.6262,0
813,27.1271,52.8,1.6,358.7,165.7,0.2027,0
814,27.1605,85.3,3.4,364.4,164.7,0.8741,0
815,27.1938,88.6,1.8,364.7,164.5,0.8606,0
816,27.2272,77.7,2.1,374.0,163.0,0.9115,0
817,27.2606,57.9,2.1,367.3,166.1,0.8805,0
818,27.2939,98.2,1.3,361.3,163.3,0.8554,0
819,27.3273,110.2,4.2,364.6,161.8,0.8831,0
820,27.3607,44.8,1.8,357.6,165.8,0.8892,0
821,27.394,41.9,1.0,360.5,168.7,0.8182,0
822,27.4274,55.2,3.6,359.6,166.7,0.7049,0
823,27.4608,54.9,2.7,366.8,167.1,0.7704,0
824,27.4941,56.7,1.7,361.5,170.0,0.8162,0
825,27.5275,47.1,1.1,357.4,171.7,0.8571,0
826,27.5609,48.8,0.6,356.3,168.9,0.8984,0
827,27.5942,35.7,1.0,359.9,169.7,0.8485,0
827,27.5942,0.6,43.0,65.3,262.4,0.1209,1
828,27.6276,55.1,1.7,357.4,166.1,0.8415,0
829,27.661,58.8,2.1,356.2,164.6,0.671,0
830,27.6943,50.2,2.9,362.8,165.2,0.7922,0
831,27.7277,53.1,2.3,376.7,165.3,0.8335,0
832,27.7611,51.6,1.5,362.3,167.3,0.8223,0
833,27.7944,84.8,2.1,362.1,165.7,0.8887,0
834,27.8278,51.1,2.3,368.1,172.2,0.699,0
835,27.8612,50.8,2.6,359.1,167.6,0.8015,0
836,27.8945,49.6,2.0,356.6,167.6,0.6126,0
837,27.9279,51.5,2.6,355.3,166.8,0.8135,0
838,27.9613,47.3,1.9,356.3,166.4,0.7879,0
839,27.9946,80.9,1.9,361.1,165.2,0.8783,0
840,28.028,102.5,2.0,354.9,165.2,0.9327,0
841,28.0614,105.2,1.8,361.6,165.5,0.9227,0
842,28.0947,104.7,0.9,359.2,164.6,0.9183,0
843,28.1281,100.4,1.9,366.4,164.7,0.8347,0
843,28.1281,101.4,0.9,365.8,163.2,0.1759,0
844,28.1615,98.0,0.7,379.2,163.7,0.8813,0
845,28.1948,97.1,0.0,382.0,163.1,0.8346,0
846,28.2282,48.7,0.2,366.2,167.8,0.8113,0
847,28.2616,85.6,0.0,363.0,164.5,0.8532,0
848,28.2949,62.1,0.7,361.8,166.5,0.9141,0
849,28.3283,53.7,1.4,360.4,167.8,0.8449,0
850,28.3617,42.4,1.9,364.7,169.4,0.4528,0
850,28.3617,46.9,1.3,367.4,172.8,0.2082,0
851,28.395,38.8,0.9,356.9,166.5,0.4023,0
851,28.395,43.3,0.8,374.8,171.6,0.2426,0
852,28.4284,48.9,2.4,355.0,166.9,0.8172,0
853,28.4618,81.4,1.1,361.1,166.9,0.8795,0
854,28.4951,54.6,1.1,365.0,172.0,0.7919,0
855,28.5285,39.8,1.4,360.3,168.3,0.6002,0
855,28.5285,45.1,1.1,362.1,173.1,0.2467,0
856,28.5619,40.2,2.5,352.6,166.3,0.7547,0
857,28.5952,33.4,0.9,355.4,170.7,0.8086,0
857,28.5952,35.7,1.0,353.0,166.7,0.2981,0
858,28.6286,33.9,0.9,355.0,170.3,0.7656,0
859,28.662,96.8,1.3,359.5,165.4,0.8756,0
860,28.6953,83.8,1.7,362.6,166.6,0.8985,0
861,28.7287,48.7,1.4,363.9,166.0,0.8463,0
862,28.7621,39.8,1.5,368.1,166.1,0.8475,0
863,28.7954,53.5,2.2,371.7,166.3,0.8814,0
864,28.8288,66.9,2.8,357.3,166.2,0.8538,0
865,28.8622,57.0,1.3,359.5,167.5,0.796,0
866,28.8955,51.4,1.6,364.2,166.9,0.5928,0
867,28.9289,81.8,2.6,356.4,166.1,0.9037,0
868,28.9623,57.5,1.4,353.7,166.4,0.7526,0
869,28.9956,58.2,2.7,354.3,165.2,0.5805,0
870,29.029,68.0,1.2,358.0,165.5,0.8567,0
871,29.0624,63.1,1.7,355.3,165.8,0.7694,0
872,29.0957,67.1,3.6,346.8,165.7,0.8589,0
873,29.1291,78.7,1.5,353.0,165.2,0.7948,0
874,29.1625,56.5,1.7,354.6,165.7,0.8356,0
875,29.1958,49.4,2.3,356.2,166.9,0.639,0
876,29.2292,45.5,2.4,356.8,165.2,0.6451,0
877,29.2626,63.6,1.8,358.1,162.9,0.7187,0
878,29.2959,75.3,5.8,354.3,164.8,0.5944,0
879,29.3293,95.3,3.2,353.7,167.7,0.9045,0
880,29.3627,67.0,2.9,355.5,165.9,0.8178,0
881,29.396,98.2,1.6,353.7,164.9,0.8996,0
882,29.4294,81.5,1.0,351.5,163.9,0.9129,0
883,29.4628,47.0,0.3,356.8,165.4,0.869,0
884,29.4961,52.4,1.2,353.4,166.7,0.6624,0
885,29.5295,50.9,1.1,356.3,167.4,0.8344,0
886,29.5629,47.6,2.4,354.7,166.1,0.8647,0
887,29.5962,53.4,1.2,354.5,166.3,0.9146,0
888,29.6296,54.5,1.9,358.1,170.2,0.7372,0
889,29.663,66.1,0.6,359.3,166.1,0.8645,0
890,29.6963,58.1,1.3,364.8,165.5,0.843,0
891,29.7297,50.2,1.0,371.1,166.3,0.5465,0
891,29.7297,54.1,0.2,367.7,163.5,0.269,0
892,29.7631,32.1,1.8,361.4,168.6,0.2959,0
893,29.7964,43.7,1.8,354.8,165.4,0.8429,0
894,29.8298,43.3,2.2,361.2,166.2,0.7763,0
895,29.8632,57.6,2.1,365.3,165.5,0.8146,0
896,29.8965,71.0,1.4,365.8,165.7,0.8076,0
897,29.9299,60.4,1.0,366.2,165.4,0.7719,0
898,29.9633,46.0,1.9,367.9,165.1,0.7918,0
899,29.9966,46.4,1.7,374.2,165.3,0.8662,0
900,30.03,42.2,1.6,382.0,167.4,0.8996,0
901,30.0634,57.3,2.4,369.9,166.3,0.8267,0
902,30.0967,78.6,0.9,367.3,162.8,0.8476,0
903,30.1301,52.5,1.6,359.3,166.2,0.789,0
904,30.1635,52.1,1.3,363.8,167.3,0.8378,0
905,30.1968,54.8,1.5,355.2,166.1,0.8898,0
906,30.2302,48.8,1.6,357.0,168.1,0.8439,0
907,30.2636,53.9,0.6,363.0,170.4,0.8598,0
908,30.2969,45.2,1.4,358.8,166.4,0.7749,0
908,30.2969,45.6,0.9,359.1,169.7,0.2751,0
909,30.3303,41.8,1.5,360.9,169.6,0.8783,0
910,30.3637,59.3,2.1,363.8,166.6,0.8481,0
910,30.3637,51.9,1.8,365.4,168.1,0.196,0
910,30.3637,0.0,2.1,67.9,259.0,0.1555,1
911,30.397,60.9,1.0,370.3,166.9,0.7773,0
911,30.397,0.0,3.0,73.0,261.3,0.1831,1
912,30.4304,40.7,0.9,373.4,171.2,0.8122,0
913,30.4638,47.6,1.6,362.3,167.4,0.7468,0
914,30.4971,41.2,1.2,367.9,167.5,0.7652,0
915,30.5305,49.2,1.8,366.7,164.6,0.4694,0
916,30.5639,47.7,1.3,361.0,166.1,0.7525,0
917,30.5972,50.8,1.3,371.8,167.4,0.7464,0
918,30.6306,51.8,1.3,359.4,164.8,0.8614,0
919,30.664,93.7,1.5,361.3,165.6,0.9263,0
920,30.6973,85.3,1.9,357.1,165.0,0.9125,0
921,30.7307,53.6,1.5,357.6,164.5,0.8508,0
922,30.7641,52.8,0.9,359.1,165.1,0.9209,0
923,30.7974,97.4,0.9,379.5,164.3,0.9321,0
924,30.8308,79.2,2.2,388.1,162.7,0.6954,0
925,30.8642,87.1,2.9,379.6,163.7,0.7473,0
926,30.8975,55.4,2.2,361.7,165.2,0.889,0
927,30.9309,64.3,1.2,358.5,165.2,0.8408,0
928,30.9643,93.9,0.3,368.3,164.3,0.8117,0
928,30.9643,92.9,0.5,369.2,166.1,0.2014,0
929,30.9976,56.2,1.8,368.3,165.1,0.675,0
930,31.031,61.9,1.9,357.2,165.0,0.872,0
931,31.0644,83.2,1.0,354.5,165.6,0.93,0
932,31.0977,36.2,1.0,367.2,171.7,0.3962,0
932,31.0977,43.7,1.8,359.4,166.3,0.3444,0
933,31.1311,41.1,1.1,369.4,170.2,0.6482,0
934,31.1645,56.4,2.7,381.9,164.0,0.6011,0
935,31.1978,65.3,1.7,389.3,164.8,0.871,0
936,31.2312,51.7,0.3,381.4,164.1,0.6053,0
936,31.2312,49.1,1.0,393.0,170.4,0.5351,0
936,31.2312,0.1,52.2,66.8,260.2,0.1495,1
937,31.2646,71.1,1.0,370.7,163.6,0.8746,0
938,31.2979,51.1,1.4,362.7,165.5,0.833,0
939,31.3313,35.3,1.3,355.7,164.5,0.7149,0
940,31.3647,53.6,0.7,357.8,164.5,0.9138,0
941,31.398,95.9,1.4,362.4,164.4,0.9247,0
942,31.4314,47.8,2.0,369.1,165.3,0.831,0
943,31.4648,96.5,0.0,366.6,163.2,0.832,0
944,31.4981,36.3,1.4,361.1,166.0,0.6764,0
944,31.4981,30.2,0.9,366.0,175.6,0.2055,0
945,31.5315,100.4,0.9,366.8,166.0,0.855,0
945,31.5315,101.9,0.1,365.1,164.4,0.1861,0
946,31.5649,101.4,1.6,365.2,164.1,0.864,0
947,31.5982,50.8,1.3,363.9,166.4,0.7965,0
948,31.6316,53.3,1.6,374.8,165.9,0.8661,0
949,31.665,97.9,3.3,362.3,164.5,0.9145,0
950,31.6983,40.7,1.5,364.0,166.3,0.8831,0
951,31.7317,46.5,1.6,359.7,166.0,0.8132,0
952,31.7651,49.2,0.9,360.7,166.5,0.7135,0
953,31.7984,39.6,2.1,364.3,166.5,0.7887,0
954,31.8318,41.9,1.5,365.7,167.4,0.8571,0
955,31.8652,102.5,0.9,367.3,163.9,0.9065,0
956,31.8985,51.8,2.4,365.8,167.7,0.853,0
957,31.9319,50.5,1.7,362.1,166.6,0.6863,0
958,31.9653,99.6,1.8,363.2,165.5,0.8785,0
959,31.9986,61.9,1.5,368.6,164.9,0.8294,0
960,32.032,60.1,1.0,366.0,166.4,0.9032,0
961,32.0654,56.5,1.5,367.5,165.8,0.8692,0
962,32.0987,74.8,3.0,356.9,164.6,0.9233,0
963,32.1321,54.5,2.5,360.0,164.7,0.8671,0
964,32.1655,73.8,2.5,363.1,164.3,0.7847,0
965,32.1988,42.7,1.5,359.8,165.7,0.7047,0
966,32.2322,51.7,1.8,360.2,165.4,0.8677,0
967,32.2656,40.0,1.5,364.2,167.1,0.8367,0
968,32.2989,57.0,1.9,371.2,164.3,0.8532,0
969,32.3323,69.7,1.8,378.1,162.7,0.5527,0
970,32.3657,64.5,2.6,378.9,162.5,0.6808,0
971,32.399,86.4,2.3,380.4,162.0,0.8515,0
972,32.4324,73.2,1.6,364.7,165.2,0.7368,0
973,32.4658,67.7,1.7,374.6,165.4,0.7711,0
974,32.4991,85.4,2.3,370.2,165.1,0.8981,0
975,32.5325,48.9,1.6,371.5,166.6,0.4642,0
976,32.5659,98.0,1.2,366.0,165.9,0.8688,0
977,32.5992,63.7,1.7,384.1,163.8,0.4562,0
978,32.6326,86.9,3.1,401.3,164.6,0.7141,0
979,32.666,52.9,0.6,409.3,164.4,0.6896,0
980,32.6993,63.1,0.5,395.6,165.3,0.6713,0
981,32.7327,70.3,0.2,396.1,165.2,0.8592,0
982,32.7661,60.5,1.7,372.6,163.8,0.6723,0
983,32.7994,55.0,1.2,367.5,165.8,0.8411,0
984,32.8328,66.7,1.2,366.5,164.0,0.8046,0
985,32.8662,59.6,2.0,361.4,167.1,0.8139,0
986,32.8995,113.2,7.0,363.3,162.9,0.8841,0
987,32.9329,70.8,3.8,377.1,164.0,0.7674,0
988,32.9663,64.7,2.1,392.7,164.6,0.873,0
989,32.9996,57.6,1.2,395.0,164.6,0.8367,0
990,33.033,43.5,1.6,387.0,166.3,0.8208,0
990,33.033,59.9,0.8,385.0,163.8,0.3923,0
991,33.0664,112.9,0.7,362.7,163.5,0.9095,0
992,33.0997,54.1,3.0,368.1,166.5,0.8482,0
992,33.0997,71.8,3.1,368.2,163.3,0.1177,0
993,33.1331,102.1,1.7,366.8,164.1,0.9019,0
994,33.1665,63.5,1.1,374.5,166.9,0.889,0
995,33.1998,57.4,1.6,356.5,168.7,0.6804,0
996,33.2332,59.4,1.4,358.5,168.2,0.8446,0
997,33.2666,57.0,2.9,361.2,166.6,0.8781,0
998,33.2999,68.0,1.3,364.0,166.3,0.848,0
999,33.3333,48.5,1.7,390.3,163.4,0.5547,0
999,33.3333,47.6,1.5,391.6,173.3,0.3978,0
1000,33.3667,45.1,1.3,373.0,170.1,0.8609,0
1001,33.4,40.2,1.4,376.0,167.6,0.7839,0
1001,33.4,49.6,1.6,372.2,163.8,0.6549,0
1002,33.4334,49.2,1.7,380.1,164.4,0.6564,0
1002,33.4334,47.0,1.2,392.1,171.1,0.625,0
1003,33.4668,49.8,0.9,366.5,172.4,0.8579,0
1004,33.5001,93.7,2.1,368.4,166.3,0.9322,0
1005,33.5335,74.6,1.7,364.4,165.9,0.9238,0
1006,33.5669,48.4,2.1,362.4,168.1,0.9039,0
1007,33.6002,43.0,1.3,368.3,166.5,0.7942,0
1008,33.6336,28.8,1.3,380.0,164.9,0.7806,0
1009,33.667,102.9,3.0,370.3,166.5,0.9207,0
1010,33.7003,97.5,2.0,366.4,165.6,0.9464,0
1011,33.7337,97.6,1.9,359.3,166.5,0.9442,0
1012,33.7671,75.8,0.2,369.9,165.6,0.8995,0
1013,33.8004,102.9,1.8,374.7,164.2,0.9112,0
1014,33.8338,65.1,3.6,369.2,165.1,0.9119,0
1015,33.8672,97.7,2.5,365.8,166.4,0.9029,0
1016,33.9005,96.6,2.9,371.7,165.2,0.8912,0
1017,33.9339,84.8,3.4,373.0,163.7,0.8362,0
1018,33.9673,76.9,1.9,374.2,163.7,0.5662,0
1018,33.9673,61.8,1.7,375.5,166.1,0.4725,0
1019,34.0006,83.3,2.1,371.1,163.0,0.532,0
1019,34.0006,64.7,2.1,371.9,165.0,0.4271,0
1020,34.034,62.8,1.5,369.1,164.9,0.9009,0
1021,34.0674,97.6,0.5,368.6,163.7,0.7679,0
1021,34.0674,97.4,1.1,368.9,165.4,0.2471,0
1022,34.1007,99.4,0.7,365.1,166.3,0.919,0
1023,34.1341,51.3,2.0,365.8,166.0,0.8996,0
1024,34.1675,50.7,2.0,365.1,165.2,0.8849,0
1025,34.2008,106.1,1.5,362.5,164.0,0.9149,0
1026,34.2342,58.4,1.1,365.4,164.9,0.8959,0
1027,34.2676,98.6,3.7,363.3,167.8,0.906,0
1028,34.3009,92.8,1.4,361.1,168.0,0.9055,0
1029,34.3343,87.5,2.1,364.7,165.6,0.9223,0
1030,34.3677,49.7,1.1,354.1,165.9,0.8522,0
1031,34.401,55.3,1.9,362.5,165.5,0.8892,0
1032,34.4344,96.7,2.4,362.5,165.4,0.8961,0
1033,34.4678,88.7,2.2,364.0,166.0,0.9317,0
1034,34.5011,58.6,0.7,367.8,167.0,0.9001,0
1035,34.5345,47.7,2.4,371.2,167.1,0.9105,0
1036,34.5679,47.2,1.1,366.8,171.2,0.8028,0
1037,34.6012,57.1,1.6,356.0,169.4,0.7797,0
1038,34.6346,49.7,1.5,364.6,168.9,0.7598,0
1039,34.668,42.9,3.8,365.3,166.6,0.8548,0
1040,34.7013,62.8,2.2,372.7,166.2,0.8966,0
1041,34.7347,62.2,0.1,362.3,166.2,0.9197,0
1042,34.7681,68.0,3.3,357.8,165.8,0.9093,0
1043,34.8014,81.8,1.1,359.8,165.8,0.8642,0
1044,34.8348,63.2,0.8,361.8,166.5,0.8171,0
1045,34.8682,75.2,1.7,356.3,167.6,0.8949,0
1046,34.9015,89.5,1.5,365.9,165.7,0.8867,0
1047,34.9349,79.3,2.1,365.3,166.5,0.8641,0
1048,34.9683,68.1,1.7,357.3,165.9,0.876,0
1049,35.0016,99.2,1.2,364.9,165.3,0.91,0
1050,35.035,62.8,0.7,381.8,163.4,0.7594,0
1051,35.0684,94.5,0.1,384.3,164.3,0.856,0
1052,35.1017,56.5,2.6,368.3,165.1,0.847,0
1053,35.1351,67.1,2.9,376.3,166.1,0.8322,0
1054,35.1685,42.7,1.6,366.7,169.9,0.8053,0
1055,35.2018,53.4,2.0,374.0,168.4,0.7679,0
1056,35.2352,43.7,2.7,378.8,168.0,0.8333,0
1057,35.2686,52.0,0.7,381.4,167.3,0.6159,0
1057,35.2686,63.5,0.9,379.8,163.9,0.3138,0
1058,35.3019,36.5,2.3,387.5,170.7,0.6227,0
1059,35.3353,42.1,0.3,370.7,167.5,0.8581,0
1060,35.3687,42.5,0.6,376.5,167.7,0.7629,0
1061,35.402,43.7,1.0,356.8,165.8,0.6862,0
1062,35.4354,46.6,1.0,359.1,166.2,0.8161,0
1063,35.4688,65.5,1.1,362.0,166.5,0.8287,0
1064,35.5021,53.7,1.3,364.5,166.8,0.8516,0
1065,35.5355,87.2,0.1,363.5,165.4,0.8592,0
1066,35.5689,101.3,0.8,361.7,166.4,0.9072,0
1067,35.6022,49.9,2.8,357.6,165.4,0.8122,0
1068,35.6356,81.9,1.7,367.4,165.9,0.8963,0
1069,35.669,60.9,1.9,372.3,165.0,0.7602,0
1070,35.7023,56.0,1.4,357.3,169.6,0.8602,0
1071,35.7357,51.8,2.7,356.4,167.2,0.8202,0
1072,35.7691,47.2,1.2,358.5,167.0,0.7363,0
1073,35.8024,60.4,2.8,358.0,164.2,0.8573,0
1074,35.8358,43.5,2.2,360.1,165.5,0.7679,0
1075,35.8692,48.6,2.2,365.8,166.6,0.782,0
1076,35.9025,41.8,2.4,366.4,166.6,0.2234,0
1077,35.9359,41.3,1.6,379.9,167.3,0.5232,0
1078,35.9693,57.0,1.7,382.3,167.8,0.8499,0
1079,36.0026,57.0,1.5,360.5,167.6,0.8415,0
1080,36.036,82.0,1.4,358.7,167.0,0.8955,0
1081,36.0694,60.7,2.4,368.1,166.1,0.7795,0
1082,36.1027,89.4,2.6,375.2,163.6,0.8297,0
1083,36.1361,88.4,1.9,360.8,165.7,0.8169,0
1084,36.1695,55.6,2.9,368.9,164.1,0.8013,0
1085,36.2028,41.7,1.9,366.8,166.1,0.5726,0
1086,36.2362,54.3,3.3,368.9,166.9,0.8081,0
1087,36.2696,61.9,2.0,388.3,166.9,0.8199,0
1088,36.3029,55.3,0.6,395.6,168.1,0.8354,0
1089,36.3363,47.7,0.9,368.3,166.2,0.4387,0
1090,36.3697,48.2,2.3,365.9,166.4,0.4739,0
1090,36.3697,68.5,2.0,364.5,163.3,0.1106,0
1091,36.403,73.0,2.0,352.7,167.4,0.7723,0
1092,36.4364,58.0,0.6,355.6,170.9,0.5432,0
1092,36.4364,55.3,0.8,353.8,168.1,0.5373,0
1093,36.4698,61.6,1.0,358.4,169.8,0.9075,0
1094,36.5031,58.2,1.1,361.1,169.2,0.8842,0
1094,36.5031,60.3,0.6,361.6,172.5,0.1311,0
1095,36.5365,56.3,1.5,370.2,166.0,0.9001,0
1096,36.5699,91.7,1.2,358.2,165.3,0.9355,0
1097,36.6032,52.2,4.4,361.8,164.4,0.8495,0
1098,36.6366,44.6,2.5,368.4,165.0,0.5453,0
1099,36.67,82.9,1.8,359.2,164.5,0.7506,0
1100,36.7033,58.2,2.8,360.5,165.2,0.6918,0
1101,36.7367,102.4,3.2,367.9,165.9,0.9185,0
1102,36.7701,85.0,2.3,362.1,165.3,0.8775,0
1103,36.8034,60.6,2.3,362.4,165.7,0.8045,0
1104,36.8368,71.6,0.6,362.3,167.0,0.8877,0
1105,36.8702,107.1,2.8,359.7,166.7,0.8833,0
1106,36.9035,97.0,0.9,360.2,167.1,0.8341,0
1107,36.9369,74.6,1.5,361.2,166.2,0.6607,0
1108,36.9703,39.1,1.4,359.2,165.4,0.5766,0
1109,37.0036,81.0,2.5,362.1,164.7,0.835,0
1110,37.037,108.6,3.8,362.3,165.8,0.8357,0
1111,37.0704,102.9,2.0,371.5,162.9,0.7745,0
1112,37.1037,77.1,1.7,375.4,164.8,0.8361,0
1113,37.1371,64.3,4.2,357.6,164.5,0.81,0
1114,37.1705,45.6,2.9,362.4,165.7,0.8412,0
1115,37.2038,60.6,1.4,360.7,166.0,0.8687,0
1116,37.2372,55.7,1.9,362.7,167.7,0.7474,0
1117,37.2706,44.3,0.7,364.6,166.1,0.81,0
1118,37.3039,32.2,0.9,361.7,169.8,0.8675,0
1119,37.3373,32.5,1.7,371.1,171.7,0.5339,0
1120,37.3707,29.5,1.0,370.2,169.1,0.5534,0
1121,37.404,47.0,2.2,371.3,168.5,0.7774,0
1122,37.4374,111.4,2.7,361.5,165.7,0.902,0
1123,37.4708,64.2,1.4,367.4,168.2,0.8051,0
1124,37.5041,50.2,1.1,368.8,168.7,0.7961,0
1125,37.5375,52.1,1.4,362.9,174.5,0.696,0
1126,37.5709,45.0,1.5,365.9,175.3,0.5646,0
1127,37.6042,38.6,1.1,373.1,174.2,0.6838,0
1128,37.6376,67.2,1.5,364.7,165.1,0.6877,0
1129,37.671,71.9,1.0,353.7,166.7,0.7924,0
1130,37.7043,63.4,1.8,362.8,168.7,0.8465,0
1131,37.7377,69.2,0.6,362.1,167.9,0.7773,0
1132,37.7711,74.5,0.9,359.4,168.6,0.7827,0
1133,37.8044,78.1,2.0,375.6,164.4,0.4962,0
1134,37.8378,44.5,1.4,390.9,170.5,0.3865,0
1135,37.8712,40.1,1.7,366.6,167.6,0.5177,0
1136,37.9045,39.8,1.5,357.4,168.6,0.5335,0
1137,37.9379,42.2,1.1,360.4,172.1,0.7664,0
1138,37.9713,46.5,1.3,368.6,167.7,0.7685,0
1139,38.0046,56.2,1.9,362.6,164.6,0.4559,0
1140,38.038,70.6,2.6,354.5,166.0,0.7551,0
1141,38.0714,58.3,2.7,356.2,167.2,0.4037,0
1142,38.1047,52.2,1.5,365.1,167.2,0.4085,0
1143,38.1381,42.9,2.2,357.7,165.8,0.1223,0
1144,38.1715,82.2,1.7,351.8,167.3,0.8241,0
1145,38.2048,85.0,2.6,353.5,166.1,0.874,0
1146,38.2382,44.4,1.2,358.6,168.8,0.8772,0
1147,38.2716,45.5,0.9,355.4,166.4,0.7206,0
1148,38.3049,33.8,3.1,361.1,170.8,0.6627,0
1149,38.3383,52.4,1.9,365.1,173.0,0.7984,0
1150,38.3717,50.9,1.4,360.1,171.2,0.6983,0
1151,38.405,50.9,2.4,361.8,168.5,0.5622,0
1152,38.4384,43.9,1.4,357.5,170.0,0.6446,0
1153,38.4718,46.7,1.1,357.2,166.5,0.7986,0
1154,38.5051,91.0,1.2,365.3,166.8,0.8496,0
1155,38.5385,96.2,3.1,359.7,167.2,0.881,0
1156,38.5719,105.2,1.9,354.8,166.1,0.8788,0
1157,38.6052,49.7,1.6,357.5,167.1,0.7455,0
1158,38.6386,41.2,3.0,356.0,167.6,0.7576,0
1159,38.672,38.7,1.5,357.8,170.7,0.8976,0
1160,38.7053,89.7,1.4,353.9,167.8,0.9216,0
1161,38.7387,42.4,2.0,360.7,168.3,0.4853,0
1161,38.7387,45.0,1.4,359.9,172.0,0.4824,0
1162,38.7721,47.9,1.2,355.8,165.8,0.8632,0
1163,38.8054,68.6,1.1,354.7,167.7,0.8721,0
1164,38.8388,46.1,3.6,358.3,167.6,0.8123,0
1165,38.8722,52.0,1.3,355.3,166.9,0.8357,0
1166,38.9055,59.3,1.2,358.5,167.6,0.8912,0
1167,38.9389,80.9,1.7,359.5,167.6,0.9025,0
1168,38.9723,67.7,1.1,359.8,167.3,0.8686,0
1169,39.0056,68.2,1.4,354.6,167.0,0.8596,0
1170,39.039,99.8,1.7,361.5,166.5,0.9129,0
1171,39.0724,102.7,2.0,376.1,164.7,0.9082,0
1171,39.0724,38.4,158.4,64.3,180.9,0.1016,0
1172,39.1057,33.5,2.0,387.8,166.5,0.5521,0
1173,39.1391,44.3,1.7,363.5,169.3,0.7725,0
1174,39.1725,52.6,1.7,382.5,168.9,0.759,0
1174,39.1725,60.4,1.6,379.0,165.8,0.1851,0
1175,39.2058,64.3,1.1,369.0,167.5,0.8429,0
1176,39.2392,59.0,2.0,371.7,165.9,0.8644,0
1177,39.2726,94.5,1.7,371.8,166.1,0.9211,0
1178,39.3059,86.5,0.5,381.7,164.7,0.8108,0
1179,39.3393,60.6,1.0,359.6,167.6,0.8921,0
1180,39.3727,53.9,1.3,359.8,166.8,0.6984,0
1181,39.406,46.3,1.5,363.7,166.2,0.7732,0
1182,39.4394,47.0,1.3,372.4,167.0,0.8602,0
1183,39.4728,53.0,1.9,364.4,165.9,0.8616,0
1184,39.5061,48.9,1.4,371.2,168.2,0.8524,0
1185,39.5395,41.0,2.7,365.8,169.6,0.687,0
1186,39.5729,49.0,1.2,355.3,168.0,0.5982,0
1187,39.6062,80.3,1.4,363.1,165.7,0.7837,0
1188,39.6396,112.0,1.8,362.5,166.6,0.8863,0
1189,39.673,108.0,1.9,362.8,165.5,0.8662,0
1190,39.7063,113.5,1.8,355.6,165.7,0.9106,0
1191,39.7397,108.3,1.4,361.0,167.4,0.9106,0
1192,39.7731,55.7,1.4,366.1,167.7,0.7746,0
1193,39.8064,95.6,1.2,366.1,166.7,0.8779,0
1194,39.8398,90.3,1.0,357.4,166.5,0.9169,0
1195,39.8732,98.3,0.8,355.0,166.5,0.897,0
1196,39.9065,92.8,1.5,358.2,167.4,0.894,0
1197,39.9399,60.4,1.2,359.5,169.1,0.778,0
1198,39.9733,37.2,1.4,367.9,168.8,0.4981,0
1199,40.0066,45.3,3.3,361.7,174.2,0.7334,0
1200,40.04,65.4,2.7,363.3,167.6,0.7634,0
1201,40.0734,40.5,1.8,362.7,167.7,0.8099,0
1202,40.1067,36.2,1.1,365.8,169.8,0.6497,0
1203,40.1401,35.9,0.9,359.3,168.0,0.7698,0
1204,40.1735,40.9,2.2,363.2,167.8,0.799,0
1205,40.2068,46.1,1.7,363.4,167.3,0.7852,0
1206,40.2402,81.2,0.8,357.3,168.1,0.9031,0
1207,40.2736,101.5,1.3,358.3,167.5,0.9029,0
1208,40.3069,101.7,1.1,357.5,166.9,0.6355,0
1208,40.3069,107.2,0.3,358.3,165.6,0.1232,0
1209,40.3403,102.5,0.1,362.5,165.2,0.8976,0
1210,40.3737,39.5,2.6,358.8,166.9,0.6615,0
1211,40.407,53.4,1.5,363.8,166.0,0.8517,0
1212,40.4404,79.7,2.1,358.9,165.4,0.8489,0
1213,40.4738,41.3,0.6,366.2,168.9,0.8813,0
1214,40.5071,68.7,1.3,356.0,167.9,0.9159,0
1215,40.5405,91.4,2.0,361.8,166.4,0.9094,0
1216,40.5739,76.0,0.0,366.2,164.0,0.847,0
1217,40.6072,58.8,4.2,360.1,167.2,0.528,0
1218,40.6406,63.4,2.2,359.1,165.4,0.8416,0
1219,40.674,35.0,2.1,372.6,172.7,0.321,0
1220,40.7073,38.4,1.2,356.4,165.5,0.6445,0
1221,40.7407,33.2,0.9,352.4,166.3,0.852,0
1222,40.7741,36.0,1.8,352.5,168.4,0.4177,0
1223,40.8074,44.9,1.6,356.3,166.7,0.7454,0
1224,40.8408,54.5,2.2,357.9,166.4,0.8364,0
1225,40.8742,43.2,3.0,357.0,167.9,0.7516,0
1226,40.9075,42.8,2.8,355.1,166.8,0.7994,0
1227,40.9409,70.4,2.1,357.1,166.0,0.8193,0
1228,40.9743,100.1,0.6,380.5,164.5,0.6932,0
1229,41.0076,52.5,1.3,362.1,167.7,0.8599,0
1230,41.041,94.9,1.1,357.6,166.3,0.929,0
1231,41.0744,56.6,1.8,355.2,165.8,0.8079,0
1232,41.1077,36.0,1.1,357.1,171.4,0.8051,0
1233,41.1411,33.8,2.4,364.2,166.5,0.7111,0
1234,41.1745,37.1,1.3,366.4,166.8,0.7319,0
1235,41.2078,50.6,0.7,369.1,169.0,0.7304,0
1236,41.2412,80.9,4.0,363.6,165.7,0.777,0
1237,41.2746,37.3,2.0,371.4,166.9,0.871,0
1238,41.3079,75.3,1.6,369.8,164.6,0.846,0
1239,41.3413,63.7,2.1,357.8,164.2,0.7122,0
1240,41.3747,72.7,1.6,370.9,162.7,0.5597,0
1241,41.408,56.8,0.9,374.4,165.7,0.7013,0
1242,41.4414,60.3,0.6,355.4,165.2,0.8301,0
1243,41.4748,51.3,1.1,356.4,171.3,0.447,0
1243,41.4748,69.5,1.1,355.8,166.8,0.2183,0
1244,41.5081,43.2,2.2,357.5,173.6,0.6934,0
1245,41.5415,43.8,1.4,355.2,167.5,0.7871,0
1246,41.5749,36.9,0.7,357.6,167.2,0.8179,0
1247,41.6082,38.5,1.9,359.7,166.8,0.6565,0
1248,41.6416,39.9,1.1,356.4,167.1,0.8623,0
1249,41.675,39.1,0.5,366.5,167.8,0.7604,0
1250,41.7083,34.4,1.3,370.9,169.8,0.8078,0
1250,41.7083,32.3,1.5,377.0,178.8,0.5657,0
1251,41.7417,35.4,2.5,359.1,169.5,0.7086,0
1251,41.7417,27.8,1.2,367.6,182.0,0.3283,0
1252,41.7751,33.7,1.6,356.0,168.2,0.8631,0
1252,41.7751,28.3,0.5,365.2,183.4,0.1067,0
1253,41.8084,34.2,1.9,363.2,165.8,0.895,0
1254,41.8418,39.8,2.0,363.7,165.9,0.9133,0
1255,41.8752,62.0,5.0,366.7,166.4,0.9096,0
1256,41.9085,34.5,2.6,368.8,168.5,0.8186,0
1257,41.9419,37.1,2.8,367.9,167.2,0.7103,0
1258,41.9753,35.6,0.9,373.2,164.7,0.8198,0
1259,42.0086,86.5,1.5,367.6,165.6,0.9306,0
1260,42.042,55.2,1.5,366.5,166.6,0.9315,0
1261,42.0754,40.3,0.3,363.2,167.8,0.8954,0
1262,42.1087,39.5,1.2,360.7,173.2,0.7609,0
1263,42.1421,44.2,0.7,372.0,169.1,0.7808,0
1263,42.1421,39.8,0.6,378.1,173.4,0.142,0
1264,42.1755,41.0,2.3,383.1,169.8,0.7784,0
1265,42.2088,42.1,1.5,366.9,175.4,0.8289,0
1266,42.2422,43.8,3.6,379.3,167.0,0.8978,0
1267,42.2756,36.2,2.6,379.6,166.9,0.8901,0
1268,42.3089,94.0,3.1,380.6,165.7,0.8785,0
1269,42.3423,62.1,1.8,359.8,167.2,0.8533,0
1270,42.3757,32.5,1.6,365.2,168.5,0.7036,0
1271,42.409,75.6,2.2,359.5,167.2,0.9125,0
1272,42.4424,82.1,1.1,363.0,167.2,0.8673,0
1273,42.4758,51.1,1.3,357.5,167.4,0.8625,0
1274,42.5091,54.9,2.0,356.6,166.3,0.8197,0
1275,42.5425,63.4,1.7,356.1,166.6,0.8686,0
1276,42.5759,58.5,1.3,358.7,166.5,0.8313,0
1277,42.6092,50.2,1.2,363.9,166.7,0.7966,0
1278,42.6426,54.0,2.2,365.2,166.6,0.6253,0
1279,42.676,96.5,3.6,374.7,164.8,0.8789,0
1280,42.7093,52.9,2.0,362.0,167.6,0.8641,0
1281,42.7427,54.9,2.0,361.6,169.1,0.9124,0
1282,42.7761,53.0,1.2,358.6,173.6,0.8387,0
1283,42.8094,48.8,0.8,361.5,172.2,0.7371,0
1284,42.8428,58.9,4.1,355.5,168.6,0.8334,0
1285,42.8762,46.0,1.4,363.2,167.9,0.5951,0
1286,42.9095,69.4,1.9,366.9,166.7,0.7434,0
1287,42.9429,56.1,1.2,363.5,165.3,0.8949,0
1288,42.9763,91.1,1.7,371.6,163.9,0.8589,0
1289,43.0096,121.1,0.0,375.2,163.1,0.8955,0
1290,43.043,107.9,2.8,357.9,165.5,0.9229,0
1291,43.0764,58.4,1.6,359.2,167.3,0.9061,0
1292,43.1097,55.5,2.4,354.8,168.7,0.9251,0
1293,43.1431,52.2,1.2,358.0,168.2,0.8569,0
1294,43.1765,88.0,0.9,356.4,167.5,0.9289,0
1295,43.2098,81.0,3.4,353.3,166.7,0.9234,0
1296,43.2432,102.7,1.5,357.0,166.7,0.9253,0
1297,43.2766,76.0,1.6,358.6,165.9,0.9023,0
1298,43.3099,54.4,2.1,362.0,165.6,0.88,0
1299,43.3433,101.6,1.4,354.6,166.2,0.936,0
1300,43.3767,94.5,2.2,354.8,165.9,0.9309,0
1301,43.41,92.9,0.5,353.8,167.0,0.939,0
1302,43.4434,50.9,1.5,354.3,167.8,0.8869,0
1303,43.4768,44.9,0.5,356.2,168.5,0.8302,0
1304,43.5101,51.0,0.0,357.4,168.1,0.7634,0
1305,43.5435,37.4,3.1,351.7,168.1,0.6538,0
1306,43.5769,37.9,1.5,359.4,168.8,0.8372,0
1307,43.6102,36.4,1.0,368.4,174.1,0.5925,0
1307,43.6102,38.3,1.1,365.3,168.5,0.52,0
1308,43.6436,52.8,3.4,358.7,167.5,0.9157,0
1309,43.677,32.2,1.7,361.7,173.1,0.8337,0
1310,43.7103,54.0,0.9,359.1,168.1,0.8967,0
1311,43.7437,48.1,1.3,358.4,173.2,0.8594,0
1312,43.7771,53.5,3.1,351.7,167.0,0.8303,0
1313,43.8104,113.4,1.9,353.9,166.0,0.9254,0
1314,43.8438,109.1,1.4,355.8,165.7,0.8566,0
1315,43.8772,51.7,1.6,356.7,166.7,0.8683,0
1316,43.9105,40.5,0.7,365.8,167.7,0.8214,0
1317,43.9439,28.2,2.8,356.1,172.9,0.8111,0
1318,43.9773,21.1,1.3,356.8,173.4,0.7116,0
1319,44.0106,62.9,0.8,353.8,167.5,0.8867,0
1320,44.044,75.4,4.2,355.4,166.9,0.868,0
1321,44.0774,50.9,0.7,363.5,168.2,0.7823,0
1322,44.1107,91.8,0.0,360.9,166.8,0.9225,0
1323,44.1441,106.7,0.6,360.5,168.1,0.9205,0
1324,44.1775,113.0,2.7,355.6,165.7,0.9267,0
1325,44.2108,49.1,2.3,363.6,167.8,0.7576,0
1326,44.2442,47.8,1.6,363.7,168.4,0.8221,0
1327,44.2776,61.3,1.6,351.3,167.1,0.8597,0
1328,44.3109,35.8,1.1,349.0,174.6,0.6837,0
1329,44.3443,90.1,1.4,353.3,167.1,0.8863,0
1330,44.3777,109.3,1.0,352.9,167.8,0.9294,0
1331,44.411,70.5,1.5,352.7,166.4,0.8914,0
1332,44.4444,51.2,1.4,347.8,170.7,0.9055,0
1333,44.4778,108.1,1.3,351.0,165.8,0.8831,0
1334,44.5111,52.7,1.5,351.5,167.8,0.7347,0
1335,44.5445,91.8,1.0,355.2,167.3,0.8979,0
1336,44.5779,100.0,1.3,354.5,167.8,0.8712,0
1337,44.6112,102.9,0.9,355.0,168.2,0.9175,0
1338,44.6446,96.9,0.5,354.6,167.5,0.912,0
1339,44.678,67.2,5.8,356.1,168.1,0.8381,0
1340,44.7113,80.9,3.0,370.0,166.8,0.9203,0
1341,44.7447,82.5,3.6,361.0,167.5,0.9139,0
1342,44.7781,29.5,1.2,356.5,173.1,0.783,0
1343,44.8114,38.7,0.0,351.0,174.1,0.9271,0
1344,44.8448,41.7,1.9,353.7,175.2,0.8983,0
1345,44.8782,38.2,1.6,355.2,174.4,0.8895,0
1346,44.9115,72.7,1.0,357.9,167.1,0.9284,0
1347,44.9449,41.0,2.1,358.8,167.1,0.8678,0
1348,44.9783,45.5,1.5,355.1,167.2,0.8691,0
1349,45.0116,62.8,1.9,355.5,167.8,0.9026,0
1350,45.045,50.3,2.8,358.7,168.2,0.8899,0
1351,45.0784,55.6,1.8,366.0,168.0,0.8499,0
1352,45.1117,40.2,2.0,357.1,169.6,0.7301,0
1353,45.1451,41.2,1.5,353.7,168.4,0.8616,0
1354,45.1785,26.9,1.0,357.5,167.9,0.7432,0
1355,45.2118,34.7,1.3,360.7,169.7,0.8103,0
1356,45.2452,28.5,0.9,358.7,166.9,0.8713,0
1357,45.2786,47.2,1.6,356.7,166.0,0.8414,0
1358,45.3119,97.1,0.9,356.1,166.8,0.9129,0
1359,45.3453,85.8,2.4,357.8,167.0,0.9231,0
1360,45.3787,94.5,0.9,357.4,165.9,0.9089,0
1361,45.412,66.8,0.8,354.8,168.7,0.8998,0
1362,45.4454,33.7,0.9,350.7,171.2,0.8138,0
1363,45.4788,39.0,0.2,355.8,171.1,0.8531,0
1364,45.5121,39.8,1.6,357.4,167.1,0.8019,0
1365,45.5455,76.3,1.4,353.1,166.0,0.8986,0
1366,45.5789,62.0,2.2,354.5,166.5,0.841,0
1367,45.6122,94.6,2.4,348.5,166.2,0.9122,0
1368,45.6456,93.7,1.6,348.0,165.8,0.912,0
1369,45.679,88.4,1.9,353.6,167.4,0.9351,0
1370,45.7123,81.2,2.4,354.6,167.0,0.9108,0
1371,45.7457,86.2,0.6,348.9,167.6,0.8994,0
1372,45.7791,84.5,1.3,342.5,167.4,0.9216,0
1373,45.8124,31.6,2.4,355.6,173.3,0.8109,0
1374,45.8458,25.8,0.7,350.5,173.8,0.885,0
1375,45.8792,37.4,1.1,347.4,169.9,0.8599,0
1376,45.9125,29.2,0.7,350.5,171.9,0.8774,0
1377,45.9459,30.3,0.3,349.3,171.0,0.8426,0
1378,45.9793,78.3,0.6,352.5,168.1,0.7579,0
1379,46.0126,41.5,1.3,353.8,170.0,0.9061,0
1380,46.046,46.4,0.8,353.5,172.9,0.8956,0
1381,46.0794,52.4,3.1,355.2,170.2,0.9149,0
1382,46.1127,38.4,1.3,352.5,168.7,0.7533,0
1382,46.1127,34.0,1.0,354.1,171.6,0.2426,0
1383,46.1461,49.6,1.4,357.0,173.9,0.7702,0
1384,46.1795,47.2,2.7,354.6,173.9,0.8297,0
1385,46.2128,41.8,1.8,353.7,173.6,0.8536,0
1386,46.2462,35.5,4.2,352.4,167.0,0.526,0
1386,46.2462,34.3,3.6,354.5,170.8,0.448,0
1387,46.2796,46.0,0.9,350.8,166.0,0.8178,0
1388,46.3129,50.3,1.4,351.5,168.3,0.881,0
1389,46.3463,74.3,2.5,349.8,165.2,0.9023,0
1390,46.3797,67.2,1.2,356.1,166.7,0.8202,0
1391,46.413,44.1,1.3,364.0,168.7,0.7187,0
1392,46.4464,39.0,2.4,348.8,177.4,0.8349,0
1393,46.4798,42.7,0.9,348.1,175.3,0.7915,0
1394,46.5131,51.3,0.9,356.2,168.9,0.8739,0
1395,46.5465,73.5,1.4,354.1,167.6,0.8904,0
1396,46.5799,83.5,1.3,353.1,167.0,0.9108,0
1397,46.6132,42.2,1.1,356.4,168.3,0.8246,0
1398,46.6466,38.2,1.7,352.8,172.0,0.7128,0
1398,46.6466,41.7,2.3,355.2,168.5,0.5272,0
1399,46.68,39.3,0.0,355.9,169.1,0.8807,0
1400,46.7133,26.2,2.8,355.9,169.9,0.7678,0
1401,46.7467,27.1,1.6,354.0,169.8,0.814,0
1402,46.7801,39.0,1.3,353.9,173.3,0.8378,0
1403,46.8134,22.6,1.7,357.5,174.0,0.8342,0
1404,46.8468,40.2,0.9,354.5,169.8,0.8021,0
1405,46.8802,43.8,0.9,356.6,173.2,0.8195,0
1406,46.9135,31.8,1.3,357.9,171.6,0.7676,0
1407,46.9469,87.5,1.6,357.6,166.4,0.3284,0
1407,46.9469,101.0,1.4,356.9,165.0,0.3077,0
1408,46.9803,80.0,1.3,355.6,166.7,0.8277,0
1409,47.0136,46.5,2.3,353.1,169.0,0.7269,0
1410,47.047,42.6,1.9,354.3,172.5,0.709,0
1411,47.0804,38.7,2.4,367.2,167.0,0.8419,0
1412,47.1137,33.9,4.1,360.3,167.4,0.4473,0
1412,47.1137,35.3,2.2,374.3,174.3,0.187,0
1413,47.1471,48.4,3.7,359.0,167.6,0.8033,0
1414,47.1805,69.5,2.0,360.4,166.1,0.8402,0
1415,47.2138,92.8,1.6,351.2,166.1,0.9202,0
1416,47.2472,76.1,1.4,350.6,167.2,0.6292,0
1416,47.2472,66.0,1.3,349.7,169.9,0.3128,0
1417,47.2806,44.7,1.2,352.1,166.3,0.6351,0
1417,47.2806,23.9,1.1,352.2,170.7,0.252,0
1418,47.3139,40.5,4.1,356.0,165.6,0.5572,0
1419,47.3473,41.7,2.7,358.4,167.7,0.7538,0
1420,47.3807,33.0,0.2,359.2,174.0,0.855,0
1421,47.414,30.5,0.9,360.5,172.9,0.8733,0
1422,47.4474,31.2,1.2,356.0,170.2,0.8429,0
1422,47.4474,0.3,29.6,65.4,260.0,0.1041,1
1423,47.4808,37.5,1.7,363.6,171.9,0.8088,0
1424,47.5141,41.0,3.3,371.6,168.9,0.8385,0
1425,47.5475,42.0,2.0,362.1,171.5,0.7495,0
1426,47.5809,49.3,1.4,357.8,169.1,0.8853,0
1427,47.6142,46.8,0.4,360.0,172.0,0.8885,0
1428,47.6476,47.9,2.1,358.3,172.0,0.8756,0
1429,47.681,49.3,1.2,356.6,170.8,0.6317,0
1430,47.7143,37.8,1.7,355.8,168.2,0.8237,0
1431,47.7477,49.2,1.0,358.7,170.5,0.8836,0
1432,47.7811,43.9,0.8,363.5,172.7,0.5214,0
1433,47.8144,46.7,2.3,358.6,167.2,0.7565,0
1434,47.8478,108.8,1.5,355.2,166.1,0.8909,0
1435,47.8812,102.3,1.6,365.0,165.4,0.8588,0
1436,47.9145,62.0,3.1,360.7,166.6,0.8073,0
1437,47.9479,86.7,2.3,357.2,166.8,0.9019,0
1438,47.9813,82.9,1.9,353.4,167.5,0.9193,0
1439,48.0146,41.6,2.3,356.4,173.4,0.8227,0
1440,48.048,38.5,1.3,359.6,172.6,0.8103,0
1441,48.0814,41.4,1.0,366.5,169.7,0.7631,0
1442,48.1147,38.6,0.7,366.5,173.1,0.849,0
1443,48.1481,39.2,1.3,370.1,167.8,0.8609,0
1444,48.1815,42.4,0.9,358.2,167.4,0.8821,0
1445,48.2148,47.4,1.0,364.3,168.1,0.8155,0
1446,48.2482,44.6,1.3,381.3,170.5,0.577,0
1446,48.2482,40.5,1.3,378.0,167.5,0.1419,0
1447,48.2816,46.8,0.5,360.0,171.4,0.8214,0
1447,48.2816,44.5,0.9,360.2,168.1,0.3752,0
1448,48.3149,40.5,0.7,350.7,173.2,0.8393,0
1449,48.3483,40.6,0.7,354.0,174.1,0.876,0
1450,48.3817,43.3,0.6,353.0,172.0,0.824,0
1451,48.415,39.9,0.8,355.8,169.6,0.8914,0
1452,48.4484,73.4,0.7,354.4,167.8,0.9213,0
1453,48.4818,85.2,3.7,353.8,168.9,0.9381,0
1454,48.5151,70.2,0.5,355.6,167.3,0.8983,0
1455,48.5485,44.7,0.1,354.6,172.2,0.8969,0
1456,48.5819,41.4,1.2,357.8,166.7,0.8818,0
1457,48.6152,49.0,2.3,356.0,172.5,0.8958,0
1458,48.6486,53.0,0.6,357.1,172.8,0.8121,0
1459,48.682,29.6,0.0,359.7,173.9,0.8849,0
1460,48.7153,33.8,1.5,351.4,173.4,0.927,0
1461,48.7487,29.6,1.2,354.4,173.4,0.8239,0
1462,48.7821,43.7,1.4,352.1,175.6,0.7305,0
1463,48.8154,41.1,1.4,345.9,172.7,0.6659,0
1464,48.8488,89.5,0.6,345.9,168.4,0.9238,0
1465,48.8822,77.6,1.0,349.4,167.1,0.92,0
1466,48.9155,100.1,0.9,349.1,166.9,0.9266,0
1467,48.9489,65.9,3.8,352.8,167.2,0.896,0
1468,48.9823,50.0,0.9,350.4,168.3,0.8074,0
1469,49.0156,60.3,5.1,355.3,167.6,0.9043,0
1470,49.049,58.3,3.9,356.0,169.0,0.867,0
1471,49.0824,43.8,1.8,357.3,174.3,0.8618,0
1472,49.1157,47.3,0.7,357.9,174.1,0.6099,0
1472,49.1157,48.7,1.2,354.8,168.7,0.4116,0
1473,49.1491,44.7,0.7,356.1,169.5,0.5818,0
1473,49.1491,43.9,0.6,358.2,173.0,0.493,0
1474,49.1825,39.6,2.9,364.6,168.2,0.7949,0
1475,49.2158,48.2,1.2,362.7,167.2,0.8351,0
1476,49.2492,47.8,2.0,354.4,169.0,0.8987,0
1477,49.2826,52.2,2.0,358.7,166.8,0.8984,0
1478,49.3159,61.0,0.8,357.5,167.2,0.8844,0
1479,49.3493,52.7,1.9,352.1,166.4,0.7826,0
1480,49.3827,53.6,1.5,355.6,166.9,0.7294,0
1481,49.416,93.0,2.3,354.8,166.2,0.8662,0
1482,49.4494,106.2,1.2,355.8,166.1,0.8767,0
1483,49.4828,50.1,1.2,355.6,167.7,0.4884,0
1484,49.5161,35.0,1.0,344.7,172.3,0.7292,0
1485,49.5495,42.8,1.4,343.5,174.9,0.8707,0
1486,49.5829,38.8,1.8,345.9,174.0,0.7816,0
1487,49.6162,47.9,1.2,354.1,169.8,0.6991,0
1488,49.6496,72.2,1.1,355.8,169.1,0.8488,0
1489,49.683,84.3,1.6,356.4,166.7,0.6921,0
1490,49.7163,89.3,1.7,353.5,165.9,0.6958,0
1491,49.7497,49.4,3.2,356.1,164.7,0.3225,0
1492,49.7831,79.1,3.9,359.6,165.4,0.7271,0
1493,49.8164,55.9,5.0,358.9,165.4,0.2792,0
1494,49.8498,64.5,1.5,355.0,166.3,0.7043,0
1495,49.8832,71.5,2.3,359.5,166.1,0.6018,0
1496,49.9165,67.2,1.5,364.2,167.7,0.6537,0
1497,49.9499,97.3,3.6,363.9,169.7,0.9265,0
1498,49.9833,37.9,1.2,356.4,172.4,0.2387,0
1498,49.9833,49.2,1.3,355.8,169.0,0.1539,0
1499,50.0166,50.4,1.3,355.7,167.8,0.6255,0
1500,50.05,80.7,1.8,353.9,168.1,0.8898,0
1501,50.0834,58.9,0.7,357.4,168.6,0.8583,0
1502,50.1167,60.2,1.9,358.8,168.9,0.7932,0
1503,50.1501,51.8,1.6,356.6,168.4,0.634,0
1504,50.1835,48.0,0.9,355.9,173.7,0.2972,0
1504,50.1835,49.8,0.9,352.6,168.7,0.2863,0
1505,50.2168,52.5,1.3,355.4,172.2,0.7319,0
1506,50.2502,58.4,1.6,355.6,173.7,0.8084,0
1506,50.2502,58.4,1.7,354.1,169.5,0.3127,0
1507,50.2836,53.8,1.0,356.8,174.6,0.582,0
1508,50.3169,52.1,1.1,354.1,172.5,0.8048,0
1509,50.3503,36.2,2.1,357.1,173.1,0.7419,0
1510,50.3837,60.3,2.3,355.6,167.8,0.8606,0
1511,50.417,61.7,1.3,356.0,166.1,0.7758,0
1512,50.4504,56.5,1.3,356.3,167.0,0.6072,0
1513,50.4838,42.2,1.4,356.8,168.0,0.798,0
1514,50.5171,52.5,3.4,359.1,167.3,0.8321,0
1515,50.5505,41.2,1.9,356.4,167.0,0.8095,0
1516,50.5839,35.4,1.8,360.6,173.4,0.717,0
1517,50.6172,57.7,2.0,356.7,166.9,0.8397,0
1518,50.6506,47.2,1.4,356.0,166.2,0.7292,0
1519,50.684,54.4,1.7,356.0,165.8,0.7628,0
1520,50.7173,43.2,1.9,360.9,165.8,0.8415,0
1521,50.7507,93.8,0.8,355.5,165.6,0.9178,0
1522,50.7841,36.3,1.5,357.4,167.1,0.7693,0
1523,50.8174,63.2,1.2,354.4,166.0,0.8991,0
1524,50.8508,103.1,1.9,355.3,166.2,0.9362,0
1525,50.8842,93.5,0.9,357.6,166.4,0.921,0
1526,50.9175,44.6,0.6,370.0,169.5,0.7781,0
1527,50.9509,50.4,0.7,370.4,169.6,0.7318,0
1528,50.9843,67.9,1.8,368.0,165.9,0.616,0
1529,51.0176,70.3,3.3,348.2,166.9,0.7864,0
1530,51.051,86.4,0.8,354.4,166.7,0.8866,0
1531,51.0844,107.9,1.5,356.1,167.0,0.9362,0
1532,51.1177,62.1,1.1,359.7,167.1,0.8627,0
1533,51.1511,60.7,0.6,351.9,167.0,0.7515,0
1534,51.1845,48.0,2.0,355.1,167.1,0.7841,0
1535,51.2178,26.2,0.7,353.5,167.2,0.6589,0
1535,51.2178,16.0,0.8,356.0,171.2,0.4316,0
1536,51.2512,15.5,0.9,355.9,171.0,0.8353,0
1537,51.2846,28.8,1.5,358.6,169.9,0.8212,0
1538,51.3179,34.5,3.8,357.1,169.9,0.8395,0
1539,51.3513,43.5,1.1,357.2,171.8,0.8156,0
1540,51.3847,98.0,0.8,351.8,165.9,0.9347,0
1541,51.418,92.3,1.1,356.8,165.7,0.9193,0
1542,51.4514,84.0,1.5,363.1,166.6,0.9162,0
1543,51.4848,54.1,2.9,376.0,167.8,0.9214,0
1544,51.5181,49.0,0.6,366.7,167.6,0.8809,0
1545,51.5515,58.6,1.1,356.1,166.3,0.8559,0
1546,51.5849,93.2,1.6,355.5,167.0,0.8828,0
1547,51.6182,42.1,1.7,354.9,168.3,0.5992,0
1548,51.6516,47.6,2.0,355.7,166.6,0.813,0
1549,51.685,32.3,1.7,354.5,168.3,0.6148,0
1550,51.7183,20.1,1.0,353.2,170.7,0.7078,0
1551,51.7517,48.9,1.8,352.3,168.9,0.8419,0
1552,51.7851,35.1,2.2,348.5,171.0,0.9093,0
1553,51.8184,35.0,1.7,348.0,174.4,0.8285,0
1554,51.8518,29.6,0.9,350.5,174.3,0.7944,0
1555,51.8852,51.2,0.8,355.1,171.5,0.9031,0
1556,51.9185,45.2,1.2,358.2,170.6,0.9188,0
1557,51.9519,46.5,2.6,352.8,168.5,0.7663,0
1558,51.9853,120.7,1.4,351.4,167.1,0.92,0
1559,52.0186,89.5,1.4,354.1,166.9,0.7511,0
1560,52.052,45.9,1.2,356.7,167.1,0.8297,0
1561,52.0854,45.5,0.7,354.8,168.0,0.8546,0
1562,52.1187,58.6,1.7,355.2,166.6,0.796,0
1563,52.1521,48.3,3.1,354.7,167.0,0.7216,0
1564,52.1855,69.7,0.2,359.0,167.0,0.8675,0
1565,52.2188,47.7,0.7,364.3,167.3,0.7338,0
1566,52.2522,96.7,1.7,367.6,164.9,0.8648,0
1567,52.2856,51.1,1.3,357.8,168.2,0.847,0
1568,52.3189,88.9,1.1,356.9,166.5,0.917,0
1569,52.3523,63.5,4.0,356.3,166.5,0.844,0
1570,52.3857,92.5,1.0,354.9,165.9,0.9249,0
1571,52.419,97.8,0.3,352.2,166.2,0.9377,0
1572,52.4524,50.3,0.6,348.5,166.9,0.891,0
1573,52.4858,97.5,1.4,354.9,167.4,0.9342,0
1574,52.5191,58.5,2.0,356.0,166.2,0.8854,0
1575,52.5525,95.4,0.6,356.3,166.1,0.9048,0
1576,52.5859,75.4,1.8,362.4,165.9,0.863,0
1577,52.6192,61.3,2.4,371.7,166.0,0.8548,0
1578,52.6526,53.3,1.6,361.8,167.1,0.7419,0
1579,52.686,93.4,1.3,361.7,167.0,0.9137,0
1580,52.7193,45.2,0.8,351.8,166.9,0.8541,0
1581,52.7527,44.0,0.7,355.9,167.4,0.7861,0
1582,52.7861,43.4,0.7,358.9,165.6,0.9026,0
1583,52.8194,43.5,0.0,352.8,165.9,0.9135,0
1584,52.8528,43.9,1.5,355.3,166.7,0.8567,0
1585,52.8862,95.5,0.1,353.5,167.3,0.9184,0
1586,52.9195,97.0,4.3,352.2,166.4,0.895,0
1587,52.9529,30.2,2.8,352.6,167.7,0.5452,0
1587,52.9529,40.3,3.2,350.3,165.7,0.2839,0
1588,52.9863,36.6,1.6,356.2,166.1,0.6237,0
1589,53.0196,38.3,2.1,355.7,164.8,0.7393,0
1590,53.053,38.1,1.4,359.7,166.3,0.7088,0
1591,53.0864,48.8,0.0,353.7,172.4,0.924,0
1592,53.1197,51.6,1.1,353.5,169.1,0.8607,0
1593,53.1531,53.9,1.7,357.1,167.4,0.9047,0
1594,53.1865,52.6,1.2,365.1,168.1,0.7653,0
1595,53.2198,49.7,1.5,367.4,168.9,0.5688,0
1595,53.2198,50.7,1.4,372.4,171.7,0.5188,0
1596,53.2532,49.9,0.0,365.5,172.4,0.8039,0
1597,53.2866,60.7,1.2,373.0,170.4,0.9008,0
1598,53.3199,101.1,4.3,357.5,166.8,0.9346,0
1599,53.3533,98.8,3.4,353.3,166.6,0.9267,0
1600,53.3867,100.8,4.0,362.1,166.5,0.9143,0
1601,53.42,39.8,0.9,368.5,169.1,0.7826,0
1602,53.4534,45.6,0.0,380.2,169.1,0.8515,0
1603,53.4868,50.9,6.9,383.3,168.3,0.8566,0
1604,53.5201,34.5,1.8,396.2,167.1,0.4889,0
1605,53.5535,56.4,1.5,367.0,167.7,0.437,0
1606,53.5869,77.4,4.3,361.7,166.4,0.7651,0
1607,53.6202,51.3,0.0,357.7,168.4,0.8707,0
1608,53.6536,57.3,0.3,364.2,168.9,0.8875,0
1609,53.687,68.8,2.0,360.1,168.5,0.8573,0
1610,53.7203,62.6,4.4,374.1,167.9,0.8784,0
1611,53.7537,60.4,3.2,382.3,169.0,0.7954,0
1612,53.7871,55.8,3.3,377.7,168.7,0.8764,0
1613,53.8204,62.9,0.3,371.9,168.7,0.8201,0
1614,53.8538,64.7,1.7,370.9,169.9,0.8849,0
1615,53.8872,63.0,2.3,355.7,166.8,0.8666,0
1616,53.9205,59.0,1.2,372.4,167.3,0.8235,0
1617,53.9539,48.8,0.5,374.6,168.9,0.8742,0
1618,53.9873,70.6,0.0,368.3,168.6,0.8844,0
1619,54.0206,61.1,0.1,359.1,170.4,0.8343,0
1620,54.054,54.6,0.2,360.2,167.4,0.799,0
1621,54.0874,56.2,3.5,357.9,168.0,0.898,0
1622,54.1207,57.8,0.5,357.3,167.5,0.8538,0
1623,54.1541,48.9,0.4,357.3,168.7,0.8591,0
1624,54.1875,47.4,0.0,356.9,169.1,0.8901,0
1625,54.2208,55.7,3.4,363.3,167.7,0.8947,0
1626,54.2542,54.6,4.8,362.9,168.8,0.844,0
1627,54.2876,57.6,1.8,378.7,167.9,0.8297,0
1628,54.3209,48.9,0.3,381.0,168.9,0.7911,0
1629,54.3543,44.2,1.0,366.7,169.4,0.8267,0
1630,54.3877,55.4,0.0,366.0,168.8,0.8017,0
1631,54.421,59.7,0.6,355.5,169.7,0.7469,0
1632,54.4544,56.1,1.2,356.1,169.9,0.6401,0
1633,54.4878,50.3,3.0,354.9,171.4,0.7864,0
1634,54.5211,50.4,1.0,364.5,170.0,0.8814,0
1635,54.5545,49.2,1.0,355.6,172.5,0.7434,0
1636,54.5879,42.2,0.3,355.6,169.4,0.8648,0
1637,54.6212,48.1,0.7,349.8,169.4,0.886,0
1638,54.6546,44.4,0.5,354.9,169.2,0.855,0
1639,54.688,44.9,0.6,366.3,167.3,0.6889,0
1640,54.7213,36.7,0.6,366.6,168.5,0.7136,0
1641,54.7547,76.0,2.0,364.5,166.2,0.8355,0
1642,54.7881,72.0,2.0,368.3,166.5,0.7786,0
1643,54.8214,90.8,2.4,382.1,166.6,0.9157,0
1644,54.8548,68.8,1.9,363.3,167.7,0.8089,0
1645,54.8882,58.4,1.8,361.6,168.1,0.855,0
1646,54.9215,47.8,0.6,360.8,166.8,0.9058,0
1647,54.9549,43.2,2.9,354.2,167.0,0.8293,0
1648,54.9883,54.7,0.6,361.8,167.3,0.9061,0
1649,55.0216,60.5,1.9,370.6,168.2,0.8704,0
1650,55.055,45.3,2.9,367.3,167.7,0.8139,0
1651,55.0884,43.2,2.7,365.8,169.4,0.7186,0
1652,55.1217,49.2,1.1,371.7,168.3,0.7516,0
1653,55.1551,60.5,2.8,356.2,165.9,0.8342,0
1654,55.1885,47.2,1.6,365.0,167.0,0.8022,0
1655,55.2218,86.6,1.6,351.6,166.6,0.9115,0
1656,55.2552,45.7,3.1,354.6,165.4,0.8736,0
1657,55.2886,88.9,2.8,355.4,167.4,0.9293,0
1658,55.3219,88.7,0.7,357.5,167.1,0.9324,0
1659,55.3553,48.2,3.6,354.8,166.8,0.7645,0
1660,55.3887,96.3,1.1,351.8,166.3,0.8851,0
1661,55.422,53.6,0.8,356.9,166.3,0.8025,0
1662,55.4554,56.0,2.0,355.3,166.0,0.674,0
1663,55.4888,54.1,0.4,354.8,167.5,0.8733,0
1664,55.5221,45.1,1.1,357.6,176.1,0.7532,0
1665,55.5555,52.3,1.1,358.4,166.9,0.8564,0
1666,55.5889,65.9,3.1,351.5,168.1,0.8248,0
1667,55.6222,56.4,1.5,355.4,169.3,0.8883,0
1668,55.6556,35.9,1.8,354.0,171.8,0.4144,0
1668,55.6556,42.9,1.9,353.2,168.4,0.4041,0
1669,55.689,21.7,3.8,356.8,170.2,0.7553,0
1670,55.7223,34.5,0.9,365.5,167.7,0.749,0
1671,55.7557,44.2,1.5,375.2,166.5,0.6093,0
1672,55.7891,63.4,1.3,382.8,166.3,0.3999,0
1673,55.8224,51.2,0.3,374.5,167.7,0.8194,0
1674,55.8558,47.3,0.9,353.5,170.2,0.6476,0
1675,55.8892,48.2,0.8,354.3,169.2,0.7965,0
1676,55.9225,39.8,1.6,369.7,170.0,0.697,0
1677,55.9559,41.7,2.5,370.8,168.4,0.7557,0
1678,55.9893,47.1,1.0,363.1,171.9,0.8308,0
1679,56.0226,48.1,1.8,362.6,167.5,0.8302,0
1680,56.056,89.2,0.9,353.3,166.6,0.8859,0
1681,56.0894,37.6,2.8,357.7,166.6,0.649,0
1682,56.1227,42.6,1.3,360.9,167.9,0.8382,0
1683,56.1561,38.6,0.9,365.5,166.3,0.788,0
1684,56.1895,67.5,1.5,373.3,166.2,0.8223,0
1684,56.1895,0.0,84.2,61.2,266.4,0.1524,1
1685,56.2228,59.8,1.3,370.8,164.8,0.6843,0
1686,56.2562,106.3,0.7,372.3,165.1,0.8048,0
1687,56.2896,49.9,2.3,369.7,167.6,0.6987,0
1688,56.3229,52.2,2.2,380.1,166.9,0.3993,0
1689,56.3563,95.8,1.9,365.2,165.3,0.8404,0
1690,56.3897,63.8,1.7,359.9,166.4,0.8191,0
1691,56.423,55.1,1.6,370.1,167.3,0.6246,0
1692,56.4564,57.6,2.5,360.9,167.5,0.1054,0
1693,56.4898,,,,,,
1694,56.5231,43.7,1.4,349.9,170.8,0.4707,0
1695,56.5565,49.1,0.9,350.7,172.5,0.7561,0
1696,56.5899,48.5,1.7,351.2,172.5,0.4734,0
1697,56.6232,50.9,2.6,352.8,166.3,0.3731,0
1698,56.6566,44.0,2.4,363.8,167.0,0.4716,0
1699,56.69,93.9,0.8,370.5,166.4,0.4461,0
1700,56.7233,67.0,3.4,362.5,165.6,0.7224,0
1701,56.7567,42.2,0.9,364.1,166.3,0.42,0
1702,56.7901,98.0,0.9,381.8,164.1,0.6977,0
1703,56.8234,42.7,1.3,362.9,170.2,0.5153,0
1704,56.8568,33.5,1.4,368.8,170.9,0.372,0
1705,56.8902,35.3,2.0,362.8,166.8,0.4961,0
1706,56.9235,42.0,1.0,371.9,168.6,0.2572,0
1707,56.9569,53.3,1.2,406.2,171.1,0.2368,0
1708,56.9903,55.1,0.6,389.2,168.6,0.7774,0
1709,57.0236,46.3,1.3,381.4,170.4,0.3994,0
1710,57.057,41.1,2.4,391.1,173.3,0.3726,0
1710,57.057,43.4,1.1,385.0,165.1,0.2664,0
1711,57.0904,48.4,2.0,357.1,166.5,0.6739,0
1712,57.1237,47.3,1.8,365.0,168.2,0.8251,0
1713,57.1571,53.9,2.5,356.2,168.8,0.8339,0
1714,57.1905,87.4,1.8,355.7,166.4,0.7867,0
1715,57.2238,64.1,2.0,358.3,166.9,0.7729,0
1716,57.2572,47.8,1.1,360.9,167.5,0.3591,0
1717,57.2906,48.9,1.8,355.4,166.5,0.3058,0
1718,57.3239,54.0,1.3,356.8,173.2,0.358,0
1719,57.3573,47.1,2.1,369.7,167.1,0.4892,0
1720,57.3907,61.4,2.4,377.6,168.6,0.6791,0
1721,57.424,55.0,1.4,359.5,170.9,0.565,0
1721,57.424,55.0,1.7,356.3,167.8,0.1606,0
1722,57.4574,49.2,1.4,359.4,167.8,0.4291,0
1723,57.4908,49.3,1.1,362.4,171.7,0.5144,0
1724,57.5241,44.7,1.4,360.8,172.1,0.4904,0
1725,57.5575,54.5,1.4,358.6,172.2,0.3323,0
1725,57.5575,52.3,1.4,354.7,168.8,0.1603,0
1726,57.5909,61.8,0.7,355.7,171.0,0.8383,0
1727,57.6242,61.7,0.6,357.1,170.3,0.7935,0
1728,57.6576,54.2,0.4,359.4,173.6,0.6321,0
1728,57.6576,52.2,0.6,357.0,170.5,0.5231,0
1729,57.691,59.3,0.9,358.3,171.7,0.7071,0
1729,57.691,58.6,0.9,355.7,168.5,0.1022,0
1730,57.7243,58.1,1.9,356.6,166.4,0.7299,0
1731,57.7577,56.8,0.2,357.7,167.4,0.8721,0
1732,57.7911,56.0,1.4,354.2,167.5,0.804,0
1733,57.8244,55.1,2.0,357.2,167.9,0.8443,0
1734,57.8578,54.5,1.7,359.3,170.8,0.7453,0
1735,57.8912,45.0,0.2,353.9,168.1,0.6472,0
1736,57.9245,65.6,0.1,364.8,167.4,0.9007,0
1737,57.9579,89.9,1.3,363.7,166.7,0.7773,0
1738,57.9913,78.0,0.0,352.0,166.8,0.9222,0
1739,58.0246,90.3,0.2,351.2,169.4,0.9134,0
1740,58.058,76.3,0.6,353.3,168.4,0.9114,0
1741,58.0914,76.8,1.2,358.9,167.7,0.8796,0
1742,58.1247,54.5,1.1,357.9,168.2,0.2684,0
1743,58.1581,71.1,0.7,349.9,168.0,0.7912,0
1744,58.1915,71.6,0.5,355.6,167.7,0.829,0
1745,58.2248,41.8,2.4,369.1,168.7,0.7421,0
1746,58.2582,48.4,4.4,372.4,170.1,0.7753,0
1747,58.2916,46.6,1.2,360.2,173.0,0.805,0
1748,58.3249,51.4,1.1,356.1,169.3,0.8327,0
1749,58.3583,47.5,1.5,364.8,168.6,0.7991,0
1750,58.3917,45.4,3.1,364.0,167.6,0.9119,0
1751,58.425,44.1,3.4,355.0,166.1,0.879,0
1752,58.4584,34.6,3.0,355.6,166.5,0.8444,0
1753,58.4918,39.6,0.8,349.3,166.6,0.8537,0
1754,58.5251,89.0,0.7,348.1,166.1,0.8879,0
1755,58.5585,54.7,1.1,353.5,166.9,0.9031,0
1756,58.5919,71.9,1.4,355.1,167.5,0.9139,0
1757,58.6252,44.4,2.5,355.6,168.0,0.8863,0
1758,58.6586,49.7,1.5,358.8,171.4,0.9021,0
1759,58.692,56.6,1.0,351.2,167.9,0.8631,0
1760,58.7253,47.8,1.6,356.2,172.0,0.8608,0
1761,58.7587,87.4,3.8,348.6,167.3,0.8631,0
1762,58.7921,55.1,1.0,349.1,167.3,0.6051,0
1763,58.8254,54.3,0.0,345.3,168.3,0.8483,0
1764,58.8588,53.9,1.7,350.8,170.1,0.8835,0
1765,58.8922,48.7,2.0,352.1,166.8,0.5701,0
1766,58.9255,49.8,1.9,349.3,170.9,0.411,0
1767,58.9589,50.4,6.0,355.3,167.0,0.8135,0
1768,58.9923,86.7,4.5,358.9,166.7,0.8995,0
1769,59.0256,75.4,1.2,349.6,167.8,0.9037,0
1770,59.059,105.3,3.5,350.3,167.8,0.9358,0
1771,59.0924,106.0,0.3,349.3,167.5,0.9311,0
1772,59.1257,65.3,0.8,344.3,169.3,0.9034,0
1773,59.1591,108.7,1.4,344.9,167.4,0.922,0
1774,59.1925,58.4,0.3,348.9,171.2,0.8292,0
1774,59.1925,57.9,0.0,347.3,169.2,0.199,0
1775,59.2258,59.5,0.8,353.0,170.6,0.8687,0
1776,59.2592,59.0,0.4,353.7,168.4,0.9011,0
1777,59.2926,61.5,0.9,349.2,168.9,0.8849,0
1778,59.3259,57.7,0.6,353.2,170.7,0.8497,0
1779,59.3593,66.4,0.8,352.1,168.8,0.8917,0
1780,59.3927,63.2,0.3,350.5,170.8,0.8906,0
1781,59.426,59.3,1.8,351.6,170.0,0.8881,0
1782,59.4594,59.5,0.6,354.2,171.3,0.8611,0
1783,59.4928,54.4,1.3,359.9,171.3,0.8281,0
1784,59.5261,54.1,0.6,352.1,171.7,0.9173,0
1785,59.5595,55.9,1.3,349.6,166.9,0.8289,0
1786,59.5929,73.6,1.1,350.2,165.4,0.7815,0
1787,59.6262,50.0,4.5,353.2,167.1,0.5649,0
1788,59.6596,52.9,1.9,352.5,170.7,0.4174,0
1789,59.693,49.2,1.7,348.7,171.0,0.9083,0
1790,59.7263,61.2,0.4,349.2,172.1,0.9098,0
1791,59.7597,58.2,1.1,351.5,171.0,0.881,0
1792,59.7931,54.9,1.1,353.1,171.6,0.8502,0
1793,59.8264,54.4,0.8,353.4,169.7,0.8773,0
1794,59.8598,103.5,0.8,352.1,166.8,0.9385,0
1795,59.8932,87.3,1.4,347.1,166.3,0.9149,0
1796,59.9265,89.0,0.9,355.8,165.8,0.925,0
1797,59.9599,73.0,0.5,343.6,166.1,0.8441,0
1798,59.9933,91.6,0.7,343.4,166.0,0.7801,0
1799,60.0266,46.9,0.9,351.9,168.0,0.834,0
1800,60.06,69.7,2.8,352.6,168.2,0.9214,0
1801,60.0934,44.0,0.8,349.7,169.5,0.8399,0
1802,60.1267,49.1,0.6,354.3,168.6,0.8906,0
1803,60.1601,57.6,0.0,355.3,167.6,0.912,0
1804,60.1935,60.0,0.0,351.4,167.6,0.9,0
1805,60.2268,96.3,1.0,348.0,167.8,0.8197,0
1806,60.2602,56.1,2.3,352.5,166.7,0.7845,0
1807,60.2936,44.1,2.0,357.5,169.0,0.438,0
1808,60.3269,101.9,0.0,355.0,165.0,0.284,0
1808,60.3269,82.3,0.8,355.8,166.1,0.1758,0
1809,60.3603,90.2,0.3,354.8,165.8,0.8305,0
1810,60.3937,44.9,0.7,350.4,167.3,0.8616,0
1811,60.427,81.3,0.0,355.8,166.8,0.9347,0
1812,60.4604,45.2,1.6,363.0,167.6,0.7926,0
1813,60.4938,58.1,1.0,361.6,166.8,0.6901,0
1814,60.5271,107.2,1.2,372.2,165.3,0.9278,0
1815,60.5605,38.3,0.9,382.9,168.1,0.6886,0
1816,60.5939,41.0,1.1,377.9,167.2,0.7458,0
1817,60.6272,88.8,1.6,367.6,165.8,0.8014,0
1818,60.6606,103.9,1.6,364.4,166.4,0.9127,0
1819,60.694,77.8,0.4,377.7,166.0,0.7243,0
1820,60.7273,74.5,0.0,381.8,165.9,0.8215,0
1821,60.7607,63.3,6.6,357.1,165.8,0.7773,0
1822,60.7941,72.7,1.8,359.4,168.3,0.8881,0
1823,60.8274,52.9,2.2,362.4,168.0,0.8502,0
1824,60.8608,106.0,2.6,369.8,165.4,0.4887,0
1824,60.8608,105.7,1.7,369.1,167.2,0.4579,0
1825,60.8942,44.8,2.1,368.7,166.3,0.8748,0
1826,60.9275,58.9,1.3,373.2,167.4,0.75,0
1827,60.9609,47.2,1.4,384.6,169.2,0.7139,0
1828,60.9943,101.6,0.7,365.0,165.4,0.8212,0
1829,61.0276,48.9,1.1,364.2,166.6,0.7488,0
1830,61.061,55.4,1.5,369.8,167.4,0.7384,0
1831,61.0944,98.7,0.7,378.1,167.0,0.8715,0
1832,61.1277,80.5,0.9,365.4,166.8,0.8479,0
1833,61.1611,83.3,2.6,363.8,166.4,0.8651,0
1834,61.1945,67.8,1.9,366.7,166.4,0.8006,0
1835,61.2278,85.9,1.7,359.2,166.4,0.8248,0
1836,61.2612,103.0,2.3,367.5,164.4,0.8295,0
1837,61.2946,75.7,1.4,371.2,164.4,0.7407,0
1838,61.3279,42.1,1.5,369.6,169.0,0.6493,0
1839,61.3613,66.6,0.7,381.5,165.7,0.7682,0
1839,61.3613,44.4,1.1,384.4,168.3,0.1384,0
1840,61.3947,55.1,4.2,358.1,167.0,0.8698,0
1841,61.428,63.6,1.3,358.7,168.8,0.8964,0
1842,61.4614,55.3,1.3,380.1,169.1,0.7946,0
1843,61.4948,59.6,1.1,378.6,167.8,0.7752,0
1844,61.5281,50.5,0.7,351.1,168.1,0.8419,0
1845,61.5615,62.4,1.2,354.8,166.9,0.7986,0
1846,61.5949,71.5,0.7,362.3,167.3,0.8805,0
1847,61.6282,61.0,0.3,363.1,166.4,0.8554,0
1848,61.6616,103.6,0.3,352.6,168.1,0.9319,0
1848,61.6616,0.0,4.5,151.3,258.6,0.1132,1
1849,61.695,103.9,1.7,352.7,166.6,0.9329,0
1850,61.7283,37.1,2.3,355.9,166.2,0.6554,0
1851,61.7617,45.7,1.5,362.4,169.1,0.8392,0
1852,61.7951,36.0,1.0,357.6,166.3,0.7907,0
1853,61.8284,47.5,2.2,355.9,167.2,0.7557,0
1854,61.8618,40.4,1.3,363.8,167.3,0.7586,0
1855,61.8952,42.9,1.4,370.3,168.4,0.7761,0
1856,61.9285,38.0,1.4,356.2,166.6,0.7642,0
1857,61.9619,42.8,0.8,354.3,165.3,0.617,0
1858,61.9953,41.9,1.7,367.6,167.2,0.3026,0
1859,62.0286,44.0,2.1,356.1,164.9,0.6286,0
1860,62.062,45.5,2.3,359.0,165.3,0.6385,0
1861,62.0954,42.0,1.4,358.0,169.2,0.8364,0
1862,62.1287,45.9,1.3,365.5,165.6,0.8778,0
1863,62.1621,105.4,1.1,368.1,164.3,0.8888,0
1864,62.1955,90.8,1.3,357.0,166.0,0.9144,0
1865,62.2288,45.7,1.1,355.0,168.1,0.8828,0
1866,62.2622,106.7,1.3,350.6,166.3,0.895,0
1867,62.2956,103.3,1.6,362.3,166.1,0.8844,0
1868,62.3289,86.0,2.6,369.1,166.1,0.7238,0
1869,62.3623,79.4,1.5,375.0,166.1,0.782,0
1870,62.3957,78.8,2.3,363.2,165.5,0.8597,0
1871,62.429,73.8,4.5,358.7,166.5,0.918,0
1872,62.4624,62.1,1.5,356.7,166.2,0.8411,0
1873,62.4958,64.1,1.7,355.3,164.5,0.7355,0
1874,62.5291,63.9,1.8,359.0,164.9,0.8987,0
1875,62.5625,68.8,1.4,357.6,166.1,0.9048,0
1876,62.5959,63.8,0.6,363.1,171.3,0.8793,0
1877,62.6292,64.5,0.7,362.3,167.3,0.8472,0
1878,62.6626,64.3,0.6,381.8,164.8,0.8179,0
1879,62.696,38.5,1.3,386.8,166.9,0.734,0
1880,62.7293,56.8,0.8,352.7,166.0,0.8514,0
1881,62.7627,50.0,1.3,358.7,166.5,0.6194,0
1882,62.7961,37.1,1.0,363.4,168.4,0.6769,0
1883,62.8294,44.5,0.5,355.0,168.5,0.7848,0
1884,62.8628,47.6,1.5,359.3,167.3,0.7596,0
1885,62.8962,45.0,1.8,356.3,167.2,0.6764,0
1886,62.9295,44.8,1.2,359.8,167.1,0.7713,0
1887,62.9629,42.0,2.9,364.3,166.7,0.7103,0
1888,62.9963,94.0,1.6,351.1,165.9,0.8481,0
1889,63.0296,47.2,1.7,354.4,166.2,0.767,0
1890,63.063,40.8,1.8,355.8,168.0,0.8296,0
1891,63.0964,42.9,1.6,362.2,168.0,0.8767,0
1892,63.1297,48.9,2.1,362.7,167.9,0.8621,0
1893,63.1631,34.1,1.9,373.5,167.1,0.6073,0
1894,63.1965,26.0,4.4,379.7,167.4,0.6299,0
1895,63.2298,45.4,0.5,377.9,167.5,0.8419,0
1896,63.2632,41.5,1.8,359.2,168.4,0.8321,0
1897,63.2966,46.8,1.2,363.1,168.1,0.8822,0
1898,63.3299,49.8,0.5,365.4,168.3,0.8564,0
1899,63.3633,42.0,1.5,361.3,168.2,0.7439,0
1900,63.3967,60.6,1.5,362.0,168.5,0.8633,0
1901,63.43,23.9,1.2,361.6,172.1,0.7222,0
1902,63.4634,58.4,6.3,367.3,168.8,0.7939,0
1903,63.4968,61.6,1.0,359.4,169.0,0.8538,0
1904,63.5301,83.0,1.6,358.7,167.5,0.9037,0
1905,63.5635,99.0,1.0,361.0,167.5,0.9341,0
1906,63.5969,50.8,1.1,364.0,168.8,0.8977,0
1907,63.6302,76.7,1.3,357.4,167.8,0.8705,0
1908,63.6636,77.2,1.3,358.4,167.3,0.9139,0
1909,63.697,55.2,2.3,360.2,166.8,0.8359,0
1910,63.7303,34.6,2.0,361.4,167.9,0.715,0
1910,63.7303,22.3,2.4,363.2,171.8,0.1427,0
1911,63.7637,31.7,1.8,361.7,168.2,0.6116,0
1911,63.7637,31.4,1.7,362.2,174.5,0.2174,0
1912,63.7971,71.5,3.5,362.2,167.3,0.8836,0
1913,63.8304,30.4,0.8,364.2,168.3,0.7532,0
1914,63.8638,44.5,1.0,352.3,168.2,0.8372,0
1915,63.8972,74.2,1.6,355.9,167.4,0.918,0
1916,63.9305,51.9,1.5,357.0,167.7,0.8879,0
1917,63.9639,34.0,1.7,356.5,168.5,0.6389,0
1918,63.9973,36.8,1.6,353.6,170.7,0.6149,0
1919,64.0306,62.5,2.2,355.1,167.4,0.8129,0
1920,64.064,39.1,1.4,354.8,172.0,0.7342,0
1921,64.0974,44.6,3.0,355.1,167.5,0.5715,0
1922,64.1307,39.3,0.6,356.4,167.9,0.8164,0
1923,64.1641,57.2,4.9,355.5,167.8,0.8925,0
1924,64.1975,48.8,1.0,362.9,167.7,0.8897,0
1925,64.2308,99.0,0.5,364.5,167.7,0.9071,0
1926,64.2642,81.5,0.9,359.8,166.1,0.8494,0
1927,64.2976,92.8,1.5,355.0,167.0,0.9069,0
1928,64.3309,35.5,2.0,360.4,166.9,0.8246,0
1929,64.3643,78.9,2.1,359.4,166.0,0.8979,0
1930,64.3977,86.1,1.5,361.5,166.5,0.9328,0
1931,64.431,81.5,1.3,364.0,167.2,0.9322,0
1932,64.4644,95.1,0.4,355.5,167.6,0.9397,0
1933,64.4978,92.8,0.3,358.9,168.7,0.9411,0
1934,64.5311,79.5,0.9,356.9,168.5,0.8878,0
1935,64.5645,75.0,0.6,356.5,166.2,0.9097,0
1936,64.5979,44.4,0.0,354.4,168.0,0.8874,0
1937,64.6312,72.7,1.2,358.1,167.4,0.9222,0
1938,64.6646,58.3,2.2,361.1,167.4,0.8418,0
1939,64.698,43.6,0.7,355.4,175.0,0.9099,0
1940,64.7313,38.4,0.9,356.1,172.6,0.8376,0
1941,64.7647,45.0,0.5,362.6,169.4,0.8624,0
1942,64.7981,61.0,1.8,358.9,167.8,0.8543,0
1943,64.8314,44.9,1.4,361.1,167.5,0.8512,0
1944,64.8648,87.2,2.2,365.3,167.3,0.9038,0
1945,64.8982,38.2,2.1,358.3,168.1,0.6406,0
1946,64.9315,77.6,2.4,355.6,166.9,0.8633,0
1947,64.9649,35.7,2.9,359.1,169.6,0.7494,0
1948,64.9983,48.2,1.4,358.1,169.8,0.8464,0
1949,65.0316,47.8,0.7,357.0,173.1,0.7059,0
1950,65.065,53.3,2.0,354.2,166.9,0.8637,0
1951,65.0984,51.7,2.0,355.3,166.8,0.831,0
1952,65.1317,44.2,1.6,356.0,166.6,0.7876,0
1953,65.1651,46.5,1.5,357.0,166.6,0.6603,0
1954,65.1985,27.4,1.2,350.2,164.9,0.3647,0
1955,65.2318,28.9,0.5,354.5,166.0,0.7154,0
1956,65.2652,47.1,0.4,355.4,168.5,0.8172,0
1957,65.2986,44.6,1.2,356.6,167.2,0.8027,0
1958,65.3319,52.5,2.0,359.0,167.8,0.7225,0
1959,65.3653,43.4,0.5,381.0,167.1,0.5925,0
1960,65.3987,94.7,0.6,370.6,164.0,0.6451,0
1960,65.3987,73.6,1.5,371.7,166.1,0.1875,0
1961,65.432,79.2,1.7,357.4,165.8,0.8989,0
1962,65.4654,84.1,1.2,356.0,164.7,0.8913,0
1963,65.4988,78.1,2.4,360.7,165.0,0.8561,0
1964,65.5321,82.5,1.3,362.8,164.8,0.8722,0
1965,65.5655,64.8,0.0,366.6,168.3,0.889,0
1966,65.5989,60.8,0.7,361.7,168.2,0.8691,0
1967,65.6322,87.6,0.9,359.3,167.5,0.8887,0
1968,65.6656,49.9,1.8,371.7,168.5,0.8003,0
1969,65.699,60.2,2.1,358.8,166.2,0.8051,0
1970,65.7323,65.9,7.6,356.4,166.1,0.7009,0
1971,65.7657,79.3,1.1,368.6,165.0,0.457,0
1971,65.7657,60.2,1.5,367.6,167.2,0.1406,0
1972,65.7991,41.0,1.2,357.2,171.4,0.8749,0
1973,65.8324,56.9,2.2,358.4,167.8,0.859,0
1974,65.8658,49.7,1.3,364.7,168.1,0.7607,0
1975,65.8992,67.4,0.8,360.0,167.0,0.8222,0
1976,65.9325,93.1,1.2,353.6,167.2,0.8689,0
1977,65.9659,92.2,2.2,355.0,166.1,0.8467,0
1978,65.9993,48.7,1.3,357.0,165.8,0.6577,0
1979,66.0326,50.9,0.9,360.4,174.8,0.4893,0
1980,66.066,48.2,0.4,353.7,172.6,0.8048,0
1981,66.0994,48.3,0.5,356.2,173.7,0.7331,0
1982,66.1327,48.6,1.1,359.3,173.3,0.7066,0
1983,66.1661,49.3,0.0,358.9,168.9,0.8224,0
1984,66.1995,37.5,4.4,360.9,172.4,0.6412,0
1985,66.2328,47.2,0.6,355.5,169.1,0.7028,0
1986,66.2662,59.0,2.8,355.9,167.4,0.7507,0
1987,66.2996,49.5,2.2,363.5,172.1,0.6158,0
1988,66.3329,55.5,2.4,368.6,168.8,0.7731,0
1988,66.3329,74.4,1.8,366.8,165.9,0.1561,0
1989,66.3663,82.0,4.0,373.8,164.8,0.7713,0
1990,66.3997,104.2,1.4,385.4,165.1,0.7783,0
1991,66.433,60.0,2.2,382.0,164.6,0.4283,0
1992,66.4664,47.9,1.1,362.0,167.0,0.7396,0
1993,66.4998,49.4,3.4,353.7,167.1,0.4712,0
1994,66.5331,31.6,1.2,360.1,171.8,0.2365,0
1995,66.5665,69.6,1.6,370.5,164.6,0.654,0
1996,66.5999,92.1,0.2,372.4,164.7,0.7424,0
1997,66.6332,99.1,0.6,354.5,167.1,0.9065,0
1998,66.6666,109.0,2.1,350.1,167.2,0.9178,0
1999,66.7,102.7,0.4,355.7,167.0,0.9108,0
2000,66.7333,37.9,0.7,355.2,172.8,0.8839,0
2000,66.7333,369.4,225.2,438.9,272.0,0.2232,0
2001,66.7667,65.8,1.2,360.7,165.7,0.8488,0
2002,66.8001,44.0,0.7,370.3,166.9,0.8641,0
2003,66.8334,48.6,1.6,378.2,167.0,0.735,0
2004,66.8668,58.3,0.9,380.7,162.6,0.8457,0
2005,66.9002,72.2,1.2,382.2,164.1,0.8148,0
2006,66.9335,106.6,1.2,357.9,166.3,0.9067,0
2007,66.9669,106.2,1.3,358.9,167.1,0.9143,0
2008,67.0003,103.7,0.2,363.7,164.6,0.8906,0
2009,67.0336,71.6,0.8,361.7,166.0,0.8839,0
2010,67.067,78.1,1.3,354.7,164.6,0.8836,0
2011,67.1004,89.4,1.4,360.3,165.5,0.8928,0
2012,67.1337,41.5,0.5,359.1,167.5,0.842,0
2013,67.1671,48.1,0.0,359.9,168.8,0.8919,0
2014,67.2005,56.9,0.1,358.5,168.6,0.8943,0
2015,67.2338,77.4,0.2,364.0,166.4,0.9112,0
2016,67.2672,112.8,0.0,356.9,166.0,0.8903,0
2017,67.3006,112.0,1.5,352.2,165.9,0.9088,0
2018,67.3339,52.8,3.2,356.0,165.8,0.7781,0
2019,67.3673,96.5,1.6,352.9,166.5,0.8394,0
2020,67.4007,49.3,1.1,350.0,168.5,0.7977,0
2021,67.434,66.1,0.8,355.2,169.1,0.8559,0
2022,67.4674,36.0,0.1,371.4,168.5,0.8337,0
2023,67.5008,105.9,1.4,357.5,165.5,0.9027,0
2024,67.5341,103.5,2.3,363.3,166.9,0.9064,0
2025,67.5675,99.3,1.9,352.2,165.9,0.9312,0
2026,67.6009,49.8,2.2,353.8,167.4,0.8376,0
2027,67.6342,107.0,0.9,352.7,166.0,0.8771,0
2028,67.6676,77.5,2.8,353.8,166.3,0.7641,0
2029,67.701,90.7,0.3,355.8,165.8,0.8589,0
2030,67.7343,90.3,0.5,364.7,166.1,0.7718,0
2031,67.7677,86.5,0.0,365.2,166.3,0.8086,0
2032,67.8011,45.3,0.7,363.4,167.8,0.8314,0
2033,67.8344,108.9,0.7,362.2,167.2,0.8796,0
2034,67.8678,52.2,0.9,360.7,168.2,0.8393,0
2035,67.9012,43.8,1.3,366.5,170.3,0.7106,0
2036,67.9345,57.6,1.0,358.9,168.3,0.7915,0
2037,67.9679,107.0,1.6,361.6,164.9,0.8192,0
2038,68.0013,54.3,0.6,376.0,164.9,0.8421,0
2039,68.0346,82.7,2.7,378.0,164.6,0.8958,0
2040,68.068,43.9,1.6,355.1,166.8,0.8001,0
2041,68.1014,63.2,3.3,355.5,166.3,0.8842,0
2042,68.1347,106.0,1.5,363.2,166.5,0.8721,0
2043,68.1681,90.4,0.9,348.6,166.3,0.7967,0
2044,68.2015,69.6,1.2,352.9,164.8,0.4354,0
2045,68.2348,85.3,0.8,349.5,166.2,0.8433,0
2046,68.2682,50.2,0.7,357.2,167.2,0.729,0
2047,68.3016,45.4,0.8,357.0,168.3,0.4437,0
2048,68.3349,39.7,1.2,357.4,169.1,0.4753,0
2049,68.3683,53.7,1.4,354.7,168.9,0.7163,0
2050,68.4017,101.3,2.6,360.4,166.3,0.5165,0
2051,68.435,88.2,1.8,355.9,166.2,0.821,0
2052,68.4684,41.9,1.1,355.5,168.5,0.4453,0
2053,68.5018,55.7,1.2,356.3,168.7,0.6134,0
2054,68.5351,80.4,1.6,357.5,166.4,0.4016,0
2055,68.5685,43.1,1.3,364.5,166.0,0.4952,0
2056,68.6019,39.6,1.8,375.4,166.7,0.4097,0
2057,68.6352,91.6,1.8,360.5,164.8,0.2358,0
2058,68.6686,49.2,1.3,357.9,167.8,0.7545,0
2059,68.702,58.5,1.0,358.5,168.2,0.846,0
2060,68.7353,53.5,0.6,373.5,168.0,0.6093,0
2061,68.7687,45.6,1.2,359.5,167.1,0.5146,0
2062,68.8021,68.3,2.8,365.8,167.4,0.6887,0
2063,68.8354,44.9,1.5,360.1,167.4,0.6931,0
2064,68.8688,54.8,1.3,366.2,166.2,0.8247,0
2065,68.9022,34.2,0.7,381.5,167.5,0.6471,0
2066,68.9355,52.9,1.0,355.7,166.0,0.8168,0
2067,68.9689,101.6,1.3,356.1,166.5,0.9044,0
2068,69.0023,97.9,1.7,360.2,166.8,0.8541,0
2069,69.0356,47.1,1.9,362.7,166.6,0.7467,0
2070,69.069,46.2,1.3,355.6,166.8,0.8946,0
2071,69.1024,41.1,1.3,361.4,166.7,0.7786,0
2072,69.1357,37.7,1.8,364.7,167.6,0.7045,0
2073,69.1691,44.0,1.1,359.7,168.2,0.7348,0
2074,69.2025,66.0,2.2,378.4,166.3,0.7141,0
2075,69.2358,62.1,1.2,383.3,165.4,0.58,0
2076,69.2692,54.2,1.9,356.9,166.7,0.6464,0
2077,69.3026,37.6,1.5,356.7,169.1,0.6022,0
2078,69.3359,42.1,0.9,356.0,170.1,0.6689,0
2079,69.3693,57.2,1.1,362.4,168.3,0.8621,0
2080,69.4027,65.0,3.0,377.8,166.0,0.6774,0
2081,69.436,38.8,0.5,382.2,167.5,0.7142,0
2082,69.4694,51.8,1.1,355.5,167.1,0.6963,0
2083,69.5028,112.9,0.7,359.3,165.4,0.8421,0
2084,69.5361,42.4,1.0,354.4,166.9,0.5599,0
2085,69.5695,62.1,1.5,354.8,168.3,0.6689,0
2086,69.6029,53.3,0.4,356.1,169.1,0.7445,0
2087,69.6362,44.2,0.8,355.2,167.4,0.4416,0
2088,69.6696,48.5,1.0,355.3,168.0,0.6132,0
2089,69.703,39.7,1.0,357.8,168.9,0.7042,0
2090,69.7363,47.9,0.8,357.7,169.3,0.8129,0
2091,69.7697,76.5,1.8,354.3,167.1,0.8564,0
2092,69.8031,97.2,1.4,355.1,167.4,0.9161,0
2093,69.8364,61.5,1.7,357.7,166.6,0.6817,0
2094,69.8698,83.7,1.1,356.7,167.3,0.6367,0
2095,69.9032,49.6,3.1,349.7,166.4,0.3083,0
2096,69.9365,58.1,1.1,350.7,165.7,0.5829,0
2097,69.9699,44.8,1.1,351.4,167.2,0.5739,0
2098,70.0033,46.5,1.1,359.6,168.0,0.861,0
2099,70.0366,75.8,0.4,358.9,164.7,0.471,0
2099,70.0366,53.5,1.0,360.4,167.1,0.1713,0
2100,70.07,55.9,0.3,353.7,167.7,0.8845,0
2101,70.1034,42.0,1.0,377.7,166.5,0.7144,0
2102,70.1367,78.7,1.2,355.5,166.5,0.8449,0
2103,70.1701,81.9,0.5,348.1,165.9,0.8858,0
2103,70.1701,38.0,154.1,54.3,185.2,0.2275,0
2104,70.2035,38.9,2.1,349.0,172.2,0.5933,0
2105,70.2368,56.3,2.0,351.1,166.9,0.8233,0
2106,70.2702,45.1,1.4,351.9,174.7,0.8808,0
2107,70.3036,50.0,3.5,351.8,166.4,0.6437,0
2108,70.3369,42.7,1.8,358.0,167.2,0.7194,0
2109,70.3703,35.2,1.0,357.4,168.1,0.6563,0
2110,70.4037,37.8,0.0,357.5,168.3,0.8161,0
2111,70.437,34.9,1.6,361.4,166.9,0.623,0
2112,70.4704,23.4,0.9,354.6,174.4,0.5251,0
2113,70.5038,45.6,1.0,351.5,168.2,0.8757,0
2114,70.5371,39.6,0.4,351.6,168.4,0.8457,0
2115,70.5705,35.8,1.0,356.7,168.9,0.8845,0
2116,70.6039,47.7,0.6,353.9,169.6,0.8667,0
2117,70.6372,51.4,0.5,355.0,169.3,0.9041,0
2118,70.6706,41.2,1.9,353.0,170.8,0.8715,0
2119,70.704,38.6,1.1,355.1,171.1,0.8674,0
2120,70.7373,109.8,1.4,357.9,166.5,0.8144,0
2121,70.7707,108.3,2.3,359.4,166.8,0.7986,0
2122,70.8041,41.5,0.7,355.9,169.6,0.8391,0
2123,70.8374,45.3,0.7,351.4,166.7,0.845,0
2124,70.8708,89.0,0.3,348.2,167.3,0.9201,0
2125,70.9042,54.0,5.8,353.4,167.3,0.7537,0
2126,70.9375,46.3,0.9,364.2,169.7,0.683,0
2127,70.9709,35.4,0.7,374.6,167.3,0.7972,0
2128,71.0043,31.7,0.3,385.0,168.9,0.8519,0
2129,71.0376,36.4,1.6,364.9,169.2,0.7493,0
2130,71.071,89.9,0.4,377.8,166.3,0.8914,0
2131,71.1044,38.8,1.4,376.9,170.0,0.6242,0
2132,71.1377,46.9,0.7,366.8,168.0,0.8373,0
2133,71.1711,37.4,2.1,373.7,169.0,0.8227,0
2134,71.2045,31.0,1.2,381.0,167.9,0.8611,0
2135,71.2378,34.0,0.6,357.7,172.4,0.7341,0
2136,71.2712,42.0,0.9,359.0,168.6,0.7184,0
2136,71.2712,38.7,1.1,359.8,175.0,0.1467,0
2137,71.3046,33.9,0.6,366.6,174.8,0.8155,0
2138,71.3379,73.2,1.4,353.4,167.6,0.8547,0
2139,71.3713,82.1,1.2,355.9,166.3,0.8588,0
2140,71.4047,47.5,1.2,365.9,166.1,0.8768,0
2141,71.438,52.0,0.7,366.7,165.0,0.8687,0
2142,71.4714,47.0,1.4,369.5,165.3,0.7083,0
2143,71.5048,72.0,0.9,360.6,166.0,0.6462,0
2144,71.5381,99.5,0.7,368.9,166.6,0.9144,0
2145,71.5715,86.8,0.8,370.4,167.4,0.7612,0
2145,71.5715,93.7,0.4,369.5,166.2,0.2408,0
2146,71.6049,54.6,1.3,378.3,166.4,0.6798,0
2147,71.6382,68.7,0.7,380.1,165.3,0.6135,0
2148,71.6716,44.7,1.4,374.5,169.3,0.6668,0
2148,71.6716,43.1,0.8,376.9,174.7,0.1339,0
2149,71.705,40.2,0.5,365.9,175.1,0.7447,0
2150,71.7383,49.3,2.1,369.4,169.7,0.8908,0
2151,71.7717,47.2,0.7,357.3,175.3,0.5895,0
2152,71.8051,44.7,2.3,361.5,168.7,0.4426,0
2153,71.8384,44.3,1.0,369.3,173.0,0.6811,0
2154,71.8718,37.6,2.7,366.5,168.8,0.5879,0
2155,71.9052,54.5,1.3,373.6,167.7,0.4007,0
2156,71.9385,33.2,2.1,380.7,167.8,0.7702,0
2157,71.9719,75.2,0.6,355.6,166.7,0.9251,0
2158,72.0053,79.2,3.2,355.6,166.2,0.8423,0
2159,72.0386,49.1,2.2,360.5,167.8,0.6971,0
2160,72.072,33.1,2.0,359.5,168.7,0.7244,0
2161,72.1054,45.9,2.5,364.4,169.3,0.2853,0
2162,72.1387,45.9,1.8,365.9,170.1,0.8839,0
2163,72.1721,43.5,4.2,357.7,168.7,0.815,0
2164,72.2055,38.2,0.9,362.6,170.6,0.6424,0
2165,72.2388,40.8,0.9,357.8,167.8,0.6317,0
2166,72.2722,66.7,3.5,355.6,167.2,0.7568,0
2167,72.3056,82.2,2.8,355.7,166.6,0.8784,0
2168,72.3389,81.0,2.3,357.9,166.3,0.4089,0
2169,72.3723,69.1,1.5,361.8,166.3,0.7685,0
2170,72.4057,54.9,1.3,356.9,170.9,0.3741,0
2170,72.4057,48.1,0.8,356.0,174.9,0.2124,0
2171,72.439,56.1,0.7,357.6,168.1,0.7087,0
2172,72.4724,85.9,0.6,354.5,167.4,0.8739,0
2173,72.5058,86.7,5.8,355.8,167.0,0.9152,0
2174,72.5391,44.7,2.1,361.3,166.9,0.7376,0
2175,72.5725,91.5,2.0,365.4,166.5,0.8201,0
2176,72.6059,46.6,1.2,360.1,166.4,0.7383,0
2177,72.6392,57.8,2.6,356.2,166.6,0.5437,0
2178,72.6726,69.4,1.5,355.6,166.6,0.2444,0
2179,72.706,95.4,1.4,355.0,167.2,0.617,0
2180,72.7393,33.3,2.6,354.6,167.0,0.5039,0
2181,72.7727,38.7,1.8,352.6,167.2,0.5517,0
2182,72.8061,33.7,1.5,352.7,166.5,0.6584,0
2183,72.8394,41.9,1.7,351.1,169.6,0.739,0
2184,72.8728,38.6,1.7,353.2,167.7,0.1987,0
2185,72.9062,48.6,2.3,355.1,168.2,0.7177,0
2186,72.9395,38.1,1.3,347.7,172.8,0.6566,0
2187,72.9729,47.0,1.5,354.6,172.1,0.3982,0
2188,73.0063,32.8,1.5,354.3,169.5,0.4644,0
2189,73.0396,42.5,1.4,358.2,165.7,0.8321,0
2190,73.073,77.0,1.4,351.6,166.7,0.8781,0
2191,73.1064,42.9,2.1,354.3,167.4,0.7475,0
2192,73.1397,41.3,2.7,354.3,167.4,0.7769,0
2193,73.1731,57.1,3.7,355.6,167.9,0.8821,0
2194,73.2065,38.0,1.7,359.2,169.3,0.5954,0
2195,73.2398,42.4,2.9,363.8,169.6,0.6693,0
2196,73.2732,47.4,1.6,362.8,169.1,0.8594,0
2197,73.3066,42.6,2.0,364.0,168.4,0.6737,0
2198,73.3399,46.1,1.1,379.2,166.3,0.7044,0
2199,73.3733,68.7,0.0,378.2,164.1,0.8631,0
2200,73.4067,38.7,2.9,379.9,168.4,0.4405,0
2201,73.44,41.4,0.9,360.7,169.0,0.3136,0
2202,73.4734,35.5,1.7,357.4,168.6,0.3736,0
2203,73.5068,38.3,2.1,366.3,169.0,0.6106,0
2204,73.5401,36.3,1.9,373.5,169.4,0.4017,0
2205,73.5735,59.7,2.1,370.0,167.6,0.7593,0
2206,73.6069,44.6,0.6,355.0,167.7,0.762,0
2207,73.6402,39.8,0.9,358.3,168.2,0.7274,0
2208,73.6736,39.3,0.5,353.7,168.5,0.6876,0
2209,73.707,34.7,0.8,355.1,167.9,0.7709,0
2210,73.7403,47.0,0.7,359.8,168.5,0.8082,0
2211,73.7737,46.3,2.0,364.0,168.2,0.7736,0
2212,73.8071,45.2,2.1,362.8,168.9,0.8486,0
2213,73.8404,56.1,1.3,358.1,167.6,0.8131,0
2214,73.8738,42.1,1.0,358.0,167.1,0.7721,0
2215,73.9072,42.6,1.3,358.1,167.5,0.8893,0
2216,73.9405,37.2,1.4,360.7,166.5,0.8232,0
2217,73.9739,82.6,2.9,358.6,167.2,0.8941,0
2218,74.0073,100.3,1.8,355.6,167.3,0.9376,0
2219,74.0406,56.0,1.6,358.1,166.3,0.8673,0
2220,74.074,98.0,2.2,361.2,166.8,0.9116,0
2221,74.1074,48.3,1.4,360.5,173.9,0.4822,0
2222,74.1407,39.6,0.6,357.6,174.4,0.7431,0
2223,74.1741,41.3,1.3,358.5,168.7,0.5907,0
2224,74.2075,47.7,2.2,361.3,167.9,0.8228,0
2225,74.2408,73.3,0.9,357.9,167.9,0.8891,0
2226,74.2742,87.8,1.5,360.5,167.3,0.7091,0
2227,74.3076,41.5,1.4,358.6,166.8,0.7421,0
2228,74.3409,31.4,1.2,373.9,168.1,0.9029,0
2229,74.3743,62.2,1.9,378.2,168.1,0.8565,0
2230,74.4077,48.8,3.1,382.6,166.7,0.7428,0
2231,74.441,44.0,1.1,381.0,170.2,0.8327,0
2232,74.4744,41.7,0.7,367.7,174.1,0.7543,0
2233,74.5078,42.9,2.1,361.4,169.2,0.7023,0
2234,74.5411,54.7,1.3,360.6,167.4,0.831,0
2235,74.5745,21.3,0.7,360.9,169.2,0.4096,0
2236,74.6079,47.2,1.3,359.5,167.5,0.813,0
2237,74.6412,51.8,1.1,369.9,167.6,0.6425,0
2237,74.6412,52.8,0.9,371.9,170.8,0.598,0
2238,74.6746,47.9,1.1,358.3,170.6,0.8221,0
2239,74.708,58.3,1.0,367.6,168.1,0.8535,0
2240,74.7413,73.7,1.6,366.0,167.5,0.75,0
2241,74.7747,64.7,1.5,360.2,167.6,0.8402,0
2242,74.8081,41.3,1.4,362.1,168.0,0.7102,0
2243,74.8414,53.2,1.6,366.1,169.2,0.7614,0
2244,74.8748,59.4,0.8,359.4,167.5,0.8779,0
2245,74.9082,42.7,0.8,356.3,166.6,0.6899,0
2246,74.9415,51.4,1.9,359.1,167.0,0.398,0
2247,74.9749,46.2,1.2,361.0,169.0,0.6443,0
2248,75.0083,73.3,1.5,360.2,165.8,0.2866,0
2248,75.0083,57.0,1.7,360.9,168.2,0.2288,0
2249,75.0416,65.2,0.7,361.9,166.3,0.6666,0
2250,75.075,92.1,1.5,357.9,168.3,0.9279,0
2251,75.1084,45.2,1.5,355.6,168.6,0.8057,0
2251,75.1084,46.5,1.2,357.8,172.9,0.103,0
2252,75.1417,48.2,1.9,362.1,168.7,0.889,0
2253,75.1751,34.9,1.0,358.2,169.4,0.8725,0
2254,75.2085,39.4,3.7,358.6,168.8,0.7439,0
2255,75.2418,30.5,0.7,362.0,182.4,0.1737,0
2255,75.2418,26.6,0.6,358.7,175.3,0.1632,0
2255,75.2418,33.9,0.8,357.9,169.4,0.1113,0
2256,75.2752,42.7,1.6,362.9,168.6,0.6829,0
2257,75.3086,31.8,1.9,368.9,168.5,0.5939,0
2258,75.3419,34.3,1.5,356.9,168.0,0.6191,0
2259,75.3753,45.5,3.1,358.8,166.6,0.7926,0
2260,75.4087,95.7,2.0,359.6,167.2,0.9099,0
2261,75.442,54.3,2.2,368.0,168.2,0.8603,0
2262,75.4754,47.3,2.1,357.5,173.7,0.8916,0
2263,75.5088,48.4,0.8,357.5,174.1,0.8943,0
2264,75.5421,38.7,0.6,357.1,168.9,0.874,0
2265,75.5755,36.4,1.3,359.4,167.9,0.7602,0
2266,75.6089,39.0,3.8,360.8,167.8,0.6465,0
2267,75.6422,32.3,1.2,361.1,168.0,0.721,0
2268,75.6756,41.7,1.0,356.1,168.2,0.7912,0
2269,75.709,35.4,0.5,358.1,168.6,0.8418,0
2270,75.7423,34.4,1.1,370.1,180.1,0.5973,0
2270,75.7423,35.3,2.0,363.6,169.0,0.5878,0
2271,75.7757,96.4,1.2,363.3,168.0,0.9022,0
2272,75.8091,30.1,1.6,359.9,168.0,0.8607,0
2273,75.8424,37.1,1.3,357.4,168.0,0.8657,0
2274,75.8758,91.8,0.3,366.8,166.2,0.93,0
2275,75.9092,78.9,0.4,363.2,166.4,0.935,0
2276,75.9425,64.2,0.6,355.3,166.1,0.8945,0
2277,75.9759,36.4,1.0,357.0,172.3,0.8752,0
2278,76.0093,54.9,1.3,363.4,168.8,0.731,0
2279,76.0426,41.8,1.0,363.8,168.9,0.8021,0
2280,76.076,44.5,1.7,368.7,167.7,0.701,0
2281,76.1094,90.3,2.1,357.7,166.7,0.6006,0
2282,76.1427,42.5,2.9,367.6,167.1,0.7579,0
2283,76.1761,90.3,3.9,359.8,166.6,0.8923,0
2284,76.2095,92.4,1.7,362.1,166.6,0.9055,0
2285,76.2428,76.9,0.9,367.5,166.5,0.9212,0
2286,76.2762,59.1,1.1,353.9,168.0,0.8553,0
2287,76.3096,37.8,1.2,359.2,174.3,0.7542,0
2288,76.3429,51.9,1.6,359.0,168.9,0.72,0
2289,76.3763,46.9,2.4,357.0,172.2,0.4032,0
2290,76.4097,33.4,1.3,355.4,168.7,0.5717,0
2291,76.443,34.0,0.7,356.9,167.1,0.8535,0
2292,76.4764,47.2,1.4,356.8,174.3,0.807,0
2293,76.5098,43.9,1.9,358.4,168.1,0.3091,0
2294,76.5431,40.8,2.2,362.6,172.9,0.4036,0
2295,76.5765,42.7,0.9,360.3,173.5,0.8074,0
2296,76.6099,41.9,1.2,356.4,172.6,0.8294,0
2297,76.6432,39.6,1.0,358.4,168.8,0.6604,0
2298,76.6766,114.0,2.1,357.5,166.8,0.8379,0
2299,76.71,93.1,5.8,361.4,167.4,0.9004,0
2300,76.7433,37.9,1.6,366.7,167.8,0.812,0
2301,76.7767,46.1,1.5,359.8,168.8,0.9182,0
2302,76.8101,81.5,2.1,367.7,166.8,0.8861,0
2303,76.8434,82.5,3.3,358.8,166.6,0.8942,0
2304,76.8768,36.5,7.9,351.2,172.0,0.8456,0
2305,76.9102,36.1,1.5,355.9,171.6,0.8377,0
2306,76.9435,92.1,0.8,354.9,168.0,0.9266,0
2307,76.9769,46.0,0.8,364.8,168.6,0.7771,0
2308,77.0103,59.0,1.1,368.0,166.3,0.8446,0
2309,77.0436,32.7,1.6,358.2,167.5,0.647,0
2310,77.077,96.4,1.0,355.8,169.1,0.9192,0
2311,77.1104,93.5,1.4,355.2,168.3,0.8892,0
2312,77.1437,34.7,1.8,355.6,169.2,0.7722,0
2313,77.1771,34.4,0.6,355.2,168.3,0.6523,0
2314,77.2105,30.3,1.2,354.6,168.5,0.6545,0
2315,77.2438,35.6,1.5,357.4,169.0,0.7701,0
2316,77.2772,38.8,1.2,367.5,169.3,0.819,0
2317,77.3106,35.7,0.8,369.1,169.0,0.8517,0
2318,77.3439,28.5,0.6,369.1,169.6,0.5994,0
2318,77.3439,30.3,1.0,382.0,179.4,0.1116,0
2319,77.3773,65.3,1.3,354.6,168.9,0.8081,0
2320,77.4107,44.5,0.8,355.3,168.1,0.7865,0
2321,77.444,40.8,2.1,357.2,168.6,0.649,0
2322,77.4774,39.7,0.8,357.6,175.8,0.7745,0
2323,77.5108,38.6,0.2,358.0,174.9,0.8265,0
2323,77.5108,39.7,0.5,355.3,171.9,0.1763,0
2324,77.5441,40.3,0.2,356.7,174.3,0.8415,0
2325,77.5775,57.4,1.2,364.1,171.0,0.8559,0
2326,77.6109,29.6,0.4,355.0,169.9,0.8017,0
2327,77.6442,40.3,2.1,355.2,166.9,0.8215,0
2328,77.6776,73.9,1.7,353.3,167.4,0.8328,0
2329,77.711,58.4,0.0,353.4,168.5,0.8599,0
2330,77.7443,92.3,2.5,353.7,167.8,0.8896,0
2331,77.7777,100.4,0.7,353.8,168.0,0.9154,0
2332,77.8111,39.2,1.3,363.2,168.5,0.7247,0
2333,77.8444,32.2,2.0,366.4,168.7,0.7298,0
2334,77.8778,103.3,1.1,357.6,168.4,0.9129,0
2335,77.9112,78.5,1.1,357.2,169.9,0.8882,0
2336,77.9445,42.9,0.4,356.9,174.4,0.8747,0
2337,77.9779,43.6,2.4,355.1,166.5,0.8473,0
2338,78.0113,49.7,0.5,363.8,167.1,0.8441,0
2339,78.0446,103.7,0.0,370.3,169.5,0.917,0
2340,78.078,106.8,0.4,368.1,169.1,0.8729,0
2340,78.078,105.3,0.7,368.8,170.5,0.2899,0
2340,78.078,0.1,24.5,63.9,264.2,0.105,1
2341,78.1114,50.5,9.3,359.4,168.5,0.8442,0
2342,78.1447,41.4,1.4,363.4,168.5,0.8714,0
2343,78.1781,42.5,1.1,357.0,168.8,0.8734,0
2344,78.2115,103.5,0.0,355.3,169.6,0.9439,0
2345,78.2448,47.1,0.7,357.6,168.7,0.8153,0
2346,78.2782,68.3,0.9,355.9,167.7,0.886,0
2347,78.3116,106.3,1.2,354.3,168.1,0.9127,0
2348,78.3449,103.4,0.7,352.1,168.3,0.9298,0
2349,78.3783,55.2,1.5,354.0,168.8,0.882,0
2350,78.4117,38.3,1.0,355.2,171.7,0.8444,0
2351,78.445,27.5,0.3,358.8,175.7,0.8643,0
2352,78.4784,28.4,0.9,363.0,170.0,0.7181,0
2352,78.4784,23.4,1.3,371.3,181.7,0.1632,0
2353,78.5118,54.7,0.6,368.1,168.9,0.8233,0
2354,78.5451,40.7,0.0,361.4,168.4,0.8283,0
2355,78.5785,23.1,0.8,358.7,175.2,0.6809,0
2356,78.6119,107.2,0.0,374.1,166.2,0.8782,0
2357,78.6452,61.1,1.0,380.3,165.0,0.8487,0
2358,78.6786,40.5,0.5,355.1,169.3,0.8305,0
2359,78.712,84.2,0.8,355.3,166.9,0.8556,0
2360,78.7453,84.6,2.1,363.0,167.1,0.7622,0
2361,78.7787,81.0,2.5,377.7,166.7,0.7389,0
2362,78.8121,60.1,3.0,379.5,168.4,0.449,0
2363,78.8454,72.2,0.7,379.4,168.1,0.7206,0
2364,78.8788,55.5,1.1,374.7,169.8,0.7446,0
2365,78.9122,100.3,1.3,353.5,168.3,0.8962,0
2366,78.9455,102.6,0.3,356.8,167.8,0.9006,0
2367,78.9789,64.6,0.9,355.7,167.9,0.7951,0
2368,79.0123,99.1,0.9,357.1,167.6,0.8852,0
2369,79.0456,93.6,3.0,358.4,168.1,0.9279,0
2370,79.079,22.7,1.6,357.8,170.2,0.4399,0
2371,79.1124,40.3,1.2,358.1,166.6,0.3905,0
2372,79.1457,23.6,1.4,355.9,173.4,0.5813,0
2373,79.1791,34.2,0.7,352.4,166.4,0.5772,0
2374,79.2125,28.2,1.2,358.4,168.2,0.6,0
2375,79.2458,79.0,1.1,360.2,166.9,0.7298,0
2376,79.2792,100.2,3.3,356.2,167.4,0.9157,0
2377,79.3126,101.1,8.3,360.1,167.2,0.8559,0
2378,79.3459,89.5,0.3,356.0,167.3,0.8953,0
2379,79.3793,45.9,0.6,356.1,167.9,0.8534,0
2380,79.4127,42.3,0.4,358.2,168.7,0.8605,0
2381,79.446,89.2,0.7,354.1,167.3,0.9129,0
2382,79.4794,104.5,0.9,353.2,166.2,0.9224,0
2383,79.5128,97.9,1.7,354.4,166.7,0.8813,0
2384,79.5461,59.7,2.6,356.5,168.7,0.8359,0
2385,79.5795,42.9,1.2,360.7,170.0,0.7304,0
2386,79.6129,82.5,1.2,362.6,165.9,0.8056,0
2387,79.6462,85.1,1.7,357.6,168.3,0.8705,0
2388,79.6796,62.3,1.9,356.1,167.4,0.8393,0
2389,79.713,40.5,0.6,355.3,168.3,0.8097,0
2390,79.7463,43.9,0.6,354.5,169.9,0.8194,0
2391,79.7797,55.0,1.9,356.8,169.4,0.7973,0
2392,79.8131,35.7,0.6,359.1,169.6,0.8339,0
2393,79.8464,33.2,0.3,357.6,169.0,0.8119,0
2394,79.8798,41.4,1.1,367.3,169.3,0.7017,0
2395,79.9132,48.7,0.0,364.9,168.1,0.78,0
2396,79.9465,38.9,0.6,354.0,167.2,0.7022,0
2397,79.9799,36.2,1.4,357.8,167.2,0.6663,0
2398,80.0133,44.6,1.0,367.4,168.3,0.8426,0
2399,80.0466,35.2,0.8,357.9,169.9,0.6526,0
2400,80.08,31.4,0.3,354.6,168.9,0.5585,0
2401,80.1134,37.9,1.0,352.4,170.2,0.6183,0
2402,80.1467,27.9,0.8,357.2,170.3,0.5068,0
2403,80.1801,80.5,1.1,356.3,169.5,0.8141,0
2404,80.2135,38.1,4.3,356.3,173.1,0.5335,0
2404,80.2135,39.3,6.7,354.6,169.3,0.1734,0
2405,80.2468,47.8,0.9,356.2,173.2,0.801,0
