method,run_id,thr,fppi,miss_rate
No negatives,N0__noKD__yolo26n__s42,0.01,1.39715,0.06557
No negatives,N0__noKD__yolo26n__s42,0.0125,1.2604,0.06999
No negatives,N0__noKD__yolo26n__s42,0.015,1.16911,0.07188
No negatives,N0__noKD__yolo26n__s42,0.0174,1.09669,0.07314
No negatives,N0__noKD__yolo26n__s42,0.0199,1.03659,0.07377
No negatives,N0__noKD__yolo26n__s42,0.0224,0.98883,0.07629
No negatives,N0__noKD__yolo26n__s42,0.0249,0.95185,0.07818
No negatives,N0__noKD__yolo26n__s42,0.0274,0.91525,0.07818
No negatives,N0__noKD__yolo26n__s42,0.0298,0.88521,0.07881
No negatives,N0__noKD__yolo26n__s42,0.0323,0.85709,0.07945
No negatives,N0__noKD__yolo26n__s42,0.0348,0.82704,0.08071
No negatives,N0__noKD__yolo26n__s42,0.0373,0.80624,0.08134
No negatives,N0__noKD__yolo26n__s42,0.0397,0.78968,0.08134
No negatives,N0__noKD__yolo26n__s42,0.0422,0.76888,0.08134
No negatives,N0__noKD__yolo26n__s42,0.0447,0.75116,0.08134
No negatives,N0__noKD__yolo26n__s42,0.0472,0.73844,0.08134
No negatives,N0__noKD__yolo26n__s42,0.0497,0.72227,0.08197
No negatives,N0__noKD__yolo26n__s42,0.0521,0.71186,0.0826
No negatives,N0__noKD__yolo26n__s42,0.0546,0.69646,0.08512
No negatives,N0__noKD__yolo26n__s42,0.0571,0.68413,0.08638
No negatives,N0__noKD__yolo26n__s42,0.0596,0.66795,0.08701
No negatives,N0__noKD__yolo26n__s42,0.0621,0.65794,0.08701
No negatives,N0__noKD__yolo26n__s42,0.0645,0.64561,0.08764
No negatives,N0__noKD__yolo26n__s42,0.067,0.63136,0.08764
No negatives,N0__noKD__yolo26n__s42,0.0695,0.62173,0.0889
No negatives,N0__noKD__yolo26n__s42,0.072,0.61479,0.0889
No negatives,N0__noKD__yolo26n__s42,0.0744,0.60709,0.08953
No negatives,N0__noKD__yolo26n__s42,0.0769,0.5963,0.09079
No negatives,N0__noKD__yolo26n__s42,0.0794,0.58706,0.09142
No negatives,N0__noKD__yolo26n__s42,0.0819,0.57935,0.09142
No negatives,N0__noKD__yolo26n__s42,0.0844,0.57357,0.09142
No negatives,N0__noKD__yolo26n__s42,0.0868,0.56857,0.09142
No negatives,N0__noKD__yolo26n__s42,0.0893,0.56202,0.09142
No negatives,N0__noKD__yolo26n__s42,0.0918,0.55586,0.09142
No negatives,N0__noKD__yolo26n__s42,0.0943,0.55123,0.09206
No negatives,N0__noKD__yolo26n__s42,0.0968,0.54507,0.09269
No negatives,N0__noKD__yolo26n__s42,0.0992,0.54045,0.09269
No negatives,N0__noKD__yolo26n__s42,0.1017,0.53351,0.09395
No negatives,N0__noKD__yolo26n__s42,0.1042,0.52773,0.09395
No negatives,N0__noKD__yolo26n__s42,0.1067,0.52311,0.09395
No negatives,N0__noKD__yolo26n__s42,0.1091,0.51965,0.09458
No negatives,N0__noKD__yolo26n__s42,0.1116,0.51348,0.09521
No negatives,N0__noKD__yolo26n__s42,0.1141,0.51156,0.09521
No negatives,N0__noKD__yolo26n__s42,0.1166,0.50732,0.09521
No negatives,N0__noKD__yolo26n__s42,0.1191,0.50231,0.09647
No negatives,N0__noKD__yolo26n__s42,0.1215,0.49807,0.09647
No negatives,N0__noKD__yolo26n__s42,0.124,0.49345,0.0971
No negatives,N0__noKD__yolo26n__s42,0.1265,0.49037,0.0971
No negatives,N0__noKD__yolo26n__s42,0.129,0.48806,0.09773
No negatives,N0__noKD__yolo26n__s42,0.1315,0.48228,0.09836
No negatives,N0__noKD__yolo26n__s42,0.1339,0.47766,0.09836
No negatives,N0__noKD__yolo26n__s42,0.1364,0.47535,0.09836
No negatives,N0__noKD__yolo26n__s42,0.1389,0.47265,0.09836
No negatives,N0__noKD__yolo26n__s42,0.1414,0.47072,0.09899
No negatives,N0__noKD__yolo26n__s42,0.1438,0.46533,0.09962
No negatives,N0__noKD__yolo26n__s42,0.1463,0.46263,0.10025
No negatives,N0__noKD__yolo26n__s42,0.1488,0.45955,0.10025
No negatives,N0__noKD__yolo26n__s42,0.1513,0.45724,0.10088
No negatives,N0__noKD__yolo26n__s42,0.1538,0.45108,0.10151
No negatives,N0__noKD__yolo26n__s42,0.1562,0.44838,0.10151
No negatives,N0__noKD__yolo26n__s42,0.1587,0.44376,0.10151
No negatives,N0__noKD__yolo26n__s42,0.1612,0.43952,0.10151
No negatives,N0__noKD__yolo26n__s42,0.1637,0.43721,0.10151
No negatives,N0__noKD__yolo26n__s42,0.1662,0.43529,0.10214
No negatives,N0__noKD__yolo26n__s42,0.1686,0.43182,0.10214
No negatives,N0__noKD__yolo26n__s42,0.1711,0.43028,0.10214
No negatives,N0__noKD__yolo26n__s42,0.1736,0.42758,0.10214
No negatives,N0__noKD__yolo26n__s42,0.1761,0.42527,0.10214
No negatives,N0__noKD__yolo26n__s42,0.1786,0.42142,0.1034
No negatives,N0__noKD__yolo26n__s42,0.181,0.42026,0.10404
No negatives,N0__noKD__yolo26n__s42,0.1835,0.41795,0.10467
No negatives,N0__noKD__yolo26n__s42,0.186,0.41217,0.10467
No negatives,N0__noKD__yolo26n__s42,0.1885,0.4114,0.10467
No negatives,N0__noKD__yolo26n__s42,0.1909,0.40909,0.10467
No negatives,N0__noKD__yolo26n__s42,0.1934,0.40408,0.1053
No negatives,N0__noKD__yolo26n__s42,0.1959,0.401,0.10593
No negatives,N0__noKD__yolo26n__s42,0.1984,0.40062,0.10656
No negatives,N0__noKD__yolo26n__s42,0.2009,0.39869,0.10656
No negatives,N0__noKD__yolo26n__s42,0.2033,0.39676,0.10656
No negatives,N0__noKD__yolo26n__s42,0.2058,0.39484,0.10656
No negatives,N0__noKD__yolo26n__s42,0.2083,0.39176,0.10656
No negatives,N0__noKD__yolo26n__s42,0.2108,0.38906,0.10656
No negatives,N0__noKD__yolo26n__s42,0.2133,0.38559,0.10656
No negatives,N0__noKD__yolo26n__s42,0.2157,0.38444,0.10719
No negatives,N0__noKD__yolo26n__s42,0.2182,0.38251,0.10782
No negatives,N0__noKD__yolo26n__s42,0.2207,0.3802,0.10782
No negatives,N0__noKD__yolo26n__s42,0.2232,0.37789,0.10908
No negatives,N0__noKD__yolo26n__s42,0.2256,0.37635,0.10908
No negatives,N0__noKD__yolo26n__s42,0.2281,0.37365,0.10908
No negatives,N0__noKD__yolo26n__s42,0.2306,0.36903,0.10971
No negatives,N0__noKD__yolo26n__s42,0.2331,0.36787,0.10971
No negatives,N0__noKD__yolo26n__s42,0.2356,0.36633,0.11034
No negatives,N0__noKD__yolo26n__s42,0.238,0.36402,0.11097
No negatives,N0__noKD__yolo26n__s42,0.2405,0.36248,0.11097
No negatives,N0__noKD__yolo26n__s42,0.243,0.36133,0.11097
No negatives,N0__noKD__yolo26n__s42,0.2455,0.3594,0.1116
No negatives,N0__noKD__yolo26n__s42,0.248,0.35709,0.1116
No negatives,N0__noKD__yolo26n__s42,0.2504,0.35632,0.11223
No negatives,N0__noKD__yolo26n__s42,0.2529,0.35478,0.11223
No negatives,N0__noKD__yolo26n__s42,0.2554,0.35247,0.11286
No negatives,N0__noKD__yolo26n__s42,0.2579,0.35169,0.11349
No negatives,N0__noKD__yolo26n__s42,0.2603,0.34977,0.11349
No negatives,N0__noKD__yolo26n__s42,0.2628,0.34746,0.11349
No negatives,N0__noKD__yolo26n__s42,0.2653,0.3463,0.11349
No negatives,N0__noKD__yolo26n__s42,0.2678,0.34399,0.11412
No negatives,N0__noKD__yolo26n__s42,0.2703,0.34091,0.11475
No negatives,N0__noKD__yolo26n__s42,0.2727,0.33937,0.11538
No negatives,N0__noKD__yolo26n__s42,0.2752,0.33937,0.11602
No negatives,N0__noKD__yolo26n__s42,0.2777,0.3386,0.11728
No negatives,N0__noKD__yolo26n__s42,0.2802,0.3359,0.11728
No negatives,N0__noKD__yolo26n__s42,0.2827,0.33359,0.11791
No negatives,N0__noKD__yolo26n__s42,0.2851,0.3332,0.11791
No negatives,N0__noKD__yolo26n__s42,0.2876,0.33205,0.11854
No negatives,N0__noKD__yolo26n__s42,0.2901,0.33051,0.11917
No negatives,N0__noKD__yolo26n__s42,0.2926,0.32974,0.11917
No negatives,N0__noKD__yolo26n__s42,0.2951,0.32935,0.11917
No negatives,N0__noKD__yolo26n__s42,0.2975,0.32781,0.11917
No negatives,N0__noKD__yolo26n__s42,0.3,0.32743,0.12043
No negatives,N0__noKD__yolo26n__s42,0.3025,0.32473,0.12043
No negatives,N0__noKD__yolo26n__s42,0.305,0.32319,0.12043
No negatives,N0__noKD__yolo26n__s42,0.3074,0.32242,0.12106
No negatives,N0__noKD__yolo26n__s42,0.3099,0.32088,0.12169
No negatives,N0__noKD__yolo26n__s42,0.3124,0.32011,0.12169
No negatives,N0__noKD__yolo26n__s42,0.3149,0.31818,0.12295
No negatives,N0__noKD__yolo26n__s42,0.3174,0.31703,0.12358
No negatives,N0__noKD__yolo26n__s42,0.3198,0.31549,0.12358
No negatives,N0__noKD__yolo26n__s42,0.3223,0.31471,0.12358
No negatives,N0__noKD__yolo26n__s42,0.3248,0.31394,0.12421
No negatives,N0__noKD__yolo26n__s42,0.3273,0.31279,0.12484
No negatives,N0__noKD__yolo26n__s42,0.3298,0.31163,0.12484
No negatives,N0__noKD__yolo26n__s42,0.3322,0.31048,0.12484
No negatives,N0__noKD__yolo26n__s42,0.3347,0.30932,0.12547
No negatives,N0__noKD__yolo26n__s42,0.3372,0.30817,0.12547
No negatives,N0__noKD__yolo26n__s42,0.3397,0.30624,0.1261
No negatives,N0__noKD__yolo26n__s42,0.3421,0.30431,0.12673
No negatives,N0__noKD__yolo26n__s42,0.3446,0.30354,0.12736
No negatives,N0__noKD__yolo26n__s42,0.3471,0.30162,0.12926
No negatives,N0__noKD__yolo26n__s42,0.3496,0.29815,0.12926
No negatives,N0__noKD__yolo26n__s42,0.3521,0.29738,0.12989
No negatives,N0__noKD__yolo26n__s42,0.3545,0.29661,0.12989
No negatives,N0__noKD__yolo26n__s42,0.357,0.29622,0.12989
No negatives,N0__noKD__yolo26n__s42,0.3595,0.29391,0.13115
No negatives,N0__noKD__yolo26n__s42,0.362,0.2916,0.13178
No negatives,N0__noKD__yolo26n__s42,0.3645,0.29083,0.13304
No negatives,N0__noKD__yolo26n__s42,0.3669,0.28852,0.13304
No negatives,N0__noKD__yolo26n__s42,0.3694,0.28814,0.13367
No negatives,N0__noKD__yolo26n__s42,0.3719,0.28621,0.13556
No negatives,N0__noKD__yolo26n__s42,0.3744,0.28467,0.13556
No negatives,N0__noKD__yolo26n__s42,0.3768,0.28351,0.13556
No negatives,N0__noKD__yolo26n__s42,0.3793,0.28159,0.13556
No negatives,N0__noKD__yolo26n__s42,0.3818,0.28159,0.13619
No negatives,N0__noKD__yolo26n__s42,0.3843,0.28043,0.13619
No negatives,N0__noKD__yolo26n__s42,0.3868,0.28005,0.13682
No negatives,N0__noKD__yolo26n__s42,0.3892,0.27966,0.13745
No negatives,N0__noKD__yolo26n__s42,0.3917,0.27812,0.13745
No negatives,N0__noKD__yolo26n__s42,0.3942,0.27773,0.13808
No negatives,N0__noKD__yolo26n__s42,0.3967,0.27658,0.13871
No negatives,N0__noKD__yolo26n__s42,0.3992,0.27465,0.13934
No negatives,N0__noKD__yolo26n__s42,0.4016,0.27311,0.13934
No negatives,N0__noKD__yolo26n__s42,0.4041,0.2708,0.13934
No negatives,N0__noKD__yolo26n__s42,0.4066,0.26965,0.14061
No negatives,N0__noKD__yolo26n__s42,0.4091,0.26888,0.14061
No negatives,N0__noKD__yolo26n__s42,0.4115,0.26888,0.14061
No negatives,N0__noKD__yolo26n__s42,0.414,0.26849,0.14061
No negatives,N0__noKD__yolo26n__s42,0.4165,0.26733,0.14187
No negatives,N0__noKD__yolo26n__s42,0.419,0.26541,0.1425
No negatives,N0__noKD__yolo26n__s42,0.4215,0.26387,0.1425
No negatives,N0__noKD__yolo26n__s42,0.4239,0.26348,0.1425
No negatives,N0__noKD__yolo26n__s42,0.4264,0.26271,0.14313
No negatives,N0__noKD__yolo26n__s42,0.4289,0.26156,0.14502
No negatives,N0__noKD__yolo26n__s42,0.4314,0.2604,0.14565
No negatives,N0__noKD__yolo26n__s42,0.4339,0.25924,0.14628
No negatives,N0__noKD__yolo26n__s42,0.4363,0.2577,0.14628
No negatives,N0__noKD__yolo26n__s42,0.4388,0.25616,0.14691
No negatives,N0__noKD__yolo26n__s42,0.4413,0.25539,0.14691
No negatives,N0__noKD__yolo26n__s42,0.4438,0.25462,0.14817
No negatives,N0__noKD__yolo26n__s42,0.4463,0.25424,0.1488
No negatives,N0__noKD__yolo26n__s42,0.4487,0.25193,0.14943
No negatives,N0__noKD__yolo26n__s42,0.4512,0.25077,0.15006
No negatives,N0__noKD__yolo26n__s42,0.4537,0.24961,0.15069
No negatives,N0__noKD__yolo26n__s42,0.4562,0.24769,0.15132
No negatives,N0__noKD__yolo26n__s42,0.4586,0.24615,0.15132
No negatives,N0__noKD__yolo26n__s42,0.4611,0.24422,0.15322
No negatives,N0__noKD__yolo26n__s42,0.4636,0.24422,0.15322
No negatives,N0__noKD__yolo26n__s42,0.4661,0.24307,0.15322
No negatives,N0__noKD__yolo26n__s42,0.4686,0.24191,0.15322
No negatives,N0__noKD__yolo26n__s42,0.471,0.24153,0.15322
No negatives,N0__noKD__yolo26n__s42,0.4735,0.24114,0.15385
No negatives,N0__noKD__yolo26n__s42,0.476,0.24037,0.15385
No negatives,N0__noKD__yolo26n__s42,0.4785,0.23883,0.15385
No negatives,N0__noKD__yolo26n__s42,0.481,0.2369,0.15448
No negatives,N0__noKD__yolo26n__s42,0.4834,0.23421,0.157
No negatives,N0__noKD__yolo26n__s42,0.4859,0.23305,0.157
No negatives,N0__noKD__yolo26n__s42,0.4884,0.23228,0.157
No negatives,N0__noKD__yolo26n__s42,0.4909,0.23151,0.15763
No negatives,N0__noKD__yolo26n__s42,0.4933,0.22997,0.15826
No negatives,N0__noKD__yolo26n__s42,0.4958,0.2292,0.16015
No negatives,N0__noKD__yolo26n__s42,0.4983,0.22804,0.16078
No negatives,N0__noKD__yolo26n__s42,0.5008,0.22727,0.16141
No negatives,N0__noKD__yolo26n__s42,0.5033,0.22496,0.16204
No negatives,N0__noKD__yolo26n__s42,0.5057,0.22458,0.16204
No negatives,N0__noKD__yolo26n__s42,0.5082,0.22304,0.16267
No negatives,N0__noKD__yolo26n__s42,0.5107,0.22265,0.16267
No negatives,N0__noKD__yolo26n__s42,0.5132,0.22227,0.1652
No negatives,N0__noKD__yolo26n__s42,0.5157,0.22072,0.16646
No negatives,N0__noKD__yolo26n__s42,0.5181,0.21957,0.16772
No negatives,N0__noKD__yolo26n__s42,0.5206,0.21764,0.16835
No negatives,N0__noKD__yolo26n__s42,0.5231,0.21649,0.17024
No negatives,N0__noKD__yolo26n__s42,0.5256,0.2161,0.17087
No negatives,N0__noKD__yolo26n__s42,0.528,0.21495,0.1715
No negatives,N0__noKD__yolo26n__s42,0.5305,0.21263,0.17276
No negatives,N0__noKD__yolo26n__s42,0.533,0.21148,0.17276
No negatives,N0__noKD__yolo26n__s42,0.5355,0.21071,0.17276
No negatives,N0__noKD__yolo26n__s42,0.538,0.21032,0.17402
No negatives,N0__noKD__yolo26n__s42,0.5404,0.20994,0.17528
No negatives,N0__noKD__yolo26n__s42,0.5429,0.20917,0.17528
No negatives,N0__noKD__yolo26n__s42,0.5454,0.20724,0.17591
No negatives,N0__noKD__yolo26n__s42,0.5479,0.20609,0.17781
No negatives,N0__noKD__yolo26n__s42,0.5504,0.20339,0.17781
No negatives,N0__noKD__yolo26n__s42,0.5528,0.20223,0.17907
No negatives,N0__noKD__yolo26n__s42,0.5553,0.20031,0.18033
No negatives,N0__noKD__yolo26n__s42,0.5578,0.19877,0.18159
No negatives,N0__noKD__yolo26n__s42,0.5603,0.19761,0.18159
No negatives,N0__noKD__yolo26n__s42,0.5627,0.19607,0.18411
No negatives,N0__noKD__yolo26n__s42,0.5652,0.1953,0.18474
No negatives,N0__noKD__yolo26n__s42,0.5677,0.19453,0.18474
No negatives,N0__noKD__yolo26n__s42,0.5702,0.19376,0.18474
No negatives,N0__noKD__yolo26n__s42,0.5727,0.1926,0.18663
No negatives,N0__noKD__yolo26n__s42,0.5751,0.19145,0.18726
No negatives,N0__noKD__yolo26n__s42,0.5776,0.19029,0.18789
No negatives,N0__noKD__yolo26n__s42,0.5801,0.18991,0.18852
No negatives,N0__noKD__yolo26n__s42,0.5826,0.18837,0.18979
No negatives,N0__noKD__yolo26n__s42,0.5851,0.1876,0.19105
No negatives,N0__noKD__yolo26n__s42,0.5875,0.18529,0.19105
No negatives,N0__noKD__yolo26n__s42,0.59,0.18413,0.19294
No negatives,N0__noKD__yolo26n__s42,0.5925,0.18297,0.19357
No negatives,N0__noKD__yolo26n__s42,0.595,0.1822,0.19357
No negatives,N0__noKD__yolo26n__s42,0.5975,0.18105,0.19483
No negatives,N0__noKD__yolo26n__s42,0.5999,0.18066,0.19609
No negatives,N0__noKD__yolo26n__s42,0.6024,0.17989,0.19798
No negatives,N0__noKD__yolo26n__s42,0.6049,0.17874,0.19861
No negatives,N0__noKD__yolo26n__s42,0.6074,0.17835,0.19924
No negatives,N0__noKD__yolo26n__s42,0.6098,0.17681,0.19987
No negatives,N0__noKD__yolo26n__s42,0.6123,0.17604,0.19987
No negatives,N0__noKD__yolo26n__s42,0.6148,0.17488,0.19987
No negatives,N0__noKD__yolo26n__s42,0.6173,0.1745,0.2005
No negatives,N0__noKD__yolo26n__s42,0.6198,0.17411,0.2024
No negatives,N0__noKD__yolo26n__s42,0.6222,0.1718,0.20429
No negatives,N0__noKD__yolo26n__s42,0.6247,0.17142,0.20618
No negatives,N0__noKD__yolo26n__s42,0.6272,0.16872,0.20933
No negatives,N0__noKD__yolo26n__s42,0.6297,0.16757,0.21122
No negatives,N0__noKD__yolo26n__s42,0.6322,0.16718,0.21122
No negatives,N0__noKD__yolo26n__s42,0.6346,0.16602,0.21185
No negatives,N0__noKD__yolo26n__s42,0.6371,0.16487,0.21311
No negatives,N0__noKD__yolo26n__s42,0.6396,0.16333,0.21438
No negatives,N0__noKD__yolo26n__s42,0.6421,0.16256,0.21501
No negatives,N0__noKD__yolo26n__s42,0.6445,0.16025,0.21753
No negatives,N0__noKD__yolo26n__s42,0.647,0.15871,0.21879
No negatives,N0__noKD__yolo26n__s42,0.6495,0.15678,0.21879
No negatives,N0__noKD__yolo26n__s42,0.652,0.15639,0.2232
No negatives,N0__noKD__yolo26n__s42,0.6545,0.15447,0.22446
No negatives,N0__noKD__yolo26n__s42,0.6569,0.15177,0.22509
No negatives,N0__noKD__yolo26n__s42,0.6594,0.14985,0.22699
No negatives,N0__noKD__yolo26n__s42,0.6619,0.14946,0.22699
No negatives,N0__noKD__yolo26n__s42,0.6644,0.14869,0.22825
No negatives,N0__noKD__yolo26n__s42,0.6669,0.14831,0.22951
No negatives,N0__noKD__yolo26n__s42,0.6693,0.14638,0.22951
No negatives,N0__noKD__yolo26n__s42,0.6718,0.14522,0.23014
No negatives,N0__noKD__yolo26n__s42,0.6743,0.14484,0.2314
No negatives,N0__noKD__yolo26n__s42,0.6768,0.14368,0.23266
No negatives,N0__noKD__yolo26n__s42,0.6792,0.14214,0.23455
No negatives,N0__noKD__yolo26n__s42,0.6817,0.13945,0.23581
No negatives,N0__noKD__yolo26n__s42,0.6842,0.13829,0.23897
No negatives,N0__noKD__yolo26n__s42,0.6867,0.1379,0.24023
No negatives,N0__noKD__yolo26n__s42,0.6892,0.13636,0.24212
No negatives,N0__noKD__yolo26n__s42,0.6916,0.13521,0.24401
No negatives,N0__noKD__yolo26n__s42,0.6941,0.1329,0.24464
No negatives,N0__noKD__yolo26n__s42,0.6966,0.13136,0.24464
No negatives,N0__noKD__yolo26n__s42,0.6991,0.1302,0.2459
No negatives,N0__noKD__yolo26n__s42,0.7016,0.12982,0.24653
No negatives,N0__noKD__yolo26n__s42,0.704,0.12943,0.24842
No negatives,N0__noKD__yolo26n__s42,0.7065,0.12827,0.24968
No negatives,N0__noKD__yolo26n__s42,0.709,0.12558,0.24968
No negatives,N0__noKD__yolo26n__s42,0.7115,0.12327,0.25095
No negatives,N0__noKD__yolo26n__s42,0.7139,0.1225,0.25599
No negatives,N0__noKD__yolo26n__s42,0.7164,0.12096,0.25788
No negatives,N0__noKD__yolo26n__s42,0.7189,0.11864,0.25914
No negatives,N0__noKD__yolo26n__s42,0.7214,0.11672,0.26166
No negatives,N0__noKD__yolo26n__s42,0.7239,0.11556,0.26293
No negatives,N0__noKD__yolo26n__s42,0.7263,0.11441,0.26356
No negatives,N0__noKD__yolo26n__s42,0.7288,0.11364,0.26608
No negatives,N0__noKD__yolo26n__s42,0.7313,0.1121,0.2686
No negatives,N0__noKD__yolo26n__s42,0.7338,0.11017,0.27049
No negatives,N0__noKD__yolo26n__s42,0.7363,0.1094,0.27238
No negatives,N0__noKD__yolo26n__s42,0.7387,0.10747,0.27491
No negatives,N0__noKD__yolo26n__s42,0.7412,0.10593,0.27743
No negatives,N0__noKD__yolo26n__s42,0.7437,0.10324,0.27869
No negatives,N0__noKD__yolo26n__s42,0.7462,0.10285,0.28121
No negatives,N0__noKD__yolo26n__s42,0.7487,0.10208,0.2831
No negatives,N0__noKD__yolo26n__s42,0.7511,0.10169,0.28878
No negatives,N0__noKD__yolo26n__s42,0.7536,0.099,0.29067
No negatives,N0__noKD__yolo26n__s42,0.7561,0.09861,0.29256
No negatives,N0__noKD__yolo26n__s42,0.7586,0.09784,0.29571
No negatives,N0__noKD__yolo26n__s42,0.761,0.09669,0.29823
No negatives,N0__noKD__yolo26n__s42,0.7635,0.0963,0.30328
No negatives,N0__noKD__yolo26n__s42,0.766,0.09553,0.30706
No negatives,N0__noKD__yolo26n__s42,0.7685,0.09284,0.31211
No negatives,N0__noKD__yolo26n__s42,0.771,0.09129,0.314
No negatives,N0__noKD__yolo26n__s42,0.7734,0.08821,0.31526
No negatives,N0__noKD__yolo26n__s42,0.7759,0.08629,0.31904
No negatives,N0__noKD__yolo26n__s42,0.7784,0.08359,0.32219
No negatives,N0__noKD__yolo26n__s42,0.7809,0.08243,0.32598
No negatives,N0__noKD__yolo26n__s42,0.7834,0.08205,0.32787
No negatives,N0__noKD__yolo26n__s42,0.7858,0.08051,0.32976
No negatives,N0__noKD__yolo26n__s42,0.7883,0.0782,0.3348
No negatives,N0__noKD__yolo26n__s42,0.7908,0.07589,0.33796
No negatives,N0__noKD__yolo26n__s42,0.7933,0.07435,0.34426
No negatives,N0__noKD__yolo26n__s42,0.7957,0.07319,0.34868
No negatives,N0__noKD__yolo26n__s42,0.7982,0.07165,0.35309
No negatives,N0__noKD__yolo26n__s42,0.8007,0.07165,0.35876
No negatives,N0__noKD__yolo26n__s42,0.8032,0.06972,0.36381
No negatives,N0__noKD__yolo26n__s42,0.8057,0.06857,0.36696
No negatives,N0__noKD__yolo26n__s42,0.8081,0.06587,0.37264
No negatives,N0__noKD__yolo26n__s42,0.8106,0.06549,0.37894
No negatives,N0__noKD__yolo26n__s42,0.8131,0.06317,0.38588
No negatives,N0__noKD__yolo26n__s42,0.8156,0.06163,0.39218
No negatives,N0__noKD__yolo26n__s42,0.8181,0.06125,0.3947
No negatives,N0__noKD__yolo26n__s42,0.8205,0.05971,0.39849
No negatives,N0__noKD__yolo26n__s42,0.823,0.05855,0.40479
No negatives,N0__noKD__yolo26n__s42,0.8255,0.0574,0.41299
No negatives,N0__noKD__yolo26n__s42,0.828,0.05508,0.41992
No negatives,N0__noKD__yolo26n__s42,0.8304,0.05277,0.42812
No negatives,N0__noKD__yolo26n__s42,0.8329,0.052,0.4338
No negatives,N0__noKD__yolo26n__s42,0.8354,0.05123,0.44199
No negatives,N0__noKD__yolo26n__s42,0.8379,0.05008,0.44767
No negatives,N0__noKD__yolo26n__s42,0.8404,0.04738,0.45523
No negatives,N0__noKD__yolo26n__s42,0.8428,0.04661,0.46217
No negatives,N0__noKD__yolo26n__s42,0.8453,0.04507,0.47163
No negatives,N0__noKD__yolo26n__s42,0.8478,0.04276,0.48172
No negatives,N0__noKD__yolo26n__s42,0.8503,0.04237,0.48865
No negatives,N0__noKD__yolo26n__s42,0.8528,0.04199,0.49748
No negatives,N0__noKD__yolo26n__s42,0.8552,0.04122,0.50252
No negatives,N0__noKD__yolo26n__s42,0.8577,0.03929,0.51198
No negatives,N0__noKD__yolo26n__s42,0.8602,0.03775,0.52459
No negatives,N0__noKD__yolo26n__s42,0.8627,0.03582,0.53531
No negatives,N0__noKD__yolo26n__s42,0.8652,0.03505,0.54414
No negatives,N0__noKD__yolo26n__s42,0.8676,0.0339,0.55422
No negatives,N0__noKD__yolo26n__s42,0.8701,0.03197,0.56747
No negatives,N0__noKD__yolo26n__s42,0.8726,0.03005,0.57566
No negatives,N0__noKD__yolo26n__s42,0.8751,0.02928,0.5889
No negatives,N0__noKD__yolo26n__s42,0.8775,0.02773,0.60088
No negatives,N0__noKD__yolo26n__s42,0.88,0.02542,0.61349
No negatives,N0__noKD__yolo26n__s42,0.8825,0.02504,0.62106
No negatives,N0__noKD__yolo26n__s42,0.885,0.02465,0.62989
No negatives,N0__noKD__yolo26n__s42,0.8875,0.02196,0.63871
No negatives,N0__noKD__yolo26n__s42,0.8899,0.0208,0.65826
No negatives,N0__noKD__yolo26n__s42,0.8924,0.02003,0.67087
No negatives,N0__noKD__yolo26n__s42,0.8949,0.01888,0.68789
No negatives,N0__noKD__yolo26n__s42,0.8974,0.01772,0.70681
No negatives,N0__noKD__yolo26n__s42,0.8999,0.01695,0.72005
No negatives,N0__noKD__yolo26n__s42,0.9023,0.01541,0.73392
No negatives,N0__noKD__yolo26n__s42,0.9048,0.0131,0.74905
No negatives,N0__noKD__yolo26n__s42,0.9073,0.01156,0.75977
No negatives,N0__noKD__yolo26n__s42,0.9098,0.00963,0.77364
No negatives,N0__noKD__yolo26n__s42,0.9122,0.0077,0.78815
No negatives,N0__noKD__yolo26n__s42,0.9147,0.00578,0.80076
No negatives,N0__noKD__yolo26n__s42,0.9172,0.00539,0.81715
No negatives,N0__noKD__yolo26n__s42,0.9197,0.00347,0.82976
No negatives,N0__noKD__yolo26n__s42,0.9222,0.00308,0.84678
No negatives,N0__noKD__yolo26n__s42,0.9246,0.00193,0.86444
No negatives,N0__noKD__yolo26n__s42,0.9271,0.00193,0.87516
No negatives,N0__noKD__yolo26n__s42,0.9296,0.00116,0.89596
No negatives,N0__noKD__yolo26n__s42,0.9321,0.00077,0.90605
No negatives,N0__noKD__yolo26n__s42,0.9346,0.00077,0.91614
No negatives,N0__noKD__yolo26n__s42,0.937,0.00077,0.9319
No negatives,N0__noKD__yolo26n__s42,0.9395,0.00077,0.94578
No negatives,N0__noKD__yolo26n__s42,0.942,0.00077,0.95839
No negatives,N0__noKD__yolo26n__s42,0.9445,0.00077,0.96532
No negatives,N0__noKD__yolo26n__s42,0.9469,0.00039,0.97478
No negatives,N0__noKD__yolo26n__s42,0.9494,0.0,0.98108
No negatives,N0__noKD__yolo26n__s42,0.9519,0.0,0.98676
No negatives,N0__noKD__yolo26n__s42,0.9544,0.0,0.98865
No negatives,N0__noKD__yolo26n__s42,0.9569,0.0,0.99054
No negatives,N0__noKD__yolo26n__s42,0.9593,0.0,0.99496
No negatives,N0__noKD__yolo26n__s42,0.9618,0.0,0.99748
No negatives,N0__noKD__yolo26n__s42,0.9643,0.0,0.99937
No negatives,N0__noKD__yolo26n__s42,0.9668,0.0,1.0
No negatives,N0__noKD__yolo26n__s42,0.9693,0.0,1.0
No negatives,N0__noKD__yolo26n__s42,0.9717,0.0,1.0
No negatives,N0__noKD__yolo26n__s42,0.9742,0.0,1.0
No negatives,N0__noKD__yolo26n__s42,0.9767,0.0,1.0
No negatives,N0__noKD__yolo26n__s42,0.9792,0.0,1.0
No negatives,N0__noKD__yolo26n__s42,0.9816,0.0,1.0
No negatives,N0__noKD__yolo26n__s42,0.9841,0.0,1.0
No negatives,N0__noKD__yolo26n__s42,0.9866,0.0,1.0
No negatives,N0__noKD__yolo26n__s42,0.9891,0.0,1.0
No negatives,N0__noKD__yolo26n__s42,0.9916,0.0,1.0
No negatives,N0__noKD__yolo26n__s42,0.994,0.0,1.0
No negatives,N0__noKD__yolo26n__s42,0.9965,0.0,1.0
No negatives,N0__noKD__yolo26n__s42,0.999,0.0,1.0
Background 10% (433),BG10__noKD__yolo26n__s42,0.01,0.79006,0.06557
Background 10% (433),BG10__noKD__yolo26n__s42,0.0125,0.71032,0.0681
Background 10% (433),BG10__noKD__yolo26n__s42,0.015,0.65485,0.06873
Background 10% (433),BG10__noKD__yolo26n__s42,0.0174,0.61479,0.07188
Background 10% (433),BG10__noKD__yolo26n__s42,0.0199,0.58552,0.07314
Background 10% (433),BG10__noKD__yolo26n__s42,0.0224,0.55547,0.07566
Background 10% (433),BG10__noKD__yolo26n__s42,0.0249,0.5339,0.07881
Background 10% (433),BG10__noKD__yolo26n__s42,0.0274,0.51387,0.07881
Background 10% (433),BG10__noKD__yolo26n__s42,0.0298,0.49653,0.08071
Background 10% (433),BG10__noKD__yolo26n__s42,0.0323,0.48575,0.08197
Background 10% (433),BG10__noKD__yolo26n__s42,0.0348,0.46957,0.08386
Background 10% (433),BG10__noKD__yolo26n__s42,0.0373,0.45532,0.08449
Background 10% (433),BG10__noKD__yolo26n__s42,0.0397,0.44492,0.08449
Background 10% (433),BG10__noKD__yolo26n__s42,0.0422,0.43567,0.08449
Background 10% (433),BG10__noKD__yolo26n__s42,0.0447,0.42758,0.08512
Background 10% (433),BG10__noKD__yolo26n__s42,0.0472,0.41988,0.08575
Background 10% (433),BG10__noKD__yolo26n__s42,0.0497,0.40986,0.08638
Background 10% (433),BG10__noKD__yolo26n__s42,0.0521,0.401,0.08764
Background 10% (433),BG10__noKD__yolo26n__s42,0.0546,0.39561,0.08827
Background 10% (433),BG10__noKD__yolo26n__s42,0.0571,0.3906,0.0889
Background 10% (433),BG10__noKD__yolo26n__s42,0.0596,0.38251,0.08953
Background 10% (433),BG10__noKD__yolo26n__s42,0.0621,0.37442,0.09079
Background 10% (433),BG10__noKD__yolo26n__s42,0.0645,0.36941,0.09079
Background 10% (433),BG10__noKD__yolo26n__s42,0.067,0.36325,0.09079
Background 10% (433),BG10__noKD__yolo26n__s42,0.0695,0.3567,0.09142
Background 10% (433),BG10__noKD__yolo26n__s42,0.072,0.35247,0.09142
Background 10% (433),BG10__noKD__yolo26n__s42,0.0744,0.34823,0.09142
Background 10% (433),BG10__noKD__yolo26n__s42,0.0769,0.34515,0.09269
Background 10% (433),BG10__noKD__yolo26n__s42,0.0794,0.33898,0.09269
Background 10% (433),BG10__noKD__yolo26n__s42,0.0819,0.33552,0.09332
Background 10% (433),BG10__noKD__yolo26n__s42,0.0844,0.33398,0.09332
Background 10% (433),BG10__noKD__yolo26n__s42,0.0868,0.33359,0.09395
Background 10% (433),BG10__noKD__yolo26n__s42,0.0893,0.33051,0.09458
Background 10% (433),BG10__noKD__yolo26n__s42,0.0918,0.32743,0.09458
Background 10% (433),BG10__noKD__yolo26n__s42,0.0943,0.32396,0.09458
Background 10% (433),BG10__noKD__yolo26n__s42,0.0968,0.31934,0.09458
Background 10% (433),BG10__noKD__yolo26n__s42,0.0992,0.31471,0.09584
Background 10% (433),BG10__noKD__yolo26n__s42,0.1017,0.31356,0.09647
Background 10% (433),BG10__noKD__yolo26n__s42,0.1042,0.31163,0.09647
Background 10% (433),BG10__noKD__yolo26n__s42,0.1067,0.30894,0.09647
Background 10% (433),BG10__noKD__yolo26n__s42,0.1091,0.30701,0.09647
Background 10% (433),BG10__noKD__yolo26n__s42,0.1116,0.30508,0.09773
Background 10% (433),BG10__noKD__yolo26n__s42,0.1141,0.30354,0.09836
Background 10% (433),BG10__noKD__yolo26n__s42,0.1166,0.30046,0.09836
Background 10% (433),BG10__noKD__yolo26n__s42,0.1191,0.29854,0.09836
Background 10% (433),BG10__noKD__yolo26n__s42,0.1215,0.29545,0.09962
Background 10% (433),BG10__noKD__yolo26n__s42,0.124,0.29314,0.09962
Background 10% (433),BG10__noKD__yolo26n__s42,0.1265,0.29006,0.09962
Background 10% (433),BG10__noKD__yolo26n__s42,0.129,0.28891,0.10025
Background 10% (433),BG10__noKD__yolo26n__s42,0.1315,0.28505,0.10088
Background 10% (433),BG10__noKD__yolo26n__s42,0.1339,0.28351,0.10088
Background 10% (433),BG10__noKD__yolo26n__s42,0.1364,0.28236,0.10088
Background 10% (433),BG10__noKD__yolo26n__s42,0.1389,0.28005,0.10088
Background 10% (433),BG10__noKD__yolo26n__s42,0.1414,0.27851,0.10214
Background 10% (433),BG10__noKD__yolo26n__s42,0.1438,0.27581,0.10214
Background 10% (433),BG10__noKD__yolo26n__s42,0.1463,0.27388,0.10277
Background 10% (433),BG10__noKD__yolo26n__s42,0.1488,0.2708,0.10277
Background 10% (433),BG10__noKD__yolo26n__s42,0.1513,0.26965,0.10277
Background 10% (433),BG10__noKD__yolo26n__s42,0.1538,0.26772,0.10277
Background 10% (433),BG10__noKD__yolo26n__s42,0.1562,0.26425,0.10277
Background 10% (433),BG10__noKD__yolo26n__s42,0.1587,0.26233,0.10277
Background 10% (433),BG10__noKD__yolo26n__s42,0.1612,0.26002,0.10277
Background 10% (433),BG10__noKD__yolo26n__s42,0.1637,0.25732,0.1053
Background 10% (433),BG10__noKD__yolo26n__s42,0.1662,0.25462,0.10593
Background 10% (433),BG10__noKD__yolo26n__s42,0.1686,0.2527,0.10593
Background 10% (433),BG10__noKD__yolo26n__s42,0.1711,0.25039,0.10593
Background 10% (433),BG10__noKD__yolo26n__s42,0.1736,0.24846,0.10593
Background 10% (433),BG10__noKD__yolo26n__s42,0.1761,0.24692,0.10593
Background 10% (433),BG10__noKD__yolo26n__s42,0.1786,0.24461,0.10719
Background 10% (433),BG10__noKD__yolo26n__s42,0.181,0.24268,0.10719
Background 10% (433),BG10__noKD__yolo26n__s42,0.1835,0.23998,0.10719
Background 10% (433),BG10__noKD__yolo26n__s42,0.186,0.23883,0.10845
Background 10% (433),BG10__noKD__yolo26n__s42,0.1885,0.2369,0.10845
Background 10% (433),BG10__noKD__yolo26n__s42,0.1909,0.23575,0.10908
Background 10% (433),BG10__noKD__yolo26n__s42,0.1934,0.23382,0.10908
Background 10% (433),BG10__noKD__yolo26n__s42,0.1959,0.23112,0.10971
Background 10% (433),BG10__noKD__yolo26n__s42,0.1984,0.22881,0.10971
Background 10% (433),BG10__noKD__yolo26n__s42,0.2009,0.22689,0.10971
Background 10% (433),BG10__noKD__yolo26n__s42,0.2033,0.22496,0.10971
Background 10% (433),BG10__noKD__yolo26n__s42,0.2058,0.22342,0.10971
Background 10% (433),BG10__noKD__yolo26n__s42,0.2083,0.22188,0.10971
Background 10% (433),BG10__noKD__yolo26n__s42,0.2108,0.22072,0.10971
Background 10% (433),BG10__noKD__yolo26n__s42,0.2133,0.21957,0.11034
Background 10% (433),BG10__noKD__yolo26n__s42,0.2157,0.21918,0.11034
Background 10% (433),BG10__noKD__yolo26n__s42,0.2182,0.21764,0.11034
Background 10% (433),BG10__noKD__yolo26n__s42,0.2207,0.21649,0.11034
Background 10% (433),BG10__noKD__yolo26n__s42,0.2232,0.21495,0.1116
Background 10% (433),BG10__noKD__yolo26n__s42,0.2256,0.21418,0.11223
Background 10% (433),BG10__noKD__yolo26n__s42,0.2281,0.21302,0.11286
Background 10% (433),BG10__noKD__yolo26n__s42,0.2306,0.21225,0.11349
Background 10% (433),BG10__noKD__yolo26n__s42,0.2331,0.21148,0.11349
Background 10% (433),BG10__noKD__yolo26n__s42,0.2356,0.21032,0.11349
Background 10% (433),BG10__noKD__yolo26n__s42,0.238,0.20917,0.11349
Background 10% (433),BG10__noKD__yolo26n__s42,0.2405,0.20878,0.11349
Background 10% (433),BG10__noKD__yolo26n__s42,0.243,0.20724,0.11349
Background 10% (433),BG10__noKD__yolo26n__s42,0.2455,0.20686,0.11349
Background 10% (433),BG10__noKD__yolo26n__s42,0.248,0.20609,0.11349
Background 10% (433),BG10__noKD__yolo26n__s42,0.2504,0.20416,0.11412
Background 10% (433),BG10__noKD__yolo26n__s42,0.2529,0.203,0.11412
Background 10% (433),BG10__noKD__yolo26n__s42,0.2554,0.20223,0.11412
Background 10% (433),BG10__noKD__yolo26n__s42,0.2579,0.19915,0.11665
Background 10% (433),BG10__noKD__yolo26n__s42,0.2603,0.198,0.11665
Background 10% (433),BG10__noKD__yolo26n__s42,0.2628,0.19723,0.11791
Background 10% (433),BG10__noKD__yolo26n__s42,0.2653,0.19607,0.11854
Background 10% (433),BG10__noKD__yolo26n__s42,0.2678,0.1953,0.11854
Background 10% (433),BG10__noKD__yolo26n__s42,0.2703,0.19492,0.11917
Background 10% (433),BG10__noKD__yolo26n__s42,0.2727,0.19337,0.11917
Background 10% (433),BG10__noKD__yolo26n__s42,0.2752,0.1926,0.1198
Background 10% (433),BG10__noKD__yolo26n__s42,0.2777,0.19222,0.1198
Background 10% (433),BG10__noKD__yolo26n__s42,0.2802,0.19222,0.1198
Background 10% (433),BG10__noKD__yolo26n__s42,0.2827,0.19183,0.12043
Background 10% (433),BG10__noKD__yolo26n__s42,0.2851,0.19068,0.12043
Background 10% (433),BG10__noKD__yolo26n__s42,0.2876,0.18914,0.12043
Background 10% (433),BG10__noKD__yolo26n__s42,0.2901,0.18798,0.12043
Background 10% (433),BG10__noKD__yolo26n__s42,0.2926,0.1876,0.12043
Background 10% (433),BG10__noKD__yolo26n__s42,0.2951,0.18683,0.12043
Background 10% (433),BG10__noKD__yolo26n__s42,0.2975,0.18683,0.12043
Background 10% (433),BG10__noKD__yolo26n__s42,0.3,0.18644,0.12169
Background 10% (433),BG10__noKD__yolo26n__s42,0.3025,0.18644,0.12169
Background 10% (433),BG10__noKD__yolo26n__s42,0.305,0.18606,0.12169
Background 10% (433),BG10__noKD__yolo26n__s42,0.3074,0.18413,0.12169
Background 10% (433),BG10__noKD__yolo26n__s42,0.3099,0.18374,0.12232
Background 10% (433),BG10__noKD__yolo26n__s42,0.3124,0.18374,0.12232
Background 10% (433),BG10__noKD__yolo26n__s42,0.3149,0.18336,0.12232
Background 10% (433),BG10__noKD__yolo26n__s42,0.3174,0.18336,0.12232
Background 10% (433),BG10__noKD__yolo26n__s42,0.3198,0.18336,0.12232
Background 10% (433),BG10__noKD__yolo26n__s42,0.3223,0.18143,0.12295
Background 10% (433),BG10__noKD__yolo26n__s42,0.3248,0.17951,0.12358
Background 10% (433),BG10__noKD__yolo26n__s42,0.3273,0.17874,0.12358
Background 10% (433),BG10__noKD__yolo26n__s42,0.3298,0.17797,0.12484
Background 10% (433),BG10__noKD__yolo26n__s42,0.3322,0.17758,0.12484
Background 10% (433),BG10__noKD__yolo26n__s42,0.3347,0.17565,0.12547
Background 10% (433),BG10__noKD__yolo26n__s42,0.3372,0.17411,0.12547
Background 10% (433),BG10__noKD__yolo26n__s42,0.3397,0.17257,0.12799
Background 10% (433),BG10__noKD__yolo26n__s42,0.3421,0.17257,0.12863
Background 10% (433),BG10__noKD__yolo26n__s42,0.3446,0.17142,0.12926
Background 10% (433),BG10__noKD__yolo26n__s42,0.3471,0.17142,0.12926
Background 10% (433),BG10__noKD__yolo26n__s42,0.3496,0.17065,0.12989
Background 10% (433),BG10__noKD__yolo26n__s42,0.3521,0.16911,0.13115
Background 10% (433),BG10__noKD__yolo26n__s42,0.3545,0.16834,0.13178
Background 10% (433),BG10__noKD__yolo26n__s42,0.357,0.16795,0.13178
Background 10% (433),BG10__noKD__yolo26n__s42,0.3595,0.16795,0.13178
Background 10% (433),BG10__noKD__yolo26n__s42,0.362,0.16718,0.13178
Background 10% (433),BG10__noKD__yolo26n__s42,0.3645,0.16641,0.13241
Background 10% (433),BG10__noKD__yolo26n__s42,0.3669,0.16525,0.13367
Background 10% (433),BG10__noKD__yolo26n__s42,0.3694,0.16487,0.13367
Background 10% (433),BG10__noKD__yolo26n__s42,0.3719,0.16448,0.1343
Background 10% (433),BG10__noKD__yolo26n__s42,0.3744,0.16371,0.1343
Background 10% (433),BG10__noKD__yolo26n__s42,0.3768,0.16371,0.1343
Background 10% (433),BG10__noKD__yolo26n__s42,0.3793,0.16294,0.1343
Background 10% (433),BG10__noKD__yolo26n__s42,0.3818,0.16217,0.1343
Background 10% (433),BG10__noKD__yolo26n__s42,0.3843,0.16217,0.13493
Background 10% (433),BG10__noKD__yolo26n__s42,0.3868,0.16179,0.13556
Background 10% (433),BG10__noKD__yolo26n__s42,0.3892,0.16179,0.13619
Background 10% (433),BG10__noKD__yolo26n__s42,0.3917,0.16179,0.13682
Background 10% (433),BG10__noKD__yolo26n__s42,0.3942,0.1614,0.13808
Background 10% (433),BG10__noKD__yolo26n__s42,0.3967,0.16025,0.13934
Background 10% (433),BG10__noKD__yolo26n__s42,0.3992,0.15909,0.14061
Background 10% (433),BG10__noKD__yolo26n__s42,0.4016,0.15832,0.14187
Background 10% (433),BG10__noKD__yolo26n__s42,0.4041,0.15755,0.14313
Background 10% (433),BG10__noKD__yolo26n__s42,0.4066,0.15755,0.14313
Background 10% (433),BG10__noKD__yolo26n__s42,0.4091,0.15716,0.14376
Background 10% (433),BG10__noKD__yolo26n__s42,0.4115,0.15601,0.14376
Background 10% (433),BG10__noKD__yolo26n__s42,0.414,0.15408,0.14376
Background 10% (433),BG10__noKD__yolo26n__s42,0.4165,0.15331,0.14376
Background 10% (433),BG10__noKD__yolo26n__s42,0.419,0.15177,0.14439
Background 10% (433),BG10__noKD__yolo26n__s42,0.4215,0.15062,0.14439
Background 10% (433),BG10__noKD__yolo26n__s42,0.4239,0.15062,0.14502
Background 10% (433),BG10__noKD__yolo26n__s42,0.4264,0.14985,0.14628
Background 10% (433),BG10__noKD__yolo26n__s42,0.4289,0.14908,0.14691
Background 10% (433),BG10__noKD__yolo26n__s42,0.4314,0.14792,0.15006
Background 10% (433),BG10__noKD__yolo26n__s42,0.4339,0.14792,0.15006
Background 10% (433),BG10__noKD__yolo26n__s42,0.4363,0.14715,0.15069
Background 10% (433),BG10__noKD__yolo26n__s42,0.4388,0.14676,0.15069
Background 10% (433),BG10__noKD__yolo26n__s42,0.4413,0.14599,0.15069
Background 10% (433),BG10__noKD__yolo26n__s42,0.4438,0.14484,0.15069
Background 10% (433),BG10__noKD__yolo26n__s42,0.4463,0.14484,0.15132
Background 10% (433),BG10__noKD__yolo26n__s42,0.4487,0.14445,0.15195
Background 10% (433),BG10__noKD__yolo26n__s42,0.4512,0.14368,0.15322
Background 10% (433),BG10__noKD__yolo26n__s42,0.4537,0.14291,0.15322
Background 10% (433),BG10__noKD__yolo26n__s42,0.4562,0.14176,0.15322
Background 10% (433),BG10__noKD__yolo26n__s42,0.4586,0.1406,0.15448
Background 10% (433),BG10__noKD__yolo26n__s42,0.4611,0.13983,0.15448
Background 10% (433),BG10__noKD__yolo26n__s42,0.4636,0.13829,0.15637
Background 10% (433),BG10__noKD__yolo26n__s42,0.4661,0.13752,0.15763
Background 10% (433),BG10__noKD__yolo26n__s42,0.4686,0.13675,0.15763
Background 10% (433),BG10__noKD__yolo26n__s42,0.471,0.13598,0.16015
Background 10% (433),BG10__noKD__yolo26n__s42,0.4735,0.13482,0.16015
Background 10% (433),BG10__noKD__yolo26n__s42,0.476,0.13444,0.16078
Background 10% (433),BG10__noKD__yolo26n__s42,0.4785,0.13405,0.16141
Background 10% (433),BG10__noKD__yolo26n__s42,0.481,0.13367,0.16204
Background 10% (433),BG10__noKD__yolo26n__s42,0.4834,0.1329,0.16267
Background 10% (433),BG10__noKD__yolo26n__s42,0.4859,0.13213,0.16393
Background 10% (433),BG10__noKD__yolo26n__s42,0.4884,0.13136,0.16393
Background 10% (433),BG10__noKD__yolo26n__s42,0.4909,0.13097,0.16456
Background 10% (433),BG10__noKD__yolo26n__s42,0.4933,0.13059,0.16456
Background 10% (433),BG10__noKD__yolo26n__s42,0.4958,0.1302,0.16646
Background 10% (433),BG10__noKD__yolo26n__s42,0.4983,0.12982,0.16646
Background 10% (433),BG10__noKD__yolo26n__s42,0.5008,0.12904,0.16646
Background 10% (433),BG10__noKD__yolo26n__s42,0.5033,0.12904,0.16709
Background 10% (433),BG10__noKD__yolo26n__s42,0.5057,0.12866,0.16709
Background 10% (433),BG10__noKD__yolo26n__s42,0.5082,0.12827,0.16709
Background 10% (433),BG10__noKD__yolo26n__s42,0.5107,0.12673,0.16835
Background 10% (433),BG10__noKD__yolo26n__s42,0.5132,0.12635,0.16898
Background 10% (433),BG10__noKD__yolo26n__s42,0.5157,0.12558,0.16961
Background 10% (433),BG10__noKD__yolo26n__s42,0.5181,0.12365,0.16961
Background 10% (433),BG10__noKD__yolo26n__s42,0.5206,0.12327,0.17024
Background 10% (433),BG10__noKD__yolo26n__s42,0.5231,0.1225,0.1715
Background 10% (433),BG10__noKD__yolo26n__s42,0.5256,0.12211,0.1715
Background 10% (433),BG10__noKD__yolo26n__s42,0.528,0.12211,0.17213
Background 10% (433),BG10__noKD__yolo26n__s42,0.5305,0.12134,0.17213
Background 10% (433),BG10__noKD__yolo26n__s42,0.533,0.12018,0.17339
Background 10% (433),BG10__noKD__yolo26n__s42,0.5355,0.1198,0.17465
Background 10% (433),BG10__noKD__yolo26n__s42,0.538,0.11903,0.17528
Background 10% (433),BG10__noKD__yolo26n__s42,0.5404,0.11864,0.17528
Background 10% (433),BG10__noKD__yolo26n__s42,0.5429,0.1171,0.17591
Background 10% (433),BG10__noKD__yolo26n__s42,0.5454,0.11595,0.17654
Background 10% (433),BG10__noKD__yolo26n__s42,0.5479,0.11595,0.17781
Background 10% (433),BG10__noKD__yolo26n__s42,0.5504,0.11441,0.17844
Background 10% (433),BG10__noKD__yolo26n__s42,0.5528,0.11287,0.17907
Background 10% (433),BG10__noKD__yolo26n__s42,0.5553,0.11287,0.18411
Background 10% (433),BG10__noKD__yolo26n__s42,0.5578,0.11171,0.18411
Background 10% (433),BG10__noKD__yolo26n__s42,0.5603,0.11017,0.18537
Background 10% (433),BG10__noKD__yolo26n__s42,0.5627,0.11017,0.18726
Background 10% (433),BG10__noKD__yolo26n__s42,0.5652,0.1094,0.18852
Background 10% (433),BG10__noKD__yolo26n__s42,0.5677,0.10863,0.18916
Background 10% (433),BG10__noKD__yolo26n__s42,0.5702,0.10786,0.19105
Background 10% (433),BG10__noKD__yolo26n__s42,0.5727,0.10632,0.19168
Background 10% (433),BG10__noKD__yolo26n__s42,0.5751,0.10555,0.19294
Background 10% (433),BG10__noKD__yolo26n__s42,0.5776,0.10439,0.19483
Background 10% (433),BG10__noKD__yolo26n__s42,0.5801,0.10439,0.19483
Background 10% (433),BG10__noKD__yolo26n__s42,0.5826,0.10439,0.19483
Background 10% (433),BG10__noKD__yolo26n__s42,0.5851,0.10362,0.19609
Background 10% (433),BG10__noKD__yolo26n__s42,0.5875,0.10362,0.19609
Background 10% (433),BG10__noKD__yolo26n__s42,0.59,0.10285,0.19672
Background 10% (433),BG10__noKD__yolo26n__s42,0.5925,0.10285,0.19672
Background 10% (433),BG10__noKD__yolo26n__s42,0.595,0.10208,0.19672
Background 10% (433),BG10__noKD__yolo26n__s42,0.5975,0.10092,0.19798
Background 10% (433),BG10__noKD__yolo26n__s42,0.5999,0.10092,0.19861
Background 10% (433),BG10__noKD__yolo26n__s42,0.6024,0.09977,0.19924
Background 10% (433),BG10__noKD__yolo26n__s42,0.6049,0.09938,0.19924
Background 10% (433),BG10__noKD__yolo26n__s42,0.6074,0.099,0.19987
Background 10% (433),BG10__noKD__yolo26n__s42,0.6098,0.09861,0.20113
Background 10% (433),BG10__noKD__yolo26n__s42,0.6123,0.09707,0.20113
Background 10% (433),BG10__noKD__yolo26n__s42,0.6148,0.09707,0.20177
Background 10% (433),BG10__noKD__yolo26n__s42,0.6173,0.09669,0.20555
Background 10% (433),BG10__noKD__yolo26n__s42,0.6198,0.09592,0.20744
Background 10% (433),BG10__noKD__yolo26n__s42,0.6222,0.09553,0.20996
Background 10% (433),BG10__noKD__yolo26n__s42,0.6247,0.09553,0.21185
Background 10% (433),BG10__noKD__yolo26n__s42,0.6272,0.09438,0.21375
Background 10% (433),BG10__noKD__yolo26n__s42,0.6297,0.09438,0.21753
Background 10% (433),BG10__noKD__yolo26n__s42,0.6322,0.09399,0.21879
Background 10% (433),BG10__noKD__yolo26n__s42,0.6346,0.09284,0.21879
Background 10% (433),BG10__noKD__yolo26n__s42,0.6371,0.09245,0.22068
Background 10% (433),BG10__noKD__yolo26n__s42,0.6396,0.09129,0.22194
Background 10% (433),BG10__noKD__yolo26n__s42,0.6421,0.09052,0.22383
Background 10% (433),BG10__noKD__yolo26n__s42,0.6445,0.08937,0.22446
Background 10% (433),BG10__noKD__yolo26n__s42,0.647,0.0886,0.22509
Background 10% (433),BG10__noKD__yolo26n__s42,0.6495,0.08744,0.22573
Background 10% (433),BG10__noKD__yolo26n__s42,0.652,0.08706,0.22573
Background 10% (433),BG10__noKD__yolo26n__s42,0.6545,0.08629,0.22699
Background 10% (433),BG10__noKD__yolo26n__s42,0.6569,0.08629,0.22888
Background 10% (433),BG10__noKD__yolo26n__s42,0.6594,0.0859,0.22951
Background 10% (433),BG10__noKD__yolo26n__s42,0.6619,0.08513,0.2314
Background 10% (433),BG10__noKD__yolo26n__s42,0.6644,0.08475,0.23203
Background 10% (433),BG10__noKD__yolo26n__s42,0.6669,0.08398,0.23518
Background 10% (433),BG10__noKD__yolo26n__s42,0.6693,0.08205,0.23644
Background 10% (433),BG10__noKD__yolo26n__s42,0.6718,0.08205,0.23834
Background 10% (433),BG10__noKD__yolo26n__s42,0.6743,0.08051,0.23897
Background 10% (433),BG10__noKD__yolo26n__s42,0.6768,0.07897,0.24086
Background 10% (433),BG10__noKD__yolo26n__s42,0.6792,0.07743,0.24464
Background 10% (433),BG10__noKD__yolo26n__s42,0.6817,0.07704,0.24527
Background 10% (433),BG10__noKD__yolo26n__s42,0.6842,0.07627,0.24779
Background 10% (433),BG10__noKD__yolo26n__s42,0.6867,0.07627,0.24905
Background 10% (433),BG10__noKD__yolo26n__s42,0.6892,0.0755,0.25032
Background 10% (433),BG10__noKD__yolo26n__s42,0.6916,0.07473,0.25284
Background 10% (433),BG10__noKD__yolo26n__s42,0.6941,0.07319,0.25473
Background 10% (433),BG10__noKD__yolo26n__s42,0.6966,0.07126,0.25662
Background 10% (433),BG10__noKD__yolo26n__s42,0.6991,0.07049,0.25851
Background 10% (433),BG10__noKD__yolo26n__s42,0.7016,0.06857,0.25977
Background 10% (433),BG10__noKD__yolo26n__s42,0.704,0.06818,0.26293
Background 10% (433),BG10__noKD__yolo26n__s42,0.7065,0.06664,0.26734
Background 10% (433),BG10__noKD__yolo26n__s42,0.709,0.06664,0.2686
Background 10% (433),BG10__noKD__yolo26n__s42,0.7115,0.0651,0.27049
Background 10% (433),BG10__noKD__yolo26n__s42,0.7139,0.06471,0.27112
Background 10% (433),BG10__noKD__yolo26n__s42,0.7164,0.06279,0.27364
Background 10% (433),BG10__noKD__yolo26n__s42,0.7189,0.06125,0.27491
Background 10% (433),BG10__noKD__yolo26n__s42,0.7214,0.06048,0.27806
Background 10% (433),BG10__noKD__yolo26n__s42,0.7239,0.06009,0.28184
Background 10% (433),BG10__noKD__yolo26n__s42,0.7263,0.05932,0.28373
Background 10% (433),BG10__noKD__yolo26n__s42,0.7288,0.05855,0.28625
Background 10% (433),BG10__noKD__yolo26n__s42,0.7313,0.05817,0.28752
Background 10% (433),BG10__noKD__yolo26n__s42,0.7338,0.0574,0.28878
Background 10% (433),BG10__noKD__yolo26n__s42,0.7363,0.05663,0.29004
Background 10% (433),BG10__noKD__yolo26n__s42,0.7387,0.05586,0.29256
Background 10% (433),BG10__noKD__yolo26n__s42,0.7412,0.05508,0.29382
Background 10% (433),BG10__noKD__yolo26n__s42,0.7437,0.05431,0.29697
Background 10% (433),BG10__noKD__yolo26n__s42,0.7462,0.05354,0.29823
Background 10% (433),BG10__noKD__yolo26n__s42,0.7487,0.052,0.30076
Background 10% (433),BG10__noKD__yolo26n__s42,0.7511,0.05008,0.30391
Background 10% (433),BG10__noKD__yolo26n__s42,0.7536,0.04969,0.30517
Background 10% (433),BG10__noKD__yolo26n__s42,0.7561,0.04854,0.30958
Background 10% (433),BG10__noKD__yolo26n__s42,0.7586,0.04854,0.314
Background 10% (433),BG10__noKD__yolo26n__s42,0.761,0.04738,0.31967
Background 10% (433),BG10__noKD__yolo26n__s42,0.7635,0.04738,0.32219
Background 10% (433),BG10__noKD__yolo26n__s42,0.766,0.04661,0.32724
Background 10% (433),BG10__noKD__yolo26n__s42,0.7685,0.04622,0.32976
Background 10% (433),BG10__noKD__yolo26n__s42,0.771,0.04545,0.33354
Background 10% (433),BG10__noKD__yolo26n__s42,0.7734,0.04507,0.33544
Background 10% (433),BG10__noKD__yolo26n__s42,0.7759,0.04468,0.33859
Background 10% (433),BG10__noKD__yolo26n__s42,0.7784,0.0443,0.34237
Background 10% (433),BG10__noKD__yolo26n__s42,0.7809,0.04391,0.34552
Background 10% (433),BG10__noKD__yolo26n__s42,0.7834,0.04391,0.34741
Background 10% (433),BG10__noKD__yolo26n__s42,0.7858,0.04353,0.34868
Background 10% (433),BG10__noKD__yolo26n__s42,0.7883,0.04237,0.35057
Background 10% (433),BG10__noKD__yolo26n__s42,0.7908,0.04199,0.35624
Background 10% (433),BG10__noKD__yolo26n__s42,0.7933,0.04083,0.36255
Background 10% (433),BG10__noKD__yolo26n__s42,0.7957,0.03929,0.36444
Background 10% (433),BG10__noKD__yolo26n__s42,0.7982,0.03775,0.36822
Background 10% (433),BG10__noKD__yolo26n__s42,0.8007,0.03775,0.37264
Background 10% (433),BG10__noKD__yolo26n__s42,0.8032,0.03659,0.37579
Background 10% (433),BG10__noKD__yolo26n__s42,0.8057,0.03505,0.38083
Background 10% (433),BG10__noKD__yolo26n__s42,0.8081,0.0339,0.38209
Background 10% (433),BG10__noKD__yolo26n__s42,0.8106,0.03351,0.38714
Background 10% (433),BG10__noKD__yolo26n__s42,0.8131,0.03274,0.39281
Background 10% (433),BG10__noKD__yolo26n__s42,0.8156,0.03236,0.39912
Background 10% (433),BG10__noKD__yolo26n__s42,0.8181,0.03082,0.40479
Background 10% (433),BG10__noKD__yolo26n__s42,0.8205,0.03005,0.41236
Background 10% (433),BG10__noKD__yolo26n__s42,0.823,0.02966,0.41866
Background 10% (433),BG10__noKD__yolo26n__s42,0.8255,0.02889,0.4256
Background 10% (433),BG10__noKD__yolo26n__s42,0.828,0.02812,0.43064
Background 10% (433),BG10__noKD__yolo26n__s42,0.8304,0.02696,0.43506
Background 10% (433),BG10__noKD__yolo26n__s42,0.8329,0.02658,0.43695
Background 10% (433),BG10__noKD__yolo26n__s42,0.8354,0.02619,0.44199
Background 10% (433),BG10__noKD__yolo26n__s42,0.8379,0.02542,0.44893
Background 10% (433),BG10__noKD__yolo26n__s42,0.8404,0.02542,0.45649
Background 10% (433),BG10__noKD__yolo26n__s42,0.8428,0.02427,0.4628
Background 10% (433),BG10__noKD__yolo26n__s42,0.8453,0.02427,0.47037
Background 10% (433),BG10__noKD__yolo26n__s42,0.8478,0.02311,0.47604
Background 10% (433),BG10__noKD__yolo26n__s42,0.8503,0.02196,0.48676
Background 10% (433),BG10__noKD__yolo26n__s42,0.8528,0.02157,0.49496
Background 10% (433),BG10__noKD__yolo26n__s42,0.8552,0.02157,0.50504
Background 10% (433),BG10__noKD__yolo26n__s42,0.8577,0.02157,0.51324
Background 10% (433),BG10__noKD__yolo26n__s42,0.8602,0.02119,0.52711
Background 10% (433),BG10__noKD__yolo26n__s42,0.8627,0.02042,0.54035
Background 10% (433),BG10__noKD__yolo26n__s42,0.8652,0.01888,0.55044
Background 10% (433),BG10__noKD__yolo26n__s42,0.8676,0.01733,0.56305
Background 10% (433),BG10__noKD__yolo26n__s42,0.8701,0.01695,0.57125
Background 10% (433),BG10__noKD__yolo26n__s42,0.8726,0.01579,0.58134
Background 10% (433),BG10__noKD__yolo26n__s42,0.8751,0.01425,0.59584
Background 10% (433),BG10__noKD__yolo26n__s42,0.8775,0.01348,0.6053
Background 10% (433),BG10__noKD__yolo26n__s42,0.88,0.01233,0.61475
Background 10% (433),BG10__noKD__yolo26n__s42,0.8825,0.01233,0.6261
Background 10% (433),BG10__noKD__yolo26n__s42,0.885,0.01194,0.63682
Background 10% (433),BG10__noKD__yolo26n__s42,0.8875,0.0104,0.65132
Background 10% (433),BG10__noKD__yolo26n__s42,0.8899,0.00886,0.66267
Background 10% (433),BG10__noKD__yolo26n__s42,0.8924,0.00847,0.67276
Background 10% (433),BG10__noKD__yolo26n__s42,0.8949,0.00809,0.68726
Background 10% (433),BG10__noKD__yolo26n__s42,0.8974,0.0077,0.69735
Background 10% (433),BG10__noKD__yolo26n__s42,0.8999,0.00732,0.70618
Background 10% (433),BG10__noKD__yolo26n__s42,0.9023,0.00655,0.72005
Background 10% (433),BG10__noKD__yolo26n__s42,0.9048,0.00539,0.73392
Background 10% (433),BG10__noKD__yolo26n__s42,0.9073,0.00424,0.74716
Background 10% (433),BG10__noKD__yolo26n__s42,0.9098,0.00347,0.76608
Background 10% (433),BG10__noKD__yolo26n__s42,0.9122,0.00308,0.78184
Background 10% (433),BG10__noKD__yolo26n__s42,0.9147,0.00231,0.80076
Background 10% (433),BG10__noKD__yolo26n__s42,0.9172,0.00154,0.81526
Background 10% (433),BG10__noKD__yolo26n__s42,0.9197,0.00154,0.82724
Background 10% (433),BG10__noKD__yolo26n__s42,0.9222,0.00154,0.84237
Background 10% (433),BG10__noKD__yolo26n__s42,0.9246,0.00154,0.85939
Background 10% (433),BG10__noKD__yolo26n__s42,0.9271,0.00116,0.86885
Background 10% (433),BG10__noKD__yolo26n__s42,0.9296,0.00077,0.88525
Background 10% (433),BG10__noKD__yolo26n__s42,0.9321,0.00039,0.89723
Background 10% (433),BG10__noKD__yolo26n__s42,0.9346,0.0,0.90731
Background 10% (433),BG10__noKD__yolo26n__s42,0.937,0.0,0.91866
Background 10% (433),BG10__noKD__yolo26n__s42,0.9395,0.0,0.93506
Background 10% (433),BG10__noKD__yolo26n__s42,0.942,0.0,0.9483
Background 10% (433),BG10__noKD__yolo26n__s42,0.9445,0.0,0.96217
Background 10% (433),BG10__noKD__yolo26n__s42,0.9469,0.0,0.96974
Background 10% (433),BG10__noKD__yolo26n__s42,0.9494,0.0,0.9773
Background 10% (433),BG10__noKD__yolo26n__s42,0.9519,0.0,0.98298
Background 10% (433),BG10__noKD__yolo26n__s42,0.9544,0.0,0.99054
Background 10% (433),BG10__noKD__yolo26n__s42,0.9569,0.0,0.99748
Background 10% (433),BG10__noKD__yolo26n__s42,0.9593,0.0,1.0
Background 10% (433),BG10__noKD__yolo26n__s42,0.9618,0.0,1.0
Background 10% (433),BG10__noKD__yolo26n__s42,0.9643,0.0,1.0
Background 10% (433),BG10__noKD__yolo26n__s42,0.9668,0.0,1.0
Background 10% (433),BG10__noKD__yolo26n__s42,0.9693,0.0,1.0
Background 10% (433),BG10__noKD__yolo26n__s42,0.9717,0.0,1.0
Background 10% (433),BG10__noKD__yolo26n__s42,0.9742,0.0,1.0
Background 10% (433),BG10__noKD__yolo26n__s42,0.9767,0.0,1.0
Background 10% (433),BG10__noKD__yolo26n__s42,0.9792,0.0,1.0
Background 10% (433),BG10__noKD__yolo26n__s42,0.9816,0.0,1.0
Background 10% (433),BG10__noKD__yolo26n__s42,0.9841,0.0,1.0
Background 10% (433),BG10__noKD__yolo26n__s42,0.9866,0.0,1.0
Background 10% (433),BG10__noKD__yolo26n__s42,0.9891,0.0,1.0
Background 10% (433),BG10__noKD__yolo26n__s42,0.9916,0.0,1.0
Background 10% (433),BG10__noKD__yolo26n__s42,0.994,0.0,1.0
Background 10% (433),BG10__noKD__yolo26n__s42,0.9965,0.0,1.0
Background 10% (433),BG10__noKD__yolo26n__s42,0.999,0.0,1.0
"Random, 1,638",R__noKD__yolo26n__s42,0.01,0.57666,0.0826
"Random, 1,638",R__noKD__yolo26n__s42,0.0125,0.51541,0.08512
"Random, 1,638",R__noKD__yolo26n__s42,0.015,0.47419,0.0889
"Random, 1,638",R__noKD__yolo26n__s42,0.0174,0.44106,0.09142
"Random, 1,638",R__noKD__yolo26n__s42,0.0199,0.41102,0.09269
"Random, 1,638",R__noKD__yolo26n__s42,0.0224,0.3906,0.09521
"Random, 1,638",R__noKD__yolo26n__s42,0.0249,0.3698,0.09521
"Random, 1,638",R__noKD__yolo26n__s42,0.0274,0.3567,0.09584
"Random, 1,638",R__noKD__yolo26n__s42,0.0298,0.34361,0.09584
"Random, 1,638",R__noKD__yolo26n__s42,0.0323,0.32897,0.09647
"Random, 1,638",R__noKD__yolo26n__s42,0.0348,0.31741,0.09773
"Random, 1,638",R__noKD__yolo26n__s42,0.0373,0.30778,0.09899
"Random, 1,638",R__noKD__yolo26n__s42,0.0397,0.29661,0.09962
"Random, 1,638",R__noKD__yolo26n__s42,0.0422,0.28891,0.09962
"Random, 1,638",R__noKD__yolo26n__s42,0.0447,0.27966,0.10025
"Random, 1,638",R__noKD__yolo26n__s42,0.0472,0.27388,0.10151
"Random, 1,638",R__noKD__yolo26n__s42,0.0497,0.26541,0.10277
"Random, 1,638",R__noKD__yolo26n__s42,0.0521,0.26271,0.1034
"Random, 1,638",R__noKD__yolo26n__s42,0.0546,0.25886,0.10404
"Random, 1,638",R__noKD__yolo26n__s42,0.0571,0.25154,0.1053
"Random, 1,638",R__noKD__yolo26n__s42,0.0596,0.2473,0.1053
"Random, 1,638",R__noKD__yolo26n__s42,0.0621,0.24153,0.10593
"Random, 1,638",R__noKD__yolo26n__s42,0.0645,0.23767,0.10656
"Random, 1,638",R__noKD__yolo26n__s42,0.067,0.2319,0.10656
"Random, 1,638",R__noKD__yolo26n__s42,0.0695,0.22804,0.10656
"Random, 1,638",R__noKD__yolo26n__s42,0.072,0.22612,0.10719
"Random, 1,638",R__noKD__yolo26n__s42,0.0744,0.22188,0.10719
"Random, 1,638",R__noKD__yolo26n__s42,0.0769,0.21918,0.10908
"Random, 1,638",R__noKD__yolo26n__s42,0.0794,0.2161,0.10971
"Random, 1,638",R__noKD__yolo26n__s42,0.0819,0.21263,0.11034
"Random, 1,638",R__noKD__yolo26n__s42,0.0844,0.20763,0.11034
"Random, 1,638",R__noKD__yolo26n__s42,0.0868,0.2057,0.11097
"Random, 1,638",R__noKD__yolo26n__s42,0.0893,0.20185,0.1116
"Random, 1,638",R__noKD__yolo26n__s42,0.0918,0.19761,0.11223
"Random, 1,638",R__noKD__yolo26n__s42,0.0943,0.19376,0.11286
"Random, 1,638",R__noKD__yolo26n__s42,0.0968,0.19183,0.11412
"Random, 1,638",R__noKD__yolo26n__s42,0.0992,0.18991,0.11475
"Random, 1,638",R__noKD__yolo26n__s42,0.1017,0.18683,0.11538
"Random, 1,638",R__noKD__yolo26n__s42,0.1042,0.18451,0.11665
"Random, 1,638",R__noKD__yolo26n__s42,0.1067,0.18259,0.11728
"Random, 1,638",R__noKD__yolo26n__s42,0.1091,0.1822,0.11917
"Random, 1,638",R__noKD__yolo26n__s42,0.1116,0.18105,0.12043
"Random, 1,638",R__noKD__yolo26n__s42,0.1141,0.17874,0.12106
"Random, 1,638",R__noKD__yolo26n__s42,0.1166,0.1772,0.12106
"Random, 1,638",R__noKD__yolo26n__s42,0.1191,0.17681,0.12106
"Random, 1,638",R__noKD__yolo26n__s42,0.1215,0.1745,0.12169
"Random, 1,638",R__noKD__yolo26n__s42,0.124,0.1718,0.12169
"Random, 1,638",R__noKD__yolo26n__s42,0.1265,0.17026,0.12169
"Random, 1,638",R__noKD__yolo26n__s42,0.129,0.16834,0.12169
"Random, 1,638",R__noKD__yolo26n__s42,0.1315,0.16718,0.12169
"Random, 1,638",R__noKD__yolo26n__s42,0.1339,0.16487,0.12295
"Random, 1,638",R__noKD__yolo26n__s42,0.1364,0.16371,0.12358
"Random, 1,638",R__noKD__yolo26n__s42,0.1389,0.16217,0.12358
"Random, 1,638",R__noKD__yolo26n__s42,0.1414,0.1614,0.12358
"Random, 1,638",R__noKD__yolo26n__s42,0.1438,0.15986,0.12358
"Random, 1,638",R__noKD__yolo26n__s42,0.1463,0.15678,0.12421
"Random, 1,638",R__noKD__yolo26n__s42,0.1488,0.15524,0.12484
"Random, 1,638",R__noKD__yolo26n__s42,0.1513,0.15254,0.12547
"Random, 1,638",R__noKD__yolo26n__s42,0.1538,0.15139,0.1261
"Random, 1,638",R__noKD__yolo26n__s42,0.1562,0.15023,0.12926
"Random, 1,638",R__noKD__yolo26n__s42,0.1587,0.14792,0.13052
"Random, 1,638",R__noKD__yolo26n__s42,0.1612,0.14715,0.13115
"Random, 1,638",R__noKD__yolo26n__s42,0.1637,0.14407,0.13178
"Random, 1,638",R__noKD__yolo26n__s42,0.1662,0.14253,0.13304
"Random, 1,638",R__noKD__yolo26n__s42,0.1686,0.14099,0.13493
"Random, 1,638",R__noKD__yolo26n__s42,0.1711,0.13945,0.13619
"Random, 1,638",R__noKD__yolo26n__s42,0.1736,0.13829,0.13619
"Random, 1,638",R__noKD__yolo26n__s42,0.1761,0.1379,0.13682
"Random, 1,638",R__noKD__yolo26n__s42,0.1786,0.13636,0.13682
"Random, 1,638",R__noKD__yolo26n__s42,0.181,0.13598,0.13682
"Random, 1,638",R__noKD__yolo26n__s42,0.1835,0.13405,0.13682
"Random, 1,638",R__noKD__yolo26n__s42,0.186,0.1329,0.13682
"Random, 1,638",R__noKD__yolo26n__s42,0.1885,0.13136,0.13682
"Random, 1,638",R__noKD__yolo26n__s42,0.1909,0.12982,0.13745
"Random, 1,638",R__noKD__yolo26n__s42,0.1934,0.12866,0.13808
"Random, 1,638",R__noKD__yolo26n__s42,0.1959,0.12827,0.13808
"Random, 1,638",R__noKD__yolo26n__s42,0.1984,0.1275,0.13871
"Random, 1,638",R__noKD__yolo26n__s42,0.2009,0.12442,0.13934
"Random, 1,638",R__noKD__yolo26n__s42,0.2033,0.12404,0.13934
"Random, 1,638",R__noKD__yolo26n__s42,0.2058,0.1225,0.13997
"Random, 1,638",R__noKD__yolo26n__s42,0.2083,0.12211,0.14061
"Random, 1,638",R__noKD__yolo26n__s42,0.2108,0.12096,0.14187
"Random, 1,638",R__noKD__yolo26n__s42,0.2133,0.12018,0.14187
"Random, 1,638",R__noKD__yolo26n__s42,0.2157,0.1198,0.1425
"Random, 1,638",R__noKD__yolo26n__s42,0.2182,0.11941,0.1425
"Random, 1,638",R__noKD__yolo26n__s42,0.2207,0.11903,0.14313
"Random, 1,638",R__noKD__yolo26n__s42,0.2232,0.11749,0.14502
"Random, 1,638",R__noKD__yolo26n__s42,0.2256,0.11749,0.14565
"Random, 1,638",R__noKD__yolo26n__s42,0.2281,0.1171,0.14565
"Random, 1,638",R__noKD__yolo26n__s42,0.2306,0.11672,0.14565
"Random, 1,638",R__noKD__yolo26n__s42,0.2331,0.11595,0.14565
"Random, 1,638",R__noKD__yolo26n__s42,0.2356,0.11518,0.14754
"Random, 1,638",R__noKD__yolo26n__s42,0.238,0.11479,0.14817
"Random, 1,638",R__noKD__yolo26n__s42,0.2405,0.11364,0.14817
"Random, 1,638",R__noKD__yolo26n__s42,0.243,0.11287,0.14817
"Random, 1,638",R__noKD__yolo26n__s42,0.2455,0.1121,0.1488
"Random, 1,638",R__noKD__yolo26n__s42,0.248,0.11133,0.1488
"Random, 1,638",R__noKD__yolo26n__s42,0.2504,0.11094,0.1488
"Random, 1,638",R__noKD__yolo26n__s42,0.2529,0.10978,0.1488
"Random, 1,638",R__noKD__yolo26n__s42,0.2554,0.10901,0.15069
"Random, 1,638",R__noKD__yolo26n__s42,0.2579,0.10824,0.15132
"Random, 1,638",R__noKD__yolo26n__s42,0.2603,0.10709,0.15132
"Random, 1,638",R__noKD__yolo26n__s42,0.2628,0.1067,0.15132
"Random, 1,638",R__noKD__yolo26n__s42,0.2653,0.1067,0.15132
"Random, 1,638",R__noKD__yolo26n__s42,0.2678,0.10555,0.15195
"Random, 1,638",R__noKD__yolo26n__s42,0.2703,0.10478,0.15195
"Random, 1,638",R__noKD__yolo26n__s42,0.2727,0.10362,0.15195
"Random, 1,638",R__noKD__yolo26n__s42,0.2752,0.10285,0.15195
"Random, 1,638",R__noKD__yolo26n__s42,0.2777,0.10208,0.15259
"Random, 1,638",R__noKD__yolo26n__s42,0.2802,0.10131,0.15322
"Random, 1,638",R__noKD__yolo26n__s42,0.2827,0.10054,0.15322
"Random, 1,638",R__noKD__yolo26n__s42,0.2851,0.09977,0.15322
"Random, 1,638",R__noKD__yolo26n__s42,0.2876,0.099,0.15448
"Random, 1,638",R__noKD__yolo26n__s42,0.2901,0.09823,0.15637
"Random, 1,638",R__noKD__yolo26n__s42,0.2926,0.09823,0.15763
"Random, 1,638",R__noKD__yolo26n__s42,0.2951,0.09746,0.15826
"Random, 1,638",R__noKD__yolo26n__s42,0.2975,0.09746,0.15826
"Random, 1,638",R__noKD__yolo26n__s42,0.3,0.09746,0.15826
"Random, 1,638",R__noKD__yolo26n__s42,0.3025,0.09707,0.15952
"Random, 1,638",R__noKD__yolo26n__s42,0.305,0.0963,0.16015
"Random, 1,638",R__noKD__yolo26n__s42,0.3074,0.09592,0.16078
"Random, 1,638",R__noKD__yolo26n__s42,0.3099,0.09515,0.16267
"Random, 1,638",R__noKD__yolo26n__s42,0.3124,0.09476,0.1633
"Random, 1,638",R__noKD__yolo26n__s42,0.3149,0.09399,0.1633
"Random, 1,638",R__noKD__yolo26n__s42,0.3174,0.09399,0.16393
"Random, 1,638",R__noKD__yolo26n__s42,0.3198,0.09361,0.16393
"Random, 1,638",R__noKD__yolo26n__s42,0.3223,0.09322,0.16393
"Random, 1,638",R__noKD__yolo26n__s42,0.3248,0.09284,0.16456
"Random, 1,638",R__noKD__yolo26n__s42,0.3273,0.09245,0.16583
"Random, 1,638",R__noKD__yolo26n__s42,0.3298,0.09245,0.16583
"Random, 1,638",R__noKD__yolo26n__s42,0.3322,0.09206,0.16583
"Random, 1,638",R__noKD__yolo26n__s42,0.3347,0.09206,0.16772
"Random, 1,638",R__noKD__yolo26n__s42,0.3372,0.09091,0.16835
"Random, 1,638",R__noKD__yolo26n__s42,0.3397,0.09091,0.16835
"Random, 1,638",R__noKD__yolo26n__s42,0.3421,0.09014,0.16835
"Random, 1,638",R__noKD__yolo26n__s42,0.3446,0.08821,0.16835
"Random, 1,638",R__noKD__yolo26n__s42,0.3471,0.08783,0.16898
"Random, 1,638",R__noKD__yolo26n__s42,0.3496,0.08706,0.16961
"Random, 1,638",R__noKD__yolo26n__s42,0.3521,0.08667,0.16961
"Random, 1,638",R__noKD__yolo26n__s42,0.3545,0.08667,0.16961
"Random, 1,638",R__noKD__yolo26n__s42,0.357,0.08629,0.16961
"Random, 1,638",R__noKD__yolo26n__s42,0.3595,0.08475,0.17024
"Random, 1,638",R__noKD__yolo26n__s42,0.362,0.08436,0.1715
"Random, 1,638",R__noKD__yolo26n__s42,0.3645,0.08436,0.1715
"Random, 1,638",R__noKD__yolo26n__s42,0.3669,0.08436,0.1715
"Random, 1,638",R__noKD__yolo26n__s42,0.3694,0.08398,0.1715
"Random, 1,638",R__noKD__yolo26n__s42,0.3719,0.0832,0.17213
"Random, 1,638",R__noKD__yolo26n__s42,0.3744,0.08243,0.17213
"Random, 1,638",R__noKD__yolo26n__s42,0.3768,0.08243,0.17276
"Random, 1,638",R__noKD__yolo26n__s42,0.3793,0.08243,0.17276
"Random, 1,638",R__noKD__yolo26n__s42,0.3818,0.08243,0.17339
"Random, 1,638",R__noKD__yolo26n__s42,0.3843,0.08205,0.17528
"Random, 1,638",R__noKD__yolo26n__s42,0.3868,0.08089,0.17528
"Random, 1,638",R__noKD__yolo26n__s42,0.3892,0.08012,0.17528
"Random, 1,638",R__noKD__yolo26n__s42,0.3917,0.07935,0.17528
"Random, 1,638",R__noKD__yolo26n__s42,0.3942,0.07897,0.17591
"Random, 1,638",R__noKD__yolo26n__s42,0.3967,0.07897,0.17654
"Random, 1,638",R__noKD__yolo26n__s42,0.3992,0.07858,0.17654
"Random, 1,638",R__noKD__yolo26n__s42,0.4016,0.0782,0.17654
"Random, 1,638",R__noKD__yolo26n__s42,0.4041,0.07781,0.17781
"Random, 1,638",R__noKD__yolo26n__s42,0.4066,0.07704,0.17844
"Random, 1,638",R__noKD__yolo26n__s42,0.4091,0.07666,0.17844
"Random, 1,638",R__noKD__yolo26n__s42,0.4115,0.07666,0.1797
"Random, 1,638",R__noKD__yolo26n__s42,0.414,0.0755,0.18033
"Random, 1,638",R__noKD__yolo26n__s42,0.4165,0.0755,0.18159
"Random, 1,638",R__noKD__yolo26n__s42,0.419,0.07473,0.18222
"Random, 1,638",R__noKD__yolo26n__s42,0.4215,0.07473,0.18222
"Random, 1,638",R__noKD__yolo26n__s42,0.4239,0.07473,0.18285
"Random, 1,638",R__noKD__yolo26n__s42,0.4264,0.07396,0.18348
"Random, 1,638",R__noKD__yolo26n__s42,0.4289,0.07396,0.18411
"Random, 1,638",R__noKD__yolo26n__s42,0.4314,0.07357,0.186
"Random, 1,638",R__noKD__yolo26n__s42,0.4339,0.07319,0.18663
"Random, 1,638",R__noKD__yolo26n__s42,0.4363,0.07203,0.18726
"Random, 1,638",R__noKD__yolo26n__s42,0.4388,0.07165,0.18789
"Random, 1,638",R__noKD__yolo26n__s42,0.4413,0.07126,0.18852
"Random, 1,638",R__noKD__yolo26n__s42,0.4438,0.07126,0.18916
"Random, 1,638",R__noKD__yolo26n__s42,0.4463,0.07011,0.18979
"Random, 1,638",R__noKD__yolo26n__s42,0.4487,0.06895,0.19042
"Random, 1,638",R__noKD__yolo26n__s42,0.4512,0.06818,0.19042
"Random, 1,638",R__noKD__yolo26n__s42,0.4537,0.06818,0.19168
"Random, 1,638",R__noKD__yolo26n__s42,0.4562,0.0678,0.19168
"Random, 1,638",R__noKD__yolo26n__s42,0.4586,0.06664,0.1942
"Random, 1,638",R__noKD__yolo26n__s42,0.4611,0.06626,0.19483
"Random, 1,638",R__noKD__yolo26n__s42,0.4636,0.06587,0.19483
"Random, 1,638",R__noKD__yolo26n__s42,0.4661,0.06549,0.19609
"Random, 1,638",R__noKD__yolo26n__s42,0.4686,0.0651,0.19798
"Random, 1,638",R__noKD__yolo26n__s42,0.471,0.06433,0.19861
"Random, 1,638",R__noKD__yolo26n__s42,0.4735,0.06356,0.19987
"Random, 1,638",R__noKD__yolo26n__s42,0.476,0.06202,0.2024
"Random, 1,638",R__noKD__yolo26n__s42,0.4785,0.06163,0.20366
"Random, 1,638",R__noKD__yolo26n__s42,0.481,0.06125,0.20366
"Random, 1,638",R__noKD__yolo26n__s42,0.4834,0.06125,0.20429
"Random, 1,638",R__noKD__yolo26n__s42,0.4859,0.06086,0.20492
"Random, 1,638",R__noKD__yolo26n__s42,0.4884,0.06048,0.20555
"Random, 1,638",R__noKD__yolo26n__s42,0.4909,0.06048,0.20618
"Random, 1,638",R__noKD__yolo26n__s42,0.4933,0.06009,0.20807
"Random, 1,638",R__noKD__yolo26n__s42,0.4958,0.06009,0.20807
"Random, 1,638",R__noKD__yolo26n__s42,0.4983,0.06009,0.20807
"Random, 1,638",R__noKD__yolo26n__s42,0.5008,0.06009,0.2087
"Random, 1,638",R__noKD__yolo26n__s42,0.5033,0.05971,0.2087
"Random, 1,638",R__noKD__yolo26n__s42,0.5057,0.05971,0.20933
"Random, 1,638",R__noKD__yolo26n__s42,0.5082,0.05932,0.20996
"Random, 1,638",R__noKD__yolo26n__s42,0.5107,0.05855,0.21122
"Random, 1,638",R__noKD__yolo26n__s42,0.5132,0.05817,0.21185
"Random, 1,638",R__noKD__yolo26n__s42,0.5157,0.05778,0.21185
"Random, 1,638",R__noKD__yolo26n__s42,0.5181,0.0574,0.21185
"Random, 1,638",R__noKD__yolo26n__s42,0.5206,0.0574,0.21185
"Random, 1,638",R__noKD__yolo26n__s42,0.5231,0.0574,0.21185
"Random, 1,638",R__noKD__yolo26n__s42,0.5256,0.0574,0.21248
"Random, 1,638",R__noKD__yolo26n__s42,0.528,0.0574,0.21311
"Random, 1,638",R__noKD__yolo26n__s42,0.5305,0.05624,0.21375
"Random, 1,638",R__noKD__yolo26n__s42,0.533,0.05586,0.21438
"Random, 1,638",R__noKD__yolo26n__s42,0.5355,0.05586,0.21564
"Random, 1,638",R__noKD__yolo26n__s42,0.538,0.05547,0.21564
"Random, 1,638",R__noKD__yolo26n__s42,0.5404,0.05547,0.21627
"Random, 1,638",R__noKD__yolo26n__s42,0.5429,0.0547,0.21753
"Random, 1,638",R__noKD__yolo26n__s42,0.5454,0.05431,0.21816
"Random, 1,638",R__noKD__yolo26n__s42,0.5479,0.05431,0.21942
"Random, 1,638",R__noKD__yolo26n__s42,0.5504,0.05431,0.21942
"Random, 1,638",R__noKD__yolo26n__s42,0.5528,0.05393,0.22005
"Random, 1,638",R__noKD__yolo26n__s42,0.5553,0.05354,0.22005
"Random, 1,638",R__noKD__yolo26n__s42,0.5578,0.05239,0.22068
"Random, 1,638",R__noKD__yolo26n__s42,0.5603,0.05239,0.22194
"Random, 1,638",R__noKD__yolo26n__s42,0.5627,0.05162,0.22257
"Random, 1,638",R__noKD__yolo26n__s42,0.5652,0.05123,0.22257
"Random, 1,638",R__noKD__yolo26n__s42,0.5677,0.05085,0.2232
"Random, 1,638",R__noKD__yolo26n__s42,0.5702,0.05085,0.22509
"Random, 1,638",R__noKD__yolo26n__s42,0.5727,0.05085,0.22573
"Random, 1,638",R__noKD__yolo26n__s42,0.5751,0.05008,0.22636
"Random, 1,638",R__noKD__yolo26n__s42,0.5776,0.05008,0.22699
"Random, 1,638",R__noKD__yolo26n__s42,0.5801,0.04931,0.22699
"Random, 1,638",R__noKD__yolo26n__s42,0.5826,0.04931,0.22699
"Random, 1,638",R__noKD__yolo26n__s42,0.5851,0.04931,0.22888
"Random, 1,638",R__noKD__yolo26n__s42,0.5875,0.04892,0.22951
"Random, 1,638",R__noKD__yolo26n__s42,0.59,0.04815,0.23203
"Random, 1,638",R__noKD__yolo26n__s42,0.5925,0.04777,0.23329
"Random, 1,638",R__noKD__yolo26n__s42,0.595,0.04738,0.23644
"Random, 1,638",R__noKD__yolo26n__s42,0.5975,0.04661,0.23644
"Random, 1,638",R__noKD__yolo26n__s42,0.5999,0.04622,0.2377
"Random, 1,638",R__noKD__yolo26n__s42,0.6024,0.04584,0.23897
"Random, 1,638",R__noKD__yolo26n__s42,0.6049,0.04545,0.23897
"Random, 1,638",R__noKD__yolo26n__s42,0.6074,0.04468,0.24086
"Random, 1,638",R__noKD__yolo26n__s42,0.6098,0.04468,0.24086
"Random, 1,638",R__noKD__yolo26n__s42,0.6123,0.04468,0.24275
"Random, 1,638",R__noKD__yolo26n__s42,0.6148,0.04468,0.24275
"Random, 1,638",R__noKD__yolo26n__s42,0.6173,0.0443,0.24275
"Random, 1,638",R__noKD__yolo26n__s42,0.6198,0.0443,0.24338
"Random, 1,638",R__noKD__yolo26n__s42,0.6222,0.0443,0.24653
"Random, 1,638",R__noKD__yolo26n__s42,0.6247,0.04391,0.24779
"Random, 1,638",R__noKD__yolo26n__s42,0.6272,0.04353,0.24905
"Random, 1,638",R__noKD__yolo26n__s42,0.6297,0.04314,0.24968
"Random, 1,638",R__noKD__yolo26n__s42,0.6322,0.04237,0.25032
"Random, 1,638",R__noKD__yolo26n__s42,0.6346,0.04199,0.25032
"Random, 1,638",R__noKD__yolo26n__s42,0.6371,0.0416,0.25158
"Random, 1,638",R__noKD__yolo26n__s42,0.6396,0.04122,0.25158
"Random, 1,638",R__noKD__yolo26n__s42,0.6421,0.03968,0.25473
"Random, 1,638",R__noKD__yolo26n__s42,0.6445,0.03968,0.25662
"Random, 1,638",R__noKD__yolo26n__s42,0.647,0.03891,0.25851
"Random, 1,638",R__noKD__yolo26n__s42,0.6495,0.03891,0.26103
"Random, 1,638",R__noKD__yolo26n__s42,0.652,0.03891,0.26356
"Random, 1,638",R__noKD__yolo26n__s42,0.6545,0.03852,0.26545
"Random, 1,638",R__noKD__yolo26n__s42,0.6569,0.03775,0.26923
"Random, 1,638",R__noKD__yolo26n__s42,0.6594,0.03737,0.27049
"Random, 1,638",R__noKD__yolo26n__s42,0.6619,0.03698,0.27238
"Random, 1,638",R__noKD__yolo26n__s42,0.6644,0.03621,0.27427
"Random, 1,638",R__noKD__yolo26n__s42,0.6669,0.03621,0.27427
"Random, 1,638",R__noKD__yolo26n__s42,0.6693,0.03544,0.27554
"Random, 1,638",R__noKD__yolo26n__s42,0.6718,0.03505,0.27743
"Random, 1,638",R__noKD__yolo26n__s42,0.6743,0.0339,0.27932
"Random, 1,638",R__noKD__yolo26n__s42,0.6768,0.03313,0.27995
"Random, 1,638",R__noKD__yolo26n__s42,0.6792,0.03313,0.28247
"Random, 1,638",R__noKD__yolo26n__s42,0.6817,0.03274,0.28436
"Random, 1,638",R__noKD__yolo26n__s42,0.6842,0.03274,0.28878
"Random, 1,638",R__noKD__yolo26n__s42,0.6867,0.03159,0.29004
"Random, 1,638",R__noKD__yolo26n__s42,0.6892,0.03043,0.29256
"Random, 1,638",R__noKD__yolo26n__s42,0.6916,0.02966,0.29382
"Random, 1,638",R__noKD__yolo26n__s42,0.6941,0.02928,0.29445
"Random, 1,638",R__noKD__yolo26n__s42,0.6966,0.02889,0.29823
"Random, 1,638",R__noKD__yolo26n__s42,0.6991,0.02889,0.30013
"Random, 1,638",R__noKD__yolo26n__s42,0.7016,0.02851,0.30265
"Random, 1,638",R__noKD__yolo26n__s42,0.704,0.02773,0.30391
"Random, 1,638",R__noKD__yolo26n__s42,0.7065,0.02773,0.3058
"Random, 1,638",R__noKD__yolo26n__s42,0.709,0.02773,0.30769
"Random, 1,638",R__noKD__yolo26n__s42,0.7115,0.02735,0.30895
"Random, 1,638",R__noKD__yolo26n__s42,0.7139,0.02696,0.31084
"Random, 1,638",R__noKD__yolo26n__s42,0.7164,0.02658,0.314
"Random, 1,638",R__noKD__yolo26n__s42,0.7189,0.02619,0.31841
"Random, 1,638",R__noKD__yolo26n__s42,0.7214,0.02619,0.3203
"Random, 1,638",R__noKD__yolo26n__s42,0.7239,0.02581,0.32282
"Random, 1,638",R__noKD__yolo26n__s42,0.7263,0.02581,0.32472
"Random, 1,638",R__noKD__yolo26n__s42,0.7288,0.02504,0.32787
"Random, 1,638",R__noKD__yolo26n__s42,0.7313,0.02465,0.3285
"Random, 1,638",R__noKD__yolo26n__s42,0.7338,0.02465,0.33165
"Random, 1,638",R__noKD__yolo26n__s42,0.7363,0.02465,0.33165
"Random, 1,638",R__noKD__yolo26n__s42,0.7387,0.02465,0.33291
"Random, 1,638",R__noKD__yolo26n__s42,0.7412,0.02311,0.3348
"Random, 1,638",R__noKD__yolo26n__s42,0.7437,0.02311,0.33985
"Random, 1,638",R__noKD__yolo26n__s42,0.7462,0.02311,0.34111
"Random, 1,638",R__noKD__yolo26n__s42,0.7487,0.02311,0.34363
"Random, 1,638",R__noKD__yolo26n__s42,0.7511,0.02311,0.34552
"Random, 1,638",R__noKD__yolo26n__s42,0.7536,0.02273,0.34868
"Random, 1,638",R__noKD__yolo26n__s42,0.7561,0.02273,0.3512
"Random, 1,638",R__noKD__yolo26n__s42,0.7586,0.02196,0.35309
"Random, 1,638",R__noKD__yolo26n__s42,0.761,0.02157,0.35561
"Random, 1,638",R__noKD__yolo26n__s42,0.7635,0.02157,0.35813
"Random, 1,638",R__noKD__yolo26n__s42,0.766,0.02157,0.36129
"Random, 1,638",R__noKD__yolo26n__s42,0.7685,0.02119,0.36255
"Random, 1,638",R__noKD__yolo26n__s42,0.771,0.02042,0.3657
"Random, 1,638",R__noKD__yolo26n__s42,0.7734,0.02042,0.37264
"Random, 1,638",R__noKD__yolo26n__s42,0.7759,0.02003,0.37579
"Random, 1,638",R__noKD__yolo26n__s42,0.7784,0.01965,0.3802
"Random, 1,638",R__noKD__yolo26n__s42,0.7809,0.01888,0.38398
"Random, 1,638",R__noKD__yolo26n__s42,0.7834,0.01888,0.38777
"Random, 1,638",R__noKD__yolo26n__s42,0.7858,0.01849,0.39407
"Random, 1,638",R__noKD__yolo26n__s42,0.7883,0.01772,0.39912
"Random, 1,638",R__noKD__yolo26n__s42,0.7908,0.01772,0.4029
"Random, 1,638",R__noKD__yolo26n__s42,0.7933,0.01733,0.40605
"Random, 1,638",R__noKD__yolo26n__s42,0.7957,0.01733,0.41047
"Random, 1,638",R__noKD__yolo26n__s42,0.7982,0.01733,0.41488
"Random, 1,638",R__noKD__yolo26n__s42,0.8007,0.01656,0.41803
"Random, 1,638",R__noKD__yolo26n__s42,0.8032,0.01656,0.42308
"Random, 1,638",R__noKD__yolo26n__s42,0.8057,0.01618,0.42623
"Random, 1,638",R__noKD__yolo26n__s42,0.8081,0.01618,0.4338
"Random, 1,638",R__noKD__yolo26n__s42,0.8106,0.01618,0.43758
"Random, 1,638",R__noKD__yolo26n__s42,0.8131,0.01618,0.44262
"Random, 1,638",R__noKD__yolo26n__s42,0.8156,0.01579,0.45082
"Random, 1,638",R__noKD__yolo26n__s42,0.8181,0.01541,0.45523
"Random, 1,638",R__noKD__yolo26n__s42,0.8205,0.01502,0.46028
"Random, 1,638",R__noKD__yolo26n__s42,0.823,0.01464,0.46721
"Random, 1,638",R__noKD__yolo26n__s42,0.8255,0.01464,0.47289
"Random, 1,638",R__noKD__yolo26n__s42,0.828,0.01425,0.47604
"Random, 1,638",R__noKD__yolo26n__s42,0.8304,0.01387,0.48613
"Random, 1,638",R__noKD__yolo26n__s42,0.8329,0.01271,0.4918
"Random, 1,638",R__noKD__yolo26n__s42,0.8354,0.01233,0.49559
"Random, 1,638",R__noKD__yolo26n__s42,0.8379,0.01194,0.50252
"Random, 1,638",R__noKD__yolo26n__s42,0.8404,0.01194,0.51198
"Random, 1,638",R__noKD__yolo26n__s42,0.8428,0.01194,0.52144
"Random, 1,638",R__noKD__yolo26n__s42,0.8453,0.01079,0.5309
"Random, 1,638",R__noKD__yolo26n__s42,0.8478,0.0104,0.5372
"Random, 1,638",R__noKD__yolo26n__s42,0.8503,0.01002,0.54414
"Random, 1,638",R__noKD__yolo26n__s42,0.8528,0.01002,0.55359
"Random, 1,638",R__noKD__yolo26n__s42,0.8552,0.00886,0.56053
"Random, 1,638",R__noKD__yolo26n__s42,0.8577,0.00847,0.57188
"Random, 1,638",R__noKD__yolo26n__s42,0.8602,0.0077,0.58071
"Random, 1,638",R__noKD__yolo26n__s42,0.8627,0.0077,0.5889
"Random, 1,638",R__noKD__yolo26n__s42,0.8652,0.0077,0.60214
"Random, 1,638",R__noKD__yolo26n__s42,0.8676,0.00732,0.6116
"Random, 1,638",R__noKD__yolo26n__s42,0.8701,0.00655,0.61917
"Random, 1,638",R__noKD__yolo26n__s42,0.8726,0.00616,0.63178
"Random, 1,638",R__noKD__yolo26n__s42,0.8751,0.00578,0.64313
"Random, 1,638",R__noKD__yolo26n__s42,0.8775,0.00578,0.65132
"Random, 1,638",R__noKD__yolo26n__s42,0.88,0.00578,0.66456
"Random, 1,638",R__noKD__yolo26n__s42,0.8825,0.00578,0.67465
"Random, 1,638",R__noKD__yolo26n__s42,0.885,0.00578,0.68285
"Random, 1,638",R__noKD__yolo26n__s42,0.8875,0.00539,0.6942
"Random, 1,638",R__noKD__yolo26n__s42,0.8899,0.00462,0.70366
"Random, 1,638",R__noKD__yolo26n__s42,0.8924,0.00424,0.71627
"Random, 1,638",R__noKD__yolo26n__s42,0.8949,0.00424,0.73014
"Random, 1,638",R__noKD__yolo26n__s42,0.8974,0.00385,0.74023
"Random, 1,638",R__noKD__yolo26n__s42,0.8999,0.00347,0.74968
"Random, 1,638",R__noKD__yolo26n__s42,0.9023,0.00347,0.76103
"Random, 1,638",R__noKD__yolo26n__s42,0.9048,0.00308,0.77175
"Random, 1,638",R__noKD__yolo26n__s42,0.9073,0.0027,0.78436
"Random, 1,638",R__noKD__yolo26n__s42,0.9098,0.0027,0.79571
"Random, 1,638",R__noKD__yolo26n__s42,0.9122,0.00231,0.80643
"Random, 1,638",R__noKD__yolo26n__s42,0.9147,0.00193,0.82409
"Random, 1,638",R__noKD__yolo26n__s42,0.9172,0.00193,0.84363
"Random, 1,638",R__noKD__yolo26n__s42,0.9197,0.00116,0.85876
"Random, 1,638",R__noKD__yolo26n__s42,0.9222,0.00077,0.87516
"Random, 1,638",R__noKD__yolo26n__s42,0.9246,0.0,0.88903
"Random, 1,638",R__noKD__yolo26n__s42,0.9271,0.0,0.90605
"Random, 1,638",R__noKD__yolo26n__s42,0.9296,0.0,0.92497
"Random, 1,638",R__noKD__yolo26n__s42,0.9321,0.0,0.93821
"Random, 1,638",R__noKD__yolo26n__s42,0.9346,0.0,0.95334
"Random, 1,638",R__noKD__yolo26n__s42,0.937,0.0,0.9628
"Random, 1,638",R__noKD__yolo26n__s42,0.9395,0.0,0.97163
"Random, 1,638",R__noKD__yolo26n__s42,0.942,0.0,0.98108
"Random, 1,638",R__noKD__yolo26n__s42,0.9445,0.0,0.98361
"Random, 1,638",R__noKD__yolo26n__s42,0.9469,0.0,0.98928
"Random, 1,638",R__noKD__yolo26n__s42,0.9494,0.0,0.99054
"Random, 1,638",R__noKD__yolo26n__s42,0.9519,0.0,0.99496
"Random, 1,638",R__noKD__yolo26n__s42,0.9544,0.0,0.99685
"Random, 1,638",R__noKD__yolo26n__s42,0.9569,0.0,0.99811
"Random, 1,638",R__noKD__yolo26n__s42,0.9593,0.0,0.99874
"Random, 1,638",R__noKD__yolo26n__s42,0.9618,0.0,0.99937
"Random, 1,638",R__noKD__yolo26n__s42,0.9643,0.0,1.0
"Random, 1,638",R__noKD__yolo26n__s42,0.9668,0.0,1.0
"Random, 1,638",R__noKD__yolo26n__s42,0.9693,0.0,1.0
"Random, 1,638",R__noKD__yolo26n__s42,0.9717,0.0,1.0
"Random, 1,638",R__noKD__yolo26n__s42,0.9742,0.0,1.0
"Random, 1,638",R__noKD__yolo26n__s42,0.9767,0.0,1.0
"Random, 1,638",R__noKD__yolo26n__s42,0.9792,0.0,1.0
"Random, 1,638",R__noKD__yolo26n__s42,0.9816,0.0,1.0
"Random, 1,638",R__noKD__yolo26n__s42,0.9841,0.0,1.0
"Random, 1,638",R__noKD__yolo26n__s42,0.9866,0.0,1.0
"Random, 1,638",R__noKD__yolo26n__s42,0.9891,0.0,1.0
"Random, 1,638",R__noKD__yolo26n__s42,0.9916,0.0,1.0
"Random, 1,638",R__noKD__yolo26n__s42,0.994,0.0,1.0
"Random, 1,638",R__noKD__yolo26n__s42,0.9965,0.0,1.0
"Random, 1,638",R__noKD__yolo26n__s42,0.999,0.0,1.0
"L-ratio, 1,638",L__noKD__yolo26n__s42,0.01,0.82858,0.06683
"L-ratio, 1,638",L__noKD__yolo26n__s42,0.0125,0.73729,0.07062
"L-ratio, 1,638",L__noKD__yolo26n__s42,0.015,0.66988,0.07188
"L-ratio, 1,638",L__noKD__yolo26n__s42,0.0174,0.6302,0.0744
"L-ratio, 1,638",L__noKD__yolo26n__s42,0.0199,0.5859,0.07755
"L-ratio, 1,638",L__noKD__yolo26n__s42,0.0224,0.56163,0.07818
"L-ratio, 1,638",L__noKD__yolo26n__s42,0.0249,0.53351,0.08008
"L-ratio, 1,638",L__noKD__yolo26n__s42,0.0274,0.51271,0.0826
"L-ratio, 1,638",L__noKD__yolo26n__s42,0.0298,0.49191,0.08323
"L-ratio, 1,638",L__noKD__yolo26n__s42,0.0323,0.47458,0.08575
"L-ratio, 1,638",L__noKD__yolo26n__s42,0.0348,0.45724,0.08764
"L-ratio, 1,638",L__noKD__yolo26n__s42,0.0373,0.44183,0.08953
"L-ratio, 1,638",L__noKD__yolo26n__s42,0.0397,0.42604,0.09142
"L-ratio, 1,638",L__noKD__yolo26n__s42,0.0422,0.41448,0.09269
"L-ratio, 1,638",L__noKD__yolo26n__s42,0.0447,0.40177,0.09269
"L-ratio, 1,638",L__noKD__yolo26n__s42,0.0472,0.39253,0.09458
"L-ratio, 1,638",L__noKD__yolo26n__s42,0.0497,0.38328,0.09584
"L-ratio, 1,638",L__noKD__yolo26n__s42,0.0521,0.37558,0.09773
"L-ratio, 1,638",L__noKD__yolo26n__s42,0.0546,0.36903,0.09836
"L-ratio, 1,638",L__noKD__yolo26n__s42,0.0571,0.36287,0.09899
"L-ratio, 1,638",L__noKD__yolo26n__s42,0.0596,0.35555,0.10088
"L-ratio, 1,638",L__noKD__yolo26n__s42,0.0621,0.34823,0.10151
"L-ratio, 1,638",L__noKD__yolo26n__s42,0.0645,0.34284,0.10277
"L-ratio, 1,638",L__noKD__yolo26n__s42,0.067,0.33706,0.1034
"L-ratio, 1,638",L__noKD__yolo26n__s42,0.0695,0.33128,0.1034
"L-ratio, 1,638",L__noKD__yolo26n__s42,0.072,0.32704,0.10467
"L-ratio, 1,638",L__noKD__yolo26n__s42,0.0744,0.32357,0.10593
"L-ratio, 1,638",L__noKD__yolo26n__s42,0.0769,0.31934,0.10719
"L-ratio, 1,638",L__noKD__yolo26n__s42,0.0794,0.3124,0.10845
"L-ratio, 1,638",L__noKD__yolo26n__s42,0.0819,0.30932,0.10971
"L-ratio, 1,638",L__noKD__yolo26n__s42,0.0844,0.3047,0.10971
"L-ratio, 1,638",L__noKD__yolo26n__s42,0.0868,0.30123,0.10971
"L-ratio, 1,638",L__noKD__yolo26n__s42,0.0893,0.297,0.10971
"L-ratio, 1,638",L__noKD__yolo26n__s42,0.0918,0.2943,0.11034
"L-ratio, 1,638",L__noKD__yolo26n__s42,0.0943,0.29006,0.1116
"L-ratio, 1,638",L__noKD__yolo26n__s42,0.0968,0.28737,0.1116
"L-ratio, 1,638",L__noKD__yolo26n__s42,0.0992,0.2839,0.11286
"L-ratio, 1,638",L__noKD__yolo26n__s42,0.1017,0.28159,0.11286
"L-ratio, 1,638",L__noKD__yolo26n__s42,0.1042,0.27966,0.11286
"L-ratio, 1,638",L__noKD__yolo26n__s42,0.1067,0.27696,0.11349
"L-ratio, 1,638",L__noKD__yolo26n__s42,0.1091,0.27311,0.11538
"L-ratio, 1,638",L__noKD__yolo26n__s42,0.1116,0.27003,0.11665
"L-ratio, 1,638",L__noKD__yolo26n__s42,0.1141,0.26772,0.11854
"L-ratio, 1,638",L__noKD__yolo26n__s42,0.1166,0.26464,0.11917
"L-ratio, 1,638",L__noKD__yolo26n__s42,0.1191,0.26194,0.1198
"L-ratio, 1,638",L__noKD__yolo26n__s42,0.1215,0.26002,0.12043
"L-ratio, 1,638",L__noKD__yolo26n__s42,0.124,0.2577,0.12169
"L-ratio, 1,638",L__noKD__yolo26n__s42,0.1265,0.25539,0.12232
"L-ratio, 1,638",L__noKD__yolo26n__s42,0.129,0.25193,0.12358
"L-ratio, 1,638",L__noKD__yolo26n__s42,0.1315,0.24923,0.12484
"L-ratio, 1,638",L__noKD__yolo26n__s42,0.1339,0.2473,0.12547
"L-ratio, 1,638",L__noKD__yolo26n__s42,0.1364,0.24422,0.1261
"L-ratio, 1,638",L__noKD__yolo26n__s42,0.1389,0.24345,0.12736
"L-ratio, 1,638",L__noKD__yolo26n__s42,0.1414,0.2396,0.12799
"L-ratio, 1,638",L__noKD__yolo26n__s42,0.1438,0.23883,0.12799
"L-ratio, 1,638",L__noKD__yolo26n__s42,0.1463,0.23767,0.12799
"L-ratio, 1,638",L__noKD__yolo26n__s42,0.1488,0.23729,0.12799
"L-ratio, 1,638",L__noKD__yolo26n__s42,0.1513,0.23382,0.12863
"L-ratio, 1,638",L__noKD__yolo26n__s42,0.1538,0.23074,0.12863
"L-ratio, 1,638",L__noKD__yolo26n__s42,0.1562,0.22804,0.12926
"L-ratio, 1,638",L__noKD__yolo26n__s42,0.1587,0.22535,0.12989
"L-ratio, 1,638",L__noKD__yolo26n__s42,0.1612,0.22419,0.13178
"L-ratio, 1,638",L__noKD__yolo26n__s42,0.1637,0.22342,0.13304
"L-ratio, 1,638",L__noKD__yolo26n__s42,0.1662,0.22111,0.1343
"L-ratio, 1,638",L__noKD__yolo26n__s42,0.1686,0.22072,0.1343
"L-ratio, 1,638",L__noKD__yolo26n__s42,0.1711,0.21841,0.13493
"L-ratio, 1,638",L__noKD__yolo26n__s42,0.1736,0.21533,0.13493
"L-ratio, 1,638",L__noKD__yolo26n__s42,0.1761,0.21302,0.13493
"L-ratio, 1,638",L__noKD__yolo26n__s42,0.1786,0.21225,0.13556
"L-ratio, 1,638",L__noKD__yolo26n__s42,0.181,0.21032,0.13556
"L-ratio, 1,638",L__noKD__yolo26n__s42,0.1835,0.20917,0.13556
"L-ratio, 1,638",L__noKD__yolo26n__s42,0.186,0.20532,0.13619
"L-ratio, 1,638",L__noKD__yolo26n__s42,0.1885,0.20339,0.13682
"L-ratio, 1,638",L__noKD__yolo26n__s42,0.1909,0.203,0.13682
"L-ratio, 1,638",L__noKD__yolo26n__s42,0.1934,0.20108,0.13745
"L-ratio, 1,638",L__noKD__yolo26n__s42,0.1959,0.198,0.13808
"L-ratio, 1,638",L__noKD__yolo26n__s42,0.1984,0.19453,0.13934
"L-ratio, 1,638",L__noKD__yolo26n__s42,0.2009,0.19376,0.13997
"L-ratio, 1,638",L__noKD__yolo26n__s42,0.2033,0.19145,0.13997
"L-ratio, 1,638",L__noKD__yolo26n__s42,0.2058,0.19029,0.14061
"L-ratio, 1,638",L__noKD__yolo26n__s42,0.2083,0.18914,0.14187
"L-ratio, 1,638",L__noKD__yolo26n__s42,0.2108,0.18798,0.14187
"L-ratio, 1,638",L__noKD__yolo26n__s42,0.2133,0.18644,0.14313
"L-ratio, 1,638",L__noKD__yolo26n__s42,0.2157,0.18413,0.14313
"L-ratio, 1,638",L__noKD__yolo26n__s42,0.2182,0.18259,0.14313
"L-ratio, 1,638",L__noKD__yolo26n__s42,0.2207,0.17989,0.14313
"L-ratio, 1,638",L__noKD__yolo26n__s42,0.2232,0.17835,0.14313
"L-ratio, 1,638",L__noKD__yolo26n__s42,0.2256,0.17758,0.14313
"L-ratio, 1,638",L__noKD__yolo26n__s42,0.2281,0.17643,0.14439
"L-ratio, 1,638",L__noKD__yolo26n__s42,0.2306,0.17488,0.14565
"L-ratio, 1,638",L__noKD__yolo26n__s42,0.2331,0.17373,0.14628
"L-ratio, 1,638",L__noKD__yolo26n__s42,0.2356,0.1718,0.14691
"L-ratio, 1,638",L__noKD__yolo26n__s42,0.238,0.16911,0.14691
"L-ratio, 1,638",L__noKD__yolo26n__s42,0.2405,0.16834,0.14691
"L-ratio, 1,638",L__noKD__yolo26n__s42,0.243,0.16795,0.14754
"L-ratio, 1,638",L__noKD__yolo26n__s42,0.2455,0.16487,0.14754
"L-ratio, 1,638",L__noKD__yolo26n__s42,0.248,0.16256,0.14754
"L-ratio, 1,638",L__noKD__yolo26n__s42,0.2504,0.16102,0.14754
"L-ratio, 1,638",L__noKD__yolo26n__s42,0.2529,0.15909,0.14817
"L-ratio, 1,638",L__noKD__yolo26n__s42,0.2554,0.15639,0.1488
"L-ratio, 1,638",L__noKD__yolo26n__s42,0.2579,0.15408,0.14943
"L-ratio, 1,638",L__noKD__yolo26n__s42,0.2603,0.15139,0.15006
"L-ratio, 1,638",L__noKD__yolo26n__s42,0.2628,0.15062,0.15069
"L-ratio, 1,638",L__noKD__yolo26n__s42,0.2653,0.14985,0.15132
"L-ratio, 1,638",L__noKD__yolo26n__s42,0.2678,0.14869,0.15132
"L-ratio, 1,638",L__noKD__yolo26n__s42,0.2703,0.14831,0.15195
"L-ratio, 1,638",L__noKD__yolo26n__s42,0.2727,0.14792,0.15195
"L-ratio, 1,638",L__noKD__yolo26n__s42,0.2752,0.14638,0.15259
"L-ratio, 1,638",L__noKD__yolo26n__s42,0.2777,0.14522,0.15322
"L-ratio, 1,638",L__noKD__yolo26n__s42,0.2802,0.14484,0.15385
"L-ratio, 1,638",L__noKD__yolo26n__s42,0.2827,0.14484,0.15448
"L-ratio, 1,638",L__noKD__yolo26n__s42,0.2851,0.14407,0.15511
"L-ratio, 1,638",L__noKD__yolo26n__s42,0.2876,0.1433,0.15511
"L-ratio, 1,638",L__noKD__yolo26n__s42,0.2901,0.14137,0.15637
"L-ratio, 1,638",L__noKD__yolo26n__s42,0.2926,0.13983,0.157
"L-ratio, 1,638",L__noKD__yolo26n__s42,0.2951,0.13945,0.157
"L-ratio, 1,638",L__noKD__yolo26n__s42,0.2975,0.13906,0.157
"L-ratio, 1,638",L__noKD__yolo26n__s42,0.3,0.1379,0.15826
"L-ratio, 1,638",L__noKD__yolo26n__s42,0.3025,0.13636,0.15826
"L-ratio, 1,638",L__noKD__yolo26n__s42,0.305,0.13521,0.15889
"L-ratio, 1,638",L__noKD__yolo26n__s42,0.3074,0.13444,0.15952
"L-ratio, 1,638",L__noKD__yolo26n__s42,0.3099,0.1329,0.16078
"L-ratio, 1,638",L__noKD__yolo26n__s42,0.3124,0.13213,0.16141
"L-ratio, 1,638",L__noKD__yolo26n__s42,0.3149,0.13097,0.16204
"L-ratio, 1,638",L__noKD__yolo26n__s42,0.3174,0.1302,0.16267
"L-ratio, 1,638",L__noKD__yolo26n__s42,0.3198,0.1302,0.16267
"L-ratio, 1,638",L__noKD__yolo26n__s42,0.3223,0.12943,0.1633
"L-ratio, 1,638",L__noKD__yolo26n__s42,0.3248,0.12866,0.16393
"L-ratio, 1,638",L__noKD__yolo26n__s42,0.3273,0.12827,0.1652
"L-ratio, 1,638",L__noKD__yolo26n__s42,0.3298,0.12673,0.16646
"L-ratio, 1,638",L__noKD__yolo26n__s42,0.3322,0.12673,0.16709
"L-ratio, 1,638",L__noKD__yolo26n__s42,0.3347,0.12673,0.16709
"L-ratio, 1,638",L__noKD__yolo26n__s42,0.3372,0.12596,0.16709
"L-ratio, 1,638",L__noKD__yolo26n__s42,0.3397,0.12558,0.16709
"L-ratio, 1,638",L__noKD__yolo26n__s42,0.3421,0.12519,0.16772
"L-ratio, 1,638",L__noKD__yolo26n__s42,0.3446,0.12365,0.16898
"L-ratio, 1,638",L__noKD__yolo26n__s42,0.3471,0.12288,0.16898
"L-ratio, 1,638",L__noKD__yolo26n__s42,0.3496,0.1225,0.16961
"L-ratio, 1,638",L__noKD__yolo26n__s42,0.3521,0.12211,0.17087
"L-ratio, 1,638",L__noKD__yolo26n__s42,0.3545,0.12057,0.17087
"L-ratio, 1,638",L__noKD__yolo26n__s42,0.357,0.1198,0.17213
"L-ratio, 1,638",L__noKD__yolo26n__s42,0.3595,0.11864,0.17213
"L-ratio, 1,638",L__noKD__yolo26n__s42,0.362,0.11749,0.17276
"L-ratio, 1,638",L__noKD__yolo26n__s42,0.3645,0.11633,0.17276
"L-ratio, 1,638",L__noKD__yolo26n__s42,0.3669,0.11518,0.17276
"L-ratio, 1,638",L__noKD__yolo26n__s42,0.3694,0.11479,0.17339
"L-ratio, 1,638",L__noKD__yolo26n__s42,0.3719,0.11402,0.17465
"L-ratio, 1,638",L__noKD__yolo26n__s42,0.3744,0.1121,0.17591
"L-ratio, 1,638",L__noKD__yolo26n__s42,0.3768,0.11171,0.17591
"L-ratio, 1,638",L__noKD__yolo26n__s42,0.3793,0.11055,0.17654
"L-ratio, 1,638",L__noKD__yolo26n__s42,0.3818,0.1094,0.17654
"L-ratio, 1,638",L__noKD__yolo26n__s42,0.3843,0.1094,0.17718
"L-ratio, 1,638",L__noKD__yolo26n__s42,0.3868,0.10786,0.17781
"L-ratio, 1,638",L__noKD__yolo26n__s42,0.3892,0.10747,0.17844
"L-ratio, 1,638",L__noKD__yolo26n__s42,0.3917,0.10709,0.1797
"L-ratio, 1,638",L__noKD__yolo26n__s42,0.3942,0.10555,0.1797
"L-ratio, 1,638",L__noKD__yolo26n__s42,0.3967,0.10555,0.18159
"L-ratio, 1,638",L__noKD__yolo26n__s42,0.3992,0.10401,0.18222
"L-ratio, 1,638",L__noKD__yolo26n__s42,0.4016,0.10401,0.18222
"L-ratio, 1,638",L__noKD__yolo26n__s42,0.4041,0.10362,0.18285
"L-ratio, 1,638",L__noKD__yolo26n__s42,0.4066,0.10285,0.18411
"L-ratio, 1,638",L__noKD__yolo26n__s42,0.4091,0.10208,0.18474
"L-ratio, 1,638",L__noKD__yolo26n__s42,0.4115,0.10131,0.186
"L-ratio, 1,638",L__noKD__yolo26n__s42,0.414,0.10054,0.186
"L-ratio, 1,638",L__noKD__yolo26n__s42,0.4165,0.09977,0.18852
"L-ratio, 1,638",L__noKD__yolo26n__s42,0.419,0.099,0.18916
"L-ratio, 1,638",L__noKD__yolo26n__s42,0.4215,0.099,0.18979
"L-ratio, 1,638",L__noKD__yolo26n__s42,0.4239,0.09746,0.19231
"L-ratio, 1,638",L__noKD__yolo26n__s42,0.4264,0.09746,0.19294
"L-ratio, 1,638",L__noKD__yolo26n__s42,0.4289,0.09669,0.19357
"L-ratio, 1,638",L__noKD__yolo26n__s42,0.4314,0.0963,0.19357
"L-ratio, 1,638",L__noKD__yolo26n__s42,0.4339,0.09553,0.19483
"L-ratio, 1,638",L__noKD__yolo26n__s42,0.4363,0.09438,0.19609
"L-ratio, 1,638",L__noKD__yolo26n__s42,0.4388,0.09284,0.19735
"L-ratio, 1,638",L__noKD__yolo26n__s42,0.4413,0.09245,0.19798
"L-ratio, 1,638",L__noKD__yolo26n__s42,0.4438,0.09206,0.19861
"L-ratio, 1,638",L__noKD__yolo26n__s42,0.4463,0.09168,0.19861
"L-ratio, 1,638",L__noKD__yolo26n__s42,0.4487,0.09129,0.19924
"L-ratio, 1,638",L__noKD__yolo26n__s42,0.4512,0.09129,0.19987
"L-ratio, 1,638",L__noKD__yolo26n__s42,0.4537,0.08975,0.19987
"L-ratio, 1,638",L__noKD__yolo26n__s42,0.4562,0.0886,0.2005
"L-ratio, 1,638",L__noKD__yolo26n__s42,0.4586,0.0886,0.2005
"L-ratio, 1,638",L__noKD__yolo26n__s42,0.4611,0.0886,0.2005
"L-ratio, 1,638",L__noKD__yolo26n__s42,0.4636,0.0886,0.2005
"L-ratio, 1,638",L__noKD__yolo26n__s42,0.4661,0.08821,0.2005
"L-ratio, 1,638",L__noKD__yolo26n__s42,0.4686,0.08744,0.20177
"L-ratio, 1,638",L__noKD__yolo26n__s42,0.471,0.08706,0.20303
"L-ratio, 1,638",L__noKD__yolo26n__s42,0.4735,0.08667,0.20366
"L-ratio, 1,638",L__noKD__yolo26n__s42,0.476,0.0859,0.20366
"L-ratio, 1,638",L__noKD__yolo26n__s42,0.4785,0.08475,0.20429
"L-ratio, 1,638",L__noKD__yolo26n__s42,0.481,0.08398,0.20429
"L-ratio, 1,638",L__noKD__yolo26n__s42,0.4834,0.0832,0.20429
"L-ratio, 1,638",L__noKD__yolo26n__s42,0.4859,0.0832,0.20429
"L-ratio, 1,638",L__noKD__yolo26n__s42,0.4884,0.08205,0.20492
"L-ratio, 1,638",L__noKD__yolo26n__s42,0.4909,0.08166,0.20555
"L-ratio, 1,638",L__noKD__yolo26n__s42,0.4933,0.08128,0.20618
"L-ratio, 1,638",L__noKD__yolo26n__s42,0.4958,0.08051,0.20618
"L-ratio, 1,638",L__noKD__yolo26n__s42,0.4983,0.08051,0.20744
"L-ratio, 1,638",L__noKD__yolo26n__s42,0.5008,0.07858,0.20744
"L-ratio, 1,638",L__noKD__yolo26n__s42,0.5033,0.07704,0.2087
"L-ratio, 1,638",L__noKD__yolo26n__s42,0.5057,0.07704,0.20996
"L-ratio, 1,638",L__noKD__yolo26n__s42,0.5082,0.07627,0.20996
"L-ratio, 1,638",L__noKD__yolo26n__s42,0.5107,0.07589,0.21059
"L-ratio, 1,638",L__noKD__yolo26n__s42,0.5132,0.07512,0.21059
"L-ratio, 1,638",L__noKD__yolo26n__s42,0.5157,0.07473,0.21122
"L-ratio, 1,638",L__noKD__yolo26n__s42,0.5181,0.07396,0.21375
"L-ratio, 1,638",L__noKD__yolo26n__s42,0.5206,0.07319,0.21438
"L-ratio, 1,638",L__noKD__yolo26n__s42,0.5231,0.07165,0.21564
"L-ratio, 1,638",L__noKD__yolo26n__s42,0.5256,0.07126,0.21627
"L-ratio, 1,638",L__noKD__yolo26n__s42,0.528,0.07126,0.21627
"L-ratio, 1,638",L__noKD__yolo26n__s42,0.5305,0.07011,0.21753
"L-ratio, 1,638",L__noKD__yolo26n__s42,0.533,0.06895,0.21816
"L-ratio, 1,638",L__noKD__yolo26n__s42,0.5355,0.06741,0.21816
"L-ratio, 1,638",L__noKD__yolo26n__s42,0.538,0.06703,0.21879
"L-ratio, 1,638",L__noKD__yolo26n__s42,0.5404,0.06626,0.22131
"L-ratio, 1,638",L__noKD__yolo26n__s42,0.5429,0.06587,0.22257
"L-ratio, 1,638",L__noKD__yolo26n__s42,0.5454,0.06549,0.22509
"L-ratio, 1,638",L__noKD__yolo26n__s42,0.5479,0.06549,0.22636
"L-ratio, 1,638",L__noKD__yolo26n__s42,0.5504,0.06549,0.22636
"L-ratio, 1,638",L__noKD__yolo26n__s42,0.5528,0.06549,0.23077
"L-ratio, 1,638",L__noKD__yolo26n__s42,0.5553,0.0651,0.23077
"L-ratio, 1,638",L__noKD__yolo26n__s42,0.5578,0.06471,0.23266
"L-ratio, 1,638",L__noKD__yolo26n__s42,0.5603,0.06394,0.23266
"L-ratio, 1,638",L__noKD__yolo26n__s42,0.5627,0.06394,0.23329
"L-ratio, 1,638",L__noKD__yolo26n__s42,0.5652,0.06279,0.23581
"L-ratio, 1,638",L__noKD__yolo26n__s42,0.5677,0.06279,0.23581
"L-ratio, 1,638",L__noKD__yolo26n__s42,0.5702,0.06279,0.2377
"L-ratio, 1,638",L__noKD__yolo26n__s42,0.5727,0.0624,0.2396
"L-ratio, 1,638",L__noKD__yolo26n__s42,0.5751,0.06202,0.2396
"L-ratio, 1,638",L__noKD__yolo26n__s42,0.5776,0.06163,0.24023
"L-ratio, 1,638",L__noKD__yolo26n__s42,0.5801,0.06163,0.24212
"L-ratio, 1,638",L__noKD__yolo26n__s42,0.5826,0.06125,0.2459
"L-ratio, 1,638",L__noKD__yolo26n__s42,0.5851,0.06048,0.24653
"L-ratio, 1,638",L__noKD__yolo26n__s42,0.5875,0.06009,0.24653
"L-ratio, 1,638",L__noKD__yolo26n__s42,0.59,0.05894,0.24716
"L-ratio, 1,638",L__noKD__yolo26n__s42,0.5925,0.05855,0.24842
"L-ratio, 1,638",L__noKD__yolo26n__s42,0.595,0.05817,0.24905
"L-ratio, 1,638",L__noKD__yolo26n__s42,0.5975,0.05778,0.24905
"L-ratio, 1,638",L__noKD__yolo26n__s42,0.5999,0.05663,0.25032
"L-ratio, 1,638",L__noKD__yolo26n__s42,0.6024,0.05586,0.25095
"L-ratio, 1,638",L__noKD__yolo26n__s42,0.6049,0.05547,0.25158
"L-ratio, 1,638",L__noKD__yolo26n__s42,0.6074,0.05393,0.25284
"L-ratio, 1,638",L__noKD__yolo26n__s42,0.6098,0.05354,0.25347
"L-ratio, 1,638",L__noKD__yolo26n__s42,0.6123,0.05316,0.2541
"L-ratio, 1,638",L__noKD__yolo26n__s42,0.6148,0.05239,0.25473
"L-ratio, 1,638",L__noKD__yolo26n__s42,0.6173,0.052,0.25473
"L-ratio, 1,638",L__noKD__yolo26n__s42,0.6198,0.052,0.25599
"L-ratio, 1,638",L__noKD__yolo26n__s42,0.6222,0.052,0.25977
"L-ratio, 1,638",L__noKD__yolo26n__s42,0.6247,0.05123,0.26293
"L-ratio, 1,638",L__noKD__yolo26n__s42,0.6272,0.05123,0.26356
"L-ratio, 1,638",L__noKD__yolo26n__s42,0.6297,0.05123,0.26482
"L-ratio, 1,638",L__noKD__yolo26n__s42,0.6322,0.05123,0.26608
"L-ratio, 1,638",L__noKD__yolo26n__s42,0.6346,0.05085,0.26797
"L-ratio, 1,638",L__noKD__yolo26n__s42,0.6371,0.05085,0.26986
"L-ratio, 1,638",L__noKD__yolo26n__s42,0.6396,0.05046,0.27112
"L-ratio, 1,638",L__noKD__yolo26n__s42,0.6421,0.04931,0.27301
"L-ratio, 1,638",L__noKD__yolo26n__s42,0.6445,0.04931,0.27427
"L-ratio, 1,638",L__noKD__yolo26n__s42,0.647,0.04931,0.27554
"L-ratio, 1,638",L__noKD__yolo26n__s42,0.6495,0.04854,0.27554
"L-ratio, 1,638",L__noKD__yolo26n__s42,0.652,0.04777,0.27617
"L-ratio, 1,638",L__noKD__yolo26n__s42,0.6545,0.04661,0.27869
"L-ratio, 1,638",L__noKD__yolo26n__s42,0.6569,0.04661,0.28058
"L-ratio, 1,638",L__noKD__yolo26n__s42,0.6594,0.04622,0.28247
"L-ratio, 1,638",L__noKD__yolo26n__s42,0.6619,0.04622,0.28373
"L-ratio, 1,638",L__noKD__yolo26n__s42,0.6644,0.04545,0.28499
"L-ratio, 1,638",L__noKD__yolo26n__s42,0.6669,0.04545,0.28878
"L-ratio, 1,638",L__noKD__yolo26n__s42,0.6693,0.04507,0.28941
"L-ratio, 1,638",L__noKD__yolo26n__s42,0.6718,0.04507,0.29256
"L-ratio, 1,638",L__noKD__yolo26n__s42,0.6743,0.04507,0.29382
"L-ratio, 1,638",L__noKD__yolo26n__s42,0.6768,0.04507,0.29571
"L-ratio, 1,638",L__noKD__yolo26n__s42,0.6792,0.04468,0.29887
"L-ratio, 1,638",L__noKD__yolo26n__s42,0.6817,0.0443,0.2995
"L-ratio, 1,638",L__noKD__yolo26n__s42,0.6842,0.04391,0.30013
"L-ratio, 1,638",L__noKD__yolo26n__s42,0.6867,0.04391,0.30265
"L-ratio, 1,638",L__noKD__yolo26n__s42,0.6892,0.04314,0.30328
"L-ratio, 1,638",L__noKD__yolo26n__s42,0.6916,0.04276,0.3058
"L-ratio, 1,638",L__noKD__yolo26n__s42,0.6941,0.04276,0.30832
"L-ratio, 1,638",L__noKD__yolo26n__s42,0.6966,0.04199,0.30895
"L-ratio, 1,638",L__noKD__yolo26n__s42,0.6991,0.04122,0.31084
"L-ratio, 1,638",L__noKD__yolo26n__s42,0.7016,0.04083,0.31337
"L-ratio, 1,638",L__noKD__yolo26n__s42,0.704,0.04045,0.314
"L-ratio, 1,638",L__noKD__yolo26n__s42,0.7065,0.04006,0.31589
"L-ratio, 1,638",L__noKD__yolo26n__s42,0.709,0.03929,0.31904
"L-ratio, 1,638",L__noKD__yolo26n__s42,0.7115,0.03891,0.32219
"L-ratio, 1,638",L__noKD__yolo26n__s42,0.7139,0.03814,0.32535
"L-ratio, 1,638",L__noKD__yolo26n__s42,0.7164,0.03814,0.32913
"L-ratio, 1,638",L__noKD__yolo26n__s42,0.7189,0.03698,0.32976
"L-ratio, 1,638",L__noKD__yolo26n__s42,0.7214,0.03621,0.33039
"L-ratio, 1,638",L__noKD__yolo26n__s42,0.7239,0.03621,0.33417
"L-ratio, 1,638",L__noKD__yolo26n__s42,0.7263,0.03544,0.33607
"L-ratio, 1,638",L__noKD__yolo26n__s42,0.7288,0.0339,0.33985
"L-ratio, 1,638",L__noKD__yolo26n__s42,0.7313,0.03351,0.34174
"L-ratio, 1,638",L__noKD__yolo26n__s42,0.7338,0.03274,0.34363
"L-ratio, 1,638",L__noKD__yolo26n__s42,0.7363,0.03197,0.34615
"L-ratio, 1,638",L__noKD__yolo26n__s42,0.7387,0.0312,0.34994
"L-ratio, 1,638",L__noKD__yolo26n__s42,0.7412,0.0312,0.35372
"L-ratio, 1,638",L__noKD__yolo26n__s42,0.7437,0.03043,0.35687
"L-ratio, 1,638",L__noKD__yolo26n__s42,0.7462,0.02966,0.35813
"L-ratio, 1,638",L__noKD__yolo26n__s42,0.7487,0.02851,0.36003
"L-ratio, 1,638",L__noKD__yolo26n__s42,0.7511,0.02735,0.3657
"L-ratio, 1,638",L__noKD__yolo26n__s42,0.7536,0.02735,0.36948
"L-ratio, 1,638",L__noKD__yolo26n__s42,0.7561,0.02696,0.37201
"L-ratio, 1,638",L__noKD__yolo26n__s42,0.7586,0.02619,0.37327
"L-ratio, 1,638",L__noKD__yolo26n__s42,0.761,0.02504,0.37516
"L-ratio, 1,638",L__noKD__yolo26n__s42,0.7635,0.0235,0.37705
"L-ratio, 1,638",L__noKD__yolo26n__s42,0.766,0.02311,0.38146
"L-ratio, 1,638",L__noKD__yolo26n__s42,0.7685,0.02311,0.38398
"L-ratio, 1,638",L__noKD__yolo26n__s42,0.771,0.02196,0.38525
"L-ratio, 1,638",L__noKD__yolo26n__s42,0.7734,0.0208,0.39029
"L-ratio, 1,638",L__noKD__yolo26n__s42,0.7759,0.02042,0.39407
"L-ratio, 1,638",L__noKD__yolo26n__s42,0.7784,0.02042,0.39596
"L-ratio, 1,638",L__noKD__yolo26n__s42,0.7809,0.01926,0.40164
"L-ratio, 1,638",L__noKD__yolo26n__s42,0.7834,0.01888,0.40542
"L-ratio, 1,638",L__noKD__yolo26n__s42,0.7858,0.01849,0.40984
"L-ratio, 1,638",L__noKD__yolo26n__s42,0.7883,0.0181,0.41236
"L-ratio, 1,638",L__noKD__yolo26n__s42,0.7908,0.01695,0.41425
"L-ratio, 1,638",L__noKD__yolo26n__s42,0.7933,0.01618,0.42055
"L-ratio, 1,638",L__noKD__yolo26n__s42,0.7957,0.01579,0.4256
"L-ratio, 1,638",L__noKD__yolo26n__s42,0.7982,0.01502,0.43064
"L-ratio, 1,638",L__noKD__yolo26n__s42,0.8007,0.01502,0.43758
"L-ratio, 1,638",L__noKD__yolo26n__s42,0.8032,0.01425,0.44199
"L-ratio, 1,638",L__noKD__yolo26n__s42,0.8057,0.01425,0.44578
"L-ratio, 1,638",L__noKD__yolo26n__s42,0.8081,0.01348,0.44956
"L-ratio, 1,638",L__noKD__yolo26n__s42,0.8106,0.01271,0.45649
"L-ratio, 1,638",L__noKD__yolo26n__s42,0.8131,0.01271,0.46343
"L-ratio, 1,638",L__noKD__yolo26n__s42,0.8156,0.01233,0.46847
"L-ratio, 1,638",L__noKD__yolo26n__s42,0.8181,0.01194,0.47478
"L-ratio, 1,638",L__noKD__yolo26n__s42,0.8205,0.01156,0.47667
"L-ratio, 1,638",L__noKD__yolo26n__s42,0.823,0.01117,0.48487
"L-ratio, 1,638",L__noKD__yolo26n__s42,0.8255,0.01079,0.49054
"L-ratio, 1,638",L__noKD__yolo26n__s42,0.828,0.01002,0.49748
"L-ratio, 1,638",L__noKD__yolo26n__s42,0.8304,0.00924,0.50378
"L-ratio, 1,638",L__noKD__yolo26n__s42,0.8329,0.00886,0.50567
"L-ratio, 1,638",L__noKD__yolo26n__s42,0.8354,0.00847,0.51072
"L-ratio, 1,638",L__noKD__yolo26n__s42,0.8379,0.00847,0.51639
"L-ratio, 1,638",L__noKD__yolo26n__s42,0.8404,0.0077,0.52333
"L-ratio, 1,638",L__noKD__yolo26n__s42,0.8428,0.00732,0.53279
"L-ratio, 1,638",L__noKD__yolo26n__s42,0.8453,0.00732,0.53972
"L-ratio, 1,638",L__noKD__yolo26n__s42,0.8478,0.00693,0.54981
"L-ratio, 1,638",L__noKD__yolo26n__s42,0.8503,0.00693,0.55549
"L-ratio, 1,638",L__noKD__yolo26n__s42,0.8528,0.00616,0.57062
"L-ratio, 1,638",L__noKD__yolo26n__s42,0.8552,0.00616,0.58008
"L-ratio, 1,638",L__noKD__yolo26n__s42,0.8577,0.00616,0.59016
"L-ratio, 1,638",L__noKD__yolo26n__s42,0.8602,0.00578,0.60467
"L-ratio, 1,638",L__noKD__yolo26n__s42,0.8627,0.00462,0.61602
"L-ratio, 1,638",L__noKD__yolo26n__s42,0.8652,0.00462,0.63052
"L-ratio, 1,638",L__noKD__yolo26n__s42,0.8676,0.00385,0.63871
"L-ratio, 1,638",L__noKD__yolo26n__s42,0.8701,0.00385,0.64943
"L-ratio, 1,638",L__noKD__yolo26n__s42,0.8726,0.0027,0.65826
"L-ratio, 1,638",L__noKD__yolo26n__s42,0.8751,0.00231,0.66646
"L-ratio, 1,638",L__noKD__yolo26n__s42,0.8775,0.00193,0.67907
"L-ratio, 1,638",L__noKD__yolo26n__s42,0.88,0.00193,0.68852
"L-ratio, 1,638",L__noKD__yolo26n__s42,0.8825,0.00116,0.70177
"L-ratio, 1,638",L__noKD__yolo26n__s42,0.885,0.00116,0.71564
"L-ratio, 1,638",L__noKD__yolo26n__s42,0.8875,0.00116,0.73014
"L-ratio, 1,638",L__noKD__yolo26n__s42,0.8899,0.00116,0.74212
"L-ratio, 1,638",L__noKD__yolo26n__s42,0.8924,0.00116,0.75473
"L-ratio, 1,638",L__noKD__yolo26n__s42,0.8949,0.00116,0.7686
"L-ratio, 1,638",L__noKD__yolo26n__s42,0.8974,0.00116,0.77743
"L-ratio, 1,638",L__noKD__yolo26n__s42,0.8999,0.00116,0.78815
"L-ratio, 1,638",L__noKD__yolo26n__s42,0.9023,0.00039,0.79634
"L-ratio, 1,638",L__noKD__yolo26n__s42,0.9048,0.00039,0.80895
"L-ratio, 1,638",L__noKD__yolo26n__s42,0.9073,0.00039,0.8203
"L-ratio, 1,638",L__noKD__yolo26n__s42,0.9098,0.00039,0.8367
"L-ratio, 1,638",L__noKD__yolo26n__s42,0.9122,0.00039,0.84615
"L-ratio, 1,638",L__noKD__yolo26n__s42,0.9147,0.00039,0.85939
"L-ratio, 1,638",L__noKD__yolo26n__s42,0.9172,0.0,0.87327
"L-ratio, 1,638",L__noKD__yolo26n__s42,0.9197,0.0,0.88588
"L-ratio, 1,638",L__noKD__yolo26n__s42,0.9222,0.0,0.90101
"L-ratio, 1,638",L__noKD__yolo26n__s42,0.9246,0.0,0.91362
"L-ratio, 1,638",L__noKD__yolo26n__s42,0.9271,0.0,0.92812
"L-ratio, 1,638",L__noKD__yolo26n__s42,0.9296,0.0,0.93632
"L-ratio, 1,638",L__noKD__yolo26n__s42,0.9321,0.0,0.94451
"L-ratio, 1,638",L__noKD__yolo26n__s42,0.9346,0.0,0.94956
"L-ratio, 1,638",L__noKD__yolo26n__s42,0.937,0.0,0.95776
"L-ratio, 1,638",L__noKD__yolo26n__s42,0.9395,0.0,0.96721
"L-ratio, 1,638",L__noKD__yolo26n__s42,0.942,0.0,0.97352
"L-ratio, 1,638",L__noKD__yolo26n__s42,0.9445,0.0,0.97667
"L-ratio, 1,638",L__noKD__yolo26n__s42,0.9469,0.0,0.98045
"L-ratio, 1,638",L__noKD__yolo26n__s42,0.9494,0.0,0.99117
"L-ratio, 1,638",L__noKD__yolo26n__s42,0.9519,0.0,0.99433
"L-ratio, 1,638",L__noKD__yolo26n__s42,0.9544,0.0,0.99496
"L-ratio, 1,638",L__noKD__yolo26n__s42,0.9569,0.0,0.99685
"L-ratio, 1,638",L__noKD__yolo26n__s42,0.9593,0.0,0.99748
"L-ratio, 1,638",L__noKD__yolo26n__s42,0.9618,0.0,0.99874
"L-ratio, 1,638",L__noKD__yolo26n__s42,0.9643,0.0,0.99937
"L-ratio, 1,638",L__noKD__yolo26n__s42,0.9668,0.0,0.99937
"L-ratio, 1,638",L__noKD__yolo26n__s42,0.9693,0.0,0.99937
"L-ratio, 1,638",L__noKD__yolo26n__s42,0.9717,0.0,1.0
"L-ratio, 1,638",L__noKD__yolo26n__s42,0.9742,0.0,1.0
"L-ratio, 1,638",L__noKD__yolo26n__s42,0.9767,0.0,1.0
"L-ratio, 1,638",L__noKD__yolo26n__s42,0.9792,0.0,1.0
"L-ratio, 1,638",L__noKD__yolo26n__s42,0.9816,0.0,1.0
"L-ratio, 1,638",L__noKD__yolo26n__s42,0.9841,0.0,1.0
"L-ratio, 1,638",L__noKD__yolo26n__s42,0.9866,0.0,1.0
"L-ratio, 1,638",L__noKD__yolo26n__s42,0.9891,0.0,1.0
"L-ratio, 1,638",L__noKD__yolo26n__s42,0.9916,0.0,1.0
"L-ratio, 1,638",L__noKD__yolo26n__s42,0.994,0.0,1.0
"L-ratio, 1,638",L__noKD__yolo26n__s42,0.9965,0.0,1.0
"L-ratio, 1,638",L__noKD__yolo26n__s42,0.999,0.0,1.0
"M-top, 1,638",M__noKD__yolo26n__s42,0.01,0.26926,0.0971
"M-top, 1,638",M__noKD__yolo26n__s42,0.0125,0.2396,0.10467
"M-top, 1,638",M__noKD__yolo26n__s42,0.015,0.21918,0.10782
"M-top, 1,638",M__noKD__yolo26n__s42,0.0174,0.20339,0.10845
"M-top, 1,638",M__noKD__yolo26n__s42,0.0199,0.19106,0.10908
"M-top, 1,638",M__noKD__yolo26n__s42,0.0224,0.17874,0.11034
"M-top, 1,638",M__noKD__yolo26n__s42,0.0249,0.16795,0.1116
"M-top, 1,638",M__noKD__yolo26n__s42,0.0274,0.16102,0.11223
"M-top, 1,638",M__noKD__yolo26n__s42,0.0298,0.15601,0.11349
"M-top, 1,638",M__noKD__yolo26n__s42,0.0323,0.14908,0.11475
"M-top, 1,638",M__noKD__yolo26n__s42,0.0348,0.14368,0.11602
"M-top, 1,638",M__noKD__yolo26n__s42,0.0373,0.13906,0.11854
"M-top, 1,638",M__noKD__yolo26n__s42,0.0397,0.13598,0.12043
"M-top, 1,638",M__noKD__yolo26n__s42,0.0422,0.13136,0.12169
"M-top, 1,638",M__noKD__yolo26n__s42,0.0447,0.12558,0.12295
"M-top, 1,638",M__noKD__yolo26n__s42,0.0472,0.12211,0.12421
"M-top, 1,638",M__noKD__yolo26n__s42,0.0497,0.1198,0.12421
"M-top, 1,638",M__noKD__yolo26n__s42,0.0521,0.1171,0.12421
"M-top, 1,638",M__noKD__yolo26n__s42,0.0546,0.11441,0.12421
"M-top, 1,638",M__noKD__yolo26n__s42,0.0571,0.11248,0.12484
"M-top, 1,638",M__noKD__yolo26n__s42,0.0596,0.11094,0.12799
"M-top, 1,638",M__noKD__yolo26n__s42,0.0621,0.10709,0.12799
"M-top, 1,638",M__noKD__yolo26n__s42,0.0645,0.10516,0.12926
"M-top, 1,638",M__noKD__yolo26n__s42,0.067,0.10324,0.12989
"M-top, 1,638",M__noKD__yolo26n__s42,0.0695,0.10131,0.13178
"M-top, 1,638",M__noKD__yolo26n__s42,0.072,0.09938,0.13304
"M-top, 1,638",M__noKD__yolo26n__s42,0.0744,0.09938,0.13367
"M-top, 1,638",M__noKD__yolo26n__s42,0.0769,0.09746,0.1343
"M-top, 1,638",M__noKD__yolo26n__s42,0.0794,0.09669,0.1343
"M-top, 1,638",M__noKD__yolo26n__s42,0.0819,0.09399,0.13556
"M-top, 1,638",M__noKD__yolo26n__s42,0.0844,0.09284,0.13556
"M-top, 1,638",M__noKD__yolo26n__s42,0.0868,0.09168,0.13619
"M-top, 1,638",M__noKD__yolo26n__s42,0.0893,0.08975,0.13619
"M-top, 1,638",M__noKD__yolo26n__s42,0.0918,0.0886,0.13619
"M-top, 1,638",M__noKD__yolo26n__s42,0.0943,0.08783,0.13619
"M-top, 1,638",M__noKD__yolo26n__s42,0.0968,0.08667,0.13745
"M-top, 1,638",M__noKD__yolo26n__s42,0.0992,0.08436,0.13871
"M-top, 1,638",M__noKD__yolo26n__s42,0.1017,0.08398,0.13871
"M-top, 1,638",M__noKD__yolo26n__s42,0.1042,0.08243,0.13871
"M-top, 1,638",M__noKD__yolo26n__s42,0.1067,0.08166,0.13871
"M-top, 1,638",M__noKD__yolo26n__s42,0.1091,0.08012,0.13871
"M-top, 1,638",M__noKD__yolo26n__s42,0.1116,0.08012,0.13871
"M-top, 1,638",M__noKD__yolo26n__s42,0.1141,0.07858,0.13871
"M-top, 1,638",M__noKD__yolo26n__s42,0.1166,0.07781,0.13997
"M-top, 1,638",M__noKD__yolo26n__s42,0.1191,0.07704,0.13997
"M-top, 1,638",M__noKD__yolo26n__s42,0.1215,0.07666,0.13997
"M-top, 1,638",M__noKD__yolo26n__s42,0.124,0.07589,0.13997
"M-top, 1,638",M__noKD__yolo26n__s42,0.1265,0.0755,0.14061
"M-top, 1,638",M__noKD__yolo26n__s42,0.129,0.0755,0.14124
"M-top, 1,638",M__noKD__yolo26n__s42,0.1315,0.0755,0.14124
"M-top, 1,638",M__noKD__yolo26n__s42,0.1339,0.0755,0.1425
"M-top, 1,638",M__noKD__yolo26n__s42,0.1364,0.07396,0.1425
"M-top, 1,638",M__noKD__yolo26n__s42,0.1389,0.07396,0.14313
"M-top, 1,638",M__noKD__yolo26n__s42,0.1414,0.07319,0.14313
"M-top, 1,638",M__noKD__yolo26n__s42,0.1438,0.07203,0.14376
"M-top, 1,638",M__noKD__yolo26n__s42,0.1463,0.07203,0.14565
"M-top, 1,638",M__noKD__yolo26n__s42,0.1488,0.07203,0.14565
"M-top, 1,638",M__noKD__yolo26n__s42,0.1513,0.07126,0.14565
"M-top, 1,638",M__noKD__yolo26n__s42,0.1538,0.07049,0.14628
"M-top, 1,638",M__noKD__yolo26n__s42,0.1562,0.07011,0.14628
"M-top, 1,638",M__noKD__yolo26n__s42,0.1587,0.06895,0.14628
"M-top, 1,638",M__noKD__yolo26n__s42,0.1612,0.06857,0.14628
"M-top, 1,638",M__noKD__yolo26n__s42,0.1637,0.0678,0.14691
"M-top, 1,638",M__noKD__yolo26n__s42,0.1662,0.06703,0.14691
"M-top, 1,638",M__noKD__yolo26n__s42,0.1686,0.06703,0.14754
"M-top, 1,638",M__noKD__yolo26n__s42,0.1711,0.06664,0.14817
"M-top, 1,638",M__noKD__yolo26n__s42,0.1736,0.06587,0.14817
"M-top, 1,638",M__noKD__yolo26n__s42,0.1761,0.06549,0.14817
"M-top, 1,638",M__noKD__yolo26n__s42,0.1786,0.06433,0.14817
"M-top, 1,638",M__noKD__yolo26n__s42,0.181,0.0624,0.14817
"M-top, 1,638",M__noKD__yolo26n__s42,0.1835,0.06202,0.1488
"M-top, 1,638",M__noKD__yolo26n__s42,0.186,0.06202,0.14943
"M-top, 1,638",M__noKD__yolo26n__s42,0.1885,0.06009,0.14943
"M-top, 1,638",M__noKD__yolo26n__s42,0.1909,0.05971,0.14943
"M-top, 1,638",M__noKD__yolo26n__s42,0.1934,0.05817,0.15006
"M-top, 1,638",M__noKD__yolo26n__s42,0.1959,0.05778,0.15006
"M-top, 1,638",M__noKD__yolo26n__s42,0.1984,0.05778,0.15006
"M-top, 1,638",M__noKD__yolo26n__s42,0.2009,0.05624,0.15069
"M-top, 1,638",M__noKD__yolo26n__s42,0.2033,0.05624,0.15069
"M-top, 1,638",M__noKD__yolo26n__s42,0.2058,0.05586,0.15069
"M-top, 1,638",M__noKD__yolo26n__s42,0.2083,0.05586,0.15069
"M-top, 1,638",M__noKD__yolo26n__s42,0.2108,0.05547,0.15069
"M-top, 1,638",M__noKD__yolo26n__s42,0.2133,0.05431,0.15132
"M-top, 1,638",M__noKD__yolo26n__s42,0.2157,0.05316,0.15259
"M-top, 1,638",M__noKD__yolo26n__s42,0.2182,0.05316,0.15259
"M-top, 1,638",M__noKD__yolo26n__s42,0.2207,0.05277,0.15322
"M-top, 1,638",M__noKD__yolo26n__s42,0.2232,0.052,0.15385
"M-top, 1,638",M__noKD__yolo26n__s42,0.2256,0.05162,0.15385
"M-top, 1,638",M__noKD__yolo26n__s42,0.2281,0.05123,0.15385
"M-top, 1,638",M__noKD__yolo26n__s42,0.2306,0.05123,0.15385
"M-top, 1,638",M__noKD__yolo26n__s42,0.2331,0.05085,0.15448
"M-top, 1,638",M__noKD__yolo26n__s42,0.2356,0.05085,0.15574
"M-top, 1,638",M__noKD__yolo26n__s42,0.238,0.05046,0.15574
"M-top, 1,638",M__noKD__yolo26n__s42,0.2405,0.05046,0.157
"M-top, 1,638",M__noKD__yolo26n__s42,0.243,0.04969,0.157
"M-top, 1,638",M__noKD__yolo26n__s42,0.2455,0.04892,0.157
"M-top, 1,638",M__noKD__yolo26n__s42,0.248,0.04777,0.15763
"M-top, 1,638",M__noKD__yolo26n__s42,0.2504,0.04777,0.15763
"M-top, 1,638",M__noKD__yolo26n__s42,0.2529,0.04777,0.15763
"M-top, 1,638",M__noKD__yolo26n__s42,0.2554,0.04738,0.15763
"M-top, 1,638",M__noKD__yolo26n__s42,0.2579,0.04738,0.15763
"M-top, 1,638",M__noKD__yolo26n__s42,0.2603,0.047,0.15826
"M-top, 1,638",M__noKD__yolo26n__s42,0.2628,0.04661,0.15889
"M-top, 1,638",M__noKD__yolo26n__s42,0.2653,0.04622,0.15952
"M-top, 1,638",M__noKD__yolo26n__s42,0.2678,0.04622,0.15952
"M-top, 1,638",M__noKD__yolo26n__s42,0.2703,0.04622,0.15952
"M-top, 1,638",M__noKD__yolo26n__s42,0.2727,0.04622,0.15952
"M-top, 1,638",M__noKD__yolo26n__s42,0.2752,0.04622,0.15952
"M-top, 1,638",M__noKD__yolo26n__s42,0.2777,0.04584,0.16015
"M-top, 1,638",M__noKD__yolo26n__s42,0.2802,0.04545,0.16015
"M-top, 1,638",M__noKD__yolo26n__s42,0.2827,0.04545,0.16078
"M-top, 1,638",M__noKD__yolo26n__s42,0.2851,0.0443,0.16078
"M-top, 1,638",M__noKD__yolo26n__s42,0.2876,0.04353,0.16078
"M-top, 1,638",M__noKD__yolo26n__s42,0.2901,0.04314,0.16141
"M-top, 1,638",M__noKD__yolo26n__s42,0.2926,0.04199,0.16204
"M-top, 1,638",M__noKD__yolo26n__s42,0.2951,0.0416,0.16267
"M-top, 1,638",M__noKD__yolo26n__s42,0.2975,0.04083,0.1633
"M-top, 1,638",M__noKD__yolo26n__s42,0.3,0.04045,0.1633
"M-top, 1,638",M__noKD__yolo26n__s42,0.3025,0.04045,0.1633
"M-top, 1,638",M__noKD__yolo26n__s42,0.305,0.03929,0.1633
"M-top, 1,638",M__noKD__yolo26n__s42,0.3074,0.03891,0.1633
"M-top, 1,638",M__noKD__yolo26n__s42,0.3099,0.03891,0.16393
"M-top, 1,638",M__noKD__yolo26n__s42,0.3124,0.03891,0.16456
"M-top, 1,638",M__noKD__yolo26n__s42,0.3149,0.03891,0.16646
"M-top, 1,638",M__noKD__yolo26n__s42,0.3174,0.03814,0.16646
"M-top, 1,638",M__noKD__yolo26n__s42,0.3198,0.03814,0.16709
"M-top, 1,638",M__noKD__yolo26n__s42,0.3223,0.03698,0.16709
"M-top, 1,638",M__noKD__yolo26n__s42,0.3248,0.03698,0.16835
"M-top, 1,638",M__noKD__yolo26n__s42,0.3273,0.03659,0.16835
"M-top, 1,638",M__noKD__yolo26n__s42,0.3298,0.03582,0.16835
"M-top, 1,638",M__noKD__yolo26n__s42,0.3322,0.03544,0.16835
"M-top, 1,638",M__noKD__yolo26n__s42,0.3347,0.03544,0.16835
"M-top, 1,638",M__noKD__yolo26n__s42,0.3372,0.03505,0.16898
"M-top, 1,638",M__noKD__yolo26n__s42,0.3397,0.03505,0.16898
"M-top, 1,638",M__noKD__yolo26n__s42,0.3421,0.03505,0.16898
"M-top, 1,638",M__noKD__yolo26n__s42,0.3446,0.03428,0.16898
"M-top, 1,638",M__noKD__yolo26n__s42,0.3471,0.03428,0.17024
"M-top, 1,638",M__noKD__yolo26n__s42,0.3496,0.0339,0.17024
"M-top, 1,638",M__noKD__yolo26n__s42,0.3521,0.03351,0.17087
"M-top, 1,638",M__noKD__yolo26n__s42,0.3545,0.03351,0.1715
"M-top, 1,638",M__noKD__yolo26n__s42,0.357,0.03351,0.1715
"M-top, 1,638",M__noKD__yolo26n__s42,0.3595,0.03351,0.1715
"M-top, 1,638",M__noKD__yolo26n__s42,0.362,0.03351,0.17213
"M-top, 1,638",M__noKD__yolo26n__s42,0.3645,0.03313,0.17276
"M-top, 1,638",M__noKD__yolo26n__s42,0.3669,0.03236,0.17276
"M-top, 1,638",M__noKD__yolo26n__s42,0.3694,0.03236,0.17402
"M-top, 1,638",M__noKD__yolo26n__s42,0.3719,0.03236,0.17402
"M-top, 1,638",M__noKD__yolo26n__s42,0.3744,0.03236,0.17402
"M-top, 1,638",M__noKD__yolo26n__s42,0.3768,0.03159,0.17402
"M-top, 1,638",M__noKD__yolo26n__s42,0.3793,0.0312,0.17528
"M-top, 1,638",M__noKD__yolo26n__s42,0.3818,0.0312,0.17528
"M-top, 1,638",M__noKD__yolo26n__s42,0.3843,0.0312,0.17654
"M-top, 1,638",M__noKD__yolo26n__s42,0.3868,0.03082,0.17718
"M-top, 1,638",M__noKD__yolo26n__s42,0.3892,0.03043,0.17718
"M-top, 1,638",M__noKD__yolo26n__s42,0.3917,0.02966,0.17718
"M-top, 1,638",M__noKD__yolo26n__s42,0.3942,0.02889,0.17718
"M-top, 1,638",M__noKD__yolo26n__s42,0.3967,0.02889,0.17718
"M-top, 1,638",M__noKD__yolo26n__s42,0.3992,0.02851,0.17718
"M-top, 1,638",M__noKD__yolo26n__s42,0.4016,0.02851,0.17781
"M-top, 1,638",M__noKD__yolo26n__s42,0.4041,0.02773,0.17844
"M-top, 1,638",M__noKD__yolo26n__s42,0.4066,0.02735,0.17844
"M-top, 1,638",M__noKD__yolo26n__s42,0.4091,0.02696,0.17844
"M-top, 1,638",M__noKD__yolo26n__s42,0.4115,0.02696,0.1797
"M-top, 1,638",M__noKD__yolo26n__s42,0.414,0.02658,0.18159
"M-top, 1,638",M__noKD__yolo26n__s42,0.4165,0.02658,0.18159
"M-top, 1,638",M__noKD__yolo26n__s42,0.419,0.02658,0.18222
"M-top, 1,638",M__noKD__yolo26n__s42,0.4215,0.02658,0.18222
"M-top, 1,638",M__noKD__yolo26n__s42,0.4239,0.02658,0.18348
"M-top, 1,638",M__noKD__yolo26n__s42,0.4264,0.02658,0.18348
"M-top, 1,638",M__noKD__yolo26n__s42,0.4289,0.02581,0.18348
"M-top, 1,638",M__noKD__yolo26n__s42,0.4314,0.02581,0.18474
"M-top, 1,638",M__noKD__yolo26n__s42,0.4339,0.02542,0.18537
"M-top, 1,638",M__noKD__yolo26n__s42,0.4363,0.02542,0.186
"M-top, 1,638",M__noKD__yolo26n__s42,0.4388,0.02504,0.18663
"M-top, 1,638",M__noKD__yolo26n__s42,0.4413,0.02465,0.18663
"M-top, 1,638",M__noKD__yolo26n__s42,0.4438,0.02388,0.18663
"M-top, 1,638",M__noKD__yolo26n__s42,0.4463,0.02388,0.18726
"M-top, 1,638",M__noKD__yolo26n__s42,0.4487,0.0235,0.18789
"M-top, 1,638",M__noKD__yolo26n__s42,0.4512,0.0235,0.18852
"M-top, 1,638",M__noKD__yolo26n__s42,0.4537,0.02311,0.18916
"M-top, 1,638",M__noKD__yolo26n__s42,0.4562,0.02273,0.19105
"M-top, 1,638",M__noKD__yolo26n__s42,0.4586,0.02273,0.19168
"M-top, 1,638",M__noKD__yolo26n__s42,0.4611,0.02234,0.19294
"M-top, 1,638",M__noKD__yolo26n__s42,0.4636,0.02234,0.19294
"M-top, 1,638",M__noKD__yolo26n__s42,0.4661,0.02234,0.19294
"M-top, 1,638",M__noKD__yolo26n__s42,0.4686,0.02234,0.19294
"M-top, 1,638",M__noKD__yolo26n__s42,0.471,0.02234,0.19294
"M-top, 1,638",M__noKD__yolo26n__s42,0.4735,0.02234,0.19294
"M-top, 1,638",M__noKD__yolo26n__s42,0.476,0.02196,0.19357
"M-top, 1,638",M__noKD__yolo26n__s42,0.4785,0.02196,0.1942
"M-top, 1,638",M__noKD__yolo26n__s42,0.481,0.02196,0.19483
"M-top, 1,638",M__noKD__yolo26n__s42,0.4834,0.02157,0.19546
"M-top, 1,638",M__noKD__yolo26n__s42,0.4859,0.02157,0.19546
"M-top, 1,638",M__noKD__yolo26n__s42,0.4884,0.02157,0.19609
"M-top, 1,638",M__noKD__yolo26n__s42,0.4909,0.02119,0.19609
"M-top, 1,638",M__noKD__yolo26n__s42,0.4933,0.0208,0.19609
"M-top, 1,638",M__noKD__yolo26n__s42,0.4958,0.0208,0.19609
"M-top, 1,638",M__noKD__yolo26n__s42,0.4983,0.01965,0.19735
"M-top, 1,638",M__noKD__yolo26n__s42,0.5008,0.01965,0.19735
"M-top, 1,638",M__noKD__yolo26n__s42,0.5033,0.01965,0.19798
"M-top, 1,638",M__noKD__yolo26n__s42,0.5057,0.01965,0.19798
"M-top, 1,638",M__noKD__yolo26n__s42,0.5082,0.01965,0.19798
"M-top, 1,638",M__noKD__yolo26n__s42,0.5107,0.01965,0.19861
"M-top, 1,638",M__noKD__yolo26n__s42,0.5132,0.01965,0.19987
"M-top, 1,638",M__noKD__yolo26n__s42,0.5157,0.01965,0.20113
"M-top, 1,638",M__noKD__yolo26n__s42,0.5181,0.01965,0.20113
"M-top, 1,638",M__noKD__yolo26n__s42,0.5206,0.01965,0.20113
"M-top, 1,638",M__noKD__yolo26n__s42,0.5231,0.01965,0.20113
"M-top, 1,638",M__noKD__yolo26n__s42,0.5256,0.01965,0.20177
"M-top, 1,638",M__noKD__yolo26n__s42,0.528,0.01965,0.20303
"M-top, 1,638",M__noKD__yolo26n__s42,0.5305,0.01965,0.20366
"M-top, 1,638",M__noKD__yolo26n__s42,0.533,0.01965,0.20429
"M-top, 1,638",M__noKD__yolo26n__s42,0.5355,0.01965,0.20492
"M-top, 1,638",M__noKD__yolo26n__s42,0.538,0.01965,0.20492
"M-top, 1,638",M__noKD__yolo26n__s42,0.5404,0.01965,0.20681
"M-top, 1,638",M__noKD__yolo26n__s42,0.5429,0.01965,0.2087
"M-top, 1,638",M__noKD__yolo26n__s42,0.5454,0.01965,0.20996
"M-top, 1,638",M__noKD__yolo26n__s42,0.5479,0.01926,0.21122
"M-top, 1,638",M__noKD__yolo26n__s42,0.5504,0.01888,0.21122
"M-top, 1,638",M__noKD__yolo26n__s42,0.5528,0.01888,0.21185
"M-top, 1,638",M__noKD__yolo26n__s42,0.5553,0.01888,0.21248
"M-top, 1,638",M__noKD__yolo26n__s42,0.5578,0.01849,0.21375
"M-top, 1,638",M__noKD__yolo26n__s42,0.5603,0.0181,0.21564
"M-top, 1,638",M__noKD__yolo26n__s42,0.5627,0.0181,0.21627
"M-top, 1,638",M__noKD__yolo26n__s42,0.5652,0.0181,0.21753
"M-top, 1,638",M__noKD__yolo26n__s42,0.5677,0.01733,0.21816
"M-top, 1,638",M__noKD__yolo26n__s42,0.5702,0.01656,0.21942
"M-top, 1,638",M__noKD__yolo26n__s42,0.5727,0.01618,0.22131
"M-top, 1,638",M__noKD__yolo26n__s42,0.5751,0.01618,0.22194
"M-top, 1,638",M__noKD__yolo26n__s42,0.5776,0.01579,0.22257
"M-top, 1,638",M__noKD__yolo26n__s42,0.5801,0.01579,0.2232
"M-top, 1,638",M__noKD__yolo26n__s42,0.5826,0.01579,0.2232
"M-top, 1,638",M__noKD__yolo26n__s42,0.5851,0.01579,0.22383
"M-top, 1,638",M__noKD__yolo26n__s42,0.5875,0.01579,0.22509
"M-top, 1,638",M__noKD__yolo26n__s42,0.59,0.01579,0.22509
"M-top, 1,638",M__noKD__yolo26n__s42,0.5925,0.01579,0.22636
"M-top, 1,638",M__noKD__yolo26n__s42,0.595,0.01579,0.22762
"M-top, 1,638",M__noKD__yolo26n__s42,0.5975,0.01579,0.22762
"M-top, 1,638",M__noKD__yolo26n__s42,0.5999,0.01579,0.22825
"M-top, 1,638",M__noKD__yolo26n__s42,0.6024,0.01541,0.22888
"M-top, 1,638",M__noKD__yolo26n__s42,0.6049,0.01541,0.22951
"M-top, 1,638",M__noKD__yolo26n__s42,0.6074,0.01502,0.23266
"M-top, 1,638",M__noKD__yolo26n__s42,0.6098,0.01502,0.23455
"M-top, 1,638",M__noKD__yolo26n__s42,0.6123,0.01502,0.23455
"M-top, 1,638",M__noKD__yolo26n__s42,0.6148,0.01464,0.23455
"M-top, 1,638",M__noKD__yolo26n__s42,0.6173,0.01464,0.23581
"M-top, 1,638",M__noKD__yolo26n__s42,0.6198,0.01464,0.2377
"M-top, 1,638",M__noKD__yolo26n__s42,0.6222,0.01425,0.23897
"M-top, 1,638",M__noKD__yolo26n__s42,0.6247,0.01425,0.24023
"M-top, 1,638",M__noKD__yolo26n__s42,0.6272,0.01425,0.24149
"M-top, 1,638",M__noKD__yolo26n__s42,0.6297,0.01425,0.24212
"M-top, 1,638",M__noKD__yolo26n__s42,0.6322,0.01425,0.24275
"M-top, 1,638",M__noKD__yolo26n__s42,0.6346,0.01425,0.24464
"M-top, 1,638",M__noKD__yolo26n__s42,0.6371,0.01425,0.24464
"M-top, 1,638",M__noKD__yolo26n__s42,0.6396,0.01387,0.24464
"M-top, 1,638",M__noKD__yolo26n__s42,0.6421,0.01387,0.24527
"M-top, 1,638",M__noKD__yolo26n__s42,0.6445,0.01387,0.24653
"M-top, 1,638",M__noKD__yolo26n__s42,0.647,0.01387,0.24779
"M-top, 1,638",M__noKD__yolo26n__s42,0.6495,0.01387,0.25095
"M-top, 1,638",M__noKD__yolo26n__s42,0.652,0.01387,0.25095
"M-top, 1,638",M__noKD__yolo26n__s42,0.6545,0.01387,0.25158
"M-top, 1,638",M__noKD__yolo26n__s42,0.6569,0.01387,0.25221
"M-top, 1,638",M__noKD__yolo26n__s42,0.6594,0.01387,0.25284
"M-top, 1,638",M__noKD__yolo26n__s42,0.6619,0.01387,0.2541
"M-top, 1,638",M__noKD__yolo26n__s42,0.6644,0.01387,0.2541
"M-top, 1,638",M__noKD__yolo26n__s42,0.6669,0.01387,0.25599
"M-top, 1,638",M__noKD__yolo26n__s42,0.6693,0.01387,0.25662
"M-top, 1,638",M__noKD__yolo26n__s42,0.6718,0.01387,0.25725
"M-top, 1,638",M__noKD__yolo26n__s42,0.6743,0.01387,0.25788
"M-top, 1,638",M__noKD__yolo26n__s42,0.6768,0.01387,0.25788
"M-top, 1,638",M__noKD__yolo26n__s42,0.6792,0.01387,0.26166
"M-top, 1,638",M__noKD__yolo26n__s42,0.6817,0.01387,0.26293
"M-top, 1,638",M__noKD__yolo26n__s42,0.6842,0.01387,0.26608
"M-top, 1,638",M__noKD__yolo26n__s42,0.6867,0.01348,0.26797
"M-top, 1,638",M__noKD__yolo26n__s42,0.6892,0.01348,0.26797
"M-top, 1,638",M__noKD__yolo26n__s42,0.6916,0.01348,0.26923
"M-top, 1,638",M__noKD__yolo26n__s42,0.6941,0.01348,0.26923
"M-top, 1,638",M__noKD__yolo26n__s42,0.6966,0.01348,0.26923
"M-top, 1,638",M__noKD__yolo26n__s42,0.6991,0.0131,0.26986
"M-top, 1,638",M__noKD__yolo26n__s42,0.7016,0.0131,0.27049
"M-top, 1,638",M__noKD__yolo26n__s42,0.704,0.01271,0.27301
"M-top, 1,638",M__noKD__yolo26n__s42,0.7065,0.01271,0.27491
"M-top, 1,638",M__noKD__yolo26n__s42,0.709,0.01271,0.27743
"M-top, 1,638",M__noKD__yolo26n__s42,0.7115,0.01271,0.27806
"M-top, 1,638",M__noKD__yolo26n__s42,0.7139,0.01271,0.27869
"M-top, 1,638",M__noKD__yolo26n__s42,0.7164,0.01271,0.27932
"M-top, 1,638",M__noKD__yolo26n__s42,0.7189,0.01271,0.28373
"M-top, 1,638",M__noKD__yolo26n__s42,0.7214,0.01271,0.28562
"M-top, 1,638",M__noKD__yolo26n__s42,0.7239,0.01271,0.28625
"M-top, 1,638",M__noKD__yolo26n__s42,0.7263,0.01271,0.28815
"M-top, 1,638",M__noKD__yolo26n__s42,0.7288,0.01271,0.28941
"M-top, 1,638",M__noKD__yolo26n__s42,0.7313,0.01271,0.29256
"M-top, 1,638",M__noKD__yolo26n__s42,0.7338,0.01271,0.29256
"M-top, 1,638",M__noKD__yolo26n__s42,0.7363,0.01271,0.29445
"M-top, 1,638",M__noKD__yolo26n__s42,0.7387,0.01271,0.29634
"M-top, 1,638",M__noKD__yolo26n__s42,0.7412,0.01271,0.2995
"M-top, 1,638",M__noKD__yolo26n__s42,0.7437,0.01233,0.2995
"M-top, 1,638",M__noKD__yolo26n__s42,0.7462,0.01233,0.30328
"M-top, 1,638",M__noKD__yolo26n__s42,0.7487,0.01194,0.3058
"M-top, 1,638",M__noKD__yolo26n__s42,0.7511,0.01194,0.30643
"M-top, 1,638",M__noKD__yolo26n__s42,0.7536,0.01117,0.30769
"M-top, 1,638",M__noKD__yolo26n__s42,0.7561,0.01079,0.30958
"M-top, 1,638",M__noKD__yolo26n__s42,0.7586,0.01079,0.31084
"M-top, 1,638",M__noKD__yolo26n__s42,0.761,0.0104,0.31211
"M-top, 1,638",M__noKD__yolo26n__s42,0.7635,0.01002,0.31463
"M-top, 1,638",M__noKD__yolo26n__s42,0.766,0.01002,0.31715
"M-top, 1,638",M__noKD__yolo26n__s42,0.7685,0.01002,0.31841
"M-top, 1,638",M__noKD__yolo26n__s42,0.771,0.01002,0.3203
"M-top, 1,638",M__noKD__yolo26n__s42,0.7734,0.01002,0.32156
"M-top, 1,638",M__noKD__yolo26n__s42,0.7759,0.00924,0.32598
"M-top, 1,638",M__noKD__yolo26n__s42,0.7784,0.00924,0.3285
"M-top, 1,638",M__noKD__yolo26n__s42,0.7809,0.00924,0.33165
"M-top, 1,638",M__noKD__yolo26n__s42,0.7834,0.00886,0.33607
"M-top, 1,638",M__noKD__yolo26n__s42,0.7858,0.00886,0.33922
"M-top, 1,638",M__noKD__yolo26n__s42,0.7883,0.00809,0.34237
"M-top, 1,638",M__noKD__yolo26n__s42,0.7908,0.0077,0.34678
"M-top, 1,638",M__noKD__yolo26n__s42,0.7933,0.00655,0.35057
"M-top, 1,638",M__noKD__yolo26n__s42,0.7957,0.00616,0.35372
"M-top, 1,638",M__noKD__yolo26n__s42,0.7982,0.00578,0.35624
"M-top, 1,638",M__noKD__yolo26n__s42,0.8007,0.00539,0.36003
"M-top, 1,638",M__noKD__yolo26n__s42,0.8032,0.00539,0.3657
"M-top, 1,638",M__noKD__yolo26n__s42,0.8057,0.00462,0.37137
"M-top, 1,638",M__noKD__yolo26n__s42,0.8081,0.00462,0.37264
"M-top, 1,638",M__noKD__yolo26n__s42,0.8106,0.00424,0.37642
"M-top, 1,638",M__noKD__yolo26n__s42,0.8131,0.00424,0.38209
"M-top, 1,638",M__noKD__yolo26n__s42,0.8156,0.00347,0.38588
"M-top, 1,638",M__noKD__yolo26n__s42,0.8181,0.00308,0.38903
"M-top, 1,638",M__noKD__yolo26n__s42,0.8205,0.0027,0.39218
"M-top, 1,638",M__noKD__yolo26n__s42,0.823,0.0027,0.39596
"M-top, 1,638",M__noKD__yolo26n__s42,0.8255,0.0027,0.39849
"M-top, 1,638",M__noKD__yolo26n__s42,0.828,0.0027,0.40227
"M-top, 1,638",M__noKD__yolo26n__s42,0.8304,0.00231,0.40605
"M-top, 1,638",M__noKD__yolo26n__s42,0.8329,0.00231,0.4111
"M-top, 1,638",M__noKD__yolo26n__s42,0.8354,0.00193,0.41425
"M-top, 1,638",M__noKD__yolo26n__s42,0.8379,0.00193,0.42182
"M-top, 1,638",M__noKD__yolo26n__s42,0.8404,0.00193,0.4256
"M-top, 1,638",M__noKD__yolo26n__s42,0.8428,0.00193,0.43443
"M-top, 1,638",M__noKD__yolo26n__s42,0.8453,0.00154,0.44451
"M-top, 1,638",M__noKD__yolo26n__s42,0.8478,0.00154,0.45082
"M-top, 1,638",M__noKD__yolo26n__s42,0.8503,0.00154,0.45523
"M-top, 1,638",M__noKD__yolo26n__s42,0.8528,0.00154,0.46784
"M-top, 1,638",M__noKD__yolo26n__s42,0.8552,0.00154,0.47226
"M-top, 1,638",M__noKD__yolo26n__s42,0.8577,0.00154,0.48172
"M-top, 1,638",M__noKD__yolo26n__s42,0.8602,0.00154,0.48865
"M-top, 1,638",M__noKD__yolo26n__s42,0.8627,0.00116,0.49559
"M-top, 1,638",M__noKD__yolo26n__s42,0.8652,0.00116,0.50757
"M-top, 1,638",M__noKD__yolo26n__s42,0.8676,0.00116,0.51261
"M-top, 1,638",M__noKD__yolo26n__s42,0.8701,0.00116,0.51955
"M-top, 1,638",M__noKD__yolo26n__s42,0.8726,0.00116,0.52963
"M-top, 1,638",M__noKD__yolo26n__s42,0.8751,0.00116,0.53909
"M-top, 1,638",M__noKD__yolo26n__s42,0.8775,0.00077,0.54729
"M-top, 1,638",M__noKD__yolo26n__s42,0.88,0.00077,0.56053
"M-top, 1,638",M__noKD__yolo26n__s42,0.8825,0.00077,0.57188
"M-top, 1,638",M__noKD__yolo26n__s42,0.885,0.00077,0.58512
"M-top, 1,638",M__noKD__yolo26n__s42,0.8875,0.00077,0.60025
"M-top, 1,638",M__noKD__yolo26n__s42,0.8899,0.00077,0.61412
"M-top, 1,638",M__noKD__yolo26n__s42,0.8924,0.00077,0.62547
"M-top, 1,638",M__noKD__yolo26n__s42,0.8949,0.00077,0.63682
"M-top, 1,638",M__noKD__yolo26n__s42,0.8974,0.00077,0.65069
"M-top, 1,638",M__noKD__yolo26n__s42,0.8999,0.00077,0.66204
"M-top, 1,638",M__noKD__yolo26n__s42,0.9023,0.00077,0.67465
"M-top, 1,638",M__noKD__yolo26n__s42,0.9048,0.00077,0.69294
"M-top, 1,638",M__noKD__yolo26n__s42,0.9073,0.00077,0.70366
"M-top, 1,638",M__noKD__yolo26n__s42,0.9098,0.00077,0.72194
"M-top, 1,638",M__noKD__yolo26n__s42,0.9122,0.00077,0.73329
"M-top, 1,638",M__noKD__yolo26n__s42,0.9147,0.00077,0.74779
"M-top, 1,638",M__noKD__yolo26n__s42,0.9172,0.00039,0.76986
"M-top, 1,638",M__noKD__yolo26n__s42,0.9197,0.0,0.78373
"M-top, 1,638",M__noKD__yolo26n__s42,0.9222,0.0,0.79823
"M-top, 1,638",M__noKD__yolo26n__s42,0.9246,0.0,0.81652
"M-top, 1,638",M__noKD__yolo26n__s42,0.9271,0.0,0.82409
"M-top, 1,638",M__noKD__yolo26n__s42,0.9296,0.0,0.84174
"M-top, 1,638",M__noKD__yolo26n__s42,0.9321,0.0,0.85435
"M-top, 1,638",M__noKD__yolo26n__s42,0.9346,0.0,0.87074
"M-top, 1,638",M__noKD__yolo26n__s42,0.937,0.0,0.88588
"M-top, 1,638",M__noKD__yolo26n__s42,0.9395,0.0,0.89849
"M-top, 1,638",M__noKD__yolo26n__s42,0.942,0.0,0.91866
"M-top, 1,638",M__noKD__yolo26n__s42,0.9445,0.0,0.93506
"M-top, 1,638",M__noKD__yolo26n__s42,0.9469,0.0,0.94641
"M-top, 1,638",M__noKD__yolo26n__s42,0.9494,0.0,0.95965
"M-top, 1,638",M__noKD__yolo26n__s42,0.9519,0.0,0.97037
"M-top, 1,638",M__noKD__yolo26n__s42,0.9544,0.0,0.98298
"M-top, 1,638",M__noKD__yolo26n__s42,0.9569,0.0,0.98802
"M-top, 1,638",M__noKD__yolo26n__s42,0.9593,0.0,0.99496
"M-top, 1,638",M__noKD__yolo26n__s42,0.9618,0.0,0.99685
"M-top, 1,638",M__noKD__yolo26n__s42,0.9643,0.0,0.99874
"M-top, 1,638",M__noKD__yolo26n__s42,0.9668,0.0,0.99874
"M-top, 1,638",M__noKD__yolo26n__s42,0.9693,0.0,0.99937
"M-top, 1,638",M__noKD__yolo26n__s42,0.9717,0.0,0.99937
"M-top, 1,638",M__noKD__yolo26n__s42,0.9742,0.0,0.99937
"M-top, 1,638",M__noKD__yolo26n__s42,0.9767,0.0,1.0
"M-top, 1,638",M__noKD__yolo26n__s42,0.9792,0.0,1.0
"M-top, 1,638",M__noKD__yolo26n__s42,0.9816,0.0,1.0
"M-top, 1,638",M__noKD__yolo26n__s42,0.9841,0.0,1.0
"M-top, 1,638",M__noKD__yolo26n__s42,0.9866,0.0,1.0
"M-top, 1,638",M__noKD__yolo26n__s42,0.9891,0.0,1.0
"M-top, 1,638",M__noKD__yolo26n__s42,0.9916,0.0,1.0
"M-top, 1,638",M__noKD__yolo26n__s42,0.994,0.0,1.0
"M-top, 1,638",M__noKD__yolo26n__s42,0.9965,0.0,1.0
"M-top, 1,638",M__noKD__yolo26n__s42,0.999,0.0,1.0
"Cluster coverage, 1,638",C__noKD__yolo26n__s42,0.01,0.33513,0.07692
"Cluster coverage, 1,638",C__noKD__yolo26n__s42,0.0125,0.30046,0.07881
"Cluster coverage, 1,638",C__noKD__yolo26n__s42,0.015,0.27311,0.07945
"Cluster coverage, 1,638",C__noKD__yolo26n__s42,0.0174,0.25809,0.08134
"Cluster coverage, 1,638",C__noKD__yolo26n__s42,0.0199,0.23921,0.08449
"Cluster coverage, 1,638",C__noKD__yolo26n__s42,0.0224,0.22689,0.08512
"Cluster coverage, 1,638",C__noKD__yolo26n__s42,0.0249,0.21764,0.08638
"Cluster coverage, 1,638",C__noKD__yolo26n__s42,0.0274,0.21148,0.0889
"Cluster coverage, 1,638",C__noKD__yolo26n__s42,0.0298,0.203,0.09079
"Cluster coverage, 1,638",C__noKD__yolo26n__s42,0.0323,0.19453,0.09079
"Cluster coverage, 1,638",C__noKD__yolo26n__s42,0.0348,0.1876,0.09395
"Cluster coverage, 1,638",C__noKD__yolo26n__s42,0.0373,0.18259,0.09521
"Cluster coverage, 1,638",C__noKD__yolo26n__s42,0.0397,0.17912,0.09773
"Cluster coverage, 1,638",C__noKD__yolo26n__s42,0.0422,0.17488,0.09899
"Cluster coverage, 1,638",C__noKD__yolo26n__s42,0.0447,0.17026,0.10025
"Cluster coverage, 1,638",C__noKD__yolo26n__s42,0.0472,0.16487,0.10088
"Cluster coverage, 1,638",C__noKD__yolo26n__s42,0.0497,0.16025,0.10151
"Cluster coverage, 1,638",C__noKD__yolo26n__s42,0.0521,0.15639,0.10151
"Cluster coverage, 1,638",C__noKD__yolo26n__s42,0.0546,0.1537,0.10151
"Cluster coverage, 1,638",C__noKD__yolo26n__s42,0.0571,0.15216,0.10214
"Cluster coverage, 1,638",C__noKD__yolo26n__s42,0.0596,0.14869,0.10277
"Cluster coverage, 1,638",C__noKD__yolo26n__s42,0.0621,0.14522,0.1034
"Cluster coverage, 1,638",C__noKD__yolo26n__s42,0.0645,0.13945,0.1034
"Cluster coverage, 1,638",C__noKD__yolo26n__s42,0.067,0.13636,0.10467
"Cluster coverage, 1,638",C__noKD__yolo26n__s42,0.0695,0.13405,0.1053
"Cluster coverage, 1,638",C__noKD__yolo26n__s42,0.072,0.13328,0.10782
"Cluster coverage, 1,638",C__noKD__yolo26n__s42,0.0744,0.13174,0.10908
"Cluster coverage, 1,638",C__noKD__yolo26n__s42,0.0769,0.13174,0.11034
"Cluster coverage, 1,638",C__noKD__yolo26n__s42,0.0794,0.1302,0.1116
"Cluster coverage, 1,638",C__noKD__yolo26n__s42,0.0819,0.12904,0.11349
"Cluster coverage, 1,638",C__noKD__yolo26n__s42,0.0844,0.1275,0.11412
"Cluster coverage, 1,638",C__noKD__yolo26n__s42,0.0868,0.12442,0.11412
"Cluster coverage, 1,638",C__noKD__yolo26n__s42,0.0893,0.12365,0.11475
"Cluster coverage, 1,638",C__noKD__yolo26n__s42,0.0918,0.1225,0.11538
"Cluster coverage, 1,638",C__noKD__yolo26n__s42,0.0943,0.12173,0.11602
"Cluster coverage, 1,638",C__noKD__yolo26n__s42,0.0968,0.11672,0.11665
"Cluster coverage, 1,638",C__noKD__yolo26n__s42,0.0992,0.11402,0.11728
"Cluster coverage, 1,638",C__noKD__yolo26n__s42,0.1017,0.11325,0.11854
"Cluster coverage, 1,638",C__noKD__yolo26n__s42,0.1042,0.11171,0.11917
"Cluster coverage, 1,638",C__noKD__yolo26n__s42,0.1067,0.11055,0.11917
"Cluster coverage, 1,638",C__noKD__yolo26n__s42,0.1091,0.1094,0.12043
"Cluster coverage, 1,638",C__noKD__yolo26n__s42,0.1116,0.10824,0.12106
"Cluster coverage, 1,638",C__noKD__yolo26n__s42,0.1141,0.10516,0.12169
"Cluster coverage, 1,638",C__noKD__yolo26n__s42,0.1166,0.10478,0.12232
"Cluster coverage, 1,638",C__noKD__yolo26n__s42,0.1191,0.10247,0.12232
"Cluster coverage, 1,638",C__noKD__yolo26n__s42,0.1215,0.10208,0.12232
"Cluster coverage, 1,638",C__noKD__yolo26n__s42,0.124,0.10092,0.12232
"Cluster coverage, 1,638",C__noKD__yolo26n__s42,0.1265,0.099,0.12232
"Cluster coverage, 1,638",C__noKD__yolo26n__s42,0.129,0.09707,0.12295
"Cluster coverage, 1,638",C__noKD__yolo26n__s42,0.1315,0.0963,0.12358
"Cluster coverage, 1,638",C__noKD__yolo26n__s42,0.1339,0.09592,0.12421
"Cluster coverage, 1,638",C__noKD__yolo26n__s42,0.1364,0.09515,0.12547
"Cluster coverage, 1,638",C__noKD__yolo26n__s42,0.1389,0.09399,0.12547
"Cluster coverage, 1,638",C__noKD__yolo26n__s42,0.1414,0.09322,0.1261
"Cluster coverage, 1,638",C__noKD__yolo26n__s42,0.1438,0.09206,0.12673
"Cluster coverage, 1,638",C__noKD__yolo26n__s42,0.1463,0.09091,0.12673
"Cluster coverage, 1,638",C__noKD__yolo26n__s42,0.1488,0.08975,0.12673
"Cluster coverage, 1,638",C__noKD__yolo26n__s42,0.1513,0.0886,0.12673
"Cluster coverage, 1,638",C__noKD__yolo26n__s42,0.1538,0.08706,0.12799
"Cluster coverage, 1,638",C__noKD__yolo26n__s42,0.1562,0.0859,0.12799
"Cluster coverage, 1,638",C__noKD__yolo26n__s42,0.1587,0.08475,0.12799
"Cluster coverage, 1,638",C__noKD__yolo26n__s42,0.1612,0.08282,0.12926
"Cluster coverage, 1,638",C__noKD__yolo26n__s42,0.1637,0.08205,0.12926
"Cluster coverage, 1,638",C__noKD__yolo26n__s42,0.1662,0.08089,0.12926
"Cluster coverage, 1,638",C__noKD__yolo26n__s42,0.1686,0.08051,0.12926
"Cluster coverage, 1,638",C__noKD__yolo26n__s42,0.1711,0.08012,0.12926
"Cluster coverage, 1,638",C__noKD__yolo26n__s42,0.1736,0.07935,0.13115
"Cluster coverage, 1,638",C__noKD__yolo26n__s42,0.1761,0.07897,0.13115
"Cluster coverage, 1,638",C__noKD__yolo26n__s42,0.1786,0.0782,0.13115
"Cluster coverage, 1,638",C__noKD__yolo26n__s42,0.181,0.07704,0.13115
"Cluster coverage, 1,638",C__noKD__yolo26n__s42,0.1835,0.07666,0.13178
"Cluster coverage, 1,638",C__noKD__yolo26n__s42,0.186,0.07589,0.13241
"Cluster coverage, 1,638",C__noKD__yolo26n__s42,0.1885,0.0755,0.13241
"Cluster coverage, 1,638",C__noKD__yolo26n__s42,0.1909,0.07396,0.13367
"Cluster coverage, 1,638",C__noKD__yolo26n__s42,0.1934,0.07396,0.13493
"Cluster coverage, 1,638",C__noKD__yolo26n__s42,0.1959,0.07357,0.13493
"Cluster coverage, 1,638",C__noKD__yolo26n__s42,0.1984,0.07319,0.13556
"Cluster coverage, 1,638",C__noKD__yolo26n__s42,0.2009,0.0728,0.13556
"Cluster coverage, 1,638",C__noKD__yolo26n__s42,0.2033,0.0728,0.13556
"Cluster coverage, 1,638",C__noKD__yolo26n__s42,0.2058,0.07203,0.13619
"Cluster coverage, 1,638",C__noKD__yolo26n__s42,0.2083,0.07165,0.13682
"Cluster coverage, 1,638",C__noKD__yolo26n__s42,0.2108,0.07088,0.13745
"Cluster coverage, 1,638",C__noKD__yolo26n__s42,0.2133,0.07049,0.13808
"Cluster coverage, 1,638",C__noKD__yolo26n__s42,0.2157,0.06972,0.13871
"Cluster coverage, 1,638",C__noKD__yolo26n__s42,0.2182,0.06895,0.13934
"Cluster coverage, 1,638",C__noKD__yolo26n__s42,0.2207,0.06703,0.13997
"Cluster coverage, 1,638",C__noKD__yolo26n__s42,0.2232,0.06626,0.13997
"Cluster coverage, 1,638",C__noKD__yolo26n__s42,0.2256,0.06587,0.14061
"Cluster coverage, 1,638",C__noKD__yolo26n__s42,0.2281,0.06587,0.14061
"Cluster coverage, 1,638",C__noKD__yolo26n__s42,0.2306,0.06549,0.14124
"Cluster coverage, 1,638",C__noKD__yolo26n__s42,0.2331,0.0651,0.14124
"Cluster coverage, 1,638",C__noKD__yolo26n__s42,0.2356,0.06394,0.14187
"Cluster coverage, 1,638",C__noKD__yolo26n__s42,0.238,0.06356,0.1425
"Cluster coverage, 1,638",C__noKD__yolo26n__s42,0.2405,0.06317,0.1425
"Cluster coverage, 1,638",C__noKD__yolo26n__s42,0.243,0.06279,0.1425
"Cluster coverage, 1,638",C__noKD__yolo26n__s42,0.2455,0.06279,0.1425
"Cluster coverage, 1,638",C__noKD__yolo26n__s42,0.248,0.0624,0.1425
"Cluster coverage, 1,638",C__noKD__yolo26n__s42,0.2504,0.06202,0.1425
"Cluster coverage, 1,638",C__noKD__yolo26n__s42,0.2529,0.06125,0.1425
"Cluster coverage, 1,638",C__noKD__yolo26n__s42,0.2554,0.06125,0.1425
"Cluster coverage, 1,638",C__noKD__yolo26n__s42,0.2579,0.06086,0.14313
"Cluster coverage, 1,638",C__noKD__yolo26n__s42,0.2603,0.06048,0.14313
"Cluster coverage, 1,638",C__noKD__yolo26n__s42,0.2628,0.06009,0.14313
"Cluster coverage, 1,638",C__noKD__yolo26n__s42,0.2653,0.06009,0.14376
"Cluster coverage, 1,638",C__noKD__yolo26n__s42,0.2678,0.05971,0.14376
"Cluster coverage, 1,638",C__noKD__yolo26n__s42,0.2703,0.05932,0.14376
"Cluster coverage, 1,638",C__noKD__yolo26n__s42,0.2727,0.05894,0.14439
"Cluster coverage, 1,638",C__noKD__yolo26n__s42,0.2752,0.05894,0.14439
"Cluster coverage, 1,638",C__noKD__yolo26n__s42,0.2777,0.05855,0.14439
"Cluster coverage, 1,638",C__noKD__yolo26n__s42,0.2802,0.05817,0.14502
"Cluster coverage, 1,638",C__noKD__yolo26n__s42,0.2827,0.05817,0.14502
"Cluster coverage, 1,638",C__noKD__yolo26n__s42,0.2851,0.05817,0.14565
"Cluster coverage, 1,638",C__noKD__yolo26n__s42,0.2876,0.05817,0.14565
"Cluster coverage, 1,638",C__noKD__yolo26n__s42,0.2901,0.05778,0.14565
"Cluster coverage, 1,638",C__noKD__yolo26n__s42,0.2926,0.0574,0.14691
"Cluster coverage, 1,638",C__noKD__yolo26n__s42,0.2951,0.0574,0.14754
"Cluster coverage, 1,638",C__noKD__yolo26n__s42,0.2975,0.05701,0.14943
"Cluster coverage, 1,638",C__noKD__yolo26n__s42,0.3,0.05663,0.15006
"Cluster coverage, 1,638",C__noKD__yolo26n__s42,0.3025,0.05624,0.15069
"Cluster coverage, 1,638",C__noKD__yolo26n__s42,0.305,0.05586,0.15069
"Cluster coverage, 1,638",C__noKD__yolo26n__s42,0.3074,0.05547,0.15069
"Cluster coverage, 1,638",C__noKD__yolo26n__s42,0.3099,0.05508,0.15132
"Cluster coverage, 1,638",C__noKD__yolo26n__s42,0.3124,0.0547,0.15132
"Cluster coverage, 1,638",C__noKD__yolo26n__s42,0.3149,0.0547,0.15195
"Cluster coverage, 1,638",C__noKD__yolo26n__s42,0.3174,0.05431,0.15195
"Cluster coverage, 1,638",C__noKD__yolo26n__s42,0.3198,0.05354,0.15195
"Cluster coverage, 1,638",C__noKD__yolo26n__s42,0.3223,0.05277,0.15259
"Cluster coverage, 1,638",C__noKD__yolo26n__s42,0.3248,0.05277,0.15322
"Cluster coverage, 1,638",C__noKD__yolo26n__s42,0.3273,0.05277,0.15322
"Cluster coverage, 1,638",C__noKD__yolo26n__s42,0.3298,0.05239,0.15322
"Cluster coverage, 1,638",C__noKD__yolo26n__s42,0.3322,0.052,0.15385
"Cluster coverage, 1,638",C__noKD__yolo26n__s42,0.3347,0.052,0.15448
"Cluster coverage, 1,638",C__noKD__yolo26n__s42,0.3372,0.052,0.15574
"Cluster coverage, 1,638",C__noKD__yolo26n__s42,0.3397,0.052,0.15637
"Cluster coverage, 1,638",C__noKD__yolo26n__s42,0.3421,0.05162,0.15637
"Cluster coverage, 1,638",C__noKD__yolo26n__s42,0.3446,0.05123,0.157
"Cluster coverage, 1,638",C__noKD__yolo26n__s42,0.3471,0.05123,0.15763
"Cluster coverage, 1,638",C__noKD__yolo26n__s42,0.3496,0.05085,0.15826
"Cluster coverage, 1,638",C__noKD__yolo26n__s42,0.3521,0.05008,0.15826
"Cluster coverage, 1,638",C__noKD__yolo26n__s42,0.3545,0.04969,0.15952
"Cluster coverage, 1,638",C__noKD__yolo26n__s42,0.357,0.04931,0.15952
"Cluster coverage, 1,638",C__noKD__yolo26n__s42,0.3595,0.04892,0.15952
"Cluster coverage, 1,638",C__noKD__yolo26n__s42,0.362,0.04854,0.16078
"Cluster coverage, 1,638",C__noKD__yolo26n__s42,0.3645,0.04854,0.16078
"Cluster coverage, 1,638",C__noKD__yolo26n__s42,0.3669,0.04854,0.16141
"Cluster coverage, 1,638",C__noKD__yolo26n__s42,0.3694,0.04815,0.16141
"Cluster coverage, 1,638",C__noKD__yolo26n__s42,0.3719,0.04815,0.16141
"Cluster coverage, 1,638",C__noKD__yolo26n__s42,0.3744,0.04815,0.16141
"Cluster coverage, 1,638",C__noKD__yolo26n__s42,0.3768,0.04815,0.16204
"Cluster coverage, 1,638",C__noKD__yolo26n__s42,0.3793,0.04815,0.16267
"Cluster coverage, 1,638",C__noKD__yolo26n__s42,0.3818,0.04815,0.1633
"Cluster coverage, 1,638",C__noKD__yolo26n__s42,0.3843,0.04815,0.1633
"Cluster coverage, 1,638",C__noKD__yolo26n__s42,0.3868,0.04815,0.16393
"Cluster coverage, 1,638",C__noKD__yolo26n__s42,0.3892,0.04777,0.16456
"Cluster coverage, 1,638",C__noKD__yolo26n__s42,0.3917,0.04777,0.16456
"Cluster coverage, 1,638",C__noKD__yolo26n__s42,0.3942,0.04738,0.1652
"Cluster coverage, 1,638",C__noKD__yolo26n__s42,0.3967,0.047,0.16583
"Cluster coverage, 1,638",C__noKD__yolo26n__s42,0.3992,0.04622,0.16709
"Cluster coverage, 1,638",C__noKD__yolo26n__s42,0.4016,0.04622,0.16835
"Cluster coverage, 1,638",C__noKD__yolo26n__s42,0.4041,0.04584,0.16961
"Cluster coverage, 1,638",C__noKD__yolo26n__s42,0.4066,0.04507,0.17024
"Cluster coverage, 1,638",C__noKD__yolo26n__s42,0.4091,0.04507,0.17024
"Cluster coverage, 1,638",C__noKD__yolo26n__s42,0.4115,0.04507,0.17087
"Cluster coverage, 1,638",C__noKD__yolo26n__s42,0.414,0.04507,0.17087
"Cluster coverage, 1,638",C__noKD__yolo26n__s42,0.4165,0.04468,0.17087
"Cluster coverage, 1,638",C__noKD__yolo26n__s42,0.419,0.04468,0.1715
"Cluster coverage, 1,638",C__noKD__yolo26n__s42,0.4215,0.04468,0.17213
"Cluster coverage, 1,638",C__noKD__yolo26n__s42,0.4239,0.0443,0.17276
"Cluster coverage, 1,638",C__noKD__yolo26n__s42,0.4264,0.0443,0.17339
"Cluster coverage, 1,638",C__noKD__yolo26n__s42,0.4289,0.04391,0.17339
"Cluster coverage, 1,638",C__noKD__yolo26n__s42,0.4314,0.04391,0.17339
"Cluster coverage, 1,638",C__noKD__yolo26n__s42,0.4339,0.04353,0.17339
"Cluster coverage, 1,638",C__noKD__yolo26n__s42,0.4363,0.04353,0.17402
"Cluster coverage, 1,638",C__noKD__yolo26n__s42,0.4388,0.04314,0.17402
"Cluster coverage, 1,638",C__noKD__yolo26n__s42,0.4413,0.04314,0.17465
"Cluster coverage, 1,638",C__noKD__yolo26n__s42,0.4438,0.04314,0.17465
"Cluster coverage, 1,638",C__noKD__yolo26n__s42,0.4463,0.04314,0.17528
"Cluster coverage, 1,638",C__noKD__yolo26n__s42,0.4487,0.04314,0.17654
"Cluster coverage, 1,638",C__noKD__yolo26n__s42,0.4512,0.04314,0.17781
"Cluster coverage, 1,638",C__noKD__yolo26n__s42,0.4537,0.04314,0.17781
"Cluster coverage, 1,638",C__noKD__yolo26n__s42,0.4562,0.04314,0.17844
"Cluster coverage, 1,638",C__noKD__yolo26n__s42,0.4586,0.04276,0.18096
"Cluster coverage, 1,638",C__noKD__yolo26n__s42,0.4611,0.04276,0.18096
"Cluster coverage, 1,638",C__noKD__yolo26n__s42,0.4636,0.04199,0.18159
"Cluster coverage, 1,638",C__noKD__yolo26n__s42,0.4661,0.0416,0.18222
"Cluster coverage, 1,638",C__noKD__yolo26n__s42,0.4686,0.0416,0.18411
"Cluster coverage, 1,638",C__noKD__yolo26n__s42,0.471,0.04122,0.18474
"Cluster coverage, 1,638",C__noKD__yolo26n__s42,0.4735,0.04122,0.18474
"Cluster coverage, 1,638",C__noKD__yolo26n__s42,0.476,0.04122,0.18474
"Cluster coverage, 1,638",C__noKD__yolo26n__s42,0.4785,0.04122,0.18474
"Cluster coverage, 1,638",C__noKD__yolo26n__s42,0.481,0.04122,0.18474
"Cluster coverage, 1,638",C__noKD__yolo26n__s42,0.4834,0.04122,0.186
"Cluster coverage, 1,638",C__noKD__yolo26n__s42,0.4859,0.04122,0.18663
"Cluster coverage, 1,638",C__noKD__yolo26n__s42,0.4884,0.04083,0.18789
"Cluster coverage, 1,638",C__noKD__yolo26n__s42,0.4909,0.04083,0.18852
"Cluster coverage, 1,638",C__noKD__yolo26n__s42,0.4933,0.04083,0.18852
"Cluster coverage, 1,638",C__noKD__yolo26n__s42,0.4958,0.04083,0.18916
"Cluster coverage, 1,638",C__noKD__yolo26n__s42,0.4983,0.04083,0.18916
"Cluster coverage, 1,638",C__noKD__yolo26n__s42,0.5008,0.04045,0.18916
"Cluster coverage, 1,638",C__noKD__yolo26n__s42,0.5033,0.04006,0.19105
"Cluster coverage, 1,638",C__noKD__yolo26n__s42,0.5057,0.04006,0.19105
"Cluster coverage, 1,638",C__noKD__yolo26n__s42,0.5082,0.03968,0.19105
"Cluster coverage, 1,638",C__noKD__yolo26n__s42,0.5107,0.03929,0.19231
"Cluster coverage, 1,638",C__noKD__yolo26n__s42,0.5132,0.03929,0.19294
"Cluster coverage, 1,638",C__noKD__yolo26n__s42,0.5157,0.03852,0.19357
"Cluster coverage, 1,638",C__noKD__yolo26n__s42,0.5181,0.03775,0.19483
"Cluster coverage, 1,638",C__noKD__yolo26n__s42,0.5206,0.03698,0.19609
"Cluster coverage, 1,638",C__noKD__yolo26n__s42,0.5231,0.03698,0.19798
"Cluster coverage, 1,638",C__noKD__yolo26n__s42,0.5256,0.03659,0.19798
"Cluster coverage, 1,638",C__noKD__yolo26n__s42,0.528,0.03659,0.19861
"Cluster coverage, 1,638",C__noKD__yolo26n__s42,0.5305,0.03659,0.19924
"Cluster coverage, 1,638",C__noKD__yolo26n__s42,0.533,0.03659,0.19924
"Cluster coverage, 1,638",C__noKD__yolo26n__s42,0.5355,0.03659,0.2005
"Cluster coverage, 1,638",C__noKD__yolo26n__s42,0.538,0.03659,0.20113
"Cluster coverage, 1,638",C__noKD__yolo26n__s42,0.5404,0.03659,0.20177
"Cluster coverage, 1,638",C__noKD__yolo26n__s42,0.5429,0.03659,0.2024
"Cluster coverage, 1,638",C__noKD__yolo26n__s42,0.5454,0.03621,0.2024
"Cluster coverage, 1,638",C__noKD__yolo26n__s42,0.5479,0.03544,0.20429
"Cluster coverage, 1,638",C__noKD__yolo26n__s42,0.5504,0.03544,0.20429
"Cluster coverage, 1,638",C__noKD__yolo26n__s42,0.5528,0.03544,0.20492
"Cluster coverage, 1,638",C__noKD__yolo26n__s42,0.5553,0.03544,0.20555
"Cluster coverage, 1,638",C__noKD__yolo26n__s42,0.5578,0.03544,0.20555
"Cluster coverage, 1,638",C__noKD__yolo26n__s42,0.5603,0.03544,0.20555
"Cluster coverage, 1,638",C__noKD__yolo26n__s42,0.5627,0.03544,0.20681
"Cluster coverage, 1,638",C__noKD__yolo26n__s42,0.5652,0.03544,0.20681
"Cluster coverage, 1,638",C__noKD__yolo26n__s42,0.5677,0.03505,0.20807
"Cluster coverage, 1,638",C__noKD__yolo26n__s42,0.5702,0.03505,0.20807
"Cluster coverage, 1,638",C__noKD__yolo26n__s42,0.5727,0.03505,0.20807
"Cluster coverage, 1,638",C__noKD__yolo26n__s42,0.5751,0.03467,0.20807
"Cluster coverage, 1,638",C__noKD__yolo26n__s42,0.5776,0.03467,0.20807
"Cluster coverage, 1,638",C__noKD__yolo26n__s42,0.5801,0.0339,0.20933
"Cluster coverage, 1,638",C__noKD__yolo26n__s42,0.5826,0.03351,0.20996
"Cluster coverage, 1,638",C__noKD__yolo26n__s42,0.5851,0.03351,0.21059
"Cluster coverage, 1,638",C__noKD__yolo26n__s42,0.5875,0.03351,0.21375
"Cluster coverage, 1,638",C__noKD__yolo26n__s42,0.59,0.03313,0.21438
"Cluster coverage, 1,638",C__noKD__yolo26n__s42,0.5925,0.03274,0.21564
"Cluster coverage, 1,638",C__noKD__yolo26n__s42,0.595,0.03236,0.21627
"Cluster coverage, 1,638",C__noKD__yolo26n__s42,0.5975,0.03236,0.2169
"Cluster coverage, 1,638",C__noKD__yolo26n__s42,0.5999,0.03159,0.21753
"Cluster coverage, 1,638",C__noKD__yolo26n__s42,0.6024,0.03159,0.21879
"Cluster coverage, 1,638",C__noKD__yolo26n__s42,0.6049,0.03159,0.21942
"Cluster coverage, 1,638",C__noKD__yolo26n__s42,0.6074,0.0312,0.21942
"Cluster coverage, 1,638",C__noKD__yolo26n__s42,0.6098,0.0312,0.22131
"Cluster coverage, 1,638",C__noKD__yolo26n__s42,0.6123,0.03043,0.22194
"Cluster coverage, 1,638",C__noKD__yolo26n__s42,0.6148,0.02966,0.22257
"Cluster coverage, 1,638",C__noKD__yolo26n__s42,0.6173,0.02966,0.22446
"Cluster coverage, 1,638",C__noKD__yolo26n__s42,0.6198,0.02966,0.22509
"Cluster coverage, 1,638",C__noKD__yolo26n__s42,0.6222,0.02889,0.22636
"Cluster coverage, 1,638",C__noKD__yolo26n__s42,0.6247,0.02889,0.22825
"Cluster coverage, 1,638",C__noKD__yolo26n__s42,0.6272,0.02889,0.22888
"Cluster coverage, 1,638",C__noKD__yolo26n__s42,0.6297,0.02889,0.22888
"Cluster coverage, 1,638",C__noKD__yolo26n__s42,0.6322,0.02812,0.2314
"Cluster coverage, 1,638",C__noKD__yolo26n__s42,0.6346,0.02812,0.23329
"Cluster coverage, 1,638",C__noKD__yolo26n__s42,0.6371,0.02812,0.23518
"Cluster coverage, 1,638",C__noKD__yolo26n__s42,0.6396,0.02773,0.23834
"Cluster coverage, 1,638",C__noKD__yolo26n__s42,0.6421,0.02773,0.23897
"Cluster coverage, 1,638",C__noKD__yolo26n__s42,0.6445,0.02773,0.24086
"Cluster coverage, 1,638",C__noKD__yolo26n__s42,0.647,0.02735,0.24275
"Cluster coverage, 1,638",C__noKD__yolo26n__s42,0.6495,0.02735,0.24401
"Cluster coverage, 1,638",C__noKD__yolo26n__s42,0.652,0.02735,0.24527
"Cluster coverage, 1,638",C__noKD__yolo26n__s42,0.6545,0.02735,0.24716
"Cluster coverage, 1,638",C__noKD__yolo26n__s42,0.6569,0.02735,0.24842
"Cluster coverage, 1,638",C__noKD__yolo26n__s42,0.6594,0.02735,0.24905
"Cluster coverage, 1,638",C__noKD__yolo26n__s42,0.6619,0.02735,0.24905
"Cluster coverage, 1,638",C__noKD__yolo26n__s42,0.6644,0.02735,0.24905
"Cluster coverage, 1,638",C__noKD__yolo26n__s42,0.6669,0.02735,0.25221
"Cluster coverage, 1,638",C__noKD__yolo26n__s42,0.6693,0.02735,0.25221
"Cluster coverage, 1,638",C__noKD__yolo26n__s42,0.6718,0.02735,0.2541
"Cluster coverage, 1,638",C__noKD__yolo26n__s42,0.6743,0.02696,0.25473
"Cluster coverage, 1,638",C__noKD__yolo26n__s42,0.6768,0.02696,0.25536
"Cluster coverage, 1,638",C__noKD__yolo26n__s42,0.6792,0.02696,0.25662
"Cluster coverage, 1,638",C__noKD__yolo26n__s42,0.6817,0.02696,0.25914
"Cluster coverage, 1,638",C__noKD__yolo26n__s42,0.6842,0.02504,0.25977
"Cluster coverage, 1,638",C__noKD__yolo26n__s42,0.6867,0.02427,0.26103
"Cluster coverage, 1,638",C__noKD__yolo26n__s42,0.6892,0.02427,0.26166
"Cluster coverage, 1,638",C__noKD__yolo26n__s42,0.6916,0.02427,0.26419
"Cluster coverage, 1,638",C__noKD__yolo26n__s42,0.6941,0.02427,0.26671
"Cluster coverage, 1,638",C__noKD__yolo26n__s42,0.6966,0.02427,0.26923
"Cluster coverage, 1,638",C__noKD__yolo26n__s42,0.6991,0.02427,0.26923
"Cluster coverage, 1,638",C__noKD__yolo26n__s42,0.7016,0.02427,0.27112
"Cluster coverage, 1,638",C__noKD__yolo26n__s42,0.704,0.02427,0.27301
"Cluster coverage, 1,638",C__noKD__yolo26n__s42,0.7065,0.02427,0.27427
"Cluster coverage, 1,638",C__noKD__yolo26n__s42,0.709,0.02388,0.27743
"Cluster coverage, 1,638",C__noKD__yolo26n__s42,0.7115,0.0235,0.27869
"Cluster coverage, 1,638",C__noKD__yolo26n__s42,0.7139,0.0235,0.27995
"Cluster coverage, 1,638",C__noKD__yolo26n__s42,0.7164,0.02311,0.28247
"Cluster coverage, 1,638",C__noKD__yolo26n__s42,0.7189,0.02311,0.28436
"Cluster coverage, 1,638",C__noKD__yolo26n__s42,0.7214,0.02234,0.28562
"Cluster coverage, 1,638",C__noKD__yolo26n__s42,0.7239,0.02234,0.28878
"Cluster coverage, 1,638",C__noKD__yolo26n__s42,0.7263,0.02234,0.28941
"Cluster coverage, 1,638",C__noKD__yolo26n__s42,0.7288,0.02196,0.28941
"Cluster coverage, 1,638",C__noKD__yolo26n__s42,0.7313,0.02196,0.29067
"Cluster coverage, 1,638",C__noKD__yolo26n__s42,0.7338,0.02119,0.2913
"Cluster coverage, 1,638",C__noKD__yolo26n__s42,0.7363,0.02119,0.29508
"Cluster coverage, 1,638",C__noKD__yolo26n__s42,0.7387,0.02119,0.2976
"Cluster coverage, 1,638",C__noKD__yolo26n__s42,0.7412,0.02119,0.29887
"Cluster coverage, 1,638",C__noKD__yolo26n__s42,0.7437,0.02119,0.30076
"Cluster coverage, 1,638",C__noKD__yolo26n__s42,0.7462,0.0208,0.30265
"Cluster coverage, 1,638",C__noKD__yolo26n__s42,0.7487,0.0208,0.3058
"Cluster coverage, 1,638",C__noKD__yolo26n__s42,0.7511,0.0208,0.30769
"Cluster coverage, 1,638",C__noKD__yolo26n__s42,0.7536,0.0208,0.30895
"Cluster coverage, 1,638",C__noKD__yolo26n__s42,0.7561,0.02042,0.31148
"Cluster coverage, 1,638",C__noKD__yolo26n__s42,0.7586,0.02003,0.31148
"Cluster coverage, 1,638",C__noKD__yolo26n__s42,0.761,0.01965,0.31211
"Cluster coverage, 1,638",C__noKD__yolo26n__s42,0.7635,0.01926,0.314
"Cluster coverage, 1,638",C__noKD__yolo26n__s42,0.766,0.01926,0.31715
"Cluster coverage, 1,638",C__noKD__yolo26n__s42,0.7685,0.01926,0.31841
"Cluster coverage, 1,638",C__noKD__yolo26n__s42,0.771,0.01888,0.32093
"Cluster coverage, 1,638",C__noKD__yolo26n__s42,0.7734,0.01772,0.32472
"Cluster coverage, 1,638",C__noKD__yolo26n__s42,0.7759,0.01733,0.32913
"Cluster coverage, 1,638",C__noKD__yolo26n__s42,0.7784,0.01733,0.33165
"Cluster coverage, 1,638",C__noKD__yolo26n__s42,0.7809,0.01656,0.3367
"Cluster coverage, 1,638",C__noKD__yolo26n__s42,0.7834,0.01656,0.33922
"Cluster coverage, 1,638",C__noKD__yolo26n__s42,0.7858,0.01502,0.34111
"Cluster coverage, 1,638",C__noKD__yolo26n__s42,0.7883,0.01387,0.34426
"Cluster coverage, 1,638",C__noKD__yolo26n__s42,0.7908,0.01271,0.34678
"Cluster coverage, 1,638",C__noKD__yolo26n__s42,0.7933,0.01271,0.34994
"Cluster coverage, 1,638",C__noKD__yolo26n__s42,0.7957,0.01271,0.35372
"Cluster coverage, 1,638",C__noKD__yolo26n__s42,0.7982,0.01233,0.35687
"Cluster coverage, 1,638",C__noKD__yolo26n__s42,0.8007,0.01117,0.36003
"Cluster coverage, 1,638",C__noKD__yolo26n__s42,0.8032,0.01079,0.36444
"Cluster coverage, 1,638",C__noKD__yolo26n__s42,0.8057,0.01002,0.36759
"Cluster coverage, 1,638",C__noKD__yolo26n__s42,0.8081,0.01002,0.37137
"Cluster coverage, 1,638",C__noKD__yolo26n__s42,0.8106,0.00963,0.3739
"Cluster coverage, 1,638",C__noKD__yolo26n__s42,0.8131,0.00847,0.37831
"Cluster coverage, 1,638",C__noKD__yolo26n__s42,0.8156,0.0077,0.38398
"Cluster coverage, 1,638",C__noKD__yolo26n__s42,0.8181,0.00732,0.3884
"Cluster coverage, 1,638",C__noKD__yolo26n__s42,0.8205,0.00732,0.39281
"Cluster coverage, 1,638",C__noKD__yolo26n__s42,0.823,0.00732,0.39849
"Cluster coverage, 1,638",C__noKD__yolo26n__s42,0.8255,0.00732,0.40668
"Cluster coverage, 1,638",C__noKD__yolo26n__s42,0.828,0.00732,0.4111
"Cluster coverage, 1,638",C__noKD__yolo26n__s42,0.8304,0.00732,0.4174
"Cluster coverage, 1,638",C__noKD__yolo26n__s42,0.8329,0.00693,0.42434
"Cluster coverage, 1,638",C__noKD__yolo26n__s42,0.8354,0.00693,0.4338
"Cluster coverage, 1,638",C__noKD__yolo26n__s42,0.8379,0.00616,0.44136
"Cluster coverage, 1,638",C__noKD__yolo26n__s42,0.8404,0.00616,0.44578
"Cluster coverage, 1,638",C__noKD__yolo26n__s42,0.8428,0.00578,0.45208
"Cluster coverage, 1,638",C__noKD__yolo26n__s42,0.8453,0.00539,0.45776
"Cluster coverage, 1,638",C__noKD__yolo26n__s42,0.8478,0.00501,0.46721
"Cluster coverage, 1,638",C__noKD__yolo26n__s42,0.8503,0.00462,0.47478
"Cluster coverage, 1,638",C__noKD__yolo26n__s42,0.8528,0.00462,0.47919
"Cluster coverage, 1,638",C__noKD__yolo26n__s42,0.8552,0.00462,0.48613
"Cluster coverage, 1,638",C__noKD__yolo26n__s42,0.8577,0.00462,0.49559
"Cluster coverage, 1,638",C__noKD__yolo26n__s42,0.8602,0.00462,0.50441
"Cluster coverage, 1,638",C__noKD__yolo26n__s42,0.8627,0.00462,0.5145
"Cluster coverage, 1,638",C__noKD__yolo26n__s42,0.8652,0.00462,0.52837
"Cluster coverage, 1,638",C__noKD__yolo26n__s42,0.8676,0.00424,0.53468
"Cluster coverage, 1,638",C__noKD__yolo26n__s42,0.8701,0.00385,0.54603
"Cluster coverage, 1,638",C__noKD__yolo26n__s42,0.8726,0.00385,0.55738
"Cluster coverage, 1,638",C__noKD__yolo26n__s42,0.8751,0.00385,0.56683
"Cluster coverage, 1,638",C__noKD__yolo26n__s42,0.8775,0.00385,0.5744
"Cluster coverage, 1,638",C__noKD__yolo26n__s42,0.88,0.00385,0.58386
"Cluster coverage, 1,638",C__noKD__yolo26n__s42,0.8825,0.00347,0.59521
"Cluster coverage, 1,638",C__noKD__yolo26n__s42,0.885,0.00347,0.61034
"Cluster coverage, 1,638",C__noKD__yolo26n__s42,0.8875,0.0027,0.62926
"Cluster coverage, 1,638",C__noKD__yolo26n__s42,0.8899,0.0027,0.64628
"Cluster coverage, 1,638",C__noKD__yolo26n__s42,0.8924,0.00231,0.66393
"Cluster coverage, 1,638",C__noKD__yolo26n__s42,0.8949,0.00231,0.67654
"Cluster coverage, 1,638",C__noKD__yolo26n__s42,0.8974,0.00231,0.69042
"Cluster coverage, 1,638",C__noKD__yolo26n__s42,0.8999,0.00231,0.7005
"Cluster coverage, 1,638",C__noKD__yolo26n__s42,0.9023,0.00231,0.71122
"Cluster coverage, 1,638",C__noKD__yolo26n__s42,0.9048,0.00231,0.72888
"Cluster coverage, 1,638",C__noKD__yolo26n__s42,0.9073,0.00231,0.74338
"Cluster coverage, 1,638",C__noKD__yolo26n__s42,0.9098,0.00154,0.75599
"Cluster coverage, 1,638",C__noKD__yolo26n__s42,0.9122,0.00154,0.76482
"Cluster coverage, 1,638",C__noKD__yolo26n__s42,0.9147,0.00154,0.7768
"Cluster coverage, 1,638",C__noKD__yolo26n__s42,0.9172,0.00154,0.79445
"Cluster coverage, 1,638",C__noKD__yolo26n__s42,0.9197,0.00116,0.80769
"Cluster coverage, 1,638",C__noKD__yolo26n__s42,0.9222,0.00039,0.82282
"Cluster coverage, 1,638",C__noKD__yolo26n__s42,0.9246,0.00039,0.83796
"Cluster coverage, 1,638",C__noKD__yolo26n__s42,0.9271,0.00039,0.85183
"Cluster coverage, 1,638",C__noKD__yolo26n__s42,0.9296,0.0,0.87011
"Cluster coverage, 1,638",C__noKD__yolo26n__s42,0.9321,0.0,0.88398
"Cluster coverage, 1,638",C__noKD__yolo26n__s42,0.9346,0.0,0.90101
"Cluster coverage, 1,638",C__noKD__yolo26n__s42,0.937,0.0,0.91677
"Cluster coverage, 1,638",C__noKD__yolo26n__s42,0.9395,0.0,0.93001
"Cluster coverage, 1,638",C__noKD__yolo26n__s42,0.942,0.0,0.94515
"Cluster coverage, 1,638",C__noKD__yolo26n__s42,0.9445,0.0,0.96847
"Cluster coverage, 1,638",C__noKD__yolo26n__s42,0.9469,0.0,0.97541
"Cluster coverage, 1,638",C__noKD__yolo26n__s42,0.9494,0.0,0.98235
"Cluster coverage, 1,638",C__noKD__yolo26n__s42,0.9519,0.0,0.98802
"Cluster coverage, 1,638",C__noKD__yolo26n__s42,0.9544,0.0,0.99496
"Cluster coverage, 1,638",C__noKD__yolo26n__s42,0.9569,0.0,0.99748
"Cluster coverage, 1,638",C__noKD__yolo26n__s42,0.9593,0.0,0.99811
"Cluster coverage, 1,638",C__noKD__yolo26n__s42,0.9618,0.0,0.99937
"Cluster coverage, 1,638",C__noKD__yolo26n__s42,0.9643,0.0,1.0
"Cluster coverage, 1,638",C__noKD__yolo26n__s42,0.9668,0.0,1.0
"Cluster coverage, 1,638",C__noKD__yolo26n__s42,0.9693,0.0,1.0
"Cluster coverage, 1,638",C__noKD__yolo26n__s42,0.9717,0.0,1.0
"Cluster coverage, 1,638",C__noKD__yolo26n__s42,0.9742,0.0,1.0
"Cluster coverage, 1,638",C__noKD__yolo26n__s42,0.9767,0.0,1.0
"Cluster coverage, 1,638",C__noKD__yolo26n__s42,0.9792,0.0,1.0
"Cluster coverage, 1,638",C__noKD__yolo26n__s42,0.9816,0.0,1.0
"Cluster coverage, 1,638",C__noKD__yolo26n__s42,0.9841,0.0,1.0
"Cluster coverage, 1,638",C__noKD__yolo26n__s42,0.9866,0.0,1.0
"Cluster coverage, 1,638",C__noKD__yolo26n__s42,0.9891,0.0,1.0
"Cluster coverage, 1,638",C__noKD__yolo26n__s42,0.9916,0.0,1.0
"Cluster coverage, 1,638",C__noKD__yolo26n__s42,0.994,0.0,1.0
"Cluster coverage, 1,638",C__noKD__yolo26n__s42,0.9965,0.0,1.0
"Cluster coverage, 1,638",C__noKD__yolo26n__s42,0.999,0.0,1.0
"Places365-only, 1,638",P__noKD__yolo26n__s42,0.01,0.32858,0.06683
"Places365-only, 1,638",P__noKD__yolo26n__s42,0.0125,0.28968,0.06936
"Places365-only, 1,638",P__noKD__yolo26n__s42,0.015,0.26194,0.07188
"Places365-only, 1,638",P__noKD__yolo26n__s42,0.0174,0.2423,0.07566
"Places365-only, 1,638",P__noKD__yolo26n__s42,0.0199,0.22381,0.07692
"Places365-only, 1,638",P__noKD__yolo26n__s42,0.0224,0.21109,0.07881
"Places365-only, 1,638",P__noKD__yolo26n__s42,0.0249,0.20146,0.08134
"Places365-only, 1,638",P__noKD__yolo26n__s42,0.0274,0.19029,0.08134
"Places365-only, 1,638",P__noKD__yolo26n__s42,0.0298,0.18529,0.08323
"Places365-only, 1,638",P__noKD__yolo26n__s42,0.0323,0.17797,0.08575
"Places365-only, 1,638",P__noKD__yolo26n__s42,0.0348,0.17142,0.08638
"Places365-only, 1,638",P__noKD__yolo26n__s42,0.0373,0.16602,0.08701
"Places365-only, 1,638",P__noKD__yolo26n__s42,0.0397,0.1614,0.08827
"Places365-only, 1,638",P__noKD__yolo26n__s42,0.0422,0.15601,0.09016
"Places365-only, 1,638",P__noKD__yolo26n__s42,0.0447,0.15216,0.09016
"Places365-only, 1,638",P__noKD__yolo26n__s42,0.0472,0.14676,0.09142
"Places365-only, 1,638",P__noKD__yolo26n__s42,0.0497,0.14291,0.09332
"Places365-only, 1,638",P__noKD__yolo26n__s42,0.0521,0.13906,0.09395
"Places365-only, 1,638",P__noKD__yolo26n__s42,0.0546,0.13521,0.09521
"Places365-only, 1,638",P__noKD__yolo26n__s42,0.0571,0.13213,0.09584
"Places365-only, 1,638",P__noKD__yolo26n__s42,0.0596,0.12943,0.09584
"Places365-only, 1,638",P__noKD__yolo26n__s42,0.0621,0.12866,0.0971
"Places365-only, 1,638",P__noKD__yolo26n__s42,0.0645,0.12789,0.09773
"Places365-only, 1,638",P__noKD__yolo26n__s42,0.067,0.12635,0.09899
"Places365-only, 1,638",P__noKD__yolo26n__s42,0.0695,0.12327,0.09962
"Places365-only, 1,638",P__noKD__yolo26n__s42,0.072,0.12134,0.10088
"Places365-only, 1,638",P__noKD__yolo26n__s42,0.0744,0.11903,0.10277
"Places365-only, 1,638",P__noKD__yolo26n__s42,0.0769,0.11633,0.1034
"Places365-only, 1,638",P__noKD__yolo26n__s42,0.0794,0.11556,0.1034
"Places365-only, 1,638",P__noKD__yolo26n__s42,0.0819,0.11556,0.1034
"Places365-only, 1,638",P__noKD__yolo26n__s42,0.0844,0.11402,0.1034
"Places365-only, 1,638",P__noKD__yolo26n__s42,0.0868,0.11364,0.1034
"Places365-only, 1,638",P__noKD__yolo26n__s42,0.0893,0.11133,0.10404
"Places365-only, 1,638",P__noKD__yolo26n__s42,0.0918,0.11055,0.10404
"Places365-only, 1,638",P__noKD__yolo26n__s42,0.0943,0.10978,0.10593
"Places365-only, 1,638",P__noKD__yolo26n__s42,0.0968,0.10901,0.10656
"Places365-only, 1,638",P__noKD__yolo26n__s42,0.0992,0.10863,0.10719
"Places365-only, 1,638",P__noKD__yolo26n__s42,0.1017,0.10593,0.10782
"Places365-only, 1,638",P__noKD__yolo26n__s42,0.1042,0.10478,0.10782
"Places365-only, 1,638",P__noKD__yolo26n__s42,0.1067,0.10247,0.10845
"Places365-only, 1,638",P__noKD__yolo26n__s42,0.1091,0.10169,0.10845
"Places365-only, 1,638",P__noKD__yolo26n__s42,0.1116,0.10054,0.10845
"Places365-only, 1,638",P__noKD__yolo26n__s42,0.1141,0.09938,0.10908
"Places365-only, 1,638",P__noKD__yolo26n__s42,0.1166,0.09784,0.10971
"Places365-only, 1,638",P__noKD__yolo26n__s42,0.1191,0.09707,0.11097
"Places365-only, 1,638",P__noKD__yolo26n__s42,0.1215,0.09553,0.11097
"Places365-only, 1,638",P__noKD__yolo26n__s42,0.124,0.09476,0.1116
"Places365-only, 1,638",P__noKD__yolo26n__s42,0.1265,0.09399,0.11223
"Places365-only, 1,638",P__noKD__yolo26n__s42,0.129,0.09284,0.11223
"Places365-only, 1,638",P__noKD__yolo26n__s42,0.1315,0.09168,0.11286
"Places365-only, 1,638",P__noKD__yolo26n__s42,0.1339,0.09052,0.11286
"Places365-only, 1,638",P__noKD__yolo26n__s42,0.1364,0.08937,0.11412
"Places365-only, 1,638",P__noKD__yolo26n__s42,0.1389,0.08744,0.11475
"Places365-only, 1,638",P__noKD__yolo26n__s42,0.1414,0.08667,0.11602
"Places365-only, 1,638",P__noKD__yolo26n__s42,0.1438,0.08436,0.11665
"Places365-only, 1,638",P__noKD__yolo26n__s42,0.1463,0.08282,0.11728
"Places365-only, 1,638",P__noKD__yolo26n__s42,0.1488,0.08243,0.11728
"Places365-only, 1,638",P__noKD__yolo26n__s42,0.1513,0.08128,0.11791
"Places365-only, 1,638",P__noKD__yolo26n__s42,0.1538,0.08012,0.11917
"Places365-only, 1,638",P__noKD__yolo26n__s42,0.1562,0.07897,0.12043
"Places365-only, 1,638",P__noKD__yolo26n__s42,0.1587,0.07858,0.12043
"Places365-only, 1,638",P__noKD__yolo26n__s42,0.1612,0.07743,0.12106
"Places365-only, 1,638",P__noKD__yolo26n__s42,0.1637,0.07627,0.12169
"Places365-only, 1,638",P__noKD__yolo26n__s42,0.1662,0.07512,0.12232
"Places365-only, 1,638",P__noKD__yolo26n__s42,0.1686,0.07435,0.12295
"Places365-only, 1,638",P__noKD__yolo26n__s42,0.1711,0.07319,0.12295
"Places365-only, 1,638",P__noKD__yolo26n__s42,0.1736,0.07242,0.12295
"Places365-only, 1,638",P__noKD__yolo26n__s42,0.1761,0.07242,0.12358
"Places365-only, 1,638",P__noKD__yolo26n__s42,0.1786,0.07242,0.12421
"Places365-only, 1,638",P__noKD__yolo26n__s42,0.181,0.07126,0.12484
"Places365-only, 1,638",P__noKD__yolo26n__s42,0.1835,0.07126,0.12484
"Places365-only, 1,638",P__noKD__yolo26n__s42,0.186,0.07011,0.12547
"Places365-only, 1,638",P__noKD__yolo26n__s42,0.1885,0.06972,0.12547
"Places365-only, 1,638",P__noKD__yolo26n__s42,0.1909,0.06934,0.12547
"Places365-only, 1,638",P__noKD__yolo26n__s42,0.1934,0.06895,0.12547
"Places365-only, 1,638",P__noKD__yolo26n__s42,0.1959,0.06857,0.12547
"Places365-only, 1,638",P__noKD__yolo26n__s42,0.1984,0.06741,0.12673
"Places365-only, 1,638",P__noKD__yolo26n__s42,0.2009,0.06741,0.12673
"Places365-only, 1,638",P__noKD__yolo26n__s42,0.2033,0.06741,0.12673
"Places365-only, 1,638",P__noKD__yolo26n__s42,0.2058,0.06703,0.12673
"Places365-only, 1,638",P__noKD__yolo26n__s42,0.2083,0.06703,0.12736
"Places365-only, 1,638",P__noKD__yolo26n__s42,0.2108,0.06626,0.12799
"Places365-only, 1,638",P__noKD__yolo26n__s42,0.2133,0.06587,0.12799
"Places365-only, 1,638",P__noKD__yolo26n__s42,0.2157,0.06549,0.12799
"Places365-only, 1,638",P__noKD__yolo26n__s42,0.2182,0.06471,0.12799
"Places365-only, 1,638",P__noKD__yolo26n__s42,0.2207,0.06433,0.12863
"Places365-only, 1,638",P__noKD__yolo26n__s42,0.2232,0.06433,0.12863
"Places365-only, 1,638",P__noKD__yolo26n__s42,0.2256,0.06433,0.12926
"Places365-only, 1,638",P__noKD__yolo26n__s42,0.2281,0.06356,0.12926
"Places365-only, 1,638",P__noKD__yolo26n__s42,0.2306,0.06317,0.12926
"Places365-only, 1,638",P__noKD__yolo26n__s42,0.2331,0.06317,0.13052
"Places365-only, 1,638",P__noKD__yolo26n__s42,0.2356,0.06317,0.13115
"Places365-only, 1,638",P__noKD__yolo26n__s42,0.238,0.06317,0.13115
"Places365-only, 1,638",P__noKD__yolo26n__s42,0.2405,0.0624,0.13115
"Places365-only, 1,638",P__noKD__yolo26n__s42,0.243,0.0624,0.13115
"Places365-only, 1,638",P__noKD__yolo26n__s42,0.2455,0.06202,0.13115
"Places365-only, 1,638",P__noKD__yolo26n__s42,0.248,0.06202,0.13115
"Places365-only, 1,638",P__noKD__yolo26n__s42,0.2504,0.06163,0.13241
"Places365-only, 1,638",P__noKD__yolo26n__s42,0.2529,0.06163,0.1343
"Places365-only, 1,638",P__noKD__yolo26n__s42,0.2554,0.06163,0.1343
"Places365-only, 1,638",P__noKD__yolo26n__s42,0.2579,0.06125,0.1343
"Places365-only, 1,638",P__noKD__yolo26n__s42,0.2603,0.06086,0.13493
"Places365-only, 1,638",P__noKD__yolo26n__s42,0.2628,0.06086,0.13556
"Places365-only, 1,638",P__noKD__yolo26n__s42,0.2653,0.06086,0.13556
"Places365-only, 1,638",P__noKD__yolo26n__s42,0.2678,0.06086,0.13556
"Places365-only, 1,638",P__noKD__yolo26n__s42,0.2703,0.06086,0.13619
"Places365-only, 1,638",P__noKD__yolo26n__s42,0.2727,0.06086,0.13745
"Places365-only, 1,638",P__noKD__yolo26n__s42,0.2752,0.06048,0.13745
"Places365-only, 1,638",P__noKD__yolo26n__s42,0.2777,0.06009,0.13808
"Places365-only, 1,638",P__noKD__yolo26n__s42,0.2802,0.06009,0.13871
"Places365-only, 1,638",P__noKD__yolo26n__s42,0.2827,0.06009,0.14061
"Places365-only, 1,638",P__noKD__yolo26n__s42,0.2851,0.06009,0.14061
"Places365-only, 1,638",P__noKD__yolo26n__s42,0.2876,0.05971,0.14061
"Places365-only, 1,638",P__noKD__yolo26n__s42,0.2901,0.05971,0.14124
"Places365-only, 1,638",P__noKD__yolo26n__s42,0.2926,0.05971,0.14313
"Places365-only, 1,638",P__noKD__yolo26n__s42,0.2951,0.05894,0.14376
"Places365-only, 1,638",P__noKD__yolo26n__s42,0.2975,0.05894,0.14439
"Places365-only, 1,638",P__noKD__yolo26n__s42,0.3,0.05894,0.14439
"Places365-only, 1,638",P__noKD__yolo26n__s42,0.3025,0.05894,0.14502
"Places365-only, 1,638",P__noKD__yolo26n__s42,0.305,0.05855,0.14502
"Places365-only, 1,638",P__noKD__yolo26n__s42,0.3074,0.05855,0.14502
"Places365-only, 1,638",P__noKD__yolo26n__s42,0.3099,0.05817,0.14502
"Places365-only, 1,638",P__noKD__yolo26n__s42,0.3124,0.05817,0.14691
"Places365-only, 1,638",P__noKD__yolo26n__s42,0.3149,0.05778,0.14754
"Places365-only, 1,638",P__noKD__yolo26n__s42,0.3174,0.0574,0.14754
"Places365-only, 1,638",P__noKD__yolo26n__s42,0.3198,0.0574,0.14817
"Places365-only, 1,638",P__noKD__yolo26n__s42,0.3223,0.05701,0.1488
"Places365-only, 1,638",P__noKD__yolo26n__s42,0.3248,0.05701,0.1488
"Places365-only, 1,638",P__noKD__yolo26n__s42,0.3273,0.05663,0.1488
"Places365-only, 1,638",P__noKD__yolo26n__s42,0.3298,0.05663,0.1488
"Places365-only, 1,638",P__noKD__yolo26n__s42,0.3322,0.05547,0.1488
"Places365-only, 1,638",P__noKD__yolo26n__s42,0.3347,0.0547,0.15006
"Places365-only, 1,638",P__noKD__yolo26n__s42,0.3372,0.0547,0.15006
"Places365-only, 1,638",P__noKD__yolo26n__s42,0.3397,0.0547,0.15006
"Places365-only, 1,638",P__noKD__yolo26n__s42,0.3421,0.0547,0.15006
"Places365-only, 1,638",P__noKD__yolo26n__s42,0.3446,0.05393,0.15006
"Places365-only, 1,638",P__noKD__yolo26n__s42,0.3471,0.05393,0.15006
"Places365-only, 1,638",P__noKD__yolo26n__s42,0.3496,0.05393,0.15069
"Places365-only, 1,638",P__noKD__yolo26n__s42,0.3521,0.05354,0.15069
"Places365-only, 1,638",P__noKD__yolo26n__s42,0.3545,0.05354,0.15132
"Places365-only, 1,638",P__noKD__yolo26n__s42,0.357,0.05239,0.15132
"Places365-only, 1,638",P__noKD__yolo26n__s42,0.3595,0.05239,0.15195
"Places365-only, 1,638",P__noKD__yolo26n__s42,0.362,0.05162,0.15195
"Places365-only, 1,638",P__noKD__yolo26n__s42,0.3645,0.05162,0.15259
"Places365-only, 1,638",P__noKD__yolo26n__s42,0.3669,0.05162,0.15322
"Places365-only, 1,638",P__noKD__yolo26n__s42,0.3694,0.05162,0.15511
"Places365-only, 1,638",P__noKD__yolo26n__s42,0.3719,0.05085,0.15511
"Places365-only, 1,638",P__noKD__yolo26n__s42,0.3744,0.05046,0.15511
"Places365-only, 1,638",P__noKD__yolo26n__s42,0.3768,0.05008,0.15511
"Places365-only, 1,638",P__noKD__yolo26n__s42,0.3793,0.05008,0.15511
"Places365-only, 1,638",P__noKD__yolo26n__s42,0.3818,0.04969,0.15637
"Places365-only, 1,638",P__noKD__yolo26n__s42,0.3843,0.04969,0.15826
"Places365-only, 1,638",P__noKD__yolo26n__s42,0.3868,0.04969,0.15952
"Places365-only, 1,638",P__noKD__yolo26n__s42,0.3892,0.04892,0.15952
"Places365-only, 1,638",P__noKD__yolo26n__s42,0.3917,0.04892,0.16015
"Places365-only, 1,638",P__noKD__yolo26n__s42,0.3942,0.04854,0.16078
"Places365-only, 1,638",P__noKD__yolo26n__s42,0.3967,0.04815,0.16078
"Places365-only, 1,638",P__noKD__yolo26n__s42,0.3992,0.04777,0.16078
"Places365-only, 1,638",P__noKD__yolo26n__s42,0.4016,0.047,0.16141
"Places365-only, 1,638",P__noKD__yolo26n__s42,0.4041,0.04584,0.16267
"Places365-only, 1,638",P__noKD__yolo26n__s42,0.4066,0.04545,0.1633
"Places365-only, 1,638",P__noKD__yolo26n__s42,0.4091,0.04545,0.16393
"Places365-only, 1,638",P__noKD__yolo26n__s42,0.4115,0.04507,0.16393
"Places365-only, 1,638",P__noKD__yolo26n__s42,0.414,0.04507,0.16456
"Places365-only, 1,638",P__noKD__yolo26n__s42,0.4165,0.04507,0.16456
"Places365-only, 1,638",P__noKD__yolo26n__s42,0.419,0.04468,0.16456
"Places365-only, 1,638",P__noKD__yolo26n__s42,0.4215,0.0443,0.16583
"Places365-only, 1,638",P__noKD__yolo26n__s42,0.4239,0.0443,0.16646
"Places365-only, 1,638",P__noKD__yolo26n__s42,0.4264,0.0443,0.16646
"Places365-only, 1,638",P__noKD__yolo26n__s42,0.4289,0.0443,0.16646
"Places365-only, 1,638",P__noKD__yolo26n__s42,0.4314,0.04391,0.16646
"Places365-only, 1,638",P__noKD__yolo26n__s42,0.4339,0.04353,0.16646
"Places365-only, 1,638",P__noKD__yolo26n__s42,0.4363,0.04353,0.16646
"Places365-only, 1,638",P__noKD__yolo26n__s42,0.4388,0.04314,0.16646
"Places365-only, 1,638",P__noKD__yolo26n__s42,0.4413,0.04314,0.16709
"Places365-only, 1,638",P__noKD__yolo26n__s42,0.4438,0.04276,0.16709
"Places365-only, 1,638",P__noKD__yolo26n__s42,0.4463,0.04237,0.16709
"Places365-only, 1,638",P__noKD__yolo26n__s42,0.4487,0.04237,0.16709
"Places365-only, 1,638",P__noKD__yolo26n__s42,0.4512,0.04237,0.16709
"Places365-only, 1,638",P__noKD__yolo26n__s42,0.4537,0.04237,0.16772
"Places365-only, 1,638",P__noKD__yolo26n__s42,0.4562,0.04237,0.16835
"Places365-only, 1,638",P__noKD__yolo26n__s42,0.4586,0.04237,0.16898
"Places365-only, 1,638",P__noKD__yolo26n__s42,0.4611,0.04199,0.16898
"Places365-only, 1,638",P__noKD__yolo26n__s42,0.4636,0.0416,0.16898
"Places365-only, 1,638",P__noKD__yolo26n__s42,0.4661,0.04122,0.16898
"Places365-only, 1,638",P__noKD__yolo26n__s42,0.4686,0.04122,0.16898
"Places365-only, 1,638",P__noKD__yolo26n__s42,0.471,0.04122,0.16898
"Places365-only, 1,638",P__noKD__yolo26n__s42,0.4735,0.04122,0.16961
"Places365-only, 1,638",P__noKD__yolo26n__s42,0.476,0.04045,0.16961
"Places365-only, 1,638",P__noKD__yolo26n__s42,0.4785,0.04006,0.17024
"Places365-only, 1,638",P__noKD__yolo26n__s42,0.481,0.04006,0.17213
"Places365-only, 1,638",P__noKD__yolo26n__s42,0.4834,0.03968,0.17276
"Places365-only, 1,638",P__noKD__yolo26n__s42,0.4859,0.03968,0.17276
"Places365-only, 1,638",P__noKD__yolo26n__s42,0.4884,0.03968,0.17339
"Places365-only, 1,638",P__noKD__yolo26n__s42,0.4909,0.03968,0.17465
"Places365-only, 1,638",P__noKD__yolo26n__s42,0.4933,0.03968,0.17465
"Places365-only, 1,638",P__noKD__yolo26n__s42,0.4958,0.03929,0.17591
"Places365-only, 1,638",P__noKD__yolo26n__s42,0.4983,0.03891,0.17844
"Places365-only, 1,638",P__noKD__yolo26n__s42,0.5008,0.03891,0.17907
"Places365-only, 1,638",P__noKD__yolo26n__s42,0.5033,0.03891,0.1797
"Places365-only, 1,638",P__noKD__yolo26n__s42,0.5057,0.03852,0.1797
"Places365-only, 1,638",P__noKD__yolo26n__s42,0.5082,0.03852,0.18033
"Places365-only, 1,638",P__noKD__yolo26n__s42,0.5107,0.03852,0.18159
"Places365-only, 1,638",P__noKD__yolo26n__s42,0.5132,0.03852,0.18285
"Places365-only, 1,638",P__noKD__yolo26n__s42,0.5157,0.03775,0.18411
"Places365-only, 1,638",P__noKD__yolo26n__s42,0.5181,0.03775,0.18411
"Places365-only, 1,638",P__noKD__yolo26n__s42,0.5206,0.03737,0.18411
"Places365-only, 1,638",P__noKD__yolo26n__s42,0.5231,0.03698,0.18474
"Places365-only, 1,638",P__noKD__yolo26n__s42,0.5256,0.03659,0.18537
"Places365-only, 1,638",P__noKD__yolo26n__s42,0.528,0.03659,0.18537
"Places365-only, 1,638",P__noKD__yolo26n__s42,0.5305,0.03659,0.186
"Places365-only, 1,638",P__noKD__yolo26n__s42,0.533,0.03621,0.18663
"Places365-only, 1,638",P__noKD__yolo26n__s42,0.5355,0.03621,0.18663
"Places365-only, 1,638",P__noKD__yolo26n__s42,0.538,0.03621,0.18726
"Places365-only, 1,638",P__noKD__yolo26n__s42,0.5404,0.03544,0.18916
"Places365-only, 1,638",P__noKD__yolo26n__s42,0.5429,0.03505,0.19105
"Places365-only, 1,638",P__noKD__yolo26n__s42,0.5454,0.03505,0.19294
"Places365-only, 1,638",P__noKD__yolo26n__s42,0.5479,0.03505,0.1942
"Places365-only, 1,638",P__noKD__yolo26n__s42,0.5504,0.03505,0.19609
"Places365-only, 1,638",P__noKD__yolo26n__s42,0.5528,0.03505,0.19672
"Places365-only, 1,638",P__noKD__yolo26n__s42,0.5553,0.03428,0.19672
"Places365-only, 1,638",P__noKD__yolo26n__s42,0.5578,0.03428,0.19798
"Places365-only, 1,638",P__noKD__yolo26n__s42,0.5603,0.03428,0.19987
"Places365-only, 1,638",P__noKD__yolo26n__s42,0.5627,0.0339,0.20177
"Places365-only, 1,638",P__noKD__yolo26n__s42,0.5652,0.03351,0.20366
"Places365-only, 1,638",P__noKD__yolo26n__s42,0.5677,0.03313,0.20429
"Places365-only, 1,638",P__noKD__yolo26n__s42,0.5702,0.03313,0.20555
"Places365-only, 1,638",P__noKD__yolo26n__s42,0.5727,0.03313,0.20681
"Places365-only, 1,638",P__noKD__yolo26n__s42,0.5751,0.03274,0.20807
"Places365-only, 1,638",P__noKD__yolo26n__s42,0.5776,0.03274,0.2087
"Places365-only, 1,638",P__noKD__yolo26n__s42,0.5801,0.03274,0.2087
"Places365-only, 1,638",P__noKD__yolo26n__s42,0.5826,0.03274,0.20933
"Places365-only, 1,638",P__noKD__yolo26n__s42,0.5851,0.03274,0.20933
"Places365-only, 1,638",P__noKD__yolo26n__s42,0.5875,0.03274,0.20996
"Places365-only, 1,638",P__noKD__yolo26n__s42,0.59,0.03274,0.20996
"Places365-only, 1,638",P__noKD__yolo26n__s42,0.5925,0.03236,0.20996
"Places365-only, 1,638",P__noKD__yolo26n__s42,0.595,0.03236,0.20996
"Places365-only, 1,638",P__noKD__yolo26n__s42,0.5975,0.03236,0.21122
"Places365-only, 1,638",P__noKD__yolo26n__s42,0.5999,0.03236,0.21375
"Places365-only, 1,638",P__noKD__yolo26n__s42,0.6024,0.03197,0.21564
"Places365-only, 1,638",P__noKD__yolo26n__s42,0.6049,0.03197,0.21627
"Places365-only, 1,638",P__noKD__yolo26n__s42,0.6074,0.03197,0.21753
"Places365-only, 1,638",P__noKD__yolo26n__s42,0.6098,0.0312,0.21942
"Places365-only, 1,638",P__noKD__yolo26n__s42,0.6123,0.0312,0.22068
"Places365-only, 1,638",P__noKD__yolo26n__s42,0.6148,0.03082,0.22194
"Places365-only, 1,638",P__noKD__yolo26n__s42,0.6173,0.03043,0.22194
"Places365-only, 1,638",P__noKD__yolo26n__s42,0.6198,0.02966,0.22257
"Places365-only, 1,638",P__noKD__yolo26n__s42,0.6222,0.02928,0.22446
"Places365-only, 1,638",P__noKD__yolo26n__s42,0.6247,0.02928,0.22573
"Places365-only, 1,638",P__noKD__yolo26n__s42,0.6272,0.02928,0.22762
"Places365-only, 1,638",P__noKD__yolo26n__s42,0.6297,0.02928,0.22888
"Places365-only, 1,638",P__noKD__yolo26n__s42,0.6322,0.02928,0.23077
"Places365-only, 1,638",P__noKD__yolo26n__s42,0.6346,0.02889,0.23329
"Places365-only, 1,638",P__noKD__yolo26n__s42,0.6371,0.02812,0.23329
"Places365-only, 1,638",P__noKD__yolo26n__s42,0.6396,0.02735,0.23392
"Places365-only, 1,638",P__noKD__yolo26n__s42,0.6421,0.02735,0.23581
"Places365-only, 1,638",P__noKD__yolo26n__s42,0.6445,0.02735,0.24086
"Places365-only, 1,638",P__noKD__yolo26n__s42,0.647,0.02696,0.24338
"Places365-only, 1,638",P__noKD__yolo26n__s42,0.6495,0.02696,0.24527
"Places365-only, 1,638",P__noKD__yolo26n__s42,0.652,0.02619,0.2459
"Places365-only, 1,638",P__noKD__yolo26n__s42,0.6545,0.02619,0.24842
"Places365-only, 1,638",P__noKD__yolo26n__s42,0.6569,0.02542,0.24905
"Places365-only, 1,638",P__noKD__yolo26n__s42,0.6594,0.02542,0.25221
"Places365-only, 1,638",P__noKD__yolo26n__s42,0.6619,0.02542,0.25473
"Places365-only, 1,638",P__noKD__yolo26n__s42,0.6644,0.02504,0.25662
"Places365-only, 1,638",P__noKD__yolo26n__s42,0.6669,0.02504,0.25725
"Places365-only, 1,638",P__noKD__yolo26n__s42,0.6693,0.02504,0.25914
"Places365-only, 1,638",P__noKD__yolo26n__s42,0.6718,0.02465,0.25977
"Places365-only, 1,638",P__noKD__yolo26n__s42,0.6743,0.02427,0.26166
"Places365-only, 1,638",P__noKD__yolo26n__s42,0.6768,0.02427,0.26293
"Places365-only, 1,638",P__noKD__yolo26n__s42,0.6792,0.02311,0.26356
"Places365-only, 1,638",P__noKD__yolo26n__s42,0.6817,0.02311,0.26482
"Places365-only, 1,638",P__noKD__yolo26n__s42,0.6842,0.02311,0.26608
"Places365-only, 1,638",P__noKD__yolo26n__s42,0.6867,0.02311,0.26734
"Places365-only, 1,638",P__noKD__yolo26n__s42,0.6892,0.02273,0.26797
"Places365-only, 1,638",P__noKD__yolo26n__s42,0.6916,0.02234,0.26923
"Places365-only, 1,638",P__noKD__yolo26n__s42,0.6941,0.02196,0.27049
"Places365-only, 1,638",P__noKD__yolo26n__s42,0.6966,0.02157,0.27175
"Places365-only, 1,638",P__noKD__yolo26n__s42,0.6991,0.02119,0.27238
"Places365-only, 1,638",P__noKD__yolo26n__s42,0.7016,0.0208,0.27364
"Places365-only, 1,638",P__noKD__yolo26n__s42,0.704,0.0208,0.27554
"Places365-only, 1,638",P__noKD__yolo26n__s42,0.7065,0.02042,0.27617
"Places365-only, 1,638",P__noKD__yolo26n__s42,0.709,0.02042,0.28184
"Places365-only, 1,638",P__noKD__yolo26n__s42,0.7115,0.02042,0.28373
"Places365-only, 1,638",P__noKD__yolo26n__s42,0.7139,0.01965,0.28625
"Places365-only, 1,638",P__noKD__yolo26n__s42,0.7164,0.01965,0.28815
"Places365-only, 1,638",P__noKD__yolo26n__s42,0.7189,0.01965,0.28941
"Places365-only, 1,638",P__noKD__yolo26n__s42,0.7214,0.01926,0.29193
"Places365-only, 1,638",P__noKD__yolo26n__s42,0.7239,0.01849,0.29508
"Places365-only, 1,638",P__noKD__yolo26n__s42,0.7263,0.01849,0.29697
"Places365-only, 1,638",P__noKD__yolo26n__s42,0.7288,0.0181,0.30202
"Places365-only, 1,638",P__noKD__yolo26n__s42,0.7313,0.0181,0.30265
"Places365-only, 1,638",P__noKD__yolo26n__s42,0.7338,0.01772,0.30391
"Places365-only, 1,638",P__noKD__yolo26n__s42,0.7363,0.01772,0.30517
"Places365-only, 1,638",P__noKD__yolo26n__s42,0.7387,0.01772,0.30706
"Places365-only, 1,638",P__noKD__yolo26n__s42,0.7412,0.01772,0.31148
"Places365-only, 1,638",P__noKD__yolo26n__s42,0.7437,0.01772,0.314
"Places365-only, 1,638",P__noKD__yolo26n__s42,0.7462,0.01695,0.31652
"Places365-only, 1,638",P__noKD__yolo26n__s42,0.7487,0.01695,0.31904
"Places365-only, 1,638",P__noKD__yolo26n__s42,0.7511,0.01656,0.32219
"Places365-only, 1,638",P__noKD__yolo26n__s42,0.7536,0.01656,0.32409
"Places365-only, 1,638",P__noKD__yolo26n__s42,0.7561,0.01656,0.32661
"Places365-only, 1,638",P__noKD__yolo26n__s42,0.7586,0.01656,0.32787
"Places365-only, 1,638",P__noKD__yolo26n__s42,0.761,0.01656,0.33039
"Places365-only, 1,638",P__noKD__yolo26n__s42,0.7635,0.01618,0.33354
"Places365-only, 1,638",P__noKD__yolo26n__s42,0.766,0.01579,0.33796
"Places365-only, 1,638",P__noKD__yolo26n__s42,0.7685,0.01579,0.34048
"Places365-only, 1,638",P__noKD__yolo26n__s42,0.771,0.01579,0.34426
"Places365-only, 1,638",P__noKD__yolo26n__s42,0.7734,0.01579,0.34678
"Places365-only, 1,638",P__noKD__yolo26n__s42,0.7759,0.01541,0.35057
"Places365-only, 1,638",P__noKD__yolo26n__s42,0.7784,0.01502,0.35372
"Places365-only, 1,638",P__noKD__yolo26n__s42,0.7809,0.01464,0.35939
"Places365-only, 1,638",P__noKD__yolo26n__s42,0.7834,0.01464,0.36381
"Places365-only, 1,638",P__noKD__yolo26n__s42,0.7858,0.01464,0.36759
"Places365-only, 1,638",P__noKD__yolo26n__s42,0.7883,0.01425,0.37011
"Places365-only, 1,638",P__noKD__yolo26n__s42,0.7908,0.01348,0.37264
"Places365-only, 1,638",P__noKD__yolo26n__s42,0.7933,0.01271,0.37453
"Places365-only, 1,638",P__noKD__yolo26n__s42,0.7957,0.01233,0.37642
"Places365-only, 1,638",P__noKD__yolo26n__s42,0.7982,0.01194,0.37894
"Places365-only, 1,638",P__noKD__yolo26n__s42,0.8007,0.01156,0.38146
"Places365-only, 1,638",P__noKD__yolo26n__s42,0.8032,0.01117,0.38462
"Places365-only, 1,638",P__noKD__yolo26n__s42,0.8057,0.01079,0.38966
"Places365-only, 1,638",P__noKD__yolo26n__s42,0.8081,0.01002,0.3947
"Places365-only, 1,638",P__noKD__yolo26n__s42,0.8106,0.00924,0.40038
"Places365-only, 1,638",P__noKD__yolo26n__s42,0.8131,0.00732,0.40353
"Places365-only, 1,638",P__noKD__yolo26n__s42,0.8156,0.00578,0.40542
"Places365-only, 1,638",P__noKD__yolo26n__s42,0.8181,0.00501,0.41362
"Places365-only, 1,638",P__noKD__yolo26n__s42,0.8205,0.00501,0.42371
"Places365-only, 1,638",P__noKD__yolo26n__s42,0.823,0.00462,0.42938
"Places365-only, 1,638",P__noKD__yolo26n__s42,0.8255,0.00462,0.43253
"Places365-only, 1,638",P__noKD__yolo26n__s42,0.828,0.00462,0.43506
"Places365-only, 1,638",P__noKD__yolo26n__s42,0.8304,0.00462,0.43947
"Places365-only, 1,638",P__noKD__yolo26n__s42,0.8329,0.00462,0.44515
"Places365-only, 1,638",P__noKD__yolo26n__s42,0.8354,0.00424,0.4546
"Places365-only, 1,638",P__noKD__yolo26n__s42,0.8379,0.00385,0.46658
"Places365-only, 1,638",P__noKD__yolo26n__s42,0.8404,0.00385,0.47478
"Places365-only, 1,638",P__noKD__yolo26n__s42,0.8428,0.00385,0.48298
"Places365-only, 1,638",P__noKD__yolo26n__s42,0.8453,0.00308,0.49306
"Places365-only, 1,638",P__noKD__yolo26n__s42,0.8478,0.0027,0.50063
"Places365-only, 1,638",P__noKD__yolo26n__s42,0.8503,0.0027,0.51324
"Places365-only, 1,638",P__noKD__yolo26n__s42,0.8528,0.0027,0.52144
"Places365-only, 1,638",P__noKD__yolo26n__s42,0.8552,0.00231,0.52963
"Places365-only, 1,638",P__noKD__yolo26n__s42,0.8577,0.00231,0.53531
"Places365-only, 1,638",P__noKD__yolo26n__s42,0.8602,0.00231,0.54603
"Places365-only, 1,638",P__noKD__yolo26n__s42,0.8627,0.00231,0.5599
"Places365-only, 1,638",P__noKD__yolo26n__s42,0.8652,0.00231,0.56999
"Places365-only, 1,638",P__noKD__yolo26n__s42,0.8676,0.00231,0.58323
"Places365-only, 1,638",P__noKD__yolo26n__s42,0.8701,0.00231,0.59521
"Places365-only, 1,638",P__noKD__yolo26n__s42,0.8726,0.00193,0.60404
"Places365-only, 1,638",P__noKD__yolo26n__s42,0.8751,0.00193,0.61538
"Places365-only, 1,638",P__noKD__yolo26n__s42,0.8775,0.00193,0.62799
"Places365-only, 1,638",P__noKD__yolo26n__s42,0.88,0.00193,0.63934
"Places365-only, 1,638",P__noKD__yolo26n__s42,0.8825,0.00193,0.65322
"Places365-only, 1,638",P__noKD__yolo26n__s42,0.885,0.00193,0.66835
"Places365-only, 1,638",P__noKD__yolo26n__s42,0.8875,0.00154,0.68096
"Places365-only, 1,638",P__noKD__yolo26n__s42,0.8899,0.00154,0.69231
"Places365-only, 1,638",P__noKD__yolo26n__s42,0.8924,0.00077,0.70933
"Places365-only, 1,638",P__noKD__yolo26n__s42,0.8949,0.00077,0.72446
"Places365-only, 1,638",P__noKD__yolo26n__s42,0.8974,0.00077,0.73455
"Places365-only, 1,638",P__noKD__yolo26n__s42,0.8999,0.00077,0.74527
"Places365-only, 1,638",P__noKD__yolo26n__s42,0.9023,0.00077,0.75662
"Places365-only, 1,638",P__noKD__yolo26n__s42,0.9048,0.00077,0.77364
"Places365-only, 1,638",P__noKD__yolo26n__s42,0.9073,0.00077,0.78499
"Places365-only, 1,638",P__noKD__yolo26n__s42,0.9098,0.00077,0.79571
"Places365-only, 1,638",P__noKD__yolo26n__s42,0.9122,0.00077,0.80769
"Places365-only, 1,638",P__noKD__yolo26n__s42,0.9147,0.00039,0.8203
"Places365-only, 1,638",P__noKD__yolo26n__s42,0.9172,0.00039,0.83102
"Places365-only, 1,638",P__noKD__yolo26n__s42,0.9197,0.00039,0.84363
"Places365-only, 1,638",P__noKD__yolo26n__s42,0.9222,0.00039,0.85624
"Places365-only, 1,638",P__noKD__yolo26n__s42,0.9246,0.00039,0.86696
"Places365-only, 1,638",P__noKD__yolo26n__s42,0.9271,0.00039,0.88462
"Places365-only, 1,638",P__noKD__yolo26n__s42,0.9296,0.00039,0.89596
"Places365-only, 1,638",P__noKD__yolo26n__s42,0.9321,0.00039,0.90984
"Places365-only, 1,638",P__noKD__yolo26n__s42,0.9346,0.00039,0.92623
"Places365-only, 1,638",P__noKD__yolo26n__s42,0.937,0.00039,0.93506
"Places365-only, 1,638",P__noKD__yolo26n__s42,0.9395,0.0,0.95586
"Places365-only, 1,638",P__noKD__yolo26n__s42,0.942,0.0,0.96784
"Places365-only, 1,638",P__noKD__yolo26n__s42,0.9445,0.0,0.97667
"Places365-only, 1,638",P__noKD__yolo26n__s42,0.9469,0.0,0.98424
"Places365-only, 1,638",P__noKD__yolo26n__s42,0.9494,0.0,0.98802
"Places365-only, 1,638",P__noKD__yolo26n__s42,0.9519,0.0,0.99496
"Places365-only, 1,638",P__noKD__yolo26n__s42,0.9544,0.0,0.99748
"Places365-only, 1,638",P__noKD__yolo26n__s42,0.9569,0.0,0.99937
"Places365-only, 1,638",P__noKD__yolo26n__s42,0.9593,0.0,0.99937
"Places365-only, 1,638",P__noKD__yolo26n__s42,0.9618,0.0,1.0
"Places365-only, 1,638",P__noKD__yolo26n__s42,0.9643,0.0,1.0
"Places365-only, 1,638",P__noKD__yolo26n__s42,0.9668,0.0,1.0
"Places365-only, 1,638",P__noKD__yolo26n__s42,0.9693,0.0,1.0
"Places365-only, 1,638",P__noKD__yolo26n__s42,0.9717,0.0,1.0
"Places365-only, 1,638",P__noKD__yolo26n__s42,0.9742,0.0,1.0
"Places365-only, 1,638",P__noKD__yolo26n__s42,0.9767,0.0,1.0
"Places365-only, 1,638",P__noKD__yolo26n__s42,0.9792,0.0,1.0
"Places365-only, 1,638",P__noKD__yolo26n__s42,0.9816,0.0,1.0
"Places365-only, 1,638",P__noKD__yolo26n__s42,0.9841,0.0,1.0
"Places365-only, 1,638",P__noKD__yolo26n__s42,0.9866,0.0,1.0
"Places365-only, 1,638",P__noKD__yolo26n__s42,0.9891,0.0,1.0
"Places365-only, 1,638",P__noKD__yolo26n__s42,0.9916,0.0,1.0
"Places365-only, 1,638",P__noKD__yolo26n__s42,0.994,0.0,1.0
"Places365-only, 1,638",P__noKD__yolo26n__s42,0.9965,0.0,1.0
"Places365-only, 1,638",P__noKD__yolo26n__s42,0.999,0.0,1.0
"Positive-aware, 1,638",PA__noKD__yolo26n__s42,0.01,0.25886,0.06747
"Positive-aware, 1,638",PA__noKD__yolo26n__s42,0.0125,0.23074,0.06936
"Positive-aware, 1,638",PA__noKD__yolo26n__s42,0.015,0.21032,0.06999
"Positive-aware, 1,638",PA__noKD__yolo26n__s42,0.0174,0.19453,0.07125
"Positive-aware, 1,638",PA__noKD__yolo26n__s42,0.0199,0.18143,0.07188
"Positive-aware, 1,638",PA__noKD__yolo26n__s42,0.0224,0.17026,0.07251
"Positive-aware, 1,638",PA__noKD__yolo26n__s42,0.0249,0.16256,0.07377
"Positive-aware, 1,638",PA__noKD__yolo26n__s42,0.0274,0.15254,0.07629
"Positive-aware, 1,638",PA__noKD__yolo26n__s42,0.0298,0.14908,0.07692
"Positive-aware, 1,638",PA__noKD__yolo26n__s42,0.0323,0.14368,0.07755
"Positive-aware, 1,638",PA__noKD__yolo26n__s42,0.0348,0.13829,0.07945
"Positive-aware, 1,638",PA__noKD__yolo26n__s42,0.0373,0.13213,0.07945
"Positive-aware, 1,638",PA__noKD__yolo26n__s42,0.0397,0.12712,0.08134
"Positive-aware, 1,638",PA__noKD__yolo26n__s42,0.0422,0.12288,0.08134
"Positive-aware, 1,638",PA__noKD__yolo26n__s42,0.0447,0.11903,0.0826
"Positive-aware, 1,638",PA__noKD__yolo26n__s42,0.0472,0.11556,0.08323
"Positive-aware, 1,638",PA__noKD__yolo26n__s42,0.0497,0.11133,0.08386
"Positive-aware, 1,638",PA__noKD__yolo26n__s42,0.0521,0.11017,0.08512
"Positive-aware, 1,638",PA__noKD__yolo26n__s42,0.0546,0.10709,0.08512
"Positive-aware, 1,638",PA__noKD__yolo26n__s42,0.0571,0.10324,0.08701
"Positive-aware, 1,638",PA__noKD__yolo26n__s42,0.0596,0.10054,0.08764
"Positive-aware, 1,638",PA__noKD__yolo26n__s42,0.0621,0.09784,0.08764
"Positive-aware, 1,638",PA__noKD__yolo26n__s42,0.0645,0.09515,0.08764
"Positive-aware, 1,638",PA__noKD__yolo26n__s42,0.067,0.09206,0.0889
"Positive-aware, 1,638",PA__noKD__yolo26n__s42,0.0695,0.09052,0.08953
"Positive-aware, 1,638",PA__noKD__yolo26n__s42,0.072,0.08898,0.09016
"Positive-aware, 1,638",PA__noKD__yolo26n__s42,0.0744,0.08821,0.09016
"Positive-aware, 1,638",PA__noKD__yolo26n__s42,0.0769,0.08667,0.09016
"Positive-aware, 1,638",PA__noKD__yolo26n__s42,0.0794,0.08475,0.09016
"Positive-aware, 1,638",PA__noKD__yolo26n__s42,0.0819,0.08205,0.09016
"Positive-aware, 1,638",PA__noKD__yolo26n__s42,0.0844,0.08128,0.09079
"Positive-aware, 1,638",PA__noKD__yolo26n__s42,0.0868,0.08089,0.09079
"Positive-aware, 1,638",PA__noKD__yolo26n__s42,0.0893,0.07974,0.09079
"Positive-aware, 1,638",PA__noKD__yolo26n__s42,0.0918,0.07935,0.09206
"Positive-aware, 1,638",PA__noKD__yolo26n__s42,0.0943,0.07858,0.09206
"Positive-aware, 1,638",PA__noKD__yolo26n__s42,0.0968,0.0782,0.09206
"Positive-aware, 1,638",PA__noKD__yolo26n__s42,0.0992,0.0755,0.09332
"Positive-aware, 1,638",PA__noKD__yolo26n__s42,0.1017,0.07473,0.09332
"Positive-aware, 1,638",PA__noKD__yolo26n__s42,0.1042,0.07357,0.09332
"Positive-aware, 1,638",PA__noKD__yolo26n__s42,0.1067,0.07357,0.09332
"Positive-aware, 1,638",PA__noKD__yolo26n__s42,0.1091,0.07203,0.09332
"Positive-aware, 1,638",PA__noKD__yolo26n__s42,0.1116,0.07126,0.09395
"Positive-aware, 1,638",PA__noKD__yolo26n__s42,0.1141,0.07049,0.09521
"Positive-aware, 1,638",PA__noKD__yolo26n__s42,0.1166,0.07011,0.09584
"Positive-aware, 1,638",PA__noKD__yolo26n__s42,0.1191,0.07011,0.09584
"Positive-aware, 1,638",PA__noKD__yolo26n__s42,0.1215,0.06857,0.09647
"Positive-aware, 1,638",PA__noKD__yolo26n__s42,0.124,0.0678,0.0971
"Positive-aware, 1,638",PA__noKD__yolo26n__s42,0.1265,0.06664,0.09773
"Positive-aware, 1,638",PA__noKD__yolo26n__s42,0.129,0.06664,0.09773
"Positive-aware, 1,638",PA__noKD__yolo26n__s42,0.1315,0.0651,0.09773
"Positive-aware, 1,638",PA__noKD__yolo26n__s42,0.1339,0.06394,0.09773
"Positive-aware, 1,638",PA__noKD__yolo26n__s42,0.1364,0.06317,0.09836
"Positive-aware, 1,638",PA__noKD__yolo26n__s42,0.1389,0.06279,0.09899
"Positive-aware, 1,638",PA__noKD__yolo26n__s42,0.1414,0.06202,0.09962
"Positive-aware, 1,638",PA__noKD__yolo26n__s42,0.1438,0.06048,0.10025
"Positive-aware, 1,638",PA__noKD__yolo26n__s42,0.1463,0.06009,0.10088
"Positive-aware, 1,638",PA__noKD__yolo26n__s42,0.1488,0.05971,0.10151
"Positive-aware, 1,638",PA__noKD__yolo26n__s42,0.1513,0.05855,0.10151
"Positive-aware, 1,638",PA__noKD__yolo26n__s42,0.1538,0.05817,0.10151
"Positive-aware, 1,638",PA__noKD__yolo26n__s42,0.1562,0.05817,0.10214
"Positive-aware, 1,638",PA__noKD__yolo26n__s42,0.1587,0.0574,0.10277
"Positive-aware, 1,638",PA__noKD__yolo26n__s42,0.1612,0.05701,0.1034
"Positive-aware, 1,638",PA__noKD__yolo26n__s42,0.1637,0.05701,0.10404
"Positive-aware, 1,638",PA__noKD__yolo26n__s42,0.1662,0.05624,0.10404
"Positive-aware, 1,638",PA__noKD__yolo26n__s42,0.1686,0.05586,0.10404
"Positive-aware, 1,638",PA__noKD__yolo26n__s42,0.1711,0.05586,0.10404
"Positive-aware, 1,638",PA__noKD__yolo26n__s42,0.1736,0.05508,0.10404
"Positive-aware, 1,638",PA__noKD__yolo26n__s42,0.1761,0.05508,0.10404
"Positive-aware, 1,638",PA__noKD__yolo26n__s42,0.1786,0.05508,0.10467
"Positive-aware, 1,638",PA__noKD__yolo26n__s42,0.181,0.05431,0.10467
"Positive-aware, 1,638",PA__noKD__yolo26n__s42,0.1835,0.05316,0.10467
"Positive-aware, 1,638",PA__noKD__yolo26n__s42,0.186,0.05277,0.10593
"Positive-aware, 1,638",PA__noKD__yolo26n__s42,0.1885,0.052,0.10593
"Positive-aware, 1,638",PA__noKD__yolo26n__s42,0.1909,0.05162,0.10593
"Positive-aware, 1,638",PA__noKD__yolo26n__s42,0.1934,0.05162,0.10656
"Positive-aware, 1,638",PA__noKD__yolo26n__s42,0.1959,0.05085,0.10782
"Positive-aware, 1,638",PA__noKD__yolo26n__s42,0.1984,0.05046,0.10782
"Positive-aware, 1,638",PA__noKD__yolo26n__s42,0.2009,0.05046,0.10845
"Positive-aware, 1,638",PA__noKD__yolo26n__s42,0.2033,0.05008,0.10908
"Positive-aware, 1,638",PA__noKD__yolo26n__s42,0.2058,0.04969,0.10908
"Positive-aware, 1,638",PA__noKD__yolo26n__s42,0.2083,0.04892,0.10971
"Positive-aware, 1,638",PA__noKD__yolo26n__s42,0.2108,0.04892,0.10971
"Positive-aware, 1,638",PA__noKD__yolo26n__s42,0.2133,0.04892,0.10971
"Positive-aware, 1,638",PA__noKD__yolo26n__s42,0.2157,0.04777,0.10971
"Positive-aware, 1,638",PA__noKD__yolo26n__s42,0.2182,0.04738,0.11034
"Positive-aware, 1,638",PA__noKD__yolo26n__s42,0.2207,0.04661,0.11034
"Positive-aware, 1,638",PA__noKD__yolo26n__s42,0.2232,0.04622,0.1116
"Positive-aware, 1,638",PA__noKD__yolo26n__s42,0.2256,0.04545,0.1116
"Positive-aware, 1,638",PA__noKD__yolo26n__s42,0.2281,0.0443,0.11286
"Positive-aware, 1,638",PA__noKD__yolo26n__s42,0.2306,0.04353,0.11286
"Positive-aware, 1,638",PA__noKD__yolo26n__s42,0.2331,0.04353,0.11349
"Positive-aware, 1,638",PA__noKD__yolo26n__s42,0.2356,0.04276,0.11349
"Positive-aware, 1,638",PA__noKD__yolo26n__s42,0.238,0.04276,0.11349
"Positive-aware, 1,638",PA__noKD__yolo26n__s42,0.2405,0.0416,0.11412
"Positive-aware, 1,638",PA__noKD__yolo26n__s42,0.243,0.0416,0.11538
"Positive-aware, 1,638",PA__noKD__yolo26n__s42,0.2455,0.0416,0.11602
"Positive-aware, 1,638",PA__noKD__yolo26n__s42,0.248,0.04083,0.11602
"Positive-aware, 1,638",PA__noKD__yolo26n__s42,0.2504,0.04045,0.11602
"Positive-aware, 1,638",PA__noKD__yolo26n__s42,0.2529,0.03968,0.11665
"Positive-aware, 1,638",PA__noKD__yolo26n__s42,0.2554,0.03968,0.11728
"Positive-aware, 1,638",PA__noKD__yolo26n__s42,0.2579,0.03968,0.11728
"Positive-aware, 1,638",PA__noKD__yolo26n__s42,0.2603,0.03891,0.11728
"Positive-aware, 1,638",PA__noKD__yolo26n__s42,0.2628,0.03891,0.11791
"Positive-aware, 1,638",PA__noKD__yolo26n__s42,0.2653,0.03814,0.1198
"Positive-aware, 1,638",PA__noKD__yolo26n__s42,0.2678,0.03698,0.1198
"Positive-aware, 1,638",PA__noKD__yolo26n__s42,0.2703,0.03698,0.1198
"Positive-aware, 1,638",PA__noKD__yolo26n__s42,0.2727,0.03659,0.1198
"Positive-aware, 1,638",PA__noKD__yolo26n__s42,0.2752,0.03659,0.12043
"Positive-aware, 1,638",PA__noKD__yolo26n__s42,0.2777,0.03659,0.12169
"Positive-aware, 1,638",PA__noKD__yolo26n__s42,0.2802,0.03621,0.12169
"Positive-aware, 1,638",PA__noKD__yolo26n__s42,0.2827,0.03621,0.12232
"Positive-aware, 1,638",PA__noKD__yolo26n__s42,0.2851,0.03621,0.12295
"Positive-aware, 1,638",PA__noKD__yolo26n__s42,0.2876,0.03621,0.12358
"Positive-aware, 1,638",PA__noKD__yolo26n__s42,0.2901,0.03621,0.12421
"Positive-aware, 1,638",PA__noKD__yolo26n__s42,0.2926,0.03582,0.12484
"Positive-aware, 1,638",PA__noKD__yolo26n__s42,0.2951,0.03582,0.12484
"Positive-aware, 1,638",PA__noKD__yolo26n__s42,0.2975,0.03544,0.12547
"Positive-aware, 1,638",PA__noKD__yolo26n__s42,0.3,0.03505,0.1261
"Positive-aware, 1,638",PA__noKD__yolo26n__s42,0.3025,0.03467,0.1261
"Positive-aware, 1,638",PA__noKD__yolo26n__s42,0.305,0.03467,0.12673
"Positive-aware, 1,638",PA__noKD__yolo26n__s42,0.3074,0.03467,0.12673
"Positive-aware, 1,638",PA__noKD__yolo26n__s42,0.3099,0.03467,0.12673
"Positive-aware, 1,638",PA__noKD__yolo26n__s42,0.3124,0.03428,0.12736
"Positive-aware, 1,638",PA__noKD__yolo26n__s42,0.3149,0.0339,0.12736
"Positive-aware, 1,638",PA__noKD__yolo26n__s42,0.3174,0.0339,0.12799
"Positive-aware, 1,638",PA__noKD__yolo26n__s42,0.3198,0.03351,0.12863
"Positive-aware, 1,638",PA__noKD__yolo26n__s42,0.3223,0.03274,0.12863
"Positive-aware, 1,638",PA__noKD__yolo26n__s42,0.3248,0.03274,0.12863
"Positive-aware, 1,638",PA__noKD__yolo26n__s42,0.3273,0.03236,0.12863
"Positive-aware, 1,638",PA__noKD__yolo26n__s42,0.3298,0.03236,0.12863
"Positive-aware, 1,638",PA__noKD__yolo26n__s42,0.3322,0.03236,0.12863
"Positive-aware, 1,638",PA__noKD__yolo26n__s42,0.3347,0.03236,0.12863
"Positive-aware, 1,638",PA__noKD__yolo26n__s42,0.3372,0.03197,0.12989
"Positive-aware, 1,638",PA__noKD__yolo26n__s42,0.3397,0.03197,0.12989
"Positive-aware, 1,638",PA__noKD__yolo26n__s42,0.3421,0.03159,0.13052
"Positive-aware, 1,638",PA__noKD__yolo26n__s42,0.3446,0.03082,0.13052
"Positive-aware, 1,638",PA__noKD__yolo26n__s42,0.3471,0.03043,0.13052
"Positive-aware, 1,638",PA__noKD__yolo26n__s42,0.3496,0.03043,0.13052
"Positive-aware, 1,638",PA__noKD__yolo26n__s42,0.3521,0.03043,0.13052
"Positive-aware, 1,638",PA__noKD__yolo26n__s42,0.3545,0.02928,0.13052
"Positive-aware, 1,638",PA__noKD__yolo26n__s42,0.357,0.02928,0.13052
"Positive-aware, 1,638",PA__noKD__yolo26n__s42,0.3595,0.02928,0.13178
"Positive-aware, 1,638",PA__noKD__yolo26n__s42,0.362,0.02889,0.13241
"Positive-aware, 1,638",PA__noKD__yolo26n__s42,0.3645,0.02851,0.13304
"Positive-aware, 1,638",PA__noKD__yolo26n__s42,0.3669,0.02773,0.13304
"Positive-aware, 1,638",PA__noKD__yolo26n__s42,0.3694,0.02735,0.13304
"Positive-aware, 1,638",PA__noKD__yolo26n__s42,0.3719,0.02735,0.13304
"Positive-aware, 1,638",PA__noKD__yolo26n__s42,0.3744,0.02735,0.13367
"Positive-aware, 1,638",PA__noKD__yolo26n__s42,0.3768,0.02735,0.1343
"Positive-aware, 1,638",PA__noKD__yolo26n__s42,0.3793,0.02696,0.13493
"Positive-aware, 1,638",PA__noKD__yolo26n__s42,0.3818,0.02696,0.13493
"Positive-aware, 1,638",PA__noKD__yolo26n__s42,0.3843,0.02696,0.13556
"Positive-aware, 1,638",PA__noKD__yolo26n__s42,0.3868,0.02696,0.13619
"Positive-aware, 1,638",PA__noKD__yolo26n__s42,0.3892,0.02658,0.13619
"Positive-aware, 1,638",PA__noKD__yolo26n__s42,0.3917,0.02658,0.13682
"Positive-aware, 1,638",PA__noKD__yolo26n__s42,0.3942,0.02619,0.13682
"Positive-aware, 1,638",PA__noKD__yolo26n__s42,0.3967,0.02619,0.13745
"Positive-aware, 1,638",PA__noKD__yolo26n__s42,0.3992,0.02504,0.13745
"Positive-aware, 1,638",PA__noKD__yolo26n__s42,0.4016,0.02504,0.13745
"Positive-aware, 1,638",PA__noKD__yolo26n__s42,0.4041,0.02504,0.13745
"Positive-aware, 1,638",PA__noKD__yolo26n__s42,0.4066,0.02427,0.13808
"Positive-aware, 1,638",PA__noKD__yolo26n__s42,0.4091,0.02427,0.13808
"Positive-aware, 1,638",PA__noKD__yolo26n__s42,0.4115,0.02427,0.13871
"Positive-aware, 1,638",PA__noKD__yolo26n__s42,0.414,0.02388,0.13934
"Positive-aware, 1,638",PA__noKD__yolo26n__s42,0.4165,0.02388,0.13997
"Positive-aware, 1,638",PA__noKD__yolo26n__s42,0.419,0.02388,0.14061
"Positive-aware, 1,638",PA__noKD__yolo26n__s42,0.4215,0.02388,0.14187
"Positive-aware, 1,638",PA__noKD__yolo26n__s42,0.4239,0.02388,0.14187
"Positive-aware, 1,638",PA__noKD__yolo26n__s42,0.4264,0.02388,0.14439
"Positive-aware, 1,638",PA__noKD__yolo26n__s42,0.4289,0.02273,0.14502
"Positive-aware, 1,638",PA__noKD__yolo26n__s42,0.4314,0.02273,0.14502
"Positive-aware, 1,638",PA__noKD__yolo26n__s42,0.4339,0.02273,0.14502
"Positive-aware, 1,638",PA__noKD__yolo26n__s42,0.4363,0.02273,0.14502
"Positive-aware, 1,638",PA__noKD__yolo26n__s42,0.4388,0.02273,0.14502
"Positive-aware, 1,638",PA__noKD__yolo26n__s42,0.4413,0.02234,0.14691
"Positive-aware, 1,638",PA__noKD__yolo26n__s42,0.4438,0.02234,0.14691
"Positive-aware, 1,638",PA__noKD__yolo26n__s42,0.4463,0.02157,0.14817
"Positive-aware, 1,638",PA__noKD__yolo26n__s42,0.4487,0.02119,0.1488
"Positive-aware, 1,638",PA__noKD__yolo26n__s42,0.4512,0.02119,0.1488
"Positive-aware, 1,638",PA__noKD__yolo26n__s42,0.4537,0.0208,0.1488
"Positive-aware, 1,638",PA__noKD__yolo26n__s42,0.4562,0.0208,0.1488
"Positive-aware, 1,638",PA__noKD__yolo26n__s42,0.4586,0.0208,0.15195
"Positive-aware, 1,638",PA__noKD__yolo26n__s42,0.4611,0.0208,0.15322
"Positive-aware, 1,638",PA__noKD__yolo26n__s42,0.4636,0.02042,0.15322
"Positive-aware, 1,638",PA__noKD__yolo26n__s42,0.4661,0.02042,0.15385
"Positive-aware, 1,638",PA__noKD__yolo26n__s42,0.4686,0.02042,0.15511
"Positive-aware, 1,638",PA__noKD__yolo26n__s42,0.471,0.02042,0.15574
"Positive-aware, 1,638",PA__noKD__yolo26n__s42,0.4735,0.02003,0.15574
"Positive-aware, 1,638",PA__noKD__yolo26n__s42,0.476,0.02003,0.157
"Positive-aware, 1,638",PA__noKD__yolo26n__s42,0.4785,0.02003,0.15763
"Positive-aware, 1,638",PA__noKD__yolo26n__s42,0.481,0.02003,0.15952
"Positive-aware, 1,638",PA__noKD__yolo26n__s42,0.4834,0.01965,0.15952
"Positive-aware, 1,638",PA__noKD__yolo26n__s42,0.4859,0.01926,0.16015
"Positive-aware, 1,638",PA__noKD__yolo26n__s42,0.4884,0.01926,0.16078
"Positive-aware, 1,638",PA__noKD__yolo26n__s42,0.4909,0.01926,0.16141
"Positive-aware, 1,638",PA__noKD__yolo26n__s42,0.4933,0.01926,0.16204
"Positive-aware, 1,638",PA__noKD__yolo26n__s42,0.4958,0.01849,0.1633
"Positive-aware, 1,638",PA__noKD__yolo26n__s42,0.4983,0.01849,0.16456
"Positive-aware, 1,638",PA__noKD__yolo26n__s42,0.5008,0.0181,0.16456
"Positive-aware, 1,638",PA__noKD__yolo26n__s42,0.5033,0.0181,0.1652
"Positive-aware, 1,638",PA__noKD__yolo26n__s42,0.5057,0.0181,0.1652
"Positive-aware, 1,638",PA__noKD__yolo26n__s42,0.5082,0.0181,0.16646
"Positive-aware, 1,638",PA__noKD__yolo26n__s42,0.5107,0.0181,0.16709
"Positive-aware, 1,638",PA__noKD__yolo26n__s42,0.5132,0.0181,0.16961
"Positive-aware, 1,638",PA__noKD__yolo26n__s42,0.5157,0.01772,0.17087
"Positive-aware, 1,638",PA__noKD__yolo26n__s42,0.5181,0.01772,0.17276
"Positive-aware, 1,638",PA__noKD__yolo26n__s42,0.5206,0.01733,0.17465
"Positive-aware, 1,638",PA__noKD__yolo26n__s42,0.5231,0.01733,0.17528
"Positive-aware, 1,638",PA__noKD__yolo26n__s42,0.5256,0.01733,0.17591
"Positive-aware, 1,638",PA__noKD__yolo26n__s42,0.528,0.01733,0.17654
"Positive-aware, 1,638",PA__noKD__yolo26n__s42,0.5305,0.01695,0.17718
"Positive-aware, 1,638",PA__noKD__yolo26n__s42,0.533,0.01656,0.1797
"Positive-aware, 1,638",PA__noKD__yolo26n__s42,0.5355,0.01618,0.1797
"Positive-aware, 1,638",PA__noKD__yolo26n__s42,0.538,0.01618,0.18096
"Positive-aware, 1,638",PA__noKD__yolo26n__s42,0.5404,0.01618,0.18096
"Positive-aware, 1,638",PA__noKD__yolo26n__s42,0.5429,0.01579,0.18159
"Positive-aware, 1,638",PA__noKD__yolo26n__s42,0.5454,0.01579,0.18222
"Positive-aware, 1,638",PA__noKD__yolo26n__s42,0.5479,0.01579,0.18285
"Positive-aware, 1,638",PA__noKD__yolo26n__s42,0.5504,0.01579,0.18348
"Positive-aware, 1,638",PA__noKD__yolo26n__s42,0.5528,0.01541,0.18411
"Positive-aware, 1,638",PA__noKD__yolo26n__s42,0.5553,0.01502,0.18474
"Positive-aware, 1,638",PA__noKD__yolo26n__s42,0.5578,0.01502,0.18474
"Positive-aware, 1,638",PA__noKD__yolo26n__s42,0.5603,0.01464,0.18663
"Positive-aware, 1,638",PA__noKD__yolo26n__s42,0.5627,0.01464,0.18726
"Positive-aware, 1,638",PA__noKD__yolo26n__s42,0.5652,0.01464,0.18789
"Positive-aware, 1,638",PA__noKD__yolo26n__s42,0.5677,0.01464,0.18852
"Positive-aware, 1,638",PA__noKD__yolo26n__s42,0.5702,0.01464,0.18979
"Positive-aware, 1,638",PA__noKD__yolo26n__s42,0.5727,0.01464,0.18979
"Positive-aware, 1,638",PA__noKD__yolo26n__s42,0.5751,0.01464,0.18979
"Positive-aware, 1,638",PA__noKD__yolo26n__s42,0.5776,0.01464,0.19042
"Positive-aware, 1,638",PA__noKD__yolo26n__s42,0.5801,0.01464,0.19042
"Positive-aware, 1,638",PA__noKD__yolo26n__s42,0.5826,0.01464,0.19231
"Positive-aware, 1,638",PA__noKD__yolo26n__s42,0.5851,0.01464,0.19231
"Positive-aware, 1,638",PA__noKD__yolo26n__s42,0.5875,0.01464,0.1942
"Positive-aware, 1,638",PA__noKD__yolo26n__s42,0.59,0.01464,0.19483
"Positive-aware, 1,638",PA__noKD__yolo26n__s42,0.5925,0.01464,0.19483
"Positive-aware, 1,638",PA__noKD__yolo26n__s42,0.595,0.01464,0.19609
"Positive-aware, 1,638",PA__noKD__yolo26n__s42,0.5975,0.01464,0.19609
"Positive-aware, 1,638",PA__noKD__yolo26n__s42,0.5999,0.01425,0.19609
"Positive-aware, 1,638",PA__noKD__yolo26n__s42,0.6024,0.01425,0.19672
"Positive-aware, 1,638",PA__noKD__yolo26n__s42,0.6049,0.01387,0.19798
"Positive-aware, 1,638",PA__noKD__yolo26n__s42,0.6074,0.01387,0.19861
"Positive-aware, 1,638",PA__noKD__yolo26n__s42,0.6098,0.01387,0.19924
"Positive-aware, 1,638",PA__noKD__yolo26n__s42,0.6123,0.01387,0.19987
"Positive-aware, 1,638",PA__noKD__yolo26n__s42,0.6148,0.01348,0.2005
"Positive-aware, 1,638",PA__noKD__yolo26n__s42,0.6173,0.0131,0.20177
"Positive-aware, 1,638",PA__noKD__yolo26n__s42,0.6198,0.0131,0.2024
"Positive-aware, 1,638",PA__noKD__yolo26n__s42,0.6222,0.01271,0.20429
"Positive-aware, 1,638",PA__noKD__yolo26n__s42,0.6247,0.01271,0.20492
"Positive-aware, 1,638",PA__noKD__yolo26n__s42,0.6272,0.01271,0.20618
"Positive-aware, 1,638",PA__noKD__yolo26n__s42,0.6297,0.01271,0.20681
"Positive-aware, 1,638",PA__noKD__yolo26n__s42,0.6322,0.01271,0.20681
"Positive-aware, 1,638",PA__noKD__yolo26n__s42,0.6346,0.01271,0.20681
"Positive-aware, 1,638",PA__noKD__yolo26n__s42,0.6371,0.01233,0.20807
"Positive-aware, 1,638",PA__noKD__yolo26n__s42,0.6396,0.01233,0.20933
"Positive-aware, 1,638",PA__noKD__yolo26n__s42,0.6421,0.01233,0.20933
"Positive-aware, 1,638",PA__noKD__yolo26n__s42,0.6445,0.01194,0.21122
"Positive-aware, 1,638",PA__noKD__yolo26n__s42,0.647,0.01156,0.21248
"Positive-aware, 1,638",PA__noKD__yolo26n__s42,0.6495,0.01156,0.21375
"Positive-aware, 1,638",PA__noKD__yolo26n__s42,0.652,0.01117,0.21564
"Positive-aware, 1,638",PA__noKD__yolo26n__s42,0.6545,0.01117,0.21753
"Positive-aware, 1,638",PA__noKD__yolo26n__s42,0.6569,0.01079,0.21753
"Positive-aware, 1,638",PA__noKD__yolo26n__s42,0.6594,0.0104,0.21879
"Positive-aware, 1,638",PA__noKD__yolo26n__s42,0.6619,0.00963,0.21879
"Positive-aware, 1,638",PA__noKD__yolo26n__s42,0.6644,0.00963,0.21942
"Positive-aware, 1,638",PA__noKD__yolo26n__s42,0.6669,0.00924,0.21942
"Positive-aware, 1,638",PA__noKD__yolo26n__s42,0.6693,0.00886,0.22194
"Positive-aware, 1,638",PA__noKD__yolo26n__s42,0.6718,0.00886,0.22257
"Positive-aware, 1,638",PA__noKD__yolo26n__s42,0.6743,0.00886,0.2232
"Positive-aware, 1,638",PA__noKD__yolo26n__s42,0.6768,0.00886,0.22573
"Positive-aware, 1,638",PA__noKD__yolo26n__s42,0.6792,0.00847,0.22699
"Positive-aware, 1,638",PA__noKD__yolo26n__s42,0.6817,0.00847,0.22951
"Positive-aware, 1,638",PA__noKD__yolo26n__s42,0.6842,0.00847,0.23077
"Positive-aware, 1,638",PA__noKD__yolo26n__s42,0.6867,0.00847,0.23266
"Positive-aware, 1,638",PA__noKD__yolo26n__s42,0.6892,0.00809,0.23455
"Positive-aware, 1,638",PA__noKD__yolo26n__s42,0.6916,0.00732,0.2377
"Positive-aware, 1,638",PA__noKD__yolo26n__s42,0.6941,0.00732,0.23834
"Positive-aware, 1,638",PA__noKD__yolo26n__s42,0.6966,0.00655,0.24023
"Positive-aware, 1,638",PA__noKD__yolo26n__s42,0.6991,0.00616,0.24149
"Positive-aware, 1,638",PA__noKD__yolo26n__s42,0.7016,0.00616,0.24401
"Positive-aware, 1,638",PA__noKD__yolo26n__s42,0.704,0.00616,0.24527
"Positive-aware, 1,638",PA__noKD__yolo26n__s42,0.7065,0.00616,0.24779
"Positive-aware, 1,638",PA__noKD__yolo26n__s42,0.709,0.00578,0.24779
"Positive-aware, 1,638",PA__noKD__yolo26n__s42,0.7115,0.00578,0.25032
"Positive-aware, 1,638",PA__noKD__yolo26n__s42,0.7139,0.00578,0.25221
"Positive-aware, 1,638",PA__noKD__yolo26n__s42,0.7164,0.00578,0.25347
"Positive-aware, 1,638",PA__noKD__yolo26n__s42,0.7189,0.00539,0.25599
"Positive-aware, 1,638",PA__noKD__yolo26n__s42,0.7214,0.00539,0.25788
"Positive-aware, 1,638",PA__noKD__yolo26n__s42,0.7239,0.00539,0.25914
"Positive-aware, 1,638",PA__noKD__yolo26n__s42,0.7263,0.00539,0.26103
"Positive-aware, 1,638",PA__noKD__yolo26n__s42,0.7288,0.00539,0.26293
"Positive-aware, 1,638",PA__noKD__yolo26n__s42,0.7313,0.00501,0.26545
"Positive-aware, 1,638",PA__noKD__yolo26n__s42,0.7338,0.00501,0.26608
"Positive-aware, 1,638",PA__noKD__yolo26n__s42,0.7363,0.00501,0.26734
"Positive-aware, 1,638",PA__noKD__yolo26n__s42,0.7387,0.00501,0.2686
"Positive-aware, 1,638",PA__noKD__yolo26n__s42,0.7412,0.00462,0.26923
"Positive-aware, 1,638",PA__noKD__yolo26n__s42,0.7437,0.00462,0.27049
"Positive-aware, 1,638",PA__noKD__yolo26n__s42,0.7462,0.00462,0.27364
"Positive-aware, 1,638",PA__noKD__yolo26n__s42,0.7487,0.00424,0.27617
"Positive-aware, 1,638",PA__noKD__yolo26n__s42,0.7511,0.00424,0.28058
"Positive-aware, 1,638",PA__noKD__yolo26n__s42,0.7536,0.00424,0.28499
"Positive-aware, 1,638",PA__noKD__yolo26n__s42,0.7561,0.00424,0.28752
"Positive-aware, 1,638",PA__noKD__yolo26n__s42,0.7586,0.00424,0.29256
"Positive-aware, 1,638",PA__noKD__yolo26n__s42,0.761,0.00424,0.29319
"Positive-aware, 1,638",PA__noKD__yolo26n__s42,0.7635,0.00424,0.29571
"Positive-aware, 1,638",PA__noKD__yolo26n__s42,0.766,0.00424,0.2976
"Positive-aware, 1,638",PA__noKD__yolo26n__s42,0.7685,0.00385,0.30076
"Positive-aware, 1,638",PA__noKD__yolo26n__s42,0.771,0.00385,0.30202
"Positive-aware, 1,638",PA__noKD__yolo26n__s42,0.7734,0.00347,0.30454
"Positive-aware, 1,638",PA__noKD__yolo26n__s42,0.7759,0.00347,0.30769
"Positive-aware, 1,638",PA__noKD__yolo26n__s42,0.7784,0.00347,0.31084
"Positive-aware, 1,638",PA__noKD__yolo26n__s42,0.7809,0.00347,0.31274
"Positive-aware, 1,638",PA__noKD__yolo26n__s42,0.7834,0.00308,0.31652
"Positive-aware, 1,638",PA__noKD__yolo26n__s42,0.7858,0.00308,0.31715
"Positive-aware, 1,638",PA__noKD__yolo26n__s42,0.7883,0.00308,0.31841
"Positive-aware, 1,638",PA__noKD__yolo26n__s42,0.7908,0.00308,0.32219
"Positive-aware, 1,638",PA__noKD__yolo26n__s42,0.7933,0.0027,0.32535
"Positive-aware, 1,638",PA__noKD__yolo26n__s42,0.7957,0.0027,0.33165
"Positive-aware, 1,638",PA__noKD__yolo26n__s42,0.7982,0.0027,0.33922
"Positive-aware, 1,638",PA__noKD__yolo26n__s42,0.8007,0.0027,0.34426
"Positive-aware, 1,638",PA__noKD__yolo26n__s42,0.8032,0.0027,0.34805
"Positive-aware, 1,638",PA__noKD__yolo26n__s42,0.8057,0.0027,0.35372
"Positive-aware, 1,638",PA__noKD__yolo26n__s42,0.8081,0.0027,0.35687
"Positive-aware, 1,638",PA__noKD__yolo26n__s42,0.8106,0.00193,0.36192
"Positive-aware, 1,638",PA__noKD__yolo26n__s42,0.8131,0.00193,0.36444
"Positive-aware, 1,638",PA__noKD__yolo26n__s42,0.8156,0.00193,0.36822
"Positive-aware, 1,638",PA__noKD__yolo26n__s42,0.8181,0.00193,0.37201
"Positive-aware, 1,638",PA__noKD__yolo26n__s42,0.8205,0.00154,0.37579
"Positive-aware, 1,638",PA__noKD__yolo26n__s42,0.823,0.00154,0.38462
"Positive-aware, 1,638",PA__noKD__yolo26n__s42,0.8255,0.00154,0.3884
"Positive-aware, 1,638",PA__noKD__yolo26n__s42,0.828,0.00154,0.3947
"Positive-aware, 1,638",PA__noKD__yolo26n__s42,0.8304,0.00154,0.39975
"Positive-aware, 1,638",PA__noKD__yolo26n__s42,0.8329,0.00116,0.40353
"Positive-aware, 1,638",PA__noKD__yolo26n__s42,0.8354,0.00116,0.41362
"Positive-aware, 1,638",PA__noKD__yolo26n__s42,0.8379,0.00077,0.41614
"Positive-aware, 1,638",PA__noKD__yolo26n__s42,0.8404,0.00077,0.41992
"Positive-aware, 1,638",PA__noKD__yolo26n__s42,0.8428,0.00077,0.42434
"Positive-aware, 1,638",PA__noKD__yolo26n__s42,0.8453,0.00077,0.43001
"Positive-aware, 1,638",PA__noKD__yolo26n__s42,0.8478,0.00077,0.43947
"Positive-aware, 1,638",PA__noKD__yolo26n__s42,0.8503,0.00077,0.44767
"Positive-aware, 1,638",PA__noKD__yolo26n__s42,0.8528,0.00077,0.45776
"Positive-aware, 1,638",PA__noKD__yolo26n__s42,0.8552,0.00077,0.46784
"Positive-aware, 1,638",PA__noKD__yolo26n__s42,0.8577,0.00077,0.48108
"Positive-aware, 1,638",PA__noKD__yolo26n__s42,0.8602,0.00077,0.49054
"Positive-aware, 1,638",PA__noKD__yolo26n__s42,0.8627,0.00077,0.5
"Positive-aware, 1,638",PA__noKD__yolo26n__s42,0.8652,0.00077,0.50883
"Positive-aware, 1,638",PA__noKD__yolo26n__s42,0.8676,0.00077,0.51892
"Positive-aware, 1,638",PA__noKD__yolo26n__s42,0.8701,0.00077,0.53216
"Positive-aware, 1,638",PA__noKD__yolo26n__s42,0.8726,0.00077,0.54161
"Positive-aware, 1,638",PA__noKD__yolo26n__s42,0.8751,0.00077,0.55738
"Positive-aware, 1,638",PA__noKD__yolo26n__s42,0.8775,0.00077,0.56936
"Positive-aware, 1,638",PA__noKD__yolo26n__s42,0.88,0.00077,0.57692
"Positive-aware, 1,638",PA__noKD__yolo26n__s42,0.8825,0.00077,0.59079
"Positive-aware, 1,638",PA__noKD__yolo26n__s42,0.885,0.00077,0.6053
"Positive-aware, 1,638",PA__noKD__yolo26n__s42,0.8875,0.00077,0.61854
"Positive-aware, 1,638",PA__noKD__yolo26n__s42,0.8899,0.00077,0.62989
"Positive-aware, 1,638",PA__noKD__yolo26n__s42,0.8924,0.00077,0.64124
"Positive-aware, 1,638",PA__noKD__yolo26n__s42,0.8949,0.00077,0.65889
"Positive-aware, 1,638",PA__noKD__yolo26n__s42,0.8974,0.00077,0.6715
"Positive-aware, 1,638",PA__noKD__yolo26n__s42,0.8999,0.00077,0.68348
"Positive-aware, 1,638",PA__noKD__yolo26n__s42,0.9023,0.00077,0.69735
"Positive-aware, 1,638",PA__noKD__yolo26n__s42,0.9048,0.00077,0.70681
"Positive-aware, 1,638",PA__noKD__yolo26n__s42,0.9073,0.00077,0.72131
"Positive-aware, 1,638",PA__noKD__yolo26n__s42,0.9098,0.00077,0.73644
"Positive-aware, 1,638",PA__noKD__yolo26n__s42,0.9122,0.00077,0.75221
"Positive-aware, 1,638",PA__noKD__yolo26n__s42,0.9147,0.00077,0.76671
"Positive-aware, 1,638",PA__noKD__yolo26n__s42,0.9172,0.00077,0.78247
"Positive-aware, 1,638",PA__noKD__yolo26n__s42,0.9197,0.00077,0.79823
"Positive-aware, 1,638",PA__noKD__yolo26n__s42,0.9222,0.00039,0.814
"Positive-aware, 1,638",PA__noKD__yolo26n__s42,0.9246,0.00039,0.8285
"Positive-aware, 1,638",PA__noKD__yolo26n__s42,0.9271,0.00039,0.84048
"Positive-aware, 1,638",PA__noKD__yolo26n__s42,0.9296,0.00039,0.86129
"Positive-aware, 1,638",PA__noKD__yolo26n__s42,0.9321,0.00039,0.87137
"Positive-aware, 1,638",PA__noKD__yolo26n__s42,0.9346,0.00039,0.88398
"Positive-aware, 1,638",PA__noKD__yolo26n__s42,0.937,0.00039,0.90101
"Positive-aware, 1,638",PA__noKD__yolo26n__s42,0.9395,0.00039,0.91929
"Positive-aware, 1,638",PA__noKD__yolo26n__s42,0.942,0.0,0.93317
"Positive-aware, 1,638",PA__noKD__yolo26n__s42,0.9445,0.0,0.95019
"Positive-aware, 1,638",PA__noKD__yolo26n__s42,0.9469,0.0,0.96532
"Positive-aware, 1,638",PA__noKD__yolo26n__s42,0.9494,0.0,0.97919
"Positive-aware, 1,638",PA__noKD__yolo26n__s42,0.9519,0.0,0.98487
"Positive-aware, 1,638",PA__noKD__yolo26n__s42,0.9544,0.0,0.99433
"Positive-aware, 1,638",PA__noKD__yolo26n__s42,0.9569,0.0,0.99748
"Positive-aware, 1,638",PA__noKD__yolo26n__s42,0.9593,0.0,0.99937
"Positive-aware, 1,638",PA__noKD__yolo26n__s42,0.9618,0.0,1.0
"Positive-aware, 1,638",PA__noKD__yolo26n__s42,0.9643,0.0,1.0
"Positive-aware, 1,638",PA__noKD__yolo26n__s42,0.9668,0.0,1.0
"Positive-aware, 1,638",PA__noKD__yolo26n__s42,0.9693,0.0,1.0
"Positive-aware, 1,638",PA__noKD__yolo26n__s42,0.9717,0.0,1.0
"Positive-aware, 1,638",PA__noKD__yolo26n__s42,0.9742,0.0,1.0
"Positive-aware, 1,638",PA__noKD__yolo26n__s42,0.9767,0.0,1.0
"Positive-aware, 1,638",PA__noKD__yolo26n__s42,0.9792,0.0,1.0
"Positive-aware, 1,638",PA__noKD__yolo26n__s42,0.9816,0.0,1.0
"Positive-aware, 1,638",PA__noKD__yolo26n__s42,0.9841,0.0,1.0
"Positive-aware, 1,638",PA__noKD__yolo26n__s42,0.9866,0.0,1.0
"Positive-aware, 1,638",PA__noKD__yolo26n__s42,0.9891,0.0,1.0
"Positive-aware, 1,638",PA__noKD__yolo26n__s42,0.9916,0.0,1.0
"Positive-aware, 1,638",PA__noKD__yolo26n__s42,0.994,0.0,1.0
"Positive-aware, 1,638",PA__noKD__yolo26n__s42,0.9965,0.0,1.0
"Positive-aware, 1,638",PA__noKD__yolo26n__s42,0.999,0.0,1.0
"Union, 3,276",U3276__noKD__yolo26n__s42,0.01,0.17527,0.08827
"Union, 3,276",U3276__noKD__yolo26n__s42,0.0125,0.15254,0.09269
"Union, 3,276",U3276__noKD__yolo26n__s42,0.015,0.13598,0.09395
"Union, 3,276",U3276__noKD__yolo26n__s42,0.0174,0.12596,0.09584
"Union, 3,276",U3276__noKD__yolo26n__s42,0.0199,0.11556,0.09647
"Union, 3,276",U3276__noKD__yolo26n__s42,0.0224,0.10901,0.0971
"Union, 3,276",U3276__noKD__yolo26n__s42,0.0249,0.10324,0.09962
"Union, 3,276",U3276__noKD__yolo26n__s42,0.0274,0.099,0.09962
"Union, 3,276",U3276__noKD__yolo26n__s42,0.0298,0.09515,0.10088
"Union, 3,276",U3276__noKD__yolo26n__s42,0.0323,0.09206,0.10151
"Union, 3,276",U3276__noKD__yolo26n__s42,0.0348,0.08937,0.10151
"Union, 3,276",U3276__noKD__yolo26n__s42,0.0373,0.08552,0.10277
"Union, 3,276",U3276__noKD__yolo26n__s42,0.0397,0.08282,0.10277
"Union, 3,276",U3276__noKD__yolo26n__s42,0.0422,0.08128,0.10277
"Union, 3,276",U3276__noKD__yolo26n__s42,0.0447,0.07743,0.10277
"Union, 3,276",U3276__noKD__yolo26n__s42,0.0472,0.07357,0.10277
"Union, 3,276",U3276__noKD__yolo26n__s42,0.0497,0.07126,0.1034
"Union, 3,276",U3276__noKD__yolo26n__s42,0.0521,0.06895,0.10404
"Union, 3,276",U3276__noKD__yolo26n__s42,0.0546,0.06818,0.10404
"Union, 3,276",U3276__noKD__yolo26n__s42,0.0571,0.06703,0.10404
"Union, 3,276",U3276__noKD__yolo26n__s42,0.0596,0.06587,0.10467
"Union, 3,276",U3276__noKD__yolo26n__s42,0.0621,0.0651,0.10467
"Union, 3,276",U3276__noKD__yolo26n__s42,0.0645,0.0651,0.1053
"Union, 3,276",U3276__noKD__yolo26n__s42,0.067,0.06394,0.1053
"Union, 3,276",U3276__noKD__yolo26n__s42,0.0695,0.06317,0.10593
"Union, 3,276",U3276__noKD__yolo26n__s42,0.072,0.06202,0.10593
"Union, 3,276",U3276__noKD__yolo26n__s42,0.0744,0.06086,0.10656
"Union, 3,276",U3276__noKD__yolo26n__s42,0.0769,0.05971,0.10782
"Union, 3,276",U3276__noKD__yolo26n__s42,0.0794,0.05817,0.10782
"Union, 3,276",U3276__noKD__yolo26n__s42,0.0819,0.05701,0.10908
"Union, 3,276",U3276__noKD__yolo26n__s42,0.0844,0.05663,0.10971
"Union, 3,276",U3276__noKD__yolo26n__s42,0.0868,0.05547,0.10971
"Union, 3,276",U3276__noKD__yolo26n__s42,0.0893,0.05508,0.10971
"Union, 3,276",U3276__noKD__yolo26n__s42,0.0918,0.05508,0.11034
"Union, 3,276",U3276__noKD__yolo26n__s42,0.0943,0.05393,0.11097
"Union, 3,276",U3276__noKD__yolo26n__s42,0.0968,0.05316,0.11097
"Union, 3,276",U3276__noKD__yolo26n__s42,0.0992,0.05085,0.1116
"Union, 3,276",U3276__noKD__yolo26n__s42,0.1017,0.04969,0.1116
"Union, 3,276",U3276__noKD__yolo26n__s42,0.1042,0.04931,0.1116
"Union, 3,276",U3276__noKD__yolo26n__s42,0.1067,0.04854,0.1116
"Union, 3,276",U3276__noKD__yolo26n__s42,0.1091,0.04815,0.1116
"Union, 3,276",U3276__noKD__yolo26n__s42,0.1116,0.04738,0.11223
"Union, 3,276",U3276__noKD__yolo26n__s42,0.1141,0.04661,0.11286
"Union, 3,276",U3276__noKD__yolo26n__s42,0.1166,0.04622,0.11349
"Union, 3,276",U3276__noKD__yolo26n__s42,0.1191,0.04545,0.11349
"Union, 3,276",U3276__noKD__yolo26n__s42,0.1215,0.04545,0.11412
"Union, 3,276",U3276__noKD__yolo26n__s42,0.124,0.04507,0.11475
"Union, 3,276",U3276__noKD__yolo26n__s42,0.1265,0.04507,0.11475
"Union, 3,276",U3276__noKD__yolo26n__s42,0.129,0.0443,0.11538
"Union, 3,276",U3276__noKD__yolo26n__s42,0.1315,0.04391,0.11538
"Union, 3,276",U3276__noKD__yolo26n__s42,0.1339,0.04276,0.11602
"Union, 3,276",U3276__noKD__yolo26n__s42,0.1364,0.04237,0.11665
"Union, 3,276",U3276__noKD__yolo26n__s42,0.1389,0.0416,0.11728
"Union, 3,276",U3276__noKD__yolo26n__s42,0.1414,0.0416,0.11917
"Union, 3,276",U3276__noKD__yolo26n__s42,0.1438,0.04083,0.1198
"Union, 3,276",U3276__noKD__yolo26n__s42,0.1463,0.04083,0.1198
"Union, 3,276",U3276__noKD__yolo26n__s42,0.1488,0.04083,0.1198
"Union, 3,276",U3276__noKD__yolo26n__s42,0.1513,0.04083,0.12043
"Union, 3,276",U3276__noKD__yolo26n__s42,0.1538,0.04045,0.12169
"Union, 3,276",U3276__noKD__yolo26n__s42,0.1562,0.03968,0.12169
"Union, 3,276",U3276__noKD__yolo26n__s42,0.1587,0.03929,0.12169
"Union, 3,276",U3276__noKD__yolo26n__s42,0.1612,0.03852,0.12169
"Union, 3,276",U3276__noKD__yolo26n__s42,0.1637,0.03814,0.12169
"Union, 3,276",U3276__noKD__yolo26n__s42,0.1662,0.03775,0.12232
"Union, 3,276",U3276__noKD__yolo26n__s42,0.1686,0.03775,0.12295
"Union, 3,276",U3276__noKD__yolo26n__s42,0.1711,0.03775,0.12295
"Union, 3,276",U3276__noKD__yolo26n__s42,0.1736,0.03698,0.12295
"Union, 3,276",U3276__noKD__yolo26n__s42,0.1761,0.03698,0.12295
"Union, 3,276",U3276__noKD__yolo26n__s42,0.1786,0.03659,0.12295
"Union, 3,276",U3276__noKD__yolo26n__s42,0.181,0.03621,0.12358
"Union, 3,276",U3276__noKD__yolo26n__s42,0.1835,0.03582,0.12358
"Union, 3,276",U3276__noKD__yolo26n__s42,0.186,0.03505,0.12358
"Union, 3,276",U3276__noKD__yolo26n__s42,0.1885,0.03505,0.12421
"Union, 3,276",U3276__noKD__yolo26n__s42,0.1909,0.03428,0.12421
"Union, 3,276",U3276__noKD__yolo26n__s42,0.1934,0.03428,0.12484
"Union, 3,276",U3276__noKD__yolo26n__s42,0.1959,0.03428,0.12484
"Union, 3,276",U3276__noKD__yolo26n__s42,0.1984,0.03428,0.12484
"Union, 3,276",U3276__noKD__yolo26n__s42,0.2009,0.0339,0.12736
"Union, 3,276",U3276__noKD__yolo26n__s42,0.2033,0.03351,0.12799
"Union, 3,276",U3276__noKD__yolo26n__s42,0.2058,0.03313,0.12863
"Union, 3,276",U3276__noKD__yolo26n__s42,0.2083,0.03236,0.12989
"Union, 3,276",U3276__noKD__yolo26n__s42,0.2108,0.03197,0.12989
"Union, 3,276",U3276__noKD__yolo26n__s42,0.2133,0.03197,0.12989
"Union, 3,276",U3276__noKD__yolo26n__s42,0.2157,0.03159,0.13052
"Union, 3,276",U3276__noKD__yolo26n__s42,0.2182,0.03159,0.13052
"Union, 3,276",U3276__noKD__yolo26n__s42,0.2207,0.03159,0.13115
"Union, 3,276",U3276__noKD__yolo26n__s42,0.2232,0.03159,0.13241
"Union, 3,276",U3276__noKD__yolo26n__s42,0.2256,0.0312,0.13304
"Union, 3,276",U3276__noKD__yolo26n__s42,0.2281,0.0312,0.13304
"Union, 3,276",U3276__noKD__yolo26n__s42,0.2306,0.0312,0.13493
"Union, 3,276",U3276__noKD__yolo26n__s42,0.2331,0.03082,0.13493
"Union, 3,276",U3276__noKD__yolo26n__s42,0.2356,0.03043,0.13493
"Union, 3,276",U3276__noKD__yolo26n__s42,0.238,0.03043,0.13619
"Union, 3,276",U3276__noKD__yolo26n__s42,0.2405,0.03043,0.13619
"Union, 3,276",U3276__noKD__yolo26n__s42,0.243,0.03005,0.13619
"Union, 3,276",U3276__noKD__yolo26n__s42,0.2455,0.03005,0.13619
"Union, 3,276",U3276__noKD__yolo26n__s42,0.248,0.03005,0.13619
"Union, 3,276",U3276__noKD__yolo26n__s42,0.2504,0.02966,0.13682
"Union, 3,276",U3276__noKD__yolo26n__s42,0.2529,0.02966,0.13682
"Union, 3,276",U3276__noKD__yolo26n__s42,0.2554,0.02966,0.13682
"Union, 3,276",U3276__noKD__yolo26n__s42,0.2579,0.02966,0.13808
"Union, 3,276",U3276__noKD__yolo26n__s42,0.2603,0.02928,0.13808
"Union, 3,276",U3276__noKD__yolo26n__s42,0.2628,0.02928,0.13871
"Union, 3,276",U3276__noKD__yolo26n__s42,0.2653,0.02928,0.13934
"Union, 3,276",U3276__noKD__yolo26n__s42,0.2678,0.02889,0.13934
"Union, 3,276",U3276__noKD__yolo26n__s42,0.2703,0.02889,0.13934
"Union, 3,276",U3276__noKD__yolo26n__s42,0.2727,0.02889,0.13934
"Union, 3,276",U3276__noKD__yolo26n__s42,0.2752,0.02851,0.13934
"Union, 3,276",U3276__noKD__yolo26n__s42,0.2777,0.02812,0.13934
"Union, 3,276",U3276__noKD__yolo26n__s42,0.2802,0.02773,0.13997
"Union, 3,276",U3276__noKD__yolo26n__s42,0.2827,0.02735,0.13997
"Union, 3,276",U3276__noKD__yolo26n__s42,0.2851,0.02735,0.13997
"Union, 3,276",U3276__noKD__yolo26n__s42,0.2876,0.02735,0.13997
"Union, 3,276",U3276__noKD__yolo26n__s42,0.2901,0.02735,0.14061
"Union, 3,276",U3276__noKD__yolo26n__s42,0.2926,0.02735,0.14061
"Union, 3,276",U3276__noKD__yolo26n__s42,0.2951,0.02735,0.14124
"Union, 3,276",U3276__noKD__yolo26n__s42,0.2975,0.02696,0.14187
"Union, 3,276",U3276__noKD__yolo26n__s42,0.3,0.02658,0.14187
"Union, 3,276",U3276__noKD__yolo26n__s42,0.3025,0.02658,0.14187
"Union, 3,276",U3276__noKD__yolo26n__s42,0.305,0.02658,0.14187
"Union, 3,276",U3276__noKD__yolo26n__s42,0.3074,0.02658,0.14187
"Union, 3,276",U3276__noKD__yolo26n__s42,0.3099,0.02658,0.1425
"Union, 3,276",U3276__noKD__yolo26n__s42,0.3124,0.02542,0.1425
"Union, 3,276",U3276__noKD__yolo26n__s42,0.3149,0.02542,0.14313
"Union, 3,276",U3276__noKD__yolo26n__s42,0.3174,0.02504,0.14313
"Union, 3,276",U3276__noKD__yolo26n__s42,0.3198,0.02504,0.14313
"Union, 3,276",U3276__noKD__yolo26n__s42,0.3223,0.02504,0.14376
"Union, 3,276",U3276__noKD__yolo26n__s42,0.3248,0.02504,0.14376
"Union, 3,276",U3276__noKD__yolo26n__s42,0.3273,0.02504,0.14376
"Union, 3,276",U3276__noKD__yolo26n__s42,0.3298,0.02504,0.14376
"Union, 3,276",U3276__noKD__yolo26n__s42,0.3322,0.02504,0.14376
"Union, 3,276",U3276__noKD__yolo26n__s42,0.3347,0.02465,0.14439
"Union, 3,276",U3276__noKD__yolo26n__s42,0.3372,0.02427,0.14439
"Union, 3,276",U3276__noKD__yolo26n__s42,0.3397,0.02427,0.14565
"Union, 3,276",U3276__noKD__yolo26n__s42,0.3421,0.02427,0.14565
"Union, 3,276",U3276__noKD__yolo26n__s42,0.3446,0.02427,0.14565
"Union, 3,276",U3276__noKD__yolo26n__s42,0.3471,0.02427,0.14565
"Union, 3,276",U3276__noKD__yolo26n__s42,0.3496,0.02427,0.14628
"Union, 3,276",U3276__noKD__yolo26n__s42,0.3521,0.02427,0.14628
"Union, 3,276",U3276__noKD__yolo26n__s42,0.3545,0.02427,0.14628
"Union, 3,276",U3276__noKD__yolo26n__s42,0.357,0.02427,0.14691
"Union, 3,276",U3276__noKD__yolo26n__s42,0.3595,0.02427,0.14691
"Union, 3,276",U3276__noKD__yolo26n__s42,0.362,0.02427,0.14691
"Union, 3,276",U3276__noKD__yolo26n__s42,0.3645,0.02427,0.14691
"Union, 3,276",U3276__noKD__yolo26n__s42,0.3669,0.02427,0.14754
"Union, 3,276",U3276__noKD__yolo26n__s42,0.3694,0.02427,0.14754
"Union, 3,276",U3276__noKD__yolo26n__s42,0.3719,0.02427,0.14754
"Union, 3,276",U3276__noKD__yolo26n__s42,0.3744,0.02427,0.14754
"Union, 3,276",U3276__noKD__yolo26n__s42,0.3768,0.02427,0.14754
"Union, 3,276",U3276__noKD__yolo26n__s42,0.3793,0.02427,0.14817
"Union, 3,276",U3276__noKD__yolo26n__s42,0.3818,0.02427,0.1488
"Union, 3,276",U3276__noKD__yolo26n__s42,0.3843,0.02427,0.1488
"Union, 3,276",U3276__noKD__yolo26n__s42,0.3868,0.02388,0.1488
"Union, 3,276",U3276__noKD__yolo26n__s42,0.3892,0.02388,0.1488
"Union, 3,276",U3276__noKD__yolo26n__s42,0.3917,0.02311,0.1488
"Union, 3,276",U3276__noKD__yolo26n__s42,0.3942,0.02273,0.1488
"Union, 3,276",U3276__noKD__yolo26n__s42,0.3967,0.02234,0.1488
"Union, 3,276",U3276__noKD__yolo26n__s42,0.3992,0.02234,0.15069
"Union, 3,276",U3276__noKD__yolo26n__s42,0.4016,0.02196,0.15069
"Union, 3,276",U3276__noKD__yolo26n__s42,0.4041,0.02119,0.15069
"Union, 3,276",U3276__noKD__yolo26n__s42,0.4066,0.02119,0.15069
"Union, 3,276",U3276__noKD__yolo26n__s42,0.4091,0.02119,0.15069
"Union, 3,276",U3276__noKD__yolo26n__s42,0.4115,0.02119,0.15069
"Union, 3,276",U3276__noKD__yolo26n__s42,0.414,0.02119,0.15195
"Union, 3,276",U3276__noKD__yolo26n__s42,0.4165,0.0208,0.15195
"Union, 3,276",U3276__noKD__yolo26n__s42,0.419,0.0208,0.15259
"Union, 3,276",U3276__noKD__yolo26n__s42,0.4215,0.0208,0.15259
"Union, 3,276",U3276__noKD__yolo26n__s42,0.4239,0.0208,0.15259
"Union, 3,276",U3276__noKD__yolo26n__s42,0.4264,0.0208,0.15385
"Union, 3,276",U3276__noKD__yolo26n__s42,0.4289,0.0208,0.15385
"Union, 3,276",U3276__noKD__yolo26n__s42,0.4314,0.0208,0.15448
"Union, 3,276",U3276__noKD__yolo26n__s42,0.4339,0.0208,0.15637
"Union, 3,276",U3276__noKD__yolo26n__s42,0.4363,0.0208,0.157
"Union, 3,276",U3276__noKD__yolo26n__s42,0.4388,0.02042,0.15763
"Union, 3,276",U3276__noKD__yolo26n__s42,0.4413,0.02042,0.15889
"Union, 3,276",U3276__noKD__yolo26n__s42,0.4438,0.02042,0.15952
"Union, 3,276",U3276__noKD__yolo26n__s42,0.4463,0.02042,0.15952
"Union, 3,276",U3276__noKD__yolo26n__s42,0.4487,0.02042,0.16015
"Union, 3,276",U3276__noKD__yolo26n__s42,0.4512,0.01965,0.16015
"Union, 3,276",U3276__noKD__yolo26n__s42,0.4537,0.01965,0.16141
"Union, 3,276",U3276__noKD__yolo26n__s42,0.4562,0.01965,0.16204
"Union, 3,276",U3276__noKD__yolo26n__s42,0.4586,0.01965,0.16267
"Union, 3,276",U3276__noKD__yolo26n__s42,0.4611,0.01965,0.16267
"Union, 3,276",U3276__noKD__yolo26n__s42,0.4636,0.01965,0.1633
"Union, 3,276",U3276__noKD__yolo26n__s42,0.4661,0.01965,0.16393
"Union, 3,276",U3276__noKD__yolo26n__s42,0.4686,0.01965,0.16393
"Union, 3,276",U3276__noKD__yolo26n__s42,0.471,0.01965,0.16456
"Union, 3,276",U3276__noKD__yolo26n__s42,0.4735,0.01926,0.1652
"Union, 3,276",U3276__noKD__yolo26n__s42,0.476,0.01888,0.1652
"Union, 3,276",U3276__noKD__yolo26n__s42,0.4785,0.01888,0.16583
"Union, 3,276",U3276__noKD__yolo26n__s42,0.481,0.01888,0.16646
"Union, 3,276",U3276__noKD__yolo26n__s42,0.4834,0.01888,0.16646
"Union, 3,276",U3276__noKD__yolo26n__s42,0.4859,0.01888,0.16646
"Union, 3,276",U3276__noKD__yolo26n__s42,0.4884,0.01888,0.16646
"Union, 3,276",U3276__noKD__yolo26n__s42,0.4909,0.01888,0.16646
"Union, 3,276",U3276__noKD__yolo26n__s42,0.4933,0.01888,0.16646
"Union, 3,276",U3276__noKD__yolo26n__s42,0.4958,0.01849,0.16709
"Union, 3,276",U3276__noKD__yolo26n__s42,0.4983,0.01849,0.16709
"Union, 3,276",U3276__noKD__yolo26n__s42,0.5008,0.0181,0.16709
"Union, 3,276",U3276__noKD__yolo26n__s42,0.5033,0.0181,0.16772
"Union, 3,276",U3276__noKD__yolo26n__s42,0.5057,0.0181,0.16835
"Union, 3,276",U3276__noKD__yolo26n__s42,0.5082,0.01772,0.16835
"Union, 3,276",U3276__noKD__yolo26n__s42,0.5107,0.01772,0.16835
"Union, 3,276",U3276__noKD__yolo26n__s42,0.5132,0.01772,0.16961
"Union, 3,276",U3276__noKD__yolo26n__s42,0.5157,0.01772,0.17087
"Union, 3,276",U3276__noKD__yolo26n__s42,0.5181,0.01772,0.17087
"Union, 3,276",U3276__noKD__yolo26n__s42,0.5206,0.01772,0.17087
"Union, 3,276",U3276__noKD__yolo26n__s42,0.5231,0.01772,0.1715
"Union, 3,276",U3276__noKD__yolo26n__s42,0.5256,0.01772,0.1715
"Union, 3,276",U3276__noKD__yolo26n__s42,0.528,0.01772,0.17213
"Union, 3,276",U3276__noKD__yolo26n__s42,0.5305,0.01772,0.17339
"Union, 3,276",U3276__noKD__yolo26n__s42,0.533,0.01772,0.17465
"Union, 3,276",U3276__noKD__yolo26n__s42,0.5355,0.01772,0.17465
"Union, 3,276",U3276__noKD__yolo26n__s42,0.538,0.01733,0.17591
"Union, 3,276",U3276__noKD__yolo26n__s42,0.5404,0.01733,0.17591
"Union, 3,276",U3276__noKD__yolo26n__s42,0.5429,0.01695,0.17654
"Union, 3,276",U3276__noKD__yolo26n__s42,0.5454,0.01695,0.17654
"Union, 3,276",U3276__noKD__yolo26n__s42,0.5479,0.01695,0.17718
"Union, 3,276",U3276__noKD__yolo26n__s42,0.5504,0.01695,0.17844
"Union, 3,276",U3276__noKD__yolo26n__s42,0.5528,0.01656,0.17907
"Union, 3,276",U3276__noKD__yolo26n__s42,0.5553,0.01656,0.1797
"Union, 3,276",U3276__noKD__yolo26n__s42,0.5578,0.01618,0.1797
"Union, 3,276",U3276__noKD__yolo26n__s42,0.5603,0.01618,0.1797
"Union, 3,276",U3276__noKD__yolo26n__s42,0.5627,0.01618,0.1797
"Union, 3,276",U3276__noKD__yolo26n__s42,0.5652,0.01618,0.1797
"Union, 3,276",U3276__noKD__yolo26n__s42,0.5677,0.01618,0.18159
"Union, 3,276",U3276__noKD__yolo26n__s42,0.5702,0.01618,0.18159
"Union, 3,276",U3276__noKD__yolo26n__s42,0.5727,0.01618,0.18348
"Union, 3,276",U3276__noKD__yolo26n__s42,0.5751,0.01618,0.18474
"Union, 3,276",U3276__noKD__yolo26n__s42,0.5776,0.01618,0.18537
"Union, 3,276",U3276__noKD__yolo26n__s42,0.5801,0.01618,0.186
"Union, 3,276",U3276__noKD__yolo26n__s42,0.5826,0.01618,0.18726
"Union, 3,276",U3276__noKD__yolo26n__s42,0.5851,0.01618,0.18789
"Union, 3,276",U3276__noKD__yolo26n__s42,0.5875,0.01541,0.18789
"Union, 3,276",U3276__noKD__yolo26n__s42,0.59,0.01541,0.18916
"Union, 3,276",U3276__noKD__yolo26n__s42,0.5925,0.01541,0.18916
"Union, 3,276",U3276__noKD__yolo26n__s42,0.595,0.01541,0.18916
"Union, 3,276",U3276__noKD__yolo26n__s42,0.5975,0.01541,0.18979
"Union, 3,276",U3276__noKD__yolo26n__s42,0.5999,0.01541,0.18979
"Union, 3,276",U3276__noKD__yolo26n__s42,0.6024,0.01541,0.19042
"Union, 3,276",U3276__noKD__yolo26n__s42,0.6049,0.01541,0.19168
"Union, 3,276",U3276__noKD__yolo26n__s42,0.6074,0.01541,0.19294
"Union, 3,276",U3276__noKD__yolo26n__s42,0.6098,0.01541,0.19483
"Union, 3,276",U3276__noKD__yolo26n__s42,0.6123,0.01541,0.19609
"Union, 3,276",U3276__noKD__yolo26n__s42,0.6148,0.01541,0.19609
"Union, 3,276",U3276__noKD__yolo26n__s42,0.6173,0.01541,0.19609
"Union, 3,276",U3276__noKD__yolo26n__s42,0.6198,0.01541,0.19672
"Union, 3,276",U3276__noKD__yolo26n__s42,0.6222,0.01541,0.19735
"Union, 3,276",U3276__noKD__yolo26n__s42,0.6247,0.01541,0.19861
"Union, 3,276",U3276__noKD__yolo26n__s42,0.6272,0.01541,0.19987
"Union, 3,276",U3276__noKD__yolo26n__s42,0.6297,0.01541,0.2024
"Union, 3,276",U3276__noKD__yolo26n__s42,0.6322,0.01541,0.20366
"Union, 3,276",U3276__noKD__yolo26n__s42,0.6346,0.01541,0.20429
"Union, 3,276",U3276__noKD__yolo26n__s42,0.6371,0.01541,0.20618
"Union, 3,276",U3276__noKD__yolo26n__s42,0.6396,0.01541,0.20618
"Union, 3,276",U3276__noKD__yolo26n__s42,0.6421,0.01502,0.20681
"Union, 3,276",U3276__noKD__yolo26n__s42,0.6445,0.01502,0.20681
"Union, 3,276",U3276__noKD__yolo26n__s42,0.647,0.01502,0.20681
"Union, 3,276",U3276__noKD__yolo26n__s42,0.6495,0.01502,0.20807
"Union, 3,276",U3276__noKD__yolo26n__s42,0.652,0.01502,0.2087
"Union, 3,276",U3276__noKD__yolo26n__s42,0.6545,0.01464,0.21122
"Union, 3,276",U3276__noKD__yolo26n__s42,0.6569,0.01464,0.21248
"Union, 3,276",U3276__noKD__yolo26n__s42,0.6594,0.01464,0.21375
"Union, 3,276",U3276__noKD__yolo26n__s42,0.6619,0.01425,0.21501
"Union, 3,276",U3276__noKD__yolo26n__s42,0.6644,0.0131,0.21753
"Union, 3,276",U3276__noKD__yolo26n__s42,0.6669,0.0131,0.21816
"Union, 3,276",U3276__noKD__yolo26n__s42,0.6693,0.0131,0.22005
"Union, 3,276",U3276__noKD__yolo26n__s42,0.6718,0.0131,0.22257
"Union, 3,276",U3276__noKD__yolo26n__s42,0.6743,0.0131,0.22383
"Union, 3,276",U3276__noKD__yolo26n__s42,0.6768,0.0131,0.22446
"Union, 3,276",U3276__noKD__yolo26n__s42,0.6792,0.0131,0.22762
"Union, 3,276",U3276__noKD__yolo26n__s42,0.6817,0.0131,0.22888
"Union, 3,276",U3276__noKD__yolo26n__s42,0.6842,0.0131,0.23014
"Union, 3,276",U3276__noKD__yolo26n__s42,0.6867,0.0131,0.23266
"Union, 3,276",U3276__noKD__yolo26n__s42,0.6892,0.01271,0.23455
"Union, 3,276",U3276__noKD__yolo26n__s42,0.6916,0.01271,0.23518
"Union, 3,276",U3276__noKD__yolo26n__s42,0.6941,0.01271,0.23644
"Union, 3,276",U3276__noKD__yolo26n__s42,0.6966,0.01271,0.23707
"Union, 3,276",U3276__noKD__yolo26n__s42,0.6991,0.01271,0.23834
"Union, 3,276",U3276__noKD__yolo26n__s42,0.7016,0.01233,0.2396
"Union, 3,276",U3276__noKD__yolo26n__s42,0.704,0.01194,0.24086
"Union, 3,276",U3276__noKD__yolo26n__s42,0.7065,0.01194,0.24212
"Union, 3,276",U3276__noKD__yolo26n__s42,0.709,0.01194,0.24527
"Union, 3,276",U3276__noKD__yolo26n__s42,0.7115,0.01194,0.24653
"Union, 3,276",U3276__noKD__yolo26n__s42,0.7139,0.01194,0.24716
"Union, 3,276",U3276__noKD__yolo26n__s42,0.7164,0.01194,0.25095
"Union, 3,276",U3276__noKD__yolo26n__s42,0.7189,0.01194,0.25221
"Union, 3,276",U3276__noKD__yolo26n__s42,0.7214,0.01194,0.25347
"Union, 3,276",U3276__noKD__yolo26n__s42,0.7239,0.01194,0.25473
"Union, 3,276",U3276__noKD__yolo26n__s42,0.7263,0.01194,0.25536
"Union, 3,276",U3276__noKD__yolo26n__s42,0.7288,0.01194,0.25662
"Union, 3,276",U3276__noKD__yolo26n__s42,0.7313,0.01194,0.25914
"Union, 3,276",U3276__noKD__yolo26n__s42,0.7338,0.01194,0.2604
"Union, 3,276",U3276__noKD__yolo26n__s42,0.7363,0.01194,0.26103
"Union, 3,276",U3276__noKD__yolo26n__s42,0.7387,0.01194,0.26482
"Union, 3,276",U3276__noKD__yolo26n__s42,0.7412,0.01194,0.26671
"Union, 3,276",U3276__noKD__yolo26n__s42,0.7437,0.01156,0.26923
"Union, 3,276",U3276__noKD__yolo26n__s42,0.7462,0.01156,0.27049
"Union, 3,276",U3276__noKD__yolo26n__s42,0.7487,0.01156,0.27301
"Union, 3,276",U3276__noKD__yolo26n__s42,0.7511,0.01156,0.27743
"Union, 3,276",U3276__noKD__yolo26n__s42,0.7536,0.01156,0.27806
"Union, 3,276",U3276__noKD__yolo26n__s42,0.7561,0.01156,0.27932
"Union, 3,276",U3276__noKD__yolo26n__s42,0.7586,0.01156,0.28184
"Union, 3,276",U3276__noKD__yolo26n__s42,0.761,0.01117,0.28562
"Union, 3,276",U3276__noKD__yolo26n__s42,0.7635,0.01079,0.28815
"Union, 3,276",U3276__noKD__yolo26n__s42,0.766,0.01002,0.28941
"Union, 3,276",U3276__noKD__yolo26n__s42,0.7685,0.00963,0.29004
"Union, 3,276",U3276__noKD__yolo26n__s42,0.771,0.00963,0.29256
"Union, 3,276",U3276__noKD__yolo26n__s42,0.7734,0.00924,0.29445
"Union, 3,276",U3276__noKD__yolo26n__s42,0.7759,0.00924,0.29823
"Union, 3,276",U3276__noKD__yolo26n__s42,0.7784,0.00924,0.30202
"Union, 3,276",U3276__noKD__yolo26n__s42,0.7809,0.00924,0.30454
"Union, 3,276",U3276__noKD__yolo26n__s42,0.7834,0.00924,0.3058
"Union, 3,276",U3276__noKD__yolo26n__s42,0.7858,0.00886,0.30706
"Union, 3,276",U3276__noKD__yolo26n__s42,0.7883,0.00886,0.31084
"Union, 3,276",U3276__noKD__yolo26n__s42,0.7908,0.00886,0.314
"Union, 3,276",U3276__noKD__yolo26n__s42,0.7933,0.00886,0.31904
"Union, 3,276",U3276__noKD__yolo26n__s42,0.7957,0.00886,0.32409
"Union, 3,276",U3276__noKD__yolo26n__s42,0.7982,0.00886,0.3285
"Union, 3,276",U3276__noKD__yolo26n__s42,0.8007,0.00886,0.33544
"Union, 3,276",U3276__noKD__yolo26n__s42,0.8032,0.00886,0.3367
"Union, 3,276",U3276__noKD__yolo26n__s42,0.8057,0.00886,0.33796
"Union, 3,276",U3276__noKD__yolo26n__s42,0.8081,0.00886,0.34426
"Union, 3,276",U3276__noKD__yolo26n__s42,0.8106,0.00847,0.34678
"Union, 3,276",U3276__noKD__yolo26n__s42,0.8131,0.00809,0.35435
"Union, 3,276",U3276__noKD__yolo26n__s42,0.8156,0.00809,0.36192
"Union, 3,276",U3276__noKD__yolo26n__s42,0.8181,0.00809,0.3657
"Union, 3,276",U3276__noKD__yolo26n__s42,0.8205,0.00809,0.37201
"Union, 3,276",U3276__noKD__yolo26n__s42,0.823,0.0077,0.37894
"Union, 3,276",U3276__noKD__yolo26n__s42,0.8255,0.0077,0.38272
"Union, 3,276",U3276__noKD__yolo26n__s42,0.828,0.00693,0.39029
"Union, 3,276",U3276__noKD__yolo26n__s42,0.8304,0.00693,0.39533
"Union, 3,276",U3276__noKD__yolo26n__s42,0.8329,0.00655,0.40038
"Union, 3,276",U3276__noKD__yolo26n__s42,0.8354,0.00501,0.40858
"Union, 3,276",U3276__noKD__yolo26n__s42,0.8379,0.00462,0.41992
"Union, 3,276",U3276__noKD__yolo26n__s42,0.8404,0.00385,0.42875
"Union, 3,276",U3276__noKD__yolo26n__s42,0.8428,0.0027,0.43506
"Union, 3,276",U3276__noKD__yolo26n__s42,0.8453,0.00231,0.44073
"Union, 3,276",U3276__noKD__yolo26n__s42,0.8478,0.00077,0.4483
"Union, 3,276",U3276__noKD__yolo26n__s42,0.8503,0.00077,0.45334
"Union, 3,276",U3276__noKD__yolo26n__s42,0.8528,0.00077,0.46028
"Union, 3,276",U3276__noKD__yolo26n__s42,0.8552,0.00077,0.46469
"Union, 3,276",U3276__noKD__yolo26n__s42,0.8577,0.00077,0.47478
"Union, 3,276",U3276__noKD__yolo26n__s42,0.8602,0.00077,0.47982
"Union, 3,276",U3276__noKD__yolo26n__s42,0.8627,0.00077,0.48802
"Union, 3,276",U3276__noKD__yolo26n__s42,0.8652,0.00077,0.49622
"Union, 3,276",U3276__noKD__yolo26n__s42,0.8676,0.00077,0.50631
"Union, 3,276",U3276__noKD__yolo26n__s42,0.8701,0.00077,0.51639
"Union, 3,276",U3276__noKD__yolo26n__s42,0.8726,0.00077,0.52459
"Union, 3,276",U3276__noKD__yolo26n__s42,0.8751,0.00077,0.53846
"Union, 3,276",U3276__noKD__yolo26n__s42,0.8775,0.00077,0.54603
"Union, 3,276",U3276__noKD__yolo26n__s42,0.88,0.00077,0.55359
"Union, 3,276",U3276__noKD__yolo26n__s42,0.8825,0.00077,0.56431
"Union, 3,276",U3276__noKD__yolo26n__s42,0.885,0.00077,0.57945
"Union, 3,276",U3276__noKD__yolo26n__s42,0.8875,0.00077,0.59458
"Union, 3,276",U3276__noKD__yolo26n__s42,0.8899,0.00077,0.6116
"Union, 3,276",U3276__noKD__yolo26n__s42,0.8924,0.00077,0.62358
"Union, 3,276",U3276__noKD__yolo26n__s42,0.8949,0.00077,0.63745
"Union, 3,276",U3276__noKD__yolo26n__s42,0.8974,0.00077,0.65259
"Union, 3,276",U3276__noKD__yolo26n__s42,0.8999,0.00077,0.6633
"Union, 3,276",U3276__noKD__yolo26n__s42,0.9023,0.00077,0.67528
"Union, 3,276",U3276__noKD__yolo26n__s42,0.9048,0.00077,0.68852
"Union, 3,276",U3276__noKD__yolo26n__s42,0.9073,0.00077,0.69924
"Union, 3,276",U3276__noKD__yolo26n__s42,0.9098,0.00077,0.7087
"Union, 3,276",U3276__noKD__yolo26n__s42,0.9122,0.00039,0.72131
"Union, 3,276",U3276__noKD__yolo26n__s42,0.9147,0.00039,0.73644
"Union, 3,276",U3276__noKD__yolo26n__s42,0.9172,0.0,0.75347
"Union, 3,276",U3276__noKD__yolo26n__s42,0.9197,0.0,0.76923
"Union, 3,276",U3276__noKD__yolo26n__s42,0.9222,0.0,0.78689
"Union, 3,276",U3276__noKD__yolo26n__s42,0.9246,0.0,0.79571
"Union, 3,276",U3276__noKD__yolo26n__s42,0.9271,0.0,0.81084
"Union, 3,276",U3276__noKD__yolo26n__s42,0.9296,0.0,0.82535
"Union, 3,276",U3276__noKD__yolo26n__s42,0.9321,0.0,0.83985
"Union, 3,276",U3276__noKD__yolo26n__s42,0.9346,0.0,0.85939
"Union, 3,276",U3276__noKD__yolo26n__s42,0.937,0.0,0.8802
"Union, 3,276",U3276__noKD__yolo26n__s42,0.9395,0.0,0.89596
"Union, 3,276",U3276__noKD__yolo26n__s42,0.942,0.0,0.91551
"Union, 3,276",U3276__noKD__yolo26n__s42,0.9445,0.0,0.92812
"Union, 3,276",U3276__noKD__yolo26n__s42,0.9469,0.0,0.94073
"Union, 3,276",U3276__noKD__yolo26n__s42,0.9494,0.0,0.95649
"Union, 3,276",U3276__noKD__yolo26n__s42,0.9519,0.0,0.96595
"Union, 3,276",U3276__noKD__yolo26n__s42,0.9544,0.0,0.98108
"Union, 3,276",U3276__noKD__yolo26n__s42,0.9569,0.0,0.98865
"Union, 3,276",U3276__noKD__yolo26n__s42,0.9593,0.0,0.9918
"Union, 3,276",U3276__noKD__yolo26n__s42,0.9618,0.0,0.99496
"Union, 3,276",U3276__noKD__yolo26n__s42,0.9643,0.0,0.99748
"Union, 3,276",U3276__noKD__yolo26n__s42,0.9668,0.0,1.0
"Union, 3,276",U3276__noKD__yolo26n__s42,0.9693,0.0,1.0
"Union, 3,276",U3276__noKD__yolo26n__s42,0.9717,0.0,1.0
"Union, 3,276",U3276__noKD__yolo26n__s42,0.9742,0.0,1.0
"Union, 3,276",U3276__noKD__yolo26n__s42,0.9767,0.0,1.0
"Union, 3,276",U3276__noKD__yolo26n__s42,0.9792,0.0,1.0
"Union, 3,276",U3276__noKD__yolo26n__s42,0.9816,0.0,1.0
"Union, 3,276",U3276__noKD__yolo26n__s42,0.9841,0.0,1.0
"Union, 3,276",U3276__noKD__yolo26n__s42,0.9866,0.0,1.0
"Union, 3,276",U3276__noKD__yolo26n__s42,0.9891,0.0,1.0
"Union, 3,276",U3276__noKD__yolo26n__s42,0.9916,0.0,1.0
"Union, 3,276",U3276__noKD__yolo26n__s42,0.994,0.0,1.0
"Union, 3,276",U3276__noKD__yolo26n__s42,0.9965,0.0,1.0
"Union, 3,276",U3276__noKD__yolo26n__s42,0.999,0.0,1.0
"Union, 3,276 + KD",U3276__KD__yolo26n__s42,0.01,0.4819,0.05549
"Union, 3,276 + KD",U3276__KD__yolo26n__s42,0.0125,0.41911,0.05612
"Union, 3,276 + KD",U3276__KD__yolo26n__s42,0.015,0.37481,0.05864
"Union, 3,276 + KD",U3276__KD__yolo26n__s42,0.0174,0.33975,0.05927
"Union, 3,276 + KD",U3276__KD__yolo26n__s42,0.0199,0.3151,0.06242
"Union, 3,276 + KD",U3276__KD__yolo26n__s42,0.0224,0.2943,0.06494
"Union, 3,276 + KD",U3276__KD__yolo26n__s42,0.0249,0.27234,0.06494
"Union, 3,276 + KD",U3276__KD__yolo26n__s42,0.0274,0.25616,0.06494
"Union, 3,276 + KD",U3276__KD__yolo26n__s42,0.0298,0.24153,0.06557
"Union, 3,276 + KD",U3276__KD__yolo26n__s42,0.0323,0.22804,0.06747
"Union, 3,276 + KD",U3276__KD__yolo26n__s42,0.0348,0.21456,0.06936
"Union, 3,276 + KD",U3276__KD__yolo26n__s42,0.0373,0.20801,0.07188
"Union, 3,276 + KD",U3276__KD__yolo26n__s42,0.0397,0.198,0.07251
"Union, 3,276 + KD",U3276__KD__yolo26n__s42,0.0422,0.1876,0.07314
"Union, 3,276 + KD",U3276__KD__yolo26n__s42,0.0447,0.18105,0.07377
"Union, 3,276 + KD",U3276__KD__yolo26n__s42,0.0472,0.17565,0.07566
"Union, 3,276 + KD",U3276__KD__yolo26n__s42,0.0497,0.17219,0.07692
"Union, 3,276 + KD",U3276__KD__yolo26n__s42,0.0521,0.16872,0.07945
"Union, 3,276 + KD",U3276__KD__yolo26n__s42,0.0546,0.16371,0.08008
"Union, 3,276 + KD",U3276__KD__yolo26n__s42,0.0571,0.16025,0.08134
"Union, 3,276 + KD",U3276__KD__yolo26n__s42,0.0596,0.15601,0.08134
"Union, 3,276 + KD",U3276__KD__yolo26n__s42,0.0621,0.14985,0.08323
"Union, 3,276 + KD",U3276__KD__yolo26n__s42,0.0645,0.14638,0.08323
"Union, 3,276 + KD",U3276__KD__yolo26n__s42,0.067,0.14253,0.08449
"Union, 3,276 + KD",U3276__KD__yolo26n__s42,0.0695,0.13983,0.08512
"Union, 3,276 + KD",U3276__KD__yolo26n__s42,0.072,0.13598,0.08512
"Union, 3,276 + KD",U3276__KD__yolo26n__s42,0.0744,0.13405,0.08701
"Union, 3,276 + KD",U3276__KD__yolo26n__s42,0.0769,0.13059,0.08701
"Union, 3,276 + KD",U3276__KD__yolo26n__s42,0.0794,0.12943,0.0889
"Union, 3,276 + KD",U3276__KD__yolo26n__s42,0.0819,0.12712,0.08953
"Union, 3,276 + KD",U3276__KD__yolo26n__s42,0.0844,0.12404,0.09016
"Union, 3,276 + KD",U3276__KD__yolo26n__s42,0.0868,0.12134,0.09142
"Union, 3,276 + KD",U3276__KD__yolo26n__s42,0.0893,0.11941,0.09142
"Union, 3,276 + KD",U3276__KD__yolo26n__s42,0.0918,0.11826,0.09206
"Union, 3,276 + KD",U3276__KD__yolo26n__s42,0.0943,0.11441,0.09269
"Union, 3,276 + KD",U3276__KD__yolo26n__s42,0.0968,0.11402,0.09269
"Union, 3,276 + KD",U3276__KD__yolo26n__s42,0.0992,0.11248,0.09269
"Union, 3,276 + KD",U3276__KD__yolo26n__s42,0.1017,0.11133,0.09332
"Union, 3,276 + KD",U3276__KD__yolo26n__s42,0.1042,0.1094,0.09395
"Union, 3,276 + KD",U3276__KD__yolo26n__s42,0.1067,0.10747,0.09458
"Union, 3,276 + KD",U3276__KD__yolo26n__s42,0.1091,0.10439,0.09458
"Union, 3,276 + KD",U3276__KD__yolo26n__s42,0.1116,0.10401,0.09458
"Union, 3,276 + KD",U3276__KD__yolo26n__s42,0.1141,0.10285,0.09458
"Union, 3,276 + KD",U3276__KD__yolo26n__s42,0.1166,0.10015,0.09458
"Union, 3,276 + KD",U3276__KD__yolo26n__s42,0.1191,0.09784,0.09584
"Union, 3,276 + KD",U3276__KD__yolo26n__s42,0.1215,0.09746,0.09647
"Union, 3,276 + KD",U3276__KD__yolo26n__s42,0.124,0.09515,0.09773
"Union, 3,276 + KD",U3276__KD__yolo26n__s42,0.1265,0.09399,0.09836
"Union, 3,276 + KD",U3276__KD__yolo26n__s42,0.129,0.09245,0.09836
"Union, 3,276 + KD",U3276__KD__yolo26n__s42,0.1315,0.09052,0.09836
"Union, 3,276 + KD",U3276__KD__yolo26n__s42,0.1339,0.0886,0.09836
"Union, 3,276 + KD",U3276__KD__yolo26n__s42,0.1364,0.08744,0.09899
"Union, 3,276 + KD",U3276__KD__yolo26n__s42,0.1389,0.08706,0.09962
"Union, 3,276 + KD",U3276__KD__yolo26n__s42,0.1414,0.0859,0.10025
"Union, 3,276 + KD",U3276__KD__yolo26n__s42,0.1438,0.08552,0.10151
"Union, 3,276 + KD",U3276__KD__yolo26n__s42,0.1463,0.08475,0.10214
"Union, 3,276 + KD",U3276__KD__yolo26n__s42,0.1488,0.08359,0.10214
"Union, 3,276 + KD",U3276__KD__yolo26n__s42,0.1513,0.08243,0.10404
"Union, 3,276 + KD",U3276__KD__yolo26n__s42,0.1538,0.08166,0.10404
"Union, 3,276 + KD",U3276__KD__yolo26n__s42,0.1562,0.08166,0.10467
"Union, 3,276 + KD",U3276__KD__yolo26n__s42,0.1587,0.08012,0.10467
"Union, 3,276 + KD",U3276__KD__yolo26n__s42,0.1612,0.08012,0.1053
"Union, 3,276 + KD",U3276__KD__yolo26n__s42,0.1637,0.07974,0.10656
"Union, 3,276 + KD",U3276__KD__yolo26n__s42,0.1662,0.07781,0.10656
"Union, 3,276 + KD",U3276__KD__yolo26n__s42,0.1686,0.07781,0.10971
"Union, 3,276 + KD",U3276__KD__yolo26n__s42,0.1711,0.07704,0.11034
"Union, 3,276 + KD",U3276__KD__yolo26n__s42,0.1736,0.07627,0.11034
"Union, 3,276 + KD",U3276__KD__yolo26n__s42,0.1761,0.07473,0.11097
"Union, 3,276 + KD",U3276__KD__yolo26n__s42,0.1786,0.07357,0.11097
"Union, 3,276 + KD",U3276__KD__yolo26n__s42,0.181,0.0728,0.11097
"Union, 3,276 + KD",U3276__KD__yolo26n__s42,0.1835,0.07165,0.11286
"Union, 3,276 + KD",U3276__KD__yolo26n__s42,0.186,0.07165,0.11286
"Union, 3,276 + KD",U3276__KD__yolo26n__s42,0.1885,0.07165,0.11349
"Union, 3,276 + KD",U3276__KD__yolo26n__s42,0.1909,0.07126,0.11349
"Union, 3,276 + KD",U3276__KD__yolo26n__s42,0.1934,0.07011,0.11349
"Union, 3,276 + KD",U3276__KD__yolo26n__s42,0.1959,0.06895,0.11349
"Union, 3,276 + KD",U3276__KD__yolo26n__s42,0.1984,0.06818,0.11349
"Union, 3,276 + KD",U3276__KD__yolo26n__s42,0.2009,0.06703,0.11412
"Union, 3,276 + KD",U3276__KD__yolo26n__s42,0.2033,0.06626,0.11412
"Union, 3,276 + KD",U3276__KD__yolo26n__s42,0.2058,0.06587,0.11602
"Union, 3,276 + KD",U3276__KD__yolo26n__s42,0.2083,0.06587,0.11665
"Union, 3,276 + KD",U3276__KD__yolo26n__s42,0.2108,0.06549,0.11791
"Union, 3,276 + KD",U3276__KD__yolo26n__s42,0.2133,0.0651,0.11854
"Union, 3,276 + KD",U3276__KD__yolo26n__s42,0.2157,0.06433,0.1198
"Union, 3,276 + KD",U3276__KD__yolo26n__s42,0.2182,0.06394,0.1198
"Union, 3,276 + KD",U3276__KD__yolo26n__s42,0.2207,0.06279,0.12043
"Union, 3,276 + KD",U3276__KD__yolo26n__s42,0.2232,0.06125,0.12106
"Union, 3,276 + KD",U3276__KD__yolo26n__s42,0.2256,0.06086,0.12106
"Union, 3,276 + KD",U3276__KD__yolo26n__s42,0.2281,0.06048,0.12232
"Union, 3,276 + KD",U3276__KD__yolo26n__s42,0.2306,0.05971,0.12232
"Union, 3,276 + KD",U3276__KD__yolo26n__s42,0.2331,0.05932,0.12232
"Union, 3,276 + KD",U3276__KD__yolo26n__s42,0.2356,0.05778,0.12421
"Union, 3,276 + KD",U3276__KD__yolo26n__s42,0.238,0.05778,0.12547
"Union, 3,276 + KD",U3276__KD__yolo26n__s42,0.2405,0.0574,0.1261
"Union, 3,276 + KD",U3276__KD__yolo26n__s42,0.243,0.05663,0.12673
"Union, 3,276 + KD",U3276__KD__yolo26n__s42,0.2455,0.05663,0.12673
"Union, 3,276 + KD",U3276__KD__yolo26n__s42,0.248,0.05624,0.12736
"Union, 3,276 + KD",U3276__KD__yolo26n__s42,0.2504,0.05586,0.12736
"Union, 3,276 + KD",U3276__KD__yolo26n__s42,0.2529,0.05586,0.12736
"Union, 3,276 + KD",U3276__KD__yolo26n__s42,0.2554,0.0547,0.12799
"Union, 3,276 + KD",U3276__KD__yolo26n__s42,0.2579,0.05431,0.12799
"Union, 3,276 + KD",U3276__KD__yolo26n__s42,0.2603,0.05316,0.12799
"Union, 3,276 + KD",U3276__KD__yolo26n__s42,0.2628,0.052,0.12863
"Union, 3,276 + KD",U3276__KD__yolo26n__s42,0.2653,0.05123,0.12863
"Union, 3,276 + KD",U3276__KD__yolo26n__s42,0.2678,0.05046,0.12926
"Union, 3,276 + KD",U3276__KD__yolo26n__s42,0.2703,0.05008,0.12926
"Union, 3,276 + KD",U3276__KD__yolo26n__s42,0.2727,0.05008,0.12989
"Union, 3,276 + KD",U3276__KD__yolo26n__s42,0.2752,0.04969,0.13115
"Union, 3,276 + KD",U3276__KD__yolo26n__s42,0.2777,0.04854,0.13241
"Union, 3,276 + KD",U3276__KD__yolo26n__s42,0.2802,0.04854,0.1343
"Union, 3,276 + KD",U3276__KD__yolo26n__s42,0.2827,0.04738,0.1343
"Union, 3,276 + KD",U3276__KD__yolo26n__s42,0.2851,0.04738,0.13493
"Union, 3,276 + KD",U3276__KD__yolo26n__s42,0.2876,0.04738,0.13493
"Union, 3,276 + KD",U3276__KD__yolo26n__s42,0.2901,0.04738,0.13493
"Union, 3,276 + KD",U3276__KD__yolo26n__s42,0.2926,0.047,0.13682
"Union, 3,276 + KD",U3276__KD__yolo26n__s42,0.2951,0.04661,0.13808
"Union, 3,276 + KD",U3276__KD__yolo26n__s42,0.2975,0.04661,0.13871
"Union, 3,276 + KD",U3276__KD__yolo26n__s42,0.3,0.04622,0.13934
"Union, 3,276 + KD",U3276__KD__yolo26n__s42,0.3025,0.04584,0.14061
"Union, 3,276 + KD",U3276__KD__yolo26n__s42,0.305,0.04584,0.14124
"Union, 3,276 + KD",U3276__KD__yolo26n__s42,0.3074,0.04584,0.14124
"Union, 3,276 + KD",U3276__KD__yolo26n__s42,0.3099,0.04584,0.14187
"Union, 3,276 + KD",U3276__KD__yolo26n__s42,0.3124,0.04507,0.1425
"Union, 3,276 + KD",U3276__KD__yolo26n__s42,0.3149,0.04507,0.14313
"Union, 3,276 + KD",U3276__KD__yolo26n__s42,0.3174,0.0443,0.14376
"Union, 3,276 + KD",U3276__KD__yolo26n__s42,0.3198,0.04391,0.14502
"Union, 3,276 + KD",U3276__KD__yolo26n__s42,0.3223,0.04314,0.14565
"Union, 3,276 + KD",U3276__KD__yolo26n__s42,0.3248,0.04276,0.14817
"Union, 3,276 + KD",U3276__KD__yolo26n__s42,0.3273,0.04276,0.1488
"Union, 3,276 + KD",U3276__KD__yolo26n__s42,0.3298,0.04237,0.14943
"Union, 3,276 + KD",U3276__KD__yolo26n__s42,0.3322,0.04237,0.14943
"Union, 3,276 + KD",U3276__KD__yolo26n__s42,0.3347,0.04199,0.15006
"Union, 3,276 + KD",U3276__KD__yolo26n__s42,0.3372,0.0416,0.15132
"Union, 3,276 + KD",U3276__KD__yolo26n__s42,0.3397,0.0416,0.15259
"Union, 3,276 + KD",U3276__KD__yolo26n__s42,0.3421,0.0416,0.15259
"Union, 3,276 + KD",U3276__KD__yolo26n__s42,0.3446,0.04122,0.15385
"Union, 3,276 + KD",U3276__KD__yolo26n__s42,0.3471,0.04122,0.15637
"Union, 3,276 + KD",U3276__KD__yolo26n__s42,0.3496,0.04083,0.15637
"Union, 3,276 + KD",U3276__KD__yolo26n__s42,0.3521,0.04083,0.157
"Union, 3,276 + KD",U3276__KD__yolo26n__s42,0.3545,0.04045,0.157
"Union, 3,276 + KD",U3276__KD__yolo26n__s42,0.357,0.04045,0.15763
"Union, 3,276 + KD",U3276__KD__yolo26n__s42,0.3595,0.04045,0.15763
"Union, 3,276 + KD",U3276__KD__yolo26n__s42,0.362,0.03929,0.15826
"Union, 3,276 + KD",U3276__KD__yolo26n__s42,0.3645,0.03814,0.15952
"Union, 3,276 + KD",U3276__KD__yolo26n__s42,0.3669,0.03775,0.15952
"Union, 3,276 + KD",U3276__KD__yolo26n__s42,0.3694,0.03698,0.16015
"Union, 3,276 + KD",U3276__KD__yolo26n__s42,0.3719,0.03698,0.16015
"Union, 3,276 + KD",U3276__KD__yolo26n__s42,0.3744,0.03698,0.16078
"Union, 3,276 + KD",U3276__KD__yolo26n__s42,0.3768,0.03659,0.16204
"Union, 3,276 + KD",U3276__KD__yolo26n__s42,0.3793,0.03621,0.16204
"Union, 3,276 + KD",U3276__KD__yolo26n__s42,0.3818,0.03621,0.16204
"Union, 3,276 + KD",U3276__KD__yolo26n__s42,0.3843,0.03621,0.16267
"Union, 3,276 + KD",U3276__KD__yolo26n__s42,0.3868,0.03621,0.16267
"Union, 3,276 + KD",U3276__KD__yolo26n__s42,0.3892,0.03582,0.1633
"Union, 3,276 + KD",U3276__KD__yolo26n__s42,0.3917,0.03544,0.16393
"Union, 3,276 + KD",U3276__KD__yolo26n__s42,0.3942,0.03544,0.16456
"Union, 3,276 + KD",U3276__KD__yolo26n__s42,0.3967,0.03544,0.16583
"Union, 3,276 + KD",U3276__KD__yolo26n__s42,0.3992,0.03544,0.16583
"Union, 3,276 + KD",U3276__KD__yolo26n__s42,0.4016,0.03544,0.16583
"Union, 3,276 + KD",U3276__KD__yolo26n__s42,0.4041,0.03505,0.16772
"Union, 3,276 + KD",U3276__KD__yolo26n__s42,0.4066,0.03467,0.16835
"Union, 3,276 + KD",U3276__KD__yolo26n__s42,0.4091,0.03467,0.16835
"Union, 3,276 + KD",U3276__KD__yolo26n__s42,0.4115,0.03467,0.16835
"Union, 3,276 + KD",U3276__KD__yolo26n__s42,0.414,0.03467,0.16835
"Union, 3,276 + KD",U3276__KD__yolo26n__s42,0.4165,0.03467,0.16835
"Union, 3,276 + KD",U3276__KD__yolo26n__s42,0.419,0.03428,0.16898
"Union, 3,276 + KD",U3276__KD__yolo26n__s42,0.4215,0.0339,0.16898
"Union, 3,276 + KD",U3276__KD__yolo26n__s42,0.4239,0.0339,0.16898
"Union, 3,276 + KD",U3276__KD__yolo26n__s42,0.4264,0.0339,0.16898
"Union, 3,276 + KD",U3276__KD__yolo26n__s42,0.4289,0.03351,0.16961
"Union, 3,276 + KD",U3276__KD__yolo26n__s42,0.4314,0.03313,0.17024
"Union, 3,276 + KD",U3276__KD__yolo26n__s42,0.4339,0.03313,0.17087
"Union, 3,276 + KD",U3276__KD__yolo26n__s42,0.4363,0.03313,0.17087
"Union, 3,276 + KD",U3276__KD__yolo26n__s42,0.4388,0.03313,0.1715
"Union, 3,276 + KD",U3276__KD__yolo26n__s42,0.4413,0.03313,0.17276
"Union, 3,276 + KD",U3276__KD__yolo26n__s42,0.4438,0.03313,0.17528
"Union, 3,276 + KD",U3276__KD__yolo26n__s42,0.4463,0.03313,0.17528
"Union, 3,276 + KD",U3276__KD__yolo26n__s42,0.4487,0.03274,0.17654
"Union, 3,276 + KD",U3276__KD__yolo26n__s42,0.4512,0.03274,0.17654
"Union, 3,276 + KD",U3276__KD__yolo26n__s42,0.4537,0.03274,0.17654
"Union, 3,276 + KD",U3276__KD__yolo26n__s42,0.4562,0.03274,0.17781
"Union, 3,276 + KD",U3276__KD__yolo26n__s42,0.4586,0.03236,0.1797
"Union, 3,276 + KD",U3276__KD__yolo26n__s42,0.4611,0.03236,0.18033
"Union, 3,276 + KD",U3276__KD__yolo26n__s42,0.4636,0.03197,0.18096
"Union, 3,276 + KD",U3276__KD__yolo26n__s42,0.4661,0.03159,0.18222
"Union, 3,276 + KD",U3276__KD__yolo26n__s42,0.4686,0.03043,0.18348
"Union, 3,276 + KD",U3276__KD__yolo26n__s42,0.471,0.03043,0.18474
"Union, 3,276 + KD",U3276__KD__yolo26n__s42,0.4735,0.02966,0.186
"Union, 3,276 + KD",U3276__KD__yolo26n__s42,0.476,0.02966,0.18789
"Union, 3,276 + KD",U3276__KD__yolo26n__s42,0.4785,0.02928,0.18789
"Union, 3,276 + KD",U3276__KD__yolo26n__s42,0.481,0.02889,0.18916
"Union, 3,276 + KD",U3276__KD__yolo26n__s42,0.4834,0.02889,0.19042
"Union, 3,276 + KD",U3276__KD__yolo26n__s42,0.4859,0.02812,0.19105
"Union, 3,276 + KD",U3276__KD__yolo26n__s42,0.4884,0.02696,0.19294
"Union, 3,276 + KD",U3276__KD__yolo26n__s42,0.4909,0.02696,0.19294
"Union, 3,276 + KD",U3276__KD__yolo26n__s42,0.4933,0.02696,0.1942
"Union, 3,276 + KD",U3276__KD__yolo26n__s42,0.4958,0.02696,0.19546
"Union, 3,276 + KD",U3276__KD__yolo26n__s42,0.4983,0.02696,0.19546
"Union, 3,276 + KD",U3276__KD__yolo26n__s42,0.5008,0.02696,0.19609
"Union, 3,276 + KD",U3276__KD__yolo26n__s42,0.5033,0.02658,0.19609
"Union, 3,276 + KD",U3276__KD__yolo26n__s42,0.5057,0.02658,0.19735
"Union, 3,276 + KD",U3276__KD__yolo26n__s42,0.5082,0.02658,0.19861
"Union, 3,276 + KD",U3276__KD__yolo26n__s42,0.5107,0.02658,0.19861
"Union, 3,276 + KD",U3276__KD__yolo26n__s42,0.5132,0.02658,0.19861
"Union, 3,276 + KD",U3276__KD__yolo26n__s42,0.5157,0.02658,0.19987
"Union, 3,276 + KD",U3276__KD__yolo26n__s42,0.5181,0.02619,0.2005
"Union, 3,276 + KD",U3276__KD__yolo26n__s42,0.5206,0.02581,0.20113
"Union, 3,276 + KD",U3276__KD__yolo26n__s42,0.5231,0.02581,0.20113
"Union, 3,276 + KD",U3276__KD__yolo26n__s42,0.5256,0.02542,0.2024
"Union, 3,276 + KD",U3276__KD__yolo26n__s42,0.528,0.02542,0.20303
"Union, 3,276 + KD",U3276__KD__yolo26n__s42,0.5305,0.02542,0.20555
"Union, 3,276 + KD",U3276__KD__yolo26n__s42,0.533,0.02504,0.20681
"Union, 3,276 + KD",U3276__KD__yolo26n__s42,0.5355,0.02504,0.2087
"Union, 3,276 + KD",U3276__KD__yolo26n__s42,0.538,0.02504,0.20933
"Union, 3,276 + KD",U3276__KD__yolo26n__s42,0.5404,0.02465,0.21059
"Union, 3,276 + KD",U3276__KD__yolo26n__s42,0.5429,0.02427,0.21059
"Union, 3,276 + KD",U3276__KD__yolo26n__s42,0.5454,0.02427,0.21122
"Union, 3,276 + KD",U3276__KD__yolo26n__s42,0.5479,0.02427,0.21122
"Union, 3,276 + KD",U3276__KD__yolo26n__s42,0.5504,0.02427,0.21311
"Union, 3,276 + KD",U3276__KD__yolo26n__s42,0.5528,0.0235,0.21438
"Union, 3,276 + KD",U3276__KD__yolo26n__s42,0.5553,0.02311,0.21564
"Union, 3,276 + KD",U3276__KD__yolo26n__s42,0.5578,0.02273,0.21627
"Union, 3,276 + KD",U3276__KD__yolo26n__s42,0.5603,0.02273,0.2169
"Union, 3,276 + KD",U3276__KD__yolo26n__s42,0.5627,0.02273,0.21753
"Union, 3,276 + KD",U3276__KD__yolo26n__s42,0.5652,0.02273,0.21753
"Union, 3,276 + KD",U3276__KD__yolo26n__s42,0.5677,0.02234,0.21816
"Union, 3,276 + KD",U3276__KD__yolo26n__s42,0.5702,0.02196,0.22194
"Union, 3,276 + KD",U3276__KD__yolo26n__s42,0.5727,0.02196,0.22383
"Union, 3,276 + KD",U3276__KD__yolo26n__s42,0.5751,0.02196,0.22509
"Union, 3,276 + KD",U3276__KD__yolo26n__s42,0.5776,0.02196,0.22573
"Union, 3,276 + KD",U3276__KD__yolo26n__s42,0.5801,0.02157,0.22573
"Union, 3,276 + KD",U3276__KD__yolo26n__s42,0.5826,0.02119,0.22699
"Union, 3,276 + KD",U3276__KD__yolo26n__s42,0.5851,0.0208,0.22762
"Union, 3,276 + KD",U3276__KD__yolo26n__s42,0.5875,0.02003,0.22951
"Union, 3,276 + KD",U3276__KD__yolo26n__s42,0.59,0.01965,0.22951
"Union, 3,276 + KD",U3276__KD__yolo26n__s42,0.5925,0.01926,0.23014
"Union, 3,276 + KD",U3276__KD__yolo26n__s42,0.595,0.01926,0.2314
"Union, 3,276 + KD",U3276__KD__yolo26n__s42,0.5975,0.01926,0.23203
"Union, 3,276 + KD",U3276__KD__yolo26n__s42,0.5999,0.01926,0.23392
"Union, 3,276 + KD",U3276__KD__yolo26n__s42,0.6024,0.01926,0.23581
"Union, 3,276 + KD",U3276__KD__yolo26n__s42,0.6049,0.0181,0.23707
"Union, 3,276 + KD",U3276__KD__yolo26n__s42,0.6074,0.0181,0.23834
"Union, 3,276 + KD",U3276__KD__yolo26n__s42,0.6098,0.0181,0.24212
"Union, 3,276 + KD",U3276__KD__yolo26n__s42,0.6123,0.0181,0.24338
"Union, 3,276 + KD",U3276__KD__yolo26n__s42,0.6148,0.01733,0.24527
"Union, 3,276 + KD",U3276__KD__yolo26n__s42,0.6173,0.01733,0.2459
"Union, 3,276 + KD",U3276__KD__yolo26n__s42,0.6198,0.01695,0.24842
"Union, 3,276 + KD",U3276__KD__yolo26n__s42,0.6222,0.01695,0.24905
"Union, 3,276 + KD",U3276__KD__yolo26n__s42,0.6247,0.01695,0.25032
"Union, 3,276 + KD",U3276__KD__yolo26n__s42,0.6272,0.01656,0.25347
"Union, 3,276 + KD",U3276__KD__yolo26n__s42,0.6297,0.01656,0.2541
"Union, 3,276 + KD",U3276__KD__yolo26n__s42,0.6322,0.01656,0.25536
"Union, 3,276 + KD",U3276__KD__yolo26n__s42,0.6346,0.01656,0.25662
"Union, 3,276 + KD",U3276__KD__yolo26n__s42,0.6371,0.01656,0.25725
"Union, 3,276 + KD",U3276__KD__yolo26n__s42,0.6396,0.01618,0.25851
"Union, 3,276 + KD",U3276__KD__yolo26n__s42,0.6421,0.01618,0.2604
"Union, 3,276 + KD",U3276__KD__yolo26n__s42,0.6445,0.01618,0.26103
"Union, 3,276 + KD",U3276__KD__yolo26n__s42,0.647,0.01618,0.2623
"Union, 3,276 + KD",U3276__KD__yolo26n__s42,0.6495,0.01618,0.26293
"Union, 3,276 + KD",U3276__KD__yolo26n__s42,0.652,0.01618,0.26419
"Union, 3,276 + KD",U3276__KD__yolo26n__s42,0.6545,0.01618,0.26545
"Union, 3,276 + KD",U3276__KD__yolo26n__s42,0.6569,0.01579,0.26608
"Union, 3,276 + KD",U3276__KD__yolo26n__s42,0.6594,0.01502,0.26671
"Union, 3,276 + KD",U3276__KD__yolo26n__s42,0.6619,0.01502,0.2686
"Union, 3,276 + KD",U3276__KD__yolo26n__s42,0.6644,0.01464,0.27112
"Union, 3,276 + KD",U3276__KD__yolo26n__s42,0.6669,0.01464,0.27301
"Union, 3,276 + KD",U3276__KD__yolo26n__s42,0.6693,0.01425,0.27617
"Union, 3,276 + KD",U3276__KD__yolo26n__s42,0.6718,0.01425,0.27743
"Union, 3,276 + KD",U3276__KD__yolo26n__s42,0.6743,0.01348,0.27869
"Union, 3,276 + KD",U3276__KD__yolo26n__s42,0.6768,0.01348,0.27932
"Union, 3,276 + KD",U3276__KD__yolo26n__s42,0.6792,0.01348,0.28121
"Union, 3,276 + KD",U3276__KD__yolo26n__s42,0.6817,0.0131,0.28247
"Union, 3,276 + KD",U3276__KD__yolo26n__s42,0.6842,0.01271,0.28499
"Union, 3,276 + KD",U3276__KD__yolo26n__s42,0.6867,0.01271,0.28625
"Union, 3,276 + KD",U3276__KD__yolo26n__s42,0.6892,0.01233,0.28878
"Union, 3,276 + KD",U3276__KD__yolo26n__s42,0.6916,0.01233,0.29193
"Union, 3,276 + KD",U3276__KD__yolo26n__s42,0.6941,0.01233,0.29256
"Union, 3,276 + KD",U3276__KD__yolo26n__s42,0.6966,0.01194,0.29445
"Union, 3,276 + KD",U3276__KD__yolo26n__s42,0.6991,0.01156,0.29634
"Union, 3,276 + KD",U3276__KD__yolo26n__s42,0.7016,0.01156,0.2995
"Union, 3,276 + KD",U3276__KD__yolo26n__s42,0.704,0.01117,0.30139
"Union, 3,276 + KD",U3276__KD__yolo26n__s42,0.7065,0.01117,0.3058
"Union, 3,276 + KD",U3276__KD__yolo26n__s42,0.709,0.01117,0.30895
"Union, 3,276 + KD",U3276__KD__yolo26n__s42,0.7115,0.0104,0.31274
"Union, 3,276 + KD",U3276__KD__yolo26n__s42,0.7139,0.01002,0.31589
"Union, 3,276 + KD",U3276__KD__yolo26n__s42,0.7164,0.01002,0.31841
"Union, 3,276 + KD",U3276__KD__yolo26n__s42,0.7189,0.01002,0.32093
"Union, 3,276 + KD",U3276__KD__yolo26n__s42,0.7214,0.00963,0.32409
"Union, 3,276 + KD",U3276__KD__yolo26n__s42,0.7239,0.00963,0.32472
"Union, 3,276 + KD",U3276__KD__yolo26n__s42,0.7263,0.00924,0.32787
"Union, 3,276 + KD",U3276__KD__yolo26n__s42,0.7288,0.00924,0.3285
"Union, 3,276 + KD",U3276__KD__yolo26n__s42,0.7313,0.00924,0.33291
"Union, 3,276 + KD",U3276__KD__yolo26n__s42,0.7338,0.00886,0.3367
"Union, 3,276 + KD",U3276__KD__yolo26n__s42,0.7363,0.00886,0.34048
"Union, 3,276 + KD",U3276__KD__yolo26n__s42,0.7387,0.00886,0.34174
"Union, 3,276 + KD",U3276__KD__yolo26n__s42,0.7412,0.00847,0.343
"Union, 3,276 + KD",U3276__KD__yolo26n__s42,0.7437,0.00847,0.34678
"Union, 3,276 + KD",U3276__KD__yolo26n__s42,0.7462,0.00809,0.34868
"Union, 3,276 + KD",U3276__KD__yolo26n__s42,0.7487,0.00809,0.35057
"Union, 3,276 + KD",U3276__KD__yolo26n__s42,0.7511,0.00809,0.35246
"Union, 3,276 + KD",U3276__KD__yolo26n__s42,0.7536,0.00809,0.35498
"Union, 3,276 + KD",U3276__KD__yolo26n__s42,0.7561,0.00809,0.35624
"Union, 3,276 + KD",U3276__KD__yolo26n__s42,0.7586,0.00809,0.35687
"Union, 3,276 + KD",U3276__KD__yolo26n__s42,0.761,0.0077,0.36003
"Union, 3,276 + KD",U3276__KD__yolo26n__s42,0.7635,0.0077,0.36066
"Union, 3,276 + KD",U3276__KD__yolo26n__s42,0.766,0.00732,0.36696
"Union, 3,276 + KD",U3276__KD__yolo26n__s42,0.7685,0.00732,0.36885
"Union, 3,276 + KD",U3276__KD__yolo26n__s42,0.771,0.00732,0.37137
"Union, 3,276 + KD",U3276__KD__yolo26n__s42,0.7734,0.00693,0.37642
"Union, 3,276 + KD",U3276__KD__yolo26n__s42,0.7759,0.00693,0.37894
"Union, 3,276 + KD",U3276__KD__yolo26n__s42,0.7784,0.00693,0.3802
"Union, 3,276 + KD",U3276__KD__yolo26n__s42,0.7809,0.00693,0.38462
"Union, 3,276 + KD",U3276__KD__yolo26n__s42,0.7834,0.00693,0.3884
"Union, 3,276 + KD",U3276__KD__yolo26n__s42,0.7858,0.00693,0.39281
"Union, 3,276 + KD",U3276__KD__yolo26n__s42,0.7883,0.00655,0.39723
"Union, 3,276 + KD",U3276__KD__yolo26n__s42,0.7908,0.00655,0.40227
"Union, 3,276 + KD",U3276__KD__yolo26n__s42,0.7933,0.00655,0.40542
"Union, 3,276 + KD",U3276__KD__yolo26n__s42,0.7957,0.00539,0.40921
"Union, 3,276 + KD",U3276__KD__yolo26n__s42,0.7982,0.00539,0.41362
"Union, 3,276 + KD",U3276__KD__yolo26n__s42,0.8007,0.00501,0.41929
"Union, 3,276 + KD",U3276__KD__yolo26n__s42,0.8032,0.00501,0.42308
"Union, 3,276 + KD",U3276__KD__yolo26n__s42,0.8057,0.00501,0.43064
"Union, 3,276 + KD",U3276__KD__yolo26n__s42,0.8081,0.00347,0.43632
"Union, 3,276 + KD",U3276__KD__yolo26n__s42,0.8106,0.00308,0.44073
"Union, 3,276 + KD",U3276__KD__yolo26n__s42,0.8131,0.00193,0.44578
"Union, 3,276 + KD",U3276__KD__yolo26n__s42,0.8156,0.00193,0.45334
"Union, 3,276 + KD",U3276__KD__yolo26n__s42,0.8181,0.00154,0.45649
"Union, 3,276 + KD",U3276__KD__yolo26n__s42,0.8205,0.00154,0.4628
"Union, 3,276 + KD",U3276__KD__yolo26n__s42,0.823,0.00154,0.46847
"Union, 3,276 + KD",U3276__KD__yolo26n__s42,0.8255,0.00154,0.47478
"Union, 3,276 + KD",U3276__KD__yolo26n__s42,0.828,0.00154,0.48045
"Union, 3,276 + KD",U3276__KD__yolo26n__s42,0.8304,0.00077,0.48676
"Union, 3,276 + KD",U3276__KD__yolo26n__s42,0.8329,0.00077,0.4918
"Union, 3,276 + KD",U3276__KD__yolo26n__s42,0.8354,0.00077,0.49937
"Union, 3,276 + KD",U3276__KD__yolo26n__s42,0.8379,0.00077,0.50441
"Union, 3,276 + KD",U3276__KD__yolo26n__s42,0.8404,0.00077,0.51387
"Union, 3,276 + KD",U3276__KD__yolo26n__s42,0.8428,0.00077,0.52837
"Union, 3,276 + KD",U3276__KD__yolo26n__s42,0.8453,0.00077,0.53657
"Union, 3,276 + KD",U3276__KD__yolo26n__s42,0.8478,0.00077,0.54288
"Union, 3,276 + KD",U3276__KD__yolo26n__s42,0.8503,0.00077,0.55485
"Union, 3,276 + KD",U3276__KD__yolo26n__s42,0.8528,0.00077,0.56305
"Union, 3,276 + KD",U3276__KD__yolo26n__s42,0.8552,0.00077,0.57566
"Union, 3,276 + KD",U3276__KD__yolo26n__s42,0.8577,0.00077,0.58575
"Union, 3,276 + KD",U3276__KD__yolo26n__s42,0.8602,0.00077,0.59647
"Union, 3,276 + KD",U3276__KD__yolo26n__s42,0.8627,0.00039,0.61034
"Union, 3,276 + KD",U3276__KD__yolo26n__s42,0.8652,0.00039,0.62421
"Union, 3,276 + KD",U3276__KD__yolo26n__s42,0.8676,0.00039,0.63619
"Union, 3,276 + KD",U3276__KD__yolo26n__s42,0.8701,0.00039,0.64628
"Union, 3,276 + KD",U3276__KD__yolo26n__s42,0.8726,0.00039,0.66393
"Union, 3,276 + KD",U3276__KD__yolo26n__s42,0.8751,0.00039,0.67465
"Union, 3,276 + KD",U3276__KD__yolo26n__s42,0.8775,0.00039,0.68411
"Union, 3,276 + KD",U3276__KD__yolo26n__s42,0.88,0.00039,0.69294
"Union, 3,276 + KD",U3276__KD__yolo26n__s42,0.8825,0.00039,0.70429
"Union, 3,276 + KD",U3276__KD__yolo26n__s42,0.885,0.00039,0.71311
"Union, 3,276 + KD",U3276__KD__yolo26n__s42,0.8875,0.0,0.72446
"Union, 3,276 + KD",U3276__KD__yolo26n__s42,0.8899,0.0,0.73455
"Union, 3,276 + KD",U3276__KD__yolo26n__s42,0.8924,0.0,0.74212
"Union, 3,276 + KD",U3276__KD__yolo26n__s42,0.8949,0.0,0.75284
"Union, 3,276 + KD",U3276__KD__yolo26n__s42,0.8974,0.0,0.76608
"Union, 3,276 + KD",U3276__KD__yolo26n__s42,0.8999,0.0,0.78121
"Union, 3,276 + KD",U3276__KD__yolo26n__s42,0.9023,0.0,0.79193
"Union, 3,276 + KD",U3276__KD__yolo26n__s42,0.9048,0.0,0.80013
"Union, 3,276 + KD",U3276__KD__yolo26n__s42,0.9073,0.0,0.81084
"Union, 3,276 + KD",U3276__KD__yolo26n__s42,0.9098,0.0,0.82093
"Union, 3,276 + KD",U3276__KD__yolo26n__s42,0.9122,0.0,0.83544
"Union, 3,276 + KD",U3276__KD__yolo26n__s42,0.9147,0.0,0.84552
"Union, 3,276 + KD",U3276__KD__yolo26n__s42,0.9172,0.0,0.85687
"Union, 3,276 + KD",U3276__KD__yolo26n__s42,0.9197,0.0,0.86759
"Union, 3,276 + KD",U3276__KD__yolo26n__s42,0.9222,0.0,0.88398
"Union, 3,276 + KD",U3276__KD__yolo26n__s42,0.9246,0.0,0.89344
"Union, 3,276 + KD",U3276__KD__yolo26n__s42,0.9271,0.0,0.90605
"Union, 3,276 + KD",U3276__KD__yolo26n__s42,0.9296,0.0,0.91362
"Union, 3,276 + KD",U3276__KD__yolo26n__s42,0.9321,0.0,0.92938
"Union, 3,276 + KD",U3276__KD__yolo26n__s42,0.9346,0.0,0.94325
"Union, 3,276 + KD",U3276__KD__yolo26n__s42,0.937,0.0,0.95523
"Union, 3,276 + KD",U3276__KD__yolo26n__s42,0.9395,0.0,0.9628
"Union, 3,276 + KD",U3276__KD__yolo26n__s42,0.942,0.0,0.96784
"Union, 3,276 + KD",U3276__KD__yolo26n__s42,0.9445,0.0,0.97415
"Union, 3,276 + KD",U3276__KD__yolo26n__s42,0.9469,0.0,0.97793
"Union, 3,276 + KD",U3276__KD__yolo26n__s42,0.9494,0.0,0.98045
"Union, 3,276 + KD",U3276__KD__yolo26n__s42,0.9519,0.0,0.98298
"Union, 3,276 + KD",U3276__KD__yolo26n__s42,0.9544,0.0,0.98676
"Union, 3,276 + KD",U3276__KD__yolo26n__s42,0.9569,0.0,0.98991
"Union, 3,276 + KD",U3276__KD__yolo26n__s42,0.9593,0.0,0.99369
"Union, 3,276 + KD",U3276__KD__yolo26n__s42,0.9618,0.0,0.99685
"Union, 3,276 + KD",U3276__KD__yolo26n__s42,0.9643,0.0,0.99874
"Union, 3,276 + KD",U3276__KD__yolo26n__s42,0.9668,0.0,0.99874
"Union, 3,276 + KD",U3276__KD__yolo26n__s42,0.9693,0.0,0.99937
"Union, 3,276 + KD",U3276__KD__yolo26n__s42,0.9717,0.0,1.0
"Union, 3,276 + KD",U3276__KD__yolo26n__s42,0.9742,0.0,1.0
"Union, 3,276 + KD",U3276__KD__yolo26n__s42,0.9767,0.0,1.0
"Union, 3,276 + KD",U3276__KD__yolo26n__s42,0.9792,0.0,1.0
"Union, 3,276 + KD",U3276__KD__yolo26n__s42,0.9816,0.0,1.0
"Union, 3,276 + KD",U3276__KD__yolo26n__s42,0.9841,0.0,1.0
"Union, 3,276 + KD",U3276__KD__yolo26n__s42,0.9866,0.0,1.0
"Union, 3,276 + KD",U3276__KD__yolo26n__s42,0.9891,0.0,1.0
"Union, 3,276 + KD",U3276__KD__yolo26n__s42,0.9916,0.0,1.0
"Union, 3,276 + KD",U3276__KD__yolo26n__s42,0.994,0.0,1.0
"Union, 3,276 + KD",U3276__KD__yolo26n__s42,0.9965,0.0,1.0
"Union, 3,276 + KD",U3276__KD__yolo26n__s42,0.999,0.0,1.0
"Random, 3,276 + KD",R3276__KD__yolo26n__s42,0.01,0.53929,0.09079
"Random, 3,276 + KD",R3276__KD__yolo26n__s42,0.0125,0.47689,0.09521
"Random, 3,276 + KD",R3276__KD__yolo26n__s42,0.015,0.43952,0.0971
"Random, 3,276 + KD",R3276__KD__yolo26n__s42,0.0174,0.40447,0.10025
"Random, 3,276 + KD",R3276__KD__yolo26n__s42,0.0199,0.37904,0.10467
"Random, 3,276 + KD",R3276__KD__yolo26n__s42,0.0224,0.35362,0.1053
"Random, 3,276 + KD",R3276__KD__yolo26n__s42,0.0249,0.33744,0.10719
"Random, 3,276 + KD",R3276__KD__yolo26n__s42,0.0274,0.32242,0.10782
"Random, 3,276 + KD",R3276__KD__yolo26n__s42,0.0298,0.31317,0.10908
"Random, 3,276 + KD",R3276__KD__yolo26n__s42,0.0323,0.29854,0.10908
"Random, 3,276 + KD",R3276__KD__yolo26n__s42,0.0348,0.28737,0.10971
"Random, 3,276 + KD",R3276__KD__yolo26n__s42,0.0373,0.27928,0.10971
"Random, 3,276 + KD",R3276__KD__yolo26n__s42,0.0397,0.2708,0.11034
"Random, 3,276 + KD",R3276__KD__yolo26n__s42,0.0422,0.2604,0.11034
"Random, 3,276 + KD",R3276__KD__yolo26n__s42,0.0447,0.25154,0.11097
"Random, 3,276 + KD",R3276__KD__yolo26n__s42,0.0472,0.24461,0.11097
"Random, 3,276 + KD",R3276__KD__yolo26n__s42,0.0497,0.23883,0.11223
"Random, 3,276 + KD",R3276__KD__yolo26n__s42,0.0521,0.23344,0.11286
"Random, 3,276 + KD",R3276__KD__yolo26n__s42,0.0546,0.22958,0.11349
"Random, 3,276 + KD",R3276__KD__yolo26n__s42,0.0571,0.22381,0.11538
"Random, 3,276 + KD",R3276__KD__yolo26n__s42,0.0596,0.2188,0.11665
"Random, 3,276 + KD",R3276__KD__yolo26n__s42,0.0621,0.21418,0.11917
"Random, 3,276 + KD",R3276__KD__yolo26n__s42,0.0645,0.20955,0.12106
"Random, 3,276 + KD",R3276__KD__yolo26n__s42,0.067,0.20378,0.12169
"Random, 3,276 + KD",R3276__KD__yolo26n__s42,0.0695,0.20031,0.12358
"Random, 3,276 + KD",R3276__KD__yolo26n__s42,0.072,0.19646,0.12421
"Random, 3,276 + KD",R3276__KD__yolo26n__s42,0.0744,0.19299,0.12421
"Random, 3,276 + KD",R3276__KD__yolo26n__s42,0.0769,0.18952,0.12547
"Random, 3,276 + KD",R3276__KD__yolo26n__s42,0.0794,0.18644,0.12673
"Random, 3,276 + KD",R3276__KD__yolo26n__s42,0.0819,0.18529,0.12673
"Random, 3,276 + KD",R3276__KD__yolo26n__s42,0.0844,0.18336,0.12736
"Random, 3,276 + KD",R3276__KD__yolo26n__s42,0.0868,0.18105,0.12736
"Random, 3,276 + KD",R3276__KD__yolo26n__s42,0.0893,0.17951,0.12799
"Random, 3,276 + KD",R3276__KD__yolo26n__s42,0.0918,0.17797,0.12863
"Random, 3,276 + KD",R3276__KD__yolo26n__s42,0.0943,0.1772,0.12863
"Random, 3,276 + KD",R3276__KD__yolo26n__s42,0.0968,0.1745,0.12989
"Random, 3,276 + KD",R3276__KD__yolo26n__s42,0.0992,0.17142,0.13052
"Random, 3,276 + KD",R3276__KD__yolo26n__s42,0.1017,0.16911,0.13052
"Random, 3,276 + KD",R3276__KD__yolo26n__s42,0.1042,0.16525,0.13052
"Random, 3,276 + KD",R3276__KD__yolo26n__s42,0.1067,0.1614,0.13178
"Random, 3,276 + KD",R3276__KD__yolo26n__s42,0.1091,0.16025,0.13241
"Random, 3,276 + KD",R3276__KD__yolo26n__s42,0.1116,0.15871,0.13241
"Random, 3,276 + KD",R3276__KD__yolo26n__s42,0.1141,0.15716,0.13367
"Random, 3,276 + KD",R3276__KD__yolo26n__s42,0.1166,0.1537,0.13367
"Random, 3,276 + KD",R3276__KD__yolo26n__s42,0.1191,0.15254,0.13367
"Random, 3,276 + KD",R3276__KD__yolo26n__s42,0.1215,0.14985,0.1343
"Random, 3,276 + KD",R3276__KD__yolo26n__s42,0.124,0.14908,0.13556
"Random, 3,276 + KD",R3276__KD__yolo26n__s42,0.1265,0.14831,0.13619
"Random, 3,276 + KD",R3276__KD__yolo26n__s42,0.129,0.14715,0.13619
"Random, 3,276 + KD",R3276__KD__yolo26n__s42,0.1315,0.14522,0.13934
"Random, 3,276 + KD",R3276__KD__yolo26n__s42,0.1339,0.14368,0.13934
"Random, 3,276 + KD",R3276__KD__yolo26n__s42,0.1364,0.14176,0.13934
"Random, 3,276 + KD",R3276__KD__yolo26n__s42,0.1389,0.1406,0.14187
"Random, 3,276 + KD",R3276__KD__yolo26n__s42,0.1414,0.13945,0.14313
"Random, 3,276 + KD",R3276__KD__yolo26n__s42,0.1438,0.1379,0.14376
"Random, 3,276 + KD",R3276__KD__yolo26n__s42,0.1463,0.13636,0.14376
"Random, 3,276 + KD",R3276__KD__yolo26n__s42,0.1488,0.13482,0.14502
"Random, 3,276 + KD",R3276__KD__yolo26n__s42,0.1513,0.13328,0.14502
"Random, 3,276 + KD",R3276__KD__yolo26n__s42,0.1538,0.13251,0.14565
"Random, 3,276 + KD",R3276__KD__yolo26n__s42,0.1562,0.12982,0.14565
"Random, 3,276 + KD",R3276__KD__yolo26n__s42,0.1587,0.12789,0.14691
"Random, 3,276 + KD",R3276__KD__yolo26n__s42,0.1612,0.12558,0.14691
"Random, 3,276 + KD",R3276__KD__yolo26n__s42,0.1637,0.12442,0.14691
"Random, 3,276 + KD",R3276__KD__yolo26n__s42,0.1662,0.12288,0.14754
"Random, 3,276 + KD",R3276__KD__yolo26n__s42,0.1686,0.12211,0.14817
"Random, 3,276 + KD",R3276__KD__yolo26n__s42,0.1711,0.12018,0.14943
"Random, 3,276 + KD",R3276__KD__yolo26n__s42,0.1736,0.1198,0.15006
"Random, 3,276 + KD",R3276__KD__yolo26n__s42,0.1761,0.1198,0.15069
"Random, 3,276 + KD",R3276__KD__yolo26n__s42,0.1786,0.11941,0.15132
"Random, 3,276 + KD",R3276__KD__yolo26n__s42,0.181,0.1171,0.15195
"Random, 3,276 + KD",R3276__KD__yolo26n__s42,0.1835,0.11595,0.15195
"Random, 3,276 + KD",R3276__KD__yolo26n__s42,0.186,0.11556,0.15259
"Random, 3,276 + KD",R3276__KD__yolo26n__s42,0.1885,0.11402,0.15259
"Random, 3,276 + KD",R3276__KD__yolo26n__s42,0.1909,0.11325,0.15259
"Random, 3,276 + KD",R3276__KD__yolo26n__s42,0.1934,0.1121,0.15322
"Random, 3,276 + KD",R3276__KD__yolo26n__s42,0.1959,0.11171,0.15385
"Random, 3,276 + KD",R3276__KD__yolo26n__s42,0.1984,0.11017,0.15385
"Random, 3,276 + KD",R3276__KD__yolo26n__s42,0.2009,0.10901,0.15448
"Random, 3,276 + KD",R3276__KD__yolo26n__s42,0.2033,0.10824,0.15511
"Random, 3,276 + KD",R3276__KD__yolo26n__s42,0.2058,0.1067,0.15511
"Random, 3,276 + KD",R3276__KD__yolo26n__s42,0.2083,0.10478,0.15511
"Random, 3,276 + KD",R3276__KD__yolo26n__s42,0.2108,0.10401,0.15511
"Random, 3,276 + KD",R3276__KD__yolo26n__s42,0.2133,0.10362,0.15763
"Random, 3,276 + KD",R3276__KD__yolo26n__s42,0.2157,0.10285,0.15763
"Random, 3,276 + KD",R3276__KD__yolo26n__s42,0.2182,0.10247,0.15826
"Random, 3,276 + KD",R3276__KD__yolo26n__s42,0.2207,0.10208,0.15889
"Random, 3,276 + KD",R3276__KD__yolo26n__s42,0.2232,0.10131,0.15952
"Random, 3,276 + KD",R3276__KD__yolo26n__s42,0.2256,0.10092,0.16015
"Random, 3,276 + KD",R3276__KD__yolo26n__s42,0.2281,0.09938,0.16078
"Random, 3,276 + KD",R3276__KD__yolo26n__s42,0.2306,0.099,0.16078
"Random, 3,276 + KD",R3276__KD__yolo26n__s42,0.2331,0.09861,0.16078
"Random, 3,276 + KD",R3276__KD__yolo26n__s42,0.2356,0.09823,0.16141
"Random, 3,276 + KD",R3276__KD__yolo26n__s42,0.238,0.09746,0.16141
"Random, 3,276 + KD",R3276__KD__yolo26n__s42,0.2405,0.09669,0.16204
"Random, 3,276 + KD",R3276__KD__yolo26n__s42,0.243,0.09592,0.1633
"Random, 3,276 + KD",R3276__KD__yolo26n__s42,0.2455,0.09515,0.1633
"Random, 3,276 + KD",R3276__KD__yolo26n__s42,0.248,0.09399,0.16393
"Random, 3,276 + KD",R3276__KD__yolo26n__s42,0.2504,0.09322,0.1652
"Random, 3,276 + KD",R3276__KD__yolo26n__s42,0.2529,0.09168,0.16583
"Random, 3,276 + KD",R3276__KD__yolo26n__s42,0.2554,0.09129,0.16772
"Random, 3,276 + KD",R3276__KD__yolo26n__s42,0.2579,0.09091,0.16835
"Random, 3,276 + KD",R3276__KD__yolo26n__s42,0.2603,0.08975,0.16898
"Random, 3,276 + KD",R3276__KD__yolo26n__s42,0.2628,0.08975,0.16898
"Random, 3,276 + KD",R3276__KD__yolo26n__s42,0.2653,0.08898,0.16961
"Random, 3,276 + KD",R3276__KD__yolo26n__s42,0.2678,0.0886,0.17024
"Random, 3,276 + KD",R3276__KD__yolo26n__s42,0.2703,0.08783,0.1715
"Random, 3,276 + KD",R3276__KD__yolo26n__s42,0.2727,0.08744,0.17213
"Random, 3,276 + KD",R3276__KD__yolo26n__s42,0.2752,0.0859,0.17213
"Random, 3,276 + KD",R3276__KD__yolo26n__s42,0.2777,0.08552,0.17213
"Random, 3,276 + KD",R3276__KD__yolo26n__s42,0.2802,0.08513,0.17339
"Random, 3,276 + KD",R3276__KD__yolo26n__s42,0.2827,0.08475,0.17465
"Random, 3,276 + KD",R3276__KD__yolo26n__s42,0.2851,0.08436,0.17528
"Random, 3,276 + KD",R3276__KD__yolo26n__s42,0.2876,0.08436,0.17591
"Random, 3,276 + KD",R3276__KD__yolo26n__s42,0.2901,0.08436,0.17591
"Random, 3,276 + KD",R3276__KD__yolo26n__s42,0.2926,0.08398,0.17718
"Random, 3,276 + KD",R3276__KD__yolo26n__s42,0.2951,0.08398,0.17718
"Random, 3,276 + KD",R3276__KD__yolo26n__s42,0.2975,0.08359,0.17781
"Random, 3,276 + KD",R3276__KD__yolo26n__s42,0.3,0.08359,0.17781
"Random, 3,276 + KD",R3276__KD__yolo26n__s42,0.3025,0.08359,0.17781
"Random, 3,276 + KD",R3276__KD__yolo26n__s42,0.305,0.0832,0.17781
"Random, 3,276 + KD",R3276__KD__yolo26n__s42,0.3074,0.08282,0.17907
"Random, 3,276 + KD",R3276__KD__yolo26n__s42,0.3099,0.08243,0.17907
"Random, 3,276 + KD",R3276__KD__yolo26n__s42,0.3124,0.08166,0.1797
"Random, 3,276 + KD",R3276__KD__yolo26n__s42,0.3149,0.08128,0.1797
"Random, 3,276 + KD",R3276__KD__yolo26n__s42,0.3174,0.08128,0.1797
"Random, 3,276 + KD",R3276__KD__yolo26n__s42,0.3198,0.08051,0.1797
"Random, 3,276 + KD",R3276__KD__yolo26n__s42,0.3223,0.08012,0.1797
"Random, 3,276 + KD",R3276__KD__yolo26n__s42,0.3248,0.08012,0.1797
"Random, 3,276 + KD",R3276__KD__yolo26n__s42,0.3273,0.08012,0.18222
"Random, 3,276 + KD",R3276__KD__yolo26n__s42,0.3298,0.08012,0.18348
"Random, 3,276 + KD",R3276__KD__yolo26n__s42,0.3322,0.07897,0.18411
"Random, 3,276 + KD",R3276__KD__yolo26n__s42,0.3347,0.0782,0.18411
"Random, 3,276 + KD",R3276__KD__yolo26n__s42,0.3372,0.07781,0.18411
"Random, 3,276 + KD",R3276__KD__yolo26n__s42,0.3397,0.07627,0.18474
"Random, 3,276 + KD",R3276__KD__yolo26n__s42,0.3421,0.07589,0.18474
"Random, 3,276 + KD",R3276__KD__yolo26n__s42,0.3446,0.07589,0.18474
"Random, 3,276 + KD",R3276__KD__yolo26n__s42,0.3471,0.07473,0.18474
"Random, 3,276 + KD",R3276__KD__yolo26n__s42,0.3496,0.07435,0.18537
"Random, 3,276 + KD",R3276__KD__yolo26n__s42,0.3521,0.07435,0.18537
"Random, 3,276 + KD",R3276__KD__yolo26n__s42,0.3545,0.07319,0.186
"Random, 3,276 + KD",R3276__KD__yolo26n__s42,0.357,0.07242,0.186
"Random, 3,276 + KD",R3276__KD__yolo26n__s42,0.3595,0.07165,0.18663
"Random, 3,276 + KD",R3276__KD__yolo26n__s42,0.362,0.07126,0.18663
"Random, 3,276 + KD",R3276__KD__yolo26n__s42,0.3645,0.06934,0.18663
"Random, 3,276 + KD",R3276__KD__yolo26n__s42,0.3669,0.06934,0.18789
"Random, 3,276 + KD",R3276__KD__yolo26n__s42,0.3694,0.06895,0.18789
"Random, 3,276 + KD",R3276__KD__yolo26n__s42,0.3719,0.06818,0.18979
"Random, 3,276 + KD",R3276__KD__yolo26n__s42,0.3744,0.0678,0.19042
"Random, 3,276 + KD",R3276__KD__yolo26n__s42,0.3768,0.0678,0.19105
"Random, 3,276 + KD",R3276__KD__yolo26n__s42,0.3793,0.06741,0.19231
"Random, 3,276 + KD",R3276__KD__yolo26n__s42,0.3818,0.06741,0.19231
"Random, 3,276 + KD",R3276__KD__yolo26n__s42,0.3843,0.06741,0.19231
"Random, 3,276 + KD",R3276__KD__yolo26n__s42,0.3868,0.06703,0.19231
"Random, 3,276 + KD",R3276__KD__yolo26n__s42,0.3892,0.06626,0.19294
"Random, 3,276 + KD",R3276__KD__yolo26n__s42,0.3917,0.06587,0.19357
"Random, 3,276 + KD",R3276__KD__yolo26n__s42,0.3942,0.06549,0.19357
"Random, 3,276 + KD",R3276__KD__yolo26n__s42,0.3967,0.06471,0.19357
"Random, 3,276 + KD",R3276__KD__yolo26n__s42,0.3992,0.06433,0.19357
"Random, 3,276 + KD",R3276__KD__yolo26n__s42,0.4016,0.06394,0.19357
"Random, 3,276 + KD",R3276__KD__yolo26n__s42,0.4041,0.06394,0.19357
"Random, 3,276 + KD",R3276__KD__yolo26n__s42,0.4066,0.06356,0.19483
"Random, 3,276 + KD",R3276__KD__yolo26n__s42,0.4091,0.06279,0.19546
"Random, 3,276 + KD",R3276__KD__yolo26n__s42,0.4115,0.0624,0.19609
"Random, 3,276 + KD",R3276__KD__yolo26n__s42,0.414,0.06086,0.19735
"Random, 3,276 + KD",R3276__KD__yolo26n__s42,0.4165,0.06048,0.19735
"Random, 3,276 + KD",R3276__KD__yolo26n__s42,0.419,0.06048,0.19798
"Random, 3,276 + KD",R3276__KD__yolo26n__s42,0.4215,0.06009,0.19987
"Random, 3,276 + KD",R3276__KD__yolo26n__s42,0.4239,0.05932,0.2005
"Random, 3,276 + KD",R3276__KD__yolo26n__s42,0.4264,0.05932,0.20177
"Random, 3,276 + KD",R3276__KD__yolo26n__s42,0.4289,0.05894,0.20177
"Random, 3,276 + KD",R3276__KD__yolo26n__s42,0.4314,0.05855,0.20366
"Random, 3,276 + KD",R3276__KD__yolo26n__s42,0.4339,0.05778,0.20366
"Random, 3,276 + KD",R3276__KD__yolo26n__s42,0.4363,0.0574,0.20366
"Random, 3,276 + KD",R3276__KD__yolo26n__s42,0.4388,0.05624,0.20492
"Random, 3,276 + KD",R3276__KD__yolo26n__s42,0.4413,0.05586,0.20492
"Random, 3,276 + KD",R3276__KD__yolo26n__s42,0.4438,0.05586,0.20492
"Random, 3,276 + KD",R3276__KD__yolo26n__s42,0.4463,0.05508,0.20618
"Random, 3,276 + KD",R3276__KD__yolo26n__s42,0.4487,0.0547,0.20681
"Random, 3,276 + KD",R3276__KD__yolo26n__s42,0.4512,0.05431,0.20744
"Random, 3,276 + KD",R3276__KD__yolo26n__s42,0.4537,0.05393,0.2087
"Random, 3,276 + KD",R3276__KD__yolo26n__s42,0.4562,0.05393,0.20996
"Random, 3,276 + KD",R3276__KD__yolo26n__s42,0.4586,0.05393,0.20996
"Random, 3,276 + KD",R3276__KD__yolo26n__s42,0.4611,0.05393,0.21059
"Random, 3,276 + KD",R3276__KD__yolo26n__s42,0.4636,0.05393,0.21122
"Random, 3,276 + KD",R3276__KD__yolo26n__s42,0.4661,0.05354,0.21122
"Random, 3,276 + KD",R3276__KD__yolo26n__s42,0.4686,0.05316,0.21122
"Random, 3,276 + KD",R3276__KD__yolo26n__s42,0.471,0.05239,0.21185
"Random, 3,276 + KD",R3276__KD__yolo26n__s42,0.4735,0.052,0.21185
"Random, 3,276 + KD",R3276__KD__yolo26n__s42,0.476,0.052,0.21185
"Random, 3,276 + KD",R3276__KD__yolo26n__s42,0.4785,0.05162,0.21185
"Random, 3,276 + KD",R3276__KD__yolo26n__s42,0.481,0.05123,0.21311
"Random, 3,276 + KD",R3276__KD__yolo26n__s42,0.4834,0.05085,0.21438
"Random, 3,276 + KD",R3276__KD__yolo26n__s42,0.4859,0.04969,0.21501
"Random, 3,276 + KD",R3276__KD__yolo26n__s42,0.4884,0.04931,0.2169
"Random, 3,276 + KD",R3276__KD__yolo26n__s42,0.4909,0.04931,0.2169
"Random, 3,276 + KD",R3276__KD__yolo26n__s42,0.4933,0.04931,0.21753
"Random, 3,276 + KD",R3276__KD__yolo26n__s42,0.4958,0.04892,0.21942
"Random, 3,276 + KD",R3276__KD__yolo26n__s42,0.4983,0.04892,0.21942
"Random, 3,276 + KD",R3276__KD__yolo26n__s42,0.5008,0.04777,0.21942
"Random, 3,276 + KD",R3276__KD__yolo26n__s42,0.5033,0.04738,0.22068
"Random, 3,276 + KD",R3276__KD__yolo26n__s42,0.5057,0.04738,0.22131
"Random, 3,276 + KD",R3276__KD__yolo26n__s42,0.5082,0.04738,0.22257
"Random, 3,276 + KD",R3276__KD__yolo26n__s42,0.5107,0.04738,0.2232
"Random, 3,276 + KD",R3276__KD__yolo26n__s42,0.5132,0.047,0.22509
"Random, 3,276 + KD",R3276__KD__yolo26n__s42,0.5157,0.047,0.22509
"Random, 3,276 + KD",R3276__KD__yolo26n__s42,0.5181,0.04661,0.22636
"Random, 3,276 + KD",R3276__KD__yolo26n__s42,0.5206,0.04622,0.22699
"Random, 3,276 + KD",R3276__KD__yolo26n__s42,0.5231,0.04545,0.22762
"Random, 3,276 + KD",R3276__KD__yolo26n__s42,0.5256,0.04545,0.22825
"Random, 3,276 + KD",R3276__KD__yolo26n__s42,0.528,0.04545,0.22888
"Random, 3,276 + KD",R3276__KD__yolo26n__s42,0.5305,0.04507,0.22951
"Random, 3,276 + KD",R3276__KD__yolo26n__s42,0.533,0.04353,0.23014
"Random, 3,276 + KD",R3276__KD__yolo26n__s42,0.5355,0.04353,0.23014
"Random, 3,276 + KD",R3276__KD__yolo26n__s42,0.538,0.04314,0.23266
"Random, 3,276 + KD",R3276__KD__yolo26n__s42,0.5404,0.04276,0.23329
"Random, 3,276 + KD",R3276__KD__yolo26n__s42,0.5429,0.04276,0.23581
"Random, 3,276 + KD",R3276__KD__yolo26n__s42,0.5454,0.04237,0.23707
"Random, 3,276 + KD",R3276__KD__yolo26n__s42,0.5479,0.04199,0.2377
"Random, 3,276 + KD",R3276__KD__yolo26n__s42,0.5504,0.04122,0.23897
"Random, 3,276 + KD",R3276__KD__yolo26n__s42,0.5528,0.04083,0.2396
"Random, 3,276 + KD",R3276__KD__yolo26n__s42,0.5553,0.04045,0.2396
"Random, 3,276 + KD",R3276__KD__yolo26n__s42,0.5578,0.04006,0.2396
"Random, 3,276 + KD",R3276__KD__yolo26n__s42,0.5603,0.04006,0.2396
"Random, 3,276 + KD",R3276__KD__yolo26n__s42,0.5627,0.04006,0.24149
"Random, 3,276 + KD",R3276__KD__yolo26n__s42,0.5652,0.03968,0.24275
"Random, 3,276 + KD",R3276__KD__yolo26n__s42,0.5677,0.03929,0.2459
"Random, 3,276 + KD",R3276__KD__yolo26n__s42,0.5702,0.03891,0.24905
"Random, 3,276 + KD",R3276__KD__yolo26n__s42,0.5727,0.03891,0.24968
"Random, 3,276 + KD",R3276__KD__yolo26n__s42,0.5751,0.03891,0.24968
"Random, 3,276 + KD",R3276__KD__yolo26n__s42,0.5776,0.03852,0.24968
"Random, 3,276 + KD",R3276__KD__yolo26n__s42,0.5801,0.03775,0.24968
"Random, 3,276 + KD",R3276__KD__yolo26n__s42,0.5826,0.03659,0.25032
"Random, 3,276 + KD",R3276__KD__yolo26n__s42,0.5851,0.03659,0.25032
"Random, 3,276 + KD",R3276__KD__yolo26n__s42,0.5875,0.03659,0.25095
"Random, 3,276 + KD",R3276__KD__yolo26n__s42,0.59,0.03659,0.25158
"Random, 3,276 + KD",R3276__KD__yolo26n__s42,0.5925,0.03659,0.25158
"Random, 3,276 + KD",R3276__KD__yolo26n__s42,0.595,0.03621,0.25284
"Random, 3,276 + KD",R3276__KD__yolo26n__s42,0.5975,0.03582,0.25284
"Random, 3,276 + KD",R3276__KD__yolo26n__s42,0.5999,0.03544,0.2541
"Random, 3,276 + KD",R3276__KD__yolo26n__s42,0.6024,0.03467,0.25473
"Random, 3,276 + KD",R3276__KD__yolo26n__s42,0.6049,0.03467,0.25599
"Random, 3,276 + KD",R3276__KD__yolo26n__s42,0.6074,0.03428,0.25725
"Random, 3,276 + KD",R3276__KD__yolo26n__s42,0.6098,0.0339,0.25788
"Random, 3,276 + KD",R3276__KD__yolo26n__s42,0.6123,0.0339,0.25788
"Random, 3,276 + KD",R3276__KD__yolo26n__s42,0.6148,0.03351,0.25914
"Random, 3,276 + KD",R3276__KD__yolo26n__s42,0.6173,0.03274,0.25977
"Random, 3,276 + KD",R3276__KD__yolo26n__s42,0.6198,0.03274,0.2604
"Random, 3,276 + KD",R3276__KD__yolo26n__s42,0.6222,0.03274,0.26103
"Random, 3,276 + KD",R3276__KD__yolo26n__s42,0.6247,0.03274,0.26166
"Random, 3,276 + KD",R3276__KD__yolo26n__s42,0.6272,0.03274,0.26356
"Random, 3,276 + KD",R3276__KD__yolo26n__s42,0.6297,0.03197,0.26356
"Random, 3,276 + KD",R3276__KD__yolo26n__s42,0.6322,0.03197,0.26545
"Random, 3,276 + KD",R3276__KD__yolo26n__s42,0.6346,0.03197,0.26608
"Random, 3,276 + KD",R3276__KD__yolo26n__s42,0.6371,0.03159,0.26671
"Random, 3,276 + KD",R3276__KD__yolo26n__s42,0.6396,0.03159,0.26734
"Random, 3,276 + KD",R3276__KD__yolo26n__s42,0.6421,0.0312,0.2686
"Random, 3,276 + KD",R3276__KD__yolo26n__s42,0.6445,0.0312,0.27112
"Random, 3,276 + KD",R3276__KD__yolo26n__s42,0.647,0.03082,0.27238
"Random, 3,276 + KD",R3276__KD__yolo26n__s42,0.6495,0.03082,0.27238
"Random, 3,276 + KD",R3276__KD__yolo26n__s42,0.652,0.03082,0.27364
"Random, 3,276 + KD",R3276__KD__yolo26n__s42,0.6545,0.03082,0.27554
"Random, 3,276 + KD",R3276__KD__yolo26n__s42,0.6569,0.03082,0.27806
"Random, 3,276 + KD",R3276__KD__yolo26n__s42,0.6594,0.03043,0.27995
"Random, 3,276 + KD",R3276__KD__yolo26n__s42,0.6619,0.02966,0.28121
"Random, 3,276 + KD",R3276__KD__yolo26n__s42,0.6644,0.02889,0.28247
"Random, 3,276 + KD",R3276__KD__yolo26n__s42,0.6669,0.02889,0.28373
"Random, 3,276 + KD",R3276__KD__yolo26n__s42,0.6693,0.02773,0.28373
"Random, 3,276 + KD",R3276__KD__yolo26n__s42,0.6718,0.02735,0.28436
"Random, 3,276 + KD",R3276__KD__yolo26n__s42,0.6743,0.02696,0.28562
"Random, 3,276 + KD",R3276__KD__yolo26n__s42,0.6768,0.02696,0.28625
"Random, 3,276 + KD",R3276__KD__yolo26n__s42,0.6792,0.02696,0.29004
"Random, 3,276 + KD",R3276__KD__yolo26n__s42,0.6817,0.02581,0.29445
"Random, 3,276 + KD",R3276__KD__yolo26n__s42,0.6842,0.02581,0.29634
"Random, 3,276 + KD",R3276__KD__yolo26n__s42,0.6867,0.02504,0.29634
"Random, 3,276 + KD",R3276__KD__yolo26n__s42,0.6892,0.02504,0.29634
"Random, 3,276 + KD",R3276__KD__yolo26n__s42,0.6916,0.02504,0.29887
"Random, 3,276 + KD",R3276__KD__yolo26n__s42,0.6941,0.02465,0.29887
"Random, 3,276 + KD",R3276__KD__yolo26n__s42,0.6966,0.02311,0.30076
"Random, 3,276 + KD",R3276__KD__yolo26n__s42,0.6991,0.02273,0.30265
"Random, 3,276 + KD",R3276__KD__yolo26n__s42,0.7016,0.02196,0.30454
"Random, 3,276 + KD",R3276__KD__yolo26n__s42,0.704,0.02157,0.30769
"Random, 3,276 + KD",R3276__KD__yolo26n__s42,0.7065,0.02157,0.31274
"Random, 3,276 + KD",R3276__KD__yolo26n__s42,0.709,0.02119,0.31337
"Random, 3,276 + KD",R3276__KD__yolo26n__s42,0.7115,0.0208,0.31652
"Random, 3,276 + KD",R3276__KD__yolo26n__s42,0.7139,0.02042,0.31778
"Random, 3,276 + KD",R3276__KD__yolo26n__s42,0.7164,0.01965,0.31841
"Random, 3,276 + KD",R3276__KD__yolo26n__s42,0.7189,0.01965,0.31967
"Random, 3,276 + KD",R3276__KD__yolo26n__s42,0.7214,0.01888,0.32093
"Random, 3,276 + KD",R3276__KD__yolo26n__s42,0.7239,0.01849,0.32472
"Random, 3,276 + KD",R3276__KD__yolo26n__s42,0.7263,0.0181,0.32661
"Random, 3,276 + KD",R3276__KD__yolo26n__s42,0.7288,0.0181,0.32913
"Random, 3,276 + KD",R3276__KD__yolo26n__s42,0.7313,0.01772,0.33165
"Random, 3,276 + KD",R3276__KD__yolo26n__s42,0.7338,0.01772,0.33228
"Random, 3,276 + KD",R3276__KD__yolo26n__s42,0.7363,0.01733,0.33733
"Random, 3,276 + KD",R3276__KD__yolo26n__s42,0.7387,0.01733,0.33985
"Random, 3,276 + KD",R3276__KD__yolo26n__s42,0.7412,0.01618,0.34111
"Random, 3,276 + KD",R3276__KD__yolo26n__s42,0.7437,0.01579,0.34237
"Random, 3,276 + KD",R3276__KD__yolo26n__s42,0.7462,0.01541,0.34489
"Random, 3,276 + KD",R3276__KD__yolo26n__s42,0.7487,0.01502,0.34678
"Random, 3,276 + KD",R3276__KD__yolo26n__s42,0.7511,0.01502,0.34805
"Random, 3,276 + KD",R3276__KD__yolo26n__s42,0.7536,0.01464,0.34868
"Random, 3,276 + KD",R3276__KD__yolo26n__s42,0.7561,0.01425,0.35183
"Random, 3,276 + KD",R3276__KD__yolo26n__s42,0.7586,0.01425,0.35561
"Random, 3,276 + KD",R3276__KD__yolo26n__s42,0.761,0.01425,0.35813
"Random, 3,276 + KD",R3276__KD__yolo26n__s42,0.7635,0.01425,0.36066
"Random, 3,276 + KD",R3276__KD__yolo26n__s42,0.766,0.01387,0.36129
"Random, 3,276 + KD",R3276__KD__yolo26n__s42,0.7685,0.01348,0.36255
"Random, 3,276 + KD",R3276__KD__yolo26n__s42,0.771,0.0131,0.36633
"Random, 3,276 + KD",R3276__KD__yolo26n__s42,0.7734,0.0131,0.37011
"Random, 3,276 + KD",R3276__KD__yolo26n__s42,0.7759,0.0131,0.37137
"Random, 3,276 + KD",R3276__KD__yolo26n__s42,0.7784,0.0131,0.37264
"Random, 3,276 + KD",R3276__KD__yolo26n__s42,0.7809,0.01233,0.37516
"Random, 3,276 + KD",R3276__KD__yolo26n__s42,0.7834,0.01233,0.3802
"Random, 3,276 + KD",R3276__KD__yolo26n__s42,0.7858,0.01194,0.38146
"Random, 3,276 + KD",R3276__KD__yolo26n__s42,0.7883,0.01156,0.38398
"Random, 3,276 + KD",R3276__KD__yolo26n__s42,0.7908,0.01156,0.38777
"Random, 3,276 + KD",R3276__KD__yolo26n__s42,0.7933,0.01156,0.39344
"Random, 3,276 + KD",R3276__KD__yolo26n__s42,0.7957,0.01156,0.3966
"Random, 3,276 + KD",R3276__KD__yolo26n__s42,0.7982,0.01156,0.40164
"Random, 3,276 + KD",R3276__KD__yolo26n__s42,0.8007,0.01156,0.40542
"Random, 3,276 + KD",R3276__KD__yolo26n__s42,0.8032,0.01156,0.40858
"Random, 3,276 + KD",R3276__KD__yolo26n__s42,0.8057,0.01156,0.41236
"Random, 3,276 + KD",R3276__KD__yolo26n__s42,0.8081,0.01156,0.41551
"Random, 3,276 + KD",R3276__KD__yolo26n__s42,0.8106,0.01079,0.41992
"Random, 3,276 + KD",R3276__KD__yolo26n__s42,0.8131,0.0104,0.42497
"Random, 3,276 + KD",R3276__KD__yolo26n__s42,0.8156,0.00963,0.4319
"Random, 3,276 + KD",R3276__KD__yolo26n__s42,0.8181,0.00963,0.43695
"Random, 3,276 + KD",R3276__KD__yolo26n__s42,0.8205,0.00886,0.4401
"Random, 3,276 + KD",R3276__KD__yolo26n__s42,0.823,0.00847,0.44262
"Random, 3,276 + KD",R3276__KD__yolo26n__s42,0.8255,0.0077,0.44893
"Random, 3,276 + KD",R3276__KD__yolo26n__s42,0.828,0.0077,0.45712
"Random, 3,276 + KD",R3276__KD__yolo26n__s42,0.8304,0.0077,0.46217
"Random, 3,276 + KD",R3276__KD__yolo26n__s42,0.8329,0.0077,0.46784
"Random, 3,276 + KD",R3276__KD__yolo26n__s42,0.8354,0.00732,0.47478
"Random, 3,276 + KD",R3276__KD__yolo26n__s42,0.8379,0.00693,0.48108
"Random, 3,276 + KD",R3276__KD__yolo26n__s42,0.8404,0.00655,0.48865
"Random, 3,276 + KD",R3276__KD__yolo26n__s42,0.8428,0.00655,0.49433
"Random, 3,276 + KD",R3276__KD__yolo26n__s42,0.8453,0.00655,0.49937
"Random, 3,276 + KD",R3276__KD__yolo26n__s42,0.8478,0.00655,0.51324
"Random, 3,276 + KD",R3276__KD__yolo26n__s42,0.8503,0.00655,0.52081
"Random, 3,276 + KD",R3276__KD__yolo26n__s42,0.8528,0.00501,0.52711
"Random, 3,276 + KD",R3276__KD__yolo26n__s42,0.8552,0.00501,0.54224
"Random, 3,276 + KD",R3276__KD__yolo26n__s42,0.8577,0.00501,0.55359
"Random, 3,276 + KD",R3276__KD__yolo26n__s42,0.8602,0.00501,0.56747
"Random, 3,276 + KD",R3276__KD__yolo26n__s42,0.8627,0.00501,0.5826
"Random, 3,276 + KD",R3276__KD__yolo26n__s42,0.8652,0.00501,0.59142
"Random, 3,276 + KD",R3276__KD__yolo26n__s42,0.8676,0.00501,0.60845
"Random, 3,276 + KD",R3276__KD__yolo26n__s42,0.8701,0.00501,0.61602
"Random, 3,276 + KD",R3276__KD__yolo26n__s42,0.8726,0.00501,0.62673
"Random, 3,276 + KD",R3276__KD__yolo26n__s42,0.8751,0.00462,0.63871
"Random, 3,276 + KD",R3276__KD__yolo26n__s42,0.8775,0.00462,0.65195
"Random, 3,276 + KD",R3276__KD__yolo26n__s42,0.88,0.00462,0.66583
"Random, 3,276 + KD",R3276__KD__yolo26n__s42,0.8825,0.00385,0.68159
"Random, 3,276 + KD",R3276__KD__yolo26n__s42,0.885,0.00385,0.69987
"Random, 3,276 + KD",R3276__KD__yolo26n__s42,0.8875,0.00347,0.71122
"Random, 3,276 + KD",R3276__KD__yolo26n__s42,0.8899,0.00347,0.72257
"Random, 3,276 + KD",R3276__KD__yolo26n__s42,0.8924,0.00308,0.73518
"Random, 3,276 + KD",R3276__KD__yolo26n__s42,0.8949,0.00308,0.74464
"Random, 3,276 + KD",R3276__KD__yolo26n__s42,0.8974,0.00308,0.75914
"Random, 3,276 + KD",R3276__KD__yolo26n__s42,0.8999,0.00308,0.77112
"Random, 3,276 + KD",R3276__KD__yolo26n__s42,0.9023,0.0027,0.78058
"Random, 3,276 + KD",R3276__KD__yolo26n__s42,0.9048,0.00193,0.79319
"Random, 3,276 + KD",R3276__KD__yolo26n__s42,0.9073,0.00154,0.80706
"Random, 3,276 + KD",R3276__KD__yolo26n__s42,0.9098,0.00154,0.81904
"Random, 3,276 + KD",R3276__KD__yolo26n__s42,0.9122,0.00154,0.83417
"Random, 3,276 + KD",R3276__KD__yolo26n__s42,0.9147,0.00154,0.84237
"Random, 3,276 + KD",R3276__KD__yolo26n__s42,0.9172,0.00154,0.85624
"Random, 3,276 + KD",R3276__KD__yolo26n__s42,0.9197,0.00154,0.87074
"Random, 3,276 + KD",R3276__KD__yolo26n__s42,0.9222,0.00077,0.88462
"Random, 3,276 + KD",R3276__KD__yolo26n__s42,0.9246,0.00039,0.8966
"Random, 3,276 + KD",R3276__KD__yolo26n__s42,0.9271,0.00039,0.90858
"Random, 3,276 + KD",R3276__KD__yolo26n__s42,0.9296,0.00039,0.92119
"Random, 3,276 + KD",R3276__KD__yolo26n__s42,0.9321,0.00039,0.93317
"Random, 3,276 + KD",R3276__KD__yolo26n__s42,0.9346,0.0,0.94199
"Random, 3,276 + KD",R3276__KD__yolo26n__s42,0.937,0.0,0.94893
"Random, 3,276 + KD",R3276__KD__yolo26n__s42,0.9395,0.0,0.95965
"Random, 3,276 + KD",R3276__KD__yolo26n__s42,0.942,0.0,0.96658
"Random, 3,276 + KD",R3276__KD__yolo26n__s42,0.9445,0.0,0.97037
"Random, 3,276 + KD",R3276__KD__yolo26n__s42,0.9469,0.0,0.97478
"Random, 3,276 + KD",R3276__KD__yolo26n__s42,0.9494,0.0,0.97919
"Random, 3,276 + KD",R3276__KD__yolo26n__s42,0.9519,0.0,0.98361
"Random, 3,276 + KD",R3276__KD__yolo26n__s42,0.9544,0.0,0.98802
"Random, 3,276 + KD",R3276__KD__yolo26n__s42,0.9569,0.0,0.99117
"Random, 3,276 + KD",R3276__KD__yolo26n__s42,0.9593,0.0,0.99243
"Random, 3,276 + KD",R3276__KD__yolo26n__s42,0.9618,0.0,0.99496
"Random, 3,276 + KD",R3276__KD__yolo26n__s42,0.9643,0.0,0.99496
"Random, 3,276 + KD",R3276__KD__yolo26n__s42,0.9668,0.0,0.99496
"Random, 3,276 + KD",R3276__KD__yolo26n__s42,0.9693,0.0,0.99559
"Random, 3,276 + KD",R3276__KD__yolo26n__s42,0.9717,0.0,0.99685
"Random, 3,276 + KD",R3276__KD__yolo26n__s42,0.9742,0.0,0.99811
"Random, 3,276 + KD",R3276__KD__yolo26n__s42,0.9767,0.0,0.99937
"Random, 3,276 + KD",R3276__KD__yolo26n__s42,0.9792,0.0,1.0
"Random, 3,276 + KD",R3276__KD__yolo26n__s42,0.9816,0.0,1.0
"Random, 3,276 + KD",R3276__KD__yolo26n__s42,0.9841,0.0,1.0
"Random, 3,276 + KD",R3276__KD__yolo26n__s42,0.9866,0.0,1.0
"Random, 3,276 + KD",R3276__KD__yolo26n__s42,0.9891,0.0,1.0
"Random, 3,276 + KD",R3276__KD__yolo26n__s42,0.9916,0.0,1.0
"Random, 3,276 + KD",R3276__KD__yolo26n__s42,0.994,0.0,1.0
"Random, 3,276 + KD",R3276__KD__yolo26n__s42,0.9965,0.0,1.0
"Random, 3,276 + KD",R3276__KD__yolo26n__s42,0.999,0.0,1.0
Deployed kd6 (paper model),kd__kd6__s42,0.01,0.35208,0.06053
Deployed kd6 (paper model),kd__kd6__s42,0.0125,0.30701,0.06242
Deployed kd6 (paper model),kd__kd6__s42,0.015,0.27504,0.06431
Deployed kd6 (paper model),kd__kd6__s42,0.0174,0.25347,0.06557
Deployed kd6 (paper model),kd__kd6__s42,0.0199,0.22997,0.0662
Deployed kd6 (paper model),kd__kd6__s42,0.0224,0.21495,0.0662
Deployed kd6 (paper model),kd__kd6__s42,0.0249,0.20069,0.0681
Deployed kd6 (paper model),kd__kd6__s42,0.0274,0.18798,0.07125
Deployed kd6 (paper model),kd__kd6__s42,0.0298,0.17488,0.07314
Deployed kd6 (paper model),kd__kd6__s42,0.0323,0.16448,0.07314
Deployed kd6 (paper model),kd__kd6__s42,0.0348,0.15601,0.0744
Deployed kd6 (paper model),kd__kd6__s42,0.0373,0.151,0.07566
Deployed kd6 (paper model),kd__kd6__s42,0.0397,0.14831,0.07566
Deployed kd6 (paper model),kd__kd6__s42,0.0422,0.14253,0.07692
Deployed kd6 (paper model),kd__kd6__s42,0.0447,0.13983,0.07755
Deployed kd6 (paper model),kd__kd6__s42,0.0472,0.13482,0.07881
Deployed kd6 (paper model),kd__kd6__s42,0.0497,0.13213,0.08071
Deployed kd6 (paper model),kd__kd6__s42,0.0521,0.12712,0.08134
Deployed kd6 (paper model),kd__kd6__s42,0.0546,0.12404,0.08197
Deployed kd6 (paper model),kd__kd6__s42,0.0571,0.12057,0.08386
Deployed kd6 (paper model),kd__kd6__s42,0.0596,0.11826,0.08449
Deployed kd6 (paper model),kd__kd6__s42,0.0621,0.11595,0.08512
Deployed kd6 (paper model),kd__kd6__s42,0.0645,0.11094,0.08638
Deployed kd6 (paper model),kd__kd6__s42,0.067,0.10863,0.08701
Deployed kd6 (paper model),kd__kd6__s42,0.0695,0.10516,0.08764
Deployed kd6 (paper model),kd__kd6__s42,0.072,0.10131,0.0889
Deployed kd6 (paper model),kd__kd6__s42,0.0744,0.09938,0.0889
Deployed kd6 (paper model),kd__kd6__s42,0.0769,0.09746,0.08953
Deployed kd6 (paper model),kd__kd6__s42,0.0794,0.09515,0.09079
Deployed kd6 (paper model),kd__kd6__s42,0.0819,0.09322,0.09142
Deployed kd6 (paper model),kd__kd6__s42,0.0844,0.09206,0.09269
Deployed kd6 (paper model),kd__kd6__s42,0.0868,0.09052,0.09332
Deployed kd6 (paper model),kd__kd6__s42,0.0893,0.08898,0.09332
Deployed kd6 (paper model),kd__kd6__s42,0.0918,0.08706,0.09395
Deployed kd6 (paper model),kd__kd6__s42,0.0943,0.08475,0.09395
Deployed kd6 (paper model),kd__kd6__s42,0.0968,0.08282,0.09395
Deployed kd6 (paper model),kd__kd6__s42,0.0992,0.08128,0.09458
Deployed kd6 (paper model),kd__kd6__s42,0.1017,0.08012,0.09458
Deployed kd6 (paper model),kd__kd6__s42,0.1042,0.07935,0.09458
Deployed kd6 (paper model),kd__kd6__s42,0.1067,0.07704,0.09458
Deployed kd6 (paper model),kd__kd6__s42,0.1091,0.07473,0.09458
Deployed kd6 (paper model),kd__kd6__s42,0.1116,0.07435,0.09458
Deployed kd6 (paper model),kd__kd6__s42,0.1141,0.07357,0.09458
Deployed kd6 (paper model),kd__kd6__s42,0.1166,0.0728,0.09458
Deployed kd6 (paper model),kd__kd6__s42,0.1191,0.07203,0.09584
Deployed kd6 (paper model),kd__kd6__s42,0.1215,0.07165,0.0971
Deployed kd6 (paper model),kd__kd6__s42,0.124,0.07088,0.0971
Deployed kd6 (paper model),kd__kd6__s42,0.1265,0.07011,0.10025
Deployed kd6 (paper model),kd__kd6__s42,0.129,0.07011,0.10025
Deployed kd6 (paper model),kd__kd6__s42,0.1315,0.06934,0.10088
Deployed kd6 (paper model),kd__kd6__s42,0.1339,0.06895,0.10151
Deployed kd6 (paper model),kd__kd6__s42,0.1364,0.06857,0.10277
Deployed kd6 (paper model),kd__kd6__s42,0.1389,0.06741,0.1034
Deployed kd6 (paper model),kd__kd6__s42,0.1414,0.06741,0.10404
Deployed kd6 (paper model),kd__kd6__s42,0.1438,0.06626,0.10467
Deployed kd6 (paper model),kd__kd6__s42,0.1463,0.06587,0.1053
Deployed kd6 (paper model),kd__kd6__s42,0.1488,0.0651,0.10656
Deployed kd6 (paper model),kd__kd6__s42,0.1513,0.0651,0.10656
Deployed kd6 (paper model),kd__kd6__s42,0.1538,0.0651,0.10719
Deployed kd6 (paper model),kd__kd6__s42,0.1562,0.0651,0.10719
Deployed kd6 (paper model),kd__kd6__s42,0.1587,0.06394,0.10719
Deployed kd6 (paper model),kd__kd6__s42,0.1612,0.06394,0.10719
Deployed kd6 (paper model),kd__kd6__s42,0.1637,0.06356,0.10845
Deployed kd6 (paper model),kd__kd6__s42,0.1662,0.06317,0.10908
Deployed kd6 (paper model),kd__kd6__s42,0.1686,0.06317,0.10908
Deployed kd6 (paper model),kd__kd6__s42,0.1711,0.06163,0.10908
Deployed kd6 (paper model),kd__kd6__s42,0.1736,0.06009,0.10971
Deployed kd6 (paper model),kd__kd6__s42,0.1761,0.06009,0.11034
Deployed kd6 (paper model),kd__kd6__s42,0.1786,0.06009,0.11097
Deployed kd6 (paper model),kd__kd6__s42,0.181,0.05932,0.11097
Deployed kd6 (paper model),kd__kd6__s42,0.1835,0.05932,0.1116
Deployed kd6 (paper model),kd__kd6__s42,0.186,0.05778,0.1116
Deployed kd6 (paper model),kd__kd6__s42,0.1885,0.05778,0.1116
Deployed kd6 (paper model),kd__kd6__s42,0.1909,0.05701,0.11223
Deployed kd6 (paper model),kd__kd6__s42,0.1934,0.05663,0.11223
Deployed kd6 (paper model),kd__kd6__s42,0.1959,0.05663,0.11223
Deployed kd6 (paper model),kd__kd6__s42,0.1984,0.05586,0.11223
Deployed kd6 (paper model),kd__kd6__s42,0.2009,0.05586,0.11286
Deployed kd6 (paper model),kd__kd6__s42,0.2033,0.0547,0.11412
Deployed kd6 (paper model),kd__kd6__s42,0.2058,0.05431,0.11475
Deployed kd6 (paper model),kd__kd6__s42,0.2083,0.05354,0.11475
Deployed kd6 (paper model),kd__kd6__s42,0.2108,0.05277,0.11665
Deployed kd6 (paper model),kd__kd6__s42,0.2133,0.052,0.11791
Deployed kd6 (paper model),kd__kd6__s42,0.2157,0.05162,0.1198
Deployed kd6 (paper model),kd__kd6__s42,0.2182,0.05162,0.1198
Deployed kd6 (paper model),kd__kd6__s42,0.2207,0.05123,0.12106
Deployed kd6 (paper model),kd__kd6__s42,0.2232,0.05123,0.12232
Deployed kd6 (paper model),kd__kd6__s42,0.2256,0.05085,0.12232
Deployed kd6 (paper model),kd__kd6__s42,0.2281,0.05046,0.12232
Deployed kd6 (paper model),kd__kd6__s42,0.2306,0.05046,0.12232
Deployed kd6 (paper model),kd__kd6__s42,0.2331,0.04969,0.12232
Deployed kd6 (paper model),kd__kd6__s42,0.2356,0.04892,0.12232
Deployed kd6 (paper model),kd__kd6__s42,0.238,0.04854,0.12421
Deployed kd6 (paper model),kd__kd6__s42,0.2405,0.04777,0.12421
Deployed kd6 (paper model),kd__kd6__s42,0.243,0.04777,0.12421
Deployed kd6 (paper model),kd__kd6__s42,0.2455,0.047,0.12547
Deployed kd6 (paper model),kd__kd6__s42,0.248,0.04622,0.12547
Deployed kd6 (paper model),kd__kd6__s42,0.2504,0.04622,0.12547
Deployed kd6 (paper model),kd__kd6__s42,0.2529,0.04584,0.1261
Deployed kd6 (paper model),kd__kd6__s42,0.2554,0.04545,0.12799
Deployed kd6 (paper model),kd__kd6__s42,0.2579,0.04545,0.12863
Deployed kd6 (paper model),kd__kd6__s42,0.2603,0.04545,0.12863
Deployed kd6 (paper model),kd__kd6__s42,0.2628,0.04507,0.12863
Deployed kd6 (paper model),kd__kd6__s42,0.2653,0.04468,0.12989
Deployed kd6 (paper model),kd__kd6__s42,0.2678,0.04391,0.13178
Deployed kd6 (paper model),kd__kd6__s42,0.2703,0.04353,0.13304
Deployed kd6 (paper model),kd__kd6__s42,0.2727,0.04199,0.13304
Deployed kd6 (paper model),kd__kd6__s42,0.2752,0.04199,0.13367
Deployed kd6 (paper model),kd__kd6__s42,0.2777,0.04199,0.13367
Deployed kd6 (paper model),kd__kd6__s42,0.2802,0.04199,0.13367
Deployed kd6 (paper model),kd__kd6__s42,0.2827,0.04199,0.13367
Deployed kd6 (paper model),kd__kd6__s42,0.2851,0.04122,0.13493
Deployed kd6 (paper model),kd__kd6__s42,0.2876,0.04122,0.13493
Deployed kd6 (paper model),kd__kd6__s42,0.2901,0.04045,0.13493
Deployed kd6 (paper model),kd__kd6__s42,0.2926,0.03968,0.13619
Deployed kd6 (paper model),kd__kd6__s42,0.2951,0.03929,0.13682
Deployed kd6 (paper model),kd__kd6__s42,0.2975,0.03891,0.13745
Deployed kd6 (paper model),kd__kd6__s42,0.3,0.03814,0.13808
Deployed kd6 (paper model),kd__kd6__s42,0.3025,0.03775,0.13808
Deployed kd6 (paper model),kd__kd6__s42,0.305,0.03737,0.13808
Deployed kd6 (paper model),kd__kd6__s42,0.3074,0.03698,0.13871
Deployed kd6 (paper model),kd__kd6__s42,0.3099,0.03698,0.13934
Deployed kd6 (paper model),kd__kd6__s42,0.3124,0.03659,0.13934
Deployed kd6 (paper model),kd__kd6__s42,0.3149,0.03659,0.13997
Deployed kd6 (paper model),kd__kd6__s42,0.3174,0.03582,0.14061
Deployed kd6 (paper model),kd__kd6__s42,0.3198,0.03582,0.14124
Deployed kd6 (paper model),kd__kd6__s42,0.3223,0.03582,0.1425
Deployed kd6 (paper model),kd__kd6__s42,0.3248,0.03544,0.14439
Deployed kd6 (paper model),kd__kd6__s42,0.3273,0.03544,0.14439
Deployed kd6 (paper model),kd__kd6__s42,0.3298,0.03505,0.14439
Deployed kd6 (paper model),kd__kd6__s42,0.3322,0.03467,0.14502
Deployed kd6 (paper model),kd__kd6__s42,0.3347,0.0339,0.14502
Deployed kd6 (paper model),kd__kd6__s42,0.3372,0.0339,0.14628
Deployed kd6 (paper model),kd__kd6__s42,0.3397,0.03313,0.14691
Deployed kd6 (paper model),kd__kd6__s42,0.3421,0.03313,0.14691
Deployed kd6 (paper model),kd__kd6__s42,0.3446,0.03236,0.14691
Deployed kd6 (paper model),kd__kd6__s42,0.3471,0.03197,0.14691
Deployed kd6 (paper model),kd__kd6__s42,0.3496,0.03159,0.14817
Deployed kd6 (paper model),kd__kd6__s42,0.3521,0.03082,0.14817
Deployed kd6 (paper model),kd__kd6__s42,0.3545,0.03043,0.14943
Deployed kd6 (paper model),kd__kd6__s42,0.357,0.03043,0.14943
Deployed kd6 (paper model),kd__kd6__s42,0.3595,0.03005,0.14943
Deployed kd6 (paper model),kd__kd6__s42,0.362,0.02966,0.14943
Deployed kd6 (paper model),kd__kd6__s42,0.3645,0.02966,0.14943
Deployed kd6 (paper model),kd__kd6__s42,0.3669,0.02966,0.15006
Deployed kd6 (paper model),kd__kd6__s42,0.3694,0.02966,0.15132
Deployed kd6 (paper model),kd__kd6__s42,0.3719,0.02966,0.15322
Deployed kd6 (paper model),kd__kd6__s42,0.3744,0.02966,0.15385
Deployed kd6 (paper model),kd__kd6__s42,0.3768,0.02928,0.15385
Deployed kd6 (paper model),kd__kd6__s42,0.3793,0.02928,0.15385
Deployed kd6 (paper model),kd__kd6__s42,0.3818,0.02889,0.15574
Deployed kd6 (paper model),kd__kd6__s42,0.3843,0.02889,0.15637
Deployed kd6 (paper model),kd__kd6__s42,0.3868,0.02889,0.15763
Deployed kd6 (paper model),kd__kd6__s42,0.3892,0.02889,0.15763
Deployed kd6 (paper model),kd__kd6__s42,0.3917,0.02851,0.15889
Deployed kd6 (paper model),kd__kd6__s42,0.3942,0.02812,0.15889
Deployed kd6 (paper model),kd__kd6__s42,0.3967,0.02812,0.15952
Deployed kd6 (paper model),kd__kd6__s42,0.3992,0.02812,0.16141
Deployed kd6 (paper model),kd__kd6__s42,0.4016,0.02619,0.16204
Deployed kd6 (paper model),kd__kd6__s42,0.4041,0.02619,0.16267
Deployed kd6 (paper model),kd__kd6__s42,0.4066,0.02619,0.1633
Deployed kd6 (paper model),kd__kd6__s42,0.4091,0.02619,0.16583
Deployed kd6 (paper model),kd__kd6__s42,0.4115,0.02581,0.16709
Deployed kd6 (paper model),kd__kd6__s42,0.414,0.02581,0.16709
Deployed kd6 (paper model),kd__kd6__s42,0.4165,0.02581,0.16709
Deployed kd6 (paper model),kd__kd6__s42,0.419,0.02542,0.16898
Deployed kd6 (paper model),kd__kd6__s42,0.4215,0.02504,0.17024
Deployed kd6 (paper model),kd__kd6__s42,0.4239,0.02504,0.1715
Deployed kd6 (paper model),kd__kd6__s42,0.4264,0.02465,0.17213
Deployed kd6 (paper model),kd__kd6__s42,0.4289,0.02465,0.17339
Deployed kd6 (paper model),kd__kd6__s42,0.4314,0.02427,0.17465
Deployed kd6 (paper model),kd__kd6__s42,0.4339,0.02427,0.17465
Deployed kd6 (paper model),kd__kd6__s42,0.4363,0.02427,0.17465
Deployed kd6 (paper model),kd__kd6__s42,0.4388,0.02388,0.17528
Deployed kd6 (paper model),kd__kd6__s42,0.4413,0.02388,0.17528
Deployed kd6 (paper model),kd__kd6__s42,0.4438,0.02388,0.17528
Deployed kd6 (paper model),kd__kd6__s42,0.4463,0.0235,0.17591
Deployed kd6 (paper model),kd__kd6__s42,0.4487,0.0235,0.17844
Deployed kd6 (paper model),kd__kd6__s42,0.4512,0.02273,0.17907
Deployed kd6 (paper model),kd__kd6__s42,0.4537,0.02234,0.1797
Deployed kd6 (paper model),kd__kd6__s42,0.4562,0.02196,0.18033
Deployed kd6 (paper model),kd__kd6__s42,0.4586,0.02196,0.18096
Deployed kd6 (paper model),kd__kd6__s42,0.4611,0.02196,0.18159
Deployed kd6 (paper model),kd__kd6__s42,0.4636,0.02119,0.18222
Deployed kd6 (paper model),kd__kd6__s42,0.4661,0.02042,0.18348
Deployed kd6 (paper model),kd__kd6__s42,0.4686,0.02042,0.18537
Deployed kd6 (paper model),kd__kd6__s42,0.471,0.02042,0.18537
Deployed kd6 (paper model),kd__kd6__s42,0.4735,0.02042,0.18537
Deployed kd6 (paper model),kd__kd6__s42,0.476,0.02042,0.18726
Deployed kd6 (paper model),kd__kd6__s42,0.4785,0.02042,0.18789
Deployed kd6 (paper model),kd__kd6__s42,0.481,0.02003,0.18916
Deployed kd6 (paper model),kd__kd6__s42,0.4834,0.02003,0.19042
Deployed kd6 (paper model),kd__kd6__s42,0.4859,0.01965,0.19105
Deployed kd6 (paper model),kd__kd6__s42,0.4884,0.01965,0.19105
Deployed kd6 (paper model),kd__kd6__s42,0.4909,0.01926,0.19168
Deployed kd6 (paper model),kd__kd6__s42,0.4933,0.01849,0.19231
Deployed kd6 (paper model),kd__kd6__s42,0.4958,0.01849,0.19231
Deployed kd6 (paper model),kd__kd6__s42,0.4983,0.01849,0.19357
Deployed kd6 (paper model),kd__kd6__s42,0.5008,0.01849,0.19483
Deployed kd6 (paper model),kd__kd6__s42,0.5033,0.01733,0.19483
Deployed kd6 (paper model),kd__kd6__s42,0.5057,0.01695,0.19672
Deployed kd6 (paper model),kd__kd6__s42,0.5082,0.01579,0.19672
Deployed kd6 (paper model),kd__kd6__s42,0.5107,0.01541,0.19735
Deployed kd6 (paper model),kd__kd6__s42,0.5132,0.01541,0.19798
Deployed kd6 (paper model),kd__kd6__s42,0.5157,0.01502,0.19861
Deployed kd6 (paper model),kd__kd6__s42,0.5181,0.01502,0.19924
Deployed kd6 (paper model),kd__kd6__s42,0.5206,0.01502,0.20113
Deployed kd6 (paper model),kd__kd6__s42,0.5231,0.01464,0.2024
Deployed kd6 (paper model),kd__kd6__s42,0.5256,0.01464,0.20303
Deployed kd6 (paper model),kd__kd6__s42,0.528,0.01464,0.20366
Deployed kd6 (paper model),kd__kd6__s42,0.5305,0.01464,0.20492
Deployed kd6 (paper model),kd__kd6__s42,0.533,0.01425,0.20618
Deployed kd6 (paper model),kd__kd6__s42,0.5355,0.01425,0.20618
Deployed kd6 (paper model),kd__kd6__s42,0.538,0.01425,0.20744
Deployed kd6 (paper model),kd__kd6__s42,0.5404,0.01425,0.2087
Deployed kd6 (paper model),kd__kd6__s42,0.5429,0.01387,0.20933
Deployed kd6 (paper model),kd__kd6__s42,0.5454,0.01387,0.20996
Deployed kd6 (paper model),kd__kd6__s42,0.5479,0.01387,0.20996
Deployed kd6 (paper model),kd__kd6__s42,0.5504,0.0131,0.21185
Deployed kd6 (paper model),kd__kd6__s42,0.5528,0.0131,0.21248
Deployed kd6 (paper model),kd__kd6__s42,0.5553,0.0131,0.21311
Deployed kd6 (paper model),kd__kd6__s42,0.5578,0.01271,0.21375
Deployed kd6 (paper model),kd__kd6__s42,0.5603,0.01271,0.21501
Deployed kd6 (paper model),kd__kd6__s42,0.5627,0.01271,0.2169
Deployed kd6 (paper model),kd__kd6__s42,0.5652,0.01271,0.21942
Deployed kd6 (paper model),kd__kd6__s42,0.5677,0.01271,0.21942
Deployed kd6 (paper model),kd__kd6__s42,0.5702,0.01271,0.22005
Deployed kd6 (paper model),kd__kd6__s42,0.5727,0.01233,0.22131
Deployed kd6 (paper model),kd__kd6__s42,0.5751,0.01233,0.22194
Deployed kd6 (paper model),kd__kd6__s42,0.5776,0.01233,0.2232
Deployed kd6 (paper model),kd__kd6__s42,0.5801,0.01233,0.22383
Deployed kd6 (paper model),kd__kd6__s42,0.5826,0.01233,0.22446
Deployed kd6 (paper model),kd__kd6__s42,0.5851,0.01233,0.22573
Deployed kd6 (paper model),kd__kd6__s42,0.5875,0.01233,0.22762
Deployed kd6 (paper model),kd__kd6__s42,0.59,0.01194,0.23014
Deployed kd6 (paper model),kd__kd6__s42,0.5925,0.01156,0.2314
Deployed kd6 (paper model),kd__kd6__s42,0.595,0.01156,0.23203
Deployed kd6 (paper model),kd__kd6__s42,0.5975,0.01117,0.23266
Deployed kd6 (paper model),kd__kd6__s42,0.5999,0.01117,0.23266
Deployed kd6 (paper model),kd__kd6__s42,0.6024,0.01117,0.23266
Deployed kd6 (paper model),kd__kd6__s42,0.6049,0.01079,0.23266
Deployed kd6 (paper model),kd__kd6__s42,0.6074,0.01079,0.23455
Deployed kd6 (paper model),kd__kd6__s42,0.6098,0.01079,0.23644
Deployed kd6 (paper model),kd__kd6__s42,0.6123,0.0104,0.23644
Deployed kd6 (paper model),kd__kd6__s42,0.6148,0.0104,0.23707
Deployed kd6 (paper model),kd__kd6__s42,0.6173,0.01002,0.23834
Deployed kd6 (paper model),kd__kd6__s42,0.6198,0.01002,0.2396
Deployed kd6 (paper model),kd__kd6__s42,0.6222,0.00963,0.24212
Deployed kd6 (paper model),kd__kd6__s42,0.6247,0.00963,0.24275
Deployed kd6 (paper model),kd__kd6__s42,0.6272,0.00963,0.2459
Deployed kd6 (paper model),kd__kd6__s42,0.6297,0.00963,0.24968
Deployed kd6 (paper model),kd__kd6__s42,0.6322,0.00963,0.24968
Deployed kd6 (paper model),kd__kd6__s42,0.6346,0.00963,0.25095
Deployed kd6 (paper model),kd__kd6__s42,0.6371,0.00963,0.25158
Deployed kd6 (paper model),kd__kd6__s42,0.6396,0.00924,0.25158
Deployed kd6 (paper model),kd__kd6__s42,0.6421,0.00886,0.2541
Deployed kd6 (paper model),kd__kd6__s42,0.6445,0.00847,0.25536
Deployed kd6 (paper model),kd__kd6__s42,0.647,0.00847,0.25914
Deployed kd6 (paper model),kd__kd6__s42,0.6495,0.00847,0.26356
Deployed kd6 (paper model),kd__kd6__s42,0.652,0.00847,0.26545
Deployed kd6 (paper model),kd__kd6__s42,0.6545,0.00809,0.26608
Deployed kd6 (paper model),kd__kd6__s42,0.6569,0.0077,0.2686
Deployed kd6 (paper model),kd__kd6__s42,0.6594,0.0077,0.26986
Deployed kd6 (paper model),kd__kd6__s42,0.6619,0.00732,0.27238
Deployed kd6 (paper model),kd__kd6__s42,0.6644,0.00732,0.27364
Deployed kd6 (paper model),kd__kd6__s42,0.6669,0.00655,0.27491
Deployed kd6 (paper model),kd__kd6__s42,0.6693,0.00655,0.27743
Deployed kd6 (paper model),kd__kd6__s42,0.6718,0.00655,0.28058
Deployed kd6 (paper model),kd__kd6__s42,0.6743,0.00655,0.28499
Deployed kd6 (paper model),kd__kd6__s42,0.6768,0.00655,0.28689
Deployed kd6 (paper model),kd__kd6__s42,0.6792,0.00655,0.28689
Deployed kd6 (paper model),kd__kd6__s42,0.6817,0.00655,0.28815
Deployed kd6 (paper model),kd__kd6__s42,0.6842,0.00655,0.28878
Deployed kd6 (paper model),kd__kd6__s42,0.6867,0.00655,0.29004
Deployed kd6 (paper model),kd__kd6__s42,0.6892,0.00655,0.29319
Deployed kd6 (paper model),kd__kd6__s42,0.6916,0.00578,0.29445
Deployed kd6 (paper model),kd__kd6__s42,0.6941,0.00578,0.29571
Deployed kd6 (paper model),kd__kd6__s42,0.6966,0.00578,0.29697
Deployed kd6 (paper model),kd__kd6__s42,0.6991,0.00578,0.30076
Deployed kd6 (paper model),kd__kd6__s42,0.7016,0.00578,0.30202
Deployed kd6 (paper model),kd__kd6__s42,0.704,0.00578,0.30265
Deployed kd6 (paper model),kd__kd6__s42,0.7065,0.00578,0.30517
Deployed kd6 (paper model),kd__kd6__s42,0.709,0.00539,0.30832
Deployed kd6 (paper model),kd__kd6__s42,0.7115,0.00539,0.30958
Deployed kd6 (paper model),kd__kd6__s42,0.7139,0.00539,0.31021
Deployed kd6 (paper model),kd__kd6__s42,0.7164,0.00539,0.31211
Deployed kd6 (paper model),kd__kd6__s42,0.7189,0.00501,0.31526
Deployed kd6 (paper model),kd__kd6__s42,0.7214,0.00501,0.31652
Deployed kd6 (paper model),kd__kd6__s42,0.7239,0.00501,0.31715
Deployed kd6 (paper model),kd__kd6__s42,0.7263,0.00501,0.31841
Deployed kd6 (paper model),kd__kd6__s42,0.7288,0.00501,0.32346
Deployed kd6 (paper model),kd__kd6__s42,0.7313,0.00462,0.32661
Deployed kd6 (paper model),kd__kd6__s42,0.7338,0.00462,0.32913
Deployed kd6 (paper model),kd__kd6__s42,0.7363,0.00462,0.33039
Deployed kd6 (paper model),kd__kd6__s42,0.7387,0.00462,0.33228
Deployed kd6 (paper model),kd__kd6__s42,0.7412,0.00462,0.33544
Deployed kd6 (paper model),kd__kd6__s42,0.7437,0.00424,0.33922
Deployed kd6 (paper model),kd__kd6__s42,0.7462,0.00424,0.34174
Deployed kd6 (paper model),kd__kd6__s42,0.7487,0.00424,0.34174
Deployed kd6 (paper model),kd__kd6__s42,0.7511,0.00424,0.34552
Deployed kd6 (paper model),kd__kd6__s42,0.7536,0.00424,0.34805
Deployed kd6 (paper model),kd__kd6__s42,0.7561,0.00424,0.35057
Deployed kd6 (paper model),kd__kd6__s42,0.7586,0.00424,0.35687
Deployed kd6 (paper model),kd__kd6__s42,0.761,0.00385,0.36192
Deployed kd6 (paper model),kd__kd6__s42,0.7635,0.00385,0.3657
Deployed kd6 (paper model),kd__kd6__s42,0.766,0.00385,0.36948
Deployed kd6 (paper model),kd__kd6__s42,0.7685,0.00385,0.3739
Deployed kd6 (paper model),kd__kd6__s42,0.771,0.00385,0.37579
Deployed kd6 (paper model),kd__kd6__s42,0.7734,0.00385,0.37831
Deployed kd6 (paper model),kd__kd6__s42,0.7759,0.00385,0.38146
Deployed kd6 (paper model),kd__kd6__s42,0.7784,0.00385,0.38462
Deployed kd6 (paper model),kd__kd6__s42,0.7809,0.00308,0.38651
Deployed kd6 (paper model),kd__kd6__s42,0.7834,0.00308,0.39092
Deployed kd6 (paper model),kd__kd6__s42,0.7858,0.00308,0.39596
Deployed kd6 (paper model),kd__kd6__s42,0.7883,0.00308,0.40101
Deployed kd6 (paper model),kd__kd6__s42,0.7908,0.0027,0.40479
Deployed kd6 (paper model),kd__kd6__s42,0.7933,0.0027,0.41236
Deployed kd6 (paper model),kd__kd6__s42,0.7957,0.0027,0.41614
Deployed kd6 (paper model),kd__kd6__s42,0.7982,0.0027,0.41929
Deployed kd6 (paper model),kd__kd6__s42,0.8007,0.0027,0.42245
Deployed kd6 (paper model),kd__kd6__s42,0.8032,0.0027,0.42686
Deployed kd6 (paper model),kd__kd6__s42,0.8057,0.0027,0.42938
Deployed kd6 (paper model),kd__kd6__s42,0.8081,0.0027,0.43695
Deployed kd6 (paper model),kd__kd6__s42,0.8106,0.00231,0.43947
Deployed kd6 (paper model),kd__kd6__s42,0.8131,0.00231,0.44578
Deployed kd6 (paper model),kd__kd6__s42,0.8156,0.00193,0.44956
Deployed kd6 (paper model),kd__kd6__s42,0.8181,0.00193,0.45523
Deployed kd6 (paper model),kd__kd6__s42,0.8205,0.00193,0.45902
Deployed kd6 (paper model),kd__kd6__s42,0.823,0.00193,0.46532
Deployed kd6 (paper model),kd__kd6__s42,0.8255,0.00193,0.46974
Deployed kd6 (paper model),kd__kd6__s42,0.828,0.00193,0.47667
Deployed kd6 (paper model),kd__kd6__s42,0.8304,0.00193,0.48108
Deployed kd6 (paper model),kd__kd6__s42,0.8329,0.00193,0.48613
Deployed kd6 (paper model),kd__kd6__s42,0.8354,0.00193,0.4918
Deployed kd6 (paper model),kd__kd6__s42,0.8379,0.00154,0.49622
Deployed kd6 (paper model),kd__kd6__s42,0.8404,0.00154,0.5
Deployed kd6 (paper model),kd__kd6__s42,0.8428,0.00154,0.50883
Deployed kd6 (paper model),kd__kd6__s42,0.8453,0.00154,0.52081
Deployed kd6 (paper model),kd__kd6__s42,0.8478,0.00154,0.52711
Deployed kd6 (paper model),kd__kd6__s42,0.8503,0.00154,0.53594
Deployed kd6 (paper model),kd__kd6__s42,0.8528,0.00154,0.55107
Deployed kd6 (paper model),kd__kd6__s42,0.8552,0.00154,0.55738
Deployed kd6 (paper model),kd__kd6__s42,0.8577,0.00154,0.57503
Deployed kd6 (paper model),kd__kd6__s42,0.8602,0.00154,0.58764
Deployed kd6 (paper model),kd__kd6__s42,0.8627,0.00077,0.59962
Deployed kd6 (paper model),kd__kd6__s42,0.8652,0.00077,0.61602
Deployed kd6 (paper model),kd__kd6__s42,0.8676,0.00039,0.62989
Deployed kd6 (paper model),kd__kd6__s42,0.8701,0.00039,0.63682
Deployed kd6 (paper model),kd__kd6__s42,0.8726,0.00039,0.64565
Deployed kd6 (paper model),kd__kd6__s42,0.8751,0.00039,0.66393
Deployed kd6 (paper model),kd__kd6__s42,0.8775,0.00039,0.67654
Deployed kd6 (paper model),kd__kd6__s42,0.88,0.00039,0.69168
Deployed kd6 (paper model),kd__kd6__s42,0.8825,0.00039,0.7005
Deployed kd6 (paper model),kd__kd6__s42,0.885,0.00039,0.71311
Deployed kd6 (paper model),kd__kd6__s42,0.8875,0.00039,0.72383
Deployed kd6 (paper model),kd__kd6__s42,0.8899,0.00039,0.73897
Deployed kd6 (paper model),kd__kd6__s42,0.8924,0.00039,0.74968
Deployed kd6 (paper model),kd__kd6__s42,0.8949,0.00039,0.75851
Deployed kd6 (paper model),kd__kd6__s42,0.8974,0.0,0.77049
Deployed kd6 (paper model),kd__kd6__s42,0.8999,0.0,0.7831
Deployed kd6 (paper model),kd__kd6__s42,0.9023,0.0,0.79508
Deployed kd6 (paper model),kd__kd6__s42,0.9048,0.0,0.80895
Deployed kd6 (paper model),kd__kd6__s42,0.9073,0.0,0.81967
Deployed kd6 (paper model),kd__kd6__s42,0.9098,0.0,0.82661
Deployed kd6 (paper model),kd__kd6__s42,0.9122,0.0,0.83922
Deployed kd6 (paper model),kd__kd6__s42,0.9147,0.0,0.8512
Deployed kd6 (paper model),kd__kd6__s42,0.9172,0.0,0.86066
Deployed kd6 (paper model),kd__kd6__s42,0.9197,0.0,0.87074
Deployed kd6 (paper model),kd__kd6__s42,0.9222,0.0,0.88398
Deployed kd6 (paper model),kd__kd6__s42,0.9246,0.0,0.89533
Deployed kd6 (paper model),kd__kd6__s42,0.9271,0.0,0.90542
Deployed kd6 (paper model),kd__kd6__s42,0.9296,0.0,0.91677
Deployed kd6 (paper model),kd__kd6__s42,0.9321,0.0,0.93001
Deployed kd6 (paper model),kd__kd6__s42,0.9346,0.0,0.93821
Deployed kd6 (paper model),kd__kd6__s42,0.937,0.0,0.94956
Deployed kd6 (paper model),kd__kd6__s42,0.9395,0.0,0.95839
Deployed kd6 (paper model),kd__kd6__s42,0.942,0.0,0.96343
Deployed kd6 (paper model),kd__kd6__s42,0.9445,0.0,0.96847
Deployed kd6 (paper model),kd__kd6__s42,0.9469,0.0,0.97226
Deployed kd6 (paper model),kd__kd6__s42,0.9494,0.0,0.97856
Deployed kd6 (paper model),kd__kd6__s42,0.9519,0.0,0.98235
Deployed kd6 (paper model),kd__kd6__s42,0.9544,0.0,0.9855
Deployed kd6 (paper model),kd__kd6__s42,0.9569,0.0,0.98739
Deployed kd6 (paper model),kd__kd6__s42,0.9593,0.0,0.98991
Deployed kd6 (paper model),kd__kd6__s42,0.9618,0.0,0.99306
Deployed kd6 (paper model),kd__kd6__s42,0.9643,0.0,0.99369
Deployed kd6 (paper model),kd__kd6__s42,0.9668,0.0,0.99496
Deployed kd6 (paper model),kd__kd6__s42,0.9693,0.0,0.99685
Deployed kd6 (paper model),kd__kd6__s42,0.9717,0.0,0.99937
Deployed kd6 (paper model),kd__kd6__s42,0.9742,0.0,0.99937
Deployed kd6 (paper model),kd__kd6__s42,0.9767,0.0,1.0
Deployed kd6 (paper model),kd__kd6__s42,0.9792,0.0,1.0
Deployed kd6 (paper model),kd__kd6__s42,0.9816,0.0,1.0
Deployed kd6 (paper model),kd__kd6__s42,0.9841,0.0,1.0
Deployed kd6 (paper model),kd__kd6__s42,0.9866,0.0,1.0
Deployed kd6 (paper model),kd__kd6__s42,0.9891,0.0,1.0
Deployed kd6 (paper model),kd__kd6__s42,0.9916,0.0,1.0
Deployed kd6 (paper model),kd__kd6__s42,0.994,0.0,1.0
Deployed kd6 (paper model),kd__kd6__s42,0.9965,0.0,1.0
Deployed kd6 (paper model),kd__kd6__s42,0.999,0.0,1.0
No negatives (paper model),tournament__yolo26n__s42,0.01,1.23767,0.07188
No negatives (paper model),tournament__yolo26n__s42,0.0125,1.14869,0.0744
No negatives (paper model),tournament__yolo26n__s42,0.015,1.07627,0.07629
No negatives (paper model),tournament__yolo26n__s42,0.0174,1.01965,0.07692
No negatives (paper model),tournament__yolo26n__s42,0.0199,0.96918,0.07945
No negatives (paper model),tournament__yolo26n__s42,0.0224,0.93297,0.08008
No negatives (paper model),tournament__yolo26n__s42,0.0249,0.89908,0.08134
No negatives (paper model),tournament__yolo26n__s42,0.0274,0.86595,0.08197
No negatives (paper model),tournament__yolo26n__s42,0.0298,0.83783,0.0826
No negatives (paper model),tournament__yolo26n__s42,0.0323,0.81664,0.08323
No negatives (paper model),tournament__yolo26n__s42,0.0348,0.79122,0.08323
No negatives (paper model),tournament__yolo26n__s42,0.0373,0.77388,0.08512
No negatives (paper model),tournament__yolo26n__s42,0.0397,0.7527,0.08512
No negatives (paper model),tournament__yolo26n__s42,0.0422,0.73421,0.08764
No negatives (paper model),tournament__yolo26n__s42,0.0447,0.71764,0.08764
No negatives (paper model),tournament__yolo26n__s42,0.0472,0.70917,0.08764
No negatives (paper model),tournament__yolo26n__s42,0.0497,0.69877,0.08764
No negatives (paper model),tournament__yolo26n__s42,0.0521,0.68798,0.08764
No negatives (paper model),tournament__yolo26n__s42,0.0546,0.67835,0.08827
No negatives (paper model),tournament__yolo26n__s42,0.0571,0.66949,0.08827
No negatives (paper model),tournament__yolo26n__s42,0.0596,0.65832,0.08827
No negatives (paper model),tournament__yolo26n__s42,0.0621,0.64869,0.0889
No negatives (paper model),tournament__yolo26n__s42,0.0645,0.64099,0.0889
No negatives (paper model),tournament__yolo26n__s42,0.067,0.6329,0.0889
No negatives (paper model),tournament__yolo26n__s42,0.0695,0.62365,0.08953
No negatives (paper model),tournament__yolo26n__s42,0.072,0.61787,0.09016
No negatives (paper model),tournament__yolo26n__s42,0.0744,0.61287,0.09079
No negatives (paper model),tournament__yolo26n__s42,0.0769,0.60555,0.09206
No negatives (paper model),tournament__yolo26n__s42,0.0794,0.59707,0.09332
No negatives (paper model),tournament__yolo26n__s42,0.0819,0.58937,0.09395
No negatives (paper model),tournament__yolo26n__s42,0.0844,0.58359,0.09458
No negatives (paper model),tournament__yolo26n__s42,0.0868,0.57666,0.09521
No negatives (paper model),tournament__yolo26n__s42,0.0893,0.57126,0.0971
No negatives (paper model),tournament__yolo26n__s42,0.0918,0.56741,0.09773
No negatives (paper model),tournament__yolo26n__s42,0.0943,0.56202,0.09899
No negatives (paper model),tournament__yolo26n__s42,0.0968,0.55624,0.09899
No negatives (paper model),tournament__yolo26n__s42,0.0992,0.55008,0.09899
No negatives (paper model),tournament__yolo26n__s42,0.1017,0.54353,0.09962
No negatives (paper model),tournament__yolo26n__s42,0.1042,0.54045,0.10088
No negatives (paper model),tournament__yolo26n__s42,0.1067,0.53544,0.10088
No negatives (paper model),tournament__yolo26n__s42,0.1091,0.52851,0.10151
No negatives (paper model),tournament__yolo26n__s42,0.1116,0.52119,0.10151
No negatives (paper model),tournament__yolo26n__s42,0.1141,0.51502,0.10151
No negatives (paper model),tournament__yolo26n__s42,0.1166,0.51002,0.10277
No negatives (paper model),tournament__yolo26n__s42,0.1191,0.50501,0.10277
No negatives (paper model),tournament__yolo26n__s42,0.1215,0.5,0.1034
No negatives (paper model),tournament__yolo26n__s42,0.124,0.49384,0.1034
No negatives (paper model),tournament__yolo26n__s42,0.1265,0.49037,0.10467
No negatives (paper model),tournament__yolo26n__s42,0.129,0.48498,0.10593
No negatives (paper model),tournament__yolo26n__s42,0.1315,0.47997,0.10593
No negatives (paper model),tournament__yolo26n__s42,0.1339,0.47727,0.10593
No negatives (paper model),tournament__yolo26n__s42,0.1364,0.47227,0.10719
No negatives (paper model),tournament__yolo26n__s42,0.1389,0.4688,0.10719
No negatives (paper model),tournament__yolo26n__s42,0.1414,0.46687,0.10719
No negatives (paper model),tournament__yolo26n__s42,0.1438,0.46379,0.10719
No negatives (paper model),tournament__yolo26n__s42,0.1463,0.46071,0.10845
No negatives (paper model),tournament__yolo26n__s42,0.1488,0.45647,0.10845
No negatives (paper model),tournament__yolo26n__s42,0.1513,0.45378,0.10845
No negatives (paper model),tournament__yolo26n__s42,0.1538,0.45069,0.10845
No negatives (paper model),tournament__yolo26n__s42,0.1562,0.448,0.10845
No negatives (paper model),tournament__yolo26n__s42,0.1587,0.44453,0.10971
No negatives (paper model),tournament__yolo26n__s42,0.1612,0.44106,0.11097
No negatives (paper model),tournament__yolo26n__s42,0.1637,0.43644,0.1116
No negatives (paper model),tournament__yolo26n__s42,0.1662,0.43567,0.1116
No negatives (paper model),tournament__yolo26n__s42,0.1686,0.43374,0.11286
No negatives (paper model),tournament__yolo26n__s42,0.1711,0.43066,0.11286
No negatives (paper model),tournament__yolo26n__s42,0.1736,0.42797,0.11349
No negatives (paper model),tournament__yolo26n__s42,0.1761,0.42488,0.11412
No negatives (paper model),tournament__yolo26n__s42,0.1786,0.42334,0.11412
No negatives (paper model),tournament__yolo26n__s42,0.181,0.42142,0.11412
No negatives (paper model),tournament__yolo26n__s42,0.1835,0.41834,0.11538
No negatives (paper model),tournament__yolo26n__s42,0.186,0.41564,0.11538
No negatives (paper model),tournament__yolo26n__s42,0.1885,0.4141,0.11538
No negatives (paper model),tournament__yolo26n__s42,0.1909,0.41025,0.11538
No negatives (paper model),tournament__yolo26n__s42,0.1934,0.40909,0.11538
No negatives (paper model),tournament__yolo26n__s42,0.1959,0.40447,0.11602
No negatives (paper model),tournament__yolo26n__s42,0.1984,0.401,0.11602
No negatives (paper model),tournament__yolo26n__s42,0.2009,0.39792,0.11602
No negatives (paper model),tournament__yolo26n__s42,0.2033,0.39599,0.11602
No negatives (paper model),tournament__yolo26n__s42,0.2058,0.39484,0.11791
No negatives (paper model),tournament__yolo26n__s42,0.2083,0.39291,0.11791
No negatives (paper model),tournament__yolo26n__s42,0.2108,0.39022,0.11791
No negatives (paper model),tournament__yolo26n__s42,0.2133,0.38867,0.11791
No negatives (paper model),tournament__yolo26n__s42,0.2157,0.38713,0.11854
No negatives (paper model),tournament__yolo26n__s42,0.2182,0.38636,0.11917
No negatives (paper model),tournament__yolo26n__s42,0.2207,0.38444,0.1198
No negatives (paper model),tournament__yolo26n__s42,0.2232,0.38328,0.1198
No negatives (paper model),tournament__yolo26n__s42,0.2256,0.38097,0.12043
No negatives (paper model),tournament__yolo26n__s42,0.2281,0.3802,0.12232
No negatives (paper model),tournament__yolo26n__s42,0.2306,0.37789,0.12232
No negatives (paper model),tournament__yolo26n__s42,0.2331,0.37596,0.12295
No negatives (paper model),tournament__yolo26n__s42,0.2356,0.37404,0.12295
No negatives (paper model),tournament__yolo26n__s42,0.238,0.37096,0.12358
No negatives (paper model),tournament__yolo26n__s42,0.2405,0.36941,0.12358
No negatives (paper model),tournament__yolo26n__s42,0.243,0.36864,0.12358
No negatives (paper model),tournament__yolo26n__s42,0.2455,0.36864,0.12358
No negatives (paper model),tournament__yolo26n__s42,0.248,0.36595,0.12484
No negatives (paper model),tournament__yolo26n__s42,0.2504,0.36402,0.12484
No negatives (paper model),tournament__yolo26n__s42,0.2529,0.36133,0.12484
No negatives (paper model),tournament__yolo26n__s42,0.2554,0.36017,0.12484
No negatives (paper model),tournament__yolo26n__s42,0.2579,0.35593,0.12484
No negatives (paper model),tournament__yolo26n__s42,0.2603,0.35401,0.12547
No negatives (paper model),tournament__yolo26n__s42,0.2628,0.35169,0.12547
No negatives (paper model),tournament__yolo26n__s42,0.2653,0.35015,0.12547
No negatives (paper model),tournament__yolo26n__s42,0.2678,0.34823,0.12547
No negatives (paper model),tournament__yolo26n__s42,0.2703,0.34553,0.1261
No negatives (paper model),tournament__yolo26n__s42,0.2727,0.34515,0.12799
No negatives (paper model),tournament__yolo26n__s42,0.2752,0.34322,0.12799
No negatives (paper model),tournament__yolo26n__s42,0.2777,0.34206,0.12799
No negatives (paper model),tournament__yolo26n__s42,0.2802,0.34014,0.12799
No negatives (paper model),tournament__yolo26n__s42,0.2827,0.33821,0.12863
No negatives (paper model),tournament__yolo26n__s42,0.2851,0.33667,0.12926
No negatives (paper model),tournament__yolo26n__s42,0.2876,0.33513,0.12926
No negatives (paper model),tournament__yolo26n__s42,0.2901,0.3332,0.12989
No negatives (paper model),tournament__yolo26n__s42,0.2926,0.32974,0.12989
No negatives (paper model),tournament__yolo26n__s42,0.2951,0.32704,0.12989
No negatives (paper model),tournament__yolo26n__s42,0.2975,0.32512,0.12989
No negatives (paper model),tournament__yolo26n__s42,0.3,0.32319,0.13052
No negatives (paper model),tournament__yolo26n__s42,0.3025,0.32165,0.13115
No negatives (paper model),tournament__yolo26n__s42,0.305,0.32049,0.13115
No negatives (paper model),tournament__yolo26n__s42,0.3074,0.31895,0.13178
No negatives (paper model),tournament__yolo26n__s42,0.3099,0.3178,0.13304
No negatives (paper model),tournament__yolo26n__s42,0.3124,0.31703,0.13367
No negatives (paper model),tournament__yolo26n__s42,0.3149,0.31549,0.13493
No negatives (paper model),tournament__yolo26n__s42,0.3174,0.31394,0.13493
No negatives (paper model),tournament__yolo26n__s42,0.3198,0.31317,0.13619
No negatives (paper model),tournament__yolo26n__s42,0.3223,0.31086,0.13745
No negatives (paper model),tournament__yolo26n__s42,0.3248,0.3074,0.13745
No negatives (paper model),tournament__yolo26n__s42,0.3273,0.30624,0.13871
No negatives (paper model),tournament__yolo26n__s42,0.3298,0.30431,0.13871
No negatives (paper model),tournament__yolo26n__s42,0.3322,0.30239,0.13934
No negatives (paper model),tournament__yolo26n__s42,0.3347,0.30046,0.13997
No negatives (paper model),tournament__yolo26n__s42,0.3372,0.29854,0.13997
No negatives (paper model),tournament__yolo26n__s42,0.3397,0.29777,0.14061
No negatives (paper model),tournament__yolo26n__s42,0.3421,0.29661,0.14061
No negatives (paper model),tournament__yolo26n__s42,0.3446,0.29622,0.14061
No negatives (paper model),tournament__yolo26n__s42,0.3471,0.2943,0.14061
No negatives (paper model),tournament__yolo26n__s42,0.3496,0.29276,0.14061
No negatives (paper model),tournament__yolo26n__s42,0.3521,0.29122,0.14061
No negatives (paper model),tournament__yolo26n__s42,0.3545,0.28968,0.14124
No negatives (paper model),tournament__yolo26n__s42,0.357,0.28852,0.14187
No negatives (paper model),tournament__yolo26n__s42,0.3595,0.28814,0.14187
No negatives (paper model),tournament__yolo26n__s42,0.362,0.28775,0.14187
No negatives (paper model),tournament__yolo26n__s42,0.3645,0.28582,0.14313
No negatives (paper model),tournament__yolo26n__s42,0.3669,0.28467,0.14439
No negatives (paper model),tournament__yolo26n__s42,0.3694,0.2839,0.14439
No negatives (paper model),tournament__yolo26n__s42,0.3719,0.28313,0.14502
No negatives (paper model),tournament__yolo26n__s42,0.3744,0.28082,0.14502
No negatives (paper model),tournament__yolo26n__s42,0.3768,0.27966,0.14502
No negatives (paper model),tournament__yolo26n__s42,0.3793,0.27773,0.14502
No negatives (paper model),tournament__yolo26n__s42,0.3818,0.27696,0.14565
No negatives (paper model),tournament__yolo26n__s42,0.3843,0.27581,0.14691
No negatives (paper model),tournament__yolo26n__s42,0.3868,0.27427,0.14754
No negatives (paper model),tournament__yolo26n__s42,0.3892,0.2735,0.14817
No negatives (paper model),tournament__yolo26n__s42,0.3917,0.27234,0.1488
No negatives (paper model),tournament__yolo26n__s42,0.3942,0.2708,0.1488
No negatives (paper model),tournament__yolo26n__s42,0.3967,0.26965,0.1488
No negatives (paper model),tournament__yolo26n__s42,0.3992,0.26888,0.14943
No negatives (paper model),tournament__yolo26n__s42,0.4016,0.26849,0.14943
No negatives (paper model),tournament__yolo26n__s42,0.4041,0.26733,0.15132
No negatives (paper model),tournament__yolo26n__s42,0.4066,0.26618,0.15195
No negatives (paper model),tournament__yolo26n__s42,0.4091,0.26464,0.15259
No negatives (paper model),tournament__yolo26n__s42,0.4115,0.26425,0.15322
No negatives (paper model),tournament__yolo26n__s42,0.414,0.2631,0.15322
No negatives (paper model),tournament__yolo26n__s42,0.4165,0.26233,0.15322
No negatives (paper model),tournament__yolo26n__s42,0.419,0.26233,0.15322
No negatives (paper model),tournament__yolo26n__s42,0.4215,0.26117,0.15511
No negatives (paper model),tournament__yolo26n__s42,0.4239,0.2604,0.15574
No negatives (paper model),tournament__yolo26n__s42,0.4264,0.2604,0.15637
No negatives (paper model),tournament__yolo26n__s42,0.4289,0.25963,0.15637
No negatives (paper model),tournament__yolo26n__s42,0.4314,0.2577,0.15637
No negatives (paper model),tournament__yolo26n__s42,0.4339,0.25655,0.157
No negatives (paper model),tournament__yolo26n__s42,0.4363,0.25501,0.15763
No negatives (paper model),tournament__yolo26n__s42,0.4388,0.25347,0.15763
No negatives (paper model),tournament__yolo26n__s42,0.4413,0.25116,0.15826
No negatives (paper model),tournament__yolo26n__s42,0.4438,0.24961,0.15826
No negatives (paper model),tournament__yolo26n__s42,0.4463,0.24807,0.15826
No negatives (paper model),tournament__yolo26n__s42,0.4487,0.24692,0.15952
No negatives (paper model),tournament__yolo26n__s42,0.4512,0.24615,0.16015
No negatives (paper model),tournament__yolo26n__s42,0.4537,0.24538,0.16015
No negatives (paper model),tournament__yolo26n__s42,0.4562,0.24345,0.16141
No negatives (paper model),tournament__yolo26n__s42,0.4586,0.2423,0.16204
No negatives (paper model),tournament__yolo26n__s42,0.4611,0.24037,0.16267
No negatives (paper model),tournament__yolo26n__s42,0.4636,0.2396,0.1633
No negatives (paper model),tournament__yolo26n__s42,0.4661,0.23844,0.16456
No negatives (paper model),tournament__yolo26n__s42,0.4686,0.2369,0.1652
No negatives (paper model),tournament__yolo26n__s42,0.471,0.23575,0.16583
No negatives (paper model),tournament__yolo26n__s42,0.4735,0.23498,0.16583
No negatives (paper model),tournament__yolo26n__s42,0.476,0.23382,0.16646
No negatives (paper model),tournament__yolo26n__s42,0.4785,0.23305,0.16646
No negatives (paper model),tournament__yolo26n__s42,0.481,0.23267,0.16709
No negatives (paper model),tournament__yolo26n__s42,0.4834,0.2319,0.16709
No negatives (paper model),tournament__yolo26n__s42,0.4859,0.23112,0.16709
No negatives (paper model),tournament__yolo26n__s42,0.4884,0.23035,0.16772
No negatives (paper model),tournament__yolo26n__s42,0.4909,0.22881,0.16898
No negatives (paper model),tournament__yolo26n__s42,0.4933,0.22727,0.17024
No negatives (paper model),tournament__yolo26n__s42,0.4958,0.22612,0.17087
No negatives (paper model),tournament__yolo26n__s42,0.4983,0.22496,0.17213
No negatives (paper model),tournament__yolo26n__s42,0.5008,0.22342,0.17213
No negatives (paper model),tournament__yolo26n__s42,0.5033,0.22265,0.17276
No negatives (paper model),tournament__yolo26n__s42,0.5057,0.22149,0.17339
No negatives (paper model),tournament__yolo26n__s42,0.5082,0.22111,0.17465
No negatives (paper model),tournament__yolo26n__s42,0.5107,0.21995,0.17528
No negatives (paper model),tournament__yolo26n__s42,0.5132,0.21918,0.17718
No negatives (paper model),tournament__yolo26n__s42,0.5157,0.21687,0.17844
No negatives (paper model),tournament__yolo26n__s42,0.5181,0.21649,0.17907
No negatives (paper model),tournament__yolo26n__s42,0.5206,0.21572,0.1797
No negatives (paper model),tournament__yolo26n__s42,0.5231,0.21456,0.18033
No negatives (paper model),tournament__yolo26n__s42,0.5256,0.21379,0.18096
No negatives (paper model),tournament__yolo26n__s42,0.528,0.21263,0.18096
No negatives (paper model),tournament__yolo26n__s42,0.5305,0.21225,0.18159
No negatives (paper model),tournament__yolo26n__s42,0.533,0.21148,0.18285
No negatives (paper model),tournament__yolo26n__s42,0.5355,0.21109,0.18348
No negatives (paper model),tournament__yolo26n__s42,0.538,0.20994,0.186
No negatives (paper model),tournament__yolo26n__s42,0.5404,0.20955,0.18726
No negatives (paper model),tournament__yolo26n__s42,0.5429,0.2084,0.18789
No negatives (paper model),tournament__yolo26n__s42,0.5454,0.20724,0.18852
No negatives (paper model),tournament__yolo26n__s42,0.5479,0.20686,0.18916
No negatives (paper model),tournament__yolo26n__s42,0.5504,0.20647,0.18916
No negatives (paper model),tournament__yolo26n__s42,0.5528,0.20609,0.18916
No negatives (paper model),tournament__yolo26n__s42,0.5553,0.20416,0.19042
No negatives (paper model),tournament__yolo26n__s42,0.5578,0.203,0.19168
No negatives (paper model),tournament__yolo26n__s42,0.5603,0.20223,0.19168
No negatives (paper model),tournament__yolo26n__s42,0.5627,0.20223,0.19231
No negatives (paper model),tournament__yolo26n__s42,0.5652,0.20223,0.19294
No negatives (paper model),tournament__yolo26n__s42,0.5677,0.20185,0.19546
No negatives (paper model),tournament__yolo26n__s42,0.5702,0.20069,0.19609
No negatives (paper model),tournament__yolo26n__s42,0.5727,0.198,0.19672
No negatives (paper model),tournament__yolo26n__s42,0.5751,0.19684,0.19735
No negatives (paper model),tournament__yolo26n__s42,0.5776,0.19569,0.19798
No negatives (paper model),tournament__yolo26n__s42,0.5801,0.1953,0.19924
No negatives (paper model),tournament__yolo26n__s42,0.5826,0.19414,0.19924
No negatives (paper model),tournament__yolo26n__s42,0.5851,0.19376,0.19924
No negatives (paper model),tournament__yolo26n__s42,0.5875,0.1926,0.19987
No negatives (paper model),tournament__yolo26n__s42,0.59,0.19106,0.20177
No negatives (paper model),tournament__yolo26n__s42,0.5925,0.19068,0.2024
No negatives (paper model),tournament__yolo26n__s42,0.595,0.19029,0.2024
No negatives (paper model),tournament__yolo26n__s42,0.5975,0.18914,0.20303
No negatives (paper model),tournament__yolo26n__s42,0.5999,0.18837,0.20303
No negatives (paper model),tournament__yolo26n__s42,0.6024,0.1876,0.20366
No negatives (paper model),tournament__yolo26n__s42,0.6049,0.18644,0.20492
No negatives (paper model),tournament__yolo26n__s42,0.6074,0.18374,0.20555
No negatives (paper model),tournament__yolo26n__s42,0.6098,0.18182,0.20555
No negatives (paper model),tournament__yolo26n__s42,0.6123,0.18066,0.20618
No negatives (paper model),tournament__yolo26n__s42,0.6148,0.17912,0.2087
No negatives (paper model),tournament__yolo26n__s42,0.6173,0.17835,0.21059
No negatives (paper model),tournament__yolo26n__s42,0.6198,0.17797,0.21122
No negatives (paper model),tournament__yolo26n__s42,0.6222,0.17681,0.21248
No negatives (paper model),tournament__yolo26n__s42,0.6247,0.17565,0.21438
No negatives (paper model),tournament__yolo26n__s42,0.6272,0.17334,0.21501
No negatives (paper model),tournament__yolo26n__s42,0.6297,0.17296,0.21627
No negatives (paper model),tournament__yolo26n__s42,0.6322,0.17257,0.21816
No negatives (paper model),tournament__yolo26n__s42,0.6346,0.1718,0.22068
No negatives (paper model),tournament__yolo26n__s42,0.6371,0.17026,0.22131
No negatives (paper model),tournament__yolo26n__s42,0.6396,0.16988,0.22257
No negatives (paper model),tournament__yolo26n__s42,0.6421,0.16795,0.22383
No negatives (paper model),tournament__yolo26n__s42,0.6445,0.16602,0.22573
No negatives (paper model),tournament__yolo26n__s42,0.647,0.16487,0.22636
No negatives (paper model),tournament__yolo26n__s42,0.6495,0.16294,0.22699
No negatives (paper model),tournament__yolo26n__s42,0.652,0.16217,0.22762
No negatives (paper model),tournament__yolo26n__s42,0.6545,0.1614,0.22888
No negatives (paper model),tournament__yolo26n__s42,0.6569,0.16102,0.23014
No negatives (paper model),tournament__yolo26n__s42,0.6594,0.16025,0.2314
No negatives (paper model),tournament__yolo26n__s42,0.6619,0.15948,0.23266
No negatives (paper model),tournament__yolo26n__s42,0.6644,0.15716,0.23644
No negatives (paper model),tournament__yolo26n__s42,0.6669,0.15678,0.2377
No negatives (paper model),tournament__yolo26n__s42,0.6693,0.15562,0.23897
No negatives (paper model),tournament__yolo26n__s42,0.6718,0.15447,0.24023
No negatives (paper model),tournament__yolo26n__s42,0.6743,0.15177,0.24086
No negatives (paper model),tournament__yolo26n__s42,0.6768,0.151,0.24338
No negatives (paper model),tournament__yolo26n__s42,0.6792,0.15023,0.24401
No negatives (paper model),tournament__yolo26n__s42,0.6817,0.14831,0.24401
No negatives (paper model),tournament__yolo26n__s42,0.6842,0.14792,0.2459
No negatives (paper model),tournament__yolo26n__s42,0.6867,0.14715,0.24716
No negatives (paper model),tournament__yolo26n__s42,0.6892,0.14638,0.24905
No negatives (paper model),tournament__yolo26n__s42,0.6916,0.14599,0.25032
No negatives (paper model),tournament__yolo26n__s42,0.6941,0.14522,0.25221
No negatives (paper model),tournament__yolo26n__s42,0.6966,0.14253,0.25473
No negatives (paper model),tournament__yolo26n__s42,0.6991,0.14176,0.25662
No negatives (paper model),tournament__yolo26n__s42,0.7016,0.14137,0.25725
No negatives (paper model),tournament__yolo26n__s42,0.704,0.13983,0.25977
No negatives (paper model),tournament__yolo26n__s42,0.7065,0.13945,0.26166
No negatives (paper model),tournament__yolo26n__s42,0.709,0.13752,0.26356
No negatives (paper model),tournament__yolo26n__s42,0.7115,0.13521,0.26482
No negatives (paper model),tournament__yolo26n__s42,0.7139,0.13521,0.26608
No negatives (paper model),tournament__yolo26n__s42,0.7164,0.13174,0.26734
No negatives (paper model),tournament__yolo26n__s42,0.7189,0.1302,0.27049
No negatives (paper model),tournament__yolo26n__s42,0.7214,0.12789,0.27112
No negatives (paper model),tournament__yolo26n__s42,0.7239,0.12712,0.27301
No negatives (paper model),tournament__yolo26n__s42,0.7263,0.12635,0.2768
No negatives (paper model),tournament__yolo26n__s42,0.7288,0.12558,0.27869
No negatives (paper model),tournament__yolo26n__s42,0.7313,0.12481,0.28121
No negatives (paper model),tournament__yolo26n__s42,0.7338,0.12404,0.28247
No negatives (paper model),tournament__yolo26n__s42,0.7363,0.12173,0.2831
No negatives (paper model),tournament__yolo26n__s42,0.7387,0.12134,0.28373
No negatives (paper model),tournament__yolo26n__s42,0.7412,0.1198,0.28689
No negatives (paper model),tournament__yolo26n__s42,0.7437,0.11864,0.28815
No negatives (paper model),tournament__yolo26n__s42,0.7462,0.11826,0.29004
No negatives (paper model),tournament__yolo26n__s42,0.7487,0.11672,0.2913
No negatives (paper model),tournament__yolo26n__s42,0.7511,0.11556,0.29319
No negatives (paper model),tournament__yolo26n__s42,0.7536,0.11402,0.29508
No negatives (paper model),tournament__yolo26n__s42,0.7561,0.1121,0.29697
No negatives (paper model),tournament__yolo26n__s42,0.7586,0.11017,0.29887
No negatives (paper model),tournament__yolo26n__s42,0.761,0.10786,0.30013
No negatives (paper model),tournament__yolo26n__s42,0.7635,0.10747,0.30643
No negatives (paper model),tournament__yolo26n__s42,0.766,0.10555,0.30643
No negatives (paper model),tournament__yolo26n__s42,0.7685,0.10439,0.30769
No negatives (paper model),tournament__yolo26n__s42,0.771,0.10324,0.31084
No negatives (paper model),tournament__yolo26n__s42,0.7734,0.10208,0.31715
No negatives (paper model),tournament__yolo26n__s42,0.7759,0.10092,0.32093
No negatives (paper model),tournament__yolo26n__s42,0.7784,0.09823,0.32346
No negatives (paper model),tournament__yolo26n__s42,0.7809,0.09746,0.3285
No negatives (paper model),tournament__yolo26n__s42,0.7834,0.09669,0.33039
No negatives (paper model),tournament__yolo26n__s42,0.7858,0.0963,0.33228
No negatives (paper model),tournament__yolo26n__s42,0.7883,0.09553,0.33733
No negatives (paper model),tournament__yolo26n__s42,0.7908,0.09438,0.34048
No negatives (paper model),tournament__yolo26n__s42,0.7933,0.09322,0.34615
No negatives (paper model),tournament__yolo26n__s42,0.7957,0.09129,0.3512
No negatives (paper model),tournament__yolo26n__s42,0.7982,0.09014,0.35435
No negatives (paper model),tournament__yolo26n__s42,0.8007,0.08821,0.35876
No negatives (paper model),tournament__yolo26n__s42,0.8032,0.08552,0.36255
No negatives (paper model),tournament__yolo26n__s42,0.8057,0.08398,0.36759
No negatives (paper model),tournament__yolo26n__s42,0.8081,0.08243,0.37327
No negatives (paper model),tournament__yolo26n__s42,0.8106,0.08012,0.37894
No negatives (paper model),tournament__yolo26n__s42,0.8131,0.07743,0.38146
No negatives (paper model),tournament__yolo26n__s42,0.8156,0.07589,0.38714
No negatives (paper model),tournament__yolo26n__s42,0.8181,0.07473,0.39281
No negatives (paper model),tournament__yolo26n__s42,0.8205,0.07396,0.39596
No negatives (paper model),tournament__yolo26n__s42,0.823,0.07242,0.40101
No negatives (paper model),tournament__yolo26n__s42,0.8255,0.07011,0.40858
No negatives (paper model),tournament__yolo26n__s42,0.828,0.0678,0.41677
No negatives (paper model),tournament__yolo26n__s42,0.8304,0.06626,0.4256
No negatives (paper model),tournament__yolo26n__s42,0.8329,0.06433,0.4319
No negatives (paper model),tournament__yolo26n__s42,0.8354,0.0624,0.43947
No negatives (paper model),tournament__yolo26n__s42,0.8379,0.06048,0.44641
No negatives (paper model),tournament__yolo26n__s42,0.8404,0.05855,0.45208
No negatives (paper model),tournament__yolo26n__s42,0.8428,0.0574,0.46091
No negatives (paper model),tournament__yolo26n__s42,0.8453,0.05663,0.46595
No negatives (paper model),tournament__yolo26n__s42,0.8478,0.05431,0.47667
No negatives (paper model),tournament__yolo26n__s42,0.8503,0.052,0.48361
No negatives (paper model),tournament__yolo26n__s42,0.8528,0.04969,0.48991
No negatives (paper model),tournament__yolo26n__s42,0.8552,0.04815,0.50126
No negatives (paper model),tournament__yolo26n__s42,0.8577,0.04738,0.51072
No negatives (paper model),tournament__yolo26n__s42,0.8602,0.04545,0.52333
No negatives (paper model),tournament__yolo26n__s42,0.8627,0.04353,0.53405
No negatives (paper model),tournament__yolo26n__s42,0.8652,0.04122,0.5454
No negatives (paper model),tournament__yolo26n__s42,0.8676,0.03968,0.55422
No negatives (paper model),tournament__yolo26n__s42,0.8701,0.03852,0.5599
No negatives (paper model),tournament__yolo26n__s42,0.8726,0.03814,0.57125
No negatives (paper model),tournament__yolo26n__s42,0.8751,0.03621,0.58134
No negatives (paper model),tournament__yolo26n__s42,0.8775,0.03274,0.59332
No negatives (paper model),tournament__yolo26n__s42,0.88,0.02928,0.60593
No negatives (paper model),tournament__yolo26n__s42,0.8825,0.02735,0.62232
No negatives (paper model),tournament__yolo26n__s42,0.885,0.02581,0.63304
No negatives (paper model),tournament__yolo26n__s42,0.8875,0.02504,0.64628
No negatives (paper model),tournament__yolo26n__s42,0.8899,0.02465,0.65574
No negatives (paper model),tournament__yolo26n__s42,0.8924,0.02311,0.66646
No negatives (paper model),tournament__yolo26n__s42,0.8949,0.02234,0.67844
No negatives (paper model),tournament__yolo26n__s42,0.8974,0.01965,0.68852
No negatives (paper model),tournament__yolo26n__s42,0.8999,0.01888,0.70177
No negatives (paper model),tournament__yolo26n__s42,0.9023,0.0181,0.71185
No negatives (paper model),tournament__yolo26n__s42,0.9048,0.01541,0.72068
No negatives (paper model),tournament__yolo26n__s42,0.9073,0.01387,0.73455
No negatives (paper model),tournament__yolo26n__s42,0.9098,0.01233,0.74716
No negatives (paper model),tournament__yolo26n__s42,0.9122,0.01117,0.7604
No negatives (paper model),tournament__yolo26n__s42,0.9147,0.0104,0.77301
No negatives (paper model),tournament__yolo26n__s42,0.9172,0.00924,0.78752
No negatives (paper model),tournament__yolo26n__s42,0.9197,0.00809,0.80517
No negatives (paper model),tournament__yolo26n__s42,0.9222,0.00616,0.81904
No negatives (paper model),tournament__yolo26n__s42,0.9246,0.00501,0.8348
No negatives (paper model),tournament__yolo26n__s42,0.9271,0.00424,0.85183
No negatives (paper model),tournament__yolo26n__s42,0.9296,0.00347,0.86759
No negatives (paper model),tournament__yolo26n__s42,0.9321,0.0027,0.88777
No negatives (paper model),tournament__yolo26n__s42,0.9346,0.00116,0.89912
No negatives (paper model),tournament__yolo26n__s42,0.937,0.00077,0.91047
No negatives (paper model),tournament__yolo26n__s42,0.9395,0.00039,0.92245
No negatives (paper model),tournament__yolo26n__s42,0.942,0.0,0.93506
No negatives (paper model),tournament__yolo26n__s42,0.9445,0.0,0.9483
No negatives (paper model),tournament__yolo26n__s42,0.9469,0.0,0.95776
No negatives (paper model),tournament__yolo26n__s42,0.9494,0.0,0.96847
No negatives (paper model),tournament__yolo26n__s42,0.9519,0.0,0.97856
No negatives (paper model),tournament__yolo26n__s42,0.9544,0.0,0.98865
No negatives (paper model),tournament__yolo26n__s42,0.9569,0.0,0.99243
No negatives (paper model),tournament__yolo26n__s42,0.9593,0.0,0.99559
No negatives (paper model),tournament__yolo26n__s42,0.9618,0.0,0.99937
No negatives (paper model),tournament__yolo26n__s42,0.9643,0.0,0.99937
No negatives (paper model),tournament__yolo26n__s42,0.9668,0.0,0.99937
No negatives (paper model),tournament__yolo26n__s42,0.9693,0.0,0.99937
No negatives (paper model),tournament__yolo26n__s42,0.9717,0.0,1.0
No negatives (paper model),tournament__yolo26n__s42,0.9742,0.0,1.0
No negatives (paper model),tournament__yolo26n__s42,0.9767,0.0,1.0
No negatives (paper model),tournament__yolo26n__s42,0.9792,0.0,1.0
No negatives (paper model),tournament__yolo26n__s42,0.9816,0.0,1.0
No negatives (paper model),tournament__yolo26n__s42,0.9841,0.0,1.0
No negatives (paper model),tournament__yolo26n__s42,0.9866,0.0,1.0
No negatives (paper model),tournament__yolo26n__s42,0.9891,0.0,1.0
No negatives (paper model),tournament__yolo26n__s42,0.9916,0.0,1.0
No negatives (paper model),tournament__yolo26n__s42,0.994,0.0,1.0
No negatives (paper model),tournament__yolo26n__s42,0.9965,0.0,1.0
No negatives (paper model),tournament__yolo26n__s42,0.999,0.0,1.0
Background 10% (paper model),paper__b_ultra_bg,0.01,0.56009,0.07818
Background 10% (paper model),paper__b_ultra_bg,0.0125,0.50655,0.08071
Background 10% (paper model),paper__b_ultra_bg,0.015,0.47072,0.0826
Background 10% (paper model),paper__b_ultra_bg,0.0174,0.43875,0.08449
Background 10% (paper model),paper__b_ultra_bg,0.0199,0.41602,0.08575
Background 10% (paper model),paper__b_ultra_bg,0.0224,0.39908,0.08575
Background 10% (paper model),paper__b_ultra_bg,0.0249,0.37866,0.08827
Background 10% (paper model),paper__b_ultra_bg,0.0274,0.36248,0.08953
Background 10% (paper model),paper__b_ultra_bg,0.0298,0.34784,0.09079
Background 10% (paper model),paper__b_ultra_bg,0.0323,0.33359,0.09332
Background 10% (paper model),paper__b_ultra_bg,0.0348,0.32242,0.09395
Background 10% (paper model),paper__b_ultra_bg,0.0373,0.31317,0.09521
Background 10% (paper model),paper__b_ultra_bg,0.0397,0.30393,0.09647
Background 10% (paper model),paper__b_ultra_bg,0.0422,0.29584,0.09773
Background 10% (paper model),paper__b_ultra_bg,0.0447,0.28544,0.09836
Background 10% (paper model),paper__b_ultra_bg,0.0472,0.28043,0.09899
Background 10% (paper model),paper__b_ultra_bg,0.0497,0.27619,0.09899
Background 10% (paper model),paper__b_ultra_bg,0.0521,0.27427,0.09962
Background 10% (paper model),paper__b_ultra_bg,0.0546,0.27042,0.10025
Background 10% (paper model),paper__b_ultra_bg,0.0571,0.26579,0.10025
Background 10% (paper model),paper__b_ultra_bg,0.0596,0.25924,0.10088
Background 10% (paper model),paper__b_ultra_bg,0.0621,0.25539,0.10151
Background 10% (paper model),paper__b_ultra_bg,0.0645,0.25308,0.10214
Background 10% (paper model),paper__b_ultra_bg,0.067,0.24961,0.10277
Background 10% (paper model),paper__b_ultra_bg,0.0695,0.24615,0.10404
Background 10% (paper model),paper__b_ultra_bg,0.072,0.2396,0.10467
Background 10% (paper model),paper__b_ultra_bg,0.0744,0.23729,0.10467
Background 10% (paper model),paper__b_ultra_bg,0.0769,0.23382,0.1053
Background 10% (paper model),paper__b_ultra_bg,0.0794,0.23228,0.10656
Background 10% (paper model),paper__b_ultra_bg,0.0819,0.2292,0.10656
Background 10% (paper model),paper__b_ultra_bg,0.0844,0.22689,0.10656
Background 10% (paper model),paper__b_ultra_bg,0.0868,0.22496,0.10656
Background 10% (paper model),paper__b_ultra_bg,0.0893,0.22072,0.10782
Background 10% (paper model),paper__b_ultra_bg,0.0918,0.2161,0.10782
Background 10% (paper model),paper__b_ultra_bg,0.0943,0.21418,0.10845
Background 10% (paper model),paper__b_ultra_bg,0.0968,0.21225,0.10845
Background 10% (paper model),paper__b_ultra_bg,0.0992,0.20878,0.10845
Background 10% (paper model),paper__b_ultra_bg,0.1017,0.20455,0.10845
Background 10% (paper model),paper__b_ultra_bg,0.1042,0.20262,0.10845
Background 10% (paper model),paper__b_ultra_bg,0.1067,0.19877,0.10908
Background 10% (paper model),paper__b_ultra_bg,0.1091,0.19569,0.10908
Background 10% (paper model),paper__b_ultra_bg,0.1116,0.19337,0.10908
Background 10% (paper model),paper__b_ultra_bg,0.1141,0.19145,0.10908
Background 10% (paper model),paper__b_ultra_bg,0.1166,0.18914,0.10908
Background 10% (paper model),paper__b_ultra_bg,0.1191,0.1876,0.10908
Background 10% (paper model),paper__b_ultra_bg,0.1215,0.18683,0.10971
Background 10% (paper model),paper__b_ultra_bg,0.124,0.1849,0.11034
Background 10% (paper model),paper__b_ultra_bg,0.1265,0.1822,0.11097
Background 10% (paper model),paper__b_ultra_bg,0.129,0.18066,0.11097
Background 10% (paper model),paper__b_ultra_bg,0.1315,0.17912,0.1116
Background 10% (paper model),paper__b_ultra_bg,0.1339,0.17565,0.11223
Background 10% (paper model),paper__b_ultra_bg,0.1364,0.17411,0.11349
Background 10% (paper model),paper__b_ultra_bg,0.1389,0.17373,0.11412
Background 10% (paper model),paper__b_ultra_bg,0.1414,0.17334,0.11412
Background 10% (paper model),paper__b_ultra_bg,0.1438,0.17142,0.11412
Background 10% (paper model),paper__b_ultra_bg,0.1463,0.16949,0.11475
Background 10% (paper model),paper__b_ultra_bg,0.1488,0.16718,0.11538
Background 10% (paper model),paper__b_ultra_bg,0.1513,0.16602,0.11538
Background 10% (paper model),paper__b_ultra_bg,0.1538,0.16333,0.11602
Background 10% (paper model),paper__b_ultra_bg,0.1562,0.16256,0.11602
Background 10% (paper model),paper__b_ultra_bg,0.1587,0.16063,0.11665
Background 10% (paper model),paper__b_ultra_bg,0.1612,0.15871,0.11665
Background 10% (paper model),paper__b_ultra_bg,0.1637,0.15794,0.11728
Background 10% (paper model),paper__b_ultra_bg,0.1662,0.15755,0.11791
Background 10% (paper model),paper__b_ultra_bg,0.1686,0.15639,0.11791
Background 10% (paper model),paper__b_ultra_bg,0.1711,0.15562,0.11791
Background 10% (paper model),paper__b_ultra_bg,0.1736,0.15485,0.11791
Background 10% (paper model),paper__b_ultra_bg,0.1761,0.1537,0.11791
Background 10% (paper model),paper__b_ultra_bg,0.1786,0.15293,0.11854
Background 10% (paper model),paper__b_ultra_bg,0.181,0.15216,0.1198
Background 10% (paper model),paper__b_ultra_bg,0.1835,0.15139,0.1198
Background 10% (paper model),paper__b_ultra_bg,0.186,0.15062,0.1198
Background 10% (paper model),paper__b_ultra_bg,0.1885,0.14908,0.1198
Background 10% (paper model),paper__b_ultra_bg,0.1909,0.14831,0.1198
Background 10% (paper model),paper__b_ultra_bg,0.1934,0.14753,0.1198
Background 10% (paper model),paper__b_ultra_bg,0.1959,0.14561,0.1198
Background 10% (paper model),paper__b_ultra_bg,0.1984,0.14484,0.12043
Background 10% (paper model),paper__b_ultra_bg,0.2009,0.14368,0.12043
Background 10% (paper model),paper__b_ultra_bg,0.2033,0.14214,0.12043
Background 10% (paper model),paper__b_ultra_bg,0.2058,0.14099,0.12043
Background 10% (paper model),paper__b_ultra_bg,0.2083,0.13983,0.12106
Background 10% (paper model),paper__b_ultra_bg,0.2108,0.13867,0.12169
Background 10% (paper model),paper__b_ultra_bg,0.2133,0.13829,0.12232
Background 10% (paper model),paper__b_ultra_bg,0.2157,0.13752,0.12295
Background 10% (paper model),paper__b_ultra_bg,0.2182,0.13598,0.12295
Background 10% (paper model),paper__b_ultra_bg,0.2207,0.13559,0.12295
Background 10% (paper model),paper__b_ultra_bg,0.2232,0.13482,0.12421
Background 10% (paper model),paper__b_ultra_bg,0.2256,0.13405,0.12547
Background 10% (paper model),paper__b_ultra_bg,0.2281,0.13213,0.12547
Background 10% (paper model),paper__b_ultra_bg,0.2306,0.13097,0.12547
Background 10% (paper model),paper__b_ultra_bg,0.2331,0.1302,0.1261
Background 10% (paper model),paper__b_ultra_bg,0.2356,0.1302,0.12673
Background 10% (paper model),paper__b_ultra_bg,0.238,0.12943,0.12863
Background 10% (paper model),paper__b_ultra_bg,0.2405,0.12904,0.12863
Background 10% (paper model),paper__b_ultra_bg,0.243,0.12866,0.12926
Background 10% (paper model),paper__b_ultra_bg,0.2455,0.1275,0.13052
Background 10% (paper model),paper__b_ultra_bg,0.248,0.12712,0.13115
Background 10% (paper model),paper__b_ultra_bg,0.2504,0.12712,0.13115
Background 10% (paper model),paper__b_ultra_bg,0.2529,0.12673,0.13115
Background 10% (paper model),paper__b_ultra_bg,0.2554,0.12596,0.13241
Background 10% (paper model),paper__b_ultra_bg,0.2579,0.12558,0.13241
Background 10% (paper model),paper__b_ultra_bg,0.2603,0.12519,0.13241
Background 10% (paper model),paper__b_ultra_bg,0.2628,0.12481,0.13241
Background 10% (paper model),paper__b_ultra_bg,0.2653,0.12442,0.13241
Background 10% (paper model),paper__b_ultra_bg,0.2678,0.12404,0.13367
Background 10% (paper model),paper__b_ultra_bg,0.2703,0.12327,0.13367
Background 10% (paper model),paper__b_ultra_bg,0.2727,0.12288,0.1343
Background 10% (paper model),paper__b_ultra_bg,0.2752,0.12134,0.1343
Background 10% (paper model),paper__b_ultra_bg,0.2777,0.12134,0.13493
Background 10% (paper model),paper__b_ultra_bg,0.2802,0.1198,0.13493
Background 10% (paper model),paper__b_ultra_bg,0.2827,0.11941,0.13493
Background 10% (paper model),paper__b_ultra_bg,0.2851,0.11864,0.13556
Background 10% (paper model),paper__b_ultra_bg,0.2876,0.11864,0.13619
Background 10% (paper model),paper__b_ultra_bg,0.2901,0.11787,0.13808
Background 10% (paper model),paper__b_ultra_bg,0.2926,0.11672,0.13808
Background 10% (paper model),paper__b_ultra_bg,0.2951,0.11672,0.13808
Background 10% (paper model),paper__b_ultra_bg,0.2975,0.11633,0.13808
Background 10% (paper model),paper__b_ultra_bg,0.3,0.11556,0.13808
Background 10% (paper model),paper__b_ultra_bg,0.3025,0.11325,0.13871
Background 10% (paper model),paper__b_ultra_bg,0.305,0.11287,0.13871
Background 10% (paper model),paper__b_ultra_bg,0.3074,0.11171,0.13997
Background 10% (paper model),paper__b_ultra_bg,0.3099,0.11094,0.13997
Background 10% (paper model),paper__b_ultra_bg,0.3124,0.11017,0.13997
Background 10% (paper model),paper__b_ultra_bg,0.3149,0.11017,0.14187
Background 10% (paper model),paper__b_ultra_bg,0.3174,0.1094,0.14313
Background 10% (paper model),paper__b_ultra_bg,0.3198,0.10901,0.14376
Background 10% (paper model),paper__b_ultra_bg,0.3223,0.10863,0.14439
Background 10% (paper model),paper__b_ultra_bg,0.3248,0.10863,0.14502
Background 10% (paper model),paper__b_ultra_bg,0.3273,0.10786,0.14565
Background 10% (paper model),paper__b_ultra_bg,0.3298,0.10747,0.14628
Background 10% (paper model),paper__b_ultra_bg,0.3322,0.10747,0.14628
Background 10% (paper model),paper__b_ultra_bg,0.3347,0.10709,0.14628
Background 10% (paper model),paper__b_ultra_bg,0.3372,0.10632,0.14754
Background 10% (paper model),paper__b_ultra_bg,0.3397,0.10555,0.14817
Background 10% (paper model),paper__b_ultra_bg,0.3421,0.10555,0.1488
Background 10% (paper model),paper__b_ultra_bg,0.3446,0.10555,0.1488
Background 10% (paper model),paper__b_ultra_bg,0.3471,0.10439,0.1488
Background 10% (paper model),paper__b_ultra_bg,0.3496,0.10401,0.14943
Background 10% (paper model),paper__b_ultra_bg,0.3521,0.10362,0.15006
Background 10% (paper model),paper__b_ultra_bg,0.3545,0.10362,0.15132
Background 10% (paper model),paper__b_ultra_bg,0.357,0.10285,0.15195
Background 10% (paper model),paper__b_ultra_bg,0.3595,0.10247,0.15322
Background 10% (paper model),paper__b_ultra_bg,0.362,0.10169,0.15385
Background 10% (paper model),paper__b_ultra_bg,0.3645,0.10092,0.15511
Background 10% (paper model),paper__b_ultra_bg,0.3669,0.10092,0.15574
Background 10% (paper model),paper__b_ultra_bg,0.3694,0.10015,0.15637
Background 10% (paper model),paper__b_ultra_bg,0.3719,0.10015,0.15637
Background 10% (paper model),paper__b_ultra_bg,0.3744,0.10015,0.15637
Background 10% (paper model),paper__b_ultra_bg,0.3768,0.099,0.15763
Background 10% (paper model),paper__b_ultra_bg,0.3793,0.09861,0.15826
Background 10% (paper model),paper__b_ultra_bg,0.3818,0.09823,0.15889
Background 10% (paper model),paper__b_ultra_bg,0.3843,0.09784,0.15889
Background 10% (paper model),paper__b_ultra_bg,0.3868,0.09746,0.15889
Background 10% (paper model),paper__b_ultra_bg,0.3892,0.09592,0.15889
Background 10% (paper model),paper__b_ultra_bg,0.3917,0.09592,0.15952
Background 10% (paper model),paper__b_ultra_bg,0.3942,0.09553,0.16078
Background 10% (paper model),paper__b_ultra_bg,0.3967,0.09515,0.16267
Background 10% (paper model),paper__b_ultra_bg,0.3992,0.09399,0.16267
Background 10% (paper model),paper__b_ultra_bg,0.4016,0.09361,0.1633
Background 10% (paper model),paper__b_ultra_bg,0.4041,0.09284,0.1633
Background 10% (paper model),paper__b_ultra_bg,0.4066,0.09129,0.1633
Background 10% (paper model),paper__b_ultra_bg,0.4091,0.08937,0.16393
Background 10% (paper model),paper__b_ultra_bg,0.4115,0.08821,0.16393
Background 10% (paper model),paper__b_ultra_bg,0.414,0.08744,0.16456
Background 10% (paper model),paper__b_ultra_bg,0.4165,0.08706,0.16456
Background 10% (paper model),paper__b_ultra_bg,0.419,0.08706,0.1652
Background 10% (paper model),paper__b_ultra_bg,0.4215,0.08706,0.1652
Background 10% (paper model),paper__b_ultra_bg,0.4239,0.08706,0.1652
Background 10% (paper model),paper__b_ultra_bg,0.4264,0.0859,0.16646
Background 10% (paper model),paper__b_ultra_bg,0.4289,0.0859,0.16709
Background 10% (paper model),paper__b_ultra_bg,0.4314,0.0859,0.16709
Background 10% (paper model),paper__b_ultra_bg,0.4339,0.08552,0.16772
Background 10% (paper model),paper__b_ultra_bg,0.4363,0.08475,0.16961
Background 10% (paper model),paper__b_ultra_bg,0.4388,0.08475,0.17024
Background 10% (paper model),paper__b_ultra_bg,0.4413,0.08475,0.17087
Background 10% (paper model),paper__b_ultra_bg,0.4438,0.08475,0.17276
Background 10% (paper model),paper__b_ultra_bg,0.4463,0.08398,0.17339
Background 10% (paper model),paper__b_ultra_bg,0.4487,0.08398,0.17465
Background 10% (paper model),paper__b_ultra_bg,0.4512,0.08359,0.17465
Background 10% (paper model),paper__b_ultra_bg,0.4537,0.0832,0.17528
Background 10% (paper model),paper__b_ultra_bg,0.4562,0.0832,0.17528
Background 10% (paper model),paper__b_ultra_bg,0.4586,0.0832,0.17528
Background 10% (paper model),paper__b_ultra_bg,0.4611,0.08282,0.17591
Background 10% (paper model),paper__b_ultra_bg,0.4636,0.08282,0.17654
Background 10% (paper model),paper__b_ultra_bg,0.4661,0.08243,0.17718
Background 10% (paper model),paper__b_ultra_bg,0.4686,0.08205,0.17781
Background 10% (paper model),paper__b_ultra_bg,0.471,0.08205,0.17907
Background 10% (paper model),paper__b_ultra_bg,0.4735,0.08166,0.17907
Background 10% (paper model),paper__b_ultra_bg,0.476,0.08051,0.17907
Background 10% (paper model),paper__b_ultra_bg,0.4785,0.08012,0.18033
Background 10% (paper model),paper__b_ultra_bg,0.481,0.08012,0.18222
Background 10% (paper model),paper__b_ultra_bg,0.4834,0.08012,0.18348
Background 10% (paper model),paper__b_ultra_bg,0.4859,0.08012,0.18348
Background 10% (paper model),paper__b_ultra_bg,0.4884,0.07935,0.18474
Background 10% (paper model),paper__b_ultra_bg,0.4909,0.07897,0.18537
Background 10% (paper model),paper__b_ultra_bg,0.4933,0.07858,0.18537
Background 10% (paper model),paper__b_ultra_bg,0.4958,0.07743,0.18726
Background 10% (paper model),paper__b_ultra_bg,0.4983,0.07704,0.18852
Background 10% (paper model),paper__b_ultra_bg,0.5008,0.07666,0.18916
Background 10% (paper model),paper__b_ultra_bg,0.5033,0.07589,0.19105
Background 10% (paper model),paper__b_ultra_bg,0.5057,0.07589,0.19168
Background 10% (paper model),paper__b_ultra_bg,0.5082,0.07512,0.19231
Background 10% (paper model),paper__b_ultra_bg,0.5107,0.07512,0.19294
Background 10% (paper model),paper__b_ultra_bg,0.5132,0.07512,0.19546
Background 10% (paper model),paper__b_ultra_bg,0.5157,0.07473,0.19609
Background 10% (paper model),paper__b_ultra_bg,0.5181,0.07473,0.19609
Background 10% (paper model),paper__b_ultra_bg,0.5206,0.07473,0.19672
Background 10% (paper model),paper__b_ultra_bg,0.5231,0.07473,0.19672
Background 10% (paper model),paper__b_ultra_bg,0.5256,0.07435,0.19861
Background 10% (paper model),paper__b_ultra_bg,0.528,0.07435,0.19924
Background 10% (paper model),paper__b_ultra_bg,0.5305,0.07319,0.2005
Background 10% (paper model),paper__b_ultra_bg,0.533,0.0728,0.20113
Background 10% (paper model),paper__b_ultra_bg,0.5355,0.0728,0.20177
Background 10% (paper model),paper__b_ultra_bg,0.538,0.0728,0.2024
Background 10% (paper model),paper__b_ultra_bg,0.5404,0.07242,0.20366
Background 10% (paper model),paper__b_ultra_bg,0.5429,0.07088,0.20366
Background 10% (paper model),paper__b_ultra_bg,0.5454,0.07088,0.20492
Background 10% (paper model),paper__b_ultra_bg,0.5479,0.07088,0.20492
Background 10% (paper model),paper__b_ultra_bg,0.5504,0.06972,0.20618
Background 10% (paper model),paper__b_ultra_bg,0.5528,0.06972,0.20618
Background 10% (paper model),paper__b_ultra_bg,0.5553,0.06934,0.20744
Background 10% (paper model),paper__b_ultra_bg,0.5578,0.06857,0.2087
Background 10% (paper model),paper__b_ultra_bg,0.5603,0.06857,0.20933
Background 10% (paper model),paper__b_ultra_bg,0.5627,0.06818,0.21122
Background 10% (paper model),paper__b_ultra_bg,0.5652,0.06741,0.21248
Background 10% (paper model),paper__b_ultra_bg,0.5677,0.06703,0.21311
Background 10% (paper model),paper__b_ultra_bg,0.5702,0.06703,0.21311
Background 10% (paper model),paper__b_ultra_bg,0.5727,0.06664,0.21375
Background 10% (paper model),paper__b_ultra_bg,0.5751,0.06664,0.21501
Background 10% (paper model),paper__b_ultra_bg,0.5776,0.06587,0.21501
Background 10% (paper model),paper__b_ultra_bg,0.5801,0.06549,0.21564
Background 10% (paper model),paper__b_ultra_bg,0.5826,0.06471,0.21564
Background 10% (paper model),paper__b_ultra_bg,0.5851,0.06471,0.2169
Background 10% (paper model),paper__b_ultra_bg,0.5875,0.06433,0.21816
Background 10% (paper model),paper__b_ultra_bg,0.59,0.06433,0.22005
Background 10% (paper model),paper__b_ultra_bg,0.5925,0.06433,0.22005
Background 10% (paper model),paper__b_ultra_bg,0.595,0.06433,0.22005
Background 10% (paper model),paper__b_ultra_bg,0.5975,0.06433,0.22194
Background 10% (paper model),paper__b_ultra_bg,0.5999,0.06433,0.2232
Background 10% (paper model),paper__b_ultra_bg,0.6024,0.06394,0.22383
Background 10% (paper model),paper__b_ultra_bg,0.6049,0.06356,0.22573
Background 10% (paper model),paper__b_ultra_bg,0.6074,0.06356,0.22573
Background 10% (paper model),paper__b_ultra_bg,0.6098,0.06356,0.22636
Background 10% (paper model),paper__b_ultra_bg,0.6123,0.06317,0.22825
Background 10% (paper model),paper__b_ultra_bg,0.6148,0.0624,0.22825
Background 10% (paper model),paper__b_ultra_bg,0.6173,0.0624,0.23077
Background 10% (paper model),paper__b_ultra_bg,0.6198,0.0624,0.23266
Background 10% (paper model),paper__b_ultra_bg,0.6222,0.0624,0.23392
Background 10% (paper model),paper__b_ultra_bg,0.6247,0.0624,0.23644
Background 10% (paper model),paper__b_ultra_bg,0.6272,0.06202,0.2377
Background 10% (paper model),paper__b_ultra_bg,0.6297,0.06202,0.2396
Background 10% (paper model),paper__b_ultra_bg,0.6322,0.06125,0.24023
Background 10% (paper model),paper__b_ultra_bg,0.6346,0.06086,0.24023
Background 10% (paper model),paper__b_ultra_bg,0.6371,0.05971,0.24212
Background 10% (paper model),paper__b_ultra_bg,0.6396,0.05932,0.24338
Background 10% (paper model),paper__b_ultra_bg,0.6421,0.05932,0.24653
Background 10% (paper model),paper__b_ultra_bg,0.6445,0.05932,0.24779
Background 10% (paper model),paper__b_ultra_bg,0.647,0.05894,0.25284
Background 10% (paper model),paper__b_ultra_bg,0.6495,0.05855,0.25473
Background 10% (paper model),paper__b_ultra_bg,0.652,0.05855,0.25599
Background 10% (paper model),paper__b_ultra_bg,0.6545,0.05817,0.25851
Background 10% (paper model),paper__b_ultra_bg,0.6569,0.05817,0.25851
Background 10% (paper model),paper__b_ultra_bg,0.6594,0.05778,0.2604
Background 10% (paper model),paper__b_ultra_bg,0.6619,0.05701,0.26166
Background 10% (paper model),paper__b_ultra_bg,0.6644,0.05663,0.26356
Background 10% (paper model),paper__b_ultra_bg,0.6669,0.05663,0.26419
Background 10% (paper model),paper__b_ultra_bg,0.6693,0.05586,0.26482
Background 10% (paper model),paper__b_ultra_bg,0.6718,0.05547,0.26482
Background 10% (paper model),paper__b_ultra_bg,0.6743,0.05547,0.26482
Background 10% (paper model),paper__b_ultra_bg,0.6768,0.05508,0.26608
Background 10% (paper model),paper__b_ultra_bg,0.6792,0.05508,0.2686
Background 10% (paper model),paper__b_ultra_bg,0.6817,0.0547,0.26986
Background 10% (paper model),paper__b_ultra_bg,0.6842,0.05431,0.27112
Background 10% (paper model),paper__b_ultra_bg,0.6867,0.05354,0.27175
Background 10% (paper model),paper__b_ultra_bg,0.6892,0.05239,0.27301
Background 10% (paper model),paper__b_ultra_bg,0.6916,0.05239,0.2768
Background 10% (paper model),paper__b_ultra_bg,0.6941,0.05239,0.27743
Background 10% (paper model),paper__b_ultra_bg,0.6966,0.05123,0.27869
Background 10% (paper model),paper__b_ultra_bg,0.6991,0.05046,0.28058
Background 10% (paper model),paper__b_ultra_bg,0.7016,0.05008,0.28247
Background 10% (paper model),paper__b_ultra_bg,0.704,0.04892,0.28562
Background 10% (paper model),paper__b_ultra_bg,0.7065,0.04854,0.28752
Background 10% (paper model),paper__b_ultra_bg,0.709,0.04854,0.29004
Background 10% (paper model),paper__b_ultra_bg,0.7115,0.04815,0.29193
Background 10% (paper model),paper__b_ultra_bg,0.7139,0.04815,0.29382
Background 10% (paper model),paper__b_ultra_bg,0.7164,0.04777,0.29445
Background 10% (paper model),paper__b_ultra_bg,0.7189,0.047,0.29823
Background 10% (paper model),paper__b_ultra_bg,0.7214,0.04622,0.30013
Background 10% (paper model),paper__b_ultra_bg,0.7239,0.04584,0.30139
Background 10% (paper model),paper__b_ultra_bg,0.7263,0.04545,0.30391
Background 10% (paper model),paper__b_ultra_bg,0.7288,0.04545,0.3058
Background 10% (paper model),paper__b_ultra_bg,0.7313,0.04507,0.30895
Background 10% (paper model),paper__b_ultra_bg,0.7338,0.04507,0.31084
Background 10% (paper model),paper__b_ultra_bg,0.7363,0.04468,0.314
Background 10% (paper model),paper__b_ultra_bg,0.7387,0.0443,0.31589
Background 10% (paper model),paper__b_ultra_bg,0.7412,0.04314,0.31778
Background 10% (paper model),paper__b_ultra_bg,0.7437,0.04276,0.31967
Background 10% (paper model),paper__b_ultra_bg,0.7462,0.04276,0.32156
Background 10% (paper model),paper__b_ultra_bg,0.7487,0.04237,0.32535
Background 10% (paper model),paper__b_ultra_bg,0.7511,0.04122,0.32724
Background 10% (paper model),paper__b_ultra_bg,0.7536,0.04045,0.3285
Background 10% (paper model),paper__b_ultra_bg,0.7561,0.04006,0.32976
Background 10% (paper model),paper__b_ultra_bg,0.7586,0.03968,0.33165
Background 10% (paper model),paper__b_ultra_bg,0.761,0.03929,0.3367
Background 10% (paper model),paper__b_ultra_bg,0.7635,0.03891,0.34048
Background 10% (paper model),paper__b_ultra_bg,0.766,0.03775,0.343
Background 10% (paper model),paper__b_ultra_bg,0.7685,0.03737,0.34489
Background 10% (paper model),paper__b_ultra_bg,0.771,0.03737,0.34741
Background 10% (paper model),paper__b_ultra_bg,0.7734,0.03698,0.35372
Background 10% (paper model),paper__b_ultra_bg,0.7759,0.03621,0.35498
Background 10% (paper model),paper__b_ultra_bg,0.7784,0.03544,0.35813
Background 10% (paper model),paper__b_ultra_bg,0.7809,0.03467,0.36003
Background 10% (paper model),paper__b_ultra_bg,0.7834,0.03428,0.36318
Background 10% (paper model),paper__b_ultra_bg,0.7858,0.03313,0.3657
Background 10% (paper model),paper__b_ultra_bg,0.7883,0.03159,0.37074
Background 10% (paper model),paper__b_ultra_bg,0.7908,0.03043,0.37201
Background 10% (paper model),paper__b_ultra_bg,0.7933,0.03005,0.37579
Background 10% (paper model),paper__b_ultra_bg,0.7957,0.02851,0.37642
Background 10% (paper model),paper__b_ultra_bg,0.7982,0.02812,0.37957
Background 10% (paper model),paper__b_ultra_bg,0.8007,0.02812,0.38525
Background 10% (paper model),paper__b_ultra_bg,0.8032,0.02658,0.38588
Background 10% (paper model),paper__b_ultra_bg,0.8057,0.02658,0.38966
Background 10% (paper model),paper__b_ultra_bg,0.8081,0.02581,0.39533
Background 10% (paper model),paper__b_ultra_bg,0.8106,0.02542,0.39786
Background 10% (paper model),paper__b_ultra_bg,0.8131,0.02465,0.40353
Background 10% (paper model),paper__b_ultra_bg,0.8156,0.02427,0.40605
Background 10% (paper model),paper__b_ultra_bg,0.8181,0.0235,0.4111
Background 10% (paper model),paper__b_ultra_bg,0.8205,0.02311,0.41677
Background 10% (paper model),paper__b_ultra_bg,0.823,0.02311,0.42119
Background 10% (paper model),paper__b_ultra_bg,0.8255,0.02311,0.42497
Background 10% (paper model),paper__b_ultra_bg,0.828,0.02234,0.43064
Background 10% (paper model),paper__b_ultra_bg,0.8304,0.02157,0.43821
Background 10% (paper model),paper__b_ultra_bg,0.8329,0.02119,0.44325
Background 10% (paper model),paper__b_ultra_bg,0.8354,0.0208,0.44767
Background 10% (paper model),paper__b_ultra_bg,0.8379,0.02003,0.45523
Background 10% (paper model),paper__b_ultra_bg,0.8404,0.02003,0.4628
Background 10% (paper model),paper__b_ultra_bg,0.8428,0.01926,0.47226
Background 10% (paper model),paper__b_ultra_bg,0.8453,0.01926,0.48361
Background 10% (paper model),paper__b_ultra_bg,0.8478,0.01888,0.49496
Background 10% (paper model),paper__b_ultra_bg,0.8503,0.0181,0.50315
Background 10% (paper model),paper__b_ultra_bg,0.8528,0.01772,0.51072
Background 10% (paper model),paper__b_ultra_bg,0.8552,0.01695,0.51702
Background 10% (paper model),paper__b_ultra_bg,0.8577,0.01618,0.5227
Background 10% (paper model),paper__b_ultra_bg,0.8602,0.01541,0.53216
Background 10% (paper model),paper__b_ultra_bg,0.8627,0.01541,0.54161
Background 10% (paper model),paper__b_ultra_bg,0.8652,0.01502,0.55296
Background 10% (paper model),paper__b_ultra_bg,0.8676,0.01425,0.56179
Background 10% (paper model),paper__b_ultra_bg,0.8701,0.01425,0.56936
Background 10% (paper model),paper__b_ultra_bg,0.8726,0.01425,0.58008
Background 10% (paper model),paper__b_ultra_bg,0.8751,0.01425,0.59142
Background 10% (paper model),paper__b_ultra_bg,0.8775,0.01348,0.59773
Background 10% (paper model),paper__b_ultra_bg,0.88,0.01271,0.60593
Background 10% (paper model),paper__b_ultra_bg,0.8825,0.01194,0.61791
Background 10% (paper model),paper__b_ultra_bg,0.885,0.01194,0.62989
Background 10% (paper model),paper__b_ultra_bg,0.8875,0.01156,0.64502
Background 10% (paper model),paper__b_ultra_bg,0.8899,0.01117,0.65574
Background 10% (paper model),paper__b_ultra_bg,0.8924,0.0104,0.66772
Background 10% (paper model),paper__b_ultra_bg,0.8949,0.00963,0.6797
Background 10% (paper model),paper__b_ultra_bg,0.8974,0.00963,0.68979
Background 10% (paper model),paper__b_ultra_bg,0.8999,0.00886,0.70303
Background 10% (paper model),paper__b_ultra_bg,0.9023,0.00693,0.7169
Background 10% (paper model),paper__b_ultra_bg,0.9048,0.00578,0.7232
Background 10% (paper model),paper__b_ultra_bg,0.9073,0.00539,0.73329
Background 10% (paper model),paper__b_ultra_bg,0.9098,0.00501,0.74527
Background 10% (paper model),paper__b_ultra_bg,0.9122,0.00424,0.75599
Background 10% (paper model),paper__b_ultra_bg,0.9147,0.00385,0.7768
Background 10% (paper model),paper__b_ultra_bg,0.9172,0.00385,0.78815
Background 10% (paper model),paper__b_ultra_bg,0.9197,0.00347,0.7995
Background 10% (paper model),paper__b_ultra_bg,0.9222,0.00347,0.81526
Background 10% (paper model),paper__b_ultra_bg,0.9246,0.00308,0.83291
Background 10% (paper model),paper__b_ultra_bg,0.9271,0.00308,0.84615
Background 10% (paper model),paper__b_ultra_bg,0.9296,0.00231,0.86192
Background 10% (paper model),paper__b_ultra_bg,0.9321,0.00231,0.87768
Background 10% (paper model),paper__b_ultra_bg,0.9346,0.00231,0.89281
Background 10% (paper model),paper__b_ultra_bg,0.937,0.00231,0.90542
Background 10% (paper model),paper__b_ultra_bg,0.9395,0.00193,0.91614
Background 10% (paper model),paper__b_ultra_bg,0.942,0.00116,0.92875
Background 10% (paper model),paper__b_ultra_bg,0.9445,0.00116,0.94073
Background 10% (paper model),paper__b_ultra_bg,0.9469,0.00116,0.95334
Background 10% (paper model),paper__b_ultra_bg,0.9494,0.00116,0.9628
Background 10% (paper model),paper__b_ultra_bg,0.9519,0.00116,0.97037
Background 10% (paper model),paper__b_ultra_bg,0.9544,0.00116,0.97667
Background 10% (paper model),paper__b_ultra_bg,0.9569,0.00039,0.98172
Background 10% (paper model),paper__b_ultra_bg,0.9593,0.00039,0.98802
Background 10% (paper model),paper__b_ultra_bg,0.9618,0.0,0.99117
Background 10% (paper model),paper__b_ultra_bg,0.9643,0.0,0.99433
Background 10% (paper model),paper__b_ultra_bg,0.9668,0.0,0.99622
Background 10% (paper model),paper__b_ultra_bg,0.9693,0.0,0.99748
Background 10% (paper model),paper__b_ultra_bg,0.9717,0.0,0.99874
Background 10% (paper model),paper__b_ultra_bg,0.9742,0.0,0.99937
Background 10% (paper model),paper__b_ultra_bg,0.9767,0.0,1.0
Background 10% (paper model),paper__b_ultra_bg,0.9792,0.0,1.0
Background 10% (paper model),paper__b_ultra_bg,0.9816,0.0,1.0
Background 10% (paper model),paper__b_ultra_bg,0.9841,0.0,1.0
Background 10% (paper model),paper__b_ultra_bg,0.9866,0.0,1.0
Background 10% (paper model),paper__b_ultra_bg,0.9891,0.0,1.0
Background 10% (paper model),paper__b_ultra_bg,0.9916,0.0,1.0
Background 10% (paper model),paper__b_ultra_bg,0.994,0.0,1.0
Background 10% (paper model),paper__b_ultra_bg,0.9965,0.0,1.0
Background 10% (paper model),paper__b_ultra_bg,0.999,0.0,1.0
