model,rule,hold_s,key,kind,role,scene,minutes,alarms,per_hour,first_alarm_s
No negatives (paper),1-of-1,0.0,KMU_like__smoke_or_flame_like_object_1,KMU_like,negative,indoor,0.12,0,0.0,
No negatives (paper),1-of-1,0.0,KMU_like__smoke_or_flame_like_object_10,KMU_like,negative,outdoor,1.27,0,0.0,
No negatives (paper),1-of-1,0.0,KMU_like__smoke_or_flame_like_object_2,KMU_like,negative,outdoor,0.37,0,0.0,
No negatives (paper),1-of-1,0.0,KMU_like__smoke_or_flame_like_object_3,KMU_like,negative,indoor,0.6,4,401.394,3.708
No negatives (paper),1-of-1,0.0,KMU_like__smoke_or_flame_like_object_4,KMU_like,negative,outdoor,0.63,0,0.0,
No negatives (paper),1-of-1,0.0,KMU_like__smoke_or_flame_like_object_5,KMU_like,negative,outdoor,5.71,0,0.0,
No negatives (paper),1-of-1,0.0,KMU_like__smoke_or_flame_like_object_6,KMU_like,negative,outdoor,5.08,4,47.239,97.042
No negatives (paper),1-of-1,0.0,KMU_like__smoke_or_flame_like_object_7,KMU_like,negative,outdoor,1.4,0,0.0,
No negatives (paper),1-of-1,0.0,KMU_like__smoke_or_flame_like_object_8,KMU_like,negative,outdoor,0.59,0,0.0,
No negatives (paper),1-of-1,0.0,KMU_like__smoke_or_flame_like_object_9,KMU_like,negative,outdoor,1.95,0,0.0,
No negatives (paper),1-of-1,0.0,FS_fire__negsVideo1.858,FS_fire,negative,mixed,3.15,27,514.059,16.083
No negatives (paper),1-of-1,0.0,FS_fire__negsVideo12.1074,FS_fire,negative,outdoor,0.43,21,2900.953,15.748
No negatives (paper),1-of-1,0.0,FS_fire__negsVideo16.1077,FS_fire,negative,outdoor,0.18,0,0.0,
No negatives (paper),1-of-1,0.0,FS_fire__negsVideo2.859,FS_fire,negative,outdoor,0.26,4,935.065,0.0
No negatives (paper),1-of-1,0.0,FS_fire__negsVideo3.860,FS_fire,negative,outdoor,0.27,0,0.0,
No negatives (paper),1-of-1,0.0,FS_fire__negsVideo4.861,FS_fire,negative,indoor,1.07,49,2741.97,4.7
No negatives (paper),1-of-1,0.0,FS_fire__negsVideo5.862,FS_fire,negative,outdoor,0.24,12,2958.904,0.667
No negatives (paper),1-of-1,0.0,FS_fire__negsVideo6.863,FS_fire,negative,outdoor,0.76,8,631.025,10.4
No negatives (paper),1-of-1,0.0,FS_fire__negsVideo7.864,FS_fire,negative,indoor,0.3,20,4000.0,1.367
No negatives (paper),1-of-1,0.0,FS_fire__negsVideo8.865,FS_fire,negative,outdoor,2.09,236,6771.95,0.801
No negatives (paper),1-of-1,0.0,FS_fire__negsVideo9.866,FS_fire,negative,outdoor,0.43,4,559.006,0.88
No negatives (paper),1-of-1,0.0,FS_smoke__testneg01.807,FS_smoke,negative,outdoor,0.17,0,0.0,
No negatives (paper),1-of-1,0.0,FS_smoke__testneg02.808,FS_smoke,negative,outdoor,0.75,0,0.0,
No negatives (paper),1-of-1,0.0,FS_smoke__testneg03.809,FS_smoke,negative,indoor,0.1,1,596.688,3.067
No negatives (paper),1-of-1,0.0,FS_smoke__testneg04.810,FS_smoke,negative,outdoor,1.89,0,0.0,
No negatives (paper),1-of-1,0.0,FS_smoke__testneg05.811,FS_smoke,negative,outdoor,0.17,0,0.0,
No negatives (paper),1-of-1,0.0,FS_smoke__testneg06.812,FS_smoke,negative,outdoor,0.17,2,720.0,5.28
No negatives (paper),1-of-1,0.0,FS_smoke__testneg07.813,FS_smoke,negative,outdoor,0.52,38,4412.903,1.4
No negatives (paper),1-of-1,0.0,FS_smoke__testneg08.814,FS_smoke,negative,outdoor,0.5,0,0.0,
No negatives (paper),1-of-1,0.0,FS_smoke__testneg09.815,FS_smoke,negative,outdoor,0.48,1,124.654,0.48
No negatives (paper),1-of-1,0.0,FS_fire__posVideo1.868,FS_fire,positive,outdoor,0.49,79,9739.726,0.0
No negatives (paper),1-of-1,0.0,FS_fire__posVideo10.869,FS_fire,positive,outdoor,0.13,3,1383.232,0.0
No negatives (paper),1-of-1,0.0,FS_fire__posVideo11.870,FS_fire,positive,outdoor,0.2,16,4881.356,0.0
No negatives (paper),1-of-1,0.0,FS_fire__posVideo2.871,FS_fire,positive,indoor,0.28,11,2331.661,0.0
No negatives (paper),1-of-1,0.0,FS_fire__posVideo3.872,FS_fire,positive,outdoor,0.21,44,12492.803,0.0
No negatives (paper),1-of-1,0.0,FS_fire__posVideo4.873,FS_fire,positive,indoor,0.92,16,1043.696,0.0
No negatives (paper),1-of-1,0.0,FS_fire__posVideo5.874,FS_fire,positive,indoor,1.34,196,8792.874,0.0
No negatives (paper),1-of-1,0.0,FS_fire__posVideo6.875,FS_fire,positive,outdoor,0.43,4,560.311,0.0
No negatives (paper),1-of-1,0.0,FS_fire__posVideo7.876,FS_fire,positive,outdoor,0.91,19,1252.747,16.7
No negatives (paper),1-of-1,0.0,FS_fire__posVideo8.877,FS_fire,positive,outdoor,0.28,47,9904.178,0.0
No negatives (paper),1-of-1,0.0,FS_fire__posVideo9.878,FS_fire,positive,outdoor,0.37,123,20046.449,0.0
No negatives (paper),1-of-1,0.0,FS_smoke__testpos01.817,FS_smoke,positive,outdoor,0.28,10,2128.075,0.917
No negatives (paper),1-of-1,0.0,FS_smoke__testpos02.818,FS_smoke,positive,outdoor,0.96,61,3810.899,0.0
No negatives (paper),1-of-1,0.0,FS_smoke__testpos04.820,FS_smoke,positive,outdoor,1.31,74,3392.766,0.0
No negatives (paper),1-of-1,0.0,FS_smoke__testpos05.821,FS_smoke,positive,indoor,1.82,1,32.916,5.543
No negatives (paper),1-of-1,0.0,FS_smoke__testpos06.822,FS_smoke,positive,outdoor,0.33,14,2520.0,0.0
No negatives (paper),1-of-1,0.0,FS_smoke__testpos07.823,FS_smoke,positive,outdoor,1.17,46,2365.714,0.8
No negatives (paper),1-of-1,0.0,FS_smoke__testpos08.824,FS_smoke,positive,outdoor,0.4,21,3132.601,0.267
No negatives (paper),1-of-1,0.0,FS_smoke__testpos09.825,FS_smoke,positive,outdoor,0.46,50,6529.617,0.033
No negatives (paper),1-of-1,0.0,FS_smoke__testpos10.826,FS_smoke,positive,outdoor,0.82,63,4630.244,0.134
No negatives (paper),1-of-1,0.0,FS_smoke__testpos11.827,FS_smoke,positive,outdoor,0.45,36,4792.899,0.24
No negatives (paper),1-of-1,0.0,FS_smoke__testpos12.828,FS_smoke,positive,outdoor,0.2,15,4478.577,0.0
No negatives (paper),1-of-1,0.0,FS_smoke__testpos13.829,FS_smoke,positive,outdoor,0.26,13,3035.925,0.067
No negatives (paper),3-of-5,0.0,KMU_like__smoke_or_flame_like_object_1,KMU_like,negative,indoor,0.12,0,0.0,
No negatives (paper),3-of-5,0.0,KMU_like__smoke_or_flame_like_object_10,KMU_like,negative,outdoor,1.27,0,0.0,
No negatives (paper),3-of-5,0.0,KMU_like__smoke_or_flame_like_object_2,KMU_like,negative,outdoor,0.37,0,0.0,
No negatives (paper),3-of-5,0.0,KMU_like__smoke_or_flame_like_object_3,KMU_like,negative,indoor,0.6,2,200.697,3.792
No negatives (paper),3-of-5,0.0,KMU_like__smoke_or_flame_like_object_4,KMU_like,negative,outdoor,0.63,0,0.0,
No negatives (paper),3-of-5,0.0,KMU_like__smoke_or_flame_like_object_5,KMU_like,negative,outdoor,5.71,0,0.0,
No negatives (paper),3-of-5,0.0,KMU_like__smoke_or_flame_like_object_6,KMU_like,negative,outdoor,5.08,1,11.81,97.125
No negatives (paper),3-of-5,0.0,KMU_like__smoke_or_flame_like_object_7,KMU_like,negative,outdoor,1.4,0,0.0,
No negatives (paper),3-of-5,0.0,KMU_like__smoke_or_flame_like_object_8,KMU_like,negative,outdoor,0.59,0,0.0,
No negatives (paper),3-of-5,0.0,KMU_like__smoke_or_flame_like_object_9,KMU_like,negative,outdoor,1.95,0,0.0,
No negatives (paper),3-of-5,0.0,FS_fire__negsVideo1.858,FS_fire,negative,mixed,3.15,7,133.275,16.167
No negatives (paper),3-of-5,0.0,FS_fire__negsVideo12.1074,FS_fire,negative,outdoor,0.43,0,0.0,
No negatives (paper),3-of-5,0.0,FS_fire__negsVideo16.1077,FS_fire,negative,outdoor,0.18,0,0.0,
No negatives (paper),3-of-5,0.0,FS_fire__negsVideo2.859,FS_fire,negative,outdoor,0.26,2,467.532,0.2
No negatives (paper),3-of-5,0.0,FS_fire__negsVideo3.860,FS_fire,negative,outdoor,0.27,0,0.0,
No negatives (paper),3-of-5,0.0,FS_fire__negsVideo4.861,FS_fire,negative,indoor,1.07,12,671.503,13.733
No negatives (paper),3-of-5,0.0,FS_fire__negsVideo5.862,FS_fire,negative,outdoor,0.24,3,739.726,5.867
No negatives (paper),3-of-5,0.0,FS_fire__negsVideo6.863,FS_fire,negative,outdoor,0.76,2,157.756,14.12
No negatives (paper),3-of-5,0.0,FS_fire__negsVideo7.864,FS_fire,negative,indoor,0.3,5,1000.0,1.433
No negatives (paper),3-of-5,0.0,FS_fire__negsVideo8.865,FS_fire,negative,outdoor,2.09,42,1205.177,1.135
No negatives (paper),3-of-5,0.0,FS_fire__negsVideo9.866,FS_fire,negative,outdoor,0.43,1,139.752,19.68
No negatives (paper),3-of-5,0.0,FS_smoke__testneg01.807,FS_smoke,negative,outdoor,0.17,0,0.0,
No negatives (paper),3-of-5,0.0,FS_smoke__testneg02.808,FS_smoke,negative,outdoor,0.75,0,0.0,
No negatives (paper),3-of-5,0.0,FS_smoke__testneg03.809,FS_smoke,negative,indoor,0.1,0,0.0,
No negatives (paper),3-of-5,0.0,FS_smoke__testneg04.810,FS_smoke,negative,outdoor,1.89,0,0.0,
No negatives (paper),3-of-5,0.0,FS_smoke__testneg05.811,FS_smoke,negative,outdoor,0.17,0,0.0,
No negatives (paper),3-of-5,0.0,FS_smoke__testneg06.812,FS_smoke,negative,outdoor,0.17,0,0.0,
No negatives (paper),3-of-5,0.0,FS_smoke__testneg07.813,FS_smoke,negative,outdoor,0.52,11,1277.419,2.28
No negatives (paper),3-of-5,0.0,FS_smoke__testneg08.814,FS_smoke,negative,outdoor,0.5,0,0.0,
No negatives (paper),3-of-5,0.0,FS_smoke__testneg09.815,FS_smoke,negative,outdoor,0.48,0,0.0,
No negatives (paper),3-of-5,0.0,FS_fire__posVideo1.868,FS_fire,positive,outdoor,0.49,13,1602.74,0.6
No negatives (paper),3-of-5,0.0,FS_fire__posVideo10.869,FS_fire,positive,outdoor,0.13,3,1383.232,0.067
No negatives (paper),3-of-5,0.0,FS_fire__posVideo11.870,FS_fire,positive,outdoor,0.2,3,915.254,0.2
No negatives (paper),3-of-5,0.0,FS_fire__posVideo2.871,FS_fire,positive,indoor,0.28,2,423.938,0.067
No negatives (paper),3-of-5,0.0,FS_fire__posVideo3.872,FS_fire,positive,outdoor,0.21,9,2555.346,0.3
No negatives (paper),3-of-5,0.0,FS_fire__posVideo4.873,FS_fire,positive,indoor,0.92,1,65.231,0.067
No negatives (paper),3-of-5,0.0,FS_fire__posVideo5.874,FS_fire,positive,indoor,1.34,18,807.509,0.067
No negatives (paper),3-of-5,0.0,FS_fire__posVideo6.875,FS_fire,positive,outdoor,0.43,1,140.078,0.4
No negatives (paper),3-of-5,0.0,FS_fire__posVideo7.876,FS_fire,positive,outdoor,0.91,4,263.736,17.8
No negatives (paper),3-of-5,0.0,FS_fire__posVideo8.877,FS_fire,positive,outdoor,0.28,2,421.454,0.067
No negatives (paper),3-of-5,0.0,FS_fire__posVideo9.878,FS_fire,positive,outdoor,0.37,25,4074.482,0.067
No negatives (paper),3-of-5,0.0,FS_smoke__testpos01.817,FS_smoke,positive,outdoor,0.28,1,212.807,1.042
No negatives (paper),3-of-5,0.0,FS_smoke__testpos02.818,FS_smoke,positive,outdoor,0.96,23,1436.896,0.067
No negatives (paper),3-of-5,0.0,FS_smoke__testpos04.820,FS_smoke,positive,outdoor,1.31,22,1008.66,0.08
No negatives (paper),3-of-5,0.0,FS_smoke__testpos05.821,FS_smoke,positive,indoor,1.82,1,32.916,5.97
No negatives (paper),3-of-5,0.0,FS_smoke__testpos06.822,FS_smoke,positive,outdoor,0.33,4,720.0,0.3
No negatives (paper),3-of-5,0.0,FS_smoke__testpos07.823,FS_smoke,positive,outdoor,1.17,11,565.714,2.6
No negatives (paper),3-of-5,0.0,FS_smoke__testpos08.824,FS_smoke,positive,outdoor,0.4,4,596.686,2.4
No negatives (paper),3-of-5,0.0,FS_smoke__testpos09.825,FS_smoke,positive,outdoor,0.46,10,1305.923,0.133
No negatives (paper),3-of-5,0.0,FS_smoke__testpos10.826,FS_smoke,positive,outdoor,0.82,14,1028.943,0.334
No negatives (paper),3-of-5,0.0,FS_smoke__testpos11.827,FS_smoke,positive,outdoor,0.45,8,1065.089,0.4
No negatives (paper),3-of-5,0.0,FS_smoke__testpos12.828,FS_smoke,positive,outdoor,0.2,1,298.572,0.067
No negatives (paper),3-of-5,0.0,FS_smoke__testpos13.829,FS_smoke,positive,outdoor,0.26,2,467.065,0.134
No negatives (paper),3-of-5,30.0,KMU_like__smoke_or_flame_like_object_1,KMU_like,negative,indoor,0.12,0,0.0,
No negatives (paper),3-of-5,30.0,KMU_like__smoke_or_flame_like_object_10,KMU_like,negative,outdoor,1.27,0,0.0,
No negatives (paper),3-of-5,30.0,KMU_like__smoke_or_flame_like_object_2,KMU_like,negative,outdoor,0.37,0,0.0,
No negatives (paper),3-of-5,30.0,KMU_like__smoke_or_flame_like_object_3,KMU_like,negative,indoor,0.6,1,100.348,3.792
No negatives (paper),3-of-5,30.0,KMU_like__smoke_or_flame_like_object_4,KMU_like,negative,outdoor,0.63,0,0.0,
No negatives (paper),3-of-5,30.0,KMU_like__smoke_or_flame_like_object_5,KMU_like,negative,outdoor,5.71,0,0.0,
No negatives (paper),3-of-5,30.0,KMU_like__smoke_or_flame_like_object_6,KMU_like,negative,outdoor,5.08,1,11.81,97.125
No negatives (paper),3-of-5,30.0,KMU_like__smoke_or_flame_like_object_7,KMU_like,negative,outdoor,1.4,0,0.0,
No negatives (paper),3-of-5,30.0,KMU_like__smoke_or_flame_like_object_8,KMU_like,negative,outdoor,0.59,0,0.0,
No negatives (paper),3-of-5,30.0,KMU_like__smoke_or_flame_like_object_9,KMU_like,negative,outdoor,1.95,0,0.0,
No negatives (paper),3-of-5,30.0,FS_fire__negsVideo1.858,FS_fire,negative,mixed,3.15,2,38.078,16.167
No negatives (paper),3-of-5,30.0,FS_fire__negsVideo12.1074,FS_fire,negative,outdoor,0.43,0,0.0,
No negatives (paper),3-of-5,30.0,FS_fire__negsVideo16.1077,FS_fire,negative,outdoor,0.18,0,0.0,
No negatives (paper),3-of-5,30.0,FS_fire__negsVideo2.859,FS_fire,negative,outdoor,0.26,1,233.766,0.2
No negatives (paper),3-of-5,30.0,FS_fire__negsVideo3.860,FS_fire,negative,outdoor,0.27,0,0.0,
No negatives (paper),3-of-5,30.0,FS_fire__negsVideo4.861,FS_fire,negative,indoor,1.07,1,55.959,13.733
No negatives (paper),3-of-5,30.0,FS_fire__negsVideo5.862,FS_fire,negative,outdoor,0.24,1,246.575,5.867
No negatives (paper),3-of-5,30.0,FS_fire__negsVideo6.863,FS_fire,negative,outdoor,0.76,1,78.878,14.12
No negatives (paper),3-of-5,30.0,FS_fire__negsVideo7.864,FS_fire,negative,indoor,0.3,1,200.0,1.433
No negatives (paper),3-of-5,30.0,FS_fire__negsVideo8.865,FS_fire,negative,outdoor,2.09,1,28.695,1.135
No negatives (paper),3-of-5,30.0,FS_fire__negsVideo9.866,FS_fire,negative,outdoor,0.43,1,139.752,19.68
No negatives (paper),3-of-5,30.0,FS_smoke__testneg01.807,FS_smoke,negative,outdoor,0.17,0,0.0,
No negatives (paper),3-of-5,30.0,FS_smoke__testneg02.808,FS_smoke,negative,outdoor,0.75,0,0.0,
No negatives (paper),3-of-5,30.0,FS_smoke__testneg03.809,FS_smoke,negative,indoor,0.1,0,0.0,
No negatives (paper),3-of-5,30.0,FS_smoke__testneg04.810,FS_smoke,negative,outdoor,1.89,0,0.0,
No negatives (paper),3-of-5,30.0,FS_smoke__testneg05.811,FS_smoke,negative,outdoor,0.17,0,0.0,
No negatives (paper),3-of-5,30.0,FS_smoke__testneg06.812,FS_smoke,negative,outdoor,0.17,0,0.0,
No negatives (paper),3-of-5,30.0,FS_smoke__testneg07.813,FS_smoke,negative,outdoor,0.52,1,116.129,2.28
No negatives (paper),3-of-5,30.0,FS_smoke__testneg08.814,FS_smoke,negative,outdoor,0.5,0,0.0,
No negatives (paper),3-of-5,30.0,FS_smoke__testneg09.815,FS_smoke,negative,outdoor,0.48,0,0.0,
No negatives (paper),3-of-5,30.0,FS_fire__posVideo1.868,FS_fire,positive,outdoor,0.49,1,123.288,0.6
No negatives (paper),3-of-5,30.0,FS_fire__posVideo10.869,FS_fire,positive,outdoor,0.13,1,461.077,0.067
No negatives (paper),3-of-5,30.0,FS_fire__posVideo11.870,FS_fire,positive,outdoor,0.2,1,305.085,0.2
No negatives (paper),3-of-5,30.0,FS_fire__posVideo2.871,FS_fire,positive,indoor,0.28,1,211.969,0.067
No negatives (paper),3-of-5,30.0,FS_fire__posVideo3.872,FS_fire,positive,outdoor,0.21,1,283.927,0.3
No negatives (paper),3-of-5,30.0,FS_fire__posVideo4.873,FS_fire,positive,indoor,0.92,1,65.231,0.067
No negatives (paper),3-of-5,30.0,FS_fire__posVideo5.874,FS_fire,positive,indoor,1.34,1,44.862,0.067
No negatives (paper),3-of-5,30.0,FS_fire__posVideo6.875,FS_fire,positive,outdoor,0.43,1,140.078,0.4
No negatives (paper),3-of-5,30.0,FS_fire__posVideo7.876,FS_fire,positive,outdoor,0.91,1,65.934,17.8
No negatives (paper),3-of-5,30.0,FS_fire__posVideo8.877,FS_fire,positive,outdoor,0.28,1,210.727,0.067
No negatives (paper),3-of-5,30.0,FS_fire__posVideo9.878,FS_fire,positive,outdoor,0.37,1,162.979,0.067
No negatives (paper),3-of-5,30.0,FS_smoke__testpos01.817,FS_smoke,positive,outdoor,0.28,1,212.807,1.042
No negatives (paper),3-of-5,30.0,FS_smoke__testpos02.818,FS_smoke,positive,outdoor,0.96,1,62.474,0.067
No negatives (paper),3-of-5,30.0,FS_smoke__testpos04.820,FS_smoke,positive,outdoor,1.31,2,91.696,0.08
No negatives (paper),3-of-5,30.0,FS_smoke__testpos05.821,FS_smoke,positive,indoor,1.82,1,32.916,5.97
No negatives (paper),3-of-5,30.0,FS_smoke__testpos06.822,FS_smoke,positive,outdoor,0.33,1,180.0,0.3
No negatives (paper),3-of-5,30.0,FS_smoke__testpos07.823,FS_smoke,positive,outdoor,1.17,1,51.429,2.6
No negatives (paper),3-of-5,30.0,FS_smoke__testpos08.824,FS_smoke,positive,outdoor,0.4,1,149.171,2.4
No negatives (paper),3-of-5,30.0,FS_smoke__testpos09.825,FS_smoke,positive,outdoor,0.46,1,130.592,0.133
No negatives (paper),3-of-5,30.0,FS_smoke__testpos10.826,FS_smoke,positive,outdoor,0.82,1,73.496,0.334
No negatives (paper),3-of-5,30.0,FS_smoke__testpos11.827,FS_smoke,positive,outdoor,0.45,1,133.136,0.4
No negatives (paper),3-of-5,30.0,FS_smoke__testpos12.828,FS_smoke,positive,outdoor,0.2,1,298.572,0.067
No negatives (paper),3-of-5,30.0,FS_smoke__testpos13.829,FS_smoke,positive,outdoor,0.26,1,233.533,0.134
Deployed kd6 (paper),1-of-1,0.0,KMU_like__smoke_or_flame_like_object_1,KMU_like,negative,indoor,0.12,0,0.0,
Deployed kd6 (paper),1-of-1,0.0,KMU_like__smoke_or_flame_like_object_10,KMU_like,negative,outdoor,1.27,0,0.0,
Deployed kd6 (paper),1-of-1,0.0,KMU_like__smoke_or_flame_like_object_2,KMU_like,negative,outdoor,0.37,0,0.0,
Deployed kd6 (paper),1-of-1,0.0,KMU_like__smoke_or_flame_like_object_3,KMU_like,negative,indoor,0.6,1,100.348,4.042
Deployed kd6 (paper),1-of-1,0.0,KMU_like__smoke_or_flame_like_object_4,KMU_like,negative,outdoor,0.63,0,0.0,
Deployed kd6 (paper),1-of-1,0.0,KMU_like__smoke_or_flame_like_object_5,KMU_like,negative,outdoor,5.71,0,0.0,
Deployed kd6 (paper),1-of-1,0.0,KMU_like__smoke_or_flame_like_object_6,KMU_like,negative,outdoor,5.08,0,0.0,
Deployed kd6 (paper),1-of-1,0.0,KMU_like__smoke_or_flame_like_object_7,KMU_like,negative,outdoor,1.4,0,0.0,
Deployed kd6 (paper),1-of-1,0.0,KMU_like__smoke_or_flame_like_object_8,KMU_like,negative,outdoor,0.59,0,0.0,
Deployed kd6 (paper),1-of-1,0.0,KMU_like__smoke_or_flame_like_object_9,KMU_like,negative,outdoor,1.95,0,0.0,
Deployed kd6 (paper),1-of-1,0.0,FS_fire__negsVideo1.858,FS_fire,negative,mixed,3.15,2,38.078,36.083
Deployed kd6 (paper),1-of-1,0.0,FS_fire__negsVideo12.1074,FS_fire,negative,outdoor,0.43,0,0.0,
Deployed kd6 (paper),1-of-1,0.0,FS_fire__negsVideo16.1077,FS_fire,negative,outdoor,0.18,0,0.0,
Deployed kd6 (paper),1-of-1,0.0,FS_fire__negsVideo2.859,FS_fire,negative,outdoor,0.26,2,467.532,4.2
Deployed kd6 (paper),1-of-1,0.0,FS_fire__negsVideo3.860,FS_fire,negative,outdoor,0.27,0,0.0,
Deployed kd6 (paper),1-of-1,0.0,FS_fire__negsVideo4.861,FS_fire,negative,indoor,1.07,0,0.0,
Deployed kd6 (paper),1-of-1,0.0,FS_fire__negsVideo5.862,FS_fire,negative,outdoor,0.24,18,4438.356,3.533
Deployed kd6 (paper),1-of-1,0.0,FS_fire__negsVideo6.863,FS_fire,negative,outdoor,0.76,0,0.0,
Deployed kd6 (paper),1-of-1,0.0,FS_fire__negsVideo7.864,FS_fire,negative,indoor,0.3,24,4800.0,1.833
Deployed kd6 (paper),1-of-1,0.0,FS_fire__negsVideo8.865,FS_fire,negative,outdoor,2.09,67,1922.545,14.781
Deployed kd6 (paper),1-of-1,0.0,FS_fire__negsVideo9.866,FS_fire,negative,outdoor,0.43,0,0.0,
Deployed kd6 (paper),1-of-1,0.0,FS_smoke__testneg01.807,FS_smoke,negative,outdoor,0.17,0,0.0,
Deployed kd6 (paper),1-of-1,0.0,FS_smoke__testneg02.808,FS_smoke,negative,outdoor,0.75,0,0.0,
Deployed kd6 (paper),1-of-1,0.0,FS_smoke__testneg03.809,FS_smoke,negative,indoor,0.1,0,0.0,
Deployed kd6 (paper),1-of-1,0.0,FS_smoke__testneg04.810,FS_smoke,negative,outdoor,1.89,0,0.0,
Deployed kd6 (paper),1-of-1,0.0,FS_smoke__testneg05.811,FS_smoke,negative,outdoor,0.17,0,0.0,
Deployed kd6 (paper),1-of-1,0.0,FS_smoke__testneg06.812,FS_smoke,negative,outdoor,0.17,0,0.0,
Deployed kd6 (paper),1-of-1,0.0,FS_smoke__testneg07.813,FS_smoke,negative,outdoor,0.52,0,0.0,
Deployed kd6 (paper),1-of-1,0.0,FS_smoke__testneg08.814,FS_smoke,negative,outdoor,0.5,0,0.0,
Deployed kd6 (paper),1-of-1,0.0,FS_smoke__testneg09.815,FS_smoke,negative,outdoor,0.48,2,249.307,0.2
Deployed kd6 (paper),1-of-1,0.0,FS_fire__posVideo1.868,FS_fire,positive,outdoor,0.49,28,3452.055,8.2
Deployed kd6 (paper),1-of-1,0.0,FS_fire__posVideo10.869,FS_fire,positive,outdoor,0.13,7,3227.542,0.0
Deployed kd6 (paper),1-of-1,0.0,FS_fire__posVideo11.870,FS_fire,positive,outdoor,0.2,1,305.085,0.133
Deployed kd6 (paper),1-of-1,0.0,FS_fire__posVideo2.871,FS_fire,positive,indoor,0.28,29,6147.107,0.0
Deployed kd6 (paper),1-of-1,0.0,FS_fire__posVideo3.872,FS_fire,positive,outdoor,0.21,31,8801.748,0.0
Deployed kd6 (paper),1-of-1,0.0,FS_fire__posVideo4.873,FS_fire,positive,indoor,0.92,136,8871.413,0.0
Deployed kd6 (paper),1-of-1,0.0,FS_fire__posVideo5.874,FS_fire,positive,indoor,1.34,21,942.094,0.0
Deployed kd6 (paper),1-of-1,0.0,FS_fire__posVideo6.875,FS_fire,positive,outdoor,0.43,15,2101.167,0.1
Deployed kd6 (paper),1-of-1,0.0,FS_fire__posVideo7.876,FS_fire,positive,outdoor,0.91,0,0.0,
Deployed kd6 (paper),1-of-1,0.0,FS_fire__posVideo8.877,FS_fire,positive,outdoor,0.28,19,4003.817,0.0
Deployed kd6 (paper),1-of-1,0.0,FS_fire__posVideo9.878,FS_fire,positive,outdoor,0.37,83,13527.279,0.0
Deployed kd6 (paper),1-of-1,0.0,FS_smoke__testpos01.817,FS_smoke,positive,outdoor,0.28,12,2553.69,6.667
Deployed kd6 (paper),1-of-1,0.0,FS_smoke__testpos02.818,FS_smoke,positive,outdoor,0.96,7,437.316,3.203
Deployed kd6 (paper),1-of-1,0.0,FS_smoke__testpos04.820,FS_smoke,positive,outdoor,1.31,71,3255.222,3.04
Deployed kd6 (paper),1-of-1,0.0,FS_smoke__testpos05.821,FS_smoke,positive,indoor,1.82,4,131.663,1.706
Deployed kd6 (paper),1-of-1,0.0,FS_smoke__testpos06.822,FS_smoke,positive,outdoor,0.33,12,2160.0,0.0
Deployed kd6 (paper),1-of-1,0.0,FS_smoke__testpos07.823,FS_smoke,positive,outdoor,1.17,4,205.714,45.1
Deployed kd6 (paper),1-of-1,0.0,FS_smoke__testpos08.824,FS_smoke,positive,outdoor,0.4,15,2237.572,8.067
Deployed kd6 (paper),1-of-1,0.0,FS_smoke__testpos09.825,FS_smoke,positive,outdoor,0.46,42,5484.878,0.133
Deployed kd6 (paper),1-of-1,0.0,FS_smoke__testpos10.826,FS_smoke,positive,outdoor,0.82,60,4409.756,2.736
Deployed kd6 (paper),1-of-1,0.0,FS_smoke__testpos11.827,FS_smoke,positive,outdoor,0.45,12,1597.633,0.84
Deployed kd6 (paper),1-of-1,0.0,FS_smoke__testpos12.828,FS_smoke,positive,outdoor,0.2,25,7464.296,0.0
Deployed kd6 (paper),1-of-1,0.0,FS_smoke__testpos13.829,FS_smoke,positive,outdoor,0.26,29,6772.448,0.067
Deployed kd6 (paper),3-of-5,0.0,KMU_like__smoke_or_flame_like_object_1,KMU_like,negative,indoor,0.12,0,0.0,
Deployed kd6 (paper),3-of-5,0.0,KMU_like__smoke_or_flame_like_object_10,KMU_like,negative,outdoor,1.27,0,0.0,
Deployed kd6 (paper),3-of-5,0.0,KMU_like__smoke_or_flame_like_object_2,KMU_like,negative,outdoor,0.37,0,0.0,
Deployed kd6 (paper),3-of-5,0.0,KMU_like__smoke_or_flame_like_object_3,KMU_like,negative,indoor,0.6,1,100.348,4.125
Deployed kd6 (paper),3-of-5,0.0,KMU_like__smoke_or_flame_like_object_4,KMU_like,negative,outdoor,0.63,0,0.0,
Deployed kd6 (paper),3-of-5,0.0,KMU_like__smoke_or_flame_like_object_5,KMU_like,negative,outdoor,5.71,0,0.0,
Deployed kd6 (paper),3-of-5,0.0,KMU_like__smoke_or_flame_like_object_6,KMU_like,negative,outdoor,5.08,0,0.0,
Deployed kd6 (paper),3-of-5,0.0,KMU_like__smoke_or_flame_like_object_7,KMU_like,negative,outdoor,1.4,0,0.0,
Deployed kd6 (paper),3-of-5,0.0,KMU_like__smoke_or_flame_like_object_8,KMU_like,negative,outdoor,0.59,0,0.0,
Deployed kd6 (paper),3-of-5,0.0,KMU_like__smoke_or_flame_like_object_9,KMU_like,negative,outdoor,1.95,0,0.0,
Deployed kd6 (paper),3-of-5,0.0,FS_fire__negsVideo1.858,FS_fire,negative,mixed,3.15,1,19.039,36.167
Deployed kd6 (paper),3-of-5,0.0,FS_fire__negsVideo12.1074,FS_fire,negative,outdoor,0.43,0,0.0,
Deployed kd6 (paper),3-of-5,0.0,FS_fire__negsVideo16.1077,FS_fire,negative,outdoor,0.18,0,0.0,
Deployed kd6 (paper),3-of-5,0.0,FS_fire__negsVideo2.859,FS_fire,negative,outdoor,0.26,1,233.766,4.4
Deployed kd6 (paper),3-of-5,0.0,FS_fire__negsVideo3.860,FS_fire,negative,outdoor,0.27,0,0.0,
Deployed kd6 (paper),3-of-5,0.0,FS_fire__negsVideo4.861,FS_fire,negative,indoor,1.07,0,0.0,
Deployed kd6 (paper),3-of-5,0.0,FS_fire__negsVideo5.862,FS_fire,negative,outdoor,0.24,2,493.151,3.967
Deployed kd6 (paper),3-of-5,0.0,FS_fire__negsVideo6.863,FS_fire,negative,outdoor,0.76,0,0.0,
Deployed kd6 (paper),3-of-5,0.0,FS_fire__negsVideo7.864,FS_fire,negative,indoor,0.3,5,1000.0,1.9
Deployed kd6 (paper),3-of-5,0.0,FS_fire__negsVideo8.865,FS_fire,negative,outdoor,2.09,7,200.863,43.744
Deployed kd6 (paper),3-of-5,0.0,FS_fire__negsVideo9.866,FS_fire,negative,outdoor,0.43,0,0.0,
Deployed kd6 (paper),3-of-5,0.0,FS_smoke__testneg01.807,FS_smoke,negative,outdoor,0.17,0,0.0,
Deployed kd6 (paper),3-of-5,0.0,FS_smoke__testneg02.808,FS_smoke,negative,outdoor,0.75,0,0.0,
Deployed kd6 (paper),3-of-5,0.0,FS_smoke__testneg03.809,FS_smoke,negative,indoor,0.1,0,0.0,
Deployed kd6 (paper),3-of-5,0.0,FS_smoke__testneg04.810,FS_smoke,negative,outdoor,1.89,0,0.0,
Deployed kd6 (paper),3-of-5,0.0,FS_smoke__testneg05.811,FS_smoke,negative,outdoor,0.17,0,0.0,
Deployed kd6 (paper),3-of-5,0.0,FS_smoke__testneg06.812,FS_smoke,negative,outdoor,0.17,0,0.0,
Deployed kd6 (paper),3-of-5,0.0,FS_smoke__testneg07.813,FS_smoke,negative,outdoor,0.52,0,0.0,
Deployed kd6 (paper),3-of-5,0.0,FS_smoke__testneg08.814,FS_smoke,negative,outdoor,0.5,0,0.0,
Deployed kd6 (paper),3-of-5,0.0,FS_smoke__testneg09.815,FS_smoke,negative,outdoor,0.48,0,0.0,
Deployed kd6 (paper),3-of-5,0.0,FS_fire__posVideo1.868,FS_fire,positive,outdoor,0.49,3,369.863,23.1
Deployed kd6 (paper),3-of-5,0.0,FS_fire__posVideo10.869,FS_fire,positive,outdoor,0.13,3,1383.232,0.2
Deployed kd6 (paper),3-of-5,0.0,FS_fire__posVideo11.870,FS_fire,positive,outdoor,0.2,0,0.0,
Deployed kd6 (paper),3-of-5,0.0,FS_fire__posVideo2.871,FS_fire,positive,indoor,0.28,2,423.938,0.067
Deployed kd6 (paper),3-of-5,0.0,FS_fire__posVideo3.872,FS_fire,positive,outdoor,0.21,6,1703.564,0.067
Deployed kd6 (paper),3-of-5,0.0,FS_fire__posVideo4.873,FS_fire,positive,indoor,0.92,12,782.772,0.067
Deployed kd6 (paper),3-of-5,0.0,FS_fire__posVideo5.874,FS_fire,positive,indoor,1.34,1,44.862,0.067
Deployed kd6 (paper),3-of-5,0.0,FS_fire__posVideo6.875,FS_fire,positive,outdoor,0.43,2,280.156,0.5
Deployed kd6 (paper),3-of-5,0.0,FS_fire__posVideo7.876,FS_fire,positive,outdoor,0.91,0,0.0,
Deployed kd6 (paper),3-of-5,0.0,FS_fire__posVideo8.877,FS_fire,positive,outdoor,0.28,1,210.727,0.067
Deployed kd6 (paper),3-of-5,0.0,FS_fire__posVideo9.878,FS_fire,positive,outdoor,0.37,13,2118.73,0.067
Deployed kd6 (paper),3-of-5,0.0,FS_smoke__testpos01.817,FS_smoke,positive,outdoor,0.28,6,1276.845,6.75
Deployed kd6 (paper),3-of-5,0.0,FS_smoke__testpos02.818,FS_smoke,positive,outdoor,0.96,0,0.0,
Deployed kd6 (paper),3-of-5,0.0,FS_smoke__testpos04.820,FS_smoke,positive,outdoor,1.31,15,687.723,3.16
Deployed kd6 (paper),3-of-5,0.0,FS_smoke__testpos05.821,FS_smoke,positive,indoor,1.82,2,65.832,2.132
Deployed kd6 (paper),3-of-5,0.0,FS_smoke__testpos06.822,FS_smoke,positive,outdoor,0.33,2,360.0,0.2
Deployed kd6 (paper),3-of-5,0.0,FS_smoke__testpos07.823,FS_smoke,positive,outdoor,1.17,2,102.857,66.2
Deployed kd6 (paper),3-of-5,0.0,FS_smoke__testpos08.824,FS_smoke,positive,outdoor,0.4,4,596.686,8.333
Deployed kd6 (paper),3-of-5,0.0,FS_smoke__testpos09.825,FS_smoke,positive,outdoor,0.46,12,1567.108,0.367
Deployed kd6 (paper),3-of-5,0.0,FS_smoke__testpos10.826,FS_smoke,positive,outdoor,0.82,18,1322.927,3.103
Deployed kd6 (paper),3-of-5,0.0,FS_smoke__testpos11.827,FS_smoke,positive,outdoor,0.45,4,532.544,0.92
Deployed kd6 (paper),3-of-5,0.0,FS_smoke__testpos12.828,FS_smoke,positive,outdoor,0.2,1,298.572,0.067
Deployed kd6 (paper),3-of-5,0.0,FS_smoke__testpos13.829,FS_smoke,positive,outdoor,0.26,9,2101.794,0.434
Deployed kd6 (paper),3-of-5,30.0,KMU_like__smoke_or_flame_like_object_1,KMU_like,negative,indoor,0.12,0,0.0,
Deployed kd6 (paper),3-of-5,30.0,KMU_like__smoke_or_flame_like_object_10,KMU_like,negative,outdoor,1.27,0,0.0,
Deployed kd6 (paper),3-of-5,30.0,KMU_like__smoke_or_flame_like_object_2,KMU_like,negative,outdoor,0.37,0,0.0,
Deployed kd6 (paper),3-of-5,30.0,KMU_like__smoke_or_flame_like_object_3,KMU_like,negative,indoor,0.6,1,100.348,4.125
Deployed kd6 (paper),3-of-5,30.0,KMU_like__smoke_or_flame_like_object_4,KMU_like,negative,outdoor,0.63,0,0.0,
Deployed kd6 (paper),3-of-5,30.0,KMU_like__smoke_or_flame_like_object_5,KMU_like,negative,outdoor,5.71,0,0.0,
Deployed kd6 (paper),3-of-5,30.0,KMU_like__smoke_or_flame_like_object_6,KMU_like,negative,outdoor,5.08,0,0.0,
Deployed kd6 (paper),3-of-5,30.0,KMU_like__smoke_or_flame_like_object_7,KMU_like,negative,outdoor,1.4,0,0.0,
Deployed kd6 (paper),3-of-5,30.0,KMU_like__smoke_or_flame_like_object_8,KMU_like,negative,outdoor,0.59,0,0.0,
Deployed kd6 (paper),3-of-5,30.0,KMU_like__smoke_or_flame_like_object_9,KMU_like,negative,outdoor,1.95,0,0.0,
Deployed kd6 (paper),3-of-5,30.0,FS_fire__negsVideo1.858,FS_fire,negative,mixed,3.15,1,19.039,36.167
Deployed kd6 (paper),3-of-5,30.0,FS_fire__negsVideo12.1074,FS_fire,negative,outdoor,0.43,0,0.0,
Deployed kd6 (paper),3-of-5,30.0,FS_fire__negsVideo16.1077,FS_fire,negative,outdoor,0.18,0,0.0,
Deployed kd6 (paper),3-of-5,30.0,FS_fire__negsVideo2.859,FS_fire,negative,outdoor,0.26,1,233.766,4.4
Deployed kd6 (paper),3-of-5,30.0,FS_fire__negsVideo3.860,FS_fire,negative,outdoor,0.27,0,0.0,
Deployed kd6 (paper),3-of-5,30.0,FS_fire__negsVideo4.861,FS_fire,negative,indoor,1.07,0,0.0,
Deployed kd6 (paper),3-of-5,30.0,FS_fire__negsVideo5.862,FS_fire,negative,outdoor,0.24,1,246.575,3.967
Deployed kd6 (paper),3-of-5,30.0,FS_fire__negsVideo6.863,FS_fire,negative,outdoor,0.76,0,0.0,
Deployed kd6 (paper),3-of-5,30.0,FS_fire__negsVideo7.864,FS_fire,negative,indoor,0.3,1,200.0,1.9
Deployed kd6 (paper),3-of-5,30.0,FS_fire__negsVideo8.865,FS_fire,negative,outdoor,2.09,2,57.389,43.744
Deployed kd6 (paper),3-of-5,30.0,FS_fire__negsVideo9.866,FS_fire,negative,outdoor,0.43,0,0.0,
Deployed kd6 (paper),3-of-5,30.0,FS_smoke__testneg01.807,FS_smoke,negative,outdoor,0.17,0,0.0,
Deployed kd6 (paper),3-of-5,30.0,FS_smoke__testneg02.808,FS_smoke,negative,outdoor,0.75,0,0.0,
Deployed kd6 (paper),3-of-5,30.0,FS_smoke__testneg03.809,FS_smoke,negative,indoor,0.1,0,0.0,
Deployed kd6 (paper),3-of-5,30.0,FS_smoke__testneg04.810,FS_smoke,negative,outdoor,1.89,0,0.0,
Deployed kd6 (paper),3-of-5,30.0,FS_smoke__testneg05.811,FS_smoke,negative,outdoor,0.17,0,0.0,
Deployed kd6 (paper),3-of-5,30.0,FS_smoke__testneg06.812,FS_smoke,negative,outdoor,0.17,0,0.0,
Deployed kd6 (paper),3-of-5,30.0,FS_smoke__testneg07.813,FS_smoke,negative,outdoor,0.52,0,0.0,
Deployed kd6 (paper),3-of-5,30.0,FS_smoke__testneg08.814,FS_smoke,negative,outdoor,0.5,0,0.0,
Deployed kd6 (paper),3-of-5,30.0,FS_smoke__testneg09.815,FS_smoke,negative,outdoor,0.48,0,0.0,
Deployed kd6 (paper),3-of-5,30.0,FS_fire__posVideo1.868,FS_fire,positive,outdoor,0.49,1,123.288,23.1
Deployed kd6 (paper),3-of-5,30.0,FS_fire__posVideo10.869,FS_fire,positive,outdoor,0.13,1,461.077,0.2
Deployed kd6 (paper),3-of-5,30.0,FS_fire__posVideo11.870,FS_fire,positive,outdoor,0.2,0,0.0,
Deployed kd6 (paper),3-of-5,30.0,FS_fire__posVideo2.871,FS_fire,positive,indoor,0.28,1,211.969,0.067
Deployed kd6 (paper),3-of-5,30.0,FS_fire__posVideo3.872,FS_fire,positive,outdoor,0.21,1,283.927,0.067
Deployed kd6 (paper),3-of-5,30.0,FS_fire__posVideo4.873,FS_fire,positive,indoor,0.92,1,65.231,0.067
Deployed kd6 (paper),3-of-5,30.0,FS_fire__posVideo5.874,FS_fire,positive,indoor,1.34,1,44.862,0.067
Deployed kd6 (paper),3-of-5,30.0,FS_fire__posVideo6.875,FS_fire,positive,outdoor,0.43,1,140.078,0.5
Deployed kd6 (paper),3-of-5,30.0,FS_fire__posVideo7.876,FS_fire,positive,outdoor,0.91,0,0.0,
Deployed kd6 (paper),3-of-5,30.0,FS_fire__posVideo8.877,FS_fire,positive,outdoor,0.28,1,210.727,0.067
Deployed kd6 (paper),3-of-5,30.0,FS_fire__posVideo9.878,FS_fire,positive,outdoor,0.37,1,162.979,0.067
Deployed kd6 (paper),3-of-5,30.0,FS_smoke__testpos01.817,FS_smoke,positive,outdoor,0.28,1,212.807,6.75
Deployed kd6 (paper),3-of-5,30.0,FS_smoke__testpos02.818,FS_smoke,positive,outdoor,0.96,0,0.0,
Deployed kd6 (paper),3-of-5,30.0,FS_smoke__testpos04.820,FS_smoke,positive,outdoor,1.31,1,45.848,3.16
Deployed kd6 (paper),3-of-5,30.0,FS_smoke__testpos05.821,FS_smoke,positive,indoor,1.82,1,32.916,2.132
Deployed kd6 (paper),3-of-5,30.0,FS_smoke__testpos06.822,FS_smoke,positive,outdoor,0.33,1,180.0,0.2
Deployed kd6 (paper),3-of-5,30.0,FS_smoke__testpos07.823,FS_smoke,positive,outdoor,1.17,1,51.429,66.2
Deployed kd6 (paper),3-of-5,30.0,FS_smoke__testpos08.824,FS_smoke,positive,outdoor,0.4,1,149.171,8.333
Deployed kd6 (paper),3-of-5,30.0,FS_smoke__testpos09.825,FS_smoke,positive,outdoor,0.46,1,130.592,0.367
Deployed kd6 (paper),3-of-5,30.0,FS_smoke__testpos10.826,FS_smoke,positive,outdoor,0.82,1,73.496,3.103
Deployed kd6 (paper),3-of-5,30.0,FS_smoke__testpos11.827,FS_smoke,positive,outdoor,0.45,1,133.136,0.92
Deployed kd6 (paper),3-of-5,30.0,FS_smoke__testpos12.828,FS_smoke,positive,outdoor,0.2,1,298.572,0.067
Deployed kd6 (paper),3-of-5,30.0,FS_smoke__testpos13.829,FS_smoke,positive,outdoor,0.26,1,233.533,0.434
No negatives s42,1-of-1,0.0,KMU_like__smoke_or_flame_like_object_1,KMU_like,negative,indoor,0.12,0,0.0,
No negatives s42,1-of-1,0.0,KMU_like__smoke_or_flame_like_object_10,KMU_like,negative,outdoor,1.27,0,0.0,
No negatives s42,1-of-1,0.0,KMU_like__smoke_or_flame_like_object_2,KMU_like,negative,outdoor,0.37,0,0.0,
No negatives s42,1-of-1,0.0,KMU_like__smoke_or_flame_like_object_3,KMU_like,negative,indoor,0.6,2,200.697,3.667
No negatives s42,1-of-1,0.0,KMU_like__smoke_or_flame_like_object_4,KMU_like,negative,outdoor,0.63,4,382.724,1.375
No negatives s42,1-of-1,0.0,KMU_like__smoke_or_flame_like_object_5,KMU_like,negative,outdoor,5.71,0,0.0,
No negatives s42,1-of-1,0.0,KMU_like__smoke_or_flame_like_object_6,KMU_like,negative,outdoor,5.08,5,59.049,39.875
No negatives s42,1-of-1,0.0,KMU_like__smoke_or_flame_like_object_7,KMU_like,negative,outdoor,1.4,0,0.0,
No negatives s42,1-of-1,0.0,KMU_like__smoke_or_flame_like_object_8,KMU_like,negative,outdoor,0.59,15,1528.303,7.5
No negatives s42,1-of-1,0.0,KMU_like__smoke_or_flame_like_object_9,KMU_like,negative,outdoor,1.95,0,0.0,
No negatives s42,1-of-1,0.0,FS_fire__negsVideo1.858,FS_fire,negative,mixed,3.15,55,1047.158,9.833
No negatives s42,1-of-1,0.0,FS_fire__negsVideo12.1074,FS_fire,negative,outdoor,0.43,18,2486.531,15.9
No negatives s42,1-of-1,0.0,FS_fire__negsVideo16.1077,FS_fire,negative,outdoor,0.18,0,0.0,
No negatives s42,1-of-1,0.0,FS_fire__negsVideo2.859,FS_fire,negative,outdoor,0.26,3,701.299,0.0
No negatives s42,1-of-1,0.0,FS_fire__negsVideo3.860,FS_fire,negative,outdoor,0.27,2,452.83,3.4
No negatives s42,1-of-1,0.0,FS_fire__negsVideo4.861,FS_fire,negative,indoor,1.07,38,2126.426,4.0
No negatives s42,1-of-1,0.0,FS_fire__negsVideo5.862,FS_fire,negative,outdoor,0.24,22,5424.658,0.0
No negatives s42,1-of-1,0.0,FS_fire__negsVideo6.863,FS_fire,negative,outdoor,0.76,39,3076.249,1.0
No negatives s42,1-of-1,0.0,FS_fire__negsVideo7.864,FS_fire,negative,indoor,0.3,16,3200.0,1.433
No negatives s42,1-of-1,0.0,FS_fire__negsVideo8.865,FS_fire,negative,outdoor,2.09,228,6542.392,0.701
No negatives s42,1-of-1,0.0,FS_fire__negsVideo9.866,FS_fire,negative,outdoor,0.43,4,559.006,19.8
No negatives s42,1-of-1,0.0,FS_smoke__testneg01.807,FS_smoke,negative,outdoor,0.17,2,720.0,0.76
No negatives s42,1-of-1,0.0,FS_smoke__testneg02.808,FS_smoke,negative,outdoor,0.75,0,0.0,
No negatives s42,1-of-1,0.0,FS_smoke__testneg03.809,FS_smoke,negative,indoor,0.1,5,2983.442,2.7
No negatives s42,1-of-1,0.0,FS_smoke__testneg04.810,FS_smoke,negative,outdoor,1.89,3,95.104,13.04
No negatives s42,1-of-1,0.0,FS_smoke__testneg05.811,FS_smoke,negative,outdoor,0.17,0,0.0,
No negatives s42,1-of-1,0.0,FS_smoke__testneg06.812,FS_smoke,negative,outdoor,0.17,2,720.0,3.6
No negatives s42,1-of-1,0.0,FS_smoke__testneg07.813,FS_smoke,negative,outdoor,0.52,76,8825.806,1.32
No negatives s42,1-of-1,0.0,FS_smoke__testneg08.814,FS_smoke,negative,outdoor,0.5,0,0.0,
No negatives s42,1-of-1,0.0,FS_smoke__testneg09.815,FS_smoke,negative,outdoor,0.48,0,0.0,
No negatives s42,1-of-1,0.0,FS_fire__posVideo1.868,FS_fire,positive,outdoor,0.49,78,9616.438,0.0
No negatives s42,1-of-1,0.0,FS_fire__posVideo10.869,FS_fire,positive,outdoor,0.13,16,7377.238,0.0
No negatives s42,1-of-1,0.0,FS_fire__posVideo11.870,FS_fire,positive,outdoor,0.2,5,1525.424,0.0
No negatives s42,1-of-1,0.0,FS_fire__posVideo2.871,FS_fire,positive,indoor,0.28,8,1695.754,0.0
No negatives s42,1-of-1,0.0,FS_fire__posVideo3.872,FS_fire,positive,outdoor,0.21,20,5678.547,0.0
No negatives s42,1-of-1,0.0,FS_fire__posVideo4.873,FS_fire,positive,indoor,0.92,4,260.924,0.0
No negatives s42,1-of-1,0.0,FS_fire__posVideo5.874,FS_fire,positive,indoor,1.34,36,1615.018,0.0
No negatives s42,1-of-1,0.0,FS_fire__posVideo6.875,FS_fire,positive,outdoor,0.43,7,980.545,0.0
No negatives s42,1-of-1,0.0,FS_fire__posVideo7.876,FS_fire,positive,outdoor,0.91,8,527.473,18.7
No negatives s42,1-of-1,0.0,FS_fire__posVideo8.877,FS_fire,positive,outdoor,0.28,37,7796.906,0.0
No negatives s42,1-of-1,0.0,FS_fire__posVideo9.878,FS_fire,positive,outdoor,0.37,99,16134.947,0.0
No negatives s42,1-of-1,0.0,FS_smoke__testpos01.817,FS_smoke,positive,outdoor,0.28,17,3617.727,0.875
No negatives s42,1-of-1,0.0,FS_smoke__testpos02.818,FS_smoke,positive,outdoor,0.96,87,5435.216,0.0
No negatives s42,1-of-1,0.0,FS_smoke__testpos04.820,FS_smoke,positive,outdoor,1.31,86,3942.944,0.0
No negatives s42,1-of-1,0.0,FS_smoke__testpos05.821,FS_smoke,positive,indoor,1.82,15,493.737,0.0
No negatives s42,1-of-1,0.0,FS_smoke__testpos06.822,FS_smoke,positive,outdoor,0.33,21,3780.0,0.0
No negatives s42,1-of-1,0.0,FS_smoke__testpos07.823,FS_smoke,positive,outdoor,1.17,39,2005.714,0.2
No negatives s42,1-of-1,0.0,FS_smoke__testpos08.824,FS_smoke,positive,outdoor,0.4,38,5668.516,0.067
No negatives s42,1-of-1,0.0,FS_smoke__testpos09.825,FS_smoke,positive,outdoor,0.46,24,3134.216,0.0
No negatives s42,1-of-1,0.0,FS_smoke__testpos10.826,FS_smoke,positive,outdoor,0.82,71,5218.211,0.033
No negatives s42,1-of-1,0.0,FS_smoke__testpos11.827,FS_smoke,positive,outdoor,0.45,27,3594.675,0.08
No negatives s42,1-of-1,0.0,FS_smoke__testpos12.828,FS_smoke,positive,outdoor,0.2,21,6270.008,0.0
No negatives s42,1-of-1,0.0,FS_smoke__testpos13.829,FS_smoke,positive,outdoor,0.26,33,7706.579,0.0
No negatives s42,3-of-5,0.0,KMU_like__smoke_or_flame_like_object_1,KMU_like,negative,indoor,0.12,0,0.0,
No negatives s42,3-of-5,0.0,KMU_like__smoke_or_flame_like_object_10,KMU_like,negative,outdoor,1.27,0,0.0,
No negatives s42,3-of-5,0.0,KMU_like__smoke_or_flame_like_object_2,KMU_like,negative,outdoor,0.37,0,0.0,
No negatives s42,3-of-5,0.0,KMU_like__smoke_or_flame_like_object_3,KMU_like,negative,indoor,0.6,1,100.348,3.917
No negatives s42,3-of-5,0.0,KMU_like__smoke_or_flame_like_object_4,KMU_like,negative,outdoor,0.63,1,95.681,1.458
No negatives s42,3-of-5,0.0,KMU_like__smoke_or_flame_like_object_5,KMU_like,negative,outdoor,5.71,0,0.0,
No negatives s42,3-of-5,0.0,KMU_like__smoke_or_flame_like_object_6,KMU_like,negative,outdoor,5.08,2,23.619,40.5
No negatives s42,3-of-5,0.0,KMU_like__smoke_or_flame_like_object_7,KMU_like,negative,outdoor,1.4,0,0.0,
No negatives s42,3-of-5,0.0,KMU_like__smoke_or_flame_like_object_8,KMU_like,negative,outdoor,0.59,5,509.434,7.583
No negatives s42,3-of-5,0.0,KMU_like__smoke_or_flame_like_object_9,KMU_like,negative,outdoor,1.95,0,0.0,
No negatives s42,3-of-5,0.0,FS_fire__negsVideo1.858,FS_fire,negative,mixed,3.15,9,171.353,16.292
No negatives s42,3-of-5,0.0,FS_fire__negsVideo12.1074,FS_fire,negative,outdoor,0.43,2,276.281,21.641
No negatives s42,3-of-5,0.0,FS_fire__negsVideo16.1077,FS_fire,negative,outdoor,0.18,0,0.0,
No negatives s42,3-of-5,0.0,FS_fire__negsVideo2.859,FS_fire,negative,outdoor,0.26,2,467.532,0.2
No negatives s42,3-of-5,0.0,FS_fire__negsVideo3.860,FS_fire,negative,outdoor,0.27,2,452.83,3.6
No negatives s42,3-of-5,0.0,FS_fire__negsVideo4.861,FS_fire,negative,indoor,1.07,9,503.627,9.233
No negatives s42,3-of-5,0.0,FS_fire__negsVideo5.862,FS_fire,negative,outdoor,0.24,6,1479.452,0.1
No negatives s42,3-of-5,0.0,FS_fire__negsVideo6.863,FS_fire,negative,outdoor,0.76,8,631.025,11.72
No negatives s42,3-of-5,0.0,FS_fire__negsVideo7.864,FS_fire,negative,indoor,0.3,4,800.0,1.533
No negatives s42,3-of-5,0.0,FS_fire__negsVideo8.865,FS_fire,negative,outdoor,2.09,36,1033.009,3.303
No negatives s42,3-of-5,0.0,FS_fire__negsVideo9.866,FS_fire,negative,outdoor,0.43,1,139.752,19.88
No negatives s42,3-of-5,0.0,FS_smoke__testneg01.807,FS_smoke,negative,outdoor,0.17,2,720.0,0.84
No negatives s42,3-of-5,0.0,FS_smoke__testneg02.808,FS_smoke,negative,outdoor,0.75,0,0.0,
No negatives s42,3-of-5,0.0,FS_smoke__testneg03.809,FS_smoke,negative,indoor,0.1,0,0.0,
No negatives s42,3-of-5,0.0,FS_smoke__testneg04.810,FS_smoke,negative,outdoor,1.89,0,0.0,
No negatives s42,3-of-5,0.0,FS_smoke__testneg05.811,FS_smoke,negative,outdoor,0.17,0,0.0,
No negatives s42,3-of-5,0.0,FS_smoke__testneg06.812,FS_smoke,negative,outdoor,0.17,0,0.0,
No negatives s42,3-of-5,0.0,FS_smoke__testneg07.813,FS_smoke,negative,outdoor,0.52,22,2554.839,1.4
No negatives s42,3-of-5,0.0,FS_smoke__testneg08.814,FS_smoke,negative,outdoor,0.5,0,0.0,
No negatives s42,3-of-5,0.0,FS_smoke__testneg09.815,FS_smoke,negative,outdoor,0.48,0,0.0,
No negatives s42,3-of-5,0.0,FS_fire__posVideo1.868,FS_fire,positive,outdoor,0.49,14,1726.027,0.4
No negatives s42,3-of-5,0.0,FS_fire__posVideo10.869,FS_fire,positive,outdoor,0.13,8,3688.619,0.067
No negatives s42,3-of-5,0.0,FS_fire__posVideo11.870,FS_fire,positive,outdoor,0.2,3,915.254,0.133
No negatives s42,3-of-5,0.0,FS_fire__posVideo2.871,FS_fire,positive,indoor,0.28,1,211.969,0.067
No negatives s42,3-of-5,0.0,FS_fire__posVideo3.872,FS_fire,positive,outdoor,0.21,3,851.782,0.067
No negatives s42,3-of-5,0.0,FS_fire__posVideo4.873,FS_fire,positive,indoor,0.92,2,130.462,0.067
No negatives s42,3-of-5,0.0,FS_fire__posVideo5.874,FS_fire,positive,indoor,1.34,1,44.862,0.067
No negatives s42,3-of-5,0.0,FS_fire__posVideo6.875,FS_fire,positive,outdoor,0.43,1,140.078,0.3
No negatives s42,3-of-5,0.0,FS_fire__posVideo7.876,FS_fire,positive,outdoor,0.91,2,131.868,25.7
No negatives s42,3-of-5,0.0,FS_fire__posVideo8.877,FS_fire,positive,outdoor,0.28,3,632.182,0.067
No negatives s42,3-of-5,0.0,FS_fire__posVideo9.878,FS_fire,positive,outdoor,0.37,22,3585.544,0.067
No negatives s42,3-of-5,0.0,FS_smoke__testpos01.817,FS_smoke,positive,outdoor,0.28,5,1064.037,1.0
No negatives s42,3-of-5,0.0,FS_smoke__testpos02.818,FS_smoke,positive,outdoor,0.96,30,1874.213,0.067
No negatives s42,3-of-5,0.0,FS_smoke__testpos04.820,FS_smoke,positive,outdoor,1.31,15,687.723,0.08
No negatives s42,3-of-5,0.0,FS_smoke__testpos05.821,FS_smoke,positive,indoor,1.82,7,230.411,0.853
No negatives s42,3-of-5,0.0,FS_smoke__testpos06.822,FS_smoke,positive,outdoor,0.33,3,540.0,0.2
No negatives s42,3-of-5,0.0,FS_smoke__testpos07.823,FS_smoke,positive,outdoor,1.17,8,411.429,0.6
No negatives s42,3-of-5,0.0,FS_smoke__testpos08.824,FS_smoke,positive,outdoor,0.4,4,596.686,1.2
No negatives s42,3-of-5,0.0,FS_smoke__testpos09.825,FS_smoke,positive,outdoor,0.46,6,783.554,0.067
No negatives s42,3-of-5,0.0,FS_smoke__testpos10.826,FS_smoke,positive,outdoor,0.82,13,955.447,0.1
No negatives s42,3-of-5,0.0,FS_smoke__testpos11.827,FS_smoke,positive,outdoor,0.45,5,665.68,0.16
No negatives s42,3-of-5,0.0,FS_smoke__testpos12.828,FS_smoke,positive,outdoor,0.2,2,597.144,0.067
No negatives s42,3-of-5,0.0,FS_smoke__testpos13.829,FS_smoke,positive,outdoor,0.26,6,1401.196,0.067
No negatives s42,3-of-5,30.0,KMU_like__smoke_or_flame_like_object_1,KMU_like,negative,indoor,0.12,0,0.0,
No negatives s42,3-of-5,30.0,KMU_like__smoke_or_flame_like_object_10,KMU_like,negative,outdoor,1.27,0,0.0,
No negatives s42,3-of-5,30.0,KMU_like__smoke_or_flame_like_object_2,KMU_like,negative,outdoor,0.37,0,0.0,
No negatives s42,3-of-5,30.0,KMU_like__smoke_or_flame_like_object_3,KMU_like,negative,indoor,0.6,1,100.348,3.917
No negatives s42,3-of-5,30.0,KMU_like__smoke_or_flame_like_object_4,KMU_like,negative,outdoor,0.63,1,95.681,1.458
No negatives s42,3-of-5,30.0,KMU_like__smoke_or_flame_like_object_5,KMU_like,negative,outdoor,5.71,0,0.0,
No negatives s42,3-of-5,30.0,KMU_like__smoke_or_flame_like_object_6,KMU_like,negative,outdoor,5.08,2,23.619,40.5
No negatives s42,3-of-5,30.0,KMU_like__smoke_or_flame_like_object_7,KMU_like,negative,outdoor,1.4,0,0.0,
No negatives s42,3-of-5,30.0,KMU_like__smoke_or_flame_like_object_8,KMU_like,negative,outdoor,0.59,1,101.887,7.583
No negatives s42,3-of-5,30.0,KMU_like__smoke_or_flame_like_object_9,KMU_like,negative,outdoor,1.95,0,0.0,
No negatives s42,3-of-5,30.0,FS_fire__negsVideo1.858,FS_fire,negative,mixed,3.15,2,38.078,16.292
No negatives s42,3-of-5,30.0,FS_fire__negsVideo12.1074,FS_fire,negative,outdoor,0.43,1,138.141,21.641
No negatives s42,3-of-5,30.0,FS_fire__negsVideo16.1077,FS_fire,negative,outdoor,0.18,0,0.0,
No negatives s42,3-of-5,30.0,FS_fire__negsVideo2.859,FS_fire,negative,outdoor,0.26,1,233.766,0.2
No negatives s42,3-of-5,30.0,FS_fire__negsVideo3.860,FS_fire,negative,outdoor,0.27,1,226.415,3.6
No negatives s42,3-of-5,30.0,FS_fire__negsVideo4.861,FS_fire,negative,indoor,1.07,1,55.959,9.233
No negatives s42,3-of-5,30.0,FS_fire__negsVideo5.862,FS_fire,negative,outdoor,0.24,1,246.575,0.1
No negatives s42,3-of-5,30.0,FS_fire__negsVideo6.863,FS_fire,negative,outdoor,0.76,1,78.878,11.72
No negatives s42,3-of-5,30.0,FS_fire__negsVideo7.864,FS_fire,negative,indoor,0.3,1,200.0,1.533
No negatives s42,3-of-5,30.0,FS_fire__negsVideo8.865,FS_fire,negative,outdoor,2.09,1,28.695,3.303
No negatives s42,3-of-5,30.0,FS_fire__negsVideo9.866,FS_fire,negative,outdoor,0.43,1,139.752,19.88
No negatives s42,3-of-5,30.0,FS_smoke__testneg01.807,FS_smoke,negative,outdoor,0.17,1,360.0,0.84
No negatives s42,3-of-5,30.0,FS_smoke__testneg02.808,FS_smoke,negative,outdoor,0.75,0,0.0,
No negatives s42,3-of-5,30.0,FS_smoke__testneg03.809,FS_smoke,negative,indoor,0.1,0,0.0,
No negatives s42,3-of-5,30.0,FS_smoke__testneg04.810,FS_smoke,negative,outdoor,1.89,0,0.0,
No negatives s42,3-of-5,30.0,FS_smoke__testneg05.811,FS_smoke,negative,outdoor,0.17,0,0.0,
No negatives s42,3-of-5,30.0,FS_smoke__testneg06.812,FS_smoke,negative,outdoor,0.17,0,0.0,
No negatives s42,3-of-5,30.0,FS_smoke__testneg07.813,FS_smoke,negative,outdoor,0.52,1,116.129,1.4
No negatives s42,3-of-5,30.0,FS_smoke__testneg08.814,FS_smoke,negative,outdoor,0.5,0,0.0,
No negatives s42,3-of-5,30.0,FS_smoke__testneg09.815,FS_smoke,negative,outdoor,0.48,0,0.0,
No negatives s42,3-of-5,30.0,FS_fire__posVideo1.868,FS_fire,positive,outdoor,0.49,1,123.288,0.4
No negatives s42,3-of-5,30.0,FS_fire__posVideo10.869,FS_fire,positive,outdoor,0.13,1,461.077,0.067
No negatives s42,3-of-5,30.0,FS_fire__posVideo11.870,FS_fire,positive,outdoor,0.2,1,305.085,0.133
No negatives s42,3-of-5,30.0,FS_fire__posVideo2.871,FS_fire,positive,indoor,0.28,1,211.969,0.067
No negatives s42,3-of-5,30.0,FS_fire__posVideo3.872,FS_fire,positive,outdoor,0.21,1,283.927,0.067
No negatives s42,3-of-5,30.0,FS_fire__posVideo4.873,FS_fire,positive,indoor,0.92,1,65.231,0.067
No negatives s42,3-of-5,30.0,FS_fire__posVideo5.874,FS_fire,positive,indoor,1.34,1,44.862,0.067
No negatives s42,3-of-5,30.0,FS_fire__posVideo6.875,FS_fire,positive,outdoor,0.43,1,140.078,0.3
No negatives s42,3-of-5,30.0,FS_fire__posVideo7.876,FS_fire,positive,outdoor,0.91,1,65.934,25.7
No negatives s42,3-of-5,30.0,FS_fire__posVideo8.877,FS_fire,positive,outdoor,0.28,1,210.727,0.067
No negatives s42,3-of-5,30.0,FS_fire__posVideo9.878,FS_fire,positive,outdoor,0.37,2,325.959,0.067
No negatives s42,3-of-5,30.0,FS_smoke__testpos01.817,FS_smoke,positive,outdoor,0.28,1,212.807,1.0
No negatives s42,3-of-5,30.0,FS_smoke__testpos02.818,FS_smoke,positive,outdoor,0.96,1,62.474,0.067
No negatives s42,3-of-5,30.0,FS_smoke__testpos04.820,FS_smoke,positive,outdoor,1.31,2,91.696,0.08
No negatives s42,3-of-5,30.0,FS_smoke__testpos05.821,FS_smoke,positive,indoor,1.82,1,32.916,0.853
No negatives s42,3-of-5,30.0,FS_smoke__testpos06.822,FS_smoke,positive,outdoor,0.33,1,180.0,0.2
No negatives s42,3-of-5,30.0,FS_smoke__testpos07.823,FS_smoke,positive,outdoor,1.17,1,51.429,0.6
No negatives s42,3-of-5,30.0,FS_smoke__testpos08.824,FS_smoke,positive,outdoor,0.4,1,149.171,1.2
No negatives s42,3-of-5,30.0,FS_smoke__testpos09.825,FS_smoke,positive,outdoor,0.46,1,130.592,0.067
No negatives s42,3-of-5,30.0,FS_smoke__testpos10.826,FS_smoke,positive,outdoor,0.82,1,73.496,0.1
No negatives s42,3-of-5,30.0,FS_smoke__testpos11.827,FS_smoke,positive,outdoor,0.45,1,133.136,0.16
No negatives s42,3-of-5,30.0,FS_smoke__testpos12.828,FS_smoke,positive,outdoor,0.2,1,298.572,0.067
No negatives s42,3-of-5,30.0,FS_smoke__testpos13.829,FS_smoke,positive,outdoor,0.26,1,233.533,0.067
L-ratio s42,1-of-1,0.0,KMU_like__smoke_or_flame_like_object_1,KMU_like,negative,indoor,0.12,0,0.0,
L-ratio s42,1-of-1,0.0,KMU_like__smoke_or_flame_like_object_10,KMU_like,negative,outdoor,1.27,0,0.0,
L-ratio s42,1-of-1,0.0,KMU_like__smoke_or_flame_like_object_2,KMU_like,negative,outdoor,0.37,41,6696.398,0.125
L-ratio s42,1-of-1,0.0,KMU_like__smoke_or_flame_like_object_3,KMU_like,negative,indoor,0.6,4,401.394,13.917
L-ratio s42,1-of-1,0.0,KMU_like__smoke_or_flame_like_object_4,KMU_like,negative,outdoor,0.63,0,0.0,
L-ratio s42,1-of-1,0.0,KMU_like__smoke_or_flame_like_object_5,KMU_like,negative,outdoor,5.71,0,0.0,
L-ratio s42,1-of-1,0.0,KMU_like__smoke_or_flame_like_object_6,KMU_like,negative,outdoor,5.08,43,507.819,38.5
L-ratio s42,1-of-1,0.0,KMU_like__smoke_or_flame_like_object_7,KMU_like,negative,outdoor,1.4,9,386.673,0.0
L-ratio s42,1-of-1,0.0,KMU_like__smoke_or_flame_like_object_8,KMU_like,negative,outdoor,0.59,0,0.0,
L-ratio s42,1-of-1,0.0,KMU_like__smoke_or_flame_like_object_9,KMU_like,negative,outdoor,1.95,0,0.0,
L-ratio s42,1-of-1,0.0,FS_fire__negsVideo1.858,FS_fire,negative,mixed,3.15,28,533.098,9.875
L-ratio s42,1-of-1,0.0,FS_fire__negsVideo12.1074,FS_fire,negative,outdoor,0.43,8,1105.125,19.914
L-ratio s42,1-of-1,0.0,FS_fire__negsVideo16.1077,FS_fire,negative,outdoor,0.18,0,0.0,
L-ratio s42,1-of-1,0.0,FS_fire__negsVideo2.859,FS_fire,negative,outdoor,0.26,7,1636.364,0.0
L-ratio s42,1-of-1,0.0,FS_fire__negsVideo3.860,FS_fire,negative,outdoor,0.27,4,905.66,0.0
L-ratio s42,1-of-1,0.0,FS_fire__negsVideo4.861,FS_fire,negative,indoor,1.07,20,1119.172,0.4
L-ratio s42,1-of-1,0.0,FS_fire__negsVideo5.862,FS_fire,negative,outdoor,0.24,15,3698.63,0.6
L-ratio s42,1-of-1,0.0,FS_fire__negsVideo6.863,FS_fire,negative,outdoor,0.76,6,473.269,14.08
L-ratio s42,1-of-1,0.0,FS_fire__negsVideo7.864,FS_fire,negative,indoor,0.3,0,0.0,
L-ratio s42,1-of-1,0.0,FS_fire__negsVideo8.865,FS_fire,negative,outdoor,2.09,155,4447.679,3.303
L-ratio s42,1-of-1,0.0,FS_fire__negsVideo9.866,FS_fire,negative,outdoor,0.43,0,0.0,
L-ratio s42,1-of-1,0.0,FS_smoke__testneg01.807,FS_smoke,negative,outdoor,0.17,0,0.0,
L-ratio s42,1-of-1,0.0,FS_smoke__testneg02.808,FS_smoke,negative,outdoor,0.75,0,0.0,
L-ratio s42,1-of-1,0.0,FS_smoke__testneg03.809,FS_smoke,negative,indoor,0.1,0,0.0,
L-ratio s42,1-of-1,0.0,FS_smoke__testneg04.810,FS_smoke,negative,outdoor,1.89,0,0.0,
L-ratio s42,1-of-1,0.0,FS_smoke__testneg05.811,FS_smoke,negative,outdoor,0.17,0,0.0,
L-ratio s42,1-of-1,0.0,FS_smoke__testneg06.812,FS_smoke,negative,outdoor,0.17,0,0.0,
L-ratio s42,1-of-1,0.0,FS_smoke__testneg07.813,FS_smoke,negative,outdoor,0.52,41,4761.29,0.0
L-ratio s42,1-of-1,0.0,FS_smoke__testneg08.814,FS_smoke,negative,outdoor,0.5,0,0.0,
L-ratio s42,1-of-1,0.0,FS_smoke__testneg09.815,FS_smoke,negative,outdoor,0.48,2,249.307,1.24
L-ratio s42,1-of-1,0.0,FS_fire__posVideo1.868,FS_fire,positive,outdoor,0.49,44,5424.658,0.0
L-ratio s42,1-of-1,0.0,FS_fire__posVideo10.869,FS_fire,positive,outdoor,0.13,5,2305.387,0.0
L-ratio s42,1-of-1,0.0,FS_fire__posVideo11.870,FS_fire,positive,outdoor,0.2,17,5186.441,0.133
L-ratio s42,1-of-1,0.0,FS_fire__posVideo2.871,FS_fire,positive,indoor,0.28,56,11870.275,0.0
L-ratio s42,1-of-1,0.0,FS_fire__posVideo3.872,FS_fire,positive,outdoor,0.21,46,13060.658,0.0
L-ratio s42,1-of-1,0.0,FS_fire__posVideo4.873,FS_fire,positive,indoor,0.92,24,1565.544,0.0
L-ratio s42,1-of-1,0.0,FS_fire__posVideo5.874,FS_fire,positive,indoor,1.34,69,3095.451,0.0
L-ratio s42,1-of-1,0.0,FS_fire__posVideo6.875,FS_fire,positive,outdoor,0.43,3,420.233,0.0
L-ratio s42,1-of-1,0.0,FS_fire__posVideo7.876,FS_fire,positive,outdoor,0.91,1,65.934,3.8
L-ratio s42,1-of-1,0.0,FS_fire__posVideo8.877,FS_fire,positive,outdoor,0.28,57,12011.45,0.0
L-ratio s42,1-of-1,0.0,FS_fire__posVideo9.878,FS_fire,positive,outdoor,0.37,130,21187.304,0.0
L-ratio s42,1-of-1,0.0,FS_smoke__testpos01.817,FS_smoke,positive,outdoor,0.28,9,1915.267,0.875
L-ratio s42,1-of-1,0.0,FS_smoke__testpos02.818,FS_smoke,positive,outdoor,0.96,84,5247.795,0.0
L-ratio s42,1-of-1,0.0,FS_smoke__testpos04.820,FS_smoke,positive,outdoor,1.31,87,3988.793,0.0
L-ratio s42,1-of-1,0.0,FS_smoke__testpos05.821,FS_smoke,positive,indoor,1.82,7,230.411,3.198
L-ratio s42,1-of-1,0.0,FS_smoke__testpos06.822,FS_smoke,positive,outdoor,0.33,15,2700.0,0.0
L-ratio s42,1-of-1,0.0,FS_smoke__testpos07.823,FS_smoke,positive,outdoor,1.17,5,257.143,1.3
L-ratio s42,1-of-1,0.0,FS_smoke__testpos08.824,FS_smoke,positive,outdoor,0.4,20,2983.43,6.533
L-ratio s42,1-of-1,0.0,FS_smoke__testpos09.825,FS_smoke,positive,outdoor,0.46,43,5615.471,0.033
L-ratio s42,1-of-1,0.0,FS_smoke__testpos10.826,FS_smoke,positive,outdoor,0.82,85,6247.155,0.0
L-ratio s42,1-of-1,0.0,FS_smoke__testpos11.827,FS_smoke,positive,outdoor,0.45,27,3594.675,0.24
L-ratio s42,1-of-1,0.0,FS_smoke__testpos12.828,FS_smoke,positive,outdoor,0.2,26,7762.868,0.0
L-ratio s42,1-of-1,0.0,FS_smoke__testpos13.829,FS_smoke,positive,outdoor,0.26,28,6538.916,0.0
L-ratio s42,3-of-5,0.0,KMU_like__smoke_or_flame_like_object_1,KMU_like,negative,indoor,0.12,0,0.0,
L-ratio s42,3-of-5,0.0,KMU_like__smoke_or_flame_like_object_10,KMU_like,negative,outdoor,1.27,0,0.0,
L-ratio s42,3-of-5,0.0,KMU_like__smoke_or_flame_like_object_2,KMU_like,negative,outdoor,0.37,2,326.654,11.958
L-ratio s42,3-of-5,0.0,KMU_like__smoke_or_flame_like_object_3,KMU_like,negative,indoor,0.6,3,301.045,22.875
L-ratio s42,3-of-5,0.0,KMU_like__smoke_or_flame_like_object_4,KMU_like,negative,outdoor,0.63,0,0.0,
L-ratio s42,3-of-5,0.0,KMU_like__smoke_or_flame_like_object_5,KMU_like,negative,outdoor,5.71,0,0.0,
L-ratio s42,3-of-5,0.0,KMU_like__smoke_or_flame_like_object_6,KMU_like,negative,outdoor,5.08,11,129.907,91.708
L-ratio s42,3-of-5,0.0,KMU_like__smoke_or_flame_like_object_7,KMU_like,negative,outdoor,1.4,3,128.891,0.083
L-ratio s42,3-of-5,0.0,KMU_like__smoke_or_flame_like_object_8,KMU_like,negative,outdoor,0.59,0,0.0,
L-ratio s42,3-of-5,0.0,KMU_like__smoke_or_flame_like_object_9,KMU_like,negative,outdoor,1.95,0,0.0,
L-ratio s42,3-of-5,0.0,FS_fire__negsVideo1.858,FS_fire,negative,mixed,3.15,6,114.235,9.958
L-ratio s42,3-of-5,0.0,FS_fire__negsVideo12.1074,FS_fire,negative,outdoor,0.43,0,0.0,
L-ratio s42,3-of-5,0.0,FS_fire__negsVideo16.1077,FS_fire,negative,outdoor,0.18,0,0.0,
L-ratio s42,3-of-5,0.0,FS_fire__negsVideo2.859,FS_fire,negative,outdoor,0.26,2,467.532,0.2
L-ratio s42,3-of-5,0.0,FS_fire__negsVideo3.860,FS_fire,negative,outdoor,0.27,0,0.0,
L-ratio s42,3-of-5,0.0,FS_fire__negsVideo4.861,FS_fire,negative,indoor,1.07,6,335.751,1.5
L-ratio s42,3-of-5,0.0,FS_fire__negsVideo5.862,FS_fire,negative,outdoor,0.24,4,986.301,0.733
L-ratio s42,3-of-5,0.0,FS_fire__negsVideo6.863,FS_fire,negative,outdoor,0.76,1,78.878,35.44
L-ratio s42,3-of-5,0.0,FS_fire__negsVideo7.864,FS_fire,negative,indoor,0.3,0,0.0,
L-ratio s42,3-of-5,0.0,FS_fire__negsVideo8.865,FS_fire,negative,outdoor,2.09,25,717.368,3.437
L-ratio s42,3-of-5,0.0,FS_fire__negsVideo9.866,FS_fire,negative,outdoor,0.43,0,0.0,
L-ratio s42,3-of-5,0.0,FS_smoke__testneg01.807,FS_smoke,negative,outdoor,0.17,0,0.0,
L-ratio s42,3-of-5,0.0,FS_smoke__testneg02.808,FS_smoke,negative,outdoor,0.75,0,0.0,
L-ratio s42,3-of-5,0.0,FS_smoke__testneg03.809,FS_smoke,negative,indoor,0.1,0,0.0,
L-ratio s42,3-of-5,0.0,FS_smoke__testneg04.810,FS_smoke,negative,outdoor,1.89,0,0.0,
L-ratio s42,3-of-5,0.0,FS_smoke__testneg05.811,FS_smoke,negative,outdoor,0.17,0,0.0,
L-ratio s42,3-of-5,0.0,FS_smoke__testneg06.812,FS_smoke,negative,outdoor,0.17,0,0.0,
L-ratio s42,3-of-5,0.0,FS_smoke__testneg07.813,FS_smoke,negative,outdoor,0.52,10,1161.29,0.4
L-ratio s42,3-of-5,0.0,FS_smoke__testneg08.814,FS_smoke,negative,outdoor,0.5,0,0.0,
L-ratio s42,3-of-5,0.0,FS_smoke__testneg09.815,FS_smoke,negative,outdoor,0.48,1,124.654,1.36
L-ratio s42,3-of-5,0.0,FS_fire__posVideo1.868,FS_fire,positive,outdoor,0.49,10,1232.877,0.7
L-ratio s42,3-of-5,0.0,FS_fire__posVideo10.869,FS_fire,positive,outdoor,0.13,1,461.077,0.067
L-ratio s42,3-of-5,0.0,FS_fire__posVideo11.870,FS_fire,positive,outdoor,0.2,7,2135.593,0.8
L-ratio s42,3-of-5,0.0,FS_fire__posVideo2.871,FS_fire,positive,indoor,0.28,7,1483.784,0.067
L-ratio s42,3-of-5,0.0,FS_fire__posVideo3.872,FS_fire,positive,outdoor,0.21,10,2839.273,0.067
L-ratio s42,3-of-5,0.0,FS_fire__posVideo4.873,FS_fire,positive,indoor,0.92,1,65.231,0.067
L-ratio s42,3-of-5,0.0,FS_fire__posVideo5.874,FS_fire,positive,indoor,1.34,1,44.862,0.067
L-ratio s42,3-of-5,0.0,FS_fire__posVideo6.875,FS_fire,positive,outdoor,0.43,1,140.078,0.4
L-ratio s42,3-of-5,0.0,FS_fire__posVideo7.876,FS_fire,positive,outdoor,0.91,0,0.0,
L-ratio s42,3-of-5,0.0,FS_fire__posVideo8.877,FS_fire,positive,outdoor,0.28,5,1053.636,0.067
L-ratio s42,3-of-5,0.0,FS_fire__posVideo9.878,FS_fire,positive,outdoor,0.37,28,4563.419,0.067
L-ratio s42,3-of-5,0.0,FS_smoke__testpos01.817,FS_smoke,positive,outdoor,0.28,2,425.615,0.958
L-ratio s42,3-of-5,0.0,FS_smoke__testpos02.818,FS_smoke,positive,outdoor,0.96,21,1311.949,0.067
L-ratio s42,3-of-5,0.0,FS_smoke__testpos04.820,FS_smoke,positive,outdoor,1.31,19,871.116,0.08
L-ratio s42,3-of-5,0.0,FS_smoke__testpos05.821,FS_smoke,positive,indoor,1.82,2,65.832,3.624
L-ratio s42,3-of-5,0.0,FS_smoke__testpos06.822,FS_smoke,positive,outdoor,0.33,3,540.0,0.2
L-ratio s42,3-of-5,0.0,FS_smoke__testpos07.823,FS_smoke,positive,outdoor,1.17,2,102.857,66.4
L-ratio s42,3-of-5,0.0,FS_smoke__testpos08.824,FS_smoke,positive,outdoor,0.4,3,447.514,6.8
L-ratio s42,3-of-5,0.0,FS_smoke__testpos09.825,FS_smoke,positive,outdoor,0.46,9,1175.331,0.1
L-ratio s42,3-of-5,0.0,FS_smoke__testpos10.826,FS_smoke,positive,outdoor,0.82,16,1175.935,0.067
L-ratio s42,3-of-5,0.0,FS_smoke__testpos11.827,FS_smoke,positive,outdoor,0.45,8,1065.089,0.36
L-ratio s42,3-of-5,0.0,FS_smoke__testpos12.828,FS_smoke,positive,outdoor,0.2,4,1194.287,0.067
L-ratio s42,3-of-5,0.0,FS_smoke__testpos13.829,FS_smoke,positive,outdoor,0.26,5,1167.664,0.067
L-ratio s42,3-of-5,30.0,KMU_like__smoke_or_flame_like_object_1,KMU_like,negative,indoor,0.12,0,0.0,
L-ratio s42,3-of-5,30.0,KMU_like__smoke_or_flame_like_object_10,KMU_like,negative,outdoor,1.27,0,0.0,
L-ratio s42,3-of-5,30.0,KMU_like__smoke_or_flame_like_object_2,KMU_like,negative,outdoor,0.37,1,163.327,11.958
L-ratio s42,3-of-5,30.0,KMU_like__smoke_or_flame_like_object_3,KMU_like,negative,indoor,0.6,1,100.348,22.875
L-ratio s42,3-of-5,30.0,KMU_like__smoke_or_flame_like_object_4,KMU_like,negative,outdoor,0.63,0,0.0,
L-ratio s42,3-of-5,30.0,KMU_like__smoke_or_flame_like_object_5,KMU_like,negative,outdoor,5.71,0,0.0,
L-ratio s42,3-of-5,30.0,KMU_like__smoke_or_flame_like_object_6,KMU_like,negative,outdoor,5.08,4,47.239,91.708
L-ratio s42,3-of-5,30.0,KMU_like__smoke_or_flame_like_object_7,KMU_like,negative,outdoor,1.4,1,42.964,0.083
L-ratio s42,3-of-5,30.0,KMU_like__smoke_or_flame_like_object_8,KMU_like,negative,outdoor,0.59,0,0.0,
L-ratio s42,3-of-5,30.0,KMU_like__smoke_or_flame_like_object_9,KMU_like,negative,outdoor,1.95,0,0.0,
L-ratio s42,3-of-5,30.0,FS_fire__negsVideo1.858,FS_fire,negative,mixed,3.15,2,38.078,9.958
L-ratio s42,3-of-5,30.0,FS_fire__negsVideo12.1074,FS_fire,negative,outdoor,0.43,0,0.0,
L-ratio s42,3-of-5,30.0,FS_fire__negsVideo16.1077,FS_fire,negative,outdoor,0.18,0,0.0,
L-ratio s42,3-of-5,30.0,FS_fire__negsVideo2.859,FS_fire,negative,outdoor,0.26,1,233.766,0.2
L-ratio s42,3-of-5,30.0,FS_fire__negsVideo3.860,FS_fire,negative,outdoor,0.27,0,0.0,
L-ratio s42,3-of-5,30.0,FS_fire__negsVideo4.861,FS_fire,negative,indoor,1.07,1,55.959,1.5
L-ratio s42,3-of-5,30.0,FS_fire__negsVideo5.862,FS_fire,negative,outdoor,0.24,1,246.575,0.733
L-ratio s42,3-of-5,30.0,FS_fire__negsVideo6.863,FS_fire,negative,outdoor,0.76,1,78.878,35.44
L-ratio s42,3-of-5,30.0,FS_fire__negsVideo7.864,FS_fire,negative,indoor,0.3,0,0.0,
L-ratio s42,3-of-5,30.0,FS_fire__negsVideo8.865,FS_fire,negative,outdoor,2.09,2,57.389,3.437
L-ratio s42,3-of-5,30.0,FS_fire__negsVideo9.866,FS_fire,negative,outdoor,0.43,0,0.0,
L-ratio s42,3-of-5,30.0,FS_smoke__testneg01.807,FS_smoke,negative,outdoor,0.17,0,0.0,
L-ratio s42,3-of-5,30.0,FS_smoke__testneg02.808,FS_smoke,negative,outdoor,0.75,0,0.0,
L-ratio s42,3-of-5,30.0,FS_smoke__testneg03.809,FS_smoke,negative,indoor,0.1,0,0.0,
L-ratio s42,3-of-5,30.0,FS_smoke__testneg04.810,FS_smoke,negative,outdoor,1.89,0,0.0,
L-ratio s42,3-of-5,30.0,FS_smoke__testneg05.811,FS_smoke,negative,outdoor,0.17,0,0.0,
L-ratio s42,3-of-5,30.0,FS_smoke__testneg06.812,FS_smoke,negative,outdoor,0.17,0,0.0,
L-ratio s42,3-of-5,30.0,FS_smoke__testneg07.813,FS_smoke,negative,outdoor,0.52,1,116.129,0.4
L-ratio s42,3-of-5,30.0,FS_smoke__testneg08.814,FS_smoke,negative,outdoor,0.5,0,0.0,
L-ratio s42,3-of-5,30.0,FS_smoke__testneg09.815,FS_smoke,negative,outdoor,0.48,1,124.654,1.36
L-ratio s42,3-of-5,30.0,FS_fire__posVideo1.868,FS_fire,positive,outdoor,0.49,1,123.288,0.7
L-ratio s42,3-of-5,30.0,FS_fire__posVideo10.869,FS_fire,positive,outdoor,0.13,1,461.077,0.067
L-ratio s42,3-of-5,30.0,FS_fire__posVideo11.870,FS_fire,positive,outdoor,0.2,1,305.085,0.8
L-ratio s42,3-of-5,30.0,FS_fire__posVideo2.871,FS_fire,positive,indoor,0.28,1,211.969,0.067
L-ratio s42,3-of-5,30.0,FS_fire__posVideo3.872,FS_fire,positive,outdoor,0.21,1,283.927,0.067
L-ratio s42,3-of-5,30.0,FS_fire__posVideo4.873,FS_fire,positive,indoor,0.92,1,65.231,0.067
L-ratio s42,3-of-5,30.0,FS_fire__posVideo5.874,FS_fire,positive,indoor,1.34,1,44.862,0.067
L-ratio s42,3-of-5,30.0,FS_fire__posVideo6.875,FS_fire,positive,outdoor,0.43,1,140.078,0.4
L-ratio s42,3-of-5,30.0,FS_fire__posVideo7.876,FS_fire,positive,outdoor,0.91,0,0.0,
L-ratio s42,3-of-5,30.0,FS_fire__posVideo8.877,FS_fire,positive,outdoor,0.28,1,210.727,0.067
L-ratio s42,3-of-5,30.0,FS_fire__posVideo9.878,FS_fire,positive,outdoor,0.37,1,162.979,0.067
L-ratio s42,3-of-5,30.0,FS_smoke__testpos01.817,FS_smoke,positive,outdoor,0.28,1,212.807,0.958
L-ratio s42,3-of-5,30.0,FS_smoke__testpos02.818,FS_smoke,positive,outdoor,0.96,1,62.474,0.067
L-ratio s42,3-of-5,30.0,FS_smoke__testpos04.820,FS_smoke,positive,outdoor,1.31,1,45.848,0.08
L-ratio s42,3-of-5,30.0,FS_smoke__testpos05.821,FS_smoke,positive,indoor,1.82,1,32.916,3.624
L-ratio s42,3-of-5,30.0,FS_smoke__testpos06.822,FS_smoke,positive,outdoor,0.33,1,180.0,0.2
L-ratio s42,3-of-5,30.0,FS_smoke__testpos07.823,FS_smoke,positive,outdoor,1.17,1,51.429,66.4
L-ratio s42,3-of-5,30.0,FS_smoke__testpos08.824,FS_smoke,positive,outdoor,0.4,1,149.171,6.8
L-ratio s42,3-of-5,30.0,FS_smoke__testpos09.825,FS_smoke,positive,outdoor,0.46,1,130.592,0.1
L-ratio s42,3-of-5,30.0,FS_smoke__testpos10.826,FS_smoke,positive,outdoor,0.82,1,73.496,0.067
L-ratio s42,3-of-5,30.0,FS_smoke__testpos11.827,FS_smoke,positive,outdoor,0.45,1,133.136,0.36
L-ratio s42,3-of-5,30.0,FS_smoke__testpos12.828,FS_smoke,positive,outdoor,0.2,1,298.572,0.067
L-ratio s42,3-of-5,30.0,FS_smoke__testpos13.829,FS_smoke,positive,outdoor,0.26,1,233.533,0.067
M-top s42,1-of-1,0.0,KMU_like__smoke_or_flame_like_object_1,KMU_like,negative,indoor,0.12,0,0.0,
M-top s42,1-of-1,0.0,KMU_like__smoke_or_flame_like_object_10,KMU_like,negative,outdoor,1.27,0,0.0,
M-top s42,1-of-1,0.0,KMU_like__smoke_or_flame_like_object_2,KMU_like,negative,outdoor,0.37,0,0.0,
M-top s42,1-of-1,0.0,KMU_like__smoke_or_flame_like_object_3,KMU_like,negative,indoor,0.6,0,0.0,
M-top s42,1-of-1,0.0,KMU_like__smoke_or_flame_like_object_4,KMU_like,negative,outdoor,0.63,0,0.0,
M-top s42,1-of-1,0.0,KMU_like__smoke_or_flame_like_object_5,KMU_like,negative,outdoor,5.71,0,0.0,
M-top s42,1-of-1,0.0,KMU_like__smoke_or_flame_like_object_6,KMU_like,negative,outdoor,5.08,0,0.0,
M-top s42,1-of-1,0.0,KMU_like__smoke_or_flame_like_object_7,KMU_like,negative,outdoor,1.4,0,0.0,
M-top s42,1-of-1,0.0,KMU_like__smoke_or_flame_like_object_8,KMU_like,negative,outdoor,0.59,0,0.0,
M-top s42,1-of-1,0.0,KMU_like__smoke_or_flame_like_object_9,KMU_like,negative,outdoor,1.95,0,0.0,
M-top s42,1-of-1,0.0,FS_fire__negsVideo1.858,FS_fire,negative,mixed,3.15,3,57.118,154.5
M-top s42,1-of-1,0.0,FS_fire__negsVideo12.1074,FS_fire,negative,outdoor,0.43,0,0.0,
M-top s42,1-of-1,0.0,FS_fire__negsVideo16.1077,FS_fire,negative,outdoor,0.18,0,0.0,
M-top s42,1-of-1,0.0,FS_fire__negsVideo2.859,FS_fire,negative,outdoor,0.26,1,233.766,4.6
M-top s42,1-of-1,0.0,FS_fire__negsVideo3.860,FS_fire,negative,outdoor,0.27,0,0.0,
M-top s42,1-of-1,0.0,FS_fire__negsVideo4.861,FS_fire,negative,indoor,1.07,12,671.503,13.8
M-top s42,1-of-1,0.0,FS_fire__negsVideo5.862,FS_fire,negative,outdoor,0.24,7,1726.027,0.6
M-top s42,1-of-1,0.0,FS_fire__negsVideo6.863,FS_fire,negative,outdoor,0.76,1,78.878,26.28
M-top s42,1-of-1,0.0,FS_fire__negsVideo7.864,FS_fire,negative,indoor,0.3,1,200.0,15.2
M-top s42,1-of-1,0.0,FS_fire__negsVideo8.865,FS_fire,negative,outdoor,2.09,15,430.421,38.071
M-top s42,1-of-1,0.0,FS_fire__negsVideo9.866,FS_fire,negative,outdoor,0.43,1,139.752,12.36
M-top s42,1-of-1,0.0,FS_smoke__testneg01.807,FS_smoke,negative,outdoor,0.17,0,0.0,
M-top s42,1-of-1,0.0,FS_smoke__testneg02.808,FS_smoke,negative,outdoor,0.75,0,0.0,
M-top s42,1-of-1,0.0,FS_smoke__testneg03.809,FS_smoke,negative,indoor,0.1,0,0.0,
M-top s42,1-of-1,0.0,FS_smoke__testneg04.810,FS_smoke,negative,outdoor,1.89,0,0.0,
M-top s42,1-of-1,0.0,FS_smoke__testneg05.811,FS_smoke,negative,outdoor,0.17,0,0.0,
M-top s42,1-of-1,0.0,FS_smoke__testneg06.812,FS_smoke,negative,outdoor,0.17,0,0.0,
M-top s42,1-of-1,0.0,FS_smoke__testneg07.813,FS_smoke,negative,outdoor,0.52,0,0.0,
M-top s42,1-of-1,0.0,FS_smoke__testneg08.814,FS_smoke,negative,outdoor,0.5,0,0.0,
M-top s42,1-of-1,0.0,FS_smoke__testneg09.815,FS_smoke,negative,outdoor,0.48,2,249.307,1.4
M-top s42,1-of-1,0.0,FS_fire__posVideo1.868,FS_fire,positive,outdoor,0.49,39,4808.219,0.0
M-top s42,1-of-1,0.0,FS_fire__posVideo10.869,FS_fire,positive,outdoor,0.13,0,0.0,
M-top s42,1-of-1,0.0,FS_fire__posVideo11.870,FS_fire,positive,outdoor,0.2,0,0.0,
M-top s42,1-of-1,0.0,FS_fire__posVideo2.871,FS_fire,positive,indoor,0.28,9,1907.723,0.0
M-top s42,1-of-1,0.0,FS_fire__posVideo3.872,FS_fire,positive,outdoor,0.21,29,8233.893,0.0
M-top s42,1-of-1,0.0,FS_fire__posVideo4.873,FS_fire,positive,indoor,0.92,7,456.617,0.0
M-top s42,1-of-1,0.0,FS_fire__posVideo5.874,FS_fire,positive,indoor,1.34,45,2018.772,0.0
M-top s42,1-of-1,0.0,FS_fire__posVideo6.875,FS_fire,positive,outdoor,0.43,4,560.311,0.0
M-top s42,1-of-1,0.0,FS_fire__posVideo7.876,FS_fire,positive,outdoor,0.91,0,0.0,
M-top s42,1-of-1,0.0,FS_fire__posVideo8.877,FS_fire,positive,outdoor,0.28,18,3793.089,0.0
M-top s42,1-of-1,0.0,FS_fire__posVideo9.878,FS_fire,positive,outdoor,0.37,119,19394.532,0.0
M-top s42,1-of-1,0.0,FS_smoke__testpos01.817,FS_smoke,positive,outdoor,0.28,12,2553.69,1.0
M-top s42,1-of-1,0.0,FS_smoke__testpos02.818,FS_smoke,positive,outdoor,0.96,35,2186.581,0.0
M-top s42,1-of-1,0.0,FS_smoke__testpos04.820,FS_smoke,positive,outdoor,1.31,96,4401.426,0.56
M-top s42,1-of-1,0.0,FS_smoke__testpos05.821,FS_smoke,positive,indoor,1.82,7,230.411,1.706
M-top s42,1-of-1,0.0,FS_smoke__testpos06.822,FS_smoke,positive,outdoor,0.33,12,2160.0,0.0
M-top s42,1-of-1,0.0,FS_smoke__testpos07.823,FS_smoke,positive,outdoor,1.17,8,411.429,30.8
M-top s42,1-of-1,0.0,FS_smoke__testpos08.824,FS_smoke,positive,outdoor,0.4,6,895.029,8.133
M-top s42,1-of-1,0.0,FS_smoke__testpos09.825,FS_smoke,positive,outdoor,0.46,35,4570.732,0.0
M-top s42,1-of-1,0.0,FS_smoke__testpos10.826,FS_smoke,positive,outdoor,0.82,52,3821.789,0.734
M-top s42,1-of-1,0.0,FS_smoke__testpos11.827,FS_smoke,positive,outdoor,0.45,24,3195.266,0.36
M-top s42,1-of-1,0.0,FS_smoke__testpos12.828,FS_smoke,positive,outdoor,0.2,11,3284.29,0.0
M-top s42,1-of-1,0.0,FS_smoke__testpos13.829,FS_smoke,positive,outdoor,0.26,23,5371.252,0.0
M-top s42,3-of-5,0.0,KMU_like__smoke_or_flame_like_object_1,KMU_like,negative,indoor,0.12,0,0.0,
M-top s42,3-of-5,0.0,KMU_like__smoke_or_flame_like_object_10,KMU_like,negative,outdoor,1.27,0,0.0,
M-top s42,3-of-5,0.0,KMU_like__smoke_or_flame_like_object_2,KMU_like,negative,outdoor,0.37,0,0.0,
M-top s42,3-of-5,0.0,KMU_like__smoke_or_flame_like_object_3,KMU_like,negative,indoor,0.6,0,0.0,
M-top s42,3-of-5,0.0,KMU_like__smoke_or_flame_like_object_4,KMU_like,negative,outdoor,0.63,0,0.0,
M-top s42,3-of-5,0.0,KMU_like__smoke_or_flame_like_object_5,KMU_like,negative,outdoor,5.71,0,0.0,
M-top s42,3-of-5,0.0,KMU_like__smoke_or_flame_like_object_6,KMU_like,negative,outdoor,5.08,0,0.0,
M-top s42,3-of-5,0.0,KMU_like__smoke_or_flame_like_object_7,KMU_like,negative,outdoor,1.4,0,0.0,
M-top s42,3-of-5,0.0,KMU_like__smoke_or_flame_like_object_8,KMU_like,negative,outdoor,0.59,0,0.0,
M-top s42,3-of-5,0.0,KMU_like__smoke_or_flame_like_object_9,KMU_like,negative,outdoor,1.95,0,0.0,
M-top s42,3-of-5,0.0,FS_fire__negsVideo1.858,FS_fire,negative,mixed,3.15,0,0.0,
M-top s42,3-of-5,0.0,FS_fire__negsVideo12.1074,FS_fire,negative,outdoor,0.43,0,0.0,
M-top s42,3-of-5,0.0,FS_fire__negsVideo16.1077,FS_fire,negative,outdoor,0.18,0,0.0,
M-top s42,3-of-5,0.0,FS_fire__negsVideo2.859,FS_fire,negative,outdoor,0.26,0,0.0,
M-top s42,3-of-5,0.0,FS_fire__negsVideo3.860,FS_fire,negative,outdoor,0.27,0,0.0,
M-top s42,3-of-5,0.0,FS_fire__negsVideo4.861,FS_fire,negative,indoor,1.07,3,167.876,13.9
M-top s42,3-of-5,0.0,FS_fire__negsVideo5.862,FS_fire,negative,outdoor,0.24,1,246.575,6.467
M-top s42,3-of-5,0.0,FS_fire__negsVideo6.863,FS_fire,negative,outdoor,0.76,0,0.0,
M-top s42,3-of-5,0.0,FS_fire__negsVideo7.864,FS_fire,negative,indoor,0.3,0,0.0,
M-top s42,3-of-5,0.0,FS_fire__negsVideo8.865,FS_fire,negative,outdoor,2.09,0,0.0,
M-top s42,3-of-5,0.0,FS_fire__negsVideo9.866,FS_fire,negative,outdoor,0.43,0,0.0,
M-top s42,3-of-5,0.0,FS_smoke__testneg01.807,FS_smoke,negative,outdoor,0.17,0,0.0,
M-top s42,3-of-5,0.0,FS_smoke__testneg02.808,FS_smoke,negative,outdoor,0.75,0,0.0,
M-top s42,3-of-5,0.0,FS_smoke__testneg03.809,FS_smoke,negative,indoor,0.1,0,0.0,
M-top s42,3-of-5,0.0,FS_smoke__testneg04.810,FS_smoke,negative,outdoor,1.89,0,0.0,
M-top s42,3-of-5,0.0,FS_smoke__testneg05.811,FS_smoke,negative,outdoor,0.17,0,0.0,
M-top s42,3-of-5,0.0,FS_smoke__testneg06.812,FS_smoke,negative,outdoor,0.17,0,0.0,
M-top s42,3-of-5,0.0,FS_smoke__testneg07.813,FS_smoke,negative,outdoor,0.52,0,0.0,
M-top s42,3-of-5,0.0,FS_smoke__testneg08.814,FS_smoke,negative,outdoor,0.5,0,0.0,
M-top s42,3-of-5,0.0,FS_smoke__testneg09.815,FS_smoke,negative,outdoor,0.48,2,249.307,1.48
M-top s42,3-of-5,0.0,FS_fire__posVideo1.868,FS_fire,positive,outdoor,0.49,13,1602.74,0.6
M-top s42,3-of-5,0.0,FS_fire__posVideo10.869,FS_fire,positive,outdoor,0.13,0,0.0,
M-top s42,3-of-5,0.0,FS_fire__posVideo11.870,FS_fire,positive,outdoor,0.2,0,0.0,
M-top s42,3-of-5,0.0,FS_fire__posVideo2.871,FS_fire,positive,indoor,0.28,2,423.938,0.067
M-top s42,3-of-5,0.0,FS_fire__posVideo3.872,FS_fire,positive,outdoor,0.21,9,2555.346,0.5
M-top s42,3-of-5,0.0,FS_fire__posVideo4.873,FS_fire,positive,indoor,0.92,1,65.231,0.067
M-top s42,3-of-5,0.0,FS_fire__posVideo5.874,FS_fire,positive,indoor,1.34,1,44.862,0.067
M-top s42,3-of-5,0.0,FS_fire__posVideo6.875,FS_fire,positive,outdoor,0.43,1,140.078,0.3
M-top s42,3-of-5,0.0,FS_fire__posVideo7.876,FS_fire,positive,outdoor,0.91,0,0.0,
M-top s42,3-of-5,0.0,FS_fire__posVideo8.877,FS_fire,positive,outdoor,0.28,1,210.727,0.067
M-top s42,3-of-5,0.0,FS_fire__posVideo9.878,FS_fire,positive,outdoor,0.37,23,3748.523,0.067
M-top s42,3-of-5,0.0,FS_smoke__testpos01.817,FS_smoke,positive,outdoor,0.28,2,425.615,1.083
M-top s42,3-of-5,0.0,FS_smoke__testpos02.818,FS_smoke,positive,outdoor,0.96,10,624.738,0.067
M-top s42,3-of-5,0.0,FS_smoke__testpos04.820,FS_smoke,positive,outdoor,1.31,23,1054.508,0.68
M-top s42,3-of-5,0.0,FS_smoke__testpos05.821,FS_smoke,positive,indoor,1.82,2,65.832,4.051
M-top s42,3-of-5,0.0,FS_smoke__testpos06.822,FS_smoke,positive,outdoor,0.33,4,720.0,0.2
M-top s42,3-of-5,0.0,FS_smoke__testpos07.823,FS_smoke,positive,outdoor,1.17,1,51.429,66.3
M-top s42,3-of-5,0.0,FS_smoke__testpos08.824,FS_smoke,positive,outdoor,0.4,1,149.171,8.533
M-top s42,3-of-5,0.0,FS_smoke__testpos09.825,FS_smoke,positive,outdoor,0.46,8,1044.739,0.4
M-top s42,3-of-5,0.0,FS_smoke__testpos10.826,FS_smoke,positive,outdoor,0.82,15,1102.439,3.17
M-top s42,3-of-5,0.0,FS_smoke__testpos11.827,FS_smoke,positive,outdoor,0.45,4,532.544,1.16
M-top s42,3-of-5,0.0,FS_smoke__testpos12.828,FS_smoke,positive,outdoor,0.2,1,298.572,0.067
M-top s42,3-of-5,0.0,FS_smoke__testpos13.829,FS_smoke,positive,outdoor,0.26,9,2101.794,0.067
M-top s42,3-of-5,30.0,KMU_like__smoke_or_flame_like_object_1,KMU_like,negative,indoor,0.12,0,0.0,
M-top s42,3-of-5,30.0,KMU_like__smoke_or_flame_like_object_10,KMU_like,negative,outdoor,1.27,0,0.0,
M-top s42,3-of-5,30.0,KMU_like__smoke_or_flame_like_object_2,KMU_like,negative,outdoor,0.37,0,0.0,
M-top s42,3-of-5,30.0,KMU_like__smoke_or_flame_like_object_3,KMU_like,negative,indoor,0.6,0,0.0,
M-top s42,3-of-5,30.0,KMU_like__smoke_or_flame_like_object_4,KMU_like,negative,outdoor,0.63,0,0.0,
M-top s42,3-of-5,30.0,KMU_like__smoke_or_flame_like_object_5,KMU_like,negative,outdoor,5.71,0,0.0,
M-top s42,3-of-5,30.0,KMU_like__smoke_or_flame_like_object_6,KMU_like,negative,outdoor,5.08,0,0.0,
M-top s42,3-of-5,30.0,KMU_like__smoke_or_flame_like_object_7,KMU_like,negative,outdoor,1.4,0,0.0,
M-top s42,3-of-5,30.0,KMU_like__smoke_or_flame_like_object_8,KMU_like,negative,outdoor,0.59,0,0.0,
M-top s42,3-of-5,30.0,KMU_like__smoke_or_flame_like_object_9,KMU_like,negative,outdoor,1.95,0,0.0,
M-top s42,3-of-5,30.0,FS_fire__negsVideo1.858,FS_fire,negative,mixed,3.15,0,0.0,
M-top s42,3-of-5,30.0,FS_fire__negsVideo12.1074,FS_fire,negative,outdoor,0.43,0,0.0,
M-top s42,3-of-5,30.0,FS_fire__negsVideo16.1077,FS_fire,negative,outdoor,0.18,0,0.0,
M-top s42,3-of-5,30.0,FS_fire__negsVideo2.859,FS_fire,negative,outdoor,0.26,0,0.0,
M-top s42,3-of-5,30.0,FS_fire__negsVideo3.860,FS_fire,negative,outdoor,0.27,0,0.0,
M-top s42,3-of-5,30.0,FS_fire__negsVideo4.861,FS_fire,negative,indoor,1.07,1,55.959,13.9
M-top s42,3-of-5,30.0,FS_fire__negsVideo5.862,FS_fire,negative,outdoor,0.24,1,246.575,6.467
M-top s42,3-of-5,30.0,FS_fire__negsVideo6.863,FS_fire,negative,outdoor,0.76,0,0.0,
M-top s42,3-of-5,30.0,FS_fire__negsVideo7.864,FS_fire,negative,indoor,0.3,0,0.0,
M-top s42,3-of-5,30.0,FS_fire__negsVideo8.865,FS_fire,negative,outdoor,2.09,0,0.0,
M-top s42,3-of-5,30.0,FS_fire__negsVideo9.866,FS_fire,negative,outdoor,0.43,0,0.0,
M-top s42,3-of-5,30.0,FS_smoke__testneg01.807,FS_smoke,negative,outdoor,0.17,0,0.0,
M-top s42,3-of-5,30.0,FS_smoke__testneg02.808,FS_smoke,negative,outdoor,0.75,0,0.0,
M-top s42,3-of-5,30.0,FS_smoke__testneg03.809,FS_smoke,negative,indoor,0.1,0,0.0,
M-top s42,3-of-5,30.0,FS_smoke__testneg04.810,FS_smoke,negative,outdoor,1.89,0,0.0,
M-top s42,3-of-5,30.0,FS_smoke__testneg05.811,FS_smoke,negative,outdoor,0.17,0,0.0,
M-top s42,3-of-5,30.0,FS_smoke__testneg06.812,FS_smoke,negative,outdoor,0.17,0,0.0,
M-top s42,3-of-5,30.0,FS_smoke__testneg07.813,FS_smoke,negative,outdoor,0.52,0,0.0,
M-top s42,3-of-5,30.0,FS_smoke__testneg08.814,FS_smoke,negative,outdoor,0.5,0,0.0,
M-top s42,3-of-5,30.0,FS_smoke__testneg09.815,FS_smoke,negative,outdoor,0.48,1,124.654,1.48
M-top s42,3-of-5,30.0,FS_fire__posVideo1.868,FS_fire,positive,outdoor,0.49,1,123.288,0.6
M-top s42,3-of-5,30.0,FS_fire__posVideo10.869,FS_fire,positive,outdoor,0.13,0,0.0,
M-top s42,3-of-5,30.0,FS_fire__posVideo11.870,FS_fire,positive,outdoor,0.2,0,0.0,
M-top s42,3-of-5,30.0,FS_fire__posVideo2.871,FS_fire,positive,indoor,0.28,1,211.969,0.067
M-top s42,3-of-5,30.0,FS_fire__posVideo3.872,FS_fire,positive,outdoor,0.21,1,283.927,0.5
M-top s42,3-of-5,30.0,FS_fire__posVideo4.873,FS_fire,positive,indoor,0.92,1,65.231,0.067
M-top s42,3-of-5,30.0,FS_fire__posVideo5.874,FS_fire,positive,indoor,1.34,1,44.862,0.067
M-top s42,3-of-5,30.0,FS_fire__posVideo6.875,FS_fire,positive,outdoor,0.43,1,140.078,0.3
M-top s42,3-of-5,30.0,FS_fire__posVideo7.876,FS_fire,positive,outdoor,0.91,0,0.0,
M-top s42,3-of-5,30.0,FS_fire__posVideo8.877,FS_fire,positive,outdoor,0.28,1,210.727,0.067
M-top s42,3-of-5,30.0,FS_fire__posVideo9.878,FS_fire,positive,outdoor,0.37,1,162.979,0.067
M-top s42,3-of-5,30.0,FS_smoke__testpos01.817,FS_smoke,positive,outdoor,0.28,1,212.807,1.083
M-top s42,3-of-5,30.0,FS_smoke__testpos02.818,FS_smoke,positive,outdoor,0.96,1,62.474,0.067
M-top s42,3-of-5,30.0,FS_smoke__testpos04.820,FS_smoke,positive,outdoor,1.31,1,45.848,0.68
M-top s42,3-of-5,30.0,FS_smoke__testpos05.821,FS_smoke,positive,indoor,1.82,1,32.916,4.051
M-top s42,3-of-5,30.0,FS_smoke__testpos06.822,FS_smoke,positive,outdoor,0.33,1,180.0,0.2
M-top s42,3-of-5,30.0,FS_smoke__testpos07.823,FS_smoke,positive,outdoor,1.17,1,51.429,66.3
M-top s42,3-of-5,30.0,FS_smoke__testpos08.824,FS_smoke,positive,outdoor,0.4,1,149.171,8.533
M-top s42,3-of-5,30.0,FS_smoke__testpos09.825,FS_smoke,positive,outdoor,0.46,1,130.592,0.4
M-top s42,3-of-5,30.0,FS_smoke__testpos10.826,FS_smoke,positive,outdoor,0.82,1,73.496,3.17
M-top s42,3-of-5,30.0,FS_smoke__testpos11.827,FS_smoke,positive,outdoor,0.45,1,133.136,1.16
M-top s42,3-of-5,30.0,FS_smoke__testpos12.828,FS_smoke,positive,outdoor,0.2,1,298.572,0.067
M-top s42,3-of-5,30.0,FS_smoke__testpos13.829,FS_smoke,positive,outdoor,0.26,1,233.533,0.067
Positive-aware s42,1-of-1,0.0,KMU_like__smoke_or_flame_like_object_1,KMU_like,negative,indoor,0.12,0,0.0,
Positive-aware s42,1-of-1,0.0,KMU_like__smoke_or_flame_like_object_10,KMU_like,negative,outdoor,1.27,0,0.0,
Positive-aware s42,1-of-1,0.0,KMU_like__smoke_or_flame_like_object_2,KMU_like,negative,outdoor,0.37,0,0.0,
Positive-aware s42,1-of-1,0.0,KMU_like__smoke_or_flame_like_object_3,KMU_like,negative,indoor,0.6,6,602.091,13.875
Positive-aware s42,1-of-1,0.0,KMU_like__smoke_or_flame_like_object_4,KMU_like,negative,outdoor,0.63,0,0.0,
Positive-aware s42,1-of-1,0.0,KMU_like__smoke_or_flame_like_object_5,KMU_like,negative,outdoor,5.71,0,0.0,
Positive-aware s42,1-of-1,0.0,KMU_like__smoke_or_flame_like_object_6,KMU_like,negative,outdoor,5.08,0,0.0,
Positive-aware s42,1-of-1,0.0,KMU_like__smoke_or_flame_like_object_7,KMU_like,negative,outdoor,1.4,0,0.0,
Positive-aware s42,1-of-1,0.0,KMU_like__smoke_or_flame_like_object_8,KMU_like,negative,outdoor,0.59,0,0.0,
Positive-aware s42,1-of-1,0.0,KMU_like__smoke_or_flame_like_object_9,KMU_like,negative,outdoor,1.95,0,0.0,
Positive-aware s42,1-of-1,0.0,FS_fire__negsVideo1.858,FS_fire,negative,mixed,3.15,5,95.196,54.333
Positive-aware s42,1-of-1,0.0,FS_fire__negsVideo12.1074,FS_fire,negative,outdoor,0.43,0,0.0,
Positive-aware s42,1-of-1,0.0,FS_fire__negsVideo16.1077,FS_fire,negative,outdoor,0.18,0,0.0,
Positive-aware s42,1-of-1,0.0,FS_fire__negsVideo2.859,FS_fire,negative,outdoor,0.26,4,935.065,3.2
Positive-aware s42,1-of-1,0.0,FS_fire__negsVideo3.860,FS_fire,negative,outdoor,0.27,0,0.0,
Positive-aware s42,1-of-1,0.0,FS_fire__negsVideo4.861,FS_fire,negative,indoor,1.07,18,1007.254,13.6
Positive-aware s42,1-of-1,0.0,FS_fire__negsVideo5.862,FS_fire,negative,outdoor,0.24,2,493.151,0.0
Positive-aware s42,1-of-1,0.0,FS_fire__negsVideo6.863,FS_fire,negative,outdoor,0.76,2,157.756,26.36
Positive-aware s42,1-of-1,0.0,FS_fire__negsVideo7.864,FS_fire,negative,indoor,0.3,8,1600.0,1.567
Positive-aware s42,1-of-1,0.0,FS_fire__negsVideo8.865,FS_fire,negative,outdoor,2.09,91,2611.218,3.203
Positive-aware s42,1-of-1,0.0,FS_fire__negsVideo9.866,FS_fire,negative,outdoor,0.43,0,0.0,
Positive-aware s42,1-of-1,0.0,FS_smoke__testneg01.807,FS_smoke,negative,outdoor,0.17,0,0.0,
Positive-aware s42,1-of-1,0.0,FS_smoke__testneg02.808,FS_smoke,negative,outdoor,0.75,0,0.0,
Positive-aware s42,1-of-1,0.0,FS_smoke__testneg03.809,FS_smoke,negative,indoor,0.1,0,0.0,
Positive-aware s42,1-of-1,0.0,FS_smoke__testneg04.810,FS_smoke,negative,outdoor,1.89,0,0.0,
Positive-aware s42,1-of-1,0.0,FS_smoke__testneg05.811,FS_smoke,negative,outdoor,0.17,0,0.0,
Positive-aware s42,1-of-1,0.0,FS_smoke__testneg06.812,FS_smoke,negative,outdoor,0.17,0,0.0,
Positive-aware s42,1-of-1,0.0,FS_smoke__testneg07.813,FS_smoke,negative,outdoor,0.52,0,0.0,
Positive-aware s42,1-of-1,0.0,FS_smoke__testneg08.814,FS_smoke,negative,outdoor,0.5,0,0.0,
Positive-aware s42,1-of-1,0.0,FS_smoke__testneg09.815,FS_smoke,negative,outdoor,0.48,0,0.0,
Positive-aware s42,1-of-1,0.0,FS_fire__posVideo1.868,FS_fire,positive,outdoor,0.49,51,6287.671,0.5
Positive-aware s42,1-of-1,0.0,FS_fire__posVideo10.869,FS_fire,positive,outdoor,0.13,13,5994.006,0.067
Positive-aware s42,1-of-1,0.0,FS_fire__posVideo11.870,FS_fire,positive,outdoor,0.2,0,0.0,
Positive-aware s42,1-of-1,0.0,FS_fire__posVideo2.871,FS_fire,positive,indoor,0.28,13,2755.6,0.0
Positive-aware s42,1-of-1,0.0,FS_fire__posVideo3.872,FS_fire,positive,outdoor,0.21,8,2271.419,1.268
Positive-aware s42,1-of-1,0.0,FS_fire__posVideo4.873,FS_fire,positive,indoor,0.92,36,2348.315,0.0
Positive-aware s42,1-of-1,0.0,FS_fire__posVideo5.874,FS_fire,positive,indoor,1.34,90,4037.544,0.0
Positive-aware s42,1-of-1,0.0,FS_fire__posVideo6.875,FS_fire,positive,outdoor,0.43,3,420.233,0.0
Positive-aware s42,1-of-1,0.0,FS_fire__posVideo7.876,FS_fire,positive,outdoor,0.91,18,1186.813,16.5
Positive-aware s42,1-of-1,0.0,FS_fire__posVideo8.877,FS_fire,positive,outdoor,0.28,101,21283.446,0.0
Positive-aware s42,1-of-1,0.0,FS_fire__posVideo9.878,FS_fire,positive,outdoor,0.37,115,18742.615,0.0
Positive-aware s42,1-of-1,0.0,FS_smoke__testpos01.817,FS_smoke,positive,outdoor,0.28,12,2553.69,1.708
Positive-aware s42,1-of-1,0.0,FS_smoke__testpos02.818,FS_smoke,positive,outdoor,0.96,3,187.421,0.0
Positive-aware s42,1-of-1,0.0,FS_smoke__testpos04.820,FS_smoke,positive,outdoor,1.31,114,5226.694,0.0
Positive-aware s42,1-of-1,0.0,FS_smoke__testpos05.821,FS_smoke,positive,indoor,1.82,1,32.916,3.624
Positive-aware s42,1-of-1,0.0,FS_smoke__testpos06.822,FS_smoke,positive,outdoor,0.33,5,900.0,2.8
Positive-aware s42,1-of-1,0.0,FS_smoke__testpos07.823,FS_smoke,positive,outdoor,1.17,0,0.0,
Positive-aware s42,1-of-1,0.0,FS_smoke__testpos08.824,FS_smoke,positive,outdoor,0.4,13,1939.229,8.2
Positive-aware s42,1-of-1,0.0,FS_smoke__testpos09.825,FS_smoke,positive,outdoor,0.46,45,5876.656,0.033
Positive-aware s42,1-of-1,0.0,FS_smoke__testpos10.826,FS_smoke,positive,outdoor,0.82,79,5806.179,0.0
Positive-aware s42,1-of-1,0.0,FS_smoke__testpos11.827,FS_smoke,positive,outdoor,0.45,18,2396.45,0.12
Positive-aware s42,1-of-1,0.0,FS_smoke__testpos12.828,FS_smoke,positive,outdoor,0.2,17,5075.721,0.0
Positive-aware s42,1-of-1,0.0,FS_smoke__testpos13.829,FS_smoke,positive,outdoor,0.26,32,7473.046,0.067
Positive-aware s42,3-of-5,0.0,KMU_like__smoke_or_flame_like_object_1,KMU_like,negative,indoor,0.12,0,0.0,
Positive-aware s42,3-of-5,0.0,KMU_like__smoke_or_flame_like_object_10,KMU_like,negative,outdoor,1.27,0,0.0,
Positive-aware s42,3-of-5,0.0,KMU_like__smoke_or_flame_like_object_2,KMU_like,negative,outdoor,0.37,0,0.0,
Positive-aware s42,3-of-5,0.0,KMU_like__smoke_or_flame_like_object_3,KMU_like,negative,indoor,0.6,4,401.394,14.042
Positive-aware s42,3-of-5,0.0,KMU_like__smoke_or_flame_like_object_4,KMU_like,negative,outdoor,0.63,0,0.0,
Positive-aware s42,3-of-5,0.0,KMU_like__smoke_or_flame_like_object_5,KMU_like,negative,outdoor,5.71,0,0.0,
Positive-aware s42,3-of-5,0.0,KMU_like__smoke_or_flame_like_object_6,KMU_like,negative,outdoor,5.08,0,0.0,
Positive-aware s42,3-of-5,0.0,KMU_like__smoke_or_flame_like_object_7,KMU_like,negative,outdoor,1.4,0,0.0,
Positive-aware s42,3-of-5,0.0,KMU_like__smoke_or_flame_like_object_8,KMU_like,negative,outdoor,0.59,0,0.0,
Positive-aware s42,3-of-5,0.0,KMU_like__smoke_or_flame_like_object_9,KMU_like,negative,outdoor,1.95,0,0.0,
Positive-aware s42,3-of-5,0.0,FS_fire__negsVideo1.858,FS_fire,negative,mixed,3.15,0,0.0,
Positive-aware s42,3-of-5,0.0,FS_fire__negsVideo12.1074,FS_fire,negative,outdoor,0.43,0,0.0,
Positive-aware s42,3-of-5,0.0,FS_fire__negsVideo16.1077,FS_fire,negative,outdoor,0.18,0,0.0,
Positive-aware s42,3-of-5,0.0,FS_fire__negsVideo2.859,FS_fire,negative,outdoor,0.26,2,467.532,3.4
Positive-aware s42,3-of-5,0.0,FS_fire__negsVideo3.860,FS_fire,negative,outdoor,0.27,0,0.0,
Positive-aware s42,3-of-5,0.0,FS_fire__negsVideo4.861,FS_fire,negative,indoor,1.07,6,335.751,13.7
Positive-aware s42,3-of-5,0.0,FS_fire__negsVideo5.862,FS_fire,negative,outdoor,0.24,0,0.0,
Positive-aware s42,3-of-5,0.0,FS_fire__negsVideo6.863,FS_fire,negative,outdoor,0.76,0,0.0,
Positive-aware s42,3-of-5,0.0,FS_fire__negsVideo7.864,FS_fire,negative,indoor,0.3,2,400.0,1.8
Positive-aware s42,3-of-5,0.0,FS_fire__negsVideo8.865,FS_fire,negative,outdoor,2.09,22,631.283,3.303
Positive-aware s42,3-of-5,0.0,FS_fire__negsVideo9.866,FS_fire,negative,outdoor,0.43,0,0.0,
Positive-aware s42,3-of-5,0.0,FS_smoke__testneg01.807,FS_smoke,negative,outdoor,0.17,0,0.0,
Positive-aware s42,3-of-5,0.0,FS_smoke__testneg02.808,FS_smoke,negative,outdoor,0.75,0,0.0,
Positive-aware s42,3-of-5,0.0,FS_smoke__testneg03.809,FS_smoke,negative,indoor,0.1,0,0.0,
Positive-aware s42,3-of-5,0.0,FS_smoke__testneg04.810,FS_smoke,negative,outdoor,1.89,0,0.0,
Positive-aware s42,3-of-5,0.0,FS_smoke__testneg05.811,FS_smoke,negative,outdoor,0.17,0,0.0,
Positive-aware s42,3-of-5,0.0,FS_smoke__testneg06.812,FS_smoke,negative,outdoor,0.17,0,0.0,
Positive-aware s42,3-of-5,0.0,FS_smoke__testneg07.813,FS_smoke,negative,outdoor,0.52,0,0.0,
Positive-aware s42,3-of-5,0.0,FS_smoke__testneg08.814,FS_smoke,negative,outdoor,0.5,0,0.0,
Positive-aware s42,3-of-5,0.0,FS_smoke__testneg09.815,FS_smoke,negative,outdoor,0.48,0,0.0,
Positive-aware s42,3-of-5,0.0,FS_fire__posVideo1.868,FS_fire,positive,outdoor,0.49,7,863.014,0.8
Positive-aware s42,3-of-5,0.0,FS_fire__posVideo10.869,FS_fire,positive,outdoor,0.13,5,2305.387,0.134
Positive-aware s42,3-of-5,0.0,FS_fire__posVideo11.870,FS_fire,positive,outdoor,0.2,0,0.0,
Positive-aware s42,3-of-5,0.0,FS_fire__posVideo2.871,FS_fire,positive,indoor,0.28,2,423.938,0.067
Positive-aware s42,3-of-5,0.0,FS_fire__posVideo3.872,FS_fire,positive,outdoor,0.21,4,1135.709,1.335
Positive-aware s42,3-of-5,0.0,FS_fire__posVideo4.873,FS_fire,positive,indoor,0.92,2,130.462,0.067
Positive-aware s42,3-of-5,0.0,FS_fire__posVideo5.874,FS_fire,positive,indoor,1.34,6,269.17,0.067
Positive-aware s42,3-of-5,0.0,FS_fire__posVideo6.875,FS_fire,positive,outdoor,0.43,1,140.078,0.3
Positive-aware s42,3-of-5,0.0,FS_fire__posVideo7.876,FS_fire,positive,outdoor,0.91,3,197.802,16.7
Positive-aware s42,3-of-5,0.0,FS_fire__posVideo8.877,FS_fire,positive,outdoor,0.28,10,2107.272,0.067
Positive-aware s42,3-of-5,0.0,FS_fire__posVideo9.878,FS_fire,positive,outdoor,0.37,23,3748.523,0.067
Positive-aware s42,3-of-5,0.0,FS_smoke__testpos01.817,FS_smoke,positive,outdoor,0.28,3,638.422,1.792
Positive-aware s42,3-of-5,0.0,FS_smoke__testpos02.818,FS_smoke,positive,outdoor,0.96,0,0.0,
Positive-aware s42,3-of-5,0.0,FS_smoke__testpos04.820,FS_smoke,positive,outdoor,1.31,21,962.812,0.08
Positive-aware s42,3-of-5,0.0,FS_smoke__testpos05.821,FS_smoke,positive,indoor,1.82,1,32.916,4.051
Positive-aware s42,3-of-5,0.0,FS_smoke__testpos06.822,FS_smoke,positive,outdoor,0.33,0,0.0,
Positive-aware s42,3-of-5,0.0,FS_smoke__testpos07.823,FS_smoke,positive,outdoor,1.17,0,0.0,
Positive-aware s42,3-of-5,0.0,FS_smoke__testpos08.824,FS_smoke,positive,outdoor,0.4,2,298.343,8.333
Positive-aware s42,3-of-5,0.0,FS_smoke__testpos09.825,FS_smoke,positive,outdoor,0.46,8,1044.739,0.133
Positive-aware s42,3-of-5,0.0,FS_smoke__testpos10.826,FS_smoke,positive,outdoor,0.82,15,1102.439,0.334
Positive-aware s42,3-of-5,0.0,FS_smoke__testpos11.827,FS_smoke,positive,outdoor,0.45,8,1065.089,0.52
Positive-aware s42,3-of-5,0.0,FS_smoke__testpos12.828,FS_smoke,positive,outdoor,0.2,2,597.144,0.067
Positive-aware s42,3-of-5,0.0,FS_smoke__testpos13.829,FS_smoke,positive,outdoor,0.26,8,1868.262,0.167
Positive-aware s42,3-of-5,30.0,KMU_like__smoke_or_flame_like_object_1,KMU_like,negative,indoor,0.12,0,0.0,
Positive-aware s42,3-of-5,30.0,KMU_like__smoke_or_flame_like_object_10,KMU_like,negative,outdoor,1.27,0,0.0,
Positive-aware s42,3-of-5,30.0,KMU_like__smoke_or_flame_like_object_2,KMU_like,negative,outdoor,0.37,0,0.0,
Positive-aware s42,3-of-5,30.0,KMU_like__smoke_or_flame_like_object_3,KMU_like,negative,indoor,0.6,1,100.348,14.042
Positive-aware s42,3-of-5,30.0,KMU_like__smoke_or_flame_like_object_4,KMU_like,negative,outdoor,0.63,0,0.0,
Positive-aware s42,3-of-5,30.0,KMU_like__smoke_or_flame_like_object_5,KMU_like,negative,outdoor,5.71,0,0.0,
Positive-aware s42,3-of-5,30.0,KMU_like__smoke_or_flame_like_object_6,KMU_like,negative,outdoor,5.08,0,0.0,
Positive-aware s42,3-of-5,30.0,KMU_like__smoke_or_flame_like_object_7,KMU_like,negative,outdoor,1.4,0,0.0,
Positive-aware s42,3-of-5,30.0,KMU_like__smoke_or_flame_like_object_8,KMU_like,negative,outdoor,0.59,0,0.0,
Positive-aware s42,3-of-5,30.0,KMU_like__smoke_or_flame_like_object_9,KMU_like,negative,outdoor,1.95,0,0.0,
Positive-aware s42,3-of-5,30.0,FS_fire__negsVideo1.858,FS_fire,negative,mixed,3.15,0,0.0,
Positive-aware s42,3-of-5,30.0,FS_fire__negsVideo12.1074,FS_fire,negative,outdoor,0.43,0,0.0,
Positive-aware s42,3-of-5,30.0,FS_fire__negsVideo16.1077,FS_fire,negative,outdoor,0.18,0,0.0,
Positive-aware s42,3-of-5,30.0,FS_fire__negsVideo2.859,FS_fire,negative,outdoor,0.26,1,233.766,3.4
Positive-aware s42,3-of-5,30.0,FS_fire__negsVideo3.860,FS_fire,negative,outdoor,0.27,0,0.0,
Positive-aware s42,3-of-5,30.0,FS_fire__negsVideo4.861,FS_fire,negative,indoor,1.07,1,55.959,13.7
Positive-aware s42,3-of-5,30.0,FS_fire__negsVideo5.862,FS_fire,negative,outdoor,0.24,0,0.0,
Positive-aware s42,3-of-5,30.0,FS_fire__negsVideo6.863,FS_fire,negative,outdoor,0.76,0,0.0,
Positive-aware s42,3-of-5,30.0,FS_fire__negsVideo7.864,FS_fire,negative,indoor,0.3,1,200.0,1.8
Positive-aware s42,3-of-5,30.0,FS_fire__negsVideo8.865,FS_fire,negative,outdoor,2.09,1,28.695,3.303
Positive-aware s42,3-of-5,30.0,FS_fire__negsVideo9.866,FS_fire,negative,outdoor,0.43,0,0.0,
Positive-aware s42,3-of-5,30.0,FS_smoke__testneg01.807,FS_smoke,negative,outdoor,0.17,0,0.0,
Positive-aware s42,3-of-5,30.0,FS_smoke__testneg02.808,FS_smoke,negative,outdoor,0.75,0,0.0,
Positive-aware s42,3-of-5,30.0,FS_smoke__testneg03.809,FS_smoke,negative,indoor,0.1,0,0.0,
Positive-aware s42,3-of-5,30.0,FS_smoke__testneg04.810,FS_smoke,negative,outdoor,1.89,0,0.0,
Positive-aware s42,3-of-5,30.0,FS_smoke__testneg05.811,FS_smoke,negative,outdoor,0.17,0,0.0,
Positive-aware s42,3-of-5,30.0,FS_smoke__testneg06.812,FS_smoke,negative,outdoor,0.17,0,0.0,
Positive-aware s42,3-of-5,30.0,FS_smoke__testneg07.813,FS_smoke,negative,outdoor,0.52,0,0.0,
Positive-aware s42,3-of-5,30.0,FS_smoke__testneg08.814,FS_smoke,negative,outdoor,0.5,0,0.0,
Positive-aware s42,3-of-5,30.0,FS_smoke__testneg09.815,FS_smoke,negative,outdoor,0.48,0,0.0,
Positive-aware s42,3-of-5,30.0,FS_fire__posVideo1.868,FS_fire,positive,outdoor,0.49,1,123.288,0.8
Positive-aware s42,3-of-5,30.0,FS_fire__posVideo10.869,FS_fire,positive,outdoor,0.13,1,461.077,0.134
Positive-aware s42,3-of-5,30.0,FS_fire__posVideo11.870,FS_fire,positive,outdoor,0.2,0,0.0,
Positive-aware s42,3-of-5,30.0,FS_fire__posVideo2.871,FS_fire,positive,indoor,0.28,1,211.969,0.067
Positive-aware s42,3-of-5,30.0,FS_fire__posVideo3.872,FS_fire,positive,outdoor,0.21,1,283.927,1.335
Positive-aware s42,3-of-5,30.0,FS_fire__posVideo4.873,FS_fire,positive,indoor,0.92,1,65.231,0.067
Positive-aware s42,3-of-5,30.0,FS_fire__posVideo5.874,FS_fire,positive,indoor,1.34,1,44.862,0.067
Positive-aware s42,3-of-5,30.0,FS_fire__posVideo6.875,FS_fire,positive,outdoor,0.43,1,140.078,0.3
Positive-aware s42,3-of-5,30.0,FS_fire__posVideo7.876,FS_fire,positive,outdoor,0.91,1,65.934,16.7
Positive-aware s42,3-of-5,30.0,FS_fire__posVideo8.877,FS_fire,positive,outdoor,0.28,1,210.727,0.067
Positive-aware s42,3-of-5,30.0,FS_fire__posVideo9.878,FS_fire,positive,outdoor,0.37,1,162.979,0.067
Positive-aware s42,3-of-5,30.0,FS_smoke__testpos01.817,FS_smoke,positive,outdoor,0.28,1,212.807,1.792
Positive-aware s42,3-of-5,30.0,FS_smoke__testpos02.818,FS_smoke,positive,outdoor,0.96,0,0.0,
Positive-aware s42,3-of-5,30.0,FS_smoke__testpos04.820,FS_smoke,positive,outdoor,1.31,1,45.848,0.08
Positive-aware s42,3-of-5,30.0,FS_smoke__testpos05.821,FS_smoke,positive,indoor,1.82,1,32.916,4.051
Positive-aware s42,3-of-5,30.0,FS_smoke__testpos06.822,FS_smoke,positive,outdoor,0.33,0,0.0,
Positive-aware s42,3-of-5,30.0,FS_smoke__testpos07.823,FS_smoke,positive,outdoor,1.17,0,0.0,
Positive-aware s42,3-of-5,30.0,FS_smoke__testpos08.824,FS_smoke,positive,outdoor,0.4,1,149.171,8.333
Positive-aware s42,3-of-5,30.0,FS_smoke__testpos09.825,FS_smoke,positive,outdoor,0.46,1,130.592,0.133
Positive-aware s42,3-of-5,30.0,FS_smoke__testpos10.826,FS_smoke,positive,outdoor,0.82,1,73.496,0.334
Positive-aware s42,3-of-5,30.0,FS_smoke__testpos11.827,FS_smoke,positive,outdoor,0.45,1,133.136,0.52
Positive-aware s42,3-of-5,30.0,FS_smoke__testpos12.828,FS_smoke,positive,outdoor,0.2,1,298.572,0.067
Positive-aware s42,3-of-5,30.0,FS_smoke__testpos13.829,FS_smoke,positive,outdoor,0.26,1,233.533,0.167
Positive-aware + KD s42,1-of-1,0.0,KMU_like__smoke_or_flame_like_object_1,KMU_like,negative,indoor,0.12,0,0.0,
Positive-aware + KD s42,1-of-1,0.0,KMU_like__smoke_or_flame_like_object_10,KMU_like,negative,outdoor,1.27,0,0.0,
Positive-aware + KD s42,1-of-1,0.0,KMU_like__smoke_or_flame_like_object_2,KMU_like,negative,outdoor,0.37,0,0.0,
Positive-aware + KD s42,1-of-1,0.0,KMU_like__smoke_or_flame_like_object_3,KMU_like,negative,indoor,0.6,0,0.0,
Positive-aware + KD s42,1-of-1,0.0,KMU_like__smoke_or_flame_like_object_4,KMU_like,negative,outdoor,0.63,0,0.0,
Positive-aware + KD s42,1-of-1,0.0,KMU_like__smoke_or_flame_like_object_5,KMU_like,negative,outdoor,5.71,0,0.0,
Positive-aware + KD s42,1-of-1,0.0,KMU_like__smoke_or_flame_like_object_6,KMU_like,negative,outdoor,5.08,0,0.0,
Positive-aware + KD s42,1-of-1,0.0,KMU_like__smoke_or_flame_like_object_7,KMU_like,negative,outdoor,1.4,0,0.0,
Positive-aware + KD s42,1-of-1,0.0,KMU_like__smoke_or_flame_like_object_8,KMU_like,negative,outdoor,0.59,0,0.0,
Positive-aware + KD s42,1-of-1,0.0,KMU_like__smoke_or_flame_like_object_9,KMU_like,negative,outdoor,1.95,0,0.0,
Positive-aware + KD s42,1-of-1,0.0,FS_fire__negsVideo1.858,FS_fire,negative,mixed,3.15,4,76.157,7.167
Positive-aware + KD s42,1-of-1,0.0,FS_fire__negsVideo12.1074,FS_fire,negative,outdoor,0.43,0,0.0,
Positive-aware + KD s42,1-of-1,0.0,FS_fire__negsVideo16.1077,FS_fire,negative,outdoor,0.18,0,0.0,
Positive-aware + KD s42,1-of-1,0.0,FS_fire__negsVideo2.859,FS_fire,negative,outdoor,0.26,3,701.299,3.2
Positive-aware + KD s42,1-of-1,0.0,FS_fire__negsVideo3.860,FS_fire,negative,outdoor,0.27,0,0.0,
Positive-aware + KD s42,1-of-1,0.0,FS_fire__negsVideo4.861,FS_fire,negative,indoor,1.07,0,0.0,
Positive-aware + KD s42,1-of-1,0.0,FS_fire__negsVideo5.862,FS_fire,negative,outdoor,0.24,6,1479.452,3.533
Positive-aware + KD s42,1-of-1,0.0,FS_fire__negsVideo6.863,FS_fire,negative,outdoor,0.76,0,0.0,
Positive-aware + KD s42,1-of-1,0.0,FS_fire__negsVideo7.864,FS_fire,negative,indoor,0.3,4,800.0,1.833
Positive-aware + KD s42,1-of-1,0.0,FS_fire__negsVideo8.865,FS_fire,negative,outdoor,2.09,62,1779.072,14.848
Positive-aware + KD s42,1-of-1,0.0,FS_fire__negsVideo9.866,FS_fire,negative,outdoor,0.43,0,0.0,
Positive-aware + KD s42,1-of-1,0.0,FS_smoke__testneg01.807,FS_smoke,negative,outdoor,0.17,0,0.0,
Positive-aware + KD s42,1-of-1,0.0,FS_smoke__testneg02.808,FS_smoke,negative,outdoor,0.75,0,0.0,
Positive-aware + KD s42,1-of-1,0.0,FS_smoke__testneg03.809,FS_smoke,negative,indoor,0.1,0,0.0,
Positive-aware + KD s42,1-of-1,0.0,FS_smoke__testneg04.810,FS_smoke,negative,outdoor,1.89,0,0.0,
Positive-aware + KD s42,1-of-1,0.0,FS_smoke__testneg05.811,FS_smoke,negative,outdoor,0.17,0,0.0,
Positive-aware + KD s42,1-of-1,0.0,FS_smoke__testneg06.812,FS_smoke,negative,outdoor,0.17,0,0.0,
Positive-aware + KD s42,1-of-1,0.0,FS_smoke__testneg07.813,FS_smoke,negative,outdoor,0.52,0,0.0,
Positive-aware + KD s42,1-of-1,0.0,FS_smoke__testneg08.814,FS_smoke,negative,outdoor,0.5,0,0.0,
Positive-aware + KD s42,1-of-1,0.0,FS_smoke__testneg09.815,FS_smoke,negative,outdoor,0.48,0,0.0,
Positive-aware + KD s42,1-of-1,0.0,FS_fire__posVideo1.868,FS_fire,positive,outdoor,0.49,62,7643.836,0.0
Positive-aware + KD s42,1-of-1,0.0,FS_fire__posVideo10.869,FS_fire,positive,outdoor,0.13,3,1383.232,0.0
Positive-aware + KD s42,1-of-1,0.0,FS_fire__posVideo11.870,FS_fire,positive,outdoor,0.2,0,0.0,
Positive-aware + KD s42,1-of-1,0.0,FS_fire__posVideo2.871,FS_fire,positive,indoor,0.28,12,2543.63,0.0
Positive-aware + KD s42,1-of-1,0.0,FS_fire__posVideo3.872,FS_fire,positive,outdoor,0.21,24,6814.256,0.5
Positive-aware + KD s42,1-of-1,0.0,FS_fire__posVideo4.873,FS_fire,positive,indoor,0.92,29,1891.698,0.0
Positive-aware + KD s42,1-of-1,0.0,FS_fire__posVideo5.874,FS_fire,positive,indoor,1.34,80,3588.928,0.0
Positive-aware + KD s42,1-of-1,0.0,FS_fire__posVideo6.875,FS_fire,positive,outdoor,0.43,13,1821.012,0.0
Positive-aware + KD s42,1-of-1,0.0,FS_fire__posVideo7.876,FS_fire,positive,outdoor,0.91,6,395.604,9.6
Positive-aware + KD s42,1-of-1,0.0,FS_fire__posVideo8.877,FS_fire,positive,outdoor,0.28,19,4003.817,0.033
Positive-aware + KD s42,1-of-1,0.0,FS_fire__posVideo9.878,FS_fire,positive,outdoor,0.37,71,11571.528,0.0
Positive-aware + KD s42,1-of-1,0.0,FS_smoke__testpos01.817,FS_smoke,positive,outdoor,0.28,14,2979.304,6.458
Positive-aware + KD s42,1-of-1,0.0,FS_smoke__testpos02.818,FS_smoke,positive,outdoor,0.96,1,62.474,12.813
Positive-aware + KD s42,1-of-1,0.0,FS_smoke__testpos04.820,FS_smoke,positive,outdoor,1.31,75,3438.614,4.2
Positive-aware + KD s42,1-of-1,0.0,FS_smoke__testpos05.821,FS_smoke,positive,indoor,1.82,9,296.242,1.279
Positive-aware + KD s42,1-of-1,0.0,FS_smoke__testpos06.822,FS_smoke,positive,outdoor,0.33,2,360.0,0.0
Positive-aware + KD s42,1-of-1,0.0,FS_smoke__testpos07.823,FS_smoke,positive,outdoor,1.17,2,102.857,66.8
Positive-aware + KD s42,1-of-1,0.0,FS_smoke__testpos08.824,FS_smoke,positive,outdoor,0.4,13,1939.229,8.533
Positive-aware + KD s42,1-of-1,0.0,FS_smoke__testpos09.825,FS_smoke,positive,outdoor,0.46,40,5223.694,0.533
Positive-aware + KD s42,1-of-1,0.0,FS_smoke__testpos10.826,FS_smoke,positive,outdoor,0.82,60,4409.756,3.136
Positive-aware + KD s42,1-of-1,0.0,FS_smoke__testpos11.827,FS_smoke,positive,outdoor,0.45,11,1464.497,0.84
Positive-aware + KD s42,1-of-1,0.0,FS_smoke__testpos12.828,FS_smoke,positive,outdoor,0.2,22,6568.58,0.0
Positive-aware + KD s42,1-of-1,0.0,FS_smoke__testpos13.829,FS_smoke,positive,outdoor,0.26,26,6071.85,0.0
Positive-aware + KD s42,3-of-5,0.0,KMU_like__smoke_or_flame_like_object_1,KMU_like,negative,indoor,0.12,0,0.0,
Positive-aware + KD s42,3-of-5,0.0,KMU_like__smoke_or_flame_like_object_10,KMU_like,negative,outdoor,1.27,0,0.0,
Positive-aware + KD s42,3-of-5,0.0,KMU_like__smoke_or_flame_like_object_2,KMU_like,negative,outdoor,0.37,0,0.0,
Positive-aware + KD s42,3-of-5,0.0,KMU_like__smoke_or_flame_like_object_3,KMU_like,negative,indoor,0.6,0,0.0,
Positive-aware + KD s42,3-of-5,0.0,KMU_like__smoke_or_flame_like_object_4,KMU_like,negative,outdoor,0.63,0,0.0,
Positive-aware + KD s42,3-of-5,0.0,KMU_like__smoke_or_flame_like_object_5,KMU_like,negative,outdoor,5.71,0,0.0,
Positive-aware + KD s42,3-of-5,0.0,KMU_like__smoke_or_flame_like_object_6,KMU_like,negative,outdoor,5.08,0,0.0,
Positive-aware + KD s42,3-of-5,0.0,KMU_like__smoke_or_flame_like_object_7,KMU_like,negative,outdoor,1.4,0,0.0,
Positive-aware + KD s42,3-of-5,0.0,KMU_like__smoke_or_flame_like_object_8,KMU_like,negative,outdoor,0.59,0,0.0,
Positive-aware + KD s42,3-of-5,0.0,KMU_like__smoke_or_flame_like_object_9,KMU_like,negative,outdoor,1.95,0,0.0,
Positive-aware + KD s42,3-of-5,0.0,FS_fire__negsVideo1.858,FS_fire,negative,mixed,3.15,1,19.039,7.958
Positive-aware + KD s42,3-of-5,0.0,FS_fire__negsVideo12.1074,FS_fire,negative,outdoor,0.43,0,0.0,
Positive-aware + KD s42,3-of-5,0.0,FS_fire__negsVideo16.1077,FS_fire,negative,outdoor,0.18,0,0.0,
Positive-aware + KD s42,3-of-5,0.0,FS_fire__negsVideo2.859,FS_fire,negative,outdoor,0.26,0,0.0,
Positive-aware + KD s42,3-of-5,0.0,FS_fire__negsVideo3.860,FS_fire,negative,outdoor,0.27,0,0.0,
Positive-aware + KD s42,3-of-5,0.0,FS_fire__negsVideo4.861,FS_fire,negative,indoor,1.07,0,0.0,
Positive-aware + KD s42,3-of-5,0.0,FS_fire__negsVideo5.862,FS_fire,negative,outdoor,0.24,1,246.575,14.133
Positive-aware + KD s42,3-of-5,0.0,FS_fire__negsVideo6.863,FS_fire,negative,outdoor,0.76,0,0.0,
Positive-aware + KD s42,3-of-5,0.0,FS_fire__negsVideo7.864,FS_fire,negative,indoor,0.3,1,200.0,16.433
Positive-aware + KD s42,3-of-5,0.0,FS_fire__negsVideo8.865,FS_fire,negative,outdoor,2.09,4,114.779,45.145
Positive-aware + KD s42,3-of-5,0.0,FS_fire__negsVideo9.866,FS_fire,negative,outdoor,0.43,0,0.0,
Positive-aware + KD s42,3-of-5,0.0,FS_smoke__testneg01.807,FS_smoke,negative,outdoor,0.17,0,0.0,
Positive-aware + KD s42,3-of-5,0.0,FS_smoke__testneg02.808,FS_smoke,negative,outdoor,0.75,0,0.0,
Positive-aware + KD s42,3-of-5,0.0,FS_smoke__testneg03.809,FS_smoke,negative,indoor,0.1,0,0.0,
Positive-aware + KD s42,3-of-5,0.0,FS_smoke__testneg04.810,FS_smoke,negative,outdoor,1.89,0,0.0,
Positive-aware + KD s42,3-of-5,0.0,FS_smoke__testneg05.811,FS_smoke,negative,outdoor,0.17,0,0.0,
Positive-aware + KD s42,3-of-5,0.0,FS_smoke__testneg06.812,FS_smoke,negative,outdoor,0.17,0,0.0,
Positive-aware + KD s42,3-of-5,0.0,FS_smoke__testneg07.813,FS_smoke,negative,outdoor,0.52,0,0.0,
Positive-aware + KD s42,3-of-5,0.0,FS_smoke__testneg08.814,FS_smoke,negative,outdoor,0.5,0,0.0,
Positive-aware + KD s42,3-of-5,0.0,FS_smoke__testneg09.815,FS_smoke,negative,outdoor,0.48,0,0.0,
Positive-aware + KD s42,3-of-5,0.0,FS_fire__posVideo1.868,FS_fire,positive,outdoor,0.49,10,1232.877,0.6
Positive-aware + KD s42,3-of-5,0.0,FS_fire__posVideo10.869,FS_fire,positive,outdoor,0.13,1,461.077,0.067
Positive-aware + KD s42,3-of-5,0.0,FS_fire__posVideo11.870,FS_fire,positive,outdoor,0.2,0,0.0,
Positive-aware + KD s42,3-of-5,0.0,FS_fire__posVideo2.871,FS_fire,positive,indoor,0.28,2,423.938,0.067
Positive-aware + KD s42,3-of-5,0.0,FS_fire__posVideo3.872,FS_fire,positive,outdoor,0.21,9,2555.346,1.068
Positive-aware + KD s42,3-of-5,0.0,FS_fire__posVideo4.873,FS_fire,positive,indoor,0.92,1,65.231,0.067
Positive-aware + KD s42,3-of-5,0.0,FS_fire__posVideo5.874,FS_fire,positive,indoor,1.34,1,44.862,0.067
Positive-aware + KD s42,3-of-5,0.0,FS_fire__posVideo6.875,FS_fire,positive,outdoor,0.43,0,0.0,
Positive-aware + KD s42,3-of-5,0.0,FS_fire__posVideo7.876,FS_fire,positive,outdoor,0.91,1,65.934,26.9
Positive-aware + KD s42,3-of-5,0.0,FS_fire__posVideo8.877,FS_fire,positive,outdoor,0.28,1,210.727,0.1
Positive-aware + KD s42,3-of-5,0.0,FS_fire__posVideo9.878,FS_fire,positive,outdoor,0.37,16,2607.668,0.067
Positive-aware + KD s42,3-of-5,0.0,FS_smoke__testpos01.817,FS_smoke,positive,outdoor,0.28,4,851.23,6.75
Positive-aware + KD s42,3-of-5,0.0,FS_smoke__testpos02.818,FS_smoke,positive,outdoor,0.96,0,0.0,
Positive-aware + KD s42,3-of-5,0.0,FS_smoke__testpos04.820,FS_smoke,positive,outdoor,1.31,18,825.267,4.28
Positive-aware + KD s42,3-of-5,0.0,FS_smoke__testpos05.821,FS_smoke,positive,indoor,1.82,2,65.832,3.624
Positive-aware + KD s42,3-of-5,0.0,FS_smoke__testpos06.822,FS_smoke,positive,outdoor,0.33,1,180.0,13.7
Positive-aware + KD s42,3-of-5,0.0,FS_smoke__testpos07.823,FS_smoke,positive,outdoor,1.17,0,0.0,
Positive-aware + KD s42,3-of-5,0.0,FS_smoke__testpos08.824,FS_smoke,positive,outdoor,0.4,4,596.686,8.667
Positive-aware + KD s42,3-of-5,0.0,FS_smoke__testpos09.825,FS_smoke,positive,outdoor,0.46,10,1305.923,2.0
Positive-aware + KD s42,3-of-5,0.0,FS_smoke__testpos10.826,FS_smoke,positive,outdoor,0.82,18,1322.927,7.207
Positive-aware + KD s42,3-of-5,0.0,FS_smoke__testpos11.827,FS_smoke,positive,outdoor,0.45,6,798.817,0.92
Positive-aware + KD s42,3-of-5,0.0,FS_smoke__testpos12.828,FS_smoke,positive,outdoor,0.2,3,895.715,0.067
Positive-aware + KD s42,3-of-5,0.0,FS_smoke__testpos13.829,FS_smoke,positive,outdoor,0.26,8,1868.262,0.067
Positive-aware + KD s42,3-of-5,30.0,KMU_like__smoke_or_flame_like_object_1,KMU_like,negative,indoor,0.12,0,0.0,
Positive-aware + KD s42,3-of-5,30.0,KMU_like__smoke_or_flame_like_object_10,KMU_like,negative,outdoor,1.27,0,0.0,
Positive-aware + KD s42,3-of-5,30.0,KMU_like__smoke_or_flame_like_object_2,KMU_like,negative,outdoor,0.37,0,0.0,
Positive-aware + KD s42,3-of-5,30.0,KMU_like__smoke_or_flame_like_object_3,KMU_like,negative,indoor,0.6,0,0.0,
Positive-aware + KD s42,3-of-5,30.0,KMU_like__smoke_or_flame_like_object_4,KMU_like,negative,outdoor,0.63,0,0.0,
Positive-aware + KD s42,3-of-5,30.0,KMU_like__smoke_or_flame_like_object_5,KMU_like,negative,outdoor,5.71,0,0.0,
Positive-aware + KD s42,3-of-5,30.0,KMU_like__smoke_or_flame_like_object_6,KMU_like,negative,outdoor,5.08,0,0.0,
Positive-aware + KD s42,3-of-5,30.0,KMU_like__smoke_or_flame_like_object_7,KMU_like,negative,outdoor,1.4,0,0.0,
Positive-aware + KD s42,3-of-5,30.0,KMU_like__smoke_or_flame_like_object_8,KMU_like,negative,outdoor,0.59,0,0.0,
Positive-aware + KD s42,3-of-5,30.0,KMU_like__smoke_or_flame_like_object_9,KMU_like,negative,outdoor,1.95,0,0.0,
Positive-aware + KD s42,3-of-5,30.0,FS_fire__negsVideo1.858,FS_fire,negative,mixed,3.15,1,19.039,7.958
Positive-aware + KD s42,3-of-5,30.0,FS_fire__negsVideo12.1074,FS_fire,negative,outdoor,0.43,0,0.0,
Positive-aware + KD s42,3-of-5,30.0,FS_fire__negsVideo16.1077,FS_fire,negative,outdoor,0.18,0,0.0,
Positive-aware + KD s42,3-of-5,30.0,FS_fire__negsVideo2.859,FS_fire,negative,outdoor,0.26,0,0.0,
Positive-aware + KD s42,3-of-5,30.0,FS_fire__negsVideo3.860,FS_fire,negative,outdoor,0.27,0,0.0,
Positive-aware + KD s42,3-of-5,30.0,FS_fire__negsVideo4.861,FS_fire,negative,indoor,1.07,0,0.0,
Positive-aware + KD s42,3-of-5,30.0,FS_fire__negsVideo5.862,FS_fire,negative,outdoor,0.24,1,246.575,14.133
Positive-aware + KD s42,3-of-5,30.0,FS_fire__negsVideo6.863,FS_fire,negative,outdoor,0.76,0,0.0,
Positive-aware + KD s42,3-of-5,30.0,FS_fire__negsVideo7.864,FS_fire,negative,indoor,0.3,1,200.0,16.433
Positive-aware + KD s42,3-of-5,30.0,FS_fire__negsVideo8.865,FS_fire,negative,outdoor,2.09,1,28.695,45.145
Positive-aware + KD s42,3-of-5,30.0,FS_fire__negsVideo9.866,FS_fire,negative,outdoor,0.43,0,0.0,
Positive-aware + KD s42,3-of-5,30.0,FS_smoke__testneg01.807,FS_smoke,negative,outdoor,0.17,0,0.0,
Positive-aware + KD s42,3-of-5,30.0,FS_smoke__testneg02.808,FS_smoke,negative,outdoor,0.75,0,0.0,
Positive-aware + KD s42,3-of-5,30.0,FS_smoke__testneg03.809,FS_smoke,negative,indoor,0.1,0,0.0,
Positive-aware + KD s42,3-of-5,30.0,FS_smoke__testneg04.810,FS_smoke,negative,outdoor,1.89,0,0.0,
Positive-aware + KD s42,3-of-5,30.0,FS_smoke__testneg05.811,FS_smoke,negative,outdoor,0.17,0,0.0,
Positive-aware + KD s42,3-of-5,30.0,FS_smoke__testneg06.812,FS_smoke,negative,outdoor,0.17,0,0.0,
Positive-aware + KD s42,3-of-5,30.0,FS_smoke__testneg07.813,FS_smoke,negative,outdoor,0.52,0,0.0,
Positive-aware + KD s42,3-of-5,30.0,FS_smoke__testneg08.814,FS_smoke,negative,outdoor,0.5,0,0.0,
Positive-aware + KD s42,3-of-5,30.0,FS_smoke__testneg09.815,FS_smoke,negative,outdoor,0.48,0,0.0,
Positive-aware + KD s42,3-of-5,30.0,FS_fire__posVideo1.868,FS_fire,positive,outdoor,0.49,1,123.288,0.6
Positive-aware + KD s42,3-of-5,30.0,FS_fire__posVideo10.869,FS_fire,positive,outdoor,0.13,1,461.077,0.067
Positive-aware + KD s42,3-of-5,30.0,FS_fire__posVideo11.870,FS_fire,positive,outdoor,0.2,0,0.0,
Positive-aware + KD s42,3-of-5,30.0,FS_fire__posVideo2.871,FS_fire,positive,indoor,0.28,1,211.969,0.067
Positive-aware + KD s42,3-of-5,30.0,FS_fire__posVideo3.872,FS_fire,positive,outdoor,0.21,1,283.927,1.068
Positive-aware + KD s42,3-of-5,30.0,FS_fire__posVideo4.873,FS_fire,positive,indoor,0.92,1,65.231,0.067
Positive-aware + KD s42,3-of-5,30.0,FS_fire__posVideo5.874,FS_fire,positive,indoor,1.34,1,44.862,0.067
Positive-aware + KD s42,3-of-5,30.0,FS_fire__posVideo6.875,FS_fire,positive,outdoor,0.43,0,0.0,
Positive-aware + KD s42,3-of-5,30.0,FS_fire__posVideo7.876,FS_fire,positive,outdoor,0.91,1,65.934,26.9
Positive-aware + KD s42,3-of-5,30.0,FS_fire__posVideo8.877,FS_fire,positive,outdoor,0.28,1,210.727,0.1
Positive-aware + KD s42,3-of-5,30.0,FS_fire__posVideo9.878,FS_fire,positive,outdoor,0.37,1,162.979,0.067
Positive-aware + KD s42,3-of-5,30.0,FS_smoke__testpos01.817,FS_smoke,positive,outdoor,0.28,1,212.807,6.75
Positive-aware + KD s42,3-of-5,30.0,FS_smoke__testpos02.818,FS_smoke,positive,outdoor,0.96,0,0.0,
Positive-aware + KD s42,3-of-5,30.0,FS_smoke__testpos04.820,FS_smoke,positive,outdoor,1.31,1,45.848,4.28
Positive-aware + KD s42,3-of-5,30.0,FS_smoke__testpos05.821,FS_smoke,positive,indoor,1.82,1,32.916,3.624
Positive-aware + KD s42,3-of-5,30.0,FS_smoke__testpos06.822,FS_smoke,positive,outdoor,0.33,1,180.0,13.7
Positive-aware + KD s42,3-of-5,30.0,FS_smoke__testpos07.823,FS_smoke,positive,outdoor,1.17,0,0.0,
Positive-aware + KD s42,3-of-5,30.0,FS_smoke__testpos08.824,FS_smoke,positive,outdoor,0.4,1,149.171,8.667
Positive-aware + KD s42,3-of-5,30.0,FS_smoke__testpos09.825,FS_smoke,positive,outdoor,0.46,1,130.592,2.0
Positive-aware + KD s42,3-of-5,30.0,FS_smoke__testpos10.826,FS_smoke,positive,outdoor,0.82,1,73.496,7.207
Positive-aware + KD s42,3-of-5,30.0,FS_smoke__testpos11.827,FS_smoke,positive,outdoor,0.45,1,133.136,0.92
Positive-aware + KD s42,3-of-5,30.0,FS_smoke__testpos12.828,FS_smoke,positive,outdoor,0.2,1,298.572,0.067
Positive-aware + KD s42,3-of-5,30.0,FS_smoke__testpos13.829,FS_smoke,positive,outdoor,0.26,1,233.533,0.067
Union + KD s42,1-of-1,0.0,KMU_like__smoke_or_flame_like_object_1,KMU_like,negative,indoor,0.12,0,0.0,
Union + KD s42,1-of-1,0.0,KMU_like__smoke_or_flame_like_object_10,KMU_like,negative,outdoor,1.27,0,0.0,
Union + KD s42,1-of-1,0.0,KMU_like__smoke_or_flame_like_object_2,KMU_like,negative,outdoor,0.37,0,0.0,
Union + KD s42,1-of-1,0.0,KMU_like__smoke_or_flame_like_object_3,KMU_like,negative,indoor,0.6,0,0.0,
Union + KD s42,1-of-1,0.0,KMU_like__smoke_or_flame_like_object_4,KMU_like,negative,outdoor,0.63,0,0.0,
Union + KD s42,1-of-1,0.0,KMU_like__smoke_or_flame_like_object_5,KMU_like,negative,outdoor,5.71,0,0.0,
Union + KD s42,1-of-1,0.0,KMU_like__smoke_or_flame_like_object_6,KMU_like,negative,outdoor,5.08,0,0.0,
Union + KD s42,1-of-1,0.0,KMU_like__smoke_or_flame_like_object_7,KMU_like,negative,outdoor,1.4,0,0.0,
Union + KD s42,1-of-1,0.0,KMU_like__smoke_or_flame_like_object_8,KMU_like,negative,outdoor,0.59,0,0.0,
Union + KD s42,1-of-1,0.0,KMU_like__smoke_or_flame_like_object_9,KMU_like,negative,outdoor,1.95,0,0.0,
Union + KD s42,1-of-1,0.0,FS_fire__negsVideo1.858,FS_fire,negative,mixed,3.15,3,57.118,16.625
Union + KD s42,1-of-1,0.0,FS_fire__negsVideo12.1074,FS_fire,negative,outdoor,0.43,4,552.563,24.638
Union + KD s42,1-of-1,0.0,FS_fire__negsVideo16.1077,FS_fire,negative,outdoor,0.18,0,0.0,
Union + KD s42,1-of-1,0.0,FS_fire__negsVideo2.859,FS_fire,negative,outdoor,0.26,2,467.532,0.0
Union + KD s42,1-of-1,0.0,FS_fire__negsVideo3.860,FS_fire,negative,outdoor,0.27,2,452.83,3.7
Union + KD s42,1-of-1,0.0,FS_fire__negsVideo4.861,FS_fire,negative,indoor,1.07,4,223.834,37.733
Union + KD s42,1-of-1,0.0,FS_fire__negsVideo5.862,FS_fire,negative,outdoor,0.24,7,1726.027,3.6
Union + KD s42,1-of-1,0.0,FS_fire__negsVideo6.863,FS_fire,negative,outdoor,0.76,0,0.0,
Union + KD s42,1-of-1,0.0,FS_fire__negsVideo7.864,FS_fire,negative,indoor,0.3,7,1400.0,1.867
Union + KD s42,1-of-1,0.0,FS_fire__negsVideo8.865,FS_fire,negative,outdoor,2.09,54,1549.514,14.781
Union + KD s42,1-of-1,0.0,FS_fire__negsVideo9.866,FS_fire,negative,outdoor,0.43,0,0.0,
Union + KD s42,1-of-1,0.0,FS_smoke__testneg01.807,FS_smoke,negative,outdoor,0.17,0,0.0,
Union + KD s42,1-of-1,0.0,FS_smoke__testneg02.808,FS_smoke,negative,outdoor,0.75,0,0.0,
Union + KD s42,1-of-1,0.0,FS_smoke__testneg03.809,FS_smoke,negative,indoor,0.1,0,0.0,
Union + KD s42,1-of-1,0.0,FS_smoke__testneg04.810,FS_smoke,negative,outdoor,1.89,0,0.0,
Union + KD s42,1-of-1,0.0,FS_smoke__testneg05.811,FS_smoke,negative,outdoor,0.17,0,0.0,
Union + KD s42,1-of-1,0.0,FS_smoke__testneg06.812,FS_smoke,negative,outdoor,0.17,0,0.0,
Union + KD s42,1-of-1,0.0,FS_smoke__testneg07.813,FS_smoke,negative,outdoor,0.52,0,0.0,
Union + KD s42,1-of-1,0.0,FS_smoke__testneg08.814,FS_smoke,negative,outdoor,0.5,0,0.0,
Union + KD s42,1-of-1,0.0,FS_smoke__testneg09.815,FS_smoke,negative,outdoor,0.48,0,0.0,
Union + KD s42,1-of-1,0.0,FS_fire__posVideo1.868,FS_fire,positive,outdoor,0.49,31,3821.918,0.0
Union + KD s42,1-of-1,0.0,FS_fire__posVideo10.869,FS_fire,positive,outdoor,0.13,0,0.0,
Union + KD s42,1-of-1,0.0,FS_fire__posVideo11.870,FS_fire,positive,outdoor,0.2,0,0.0,
Union + KD s42,1-of-1,0.0,FS_fire__posVideo2.871,FS_fire,positive,indoor,0.28,20,4239.384,0.0
Union + KD s42,1-of-1,0.0,FS_fire__posVideo3.872,FS_fire,positive,outdoor,0.21,15,4258.91,0.0
Union + KD s42,1-of-1,0.0,FS_fire__posVideo4.873,FS_fire,positive,indoor,0.92,6,391.386,0.0
Union + KD s42,1-of-1,0.0,FS_fire__posVideo5.874,FS_fire,positive,indoor,1.34,33,1480.433,0.0
Union + KD s42,1-of-1,0.0,FS_fire__posVideo6.875,FS_fire,positive,outdoor,0.43,41,5743.191,0.2
Union + KD s42,1-of-1,0.0,FS_fire__posVideo7.876,FS_fire,positive,outdoor,0.91,0,0.0,
Union + KD s42,1-of-1,0.0,FS_fire__posVideo8.877,FS_fire,positive,outdoor,0.28,33,6953.997,0.0
Union + KD s42,1-of-1,0.0,FS_fire__posVideo9.878,FS_fire,positive,outdoor,0.37,88,14342.175,0.0
Union + KD s42,1-of-1,0.0,FS_smoke__testpos01.817,FS_smoke,positive,outdoor,0.28,11,2340.882,3.333
Union + KD s42,1-of-1,0.0,FS_smoke__testpos02.818,FS_smoke,positive,outdoor,0.96,30,1874.213,7.608
Union + KD s42,1-of-1,0.0,FS_smoke__testpos04.820,FS_smoke,positive,outdoor,1.31,86,3942.944,0.64
Union + KD s42,1-of-1,0.0,FS_smoke__testpos05.821,FS_smoke,positive,indoor,1.82,3,98.747,1.919
Union + KD s42,1-of-1,0.0,FS_smoke__testpos06.822,FS_smoke,positive,outdoor,0.33,6,1080.0,0.0
Union + KD s42,1-of-1,0.0,FS_smoke__testpos07.823,FS_smoke,positive,outdoor,1.17,7,360.0,7.5
Union + KD s42,1-of-1,0.0,FS_smoke__testpos08.824,FS_smoke,positive,outdoor,0.4,17,2535.915,0.8
Union + KD s42,1-of-1,0.0,FS_smoke__testpos09.825,FS_smoke,positive,outdoor,0.46,43,5615.471,0.067
Union + KD s42,1-of-1,0.0,FS_smoke__testpos10.826,FS_smoke,positive,outdoor,0.82,64,4703.74,0.0
Union + KD s42,1-of-1,0.0,FS_smoke__testpos11.827,FS_smoke,positive,outdoor,0.45,17,2263.314,0.12
Union + KD s42,1-of-1,0.0,FS_smoke__testpos12.828,FS_smoke,positive,outdoor,0.2,18,5374.293,0.0
Union + KD s42,1-of-1,0.0,FS_smoke__testpos13.829,FS_smoke,positive,outdoor,0.26,31,7239.514,0.0
Union + KD s42,3-of-5,0.0,KMU_like__smoke_or_flame_like_object_1,KMU_like,negative,indoor,0.12,0,0.0,
Union + KD s42,3-of-5,0.0,KMU_like__smoke_or_flame_like_object_10,KMU_like,negative,outdoor,1.27,0,0.0,
Union + KD s42,3-of-5,0.0,KMU_like__smoke_or_flame_like_object_2,KMU_like,negative,outdoor,0.37,0,0.0,
Union + KD s42,3-of-5,0.0,KMU_like__smoke_or_flame_like_object_3,KMU_like,negative,indoor,0.6,0,0.0,
Union + KD s42,3-of-5,0.0,KMU_like__smoke_or_flame_like_object_4,KMU_like,negative,outdoor,0.63,0,0.0,
Union + KD s42,3-of-5,0.0,KMU_like__smoke_or_flame_like_object_5,KMU_like,negative,outdoor,5.71,0,0.0,
Union + KD s42,3-of-5,0.0,KMU_like__smoke_or_flame_like_object_6,KMU_like,negative,outdoor,5.08,0,0.0,
Union + KD s42,3-of-5,0.0,KMU_like__smoke_or_flame_like_object_7,KMU_like,negative,outdoor,1.4,0,0.0,
Union + KD s42,3-of-5,0.0,KMU_like__smoke_or_flame_like_object_8,KMU_like,negative,outdoor,0.59,0,0.0,
Union + KD s42,3-of-5,0.0,KMU_like__smoke_or_flame_like_object_9,KMU_like,negative,outdoor,1.95,0,0.0,
Union + KD s42,3-of-5,0.0,FS_fire__negsVideo1.858,FS_fire,negative,mixed,3.15,1,19.039,54.458
Union + KD s42,3-of-5,0.0,FS_fire__negsVideo12.1074,FS_fire,negative,outdoor,0.43,2,276.281,24.994
Union + KD s42,3-of-5,0.0,FS_fire__negsVideo16.1077,FS_fire,negative,outdoor,0.18,0,0.0,
Union + KD s42,3-of-5,0.0,FS_fire__negsVideo2.859,FS_fire,negative,outdoor,0.26,2,467.532,0.2
Union + KD s42,3-of-5,0.0,FS_fire__negsVideo3.860,FS_fire,negative,outdoor,0.27,0,0.0,
Union + KD s42,3-of-5,0.0,FS_fire__negsVideo4.861,FS_fire,negative,indoor,1.07,1,55.959,37.867
Union + KD s42,3-of-5,0.0,FS_fire__negsVideo5.862,FS_fire,negative,outdoor,0.24,3,739.726,3.767
Union + KD s42,3-of-5,0.0,FS_fire__negsVideo6.863,FS_fire,negative,outdoor,0.76,0,0.0,
Union + KD s42,3-of-5,0.0,FS_fire__negsVideo7.864,FS_fire,negative,indoor,0.3,0,0.0,
Union + KD s42,3-of-5,0.0,FS_fire__negsVideo8.865,FS_fire,negative,outdoor,2.09,10,286.947,23.123
Union + KD s42,3-of-5,0.0,FS_fire__negsVideo9.866,FS_fire,negative,outdoor,0.43,0,0.0,
Union + KD s42,3-of-5,0.0,FS_smoke__testneg01.807,FS_smoke,negative,outdoor,0.17,0,0.0,
Union + KD s42,3-of-5,0.0,FS_smoke__testneg02.808,FS_smoke,negative,outdoor,0.75,0,0.0,
Union + KD s42,3-of-5,0.0,FS_smoke__testneg03.809,FS_smoke,negative,indoor,0.1,0,0.0,
Union + KD s42,3-of-5,0.0,FS_smoke__testneg04.810,FS_smoke,negative,outdoor,1.89,0,0.0,
Union + KD s42,3-of-5,0.0,FS_smoke__testneg05.811,FS_smoke,negative,outdoor,0.17,0,0.0,
Union + KD s42,3-of-5,0.0,FS_smoke__testneg06.812,FS_smoke,negative,outdoor,0.17,0,0.0,
Union + KD s42,3-of-5,0.0,FS_smoke__testneg07.813,FS_smoke,negative,outdoor,0.52,0,0.0,
Union + KD s42,3-of-5,0.0,FS_smoke__testneg08.814,FS_smoke,negative,outdoor,0.5,0,0.0,
Union + KD s42,3-of-5,0.0,FS_smoke__testneg09.815,FS_smoke,negative,outdoor,0.48,0,0.0,
Union + KD s42,3-of-5,0.0,FS_fire__posVideo1.868,FS_fire,positive,outdoor,0.49,5,616.438,8.2
Union + KD s42,3-of-5,0.0,FS_fire__posVideo10.869,FS_fire,positive,outdoor,0.13,0,0.0,
Union + KD s42,3-of-5,0.0,FS_fire__posVideo11.870,FS_fire,positive,outdoor,0.2,0,0.0,
Union + KD s42,3-of-5,0.0,FS_fire__posVideo2.871,FS_fire,positive,indoor,0.28,2,423.938,0.067
Union + KD s42,3-of-5,0.0,FS_fire__posVideo3.872,FS_fire,positive,outdoor,0.21,4,1135.709,2.869
Union + KD s42,3-of-5,0.0,FS_fire__posVideo4.873,FS_fire,positive,indoor,0.92,1,65.231,0.067
Union + KD s42,3-of-5,0.0,FS_fire__posVideo5.874,FS_fire,positive,indoor,1.34,2,89.723,0.067
Union + KD s42,3-of-5,0.0,FS_fire__posVideo6.875,FS_fire,positive,outdoor,0.43,6,840.467,0.5
Union + KD s42,3-of-5,0.0,FS_fire__posVideo7.876,FS_fire,positive,outdoor,0.91,0,0.0,
Union + KD s42,3-of-5,0.0,FS_fire__posVideo8.877,FS_fire,positive,outdoor,0.28,4,842.909,0.067
Union + KD s42,3-of-5,0.0,FS_fire__posVideo9.878,FS_fire,positive,outdoor,0.37,13,2118.73,0.067
Union + KD s42,3-of-5,0.0,FS_smoke__testpos01.817,FS_smoke,positive,outdoor,0.28,2,425.615,5.208
Union + KD s42,3-of-5,0.0,FS_smoke__testpos02.818,FS_smoke,positive,outdoor,0.96,4,249.895,41.308
Union + KD s42,3-of-5,0.0,FS_smoke__testpos04.820,FS_smoke,positive,outdoor,1.31,20,916.964,4.08
Union + KD s42,3-of-5,0.0,FS_smoke__testpos05.821,FS_smoke,positive,indoor,1.82,1,32.916,3.624
Union + KD s42,3-of-5,0.0,FS_smoke__testpos06.822,FS_smoke,positive,outdoor,0.33,1,180.0,13.7
Union + KD s42,3-of-5,0.0,FS_smoke__testpos07.823,FS_smoke,positive,outdoor,1.17,2,102.857,45.1
Union + KD s42,3-of-5,0.0,FS_smoke__testpos08.824,FS_smoke,positive,outdoor,0.4,2,298.343,8.333
Union + KD s42,3-of-5,0.0,FS_smoke__testpos09.825,FS_smoke,positive,outdoor,0.46,12,1567.108,0.167
Union + KD s42,3-of-5,0.0,FS_smoke__testpos10.826,FS_smoke,positive,outdoor,0.82,14,1028.943,0.3
Union + KD s42,3-of-5,0.0,FS_smoke__testpos11.827,FS_smoke,positive,outdoor,0.45,7,931.953,0.2
Union + KD s42,3-of-5,0.0,FS_smoke__testpos12.828,FS_smoke,positive,outdoor,0.2,1,298.572,0.067
Union + KD s42,3-of-5,0.0,FS_smoke__testpos13.829,FS_smoke,positive,outdoor,0.26,10,2335.327,0.1
Union + KD s42,3-of-5,30.0,KMU_like__smoke_or_flame_like_object_1,KMU_like,negative,indoor,0.12,0,0.0,
Union + KD s42,3-of-5,30.0,KMU_like__smoke_or_flame_like_object_10,KMU_like,negative,outdoor,1.27,0,0.0,
Union + KD s42,3-of-5,30.0,KMU_like__smoke_or_flame_like_object_2,KMU_like,negative,outdoor,0.37,0,0.0,
Union + KD s42,3-of-5,30.0,KMU_like__smoke_or_flame_like_object_3,KMU_like,negative,indoor,0.6,0,0.0,
Union + KD s42,3-of-5,30.0,KMU_like__smoke_or_flame_like_object_4,KMU_like,negative,outdoor,0.63,0,0.0,
Union + KD s42,3-of-5,30.0,KMU_like__smoke_or_flame_like_object_5,KMU_like,negative,outdoor,5.71,0,0.0,
Union + KD s42,3-of-5,30.0,KMU_like__smoke_or_flame_like_object_6,KMU_like,negative,outdoor,5.08,0,0.0,
Union + KD s42,3-of-5,30.0,KMU_like__smoke_or_flame_like_object_7,KMU_like,negative,outdoor,1.4,0,0.0,
Union + KD s42,3-of-5,30.0,KMU_like__smoke_or_flame_like_object_8,KMU_like,negative,outdoor,0.59,0,0.0,
Union + KD s42,3-of-5,30.0,KMU_like__smoke_or_flame_like_object_9,KMU_like,negative,outdoor,1.95,0,0.0,
Union + KD s42,3-of-5,30.0,FS_fire__negsVideo1.858,FS_fire,negative,mixed,3.15,1,19.039,54.458
Union + KD s42,3-of-5,30.0,FS_fire__negsVideo12.1074,FS_fire,negative,outdoor,0.43,1,138.141,24.994
Union + KD s42,3-of-5,30.0,FS_fire__negsVideo16.1077,FS_fire,negative,outdoor,0.18,0,0.0,
Union + KD s42,3-of-5,30.0,FS_fire__negsVideo2.859,FS_fire,negative,outdoor,0.26,1,233.766,0.2
Union + KD s42,3-of-5,30.0,FS_fire__negsVideo3.860,FS_fire,negative,outdoor,0.27,0,0.0,
Union + KD s42,3-of-5,30.0,FS_fire__negsVideo4.861,FS_fire,negative,indoor,1.07,1,55.959,37.867
Union + KD s42,3-of-5,30.0,FS_fire__negsVideo5.862,FS_fire,negative,outdoor,0.24,1,246.575,3.767
Union + KD s42,3-of-5,30.0,FS_fire__negsVideo6.863,FS_fire,negative,outdoor,0.76,0,0.0,
Union + KD s42,3-of-5,30.0,FS_fire__negsVideo7.864,FS_fire,negative,indoor,0.3,0,0.0,
Union + KD s42,3-of-5,30.0,FS_fire__negsVideo8.865,FS_fire,negative,outdoor,2.09,1,28.695,23.123
Union + KD s42,3-of-5,30.0,FS_fire__negsVideo9.866,FS_fire,negative,outdoor,0.43,0,0.0,
Union + KD s42,3-of-5,30.0,FS_smoke__testneg01.807,FS_smoke,negative,outdoor,0.17,0,0.0,
Union + KD s42,3-of-5,30.0,FS_smoke__testneg02.808,FS_smoke,negative,outdoor,0.75,0,0.0,
Union + KD s42,3-of-5,30.0,FS_smoke__testneg03.809,FS_smoke,negative,indoor,0.1,0,0.0,
Union + KD s42,3-of-5,30.0,FS_smoke__testneg04.810,FS_smoke,negative,outdoor,1.89,0,0.0,
Union + KD s42,3-of-5,30.0,FS_smoke__testneg05.811,FS_smoke,negative,outdoor,0.17,0,0.0,
Union + KD s42,3-of-5,30.0,FS_smoke__testneg06.812,FS_smoke,negative,outdoor,0.17,0,0.0,
Union + KD s42,3-of-5,30.0,FS_smoke__testneg07.813,FS_smoke,negative,outdoor,0.52,0,0.0,
Union + KD s42,3-of-5,30.0,FS_smoke__testneg08.814,FS_smoke,negative,outdoor,0.5,0,0.0,
Union + KD s42,3-of-5,30.0,FS_smoke__testneg09.815,FS_smoke,negative,outdoor,0.48,0,0.0,
Union + KD s42,3-of-5,30.0,FS_fire__posVideo1.868,FS_fire,positive,outdoor,0.49,1,123.288,8.2
Union + KD s42,3-of-5,30.0,FS_fire__posVideo10.869,FS_fire,positive,outdoor,0.13,0,0.0,
Union + KD s42,3-of-5,30.0,FS_fire__posVideo11.870,FS_fire,positive,outdoor,0.2,0,0.0,
Union + KD s42,3-of-5,30.0,FS_fire__posVideo2.871,FS_fire,positive,indoor,0.28,1,211.969,0.067
Union + KD s42,3-of-5,30.0,FS_fire__posVideo3.872,FS_fire,positive,outdoor,0.21,1,283.927,2.869
Union + KD s42,3-of-5,30.0,FS_fire__posVideo4.873,FS_fire,positive,indoor,0.92,1,65.231,0.067
Union + KD s42,3-of-5,30.0,FS_fire__posVideo5.874,FS_fire,positive,indoor,1.34,1,44.862,0.067
Union + KD s42,3-of-5,30.0,FS_fire__posVideo6.875,FS_fire,positive,outdoor,0.43,1,140.078,0.5
Union + KD s42,3-of-5,30.0,FS_fire__posVideo7.876,FS_fire,positive,outdoor,0.91,0,0.0,
Union + KD s42,3-of-5,30.0,FS_fire__posVideo8.877,FS_fire,positive,outdoor,0.28,1,210.727,0.067
Union + KD s42,3-of-5,30.0,FS_fire__posVideo9.878,FS_fire,positive,outdoor,0.37,1,162.979,0.067
Union + KD s42,3-of-5,30.0,FS_smoke__testpos01.817,FS_smoke,positive,outdoor,0.28,1,212.807,5.208
Union + KD s42,3-of-5,30.0,FS_smoke__testpos02.818,FS_smoke,positive,outdoor,0.96,1,62.474,41.308
Union + KD s42,3-of-5,30.0,FS_smoke__testpos04.820,FS_smoke,positive,outdoor,1.31,1,45.848,4.08
Union + KD s42,3-of-5,30.0,FS_smoke__testpos05.821,FS_smoke,positive,indoor,1.82,1,32.916,3.624
Union + KD s42,3-of-5,30.0,FS_smoke__testpos06.822,FS_smoke,positive,outdoor,0.33,1,180.0,13.7
Union + KD s42,3-of-5,30.0,FS_smoke__testpos07.823,FS_smoke,positive,outdoor,1.17,1,51.429,45.1
Union + KD s42,3-of-5,30.0,FS_smoke__testpos08.824,FS_smoke,positive,outdoor,0.4,1,149.171,8.333
Union + KD s42,3-of-5,30.0,FS_smoke__testpos09.825,FS_smoke,positive,outdoor,0.46,1,130.592,0.167
Union + KD s42,3-of-5,30.0,FS_smoke__testpos10.826,FS_smoke,positive,outdoor,0.82,1,73.496,0.3
Union + KD s42,3-of-5,30.0,FS_smoke__testpos11.827,FS_smoke,positive,outdoor,0.45,1,133.136,0.2
Union + KD s42,3-of-5,30.0,FS_smoke__testpos12.828,FS_smoke,positive,outdoor,0.2,1,298.572,0.067
Union + KD s42,3-of-5,30.0,FS_smoke__testpos13.829,FS_smoke,positive,outdoor,0.26,1,233.533,0.1
Union + KD s123,1-of-1,0.0,KMU_like__smoke_or_flame_like_object_1,KMU_like,negative,indoor,0.12,0,0.0,
Union + KD s123,1-of-1,0.0,KMU_like__smoke_or_flame_like_object_10,KMU_like,negative,outdoor,1.27,0,0.0,
Union + KD s123,1-of-1,0.0,KMU_like__smoke_or_flame_like_object_2,KMU_like,negative,outdoor,0.37,0,0.0,
Union + KD s123,1-of-1,0.0,KMU_like__smoke_or_flame_like_object_3,KMU_like,negative,indoor,0.6,0,0.0,
Union + KD s123,1-of-1,0.0,KMU_like__smoke_or_flame_like_object_4,KMU_like,negative,outdoor,0.63,0,0.0,
Union + KD s123,1-of-1,0.0,KMU_like__smoke_or_flame_like_object_5,KMU_like,negative,outdoor,5.71,0,0.0,
Union + KD s123,1-of-1,0.0,KMU_like__smoke_or_flame_like_object_6,KMU_like,negative,outdoor,5.08,0,0.0,
Union + KD s123,1-of-1,0.0,KMU_like__smoke_or_flame_like_object_7,KMU_like,negative,outdoor,1.4,0,0.0,
Union + KD s123,1-of-1,0.0,KMU_like__smoke_or_flame_like_object_8,KMU_like,negative,outdoor,0.59,0,0.0,
Union + KD s123,1-of-1,0.0,KMU_like__smoke_or_flame_like_object_9,KMU_like,negative,outdoor,1.95,0,0.0,
Union + KD s123,1-of-1,0.0,FS_fire__negsVideo1.858,FS_fire,negative,mixed,3.15,4,76.157,16.458
Union + KD s123,1-of-1,0.0,FS_fire__negsVideo12.1074,FS_fire,negative,outdoor,0.43,1,138.141,25.552
Union + KD s123,1-of-1,0.0,FS_fire__negsVideo16.1077,FS_fire,negative,outdoor,0.18,0,0.0,
Union + KD s123,1-of-1,0.0,FS_fire__negsVideo2.859,FS_fire,negative,outdoor,0.26,2,467.532,0.0
Union + KD s123,1-of-1,0.0,FS_fire__negsVideo3.860,FS_fire,negative,outdoor,0.27,0,0.0,
Union + KD s123,1-of-1,0.0,FS_fire__negsVideo4.861,FS_fire,negative,indoor,1.07,4,223.834,13.8
Union + KD s123,1-of-1,0.0,FS_fire__negsVideo5.862,FS_fire,negative,outdoor,0.24,12,2958.904,0.133
Union + KD s123,1-of-1,0.0,FS_fire__negsVideo6.863,FS_fire,negative,outdoor,0.76,1,78.878,38.72
Union + KD s123,1-of-1,0.0,FS_fire__negsVideo7.864,FS_fire,negative,indoor,0.3,9,1800.0,5.767
Union + KD s123,1-of-1,0.0,FS_fire__negsVideo8.865,FS_fire,negative,outdoor,2.09,86,2467.744,9.409
Union + KD s123,1-of-1,0.0,FS_fire__negsVideo9.866,FS_fire,negative,outdoor,0.43,0,0.0,
Union + KD s123,1-of-1,0.0,FS_smoke__testneg01.807,FS_smoke,negative,outdoor,0.17,0,0.0,
Union + KD s123,1-of-1,0.0,FS_smoke__testneg02.808,FS_smoke,negative,outdoor,0.75,0,0.0,
Union + KD s123,1-of-1,0.0,FS_smoke__testneg03.809,FS_smoke,negative,indoor,0.1,0,0.0,
Union + KD s123,1-of-1,0.0,FS_smoke__testneg04.810,FS_smoke,negative,outdoor,1.89,3,95.104,13.16
Union + KD s123,1-of-1,0.0,FS_smoke__testneg05.811,FS_smoke,negative,outdoor,0.17,0,0.0,
Union + KD s123,1-of-1,0.0,FS_smoke__testneg06.812,FS_smoke,negative,outdoor,0.17,0,0.0,
Union + KD s123,1-of-1,0.0,FS_smoke__testneg07.813,FS_smoke,negative,outdoor,0.52,0,0.0,
Union + KD s123,1-of-1,0.0,FS_smoke__testneg08.814,FS_smoke,negative,outdoor,0.5,0,0.0,
Union + KD s123,1-of-1,0.0,FS_smoke__testneg09.815,FS_smoke,negative,outdoor,0.48,1,124.654,22.0
Union + KD s123,1-of-1,0.0,FS_fire__posVideo1.868,FS_fire,positive,outdoor,0.49,43,5301.37,0.0
Union + KD s123,1-of-1,0.0,FS_fire__posVideo10.869,FS_fire,positive,outdoor,0.13,3,1383.232,1.835
Union + KD s123,1-of-1,0.0,FS_fire__posVideo11.870,FS_fire,positive,outdoor,0.2,0,0.0,
Union + KD s123,1-of-1,0.0,FS_fire__posVideo2.871,FS_fire,positive,indoor,0.28,14,2967.569,0.0
Union + KD s123,1-of-1,0.0,FS_fire__posVideo3.872,FS_fire,positive,outdoor,0.21,27,7666.038,0.0
Union + KD s123,1-of-1,0.0,FS_fire__posVideo4.873,FS_fire,positive,indoor,0.92,99,6457.867,0.0
Union + KD s123,1-of-1,0.0,FS_fire__posVideo5.874,FS_fire,positive,indoor,1.34,98,4396.437,0.0
Union + KD s123,1-of-1,0.0,FS_fire__posVideo6.875,FS_fire,positive,outdoor,0.43,4,560.311,0.1
Union + KD s123,1-of-1,0.0,FS_fire__posVideo7.876,FS_fire,positive,outdoor,0.91,0,0.0,
Union + KD s123,1-of-1,0.0,FS_fire__posVideo8.877,FS_fire,positive,outdoor,0.28,26,5478.907,0.0
Union + KD s123,1-of-1,0.0,FS_fire__posVideo9.878,FS_fire,positive,outdoor,0.37,86,14016.216,0.0
Union + KD s123,1-of-1,0.0,FS_smoke__testpos01.817,FS_smoke,positive,outdoor,0.28,14,2979.304,1.042
Union + KD s123,1-of-1,0.0,FS_smoke__testpos02.818,FS_smoke,positive,outdoor,0.96,3,187.421,4.805
Union + KD s123,1-of-1,0.0,FS_smoke__testpos04.820,FS_smoke,positive,outdoor,1.31,84,3851.248,4.4
Union + KD s123,1-of-1,0.0,FS_smoke__testpos05.821,FS_smoke,positive,indoor,1.82,7,230.411,0.0
Union + KD s123,1-of-1,0.0,FS_smoke__testpos06.822,FS_smoke,positive,outdoor,0.33,9,1620.0,0.7
Union + KD s123,1-of-1,0.0,FS_smoke__testpos07.823,FS_smoke,positive,outdoor,1.17,5,257.143,44.5
Union + KD s123,1-of-1,0.0,FS_smoke__testpos08.824,FS_smoke,positive,outdoor,0.4,22,3281.772,3.333
Union + KD s123,1-of-1,0.0,FS_smoke__testpos09.825,FS_smoke,positive,outdoor,0.46,59,7704.948,0.133
Union + KD s123,1-of-1,0.0,FS_smoke__testpos10.826,FS_smoke,positive,outdoor,0.82,50,3674.797,0.334
Union + KD s123,1-of-1,0.0,FS_smoke__testpos11.827,FS_smoke,positive,outdoor,0.45,19,2529.586,0.24
Union + KD s123,1-of-1,0.0,FS_smoke__testpos12.828,FS_smoke,positive,outdoor,0.2,21,6270.008,0.0
Union + KD s123,1-of-1,0.0,FS_smoke__testpos13.829,FS_smoke,positive,outdoor,0.26,28,6538.916,0.0
Union + KD s123,3-of-5,0.0,KMU_like__smoke_or_flame_like_object_1,KMU_like,negative,indoor,0.12,0,0.0,
Union + KD s123,3-of-5,0.0,KMU_like__smoke_or_flame_like_object_10,KMU_like,negative,outdoor,1.27,0,0.0,
Union + KD s123,3-of-5,0.0,KMU_like__smoke_or_flame_like_object_2,KMU_like,negative,outdoor,0.37,0,0.0,
Union + KD s123,3-of-5,0.0,KMU_like__smoke_or_flame_like_object_3,KMU_like,negative,indoor,0.6,0,0.0,
Union + KD s123,3-of-5,0.0,KMU_like__smoke_or_flame_like_object_4,KMU_like,negative,outdoor,0.63,0,0.0,
Union + KD s123,3-of-5,0.0,KMU_like__smoke_or_flame_like_object_5,KMU_like,negative,outdoor,5.71,0,0.0,
Union + KD s123,3-of-5,0.0,KMU_like__smoke_or_flame_like_object_6,KMU_like,negative,outdoor,5.08,0,0.0,
Union + KD s123,3-of-5,0.0,KMU_like__smoke_or_flame_like_object_7,KMU_like,negative,outdoor,1.4,0,0.0,
Union + KD s123,3-of-5,0.0,KMU_like__smoke_or_flame_like_object_8,KMU_like,negative,outdoor,0.59,0,0.0,
Union + KD s123,3-of-5,0.0,KMU_like__smoke_or_flame_like_object_9,KMU_like,negative,outdoor,1.95,0,0.0,
Union + KD s123,3-of-5,0.0,FS_fire__negsVideo1.858,FS_fire,negative,mixed,3.15,1,19.039,16.583
Union + KD s123,3-of-5,0.0,FS_fire__negsVideo12.1074,FS_fire,negative,outdoor,0.43,0,0.0,
Union + KD s123,3-of-5,0.0,FS_fire__negsVideo16.1077,FS_fire,negative,outdoor,0.18,0,0.0,
Union + KD s123,3-of-5,0.0,FS_fire__negsVideo2.859,FS_fire,negative,outdoor,0.26,1,233.766,3.2
Union + KD s123,3-of-5,0.0,FS_fire__negsVideo3.860,FS_fire,negative,outdoor,0.27,0,0.0,
Union + KD s123,3-of-5,0.0,FS_fire__negsVideo4.861,FS_fire,negative,indoor,1.07,2,111.917,13.867
Union + KD s123,3-of-5,0.0,FS_fire__negsVideo5.862,FS_fire,negative,outdoor,0.24,1,246.575,0.2
Union + KD s123,3-of-5,0.0,FS_fire__negsVideo6.863,FS_fire,negative,outdoor,0.76,0,0.0,
Union + KD s123,3-of-5,0.0,FS_fire__negsVideo7.864,FS_fire,negative,indoor,0.3,2,400.0,16.2
Union + KD s123,3-of-5,0.0,FS_fire__negsVideo8.865,FS_fire,negative,outdoor,2.09,6,172.168,60.327
Union + KD s123,3-of-5,0.0,FS_fire__negsVideo9.866,FS_fire,negative,outdoor,0.43,0,0.0,
Union + KD s123,3-of-5,0.0,FS_smoke__testneg01.807,FS_smoke,negative,outdoor,0.17,0,0.0,
Union + KD s123,3-of-5,0.0,FS_smoke__testneg02.808,FS_smoke,negative,outdoor,0.75,0,0.0,
Union + KD s123,3-of-5,0.0,FS_smoke__testneg03.809,FS_smoke,negative,indoor,0.1,0,0.0,
Union + KD s123,3-of-5,0.0,FS_smoke__testneg04.810,FS_smoke,negative,outdoor,1.89,1,31.701,14.08
Union + KD s123,3-of-5,0.0,FS_smoke__testneg05.811,FS_smoke,negative,outdoor,0.17,0,0.0,
Union + KD s123,3-of-5,0.0,FS_smoke__testneg06.812,FS_smoke,negative,outdoor,0.17,0,0.0,
Union + KD s123,3-of-5,0.0,FS_smoke__testneg07.813,FS_smoke,negative,outdoor,0.52,0,0.0,
Union + KD s123,3-of-5,0.0,FS_smoke__testneg08.814,FS_smoke,negative,outdoor,0.5,0,0.0,
Union + KD s123,3-of-5,0.0,FS_smoke__testneg09.815,FS_smoke,negative,outdoor,0.48,0,0.0,
Union + KD s123,3-of-5,0.0,FS_fire__posVideo1.868,FS_fire,positive,outdoor,0.49,10,1232.877,0.7
Union + KD s123,3-of-5,0.0,FS_fire__posVideo10.869,FS_fire,positive,outdoor,0.13,2,922.155,1.902
Union + KD s123,3-of-5,0.0,FS_fire__posVideo11.870,FS_fire,positive,outdoor,0.2,0,0.0,
Union + KD s123,3-of-5,0.0,FS_fire__posVideo2.871,FS_fire,positive,indoor,0.28,1,211.969,0.067
Union + KD s123,3-of-5,0.0,FS_fire__posVideo3.872,FS_fire,positive,outdoor,0.21,8,2271.419,0.134
Union + KD s123,3-of-5,0.0,FS_fire__posVideo4.873,FS_fire,positive,indoor,0.92,5,326.155,0.067
Union + KD s123,3-of-5,0.0,FS_fire__posVideo5.874,FS_fire,positive,indoor,1.34,3,134.585,0.067
Union + KD s123,3-of-5,0.0,FS_fire__posVideo6.875,FS_fire,positive,outdoor,0.43,2,280.156,0.3
Union + KD s123,3-of-5,0.0,FS_fire__posVideo7.876,FS_fire,positive,outdoor,0.91,0,0.0,
Union + KD s123,3-of-5,0.0,FS_fire__posVideo8.877,FS_fire,positive,outdoor,0.28,1,210.727,0.1
Union + KD s123,3-of-5,0.0,FS_fire__posVideo9.878,FS_fire,positive,outdoor,0.37,14,2281.71,0.067
Union + KD s123,3-of-5,0.0,FS_smoke__testpos01.817,FS_smoke,positive,outdoor,0.28,2,425.615,3.958
Union + KD s123,3-of-5,0.0,FS_smoke__testpos02.818,FS_smoke,positive,outdoor,0.96,0,0.0,
Union + KD s123,3-of-5,0.0,FS_smoke__testpos04.820,FS_smoke,positive,outdoor,1.31,23,1054.508,4.72
Union + KD s123,3-of-5,0.0,FS_smoke__testpos05.821,FS_smoke,positive,indoor,1.82,1,32.916,3.624
Union + KD s123,3-of-5,0.0,FS_smoke__testpos06.822,FS_smoke,positive,outdoor,0.33,0,0.0,
Union + KD s123,3-of-5,0.0,FS_smoke__testpos07.823,FS_smoke,positive,outdoor,1.17,1,51.429,67.1
Union + KD s123,3-of-5,0.0,FS_smoke__testpos08.824,FS_smoke,positive,outdoor,0.4,4,596.686,9.733
Union + KD s123,3-of-5,0.0,FS_smoke__testpos09.825,FS_smoke,positive,outdoor,0.46,19,2481.255,0.2
Union + KD s123,3-of-5,0.0,FS_smoke__testpos10.826,FS_smoke,positive,outdoor,0.82,19,1396.423,1.034
Union + KD s123,3-of-5,0.0,FS_smoke__testpos11.827,FS_smoke,positive,outdoor,0.45,7,931.953,0.32
Union + KD s123,3-of-5,0.0,FS_smoke__testpos12.828,FS_smoke,positive,outdoor,0.2,5,1492.859,0.067
Union + KD s123,3-of-5,0.0,FS_smoke__testpos13.829,FS_smoke,positive,outdoor,0.26,10,2335.327,0.067
Union + KD s123,3-of-5,30.0,KMU_like__smoke_or_flame_like_object_1,KMU_like,negative,indoor,0.12,0,0.0,
Union + KD s123,3-of-5,30.0,KMU_like__smoke_or_flame_like_object_10,KMU_like,negative,outdoor,1.27,0,0.0,
Union + KD s123,3-of-5,30.0,KMU_like__smoke_or_flame_like_object_2,KMU_like,negative,outdoor,0.37,0,0.0,
Union + KD s123,3-of-5,30.0,KMU_like__smoke_or_flame_like_object_3,KMU_like,negative,indoor,0.6,0,0.0,
Union + KD s123,3-of-5,30.0,KMU_like__smoke_or_flame_like_object_4,KMU_like,negative,outdoor,0.63,0,0.0,
Union + KD s123,3-of-5,30.0,KMU_like__smoke_or_flame_like_object_5,KMU_like,negative,outdoor,5.71,0,0.0,
Union + KD s123,3-of-5,30.0,KMU_like__smoke_or_flame_like_object_6,KMU_like,negative,outdoor,5.08,0,0.0,
Union + KD s123,3-of-5,30.0,KMU_like__smoke_or_flame_like_object_7,KMU_like,negative,outdoor,1.4,0,0.0,
Union + KD s123,3-of-5,30.0,KMU_like__smoke_or_flame_like_object_8,KMU_like,negative,outdoor,0.59,0,0.0,
Union + KD s123,3-of-5,30.0,KMU_like__smoke_or_flame_like_object_9,KMU_like,negative,outdoor,1.95,0,0.0,
Union + KD s123,3-of-5,30.0,FS_fire__negsVideo1.858,FS_fire,negative,mixed,3.15,1,19.039,16.583
Union + KD s123,3-of-5,30.0,FS_fire__negsVideo12.1074,FS_fire,negative,outdoor,0.43,0,0.0,
Union + KD s123,3-of-5,30.0,FS_fire__negsVideo16.1077,FS_fire,negative,outdoor,0.18,0,0.0,
Union + KD s123,3-of-5,30.0,FS_fire__negsVideo2.859,FS_fire,negative,outdoor,0.26,1,233.766,3.2
Union + KD s123,3-of-5,30.0,FS_fire__negsVideo3.860,FS_fire,negative,outdoor,0.27,0,0.0,
Union + KD s123,3-of-5,30.0,FS_fire__negsVideo4.861,FS_fire,negative,indoor,1.07,1,55.959,13.867
Union + KD s123,3-of-5,30.0,FS_fire__negsVideo5.862,FS_fire,negative,outdoor,0.24,1,246.575,0.2
Union + KD s123,3-of-5,30.0,FS_fire__negsVideo6.863,FS_fire,negative,outdoor,0.76,0,0.0,
Union + KD s123,3-of-5,30.0,FS_fire__negsVideo7.864,FS_fire,negative,indoor,0.3,1,200.0,16.2
Union + KD s123,3-of-5,30.0,FS_fire__negsVideo8.865,FS_fire,negative,outdoor,2.09,2,57.389,60.327
Union + KD s123,3-of-5,30.0,FS_fire__negsVideo9.866,FS_fire,negative,outdoor,0.43,0,0.0,
Union + KD s123,3-of-5,30.0,FS_smoke__testneg01.807,FS_smoke,negative,outdoor,0.17,0,0.0,
Union + KD s123,3-of-5,30.0,FS_smoke__testneg02.808,FS_smoke,negative,outdoor,0.75,0,0.0,
Union + KD s123,3-of-5,30.0,FS_smoke__testneg03.809,FS_smoke,negative,indoor,0.1,0,0.0,
Union + KD s123,3-of-5,30.0,FS_smoke__testneg04.810,FS_smoke,negative,outdoor,1.89,1,31.701,14.08
Union + KD s123,3-of-5,30.0,FS_smoke__testneg05.811,FS_smoke,negative,outdoor,0.17,0,0.0,
Union + KD s123,3-of-5,30.0,FS_smoke__testneg06.812,FS_smoke,negative,outdoor,0.17,0,0.0,
Union + KD s123,3-of-5,30.0,FS_smoke__testneg07.813,FS_smoke,negative,outdoor,0.52,0,0.0,
Union + KD s123,3-of-5,30.0,FS_smoke__testneg08.814,FS_smoke,negative,outdoor,0.5,0,0.0,
Union + KD s123,3-of-5,30.0,FS_smoke__testneg09.815,FS_smoke,negative,outdoor,0.48,0,0.0,
Union + KD s123,3-of-5,30.0,FS_fire__posVideo1.868,FS_fire,positive,outdoor,0.49,1,123.288,0.7
Union + KD s123,3-of-5,30.0,FS_fire__posVideo10.869,FS_fire,positive,outdoor,0.13,1,461.077,1.902
Union + KD s123,3-of-5,30.0,FS_fire__posVideo11.870,FS_fire,positive,outdoor,0.2,0,0.0,
Union + KD s123,3-of-5,30.0,FS_fire__posVideo2.871,FS_fire,positive,indoor,0.28,1,211.969,0.067
Union + KD s123,3-of-5,30.0,FS_fire__posVideo3.872,FS_fire,positive,outdoor,0.21,1,283.927,0.134
Union + KD s123,3-of-5,30.0,FS_fire__posVideo4.873,FS_fire,positive,indoor,0.92,1,65.231,0.067
Union + KD s123,3-of-5,30.0,FS_fire__posVideo5.874,FS_fire,positive,indoor,1.34,1,44.862,0.067
Union + KD s123,3-of-5,30.0,FS_fire__posVideo6.875,FS_fire,positive,outdoor,0.43,1,140.078,0.3
Union + KD s123,3-of-5,30.0,FS_fire__posVideo7.876,FS_fire,positive,outdoor,0.91,0,0.0,
Union + KD s123,3-of-5,30.0,FS_fire__posVideo8.877,FS_fire,positive,outdoor,0.28,1,210.727,0.1
Union + KD s123,3-of-5,30.0,FS_fire__posVideo9.878,FS_fire,positive,outdoor,0.37,1,162.979,0.067
Union + KD s123,3-of-5,30.0,FS_smoke__testpos01.817,FS_smoke,positive,outdoor,0.28,1,212.807,3.958
Union + KD s123,3-of-5,30.0,FS_smoke__testpos02.818,FS_smoke,positive,outdoor,0.96,0,0.0,
Union + KD s123,3-of-5,30.0,FS_smoke__testpos04.820,FS_smoke,positive,outdoor,1.31,1,45.848,4.72
Union + KD s123,3-of-5,30.0,FS_smoke__testpos05.821,FS_smoke,positive,indoor,1.82,1,32.916,3.624
Union + KD s123,3-of-5,30.0,FS_smoke__testpos06.822,FS_smoke,positive,outdoor,0.33,0,0.0,
Union + KD s123,3-of-5,30.0,FS_smoke__testpos07.823,FS_smoke,positive,outdoor,1.17,1,51.429,67.1
Union + KD s123,3-of-5,30.0,FS_smoke__testpos08.824,FS_smoke,positive,outdoor,0.4,1,149.171,9.733
Union + KD s123,3-of-5,30.0,FS_smoke__testpos09.825,FS_smoke,positive,outdoor,0.46,1,130.592,0.2
Union + KD s123,3-of-5,30.0,FS_smoke__testpos10.826,FS_smoke,positive,outdoor,0.82,1,73.496,1.034
Union + KD s123,3-of-5,30.0,FS_smoke__testpos11.827,FS_smoke,positive,outdoor,0.45,1,133.136,0.32
Union + KD s123,3-of-5,30.0,FS_smoke__testpos12.828,FS_smoke,positive,outdoor,0.2,1,298.572,0.067
Union + KD s123,3-of-5,30.0,FS_smoke__testpos13.829,FS_smoke,positive,outdoor,0.26,1,233.533,0.067
Union + KD s2024,1-of-1,0.0,KMU_like__smoke_or_flame_like_object_1,KMU_like,negative,indoor,0.12,0,0.0,
Union + KD s2024,1-of-1,0.0,KMU_like__smoke_or_flame_like_object_10,KMU_like,negative,outdoor,1.27,0,0.0,
Union + KD s2024,1-of-1,0.0,KMU_like__smoke_or_flame_like_object_2,KMU_like,negative,outdoor,0.37,0,0.0,
Union + KD s2024,1-of-1,0.0,KMU_like__smoke_or_flame_like_object_3,KMU_like,negative,indoor,0.6,0,0.0,
Union + KD s2024,1-of-1,0.0,KMU_like__smoke_or_flame_like_object_4,KMU_like,negative,outdoor,0.63,0,0.0,
Union + KD s2024,1-of-1,0.0,KMU_like__smoke_or_flame_like_object_5,KMU_like,negative,outdoor,5.71,0,0.0,
Union + KD s2024,1-of-1,0.0,KMU_like__smoke_or_flame_like_object_6,KMU_like,negative,outdoor,5.08,0,0.0,
Union + KD s2024,1-of-1,0.0,KMU_like__smoke_or_flame_like_object_7,KMU_like,negative,outdoor,1.4,0,0.0,
Union + KD s2024,1-of-1,0.0,KMU_like__smoke_or_flame_like_object_8,KMU_like,negative,outdoor,0.59,0,0.0,
Union + KD s2024,1-of-1,0.0,KMU_like__smoke_or_flame_like_object_9,KMU_like,negative,outdoor,1.95,0,0.0,
Union + KD s2024,1-of-1,0.0,FS_fire__negsVideo1.858,FS_fire,negative,mixed,3.15,5,95.196,16.75
Union + KD s2024,1-of-1,0.0,FS_fire__negsVideo12.1074,FS_fire,negative,outdoor,0.43,1,138.141,25.552
Union + KD s2024,1-of-1,0.0,FS_fire__negsVideo16.1077,FS_fire,negative,outdoor,0.18,0,0.0,
Union + KD s2024,1-of-1,0.0,FS_fire__negsVideo2.859,FS_fire,negative,outdoor,0.26,1,233.766,4.2
Union + KD s2024,1-of-1,0.0,FS_fire__negsVideo3.860,FS_fire,negative,outdoor,0.27,0,0.0,
Union + KD s2024,1-of-1,0.0,FS_fire__negsVideo4.861,FS_fire,negative,indoor,1.07,2,111.917,13.6
Union + KD s2024,1-of-1,0.0,FS_fire__negsVideo5.862,FS_fire,negative,outdoor,0.24,3,739.726,9.4
Union + KD s2024,1-of-1,0.0,FS_fire__negsVideo6.863,FS_fire,negative,outdoor,0.76,2,157.756,31.2
Union + KD s2024,1-of-1,0.0,FS_fire__negsVideo7.864,FS_fire,negative,indoor,0.3,7,1400.0,5.533
Union + KD s2024,1-of-1,0.0,FS_fire__negsVideo8.865,FS_fire,negative,outdoor,2.09,79,2266.881,14.781
Union + KD s2024,1-of-1,0.0,FS_fire__negsVideo9.866,FS_fire,negative,outdoor,0.43,0,0.0,
Union + KD s2024,1-of-1,0.0,FS_smoke__testneg01.807,FS_smoke,negative,outdoor,0.17,0,0.0,
Union + KD s2024,1-of-1,0.0,FS_smoke__testneg02.808,FS_smoke,negative,outdoor,0.75,0,0.0,
Union + KD s2024,1-of-1,0.0,FS_smoke__testneg03.809,FS_smoke,negative,indoor,0.1,0,0.0,
Union + KD s2024,1-of-1,0.0,FS_smoke__testneg04.810,FS_smoke,negative,outdoor,1.89,0,0.0,
Union + KD s2024,1-of-1,0.0,FS_smoke__testneg05.811,FS_smoke,negative,outdoor,0.17,0,0.0,
Union + KD s2024,1-of-1,0.0,FS_smoke__testneg06.812,FS_smoke,negative,outdoor,0.17,0,0.0,
Union + KD s2024,1-of-1,0.0,FS_smoke__testneg07.813,FS_smoke,negative,outdoor,0.52,0,0.0,
Union + KD s2024,1-of-1,0.0,FS_smoke__testneg08.814,FS_smoke,negative,outdoor,0.5,0,0.0,
Union + KD s2024,1-of-1,0.0,FS_smoke__testneg09.815,FS_smoke,negative,outdoor,0.48,0,0.0,
Union + KD s2024,1-of-1,0.0,FS_fire__posVideo1.868,FS_fire,positive,outdoor,0.49,19,2342.466,9.8
Union + KD s2024,1-of-1,0.0,FS_fire__posVideo10.869,FS_fire,positive,outdoor,0.13,0,0.0,
Union + KD s2024,1-of-1,0.0,FS_fire__posVideo11.870,FS_fire,positive,outdoor,0.2,0,0.0,
Union + KD s2024,1-of-1,0.0,FS_fire__posVideo2.871,FS_fire,positive,indoor,0.28,7,1483.784,0.0
Union + KD s2024,1-of-1,0.0,FS_fire__posVideo3.872,FS_fire,positive,outdoor,0.21,20,5678.547,0.0
Union + KD s2024,1-of-1,0.0,FS_fire__posVideo4.873,FS_fire,positive,indoor,0.92,4,260.924,0.0
Union + KD s2024,1-of-1,0.0,FS_fire__posVideo5.874,FS_fire,positive,indoor,1.34,79,3544.067,0.0
Union + KD s2024,1-of-1,0.0,FS_fire__posVideo6.875,FS_fire,positive,outdoor,0.43,16,2241.245,0.0
Union + KD s2024,1-of-1,0.0,FS_fire__posVideo7.876,FS_fire,positive,outdoor,0.91,1,65.934,9.7
Union + KD s2024,1-of-1,0.0,FS_fire__posVideo8.877,FS_fire,positive,outdoor,0.28,14,2950.181,0.0
Union + KD s2024,1-of-1,0.0,FS_fire__posVideo9.878,FS_fire,positive,outdoor,0.37,64,10430.673,0.0
Union + KD s2024,1-of-1,0.0,FS_smoke__testpos01.817,FS_smoke,positive,outdoor,0.28,9,1915.267,6.667
Union + KD s2024,1-of-1,0.0,FS_smoke__testpos02.818,FS_smoke,positive,outdoor,0.96,4,249.895,15.215
Union + KD s2024,1-of-1,0.0,FS_smoke__testpos04.820,FS_smoke,positive,outdoor,1.31,66,3025.981,4.4
Union + KD s2024,1-of-1,0.0,FS_smoke__testpos05.821,FS_smoke,positive,indoor,1.82,3,98.747,1.279
Union + KD s2024,1-of-1,0.0,FS_smoke__testpos06.822,FS_smoke,positive,outdoor,0.33,4,720.0,0.0
Union + KD s2024,1-of-1,0.0,FS_smoke__testpos07.823,FS_smoke,positive,outdoor,1.17,4,205.714,4.1
Union + KD s2024,1-of-1,0.0,FS_smoke__testpos08.824,FS_smoke,positive,outdoor,0.4,10,1491.715,8.333
Union + KD s2024,1-of-1,0.0,FS_smoke__testpos09.825,FS_smoke,positive,outdoor,0.46,33,4309.547,0.0
Union + KD s2024,1-of-1,0.0,FS_smoke__testpos10.826,FS_smoke,positive,outdoor,0.82,67,4924.228,0.033
Union + KD s2024,1-of-1,0.0,FS_smoke__testpos11.827,FS_smoke,positive,outdoor,0.45,16,2130.178,10.48
Union + KD s2024,1-of-1,0.0,FS_smoke__testpos12.828,FS_smoke,positive,outdoor,0.2,16,4777.149,0.0
Union + KD s2024,1-of-1,0.0,FS_smoke__testpos13.829,FS_smoke,positive,outdoor,0.26,21,4904.187,0.033
Union + KD s2024,3-of-5,0.0,KMU_like__smoke_or_flame_like_object_1,KMU_like,negative,indoor,0.12,0,0.0,
Union + KD s2024,3-of-5,0.0,KMU_like__smoke_or_flame_like_object_10,KMU_like,negative,outdoor,1.27,0,0.0,
Union + KD s2024,3-of-5,0.0,KMU_like__smoke_or_flame_like_object_2,KMU_like,negative,outdoor,0.37,0,0.0,
Union + KD s2024,3-of-5,0.0,KMU_like__smoke_or_flame_like_object_3,KMU_like,negative,indoor,0.6,0,0.0,
Union + KD s2024,3-of-5,0.0,KMU_like__smoke_or_flame_like_object_4,KMU_like,negative,outdoor,0.63,0,0.0,
Union + KD s2024,3-of-5,0.0,KMU_like__smoke_or_flame_like_object_5,KMU_like,negative,outdoor,5.71,0,0.0,
Union + KD s2024,3-of-5,0.0,KMU_like__smoke_or_flame_like_object_6,KMU_like,negative,outdoor,5.08,0,0.0,
Union + KD s2024,3-of-5,0.0,KMU_like__smoke_or_flame_like_object_7,KMU_like,negative,outdoor,1.4,0,0.0,
Union + KD s2024,3-of-5,0.0,KMU_like__smoke_or_flame_like_object_8,KMU_like,negative,outdoor,0.59,0,0.0,
Union + KD s2024,3-of-5,0.0,KMU_like__smoke_or_flame_like_object_9,KMU_like,negative,outdoor,1.95,0,0.0,
Union + KD s2024,3-of-5,0.0,FS_fire__negsVideo1.858,FS_fire,negative,mixed,3.15,1,19.039,54.417
Union + KD s2024,3-of-5,0.0,FS_fire__negsVideo12.1074,FS_fire,negative,outdoor,0.43,0,0.0,
Union + KD s2024,3-of-5,0.0,FS_fire__negsVideo16.1077,FS_fire,negative,outdoor,0.18,0,0.0,
Union + KD s2024,3-of-5,0.0,FS_fire__negsVideo2.859,FS_fire,negative,outdoor,0.26,1,233.766,4.4
Union + KD s2024,3-of-5,0.0,FS_fire__negsVideo3.860,FS_fire,negative,outdoor,0.27,0,0.0,
Union + KD s2024,3-of-5,0.0,FS_fire__negsVideo4.861,FS_fire,negative,indoor,1.07,1,55.959,13.8
Union + KD s2024,3-of-5,0.0,FS_fire__negsVideo5.862,FS_fire,negative,outdoor,0.24,0,0.0,
Union + KD s2024,3-of-5,0.0,FS_fire__negsVideo6.863,FS_fire,negative,outdoor,0.76,0,0.0,
Union + KD s2024,3-of-5,0.0,FS_fire__negsVideo7.864,FS_fire,negative,indoor,0.3,0,0.0,
Union + KD s2024,3-of-5,0.0,FS_fire__negsVideo8.865,FS_fire,negative,outdoor,2.09,13,373.031,43.61
Union + KD s2024,3-of-5,0.0,FS_fire__negsVideo9.866,FS_fire,negative,outdoor,0.43,0,0.0,
Union + KD s2024,3-of-5,0.0,FS_smoke__testneg01.807,FS_smoke,negative,outdoor,0.17,0,0.0,
Union + KD s2024,3-of-5,0.0,FS_smoke__testneg02.808,FS_smoke,negative,outdoor,0.75,0,0.0,
Union + KD s2024,3-of-5,0.0,FS_smoke__testneg03.809,FS_smoke,negative,indoor,0.1,0,0.0,
Union + KD s2024,3-of-5,0.0,FS_smoke__testneg04.810,FS_smoke,negative,outdoor,1.89,0,0.0,
Union + KD s2024,3-of-5,0.0,FS_smoke__testneg05.811,FS_smoke,negative,outdoor,0.17,0,0.0,
Union + KD s2024,3-of-5,0.0,FS_smoke__testneg06.812,FS_smoke,negative,outdoor,0.17,0,0.0,
Union + KD s2024,3-of-5,0.0,FS_smoke__testneg07.813,FS_smoke,negative,outdoor,0.52,0,0.0,
Union + KD s2024,3-of-5,0.0,FS_smoke__testneg08.814,FS_smoke,negative,outdoor,0.5,0,0.0,
Union + KD s2024,3-of-5,0.0,FS_smoke__testneg09.815,FS_smoke,negative,outdoor,0.48,0,0.0,
Union + KD s2024,3-of-5,0.0,FS_fire__posVideo1.868,FS_fire,positive,outdoor,0.49,4,493.151,25.4
Union + KD s2024,3-of-5,0.0,FS_fire__posVideo10.869,FS_fire,positive,outdoor,0.13,0,0.0,
Union + KD s2024,3-of-5,0.0,FS_fire__posVideo11.870,FS_fire,positive,outdoor,0.2,0,0.0,
Union + KD s2024,3-of-5,0.0,FS_fire__posVideo2.871,FS_fire,positive,indoor,0.28,2,423.938,0.067
Union + KD s2024,3-of-5,0.0,FS_fire__posVideo3.872,FS_fire,positive,outdoor,0.21,5,1419.637,1.335
Union + KD s2024,3-of-5,0.0,FS_fire__posVideo4.873,FS_fire,positive,indoor,0.92,1,65.231,0.067
Union + KD s2024,3-of-5,0.0,FS_fire__posVideo5.874,FS_fire,positive,indoor,1.34,5,224.308,0.067
Union + KD s2024,3-of-5,0.0,FS_fire__posVideo6.875,FS_fire,positive,outdoor,0.43,1,140.078,0.5
Union + KD s2024,3-of-5,0.0,FS_fire__posVideo7.876,FS_fire,positive,outdoor,0.91,0,0.0,
Union + KD s2024,3-of-5,0.0,FS_fire__posVideo8.877,FS_fire,positive,outdoor,0.28,1,210.727,0.067
Union + KD s2024,3-of-5,0.0,FS_fire__posVideo9.878,FS_fire,positive,outdoor,0.37,15,2444.689,0.067
Union + KD s2024,3-of-5,0.0,FS_smoke__testpos01.817,FS_smoke,positive,outdoor,0.28,3,638.422,6.75
Union + KD s2024,3-of-5,0.0,FS_smoke__testpos02.818,FS_smoke,positive,outdoor,0.96,1,62.474,41.308
Union + KD s2024,3-of-5,0.0,FS_smoke__testpos04.820,FS_smoke,positive,outdoor,1.31,16,733.571,4.68
Union + KD s2024,3-of-5,0.0,FS_smoke__testpos05.821,FS_smoke,positive,indoor,1.82,1,32.916,3.837
Union + KD s2024,3-of-5,0.0,FS_smoke__testpos06.822,FS_smoke,positive,outdoor,0.33,1,180.0,0.2
Union + KD s2024,3-of-5,0.0,FS_smoke__testpos07.823,FS_smoke,positive,outdoor,1.17,0,0.0,
Union + KD s2024,3-of-5,0.0,FS_smoke__testpos08.824,FS_smoke,positive,outdoor,0.4,3,447.514,8.467
Union + KD s2024,3-of-5,0.0,FS_smoke__testpos09.825,FS_smoke,positive,outdoor,0.46,8,1044.739,0.133
Union + KD s2024,3-of-5,0.0,FS_smoke__testpos10.826,FS_smoke,positive,outdoor,0.82,14,1028.943,1.068
Union + KD s2024,3-of-5,0.0,FS_smoke__testpos11.827,FS_smoke,positive,outdoor,0.45,5,665.68,10.56
Union + KD s2024,3-of-5,0.0,FS_smoke__testpos12.828,FS_smoke,positive,outdoor,0.2,2,597.144,0.067
Union + KD s2024,3-of-5,0.0,FS_smoke__testpos13.829,FS_smoke,positive,outdoor,0.26,4,934.131,0.1
Union + KD s2024,3-of-5,30.0,KMU_like__smoke_or_flame_like_object_1,KMU_like,negative,indoor,0.12,0,0.0,
Union + KD s2024,3-of-5,30.0,KMU_like__smoke_or_flame_like_object_10,KMU_like,negative,outdoor,1.27,0,0.0,
Union + KD s2024,3-of-5,30.0,KMU_like__smoke_or_flame_like_object_2,KMU_like,negative,outdoor,0.37,0,0.0,
Union + KD s2024,3-of-5,30.0,KMU_like__smoke_or_flame_like_object_3,KMU_like,negative,indoor,0.6,0,0.0,
Union + KD s2024,3-of-5,30.0,KMU_like__smoke_or_flame_like_object_4,KMU_like,negative,outdoor,0.63,0,0.0,
Union + KD s2024,3-of-5,30.0,KMU_like__smoke_or_flame_like_object_5,KMU_like,negative,outdoor,5.71,0,0.0,
Union + KD s2024,3-of-5,30.0,KMU_like__smoke_or_flame_like_object_6,KMU_like,negative,outdoor,5.08,0,0.0,
Union + KD s2024,3-of-5,30.0,KMU_like__smoke_or_flame_like_object_7,KMU_like,negative,outdoor,1.4,0,0.0,
Union + KD s2024,3-of-5,30.0,KMU_like__smoke_or_flame_like_object_8,KMU_like,negative,outdoor,0.59,0,0.0,
Union + KD s2024,3-of-5,30.0,KMU_like__smoke_or_flame_like_object_9,KMU_like,negative,outdoor,1.95,0,0.0,
Union + KD s2024,3-of-5,30.0,FS_fire__negsVideo1.858,FS_fire,negative,mixed,3.15,1,19.039,54.417
Union + KD s2024,3-of-5,30.0,FS_fire__negsVideo12.1074,FS_fire,negative,outdoor,0.43,0,0.0,
Union + KD s2024,3-of-5,30.0,FS_fire__negsVideo16.1077,FS_fire,negative,outdoor,0.18,0,0.0,
Union + KD s2024,3-of-5,30.0,FS_fire__negsVideo2.859,FS_fire,negative,outdoor,0.26,1,233.766,4.4
Union + KD s2024,3-of-5,30.0,FS_fire__negsVideo3.860,FS_fire,negative,outdoor,0.27,0,0.0,
Union + KD s2024,3-of-5,30.0,FS_fire__negsVideo4.861,FS_fire,negative,indoor,1.07,1,55.959,13.8
Union + KD s2024,3-of-5,30.0,FS_fire__negsVideo5.862,FS_fire,negative,outdoor,0.24,0,0.0,
Union + KD s2024,3-of-5,30.0,FS_fire__negsVideo6.863,FS_fire,negative,outdoor,0.76,0,0.0,
Union + KD s2024,3-of-5,30.0,FS_fire__negsVideo7.864,FS_fire,negative,indoor,0.3,0,0.0,
Union + KD s2024,3-of-5,30.0,FS_fire__negsVideo8.865,FS_fire,negative,outdoor,2.09,1,28.695,43.61
Union + KD s2024,3-of-5,30.0,FS_fire__negsVideo9.866,FS_fire,negative,outdoor,0.43,0,0.0,
Union + KD s2024,3-of-5,30.0,FS_smoke__testneg01.807,FS_smoke,negative,outdoor,0.17,0,0.0,
Union + KD s2024,3-of-5,30.0,FS_smoke__testneg02.808,FS_smoke,negative,outdoor,0.75,0,0.0,
Union + KD s2024,3-of-5,30.0,FS_smoke__testneg03.809,FS_smoke,negative,indoor,0.1,0,0.0,
Union + KD s2024,3-of-5,30.0,FS_smoke__testneg04.810,FS_smoke,negative,outdoor,1.89,0,0.0,
Union + KD s2024,3-of-5,30.0,FS_smoke__testneg05.811,FS_smoke,negative,outdoor,0.17,0,0.0,
Union + KD s2024,3-of-5,30.0,FS_smoke__testneg06.812,FS_smoke,negative,outdoor,0.17,0,0.0,
Union + KD s2024,3-of-5,30.0,FS_smoke__testneg07.813,FS_smoke,negative,outdoor,0.52,0,0.0,
Union + KD s2024,3-of-5,30.0,FS_smoke__testneg08.814,FS_smoke,negative,outdoor,0.5,0,0.0,
Union + KD s2024,3-of-5,30.0,FS_smoke__testneg09.815,FS_smoke,negative,outdoor,0.48,0,0.0,
Union + KD s2024,3-of-5,30.0,FS_fire__posVideo1.868,FS_fire,positive,outdoor,0.49,1,123.288,25.4
Union + KD s2024,3-of-5,30.0,FS_fire__posVideo10.869,FS_fire,positive,outdoor,0.13,0,0.0,
Union + KD s2024,3-of-5,30.0,FS_fire__posVideo11.870,FS_fire,positive,outdoor,0.2,0,0.0,
Union + KD s2024,3-of-5,30.0,FS_fire__posVideo2.871,FS_fire,positive,indoor,0.28,1,211.969,0.067
Union + KD s2024,3-of-5,30.0,FS_fire__posVideo3.872,FS_fire,positive,outdoor,0.21,1,283.927,1.335
Union + KD s2024,3-of-5,30.0,FS_fire__posVideo4.873,FS_fire,positive,indoor,0.92,1,65.231,0.067
Union + KD s2024,3-of-5,30.0,FS_fire__posVideo5.874,FS_fire,positive,indoor,1.34,1,44.862,0.067
Union + KD s2024,3-of-5,30.0,FS_fire__posVideo6.875,FS_fire,positive,outdoor,0.43,1,140.078,0.5
Union + KD s2024,3-of-5,30.0,FS_fire__posVideo7.876,FS_fire,positive,outdoor,0.91,0,0.0,
Union + KD s2024,3-of-5,30.0,FS_fire__posVideo8.877,FS_fire,positive,outdoor,0.28,1,210.727,0.067
Union + KD s2024,3-of-5,30.0,FS_fire__posVideo9.878,FS_fire,positive,outdoor,0.37,1,162.979,0.067
Union + KD s2024,3-of-5,30.0,FS_smoke__testpos01.817,FS_smoke,positive,outdoor,0.28,1,212.807,6.75
Union + KD s2024,3-of-5,30.0,FS_smoke__testpos02.818,FS_smoke,positive,outdoor,0.96,1,62.474,41.308
Union + KD s2024,3-of-5,30.0,FS_smoke__testpos04.820,FS_smoke,positive,outdoor,1.31,1,45.848,4.68
Union + KD s2024,3-of-5,30.0,FS_smoke__testpos05.821,FS_smoke,positive,indoor,1.82,1,32.916,3.837
Union + KD s2024,3-of-5,30.0,FS_smoke__testpos06.822,FS_smoke,positive,outdoor,0.33,1,180.0,0.2
Union + KD s2024,3-of-5,30.0,FS_smoke__testpos07.823,FS_smoke,positive,outdoor,1.17,0,0.0,
Union + KD s2024,3-of-5,30.0,FS_smoke__testpos08.824,FS_smoke,positive,outdoor,0.4,1,149.171,8.467
Union + KD s2024,3-of-5,30.0,FS_smoke__testpos09.825,FS_smoke,positive,outdoor,0.46,1,130.592,0.133
Union + KD s2024,3-of-5,30.0,FS_smoke__testpos10.826,FS_smoke,positive,outdoor,0.82,1,73.496,1.068
Union + KD s2024,3-of-5,30.0,FS_smoke__testpos11.827,FS_smoke,positive,outdoor,0.45,1,133.136,10.56
Union + KD s2024,3-of-5,30.0,FS_smoke__testpos12.828,FS_smoke,positive,outdoor,0.2,1,298.572,0.067
Union + KD s2024,3-of-5,30.0,FS_smoke__testpos13.829,FS_smoke,positive,outdoor,0.26,1,233.533,0.1
