subset,image,source_label,sha256
F_hard,fh_5722314393105513.jpg,Candle,eca4758ad0f5179fed96e898749bfab1a497a484c5c0df3b99c2fe20d2539fbc
F_hard,fh_3bbc38b3beafe343.jpg,Lamp,d19f03c6b31b74e70026be6da0af27b5d5d158e654baccde5239ee06db1281dd
F_hard,fh_522663ddb176b83f.jpg,Candle,5d2bb85929e501595861ca19560f074868b642538f2983636795e46d98347546
F_hard,fh_2b7a2f9fadb6fc20.jpg,Candle,4d47b7e7a80280e974fb64a0ffd4f172a99a32cda9643b608de3c35545020580
F_hard,fh_91c98f28c55fa147.jpg,Lamp,5c5748c631032a7aa5dc9c50dc26f6890b06bed8878e267953e7edb37a3d3320
F_hard,fh_8ee7bfc2adf361eb.jpg,Candle,d438542154dd178762d21b491e4407bcd41f358f38102869f47f801c54f491b9
F_hard,fh_ff4bb3ffdfcfecba.jpg,Candle,5821394e10ea93dcc83c3835d050ad6e64aa9f79b8794f3652e6ee2d7d364d01
F_hard,fh_891eb3db70a678e8.jpg,Lamp,ae1095c54b00c8ae738f17edf0aea78fb0cfba7e512e69f9f259429fea9e8bc9
F_hard,fh_ed1d7928c9c2bf0d.jpg,Lamp,2ad968943abef13a64c051cd6f93415ad84ec2cabbd2593d5242a89c9492dea8
F_hard,fh_8998c502196e6e51.jpg,Candle,6c779dc907f1f51725ab476756d142f63a7b8989c32bbba1ffaaa643c19b4c33
F_hard,fh_08e03476a5357313.jpg,Candle,d61b3b5e9fad2030372bc1670dc53725e9758e3c3424edc49eeed1e8e3d826ef
F_hard,fh_14b887955f0b193f.jpg,Candle,695bc0c9b89acf6dd06270c8ee7e19a5257c7f6f48075532e9f27db923cdef0d
F_hard,fh_4dbcb861be92912c.jpg,Candle,5d0076fd2117b61e04749a354838118b157cb4ff252ab318c9e1e599dfabbe2a
F_hard,fh_0874f7dcdc6513fe.jpg,Candle,5054e2a1dcdf9e87d4b292068716be8776fc14eb26be557a3eba96853edc4d9a
F_hard,fh_c11ae79e8ebe5a1e.jpg,Lamp,52c94e8e6967531aae59a02eefb66dfdde79dbe9fcda5e29e9aab0b13edb2bc0
F_hard,fh_d10336eb70b71a8b.jpg,Candle,ce30d5a4e80e0fc21e6978fe06351c345725c31bf545f011e6f1abc54072443a
F_hard,fh_c596b26a2b91df91.jpg,Candle,4e5ca0487b0177908a5d94e8edc3ffce1bce58ae5fd4062de67bc27d24e55f05
F_hard,fh_1d5c13500dc4ed77.jpg,Candle,93a8dc431aa43b080107d25eceee8dafb1ac75ef5b2d37d13719cb6c563f67b5
F_hard,fh_3c3b48ed4e7e9694.jpg,Candle,3f6b847e307afbe3f2f6bf5c35aa1d6e5f0a544b51ad3179f6c50a10cb7008b6
F_hard,fh_d380a4392ee24bb3.jpg,Candle,c6b45956416959d2e02b37933ddc933c4dc3fea7e696d4d1cd5031021caeb108
F_hard,fh_874ec92905ddd69d.jpg,Candle,05f2d350618649b5968ce6b8d6ea5114811466b9163ea1eb9ca598ce805fd4fc
F_hard,fh_e0e3c6b870f8c213.jpg,Lamp,c1291407d99b01106ff9c6237027bda2aeecdf525b2f94513ca39505170fe694
F_hard,fh_c9203457ab97042a.jpg,Lamp,fb1d5318ecbce0809a30cad52b65c80f23459df428994dd666666a5cb2cc8c58
F_hard,fh_62099cfb913871d5.jpg,Candle,95485f098c0ac6c8893b3f0d443b3a2adc5510e6ba86bcb93de19f556d2ef646
F_hard,fh_7ec82241cc6bd4cd.jpg,Lamp,e345c122740bd41aacd8d978d27d9b3af0177b220718684684ce6eecdbe6c8a1
F_hard,fh_df9ea78ce7db5f76.jpg,Light bulb,6d4f7773a331c7f523411b5cde8904ab0b73995907dfc14eb8eb80dc6c337611
F_hard,fh_cbc8443a05cf29cc.jpg,Lamp,7fd94641885c9402e2ea14a60147caa1c295a833b37a45b8e55286d6097726e3
F_hard,fh_88269e4e82af0450.jpg,Lamp,6e5475404b137fc24b0d2d60fe939ef38b4852786b95395254c63534eeb38fce
F_hard,fh_c3fd5f3c65c29839.jpg,Lamp,f6637e7bad350343814645b3ddaf2bd482110f7ad501638c763c0d732f71ce03
F_hard,fh_950617238743472f.jpg,Light bulb,37bce794c0d5695ac1e4a8e0febd6bcb2bdb0249d4f9502dfadf038ed8622d2c
F_hard,fh_393656cddf8e828c.jpg,Candle,3511704477a20e63a941d1180ca497ea0acb3a9cfec04816db25b86b92ff6b07
F_hard,fh_d03bc87602737363.jpg,Candle,f18385ac5f0c3e044b82dd7055ee174ff63c5684b74cabd982016b781343c6ee
F_hard,fh_1f3c7384a5c10632.jpg,Candle,7ecb65c61f314f50ab83f39e93ab90763eaa9dd76d71b8d077acdd6c381a4c37
F_hard,fh_0115bcf3941f5cd4.jpg,Candle,490e9a7133fcf4f38ea29024a1ed13f42bb47dd502d65a0761fdcda32fc96258
F_hard,fh_d81220e1f118cbd5.jpg,Candle,5e11865008facc25ea3721c6b5127b096377c52ac96d2fa393dcec3925066664
F_hard,fh_62596926e01e5398.jpg,Lamp,ed9cf63476bc92863ea84044043e3543996217304b7732520c456e23d6075fe1
F_hard,fh_a65e9ea046327e8c.jpg,Lamp,c76134dc218c860c25599cfe09fc357b538e14a6420d1ae68d00b4e08e8603a9
F_hard,fh_12a57562dd803949.jpg,Light bulb,a11ee372f24b7c0dd796b38f5587c3488a8e6368d83fc9b7d031ace5b22af5c3
F_hard,fh_ce0aa696dec671a8.jpg,Candle,e858167589d002905583d9b4a3ba1107b12b447cf7257818110a27c80b390bbc
F_hard,fh_e916dd0b766b2f40.jpg,Lamp,75f790e998e50b9912e46b34066d000ffafd71f02015117e3e475a684a27a96a
F_hard,fh_d10814de11541323.jpg,Candle,1df90576981b8dd7d35f8bdcb6cd24d9ed5ddb68d833a1ea71505d406fa8f535
F_hard,fh_3674819a0aca89d4.jpg,Candle,dd7b50f3fdd448b1fce8ee15d5d03b2352ed92a93543e831ad517cff47b01f99
F_hard,fh_743dbcab02a9971e.jpg,Lamp,abc73ed20453f5b6f766b4948324fa23b28a4539a5592f859684ef60d67e806b
F_hard,fh_a90c22661fe961ff.jpg,Lamp,6ac20bfd7c4d7f99f08a2127f60ddafaad764b2fcfaf3160cadf2177e4c33978
F_hard,fh_db0499337b67676d.jpg,Lamp,fb38f20859faf51b8c230533e5ebe290a7067bfabb719cda92247227732db985
F_hard,fh_0c252a0b60735372.jpg,Candle,98b66e892eff4e5d1c5401d5674bbde8deabd285b0367e01d7c08e53c8e3ea12
F_hard,fh_924d4695abfca81a.jpg,Lamp,cd26e8ec9ebd01d60cd3a6dd4815345a07b253a7e73dd9719e2b9174581295ee
F_hard,fh_d8da33b1f6957b03.jpg,Lamp,b8832856dc0b45dab986a51abc92934e4044220cbf7bfc31175e2def35e22c76
F_hard,fh_48942b0a3a3665e8.jpg,Lamp,9b1da4a40f7ef823817e55077d47b68485a60ce6b44e0b70c19127fb64a84d8e
F_hard,fh_407455f5760f897b.jpg,Candle,510d053c7a63e4dba4cc9b8d9c0703f6a31a153a462783be866515cec8f00b6a
F_hard,fh_a62e778bebb34b2e.jpg,Candle,82074e76bc3d3886e3057612573b763e15921fdfda65ed75b11f8e58aff06c1f
F_hard,fh_6444a4df5169fd8a.jpg,Lamp,fabaa9732ad324e649fda6c9679197ec6e3f2cbea786ec6828e609df98cb45de
F_hard,fh_24b0d4649dca1607.jpg,Candle,ec23d5f7922222912bcf0462d084956097ecf616babefd4ca128fb2f4ba62bbb
F_hard,fh_8756ba1a0e478bfb.jpg,Candle,c77fb821840749dce601cb0c10cff083cc0e91d0751e537dbecbceebd0d898d5
F_hard,fh_4ef724f847299f70.jpg,Lamp,59e1342ae47ec55a8bad5c36c628edfc1edcf3835accbc1f6da50789c7d917b3
F_hard,fh_d217e75b819739b8.jpg,Candle,de6d3dd46b1b8f6ff1282ff6f3c1e610c1464a042c48a2aa76b7f553b0022338
F_hard,fh_8408ace13f460a61.jpg,Candle,9d37b43a56d40704f770b355b3d95642a07c250c81931f1089787d57d5396780
F_hard,fh_75b8a5e18ece3fb7.jpg,Candle,3422dd5524876cba3a6dd9b2e8cb1d92554a85d90b3ddb778434ce43fc80581a
F_hard,fh_8ec72435b470128e.jpg,Light bulb,48223eb1e1232eb7854727e9926897cedca10113404823e65405079875cbc9cb
F_hard,fh_13913ca70068b188.jpg,Candle,37a68487c8c07194a549cca648dc232318e1b963e01e6e01af457b6c17facabe
F_hard,fh_81d71fa7ba420f98.jpg,Candle,eb44ce99ffb2d69da8231f8e797bf042a1a98dbf3e4f423fa1bffab535e78270
F_hard,fh_5526ba96416aab28.jpg,Lamp,e954052853b6b886bb7af9a0eb291e7ce3fdb55035bdd37d8e60893df812cf43
F_hard,fh_7b4e6ecafed7bb6a.jpg,Lamp,a4905b17ededf5ab509fcf657cfaab3acf6b06eb425f74f2aadf6fce856b0d8c
F_hard,fh_6425dde0e29af70c.jpg,Lamp,9dd0bf3f8c3e41f1711a39472615d09a9c76b6116b43e432703c1f2cfe0a9a4f
F_hard,fh_fff3ce694bc02a09.jpg,Lamp,084256178f8e3d5c4a4af1fabc195a701c22ce96f9b57abe00809dbea151d7df
F_hard,fh_e09e14c378d8cd79.jpg,Light bulb,eb9db65654a00a5e28076aa97185b5149a9ab6de63d6e80e350faa4387202bc0
F_hard,fh_8b9281a4efbab37c.jpg,Lamp,5cabe51edae70d4215c69d88ec7ec56738f7d4b899d3d9ef6d30b65eaf3276a5
F_hard,fh_96408d1e35429a4e.jpg,Candle,805c45bddf2db3fdb2728e5217f79c65ec8a8428bbd64fa1c77b0b2abd1abfba
F_hard,fh_25a56c1c5d2c0a01.jpg,Candle,e1098bc1de2d70eca40909b8df0d8db709e769be27fe22142126cc483fb100df
F_hard,fh_688b68d6f8fdb47c.jpg,Light bulb,f773c8787f71a4ef811eabb137cb46ae29fa61599e64e44fe558124b27b9a70d
F_hard,fh_904ec7162c3b4281.jpg,Light bulb,c3f308a2e2ca50719d8f59f9cda3198351aa7fdcbe6d88d5f024a255fb0bbc4a
F_hard,fh_19c9b309c8709868.jpg,Lamp,3ad0c94f71f796744cfc36a1bc9ee12adb550016988cfda38c85d913bbcd5422
F_hard,fh_dc14c46397be6fed.jpg,Candle,a21badcf7be518b4fe341b73806852f34f0ec4466e555d9c99e3f0a81e2e7552
F_hard,fh_aaca2745929bc274.jpg,Lamp,fa7a4cf5c54e842384c21aed9de76b07b6fa78e26ce03976dd1c50158eea465b
F_hard,fh_ef5465560864bfe2.jpg,Candle,1c6411efd1632b07bb50248225abe52f8bf7ac7aa3ee67b9c4216691abf02cc9
F_hard,fh_0fe036c8ee34fb29.jpg,Candle,8f1605d54296d6678f5028f5b46ff2ef8619fba386ce4426f012fa53215139fb
F_hard,fh_940b789f19f4b581.jpg,Lamp,27d8217ca475d7a203d19ef063bb285e5ca6bcfc8e170264768bc90f4c0da1e1
F_hard,fh_feec2e02783442c7.jpg,Candle,710371a4b5ad9877bb8751485c85ac9456af6c573a44e79a6d638c6e3ebfd8ef
F_hard,fh_dc55cb2414e8c7ce.jpg,Lamp,b9386022e3039e1b4a5c837e1714d328ce6c05eb4f49c01e79d123a4d5ac6420
F_hard,fh_d4ce0cf3c7854b99.jpg,Lamp,55a0803e85d875db9b552c6840f3d966d7057a83ad71384caa3ffc5fcc4ee42d
F_hard,fh_66dcab823ea72a7c.jpg,Lamp,f542dfb3643c41b9e99d65298f3f1acd9b92359a9e7becf1ea95a364ec7ad588
F_hard,fh_c65bef1decbceb5b.jpg,Lamp,f30a5eb7b2f8f998f65da4de831eaa5c87a403dd09c525364ffda9e5a64c9e70
F_hard,fh_109856ab36a1f13d.jpg,Candle,b98afe9de73541a7f921b80b4a5b19af9e1e6de92738d12a10a69ee51db90e3c
F_hard,fh_9fbfc457317811cf.jpg,Lamp,7e1a2763f4a846f51c4b65d4f4229d618e8d5992955007972d0ad7cd6cd1ea75
F_hard,fh_5db1bf4fd366b073.jpg,Lamp,2112ef53884b667346f8a84fc9b1a435491894d8fd1f0bc2f11ac1935cad4b2a
F_hard,fh_5c33f87aa8823aea.jpg,Candle,b00a29d69fd851da88eda3fe6108962ac0127cebe2b3b9a7a6abdab89279844b
F_hard,fh_69bb8328d799441f.jpg,Candle,72f5578fc90326822cb5fcf2fd28da4594ef3fbd1353219a650b6d3f5a6ded36
F_hard,fh_8289e44957b30080.jpg,Candle,ab901a7c382b0c126d8e0488cd1c591dd5a86b646cc908269a4000f1a7276ac0
F_hard,fh_f990ac8d292562c1.jpg,Candle,f85c5a7d2479003b57a221561735df88da4a4df7e5dee9867eddd836b3ec99bb
F_hard,fh_7312b03987f01b91.jpg,Candle,8f57d81726083e41c9305726287c9485817ddc4717bf3e9db51f81dbe75183d1
F_hard,fh_f65272bf4559626c.jpg,Candle,8e6c311042a2f6ac15417d0882fd5f7fe71e5f405c694b1fba50f76a7a5d1844
F_hard,fh_5e2613876a89a2e5.jpg,Candle,3c60e77c0b2f3b5d8088064049758ada7411b4fa9cef5badc688dca691fe24ab
F_hard,fh_43b8a0820a3e3cfe.jpg,Candle,8b4e3c4bde9410201ded00d0aaa1d6054533a2e8aa991598fc9962262fbaa268
F_hard,fh_399f58a7cb8f02a9.jpg,Candle,18cec45e62e1b58edf85e953af81dde5e6dd3b4f5165ad7b6927515b1cb7a370
F_hard,fh_37dae6b07dce4279.jpg,Lamp,48408811e408412996c2d306f4e7a638aa9da7fe7cd701b81eaddb3903df195f
F_hard,fh_b1b39e439466ed24.jpg,Lamp,01dd9a92246f026dd111a54257571dade7038ecefefc5fa12da4ce81592fb5a2
F_hard,fh_2fc204f1f507a19b.jpg,Candle,ca944a3027add7b573a4408c8a384e32f603296d51800e854cf104a6e312af7f
F_hard,fh_b281c4652d262f5f.jpg,Candle,b87ac1421d25fbe1c6f6c2663a4c69ca9bfcc1b50ac80aa39c7f7e999292fdbb
F_hard,fh_c7c6b8914ff6e902.jpg,Candle,b177583b81bcf7b86feba9bc3ab9b66178f58cce9f59e7942e9907eb68375e10
F_hard,fh_7b8a74d6f2dad295.jpg,Light bulb,b99d98e5fbf6834e6bf61b3ba891861989da8dc62e82e06e18acd4688901dfbf
F_hard,fh_91818c2bb02e43cf.jpg,Lamp,e09eeb81af17dad58393ef145452234fc2d443aacc2caa6199c3966f8f794adf
F_novel,fn_4688e6220a92562a.jpg,Traffic light,eba0a2ea60f7fe74b8e70104eb61d74686a8ad3960ed2fb64c03b57150571282
F_novel,fn_5b54678ebd8b8af3.jpg,Traffic light,1aa4d2f7a08aa8485225d30aebfec6bf755966a581b79a7288f4f9dff22a4939
F_novel,fn_7ec82241cc6bd4cd.jpg,Lantern,e345c122740bd41aacd8d978d27d9b3af0177b220718684684ce6eecdbe6c8a1
F_novel,fn_322b92ebda5b99df.jpg,Street light,90393abb34ff351376ce00261787e1bfc01ce0ae3e492a734fa6a11b273cb1b2
F_novel,fn_5e0a138b32ed3dbf.jpg,Traffic light,507a99f5f1baa5c5ccb03f282f7e6bc657b53daaaa5fcd42893b3bd9fe84a169
F_novel,fn_097c86aea267dfe2.jpg,Lantern,7919ba86ed93c2ba9940342ec9bec6cbee146d418e2db0e622d485b7fa2e7e9e
F_novel,fn_5db1bf4fd366b073.jpg,Street light,2112ef53884b667346f8a84fc9b1a435491894d8fd1f0bc2f11ac1935cad4b2a
F_novel,fn_2b65ea9e19e131c5.jpg,Street light,3d6bae84f8e0b2046f041d704dfd393220f5067503d2efd0e79765abd9ffd8ef
F_novel,fn_249a2795bdf98131.jpg,Street light,ee5cd1896a63c793b41d3a273e023ccd025de62475158389705dcb5746559ef0
F_novel,fn_48942b0a3a3665e8.jpg,Lantern,9b1da4a40f7ef823817e55077d47b68485a60ce6b44e0b70c19127fb64a84d8e
F_novel,fn_2e969144f13eb1dc.jpg,Traffic light,878d7a85ec34ca21d769f1b284db17abc3b98a682c6a8892483104233e8039e4
F_novel,fn_ace4c78a53b7fe9b.jpg,Street light,c747dd3b45839cff02e14bca88bd017f702750ea4ae41887497eda66cedf9359
F_novel,fn_9d67e0779ade6975.jpg,Street light,7c0584ca1f215d90d313aab8753400987d0ae73bc1a3184d61144011f17abd78
F_novel,fn_2c0e54cb2dcad01d.jpg,Street light,c1dde6e0ce01d34d4c60660da38be9ccf84ceb23b6a0907488bc527f628bff98
F_novel,fn_79445a6e49ee53b9.jpg,Traffic light,7bc2271bcba041f6e5f1dd39be65ee4ef73e1771de6e383fdffd9f47705f4976
F_novel,fn_94c99b3aea7ee041.jpg,Street light,14e8f8d5a3abbd42d3a2437dbf9d0ee9299da5c355ffc91c2f87a73961dfff77
F_novel,fn_96744f538a0965d7.jpg,Lantern,c04e27c15bca7ec850862f194d1ff50fd45d3b626895072e4fff8ea0f16d747a
F_novel,fn_472433c727aa4d93.jpg,Traffic light,409cd8471379eb05c55760c3e509351e7dcbec8686a98d15f9e0cfd43b39e7fa
F_novel,fn_a3cc8ac6c6b053f8.jpg,Street light,bdec27408c26c8d93a445574c2154bf389bb9fd358357ee90a648dbc4c3cd293
F_novel,fn_6163afc061ffa0f8.jpg,Street light,411947866ddeb2cb3dd0c502784c137f53ee6e9e72b1601788f3fe7bad74db87
F_novel,fn_88269e4e82af0450.jpg,Lantern,6e5475404b137fc24b0d2d60fe939ef38b4852786b95395254c63534eeb38fce
F_novel,fn_97531c58b0f8804f.jpg,Lantern,026641f051cbed4fed76798d2a68c939051967d96a68a015754d8c6c64477000
F_novel,fn_8d1e53413cd9c13f.jpg,Traffic light,043e9710709ddabc88099c2dd9f416c2be228b25b2e16f2b091df3d4561fa769
F_novel,fn_7b4e6ecafed7bb6a.jpg,Street light,a4905b17ededf5ab509fcf657cfaab3acf6b06eb425f74f2aadf6fce856b0d8c
F_novel,fn_41cb22167fe296b1.jpg,Street light,182e0596e9be5656a521b341082cc8317d75af6401c8f215049cd8e775c91cef
F_novel,fn_9c7e9f0b7713352b.jpg,Street light,45608de36cdb93e708bfa1d41e3b420d3b070eede0cc207e62e7147b8bb8f018
F_novel,fn_32f8b86702777556.jpg,Street light,3b52b43c9bb884ed74532077dd1e84d37e2aa0c283fdc64f5720c372a1e8e2d3
F_novel,fn_d7deef955e16cc20.jpg,Traffic light,461ea3451dc7cf2876d8275db1809ce40afdfb2fc4d8660b5398c23648fd0a66
F_novel,fn_c11ae79e8ebe5a1e.jpg,Lantern,52c94e8e6967531aae59a02eefb66dfdde79dbe9fcda5e29e9aab0b13edb2bc0
F_novel,fn_6ca9e9d35f11da00.jpg,Lantern,800734888f722946198017a3a47f19df4e13de4b5ced19acd548a04b90093e2b
F_novel,fn_2914a357e04fdc8f.jpg,Torch,b87f89e5df0f7e432d7aa1d3accd1846535d896d36781aa514422e1145fbc62c
F_novel,fn_acceb61fd5fd7294.jpg,Street light,e7380898e7eff11b9cbd2e7f63212d08d15b160f23a861120e56b95a65294d9d
F_novel,fn_279556606656ca95.jpg,Flashlight,cea1f5cdd94bc1055e61ce98c6673e4e77a443f0c000928ff3cda272873a315f
F_novel,fn_1858c0edbff1ae49.jpg,Traffic light,7555fb96d47659912035572ce39deea94d6f3b1dd39ecc3509b55a3cf4782c54
F_novel,fn_71c3eb3687efa946.jpg,Traffic light,1551c423a0f16ffcf319c4faae868532152608927ca4d01ae3dc310419acbd2b
F_novel,fn_b8a3f2ea385e45b3.jpg,Traffic light,2f69797f922c3c8224ba41c720b86d8da7ee3413f56ce6f50be0a841ec5e5514
F_novel,fn_1cd04797f44a04a1.jpg,Traffic light,95bd1da3e0a8cb6d13d63c42c169dd6132ee8442223b5f866cb8bd54be6b101d
F_novel,fn_e1c96dc774b75983.jpg,Street light,bec127994de3786f33313a9bcde51daa4cacd369516696b4672c22937ca4e69c
F_novel,fn_cfd0c9a8638d71ef.jpg,Flashlight,93e3448ab81bac545a22fd6914c36b047dd2f469561b74cd0d3c39be5de4a76f
F_novel,fn_3602eb7683bd7064.jpg,Lantern,47bcce505fbc01d021546235aa940ec68011fbbc7255d251a2c6f0193c4dfc6c
F_novel,fn_ad9a8dc4642fc95f.jpg,Traffic light,92ca5a6f697b15a6ec9ce56fa72e0b3240ee9da0d560ef7dff2e086b3d2e1430
F_novel,fn_875667d43e5399c0.jpg,Lantern,7e9b58a96fa7d896c2daff40c4e2705ca6732d1facc573d2e09780bd5ad5776c
F_novel,fn_ca3cf9474e63d528.jpg,Street light,2929d4530a07c57bbf943fb01b569d9a1c5e1f2841c97626415abeeb5cb7cdc9
F_novel,fn_7f41370fa8018909.jpg,Street light,388228d6d35608fc2580250370c722b5a2ef95180bbd62032f6bf5e28e93122e
F_novel,fn_8f13fabf9ad5f7f8.jpg,Street light,5fb7e76068da41d8d69dd2f1410b7aef811db0a82169d1480b750f717ab3356e
F_novel,fn_8af26db63ff23f56.jpg,Street light,ee609dc6907653c034b93c40e55749147baf5987b9d92cc1a54bb587d5185c3b
F_novel,fn_c7b1e6f7c38fa1a0.jpg,Traffic light,a8891e9060fe5db00956bf8e6669eeb1bdaf2e3a4f43594db335436c906e7c3c
F_novel,fn_0660c06266751279.jpg,Traffic light,85f1141b5e287970ce94c00fe8196ae4ea2e10159a000b3c012ee903e9180830
F_novel,fn_b3977406bc377a5a.jpg,Street light,ca08a7cbcbb920cea8d834899c5bc125578f618c2430aa0a8e7273e285e7982c
F_novel,fn_b22a4af224e2a84a.jpg,Street light,524a61772c2911a4b04b29848d53280c780ee296f4db557c7fb586fad3df3bef
F_novel,fn_97293a439963c5f2.jpg,Street light,7ff230e5903ca3f596d5d8d526d4b9bbc773f3461916f781f81b4d62c71ff917
F_novel,fn_ab40dc67263bc0ab.jpg,Street light,fc02735cb546dcb848e92381f816f2ee147ae63488b74f86a3d258994e15c723
F_novel,fn_d212bda4b8663030.jpg,Street light,264127f8134c662151e74b58f43e8cbe311fd8fab2a31799c1033f236acf97c3
F_novel,fn_3151bc45702cdb5c.jpg,Street light,534078efd057d6bb6d3100e1238a3f306966a45a70c008c2e9a06ca3a7459417
F_novel,fn_c9203457ab97042a.jpg,Lantern,fb1d5318ecbce0809a30cad52b65c80f23459df428994dd666666a5cb2cc8c58
F_novel,fn_ee267b62fd17a9b1.jpg,Traffic light,4802c4a398bdca229fc8a33a6000b789227db1d7a213462999d7dfae189d7f22
F_novel,fn_37be73f83c029f49.jpg,Traffic light,c989579b8aaddab87c6c577cb2a172e4bc3cf1fa21daaebd097e0d2322d8fa8d
F_novel,fn_91c5e0d7bbf20fa4.jpg,Flashlight,1d80a58d49a093b96470d5ba35e78da0a12acf506a0204c7f52898785c748fef
F_novel,fn_f3790ea042f972de.jpg,Street light,18ed29457efdc9dd08caa397b376236cbc3d355392b0dd1d2fbc57b0fd454511
F_novel,fn_644395d01b541528.jpg,Street light,40ccf65b1b5789bbad164c2b8bd1606787f9b08772e734cd2c6394bfb0f6dd05
F_novel,fn_2feba53355b4e765.jpg,Lantern,e91f46427f590b53b2423c3a8cf6cecc22b9361275e813044aa1c72be83a2bcd
F_cross,fc_WEB09994.jpg,D-Fire test,80634c8421ac78b864decb68e228fc1c166e64cae00bfd3e35ba400cb2a3b2f1
F_cross,fc_WEB10025.jpg,D-Fire test,bf71ee0266ba6c8fdf9a9fd1211ba8ef2888c9230d9a7297e4312805b8720dc9
F_cross,fc_WEB10116.jpg,D-Fire test,f3f427ddab74c2f5736997684525e711c24a2baebda212af81b3bb0b589404b4
F_cross,fc_WEB10352.jpg,D-Fire test,861faa499196d8c54909157e2e888d194d228b75423f0ccbea2680820add7579
F_cross,fc_WEB10341.jpg,D-Fire test,af9a2067f82298c5a00038d078a609d0f702c0ed0f05de7ff3c31d5ea1832cf8
F_cross,fc_WEB09740.jpg,D-Fire test,7124d257037da5ec76bb337141d274ebad313bef66953db671d9fb04cf9549b0
F_cross,fc_WEB10307.jpg,D-Fire test,49804e1951cce46270a4ab5749696ed261df458a7add3d66628c42846db1ed76
F_cross,fc_AoF06813.jpg,D-Fire test,79752776b8424a93b9a08d1f375424339f1ba5835f30e2649ed7c81c9c852f55
F_cross,fc_WEB09500.jpg,D-Fire test,7da701f0580aeec4be44b48e0fa271ddfceed42a9de70a0d07bd8615dc61cc4d
F_cross,fc_WEB09527.jpg,D-Fire test,8f6169a4d5024290f01cf49be412543cff2abded06c007afd2ee1b36f4025499
F_cross,fc_AoF06966.jpg,D-Fire test,9d0527be693305c378f88f09a851611afb585885fc8996dfa4e7573473d65a89
F_cross,fc_PublicDataset01296.jpg,D-Fire test,ea0f7b1e35ea57775ae42affe21f27bbce032b8614cf6a837ae5f1baed5a55c5
F_cross,fc_WEB10224.jpg,D-Fire test,1d0e242424aba2faff5b8fc7cf2edf3aee43aadb14588dd74cc8944094bba01b
F_cross,fc_WEB09600.jpg,D-Fire test,9dcd8bec1cd1c0be5e63b52e6c74a16837240f5007eb0a73445416833e5be9de
F_cross,fc_WEB10343.jpg,D-Fire test,76a86268565ef46e24eb7c0f349ce337304ce4acc533b49bbf5a294215e06b4f
F_cross,fc_WEB10049.jpg,D-Fire test,f1b165dcd8a37776a2f0763545f5025ac4f6a6d6e2fab1f318aa2ec079ddd85e
F_cross,fc_AoF07057.jpg,D-Fire test,c2d1fcab471e585d5b9a6a049ff1cfb56d7f64d90ee12856e316c931e911eaae
F_cross,fc_WEB09972.jpg,D-Fire test,61e41e4ea26e9cbdcb4a126be871ce609c64689f965e9591546d4b1e9574bc9c
F_cross,fc_WEB09781.jpg,D-Fire test,61bc6560035cf4fd6f6e58349059c6a6cc220c3b55046449d04fe0c65e84b96a
F_cross,fc_AoF07644.jpg,D-Fire test,9174a77013e8b3a8c130b9ddb77aa0cef2adf5763e1d5ec390dacbbb39e26be9
F_cross,fc_WEB09501.jpg,D-Fire test,fb38b075845ce1e7665c37b26698cb1743094f21d2cda81263564b5d737d9bc4
F_cross,fc_WEB09741.jpg,D-Fire test,f5c67b0ae07ad12d025a3f553aaabc0b04a666737e26a06582411d01a37e0ee8
F_cross,fc_WEB10096.jpg,D-Fire test,223355c73a42f1f2ff5a87ff40537a66a2fc2c64978fd2172847e56681ec9862
F_cross,fc_AoF07622.jpg,D-Fire test,8192ba6bef1dde1e8a33ef7d430c4a5709c318166e48ca5a3fe9dfa7ca0b9cbb
F_cross,fc_WEB10420.jpg,D-Fire test,ae3593ad5c731435369bc5e85c7af3c3ff48ede215bf50daf5db594453c0c538
F_cross,fc_WEB10274.jpg,D-Fire test,d1c8d40cfa596d2066a642af7acc8b0c4e7ddf0bbd3afb55bb2c45f27edbe8e5
F_cross,fc_WEB09548.jpg,D-Fire test,a40cd98f6c11d9ea91b6015e0715c2ac03756bcce89e4f24d9c66df42934c558
F_cross,fc_AoF07437.jpg,D-Fire test,d3f759bb53fee199db0e72b3a2bba3bed89c1ec2b4af220fc6d89dcf3ac58ccf
F_cross,fc_WEB10333.jpg,D-Fire test,477a6d484938772a7ca7a6ff5e00e869cc4fb491eb952e6f317fa078de05dbc9
F_cross,fc_WEB09507.jpg,D-Fire test,2e4a695de39acddf3bc3f563ed2d8ca39197d04de9e918a288172615112388bb
F_cross,fc_WEB09987.jpg,D-Fire test,29e13d1c38003fe1ff3e64d483da3832ec37fbb80728b682a0c784cc8296d8ce
F_cross,fc_WEB10196.jpg,D-Fire test,b90d89d2f4ebebc1a889d4be81593588972c13eb23ee1208941112f7fef7a917
F_cross,fc_WEB09938.jpg,D-Fire test,9dae41be73e1169264140bc8c3b2b338b0eddcb40fb34799c2339bfa225f957b
F_cross,fc_WEB09773.jpg,D-Fire test,e64056f19f35cd1d05075fde40ff3e511b75bd83571ff7a9fd53e4bbad09e2f4
F_cross,fc_WEB10395.jpg,D-Fire test,c9b985810c8d0f6004d68db428b3cc066c3419a7d2c49625ff96dde4e501cd77
F_cross,fc_WEB10002.jpg,D-Fire test,427e8e124795c9dba514812efcd2f2d86654ef7821a5e41f7706bdcabcb85943
F_cross,fc_WEB09746.jpg,D-Fire test,315f3c44889d98fc86c679f02c9731f369b51f58885e96e78a9b3a37c1e7e2b1
F_cross,fc_WEB09543.jpg,D-Fire test,6d780d58cfc0e0bb496caf12704438acb134dfa5356d01164ef08c93da3dea68
F_cross,fc_AoF07544.jpg,D-Fire test,fe9ddc388c35680e57d064010e4fbc6cb25ec5e54af62ca0a0ecc77e61eb95e4
F_cross,fc_WEB09827.jpg,D-Fire test,4da9309918a8cb8246a8e501d44ff35723eb5e30462f0f3d0a7cf9628f154782
F_cross,fc_AoF07109.jpg,D-Fire test,034238399f0c04b4cb90dd594f71bb7932b431b3d5032777634750584f5a9e50
F_cross,fc_WEB10004.jpg,D-Fire test,5cbd285acec9c07000dde716329088ebdf15e17a1ec825ba050481018b7c35a5
F_cross,fc_WEB09771.jpg,D-Fire test,1761e99564e61aeed86f296ef3d880a7227aa657ebdde805d7469a7dcc02c98c
F_cross,fc_WEB10321.jpg,D-Fire test,8092a0b43071bb77518cafbf4a197421cb3e918a4814c8e11bc3e7f3d98bd02b
F_cross,fc_WEB10187.jpg,D-Fire test,64a17b43bafa20ecba4427623f4106209503d024e8975ec025da27cd66c4978a
F_cross,fc_WEB10146.jpg,D-Fire test,b19936fd45d53adcdfd5040789903daf672b7c7e6dfe7923c9a9f33e3cd87756
F_cross,fc_WEB09925.jpg,D-Fire test,040dff286f431689c69c9f91a7918f1147afe4e404a766e88eac82cf415416ef
F_cross,fc_WEB09936.jpg,D-Fire test,63d1f6d1a67a1e8b8d368aab834dafdb81aad77c6e99a3072665891b3fadae5d
F_cross,fc_AoF07442.jpg,D-Fire test,1ed7f2d878c97cdb5ac1d232d002a2d211ad2b8bddb70bd89f42c193a4211309
F_cross,fc_WEB09562.jpg,D-Fire test,05f392afd77d6e638f4c63720fc0f76a5b13322a8813fecd13c5d2a7ad253b6f
F_cross,fc_WEB10102.jpg,D-Fire test,3bf3167faa6f6ae1aac87dad121126339480fe86a5a88741129737474ecae28d
F_cross,fc_WEB09685.jpg,D-Fire test,8561601cd7a9ffee88bca5221dfba5308f5a62e05b305068cf25f820f287b7cd
F_cross,fc_AoF07332.jpg,D-Fire test,18b943905153fa76f336d6613ed63c42b3bc50ace3244df7ff081fd0ac1a9107
F_cross,fc_WEB10034.jpg,D-Fire test,8f56e4abf8c0a74f2ac89fc2ed91392c579b49f6e3cbbcba4ee8fe36ae1f8e4d
F_cross,fc_AoF07617.jpg,D-Fire test,401e3a4f32e04e189bc3304b2d081e48a186aef02d3dd6e335a1a90cb9988115
F_cross,fc_WEB09834.jpg,D-Fire test,b95b9a93ebd1f5772e882d4569aebd14ec6de6f107544d49271247496b7bc226
F_cross,fc_WEB10284.jpg,D-Fire test,a692acc9c8a114dbbfc6b3b0e9b6d6c4c481cc82a5a6ddd043d99267717520b1
F_cross,fc_WEB10288.jpg,D-Fire test,722046569efd3a5f0f8ab003b73d97949495bfa2e6f7884e233a7cd687d649d7
F_cross,fc_WEB10269.jpg,D-Fire test,2b1ac910a9e74412852cd7e93eef3e7e0684d5faa758311181745b361ea80e96
F_cross,fc_WEB09968.jpg,D-Fire test,4bbe48f621055bbe225a5e134644ac68be3ed7172a03f03be2b93160831705a8
F_cross,fc_WEB10115.jpg,D-Fire test,5daf0a2cff66a065aa487a3412948c6cb76ba5719dd2d21c87633805abb36a26
F_cross,fc_WEB09823.jpg,D-Fire test,7fc2925aaffa05f173f5f56d8deceb1956fd27a7e8f6e96bad48e59593d607e1
F_cross,fc_WEB09826.jpg,D-Fire test,404bf7d1e7a6c2b9f97d9c007d5ed13891b2f39e2e32a536c0144317994b71ee
F_cross,fc_WEB10300.jpg,D-Fire test,e6d7869051c60ada4783de3430ba4c520426ca643ab4fbb4b34a56020fc8d1d8
F_cross,fc_WEB09957.jpg,D-Fire test,d36de789eccdb084a9ba405a660e8ffea02c6adfe0b3bdf751fa9c09634e3522
F_cross,fc_WEB10095.jpg,D-Fire test,b51940c265387a1e752708cc298134229e06a177915e4a9ac9362e4ec1b5be27
F_cross,fc_AoF07074.jpg,D-Fire test,3526669aea3a556c76a5667c28c2ec2aca1dff3f64ed393ff75e7e5788f4beb8
F_cross,fc_WEB10027.jpg,D-Fire test,9b6811d62f4ed52aefcd8ff8f0a140a2e2cab071617f7a972935eabdc612d239
F_cross,fc_WEB09574.jpg,D-Fire test,05aaffffb331cfa51214f01bb40874281a9a63d077f56195e4a6dcb4de3e97c2
F_cross,fc_WEB09666.jpg,D-Fire test,c64a76d3b127da4557b2ff168fcb8eaf1633aee0aae72d83d1a8a0bbd1eec060
F_cross,fc_WEB09931.jpg,D-Fire test,c5ad746c09764c8be4d61ea78821b05ad3fe896cee9d235087f67ae5c5f949ba
F_cross,fc_PublicDataset01292.jpg,D-Fire test,10907a14692ca5d8d57ba121274242d3eeef707c10280f23a2704b686013b43d
F_cross,fc_WEB10191.jpg,D-Fire test,277cbf380a997137f66c527dd0f79aa04c6d89575ec5c6e1c3777f88c0a2e44b
F_cross,fc_WEB09981.jpg,D-Fire test,f05d7628da4e7af20425d76db0a9d494a0cc3ddd0c1f036fa8ba10d3d6232fa2
F_cross,fc_WEB10427.jpg,D-Fire test,19fc67c98c17e96f16b69119b764ffc72618a13f0840edeeb12a3f65dc453db7
F_cross,fc_WEB10425.jpg,D-Fire test,efe6c51915f6c195115ad27c6eea32b9b2fed1e76de2773d42dec98dc86a580c
F_cross,fc_WEB09585.jpg,D-Fire test,a8d0cf25a751b3acfe16f590c8850cedcf783a7e54430d4ba78369cde72f0982
F_cross,fc_WEB09952.jpg,D-Fire test,baea211295972039419875fc935ed952e061904dfbc5cbf72ea614b6cf910b2a
F_cross,fc_WEB10064.jpg,D-Fire test,9934b1bf5d6a92e1a6ee38bcb2486f9805a7083a2b66318243b7a6c742993f47
F_cross,fc_AoF06734.jpg,D-Fire test,5cde8437cf5c6846513445648eed76794836bbce0c8b1ea290fc0ea60eefbae0
F_cross,fc_AoF07331.jpg,D-Fire test,da9a0e378da0a389de4feb965ecfdc61575be89ead1a116ec50732c6a82cad51
F_cross,fc_WEB10047.jpg,D-Fire test,b04f4d8185d700fb9f7229c1a4613b8d3dfdc750dce33a9e1d165997b7478797
F_cross,fc_WEB09503.jpg,D-Fire test,ae1150b6a15e5538b423eb1881d35bf52651607c4d76cfba43b5cdc91ab1fc97
F_cross,fc_WEB09802.jpg,D-Fire test,e21ca9744c76f46b8de827afff314d20bb24a8594abd0ccb2df4861f08dd3cb9
F_cross,fc_WEB10219.jpg,D-Fire test,9f0a34904d60fc1a97a1ebbfcae2e3c7d69de359c7af24a6c57093aa787576de
F_cross,fc_AoF07253.jpg,D-Fire test,0ad370115ba7e9df7233e5308a3bb9ca2e4792ddd2d74038345399018081d2f6
F_cross,fc_WEB09684.jpg,D-Fire test,a2d37061b16209e70cc2b4304d85ad3c817e6c6e916bef278cffd04db0f9340d
F_cross,fc_WEB09672.jpg,D-Fire test,f1cde30afa5dc8473f9817043812a5056014fb681abe20c35017e9861a385aef
F_cross,fc_WEB10080.jpg,D-Fire test,f2e32b548456f5392c71d5bfe4da423f91b80dbf6e9b42db059c3fe170c752dc
F_cross,fc_WEB10035.jpg,D-Fire test,7b97879d023c8dd15c4ce347bdbb6efb608a94b7031086e743de1fd95db3b054
F_cross,fc_AoF07692.jpg,D-Fire test,8e46f4e5073a67a3754a62939eb323d32fac6e866ecfec18834f8c3edabb7390
F_cross,fc_WEB10217.jpg,D-Fire test,7d64f52101df1967cca776fc38fe92805b2da7370baf8436fb70c104198e5efd
F_cross,fc_AoF07312.jpg,D-Fire test,495683641e7f70d6b9f29cd2c0946ba98f6934574746efcb1774c3f6da30eb71
F_cross,fc_WEB09643.jpg,D-Fire test,2cd2a641b64454cd0e29bdac919a4e8859adadc9acfdce0c5edf817132a40444
F_cross,fc_AoF07313.jpg,D-Fire test,2af01a18341a44e756db6e6f77fd47677928a54b160fc2f35155cbca5388b7fe
F_cross,fc_AoF07008.jpg,D-Fire test,8c471302753c818c2d64c53d6fdae6bf4482d82bb026d835bd0cd1ea9876eaa9
F_cross,fc_WEB10165.jpg,D-Fire test,cb7ec34d0f3245bbad019928e533031a10bd6d9c4d4c0707a2de508fc1862e53
F_cross,fc_WEB10135.jpg,D-Fire test,13283eeca12ca38e9522d7e01f35841445f04676eb2b8a4b613bd752f7926628
F_cross,fc_WEB10311.jpg,D-Fire test,5b2fbb0af3d19a5698663bb61b0da92cca0a37297ddda8e3a1116c5193687fb6
F_cross,fc_WEB10128.jpg,D-Fire test,b05550bb5c0aa13548c67e15e79c01fcd3c3cb0ef00a36e69f72beca11640af0
F_cross,fc_WEB09445.jpg,D-Fire test,3f250e3f0678fc205d77ffbc5cf7240e2a8904b83a221a0fb40b3988c898a1b1
F_cross,fc_PublicDataset01315.jpg,D-Fire test,5ebb335a1a5635d08dade60fb5afb72b3922d4cc266fe23b975ea6a13d6c495e
F_cross,fc_WEB10317.jpg,D-Fire test,96df750e64149a92697b7b44ee9e7512c3aa1c2ea13933b2f2d8a4039350acd9
F_cross,fc_WEB10105.jpg,D-Fire test,afd94caf88cfa7eb67ae765e4b51838f0f6aef9580f517173068873d73e0d863
F_cross,fc_AoF07007.jpg,D-Fire test,b224e68ef37cd0a0b7e3c1d9b9d928153536ca720a9820a499bdd85dbe9ab0d6
F_cross,fc_AoF07676.jpg,D-Fire test,a41805ee58f365151f1dacdc984d0fe9480454842eb41c8481111541a117ec4f
F_cross,fc_AoF06856.jpg,D-Fire test,506e9910572aed2766d011ac565883cbfb35ef87626a43f434213181d518c7fc
F_cross,fc_AoF07184.jpg,D-Fire test,8f943deab2d68764dd5950fd2abf8d28ad21b895df1dc001a10c9ee2f66763ba
F_cross,fc_AoF07705.jpg,D-Fire test,2e88762fc77c7ab7e8c064b90122ce9fdf89f3f01939ca8078b51f59098244fe
F_cross,fc_WEB09992.jpg,D-Fire test,5b8532da030b1066b3cb0727f571ab68df8aec423d81e9c282c6635194dfe782
F_cross,fc_AoF07059.jpg,D-Fire test,911703c9fe0f0ae06494a4196e3b4606d9bb8ac6137279c1b7c500b9f8262478
F_cross,fc_WEB10208.jpg,D-Fire test,f4ba13192767179c6fa3d36ac5cdda6ddd44f69051d32ca052e3e02d7c495eb0
F_cross,fc_WEB09520.jpg,D-Fire test,5d025cfa77eea890cdf896bc76522e4e920f2165a82aadcb6bb2cad00d9076dc
F_cross,fc_WEB09877.jpg,D-Fire test,9c1b9e6cb5c4bdc1332f279f224b722587b79786558a116be64c504739224be3
F_cross,fc_WEB10373.jpg,D-Fire test,3b9e776e9945815c576c5ff02d5609d1dec1a2d0fdc2c471e9db39dfcb9902d5
F_cross,fc_AoF06919.jpg,D-Fire test,a1e65b0de6d8bd7ac36ef9a340cd467ee5a9bb5cfbca7b33442bac81d6f70a83
F_cross,fc_WEB09947.jpg,D-Fire test,1694179d0cbf47abcb383889ee9f1df72ca83a2113d3f09182fdb2ca4b8efb27
F_cross,fc_AoF07164.jpg,D-Fire test,d8074c4b95b60b373273a148e516f9c4828d18953b2267a524a4c531d4f3adf9
F_cross,fc_WEB09980.jpg,D-Fire test,226a177088e51e5da87ba69cc0e963911f1ed952a3ef3bbae44e7bedac1947d0
F_cross,fc_WEB10171.jpg,D-Fire test,5f1be1fbab558201b11df221df0d8f454130e18b708394740ac35b0e47c858d3
F_cross,fc_WEB09950.jpg,D-Fire test,78e01f3c949497a9e0b238fc20f7f941720b5a9159b63a5a0a4f0de97381a420
F_cross,fc_WEB10233.jpg,D-Fire test,30561716980c8c8f88ff66e3f7955e191e93a95f3a9f88bef3983e21d3bfd29c
F_cross,fc_WEB10129.jpg,D-Fire test,ffc7f5830ff7a7dfd3dff069b75cc14fbf90ca7a71d95a7e717dc00692b14749
F_cross,fc_WEB10309.jpg,D-Fire test,371eb9b2990d2e4f294c8d2fff4df3ef4fb122999d80bd8b73968060751206f1
F_cross,fc_WEB09464.jpg,D-Fire test,3b189db6b2e193e908c22d4f846bc88f88f2ab3c382bfa269f34b92d3735660f
F_cross,fc_AoF07648.jpg,D-Fire test,ec0fc594e58690389780b45b1c14eaab9910ea63a6d1442da51f03db0c3e8b84
F_cross,fc_WEB09959.jpg,D-Fire test,0bbfc9623a82acb85b0a2c527e571c8f40b279e6d1016e016f4f0f7c2006789f
F_cross,fc_WEB10323.jpg,D-Fire test,57954f939df64aec23f5b80b9e25d6ca35eea34c3374790d0c6b1c9daa613f3b
F_cross,fc_AoF06952.jpg,D-Fire test,9f27eb036d414b016958bdbde5c4a1e3bb2e786eb2e4f09aaaaa11bd352f60a6
F_cross,fc_WEB09498.jpg,D-Fire test,6bf4b5856048d36b0e71e2dcbc0260b8f60bf81ebcf2314daab282779727247b
F_cross,fc_WEB10293.jpg,D-Fire test,41cdc606fd441f13b9d1fd86ac75409c9b50c1f57bc73b8da3e68357332708ba
F_cross,fc_WEB09718.jpg,D-Fire test,b59ca380b0594717689703c5a46ddfce60aab29e6fadc511ae9ab633633b2285
F_cross,fc_WEB09475.jpg,D-Fire test,e369cad04b3361feee933588d41b478f000695bee64d7b71337e224edfcdd8b8
F_cross,fc_WEB10055.jpg,D-Fire test,b483affc2fe2f1454891d01a6203d1318a5d0ce3854709f0d722ca60dfb10374
F_cross,fc_WEB09494.jpg,D-Fire test,85d9817fff3e07a433f3ff2b17ff49814b60be6e5cffacf62fe738034d9613a9
F_cross,fc_AoF07087.jpg,D-Fire test,1b32800c57732769e46d4bc595224ea25e55ce6e768108d889f5a16115fb5e43
F_cross,fc_WEB10249.jpg,D-Fire test,e8920b67c5cdbdf21f2db28c1b085dbffedbbc8b86b0315e089f0df71a4135f1
F_cross,fc_WEB10121.jpg,D-Fire test,548ef186a0da40032b927688f9ac554bfe82cb789383c54cae66e171f452422a
F_cross,fc_WEB09855.jpg,D-Fire test,40b4ca533dd0e05b52473e5e380603ad9db5e1eb319feaeb8991d3f1262e5148
F_cross,fc_AoF07421.jpg,D-Fire test,d197dd39cb3589a9893cda7a04011396ae909c7811012ffbba165f50ee5b6afa
F_cross,fc_AoF07160.jpg,D-Fire test,7feac616ec09c5cb4e67ba66475f9efd702da9ea396e552b9251c429b2b81883
F_cross,fc_WEB09570.jpg,D-Fire test,7824c91b607318e513e51634bb4296c59adb46dea55424004549af6590366a77
F_cross,fc_WEB09998.jpg,D-Fire test,a5cd9d6270c6e0667c3af8c7f17d4b99e0220e157e32a0ec7d6532dca57accc2
F_cross,fc_WEB09797.jpg,D-Fire test,68fb9fcc753f0f96dd7a2dafbf8eb7a1d93e431f94264592c78ae4738f6eea12
F_cross,fc_AoF07396.jpg,D-Fire test,1adce3f694b313153a16a791d36afaace8e5b46d63dfea5ad1d9380f6e191743
F_cross,fc_WEB09945.jpg,D-Fire test,8fe28dde881ddc98feda56fbd48e47c82fd900a886b001c452587f0295b41ae0
F_cross,fc_AoF07435.jpg,D-Fire test,46b96609a8d191f3265d97f463fc453b0b7cbac2d183a6fc80fa3bb0e8f7fb7f
F_cross,fc_WEB09577.jpg,D-Fire test,9e6f9861b9fd764a12b3e716fd6d5530644226b9b301a30e3aa8e61f28c2e8ff
F_cross,fc_WEB09788.jpg,D-Fire test,b94415b11d56e53686d270cf7c0591d304cd9c927ff62865996e7220d47e92b4
F_cross,fc_WEB10241.jpg,D-Fire test,17a5377dfb78ea5981d8759cb3747678efadab242fbae35220ccf814572b56c2
F_cross,fc_AoF07131.jpg,D-Fire test,6e13525ca21c16b7e568834921b2cc37fae036bb5d23169c52a39bb643ba63cc
F_cross,fc_WEB10396.jpg,D-Fire test,8d09e05a2cd1744e4c297e53b5d74839a502b6b3828da04a528c01e4ee998e3e
F_cross,fc_WEB10103.jpg,D-Fire test,a46dc8cd9998b8aa9f4a87ed0f56e0ec9e75b03e2217bde6787225d0d99c3d1b
F_cross,fc_WEB09654.jpg,D-Fire test,322b9f70185dc9c44736a96b37ef12f4887ff3367fabef104592c5d02dc40f7d
F_cross,fc_AoF07053.jpg,D-Fire test,34b759d0dcc0d1f169a9103e721f9eb8d3c89bc47d212f14e47460047a3215ca
F_cross,fc_WEB09455.jpg,D-Fire test,8e86cff093ae4b17186ecc75c514fea69a2c538be3c6d767ede5f8785c1aa36c
F_cross,fc_WEB10050.jpg,D-Fire test,66891c6e82da8309620b024540f57906eb266c0db164f44d5c073460917ba89a
F_cross,fc_WEB09737.jpg,D-Fire test,790c1c05b40a6cdd32601d1240bad55468d891e42a84ebde3ecac9ccde88fc4b
F_cross,fc_WEB10291.jpg,D-Fire test,81b30da614d70e91637540cee7c6c2239d4b4da4ddd4eb5ba0a71142c9c36026
F_cross,fc_WEB10054.jpg,D-Fire test,2106f7645ef17e4cef21f5ffff7c4c68e970dcffc600cb0891fc200fd286b225
F_cross,fc_WEB09609.jpg,D-Fire test,3997a1bbb1e75f008dc466e9ff4bd3f5cfe41770820cd5042ecf0a17af79836b
F_cross,fc_WEB10276.jpg,D-Fire test,2db8b8517f37c6e7791a9d3964af087149a7b7c53b890cf8c8d818c68f3d9aee
F_cross,fc_AoF06733.jpg,D-Fire test,6137a4cc623b2d96babe45e5eca8821467d0025f2d5d502fcf76379e620070be
F_cross,fc_WEB10290.jpg,D-Fire test,4b39e48a7b7a6420f0cd188c00d7d153172c0022d24f69cd469588c10b3ee049
F_cross,fc_WEB09928.jpg,D-Fire test,fec4f3490bdaff7f3ea676c64f41250228928e929e97a9cee055f2a1d1c9a12f
F_cross,fc_AoF06835.jpg,D-Fire test,4f03e89720b06a0ad249030ac4fa81b5d1b7654807a26dfffc56c1466d1af09b
F_cross,fc_AoF06979.jpg,D-Fire test,b83e781b15e258fdef0625ac1844f6a5e59f5d611517949bd07e4bd1d1dcddc1
F_cross,fc_WEB09697.jpg,D-Fire test,3d9ae09a45a0487a87ee3d781776c7a5984a76b614846bdcf91bf053ad121e6a
F_cross,fc_WEB10100.jpg,D-Fire test,e20cba79c9f5110d7b437c9349ac5327bc51fd788c09ddf7ae7349279d40fb1d
F_cross,fc_WEB09605.jpg,D-Fire test,ba063d44165cd7d5834b484f1fae5ce066080608628365d34a1dcd4ec8096df6
F_cross,fc_WEB09836.jpg,D-Fire test,3125e5dd7f0adb19a4adb0bb3ae3e134f8e00af4f411f6f77e3a35066207a959
F_cross,fc_AoF06723.jpg,D-Fire test,3eb16b635a007bdd6353e7219cae149a7da2f05153b2bbae4dbaae2ac360fa46
F_cross,fc_WEB10298.jpg,D-Fire test,209ff83939cc3c5be161337120aa98f046a687e450018bc7de66c2ece4088a0c
F_cross,fc_WEB10114.jpg,D-Fire test,319efdedb70a98ca449912f5566c680ab8929a8a37d6f6e91acda9496203d571
F_cross,fc_WEB10349.jpg,D-Fire test,5b5a946819a9e0d9a05ae35c5437ac77ebc7487f45aaae45dc295b07dbad2db8
F_cross,fc_WEB10104.jpg,D-Fire test,c86b7133f710ee1dce68ff5c921e7d62cfa98f7a9bd8a124d324ee49acdf958e
F_cross,fc_WEB10085.jpg,D-Fire test,10fd92e6e3b53bcf7572a20333b378e5662f4c81635622109311d49b2f8fef78
F_cross,fc_WEB09473.jpg,D-Fire test,6dad7c622c3f464ff0705e77c0846e3b7459e339b0fbcfba22f777a2aafb14e4
F_cross,fc_AoF07623.jpg,D-Fire test,c5411d05bbe14076e039152e5da8defe4c359447d0b89175b3985b70fdb7dde0
F_cross,fc_WEB10299.jpg,D-Fire test,a600a46d73b5f6548575f9ebb9efa6ee85dfd1d55a55eb22c0912b943c7ddb33
F_cross,fc_WEB10152.jpg,D-Fire test,449322a5104ea7fd609c5bc6021c42d242a12af337f4f1900c6640446237566c
F_cross,fc_AoF07319.jpg,D-Fire test,45c83f70734bb25df8955466fb770990acb1c5aca751fb5c1786d777e1d471a5
F_cross,fc_AoF06809.jpg,D-Fire test,e5a5468796dfcd6b33d073eff54d2a38ec9e2450f3c946b2af315e7e883d41b8
F_cross,fc_WEB09829.jpg,D-Fire test,62330279146c0b800c7a366da5b461d6ec7599f413f44a028e8d625b67d171aa
F_cross,fc_WEB10197.jpg,D-Fire test,fc8f4d640afdd96aeffa61206fbaebdf71cedef72452e7907d7fc3c8cae28f83
F_cross,fc_PublicDataset01294.jpg,D-Fire test,206240d5dd06e986cf7376708c87850db18fb029cc38b8c50b5e2f89a0c12bf0
F_cross,fc_WEB09873.jpg,D-Fire test,5a77a52d66030fcab57f90ef5d3b4ac99f134d4b5df88fdd9caa1ad60f5ca963
F_cross,fc_PublicDataset01307.jpg,D-Fire test,8ef28d7a9394af498850d78f4688c38c46b4678091f44af6f8e7541f380e90a2
F_cross,fc_WEB10364.jpg,D-Fire test,68d94431bd18342d67790a9c3c3a8b3bd4c4ec6e05b78c9d9799fe9b470bff57
F_cross,fc_WEB10186.jpg,D-Fire test,04e77a02690eef35a7692434bb664354ccb74cce3dd375287847cf802c976271
F_cross,fc_WEB09653.jpg,D-Fire test,75c30e3ae021db84f79435a519551f2d790b3cf6d5029311f79cfc979cd05018
F_cross,fc_AoF06803.jpg,D-Fire test,310d0b77c84950a96bee6d0ec7b381efe2f1fe583dbcf79a81935f9abe9670cf
F_cross,fc_AoF06735.jpg,D-Fire test,3923f8f4a5ebcad5b8ce15ee17e094df5690c2c207222b1295f6a2d0a65ed57b
F_cross,fc_AoF07293.jpg,D-Fire test,3afd220ea7b079f0041bd1b23c76305d6b1dcdd2844349c9c2af9a97ff92fa65
F_cross,fc_AoF07619.jpg,D-Fire test,596256a7ef2298246d1da6e8aa07dbae571567b53c81c76c1ac43af849a8fd21
F_cross,fc_WEB10067.jpg,D-Fire test,4333b76b8841f8659fb467dd99abb3b3911980272a8f4176c6c33b1a118a666c
F_cross,fc_WEB09879.jpg,D-Fire test,f19ee870a88580a164f70828b0477598e29550e85447fd003f59c796528024ee
F_cross,fc_WEB09452.jpg,D-Fire test,53da19b02bb9658ee4defc245f5ba6cfec0ab534f18b8dc7aa7e253a155ba0b9
F_cross,fc_WEB10400.jpg,D-Fire test,0c20c8755f7dcf3be92121acb442fafc67a770353df55717be8bd1795e2d07a4
F_cross,fc_WEB10353.jpg,D-Fire test,46123849927ed71f8e6f025edb08ffa388108b206a5410b27cfb600faf669bb5
F_cross,fc_WEB09837.jpg,D-Fire test,523de6c16fae22d18d1f7b3b5352f9f77f8853d90f14cbf6b1e9b0cb3bee1906
F_cross,fc_WEB09556.jpg,D-Fire test,5f721aa9f998db89eb18ef19a3f0a481dee030cceb0908804a2147783a70ef53
F_cross,fc_WEB10380.jpg,D-Fire test,925fd205655716e038fa1e17ae61c14de6468e9786b87d221227af664b5fb70a
F_cross,fc_WEB09537.jpg,D-Fire test,f221f775d838fc407ddf7f958d1f7bb44216ee841d1bb56599d624cfa4942c3b
F_cross,fc_WEB10334.jpg,D-Fire test,016a862251b15208c898c8e103ac225652662b847b0039596cc5c06b5aaacb0b
F_cross,fc_WEB09852.jpg,D-Fire test,e1a01db529600a125aac6d08c4358e15180e6f5df0d3b5fef27e4a3809833f67
F_cross,fc_WEB09750.jpg,D-Fire test,8da432ea06fa8c793cfe20e9c9377c814c85df676db0c84769dc547f8e52241c
F_cross,fc_AoF08273.jpg,D-Fire test,47ded51cd2f0656c9c64d9540f9347569c6c3dff8a441aaade395c2630780ee1
F_cross,fc_WEB10183.jpg,D-Fire test,ccaeb3762518e48612b36bd0e3c9675a3e768cca38e38a1cf8db16c02cfe289f
F_cross,fc_WEB10376.jpg,D-Fire test,61884869e86e38c6768d51abd8b8e86cfd56dbebad31fa53c8184b7e89a19ecf
F_cross,fc_WEB09923.jpg,D-Fire test,5146caf534d496f6d44f581003c4a6bc922771f043c3206cd228f4f397febfc0
F_cross,fc_WEB10388.jpg,D-Fire test,ffa13eb8015949cc81fed800049f4b9ad1b109632801086da5f0bb67faeddd52
F_cross,fc_WEB09838.jpg,D-Fire test,92479afca7fe67bb18396dc761fc3dfc9ed3a698a979780fe26fb25b91423e65
F_cross,fc_WEB09488.jpg,D-Fire test,7882d7391f67b387d728e07b7c682da2c85bc65a96952f1ddd1842e6341ef889
F_cross,fc_WEB10177.jpg,D-Fire test,849f9eb502d49ff9a2d1dc5f98b4cb629f054b3adde2af09fac453e073655401
F_cross,fc_WEB09999.jpg,D-Fire test,86784e55c1aa1f121b13eaa25e26bb526740168cdb98e254f0e21c15eb8c3572
F_cross,fc_WEB10382.jpg,D-Fire test,a5a5f2709d845c73becdea1591655a5298c83ef4f87374c46f3687bb9ee3f631
F_cross,fc_WEB09590.jpg,D-Fire test,5578c8c8c9a1e0475f8543280f6aa576b4505616c26560c0e0718a4741d31398
F_cross,fc_WEB10155.jpg,D-Fire test,e4920e1764a1aa511a8db1779ff9f3160ddfc4ef23b3fa96d4a054abd516dc64
F_cross,fc_WEB10383.jpg,D-Fire test,36584f947adc14c547e999ff6932efd8aae0729c066d0b6a9706044b5e80c721
F_cross,fc_AoF07710.jpg,D-Fire test,1306da7ac929cd8a2e105614bf3cc7c1765828d676de0b0bb2ae3803af35157b
F_cross,fc_WEB10371.jpg,D-Fire test,35f037ada8e55d0957da30298dc23e98ed2733c0628f0d7526e6aca8440b6fe2
F_cross,fc_WEB09492.jpg,D-Fire test,1811638d12dad8681e03c43df5c7e41f7bfaa233e2945ffef14e948197ccba75
F_cross,fc_WEB10273.jpg,D-Fire test,e002d3394d41fe743d3290a55377d97ad0194bd27125601d44189e0806283452
F_cross,fc_WEB10286.jpg,D-Fire test,f55c766a053f46a9f2a0f12855631d1ce7e98d86fc59dfdaba77d359581d0d6f
F_cross,fc_WEB10378.jpg,D-Fire test,bf0bca28b9730a2df5d614d0dae7cd40a053f17fa13b8d8884981d4de6ce3d82
F_cross,fc_WEB10338.jpg,D-Fire test,d34686d1db2871d725a0de35fb122fcc3d2df3dd178a6eea547993cb77ddce2c
F_cross,fc_WEB10065.jpg,D-Fire test,8d23572fec42b454f343905a9a1112036946e5a2edd6debb19d311c229559913
F_cross,fc_WEB09462.jpg,D-Fire test,31d6b757f5d1b26e3a8208af8aa93f5b98100e7c1ba2d53cde1d4726dc63440c
F_cross,fc_AoF07610.jpg,D-Fire test,08b8168f7416915f1e61cc6d4b1481d4ded173a83ee22c78d3046493a9c538a2
F_cross,fc_WEB09550.jpg,D-Fire test,54fd9ed5f6cda432b3f3ed4e1b2f5bbfaaff03d2579df52c47f213cae85efca2
F_cross,fc_WEB10153.jpg,D-Fire test,ef47f220904a3936b38aa7214c5447f9e81549c9dc7f0074267b1fcf209fdb5a
F_cross,fc_WEB09595.jpg,D-Fire test,b240752421e918066d6921d88cb7ae9099f102442d65de188ce3e1be5d583d80
F_cross,fc_WEB09922.jpg,D-Fire test,b501ee74f34b255456dbdcf139f479a07740869340f72566d7acce8fbcaa552d
F_cross,fc_WEB09803.jpg,D-Fire test,6d2e3222dfa5222eb29927f5ca5ea7d5a65ff44a8612ca918ef1edf2008f094d
F_cross,fc_WEB10303.jpg,D-Fire test,a48be07cedafef706e5de789386a3547a3f88e8518cd0e9801593346d83bcf8b
F_cross,fc_AoF07324.jpg,D-Fire test,a913f47164b53a1d1c51eb6d0b9087ef71464e94811ca1db0d855bdf2743e930
F_cross,fc_WEB09510.jpg,D-Fire test,36c976a4cfbbe8a1302e520037edd2444810196b2a1709b0a8dff713ee0fd596
F_cross,fc_WEB09555.jpg,D-Fire test,24855ba54815c2f0e3efc7f496c526719a49eb01f93be51f495601730baec1fd
F_cross,fc_WEB09929.jpg,D-Fire test,bd36972c6e54ce02678a009cd83f1afd1db99aa7195fe7ee6411bb6a898422da
F_cross,fc_WEB09785.jpg,D-Fire test,55c1ef5ba2af26ecf8f4a8ec84fb4974ad9069394f55a6d518648d10ac536f00
F_cross,fc_WEB10413.jpg,D-Fire test,6c19cf9bc6cdcab73ba61ff5eb1190ef5b1636254760357dca0d9b3ef7199620
F_cross,fc_WEB09961.jpg,D-Fire test,19589a2e567671955d3c79357db99e44472b49e32150fca7195d3d5e4fc040b1
F_cross,fc_AoF07500.jpg,D-Fire test,e18c67613babf862f7175f81d2a5a2d2e50a1095284dab3520d8596796261d8e
F_cross,fc_WEB10074.jpg,D-Fire test,7bf18e1430c4552d181ebbd2332b269d00a59e21a9b907bff9370836eeb52bef
F_cross,fc_AoF07443.jpg,D-Fire test,dc8b6f48657c8aeee6a2fb59ef21c0938c5eb62b183914c9ce238ded6e21bb89
F_cross,fc_AoF07436.jpg,D-Fire test,67ab85fa4230cbf15dff6c6840e07786737ae56aed9c9f999743fd0b9a4cd41c
F_cross,fc_AoF07252.jpg,D-Fire test,17219f9679610635485dd730411d02c4a28da3e5d3670dd7fb580c35b3d7d008
F_cross,fc_AoF07548.jpg,D-Fire test,cf9a1b1833f415388f493707be16cde44637982a4d1887982fec2cd54a22d1a8
F_cross,fc_WEB09857.jpg,D-Fire test,32d30ff052c64a43c31a141ea771a6a3634bec54b8b444588d07a2a18d227804
F_cross,fc_WEB10340.jpg,D-Fire test,147cef318f2134f891a63733d5f2d127f1843cc7e13188cddea6f8a5c6df1437
F_cross,fc_WEB09866.jpg,D-Fire test,afd48379f99de46b87193b2af8c8f7a61e8e347663fd914ca409842ceb82efe2
F_cross,fc_WEB10256.jpg,D-Fire test,593b2fa33287dc3d83a5e9f145a5675940c67bc2b8ac6fcd49a589946f9faa28
F_cross,fc_WEB10097.jpg,D-Fire test,8bb0e05c0e97de0d75c3a79b736dcd0f765363a8cea2d6784c6ea488c0ce9368
F_cross,fc_WEB10098.jpg,D-Fire test,f529184cef42bd92894d86118c4c041c6b03b6944aff127bc48507a254affbe0
F_cross,fc_WEB09719.jpg,D-Fire test,c239b58f6b885313400109707c35d1f2d92b8a802f5185ba0aa87f4b99adf14e
F_cross,fc_AoF06730.jpg,D-Fire test,5d6ee9a299afa2891f637f279cfcaed15efe7dbd08f7351163397f616dacfde5
F_cross,fc_WEB09619.jpg,D-Fire test,834ec6e07094b79d373a1ac7bae9e290badbcf5c23a05b79a1a0d68204573457
F_cross,fc_WEB10003.jpg,D-Fire test,3bd7572a998a28bc3574f9d83216a4bcb8d858fd8ae1c1f869102f3adb43c431
F_cross,fc_WEB09978.jpg,D-Fire test,3f7c8dbb5ba26066276a83f40209fe217979586536bd1bf51b4882982c5e8bdf
F_cross,fc_PublicDataset01311.jpg,D-Fire test,3cfd9deba53db2eb7027bd5fa52118964905157caf43e33a6c1410877adcc2a7
F_cross,fc_WEB10000.jpg,D-Fire test,0ff82418569ea1da426df84ca249b7e0d3e64a5b3299f1e758b951ebcad21052
F_cross,fc_WEB09941.jpg,D-Fire test,ee8cbd8742face53d7d3b4659fea436db91b744a6fe32c70e429b4ca81776715
F_cross,fc_WEB10136.jpg,D-Fire test,2ad75e78c2d4d3d804aaee6370b9ede007b200d5cdb1cb3dd92e8b658e34b102
F_cross,fc_WEB09539.jpg,D-Fire test,35e437eff01e84ea61a90e6ee65a558d34f1fcf12a3e1aa25a7e0022cdc01eff
F_cross,fc_WEB09586.jpg,D-Fire test,44a158f7faf2897ebd7e4afc20160ed19b2f9b78e24caffd311004d08e8a9af0
F_cross,fc_WEB09554.jpg,D-Fire test,f576eb1aa144b0e85b329ab2c842b3b9ea04770cdf6b51824138abfbb61ea82a
F_cross,fc_WEB09742.jpg,D-Fire test,ea782dd1fdbb0c52fed374154f75aa200a57e0d2c535f5db1f012d544307b240
F_cross,fc_WEB10271.jpg,D-Fire test,a79aa28787116a04a9881df9c435074981994e9c8d17624dcf02f54a64bf78bc
F_cross,fc_WEB10237.jpg,D-Fire test,9a51ad11d6dd01f2b130380b0d957387487a4b9d926504a4c2d3be746a115752
F_cross,fc_WEB10414.jpg,D-Fire test,2f5ce780b5fd7ca2d8d7275057d18774b379d86d1a0aa28ab9cd1cabc9318911
F_cross,fc_WEB10179.jpg,D-Fire test,62e2f4b8628f4f35530f36f0e0434d0f478b518827ae52652169b0ee8ed37143
F_cross,fc_WEB09804.jpg,D-Fire test,856083dd5dfc5203f75cb64bbb63406c8d80c0194f60004c1e7f62ebebdbcd87
F_cross,fc_WEB09471.jpg,D-Fire test,0148eac743edddb0cc91248e01562a1e4c66f50b121c62ec2ad926dc6a679e3a
F_cross,fc_WEB10359.jpg,D-Fire test,ab4ea8c8537fc29a24d84cfcd8f46c932bb1cae4f099fff92c31f5ef88e37747
F_cross,fc_WEB09453.jpg,D-Fire test,ded83a7b417304e8a0185df9afeeb29fb8b34217408211c45a6b1c956d394ffc
F_cross,fc_AoF06977.jpg,D-Fire test,d2fab852fcbe1427d443face8a0e92a2ba2868bdd44e979bd71cfd24ece05504
F_cross,fc_WEB02254.jpg,D-Fire train,8bd74b3832b83985b765d7587a091bd1c7f3faf3f17cf5083eb04ed6d3054531
F_cross,fc_WEB03204.jpg,D-Fire train,12f17207164e5a64d66c277c606aea5cd4ad6f673172e277e8e39b6fb3c44df0
F_cross,fc_AoF01130.jpg,D-Fire train,cd604fa2950ccd7ed6494a775080752ab0dbb872ae98c93acce58f4312aaeff7
F_cross,fc_WEB00890.jpg,D-Fire train,829f55d1f263d72e6d0b89548fa480dda021a58cfb6265f351662da3f2496553
F_cross,fc_WEB03064.jpg,D-Fire train,748e7f6205cb71806de98c22a1099d6a721ebd135fc164499597ff11b9f1e6cc
F_cross,fc_WEB00574.jpg,D-Fire train,0810e701b603c79bcd045f0e6b6a608a106190b37085d94262b175ece787aca5
F_cross,fc_WEB03466.jpg,D-Fire train,90f1d3eae3a80b3076b29572ee027fadeb498a728618298a2721f1f60a9caa72
F_cross,fc_WEB01238.jpg,D-Fire train,30c9bdb1a8d23bdca41572883e722521db8d8ac4f72d95d178756b006e0c41cc
F_cross,fc_WEB00363.jpg,D-Fire train,ba51f8d2e564c68b12ec6f06d410b45e5d993463288ffcae1b3d62d084b6263b
F_cross,fc_WEB02776.jpg,D-Fire train,752d3c5a030f81b1348cabf98159234a4ab462badc0c7ff27242a50befa6bc07
F_cross,fc_WEB00901.jpg,D-Fire train,1e6687a7c96ca8dcf980edbe3e7851ae65884458aeef09c0f8baf6f83bad6e22
F_cross,fc_WEB01042.jpg,D-Fire train,afa44a75c0b104b99bc678b581d5d2a36cc9f6e0627ec9243e6a2451b13ebbff
F_cross,fc_WEB03644.jpg,D-Fire train,f7d0dfd0ddd8fd8eef4e0578f102401dda56ce80cd70f7235d739f5f6f6990af
F_cross,fc_WEB02720.jpg,D-Fire train,4be2b58bf4ee8fe70c2c631fa38c1f2228daee8418c4d9c3b8d42b4196bf3111
F_cross,fc_WEB03066.jpg,D-Fire train,c89ec2ee4370184426ca738565b554b159449f9a2ed96253eaccfc83b88321f0
F_cross,fc_WEB03244.jpg,D-Fire train,c7964fe83f9fe57d047a733832258bc803d671e90596a0a470f6dbd0db8e24ae
F_cross,fc_WEB02627.jpg,D-Fire train,3ecf488e4cfe3e7ba5e85c16b45dad5f9242aa015cb2de2d3370000e9bae7362
F_cross,fc_WEB03618.jpg,D-Fire train,8266d01cc096a0e5d45a461dd3b1e800f997ad7c068e02378c238deb09f60326
F_cross,fc_WEB01842.jpg,D-Fire train,2be32776e17092948660ce688a9f969215f39b3d79a818c524c7431d213efec1
F_cross,fc_AoF00981.jpg,D-Fire train,5e94a81b810d8232874fc02ecae3132383b9ecb59140de11c29b67c1a61c9143
F_cross,fc_WEB03333.jpg,D-Fire train,e70dffa44c58466972568ca4fdce3cbbbbeb5fcd6dee54643bb87b35275015b5
F_cross,fc_WEB03586.jpg,D-Fire train,4c3b32b98b946e5bfead96cf8d1f5ba0b84ddf7a1ac3b9ba217cf6b0bad58487
F_cross,fc_WEB01977.jpg,D-Fire train,6915974c9e23b400968da46c42aa27de1ad4c0b36755c4f4a8a48a272b0f1cda
F_cross,fc_AoF03794.jpg,D-Fire train,3ef1303f75b6867e6eb7cd5e31c60b5fb1fc8172ff9be6cd02c8276f2a039c46
F_cross,fc_WEB01907.jpg,D-Fire train,76dfe52b4f16df2ad22a1c19461c67bb0a294192014f9b33453b255c8a610976
F_cross,fc_WEB00224.jpg,D-Fire train,7f701499ea707a4ef37f53d434252ae75dfbaa686735867ef3166dedfb96c4aa
F_cross,fc_WEB01059.jpg,D-Fire train,d6221fd6b686be6c10162050e3725cd1d9e8727945dabe5647a00e0641043e8c
F_cross,fc_WEB01663.jpg,D-Fire train,907ae7e6128112e127d799217837a7ffb48b03d25b1158f594b2cc1272b3d351
F_cross,fc_WEB01795.jpg,D-Fire train,c98d7ee4a77ec5423aa8d3bf29a234a9d42d0c4d2f34583df91a23765cadb953
F_cross,fc_WEB02783.jpg,D-Fire train,de0e1da9ca20f838299f3724135a836eab5332b1561cf4d4446d370eec976d4a
F_cross,fc_WEB02313.jpg,D-Fire train,3f4c45cac1c6bd63a6fdd79eb806c67085ee8ddc4fd2c41011d59e5440f1f237
F_cross,fc_AoF00270.jpg,D-Fire train,5542837115a4a8bf9ae77c68e7a33c0794c4fff3abd03dd086778ae6da3be7d5
F_cross,fc_WEB02451.jpg,D-Fire train,12795af046d8be4316f1b3a35d7cd284c5a5f80641749a819b3082c6c7a60676
F_cross,fc_WEB01506.jpg,D-Fire train,cce505aba7b0dd33357ae8f0fb258a7bbcdb594a5de2d68f36da7d4cb0233674
F_cross,fc_PublicDataset00892.jpg,D-Fire train,fb4afcf6438e2ad8f7bc2a47b6cf2712bc5218e6f925c1364c77edbe6b0e28e6
F_cross,fc_WEB03512.jpg,D-Fire train,0fa0ab1d225ddac0ac3e319a0ea2b8ec0fad5396e232b96d1416146e7631879d
F_cross,fc_PublicDataset00891.jpg,D-Fire train,20eae8c455d1908091f9918575385c42a4c28539aa4ed73a1c6a4fdabb1b5523
F_cross,fc_WEB03167.jpg,D-Fire train,e9d4bebf522743a07cacc0d0f7cb032b0e2580025956cc0e9582c7dbc2524553
F_cross,fc_AoF00513.jpg,D-Fire train,64b5aa6f7568ad93301dff8cb11feeb664734fb7918e4cf658559868c8087c0b
F_cross,fc_WEB00368.jpg,D-Fire train,156100dbc12a19af80ac648002b47b8da79d1bbb01dfa78a3acc184c78a45425
F_cross,fc_WEB02390.jpg,D-Fire train,9e7cbb1fb405a7eb34eb4b80e83d8fab48b68c8e454382f15916e347874acffe
F_cross,fc_WEB00310.jpg,D-Fire train,4cdaefd98ccfe36d1bd3b30af06344a850c2512cabf174604b0acaeedaf5966c
F_cross,fc_WEB00304.jpg,D-Fire train,649867d98c7691c08679b23588917617972c9776f67727fc2137c14b7404a2da
F_cross,fc_WEB03654.jpg,D-Fire train,6aa5a0e83e7658321e486ab56cec13d3a357505165eb788a971444ba0bf239a7
F_cross,fc_WEB03002.jpg,D-Fire train,66735555506ae32bf83f6f420c56f1b4ecdc957e25dabf710ed85f90c1f96485
F_cross,fc_WEB00510.jpg,D-Fire train,cfc4e8cb9404bc8102dc40c895a841feddda8b94d5b25efb8e5a426f2a9f4d50
F_cross,fc_WEB01425.jpg,D-Fire train,0f2ec79a1017c2e6911bb7198d593073f2a3d775986b5598429bf5e62f151aa2
F_cross,fc_AoF03635.jpg,D-Fire train,efa52ace6cbabd9b4cdebb288ee3b4ae2e6a3fd69efe9950c9c3c1fc88fa1ba3
F_cross,fc_WEB01743.jpg,D-Fire train,4d0f78412dd0471665da64998a0c2bb2cf673aadea35367c52c5a8e415e1b7ab
F_cross,fc_WEB02749.jpg,D-Fire train,27dfb94124676d787d76fa587a49fa64443220476df54059758011d99992e9d3
F_cross,fc_AoF01454.jpg,D-Fire train,87a960e53cf5a5657f6b5e3136da370d57a2ed7eae7b8763280dab9280862ef7
F_cross,fc_AoF01196.jpg,D-Fire train,16dd3e744155f840cd243d150c8ee405daddbc1eda11f087aa19c9c0699eca27
F_cross,fc_WEB02203.jpg,D-Fire train,5df9d4ed0ec82bef8ce74170a8d07a0448cde350050f4560947eba9e30ed9f24
F_cross,fc_AoF00007.jpg,D-Fire train,2c9aec0406460b2cd9c6da3d74056310a14df337a6df170121c605a57188c5b9
F_cross,fc_AoF03780.jpg,D-Fire train,0f1ce42d18a9c62bc1ccf4ac3ff8977af448b568fae73602977ecb23ac1f1df9
F_cross,fc_WEB03628.jpg,D-Fire train,2c4ac85102aac215b1d76872413cbe5737029efa23dbc6f2d2b3800d2f2c7ef6
F_cross,fc_WEB02670.jpg,D-Fire train,fc8911bd626ee17a469f58fb8c6957d36d03035aaaa9c7b69f78e26a700e8b6a
F_cross,fc_WEB03220.jpg,D-Fire train,097a3d8d30c6a73438d74b337f3a001bc0e2bc905e9f68196f847e3aeecd1e05
F_cross,fc_AoF00454.jpg,D-Fire train,f06ce524b2a50d243e1a141f2acdd28d7bac43192820848e916172cf8ace86c5
F_cross,fc_WEB03257.jpg,D-Fire train,cef232eaa81d2d2f9ce17892557c7d1459379a32a46e3d4aae415639cd19b7ee
F_cross,fc_PublicDataset00884.jpg,D-Fire train,1811a5590683aa8def76197e1beca183d5635d9f736f38b4d49e4f8c2e680bb0
F_cross,fc_WEB02521.jpg,D-Fire train,9dabde57d629343351686e0010f1aa07eb54e3d4ea7c354a026b16d5b9c5e288
F_cross,fc_WEB01066.jpg,D-Fire train,fc9d90643880f9a0f0b0111ff3b1e5cff5e3a1e21c371ccb6f56a7272b1219b4
F_cross,fc_WEB02673.jpg,D-Fire train,e2c19164900d252e6a40f2646cc508f3a37577cafe1a65b6edad89edcbbfbcd3
F_cross,fc_WEB00041.jpg,D-Fire train,e8cad86d422712df19ecaf66602f11f79a19b9a1d086da250f44146b55f27c56
F_cross,fc_WEB03402.jpg,D-Fire train,8753b5df735cc0d6a542e50df7a5289339522896e57166f5ee447aa9d7a758f5
F_cross,fc_WEB01326.jpg,D-Fire train,9a41bb53896d62f519a90a3a71701b8ec9a208d123f8bba343444648ea12f9b3
F_cross,fc_AoF03197.jpg,D-Fire train,72b407fce29123cce18a0687ee425b2ae4d9304ca86f49920052813604ea548e
F_cross,fc_AoF03383.jpg,D-Fire train,ef5b10cede021aad06a56f70784dcbe4ca6372aaa89d2f928fc2d579cb066bfa
F_cross,fc_AoF03601.jpg,D-Fire train,9bcb80c23049ab9180a0466dc8206e21bd730637d9e1f5a19bbb9568d5ace2b6
F_cross,fc_WEB03285.jpg,D-Fire train,a147571f355370396fb55d036acfa7794b713306f7fef63b55694febddc692d7
F_cross,fc_AoF00032.jpg,D-Fire train,a1cffdfe674b5889402c1d935c95ba71cf3787e128a58a20b6f4b2f3f2d4439c
F_cross,fc_WEB02928.jpg,D-Fire train,f14aedd90035d36d66239cf9276f7597b09b0a4107a9620f07b5e7df01cf31fe
F_cross,fc_WEB02237.jpg,D-Fire train,e16a82f1d1b6f2c0b3790702f361986f5e518bfd95cf4c1765f257af279bcac1
F_cross,fc_WEB01993.jpg,D-Fire train,c313410dd6f45301b757a51b183fe0c626d5f6c216d60d729a9f15b4dbcdbeed
F_cross,fc_WEB03591.jpg,D-Fire train,9f87182d1ea4d8f502abe6964909785bb2c76cadb0cc4f0aa3214e8edcf40e10
F_cross,fc_WEB01909.jpg,D-Fire train,0098ff56edea8ff1c9ab1ba0c58f25a7534b2c85e6a8c2ed42b7e6c10d177b81
F_cross,fc_WEB03425.jpg,D-Fire train,61f09a31aecd2bf92f5f89804a1b1807b1fd45a8688de550e8c27f3072b14e0b
F_cross,fc_WEB02548.jpg,D-Fire train,58fec97db9a91344ea4ab35ed9a3d73909e8f0cccb4e70c9a8fb524f005d75f2
F_cross,fc_AoF03058.jpg,D-Fire train,7a321d6c2f9cd731a6abbd0e45310aaf5c78c23aa607449659ff472780970085
F_cross,fc_WEB02549.jpg,D-Fire train,3b3c6a814af9bfd205cb6c7b7c701d39de8d1b120ce280e447b8c53231685c75
F_cross,fc_WEB00947.jpg,D-Fire train,9a0de77e3a35cd8431c523905522b5fd5308441abe5c4704d70493c88e41a4e8
F_cross,fc_AoF03222.jpg,D-Fire train,e77e4b591406dd6f137c0f93a463e981761d6a4ecee8a2cac1624590c3863c35
F_cross,fc_WEB01879.jpg,D-Fire train,841f9d96c7b16bc108b928b5cead08fda7978170da3b61dbaffa5a55afec7f9b
F_cross,fc_AoF00194.jpg,D-Fire train,9e458ee87957a15d449072447b2f226f1cf94d98e30741892b627caa2b4a1d2f
F_cross,fc_WEB03415.jpg,D-Fire train,8e3ca5591d89fbce4427c50ce1f5baebd676ef44f3b5570c85a61cda70954aca
F_cross,fc_WEB02806.jpg,D-Fire train,8f5f3270079990e7b0d887f3979404ded36a6c8ed594d3f6b2c4df01f7d7b254
F_cross,fc_WEB02927.jpg,D-Fire train,12ec89f5d2b2c9f8a469e56f5c58f7e38d1d0bbd55b75886c64e1d59f420f1e3
F_cross,fc_WEB01404.jpg,D-Fire train,ea121cf7a930b504f9a2c7f244b5438872ccd2a1f29411dc6db25ada2599e351
F_cross,fc_AoF03583.jpg,D-Fire train,73636f4230f93a9fa8d6e9e56ff3a72bcf081fb9b10fceb995a80e34babecb29
F_cross,fc_AoF01128.jpg,D-Fire train,0d67bee52d361ffc14bab9e24528f2ba3574230ef19f387e1aa3e84ff48255be
F_cross,fc_WEB02293.jpg,D-Fire train,d3d795c75d34f9dde62701220038fcc29ce8bf0366269483f122c4765782cea0
F_cross,fc_AoF00085.jpg,D-Fire train,1e30d97e43e9dd919da371743985abe0703f662dd5a33c189ea6c3f5b9e1834d
F_cross,fc_WEB02332.jpg,D-Fire train,349cc07887bcb14c876db7a238fe805bd1ec900af555e3bcad9be04f904fe554
F_cross,fc_AoF00016.jpg,D-Fire train,1020e70c6292c7048064c479363d44d664052812021ba5d7053002cf6525b39f
F_cross,fc_AoF01136.jpg,D-Fire train,6c101e8d324a910d40eebf84639acf6594559399cffd9d0000c1dfd419845731
F_cross,fc_WEB03349.jpg,D-Fire train,44952b72773a879a3aa2c6b2b0f4e5ec4845ba29fd3c7204ff2b9cc573328a43
F_cross,fc_WEB01932.jpg,D-Fire train,468eb4910d8715cfc2f519b8418aaf37a72ec0b735dfc6dd214c8282f4447564
F_cross,fc_WEB02569.jpg,D-Fire train,29d75e6eb68da38020ab13805aeb093424d26b87fd31d75d3d31bea72e24fdbe
F_cross,fc_WEB00490.jpg,D-Fire train,c461a9ef5ef433a2db5da251fd3f0f2c76fb23428878cb5cdd6572129aa50864
F_cross,fc_WEB02639.jpg,D-Fire train,e0e8aff9de45a3c757d4cebd4f948a75423f329a7c516340cb7b3f20ddb64f1a
F_cross,fc_PublicDataset00981.jpg,D-Fire train,0c7b54a24562e6c2a4f9777af6b9613948e373d9ef86b82af49733f90bc0b6b1
F_cross,fc_AoF03681.jpg,D-Fire train,683b96413267163e9414e183804ee4a275dc6ec8e96f0cd206f1a756053e5851
F_cross,fc_WEB03549.jpg,D-Fire train,c74fd088630f5fa81dbfdd493ad277191606c63479e8e172bcb634a93099d0b1
F_cross,fc_WEB00145.jpg,D-Fire train,27e2755176c73fa587252a2740ff304b5c3972ce8636fabfc05e73e14f92278b
F_cross,fc_WEB01092.jpg,D-Fire train,d4fc07a0faf3f29b565a53b225d839e2a4023a0f86dcf8fc5fdeba5ef6e2d812
F_cross,fc_AoF01775.jpg,D-Fire train,4b82c50febca52d653012c3bd0f43b6b67f8006329e8fae642ed7afe1b19ab99
F_cross,fc_WEB01115.jpg,D-Fire train,83b751590dcd81028befc02fcb261e3d9b153039f16c245758982f26dfffd23d
F_cross,fc_WEB03539.jpg,D-Fire train,40eabcf85f69ed415d4068ca6cb1eef6327cd5dac32c445c32f401994e34c1b0
F_cross,fc_AoF00093.jpg,D-Fire train,8897317e6b41732b9d9830a84b94b735e5344f8e7ee1f8ac53ac7aa018fa269b
F_cross,fc_AoF02108.jpg,D-Fire train,f325befaa4c831fab836ee6a027d9a82d60133486b7cec70c4b4a616bb750fb4
F_cross,fc_WEB02599.jpg,D-Fire train,c9ba3333500a738f82bcc2526d2bb46260d13a5e00bd09cf4054c06885d00191
F_cross,fc_WEB02634.jpg,D-Fire train,30868623f9877c305c07276c1a474f7ebd5a152c645b9bbb570770a8c429b4c9
F_cross,fc_WEB02733.jpg,D-Fire train,88db4c9f10d838a2f4ac23f84fd4461e15abae9218c1b8c26bdd00195cf9e5c4
F_cross,fc_WEB00702.jpg,D-Fire train,34aeb29f2672e7c616de78d2a12df064bf384d29cdf4c22d7cdd15fa44d143b3
F_cross,fc_WEB03271.jpg,D-Fire train,9e72829fecf695330ac7e1eb3ea08c9bd6db4f395866ced847bcb813a683f68d
F_cross,fc_AoF01093.jpg,D-Fire train,b8ce79ec199e3a97e89e026d4f04cc92542db09384ca4833ddb09bc5d93bea9b
F_cross,fc_WEB02045.jpg,D-Fire train,ed81794fc5c4e457b17e09c708db4c080d6bece24e9d65e8a61a5bc967534b1c
F_cross,fc_WEB02143.jpg,D-Fire train,46d77ce83a9d185a090a16be9d92b2ffb402bf6830655b3ead66ba16b72dd7cf
F_cross,fc_WEB02880.jpg,D-Fire train,2f4a6929ef73069a2aed3185b37001030f3041d29b837f6a4cbc3c6d5b449d70
F_cross,fc_WEB00924.jpg,D-Fire train,81a40c1030a8533af62d312ea82aaf803f0e8081270308dee199f379f3b1648c
F_cross,fc_WEB00104.jpg,D-Fire train,86624809409a0eda387eb96f790c7cf25308a07e5bfc3740eaa3a4479e8061d2
F_cross,fc_WEB09048.jpg,D-Fire train,34d2aa317700ba74448c545c28a2fcfc691bc8daca8eee3684839e4ae2aba58d
F_cross,fc_AoF01226.jpg,D-Fire train,7d84e55ae36f356543f01240ffe63c5ae180010ac9f402a867a9b5e10178bf3a
F_cross,fc_WEB03237.jpg,D-Fire train,5786e4f139fd4a2400d3fca1a3755dc1862ad602c17fdd2abb70d6f2bb226e55
F_cross,fc_WEB01656.jpg,D-Fire train,440e0a28588af107081221acf54c07feb17712af3f133370939ec442ce1c0ded
F_cross,fc_WEB00459.jpg,D-Fire train,a28b38e83cb0cac2f228a93d3a205f16a2ce37083279ed4de0e50594b253bc18
F_cross,fc_WEB02855.jpg,D-Fire train,75bb87fec40798724f826d0c9851029feb3bfce36178a90a043da67d1de02829
F_cross,fc_WEB03372.jpg,D-Fire train,94150632c096358fcd51bb540f746dc9fff2e259004ef2573db269bc292cc60c
F_cross,fc_WEB02459.jpg,D-Fire train,c64b7e67f05d22aa7ced7f996b9b7b194c26f73047e4453c0eddfb3c1fd28794
F_cross,fc_WEB03017.jpg,D-Fire train,27c1ed2780c25ab4414163ae7e976b383d88c17255fac1a08a1c8e70e9b65e34
F_cross,fc_AoF03623.jpg,D-Fire train,e98fd5d7da2bf83f5f1d919868659231c8b1c0b5b16aa126cd9aa91ec8559d3d
F_cross,fc_WEB01814.jpg,D-Fire train,a792ca27c2397dff7119ac72bc940ef38de73191426e0e9b42e994e7a5e2bfc4
F_cross,fc_AoF03982.jpg,D-Fire train,202b2c5d0b372f4e9712b37ef9d62e5ba3c655180f69920667e470272c7ca388
F_cross,fc_AoF02344.jpg,D-Fire train,c4b62532e56628cab550273db0dfe813f55281377f808df0715d7b71f0107269
F_cross,fc_WEB03269.jpg,D-Fire train,400f028ebcda8c4ad2721875d0fc8aadfc34258c3019251d2989aebce5bf12b5
F_cross,fc_WEB03409.jpg,D-Fire train,cfd2efd7dcd884eef9987e8524b9fdec36fc95a0d04cb7490bc60296d1a02d1e
F_cross,fc_WEB02861.jpg,D-Fire train,53f42cee8c16e467fd3d757e26e11278306980165df53e2023aab2a682246860
F_cross,fc_WEB00853.jpg,D-Fire train,7c442a544d9cb175c75053fef1e91de06fecbafa35dd88dc1a67c0cd344116b6
F_cross,fc_WEB02737.jpg,D-Fire train,a390c697e59427179947cff3c987a2e61cdb34002d15b7ef44ca2fdd087da049
F_cross,fc_WEB01558.jpg,D-Fire train,9b159ebd91cc0fe111d907b3367884aa36ead90db757c03fea8347cd8e1fef63
F_cross,fc_WEB02393.jpg,D-Fire train,378adc86d131ee9e0c7d2f09882bb610a4129d8f7d2c789462355a843979e297
F_cross,fc_WEB05491.jpg,D-Fire train,adf39c730fffc9bb3de517a9ecdb8fe085bab793af9e66aacd6ed98a520d94d1
F_cross,fc_WEB01077.jpg,D-Fire train,6955f0acd96f276ea557e2055916bd4f1cef0f58dba8bbf1fc12e343eb4c1ad9
F_cross,fc_WEB01409.jpg,D-Fire train,f6b49eab1305908a4b27533ba87f7e8f27aca1e5621e2d9a2cee0f235540712b
F_cross,fc_WEB02327.jpg,D-Fire train,7522398e43b69075908d3e152cbfc3a2c7394e5a3fcafd8f9420d64aa5eac32c
F_cross,fc_AoF01135.jpg,D-Fire train,dd8d1919377d87a92064c895cfe2df83b3f091134db7c5447e1e1bc2488b3923
F_cross,fc_AoF02773.jpg,D-Fire train,3ccc8d000021b74d38bc97a15e5a9cc1d179d5dbc7f93a35db27149c33cf9973
F_cross,fc_AoF01776.jpg,D-Fire train,d8c27529ede76bfab02c7278f22f6db32af6d76bcb3a5d823dccbd7939b9374e
F_cross,fc_AoF01470.jpg,D-Fire train,99e770680d4ee5462f1787156ee58c15afa85fee9fbf5c02c8f7006b2248fa7f
F_cross,fc_WEB00624.jpg,D-Fire train,9945b988752b38e5ea77e937d3dda20315f098ea6c2e6288cc8b94153301ed03
F_cross,fc_WEB01900.jpg,D-Fire train,60c3a18097c66e7eadb947c0420ebe9103bdf8f51007f239a1f78c47364efb4a
F_cross,fc_WEB03392.jpg,D-Fire train,8be2ace2d5b231b12436761cfe7d4e02d71a95bf03328fdbd46a9740f8f98c42
F_cross,fc_WEB00547.jpg,D-Fire train,f70148468c7363c38f7b88df7b5fe1d6ff03524b922a5e9e3c32dc7c5bb635b0
F_cross,fc_WEB00794.jpg,D-Fire train,3f84c86da5929b16678e3f6466c53b72e331f482adeb5e60725e032b1b7a75e7
F_cross,fc_WEB00050.jpg,D-Fire train,599e4f910ad69c6b4de0b3ab584df9edd1ae2a3ceece643b6c81385827827864
F_cross,fc_WEB02474.jpg,D-Fire train,90806985460bc0c97f94b54bc1694bca5a66da80c718bc1674bc6e4e16b11ece
F_cross,fc_WEB00432.jpg,D-Fire train,5992be21a06711e8ddb1831d7875d42f7eec6870fb6c719130f7054850dd3d11
F_cross,fc_WEB02333.jpg,D-Fire train,2cd01262e9c1106c2511ee6808340c38fecd75175255d4436f8e9bd027188397
F_cross,fc_AoF00006.jpg,D-Fire train,8e72e69c795da5038fbf41c6a35a9354f3653753815f7447ba2a5353dcc0a62d
F_cross,fc_WEB01468.jpg,D-Fire train,aacab704158b53d4116430b7936f21a401be83dfc04f5f9bc24b046c7cfe9a0c
F_cross,fc_WEB02556.jpg,D-Fire train,a597c77c03706d691135790f6398fdd44337029618a9afea388a80ff274e7ffa
F_cross,fc_WEB01807.jpg,D-Fire train,3ab719ab59841791872fd4bf150f15a2b40c78be72cd7b86c0e55889dce9c3cf
F_cross,fc_WEB00495.jpg,D-Fire train,6378c5a60056ae12d654aac9f877a417a10988654f5e59f548baf94326232241
F_cross,fc_WEB03683.jpg,D-Fire train,cc5fa52bed671414cb9287dcba45a5b23fdbac8685ef4072588684c06ccac825
F_cross,fc_AoF02123.jpg,D-Fire train,72feee1d9a48cb0d522d18f53d75dcfd46669bd1f992b81733edff11456380b5
F_cross,fc_WEB03278.jpg,D-Fire train,368e019c86c212197cbf371ff008f92b93e9b61cfdfbeeb0dfec23956361bab4
F_cross,fc_WEB03629.jpg,D-Fire train,6cc448d2faa5bec3bad4b09019e467cab5bb6d565b966aef0c2becd943946cf7
F_cross,fc_WEB01430.jpg,D-Fire train,d1369652ba58e982fe19545c6760ede5b4e21302b29e5dd2c3361f19d5f5e98e
F_cross,fc_AoF00068.jpg,D-Fire train,84fd1cbd131f6aa4ee7cdda690b92c04d3304638c7ca5e33c18409a7d46b94b5
F_cross,fc_WEB01816.jpg,D-Fire train,5556a711e3ae607a76aa07117a1d09ee53ea861f4a1c569de0b8f945f4aafda5
F_cross,fc_WEB03538.jpg,D-Fire train,bca1d68c65254a1ec8d06b63b0ff88e12d34dcc47e0c3668b778b1c0a6dbfc9b
F_cross,fc_WEB02028.jpg,D-Fire train,8930ddc154ae4b77d0c960d1effaacff675658bc2e343fd430d724867c7d7950
F_cross,fc_AoF01426.jpg,D-Fire train,b841b7981242c610a71496259e216490cd66d253bd3c3136c370146df48173ef
F_cross,fc_AoF03239.jpg,D-Fire train,42e448b1a3c8f730fda505dd0e573fe1fb9cc9dc580cffdbc904e69bcb9f640f
F_cross,fc_WEB03127.jpg,D-Fire train,2c53b3b0102c2475766b3d3d27cc371126910acce943ec91b3e899752c959826
F_cross,fc_PublicDataset00964.jpg,D-Fire train,546b6a5cb3ea58323663c7aa4c4f99391e70e38f1f669038a3b5e90431f8e00d
F_cross,fc_AoF00031.jpg,D-Fire train,84398a4bca8473e458e8fa61ec3d2ecc91e346fcb4583b82b860911b147b1876
F_cross,fc_WEB03518.jpg,D-Fire train,51090d500ef9c346dd47ebf3edfd0ae5613708fe4187807348dc8d355d73f04a
F_cross,fc_WEB02887.jpg,D-Fire train,a092a3009675383a28504d51bfbabaa49c318c0d9d100d206d75d11b9709b3a2
F_cross,fc_WEB03317.jpg,D-Fire train,eac2ce3cf4021316d6a4c0247b8489fdf0cb8728f9ca665fff33c3dee7cd3990
F_cross,fc_WEB03464.jpg,D-Fire train,133ff31952d1d35d5c2ab20904478cac9b4b5a28d61a184ff7d4c322399c6523
F_cross,fc_WEB00223.jpg,D-Fire train,2660f7a98f81bd12a156ed159ed75e26e93a11873a9bd10afca751d5ea0c2d6c
F_cross,fc_WEB02719.jpg,D-Fire train,bdede20b06c09e6e6901bde3eb4c910bc6ce1dacd4a146e71be9a1e64f795cce
F_cross,fc_WEB01150.jpg,D-Fire train,17509dd16da9e5448e2fa27da17eeef2e65ad67dcaa004ec20ab595976036635
F_cross,fc_WEB03065.jpg,D-Fire train,eb640d37e559ae9592e3e598f7121d6efb833e0b377a540d6d578aa291f2a9dd
F_cross,fc_WEB02355.jpg,D-Fire train,d872ab95b9580d394da16839fadef15729ec561786c92ebd4d2de06a6e021eb3
F_cross,fc_WEB03007.jpg,D-Fire train,7d294a5abb5f33e1d7bbd5ed7148d08c8b16c0b7d8844c4ef8819de4a8e3d1db
F_cross,fc_WEB01737.jpg,D-Fire train,1306103f44684602e008eac53a883cf1c89672e5538d4b720e168f7e17d3b768
F_cross,fc_WEB02570.jpg,D-Fire train,839aac61f437b8b109b9db591a946f997d14bf9d3aa484acb4e205583d9bc53c
F_cross,fc_WEB03499.jpg,D-Fire train,77eb9a46cc6a77f7e9db60489ed242f4c2737e3e3238405cae21e62f427cfa8e
F_cross,fc_WEB02850.jpg,D-Fire train,1a7ca46c71fdd660062db8c201e4910139336284de6a54d839746daba8c95522
F_cross,fc_WEB02051.jpg,D-Fire train,3cacbb70dc394081fe6f0ea3848f8916c289dce9fc626c3dfb490d0a42db96fd
F_cross,fc_AoF03351.jpg,D-Fire train,b891828783056e68307b26da5c93ef6bb6f7425a156d1dc31d068a1001aee8b3
F_cross,fc_WEB01781.jpg,D-Fire train,f6888354a3b8c678a6d844a7cf971bdf3b8680ae41e09378ec838a664fca8a6e
F_cross,fc_WEB03191.jpg,D-Fire train,da0f16d78a4793a6d07b0cdc97668db08ea802fb7d2a20b860726d459ead4f9f
F_cross,fc_WEB01556.jpg,D-Fire train,9ab2f2b7c2b3fe101438e4b468e51e9993b904cf00b8c01fbb7bd26f56ff9512
F_cross,fc_WEB01516.jpg,D-Fire train,3a37f044d74a343eaf480807402f237d4cf9939cb947a6e42271d8e3bbb2e7fe
F_cross,fc_AoF01062.jpg,D-Fire train,2a2de526c76c2682f46a53cf63b7dd97def0806dad65ee3a73e7bbcea9b2cb3e
F_cross,fc_WEB00627.jpg,D-Fire train,40b67428073c775298d9c23cf4b437cd0a4340317a94c12c91e3fe42f1742bf1
F_cross,fc_WEB00325.jpg,D-Fire train,e0d8c6e6ee9c4929ae6e5a69c843e750ad68629a41a514ccc6d472c9da77e436
F_cross,fc_AoF02147.jpg,D-Fire train,ef509c2f36564ba88486a2e85237a09efcd68e32d8af3f2c4c9a6426cfff4160
F_cross,fc_AoF03607.jpg,D-Fire train,11aeab462f5f83af31a14cec1025d755fd5ab28803906097923578b7af304979
F_cross,fc_WEB02993.jpg,D-Fire train,ff6ce1d854caecf26e09858c6e28af1475126e9939f077e5ed99555d0b75a67a
F_cross,fc_WEB03011.jpg,D-Fire train,4847b2db21f412b8d9af08aeb794eff15d6de712eae8a2351929dc1b56ea262e
F_cross,fc_WEB00955.jpg,D-Fire train,8ef934464069ebe6df74e32f1ebeca7ed2e3c6c9af57b8ff913a3ac1a2dba5a1
F_cross,fc_WEB03266.jpg,D-Fire train,2bf1e6287a69e50ec79de750bf4a12e78ce381352377188071566254c36fe106
F_cross,fc_WEB00480.jpg,D-Fire train,bc6f429f6fecb9eebaff03074b41f932c41823c2a6f2ede94157a30dd05abed7
F_cross,fc_WEB01408.jpg,D-Fire train,73d1b7354cacdc4f389e1d19f485d3676fcb3d414bfc292a6ac9bd2558bbe0f0
F_cross,fc_PublicDataset00921.jpg,D-Fire train,0b695e39d4e880338aedd4e7b6241fa670e630588c58143f04d1ba0eaa9642d2
F_cross,fc_WEB01834.jpg,D-Fire train,1ca6838026f2370ede3db9ddcd5822bea8496ca7517f517150a09b5b2a37153e
F_cross,fc_WEB02703.jpg,D-Fire train,98c1492289b371e103cc05646619b6f27a6dbf3576f08733ceb53e899cdadd2a
F_cross,fc_AoF03379.jpg,D-Fire train,1d5b235c23019e0c1b71b2064d27de2f5fa0c3398c9363cdfde16b5327be0dd7
F_cross,fc_WEB03183.jpg,D-Fire train,3f15752051624bfac86d97c3cb3dcc820dc16b856aa83bdd62718cd832968ab8
F_cross,fc_AoF00517.jpg,D-Fire train,cf5cf05f7477781a16cf2712c11c35c99f1b10ae1c137c1df729066ca7e4a4dc
F_cross,fc_WEB02277.jpg,D-Fire train,665629a2d563d6d95fc5a67ecf6ae80184aa2a93edd53300ff4c054fc57b195b
F_cross,fc_WEB03107.jpg,D-Fire train,20b74017d86a2d2a9f2d1bc5068414ae4f624a551190d6813853da7728092d84
F_cross,fc_AoF03165.jpg,D-Fire train,e4ba77ccc464ac66f31a27666e944e922ae02bafc34cff351eace0ab3e50c7f6
F_cross,fc_WEB02430.jpg,D-Fire train,3a104badaadd85b93e300b5400be40675eb245c216118352f2cfbc63167e94f4
F_cross,fc_WEB02010.jpg,D-Fire train,dadbfaa25b3c8533a936f5c64ecd2298e8b4a94cb05fe60a44bdf9c192d7df0a
F_cross,fc_WEB00461.jpg,D-Fire train,3db72d44d7674c61510709c9318f5ed87c81e7885b884fd45fdeb092f8531f9b
F_cross,fc_WEB03036.jpg,D-Fire train,489e4f8f5339fb000f2b34ec25895564a81adce0eab4b83bab8d99493083d43c
F_cross,fc_AoF01438.jpg,D-Fire train,db46e639dc0b5bd2dff8de435ccd01dc9bb88fb711863eea31c8295ae29bcbe5
F_cross,fc_WEB01411.jpg,D-Fire train,ba48c0f965ffbf9ec2473cd37434a94e645a1a0961cfeb0cfee4eb372edb405a
F_cross,fc_WEB03555.jpg,D-Fire train,aec7a89e00e09426e42a5e1f4db7e9c4b2a14a48f3b0c8b5917967da70f5c03d
F_cross,fc_WEB03354.jpg,D-Fire train,e030082a33be4a45c34cc92451e454a07f66b05b494ac8f51605f2fc40b6b010
F_cross,fc_PublicDataset00955.jpg,D-Fire train,8214d2ddde8f771d45d44045c7a28476fe7264ad3a1ae6b559ee84faedadf6d6
F_cross,fc_WEB03429.jpg,D-Fire train,df556a44090d4d221ab7bd10c36f3393438b7e975fe6aeabb0d04b1af8cecb89
F_cross,fc_WEB00749.jpg,D-Fire train,ab5ef9199ce5e5630e3b5d0ed1c86ba180660683ce6658d1d6a0fc014664d796
F_cross,fc_WEB01964.jpg,D-Fire train,897ebebf3018c1679528194884204367bfe747167d42259a119694c9c24807c4
F_cross,fc_WEB01108.jpg,D-Fire train,f8bad870c2389548889508d3e5cc441af438c17f989fad61a4791181fdebfb0b
F_cross,fc_WEB01082.jpg,D-Fire train,335f150520ad2015fabdd0eeb6a829d601b24d9f770393bfea2c59dddb61b470
F_cross,fc_AoF01061.jpg,D-Fire train,d2e8b16e52f0ad72237f442327f9e5eef67a0906b8717738a968947046056a30
F_cross,fc_AoF01315.jpg,D-Fire train,c0b3f2daae160e1430f18700ae99038c11ec373313357c8330d0082f857238f9
F_cross,fc_PublicDataset00869.jpg,D-Fire train,5775f49b43e12fd472e5fe9f5117c32bc01eb3556f5db2adcefebdd7c5806c2f
F_cross,fc_WEB03035.jpg,D-Fire train,38e60dff92e1d4d5550a1237a39d7786fe36f9e01cbcebc284b0148a484e2e51
F_cross,fc_WEB01822.jpg,D-Fire train,f515fde4659db4b0c074a5a0bd536b3e8311d06bcb946d9c9e4fd58eea41a0e3
F_cross,fc_WEB00155.jpg,D-Fire train,72f0973d6540bb142195dc1471125dd203ed35653f0af97a748ffe9fba5718ff
F_cross,fc_WEB02588.jpg,D-Fire train,9e22e9c0b4777f5fee08ce386a1a2aac5e160415331543e581fe9a8171406016
F_cross,fc_WEB00170.jpg,D-Fire train,96f6d1897f1d502ae9816e9b0b1b457408ca2835d5a6e5b27744a4f1c4e9f373
F_cross,fc_WEB02953.jpg,D-Fire train,0df3e1a54188d2d55fc9e7cc34ec42e43150179192b77f451b808b7200a3d76a
F_cross,fc_WEB02161.jpg,D-Fire train,493b9bb798daee852b907467d1c514d43897606814b43b7ab150aa90d3c44256
F_cross,fc_WEB00806.jpg,D-Fire train,4b3c900002e7f6050861e8101e72d04a442c8ab8735ce6febce718cc587c9cce
F_cross,fc_WEB03443.jpg,D-Fire train,de7ca76c1d456d1c5b74b8a40d6eb0aaf51ef8e5aa12705d6b2b7f3074917787
F_cross,fc_WEB01333.jpg,D-Fire train,65e06a0ab70781142dbb7f3039fadf47b56c8a51de2f59a804752af5989fc9af
F_cross,fc_PublicDataset00872.jpg,D-Fire train,e4adfffbf0bae2057661e6e7048ab0ccd61586b2f66254bfe28c49ee4eace47b
F_cross,fc_AoF02655.jpg,D-Fire train,4b52518f6e5482b37c743504c8dc95b5e198ce5c3d8327adcfa486f2b5e0a28b
F_cross,fc_AoF03071.jpg,D-Fire train,e12e7cc21faaf57f1ae0c2cbd3184cf128a3a80e76b99b6d45048d223728818a
F_cross,fc_WEB01652.jpg,D-Fire train,023f32783b9bcb81f6fcccaaa3ee2ea3520d6c043056259103403cd89ff802fa
F_cross,fc_PublicDataset00925.jpg,D-Fire train,4cdd0b4c2f8d9731093a1941da698b5132af5ba66989c6c6119ae67af065fcb2
F_cross,fc_WEB02641.jpg,D-Fire train,ea02099b6c0a10eacefb8ff9cc9229de2670066e30a32266f3f002e976a8cd11
F_cross,fc_AoF01629.jpg,D-Fire train,de8f5d1b1f80179f4dd483ac32c0818e3fdff824e3027213bfe278c08d706600
F_cross,fc_WEB00479.jpg,D-Fire train,d1caf83cdc160bdb064f5eb1a0e1e8f0a627822ad1478d7d7b48bb642d915f0c
F_cross,fc_AoF01811.jpg,D-Fire train,6f92f503f0eb7a715bc45fba3570f3ce9f786feb472354d07228d3851afaff8b
F_cross,fc_WEB02790.jpg,D-Fire train,1846db8561afe8ef1a725e267f97566c03c7bc1dd28f526f74cc226f2cc1cc25
F_cross,fc_AoF03908.jpg,D-Fire train,72a532c54121606bd957d436a2447253612f4797108beb2015d13887758476dc
F_cross,fc_WEB00186.jpg,D-Fire train,68f2f8aabd329350ccaaee0e3bd2a824d41d37a703a980497a2178ff8e0071f8
F_cross,fc_WEB02557.jpg,D-Fire train,ba6bf87b807e832a1d668475b6728b20d6e57a2a2a08f4299a178971a5b669d1
F_cross,fc_WEB01116.jpg,D-Fire train,824db194ae40b389b63a9adb972b31d3b42de147dbef71c23b6e16d212ed4bec
F_cross,fc_WEB03364.jpg,D-Fire train,0adb027dcc2530a62e85540eb80be88236d55e10f78ab87b9a35bfcf03791ef8
F_cross,fc_AoF01239.jpg,D-Fire train,29d295b0f162b4df0d7a1325988948774c37c521f01125af22d98039497c8610
F_cross,fc_AoF03833.jpg,D-Fire train,b4a76f717ef207c6f21f70454dabae37292c0a71688695ec1bb95fc900913111
F_cross,fc_WEB01514.jpg,D-Fire train,fdf2c736c4532b31da05988d681520aa408af3ad2841315c3d008bfc7af9967e
F_cross,fc_WEB02314.jpg,D-Fire train,449a13c3101b82c125d8223cc4fa84cfc5f61a00f442ec0868aecef230fe82f1
F_cross,fc_AoF00004.jpg,D-Fire train,41bcb5e822b0e128b6a5de638beef83fa65a3a7f27a540e66b17082b88bfe2f3
F_cross,fc_WEB00466.jpg,D-Fire train,a66ba4f2a73230f6d2024010f2bc96fd4c76159412253bb1962257a6f17aba66
F_cross,fc_WEB02802.jpg,D-Fire train,e3ff5543992d6374e917a3a76eb5487536da0db622e4716b8ab5fd7932364f74
F_cross,fc_AoF01287.jpg,D-Fire train,aac3455cf3bf24690a299d651942bc841719dce5bc96208ff7eccd21452d15ad
F_cross,fc_WEB01868.jpg,D-Fire train,8ead63368071ea28329d64c1acf6aa4786f369e66fa873d45b56bc9ec906501c
F_cross,fc_WEB00848.jpg,D-Fire train,483cec6ae4e3d8a4d7c8ce564883c613307467c26c2da819c270ae9684b4904a
F_cross,fc_WEB03414.jpg,D-Fire train,89da03841d11f5ac08a0b63dfa0f446631893c886c98a192a3fbc02b7f9d7c0f
F_cross,fc_WEB02358.jpg,D-Fire train,95599a077f72a15cda724e02749c24a587859d9dbe4e7be680645729825e35d9
F_cross,fc_WEB03417.jpg,D-Fire train,dcd163282aff96132a709060a0bcd0784e0146b869fad87a2fbadcad543ee3ef
F_cross,fc_WEB03190.jpg,D-Fire train,46261d589ed9ab2e98cbaa6814eda81da65db58ead42bc772bc1101e6089c7d7
F_cross,fc_WEB02683.jpg,D-Fire train,a0fb28c0cce3f10aab791fd83560dc93d5f39e3c49061475fad18c8d32f2b78a
F_cross,fc_WEB02998.jpg,D-Fire train,a2b9b92dd5e628cbe7b070c8e77f706ce27dd652f97daa3fa5186e6ec3385938
F_cross,fc_WEB00197.jpg,D-Fire train,349aca8bcc324f7692ff037407a72d9dfd9eff423cc7b0afe3bb43f7d28e8d83
F_cross,fc_WEB03212.jpg,D-Fire train,75904b1593a86adc6cb8a7f0f3bd1ff1949835fb89f94080097a3037f8b6f0b7
F_cross,fc_WEB03140.jpg,D-Fire train,1076578322abd805048063900e796a39ad9344ca3a0e0a51dda4089a03096e4f
F_cross,fc_AoF00095.jpg,D-Fire train,d2be91839d45f56a67028bf52815ba4d588113541024ebf4eb5d5c8f0487ed45
F_cross,fc_WEB01374.jpg,D-Fire train,a2aa564e7844d71e01cc5b3340453ba58f70143534e98cff4092efb6721b9bef
F_cross,fc_WEB02623.jpg,D-Fire train,ffab7d10b7dbedbb728415c4d419d536e534ed5f0e5095ee4e49d83e5e97c213
F_cross,fc_WEB00143.jpg,D-Fire train,274dba620c3df45f2fa3cf5b3e8f02a3a947bd97ee7d5e52220024db388e3e34
F_cross,fc_AoF02296.jpg,D-Fire train,9cd65fd54c28082ff5ed9916e485c267711bbf8650a06d73c53c3fbd0bedf6f6
F_cross,fc_AoF02551.jpg,D-Fire train,1cdf34b424e1973ee79f2de106a974fdc0ad19ab6ffe0a26d52d7e64da542fd6
F_cross,fc_WEB01984.jpg,D-Fire train,94f82818ebaa6aa726cdafad896943df04a76c0d589f7f334279dfb74d01d4f4
F_cross,fc_AoF02341.jpg,D-Fire train,e3c458ada06f8e9c20c5f418d64b514d54510f70cc707dc9c43a4e3acb87148d
F_cross,fc_AoF02122.jpg,D-Fire train,f80fdbe22a648d2b273e0b217f0ce406993aaa7f2b4052ff156318432ccffdad
F_cross,fc_WEB03324.jpg,D-Fire train,ec187ecaa9a9fcf4c5b33b3ad277407364a6dcc4a4de37ae0feefdddac040b8a
F_cross,fc_WEB02422.jpg,D-Fire train,8d92cdae6ff7fc4016a65b7fb16f8b9aae37f412bd62f586561176317e462f3a
F_cross,fc_WEB02699.jpg,D-Fire train,f2ec673e4a31d9db72eff6005255cf2bc76f748dcdc8b6109e87180128365429
F_cross,fc_WEB00012.jpg,D-Fire train,9295f55b1e0973e75d2d70b49d44a8c7642ff4239e498f4819c33d306a39a3c9
F_cross,fc_AoF03955.jpg,D-Fire train,91d201c3576e3a57f45a53b903ab4abfd45aedd724846336ba5703acc2100db0
F_cross,fc_AoF01107.jpg,D-Fire train,d51c1df1c05eb96734207c8b7cd578eae1816f8c805da37e3c4d5fa4b430d653
F_cross,fc_WEB03022.jpg,D-Fire train,1b3513ba1eca20d58397be067916d32a42e1c2c3a6e6e25966ea20d3eb3c0214
F_cross,fc_AoF01011.jpg,D-Fire train,d1081cd5bcc3d94a943e88634f0642d14c37ef99793f7b1ff176f0242a10a584
F_cross,fc_AoF00925.jpg,D-Fire train,6a21dfb02e4599b0d3137f30f188a1975a9db828f60442f1529bdc6d39ae33cf
F_cross,fc_WEB01830.jpg,D-Fire train,0691ecfb06248655c7891920490b9c98195d3fb051b6958490cec770f9d94276
F_cross,fc_PublicDataset00922.jpg,D-Fire train,6d6e3cafe6b2a2e8d74b728cd683228eb3a1178bdbd59fb095f38153c8265faf
F_cross,fc_WEB00167.jpg,D-Fire train,74057d1612ecfe74223f84d809ef41723011e88fa7691b3cdab80cf7508a219b
F_cross,fc_WEB00262.jpg,D-Fire train,1f627018a1f89f3a1bda324808a121d179bad98567f89a823dd4aca1ea4ed339
F_cross,fc_WEB02482.jpg,D-Fire train,12fd10c29b5a475a96937489092bfee30771d23ee67b9f0d511b70f1b46e40c0
F_cross,fc_WEB01018.jpg,D-Fire train,e980fa260db8479c7a3436bd539f62b5073b1ba6e9b20e951c61d81648c8b03d
F_cross,fc_WEB02988.jpg,D-Fire train,4e6ed161b1faa550eb919bea4a53fb2fe0975eb2e7e284aeb1b16da35dc3f9f3
F_cross,fc_WEB02202.jpg,D-Fire train,71c2fdcc1fda2a1985206458be96c30794c9be57bf39afd3712e053962891141
F_cross,fc_AoF02235.jpg,D-Fire train,3805d8abfcf39cf9ed1eded5bb01813c0cd2e181fc0cb7bd997b2a56cf3a977c
F_cross,fc_PublicDataset00919.jpg,D-Fire train,72ea5c8ce8220c575384409c2262c2caf658b990e9a2a2eb5401acc83bddade2
F_cross,fc_WEB02331.jpg,D-Fire train,c715152f113e13828f7b28c976d2d743deb03bfefed576aa761012f820fbae75
F_cross,fc_WEB01589.jpg,D-Fire train,d30a58bac5d409b2065eb48716d86b2c2f16fac5a6d43adcfe81f865da787a7d
F_cross,fc_PublicDataset00880.jpg,D-Fire train,c4e126e00c8986361936fe6934d17d10eb91eb86c00b325255a3cab804000545
F_cross,fc_WEB03678.jpg,D-Fire train,060f8922bdd54101eaed756cb875dc8e7e20b38bc0d0a6152531314caf3f20c7
F_cross,fc_WEB01422.jpg,D-Fire train,78c9820091c7c5b4bdf4f6502a931b85b95d5f8abf6fda95a480d6e734034063
F_cross,fc_WEB01797.jpg,D-Fire train,32178fac9615ff1b5c984301c63c8efa20bc4478303c84d846c2e4268e30d0ed
F_cross,fc_WEB03210.jpg,D-Fire train,d68dc07ee786a7550f2d89f858b0b683f3005d1ea15175207c39fdf475f60dc8
F_cross,fc_WEB02353.jpg,D-Fire train,a240efa4512caade0171278797feec912baf3de18363298ab962df050774dfbd
F_cross,fc_WEB01242.jpg,D-Fire train,e01ee321b2b9eaa32506223274f808d215a2037a62b71b5474dda8f9283a656b
F_cross,fc_WEB01225.jpg,D-Fire train,86168758e12690a2bb89ab64795f31e46c30ed6ce7e2abf937e3f6c957e29c8e
F_cross,fc_WEB01857.jpg,D-Fire train,e0c4088ddaf28733044c3687e8117b9703add2dccc9b45faf41eb176b3336130
F_cross,fc_AoF03536.jpg,D-Fire train,9c542d51a6d2e61ec633f58a287fc134874ac5dc613e6627b676a4fb25cbb669
F_cross,fc_WEB01927.jpg,D-Fire train,711ff867bc1007099d8c4466db0fefb761cfee0eb9c52c9f5ab0ac78abfa99c2
F_cross,fc_WEB03482.jpg,D-Fire train,8597fe2db1cfbea8c3ba5b35354c081248619a54cf72994c5a81efbca43a5358
F_cross,fc_AoF00045.jpg,D-Fire train,4d489064d70abfbb759141743d6a3954d7a645d7d7fb83b07dfc6c9939a6e4b8
F_cross,fc_AoF03334.jpg,D-Fire train,f7f75f6b696079b73eb502ae0421225bef7fd7a0302cbe21e7072eef5971beb2
F_cross,fc_WEB01787.jpg,D-Fire train,c693862574c81ea1f2c20ec716ade651d7fb77aff1ffd1a0117b4c3cc2dee3ab
F_cross,fc_WEB00394.jpg,D-Fire train,b06903f1e299dbea4bf34d1e5003c4590cd786daec48cd7e5c4849dd0f8492ef
F_cross,fc_AoF02098.jpg,D-Fire train,bec3a3d5ba5edf233234ca08b8d878e192dc1f0a5852f313ead2b2636b2a2842
F_cross,fc_WEB02379.jpg,D-Fire train,cd1898592a4d72e1859c4c7d3fa5ca326e88ad53c22aa552d2b76cb3a6832acd
F_cross,fc_WEB02197.jpg,D-Fire train,43952770bce619a19a0d4264ab24ca1aa5beb2965bc63f575c812688485d7fbf
F_cross,fc_WEB00270.jpg,D-Fire train,2666ed3fa10d2ccf763c2a4a46a876baa0c0f23ed8dabe286fee25597d3fca3d
F_cross,fc_AoF01827.jpg,D-Fire train,06b5669a9253128c3caa19cec074990925fdcf0e8590d250058597ca48648c04
F_cross,fc_WEB02920.jpg,D-Fire train,eccb7f1d66a63fc01003ec8ac0146f49a97a072fc9c6bb6a6b4b353202082a3d
F_cross,fc_WEB02868.jpg,D-Fire train,d7320b1154c2f4b50955ef194dc67200bf674d407602143c58509941500c84b9
F_cross,fc_WEB02214.jpg,D-Fire train,abb65bda167637d9710ea48972ecd0195483dc351a3faf9b9d02563fec41b467
F_cross,fc_WEB01891.jpg,D-Fire train,f1c8c45cba36cf613ed9f53f5d6d364c81986c13d5eda5f2223524f12412c481
F_cross,fc_WEB03430.jpg,D-Fire train,cdf522c43fdbe056332e5b8e85b94fb3ea02389f5d5e92d3d6e7d83d016c8750
F_cross,fc_WEB02493.jpg,D-Fire train,9819a8020ee987bc0ab27bbd1594adfca23a1aefe8a123c5715751e40d9eb1d4
F_cross,fc_WEB00381.jpg,D-Fire train,75730c3b876105a057cc0e2b1ff9efb419902fcf5cd5f7b3d68f7d06a40670a1
F_cross,fc_AoF03528.jpg,D-Fire train,203e71b04dd62e98537f0396e04ff5ade7e55b9b0ea36cd53c2e65807d1e171f
F_cross,fc_WEB03055.jpg,D-Fire train,125dd8b5b8c48574140606b0bf441d4621a56aabda1292ad7cdcd62202b74570
F_cross,fc_WEB01311.jpg,D-Fire train,1969271205bb634185abf440d6fca954616127ab908227bc79138163296402fc
F_cross,fc_AoF02406.jpg,D-Fire train,72ca3d291e79143511b87c1e3714e314697e2949f0b643db4ce1f9a9fd35010f
F_cross,fc_AoF02707.jpg,D-Fire train,4cd54ca004fd116b61b1d635a6a50fd62af410d300405b93170236937d784d04
F_cross,fc_WEB01432.jpg,D-Fire train,9dc363c4bad207c730ec064f61f130d3a3e5470a119b031db5d3b81b40f67a09
F_cross,fc_WEB01013.jpg,D-Fire train,341623b63ab5eaec1f61ad36b0d952b5301c57b35224a174a96ac32f138977ad
F_cross,fc_WEB02097.jpg,D-Fire train,e27efc3ee005db9be038e8a4a5df05bf8ac7affbcb90535b8454ee9f08063161
F_cross,fc_WEB00038.jpg,D-Fire train,b4896ad0da8dc86a80fbf00ed85896643e6b0d9da6d2bdd3860338e194b60568
F_cross,fc_WEB00332.jpg,D-Fire train,a72f760bca02975e990b6bffea22144c7080e0d7e7fddeba975d23cfd888aa6c
F_cross,fc_AoF02785.jpg,D-Fire train,5617e1347f5e3e70b1f4c4b72c18123dfc9e14313bda3eb79c500f50935d5cbc
F_cross,fc_WEB00884.jpg,D-Fire train,74d2ecd965ed52e272ea2e4ffb8e2682db65c0bc5e8bee8c40726e5fa5541f13
F_cross,fc_WEB00294.jpg,D-Fire train,cbae0d83e83a0800cef032e8ad400b8fda68e8104f2792de16a37fc2de9be7ef
F_cross,fc_WEB01853.jpg,D-Fire train,d95593682b7f09b31d8ade59552263e8e9fe2babc5dce740d13ca0e920318042
F_cross,fc_PublicDataset00926.jpg,D-Fire train,e7f4c708157caa24d3686738740d147516abbbbf650a440ac83dbd30a2e6c198
F_cross,fc_WEB03034.jpg,D-Fire train,e98041cba2261c2c6bac43c68396a4bee7d974fa28c45c8a2aba8678121f6fd4
F_cross,fc_WEB02536.jpg,D-Fire train,347e2cbc46ea518ef39a3f759592874a3e6fcf6510359d57a6dcecf5977cda31
F_cross,fc_WEB00838.jpg,D-Fire train,1809dabf754e9048f2019ecd63fbd696c981bfcc7a7ddc51da7f29458c3d42b7
F_cross,fc_WEB03519.jpg,D-Fire train,66e2d9295be13e11b71c53857988e73c18809c7f61a81f4eba294b94be4fb11d
F_cross,fc_WEB00946.jpg,D-Fire train,a2ea2f80187a072b50ac367f1da2f0f95111e20cfed2a615eb4bbe00694906b3
F_cross,fc_WEB01497.jpg,D-Fire train,243e716e8b815469ee22557c7cf66e9a3c5dd61b2064a021581a34bdca147d83
F_cross,fc_AoF03977.jpg,D-Fire train,e2667bbcffa68c80be6eac910ee7abb6d154e86f8a5af42cdf85157be89cdb00
F_cross,fc_AoF03636.jpg,D-Fire train,625ebb434e30036d874bc15510f0ddbca408c43015f5c04390cdbc31979b5b84
F_cross,fc_WEB02199.jpg,D-Fire train,3ab2fbab3e7d9f5697a2a61c19d0130b64b1db2491dc0e05279b861ba76f786e
F_cross,fc_WEB03053.jpg,D-Fire train,3392fb89637b1b8c792b5145131cdb863bcad72949020a8bd6317643a62bf66b
F_cross,fc_WEB02659.jpg,D-Fire train,a206d9cfbea85856e73ef57718e4974df7f8056e539e34c9652ff6079b0f32f1
F_cross,fc_WEB00871.jpg,D-Fire train,0638840cd59fd394aa94fd4bc42311cf2ffc2f302f71ef11063ce31318db2e32
F_cross,fc_AoF03663.jpg,D-Fire train,01db3620a3e80491872cbd77afec5c4817d9fad30b43f0e47688f1fdafa1ca38
F_cross,fc_AoF03603.jpg,D-Fire train,bb290d50577b9fd19aeeca89413a64912028edf8db09ceeaa8fd3a8a2f15415f
F_cross,fc_WEB01275.jpg,D-Fire train,830f14b7b13a442ce04c00a47d33ae380c85fff460c06f54f8372c7a3e3c087e
F_cross,fc_WEB03082.jpg,D-Fire train,aec2939b5ab9ee4823da0cb226281ad6947cd38ce97c007c6cfcaab1e7aab459
F_cross,fc_AoF01172.jpg,D-Fire train,ca6d80adcd8833c4f9028db9292a3b38e19688c9c42d076acc03043e81cca475
F_cross,fc_WEB01647.jpg,D-Fire train,d14bf372eae870ffca0b8c9568714fc0ce21cbf0c55eb3d64510662ca9cab491
F_cross,fc_WEB03647.jpg,D-Fire train,43760c7d467e4ae29426fb894c2c3082b0ccbf13579a07f11e427bdbbf7ba323
F_cross,fc_WEB01343.jpg,D-Fire train,39ff92ac6eb1291d8b616f7418a1688f9e50ddac24b3271598549e53b537aab4
F_cross,fc_WEB03282.jpg,D-Fire train,64d0e63f71a32e09822b36c5ee5da9522aa4d8a1ec3eefb6a01c117acf4f0f35
F_cross,fc_WEB00296.jpg,D-Fire train,7dd4f86abc5b2900162cfa5b74e5b525a4677b95c657c3052abc7441da0e0282
F_cross,fc_WEB00921.jpg,D-Fire train,18cec52f63eb6df7c4d43f396dbae8d47f43f58396411c871a827a4fa20de5e9
F_cross,fc_AoF03561.jpg,D-Fire train,692cbddee611e8b3e808595c2073f363a954e7048792e46425c4d31b26cd3228
F_cross,fc_WEB01800.jpg,D-Fire train,a107df03ad8905ed0276e5754d9d9b9c5e1bda029a24699ecd535bc943692b0e
F_cross,fc_WEB02974.jpg,D-Fire train,b04a122919cbe3fe396b079879e712b804e2bf5702f26348ef52f63fe0f5eed0
F_cross,fc_WEB00591.jpg,D-Fire train,408eb4dafc73d12f392322f534a6e6f2a82543b7ac3b257a0b8bee2995b6e288
F_cross,fc_WEB01742.jpg,D-Fire train,3966d50103d29f8371651fb971e1892185c4d5b7c70a9f257fd2e6385f974ff2
F_cross,fc_AoF00329.jpg,D-Fire train,98163de5a42426e674b9ba34d211af0c7e54a7007e321e07c5f4323f4aef8c38
F_cross,fc_AoF00050.jpg,D-Fire train,635dc705dcdba10648e77c2e7037e1d52fc8947fbea59f828f759c176f13b576
F_cross,fc_AoF00075.jpg,D-Fire train,ff2c662257a3d129f90ad28148f51abc8bba7852812ec9b24e45d8750ca0af47
F_cross,fc_AoF01693.jpg,D-Fire train,e49472542886b799322c6d763fc976e91776d5f9069fbb72705cc1f0d9a0abdb
F_cross,fc_AoF01108.jpg,D-Fire train,624206ee5147a072dcc7877f87abffe70799d1ab7cdddc1b876208324795a2f3
F_cross,fc_WEB03024.jpg,D-Fire train,7a3f00b2df6adcf0a56c4fec190eb5224be831fe6bf066a3bb771a7968329707
F_cross,fc_WEB00160.jpg,D-Fire train,b94f999e6ab6e25eca41b3af5ad67e7185c2ebeb3cfd6704b7e37c7151141bef
F_cross,fc_WEB02527.jpg,D-Fire train,6155e4cfe16b68336ad0c63a8d0c49c7e24b1c9bd99943f00d0702cd9db8c886
F_cross,fc_WEB01475.jpg,D-Fire train,687566cb51fb1b9720568dd7a0a85743bd57bcc3107a47b6b87e0b2693acf59e
F_cross,fc_WEB00419.jpg,D-Fire train,68479c573d7ce6427f67165b31aae81d0d749acb15c334617ee4027769bea23f
F_cross,fc_WEB03192.jpg,D-Fire train,34f4be4671d9240a057e98b4dd278b7eee8841af13ab8a858590260927877091
F_cross,fc_WEB03049.jpg,D-Fire train,f6ebe83db37757fe85f56be415e59692f00b71e46fa9fb874e2dfb21fd9ff108
F_cross,fc_WEB02419.jpg,D-Fire train,b90e70eec5f66095a5b0066becd79f6afa88966b148a54c3dfd3d989efe29f67
F_cross,fc_WEB00872.jpg,D-Fire train,8432dd402bc5a5281b76c8e4ee195b58d695e92e1f45b985b391bcc50cd96375
F_cross,fc_WEB02420.jpg,D-Fire train,1484ed10815a30d0de5bdda11dee077dfebb1bf02825668b0a6dc9ac304393b9
F_cross,fc_WEB00756.jpg,D-Fire train,d48caa6eda6e34e54e3ddb580ea0155320f9eb8d0c012e85ca60522f46d54b2a
F_cross,fc_AoF00462.jpg,D-Fire train,92552bf5dc1f1bdaee103636120cb47fe341eb578a1d35c02373433aa54f218e
F_cross,fc_WEB00382.jpg,D-Fire train,fc3a9552240d794aabbbabd25f4ad02bb270a5c97116659d39da8b345d0abc84
F_cross,fc_AoF02377.jpg,D-Fire train,b7e821c33522972f439e4a6b5e29bad4e3a1c975293247591f09e42c96432106
F_cross,fc_WEB00445.jpg,D-Fire train,dd82045162eb0fdabae1cdb64268d702e7eb7f138b02f2449207a3344989d4d5
F_cross,fc_WEB02830.jpg,D-Fire train,416f435134cbaf83d9957ee93861dfea17e1648279117ab1435fdd2a8e368f89
F_cross,fc_WEB00524.jpg,D-Fire train,8ff45e51ebe53b2b3159fcde72f311b9234c9732c73a2b11fe4826631212d80b
F_cross,fc_WEB02271.jpg,D-Fire train,c4fb0f09c13d64d013e5a6cdb163bba9c514f2b5077061c5ba32c443fd9d8ed2
F_cross,fc_WEB03527.jpg,D-Fire train,572307dfa54ca42a8f838cae0f1368e0fd0fe9195d79cd03fe2e7bc7f30d8386
F_cross,fc_AoF03884.jpg,D-Fire train,fa3913d0bde51781439bd54830c51a3b3842d152494d3213db768ebf1bb51003
F_cross,fc_WEB01974.jpg,D-Fire train,5b4013a2f9622ff6e2a8990be7a43fafe17f97cd071875188761e0f59507c8ba
F_cross,fc_WEB03399.jpg,D-Fire train,e2fc90479efa0f544bb2efeae0f459a5b46d7bba339dafa2a062e3084462eebf
F_cross,fc_WEB03633.jpg,D-Fire train,ae3863abf6a5b76acb6a9a8c6dad01bc391f302213da4266c7fc69d95474be0e
F_cross,fc_AoF03693.jpg,D-Fire train,b9637cea4b33bf60147f85d0b97c80c3109d77864249ef6c3fdd0ca7c8cbb9a3
F_cross,fc_WEB02406.jpg,D-Fire train,4fae8d226c8b36c3ba40f572e524085b31cb994510284ad404b8d6c2700ac669
F_cross,fc_AoF03657.jpg,D-Fire train,12cc8867ded41b360b98006ff9ccfb8cca9145d7d73418d536e66e8a61281c65
F_cross,fc_WEB01839.jpg,D-Fire train,dd8f4c8b26465fdbae4f15dfeee2266fcd05cbead6e050f808547d4b84ffe0be
F_cross,fc_WEB00555.jpg,D-Fire train,01025dbd370cd23c4a835bfdd2ce5f4cd5d694d0d40b5e3ce5e3391175a623eb
F_cross,fc_WEB00201.jpg,D-Fire train,ddefd0d9c99f35eb4e87b199b727c53985cbb8b95afa5fd732651e254c7bc126
F_cross,fc_WEB03069.jpg,D-Fire train,6fce70d1ef42909b73fda5cfee8a42d5fb27b1c34a41059000ff214fe19b7fbb
F_cross,fc_WEB02864.jpg,D-Fire train,55bbb3507fc44544802f5880b860615c62a2c48246413f70b21d7c0288b8f0b9
F_cross,fc_WEB00707.jpg,D-Fire train,f0ad27904375263722aef31ec7aa46a3310af0d03e9f355d34aff84444f9705e
F_cross,fc_WEB01829.jpg,D-Fire train,7ae22e198d4301cca513dab58bdd121b7bca155d126413df5749c5b5c0031d78
F_cross,fc_WEB01359.jpg,D-Fire train,cedb3d81b4d883d0a38a5cf5238e099539e6178fc10c523d03c2ab0ef6335996
F_cross,fc_PublicDataset00973.jpg,D-Fire train,4264a306d3c12e54d35bee1ae834555af3e457e8b3903a6b0890b924d1365ff3
F_cross,fc_WEB01140.jpg,D-Fire train,409e43434fd08dd24777805cee6205ccb1153713886d723578fc16ea8b04a764
F_cross,fc_WEB01027.jpg,D-Fire train,bf5dcc8ef08ffd1d344ad9a7b44d11a878f4b55f67fab7408243099b2fadc8e8
F_cross,fc_AoF02251.jpg,D-Fire train,e3c6fe4d8b1d9fbc5e5494181bfc73ddcfd0257f90267029fd305e4ad3ceaab4
F_cross,fc_WEB00711.jpg,D-Fire train,7470b50d51abfc44db93ecc55d0908d203295f47d905dd4e8872d1335748f61e
F_cross,fc_WEB00105.jpg,D-Fire train,fbd244098556c9506e7e87c26e2ba032419d1ed30d8652ce67149dbc7f25ed4b
F_cross,fc_WEB00948.jpg,D-Fire train,9f8e7e03082a6ec152b2cdb136b1ee6559d12199dc977b8b4f99eb6ef8a6d522
F_cross,fc_WEB02654.jpg,D-Fire train,6415706cca95fc66bf77705cddb5e6c23485b3c7a92d710a7165d7f5a7ca55d2
F_cross,fc_AoF00123.jpg,D-Fire train,909137b6932a45e0c6d73719e6f5989dad8953d2121ac1d5d7e2ef8691af975e
F_cross,fc_WEB03182.jpg,D-Fire train,8e4e72c8b701ddf2c7245d3dccae06b8a16fa6b8e66c987fcd8a34678c7468b1
F_cross,fc_WEB01003.jpg,D-Fire train,e359059362aee544992bd37565064c8fbf623b0482b219ba28e4ee075f02c825
F_cross,fc_WEB00126.jpg,D-Fire train,632c9b361c7d46deed93fcceb37009314aeaf48a49eb2432633ce1710b7c16b0
F_cross,fc_PublicDataset00908.jpg,D-Fire train,a557560c67e0bc648200f609efd58f0cdfe11c4bebc2ff1f64c3c301110d1107
F_cross,fc_AoF01247.jpg,D-Fire train,07e11353804351dc81ee55f21caa4178c2ba57e735724d5324381258924a20f3
F_cross,fc_WEB03009.jpg,D-Fire train,3adaf81c0210af563c8ad808bce21f6b52b8d5d3513d66977d7e9449557be093
F_cross,fc_WEB03294.jpg,D-Fire train,09775e87a5e419569853b380fbb20f9cb88f4a8d7af3f7d14f57cda3bc31d5b8
F_cross,fc_WEB01975.jpg,D-Fire train,e2c9a3bbbbd11e94745931c342ffba1bf1163c91251c4bc73d40682a987ef578
F_cross,fc_WEB03178.jpg,D-Fire train,c073d5056f79bf1df871c3fdc5065c200bb863c5d1be906039ef6df109ed6a99
F_cross,fc_WEB01543.jpg,D-Fire train,9ad36ea2f0aa61ab05d438d0f7e74ebc0f5f81a95e05f3573d11940e548f5394
F_cross,fc_WEB02910.jpg,D-Fire train,d84f40945f708eeb74381173456ec861e108488c0b0404f426ff5f3dc92c2522
F_cross,fc_AoF03685.jpg,D-Fire train,cb7ce3c6e711b406a2ca57440422b3d485c6fb8872c4dcbdd4ff532073757833
F_cross,fc_WEB01751.jpg,D-Fire train,aa15646f5a22879866ca2cbdd4b8b4a8d6280a1cb1316372376ac76d518ab8f5
F_cross,fc_AoF03638.jpg,D-Fire train,d5a7aaab0adabce50a48bb48f41fe25d581c622854bb04aae7cd07c997c3214b
F_cross,fc_WEB00401.jpg,D-Fire train,8131ee9494a58bb1c83c1816d83cedfc13c67c876332c57903eece5f2aa1b412
F_cross,fc_WEB03653.jpg,D-Fire train,9f5d0445a478ba55e72b38602db5edb8731efc725385db07ea790cf84cf0eaa3
F_cross,fc_AoF01264.jpg,D-Fire train,f4e59257997c18ba07d32629f43247d98b75d7431ed77ee6465676b4af772d9b
F_cross,fc_WEB00463.jpg,D-Fire train,dab8818f0013a2151e65204248becc25bf395cab76653946615d76163267272d
F_cross,fc_WEB03133.jpg,D-Fire train,d4c64cff5041b5381e3a2693bc0166439617d6eaa6dbbedee3f366d2f5021662
F_cross,fc_AoF01502.jpg,D-Fire train,12629b2751332614ec14913834da42242964e6e4f8db5d66f816745109010954
F_cross,fc_WEB02369.jpg,D-Fire train,99e89e4e65d64cae1592534169169ab7ad5b873158aa2e4c8c7622aaf278e341
F_cross,fc_PublicDataset00993.jpg,D-Fire train,7c3cfed6ee94ee134ee6eb7bb4a02ef1c403252c6684c5e6f567c12547c27584
F_cross,fc_AoF02399.jpg,D-Fire train,6b82b72380226b6b2d1851c51d46f161133392f23f4ad8f39a923447617ba986
F_cross,fc_WEB00646.jpg,D-Fire train,aa1f11a99a27e7facddf28814669b88fc702d71b44596a2e602a981e74129cba
F_cross,fc_WEB01660.jpg,D-Fire train,a36660e938ffdaf3b8feedd369883302c224757d97355ea9436de47dd86816b2
F_cross,fc_WEB03172.jpg,D-Fire train,1b29b0bbca3d4ad4b8716ca10b70d62e6a24fb449d2ef46e40df5f88587aa5cb
F_cross,fc_WEB03533.jpg,D-Fire train,272bc89e063529d0a09a375a1adbabae415027b5ee8da25c3401ac57f201d8f7
F_cross,fc_WEB00392.jpg,D-Fire train,4e97a6f08c81dc9f269e9c882d2ed4579e2416b5f9e660250cba0cf6c6e61dad
F_cross,fc_AoF00013.jpg,D-Fire train,c74ac303f96cba00324de37d0e51bfdd372704d9f320b3c85246a65289f73259
F_cross,fc_WEB03323.jpg,D-Fire train,d03d0772614c735f4eaadd0665f6a94082df1fd468e1362afba552c23e8d918a
F_cross,fc_PublicDataset00920.jpg,D-Fire train,e6b91a8752fc7aea8326e5c6c59b502e43308409456f8bf1dd9b8f83e1fe9de5
F_cross,fc_AoF01607.jpg,D-Fire train,ecfe4e075cab2a29f5621b2d4fbb10bf4734dff9dd90938b00055d1eb7d9a659
F_cross,fc_WEB01465.jpg,D-Fire train,72e551ea16a1b1e583c891d52b7e6b2d889fc3274ed5ba31130dc6a6f6a972bd
F_cross,fc_WEB00888.jpg,D-Fire train,5c69c740e0a3a70e13035a48877243d8cdbca7191711beb155e8f17a8ababa0a
F_cross,fc_WEB03649.jpg,D-Fire train,ba2a714dc4bb22e7fbffa19a9795e0943f7e883fad4052624302721ddf3f6d57
F_cross,fc_WEB02181.jpg,D-Fire train,15b23c9d965b10dffe15551e0e43dec6a5947998dc44e1b5275d23fb2ad3f492
F_cross,fc_WEB01031.jpg,D-Fire train,23a176d8ae9afaa89aba4b2cbfdfaf7827f709c8b3ad4461ea8d1b620785be14
F_cross,fc_WEB02578.jpg,D-Fire train,17639dde22f958ebbff824afb2c0c874ac7b9db94a01eabbeb4694fa4bd1150a
F_cross,fc_WEB02652.jpg,D-Fire train,029f1d5f35ce94002b8c5963c9c70c7d2390ab3be2b6ec2c790ddef9802c479f
F_cross,fc_WEB02118.jpg,D-Fire train,36ab43a95a286276bd8dd23c08a93e52d9ac0bcbfd23986ab29c97e69b1055bd
F_cross,fc_WEB00988.jpg,D-Fire train,b7c96f7def33f9450ff5e79a748104d80629d85ddf6df01f5f1ad9847c6dfd05
F_cross,fc_WEB02228.jpg,D-Fire train,f172061df36043f058da286f80b283009f1071716691916954984680e5d577bf
F_cross,fc_WEB02256.jpg,D-Fire train,41c2294213be1b66bf56dfb5660600c0c7fbef1e8288166b197bf6fee1b7a34f
F_cross,fc_WEB03139.jpg,D-Fire train,d92c7ee8f8cce3143a68e189574b83ed83ce34e13522e0c931124f404c538293
F_cross,fc_WEB03121.jpg,D-Fire train,00f735192da199390f95f14bb976d60f2c56e167726c9d87b70b3e8445d7c366
F_cross,fc_WEB02884.jpg,D-Fire train,5394d61de990761bc8dd1a4b06e5a8c6325dc3aa790f3b9a9fe260bba25f6472
F_cross,fc_AoF01238.jpg,D-Fire train,cccde9a090b77c63e8f3ab3a0072a3a3c04c89d4f251960024ab2d6dd5ec5653
F_cross,fc_WEB03252.jpg,D-Fire train,9a40600f6e43b455dfc7377a6d3446d798efec2109881ba9330c21140a79451b
F_cross,fc_WEB00678.jpg,D-Fire train,9756bb54eeeb0177d18a89c88e79ee27c9f66af36a64b098fca818191cfaff22
F_cross,fc_WEB02042.jpg,D-Fire train,2f3f2556ed7e3d7ef2fb5797f56aa5c305a4d88809c300d840af530978a6313d
F_cross,fc_WEB01522.jpg,D-Fire train,db08a6944e3aff22773ebb8a3b759b101ce5a2ddb76a95965449ce1a1f9a5fcd
F_cross,fc_WEB00448.jpg,D-Fire train,ad12e91ef90fff1681a40306cc6078ecd3b54579e0b66a01b4033311ddd82591
F_cross,fc_AoF03143.jpg,D-Fire train,f674147a776227b05592f05350b385fc4c0af7a0d33dfdce45f1b27d3892659b
F_cross,fc_WEB03554.jpg,D-Fire train,b7ce277c731d657cbff9a128b3f8105170a2439f3f46e50141902bbb3e21862d
F_cross,fc_WEB02208.jpg,D-Fire train,6b8327cda4b7319a9c2f1898e72124a8d5c3add7f3e62e0e6e1fb0eab942726d
F_cross,fc_WEB03662.jpg,D-Fire train,d05618243f89c9c4164db106b2ecd3cd5faa6ce863579c9877d005726dd66027
F_cross,fc_WEB01513.jpg,D-Fire train,e794dec6807e3f55850324fdad89967380a17eb47291d44865c178778bb6d849
F_cross,fc_WEB03401.jpg,D-Fire train,5c329397b44f94995ebe531892ad7e3fd03b9a792f1e94452ce91f7bca65e88f
F_cross,fc_WEB02377.jpg,D-Fire train,a8a7dc5badea421b7a42abc342dfcbad08063fb659f1a9ede27fb497f7098fa7
F_cross,fc_AoF00310.jpg,D-Fire train,f0e72e4821cbf3ea47acde0551599968a986fc640a33c607eff024d47b07043c
F_cross,fc_AoF02930.jpg,D-Fire train,17fe8716a2aebddffabad16dee7a07cb18e6e3564285d3af2fb20ac44dd1e9e8
F_cross,fc_WEB02360.jpg,D-Fire train,e50afff4ce465cf867335aad89757312aaa8731a8f69dd6e594851fd95fb2f3e
F_cross,fc_WEB03052.jpg,D-Fire train,36b8fa54047c3eaaad06a9fba68190752d905fe8ea1ea5915284de6ee1de7998
F_cross,fc_WEB00815.jpg,D-Fire train,4e6f6db1630d643ffac388bbf34d0f75d4e1f5539e84d6bf36c4ae6f66d60bbb
F_cross,fc_PublicDataset00914.jpg,D-Fire train,b09e003ce87eea4f4eb88efe6fa21807592875915ec977ea0ef892aa02b16bbf
F_cross,fc_AoF03541.jpg,D-Fire train,2187dd057ba50226c6e8d0970eeba3eb6fff94d4cd386434b822e1362fd4208c
F_cross,fc_WEB01269.jpg,D-Fire train,1d1e98cde266246425b0499d6a85fd78a2ff03b5443ecb5ae244db4f6f6f7d79
F_cross,fc_WEB02018.jpg,D-Fire train,baa0ae7aa7e035131b0c4578153d2b1cba77f837e21018c3aa592a738b2ce683
F_cross,fc_WEB00324.jpg,D-Fire train,07625249aac8e3e03ca4c7c4a7bed14c4ac897c5349292679d7f9a0961e92258
F_cross,fc_WEB03557.jpg,D-Fire train,b140d71fd40bfb157c060ff54bd277759e2666f72c54db608fd8711e5ab949a0
F_cross,fc_AoF02769.jpg,D-Fire train,d7646ff3c5c211513f35e550200ab896ec84dd920dff8e5227ebd207a0e335e9
F_cross,fc_WEB00964.jpg,D-Fire train,ded6c96bcf191a70178e78b2d4e7b4688077334f87f14f162b6b365a254a450d
F_cross,fc_AoF03640.jpg,D-Fire train,8566caafed3ab7b3e3a547a349f82214f9eae4333c44ed00102990345eec9f47
F_cross,fc_WEB03606.jpg,D-Fire train,57f66820fa39c7c26b4b4fe642f2a8a2ede2fab465ff9ded2b4bcc2e99b00585
F_cross,fc_AoF03237.jpg,D-Fire train,10e1fc577a3298e1b759addd5e40824ce17f2a107d14da42851cc90fc0070b72
F_cross,fc_WEB02048.jpg,D-Fire train,ea5ea93d7a3a1931dc2250229db13a880c5e6b0ad6178b36f8bfaa23f36fd318
F_cross,fc_WEB01738.jpg,D-Fire train,1032466dcd1ede815fa778b7177ad2e68cf2098e06598adb8e20a7fdfc2f5417
F_cross,fc_WEB03614.jpg,D-Fire train,bbef3f8ac5d0c1f121222bbc20a3dc4b73c50b8304d5e4bb6c8709ff33cc8dd8
F_cross,fc_WEB02412.jpg,D-Fire train,f4f80f766065fa48ecbe99d8593f6df5be94437c7f2f5cb83f67bd1db82a6ade
F_cross,fc_WEB03208.jpg,D-Fire train,80042c8a37eb66ce95c04753112482b9f57b75ea36c0f37a1df399a24695bca8
F_cross,fc_WEB00621.jpg,D-Fire train,4d997e0c46a82706ee2d8f7f5d464f834027ea375647f6d0a467503ebf52aa2a
F_cross,fc_WEB02308.jpg,D-Fire train,e595604f4020a2aa3c7f65caaf5ef3ec5e7618ed5b79a303747f063cc149e168
F_cross,fc_WEB02497.jpg,D-Fire train,d5fff9f602b38fac45fa75ba81cff8090999f8e98d8d78e08e2422712b8be4c1
F_cross,fc_WEB00320.jpg,D-Fire train,0ece2d09612013d122f45140168a782cd8f2cad90e821cb1cf62cbde8373561c
F_cross,fc_WEB03250.jpg,D-Fire train,6bedffb1f0fce50b9e07b462f201d0897101998b92d72bb76e592e6344c7b7ef
F_cross,fc_AoF02305.jpg,D-Fire train,222f5942a83c8bc4e42b3ab5d3c52225fae33e9bae8755f7d975054da6839cce
F_cross,fc_AoF02361.jpg,D-Fire train,4fe89f8f626a770666925183e0599d041f8ffc1a5d7ebf0918276c9e1a481aba
F_cross,fc_WEB02438.jpg,D-Fire train,ae20d154c939a41299867267d4370ef9590a3d0c6d377118fe8137be8f21330e
F_cross,fc_AoF00331.jpg,D-Fire train,290dd5f54571bdc36a6e9e166cbd9d8c71b1af5465348bdc578f1c46c577e47d
F_cross,fc_WEB00259.jpg,D-Fire train,da174b12a6546d3dcad1953791c41ca5f55a4c1f0e25af3cf095850c66973d33
F_cross,fc_WEB00431.jpg,D-Fire train,cd905e7fc243d19d9bcc06d5ef66ffbb9993bd9e979907807931474f2e5a5d1d
F_cross,fc_AoF01916.jpg,D-Fire train,cd5eaff27fc7bc2813f683f9c8edbe5c8b109bca21ced5d58b318b52ef329b66
F_cross,fc_WEB03393.jpg,D-Fire train,7676fe8634bc40fd7eb5d424194e68c4a8530e9f313d9a6255524c9ee6c562df
F_cross,fc_WEB02921.jpg,D-Fire train,9891efc0fad9a59f0e180a6731878bdebd5fb192c4c753d57cd96f8601601eeb
F_cross,fc_WEB01892.jpg,D-Fire train,5a9fbcb164990ceddbcc65e4be3cc21500d69194f69b60ce9b8c7251ebcc6a0d
F_cross,fc_WEB03505.jpg,D-Fire train,4c020e337a616124eea9f79336244135cc182c4ce41913a649381b918057a10e
F_cross,fc_AoF00026.jpg,D-Fire train,8377d1cc2791e2ffc30251e838c72edecef4c30cb4e2ad57cc3e4180a67b32f3
F_cross,fc_WEB02251.jpg,D-Fire train,873e4eb8bbe333d86aed9e5ca17d46e6bd24e4983bdee3cd44d4e06e67bd0540
F_cross,fc_WEB00816.jpg,D-Fire train,b9da094b60615f835c53440cfaff4e99d164801a79c64c2b140059a49424190c
F_cross,fc_WEB00977.jpg,D-Fire train,02129a8294a64333c944fb005d1f8e6d79c602044902892d3e7edbe5144de6cb
F_cross,fc_AoF01270.jpg,D-Fire train,5adbe52a79c13edaf8fd7d2de154d8db45cad7ca3041485dbe060d7c348811c8
F_cross,fc_WEB03057.jpg,D-Fire train,cf02d93467ed738e8cd8f826f47426ac16ab2ed8d7164d8d5c8b943195bccad4
F_cross,fc_WEB03173.jpg,D-Fire train,ee012a5eccb1877dc2a3fca8d7269a7ab045785ee76cae8f8259972f63ba4454
F_cross,fc_WEB00307.jpg,D-Fire train,eae6fe5c08b445177e2c87ff16fd8d0d868d4aca4e807b7a9e7b3e45356af233
F_cross,fc_WEB00869.jpg,D-Fire train,0c5ab9831992d0fb0a8de34f99efcea791ff1ff255fb6e76ec69f7050cbcbe41
F_cross,fc_AoF01762.jpg,D-Fire train,9325eb7f831e24ab1e7a057e7c18e2f3219a407c63e92d884f0abaed26bafd7e
F_cross,fc_WEB00404.jpg,D-Fire train,f55115795154e6f712873eb0e63a92b66656965cd60f717e59df0995e569577f
F_cross,fc_WEB02337.jpg,D-Fire train,e8e938670e3bb077229f1885158a885959445ad45bd0a1e67f160ab642c18bc7
F_cross,fc_WEB02258.jpg,D-Fire train,632b82b5782942bdaefb4b5c7740120ea825b0a80df1646a5dc331309e136218
F_cross,fc_WEB00380.jpg,D-Fire train,d58e6ee68c78089faf5d3c115c6f930d5c7b9391a1d226fc15a1a11a1fa547e5
F_cross,fc_PublicDataset00889.jpg,D-Fire train,d153913653055f8d9e1a2cf4a66e962c5f3da6f1bf99d3869eca425f2a2ad725
F_cross,fc_WEB02504.jpg,D-Fire train,e9b4f1543e69fe5df843557faedb4dfa40504a97c0a007fa2aca0e6db4ccf0c5
F_cross,fc_WEB02946.jpg,D-Fire train,59e4d13e907d6a0c5f509d20426cab8ae5fcfd3a58ca855c508bcb94c8486876
F_cross,fc_WEB03485.jpg,D-Fire train,777d805a12c7813b64c24c7dab3657c4c08854212ce6fb4125eb2729d9c28143
F_cross,fc_WEB01277.jpg,D-Fire train,5df878d7658a6f5a0b421222439827e8c008801d30e6562cfa96d12ee1262675
F_cross,fc_WEB00072.jpg,D-Fire train,ed3f9f1999af8b5454913cdaab3fcd0c8101b2fc412611782702b4a7bf9028a1
F_cross,fc_WEB02992.jpg,D-Fire train,ffcec558391e30082b2b86325210580a7c5a74dad3b35bb94d4e07f36439e182
F_cross,fc_WEB02100.jpg,D-Fire train,dcd3bee0992498bb7c59861e37254176463fdf77b29c9164c120813a8ea56c94
F_cross,fc_WEB02943.jpg,D-Fire train,ce79ac4baace34bbb9410f3c337f44e479f2d7dc1b70645e69bfd2a7ba7edd65
F_cross,fc_WEB01764.jpg,D-Fire train,f8b376c59b89c65865fa61b1a781f736479871004f1f1fbedba7d5c58a97c723
F_cross,fc_WEB01808.jpg,D-Fire train,097a13c71fe158861fa2497857d038029354591797acdc8bde4eb627a5669585
F_cross,fc_WEB00870.jpg,D-Fire train,312a0c3203f00a4e6c5d9b4da83af7b6ca282ab33a00d01e63a00c795559654a
F_cross,fc_AoF02432.jpg,D-Fire train,e512dd724442d74b8052f2bb9565ec88aeb0b7f8b9ff4c5352af2ecc9f8d7768
F_cross,fc_AoF02885.jpg,D-Fire train,23f353f7eb40edbe81dea312a73c8cd1fbc10387f3de03be0371434d59460bcd
F_cross,fc_WEB03657.jpg,D-Fire train,4a7d78c1d3615b003d0c31c0598cb477f30b8dca14a0cd6b182edb8d174a1329
F_cross,fc_WEB03181.jpg,D-Fire train,a447cec5fd3fe9207ea21a3974e7cc6cd39325322424e2a2b658f2a14494ff7c
F_cross,fc_WEB00825.jpg,D-Fire train,d6b2557cd109a5e6f48465728f003eb6321025ac982d1aad0e3e0ba2e867365e
F_cross,fc_WEB02840.jpg,D-Fire train,aa474e303b61bc9c2951e93fe224ed144b494615bfdfb7172e15fe006ad9c230
F_cross,fc_AoF03557.jpg,D-Fire train,9b79a883819aa9e5aa1a63e9e219bc79f0b61fc9a7fd539c824b1ab9cd6e0fcd
F_cross,fc_WEB03159.jpg,D-Fire train,669247f341498811499840bca864f3061c589857f400e78ef598697c19ce2b06
F_cross,fc_WEB01802.jpg,D-Fire train,cff6fc444a4dc71724c11cbd1ff42c27c48eb37586cb720a380907c0ee3322b0
F_cross,fc_WEB01507.jpg,D-Fire train,7d4ef77f2b1bd29df1bc4accf3ab2aa2c08cb3bd3ead8e5f9a8fbdca511c6ba5
F_cross,fc_WEB00605.jpg,D-Fire train,689b7770f5654122675055e85eeebc787c25abf89fc5547ef46e777b704e3b64
F_cross,fc_WEB01444.jpg,D-Fire train,9aa2c515f64707615b0576a7e6fba3e586e1c627b6af737b1c2e64600da3fd55
F_cross,fc_WEB03223.jpg,D-Fire train,f0856c0e75e8bcb47ccdb59fe75944cdb0cad973663f24ca308ffc42e8ebf779
F_cross,fc_WEB02205.jpg,D-Fire train,e7b58b60a19da4c46cfcd37bf298c6899bee65bbdf230ffc6684319be0d7fa24
F_cross,fc_WEB00595.jpg,D-Fire train,91b8006d8a1dee2240fb51a47aab2477bdc510f65f17801cadae46eff8394c19
F_cross,fc_WEB02472.jpg,D-Fire train,cc6e04299decec32561bbfa801905768ca49fb2341763e569f9e70e87188e792
F_cross,fc_WEB00523.jpg,D-Fire train,2fd2a0d38e75b4d70e572f93aa75ad97545dfeab602ca4611bac1ac9143b6c8d
F_cross,fc_WEB02986.jpg,D-Fire train,776ee9e4fcffc16d6464f324e8b10337a4a7cf120498a9e6c7f2bb7a23e908f9
F_cross,fc_WEB02742.jpg,D-Fire train,cb62d904914bc87df3f91baeb06eb8f5fce35b1f323653022b5425da8f5efa16
F_cross,fc_WEB03320.jpg,D-Fire train,3036cee9064c87df71c27ec93a2363a50f9b0c290b20f4964930a370617eccbe
F_cross,fc_WEB03679.jpg,D-Fire train,8ea4a172d872772e322da2ddfeaf2b517aafe90374d6561eb282f081dcdabe64
F_cross,fc_WEB02878.jpg,D-Fire train,faa9a49ab2e784d397b792f66c540375319c6f731cd181233ad4b18081e231b9
F_cross,fc_WEB01918.jpg,D-Fire train,c27709e448e1062baaf777a3b4a81e751bba616c17e0553e41600116ec623192
F_cross,fc_AoF03585.jpg,D-Fire train,5e7cdc7d69102c05ea0885d367c62099890674942953d45108bd69b1ac7824da
F_cross,fc_WEB02421.jpg,D-Fire train,2f431ff7932531cf0b24fb1bacaf4db3adfedbf1caff5a5182a28c99de46f36d
F_cross,fc_WEB02534.jpg,D-Fire train,df8b93b07e9e3b4732767e3c9392df43203a62a81cf468fecbd7391f95473bf7
F_cross,fc_WEB00854.jpg,D-Fire train,636b5c0862136ec820a192b7f2f368a123c7e2dac11d8d1da35c384a1be96b7c
F_cross,fc_WEB00575.jpg,D-Fire train,9ad8d770ce429c9369e95208b10826db921ef7c174a42c9f99b007494dd53abc
F_cross,fc_AoF03675.jpg,D-Fire train,71a6b0b6621b063413eb946dc05a595da7521f30b5d70c9d72b6e65fbec16af8
F_cross,fc_WEB02190.jpg,D-Fire train,cec3cd7d35dc2e28ebd38670c1a66031244af690b1cc2f7a5824fea3777e87e9
F_cross,fc_WEB01851.jpg,D-Fire train,52803dba1912dbdd9b01666417bf1447928b1f53f0a5760db8531e674faa2250
F_cross,fc_AoF00382.jpg,D-Fire train,5af87c317968fa7776679bd7ce14ebf723f90d545524f93f55a36665be03f486
F_cross,fc_WEB03551.jpg,D-Fire train,f59f30f549aa3d6a2b17ceacd219b12fde5251294ba64180d49377925108ff58
F_cross,fc_WEB00586.jpg,D-Fire train,5c6611cd892a500c0185cf554d536f1e9df0e030b167e7bb163b099fd40ebaf0
F_cross,fc_WEB02810.jpg,D-Fire train,6cab41e3ae36677ce3ed9ee01e3856599da3f904c40c782cd88c80435893e2c7
F_cross,fc_WEB00272.jpg,D-Fire train,f40ceb5e8c37dc35c3cf579061f6c2253028d2152b277a586a35e071e8b3e236
F_cross,fc_AoF00330.jpg,D-Fire train,63828ed97851dde8269a7776dabf270f2a26d1669dd000d125d1ba32c3523c15
F_cross,fc_WEB00158.jpg,D-Fire train,b7024f37a86b9fbbd64f15210439d4f31bdb46a404d7216fb1346537310afb4d
F_cross,fc_WEB01700.jpg,D-Fire train,21fa41902be9da8e99065436e5557a030038c2201c0c761cc6900c16d44d7d45
F_cross,fc_WEB01739.jpg,D-Fire train,4c4906bc87a195a43e9c1bcd96f7dc8db17d9e64ca8b7e1cd50b18eee7b06685
F_cross,fc_WEB02801.jpg,D-Fire train,eabea916b482f72ff59e6500bd71d2ac9ff1b67051960ade376c40eb034a70cc
F_cross,fc_WEB01483.jpg,D-Fire train,5d188d9a55da7c5e426df675acc71ceaa866a10b7bef8b35977778578b0940d8
F_cross,fc_AoF01138.jpg,D-Fire train,ee653a537c7bfd1bf4af789f0513eff0f7bb8f356d425006275f5a6c48eaba27
F_cross,fc_WEB03176.jpg,D-Fire train,02410ebe8511e6b93753e994d4e23233e044080c9608e72f150df38bd1b57cfe
F_cross,fc_WEB00997.jpg,D-Fire train,4d63fb4c3d4ff96c94da36aea10f850aae2b55d855274a7f28200d4e1290b44c
F_cross,fc_WEB01642.jpg,D-Fire train,37d4340525e2d630f62195a25553a4236a11cd204774ac088a703dc93c20c2b4
F_cross,fc_WEB00301.jpg,D-Fire train,75dbd708d0f498d57628e966549ef2b0bd3d9c5537da94f53239c52c00c07b83
F_cross,fc_AoF03574.jpg,D-Fire train,a0fa7db34743e42f34d7ca41deac581aff0e2efc0e39bcb102d5ca94ebc0d5c3
F_cross,fc_WEB00182.jpg,D-Fire train,2a7b7a96074e49f173a1d9aac39390f09564796666da403da858073094480c50
F_cross,fc_WEB00786.jpg,D-Fire train,38cf4a580bc30300c3b269a4b277bd4aa5f3be7032d68e08e4ef4b306758027c
F_cross,fc_WEB03535.jpg,D-Fire train,72ecb546497caa1d6f67f895d5fe18f181a92edd31f8f3a2641620713574438d
F_cross,fc_AoF01593.jpg,D-Fire train,5dddaf36ef6e7e7a1c2f741f330b3def31a7e3f4f331b376924cdb473268f05b
F_cross,fc_WEB02594.jpg,D-Fire train,bf212a4a3eaa034e4f2b633cefc32a9e596699662f4128743f5ac71337d00dcc
F_cross,fc_WEB03476.jpg,D-Fire train,621c32fb4629b01b2ff3c3a61ab2d8960ab3b6ecadcab70ba979d616ff345da2
F_cross,fc_WEB01864.jpg,D-Fire train,f30adde24f027dad9ae576924868fa3093a6a68422b5e19e33b4fe8039e9200a
F_cross,fc_WEB02101.jpg,D-Fire train,dba456fffc0b04098b3bb16ecc9ecb8a27260537acdca45c3279d4c0681d3a8d
F_cross,fc_AoF01139.jpg,D-Fire train,925a89844b5cc2185109e7a2f7d6cbffa3a4c80ed2f771b737cf343f5a248a9c
F_cross,fc_WEB03092.jpg,D-Fire train,5aeec251fa59339b29eec56e8d8a10b4f64a87e5e2f8fc2798ef16704e292175
F_cross,fc_AoF03581.jpg,D-Fire train,7888c0eea4f7649d25aeded6e535dd26d25a3ab6deae738fc1b59fb6545402c7
F_cross,fc_AoF02005.jpg,D-Fire train,fa56825b3002d1029c0f1d5c29b6829805120018740d93699ca70b0b36dfcbbf
F_cross,fc_WEB01811.jpg,D-Fire train,fbd855d202402ffe78bea0d75cddd425b2d4c81dcb746bf768794d593f812e76
F_cross,fc_WEB00265.jpg,D-Fire train,c5a2ee2342b529be74a42f6e05f0502b5e7bfb0d44aec191dfe4f52a2f6e3b20
F_cross,fc_WEB00235.jpg,D-Fire train,7f70967b5b1fec7d030becdbf79beb635a1eef4e3a9c54daed7f3e78b9fbeda0
F_cross,fc_AoF01357.jpg,D-Fire train,43e7327b0368b8bcc25e30d9967ab34b826966aed25fd77d8a0ce4e5be3d1e1f
F_cross,fc_WEB00446.jpg,D-Fire train,eb0fb85759d0de4470b54ee49e1a747eaad8c40be39a793fb5b7bf2e9d4a9b58
F_cross,fc_WEB03675.jpg,D-Fire train,b73773b0f28f698914a0d6e990be9716914f750298555ba1b582ecfd66eaa21c
F_cross,fc_WEB02478.jpg,D-Fire train,450a30b1d56b6e8876d444549220ed53d1e7648318cedae9af5d22cac1048139
F_cross,fc_AoF03595.jpg,D-Fire train,e5bb7cc0f319c7daa576e44e819ddc0d13f9e6c721dbe761832e59f036f7106f
F_cross,fc_WEB02692.jpg,D-Fire train,66e069d2c0c138f49acc9d13d2dfc983fd8baf862bbfd84826e200793df4fbed
F_cross,fc_WEB00520.jpg,D-Fire train,915154d7f77c1d4d2e68691387eb12ac4c488acb169df7019d90816add5974fd
F_cross,fc_WEB01232.jpg,D-Fire train,d9d56afeb047914a2a2854a4959a2ba35c1facfb84ebb50f9bbb42fa456defa8
F_cross,fc_WEB03195.jpg,D-Fire train,02a716050d133c18b8c435fa9f6823f411ce3180bd096395faa7cbc08c390444
F_cross,fc_AoF00944.jpg,D-Fire train,ecf0991168f78de1a02123f097746917731edb69c1551f539563c934cb45423e
F_cross,fc_AoF01445.jpg,D-Fire train,318f06daa02fadd8e4b7efabe41084d2c6313566447b95c0ad5d0e1a2b3bbf3d
F_cross,fc_AoF03690.jpg,D-Fire train,f2dc41beabf5437cfaa6b777f937dae0e319b8295eac5bb9f9b1c797146e92c7
F_cross,fc_WEB03221.jpg,D-Fire train,71285110a0397c11c427e97a4f6bcbf34bbd78b3a38cb2a4cdfa7dc8c8d8738b
F_cross,fc_AoF00903.jpg,D-Fire train,b283fe73221cc30ad2179be25cc001b1a9d4425701a985eaf27ef0e6b5f05dcb
F_cross,fc_AoF03349.jpg,D-Fire train,a3825419d9f5fa74217be433e6b4ea5817cad84535a29fc00b4cfcee8e3ca55f
F_cross,fc_WEB02370.jpg,D-Fire train,db6812028f4597c3a2173e7b89cad790b556d6a42930e08904bb208bf4b43789
F_cross,fc_PublicDataset00953.jpg,D-Fire train,cf3d7d91915304e3e77fba53951e3ff71e8fe93c1619ffbb4ef6fd1bca686287
F_cross,fc_WEB03646.jpg,D-Fire train,68982c1d3b9ba30d25151fc5b3ebbccb40165c5b5df6f295e2f9d730479d9b64
F_cross,fc_AoF00611.jpg,D-Fire train,9e58e1de7dfa08bc092f21f937387783fe7c82ebe28d9a2822918969496b2133
F_cross,fc_WEB00589.jpg,D-Fire train,119058e633a970644c885be38db6c61b41efa332534bc04c02ead46f68969910
F_cross,fc_WEB02049.jpg,D-Fire train,62b38bbb52d84ec660543d214c332d95626a0c3aae8b6baff6fd1cdcc008778c
F_cross,fc_WEB03635.jpg,D-Fire train,0b26ba92d6e7422927b3463599dcf71afd48729ebe9da194599bc73387cb2d1d
F_cross,fc_WEB01850.jpg,D-Fire train,eaea38930804175ae4b20fbea29c43f49e5f4b6c7f90d7bfc2432b54de99f588
F_cross,fc_WEB02466.jpg,D-Fire train,baedc6adfc219343eae79fdc19e2f5b4209eadc12059e1c3ecbd4c468571d598
F_cross,fc_WEB02822.jpg,D-Fire train,44ae3bc02dae472ec831b4c60c7496c00389e08abbe4c28381a7d81e7056c544
F_cross,fc_AoF01079.jpg,D-Fire train,3767febc3feaafc5bd98777af8c4d3f75b164ced0368e102c1c8aab9d4d14abd
F_cross,fc_AoF03386.jpg,D-Fire train,4f4fc153d8ad90d75c79a462af233b067950ac292a9b0d5ed78067317af607de
F_cross,fc_AoF03621.jpg,D-Fire train,33e548069c2db633ce01486ea7fbef7b99f449bfbf499943a6dceb61f52ea00e
F_cross,fc_AoF03949.jpg,D-Fire train,65f9781b5f43446eee20fb9b0a2e1f560953a345eaae14bc3a6a7baecf4095cf
F_cross,fc_WEB01030.jpg,D-Fire train,3fa882079c94a4fda9333e08eba843806e27ac9468c48d2e2328f09795d6ec40
F_cross,fc_WEB00886.jpg,D-Fire train,6dc8a2a75e410c0d0ab10d47ecdff2318a067776532923189ab9fdace7888a55
F_cross,fc_WEB03498.jpg,D-Fire train,e335c08969a353692bcdd5a715889d57a1f58116b0c828661a3d5089082308ec
F_cross,fc_AoF02135.jpg,D-Fire train,736dc5772493570df605fd7adf646e685cfe89f3ad58227549ee5b5780f75d2e
F_cross,fc_WEB01717.jpg,D-Fire train,fcf2c85e48a132eb6e0ff3ee38786d66373c0f72ce2d71ac348e2ebfecf425a9
F_cross,fc_AoF03684.jpg,D-Fire train,fc03c0a03c625f1aa6907489348e03150b0036a458d447cc1cec25776bec6b14
F_cross,fc_WEB01972.jpg,D-Fire train,c7afbec76ae529d0b41902441e21f6b3b2f1c8e7385095b6d4ee9c5b3e69cbfe
F_cross,fc_AoF01636.jpg,D-Fire train,473a9bcd04685767e425ca1b6160a47c5dcc5a7ad89541295fe9bc84dd808804
F_cross,fc_WEB02426.jpg,D-Fire train,b41849043632f97eea39050242a760b88d298d34889b0d05167971b103611a67
F_cross,fc_PublicDataset00985.jpg,D-Fire train,f719905779817cc9a4b1394e2de32713944f20a0510bfaddd8e205ffdd27e794
F_cross,fc_WEB01196.jpg,D-Fire train,a48c82a4739e674f36743096135ad1cf84efde5fc32c74cbb8faa4b293b4ffa8
F_cross,fc_WEB00171.jpg,D-Fire train,9b8c7244284121ad85a2a1c9f9d1384d456efc3e44d5ca45a04748fd4ecf47f9
F_cross,fc_WEB03661.jpg,D-Fire train,b15c81916cd038fc3a5952f5f49e01b424a18056a6465e59d27c87018567fbb0
F_cross,fc_WEB03224.jpg,D-Fire train,40be35f3c89f9fa9f2e381c6a69847b2b55c68c90210b3278b20eb77e3750b05
F_cross,fc_WEB00730.jpg,D-Fire train,83d1c3fe64a57c9e82e0abd683f955eb6c537fa6d3ddae4df99e368b73e51703
F_cross,fc_AoF00036.jpg,D-Fire train,971177846bfd26c88b595999d92fff85bb135552f950206b7180dc6f86c99099
F_cross,fc_WEB01916.jpg,D-Fire train,5ebebfa296608e93483acb093769ea03b6857e336afa7d0565921557f6c04261
F_cross,fc_AoF03067.jpg,D-Fire train,12d09e84e4d92496ddf02a24779c41832e52f0562b745486bd613437df10ac2e
F_cross,fc_WEB00905.jpg,D-Fire train,73d68e15fddf9dd88ecde4b3aa4a4f6f900e809d70e2852296c36a8168ed4167
F_cross,fc_AoF01523.jpg,D-Fire train,2dde40e03ef0081380b04c0f7aff3ea034b14519c9b7311d96bc03a37dbd41d8
F_cross,fc_WEB02475.jpg,D-Fire train,98ed39b4950767fde1275cd0838e04f177fb5fb46f594b202ff79bb764b2cbae
F_cross,fc_PublicDataset00861.jpg,D-Fire train,403b8f53fb86c7e39e281bb0d254a645dc739dde03a7bf1900de93406cbd31af
F_cross,fc_WEB02260.jpg,D-Fire train,65ccf2c43320ac3c10be8a648944b149428a513d7115fa0994ea775d49225739
F_cross,fc_WEB01774.jpg,D-Fire train,df66a2c678cec679ab145b2fbd43c07ad2e9c4052f0bbedf3b88a3dec3f9d907
F_cross,fc_WEB03477.jpg,D-Fire train,a74e6d99ae7a4f6cb0a6127af4c3979aa93495d28fa7a2c8b0a6a7609384aab6
F_cross,fc_WEB03226.jpg,D-Fire train,17200f792f22726d64dacd9ed2559f1a1f21e2ee884dc7048b4291b20463b099
F_cross,fc_AoF03706.jpg,D-Fire train,e42ff4f5d92ee3860a122904f23d4056d200c6b02fe3bc423993957929c010ca
F_cross,fc_WEB02709.jpg,D-Fire train,9e1d603623d16004deee4c7ab0090685956f2e4a71eecfe80c14d348f3d9e1c1
F_cross,fc_WEB03296.jpg,D-Fire train,41e0705cb36dda3b14d2ec2c275816fee7069335d461f77ae7194abc896ebd86
F_cross,fc_WEB03264.jpg,D-Fire train,892d4f91b9c045d8dcfd329281bf9ed55ebbc94097a7ff9f656d13e03cec91b8
F_cross,fc_WEB02380.jpg,D-Fire train,b3b6d46352464c23384cfc299b54184bbe0e023f73eacd05bb68b9f087e9def0
F_cross,fc_WEB01219.jpg,D-Fire train,3c072889f3cdd7889c16de0f5316f0b36a9659094d9b8dec2c56031958c07ff8
F_cross,fc_WEB03419.jpg,D-Fire train,e2ca2e12a43915efe32893a57f2faec3413f55e5de346af4391ffe8f52df8a33
F_cross,fc_WEB02590.jpg,D-Fire train,35bffa02ca7fc560e20cf411e953a740907b7ff32676db5775e49397408d83a9
F_cross,fc_WEB01139.jpg,D-Fire train,80e9a3fda4c35cf4d6da080d39b84de2de1cfa655530cd653b08eacab2876083
F_cross,fc_AoF03097.jpg,D-Fire train,0048f7d127b83403796f137b946300904261225b138152c182a03f4e8c795a99
F_cross,fc_WEB02235.jpg,D-Fire train,677967c373ad49567639aee9cdc9363ee3a53fe8aaeabd1217d2b5d602be477d
F_cross,fc_WEB02530.jpg,D-Fire train,40d38537ffb05cc0068806ee2209a0f265052c333de6550503db296d9f14b6eb
F_cross,fc_AoF03336.jpg,D-Fire train,7427cc93a2df19ef4a0b84bc90b6ab24e9e4c0c2936f27db9d0c6f62160036d2
F_cross,fc_WEB02007.jpg,D-Fire train,50af65b2b8a6f989757e4aa4f580c5b1080e5963d06da4aedc1c37148907c6bf
F_cross,fc_WEB03044.jpg,D-Fire train,8e860891f2989a90312345c2fae06f967c809811ad5ad4267cfaa63b6480ad88
F_cross,fc_AoF03575.jpg,D-Fire train,9befce6cb1f5f788159b9e6a12404b0de0e79b7e787f52adda737f86e1d3fb63
F_cross,fc_WEB03655.jpg,D-Fire train,b0c5ac94b93170cf15ed808096dc8493547d68e331a19822e877ada46847f6e0
F_cross,fc_WEB02852.jpg,D-Fire train,bfd22c7d6deb1d0d12cfb983e1c585e3684f313066c873b03d1e4a40b9f9d68d
F_cross,fc_PublicDataset00947.jpg,D-Fire train,bdbdaf59a65e1c1f17aebda01786a52c44f959f90935e0964494608cc998e5ef
F_cross,fc_WEB02859.jpg,D-Fire train,1153571e6a7dc6db27c67612f7f1b9a14ffb5cd8848314c93f58ea22012b97a7
F_cross,fc_AoF03846.jpg,D-Fire train,db49c61c3a8f8913c9921e2db5b141496c0e16d6bfdc064eaf7ec335586fe712
F_cross,fc_AoF03667.jpg,D-Fire train,7492143cda3112558c96fda611c9521cb0f97ccbbe38f96d6f123074c5d2054e
F_cross,fc_WEB00597.jpg,D-Fire train,3e0987f75dd7b172b4ef08084f5273f3883dcd7c21423c85ff92f4e0e60d0c6b
F_cross,fc_WEB01886.jpg,D-Fire train,87fe2ec67ea58623ccda1e21233821ce9f21ca64e9932718257bb99caa7bd8fd
F_cross,fc_WEB01552.jpg,D-Fire train,f2efe0a11254ed3f699261d9dec7ab9586dd4c6618d1d7c445d603af18b7c1ec
F_cross,fc_AoF03858.jpg,D-Fire train,19c7ec9d26c73a9eff0013e0efdc3c17c4b6ed596f5d59297bd7cb8a9ae7a738
F_cross,fc_WEB02025.jpg,D-Fire train,c8a158bac11f05e51079fe75124bdd6724a760ebb504b9f196dfd8ccf8137f88
F_cross,fc_WEB03248.jpg,D-Fire train,6f32d92bc7636c3b5d52f95e5ea97bf6ffdfefa32d46531879ffcf2077a04069
F_cross,fc_AoF03991.jpg,D-Fire train,157a86acc8ba42e02ed310398e7e1c7e1dfc6d92fe1e5f9fc4534ddc649ce371
F_cross,fc_WEB03625.jpg,D-Fire train,7cf56ae4295302c77e4d78ff26c3b807e9f106d2fc7ab4cd5684df25db08b460
F_cross,fc_WEB00115.jpg,D-Fire train,050499103529242a7dcea779f99631d8bb954dfe8167778fd4f6f71d02272f7a
F_cross,fc_WEB02443.jpg,D-Fire train,f6ca13c66f9158e3534777986153fa6b1ea490290af421dae4ab5a7fdc85ab49
F_cross,fc_AoF01039.jpg,D-Fire train,504122f5c2c9dfc4e54527ef50dad676a15d6f0216a0e46ad6a3a00986a7721d
F_cross,fc_AoF03356.jpg,D-Fire train,3138ebd513642f9717a50c79c7117e2ca1fa8e23048f1934bdc005ce3514d28e
F_cross,fc_WEB01014.jpg,D-Fire train,9cb3ada1f74b966d35580b426cadd33d0695f5c803dc109207b767a36edefe3c
F_cross,fc_AoF03844.jpg,D-Fire train,6e33376058a6bb0f10e30720b3e81a726556d280f0c9db8fe2ba481504910979
F_cross,fc_WEB01371.jpg,D-Fire train,17a3e9969a4a3c780ebbd002631a1b2a7873e5317c5c823d9dce8b668dacb690
F_cross,fc_AoF03308.jpg,D-Fire train,b5ed2d05aab1c1b81c329fbef8781485c8a23ba15027cef07c1c29e4fbbec341
F_cross,fc_WEB02571.jpg,D-Fire train,c297dfb03e1f1ca51f93bee4b364476af2791b8e96d494d791722cb323c378f7
F_cross,fc_WEB03279.jpg,D-Fire train,c0905442c22871d024e823a1e5638bc6a8acce2829907e97e6f83f5040431d83
F_cross,fc_WEB02818.jpg,D-Fire train,707f7685d8e04baacab252ae0307048b8b1ab69a05e99da4b4dd7b228d5f3e92
F_cross,fc_WEB01766.jpg,D-Fire train,c0fdc7a23aeac13a718801d823c2e651527c9a908c854ff210fc094b8eb8336d
F_cross,fc_AoF02146.jpg,D-Fire train,8f73f6632a12a3dd02182636bef5f948b10a00a6ea1639e243cb89c496153d30
F_cross,fc_WEB03645.jpg,D-Fire train,ddf33ea5f307dc24b7b667d44c74cd29a2368f0fb69320c8d2be9aee7a900493
F_cross,fc_WEB00557.jpg,D-Fire train,dcbad7c4881009330643086d9806655e9add64bdbdf951efb16a368da378f3d7
F_cross,fc_AoF02574.jpg,D-Fire train,3bf07694d49dfa9116d9dccafeee2c0ed0d4b2e596e5709e9b19d7c6fab095a5
F_cross,fc_WEB02846.jpg,D-Fire train,37f875da8d9e3fe732ed394acd273b1ffe5aa3086de6cf4b7d3b13b7c6493b1c
F_cross,fc_AoF00024.jpg,D-Fire train,21609d524fab4abec038f1b1ccc800eae904fcc0e90551b846adff3d28cf5032
F_cross,fc_WEB00472.jpg,D-Fire train,0b0c0c53254f1e9eedc03e7cc5d0584ce30702181d2a8cf1c36e219a42db9822
F_cross,fc_WEB00603.jpg,D-Fire train,503c007d81ea94e3730b5f975ce7013e3cebf0c336df69d01a5783a675ad5d1e
F_cross,fc_WEB02580.jpg,D-Fire train,57d3bae9a2348818b9838ba5dbb8f8aadd65a47a95a6011151d9a4ed50034131
F_cross,fc_WEB00570.jpg,D-Fire train,54801994dc5ad76ec484289baea2580810247af7771c6e6f8f43d675528b2be0
F_cross,fc_WEB00715.jpg,D-Fire train,d498a394b62f7af898072689e2532071e75eb416a0112cdfcbf92e9901698b95
F_cross,fc_WEB02891.jpg,D-Fire train,8d8d93ea2680c977f5c2b590329e18132a2f77ef3382a36f5e1e56189bc0b012
F_cross,fc_AoF01018.jpg,D-Fire train,6cff0494613582c03d3c1621476b0be88e480512fb11c39d07210736b2568c22
F_cross,fc_WEB02787.jpg,D-Fire train,0ed294e8e2e3576cf59b3186049890022eae65e5d4a1b41595f43a75f4dc66d7
F_cross,fc_AoF03376.jpg,D-Fire train,b7d75049fa4321f72789c10ca6e196ca256b906282b671fc05fdb96151a8f699
F_cross,fc_AoF01285.jpg,D-Fire train,84185aea5ea192faabd464180a75ae847ec9a50185ad447b9a9e88222f1e348f
F_cross,fc_WEB01437.jpg,D-Fire train,2bcc0a35511de49aa9149593402459a23cd1c1b2e1dd8144775da88c922238fc
F_cross,fc_WEB01517.jpg,D-Fire train,b35e34034797ca891c7dcb95480ef6e0db4a9920c806fdef4419f4850c9fbb2a
F_cross,fc_WEB02000.jpg,D-Fire train,5e4edcad7f7ed665ada147fa29f6c437d536f5f600dad9fe4fed0db6422a41dd
F_cross,fc_WEB02788.jpg,D-Fire train,1efb836ca1bc8edba0b3159978ec8412b4e6f04a299d6f9b4293aebfe1bf4151
F_cross,fc_WEB03365.jpg,D-Fire train,1c76fdc10f333aa43805fb96a05fd8961bdf918c7fe9f6697994a99fdcc8133b
F_cross,fc_WEB03496.jpg,D-Fire train,4f707015b4a1928d3df57d8cd7532b087045391b14d86f6a10f015b870dd5903
F_cross,fc_WEB01730.jpg,D-Fire train,9942ee93387a0650a25210ae69bfc9eaf6b96db7f650ecb1068025e608f9c818
F_cross,fc_AoF01453.jpg,D-Fire train,65d6887383c44d02e407a9cdc2fdcb2d20a69b3c933d7054a7e7e9a4ca190062
F_cross,fc_WEB01841.jpg,D-Fire train,d27df815980e0c04628deeff4a85418981662e929e8ec85bd8ad702cfff59210
F_cross,fc_AoF03856.jpg,D-Fire train,9ea7249f77c15c6b22f843cb56a80f47e0540d6ccb006044e80388dec9148f7e
F_cross,fc_WEB01421.jpg,D-Fire train,4a734191163cbf551a4147d31ca5b66eb6f96d9789c48d221fa48efcf82c9597
F_cross,fc_WEB03329.jpg,D-Fire train,f01a4147410871f0ec78519cad62b6cc45a906d9a0ce770fd459cb6f237d62f5
F_cross,fc_WEB03494.jpg,D-Fire train,df7d30d30bb00436f8c8ce00f414f603a9b8450a996a276fe397ae74a9da3627
F_cross,fc_WEB03382.jpg,D-Fire train,73c99b5e606b155c09790c4eb9020d4b84f9daff6772f5ed9e34cc79eb58dbed
F_cross,fc_WEB02378.jpg,D-Fire train,6205f9e636fdb61a267e699531e26d4e3da022289101f6a59bfc240954313554
F_cross,fc_WEB03435.jpg,D-Fire train,729e1115eca6b3ebdcbd7448f0bf02646b4ed0f1ba4cfebefb60071902da7b05
F_cross,fc_WEB00889.jpg,D-Fire train,f033951e62e30179602201a88dafc98f384b71b2e0743781497662def0b4c8e8
F_cross,fc_WEB00935.jpg,D-Fire train,34ac1ef0f2ada06d454791f3bba18c7eba241070fb32608e8d9596aa01578252
F_cross,fc_WEB00340.jpg,D-Fire train,47dd440fe478ce89b1ba0ae55ef4406d7771fd2d965251b1f533705b4b3821ab
F_cross,fc_WEB03376.jpg,D-Fire train,4b3ab1d960bfa661ed859545bd39dd1d8db39828d0b38de82b9a2cfd3aad2131
F_cross,fc_WEB00572.jpg,D-Fire train,214bdec1b467f485466453d670c15bbdf35576f370c279a85a9c88c2c44aac1c
F_cross,fc_WEB01144.jpg,D-Fire train,3acd47a4ca8777acbe36eabddbb9619c31991582492300d01af394a0ad068c37
F_cross,fc_WEB00081.jpg,D-Fire train,f448afb1df161d9bdf9b4e55ef7839dc7271f0b7fbb32896883b71f564b3eec5
F_cross,fc_AoF03089.jpg,D-Fire train,964af8e4636c2666c16aa293ac9b60afc66ec20f361d5212de9a46334be9adba
F_cross,fc_WEB03603.jpg,D-Fire train,9b52d46937b9470f20540fb5e9b2a7179e7d1f1a91adde8afd3440d8cf104516
F_cross,fc_WEB00353.jpg,D-Fire train,03f9b5dd411a8ef2be796e843985e68b3a91da6fd76ddd1f1fabd471575f41a0
F_cross,fc_WEB01317.jpg,D-Fire train,0db4b7baa48e86da8ffba6c2915584e00fd7ad09c03fb81d2f485df9a6fbf0f9
F_cross,fc_WEB00437.jpg,D-Fire train,b92149d5d9eb0edee29f21b59458228b6ffc24ba904373cbaaff039732a5d539
F_cross,fc_WEB03578.jpg,D-Fire train,c5e2a156bc23ae5214c1f42b4b2911bafad42835f7e11a19c434e8ce1585470b
F_cross,fc_WEB00628.jpg,D-Fire train,5f317e5fcb2ed891fffdc3540b5b038591f66d3bd1ef71a9e76270f1c3685652
F_cross,fc_WEB01956.jpg,D-Fire train,d472ddf46bcb5eba69fd1618c56641e0d9ad70e4cd78103554c7dbbc0112b237
F_cross,fc_WEB02687.jpg,D-Fire train,b701a14f7763cdaf806348a359a23dafbafce5ce357753cabdab6830ad80cfcb
F_cross,fc_AoF03696.jpg,D-Fire train,b7297950132ec9685e455c6894a38d9ad4c2827403722c26bff2599dbecddd36
F_cross,fc_WEB03571.jpg,D-Fire train,d4e15157241f505c83e7b112805e81c3d4fd79a89d4ed929f1257b8e0708902a
F_cross,fc_WEB03114.jpg,D-Fire train,bf78e97adaf520caf42e43ab36b95c8423201cc12f73ffc6232706a9eb8607f2
F_cross,fc_WEB02131.jpg,D-Fire train,b66d8eda59fcfc345e2c2a97bf6af05bcffdfd2e2ee3979353b47806bff11ea8
F_cross,fc_WEB01336.jpg,D-Fire train,bab9c3b92379710496858a2455234710d918bc5007691ac5c5423e9cce67f6db
F_cross,fc_WEB03641.jpg,D-Fire train,1a67ccd26d69ad93c48ddcf6725d8878c27f0a2d05391ac1972c0e3a85016dbc
F_cross,fc_AoF01809.jpg,D-Fire train,7c52b88989ede3edd6fb4a3cda8af2d239bbb2314ae446cc36209932c7909dde
F_cross,fc_WEB00909.jpg,D-Fire train,f41bca4cef8154e036a838d1aefdba1cc7f4696f21211bea928750365549d2a5
F_cross,fc_WEB02975.jpg,D-Fire train,daa86dcb62d3e07d15c59136fa751c1b2463c3694d5911906bef44010239f839
F_cross,fc_WEB02661.jpg,D-Fire train,6e3e5c59a06e625a30f34d791acff73544ba5e11be4a2a6d8538d442b04dd5e0
F_cross,fc_WEB02200.jpg,D-Fire train,15607ec4cb762fd952c76f5a0b4f279a1adbaeec13b2d09f78df894ce714f02e
F_cross,fc_WEB00706.jpg,D-Fire train,b3d19c60e11755bcc84026bc7f3117edaa497aca17c85d75980ddaea4a48c095
F_cross,fc_AoF03353.jpg,D-Fire train,4ebce98906cef01219c1fcd6a06eedd0be63c79a7727f3725e478545bd406ff8
F_cross,fc_AoF00387.jpg,D-Fire train,e5d4c26fb6ad9371b597cf004b4bd71e7d0e347a5b3c9976dae7e53b8a7fc974
F_cross,fc_WEB03155.jpg,D-Fire train,11a49d2128f79e5daaf349c708eeac951dca31e83d5b846a1f54259adfdcec9b
F_cross,fc_WEB02449.jpg,D-Fire train,a7818153204ff5fa47f38774c53a88dd2a08d7d3fae7478765c0e501aafd8e8e
F_cross,fc_WEB03227.jpg,D-Fire train,51c68c22ef301b4cc88d092263b26cefff7151f43d6ebe1b9cb917727a7411b5
F_cross,fc_WEB03225.jpg,D-Fire train,d52d54c26f330bddd906af6108bae19460f65080222ca11191e6b325d5673a05
F_cross,fc_WEB03624.jpg,D-Fire train,f6806b3c3686e506e37cf56c74fa996768049ae5aa4f9f5796adcec46bb6dddb
F_cross,fc_WEB00267.jpg,D-Fire train,da6943d1658d2a4487f7d004d732a4ce8304f40525c800bcb7ce7d623e6868ad
F_cross,fc_WEB00718.jpg,D-Fire train,456109eb373d94f848891866d728f4cae0f6922d6cda29a82bff0e07b0c92c5f
F_cross,fc_WEB02334.jpg,D-Fire train,e2787583c1593f2eaa944e88c9b8a27710d58eaf520c45d12d1a01967a44e7b3
F_cross,fc_AoF02170.jpg,D-Fire train,9ad50ebd311e2bdc0204be2f9b9719f77a6342d271620374bbb403f874d1bd2c
F_cross,fc_AoF01032.jpg,D-Fire train,7d9e96f71f8f56317900ca5ab64b7740a57fe6587c0473296e41cce60858b1ee
F_cross,fc_WEB03141.jpg,D-Fire train,30b24690b0c26467b095850e932e71da28151f356baa89338588e963346ef9e8
F_cross,fc_WEB01981.jpg,D-Fire train,f04004a0be0f7e4ca6f525f7f201f0516c0b70bcf32df654eb375aff983c87bf
F_cross,fc_WEB03094.jpg,D-Fire train,7ab6e0a88bede0ba945880decb0cb97ff209651f0cd9865d3379a3d1a1bfdb0b
F_cross,fc_PublicDataset00904.jpg,D-Fire train,b526ebe583ad22ebfbe394361067d6c61f0512dcd242163087a82daa588fadf3
F_cross,fc_WEB03416.jpg,D-Fire train,cd149956b04fddab2fa4aa70107745561c53ac32e84bf1fbd8faaa0d5fbcdb5d
F_cross,fc_WEB01860.jpg,D-Fire train,be68650616d088fa2280ae4970cd1e272e0d9f751c48e67aae43f6d8dee75f48
F_cross,fc_AoF03313.jpg,D-Fire train,47bccec125e2a2bbb74546517b6846416e1f607b23d7c8b6c62ec6547361aa9c
F_cross,fc_WEB00269.jpg,D-Fire train,e78859abd05966c7314ff59378fd9eaac965d7ef09f035950ae839a51afc0395
F_cross,fc_WEB00904.jpg,D-Fire train,b9af881f5b0b1573830c79a114cdf952b85c66e3cb827fb4f0bbb1288f469cc9
F_cross,fc_WEB03509.jpg,D-Fire train,dd92a36c22d7ee931c40fbd2b057c13b4f69eb4ee6c0e0ee6b63945b440876fc
F_cross,fc_WEB01645.jpg,D-Fire train,946aab06b322bc23fc788ba5208a1012e84f580d8b23cca25894fc9cf4f3517d
F_cross,fc_PublicDataset00954.jpg,D-Fire train,0939e8fce782391c2581329e54dc3bb7f0181195a9cc42fb6a3841fd5fe420ee
F_cross,fc_AoF01665.jpg,D-Fire train,68423517fbe2b4cb793f2101f5df0fde8c11595ba5598fc17d8801bf1b275b19
F_cross,fc_WEB03158.jpg,D-Fire train,8ccf0ca94f7e2679a7e7c5fcb19d42d19056f3bb6acf795935be829644aae53e
F_cross,fc_PublicDataset00944.jpg,D-Fire train,b57e8d8df26c5bf261fdfca81f6346a389507db3a7870253ff5b568fdc5ec3e4
F_cross,fc_AoF03493.jpg,D-Fire train,3820af45d199a4bb3f475dcac1d2c4aa5354d632fd74359d203de8771dc1e968
F_cross,fc_WEB01315.jpg,D-Fire train,f81de28afca2ad9c8dddb17dafda623aa943e5e5e62f2a6675bb3b4b04e8dfe2
F_cross,fc_AoF01386.jpg,D-Fire train,f5065060df8f20bbef9506e0f0cb1eab0c5247bc01f7cf38a50033b07b43f6ab
F_cross,fc_WEB03469.jpg,D-Fire train,404baf746ebea224e6f6e8f971068d8a563e5c6b54eec36b4b8c060f72fb92a5
F_cross,fc_WEB03481.jpg,D-Fire train,eea567412c6c2a9811428bf3b10d08a0cf80e6a6b6fa956f3846609820f07661
F_cross,fc_WEB01624.jpg,D-Fire train,b231dc2e10e078c4aa55763a1b13d4cdd399113e4a15f0aaeb526142359ac779
F_cross,fc_WEB02784.jpg,D-Fire train,78c8b10e71d7c4771ae990033d802b16d422429ef92507eb20cfc68c8042a35f
F_cross,fc_AoF03609.jpg,D-Fire train,bd6c8ae3c88981c8f39210f64584fd1183183203c8082e133b981233c48603e2
F_cross,fc_WEB00943.jpg,D-Fire train,e77053b6b0dd7a509c9327259c2797c5f38f89ac0d20001736ce24430792665c
F_cross,fc_WEB01870.jpg,D-Fire train,ac3da1ff456ea63d2c4458259042b883df49d8fbb304c26ac1ce56c080c5441d
F_cross,fc_WEB02762.jpg,D-Fire train,9bede45c5fe56bfaaa62711dc89afc8b583982ffc751b19db802843a2920662d
F_cross,fc_PublicDataset00902.jpg,D-Fire train,ebc07a9cbba7af9f073f541a5ea9c48f965e92db129ed38bd26ace458641071a
F_cross,fc_WEB03322.jpg,D-Fire train,b73df6fcfa396c5e56290fbe602a608b83706049a22a5a9690c0cb2f59379160
F_cross,fc_AoF01378.jpg,D-Fire train,12274e5189939b57740d0ff22a5f95e6f7d0d4fa24f22d0534463cdb5f05b524
F_cross,fc_WEB00316.jpg,D-Fire train,57700e5bd3a150a7d0bf687f506404c0b8a6980002e4db31b30a697fdad0352a
F_cross,fc_PublicDataset00888.jpg,D-Fire train,bbb7344624a9be198a0524b8e38e06dae7b5bce4443147629347f95ec0742c6a
F_cross,fc_WEB02344.jpg,D-Fire train,a065154f3fe1caa0ae6daf8cc7b84bc1573d8ca67fb1243e3e6435e29b245269
F_cross,fc_WEB01687.jpg,D-Fire train,f4eccf97a346f27229999f37da67f81474e05ec33856a4d07c4c666a3b88442e
F_cross,fc_AoF00367.jpg,D-Fire train,25451e15a0fd545cc1575dd7606274a384fff2accd2be42cd8c43fe8a8859cbf
F_cross,fc_WEB01762.jpg,D-Fire train,f56ef9f787d100ac2bbc3433dc5def5ba08dc075e942686b3cef9f9e8ff0a072
F_cross,fc_WEB01521.jpg,D-Fire train,f2daf3eb157074193aebf82d5991c15c3e3993b07b12fab489eccf3134e96b33
F_cross,fc_WEB03138.jpg,D-Fire train,a849ebd8f4a74b23ff16cfc667f5c35a0c1c00f9476d154078e35f2f10dadf3f
F_cross,fc_WEB02494.jpg,D-Fire train,02df6a5d8b58ee6a89b4e05adbc058e5183723b1ba9cc3db0e0598856848f229
F_cross,fc_WEB03408.jpg,D-Fire train,b63d821df3467ef064779c9b5037f4bd7d5487513cf1b0abdfaf3701869ac5e8
F_cross,fc_AoF01542.jpg,D-Fire train,aa65c0af8c31e547659df3b6ca26a9f490e21c160a2a29ebe561a4090f14a4c1
F_cross,fc_WEB03228.jpg,D-Fire train,1b410799aa6377c9424efc92cc4039caab375614064b0ef1b3994a9a3c9a1038
F_cross,fc_WEB00191.jpg,D-Fire train,02c65607693b35ec9f484c636e8e8b0d18556b8705a928aa7a4c7f9d69f153f6
F_cross,fc_WEB03054.jpg,D-Fire train,ef64a56fa7b95e479124f6cc8213c155a736091dc22b966049d7a664c51c4922
F_cross,fc_WEB03061.jpg,D-Fire train,f6b38bde85734395877bff66e77f844ae33ff2f3bf8387c1ef29357fdfc01309
F_cross,fc_AoF03226.jpg,D-Fire train,27ea5eea8fd8bd17133ad0a95d517c275bd3b9387884c920e7693be12d80c467
F_cross,fc_WEB02005.jpg,D-Fire train,529cb12bb55e7c2605f8fbb157de350968acf156f5279a08ef4b7a36d2ae291b
F_cross,fc_WEB02713.jpg,D-Fire train,650ea8df32ddfcffe6fa3130cd281e3bd26da5753a4eee960f6ab20d5a1b68d2
F_cross,fc_AoF00868.jpg,D-Fire train,27f4492f809dfa5d3c53c8f6f306a485b284ad1806c4db3d4f702cfc9a4cd327
F_cross,fc_AoF03543.jpg,D-Fire train,c2aa2644f37cf81132e8468a807cdb097471316a9c7cdaaf156cedfbc7f39767
F_cross,fc_WEB00347.jpg,D-Fire train,f6d17e261ae5a13922cf650e29100face6fd765be160660769990aaa453d1fd9
F_cross,fc_WEB03537.jpg,D-Fire train,7748fcadf531b4a17f3914abafaad2ae67b20e193537d53dbef711aa2bc8d5bb
F_cross,fc_WEB01825.jpg,D-Fire train,17bfd45773bfc915b5d012afa35a3c498e490d3c7d476ec693185445d63e2d79
F_cross,fc_WEB01121.jpg,D-Fire train,4e59992fe569c63a0c2e2943203f25b718d356b03ecf898f65028bc5a4771f88
F_cross,fc_WEB02586.jpg,D-Fire train,65eb23892bcae9a6fed993652e61cf1a495e7d3fa070ddcde8542fe563b69f57
F_cross,fc_WEB01950.jpg,D-Fire train,83a1def77f725897eb24f3540f902e9501668f18e170c17db7cd6b57ab552668
F_cross,fc_WEB02963.jpg,D-Fire train,da153248c9984edec857e95d0fa5751c73e49bae3a10c4ccf962078d9e3cf5c3
F_cross,fc_WEB03085.jpg,D-Fire train,dca7ed35b311058a0f14d92ad77e9aa857b8ad5139e519e52c6e2a6c450f9e1d
F_cross,fc_WEB01348.jpg,D-Fire train,a9c72fe29b4be62dffa6bf6e2dfdd3d15d789461aaa7555f87eae35b6cbce60d
F_cross,fc_WEB03146.jpg,D-Fire train,3d38c2d963a7319452525df153377cf90951b1916b4c68b7f3debb5be04764d1
F_cross,fc_WEB03095.jpg,D-Fire train,66b879ccfbe52cd5515faee0605c02e9944178dfec5a260478ea8586694d03b0
F_cross,fc_WEB02724.jpg,D-Fire train,ccacceddafb8ed8c3f002a11689728215d478c8c69ae415ed8044ea21628c5f9
F_cross,fc_WEB03502.jpg,D-Fire train,fbcddd6ed28cac6291fb3411c6e7639d8a9aefd326b032c5bef88dbb744d0a20
F_cross,fc_WEB00755.jpg,D-Fire train,0f527ef5e6fbe138ee897852faab5ae5c47c71753b344a7e62b663cc334df6dd
F_cross,fc_AoF03651.jpg,D-Fire train,491c8e293747436a9069f47ae48533b2f826edbfc0668827fa49a8117f98647c
F_cross,fc_AoF05752.jpg,D-Fire train,dcd4ab48ec7dfb3589f500fb168c8429156728a7baa6fe75fa3d65a8ad73c299
F_cross,fc_WEB02445.jpg,D-Fire train,91614f94eb01fe5d7c7b495ee1d5cc1dab426147e156f3369fdc4104c2ea9937
F_cross,fc_WEB02540.jpg,D-Fire train,7bebadf82efd52ef522a426214241b6c5a7e5f64c7894d6e306d27206e603767
F_cross,fc_AoF01298.jpg,D-Fire train,cca39a95775716e1ebf38e5bb2b3204c2fec712932b9d563de22f747edc1615a
F_cross,fc_WEB01749.jpg,D-Fire train,87461e3535a55fce4b7740e1dd76ef3b54d9ff2733ebd878bddc6b8b5857927b
F_cross,fc_AoF03673.jpg,D-Fire train,b0b5a13816e0b85e5282d825be5e9350c906ba97e329c09cd35b32b0c8223944
F_cross,fc_AoF01083.jpg,D-Fire train,509719076d0842e0210608a0a1035c51d199713ed54e8250b384c26f194e1b14
F_cross,fc_WEB02348.jpg,D-Fire train,8ba91cc30650dee336edea54634ccd39d244346f3a0eb8f21d4772425c498ca3
F_cross,fc_WEB03161.jpg,D-Fire train,813dce51fa23adf73e91345d12293bab395637a806ff8e0416849f6e8cf6e513
F_cross,fc_AoF03378.jpg,D-Fire train,d01fd5c5392ae3c6e7b8c2c4ae3fb15f7b046ab50430d9b84da6a7adedf1c0a2
F_cross,fc_WEB02621.jpg,D-Fire train,2392dee95e27f42fa85a24bc70d65f684471c2390aca70afe4f54d344e18756a
F_cross,fc_WEB00007.jpg,D-Fire train,78536c799b33755e9ae4769d798fd48cbaed058bd21f2f315f66fc1bb52bd2a8
F_cross,fc_WEB02842.jpg,D-Fire train,14d47a6d36be39b975c5673fd8faeb85f19fadd2a510088674fe90b045ab96a4
F_cross,fc_PublicDataset00934.jpg,D-Fire train,f0822a6803aa226fe7a44d2d0751aae87118fb46a624db468598ffd91a570987
F_cross,fc_WEB01769.jpg,D-Fire train,d26b11b91db23735cc892a2edb6704547df853539e7876b7d65f54afe7261761
F_cross,fc_PublicDataset00960.jpg,D-Fire train,c750f25212194922988d4b6502a9043d27cd090aa7c194999923f2245b6007c9
F_cross,fc_WEB00616.jpg,D-Fire train,ed1a693f0c7abe428152dbf28dccab69def20938ddf7826a52e9db5f3c44e33f
F_cross,fc_WEB01419.jpg,D-Fire train,f0fcb413195aa2ba48bd7631e5656a3664f60218f35a87284e2e0b638513fbe4
F_cross,fc_WEB03400.jpg,D-Fire train,d81da3f730690fde9075f640f098a89df938783227fdce2e68ce0d465b570c0f
F_cross,fc_AoF03784.jpg,D-Fire train,2b9786a023e8d9f83021b5f9e5aa3cfded21c36ed89c4fe0fa73f202f3dc53e0
F_cross,fc_WEB01487.jpg,D-Fire train,a6d529749156b1404c3c904e8d27d957c72a6e61063cc1d61cb1f990c045af8d
F_cross,fc_WEB02132.jpg,D-Fire train,ff1108ff311e797041a5ae8f5492dbc9749f83ac8d6b5854c9597fe4181b2d76
F_cross,fc_WEB00571.jpg,D-Fire train,23eafab3d4ba2d5e9bcc9e57f515d612d4b7e72e4d72583c4d6015b750c02906
F_cross,fc_AoF03330.jpg,D-Fire train,727ca417c41ce0650ed9148729ee55bf6b3c39605ae93a8eecf7e84f52b235e9
F_cross,fc_WEB00189.jpg,D-Fire train,47b1ec1739a8192bafa8dfd81aa2b9ed4cef8b24548127fe155f8e8a848a6c23
F_cross,fc_PublicDataset00948.jpg,D-Fire train,37a974949a516269f7a019a171b485888a0bcf1c332dddf72ed52cda1983e634
F_cross,fc_WEB02677.jpg,D-Fire train,51e8dd51c37a5fa03c283254f959f9812d8c941a7df4187e4cfabcb80d635514
F_cross,fc_WEB03028.jpg,D-Fire train,64cd3521348d45d234ccb7037239c7fd7ca70687dc43aaa49291e3935547363a
F_cross,fc_WEB01020.jpg,D-Fire train,1b477cff342da2923ec17ac24d076fc315b182b92d7dc6864d604b393da8b14e
F_cross,fc_WEB02326.jpg,D-Fire train,288bf05557611143edf0492efd0e24c50f894508b91f65c3c9b4ba7e3f918be0
F_cross,fc_AoF02128.jpg,D-Fire train,e1920ac92ebc9578d0a1205c664f5d18c0e3669f40c1d09b775c304f284cd6d4
F_cross,fc_AoF03662.jpg,D-Fire train,19ba48daad64480995b04168fcb98c90d298ea71b553d9928fd7535f32041315
F_cross,fc_WEB03201.jpg,D-Fire train,3d647d1958dea2d41521ea4f9b5a6f6b22c5f1129ba869d382794fbaa2469078
F_cross,fc_WEB02827.jpg,D-Fire train,ce8836a9ec298f855e3e2ce7084e9920af8c8112bf0a123cd80c0de7e37ea99f
F_cross,fc_AoF03992.jpg,D-Fire train,c3b886a7160ff63bfd60394ba93e32f2c9c1aa42054838e2fce7342402c173c9
F_cross,fc_WEB02649.jpg,D-Fire train,52c41af211eae8e867ea116f02521c12499e42f8acc59a7b1e3f82d159e4b880
F_cross,fc_AoF03296.jpg,D-Fire train,7472701a0530ccb1e645330bbc080c2fe1b75375ea51a8d60fdb1a17e9bc2049
F_cross,fc_WEB00209.jpg,D-Fire train,c97b2ddc04268aa72cce8e9cc2d1c73a2fb487791fbb8fd2b612e2654e57f9c8
F_cross,fc_WEB03523.jpg,D-Fire train,7f7177e68100df712a4e8c1a8b1dbd83022e3ad269ee62dcbd4d8e6f9213afd2
F_cross,fc_WEB00059.jpg,D-Fire train,e1117237613f2a7e9913420791ad4ec7180b7d34903c9a551230ebe0fafae455
F_cross,fc_WEB00069.jpg,D-Fire train,66a71d7df6cd75cf01a966fc38f3abc248314d2230f67ae252b82ffa72cf75f4
F_cross,fc_WEB02644.jpg,D-Fire train,c0ab5e329883aefa46e03cb07749c241a8180d6c430bd418e6e52be939ce37ef
F_cross,fc_WEB01509.jpg,D-Fire train,804de33de8e0a980389468f9b3fdf922838040de8d95db148aa6d2bbb30a08c9
F_cross,fc_WEB03010.jpg,D-Fire train,3a01052552e459fa7e67efd7466036beefc6209ea84293a6dbe8c53bb9f9b5b6
F_cross,fc_WEB03261.jpg,D-Fire train,f1311aa1ef7f0871e24c96a3b35891dbcbfb26e2cbe163061668900aff122c08
F_cross,fc_WEB01234.jpg,D-Fire train,731b0bf22e747aae85d86be6aabf0608a261e1e160530b13a309390608b822cb
F_cross,fc_WEB01279.jpg,D-Fire train,491266733ebe921d69acbd8bbfa41d4120ab42d355366401b403d958bca125a2
F_cross,fc_WEB01039.jpg,D-Fire train,5138714c404260f9cb261588f7427bfd8acb6b3f8772244426cfba5bd684b1c7
F_cross,fc_PublicDataset00886.jpg,D-Fire train,7b9eaf4937777aa030d9919274149766e92cb4f4d5c886bdaa401a7f35738e29
F_cross,fc_WEB01789.jpg,D-Fire train,1ef1e574cf97a3a7a14520ba234f2209f4b04731eb80a07ea66e70f4bd6f34ca
F_cross,fc_WEB01980.jpg,D-Fire train,000e7d2b36d60a7d7ca04d49a1e28eec587edecaf7316a027f3c299210b91b72
F_cross,fc_WEB00648.jpg,D-Fire train,100b8da3a5e3c47f48f403675e32cea48306447da10704311502da3e996c064f
F_cross,fc_WEB02982.jpg,D-Fire train,f16a19a9a1bd3d65eb8bfe95c8e45ff7d666e2f6c174df10ac4fe52db4f0d1e5
F_cross,fc_WEB00402.jpg,D-Fire train,4e67dcce8985739775493e92a6023932b93e4b58d5ad696ae9f89823f59d90f2
F_cross,fc_WEB00018.jpg,D-Fire train,84fe08fe74cbad680a27b2346de60ecef4da7ba30cf16fa096c4f31a9b27e064
F_cross,fc_WEB03189.jpg,D-Fire train,df094fd91a61dc239718ac5e0de248684c9318a0240056ac0bcddf8c5cc6d0aa
F_cross,fc_WEB01486.jpg,D-Fire train,dc0e8b44509e207f097c622166efa8afb791c8a91ef467c6fe9b65d878ffa51d
F_cross,fc_WEB03486.jpg,D-Fire train,5111046ceaf1a0088e73bda8eb4fb9f08c4286b67ce7ca19250046cbcb576f05
F_cross,fc_WEB00898.jpg,D-Fire train,5f48647cb0f5cd0764a7ae5b6657a5668c9856e5a95c57f03e0069f2e6b2b467
F_cross,fc_WEB01436.jpg,D-Fire train,84cdee8e77aad88219c125636173c77279a38f85dce5810a67762c4eb59bba28
F_cross,fc_WEB02265.jpg,D-Fire train,26053c38a0bbc506037b87dab5ad78d8c56ef5ff3c15a5d34c288ca5a1c4b4e4
F_cross,fc_WEB01245.jpg,D-Fire train,9bce11a976db65911dc00493ea759defd2bfefa706e7aab97c2eec12fad10be1
F_cross,fc_AoF01432.jpg,D-Fire train,e1102e974ee86b70835e66e259ed5629ba616db3ce529df97c6649ec873e30c2
F_cross,fc_WEB01983.jpg,D-Fire train,78f6fe7539b37fae1070a62d4c36174df3b3b26da0bef83d86da32fa90cd2c4b
F_cross,fc_WEB02668.jpg,D-Fire train,506e6f40ba5de7e135278959201580529eb0a4e75ed957c1c24f85f68aea7dcc
F_cross,fc_AoF01786.jpg,D-Fire train,14c327ad4923173b28d34671b8c98dca191cd808cf6b8da7e395dd1e5be073af
F_cross,fc_WEB03359.jpg,D-Fire train,0bb8faa7bc6af62d147f13f972cba6bb99660aa4b7fd40efd9739616bc897de3
F_cross,fc_WEB02893.jpg,D-Fire train,b6fba91f633554d93bbfcea3312cc182af319ea4ad41332db71f2562ca9bf2a3
F_cross,fc_AoF01175.jpg,D-Fire train,04641781073b4060a9c772c854e5f933797d3a7cc0d3d1ed9c93fafa995ec204
F_cross,fc_WEB01985.jpg,D-Fire train,f1ca4144ecf5b74987cc2104e4e89f8265e62aa4e21ea46d888ff1a202586dbc
F_cross,fc_WEB02845.jpg,D-Fire train,228bf444523862ef77bd934f6a7d95b7f44e6243257eb97260b77d0f98d332bf
F_cross,fc_WEB02012.jpg,D-Fire train,7363848480466ae559b19b39d99fee8f14a22d27c2b3c061ffecdb87a68d3123
F_cross,fc_WEB00564.jpg,D-Fire train,2fb54a5bb9aacf13a590a6e0c27e0633ed91ccd6fb809ee138f8aefc99c4f845
F_cross,fc_AoF01127.jpg,D-Fire train,d77e9cc32724ba793335e19060819d2b6a16f13dbab95ad46a9d7f98c2f9d02e
F_cross,fc_WEB00221.jpg,D-Fire train,29b0780065152e8a78fa6a8d027ec06fc535c90ef6ea570a64e48527ce2c70c8
F_cross,fc_AoF01002.jpg,D-Fire train,105f79ca91aeddf36b466deaf1f132eb817b30c0d2009412644eb6be3efd9ae9
F_cross,fc_WEB00527.jpg,D-Fire train,5f2a4bf75c431e9507c7170a63ea971e616fc6e189720fb4d84b8a73d8388142
F_cross,fc_WEB01380.jpg,D-Fire train,d2b03015dadedec7d9fda330e6d9f7421274d7d0050ef815c41c2d15232118c7
F_cross,fc_WEB01735.jpg,D-Fire train,ebd90a23593586029c8df50850015a045789c898fa410a6d4cccb9ef5fa3cdfa
F_cross,fc_WEB01655.jpg,D-Fire train,8deb69ab347e6239c459efe9cef681a3799463af5a7a3cbb0b51ace20be26fe2
F_cross,fc_WEB02603.jpg,D-Fire train,57a93e720f4563964f743f8f438536290e3632cfc24ad22022d3cbe1cb225877
F_cross,fc_AoF00378.jpg,D-Fire train,48df256aa86fed5a959b5e77bd8abcb52ba23da65c49ac0168ec7cc11beb55cd
F_cross,fc_AoF03716.jpg,D-Fire train,3d8198ab49276a8e5ab5b8951f02e5abd26651d2f639348b3159801fc6b4c0a1
F_cross,fc_AoF01171.jpg,D-Fire train,c5fafbd5689d30afe751aa7ea51b23d91122cf6ff2d03ac1e23f4f33ed927ef0
F_cross,fc_PublicDataset00990.jpg,D-Fire train,76caa538709657fe79bff201129fdc93b0533adb6dda917375b5bc5718481b89
F_cross,fc_WEB01075.jpg,D-Fire train,0f69a427c3ec00ed912a85271a3e8c47440063fefcaa7d0692d9bf6cfb62be6e
F_cross,fc_WEB00899.jpg,D-Fire train,4b8caf20293732feccb4235ecb67c5bd4c8a22441d4f76ea0b3cad1f3be7718e
F_cross,fc_WEB01265.jpg,D-Fire train,4c85415b5bf0a8fe27592f548d8f71ed451a8104d8f7df55c7f702fded6830b1
F_cross,fc_WEB02980.jpg,D-Fire train,61ebe03fdf8e695d4d728266132887dbdeeaf2b34a88f96d25d3c8963bc80b4d
F_cross,fc_AoF03624.jpg,D-Fire train,3ce3d28b3a20aeff7e6bec07211ae040570c3cae4279cb479ab7bc21320ce2da
F_cross,fc_AoF03256.jpg,D-Fire train,b9ecc677ddd3005f10c50bb5881cdc087b023405ceb78f9ebd7194b564b05e8a
F_cross,fc_WEB00994.jpg,D-Fire train,ff9bda7609a41513ecce8b7c9e4691df844d6115e4465225ae18d07d0989b8bb
F_cross,fc_WEB03335.jpg,D-Fire train,c9364329922858e358b5e5f5a9124cf38166ffeeff63eb9a11240170c2f65451
F_cross,fc_WEB01474.jpg,D-Fire train,103abd583e20d40cdb02d1dab4767343ebc8277e700bc86530f2537a473b8b7d
F_cross,fc_AoF00000.jpg,D-Fire train,a739524936c76e9467da33d04f1ad39e8a0f5610f6128636a1c9de5aa4f07cc9
F_cross,fc_WEB02951.jpg,D-Fire train,f2338d20d469dd3a9cb986fb52a0c961cd868ead0079b08679ff6fba46ab0ea1
F_cross,fc_AoF00030.jpg,D-Fire train,c41d779c4ff62d2fb00e556c97d1c2e0912460711e0c21200e8dd667f442e6a2
F_cross,fc_PublicDataset00978.jpg,D-Fire train,d15fa2f40c37381573cf344bf3f613a2c105b1b355f2ac1381eedf0c889cfcee
F_cross,fc_WEB01331.jpg,D-Fire train,c153ea00b658490ebc42f850163549ebf5b4dacc81132f755bf8a4d96547e323
F_cross,fc_WEB03051.jpg,D-Fire train,abeed971b215348ac7ed43d90f5c23f8f66dd98b8994703c76063985afc37f4d
F_cross,fc_WEB01202.jpg,D-Fire train,38e3e172c5de282da30ba76ef73ccdedda94b65143e281f83586cb7222722a59
F_cross,fc_WEB02831.jpg,D-Fire train,a35424509539d4db87be39ceb89cb4b5b50455d79bf7f0cd4472bc494456f94d
F_cross,fc_WEB00248.jpg,D-Fire train,812a4f0275a31254114e8a28bf65bd829f8678490e64c0f5182ee4a5ef3ba717
F_cross,fc_WEB00496.jpg,D-Fire train,0b8d722eae721e14e1348a97537fc5519105587e3b9def1662be82adf8d3aae7
F_cross,fc_WEB01053.jpg,D-Fire train,6ab304b9dd8e89be732575e458bdf95dafb5a11bce100c805296652670795d68
F_cross,fc_WEB01470.jpg,D-Fire train,a095e29a7634ece79680806c716bce153e79bf2981a34516255bf56501cec2d3
F_cross,fc_AoF01513.jpg,D-Fire train,060bfd3ae016cf20f9ec78dae9ee751855f685697ad4d4f5409d11cdbb85e4fc
F_cross,fc_WEB00541.jpg,D-Fire train,f922829d1ca22d331743f2082d77a911c77b3e0dd723576e277b0f1bf6afb410
F_cross,fc_AoF06071.jpg,D-Fire train,c00db722c43eee70ea23c84692eabb325423429da86401f886691de81a1726ac
F_cross,fc_WEB02371.jpg,D-Fire train,7330230c34d0f5de51e6fa282975c9d06a20039954d000ab834af104b44e12e6
F_cross,fc_AoF00028.jpg,D-Fire train,d93c334c433dc04b794f1be3609500697e5f647a5f2e19bed7c4333ed624a6b9
F_cross,fc_AoF03061.jpg,D-Fire train,7ef21974d09f4cbfbc011cc65a07fac646d94f479dd3d41d6f615f7621dc7e8d
F_cross,fc_AoF02934.jpg,D-Fire train,f1accc03f24c1589f54fe34990516a08326a170378e5e8a2359aeab46945d3ca
F_cross,fc_WEB00116.jpg,D-Fire train,2d2231cb2dcd99402ea91d2410235f7e5c47877aa6dc99bc6bcce180960b6362
F_cross,fc_WEB03331.jpg,D-Fire train,8e9ec19c77435998060fe13f2dec1d95d530fe91ad42b9f7a930e1623d87847d
F_cross,fc_WEB00588.jpg,D-Fire train,09daf04ceda0da81f695177d61ef9abc3fd1f88de9451694c507bf038f57387a
F_cross,fc_AoF01210.jpg,D-Fire train,6f91befc8117a2987b0a3136861ae3760c40850d4fb24a05966f1cdf181d32eb
F_cross,fc_WEB01255.jpg,D-Fire train,3c9ae716ad3c9917f95097d24eb82cca3dde75910e6725d927cd91e28ace90bb
F_cross,fc_AoF01802.jpg,D-Fire train,bfe6942bb5d4ca6d4f0edbe03eab26c1e6e9784c928bde3d693a54a854a5dfbb
F_cross,fc_WEB01086.jpg,D-Fire train,b94da3879686d80259ac30210c3355e3d66d08d1c68025987774b2f8d8d88730
F_cross,fc_AoF02764.jpg,D-Fire train,6d43772639436281d729c03bb904f3a024fce10b6a8028655b48e42f81299e4f
F_cross,fc_WEB01704.jpg,D-Fire train,9ee20a0a7424c275475434a787d98995a10fc20ae3609bf46193374d7e771cde
F_cross,fc_WEB03023.jpg,D-Fire train,9e87cb3990937dc98fe9bc0c31f8eec543efa698a01728224742a2abfac055f3
F_cross,fc_WEB01303.jpg,D-Fire train,9dd15f7371dcb6958219b6496a3fdda728fdedb0a233d5f31ae40054f8aa43b2
F_cross,fc_WEB01452.jpg,D-Fire train,c8b00e4366f43f928d98104fba5f83cfa1471ca55ecf91c86cdb7c578f6f6038
F_cross,fc_WEB01489.jpg,D-Fire train,0805f1e336b83594b08402eab5ae8544cba591ce17a64a9d5374160f8713f41d
F_cross,fc_WEB03427.jpg,D-Fire train,37bcfa3022567bbd37fcd83bfe94d2c1386617689f307607b67bc7287639e771
F_cross,fc_WEB00501.jpg,D-Fire train,40b2a483821549f5dbdae4293a74fc338c43257c72c88f8b3ad259aefe490736
F_cross,fc_WEB00882.jpg,D-Fire train,23497509bf4a39bbcd31434939f1c7e27d6315d54a0deaddfe9a3705ed1394b9
F_cross,fc_AoF01428.jpg,D-Fire train,54f81bdc8fcfe41ebae287614a3f6843ae406da1535e704572ff49c120abbfb6
F_cross,fc_WEB01917.jpg,D-Fire train,8647b5a72559bb2c721a5eb602c10ffebb9b0a3a2e2b9ba1edbabc98291b5df6
F_cross,fc_WEB02680.jpg,D-Fire train,6034aff947737df639380e8d4af562b713854fa957862820c309bd38063c6c6a
F_cross,fc_PublicDataset00986.jpg,D-Fire train,f07019e0128361014989d96145407be254fff8e164e77323826ce01a531cffa2
F_cross,fc_WEB00914.jpg,D-Fire train,69afcb4ba7376f0d8dd30e2dd8eabecae139f03260fdbb9f7737f8e4131e9820
F_cross,fc_WEB01058.jpg,D-Fire train,c298c358e3e0f69c2f97a9c9dce00d90a1a951454eddbd22fef5b974968f1f75
F_cross,fc_WEB02112.jpg,D-Fire train,d4ff472c5f337fe3ef45b8b480ee2e228b72bc92c979b3eb54dbc449a118646d
F_cross,fc_WEB03478.jpg,D-Fire train,1bae9997969b1f009f16e4a7f60a553f042daeb2d9d65c3e17e8b4f6bcc6e87a
F_cross,fc_WEB03531.jpg,D-Fire train,24d9ce8dc302214fda49115561a2e089b91fa242e1f5761b60c329bf26386c9c
F_cross,fc_AoF01034.jpg,D-Fire train,b1317fa93f27ae3146db608eccc03269d1149b2fb2bbc668a5fb815705dfe1c7
F_cross,fc_WEB00957.jpg,D-Fire train,1e64ae1f344dcaecda07cb2a57ab9ce551cb004f4f7c0bf8c3358c3da79617eb
F_cross,fc_WEB02462.jpg,D-Fire train,5c438c745bb1bf64e38ed25b89a0bea1e79054e256c26986ac8b1e06fc1c85d7
F_cross,fc_WEB02027.jpg,D-Fire train,ba6421c11a25c859c4e97b1a680fb434b93993ddf81741f6d9f50dfb0b94323d
F_cross,fc_WEB02987.jpg,D-Fire train,0dea0b71be0e5fa210cb9d9e62ed206ccae8fdf7d8ea16038986d781252c212c
F_cross,fc_WEB00983.jpg,D-Fire train,24fb3a761e73215c7a73a8c58359dcc53bc69bd6c8febc581e97d58153991894
F_cross,fc_WEB01799.jpg,D-Fire train,3e82fb991fbd14e34fbce987bff2448e2bebdc9fc2ebcf4afb1f481af0c519c1
F_cross,fc_WEB02506.jpg,D-Fire train,b4ff87c1246b0230a505ddf66af751903e48a3b632e484c835b563e532634939
F_cross,fc_WEB01403.jpg,D-Fire train,a9e8dd40a41240bb68ca401a454a6637236a1818ceefccd57b4d6d5ee3bd98c3
F_cross,fc_WEB03084.jpg,D-Fire train,0200875e97e91fa3b81d99e06926581eceeae5407520d34a2007e3075118b966
F_cross,fc_WEB03091.jpg,D-Fire train,ddfcf2b85664df301a3b3cba00d714f9478a2352e6c8a6addf8f9bf9fa171493
F_cross,fc_WEB03589.jpg,D-Fire train,5b3f2bc257a48508cbec35179d4eaf9a912063af780bb9e13a6bc666caab1b53
F_cross,fc_AoF01730.jpg,D-Fire train,17261fe570f36cfee8405862845b83274d681cc37ec5b3bfcadccb7f163629d1
F_cross,fc_WEB00001.jpg,D-Fire train,bf1227b2d862b825b62838666bc1b35109574880d164c90cf520f41bea19d5ac
F_cross,fc_WEB02399.jpg,D-Fire train,d703bdbf53ac36cd878a632a876bbd5465adc6007f90aed829443f0bca9f8c8f
F_cross,fc_WEB02470.jpg,D-Fire train,709b9de0a7df6bc4c490ac6b28f9287c13fa1d00b14dd3aff5b5bc7510033769
F_cross,fc_WEB03491.jpg,D-Fire train,cfa7deb588870b96f5b37379ce4e5dce4f7464093e1d02eae71f4bf1a201a5f3
F_cross,fc_WEB02196.jpg,D-Fire train,af624e88133ff047039b32c77b9f9ef4cd68c9c2744755e2b1b2d5a2fe4e200d
F_cross,fc_WEB03423.jpg,D-Fire train,bb772f7f8276bb21650c90c64bef03f1d177f63ed8352632a93e805893d0d725
F_cross,fc_AoF02682.jpg,D-Fire train,89f5d71825909f78f2385ffd58d071435f48e3dc37d7f8f0c6e7b96553b671b8
F_cross,fc_WEB01307.jpg,D-Fire train,6f6e1ba5f809e91b6a67878dfde60634670d5699c9fe5ffbf36a0949497edd40
F_cross,fc_WEB01760.jpg,D-Fire train,c0a8b020afdac51e2657a6e959b906121fa4ce1893f2460d559c3f595d71b2f3
F_cross,fc_WEB02507.jpg,D-Fire train,c843dd22ffa0d5691edbe1153c1196a8772e3df0b35af698bfda707b01037638
F_cross,fc_WEB03640.jpg,D-Fire train,caa13cfb2d2fad1e955b216fad06fba35a134ecd358a6e2f68c8acb16376fc3f
F_cross,fc_WEB00796.jpg,D-Fire train,724bb169957b0cff0ebf908f8af39c0ebfadf4ffe0281fccb8bc763d67bf6c4a
F_cross,fc_WEB00077.jpg,D-Fire train,13597d54c1884a346cdee654d7183e3d1a9bac46c44994b44577e253bcb943f3
F_cross,fc_WEB00912.jpg,D-Fire train,168d4634c57a65766c03c1e7b7774a9f34af1a1ce066f8bbe74593b75768cd31
F_cross,fc_WEB02484.jpg,D-Fire train,5c807ff2655e5d8665cb0b5aeeb9666941d5cee0bd88f71bc2198180f43e9d59
F_cross,fc_AoF03584.jpg,D-Fire train,dfbbe10ddc14b91e41b3c91b67542d405bd4c7c93267a64be99248d292048962
F_cross,fc_WEB00776.jpg,D-Fire train,7bda54372777ca46a545e60712120780b4ab4f20923174320d7a68cbfe23b5da
F_cross,fc_WEB03380.jpg,D-Fire train,c4069e20e1451e82d1ac1a182e9f2bae36ced47f424b719873a7a1cc992dae60
F_cross,fc_WEB02270.jpg,D-Fire train,93a0c2b4875f0817401660c1fe9837a515076b943dc6829297f5abeb34c589a7
F_cross,fc_AoF00112.jpg,D-Fire train,3ae4bf4dc1ca5c1580a00fcb146faa26cb0de8d091e03bbf377c29ff98619805
F_cross,fc_AoF01096.jpg,D-Fire train,9d1052e684d36a9c6e390bc0519a859eaa5f2e655c4706fb9b41bebecd32e152
F_cross,fc_WEB01641.jpg,D-Fire train,ce3cce198eaac92338a5156ea29d74ec8024771c057d2bc4f257b8f3f7413d46
F_cross,fc_WEB00562.jpg,D-Fire train,46cbf7ef8c5f6750cd2c007f235da67316beb133497f29b417f7c1ae0c501e5b
F_cross,fc_AoF00034.jpg,D-Fire train,46d4b82648fd4b84ca126457cf39a3a5354d9c93db35a31c00b181cc662b2816
F_cross,fc_WEB00114.jpg,D-Fire train,57859cee9c66432d5217997a8dac3ca792a11d2adab8ea7da8702990e5cc8d3e
F_cross,fc_AoF01439.jpg,D-Fire train,7343b2b7174b7252c88ea8a498d0587b28241cfed1d297b07f12194f7369da10
F_cross,fc_WEB00757.jpg,D-Fire train,283f93a49b32af00f4dfdd93aacafb5fecc0167d96bb6a5beca08d0270eeeb10
F_cross,fc_WEB02582.jpg,D-Fire train,f3e83b78e67234afd20a4841e6378446f7f7cd019ceaf640ea044a40c2111ad9
F_cross,fc_AoF03732.jpg,D-Fire train,1e151fb443f227da8745f0172cc13136991ee3f9b15eece3b8e26c9ce578d4f0
F_cross,fc_AoF00047.jpg,D-Fire train,4cd8dcfc6bf295bb3c5449411ef1ec79a4f6271b276d690387745e88b5fe314f
F_cross,fc_WEB00887.jpg,D-Fire train,37ccc03dac54e3d700ec5c380efaa3515971b9b47df73fb49872b4cd62f8b11c
F_cross,fc_AoF01630.jpg,D-Fire train,dd392785b043ea6e8913395165f8e33ca24ffcbcfc0a29e01208a0e97886aef8
F_cross,fc_WEB02287.jpg,D-Fire train,eb41a7a674146d565734e447942fd253283f395dfabd5a5595975fcb3bf06249
F_cross,fc_AoF00133.jpg,D-Fire train,fdd33e5b5571fe3ba807a760196d94acd34c3d047cf19a80f9ebf44dccfc025e
F_cross,fc_AoF01371.jpg,D-Fire train,ae3f7bc964da080a9eec07b50209ecf236e5e614e3326faa2df81c41b4fc77ab
F_cross,fc_WEB01779.jpg,D-Fire train,dee09a168a3db0420e106a3beebff14c7c7fc4c9ebf77cf024b06e79a435be54
F_cross,fc_WEB01650.jpg,D-Fire train,0c78bc12e5df3e1f88bbe7abfc86fdb3d5b4f7ba6446bee4afe284abcc443631
F_cross,fc_AoF03917.jpg,D-Fire train,96c5e3cb73dccfc5ef3ded7761c73804b86f1a5b72b1794c1ea7140f6a0826b0
F_cross,fc_WEB03565.jpg,D-Fire train,ed85aa6c69442014b6bf93edd86a751a3d3971faef2804eea0827eaad1df722b
F_cross,fc_AoF03279.jpg,D-Fire train,00f7dcf3ef61dbd92474640916169410c2f3d7821ce0cd991c4d39601d45ab8a
F_cross,fc_WEB02675.jpg,D-Fire train,0f818b7e6cd17053028a7afc98c4e222eebff34d3640eae01f924ef77b210db9
F_cross,fc_WEB00758.jpg,D-Fire train,a0764074563b6e2317edce8e377f3bda03e4106d4fdf85960f243e42aae0eaba
F_cross,fc_WEB01969.jpg,D-Fire train,a42eeeabb517e88ec0b4fbd6046d5ba5f9f2266922757ef5213fa610f0abbeff
F_cross,fc_AoF02082.jpg,D-Fire train,f15be5f7435235cf753903e14c0002be62aa4c691340c02ebb596c3e69d30168
F_cross,fc_WEB00297.jpg,D-Fire train,8c965bbec9e8c6d325e54f2d5c57ba783eee1be1ed463d42ff30ebaf6776f0ed
F_cross,fc_AoF01248.jpg,D-Fire train,2f159cdb18ae01ad3ef325c543f7cbf98a4853453895d9988bf7cfd828551753
F_cross,fc_AoF01188.jpg,D-Fire train,5f395301d891e5a403194dee79a5454a7663366ab83a5e0637ae15e874fa6a86
F_cross,fc_AoF00541.jpg,D-Fire train,4175465c92b64b689c4052aead631e6c0df45f39b5482dc32fbc740cbbf29547
F_cross,fc_WEB00585.jpg,D-Fire train,d2e1f098f839256307b42483ca8afb3195071f82a7f08c56db54fe0d4b14b0f1
F_cross,fc_WEB02218.jpg,D-Fire train,61b475b1a1315d2401a18ebf985f38e30b0531c6b9fcd0c7b8582c7391c922fe
F_cross,fc_WEB00169.jpg,D-Fire train,5069a49a3e557b31a0e4d26e954962e95d15ecaac0ef370f7347976c5dbcb2df
F_cross,fc_WEB02526.jpg,D-Fire train,7c2aa5238a4183f1d5431e6bba995da006e3a174b557af226c9870b249734aae
F_cross,fc_WEB00844.jpg,D-Fire train,1b64890c688e4e84e79233dcb5e26b151501c6a4fd24fcd9a03442531063e833
F_cross,fc_WEB03398.jpg,D-Fire train,29cd4d1835a1713ea8fc5ebd7f57dc4b99d6619d442eb1765dcf17262b0a4818
F_cross,fc_WEB02520.jpg,D-Fire train,bc4800033ad399de3496608243be8c806352f1e1baca33662188e2bc4f170317
F_cross,fc_WEB00385.jpg,D-Fire train,7b3387ad0476283354f3b8eedbef4e5b005164b9261ecbac273c6da0f85c12a5
F_cross,fc_WEB02765.jpg,D-Fire train,025b2e5c1cff115fc92f559425284b96e28cb7bfb74cfcf2a23aa11bf4f1f44f
F_cross,fc_WEB02210.jpg,D-Fire train,4da7eab92e2d69209e3fa007b8c814ca5696554c14e86fa654a2739957adba9f
F_cross,fc_WEB00632.jpg,D-Fire train,66867aceda174ac70803c349b1b4462f6b3bf4d1611f3d298619097dab0bd5ff
F_cross,fc_AoF00396.jpg,D-Fire train,c947890ec4ee00692093ff8a83cceb0f0fc3fc6b801b4438f6b28d0bd7e7ccfa
F_cross,fc_WEB01410.jpg,D-Fire train,57b97b6b2ec3fcc654ec38bd4aa085039b295519d7510f2cca085b951f7a3e8e
F_cross,fc_AoF03738.jpg,D-Fire train,5c31bf500851cc256121aa9b5d5d996426421670930b219cf6a06c256c16ea72
F_cross,fc_WEB02789.jpg,D-Fire train,02bf4ea6d4734f106c43de719f33df3cfdce3e9e5e2c795d625de6eed1266a2c
F_cross,fc_WEB02640.jpg,D-Fire train,07feb63b0e1744c782d5bb7cca8f53b42658ac6ee4a649e3ce411aa4ffdc7b25
F_cross,fc_WEB01134.jpg,D-Fire train,5443408a3d9b41c01f9a0e2b89396d1b78e908f60b24bedc2dcfbeede6eea73e
F_cross,fc_AoF03354.jpg,D-Fire train,c854939221318282693abdb64e7499f3102c59bcbc86da3cc0722c52a9916503
F_cross,fc_WEB02467.jpg,D-Fire train,f7778fa54a4b96e1a217203289a44e6160c5009d3a5784ec7d19edf0b68d84eb
F_cross,fc_WEB03328.jpg,D-Fire train,d80ae58aad285fafe70cae541167d7df2c0cee534f26acd9131aab8e3bfea04a
F_cross,fc_WEB00859.jpg,D-Fire train,a82d7ef5b040d9576a36eec620d6208c82ad5010b7989d3ca735185bb18e867d
F_cross,fc_WEB00477.jpg,D-Fire train,b400fde015ea200704e918c592108db0ebbed43657be0313dc86962dc652858d
F_cross,fc_WEB01383.jpg,D-Fire train,71af69f874818f64ad46e3869378c6a41220ac8f579e1d6dead7fa27528e2d7c
F_cross,fc_WEB03232.jpg,D-Fire train,9e9fcb0804cd2ae19f25e664c3a8ebb2605c659bd78c35fa43f8b697ec9c96ff
F_cross,fc_WEB00319.jpg,D-Fire train,eb896fa4f4b208a3f869ccb24630aadb8a94e988a0be6c2f424cb3b6b2db7668
F_cross,fc_WEB00210.jpg,D-Fire train,20b0ece59fbbc0e90f0a494085db4fd2a2df4893d7f2c12ee0916844f2b5254c
F_cross,fc_AoF03608.jpg,D-Fire train,1600c0e018fbc5ff6d866515d412e90230e89c5e5df14ca31f8808546a67bfd1
F_cross,fc_WEB02166.jpg,D-Fire train,2624badf145fb204dc17982e6a2507bb698c35aee9a2c2ada4253ce7f3744013
F_cross,fc_WEB01653.jpg,D-Fire train,9add055af1c3248aa2923feb4f69fbaa3030ce0631fe5b41f5677ad65adb5241
F_cross,fc_AoF00079.jpg,D-Fire train,bb175a19dde9d1ac2029f3c2854ac72e6c8dd01357d3931489fe661e0680d232
F_cross,fc_WEB00610.jpg,D-Fire train,051abf1628f22e984f13d9e1c277f18bc2b4d186542bd1c934a1f24016fc16f2
F_cross,fc_WEB00213.jpg,D-Fire train,db33af6670d8e95fa9e9a8efc9215d489cfc3204b1547663764c19e5741d8d4c
F_cross,fc_WEB00637.jpg,D-Fire train,36d4e4fbfb811b30342da61ecd907886a5c8cb0cc641cd2352247dfe524f7715
F_cross,fc_WEB00100.jpg,D-Fire train,f904f04ddae2eeb484fe5ac508ab33125467bd754420a8e5c6fb0a0871d01f9c
F_cross,fc_WEB03168.jpg,D-Fire train,bf5179967ce599cc770d1eb6fc23570facd934c6feeaf8182c2e6fff73cb02b3
F_cross,fc_WEB02780.jpg,D-Fire train,4bb8df00357de80d4754aa7493be40c4b8e60ae07100ce6a92507387da2fbb02
F_cross,fc_WEB00839.jpg,D-Fire train,2832a204e79141102bfc29f543585740d7f6a7c558b7b04d1ed914d4d35df916
F_cross,fc_WEB00179.jpg,D-Fire train,a06c6b0cc1e9d36ec52795319f3966087103ce6c19de01d7d1b9a0ee9d74d5ec
F_cross,fc_AoF03697.jpg,D-Fire train,38b9d773887fc684f728da72fb6252bd38cacd897a8406ed919ba66ae98bcfd9
F_cross,fc_WEB00716.jpg,D-Fire train,c0169e85c3148e0bf21e6b02cd3734d996a798739d3eb8c3246a7dc98d20e45a
F_cross,fc_WEB00370.jpg,D-Fire train,72c74aa8fb05db5570d2ddb164b1a56d800131c862d8e02b08d821717c04772c
F_cross,fc_WEB01412.jpg,D-Fire train,4920da8f4e5246c60e0a8b1d5228707b76da3bcef2e672714c8b31d2168b2b8c
F_cross,fc_AoF03804.jpg,D-Fire train,2261ed6bd4b492d7ab78d9204455c99843a56a916f41737807e1b15993b47801
F_cross,fc_WEB02695.jpg,D-Fire train,943f4efb3ed48a321dda05842e6d796af94e6e9d5592a890075d2f81a60a0759
F_cross,fc_WEB00043.jpg,D-Fire train,6713b366ec303e7cbe44429a68e079e9a71c392d969b87438b82f5f6ca8e1cdc
F_cross,fc_WEB02508.jpg,D-Fire train,35ff54deb1462ec41bf480dfaf2cf06be232f283c954e054fd6723555cfe4b5e
F_cross,fc_WEB02127.jpg,D-Fire train,5ceb896bdadb26a85d2741d1588f030618a8d72511204d5c2eeb3c43d2d90282
F_cross,fc_PublicDataset00927.jpg,D-Fire train,55208946c7f90d7c4f858f665fca44374fdeec7a85a301fab1b9ad243e3271e9
F_cross,fc_WEB00540.jpg,D-Fire train,51ee12c6ec9d75f04f126b051a27ab727d4b4472bcad8ed3561b877eede9326f
F_cross,fc_WEB03291.jpg,D-Fire train,4d602f7a39f7e0e5e21df5abdd615511e2e885a3a284f332ba7a41021c7ca421
F_cross,fc_WEB00951.jpg,D-Fire train,3244cb0d62e0735c3a9cf7be615337f9a468f7ff71ae99569f6c1da10318b7cd
F_cross,fc_WEB02843.jpg,D-Fire train,21033d5b12bd55bf254d6bd0156a102e0d7221eafab70aa49f64f3abc18c07eb
F_cross,fc_AoF03660.jpg,D-Fire train,4d259a3c94ff27ec604c58ce829c4c1aef77acd4ed57b3c93469fad8c8a4a549
F_cross,fc_WEB01033.jpg,D-Fire train,8650cdf3baf9aad986520490a7196783c0ffd0d9fbb93a667db9b649d881d380
F_cross,fc_WEB00867.jpg,D-Fire train,4867c77c3eb4ba2f01bf307c270876bb48c47732e4877fa6af046ab3ea671447
F_cross,fc_WEB03595.jpg,D-Fire train,5a306ab7ae4c8682e06188dcb841ac83d060d718325200c32298622e0f2b5463
F_cross,fc_PublicDataset00909.jpg,D-Fire train,d83e2979f6c26ef616162262e955f327dae7f69fc8473d47ff9d80d918ee0879
F_cross,fc_AoF01926.jpg,D-Fire train,b6d0e2c9553f761e7562a51916fd766eb8054073879103080e9d6105051ce617
F_cross,fc_WEB02909.jpg,D-Fire train,779c61c324e3e9791b4eb0a970138a908820cb330ad5d7a9349d693d8e8da851
F_cross,fc_WEB00923.jpg,D-Fire train,811e4291ef25e1b0f044db168b2432650e02a0e71d5acdf05382f4c9f35d4a08
F_cross,fc_WEB03487.jpg,D-Fire train,ef0626d122a1e9059131cafdd34ce97887733215c060b988bc4f1a59c499a662
F_cross,fc_WEB03038.jpg,D-Fire train,11df10b8ef90e960d1a6c70125c5d55f9a5943e12e89c69a7aefe968ef7a19c5
F_cross,fc_WEB00922.jpg,D-Fire train,5d202d075bdfbf795cf1a15515ce306080a4d2f031ea48d19b5a58c2258dc58c
F_cross,fc_WEB01874.jpg,D-Fire train,c70fb08adeab79a8d316171e2d765822582944efabd8c53fc8b6ecb58969d0be
F_cross,fc_WEB01721.jpg,D-Fire train,b6a79f5140ef531d225cdc6a7f1e4ddb58d051dfc5261abaf1cc1d20fa0295f7
F_cross,fc_WEB02794.jpg,D-Fire train,e42338f7fa79be66e31c6b48827b88da93f145f96f8764a0b6564bd2548a762a
F_cross,fc_AoF01206.jpg,D-Fire train,6d34ea0cd4f764932b675acfbe931c444a105082d53dd73db2ef6ef07e45ce4b
F_cross,fc_WEB01948.jpg,D-Fire train,fe5b8e9d5932d9ca4fd4e489f21f77ea407319a9ce015876c2beb9771956fff9
F_cross,fc_WEB02664.jpg,D-Fire train,5bbc0409b711fd29d6c850d1bfb36774f5df18779222b8bf0c48429f9912a65a
F_cross,fc_WEB01301.jpg,D-Fire train,969ba206d5b54a99a0f2645c5b2e6096f0caae768717a167817d9b286f739da6
F_cross,fc_WEB02242.jpg,D-Fire train,34e234368d05e8a9d24ee0a33aed038cbfc9349bb29ca004fdc07bb8d6f49d9b
F_cross,fc_AoF01205.jpg,D-Fire train,dca92a8138217a2e3a440985b0d7a202a2015207d58bf56415124f6ce8ac1c24
F_cross,fc_WEB02726.jpg,D-Fire train,5d91d6fb5cfad772236f3eb809415361f1c360655523afff1b7b32e8bb321f70
F_cross,fc_WEB03153.jpg,D-Fire train,1701fcf6875c938c58ca2ad4cdd0c06d29364d1d49df6d79a000e07f5e257f19
F_cross,fc_WEB00180.jpg,D-Fire train,dfba44b5fe1cd2d77b86ab563778026f7e8286ef0bda7a2e93f51993ad88ef0c
F_cross,fc_WEB01400.jpg,D-Fire train,5b8dcc116e0dd45c7bd536a8553c4480206198cc7932787ae08408add0493ee9
F_cross,fc_WEB03540.jpg,D-Fire train,94546fac3c75115d176999457b4a12bd698de48cff08822d6ad0a394d343ade1
F_cross,fc_AoF01336.jpg,D-Fire train,cc2602b2f7e950090289b31b49aa2952de79bda339ad3040fa13ce957ab24513
F_cross,fc_WEB02538.jpg,D-Fire train,ee1a1324f6d31e78d0f9d92fc900ed270bb20a79d146bccf8cd6676c1336bcd8
F_cross,fc_WEB03302.jpg,D-Fire train,ba9bd3f2e1f402880d3b7a6b3b48143c351719577393a0c230bbcce72e0b4952
F_cross,fc_AoF02766.jpg,D-Fire train,4bde036f8ea6b8a4b1bed9cb699bf6c417e680a4b073262a2776765c065e5597
F_cross,fc_WEB02682.jpg,D-Fire train,d47ec7a31f07e3f24157d06962c69c27088e537b84dd9f2fee8afeb6f1cda18c
F_cross,fc_AoF01121.jpg,D-Fire train,afcb5a0152c9befca1ebc72c73614f61168d24a006b80d95aaa32c33464d13f8
F_cross,fc_AoF01316.jpg,D-Fire train,e8a7d6dc09fcf6fc6588d6f7901b36ba2144c1c60a4f39668c2c782e4b4818cf
F_cross,fc_WEB02219.jpg,D-Fire train,6197ee8e5524ab8416a34c02d184055d5959a65f1c4df7ec15959dd8fde720e3
F_cross,fc_AoF00048.jpg,D-Fire train,b28d8833537b0a58f64bee2a020a9d572fa7a0350ee9e430ba25bc5da82873f7
F_cross,fc_WEB03100.jpg,D-Fire train,4ab4a952f0304d36d99a775dbfde1982004aa268818db0e47335bc201889fbdd
F_cross,fc_AoF03602.jpg,D-Fire train,6d900359fabe5861594125ae1df7383ef95e2f27837efaccf68f256846870e6d
F_cross,fc_WEB00326.jpg,D-Fire train,847e31aefb6e4e2009f729cca81c6cdd697449b12b91667c5f11611324b3e77a
F_cross,fc_WEB02949.jpg,D-Fire train,b124d5a684b177993a3ea03f4d0fda1f4f7e597dd4d5fc16b01fed58e8ae9b3e
F_cross,fc_WEB00271.jpg,D-Fire train,8db5e56060c58d2ea100eb0e1ec2ae1bc1d8100d7c449dc1e2c8805396f37043
F_cross,fc_AoF00012.jpg,D-Fire train,0d495b5847a170f8d572b7e8896e71be75377780278de99f57ecd232386cc8c4
F_cross,fc_AoF00853.jpg,D-Fire train,67da05e7bd8cd6a1f06b199e884d360c3caaf81d75ed3e574c585d0b3022a929
F_cross,fc_WEB00164.jpg,D-Fire train,e7b5fdc994bb2b81ae55f1c1441afb9c446b2ea7c08eb310ae6856929bd7873d
F_cross,fc_WEB00231.jpg,D-Fire train,593e3979dfbf458a68267167903029794a2b3b8ae278091dcf70ca4e0c19a877
F_cross,fc_WEB01812.jpg,D-Fire train,cb88dec872ccfb7d97409e24d6ccc4b9c1e54548c48344bddf8f2e8fc6e87664
F_cross,fc_WEB00183.jpg,D-Fire train,54a8404fe0d8676495376cf040b03a931431d1f8441f37480d702508e6966b51
F_cross,fc_WEB00146.jpg,D-Fire train,8ee66a2ef73c2c093fa839b9e865721ed98eba9bc9dc9a5e3ad984443be6c351
F_cross,fc_WEB02712.jpg,D-Fire train,c293285ca64c917b5639975e1b1f36f679ee30acf389a10444c34c5427d7e9ca
F_cross,fc_WEB02423.jpg,D-Fire train,f7f1c0da1c4022ed983b560b5814b2ebc44a50376f4c3940f680e79bdcd4714e
F_cross,fc_AoF01309.jpg,D-Fire train,057cfdfe6260c9341250f5a79e96a8c397375ee2552b8e640089905a04a6cb9c
F_cross,fc_WEB00225.jpg,D-Fire train,6f9e426e3a69dc531d6abe19bbad1d83ed63fc923daa534937992f7da047f5ed
F_cross,fc_WEB02741.jpg,D-Fire train,0d391f73d6737e7bd604e02b9d394732e5fd29c8e8b967bbc8506d1d7d8d146d
F_cross,fc_WEB00942.jpg,D-Fire train,b896c94972735cae93f2e8991285d84d81ce1d191dd6ee5c8099da96106bdc36
F_cross,fc_WEB02134.jpg,D-Fire train,140e4deb2bc31cefe89f0ad2a0c323e5b227372c8f6fbd7735a3b22cfa73e4fc
F_cross,fc_WEB03587.jpg,D-Fire train,8bb0d995ceda134b132eb5b39bf419dbc5f33fac0ce4aad16de46006504eebf4
F_cross,fc_PublicDataset00983.jpg,D-Fire train,cc246d65bddfc4feecb14c5749a02dbf708669d8ae78ee6b71c38fd8dc314b7b
F_cross,fc_AoF01137.jpg,D-Fire train,a6b22fc3cc643b30280494d2f2c7837f0bf352020f5ce25a4930059b0fbeb91d
F_cross,fc_WEB03390.jpg,D-Fire train,52b832c55a11aa7dbd9da535c673e7e3e0c4a7a461f7ed64699518bb6841d180
F_cross,fc_WEB03004.jpg,D-Fire train,d8b22b924ce1c1307711e57b994a2e28aaed0d6ebae4eeb5fc4b5e41ddd76c25
F_cross,fc_WEB01863.jpg,D-Fire train,e8977ee0efe5d461e4a91bf967213decf2cf6d8e431a8897c38a51e8ef5c94c7
F_cross,fc_WEB00532.jpg,D-Fire train,26181db7093e286092dd1f8da747a05b06c6590d848cfd5f0ad90ab49f5582cc
F_cross,fc_WEB03185.jpg,D-Fire train,ad2103ab59bd54248480863c506dcebad2d52e3c84cba4c6f0a36a771591fb21
F_cross,fc_WEB01591.jpg,D-Fire train,b530cd8573446bcfd6418b38fc83116de9a01d33ea576883aab721b49a064bd3
F_cross,fc_WEB00130.jpg,D-Fire train,cd5b29211ee138c5a11897fbca734cc0c4e1dd27bb2012e308f0b53648df41d8
F_cross,fc_WEB03217.jpg,D-Fire train,7d499756d22863f0effd455a28973e0a2921e4c04c7c4a047bda476cd21de16b
F_cross,fc_WEB00928.jpg,D-Fire train,29046a7087ae3e680a9a4aa1bc52c65c3468bf5f2ef9a8da6248bb8cc02612e5
F_cross,fc_WEB02803.jpg,D-Fire train,6665599fffd05f222479af68b3d463dd637ca39c3db528445b43352261de0ca5
F_cross,fc_WEB02263.jpg,D-Fire train,787fe982b1f092f9a928d188da951afbba60b82d865e5d6377f7837a80221aac
F_cross,fc_WEB02486.jpg,D-Fire train,1e0bfc9d9c7ced17e545ec1e4167782ad15e41c50f938f694e8d63c90bab9131
F_cross,fc_WEB02068.jpg,D-Fire train,2e2ceb5a706fcdf420e903f980efcf31880294e6266e6d3fb7161c87ce24e6d4
F_cross,fc_WEB00245.jpg,D-Fire train,cc7038821eb1b56e05af65660e3f85c437a14ad8f9d04119eca9bcf43f50e6d0
F_cross,fc_AoF03682.jpg,D-Fire train,f956756bebd920cc4d657feb978d06f33f06724754c011043cd581dc02f91320
F_cross,fc_WEB00097.jpg,D-Fire train,2a69e4cb00dc9938b748f61524260a863ac34b35775c681c50c8cf978af36d8f
F_cross,fc_AoF01134.jpg,D-Fire train,95402f385820ba7ddf44400b64bfa78361f8c892b59040a1858f68eec0f086c8
F_cross,fc_WEB03240.jpg,D-Fire train,03715ae9531d6c32305b12befa8e62799ffb948df98f68ddbf5fb758092885ce
F_cross,fc_WEB00626.jpg,D-Fire train,422ba3581a5c26f7bda9bd9ab09883334a42b95d6422b270389a2c9a3431d02e
F_cross,fc_WEB02666.jpg,D-Fire train,9d66caa8adeeddc443efcc071b41e3bcf1f66df4b6f2d3f1ded653bc10dbbcf3
F_cross,fc_WEB02935.jpg,D-Fire train,2693927cf9e56121ae47fec1e2cfe3b5f2a5f14346a2b83c6646b73ab9522320
F_cross,fc_WEB02779.jpg,D-Fire train,5fbb7beb027c88667acf91128bfa83b13091b81acb8e06986ba4e3ea127a5231
F_cross,fc_WEB01805.jpg,D-Fire train,883bd6420a31d108074b51590565e3c879ab847a6e9f15f28fd4931906eb8fc3
F_cross,fc_WEB03060.jpg,D-Fire train,3e2b442c8b97367746c66af08ddfb6e5142b52db3cdd20ab7c2a4cb7bb4c8558
F_cross,fc_AoF01806.jpg,D-Fire train,38d75d34b90797c094971d0fcb85ada4d1dbc9e1dd6347f812dda9889117ff41
F_cross,fc_WEB00592.jpg,D-Fire train,7b783ae5aae74ba3b92536af97f661393e1c0b40f5ff3b206a3fb83ccbe17d4e
F_cross,fc_WEB00916.jpg,D-Fire train,90d909b65086322e4dd9620d548e4ba5b252e731e33657d3dbad0f1ff5fb85d7
F_cross,fc_WEB00397.jpg,D-Fire train,6df4d18ba8ade3071d087f2e808792d31b9c8bfaf8fdd579284855945394df59
F_cross,fc_WEB00198.jpg,D-Fire train,8d2604399ae4ffae52008aa6e71a2a34a3589794441c7df212ac7a46e7c38292
F_cross,fc_WEB01659.jpg,D-Fire train,8ad6375d203f2e4c2a8abdbbfc27de8410b9cc19a5f0655902d62f0033b384d4
F_cross,fc_WEB02473.jpg,D-Fire train,2be327182c18d35cc898a8abde9c3f4b8f8373335f50bed1aa3ab12804807e2c
F_cross,fc_WEB01528.jpg,D-Fire train,42db8693a38494b8f2b2f623aad2da4a31c13abb95906779b16c05f2bb0d7d66
F_cross,fc_WEB02711.jpg,D-Fire train,7b82d0a079f6492312b8e36326bca3e4a5321c2839b2f835fc8a7d73661d69a1
F_cross,fc_WEB00365.jpg,D-Fire train,8bc7abadb61e1ae47ec4639c36433d3f3738c9c5824e662b3c04695fd65bf3e0
F_cross,fc_WEB01922.jpg,D-Fire train,5b07c9965d8567283854c8f659ec347a2f68622e34124bc26352a6be720f2360
F_cross,fc_WEB02085.jpg,D-Fire train,ce73f93b89a38d4b1898b594e1a6906e2842347d5a101b95cb8a7b5702e8790f
F_cross,fc_WEB02212.jpg,D-Fire train,debbee1de81ee5444ad01812c07d1be577d8db634486c2dd890ec1568406e262
F_cross,fc_WEB02531.jpg,D-Fire train,079ad21026f8912095666268237c71beb010c57a9d86a8e33adbeb6daf8caaf6
F_cross,fc_WEB02732.jpg,D-Fire train,c678156c5f046cfa6262bf3f13b48f22f38883b0e8c54959c4002bb30c4ab8b9
F_cross,fc_WEB01007.jpg,D-Fire train,e7380966a69756b15f4512b6d402bd8e2ae601fda318a398dab63a07784e40e1
F_cross,fc_AoF06070.jpg,D-Fire train,8b040554af7c0d6380c64307d6387b5801b475627533f6d51cc5a2cfdd51ec51
F_cross,fc_WEB02882.jpg,D-Fire train,da30b311e7f4343ad882d4a9c2f179e75e82c7f62f4394d38dd5f3931e66daae
F_cross,fc_WEB02890.jpg,D-Fire train,9f4c0aae720b3ec90c141d97a22a94b67aa0f0ab97411c34d870fcfedbc002dc
F_cross,fc_WEB01085.jpg,D-Fire train,d5773fca96b0f8eac677c58b5704dd38c43bea9e987fbad9c77003060f17c224
F_cross,fc_WEB01393.jpg,D-Fire train,4cb9a4baeec048461637b82f4576cd9cd6ce4427053d144fcd3430d4089d4a52
F_cross,fc_WEB02015.jpg,D-Fire train,062503ec97424e5eca2ae949ca30edfeceaff9d0dd3b8e174c5dd820c75ff7d4
F_cross,fc_WEB02559.jpg,D-Fire train,1c0569fb5612968422ef35994361c72d9c24992cefcbdeb9f41ab16389bc0f5f
F_cross,fc_AoF00419.jpg,D-Fire train,d30ee65fa54611a757761893e22e6b1066cafccf2645ac1173ec1a7ffbebce99
F_cross,fc_WEB01976.jpg,D-Fire train,4f336b924959eadc3470d2a11950ca27caad45de66405d603b17e4e8c2e583c3
F_cross,fc_WEB00537.jpg,D-Fire train,155d68901376263283e3362abc61b133cd14dda850fb1cd0d4d91fa47072cbab
F_cross,fc_WEB01551.jpg,D-Fire train,61d5a8bdda2d7b8d37b79997a273798cd5a0fcd3cde4f4a8f34da104bb22434e
F_cross,fc_WEB02873.jpg,D-Fire train,31ddae234b91c57775bec2c9123e8f89c6dc9aac48f7926f8bc8770424ccc8d8
F_cross,fc_AoF01289.jpg,D-Fire train,8dd487e034d2a7abae10baf19c5566970b34a0e6ffeeccf8989bb9165d959417
F_cross,fc_WEB03076.jpg,D-Fire train,b2ba055591e3b8471e7be50e9460f9ee868c6a8117fab842565b83c315bfa99f
F_cross,fc_WEB00509.jpg,D-Fire train,773a9fe0576abb59ff1d3df009e936546d85becbff1d98c1f5d32ba2b8cd7f67
F_cross,fc_AoF03190.jpg,D-Fire train,9b3b4a37816af7f648557d890c21bf15373ca80ea8de5e8dc97d50f9ca331cfa
F_cross,fc_WEB03042.jpg,D-Fire train,cb88978372f396b58df70125c745ca91dbdc3df5bdcaf2f7b83c0a9e892e0169
F_cross,fc_WEB01448.jpg,D-Fire train,eb447af01d32f2168488e2934b150bbef2e5df8d2d41f74ce556cd3db2f541df
F_cross,fc_WEB03348.jpg,D-Fire train,1a1460e7f9b473f5d7ca19cd499a685e4b0a9b457123fce1b92a2f931b3f65df
F_cross,fc_AoF02436.jpg,D-Fire train,4ed15cf290c592a5dcf6981b49568a1ee0058f72a4bf4918f3f31127f01f7097
F_cross,fc_WEB00650.jpg,D-Fire train,8f34aa7ba558ff1578d4ad1695db681d1819b6f947d31e6f81bc871c3964a11e
F_cross,fc_WEB00239.jpg,D-Fire train,2566a97c8afc7d7f871ff331e287247931e6bbea3185d2d97640eecf21d8fcd3
F_cross,fc_WEB03542.jpg,D-Fire train,55a478b3eadb3a8974ea3c6bb7bbdf888b5c10307bafab332a4401610ab5f833
F_cross,fc_AoF00044.jpg,D-Fire train,a5cbdef8ec3fe7981630bdfe84fe56b8fd7e2033c20d4fa6c6467b7804b70008
F_cross,fc_WEB00978.jpg,D-Fire train,00f606b1e142a10af013b354abd66d0a42c60e2b706d61bb20db2a0995f05c19
F_cross,fc_WEB00122.jpg,D-Fire train,6fff3c4a13029d72c38baae68fc7b7530086c063ab3f3de55986baafa774a99d
F_cross,fc_WEB00671.jpg,D-Fire train,81d9bc28745df34fdce79147d5f15976e97bd50605096621bdcd03478a849515
F_cross,fc_WEB03620.jpg,D-Fire train,3004c4eafe134e00f4af44a573ac4aaca1e58c6b450605a4b030fdf94ed31161
F_cross,fc_WEB01788.jpg,D-Fire train,4677c235d99700c9c0f4cc310eabd8d0352999f2f724dd35805ef012814c989f
F_cross,fc_AoF00417.jpg,D-Fire train,101738ff8dac6e2c84331feb25fb262a23e5e7a9a2e54b5e1d05963fab44123c
