frame,time_s,x1,y1,x2,y2,conf,cls
0,0.0,58.4,1.7,363.4,166.9,0.9096,0
1,0.0334,34.1,1.3,350.1,166.0,0.8861,0
2,0.0667,38.0,0.7,349.0,166.9,0.8799,0
3,0.1001,20.8,1.0,351.0,167.8,0.8457,0
4,0.1335,59.7,1.0,354.3,166.5,0.8786,0
5,0.1668,51.4,0.8,358.1,168.2,0.8918,0
6,0.2002,47.2,2.0,365.7,167.5,0.8744,0
7,0.2336,37.1,0.9,351.9,167.4,0.8509,0
8,0.2669,27.4,0.8,353.9,166.8,0.8711,0
9,0.3003,41.8,1.9,359.5,168.1,0.7653,0
10,0.3337,65.0,2.5,362.6,167.0,0.7887,0
11,0.367,62.4,2.0,368.8,167.3,0.7219,0
12,0.4004,51.1,1.3,361.1,165.6,0.7188,0
13,0.4338,52.2,1.4,360.8,165.7,0.7347,0
14,0.4671,35.5,1.0,345.8,167.0,0.474,0
15,0.5005,43.4,1.2,351.5,166.1,0.8199,0
16,0.5339,46.4,1.3,359.2,166.3,0.6577,0
16,0.5339,68.8,1.0,356.9,166.0,0.576,0
17,0.5672,58.2,1.7,358.1,166.3,0.8287,0
18,0.6006,56.9,1.4,364.3,165.1,0.7824,0
19,0.634,80.9,1.9,357.3,164.4,0.8299,0
20,0.6673,63.6,2.1,355.7,167.0,0.7833,0
21,0.7007,48.2,1.0,356.5,167.9,0.3987,0
22,0.7341,31.8,1.5,353.4,167.4,0.7391,0
23,0.7674,42.7,2.0,357.4,166.3,0.8345,0
24,0.8008,54.8,1.1,363.1,166.5,0.7985,0
24,0.8008,65.1,0.9,360.5,165.0,0.1847,0
25,0.8342,42.5,1.0,361.9,165.6,0.8872,0
26,0.8675,31.1,0.2,367.5,167.2,0.6318,0
27,0.9009,56.6,1.4,361.9,166.1,0.6598,0
28,0.9343,42.6,1.4,362.8,166.7,0.7034,0
29,0.9676,34.3,1.9,362.0,170.2,0.8342,0
30,1.001,43.5,0.4,368.7,169.0,0.8264,0
31,1.0344,23.5,0.1,375.9,168.2,0.7936,0
32,1.0677,19.0,3.0,362.6,166.2,0.6929,0
33,1.1011,51.5,4.0,353.4,165.3,0.4601,0
34,1.1345,54.5,1.6,354.3,169.1,0.8116,0
35,1.1678,53.5,1.7,355.7,167.2,0.8891,0
36,1.2012,55.6,1.9,366.9,167.2,0.8925,0
37,1.2346,48.9,2.5,359.5,166.3,0.7808,0
38,1.2679,61.2,2.4,362.5,166.2,0.4641,0
39,1.3013,60.7,0.6,365.8,166.6,0.7001,0
40,1.3347,65.8,1.0,359.6,164.9,0.7955,0
41,1.368,54.8,2.1,351.6,165.6,0.6468,0
42,1.4014,59.9,1.9,349.7,166.1,0.5192,0
43,1.4348,60.1,1.9,348.5,166.6,0.7081,0
44,1.4681,69.9,6.5,364.0,163.9,0.7365,0
45,1.5015,53.3,1.8,367.5,163.0,0.6674,0
46,1.5349,69.0,2.5,362.9,162.6,0.7855,0
47,1.5682,53.8,1.2,350.0,166.2,0.8086,0
48,1.6016,49.7,0.3,350.5,164.3,0.7181,0
49,1.635,65.1,1.1,353.5,163.5,0.7692,0
50,1.6683,42.1,0.5,352.3,163.4,0.7417,0
51,1.7017,39.1,2.0,357.0,165.9,0.8238,0
52,1.7351,47.7,2.7,350.8,164.8,0.7693,0
53,1.7684,47.6,1.6,353.4,166.4,0.7438,0
54,1.8018,51.8,2.9,353.3,165.8,0.173,0
55,1.8352,96.6,2.5,357.9,164.9,0.5288,0
56,1.8685,91.2,4.7,359.7,163.6,0.5697,0
57,1.9019,67.4,2.3,364.2,165.5,0.7381,0
58,1.9353,51.8,2.2,365.8,165.5,0.7698,0
59,1.9686,62.0,2.1,361.0,164.9,0.8062,0
60,2.002,66.1,0.2,358.5,166.0,0.9011,0
61,2.0354,59.6,0.3,354.5,167.0,0.8545,0
62,2.0687,58.6,1.0,361.7,167.1,0.8914,0
63,2.1021,68.7,1.2,369.4,164.9,0.8254,0
64,2.1355,47.1,0.0,354.9,166.1,0.7427,0
65,2.1688,69.0,1.9,353.7,166.1,0.8155,0
66,2.2022,49.8,1.2,355.2,166.2,0.824,0
67,2.2356,41.4,0.6,358.6,167.2,0.8691,0
68,2.2689,48.2,1.6,354.7,167.4,0.883,0
69,2.3023,39.2,1.2,358.8,167.3,0.8817,0
70,2.3357,36.7,0.9,364.0,166.4,0.8136,0
71,2.369,47.7,0.8,357.0,166.4,0.7052,0
72,2.4024,45.8,1.5,356.7,166.4,0.7499,0
73,2.4358,49.2,1.1,354.1,165.6,0.776,0
74,2.4691,79.1,1.3,366.0,165.2,0.8929,0
75,2.5025,42.9,1.8,369.5,164.8,0.8061,0
76,2.5359,61.1,1.4,358.5,165.8,0.7556,0
77,2.5692,37.2,1.3,362.0,167.1,0.8265,0
78,2.6026,28.0,0.8,357.9,166.9,0.7349,0
79,2.636,64.0,1.7,360.1,165.0,0.7729,0
80,2.6693,59.7,1.3,359.5,168.1,0.85,0
81,2.7027,60.3,1.6,361.9,167.5,0.8148,0
82,2.7361,74.4,2.1,357.2,164.5,0.6368,0
83,2.7694,28.0,1.5,356.8,167.0,0.6655,0
84,2.8028,5.7,1.1,358.0,167.8,0.7177,0
85,2.8362,43.8,1.5,350.8,168.5,0.5243,0
86,2.8695,36.4,1.3,357.7,167.8,0.535,0
86,2.8695,53.3,1.6,355.9,167.1,0.1309,0
87,2.9029,65.6,2.6,367.5,164.6,0.8386,0
88,2.9363,56.7,1.0,372.9,164.0,0.8047,0
89,2.9696,32.2,1.1,357.3,167.4,0.7873,0
90,3.003,49.4,1.0,358.5,165.8,0.771,0
91,3.0364,77.0,1.6,368.8,163.1,0.7531,0
92,3.0697,51.7,1.9,351.4,167.0,0.7828,0
93,3.1031,48.1,1.2,351.3,166.5,0.8616,0
94,3.1365,40.9,1.3,354.8,166.4,0.8333,0
95,3.1698,68.5,0.3,358.5,165.1,0.862,0
96,3.2032,42.0,1.7,369.5,165.8,0.725,0
97,3.2366,60.3,1.4,373.2,164.4,0.766,0
98,3.2699,51.8,1.6,366.1,167.1,0.4464,0
99,3.3033,46.1,1.2,352.0,165.7,0.5904,0
100,3.3367,55.4,2.0,355.3,165.6,0.7259,0
101,3.37,57.9,3.5,361.6,166.0,0.7339,0
102,3.4034,68.9,0.7,364.4,164.7,0.8936,0
103,3.4368,61.9,0.6,375.3,165.7,0.8605,0
104,3.4701,66.1,1.8,359.3,167.3,0.3302,0
105,3.5035,95.1,1.2,360.1,165.9,0.7517,0
106,3.5369,72.2,2.5,353.7,165.6,0.7398,0
107,3.5702,79.0,0.4,353.4,164.6,0.7312,0
108,3.6036,69.1,1.2,350.9,165.5,0.8715,0
109,3.637,76.9,1.8,354.0,165.5,0.7537,0
110,3.6703,47.1,1.0,358.6,165.6,0.4177,0
111,3.7037,64.4,1.7,355.4,165.6,0.6529,0
112,3.7371,60.6,1.5,355.6,165.0,0.6632,0
113,3.7704,63.7,2.1,354.6,166.0,0.6278,0
114,3.8038,58.7,1.5,358.1,167.0,0.4584,0
115,3.8372,88.9,2.3,355.3,166.0,0.5651,0
116,3.8705,75.7,1.7,358.5,166.7,0.558,0
117,3.9039,60.9,1.1,358.5,167.1,0.7145,0
118,3.9373,42.6,1.9,358.9,166.9,0.5196,0
119,3.9706,37.7,1.6,358.3,166.2,0.5929,0
119,3.9706,60.4,1.6,356.9,164.6,0.1323,0
120,4.004,65.8,2.1,356.9,164.8,0.7909,0
121,4.0374,90.1,1.9,360.7,165.2,0.4458,0
122,4.0707,79.1,2.6,361.5,165.3,0.4109,0
123,4.1041,91.9,4.6,358.7,164.8,0.4513,0
124,4.1375,83.4,4.3,352.9,165.0,0.7114,0
125,4.1708,79.8,2.8,359.4,165.1,0.6815,0
126,4.2042,72.9,0.6,361.0,165.1,0.7957,0
127,4.2376,70.1,1.2,354.4,166.8,0.5503,0
128,4.2709,83.3,1.3,355.1,165.0,0.6339,0
129,4.3043,66.6,1.0,359.7,163.8,0.6494,0
130,4.3377,64.7,0.8,363.0,164.1,0.6089,0
131,4.371,53.4,2.2,370.1,165.1,0.5968,0
132,4.4044,68.7,1.6,371.0,165.7,0.7637,0
133,4.4378,70.8,1.7,366.6,165.8,0.5527,0
134,4.4711,77.6,1.8,366.2,166.3,0.6804,0
135,4.5045,81.4,0.8,361.1,165.8,0.7948,0
136,4.5379,75.6,0.9,360.5,165.8,0.8034,0
137,4.5712,64.8,0.9,358.8,165.9,0.8266,0
138,4.6046,53.0,0.5,360.5,166.9,0.8299,0
139,4.638,53.1,1.4,363.7,169.1,0.6737,0
140,4.6713,55.4,1.2,363.5,165.8,0.738,0
141,4.7047,82.5,1.4,370.3,163.7,0.7955,0
142,4.7381,89.6,1.4,380.1,164.3,0.7656,0
143,4.7714,70.0,1.6,382.7,165.0,0.7031,0
144,4.8048,63.8,0.4,386.0,165.4,0.8115,0
145,4.8382,46.2,0.6,390.5,165.4,0.8722,0
146,4.8715,47.9,0.3,379.8,165.0,0.783,0
147,4.9049,55.4,0.0,378.4,164.5,0.8492,0
148,4.9383,58.2,0.0,372.3,164.3,0.5116,0
149,4.9716,38.0,0.0,368.8,163.7,0.6863,0
150,5.005,35.5,0.0,369.7,166.2,0.598,0
150,5.005,43.0,0.0,367.1,163.9,0.2015,0
151,5.0384,30.0,0.0,360.7,166.7,0.836,0
152,5.0717,50.0,0.6,368.3,164.4,0.6552,0
153,5.1051,71.3,0.9,370.2,164.1,0.5827,0
154,5.1385,75.0,0.0,364.1,164.3,0.7784,0
155,5.1718,73.0,0.7,358.8,164.2,0.6522,0
156,5.2052,57.6,0.1,361.2,165.2,0.8376,0
157,5.2386,63.7,1.6,360.9,165.1,0.8138,0
158,5.2719,37.6,0.8,362.8,167.4,0.6433,0
159,5.3053,42.4,1.8,368.4,165.7,0.7254,0
160,5.3387,56.6,2.5,373.1,164.8,0.8061,0
161,5.372,43.1,0.8,374.4,165.0,0.5665,0
162,5.4054,53.7,0.8,372.3,164.0,0.675,0
163,5.4388,38.1,0.5,369.3,165.6,0.7727,0
164,5.4721,40.2,1.2,356.3,166.3,0.8297,0
165,5.5055,49.9,1.1,363.4,166.4,0.6587,0
165,5.5055,61.8,0.8,360.4,165.1,0.2074,0
166,5.5389,71.4,1.0,375.5,163.7,0.6985,0
167,5.5722,54.4,0.2,372.4,164.2,0.5902,0
168,5.6056,62.1,0.7,363.5,165.2,0.7175,0
169,5.639,29.3,0.3,369.3,166.7,0.6197,0
170,5.6723,61.7,2.1,362.2,164.5,0.5164,0
171,5.7057,92.0,0.3,358.8,164.6,0.5346,0
172,5.7391,86.0,1.7,350.7,165.9,0.761,0
173,5.7724,80.1,1.4,355.0,166.2,0.8119,0
174,5.8058,76.5,0.6,355.0,164.6,0.8752,0
175,5.8392,74.2,0.4,364.4,166.2,0.8302,0
176,5.8725,67.4,0.8,373.1,165.2,0.7295,0
177,5.9059,76.6,1.9,373.3,164.4,0.7687,0
178,5.9393,62.0,1.5,369.0,164.7,0.7839,0
179,5.9726,64.8,0.8,375.6,165.5,0.7748,0
180,6.006,64.6,0.0,377.7,162.7,0.8793,0
181,6.0394,48.5,0.4,367.6,164.8,0.8536,0
182,6.0727,32.4,0.6,354.7,166.8,0.7998,0
183,6.1061,87.0,2.8,360.8,164.7,0.4337,0
184,6.1395,79.1,1.0,360.2,163.6,0.6885,0
185,6.1728,66.8,0.0,363.4,164.5,0.8567,0
186,6.2062,48.3,0.8,356.9,166.9,0.7924,0
187,6.2396,64.6,1.1,360.9,164.6,0.8926,0
188,6.2729,67.4,2.3,364.7,164.5,0.6432,0
189,6.3063,51.0,0.0,366.7,166.0,0.8377,0
190,6.3397,56.6,1.9,367.0,165.0,0.7148,0
191,6.373,55.8,1.0,358.7,164.0,0.7972,0
192,6.4064,34.4,0.4,360.0,164.9,0.8338,0
193,6.4398,32.2,1.9,358.6,166.0,0.5777,0
194,6.4731,74.0,2.5,365.0,165.5,0.694,0
195,6.5065,43.9,1.8,361.0,167.0,0.5586,0
196,6.5399,63.4,0.0,368.3,165.9,0.8491,0
197,6.5732,63.7,0.3,375.4,165.5,0.8491,0
198,6.6066,60.5,0.0,375.3,166.1,0.8747,0
199,6.64,64.4,0.7,375.0,165.5,0.7542,0
200,6.6733,60.5,0.0,367.5,164.3,0.6954,0
201,6.7067,60.3,0.0,372.1,164.9,0.5298,0
202,6.7401,59.6,0.0,370.7,164.6,0.665,0
203,6.7734,46.3,2.4,377.1,164.3,0.5021,0
204,6.8068,54.0,1.8,380.0,163.6,0.5775,0
205,6.8402,54.4,1.6,378.8,163.8,0.476,0
206,6.8735,49.6,1.1,368.3,163.7,0.7002,0
207,6.9069,42.4,2.3,355.4,165.8,0.6503,0
208,6.9403,69.7,1.9,364.6,165.1,0.7579,0
209,6.9736,45.2,1.6,358.5,166.2,0.5628,0
210,7.007,93.2,1.7,365.0,165.2,0.6889,0
211,7.0404,76.1,0.8,372.7,164.6,0.6829,0
212,7.0737,74.1,1.8,354.4,163.1,0.7398,0
213,7.1071,69.0,1.9,360.5,164.1,0.7282,0
214,7.1405,51.9,1.3,365.9,164.0,0.7182,0
215,7.1738,56.3,4.7,373.4,163.6,0.6872,0
216,7.2072,44.3,2.1,367.1,164.2,0.8232,0
217,7.2406,55.1,4.1,367.3,163.3,0.7279,0
218,7.2739,68.3,0.4,373.5,164.7,0.8369,0
219,7.3073,49.1,0.8,378.8,164.5,0.6143,0
220,7.3407,62.8,2.9,382.6,163.7,0.5999,0
221,7.374,64.5,1.6,374.6,164.2,0.6425,0
222,7.4074,50.6,0.5,368.2,164.4,0.5756,0
223,7.4408,51.4,0.8,376.8,166.0,0.5002,0
224,7.4741,67.3,0.4,362.9,166.3,0.4309,0
225,7.5075,36.0,1.9,367.9,166.3,0.7406,0
226,7.5409,55.7,0.9,369.1,165.4,0.883,0
227,7.5742,51.8,0.8,365.7,165.6,0.8472,0
228,7.6076,51.2,1.4,363.6,166.2,0.8815,0
229,7.641,49.0,1.4,361.4,166.4,0.8346,0
230,7.6743,50.7,1.3,359.2,165.3,0.8333,0
231,7.7077,40.8,0.4,362.7,166.3,0.8078,0
232,7.7411,94.6,1.8,362.6,164.7,0.8068,0
233,7.7744,59.3,0.0,368.1,165.9,0.829,0
234,7.8078,65.8,1.4,368.9,164.1,0.8371,0
235,7.8412,60.3,1.5,355.7,166.6,0.7869,0
236,7.8745,59.4,1.1,353.6,166.3,0.7196,0
237,7.9079,60.5,0.6,358.4,164.8,0.7716,0
238,7.9413,50.6,1.0,361.8,165.2,0.7502,0
239,7.9746,41.7,0.4,363.1,166.5,0.5258,0
240,8.008,44.1,2.1,356.0,166.2,0.6923,0
241,8.0414,96.5,1.8,358.4,164.3,0.8051,0
242,8.0747,19.8,0.9,360.4,166.8,0.8323,0
243,8.1081,42.0,0.6,358.0,166.2,0.7447,0
244,8.1415,56.9,0.6,360.0,165.1,0.7206,0
245,8.1748,35.9,2.9,354.1,166.3,0.6683,0
246,8.2082,26.1,1.9,348.0,166.8,0.4829,0
247,8.2416,32.2,1.2,353.0,166.8,0.5495,0
248,8.2749,115.6,0.9,359.9,165.0,0.8512,0
249,8.3083,83.4,1.8,364.3,165.1,0.7723,0
250,8.3417,62.4,1.2,355.2,166.9,0.8935,0
251,8.375,57.9,0.3,359.5,166.2,0.8944,0
252,8.4084,48.5,1.1,352.3,168.4,0.8453,0
253,8.4418,52.9,1.4,351.9,167.2,0.836,0
254,8.4751,45.1,0.9,351.0,165.7,0.8408,0
255,8.5085,75.3,1.1,354.3,165.1,0.5551,0
256,8.5419,78.6,1.5,354.6,164.8,0.6201,0
257,8.5752,55.9,1.6,366.3,165.7,0.8365,0
258,8.6086,61.6,0.6,362.5,166.0,0.6631,0
258,8.6086,56.6,1.0,364.7,167.7,0.1152,0
259,8.642,68.9,0.5,362.6,166.0,0.8346,0
260,8.6753,45.9,0.4,359.8,166.5,0.8132,0
261,8.7087,35.9,0.0,363.3,165.5,0.8077,0
262,8.7421,41.0,0.7,362.3,166.3,0.6973,0
263,8.7754,56.8,0.6,367.5,167.4,0.8718,0
264,8.8088,39.5,0.4,353.0,167.0,0.8559,0
265,8.8422,57.2,1.3,363.8,166.7,0.846,0
266,8.8755,21.8,0.5,372.2,167.4,0.6351,0
267,8.9089,52.2,0.3,368.9,166.6,0.8551,0
268,8.9423,61.9,1.0,353.7,166.1,0.7607,0
269,8.9756,34.9,0.0,343.5,168.0,0.7615,0
270,9.009,39.5,1.1,346.6,167.8,0.5836,0
271,9.0424,78.7,0.1,349.0,165.0,0.8356,0
272,9.0757,64.1,0.9,349.4,166.6,0.7582,0
273,9.1091,79.0,0.8,356.5,165.0,0.8519,0
274,9.1425,43.1,1.4,355.1,167.0,0.6107,0
275,9.1758,43.3,1.4,355.5,166.8,0.7431,0
276,9.2092,9.7,0.9,357.9,167.3,0.8024,0
277,9.2426,45.2,0.6,359.0,168.7,0.7264,0
278,9.2759,61.3,0.7,359.7,170.1,0.6507,0
279,9.3093,55.2,0.6,366.7,168.3,0.8047,0
280,9.3427,68.7,1.3,356.9,165.3,0.7558,0
281,9.376,52.0,1.6,356.8,165.8,0.6525,0
282,9.4094,56.0,1.0,362.7,167.1,0.6476,0
283,9.4428,46.2,2.0,352.6,164.9,0.4591,0
284,9.4761,39.4,2.2,355.7,165.1,0.1449,0
285,9.5095,77.8,2.6,354.6,164.8,0.4823,0
286,9.5429,71.9,1.0,360.1,165.6,0.8182,0
287,9.5762,80.4,2.4,363.5,166.0,0.7985,0
288,9.6096,49.5,0.1,364.4,167.3,0.7041,0
289,9.643,59.1,0.9,367.4,167.2,0.8175,0
290,9.6763,39.6,1.3,374.8,166.3,0.6623,0
291,9.7097,33.3,1.3,360.1,166.8,0.5133,0
292,9.7431,71.2,2.2,361.5,164.9,0.6348,0
293,9.7764,50.9,0.7,353.8,166.4,0.7807,0
294,9.8098,44.2,0.8,354.5,165.5,0.7105,0
295,9.8432,34.3,1.2,356.0,167.5,0.4774,0
296,9.8765,54.1,1.5,355.8,166.4,0.7951,0
297,9.9099,70.3,2.0,359.5,163.9,0.8248,0
297,9.9099,49.1,2.0,362.5,165.5,0.1366,0
298,9.9433,83.7,1.5,360.6,163.4,0.7166,0
299,9.9766,72.0,1.3,360.9,165.9,0.7219,0
299,9.9766,54.2,1.6,364.1,167.0,0.1491,0
300,10.01,77.8,2.2,360.2,166.0,0.5141,0
301,10.0434,52.3,1.4,361.6,166.2,0.7737,0
302,10.0767,55.7,1.1,362.0,164.5,0.7691,0
303,10.1101,80.5,1.6,357.6,164.3,0.7969,0
304,10.1435,72.6,1.5,360.1,165.2,0.6003,0
305,10.1768,47.4,1.4,356.5,167.5,0.3876,0
306,10.2102,58.8,1.4,354.7,166.2,0.595,0
307,10.2436,59.3,1.8,353.5,166.2,0.734,0
308,10.2769,49.5,2.4,365.2,167.0,0.8573,0
309,10.3103,71.0,1.0,364.0,166.8,0.8638,0
310,10.3437,72.4,1.2,364.3,165.8,0.753,0
311,10.377,58.7,2.6,355.7,166.2,0.7156,0
312,10.4104,78.8,1.0,364.1,167.3,0.8207,0
313,10.4438,55.0,1.0,368.4,169.3,0.8762,0
314,10.4771,65.9,0.9,356.7,166.7,0.6588,0
315,10.5105,71.8,1.8,356.6,166.0,0.7448,0
316,10.5439,55.4,1.5,360.1,165.2,0.8416,0
317,10.5772,52.0,1.1,352.2,165.2,0.8698,0
318,10.6106,83.4,2.2,353.7,165.1,0.8641,0
319,10.644,55.3,0.9,360.9,166.0,0.8589,0
320,10.6773,49.1,3.7,360.3,165.0,0.7249,0
321,10.7107,56.3,1.7,354.6,164.9,0.776,0
322,10.7441,52.9,3.0,357.0,165.3,0.7491,0
323,10.7774,67.7,2.0,360.2,164.9,0.7076,0
323,10.7774,80.9,1.7,357.0,163.2,0.1852,0
324,10.8108,77.1,2.1,358.8,163.6,0.7613,0
325,10.8442,64.1,2.2,354.3,165.4,0.8891,0
326,10.8775,55.3,1.9,353.8,164.5,0.8571,0
327,10.9109,44.2,1.2,353.8,164.8,0.6895,0
328,10.9443,67.9,1.4,355.0,165.8,0.8116,0
329,10.9776,49.1,1.1,354.3,166.6,0.8439,0
330,11.011,31.7,0.8,361.3,167.2,0.7751,0
331,11.0444,43.2,1.2,362.8,166.3,0.777,0
332,11.0777,64.8,2.9,357.4,163.5,0.8486,0
333,11.1111,46.9,1.3,353.4,164.3,0.7454,0
334,11.1445,50.1,2.7,354.4,165.2,0.77,0
335,11.1778,46.6,1.2,352.0,166.1,0.7198,0
336,11.2112,43.7,1.5,356.7,165.4,0.7442,0
337,11.2446,54.6,1.8,360.3,167.1,0.5507,0
338,11.2779,73.8,2.0,362.7,166.4,0.617,0
339,11.3113,71.7,0.9,370.0,165.4,0.5577,0
340,11.3447,89.1,0.2,366.9,163.4,0.4306,0
341,11.378,72.9,2.3,355.4,165.3,0.4372,0
342,11.4114,69.7,1.4,358.7,164.4,0.7612,0
343,11.4448,75.3,0.5,372.1,164.9,0.8745,0
344,11.4781,89.6,1.5,383.9,163.9,0.7835,0
345,11.5115,54.6,0.9,365.0,167.3,0.8043,0
346,11.5449,57.8,1.6,368.0,165.4,0.7615,0
347,11.5782,67.7,0.8,368.1,164.9,0.8082,0
348,11.6116,61.6,1.8,354.9,166.1,0.8076,0
349,11.645,48.2,1.1,362.9,165.7,0.8246,0
350,11.6783,51.4,1.3,360.6,164.6,0.8755,0
351,11.7117,43.1,0.3,361.4,166.4,0.7931,0
352,11.7451,47.3,0.8,358.5,166.5,0.7976,0
353,11.7784,14.8,0.7,362.2,165.5,0.6714,0
354,11.8118,26.2,1.6,355.3,167.1,0.4307,0
355,11.8452,62.3,1.9,356.7,166.2,0.6806,0
356,11.8785,73.6,1.2,360.9,165.2,0.7301,0
357,11.9119,60.2,1.7,366.8,164.0,0.6629,0
358,11.9453,66.0,3.5,366.8,164.5,0.6546,0
359,11.9786,90.8,6.2,357.1,164.8,0.7587,0
360,12.012,46.6,1.4,353.8,165.7,0.4497,0
360,12.012,73.8,1.2,352.6,164.3,0.2225,0
361,12.0454,49.6,3.0,356.2,164.9,0.3609,0
362,12.0787,93.9,2.8,363.0,162.6,0.8048,0
363,12.1121,74.7,2.0,362.9,165.8,0.554,0
364,12.1455,61.5,2.5,355.0,165.9,0.8053,0
365,12.1788,51.9,1.3,353.5,165.2,0.7155,0
366,12.2122,76.6,1.9,356.0,164.0,0.6304,0
367,12.2456,56.4,1.2,363.8,164.7,0.8056,0
368,12.2789,64.4,3.0,361.1,164.4,0.7144,0
369,12.3123,28.1,1.1,351.3,166.2,0.8545,0
370,12.3457,53.6,1.7,353.7,167.2,0.8706,0
371,12.379,61.1,1.1,353.8,165.9,0.7204,0
372,12.4124,35.3,3.4,360.5,166.5,0.5664,0
373,12.4458,43.0,1.9,364.4,165.8,0.6979,0
374,12.4791,38.7,1.0,350.8,166.5,0.8467,0
375,12.5125,46.8,1.2,353.9,165.8,0.8053,0
376,12.5459,35.5,0.6,356.5,165.5,0.6122,0
377,12.5792,75.6,1.0,363.6,164.1,0.7712,0
378,12.6126,32.2,1.2,359.1,167.9,0.7561,0
379,12.646,30.3,1.3,362.7,166.6,0.6758,0
380,12.6793,51.5,1.2,360.7,166.1,0.8064,0
381,12.7127,54.8,2.6,355.3,163.9,0.6598,0
382,12.7461,49.6,2.1,362.8,164.9,0.8684,0
383,12.7794,49.0,4.4,369.5,164.1,0.8211,0
384,12.8128,28.7,1.7,372.6,169.5,0.7477,0
385,12.8462,32.3,1.2,366.5,168.3,0.6938,0
386,12.8795,56.6,1.6,349.6,166.3,0.718,0
387,12.9129,46.8,1.8,350.9,166.3,0.8593,0
388,12.9463,38.6,0.7,357.3,166.1,0.8078,0
389,12.9796,50.4,0.0,366.7,165.3,0.8313,0
390,13.013,36.0,1.3,360.8,170.0,0.6451,0
391,13.0464,44.0,2.3,355.9,169.3,0.66,0
392,13.0797,69.0,1.1,358.7,165.2,0.8587,0
392,13.0797,40.1,1.1,361.3,166.2,0.1273,0
393,13.1131,67.7,0.0,360.6,163.3,0.777,0
394,13.1465,78.1,3.7,358.8,162.3,0.534,0
395,13.1798,47.6,1.4,357.1,165.7,0.7639,0
396,13.2132,57.1,3.4,362.6,166.8,0.7856,0
397,13.2466,53.5,0.6,362.0,165.9,0.6859,0
398,13.2799,53.4,1.1,365.2,165.0,0.8022,0
399,13.3133,75.9,0.7,365.8,166.4,0.6487,0
400,13.3467,35.0,1.7,373.0,169.2,0.8286,0
401,13.38,30.8,1.3,364.7,170.8,0.6735,0
402,13.4134,66.9,1.5,367.5,163.8,0.8621,0
403,13.4468,90.5,1.8,360.4,163.4,0.7365,0
404,13.4801,74.4,1.8,365.7,165.2,0.5265,0
405,13.5135,53.0,1.6,368.2,165.6,0.7522,0
406,13.5469,59.7,1.8,373.4,165.7,0.8831,0
407,13.5802,63.1,1.5,372.0,167.3,0.6269,0
408,13.6136,57.9,2.4,357.4,168.2,0.6482,0
409,13.647,58.5,2.1,357.6,168.2,0.6704,0
410,13.6803,56.5,1.6,358.2,167.9,0.6179,0
411,13.7137,57.2,1.5,364.5,166.6,0.5466,0
412,13.7471,53.7,2.3,366.9,168.1,0.757,0
413,13.7804,46.8,1.5,353.2,167.0,0.6709,0
414,13.8138,56.1,2.0,355.6,167.3,0.4703,0
415,13.8472,59.7,1.7,357.3,171.2,0.4425,0
416,13.8805,31.5,0.9,348.4,171.0,0.6063,0
417,13.9139,44.6,1.4,347.3,168.7,0.4686,0
418,13.9473,37.5,1.4,350.4,172.7,0.6494,0
419,13.9806,31.0,2.0,355.7,170.1,0.4718,0
420,14.014,35.9,0.6,363.2,168.5,0.8577,0
421,14.0474,74.1,1.9,362.5,165.5,0.7785,0
422,14.0807,65.4,2.1,368.8,166.0,0.6622,0
423,14.1141,53.6,2.2,369.7,167.3,0.8082,0
424,14.1475,51.5,2.1,368.3,165.2,0.8083,0
425,14.1808,55.2,3.9,371.2,165.4,0.805,0
426,14.2142,61.7,3.0,376.3,165.3,0.8502,0
427,14.2476,52.2,3.4,394.1,166.9,0.8075,0
428,14.2809,40.6,1.0,399.6,168.9,0.7905,0
429,14.3143,58.8,1.5,364.2,165.7,0.8012,0
429,14.3143,70.1,1.5,361.7,164.7,0.3143,0
430,14.3477,65.5,2.0,365.8,167.5,0.8223,0
431,14.381,47.8,1.7,369.0,169.0,0.8519,0
432,14.4144,39.3,0.6,363.6,168.1,0.7816,0
433,14.4478,39.8,0.2,363.7,169.7,0.7253,0
434,14.4811,43.4,1.5,361.5,166.6,0.7696,0
435,14.5145,57.5,1.0,357.4,175.1,0.6827,0
436,14.5479,33.0,0.8,363.5,179.5,0.4886,0
437,14.5812,61.2,0.7,362.3,173.4,0.5844,0
438,14.6146,47.6,0.1,366.1,166.8,0.4551,0
439,14.648,43.2,1.2,360.9,165.8,0.549,0
440,14.6813,45.1,2.5,359.0,165.5,0.5267,0
441,14.7147,38.9,2.1,361.6,165.6,0.765,0
442,14.7481,28.8,1.6,359.6,166.1,0.7966,0
443,14.7814,35.5,2.6,361.3,169.7,0.6197,0
444,14.8148,46.6,1.0,366.5,166.8,0.7673,0
445,14.8482,42.0,1.5,375.5,171.4,0.8911,0
446,14.8815,40.4,1.8,365.0,167.8,0.7141,0
447,14.9149,41.5,2.1,362.2,167.2,0.6629,0
448,14.9483,42.4,2.1,363.8,168.0,0.5354,0
449,14.9816,67.4,2.4,365.6,166.6,0.4209,0
450,15.015,73.5,3.7,374.6,165.4,0.2497,0
451,15.0484,42.5,0.9,370.6,169.1,0.1877,0
452,15.0817,39.1,1.9,364.2,167.9,0.3172,0
453,15.1151,66.2,1.7,366.1,166.8,0.608,0
454,15.1485,65.2,1.6,364.9,167.7,0.6123,0
455,15.1818,62.8,1.9,364.1,165.7,0.7263,0
456,15.2152,46.7,2.1,362.2,170.5,0.7462,0
457,15.2486,54.8,1.6,356.2,168.8,0.729,0
458,15.2819,52.0,1.1,359.3,167.9,0.7998,0
459,15.3153,46.4,2.6,359.6,168.4,0.4686,0
460,15.3487,107.4,0.8,367.8,164.6,0.8624,0
461,15.382,52.3,0.7,370.8,166.0,0.8009,0
462,15.4154,55.7,1.8,357.7,167.1,0.4073,0
463,15.4488,45.0,1.6,356.4,165.5,0.7383,0
464,15.4821,74.1,1.5,351.4,165.8,0.5406,0
465,15.5155,79.7,0.8,360.2,165.8,0.6756,0
466,15.5489,84.7,1.4,358.1,163.9,0.7872,0
467,15.5822,67.9,1.1,352.3,164.8,0.71,0
468,15.6156,69.2,0.4,351.0,164.8,0.7662,0
469,15.649,96.2,2.4,351.5,163.4,0.8005,0
470,15.6823,46.3,0.9,353.2,164.6,0.7612,0
471,15.7157,42.2,1.8,352.5,169.8,0.8402,0
472,15.7491,42.5,1.0,351.6,167.1,0.833,0
473,15.7824,28.0,0.5,356.4,166.6,0.7731,0
474,15.8158,18.7,0.3,362.5,166.1,0.8515,0
475,15.8492,62.7,0.0,364.3,166.8,0.7367,0
476,15.8825,84.8,1.5,372.9,171.5,0.8178,0
477,15.9159,52.5,1.4,371.7,169.6,0.8285,0
478,15.9493,46.5,1.7,352.8,166.1,0.7541,0
479,15.9826,64.2,2.9,360.7,166.2,0.5519,0
480,16.016,60.3,1.7,372.5,164.7,0.6249,0
481,16.0494,100.6,3.2,358.3,165.0,0.6838,0
482,16.0827,94.5,0.9,359.2,164.7,0.5705,0
483,16.1161,88.0,1.1,355.6,165.0,0.702,0
484,16.1495,54.2,1.1,360.1,164.9,0.4963,0
484,16.1495,37.1,1.5,363.6,165.4,0.4617,0
485,16.1828,56.1,0.5,364.5,166.9,0.8374,0
486,16.2162,88.1,1.5,360.3,165.2,0.767,0
487,16.2496,55.5,1.0,359.7,166.1,0.7574,0
488,16.2829,47.5,1.3,352.4,164.8,0.6669,0
489,16.3163,41.4,1.8,355.9,166.1,0.6313,0
490,16.3497,62.4,5.2,352.2,163.9,0.6931,0
491,16.383,35.4,2.0,355.5,166.8,0.6121,0
492,16.4164,34.4,0.8,359.1,169.6,0.8226,0
493,16.4498,28.6,0.8,367.0,172.2,0.7359,0
494,16.4831,8.1,0.0,369.9,169.7,0.5558,0
495,16.5165,0.0,0.6,364.3,167.2,0.5077,0
496,16.5499,1.5,1.1,357.9,168.9,0.4611,0
497,16.5832,61.8,0.9,358.3,165.5,0.6557,0
498,16.6166,44.9,1.4,354.8,165.5,0.6339,0
499,16.65,24.6,1.3,357.9,168.1,0.6668,0
500,16.6833,45.1,1.1,362.5,165.5,0.8981,0
500,16.6833,31.4,75.2,79.4,180.5,0.2557,0
501,16.7167,104.6,0.8,360.9,164.5,0.8907,0
502,16.7501,56.1,2.3,353.9,165.0,0.81,0
503,16.7834,27.3,1.6,356.7,170.0,0.8085,0
504,16.8168,47.8,0.7,359.6,170.4,0.8465,0
505,16.8502,76.2,1.7,365.0,170.2,0.8891,0
506,16.8835,67.4,1.4,354.4,167.2,0.9151,0
507,16.9169,32.8,0.9,362.3,169.4,0.7485,0
508,16.9503,51.2,0.0,359.9,167.9,0.8861,0
509,16.9836,40.8,0.2,361.3,166.8,0.8754,0
510,17.017,67.2,0.0,361.5,164.2,0.9055,0
511,17.0504,68.7,0.7,364.7,165.8,0.8002,0
512,17.0837,48.8,0.5,369.5,166.1,0.7864,0
513,17.1171,94.4,2.5,352.6,164.2,0.8454,0
514,17.1505,62.1,1.3,359.4,164.6,0.8903,0
515,17.1838,66.8,1.7,359.9,164.1,0.8365,0
516,17.2172,62.4,0.7,369.4,165.2,0.8095,0
517,17.2506,,,,,,
518,17.2839,58.3,1.5,352.4,168.1,0.2927,0
519,17.3173,48.2,0.7,361.9,166.6,0.8128,0
520,17.3507,42.4,2.1,367.8,167.0,0.6379,0
521,17.384,42.0,1.0,355.8,168.5,0.8617,0
522,17.4174,38.6,1.3,359.0,168.3,0.7599,0
523,17.4508,49.1,1.1,369.7,166.4,0.7891,0
524,17.4841,30.7,0.8,373.4,165.6,0.8539,0
525,17.5175,55.0,1.8,357.7,167.0,0.7244,0
526,17.5509,46.3,1.4,365.4,166.3,0.8623,0
526,17.5509,53.9,1.3,362.4,165.1,0.1989,0
527,17.5842,70.0,0.7,375.5,166.1,0.7978,0
528,17.6176,70.3,0.1,391.3,164.7,0.8548,0
529,17.651,70.4,2.0,365.0,163.6,0.709,0
530,17.6843,55.7,1.0,364.0,164.1,0.8535,0
531,17.7177,78.4,1.6,366.9,163.2,0.8194,0
532,17.7511,49.4,1.5,360.9,166.0,0.7003,0
533,17.7844,12.6,4.4,363.8,167.9,0.7328,0
534,17.8178,38.4,0.5,368.4,173.0,0.7907,0
535,17.8512,50.9,1.4,356.3,166.6,0.7371,0
536,17.8845,45.7,1.2,366.4,166.7,0.7511,0
537,17.9179,46.0,1.3,363.7,167.2,0.8934,0
538,17.9513,56.3,0.1,366.7,167.8,0.8596,0
539,17.9846,52.3,0.0,368.9,167.3,0.8526,0
540,18.018,44.7,0.8,371.8,169.0,0.7709,0
541,18.0514,60.3,4.0,362.2,164.0,0.2324,0
542,18.0847,49.6,2.4,370.5,164.5,0.6753,0
543,18.1181,55.5,0.7,375.4,165.0,0.8353,0
544,18.1515,46.5,0.5,368.3,164.9,0.7591,0
545,18.1848,62.9,2.0,373.4,164.8,0.8766,0
546,18.2182,33.8,1.6,354.8,166.0,0.8187,0
547,18.2516,39.0,1.4,354.0,166.5,0.8342,0
548,18.2849,36.9,1.8,364.5,167.7,0.8402,0
549,18.3183,48.1,1.7,368.5,166.7,0.88,0
550,18.3517,39.7,1.4,358.0,167.1,0.8931,0
551,18.385,45.7,0.2,364.6,167.1,0.8561,0
552,18.4184,55.8,0.6,368.7,167.5,0.8916,0
553,18.4518,73.1,2.8,360.0,165.7,0.7749,0
554,18.4851,64.8,0.0,362.8,168.0,0.8966,0
555,18.5185,37.5,0.0,363.3,170.0,0.8797,0
556,18.5519,40.7,2.1,361.2,166.2,0.7839,0
557,18.5852,53.7,0.8,372.3,165.2,0.8374,0
558,18.6186,55.1,0.4,373.8,165.6,0.8831,0
559,18.652,50.0,1.9,354.3,164.8,0.7552,0
560,18.6853,64.6,1.1,363.2,166.6,0.8642,0
561,18.7187,51.5,0.4,367.5,168.9,0.8576,0
562,18.7521,60.6,3.5,359.8,165.9,0.8061,0
563,18.7854,79.4,3.3,365.3,165.2,0.7147,0
564,18.8188,68.0,5.0,362.8,166.3,0.6641,0
565,18.8522,91.3,3.6,359.4,164.1,0.5016,0
566,18.8855,46.6,1.6,361.5,166.9,0.8857,0
567,18.9189,46.0,1.4,362.8,167.0,0.7995,0
568,18.9523,56.6,1.4,367.6,167.3,0.8691,0
569,18.9856,54.4,6.5,370.0,164.5,0.7733,0
570,19.019,36.4,2.3,363.9,176.8,0.6389,0
571,19.0524,19.7,2.2,364.5,170.4,0.7457,0
572,19.0857,20.0,1.1,368.6,169.7,0.7085,0
573,19.1191,43.7,1.4,360.6,169.3,0.651,0
574,19.1525,60.5,1.4,365.1,168.0,0.8251,0
575,19.1858,50.8,1.5,367.4,173.5,0.8068,0
576,19.2192,53.5,1.9,366.2,172.0,0.846,0
577,19.2526,40.2,1.7,362.7,171.2,0.6728,0
578,19.2859,47.7,1.7,361.4,172.4,0.7361,0
579,19.3193,43.5,2.5,365.4,174.9,0.4952,0
580,19.3527,46.1,1.2,364.6,171.3,0.6393,0
581,19.386,59.6,0.8,366.8,172.6,0.5753,0
582,19.4194,54.5,0.0,364.3,170.7,0.64,0
583,19.4528,36.1,0.5,364.6,173.2,0.7419,0
584,19.4861,49.7,2.1,366.8,167.7,0.6915,0
585,19.5195,69.3,2.0,364.1,165.8,0.6434,0
586,19.5529,49.0,3.6,361.7,165.4,0.8099,0
586,19.5529,31.7,1.8,365.7,167.4,0.2771,0
587,19.5862,51.1,1.1,358.2,171.1,0.6252,0
588,19.6196,76.4,0.5,358.7,169.8,0.8475,0
589,19.653,37.3,1.9,358.1,169.1,0.6512,0
590,19.6863,45.2,2.1,362.3,170.6,0.2432,0
591,19.7197,41.1,2.3,355.7,172.6,0.3643,0
592,19.7531,35.6,1.2,375.8,185.9,0.6605,0
593,19.7864,31.4,0.6,376.2,172.8,0.7022,0
594,19.8198,35.4,0.9,369.1,167.1,0.8702,0
595,19.8532,39.2,0.4,360.7,168.9,0.7104,0
596,19.8865,38.3,0.0,360.1,170.1,0.5856,0
597,19.9199,43.5,0.5,356.3,171.3,0.3212,0
598,19.9533,44.0,2.6,352.4,170.6,0.1768,0
599,19.9866,57.1,1.8,357.7,170.0,0.2772,0
600,20.02,49.4,1.7,355.6,172.4,0.4229,0
601,20.0534,50.7,3.7,353.8,171.1,0.6353,0
602,20.0867,35.2,1.8,358.4,181.7,0.7324,0
603,20.1201,10.2,2.3,364.1,187.2,0.7946,0
604,20.1535,49.5,0.8,353.9,172.9,0.7198,0
605,20.1868,33.6,0.5,356.4,171.0,0.6371,0
606,20.2202,37.6,1.8,363.4,170.8,0.6521,0
607,20.2536,17.8,0.5,361.3,180.8,0.4686,0
608,20.2869,47.9,1.3,358.9,186.1,0.1936,0
609,20.3203,56.2,1.7,352.8,190.9,0.4594,0
610,20.3537,52.7,1.1,351.0,188.0,0.4418,0
611,20.387,42.7,0.4,353.6,182.1,0.4853,0
612,20.4204,50.8,1.3,354.0,171.3,0.6912,0
613,20.4538,51.0,2.1,352.0,177.5,0.6993,0
614,20.4871,75.0,1.9,353.6,176.7,0.5223,0
614,20.4871,47.8,2.1,356.4,186.4,0.3047,0
615,20.5205,48.4,2.2,357.7,182.3,0.5008,0
616,20.5539,35.2,1.4,367.8,195.5,0.3728,0
617,20.5872,71.4,2.0,364.0,176.9,0.6545,0
618,20.6206,85.6,3.0,355.7,174.2,0.6224,0
619,20.654,85.9,2.1,359.1,170.8,0.6046,0
620,20.6873,12.3,1.4,361.9,177.7,0.6611,0
621,20.7207,49.6,1.3,367.9,171.1,0.6561,0
622,20.7541,37.2,1.3,361.9,168.8,0.7809,0
623,20.7874,82.1,1.6,356.2,165.8,0.8246,0
624,20.8208,75.8,1.5,357.9,166.9,0.6838,0
625,20.8542,51.5,0.8,351.5,166.4,0.8518,0
626,20.8875,44.2,0.0,353.0,169.1,0.7551,0
627,20.9209,51.7,1.5,360.6,167.9,0.7966,0
628,20.9543,92.2,2.2,359.1,164.4,0.798,0
629,20.9876,51.4,1.5,354.2,167.2,0.7474,0
630,21.021,74.8,1.7,357.5,166.0,0.877,0
631,21.0544,88.8,1.8,357.7,168.3,0.6887,0
632,21.0877,41.7,1.3,364.4,178.2,0.5778,0
633,21.1211,43.7,1.6,353.7,172.9,0.5535,0
634,21.1545,37.0,1.0,354.8,173.7,0.6729,0
635,21.1878,56.5,4.3,359.2,167.7,0.6632,0
636,21.2212,61.6,3.3,359.8,169.0,0.8368,0
637,21.2546,44.2,1.2,365.3,169.3,0.8647,0
638,21.2879,45.0,1.1,368.9,169.2,0.7663,0
639,21.3213,60.0,0.0,367.1,168.7,0.8652,0
640,21.3547,35.3,3.4,355.6,166.7,0.6416,0
641,21.388,52.9,4.3,360.7,167.7,0.7659,0
641,21.388,35.6,2.7,364.5,168.4,0.2312,0
642,21.4214,67.9,2.0,362.1,177.0,0.5268,0
643,21.4548,49.7,2.2,355.0,169.2,0.706,0
644,21.4881,44.2,1.6,351.9,169.7,0.7942,0
645,21.5215,81.2,2.3,351.1,167.1,0.7642,0
646,21.5549,70.4,1.5,351.2,167.1,0.8199,0
647,21.5882,38.5,1.4,355.8,167.2,0.8577,0
648,21.6216,38.5,0.8,359.4,166.5,0.77,0
649,21.655,50.9,1.7,359.5,167.6,0.5136,0
650,21.6883,19.4,0.9,360.8,174.3,0.7683,0
651,21.7217,30.7,2.2,359.1,169.8,0.6456,0
652,21.7551,38.4,4.0,354.5,170.8,0.7352,0
653,21.7884,58.7,1.8,350.9,169.7,0.7043,0
654,21.8218,46.0,1.3,352.9,169.3,0.8159,0
655,21.8552,88.4,2.4,361.0,167.1,0.7137,0
656,21.8885,72.5,2.6,369.2,165.6,0.8414,0
657,21.9219,51.2,0.8,373.3,168.0,0.8258,0
658,21.9553,32.3,0.1,348.6,168.5,0.853,0
659,21.9886,25.2,0.6,351.7,176.0,0.8728,0
660,22.022,38.9,0.4,355.5,170.3,0.8338,0
661,22.0554,47.0,1.0,351.0,168.0,0.6173,0
662,22.0887,90.8,1.1,353.9,165.1,0.7829,0
663,22.1221,74.0,0.0,359.9,168.1,0.8446,0
664,22.1555,82.5,3.0,367.9,163.8,0.7188,0
665,22.1888,85.2,1.9,371.6,165.1,0.7628,0
666,22.2222,107.8,2.1,368.0,165.6,0.8576,0
667,22.2556,62.3,2.4,376.9,166.1,0.8609,0
668,22.2889,80.9,2.5,363.9,164.7,0.8292,0
669,22.3223,46.0,1.3,364.3,169.5,0.8652,0
670,22.3557,38.6,1.8,369.7,171.6,0.7389,0
670,22.3557,49.5,1.6,365.2,170.2,0.5572,0
671,22.389,57.4,1.9,355.2,168.9,0.7287,0
672,22.4224,73.2,2.1,365.1,166.6,0.7922,0
673,22.4558,48.6,2.8,360.6,167.7,0.8208,0
674,22.4891,42.2,2.0,357.7,167.4,0.8287,0
675,22.5225,55.4,0.4,354.1,171.6,0.9004,0
676,22.5559,58.3,1.0,363.0,168.2,0.8962,0
677,22.5892,66.6,1.2,359.7,167.6,0.8722,0
678,22.6226,60.3,1.8,353.3,169.7,0.4347,0
679,22.656,57.9,2.0,350.9,167.8,0.5614,0
680,22.6893,79.4,2.8,352.4,165.0,0.7,0
681,22.7227,89.6,2.0,350.9,165.5,0.7753,0
682,22.7561,39.3,1.8,352.2,177.2,0.6012,0
683,22.7894,48.8,3.0,357.6,171.1,0.7355,0
684,22.8228,36.0,1.6,360.6,169.0,0.7627,0
685,22.8562,40.3,1.3,354.8,169.3,0.8275,0
686,22.8895,50.8,0.7,366.7,166.5,0.8978,0
687,22.9229,74.5,1.9,371.1,163.9,0.8035,0
688,22.9563,58.5,1.6,368.2,168.6,0.3791,0
688,22.9563,38.6,1.6,369.1,177.7,0.2598,0
689,22.9896,36.2,5.6,353.9,167.5,0.5294,0
690,23.023,53.0,1.7,357.1,168.5,0.7602,0
691,23.0564,78.6,1.7,358.0,173.5,0.6223,0
692,23.0897,80.8,1.9,354.8,171.2,0.4716,0
693,23.1231,74.1,1.7,369.0,171.1,0.3468,0
694,23.1565,53.9,2.9,372.8,169.5,0.6659,0
695,23.1898,51.9,2.1,358.5,166.9,0.6943,0
696,23.2232,68.8,2.1,362.2,165.9,0.8421,0
697,23.2566,70.5,2.1,368.8,168.4,0.703,0
698,23.2899,77.0,1.4,375.6,166.6,0.9127,0
699,23.3233,46.8,1.3,354.6,165.8,0.6396,0
700,23.3567,48.3,1.2,354.4,165.9,0.5261,0
701,23.39,42.4,1.7,359.3,168.7,0.7876,0
702,23.4234,45.8,3.3,371.7,167.9,0.7443,0
703,23.4568,46.9,2.1,372.7,167.8,0.858,0
704,23.4901,96.4,3.9,359.5,164.7,0.4613,0
705,23.5235,106.6,2.7,353.4,163.5,0.5851,0
706,23.5569,59.8,2.2,359.1,165.4,0.4904,0
707,23.5902,73.7,1.5,354.2,164.7,0.412,0
708,23.6236,51.5,1.7,352.7,169.2,0.5382,0
709,23.657,54.3,1.7,369.7,170.9,0.8346,0
710,23.6903,48.9,2.1,372.4,172.4,0.5889,0
711,23.7237,59.4,1.1,354.3,165.4,0.8064,0
712,23.7571,64.1,2.3,362.4,163.9,0.889,0
713,23.7904,93.8,2.1,366.7,166.6,0.7671,0
714,23.8238,73.7,2.3,351.8,165.6,0.1921,0
715,23.8572,83.4,2.7,354.6,165.1,0.6885,0
716,23.8905,62.3,0.3,351.0,166.6,0.8267,0
717,23.9239,54.0,1.2,356.8,168.5,0.875,0
718,23.9573,48.6,2.1,368.3,166.1,0.8897,0
719,23.9906,59.8,2.2,359.9,165.1,0.5585,0
719,23.9906,49.9,2.0,361.5,165.6,0.2778,0
720,24.024,58.9,3.0,362.4,167.6,0.4076,0
721,24.0574,104.9,1.0,366.8,168.5,0.8613,0
722,24.0907,85.1,4.0,358.3,167.3,0.8555,0
723,24.1241,94.0,1.9,356.0,168.1,0.8792,0
724,24.1575,60.9,1.5,356.1,168.6,0.5144,0
725,24.1908,62.3,1.3,360.5,170.8,0.814,0
726,24.2242,56.5,3.4,366.8,168.3,0.6696,0
727,24.2576,68.9,2.4,367.9,167.0,0.447,0
728,24.2909,101.8,0.8,366.2,166.6,0.6391,0
729,24.3243,102.6,2.0,359.4,167.3,0.6557,0
730,24.3577,73.9,2.4,360.8,169.3,0.4082,0
731,24.391,97.8,2.3,366.6,170.3,0.8227,0
732,24.4244,86.8,2.7,368.4,164.7,0.6243,0
733,24.4578,69.0,1.9,358.5,166.7,0.2647,0
734,24.4911,95.2,4.5,357.2,169.8,0.2018,0
735,24.5245,53.6,1.7,358.2,175.0,0.3178,0
736,24.5579,53.1,1.3,356.3,169.5,0.6253,0
737,24.5912,87.4,1.6,362.3,169.5,0.5792,0
738,24.6246,58.0,2.4,367.2,171.8,0.7581,0
739,24.658,37.1,1.8,351.6,168.8,0.81,0
740,24.6913,29.3,0.8,356.9,170.6,0.6194,0
741,24.7247,58.4,0.6,354.1,168.1,0.7218,0
742,24.7581,60.5,1.7,358.6,168.3,0.7893,0
743,24.7914,64.5,2.0,370.4,167.2,0.5573,0
744,24.8248,92.7,1.7,368.1,167.1,0.6114,0
745,24.8582,85.9,2.4,365.5,166.4,0.2467,0
746,24.8915,94.3,2.0,360.0,165.6,0.3738,0
747,24.9249,59.2,2.2,361.5,170.8,0.2091,0
748,24.9583,96.0,3.5,356.9,169.6,0.4132,0
749,24.9916,97.9,3.6,360.6,166.3,0.6128,0
750,25.025,95.8,0.8,360.1,166.8,0.8633,0
751,25.0584,80.2,1.6,358.0,167.2,0.5939,0
751,25.0584,85.8,1.1,356.1,166.9,0.1926,0
752,25.0917,76.0,1.2,358.4,165.7,0.8421,0
753,25.1251,81.5,1.6,360.1,168.5,0.7955,0
754,25.1585,76.9,0.0,358.2,170.6,0.8249,0
755,25.1918,64.9,0.2,360.5,170.5,0.8286,0
756,25.2252,44.8,0.0,353.1,170.1,0.745,0
757,25.2586,43.6,2.1,354.4,166.8,0.8433,0
758,25.2919,56.4,0.0,361.9,165.7,0.7836,0
759,25.3253,53.0,1.2,365.3,170.0,0.7418,0
760,25.3587,80.0,0.7,376.3,170.1,0.2094,0
761,25.392,54.3,0.0,358.8,168.0,0.6381,0
762,25.4254,39.8,1.7,352.3,168.4,0.2403,0
763,25.4588,70.8,2.2,361.7,165.6,0.7306,0
764,25.4921,74.7,0.6,371.5,169.1,0.8612,0
765,25.5255,69.4,1.4,353.3,166.0,0.8059,0
766,25.5589,94.5,2.0,358.1,165.3,0.5811,0
767,25.5922,88.7,1.5,360.4,167.5,0.6954,0
768,25.6256,73.1,4.2,360.8,170.8,0.804,0
769,25.659,86.4,1.6,371.5,169.1,0.7352,0
770,25.6923,70.0,0.4,371.5,166.9,0.8766,0
771,25.7257,75.2,1.3,358.6,168.0,0.8234,0
772,25.7591,96.5,0.7,360.7,167.5,0.8672,0
773,25.7924,87.6,1.3,368.3,166.0,0.7663,0
774,25.8258,82.2,1.8,374.9,167.0,0.6803,0
775,25.8592,61.3,0.0,382.5,168.0,0.8209,0
776,25.8925,58.7,1.0,361.5,168.5,0.5908,0
776,25.8925,55.1,1.6,365.0,169.8,0.1417,0
777,25.9259,47.8,0.6,365.1,167.8,0.8355,0
778,25.9593,58.8,1.5,368.9,167.4,0.788,0
779,25.9926,52.5,1.3,374.9,165.3,0.7621,0
780,26.026,56.4,2.0,360.7,165.1,0.7782,0
781,26.0594,73.1,1.8,356.0,163.8,0.4111,0
781,26.0594,38.8,1.9,358.7,166.4,0.1617,0
782,26.0927,45.5,1.9,353.3,170.3,0.4918,0
783,26.1261,27.9,0.4,358.3,169.0,0.5905,0
784,26.1595,34.3,0.9,364.8,166.7,0.7536,0
785,26.1928,74.5,1.9,359.9,164.9,0.8043,0
786,26.2262,66.7,0.8,359.6,168.7,0.7349,0
787,26.2596,54.9,2.6,366.8,170.1,0.7764,0
788,26.2929,56.5,1.8,363.7,173.4,0.8003,0
789,26.3263,60.2,2.2,361.0,172.1,0.5219,0
790,26.3597,32.3,4.1,368.8,169.5,0.641,0
791,26.393,94.6,2.9,371.6,166.6,0.8228,0
792,26.4264,96.3,2.0,380.5,165.4,0.6617,0
793,26.4598,68.1,4.1,381.9,167.4,0.4936,0
794,26.4931,88.5,0.9,364.6,164.8,0.5034,0
795,26.5265,72.3,1.7,359.9,166.5,0.6505,0
796,26.5599,16.0,1.2,358.7,167.7,0.3935,0
797,26.5932,86.2,3.9,362.5,165.6,0.5167,0
798,26.6266,94.5,2.7,356.5,165.8,0.4928,0
799,26.66,95.7,2.6,359.4,166.7,0.5083,0
800,26.6933,69.4,2.1,361.7,166.5,0.7544,0
801,26.7267,43.6,1.7,352.5,166.2,0.346,0
802,26.7601,42.8,0.7,353.0,166.0,0.7024,0
803,26.7934,74.2,1.2,358.0,164.4,0.6964,0
804,26.8268,117.0,1.7,358.6,165.3,0.6902,0
805,26.8602,78.3,1.9,358.8,164.6,0.5122,0
806,26.8935,75.4,0.9,366.0,165.9,0.744,0
807,26.9269,82.0,0.0,364.4,165.0,0.2937,0
808,26.9603,71.8,1.8,358.2,165.7,0.7294,0
809,26.9936,52.5,3.8,355.8,166.2,0.4586,0
810,27.027,73.3,1.8,366.0,167.9,0.5351,0
811,27.0604,105.6,1.9,369.8,165.7,0.3405,0
812,27.0937,63.1,1.9,355.7,169.7,0.3867,0
813,27.1271,58.3,2.0,357.5,167.8,0.5221,0
813,27.1271,74.4,1.6,355.8,166.2,0.2219,0
814,27.1605,91.1,3.5,362.3,169.0,0.7141,0
815,27.1938,88.6,2.4,362.9,166.3,0.584,0
816,27.2272,66.3,1.7,370.7,167.9,0.7743,0
817,27.2606,75.9,2.0,363.6,169.0,0.7171,0
818,27.2939,63.5,0.9,361.3,167.7,0.8269,0
819,27.3273,84.1,2.8,361.9,167.1,0.8417,0
820,27.3607,65.5,1.5,359.0,167.1,0.7603,0
821,27.394,65.8,0.8,361.3,169.5,0.5372,0
821,27.394,73.5,0.0,358.5,166.4,0.3798,0
822,27.4274,102.3,4.5,356.8,163.0,0.7036,0
823,27.4608,85.1,3.1,361.6,167.3,0.4616,0
824,27.4941,53.4,1.7,355.6,171.8,0.4613,0
825,27.5275,61.1,1.7,353.6,172.1,0.4779,0
826,27.5609,50.6,1.6,353.0,179.2,0.8294,0
827,27.5942,46.2,1.2,353.8,171.0,0.6728,0
828,27.6276,73.6,2.1,354.9,169.0,0.7048,0
829,27.661,84.3,3.2,353.9,165.8,0.5202,0
830,27.6943,65.1,3.4,361.9,167.3,0.7081,0
831,27.7277,73.6,3.4,369.7,170.6,0.5202,0
832,27.7611,56.8,1.7,360.5,170.9,0.7718,0
833,27.7944,97.8,0.0,358.0,168.9,0.635,0
834,27.8278,55.4,4.8,359.2,168.5,0.5569,0
835,27.8612,78.9,3.3,355.7,168.6,0.6309,0
836,27.8945,61.2,1.7,355.8,170.2,0.641,0
837,27.9279,50.4,1.9,355.5,168.3,0.6356,0
838,27.9613,87.1,2.6,353.9,166.3,0.8481,0
839,27.9946,100.4,2.3,359.4,167.9,0.7565,0
840,28.028,101.2,2.7,354.5,166.1,0.4955,0
841,28.0614,104.8,2.2,360.8,166.0,0.8732,0
842,28.0947,96.4,0.9,358.6,164.0,0.7643,0
843,28.1281,97.3,0.0,366.2,163.9,0.8869,0
844,28.1615,90.7,0.6,374.7,167.6,0.839,0
845,28.1948,91.2,0.0,379.1,169.0,0.6218,0
846,28.2282,51.3,0.0,365.9,167.9,0.7142,0
847,28.2616,76.6,0.4,362.8,167.0,0.7545,0
848,28.2949,46.5,0.8,359.9,169.8,0.813,0
849,28.3283,38.9,1.5,361.0,173.3,0.4906,0
850,28.3617,39.6,1.2,362.5,171.3,0.5419,0
851,28.395,41.9,0.9,355.9,168.1,0.3146,0
851,28.395,65.7,1.0,353.7,168.1,0.2895,0
852,28.4284,58.5,2.0,352.4,168.9,0.3814,0
853,28.4618,82.4,0.2,358.9,169.0,0.6547,0
854,28.4951,55.9,1.3,362.5,168.4,0.6843,0
855,28.5285,57.1,2.0,359.4,168.9,0.3786,0
856,28.5619,45.1,1.8,351.6,168.7,0.6739,0
857,28.5952,37.4,0.9,351.2,171.4,0.6801,0
858,28.6286,36.4,0.5,352.2,167.7,0.7786,0
859,28.662,101.2,0.0,357.8,165.6,0.3818,0
860,28.6953,78.1,1.0,360.4,166.4,0.8297,0
861,28.7287,70.1,1.4,361.9,166.8,0.7596,0
862,28.7621,51.9,0.8,365.0,167.4,0.8178,0
863,28.7954,58.3,2.3,368.1,166.3,0.8354,0
864,28.8288,34.9,1.9,358.0,166.8,0.8249,0
865,28.8622,79.0,0.1,358.8,165.6,0.7317,0
866,28.8955,76.4,0.5,362.7,166.7,0.4649,0
867,28.9289,84.8,2.1,356.4,166.0,0.7022,0
868,28.9623,63.0,1.5,351.4,166.3,0.5898,0
869,28.9956,57.1,1.9,353.0,166.3,0.4646,0
870,29.029,71.9,2.7,357.5,166.5,0.7646,0
871,29.0624,46.7,2.5,354.8,167.2,0.6545,0
872,29.0957,75.2,2.5,346.5,167.5,0.4946,0
873,29.1291,94.3,1.9,349.5,166.6,0.7965,0
874,29.1625,46.0,1.2,353.3,168.0,0.6529,0
875,29.1958,39.0,1.3,354.3,170.0,0.7661,0
876,29.2292,81.0,2.5,354.4,168.7,0.8077,0
877,29.2626,71.4,2.1,358.8,165.8,0.8468,0
878,29.2959,97.2,7.6,351.7,163.7,0.4634,0
879,29.3293,99.0,4.4,352.2,165.8,0.5366,0
880,29.3627,62.2,2.2,354.3,170.9,0.527,0
881,29.396,54.7,2.6,354.2,171.1,0.3085,0
882,29.4294,42.7,1.5,350.1,169.5,0.4867,0
883,29.4628,30.5,0.6,356.0,172.4,0.7116,0
884,29.4961,47.7,1.6,351.5,170.9,0.5463,0
885,29.5295,43.3,0.2,353.9,170.4,0.6565,0
886,29.5629,47.2,1.9,351.2,166.8,0.6135,0
887,29.5962,43.5,0.6,350.0,167.3,0.6858,0
888,29.6296,50.8,2.3,352.8,168.5,0.7186,0
889,29.663,74.6,0.3,357.3,166.6,0.7652,0
890,29.6963,57.6,0.0,361.2,167.1,0.8094,0
891,29.7297,65.6,0.4,365.9,166.7,0.6789,0
892,29.7631,21.7,1.1,358.6,176.9,0.3837,0
893,29.7964,11.8,0.9,353.2,170.6,0.7017,0
894,29.8298,38.1,1.6,362.5,169.0,0.6249,0
894,29.8298,48.0,1.9,359.9,167.9,0.1965,0
895,29.8632,50.5,1.8,363.8,169.5,0.4426,0
896,29.8965,75.3,0.8,363.0,165.4,0.6791,0
897,29.9299,77.2,0.0,365.6,164.7,0.7105,0
898,29.9633,62.0,0.3,365.3,166.6,0.4687,0
899,29.9966,82.0,2.2,368.9,164.5,0.7714,0
900,30.03,50.3,2.0,373.7,173.3,0.6359,0
901,30.0634,52.2,1.2,368.0,171.8,0.727,0
902,30.0967,74.9,1.8,365.3,167.9,0.7212,0
903,30.1301,85.8,2.4,356.6,166.1,0.6684,0
904,30.1635,65.2,1.6,359.9,168.8,0.8069,0
905,30.1968,51.7,1.9,355.0,168.5,0.5464,0
906,30.2302,44.4,1.3,357.0,170.4,0.6612,0
907,30.2636,46.7,0.9,361.7,172.9,0.5376,0
908,30.2969,40.7,0.6,358.6,174.8,0.7859,0
909,30.3303,37.5,1.1,357.9,168.5,0.7884,0
910,30.3637,43.5,2.0,361.2,167.3,0.8699,0
911,30.397,60.0,1.2,368.0,167.3,0.2507,0
912,30.4304,39.6,0.4,368.5,167.3,0.5691,0
913,30.4638,45.0,1.4,362.6,167.1,0.8296,0
914,30.4971,59.0,0.8,363.0,166.9,0.4739,0
914,30.4971,51.5,1.3,366.2,167.6,0.3304,0
915,30.5305,77.6,1.4,362.7,169.1,0.557,0
916,30.5639,80.0,1.9,360.2,168.3,0.5617,0
917,30.5972,70.5,1.0,367.7,181.8,0.7059,0
918,30.6306,52.7,1.5,360.6,170.4,0.3258,0
919,30.664,84.2,1.6,358.7,165.9,0.7159,0
920,30.6973,74.5,2.1,356.2,164.1,0.6699,0
921,30.7307,84.2,1.2,358.0,165.4,0.8311,0
922,30.7641,51.7,0.6,360.1,165.0,0.7125,0
923,30.7974,96.0,1.6,374.2,169.4,0.7177,0
924,30.8308,77.7,1.1,382.4,165.7,0.6151,0
925,30.8642,84.7,2.4,370.5,167.8,0.5212,0
926,30.8975,69.4,1.8,359.2,167.2,0.8673,0
927,30.9309,84.4,1.0,358.4,167.3,0.8658,0
928,30.9643,91.6,1.5,366.6,167.3,0.7698,0
929,30.9976,80.0,1.7,365.1,168.0,0.7806,0
930,31.031,63.9,2.5,357.7,167.0,0.8529,0
931,31.0644,50.4,0.8,354.2,167.7,0.822,0
932,31.0977,30.1,1.0,360.1,169.6,0.4655,0
933,31.1311,38.7,1.8,362.7,167.6,0.3409,0
933,31.1311,16.9,1.6,365.3,169.6,0.3203,0
934,31.1645,43.2,1.4,378.9,168.7,0.7533,0
935,31.1978,56.6,1.8,388.1,166.4,0.7472,0
936,31.2312,47.8,0.0,378.6,166.9,0.8839,0
937,31.2646,61.5,0.0,369.5,167.1,0.8242,0
938,31.2979,53.5,0.0,361.8,165.6,0.8954,0
939,31.3313,21.0,0.2,360.7,166.4,0.7424,0
940,31.3647,44.7,0.9,360.7,168.8,0.5695,0
941,31.398,58.4,1.8,361.5,168.9,0.7942,0
942,31.4314,87.1,3.5,366.9,166.2,0.633,0
943,31.4648,83.5,0.0,366.5,168.3,0.7382,0
944,31.4981,48.2,0.1,362.1,169.2,0.8185,0
945,31.5315,86.2,0.5,367.1,168.3,0.8553,0
946,31.5649,97.5,2.0,365.8,167.9,0.8441,0
947,31.5982,60.7,0.6,364.0,169.6,0.6823,0
948,31.6316,57.7,0.0,371.1,166.9,0.8687,0
949,31.665,61.6,1.5,361.9,165.9,0.8519,0
950,31.6983,45.2,1.6,364.2,166.1,0.8849,0
951,31.7317,30.8,1.3,358.7,167.7,0.8095,0
952,31.7651,44.5,1.4,360.6,170.8,0.4003,0
953,31.7984,89.1,2.5,363.0,173.7,0.3036,0
954,31.8318,68.6,1.9,362.7,173.1,0.8505,0
955,31.8652,91.8,1.4,368.1,168.9,0.8544,0
956,31.8985,57.6,1.7,363.9,175.7,0.6407,0
957,31.9319,61.7,1.8,359.3,168.8,0.5162,0
958,31.9653,87.9,2.7,362.3,168.2,0.8184,0
959,31.9986,72.4,0.5,368.5,167.9,0.7969,0
960,32.032,71.5,0.7,364.4,167.6,0.7916,0
961,32.0654,88.2,1.5,362.8,167.9,0.7805,0
962,32.0987,85.7,2.6,355.3,165.8,0.6338,0
963,32.1321,77.9,2.2,358.3,165.9,0.6329,0
964,32.1655,68.6,2.3,362.5,168.0,0.2604,0
964,32.1655,77.2,2.4,359.6,167.4,0.1459,0
965,32.1988,43.0,0.8,359.5,171.0,0.4493,0
966,32.2322,54.1,1.3,358.6,169.1,0.7254,0
967,32.2656,35.9,0.9,364.7,168.8,0.5585,0
968,32.2989,60.1,1.8,368.2,167.6,0.6972,0
969,32.3323,88.9,1.9,375.9,167.9,0.6504,0
970,32.3657,64.6,2.7,376.7,167.6,0.6283,0
971,32.399,79.4,1.7,379.7,171.4,0.4871,0
972,32.4324,70.0,1.7,362.0,170.3,0.2884,0
973,32.4658,82.6,2.6,372.6,168.1,0.6115,0
974,32.4991,77.3,2.8,370.5,167.0,0.7078,0
975,32.5325,58.1,1.0,369.9,170.4,0.4599,0
976,32.5659,97.3,0.5,366.4,167.1,0.6409,0
977,32.5992,87.9,4.6,383.3,166.5,0.3599,0
978,32.6326,52.8,4.1,398.9,169.0,0.5149,0
979,32.666,69.3,0.0,400.1,170.0,0.7597,0
980,32.6993,57.5,0.7,387.6,167.4,0.7317,0
981,32.7327,78.9,0.2,388.9,166.4,0.8758,0
982,32.7661,60.7,4.3,370.8,165.5,0.7121,0
983,32.7994,72.6,2.2,362.0,164.3,0.739,0
984,32.8328,54.6,1.3,368.3,166.4,0.7577,0
985,32.8662,74.6,0.3,360.8,165.3,0.7783,0
986,32.8995,92.6,4.9,362.8,162.8,0.6248,0
987,32.9329,69.2,4.8,373.8,166.4,0.6665,0
988,32.9663,67.1,2.2,388.5,168.2,0.7886,0
989,32.9996,49.7,1.2,391.5,172.5,0.6852,0
990,33.033,46.1,0.8,384.6,170.0,0.8576,0
991,33.0664,103.7,2.2,361.0,164.8,0.5745,0
992,33.0997,61.6,3.7,367.5,165.7,0.6209,0
993,33.1331,66.1,2.4,367.6,167.9,0.6149,0
994,33.1665,71.8,2.2,370.9,168.2,0.5494,0
995,33.1998,58.5,2.3,353.8,171.6,0.2995,0
996,33.2332,43.8,2.0,355.6,167.8,0.3485,0
997,33.2666,94.0,3.8,358.9,164.4,0.8032,0
998,33.2999,85.5,1.1,361.3,165.3,0.7888,0
999,33.3333,49.4,0.8,383.4,170.5,0.6437,0
1000,33.3667,56.0,0.8,379.4,170.1,0.8101,0
1001,33.4,58.3,1.3,370.9,165.5,0.9041,0
1002,33.4334,45.4,1.9,377.4,167.0,0.7975,0
1003,33.4668,48.7,1.4,364.6,167.2,0.6806,0
1004,33.5001,64.3,2.6,366.5,165.3,0.7364,0
1005,33.5335,50.8,1.9,367.2,166.2,0.8141,0
1006,33.5669,45.5,0.6,365.3,167.8,0.8016,0
1007,33.6002,89.0,0.6,369.3,166.8,0.5431,0
1008,33.6336,72.4,1.2,374.7,168.3,0.3938,0
1009,33.667,101.4,2.2,369.7,166.5,0.741,0
1010,33.7003,95.5,1.5,363.6,165.6,0.7432,0
1011,33.7337,99.7,1.3,357.8,165.4,0.8309,0
1012,33.7671,85.0,0.0,368.3,170.2,0.851,0
1013,33.8004,105.5,2.3,373.3,166.5,0.8595,0
1014,33.8338,76.0,4.1,365.2,166.9,0.7625,0
1015,33.8672,95.7,2.8,365.2,165.4,0.842,0
1016,33.9005,94.7,2.6,369.5,164.8,0.8824,0
1017,33.9339,71.2,1.1,370.8,168.2,0.798,0
1018,33.9673,76.2,1.4,371.1,168.4,0.8693,0
1019,34.0006,66.9,2.0,367.3,175.7,0.4987,0
1020,34.034,87.0,2.7,364.3,172.3,0.6431,0
1021,34.0674,89.5,0.7,363.7,175.2,0.6875,0
1022,34.1007,78.6,0.4,364.4,169.9,0.7233,0
1023,34.1341,61.0,2.1,366.1,176.4,0.522,0
1024,34.1675,37.6,1.6,363.8,171.8,0.627,0
1025,34.2008,100.7,2.5,363.2,170.9,0.6418,0
1026,34.2342,64.9,0.8,365.5,169.7,0.7853,0
1027,34.2676,88.5,5.1,363.3,173.0,0.7183,0
1028,34.3009,84.1,2.2,359.3,167.4,0.6316,0
1029,34.3343,82.2,2.4,365.5,167.8,0.4795,0
1030,34.3677,66.8,2.2,352.1,169.3,0.7108,0
1031,34.401,61.0,1.9,362.6,171.5,0.6648,0
1032,34.4344,69.8,2.0,360.4,167.5,0.8161,0
1033,34.4678,67.9,2.4,364.8,173.5,0.7858,0
1034,34.5011,49.3,0.0,365.4,174.0,0.9015,0
1035,34.5345,60.1,1.8,365.8,171.2,0.883,0
1036,34.5679,45.1,1.7,365.8,174.5,0.7559,0
1037,34.6012,53.8,2.1,352.9,178.0,0.4164,0
1038,34.6346,52.7,2.1,363.6,174.7,0.4493,0
1039,34.668,64.8,3.0,362.2,168.5,0.8101,0
1040,34.7013,65.3,2.0,369.6,171.0,0.7528,0
1041,34.7347,68.4,0.9,362.6,172.0,0.8744,0
1042,34.7681,80.1,2.0,356.8,170.8,0.8811,0
1043,34.8014,82.4,0.5,359.6,176.7,0.8,0
1044,34.8348,61.5,0.4,359.6,170.8,0.7422,0
1045,34.8682,66.1,1.9,357.1,167.8,0.7829,0
1046,34.9015,90.1,1.2,364.4,167.2,0.8231,0
1047,34.9349,86.7,1.8,361.9,166.0,0.5891,0
1048,34.9683,48.3,1.5,356.8,172.2,0.3549,0
1049,35.0016,87.2,1.3,364.8,168.1,0.4702,0
1050,35.035,40.5,0.3,380.6,172.3,0.7913,0
1051,35.0684,65.6,0.2,379.9,166.0,0.7801,0
1052,35.1017,74.8,2.3,368.6,166.1,0.6595,0
1053,35.1351,68.8,3.6,370.9,164.9,0.5991,0
1054,35.1685,55.4,1.8,368.4,176.2,0.4882,0
1055,35.2018,51.4,1.8,369.3,173.6,0.6908,0
1056,35.2352,51.8,1.4,372.6,171.4,0.3561,0
1057,35.2686,49.8,1.5,379.3,170.4,0.5738,0
1058,35.3019,62.1,4.1,377.3,166.4,0.5432,0
1059,35.3353,77.7,1.4,371.5,166.7,0.6929,0
1060,35.3687,79.4,1.3,368.6,168.3,0.4611,0
1061,35.402,74.3,0.6,355.7,169.1,0.4694,0
1062,35.4354,43.7,1.0,359.9,169.2,0.3598,0
1062,35.4354,57.9,0.3,357.8,169.2,0.3175,0
1063,35.4688,84.7,0.3,362.4,168.6,0.7535,0
1064,35.5021,94.3,0.5,363.9,167.8,0.7471,0
1065,35.5355,99.5,0.1,364.4,168.4,0.7302,0
1066,35.5689,73.4,0.7,360.0,165.3,0.6749,0
1067,35.6022,57.6,1.8,357.4,167.0,0.667,0
1068,35.6356,81.8,1.8,365.4,166.8,0.8579,0
1069,35.669,69.7,2.5,368.3,166.8,0.445,0
1070,35.7023,55.2,1.8,353.7,166.6,0.5081,0
1071,35.7357,41.6,1.1,354.5,168.3,0.6746,0
1072,35.7691,38.5,0.9,358.4,169.2,0.6674,0
1073,35.8024,35.1,1.7,359.2,165.3,0.3804,0
1074,35.8358,24.8,1.0,360.9,168.6,0.5315,0
1075,35.8692,41.8,1.6,364.3,169.8,0.6799,0
1076,35.9025,40.2,2.1,363.3,172.8,0.4357,0
1077,35.9359,22.2,1.1,375.9,176.6,0.6011,0
1077,35.9359,36.7,1.3,371.4,174.5,0.2115,0
1078,35.9693,48.5,1.5,377.5,169.9,0.7119,0
1079,36.0026,52.7,1.5,358.1,171.4,0.5307,0
1080,36.036,75.1,2.2,357.5,171.8,0.5841,0
1081,36.0694,52.3,1.7,366.2,169.2,0.4792,0
1082,36.1027,85.1,2.6,372.9,166.7,0.681,0
1083,36.1361,88.2,2.8,358.2,168.9,0.7154,0
1084,36.1695,38.9,1.9,371.2,169.5,0.6652,0
1085,36.2028,56.9,1.5,364.1,168.2,0.8619,0
1086,36.2362,70.0,3.5,367.7,166.0,0.8594,0
1087,36.2696,72.5,1.1,383.8,167.4,0.8965,0
1088,36.3029,62.6,0.5,383.6,168.8,0.7517,0
1089,36.3363,62.5,0.6,363.5,167.8,0.7006,0
1090,36.3697,58.0,1.9,362.7,166.7,0.7775,0
1091,36.403,90.6,1.9,350.1,166.2,0.8046,0
1092,36.4364,73.2,1.9,352.0,171.5,0.8158,0
1093,36.4698,67.7,2.1,355.9,172.9,0.7894,0
1094,36.5031,61.4,1.3,361.3,171.1,0.8247,0
1095,36.5365,71.8,1.5,367.6,164.2,0.8176,0
1096,36.5699,94.4,1.7,356.0,164.5,0.8121,0
1097,36.6032,54.1,3.1,361.7,167.5,0.5038,0
1098,36.6366,35.4,1.6,367.5,181.9,0.4337,0
1099,36.67,,,,,,
1100,36.7033,77.0,3.8,356.3,168.4,0.5747,0
1101,36.7367,92.1,3.8,363.3,168.5,0.7492,0
1102,36.7701,93.3,2.7,359.4,167.2,0.7966,0
1103,36.8034,88.2,2.3,361.4,165.7,0.6834,0
1104,36.8368,70.7,1.2,360.8,170.4,0.7797,0
1105,36.8702,82.2,2.8,358.9,168.8,0.7784,0
1106,36.9035,72.1,0.9,360.6,170.5,0.8239,0
1107,36.9369,55.7,1.9,361.4,169.4,0.825,0
1108,36.9703,81.8,1.0,359.4,169.7,0.6215,0
1109,37.0036,76.8,2.5,362.7,166.9,0.7462,0
1110,37.037,78.4,4.8,362.4,165.5,0.7409,0
1111,37.0704,97.6,2.5,369.3,163.4,0.7804,0
1112,37.1037,66.0,1.4,371.3,178.0,0.8362,0
1113,37.1371,48.0,4.1,358.0,183.5,0.3291,0
1114,37.1705,62.2,4.3,359.3,164.9,0.5667,0
1115,37.2038,80.1,2.2,358.7,169.4,0.376,0
1116,37.2372,67.4,1.9,361.9,164.8,0.4832,0
1117,37.2706,31.4,1.0,367.3,170.6,0.4239,0
1118,37.3039,19.7,0.9,357.1,178.6,0.2983,0
1119,37.3373,44.8,1.4,364.1,175.1,0.4134,0
1120,37.3707,30.9,0.7,367.5,171.8,0.4656,0
1121,37.404,42.1,3.6,368.0,171.6,0.6563,0
1122,37.4374,87.4,2.6,360.4,166.7,0.4164,0
1123,37.4708,86.6,2.1,364.2,167.6,0.7582,0
1124,37.5041,55.4,0.6,365.9,167.3,0.6011,0
1125,37.5375,49.0,1.4,360.1,170.8,0.3377,0
1126,37.5709,35.8,1.6,361.7,176.9,0.1894,0
1127,37.6042,27.6,1.1,367.0,181.0,0.1859,0
1128,37.6376,72.9,1.4,364.2,172.4,0.3606,0
1129,37.671,74.6,1.5,352.7,169.0,0.4651,0
1130,37.7043,82.3,1.5,359.4,167.6,0.5305,0
1131,37.7377,77.4,1.2,359.9,173.1,0.5429,0
1132,37.7711,80.2,1.0,359.5,165.9,0.4188,0
1133,37.8044,87.8,2.1,373.7,166.0,0.2256,0
1134,37.8378,80.6,2.1,384.6,171.8,0.1417,0
1135,37.8712,91.3,2.5,364.1,168.1,0.143,0
1136,37.9045,64.6,2.2,357.2,178.4,0.1085,0
1137,37.9379,53.0,2.6,360.1,173.6,0.4579,0
1138,37.9713,61.9,1.6,366.6,167.8,0.438,0
1139,38.0046,61.2,2.2,360.4,168.0,0.1853,0
1140,38.038,68.0,1.9,355.5,169.1,0.5953,0
1141,38.0714,57.2,1.9,353.5,170.6,0.3279,0
1142,38.1047,67.3,1.4,361.2,165.7,0.7468,0
1143,38.1381,56.8,2.2,353.4,166.5,0.6692,0
1144,38.1715,99.3,1.9,349.9,167.7,0.7128,0
1145,38.2048,79.2,2.9,352.2,166.4,0.7993,0
1146,38.2382,72.9,1.1,358.5,169.1,0.8706,0
1147,38.2716,63.3,0.5,354.6,168.2,0.5182,0
1148,38.3049,30.2,3.1,361.6,171.7,0.4746,0
1149,38.3383,40.8,2.1,367.4,169.6,0.4588,0
1149,38.3383,47.7,2.6,364.6,168.5,0.1597,0
1150,38.3717,50.0,2.0,359.4,167.8,0.225,0
1151,38.405,65.9,2.7,359.4,171.5,0.5671,0
1152,38.4384,81.4,1.7,355.6,169.0,0.4183,0
1153,38.4718,47.1,1.3,357.3,171.0,0.6205,0
1154,38.5051,85.3,1.6,363.4,167.6,0.7649,0
1155,38.5385,91.4,3.4,358.0,167.4,0.7765,0
1156,38.5719,88.6,3.1,354.4,168.7,0.5499,0
1157,38.6052,50.2,1.6,357.0,170.0,0.6599,0
1158,38.6386,37.3,1.2,355.1,169.4,0.7224,0
1159,38.672,47.1,0.4,353.9,167.2,0.8891,0
1160,38.7053,75.4,2.2,352.1,167.6,0.4921,0
1161,38.7387,45.6,1.2,358.6,169.0,0.5164,0
1162,38.7721,60.0,1.6,354.0,167.4,0.5982,0
1163,38.8054,36.7,0.9,353.5,170.6,0.7441,0
1164,38.8388,62.6,2.1,356.2,168.7,0.7238,0
1165,38.8722,56.6,1.6,353.8,174.0,0.7565,0
1166,38.9055,76.4,1.8,356.4,166.5,0.723,0
1167,38.9389,78.4,1.7,356.9,166.6,0.6257,0
1168,38.9723,92.7,1.9,358.2,166.1,0.5727,0
1169,39.0056,80.0,2.0,353.4,169.5,0.4753,0
1170,39.039,87.4,1.9,360.3,169.1,0.6479,0
1171,39.0724,99.6,2.1,371.9,168.2,0.6712,0
1172,39.1057,55.6,1.5,376.6,172.4,0.6983,0
1173,39.1391,38.2,0.7,364.8,171.7,0.7586,0
1174,39.1725,56.1,1.2,376.0,174.4,0.775,0
1175,39.2058,62.5,0.0,367.9,171.6,0.5797,0
1176,39.2392,62.9,2.1,368.4,169.7,0.2117,0
1177,39.2726,91.8,2.3,368.5,166.6,0.7409,0
1178,39.3059,111.1,1.3,379.0,168.2,0.3445,0
1179,39.3393,68.4,1.6,357.2,173.8,0.3168,0
1180,39.3727,77.8,2.3,360.8,177.1,0.3509,0
1181,39.406,47.4,1.9,364.8,179.3,0.3546,0
1182,39.4394,44.5,1.0,373.3,172.8,0.614,0
1183,39.4728,43.0,1.4,364.0,174.7,0.1968,0
1184,39.5061,44.3,1.3,366.3,170.8,0.5563,0
1185,39.5395,28.5,0.3,363.1,170.4,0.3712,0
1186,39.5729,79.2,1.4,353.4,169.2,0.5909,0
1187,39.6062,69.5,1.7,362.0,171.5,0.6703,0
1188,39.6396,92.3,1.5,360.3,178.8,0.6524,0
1189,39.673,84.9,1.9,365.3,173.7,0.5997,0
1190,39.7063,76.3,2.7,354.3,171.3,0.2415,0
1190,39.7063,58.9,2.6,356.2,173.4,0.124,0
1191,39.7397,106.1,1.7,358.6,167.0,0.7498,0
1192,39.7731,56.4,1.2,366.2,175.7,0.1961,0
1193,39.8064,74.7,1.2,361.5,168.4,0.6514,0
1194,39.8398,84.5,1.0,356.6,167.7,0.4156,0
1194,39.8398,78.9,1.5,358.2,168.9,0.2501,0
1195,39.8732,101.9,0.8,353.6,168.3,0.4755,0
1196,39.9065,79.7,1.9,356.3,171.3,0.4113,0
1197,39.9399,71.0,2.1,357.0,171.8,0.5303,0
1198,39.9733,80.7,0.2,366.2,175.2,0.2858,0
1199,40.0066,44.8,2.5,364.2,177.3,0.3252,0
1200,40.04,74.2,3.9,363.0,183.3,0.5867,0
1201,40.0734,59.8,1.9,360.6,173.5,0.5893,0
1201,40.0734,51.8,1.6,363.9,172.1,0.2147,0
1202,40.1067,65.8,1.0,366.1,172.7,0.7229,0
1203,40.1401,72.0,0.6,358.4,170.9,0.7664,0
1204,40.1735,61.6,2.4,361.4,171.3,0.8373,0
1205,40.2068,96.8,0.8,362.5,172.1,0.7835,0
1206,40.2402,97.5,1.0,355.8,168.1,0.8408,0
1207,40.2736,99.2,1.4,357.0,169.2,0.8678,0
1208,40.3069,105.4,0.8,360.1,177.2,0.8339,0
1209,40.3403,84.9,1.0,363.6,181.9,0.7005,0
1210,40.3737,41.4,1.8,361.5,171.8,0.5177,0
1211,40.407,89.1,2.0,361.0,174.8,0.2636,0
1212,40.4404,87.8,1.8,361.0,169.1,0.6992,0
1213,40.4738,50.1,0.9,364.5,171.2,0.712,0
1214,40.5071,67.0,1.5,355.2,170.3,0.6579,0
1215,40.5405,58.3,2.3,364.2,172.3,0.4124,0
1215,40.5405,71.5,2.5,360.5,172.6,0.1372,0
1216,40.5739,52.4,0.0,364.8,169.9,0.8236,0
1217,40.6072,48.0,3.0,360.3,169.8,0.2946,0
1218,40.6406,51.1,2.2,356.9,168.9,0.5332,0
1219,40.674,33.0,1.5,361.9,175.1,0.4606,0
1220,40.7073,66.6,1.7,352.0,171.5,0.3477,0
1221,40.7407,31.3,1.4,351.6,170.0,0.4493,0
1222,40.7741,34.8,1.2,351.6,171.2,0.6314,0
1223,40.8074,35.4,1.6,356.0,172.8,0.6172,0
1224,40.8408,51.1,1.8,357.6,171.3,0.2628,0
1225,40.8742,95.2,5.2,354.6,168.5,0.4086,0
1226,40.9075,60.3,2.1,352.9,178.5,0.4741,0
1227,40.9409,79.9,2.0,355.8,175.6,0.1483,0
1228,40.9743,96.3,0.4,373.6,177.8,0.4789,0
1229,41.0076,57.7,0.9,362.6,169.8,0.788,0
1230,41.041,87.6,2.0,357.3,169.2,0.466,0
1231,41.0744,55.6,2.1,353.7,167.6,0.1323,0
1232,41.1077,35.4,1.5,356.0,167.7,0.4973,0
1233,41.1411,35.2,1.2,364.2,169.0,0.6892,0
1234,41.1745,12.2,0.7,368.4,170.0,0.8149,0
1235,41.2078,47.5,0.0,368.1,173.4,0.7167,0
1236,41.2412,103.6,4.9,361.8,169.9,0.5893,0
1237,41.2746,37.1,1.5,370.1,170.3,0.7299,0
1238,41.3079,66.9,1.3,366.3,167.3,0.785,0
1239,41.3413,48.1,1.4,356.6,168.6,0.5257,0
1240,41.3747,63.8,1.7,367.1,167.3,0.5668,0
1241,41.408,67.5,0.6,366.8,166.8,0.6196,0
1242,41.4414,85.4,1.4,352.7,167.2,0.45,0
1243,41.4748,50.7,0.9,353.3,168.7,0.64,0
1244,41.5081,42.2,1.8,354.1,171.9,0.7137,0
1245,41.5415,43.3,0.2,354.2,176.0,0.352,0
1246,41.5749,43.4,0.3,356.3,173.5,0.4057,0
1247,41.6082,43.3,1.1,359.4,173.1,0.5403,0
1248,41.6416,39.2,0.1,358.9,171.2,0.7264,0
1249,41.675,41.1,0.6,368.4,171.1,0.7252,0
1250,41.7083,36.8,0.8,372.8,176.8,0.8412,0
1251,41.7417,48.1,2.2,360.6,174.1,0.572,0
1252,41.7751,62.9,2.8,356.2,173.0,0.3462,0
1253,41.8084,51.8,2.0,362.2,181.4,0.3331,0
1254,41.8418,53.1,2.2,364.1,173.0,0.7215,0
1255,41.8752,37.8,2.2,368.7,174.8,0.6043,0
1256,41.9085,58.3,3.6,366.2,171.0,0.8468,0
1257,41.9419,62.5,3.3,365.4,167.1,0.7787,0
1258,41.9753,54.0,0.8,368.5,167.0,0.8724,0
1259,42.0086,76.1,1.0,365.0,166.1,0.8605,0
1260,42.042,81.2,1.9,363.1,166.4,0.8551,0
1261,42.0754,52.8,0.1,365.6,167.9,0.8228,0
1262,42.1087,21.4,0.2,360.7,171.0,0.5468,0
1263,42.1421,42.2,0.2,369.0,167.2,0.8329,0
1264,42.1755,27.3,0.0,379.8,167.5,0.8576,0
1265,42.2088,47.2,3.6,366.4,166.9,0.831,0
1266,42.2422,45.8,4.8,376.2,166.3,0.7469,0
1267,42.2756,55.1,3.8,375.8,169.5,0.7068,0
1268,42.3089,97.1,1.9,376.5,170.3,0.7114,0
1269,42.3423,72.6,2.2,359.1,168.2,0.7589,0
1270,42.3757,55.7,1.4,364.7,170.7,0.7966,0
1271,42.409,51.1,0.9,361.8,169.3,0.7411,0
1272,42.4424,87.5,0.4,362.2,169.2,0.6846,0
1273,42.4758,36.4,0.6,355.8,170.2,0.4923,0
1274,42.5091,47.7,0.5,354.1,172.8,0.679,0
1275,42.5425,47.5,1.3,355.8,169.9,0.6716,0
1276,42.5759,70.2,0.8,358.9,170.3,0.8592,0
1277,42.6092,32.0,1.3,365.5,173.5,0.3191,0
1277,42.6092,49.3,1.2,361.5,172.8,0.1966,0
1278,42.6426,56.5,2.4,362.3,170.1,0.5069,0
1279,42.676,93.0,2.9,368.0,165.9,0.6753,0
1280,42.7093,43.5,0.9,362.3,170.2,0.7812,0
1281,42.7427,43.0,1.1,362.1,169.5,0.8432,0
1282,42.7761,46.4,1.4,356.1,171.5,0.7036,0
1283,42.8094,56.8,2.9,356.0,167.8,0.1503,0
1284,42.8428,92.6,3.9,354.1,168.5,0.5092,0
1285,42.8762,76.8,1.5,360.0,173.8,0.6054,0
1286,42.9095,70.6,1.3,364.9,170.1,0.653,0
1287,42.9429,63.7,1.3,361.0,170.4,0.4242,0
1288,42.9763,78.2,1.5,367.9,168.4,0.5552,0
1289,43.0096,102.1,0.3,373.6,167.0,0.6731,0
1290,43.043,100.7,2.8,355.2,167.4,0.6997,0
1291,43.0764,78.3,1.5,356.6,168.2,0.6075,0
1292,43.1097,66.2,2.2,350.6,168.5,0.7641,0
1293,43.1431,82.7,0.0,357.8,168.5,0.3023,0
1294,43.1765,84.8,0.0,356.2,168.8,0.3766,0
1295,43.2098,88.0,2.9,352.1,167.0,0.5792,0
1296,43.2432,100.2,1.3,353.2,166.9,0.7097,0
1297,43.2766,81.5,2.0,356.9,169.9,0.5524,0
1298,43.3099,93.8,1.7,357.0,166.8,0.8243,0
1299,43.3433,100.9,1.7,353.4,168.0,0.8167,0
1300,43.3767,97.9,1.3,351.1,167.6,0.8463,0
1301,43.41,92.6,0.7,352.2,168.0,0.6466,0
1301,43.41,93.6,0.6,351.5,167.8,0.2142,0
1302,43.4434,101.8,0.0,352.2,166.6,0.8373,0
1303,43.4768,44.4,0.6,356.8,174.4,0.7969,0
1304,43.5101,90.4,0.0,356.4,171.8,0.7849,0
1305,43.5435,57.0,2.4,350.5,171.9,0.2027,0
1306,43.5769,83.6,1.0,354.2,170.6,0.4158,0
1307,43.6102,37.5,1.2,366.2,174.2,0.7004,0
1307,43.6102,52.9,1.0,363.2,171.4,0.1347,0
1308,43.6436,46.2,1.4,358.5,169.3,0.3588,0
1309,43.677,37.0,3.1,360.9,177.3,0.3277,0
1310,43.7103,49.6,1.1,357.5,181.1,0.5408,0
1311,43.7437,41.9,1.6,355.9,177.2,0.4327,0
1312,43.7771,113.9,3.0,348.6,164.3,0.4626,0
1313,43.8104,119.6,3.2,352.6,163.6,0.8172,0
1314,43.8438,111.7,1.0,356.1,164.6,0.7884,0
1315,43.8772,95.4,1.7,354.7,167.2,0.8433,0
1316,43.9105,58.0,0.5,364.2,170.0,0.6434,0
1317,43.9439,52.2,3.1,353.2,169.4,0.7204,0
1318,43.9773,55.2,2.7,353.2,169.5,0.4228,0
1319,44.0106,56.7,1.9,351.2,171.6,0.5866,0
1320,44.044,54.6,3.5,353.7,167.6,0.6819,0
1321,44.0774,79.9,1.1,359.2,167.6,0.8103,0
1322,44.1107,66.0,0.9,360.2,168.4,0.8237,0
1323,44.1441,90.6,1.7,359.2,171.1,0.7948,0
1324,44.1775,93.9,4.2,358.6,165.2,0.6004,0
1325,44.2108,78.8,2.8,361.8,167.7,0.5867,0
1326,44.2442,55.3,1.6,363.3,170.5,0.7269,0
1327,44.2776,59.3,1.5,349.8,171.8,0.6747,0
1328,44.3109,59.8,1.3,348.6,171.5,0.465,0
1329,44.3443,85.9,2.0,351.3,167.6,0.6908,0
1330,44.3777,87.5,1.5,352.3,167.0,0.8232,0
1331,44.411,60.2,1.6,350.6,170.5,0.4372,0
1332,44.4444,56.0,1.8,343.8,173.2,0.4844,0
1333,44.4778,116.0,1.9,348.9,163.7,0.7164,0
1334,44.5111,97.1,1.5,349.8,165.9,0.8036,0
1335,44.5445,93.9,1.7,354.6,169.9,0.8098,0
1336,44.5779,101.7,1.9,355.0,168.5,0.7227,0
1337,44.6112,101.0,1.8,355.4,170.5,0.7383,0
1338,44.6446,84.2,1.6,355.4,183.9,0.6128,0
1339,44.678,49.4,3.7,355.3,182.8,0.457,0
1340,44.7113,45.9,1.9,364.8,170.8,0.6688,0
1341,44.7447,49.3,2.7,362.4,169.8,0.7522,0
1342,44.7781,44.8,0.8,354.3,174.2,0.907,0
1343,44.8114,42.4,0.4,347.5,173.6,0.8672,0
1344,44.8448,47.8,3.1,350.5,170.2,0.8747,0
1345,44.8782,49.1,1.7,351.3,170.6,0.8973,0
1346,44.9115,72.2,1.2,354.6,170.8,0.8139,0
1347,44.9449,74.0,2.9,356.9,167.9,0.7993,0
1348,44.9783,73.8,4.0,353.0,167.5,0.6339,0
1349,45.0116,72.8,1.8,353.8,167.6,0.8457,0
1350,45.045,91.3,2.0,358.3,165.2,0.8408,0
1351,45.0784,81.5,2.1,364.6,167.2,0.6268,0
1352,45.1117,46.1,1.8,358.4,169.3,0.7399,0
1353,45.1451,46.2,1.4,353.9,168.5,0.8654,0
1354,45.1785,44.2,0.9,356.8,168.1,0.7837,0
1355,45.2118,39.9,0.9,359.2,168.0,0.7047,0
1356,45.2452,40.7,0.0,354.3,171.0,0.839,0
1357,45.2786,70.9,1.4,357.3,167.6,0.5744,0
1357,45.2786,79.6,1.1,355.5,166.0,0.1308,0
1358,45.3119,75.5,1.1,357.1,167.4,0.7523,0
1359,45.3453,46.1,0.6,357.7,168.3,0.6623,0
1360,45.3787,105.2,1.5,355.7,166.7,0.887,0
1361,45.412,69.3,1.8,354.4,168.3,0.6549,0
1362,45.4454,43.8,1.5,348.3,168.6,0.7051,0
1363,45.4788,55.6,1.5,352.7,171.1,0.8319,0
1364,45.5121,42.3,1.8,358.4,167.9,0.8473,0
1365,45.5455,57.6,1.6,351.1,166.2,0.8425,0
1366,45.5789,54.8,2.0,353.8,166.2,0.6601,0
1367,45.6122,99.0,2.0,347.9,166.2,0.7152,0
1368,45.6456,95.6,1.8,348.0,166.2,0.8736,0
1369,45.679,88.4,2.0,351.6,166.9,0.8176,0
1370,45.7123,63.1,2.7,353.4,167.8,0.7788,0
1371,45.7457,61.7,1.7,347.7,167.7,0.6964,0
1372,45.7791,70.8,1.4,342.1,167.3,0.86,0
1373,45.8124,58.9,1.3,352.0,169.7,0.7751,0
1374,45.8458,34.2,0.4,346.4,170.5,0.8534,0
1375,45.8792,38.6,1.1,345.8,174.0,0.8364,0
1376,45.9125,46.2,1.1,346.5,170.4,0.8824,0
1377,45.9459,51.0,0.2,346.8,173.0,0.8474,0
1378,45.9793,54.4,0.9,350.9,169.8,0.8405,0
1379,46.0126,65.2,1.6,352.3,171.0,0.8881,0
1380,46.046,60.9,1.2,350.3,170.7,0.9183,0
1381,46.0794,45.2,3.0,354.9,171.1,0.8007,0
1382,46.1127,41.9,1.3,351.8,167.2,0.8561,0
1383,46.1461,57.2,1.5,355.0,167.1,0.696,0
1384,46.1795,56.9,2.4,353.0,168.9,0.8839,0
1385,46.2128,40.6,2.6,350.3,171.5,0.6711,0
1386,46.2462,45.9,4.7,351.1,167.3,0.1854,0
1387,46.2796,93.3,1.7,348.8,168.1,0.6346,0
1388,46.3129,51.9,1.8,348.9,168.9,0.6596,0
1389,46.3463,63.4,1.8,347.6,168.9,0.5378,0
1390,46.3797,81.4,0.0,356.8,166.1,0.7235,0
1391,46.413,71.8,0.0,361.8,170.7,0.6947,0
1392,46.4464,54.7,1.8,345.7,169.2,0.7742,0
1393,46.4798,50.3,1.1,346.2,168.0,0.7512,0
1394,46.5131,56.0,0.7,355.0,169.4,0.8408,0
1395,46.5465,86.4,1.6,353.7,166.8,0.8412,0
1396,46.5799,96.4,2.1,352.4,167.6,0.6823,0
1397,46.6132,55.0,1.4,355.5,167.2,0.693,0
1398,46.6466,48.7,1.4,347.7,168.8,0.6065,0
1399,46.68,53.6,0.0,353.8,168.8,0.667,0
1400,46.7133,62.9,3.1,350.7,167.4,0.6407,0
1401,46.7467,41.8,2.1,350.3,169.2,0.4873,0
1402,46.7801,43.1,1.2,349.8,169.1,0.7995,0
1403,46.8134,38.6,1.4,353.3,172.0,0.7663,0
1404,46.8468,48.4,0.9,354.1,169.8,0.7103,0
1405,46.8802,35.9,0.7,352.5,167.1,0.8245,0
1406,46.9135,26.2,1.0,354.8,168.8,0.7153,0
1407,46.9469,90.5,1.8,356.4,166.1,0.7516,0
1408,46.9803,92.9,1.6,353.5,165.7,0.6004,0
1408,46.9803,81.3,1.9,355.1,166.8,0.1258,0
1409,47.0136,57.8,2.2,350.4,168.2,0.7415,0
1410,47.047,39.9,2.1,351.7,168.0,0.7123,0
1411,47.0804,31.1,2.2,368.8,174.6,0.3831,0
1412,47.1137,28.1,4.5,359.5,171.4,0.5297,0
1413,47.1471,39.6,3.1,355.7,171.3,0.5862,0
1414,47.1805,60.0,1.5,359.8,167.6,0.6272,0
1415,47.2138,83.7,1.9,350.7,167.3,0.6033,0
1416,47.2472,82.0,2.2,351.6,167.8,0.7588,0
1417,47.2806,71.9,1.6,351.4,169.8,0.8706,0
1418,47.3139,81.2,2.7,357.1,169.8,0.782,0
1419,47.3473,68.4,2.7,359.4,167.4,0.8546,0
1420,47.3807,46.3,1.3,359.6,178.9,0.8253,0
1421,47.414,35.0,1.2,360.0,171.7,0.8643,0
1422,47.4474,36.1,0.9,354.6,172.1,0.8723,0
1423,47.4808,39.3,0.7,362.5,173.6,0.7091,0
1424,47.5141,40.1,3.3,371.8,169.2,0.8736,0
1425,47.5475,46.6,1.5,358.6,169.6,0.6736,0
1426,47.5809,53.2,1.1,356.0,168.5,0.8415,0
1427,47.6142,49.8,1.5,357.3,166.6,0.6545,0
1428,47.6476,63.7,2.1,355.9,166.6,0.5597,0
1429,47.681,54.8,1.1,353.8,167.3,0.3139,0
1430,47.7143,48.0,1.3,353.4,169.4,0.6089,0
1431,47.7477,77.7,2.4,356.4,168.7,0.7428,0
1432,47.7811,54.0,1.6,363.4,170.3,0.4654,0
1433,47.8144,64.2,2.5,354.9,167.5,0.5711,0
1434,47.8478,93.3,2.6,354.3,166.0,0.7382,0
1435,47.8812,105.5,1.2,362.9,166.3,0.8522,0
1436,47.9145,95.6,2.1,358.4,165.5,0.6478,0
1437,47.9479,73.3,2.5,356.3,170.0,0.4353,0
1438,47.9813,64.4,2.1,353.4,171.5,0.7232,0
1439,48.0146,41.8,1.9,354.8,175.6,0.6553,0
1440,48.048,38.0,1.5,359.5,171.8,0.6283,0
1441,48.0814,73.5,0.8,364.6,171.0,0.6676,0
1442,48.1147,40.1,1.2,370.9,171.3,0.7643,0
1443,48.1481,44.4,1.4,370.3,167.2,0.781,0
1444,48.1815,61.1,0.8,356.3,166.6,0.8372,0
1445,48.2148,110.8,1.4,361.4,164.2,0.7299,0
1446,48.2482,82.0,1.6,370.2,165.6,0.7537,0
1447,48.2816,51.1,1.6,358.3,170.0,0.6659,0
1448,48.3149,43.0,1.4,348.8,176.7,0.5257,0
1449,48.3483,49.0,2.1,350.6,192.8,0.5965,0
1450,48.3817,56.1,1.2,349.5,174.7,0.673,0
1451,48.415,52.9,0.8,355.9,178.1,0.8555,0
1452,48.4484,70.6,0.5,355.1,169.4,0.9195,0
1453,48.4818,87.1,3.4,353.2,167.9,0.8365,0
1454,48.5151,84.4,0.7,353.6,169.9,0.7301,0
1455,48.5485,50.1,0.6,354.3,169.7,0.8622,0
1456,48.5819,42.0,1.2,357.3,167.1,0.7893,0
1457,48.6152,54.7,1.3,356.4,169.8,0.873,0
1458,48.6486,56.4,1.2,359.0,169.9,0.8528,0
1459,48.682,45.8,0.3,359.6,169.8,0.8979,0
1460,48.7153,46.0,0.4,350.8,171.0,0.8634,0
1461,48.7487,47.0,0.8,349.6,169.8,0.6235,0
1462,48.7821,52.3,1.4,348.9,170.9,0.3273,0
1463,48.8154,81.3,1.3,342.2,168.3,0.5984,0
1464,48.8488,72.3,1.2,344.7,167.7,0.7714,0
1465,48.8822,51.1,1.4,347.2,167.5,0.8486,0
1466,48.9155,65.9,1.6,349.0,167.3,0.7886,0
1467,48.9489,54.4,3.3,351.5,167.6,0.6001,0
1468,48.9823,44.5,1.2,349.1,167.9,0.8566,0
1469,49.0156,56.4,4.0,353.7,166.9,0.7947,0
1470,49.049,80.0,2.9,355.5,166.7,0.8638,0
1471,49.0824,40.8,2.1,352.7,171.3,0.5881,0
1472,49.1157,41.5,1.1,353.6,178.2,0.5727,0
1473,49.1491,53.2,1.5,357.0,177.7,0.5473,0
1474,49.1825,59.1,2.5,362.7,172.0,0.719,0
1474,49.1825,74.4,3.6,359.8,167.6,0.4909,0
1475,49.2158,46.2,1.6,363.0,173.2,0.7736,0
1476,49.2492,56.1,1.8,354.0,168.1,0.882,0
1477,49.2826,43.7,2.6,356.3,167.2,0.3076,0
1478,49.3159,74.6,1.2,354.8,165.9,0.8125,0
1479,49.3493,46.5,0.9,350.0,166.2,0.4475,0
1480,49.3827,72.4,1.7,353.3,166.9,0.5021,0
1481,49.416,94.3,1.1,353.7,166.1,0.4931,0
1482,49.4494,98.3,1.3,352.5,165.6,0.4699,0
1483,49.4828,39.9,0.9,352.8,171.4,0.3185,0
1484,49.5161,30.5,1.1,342.8,173.3,0.4154,0
1485,49.5495,36.6,1.4,341.3,170.2,0.3872,0
1486,49.5829,36.0,1.0,345.5,170.9,0.5757,0
1487,49.6162,41.3,0.9,351.5,169.5,0.7267,0
1488,49.6496,70.7,1.5,353.5,167.6,0.7472,0
1489,49.683,92.8,2.4,356.4,168.8,0.5536,0
1490,49.7163,93.6,2.2,351.5,166.8,0.1529,0
1491,49.7497,52.6,2.4,355.8,167.5,0.3311,0
1492,49.7831,48.3,2.2,362.0,172.4,0.341,0
1493,49.8164,,,,,,
1494,49.8498,,,,,,
1495,49.8832,83.2,3.2,358.8,172.3,0.2279,0
1496,49.9165,73.8,1.3,362.3,171.3,0.4014,0
1497,49.9499,67.4,2.1,364.2,173.5,0.5682,0
1498,49.9833,52.7,1.1,353.2,183.1,0.4306,0
1499,50.0166,79.1,1.5,352.3,172.9,0.2227,0
1500,50.05,95.0,1.0,351.5,173.3,0.2321,0
1501,50.0834,55.9,0.8,356.2,173.1,0.6264,0
1502,50.1167,54.0,2.4,357.2,168.9,0.1833,0
1503,50.1501,,,,,,
1504,50.1835,,,,,,
1505,50.2168,54.6,1.7,350.5,171.0,0.2814,0
1506,50.2502,59.5,1.8,354.0,170.7,0.4082,0
1507,50.2836,,,,,,
1508,50.3169,43.8,1.2,348.6,174.9,0.2428,0
1509,50.3503,43.0,1.7,354.4,175.6,0.179,0
1510,50.3837,95.6,2.6,353.2,171.9,0.6608,0
1511,50.417,75.0,1.4,353.8,182.7,0.2239,0
1511,50.417,57.7,1.4,355.7,186.4,0.1066,0
1512,50.4504,61.1,1.4,356.2,190.3,0.3164,0
1512,50.4504,39.1,1.4,359.5,192.7,0.1757,0
1513,50.4838,44.0,1.3,355.6,197.4,0.3214,0
1514,50.5171,80.2,2.8,356.5,183.5,0.2356,0
1515,50.5505,48.6,2.7,355.6,179.2,0.2388,0
1516,50.5839,31.5,1.5,356.8,188.0,0.3,0
1517,50.6172,56.4,2.1,355.6,178.8,0.39,0
1518,50.6506,43.1,1.1,352.2,168.0,0.269,0
1519,50.684,53.0,1.1,354.4,171.3,0.4739,0
1520,50.7173,37.1,1.5,359.8,175.6,0.4519,0
1521,50.7507,61.9,1.8,357.6,184.4,0.2903,0
1522,50.7841,50.8,1.3,358.5,174.6,0.6053,0
1523,50.8174,63.9,1.4,353.5,174.2,0.7471,0
1524,50.8508,74.1,1.6,357.0,169.7,0.6718,0
1525,50.8842,95.9,0.6,357.1,166.5,0.6285,0
1526,50.9175,80.0,0.5,365.4,174.9,0.4315,0
1527,50.9509,73.8,0.0,363.4,169.8,0.7585,0
1528,50.9843,67.2,2.0,364.4,169.0,0.5658,0
1529,51.0176,,,,,,
1530,51.051,107.2,0.6,350.0,166.9,0.8022,0
1531,51.0844,103.8,0.4,351.9,170.1,0.6978,0
1532,51.1177,59.6,0.7,358.5,172.0,0.5562,0
1533,51.1511,48.0,0.5,349.7,176.9,0.397,0
1534,51.1845,64.7,1.5,353.4,176.7,0.6477,0
1535,51.2178,47.7,1.0,351.4,182.0,0.7115,0
1536,51.2512,40.5,1.2,353.8,166.2,0.8399,0
1537,51.2846,43.7,0.6,355.3,168.1,0.8738,0
1538,51.3179,42.9,1.7,354.8,167.4,0.9131,0
1539,51.3513,45.3,0.8,355.0,169.9,0.8425,0
1540,51.3847,56.8,1.5,352.1,169.5,0.6989,0
1541,51.418,57.1,1.2,356.6,166.9,0.6315,0
1542,51.4514,49.9,1.7,363.9,168.8,0.7502,0
1543,51.4848,54.4,3.6,372.5,168.5,0.4629,0
1543,51.4848,60.6,4.7,368.9,166.9,0.1947,0
1544,51.5181,80.1,0.1,363.8,165.3,0.7904,0
1545,51.5515,70.4,0.8,355.9,165.3,0.8341,0
1546,51.5849,85.7,1.5,353.8,165.8,0.7201,0
1547,51.6182,85.2,1.9,352.7,165.4,0.8064,0
1548,51.6516,58.8,2.5,355.3,166.4,0.4764,0
1549,51.685,37.3,1.9,354.1,178.7,0.4734,0
1550,51.7183,31.1,0.6,350.2,171.2,0.5563,0
1551,51.7517,53.9,1.6,349.9,167.7,0.872,0
1552,51.7851,39.9,3.6,349.2,168.5,0.6437,0
1553,51.8184,38.5,1.5,343.7,170.8,0.5012,0
1554,51.8518,29.2,1.0,346.3,168.9,0.6266,0
1555,51.8852,58.3,1.0,350.0,167.1,0.8582,0
1556,51.9185,46.5,0.8,355.6,167.7,0.8795,0
1557,51.9519,49.5,1.6,350.4,167.5,0.7197,0
1558,51.9853,112.5,0.0,351.0,165.3,0.7896,0
1559,52.0186,97.2,1.1,351.2,167.4,0.3709,0
1560,52.052,67.4,1.1,354.9,168.6,0.6951,0
1561,52.0854,66.0,0.8,352.5,167.4,0.7994,0
1562,52.1187,82.9,1.7,353.8,169.5,0.6733,0
1563,52.1521,74.6,2.2,354.6,166.9,0.4869,0
1564,52.1855,96.0,1.3,357.7,166.9,0.7376,0
1565,52.2188,38.6,1.5,365.5,172.3,0.1517,0
1566,52.2522,81.6,1.8,365.8,167.6,0.7694,0
1567,52.2856,74.6,2.3,356.1,187.4,0.186,0
1568,52.3189,85.6,2.1,354.5,168.9,0.4243,0
1569,52.3523,93.2,5.0,354.7,165.2,0.7541,0
1570,52.3857,80.4,1.5,352.8,166.0,0.5513,0
1571,52.419,89.5,1.1,351.2,165.0,0.7702,0
1572,52.4524,85.1,0.8,348.6,168.3,0.7128,0
1573,52.4858,96.4,0.9,356.2,166.9,0.829,0
1574,52.5191,57.5,1.8,355.1,168.5,0.6473,0
1575,52.5525,96.5,0.4,357.0,171.2,0.8139,0
1576,52.5859,70.2,1.0,363.6,168.2,0.8181,0
1577,52.6192,69.1,1.7,369.8,168.8,0.4926,0
1578,52.6526,47.3,1.1,357.4,170.0,0.384,0
1579,52.686,82.0,1.9,360.6,168.3,0.3743,0
1580,52.7193,85.9,1.8,348.5,167.5,0.2091,0
1581,52.7527,45.1,0.5,353.8,167.7,0.5194,0
1582,52.7861,64.8,1.2,357.6,166.5,0.6916,0
1582,52.7861,82.7,1.0,355.6,165.6,0.1996,0
1583,52.8194,55.1,0.7,350.1,168.0,0.6236,0
1584,52.8528,33.9,1.3,352.5,168.5,0.7198,0
1585,52.8862,99.2,0.3,351.1,167.5,0.7862,0
1586,52.9195,91.1,2.9,350.7,167.2,0.1166,0
1587,52.9529,71.4,3.3,349.1,165.7,0.1924,0
1588,52.9863,65.0,2.2,354.1,167.0,0.3142,0
1589,53.0196,71.0,2.5,355.5,166.4,0.3784,0
1590,53.053,42.2,1.6,360.2,168.9,0.41,0
1591,53.0864,44.7,0.5,351.0,169.0,0.8072,0
1592,53.1197,92.8,0.8,351.9,164.6,0.8207,0
1593,53.1531,68.6,2.8,358.3,166.9,0.6347,0
1594,53.1865,59.3,0.0,364.9,166.5,0.6791,0
1595,53.2198,55.4,0.6,368.5,170.1,0.329,0
1595,53.2198,56.0,0.2,365.6,167.8,0.3142,0
1596,53.2532,46.6,0.3,364.3,169.7,0.8333,0
1597,53.2866,64.8,2.5,372.7,168.1,0.9097,0
1598,53.3199,97.4,2.2,366.1,167.4,0.8844,0
1599,53.3533,97.9,1.4,353.9,168.0,0.8928,0
1600,53.3867,96.5,5.1,361.5,165.8,0.7551,0
1601,53.42,53.3,2.0,366.0,167.2,0.8114,0
1602,53.4534,53.5,0.1,373.9,166.4,0.8853,0
1603,53.4868,50.9,0.5,380.3,166.5,0.9117,0
1604,53.5201,58.2,0.2,380.7,163.8,0.5689,0
1605,53.5535,62.0,0.0,363.2,164.6,0.4537,0
1605,53.5535,60.8,0.0,365.3,165.8,0.11,0
1606,53.5869,95.7,4.6,358.2,165.0,0.6135,0
1607,53.6202,64.4,0.0,357.4,167.4,0.8058,0
1608,53.6536,63.8,0.8,361.5,168.6,0.8351,0
1609,53.687,70.2,3.2,356.9,168.2,0.7803,0
1610,53.7203,67.1,6.7,367.6,165.6,0.855,0
1611,53.7537,65.2,2.0,378.9,165.2,0.8749,0
1612,53.7871,70.1,3.0,374.2,165.6,0.8635,0
1613,53.8204,70.8,0.5,369.5,165.6,0.8918,0
1614,53.8538,66.9,0.0,367.9,166.0,0.7202,0
1615,53.8872,78.2,2.0,352.7,166.9,0.6895,0
1616,53.9205,90.8,0.4,365.8,164.2,0.8504,0
1617,53.9539,82.1,0.8,368.0,166.6,0.7977,0
1618,53.9873,82.6,0.5,365.5,167.4,0.9087,0
1619,54.0206,71.4,0.5,358.5,167.1,0.8969,0
1620,54.054,66.9,0.0,359.1,169.8,0.8786,0
1621,54.0874,62.4,2.8,357.6,168.8,0.7522,0
1622,54.1207,91.5,0.7,354.8,166.4,0.7665,0
1623,54.1541,61.2,0.7,354.3,170.0,0.8595,0
1624,54.1875,53.4,0.4,355.2,169.9,0.8584,0
1625,54.2208,70.6,7.2,360.5,165.6,0.8613,0
1626,54.2542,58.4,4.0,364.6,167.2,0.7914,0
1627,54.2876,56.1,1.3,372.1,165.3,0.2792,0
1627,54.2876,54.1,0.9,374.0,166.8,0.22,0
1628,54.3209,53.3,0.0,376.7,168.0,0.7697,0
1629,54.3543,60.7,0.8,364.3,175.7,0.8369,0
1630,54.3877,70.6,0.1,361.7,167.3,0.804,0
1631,54.421,63.1,1.0,351.4,173.2,0.8602,0
1632,54.4544,59.7,0.0,351.5,172.3,0.8968,0
1633,54.4878,48.2,1.9,353.6,169.2,0.8954,0
1634,54.5211,52.2,0.7,362.5,167.2,0.8869,0
1635,54.5545,60.9,0.8,357.2,167.9,0.8284,0
1636,54.5879,58.7,0.5,354.6,168.7,0.698,0
1637,54.6212,57.6,0.8,347.7,173.6,0.6199,0
1638,54.6546,55.0,0.7,358.0,171.8,0.8001,0
1639,54.688,44.2,0.4,369.0,174.9,0.8381,0
1640,54.7213,35.1,0.4,365.6,172.7,0.8355,0
1641,54.7547,62.0,1.1,364.4,169.3,0.8657,0
1642,54.7881,77.8,0.0,366.2,172.0,0.855,0
1643,54.8214,86.3,2.0,377.8,171.3,0.9114,0
1644,54.8548,81.4,2.6,362.2,175.8,0.7398,0
1645,54.8882,70.4,1.8,361.1,173.2,0.8794,0
1646,54.9215,50.3,0.0,361.8,181.0,0.8383,0
1647,54.9549,55.4,2.9,352.0,168.3,0.8216,0
1648,54.9883,61.4,0.4,359.0,168.6,0.8709,0
1649,55.0216,94.6,2.3,368.0,166.7,0.8783,0
1650,55.055,74.7,4.9,363.8,165.2,0.8689,0
1651,55.0884,53.4,2.6,364.5,168.6,0.8982,0
1652,55.1217,67.1,0.5,365.0,165.6,0.8375,0
1653,55.1551,46.7,2.4,353.4,166.6,0.8391,0
1654,55.1885,51.5,1.2,363.5,168.3,0.8808,0
1655,55.2218,72.7,1.4,350.5,167.6,0.8682,0
1656,55.2552,82.3,2.3,353.8,166.4,0.885,0
1657,55.2886,87.3,3.8,355.9,168.5,0.8057,0
1658,55.3219,84.4,2.6,358.3,166.8,0.8901,0
1659,55.3553,54.2,3.6,353.8,167.7,0.7543,0
1660,55.3887,56.2,0.3,353.0,166.7,0.6154,0
1661,55.422,49.7,0.9,356.0,168.7,0.7157,0
1662,55.4554,47.4,1.6,354.9,168.9,0.5084,0
1663,55.4888,55.5,0.9,354.2,171.1,0.8686,0
1664,55.5221,44.2,0.0,358.9,176.1,0.7454,0
1665,55.5555,43.2,1.0,357.6,172.9,0.7094,0
1666,55.5889,60.4,0.7,348.1,169.8,0.8463,0
1667,55.6222,54.6,1.4,355.0,178.8,0.8327,0
1668,55.6556,49.8,1.6,350.6,174.0,0.7563,0
1669,55.689,44.0,3.8,354.7,170.6,0.8226,0
1670,55.7223,40.4,1.2,363.9,175.4,0.8632,0
1671,55.7557,65.5,1.3,370.8,165.0,0.7211,0
1672,55.7891,87.4,0.8,377.2,164.4,0.5184,0
1673,55.8224,55.2,0.6,371.3,168.2,0.8387,0
1674,55.8558,43.9,0.7,353.4,169.4,0.4525,0
1675,55.8892,50.0,0.8,353.9,168.0,0.8146,0
1676,55.9225,50.6,1.6,364.5,181.0,0.6607,0
1677,55.9559,50.7,1.4,370.1,177.6,0.8551,0
1678,55.9893,50.7,1.1,361.3,174.2,0.7905,0
1679,56.0226,49.9,1.2,356.0,172.3,0.8237,0
1680,56.056,56.9,1.0,350.2,170.1,0.7441,0
1681,56.0894,35.7,2.3,355.2,174.8,0.4245,0
1682,56.1227,39.6,1.0,355.7,175.5,0.7179,0
1683,56.1561,47.4,0.6,364.3,181.1,0.6044,0
1684,56.1895,84.3,1.3,369.8,174.0,0.7425,0
1685,56.2228,66.2,0.9,364.9,184.2,0.796,0
1686,56.2562,81.8,1.0,367.0,168.5,0.7549,0
1687,56.2896,62.3,3.4,367.9,168.0,0.6068,0
1688,56.3229,63.8,1.8,373.9,168.4,0.5912,0
1689,56.3563,83.2,1.3,362.2,168.5,0.807,0
1690,56.3897,73.8,1.1,358.8,167.2,0.5639,0
1691,56.423,49.5,1.4,366.3,172.3,0.7959,0
1692,56.4564,62.6,1.4,358.3,170.8,0.1945,0
1693,56.4898,,,,,,
1694,56.5231,,,,,,
1695,56.5565,42.1,1.7,347.3,172.8,0.2739,0
1696,56.5899,,,,,,
1697,56.6232,,,,,,
1698,56.6566,35.6,3.1,368.6,177.9,0.1826,0
1699,56.69,87.7,1.8,368.1,169.4,0.1068,0
1700,56.7233,94.2,2.3,358.4,169.0,0.2095,0
1701,56.7567,48.3,1.5,360.9,173.1,0.353,0
1702,56.7901,83.7,1.9,359.5,177.8,0.1232,0
1703,56.8234,48.2,1.9,349.5,178.2,0.1464,0
1704,56.8568,43.7,1.6,351.2,185.4,0.2315,0
1705,56.8902,40.2,2.6,359.3,181.9,0.2073,0
1706,56.9235,55.1,1.5,366.3,189.8,0.4478,0
1707,56.9569,43.0,0.8,391.5,205.7,0.4521,0
1708,56.9903,43.7,0.6,383.2,204.3,0.3824,0
1709,57.0236,43.0,0.4,374.5,203.7,0.3787,0
1710,57.057,55.9,0.0,382.2,197.5,0.2987,0
1711,57.0904,38.9,1.6,356.5,190.8,0.1063,0
1712,57.1237,39.9,2.1,363.2,192.0,0.6857,0
1713,57.1571,88.5,3.9,354.0,180.8,0.6966,0
1714,57.1905,103.2,2.7,353.4,183.4,0.4892,0
1715,57.2238,82.1,2.1,356.6,173.0,0.2633,0
1716,57.2572,61.4,1.6,359.1,199.6,0.1731,0
1717,57.2906,,,,,,
1718,57.3239,,,,,,
1719,57.3573,,,,,,
1720,57.3907,,,,,,
1721,57.424,54.0,1.5,354.7,179.5,0.2422,0
1722,57.4574,86.8,1.0,360.4,178.7,0.4509,0
1723,57.4908,43.5,0.8,363.0,180.1,0.3019,0
1724,57.5241,,,,,,
1725,57.5575,,,,,,
1726,57.5909,61.0,1.9,353.6,172.8,0.3029,0
1727,57.6242,62.1,1.0,357.4,168.8,0.3354,0
1727,57.6242,69.8,0.7,356.0,166.8,0.1384,0
1728,57.6576,52.0,0.7,354.4,174.9,0.382,0
1729,57.691,84.4,2.0,353.1,164.8,0.6004,0
1730,57.7243,89.5,2.6,354.0,163.8,0.7547,0
1731,57.7577,103.6,1.2,354.4,166.0,0.8036,0
1732,57.7911,75.8,2.5,349.7,168.4,0.6392,0
1733,57.8244,58.7,3.7,353.0,169.1,0.6969,0
1734,57.8578,64.3,2.6,350.4,168.9,0.7105,0
1735,57.8912,56.6,1.7,352.6,173.3,0.4331,0
1736,57.9245,58.1,1.0,363.0,169.3,0.7002,0
1737,57.9579,64.6,1.9,364.7,170.0,0.2522,0
1737,57.9579,73.1,1.4,362.4,167.5,0.2418,0
1738,57.9913,71.6,0.3,348.4,167.8,0.7631,0
1739,58.0246,73.1,0.9,347.7,169.3,0.7162,0
1740,58.058,55.8,1.2,350.3,169.5,0.7139,0
1741,58.0914,102.8,1.6,356.0,165.0,0.7221,0
1742,58.1247,114.5,1.2,354.7,165.3,0.3619,0
1743,58.1581,118.7,1.0,348.7,165.1,0.4241,0
1744,58.1915,118.4,1.0,353.5,164.4,0.6033,0
1745,58.2248,84.1,3.9,366.9,165.7,0.419,0
1746,58.2582,,,,,,
1747,58.2916,54.7,1.8,354.3,171.4,0.1084,0
1748,58.3249,60.6,2.0,355.3,171.9,0.7127,0
1749,58.3583,55.2,1.6,366.1,175.8,0.6556,0
1750,58.3917,67.6,4.4,362.0,169.7,0.7166,0
1751,58.425,62.7,3.3,355.1,167.0,0.4909,0
1752,58.4584,53.9,4.0,353.4,167.1,0.1748,0
1753,58.4918,60.5,1.7,348.1,167.8,0.3381,0
1754,58.5251,62.1,1.3,348.8,167.4,0.7288,0
1755,58.5585,40.6,1.3,352.4,169.8,0.7429,0
1756,58.5919,71.6,0.7,354.6,170.2,0.8734,0
1757,58.6252,63.1,1.9,355.8,167.3,0.7407,0
1758,58.6586,51.5,1.2,354.7,169.1,0.8231,0
1759,58.692,48.3,1.8,350.1,169.4,0.4997,0
1760,58.7253,48.1,1.7,351.7,175.7,0.7826,0
1761,58.7587,51.6,2.4,345.1,175.2,0.545,0
1762,58.7921,70.0,1.1,343.7,168.9,0.747,0
1763,58.8254,90.1,0.6,342.8,167.4,0.8258,0
1764,58.8588,56.2,0.5,345.7,169.2,0.8132,0
1765,58.8922,54.8,2.3,347.4,169.7,0.6317,0
1766,58.9255,53.1,1.3,345.1,169.1,0.7562,0
1767,58.9589,46.5,3.2,351.8,167.2,0.7407,0
1768,58.9923,91.6,3.4,357.1,166.9,0.7953,0
1769,59.0256,69.4,1.9,348.8,167.3,0.8788,0
1770,59.059,80.5,1.5,349.7,168.3,0.8541,0
1771,59.0924,92.5,1.1,349.2,167.5,0.871,0
1772,59.1257,60.9,0.6,343.4,167.7,0.8542,0
1773,59.1591,85.3,1.0,342.3,167.3,0.6232,0
1774,59.1925,63.2,0.6,341.8,169.8,0.766,0
1775,59.2258,56.4,0.6,345.1,170.2,0.7666,0
1776,59.2592,69.7,0.8,348.2,168.4,0.897,0
1777,59.2926,57.5,0.0,343.8,168.0,0.7734,0
1778,59.3259,57.3,0.1,346.9,168.3,0.914,0
1779,59.3593,71.7,0.4,348.6,167.8,0.8982,0
1780,59.3927,67.8,0.5,348.5,167.8,0.8808,0
1781,59.426,59.6,0.6,349.1,167.3,0.737,0
1782,59.4594,63.1,0.6,350.3,167.9,0.6589,0
1783,59.4928,53.0,1.4,355.1,167.3,0.7616,0
1784,59.5261,53.3,0.5,348.0,167.0,0.7491,0
1785,59.5595,66.7,1.2,346.5,166.9,0.7005,0
1786,59.5929,66.4,1.0,347.5,167.9,0.6671,0
1787,59.6262,,,,,,
1788,59.6596,59.5,2.7,346.9,172.6,0.2823,0
1789,59.693,51.8,3.1,346.8,167.3,0.815,0
1790,59.7263,66.0,0.8,345.9,168.6,0.8063,0
1791,59.7597,55.1,0.7,345.3,168.0,0.8444,0
1792,59.7931,52.1,0.7,347.0,167.5,0.813,0
1793,59.8264,54.1,1.3,350.3,166.8,0.7232,0
1794,59.8598,100.5,1.5,350.7,167.0,0.7633,0
1795,59.8932,89.8,1.7,345.8,167.7,0.8885,0
1796,59.9265,83.9,0.7,353.8,166.0,0.8888,0
1797,59.9599,64.9,0.4,341.7,166.6,0.7971,0
1798,59.9933,102.4,1.2,342.8,165.8,0.8701,0
1799,60.0266,59.9,1.1,348.6,169.5,0.7934,0
1800,60.06,68.8,1.9,350.5,171.0,0.7862,0
1801,60.0934,48.9,0.6,350.1,172.0,0.8367,0
1802,60.1267,61.9,1.3,352.3,172.5,0.7634,0
1803,60.1601,76.1,0.7,353.7,170.1,0.5919,0
1804,60.1935,68.3,0.3,346.7,169.0,0.7157,0
1805,60.2268,56.6,0.5,345.4,168.9,0.7597,0
1806,60.2602,47.7,1.1,352.1,168.7,0.6561,0
1807,60.2936,41.4,1.4,358.4,172.2,0.6236,0
1808,60.3269,75.9,0.6,357.9,169.0,0.8109,0
1809,60.3603,98.0,0.8,358.0,166.5,0.7793,0
1810,60.3937,54.7,1.1,348.7,167.7,0.788,0
1811,60.427,84.6,0.8,354.5,166.3,0.8799,0
1812,60.4604,55.5,0.8,363.1,169.7,0.7606,0
1813,60.4938,55.6,0.0,359.1,167.2,0.8116,0
1814,60.5271,60.1,1.0,370.6,167.8,0.8358,0
1815,60.5605,48.3,1.5,378.1,168.3,0.821,0
1816,60.5939,53.2,0.3,371.5,172.4,0.7133,0
1817,60.6272,70.6,0.0,367.6,170.6,0.594,0
1818,60.6606,99.5,1.3,365.0,166.9,0.8633,0
1819,60.694,41.8,0.1,379.9,175.6,0.8573,0
1820,60.7273,78.4,0.5,379.1,170.7,0.7633,0
1821,60.7607,49.7,6.3,355.8,168.7,0.1844,0
1822,60.7941,51.7,1.3,360.4,169.0,0.3474,0
1823,60.8274,61.6,2.1,360.2,176.9,0.3607,0
1824,60.8608,93.7,2.5,366.4,180.8,0.445,0
1825,60.8942,70.2,1.8,367.3,170.0,0.689,0
1826,60.9275,82.1,1.0,366.7,167.0,0.4624,0
1827,60.9609,46.4,0.8,377.7,168.3,0.7362,0
1828,60.9943,115.4,0.5,360.5,166.1,0.7864,0
1829,61.0276,75.8,0.0,363.8,166.4,0.7153,0
1830,61.061,66.0,0.0,367.0,166.4,0.8289,0
1831,61.0944,79.2,0.2,369.6,167.3,0.7891,0
1832,61.1277,80.1,0.4,365.1,167.2,0.7125,0
1833,61.1611,80.6,1.5,364.2,168.2,0.4302,0
1834,61.1945,91.6,3.1,364.2,167.9,0.5772,0
1835,61.2278,84.0,2.2,358.5,167.7,0.6523,0
1836,61.2612,89.1,2.4,366.8,169.9,0.5999,0
1837,61.2946,77.9,0.5,367.1,170.4,0.6411,0
1838,61.3279,55.3,0.9,365.2,173.7,0.6793,0
1839,61.3613,70.5,0.8,375.2,173.2,0.8079,0
1840,61.3947,61.1,2.0,359.1,168.6,0.5373,0
1841,61.428,59.9,0.4,359.9,173.8,0.7138,0
1842,61.4614,60.2,0.7,373.0,171.3,0.8344,0
1843,61.4948,78.4,0.4,370.9,169.0,0.8992,0
1844,61.5281,71.8,1.5,348.2,168.3,0.7148,0
1845,61.5615,54.8,1.6,352.1,178.3,0.7285,0
1846,61.5949,65.5,1.0,364.5,172.3,0.886,0
1847,61.6282,82.8,0.8,364.4,174.9,0.8382,0
1848,61.6616,106.0,0.3,354.3,174.4,0.2622,0
1849,61.695,103.7,2.4,352.5,168.6,0.7713,0
1850,61.7283,61.1,2.9,354.7,169.9,0.6806,0
1851,61.7617,46.0,1.1,360.6,172.0,0.6533,0
1852,61.7951,38.2,0.2,356.6,171.5,0.5573,0
1853,61.8284,57.7,1.8,355.8,169.0,0.3965,0
1854,61.8618,52.8,0.5,362.5,168.0,0.7153,0
1855,61.8952,39.2,0.5,366.5,170.1,0.4522,0
1856,61.9285,41.6,1.1,356.1,169.0,0.5075,0
1857,61.9619,42.1,0.7,355.5,172.4,0.6595,0
1858,61.9953,35.2,1.0,367.8,175.9,0.6961,0
1859,62.0286,80.2,1.7,356.0,171.2,0.3438,0
1860,62.062,68.0,1.3,358.5,176.6,0.3174,0
1861,62.0954,42.8,0.0,351.4,175.4,0.6699,0
1862,62.1287,33.6,0.9,361.6,175.3,0.4731,0
1863,62.1621,88.1,1.6,362.9,169.5,0.7391,0
1864,62.1955,91.6,1.1,356.2,167.8,0.6236,0
1865,62.2288,55.6,1.7,351.6,170.0,0.8072,0
1866,62.2622,102.6,1.5,349.1,169.1,0.5922,0
1867,62.2956,89.4,1.4,359.7,166.7,0.7351,0
1868,62.3289,71.0,2.9,367.1,167.1,0.7987,0
1869,62.3623,63.8,0.0,367.9,170.2,0.7714,0
1870,62.3957,46.8,1.0,365.6,176.4,0.5458,0
1871,62.429,53.5,2.5,356.1,172.3,0.689,0
1872,62.4624,47.3,0.4,356.5,171.9,0.8238,0
1873,62.4958,64.2,1.5,354.3,172.5,0.6887,0
1874,62.5291,51.0,2.1,361.1,177.5,0.843,0
1875,62.5625,61.1,1.6,358.0,179.6,0.7635,0
1876,62.5959,68.0,1.2,362.7,170.6,0.82,0
1877,62.6292,62.4,0.9,363.8,186.1,0.7152,0
1878,62.6626,73.0,0.7,377.6,177.4,0.6966,0
1879,62.696,46.5,0.0,383.9,175.0,0.3956,0
1880,62.7293,70.5,1.0,348.9,171.5,0.6687,0
1881,62.7627,45.4,1.1,357.7,172.4,0.604,0
1882,62.7961,49.5,1.0,360.5,172.9,0.6441,0
1883,62.8294,55.9,1.2,355.2,177.6,0.4593,0
1884,62.8628,41.8,1.3,358.0,170.8,0.7584,0
1885,62.8962,60.1,2.3,355.0,171.3,0.6134,0
1886,62.9295,70.0,1.9,360.2,169.4,0.3288,0
1886,62.9295,77.2,1.6,357.6,168.2,0.2704,0
1887,62.9629,57.6,2.0,363.4,170.6,0.6937,0
1888,62.9963,89.9,2.1,348.1,169.6,0.6907,0
1889,63.0296,54.7,2.2,351.5,169.6,0.4284,0
1890,63.063,64.3,2.1,354.7,169.0,0.6831,0
1891,63.0964,55.3,1.5,360.8,169.7,0.8659,0
1892,63.1297,49.3,1.8,363.8,170.1,0.8393,0
1893,63.1631,69.5,1.5,369.6,171.0,0.7088,0
1894,63.1965,60.1,3.8,373.7,171.8,0.8416,0
1895,63.2298,52.3,0.4,372.5,172.9,0.8528,0
1896,63.2632,45.9,1.1,358.9,173.0,0.7594,0
1897,63.2966,70.0,0.3,361.6,170.7,0.7569,0
1898,63.3299,53.0,0.6,364.4,176.5,0.8064,0
1899,63.3633,47.2,1.5,362.4,172.4,0.8043,0
1900,63.3967,55.9,1.4,364.0,168.4,0.7405,0
1901,63.43,26.1,1.3,365.4,172.0,0.817,0
1902,63.4634,35.3,1.2,367.9,171.1,0.8317,0
1903,63.4968,42.7,0.8,359.4,177.1,0.8798,0
1904,63.5301,49.3,1.6,359.5,170.4,0.7941,0
1905,63.5635,98.4,1.8,359.6,167.5,0.8885,0
1906,63.5969,61.1,0.0,360.4,167.1,0.7584,0
1907,63.6302,65.4,0.9,358.3,168.4,0.6873,0
1907,63.6302,72.1,0.7,356.3,167.1,0.2477,0
1908,63.6636,49.7,1.1,356.5,170.7,0.813,0
1909,63.697,43.6,1.0,360.0,172.1,0.4564,0
1910,63.7303,34.3,1.3,358.1,174.7,0.8528,0
1911,63.7637,45.5,1.5,361.9,172.6,0.5503,0
1912,63.7971,57.3,2.3,363.2,168.1,0.6733,0
1913,63.8304,34.5,0.9,365.0,169.3,0.7785,0
1914,63.8638,37.6,0.5,348.8,169.4,0.2534,0
1915,63.8972,70.2,1.9,353.0,167.3,0.629,0
1916,63.9305,48.0,1.7,354.8,167.2,0.7413,0
1917,63.9639,37.1,1.2,354.8,170.6,0.678,0
1918,63.9973,40.1,1.6,350.0,172.6,0.2873,0
1919,64.0306,42.9,3.0,354.2,170.4,0.6892,0
1920,64.064,55.3,1.9,352.5,168.3,0.5169,0
1921,64.0974,45.4,3.2,353.3,176.5,0.3435,0
1922,64.1307,47.6,1.7,358.0,174.7,0.4304,0
1923,64.1641,56.7,4.2,354.1,167.5,0.6402,0
1924,64.1975,44.0,0.8,363.6,167.8,0.89,0
1925,64.2308,83.5,1.6,365.1,165.4,0.801,0
1926,64.2642,69.1,0.8,359.0,169.4,0.7898,0
1927,64.2976,92.1,1.0,351.4,165.9,0.8573,0
1928,64.3309,41.6,1.4,358.2,169.0,0.847,0
1929,64.3643,60.6,1.7,360.7,169.9,0.7786,0
1930,64.3977,86.5,1.1,362.9,168.6,0.8264,0
1931,64.431,74.0,0.9,364.2,166.9,0.8913,0
1932,64.4644,95.9,0.7,358.1,167.5,0.9309,0
1933,64.4978,74.6,0.8,359.8,169.6,0.8741,0
1934,64.5311,61.7,1.0,358.9,169.7,0.7653,0
1935,64.5645,87.6,1.3,356.6,170.4,0.676,0
1936,64.5979,61.6,0.8,354.4,168.7,0.8863,0
1937,64.6312,68.6,1.1,358.9,168.4,0.8471,0
1938,64.6646,53.5,0.9,362.0,168.4,0.7931,0
1939,64.698,42.6,0.2,355.6,169.6,0.8645,0
1940,64.7313,43.9,0.7,356.6,169.3,0.8401,0
1941,64.7647,27.6,0.0,365.0,172.2,0.5933,0
1942,64.7981,82.7,2.0,357.4,168.3,0.5964,0
1943,64.8314,75.4,1.4,361.2,168.0,0.8365,0
1944,64.8648,69.1,2.3,364.7,167.9,0.6916,0
1945,64.8982,33.6,1.0,357.4,171.4,0.735,0
1946,64.9315,52.1,2.2,354.5,170.0,0.5809,0
1947,64.9649,38.0,1.7,359.9,177.5,0.6951,0
1948,64.9983,54.1,1.7,357.9,172.8,0.7554,0
1949,65.0316,41.0,1.3,353.1,172.4,0.3977,0
1950,65.065,45.4,1.6,351.8,169.7,0.518,0
1951,65.0984,67.0,1.7,353.5,168.0,0.7114,0
1952,65.1317,44.1,1.5,354.1,178.2,0.3453,0
1953,65.1651,39.9,1.3,353.7,172.9,0.7262,0
1954,65.1985,45.6,1.3,348.2,169.3,0.6833,0
1955,65.2318,35.5,0.0,354.2,168.4,0.7542,0
1956,65.2652,66.2,0.6,354.8,179.2,0.7924,0
1957,65.2986,61.9,0.1,356.5,166.5,0.7986,0
1958,65.3319,56.0,1.6,360.2,172.9,0.8087,0
1959,65.3653,47.7,0.1,374.5,179.9,0.7904,0
1960,65.3987,65.7,0.4,367.5,175.5,0.8137,0
1961,65.432,71.2,2.2,357.5,180.6,0.5891,0
1962,65.4654,88.2,2.3,353.6,171.3,0.5793,0
1963,65.4988,86.5,2.3,359.5,169.7,0.5593,0
1964,65.5321,64.6,0.8,364.8,173.0,0.7858,0
1965,65.5655,46.5,0.5,367.2,171.3,0.9014,0
1966,65.5989,55.2,0.9,361.5,171.1,0.8359,0
1967,65.6322,86.0,0.8,357.2,167.5,0.806,0
1968,65.6656,54.6,1.4,370.6,172.4,0.8614,0
1969,65.699,51.5,1.8,358.7,170.1,0.5926,0
1970,65.7323,86.1,5.7,356.7,167.5,0.4573,0
1971,65.7657,94.6,0.7,367.1,168.6,0.8289,0
1972,65.7991,48.5,1.3,355.5,170.0,0.7172,0
1973,65.8324,71.6,2.5,356.7,173.2,0.7547,0
1974,65.8658,67.4,1.7,363.0,180.3,0.5687,0
1975,65.8992,68.7,0.6,360.8,169.7,0.82,0
1976,65.9325,51.4,0.9,351.4,170.5,0.5516,0
1977,65.9659,91.0,0.3,352.7,172.3,0.2168,0
1978,65.9993,40.1,1.5,357.5,182.6,0.3258,0
1979,66.0326,44.0,0.4,354.6,188.8,0.405,0
1980,66.066,48.2,0.6,348.8,174.4,0.6494,0
1981,66.0994,44.4,0.7,351.4,179.0,0.4802,0
1982,66.1327,41.8,1.4,353.5,175.7,0.5567,0
1983,66.1661,61.9,0.0,355.0,170.3,0.834,0
1984,66.1995,49.6,4.1,353.6,170.1,0.2901,0
1984,66.1995,71.7,5.0,352.8,167.5,0.1215,0
1985,66.2328,65.7,1.1,353.3,168.5,0.7656,0
1986,66.2662,47.1,2.4,355.2,169.5,0.5776,0
1987,66.2996,39.4,1.4,364.3,171.2,0.7302,0
1988,66.3329,72.9,3.8,365.7,175.8,0.5437,0
1989,66.3663,62.7,4.2,371.3,169.0,0.4142,0
1990,66.3997,69.3,0.7,380.3,179.6,0.4545,0
1991,66.433,67.3,2.7,374.1,177.8,0.2418,0
1992,66.4664,90.8,1.3,359.0,172.4,0.2175,0
1993,66.4998,,,,,,
1994,66.5331,62.0,1.1,355.9,178.7,0.5766,0
1995,66.5665,54.1,1.6,367.3,182.5,0.6475,0
1996,66.5999,88.8,0.8,368.5,170.4,0.7343,0
1997,66.6332,97.4,0.6,355.0,169.1,0.8008,0
1998,66.6666,106.5,1.5,347.5,168.6,0.2691,0
1999,66.7,85.5,0.6,354.2,171.5,0.6153,0
2000,66.7333,35.7,0.4,352.5,173.8,0.8335,0
2001,66.7667,86.9,0.7,358.0,177.1,0.7992,0
2002,66.8001,49.8,1.2,369.9,174.5,0.7827,0
2003,66.8334,49.4,3.0,372.6,173.7,0.7623,0
2004,66.8668,83.7,0.9,380.4,176.4,0.5849,0
2005,66.9002,87.7,1.1,380.5,176.1,0.7519,0
2006,66.9335,91.7,0.5,356.6,184.1,0.7401,0
2007,66.9669,101.1,1.8,357.5,180.2,0.5983,0
2008,67.0003,99.1,0.6,362.8,171.4,0.8866,0
2009,67.0336,82.4,1.1,360.7,170.2,0.6288,0
2010,67.067,65.9,2.0,355.6,168.6,0.7018,0
2011,67.1004,94.4,1.9,359.8,168.8,0.8246,0
2012,67.1337,90.1,1.0,355.6,173.6,0.6911,0
2013,67.1671,70.5,0.0,359.7,169.0,0.7935,0
2014,67.2005,56.0,0.4,359.1,170.6,0.6848,0
2015,67.2338,84.1,0.4,366.0,174.4,0.8311,0
2016,67.2672,55.0,0.0,357.7,169.8,0.3279,0
2017,67.3006,81.8,1.6,352.9,167.6,0.1586,0
2018,67.3339,80.7,3.0,356.1,167.6,0.6027,0
2019,67.3673,100.1,1.6,351.1,169.0,0.545,0
2020,67.4007,69.0,1.7,350.3,169.5,0.4997,0
2021,67.434,66.3,1.8,354.7,169.1,0.562,0
2022,67.4674,52.3,0.9,367.4,169.2,0.8853,0
2023,67.5008,28.9,1.3,366.9,170.7,0.4889,0
2024,67.5341,72.7,2.5,362.2,173.6,0.7719,0
2025,67.5675,76.8,1.7,347.4,166.9,0.4564,0
2026,67.6009,62.5,2.2,350.1,168.8,0.3797,0
2027,67.6342,61.3,1.0,353.7,169.7,0.4457,0
2028,67.6676,70.7,2.5,352.0,170.4,0.4719,0
2029,67.701,75.3,0.5,356.0,169.0,0.8419,0
2030,67.7343,64.3,0.3,365.4,170.8,0.6323,0
2031,67.7677,56.9,0.1,367.8,176.3,0.7394,0
2032,67.8011,61.0,0.5,366.3,173.4,0.8005,0
2033,67.8344,96.6,0.1,360.2,167.8,0.5938,0
2034,67.8678,54.7,0.7,363.1,169.3,0.4593,0
2035,67.9012,46.9,0.9,367.8,169.9,0.7705,0
2036,67.9345,83.5,1.4,358.3,168.5,0.7674,0
2037,67.9679,86.6,1.4,360.4,168.5,0.5436,0
2038,68.0013,81.8,1.3,373.0,167.4,0.8429,0
2039,68.0346,74.0,3.5,374.6,167.2,0.8043,0
2040,68.068,46.6,1.0,354.1,168.7,0.8489,0
2041,68.1014,42.4,1.5,355.1,168.1,0.8716,0
2042,68.1347,93.4,0.7,360.8,167.5,0.8939,0
2043,68.1681,83.3,0.8,345.9,167.5,0.7815,0
2044,68.2015,39.3,0.0,351.0,169.4,0.6397,0
2045,68.2348,79.6,0.4,348.3,167.6,0.8308,0
2046,68.2682,76.3,0.8,353.9,171.5,0.742,0
2047,68.3016,72.3,1.3,353.6,179.9,0.7719,0
2048,68.3349,80.9,1.6,355.4,173.1,0.8165,0
2049,68.3683,89.3,1.5,354.1,169.6,0.8188,0
2050,68.4017,93.8,1.6,358.8,167.7,0.5585,0
2051,68.435,46.4,1.8,355.7,167.6,0.6871,0
2052,68.4684,76.5,0.6,354.6,167.6,0.7832,0
2053,68.5018,63.5,0.3,356.9,167.4,0.7469,0
2054,68.5351,69.6,0.5,358.8,167.8,0.7036,0
2055,68.5685,46.1,0.4,363.0,169.0,0.7157,0
2056,68.6019,79.7,1.4,367.8,167.0,0.6849,0
2057,68.6352,86.5,1.9,360.7,166.6,0.3605,0
2058,68.6686,91.1,1.1,357.0,166.0,0.688,0
2059,68.702,84.8,0.8,357.0,165.8,0.7587,0
2060,68.7353,69.1,1.1,367.1,166.1,0.7754,0
2061,68.7687,46.1,1.0,360.8,168.1,0.3103,0
2061,68.7687,58.1,1.0,358.5,167.2,0.1094,0
2062,68.8021,62.6,3.0,364.6,168.4,0.8026,0
2063,68.8354,66.8,1.3,358.8,167.0,0.7691,0
2064,68.8688,68.7,1.0,364.4,166.3,0.856,0
2065,68.9022,65.9,0.0,375.2,171.3,0.7905,0
2066,68.9355,65.5,1.0,353.4,168.0,0.8376,0
2067,68.9689,92.3,1.6,355.9,167.5,0.8389,0
2068,69.0023,75.7,1.2,359.6,168.2,0.7892,0
2069,69.0356,46.8,1.0,361.6,166.9,0.7713,0
2070,69.069,49.2,1.0,357.7,168.4,0.8773,0
2071,69.1024,37.6,0.1,365.3,168.3,0.8825,0
2072,69.1357,61.1,1.7,363.9,167.3,0.8648,0
2073,69.1691,48.8,1.3,359.4,169.6,0.6446,0
2074,69.2025,58.8,2.2,373.7,169.1,0.8066,0
2075,69.2358,64.8,0.5,378.6,168.8,0.7801,0
2076,69.2692,68.6,2.0,355.0,168.9,0.8058,0
2077,69.3026,46.7,1.8,355.6,172.0,0.6973,0
2078,69.3359,46.9,1.1,355.4,180.0,0.7757,0
2079,69.3693,48.9,1.0,362.9,174.5,0.8113,0
2080,69.4027,46.3,2.4,374.5,173.5,0.7564,0
2081,69.436,39.0,0.5,374.0,174.8,0.8476,0
2082,69.4694,79.2,1.1,354.7,168.2,0.712,0
2083,69.5028,61.9,0.4,360.7,168.0,0.7602,0
2084,69.5361,84.0,1.7,353.5,167.1,0.7324,0
2085,69.5695,69.5,1.8,354.0,168.0,0.7132,0
2086,69.6029,58.8,0.0,354.9,167.8,0.7966,0
2086,69.6029,40.1,0.0,355.7,169.6,0.1934,0
2087,69.6362,73.6,0.5,356.1,168.0,0.8441,0
2088,69.6696,79.5,0.8,355.4,169.5,0.7692,0
2089,69.703,56.2,0.7,357.4,168.5,0.8947,0
2090,69.7363,67.6,0.6,357.2,167.6,0.8588,0
2091,69.7697,43.7,1.9,354.8,169.1,0.2984,0
2092,69.8031,107.6,2.0,353.1,167.5,0.833,0
2093,69.8364,90.7,1.4,354.7,167.6,0.6409,0
2094,69.8698,68.0,1.5,357.7,168.6,0.3308,0
2095,69.9032,38.6,2.0,347.6,170.0,0.1688,0
2096,69.9365,51.4,0.8,348.7,168.9,0.6796,0
2097,69.9699,51.6,1.4,349.2,169.1,0.3825,0
2098,70.0033,43.8,0.8,356.1,172.1,0.5976,0
2098,70.0033,61.3,0.8,355.0,170.8,0.1446,0
2099,70.0366,83.3,1.2,355.2,169.8,0.5905,0
2100,70.07,39.6,1.1,351.0,170.8,0.5212,0
2100,70.07,63.7,1.0,350.7,170.4,0.4027,0
2101,70.1034,59.2,2.1,355.1,171.0,0.677,0
2102,70.1367,38.1,1.6,352.9,175.7,0.2553,0
2103,70.1701,90.3,1.0,347.5,168.3,0.5932,0
2104,70.2035,45.0,1.1,347.5,169.8,0.5837,0
2105,70.2368,43.5,1.7,349.8,172.3,0.6417,0
2106,70.2702,42.2,1.1,348.7,170.1,0.7029,0
2107,70.3036,69.8,3.4,350.9,169.1,0.2594,0
2108,70.3369,75.4,1.7,356.4,167.7,0.4926,0
2108,70.3369,57.3,1.7,358.6,169.0,0.2118,0
2109,70.3703,65.9,1.7,357.1,170.4,0.6483,0
2110,70.4037,63.7,0.9,354.3,169.3,0.7023,0
2111,70.437,95.8,1.8,353.7,165.4,0.7464,0
2112,70.4704,22.7,0.5,349.7,171.3,0.8415,0
2113,70.5038,48.0,0.8,350.4,169.7,0.6624,0
2114,70.5371,52.3,1.2,350.8,170.3,0.7858,0
2115,70.5705,47.1,2.0,354.8,174.1,0.8462,0
2116,70.6039,50.0,1.4,352.9,179.3,0.8379,0
2117,70.6372,51.0,1.2,353.4,172.4,0.869,0
2118,70.6706,54.4,1.6,350.3,168.4,0.8192,0
2119,70.704,44.7,1.2,353.5,170.2,0.7181,0
2120,70.7373,87.1,1.7,355.8,167.7,0.7095,0
2121,70.7707,87.0,1.3,357.9,169.0,0.7698,0
2122,70.8041,53.5,1.1,355.1,171.4,0.7591,0
2123,70.8374,79.6,1.2,350.2,174.2,0.7162,0
2124,70.8708,99.6,0.8,346.4,168.8,0.7253,0
2125,70.9042,45.7,1.6,353.1,170.6,0.3702,0
2126,70.9375,44.3,1.2,362.9,173.3,0.7847,0
2127,70.9709,58.6,0.5,368.4,170.6,0.772,0
2128,71.0043,54.1,0.1,377.6,168.5,0.8351,0
2129,71.0376,42.6,1.6,364.6,168.1,0.6646,0
2129,71.0376,36.8,1.5,367.7,169.6,0.5138,0
2130,71.071,60.7,0.0,373.8,169.6,0.8813,0
2131,71.1044,37.3,2.0,373.7,172.9,0.6346,0
2132,71.1377,61.1,0.4,367.0,172.6,0.6124,0
2133,71.1711,73.2,3.8,368.4,169.3,0.5458,0
2134,71.2045,40.6,0.9,378.2,170.9,0.6968,0
2135,71.2378,38.1,0.0,356.8,172.1,0.7009,0
2136,71.2712,43.4,0.5,362.0,172.2,0.8322,0
2137,71.3046,43.8,0.3,365.5,169.5,0.761,0
2138,71.3379,80.9,3.0,351.8,171.6,0.6237,0
2139,71.3713,89.4,1.9,352.9,175.7,0.6172,0
2140,71.4047,46.2,1.3,365.8,179.5,0.7246,0
2141,71.438,76.2,0.8,361.9,172.1,0.6139,0
2142,71.4714,69.7,0.9,363.0,174.9,0.7196,0
2143,71.5048,66.4,0.7,359.3,176.0,0.7053,0
2144,71.5381,89.0,0.5,368.2,168.6,0.8411,0
2145,71.5715,56.2,0.3,370.7,169.6,0.8225,0
2146,71.6049,47.4,0.8,375.5,169.5,0.8303,0
2147,71.6382,46.7,0.0,378.2,170.3,0.697,0
2148,71.6716,34.8,0.7,373.5,170.9,0.8173,0
2149,71.705,35.2,0.4,366.8,172.1,0.7209,0
2150,71.7383,48.2,0.0,367.3,170.3,0.8312,0
2151,71.7717,42.6,0.6,357.2,171.0,0.6484,0
2152,71.8051,53.6,1.5,361.3,168.6,0.7625,0
2153,71.8384,40.2,0.1,363.9,170.0,0.6679,0
2154,71.8718,73.4,2.0,365.3,166.7,0.5084,0
2155,71.9052,51.8,1.0,373.5,168.7,0.6127,0
2156,71.9385,57.2,0.2,374.7,168.3,0.8838,0
2157,71.9719,75.9,0.6,355.8,168.4,0.8243,0
2158,72.0053,66.1,3.6,353.3,168.7,0.4242,0
2159,72.0386,51.5,1.7,360.5,170.6,0.4426,0
2160,72.072,33.8,1.1,359.4,170.0,0.8437,0
2161,72.1054,26.6,2.3,363.0,170.3,0.5094,0
2162,72.1387,35.8,1.6,368.3,169.8,0.7714,0
2163,72.1721,37.1,2.7,358.4,168.9,0.4356,0
2164,72.2055,51.6,1.4,358.9,168.5,0.6679,0
2165,72.2388,44.2,1.2,357.5,171.0,0.5128,0
2166,72.2722,52.3,3.1,353.4,168.9,0.4145,0
2167,72.3056,52.5,3.3,354.1,169.1,0.7087,0
2168,72.3389,55.6,1.7,350.1,169.9,0.581,0
2169,72.3723,65.2,1.9,360.6,167.8,0.5834,0
2170,72.4057,42.7,1.1,355.3,169.7,0.7649,0
2171,72.439,56.1,1.5,356.4,173.2,0.5873,0
2172,72.4724,64.0,0.5,355.2,169.6,0.593,0
2173,72.5058,61.4,2.2,354.6,167.6,0.6651,0
2174,72.5391,67.2,1.4,359.0,169.3,0.41,0
2175,72.5725,29.2,1.9,366.9,171.3,0.5621,0
2176,72.6059,47.1,0.8,361.4,167.9,0.6647,0
2177,72.6392,40.0,1.6,357.2,168.2,0.3705,0
2178,72.6726,76.4,1.3,356.5,168.9,0.618,0
2179,72.706,91.9,1.6,353.3,168.2,0.8082,0
2180,72.7393,50.0,2.4,350.9,170.5,0.6936,0
2181,72.7727,58.7,2.0,349.6,170.5,0.5406,0
2182,72.8061,60.4,1.8,349.9,168.2,0.7489,0
2183,72.8394,51.0,0.8,349.7,168.1,0.8008,0
2184,72.8728,40.0,2.0,352.5,168.9,0.5285,0
2185,72.9062,55.3,2.4,353.2,169.9,0.5514,0
2186,72.9395,40.1,1.1,347.4,169.4,0.706,0
2187,72.9729,50.0,1.1,352.4,169.2,0.5783,0
2188,73.0063,31.9,1.5,354.3,168.8,0.6852,0
2189,73.0396,32.6,0.9,360.9,170.0,0.7791,0
2190,73.073,66.3,2.2,349.8,169.7,0.5054,0
2191,73.1064,62.5,2.0,351.8,169.9,0.4574,0
2192,73.1397,59.2,1.9,354.8,170.0,0.68,0
2193,73.1731,93.6,2.3,353.8,168.0,0.8287,0
2194,73.2065,60.1,2.4,358.1,170.5,0.6934,0
2195,73.2398,60.4,2.2,362.0,168.1,0.6578,0
2196,73.2732,56.3,1.0,362.8,172.8,0.7705,0
2197,73.3066,42.9,1.2,364.1,172.6,0.6534,0
2198,73.3399,51.3,1.0,374.5,170.3,0.8977,0
2199,73.3733,62.9,0.0,369.4,173.9,0.7554,0
2200,73.4067,31.4,1.4,377.1,179.4,0.3749,0
2201,73.44,41.4,0.3,360.8,175.9,0.5802,0
2202,73.4734,47.2,1.1,358.2,170.8,0.5844,0
2203,73.5068,40.6,0.8,367.1,174.3,0.8135,0
2204,73.5401,36.9,0.8,372.7,171.1,0.2621,0
2204,73.5401,41.1,0.9,370.2,169.5,0.1897,0
2205,73.5735,60.6,1.3,368.0,168.7,0.8199,0
2206,73.6069,51.5,0.6,353.9,174.7,0.6242,0
2207,73.6402,74.2,0.8,356.7,169.8,0.8842,0
2208,73.6736,58.2,0.9,353.2,172.4,0.6473,0
2209,73.707,54.8,1.1,355.1,172.3,0.3725,0
2210,73.7403,46.6,0.1,362.4,172.6,0.4111,0
2211,73.7737,44.4,1.5,365.0,171.8,0.6027,0
2212,73.8071,59.1,2.3,361.6,169.7,0.674,0
2213,73.8404,33.5,0.5,357.9,175.8,0.686,0
2214,73.8738,40.1,0.3,356.5,172.4,0.3813,0
2215,73.9072,48.6,0.5,355.6,169.2,0.7573,0
2216,73.9405,42.2,0.8,360.5,173.4,0.7979,0
2217,73.9739,45.1,2.5,358.3,173.8,0.5905,0
2218,74.0073,55.1,2.2,354.2,171.3,0.4767,0
2219,74.0406,55.7,1.2,356.2,170.4,0.4677,0
2220,74.074,43.3,1.6,361.1,171.7,0.7602,0
2221,74.1074,38.1,1.7,359.9,175.8,0.7866,0
2222,74.1407,32.2,0.7,351.9,171.2,0.7229,0
2223,74.1741,44.7,1.7,358.1,177.1,0.7158,0
2224,74.2075,79.2,1.8,360.0,168.5,0.8068,0
2225,74.2408,91.5,1.6,355.5,169.0,0.8701,0
2226,74.2742,78.7,1.5,358.4,167.4,0.4943,0
2227,74.3076,39.3,0.9,359.5,168.8,0.6626,0
2228,74.3409,87.4,1.0,367.8,168.8,0.8234,0
2229,74.3743,90.6,1.7,375.4,167.6,0.8419,0
2230,74.4077,58.7,2.9,379.4,168.0,0.7806,0
2231,74.441,50.0,0.0,375.2,170.2,0.8452,0
2232,74.4744,36.8,0.5,369.4,171.2,0.7946,0
2233,74.5078,33.2,1.4,360.7,171.0,0.8254,0
2234,74.5411,29.7,0.6,362.5,172.9,0.709,0
2235,74.5745,57.4,0.2,354.4,167.3,0.6947,0
2236,74.6079,22.8,1.8,360.2,168.8,0.6942,0
2237,74.6412,64.4,1.5,365.7,166.5,0.7627,0
2238,74.6746,45.4,0.2,354.1,167.8,0.5404,0
2239,74.708,75.7,0.8,364.9,167.5,0.8343,0
2240,74.7413,73.9,0.5,363.6,169.8,0.7475,0
2241,74.7747,60.6,0.6,359.3,170.1,0.7759,0
2242,74.8081,43.9,1.0,362.7,170.0,0.8258,0
2243,74.8414,51.1,1.5,362.7,173.3,0.8638,0
2244,74.8748,69.9,0.7,357.0,168.5,0.8579,0
2245,74.9082,20.5,0.8,356.9,170.1,0.4339,0
2246,74.9415,42.7,1.7,357.0,172.4,0.1964,0
2247,74.9749,72.6,1.6,359.0,169.2,0.6807,0
2248,75.0083,55.1,1.8,360.1,169.1,0.6376,0
2249,75.0416,70.5,1.1,362.2,169.4,0.7322,0
2250,75.075,63.4,1.4,356.6,174.7,0.8613,0
2251,75.1084,48.8,1.3,355.0,172.5,0.5123,0
2252,75.1417,53.3,1.4,362.8,174.9,0.4,0
2253,75.1751,42.7,0.9,355.3,180.7,0.6311,0
2254,75.2085,96.7,2.8,355.4,169.1,0.7987,0
2255,75.2418,35.2,0.7,359.1,184.0,0.6686,0
2256,75.2752,91.2,1.9,358.9,178.7,0.5624,0
2257,75.3086,68.6,1.7,367.2,184.9,0.6285,0
2258,75.3419,50.7,1.7,356.3,179.1,0.2452,0
2259,75.3753,76.5,2.3,357.5,171.0,0.7083,0
2260,75.4087,83.5,2.4,359.4,171.4,0.8258,0
2261,75.442,58.2,0.4,365.8,171.4,0.8217,0
2262,75.4754,46.8,1.9,355.5,171.0,0.7827,0
2263,75.5088,65.6,1.3,355.7,171.4,0.7723,0
2264,75.5421,62.0,0.2,355.1,172.2,0.6687,0
2265,75.5755,50.1,2.2,357.8,175.0,0.3946,0
2266,75.6089,42.8,3.5,360.3,184.2,0.3252,0
2267,75.6422,53.9,1.5,360.3,189.3,0.2713,0
2268,75.6756,88.8,1.0,352.9,174.8,0.612,0
2269,75.709,69.3,1.4,357.4,175.2,0.2669,0
2270,75.7423,51.3,2.9,362.7,167.9,0.6775,0
2271,75.7757,84.9,1.3,361.3,168.5,0.8224,0
2272,75.8091,41.7,1.3,359.9,173.6,0.8123,0
2273,75.8424,42.2,1.0,355.6,178.1,0.7932,0
2274,75.8758,84.3,0.6,363.8,167.7,0.8658,0
2275,75.9092,54.1,0.3,362.8,172.8,0.8386,0
2276,75.9425,42.7,0.2,352.8,179.5,0.8707,0
2277,75.9759,49.0,0.6,355.0,179.9,0.7656,0
2278,76.0093,72.1,1.1,361.1,175.9,0.769,0
2279,76.0426,62.2,1.4,364.0,178.3,0.4625,0
2280,76.076,56.5,1.1,365.9,174.3,0.5866,0
2281,76.1094,100.6,1.4,355.3,169.4,0.4038,0
2282,76.1427,80.5,2.1,364.4,166.4,0.7198,0
2283,76.1761,92.4,3.4,359.8,165.9,0.628,0
2284,76.2095,71.3,1.3,361.3,167.2,0.8621,0
2285,76.2428,74.1,0.4,364.6,166.6,0.8601,0
2286,76.2762,45.1,1.1,351.4,169.2,0.637,0
2287,76.3096,24.7,1.1,360.9,175.8,0.6586,0
2288,76.3429,42.2,1.3,361.2,171.9,0.5243,0
2289,76.3763,35.7,2.2,350.6,170.9,0.698,0
2290,76.4097,36.5,0.9,350.3,169.4,0.672,0
2291,76.443,34.8,0.3,353.0,168.2,0.8139,0
2292,76.4764,43.3,1.7,355.9,172.1,0.747,0
2293,76.5098,36.5,0.8,358.7,171.2,0.5883,0
2294,76.5431,64.6,1.5,358.3,170.8,0.6826,0
2295,76.5765,40.7,0.2,359.0,170.0,0.879,0
2296,76.6099,35.0,1.4,354.5,169.7,0.7709,0
2297,76.6432,49.8,1.2,358.1,169.7,0.722,0
2298,76.6766,116.1,2.4,357.3,165.8,0.5452,0
2299,76.71,104.3,3.2,360.7,167.3,0.672,0
2300,76.7433,58.5,1.4,364.4,169.0,0.6832,0
2301,76.7767,53.6,1.0,357.9,170.1,0.7755,0
2302,76.8101,67.9,1.7,366.4,168.3,0.8295,0
2303,76.8434,40.9,1.8,360.9,171.0,0.7511,0
2304,76.8768,36.0,6.0,349.0,171.2,0.4754,0
2305,76.9102,28.7,0.6,350.5,170.0,0.8235,0
2306,76.9435,72.4,1.4,353.8,169.5,0.5162,0
2306,76.9435,84.9,1.2,352.7,169.2,0.2356,0
2307,76.9769,71.1,0.6,360.9,170.9,0.8531,0
2308,77.0103,61.3,0.9,365.4,170.8,0.8428,0
2309,77.0436,45.0,1.6,360.7,168.9,0.701,0
2310,77.077,48.5,1.2,354.8,169.3,0.7131,0
2311,77.1104,94.2,1.7,354.6,168.5,0.8419,0
2312,77.1437,44.3,1.7,354.6,171.2,0.415,0
2313,77.1771,54.8,1.1,353.5,170.4,0.4974,0
2314,77.2105,47.0,1.4,353.8,169.7,0.8147,0
2315,77.2438,76.8,2.0,355.5,168.3,0.7447,0
2316,77.2772,48.0,0.4,364.3,167.6,0.85,0
2317,77.3106,47.8,0.5,365.4,167.8,0.7057,0
2317,77.3106,40.4,0.5,367.8,168.6,0.186,0
2318,77.3439,32.6,0.0,369.1,168.8,0.8541,0
2319,77.3773,43.3,0.6,351.6,168.2,0.7336,0
2320,77.4107,74.0,1.3,353.7,167.9,0.7658,0
2321,77.444,43.3,2.0,357.1,172.6,0.7738,0
2322,77.4774,34.4,1.3,355.5,171.5,0.8566,0
2323,77.5108,41.4,0.9,354.6,171.4,0.8455,0
2324,77.5441,41.4,1.1,355.7,179.8,0.7223,0
2325,77.5775,57.0,0.9,363.4,171.0,0.759,0
2326,77.6109,62.0,0.6,353.4,168.5,0.8293,0
2327,77.6442,50.7,1.0,354.0,168.4,0.8356,0
2328,77.6776,85.8,0.8,353.0,168.8,0.8868,0
2329,77.711,73.1,0.6,351.2,169.5,0.864,0
2330,77.7443,112.9,3.6,349.0,166.3,0.8268,0
2331,77.7777,49.6,1.7,354.7,170.4,0.606,0
2332,77.8111,41.3,1.4,367.0,173.2,0.7305,0
2332,77.8111,64.0,1.1,362.4,169.8,0.2767,0
2333,77.8444,34.4,1.7,368.7,176.2,0.7117,0
2334,77.8778,98.6,0.8,356.1,169.1,0.7966,0
2335,77.9112,53.7,1.7,357.4,170.5,0.7208,0
2336,77.9445,54.0,1.0,354.1,177.5,0.7393,0
2337,77.9779,40.5,2.4,352.7,170.6,0.6111,0
2338,78.0113,57.7,0.4,361.1,169.1,0.7581,0
2339,78.0446,100.1,0.7,366.4,169.7,0.8797,0
2340,78.078,85.0,1.4,365.7,168.5,0.896,0
2341,78.1114,50.1,4.4,360.0,170.5,0.2475,0
2341,78.1114,64.1,7.5,357.2,168.4,0.2392,0
2342,78.1447,55.9,0.6,361.6,186.5,0.7504,0
2343,78.1781,75.5,1.2,355.8,168.5,0.8733,0
2344,78.2115,102.3,1.4,355.3,167.4,0.7732,0
2344,78.2115,100.5,1.0,354.2,167.0,0.1415,0
2345,78.2448,23.5,0.1,358.0,167.4,0.827,0
2346,78.2782,38.9,0.4,354.8,168.2,0.6736,0
2347,78.3116,99.1,0.0,352.2,166.0,0.764,0
2348,78.3449,105.0,1.1,350.0,167.3,0.81,0
2349,78.3783,57.6,1.0,352.0,170.2,0.5477,0
2350,78.4117,46.4,0.9,353.4,169.7,0.8158,0
2351,78.445,44.2,0.4,356.6,169.2,0.8641,0
2352,78.4784,31.1,0.4,365.0,174.7,0.785,0
2353,78.5118,33.4,0.0,368.1,176.7,0.86,0
2354,78.5451,37.5,0.2,363.3,176.1,0.7881,0
2355,78.5785,57.8,1.4,356.1,170.7,0.5531,0
2356,78.6119,80.4,0.3,369.2,168.4,0.8598,0
2357,78.6452,62.7,1.2,375.3,168.4,0.8245,0
2358,78.6786,47.2,1.2,353.9,176.6,0.5409,0
2359,78.712,84.1,0.4,354.3,167.4,0.7391,0
2360,78.7453,89.3,1.6,359.1,168.7,0.7237,0
2361,78.7787,72.8,2.0,369.5,169.6,0.7988,0
2362,78.8121,50.9,1.5,379.0,171.6,0.8034,0
2363,78.8454,61.9,0.1,368.0,174.8,0.6357,0
2364,78.8788,49.0,1.1,369.6,169.4,0.7533,0
2365,78.9122,94.0,2.3,351.8,168.6,0.7653,0
2366,78.9455,80.8,0.9,357.1,170.5,0.7467,0
2367,78.9789,69.6,0.8,354.3,169.4,0.6534,0
2368,79.0123,96.1,0.7,354.8,167.5,0.6799,0
2369,79.0456,60.1,3.4,357.7,169.5,0.34,0
2370,79.079,39.5,1.5,352.5,169.1,0.615,0
2371,79.1124,91.4,2.2,356.0,168.4,0.3507,0
2372,79.1457,30.2,1.5,356.4,173.5,0.526,0
2373,79.1791,84.7,1.7,349.9,171.8,0.5262,0
2374,79.2125,84.2,0.7,356.0,169.3,0.8207,0
2375,79.2458,78.8,0.3,357.5,173.3,0.5277,0
2376,79.2792,74.9,1.1,355.9,170.3,0.4078,0
2377,79.3126,95.1,4.4,358.2,167.5,0.6696,0
2378,79.3459,94.2,0.7,354.6,167.2,0.7842,0
2379,79.3793,96.0,0.6,353.1,166.4,0.849,0
2380,79.4127,68.7,1.6,356.6,167.0,0.6942,0
2381,79.446,93.0,0.7,352.2,166.6,0.3601,0
2382,79.4794,101.6,1.2,351.8,166.1,0.7104,0
2383,79.5128,58.1,2.3,353.1,167.8,0.5142,0
2384,79.5461,45.7,1.9,355.8,171.4,0.6119,0
2385,79.5795,62.7,1.6,360.0,170.5,0.7392,0
2386,79.6129,94.5,1.1,360.5,170.2,0.6932,0
2387,79.6462,87.8,1.4,354.7,167.2,0.4313,0
2388,79.6796,96.9,1.7,354.7,168.1,0.7425,0
2389,79.713,39.7,0.2,355.1,170.6,0.7685,0
2390,79.7463,45.3,0.0,351.8,170.3,0.7927,0
2391,79.7797,43.1,0.9,355.2,170.0,0.7672,0
2392,79.8131,43.9,0.4,357.9,171.5,0.7645,0
2393,79.8464,31.3,0.2,355.8,171.0,0.7795,0
2394,79.8798,73.7,0.5,365.8,171.4,0.6031,0
2395,79.9132,81.4,0.1,362.8,168.6,0.7066,0
2396,79.9465,56.9,0.0,355.1,172.9,0.4324,0
2397,79.9799,81.6,0.8,357.3,166.8,0.8175,0
2398,80.0133,58.8,0.0,365.2,168.3,0.8373,0
2399,80.0466,34.6,0.5,360.4,170.2,0.7479,0
2400,80.08,19.6,0.0,355.7,168.9,0.7367,0
2401,80.1134,37.8,0.9,352.6,172.0,0.5402,0
2402,80.1467,31.7,0.5,357.2,171.3,0.7711,0
2403,80.1801,102.4,1.4,356.4,172.5,0.5273,0
2404,80.2135,62.5,5.1,353.8,171.4,0.1888,0
2405,80.2468,43.8,0.0,352.4,174.3,0.8292,0
