frame,time_s,x1,y1,x2,y2,conf,cls
0,0.0,,,,,,
1,0.0334,,,,,,
2,0.0667,,,,,,
3,0.1001,,,,,,
4,0.1335,,,,,,
5,0.1668,,,,,,
6,0.2002,,,,,,
7,0.2336,,,,,,
8,0.2669,,,,,,
9,0.3003,,,,,,
10,0.3337,,,,,,
11,0.367,,,,,,
12,0.4004,,,,,,
13,0.4338,,,,,,
14,0.4671,,,,,,
15,0.5005,,,,,,
16,0.5339,,,,,,
17,0.5672,,,,,,
18,0.6006,75.1,328.5,93.1,351.7,0.1097,0
19,0.634,75.3,338.6,92.2,351.7,0.1897,0
20,0.6673,73.5,339.2,92.2,351.9,0.3685,0
21,0.7007,67.0,340.7,91.0,351.9,0.1666,0
22,0.7341,66.5,342.0,89.4,352.0,0.1992,0
23,0.7674,,,,,,
24,0.8008,,,,,,
25,0.8342,,,,,,
26,0.8675,,,,,,
27,0.9009,,,,,,
28,0.9343,,,,,,
29,0.9676,,,,,,
30,1.001,,,,,,
31,1.0344,,,,,,
32,1.0677,,,,,,
33,1.1011,,,,,,
34,1.1345,,,,,,
35,1.1678,,,,,,
36,1.2012,,,,,,
37,1.2346,,,,,,
38,1.2679,,,,,,
39,1.3013,,,,,,
40,1.3347,,,,,,
41,1.368,,,,,,
42,1.4014,,,,,,
43,1.4348,,,,,,
44,1.4681,,,,,,
45,1.5015,,,,,,
46,1.5349,,,,,,
47,1.5682,,,,,,
48,1.6016,,,,,,
49,1.635,,,,,,
50,1.6683,,,,,,
51,1.7017,,,,,,
52,1.7351,,,,,,
53,1.7684,,,,,,
54,1.8018,,,,,,
55,1.8352,,,,,,
56,1.8685,,,,,,
57,1.9019,,,,,,
58,1.9353,,,,,,
59,1.9686,,,,,,
60,2.002,,,,,,
61,2.0354,,,,,,
62,2.0687,,,,,,
63,2.1021,,,,,,
64,2.1355,,,,,,
65,2.1688,,,,,,
66,2.2022,,,,,,
67,2.2356,,,,,,
68,2.2689,,,,,,
69,2.3023,,,,,,
70,2.3357,,,,,,
71,2.369,,,,,,
72,2.4024,,,,,,
73,2.4358,,,,,,
74,2.4691,,,,,,
75,2.5025,,,,,,
76,2.5359,,,,,,
77,2.5692,,,,,,
78,2.6026,,,,,,
79,2.636,,,,,,
80,2.6693,,,,,,
81,2.7027,,,,,,
82,2.7361,,,,,,
83,2.7694,,,,,,
84,2.8028,51.2,341.4,70.8,351.9,0.1699,0
85,2.8362,,,,,,
86,2.8695,,,,,,
87,2.9029,,,,,,
88,2.9363,,,,,,
89,2.9696,,,,,,
90,3.003,,,,,,
91,3.0364,,,,,,
92,3.0697,,,,,,
93,3.1031,,,,,,
94,3.1365,,,,,,
95,3.1698,,,,,,
96,3.2032,62.7,325.4,78.6,351.0,0.1384,0
97,3.2366,,,,,,
98,3.2699,,,,,,
99,3.3033,,,,,,
100,3.3367,,,,,,
101,3.37,,,,,,
102,3.4034,,,,,,
103,3.4368,67.9,324.5,84.0,350.8,0.1031,0
104,3.4701,65.6,325.0,84.2,351.6,0.2775,0
105,3.5035,63.7,325.0,84.8,352.0,0.1453,0
106,3.5369,64.8,322.0,84.4,351.9,0.1355,0
107,3.5702,64.7,321.4,85.1,351.8,0.2516,0
108,3.6036,,,,,,
109,3.637,65.4,321.8,86.1,351.9,0.1795,0
110,3.6703,,,,,,
111,3.7037,,,,,,
112,3.7371,,,,,,
113,3.7704,,,,,,
114,3.8038,,,,,,
115,3.8372,69.3,331.0,86.3,351.7,0.2163,0
116,3.8705,69.7,332.4,86.2,351.5,0.2449,0
117,3.9039,67.8,329.7,86.0,351.6,0.1316,0
118,3.9373,66.8,332.9,85.7,351.6,0.2404,0
119,3.9706,67.2,333.2,85.2,351.5,0.1854,0
120,4.004,68.0,329.2,85.9,351.6,0.3899,0
121,4.0374,66.8,330.4,85.0,351.6,0.3287,0
122,4.0707,67.6,329.4,84.3,351.5,0.3744,0
123,4.1041,66.7,325.9,84.7,351.5,0.3004,0
124,4.1375,65.3,327.6,84.5,351.8,0.1127,0
125,4.1708,,,,,,
126,4.2042,,,,,,
127,4.2376,,,,,,
128,4.2709,,,,,,
129,4.3043,,,,,,
130,4.3377,,,,,,
131,4.371,,,,,,
132,4.4044,,,,,,
133,4.4378,,,,,,
134,4.4711,,,,,,
135,4.5045,58.1,338.9,79.7,351.8,0.2486,0
136,4.5379,56.5,339.8,78.0,351.9,0.2818,0
136,4.5379,56.2,335.6,78.8,352.0,0.1717,0
137,4.5712,53.1,338.7,76.3,352.0,0.19,0
137,4.5712,53.2,335.8,76.6,352.0,0.1593,0
138,4.6046,49.9,339.4,72.4,351.9,0.2548,0
139,4.638,46.4,341.3,71.1,352.0,0.2021,0
140,4.6713,47.2,341.2,69.2,352.0,0.1643,0
141,4.7047,,,,,,
142,4.7381,42.0,339.7,63.7,351.8,0.1865,0
143,4.7714,37.0,337.3,62.3,352.0,0.1242,0
144,4.8048,,,,,,
145,4.8382,,,,,,
146,4.8715,,,,,,
147,4.9049,,,,,,
148,4.9383,,,,,,
149,4.9716,,,,,,
150,5.005,,,,,,
151,5.0384,,,,,,
152,5.0717,,,,,,
153,5.1051,,,,,,
154,5.1385,26.5,339.7,47.5,351.8,0.1119,0
155,5.1718,24.8,340.3,47.8,351.9,0.1794,0
156,5.2052,28.9,340.1,46.9,351.9,0.2619,0
157,5.2386,29.4,341.6,47.0,351.9,0.1297,0
157,5.2386,30.9,339.6,49.2,352.0,0.123,0
158,5.2719,29.8,339.0,51.0,352.0,0.1231,0
159,5.3053,30.6,340.0,53.6,352.0,0.1164,0
160,5.3387,,,,,,
161,5.372,,,,,,
162,5.4054,,,,,,
163,5.4388,,,,,,
164,5.4721,,,,,,
165,5.5055,,,,,,
166,5.5389,,,,,,
167,5.5722,,,,,,
168,5.6056,,,,,,
169,5.639,,,,,,
170,5.6723,,,,,,
171,5.7057,,,,,,
172,5.7391,,,,,,
173,5.7724,,,,,,
174,5.8058,,,,,,
175,5.8392,,,,,,
176,5.8725,,,,,,
177,5.9059,,,,,,
178,5.9393,,,,,,
179,5.9726,,,,,,
180,6.006,,,,,,
181,6.0394,,,,,,
182,6.0727,,,,,,
183,6.1061,,,,,,
184,6.1395,,,,,,
185,6.1728,,,,,,
186,6.2062,,,,,,
187,6.2396,,,,,,
188,6.2729,,,,,,
189,6.3063,,,,,,
190,6.3397,,,,,,
191,6.373,,,,,,
192,6.4064,,,,,,
193,6.4398,,,,,,
194,6.4731,,,,,,
195,6.5065,,,,,,
196,6.5399,,,,,,
197,6.5732,,,,,,
198,6.6066,,,,,,
199,6.64,,,,,,
200,6.6733,,,,,,
201,6.7067,,,,,,
202,6.7401,,,,,,
203,6.7734,,,,,,
204,6.8068,,,,,,
205,6.8402,,,,,,
206,6.8735,,,,,,
207,6.9069,,,,,,
208,6.9403,,,,,,
209,6.9736,,,,,,
210,7.007,,,,,,
211,7.0404,,,,,,
212,7.0737,,,,,,
213,7.1071,,,,,,
214,7.1405,,,,,,
215,7.1738,,,,,,
216,7.2072,,,,,,
217,7.2406,,,,,,
218,7.2739,,,,,,
219,7.3073,,,,,,
220,7.3407,,,,,,
221,7.374,,,,,,
222,7.4074,,,,,,
223,7.4408,,,,,,
224,7.4741,,,,,,
225,7.5075,,,,,,
226,7.5409,,,,,,
227,7.5742,,,,,,
228,7.6076,,,,,,
229,7.641,,,,,,
230,7.6743,,,,,,
231,7.7077,,,,,,
232,7.7411,,,,,,
233,7.7744,,,,,,
234,7.8078,,,,,,
235,7.8412,,,,,,
236,7.8745,,,,,,
237,7.9079,,,,,,
238,7.9413,,,,,,
239,7.9746,,,,,,
240,8.008,,,,,,
241,8.0414,,,,,,
242,8.0747,,,,,,
243,8.1081,,,,,,
244,8.1415,,,,,,
245,8.1748,,,,,,
246,8.2082,,,,,,
247,8.2416,,,,,,
248,8.2749,,,,,,
249,8.3083,,,,,,
250,8.3417,,,,,,
251,8.375,,,,,,
252,8.4084,264.8,345.0,281.4,351.8,0.1223,0
252,8.4084,263.0,345.2,278.8,351.9,0.1202,0
253,8.4418,,,,,,
254,8.4751,,,,,,
255,8.5085,,,,,,
256,8.5419,,,,,,
257,8.5752,,,,,,
258,8.6086,,,,,,
259,8.642,,,,,,
260,8.6753,,,,,,
261,8.7087,,,,,,
262,8.7421,,,,,,
263,8.7754,,,,,,
264,8.8088,,,,,,
265,8.8422,,,,,,
266,8.8755,,,,,,
267,8.9089,,,,,,
268,8.9423,,,,,,
269,8.9756,,,,,,
270,9.009,,,,,,
271,9.0424,,,,,,
272,9.0757,,,,,,
273,9.1091,,,,,,
274,9.1425,,,,,,
275,9.1758,,,,,,
276,9.2092,,,,,,
277,9.2426,,,,,,
278,9.2759,0.0,0.8,578.1,258.0,0.2273,1
279,9.3093,,,,,,
280,9.3427,,,,,,
281,9.376,,,,,,
282,9.4094,,,,,,
283,9.4428,,,,,,
284,9.4761,,,,,,
285,9.5095,,,,,,
286,9.5429,157.1,0.0,632.6,140.5,0.1286,1
287,9.5762,155.2,0.0,634.2,138.6,0.1051,1
288,9.6096,14.7,0.3,472.3,317.8,0.133,1
289,9.643,,,,,,
290,9.6763,144.1,332.5,160.4,349.1,0.1104,0
291,9.7097,150.1,337.5,165.0,351.5,0.1155,0
292,9.7431,150.9,338.6,170.1,351.8,0.2107,0
293,9.7764,153.4,340.2,173.1,351.8,0.2932,0
294,9.8098,154.7,338.7,175.0,351.7,0.3291,0
295,9.8432,155.3,339.4,174.2,351.7,0.3211,0
296,9.8765,155.0,340.5,173.4,351.8,0.2732,0
297,9.9099,,,,,,
298,9.9433,,,,,,
299,9.9766,,,,,,
300,10.01,,,,,,
301,10.0434,,,,,,
302,10.0767,,,,,,
303,10.1101,,,,,,
304,10.1435,,,,,,
305,10.1768,,,,,,
306,10.2102,142.0,340.1,159.6,351.9,0.182,0
307,10.2436,141.0,341.0,159.5,351.9,0.1688,0
308,10.2769,140.5,341.3,159.1,351.9,0.2069,0
309,10.3103,140.2,340.0,159.2,351.9,0.2623,0
309,10.3103,222.2,0.0,631.2,144.5,0.1076,1
310,10.3437,139.9,339.3,159.0,351.8,0.3073,0
310,10.3437,215.0,0.0,631.9,143.6,0.1361,1
311,10.377,140.0,341.1,159.1,351.9,0.3019,0
311,10.377,213.3,0.0,633.5,145.9,0.1328,1
312,10.4104,141.9,342.2,158.7,351.8,0.2484,0
313,10.4438,141.2,342.1,158.6,352.0,0.3254,0
314,10.4771,,,,,,
315,10.5105,,,,,,
316,10.5439,,,,,,
317,10.5772,,,,,,
318,10.6106,,,,,,
319,10.644,,,,,,
320,10.6773,,,,,,
321,10.7107,,,,,,
322,10.7441,,,,,,
323,10.7774,,,,,,
324,10.8108,,,,,,
325,10.8442,202.8,0.9,631.1,188.4,0.1163,1
326,10.8775,,,,,,
327,10.9109,,,,,,
328,10.9443,,,,,,
329,10.9776,,,,,,
330,11.011,,,,,,
331,11.0444,,,,,,
332,11.0777,,,,,,
333,11.1111,,,,,,
334,11.1445,,,,,,
335,11.1778,,,,,,
336,11.2112,,,,,,
337,11.2446,,,,,,
338,11.2779,,,,,,
339,11.3113,,,,,,
340,11.3447,,,,,,
341,11.378,,,,,,
342,11.4114,,,,,,
343,11.4448,,,,,,
344,11.4781,,,,,,
345,11.5115,,,,,,
346,11.5449,,,,,,
347,11.5782,,,,,,
348,11.6116,,,,,,
349,11.645,,,,,,
350,11.6783,,,,,,
351,11.7117,,,,,,
352,11.7451,,,,,,
353,11.7784,,,,,,
354,11.8118,,,,,,
355,11.8452,,,,,,
356,11.8785,,,,,,
357,11.9119,,,,,,
358,11.9453,,,,,,
359,11.9786,,,,,,
360,12.012,,,,,,
361,12.0454,,,,,,
362,12.0787,,,,,,
363,12.1121,,,,,,
364,12.1455,,,,,,
365,12.1788,,,,,,
366,12.2122,,,,,,
367,12.2456,,,,,,
368,12.2789,,,,,,
369,12.3123,,,,,,
370,12.3457,,,,,,
371,12.379,,,,,,
372,12.4124,,,,,,
373,12.4458,,,,,,
374,12.4791,,,,,,
375,12.5125,,,,,,
376,12.5459,,,,,,
377,12.5792,,,,,,
378,12.6126,,,,,,
379,12.646,,,,,,
380,12.6793,,,,,,
381,12.7127,,,,,,
382,12.7461,,,,,,
383,12.7794,,,,,,
384,12.8128,240.4,0.6,633.8,180.1,0.1159,1
384,12.8128,207.3,0.8,632.8,180.0,0.1146,1
385,12.8462,,,,,,
386,12.8795,,,,,,
387,12.9129,,,,,,
388,12.9463,,,,,,
389,12.9796,,,,,,
390,13.013,,,,,,
391,13.0464,,,,,,
392,13.0797,,,,,,
393,13.1131,,,,,,
394,13.1465,,,,,,
395,13.1798,,,,,,
396,13.2132,249.9,0.5,633.1,176.8,0.1468,1
397,13.2466,,,,,,
398,13.2799,,,,,,
399,13.3133,,,,,,
400,13.3467,221.6,0.7,630.2,178.1,0.1984,1
401,13.38,,,,,,
402,13.4134,,,,,,
403,13.4468,,,,,,
404,13.4801,,,,,,
405,13.5135,,,,,,
406,13.5469,,,,,,
407,13.5802,,,,,,
408,13.6136,212.8,0.0,631.9,188.1,0.1608,1
409,13.647,,,,,,
410,13.6803,,,,,,
411,13.7137,,,,,,
412,13.7471,,,,,,
413,13.7804,,,,,,
414,13.8138,,,,,,
415,13.8472,,,,,,
416,13.8805,,,,,,
417,13.9139,,,,,,
418,13.9473,,,,,,
419,13.9806,,,,,,
420,14.014,232.2,0.0,631.6,190.4,0.1282,1
421,14.0474,,,,,,
422,14.0807,,,,,,
423,14.1141,,,,,,
424,14.1475,225.8,0.3,631.1,186.3,0.106,1
425,14.1808,,,,,,
426,14.2142,,,,,,
427,14.2476,,,,,,
428,14.2809,,,,,,
429,14.3143,,,,,,
430,14.3477,,,,,,
431,14.381,,,,,,
432,14.4144,,,,,,
433,14.4478,,,,,,
434,14.4811,,,,,,
435,14.5145,,,,,,
436,14.5479,,,,,,
437,14.5812,,,,,,
438,14.6146,,,,,,
439,14.648,,,,,,
440,14.6813,,,,,,
441,14.7147,,,,,,
442,14.7481,128.7,339.9,145.3,351.8,0.2623,0
443,14.7814,132.7,334.3,147.8,351.1,0.5959,0
444,14.8148,132.2,335.0,151.9,351.5,0.285,0
444,14.8148,132.8,336.5,151.0,351.5,0.1982,0
445,14.8482,143.0,328.2,176.9,350.6,0.3678,0
446,14.8815,,,,,,
447,14.9149,,,,,,
448,14.9483,,,,,,
449,14.9816,,,,,,
450,15.015,,,,,,
451,15.0484,,,,,,
452,15.0817,,,,,,
453,15.1151,,,,,,
454,15.1485,,,,,,
455,15.1818,,,,,,
456,15.2152,,,,,,
457,15.2486,,,,,,
458,15.2819,,,,,,
459,15.3153,,,,,,
460,15.3487,,,,,,
461,15.382,,,,,,
462,15.4154,,,,,,
463,15.4488,,,,,,
464,15.4821,,,,,,
465,15.5155,,,,,,
466,15.5489,,,,,,
467,15.5822,,,,,,
468,15.6156,,,,,,
469,15.649,,,,,,
470,15.6823,,,,,,
471,15.7157,,,,,,
472,15.7491,,,,,,
473,15.7824,,,,,,
474,15.8158,,,,,,
475,15.8492,,,,,,
476,15.8825,,,,,,
477,15.9159,,,,,,
478,15.9493,,,,,,
479,15.9826,,,,,,
480,16.016,,,,,,
481,16.0494,4.3,37.8,490.2,350.2,0.2024,1
482,16.0827,,,,,,
483,16.1161,,,,,,
484,16.1495,,,,,,
485,16.1828,,,,,,
486,16.2162,,,,,,
487,16.2496,,,,,,
488,16.2829,,,,,,
489,16.3163,,,,,,
490,16.3497,,,,,,
491,16.383,,,,,,
492,16.4164,,,,,,
493,16.4498,,,,,,
494,16.4831,,,,,,
495,16.5165,,,,,,
496,16.5499,,,,,,
497,16.5832,,,,,,
498,16.6166,,,,,,
499,16.65,,,,,,
500,16.6833,,,,,,
501,16.7167,,,,,,
502,16.7501,,,,,,
503,16.7834,,,,,,
504,16.8168,,,,,,
505,16.8502,,,,,,
506,16.8835,,,,,,
507,16.9169,,,,,,
508,16.9503,,,,,,
509,16.9836,,,,,,
510,17.017,,,,,,
511,17.0504,,,,,,
512,17.0837,,,,,,
513,17.1171,,,,,,
514,17.1505,,,,,,
515,17.1838,617.7,327.9,639.6,352.0,0.446,0
516,17.2172,,,,,,
517,17.2506,,,,,,
518,17.2839,,,,,,
519,17.3173,,,,,,
520,17.3507,,,,,,
521,17.384,,,,,,
522,17.4174,,,,,,
523,17.4508,,,,,,
524,17.4841,,,,,,
525,17.5175,,,,,,
526,17.5509,,,,,,
527,17.5842,,,,,,
528,17.6176,,,,,,
529,17.651,,,,,,
530,17.6843,,,,,,
531,17.7177,,,,,,
532,17.7511,,,,,,
533,17.7844,,,,,,
534,17.8178,,,,,,
535,17.8512,,,,,,
536,17.8845,,,,,,
537,17.9179,,,,,,
538,17.9513,,,,,,
539,17.9846,,,,,,
540,18.018,,,,,,
541,18.0514,,,,,,
542,18.0847,,,,,,
543,18.1181,,,,,,
544,18.1515,,,,,,
545,18.1848,,,,,,
546,18.2182,,,,,,
547,18.2516,,,,,,
548,18.2849,,,,,,
549,18.3183,,,,,,
550,18.3517,,,,,,
551,18.385,,,,,,
552,18.4184,,,,,,
553,18.4518,,,,,,
554,18.4851,,,,,,
555,18.5185,,,,,,
556,18.5519,,,,,,
557,18.5852,,,,,,
558,18.6186,,,,,,
559,18.652,,,,,,
560,18.6853,,,,,,
561,18.7187,,,,,,
562,18.7521,266.6,284.7,302.0,306.5,0.1514,0
563,18.7854,,,,,,
564,18.8188,,,,,,
565,18.8522,,,,,,
566,18.8855,,,,,,
567,18.9189,,,,,,
568,18.9523,,,,,,
569,18.9856,,,,,,
570,19.019,,,,,,
571,19.0524,,,,,,
572,19.0857,,,,,,
573,19.1191,,,,,,
574,19.1525,,,,,,
575,19.1858,,,,,,
576,19.2192,,,,,,
577,19.2526,,,,,,
578,19.2859,,,,,,
579,19.3193,,,,,,
580,19.3527,167.3,339.3,190.1,351.9,0.3164,0
581,19.386,,,,,,
582,19.4194,,,,,,
583,19.4528,,,,,,
584,19.4861,,,,,,
585,19.5195,,,,,,
586,19.5529,,,,,,
587,19.5862,,,,,,
588,19.6196,,,,,,
589,19.653,,,,,,
590,19.6863,,,,,,
591,19.7197,,,,,,
592,19.7531,,,,,,
593,19.7864,54.7,0.7,640.0,275.8,0.2285,1
594,19.8198,56.7,0.7,640.0,276.0,0.1012,1
595,19.8532,,,,,,
596,19.8865,46.1,0.8,640.0,243.5,0.102,1
597,19.9199,,,,,,
598,19.9533,,,,,,
599,19.9866,,,,,,
600,20.02,59.4,0.7,632.5,278.7,0.3634,1
601,20.0534,,,,,,
602,20.0867,,,,,,
603,20.1201,,,,,,
604,20.1535,,,,,,
605,20.1868,,,,,,
606,20.2202,,,,,,
607,20.2536,,,,,,
608,20.2869,,,,,,
609,20.3203,,,,,,
610,20.3537,,,,,,
611,20.387,,,,,,
612,20.4204,,,,,,
613,20.4538,,,,,,
614,20.4871,,,,,,
615,20.5205,,,,,,
616,20.5539,,,,,,
617,20.5872,197.8,0.0,617.5,185.1,0.1009,1
618,20.6206,,,,,,
619,20.654,249.3,0.6,634.5,192.6,0.1256,1
620,20.6873,261.6,0.4,633.5,182.3,0.2756,1
620,20.6873,240.8,0.4,629.9,181.3,0.1404,1
621,20.7207,221.8,0.1,629.0,188.6,0.1044,1
622,20.7541,229.8,0.2,625.8,181.8,0.2784,1
623,20.7874,223.3,0.3,631.6,179.1,0.2443,1
624,20.8208,207.4,0.4,629.3,181.8,0.1597,1
624,20.8208,137.2,1.7,637.6,209.4,0.1051,1
625,20.8542,,,,,,
626,20.8875,,,,,,
627,20.9209,,,,,,
628,20.9543,112.8,0.7,640.0,213.4,0.313,1
629,20.9876,,,,,,
630,21.021,,,,,,
631,21.0544,,,,,,
632,21.0877,,,,,,
633,21.1211,,,,,,
634,21.1545,,,,,,
635,21.1878,,,,,,
636,21.2212,,,,,,
637,21.2546,,,,,,
638,21.2879,,,,,,
639,21.3213,,,,,,
640,21.3547,,,,,,
641,21.388,,,,,,
642,21.4214,,,,,,
643,21.4548,,,,,,
644,21.4881,,,,,,
645,21.5215,,,,,,
646,21.5549,,,,,,
647,21.5882,,,,,,
648,21.6216,,,,,,
649,21.655,,,,,,
650,21.6883,,,,,,
651,21.7217,,,,,,
652,21.7551,,,,,,
653,21.7884,429.9,271.2,453.4,290.1,0.1246,0
654,21.8218,,,,,,
655,21.8552,,,,,,
656,21.8885,434.4,260.1,451.3,277.2,0.1213,0
657,21.9219,,,,,,
658,21.9553,,,,,,
659,21.9886,,,,,,
660,22.022,,,,,,
661,22.0554,,,,,,
662,22.0887,,,,,,
663,22.1221,,,,,,
664,22.1555,,,,,,
665,22.1888,,,,,,
666,22.2222,,,,,,
667,22.2556,,,,,,
668,22.2889,430.7,276.4,454.3,294.4,0.11,0
669,22.3223,,,,,,
670,22.3557,,,,,,
671,22.389,,,,,,
672,22.4224,,,,,,
673,22.4558,,,,,,
674,22.4891,,,,,,
675,22.5225,,,,,,
676,22.5559,,,,,,
677,22.5892,,,,,,
678,22.6226,,,,,,
679,22.656,,,,,,
680,22.6893,,,,,,
681,22.7227,,,,,,
682,22.7561,,,,,,
683,22.7894,,,,,,
684,22.8228,,,,,,
685,22.8562,,,,,,
686,22.8895,,,,,,
687,22.9229,,,,,,
688,22.9563,254.0,0.4,637.5,185.2,0.3626,1
689,22.9896,244.3,0.2,637.3,185.9,0.1272,1
690,23.023,,,,,,
691,23.0564,258.7,0.2,638.1,185.9,0.6811,1
692,23.0897,264.3,0.2,637.9,185.2,0.6956,1
693,23.1231,256.5,0.3,637.5,184.0,0.5877,1
694,23.1565,255.1,0.1,637.0,184.2,0.3295,1
695,23.1898,252.4,0.4,636.3,185.4,0.3726,1
696,23.2232,255.2,0.2,633.8,189.2,0.1968,1
697,23.2566,257.7,0.3,634.1,191.2,0.3026,1
698,23.2899,247.6,0.4,635.0,187.3,0.1728,1
699,23.3233,255.1,0.5,636.0,186.1,0.5119,1
700,23.3567,257.6,0.6,636.8,187.8,0.6217,1
701,23.39,255.8,0.5,636.7,189.0,0.5966,1
702,23.4234,263.1,0.7,636.2,186.2,0.7107,1
703,23.4568,258.2,0.5,637.3,184.8,0.617,1
704,23.4901,254.0,0.4,636.7,185.0,0.4064,1
705,23.5235,250.1,0.6,636.8,187.3,0.194,1
706,23.5569,248.7,0.7,635.3,191.6,0.1912,1
707,23.5902,,,,,,
708,23.6236,252.7,0.2,635.3,195.5,0.3867,1
709,23.657,,,,,,
710,23.6903,,,,,,
711,23.7237,,,,,,
712,23.7571,,,,,,
713,23.7904,,,,,,
714,23.8238,,,,,,
715,23.8572,,,,,,
716,23.8905,,,,,,
717,23.9239,,,,,,
718,23.9573,,,,,,
719,23.9906,,,,,,
720,24.024,,,,,,
721,24.0574,,,,,,
722,24.0907,413.3,285.3,440.8,299.7,0.1492,0
723,24.1241,414.1,285.1,442.8,299.6,0.2364,0
724,24.1575,,,,,,
725,24.1908,,,,,,
726,24.2242,,,,,,
727,24.2576,,,,,,
728,24.2909,,,,,,
729,24.3243,,,,,,
730,24.3577,,,,,,
731,24.391,,,,,,
732,24.4244,,,,,,
733,24.4578,,,,,,
734,24.4911,,,,,,
735,24.5245,,,,,,
736,24.5579,,,,,,
737,24.5912,,,,,,
738,24.6246,,,,,,
739,24.658,,,,,,
740,24.6913,,,,,,
741,24.7247,,,,,,
742,24.7581,,,,,,
743,24.7914,,,,,,
744,24.8248,,,,,,
745,24.8582,406.6,277.2,434.6,298.3,0.1101,0
746,24.8915,,,,,,
747,24.9249,,,,,,
748,24.9583,,,,,,
749,24.9916,,,,,,
750,25.025,,,,,,
751,25.0584,,,,,,
752,25.0917,,,,,,
753,25.1251,,,,,,
754,25.1585,,,,,,
755,25.1918,,,,,,
756,25.2252,,,,,,
757,25.2586,,,,,,
758,25.2919,,,,,,
759,25.3253,,,,,,
760,25.3587,,,,,,
761,25.392,,,,,,
762,25.4254,,,,,,
763,25.4588,,,,,,
764,25.4921,,,,,,
765,25.5255,,,,,,
766,25.5589,,,,,,
767,25.5922,,,,,,
768,25.6256,,,,,,
769,25.659,,,,,,
770,25.6923,,,,,,
771,25.7257,,,,,,
772,25.7591,,,,,,
773,25.7924,,,,,,
774,25.8258,,,,,,
775,25.8592,,,,,,
776,25.8925,,,,,,
777,25.9259,,,,,,
778,25.9593,,,,,,
779,25.9926,,,,,,
780,26.026,,,,,,
781,26.0594,,,,,,
782,26.0927,,,,,,
783,26.1261,,,,,,
784,26.1595,,,,,,
785,26.1928,,,,,,
786,26.2262,,,,,,
787,26.2596,,,,,,
788,26.2929,,,,,,
789,26.3263,,,,,,
790,26.3597,,,,,,
791,26.393,,,,,,
792,26.4264,,,,,,
793,26.4598,,,,,,
794,26.4931,,,,,,
795,26.5265,,,,,,
796,26.5599,,,,,,
797,26.5932,,,,,,
798,26.6266,,,,,,
799,26.66,,,,,,
800,26.6933,,,,,,
801,26.7267,,,,,,
802,26.7601,,,,,,
803,26.7934,,,,,,
804,26.8268,,,,,,
805,26.8602,365.0,289.7,395.1,311.8,0.1193,0
806,26.8935,,,,,,
807,26.9269,,,,,,
808,26.9603,,,,,,
809,26.9936,,,,,,
810,27.027,,,,,,
811,27.0604,,,,,,
812,27.0937,,,,,,
813,27.1271,,,,,,
814,27.1605,,,,,,
815,27.1938,,,,,,
816,27.2272,187.0,0.0,624.4,200.9,0.1896,1
817,27.2606,184.7,0.0,619.1,200.6,0.1565,1
818,27.2939,,,,,,
819,27.3273,,,,,,
820,27.3607,,,,,,
821,27.394,,,,,,
822,27.4274,,,,,,
823,27.4608,,,,,,
824,27.4941,,,,,,
825,27.5275,376.8,288.4,403.4,307.5,0.1467,0
826,27.5609,381.1,287.6,403.3,302.7,0.1943,0
827,27.5942,,,,,,
828,27.6276,,,,,,
829,27.661,,,,,,
830,27.6943,,,,,,
831,27.7277,382.1,286.4,405.0,302.9,0.5705,0
832,27.7611,381.0,288.1,406.1,305.5,0.2688,0
832,27.7611,382.9,287.3,405.4,304.1,0.1787,0
833,27.7944,381.4,289.5,406.9,306.5,0.236,0
834,27.8278,380.2,291.7,406.8,308.8,0.2297,0
835,27.8612,381.1,292.4,407.2,309.8,0.3858,0
836,27.8945,380.5,293.3,407.1,309.2,0.132,0
837,27.9279,380.0,292.6,407.3,308.6,0.2847,0
838,27.9613,378.9,292.0,407.6,308.4,0.295,0
839,27.9946,379.5,287.1,406.3,303.4,0.1799,0
839,27.9946,377.8,288.0,406.9,305.8,0.1336,0
840,28.028,,,,,,
841,28.0614,,,,,,
842,28.0947,,,,,,
843,28.1281,,,,,,
844,28.1615,,,,,,
845,28.1948,,,,,,
846,28.2282,379.5,283.0,406.8,306.6,0.2828,0
846,28.2282,376.0,282.1,406.4,307.6,0.1351,0
847,28.2616,,,,,,
848,28.2949,,,,,,
849,28.3283,,,,,,
850,28.3617,,,,,,
851,28.395,,,,,,
852,28.4284,,,,,,
853,28.4618,,,,,,
854,28.4951,,,,,,
855,28.5285,,,,,,
856,28.5619,,,,,,
857,28.5952,,,,,,
858,28.6286,,,,,,
859,28.662,,,,,,
860,28.6953,,,,,,
861,28.7287,,,,,,
862,28.7621,,,,,,
863,28.7954,383.8,313.7,402.4,332.1,0.1744,0
864,28.8288,,,,,,
865,28.8622,,,,,,
866,28.8955,,,,,,
867,28.9289,,,,,,
868,28.9623,,,,,,
869,28.9956,,,,,,
870,29.029,,,,,,
871,29.0624,,,,,,
872,29.0957,,,,,,
873,29.1291,,,,,,
874,29.1625,,,,,,
875,29.1958,,,,,,
876,29.2292,,,,,,
877,29.2626,,,,,,
878,29.2959,,,,,,
879,29.3293,,,,,,
880,29.3627,,,,,,
881,29.396,,,,,,
882,29.4294,,,,,,
883,29.4628,,,,,,
884,29.4961,,,,,,
885,29.5295,,,,,,
886,29.5629,,,,,,
887,29.5962,379.9,309.2,401.7,327.4,0.1064,0
888,29.6296,,,,,,
889,29.663,,,,,,
890,29.6963,,,,,,
891,29.7297,,,,,,
892,29.7631,,,,,,
893,29.7964,,,,,,
894,29.8298,,,,,,
895,29.8632,,,,,,
896,29.8965,,,,,,
897,29.9299,,,,,,
898,29.9633,,,,,,
899,29.9966,,,,,,
900,30.03,,,,,,
901,30.0634,,,,,,
902,30.0967,,,,,,
903,30.1301,,,,,,
904,30.1635,,,,,,
905,30.1968,,,,,,
906,30.2302,,,,,,
907,30.2636,,,,,,
908,30.2969,,,,,,
909,30.3303,,,,,,
910,30.3637,,,,,,
911,30.397,,,,,,
912,30.4304,,,,,,
913,30.4638,,,,,,
914,30.4971,,,,,,
915,30.5305,,,,,,
916,30.5639,,,,,,
917,30.5972,,,,,,
918,30.6306,,,,,,
919,30.664,,,,,,
920,30.6973,,,,,,
921,30.7307,,,,,,
922,30.7641,,,,,,
923,30.7974,,,,,,
924,30.8308,,,,,,
925,30.8642,,,,,,
926,30.8975,,,,,,
927,30.9309,,,,,,
928,30.9643,,,,,,
929,30.9976,,,,,,
930,31.031,,,,,,
931,31.0644,,,,,,
932,31.0977,,,,,,
933,31.1311,,,,,,
934,31.1645,,,,,,
935,31.1978,,,,,,
936,31.2312,,,,,,
937,31.2646,,,,,,
938,31.2979,,,,,,
939,31.3313,,,,,,
940,31.3647,,,,,,
941,31.398,,,,,,
942,31.4314,,,,,,
943,31.4648,,,,,,
944,31.4981,,,,,,
945,31.5315,,,,,,
946,31.5649,,,,,,
947,31.5982,378.5,292.8,406.8,314.0,0.1328,0
948,31.6316,376.2,296.3,402.9,315.4,0.1606,0
949,31.665,376.4,296.3,402.7,315.7,0.2324,0
950,31.6983,375.8,297.1,402.8,315.4,0.2557,0
951,31.7317,377.0,297.1,403.3,315.1,0.1081,0
952,31.7651,,,,,,
953,31.7984,374.5,295.4,402.9,315.5,0.1303,0
954,31.8318,,,,,,
955,31.8652,380.6,292.9,403.5,312.1,0.1002,0
956,31.8985,,,,,,
957,31.9319,,,,,,
958,31.9653,,,,,,
959,31.9986,,,,,,
960,32.032,,,,,,
961,32.0654,,,,,,
962,32.0987,,,,,,
963,32.1321,,,,,,
964,32.1655,381.2,292.7,403.1,312.2,0.1379,0
965,32.1988,381.7,293.2,402.7,312.2,0.2563,0
966,32.2322,376.6,294.8,402.8,314.5,0.1103,0
967,32.2656,377.2,295.7,402.3,314.7,0.1383,0
968,32.2989,377.6,298.7,404.1,314.5,0.121,0
969,32.3323,,,,,,
970,32.3657,377.2,296.5,402.5,314.5,0.1206,0
971,32.399,,,,,,
972,32.4324,375.9,297.0,402.4,314.8,0.2139,0
973,32.4658,,,,,,
974,32.4991,,,,,,
975,32.5325,375.9,296.5,402.3,315.2,0.1663,0
976,32.5659,,,,,,
977,32.5992,,,,,,
978,32.6326,,,,,,
979,32.666,,,,,,
980,32.6993,,,,,,
981,32.7327,379.7,293.4,404.2,313.1,0.1118,0
982,32.7661,,,,,,
983,32.7994,378.1,290.3,409.1,311.1,0.1167,0
984,32.8328,,,,,,
985,32.8662,,,,,,
986,32.8995,,,,,,
987,32.9329,,,,,,
988,32.9663,,,,,,
989,32.9996,,,,,,
990,33.033,,,,,,
991,33.0664,,,,,,
992,33.0997,,,,,,
993,33.1331,,,,,,
994,33.1665,,,,,,
995,33.1998,,,,,,
996,33.2332,,,,,,
997,33.2666,,,,,,
998,33.2999,,,,,,
999,33.3333,116.8,303.6,132.2,334.7,0.2302,0
1000,33.3667,,,,,,
1001,33.4,,,,,,
1002,33.4334,112.2,209.2,156.1,267.8,0.1028,1
1003,33.4668,,,,,,
1004,33.5001,,,,,,
1005,33.5335,,,,,,
1006,33.5669,,,,,,
1007,33.6002,,,,,,
1008,33.6336,,,,,,
1009,33.667,,,,,,
1010,33.7003,,,,,,
1011,33.7337,,,,,,
1012,33.7671,,,,,,
1013,33.8004,,,,,,
1014,33.8338,,,,,,
1015,33.8672,,,,,,
1016,33.9005,,,,,,
1017,33.9339,,,,,,
1018,33.9673,,,,,,
1019,34.0006,,,,,,
1020,34.034,,,,,,
1021,34.0674,,,,,,
1022,34.1007,,,,,,
1023,34.1341,,,,,,
1024,34.1675,,,,,,
1025,34.2008,,,,,,
1026,34.2342,,,,,,
1027,34.2676,,,,,,
1028,34.3009,,,,,,
1029,34.3343,,,,,,
1030,34.3677,,,,,,
1031,34.401,,,,,,
1032,34.4344,,,,,,
1033,34.4678,,,,,,
1034,34.5011,,,,,,
1035,34.5345,,,,,,
1036,34.5679,,,,,,
1037,34.6012,,,,,,
1038,34.6346,,,,,,
1039,34.668,,,,,,
1040,34.7013,,,,,,
1041,34.7347,,,,,,
1042,34.7681,,,,,,
1043,34.8014,,,,,,
1044,34.8348,,,,,,
1045,34.8682,,,,,,
1046,34.9015,,,,,,
1047,34.9349,,,,,,
1048,34.9683,,,,,,
1049,35.0016,,,,,,
1050,35.035,,,,,,
1051,35.0684,,,,,,
1052,35.1017,,,,,,
1053,35.1351,,,,,,
1054,35.1685,,,,,,
1055,35.2018,,,,,,
1056,35.2352,,,,,,
1057,35.2686,,,,,,
1058,35.3019,,,,,,
1059,35.3353,,,,,,
1060,35.3687,,,,,,
1061,35.402,,,,,,
1062,35.4354,,,,,,
1063,35.4688,,,,,,
1064,35.5021,,,,,,
1065,35.5355,,,,,,
1066,35.5689,,,,,,
1067,35.6022,,,,,,
1068,35.6356,5.6,249.5,505.0,351.8,0.1527,1
1069,35.669,,,,,,
1070,35.7023,,,,,,
1071,35.7357,,,,,,
1072,35.7691,,,,,,
1073,35.8024,,,,,,
1074,35.8358,,,,,,
1075,35.8692,,,,,,
1076,35.9025,,,,,,
1077,35.9359,,,,,,
1078,35.9693,,,,,,
1079,36.0026,,,,,,
1080,36.036,,,,,,
1081,36.0694,,,,,,
1082,36.1027,,,,,,
1083,36.1361,,,,,,
1084,36.1695,,,,,,
1085,36.2028,,,,,,
1086,36.2362,,,,,,
1087,36.2696,,,,,,
1088,36.3029,,,,,,
1089,36.3363,,,,,,
1090,36.3697,,,,,,
1091,36.403,,,,,,
1092,36.4364,,,,,,
1093,36.4698,,,,,,
1094,36.5031,,,,,,
1095,36.5365,,,,,,
1096,36.5699,,,,,,
1097,36.6032,,,,,,
1098,36.6366,,,,,,
1099,36.67,,,,,,
1100,36.7033,,,,,,
1101,36.7367,,,,,,
1102,36.7701,,,,,,
1103,36.8034,,,,,,
1104,36.8368,,,,,,
1105,36.8702,,,,,,
1106,36.9035,,,,,,
1107,36.9369,,,,,,
1108,36.9703,,,,,,
1109,37.0036,,,,,,
1110,37.037,,,,,,
1111,37.0704,,,,,,
1112,37.1037,,,,,,
1113,37.1371,,,,,,
1114,37.1705,,,,,,
1115,37.2038,,,,,,
1116,37.2372,,,,,,
1117,37.2706,,,,,,
1118,37.3039,,,,,,
1119,37.3373,,,,,,
1120,37.3707,,,,,,
1121,37.404,,,,,,
1122,37.4374,,,,,,
1123,37.4708,,,,,,
1124,37.5041,,,,,,
1125,37.5375,,,,,,
1126,37.5709,,,,,,
1127,37.6042,,,,,,
1128,37.6376,,,,,,
1129,37.671,,,,,,
1130,37.7043,,,,,,
1131,37.7377,,,,,,
1132,37.7711,316.0,20.9,330.6,43.9,0.1193,0
1133,37.8044,311.6,40.3,322.6,62.6,0.2135,0
1134,37.8378,,,,,,
1135,37.8712,6.3,0.1,460.8,57.2,0.1088,1
1136,37.9045,18.8,91.1,39.8,128.5,0.5923,0
1136,37.9045,294.1,106.6,310.4,123.9,0.2626,0
1137,37.9379,,,,,,
1138,37.9713,,,,,,
1139,38.0046,,,,,,
1140,38.038,,,,,,
1141,38.0714,0.2,0.2,60.0,107.8,0.1549,1
1141,38.0714,0.0,0.0,101.5,106.3,0.128,1
1142,38.1047,0.4,0.0,105.6,129.3,0.2161,1
1142,38.1047,0.1,0.2,66.3,128.7,0.1162,1
1143,38.1381,,,,,,
1144,38.1715,,,,,,
1145,38.2048,,,,,,
1146,38.2382,,,,,,
1147,38.2716,,,,,,
1148,38.3049,,,,,,
1149,38.3383,,,,,,
1150,38.3717,,,,,,
1151,38.405,,,,,,
1152,38.4384,,,,,,
1153,38.4718,,,,,,
1154,38.5051,,,,,,
1155,38.5385,81.6,195.6,103.3,241.0,0.119,0
1156,38.5719,74.4,222.0,94.3,259.9,0.1388,0
1157,38.6052,57.6,240.3,85.4,263.7,0.6172,0
1158,38.6386,32.3,256.7,62.8,276.5,0.4414,0
1159,38.672,,,,,,
1160,38.7053,,,,,,
1161,38.7387,,,,,,
1162,38.7721,,,,,,
1163,38.8054,0.0,0.0,510.8,71.7,0.1758,1
1164,38.8388,,,,,,
1165,38.8722,,,,,,
1166,38.9055,,,,,,
1167,38.9389,,,,,,
1168,38.9723,,,,,,
1169,39.0056,,,,,,
1170,39.039,,,,,,
1171,39.0724,,,,,,
1172,39.1057,168.5,303.8,183.9,332.3,0.1003,0
1173,39.1391,,,,,,
1174,39.1725,,,,,,
1175,39.2058,,,,,,
1176,39.2392,145.0,271.4,159.6,303.3,0.1383,0
1177,39.2726,,,,,,
1178,39.3059,,,,,,
1179,39.3393,,,,,,
1180,39.3727,,,,,,
1181,39.406,,,,,,
1182,39.4394,,,,,,
1183,39.4728,,,,,,
1184,39.5061,,,,,,
1185,39.5395,,,,,,
1186,39.5729,,,,,,
1187,39.6062,,,,,,
1188,39.6396,,,,,,
1189,39.673,0.0,0.0,508.3,88.8,0.1945,1
1190,39.7063,0.0,0.0,510.8,88.4,0.1274,1
1191,39.7397,,,,,,
1192,39.7731,,,,,,
1193,39.8064,,,,,,
1194,39.8398,200.9,0.0,640.0,113.3,0.1205,1
1195,39.8732,,,,,,
1196,39.9065,,,,,,
1197,39.9399,,,,,,
1198,39.9733,,,,,,
1199,40.0066,,,,,,
1200,40.04,194.9,0.0,637.3,120.9,0.235,1
1200,40.04,241.9,0.4,639.2,118.1,0.1098,1
1201,40.0734,204.8,0.0,633.5,119.3,0.1791,1
1201,40.0734,255.7,0.2,636.4,118.4,0.1357,1
1202,40.1067,205.2,0.0,633.7,140.8,0.1212,1
1203,40.1401,329.9,0.4,638.4,121.8,0.1201,1
1204,40.1735,323.7,0.3,638.8,128.2,0.2334,1
1205,40.2068,235.0,320.0,258.6,352.0,0.1479,0
1206,40.2402,,,,,,
1207,40.2736,,,,,,
1208,40.3069,,,,,,
1209,40.3403,,,,,,
1210,40.3737,,,,,,
1211,40.407,,,,,,
1212,40.4404,0.0,0.0,545.2,81.7,0.1301,1
1213,40.4738,218.7,305.2,238.6,343.2,0.1861,0
1214,40.5071,,,,,,
1215,40.5405,,,,,,
1216,40.5739,,,,,,
1217,40.6072,,,,,,
1218,40.6406,,,,,,
1219,40.674,,,,,,
1220,40.7073,,,,,,
1221,40.7407,,,,,,
1222,40.7741,,,,,,
1223,40.8074,,,,,,
1224,40.8408,,,,,,
1225,40.8742,,,,,,
1226,40.9075,,,,,,
1227,40.9409,,,,,,
1228,40.9743,,,,,,
1229,41.0076,121.9,0.9,640.0,352.0,0.1738,1
1230,41.041,129.1,0.5,640.0,352.0,0.2263,1
1231,41.0744,,,,,,
1232,41.1077,,,,,,
1233,41.1411,,,,,,
1234,41.1745,,,,,,
1235,41.2078,,,,,,
1236,41.2412,,,,,,
1237,41.2746,,,,,,
1238,41.3079,145.6,1.2,635.4,219.6,0.627,1
1239,41.3413,185.7,1.4,634.2,190.9,0.3729,1
1240,41.3747,248.1,1.4,638.1,157.0,0.4001,1
1241,41.408,251.3,1.3,637.6,158.2,0.492,1
1241,41.408,0.5,0.0,133.3,142.3,0.1315,1
1242,41.4414,262.5,1.4,638.0,155.0,0.5427,1
1243,41.4748,256.0,1.4,637.7,156.8,0.4134,1
1244,41.5081,264.7,1.3,637.9,152.0,0.3558,1
1245,41.5415,,,,,,
1246,41.5749,277.5,0.3,636.7,147.2,0.2693,1
1247,41.6082,280.4,0.3,637.5,143.4,0.5592,1
1248,41.6416,282.1,0.3,637.5,145.9,0.4654,1
1249,41.675,262.5,0.2,637.0,148.7,0.3994,1
1249,41.675,0.3,0.0,134.7,145.9,0.1526,1
1250,41.7083,269.9,0.2,636.6,146.2,0.4472,1
1251,41.7417,,,,,,
1252,41.7751,210.9,341.3,231.5,351.9,0.2302,0
1253,41.8084,212.8,339.1,231.6,351.9,0.1421,0
1254,41.8418,,,,,,
1255,41.8752,,,,,,
1256,41.9085,,,,,,
1257,41.9419,,,,,,
1258,41.9753,,,,,,
1259,42.0086,,,,,,
1260,42.042,,,,,,
1261,42.0754,,,,,,
1262,42.1087,,,,,,
1263,42.1421,,,,,,
1264,42.1755,,,,,,
1265,42.2088,,,,,,
1266,42.2422,206.8,338.8,226.8,352.0,0.1129,0
1267,42.2756,209.2,339.0,231.2,351.8,0.119,0
1268,42.3089,215.2,339.7,237.9,351.9,0.1888,0
1269,42.3423,222.0,334.2,247.2,352.0,0.2605,0
1270,42.3757,229.9,332.0,251.0,352.0,0.2658,0
1270,42.3757,230.7,335.8,249.9,351.8,0.1013,0
1271,42.409,233.5,328.1,250.9,351.5,0.2632,0
1272,42.4424,234.6,332.5,251.4,351.6,0.3147,0
1273,42.4758,235.0,341.5,252.0,351.9,0.139,0
1274,42.5091,,,,,,
1275,42.5425,,,,,,
1276,42.5759,,,,,,
1277,42.6092,,,,,,
1278,42.6426,,,,,,
1279,42.676,,,,,,
1280,42.7093,,,,,,
1281,42.7427,,,,,,
1282,42.7761,,,,,,
1283,42.8094,,,,,,
1284,42.8428,,,,,,
1285,42.8762,,,,,,
1286,42.9095,180.7,0.0,640.0,126.6,0.1758,1
1287,42.9429,261.2,325.4,277.0,350.7,0.2154,0
1288,42.9763,260.4,329.9,276.8,351.2,0.2026,0
1289,43.0096,259.8,330.3,275.4,350.5,0.1536,0
1290,43.043,257.4,328.9,273.4,350.3,0.3133,0
1291,43.0764,258.2,327.7,274.6,349.6,0.1485,0
1292,43.1097,,,,,,
1293,43.1431,264.5,0.4,637.3,128.2,0.2837,1
1294,43.1765,260.5,0.3,637.9,129.4,0.2243,1
1295,43.2098,256.6,0.1,637.8,134.3,0.1746,1
1296,43.2432,252.0,0.2,637.8,136.6,0.1229,1
1297,43.2766,,,,,,
1298,43.3099,,,,,,
1299,43.3433,,,,,,
1300,43.3767,,,,,,
1301,43.41,,,,,,
1302,43.4434,,,,,,
1303,43.4768,,,,,,
1304,43.5101,262.7,332.6,283.1,351.9,0.246,0
1304,43.5101,263.6,337.0,282.1,351.7,0.2204,0
1304,43.5101,1.2,0.0,201.2,123.9,0.127,1
1305,43.5435,321.1,0.3,640.0,143.4,0.2912,1
1305,43.5435,264.3,0.2,638.9,142.5,0.2795,1
1305,43.5435,262.9,337.4,281.4,351.8,0.2069,0
1305,43.5435,260.8,337.3,280.4,351.8,0.1048,0
1306,43.5769,335.6,0.3,639.9,137.6,0.6448,1
1306,43.5769,263.3,337.1,281.2,351.8,0.3994,0
1306,43.5769,262.2,337.3,280.0,351.8,0.1327,0
1307,43.6102,342.7,0.1,639.4,137.7,0.4596,1
1307,43.6102,263.2,337.1,281.2,351.8,0.3946,0
1307,43.6102,262.1,337.2,280.0,351.9,0.1859,0
1308,43.6436,337.4,0.2,639.4,136.9,0.4905,1
1308,43.6436,262.3,336.3,279.6,351.8,0.2359,0
1308,43.6436,263.5,336.3,280.7,351.8,0.1377,0
1309,43.677,262.3,330.5,279.5,351.7,0.5064,0
1310,43.7103,262.4,329.6,278.9,351.6,0.3861,0
1311,43.7437,263.2,326.1,278.1,350.2,0.3635,0
1312,43.7771,336.1,0.1,640.0,139.0,0.2244,1
1313,43.8104,336.3,0.2,640.0,133.1,0.3371,1
1313,43.8104,262.3,323.2,278.0,351.0,0.2274,0
1314,43.8438,326.7,0.3,640.0,134.1,0.3433,1
1314,43.8438,262.5,322.3,279.4,351.3,0.2272,0
1315,43.8772,329.2,0.3,640.0,132.8,0.3141,1
1315,43.8772,262.9,321.3,279.2,351.6,0.1778,0
1316,43.9105,343.4,0.3,639.9,132.1,0.3654,1
1316,43.9105,262.3,320.9,279.5,351.7,0.2315,0
1317,43.9439,342.1,0.3,640.0,134.8,0.5114,1
1317,43.9439,262.6,321.4,279.8,351.8,0.1915,0
1318,43.9773,345.1,0.2,639.2,136.1,0.4152,1
1318,43.9773,262.9,323.5,279.7,351.7,0.2835,0
1318,43.9773,263.5,322.8,281.0,351.6,0.1037,0
1319,44.0106,334.4,0.2,639.2,135.4,0.4052,1
1319,44.0106,260.0,327.0,279.8,351.9,0.2366,0
1320,44.044,343.3,0.2,638.7,136.7,0.5503,1
1321,44.0774,275.8,0.0,635.9,135.2,0.4073,1
1321,44.0774,329.5,0.2,639.4,136.0,0.3333,1
1321,44.0774,0.0,0.1,192.3,115.3,0.2453,1
1321,44.0774,0.7,0.2,203.4,116.4,0.1458,1
1322,44.1107,332.5,0.3,639.8,137.7,0.5622,1
1323,44.1441,332.2,0.3,640.0,135.6,0.5144,1
1324,44.1775,337.5,0.3,639.4,134.6,0.653,1
1324,44.1775,260.5,331.6,277.4,351.8,0.2457,0
1324,44.1775,0.0,0.1,184.0,114.5,0.1631,1
1325,44.2108,340.6,0.2,639.0,136.7,0.6066,1
1325,44.2108,259.7,331.7,277.4,351.7,0.2923,0
1326,44.2442,338.6,0.3,639.4,133.3,0.6524,1
1326,44.2442,259.2,331.2,276.6,351.5,0.3672,0
1327,44.2776,333.3,0.2,639.6,138.1,0.5485,1
1327,44.2776,256.5,331.1,274.1,351.5,0.2715,0
1327,44.2776,0.0,0.0,182.4,117.5,0.1095,1
1328,44.3109,330.2,0.3,639.8,137.5,0.4952,1
1328,44.3109,0.0,0.2,182.0,112.4,0.1762,1
1329,44.3443,328.1,0.4,639.8,131.9,0.4179,1
1329,44.3443,251.4,327.5,268.9,350.5,0.1381,0
1330,44.3777,250.7,328.7,267.8,351.2,0.2006,0
1331,44.411,253.3,323.5,272.6,351.6,0.2867,0
1332,44.4444,,,,,,
1333,44.4778,265.4,308.0,282.9,345.1,0.3755,0
1334,44.5111,317.3,104.2,366.9,130.2,0.1302,1
1335,44.5445,197.6,0.0,640.0,116.9,0.1207,1
1336,44.5779,328.0,0.7,638.8,115.1,0.4573,1
1336,44.5779,254.2,314.7,271.1,349.7,0.2477,0
1337,44.6112,330.6,0.6,639.1,115.5,0.3698,1
1337,44.6112,254.1,314.6,272.2,350.4,0.2881,0
1338,44.6446,327.7,0.6,640.0,117.0,0.3603,1
1338,44.6446,254.0,314.5,271.0,349.5,0.1818,0
1338,44.6446,273.1,0.3,638.3,116.0,0.1435,1
1339,44.678,346.0,0.6,639.6,117.4,0.5677,1
1340,44.7113,339.6,0.6,640.0,119.5,0.5507,1
1341,44.7447,346.6,0.5,640.0,120.9,0.5128,1
1342,44.7781,351.1,0.5,639.8,122.0,0.5919,1
1343,44.8114,337.8,0.4,639.8,121.5,0.3007,1
1344,44.8448,,,,,,
1345,44.8782,324.4,0.7,639.8,115.4,0.52,1
1345,44.8782,270.9,313.6,287.9,348.0,0.2751,0
1345,44.8782,284.3,0.5,638.0,114.4,0.1149,1
1345,44.8782,1.1,0.3,208.8,102.3,0.1028,1
1346,44.9115,327.3,0.7,640.0,115.0,0.5334,1
1346,44.9115,271.7,310.8,289.6,347.8,0.1572,0
1347,44.9449,267.2,0.5,639.3,112.0,0.3467,1
1347,44.9449,272.2,309.6,291.4,347.0,0.1277,0
1348,44.9783,319.9,0.7,640.0,112.7,0.3264,1
1348,44.9783,274.7,0.4,638.8,111.0,0.3129,1
1349,45.0116,334.9,0.6,640.0,114.0,0.479,1
1349,45.0116,381.0,0.8,640.0,114.7,0.1244,1
1350,45.045,329.9,0.4,639.8,115.6,0.1914,1
1351,45.0784,283.2,319.3,299.6,350.0,0.5144,0
1352,45.1117,280.7,318.6,300.5,350.6,0.311,0
1353,45.1451,280.4,319.2,299.5,350.3,0.2837,0
1354,45.1785,396.7,0.5,639.9,127.6,0.1738,1
1354,45.1785,356.8,0.3,639.1,128.4,0.1445,1
1354,45.1785,277.5,321.8,295.8,351.3,0.124,0
1355,45.2118,278.3,322.3,295.4,351.2,0.306,0
1355,45.2118,395.1,0.5,639.7,128.8,0.1878,1
1355,45.2118,357.5,0.3,638.9,129.0,0.1045,1
1356,45.2452,397.4,0.5,639.7,129.1,0.2944,1
1357,45.2786,347.9,0.2,639.7,130.4,0.2932,1
1358,45.3119,345.0,0.2,639.6,131.9,0.1039,1
1359,45.3453,330.0,0.5,640.0,125.8,0.4668,1
1359,45.3453,275.5,319.3,292.8,350.2,0.1022,0
1360,45.3787,390.9,0.7,639.8,124.6,0.52,1
1361,45.412,346.2,0.4,639.9,126.3,0.4255,1
1361,45.412,271.8,320.8,288.5,350.3,0.172,0
1361,45.412,271.1,321.8,288.3,351.1,0.1551,0
1362,45.4454,343.7,0.4,639.9,126.9,0.3621,1
1363,45.4788,401.5,0.5,639.0,124.9,0.2043,1
1364,45.5121,401.4,0.6,638.9,125.2,0.2515,1
1365,45.5455,403.4,0.5,639.1,124.5,0.407,1
1366,45.5789,272.6,323.4,288.2,345.4,0.1593,0
1367,45.6122,273.1,322.0,290.0,348.4,0.1017,0
1368,45.6456,,,,,,
1369,45.679,,,,,,
1370,45.7123,274.6,316.4,294.8,350.8,0.1961,0
1371,45.7457,275.9,313.2,295.9,350.3,0.1087,0
1372,45.7791,279.1,308.7,297.3,347.7,0.2175,0
1373,45.8124,277.3,304.3,295.9,342.5,0.4218,0
1374,45.8458,275.6,299.6,294.6,338.1,0.2175,0
1375,45.8792,,,,,,
1376,45.9125,,,,,,
1377,45.9459,,,,,,
1378,45.9793,288.6,297.7,304.8,338.3,0.328,0
1379,46.0126,288.1,304.4,304.5,342.3,0.1538,0
1380,46.046,285.2,308.8,302.1,345.7,0.1531,0
1381,46.0794,,,,,,
1382,46.1127,,,,,,
1383,46.1461,,,,,,
1384,46.1795,,,,,,
1385,46.2128,,,,,,
1386,46.2462,,,,,,
1387,46.2796,,,,,,
1388,46.3129,322.2,0.4,639.3,123.0,0.1596,1
1389,46.3463,327.9,0.4,639.3,121.6,0.2698,1
1390,46.3797,337.8,0.3,639.6,122.0,0.3933,1
1391,46.413,237.5,321.3,256.2,351.6,0.1628,0
1392,46.4464,237.2,318.1,255.9,349.9,0.2315,0
1393,46.4798,319.6,0.3,640.0,129.5,0.2471,1
1394,46.5131,327.8,0.3,640.0,119.2,0.4001,1
1394,46.5131,241.8,315.8,260.3,350.0,0.1075,0
1395,46.5465,325.4,0.3,640.0,119.7,0.3277,1
1396,46.5799,329.5,0.5,640.0,120.7,0.5035,1
1397,46.6132,342.6,0.5,639.6,121.0,0.6865,1
1398,46.6466,326.4,0.6,640.0,120.0,0.4515,1
1399,46.68,322.1,0.6,640.0,119.5,0.4244,1
1400,46.7133,320.4,0.6,639.9,119.3,0.3191,1
1401,46.7467,331.5,0.5,638.9,118.8,0.3902,1
1402,46.7801,336.9,0.6,638.6,117.5,0.6363,1
1403,46.8134,335.9,0.6,639.4,119.9,0.6463,1
1404,46.8468,333.4,0.5,639.5,127.2,0.5445,1
1405,46.8802,256.3,0.2,639.6,125.0,0.1862,1
1405,46.8802,310.2,0.5,640.0,123.9,0.1513,1
1406,46.9135,315.0,0.5,640.0,126.3,0.2649,1
1407,46.9469,318.8,0.5,639.5,123.4,0.2476,1
1408,46.9803,333.1,0.6,637.1,119.5,0.2752,1
1409,47.0136,245.2,315.7,264.1,350.5,0.2766,0
1409,47.0136,323.2,0.6,638.3,121.6,0.1945,1
1410,47.047,245.8,315.0,264.5,350.4,0.5084,0
1410,47.047,246.3,314.8,265.2,351.0,0.1643,0
1411,47.0804,246.7,318.9,267.2,350.3,0.2627,0
1411,47.0804,243.5,256.1,293.2,304.0,0.1517,1
1412,47.1137,247.5,320.1,266.7,350.1,0.214,0
1412,47.1137,246.1,321.0,264.3,351.2,0.1635,0
1413,47.1471,246.1,322.2,263.4,351.5,0.1406,0
1414,47.1805,244.7,321.3,263.6,351.6,0.2115,0
1415,47.2138,244.9,321.6,263.2,351.4,0.2116,0
1416,47.2472,244.9,321.5,263.3,351.6,0.1352,0
1416,47.2472,336.1,0.1,636.1,134.1,0.1174,1
1417,47.2806,326.0,0.3,638.1,131.1,0.3124,1
1417,47.2806,0.0,0.2,176.2,104.7,0.2103,1
1417,47.2806,243.9,321.5,265.8,351.7,0.1062,0
1418,47.3139,328.1,0.1,638.3,133.8,0.2444,1
1418,47.3139,243.9,322.8,265.5,351.8,0.172,0
1419,47.3473,,,,,,
1420,47.3807,339.8,0.3,638.8,128.7,0.3559,1
1421,47.414,342.4,0.3,639.0,129.4,0.3955,1
1422,47.4474,344.9,0.4,639.1,125.6,0.4685,1
1423,47.4808,354.1,0.4,639.4,124.4,0.6018,1
1424,47.5141,348.5,0.4,639.7,123.7,0.6584,1
1424,47.5141,248.6,322.2,265.0,345.6,0.144,0
1425,47.5475,353.0,0.4,638.9,123.4,0.5582,1
1425,47.5475,248.0,321.2,265.6,347.9,0.2701,0
1426,47.5809,343.4,0.2,638.5,123.7,0.3104,1
1426,47.5809,247.6,322.8,264.0,344.3,0.2802,0
1427,47.6142,246.2,321.3,262.3,348.8,0.2343,0
1428,47.6476,247.1,319.5,263.5,349.4,0.144,0
1429,47.681,,,,,,
1430,47.7143,244.4,324.0,264.3,351.9,0.1365,0
1431,47.7477,,,,,,
1432,47.7811,248.6,322.0,268.4,351.9,0.1016,0
1433,47.8144,,,,,,
1434,47.8478,254.3,317.6,270.8,350.5,0.3242,0
1435,47.8812,255.8,314.8,272.6,351.1,0.2259,0
1435,47.8812,255.1,314.8,271.9,350.6,0.1472,0
1436,47.9145,254.7,315.0,272.1,350.5,0.2436,0
1436,47.9145,255.6,314.7,272.5,350.9,0.1537,0
1437,47.9479,,,,,,
1438,47.9813,,,,,,
1439,48.0146,,,,,,
1440,48.048,,,,,,
1441,48.0814,326.7,0.5,640.0,118.1,0.3751,1
1442,48.1147,324.5,0.6,640.0,116.7,0.2631,1
1442,48.1147,264.9,0.3,638.6,115.7,0.2301,1
1443,48.1481,325.7,0.5,640.0,117.9,0.1552,1
1443,48.1481,262.1,0.2,638.7,117.2,0.1051,1
1444,48.1815,259.7,313.8,275.9,341.0,0.1258,0
1445,48.2148,,,,,,
1446,48.2482,,,,,,
1447,48.2816,,,,,,
1448,48.3149,,,,,,
1449,48.3483,,,,,,
1450,48.3817,,,,,,
1451,48.415,,,,,,
1452,48.4484,,,,,,
1453,48.4818,268.0,0.3,637.1,106.7,0.3315,1
1453,48.4818,324.6,0.8,640.0,108.0,0.1144,1
1454,48.5151,259.9,0.4,637.2,109.3,0.3141,1
1455,48.5485,272.5,0.4,636.2,107.7,0.2472,1
1455,48.5485,333.7,0.8,639.1,109.3,0.1364,1
1456,48.5819,267.6,0.6,636.5,103.8,0.2827,1
1456,48.5819,0.2,0.0,229.3,84.0,0.1285,1
1457,48.6152,334.9,1.0,639.6,108.6,0.1609,1
1458,48.6486,268.5,0.5,638.2,105.1,0.3309,1
1458,48.6486,0.3,0.0,225.4,85.5,0.1319,1
1458,48.6486,333.3,0.9,639.7,107.3,0.1261,1
1459,48.682,260.9,0.2,637.8,109.7,0.2894,1
1460,48.7153,,,,,,
1461,48.7487,,,,,,
1462,48.7821,264.0,0.1,638.5,106.0,0.2407,1
1463,48.8154,262.1,0.1,637.9,106.2,0.1472,1
1464,48.8488,259.0,0.0,637.3,105.4,0.1678,1
1464,48.8488,0.0,0.0,242.7,83.3,0.1326,1
1465,48.8822,268.9,0.0,638.5,111.4,0.1883,1
1465,48.8822,385.9,0.9,640.0,113.1,0.1637,1
1466,48.9155,266.5,0.1,639.1,106.2,0.2412,1
1467,48.9489,259.3,0.1,638.2,105.8,0.2147,1
1467,48.9489,384.8,0.9,640.0,109.6,0.1339,1
1468,48.9823,257.0,0.1,638.1,105.4,0.2763,1
1468,48.9823,383.8,0.9,640.0,108.0,0.1448,1
1469,49.0156,285.0,292.2,303.3,329.8,0.1303,0
1469,49.0156,261.5,0.2,638.2,100.6,0.1005,1
1470,49.049,,,,,,
1471,49.0824,279.2,285.6,299.4,323.0,0.1115,0
1472,49.1157,278.7,284.4,298.4,320.5,0.1189,0
1473,49.1491,,,,,,
1474,49.1825,,,,,,
1475,49.2158,278.2,288.9,298.3,327.4,0.119,0
1476,49.2492,276.4,293.9,296.5,328.9,0.5068,0
1476,49.2492,277.9,219.8,326.3,280.7,0.1153,1
1477,49.2826,277.2,300.0,296.7,331.3,0.157,0
1477,49.2826,250.8,0.0,640.0,107.5,0.1208,1
1478,49.3159,279.0,300.6,298.0,333.6,0.2954,0
1478,49.3159,251.6,0.1,640.0,105.1,0.1658,1
1479,49.3493,278.6,300.9,298.4,335.0,0.4286,0
1480,49.3827,278.5,302.0,298.8,335.4,0.2802,0
1481,49.416,279.4,299.3,299.0,334.8,0.3334,0
1481,49.416,244.3,0.0,640.0,116.4,0.1356,1
1482,49.4494,281.0,300.4,299.0,332.5,0.2753,0
1483,49.4828,279.3,297.8,298.2,329.5,0.3666,0
1484,49.5161,278.8,293.6,297.3,327.4,0.2097,0
1484,49.5161,278.8,221.7,325.5,277.4,0.1032,1
1485,49.5495,,,,,,
1486,49.5829,,,,,,
1487,49.6162,,,,,,
1488,49.6496,,,,,,
1489,49.683,200.7,0.0,637.5,111.8,0.164,1
1490,49.7163,197.5,0.0,637.6,111.2,0.1817,1
1491,49.7497,204.1,0.0,638.6,109.3,0.1062,1
1492,49.7831,212.7,0.0,640.0,104.6,0.2281,1
1493,49.8164,,,,,,
1494,49.8498,,,,,,
1495,49.8832,,,,,,
1496,49.9165,,,,,,
1497,49.9499,,,,,,
1498,49.9833,,,,,,
1499,50.0166,,,,,,
1500,50.05,,,,,,
1501,50.0834,180.4,0.0,640.0,116.1,0.1705,1
1502,50.1167,187.5,0.0,640.0,110.7,0.3294,1
1503,50.1501,183.0,0.0,640.0,110.9,0.322,1
1504,50.1835,191.2,0.0,640.0,108.6,0.4222,1
1505,50.2168,188.1,0.1,640.0,110.1,0.3795,1
1506,50.2502,183.8,0.0,640.0,115.0,0.4194,1
1507,50.2836,186.9,0.0,640.0,122.4,0.2852,1
1508,50.3169,193.4,0.0,640.0,125.2,0.4,1
1509,50.3503,195.0,0.0,637.8,131.0,0.1958,1
1510,50.3837,183.6,0.0,639.9,135.7,0.1862,1
1511,50.417,,,,,,
1512,50.4504,,,,,,
1513,50.4838,,,,,,
1514,50.5171,215.6,312.0,232.5,346.5,0.109,0
1515,50.5505,,,,,,
1516,50.5839,201.6,303.8,224.1,336.4,0.2613,0
1516,50.5839,464.9,288.6,482.8,304.2,0.1066,0
1517,50.6172,185.5,314.8,212.6,350.8,0.5108,0
1518,50.6506,176.1,335.6,195.2,352.0,0.2542,0
1519,50.684,,,,,,
1520,50.7173,,,,,,
1521,50.7507,,,,,,
1522,50.7841,,,,,,
1523,50.8174,,,,,,
1524,50.8508,,,,,,
1525,50.8842,,,,,,
1526,50.9175,175.2,158.0,230.0,216.9,0.1904,1
1527,50.9509,,,,,,
1528,50.9843,,,,,,
1529,51.0176,,,,,,
1530,51.051,,,,,,
1531,51.0844,,,,,,
1532,51.1177,,,,,,
1533,51.1511,,,,,,
1534,51.1845,,,,,,
1535,51.2178,,,,,,
1536,51.2512,,,,,,
1537,51.2846,467.1,104.6,481.5,125.6,0.416,0
1537,51.2846,207.1,140.2,225.8,180.6,0.2368,0
1538,51.3179,191.0,157.2,214.6,197.8,0.1375,0
1539,51.3513,,,,,,
1540,51.3847,,,,,,
1541,51.418,,,,,,
1542,51.4514,,,,,,
1543,51.4848,,,,,,
1544,51.5181,,,,,,
1545,51.5515,,,,,,
1546,51.5849,,,,,,
1547,51.6182,,,,,,
1548,51.6516,,,,,,
1549,51.685,,,,,,
1550,51.7183,,,,,,
1551,51.7517,,,,,,
1552,51.7851,,,,,,
1553,51.8184,,,,,,
1554,51.8518,,,,,,
1555,51.8852,378.5,209.0,394.0,230.8,0.4901,0
1555,51.8852,118.7,236.8,138.8,275.9,0.3297,0
1556,51.9185,,,,,,
1557,51.9519,137.0,209.3,152.3,238.2,0.1177,0
1558,51.9853,132.1,214.6,150.9,246.1,0.2221,0
1559,52.0186,118.5,138.3,173.1,215.5,0.1259,1
1560,52.052,,,,,,
1561,52.0854,,,,,,
1562,52.1187,,,,,,
1563,52.1521,,,,,,
1564,52.1855,,,,,,
1565,52.2188,,,,,,
1566,52.2522,,,,,,
1567,52.2856,,,,,,
1568,52.3189,,,,,,
1569,52.3523,,,,,,
1570,52.3857,,,,,,
1571,52.419,135.9,308.8,153.8,346.4,0.1278,0
1572,52.4524,136.7,315.0,153.1,347.8,0.161,0
1572,52.4524,131.4,242.7,182.2,303.3,0.1007,1
1573,52.4858,140.2,308.6,157.1,344.3,0.4678,0
1574,52.5191,143.7,302.5,160.5,336.1,0.2793,0
1574,52.5191,267.9,95.7,633.5,352.0,0.2677,1
1575,52.5525,144.8,306.5,160.1,346.0,0.1578,0
1576,52.5859,145.0,319.7,161.3,350.8,0.3234,0
1577,52.6192,,,,,,
1578,52.6526,,,,,,
1579,52.686,,,,,,
1580,52.7193,,,,,,
1581,52.7527,,,,,,
1582,52.7861,,,,,,
1583,52.8194,146.9,311.5,165.9,349.8,0.2453,0
1584,52.8528,,,,,,
1585,52.8862,,,,,,
1586,52.9195,132.2,298.7,149.8,342.1,0.282,0
1586,52.9195,132.9,301.5,149.3,341.7,0.1144,0
1587,52.9529,130.4,288.2,148.4,330.5,0.1078,0
1588,52.9863,,,,,,
1589,53.0196,,,,,,
1590,53.053,,,,,,
1591,53.0864,,,,,,
1592,53.1197,,,,,,
1593,53.1531,,,,,,
1594,53.1865,,,,,,
1595,53.2198,,,,,,
1596,53.2532,,,,,,
1597,53.2866,144.9,240.6,159.7,273.9,0.1515,0
1598,53.3199,,,,,,
1599,53.3533,,,,,,
1600,53.3867,,,,,,
1601,53.42,,,,,,
1602,53.4534,,,,,,
1603,53.4868,,,,,,
1604,53.5201,,,,,,
1605,53.5535,,,,,,
1606,53.5869,,,,,,
1607,53.6202,,,,,,
1608,53.6536,,,,,,
1609,53.687,208.5,44.5,631.9,352.0,0.433,1
1610,53.7203,,,,,,
1611,53.7537,,,,,,
1612,53.7871,345.2,258.8,366.0,279.7,0.1103,0
1613,53.8204,63.5,278.4,86.2,292.8,0.4474,0
1614,53.8538,56.3,271.2,73.4,305.2,0.1896,0
1615,53.8872,51.1,260.5,69.9,289.5,0.1998,0
1615,53.8872,51.3,260.2,69.8,281.8,0.1911,0
1616,53.9205,40.5,251.4,61.8,270.8,0.1182,0
1617,53.9539,32.3,249.2,49.9,267.7,0.1381,0
1618,53.9873,30.7,237.4,45.5,272.6,0.1181,0
1619,54.0206,,,,,,
1620,54.054,,,,,,
1621,54.0874,,,,,,
1622,54.1207,,,,,,
1623,54.1541,,,,,,
1624,54.1875,,,,,,
1625,54.2208,,,,,,
1626,54.2542,,,,,,
1627,54.2876,,,,,,
1628,54.3209,,,,,,
1629,54.3543,,,,,,
1630,54.3877,,,,,,
1631,54.421,211.4,0.0,640.0,76.3,0.1325,1
1632,54.4544,,,,,,
1633,54.4878,401.2,272.5,424.7,288.4,0.2091,0
1634,54.5211,,,,,,
1635,54.5545,,,,,,
1636,54.5879,,,,,,
1637,54.6212,475.5,38.5,639.0,349.2,0.3562,1
1638,54.6546,,,,,,
1639,54.688,,,,,,
1640,54.7213,,,,,,
1641,54.7547,,,,,,
1642,54.7881,,,,,,
1643,54.8214,,,,,,
1644,54.8548,,,,,,
1645,54.8882,,,,,,
1646,54.9215,,,,,,
1647,54.9549,,,,,,
1648,54.9883,,,,,,
1649,55.0216,,,,,,
1650,55.055,,,,,,
1651,55.0884,,,,,,
1652,55.1217,,,,,,
1653,55.1551,243.3,302.7,263.8,333.8,0.4141,0
1654,55.1885,,,,,,
1655,55.2218,,,,,,
1656,55.2552,,,,,,
1657,55.2886,244.7,309.2,260.5,343.9,0.1116,0
1658,55.3219,,,,,,
1659,55.3553,,,,,,
1660,55.3887,,,,,,
1661,55.422,247.4,236.8,301.7,301.1,0.1287,1
1662,55.4554,,,,,,
1663,55.4888,,,,,,
1664,55.5221,,,,,,
1665,55.5555,,,,,,
1666,55.5889,234.3,306.5,254.5,346.8,0.1312,0
1667,55.6222,,,,,,
1668,55.6556,256.9,309.6,274.4,342.6,0.1321,0
1669,55.689,251.2,231.6,305.4,312.9,0.2726,1
1670,55.7223,,,,,,
1671,55.7557,257.0,337.6,274.4,351.5,0.1907,0
1672,55.7891,262.1,336.3,279.2,351.8,0.2011,0
1673,55.8224,260.0,341.3,281.6,352.0,0.1645,0
1674,55.8558,,,,,,
1675,55.8892,,,,,,
1676,55.9225,,,,,,
1677,55.9559,,,,,,
1678,55.9893,,,,,,
1679,56.0226,,,,,,
1680,56.056,,,,,,
1681,56.0894,,,,,,
1682,56.1227,,,,,,
1683,56.1561,,,,,,
1684,56.1895,,,,,,
1685,56.2228,,,,,,
1686,56.2562,,,,,,
1687,56.2896,,,,,,
1688,56.3229,,,,,,
1689,56.3563,273.3,339.5,304.4,351.9,0.1974,0
1690,56.3897,,,,,,
1691,56.423,,,,,,
1692,56.4564,,,,,,
1693,56.4898,,,,,,
1694,56.5231,,,,,,
1695,56.5565,,,,,,
1696,56.5899,,,,,,
1697,56.6232,,,,,,
1698,56.6566,,,,,,
1699,56.69,,,,,,
1700,56.7233,,,,,,
1701,56.7567,,,,,,
1702,56.7901,,,,,,
1703,56.8234,,,,,,
1704,56.8568,,,,,,
1705,56.8902,,,,,,
1706,56.9235,,,,,,
1707,56.9569,,,,,,
1708,56.9903,,,,,,
1709,57.0236,,,,,,
1710,57.057,,,,,,
1711,57.0904,,,,,,
1712,57.1237,,,,,,
1713,57.1571,,,,,,
1714,57.1905,,,,,,
1715,57.2238,,,,,,
1716,57.2572,,,,,,
1717,57.2906,318.5,1.0,637.4,183.1,0.1622,1
1718,57.3239,,,,,,
1719,57.3573,,,,,,
1720,57.3907,,,,,,
1721,57.424,,,,,,
1722,57.4574,,,,,,
1723,57.4908,,,,,,
1724,57.5241,329.2,1.1,637.1,160.0,0.1954,1
1725,57.5575,,,,,,
1726,57.5909,268.0,0.9,636.5,167.2,0.1512,1
1727,57.6242,,,,,,
1728,57.6576,264.0,0.9,636.4,164.4,0.1036,1
1729,57.691,269.7,0.7,635.9,182.9,0.6133,1
1730,57.7243,272.0,1.0,636.5,174.1,0.4688,1
1731,57.7577,271.2,0.9,635.5,182.9,0.2774,1
1732,57.7911,275.7,0.9,635.6,179.8,0.4431,1
1733,57.8244,275.9,0.9,635.9,181.5,0.4638,1
1734,57.8578,276.1,0.8,637.1,190.4,0.4155,1
1735,57.8912,278.0,0.5,635.9,203.4,0.1302,1
1736,57.9245,271.1,0.8,637.0,191.8,0.3438,1
1737,57.9579,,,,,,
1738,57.9913,,,,,,
1739,58.0246,,,,,,
1740,58.058,,,,,,
1741,58.0914,,,,,,
1742,58.1247,,,,,,
1743,58.1581,,,,,,
1744,58.1915,,,,,,
1745,58.2248,,,,,,
1746,58.2582,,,,,,
1747,58.2916,,,,,,
1748,58.3249,,,,,,
1749,58.3583,,,,,,
1750,58.3917,,,,,,
1751,58.425,,,,,,
1752,58.4584,,,,,,
1753,58.4918,,,,,,
1754,58.5251,,,,,,
1755,58.5585,,,,,,
1756,58.5919,,,,,,
1757,58.6252,,,,,,
1758,58.6586,,,,,,
1759,58.692,,,,,,
1760,58.7253,,,,,,
1761,58.7587,,,,,,
1762,58.7921,,,,,,
1763,58.8254,,,,,,
1764,58.8588,,,,,,
1765,58.8922,,,,,,
1766,58.9255,,,,,,
1767,58.9589,207.3,339.2,227.8,352.0,0.1245,0
1768,58.9923,207.1,339.3,227.2,352.0,0.1835,0
1769,59.0256,206.8,342.2,222.9,351.9,0.3061,0
1769,59.0256,207.5,340.5,226.0,352.0,0.1882,0
1770,59.059,206.2,334.8,226.5,351.9,0.5779,0
1770,59.059,205.8,339.4,223.6,351.7,0.3302,0
1771,59.0924,205.9,339.0,223.9,351.8,0.2477,0
1771,59.0924,207.2,338.1,225.7,351.9,0.1425,0
1771,59.0924,206.8,334.7,226.5,352.0,0.1114,0
1772,59.1257,207.9,332.1,227.7,351.8,0.3079,0
1772,59.1257,208.9,338.0,226.3,351.6,0.1106,0
1773,59.1591,212.5,329.6,228.1,351.5,0.1209,0
1774,59.1925,,,,,,
1775,59.2258,,,,,,
1776,59.2592,,,,,,
1777,59.2926,223.7,307.8,240.1,348.2,0.1401,0
1778,59.3259,,,,,,
1779,59.3593,,,,,,
1780,59.3927,,,,,,
1781,59.426,,,,,,
1782,59.4594,,,,,,
1783,59.4928,,,,,,
1784,59.5261,,,,,,
1785,59.5595,,,,,,
1786,59.5929,,,,,,
1787,59.6262,,,,,,
1788,59.6596,,,,,,
1789,59.693,,,,,,
1790,59.7263,,,,,,
1791,59.7597,,,,,,
1792,59.7931,,,,,,
1793,59.8264,,,,,,
1794,59.8598,,,,,,
1795,59.8932,192.4,0.0,638.5,112.0,0.2006,1
1796,59.9265,,,,,,
1797,59.9599,235.8,0.1,640.0,114.0,0.1122,1
1798,59.9933,,,,,,
1799,60.0266,,,,,,
1800,60.06,,,,,,
1801,60.0934,,,,,,
1802,60.1267,188.8,277.7,206.4,312.0,0.2087,0
1803,60.1601,,,,,,
1804,60.1935,191.8,281.7,207.8,316.4,0.2354,0
1805,60.2268,188.5,284.7,207.1,319.9,0.2381,0
1806,60.2602,,,,,,
1807,60.2936,,,,,,
1808,60.3269,190.6,291.9,207.0,325.6,0.2477,0
1809,60.3603,190.6,292.2,207.0,325.5,0.3511,0
1810,60.3937,190.4,293.2,206.8,327.2,0.2632,0
1811,60.427,188.1,292.4,206.0,328.9,0.4922,0
1812,60.4604,188.1,296.1,205.9,331.9,0.3906,0
1812,60.4604,278.3,0.0,638.5,118.0,0.1865,1
1813,60.4938,186.5,295.9,206.2,332.7,0.5011,0
1814,60.5271,185.3,296.8,205.5,332.7,0.5998,0
1814,60.5271,274.6,0.0,636.4,125.6,0.1451,1
1815,60.5605,184.9,293.2,205.8,331.8,0.1341,0
1816,60.5939,184.9,292.5,204.7,330.0,0.1469,0
1817,60.6272,184.8,290.7,204.7,327.4,0.101,0
1818,60.6606,,,,,,
1819,60.694,,,,,,
1820,60.7273,,,,,,
1821,60.7607,190.3,292.5,207.3,330.3,0.1279,0
1822,60.7941,190.3,301.0,207.4,332.8,0.2158,0
1823,60.8274,,,,,,
1824,60.8608,308.1,0.4,639.0,131.7,0.1334,1
1825,60.8942,,,,,,
1826,60.9275,,,,,,
1827,60.9609,,,,,,
1828,60.9943,219.0,314.1,239.1,334.2,0.2219,0
1829,61.0276,,,,,,
1830,61.061,,,,,,
1831,61.0944,,,,,,
1832,61.1277,,,,,,
1833,61.1611,,,,,,
1834,61.1945,,,,,,
1835,61.2278,,,,,,
1836,61.2612,,,,,,
1837,61.2946,,,,,,
1838,61.3279,,,,,,
1839,61.3613,,,,,,
1840,61.3947,,,,,,
1841,61.428,326.6,340.7,350.2,351.9,0.2506,0
1842,61.4614,333.0,340.9,360.0,352.0,0.1075,0
1843,61.4948,339.3,340.3,369.0,351.9,0.237,0
1844,61.5281,358.7,333.9,382.8,351.1,0.2438,0
1845,61.5615,,,,,,
1846,61.5949,2.7,0.5,379.0,123.0,0.2369,1
1847,61.6282,5.6,0.3,378.3,133.9,0.1715,1
1847,61.6282,475.2,0.3,640.0,134.1,0.1329,1
1848,61.6616,400.6,336.7,422.3,351.5,0.2036,0
1849,61.695,406.0,341.7,432.2,352.0,0.2682,0
1850,61.7283,,,,,,
1851,61.7617,,,,,,
1852,61.7951,,,,,,
1853,61.8284,,,,,,
1854,61.8618,,,,,,
1855,61.8952,,,,,,
1856,61.9285,,,,,,
1857,61.9619,,,,,,
1858,61.9953,,,,,,
1859,62.0286,,,,,,
1860,62.062,529.9,339.9,556.8,351.9,0.1128,0
1861,62.0954,545.8,334.5,567.6,350.3,0.1397,0
1862,62.1287,557.9,328.2,583.2,349.5,0.3211,0
1863,62.1621,574.9,318.7,600.6,341.5,0.3101,0
1864,62.1955,590.6,310.9,612.1,339.0,0.3103,0
1864,62.1955,590.8,311.4,612.5,343.0,0.103,0
1865,62.2288,,,,,,
1866,62.2622,,,,,,
1867,62.2956,608.3,322.1,624.7,349.3,0.1221,0
1868,62.3289,,,,,,
1869,62.3623,604.8,341.3,622.2,351.8,0.176,0
1870,62.3957,,,,,,
1871,62.429,,,,,,
1872,62.4624,,,,,,
1873,62.4958,,,,,,
1874,62.5291,,,,,,
1875,62.5625,,,,,,
1876,62.5959,,,,,,
1877,62.6292,,,,,,
1878,62.6626,,,,,,
1879,62.696,,,,,,
1880,62.7293,,,,,,
1881,62.7627,,,,,,
1882,62.7961,,,,,,
1883,62.8294,,,,,,
1884,62.8628,,,,,,
1885,62.8962,,,,,,
1886,62.9295,,,,,,
1887,62.9629,,,,,,
1888,62.9963,,,,,,
1889,63.0296,,,,,,
1890,63.063,,,,,,
1891,63.0964,,,,,,
1892,63.1297,,,,,,
1893,63.1631,,,,,,
1894,63.1965,,,,,,
1895,63.2298,,,,,,
1896,63.2632,0.0,1.4,456.0,224.1,0.1091,1
1897,63.2966,1.2,1.1,444.5,218.3,0.3579,1
1898,63.3299,3.2,0.8,400.4,210.0,0.6864,1
1899,63.3633,4.9,1.0,388.0,206.1,0.5071,1
1900,63.3967,,,,,,
1901,63.43,13.0,1.3,467.1,205.4,0.1254,1
1902,63.4634,,,,,,
1903,63.4968,,,,,,
1904,63.5301,,,,,,
1905,63.5635,,,,,,
1906,63.5969,,,,,,
1907,63.6302,,,,,,
1908,63.6636,0.4,0.6,219.7,151.4,0.2588,1
1909,63.697,0.8,0.5,200.1,130.0,0.3297,1
1910,63.7303,344.5,1.1,637.7,150.9,0.5297,1
1911,63.7637,,,,,,
1912,63.7971,,,,,,
1913,63.8304,268.9,0.9,634.8,162.8,0.1092,1
1914,63.8638,,,,,,
1915,63.8972,,,,,,
1916,63.9305,,,,,,
1917,63.9639,,,,,,
1918,63.9973,170.4,1.0,636.7,179.1,0.2927,1
1919,64.0306,,,,,,
1920,64.064,386.5,335.2,399.4,346.0,0.1131,0
1921,64.0974,,,,,,
1922,64.1307,166.7,1.0,640.0,162.3,0.4958,1
1923,64.1641,355.5,338.0,372.8,346.9,0.2333,0
1924,64.1975,18.3,1.6,638.4,182.1,0.429,1
1925,64.2308,136.4,0.7,627.9,176.0,0.1408,1
1925,64.2308,148.9,0.5,629.6,178.3,0.1206,1
1925,64.2308,56.3,2.3,580.1,177.7,0.1013,1
1926,64.2642,158.8,0.4,639.4,176.1,0.248,1
1927,64.2976,133.2,0.9,627.5,178.4,0.1743,1
1928,64.3309,138.3,1.1,638.7,182.5,0.2637,1
1929,64.3643,,,,,,
1930,64.3977,131.8,0.9,626.1,185.1,0.1194,1
1931,64.431,139.8,0.9,626.1,183.9,0.3095,1
1932,64.4644,178.1,0.9,640.0,179.0,0.1014,1
1933,64.4978,0.0,0.6,597.1,251.2,0.3937,1
1934,64.5311,138.7,0.7,635.7,183.9,0.3152,1
1934,64.5311,164.0,0.1,640.0,185.1,0.1079,1
1935,64.5645,145.1,0.7,623.3,179.9,0.1566,1
1935,64.5645,168.3,0.2,640.0,180.9,0.1325,1
1936,64.5979,139.5,0.8,617.9,167.1,0.6889,1
1937,64.6312,158.3,0.4,635.6,169.5,0.6143,1
1938,64.6646,159.0,0.6,631.2,165.0,0.6271,1
1939,64.698,159.7,0.8,622.5,170.0,0.5532,1
1940,64.7313,,,,,,
1941,64.7647,,,,,,
1942,64.7981,,,,,,
1943,64.8314,,,,,,
1944,64.8648,,,,,,
1945,64.8982,97.8,1.4,640.0,225.5,0.1192,1
1946,64.9315,,,,,,
1947,64.9649,,,,,,
1948,64.9983,,,,,,
1949,65.0316,126.8,1.4,640.0,194.5,0.1845,1
1949,65.0316,150.2,1.1,635.6,188.6,0.1537,1
1950,65.065,250.1,0.4,637.1,181.5,0.2341,1
1951,65.0984,262.9,0.4,637.3,190.6,0.4206,1
1952,65.1317,310.7,0.6,639.8,189.4,0.3899,1
1953,65.1651,271.3,0.7,638.1,186.8,0.4518,1
1954,65.1985,,,,,,
1955,65.2318,269.7,0.8,637.4,172.4,0.1371,1
1956,65.2652,318.7,0.9,638.8,169.5,0.2141,1
1957,65.2986,267.2,1.0,637.5,166.9,0.3379,1
1958,65.3319,270.3,1.0,636.4,187.6,0.1469,1
1959,65.3653,273.1,0.8,639.4,175.7,0.2939,1
1959,65.3653,0.0,0.0,157.6,124.8,0.1092,1
1960,65.3987,271.7,0.5,638.1,188.9,0.1314,1
1961,65.432,477.2,345.4,500.6,352.0,0.1084,0
1962,65.4654,,,,,,
1963,65.4988,,,,,,
1964,65.5321,,,,,,
1965,65.5655,,,,,,
1966,65.5989,,,,,,
1967,65.6322,,,,,,
1968,65.6656,,,,,,
1969,65.699,,,,,,
1970,65.7323,,,,,,
1971,65.7657,,,,,,
1972,65.7991,,,,,,
1973,65.8324,,,,,,
1974,65.8658,,,,,,
1975,65.8992,213.4,343.3,231.0,351.9,0.1009,0
1976,65.9325,,,,,,
1977,65.9659,,,,,,
1978,65.9993,209.8,343.0,232.7,352.0,0.1196,0
1979,66.0326,209.9,341.7,232.3,351.9,0.1619,0
1980,66.066,211.1,341.5,231.8,351.9,0.2829,0
1981,66.0994,212.8,339.3,233.1,351.9,0.3277,0
1981,66.0994,213.7,337.8,236.0,352.0,0.2928,0
1982,66.1327,212.6,339.4,232.9,351.9,0.3815,0
1982,66.1327,213.5,337.8,235.3,352.0,0.1567,0
1983,66.1661,214.8,336.9,236.2,352.0,0.391,0
1983,66.1661,214.7,335.6,236.3,352.0,0.1046,0
1984,66.1995,214.2,335.0,235.4,352.0,0.228,0
1984,66.1995,211.1,338.4,233.8,352.0,0.1323,0
1984,66.1995,213.6,337.7,235.2,352.0,0.1269,0
1985,66.2328,214.3,338.0,235.7,352.0,0.1158,0
1986,66.2662,215.2,337.6,237.1,352.0,0.1374,0
1987,66.2996,,,,,,
1988,66.3329,,,,,,
1989,66.3663,,,,,,
1990,66.3997,,,,,,
1991,66.433,,,,,,
1992,66.4664,325.8,0.8,639.4,183.6,0.2543,1
1993,66.4998,,,,,,
1994,66.5331,,,,,,
1995,66.5665,482.9,341.3,495.2,351.3,0.1281,0
1996,66.5999,483.0,341.3,495.3,351.3,0.1324,0
1997,66.6332,,,,,,
1998,66.6666,482.8,338.8,494.8,347.8,0.1432,0
1999,66.7,481.6,337.7,492.5,348.5,0.1358,0
2000,66.7333,,,,,,
2001,66.7667,339.9,0.8,639.1,171.6,0.1161,1
2002,66.8001,,,,,,
2003,66.8334,,,,,,
2004,66.8668,,,,,,
2005,66.9002,,,,,,
2006,66.9335,,,,,,
2007,66.9669,,,,,,
2008,67.0003,,,,,,
2009,67.0336,,,,,,
2010,67.067,205.0,310.6,222.5,351.5,0.3527,0
2011,67.1004,,,,,,
2012,67.1337,,,,,,
2013,67.1671,,,,,,
2014,67.2005,,,,,,
2015,67.2338,,,,,,
2016,67.2672,178.0,319.6,207.3,346.8,0.3112,0
2017,67.3006,,,,,,
2018,67.3339,,,,,,
2019,67.3673,,,,,,
2020,67.4007,386.7,335.9,397.0,348.6,0.1154,0
2021,67.434,,,,,,
2022,67.4674,,,,,,
2023,67.5008,,,,,,
2024,67.5341,,,,,,
2025,67.5675,,,,,,
2026,67.6009,,,,,,
2027,67.6342,,,,,,
2028,67.6676,580.9,40.4,613.3,66.0,0.1569,0
2029,67.701,,,,,,
2030,67.7343,,,,,,
2031,67.7677,,,,,,
2032,67.8011,,,,,,
2033,67.8344,,,,,,
2034,67.8678,,,,,,
2035,67.9012,,,,,,
2036,67.9345,,,,,,
2037,67.9679,,,,,,
2038,68.0013,,,,,,
2039,68.0346,,,,,,
2040,68.068,,,,,,
2041,68.1014,610.5,157.6,624.3,175.5,0.1107,0
2042,68.1347,,,,,,
2043,68.1681,,,,,,
2044,68.2015,,,,,,
2045,68.2348,,,,,,
2046,68.2682,,,,,,
2047,68.3016,,,,,,
2048,68.3349,,,,,,
2049,68.3683,,,,,,
2050,68.4017,531.2,116.8,547.6,137.8,0.4665,0
2051,68.435,,,,,,
2052,68.4684,,,,,,
2053,68.5018,,,,,,
2054,68.5351,,,,,,
2055,68.5685,,,,,,
2056,68.6019,,,,,,
2057,68.6352,,,,,,
2058,68.6686,,,,,,
2059,68.702,,,,,,
2060,68.7353,,,,,,
2061,68.7687,,,,,,
2062,68.8021,611.0,242.7,624.2,263.9,0.116,0
2063,68.8354,617.3,237.1,631.7,256.6,0.2785,0
2064,68.8688,,,,,,
2065,68.9022,,,,,,
2066,68.9355,628.5,231.9,640.0,251.9,0.2547,0
2067,68.9689,,,,,,
2068,69.0023,,,,,,
2069,69.0356,,,,,,
2070,69.069,,,,,,
2071,69.1024,,,,,,
2072,69.1357,,,,,,
2073,69.1691,,,,,,
2074,69.2025,,,,,,
2075,69.2358,,,,,,
2076,69.2692,,,,,,
2077,69.3026,,,,,,
2078,69.3359,,,,,,
2079,69.3693,,,,,,
2080,69.4027,,,,,,
2081,69.436,,,,,,
2082,69.4694,,,,,,
2083,69.5028,,,,,,
2084,69.5361,,,,,,
2085,69.5695,,,,,,
2086,69.6029,,,,,,
2087,69.6362,,,,,,
2088,69.6696,,,,,,
2089,69.703,,,,,,
2090,69.7363,,,,,,
2091,69.7697,,,,,,
2092,69.8031,,,,,,
2093,69.8364,,,,,,
2094,69.8698,,,,,,
2095,69.9032,,,,,,
2096,69.9365,,,,,,
2097,69.9699,,,,,,
2098,70.0033,,,,,,
2099,70.0366,,,,,,
2100,70.07,607.0,198.5,640.0,221.8,0.1136,0
2101,70.1034,612.4,207.5,624.8,226.3,0.3353,0
2102,70.1367,,,,,,
2103,70.1701,618.4,209.3,630.2,228.5,0.2325,0
2103,70.1701,618.1,209.8,629.8,228.3,0.2247,0
2104,70.2035,,,,,,
2105,70.2368,628.6,208.0,640.0,227.2,0.1056,0
2106,70.2702,633.6,201.7,640.0,222.3,0.1164,0
2107,70.3036,,,,,,
2108,70.3369,,,,,,
2109,70.3703,,,,,,
2110,70.4037,,,,,,
2111,70.437,597.6,86.4,618.3,103.8,0.524,0
2112,70.4704,611.3,72.2,639.6,94.4,0.2212,0
2112,70.4704,33.6,334.4,73.5,351.8,0.1401,0
2113,70.5038,64.6,326.7,92.4,350.0,0.5544,0
2114,70.5371,81.2,315.2,107.8,345.0,0.3394,0
2114,70.5371,81.4,314.4,107.4,340.5,0.1682,0
2114,70.5371,349.1,307.5,370.8,325.3,0.1568,0
2115,70.5705,95.7,305.9,118.0,341.6,0.4135,0
2115,70.5705,362.4,298.8,382.4,315.7,0.2853,0
2116,70.6039,104.7,293.8,126.6,332.7,0.2414,0
2117,70.6372,112.2,283.8,133.1,320.5,0.1724,0
2118,70.6706,,,,,,
2119,70.704,,,,,,
2120,70.7373,,,,,,
2121,70.7707,,,,,,
2122,70.8041,,,,,,
2123,70.8374,,,,,,
2124,70.8708,,,,,,
2125,70.9042,,,,,,
2126,70.9375,,,,,,
2127,70.9709,,,,,,
2128,71.0043,114.7,301.6,133.6,334.6,0.1071,0
2129,71.0376,112.9,302.8,131.4,335.5,0.1387,0
2130,71.071,,,,,,
2131,71.1044,,,,,,
2132,71.1377,,,,,,
2133,71.1711,95.9,304.3,115.8,337.9,0.426,0
2134,71.2045,92.7,310.2,111.4,344.8,0.4088,0
2135,71.2378,93.2,314.7,110.9,340.7,0.1979,0
2136,71.2712,96.6,312.3,115.0,344.0,0.466,0
2137,71.3046,,,,,,
2138,71.3379,,,,,,
2139,71.3713,115.0,299.1,130.3,337.4,0.1158,0
2140,71.4047,,,,,,
2141,71.438,,,,,,
2142,71.4714,,,,,,
2143,71.5048,,,,,,
2144,71.5381,,,,,,
2145,71.5715,,,,,,
2146,71.6049,,,,,,
2147,71.6382,,,,,,
2148,71.6716,,,,,,
2149,71.705,,,,,,
2150,71.7383,,,,,,
2151,71.7717,119.0,310.8,136.1,346.2,0.2931,0
2152,71.8051,117.8,310.1,135.8,342.3,0.2059,0
2153,71.8384,113.2,310.8,131.6,346.7,0.6752,0
2154,71.8718,109.9,315.8,128.5,348.3,0.248,0
2154,71.8718,110.5,315.4,128.4,348.9,0.1573,0
2155,71.9052,109.6,318.5,128.2,348.6,0.1545,0
2155,71.9052,110.7,318.6,128.1,348.8,0.145,0
2156,71.9385,110.4,318.3,127.6,347.4,0.1397,0
2157,71.9719,108.5,318.3,128.1,349.8,0.2818,0
2158,72.0053,108.2,315.7,128.5,350.0,0.3606,0
2159,72.0386,108.2,313.4,129.3,349.1,0.4404,0
2160,72.072,,,,,,
2161,72.1054,110.9,313.4,131.6,351.3,0.2094,0
2162,72.1387,111.7,313.7,132.7,350.9,0.2395,0
2163,72.1721,112.4,313.3,134.4,350.5,0.2261,0
2164,72.2055,113.6,312.7,135.7,350.6,0.372,0
2165,72.2388,,,,,,
2166,72.2722,,,,,,
2167,72.3056,,,,,,
2168,72.3389,,,,,,
2169,72.3723,115.8,338.9,133.7,351.8,0.1873,0
2170,72.4057,116.0,338.9,136.6,351.9,0.3358,0
2171,72.439,119.0,341.7,139.3,351.9,0.3529,0
2171,72.439,116.5,341.1,139.0,352.0,0.1976,0
2172,72.4724,120.6,343.6,140.5,352.0,0.4275,0
2173,72.5058,120.1,342.2,141.0,351.9,0.41,0
2174,72.5391,122.0,342.0,140.3,351.8,0.3642,0
2174,72.5391,120.4,334.0,143.6,351.8,0.1318,0
2175,72.5725,119.7,333.0,143.8,351.9,0.3714,0
2175,72.5725,121.1,342.2,140.7,351.8,0.1925,0
2176,72.6059,119.4,331.1,142.9,352.0,0.1812,0
2176,72.6059,119.7,338.9,141.1,351.9,0.1288,0
2177,72.6392,119.7,329.1,143.0,352.0,0.1554,0
2178,72.6726,,,,,,
2179,72.706,,,,,,
2180,72.7393,,,,,,
2181,72.7727,,,,,,
2182,72.8061,,,,,,
2183,72.8394,,,,,,
2184,72.8728,,,,,,
2185,72.9062,117.1,340.2,135.3,351.8,0.317,0
2186,72.9395,116.4,339.4,135.2,351.9,0.4276,0
2187,72.9729,116.7,337.2,135.2,351.7,0.5011,0
2188,73.0063,116.4,337.1,133.8,351.5,0.5979,0
2189,73.0396,115.3,336.8,132.0,351.5,0.5079,0
2190,73.073,115.6,336.6,131.4,351.5,0.4649,0
2191,73.1064,114.4,336.5,131.1,351.5,0.4893,0
2192,73.1397,113.5,337.2,130.2,351.6,0.5235,0
2193,73.1731,114.2,337.3,130.7,351.6,0.594,0
2194,73.2065,114.9,337.9,131.4,351.6,0.42,0
2195,73.2398,113.9,331.8,133.7,351.8,0.3556,0
2196,73.2732,114.1,330.0,135.9,351.9,0.2387,0
2197,73.3066,,,,,,
2198,73.3399,,,,,,
2199,73.3733,,,,,,
2200,73.4067,,,,,,
2201,73.44,,,,,,
2202,73.4734,,,,,,
2203,73.5068,,,,,,
2204,73.5401,114.4,328.6,132.0,351.4,0.2102,0
2205,73.5735,112.8,333.6,130.6,351.7,0.1859,0
2205,73.5735,113.6,337.3,129.4,351.6,0.1569,0
2206,73.6069,108.5,331.6,128.0,351.5,0.248,0
2207,73.6402,,,,,,
2208,73.6736,,,,,,
2209,73.707,98.0,337.3,115.4,351.5,0.3952,0
2209,73.707,97.6,335.0,116.6,351.5,0.1355,0
2210,73.7403,92.3,338.2,110.7,351.5,0.1577,0
2210,73.7403,90.9,332.4,112.6,351.8,0.1035,0
2211,73.7737,82.8,340.9,106.0,351.9,0.3824,0
2212,73.8071,71.2,341.9,100.7,352.0,0.1768,0
2212,73.8071,73.8,334.8,103.4,352.0,0.1607,0
2213,73.8404,61.0,340.1,94.0,352.0,0.1,0
2214,73.8738,,,,,,
2215,73.9072,,,,,,
2216,73.9405,114.6,1.3,640.0,166.5,0.1288,1
2217,73.9739,,,,,,
2218,74.0073,125.4,1.3,640.0,169.1,0.3157,1
2219,74.0406,119.5,1.3,640.0,178.7,0.1945,1
2219,74.0406,86.4,1.4,639.1,217.6,0.1157,1
2220,74.074,122.0,1.2,640.0,180.2,0.2014,1
2220,74.074,89.2,1.4,632.7,216.2,0.1385,1
2220,74.074,106.1,1.5,640.0,192.1,0.1036,1
2221,74.1074,100.1,1.6,640.0,188.5,0.1502,1
2221,74.1074,118.2,1.3,640.0,185.2,0.1206,1
2222,74.1407,130.9,1.3,640.0,177.4,0.1411,1
2223,74.1741,128.1,1.3,640.0,176.0,0.1422,1
2224,74.2075,132.1,1.4,640.0,183.5,0.1283,1
2225,74.2408,,,,,,
2226,74.2742,,,,,,
2227,74.3076,47.7,337.4,66.3,351.8,0.2837,0
2228,74.3409,46.7,330.2,62.1,351.3,0.1249,0
2229,74.3743,,,,,,
2230,74.4077,44.6,319.4,61.0,348.7,0.19,0
2231,74.441,42.0,317.3,60.5,350.6,0.1391,0
2232,74.4744,44.1,313.5,61.4,343.1,0.174,0
2233,74.5078,41.9,308.8,61.8,347.4,0.2921,0
2234,74.5411,40.8,309.4,60.9,348.3,0.1156,0
2234,74.5411,40.7,310.7,61.0,348.8,0.1141,0
2235,74.5745,42.2,312.5,62.4,350.1,0.4441,0
2236,74.6079,45.4,314.0,63.4,350.1,0.2694,0
2236,74.6079,147.9,0.0,640.0,128.7,0.1983,1
2237,74.6412,145.4,0.4,640.0,128.0,0.5791,1
2237,74.6412,45.8,314.1,64.0,349.3,0.3003,0
2237,74.6412,158.8,0.1,640.0,132.0,0.1013,1
2238,74.6746,149.0,0.1,640.0,138.9,0.1866,1
2238,74.6746,54.2,0.0,609.0,127.2,0.147,1
2238,74.6746,26.7,0.0,585.2,127.5,0.114,1
2239,74.708,,,,,,
2240,74.7413,156.4,0.2,640.0,126.1,0.5381,1
2241,74.7747,46.9,0.0,608.6,126.1,0.1688,1
2242,74.8081,46.3,0.0,633.6,126.4,0.2439,1
2243,74.8414,40.0,0.0,640.0,129.3,0.1488,1
2244,74.8748,141.4,0.1,640.0,138.1,0.1888,1
2245,74.9082,,,,,,
2246,74.9415,,,,,,
2247,74.9749,,,,,,
2248,75.0083,,,,,,
2249,75.0416,68.8,319.1,86.6,348.8,0.2104,0
2250,75.075,,,,,,
2251,75.1084,68.4,321.7,86.5,348.0,0.1068,0
2252,75.1417,,,,,,
2253,75.1751,68.0,322.5,87.4,351.6,0.1306,0
2254,75.2085,67.0,324.2,89.9,351.7,0.1563,0
2255,75.2418,,,,,,
2256,75.2752,68.4,326.9,92.5,351.8,0.1379,0
2257,75.3086,70.4,323.7,94.4,352.0,0.1873,0
2258,75.3419,70.9,325.7,94.4,351.9,0.1971,0
2259,75.3753,71.2,327.3,95.1,351.8,0.1435,0
2260,75.4087,72.4,327.8,95.8,352.0,0.12,0
2261,75.442,,,,,,
2262,75.4754,80.2,331.1,97.7,351.5,0.328,0
2262,75.4754,350.5,326.6,360.9,335.1,0.1408,0
2263,75.5088,80.0,337.0,97.5,351.8,0.3853,0
2264,75.5421,80.1,336.8,98.0,351.7,0.5492,0
2265,75.5755,80.8,339.0,98.7,351.7,0.5817,0
2266,75.6089,80.5,338.2,99.3,351.7,0.5783,0
2267,75.6422,81.2,338.1,99.8,351.7,0.5993,0
2268,75.6756,82.0,336.1,100.5,351.6,0.4701,0
2268,75.6756,81.6,331.2,102.0,351.7,0.3321,0
2269,75.709,82.8,336.5,101.1,351.6,0.5867,0
2270,75.7423,83.5,336.9,102.1,351.6,0.6192,0
2271,75.7757,82.7,338.7,103.5,351.8,0.4613,0
2272,75.8091,82.5,333.0,106.3,352.0,0.3705,0
2272,75.8091,378.5,244.0,397.6,260.6,0.1245,0
2273,75.8424,,,,,,
2274,75.8758,,,,,,
2275,75.9092,,,,,,
2276,75.9425,,,,,,
2277,75.9759,,,,,,
2278,76.0093,,,,,,
2279,76.0426,,,,,,
2280,76.076,,,,,,
2281,76.1094,80.8,324.4,104.2,352.0,0.355,0
2282,76.1427,83.0,342.5,100.8,351.7,0.3653,0
2282,76.1427,81.4,330.9,105.0,351.9,0.1601,0
2283,76.1761,80.3,340.4,102.9,351.9,0.2396,0
2284,76.2095,81.1,338.1,104.5,351.9,0.1827,0
2285,76.2428,80.1,338.7,105.6,351.8,0.114,0
2286,76.2762,,,,,,
2287,76.3096,,,,,,
2288,76.3429,,,,,,
2289,76.3763,354.6,337.8,366.5,346.4,0.158,0
2290,76.4097,355.3,338.1,369.0,348.9,0.1763,0
2291,76.443,,,,,,
2292,76.4764,,,,,,
2293,76.5098,,,,,,
2294,76.5431,,,,,,
2295,76.5765,,,,,,
2296,76.6099,,,,,,
2297,76.6432,,,,,,
2298,76.6766,,,,,,
2299,76.71,,,,,,
2300,76.7433,,,,,,
2301,76.7767,,,,,,
2302,76.8101,,,,,,
2303,76.8434,353.7,338.4,365.0,348.3,0.1192,0
2304,76.8768,353.7,339.2,364.8,349.0,0.1111,0
2305,76.9102,,,,,,
2306,76.9435,353.5,341.5,365.3,351.7,0.1505,0
2306,76.9435,354.3,341.2,367.1,351.7,0.1499,0
2307,76.9769,353.6,342.1,368.8,351.8,0.1813,0
2307,76.9769,352.9,342.4,366.4,351.9,0.1519,0
2308,77.0103,354.4,341.3,367.6,351.7,0.185,0
2308,77.0103,353.5,341.6,365.4,351.8,0.1717,0
2309,77.0436,,,,,,
2310,77.077,,,,,,
2311,77.1104,,,,,,
2312,77.1437,,,,,,
2313,77.1771,,,,,,
2314,77.2105,,,,,,
2315,77.2438,365.1,253.5,396.9,273.7,0.1726,0
2316,77.2772,,,,,,
2317,77.3106,,,,,,
2318,77.3439,,,,,,
2319,77.3773,,,,,,
2320,77.4107,,,,,,
2321,77.444,,,,,,
2322,77.4774,353.9,344.2,369.1,351.8,0.2977,0
2322,77.4774,352.4,344.2,368.4,351.9,0.1439,0
2323,77.5108,354.7,344.2,369.0,351.8,0.2591,0
2324,77.5441,355.0,344.3,370.2,351.8,0.2644,0
2325,77.5775,354.6,342.5,369.1,351.7,0.343,0
2325,77.5775,352.8,342.3,368.7,351.9,0.1493,0
2326,77.6109,355.7,340.5,367.3,351.3,0.1298,0
2327,77.6442,355.2,338.9,367.1,348.5,0.2785,0
2328,77.6776,,,,,,
2329,77.711,,,,,,
2330,77.7443,,,,,,
2331,77.7777,,,,,,
2332,77.8111,,,,,,
2333,77.8444,,,,,,
2334,77.8778,,,,,,
2335,77.9112,,,,,,
2336,77.9445,365.8,253.9,394.6,272.9,0.1112,0
2337,77.9779,,,,,,
2338,78.0113,,,,,,
2339,78.0446,,,,,,
2340,78.078,353.2,343.1,369.1,351.9,0.1529,0
2340,78.078,352.4,343.6,366.0,351.8,0.1519,0
2341,78.1114,352.1,343.7,365.8,351.8,0.1668,0
2341,78.1114,352.9,343.3,368.7,351.9,0.1166,0
2342,78.1447,352.0,344.2,366.1,351.9,0.1377,0
2342,78.1447,353.0,344.0,368.6,351.9,0.1061,0
2343,78.1781,352.5,344.9,365.8,351.9,0.1615,0
2343,78.1781,353.4,344.7,368.1,351.9,0.1236,0
2344,78.2115,352.0,344.9,366.5,351.9,0.2142,0
2344,78.2115,353.2,344.8,368.5,351.9,0.1935,0
2345,78.2448,351.0,345.7,366.6,351.9,0.1356,0
2345,78.2448,352.8,345.6,368.6,352.0,0.1316,0
2346,78.2782,352.3,345.6,369.8,352.0,0.1345,0
2346,78.2782,349.6,345.8,367.9,352.0,0.1121,0
2347,78.3116,,,,,,
2348,78.3449,377.4,258.5,397.6,278.4,0.1294,0
2349,78.3783,,,,,,
2350,78.4117,,,,,,
2351,78.445,595.6,153.1,640.0,315.8,0.1322,1
2352,78.4784,,,,,,
2353,78.5118,368.0,256.5,398.2,275.3,0.1702,0
2353,78.5118,365.9,256.3,397.8,275.5,0.156,0
2354,78.5451,,,,,,
2355,78.5785,,,,,,
2356,78.6119,,,,,,
2357,78.6452,367.5,256.2,399.6,274.5,0.1781,0
2358,78.6786,368.1,255.5,399.4,275.0,0.11,0
2359,78.712,372.1,259.2,395.9,275.2,0.1318,0
2360,78.7453,349.3,345.2,366.8,351.7,0.1348,0
2360,78.7453,617.8,113.9,627.0,124.4,0.1326,0
2360,78.7453,350.5,344.6,371.8,352.0,0.123,0
2360,78.7453,372.2,257.9,396.7,277.6,0.1093,0
2361,78.7787,348.0,345.3,367.2,351.7,0.1072,0
2362,78.8121,348.6,345.5,367.0,351.8,0.1044,0
2363,78.8454,,,,,,
2364,78.8788,,,,,,
2365,78.9122,364.1,257.0,389.9,280.5,0.3459,0
2366,78.9455,364.0,256.8,389.5,280.9,0.2095,0
2367,78.9789,362.5,257.0,390.5,282.5,0.2639,0
2368,79.0123,363.7,256.7,391.3,282.6,0.3395,0
2369,79.0456,,,,,,
2370,79.079,,,,,,
2371,79.1124,,,,,,
2372,79.1457,,,,,,
2373,79.1791,,,,,,
2374,79.2125,364.0,260.1,395.6,284.0,0.1134,0
2375,79.2458,,,,,,
2376,79.2792,363.6,260.5,393.4,283.6,0.1157,0
2377,79.3126,364.7,260.8,388.8,282.4,0.3173,0
2378,79.3459,364.1,260.5,391.5,282.5,0.4181,0
2379,79.3793,,,,,,
2380,79.4127,,,,,,
2381,79.446,,,,,,
2382,79.4794,,,,,,
2383,79.5128,362.5,264.6,389.6,284.3,0.1165,0
2384,79.5461,364.6,266.0,387.3,283.5,0.2232,0
2385,79.5795,,,,,,
2386,79.6129,,,,,,
2387,79.6462,358.2,265.8,388.3,283.6,0.1919,0
2388,79.6796,359.0,264.0,387.5,283.5,0.1692,0
2389,79.713,,,,,,
2390,79.7463,,,,,,
2391,79.7797,,,,,,
2392,79.8131,,,,,,
2393,79.8464,,,,,,
2394,79.8798,,,,,,
2395,79.9132,,,,,,
2396,79.9465,,,,,,
2397,79.9799,,,,,,
2398,80.0133,,,,,,
2399,80.0466,,,,,,
2400,80.08,355.7,267.0,381.7,285.2,0.1593,0
2401,80.1134,,,,,,
2402,80.1467,,,,,,
2403,80.1801,,,,,,
2404,80.2135,,,,,,
2405,80.2468,,,,,,
2406,80.2802,,,,,,
2407,80.3136,,,,,,
2408,80.3469,,,,,,
2409,80.3803,,,,,,
2410,80.4137,,,,,,
2411,80.447,,,,,,
2412,80.4804,,,,,,
2413,80.5138,,,,,,
2414,80.5471,,,,,,
2415,80.5805,,,,,,
2416,80.6139,,,,,,
2417,80.6472,,,,,,
2418,80.6806,,,,,,
2419,80.714,,,,,,
2420,80.7473,,,,,,
2421,80.7807,,,,,,
2422,80.8141,350.2,269.2,379.7,288.0,0.1002,0
2423,80.8474,,,,,,
2424,80.8808,,,,,,
2425,80.9142,,,,,,
2426,80.9475,,,,,,
2427,80.9809,,,,,,
2428,81.0143,347.2,269.4,378.7,286.7,0.1097,0
2429,81.0476,348.9,270.0,379.7,286.5,0.27,0
2430,81.081,348.8,269.6,380.7,287.4,0.1773,0
2431,81.1144,,,,,,
2432,81.1477,,,,,,
2433,81.1811,,,,,,
2434,81.2145,351.6,270.1,379.7,289.0,0.139,0
2435,81.2478,,,,,,
2436,81.2812,,,,,,
2437,81.3146,350.7,268.9,377.6,288.9,0.1594,0
2438,81.3479,,,,,,
2439,81.3813,,,,,,
2440,81.4147,,,,,,
2441,81.448,,,,,,
2442,81.4814,,,,,,
2443,81.5148,,,,,,
2444,81.5481,,,,,,
2445,81.5815,,,,,,
2446,81.6149,,,,,,
2447,81.6482,,,,,,
2448,81.6816,,,,,,
2449,81.715,360.3,271.0,383.9,288.4,0.1419,0
2450,81.7483,,,,,,
2451,81.7817,,,,,,
2452,81.8151,357.0,269.7,385.3,288.0,0.1557,0
2453,81.8484,,,,,,
2454,81.8818,,,,,,
2455,81.9152,,,,,,
2456,81.9485,,,,,,
2457,81.9819,366.3,269.8,392.5,282.9,0.1288,0
2458,82.0153,364.0,268.0,393.7,286.8,0.1277,0
2459,82.0486,363.9,268.3,390.7,284.7,0.2266,0
2460,82.082,,,,,,
2461,82.1154,,,,,,
2462,82.1487,,,,,,
2463,82.1821,,,,,,
2464,82.2155,355.6,267.6,382.8,284.6,0.1189,0
2465,82.2488,,,,,,
2466,82.2822,,,,,,
2467,82.3156,,,,,,
2468,82.3489,350.6,258.8,380.0,283.6,0.1698,0
2469,82.3823,350.9,258.7,379.4,283.9,0.1811,0
2470,82.4157,351.1,258.6,379.1,283.4,0.2994,0
2471,82.449,351.6,259.6,378.8,282.7,0.2921,0
2472,82.4824,,,,,,
2473,82.5158,,,,,,
2474,82.5491,,,,,,
2475,82.5825,,,,,,
2476,82.6159,,,,,,
2477,82.6492,,,,,,
2478,82.6826,,,,,,
2479,82.716,337.8,345.0,352.9,352.0,0.2445,0
2479,82.716,336.8,345.1,351.0,352.0,0.1689,0
2480,82.7493,338.0,344.1,352.6,351.8,0.2899,0
2480,82.7493,337.4,344.4,350.8,351.9,0.1626,0
2481,82.7827,337.7,344.3,352.9,351.9,0.3125,0
2481,82.7827,336.9,344.7,351.1,351.9,0.2503,0
2482,82.8161,,,,,,
2483,82.8494,,,,,,
2484,82.8828,,,,,,
2485,82.9162,,,,,,
2486,82.9495,351.1,257.8,379.4,278.7,0.1347,0
2487,82.9829,,,,,,
2488,83.0163,349.3,259.0,380.8,281.5,0.1788,0
2489,83.0496,,,,,,
2490,83.083,349.5,258.3,379.9,281.7,0.1829,0
2491,83.1164,349.8,257.4,378.4,280.5,0.222,0
2492,83.1497,350.4,257.5,378.4,280.4,0.2066,0
2493,83.1831,,,,,,
2494,83.2165,,,,,,
2495,83.2498,,,,,,
2496,83.2832,,,,,,
2497,83.3166,349.4,260.4,381.1,281.1,0.2955,0
2498,83.3499,348.5,260.1,380.6,280.4,0.156,0
2499,83.3833,348.5,260.0,380.6,280.4,0.1636,0
2500,83.4167,348.7,260.2,380.8,280.5,0.1614,0
2501,83.45,348.1,260.5,383.0,280.6,0.1883,0
2502,83.4834,348.6,260.6,382.0,280.5,0.2209,0
2503,83.5168,346.6,260.4,383.3,281.2,0.118,0
2504,83.5501,349.8,259.5,374.9,278.1,0.3169,0
2505,83.5835,349.5,258.5,373.2,276.3,0.1959,0
2506,83.6169,347.1,258.6,374.1,277.0,0.3032,0
2507,83.6502,348.3,258.1,374.2,276.7,0.2399,0
2508,83.6836,347.3,258.0,373.8,277.1,0.2281,0
2509,83.717,349.3,259.5,370.8,278.5,0.2751,0
2510,83.7503,,,,,,
2511,83.7837,,,,,,
2512,83.8171,,,,,,
2513,83.8504,349.9,267.7,383.1,284.0,0.1147,0
2513,83.8504,351.2,268.3,383.1,284.5,0.1084,0
2514,83.8838,,,,,,
2515,83.9172,,,,,,
2516,83.9505,,,,,,
2517,83.9839,,,,,,
2518,84.0173,347.1,267.7,375.4,286.3,0.1211,0
2519,84.0506,348.5,264.6,374.3,285.8,0.1343,0
2520,84.084,348.1,263.5,377.2,285.6,0.1302,0
2521,84.1174,,,,,,
2522,84.1507,,,,,,
2523,84.1841,,,,,,
2524,84.2175,,,,,,
2525,84.2508,,,,,,
2526,84.2842,,,,,,
2527,84.3176,,,,,,
2528,84.3509,,,,,,
2529,84.3843,349.4,267.5,380.5,286.7,0.1407,0
2530,84.4177,,,,,,
2531,84.451,,,,,,
2532,84.4844,,,,,,
2533,84.5178,350.8,268.1,375.8,286.0,0.146,0
2534,84.5511,349.4,267.3,376.8,286.4,0.1471,0
2535,84.5845,350.0,268.9,375.0,285.3,0.3229,0
2536,84.6179,,,,,,
2537,84.6512,,,,,,
2538,84.6846,,,,,,
2539,84.718,348.8,261.8,375.1,281.2,0.197,0
2540,84.7513,,,,,,
2541,84.7847,,,,,,
2542,84.8181,,,,,,
2543,84.8514,348.9,258.6,379.2,278.8,0.1198,0
2544,84.8848,350.3,257.7,379.7,279.2,0.1294,0
2545,84.9182,362.6,261.3,384.3,280.0,0.1255,0
2546,84.9515,,,,,,
2547,84.9849,,,,,,
2548,85.0183,,,,,,
2549,85.0516,,,,,,
2550,85.085,342.9,345.4,363.8,352.0,0.1368,0
2550,85.085,340.7,345.8,360.2,352.0,0.1044,0
2551,85.1184,348.6,339.6,363.5,351.5,0.2481,0
2552,85.1517,,,,,,
2553,85.1851,,,,,,
2554,85.2185,374.8,338.6,388.6,349.2,0.1466,0
2554,85.2185,375.2,338.7,389.0,351.2,0.103,0
2555,85.2518,,,,,,
2556,85.2852,,,,,,
2557,85.3186,,,,,,
2558,85.3519,,,,,,
2559,85.3853,,,,,,
2560,85.4187,,,,,,
2561,85.452,,,,,,
2562,85.4854,,,,,,
2563,85.5188,,,,,,
2564,85.5521,,,,,,
2565,85.5855,,,,,,
2566,85.6189,,,,,,
2567,85.6522,,,,,,
2568,85.6856,,,,,,
2569,85.719,264.2,0.6,635.8,200.0,0.1129,1
2570,85.7523,,,,,,
2571,85.7857,,,,,,
2572,85.8191,,,,,,
2573,85.8524,,,,,,
2574,85.8858,,,,,,
2575,85.9192,,,,,,
2576,85.9525,,,,,,
2577,85.9859,,,,,,
2578,86.0193,,,,,,
2579,86.0526,,,,,,
2580,86.086,,,,,,
2581,86.1194,,,,,,
2582,86.1527,,,,,,
2583,86.1861,,,,,,
2584,86.2195,,,,,,
2585,86.2528,,,,,,
2586,86.2862,,,,,,
2587,86.3196,,,,,,
2588,86.3529,,,,,,
2589,86.3863,,,,,,
2590,86.4197,,,,,,
2591,86.453,,,,,,
2592,86.4864,,,,,,
2593,86.5198,,,,,,
2594,86.5531,,,,,,
2595,86.5865,,,,,,
2596,86.6199,,,,,,
2597,86.6532,,,,,,
2598,86.6866,,,,,,
2599,86.72,,,,,,
2600,86.7533,,,,,,
2601,86.7867,,,,,,
2602,86.8201,,,,,,
2603,86.8534,,,,,,
2604,86.8868,,,,,,
2605,86.9202,,,,,,
2606,86.9535,,,,,,
2607,86.9869,,,,,,
2608,87.0203,,,,,,
2609,87.0536,,,,,,
2610,87.087,405.7,274.6,433.4,294.0,0.2397,0
2611,87.1204,406.2,274.7,433.4,293.6,0.244,0
2612,87.1537,405.3,274.3,433.6,294.0,0.2739,0
2613,87.1871,403.9,274.2,433.5,294.4,0.2091,0
2614,87.2205,403.4,272.6,432.5,294.1,0.1623,0
2615,87.2538,401.1,274.0,431.5,294.5,0.2096,0
2616,87.2872,403.2,272.4,433.2,294.2,0.1656,0
2617,87.3206,,,,,,
2618,87.3539,,,,,,
2619,87.3873,,,,,,
2620,87.4207,,,,,,
2621,87.454,,,,,,
2622,87.4874,402.0,273.7,430.3,292.7,0.2179,0
2623,87.5208,,,,,,
2624,87.5541,,,,,,
2625,87.5875,,,,,,
2626,87.6209,,,,,,
2627,87.6542,,,,,,
2628,87.6876,,,,,,
2629,87.721,412.5,275.1,433.4,291.7,0.1608,0
2630,87.7543,,,,,,
2631,87.7877,,,,,,
2632,87.8211,,,,,,
2633,87.8544,,,,,,
2634,87.8878,404.1,272.2,430.6,292.2,0.1115,0
2635,87.9212,405.8,270.2,429.6,289.1,0.1141,0
2636,87.9545,,,,,,
2637,87.9879,,,,,,
2638,88.0213,402.1,272.2,429.8,294.7,0.3215,0
2639,88.0546,401.8,275.9,429.1,295.3,0.2438,0
2640,88.088,,,,,,
2641,88.1214,,,,,,
2642,88.1547,,,,,,
2643,88.1881,,,,,,
2644,88.2215,,,,,,
2645,88.2548,,,,,,
2646,88.2882,,,,,,
2647,88.3216,,,,,,
2648,88.3549,,,,,,
2649,88.3883,,,,,,
2650,88.4217,,,,,,
2651,88.455,,,,,,
2652,88.4884,,,,,,
2653,88.5218,398.8,284.2,417.9,300.5,0.1165,0
2654,88.5551,,,,,,
2655,88.5885,,,,,,
2656,88.6219,,,,,,
2657,88.6552,,,,,,
2658,88.6886,,,,,,
2659,88.722,,,,,,
2660,88.7553,,,,,,
2661,88.7887,,,,,,
2662,88.8221,,,,,,
2663,88.8554,,,,,,
2664,88.8888,,,,,,
2665,88.9222,,,,,,
2666,88.9555,,,,,,
2667,88.9889,,,,,,
2668,89.0223,,,,,,
2669,89.0556,,,,,,
2670,89.089,,,,,,
2671,89.1224,,,,,,
2672,89.1557,,,,,,
2673,89.1891,397.4,271.8,418.4,290.5,0.1453,0
2674,89.2225,,,,,,
2675,89.2558,,,,,,
2676,89.2892,,,,,,
2677,89.3226,,,,,,
2678,89.3559,,,,,,
2679,89.3893,,,,,,
2680,89.4227,,,,,,
2681,89.456,,,,,,
2682,89.4894,388.5,273.5,414.6,292.5,0.2098,0
2683,89.5228,,,,,,
2684,89.5561,390.4,277.3,413.9,296.0,0.1299,0
2685,89.5895,389.7,277.1,412.8,298.0,0.142,0
2686,89.6229,388.0,275.1,413.2,297.8,0.2678,0
2687,89.6562,389.2,277.3,413.4,297.7,0.2124,0
2688,89.6896,389.9,276.6,412.6,296.1,0.1907,0
2689,89.723,,,,,,
2690,89.7563,,,,,,
2691,89.7897,,,,,,
2692,89.8231,,,,,,
2693,89.8564,,,,,,
2694,89.8898,,,,,,
2695,89.9232,,,,,,
2696,89.9565,394.1,276.3,416.0,292.9,0.1205,0
2697,89.9899,393.1,275.7,416.0,293.2,0.1026,0
2698,90.0233,393.3,274.5,416.4,292.8,0.1661,0
2699,90.0566,395.6,274.9,416.2,293.7,0.1007,0
2700,90.09,394.1,276.5,416.8,296.1,0.1932,0
2701,90.1234,,,,,,
2702,90.1567,,,,,,
2703,90.1901,,,,,,
2704,90.2235,,,,,,
2705,90.2568,,,,,,
2706,90.2902,,,,,,
2707,90.3236,,,,,,
2708,90.3569,,,,,,
2709,90.3903,,,,,,
2710,90.4237,,,,,,
2711,90.457,,,,,,
2712,90.4904,,,,,,
2713,90.5238,,,,,,
2714,90.5571,,,,,,
2715,90.5905,,,,,,
2716,90.6239,,,,,,
2717,90.6572,,,,,,
2718,90.6906,,,,,,
2719,90.724,,,,,,
2720,90.7573,,,,,,
2721,90.7907,,,,,,
2722,90.8241,,,,,,
2723,90.8574,,,,,,
2724,90.8908,,,,,,
2725,90.9242,,,,,,
2726,90.9575,,,,,,
2727,90.9909,,,,,,
2728,91.0243,,,,,,
2729,91.0576,,,,,,
2730,91.091,,,,,,
2731,91.1244,,,,,,
2732,91.1577,,,,,,
2733,91.1911,,,,,,
2734,91.2245,,,,,,
2735,91.2578,,,,,,
2736,91.2912,,,,,,
2737,91.3246,,,,,,
2738,91.3579,390.3,276.3,416.9,298.9,0.1376,0
2738,91.3579,387.8,277.3,417.4,302.0,0.1013,0
2739,91.3913,,,,,,
2740,91.4247,,,,,,
2741,91.458,,,,,,
2742,91.4914,,,,,,
2743,91.5248,,,,,,
2744,91.5581,,,,,,
2745,91.5915,,,,,,
2746,91.6249,,,,,,
2747,91.6582,,,,,,
2748,91.6916,,,,,,
2749,91.725,,,,,,
2750,91.7583,,,,,,
2751,91.7917,,,,,,
2752,91.8251,,,,,,
2753,91.8584,,,,,,
2754,91.8918,378.8,276.5,404.3,297.1,0.1327,0
2755,91.9252,378.8,276.9,403.9,296.5,0.1418,0
2756,91.9585,378.8,275.6,403.9,296.2,0.1722,0
2757,91.9919,379.1,275.9,404.1,294.6,0.1573,0
2758,92.0253,381.4,275.6,404.4,290.7,0.1742,0
2759,92.0586,,,,,,
2760,92.092,378.4,275.4,404.9,292.5,0.1867,0
2761,92.1254,378.5,275.6,405.3,293.2,0.3286,0
2762,92.1587,379.2,274.5,406.0,293.6,0.1039,0
2763,92.1921,378.6,275.3,406.6,293.7,0.2014,0
2764,92.2255,379.3,275.5,406.1,295.2,0.2122,0
2765,92.2588,380.5,275.7,405.3,295.9,0.2799,0
2766,92.2922,379.5,275.5,403.8,294.5,0.227,0
2767,92.3256,378.8,275.6,404.2,294.0,0.287,0
2767,92.3256,377.5,275.0,404.1,294.9,0.1618,0
2768,92.3589,380.2,274.3,404.4,293.9,0.3811,0
2769,92.3923,381.3,275.2,403.3,293.6,0.4785,0
2770,92.4257,379.9,275.9,403.4,294.3,0.4166,0
2771,92.459,381.0,275.7,403.2,293.6,0.4816,0
2772,92.4924,380.7,276.0,403.5,293.8,0.4267,0
2773,92.5258,381.3,276.3,402.7,294.3,0.4646,0
2773,92.5258,379.4,276.0,402.5,295.0,0.1657,0
2774,92.5591,380.5,275.8,403.1,295.1,0.5651,0
2775,92.5925,380.8,276.0,403.0,295.0,0.548,0
2776,92.6259,381.1,276.2,403.2,295.2,0.5472,0
2777,92.6592,378.1,275.5,403.0,295.2,0.3557,0
2777,92.6592,380.0,275.8,403.1,295.0,0.2582,0
2778,92.6926,380.0,276.2,403.1,294.9,0.3656,0
2778,92.6926,378.1,275.8,402.9,295.2,0.3321,0
2779,92.726,378.6,275.4,402.6,295.0,0.3244,0
2779,92.726,380.8,275.7,402.8,294.4,0.3147,0
2780,92.7593,381.0,275.8,402.7,294.0,0.4356,0
2780,92.7593,379.0,275.5,402.5,294.7,0.2596,0
2781,92.7927,377.9,275.6,403.0,295.2,0.2757,0
2782,92.8261,379.6,275.3,404.5,295.0,0.4112,0
2783,92.8594,378.1,273.4,405.8,294.3,0.3816,0
2784,92.8928,379.0,276.2,406.8,296.2,0.1952,0
2785,92.9262,380.8,275.8,404.3,296.4,0.333,0
2786,92.9595,380.3,275.5,404.7,296.2,0.1433,0
2787,92.9929,378.3,276.5,405.3,296.1,0.1067,0
2788,93.0263,382.0,276.9,403.6,294.8,0.2756,0
2789,93.0596,,,,,,
2790,93.093,,,,,,
2791,93.1264,,,,,,
2792,93.1597,,,,,,
2793,93.1931,,,,,,
2794,93.2265,,,,,,
2795,93.2598,,,,,,
2796,93.2932,375.7,265.7,400.6,288.8,0.221,0
2797,93.3266,,,,,,
2798,93.3599,,,,,,
2799,93.3933,,,,,,
2800,93.4267,,,,,,
2801,93.46,,,,,,
2802,93.4934,,,,,,
2803,93.5268,,,,,,
2804,93.5601,,,,,,
2805,93.5935,,,,,,
2806,93.6269,,,,,,
2807,93.6602,,,,,,
2808,93.6936,,,,,,
2809,93.727,,,,,,
2810,93.7603,,,,,,
2811,93.7937,378.8,269.5,401.2,287.5,0.1269,0
2812,93.8271,379.6,269.6,401.4,287.5,0.1156,0
2813,93.8604,,,,,,
2814,93.8938,377.3,267.2,400.9,287.7,0.1148,0
2815,93.9272,,,,,,
2816,93.9605,372.8,264.6,401.2,285.6,0.284,0
2817,93.9939,372.0,263.5,398.7,285.3,0.2635,0
2818,94.0273,372.8,264.5,400.7,286.6,0.2738,0
2819,94.0606,372.9,264.4,400.7,286.7,0.2651,0
2820,94.094,372.9,265.1,398.9,287.6,0.188,0
2821,94.1274,,,,,,
2822,94.1607,379.8,269.4,400.5,286.9,0.1144,0
2823,94.1941,380.6,269.9,399.8,286.8,0.1712,0
2824,94.2275,,,,,,
2825,94.2608,,,,,,
2826,94.2942,,,,,,
2827,94.3276,,,,,,
2828,94.3609,,,,,,
2829,94.3943,,,,,,
2830,94.4277,373.0,267.6,397.0,285.3,0.2182,0
2831,94.461,372.6,268.2,397.0,285.5,0.2534,0
2832,94.4944,373.2,267.3,398.2,286.3,0.3398,0
2833,94.5278,377.8,269.3,399.6,286.0,0.1881,0
2834,94.5611,379.5,268.9,399.4,285.3,0.1959,0
2835,94.5945,,,,,,
2836,94.6279,,,,,,
2837,94.6612,,,,,,
2838,94.6946,,,,,,
2839,94.728,,,,,,
2840,94.7613,,,,,,
2841,94.7947,,,,,,
2842,94.8281,,,,,,
2843,94.8614,378.8,268.9,400.2,285.8,0.1071,0
2844,94.8948,,,,,,
2845,94.9282,379.9,267.9,400.9,284.7,0.2145,0
2846,94.9615,378.0,267.7,400.6,284.8,0.1607,0
2847,94.9949,379.0,268.3,400.8,284.2,0.1568,0
2848,95.0283,378.4,267.5,401.2,285.5,0.109,0
2849,95.0616,,,,,,
2850,95.095,377.2,265.2,401.7,283.8,0.1631,0
2851,95.1284,378.0,265.3,401.5,283.3,0.1827,0
2852,95.1617,,,,,,
2853,95.1951,,,,,,
2854,95.2285,,,,,,
2855,95.2618,,,,,,
2856,95.2952,,,,,,
2857,95.3286,377.5,266.6,401.9,283.9,0.152,0
2858,95.3619,,,,,,
2859,95.3953,,,,,,
2860,95.4287,377.1,265.9,402.3,284.2,0.1033,0
2861,95.462,,,,,,
2862,95.4954,,,,,,
2863,95.5288,,,,,,
2864,95.5621,,,,,,
2865,95.5955,,,,,,
2866,95.6289,,,,,,
2867,95.6622,,,,,,
2868,95.6956,,,,,,
2869,95.729,378.6,269.3,401.6,285.1,0.213,0
2870,95.7623,376.3,268.7,402.1,285.0,0.1135,0
2871,95.7957,,,,,,
2872,95.8291,,,,,,
2873,95.8624,,,,,,
2874,95.8958,378.3,268.8,407.5,287.1,0.1393,0
2875,95.9292,,,,,,
2876,95.9625,388.8,269.6,410.6,283.4,0.1454,0
2876,95.9625,385.2,269.6,410.1,285.0,0.1429,0
2877,95.9959,,,,,,
2878,96.0293,,,,,,
2879,96.0626,388.4,334.8,415.9,352.0,0.1739,0
2880,96.096,,,,,,
2881,96.1294,161.1,334.6,194.9,351.6,0.4069,0
2881,96.1294,426.3,311.9,453.8,329.9,0.2183,0
2882,96.1627,448.8,298.0,479.0,318.6,0.1863,0
2882,96.1627,186.2,321.4,220.8,346.1,0.1843,0
2883,96.1961,211.5,313.6,246.9,329.6,0.6228,0
2884,96.2295,,,,,,
2885,96.2628,,,,,,
2886,96.2962,,,,,,
2887,96.3296,,,,,,
2888,96.3629,,,,,,
2889,96.3963,,,,,,
2890,96.4297,,,,,,
2891,96.463,,,,,,
2892,96.4964,,,,,,
2893,96.5298,,,,,,
2894,96.5631,,,,,,
2895,96.5965,,,,,,
2896,96.6299,,,,,,
2897,96.6632,372.9,315.1,393.2,350.7,0.1688,0
2898,96.6966,,,,,,
2899,96.73,,,,,,
2900,96.7633,,,,,,
2901,96.7967,383.5,332.7,399.4,351.5,0.4393,0
2901,96.7967,384.0,331.7,400.2,351.6,0.1631,0
2902,96.8301,383.4,333.7,399.7,351.6,0.2495,0
2902,96.8301,383.8,332.9,400.6,351.7,0.1974,0
2902,96.8301,383.0,335.0,399.1,351.8,0.14,0
2903,96.8634,383.9,329.8,401.0,351.4,0.41,0
2903,96.8634,383.3,330.4,400.2,351.3,0.1937,0
2904,96.8968,384.0,329.4,400.8,351.3,0.4141,0
2905,96.9302,381.3,329.0,399.6,351.5,0.1647,0
2906,96.9635,,,,,,
2907,96.9969,,,,,,
2908,97.0303,,,,,,
2909,97.0636,,,,,,
2910,97.097,,,,,,
2911,97.1304,,,,,,
2912,97.1637,,,,,,
2913,97.1971,,,,,,
2914,97.2305,,,,,,
2915,97.2638,363.1,341.4,383.3,351.8,0.1449,0
2916,97.2972,359.9,341.1,381.4,352.0,0.1763,0
2917,97.3306,358.3,339.7,379.7,352.0,0.1236,0
2918,97.3639,355.4,340.5,377.3,351.8,0.1719,0
2919,97.3973,354.2,339.7,376.3,351.8,0.2684,0
2920,97.4307,353.7,340.4,375.2,351.8,0.2813,0
2921,97.464,352.3,338.8,374.1,351.9,0.3213,0
2922,97.4974,351.0,339.5,372.8,352.0,0.2778,0
2923,97.5308,347.3,340.0,369.5,351.9,0.1545,0
2924,97.5641,,,,,,
2925,97.5975,,,,,,
2926,97.6309,,,,,,
2927,97.6642,,,,,,
2928,97.6976,,,,,,
2929,97.731,,,,,,
2930,97.7643,,,,,,
2931,97.7977,,,,,,
2932,97.8311,,,,,,
2933,97.8644,,,,,,
2934,97.8978,340.0,342.3,360.5,351.9,0.2253,0
2935,97.9312,339.3,342.1,359.5,351.9,0.2735,0
2936,97.9645,340.1,340.3,358.8,351.8,0.4686,0
2937,97.9979,338.7,341.4,357.7,351.8,0.3979,0
2938,98.0313,337.1,341.5,356.6,351.9,0.4325,0
2939,98.0646,332.5,341.3,352.8,351.8,0.4171,0
2940,98.098,329.7,341.8,350.6,351.8,0.3856,0
2941,98.1314,325.7,340.3,348.3,352.0,0.1708,0
2942,98.1647,,,,,,
2943,98.1981,,,,,,
2944,98.2315,,,,,,
2945,98.2648,,,,,,
2946,98.2982,,,,,,
2947,98.3316,,,,,,
2948,98.3649,,,,,,
2949,98.3983,,,,,,
2950,98.4317,,,,,,
2951,98.465,,,,,,
2952,98.4984,,,,,,
2953,98.5318,,,,,,
2954,98.5651,,,,,,
2955,98.5985,,,,,,
2956,98.6319,,,,,,
2957,98.6652,,,,,,
2958,98.6986,,,,,,
2959,98.732,,,,,,
2960,98.7653,,,,,,
2961,98.7987,,,,,,
2962,98.8321,,,,,,
2963,98.8654,,,,,,
2964,98.8988,,,,,,
2965,98.9322,,,,,,
2966,98.9655,,,,,,
2967,98.9989,,,,,,
2968,99.0323,203.5,341.3,240.0,351.9,0.1239,1
2969,99.0656,,,,,,
2970,99.099,,,,,,
2971,99.1324,,,,,,
2972,99.1657,,,,,,
2973,99.1991,,,,,,
2974,99.2325,,,,,,
2975,99.2658,,,,,,
2976,99.2992,,,,,,
2977,99.3326,,,,,,
2978,99.3659,,,,,,
2979,99.3993,,,,,,
2980,99.4327,,,,,,
2981,99.466,464.9,272.3,484.3,286.6,0.1847,0
2982,99.4994,461.7,270.5,482.9,287.0,0.1145,0
2983,99.5328,,,,,,
2984,99.5661,,,,,,
2985,99.5995,,,,,,
2986,99.6329,,,,,,
2987,99.6662,,,,,,
2988,99.6996,,,,,,
2989,99.733,,,,,,
2990,99.7663,,,,,,
2991,99.7997,,,,,,
2992,99.8331,,,,,,
2993,99.8664,,,,,,
2994,99.8998,,,,,,
2995,99.9332,,,,,,
2996,99.9665,,,,,,
2997,99.9999,,,,,,
2998,100.0333,,,,,,
2999,100.0666,,,,,,
3000,100.1,,,,,,
3001,100.1334,,,,,,
3002,100.1667,,,,,,
3003,100.2001,443.5,270.8,471.9,288.5,0.3556,0
3004,100.2335,,,,,,
3005,100.2668,,,,,,
3006,100.3002,,,,,,
3007,100.3336,,,,,,
3008,100.3669,444.3,273.5,474.6,294.1,0.1006,0
3009,100.4003,,,,,,
3010,100.4337,,,,,,
3011,100.467,,,,,,
3012,100.5004,,,,,,
3013,100.5338,,,,,,
3014,100.5671,447.4,270.6,470.8,288.4,0.1375,0
3015,100.6005,446.3,270.6,471.2,288.4,0.1076,0
3016,100.6339,,,,,,
3017,100.6672,,,,,,
3018,100.7006,,,,,,
3019,100.734,,,,,,
3020,100.7673,,,,,,
3021,100.8007,,,,,,
3022,100.8341,,,,,,
3023,100.8674,,,,,,
3024,100.9008,,,,,,
3025,100.9342,,,,,,
3026,100.9675,,,,,,
3027,101.0009,,,,,,
3028,101.0343,,,,,,
3029,101.0676,,,,,,
3030,101.101,,,,,,
3031,101.1344,,,,,,
3032,101.1677,,,,,,
3033,101.2011,,,,,,
3034,101.2345,,,,,,
3035,101.2678,,,,,,
3036,101.3012,518.2,335.6,542.4,350.2,0.5272,0
3037,101.3346,,,,,,
3038,101.3679,292.1,342.6,323.1,351.9,0.1284,0
3039,101.4013,,,,,,
3040,101.4347,,,,,,
3041,101.468,,,,,,
3042,101.5014,,,,,,
3043,101.5348,,,,,,
3044,101.5681,,,,,,
3045,101.6015,,,,,,
3046,101.6349,,,,,,
3047,101.6682,,,,,,
3048,101.7016,283.7,72.9,311.5,92.3,0.1096,0
3049,101.735,284.6,61.3,309.7,80.1,0.2403,1
3049,101.735,285.6,73.0,311.7,91.6,0.2072,0
3050,101.7683,284.2,62.6,310.1,78.6,0.2795,1
3051,101.8017,494.7,303.3,513.1,336.1,0.2911,0
3052,101.8351,,,,,,
3053,101.8684,476.4,319.2,495.4,342.2,0.1075,0
3054,101.9018,262.9,87.6,291.7,113.7,0.3768,0
3054,101.9018,264.0,96.8,291.2,114.4,0.1937,0
3054,101.9018,472.2,317.3,491.9,350.5,0.1251,0
3055,101.9352,,,,,,
3056,101.9685,,,,,,
3057,102.0019,455.7,318.8,472.4,350.6,0.2659,0
3057,102.0019,251.7,89.4,280.0,108.5,0.2186,0
3058,102.0353,,,,,,
3059,102.0686,248.2,97.1,275.9,124.1,0.1315,0
3060,102.102,,,,,,
3061,102.1354,247.1,109.8,278.3,130.7,0.1267,0
3062,102.1687,,,,,,
3063,102.2021,,,,,,
3064,102.2355,,,,,,
3065,102.2688,,,,,,
3066,102.3022,,,,,,
3067,102.3356,,,,,,
3068,102.3689,,,,,,
3069,102.4023,441.8,341.8,459.5,351.9,0.2662,0
3070,102.4357,436.8,339.4,455.0,351.5,0.3314,0
3071,102.469,431.6,333.7,450.2,351.3,0.2662,0
3071,102.469,432.1,337.0,449.2,351.5,0.1995,0
3072,102.5024,427.3,338.1,444.9,351.5,0.2762,0
3073,102.5358,424.0,340.3,445.5,351.9,0.3077,0
3074,102.5691,423.3,338.4,442.8,351.8,0.255,0
3075,102.6025,420.1,334.0,439.2,351.0,0.2627,0
3076,102.6359,,,,,,
3077,102.6692,,,,,,
3078,102.7026,,,,,,
3079,102.736,,,,,,
3080,102.7693,,,,,,
3081,102.8027,,,,,,
3082,102.8361,,,,,,
3083,102.8694,,,,,,
3084,102.9028,,,,,,
3085,102.9362,,,,,,
3086,102.9695,,,,,,
3087,103.0029,375.2,341.6,394.9,352.0,0.1195,0
3088,103.0363,372.2,340.1,392.9,351.9,0.1252,0
3089,103.0696,371.1,340.5,392.1,351.9,0.3212,0
3090,103.103,370.6,341.0,390.6,351.8,0.2236,0
3091,103.1364,368.7,340.2,390.1,351.9,0.1678,0
3091,103.1364,368.1,333.8,392.3,352.0,0.1065,0
3092,103.1697,363.5,339.3,386.9,351.9,0.1797,0
3093,103.2031,363.9,339.5,383.6,351.8,0.2303,0
3094,103.2365,364.0,331.9,381.7,351.6,0.3211,0
3095,103.2698,,,,,,
3096,103.3032,,,,,,
3097,103.3366,,,,,,
3098,103.3699,,,,,,
3099,103.4033,,,,,,
3100,103.4367,,,,,,
3101,103.47,,,,,,
3102,103.5034,,,,,,
3103,103.5368,,,,,,
3104,103.5701,,,,,,
3105,103.6035,,,,,,
3106,103.6369,115.2,96.5,146.8,120.4,0.1938,0
3107,103.6702,270.3,328.0,286.7,350.3,0.2128,0
3108,103.7036,265.9,328.6,286.7,351.7,0.2389,0
3109,103.737,263.8,337.7,283.7,351.8,0.4532,0
3110,103.7703,263.4,341.5,284.7,352.0,0.3301,0
3111,103.8037,,,,,,
3112,103.8371,116.7,134.1,143.7,146.6,0.164,0
3113,103.8704,293.6,133.8,353.0,183.7,0.2231,1
3113,103.8704,522.6,344.7,538.7,351.9,0.1409,0
3114,103.9038,289.7,135.8,353.1,184.5,0.4676,1
3114,103.9038,108.4,140.8,139.5,154.7,0.13,0
3115,103.9372,,,,,,
3116,103.9705,,,,,,
3117,104.0039,,,,,,
3118,104.0373,,,,,,
3119,104.0706,,,,,,
3120,104.104,90.2,147.5,117.4,160.4,0.3428,0
3121,104.1374,,,,,,
3122,104.1707,,,,,,
3123,104.2041,,,,,,
3124,104.2375,,,,,,
3125,104.2708,,,,,,
3126,104.3042,,,,,,
3127,104.3376,,,,,,
3128,104.3709,,,,,,
3129,104.4043,,,,,,
3130,104.4377,,,,,,
3131,104.471,,,,,,
3132,104.5044,,,,,,
3133,104.5378,220.7,0.0,633.2,201.9,0.3247,1
3134,104.5711,222.3,0.4,634.5,199.4,0.1817,1
3134,104.5711,260.1,0.5,635.9,183.4,0.1279,1
3135,104.6045,,,,,,
3136,104.6379,,,,,,
3137,104.6712,,,,,,
3138,104.7046,,,,,,
3139,104.738,,,,,,
3140,104.7713,,,,,,
3141,104.8047,,,,,,
3142,104.8381,,,,,,
3143,104.8714,,,,,,
3144,104.9048,461.7,255.7,493.4,281.0,0.1156,0
3145,104.9382,,,,,,
3146,104.9715,446.4,345.4,461.3,352.0,0.1417,0
3147,105.0049,447.3,343.7,459.7,351.7,0.1872,0
3148,105.0383,446.8,343.9,459.0,351.7,0.1742,0
3149,105.0716,446.7,343.6,458.4,351.7,0.1939,0
3150,105.105,446.6,343.6,458.2,351.7,0.1997,0
3151,105.1384,446.3,344.6,457.9,351.8,0.1369,0
3152,105.1717,444.8,345.2,458.4,351.9,0.1983,0
3153,105.2051,,,,,,
3154,105.2385,,,,,,
3155,105.2718,,,,,,
3156,105.3052,,,,,,
3157,105.3386,,,,,,
3158,105.3719,,,,,,
3159,105.4053,,,,,,
3160,105.4387,,,,,,
3161,105.472,445.0,270.3,470.1,286.7,0.1184,0
3162,105.5054,,,,,,
3163,105.5388,,,,,,
3164,105.5721,,,,,,
3165,105.6055,,,,,,
3166,105.6389,,,,,,
3167,105.6722,,,,,,
3168,105.7056,,,,,,
3169,105.739,,,,,,
3170,105.7723,,,,,,
3171,105.8057,,,,,,
3172,105.8391,,,,,,
3173,105.8724,,,,,,
3174,105.9058,,,,,,
3175,105.9392,,,,,,
3176,105.9725,,,,,,
3177,106.0059,,,,,,
3178,106.0393,,,,,,
3179,106.0726,,,,,,
3180,106.106,,,,,,
3181,106.1394,,,,,,
3182,106.1727,,,,,,
3183,106.2061,,,,,,
3184,106.2395,,,,,,
3185,106.2728,,,,,,
3186,106.3062,,,,,,
3187,106.3396,,,,,,
3188,106.3729,,,,,,
3189,106.4063,,,,,,
3190,106.4397,,,,,,
3191,106.473,,,,,,
3192,106.5064,,,,,,
3193,106.5398,440.6,269.3,464.3,287.3,0.1159,0
3194,106.5731,438.6,268.7,464.1,286.9,0.171,0
3195,106.6065,430.2,266.0,464.6,286.2,0.1226,0
3196,106.6399,,,,,,
3197,106.6732,,,,,,
3198,106.7066,,,,,,
3199,106.74,,,,,,
3200,106.7733,,,,,,
3201,106.8067,,,,,,
3202,106.8401,,,,,,
3203,106.8734,,,,,,
3204,106.9068,,,,,,
3205,106.9402,441.1,261.2,465.6,281.1,0.2113,0
3206,106.9735,,,,,,
3207,107.0069,,,,,,
3208,107.0403,,,,,,
3209,107.0736,,,,,,
3210,107.107,,,,,,
3211,107.1404,,,,,,
3212,107.1737,,,,,,
3213,107.2071,445.7,260.3,473.0,279.5,0.2098,0
3214,107.2405,449.4,260.0,473.5,281.4,0.1084,0
3215,107.2738,,,,,,
3216,107.3072,449.7,258.3,472.7,279.1,0.1335,0
3217,107.3406,,,,,,
3218,107.3739,449.8,258.1,467.4,276.1,0.1583,0
3219,107.4073,,,,,,
3220,107.4407,,,,,,
3221,107.474,447.9,259.7,471.5,276.2,0.1211,0
3222,107.5074,,,,,,
3223,107.5408,,,,,,
3224,107.5741,428.9,345.4,443.2,351.9,0.1886,0
3225,107.6075,429.2,344.9,441.9,351.8,0.2063,0
3226,107.6409,428.8,344.1,443.3,351.7,0.2866,0
3227,107.6742,429.1,343.3,443.0,351.7,0.2666,0
3228,107.7076,429.6,342.8,441.6,351.4,0.1961,0
3229,107.741,442.8,253.6,481.2,273.8,0.1925,0
3230,107.7743,445.6,253.5,473.4,271.4,0.3183,0
3231,107.8077,,,,,,
3232,107.8411,,,,,,
3233,107.8744,,,,,,
3234,107.9078,,,,,,
3235,107.9412,,,,,,
3236,107.9745,444.4,249.1,472.5,269.8,0.1826,0
3237,108.0079,444.5,249.6,471.8,270.0,0.1204,0
3238,108.0413,,,,,,
3239,108.0746,,,,,,
3240,108.108,,,,,,
3241,108.1414,,,,,,
3242,108.1747,432.8,336.7,443.3,343.8,0.1138,0
3243,108.2081,432.9,336.8,442.7,343.8,0.1416,0
3244,108.2415,432.8,336.7,442.6,343.8,0.1201,0
3245,108.2748,,,,,,
3246,108.3082,,,,,,
3247,108.3416,,,,,,
3248,108.3749,,,,,,
3249,108.4083,,,,,,
3250,108.4417,,,,,,
3251,108.475,,,,,,
3252,108.5084,,,,,,
3253,108.5418,,,,,,
3254,108.5751,,,,,,
3255,108.6085,,,,,,
3256,108.6419,,,,,,
3257,108.6752,,,,,,
3258,108.7086,443.9,248.3,476.5,272.4,0.1033,0
3259,108.742,,,,,,
3260,108.7753,,,,,,
3261,108.8087,,,,,,
3262,108.8421,427.8,342.3,445.4,351.5,0.2634,0
3262,108.8421,427.2,340.6,452.7,352.0,0.1034,0
3263,108.8754,426.4,342.8,446.6,351.8,0.2865,0
3264,108.9088,425.4,344.3,444.2,351.9,0.2626,0
3264,108.9088,423.8,344.6,440.3,351.8,0.1481,0
3265,108.9422,425.1,344.4,447.0,352.0,0.5202,0
3265,108.9422,422.8,344.9,444.1,351.9,0.1436,0
3265,108.9422,422.4,342.5,452.7,351.9,0.1342,0
3266,108.9755,426.1,344.3,446.6,351.9,0.5026,0
3266,108.9755,444.5,256.6,469.8,275.0,0.2047,0
3266,108.9755,422.6,344.6,445.5,351.9,0.1341,0
3266,108.9755,424.0,342.9,452.5,351.9,0.1332,0
3267,109.0089,426.0,344.7,447.7,351.9,0.5339,0
3267,109.0089,443.7,256.1,469.6,275.0,0.1836,0
3267,109.0089,424.0,343.4,453.8,351.9,0.155,0
3267,109.0089,445.9,255.1,469.2,273.1,0.1244,0
3268,109.0423,442.1,256.0,470.0,275.5,0.1739,0
3269,109.0756,444.6,255.9,471.0,271.3,0.2014,0
3269,109.0756,442.9,257.0,471.4,273.1,0.1302,0
3270,109.109,445.9,255.9,468.4,270.6,0.3015,0
3271,109.1424,447.0,255.2,468.2,270.5,0.552,0
3272,109.1757,445.6,253.6,466.4,269.4,0.4573,0
3273,109.2091,,,,,,
3274,109.2425,442.8,253.6,465.9,272.2,0.1281,0
3275,109.2758,445.3,255.0,465.8,270.4,0.1791,0
3275,109.2758,443.3,254.8,465.3,271.3,0.1775,0
3276,109.3092,,,,,,
3277,109.3426,443.0,256.9,463.6,274.9,0.1763,0
3278,109.3759,442.6,256.7,462.8,273.6,0.1414,0
3279,109.4093,441.3,257.3,460.5,274.9,0.1913,0
3279,109.4093,415.4,345.5,431.0,352.0,0.1837,0
3279,109.4093,416.7,345.3,433.8,351.9,0.1746,0
3280,109.4427,413.8,342.3,427.1,351.6,0.2414,0
3281,109.476,,,,,,
3282,109.5094,,,,,,
3283,109.5428,,,,,,
3284,109.5761,,,,,,
3285,109.6095,,,,,,
3286,109.6429,,,,,,
3287,109.6762,602.5,159.2,640.0,275.6,0.2355,1
3288,109.7096,,,,,,
3289,109.743,,,,,,
3290,109.7763,,,,,,
3291,109.8097,,,,,,
3292,109.8431,,,,,,
3293,109.8764,,,,,,
3294,109.9098,,,,,,
3295,109.9432,,,,,,
3296,109.9765,,,,,,
3297,110.0099,,,,,,
3298,110.0433,,,,,,
3299,110.0766,,,,,,
3300,110.11,,,,,,
3301,110.1434,399.9,336.7,409.4,344.0,0.2943,0
3302,110.1767,,,,,,
3303,110.2101,397.3,339.5,406.3,348.0,0.1351,0
3304,110.2435,,,,,,
3305,110.2768,394.8,337.3,404.8,345.4,0.149,0
3305,110.2768,395.1,337.4,405.2,345.1,0.1175,0
3306,110.3102,393.7,336.7,403.7,345.4,0.1636,0
3307,110.3436,409.5,249.9,432.4,268.8,0.1237,0
3308,110.3769,,,,,,
3309,110.4103,,,,,,
3310,110.4437,,,,,,
3311,110.477,,,,,,
3312,110.5104,,,,,,
3313,110.5438,,,,,,
3314,110.5771,,,,,,
3315,110.6105,,,,,,
3316,110.6439,,,,,,
3317,110.6772,,,,,,
3318,110.7106,,,,,,
3319,110.744,,,,,,
3320,110.7773,,,,,,
3321,110.8107,,,,,,
3322,110.8441,,,,,,
3323,110.8774,,,,,,
3324,110.9108,,,,,,
3325,110.9442,,,,,,
3326,110.9775,,,,,,
3327,111.0109,,,,,,
3328,111.0443,,,,,,
3329,111.0776,,,,,,
3330,111.111,,,,,,
3331,111.1444,,,,,,
3332,111.1777,,,,,,
3333,111.2111,,,,,,
3334,111.2445,,,,,,
3335,111.2778,,,,,,
3336,111.3112,,,,,,
3337,111.3446,67.9,1.3,618.1,175.2,0.1423,1
3337,111.3446,15.4,1.9,507.0,164.5,0.1048,1
3338,111.3779,45.4,1.8,595.2,168.2,0.241,1
3339,111.4113,49.0,1.5,582.3,170.1,0.1075,1
3340,111.4447,,,,,,
3341,111.478,,,,,,
3342,111.5114,,,,,,
3343,111.5448,,,,,,
3344,111.5781,0.0,1.0,542.5,180.2,0.3259,1
3345,111.6115,0.0,1.1,542.9,179.2,0.2732,1
3346,111.6449,0.0,1.4,540.7,178.7,0.6166,1
3347,111.6782,,,,,,
3348,111.7116,,,,,,
3349,111.745,12.9,0.3,518.0,174.1,0.2288,1
3350,111.7783,8.3,0.5,523.8,171.7,0.1635,1
3351,111.8117,,,,,,
3352,111.8451,4.6,0.9,436.7,173.4,0.1366,1
3353,111.8784,,,,,,
3354,111.9118,,,,,,
3355,111.9452,,,,,,
3356,111.9785,11.7,1.3,502.9,174.2,0.1421,1
3357,112.0119,,,,,,
3358,112.0453,193.1,344.3,209.3,351.9,0.2126,0
3358,112.0453,190.8,344.4,208.5,352.0,0.17,0
3359,112.0786,7.5,1.9,525.9,176.0,0.121,1
3360,112.112,5.4,1.9,524.1,174.6,0.2133,1
3361,112.1454,214.0,334.0,230.5,344.7,0.1976,0
3362,112.1787,,,,,,
3363,112.2121,595.4,140.4,618.6,160.1,0.2976,0
3364,112.2455,,,,,,
3365,112.2788,594.3,136.6,614.4,155.7,0.191,0
3366,112.3122,,,,,,
3367,112.3456,,,,,,
3368,112.3789,,,,,,
3369,112.4123,,,,,,
3370,112.4457,,,,,,
3371,112.479,397.8,233.4,455.2,252.0,0.2103,0
3372,112.5124,386.1,229.0,438.8,248.4,0.1912,0
3373,112.5458,,,,,,
3374,112.5791,,,,,,
3375,112.6125,,,,,,
3376,112.6459,363.4,198.2,381.2,206.8,0.3043,0
3377,112.6792,357.8,198.2,368.1,206.7,0.2488,0
3378,112.7126,,,,,,
3379,112.746,,,,,,
3380,112.7793,,,,,,
3381,112.8127,,,,,,
3382,112.8461,,,,,,
3383,112.8794,,,,,,
3384,112.9128,,,,,,
3385,112.9462,,,,,,
3386,112.9795,,,,,,
3387,113.0129,,,,,,
3388,113.0463,,,,,,
3389,113.0796,,,,,,
3390,113.113,,,,,,
3391,113.1464,,,,,,
3392,113.1797,,,,,,
3393,113.2131,,,,,,
3394,113.2465,,,,,,
3395,113.2798,,,,,,
3396,113.3132,,,,,,
3397,113.3466,371.9,168.8,384.1,185.6,0.2393,0
3398,113.3799,379.5,157.1,390.1,172.0,0.6139,0
3399,113.4133,,,,,,
3400,113.4467,,,,,,
3401,113.48,,,,,,
3402,113.5134,,,,,,
3403,113.5468,,,,,,
3404,113.5801,,,,,,
3405,113.6135,,,,,,
3406,113.6469,,,,,,
3407,113.6802,,,,,,
3408,113.7136,,,,,,
3409,113.747,337.9,155.8,374.6,175.1,0.2525,0
3410,113.7803,,,,,,
3411,113.8137,,,,,,
3412,113.8471,337.3,162.9,372.3,180.5,0.2409,0
3413,113.8804,337.9,164.7,374.7,182.4,0.2916,0
3414,113.9138,,,,,,
3415,113.9472,,,,,,
3416,113.9805,,,,,,
3417,114.0139,,,,,,
3418,114.0473,,,,,,
3419,114.0806,,,,,,
3420,114.114,,,,,,
3421,114.1474,,,,,,
3422,114.1807,,,,,,
3423,114.2141,,,,,,
3424,114.2475,,,,,,
3425,114.2808,,,,,,
3426,114.3142,,,,,,
3427,114.3476,,,,,,
3428,114.3809,,,,,,
3429,114.4143,,,,,,
3430,114.4477,,,,,,
3431,114.481,,,,,,
3432,114.5144,,,,,,
3433,114.5478,,,,,,
3434,114.5811,,,,,,
3435,114.6145,,,,,,
3436,114.6479,105.7,278.1,143.7,299.7,0.262,0
3437,114.6812,137.6,258.1,177.7,286.6,0.2239,0
3438,114.7146,171.8,234.8,212.3,266.3,0.1179,0
3439,114.748,205.0,218.4,239.4,246.1,0.4095,0
3440,114.7813,,,,,,
3441,114.8147,,,,,,
3442,114.8481,,,,,,
3443,114.8814,,,,,,
3444,114.9148,,,,,,
3445,114.9482,5.2,9.6,14.2,20.6,0.1009,0
3446,114.9815,,,,,,
3447,115.0149,,,,,,
3448,115.0483,,,,,,
3449,115.0816,,,,,,
3450,115.115,,,,,,
3451,115.1484,,,,,,
3452,115.1817,,,,,,
3453,115.2151,,,,,,
3454,115.2485,,,,,,
3455,115.2818,,,,,,
3456,115.3152,,,,,,
3457,115.3486,,,,,,
3458,115.3819,79.7,298.7,96.5,331.5,0.1349,0
3459,115.4153,,,,,,
3460,115.4487,,,,,,
3461,115.482,,,,,,
3462,115.5154,,,,,,
3463,115.5488,,,,,,
3464,115.5821,,,,,,
3465,115.6155,,,,,,
3466,115.6489,,,,,,
3467,115.6822,,,,,,
3468,115.7156,,,,,,
3469,115.749,,,,,,
3470,115.7823,,,,,,
3471,115.8157,628.7,94.8,640.0,117.3,0.169,0
3471,115.8157,629.2,92.8,640.0,115.7,0.1557,0
3472,115.8491,,,,,,
3473,115.8824,619.3,107.2,630.4,126.9,0.2431,0
3474,115.9158,,,,,,
3475,115.9492,,,,,,
3476,115.9825,,,,,,
3477,116.0159,,,,,,
3478,116.0493,,,,,,
3479,116.0826,,,,,,
3480,116.116,67.2,284.1,88.2,317.9,0.1701,0
3481,116.1494,,,,,,
3482,116.1827,,,,,,
3483,116.2161,,,,,,
3484,116.2495,65.1,280.7,85.4,318.9,0.1749,0
3485,116.2828,64.9,280.8,83.9,317.9,0.1063,0
3486,116.3162,,,,,,
3487,116.3496,,,,,,
3488,116.3829,,,,,,
3489,116.4163,,,,,,
3490,116.4497,,,,,,
3491,116.483,,,,,,
3492,116.5164,,,,,,
3493,116.5498,69.8,269.3,87.6,300.5,0.1303,0
3494,116.5831,,,,,,
3495,116.6165,,,,,,
3496,116.6499,,,,,,
3497,116.6832,,,,,,
3498,116.7166,,,,,,
3499,116.75,,,,,,
3500,116.7833,,,,,,
3501,116.8167,,,,,,
3502,116.8501,,,,,,
3503,116.8834,,,,,,
3504,116.9168,,,,,,
3505,116.9502,498.9,94.2,535.9,117.7,0.2068,0
3506,116.9835,501.3,96.7,530.2,119.1,0.2297,0
3507,117.0169,496.4,97.4,523.8,120.6,0.2067,0
3508,117.0503,,,,,,
3509,117.0836,,,,,,
3510,117.117,,,,,,
3511,117.1504,,,,,,
3512,117.1837,,,,,,
3513,117.2171,,,,,,
3514,117.2505,,,,,,
3515,117.2838,,,,,,
3516,117.3172,,,,,,
3517,117.3506,,,,,,
3518,117.3839,,,,,,
3519,117.4173,,,,,,
3520,117.4507,,,,,,
3521,117.484,,,,,,
3522,117.5174,,,,,,
3523,117.5508,80.7,272.1,102.3,310.7,0.1136,0
3524,117.5841,,,,,,
3525,117.6175,81.4,272.2,103.3,310.5,0.1278,0
3526,117.6509,,,,,,
3527,117.6842,,,,,,
3528,117.7176,,,,,,
3529,117.751,,,,,,
3530,117.7843,,,,,,
3531,117.8177,,,,,,
3532,117.8511,46.8,296.0,79.0,316.0,0.3527,0
3533,117.8844,15.2,305.3,56.4,324.8,0.4617,0
3534,117.9178,0.0,314.4,21.7,331.9,0.1273,0
3535,117.9512,,,,,,
3536,117.9845,,,,,,
3537,118.0179,,,,,,
3538,118.0513,,,,,,
3539,118.0846,,,,,,
3540,118.118,,,,,,
3541,118.1514,1.2,9.4,498.6,257.0,0.1275,1
3542,118.1847,,,,,,
3543,118.2181,,,,,,
3544,118.2515,,,,,,
3545,118.2848,,,,,,
3546,118.3182,,,,,,
3547,118.3516,,,,,,
3548,118.3849,,,,,,
3549,118.4183,,,,,,
3550,118.4517,,,,,,
3551,118.485,,,,,,
3552,118.5184,,,,,,
3553,118.5518,14.3,2.3,531.8,195.4,0.1044,1
3554,118.5851,7.0,2.3,545.7,188.4,0.1842,1
3555,118.6185,,,,,,
3556,118.6519,3.4,1.7,554.8,178.6,0.1796,1
3556,118.6519,3.8,1.7,537.3,184.2,0.1581,1
3557,118.6852,3.8,1.5,547.4,178.5,0.3755,1
3557,118.6852,31.2,0.8,585.9,175.0,0.1117,1
3558,118.7186,4.4,1.8,554.7,180.3,0.2588,1
3558,118.7186,35.6,1.2,593.9,175.6,0.1865,1
3559,118.752,4.3,1.7,526.4,178.5,0.2871,1
3559,118.752,34.0,0.8,584.4,174.6,0.2408,1
3560,118.7853,4.6,2.0,569.9,179.4,0.6444,1
3561,118.8187,3.4,1.9,567.1,176.8,0.5469,1
3562,118.8521,3.7,2.0,571.5,179.0,0.418,1
3563,118.8854,6.0,1.9,550.1,188.8,0.1732,1
3564,118.9188,,,,,,
3565,118.9522,,,,,,
3566,118.9855,,,,,,
3567,119.0189,,,,,,
3568,119.0523,,,,,,
3569,119.0856,28.3,343.7,57.2,352.0,0.1922,0
3570,119.119,41.6,339.9,64.8,351.7,0.2256,0
3571,119.1524,56.6,335.3,77.8,350.2,0.177,0
3572,119.1857,,,,,,
3573,119.2191,,,,,,
3574,119.2525,,,,,,
3575,119.2858,,,,,,
3576,119.3192,,,,,,
3577,119.3526,,,,,,
3578,119.3859,,,,,,
3579,119.4193,,,,,,
3580,119.4527,,,,,,
3581,119.486,,,,,,
3582,119.5194,,,,,,
3583,119.5528,,,,,,
3584,119.5861,5.8,116.9,14.5,128.3,0.3585,0
3585,119.6195,4.6,121.3,12.9,132.2,0.2258,0
3586,119.6529,0.5,125.1,11.4,136.5,0.4189,0
3586,119.6529,163.9,327.7,180.9,350.9,0.1827,0
3587,119.6862,154.3,333.0,176.5,351.0,0.5561,0
3588,119.7196,151.6,335.8,170.9,351.6,0.2061,0
3589,119.753,153.1,332.8,174.2,351.7,0.5213,0
3590,119.7863,156.8,327.5,176.1,351.6,0.2123,0
3591,119.8197,,,,,,
3592,119.8531,,,,,,
3593,119.8864,148.2,323.3,166.9,347.5,0.1191,0
3594,119.9198,609.7,168.1,629.1,179.4,0.3781,0
3594,119.9198,145.6,317.5,164.4,349.1,0.1109,0
3595,119.9532,,,,,,
3596,119.9865,519.3,54.6,538.1,72.2,0.1484,0
3597,120.0199,512.4,48.4,530.8,64.8,0.1942,0
3598,120.0533,,,,,,
3599,120.0866,507.9,36.9,522.3,49.4,0.1627,0
3600,120.12,503.3,34.2,519.5,46.5,0.1423,0
3601,120.1534,499.1,33.2,513.8,45.0,0.2144,0
3602,120.1867,24.4,0.3,577.8,140.4,0.7822,1
3603,120.2201,26.0,0.4,593.1,138.9,0.7785,1
3604,120.2535,22.7,0.0,599.0,138.5,0.3871,1
3605,120.2868,9.5,0.0,583.2,127.8,0.3006,1
3605,120.2868,487.0,28.9,502.4,41.0,0.1613,0
3606,120.3202,5.1,0.0,594.9,127.3,0.2633,1
3607,120.3536,485.8,28.9,499.8,39.5,0.1175,0
3608,120.3869,7.2,0.1,514.2,121.7,0.1064,1
3609,120.4203,,,,,,
3610,120.4537,240.4,266.8,265.4,280.7,0.1901,0
3611,120.487,257.8,259.3,295.3,275.4,0.6458,0
3611,120.487,497.1,25.0,516.3,36.0,0.3742,0
3612,120.5204,290.8,244.9,334.8,265.0,0.4506,0
3612,120.5204,507.8,16.3,550.2,34.8,0.2794,0
3613,120.5538,325.5,235.0,369.0,253.7,0.1642,0
3614,120.5871,574.7,0.0,612.2,14.4,0.1024,0
3615,120.6205,,,,,,
3616,120.6539,0.0,0.0,568.7,75.7,0.2271,1
3617,120.6872,,,,,,
3618,120.7206,616.9,103.2,633.0,113.9,0.3641,0
3619,120.754,,,,,,
3620,120.7873,,,,,,
3621,120.8207,600.0,105.7,617.2,115.1,0.1391,0
3622,120.8541,,,,,,
3623,120.8874,34.7,58.7,45.9,69.9,0.1642,0
3624,120.9208,,,,,,
3625,120.9542,575.0,107.5,590.5,117.6,0.1085,0
3626,120.9875,28.4,64.7,40.5,75.0,0.1034,0
3627,121.0209,28.3,67.2,39.0,77.7,0.2734,0
3628,121.0543,512.4,230.7,533.2,244.4,0.1362,0
3629,121.0876,624.1,4.1,640.0,17.2,0.2239,0
3630,121.121,530.6,232.3,551.1,245.5,0.1939,0
3631,121.1544,,,,,,
3632,121.1877,,,,,,
3633,121.2211,625.7,12.1,639.9,23.3,0.1208,0
3634,121.2545,624.6,12.4,639.8,25.5,0.1591,0
3635,121.2878,,,,,,
3636,121.3212,,,,,,
3637,121.3546,617.7,16.0,632.7,27.3,0.1941,0
3638,121.3879,13.8,78.7,35.3,91.1,0.5002,0
3638,121.3879,614.9,17.4,629.5,28.7,0.439,0
3638,121.3879,491.5,120.7,512.3,132.9,0.2619,0
3638,121.3879,491.6,121.4,512.4,133.3,0.1217,0
3639,121.4213,480.1,124.9,499.4,138.2,0.6729,0
3639,121.4213,606.9,20.9,623.6,34.2,0.1234,0
3639,121.4213,607.2,21.1,623.6,34.1,0.1171,0
3640,121.4547,474.8,127.5,490.2,137.2,0.1142,0
3641,121.488,469.0,126.0,486.8,135.9,0.3825,0
3642,121.5214,465.2,126.6,480.6,135.9,0.3468,0
3643,121.5548,460.0,125.6,476.8,135.6,0.5605,0
3644,121.5881,452.2,125.3,471.7,136.1,0.4664,0
3645,121.6215,447.9,124.6,465.2,135.5,0.6772,0
3646,121.6549,439.0,124.1,457.8,134.7,0.5804,0
3647,121.6882,430.3,125.1,448.4,135.6,0.3068,0
3648,121.7216,601.2,22.7,614.9,33.8,0.1138,0
3649,121.755,,,,,,
3650,121.7883,599.3,21.1,613.2,32.5,0.1261,0
3651,121.8217,598.9,21.8,611.8,32.5,0.1302,0
3652,121.8551,,,,,,
3653,121.8884,,,,,,
3654,121.9218,597.4,21.7,611.1,33.6,0.1208,0
3655,121.9552,,,,,,
3656,121.9885,,,,,,
3657,122.0219,,,,,,
3658,122.0553,,,,,,
3659,122.0886,,,,,,
3660,122.122,,,,,,
3661,122.1554,,,,,,
3662,122.1887,,,,,,
3663,122.2221,,,,,,
3664,122.2555,,,,,,
3665,122.2888,,,,,,
3666,122.3222,,,,,,
3667,122.3556,,,,,,
3668,122.3889,,,,,,
3669,122.4223,,,,,,
3670,122.4557,,,,,,
3671,122.489,,,,,,
3672,122.5224,,,,,,
3673,122.5558,,,,,,
3674,122.5891,,,,,,
3675,122.6225,,,,,,
3676,122.6559,,,,,,
3677,122.6892,,,,,,
3678,122.7226,,,,,,
3679,122.756,,,,,,
3680,122.7893,,,,,,
3681,122.8227,,,,,,
3682,122.8561,,,,,,
3683,122.8894,,,,,,
3684,122.9228,,,,,,
3685,122.9562,,,,,,
3686,122.9895,,,,,,
3687,123.0229,,,,,,
3688,123.0563,,,,,,
3689,123.0896,,,,,,
3690,123.123,,,,,,
3691,123.1564,,,,,,
3692,123.1897,,,,,,
3693,123.2231,,,,,,
3694,123.2565,,,,,,
3695,123.2898,,,,,,
3696,123.3232,31.9,111.0,53.2,131.2,0.1183,0
3697,123.3566,,,,,,
3698,123.3899,,,,,,
3699,123.4233,,,,,,
3700,123.4567,0.8,144.0,30.1,158.9,0.144,0
3701,123.49,,,,,,
3702,123.5234,,,,,,
3703,123.5568,,,,,,
3704,123.5901,,,,,,
3705,123.6235,,,,,,
3706,123.6569,,,,,,
3707,123.6902,,,,,,
3708,123.7236,164.7,62.3,177.9,74.3,0.2592,0
3709,123.757,157.2,66.4,172.5,80.9,0.159,0
3710,123.7903,611.0,128.3,631.6,139.3,0.1148,0
3711,123.8237,,,,,,
3712,123.8571,,,,,,
3713,123.8904,584.1,134.2,603.3,143.1,0.1082,0
3714,123.9238,,,,,,
3715,123.9572,,,,,,
3716,123.9905,,,,,,
3717,124.0239,,,,,,
3718,124.0573,,,,,,
3719,124.0906,,,,,,
3720,124.124,,,,,,
3721,124.1574,,,,,,
3722,124.1907,,,,,,
3723,124.2241,,,,,,
3724,124.2575,,,,,,
3725,124.2908,,,,,,
3726,124.3242,,,,,,
3727,124.3576,,,,,,
3728,124.3909,,,,,,
3729,124.4243,,,,,,
3730,124.4577,,,,,,
3731,124.491,,,,,,
3732,124.5244,,,,,,
3733,124.5578,,,,,,
3734,124.5911,,,,,,
3735,124.6245,,,,,,
3736,124.6579,,,,,,
3737,124.6912,,,,,,
3738,124.7246,,,,,,
3739,124.758,,,,,,
3740,124.7913,,,,,,
3741,124.8247,281.0,210.7,304.0,224.0,0.7077,0
3742,124.8581,253.0,218.3,285.1,235.1,0.4387,0
3743,124.8914,234.4,228.9,256.6,242.6,0.1295,0
3744,124.9248,,,,,,
3745,124.9582,,,,,,
3746,124.9915,,,,,,
3747,125.0249,,,,,,
3748,125.0583,,,,,,
3749,125.0916,,,,,,
3750,125.125,318.3,167.8,339.1,180.0,0.6537,0
3751,125.1584,,,,,,
3752,125.1917,297.1,162.0,322.3,172.8,0.2213,0
3753,125.2251,,,,,,
3754,125.2585,275.4,160.6,311.0,174.7,0.1004,0
3755,125.2918,,,,,,
3756,125.3252,,,,,,
3757,125.3586,,,,,,
3758,125.3919,,,,,,
3759,125.4253,,,,,,
3760,125.4587,,,,,,
