frame,time_s,x1,y1,x2,y2,conf,cls
0,0.0,14.5,0.6,360.8,171.0,0.7148,0
0,0.0,47.3,1.3,365.0,166.9,0.6234,0
1,0.0334,48.3,1.2,352.7,166.0,0.914,0
2,0.0667,48.5,0.5,351.3,166.4,0.8727,0
2,0.0667,18.9,0.5,351.6,171.9,0.4542,0
3,0.1001,14.5,0.0,351.8,171.1,0.7054,0
3,0.1001,44.9,0.2,352.9,166.7,0.4492,0
4,0.1335,64.1,0.4,356.5,166.2,0.9367,0
5,0.1668,50.2,0.4,359.9,167.3,0.9296,0
6,0.2002,52.3,1.8,363.8,166.9,0.9292,0
7,0.2336,49.9,0.7,354.3,166.2,0.9353,0
8,0.2669,40.9,1.1,357.3,165.4,0.6403,0
8,0.2669,22.0,1.6,358.0,168.4,0.4207,0
9,0.3003,43.6,1.6,363.8,166.7,0.8532,0
10,0.3337,96.6,1.5,361.4,163.5,0.8898,0
11,0.367,93.4,1.2,366.6,162.3,0.8046,0
12,0.4004,50.0,1.3,363.5,164.6,0.8231,0
13,0.4338,50.0,0.8,358.4,164.7,0.8332,0
14,0.4671,29.0,0.3,349.4,167.9,0.8701,0
15,0.5005,47.6,1.2,354.6,165.5,0.8896,0
16,0.5339,49.3,1.2,360.5,165.5,0.8171,0
17,0.5672,54.6,1.9,360.4,165.8,0.9295,0
18,0.6006,45.8,0.8,367.2,166.1,0.8631,0
19,0.634,55.5,1.7,361.9,166.1,0.9016,0
20,0.6673,55.8,1.6,359.0,166.7,0.9263,0
21,0.7007,51.1,0.9,357.9,167.0,0.8419,0
22,0.7341,52.3,1.0,356.4,166.0,0.8577,0
23,0.7674,45.7,1.3,360.4,165.5,0.9235,0
24,0.8008,60.8,0.9,363.5,165.3,0.6838,0
24,0.8008,90.2,0.4,360.3,163.6,0.1923,0
25,0.8342,46.2,0.4,363.1,165.3,0.91,0
26,0.8675,42.2,0.2,368.9,165.2,0.8839,0
27,0.9009,92.7,0.8,360.9,164.2,0.7845,0
27,0.9009,31.7,0.0,360.6,168.9,0.1293,0
28,0.9343,45.4,0.9,365.1,165.6,0.8924,0
29,0.9676,28.1,1.0,362.9,169.5,0.8877,0
30,1.001,42.4,0.0,368.2,166.8,0.889,0
31,1.0344,36.6,0.3,373.4,166.1,0.7362,0
32,1.0677,46.8,2.2,363.2,165.7,0.8426,0
32,1.0677,7.9,1.1,357.7,170.9,0.1515,0
33,1.1011,61.4,2.8,356.2,164.8,0.9209,0
34,1.1345,65.8,0.6,356.0,165.7,0.8732,0
35,1.1678,57.5,1.2,359.0,166.3,0.9286,0
36,1.2012,53.0,1.3,369.0,166.2,0.9135,0
37,1.2346,39.7,1.8,366.6,165.6,0.8756,0
38,1.2679,63.7,1.4,364.3,165.4,0.9101,0
39,1.3013,86.2,1.1,367.7,162.9,0.8981,0
40,1.3347,95.9,0.3,359.9,162.9,0.7535,0
41,1.368,47.7,0.8,353.8,164.9,0.8078,0
42,1.4014,58.3,0.7,351.9,165.8,0.7812,0
43,1.4348,56.6,0.9,352.3,165.9,0.9181,0
44,1.4681,52.6,3.2,368.6,165.9,0.4861,0
44,1.4681,83.9,5.1,365.8,163.6,0.4073,0
45,1.5015,34.2,1.1,373.8,167.8,0.7357,0
46,1.5349,50.7,2.3,366.4,164.9,0.5522,0
46,1.5349,93.9,1.3,363.2,163.5,0.3021,0
47,1.5682,54.4,1.1,352.4,165.7,0.9302,0
48,1.6016,45.7,0.0,353.8,165.4,0.8881,0
49,1.635,58.5,0.2,357.0,163.6,0.9161,0
50,1.6683,53.7,0.2,355.2,163.6,0.9244,0
51,1.7017,47.7,1.6,358.9,164.5,0.9333,0
52,1.7351,57.6,1.6,353.0,164.2,0.9155,0
53,1.7684,47.3,0.7,357.4,166.2,0.9057,0
54,1.8018,54.8,3.0,356.9,166.6,0.2368,0
55,1.8352,104.2,5.6,358.3,164.0,0.8961,0
56,1.8685,95.5,3.4,360.1,163.8,0.8393,0
57,1.9019,61.8,1.7,365.3,165.2,0.9165,0
58,1.9353,61.4,1.7,364.5,165.3,0.9208,0
59,1.9686,47.4,1.2,361.4,165.5,0.8542,0
60,2.002,63.5,0.2,358.0,165.8,0.9293,0
61,2.0354,55.6,0.2,356.9,166.5,0.9365,0
62,2.0687,58.6,0.8,362.7,167.1,0.9321,0
63,2.1021,51.8,0.6,373.8,166.3,0.8684,0
64,2.1355,56.0,0.3,357.9,166.1,0.838,0
65,2.1688,63.9,1.4,356.7,165.4,0.8914,0
66,2.2022,42.9,0.5,358.1,166.2,0.9137,0
67,2.2356,44.9,0.3,361.2,166.3,0.9327,0
68,2.2689,40.7,1.4,358.8,167.5,0.92,0
69,2.3023,43.9,1.7,362.4,166.8,0.9062,0
70,2.3357,33.4,1.6,366.3,169.1,0.8289,0
70,2.3357,39.8,1.3,364.5,166.8,0.1084,0
71,2.369,51.8,0.6,361.7,165.9,0.8677,0
72,2.4024,42.6,0.8,360.4,165.3,0.7677,0
73,2.4358,47.4,0.3,358.3,165.5,0.8883,0
74,2.4691,62.1,0.6,369.7,166.5,0.9296,0
75,2.5025,79.8,1.1,370.8,164.1,0.7355,0
76,2.5359,66.8,0.8,361.3,166.2,0.9042,0
77,2.5692,48.7,0.9,363.7,166.1,0.8881,0
78,2.6026,55.1,0.7,360.1,167.1,0.817,0
79,2.636,58.3,1.0,363.3,166.5,0.2588,0
79,2.636,89.4,1.0,360.2,164.3,0.2379,0
80,2.6693,54.4,0.6,363.1,168.4,0.9265,0
81,2.7027,52.3,0.5,365.1,168.1,0.9291,0
82,2.7361,56.9,3.0,361.2,167.3,0.868,0
83,2.7694,25.1,1.1,359.6,169.2,0.9246,0
84,2.8028,16.5,0.1,358.8,170.1,0.8097,0
85,2.8362,34.3,1.5,355.8,169.6,0.8564,0
86,2.8695,50.3,1.4,358.2,166.5,0.6861,0
87,2.9029,77.3,2.1,367.2,163.2,0.5698,0
88,2.9363,38.3,1.8,375.6,165.4,0.6922,0
88,2.9363,74.7,0.7,371.7,163.9,0.2051,0
88,2.9363,78.1,0.0,372.3,164.9,0.1308,0
89,2.9696,40.7,0.7,359.9,165.8,0.9118,0
90,3.003,49.0,0.5,362.2,166.1,0.9098,0
91,3.0364,83.4,1.3,370.6,163.0,0.7127,0
92,3.0697,54.0,1.2,354.9,166.3,0.9166,0
93,3.1031,54.2,1.1,352.8,166.4,0.9237,0
94,3.1365,41.8,2.2,358.0,168.2,0.6932,0
95,3.1698,46.3,0.0,361.8,165.3,0.8885,0
96,3.2032,38.4,0.8,368.9,169.0,0.852,0
97,3.2366,74.8,0.8,374.8,163.9,0.8413,0
98,3.2699,51.8,1.4,365.0,166.9,0.8782,0
99,3.3033,53.1,0.9,351.0,165.6,0.8608,0
100,3.3367,51.8,1.5,359.1,165.8,0.9285,0
101,3.37,59.8,1.9,365.7,166.0,0.9181,0
102,3.4034,65.7,0.3,367.3,165.4,0.9415,0
103,3.4368,62.3,0.6,378.6,164.5,0.8394,0
104,3.4701,67.6,1.4,362.3,165.5,0.9109,0
105,3.5035,96.2,0.9,362.3,164.9,0.9097,0
106,3.5369,65.0,1.9,357.0,166.0,0.9355,0
107,3.5702,67.0,0.5,355.9,166.5,0.9265,0
108,3.6036,68.8,0.8,353.2,166.1,0.9237,0
109,3.637,70.9,1.0,356.3,165.5,0.9064,0
110,3.6703,46.8,0.1,359.4,164.7,0.864,0
111,3.7037,58.2,0.9,357.8,165.1,0.8734,0
112,3.7371,60.1,0.5,356.7,165.4,0.9159,0
113,3.7704,69.6,1.0,357.4,165.7,0.8819,0
114,3.8038,63.6,0.7,359.8,166.0,0.8676,0
115,3.8372,60.5,1.4,360.2,165.8,0.8146,0
116,3.8705,56.3,1.1,363.9,166.0,0.7385,0
117,3.9039,90.3,0.7,360.4,165.0,0.5036,0
117,3.9039,52.2,1.0,363.6,166.7,0.4544,0
118,3.9373,48.8,0.9,363.5,166.5,0.7885,0
119,3.9706,93.1,0.9,357.0,163.8,0.4423,0
120,4.004,48.8,1.0,361.4,166.2,0.8395,0
121,4.0374,97.6,1.6,362.4,163.7,0.8821,0
122,4.0707,90.4,2.3,364.7,163.1,0.8777,0
123,4.1041,100.7,5.8,360.9,163.8,0.8621,0
124,4.1375,63.4,2.2,356.8,165.9,0.8369,0
125,4.1708,63.2,2.4,362.3,166.5,0.9031,0
126,4.2042,88.8,0.9,360.9,163.9,0.8639,0
127,4.2376,58.2,1.3,357.8,167.5,0.836,0
128,4.2709,61.6,0.6,359.6,167.4,0.85,0
129,4.3043,52.4,0.7,362.1,167.0,0.8502,0
130,4.3377,44.0,0.6,366.2,166.4,0.7696,0
131,4.371,75.0,1.1,372.1,164.7,0.6904,0
132,4.4044,62.5,0.9,374.1,167.2,0.9337,0
133,4.4378,63.7,1.1,368.3,167.1,0.9164,0
134,4.4711,57.5,1.5,370.5,166.9,0.5668,0
134,4.4711,82.6,1.3,367.8,164.7,0.3579,0
135,4.5045,62.9,0.8,364.9,166.8,0.9028,0
136,4.5379,61.4,0.4,363.8,166.8,0.9218,0
137,4.5712,51.3,0.1,360.2,166.4,0.9384,0
138,4.6046,41.7,0.3,364.7,166.6,0.8725,0
139,4.638,31.7,0.5,366.6,169.5,0.6888,0
140,4.6713,99.8,0.8,363.5,163.6,0.807,0
141,4.7047,99.3,0.7,371.3,162.6,0.8609,0
142,4.7381,114.1,0.0,379.3,162.1,0.6129,0
143,4.7714,29.6,0.3,377.6,167.8,0.6417,0
143,4.7714,70.3,0.8,383.0,163.4,0.6055,0
144,4.8048,72.6,0.0,385.7,164.3,0.7474,0
145,4.8382,77.4,0.0,389.3,165.0,0.8667,0
145,4.8382,30.7,1.6,385.2,168.1,0.3338,0
146,4.8715,37.2,1.1,377.2,168.9,0.7642,0
146,4.8715,73.0,0.0,378.5,164.1,0.6649,0
147,4.9049,49.5,0.6,380.8,167.1,0.898,0
147,4.9049,74.5,0.0,379.2,164.6,0.7715,0
148,4.9383,49.3,0.6,374.0,167.1,0.877,0
149,4.9716,25.6,0.0,369.1,169.2,0.7858,0
150,5.005,28.6,0.1,368.2,169.2,0.6758,0
151,5.0384,42.3,0.7,360.1,165.9,0.7848,0
152,5.0717,46.3,0.6,369.8,166.9,0.793,0
153,5.1051,95.1,0.0,366.4,164.2,0.8763,0
154,5.1385,61.3,0.4,365.4,165.8,0.8835,0
155,5.1718,44.6,0.2,361.1,166.0,0.6813,0
156,5.2052,9.0,0.0,357.9,172.2,0.3639,0
156,5.2052,80.0,0.0,361.9,163.4,0.2438,0
157,5.2386,57.4,1.1,364.9,167.0,0.9064,0
158,5.2719,42.3,0.7,363.5,171.1,0.7988,0
159,5.3053,36.1,0.3,372.3,173.3,0.8118,0
160,5.3387,83.8,1.2,374.6,163.5,0.8572,0
161,5.372,89.9,0.0,374.5,163.2,0.7259,0
161,5.372,27.9,1.5,374.9,168.3,0.4054,0
162,5.4054,95.2,0.0,373.0,163.7,0.5861,0
162,5.4054,84.7,2.1,374.7,162.4,0.3373,0
163,5.4388,36.4,1.2,372.0,165.7,0.6497,0
163,5.4388,22.7,0.9,369.0,168.6,0.2838,0
164,5.4721,44.8,1.1,358.6,166.4,0.91,0
165,5.5055,52.7,0.4,362.5,166.4,0.8853,0
166,5.5389,97.9,0.0,376.7,164.4,0.4029,0
166,5.5389,91.3,0.8,376.4,163.1,0.3863,0
167,5.5722,89.2,0.0,374.1,164.2,0.6881,0
167,5.5722,45.8,0.7,378.0,164.8,0.4929,0
168,5.6056,90.0,0.0,363.8,164.4,0.8507,0
169,5.639,76.2,0.0,371.9,164.6,0.701,0
169,5.639,15.3,0.1,381.7,171.2,0.2997,0
170,5.6723,82.9,0.9,362.6,162.8,0.6332,0
171,5.7057,49.4,0.0,360.7,166.0,0.2841,0
172,5.7391,68.7,1.3,353.1,166.2,0.8085,0
173,5.7724,79.8,1.9,358.6,165.9,0.3183,0
173,5.7724,93.4,1.5,356.6,164.1,0.1276,0
174,5.8058,94.6,0.0,355.6,164.9,0.1518,0
175,5.8392,48.8,0.2,365.5,166.0,0.8203,0
175,5.8392,83.3,0.0,363.6,163.7,0.1113,0
176,5.8725,90.7,0.9,374.5,163.4,0.5882,0
176,5.8725,49.6,1.8,375.6,168.1,0.1967,0
176,5.8725,99.8,0.0,373.8,164.5,0.1354,0
177,5.9059,88.7,1.7,374.1,163.7,0.7027,0
177,5.9059,93.5,0.7,373.5,164.8,0.144,0
178,5.9393,85.5,1.0,371.3,163.6,0.9019,0
179,5.9726,48.5,1.3,382.4,165.5,0.5817,0
179,5.9726,80.9,1.1,376.7,163.4,0.4538,0
179,5.9726,84.2,0.3,376.1,164.2,0.363,0
180,6.006,58.6,0.0,383.4,165.4,0.8476,0
181,6.0394,42.8,0.6,366.8,165.2,0.9199,0
182,6.0727,44.8,0.6,358.5,165.5,0.8571,0
183,6.1061,99.9,2.0,361.6,163.3,0.8775,0
184,6.1395,88.3,0.7,361.5,162.7,0.8054,0
185,6.1728,89.8,0.0,362.7,164.2,0.2907,0
185,6.1728,49.5,0.2,365.9,164.9,0.2835,0
185,6.1728,60.6,0.0,365.7,166.4,0.1574,0
186,6.2062,50.1,0.4,360.3,167.0,0.929,0
187,6.2396,87.3,0.9,361.4,162.6,0.5893,0
187,6.2396,93.6,0.1,360.1,163.7,0.5618,0
188,6.2729,97.9,1.3,366.1,162.8,0.8125,0
189,6.3063,39.3,0.0,371.8,165.9,0.7869,0
190,6.3397,28.2,1.6,371.3,169.9,0.6342,0
190,6.3397,78.2,0.7,368.1,163.3,0.4599,0
191,6.373,43.9,1.1,362.7,165.2,0.7879,0
191,6.373,90.5,0.0,358.2,164.6,0.212,0
192,6.4064,91.0,0.0,358.3,164.3,0.814,0
192,6.4064,42.7,0.4,362.0,164.8,0.1508,0
193,6.4398,45.1,1.0,360.3,166.2,0.8676,0
194,6.4731,89.3,1.8,365.6,164.0,0.8634,0
195,6.5065,44.2,1.1,363.9,165.3,0.8451,0
196,6.5399,80.3,0.0,370.4,163.9,0.8386,0
197,6.5732,80.2,0.4,377.1,164.6,0.8969,0
198,6.6066,81.7,0.0,378.6,164.8,0.896,0
199,6.64,46.3,0.4,380.8,166.2,0.4198,0
199,6.64,36.7,0.6,373.7,167.9,0.1083,0
200,6.6733,46.5,0.1,371.7,165.8,0.5057,0
201,6.7067,44.8,0.5,375.9,167.3,0.4755,0
202,6.7401,50.6,0.6,372.8,165.8,0.785,0
203,6.7734,70.2,1.8,377.3,163.6,0.7631,0
204,6.8068,88.7,0.8,380.3,163.4,0.8705,0
205,6.8402,84.5,0.6,380.2,163.3,0.8702,0
206,6.8735,80.2,0.9,368.3,163.2,0.8597,0
207,6.9069,45.1,1.5,358.2,166.3,0.89,0
208,6.9403,61.9,1.4,367.5,165.5,0.9104,0
209,6.9736,53.2,0.7,360.1,165.4,0.9065,0
210,7.007,95.9,0.5,365.5,164.3,0.8866,0
211,7.0404,83.1,0.0,372.2,164.0,0.8908,0
212,7.0737,52.0,0.8,358.3,165.0,0.8423,0
213,7.1071,47.1,0.6,362.1,165.8,0.8088,0
214,7.1405,40.4,0.1,367.4,165.4,0.8683,0
215,7.1738,72.3,3.3,374.2,162.9,0.713,0
216,7.2072,35.5,1.4,368.0,165.4,0.713,0
217,7.2406,79.6,3.2,366.8,163.2,0.7976,0
218,7.2739,74.6,0.0,376.6,163.5,0.8973,0
219,7.3073,69.9,0.3,380.9,163.0,0.8267,0
220,7.3407,85.3,2.6,380.5,161.7,0.7789,0
221,7.374,79.4,0.9,377.2,162.3,0.8269,0
222,7.4074,41.9,0.3,369.0,166.1,0.6974,0
223,7.4408,72.0,0.0,376.5,163.9,0.6745,0
224,7.4741,90.0,0.0,363.8,164.5,0.7414,0
225,7.5075,33.7,2.6,369.0,166.1,0.5322,0
226,7.5409,77.7,0.6,369.9,164.2,0.889,0
227,7.5742,79.6,0.4,365.8,164.3,0.8326,0
228,7.6076,46.6,1.2,364.9,166.0,0.8491,0
229,7.641,48.1,0.5,362.9,165.1,0.8415,0
230,7.6743,44.1,0.5,361.5,164.9,0.9181,0
231,7.7077,39.8,0.6,363.1,166.0,0.4854,0
231,7.7077,32.3,0.8,364.3,168.0,0.1568,0
232,7.7411,104.1,1.0,363.3,163.3,0.8241,0
232,7.7411,111.9,0.1,362.2,164.6,0.1508,0
233,7.7744,79.4,0.1,368.9,163.9,0.5557,0
233,7.7744,84.6,0.0,367.9,164.9,0.492,0
234,7.8078,83.3,1.3,370.4,164.1,0.8665,0
235,7.8412,55.2,0.3,358.2,165.5,0.8558,0
236,7.8745,51.0,0.3,356.7,165.9,0.7894,0
237,7.9079,58.2,0.1,359.1,165.1,0.8984,0
238,7.9413,47.2,0.8,361.8,164.8,0.9106,0
239,7.9746,43.4,0.2,362.9,168.8,0.8276,0
240,8.008,47.5,1.2,358.6,165.1,0.8527,0
241,8.0414,101.8,0.7,358.6,163.2,0.8977,0
242,8.0747,15.5,1.4,362.1,170.1,0.8226,0
243,8.1081,36.0,0.4,361.9,169.3,0.4773,0
244,8.1415,86.1,0.3,360.6,164.2,0.5854,0
245,8.1748,52.1,2.3,357.7,165.8,0.5713,0
246,8.2082,47.0,2.0,350.7,167.6,0.575,0
247,8.2416,41.8,0.2,356.6,167.7,0.6256,0
248,8.2749,110.4,0.6,359.0,165.0,0.9147,0
249,8.3083,95.9,1.1,365.8,164.3,0.904,0
250,8.3417,60.4,1.0,357.8,167.1,0.9366,0
251,8.375,55.5,0.0,359.2,167.3,0.9406,0
252,8.4084,51.5,0.3,356.8,167.2,0.9421,0
253,8.4418,50.6,0.9,354.9,167.3,0.926,0
254,8.4751,48.7,0.9,354.9,165.8,0.9028,0
255,8.5085,105.1,0.2,355.5,163.9,0.8349,0
256,8.5419,97.1,0.4,356.0,164.7,0.7716,0
257,8.5752,80.2,0.8,367.0,164.1,0.6988,0
258,8.6086,54.6,0.8,364.5,167.6,0.883,0
259,8.642,50.3,1.2,367.3,167.6,0.8773,0
260,8.6753,44.8,0.1,361.9,166.6,0.889,0
261,8.7087,42.7,0.3,364.2,165.6,0.7548,0
261,8.7087,30.9,0.7,364.4,167.8,0.4172,0
262,8.7421,37.2,0.5,365.1,168.4,0.8726,0
263,8.7754,50.9,0.6,366.7,168.0,0.925,0
264,8.8088,43.1,0.1,356.4,167.6,0.804,0
265,8.8422,83.0,0.9,365.0,164.4,0.7678,0
266,8.8755,15.6,0.8,371.5,169.4,0.6554,0
266,8.8755,39.3,0.7,370.7,167.4,0.3828,0
267,8.9089,10.9,0.0,361.9,171.5,0.5761,0
268,8.9423,69.4,0.0,355.6,166.8,0.8805,0
269,8.9756,54.0,0.0,345.0,168.0,0.9082,0
270,9.009,48.9,0.1,349.7,167.8,0.8833,0
271,9.0424,47.8,0.0,353.0,166.2,0.7359,0
272,9.0757,55.8,0.0,351.3,167.1,0.8418,0
273,9.1091,55.9,0.8,359.7,166.3,0.6887,0
273,9.1091,94.2,0.7,357.5,164.0,0.2061,0
274,9.1425,58.3,0.8,357.2,166.9,0.8239,0
275,9.1758,58.7,0.7,356.0,166.8,0.8523,0
276,9.2092,47.7,0.7,358.7,166.8,0.5455,0
276,9.2092,9.7,0.5,352.1,170.8,0.4421,0
277,9.2426,7.3,0.0,358.2,175.2,0.5269,0
278,9.2759,54.1,0.7,362.1,168.3,0.9016,0
279,9.3093,51.1,1.0,369.7,167.7,0.6817,0
279,9.3093,77.8,0.1,367.2,165.3,0.4315,0
280,9.3427,93.9,0.5,358.6,164.4,0.7813,0
281,9.376,47.1,0.4,359.9,166.4,0.5798,0
282,9.4094,103.7,0.4,362.8,164.8,0.8322,0
283,9.4428,104.9,1.0,352.6,163.6,0.8299,0
284,9.4761,104.9,2.9,354.6,163.4,0.8797,0
285,9.5095,58.3,0.7,359.5,165.5,0.6799,0
286,9.5429,93.8,0.0,360.5,163.9,0.8468,0
287,9.5762,87.6,1.2,365.1,164.3,0.7694,0
288,9.6096,76.9,0.0,366.6,164.6,0.4595,0
289,9.643,74.3,0.4,368.7,166.0,0.8066,0
290,9.6763,39.6,1.3,363.9,167.5,0.4008,0
290,9.6763,19.7,1.3,357.0,171.0,0.1109,0
291,9.7097,25.4,1.4,362.0,169.1,0.7594,0
292,9.7431,88.1,1.5,363.5,164.5,0.7145,0
293,9.7764,49.1,0.0,357.2,166.5,0.9154,0
294,9.8098,34.1,0.8,361.4,168.7,0.8274,0
295,9.8432,49.1,1.4,357.5,167.0,0.7467,0
296,9.8765,54.7,1.0,358.9,166.7,0.9112,0
297,9.9099,54.6,1.3,364.1,165.5,0.7093,0
298,9.9433,93.7,0.7,361.6,163.4,0.8374,0
299,9.9766,41.0,0.8,365.2,166.4,0.5303,0
300,10.01,86.1,1.0,362.2,164.8,0.6855,0
301,10.0434,54.8,0.8,363.7,166.9,0.812,0
302,10.0767,47.4,0.7,366.2,167.3,0.8349,0
303,10.1101,70.1,1.7,362.2,167.3,0.7822,0
304,10.1435,92.7,0.6,362.0,164.7,0.8676,0
305,10.1768,96.3,0.6,356.7,164.9,0.6774,0
306,10.2102,67.1,0.5,358.1,166.5,0.8518,0
307,10.2436,60.2,1.4,356.5,166.4,0.9103,0
308,10.2769,47.0,1.9,366.1,166.8,0.9205,0
309,10.3103,55.0,0.8,367.2,166.2,0.7782,0
310,10.3437,89.9,0.9,366.0,163.4,0.8156,0
310,10.3437,65.0,1.3,368.6,165.6,0.2334,0
311,10.377,56.8,2.4,358.9,166.3,0.9253,0
312,10.4104,52.8,0.6,366.2,167.1,0.8595,0
313,10.4438,47.9,0.8,368.9,167.4,0.9234,0
314,10.4771,58.8,0.4,359.7,167.5,0.905,0
315,10.5105,57.6,0.8,359.8,166.3,0.8887,0
316,10.5439,60.1,0.3,361.6,166.3,0.8403,0
317,10.5772,53.4,0.7,355.7,164.6,0.9328,0
318,10.6106,103.3,1.5,354.2,163.5,0.652,0
318,10.6106,72.2,1.2,357.5,165.1,0.2236,0
319,10.644,95.5,0.4,358.7,164.3,0.864,0
320,10.6773,57.3,3.0,361.8,164.2,0.8786,0
321,10.7107,53.4,0.6,357.8,164.2,0.8655,0
322,10.7441,50.5,1.8,360.0,164.7,0.8696,0
323,10.7774,69.5,0.4,359.8,165.5,0.6078,0
324,10.8108,49.2,0.6,363.5,165.4,0.8327,0
325,10.8442,62.3,1.6,358.7,165.1,0.9423,0
326,10.8775,53.7,1.4,356.2,164.4,0.9377,0
327,10.9109,57.8,1.5,356.1,164.5,0.9008,0
328,10.9443,64.2,1.6,357.1,165.2,0.9176,0
329,10.9776,50.6,0.9,356.9,165.8,0.928,0
330,11.011,38.9,0.6,361.9,166.1,0.5058,0
330,11.011,23.5,1.0,361.7,169.1,0.2789,0
331,11.0444,45.4,0.8,363.9,166.1,0.8744,0
332,11.0777,51.4,1.3,360.3,164.6,0.8976,0
333,11.1111,51.9,0.0,356.3,165.0,0.9009,0
334,11.1445,54.9,2.4,358.3,165.8,0.9085,0
335,11.1778,46.8,0.5,355.2,166.7,0.8964,0
336,11.2112,44.2,0.4,357.3,166.3,0.7453,0
337,11.2446,55.7,0.9,360.8,166.0,0.8569,0
338,11.2779,59.4,0.9,367.1,166.0,0.8536,0
339,11.3113,60.5,0.7,375.2,165.7,0.91,0
340,11.3447,90.1,0.0,372.1,163.8,0.3587,0
341,11.378,71.5,2.2,357.1,165.1,0.824,0
342,11.4114,73.0,1.2,360.9,165.3,0.8697,0
343,11.4448,77.1,0.0,373.9,163.8,0.8453,0
344,11.4781,87.3,0.6,384.8,164.0,0.8515,0
345,11.5115,47.3,0.0,366.2,165.8,0.8769,0
346,11.5449,44.1,1.8,372.9,166.3,0.7891,0
347,11.5782,76.4,0.0,369.9,163.9,0.7114,0
348,11.6116,64.7,0.4,357.4,165.2,0.951,0
349,11.645,52.5,0.6,363.1,165.3,0.9258,0
350,11.6783,45.2,0.6,362.8,166.7,0.8127,0
351,11.7117,50.2,0.0,362.4,165.8,0.8651,0
352,11.7451,54.0,0.0,359.4,166.2,0.8897,0
353,11.7784,42.6,0.3,362.1,165.5,0.482,0
354,11.8118,45.9,0.3,357.5,167.3,0.4093,0
355,11.8452,68.3,0.4,360.3,166.2,0.7536,0
356,11.8785,57.1,0.5,364.7,166.5,0.5366,0
357,11.9119,42.7,0.7,368.7,166.4,0.5818,0
358,11.9453,48.2,1.9,368.8,166.4,0.8041,0
359,11.9786,104.8,3.7,358.5,163.9,0.8579,0
360,12.012,65.2,1.3,355.0,165.4,0.7769,0
361,12.0454,53.5,2.0,357.6,165.4,0.8051,0
362,12.0787,100.2,1.5,363.1,162.2,0.8721,0
363,12.1121,71.9,1.3,365.1,164.8,0.8936,0
364,12.1455,62.5,2.2,357.6,165.3,0.9352,0
365,12.1788,54.6,0.4,356.2,165.3,0.9292,0
366,12.2122,55.9,1.1,360.2,165.7,0.881,0
367,12.2456,49.1,0.7,366.2,167.7,0.8819,0
368,12.2789,48.9,1.8,363.9,166.5,0.8836,0
369,12.3123,24.9,1.5,354.4,168.2,0.8745,0
370,12.3457,102.2,1.0,354.4,163.7,0.9,0
371,12.379,62.8,0.3,358.1,165.9,0.854,0
372,12.4124,47.8,3.8,363.3,165.8,0.8915,0
373,12.4458,52.3,1.7,366.6,166.3,0.9306,0
374,12.4791,36.0,0.8,356.3,170.2,0.9296,0
375,12.5125,25.6,2.3,359.0,168.6,0.2749,0
375,12.5125,45.1,1.1,355.8,166.9,0.2635,0
376,12.5459,29.1,1.1,360.2,168.1,0.8834,0
377,12.5792,114.7,0.6,363.8,162.6,0.8918,0
378,12.6126,99.2,0.7,357.5,163.7,0.7637,0
379,12.646,51.4,1.6,362.9,166.7,0.9108,0
380,12.6793,53.8,0.2,361.5,167.6,0.9199,0
381,12.7127,55.6,1.7,357.8,165.8,0.9261,0
382,12.7461,90.0,1.1,365.1,163.9,0.9072,0
383,12.7794,40.4,2.0,372.7,165.9,0.7839,0
384,12.8128,23.5,0.0,375.0,170.6,0.8954,0
385,12.8462,35.4,0.8,366.0,171.0,0.8759,0
386,12.8795,59.3,1.5,352.1,166.4,0.8942,0
387,12.9129,50.4,1.2,353.7,166.4,0.9264,0
388,12.9463,46.8,0.7,359.6,166.2,0.7116,0
389,12.9796,24.0,1.0,369.7,170.6,0.7487,0
390,13.013,23.3,0.8,366.0,172.3,0.8821,0
391,13.0464,46.6,1.8,360.2,167.3,0.7844,0
392,13.0797,99.0,0.7,359.6,163.5,0.8592,0
393,13.1131,59.8,0.0,363.7,165.4,0.9043,0
394,13.1465,58.6,2.0,363.4,165.5,0.9109,0
395,13.1798,45.9,0.6,359.7,165.7,0.8551,0
396,13.2132,41.5,2.0,366.6,166.8,0.3186,0
396,13.2132,78.8,2.4,364.5,164.8,0.2158,0
397,13.2466,43.5,1.0,363.7,167.4,0.7068,0
398,13.2799,53.7,0.6,365.7,165.9,0.925,0
399,13.3133,86.2,0.3,367.1,164.0,0.8533,0
400,13.3467,41.9,1.2,371.3,166.7,0.8897,0
401,13.38,45.5,1.0,365.1,165.8,0.7698,0
401,13.38,19.8,1.0,369.7,169.0,0.1204,0
402,13.4134,82.0,0.8,367.1,162.2,0.8858,0
403,13.4468,103.4,1.0,361.5,161.8,0.9074,0
404,13.4801,85.2,0.9,366.1,164.7,0.8854,0
405,13.5135,71.7,0.9,371.0,164.7,0.7597,0
406,13.5469,84.8,1.6,376.2,163.7,0.8913,0
406,13.5469,40.9,2.5,373.1,165.5,0.1622,0
407,13.5802,77.7,0.4,374.4,164.5,0.8535,0
408,13.6136,50.7,1.4,361.6,167.1,0.9294,0
409,13.647,55.0,1.0,360.3,166.8,0.9305,0
410,13.6803,48.3,0.2,362.4,167.5,0.9202,0
411,13.7137,52.0,0.9,366.6,166.1,0.9224,0
412,13.7471,49.6,1.5,369.1,167.3,0.9217,0
413,13.7804,47.4,0.8,357.9,167.4,0.9309,0
414,13.8138,60.5,1.0,360.6,167.3,0.8373,0
415,13.8472,92.0,0.8,357.7,164.7,0.7715,0
416,13.8805,52.1,0.8,350.7,166.8,0.8049,0
417,13.9139,54.9,0.6,350.0,165.7,0.8596,0
418,13.9473,53.8,1.0,354.1,166.2,0.8456,0
419,13.9806,54.6,1.8,358.9,165.3,0.8076,0
420,14.014,47.9,0.8,363.2,165.3,0.912,0
421,14.0474,60.0,1.5,367.8,165.9,0.8214,0
422,14.0807,54.0,1.4,373.9,165.7,0.7407,0
422,14.0807,74.2,1.3,371.0,163.7,0.1371,0
423,14.1141,47.5,2.1,370.5,166.0,0.9288,0
424,14.1475,40.0,1.6,372.6,166.9,0.8995,0
425,14.1808,79.2,3.9,372.4,164.1,0.8486,0
426,14.2142,82.9,1.5,378.2,164.2,0.9123,0
427,14.2476,69.1,2.8,393.0,164.3,0.847,0
428,14.2809,36.4,0.8,381.4,170.0,0.7154,0
428,14.2809,37.2,1.0,393.4,168.0,0.401,0
429,14.3143,53.0,1.1,367.7,166.3,0.9312,0
430,14.3477,83.9,1.2,367.1,164.6,0.8794,0
431,14.381,47.0,2.1,374.7,166.4,0.7033,0
431,14.381,69.2,1.4,371.9,164.4,0.2801,0
432,14.4144,44.6,0.8,363.9,166.6,0.9155,0
433,14.4478,50.9,1.0,364.5,166.1,0.9222,0
434,14.4811,51.3,1.4,360.7,164.9,0.9325,0
435,14.5145,51.5,0.4,357.4,167.7,0.7425,0
435,14.5145,47.4,0.5,359.4,166.5,0.2399,0
436,14.5479,46.4,0.5,363.1,166.6,0.7328,0
437,14.5812,88.5,0.4,363.8,163.8,0.7871,0
438,14.6146,45.2,1.0,369.7,166.2,0.9007,0
439,14.648,47.1,0.9,363.4,165.6,0.932,0
440,14.6813,45.1,1.8,362.4,164.9,0.8467,0
441,14.7147,36.2,1.6,363.9,165.8,0.8911,0
442,14.7481,37.1,1.0,361.0,166.0,0.8833,0
443,14.7814,39.7,1.6,361.4,165.1,0.5914,0
444,14.8148,35.6,2.1,369.6,166.6,0.8469,0
445,14.8482,33.5,1.5,379.2,169.2,0.8863,0
445,14.8482,33.1,2.3,380.2,166.8,0.2274,0
446,14.8815,42.8,1.5,367.4,166.8,0.9056,0
447,14.9149,43.7,1.6,363.5,166.7,0.9148,0
448,14.9483,39.9,0.9,366.9,167.9,0.806,0
449,14.9816,42.6,2.0,369.2,165.8,0.7332,0
450,15.015,80.6,2.6,376.7,164.3,0.6962,0
451,15.0484,27.6,1.4,372.2,170.0,0.6864,0
452,15.0817,33.4,1.6,369.0,168.9,0.8692,0
453,15.1151,49.7,1.5,369.6,166.6,0.9163,0
454,15.1485,57.5,1.8,368.9,165.8,0.9159,0
455,15.1818,62.4,2.3,367.3,165.3,0.9293,0
456,15.2152,44.8,1.9,363.6,166.0,0.9254,0
457,15.2486,44.6,1.0,359.2,166.3,0.9059,0
458,15.2819,52.7,0.4,359.4,166.0,0.9199,0
459,15.3153,50.0,1.8,362.2,166.9,0.7753,0
460,15.3487,105.4,0.5,370.3,163.0,0.9033,0
461,15.382,71.6,0.5,374.6,163.8,0.8189,0
462,15.4154,44.7,1.6,360.3,166.3,0.885,0
463,15.4488,53.0,2.0,358.6,165.6,0.9182,0
464,15.4821,70.6,0.9,355.2,165.1,0.893,0
465,15.5155,68.5,0.8,363.2,165.6,0.8606,0
466,15.5489,72.8,1.4,360.4,163.9,0.9278,0
467,15.5822,60.7,0.7,354.5,164.7,0.9359,0
468,15.6156,82.7,0.7,354.2,164.6,0.9058,0
469,15.649,90.2,2.0,355.9,163.1,0.8738,0
470,15.6823,61.4,0.8,356.9,163.9,0.9377,0
471,15.7157,34.5,1.8,356.4,169.0,0.9038,0
472,15.7491,43.0,0.8,355.4,166.1,0.8955,0
473,15.7824,41.2,0.1,358.8,166.4,0.827,0
474,15.8158,81.2,0.1,360.5,163.5,0.2628,0
475,15.8492,99.0,0.0,367.0,164.3,0.7912,0
475,15.8492,87.0,0.0,369.6,163.0,0.1873,0
476,15.8825,81.2,0.9,378.4,164.1,0.8058,0
476,15.8825,30.9,1.7,372.3,168.3,0.2631,0
476,15.8825,22.9,0.5,382.4,170.3,0.1507,0
477,15.9159,42.3,1.5,373.5,167.1,0.8871,0
478,15.9493,57.1,1.3,356.7,166.2,0.8764,0
479,15.9826,41.8,1.8,364.2,166.6,0.3412,0
479,15.9826,29.0,1.5,366.6,168.7,0.1645,0
479,15.9826,80.3,1.6,361.9,164.6,0.1392,0
480,16.016,81.7,0.8,375.2,164.0,0.853,0
481,16.0494,104.0,2.3,359.4,164.4,0.7581,0
482,16.0827,103.5,0.0,360.0,164.6,0.7703,0
482,16.0827,1.1,2.5,183.9,172.6,0.1285,0
483,16.1161,105.6,0.8,357.0,164.3,0.7755,0
484,16.1495,42.9,1.1,364.1,165.4,0.6341,0
485,16.1828,88.3,0.2,364.3,162.7,0.8,0
486,16.2162,105.9,1.1,360.6,162.6,0.8839,0
487,16.2496,103.1,0.4,358.2,162.7,0.8899,0
488,16.2829,53.2,0.5,356.2,165.0,0.8733,0
489,16.3163,48.1,0.9,359.2,165.4,0.8239,0
490,16.3497,46.3,1.8,355.3,166.0,0.6645,0
491,16.383,43.3,0.7,357.6,167.1,0.8726,0
492,16.4164,28.1,0.2,362.4,172.6,0.2884,0
492,16.4164,41.4,0.1,359.4,168.7,0.1984,0
493,16.4498,24.1,0.6,367.7,171.4,0.9161,0
494,16.4831,13.1,2.9,369.0,168.3,0.7959,0
495,16.5165,43.9,0.7,360.9,166.0,0.71,0
495,16.5165,4.3,0.3,359.9,168.4,0.3177,0
496,16.5499,43.3,0.6,358.7,166.4,0.3929,0
496,16.5499,3.8,0.2,368.1,170.9,0.2712,0
496,16.5499,4.4,0.0,355.5,170.2,0.27,0
497,16.5832,44.5,1.1,361.8,166.6,0.4802,0
497,16.5832,12.4,0.5,357.7,169.7,0.1562,0
498,16.6166,48.5,1.0,359.2,166.1,0.8522,0
499,16.65,38.3,0.9,359.8,166.1,0.7856,0
500,16.6833,85.4,1.0,362.3,162.6,0.4736,0
500,16.6833,47.7,1.2,364.3,165.8,0.167,0
500,16.6833,30.3,0.9,366.0,171.6,0.1225,0
501,16.7167,114.4,0.4,361.0,163.1,0.8567,0
501,16.7167,116.9,0.1,359.9,164.2,0.1423,0
502,16.7501,62.3,1.5,357.7,164.6,0.9006,0
503,16.7834,49.0,1.4,359.1,166.2,0.9069,0
504,16.8168,61.9,0.0,359.9,167.6,0.6902,0
504,16.8168,60.6,0.8,361.7,165.9,0.4118,0
505,16.8502,61.5,0.8,366.4,166.5,0.9347,0
506,16.8835,66.2,0.9,357.6,166.7,0.9432,0
507,16.9169,54.1,0.9,362.1,166.4,0.8999,0
508,16.9503,51.9,0.0,361.1,166.3,0.6807,0
508,16.9503,54.4,0.0,360.5,166.9,0.4377,0
509,16.9836,47.4,0.1,361.0,165.4,0.7809,0
509,16.9836,49.1,0.0,360.5,166.5,0.4663,0
510,17.017,103.5,0.0,361.2,163.2,0.9133,0
511,17.0504,115.6,0.0,364.7,163.6,0.7664,0
511,17.0504,101.1,1.1,365.3,162.3,0.2281,0
512,17.0837,32.8,0.6,371.4,167.6,0.5565,0
512,17.0837,73.4,0.5,370.9,163.3,0.4321,0
512,17.0837,84.0,0.0,370.6,164.4,0.1512,0
513,17.1171,113.6,1.7,353.6,162.2,0.8993,0
514,17.1505,95.7,0.7,359.5,163.1,0.8915,0
515,17.1838,93.9,1.5,359.7,162.4,0.7721,0
516,17.2172,91.1,0.0,369.3,163.9,0.5651,0
516,17.2172,86.1,0.3,370.2,163.3,0.4827,0
517,17.2506,50.8,5.6,356.9,165.9,0.603,0
518,17.2839,59.6,0.9,355.8,166.9,0.9153,0
519,17.3173,47.6,0.3,362.4,166.1,0.8777,0
520,17.3507,45.3,1.9,369.4,166.7,0.8686,0
521,17.384,44.8,0.9,358.7,166.9,0.9043,0
522,17.4174,40.0,0.9,361.4,165.3,0.9104,0
523,17.4508,33.1,0.8,368.0,167.2,0.9098,0
524,17.4841,62.8,0.0,371.3,164.0,0.3712,0
525,17.5175,65.8,1.0,358.6,165.1,0.8434,0
526,17.5509,43.7,1.3,365.0,165.6,0.8387,0
527,17.5842,50.3,0.9,379.0,166.2,0.8416,0
527,17.5842,72.0,0.0,376.4,164.9,0.4788,0
528,17.6176,82.3,0.0,389.4,165.0,0.8516,0
529,17.651,52.8,1.0,368.6,165.0,0.8097,0
529,17.651,93.1,0.0,365.7,163.8,0.5883,0
530,17.6843,83.2,0.0,363.4,164.8,0.8697,0
531,17.7177,99.7,0.0,368.6,164.8,0.9077,0
532,17.7511,48.1,0.8,361.8,165.3,0.8768,0
533,17.7844,43.5,2.6,363.6,165.2,0.8739,0
534,17.8178,39.0,0.0,370.9,172.4,0.7874,0
535,17.8512,48.8,0.6,360.2,166.5,0.9067,0
536,17.8845,43.9,0.8,367.6,166.4,0.7393,0
536,17.8845,77.4,0.8,364.6,163.7,0.2297,0
537,17.9179,45.3,1.0,365.4,165.7,0.9088,0
538,17.9513,50.9,0.8,368.7,165.7,0.9248,0
539,17.9846,37.3,0.1,372.6,168.5,0.9078,0
540,18.018,41.5,0.7,373.7,166.8,0.8551,0
541,18.0514,39.3,1.4,363.1,166.5,0.7664,0
542,18.0847,34.1,1.7,374.6,164.9,0.6736,0
543,18.1181,81.9,0.6,377.3,163.5,0.9035,0
544,18.1515,86.1,0.3,368.3,163.8,0.8409,0
545,18.1848,82.2,1.3,375.3,163.5,0.9106,0
546,18.2182,56.6,0.6,357.3,166.2,0.8952,0
547,18.2516,44.0,0.9,356.8,166.2,0.8372,0
548,18.2849,46.3,1.4,364.8,166.4,0.9113,0
549,18.3183,39.0,1.8,372.7,166.3,0.869,0
550,18.3517,40.8,1.1,365.0,166.6,0.9204,0
551,18.385,45.9,1.5,366.2,166.8,0.9325,0
552,18.4184,47.2,1.1,367.3,167.3,0.9144,0
553,18.4518,58.8,2.2,362.2,166.3,0.8894,0
554,18.4851,92.4,0.0,363.4,164.9,0.867,0
555,18.5185,46.4,0.0,364.3,167.0,0.9145,0
556,18.5519,46.7,0.8,363.3,165.6,0.9174,0
557,18.5852,55.4,1.2,375.8,165.2,0.8799,0
558,18.6186,59.3,0.3,373.6,165.1,0.906,0
559,18.652,66.0,1.1,357.3,164.3,0.9392,0
560,18.6853,51.2,0.2,368.5,166.1,0.9238,0
561,18.7187,45.5,0.2,369.1,166.7,0.9255,0
562,18.7521,44.3,1.8,362.5,166.3,0.887,0
563,18.7854,92.4,2.3,366.3,164.0,0.7682,0
564,18.8188,50.0,1.6,366.1,166.4,0.8629,0
565,18.8522,97.5,2.8,360.0,162.8,0.8157,0
566,18.8855,44.3,1.9,364.1,165.2,0.9341,0
567,18.9189,43.5,1.5,362.7,165.4,0.8573,0
568,18.9523,94.3,1.0,369.7,163.7,0.9077,0
569,18.9856,74.9,4.3,372.7,162.9,0.697,0
569,18.9856,30.4,2.9,377.0,167.2,0.569,0
570,19.019,40.1,1.8,365.3,166.8,0.9023,0
571,19.0524,20.6,1.8,367.3,171.9,0.8073,0
571,19.0524,34.4,2.0,365.4,168.0,0.3133,0
572,19.0857,16.5,0.9,366.4,171.2,0.8924,0
573,19.1191,42.0,0.6,361.4,166.5,0.8387,0
574,19.1525,77.7,1.2,365.8,165.3,0.5579,0
575,19.1858,76.2,1.4,370.1,166.7,0.8155,0
576,19.2192,76.4,0.6,368.4,165.5,0.8875,0
577,19.2526,48.2,0.7,362.3,166.8,0.8565,0
578,19.2859,46.2,1.2,362.7,166.1,0.8845,0
579,19.3193,41.8,1.6,365.8,166.2,0.8676,0
580,19.3527,38.8,1.3,366.9,166.8,0.7704,0
580,19.3527,70.7,0.5,365.2,164.7,0.2402,0
581,19.386,31.2,1.7,369.1,168.8,0.5886,0
581,19.386,81.2,0.4,366.2,165.2,0.528,0
582,19.4194,42.4,0.5,367.2,166.2,0.8871,0
583,19.4528,37.0,1.2,368.7,168.7,0.7773,0
583,19.4528,38.8,1.4,365.3,166.4,0.389,0
583,19.4528,70.2,0.7,363.3,164.5,0.2607,0
584,19.4861,47.1,2.4,368.4,165.5,0.8897,0
585,19.5195,41.3,1.6,366.1,165.3,0.873,0
586,19.5529,26.6,0.9,364.4,169.0,0.8201,0
586,19.5529,37.7,1.1,365.3,165.7,0.4506,0
587,19.5862,48.2,0.1,360.8,165.6,0.83,0
588,19.6196,57.8,0.3,362.8,167.1,0.9017,0
589,19.653,47.0,1.1,361.1,166.8,0.8916,0
590,19.6863,47.3,1.6,362.4,165.5,0.8293,0
591,19.7197,44.8,1.7,358.8,166.3,0.9171,0
592,19.7531,47.1,1.5,374.1,166.2,0.9106,0
593,19.7864,23.0,0.5,374.0,169.5,0.8855,0
593,19.7864,34.4,0.1,375.7,167.1,0.2958,0
594,19.8198,42.0,1.0,367.6,166.0,0.9092,0
595,19.8532,51.6,0.2,361.8,165.6,0.9136,0
596,19.8865,40.3,0.0,361.3,166.1,0.8091,0
597,19.9199,46.3,0.0,357.2,165.6,0.8453,0
598,19.9533,51.6,1.2,355.2,165.4,0.7517,0
599,19.9866,54.8,0.6,359.8,166.2,0.9105,0
600,20.02,49.6,0.6,357.9,166.1,0.8562,0
601,20.0534,64.3,1.7,356.3,165.1,0.9111,0
602,20.0867,51.1,0.6,359.5,166.4,0.8707,0
603,20.1201,5.6,0.8,363.7,174.3,0.1904,0
603,20.1201,79.7,1.6,362.0,164.4,0.1493,0
604,20.1535,40.0,0.4,358.8,169.3,0.5433,0
604,20.1535,50.9,0.1,355.9,166.5,0.251,0
605,20.1868,42.0,0.8,360.3,166.3,0.7336,0
605,20.1868,28.9,1.4,362.1,168.7,0.3246,0
606,20.2202,46.3,2.0,366.5,166.4,0.8813,0
607,20.2536,44.1,0.7,360.2,166.9,0.8543,0
608,20.2869,98.9,0.0,356.2,163.5,0.419,0
609,20.3203,57.4,0.8,354.2,167.8,0.819,0
610,20.3537,61.4,0.9,353.5,164.7,0.87,0
611,20.387,61.7,0.0,354.3,165.2,0.2503,0
612,20.4204,59.2,0.5,356.3,168.0,0.902,0
613,20.4538,59.9,0.8,354.9,168.6,0.7806,0
614,20.4871,102.5,1.1,354.8,165.2,0.8601,0
615,20.5205,53.6,2.0,360.4,164.5,0.9179,0
616,20.5539,38.2,1.5,365.8,167.6,0.8029,0
617,20.5872,87.8,1.1,364.8,164.6,0.7828,0
618,20.6206,95.1,1.8,362.0,163.2,0.74,0
619,20.654,93.9,1.2,361.6,163.6,0.8633,0
620,20.6873,10.1,0.0,361.3,170.9,0.4299,0
620,20.6873,40.0,0.9,361.9,166.1,0.3878,0
621,20.7207,44.2,1.0,371.3,167.8,0.9131,0
622,20.7541,46.4,1.1,365.1,167.0,0.8655,0
622,20.7541,18.2,0.2,359.2,173.0,0.446,0
623,20.7874,100.1,1.2,357.8,164.6,0.8385,0
624,20.8208,94.5,0.4,359.7,165.2,0.8853,0
625,20.8542,51.6,0.3,356.2,166.4,0.9377,0
626,20.8875,43.8,0.0,356.3,167.1,0.8749,0
627,20.9209,40.8,1.0,364.1,167.9,0.8472,0
628,20.9543,97.1,1.2,359.7,163.9,0.9107,0
629,20.9876,59.1,1.1,357.0,165.0,0.866,0
630,21.021,52.2,1.4,359.8,166.8,0.6869,0
631,21.0544,114.6,1.2,359.1,162.6,0.8757,0
632,21.0877,46.5,1.1,362.9,167.6,0.8149,0
633,21.1211,45.5,1.5,357.1,167.9,0.8977,0
634,21.1545,47.4,0.8,357.4,166.9,0.748,0
635,21.1878,57.7,2.3,361.6,166.7,0.8761,0
636,21.2212,61.4,1.8,360.4,166.1,0.8598,0
637,21.2546,43.7,1.0,365.9,166.8,0.8663,0
638,21.2879,36.6,1.5,368.4,169.2,0.8943,0
639,21.3213,45.6,0.5,370.7,166.6,0.8009,0
639,21.3213,80.8,0.0,367.7,164.7,0.4054,0
639,21.3213,36.5,0.6,369.0,169.3,0.3223,0
640,21.3547,41.0,2.6,358.7,166.9,0.6181,0
641,21.388,88.2,2.8,362.3,164.6,0.7669,0
642,21.4214,95.0,1.1,363.6,164.7,0.8694,0
643,21.4548,45.1,0.9,356.5,166.0,0.854,0
643,21.4548,17.4,0.4,355.6,170.2,0.4829,0
644,21.4881,46.5,1.7,354.7,166.9,0.9214,0
645,21.5215,61.2,1.8,353.8,166.6,0.8843,0
646,21.5549,49.8,0.9,354.4,166.8,0.9052,0
647,21.5882,57.5,0.8,357.8,166.4,0.932,0
648,21.6216,55.1,0.5,360.8,166.8,0.6823,0
649,21.655,60.2,1.0,361.1,165.8,0.9146,0
650,21.6883,48.7,0.5,360.5,167.2,0.7181,0
651,21.7217,51.5,1.1,360.0,167.4,0.8448,0
652,21.7551,59.9,2.5,355.9,167.2,0.72,0
653,21.7884,66.5,1.0,354.8,166.8,0.9232,0
654,21.8218,51.3,0.4,357.0,166.4,0.942,0
655,21.8552,97.1,2.1,359.7,163.7,0.9218,0
656,21.8885,90.1,2.3,370.7,163.9,0.9191,0
657,21.9219,51.4,0.0,375.0,166.7,0.7934,0
657,21.9219,44.4,1.2,374.0,165.5,0.3704,0
658,21.9553,27.2,0.0,352.3,170.6,0.9096,0
659,21.9886,20.3,0.6,355.7,173.3,0.879,0
660,22.022,41.7,0.6,358.5,167.2,0.9052,0
661,22.0554,49.2,0.5,354.6,167.5,0.8845,0
662,22.0887,104.1,0.8,355.2,164.6,0.9077,0
663,22.1221,58.8,0.0,364.5,166.5,0.7781,0
663,22.1221,95.9,0.1,360.3,165.9,0.1067,0
664,22.1555,90.1,2.3,370.5,164.0,0.9208,0
665,22.1888,94.3,1.2,374.8,164.6,0.9343,0
666,22.2222,106.9,1.3,369.8,164.1,0.9342,0
667,22.2556,76.4,1.7,378.8,163.7,0.7499,0
667,22.2556,31.2,1.8,376.8,167.5,0.4684,0
668,22.2889,50.8,1.5,372.0,166.1,0.8777,0
669,22.3223,87.7,0.0,361.2,165.0,0.5671,0
670,22.3557,81.0,1.0,366.0,164.0,0.858,0
671,22.389,61.8,0.3,357.9,167.4,0.372,0
671,22.389,60.2,2.7,358.9,166.1,0.3403,0
672,22.4224,100.3,0.4,365.0,165.5,0.6392,0
672,22.4224,91.8,1.4,366.1,165.1,0.5583,0
673,22.4558,48.4,2.3,362.1,166.5,0.9051,0
674,22.4891,50.1,1.4,359.2,165.3,0.8742,0
675,22.5225,51.8,0.8,358.4,167.9,0.9407,0
676,22.5559,48.8,0.7,364.1,167.3,0.9077,0
677,22.5892,94.5,1.1,360.6,163.8,0.9298,0
678,22.6226,57.7,0.8,356.7,166.1,0.8906,0
679,22.656,54.8,1.0,354.8,166.0,0.8376,0
680,22.6893,51.5,1.6,356.2,166.1,0.7274,0
681,22.7227,106.7,1.3,352.9,164.4,0.8932,0
682,22.7561,56.0,1.1,354.1,166.2,0.8435,0
683,22.7894,53.5,3.0,361.6,166.1,0.8954,0
684,22.8228,46.1,1.8,362.6,165.2,0.8776,0
685,22.8562,30.3,1.5,358.1,170.9,0.9114,0
686,22.8895,45.0,1.0,369.2,167.7,0.6823,0
686,22.8895,71.6,0.5,367.7,165.9,0.5372,0
687,22.9229,100.4,1.6,373.5,163.2,0.9079,0
688,22.9563,47.3,1.2,372.3,167.4,0.5113,0
688,22.9563,19.1,0.1,360.6,172.3,0.3677,0
689,22.9896,43.6,4.2,357.8,166.5,0.7348,0
690,23.023,48.3,1.4,359.6,167.6,0.8231,0
691,23.0564,96.7,1.3,359.3,165.9,0.8417,0
692,23.0897,52.0,1.0,359.3,167.1,0.91,0
693,23.1231,43.9,1.4,372.8,168.2,0.8811,0
694,23.1565,78.8,1.8,374.4,165.6,0.8099,0
694,23.1565,35.4,1.4,377.2,170.0,0.3614,0
695,23.1898,54.7,1.4,361.3,166.3,0.8733,0
696,23.2232,54.5,1.3,366.2,165.8,0.8812,0
697,23.2566,86.2,1.2,371.2,163.5,0.8735,0
698,23.2899,81.5,1.0,377.5,163.5,0.9024,0
699,23.3233,53.2,0.7,356.9,164.4,0.8918,0
700,23.3567,55.9,1.3,357.7,165.1,0.9127,0
701,23.39,46.5,1.5,361.1,167.3,0.9312,0
702,23.4234,43.1,2.1,376.8,168.0,0.911,0
703,23.4568,51.1,1.9,375.0,168.0,0.8495,0
704,23.4901,71.6,2.0,363.6,164.8,0.8242,0
705,23.5235,105.2,1.4,355.2,162.9,0.9007,0
706,23.5569,59.2,2.3,360.8,165.7,0.929,0
707,23.5902,69.1,0.9,357.0,165.4,0.9359,0
708,23.6236,52.7,1.0,356.6,167.2,0.9362,0
709,23.657,54.0,1.8,369.3,166.7,0.9326,0
710,23.6903,49.0,1.8,373.4,166.9,0.87,0
711,23.7237,52.3,0.9,359.4,165.7,0.943,0
712,23.7571,92.4,2.2,363.4,163.2,0.9179,0
713,23.7904,87.5,1.3,369.1,165.1,0.8357,0
714,23.8238,114.8,1.5,353.6,164.5,0.8421,0
715,23.8572,69.6,2.0,357.2,164.4,0.7661,0
716,23.8905,65.4,0.0,353.2,166.7,0.9208,0
717,23.9239,49.4,0.4,359.3,166.1,0.9453,0
718,23.9573,47.1,2.3,372.2,165.3,0.725,0
718,23.9573,83.3,0.8,369.2,164.4,0.1744,0
719,23.9906,90.7,0.3,361.6,165.4,0.8879,0
720,24.024,55.7,3.3,365.3,166.9,0.891,0
721,24.0574,97.3,0.5,367.2,166.6,0.88,0
722,24.0907,93.7,2.5,359.0,166.1,0.9264,0
723,24.1241,66.0,1.2,359.3,167.4,0.9208,0
724,24.1575,47.4,0.8,358.5,167.4,0.3257,0
725,24.1908,51.6,1.1,364.4,168.3,0.886,0
726,24.2242,51.5,2.9,367.0,166.6,0.861,0
727,24.2576,80.2,1.0,368.5,164.6,0.6154,0
728,24.2909,102.9,0.5,366.7,164.7,0.894,0
729,24.3243,101.3,1.7,360.9,164.5,0.8979,0
730,24.3577,69.9,1.7,362.7,166.8,0.9326,0
731,24.391,99.4,1.3,370.3,166.2,0.9204,0
732,24.4244,81.7,2.0,371.4,164.0,0.8196,0
732,24.4244,89.0,0.5,370.6,164.6,0.1265,0
733,24.4578,63.2,1.7,361.7,166.3,0.8706,0
734,24.4911,69.3,3.7,362.3,170.8,0.7302,0
735,24.5245,63.2,0.9,360.0,166.8,0.8629,0
736,24.5579,52.8,0.4,360.3,167.0,0.9277,0
737,24.5912,94.8,1.0,364.4,165.5,0.8961,0
738,24.6246,76.7,1.3,369.5,165.9,0.8702,0
739,24.658,33.0,1.9,358.5,167.5,0.5407,0
739,24.658,55.0,1.6,355.7,165.1,0.2825,0
740,24.6913,26.6,2.1,360.2,168.9,0.4119,0
740,24.6913,40.3,1.3,358.6,166.4,0.3899,0
741,24.7247,56.5,0.6,357.5,166.6,0.9351,0
742,24.7581,55.3,0.9,362.1,166.1,0.9342,0
743,24.7914,97.1,1.4,372.6,164.3,0.883,0
744,24.8248,116.7,1.3,369.0,164.4,0.5856,0
744,24.8248,124.8,0.3,368.4,166.1,0.1831,0
745,24.8582,99.4,2.5,366.7,164.6,0.7463,0
746,24.8915,56.3,0.8,364.2,165.8,0.7677,0
747,24.9249,93.7,1.0,359.7,164.4,0.4381,0
747,24.9249,11.8,1.1,358.3,167.6,0.1337,0
748,24.9583,105.2,1.9,357.9,164.7,0.8489,0
749,24.9916,105.6,2.7,362.7,165.3,0.9189,0
750,25.025,101.2,0.9,361.2,164.8,0.9128,0
751,25.0584,66.6,1.5,360.7,166.4,0.9244,0
752,25.0917,60.3,0.8,361.2,166.5,0.9377,0
753,25.1251,98.4,0.8,361.9,165.7,0.4593,0
753,25.1251,87.7,1.3,362.6,166.1,0.3392,0
753,25.1251,19.4,3.4,175.8,174.8,0.1394,0
754,25.1585,64.0,0.6,362.5,167.2,0.9187,0
754,25.1585,98.2,0.1,358.7,165.3,0.7742,0
755,25.1918,57.2,0.0,364.5,167.2,0.9106,0
756,25.2252,45.3,0.0,358.0,165.6,0.9327,0
757,25.2586,47.8,1.8,358.7,165.3,0.9427,0
758,25.2919,30.8,1.9,366.2,168.4,0.6442,0
758,25.2919,40.6,1.4,365.7,165.9,0.1704,0
759,25.3253,77.0,1.1,365.8,165.9,0.5315,0
759,25.3253,43.2,1.7,368.3,167.9,0.181,0
760,25.3587,85.8,0.2,378.0,166.9,0.6183,0
761,25.392,46.8,0.3,361.8,166.1,0.8375,0
762,25.4254,45.1,0.8,354.8,165.7,0.4774,0
763,25.4588,53.8,1.3,365.7,165.2,0.9176,0
764,25.4921,76.3,0.4,374.5,164.0,0.8334,0
765,25.5255,67.9,0.7,356.5,164.9,0.918,0
766,25.5589,119.3,0.2,358.0,164.3,0.7561,0
766,25.5589,115.8,0.8,358.6,162.8,0.3088,0
767,25.5922,96.7,0.7,361.8,162.3,0.9138,0
768,25.6256,52.0,2.2,365.1,167.4,0.8622,0
769,25.659,99.6,0.2,371.7,166.1,0.9304,0
770,25.6923,88.2,0.0,372.8,164.7,0.9284,0
771,25.7257,58.0,0.8,360.4,166.2,0.9087,0
772,25.7591,94.6,0.0,361.3,165.2,0.9056,0
773,25.7924,88.1,1.2,370.4,164.7,0.8949,0
774,25.8258,84.1,0.9,376.9,165.2,0.9123,0
775,25.8592,71.2,0.0,383.1,164.3,0.866,0
775,25.8592,48.1,1.5,381.0,168.4,0.3653,0
776,25.8925,58.4,1.5,366.1,167.0,0.9297,0
777,25.9259,55.6,1.4,369.3,166.9,0.9142,0
778,25.9593,49.0,1.6,371.2,166.4,0.9138,0
779,25.9926,74.3,1.1,378.6,163.1,0.8569,0
780,26.026,95.9,1.4,360.6,163.8,0.8774,0
781,26.0594,58.6,1.5,359.1,165.7,0.7679,0
782,26.0927,54.6,1.0,355.0,166.0,0.859,0
783,26.1261,94.3,0.0,356.4,164.0,0.4391,0
783,26.1261,45.7,0.2,359.5,165.2,0.2602,0
784,26.1595,46.9,0.6,366.0,166.0,0.881,0
785,26.1928,58.8,0.6,364.5,164.2,0.8775,0
786,26.2262,46.7,1.0,364.9,167.9,0.7997,0
787,26.2596,76.7,1.5,367.8,165.9,0.5434,0
788,26.2929,91.9,0.8,364.8,166.1,0.8576,0
789,26.3263,90.6,1.7,362.5,164.4,0.7018,0
790,26.3597,74.7,4.8,369.0,163.7,0.2692,0
791,26.393,93.4,1.8,373.5,164.2,0.9178,0
792,26.4264,98.2,0.7,381.5,163.8,0.3901,0
792,26.4264,120.4,0.5,379.0,162.4,0.2799,0
793,26.4598,68.5,2.3,382.4,164.6,0.8676,0
794,26.4931,60.1,0.8,369.8,166.2,0.8802,0
795,26.5265,65.2,1.3,359.6,166.6,0.9039,0
796,26.5599,50.1,1.1,360.1,167.3,0.8839,0
797,26.5932,95.3,3.0,363.4,165.1,0.8866,0
798,26.6266,97.2,1.3,359.4,164.9,0.8287,0
799,26.66,98.1,2.0,362.2,165.2,0.829,0
800,26.6933,86.9,2.1,362.0,164.8,0.5987,0
801,26.7267,49.5,0.8,355.5,165.9,0.8468,0
802,26.7601,55.6,0.0,355.6,165.3,0.9321,0
803,26.7934,72.0,0.2,360.1,166.0,0.9206,0
804,26.8268,104.3,1.1,359.6,164.1,0.8931,0
805,26.8602,61.8,1.4,362.0,165.2,0.8938,0
806,26.8935,52.4,1.1,370.5,166.6,0.8516,0
807,26.9269,94.4,0.1,365.2,164.1,0.8677,0
808,26.9603,90.2,0.9,359.2,163.9,0.8789,0
809,26.9936,53.4,2.5,359.1,165.8,0.917,0
810,27.027,77.2,1.0,368.1,166.0,0.8912,0
811,27.0604,99.9,1.3,371.5,165.8,0.8795,0
812,27.0937,56.2,0.7,359.1,167.7,0.8232,0
813,27.1271,54.4,1.0,359.1,166.6,0.866,0
814,27.1605,97.4,4.7,364.0,164.5,0.8704,0
815,27.1938,96.7,3.3,364.0,164.2,0.8632,0
816,27.2272,71.4,1.3,373.3,164.4,0.8068,0
816,27.2272,55.4,1.5,375.8,167.8,0.1636,0
817,27.2606,86.8,1.3,364.2,164.9,0.8778,0
818,27.2939,45.6,1.4,364.4,166.0,0.7905,0
818,27.2939,41.9,1.8,367.1,167.7,0.38,0
819,27.3273,95.8,2.1,363.0,163.5,0.8753,0
820,27.3607,52.8,1.3,361.5,166.3,0.7495,0
821,27.394,99.4,0.0,358.6,162.6,0.8771,0
822,27.4274,122.1,1.9,356.4,162.7,0.8878,0
823,27.4608,94.2,2.2,363.6,164.1,0.8811,0
824,27.4941,50.9,1.3,358.5,167.1,0.9322,0
825,27.5275,50.7,1.1,357.7,165.5,0.7523,0
825,27.5275,104.8,0.2,353.1,163.9,0.4871,0
826,27.5609,35.4,0.4,357.9,169.8,0.8923,0
827,27.5942,44.4,0.8,355.7,166.6,0.8439,0
828,27.6276,53.5,1.5,359.0,166.7,0.81,0
829,27.661,101.9,2.7,356.0,163.6,0.8467,0
830,27.6943,88.5,3.5,363.6,164.5,0.6004,0
831,27.7277,81.8,2.4,376.1,164.4,0.8224,0
832,27.7611,43.7,1.3,364.0,167.9,0.8311,0
833,27.7944,50.9,0.9,363.2,167.0,0.812,0
834,27.8278,39.3,2.8,361.7,168.4,0.7937,0
835,27.8612,98.4,2.6,357.7,166.2,0.8443,0
836,27.8945,97.1,1.3,357.5,164.9,0.8604,0
837,27.9279,52.4,1.6,356.9,166.0,0.7336,0
838,27.9613,105.9,2.4,354.0,163.6,0.8047,0
839,27.9946,108.7,1.4,359.4,165.0,0.8852,0
840,28.028,108.1,2.1,354.4,164.2,0.8752,0
841,28.0614,107.1,1.5,360.7,164.0,0.9236,0
842,28.0947,103.0,0.3,359.1,163.4,0.9303,0
843,28.1281,97.2,0.5,366.2,162.7,0.915,0
844,28.1615,91.2,0.0,376.0,165.7,0.8116,0
844,28.1615,85.7,0.3,376.4,164.4,0.2491,0
845,28.1948,77.2,0.0,382.0,165.3,0.871,0
846,28.2282,75.7,0.0,368.2,164.7,0.8081,0
846,28.2282,45.3,0.5,370.5,167.2,0.1685,0
847,28.2616,85.4,0.2,364.8,164.7,0.863,0
848,28.2949,82.5,0.2,361.2,165.4,0.8025,0
849,28.3283,54.0,1.1,362.5,166.6,0.8212,0
850,28.3617,40.1,1.0,364.3,167.3,0.8807,0
851,28.395,48.8,0.6,356.9,166.7,0.7668,0
852,28.4284,54.7,1.3,355.8,167.1,0.9046,0
853,28.4618,97.3,0.0,359.3,164.7,0.8518,0
854,28.4951,50.6,1.0,363.8,167.4,0.9239,0
855,28.5285,45.3,1.1,362.5,167.0,0.9242,0
856,28.5619,58.9,1.5,356.0,166.1,0.8764,0
857,28.5952,26.0,1.0,354.8,169.3,0.8417,0
858,28.6286,52.5,0.0,356.4,167.4,0.856,0
859,28.662,109.6,0.0,359.2,163.6,0.8995,0
860,28.6953,96.1,0.4,361.3,164.6,0.9139,0
861,28.7287,81.7,0.7,363.1,166.2,0.79,0
861,28.7287,45.9,0.9,365.6,167.6,0.3064,0
862,28.7621,82.6,1.1,365.5,166.2,0.6468,0
862,28.7621,30.4,0.6,368.4,168.8,0.4105,0
863,28.7954,89.2,1.5,369.0,165.3,0.9144,0
863,28.7954,0.5,97.3,66.4,268.6,0.2057,1
864,28.8288,105.4,3.1,356.9,165.1,0.8783,0
865,28.8622,95.0,0.0,360.2,165.0,0.8878,0
866,28.8955,91.4,0.2,364.3,165.5,0.8343,0
866,28.8955,47.8,1.8,366.3,168.7,0.6736,0
867,28.9289,60.5,1.3,360.7,167.5,0.8618,0
868,28.9623,110.9,1.3,351.9,163.7,0.8876,0
869,28.9956,61.0,1.4,356.6,166.5,0.6608,0
870,29.029,58.6,2.1,360.9,166.9,0.9098,0
871,29.0624,56.5,2.1,358.0,166.8,0.916,0
872,29.0957,63.1,1.1,348.2,166.5,0.9288,0
873,29.1291,98.8,1.7,352.0,165.2,0.7085,0
874,29.1625,48.2,0.9,355.4,166.5,0.9301,0
875,29.1958,43.3,1.0,356.2,167.4,0.9297,0
876,29.2292,40.1,1.4,357.7,166.9,0.7705,0
877,29.2626,90.4,1.4,360.5,163.9,0.8864,0
878,29.2959,74.9,4.5,355.0,164.9,0.7722,0
879,29.3293,103.1,2.6,354.2,164.9,0.9244,0
880,29.3627,58.4,1.4,356.5,167.2,0.8924,0
881,29.396,62.4,1.7,355.4,166.6,0.8927,0
882,29.4294,47.5,0.9,352.7,166.2,0.7784,0
882,29.4294,20.5,1.2,351.9,170.8,0.1977,0
883,29.4628,48.7,0.4,358.2,167.2,0.8784,0
884,29.4961,33.5,1.8,357.2,170.7,0.832,0
885,29.5295,43.9,0.4,356.1,167.9,0.9038,0
886,29.5629,46.5,1.6,354.4,165.8,0.9249,0
887,29.5962,46.4,0.8,353.4,166.3,0.9295,0
888,29.6296,46.6,2.2,357.3,166.8,0.9222,0
889,29.663,65.8,1.4,360.0,166.1,0.8927,0
890,29.6963,50.3,0.6,364.6,167.8,0.9168,0
891,29.7297,78.2,0.0,367.3,166.6,0.829,0
892,29.7631,19.6,1.1,363.0,172.2,0.3145,0
893,29.7964,40.6,0.9,356.1,168.5,0.5712,0
893,29.7964,7.9,0.5,353.0,171.4,0.2872,0
894,29.8298,82.7,2.0,360.5,167.2,0.7722,0
895,29.8632,,,,,,
896,29.8965,66.3,0.9,366.9,166.5,0.9245,0
897,29.9299,65.5,1.5,369.2,165.4,0.8686,0
898,29.9633,47.9,1.1,368.9,166.8,0.8942,0
899,29.9966,44.3,1.8,373.1,166.2,0.7496,0
900,30.03,50.1,1.8,382.1,168.7,0.897,0
901,30.0634,82.7,0.5,369.0,166.0,0.8554,0
902,30.0967,88.3,1.1,367.0,165.6,0.895,0
903,30.1301,89.4,1.7,359.2,165.4,0.7955,0
903,30.1301,56.1,2.1,363.0,166.7,0.1699,0
904,30.1635,53.7,1.5,364.7,167.1,0.9001,0
905,30.1968,60.8,0.7,356.9,167.4,0.9132,0
906,30.2302,45.6,1.0,359.3,168.2,0.9227,0
907,30.2636,46.1,0.7,361.6,167.2,0.9092,0
908,30.2969,42.2,0.5,360.9,168.1,0.7914,0
909,30.3303,37.0,1.1,363.8,168.6,0.9319,0
910,30.3637,40.2,1.7,364.0,166.8,0.9333,0
911,30.397,54.1,1.5,370.5,166.8,0.9269,0
912,30.4304,52.3,0.3,366.0,166.5,0.3034,0
912,30.4304,35.2,0.5,370.2,168.2,0.2321,0
913,30.4638,47.7,1.1,362.9,166.2,0.8699,0
914,30.4971,47.5,1.4,368.0,167.1,0.8786,0
915,30.5305,98.2,0.9,364.6,165.9,0.8941,0
916,30.5639,51.6,0.8,365.0,167.4,0.749,0
917,30.5972,85.6,0.6,369.2,169.2,0.8375,0
918,30.6306,51.7,1.2,362.9,166.4,0.9017,0
919,30.664,94.1,1.5,360.2,164.2,0.8521,0
920,30.6973,51.1,1.6,360.4,165.0,0.8819,0
921,30.7307,43.7,1.1,362.1,165.0,0.8702,0
922,30.7641,53.7,0.6,362.5,164.9,0.8859,0
923,30.7974,97.6,0.8,378.1,164.6,0.9286,0
924,30.8308,93.2,0.7,382.8,163.0,0.8771,0
925,30.8642,93.7,1.8,373.8,164.9,0.932,0
926,30.8975,56.1,2.3,363.2,167.8,0.9079,0
927,30.9309,65.2,1.5,361.0,167.3,0.4321,0
928,30.9643,92.7,0.6,367.8,164.9,0.942,0
929,30.9976,91.2,1.2,366.1,165.9,0.8927,0
930,31.031,64.4,2.6,361.9,166.2,0.9067,0
931,31.0644,48.2,0.9,359.5,167.2,0.93,0
932,31.0977,42.7,1.1,362.1,167.7,0.7723,0
933,31.1311,37.0,2.0,365.2,167.0,0.7123,0
934,31.1645,29.0,1.6,378.8,169.7,0.7567,0
934,31.1645,40.8,2.3,381.1,167.2,0.1473,0
934,31.1645,66.0,1.8,379.5,164.5,0.1433,0
934,31.1645,0.2,95.6,68.7,268.9,0.1125,1
935,31.1978,74.7,1.2,387.1,163.4,0.8023,0
935,31.1978,38.6,2.4,384.3,169.0,0.5715,0
936,31.2312,38.6,0.9,379.5,168.3,0.7597,0
936,31.2312,45.8,1.4,382.2,166.0,0.1146,0
937,31.2646,74.1,0.0,371.6,164.8,0.635,0
937,31.2646,36.1,1.0,375.2,168.5,0.6227,0
938,31.2979,100.5,0.1,362.4,163.2,0.7809,0
938,31.2979,108.7,0.0,362.0,164.0,0.1179,0
939,31.3313,18.6,0.0,358.2,173.1,0.5369,0
939,31.3313,90.4,0.0,357.8,163.6,0.3478,0
939,31.3313,3.3,96.9,68.7,268.1,0.1624,1
940,31.3647,33.6,1.0,362.4,170.4,0.625,0
940,31.3647,45.8,0.7,360.8,166.1,0.209,0
941,31.398,88.1,1.0,360.6,163.6,0.7908,0
942,31.4314,102.0,2.2,367.4,163.5,0.888,0
943,31.4648,107.2,0.0,366.7,163.0,0.9173,0
944,31.4981,89.1,0.6,362.6,164.4,0.7564,0
944,31.4981,17.4,1.9,370.6,171.0,0.2345,0
945,31.5315,95.1,0.1,367.9,165.6,0.9255,0
946,31.5649,88.6,1.2,367.3,165.1,0.8532,0
947,31.5982,81.8,0.0,365.9,165.0,0.8323,0
948,31.6316,61.2,0.7,373.9,165.9,0.9155,0
949,31.665,85.1,1.2,363.3,164.2,0.8989,0
950,31.6983,61.6,1.5,365.6,166.7,0.9259,0
951,31.7317,41.2,1.1,360.7,167.5,0.8694,0
952,31.7651,49.5,1.0,363.2,167.4,0.7291,0
953,31.7984,102.4,1.9,364.9,166.7,0.894,0
954,31.8318,48.0,1.4,366.8,166.3,0.7906,0
954,31.8318,81.1,1.4,364.2,165.0,0.2716,0
955,31.8652,105.8,1.3,369.2,166.7,0.917,0
956,31.8985,47.9,1.9,367.7,169.0,0.8119,0
957,31.9319,90.5,1.5,361.5,167.8,0.7316,0
958,31.9653,97.7,1.4,364.6,170.2,0.9053,0
959,31.9986,79.4,0.5,370.6,167.7,0.9055,0
960,32.032,73.4,0.6,365.3,166.3,0.818,0
961,32.0654,97.3,1.0,365.0,166.2,0.9147,0
962,32.0987,99.5,2.3,356.3,165.4,0.9196,0
963,32.1321,98.0,1.8,358.9,164.9,0.9186,0
964,32.1655,89.6,2.2,360.4,165.3,0.8637,0
965,32.1988,43.8,0.7,360.5,167.5,0.9055,0
966,32.2322,44.9,0.9,361.4,167.5,0.8816,0
967,32.2656,38.0,0.8,365.9,167.6,0.819,0
968,32.2989,55.4,1.4,373.9,166.4,0.8713,0
969,32.3323,87.6,0.8,377.0,164.4,0.7514,0
969,32.3323,42.0,1.4,373.7,166.8,0.2345,0
970,32.3657,81.1,1.2,378.6,164.1,0.8965,0
971,32.399,85.0,0.6,380.6,164.0,0.9182,0
972,32.4324,81.8,1.8,365.1,164.8,0.8393,0
973,32.4658,81.7,2.5,374.2,165.2,0.9094,0
974,32.4991,79.2,1.7,371.5,167.8,0.9192,0
975,32.5325,45.1,1.1,375.0,168.9,0.802,0
976,32.5659,95.4,0.1,369.1,165.9,0.8979,0
977,32.5992,85.6,3.9,385.6,164.6,0.8177,0
978,32.6326,74.5,3.8,399.7,165.7,0.8125,0
979,32.666,44.2,1.1,401.3,167.7,0.8107,0
980,32.6993,51.6,1.6,392.5,165.8,0.6584,0
980,32.6993,75.6,0.2,390.1,164.4,0.5459,0
981,32.7327,79.3,0.0,391.6,165.3,0.9145,0
982,32.7661,75.1,3.5,373.6,164.8,0.8296,0
983,32.7994,88.5,2.8,366.0,164.9,0.8329,0
984,32.8328,41.3,1.3,371.6,167.3,0.5305,0
984,32.8328,73.4,1.3,369.4,164.8,0.1557,0
985,32.8662,105.4,0.2,362.2,164.1,0.8637,0
985,32.8662,49.8,1.6,366.7,167.5,0.2006,0
986,32.8995,117.4,4.1,363.5,163.5,0.8723,0
987,32.9329,119.8,3.2,374.7,164.5,0.8797,0
988,32.9663,80.8,1.6,390.3,165.9,0.8121,0
988,32.9663,34.2,1.0,383.2,169.2,0.2895,0
989,32.9996,34.6,0.2,385.2,171.0,0.8282,0
989,32.9996,68.7,0.6,392.0,166.2,0.7746,0
990,33.033,70.9,0.0,383.7,165.9,0.6894,0
990,33.033,41.7,0.9,386.9,167.2,0.1322,0
991,33.0664,115.0,0.8,361.5,164.0,0.9095,0
992,33.0997,86.0,2.1,369.4,165.3,0.8982,0
993,33.1331,90.0,1.2,369.7,165.8,0.9178,0
994,33.1665,79.6,1.2,375.2,165.2,0.8857,0
995,33.1998,58.7,1.0,358.0,168.1,0.8826,0
996,33.2332,56.7,0.9,358.1,166.3,0.9252,0
997,33.2666,97.3,2.2,360.3,164.4,0.8435,0
998,33.2999,101.2,0.2,362.0,164.4,0.8997,0
999,33.3333,102.2,0.6,383.9,164.6,0.7731,0
1000,33.3667,106.1,0.0,380.9,165.6,0.605,0
1000,33.3667,122.3,0.0,380.3,163.1,0.2232,0
1000,33.3667,44.7,1.1,373.5,168.8,0.1411,0
1001,33.4,87.0,0.9,372.7,163.9,0.868,0
1001,33.4,34.0,1.4,375.7,169.0,0.1222,0
1002,33.4334,42.2,0.5,382.7,168.9,0.8342,0
1002,33.4334,70.9,1.6,379.2,164.5,0.7473,0
1003,33.4668,48.5,0.7,366.2,166.9,0.9302,0
1004,33.5001,83.0,1.2,365.6,164.7,0.8645,0
1005,33.5335,46.9,1.4,367.4,166.1,0.8685,0
1006,33.5669,42.5,0.9,364.9,166.7,0.9155,0
1007,33.6002,81.3,0.0,370.8,167.4,0.7665,0
1007,33.6002,34.9,1.3,373.0,170.0,0.2715,0
1008,33.6336,82.1,0.4,375.8,167.0,0.7748,0
1008,33.6336,17.3,0.8,385.2,176.3,0.1054,0
1009,33.667,104.4,1.2,369.7,165.7,0.9071,0
1010,33.7003,92.1,1.6,365.7,164.7,0.8805,0
1011,33.7337,104.5,0.8,358.9,166.1,0.9038,0
1012,33.7671,88.6,0.0,370.7,166.5,0.8979,0
1013,33.8004,105.7,1.9,376.3,165.4,0.9345,0
1014,33.8338,83.7,3.7,368.5,165.5,0.9074,0
1015,33.8672,99.6,3.4,367.8,165.7,0.9303,0
1016,33.9005,98.9,2.0,372.5,165.8,0.9347,0
1017,33.9339,77.0,1.2,374.0,167.9,0.8859,0
1018,33.9673,88.2,0.9,374.7,168.9,0.9072,0
1019,34.0006,80.4,1.5,370.8,170.2,0.8037,0
1020,34.034,88.6,2.3,367.5,170.5,0.8168,0
1021,34.0674,99.6,0.7,365.4,169.9,0.8406,0
1022,34.1007,78.7,0.4,365.8,168.8,0.7386,0
1022,34.1007,54.2,0.9,368.3,168.0,0.1694,0
1023,34.1341,89.1,1.8,363.8,167.2,0.7553,0
1024,34.1675,49.1,1.6,365.6,168.4,0.5224,0
1024,34.1675,84.4,1.9,362.5,167.8,0.2295,0
1025,34.2008,103.3,1.2,363.8,167.9,0.9118,0
1026,34.2342,61.5,0.6,365.9,168.7,0.935,0
1027,34.2676,88.4,3.7,366.0,167.9,0.9142,0
1028,34.3009,92.7,0.8,361.5,166.0,0.9182,0
1029,34.3343,83.4,1.7,365.1,165.0,0.7736,0
1030,34.3677,60.7,3.1,353.7,165.7,0.8879,0
1031,34.401,99.1,0.0,358.8,163.2,0.6394,0
1032,34.4344,55.5,1.8,364.4,165.8,0.8827,0
1033,34.4678,46.6,1.2,365.9,167.3,0.9155,0
1034,34.5011,45.7,0.0,367.0,169.0,0.9464,0
1035,34.5345,53.5,1.3,369.8,168.2,0.9454,0
1036,34.5679,47.5,0.9,367.8,169.5,0.9091,0
1037,34.6012,56.3,0.9,356.3,170.2,0.9249,0
1038,34.6346,47.0,1.4,366.3,170.9,0.9089,0
1039,34.668,51.4,2.7,366.9,167.3,0.8716,0
1039,34.668,79.7,2.7,363.8,166.2,0.1419,0
1040,34.7013,77.9,1.3,372.1,166.7,0.8945,0
1041,34.7347,66.2,0.2,364.2,168.9,0.946,0
1042,34.7681,69.7,1.7,359.5,168.7,0.9343,0
1043,34.8014,88.6,0.8,360.9,170.2,0.9156,0
1044,34.8348,60.9,0.3,360.7,170.7,0.9238,0
1045,34.8682,58.3,1.3,359.2,168.4,0.9406,0
1046,34.9015,80.7,1.0,365.7,166.8,0.9081,0
1047,34.9349,95.1,1.3,364.2,166.1,0.8336,0
1048,34.9683,50.5,0.9,359.5,168.8,0.9099,0
1049,35.0016,96.1,0.4,365.5,166.8,0.8144,0
1050,35.035,26.0,1.0,376.0,168.5,0.7037,0
1050,35.035,74.3,0.0,379.6,167.4,0.1458,0
1051,35.0684,106.5,0.3,379.4,166.0,0.8898,0
1052,35.1017,94.1,1.1,368.6,163.8,0.8624,0
1053,35.1351,77.4,2.3,371.7,164.1,0.8741,0
1054,35.1685,50.9,1.6,369.3,168.7,0.9069,0
1055,35.2018,43.7,1.2,375.3,168.4,0.8968,0
1056,35.2352,42.9,1.2,375.7,166.9,0.7579,0
1057,35.2686,67.0,0.9,380.3,166.0,0.5852,0
1057,35.2686,46.9,1.4,383.1,167.7,0.1844,0
1058,35.3019,79.5,1.7,378.2,163.9,0.8893,0
1058,35.3019,48.7,2.4,380.7,165.9,0.3549,0
1059,35.3353,95.3,0.7,369.8,164.4,0.91,0
1060,35.3687,85.8,0.5,369.3,166.1,0.8391,0
1061,35.402,57.3,0.6,359.2,166.9,0.8148,0
1062,35.4354,50.4,0.8,361.6,166.5,0.8167,0
1063,35.4688,84.2,0.0,363.8,164.7,0.7915,0
1064,35.5021,94.1,0.0,366.0,165.8,0.917,0
1065,35.5355,93.1,0.0,366.2,166.4,0.9079,0
1066,35.5689,88.1,0.0,361.7,164.7,0.8467,0
1067,35.6022,59.5,1.5,359.5,166.8,0.9276,0
1068,35.6356,78.3,1.4,367.1,167.5,0.8716,0
1069,35.669,60.5,2.6,373.4,166.2,0.7397,0
1070,35.7023,53.4,1.1,357.9,167.5,0.8812,0
1071,35.7357,42.5,1.0,358.1,169.5,0.8239,0
1072,35.7691,40.1,0.6,360.4,169.9,0.8747,0
1073,35.8024,47.5,2.0,359.6,165.0,0.664,0
1074,35.8358,40.0,1.2,360.0,168.8,0.8265,0
1075,35.8692,37.1,1.6,366.1,170.0,0.66,0
1076,35.9025,83.8,1.5,364.8,167.0,0.7062,0
1077,35.9359,38.5,0.9,376.9,172.6,0.7942,0
1078,35.9693,46.2,1.1,381.1,170.9,0.8401,0
1079,36.0026,62.5,0.7,360.3,171.1,0.9341,0
1080,36.036,59.7,1.4,360.2,169.9,0.9019,0
1081,36.0694,54.4,1.6,367.0,167.0,0.7917,0
1082,36.1027,92.6,1.5,376.3,166.8,0.8958,0
1083,36.1361,91.1,1.4,359.7,167.5,0.2608,0
1084,36.1695,80.7,1.9,368.3,166.6,0.8378,0
1085,36.2028,87.3,0.8,366.4,167.8,0.8778,0
1086,36.2362,78.8,2.4,369.9,168.4,0.8757,0
1087,36.2696,79.4,0.2,387.1,165.2,0.9048,0
1088,36.3029,52.2,0.5,386.9,168.4,0.7522,0
1089,36.3363,87.9,0.0,365.5,165.1,0.8639,0
1090,36.3697,85.6,1.5,364.0,166.6,0.4969,0
1091,36.403,68.5,1.5,352.4,169.9,0.8483,0
1092,36.4364,70.4,1.4,354.8,170.0,0.9287,0
1093,36.4698,63.1,1.2,358.7,169.2,0.9439,0
1094,36.5031,57.8,0.4,362.3,170.0,0.9311,0
1095,36.5365,52.7,1.2,371.0,167.1,0.8975,0
1096,36.5699,98.7,1.1,358.0,164.7,0.9133,0
1097,36.6032,47.9,2.4,363.3,168.0,0.8369,0
1098,36.6366,44.3,1.4,366.7,170.2,0.8611,0
1099,36.67,95.5,1.4,358.4,164.1,0.7326,0
1100,36.7033,105.0,2.9,356.8,164.1,0.8436,0
1101,36.7367,100.3,2.2,366.0,165.7,0.8699,0
1102,36.7701,102.6,1.2,360.4,166.0,0.9054,0
1103,36.8034,91.1,1.6,361.9,166.5,0.8934,0
1104,36.8368,46.6,0.9,364.7,168.5,0.8589,0
1105,36.8702,90.0,2.7,360.2,166.6,0.8433,0
1106,36.9035,85.1,0.7,361.5,168.4,0.8098,0
1107,36.9369,89.7,1.1,363.0,167.5,0.846,0
1108,36.9703,108.7,0.7,360.2,164.7,0.8634,0
1109,37.0036,107.3,1.4,361.8,165.3,0.8677,0
1110,37.037,95.9,3.2,362.8,166.2,0.7744,0
1111,37.0704,101.8,1.4,370.5,162.9,0.853,0
1112,37.1037,85.3,0.3,373.0,167.2,0.8704,0
1113,37.1371,47.0,2.1,360.9,172.1,0.8797,0
1114,37.1705,47.2,2.8,362.7,167.6,0.8475,0
1115,37.2038,50.9,1.1,361.9,167.2,0.7427,0
1116,37.2372,53.3,0.8,364.2,167.0,0.8801,0
1117,37.2706,46.9,0.4,368.1,166.5,0.7169,0
1118,37.3039,22.4,0.1,357.6,177.0,0.8361,0
1119,37.3373,40.2,0.8,366.0,172.1,0.7072,0
1120,37.3707,38.4,0.3,369.1,170.8,0.5537,0
1121,37.404,47.2,1.7,372.8,171.4,0.8962,0
1122,37.4374,96.7,1.4,362.7,166.7,0.8644,0
1123,37.4708,93.0,0.6,366.2,166.9,0.9,0
1124,37.5041,45.6,0.4,368.2,168.9,0.8486,0
1125,37.5375,46.7,0.6,361.6,169.0,0.7587,0
1126,37.5709,40.4,0.7,363.0,171.4,0.6577,0
1127,37.6042,43.2,0.6,366.9,170.5,0.7214,0
1128,37.6376,101.8,0.7,365.6,167.6,0.8524,0
1129,37.671,69.8,0.5,356.1,168.1,0.9071,0
1130,37.7043,66.5,0.9,362.8,169.4,0.8642,0
1131,37.7377,96.2,0.8,362.3,168.0,0.8592,0
1132,37.7711,98.2,0.9,360.4,166.5,0.8667,0
1133,37.8044,115.0,0.3,373.6,165.1,0.8656,0
1134,37.8378,120.3,0.4,381.4,164.6,0.7928,0
1134,37.8378,90.2,1.2,383.6,169.5,0.3907,0
1135,37.8712,87.8,1.0,365.4,168.2,0.5467,0
1136,37.9045,54.7,0.3,359.9,171.7,0.8693,0
1137,37.9379,50.5,0.9,361.1,170.0,0.8814,0
1138,37.9713,77.7,0.5,367.4,167.2,0.5404,0
1139,38.0046,91.2,0.9,359.2,167.9,0.1579,0
1140,38.038,70.7,1.1,358.0,170.0,0.915,0
1141,38.0714,57.3,1.5,357.6,170.4,0.6358,0
1142,38.1047,58.6,0.6,363.1,167.8,0.443,0
1143,38.1381,103.4,1.7,352.8,162.8,0.3462,0
1143,38.1381,111.2,0.2,352.2,163.8,0.216,0
1144,38.1715,106.1,1.6,351.3,164.7,0.8736,0
1145,38.2048,106.8,2.5,352.7,165.8,0.8747,0
1146,38.2382,59.1,1.0,362.7,171.0,0.8221,0
1146,38.2382,93.6,0.5,359.4,169.9,0.6127,0
1147,38.2716,48.9,0.1,358.9,169.3,0.6553,0
1148,38.3049,35.9,1.9,362.5,169.3,0.814,0
1149,38.3383,39.1,1.2,366.0,170.5,0.7873,0
1150,38.3717,47.3,0.7,362.6,168.6,0.7127,0
1151,38.405,88.2,2.1,360.3,167.8,0.7115,0
1152,38.4384,101.0,1.2,357.4,171.1,0.7205,0
1153,38.4718,48.5,0.7,359.3,170.3,0.7936,0
1154,38.5051,96.0,1.0,364.7,170.0,0.8767,0
1155,38.5385,96.7,2.0,360.8,169.0,0.8963,0
1156,38.5719,102.8,1.4,354.6,166.9,0.8722,0
1157,38.6052,52.6,1.4,361.6,169.7,0.9018,0
1158,38.6386,49.2,1.2,358.9,170.1,0.9084,0
1159,38.672,48.4,0.5,358.0,168.0,0.9276,0
1160,38.7053,70.4,2.1,357.0,167.8,0.9139,0
1161,38.7387,46.2,1.4,361.2,168.9,0.8962,0
1162,38.7721,102.4,1.2,354.6,165.9,0.2915,0
1163,38.8054,43.5,0.3,355.6,173.1,0.922,0
1164,38.8388,60.2,1.2,359.5,168.2,0.9389,0
1165,38.8722,52.9,0.9,356.8,167.1,0.9389,0
1166,38.9055,65.0,0.9,360.8,168.9,0.9217,0
1167,38.9389,60.5,0.8,362.2,168.7,0.8648,0
1168,38.9723,91.7,0.8,359.8,166.4,0.761,0
1169,39.0056,58.4,0.5,356.9,169.5,0.8817,0
1170,39.039,95.5,1.0,362.8,168.5,0.8814,0
1171,39.0724,85.9,1.0,374.8,169.5,0.8291,0
1172,39.1057,20.0,0.3,376.1,184.4,0.6956,0
1173,39.1391,40.0,0.6,365.4,170.4,0.8396,0
1174,39.1725,46.9,1.1,381.7,170.6,0.8437,0
1175,39.2058,61.4,0.2,372.9,169.6,0.9055,0
1176,39.2392,56.6,1.5,371.4,169.3,0.8847,0
1177,39.2726,91.1,1.2,369.8,167.8,0.9126,0
1178,39.3059,90.9,0.7,381.0,169.3,0.8627,0
1179,39.3393,55.7,1.0,359.8,173.5,0.8247,0
1180,39.3727,69.8,0.9,360.5,172.1,0.4102,0
1180,39.3727,104.4,1.2,357.8,166.8,0.41,0
1181,39.406,54.9,1.1,364.1,171.3,0.7556,0
1182,39.4394,51.7,0.7,372.2,172.6,0.7698,0
1183,39.4728,45.1,0.5,364.2,180.4,0.5902,0
1184,39.5061,39.5,0.7,369.8,174.4,0.592,0
1185,39.5395,39.0,0.6,364.1,173.8,0.5886,0
1186,39.5729,98.7,0.6,355.8,169.9,0.7856,0
1187,39.6062,92.4,1.4,362.9,170.1,0.8374,0
1188,39.6396,104.8,1.3,358.3,173.0,0.8288,0
1189,39.673,100.1,0.9,363.0,168.4,0.8649,0
1190,39.7063,108.0,1.8,356.2,169.2,0.8971,0
1191,39.7397,109.1,0.8,360.5,166.4,0.8965,0
1192,39.7731,87.5,1.0,363.7,167.1,0.4719,0
1193,39.8064,90.5,0.2,364.3,169.9,0.8177,0
1194,39.8398,97.3,0.4,357.0,167.7,0.8722,0
1195,39.8732,105.9,0.4,355.4,168.2,0.8628,0
1196,39.9065,105.5,0.9,357.2,167.6,0.8664,0
1197,39.9399,90.9,1.4,360.2,167.6,0.8076,0
1198,39.9733,85.2,0.0,367.9,165.8,0.705,0
1199,40.0066,49.9,2.3,362.1,172.4,0.8795,0
1200,40.04,91.2,2.6,364.2,173.7,0.7024,0
1201,40.0734,92.9,1.2,360.9,165.4,0.6926,0
1202,40.1067,37.1,0.0,366.8,173.4,0.726,0
1202,40.1067,80.1,0.2,366.8,166.2,0.6443,0
1203,40.1401,99.3,0.4,359.2,165.1,0.8606,0
1203,40.1401,42.3,1.1,362.3,169.5,0.3411,0
1204,40.1735,85.1,1.2,362.1,167.7,0.6319,0
1204,40.1735,38.1,1.0,365.0,171.5,0.2669,0
1205,40.2068,92.3,0.1,364.4,167.7,0.8555,0
1206,40.2402,102.8,0.9,356.1,166.0,0.9207,0
1207,40.2736,104.4,0.5,358.6,167.0,0.894,0
1208,40.3069,107.1,0.0,360.4,168.3,0.9044,0
1209,40.3403,103.8,0.0,364.1,168.6,0.9057,0
1210,40.3737,47.8,0.8,361.6,169.3,0.7889,0
1211,40.407,50.0,0.5,362.3,171.3,0.7804,0
1212,40.4404,95.7,1.1,359.9,166.2,0.8121,0
1213,40.4738,93.7,0.5,362.1,166.6,0.8102,0
1214,40.5071,73.9,0.7,358.3,169.3,0.8693,0
1215,40.5405,90.9,1.5,361.4,168.3,0.7722,0
1216,40.5739,52.2,0.3,367.7,170.1,0.7188,0
1216,40.5739,78.4,0.0,365.3,168.4,0.4203,0
1217,40.6072,58.8,2.1,360.5,170.4,0.835,0
1218,40.6406,51.4,1.2,359.6,171.8,0.8047,0
1219,40.674,46.8,0.9,358.4,173.9,0.8157,0
1220,40.7073,49.9,0.1,355.0,169.6,0.7057,0
1221,40.7407,69.9,1.0,352.5,167.6,0.8824,0
1222,40.7741,59.0,0.8,354.6,168.8,0.8891,0
1223,40.8074,57.1,0.9,357.0,169.6,0.8751,0
1224,40.8408,65.5,1.9,359.8,167.2,0.8355,0
1225,40.8742,100.1,3.4,356.5,166.1,0.8049,0
1226,40.9075,43.9,1.2,357.3,169.7,0.7794,0
1227,40.9409,98.4,1.3,357.1,166.6,0.8542,0
1228,40.9743,100.6,0.0,375.3,166.3,0.8291,0
1228,40.9743,100.0,0.6,374.8,167.7,0.5332,0
1229,41.0076,50.7,0.3,367.8,170.6,0.8502,0
1230,41.041,74.7,0.8,359.6,168.6,0.8899,0
1231,41.0744,63.2,1.2,356.7,167.6,0.8266,0
1232,41.1077,47.1,1.3,359.3,167.8,0.8475,0
1233,41.1411,41.0,1.0,364.7,168.7,0.7986,0
1234,41.1745,42.9,1.1,366.3,169.3,0.7738,0
1234,41.1745,20.8,0.0,365.5,178.4,0.3725,0
1235,41.2078,41.9,0.3,373.6,172.5,0.7876,0
1236,41.2412,111.3,5.4,364.2,166.5,0.8403,0
1237,41.2746,43.6,1.2,369.8,169.3,0.8521,0
1238,41.3079,67.7,0.8,366.0,166.2,0.8259,0
1239,41.3413,47.8,0.5,357.7,166.9,0.8864,0
1240,41.3747,88.0,0.7,367.8,166.3,0.7907,0
1241,41.408,55.2,0.8,369.9,167.6,0.5067,0
1241,41.408,80.1,0.0,367.2,165.9,0.2048,0
1242,41.4414,68.9,0.3,356.1,167.3,0.9089,0
1243,41.4748,58.9,0.5,357.4,167.9,0.9062,0
1244,41.5081,53.0,2.2,357.8,168.9,0.7933,0
1245,41.5415,48.8,0.5,358.4,169.3,0.8276,0
1246,41.5749,42.9,0.0,358.5,169.4,0.8649,0
1247,41.6082,45.8,0.5,361.1,169.3,0.8929,0
1248,41.6416,40.5,0.0,361.2,170.2,0.9092,0
1249,41.675,46.0,0.8,368.4,169.3,0.7888,0
1250,41.7083,22.7,0.3,384.7,179.8,0.5683,0
1250,41.7083,73.8,0.0,369.2,170.7,0.4992,0
1251,41.7417,100.4,1.5,358.5,166.1,0.8963,0
1252,41.7751,69.9,1.6,358.7,168.9,0.6158,0
1252,41.7751,99.2,2.0,355.7,167.2,0.1066,0
1253,41.8084,89.6,1.8,360.5,169.5,0.6268,0
1254,41.8418,55.9,0.7,364.3,171.5,0.8987,0
1255,41.8752,47.1,2.2,367.9,175.3,0.8219,0
1256,41.9085,49.5,2.3,370.0,181.4,0.8108,0
1257,41.9419,92.6,2.0,365.9,166.3,0.8539,0
1258,41.9753,83.4,0.1,368.8,165.3,0.8412,0
1259,42.0086,61.4,0.9,367.9,167.2,0.9113,0
1260,42.042,64.1,1.1,365.8,167.7,0.9102,0
1261,42.0754,60.8,0.0,365.2,167.5,0.8521,0
1261,42.0754,26.6,0.0,357.7,179.3,0.2108,0
1262,42.1087,42.0,0.3,361.1,169.1,0.7462,0
1263,42.1421,79.2,0.0,370.2,166.1,0.8482,0
1264,42.1755,86.7,0.0,379.4,166.1,0.8617,0
1264,42.1755,4.8,0.1,389.7,174.9,0.1994,0
1265,42.2088,74.3,2.6,368.3,168.2,0.7534,0
1266,42.2422,75.5,4.9,377.7,165.4,0.8593,0
1267,42.2756,71.3,2.4,377.5,169.2,0.8263,0
1268,42.3089,102.1,1.3,379.3,167.9,0.9063,0
1269,42.3423,96.2,1.8,359.8,167.0,0.8581,0
1270,42.3757,98.9,1.1,361.8,166.1,0.8602,0
1270,42.3757,32.6,0.0,347.7,178.2,0.2465,0
1271,42.409,57.1,1.1,362.8,168.7,0.4004,0
1271,42.409,17.8,0.9,355.2,174.6,0.1801,0
1272,42.4424,99.7,0.0,361.6,167.4,0.9357,0
1273,42.4758,49.4,0.0,357.6,169.5,0.8571,0
1274,42.5091,52.6,0.0,357.8,167.6,0.9251,0
1275,42.5425,53.2,1.0,359.3,167.4,0.8278,0
1276,42.5759,94.8,0.4,358.0,166.4,0.8788,0
1277,42.6092,48.0,0.9,364.8,168.4,0.8739,0
1278,42.6426,82.5,1.6,364.1,166.3,0.4858,0
1279,42.676,95.1,2.7,369.8,165.7,0.9113,0
1280,42.7093,49.7,0.9,364.4,172.7,0.4259,0
1281,42.7427,52.0,1.5,362.3,170.2,0.9278,0
1282,42.7761,44.3,0.3,360.8,171.5,0.9204,0
1283,42.8094,102.0,4.8,356.9,165.6,0.823,0
1284,42.8428,100.7,2.3,356.0,169.6,0.8997,0
1285,42.8762,93.8,0.6,361.4,173.1,0.9049,0
1286,42.9095,88.5,0.9,365.9,169.3,0.8837,0
1287,42.9429,60.4,0.7,363.8,169.7,0.8366,0
1288,42.9763,102.2,0.6,371.3,170.6,0.9032,0
1289,43.0096,95.6,0.0,374.4,169.6,0.8604,0
1290,43.043,102.9,1.6,357.6,168.4,0.9282,0
1291,43.0764,63.3,1.4,359.3,168.5,0.8965,0
1292,43.1097,62.3,1.8,355.5,168.4,0.9465,0
1293,43.1431,64.1,1.1,361.7,168.3,0.8989,0
1293,43.1431,55.3,2.0,183.1,172.6,0.2603,0
1294,43.1765,99.5,0.0,358.8,167.8,0.8786,0
1295,43.2098,105.1,3.2,353.1,166.1,0.8873,0
1296,43.2432,104.9,1.3,354.4,166.6,0.8922,0
1297,43.2766,101.7,0.8,355.6,168.1,0.8099,0
1298,43.3099,102.2,1.3,359.1,165.9,0.8976,0
1299,43.3433,103.3,1.0,355.3,166.8,0.8999,0
1300,43.3767,98.0,1.1,354.0,166.7,0.4465,0
1301,43.41,98.4,0.0,354.7,166.1,0.938,0
1302,43.4434,100.5,0.5,354.4,166.0,0.8927,0
1303,43.4768,54.3,0.0,358.4,171.8,0.6727,0
1304,43.5101,102.9,0.0,358.3,168.6,0.9124,0
1305,43.5435,65.9,1.7,352.2,174.1,0.739,0
1306,43.5769,97.5,0.6,356.3,167.4,0.7801,0
1307,43.6102,84.7,0.4,364.0,167.6,0.4481,0
1308,43.6436,47.9,0.5,360.8,171.3,0.7972,0
1309,43.677,30.0,1.5,364.4,174.6,0.8475,0
1310,43.7103,46.4,0.1,357.0,171.7,0.899,0
1311,43.7437,44.5,0.6,359.1,171.6,0.9057,0
1312,43.7771,76.5,1.4,351.7,169.6,0.8394,0
1313,43.8104,117.2,2.3,354.0,162.9,0.8927,0
1314,43.8438,112.3,0.3,357.5,163.2,0.9061,0
1315,43.8772,105.6,0.6,355.9,165.0,0.8936,0
1316,43.9105,53.3,0.0,367.9,168.2,0.8279,0
1317,43.9439,49.2,2.4,356.8,172.8,0.8155,0
1317,43.9439,19.4,0.2,354.0,187.4,0.3007,0
1318,43.9773,59.1,1.5,356.9,171.7,0.8395,0
1319,44.0106,64.2,1.0,353.7,173.2,0.8321,0
1320,44.044,62.4,2.2,358.4,170.8,0.8429,0
1321,44.0774,94.9,1.0,361.3,168.5,0.8727,0
1322,44.1107,61.9,0.2,364.0,174.5,0.9102,0
1323,44.1441,109.1,0.5,359.8,167.2,0.9015,0
1324,44.1775,111.6,3.1,359.1,164.7,0.8869,0
1325,44.2108,97.2,1.7,361.9,170.2,0.7811,0
1326,44.2442,53.6,1.0,365.4,171.5,0.8505,0
1327,44.2776,60.2,0.7,352.9,172.4,0.805,0
1328,44.3109,73.9,0.4,348.9,173.3,0.8184,0
1329,44.3443,106.2,1.3,352.8,169.5,0.8662,0
1330,44.3777,107.7,1.2,353.3,167.5,0.8777,0
1331,44.411,109.6,1.0,351.6,166.1,0.6507,0
1332,44.4444,59.9,1.0,348.0,172.7,0.7933,0
1333,44.4778,122.2,1.1,350.1,162.9,0.8516,0
1334,44.5111,110.1,0.8,351.4,163.8,0.8942,0
1335,44.5445,108.9,1.2,356.5,166.1,0.8951,0
1336,44.5779,112.1,1.0,356.0,166.9,0.8896,0
1337,44.6112,108.9,0.8,357.3,167.2,0.9049,0
1338,44.6446,85.4,1.5,356.7,174.9,0.7528,0
1339,44.678,50.9,2.8,358.9,175.9,0.8197,0
1340,44.7113,59.2,1.2,367.9,170.7,0.8836,0
1341,44.7447,93.2,3.3,362.5,167.9,0.8777,0
1342,44.7781,43.9,0.4,357.8,172.6,0.9081,0
1343,44.8114,33.1,0.0,352.3,181.7,0.9203,0
1344,44.8448,36.0,1.2,355.8,172.8,0.9197,0
1345,44.8782,34.2,1.0,356.0,172.6,0.9092,0
1346,44.9115,63.1,0.5,357.5,166.7,0.8953,0
1347,44.9449,64.6,2.1,360.1,166.9,0.9248,0
1348,44.9783,92.6,3.1,355.7,166.7,0.8184,0
1349,45.0116,82.7,0.6,357.1,168.6,0.8867,0
1350,45.045,56.5,0.9,362.2,166.7,0.8503,0
1351,45.0784,82.9,0.6,365.8,166.2,0.7768,0
1352,45.1117,46.0,0.9,361.6,170.9,0.8802,0
1353,45.1451,54.7,1.1,357.0,167.7,0.9161,0
1354,45.1785,52.6,1.2,359.7,169.4,0.9024,0
1355,45.2118,44.7,1.0,360.7,174.1,0.8855,0
1356,45.2452,44.3,0.0,356.8,169.2,0.8848,0
1357,45.2786,45.3,0.6,357.7,168.4,0.6119,0
1357,45.2786,15.2,0.1,355.4,187.7,0.3358,0
1358,45.3119,70.3,0.6,359.1,167.8,0.9016,0
1359,45.3453,61.7,0.6,359.1,168.8,0.8362,0
1360,45.3787,105.5,0.8,357.2,165.2,0.928,0
1360,45.3787,343.0,204.5,362.1,234.1,0.1036,0
1361,45.412,72.6,0.9,357.2,167.4,0.6452,0
1361,45.412,101.9,0.9,354.0,165.5,0.214,0
1362,45.4454,54.6,0.8,349.8,170.0,0.8967,0
1363,45.4788,60.2,0.6,354.7,172.8,0.818,0
1364,45.5121,57.7,1.2,360.2,170.6,0.6929,0
1364,45.5121,94.8,1.7,356.8,165.9,0.2867,0
1365,45.5455,102.0,1.1,351.6,164.8,0.7647,0
1366,45.5789,102.9,2.0,353.2,164.7,0.7945,0
1366,45.5789,105.4,0.9,351.7,165.9,0.1695,0
1367,45.6122,98.9,2.5,350.0,166.1,0.8325,0
1368,45.6456,95.4,1.1,348.9,166.6,0.8826,0
1369,45.679,86.6,1.4,354.9,166.0,0.8846,0
1370,45.7123,73.3,1.7,356.1,167.2,0.9006,0
1371,45.7457,67.9,1.1,348.6,168.8,0.7932,0
1372,45.7791,87.8,0.6,344.8,166.6,0.9229,0
1373,45.8124,60.0,1.7,354.6,171.5,0.8108,0
1374,45.8458,49.1,0.1,348.5,176.4,0.8783,0
1375,45.8792,72.5,0.4,348.0,172.2,0.8977,0
1376,45.9125,56.8,0.6,350.0,176.5,0.9077,0
1377,45.9459,57.0,0.2,348.2,172.7,0.8745,0
1378,45.9793,77.4,0.7,354.6,170.1,0.8552,0
1379,46.0126,53.5,1.3,356.2,179.5,0.9218,0
1380,46.046,46.7,0.6,353.8,173.5,0.8476,0
1381,46.0794,47.0,2.4,358.2,170.7,0.897,0
1382,46.1127,51.1,0.4,355.1,169.6,0.9145,0
1383,46.1461,55.4,1.0,357.7,171.4,0.9337,0
1384,46.1795,46.0,2.5,357.2,171.6,0.9163,0
1385,46.2128,33.6,1.5,355.6,179.8,0.8127,0
1386,46.2462,52.3,2.6,354.0,168.1,0.8173,0
1387,46.2796,63.9,0.6,352.3,167.3,0.7935,0
1388,46.3129,48.8,0.6,352.7,169.2,0.9116,0
1389,46.3463,51.1,0.0,350.1,165.9,0.5454,0
1389,46.3463,51.5,0.8,350.9,165.4,0.4071,0
1390,46.3797,104.2,0.2,357.4,164.4,0.8166,0
1391,46.413,94.7,0.1,364.1,165.4,0.8224,0
1392,46.4464,75.1,1.0,348.2,170.6,0.8797,0
1393,46.4798,59.4,0.7,349.1,168.5,0.8958,0
1394,46.5131,68.7,0.3,357.7,168.1,0.9011,0
1395,46.5465,107.6,1.0,355.7,165.8,0.9285,0
1396,46.5799,104.9,4.1,352.7,165.6,0.893,0
1397,46.6132,104.7,0.9,355.2,164.9,0.9025,0
1398,46.6466,54.4,0.9,355.4,169.5,0.8457,0
1399,46.68,62.2,0.0,363.7,167.7,0.891,0
1400,46.7133,51.2,2.7,353.9,167.9,0.7963,0
1401,46.7467,56.3,1.3,353.6,169.1,0.9071,0
1402,46.7801,49.6,0.9,354.2,169.8,0.4453,0
1402,46.7801,40.3,1.5,355.3,174.6,0.1484,0
1403,46.8134,46.5,0.6,356.1,170.0,0.8262,0
1404,46.8468,53.2,0.3,351.6,169.7,0.8774,0
1405,46.8802,21.2,0.0,357.1,176.1,0.7778,0
1405,46.8802,45.7,0.0,354.9,169.4,0.5147,0
1406,46.9135,42.4,0.4,357.4,169.2,0.8649,0
1407,46.9469,106.0,1.2,358.7,165.5,0.8813,0
1408,46.9803,70.0,0.8,358.0,168.3,0.182,0
1408,46.9803,99.1,1.1,355.7,165.7,0.1521,0
1409,47.0136,51.0,1.4,355.0,169.6,0.9022,0
1410,47.047,48.9,1.1,354.2,169.7,0.832,0
1411,47.0804,50.6,2.0,371.4,167.8,0.7554,0
1412,47.1137,42.4,8.2,363.4,168.6,0.7188,0
1412,47.1137,25.2,1.2,362.2,178.5,0.3697,0
1413,47.1471,39.7,2.8,359.4,171.3,0.8763,0
1414,47.1805,60.2,1.4,361.9,167.3,0.8999,0
1415,47.2138,94.0,0.9,353.4,167.0,0.8517,0
1416,47.2472,75.5,1.2,354.5,169.2,0.8895,0
1417,47.2806,76.4,0.8,355.7,168.9,0.8954,0
1418,47.3139,99.4,2.6,356.7,167.2,0.7043,0
1419,47.3473,62.5,1.9,360.8,174.0,0.8245,0
1420,47.3807,39.0,0.3,360.7,177.7,0.874,0
1421,47.414,41.1,0.5,360.7,173.4,0.6275,0
1422,47.4474,33.3,0.7,358.6,176.0,0.9041,0
1423,47.4808,45.3,0.8,364.3,171.9,0.9011,0
1424,47.5141,46.6,2.6,372.2,169.5,0.8642,0
1425,47.5475,44.4,0.8,360.5,170.7,0.8709,0
1426,47.5809,53.8,0.7,360.4,169.1,0.9428,0
1427,47.6142,47.9,0.9,361.3,167.2,0.8999,0
1428,47.6476,48.1,1.1,359.9,166.8,0.8445,0
1429,47.681,54.5,0.5,356.9,171.9,0.8166,0
1430,47.7143,42.5,1.2,357.4,171.1,0.867,0
1431,47.7477,49.7,0.8,360.4,171.4,0.9023,0
1432,47.7811,49.9,0.8,366.5,173.0,0.8131,0
1433,47.8144,65.6,1.3,355.4,167.8,0.9312,0
1434,47.8478,99.5,1.7,356.3,166.9,0.9115,0
1435,47.8812,105.6,0.7,364.1,168.9,0.9084,0
1436,47.9145,101.3,1.3,359.7,166.7,0.8792,0
1437,47.9479,84.3,2.0,359.1,169.1,0.7692,0
1438,47.9813,54.6,1.5,356.7,171.2,0.9034,0
1439,48.0146,50.4,1.1,357.2,173.9,0.8696,0
1440,48.048,51.4,0.8,360.9,171.5,0.8522,0
1441,48.0814,89.5,0.3,364.8,167.0,0.7337,0
1442,48.1147,38.9,0.6,369.9,167.6,0.5522,0
1442,48.1147,35.8,0.3,369.3,169.9,0.1315,0
1443,48.1481,47.8,0.8,369.4,166.1,0.5261,0
1443,48.1481,34.0,0.7,369.4,169.5,0.2783,0
1444,48.1815,72.9,0.0,358.1,166.1,0.6599,0
1445,48.2148,118.3,0.7,363.0,163.1,0.8916,0
1446,48.2482,91.8,0.7,371.3,165.3,0.8843,0
1446,48.2482,50.4,1.1,370.9,170.8,0.3965,0
1447,48.2816,47.3,0.7,360.4,172.9,0.9421,0
1448,48.3149,39.5,0.6,353.2,176.1,0.926,0
1449,48.3483,41.0,1.4,356.0,197.0,0.9263,0
1450,48.3817,51.8,0.6,352.6,175.9,0.8924,0
1451,48.415,46.5,0.4,357.0,173.3,0.9231,0
1452,48.4484,49.0,0.0,357.6,172.1,0.9321,0
1453,48.4818,76.4,2.8,354.5,167.0,0.9235,0
1454,48.5151,65.8,0.1,356.1,167.5,0.9258,0
1455,48.5485,45.8,0.4,357.5,167.5,0.9019,0
1456,48.5819,42.6,0.7,360.2,166.3,0.8567,0
1457,48.6152,51.4,0.8,358.3,168.8,0.9258,0
1458,48.6486,49.6,0.3,359.3,169.6,0.8569,0
1459,48.682,40.0,0.0,361.3,169.4,0.9068,0
1460,48.7153,37.5,0.0,355.1,174.2,0.9388,0
1461,48.7487,58.7,0.3,352.5,169.0,0.8951,0
1462,48.7821,51.3,0.9,352.8,170.4,0.8866,0
1463,48.8154,64.8,0.5,344.8,170.1,0.8684,0
1464,48.8488,80.9,0.9,347.7,167.8,0.9136,0
1465,48.8822,57.3,0.1,349.5,168.1,0.9143,0
1466,48.9155,90.9,0.5,350.6,166.7,0.8174,0
1467,48.9489,65.8,2.3,355.4,166.9,0.8509,0
1468,48.9823,83.4,0.8,351.1,165.3,0.8932,0
1469,49.0156,62.0,3.0,357.2,166.7,0.8604,0
1470,49.049,109.5,2.3,357.5,166.4,0.8342,0
1470,49.049,43.0,1.8,360.4,171.2,0.2549,0
1471,49.0824,31.6,0.5,357.4,175.0,0.8487,0
1472,49.1157,41.1,0.0,357.2,171.3,0.7055,0
1473,49.1491,51.9,0.8,359.6,171.4,0.7833,0
1474,49.1825,54.5,1.5,364.1,170.6,0.5902,0
1474,49.1825,33.1,1.3,365.0,175.4,0.3091,0
1475,49.2158,61.6,1.1,362.8,168.1,0.8128,0
1476,49.2492,52.2,1.0,357.0,168.0,0.9382,0
1477,49.2826,51.3,1.1,359.7,167.2,0.8619,0
1478,49.3159,60.2,0.3,358.8,167.6,0.8568,0
1479,49.3493,50.9,0.1,354.3,167.9,0.8456,0
1480,49.3827,50.7,1.0,356.2,169.2,0.701,0
1481,49.416,100.2,0.5,355.3,165.8,0.8669,0
1482,49.4494,97.5,1.2,354.9,166.3,0.7563,0
1483,49.4828,47.1,0.7,356.3,172.2,0.8073,0
1484,49.5161,23.8,0.4,346.6,177.0,0.8372,0
1485,49.5495,31.5,0.5,345.6,175.7,0.8912,0
1486,49.5829,49.0,0.4,347.1,170.6,0.8791,0
1487,49.6162,52.1,0.5,353.9,170.2,0.863,0
1488,49.6496,58.0,0.9,356.9,168.8,0.6585,0
1488,49.6496,93.4,1.3,355.8,167.7,0.3911,0
1489,49.683,111.2,0.9,358.6,174.3,0.7897,0
1490,49.7163,104.6,1.0,354.0,171.3,0.5545,0
1491,49.7497,60.8,2.2,361.0,170.3,0.8879,0
1492,49.7831,58.5,1.6,365.3,175.6,0.8192,0
1493,49.8164,51.4,3.2,362.6,169.3,0.8862,0
1494,49.8498,70.4,1.7,355.9,168.7,0.8632,0
1495,49.8832,60.5,1.5,361.7,170.8,0.347,0
1495,49.8832,89.2,1.8,359.7,168.2,0.1429,0
1496,49.9165,82.6,0.4,365.2,171.6,0.7436,0
1497,49.9499,90.5,4.7,363.9,169.9,0.7744,0
1497,49.9499,31.7,1.4,365.1,174.7,0.1148,0
1498,49.9833,65.2,0.8,356.8,172.8,0.7121,0
1499,50.0166,55.0,0.7,356.0,171.4,0.6439,0
1500,50.05,113.1,1.0,354.0,170.5,0.8697,0
1501,50.0834,62.4,0.3,359.4,178.0,0.4401,0
1502,50.1167,56.5,1.1,360.7,175.8,0.6984,0
1503,50.1501,111.5,0.8,355.7,169.5,0.7126,0
1504,50.1835,47.5,0.5,354.1,177.0,0.7347,0
1505,50.2168,50.5,1.0,354.5,173.9,0.8234,0
1506,50.2502,54.0,0.9,357.4,172.1,0.9133,0
1507,50.2836,49.3,0.3,353.6,171.5,0.7493,0
1508,50.3169,47.3,0.4,352.4,173.7,0.8385,0
1509,50.3503,49.3,0.8,357.4,170.8,0.8486,0
1510,50.3837,106.3,2.4,354.5,178.4,0.8234,0
1511,50.417,99.6,0.8,355.7,196.3,0.4944,0
1512,50.4504,57.7,0.6,359.4,186.9,0.3668,0
1512,50.4504,89.5,0.5,358.1,193.9,0.1322,0
1513,50.4838,61.7,0.7,358.1,194.6,0.862,0
1514,50.5171,90.4,2.7,358.9,184.2,0.3231,0
1515,50.5505,48.5,1.8,358.2,191.8,0.7705,0
1516,50.5839,41.9,1.4,359.5,184.7,0.788,0
1517,50.6172,63.9,1.4,358.1,181.8,0.8819,0
1518,50.6506,47.5,0.8,356.0,174.9,0.8242,0
1519,50.684,51.0,0.7,357.2,189.1,0.8975,0
1520,50.7173,43.6,1.3,362.3,193.7,0.8075,0
1521,50.7507,101.3,0.9,355.7,199.0,0.6746,0
1522,50.7841,48.7,1.3,359.6,195.6,0.6243,0
1523,50.8174,74.5,1.3,356.2,184.0,0.844,0
1524,50.8508,102.4,1.3,356.4,182.1,0.7149,0
1525,50.8842,71.9,0.5,359.8,169.6,0.7344,0
1526,50.9175,83.8,0.0,366.7,175.2,0.5594,0
1527,50.9509,55.9,0.0,365.8,169.2,0.7704,0
1528,50.9843,77.5,1.0,366.5,169.8,0.3792,0
1528,50.9843,52.1,1.4,367.5,171.0,0.1498,0
1529,51.0176,58.2,0.5,350.3,170.7,0.5453,0
1530,51.051,101.9,0.0,352.7,168.3,0.8116,0
1531,51.0844,108.1,0.1,355.0,171.1,0.8685,0
1532,51.1177,95.9,0.7,359.4,176.0,0.8104,0
1532,51.1177,29.4,0.4,343.5,177.4,0.1845,0
1533,51.1511,70.3,0.0,352.5,175.3,0.7741,0
1534,51.1845,96.0,1.0,353.7,172.7,0.1376,0
1534,51.1845,65.1,0.8,355.6,173.0,0.1312,0
1535,51.2178,51.0,0.4,354.8,172.7,0.8515,0
1535,51.2178,22.9,0.3,349.5,177.6,0.1872,0
1536,51.2512,43.8,0.2,356.3,172.1,0.9013,0
1537,51.2846,50.5,0.0,357.4,179.7,0.8914,0
1538,51.3179,46.4,1.1,357.9,169.0,0.9249,0
1539,51.3513,43.4,0.0,359.7,169.9,0.8914,0
1540,51.3847,68.3,0.5,355.2,168.2,0.8974,0
1541,51.418,65.0,1.1,359.7,166.5,0.9202,0
1542,51.4514,93.0,2.9,363.6,166.9,0.8674,0
1543,51.4848,49.3,2.6,373.6,170.2,0.8229,0
1544,51.5181,92.5,0.3,365.3,168.7,0.9222,0
1545,51.5515,113.7,0.5,357.0,164.9,0.9124,0
1546,51.5849,115.0,1.8,355.0,167.3,0.8893,0
1547,51.6182,109.3,1.3,354.9,169.4,0.8651,0
1548,51.6516,62.9,1.7,358.4,169.7,0.5642,0
1549,51.685,42.9,1.0,356.3,174.1,0.8493,0
1550,51.7183,48.6,0.0,352.1,167.8,0.7656,0
1550,51.7183,6.3,0.2,351.6,173.6,0.6156,0
1551,51.7517,49.2,0.8,352.5,168.6,0.9364,0
1552,51.7851,49.7,3.8,351.8,168.0,0.8947,0
1553,51.8184,88.8,0.8,346.7,169.7,0.6644,0
1553,51.8184,118.4,1.8,345.5,166.8,0.1493,0
1554,51.8518,50.2,0.4,348.7,171.2,0.8277,0
1555,51.8852,59.6,0.0,352.7,168.0,0.9353,0
1556,51.9185,53.4,0.5,358.5,167.9,0.9442,0
1557,51.9519,51.0,1.1,354.1,169.4,0.9249,0
1558,51.9853,120.5,0.2,352.8,165.8,0.9223,0
1559,52.0186,116.8,0.6,353.6,168.1,0.9103,0
1560,52.052,80.2,0.4,357.0,169.0,0.6109,0
1560,52.052,102.6,0.3,355.2,166.9,0.1358,0
1561,52.0854,104.0,0.0,349.0,167.5,0.769,0
1562,52.1187,105.4,0.9,353.6,167.0,0.7097,0
1562,52.1187,78.8,0.6,355.7,171.1,0.1489,0
1563,52.1521,108.5,2.0,355.0,166.2,0.7926,0
1564,52.1855,110.4,0.7,358.5,165.4,0.9066,0
1565,52.2188,96.9,1.1,363.3,166.1,0.826,0
1566,52.2522,91.5,0.9,368.1,166.4,0.9181,0
1567,52.2856,70.0,1.4,359.1,169.2,0.7077,0
1568,52.3189,102.0,0.8,354.7,165.8,0.8681,0
1569,52.3523,102.3,3.6,356.3,164.8,0.9026,0
1570,52.3857,71.3,0.4,356.3,167.1,0.8287,0
1571,52.419,104.4,0.0,352.9,164.7,0.8991,0
1572,52.4524,74.3,0.6,351.7,167.5,0.8966,0
1573,52.4858,98.8,1.1,357.6,166.1,0.8933,0
1574,52.5191,75.7,1.3,357.4,167.9,0.6968,0
1575,52.5525,104.2,0.0,358.5,168.7,0.8719,0
1576,52.5859,70.9,0.0,363.8,168.0,0.9364,0
1577,52.6192,65.2,0.9,369.6,168.4,0.9264,0
1578,52.6526,57.9,0.6,359.4,168.3,0.8686,0
1579,52.686,64.2,0.6,363.1,168.3,0.8928,0
1580,52.7193,68.0,0.7,351.2,168.4,0.7915,0
1581,52.7527,45.0,0.1,357.2,169.1,0.9052,0
1582,52.7861,67.8,1.2,360.2,167.1,0.769,0
1583,52.8194,56.5,0.0,353.8,167.3,0.8875,0
1584,52.8528,52.0,0.1,355.0,167.3,0.8755,0
1584,52.8528,18.9,0.0,347.4,180.0,0.1844,0
1585,52.8862,99.7,0.0,353.4,166.3,0.4009,0
1585,52.8862,74.1,0.0,355.1,168.2,0.1371,0
1586,52.9195,74.3,1.8,354.1,167.2,0.89,0
1587,52.9529,63.3,2.1,351.6,169.8,0.7997,0
1588,52.9863,61.7,1.8,357.0,168.3,0.8023,0
1589,53.0196,99.0,2.0,355.5,165.8,0.408,0
1590,53.053,47.8,0.5,361.9,168.6,0.7815,0
1591,53.0864,40.5,0.8,354.8,169.8,0.8806,0
1592,53.1197,99.2,0.4,354.6,163.7,0.6264,0
1592,53.1197,68.1,0.6,356.5,166.1,0.1464,0
1593,53.1531,66.7,1.6,360.6,166.1,0.7949,0
1594,53.1865,53.3,0.0,368.9,169.2,0.8927,0
1595,53.2198,56.2,0.5,367.7,169.0,0.9164,0
1596,53.2532,45.8,0.2,365.3,169.6,0.9189,0
1597,53.2866,47.8,2.2,375.5,169.0,0.9418,0
1598,53.3199,95.5,4.7,366.5,166.6,0.8579,0
1599,53.3533,77.3,2.0,357.4,168.5,0.9154,0
1600,53.3867,99.4,2.4,362.1,165.6,0.9034,0
1601,53.42,38.8,1.5,370.5,168.6,0.8537,0
1602,53.4534,39.0,0.0,379.5,169.1,0.9304,0
1603,53.4868,52.6,1.4,382.8,169.6,0.9366,0
1604,53.5201,43.4,1.6,382.8,166.1,0.8747,0
1605,53.5535,59.3,0.0,366.2,165.5,0.8834,0
1606,53.5869,110.4,3.1,358.7,164.1,0.8307,0
1607,53.6202,55.9,0.0,359.6,168.2,0.9325,0
1608,53.6536,59.0,0.2,362.6,168.3,0.9487,0
1609,53.687,66.4,2.9,360.4,168.8,0.9476,0
1610,53.7203,61.7,2.6,371.6,168.0,0.9443,0
1611,53.7537,59.4,2.2,383.5,169.1,0.9369,0
1612,53.7871,73.1,3.2,377.3,166.6,0.9292,0
1613,53.8204,68.2,0.9,373.8,168.8,0.933,0
1614,53.8538,66.8,0.9,369.9,167.5,0.9203,0
1615,53.8872,73.9,0.8,355.6,167.4,0.9297,0
1615,53.8872,66.0,0.7,183.9,172.9,0.2554,0
1616,53.9205,112.4,0.3,365.1,164.8,0.8949,0
1617,53.9539,103.5,0.0,368.1,164.2,0.9055,0
1618,53.9873,90.3,0.5,368.3,166.8,0.9368,0
1619,54.0206,67.5,0.4,362.3,168.8,0.9202,0
1620,54.054,61.0,0.0,362.2,168.3,0.9275,0
1621,54.0874,59.2,1.8,361.5,167.7,0.9361,0
1622,54.1207,62.8,0.3,358.8,168.4,0.9347,0
1623,54.1541,56.8,0.2,358.7,169.0,0.9375,0
1624,54.1875,57.1,0.0,357.7,168.8,0.9397,0
1625,54.2208,84.8,5.1,362.8,164.0,0.8802,0
1626,54.2542,57.9,4.4,366.8,167.6,0.9275,0
1627,54.2876,54.8,0.7,379.0,167.2,0.9332,0
1628,54.3209,51.7,0.2,382.4,167.9,0.9036,0
1629,54.3543,45.6,1.2,369.6,169.4,0.7811,0
1629,54.3543,81.1,0.8,365.0,168.1,0.3136,0
1630,54.3877,46.4,0.8,367.5,168.7,0.9059,0
1631,54.421,55.4,0.8,356.4,169.0,0.9339,0
1632,54.4544,51.2,0.0,357.7,167.9,0.9207,0
1633,54.4878,50.1,1.8,357.4,167.3,0.9339,0
1634,54.5211,51.0,1.3,362.8,166.7,0.9393,0
1635,54.5545,50.2,0.2,357.6,167.0,0.9074,0
1636,54.5879,53.9,0.0,357.9,168.9,0.8951,0
1637,54.6212,48.4,0.5,352.6,170.1,0.8968,0
1638,54.6546,45.8,0.2,361.8,168.6,0.9242,0
1639,54.688,43.6,0.2,371.4,167.6,0.8308,0
1639,54.688,81.4,0.0,366.3,165.3,0.4011,0
1640,54.7213,48.1,0.7,367.9,168.1,0.93,0
1641,54.7547,55.6,1.5,368.9,168.4,0.8369,0
1642,54.7881,89.1,0.8,367.5,168.2,0.8635,0
1642,54.7881,254.2,204.9,284.8,232.7,0.1168,0
1643,54.8214,87.6,1.2,378.3,169.6,0.9276,0
1643,54.8214,0.0,28.7,87.8,262.6,0.1507,1
1643,54.8214,254.7,204.3,284.3,231.9,0.1432,0
1644,54.8548,69.8,1.6,361.7,171.2,0.9109,0
1645,54.8882,62.2,1.0,364.4,167.2,0.7755,0
1645,54.8882,90.0,1.9,359.8,164.5,0.1397,0
1646,54.9215,48.3,0.1,363.9,166.4,0.918,0
1647,54.9549,42.7,1.4,356.7,171.7,0.9193,0
1648,54.9883,43.7,0.1,363.1,167.9,0.9271,0
1649,55.0216,94.6,2.0,369.2,165.3,0.9092,0
1650,55.055,101.5,4.9,365.1,163.6,0.8991,0
1651,55.0884,52.0,2.5,365.8,168.2,0.925,0
1652,55.1217,65.8,1.4,368.8,164.6,0.767,0
1653,55.1551,57.2,2.0,357.5,166.1,0.9346,0
1654,55.1885,51.5,0.4,364.1,166.3,0.9313,0
1655,55.2218,74.6,1.6,353.2,167.5,0.9025,0
1656,55.2552,64.4,1.7,357.3,166.5,0.9167,0
1657,55.2886,70.1,3.3,359.7,167.8,0.8765,0
1658,55.3219,56.6,1.7,360.5,168.4,0.9159,0
1659,55.3553,48.3,2.9,357.7,169.4,0.8728,0
1660,55.3887,47.9,0.0,354.4,169.1,0.8832,0
1661,55.422,61.9,0.6,358.7,168.9,0.8995,0
1662,55.4554,54.5,1.6,356.5,168.6,0.8708,0
1663,55.4888,55.9,0.0,355.6,170.3,0.9387,0
1664,55.5221,43.3,0.4,359.3,187.0,0.3861,0
1664,55.5221,46.3,0.0,358.3,177.0,0.2324,0
1665,55.5555,55.9,0.9,359.9,169.3,0.8701,0
1666,55.5889,78.6,0.9,349.7,168.6,0.8909,0
1667,55.6222,45.3,0.9,358.4,177.3,0.9295,0
1668,55.6556,50.5,1.3,352.0,173.7,0.8913,0
1669,55.689,46.4,2.4,356.9,175.4,0.8972,0
1670,55.7223,46.2,0.6,363.8,174.3,0.9139,0
1671,55.7557,68.6,0.9,374.2,168.9,0.8529,0
1672,55.7891,54.8,0.4,378.3,166.0,0.1198,0
1672,55.7891,49.1,1.2,379.5,165.7,0.1026,0
1673,55.8224,50.0,0.6,373.7,171.2,0.8927,0
1674,55.8558,44.7,0.2,357.9,169.5,0.9243,0
1675,55.8892,46.2,0.5,358.4,168.3,0.9316,0
1676,55.9225,42.9,1.1,369.3,171.3,0.862,0
1677,55.9559,50.8,1.3,370.5,175.2,0.9297,0
1678,55.9893,47.1,0.2,363.6,172.9,0.9345,0
1679,56.0226,47.5,0.8,360.9,174.9,0.8943,0
1680,56.056,57.1,0.4,353.9,172.0,0.8485,0
1681,56.0894,44.6,1.9,358.2,172.8,0.8105,0
1682,56.1227,44.9,0.4,355.9,172.2,0.9261,0
1683,56.1561,96.3,0.3,363.3,170.0,0.8454,0
1684,56.1895,98.0,1.1,370.1,167.9,0.8995,0
1685,56.2228,76.7,0.8,366.4,167.0,0.8728,0
1686,56.2562,82.3,0.2,367.2,166.2,0.906,0
1686,56.2562,256.9,204.1,284.0,229.6,0.102,0
1687,56.2896,56.9,1.2,372.2,172.5,0.7513,0
1687,56.2896,256.4,204.0,284.0,229.4,0.1176,0
1688,56.3229,65.9,1.3,375.3,172.3,0.7856,0
1689,56.3563,84.9,1.0,363.1,171.2,0.8754,0
1690,56.3897,53.8,0.9,362.0,169.4,0.8787,0
1691,56.423,44.1,0.1,368.4,169.5,0.8689,0
1692,56.4564,93.2,1.0,359.3,167.8,0.6966,0
1693,56.4898,111.4,1.5,356.3,166.9,0.8196,0
1694,56.5231,63.4,0.9,351.0,169.5,0.7705,0
1695,56.5565,50.2,0.5,351.6,171.9,0.9042,0
1696,56.5899,57.5,1.1,352.2,175.0,0.7947,0
1697,56.6232,51.7,1.5,353.3,173.0,0.5954,0
1698,56.6566,71.2,2.0,368.2,177.7,0.1788,0
1699,56.69,84.6,0.9,367.8,173.6,0.7535,0
1700,56.7233,97.3,1.6,361.5,171.8,0.8709,0
1701,56.7567,87.5,0.5,361.7,177.1,0.7273,0
1702,56.7901,72.1,1.4,367.0,178.1,0.4376,0
1703,56.8234,66.4,1.2,353.7,180.1,0.6498,0
1704,56.8568,56.4,0.8,355.5,186.3,0.6795,0
1705,56.8902,47.7,1.7,361.8,189.8,0.7533,0
1706,56.9235,78.4,0.3,366.9,176.2,0.6155,0
1707,56.9569,45.7,0.7,391.3,177.1,0.8407,0
1708,56.9903,49.5,0.3,388.7,177.3,0.8262,0
1709,57.0236,42.1,0.5,379.4,179.7,0.7961,0
1710,57.057,43.3,1.0,387.9,194.8,0.5865,0
1710,57.057,71.5,0.0,382.7,192.8,0.1089,0
1711,57.0904,55.5,0.7,359.5,201.8,0.6294,0
1712,57.1237,86.8,1.4,362.9,183.4,0.8309,0
1713,57.1571,104.5,1.0,356.0,182.7,0.876,0
1714,57.1905,109.6,1.6,355.7,176.1,0.894,0
1715,57.2238,104.2,1.1,358.4,169.0,0.8572,0
1716,57.2572,93.3,0.5,361.5,190.5,0.6873,0
1717,57.2906,105.1,1.4,354.0,178.6,0.5557,0
1718,57.3239,44.9,0.0,356.1,172.0,0.832,0
1719,57.3573,46.9,1.0,370.0,174.6,0.7678,0
1720,57.3907,60.9,1.5,376.1,180.0,0.7069,0
1721,57.424,52.1,0.8,357.9,172.3,0.8853,0
1722,57.4574,91.8,0.7,362.2,169.8,0.7607,0
1723,57.4908,41.6,0.6,364.2,171.7,0.4402,0
1724,57.5241,43.0,0.7,357.6,170.3,0.808,0
1725,57.5575,50.4,0.7,354.8,171.2,0.7257,0
1726,57.5909,63.6,0.9,356.2,170.2,0.884,0
1727,57.6242,63.5,0.4,358.3,167.9,0.8982,0
1728,57.6576,61.3,0.0,354.8,167.6,0.8929,0
1729,57.691,62.7,0.4,356.7,168.3,0.899,0
1730,57.7243,104.1,2.2,355.1,165.1,0.9019,0
1731,57.7577,105.6,0.7,356.3,164.9,0.9019,0
1732,57.7911,73.6,1.4,352.9,167.6,0.8786,0
1733,57.8244,60.8,2.7,355.3,168.2,0.9228,0
1734,57.8578,63.2,1.6,354.9,171.7,0.9248,0
1735,57.8912,64.4,1.0,355.5,167.2,0.8721,0
1736,57.9245,56.0,0.7,363.0,167.4,0.873,0
1737,57.9579,55.9,1.6,365.8,168.1,0.8065,0
1738,57.9913,66.5,0.0,351.0,167.0,0.9407,0
1739,58.0246,64.3,0.0,351.5,169.2,0.9369,0
1740,58.058,56.8,0.1,355.3,169.9,0.9249,0
1741,58.0914,107.8,0.8,355.9,165.2,0.887,0
1742,58.1247,122.7,1.4,351.8,164.9,0.7578,0
1743,58.1581,125.4,0.7,349.0,165.8,0.8881,0
1744,58.1915,121.3,0.1,355.2,165.2,0.9194,0
1745,58.2248,51.2,2.2,369.8,170.8,0.7499,0
1746,58.2582,109.7,5.0,366.9,168.2,0.8324,0
1747,58.2916,110.8,1.4,354.2,168.1,0.8796,0
1748,58.3249,107.3,1.6,356.3,167.9,0.8861,0
1749,58.3583,49.7,0.5,367.8,178.8,0.8519,0
1750,58.3917,95.6,9.5,362.3,167.0,0.8022,0
1751,58.425,54.0,2.9,360.4,168.4,0.85,0
1752,58.4584,49.0,3.0,359.3,169.0,0.8828,0
1753,58.4918,62.4,0.8,351.8,168.9,0.8958,0
1754,58.5251,74.5,0.9,351.1,167.5,0.8896,0
1755,58.5585,56.4,0.7,355.5,171.1,0.864,0
1756,58.5919,71.0,0.3,358.7,171.5,0.8993,0
1757,58.6252,54.5,1.1,359.5,169.1,0.9211,0
1758,58.6586,49.2,1.1,358.4,170.3,0.9232,0
1759,58.692,52.1,1.1,354.6,168.5,0.9119,0
1760,58.7253,50.7,1.3,356.0,170.1,0.9269,0
1761,58.7587,63.2,2.7,350.6,172.1,0.8506,0
1762,58.7921,55.1,0.4,347.3,171.1,0.8884,0
1763,58.8254,56.2,0.0,345.5,169.0,0.9294,0
1764,58.8588,55.0,0.0,350.3,169.0,0.9263,0
1765,58.8922,58.6,1.7,350.9,169.8,0.8978,0
1766,58.9255,58.1,1.4,347.6,168.8,0.9211,0
1767,58.9589,57.8,2.7,355.8,168.0,0.9449,0
1768,58.9923,65.3,2.2,359.8,167.9,0.9321,0
1769,59.0256,63.0,0.6,350.7,167.4,0.9428,0
1770,59.059,64.8,1.3,353.5,167.9,0.9379,0
1771,59.0924,83.8,2.0,352.0,168.9,0.8742,0
1772,59.1257,65.4,1.0,345.9,170.7,0.9281,0
1773,59.1591,82.1,0.7,345.4,167.5,0.9096,0
1774,59.1925,66.4,0.0,344.5,169.6,0.9438,0
1775,59.2258,62.5,0.1,349.1,171.4,0.9411,0
1776,59.2592,63.4,0.4,352.2,168.7,0.9431,0
1777,59.2926,63.7,0.3,347.2,168.3,0.924,0
1778,59.3259,59.0,0.2,349.4,171.0,0.9325,0
1779,59.3593,62.8,0.2,351.0,171.8,0.9296,0
1780,59.3927,60.4,0.0,351.4,169.9,0.9039,0
1781,59.426,54.1,0.1,350.9,168.1,0.9224,0
1782,59.4594,58.7,0.2,353.8,169.2,0.9134,0
1783,59.4928,47.4,0.6,357.9,168.0,0.9398,0
1784,59.5261,49.9,0.2,350.7,167.7,0.9429,0
1785,59.5595,60.8,0.6,349.3,169.7,0.8756,0
1786,59.5929,55.6,0.6,351.6,169.0,0.8972,0
1787,59.6262,55.1,3.3,352.1,169.2,0.7593,0
1788,59.6596,56.9,1.6,350.7,169.8,0.9054,0
1789,59.693,53.3,2.0,348.8,170.4,0.4585,0
1790,59.7263,63.8,0.0,347.6,171.8,0.9258,0
1791,59.7597,50.7,0.0,347.9,169.2,0.9392,0
1792,59.7931,42.5,0.1,349.9,170.8,0.9036,0
1793,59.8264,53.7,0.6,352.9,168.1,0.9107,0
1794,59.8598,102.3,0.5,352.2,167.4,0.9326,0
1795,59.8932,90.1,1.1,348.4,167.9,0.9057,0
1796,59.9265,75.5,0.8,356.7,167.2,0.92,0
1797,59.9599,75.3,0.4,343.3,166.9,0.93,0
1798,59.9933,67.6,1.0,345.0,168.9,0.9,0
1799,60.0266,57.3,0.6,351.4,169.4,0.9441,0
1800,60.06,76.5,1.3,353.8,171.3,0.8827,0
1801,60.0934,51.0,0.4,353.7,173.5,0.9094,0
1802,60.1267,59.2,0.5,355.5,174.7,0.9354,0
1803,60.1601,65.9,0.0,354.4,169.6,0.9014,0
1804,60.1935,67.9,0.0,348.5,170.2,0.9199,0
1805,60.2268,60.1,0.0,347.0,169.8,0.9311,0
1806,60.2602,119.5,1.4,351.8,165.1,0.8836,0
1807,60.2936,48.4,1.2,358.5,171.5,0.6678,0
1808,60.3269,98.2,0.0,358.0,169.2,0.7477,0
1809,60.3603,97.1,0.7,358.5,167.4,0.8294,0
1810,60.3937,59.5,0.8,350.6,168.1,0.9113,0
1811,60.427,83.5,0.6,357.7,166.0,0.8935,0
1812,60.4604,47.2,1.2,365.1,167.9,0.8014,0
1813,60.4938,50.3,0.7,362.7,168.0,0.7993,0
1813,60.4938,84.3,0.2,360.7,166.5,0.2324,0
1814,60.5271,88.0,0.4,371.8,166.9,0.9023,0
1814,60.5271,47.8,1.3,373.0,170.0,0.1513,0
1815,60.5605,78.1,1.1,376.4,167.9,0.7154,0
1815,60.5605,32.3,1.4,374.4,173.9,0.4943,0
1816,60.5939,46.9,1.3,374.4,177.3,0.7101,0
1817,60.6272,84.1,0.0,367.5,168.8,0.2437,0
1817,60.6272,67.1,1.3,369.6,171.7,0.1137,0
1818,60.6606,102.4,0.7,365.1,166.9,0.9254,0
1819,60.694,90.6,0.1,379.2,172.4,0.8957,0
1820,60.7273,60.7,0.9,386.0,170.5,0.6908,0
1821,60.7607,51.5,5.2,360.3,169.3,0.7459,0
1822,60.7941,51.7,0.8,363.2,169.3,0.8422,0
1823,60.8274,54.9,1.3,363.6,171.0,0.7746,0
1824,60.8608,106.1,1.3,367.1,171.0,0.8079,0
1825,60.8942,86.4,1.8,369.0,166.8,0.8532,0
1826,60.9275,92.0,0.5,366.7,166.6,0.801,0
1827,60.9609,75.9,0.5,379.7,172.2,0.7634,0
1828,60.9943,111.8,0.0,360.9,166.7,0.8615,0
1829,61.0276,51.3,0.0,364.9,167.5,0.8828,0
1830,61.061,55.5,0.8,369.7,167.2,0.826,0
1831,61.0944,101.8,0.0,369.9,167.0,0.9167,0
1832,61.1277,68.7,0.2,368.1,168.3,0.9211,0
1833,61.1611,60.9,0.7,366.7,168.0,0.8664,0
1834,61.1945,84.4,1.1,365.8,166.4,0.8874,0
1835,61.2278,97.9,1.3,359.8,166.8,0.8883,0
1836,61.2612,95.7,1.1,367.4,167.1,0.8837,0
1837,61.2946,99.7,0.5,368.3,170.1,0.8728,0
1838,61.3279,51.8,0.9,368.6,174.5,0.6807,0
1838,61.3279,75.2,0.0,367.4,172.6,0.3378,0
1839,61.3613,80.4,0.1,375.7,169.7,0.8569,0
1840,61.3947,65.9,1.1,359.8,168.6,0.871,0
1841,61.428,64.1,0.0,361.3,169.6,0.9036,0
1842,61.4614,82.4,0.8,374.1,166.5,0.5108,0
1842,61.4614,57.8,1.5,377.0,169.4,0.4419,0
1843,61.4948,99.0,0.2,369.8,167.5,0.9122,0
1844,61.5281,79.8,0.9,349.8,168.6,0.8561,0
1845,61.5615,59.6,1.2,355.0,174.7,0.7032,0
1846,61.5949,96.5,0.2,360.7,166.7,0.869,0
1847,61.6282,111.9,0.0,362.5,166.7,0.7288,0
1847,61.6282,116.4,0.0,362.2,165.9,0.3831,0
1848,61.6616,104.6,0.0,354.6,168.3,0.8427,0
1849,61.695,105.7,1.7,352.7,167.9,0.9018,0
1850,61.7283,70.4,2.9,356.7,170.6,0.7802,0
1851,61.7617,43.2,0.4,363.7,173.6,0.8892,0
1852,61.7951,50.7,0.0,358.5,169.9,0.7885,0
1853,61.8284,58.8,1.2,358.2,171.3,0.8357,0
1854,61.8618,47.4,0.1,364.4,174.0,0.8286,0
1855,61.8952,43.7,0.3,366.6,170.6,0.8646,0
1856,61.9285,48.8,0.7,359.4,168.7,0.8633,0
1857,61.9619,21.8,0.5,359.6,173.1,0.5845,0
1857,61.9619,368.3,239.7,393.9,272.0,0.1086,0
1858,61.9953,25.5,0.6,365.1,173.8,0.8569,0
1859,62.0286,68.5,0.8,358.7,170.3,0.8571,0
1860,62.062,53.5,1.0,363.3,171.3,0.7278,0
1861,62.0954,44.7,0.0,357.7,172.6,0.6014,0
1862,62.1287,40.7,0.8,367.7,171.5,0.8417,0
1863,62.1621,101.3,0.9,362.9,169.8,0.9075,0
1864,62.1955,99.4,0.7,357.3,167.6,0.8975,0
1865,62.2288,53.9,1.1,357.5,170.0,0.9303,0
1866,62.2622,89.9,0.7,352.0,168.8,0.8064,0
1867,62.2956,96.0,0.7,359.9,165.9,0.8608,0
1868,62.3289,88.4,1.6,367.5,166.6,0.8743,0
1869,62.3623,62.1,0.3,373.2,168.4,0.8297,0
1870,62.3957,49.7,1.0,367.2,173.3,0.7736,0
1871,62.429,48.6,1.7,359.4,169.8,0.8394,0
1872,62.4624,45.3,0.7,359.7,175.0,0.9013,0
1872,62.4624,256.5,203.0,285.5,231.1,0.1347,0
1873,62.4958,63.3,1.0,357.0,171.8,0.8874,0
1874,62.5291,60.4,1.2,362.4,173.0,0.9302,0
1874,62.5291,256.6,202.8,285.2,231.0,0.113,0
1875,62.5625,59.9,0.9,360.9,173.0,0.9252,0
1876,62.5959,66.1,1.0,363.7,171.3,0.9368,0
1877,62.6292,60.9,0.5,367.7,173.8,0.8851,0
1878,62.6626,74.2,0.0,378.3,173.8,0.8308,0
1879,62.696,82.5,0.1,380.9,171.8,0.5754,0
1880,62.7293,70.8,0.0,351.3,170.0,0.8849,0
1881,62.7627,55.1,0.5,359.8,169.9,0.896,0
1882,62.7961,45.6,0.7,362.3,173.8,0.6722,0
1883,62.8294,53.4,0.6,357.3,178.0,0.841,0
1884,62.8628,50.8,1.7,360.7,171.1,0.9216,0
1885,62.8962,58.9,1.3,359.5,170.3,0.8674,0
1886,62.9295,54.4,0.9,364.1,171.5,0.8639,0
1887,62.9629,85.8,1.6,361.5,170.5,0.2974,0
1887,62.9629,56.1,1.6,365.5,171.6,0.1865,0
1888,62.9963,84.2,1.4,352.6,169.9,0.7685,0
1889,63.0296,50.1,1.3,354.5,170.5,0.8908,0
1890,63.063,98.2,1.0,355.2,169.0,0.8689,0
1891,63.0964,59.6,1.2,363.1,169.9,0.8938,0
1892,63.1297,48.4,1.7,365.8,171.5,0.8359,0
1893,63.1631,99.4,0.9,370.4,167.0,0.9072,0
1894,63.1965,76.2,1.9,376.1,168.2,0.8483,0
1894,63.1965,26.5,2.6,385.8,173.1,0.1698,0
1895,63.2298,46.0,0.0,374.2,169.0,0.9065,0
1896,63.2632,44.5,0.5,361.6,172.9,0.8705,0
1897,63.2966,36.0,0.7,363.0,176.6,0.7993,0
1897,63.2966,42.2,0.8,366.4,172.7,0.1767,0
1898,63.3299,35.8,0.2,366.3,180.5,0.8861,0
1899,63.3633,42.9,1.0,364.4,172.1,0.9134,0
1900,63.3967,46.8,0.6,364.1,170.4,0.8726,0
1901,63.43,38.8,0.5,364.3,174.4,0.9162,0
1902,63.4634,43.4,1.6,367.9,172.9,0.922,0
1903,63.4968,55.8,0.3,360.7,171.0,0.918,0
1904,63.5301,52.7,0.9,361.1,169.4,0.9244,0
1905,63.5635,99.8,0.7,360.0,167.1,0.9068,0
1906,63.5969,46.4,0.0,362.5,170.0,0.909,0
1907,63.6302,69.3,1.5,361.4,169.0,0.661,0
1908,63.6636,53.8,0.6,359.7,171.2,0.9256,0
1909,63.697,45.5,0.5,360.5,173.9,0.8758,0
1910,63.7303,47.5,0.4,359.3,171.9,0.7521,0
1910,63.7303,23.7,1.2,361.3,177.3,0.2323,0
1911,63.7637,93.1,1.4,359.6,167.8,0.5242,0
1912,63.7971,57.9,2.1,363.8,169.0,0.8358,0
1913,63.8304,43.9,0.3,364.2,170.3,0.8302,0
1914,63.8638,57.8,0.0,351.1,170.0,0.8555,0
1915,63.8972,64.5,1.2,357.1,169.6,0.9288,0
1916,63.9305,68.9,0.9,358.1,168.5,0.3641,0
1917,63.9639,43.6,0.8,357.5,168.9,0.9201,0
1918,63.9973,46.1,1.1,352.2,170.7,0.8404,0
1919,64.0306,56.8,2.2,356.7,168.9,0.9094,0
1920,64.064,49.2,1.0,355.1,169.3,0.8945,0
1921,64.0974,55.3,2.2,357.2,171.1,0.7662,0
1922,64.1307,49.0,1.2,360.7,170.1,0.8632,0
1923,64.1641,59.2,2.4,359.2,169.2,0.8832,0
1924,64.1975,65.1,0.5,364.5,168.0,0.9094,0
1925,64.2308,99.5,0.9,364.9,165.2,0.9194,0
1926,64.2642,54.0,0.6,364.0,169.7,0.7585,0
1926,64.2642,86.0,0.5,361.5,166.3,0.1785,0
1927,64.2976,105.1,0.0,352.1,164.7,0.7246,0
1927,64.2976,103.7,0.5,353.3,164.2,0.53,0
1928,64.3309,66.5,1.1,358.6,169.7,0.9283,0
1929,64.3643,67.3,1.5,361.8,167.9,0.8506,0
1930,64.3977,77.5,1.1,363.0,167.4,0.8792,0
1931,64.431,65.7,0.9,365.2,168.7,0.9243,0
1932,64.4644,96.5,0.0,357.6,166.1,0.9188,0
1933,64.4978,95.3,0.0,358.3,168.5,0.7222,0
1934,64.5311,76.4,0.5,359.4,168.1,0.9194,0
1935,64.5645,98.0,0.4,357.0,167.6,0.9066,0
1936,64.5979,64.5,0.2,357.1,167.7,0.9203,0
1937,64.6312,58.7,0.6,361.0,168.1,0.9047,0
1938,64.6646,53.9,0.4,362.8,169.2,0.9108,0
1939,64.698,37.3,0.1,359.6,173.8,0.8963,0
1940,64.7313,48.1,1.0,358.1,168.8,0.9002,0
1941,64.7647,37.8,0.0,364.6,169.4,0.8547,0
1942,64.7981,102.0,1.6,359.1,167.7,0.8508,0
1943,64.8314,89.1,0.6,362.2,166.7,0.8817,0
1944,64.8648,50.3,0.8,368.5,169.8,0.9124,0
1945,64.8982,47.4,0.5,359.3,170.9,0.9063,0
1946,64.9315,62.1,0.9,357.3,169.2,0.9384,0
1947,64.9649,45.6,1.2,361.2,174.2,0.9271,0
1948,64.9983,52.7,0.3,360.2,171.0,0.9083,0
1949,65.0316,35.5,0.6,357.3,174.2,0.8643,0
1950,65.065,58.2,1.3,354.5,169.3,0.8667,0
1951,65.0984,71.2,1.2,357.0,168.5,0.3747,0
1952,65.1317,69.2,1.0,358.1,168.8,0.4132,0
1952,65.1317,99.7,1.0,354.5,167.4,0.1876,0
1953,65.1651,56.1,0.6,358.5,168.7,0.896,0
1953,65.1651,256.5,200.8,284.6,228.2,0.1215,0
1954,65.1985,56.1,0.4,350.0,167.7,0.8952,0
1955,65.2318,47.8,0.0,356.8,168.8,0.8355,0
1956,65.2652,52.1,0.1,357.9,170.8,0.8628,0
1957,65.2986,46.7,0.3,358.1,168.9,0.8995,0
1958,65.3319,52.1,0.8,362.4,171.3,0.9296,0
1959,65.3653,74.1,0.0,375.6,169.5,0.7997,0
1960,65.3987,89.6,0.1,367.9,169.5,0.8231,0
1961,65.432,69.7,1.4,360.5,168.8,0.8924,0
1962,65.4654,77.5,1.1,357.2,166.9,0.8694,0
1963,65.4988,67.3,1.5,360.2,169.7,0.8527,0
1964,65.5321,60.2,0.2,363.4,169.5,0.8891,0
1965,65.5655,49.5,0.0,367.1,170.5,0.8838,0
1966,65.5989,59.2,0.4,362.7,172.3,0.8385,0
1967,65.6322,98.6,0.2,358.4,167.5,0.8871,0
1968,65.6656,86.5,0.8,367.5,168.7,0.8816,0
1969,65.699,59.7,0.8,360.5,168.6,0.7823,0
1970,65.7323,98.4,3.6,356.6,165.2,0.6766,0
1970,65.7323,255.9,202.9,285.3,229.9,0.1167,0
1971,65.7657,78.9,0.3,369.0,169.3,0.8438,0
1972,65.7991,49.7,0.0,357.3,174.0,0.9338,0
1972,65.7991,255.7,202.8,285.0,231.1,0.1827,0
1973,65.8324,58.9,1.6,360.2,170.4,0.8816,0
1973,65.8324,255.7,202.7,285.1,230.6,0.2104,0
1974,65.8658,56.6,0.6,363.3,173.6,0.7956,0
1974,65.8658,255.9,202.6,285.2,230.6,0.1841,0
1975,65.8992,97.3,0.0,359.2,169.0,0.7592,0
1975,65.8992,256.0,202.7,285.2,230.6,0.1728,0
1976,65.9325,74.2,0.9,354.8,168.7,0.5436,0
1976,65.9325,256.0,202.6,285.2,229.8,0.1565,0
1976,65.9325,102.8,1.0,352.8,167.1,0.1287,0
1977,65.9659,104.9,0.9,354.2,166.4,0.8054,0
1977,65.9659,256.1,202.2,285.3,230.2,0.1683,0
1978,65.9993,103.1,0.4,356.1,168.3,0.8537,0
1978,65.9993,256.0,202.3,285.3,230.2,0.143,0
1979,66.0326,48.7,1.3,357.5,175.6,0.7132,0
1979,66.0326,256.0,202.3,285.4,230.6,0.1826,0
1980,66.066,49.5,0.3,350.2,172.0,0.912,0
1980,66.066,256.0,201.2,285.7,227.3,0.179,0
1981,66.0994,44.1,0.0,354.3,172.4,0.2934,0
1982,66.1327,36.9,0.5,356.7,176.9,0.6014,0
1983,66.1661,45.6,0.0,360.2,169.7,0.9084,0
1984,66.1995,96.0,3.9,355.7,166.6,0.4966,0
1984,66.1995,375.6,240.2,399.9,272.0,0.1031,0
1985,66.2328,55.4,0.5,357.3,169.7,0.4007,0
1985,66.2328,93.5,0.4,355.0,166.8,0.1187,0
1986,66.2662,49.4,1.7,358.3,170.7,0.8378,0
1987,66.2996,43.6,1.3,365.3,168.9,0.8733,0
1988,66.3329,51.2,2.3,370.8,170.8,0.6236,0
1988,66.3329,79.4,3.1,369.0,167.8,0.3197,0
1989,66.3663,86.1,4.7,372.8,165.6,0.807,0
1990,66.3997,111.5,0.5,378.9,165.3,0.8206,0
1991,66.433,95.4,1.5,375.2,166.1,0.7775,0
1991,66.433,371.7,202.2,417.7,272.0,0.1457,0
1992,66.4664,104.3,0.4,360.6,166.5,0.6541,0
1993,66.4998,56.7,1.2,355.8,169.7,0.3552,0
1994,66.5331,53.1,1.0,359.5,173.7,0.559,0
1995,66.5665,86.0,0.7,367.5,172.8,0.7931,0
1996,66.5999,97.1,0.0,369.0,169.9,0.8544,0
1997,66.6332,101.1,0.0,356.7,167.1,0.908,0
1998,66.6666,108.1,1.0,351.2,167.6,0.8399,0
1999,66.7,104.7,0.1,355.1,167.7,0.8778,0
2000,66.7333,43.1,0.0,354.4,171.4,0.9076,0
2001,66.7667,103.1,0.3,358.5,167.4,0.938,0
2002,66.8001,44.0,0.7,371.7,171.8,0.5868,0
2002,66.8001,72.6,0.9,369.5,168.0,0.1816,0
2003,66.8334,81.6,2.4,373.7,167.1,0.5412,0
2004,66.8668,107.5,0.6,378.5,167.4,0.8567,0
2004,66.8668,256.1,202.9,285.5,229.7,0.1214,0
2005,66.9002,106.8,0.4,380.0,167.3,0.9167,0
2005,66.9002,255.8,203.1,285.2,229.8,0.1604,0
2006,66.9335,102.7,0.4,358.2,166.4,0.8971,0
2007,66.9669,105.8,1.1,358.5,167.0,0.8738,0
2008,67.0003,101.5,0.0,363.1,167.6,0.9333,0
2008,67.0003,255.7,202.4,283.6,229.7,0.1204,0
2009,67.0336,95.8,0.0,361.3,167.6,0.876,0
2010,67.067,63.3,0.9,358.0,168.6,0.2076,0
2010,67.067,255.2,202.5,284.6,230.6,0.1047,0
2011,67.1004,104.1,1.0,359.9,168.6,0.8898,0
2012,67.1337,64.6,0.3,357.8,174.3,0.7394,0
2013,67.1671,62.8,0.0,363.8,169.9,0.8701,0
2014,67.2005,43.7,0.0,362.7,169.9,0.9226,0
2015,67.2338,62.5,0.0,365.9,169.0,0.8488,0
2016,67.2672,102.9,0.0,356.6,166.3,0.8518,0
2017,67.3006,106.4,1.2,353.6,166.5,0.9051,0
2018,67.3339,64.5,1.7,359.5,168.4,0.6485,0
2018,67.3339,95.3,2.4,357.1,166.7,0.1198,0
2019,67.3673,79.4,0.8,354.3,168.4,0.8766,0
2020,67.4007,62.4,0.7,353.7,168.5,0.9032,0
2021,67.434,57.8,1.3,357.7,168.7,0.8953,0
2022,67.4674,49.3,0.8,369.2,170.4,0.8802,0
2023,67.5008,45.8,0.1,362.2,170.2,0.824,0
2024,67.5341,66.3,1.7,364.0,168.4,0.9049,0
2025,67.5675,94.4,1.2,350.0,166.1,0.8348,0
2026,67.6009,52.3,1.0,353.5,169.5,0.8675,0
2027,67.6342,70.4,0.7,355.8,168.8,0.8587,0
2028,67.6676,66.1,1.1,353.6,169.3,0.9182,0
2029,67.701,97.3,0.3,357.2,166.8,0.8978,0
2030,67.7343,88.7,0.0,365.1,166.8,0.8154,0
2031,67.7677,79.1,0.0,367.3,166.3,0.8662,0
2032,67.8011,78.5,0.0,368.4,166.4,0.8511,0
2033,67.8344,104.0,0.2,360.6,167.0,0.8496,0
2034,67.8678,58.9,0.6,363.6,169.6,0.9099,0
2035,67.9012,57.1,1.0,366.5,169.5,0.9165,0
2036,67.9345,109.1,1.2,358.3,166.8,0.8993,0
2037,67.9679,105.0,1.2,361.3,167.8,0.8847,0
2038,68.0013,100.0,0.9,374.5,166.6,0.9118,0
2039,68.0346,83.0,1.9,376.4,166.8,0.8363,0
2039,68.0346,36.2,1.2,370.7,172.3,0.5806,0
2040,68.068,48.2,0.6,357.7,168.8,0.9353,0
2041,68.1014,41.3,1.0,358.1,168.7,0.2904,0
2041,68.1014,36.3,0.6,359.6,172.0,0.145,0
2042,68.1347,104.1,0.7,361.0,167.0,0.9203,0
2043,68.1681,84.4,0.1,347.4,167.8,0.7549,0
2044,68.2015,55.5,0.0,353.5,168.5,0.8904,0
2045,68.2348,80.6,0.1,349.9,168.0,0.842,0
2046,68.2682,52.0,0.3,358.2,169.6,0.7651,0
2046,68.2682,255.4,203.3,285.4,231.1,0.1007,0
2047,68.3016,50.7,0.8,359.3,171.4,0.8502,0
2047,68.3016,256.2,203.1,285.5,229.4,0.1428,0
2048,68.3349,104.8,1.1,357.2,169.3,0.8934,0
2048,68.3349,256.0,202.9,285.4,229.7,0.1911,0
2049,68.3683,108.2,0.5,355.4,167.1,0.8887,0
2050,68.4017,106.5,1.3,359.6,168.0,0.7925,0
2051,68.435,52.0,0.2,357.4,168.7,0.8147,0
2052,68.4684,102.6,0.4,355.5,166.4,0.8373,0
2053,68.5018,60.5,0.7,360.1,169.5,0.7979,0
2054,68.5351,102.8,0.3,359.8,166.5,0.7058,0
2055,68.5685,51.8,0.9,365.1,168.9,0.7298,0
2055,68.5685,360.5,204.9,408.6,271.4,0.2112,0
2056,68.6019,94.8,0.9,370.6,167.3,0.8389,0
2057,68.6352,103.6,1.3,360.7,166.8,0.7689,0
2058,68.6686,63.3,0.7,360.5,168.3,0.715,0
2059,68.702,62.4,0.2,359.5,168.5,0.9026,0
2060,68.7353,86.0,1.0,365.6,165.6,0.7436,0
2061,68.7687,54.9,1.4,361.4,167.4,0.8669,0
2062,68.8021,54.6,2.6,367.6,168.9,0.8891,0
2063,68.8354,54.6,0.6,361.7,169.1,0.8625,0
2064,68.8688,55.6,0.5,366.6,168.5,0.8411,0
2065,68.9022,68.3,0.0,376.4,168.3,0.7295,0
2066,68.9355,64.9,0.4,356.7,167.8,0.928,0
2067,68.9689,101.9,1.8,357.1,167.6,0.8828,0
2068,69.0023,97.9,0.3,359.8,166.8,0.8681,0
2069,69.0356,36.4,1.2,364.3,168.5,0.6812,0
2070,69.069,31.6,1.0,361.2,171.9,0.8241,0
2071,69.1024,41.8,0.8,365.8,168.7,0.8526,0
2072,69.1357,87.1,1.3,363.6,166.7,0.8129,0
2073,69.1691,54.8,0.6,361.7,169.5,0.8514,0
2074,69.2025,90.5,1.1,373.5,167.0,0.8707,0
2074,69.2025,40.0,1.2,369.8,171.6,0.231,0
2074,69.2025,373.5,244.4,399.8,271.9,0.1006,0
2075,69.2358,89.1,0.5,379.5,167.9,0.8388,0
2076,69.2692,61.9,0.5,358.0,170.3,0.8529,0
2077,69.3026,49.2,0.8,358.7,172.1,0.7291,0
2078,69.3359,46.9,0.3,359.2,172.5,0.9183,0
2079,69.3693,48.6,1.2,365.0,172.5,0.9124,0
2080,69.4027,44.1,2.3,378.7,169.2,0.8298,0
2081,69.436,40.3,0.8,374.4,168.1,0.7295,0
2081,69.436,16.3,2.0,359.2,172.1,0.1684,0
2082,69.4694,111.0,0.7,355.8,165.8,0.882,0
2083,69.5028,96.0,0.2,360.5,166.9,0.7833,0
2084,69.5361,54.6,0.7,358.4,168.3,0.7464,0
2085,69.5695,53.9,0.6,357.5,170.0,0.8883,0
2086,69.6029,48.4,0.0,358.5,170.2,0.7743,0
2087,69.6362,101.4,0.1,357.1,167.4,0.8274,0
2088,69.6696,94.1,0.6,357.0,168.4,0.2183,0
2088,69.6696,60.4,0.8,359.1,169.8,0.1986,0
2089,69.703,88.6,0.5,358.3,168.2,0.2771,0
2089,69.703,15.7,0.0,348.4,177.4,0.1346,0
2090,69.7363,49.9,0.3,359.8,170.0,0.8927,0
2091,69.7697,47.5,0.8,356.5,169.0,0.5634,0
2092,69.8031,107.3,0.9,355.1,168.0,0.9378,0
2093,69.8364,100.4,1.2,355.7,166.8,0.9202,0
2094,69.8698,94.4,1.7,355.8,167.5,0.2833,0
2095,69.9032,63.1,1.6,350.9,170.2,0.5833,0
2096,69.9365,68.2,0.0,351.4,169.8,0.8217,0
2097,69.9699,57.8,0.3,351.9,169.8,0.7961,0
2098,70.0033,54.2,0.8,358.0,170.8,0.8679,0
2099,70.0366,99.3,0.5,357.0,169.3,0.8914,0
2100,70.07,96.4,0.3,352.7,171.4,0.8388,0
2101,70.1034,101.7,1.3,354.5,170.1,0.8644,0
2102,70.1367,101.1,1.0,353.5,169.3,0.8218,0
2103,70.1701,90.5,1.2,350.4,167.2,0.8843,0
2104,70.2035,59.1,1.8,350.3,168.9,0.7985,0
2105,70.2368,53.6,1.0,351.9,171.6,0.898,0
2106,70.2702,45.6,0.4,352.7,170.6,0.9308,0
2107,70.3036,62.2,2.1,355.2,168.8,0.7054,0
2108,70.3369,100.9,1.2,357.4,166.6,0.7845,0
2109,70.3703,39.3,1.4,359.8,175.5,0.3918,0
2109,70.3703,93.3,0.8,357.3,167.7,0.199,0
2110,70.4037,49.7,0.0,357.5,171.3,0.832,0
2111,70.437,99.8,1.4,354.9,165.1,0.7241,0
2111,70.437,63.0,2.2,356.7,167.2,0.18,0
2112,70.4704,47.7,0.3,350.5,169.5,0.8431,0
2113,70.5038,59.5,0.7,352.4,169.8,0.9105,0
2114,70.5371,53.6,0.8,353.9,172.6,0.9001,0
2115,70.5705,49.7,1.4,356.6,177.3,0.901,0
2116,70.6039,46.2,0.6,354.5,175.8,0.9276,0
2117,70.6372,45.3,0.1,356.9,171.5,0.9075,0
2118,70.6706,35.9,0.7,355.7,170.5,0.9143,0
2119,70.704,41.8,0.5,356.0,170.7,0.8058,0
2120,70.7373,107.0,1.2,356.9,165.4,0.883,0
2121,70.7707,104.6,1.5,358.8,167.2,0.9258,0
2122,70.8041,62.4,1.0,358.1,169.1,0.8749,0
2123,70.8374,70.9,0.4,351.9,169.3,0.8714,0
2124,70.8708,102.2,0.7,347.7,166.5,0.7602,0
2124,70.8708,103.3,0.4,347.6,165.5,0.3694,0
2125,70.9042,49.2,1.4,356.7,167.8,0.8686,0
2126,70.9375,41.2,0.7,365.8,170.7,0.7423,0
2127,70.9709,40.9,0.4,370.6,170.7,0.7679,0
2128,71.0043,42.2,0.1,382.5,172.1,0.877,0
2129,71.0376,41.0,1.6,367.8,170.2,0.7453,0
2130,71.071,45.2,1.3,379.0,171.6,0.7494,0
2130,71.071,27.4,1.5,375.1,181.5,0.1662,0
2131,71.1044,36.9,1.1,373.2,170.6,0.6524,0
2132,71.1377,85.2,0.0,367.4,168.9,0.7303,0
2133,71.1711,88.5,2.3,370.0,169.1,0.8433,0
2134,71.2045,52.4,1.3,375.2,170.3,0.9022,0
2135,71.2378,54.0,0.1,358.9,170.7,0.9098,0
2136,71.2712,58.6,0.5,362.4,169.6,0.8772,0
2137,71.3046,46.8,0.0,365.4,169.4,0.8991,0
2138,71.3379,104.7,2.5,352.0,167.6,0.8336,0
2139,71.3713,101.0,1.6,355.3,169.1,0.8761,0
2140,71.4047,25.5,0.0,364.9,180.8,0.4846,0
2140,71.4047,47.2,0.9,366.5,170.2,0.1872,0
2140,71.4047,82.8,0.7,363.0,168.0,0.1725,0
2141,71.438,53.0,1.0,365.2,168.3,0.3299,0
2141,71.438,19.6,0.5,359.1,178.1,0.1025,0
2142,71.4714,46.8,0.8,368.1,168.5,0.7404,0
2142,71.4714,23.4,0.5,359.1,187.2,0.1023,0
2143,71.5048,96.3,0.5,360.7,166.5,0.8945,0
2144,71.5381,81.5,0.3,368.9,168.6,0.9167,0
2145,71.5715,76.5,0.6,371.5,166.6,0.8354,0
2146,71.6049,45.8,1.2,378.3,169.1,0.8315,0
2147,71.6382,78.0,0.0,378.8,167.5,0.8091,0
2148,71.6716,40.2,0.0,371.7,176.5,0.9027,0
2149,71.705,36.6,0.2,367.8,176.1,0.8411,0
2150,71.7383,46.0,0.8,370.9,171.0,0.9282,0
2151,71.7717,44.6,0.5,361.1,171.6,0.9201,0
2152,71.8051,48.8,1.8,364.8,170.3,0.8546,0
2153,71.8384,39.5,0.5,365.1,180.7,0.7643,0
2154,71.8718,42.2,1.2,367.7,171.2,0.8154,0
2155,71.9052,69.4,0.3,373.5,166.8,0.2727,0
2155,71.9052,40.4,1.2,376.2,169.5,0.1581,0
2156,71.9385,42.9,1.2,379.3,170.7,0.9014,0
2157,71.9719,67.8,0.7,358.7,167.4,0.9148,0
2157,71.9719,374.4,223.1,405.1,271.2,0.1184,0
2158,72.0053,59.5,2.3,357.6,169.1,0.9324,0
2159,72.0386,55.8,0.8,362.2,171.3,0.8972,0
2160,72.072,44.8,1.0,360.9,169.8,0.838,0
2161,72.1054,39.4,2.8,365.4,169.6,0.8109,0
2162,72.1387,38.3,1.3,368.2,169.1,0.9055,0
2163,72.1721,45.7,1.8,360.8,168.3,0.8316,0
2164,72.2055,92.7,0.6,360.1,165.1,0.8611,0
2165,72.2388,49.5,0.3,360.2,170.1,0.8124,0
2166,72.2722,65.5,3.9,358.9,169.5,0.9125,0
2167,72.3056,59.0,1.6,358.4,168.6,0.9345,0
2168,72.3389,55.1,0.9,351.2,169.9,0.8958,0
2169,72.3723,47.0,0.9,361.0,167.9,0.816,0
2169,72.3723,366.6,218.9,408.9,271.9,0.1295,0
2170,72.4057,47.0,0.7,358.7,169.7,0.9261,0
2171,72.439,57.2,0.6,358.9,169.6,0.9329,0
2172,72.4724,61.5,0.0,358.3,169.2,0.9377,0
2173,72.5058,53.8,1.7,359.2,168.4,0.906,0
2174,72.5391,47.8,0.5,361.7,171.2,0.8503,0
2175,72.5725,61.9,1.4,366.6,168.4,0.4607,0
2175,72.5725,89.5,1.6,363.8,166.8,0.2827,0
2175,72.5725,256.3,202.8,285.0,230.3,0.1569,0
2176,72.6059,46.6,0.4,360.9,168.2,0.8609,0
2177,72.6392,60.0,1.1,357.8,168.5,0.6719,0
2178,72.6726,92.5,0.4,357.1,167.3,0.7966,0
2179,72.706,99.8,0.8,355.4,167.4,0.89,0
2180,72.7393,51.0,1.4,354.3,170.8,0.9164,0
2181,72.7727,57.6,1.6,353.3,169.7,0.901,0
2182,72.8061,57.9,0.7,352.7,167.3,0.8549,0
2182,72.8061,26.8,1.2,346.9,172.4,0.2779,0
2183,72.8394,35.2,0.7,355.6,170.5,0.6381,0
2184,72.8728,100.6,1.0,353.1,166.3,0.6772,0
2185,72.9062,54.3,1.6,357.0,170.8,0.9253,0
2186,72.9395,30.0,0.3,352.3,173.7,0.8695,0
2187,72.9729,48.0,0.2,355.2,169.1,0.6267,0
2188,73.0063,43.8,0.3,356.9,168.8,0.849,0
2189,73.0396,43.1,0.3,361.5,168.2,0.5769,0
2189,73.0396,27.6,0.4,361.3,171.1,0.3736,0
2190,73.073,85.8,1.3,353.5,167.9,0.8926,0
2191,73.1064,62.1,1.4,355.0,169.0,0.8753,0
2192,73.1397,70.1,1.5,358.2,169.2,0.8803,0
2193,73.1731,102.2,1.3,354.3,167.2,0.9114,0
2194,73.2065,88.0,1.8,358.1,168.7,0.6986,0
2195,73.2398,52.7,1.9,365.4,170.9,0.8662,0
2196,73.2732,48.3,0.4,362.7,173.0,0.9301,0
2196,73.2732,256.9,202.3,278.9,230.2,0.1206,0
2197,73.3066,47.6,1.5,364.5,169.5,0.8741,0
2198,73.3399,44.6,1.3,377.1,169.0,0.8856,0
2199,73.3733,76.4,0.0,370.7,167.7,0.8579,0
2200,73.4067,38.5,1.7,381.4,170.8,0.8427,0
2201,73.44,41.7,0.2,361.7,173.6,0.6399,0
2202,73.4734,49.4,1.3,361.1,170.4,0.8724,0
2203,73.5068,40.8,0.3,366.0,171.5,0.8948,0
2204,73.5401,33.9,2.7,376.2,172.9,0.7217,0
2204,73.5401,75.0,0.7,372.1,166.4,0.6308,0
2205,73.5735,85.6,0.9,368.9,167.1,0.7846,0
2205,73.5735,40.4,1.3,370.3,171.5,0.1651,0
2205,73.5735,255.0,202.1,270.5,232.4,0.1292,0
2206,73.6069,50.6,0.0,356.5,170.0,0.6869,0
2206,73.6069,255.1,202.2,270.4,232.4,0.1286,0
2206,73.6069,31.6,0.0,357.9,175.6,0.1129,0
2207,73.6402,56.0,0.9,359.9,168.8,0.8638,0
2208,73.6736,48.0,0.6,355.9,169.6,0.384,0
2209,73.707,44.0,0.0,357.8,170.4,0.8478,0
2210,73.7403,48.8,0.0,361.5,169.7,0.8698,0
2211,73.7737,47.6,1.1,365.5,170.6,0.9104,0
2212,73.8071,47.9,1.0,365.3,170.5,0.8725,0
2212,73.8071,255.4,202.6,284.3,233.7,0.1004,0
2213,73.8404,92.2,0.0,357.9,166.5,0.6996,0
2214,73.8738,48.3,0.4,360.0,168.8,0.8452,0
2215,73.9072,53.5,0.8,359.1,170.5,0.9006,0
2216,73.9405,43.4,0.7,362.2,172.0,0.8746,0
2217,73.9739,43.7,1.2,360.1,170.1,0.857,0
2218,74.0073,64.8,0.9,358.6,169.2,0.8778,0
2219,74.0406,66.4,0.2,358.4,169.3,0.9345,0
2220,74.074,50.7,1.1,361.4,170.0,0.8679,0
2221,74.1074,42.8,0.5,360.2,173.3,0.9062,0
2222,74.1407,42.8,0.0,356.3,170.4,0.8391,0
2223,74.1741,49.7,0.7,360.9,172.4,0.8643,0
2223,74.1741,254.8,202.5,270.1,234.3,0.1614,0
2224,74.2075,59.3,1.1,364.1,168.5,0.9104,0
2225,74.2408,59.4,0.6,359.6,169.3,0.8629,0
2226,74.2742,98.0,1.2,360.1,166.2,0.7236,0
2227,74.3076,42.4,0.7,360.5,168.9,0.8826,0
2228,74.3409,89.4,1.0,368.0,166.9,0.8913,0
2229,74.3743,84.4,1.0,376.8,166.6,0.9063,0
2230,74.4077,68.5,1.9,382.3,166.5,0.6073,0
2230,74.4077,46.9,1.3,379.4,170.4,0.4695,0
2231,74.441,41.5,0.3,383.5,171.7,0.8618,0
2232,74.4744,41.0,0.6,368.5,171.1,0.9163,0
2233,74.5078,42.8,1.0,361.4,170.2,0.8948,0
2234,74.5411,43.4,0.6,362.6,170.3,0.7213,0
2235,74.5745,8.8,0.0,351.9,186.2,0.2691,0
2235,74.5745,41.8,0.0,355.1,170.2,0.1593,0
2236,74.6079,41.6,1.2,358.9,169.2,0.5904,0
2236,74.6079,9.7,0.2,352.9,174.9,0.3216,0
2237,74.6412,50.3,0.8,369.6,168.6,0.859,0
2238,74.6746,48.4,0.3,357.7,168.0,0.8333,0
2239,74.708,85.9,0.1,366.3,167.1,0.9119,0
2240,74.7413,89.1,0.6,365.1,167.2,0.9062,0
2241,74.7747,48.1,0.9,361.7,169.9,0.8133,0
2242,74.8081,45.5,1.0,362.4,170.4,0.8544,0
2243,74.8414,55.0,1.2,365.5,170.7,0.9033,0
2244,74.8748,54.6,0.2,361.4,169.6,0.8525,0
2245,74.9082,47.7,0.0,358.4,169.2,0.5603,0
2245,74.9082,11.8,0.1,350.7,178.8,0.2464,0
2246,74.9415,96.6,1.0,357.3,167.6,0.6195,0
2247,74.9749,51.1,0.5,363.3,170.2,0.8543,0
2248,75.0083,49.8,0.3,361.3,170.0,0.9229,0
2249,75.0416,82.8,0.6,362.7,168.1,0.8235,0
2250,75.075,93.3,0.8,357.8,168.8,0.905,0
2250,75.075,255.3,202.7,282.0,230.9,0.1033,0
2251,75.1084,52.2,0.8,357.9,169.3,0.943,0
2252,75.1417,49.9,0.3,363.1,171.2,0.917,0
2253,75.1751,51.7,0.1,356.7,172.7,0.8323,0
2254,75.2085,112.2,1.3,357.1,168.3,0.8952,0
2255,75.2418,41.7,0.0,360.6,172.7,0.5734,0
2255,75.2418,20.1,0.0,361.9,177.5,0.196,0
2255,75.2418,14.6,0.0,355.1,182.8,0.1736,0
2255,75.2418,256.0,201.4,276.9,231.1,0.1676,0
2256,75.2752,111.5,0.7,360.5,168.6,0.8677,0
2256,75.2752,255.6,202.0,272.6,232.1,0.1052,0
2257,75.3086,106.4,1.0,365.2,171.5,0.8352,0
2257,75.3086,254.8,202.0,273.0,233.1,0.1415,0
2258,75.3419,62.3,1.1,359.6,170.7,0.881,0
2258,75.3419,255.3,202.3,278.3,233.4,0.116,0
2259,75.3753,61.9,1.8,361.8,169.9,0.8876,0
2259,75.3753,254.9,202.2,281.1,233.4,0.1849,0
2260,75.4087,92.5,1.8,359.4,169.7,0.8852,0
2260,75.4087,255.0,201.5,273.0,232.2,0.1574,0
2261,75.442,62.1,1.6,369.3,171.0,0.8968,0
2261,75.442,255.9,201.5,272.2,232.2,0.1173,0
2261,75.442,255.9,201.7,276.6,232.4,0.1071,0
2262,75.4754,52.1,1.5,357.5,171.4,0.9322,0
2262,75.4754,256.2,201.9,271.6,232.3,0.1476,0
2263,75.5088,47.9,0.1,359.2,173.6,0.9301,0
2263,75.5088,255.8,201.7,271.7,231.4,0.1109,0
2264,75.5421,56.3,0.0,358.7,171.1,0.878,0
2265,75.5755,51.3,1.3,360.4,172.4,0.8942,0
2266,75.6089,48.2,2.5,360.8,170.4,0.9118,0
2267,75.6422,41.1,0.6,360.7,175.7,0.8139,0
2267,75.6422,255.8,202.2,278.8,228.1,0.1709,0
2268,75.6756,103.5,0.7,354.6,171.1,0.7615,0
2269,75.709,49.0,0.7,360.6,173.1,0.8246,0
2270,75.7423,50.0,0.9,366.2,171.7,0.8959,0
2271,75.7757,97.2,1.0,361.1,168.7,0.9094,0
2272,75.8091,44.7,1.2,360.2,171.3,0.9136,0
2273,75.8424,40.0,0.5,358.6,170.8,0.8777,0
2274,75.8758,92.5,0.3,363.5,167.9,0.9192,0
2275,75.9092,57.6,0.0,362.4,172.9,0.8822,0
2276,75.9425,49.4,0.1,354.9,170.7,0.8818,0
2276,75.9425,256.6,202.0,270.8,229.0,0.1287,0
2277,75.9759,27.7,0.6,357.3,176.4,0.8618,0
2277,75.9759,256.6,202.4,270.3,227.6,0.1369,0
2278,76.0093,94.1,1.0,361.3,170.5,0.8605,0
2279,76.0426,90.4,1.4,363.7,173.6,0.7135,0
2280,76.076,49.8,0.7,369.1,177.3,0.8104,0
2281,76.1094,57.9,0.7,359.7,170.1,0.7546,0
2282,76.1427,87.0,2.4,364.6,168.1,0.8834,0
2283,76.1761,95.1,2.7,360.1,167.8,0.8505,0
2284,76.2095,95.4,0.8,361.1,166.9,0.9182,0
2285,76.2428,72.5,0.7,368.1,167.9,0.6373,0
2286,76.2762,60.6,1.0,355.1,168.8,0.8394,0
2287,76.3096,39.4,0.9,361.8,177.2,0.8151,0
2288,76.3429,47.9,0.4,360.7,171.2,0.8854,0
2289,76.3763,44.4,1.6,353.0,172.6,0.8976,0
2290,76.4097,61.1,1.0,350.7,169.3,0.8389,0
2290,76.4097,360.4,240.2,399.9,272.0,0.1749,0
2291,76.443,45.4,0.0,356.5,169.3,0.9111,0
2292,76.4764,42.2,0.9,357.3,176.1,0.9099,0
2292,76.4764,256.7,202.5,284.5,230.4,0.1253,0
2293,76.5098,43.4,0.3,359.3,178.7,0.9,0
2294,76.5431,50.7,1.8,362.0,174.6,0.8733,0
2295,76.5765,36.4,0.0,359.9,175.3,0.2367,0
2295,76.5765,42.4,0.0,359.9,173.1,0.2357,0
2296,76.6099,44.3,0.4,357.0,170.4,0.9214,0
2297,76.6432,91.9,1.0,358.7,168.4,0.7176,0
2298,76.6766,113.6,1.8,359.1,165.7,0.9083,0
2299,76.71,99.5,3.8,363.2,166.5,0.8956,0
2300,76.7433,43.3,0.4,368.6,169.7,0.9021,0
2301,76.7767,56.8,1.0,362.2,168.6,0.9026,0
2302,76.8101,97.4,1.1,369.5,166.7,0.9193,0
2303,76.8434,44.1,2.4,363.0,168.0,0.8738,0
2304,76.8768,47.5,5.3,350.1,168.9,0.6892,0
2305,76.9102,49.2,0.3,351.7,171.3,0.9329,0
2306,76.9435,65.8,0.5,356.8,170.2,0.6408,0
2307,76.9769,55.2,0.2,364.5,174.9,0.8423,0
2308,77.0103,45.1,0.6,367.9,173.4,0.8747,0
2309,77.0436,60.6,1.9,359.4,169.6,0.5928,0
2309,77.0436,92.2,1.2,355.7,168.8,0.1239,0
2310,77.077,58.0,0.6,357.8,171.0,0.9194,0
2311,77.1104,100.7,1.0,355.1,167.0,0.8829,0
2312,77.1437,56.7,2.0,356.4,171.7,0.9069,0
2313,77.1771,53.9,0.9,357.2,171.0,0.8964,0
2314,77.2105,75.2,0.9,357.3,169.3,0.9125,0
2315,77.2438,64.5,1.4,359.3,169.9,0.9007,0
2316,77.2772,42.3,0.9,367.1,169.5,0.8704,0
2317,77.3106,48.3,0.7,368.1,168.0,0.9043,0
2318,77.3439,14.0,0.0,363.7,176.4,0.7149,0
2318,77.3439,43.2,0.1,366.9,168.0,0.4204,0
2319,77.3773,64.5,0.3,352.6,167.3,0.8479,0
2320,77.4107,111.2,0.8,354.7,164.7,0.9006,0
2321,77.444,109.3,2.2,356.6,165.9,0.8964,0
2322,77.4774,45.7,0.9,357.8,172.3,0.8839,0
2323,77.5108,49.8,0.5,357.0,169.6,0.813,0
2324,77.5441,49.5,0.2,356.9,172.8,0.8331,0
2325,77.5775,101.1,0.2,361.6,167.2,0.8669,0
2325,77.5775,47.7,0.0,342.3,177.8,0.1452,0
2326,77.6109,50.6,0.0,356.5,170.6,0.9073,0
2327,77.6442,61.3,0.6,356.9,168.5,0.9089,0
2328,77.6776,62.6,0.0,354.3,171.2,0.9225,0
2329,77.711,64.1,0.2,352.7,170.4,0.9193,0
2330,77.7443,114.4,2.4,350.6,167.5,0.8673,0
2331,77.7777,70.8,0.4,357.3,170.2,0.8753,0
2332,77.8111,59.3,0.5,365.2,171.4,0.8932,0
2333,77.8444,52.4,1.0,366.2,173.3,0.6786,0
2333,77.8444,6.5,0.4,359.3,174.6,0.2225,0
2334,77.8778,103.4,0.8,357.7,169.4,0.8942,0
2335,77.9112,58.9,1.0,361.2,172.4,0.8561,0
2336,77.9445,55.7,0.5,358.4,175.6,0.8194,0
2337,77.9779,49.9,1.7,356.2,170.3,0.3564,0
2337,77.9779,29.2,1.0,360.5,176.2,0.1719,0
2338,78.0113,101.6,0.8,361.2,165.7,0.8935,0
2339,78.0446,102.4,0.3,368.1,168.1,0.9345,0
2340,78.078,103.2,0.5,366.7,169.1,0.9315,0
2341,78.1114,102.2,5.3,358.5,165.6,0.8192,0
2342,78.1447,97.5,0.8,362.5,169.9,0.8729,0
2343,78.1781,71.4,0.7,358.2,169.1,0.89,0
2344,78.2115,104.1,0.5,355.5,165.1,0.915,0
2345,78.2448,55.7,0.0,359.3,167.8,0.8816,0
2346,78.2782,48.4,0.0,357.9,168.6,0.8469,0
2347,78.3116,108.2,0.0,350.4,166.6,0.7691,0
2347,78.3116,106.1,0.0,352.4,165.5,0.304,0
2348,78.3449,105.8,0.4,352.1,167.5,0.9177,0
2349,78.3783,55.3,0.7,355.5,170.1,0.9324,0
2350,78.4117,50.2,0.6,356.8,171.1,0.9194,0
2351,78.445,50.1,0.0,359.6,172.6,0.9219,0
2352,78.4784,39.9,0.3,364.8,172.5,0.8533,0
2352,78.4784,23.3,0.5,362.3,180.0,0.4762,0
2353,78.5118,45.1,0.0,367.2,172.8,0.8217,0
2353,78.5118,19.4,0.0,360.5,176.2,0.4278,0
2354,78.5451,45.9,0.0,364.0,171.4,0.8607,0
2354,78.5451,21.4,0.0,356.0,175.9,0.237,0
2355,78.5785,55.4,0.8,359.6,171.5,0.8459,0
2355,78.5785,23.9,0.0,348.4,178.5,0.3835,0
2356,78.6119,95.1,0.0,369.1,171.3,0.8927,0
2357,78.6452,82.1,0.4,375.5,172.5,0.8275,0
2358,78.6786,56.2,0.5,356.6,176.0,0.8536,0
2359,78.712,101.1,0.1,356.1,168.8,0.8773,0
2360,78.7453,97.4,1.0,359.7,173.2,0.9009,0
2361,78.7787,88.7,1.9,374.1,172.5,0.9139,0
2362,78.8121,47.0,1.3,387.0,172.6,0.9149,0
2363,78.8454,51.6,0.0,370.1,171.2,0.8815,0
2364,78.8788,46.5,0.9,373.3,168.9,0.6714,0
2364,78.8788,36.9,0.8,369.0,171.2,0.4351,0
2365,78.9122,99.8,1.4,354.4,168.1,0.8361,0
2366,78.9455,56.7,1.3,361.7,172.2,0.726,0
2367,78.9789,61.0,0.5,358.2,170.1,0.8613,0
2368,79.0123,98.9,0.4,356.0,167.3,0.8942,0
2369,79.0456,53.1,2.0,361.0,171.1,0.9044,0
2370,79.079,50.4,0.8,355.2,171.1,0.8756,0
2371,79.1124,60.9,1.3,359.8,170.9,0.6718,0
2372,79.1457,40.4,0.8,357.6,174.7,0.6434,0
2373,79.1791,56.1,0.3,352.4,175.5,0.8787,0
2374,79.2125,98.9,0.4,356.7,173.9,0.7553,0
2375,79.2458,95.7,0.0,359.1,170.7,0.6475,0
2376,79.2792,79.8,1.6,357.4,168.6,0.8119,0
2377,79.3126,99.0,3.4,358.8,167.3,0.7926,0
2378,79.3459,71.4,0.3,357.9,167.2,0.8944,0
2379,79.3793,103.3,0.0,354.6,166.2,0.9148,0
2380,79.4127,95.2,1.3,357.1,168.3,0.7165,0
2381,79.446,102.6,0.5,354.0,166.9,0.861,0
2382,79.4794,105.7,1.0,352.9,165.8,0.8932,0
2383,79.5128,100.1,1.9,354.0,167.2,0.8639,0
2384,79.5461,50.2,1.3,358.0,172.0,0.924,0
2385,79.5795,53.6,1.5,361.9,172.1,0.872,0
2386,79.6129,59.3,0.8,362.7,171.6,0.8599,0
2387,79.6462,64.0,1.3,359.9,170.8,0.9035,0
2388,79.6796,76.9,0.9,358.3,168.3,0.9005,0
2389,79.713,56.0,0.0,356.4,170.2,0.9213,0
2390,79.7463,53.0,0.0,353.9,170.9,0.9367,0
2391,79.7797,50.6,0.4,358.2,170.4,0.9296,0
2392,79.8131,42.2,0.0,359.7,172.0,0.9046,0
2393,79.8464,41.9,0.0,358.1,174.9,0.9094,0
2394,79.8798,100.2,0.2,364.6,170.8,0.8063,0
2394,79.8798,61.8,2.1,364.2,172.0,0.1151,0
2395,79.9132,46.2,0.1,367.5,171.1,0.8348,0
2396,79.9465,51.0,0.0,358.5,171.3,0.795,0
2397,79.9799,57.8,0.6,360.6,170.8,0.7326,0
2398,80.0133,47.1,0.3,367.5,170.9,0.6167,0
2398,80.0133,28.1,0.6,369.4,173.5,0.3242,0
2399,80.0466,48.6,0.5,360.3,168.4,0.7395,0
2400,80.08,17.0,0.7,358.4,174.3,0.8312,0
2400,80.08,17.2,0.6,356.9,176.0,0.2414,0
2401,80.1134,35.6,0.9,356.4,174.5,0.3727,0
2401,80.1134,40.4,0.3,355.5,173.4,0.3181,0
2402,80.1467,27.7,0.4,359.4,177.4,0.9206,0
2403,80.1801,102.9,0.8,357.8,173.2,0.8756,0
2404,80.2135,66.5,3.7,358.6,173.0,0.5672,0
2405,80.2468,52.4,0.9,357.9,179.4,0.9333,0
