frame,time_s,x1,y1,x2,y2,conf,cls
0,0.0,44.7,0.7,363.4,168.2,0.9404,0
1,0.0334,35.0,0.8,347.3,167.5,0.9132,0
2,0.0667,44.6,0.0,346.7,168.4,0.9253,0
3,0.1001,45.1,0.0,348.3,168.3,0.906,0
3,0.1001,19.8,0.9,349.4,170.4,0.639,0
4,0.1335,64.3,0.0,352.2,168.6,0.9436,0
5,0.1668,55.2,0.0,356.8,168.8,0.9382,0
6,0.2002,53.7,1.3,361.9,167.3,0.9466,0
7,0.2336,51.3,0.2,349.4,167.8,0.9407,0
8,0.2669,21.6,0.4,347.4,170.7,0.9353,0
9,0.3003,56.8,2.1,356.4,169.1,0.9099,0
10,0.3337,62.3,1.1,360.1,169.0,0.9173,0
11,0.367,75.6,0.4,366.0,167.5,0.9202,0
12,0.4004,56.4,1.0,357.8,166.7,0.9368,0
13,0.4338,35.0,0.0,356.8,166.5,0.9295,0
14,0.4671,32.8,0.2,342.8,168.1,0.8906,0
15,0.5005,55.2,0.3,349.9,167.6,0.9415,0
16,0.5339,69.1,1.0,356.9,167.5,0.9419,0
17,0.5672,69.0,2.5,355.6,168.6,0.9365,0
18,0.6006,48.3,0.2,360.9,168.0,0.9411,0
19,0.634,67.7,0.3,355.5,169.0,0.9455,0
20,0.6673,54.0,1.1,354.5,169.7,0.9376,0
21,0.7007,52.0,0.0,355.2,168.7,0.9016,0
22,0.7341,42.3,0.4,349.2,168.4,0.8835,0
23,0.7674,64.0,0.9,354.1,167.5,0.9175,0
24,0.8008,48.6,0.0,358.9,167.2,0.9413,0
25,0.8342,47.2,0.0,359.0,167.9,0.933,0
26,0.8675,39.7,0.0,363.0,168.2,0.9283,0
27,0.9009,65.5,0.6,359.4,168.1,0.9303,0
28,0.9343,43.4,0.2,359.1,167.9,0.9173,0
29,0.9676,37.3,1.2,359.9,167.8,0.9089,0
30,1.001,47.2,0.0,362.8,168.6,0.9386,0
31,1.0344,37.8,0.0,368.2,168.0,0.9318,0
32,1.0677,56.9,3.5,360.2,167.7,0.9294,0
33,1.1011,64.3,3.8,349.4,166.3,0.919,0
34,1.1345,64.5,0.0,349.3,168.2,0.9247,0
35,1.1678,57.4,0.1,352.5,167.1,0.9492,0
36,1.2012,65.6,0.2,363.6,168.4,0.9375,0
37,1.2346,39.5,3.9,355.7,168.5,0.918,0
38,1.2679,62.7,1.6,359.0,166.7,0.7253,0
38,1.2679,58.0,3.3,358.4,167.3,0.4573,0
39,1.3013,79.5,0.6,364.3,167.8,0.9183,0
40,1.3347,65.0,0.2,357.7,166.8,0.9334,0
41,1.368,63.9,0.3,347.4,167.6,0.9119,0
42,1.4014,70.1,0.0,344.8,167.3,0.9106,0
43,1.4348,61.0,0.2,343.9,166.7,0.7789,0
43,1.4348,57.4,0.8,343.9,168.9,0.3669,0
44,1.4681,62.1,3.2,361.5,167.5,0.9476,0
45,1.5015,50.9,0.9,363.0,168.0,0.9494,0
46,1.5349,49.9,1.9,360.1,168.7,0.9253,0
47,1.5682,62.3,0.1,347.7,168.2,0.8584,0
48,1.6016,53.7,0.2,348.3,166.4,0.9441,0
49,1.635,53.8,0.5,351.8,166.0,0.9445,0
50,1.6683,40.6,0.0,353.1,166.6,0.9414,0
51,1.7017,58.3,1.2,352.5,167.5,0.9296,0
52,1.7351,55.8,0.3,346.5,167.1,0.9294,0
53,1.7684,74.2,0.4,351.2,168.0,0.9329,0
54,1.8018,69.9,1.4,352.0,166.9,0.8027,0
55,1.8352,101.3,0.0,355.9,168.0,0.9077,0
56,1.8685,88.5,1.5,358.3,166.4,0.9112,0
57,1.9019,65.3,0.4,359.7,166.5,0.9492,0
58,1.9353,66.1,2.5,359.0,167.6,0.9392,0
59,1.9686,56.6,1.0,357.7,166.9,0.9503,0
60,2.002,69.4,0.0,356.1,166.9,0.9529,0
61,2.0354,66.2,0.0,352.4,167.0,0.958,0
62,2.0687,65.9,0.0,358.2,167.9,0.9344,0
63,2.1021,91.1,0.6,371.2,165.7,0.8915,0
64,2.1355,56.6,3.2,352.6,168.4,0.7747,0
64,2.1355,65.2,0.0,350.9,168.1,0.689,0
65,2.1688,84.0,2.5,350.3,168.4,0.9128,0
66,2.2022,46.3,0.7,353.4,168.8,0.932,0
67,2.2356,39.4,0.4,357.5,168.0,0.9203,0
68,2.2689,58.7,0.1,353.5,167.0,0.9277,0
68,2.2689,0.0,9.7,114.8,269.1,0.1239,1
69,2.3023,51.0,2.9,358.0,167.6,0.9381,0
70,2.3357,58.8,2.9,360.5,168.4,0.9348,0
71,2.369,69.0,0.6,354.7,167.8,0.9209,0
72,2.4024,71.0,0.5,352.2,167.9,0.9076,0
73,2.4358,65.5,0.0,351.2,167.4,0.9394,0
74,2.4691,70.7,1.4,362.6,167.5,0.9436,0
75,2.5025,46.6,1.2,363.9,167.7,0.9471,0
76,2.5359,63.2,0.8,356.2,168.1,0.9395,0
77,2.5692,49.0,0.6,357.4,168.6,0.9433,0
78,2.6026,94.7,0.2,356.2,165.4,0.9199,0
79,2.636,77.1,0.0,359.5,164.5,0.887,0
80,2.6693,65.2,1.0,356.2,167.4,0.9471,0
81,2.7027,52.0,0.3,359.2,168.1,0.9547,0
82,2.7361,46.5,0.6,355.8,168.3,0.9348,0
83,2.7694,38.4,0.6,353.7,167.9,0.9338,0
84,2.8028,49.5,0.1,355.0,169.0,0.9455,0
85,2.8362,53.0,0.4,348.7,168.6,0.9272,0
86,2.8695,70.8,0.1,353.0,168.0,0.9361,0
87,2.9029,101.6,1.2,365.4,164.6,0.94,0
88,2.9363,94.9,0.0,370.5,164.8,0.9301,0
89,2.9696,58.5,0.1,353.6,167.6,0.9138,0
90,3.003,56.8,0.0,355.7,167.3,0.9275,0
91,3.0364,59.3,0.2,368.2,168.1,0.9391,0
92,3.0697,46.5,0.8,349.0,167.2,0.9066,0
93,3.1031,46.3,0.2,346.8,167.9,0.9299,0
94,3.1365,52.5,0.8,354.4,167.6,0.9499,0
95,3.1698,75.7,0.0,358.5,168.1,0.921,0
96,3.2032,71.5,0.8,364.3,167.0,0.9157,0
97,3.2366,80.2,0.4,371.0,168.3,0.8587,0
98,3.2699,65.7,0.8,362.4,168.3,0.9441,0
99,3.3033,63.0,0.7,346.7,167.5,0.9243,0
100,3.3367,63.7,1.0,353.1,168.8,0.947,0
101,3.37,60.9,4.4,359.6,168.3,0.9331,0
102,3.4034,67.9,0.0,363.4,167.9,0.9511,0
103,3.4368,70.9,0.0,374.5,166.9,0.9359,0
104,3.4701,69.4,0.2,358.3,168.3,0.9383,0
105,3.5035,94.0,0.9,362.4,166.9,0.9179,0
106,3.5369,78.7,2.5,352.0,167.0,0.9387,0
107,3.5702,68.8,0.0,351.8,167.7,0.9531,0
108,3.6036,71.4,0.0,347.9,167.8,0.9497,0
109,3.637,75.3,0.4,351.3,167.2,0.9444,0
110,3.6703,58.8,2.4,357.8,168.0,0.9309,0
111,3.7037,80.5,0.4,351.6,167.0,0.9307,0
112,3.7371,72.2,0.1,353.1,166.7,0.9396,0
113,3.7704,74.9,0.6,350.5,167.9,0.921,0
114,3.8038,96.9,0.0,354.4,167.2,0.9185,0
115,3.8372,79.5,0.9,354.7,167.1,0.9411,0
116,3.8705,66.4,0.2,358.6,167.5,0.9323,0
117,3.9039,69.6,0.0,357.9,168.9,0.9314,0
118,3.9373,63.0,0.7,356.1,168.5,0.9295,0
119,3.9706,58.2,0.0,353.0,168.6,0.9308,0
120,4.004,62.3,0.5,354.1,168.3,0.9281,0
121,4.0374,69.1,0.5,360.1,168.8,0.937,0
122,4.0707,58.2,0.0,360.4,167.0,0.935,0
123,4.1041,80.8,1.3,358.9,166.8,0.9171,0
124,4.1375,72.3,1.5,351.6,167.2,0.9474,0
125,4.1708,62.6,2.1,358.4,167.4,0.9493,0
126,4.2042,68.5,0.0,359.2,167.3,0.9458,0
127,4.2376,75.8,0.3,353.3,168.0,0.9348,0
128,4.2709,69.4,0.0,354.3,168.0,0.9438,0
129,4.3043,67.9,0.0,358.7,164.8,0.9007,0
129,4.3043,62.8,0.3,358.1,168.5,0.4947,0
130,4.3377,64.4,0.0,361.3,164.3,0.926,0
131,4.371,74.1,0.9,368.0,164.5,0.8724,0
132,4.4044,66.8,0.6,369.0,168.1,0.8887,0
132,4.4044,64.2,0.7,369.8,165.0,0.7046,0
133,4.4378,68.7,0.7,364.8,165.6,0.9038,0
134,4.4711,77.2,1.0,364.8,165.3,0.9052,0
134,4.4711,67.1,3.5,366.5,168.1,0.827,0
135,4.5045,67.2,0.0,360.8,167.9,0.8706,0
136,4.5379,62.0,2.2,359.9,168.3,0.9425,0
137,4.5712,72.6,0.0,354.4,168.8,0.9518,0
138,4.6046,63.7,0.1,360.8,168.8,0.9503,0
139,4.638,43.1,1.5,362.5,168.9,0.7281,0
139,4.638,51.2,0.2,361.1,168.8,0.6326,0
140,4.6713,64.2,0.1,362.1,169.1,0.936,0
141,4.7047,71.5,0.0,367.5,166.0,0.9317,0
142,4.7381,73.5,0.0,377.9,165.3,0.9403,0
143,4.7714,68.2,0.1,380.0,164.7,0.9222,0
144,4.8048,94.2,0.0,382.8,165.3,0.9261,0
145,4.8382,64.2,0.0,387.8,164.9,0.9476,0
146,4.8715,60.9,0.0,376.3,164.7,0.9459,0
147,4.9049,68.9,0.0,380.0,165.0,0.9529,0
148,4.9383,54.0,0.0,372.1,165.0,0.9098,0
149,4.9716,44.9,0.0,371.1,164.7,0.9117,0
150,5.005,47.3,0.2,365.3,167.8,0.9298,0
151,5.0384,43.7,0.6,357.4,168.6,0.9526,0
152,5.0717,59.7,0.1,363.9,168.9,0.9292,0
152,5.0717,65.8,0.0,364.9,164.8,0.1104,0
153,5.1051,62.7,0.0,362.0,164.4,0.9201,0
154,5.1385,64.2,0.1,364.0,167.7,0.9436,0
155,5.1718,53.4,0.0,359.9,167.6,0.9347,0
156,5.2052,41.6,0.0,360.1,168.1,0.9428,0
157,5.2386,66.6,1.3,361.6,167.8,0.9439,0
158,5.2719,49.6,0.0,359.0,168.6,0.941,0
159,5.3053,36.9,0.2,364.3,169.3,0.9244,0
160,5.3387,73.4,0.9,371.7,165.2,0.9366,0
161,5.372,55.6,0.0,374.7,164.6,0.9099,0
162,5.4054,53.7,2.2,371.2,165.0,0.9175,0
163,5.4388,58.7,0.1,367.4,167.9,0.935,0
164,5.4721,49.6,0.3,354.4,168.2,0.9478,0
165,5.5055,63.9,0.0,360.1,168.3,0.94,0
166,5.5389,84.6,0.0,375.0,164.5,0.9453,0
167,5.5722,71.2,0.0,380.0,163.6,0.9288,0
168,5.6056,69.9,0.0,361.8,165.4,0.9254,0
169,5.639,51.8,0.0,369.0,164.9,0.9201,0
169,5.639,42.7,0.0,368.1,168.4,0.5433,0
170,5.6723,63.7,3.9,362.0,168.5,0.9126,0
170,5.6723,86.1,1.5,360.7,165.1,0.8912,0
171,5.7057,92.5,0.3,357.2,168.1,0.9248,0
172,5.7391,92.5,2.1,349.7,168.1,0.9408,0
173,5.7724,72.9,1.4,355.4,167.7,0.9388,0
174,5.8058,71.1,0.0,355.0,166.7,0.9568,0
175,5.8392,71.3,0.0,363.0,168.0,0.9396,0
176,5.8725,79.7,0.0,368.6,165.3,0.9223,0
177,5.9059,70.6,0.7,371.0,165.6,0.9325,0
178,5.9393,53.4,0.9,366.8,168.9,0.9101,0
179,5.9726,69.4,0.1,378.2,168.2,0.9275,0
180,6.006,73.6,0.0,376.6,167.5,0.9342,0
181,6.0394,52.4,0.0,363.5,167.6,0.9449,0
181,6.0394,0.0,12.7,102.8,266.7,0.1006,1
182,6.0727,53.3,0.3,352.0,166.9,0.9243,0
183,6.1061,100.7,1.8,359.4,164.9,0.9227,0
184,6.1395,59.5,0.2,361.1,166.2,0.9124,0
185,6.1728,66.3,0.0,362.5,168.0,0.9456,0
186,6.2062,53.9,0.0,354.4,168.5,0.9459,0
187,6.2396,95.3,0.0,360.9,166.6,0.9347,0
188,6.2729,95.2,1.6,365.0,165.0,0.9146,0
189,6.3063,72.5,0.0,366.9,165.3,0.931,0
190,6.3397,52.4,2.4,363.6,167.8,0.9352,0
191,6.373,45.2,0.0,357.5,167.6,0.9426,0
192,6.4064,52.5,0.0,357.0,166.9,0.9575,0
193,6.4398,92.5,1.7,357.0,165.2,0.8486,0
193,6.4398,83.0,1.4,356.7,167.7,0.521,0
194,6.4731,99.7,3.3,361.7,165.3,0.9124,0
195,6.5065,77.8,0.9,358.9,167.6,0.8134,0
195,6.5065,90.9,1.5,358.6,165.6,0.5725,0
196,6.5399,95.8,0.0,367.2,166.3,0.9206,0
197,6.5732,79.9,0.0,373.2,166.6,0.9235,0
197,6.5732,0.0,13.8,120.2,265.9,0.1572,1
198,6.6066,75.7,0.0,376.0,166.7,0.9165,0
198,6.6066,0.0,13.9,117.3,264.8,0.1907,1
199,6.64,75.2,0.0,378.1,165.8,0.9303,0
200,6.6733,64.3,0.6,366.6,165.3,0.9296,0
201,6.7067,52.7,0.0,372.5,165.4,0.8846,0
202,6.7401,67.3,0.5,370.8,166.2,0.917,0
203,6.7734,56.3,1.8,374.6,165.6,0.9114,0
204,6.8068,57.1,0.2,377.4,164.7,0.9123,0
205,6.8402,60.9,0.0,375.1,165.6,0.8617,0
206,6.8735,50.2,0.2,364.2,169.1,0.9439,0
207,6.9069,52.2,2.5,354.6,168.2,0.9477,0
208,6.9403,68.6,1.5,363.2,168.3,0.9464,0
209,6.9736,67.9,0.6,356.8,167.6,0.7854,0
209,6.9736,58.7,2.4,359.0,167.6,0.6996,0
210,7.007,95.0,1.0,364.6,165.4,0.909,0
211,7.0404,65.8,0.0,371.0,166.4,0.9278,0
212,7.0737,64.7,0.3,353.0,167.6,0.9322,0
213,7.1071,53.2,0.9,357.6,168.3,0.9364,0
214,7.1405,49.6,0.0,363.2,169.1,0.8374,0
214,7.1405,38.6,0.9,365.8,168.8,0.3966,0
215,7.1738,62.2,1.8,371.5,166.3,0.9144,0
216,7.2072,51.4,2.0,364.2,167.8,0.9232,0
217,7.2406,65.3,3.5,365.4,164.6,0.9003,0
217,7.2406,46.2,4.4,366.2,167.7,0.6667,0
218,7.2739,66.3,0.0,374.6,165.0,0.9274,0
219,7.3073,51.0,0.6,378.4,164.7,0.9388,0
220,7.3407,67.4,0.4,379.7,164.1,0.9082,0
221,7.374,67.6,0.3,371.1,166.3,0.9433,0
222,7.4074,54.1,0.0,367.0,168.2,0.9142,0
222,7.4074,54.8,0.0,366.5,164.1,0.4107,0
223,7.4408,67.4,0.2,373.3,166.1,0.9397,0
224,7.4741,56.0,0.4,358.1,168.0,0.9196,0
225,7.5075,44.2,1.5,363.2,167.9,0.9342,0
226,7.5409,56.6,0.8,365.1,168.5,0.9405,0
227,7.5742,53.7,0.0,362.6,167.8,0.946,0
228,7.6076,37.2,0.3,360.8,168.4,0.9399,0
229,7.641,57.8,0.0,357.4,167.7,0.9355,0
230,7.6743,44.4,0.2,358.3,167.4,0.9382,0
231,7.7077,43.1,0.0,358.9,167.9,0.9239,0
232,7.7411,70.0,0.0,362.4,167.9,0.9263,0
233,7.7744,60.1,0.0,366.7,165.6,0.8422,0
233,7.7744,56.7,0.0,365.7,168.3,0.7989,0
234,7.8078,73.4,0.3,365.9,167.2,0.9277,0
235,7.8412,60.8,0.0,353.0,167.0,0.941,0
236,7.8745,60.5,0.0,351.6,167.5,0.9378,0
237,7.9079,71.6,0.0,354.9,167.5,0.9383,0
238,7.9413,51.6,0.3,359.2,168.3,0.9397,0
239,7.9746,50.5,0.0,359.5,167.8,0.8789,0
239,7.9746,43.2,0.0,360.6,162.9,0.6299,0
240,8.008,85.6,0.7,354.2,166.5,0.9,0
241,8.0414,95.3,0.4,358.3,167.1,0.9165,0
242,8.0747,36.7,0.5,358.7,168.1,0.9504,0
243,8.1081,49.0,0.4,356.5,166.9,0.9472,0
244,8.1415,65.8,0.2,361.1,167.1,0.9274,0
245,8.1748,52.8,3.0,354.6,168.5,0.9557,0
246,8.2082,59.2,1.0,344.9,168.4,0.9036,0
247,8.2416,63.8,1.1,351.6,168.8,0.9285,0
248,8.2749,116.1,0.0,356.8,166.2,0.9413,0
249,8.3083,101.5,0.3,362.4,166.7,0.9389,0
250,8.3417,62.8,0.0,352.7,168.9,0.9517,0
251,8.375,60.1,0.0,357.9,168.9,0.9489,0
252,8.4084,55.5,0.4,352.5,169.0,0.9457,0
253,8.4418,54.7,0.5,348.5,168.9,0.9454,0
254,8.4751,68.0,0.2,350.2,168.1,0.931,0
255,8.5085,77.4,0.2,354.1,168.6,0.9219,0
256,8.5419,74.8,0.4,353.5,168.5,0.9219,0
257,8.5752,62.5,0.9,363.1,168.3,0.9115,0
258,8.6086,64.0,0.7,359.2,168.7,0.9468,0
259,8.642,52.9,0.6,363.3,168.2,0.9468,0
260,8.6753,47.9,0.0,358.7,167.9,0.9491,0
261,8.7087,42.3,0.0,360.6,167.5,0.9185,0
262,8.7421,43.7,0.0,358.0,168.2,0.9299,0
263,8.7754,57.3,0.3,362.2,168.7,0.9441,0
264,8.8088,62.3,0.0,352.0,168.2,0.9399,0
265,8.8422,73.1,0.0,362.3,165.5,0.9175,0
265,8.8422,63.5,0.6,362.9,168.3,0.5701,0
266,8.8755,36.3,0.3,365.2,167.2,0.9415,0
267,8.9089,53.6,0.0,365.8,167.6,0.9497,0
268,8.9423,88.3,0.0,351.6,167.0,0.9323,0
269,8.9756,58.0,0.0,341.1,168.0,0.9403,0
270,9.009,63.6,0.8,345.9,168.4,0.9362,0
271,9.0424,74.0,0.0,349.9,168.4,0.9315,0
272,9.0757,67.5,0.0,347.4,168.1,0.9384,0
273,9.1091,61.0,0.3,355.4,167.6,0.9325,0
274,9.1425,63.6,0.3,351.6,168.2,0.945,0
275,9.1758,63.6,0.0,352.5,168.0,0.9514,0
276,9.2092,55.6,0.3,354.9,169.2,0.9495,0
277,9.2426,52.0,0.0,356.3,167.9,0.9324,0
278,9.2759,59.2,0.1,356.9,167.0,0.926,0
279,9.3093,57.2,0.6,364.7,167.2,0.9367,0
280,9.3427,61.5,0.0,356.2,167.1,0.9491,0
281,9.376,59.4,0.0,355.1,167.1,0.9349,0
282,9.4094,67.9,0.2,361.2,167.8,0.8815,0
282,9.4094,82.1,0.0,359.9,165.1,0.3006,0
283,9.4428,70.4,1.1,348.2,167.8,0.9185,0
284,9.4761,77.0,1.1,352.8,167.6,0.9104,0
285,9.5095,82.4,1.4,352.9,167.9,0.9081,0
286,9.5429,61.8,0.0,357.9,168.7,0.935,0
287,9.5762,76.9,0.6,362.6,168.0,0.9181,0
288,9.6096,62.5,0.6,364.1,169.6,0.9224,0
289,9.643,59.9,1.5,365.9,168.6,0.9199,0
290,9.6763,42.0,0.6,374.8,168.7,0.9169,0
291,9.7097,39.9,0.8,359.6,167.8,0.8832,0
292,9.7431,54.9,0.7,361.1,168.3,0.9466,0
293,9.7764,63.6,0.0,353.3,168.6,0.9477,0
294,9.8098,45.8,0.2,351.5,168.0,0.9271,0
295,9.8432,59.4,2.9,352.4,169.1,0.9378,0
296,9.8765,62.4,0.2,353.1,167.1,0.9397,0
297,9.9099,67.5,0.7,358.0,167.5,0.9368,0
298,9.9433,63.6,0.0,359.5,168.3,0.9364,0
299,9.9766,59.8,0.0,359.0,168.3,0.9276,0
300,10.01,69.8,0.7,358.6,168.6,0.939,0
301,10.0434,56.9,0.8,357.8,169.1,0.9372,0
302,10.0767,62.5,0.5,360.8,169.7,0.9367,0
303,10.1101,70.7,0.6,356.4,169.3,0.9497,0
304,10.1435,62.1,1.9,361.2,169.0,0.836,0
304,10.1435,70.3,0.8,360.0,168.5,0.2667,0
305,10.1768,63.6,0.7,355.2,169.5,0.9345,0
306,10.2102,84.1,1.1,351.7,168.8,0.9188,0
307,10.2436,73.8,0.4,350.9,168.4,0.9364,0
308,10.2769,48.0,2.0,362.4,168.1,0.9431,0
309,10.3103,62.4,0.0,358.9,168.2,0.9361,0
310,10.3437,69.7,0.6,362.5,167.7,0.9337,0
311,10.377,56.3,3.3,353.5,168.0,0.9316,0
312,10.4104,64.8,0.1,360.1,169.2,0.9344,0
313,10.4438,64.1,0.0,361.2,169.5,0.9455,0
314,10.4771,57.2,1.4,355.3,169.4,0.9449,0
315,10.5105,66.4,0.3,352.5,169.0,0.9142,0
316,10.5439,59.6,0.0,355.0,168.0,0.9391,0
317,10.5772,58.8,0.0,348.7,167.7,0.9307,0
318,10.6106,99.5,0.7,350.6,167.2,0.9432,0
319,10.644,72.2,0.0,355.5,168.5,0.9429,0
320,10.6773,82.3,2.3,358.6,167.7,0.935,0
321,10.7107,70.9,1.1,351.9,167.6,0.927,0
322,10.7441,57.8,1.3,351.5,166.3,0.931,0
323,10.7774,83.5,0.2,354.7,166.7,0.9212,0
324,10.8108,66.4,0.4,356.3,166.8,0.936,0
325,10.8442,61.8,1.1,351.5,166.1,0.9503,0
326,10.8775,66.7,2.8,349.8,166.1,0.936,0
327,10.9109,68.4,0.3,352.9,166.2,0.925,0
328,10.9443,64.9,0.7,351.9,167.4,0.927,0
329,10.9776,51.7,0.1,351.4,167.6,0.939,0
330,11.011,47.9,0.0,357.1,168.3,0.9339,0
331,11.0444,58.9,0.2,358.7,167.7,0.9282,0
332,11.0777,49.5,2.1,353.8,167.1,0.9347,0
333,11.1111,65.4,0.0,350.7,166.8,0.9393,0
334,11.1445,54.6,5.1,353.2,168.5,0.9432,0
335,11.1778,49.6,0.0,348.9,168.0,0.8942,0
336,11.2112,57.8,0.2,353.4,167.9,0.9369,0
337,11.2446,54.8,0.0,355.4,167.5,0.9447,0
338,11.2779,80.9,0.0,363.5,167.6,0.9155,0
339,11.3113,59.0,0.0,370.9,167.3,0.9236,0
340,11.3447,88.5,0.8,369.4,163.8,0.9064,0
341,11.378,81.0,1.1,354.1,166.8,0.914,0
342,11.4114,70.9,0.3,356.4,166.5,0.937,0
343,11.4448,78.9,0.0,371.0,164.8,0.9429,0
344,11.4781,81.6,0.7,383.3,164.4,0.9192,0
344,11.4781,0.0,19.2,117.0,268.8,0.138,1
345,11.5115,33.9,1.6,362.4,168.3,0.8979,0
345,11.5115,39.2,0.5,361.7,167.7,0.3584,0
346,11.5449,50.7,2.3,369.0,169.0,0.9369,0
347,11.5782,50.1,2.0,368.0,169.0,0.9132,0
347,11.5782,63.7,0.0,367.2,166.4,0.7123,0
348,11.6116,70.2,0.4,353.8,167.9,0.9444,0
349,11.645,52.9,0.3,361.0,168.4,0.9402,0
350,11.6783,45.6,0.2,358.5,169.1,0.934,0
351,11.7117,45.8,0.0,358.3,169.5,0.9394,0
352,11.7451,63.4,1.1,356.4,168.3,0.9371,0
353,11.7784,49.2,0.2,360.4,167.8,0.9404,0
354,11.8118,49.8,2.4,353.1,168.8,0.9052,0
355,11.8452,74.6,0.2,353.9,167.9,0.9122,0
356,11.8785,57.9,1.4,361.6,169.7,0.6077,0
356,11.8785,71.5,0.1,360.6,169.3,0.4497,0
357,11.9119,50.0,0.5,364.0,168.3,0.9364,0
358,11.9453,64.0,1.6,363.4,168.3,0.9403,0
359,11.9786,92.2,3.7,355.7,168.0,0.7579,0
359,11.9786,99.1,6.2,356.3,165.8,0.6493,0
360,12.012,86.8,0.3,351.0,167.4,0.9212,0
361,12.0454,71.4,3.4,355.1,168.0,0.9171,0
362,12.0787,76.3,0.6,362.8,167.4,0.9133,0
363,12.1121,84.5,0.0,359.9,168.4,0.9259,0
364,12.1455,71.7,1.0,354.3,168.4,0.8773,0
364,12.1455,62.2,3.8,355.9,169.0,0.1156,0
365,12.1788,58.6,0.7,350.8,168.2,0.9258,0
366,12.2122,62.3,0.8,354.5,167.6,0.9315,0
367,12.2456,62.8,0.3,364.1,169.0,0.9358,0
368,12.2789,62.2,3.3,359.4,168.5,0.9385,0
369,12.3123,32.6,0.5,349.5,168.4,0.9143,0
369,12.3123,0.0,45.1,103.5,270.6,0.1409,1
370,12.3457,91.7,0.0,353.3,168.9,0.9354,0
371,12.379,57.4,0.0,353.4,168.2,0.9474,0
372,12.4124,55.6,0.9,357.3,170.0,0.9392,0
373,12.4458,50.1,1.3,361.3,169.7,0.9319,0
374,12.4791,46.5,0.9,350.3,169.0,0.9088,0
374,12.4791,296.8,37.3,350.0,161.2,0.1616,0
375,12.5125,28.6,0.7,352.7,167.7,0.9137,0
376,12.5459,71.5,0.5,355.3,168.5,0.936,0
376,12.5459,0.0,11.3,92.8,268.3,0.3072,1
377,12.5792,111.3,0.0,361.1,164.3,0.9189,0
378,12.6126,59.3,0.4,355.0,168.4,0.9341,0
379,12.646,59.5,1.1,359.4,167.9,0.9432,0
380,12.6793,67.4,0.4,357.9,167.2,0.9443,0
381,12.7127,64.2,1.6,353.3,167.5,0.9354,0
382,12.7461,93.3,1.6,361.1,165.1,0.9252,0
383,12.7794,61.7,1.2,367.5,167.3,0.8838,0
383,12.7794,72.6,1.7,367.9,163.9,0.5294,0
384,12.8128,42.3,1.4,365.5,168.2,0.9334,0
385,12.8462,49.8,0.8,362.7,167.9,0.9344,0
386,12.8795,70.5,1.1,345.4,167.1,0.8957,0
387,12.9129,69.0,0.6,349.2,167.6,0.9355,0
388,12.9463,61.7,0.0,356.3,168.1,0.9486,0
389,12.9796,56.8,1.2,366.3,165.7,0.8291,0
389,12.9796,53.3,1.2,365.0,168.9,0.6005,0
389,12.9796,0.0,66.0,87.2,268.1,0.1536,1
390,13.013,63.8,0.6,353.8,169.5,0.9256,0
390,13.013,0.0,62.0,90.5,269.0,0.1546,1
391,13.0464,75.6,2.3,354.2,168.7,0.9278,0
391,13.0464,0.0,58.2,90.1,268.9,0.2287,1
392,13.0797,66.3,0.0,359.2,167.8,0.9524,0
393,13.1131,65.9,0.0,362.5,167.2,0.9229,0
394,13.1465,74.5,1.5,359.8,167.5,0.933,0
395,13.1798,66.7,0.0,354.0,168.5,0.9278,0
396,13.2132,66.1,1.0,362.5,164.7,0.8817,0
396,13.2132,59.7,0.2,363.6,168.2,0.2625,0
397,13.2466,63.5,0.3,361.2,168.4,0.818,0
397,13.2466,49.8,2.5,362.0,168.5,0.325,0
398,13.2799,62.0,0.1,362.9,167.3,0.9291,0
399,13.3133,57.3,0.5,364.3,167.4,0.9304,0
400,13.3467,49.1,0.0,365.6,169.2,0.9306,0
401,13.38,55.2,0.0,358.1,168.6,0.9211,0
402,13.4134,57.5,0.0,366.0,166.9,0.9246,0
403,13.4468,104.7,0.2,360.2,167.3,0.7006,0
403,13.4468,106.5,0.0,359.5,165.7,0.2268,0
404,13.4801,93.2,0.0,362.8,166.1,0.8801,0
405,13.5135,64.5,0.4,368.1,167.6,0.909,0
405,13.5135,66.7,0.5,366.5,165.8,0.2453,0
406,13.5469,71.7,0.4,370.4,165.1,0.8851,0
406,13.5469,68.3,0.0,371.1,166.9,0.1177,0
407,13.5802,71.8,0.0,369.2,165.5,0.836,0
408,13.6136,59.1,0.6,354.8,168.3,0.9114,0
409,13.647,69.7,0.3,354.1,169.3,0.914,0
410,13.6803,60.2,0.7,355.3,169.7,0.8252,0
410,13.6803,55.1,2.5,356.5,169.9,0.3093,0
411,13.7137,68.1,0.0,360.2,168.8,0.9325,0
412,13.7471,69.3,0.8,363.1,169.1,0.9342,0
413,13.7804,64.5,0.4,349.9,169.1,0.9315,0
414,13.8138,64.6,0.0,352.4,168.6,0.9434,0
415,13.8472,71.6,0.3,356.7,168.1,0.9231,0
416,13.8805,79.8,0.0,346.4,167.5,0.9219,0
417,13.9139,64.9,0.0,346.6,168.9,0.9338,0
418,13.9473,56.4,1.0,350.0,168.0,0.933,0
419,13.9806,56.1,0.7,354.2,167.5,0.9325,0
420,14.014,44.2,0.0,359.3,167.8,0.9377,0
421,14.0474,59.1,2.6,363.6,167.9,0.929,0
422,14.0807,53.3,0.2,369.0,167.7,0.8372,0
422,14.0807,47.7,2.7,369.8,167.7,0.1108,0
423,14.1141,62.1,0.7,367.6,166.9,0.9336,0
424,14.1475,58.3,0.5,366.7,167.7,0.912,0
425,14.1808,51.2,0.8,367.1,168.9,0.9155,0
426,14.2142,96.6,1.4,375.8,166.1,0.9323,0
427,14.2476,71.6,3.8,390.9,165.6,0.9326,0
428,14.2809,47.0,0.0,381.6,168.8,0.9037,0
428,14.2809,0.0,22.4,110.2,268.0,0.2179,1
429,14.3143,84.3,0.3,361.6,168.3,0.9055,0
429,14.3143,0.0,22.6,110.5,267.4,0.1022,1
430,14.3477,65.9,2.9,366.2,168.1,0.934,0
431,14.381,61.9,0.8,366.8,167.5,0.9235,0
432,14.4144,38.7,0.2,360.0,167.2,0.9422,0
432,14.4144,0.0,16.7,108.8,267.6,0.2225,1
432,14.4144,0.0,7.2,112.6,263.6,0.119,1
433,14.4478,44.5,0.1,361.5,167.2,0.9491,0
434,14.4811,89.5,0.8,358.1,167.2,0.918,0
435,14.5145,69.5,0.1,356.3,167.2,0.9211,0
436,14.5479,77.3,0.0,361.1,167.5,0.8918,0
437,14.5812,97.5,0.2,364.4,165.0,0.9149,0
438,14.6146,88.7,0.0,365.1,164.1,0.9114,0
439,14.648,53.6,1.5,358.0,167.9,0.9389,0
440,14.6813,83.2,1.5,355.9,167.9,0.911,0
441,14.7147,61.0,0.6,359.6,167.4,0.9404,0
441,14.7147,0.0,21.7,114.9,260.4,0.1155,1
442,14.7481,28.3,1.1,357.3,166.6,0.9479,0
442,14.7481,0.0,41.4,97.8,269.3,0.1839,1
442,14.7481,0.0,25.4,111.8,261.1,0.1453,1
443,14.7814,65.6,1.3,358.3,166.9,0.9439,0
444,14.8148,38.5,0.4,364.1,167.4,0.9348,0
445,14.8482,48.0,0.7,374.3,168.0,0.9497,0
445,14.8482,0.0,21.8,101.7,265.9,0.3358,1
446,14.8815,54.3,0.2,356.3,167.5,0.938,0
447,14.9149,38.3,1.1,358.5,166.9,0.9226,0
448,14.9483,50.4,1.6,359.9,167.5,0.9226,0
448,14.9483,0.0,80.9,92.7,268.0,0.1113,1
449,14.9816,49.6,2.5,364.9,168.6,0.9379,0
450,15.015,72.8,1.5,375.6,166.4,0.8926,0
451,15.0484,39.3,1.6,368.1,164.6,0.8294,0
452,15.0817,43.1,0.6,361.7,167.4,0.9273,0
452,15.0817,0.0,11.6,102.6,272.0,0.147,1
453,15.1151,85.2,0.5,364.2,163.8,0.9357,0
454,15.1485,69.0,0.3,362.7,166.8,0.9262,0
455,15.1818,63.9,0.9,361.2,165.3,0.9433,0
456,15.2152,62.9,0.9,357.6,166.3,0.9442,0
457,15.2486,50.8,1.8,355.5,166.5,0.8637,0
458,15.2819,45.1,0.0,357.0,167.0,0.9182,0
459,15.3153,51.6,1.1,357.5,167.7,0.9419,0
460,15.3487,89.9,1.8,371.7,164.0,0.9315,0
461,15.382,34.2,0.5,367.6,167.4,0.8935,0
462,15.4154,58.2,0.7,356.6,166.3,0.9244,0
463,15.4488,61.9,0.8,356.0,165.8,0.9507,0
464,15.4821,75.0,0.0,352.9,167.2,0.9383,0
465,15.5155,68.0,0.0,358.4,167.5,0.8849,0
465,15.5155,63.6,2.2,360.9,167.4,0.3243,0
466,15.5489,107.3,0.6,358.4,164.9,0.9246,0
467,15.5822,79.6,0.3,351.7,166.7,0.9366,0
468,15.6156,101.2,0.0,350.2,167.2,0.9424,0
469,15.649,96.0,0.8,350.2,167.2,0.9354,0
470,15.6823,70.8,1.0,353.4,167.1,0.9485,0
470,15.6823,0.0,8.0,117.4,266.5,0.2651,1
471,15.7157,60.5,2.3,350.5,167.3,0.9554,0
471,15.7157,0.0,4.2,118.8,269.3,0.2006,1
472,15.7491,88.1,0.0,351.7,165.9,0.9397,0
473,15.7824,57.7,0.0,354.4,168.0,0.933,0
474,15.8158,59.2,0.0,359.3,165.1,0.9188,0
475,15.8492,64.7,0.0,368.6,166.2,0.8698,0
475,15.8492,0.0,16.7,112.7,267.1,0.127,1
476,15.8825,101.7,0.0,375.3,165.6,0.9188,0
476,15.8825,0.0,24.9,120.6,258.2,0.1048,1
477,15.9159,80.2,0.5,370.8,164.6,0.9196,0
477,15.9159,70.2,0.4,370.9,167.7,0.1162,0
478,15.9493,92.0,0.0,351.2,167.8,0.931,0
479,15.9826,65.8,0.5,360.3,168.2,0.9322,0
479,15.9826,0.0,83.8,83.8,268.7,0.1337,1
480,16.016,66.1,0.1,370.5,165.9,0.9107,0
481,16.0494,106.9,3.0,358.6,165.9,0.9232,0
482,16.0827,98.3,0.0,358.5,165.3,0.9279,0
483,16.1161,97.2,0.0,355.3,165.9,0.9148,0
484,16.1495,56.9,1.4,359.5,167.6,0.868,0
484,16.1495,54.7,1.5,359.8,164.1,0.6874,0
485,16.1828,79.7,0.0,363.3,164.4,0.9215,0
486,16.2162,108.4,0.7,358.4,164.2,0.935,0
487,16.2496,104.1,0.0,358.0,163.3,0.9355,0
488,16.2829,73.4,0.0,351.7,167.9,0.9435,0
489,16.3163,81.8,1.3,354.2,168.1,0.944,0
490,16.3497,63.8,2.4,351.6,168.4,0.9373,0
491,16.383,71.5,1.7,354.8,168.4,0.9369,0
492,16.4164,37.4,0.7,358.0,168.3,0.9408,0
493,16.4498,27.4,0.1,363.9,169.0,0.9219,0
493,16.4498,0.0,52.9,98.4,268.1,0.1199,1
494,16.4831,31.7,0.7,364.9,168.4,0.9348,0
495,16.5165,60.1,0.0,358.7,168.5,0.9447,0
496,16.5499,80.4,0.3,354.5,168.1,0.942,0
497,16.5832,99.5,0.0,358.2,166.4,0.9297,0
498,16.6166,83.7,0.0,352.5,167.0,0.9198,0
499,16.65,59.2,0.9,355.3,168.1,0.9476,0
500,16.6833,40.2,2.9,360.7,169.2,0.9225,0
501,16.7167,117.9,0.0,358.7,166.1,0.9484,0
502,16.7501,85.4,0.8,354.3,167.4,0.9267,0
503,16.7834,48.3,1.2,357.0,166.6,0.9185,0
504,16.8168,59.1,0.2,358.8,168.0,0.9449,0
505,16.8502,80.8,0.0,360.6,169.1,0.9275,0
505,16.8502,0.0,16.0,103.1,267.7,0.3688,1
505,16.8502,0.0,12.6,105.6,269.8,0.1946,1
506,16.8835,72.5,0.0,354.5,169.0,0.9454,0
507,16.9169,97.7,0.2,359.4,167.5,0.5624,0
507,16.9169,99.4,0.3,358.7,165.5,0.1734,0
508,16.9503,52.2,0.1,359.1,168.1,0.9256,0
509,16.9836,42.1,0.0,360.2,167.3,0.946,0
509,16.9836,0.0,20.7,97.8,268.0,0.1183,1
510,17.017,74.9,0.8,360.1,163.8,0.7589,0
510,17.017,67.7,0.9,360.9,166.6,0.6563,0
511,17.0504,95.6,0.7,363.4,164.7,0.9132,0
512,17.0837,59.1,0.0,368.1,164.0,0.923,0
513,17.1171,112.7,1.1,352.2,166.5,0.7711,0
514,17.1505,63.6,0.1,359.4,167.9,0.9447,0
515,17.1838,79.3,1.2,360.2,167.5,0.9184,0
516,17.2172,83.6,0.0,368.7,165.2,0.9374,0
517,17.2506,39.8,3.1,352.0,168.6,0.9303,0
518,17.2839,54.4,0.8,351.4,167.4,0.9376,0
519,17.3173,47.2,0.0,358.6,167.5,0.9427,0
520,17.3507,45.9,0.5,363.5,168.8,0.9371,0
521,17.384,48.4,0.0,353.7,168.5,0.9365,0
522,17.4174,36.8,0.0,356.4,168.2,0.7632,0
522,17.4174,33.3,1.5,357.3,169.3,0.4356,0
523,17.4508,39.4,0.4,365.2,167.8,0.9252,0
524,17.4841,79.2,0.0,365.4,166.6,0.9361,0
525,17.5175,91.7,0.4,356.2,167.1,0.9115,0
526,17.5509,40.9,0.4,360.9,168.0,0.8858,0
527,17.5842,102.8,0.2,375.3,165.7,0.9401,0
528,17.6176,98.5,1.0,393.5,164.5,0.9379,0
529,17.651,63.4,0.1,363.1,168.0,0.9223,0
530,17.6843,72.2,0.0,362.2,168.0,0.9383,0
531,17.7177,70.1,0.2,365.6,165.2,0.8899,0
532,17.7511,70.1,0.4,356.8,168.2,0.933,0
533,17.7844,56.7,4.1,358.5,168.7,0.9378,0
534,17.8178,44.7,0.0,364.2,169.1,0.938,0
534,17.8178,0.0,55.3,83.5,267.9,0.1229,1
535,17.8512,51.0,0.5,354.9,167.6,0.9329,0
536,17.8845,62.8,0.0,361.5,168.8,0.9435,0
537,17.9179,68.2,0.7,361.1,169.1,0.9407,0
538,17.9513,51.0,1.0,364.0,167.8,0.927,0
539,17.9846,54.6,0.0,369.9,168.7,0.9293,0
539,17.9846,0.0,21.4,113.7,264.4,0.1247,1
540,18.018,66.4,0.6,368.9,164.7,0.887,0
541,18.0514,52.8,2.2,361.0,168.8,0.9252,0
541,18.0514,64.3,1.3,359.7,164.4,0.6787,0
542,18.0847,56.5,1.1,370.1,164.9,0.9328,0
542,18.0847,0.0,44.8,106.9,261.3,0.3659,1
543,18.1181,76.7,0.0,375.7,165.4,0.9365,0
544,18.1515,64.9,0.0,366.0,164.4,0.9272,0
545,18.1848,89.1,1.3,373.6,164.3,0.9171,0
546,18.2182,68.9,0.4,352.0,168.3,0.9321,0
547,18.2516,43.6,0.3,353.2,167.7,0.9311,0
547,18.2516,0.0,75.0,98.3,267.8,0.1663,1
548,18.2849,39.6,0.5,361.6,168.0,0.9261,0
549,18.3183,39.0,0.3,367.2,167.5,0.9361,0
550,18.3517,34.7,0.0,357.6,167.7,0.9321,0
550,18.3517,0.0,25.5,102.5,266.9,0.1061,1
551,18.385,39.3,0.6,361.6,168.7,0.9347,0
552,18.4184,55.8,0.0,364.3,167.8,0.9321,0
552,18.4184,0.0,27.7,106.3,265.8,0.1803,1
553,18.4518,61.3,2.5,357.3,167.2,0.9349,0
554,18.4851,102.2,0.0,362.8,165.7,0.9352,0
555,18.5185,55.4,0.0,363.2,167.7,0.8347,0
556,18.5519,101.2,1.3,357.8,164.7,0.6004,0
556,18.5519,95.7,1.0,358.6,166.7,0.3673,0
556,18.5519,0.0,26.4,115.2,263.9,0.1531,1
557,18.5852,88.3,1.7,371.5,164.4,0.9507,0
558,18.6186,81.7,0.3,373.4,164.1,0.9276,0
559,18.652,86.7,0.8,352.3,166.7,0.9182,0
560,18.6853,72.8,0.3,363.0,167.5,0.9341,0
560,18.6853,0.0,7.5,117.8,268.6,0.2762,1
561,18.7187,66.4,0.0,363.8,168.4,0.905,0
561,18.7187,0.0,7.9,117.6,267.1,0.1776,1
562,18.7521,71.7,1.1,359.2,165.3,0.8868,0
563,18.7854,73.1,0.0,365.8,165.1,0.8929,0
564,18.8188,59.4,1.3,360.8,168.0,0.9407,0
564,18.8188,0.0,20.6,96.7,265.5,0.1146,1
565,18.8522,92.4,1.8,358.5,167.6,0.9336,0
566,18.8855,100.2,1.0,360.1,165.9,0.9239,0
566,18.8855,0.0,20.5,120.3,263.8,0.1127,1
566,18.8855,0.0,25.8,116.4,266.3,0.1058,1
567,18.9189,98.6,0.0,356.8,167.1,0.929,0
568,18.9523,83.0,0.0,366.2,165.7,0.9296,0
568,18.9523,0.0,91.4,76.2,267.4,0.2817,1
569,18.9856,40.3,6.5,367.3,168.4,0.9438,0
569,18.9856,62.4,6.2,367.6,165.7,0.7626,0
570,19.019,42.1,0.9,361.1,169.2,0.9329,0
571,19.0524,43.7,2.6,360.7,168.2,0.9334,0
572,19.0857,50.7,3.4,364.6,167.8,0.8631,0
572,19.0857,61.4,1.1,363.2,167.3,0.5225,0
573,19.1191,109.2,0.3,356.0,167.6,0.4591,0
573,19.1191,107.7,0.0,356.6,165.6,0.3362,0
574,19.1525,95.1,0.0,362.3,164.8,0.8874,0
575,19.1858,66.4,0.2,366.0,165.4,0.9025,0
576,19.2192,90.9,0.0,364.8,165.2,0.9032,0
577,19.2526,68.6,0.2,357.8,168.3,0.9329,0
578,19.2859,64.0,0.4,358.4,168.6,0.9362,0
579,19.3193,53.9,2.7,361.6,168.3,0.9382,0
580,19.3527,47.0,0.4,362.4,167.8,0.9289,0
581,19.386,79.4,0.5,364.4,165.2,0.9221,0
582,19.4194,72.0,0.0,363.8,167.9,0.9341,0
583,19.4528,50.0,0.3,359.6,168.5,0.9303,0
584,19.4861,96.8,0.5,361.7,164.7,0.9002,0
585,19.5195,100.7,0.2,359.8,164.9,0.9257,0
586,19.5529,97.6,1.9,359.7,165.8,0.6839,0
586,19.5529,87.7,1.0,360.4,167.5,0.4632,0
587,19.5862,103.2,0.0,355.4,166.1,0.8953,0
588,19.6196,97.0,0.0,358.0,166.6,0.9023,0
589,19.653,79.0,0.1,354.6,168.9,0.9301,0
590,19.6863,92.3,0.7,358.6,165.1,0.9212,0
591,19.7197,41.9,0.9,354.2,167.7,0.9324,0
592,19.7531,44.5,0.6,377.2,168.3,0.9168,0
592,19.7531,54.1,0.6,372.9,164.7,0.3843,0
593,19.7864,49.9,0.0,374.2,164.9,0.8977,0
594,19.8198,62.3,0.2,364.7,167.0,0.928,0
595,19.8532,79.1,0.0,359.6,166.7,0.9294,0
596,19.8865,72.2,0.0,359.0,167.0,0.9369,0
597,19.9199,88.4,0.9,351.2,167.1,0.9234,0
598,19.9533,86.2,1.0,350.0,167.0,0.7998,0
599,19.9866,94.3,0.9,356.3,164.5,0.8301,0
599,19.9866,87.5,0.8,355.8,166.9,0.7247,0
600,20.02,116.9,0.2,354.0,164.5,0.9299,0
601,20.0534,83.3,1.6,351.7,166.9,0.9232,0
602,20.0867,101.9,0.2,354.5,165.8,0.8884,0
603,20.1201,73.6,0.6,359.9,167.3,0.9326,0
604,20.1535,56.4,0.7,351.8,167.3,0.9467,0
605,20.1868,38.6,0.2,355.0,167.5,0.9217,0
606,20.2202,57.2,1.4,359.5,167.8,0.9443,0
607,20.2536,35.8,0.0,357.1,167.4,0.929,0
608,20.2869,59.6,0.2,354.3,168.5,0.9105,0
609,20.3203,63.4,0.0,349.8,168.0,0.9379,0
610,20.3537,73.3,0.2,349.8,166.3,0.9333,0
611,20.387,75.1,0.0,349.7,166.7,0.9336,0
612,20.4204,59.7,2.0,353.9,169.6,0.8086,0
612,20.4204,64.6,0.0,352.6,169.3,0.6065,0
613,20.4538,62.5,0.5,350.1,168.7,0.9126,0
614,20.4871,69.7,0.1,351.7,168.6,0.9257,0
615,20.5205,61.5,0.9,355.6,166.8,0.9438,0
616,20.5539,48.6,1.1,365.1,164.1,0.9059,0
617,20.5872,94.1,0.0,363.6,164.7,0.8958,0
618,20.6206,76.9,0.4,356.0,167.4,0.9052,0
619,20.654,68.6,0.3,363.7,166.9,0.9408,0
620,20.6873,54.9,0.0,357.6,168.3,0.9352,0
621,20.7207,51.6,0.0,365.5,169.2,0.9398,0
621,20.7207,0.0,7.5,114.0,264.9,0.1281,1
622,20.7541,59.5,0.5,360.9,169.0,0.9424,0
622,20.7541,0.0,25.9,96.5,261.0,0.1902,1
623,20.7874,108.1,0.0,355.6,166.3,0.8905,0
624,20.8208,70.7,0.3,357.3,169.6,0.9372,0
625,20.8542,68.3,0.8,353.0,169.4,0.9399,0
626,20.8875,58.8,0.1,353.4,168.8,0.9487,0
627,20.9209,58.7,0.3,359.6,169.0,0.9465,0
628,20.9543,97.1,1.1,356.2,167.4,0.9293,0
629,20.9876,86.6,0.5,350.5,167.8,0.9253,0
630,21.021,90.1,0.0,355.9,168.7,0.9253,0
631,21.0544,121.2,0.0,359.2,164.6,0.9341,0
631,21.0544,0.9,7.0,151.0,247.6,0.216,1
631,21.0544,0.0,5.1,152.3,253.8,0.1006,1
632,21.0877,86.2,0.4,360.5,165.9,0.9039,0
633,21.1211,62.8,0.8,355.3,169.0,0.9321,0
634,21.1545,65.0,0.0,354.4,169.0,0.9414,0
635,21.1878,87.1,1.8,356.4,169.3,0.934,0
636,21.2212,88.8,1.6,355.0,166.8,0.9341,0
637,21.2546,56.8,0.0,362.4,167.4,0.9314,0
638,21.2879,65.9,0.8,364.8,167.4,0.8959,0
639,21.3213,108.1,0.0,364.4,166.8,0.9418,0
640,21.3547,83.6,0.6,354.2,169.4,0.9367,0
641,21.388,104.8,2.7,359.8,166.5,0.9324,0
642,21.4214,82.8,0.4,360.1,167.6,0.9311,0
643,21.4548,73.1,0.3,350.2,168.6,0.9271,0
644,21.4881,82.1,0.4,347.4,168.3,0.9386,0
644,21.4881,0.0,35.2,114.8,266.3,0.1925,1
645,21.5215,101.6,0.0,347.4,168.2,0.9456,0
645,21.5215,0.0,7.0,130.0,247.8,0.1711,1
646,21.5549,96.4,0.0,347.0,168.1,0.9447,0
646,21.5549,3.3,6.5,123.5,212.0,0.1576,1
647,21.5882,76.0,0.0,352.4,168.5,0.9435,0
647,21.5882,0.0,19.9,109.9,260.4,0.12,1
648,21.6216,52.8,0.1,355.6,169.1,0.952,0
649,21.655,67.0,0.3,355.2,168.3,0.9272,0
650,21.6883,73.5,0.0,356.8,169.2,0.9288,0
651,21.7217,74.5,0.1,354.8,169.6,0.6746,0
651,21.7217,62.2,2.7,356.3,168.9,0.2321,0
652,21.7551,96.8,2.6,351.0,168.2,0.9271,0
653,21.7884,87.0,0.3,347.9,168.9,0.932,0
654,21.8218,79.2,0.0,350.3,168.5,0.9341,0
655,21.8552,95.8,1.1,358.5,168.1,0.9406,0
655,21.8552,0.0,11.3,125.8,236.4,0.15,1
656,21.8885,94.6,1.1,367.6,167.7,0.9294,0
656,21.8885,0.0,8.5,127.8,214.7,0.1311,1
657,21.9219,70.5,0.0,367.9,169.4,0.9385,0
657,21.9219,0.0,13.5,113.5,262.3,0.5376,1
657,21.9219,0.0,8.7,124.8,231.9,0.1607,1
658,21.9553,67.8,0.0,348.4,168.7,0.9493,0
659,21.9886,73.1,0.0,350.0,169.0,0.9361,0
659,21.9886,0.0,48.5,97.3,267.6,0.1614,1
660,22.022,72.1,0.0,354.7,168.5,0.9343,0
660,22.022,0.0,8.4,109.2,267.7,0.1656,1
661,22.0554,71.1,0.0,356.0,168.6,0.933,0
662,22.0887,89.8,0.0,353.4,168.5,0.9313,0
663,22.1221,89.6,0.0,360.5,166.5,0.9237,0
663,22.1221,0.0,25.6,96.4,267.3,0.1659,1
663,22.1221,0.0,53.0,84.3,270.3,0.1409,1
664,22.1555,94.3,2.4,365.1,166.2,0.9087,0
665,22.1888,103.2,0.0,367.8,166.5,0.9361,0
666,22.2222,106.3,0.7,364.6,165.9,0.9322,0
667,22.2556,98.1,1.5,374.0,167.2,0.9289,0
668,22.2889,103.2,1.3,362.2,167.6,0.9245,0
669,22.3223,64.4,0.0,359.8,167.9,0.9469,0
670,22.3557,80.0,0.0,363.0,167.8,0.9337,0
671,22.389,50.7,0.3,351.7,168.4,0.9393,0
671,22.389,0.0,8.2,119.0,271.2,0.159,1
672,22.4224,64.3,0.1,362.2,168.7,0.9304,0
672,22.4224,0.0,18.4,120.0,266.9,0.2142,1
673,22.4558,77.5,3.4,356.7,168.3,0.9264,0
674,22.4891,93.7,1.8,353.7,167.0,0.9344,0
675,22.5225,68.4,0.9,353.8,169.0,0.9452,0
675,22.5225,0.0,10.3,115.9,272.0,0.1594,1
676,22.5559,90.7,0.0,358.0,167.5,0.9423,0
677,22.5892,68.6,0.0,356.4,168.5,0.9479,0
677,22.5892,0.0,17.7,111.1,267.9,0.1163,1
678,22.6226,99.9,0.0,350.1,167.1,0.9288,0
679,22.656,67.2,0.1,346.9,168.5,0.9367,0
680,22.6893,71.6,1.3,349.4,168.6,0.9299,0
681,22.7227,95.3,0.3,347.9,167.4,0.9218,0
682,22.7561,85.0,0.1,348.3,168.6,0.8961,0
683,22.7894,82.6,1.6,355.5,168.3,0.9402,0
683,22.7894,0.0,5.6,119.5,270.2,0.1929,1
683,22.7894,1.6,3.2,131.7,234.6,0.1209,1
684,22.8228,59.4,0.5,357.0,168.4,0.9373,0
685,22.8562,41.3,1.3,352.9,169.2,0.9342,0
686,22.8895,64.7,0.0,364.0,169.1,0.9539,0
687,22.9229,107.1,1.3,368.4,165.0,0.9251,0
688,22.9563,64.7,0.2,367.7,169.1,0.9213,0
689,22.9896,57.8,5.2,352.2,168.4,0.9096,0
690,23.023,66.5,0.8,355.3,169.1,0.9285,0
690,23.023,0.0,22.0,108.2,267.4,0.1619,1
691,23.0564,70.6,0.6,356.8,169.6,0.9345,0
692,23.0897,112.9,0.0,356.3,166.0,0.9264,0
693,23.1231,85.6,0.3,365.1,168.7,0.9213,0
694,23.1565,67.7,0.0,371.1,167.6,0.858,0
694,23.1565,0.0,17.8,104.0,266.6,0.1556,1
695,23.1898,77.2,0.5,354.7,168.9,0.9216,0
696,23.2232,70.7,0.0,360.4,168.2,0.9314,0
697,23.2566,72.4,0.2,365.2,168.8,0.9138,0
697,23.2566,78.0,0.2,365.0,166.3,0.2393,0
697,23.2566,0.0,24.2,109.4,267.5,0.1613,1
698,23.2899,88.5,0.4,371.5,166.8,0.9062,0
699,23.3233,82.6,0.0,352.1,166.9,0.9397,0
700,23.3567,77.1,0.0,353.0,167.4,0.9401,0
701,23.39,40.5,0.0,358.9,168.4,0.935,0
702,23.4234,43.4,0.7,370.2,168.8,0.9335,0
702,23.4234,0.0,30.9,106.6,267.3,0.1754,1
703,23.4568,53.2,0.2,367.5,169.1,0.9261,0
703,23.4568,0.0,33.5,116.0,267.3,0.1551,1
704,23.4901,87.7,0.9,355.5,167.2,0.9336,0
705,23.5235,100.9,0.9,351.6,166.8,0.9378,0
706,23.5569,78.9,2.3,356.2,167.5,0.9131,0
707,23.5902,85.3,0.5,352.6,168.5,0.9327,0
708,23.6236,51.6,1.7,352.0,168.7,0.9178,0
708,23.6236,0.0,28.6,114.3,272.0,0.1555,1
709,23.657,74.9,2.7,364.8,167.7,0.9157,0
710,23.6903,54.0,2.6,367.0,168.1,0.8946,0
710,23.6903,61.4,0.5,366.1,168.0,0.2695,0
711,23.7237,61.1,0.4,353.3,168.4,0.6189,0
711,23.7237,53.2,2.4,354.2,168.7,0.2522,0
712,23.7571,49.5,2.7,360.3,168.8,0.8372,0
712,23.7571,51.8,0.6,359.7,169.2,0.3264,0
712,23.7571,0.0,27.4,108.8,264.9,0.2803,1
713,23.7904,65.1,0.2,364.9,168.8,0.8294,0
713,23.7904,55.4,2.4,366.1,167.9,0.1254,0
714,23.8238,83.5,0.7,350.5,167.2,0.923,0
715,23.8572,102.0,1.3,354.5,167.1,0.9387,0
716,23.8905,103.6,0.0,350.3,167.8,0.9446,0
717,23.9239,69.2,0.0,354.2,168.1,0.9405,0
717,23.9239,0.0,7.4,116.3,272.0,0.1374,1
718,23.9573,108.8,2.9,366.8,165.3,0.9323,0
719,23.9906,69.8,1.3,359.8,168.0,0.9426,0
720,24.024,64.9,2.7,359.4,168.5,0.9253,0
720,24.024,62.0,5.9,360.6,168.6,0.1826,0
721,24.0574,106.0,0.0,363.1,166.2,0.9367,0
722,24.0907,102.6,2.3,356.6,168.3,0.9362,0
723,24.1241,85.9,0.0,354.2,167.8,0.94,0
724,24.1575,81.7,0.0,352.2,168.7,0.919,0
725,24.1908,60.1,0.0,358.5,169.5,0.9336,0
726,24.2242,54.6,6.2,362.3,168.4,0.9386,0
727,24.2576,94.0,3.5,365.4,165.3,0.8941,0
728,24.2909,104.3,0.0,364.1,166.2,0.9351,0
729,24.3243,106.2,0.5,358.0,166.5,0.9212,0
730,24.3577,68.6,1.5,358.0,168.3,0.9377,0
731,24.391,101.4,1.6,366.8,166.3,0.9268,0
732,24.4244,94.2,1.4,366.6,164.8,0.8993,0
733,24.4578,62.2,3.4,359.9,168.4,0.9309,0
734,24.4911,93.2,2.1,357.5,168.5,0.8469,0
734,24.4911,0.0,12.6,126.4,269.6,0.11,1
735,24.5245,75.3,0.3,356.6,168.1,0.9231,0
736,24.5579,57.6,0.2,355.3,168.9,0.9399,0
736,24.5579,0.0,9.3,107.0,272.0,0.1039,1
737,24.5912,110.3,0.0,360.7,166.6,0.9375,0
738,24.6246,64.9,0.2,365.7,166.8,0.9223,0
738,24.6246,0.0,21.5,109.7,267.3,0.1752,1
739,24.658,121.7,1.0,350.5,165.3,0.9391,0
739,24.658,0.0,27.7,105.8,266.3,0.2015,1
740,24.6913,67.7,0.4,356.1,168.6,0.9397,0
741,24.7247,55.0,0.1,353.9,168.5,0.9434,0
742,24.7581,56.5,0.8,357.3,168.7,0.938,0
743,24.7914,82.2,0.8,369.6,165.4,0.9154,0
743,24.7914,0.0,7.2,142.4,255.9,0.1028,1
744,24.8248,102.0,0.1,368.1,166.0,0.9288,0
745,24.8582,72.6,0.1,367.8,168.7,0.9392,0
746,24.8915,91.8,0.0,357.0,168.0,0.9105,0
747,24.9249,104.2,0.1,358.0,167.7,0.9199,0
748,24.9583,107.4,0.5,355.3,167.9,0.9224,0
749,24.9916,106.8,2.6,358.6,166.8,0.9069,0
750,25.025,92.6,0.0,359.1,166.6,0.8804,0
751,25.0584,73.2,0.4,355.6,168.7,0.9391,0
752,25.0917,81.0,0.0,356.9,169.0,0.9389,0
753,25.1251,88.1,0.5,361.1,166.1,0.897,0
754,25.1585,77.4,0.4,358.8,168.2,0.907,0
754,25.1585,85.9,0.0,358.7,165.5,0.3628,0
755,25.1918,85.2,0.0,360.9,165.6,0.8877,0
755,25.1918,66.3,1.7,362.2,168.9,0.3504,0
756,25.2252,61.3,0.0,354.2,168.8,0.9326,0
757,25.2586,60.7,1.5,354.3,167.7,0.9506,0
757,25.2586,0.0,25.4,102.0,266.9,0.1012,1
758,25.2919,98.0,0.0,360.4,164.7,0.9179,0
759,25.3253,69.6,0.0,364.1,165.1,0.8361,0
759,25.3253,64.2,0.0,364.3,169.2,0.7585,0
760,25.3587,59.4,0.0,377.6,165.2,0.9161,0
760,25.3587,59.4,1.5,378.7,168.9,0.7085,0
760,25.3587,0.0,6.3,122.2,272.0,0.2308,1
761,25.392,71.1,3.1,359.1,168.6,0.9143,0
761,25.392,74.4,0.3,356.8,168.8,0.3215,0
762,25.4254,58.5,0.2,349.8,168.1,0.9231,0
763,25.4588,77.2,0.8,363.4,167.6,0.933,0
763,25.4588,0.0,5.2,163.3,261.5,0.1942,1
764,25.4921,77.5,0.0,377.7,165.4,0.9225,0
764,25.4921,0.0,4.0,150.5,266.4,0.2895,1
765,25.5255,72.6,2.8,353.0,168.6,0.8956,0
765,25.5255,74.9,0.5,351.9,168.6,0.4655,0
766,25.5589,112.7,0.0,358.2,166.1,0.915,0
767,25.5922,77.4,0.0,360.7,167.9,0.8864,0
768,25.6256,78.8,2.1,358.8,168.3,0.926,0
769,25.659,97.7,0.6,368.7,166.8,0.9339,0
770,25.6923,69.2,0.0,368.5,168.4,0.9393,0
771,25.7257,70.3,0.2,357.7,168.2,0.9456,0
772,25.7591,71.5,0.0,359.3,168.1,0.9072,0
772,25.7591,72.0,0.0,359.5,166.0,0.1815,0
773,25.7924,113.1,0.5,365.1,166.1,0.938,0
774,25.8258,94.3,1.0,374.5,166.9,0.9008,0
775,25.8592,75.4,0.4,379.6,166.5,0.933,0
776,25.8925,59.1,0.9,361.3,168.8,0.9312,0
777,25.9259,45.1,0.9,365.0,168.9,0.9341,0
778,25.9593,75.8,0.4,362.5,168.7,0.9265,0
779,25.9926,55.3,2.1,372.3,168.7,0.9355,0
780,26.026,90.3,0.2,359.0,168.1,0.9156,0
781,26.0594,87.2,0.5,355.2,168.8,0.9302,0
782,26.0927,86.4,0.4,348.7,168.7,0.9082,0
783,26.1261,64.5,0.0,355.9,168.6,0.9491,0
784,26.1595,48.5,0.3,362.2,168.8,0.9378,0
785,26.1928,89.1,0.8,360.5,165.0,0.9116,0
785,26.1928,77.8,0.4,360.8,167.3,0.2376,0
786,26.2262,82.3,0.2,359.4,165.3,0.881,0
786,26.2262,72.7,0.5,358.9,168.9,0.6481,0
787,26.2596,62.3,0.5,363.7,169.3,0.9391,0
788,26.2929,83.9,0.2,362.8,165.6,0.8888,0
789,26.3263,88.0,0.4,360.2,165.8,0.8884,0
790,26.3597,68.6,0.7,366.5,166.0,0.8948,0
790,26.3597,44.9,3.0,366.4,168.7,0.3835,0
791,26.393,91.3,2.2,368.1,165.4,0.9034,0
792,26.4264,111.5,0.0,377.7,165.0,0.9314,0
793,26.4598,72.2,3.9,379.3,164.9,0.9159,0
794,26.4931,95.1,0.0,364.6,164.9,0.8527,0
795,26.5265,84.4,0.3,357.1,168.2,0.9218,0
796,26.5599,63.9,2.4,357.5,168.7,0.7408,0
796,26.5599,77.1,0.1,355.5,168.5,0.4053,0
797,26.5932,98.2,5.1,360.7,165.9,0.8923,0
798,26.6266,97.8,1.1,357.9,165.8,0.8731,0
799,26.66,76.7,1.5,359.8,168.3,0.9254,0
800,26.6933,64.4,0.4,362.0,168.3,0.9377,0
801,26.7267,88.1,0.4,351.9,166.3,0.9048,0
802,26.7601,71.5,0.4,352.5,167.4,0.942,0
803,26.7934,75.0,0.0,356.7,167.3,0.9382,0
804,26.8268,118.3,0.1,357.4,166.0,0.9226,0
805,26.8602,115.1,1.0,357.2,165.0,0.9412,0
806,26.8935,116.5,0.0,363.2,165.2,0.9431,0
807,26.9269,113.2,0.0,361.2,165.2,0.936,0
808,26.9603,73.6,0.0,358.2,168.3,0.9222,0
809,26.9936,71.8,0.3,353.0,168.2,0.9275,0
810,27.027,74.2,1.1,364.1,168.7,0.9118,0
811,27.0604,78.2,0.1,369.7,165.2,0.907,0
812,27.0937,70.7,0.1,352.9,168.2,0.9283,0
813,27.1271,72.8,0.2,354.3,168.0,0.9224,0
814,27.1605,98.8,3.1,360.9,164.3,0.9093,0
814,27.1605,0.0,5.2,142.4,269.1,0.1184,1
815,27.1938,98.5,0.2,361.7,165.4,0.9189,0
815,27.1938,0.0,7.6,143.7,272.0,0.229,1
816,27.2272,89.5,0.1,369.8,164.3,0.896,0
816,27.2272,0.5,8.9,135.1,262.4,0.1433,1
817,27.2606,94.2,0.7,361.5,164.7,0.9285,0
817,27.2606,0.0,3.6,149.0,262.8,0.1363,1
818,27.2939,77.3,0.0,359.7,164.8,0.9207,0
819,27.3273,107.1,1.9,360.4,163.6,0.9331,0
819,27.3273,0.0,7.6,127.2,268.2,0.1482,1
820,27.3607,76.0,0.2,356.0,167.6,0.926,0
821,27.394,97.9,0.0,359.1,165.2,0.901,0
822,27.4274,122.6,2.6,358.2,163.4,0.9335,0
823,27.4608,91.4,0.6,362.4,165.3,0.9089,0
824,27.4941,70.4,0.0,354.1,168.5,0.9339,0
825,27.5275,63.2,0.1,352.2,168.0,0.95,0
826,27.5609,65.3,0.0,352.5,167.3,0.9461,0
827,27.5942,74.9,0.6,352.3,165.7,0.9247,0
828,27.6276,86.8,0.7,352.8,167.1,0.9262,0
829,27.661,88.4,0.7,352.1,166.3,0.922,0
830,27.6943,74.0,2.0,359.8,166.1,0.921,0
831,27.7277,95.9,1.1,373.2,164.6,0.9406,0
832,27.7611,82.2,0.1,359.6,164.4,0.9188,0
833,27.7944,98.6,0.6,358.6,164.6,0.9054,0
834,27.8278,58.9,3.4,357.9,168.4,0.6773,0
834,27.8278,47.6,6.0,360.6,168.2,0.5069,0
835,27.8612,89.1,1.0,355.0,168.0,0.8182,0
835,27.8612,82.3,4.1,356.6,168.1,0.1032,0
836,27.8945,71.1,0.5,353.8,168.4,0.9165,0
837,27.9279,71.5,1.4,350.6,167.9,0.9192,0
838,27.9613,88.6,1.0,351.4,166.1,0.9268,0
839,27.9946,107.7,0.1,358.7,164.1,0.9256,0
840,28.028,107.0,0.6,351.8,166.6,0.9357,0
840,28.028,0.0,9.3,139.5,270.5,0.1305,1
841,28.0614,103.3,1.2,360.0,166.5,0.8471,0
842,28.0947,99.5,0.0,357.4,165.7,0.9384,0
842,28.0947,0.0,3.5,145.2,268.7,0.1308,1
843,28.1281,102.0,2.7,364.0,164.1,0.9359,0
843,28.1281,0.0,3.6,144.7,270.2,0.3596,1
844,28.1615,98.1,0.0,374.7,165.2,0.9481,0
844,28.1615,0.0,4.3,140.4,248.0,0.1396,1
844,28.1615,1.5,5.7,143.3,245.2,0.1019,1
845,28.1948,95.6,0.0,382.0,164.9,0.9427,0
845,28.1948,0.0,2.9,145.8,259.4,0.1425,1
846,28.2282,95.3,0.0,364.9,164.9,0.9403,0
846,28.2282,0.0,11.6,134.9,255.1,0.3439,1
847,28.2616,89.8,0.0,362.3,165.3,0.9306,0
847,28.2616,0.0,5.0,144.8,247.3,0.1471,1
848,28.2949,73.2,0.0,360.3,165.1,0.9396,0
848,28.2949,0.0,88.0,69.4,267.0,0.3054,1
849,28.3283,61.1,0.2,356.4,168.3,0.9393,0
850,28.3617,56.9,0.0,360.2,168.7,0.9411,0
850,28.3617,0.0,10.7,108.0,264.6,0.2381,1
851,28.395,86.6,0.0,352.5,168.1,0.9341,0
852,28.4284,84.1,0.5,349.9,168.1,0.9224,0
853,28.4618,99.8,0.0,356.8,167.5,0.9241,0
854,28.4951,60.4,0.3,358.1,168.1,0.9357,0
855,28.5285,64.8,0.0,355.9,168.5,0.9349,0
855,28.5285,0.0,53.8,83.3,269.3,0.1411,1
855,28.5285,0.0,25.2,98.0,266.9,0.1185,1
856,28.5619,66.3,0.4,349.3,167.9,0.9324,0
856,28.5619,0.0,22.6,109.5,260.4,0.1236,1
857,28.5952,62.7,0.0,350.0,168.6,0.9318,0
858,28.6286,68.8,0.0,352.0,168.8,0.9392,0
859,28.662,115.5,0.0,358.4,165.9,0.9137,0
860,28.6953,108.7,0.0,358.4,165.7,0.9258,0
861,28.7287,99.3,0.0,360.3,166.3,0.9216,0
862,28.7621,73.0,0.0,362.8,166.2,0.9248,0
863,28.7954,86.8,0.4,367.8,166.8,0.9323,0
863,28.7954,0.0,78.9,73.9,268.0,0.2349,1
864,28.8288,116.5,1.6,354.8,165.7,0.9241,0
865,28.8622,61.4,3.1,360.0,168.3,0.9048,0
865,28.8622,88.7,0.2,358.6,165.1,0.8738,0
866,28.8955,105.6,0.3,361.6,165.3,0.9278,0
867,28.9289,96.8,1.6,354.6,167.2,0.9313,0
868,28.9623,96.1,0.0,348.7,165.8,0.9124,0
869,28.9956,92.8,0.5,349.5,167.0,0.9164,0
870,29.029,76.3,0.0,352.9,168.4,0.9425,0
871,29.0624,69.7,0.2,351.9,168.0,0.9394,0
872,29.0957,71.7,0.8,344.9,167.3,0.9306,0
873,29.1291,86.2,1.2,349.2,168.1,0.9274,0
874,29.1625,65.6,1.1,349.6,167.5,0.9357,0
875,29.1958,54.6,0.4,350.4,167.9,0.9414,0
876,29.2292,70.9,0.4,352.2,167.0,0.9373,0
877,29.2626,87.9,0.3,358.2,164.1,0.9003,0
878,29.2959,93.9,5.7,352.4,168.2,0.9402,0
879,29.3293,96.8,2.1,350.4,168.1,0.9337,0
880,29.3627,93.4,1.6,352.0,168.4,0.9346,0
881,29.396,93.3,0.4,351.2,167.2,0.9307,0
882,29.4294,105.3,0.0,349.3,166.4,0.9274,0
883,29.4628,52.8,0.1,354.7,167.9,0.9352,0
884,29.4961,69.2,1.9,350.1,168.7,0.9407,0
885,29.5295,52.5,0.2,353.3,168.5,0.9308,0
886,29.5629,59.5,1.2,351.5,167.5,0.9442,0
887,29.5962,51.7,0.2,351.0,167.6,0.9419,0
887,29.5962,0.0,72.9,85.1,268.3,0.2021,1
888,29.6296,55.6,1.0,351.1,167.8,0.9376,0
889,29.663,79.7,0.1,356.1,168.3,0.9399,0
890,29.6963,68.0,0.0,360.0,164.1,0.9172,0
891,29.7297,88.6,0.0,365.5,164.4,0.9294,0
892,29.7631,51.8,0.4,356.1,169.0,0.9396,0
893,29.7964,90.0,0.9,350.5,169.5,0.9258,0
894,29.8298,109.2,1.7,358.4,166.8,0.9242,0
895,29.8632,69.3,0.7,361.6,165.2,0.8888,0
895,29.8632,36.1,2.4,363.2,168.6,0.5868,0
896,29.8965,62.7,2.6,362.8,168.2,0.9368,0
897,29.9299,76.2,0.0,364.7,167.7,0.9355,0
898,29.9633,95.6,0.5,363.9,164.6,0.9175,0
899,29.9966,93.9,0.4,367.2,164.3,0.8854,0
900,30.03,87.3,0.0,379.9,165.5,0.9194,0
901,30.0634,112.0,1.4,366.1,164.7,0.9387,0
902,30.0967,87.5,0.0,362.7,164.5,0.9022,0
903,30.1301,83.2,0.1,356.7,167.7,0.9308,0
904,30.1635,71.4,0.1,358.4,168.7,0.9421,0
905,30.1968,94.0,0.0,352.3,168.2,0.9423,0
906,30.2302,82.1,0.8,355.7,168.5,0.9211,0
907,30.2636,52.0,0.4,359.7,168.7,0.9471,0
908,30.2969,45.2,0.0,358.2,167.9,0.9332,0
908,30.2969,0.0,45.5,84.8,269.0,0.1098,1
909,30.3303,34.7,0.0,357.2,167.9,0.9305,0
910,30.3637,77.6,1.1,358.7,167.6,0.9376,0
911,30.397,60.4,0.5,364.7,167.5,0.9482,0
912,30.4304,51.0,1.6,364.8,168.8,0.9327,0
912,30.4304,57.4,0.0,364.0,164.8,0.8429,0
913,30.4638,61.4,0.4,359.9,167.8,0.8436,0
913,30.4638,63.4,0.9,359.4,164.6,0.7175,0
914,30.4971,58.9,0.0,364.0,169.1,0.9254,0
915,30.5305,108.4,0.5,361.2,164.9,0.9295,0
916,30.5639,84.6,0.3,360.1,164.3,0.8977,0
917,30.5972,77.1,0.0,368.7,165.5,0.9277,0
918,30.6306,65.2,0.3,357.4,166.9,0.9329,0
919,30.664,93.9,0.4,357.8,166.8,0.9166,0
920,30.6973,101.9,0.7,355.4,167.2,0.9336,0
921,30.7307,94.5,0.0,358.0,165.5,0.9239,0
922,30.7641,71.1,0.0,359.9,166.9,0.9449,0
923,30.7974,94.6,0.0,376.7,164.9,0.9595,0
924,30.8308,91.4,0.7,382.2,164.9,0.6815,0
924,30.8308,0.0,11.2,146.3,257.3,0.1094,1
925,30.8642,89.3,2.2,370.1,164.9,0.9351,0
926,30.8975,93.7,0.9,357.9,165.3,0.9207,0
927,30.9309,96.7,0.2,356.4,167.1,0.9428,0
928,30.9643,93.5,0.2,365.6,165.5,0.9393,0
929,30.9976,82.3,0.7,361.6,165.3,0.9045,0
930,31.031,88.9,1.1,356.9,165.3,0.9251,0
931,31.0644,78.8,0.0,354.8,168.6,0.9349,0
932,31.0977,70.2,0.2,357.2,167.5,0.9319,0
933,31.1311,81.1,0.3,362.0,165.8,0.9333,0
934,31.1645,98.4,0.7,378.7,165.4,0.9423,0
935,31.1978,96.6,0.7,385.9,164.6,0.9299,0
936,31.2312,74.8,0.0,379.1,166.1,0.95,0
936,31.2312,0.0,74.1,77.3,268.4,0.1248,1
937,31.2646,77.6,0.0,369.9,165.5,0.9443,0
938,31.2979,83.5,0.0,362.7,163.9,0.9371,0
939,31.3313,59.5,0.0,358.5,164.2,0.911,0
939,31.3313,0.1,92.4,85.4,265.8,0.3109,1
940,31.3647,75.4,0.0,357.6,164.7,0.9162,0
941,31.398,98.7,0.0,359.5,164.7,0.9337,0
942,31.4314,88.9,1.5,365.7,164.0,0.9406,0
943,31.4648,102.7,0.0,361.5,164.3,0.9425,0
944,31.4981,100.4,0.0,359.9,166.2,0.9294,0
945,31.5315,99.3,0.0,363.4,165.7,0.947,0
946,31.5649,100.5,0.3,363.2,164.9,0.9213,0
947,31.5982,75.4,0.0,362.1,164.7,0.922,0
948,31.6316,75.7,0.0,371.3,165.6,0.907,0
949,31.665,70.4,1.0,360.9,167.6,0.9184,0
950,31.6983,68.6,0.2,359.9,168.1,0.9493,0
951,31.7317,80.5,0.1,356.6,168.6,0.9295,0
952,31.7651,94.6,0.0,360.4,166.7,0.8897,0
952,31.7651,59.7,2.0,362.9,168.1,0.2896,0
953,31.7984,118.8,0.0,361.6,165.5,0.932,0
954,31.8318,117.6,0.1,361.3,165.1,0.9427,0
955,31.8652,117.5,0.0,366.7,166.3,0.9463,0
956,31.8985,112.2,3.6,362.2,166.1,0.9159,0
957,31.9319,104.9,0.1,358.5,165.4,0.9228,0
958,31.9653,101.8,0.9,361.6,165.2,0.941,0
959,31.9986,101.3,0.0,366.0,165.6,0.9403,0
959,31.9986,0.0,13.1,142.3,267.6,0.1272,1
960,32.032,91.0,0.0,361.8,166.2,0.9233,0
961,32.0654,99.6,0.3,364.1,165.8,0.9338,0
961,32.0654,0.0,7.3,138.3,268.8,0.1674,1
962,32.0987,99.7,3.0,354.9,165.7,0.9215,0
962,32.0987,0.0,11.2,139.7,268.3,0.2561,1
963,32.1321,94.7,0.5,357.1,167.6,0.749,0
963,32.1321,96.7,0.4,357.4,165.5,0.1727,0
963,32.1321,0.0,11.2,134.7,268.1,0.147,1
964,32.1655,92.0,1.6,360.0,164.1,0.8821,0
964,32.1655,0.0,12.7,126.2,262.4,0.1944,1
965,32.1988,52.0,0.0,357.1,167.7,0.9072,0
965,32.1988,0.0,13.1,115.9,270.6,0.3411,1
966,32.2322,91.2,0.5,357.0,167.9,0.9194,0
966,32.2322,0.0,16.8,116.1,272.0,0.1793,1
967,32.2656,48.3,0.4,360.3,168.2,0.8206,0
967,32.2656,37.1,2.3,362.4,168.6,0.2381,0
968,32.2989,60.5,0.8,366.4,167.5,0.9211,0
968,32.2989,0.0,9.4,118.3,271.7,0.2357,1
969,32.3323,71.8,0.0,374.2,164.5,0.8999,0
970,32.3657,87.3,0.2,374.8,164.9,0.9181,0
971,32.399,67.7,0.0,378.6,164.0,0.9046,0
972,32.4324,88.3,0.5,362.8,164.7,0.8709,0
973,32.4658,86.8,0.4,372.6,165.5,0.8947,0
974,32.4991,69.1,0.8,370.4,165.6,0.922,0
974,32.4991,0.0,14.5,133.8,269.4,0.1187,1
975,32.5325,53.3,1.6,373.3,169.2,0.9275,0
975,32.5325,61.5,0.6,370.0,166.1,0.8895,0
976,32.5659,94.2,0.0,364.7,167.3,0.9092,0
977,32.5992,94.3,0.0,380.9,165.9,0.9345,0
978,32.6326,89.8,1.3,400.5,165.6,0.9379,0
979,32.666,81.8,0.0,406.9,162.2,0.9149,0
979,32.666,71.9,0.0,413.6,165.5,0.7432,0
980,32.6993,107.4,0.0,387.0,164.7,0.8673,0
980,32.6993,96.4,0.2,388.0,167.3,0.2532,0
981,32.7327,87.4,0.0,386.6,166.4,0.9401,0
982,32.7661,104.5,2.1,370.3,167.3,0.6854,0
982,32.7661,103.4,5.4,371.7,168.7,0.1748,0
983,32.7994,104.9,0.0,363.5,166.5,0.9191,0
984,32.8328,75.6,1.0,368.0,165.8,0.9179,0
985,32.8662,128.8,0.9,358.9,165.5,0.9403,0
986,32.8995,122.0,2.8,362.9,165.2,0.9293,0
987,32.9329,102.3,2.8,374.5,165.9,0.9414,0
988,32.9663,86.3,0.9,386.8,165.9,0.953,0
989,32.9996,97.2,0.1,389.4,165.5,0.9313,0
989,32.9996,0.0,20.2,116.5,263.6,0.1199,1
990,33.033,95.2,0.6,379.4,166.1,0.9171,0
990,33.033,0.0,22.4,98.8,260.8,0.1172,1
991,33.0664,121.5,0.0,360.7,164.9,0.9353,0
992,33.0997,108.7,1.4,364.3,166.0,0.9271,0
993,33.1331,96.1,0.2,364.2,165.9,0.8991,0
994,33.1665,82.4,0.0,369.4,165.6,0.8955,0
995,33.1998,81.2,0.1,351.1,167.6,0.9159,0
996,33.2332,70.9,0.2,353.9,168.3,0.9266,0
997,33.2666,110.9,2.5,358.9,165.6,0.9502,0
998,33.2999,117.0,0.0,363.2,165.0,0.9439,0
999,33.3333,91.9,0.9,384.7,164.3,0.938,0
1000,33.3667,77.2,0.1,377.9,164.9,0.937,0
1001,33.4,69.0,0.4,370.5,165.5,0.9351,0
1002,33.4334,45.6,0.0,377.0,166.0,0.8923,0
1003,33.4668,50.6,1.6,361.6,169.1,0.9386,0
1004,33.5001,101.1,0.3,364.9,166.3,0.9075,0
1005,33.5335,98.5,0.6,361.2,165.3,0.9306,0
1006,33.5669,37.5,0.9,362.6,168.7,0.9133,0
1006,33.5669,0.0,24.4,113.8,265.8,0.1088,1
1007,33.6002,98.1,0.0,364.5,165.9,0.9037,0
1008,33.6336,104.7,0.0,373.8,166.7,0.9408,0
1009,33.667,106.0,2.1,367.8,167.0,0.9275,0
1010,33.7003,103.3,2.8,362.6,165.5,0.9097,0
1011,33.7337,99.4,0.6,357.8,166.0,0.9288,0
1012,33.7671,102.5,0.0,366.3,165.2,0.9398,0
1013,33.8004,100.9,0.3,372.0,165.7,0.9426,0
1014,33.8338,75.9,0.9,365.4,167.5,0.9463,0
1015,33.8672,93.8,1.1,363.8,167.3,0.9161,0
1016,33.9005,94.5,1.3,366.6,165.7,0.9216,0
1017,33.9339,85.1,1.8,368.2,165.1,0.8539,0
1017,33.9339,77.1,1.2,367.7,167.6,0.1601,0
1018,33.9673,95.9,0.0,368.3,165.6,0.9243,0
1019,34.0006,71.5,0.0,368.0,168.0,0.9451,0
1020,34.034,99.2,1.0,365.8,165.1,0.9169,0
1021,34.0674,102.8,0.0,362.1,164.7,0.9233,0
1022,34.1007,98.1,0.0,360.9,165.6,0.9017,0
1023,34.1341,98.9,1.0,361.3,168.2,0.8726,0
1024,34.1675,93.9,0.3,361.8,164.6,0.8839,0
1025,34.2008,107.5,0.7,360.6,164.8,0.9313,0
1026,34.2342,103.4,0.0,360.6,165.6,0.7609,0
1026,34.2342,100.2,0.0,362.3,167.6,0.1067,0
1027,34.2676,102.7,1.5,364.0,166.6,0.9132,0
1028,34.3009,96.3,0.7,359.8,168.7,0.915,0
1029,34.3343,94.8,3.2,364.1,168.6,0.9195,0
1030,34.3677,109.0,0.0,348.2,165.9,0.9322,0
1031,34.401,107.0,0.0,358.6,164.7,0.8466,0
1032,34.4344,103.1,0.1,357.9,165.6,0.9319,0
1033,34.4678,97.5,0.9,362.2,168.6,0.9243,0
1034,34.5011,77.3,0.0,364.1,168.1,0.9357,0
1034,34.5011,0.0,14.9,113.7,271.4,0.1975,1
1035,34.5345,65.0,1.0,362.3,168.7,0.9387,0
1035,34.5345,0.0,15.7,114.9,271.7,0.1049,1
1036,34.5679,72.7,0.4,363.5,169.1,0.9452,0
1037,34.6012,73.8,0.0,349.8,169.0,0.892,0
1038,34.6346,62.5,0.0,359.0,169.0,0.9417,0
1039,34.668,54.7,2.1,361.0,168.5,0.8898,0
1039,34.668,48.1,4.2,362.1,168.2,0.51,0
1040,34.7013,66.7,3.7,368.5,168.5,0.9168,0
1040,34.7013,70.4,1.2,367.7,165.3,0.895,0
1041,34.7347,69.0,0.0,359.7,169.1,0.9386,0
1042,34.7681,90.5,2.9,355.3,169.8,0.9327,0
1043,34.8014,90.9,0.3,356.4,170.1,0.925,0
1044,34.8348,66.0,1.9,359.9,169.3,0.9365,0
1044,34.8348,67.7,0.0,358.4,169.4,0.1167,0
1045,34.8682,92.3,1.2,354.9,169.0,0.9304,0
1046,34.9015,103.6,0.3,362.9,166.7,0.9253,0
1047,34.9349,106.3,0.4,359.3,166.4,0.9295,0
1048,34.9683,78.2,0.4,354.9,167.7,0.9313,0
1049,35.0016,102.3,0.1,363.1,166.2,0.9334,0
1050,35.035,82.4,0.0,379.0,165.8,0.9343,0
1051,35.0684,101.8,0.0,381.0,167.2,0.9458,0
1052,35.1017,73.2,0.4,367.3,165.4,0.8887,0
1053,35.1351,79.1,2.1,370.2,165.2,0.8951,0
1054,35.1685,55.5,2.9,365.9,169.3,0.8792,0
1054,35.1685,69.2,0.5,365.0,169.6,0.1946,0
1054,35.1685,0.0,6.2,138.0,261.9,0.1049,1
1055,35.2018,52.4,3.6,369.9,170.1,0.8768,0
1055,35.2018,77.5,3.1,368.7,166.1,0.7965,0
1055,35.2018,0.0,11.8,114.6,272.0,0.2327,1
1056,35.2352,69.5,0.7,370.5,165.6,0.9022,0
1057,35.2686,67.4,0.6,377.5,165.6,0.9073,0
1058,35.3019,66.5,2.8,376.0,165.2,0.9201,0
1059,35.3353,85.6,0.0,363.8,165.6,0.9313,0
1060,35.3687,94.0,0.0,368.7,166.0,0.9257,0
1061,35.402,65.9,0.0,355.0,167.4,0.9477,0
1062,35.4354,59.9,0.0,356.0,168.1,0.9329,0
1063,35.4688,109.5,0.0,358.8,166.1,0.9282,0
1064,35.5021,70.9,0.5,361.8,168.5,0.8448,0
1064,35.5021,78.2,0.0,360.9,165.5,0.7421,0
1065,35.5355,98.4,0.0,361.3,166.5,0.9383,0
1066,35.5689,92.9,0.0,358.8,165.4,0.9029,0
1067,35.6022,67.0,0.0,353.0,168.5,0.9408,0
1068,35.6356,64.7,0.0,364.1,168.7,0.8503,0
1069,35.669,67.7,3.4,368.1,168.5,0.9252,0
1069,35.669,81.4,0.2,365.7,166.0,0.4642,0
1070,35.7023,69.4,0.8,352.8,168.8,0.9358,0
1070,35.7023,297.5,30.2,352.2,162.2,0.1357,0
1071,35.7357,58.3,0.9,353.2,169.1,0.9216,0
1072,35.7691,48.3,0.8,357.5,169.1,0.9298,0
1073,35.8024,95.9,1.3,355.7,166.6,0.9256,0
1074,35.8358,52.8,0.7,356.3,167.8,0.9347,0
1075,35.8692,48.2,0.5,361.1,168.7,0.9398,0
1075,35.8692,0.0,24.5,101.3,261.6,0.2146,1
1076,35.9025,30.4,2.3,362.7,168.8,0.9394,0
1077,35.9359,46.9,1.8,377.4,168.5,0.9283,0
1077,35.9359,61.9,0.0,372.0,165.8,0.8914,0
1078,35.9693,60.3,0.7,377.1,165.0,0.9089,0
1079,36.0026,60.9,0.0,357.6,167.9,0.9382,0
1080,36.036,81.4,0.6,356.3,168.5,0.9226,0
1081,36.0694,87.8,1.3,364.2,165.1,0.9352,0
1082,36.1027,102.4,0.7,370.6,166.5,0.9326,0
1083,36.1361,93.7,0.5,355.5,168.7,0.9314,0
1084,36.1695,68.3,0.6,364.3,165.6,0.8202,0
1084,36.1695,70.0,0.9,364.1,168.8,0.6824,0
1085,36.2028,106.9,0.1,360.2,165.3,0.9164,0
1086,36.2362,95.5,5.5,364.2,166.1,0.8922,0
1086,36.2362,0.0,6.9,137.0,267.9,0.1016,1
1087,36.2696,75.9,0.7,381.7,165.9,0.94,0
1088,36.3029,65.9,0.0,380.8,169.0,0.9379,0
1089,36.3363,93.3,0.0,362.8,164.9,0.9184,0
1090,36.3697,114.0,1.0,360.9,164.5,0.9038,0
1091,36.403,71.0,0.4,350.7,168.7,0.9273,0
1092,36.4364,89.7,0.0,351.1,169.1,0.944,0
1093,36.4698,72.2,0.0,354.1,169.5,0.944,0
1094,36.5031,68.3,0.0,358.2,168.7,0.9428,0
1095,36.5365,72.8,0.0,366.5,167.7,0.9219,0
1096,36.5699,86.8,0.7,355.0,168.5,0.9187,0
1097,36.6032,96.5,3.0,358.1,168.6,0.9229,0
1098,36.6366,57.3,0.9,362.1,169.8,0.9376,0
1099,36.67,90.7,0.2,355.4,168.1,0.9377,0
1100,36.7033,78.2,0.5,357.3,168.6,0.923,0
1101,36.7367,103.4,1.3,365.1,165.5,0.9319,0
1102,36.7701,100.0,0.2,359.3,165.2,0.9268,0
1103,36.8034,98.0,1.2,359.6,165.5,0.9148,0
1104,36.8368,77.8,0.0,360.0,167.8,0.9313,0
1105,36.8702,104.1,1.4,358.2,166.9,0.9186,0
1106,36.9035,99.4,0.2,358.9,165.8,0.9173,0
1107,36.9369,66.7,0.2,360.2,165.2,0.9005,0
1108,36.9703,47.9,2.3,359.0,168.5,0.9234,0
1108,36.9703,62.7,0.0,359.0,164.2,0.542,0
1109,37.0036,109.5,0.7,359.4,163.2,0.9208,0
1110,37.037,110.7,1.7,359.8,164.4,0.9202,0
1111,37.0704,105.3,0.4,368.8,163.8,0.941,0
1112,37.1037,94.4,0.0,370.8,164.6,0.938,0
1113,37.1371,74.3,3.1,353.5,168.5,0.9134,0
1114,37.1705,55.5,2.2,358.6,169.1,0.9312,0
1115,37.2038,92.1,0.0,356.7,168.7,0.9182,0
1116,37.2372,65.4,0.0,359.5,169.8,0.8898,0
1116,37.2372,63.7,2.2,360.5,170.0,0.1363,0
1117,37.2706,62.2,0.5,362.4,168.7,0.5495,0
1117,37.2706,60.4,2.3,361.4,168.9,0.3587,0
1118,37.3039,32.3,0.9,357.1,168.9,0.9372,0
1119,37.3373,42.7,0.7,362.1,170.4,0.9345,0
1120,37.3707,33.2,1.5,363.7,170.7,0.8847,0
1120,37.3707,47.3,0.0,364.2,165.9,0.8478,0
1121,37.404,53.3,3.1,366.9,170.1,0.9305,0
1122,37.4374,110.1,0.8,363.7,167.4,0.9228,0
1123,37.4708,85.9,0.1,364.5,166.7,0.9136,0
1124,37.5041,68.4,0.0,365.6,165.8,0.9256,0
1125,37.5375,71.3,0.1,357.9,170.5,0.8812,0
1126,37.5709,46.0,2.3,360.3,170.4,0.8174,0
1126,37.5709,60.9,0.6,358.8,170.5,0.305,0
1127,37.6042,59.1,0.0,362.4,168.7,0.9327,0
1128,37.6376,112.6,0.0,362.3,165.3,0.9121,0
1129,37.671,75.0,0.0,350.3,169.3,0.9324,0
1130,37.7043,79.6,0.0,359.1,169.0,0.9332,0
1131,37.7377,79.3,0.5,360.7,168.9,0.9452,0
1132,37.7711,79.2,0.0,357.5,168.7,0.941,0
1133,37.8044,83.0,0.0,372.1,165.7,0.9331,0
1134,37.8378,60.3,0.0,384.7,166.1,0.9132,0
1135,37.8712,65.2,1.3,362.0,168.9,0.9198,0
1136,37.9045,50.7,1.2,355.9,169.0,0.8961,0
1136,37.9045,62.6,0.0,354.5,168.4,0.2198,0
1137,37.9379,58.9,2.9,358.5,169.4,0.9173,0
1138,37.9713,66.1,2.4,363.7,170.1,0.9353,0
1139,38.0046,81.7,0.2,355.7,167.9,0.9233,0
1140,38.038,71.2,0.6,352.8,168.1,0.9416,0
1141,38.0714,80.6,0.7,352.0,169.0,0.9099,0
1142,38.1047,73.0,2.3,361.3,169.6,0.9183,0
1142,38.1047,85.1,0.0,360.2,165.8,0.8894,0
1143,38.1381,85.1,0.5,347.8,168.1,0.9111,0
1144,38.1715,105.5,0.6,346.8,169.8,0.9318,0
1145,38.2048,87.8,1.4,350.4,169.1,0.9342,0
1146,38.2382,97.9,0.0,358.1,166.7,0.9059,0
1147,38.2716,64.2,0.0,353.9,169.4,0.9393,0
1148,38.3049,50.8,3.2,357.5,169.9,0.8938,0
1148,38.3049,39.9,5.0,359.3,169.5,0.2751,0
1149,38.3383,55.7,1.9,360.7,169.2,0.9219,0
1149,38.3383,59.0,3.0,361.4,165.4,0.1124,0
1150,38.3717,76.1,0.3,355.5,169.0,0.9403,0
1151,38.405,80.2,0.9,357.9,169.3,0.9321,0
1152,38.4384,77.1,0.0,352.1,169.3,0.9402,0
1153,38.4718,72.8,0.0,353.3,169.2,0.9396,0
1154,38.5051,93.5,0.3,361.7,166.8,0.9225,0
1155,38.5385,99.0,2.3,357.9,169.5,0.7917,0
1155,38.5385,0.0,24.2,135.5,269.7,0.2011,1
1155,38.5385,101.7,3.2,358.2,166.7,0.1087,0
1156,38.5719,103.3,0.5,352.5,168.6,0.9197,0
1157,38.6052,100.7,0.1,353.6,167.9,0.9302,0
1157,38.6052,0.0,24.1,125.3,263.1,0.1537,1
1158,38.6386,48.4,0.5,351.7,168.3,0.9237,0
1159,38.672,63.8,0.0,352.6,168.5,0.9513,0
1159,38.672,0.0,33.9,106.0,268.4,0.4129,1
1160,38.7053,60.4,1.1,350.1,169.0,0.9305,0
1160,38.7053,0.0,27.4,96.2,266.6,0.1163,1
1161,38.7387,78.6,0.1,358.1,169.0,0.9115,0
1161,38.7387,0.0,28.9,105.2,266.4,0.2772,1
1162,38.7721,100.7,0.2,350.9,169.5,0.9116,0
1163,38.8054,59.8,0.0,352.1,169.8,0.9243,0
1164,38.8388,65.7,1.1,355.9,168.6,0.939,0
1165,38.8722,66.2,0.5,353.0,168.4,0.9241,0
1166,38.9055,73.7,0.3,354.7,169.1,0.9338,0
1167,38.9389,92.1,0.0,357.4,168.5,0.8431,0
1167,38.9389,99.1,0.0,357.5,166.3,0.4038,0
1168,38.9723,103.4,0.0,357.7,166.9,0.9128,0
1169,39.0056,76.2,0.0,349.5,169.7,0.9344,0
1170,39.039,103.6,0.5,359.2,166.6,0.9112,0
1171,39.0724,104.0,0.2,372.9,167.1,0.9495,0
1172,39.1057,99.7,0.8,376.1,166.4,0.9337,0
1173,39.1391,48.0,2.3,361.6,171.1,0.9164,0
1174,39.1725,76.4,0.3,376.7,167.9,0.9182,0
1175,39.2058,62.3,1.7,365.3,170.8,0.9316,0
1175,39.2058,61.9,0.0,365.4,167.6,0.6623,0
1176,39.2392,61.5,2.6,368.3,169.4,0.9378,0
1177,39.2726,93.6,1.6,367.2,165.5,0.9346,0
1178,39.3059,87.3,0.1,378.8,166.8,0.9214,0
1179,39.3393,65.8,1.8,358.9,170.0,0.933,0
1180,39.3727,76.9,0.1,357.4,169.3,0.9324,0
1181,39.406,100.9,0.0,360.7,165.5,0.8924,0
1182,39.4394,91.3,0.2,367.9,165.0,0.9081,0
1183,39.4728,69.8,0.0,361.9,169.6,0.9397,0
1184,39.5061,61.8,0.0,365.6,166.7,0.89,0
1184,39.5061,43.5,1.6,366.0,170.4,0.5677,0
1185,39.5395,40.9,3.3,359.6,170.0,0.9433,0
1186,39.5729,76.0,0.1,352.2,169.7,0.9204,0
1187,39.6062,59.4,2.7,360.5,170.3,0.9272,0
1188,39.6396,81.1,2.5,361.5,166.7,0.8128,0
1188,39.6396,73.7,1.7,360.3,169.9,0.5563,0
1189,39.673,103.3,0.0,363.8,166.9,0.8904,0
1190,39.7063,110.2,1.9,352.8,169.7,0.8771,0
1191,39.7397,108.4,0.2,359.3,167.0,0.9277,0
1192,39.7731,102.8,0.4,362.4,166.0,0.895,0
1193,39.8064,101.3,0.0,364.8,166.5,0.9101,0
1194,39.8398,96.1,0.8,356.6,168.5,0.9186,0
1195,39.8732,102.9,0.1,352.4,169.5,0.9294,0
1196,39.9065,99.8,0.4,355.9,168.6,0.9124,0
1197,39.9399,60.1,2.3,360.3,169.7,0.9136,0
1197,39.9399,63.7,0.0,358.5,170.0,0.3267,0
1198,39.9733,49.5,2.4,365.8,168.8,0.9349,0
1198,39.9733,61.0,0.5,365.5,165.4,0.8094,0
1199,40.0066,50.5,2.4,358.3,168.5,0.9296,0
1200,40.04,67.9,1.5,360.8,168.5,0.8468,0
1200,40.04,56.1,4.2,362.3,169.3,0.1674,0
1201,40.0734,62.6,0.2,358.1,168.5,0.9305,0
1202,40.1067,56.0,0.8,361.6,168.8,0.9242,0
1203,40.1401,76.5,1.0,356.2,168.3,0.9247,0
1204,40.1735,71.6,0.0,360.0,169.0,0.9256,0
1205,40.2068,59.4,0.2,361.8,168.7,0.9347,0
1206,40.2402,100.0,0.0,352.6,169.2,0.9383,0
1207,40.2736,102.4,0.2,356.5,169.0,0.9235,0
1208,40.3069,107.0,0.0,358.2,167.3,0.8498,0
1209,40.3403,104.7,0.0,361.0,167.2,0.8987,0
1210,40.3737,51.3,0.3,357.4,170.0,0.9295,0
1211,40.407,85.3,0.0,359.7,168.7,0.8877,0
1212,40.4404,75.3,0.9,358.4,168.6,0.9181,0
1213,40.4738,61.7,0.0,358.4,170.2,0.915,0
1214,40.5071,74.2,0.0,351.5,169.6,0.9233,0
1215,40.5405,105.3,0.2,358.6,165.8,0.9207,0
1216,40.5739,65.2,0.0,362.6,165.3,0.8868,0
1216,40.5739,56.1,0.2,363.2,169.6,0.5973,0
1217,40.6072,64.2,5.1,356.9,170.5,0.9209,0
1217,40.6072,64.1,2.8,356.2,169.6,0.2947,0
1218,40.6406,50.8,0.5,354.1,169.2,0.9262,0
1219,40.674,65.2,1.1,358.0,168.5,0.9353,0
1220,40.7073,87.9,0.0,351.8,167.8,0.9267,0
1221,40.7407,85.4,0.0,348.9,168.2,0.9358,0
1222,40.7741,62.6,0.4,348.0,169.9,0.9384,0
1223,40.8074,89.5,0.3,351.4,169.5,0.9253,0
1224,40.8408,87.5,1.1,356.1,168.3,0.9131,0
1225,40.8742,96.8,1.1,352.3,168.9,0.9129,0
1225,40.8742,0.0,6.6,133.4,258.8,0.1651,1
1226,40.9075,67.9,0.9,351.3,169.4,0.9005,0
1227,40.9409,97.6,1.0,354.7,168.6,0.7318,0
1228,40.9743,104.0,0.3,373.5,167.0,0.9434,0
1229,41.0076,69.3,0.1,358.6,169.4,0.9186,0
1230,41.041,92.3,0.3,354.7,169.7,0.9064,0
1231,41.0744,74.2,3.3,353.2,169.4,0.8513,0
1231,41.0744,83.5,0.9,351.5,167.8,0.2561,0
1232,41.1077,58.5,1.1,352.7,167.5,0.942,0
1233,41.1411,48.7,0.9,359.1,167.6,0.938,0
1234,41.1745,53.2,0.3,362.5,168.9,0.9335,0
1235,41.2078,49.8,0.1,368.4,170.2,0.9418,0
1235,41.2078,0.0,63.4,89.5,269.2,0.1057,1
1236,41.2412,109.9,1.6,361.4,167.4,0.9196,0
1237,41.2746,30.1,0.1,366.0,168.7,0.9214,0
1238,41.3079,89.4,0.6,368.3,166.9,0.8927,0
1239,41.3413,51.9,0.3,354.7,168.3,0.9103,0
1240,41.3747,55.2,2.3,366.5,170.2,0.9151,0
1240,41.3747,80.8,1.0,365.7,165.3,0.8056,0
1241,41.408,70.0,0.0,365.9,168.5,0.8171,0
1242,41.4414,66.4,0.1,351.1,169.3,0.9149,0
1243,41.4748,64.1,0.0,350.6,168.9,0.9094,0
1244,41.5081,70.8,0.4,352.8,168.9,0.9135,0
1245,41.5415,54.4,0.7,353.1,168.9,0.6662,0
1245,41.5415,0.0,11.0,117.1,270.3,0.1015,1
1246,41.5749,34.4,0.0,356.8,168.7,0.9058,0
1247,41.6082,26.0,0.0,357.6,169.4,0.8502,0
1248,41.6416,25.7,0.3,358.2,169.0,0.9215,0
1249,41.675,38.5,0.3,362.9,169.4,0.9293,0
1250,41.7083,34.0,1.7,366.4,171.0,0.9267,0
1251,41.7417,57.4,2.6,359.1,170.8,0.9302,0
1252,41.7751,87.0,1.0,353.0,169.7,0.7132,0
1252,41.7751,101.7,1.9,352.8,166.7,0.3854,0
1253,41.8084,37.9,2.4,361.8,169.8,0.9488,0
1254,41.8418,68.2,0.6,362.4,168.7,0.935,0
1255,41.8752,47.4,2.3,363.7,169.0,0.9229,0
1256,41.9085,65.3,2.1,364.4,169.9,0.8732,0
1257,41.9419,63.7,4.8,363.9,169.0,0.6818,0
1257,41.9419,75.3,2.7,363.3,166.1,0.3883,0
1258,41.9753,96.0,0.4,366.4,166.1,0.9392,0
1259,42.0086,103.4,0.3,363.7,166.5,0.9283,0
1259,42.0086,0.0,5.5,136.7,265.9,0.1373,1
1260,42.042,70.0,0.2,361.7,169.9,0.9296,0
1260,42.042,0.5,5.6,134.5,253.2,0.1251,1
1261,42.0754,56.8,0.1,362.1,170.0,0.9082,0
1261,42.0754,0.0,8.1,116.1,259.5,0.2176,1
1262,42.1087,43.2,2.4,359.0,170.0,0.7555,0
1262,42.1087,50.4,0.5,358.2,170.2,0.3512,0
1262,42.1087,0.0,66.2,94.2,268.9,0.15,1
1263,42.1421,68.1,0.0,367.5,166.6,0.9255,0
1263,42.1421,0.1,86.5,91.5,264.5,0.1022,1
1264,42.1755,70.2,0.1,378.1,166.4,0.9171,0
1264,42.1755,0.0,84.9,83.0,266.1,0.1726,1
1265,42.2088,55.3,2.1,364.1,170.1,0.9344,0
1266,42.2422,54.7,1.5,376.2,166.4,0.9047,0
1267,42.2756,75.3,1.4,376.4,166.6,0.9454,0
1268,42.3089,97.2,1.0,378.6,166.6,0.9205,0
1269,42.3423,89.9,0.5,358.1,167.9,0.9242,0
1270,42.3757,68.1,0.4,360.0,169.7,0.9186,0
1271,42.409,70.5,2.4,357.7,171.6,0.927,0
1272,42.4424,100.0,0.4,358.4,169.7,0.9104,0
1273,42.4758,61.8,0.2,353.5,170.0,0.9126,0
1273,42.4758,0.0,59.5,89.1,268.8,0.102,1
1274,42.5091,103.5,0.6,354.2,168.3,0.9141,0
1275,42.5425,69.8,0.3,354.8,168.3,0.9282,0
1276,42.5759,95.1,0.1,355.7,169.7,0.6064,0
1276,42.5759,95.9,0.0,356.0,167.4,0.5812,0
1277,42.6092,76.3,0.0,361.1,166.8,0.8946,0
1277,42.6092,58.9,2.8,363.8,169.6,0.8054,0
1278,42.6426,65.8,3.0,366.5,170.0,0.9214,0
1278,42.6426,78.0,0.8,363.9,167.6,0.4565,0
1279,42.676,96.1,2.2,370.0,166.2,0.9336,0
1280,42.7093,84.2,0.1,359.0,166.8,0.8955,0
1280,42.7093,71.3,0.2,359.5,169.6,0.2261,0
1280,42.7093,1.4,5.7,135.8,253.2,0.1235,1
1281,42.7427,58.0,0.8,358.0,170.2,0.9513,0
1281,42.7427,0.0,17.4,110.0,267.1,0.118,1
1282,42.7761,61.2,0.2,353.2,170.6,0.9318,0
1283,42.8094,55.5,2.7,355.4,169.7,0.9459,0
1284,42.8428,74.9,2.6,354.2,169.2,0.925,0
1285,42.8762,59.7,0.4,359.6,169.9,0.9344,0
1286,42.9095,69.7,0.2,362.7,169.1,0.9271,0
1287,42.9429,67.8,0.3,361.2,168.9,0.9403,0
1288,42.9763,96.8,0.1,369.4,167.0,0.924,0
1289,43.0096,98.7,0.0,369.6,167.8,0.9156,0
1290,43.043,102.0,1.5,357.2,170.1,0.8331,0
1291,43.0764,54.2,2.4,359.3,170.3,0.5987,0
1291,43.0764,69.4,0.4,357.0,169.7,0.2981,0
1292,43.1097,62.5,1.1,350.5,170.6,0.9371,0
1293,43.1431,66.4,2.0,358.1,170.3,0.9222,0
1294,43.1765,103.3,0.0,355.6,167.0,0.7925,0
1294,43.1765,96.4,0.0,356.3,168.9,0.1384,0
1295,43.2098,101.4,1.6,349.3,169.0,0.9299,0
1296,43.2432,102.0,0.4,353.6,170.0,0.917,0
1297,43.2766,72.0,0.0,355.9,169.2,0.9254,0
1298,43.3099,72.4,0.2,357.3,169.5,0.9478,0
1299,43.3433,100.3,0.4,352.8,169.3,0.9251,0
1300,43.3767,96.7,0.0,350.4,169.5,0.9191,0
1301,43.41,93.1,0.0,351.7,169.4,0.9349,0
1302,43.4434,110.0,0.0,351.0,168.4,0.9241,0
1303,43.4768,64.1,0.0,354.2,170.4,0.9347,0
1304,43.5101,61.0,0.4,356.6,170.0,0.932,0
1305,43.5435,76.4,1.9,348.1,169.6,0.9143,0
1306,43.5769,53.2,0.4,357.0,169.4,0.8452,0
1307,43.6102,52.4,0.0,362.6,169.9,0.9284,0
1308,43.6436,99.7,0.9,356.1,168.8,0.9259,0
1309,43.677,47.8,2.9,361.0,170.3,0.9354,0
1310,43.7103,57.0,0.0,352.2,170.1,0.9227,0
1311,43.7437,60.8,0.4,354.9,169.6,0.94,0
1312,43.7771,105.6,3.3,347.6,168.2,0.9112,0
1313,43.8104,117.2,1.0,350.7,167.3,0.9368,0
1314,43.8438,107.5,0.0,354.8,167.6,0.9223,0
1315,43.8772,102.7,0.4,352.6,169.6,0.916,0
1316,43.9105,76.0,0.0,371.6,167.5,0.8739,0
1317,43.9439,78.3,3.3,352.6,169.9,0.9126,0
1318,43.9773,90.8,1.1,351.4,168.8,0.9108,0
1319,44.0106,85.4,0.0,349.9,169.1,0.8952,0
1320,44.044,100.7,2.4,351.6,168.4,0.9357,0
1321,44.0774,82.7,0.5,358.7,167.7,0.9155,0
1322,44.1107,90.5,0.0,357.5,168.2,0.9333,0
1323,44.1441,106.6,0.1,356.9,168.0,0.9245,0
1324,44.1775,110.9,0.4,359.4,167.6,0.9206,0
1325,44.2108,81.5,1.0,359.5,170.0,0.9079,0
1326,44.2442,70.0,0.1,359.5,170.2,0.9259,0
1327,44.2776,103.5,0.0,346.3,169.0,0.9449,0
1328,44.3109,86.9,0.0,343.4,168.3,0.9019,0
1329,44.3443,107.0,0.4,348.7,169.7,0.9345,0
1330,44.3777,107.2,0.6,349.4,170.0,0.9367,0
1331,44.411,73.2,0.5,347.5,169.9,0.8789,0
1332,44.4444,70.9,0.6,342.4,168.8,0.9102,0
1333,44.4778,118.4,0.5,346.6,167.7,0.9379,0
1334,44.5111,112.1,0.0,346.2,167.6,0.9262,0
1335,44.5445,113.3,0.0,352.3,168.8,0.9323,0
1336,44.5779,112.7,0.3,352.9,169.2,0.9263,0
1337,44.6112,100.5,0.0,353.3,168.8,0.9319,0
1338,44.6446,96.6,0.6,348.6,167.6,0.9387,0
1339,44.678,69.2,4.0,350.7,168.6,0.8902,0
1340,44.7113,70.2,2.3,356.0,168.6,0.9244,0
1341,44.7447,70.8,5.1,355.6,169.8,0.9107,0
1342,44.7781,73.7,0.2,350.8,171.0,0.9331,0
1343,44.8114,60.1,0.0,342.9,173.5,0.9336,0
1344,44.8448,47.3,2.1,350.5,171.1,0.901,0
1344,44.8448,0.0,48.3,95.0,269.6,0.1653,1
1345,44.8782,62.6,1.6,349.5,169.3,0.9079,0
1345,44.8782,0.0,23.2,110.8,267.3,0.1364,1
1346,44.9115,77.1,0.0,355.0,168.0,0.9242,0
1347,44.9449,75.4,2.3,354.9,168.8,0.9275,0
1347,44.9449,0.0,28.3,114.2,267.5,0.1759,1
1348,44.9783,89.1,0.4,351.4,168.8,0.9346,0
1349,45.0116,104.5,0.9,350.7,170.0,0.9184,0
1350,45.045,108.3,1.3,356.0,169.0,0.891,0
1351,45.0784,68.9,0.4,363.3,169.5,0.9124,0
1352,45.1117,46.3,2.6,353.2,170.3,0.9056,0
1353,45.1451,77.3,0.4,349.1,169.0,0.9279,0
1354,45.1785,46.9,0.4,354.1,169.1,0.6594,0
1354,45.1785,34.6,1.8,356.0,170.4,0.2177,0
1355,45.2118,60.9,0.5,355.5,169.0,0.9259,0
1356,45.2452,44.1,0.0,353.7,167.8,0.9093,0
1357,45.2786,65.7,0.7,354.1,168.7,0.9362,0
1358,45.3119,97.9,0.0,351.7,168.7,0.9354,0
1359,45.3453,64.6,1.1,354.6,168.3,0.9445,0
1360,45.3787,95.5,0.8,354.0,169.3,0.9125,0
1361,45.412,71.9,0.0,351.3,170.6,0.9205,0
1362,45.4454,60.8,0.2,345.1,170.0,0.7454,0
1363,45.4788,71.6,0.1,349.2,169.7,0.913,0
1364,45.5121,65.6,0.9,354.1,170.2,0.9215,0
1365,45.5455,99.8,1.3,346.9,169.7,0.9402,0
1366,45.5789,103.1,0.6,351.1,168.6,0.9373,0
1367,45.6122,99.7,0.0,347.5,168.2,0.9237,0
1368,45.6456,94.3,0.1,343.8,167.8,0.925,0
1369,45.679,90.0,1.0,349.5,168.2,0.9414,0
1370,45.7123,84.8,1.5,349.5,168.4,0.9436,0
1371,45.7457,84.4,0.0,344.1,168.4,0.9319,0
1372,45.7791,93.9,0.7,339.3,168.8,0.9465,0
1373,45.8124,61.0,1.1,350.0,169.2,0.905,0
1373,45.8124,0.0,21.0,121.2,265.6,0.1294,1
1374,45.8458,45.6,0.0,344.6,169.1,0.8971,0
1375,45.8792,51.3,0.0,342.6,168.7,0.9161,0
1376,45.9125,53.3,0.0,343.6,167.9,0.6915,0
1376,45.9125,52.4,0.0,343.1,170.9,0.5398,0
1376,45.9125,0.0,20.3,112.9,265.7,0.145,1
1377,45.9459,104.0,0.0,342.8,167.7,0.9485,0
1378,45.9793,102.3,0.0,347.5,169.1,0.947,0
1379,46.0126,61.7,0.0,348.2,168.7,0.9289,0
1380,46.046,83.8,0.0,347.6,168.6,0.9444,0
1381,46.0794,92.6,3.4,350.1,168.3,0.9349,0
1381,46.0794,0.0,34.6,119.1,266.9,0.4812,1
1382,46.1127,64.9,0.1,350.1,168.9,0.9244,0
1383,46.1461,73.2,0.0,352.1,169.8,0.9453,0
1384,46.1795,72.8,2.6,352.5,170.1,0.9371,0
1384,46.1795,0.0,17.1,109.8,268.5,0.1287,1
1385,46.2128,68.8,1.8,350.6,169.0,0.939,0
1385,46.2128,0.0,85.8,90.5,268.5,0.1045,1
1386,46.2462,69.6,3.3,348.4,168.3,0.9372,0
1387,46.2796,42.2,0.0,346.6,168.2,0.9131,0
1388,46.3129,93.9,0.5,346.3,169.9,0.9301,0
1389,46.3463,92.9,0.5,344.8,167.5,0.9371,0
1390,46.3797,68.0,2.5,356.6,169.5,0.9192,0
1390,46.3797,91.6,0.1,355.0,166.1,0.891,0
1391,46.413,75.5,0.0,361.7,165.7,0.8938,0
1391,46.413,227.2,251.5,252.6,272.0,0.1339,1
1391,46.413,68.5,0.5,362.6,169.5,0.1266,0
1392,46.4464,68.9,2.1,342.8,169.2,0.8919,0
1393,46.4798,65.6,0.6,342.6,168.6,0.91,0
1394,46.5131,68.4,0.0,353.7,170.5,0.9339,0
1395,46.5465,92.0,0.5,353.7,169.6,0.9258,0
1396,46.5799,100.8,0.0,348.9,169.5,0.931,0
1397,46.6132,73.9,0.1,353.4,169.6,0.9204,0
1398,46.6466,81.1,0.2,346.2,169.2,0.9274,0
1399,46.68,46.2,0.0,364.2,169.4,0.9198,0
1400,46.7133,63.9,1.9,349.6,169.0,0.9127,0
1401,46.7467,76.5,0.7,346.6,168.7,0.915,0
1402,46.7801,50.3,0.6,349.3,169.2,0.9031,0
1402,46.7801,0.0,45.6,87.2,269.9,0.1265,1
1403,46.8134,68.6,0.0,350.3,170.5,0.9318,0
1404,46.8468,70.8,0.3,361.4,170.6,0.9057,0
1405,46.8802,68.1,0.0,350.7,169.5,0.9289,0
1406,46.9135,48.8,0.2,351.9,169.3,0.945,0
1407,46.9469,106.1,0.2,357.3,166.3,0.9221,0
1408,46.9803,108.7,0.3,351.4,169.3,0.9273,0
1409,47.0136,64.3,1.7,349.5,169.7,0.904,0
1410,47.047,64.8,2.2,348.9,169.4,0.914,0
1410,47.047,0.0,16.8,106.2,266.4,0.1075,1
1411,47.0804,45.2,1.8,363.5,169.3,0.9165,0
1412,47.1137,86.7,2.1,357.3,169.3,0.917,0
1413,47.1471,82.3,2.8,353.9,169.0,0.9242,0
1414,47.1805,90.1,0.6,357.3,168.5,0.9368,0
1415,47.2138,94.9,0.8,348.1,169.5,0.9346,0
1416,47.2472,90.6,0.8,346.7,169.4,0.9304,0
1417,47.2806,90.8,0.0,349.2,169.7,0.9359,0
1418,47.3139,80.9,1.8,353.5,167.5,0.9308,0
1419,47.3473,90.4,2.1,356.4,168.9,0.9343,0
1420,47.3807,53.6,0.0,357.0,169.1,0.905,0
1421,47.414,35.6,0.1,358.2,168.3,0.9043,0
1421,47.414,0.0,42.2,99.4,269.4,0.1095,1
1422,47.4474,48.5,0.5,352.4,168.6,0.9072,0
1422,47.4474,0.0,13.4,104.8,266.6,0.1785,1
1422,47.4474,0.0,31.1,90.8,270.0,0.1631,1
1423,47.4808,39.0,0.9,361.5,168.9,0.941,0
1424,47.5141,97.9,4.0,366.1,165.2,0.932,0
1424,47.5141,0.0,13.7,108.6,265.2,0.2123,1
1425,47.5475,57.3,0.6,357.5,169.5,0.9327,0
1425,47.5475,0.0,16.1,100.1,267.6,0.367,1
1426,47.5809,63.4,0.0,354.8,169.0,0.9345,0
1427,47.6142,63.3,0.0,354.4,169.6,0.9315,0
1428,47.6476,70.9,2.2,356.1,170.2,0.923,0
1429,47.681,56.4,2.3,354.2,170.5,0.6556,0
1429,47.681,64.1,0.7,352.7,170.6,0.3511,0
1430,47.7143,69.7,0.3,351.3,170.7,0.9096,0
1431,47.7477,78.7,0.4,357.1,170.8,0.9273,0
1432,47.7811,109.5,0.0,359.8,169.4,0.8899,0
1433,47.8144,103.4,1.2,349.4,169.1,0.9224,0
1434,47.8478,108.6,1.0,351.3,168.2,0.9335,0
1435,47.8812,106.1,0.0,361.1,168.9,0.9221,0
1436,47.9145,101.6,0.3,356.3,168.9,0.9284,0
1436,47.9145,0.0,10.9,117.5,267.2,0.1964,1
1437,47.9479,95.7,0.5,355.3,168.8,0.9178,0
1438,47.9813,96.5,0.1,351.0,168.6,0.9215,0
1439,48.0146,75.1,1.3,353.0,168.0,0.9261,0
1440,48.048,43.7,0.0,356.0,169.1,0.9272,0
1441,48.0814,102.2,0.0,363.6,167.8,0.8796,0
1442,48.1147,37.8,0.5,365.4,170.0,0.9295,0
1442,48.1147,0.0,50.7,85.4,269.4,0.1499,1
1443,48.1481,46.9,2.0,366.6,170.9,0.939,0
1444,48.1815,75.3,0.0,357.5,170.0,0.9219,0
1445,48.2148,113.8,0.0,361.3,166.7,0.9108,0
1446,48.2482,77.3,0.0,371.0,166.4,0.93,0
1447,48.2816,59.0,0.2,357.6,169.7,0.9195,0
1448,48.3149,43.6,1.6,351.6,170.6,0.6734,0
1448,48.3149,43.6,1.6,351.6,170.6,0.109,1
1449,48.3483,41.7,3.1,354.1,170.8,0.8666,0
1450,48.3817,90.3,0.6,348.5,170.4,0.9291,0
1451,48.415,51.2,1.4,353.8,170.9,0.8148,0
1451,48.415,59.9,0.0,352.9,170.7,0.2371,0
1452,48.4484,88.7,0.0,352.9,170.3,0.9439,0
1453,48.4818,83.3,3.6,349.6,170.0,0.9397,0
1454,48.5151,90.7,0.0,352.4,168.9,0.9443,0
1455,48.5485,46.5,0.2,352.6,169.1,0.9355,0
1455,48.5485,0.0,16.2,97.8,270.0,0.211,1
1456,48.5819,51.6,0.4,354.8,169.1,0.9405,0
1457,48.6152,53.0,1.0,356.1,170.4,0.9244,0
1458,48.6486,80.4,0.0,355.8,171.2,0.939,0
1459,48.682,60.5,0.0,356.8,169.3,0.9306,0
1460,48.7153,41.1,0.0,348.4,172.8,0.946,0
1461,48.7487,66.6,0.0,348.1,168.8,0.9197,0
1462,48.7821,55.4,0.6,346.0,169.1,0.8825,0
1463,48.8154,80.1,0.1,340.7,169.6,0.9182,0
1464,48.8488,102.8,0.0,341.9,168.7,0.9458,0
1465,48.8822,72.0,0.0,345.4,168.6,0.9334,0
1466,48.9155,97.4,0.0,347.0,168.2,0.9351,0
1467,48.9489,75.6,4.2,349.6,169.4,0.917,0
1467,48.9489,0.0,44.1,101.7,265.4,0.5261,1
1468,48.9823,91.8,0.0,348.4,169.2,0.9335,0
1469,49.0156,75.0,1.8,351.9,169.6,0.9446,0
1469,49.0156,0.0,75.1,89.7,267.8,0.1678,1
1470,49.049,81.3,3.0,353.9,170.0,0.9369,0
1470,49.049,0.0,61.1,90.7,268.3,0.1134,1
1471,49.0824,71.9,1.1,352.5,169.8,0.9389,0
1471,49.0824,0.0,51.1,81.5,268.9,0.169,1
1472,49.1157,59.9,0.2,350.6,170.4,0.9103,0
1472,49.1157,0.0,22.2,89.6,266.4,0.2351,1
1473,49.1491,72.1,0.0,353.4,170.9,0.9319,0
1473,49.1491,0.0,18.1,114.1,266.6,0.1301,1
1474,49.1825,100.9,2.5,359.4,166.9,0.9144,0
1475,49.2158,81.5,1.4,358.3,170.2,0.9234,0
1476,49.2492,68.3,1.0,351.3,170.4,0.9344,0
1476,49.2492,0.0,64.6,76.3,268.7,0.362,1
1476,49.2492,0.0,13.5,109.2,272.0,0.2206,1
1477,49.2826,80.8,1.6,354.7,169.7,0.9265,0
1477,49.2826,0.0,10.0,108.0,272.0,0.1141,1
1478,49.3159,81.2,0.0,354.3,169.5,0.6782,0
1478,49.3159,73.4,2.2,356.0,170.3,0.2248,0
1479,49.3493,74.8,0.0,348.3,169.5,0.9113,0
1480,49.3827,69.5,2.6,353.2,170.8,0.9304,0
1481,49.416,89.8,0.9,351.3,168.9,0.9164,0
1481,49.416,0.0,3.6,145.1,267.9,0.14,1
1482,49.4494,102.8,0.6,350.6,169.0,0.9306,0
1483,49.4828,70.2,0.1,352.6,170.3,0.9182,0
1483,49.4828,0.0,21.2,106.2,267.9,0.1234,1
1484,49.5161,31.7,1.2,341.2,172.4,0.9292,0
1484,49.5161,0.0,53.9,97.4,268.1,0.2638,1
1485,49.5495,37.8,1.9,341.4,172.4,0.8048,0
1485,49.5495,47.0,0.2,340.0,173.3,0.1071,0
1486,49.5829,58.6,1.0,342.9,170.1,0.9026,0
1487,49.6162,68.2,0.1,348.1,170.2,0.9238,0
1488,49.6496,73.2,0.1,352.3,169.8,0.9284,0
1489,49.683,98.0,0.7,356.6,168.1,0.8559,0
1489,49.683,92.3,0.8,357.0,169.8,0.5882,0
1490,49.7163,103.7,0.3,349.9,168.8,0.9119,0
1491,49.7497,62.5,1.3,359.8,168.9,0.9122,0
1492,49.7831,88.4,1.7,353.7,169.0,0.9228,0
1493,49.8164,81.9,1.5,353.6,169.1,0.9325,0
1494,49.8498,73.8,0.4,349.0,169.6,0.9245,0
1495,49.8832,69.3,0.4,357.7,169.6,0.923,0
1496,49.9165,80.1,0.0,362.9,170.2,0.9169,0
1497,49.9499,96.6,2.1,359.1,171.2,0.9245,0
1498,49.9833,83.8,0.0,350.6,170.1,0.9213,0
1499,50.0166,81.8,0.0,352.5,169.4,0.9187,0
1500,50.05,63.9,3.2,354.3,170.3,0.9201,0
1500,50.05,95.8,1.1,351.2,167.1,0.8165,0
1501,50.0834,56.6,1.2,356.4,170.5,0.8385,0
1501,50.0834,63.4,0.0,355.0,170.2,0.3723,0
1502,50.1167,57.9,3.3,356.9,170.0,0.9304,0
1502,50.1167,70.9,1.3,354.9,169.4,0.106,0
1503,50.1501,100.1,0.3,352.3,169.2,0.9013,0
1504,50.1835,71.2,0.0,350.3,170.2,0.9267,0
1505,50.2168,64.0,0.5,348.9,169.3,0.9315,0
1506,50.2502,59.7,0.0,351.5,169.2,0.9222,0
1507,50.2836,66.1,0.2,351.2,169.5,0.9161,0
1508,50.3169,57.6,1.0,348.4,169.8,0.9319,0
1509,50.3503,63.9,0.9,350.9,169.2,0.9311,0
1510,50.3837,90.5,1.3,352.4,168.5,0.9077,0
1511,50.417,74.3,0.4,353.8,169.1,0.9256,0
1512,50.4504,83.5,0.0,353.8,168.8,0.9169,0
1513,50.4838,69.5,0.1,353.8,168.9,0.9229,0
1514,50.5171,81.4,3.4,355.9,169.4,0.9191,0
1515,50.5505,57.8,1.7,352.9,169.8,0.9248,0
1515,50.5505,0.0,55.9,97.6,269.0,0.1286,1
1516,50.5839,39.9,3.9,355.0,170.1,0.944,0
1517,50.6172,85.2,1.5,351.2,168.9,0.8869,0
1517,50.6172,0.0,50.9,82.8,267.5,0.2497,1
1518,50.6506,72.1,0.0,349.9,167.1,0.8804,0
1518,50.6506,36.7,0.4,346.5,173.3,0.163,0
1519,50.684,56.2,0.6,351.8,168.1,0.9262,0
1520,50.7173,51.1,0.3,356.3,169.1,0.9369,0
1520,50.7173,0.0,45.1,80.3,269.9,0.2502,1
1521,50.7507,98.9,0.0,351.6,169.5,0.9231,0
1522,50.7841,72.7,0.4,354.0,168.6,0.9254,0
1523,50.8174,101.1,0.0,350.0,168.6,0.9386,0
1523,50.8174,0.0,52.5,89.7,267.6,0.1526,1
1524,50.8508,102.5,1.2,353.2,169.0,0.9201,0
1525,50.8842,100.9,0.5,355.4,169.1,0.9228,0
1526,50.9175,61.6,1.7,364.1,170.8,0.9027,0
1527,50.9509,72.1,0.0,363.7,169.4,0.9414,0
1528,50.9843,67.5,0.4,363.3,169.3,0.9334,0
1528,50.9843,0.0,46.0,93.4,264.4,0.2031,1
1529,51.0176,108.1,1.1,347.7,168.5,0.919,0
1530,51.051,110.6,0.1,349.9,168.9,0.9286,0
1531,51.0844,105.9,2.0,352.8,169.2,0.9297,0
1532,51.1177,104.3,0.0,355.7,168.0,0.9363,0
1533,51.1511,97.3,0.0,348.0,168.4,0.9419,0
1534,51.1845,101.8,0.0,350.2,167.8,0.938,0
1534,51.1845,0.0,47.4,102.8,263.9,0.3579,1
1535,51.2178,92.8,0.0,348.8,167.9,0.94,0
1536,51.2512,57.5,0.0,350.8,168.4,0.9162,0
1537,51.2846,76.2,0.0,353.2,168.4,0.9363,0
1538,51.3179,71.9,2.3,352.2,168.4,0.9238,0
1539,51.3513,62.2,0.0,354.7,168.6,0.9253,0
1539,51.3513,0.0,24.8,103.7,267.4,0.2023,1
1540,51.3847,92.2,0.1,349.4,169.0,0.9233,0
1541,51.418,99.1,0.0,354.4,169.3,0.9116,0
1542,51.4514,93.3,0.0,361.0,169.3,0.9205,0
1543,51.4848,65.8,2.1,370.1,169.5,0.9306,0
1544,51.5181,95.7,0.0,362.4,166.3,0.9314,0
1545,51.5515,97.5,0.7,354.2,167.2,0.9265,0
1546,51.5849,88.4,0.5,352.5,170.0,0.9208,0
1547,51.6182,101.8,0.2,351.5,169.4,0.9122,0
1548,51.6516,82.6,0.7,352.1,169.2,0.9092,0
1549,51.685,59.5,0.5,353.0,170.3,0.9131,0
1550,51.7183,103.2,0.0,348.1,169.5,0.9262,0
1551,51.7517,60.7,0.5,346.4,169.7,0.9039,0
1551,51.7517,0.0,8.7,111.1,272.0,0.1289,1
1552,51.7851,70.9,0.0,346.0,169.8,0.8877,0
1553,51.8184,84.9,0.5,341.8,169.3,0.8693,0
1554,51.8518,48.2,2.6,345.2,170.3,0.8956,0
1555,51.8852,68.9,0.0,348.6,168.2,0.9448,0
1556,51.9185,49.5,0.0,357.0,169.4,0.9247,0
1557,51.9519,68.0,0.8,349.3,169.4,0.9029,0
1558,51.9853,119.2,0.6,349.6,170.1,0.9392,0
1559,52.0186,96.3,0.0,351.9,168.9,0.9061,0
1560,52.052,94.0,0.0,354.4,168.2,0.9179,0
1561,52.0854,99.4,0.0,346.9,168.3,0.9291,0
1562,52.1187,95.9,0.0,350.1,169.3,0.923,0
1563,52.1521,96.6,0.7,351.9,169.8,0.9136,0
1564,52.1855,109.8,0.0,357.9,170.2,0.9299,0
1565,52.2188,86.4,0.0,358.7,169.2,0.9249,0
1566,52.2522,76.7,3.1,365.3,169.3,0.9316,0
1567,52.2856,88.7,0.3,353.1,169.0,0.9148,0
1568,52.3189,96.3,0.2,353.5,168.3,0.9228,0
1569,52.3523,93.4,5.0,352.6,167.6,0.911,0
1570,52.3857,92.4,0.3,351.3,168.9,0.9314,0
1570,52.3857,0.0,9.3,128.8,270.1,0.4589,1
1571,52.419,97.6,0.0,350.0,169.2,0.9367,0
1571,52.419,0.0,8.6,140.0,270.2,0.1208,1
1572,52.4524,102.2,0.3,345.9,169.8,0.9436,0
1573,52.4858,99.4,1.0,355.9,169.5,0.8084,0
1573,52.4858,0.0,5.8,142.7,270.0,0.1583,1
1574,52.5191,95.5,0.3,350.9,169.1,0.9306,0
1575,52.5525,101.9,0.0,357.6,169.2,0.8988,0
1576,52.5859,88.4,0.6,361.4,168.2,0.9209,0
1577,52.6192,88.3,1.1,365.1,169.5,0.9018,0
1578,52.6526,78.4,0.2,355.1,169.1,0.9316,0
1579,52.686,100.1,0.2,359.0,169.6,0.9167,0
1580,52.7193,96.4,1.0,347.0,168.9,0.8975,0
1581,52.7527,70.7,0.0,353.3,169.0,0.9445,0
1581,52.7527,0.0,16.3,119.9,272.0,0.1934,1
1582,52.7861,80.0,0.3,355.2,167.8,0.9339,0
1583,52.8194,71.9,0.0,350.3,168.3,0.9363,0
1584,52.8528,98.8,0.5,352.1,169.0,0.9355,0
1585,52.8862,87.5,0.0,351.7,169.9,0.9318,0
1586,52.9195,97.3,1.5,348.9,169.2,0.9209,0
1587,52.9529,60.8,1.8,346.4,168.3,0.9044,0
1588,52.9863,65.9,0.5,353.6,168.5,0.9234,0
1589,53.0196,62.2,0.5,352.2,167.3,0.9289,0
1590,53.053,50.2,0.0,355.0,168.0,0.9322,0
1591,53.0864,67.9,0.0,350.9,169.7,0.9415,0
1592,53.1197,79.9,0.0,353.9,169.8,0.8201,0
1593,53.1531,64.6,2.1,357.5,170.6,0.8887,0
1594,53.1865,50.8,1.3,364.8,171.2,0.9399,0
1595,53.2198,57.3,0.0,363.3,170.5,0.884,0
1596,53.2532,64.0,0.0,361.9,170.0,0.9384,0
1597,53.2866,83.0,0.4,368.1,170.5,0.9343,0
1597,53.2866,0.0,16.2,117.7,268.5,0.1551,1
1598,53.3199,104.3,1.3,361.1,170.1,0.9281,0
1599,53.3533,100.4,2.1,349.0,169.9,0.9352,0
1600,53.3867,100.6,3.1,359.6,169.2,0.9247,0
1601,53.42,40.6,0.4,364.0,169.1,0.9332,0
1602,53.4534,64.0,0.0,381.9,170.5,0.9343,0
1602,53.4534,0.0,18.3,105.3,267.3,0.3351,1
1603,53.4868,74.2,7.6,381.4,167.1,0.9213,0
1604,53.5201,36.1,1.5,381.2,168.9,0.8918,0
1604,53.5201,0.0,33.3,111.2,265.2,0.2925,1
1605,53.5535,54.4,0.4,362.9,168.1,0.9325,0
1606,53.5869,117.0,2.7,358.2,165.6,0.9169,0
1606,53.5869,0.0,4.7,135.9,268.1,0.1563,1
1607,53.6202,69.8,0.0,355.9,168.8,0.9358,0
1608,53.6536,54.8,0.5,361.7,168.6,0.9096,0
1608,53.6536,0.0,8.7,120.4,268.5,0.2008,1
1609,53.687,64.6,0.1,357.2,168.2,0.9521,0
1610,53.7203,59.9,1.8,366.6,167.7,0.8703,0
1610,53.7203,61.7,4.7,368.4,168.5,0.241,0
1611,53.7537,55.8,0.8,379.1,165.9,0.8831,0
1612,53.7871,67.4,1.7,372.1,169.4,0.9494,0
1613,53.8204,69.9,0.0,369.1,167.1,0.711,0
1613,53.8204,64.5,0.0,369.5,170.8,0.3737,0
1613,53.8204,0.0,16.4,116.7,266.3,0.1001,1
1614,53.8538,65.8,4.4,365.1,170.7,0.9134,0
1614,53.8538,0.0,6.8,121.3,265.1,0.1986,1
1614,53.8538,67.5,1.4,366.0,170.9,0.132,0
1615,53.8872,78.0,0.4,351.0,168.6,0.9385,0
1615,53.8872,0.0,2.4,139.4,266.5,0.2274,1
1616,53.9205,78.4,1.4,366.3,168.2,0.9366,0
1617,53.9539,82.9,0.0,368.8,166.2,0.9075,0
1618,53.9873,80.7,0.0,363.1,167.2,0.9048,0
1619,54.0206,69.9,0.0,359.1,170.6,0.9294,0
1620,54.054,67.7,0.0,358.5,169.6,0.4427,0
1620,54.054,60.4,0.8,357.8,170.3,0.2753,0
1621,54.0874,60.7,2.7,356.5,169.9,0.9424,0
1622,54.1207,67.5,0.0,354.5,169.6,0.9121,0
1623,54.1541,64.6,0.0,354.3,168.6,0.9344,0
1623,54.1541,0.0,6.5,122.2,272.0,0.1042,1
1624,54.1875,54.7,0.0,354.6,167.7,0.912,0
1625,54.2208,59.3,2.4,361.6,167.6,0.854,0
1626,54.2542,63.2,6.8,362.5,169.2,0.9521,0
1627,54.2876,48.5,1.5,374.0,169.6,0.8262,0
1628,54.3209,51.1,2.7,368.4,171.0,0.9373,0
1628,54.3209,0.0,14.2,112.7,269.6,0.2862,1
1629,54.3543,48.8,1.8,363.0,170.3,0.9391,0
1629,54.3543,0.0,21.6,94.1,268.7,0.459,1
1629,54.3543,53.6,0.1,361.9,170.3,0.1007,0
1630,54.3877,63.3,0.0,361.7,171.0,0.9277,0
1630,54.3877,0.0,15.7,98.4,268.9,0.4873,1
1630,54.3877,0.0,9.1,108.4,272.0,0.1108,1
1631,54.421,61.2,0.4,352.2,169.5,0.915,0
1632,54.4544,53.9,0.0,353.9,169.3,0.8947,0
1633,54.4878,47.9,3.7,353.2,169.2,0.9295,0
1633,54.4878,0.0,19.3,102.7,268.8,0.2081,1
1634,54.5211,54.7,1.0,360.5,169.5,0.9456,0
1634,54.5211,0.0,27.9,85.0,268.2,0.3934,1
1635,54.5545,98.3,0.0,352.7,170.2,0.9277,0
1636,54.5879,81.2,0.0,352.8,169.4,0.946,0
1636,54.5879,0.0,7.2,109.2,270.7,0.1129,1
1637,54.6212,69.5,0.2,347.5,169.1,0.9279,0
1638,54.6546,55.0,0.0,355.6,170.0,0.919,0
1638,54.6546,0.0,7.2,117.4,272.0,0.1426,1
1639,54.688,47.4,0.0,363.9,169.2,0.928,0
1639,54.688,0.0,19.1,107.5,267.7,0.1108,1
1640,54.7213,49.6,0.4,361.1,169.8,0.6397,0
1640,54.7213,45.7,2.0,361.9,169.9,0.4464,0
1640,54.7213,0.0,10.5,107.9,269.8,0.1392,1
1640,54.7213,0.0,17.7,100.5,267.8,0.1203,1
1641,54.7547,99.4,1.6,363.0,166.6,0.7163,0
1641,54.7547,94.5,1.8,364.1,169.2,0.3016,0
1642,54.7881,96.1,1.3,364.5,168.4,0.9202,0
1643,54.8214,94.7,1.0,377.6,166.0,0.9418,0
1644,54.8548,75.6,0.3,357.6,168.7,0.9286,0
1644,54.8548,0.0,17.9,115.3,268.1,0.1563,1
1645,54.8882,78.1,0.0,358.4,169.3,0.9288,0
1646,54.9215,87.2,0.3,357.6,169.1,0.9307,0
1647,54.9549,49.9,2.4,353.0,168.8,0.9137,0
1648,54.9883,52.3,0.2,359.2,170.1,0.9429,0
1649,55.0216,66.3,1.0,367.2,169.4,0.4145,0
1649,55.0216,51.0,2.7,367.2,169.4,0.3312,0
1650,55.055,107.4,3.3,363.8,166.6,0.8891,0
1650,55.055,0.0,4.5,129.9,250.5,0.1316,1
1651,55.0884,50.6,1.0,360.6,169.6,0.9352,0
1651,55.0884,0.0,16.2,117.5,268.7,0.1407,1
1652,55.1217,56.5,2.6,363.6,169.9,0.8503,0
1653,55.1551,104.6,1.8,351.9,168.9,0.9264,0
1654,55.1885,46.3,2.7,362.6,169.6,0.9534,0
1655,55.2218,101.1,0.1,346.0,169.0,0.9031,0
1656,55.2552,95.1,2.1,349.9,168.6,0.9448,0
1657,55.2886,91.5,2.3,353.4,169.5,0.9347,0
1658,55.3219,90.6,0.1,353.6,168.9,0.9271,0
1659,55.3553,101.8,1.5,351.4,168.8,0.9252,0
1660,55.3887,49.3,2.0,350.4,171.3,0.9438,0
1661,55.422,78.6,1.8,354.3,170.0,0.8237,0
1661,55.422,82.6,0.5,354.1,169.4,0.2926,0
1662,55.4554,87.6,4.7,353.5,170.0,0.9259,0
1663,55.4888,75.7,0.0,352.4,170.1,0.9211,0
1663,55.4888,0.0,8.5,117.6,272.0,0.138,1
1664,55.5221,48.8,0.2,359.0,170.6,0.9277,0
1664,55.5221,0.0,43.5,79.8,270.4,0.2326,1
1665,55.5555,54.1,0.8,355.4,169.6,0.9342,0
1665,55.5555,0.0,42.8,80.9,270.4,0.1061,1
1666,55.5889,99.4,1.1,343.2,170.2,0.9107,0
1667,55.6222,67.3,0.2,350.7,170.7,0.8948,0
1668,55.6556,51.0,0.9,347.1,169.4,0.9002,0
1669,55.689,48.9,4.2,352.0,168.8,0.9298,0
1670,55.7223,58.0,0.0,361.4,168.9,0.9478,0
1671,55.7557,72.6,0.1,369.1,169.4,0.9388,0
1672,55.7891,75.6,0.1,377.7,169.1,0.9384,0
1672,55.7891,0.0,8.8,115.0,271.5,0.1112,1
1673,55.8224,60.4,0.0,373.5,170.0,0.9253,0
1674,55.8558,59.0,0.6,351.1,168.9,0.4257,0
1674,55.8558,47.8,2.3,352.6,170.1,0.3452,0
1675,55.8892,51.0,0.5,350.9,169.2,0.8948,0
1675,55.8892,0.0,16.0,115.6,269.6,0.1782,1
1676,55.9225,61.4,0.0,359.7,170.4,0.9136,0
1676,55.9225,0.0,16.0,104.2,270.1,0.3196,1
1677,55.9559,53.3,0.5,366.4,169.7,0.9395,0
1678,55.9893,58.4,0.0,358.6,169.7,0.9391,0
1678,55.9893,0.0,60.7,81.4,269.5,0.2818,1
1679,56.0226,73.6,0.0,354.8,169.6,0.9085,0
1679,56.0226,0.0,21.0,91.2,268.2,0.1604,1
1680,56.056,69.8,0.0,349.4,168.8,0.9323,0
1681,56.0894,53.4,1.0,352.1,169.0,0.9045,0
1681,56.0894,0.0,47.5,81.7,269.0,0.1363,1
1682,56.1227,49.5,0.2,356.0,169.7,0.9297,0
1682,56.1227,0.0,18.2,94.1,266.4,0.2608,1
1683,56.1561,39.5,0.0,362.3,169.0,0.909,0
1683,56.1561,0.0,40.0,79.6,268.8,0.1445,1
1684,56.1895,100.9,0.0,366.3,166.5,0.9426,0
1685,56.2228,97.6,0.0,363.7,166.0,0.9107,0
1686,56.2562,75.4,0.0,365.4,169.8,0.8541,0
1687,56.2896,61.0,0.7,366.0,170.0,0.9407,0
1687,56.2896,0.0,61.5,73.4,267.3,0.1289,1
1688,56.3229,63.4,0.2,370.5,168.9,0.8263,0
1688,56.3229,58.9,0.4,369.2,166.2,0.7408,0
1689,56.3563,101.9,0.9,359.3,168.3,0.8895,0
1690,56.3897,97.1,1.0,358.3,167.2,0.9148,0
1690,56.3897,0.0,9.6,137.5,265.0,0.2447,1
1691,56.423,50.3,0.4,364.8,170.1,0.9414,0
1691,56.423,0.0,39.5,99.9,266.5,0.2111,1
1692,56.4564,62.0,0.7,357.0,169.7,0.9286,0
1693,56.4898,102.1,0.2,354.6,167.5,0.889,0
1694,56.5231,66.3,0.0,344.7,168.7,0.8944,0
1695,56.5565,67.9,0.0,344.9,169.5,0.9052,0
1695,56.5565,0.0,64.6,91.4,269.0,0.1298,1
1696,56.5899,72.5,1.3,345.5,168.7,0.8869,0
1697,56.6232,58.1,1.7,344.9,167.4,0.9141,0
1697,56.6232,0.0,59.9,79.4,268.2,0.4485,1
1698,56.6566,71.5,1.6,360.4,168.6,0.9429,0
1698,56.6566,0.0,20.4,94.3,265.8,0.3122,1
1699,56.69,94.2,0.0,367.7,166.0,0.9299,0
1700,56.7233,90.4,0.7,358.3,169.1,0.9079,0
1701,56.7567,65.3,0.0,361.2,168.5,0.9416,0
1702,56.7901,81.9,0.0,367.7,168.3,0.852,0
1703,56.8234,68.1,0.4,351.2,168.8,0.9234,0
1704,56.8568,87.8,0.0,354.6,168.8,0.8957,0
1705,56.8902,71.0,0.6,358.3,168.6,0.9115,0
1706,56.9235,58.1,2.7,365.1,169.3,0.7394,0
1706,56.9235,86.9,0.5,363.9,166.3,0.2861,0
1707,56.9569,58.0,0.3,387.0,166.6,0.9281,0
1708,56.9903,47.7,0.0,382.0,165.9,0.8998,0
1708,56.9903,0.0,27.2,91.7,267.8,0.1361,1
1709,57.0236,54.6,0.0,377.4,166.5,0.9257,0
1710,57.057,57.3,0.2,380.4,166.5,0.9014,0
1711,57.0904,89.6,0.3,353.9,169.2,0.9145,0
1712,57.1237,66.0,0.1,360.4,170.0,0.9306,0
1713,57.1571,77.3,1.3,353.7,169.7,0.919,0
1713,57.1571,0.0,20.3,111.0,265.9,0.1177,1
1714,57.1905,104.9,1.5,353.1,168.3,0.9188,0
1715,57.2238,100.0,0.7,355.9,169.0,0.9218,0
1716,57.2572,87.1,2.6,366.4,169.7,0.4079,0
1716,57.2572,91.7,0.4,362.0,169.8,0.1446,0
1717,57.2906,98.5,0.8,352.0,169.1,0.9065,0
1717,57.2906,0.0,76.3,73.0,267.4,0.1136,1
1718,57.3239,59.0,0.0,353.3,169.9,0.9073,0
1718,57.3239,0.0,54.0,78.8,268.0,0.1323,1
1719,57.3573,67.3,0.0,364.4,169.9,0.9266,0
1720,57.3907,85.2,0.8,371.2,167.2,0.919,0
1721,57.424,60.2,1.1,352.9,169.3,0.9344,0
1722,57.4574,64.1,0.5,360.0,169.6,0.9256,0
1723,57.4908,51.1,0.0,360.6,168.1,0.952,0
1724,57.5241,54.1,0.3,351.4,168.9,0.9106,0
1725,57.5575,66.1,0.5,350.0,170.3,0.9242,0
1726,57.5909,88.2,0.4,351.9,170.0,0.9187,0
1727,57.6242,74.1,0.0,355.8,169.5,0.9308,0
1728,57.6576,73.8,0.0,352.6,169.2,0.927,0
1729,57.691,75.8,0.0,351.9,169.3,0.9229,0
1730,57.7243,80.3,1.4,354.6,167.3,0.9285,0
1731,57.7577,74.8,0.0,355.1,168.4,0.9348,0
1732,57.7911,112.8,0.7,347.4,167.9,0.9089,0
1733,57.8244,60.0,3.2,352.7,169.8,0.932,0
1734,57.8578,61.3,3.4,352.3,169.2,0.9379,0
1735,57.8912,88.7,0.3,349.9,167.7,0.8922,0
1736,57.9245,93.5,0.0,359.5,168.1,0.9324,0
1737,57.9579,97.0,0.2,358.6,168.0,0.909,0
1738,57.9913,88.6,0.0,349.6,168.4,0.9359,0
1739,58.0246,79.0,0.0,347.4,169.1,0.942,0
1740,58.058,102.9,0.0,348.7,168.5,0.9196,0
1741,58.0914,111.2,0.0,356.1,168.7,0.926,0
1742,58.1247,121.3,0.0,351.2,167.4,0.9321,0
1743,58.1581,80.6,0.8,346.9,170.1,0.8993,0
1744,58.1915,95.0,0.0,354.1,169.6,0.909,0
1745,58.2248,63.5,1.6,364.3,170.2,0.9296,0
1746,58.2582,94.4,5.2,365.1,166.9,0.893,0
1747,58.2916,76.9,0.7,349.9,171.0,0.8808,0
1748,58.3249,84.4,0.3,352.0,169.8,0.9056,0
1749,58.3583,54.6,1.1,362.6,170.6,0.9347,0
1750,58.3917,92.5,0.8,359.9,170.5,0.9199,0
1751,58.425,73.4,2.5,353.1,168.6,0.916,0
1752,58.4584,58.6,3.7,352.8,169.0,0.8891,0
1753,58.4918,39.9,1.5,346.0,170.5,0.6271,0
1753,58.4918,35.4,1.1,347.1,171.4,0.2887,0
1754,58.5251,92.2,0.0,343.8,169.9,0.9308,0
1755,58.5585,93.1,0.5,348.5,168.9,0.9295,0
1756,58.5919,88.3,0.0,349.3,169.9,0.9299,0
1757,58.6252,105.8,0.3,351.5,169.4,0.924,0
1758,58.6586,67.7,1.3,352.0,168.5,0.9183,0
1759,58.692,61.2,0.9,345.7,169.6,0.8904,0
1760,58.7253,46.8,3.6,348.2,170.1,0.9135,0
1760,58.7253,46.0,0.9,347.1,167.7,0.656,0
1760,58.7253,0.0,56.8,84.1,268.9,0.124,1
1761,58.7587,99.6,1.3,343.2,169.4,0.9226,0
1762,58.7921,92.0,0.0,343.1,168.6,0.9331,0
1763,58.8254,77.0,0.0,341.7,169.1,0.9404,0
1764,58.8588,55.8,1.2,344.3,168.5,0.9171,0
1765,58.8922,52.3,2.5,347.1,170.4,0.8946,0
1765,58.8922,52.9,1.6,346.2,168.9,0.1146,0
1766,58.9255,55.6,2.1,344.5,170.8,0.9402,0
1767,58.9589,60.0,6.8,352.6,170.0,0.9429,0
1768,58.9923,90.1,3.0,356.1,168.8,0.9408,0
1769,59.0256,79.7,0.5,345.8,168.5,0.9334,0
1770,59.059,105.7,2.6,345.8,169.0,0.9464,0
1771,59.0924,105.9,0.0,345.9,169.2,0.943,0
1772,59.1257,83.9,0.0,341.1,169.7,0.928,0
1773,59.1591,106.8,0.1,341.0,169.4,0.9343,0
1774,59.1925,66.2,0.0,339.7,169.3,0.9126,0
1775,59.2258,60.5,0.0,345.0,169.3,0.9095,0
1776,59.2592,60.4,0.0,352.1,171.1,0.6454,0
1776,59.2592,58.8,0.0,351.1,168.7,0.3931,0
1777,59.2926,64.8,0.0,343.3,168.4,0.8982,0
1778,59.3259,63.0,0.0,346.8,168.0,0.9402,0
1779,59.3593,74.7,0.0,346.5,171.2,0.9408,0
1780,59.3927,70.4,0.0,346.6,170.8,0.9373,0
1781,59.426,53.8,1.5,347.9,171.3,0.9281,0
1782,59.4594,57.7,0.0,348.3,171.2,0.9322,0
1783,59.4928,52.6,0.9,351.4,169.7,0.9374,0
1784,59.5261,61.8,0.2,345.7,169.6,0.9004,0
1784,59.5261,0.0,53.0,85.1,270.0,0.1582,1
1785,59.5595,68.4,0.0,344.6,169.6,0.922,0
1785,59.5595,0.0,23.5,106.2,267.5,0.1946,1
1786,59.5929,99.9,0.3,345.4,168.9,0.9279,0
1787,59.6262,55.5,5.9,348.7,169.8,0.9271,0
1788,59.6596,61.9,1.0,346.5,168.0,0.9102,0
1788,59.6596,0.0,16.5,103.7,269.2,0.133,1
1789,59.693,60.5,1.9,344.2,168.6,0.7785,0
1790,59.7263,72.2,0.0,343.4,170.3,0.4349,0
1790,59.7263,63.9,1.2,343.6,170.8,0.3485,0
1791,59.7597,64.9,0.1,343.8,169.7,0.9356,0
1792,59.7931,65.9,0.2,344.2,169.4,0.9351,0
1793,59.8264,86.5,0.0,346.4,169.4,0.9345,0
1794,59.8598,101.2,0.0,346.1,170.6,0.9408,0
1795,59.8932,96.4,0.4,341.9,170.4,0.9443,0
1796,59.9265,90.4,0.3,350.9,168.8,0.9392,0
1797,59.9599,62.5,0.0,339.8,171.8,0.8174,0
1798,59.9933,75.9,0.0,339.7,169.9,0.937,0
1799,60.0266,66.2,0.0,345.5,170.0,0.9301,0
1800,60.06,96.1,2.7,346.0,169.9,0.9378,0
1801,60.0934,65.3,0.0,347.8,169.4,0.9459,0
1802,60.1267,79.8,0.1,350.2,169.8,0.9229,0
1803,60.1601,79.0,0.0,351.5,169.2,0.9207,0
1804,60.1935,72.9,0.0,345.4,168.7,0.9391,0
1805,60.2268,56.7,2.3,342.0,171.0,0.8349,0
1805,60.2268,64.0,0.5,341.3,168.8,0.7893,0
1806,60.2602,80.7,0.4,350.0,168.7,0.8979,0
1807,60.2936,62.4,0.9,354.1,170.2,0.9344,0
1808,60.3269,76.8,0.0,355.7,170.6,0.9486,0
1809,60.3603,73.0,0.3,355.4,170.3,0.7383,0
1809,60.3603,60.5,2.3,356.0,170.3,0.559,0
1810,60.3937,79.7,0.0,347.3,168.9,0.9428,0
1810,60.3937,0.0,14.9,118.8,269.5,0.1676,1
1811,60.427,79.4,0.5,354.6,169.4,0.9412,0
1812,60.4604,68.7,2.1,360.8,169.3,0.9374,0
1813,60.4938,72.8,0.0,358.4,169.5,0.8038,0
1813,60.4938,85.4,0.0,358.0,166.5,0.4059,0
1814,60.5271,69.3,0.0,368.2,170.9,0.9335,0
1815,60.5605,67.3,0.0,375.8,167.7,0.9366,0
1815,60.5605,0.0,27.0,110.9,261.0,0.1496,1
1816,60.5939,42.8,0.0,372.3,169.4,0.9343,0
1817,60.6272,94.9,0.0,365.8,165.5,0.9291,0
1818,60.6606,101.8,0.2,362.2,168.8,0.8726,0
1819,60.694,56.2,0.0,376.5,170.4,0.9331,0
1820,60.7273,67.7,0.0,379.4,170.0,0.9151,0
1820,60.7273,73.8,0.0,376.3,166.9,0.3297,0
1821,60.7607,96.9,3.9,355.2,169.2,0.9047,0
1822,60.7941,102.3,1.2,357.8,167.7,0.8826,0
1823,60.8274,61.7,2.6,361.0,170.1,0.9158,0
1824,60.8608,105.2,1.0,364.0,167.7,0.8994,0
1824,60.8608,0.0,5.7,135.8,267.8,0.2463,1
1825,60.8942,100.7,0.4,362.9,166.8,0.8841,0
1826,60.9275,90.8,0.3,365.7,167.0,0.8999,0
1827,60.9609,62.2,0.6,379.5,167.4,0.9092,0
1828,60.9943,101.3,0.0,361.8,166.4,0.9063,0
1829,61.0276,58.1,1.1,362.0,170.5,0.9348,0
1829,61.0276,0.0,6.7,119.4,269.1,0.2699,1
1830,61.061,50.2,1.8,365.4,171.0,0.8008,0
1830,61.061,67.0,0.1,367.9,170.4,0.1082,0
1831,61.0944,102.2,0.0,369.9,167.7,0.9209,0
1832,61.1277,89.9,0.0,363.7,167.5,0.8968,0
1833,61.1611,70.3,4.4,364.3,170.6,0.7187,0
1833,61.1611,81.5,1.0,361.5,170.3,0.5308,0
1834,61.1945,108.9,1.1,361.8,166.7,0.9083,0
1835,61.2278,102.0,0.9,358.2,166.7,0.9082,0
1836,61.2612,104.2,0.7,364.4,166.5,0.9108,0
1837,61.2946,104.4,1.3,365.7,167.1,0.8905,0
1838,61.3279,68.8,0.3,363.0,168.8,0.9254,0
1839,61.3613,69.8,0.0,382.5,169.7,0.9011,0
1840,61.3947,96.9,1.4,355.5,168.9,0.9164,0
1841,61.428,66.7,0.1,356.4,169.6,0.9434,0
1842,61.4614,63.0,1.3,368.6,169.8,0.9288,0
1843,61.4948,96.7,0.0,364.2,166.6,0.9059,0
1844,61.5281,92.8,0.0,345.3,169.2,0.9388,0
1845,61.5615,95.4,0.0,350.8,170.4,0.9282,0
1845,61.5615,0.0,9.0,116.6,269.3,0.2298,1
1846,61.5949,83.7,0.0,359.7,169.6,0.9306,0
1847,61.6282,83.8,0.0,361.5,168.8,0.9322,0
1848,61.6616,103.9,0.0,350.6,170.2,0.9348,0
1849,61.695,102.2,1.1,347.9,170.0,0.9397,0
1850,61.7283,49.0,2.6,353.2,171.5,0.6794,0
1850,61.7283,63.3,0.3,351.5,170.0,0.1967,0
1851,61.7617,47.3,0.5,358.1,169.9,0.9401,0
1852,61.7951,56.1,0.5,354.7,169.7,0.9228,0
1853,61.8284,71.8,0.8,351.9,168.3,0.9185,0
1854,61.8618,46.9,0.8,361.0,170.6,0.9286,0
1854,61.8618,0.0,14.4,108.2,267.1,0.1196,1
1855,61.8952,55.4,0.0,361.9,170.2,0.9315,0
1855,61.8952,0.0,6.3,116.4,264.4,0.145,1
1856,61.9285,54.0,0.3,352.3,170.1,0.9353,0
1856,61.9285,0.0,5.5,114.5,266.5,0.2123,1
1857,61.9619,55.7,0.0,351.7,168.8,0.9249,0
1858,61.9953,53.1,0.0,362.5,168.9,0.9219,0
1859,62.0286,93.3,0.0,351.0,167.2,0.9224,0
1859,62.0286,344.6,207.9,366.9,233.6,0.1556,0
1859,62.0286,0.0,14.9,116.4,268.3,0.1264,1
1860,62.062,85.0,0.2,351.9,167.0,0.9372,0
1860,62.062,344.0,206.4,367.4,235.0,0.1097,0
1861,62.0954,43.3,0.0,352.3,167.8,0.9409,0
1862,62.1287,42.9,0.0,357.8,168.3,0.9211,0
1863,62.1621,99.5,0.3,359.1,169.5,0.9159,0
1864,62.1955,91.5,0.2,353.8,170.0,0.9074,0
1865,62.2288,94.9,0.0,349.6,168.6,0.9308,0
1866,62.2622,107.1,0.0,346.5,169.2,0.9323,0
1867,62.2956,98.1,0.8,357.6,169.4,0.9279,0
1868,62.3289,95.2,1.8,364.5,166.6,0.8735,0
1869,62.3623,94.6,0.0,367.9,167.1,0.9203,0
1869,62.3623,0.0,23.1,110.3,266.1,0.1319,1
1870,62.3957,87.2,1.9,359.3,169.7,0.9152,0
1871,62.429,74.1,1.1,356.1,170.0,0.936,0
1872,62.4624,62.5,0.7,354.9,168.3,0.9433,0
1873,62.4958,63.5,0.1,351.2,167.8,0.9294,0
1874,62.5291,56.3,0.0,356.3,167.6,0.9478,0
1875,62.5625,65.3,0.0,353.3,169.2,0.9274,0
1876,62.5959,63.2,0.0,356.8,169.0,0.9503,0
1877,62.6292,69.1,0.0,359.6,169.5,0.9411,0
1878,62.6626,59.0,0.2,376.0,169.9,0.8054,0
1878,62.6626,57.3,0.1,375.3,166.3,0.7258,0
1879,62.696,43.5,2.3,370.1,169.8,0.9161,0
1880,62.7293,83.5,0.0,348.0,168.7,0.9361,0
1881,62.7627,61.8,0.1,357.4,169.3,0.9467,0
1882,62.7961,45.1,0.0,358.4,169.9,0.9293,0
1883,62.8294,55.6,0.3,352.4,169.8,0.9344,0
1884,62.8628,41.1,0.5,356.0,169.2,0.9283,0
1885,62.8962,74.0,0.4,351.9,170.1,0.9204,0
1886,62.9295,75.6,0.0,356.5,169.3,0.9219,0
1887,62.9629,70.4,0.2,359.1,169.7,0.9298,0
1888,62.9963,96.6,0.5,345.2,169.0,0.9379,0
1889,63.0296,96.2,0.5,348.8,168.7,0.9244,0
1890,63.063,90.4,0.3,351.9,168.9,0.9309,0
1891,63.0964,65.9,0.0,358.8,169.2,0.931,0
1891,63.0964,0.0,15.9,111.8,268.5,0.4377,1
1892,63.1297,65.1,1.8,362.0,168.8,0.9219,0
1892,63.1297,0.0,13.6,111.1,266.9,0.1736,1
1893,63.1631,105.0,1.1,367.1,167.8,0.9196,0
1894,63.1965,56.0,3.6,373.5,169.5,0.9214,0
1895,63.2298,77.6,0.3,366.0,169.0,0.9316,0
1896,63.2632,36.4,0.2,357.6,169.8,0.8947,0
1897,63.2966,81.8,0.1,360.0,169.4,0.9206,0
1898,63.3299,54.8,0.0,364.1,170.5,0.9197,0
1899,63.3633,93.2,0.5,359.7,168.9,0.9116,0
1900,63.3967,80.5,0.0,359.0,169.9,0.9417,0
1901,63.43,50.4,0.1,362.4,170.0,0.9076,0
1901,63.43,43.4,1.7,363.6,170.0,0.1082,0
1902,63.4634,66.3,1.4,363.6,169.2,0.9327,0
1902,63.4634,0.0,14.9,85.8,269.0,0.4217,1
1902,63.4634,0.0,14.0,92.1,272.0,0.1283,1
1903,63.4968,71.2,0.0,356.9,170.0,0.934,0
1903,63.4968,0.0,16.1,108.8,267.0,0.3188,1
1904,63.5301,58.6,0.1,355.7,170.6,0.936,0
1904,63.5301,0.0,11.5,115.5,268.6,0.2024,1
1904,63.5301,0.0,16.3,113.5,267.6,0.1309,1
1905,63.5635,99.7,0.3,358.2,170.4,0.9189,0
1906,63.5969,66.4,0.8,359.0,169.5,0.9282,0
1907,63.6302,89.5,0.0,356.4,169.3,0.9151,0
1908,63.6636,91.0,0.0,353.5,170.1,0.9175,0
1908,63.6636,0.0,18.3,107.1,266.5,0.3057,1
1908,63.6636,0.0,12.2,110.7,267.7,0.1203,1
1909,63.697,90.9,0.5,356.0,169.5,0.9115,0
1910,63.7303,44.8,0.9,356.4,170.5,0.9014,0
1911,63.7637,63.9,1.5,357.4,169.4,0.8602,0
1911,63.7637,0.0,8.0,112.0,272.0,0.3739,1
1912,63.7971,92.7,2.2,356.7,169.4,0.9248,0
1913,63.8304,79.5,0.1,359.1,168.6,0.9251,0
1914,63.8638,75.5,0.6,347.7,169.4,0.9183,0
1915,63.8972,69.9,1.1,350.0,170.9,0.9244,0
1916,63.9305,84.7,0.6,350.7,169.8,0.9189,0
1917,63.9639,46.8,0.2,351.0,170.0,0.9346,0
1918,63.9973,34.2,0.3,346.6,168.9,0.8887,0
1919,64.0306,71.5,2.1,350.8,169.5,0.9221,0
1920,64.064,98.4,0.4,347.5,168.8,0.9362,0
1920,64.064,0.0,18.8,113.6,265.5,0.1838,1
1921,64.0974,64.4,2.5,351.9,168.6,0.9061,0
1922,64.1307,48.7,0.1,355.2,169.0,0.9298,0
1922,64.1307,0.0,17.1,113.1,266.8,0.1345,1
1922,64.1307,0.0,8.4,116.5,271.3,0.1158,1
1923,64.1641,73.2,4.3,352.2,169.0,0.9119,0
1924,64.1975,77.3,0.0,359.6,168.3,0.9438,0
1925,64.2308,98.5,0.0,361.1,168.3,0.9148,0
1925,64.2308,0.0,5.1,131.8,265.8,0.1119,1
1926,64.2642,102.5,0.3,357.4,166.1,0.748,0
1926,64.2642,95.1,0.4,357.5,167.5,0.4811,0
1927,64.2976,102.1,1.5,349.7,167.3,0.9427,0
1928,64.3309,66.1,0.5,355.7,167.7,0.9365,0
1929,64.3643,91.2,1.2,356.9,168.5,0.9014,0
1930,64.3977,88.3,0.3,358.7,168.6,0.9281,0
1931,64.431,83.8,0.0,361.3,169.0,0.9287,0
1932,64.4644,95.2,0.0,355.8,169.0,0.9307,0
1933,64.4978,92.7,0.0,355.9,169.7,0.9244,0
1934,64.5311,86.4,0.0,355.2,170.0,0.898,0
1935,64.5645,96.5,0.2,354.7,169.0,0.9213,0
1936,64.5979,84.9,0.0,351.9,169.8,0.9367,0
1937,64.6312,83.2,0.5,357.1,168.5,0.9268,0
1938,64.6646,75.1,1.5,358.1,168.9,0.94,0
1938,64.6646,0.0,10.6,109.9,265.9,0.1089,1
1939,64.698,36.8,0.0,354.0,169.3,0.8819,0
1939,64.698,0.0,6.0,110.8,269.5,0.1111,1
1940,64.7313,51.0,0.0,355.1,169.9,0.9288,0
1941,64.7647,46.1,2.1,359.6,170.2,0.9335,0
1942,64.7981,55.5,2.9,359.6,170.3,0.9264,0
1942,64.7981,92.0,0.1,358.4,167.1,0.8272,0
1943,64.8314,57.1,0.0,360.4,170.4,0.9325,0
1943,64.8314,66.6,0.0,359.8,167.0,0.1857,0
1943,64.8314,0.0,73.9,85.7,267.6,0.1563,1
1944,64.8648,68.2,1.8,362.7,169.1,0.9229,0
1945,64.8982,44.4,0.3,355.2,168.8,0.9131,0
1946,64.9315,63.7,0.7,350.4,169.1,0.9186,0
1947,64.9649,52.7,0.3,356.2,170.3,0.9308,0
1948,64.9983,65.1,0.1,355.9,170.9,0.9319,0
1948,64.9983,0.0,67.1,85.2,267.6,0.2732,1
1949,65.0316,47.2,2.1,350.9,170.7,0.7711,0
1949,65.0316,0.0,42.4,89.6,268.8,0.2654,1
1950,65.065,61.0,0.5,350.1,169.8,0.9217,0
1950,65.065,0.0,48.0,89.5,268.0,0.1948,1
1951,65.0984,52.4,2.9,352.1,171.3,0.874,0
1951,65.0984,66.7,1.0,350.6,170.0,0.1196,0
1952,65.1317,66.9,0.7,352.1,169.5,0.879,0
1953,65.1651,57.4,0.1,351.9,168.7,0.9168,0
1953,65.1651,0.0,17.8,108.3,263.5,0.1626,1
1954,65.1985,53.1,0.2,345.1,167.5,0.9199,0
1955,65.2318,95.5,0.0,351.2,168.6,0.9331,0
1956,65.2652,68.0,0.0,352.5,168.8,0.9488,0
1957,65.2986,51.7,0.0,354.3,168.6,0.9243,0
1957,65.2986,0.0,66.6,80.1,267.4,0.2586,1
1958,65.3319,64.2,0.2,358.9,168.6,0.9375,0
1959,65.3653,80.4,0.0,373.5,166.4,0.9264,0
1959,65.3653,0.0,22.8,111.2,265.7,0.1532,1
1960,65.3987,66.4,0.3,364.8,168.0,0.9149,0
1960,65.3987,0.0,22.7,89.7,266.8,0.1218,1
1961,65.432,93.9,0.7,351.8,168.1,0.9353,0
1962,65.4654,90.4,0.4,350.4,168.4,0.9247,0
1963,65.4988,91.0,1.1,356.5,168.8,0.9071,0
1964,65.5321,83.5,0.2,361.3,168.2,0.9129,0
1964,65.5321,0.0,22.9,110.5,265.7,0.1524,1
1965,65.5655,66.4,0.0,363.8,169.5,0.9261,0
1965,65.5655,0.0,18.0,113.2,266.4,0.1694,1
1966,65.5989,108.9,0.0,358.9,167.2,0.826,0
1967,65.6322,104.5,0.0,357.5,166.2,0.9016,0
1967,65.6322,0.0,9.4,128.5,260.5,0.1155,1
1968,65.6656,79.9,0.1,367.3,169.2,0.9148,0
1968,65.6656,0.0,23.3,115.5,264.2,0.1262,1
1969,65.699,82.0,0.3,355.4,169.1,0.9133,0
1970,65.7323,100.5,1.2,354.9,168.2,0.8695,0
1971,65.7657,90.3,0.5,365.7,167.0,0.896,0
1972,65.7991,53.4,0.2,354.9,169.5,0.9225,0
1973,65.8324,93.5,1.4,354.0,169.2,0.9299,0
1974,65.8658,66.9,0.7,360.1,169.2,0.8794,0
1975,65.8992,96.5,0.0,357.2,168.7,0.923,0
1976,65.9325,76.3,0.0,349.9,169.3,0.9357,0
1977,65.9659,103.8,1.7,351.4,169.0,0.9067,0
1978,65.9993,78.8,0.0,353.9,168.6,0.9298,0
1979,66.0326,69.9,0.0,352.9,168.8,0.923,0
1980,66.066,59.5,0.0,345.4,167.8,0.9071,0
1981,66.0994,73.0,0.4,349.8,169.2,0.9135,0
1982,66.1327,61.2,0.2,351.9,168.6,0.9379,0
1983,66.1661,66.0,0.0,356.1,169.8,0.9508,0
1984,66.1995,68.4,2.1,353.7,170.1,0.9077,0
1985,66.2328,74.1,0.3,353.2,169.9,0.9341,0
1986,66.2662,68.9,1.8,350.9,169.6,0.9119,0
1987,66.2996,62.6,2.0,360.0,169.1,0.9362,0
1988,66.3329,99.7,0.5,364.2,167.4,0.8955,0
1989,66.3663,97.5,0.0,370.9,166.7,0.9217,0
1990,66.3997,91.9,0.7,378.7,166.8,0.9138,0
1991,66.433,103.3,1.0,375.5,167.6,0.9092,0
1992,66.4664,102.6,0.0,358.4,168.0,0.89,0
1993,66.4998,76.1,1.3,351.0,168.8,0.6211,0
1993,66.4998,57.4,3.8,353.2,169.2,0.1266,0
1994,66.5331,48.9,0.5,354.2,169.4,0.9261,0
1995,66.5665,71.9,0.0,364.1,169.1,0.9266,0
1995,66.5665,0.0,58.6,95.2,267.9,0.1635,1
1996,66.5999,109.3,0.0,364.9,166.6,0.9229,0
1997,66.6332,98.2,0.0,355.9,169.4,0.9318,0
1998,66.6666,108.6,1.3,346.9,168.2,0.9338,0
1999,66.7,105.2,0.0,354.0,169.1,0.9222,0
2000,66.7333,47.3,0.0,349.9,169.8,0.9136,0
2001,66.7667,105.4,0.0,357.0,167.3,0.8427,0
2002,66.8001,37.4,0.5,366.2,169.8,0.9418,0
2002,66.8001,0.0,57.3,86.7,267.5,0.1673,1
2003,66.8334,75.7,2.5,372.0,165.6,0.8825,0
2004,66.8668,79.0,0.0,377.6,165.0,0.9127,0
2005,66.9002,108.0,0.2,375.5,166.0,0.929,0
2006,66.9335,107.4,0.6,356.5,166.0,0.9068,0
2007,66.9669,107.5,0.6,357.3,167.5,0.9044,0
2008,67.0003,102.8,0.0,360.7,166.2,0.9282,0
2009,67.0336,102.7,0.0,359.5,166.7,0.916,0
2010,67.067,103.8,0.7,352.6,169.5,0.9022,0
2011,67.1004,100.7,0.1,357.9,169.0,0.9082,0
2012,67.1337,98.0,0.0,351.6,168.6,0.9207,0
2013,67.1671,101.0,0.0,356.9,169.2,0.9112,0
2013,67.1671,0.0,20.2,125.5,266.3,0.1919,1
2014,67.2005,72.8,0.0,356.9,169.9,0.9227,0
2014,67.2005,0.0,24.6,116.9,266.8,0.2146,1
2015,67.2338,87.2,0.0,365.6,168.5,0.913,0
2016,67.2672,106.9,0.2,354.2,167.8,0.8851,0
2017,67.3006,99.3,1.3,349.8,169.7,0.7769,0
2018,67.3339,94.7,2.5,354.2,168.3,0.9285,0
2019,67.3673,72.2,0.2,351.2,169.9,0.9208,0
2020,67.4007,76.1,0.0,346.8,169.6,0.9136,0
2021,67.434,90.1,0.1,352.5,169.5,0.9106,0
2022,67.4674,55.1,1.6,365.8,170.0,0.9167,0
2022,67.4674,68.1,0.0,365.0,169.4,0.1034,0
2023,67.5008,73.9,0.3,354.3,168.6,0.8459,0
2024,67.5341,68.5,1.0,360.9,169.1,0.9374,0
2025,67.5675,101.3,1.1,347.8,168.5,0.9367,0
2026,67.6009,94.2,2.5,348.5,168.4,0.9197,0
2027,67.6342,104.5,0.0,349.7,168.9,0.9263,0
2028,67.6676,74.7,1.1,349.5,168.8,0.9106,0
2029,67.701,55.5,1.3,357.3,171.2,0.9236,0
2030,67.7343,90.8,0.0,362.7,166.7,0.9041,0
2031,67.7677,81.8,0.0,365.3,166.6,0.9013,0
2032,67.8011,91.5,0.0,363.4,166.2,0.9034,0
2033,67.8344,109.0,0.0,358.2,165.4,0.9242,0
2034,67.8678,105.6,0.0,358.7,164.6,0.9054,0
2035,67.9012,85.9,0.0,362.8,164.7,0.8869,0
2036,67.9345,112.3,0.0,355.8,167.2,0.6622,0
2036,67.9345,112.2,0.0,357.0,165.4,0.1608,0
2037,67.9679,104.3,0.8,359.2,166.8,0.9131,0
2038,68.0013,76.7,0.2,373.6,167.6,0.9387,0
2039,68.0346,87.8,1.5,374.0,167.1,0.9203,0
2040,68.068,64.1,1.1,349.7,168.7,0.9432,0
2041,68.1014,60.5,2.6,351.5,168.9,0.9436,0
2042,68.1347,105.4,0.0,358.5,168.8,0.9316,0
2043,68.1681,102.5,0.0,343.1,169.5,0.9412,0
2044,68.2015,68.5,0.2,348.8,168.9,0.9421,0
2045,68.2348,108.2,0.3,346.3,167.6,0.9386,0
2046,68.2682,84.1,0.2,353.8,168.2,0.9061,0
2047,68.3016,77.1,0.0,352.7,169.2,0.9391,0
2048,68.3349,94.5,0.0,353.7,170.1,0.9285,0
2049,68.3683,103.2,0.0,350.5,169.5,0.9258,0
2050,68.4017,114.6,0.0,357.2,167.0,0.9075,0
2051,68.435,94.3,0.0,352.0,168.8,0.9223,0
2052,68.4684,72.4,0.0,352.3,170.4,0.9371,0
2053,68.5018,98.9,0.0,357.2,166.4,0.9189,0
2054,68.5351,100.4,0.0,357.9,165.9,0.8856,0
2055,68.5685,63.3,0.0,361.8,167.9,0.9314,0
2056,68.6019,100.7,0.0,365.8,166.5,0.9433,0
2057,68.6352,104.2,0.3,358.9,166.4,0.881,0
2058,68.6686,75.8,0.0,355.5,169.1,0.9273,0
2059,68.702,69.6,0.0,354.6,169.4,0.9505,0
2060,68.7353,67.2,0.0,363.4,168.3,0.9307,0
2061,68.7687,70.5,0.2,356.3,167.6,0.946,0
2062,68.8021,76.1,1.2,364.0,167.9,0.9342,0
2063,68.8354,72.1,0.0,357.7,168.1,0.9386,0
2064,68.8688,94.2,0.0,363.4,167.7,0.7588,0
2064,68.8688,97.5,0.0,362.1,165.2,0.6267,0
2065,68.9022,48.2,1.1,372.5,169.8,0.8966,0
2066,68.9355,74.6,0.0,350.3,168.7,0.9431,0
2067,68.9689,105.2,0.2,353.4,170.7,0.9257,0
2068,69.0023,91.8,0.4,358.3,169.8,0.9086,0
2069,69.0356,75.0,0.7,361.2,169.2,0.9319,0
2070,69.069,74.6,0.0,355.0,170.0,0.9417,0
2071,69.1024,64.3,0.0,362.1,169.2,0.9248,0
2071,69.1024,0.0,66.6,86.4,267.6,0.1048,1
2072,69.1357,63.8,0.0,360.8,169.7,0.9259,0
2072,69.1357,0.0,53.8,93.0,268.5,0.1333,1
2073,69.1691,63.8,2.6,357.0,169.8,0.9156,0
2074,69.2025,55.7,2.6,374.6,170.8,0.9234,0
2074,69.2025,75.3,0.3,373.6,166.4,0.8811,0
2074,69.2025,0.0,54.4,81.6,267.4,0.1323,1
2075,69.2358,79.5,0.0,378.3,166.9,0.9083,0
2075,69.2358,0.0,23.6,86.8,266.9,0.162,1
2076,69.2692,94.3,0.2,352.0,168.8,0.9347,0
2077,69.3026,78.3,0.4,352.4,169.6,0.933,0
2078,69.3359,75.1,0.0,353.5,170.2,0.9365,0
2078,69.3359,0.0,26.1,112.5,266.0,0.1618,1
2079,69.3693,76.1,0.0,359.4,169.4,0.936,0
2079,69.3693,0.0,9.4,116.2,270.5,0.3465,1
2080,69.4027,71.9,2.4,373.1,167.2,0.9264,0
2081,69.436,78.2,0.0,375.6,167.6,0.9225,0
2082,69.4694,67.5,0.0,355.0,170.0,0.9247,0
2083,69.5028,66.7,0.0,358.9,170.6,0.5538,0
2084,69.5361,77.3,0.0,351.2,169.5,0.9293,0
2085,69.5695,76.1,0.6,352.7,170.5,0.9444,0
2086,69.6029,71.2,0.4,354.2,169.9,0.9236,0
2087,69.6362,69.2,0.0,355.2,169.7,0.9435,0
2088,69.6696,81.3,0.1,354.5,169.8,0.9074,0
2089,69.703,65.5,0.0,356.3,170.0,0.9381,0
2090,69.7363,84.9,0.0,355.8,169.2,0.9137,0
2091,69.7697,108.9,1.1,350.6,169.1,0.9075,0
2092,69.8031,105.7,0.6,351.3,167.2,0.921,0
2093,69.8364,81.4,0.8,352.1,169.2,0.6536,0
2093,69.8364,70.5,3.3,353.8,170.3,0.215,0
2094,69.8698,91.8,0.0,353.2,169.3,0.9208,0
2095,69.9032,92.4,1.4,346.3,169.4,0.9249,0
2096,69.9365,94.7,0.1,346.1,169.4,0.9308,0
2097,69.9699,94.1,2.3,349.2,169.2,0.8876,0
2098,70.0033,70.9,1.2,356.3,170.1,0.9303,0
2099,70.0366,96.8,0.0,352.9,170.2,0.9167,0
2100,70.07,89.6,0.2,348.5,169.5,0.9181,0
2101,70.1034,96.0,0.2,359.5,169.7,0.9099,0
2102,70.1367,98.8,0.6,349.6,169.7,0.9137,0
2103,70.1701,94.8,0.4,344.4,169.2,0.839,0
2104,70.2035,54.3,0.8,342.2,168.2,0.9081,0
2105,70.2368,78.2,0.7,344.0,168.8,0.9272,0
2106,70.2702,59.3,0.0,344.9,170.3,0.8876,0
2107,70.3036,69.2,2.1,349.4,168.9,0.925,0
2108,70.3369,59.5,0.8,354.8,169.5,0.9231,0
2109,70.3703,49.7,0.3,354.0,169.6,0.9119,0
2110,70.4037,58.7,0.0,354.0,170.0,0.9328,0
2111,70.437,93.8,0.5,354.0,168.7,0.8988,0
2112,70.4704,58.7,2.0,348.9,170.6,0.7902,0
2112,70.4704,66.5,0.2,348.1,169.4,0.2839,0
2113,70.5038,62.9,0.0,346.5,169.5,0.9318,0
2114,70.5371,66.5,0.0,346.9,167.6,0.9094,0
2115,70.5705,56.2,0.0,350.3,168.4,0.9202,0
2115,70.5705,0.0,19.9,117.1,265.0,0.1216,1
2116,70.6039,61.4,0.3,350.0,169.1,0.8944,0
2117,70.6372,59.5,0.0,351.7,169.3,0.909,0
2118,70.6706,69.6,1.6,349.1,170.1,0.9162,0
2118,70.6706,0.0,7.6,115.8,268.7,0.2353,1
2119,70.704,49.0,0.2,352.1,169.7,0.902,0
2119,70.704,0.0,5.7,117.9,267.4,0.1808,1
2120,70.7373,111.2,0.2,355.4,169.7,0.9248,0
2121,70.7707,106.9,0.8,355.7,170.0,0.9152,0
2122,70.8041,68.8,0.0,354.2,169.5,0.9401,0
2122,70.8041,0.0,8.6,116.2,272.0,0.3455,1
2123,70.8374,81.5,0.0,348.8,168.8,0.9185,0
2123,70.8374,0.0,2.9,127.1,268.5,0.1265,1
2124,70.8708,98.3,0.0,345.8,169.2,0.9256,0
2125,70.9042,66.2,1.1,351.2,169.1,0.9272,0
2126,70.9375,60.7,0.0,362.1,170.2,0.9096,0
2127,70.9709,21.8,1.0,366.6,171.2,0.4957,0
2128,71.0043,36.6,0.0,379.6,171.2,0.9162,0
2129,71.0376,59.2,1.5,362.3,170.3,0.9164,0
2130,71.071,79.5,0.0,374.9,167.4,0.9423,0
2131,71.1044,75.0,1.1,368.8,169.4,0.8773,0
2132,71.1377,97.8,0.0,364.5,167.2,0.9195,0
2133,71.1711,67.0,1.0,368.8,168.7,0.9152,0
2134,71.2045,55.4,0.1,372.1,169.8,0.9209,0
2135,71.2378,68.5,0.0,354.5,168.9,0.9375,0
2136,71.2712,72.9,0.0,358.5,169.5,0.9425,0
2137,71.3046,58.0,0.0,362.7,170.4,0.8821,0
2138,71.3379,99.0,1.5,348.4,170.3,0.9139,0
2139,71.3713,100.6,0.2,351.8,170.7,0.9274,0
2140,71.4047,72.8,0.0,361.8,168.9,0.9118,0
2141,71.438,68.2,0.0,362.7,168.5,0.9163,0
2142,71.4714,64.1,0.0,363.2,168.8,0.9163,0
2143,71.5048,91.4,0.4,359.8,169.1,0.9011,0
2144,71.5381,100.1,0.0,364.5,166.9,0.9358,0
2145,71.5715,72.8,0.0,368.8,167.1,0.8948,0
2146,71.6049,62.5,0.4,374.2,167.6,0.9158,0
2147,71.6382,74.4,0.3,378.8,167.8,0.922,0
2148,71.6716,42.2,1.3,368.8,171.4,0.882,0
2148,71.6716,41.5,0.0,368.7,171.7,0.4231,0
2149,71.705,33.4,0.0,362.5,170.7,0.9327,0
2149,71.705,0.0,44.1,88.6,269.4,0.2169,1
2150,71.7383,39.2,0.8,364.8,165.8,0.7625,0
2150,71.7383,45.6,1.5,364.0,170.4,0.7086,0
2150,71.7383,0.0,17.4,104.6,266.9,0.1003,1
2151,71.7717,42.4,0.7,354.1,170.9,0.9457,0
2152,71.8051,44.8,1.0,360.7,171.2,0.9344,0
2153,71.8384,40.8,0.1,360.6,170.5,0.9321,0
2153,71.8384,0.0,48.6,101.4,269.3,0.2144,1
2154,71.8718,41.9,0.7,363.0,169.8,0.9067,0
2154,71.8718,35.8,2.6,364.9,170.2,0.1131,0
2155,71.9052,42.2,2.5,370.4,171.3,0.9303,0
2156,71.9385,46.5,0.3,371.5,171.3,0.9273,0
2156,71.9385,0.0,15.9,102.8,263.0,0.1368,1
2156,71.9385,0.0,13.2,103.2,263.9,0.13,1
2156,71.9385,0.0,29.3,98.2,269.3,0.1281,1
2157,71.9719,87.8,0.0,352.5,169.0,0.943,0
2157,71.9719,0.0,14.0,114.5,268.8,0.4903,1
2158,72.0053,100.7,2.9,352.5,168.9,0.9065,0
2159,72.0386,58.6,2.6,359.1,169.3,0.8339,0
2159,72.0386,78.6,0.7,357.4,168.1,0.318,0
2160,72.072,70.1,0.4,355.8,170.4,0.9133,0
2160,72.072,0.0,44.7,93.4,269.1,0.111,1
2161,72.1054,48.6,2.7,361.8,171.2,0.9327,0
2162,72.1387,56.9,1.1,361.7,170.2,0.9142,0
2162,72.1387,0.0,60.5,98.6,269.4,0.1079,1
2163,72.1721,60.3,1.9,353.5,169.4,0.931,0
2164,72.2055,49.1,2.5,360.5,169.5,0.9528,0
2165,72.2388,70.2,1.8,357.5,169.7,0.6878,0
2165,72.2388,89.6,0.0,356.3,169.6,0.3752,0
2166,72.2722,95.6,2.0,350.8,170.0,0.9126,0
2166,72.2722,0.0,8.4,111.9,264.9,0.2761,1
2167,72.3056,88.4,1.3,353.3,169.5,0.9276,0
2167,72.3056,0.0,7.2,122.5,267.5,0.338,1
2168,72.3389,97.5,0.3,346.0,168.7,0.927,0
2168,72.3389,0.0,6.8,130.4,267.3,0.1038,1
2169,72.3723,88.3,0.7,357.7,169.5,0.9077,0
2170,72.4057,58.8,2.6,355.3,171.3,0.8663,0
2170,72.4057,0.0,4.5,115.2,272.0,0.2674,1
2170,72.4057,67.7,0.5,354.3,170.9,0.2501,0
2171,72.439,65.0,2.1,355.8,170.7,0.9473,0
2172,72.4724,91.7,0.0,352.5,169.2,0.9317,0
2172,72.4724,0.0,2.5,137.2,262.5,0.1551,1
2173,72.5058,85.6,1.7,351.8,169.2,0.9184,0
2174,72.5391,59.2,0.3,355.9,170.1,0.9215,0
2175,72.5725,71.6,2.2,361.2,169.0,0.9333,0
2176,72.6059,99.7,0.0,358.3,167.3,0.9191,0
2177,72.6392,88.1,0.6,352.7,169.0,0.927,0
2178,72.6726,76.4,0.0,353.6,168.8,0.9307,0
2179,72.706,100.8,1.4,352.8,168.9,0.9199,0
2180,72.7393,59.0,3.3,349.3,170.4,0.9078,0
2181,72.7727,75.3,0.7,347.7,169.9,0.9012,0
2182,72.8061,84.2,0.2,347.9,168.4,0.9258,0
2182,72.8061,0.0,42.6,97.9,267.3,0.1683,1
2182,72.8061,0.0,25.8,109.6,258.6,0.1088,1
2183,72.8394,73.1,0.2,344.8,168.3,0.9123,0
2183,72.8394,0.0,20.8,108.8,265.0,0.1086,1
2184,72.8728,98.0,1.1,347.7,169.8,0.9126,0
2185,72.9062,67.0,0.8,351.5,170.0,0.9218,0
2185,72.9062,0.0,8.3,121.2,270.6,0.1586,1
2186,72.9395,63.4,0.3,344.0,169.5,0.9186,0
2187,72.9729,58.6,0.1,350.3,169.6,0.9187,0
2188,73.0063,75.1,0.8,349.9,169.5,0.9118,0
2189,73.0396,80.5,0.0,354.5,168.2,0.9315,0
2190,73.073,69.2,0.3,347.3,169.8,0.9059,0
2191,73.1064,68.9,0.0,348.9,169.8,0.9137,0
2192,73.1397,60.2,0.4,349.8,171.2,0.9164,0
2192,73.1397,0.0,52.0,95.3,268.1,0.1448,1
2193,73.1731,91.5,0.3,351.0,170.0,0.9268,0
2194,73.2065,68.0,2.6,356.9,170.5,0.8302,0
2194,73.2065,79.2,0.8,355.1,169.9,0.1741,0
2195,73.2398,50.4,2.8,362.6,170.9,0.7323,0
2195,73.2398,58.2,0.5,360.6,170.6,0.4932,0
2196,73.2732,58.6,0.4,357.7,170.2,0.929,0
2196,73.2732,0.0,18.5,113.8,266.1,0.249,1
2196,73.2732,0.0,10.5,114.5,270.5,0.1453,1
2197,73.3066,95.5,0.8,361.0,169.5,0.7245,0
2197,73.3066,98.3,1.0,359.9,167.7,0.3215,0
2198,73.3399,51.5,0.0,375.3,171.0,0.9371,0
2198,73.3399,0.0,19.7,110.5,263.6,0.176,1
2198,73.3399,255.8,201.6,274.3,228.7,0.1091,0
2199,73.3733,67.1,0.0,375.2,167.0,0.9142,0
2200,73.4067,37.3,5.0,372.3,170.8,0.922,0
2200,73.4067,0.0,19.6,102.4,264.1,0.1387,1
2201,73.44,45.0,0.3,358.5,171.7,0.7941,0
2201,73.44,44.7,1.9,358.7,172.0,0.2149,0
2202,73.4734,54.1,0.3,355.0,170.7,0.8929,0
2203,73.5068,63.1,0.0,362.0,171.3,0.9365,0
2203,73.5068,0.0,63.9,74.8,267.3,0.337,1
2204,73.5401,49.7,0.4,366.3,170.6,0.9356,0
2204,73.5401,0.0,49.6,79.9,267.6,0.3937,1
2205,73.5735,70.2,0.4,366.0,169.0,0.9338,0
2206,73.6069,65.7,0.0,352.0,169.6,0.9332,0
2207,73.6402,65.0,0.0,356.1,170.1,0.9355,0
2208,73.6736,57.0,0.0,351.2,170.7,0.9159,0
2208,73.6736,0.0,18.2,107.5,266.2,0.21,1
2209,73.707,66.7,0.0,352.5,170.5,0.9178,0
2209,73.707,0.0,14.7,106.7,266.7,0.1297,1
2210,73.7403,64.8,1.8,359.2,170.7,0.9336,0
2211,73.7737,47.7,2.5,361.5,170.9,0.9314,0
2211,73.7737,73.6,0.9,359.4,167.7,0.7277,0
2211,73.7737,0.0,20.1,94.5,265.1,0.1672,1
2212,73.8071,43.5,2.6,362.6,170.6,0.9245,0
2212,73.8071,67.1,1.1,360.2,166.9,0.1242,0
2213,73.8404,48.9,1.5,357.4,170.8,0.9343,0
2213,73.8404,0.0,28.2,106.9,263.1,0.107,1
2214,73.8738,51.7,1.9,356.5,170.1,0.9382,0
2215,73.9072,33.6,1.7,356.9,171.1,0.9397,0
2216,73.9405,56.7,0.1,358.3,170.4,0.6509,0
2216,73.9405,46.2,2.4,360.0,170.8,0.4019,0
2217,73.9739,93.4,1.2,354.4,170.2,0.9232,0
2218,74.0073,96.7,1.0,351.6,170.0,0.9015,0
2219,74.0406,88.1,0.0,352.9,170.0,0.8901,0
2220,74.074,58.8,3.5,359.1,170.7,0.8143,0
2220,74.074,74.3,1.5,357.5,170.0,0.2402,0
2221,74.1074,60.0,0.8,356.6,170.3,0.9316,0
2222,74.1407,43.1,0.9,352.0,171.8,0.9453,0
2222,74.1407,0.0,48.3,98.7,269.5,0.137,1
2223,74.1741,31.1,2.1,357.9,171.8,0.9082,0
2224,74.2075,62.3,0.0,357.0,169.0,0.93,0
2225,74.2408,61.0,0.0,355.9,170.0,0.9266,0
2226,74.2742,93.1,0.2,357.1,169.0,0.9113,0
2227,74.3076,37.1,0.0,357.5,170.1,0.9231,0
2228,74.3409,83.7,0.0,365.9,167.0,0.8769,0
2228,74.3409,59.1,2.1,368.5,170.4,0.1319,0
2229,74.3743,95.1,0.4,373.6,167.9,0.9247,0
2230,74.4077,68.7,2.0,380.0,167.1,0.9254,0
2231,74.441,75.4,0.0,379.2,167.0,0.9138,0
2231,74.441,0.0,6.8,117.0,269.9,0.1397,1
2232,74.4744,52.2,0.1,363.1,170.7,0.9464,0
2232,74.4744,0.0,34.1,101.9,263.3,0.2284,1
2233,74.5078,53.7,0.8,358.6,169.7,0.9311,0
2234,74.5411,76.1,0.0,357.9,169.7,0.9342,0
2234,74.5411,0.0,31.2,100.4,254.8,0.1068,1
2235,74.5745,70.1,0.0,352.9,169.2,0.9287,0
2236,74.6079,56.8,0.8,357.4,169.6,0.9324,0
2237,74.6412,57.8,0.1,364.7,169.5,0.8218,0
2237,74.6412,51.5,1.6,366.0,169.2,0.3633,0
2237,74.6412,0.0,27.5,93.4,267.1,0.2884,1
2238,74.6746,62.7,1.6,354.7,169.3,0.8501,0
2238,74.6746,0.0,22.5,104.6,265.9,0.1924,1
2239,74.708,68.4,2.8,365.4,169.5,0.9232,0
2239,74.708,75.9,0.2,364.0,166.9,0.8785,0
2240,74.7413,62.6,1.7,364.6,170.5,0.8684,0
2240,74.7413,73.9,0.0,364.8,170.4,0.3083,0
2240,74.7413,0.0,17.5,108.7,265.2,0.1424,1
2241,74.7747,64.2,0.0,357.0,170.1,0.9166,0
2241,74.7747,0.0,19.9,110.9,265.7,0.2978,1
2242,74.8081,62.4,0.0,357.8,170.1,0.927,0
2243,74.8414,62.1,2.3,360.3,171.0,0.9382,0
2244,74.8748,70.8,2.3,358.1,169.7,0.9005,0
2244,74.8748,75.6,0.0,358.2,169.7,0.1818,0
2245,74.9082,53.8,1.7,356.3,170.3,0.8702,0
2245,74.9082,69.5,0.0,355.3,169.7,0.257,0
2246,74.9415,69.2,0.3,355.5,170.0,0.925,0
2247,74.9749,63.3,1.8,358.3,170.7,0.8328,0
2247,74.9749,75.9,0.0,357.6,170.2,0.3311,0
2248,75.0083,64.6,0.6,357.7,169.4,0.941,0
2249,75.0416,55.4,1.5,360.2,171.0,0.9262,0
2249,75.0416,74.2,0.0,358.9,167.5,0.639,0
2250,75.075,51.6,3.3,357.9,172.0,0.9433,0
2251,75.1084,70.6,0.1,351.8,169.7,0.9278,0
2252,75.1417,44.9,1.7,359.4,170.4,0.7204,0
2252,75.1417,54.9,0.0,357.3,169.6,0.6638,0
2253,75.1751,46.0,0.0,353.7,170.7,0.9241,0
2254,75.2085,85.7,2.0,355.3,169.2,0.9103,0
2255,75.2418,71.1,0.0,357.2,169.3,0.9277,0
2256,75.2752,62.5,2.5,360.3,169.7,0.9257,0
2256,75.2752,88.6,0.4,358.6,166.2,0.8304,0
2256,75.2752,254.8,203.1,269.5,231.8,0.1234,0
2257,75.3086,46.9,2.0,362.3,170.5,0.9323,0
2258,75.3419,69.4,1.0,353.5,170.1,0.9295,0
2259,75.3753,68.8,2.8,354.9,169.9,0.9366,0
2260,75.4087,68.3,0.8,357.9,169.8,0.9298,0
2261,75.442,57.5,4.1,363.3,170.4,0.9321,0
2262,75.4754,59.2,1.7,353.7,170.0,0.9222,0
2263,75.5088,74.8,0.0,355.5,170.3,0.9035,0
2264,75.5421,71.2,0.0,355.4,170.7,0.9024,0
2265,75.5755,47.9,2.4,358.6,170.4,0.9518,0
2266,75.6089,36.8,7.0,358.6,170.9,0.9487,0
2267,75.6422,40.7,0.3,357.4,170.9,0.853,0
2268,75.6756,69.3,0.6,353.4,169.5,0.8995,0
2269,75.709,60.1,1.9,358.9,170.3,0.9385,0
2270,75.7423,45.8,1.1,361.4,168.9,0.9314,0
2271,75.7757,97.2,1.0,360.1,170.6,0.9087,0
2272,75.8091,85.3,0.9,355.7,168.6,0.923,0
2273,75.8424,90.3,0.3,354.4,169.0,0.8997,0
2274,75.8758,97.7,0.0,362.5,166.4,0.9053,0
2275,75.9092,80.4,0.0,359.5,168.8,0.9422,0
2276,75.9425,82.7,0.0,350.9,168.6,0.9504,0
2276,75.9425,255.7,201.9,269.1,228.1,0.1166,0
2277,75.9759,87.1,0.0,353.9,168.8,0.9342,0
2278,76.0093,93.6,0.0,359.0,166.7,0.8997,0
2279,76.0426,49.5,2.4,364.1,170.7,0.9364,0
2280,76.076,54.2,2.2,365.1,170.7,0.91,0
2280,76.076,57.9,0.2,363.4,170.9,0.1295,0
2281,76.1094,82.5,1.1,357.3,169.8,0.9304,0
2282,76.1427,65.5,1.4,363.7,169.1,0.9314,0
2282,76.1427,0.0,18.7,117.5,267.0,0.1752,1
2283,76.1761,92.6,5.9,357.4,169.0,0.9087,0
2284,76.2095,98.7,0.4,357.4,169.5,0.9204,0
2285,76.2428,70.3,1.1,363.1,168.6,0.9273,0
2286,76.2762,60.6,0.5,353.3,169.0,0.9361,0
2287,76.3096,58.3,0.3,357.2,170.9,0.7884,0
2287,76.3096,48.8,2.2,358.7,170.7,0.3698,0
2288,76.3429,66.6,0.8,355.4,170.5,0.9355,0
2289,76.3763,57.5,2.2,349.1,169.9,0.9241,0
2290,76.4097,95.0,0.0,348.4,169.3,0.9303,0
2291,76.443,91.4,0.0,352.3,169.3,0.9217,0
2292,76.4764,45.5,1.0,352.2,170.0,0.9231,0
2293,76.5098,52.2,0.4,355.0,169.4,0.8448,0
2294,76.5431,67.8,0.6,358.2,169.1,0.9222,0
2295,76.5765,60.0,0.0,356.7,169.8,0.9275,0
2296,76.6099,68.4,0.3,352.4,170.1,0.92,0
2297,76.6432,62.7,0.0,356.0,169.6,0.9327,0
2298,76.6766,114.7,0.8,355.2,169.7,0.9109,0
2299,76.71,107.3,2.4,359.3,169.7,0.9158,0
2300,76.7433,65.1,0.0,362.7,170.9,0.5304,0
2300,76.7433,46.2,1.8,364.2,170.7,0.3605,0
2301,76.7767,76.8,0.3,356.8,170.1,0.931,0
2302,76.8101,97.5,0.5,362.7,170.0,0.9059,0
2303,76.8434,98.2,0.8,356.8,169.0,0.9246,0
2304,76.8768,93.1,10.4,345.3,169.1,0.884,0
2305,76.9102,70.8,0.8,347.2,169.1,0.9091,0
2306,76.9435,94.9,0.6,352.7,168.5,0.93,0
2306,76.9435,255.6,201.6,271.9,229.1,0.1561,0
2307,76.9769,70.8,0.0,361.1,170.3,0.9386,0
2308,77.0103,76.8,0.0,364.3,165.4,0.9192,0
2308,77.0103,255.8,201.5,273.6,227.9,0.1158,0
2309,77.0436,60.2,0.2,354.1,168.9,0.9187,0
2310,77.077,94.5,0.8,353.6,170.0,0.9003,0
2311,77.1104,102.4,1.9,352.0,170.0,0.9289,0
2312,77.1437,45.5,2.9,353.5,170.3,0.6095,0
2312,77.1437,52.8,0.9,351.8,170.3,0.3998,0
2313,77.1771,27.0,1.8,353.6,170.8,0.8967,0
2314,77.2105,40.7,0.0,351.0,169.7,0.8758,0
2315,77.2438,54.3,0.5,354.0,170.2,0.8776,0
2315,77.2438,0.0,16.8,111.4,265.4,0.3008,1
2315,77.2438,0.0,11.1,109.9,270.2,0.1771,1
2316,77.2772,46.9,0.0,362.8,170.4,0.9191,0
2317,77.3106,47.3,0.0,363.0,169.2,0.9219,0
2318,77.3439,66.1,0.0,366.9,169.7,0.9286,0
2319,77.3773,71.4,0.1,351.1,169.3,0.9215,0
2320,77.4107,66.5,0.0,352.6,169.1,0.9451,0
2321,77.444,72.5,1.6,354.2,168.5,0.9243,0
2322,77.4774,64.5,0.3,351.9,170.9,0.9263,0
2322,77.4774,0.0,45.6,88.2,267.3,0.1009,1
2323,77.5108,64.7,0.0,353.2,170.3,0.9333,0
2323,77.5108,0.0,86.4,80.6,266.7,0.1297,1
2324,77.5441,61.3,0.0,353.0,170.6,0.9288,0
2325,77.5775,63.6,0.0,361.2,170.9,0.9086,0
2325,77.5775,0.0,16.2,108.0,265.6,0.1219,1
2326,77.6109,75.1,0.0,353.0,170.2,0.9234,0
2327,77.6442,72.6,2.3,352.3,170.0,0.9174,0
2328,77.6776,78.9,0.2,351.1,169.9,0.9335,0
2329,77.711,74.5,0.0,349.8,169.5,0.9365,0
2330,77.7443,108.4,1.9,347.3,168.6,0.931,0
2331,77.7777,99.9,0.4,350.1,169.1,0.925,0
2332,77.8111,47.9,1.4,361.0,169.8,0.9268,0
2333,77.8444,67.0,2.6,364.2,168.4,0.7194,0
2333,77.8444,83.9,0.2,362.7,168.0,0.4272,0
2334,77.8778,103.8,0.3,353.4,169.3,0.9335,0
2335,77.9112,106.2,0.2,352.4,169.6,0.9306,0
2336,77.9445,77.6,0.0,352.3,169.0,0.9153,0
2337,77.9779,93.5,2.0,350.6,168.3,0.9311,0
2338,78.0113,69.0,0.0,361.4,169.1,0.9286,0
2339,78.0446,104.1,0.0,363.3,167.8,0.6727,0
2339,78.0446,101.9,0.0,363.9,170.1,0.1227,0
2340,78.078,105.4,0.0,362.8,167.9,0.935,0
2341,78.1114,101.1,4.7,357.1,169.2,0.89,0
2342,78.1447,102.2,0.1,361.0,168.6,0.8933,0
2343,78.1781,94.6,0.0,354.0,168.8,0.9382,0
2344,78.2115,104.7,0.0,353.4,169.0,0.9323,0
2345,78.2448,80.8,0.0,355.7,168.1,0.916,0
2346,78.2782,83.1,0.0,353.5,168.8,0.92,0
2347,78.3116,109.1,0.0,352.5,168.3,0.9356,0
2348,78.3449,108.4,0.2,348.3,169.4,0.9193,0
2349,78.3783,94.3,0.2,350.5,168.9,0.9111,0
2350,78.4117,80.9,0.1,354.3,168.7,0.9256,0
2350,78.4117,0.0,16.4,90.7,267.0,0.2274,1
2351,78.445,58.2,0.0,356.1,170.6,0.9372,0
2352,78.4784,44.2,0.0,360.9,169.7,0.9241,0
2352,78.4784,0.0,42.5,93.9,266.8,0.1283,1
2353,78.5118,77.4,0.0,363.1,168.5,0.934,0
2353,78.5118,0.0,20.3,105.5,263.5,0.1214,1
2354,78.5451,80.6,0.0,359.8,169.6,0.8734,0
2355,78.5785,61.0,0.0,354.9,170.7,0.9253,0
2356,78.6119,100.1,0.0,369.1,167.2,0.9108,0
2357,78.6452,84.7,0.0,373.5,166.7,0.8841,0
2358,78.6786,98.1,0.0,353.6,170.1,0.9115,0
2359,78.712,100.6,0.0,352.5,169.1,0.9286,0
2360,78.7453,100.5,0.1,357.4,168.1,0.9218,0
2361,78.7787,59.1,1.1,371.5,168.8,0.9029,0
2362,78.8121,70.9,0.3,384.1,168.8,0.9173,0
2363,78.8454,81.0,0.0,377.4,167.8,0.926,0
2364,78.8788,65.2,0.0,368.0,170.0,0.9275,0
2365,78.9122,98.7,1.0,350.9,170.6,0.9335,0
2366,78.9455,99.8,0.0,355.4,167.6,0.8092,0
2366,78.9455,100.3,0.6,356.4,169.8,0.143,0
2367,78.9789,87.3,0.3,353.8,169.5,0.9219,0
2368,79.0123,97.7,0.2,353.6,169.9,0.925,0
2369,79.0456,78.8,3.3,355.1,169.3,0.931,0
2370,79.079,65.6,2.6,351.0,170.1,0.931,0
2371,79.1124,67.0,0.0,352.3,169.1,0.9097,0
2372,79.1457,71.6,0.6,350.7,169.7,0.5779,0
2372,79.1457,50.9,2.9,352.3,170.6,0.5231,0
2373,79.1791,105.1,0.0,347.4,168.8,0.9313,0
2374,79.2125,99.6,0.0,353.1,169.2,0.9284,0
2375,79.2458,105.8,0.0,358.5,168.3,0.7781,0
2375,79.2458,102.2,0.4,360.3,170.5,0.3179,0
2376,79.2792,101.5,0.8,353.4,170.8,0.909,0
2377,79.3126,102.2,1.4,358.3,170.2,0.916,0
2378,79.3459,93.5,0.6,354.3,168.6,0.9339,0
2379,79.3793,99.8,0.1,352.5,169.3,0.9339,0
2380,79.4127,90.6,0.7,355.0,169.5,0.93,0
2381,79.446,98.8,0.2,351.1,169.6,0.9198,0
2382,79.4794,101.6,0.5,349.9,169.8,0.9307,0
2383,79.5128,104.3,0.6,350.9,170.0,0.9198,0
2384,79.5461,58.3,4.0,354.4,169.6,0.9265,0
2385,79.5795,53.9,3.0,358.9,169.4,0.9342,0
2386,79.6129,101.4,0.0,358.6,169.5,0.8914,0
2386,79.6129,104.4,0.0,358.4,166.9,0.2709,0
2387,79.6462,100.9,0.6,353.2,170.4,0.9153,0
2388,79.6796,102.5,0.4,352.3,170.6,0.9242,0
2389,79.713,87.6,0.0,352.7,169.1,0.9164,0
2390,79.7463,47.9,1.9,352.2,170.4,0.779,0
2390,79.7463,51.7,0.2,351.4,170.0,0.574,0
2391,79.7797,71.1,0.6,353.6,170.5,0.9181,0
2391,79.7797,0.0,16.8,113.2,265.4,0.2784,1
2392,79.8131,60.3,0.0,356.1,170.5,0.9262,0
2392,79.8131,0.0,16.8,112.5,263.0,0.2512,1
2393,79.8464,60.0,0.0,353.4,170.5,0.8653,0
2394,79.8798,57.8,1.7,362.7,170.0,0.9273,0
2394,79.8798,0.0,13.5,113.4,265.7,0.116,1
2395,79.9132,70.3,0.0,361.0,170.0,0.928,0
2396,79.9465,80.8,0.2,352.9,169.8,0.9158,0
2397,79.9799,79.2,0.0,355.0,168.5,0.9102,0
2398,80.0133,66.6,0.1,364.2,169.5,0.9241,0
2399,80.0466,58.9,0.9,354.2,169.2,0.9142,0
2399,80.0466,0.0,56.6,95.4,266.6,0.1147,1
2400,80.08,26.1,0.9,352.2,169.5,0.9304,0
2401,80.1134,38.3,0.0,345.4,169.0,0.8834,0
2402,80.1467,39.8,0.2,355.1,170.1,0.9176,0
2402,80.1467,0.0,54.6,83.1,267.9,0.1852,1
2403,80.1801,107.0,0.0,354.1,169.6,0.9161,0
2404,80.2135,77.8,2.5,350.6,170.2,0.9056,0
2405,80.2468,72.0,2.2,352.1,170.3,0.9107,0
