frame,time_s,x1,y1,x2,y2,conf,cls
0,0.0,,,,,,
1,0.0334,379.4,247.5,394.7,259.8,0.1737,0
2,0.0667,,,,,,
3,0.1001,,,,,,
4,0.1335,,,,,,
5,0.1668,,,,,,
6,0.2002,,,,,,
7,0.2336,,,,,,
8,0.2669,,,,,,
9,0.3003,,,,,,
10,0.3337,,,,,,
11,0.367,,,,,,
12,0.4004,,,,,,
13,0.4338,,,,,,
14,0.4671,,,,,,
15,0.5005,,,,,,
16,0.5339,,,,,,
17,0.5672,,,,,,
18,0.6006,70.7,328.5,93.6,351.9,0.1026,0
19,0.634,71.2,331.7,94.1,352.0,0.4695,0
20,0.6673,70.1,340.1,92.5,352.0,0.3623,0
21,0.7007,67.7,340.2,93.1,352.0,0.3106,0
21,0.7007,66.7,336.7,93.4,352.0,0.2132,0
22,0.7341,67.1,341.3,94.5,352.0,0.2804,0
23,0.7674,65.1,342.0,97.1,352.0,0.2399,0
24,0.8008,,,,,,
25,0.8342,,,,,,
26,0.8675,,,,,,
27,0.9009,,,,,,
28,0.9343,,,,,,
29,0.9676,,,,,,
30,1.001,,,,,,
31,1.0344,,,,,,
32,1.0677,,,,,,
33,1.1011,354.6,240.7,378.2,259.3,0.1812,0
34,1.1345,,,,,,
35,1.1678,,,,,,
36,1.2012,,,,,,
37,1.2346,,,,,,
38,1.2679,,,,,,
39,1.3013,,,,,,
40,1.3347,,,,,,
41,1.368,,,,,,
42,1.4014,,,,,,
43,1.4348,,,,,,
44,1.4681,,,,,,
45,1.5015,,,,,,
46,1.5349,,,,,,
47,1.5682,,,,,,
48,1.6016,,,,,,
49,1.635,,,,,,
50,1.6683,,,,,,
51,1.7017,,,,,,
52,1.7351,,,,,,
53,1.7684,,,,,,
54,1.8018,,,,,,
55,1.8352,,,,,,
56,1.8685,,,,,,
57,1.9019,,,,,,
58,1.9353,,,,,,
59,1.9686,,,,,,
60,2.002,,,,,,
61,2.0354,,,,,,
62,2.0687,,,,,,
63,2.1021,,,,,,
64,2.1355,,,,,,
65,2.1688,,,,,,
66,2.2022,244.0,167.3,262.4,183.2,0.1429,0
67,2.2356,247.2,168.1,263.7,182.5,0.1876,0
68,2.2689,,,,,,
69,2.3023,,,,,,
70,2.3357,,,,,,
71,2.369,,,,,,
72,2.4024,,,,,,
73,2.4358,,,,,,
74,2.4691,,,,,,
75,2.5025,,,,,,
76,2.5359,,,,,,
77,2.5692,,,,,,
78,2.6026,,,,,,
79,2.636,,,,,,
80,2.6693,,,,,,
81,2.7027,,,,,,
82,2.7361,,,,,,
83,2.7694,44.9,340.8,76.5,352.0,0.1477,0
84,2.8028,48.8,336.5,73.8,352.0,0.1107,0
85,2.8362,52.1,335.2,74.6,352.0,0.2385,0
86,2.8695,52.8,333.1,75.1,352.0,0.2128,0
87,2.9029,,,,,,
88,2.9363,52.7,332.6,75.7,352.0,0.1922,0
89,2.9696,55.4,329.1,79.0,352.0,0.1021,0
90,3.003,,,,,,
91,3.0364,,,,,,
92,3.0697,53.2,327.4,78.7,352.0,0.1593,0
93,3.1031,52.2,326.9,77.9,352.0,0.35,0
93,3.1031,44.6,328.1,81.7,352.0,0.1229,0
94,3.1365,,,,,,
95,3.1698,,,,,,
96,3.2032,59.1,323.7,79.7,351.7,0.1296,0
97,3.2366,62.0,323.3,81.1,351.6,0.3992,0
98,3.2699,65.1,323.2,83.3,351.2,0.4836,0
99,3.3033,65.8,323.6,84.2,351.1,0.6657,0
100,3.3367,66.3,323.2,85.0,350.2,0.4959,0
101,3.37,66.5,322.9,86.2,350.1,0.688,0
102,3.4034,66.7,322.6,85.8,350.4,0.4389,0
103,3.4368,66.6,324.1,84.8,351.1,0.54,0
104,3.4701,65.6,326.8,84.1,351.9,0.3928,0
105,3.5035,63.1,324.8,84.7,352.0,0.2837,0
106,3.5369,65.9,322.8,85.5,352.0,0.3762,0
107,3.5702,65.3,322.9,86.1,351.9,0.5239,0
108,3.6036,66.7,321.8,85.2,352.0,0.4828,0
109,3.637,65.7,322.8,86.4,352.0,0.121,0
110,3.6703,,,,,,
111,3.7037,64.2,327.5,86.0,352.0,0.4728,0
112,3.7371,65.5,328.6,86.8,352.0,0.2923,0
113,3.7704,65.3,327.1,86.7,352.0,0.1855,0
114,3.8038,,,,,,
115,3.8372,70.7,328.1,87.5,352.0,0.3005,0
115,3.8372,69.8,329.2,86.9,351.8,0.1961,0
115,3.8372,315.6,115.5,338.2,138.9,0.1055,0
116,3.8705,70.3,331.0,86.4,351.6,0.409,0
116,3.8705,70.8,330.4,86.8,351.7,0.2394,0
116,3.8705,338.4,310.0,356.0,319.5,0.1139,0
117,3.9039,68.5,328.6,86.4,351.8,0.274,0
117,3.9039,69.8,328.2,87.2,352.0,0.1233,0
118,3.9373,66.4,332.0,85.8,352.0,0.517,0
119,3.9706,66.7,332.6,85.3,351.9,0.5016,0
120,4.004,68.5,328.6,86.1,351.7,0.5721,0
120,4.004,328.3,112.4,348.2,138.4,0.1605,0
121,4.0374,67.7,329.4,86.0,351.6,0.6447,0
122,4.0707,68.6,328.4,85.6,351.3,0.6336,0
123,4.1041,67.4,326.7,86.0,351.6,0.3927,0
124,4.1375,67.3,327.3,90.0,351.8,0.4497,0
125,4.1708,67.4,327.0,89.9,351.8,0.2784,0
126,4.2042,64.3,326.9,90.9,352.0,0.2718,0
126,4.2042,47.6,328.3,92.2,351.9,0.111,0
126,4.2042,55.7,328.4,97.5,352.0,0.1089,0
127,4.2376,63.7,328.4,88.2,352.0,0.1802,0
127,4.2376,64.5,327.8,90.4,352.0,0.1344,0
127,4.2376,55.9,329.4,99.0,352.0,0.1117,0
128,4.2709,64.6,328.6,88.4,351.9,0.1691,0
128,4.2709,65.5,328.1,90.9,352.0,0.1583,0
128,4.2709,57.3,329.6,99.3,352.0,0.1078,0
129,4.3043,63.0,328.9,86.3,352.0,0.1669,0
130,4.3377,62.6,330.4,85.8,352.0,0.2188,0
131,4.371,62.4,331.9,85.1,352.0,0.1028,0
132,4.4044,62.8,334.8,82.6,352.0,0.3148,0
133,4.4378,62.6,336.1,81.8,352.0,0.1104,0
134,4.4711,61.9,342.1,81.5,352.0,0.1521,0
134,4.4711,59.0,342.5,81.4,352.0,0.1172,0
135,4.5045,56.3,336.7,80.8,352.0,0.1252,0
135,4.5045,55.1,339.3,81.9,352.0,0.1242,0
135,4.5045,57.8,336.2,82.0,352.0,0.1193,0
136,4.5379,328.3,320.9,338.7,329.8,0.3464,0
136,4.5379,54.1,339.4,81.0,352.0,0.1538,0
137,4.5712,51.8,336.7,78.1,352.0,0.4054,0
137,4.5712,325.8,321.2,336.7,330.3,0.1904,0
138,4.6046,50.2,336.9,74.9,352.0,0.3907,0
138,4.6046,51.0,338.5,75.8,352.0,0.1137,0
138,4.6046,323.5,321.1,334.2,331.0,0.1103,0
139,4.638,43.4,341.9,75.0,352.0,0.2621,0
140,4.6713,43.1,342.3,73.3,352.0,0.2795,0
141,4.7047,34.9,343.7,69.2,352.0,0.1438,0
142,4.7381,35.0,339.8,66.9,352.0,0.1548,0
143,4.7714,33.5,336.3,63.3,352.0,0.1179,0
144,4.8048,,,,,,
145,4.8382,,,,,,
146,4.8715,,,,,,
147,4.9049,,,,,,
148,4.9383,,,,,,
149,4.9716,,,,,,
150,5.005,,,,,,
151,5.0384,,,,,,
152,5.0717,,,,,,
153,5.1051,,,,,,
154,5.1385,23.6,336.3,49.3,352.0,0.1789,0
154,5.1385,21.7,338.8,50.6,352.0,0.1399,0
155,5.1718,21.1,339.6,50.1,352.0,0.1818,0
156,5.2052,24.8,339.6,48.7,352.0,0.1642,0
156,5.2052,28.2,336.8,49.4,351.8,0.1134,0
156,5.2052,26.5,337.2,48.1,352.0,0.1075,0
157,5.2386,28.4,340.9,50.4,352.0,0.1754,0
157,5.2386,23.4,342.0,50.4,352.0,0.1307,0
158,5.2719,26.9,339.9,53.3,352.0,0.2252,0
159,5.3053,28.7,340.3,59.6,352.0,0.2154,0
160,5.3387,26.7,342.2,55.5,352.0,0.1801,0
161,5.372,24.7,342.9,52.6,352.0,0.1005,0
162,5.4054,25.0,340.0,59.0,352.0,0.1517,0
163,5.4388,28.6,333.9,56.3,352.0,0.139,0
163,5.4388,28.7,341.1,57.2,352.0,0.1126,0
164,5.4721,,,,,,
165,5.5055,,,,,,
166,5.5389,,,,,,
167,5.5722,,,,,,
168,5.6056,,,,,,
169,5.639,,,,,,
170,5.6723,,,,,,
171,5.7057,,,,,,
172,5.7391,,,,,,
173,5.7724,,,,,,
174,5.8058,,,,,,
175,5.8392,288.8,326.2,300.6,334.9,0.1613,0
176,5.8725,288.9,326.4,300.0,335.5,0.1953,0
177,5.9059,286.0,328.3,297.4,336.5,0.1181,0
178,5.9393,,,,,,
179,5.9726,1.9,340.7,34.6,352.0,0.1017,0
180,6.006,1.8,339.5,33.5,352.0,0.1898,0
181,6.0394,2.1,335.7,28.7,351.8,0.1099,0
181,6.0394,4.1,341.7,28.3,352.0,0.1087,0
182,6.0727,3.7,343.9,28.3,352.0,0.1305,0
183,6.1061,1.7,340.8,31.6,352.0,0.1034,0
184,6.1395,,,,,,
185,6.1728,,,,,,
186,6.2062,,,,,,
187,6.2396,,,,,,
188,6.2729,,,,,,
189,6.3063,,,,,,
190,6.3397,,,,,,
191,6.373,,,,,,
192,6.4064,,,,,,
193,6.4398,,,,,,
194,6.4731,,,,,,
195,6.5065,,,,,,
196,6.5399,,,,,,
197,6.5732,,,,,,
198,6.6066,,,,,,
199,6.64,,,,,,
200,6.6733,,,,,,
201,6.7067,,,,,,
202,6.7401,,,,,,
203,6.7734,,,,,,
204,6.8068,,,,,,
205,6.8402,,,,,,
206,6.8735,,,,,,
207,6.9069,,,,,,
208,6.9403,,,,,,
209,6.9736,,,,,,
210,7.007,,,,,,
211,7.0404,,,,,,
212,7.0737,,,,,,
213,7.1071,,,,,,
214,7.1405,,,,,,
215,7.1738,,,,,,
216,7.2072,275.4,329.9,287.0,337.6,0.1417,0
217,7.2406,,,,,,
218,7.2739,,,,,,
219,7.3073,,,,,,
220,7.3407,,,,,,
221,7.374,,,,,,
222,7.4074,,,,,,
223,7.4408,,,,,,
224,7.4741,,,,,,
225,7.5075,,,,,,
226,7.5409,0.0,246.3,8.1,257.9,0.1035,0
227,7.5742,,,,,,
228,7.6076,,,,,,
229,7.641,,,,,,
230,7.6743,,,,,,
231,7.7077,,,,,,
232,7.7411,,,,,,
233,7.7744,276.8,344.5,290.6,351.7,0.1394,0
234,7.8078,,,,,,
235,7.8412,,,,,,
236,7.8745,,,,,,
237,7.9079,,,,,,
238,7.9413,276.7,344.6,294.0,351.7,0.1096,0
239,7.9746,,,,,,
240,8.008,,,,,,
241,8.0414,,,,,,
242,8.0747,,,,,,
243,8.1081,,,,,,
244,8.1415,,,,,,
245,8.1748,,,,,,
246,8.2082,,,,,,
247,8.2416,,,,,,
248,8.2749,266.8,346.7,287.7,351.7,0.1064,0
249,8.3083,266.2,346.6,285.0,351.7,0.1225,0
250,8.3417,263.0,345.9,287.4,352.0,0.1522,0
251,8.375,,,,,,
252,8.4084,257.4,344.7,281.7,352.0,0.1335,0
252,8.4084,260.2,344.5,286.8,352.0,0.112,0
253,8.4418,,,,,,
254,8.4751,,,,,,
255,8.5085,,,,,,
256,8.5419,,,,,,
257,8.5752,,,,,,
258,8.6086,,,,,,
259,8.642,,,,,,
260,8.6753,,,,,,
261,8.7087,,,,,,
262,8.7421,,,,,,
263,8.7754,,,,,,
264,8.8088,,,,,,
265,8.8422,,,,,,
266,8.8755,267.7,255.4,298.2,271.5,0.1094,0
267,8.9089,,,,,,
268,8.9423,,,,,,
269,8.9756,,,,,,
270,9.009,,,,,,
271,9.0424,,,,,,
272,9.0757,,,,,,
273,9.1091,,,,,,
274,9.1425,,,,,,
275,9.1758,276.7,327.1,288.9,336.8,0.1495,0
276,9.2092,,,,,,
277,9.2426,,,,,,
278,9.2759,,,,,,
279,9.3093,,,,,,
280,9.3427,,,,,,
281,9.376,,,,,,
282,9.4094,,,,,,
283,9.4428,,,,,,
284,9.4761,,,,,,
285,9.5095,,,,,,
286,9.5429,,,,,,
287,9.5762,,,,,,
288,9.6096,,,,,,
289,9.643,136.7,323.5,155.2,348.6,0.411,0
290,9.6763,143.1,329.7,162.0,350.1,0.4957,0
291,9.7097,147.0,331.6,168.0,352.0,0.112,0
292,9.7431,148.2,332.9,172.3,352.0,0.2743,0
293,9.7764,149.7,339.4,175.1,352.0,0.1879,0
294,9.8098,149.5,338.7,177.0,352.0,0.1827,0
294,9.8098,150.0,335.3,176.2,352.0,0.1518,0
295,9.8432,150.2,339.4,174.9,352.0,0.2252,0
296,9.8765,150.7,340.4,174.5,352.0,0.2022,0
297,9.9099,,,,,,
298,9.9433,148.6,330.4,174.1,352.0,0.1631,0
299,9.9766,,,,,,
300,10.01,,,,,,
301,10.0434,,,,,,
302,10.0767,,,,,,
303,10.1101,,,,,,
304,10.1435,,,,,,
305,10.1768,,,,,,
306,10.2102,142.3,339.4,161.3,352.0,0.3833,0
307,10.2436,141.2,340.5,161.4,352.0,0.2427,0
307,10.2436,140.1,336.0,162.0,351.9,0.1293,0
308,10.2769,137.5,340.5,160.7,352.0,0.1803,0
308,10.2769,141.0,340.1,161.0,352.0,0.1592,0
309,10.3103,140.0,336.1,161.7,352.0,0.3638,0
309,10.3103,138.6,336.3,160.8,352.0,0.2232,0
309,10.3103,140.8,338.5,161.6,352.0,0.1356,0
309,10.3103,137.2,339.0,161.2,352.0,0.1166,0
310,10.3437,137.5,335.9,160.3,352.0,0.2871,0
310,10.3437,139.3,335.4,161.1,352.0,0.2807,0
310,10.3437,136.5,338.8,160.4,352.0,0.1177,0
311,10.377,136.9,340.2,160.5,352.0,0.2226,0
311,10.377,140.4,339.7,161.2,352.0,0.2028,0
312,10.4104,135.9,341.2,160.6,352.0,0.1643,0
312,10.4104,140.0,340.0,161.6,352.0,0.1584,0
312,10.4104,139.3,337.1,161.6,351.8,0.1003,0
313,10.4438,140.0,340.9,162.8,352.0,0.2264,0
313,10.4438,135.6,342.0,161.6,352.0,0.1517,0
314,10.4771,138.1,341.4,162.0,352.0,0.1286,0
314,10.4771,131.6,342.3,161.8,352.0,0.1057,0
315,10.5105,,,,,,
316,10.5439,,,,,,
317,10.5772,,,,,,
318,10.6106,,,,,,
319,10.644,,,,,,
320,10.6773,,,,,,
321,10.7107,,,,,,
322,10.7441,426.7,260.9,456.2,280.6,0.1844,0
323,10.7774,,,,,,
324,10.8108,,,,,,
325,10.8442,,,,,,
326,10.8775,,,,,,
327,10.9109,,,,,,
328,10.9443,,,,,,
329,10.9776,,,,,,
330,11.011,,,,,,
331,11.0444,,,,,,
332,11.0777,,,,,,
333,11.1111,,,,,,
334,11.1445,,,,,,
335,11.1778,,,,,,
336,11.2112,,,,,,
337,11.2446,,,,,,
338,11.2779,,,,,,
339,11.3113,,,,,,
340,11.3447,,,,,,
341,11.378,,,,,,
342,11.4114,,,,,,
343,11.4448,,,,,,
344,11.4781,,,,,,
345,11.5115,,,,,,
346,11.5449,,,,,,
347,11.5782,,,,,,
348,11.6116,,,,,,
349,11.645,,,,,,
350,11.6783,,,,,,
351,11.7117,,,,,,
352,11.7451,,,,,,
353,11.7784,,,,,,
354,11.8118,426.6,259.8,457.9,278.2,0.1092,0
355,11.8452,,,,,,
356,11.8785,,,,,,
357,11.9119,,,,,,
358,11.9453,,,,,,
359,11.9786,,,,,,
360,12.012,,,,,,
361,12.0454,,,,,,
362,12.0787,,,,,,
363,12.1121,,,,,,
364,12.1455,,,,,,
365,12.1788,,,,,,
366,12.2122,,,,,,
367,12.2456,,,,,,
368,12.2789,415.0,258.7,448.0,277.1,0.2424,0
369,12.3123,,,,,,
370,12.3457,,,,,,
371,12.379,,,,,,
372,12.4124,,,,,,
373,12.4458,,,,,,
374,12.4791,,,,,,
375,12.5125,,,,,,
376,12.5459,,,,,,
377,12.5792,,,,,,
378,12.6126,,,,,,
379,12.646,,,,,,
380,12.6793,,,,,,
381,12.7127,,,,,,
382,12.7461,,,,,,
383,12.7794,,,,,,
384,12.8128,,,,,,
385,12.8462,,,,,,
386,12.8795,,,,,,
387,12.9129,,,,,,
388,12.9463,,,,,,
389,12.9796,,,,,,
390,13.013,,,,,,
391,13.0464,,,,,,
392,13.0797,,,,,,
393,13.1131,,,,,,
394,13.1465,,,,,,
395,13.1798,,,,,,
396,13.2132,,,,,,
397,13.2466,,,,,,
398,13.2799,,,,,,
399,13.3133,,,,,,
400,13.3467,,,,,,
401,13.38,,,,,,
402,13.4134,,,,,,
403,13.4468,,,,,,
404,13.4801,,,,,,
405,13.5135,,,,,,
406,13.5469,,,,,,
407,13.5802,,,,,,
408,13.6136,,,,,,
409,13.647,,,,,,
410,13.6803,,,,,,
411,13.7137,,,,,,
412,13.7471,,,,,,
413,13.7804,,,,,,
414,13.8138,,,,,,
415,13.8472,,,,,,
416,13.8805,,,,,,
417,13.9139,,,,,,
418,13.9473,386.7,273.5,418.3,294.9,0.1425,0
419,13.9806,,,,,,
420,14.014,,,,,,
421,14.0474,,,,,,
422,14.0807,,,,,,
423,14.1141,,,,,,
424,14.1475,,,,,,
425,14.1808,,,,,,
426,14.2142,,,,,,
427,14.2476,,,,,,
428,14.2809,396.3,271.0,417.9,286.8,0.1583,0
429,14.3143,,,,,,
430,14.3477,,,,,,
431,14.381,,,,,,
432,14.4144,,,,,,
433,14.4478,,,,,,
434,14.4811,,,,,,
435,14.5145,,,,,,
436,14.5479,,,,,,
437,14.5812,,,,,,
438,14.6146,,,,,,
439,14.648,,,,,,
440,14.6813,,,,,,
441,14.7147,115.7,346.6,142.1,352.0,0.1012,0
442,14.7481,128.2,339.0,146.3,351.9,0.3732,0
443,14.7814,132.6,333.3,148.2,351.6,0.7217,0
444,14.8148,131.8,334.7,151.8,351.9,0.3188,0
444,14.8148,132.7,334.6,152.7,351.8,0.1906,0
445,14.8482,141.9,326.4,177.3,350.6,0.6231,0
445,14.8482,141.3,326.1,177.7,349.8,0.3738,0
445,14.8482,139.8,326.4,179.7,351.5,0.1253,0
446,14.8815,169.1,315.0,198.2,335.8,0.6998,0
447,14.9149,188.0,312.8,207.1,327.7,0.2251,0
447,14.9149,188.4,313.9,206.5,328.8,0.1149,0
448,14.9483,196.5,307.5,232.7,329.5,0.6468,0
449,14.9816,225.6,299.6,280.7,322.0,0.1079,0
450,15.015,,,,,,
451,15.0484,,,,,,
452,15.0817,,,,,,
453,15.1151,,,,,,
454,15.1485,,,,,,
455,15.1818,,,,,,
456,15.2152,,,,,,
457,15.2486,,,,,,
458,15.2819,,,,,,
459,15.3153,,,,,,
460,15.3487,,,,,,
461,15.382,,,,,,
462,15.4154,,,,,,
463,15.4488,,,,,,
464,15.4821,,,,,,
465,15.5155,,,,,,
466,15.5489,,,,,,
467,15.5822,,,,,,
468,15.6156,,,,,,
469,15.649,,,,,,
470,15.6823,,,,,,
471,15.7157,,,,,,
472,15.7491,,,,,,
473,15.7824,,,,,,
474,15.8158,,,,,,
475,15.8492,,,,,,
476,15.8825,,,,,,
477,15.9159,,,,,,
478,15.9493,,,,,,
479,15.9826,,,,,,
480,16.016,,,,,,
481,16.0494,,,,,,
482,16.0827,,,,,,
483,16.1161,,,,,,
484,16.1495,,,,,,
485,16.1828,,,,,,
486,16.2162,,,,,,
487,16.2496,,,,,,
488,16.2829,,,,,,
489,16.3163,,,,,,
490,16.3497,,,,,,
491,16.383,,,,,,
492,16.4164,244.0,0.3,630.0,352.0,0.2976,1
492,16.4164,298.0,248.0,334.0,272.1,0.103,0
493,16.4498,,,,,,
494,16.4831,,,,,,
495,16.5165,,,,,,
496,16.5499,,,,,,
497,16.5832,,,,,,
498,16.6166,,,,,,
499,16.65,,,,,,
500,16.6833,,,,,,
501,16.7167,,,,,,
502,16.7501,,,,,,
503,16.7834,,,,,,
504,16.8168,,,,,,
505,16.8502,,,,,,
506,16.8835,,,,,,
507,16.9169,,,,,,
508,16.9503,,,,,,
509,16.9836,272.3,243.9,298.3,261.7,0.1316,0
510,17.017,,,,,,
511,17.0504,284.6,258.2,319.6,276.0,0.5071,0
512,17.0837,,,,,,
513,17.1171,,,,,,
514,17.1505,,,,,,
515,17.1838,,,,,,
516,17.2172,,,,,,
517,17.2506,,,,,,
518,17.2839,,,,,,
519,17.3173,,,,,,
520,17.3507,,,,,,
521,17.384,257.1,322.1,292.6,339.0,0.1845,0
522,17.4174,,,,,,
523,17.4508,,,,,,
524,17.4841,,,,,,
525,17.5175,,,,,,
526,17.5509,,,,,,
527,17.5842,,,,,,
528,17.6176,,,,,,
529,17.651,,,,,,
530,17.6843,,,,,,
531,17.7177,,,,,,
532,17.7511,,,,,,
533,17.7844,,,,,,
534,17.8178,,,,,,
535,17.8512,,,,,,
536,17.8845,,,,,,
537,17.9179,,,,,,
538,17.9513,,,,,,
539,17.9846,,,,,,
540,18.018,,,,,,
541,18.0514,,,,,,
542,18.0847,,,,,,
543,18.1181,,,,,,
544,18.1515,,,,,,
545,18.1848,,,,,,
546,18.2182,,,,,,
547,18.2516,,,,,,
548,18.2849,,,,,,
549,18.3183,,,,,,
550,18.3517,,,,,,
551,18.385,,,,,,
552,18.4184,,,,,,
553,18.4518,,,,,,
554,18.4851,,,,,,
555,18.5185,,,,,,
556,18.5519,,,,,,
557,18.5852,364.5,260.2,385.3,295.1,0.3086,0
558,18.6186,363.5,262.8,383.3,295.8,0.1486,0
559,18.652,361.6,259.9,382.8,285.9,0.2303,0
560,18.6853,,,,,,
561,18.7187,,,,,,
562,18.7521,266.1,283.5,301.7,304.5,0.6026,0
563,18.7854,242.1,296.6,274.5,314.8,0.586,0
563,18.7854,242.4,296.1,274.4,313.7,0.2181,0
564,18.8188,218.8,304.5,250.4,327.5,0.6487,0
565,18.8522,194.1,316.1,223.8,349.6,0.33,0
566,18.8855,,,,,,
567,18.9189,,,,,,
568,18.9523,,,,,,
569,18.9856,,,,,,
570,19.019,,,,,,
571,19.0524,,,,,,
572,19.0857,,,,,,
573,19.1191,,,,,,
574,19.1525,,,,,,
575,19.1858,276.5,74.7,312.3,115.2,0.1175,1
576,19.2192,,,,,,
577,19.2526,,,,,,
578,19.2859,,,,,,
579,19.3193,,,,,,
580,19.3527,165.6,338.9,190.9,352.0,0.2494,0
581,19.386,,,,,,
582,19.4194,,,,,,
583,19.4528,,,,,,
584,19.4861,,,,,,
585,19.5195,,,,,,
586,19.5529,,,,,,
587,19.5862,,,,,,
588,19.6196,,,,,,
589,19.653,,,,,,
590,19.6863,,,,,,
591,19.7197,,,,,,
592,19.7531,,,,,,
593,19.7864,,,,,,
594,19.8198,,,,,,
595,19.8532,,,,,,
596,19.8865,,,,,,
597,19.9199,,,,,,
598,19.9533,,,,,,
599,19.9866,,,,,,
600,20.02,,,,,,
601,20.0534,,,,,,
602,20.0867,,,,,,
603,20.1201,,,,,,
604,20.1535,,,,,,
605,20.1868,,,,,,
606,20.2202,,,,,,
607,20.2536,,,,,,
608,20.2869,,,,,,
609,20.3203,,,,,,
610,20.3537,,,,,,
611,20.387,,,,,,
612,20.4204,,,,,,
613,20.4538,,,,,,
614,20.4871,,,,,,
615,20.5205,,,,,,
616,20.5539,,,,,,
617,20.5872,,,,,,
618,20.6206,,,,,,
619,20.654,,,,,,
620,20.6873,206.3,1.3,608.7,179.7,0.2076,1
621,20.7207,,,,,,
622,20.7541,,,,,,
623,20.7874,,,,,,
624,20.8208,,,,,,
625,20.8542,,,,,,
626,20.8875,,,,,,
627,20.9209,,,,,,
628,20.9543,,,,,,
629,20.9876,,,,,,
630,21.021,,,,,,
631,21.0544,,,,,,
632,21.0877,,,,,,
633,21.1211,,,,,,
634,21.1545,,,,,,
635,21.1878,,,,,,
636,21.2212,,,,,,
637,21.2546,,,,,,
638,21.2879,,,,,,
639,21.3213,,,,,,
640,21.3547,,,,,,
641,21.388,,,,,,
642,21.4214,,,,,,
643,21.4548,,,,,,
644,21.4881,,,,,,
645,21.5215,,,,,,
646,21.5549,,,,,,
647,21.5882,,,,,,
648,21.6216,,,,,,
649,21.655,,,,,,
650,21.6883,,,,,,
651,21.7217,,,,,,
652,21.7551,,,,,,
653,21.7884,432.9,271.8,448.6,284.4,0.2344,0
654,21.8218,,,,,,
655,21.8552,,,,,,
656,21.8885,433.8,261.1,452.1,277.5,0.1928,0
657,21.9219,,,,,,
658,21.9553,,,,,,
659,21.9886,,,,,,
660,22.022,,,,,,
661,22.0554,,,,,,
662,22.0887,,,,,,
663,22.1221,,,,,,
664,22.1555,,,,,,
665,22.1888,,,,,,
666,22.2222,,,,,,
667,22.2556,,,,,,
668,22.2889,,,,,,
669,22.3223,,,,,,
670,22.3557,,,,,,
671,22.389,,,,,,
672,22.4224,,,,,,
673,22.4558,,,,,,
674,22.4891,,,,,,
675,22.5225,,,,,,
676,22.5559,,,,,,
677,22.5892,,,,,,
678,22.6226,,,,,,
679,22.656,,,,,,
680,22.6893,,,,,,
681,22.7227,,,,,,
682,22.7561,,,,,,
683,22.7894,,,,,,
684,22.8228,,,,,,
685,22.8562,,,,,,
686,22.8895,,,,,,
687,22.9229,,,,,,
688,22.9563,,,,,,
689,22.9896,,,,,,
690,23.023,,,,,,
691,23.0564,,,,,,
692,23.0897,,,,,,
693,23.1231,,,,,,
694,23.1565,,,,,,
695,23.1898,,,,,,
696,23.2232,,,,,,
697,23.2566,,,,,,
698,23.2899,,,,,,
699,23.3233,,,,,,
700,23.3567,,,,,,
701,23.39,,,,,,
702,23.4234,,,,,,
703,23.4568,,,,,,
704,23.4901,,,,,,
705,23.5235,,,,,,
706,23.5569,,,,,,
707,23.5902,,,,,,
708,23.6236,,,,,,
709,23.657,,,,,,
710,23.6903,,,,,,
711,23.7237,,,,,,
712,23.7571,,,,,,
713,23.7904,,,,,,
714,23.8238,,,,,,
715,23.8572,,,,,,
716,23.8905,,,,,,
717,23.9239,,,,,,
718,23.9573,,,,,,
719,23.9906,,,,,,
720,24.024,413.3,286.2,446.9,302.8,0.1001,0
721,24.0574,,,,,,
722,24.0907,,,,,,
723,24.1241,411.0,286.1,442.1,300.1,0.1368,0
724,24.1575,,,,,,
725,24.1908,,,,,,
726,24.2242,,,,,,
727,24.2576,,,,,,
728,24.2909,,,,,,
729,24.3243,411.8,287.8,440.0,300.5,0.1151,0
730,24.3577,414.3,288.4,438.2,299.6,0.1319,0
731,24.391,,,,,,
732,24.4244,,,,,,
733,24.4578,,,,,,
734,24.4911,,,,,,
735,24.5245,,,,,,
736,24.5579,,,,,,
737,24.5912,,,,,,
738,24.6246,,,,,,
739,24.658,,,,,,
740,24.6913,377.9,166.4,446.6,212.4,0.1087,0
741,24.7247,,,,,,
742,24.7581,,,,,,
743,24.7914,,,,,,
744,24.8248,,,,,,
745,24.8582,,,,,,
746,24.8915,,,,,,
747,24.9249,,,,,,
748,24.9583,,,,,,
749,24.9916,,,,,,
750,25.025,,,,,,
751,25.0584,,,,,,
752,25.0917,,,,,,
753,25.1251,,,,,,
754,25.1585,,,,,,
755,25.1918,,,,,,
756,25.2252,,,,,,
757,25.2586,,,,,,
758,25.2919,,,,,,
759,25.3253,,,,,,
760,25.3587,,,,,,
761,25.392,,,,,,
762,25.4254,,,,,,
763,25.4588,,,,,,
764,25.4921,,,,,,
765,25.5255,,,,,,
766,25.5589,,,,,,
767,25.5922,,,,,,
768,25.6256,,,,,,
769,25.659,,,,,,
770,25.6923,,,,,,
771,25.7257,,,,,,
772,25.7591,,,,,,
773,25.7924,0.8,0.0,216.7,336.1,0.1411,1
774,25.8258,,,,,,
775,25.8592,,,,,,
776,25.8925,,,,,,
777,25.9259,,,,,,
778,25.9593,,,,,,
779,25.9926,,,,,,
780,26.026,,,,,,
781,26.0594,,,,,,
782,26.0927,,,,,,
783,26.1261,,,,,,
784,26.1595,,,,,,
785,26.1928,,,,,,
786,26.2262,,,,,,
787,26.2596,,,,,,
788,26.2929,,,,,,
789,26.3263,,,,,,
790,26.3597,,,,,,
791,26.393,,,,,,
792,26.4264,,,,,,
793,26.4598,,,,,,
794,26.4931,,,,,,
795,26.5265,,,,,,
796,26.5599,,,,,,
797,26.5932,,,,,,
798,26.6266,,,,,,
799,26.66,,,,,,
800,26.6933,,,,,,
801,26.7267,,,,,,
802,26.7601,,,,,,
803,26.7934,,,,,,
804,26.8268,,,,,,
805,26.8602,,,,,,
806,26.8935,,,,,,
807,26.9269,,,,,,
808,26.9603,,,,,,
809,26.9936,,,,,,
810,27.027,,,,,,
811,27.0604,,,,,,
812,27.0937,,,,,,
813,27.1271,,,,,,
814,27.1605,,,,,,
815,27.1938,,,,,,
816,27.2272,,,,,,
817,27.2606,,,,,,
818,27.2939,,,,,,
819,27.3273,,,,,,
820,27.3607,377.5,288.4,402.3,308.5,0.1761,0
821,27.394,,,,,,
822,27.4274,379.4,290.0,402.9,310.2,0.2623,0
823,27.4608,,,,,,
824,27.4941,380.0,294.0,406.1,309.9,0.1145,0
825,27.5275,376.2,290.0,403.3,308.2,0.489,0
826,27.5609,377.4,288.2,404.3,304.7,0.262,0
826,27.5609,376.4,289.2,404.5,306.1,0.1976,0
827,27.5942,377.0,289.8,405.2,306.6,0.2511,0
828,27.6276,379.9,288.0,401.6,304.3,0.2281,0
829,27.661,379.0,286.9,402.6,304.4,0.3303,0
830,27.6943,379.4,287.0,404.9,303.6,0.1712,0
831,27.7277,379.7,286.5,405.3,303.4,0.3508,0
832,27.7611,382.4,288.7,405.4,307.1,0.15,0
833,27.7944,377.7,289.3,407.6,307.7,0.1222,0
834,27.8278,376.8,291.6,407.3,309.1,0.2469,0
835,27.8612,380.4,294.1,406.4,309.0,0.3291,0
836,27.8945,378.2,294.1,406.2,309.0,0.1134,0
837,27.9279,377.1,293.0,407.0,308.9,0.143,0
838,27.9613,374.7,291.9,407.7,308.6,0.1799,0
839,27.9946,,,,,,
840,28.028,,,,,,
841,28.0614,,,,,,
842,28.0947,,,,,,
843,28.1281,,,,,,
844,28.1615,,,,,,
845,28.1948,,,,,,
846,28.2282,,,,,,
847,28.2616,,,,,,
848,28.2949,,,,,,
849,28.3283,,,,,,
850,28.3617,,,,,,
851,28.395,,,,,,
852,28.4284,,,,,,
853,28.4618,,,,,,
854,28.4951,,,,,,
855,28.5285,,,,,,
856,28.5619,,,,,,
857,28.5952,,,,,,
858,28.6286,,,,,,
859,28.662,,,,,,
860,28.6953,,,,,,
861,28.7287,295.2,195.6,311.3,222.4,0.1257,1
862,28.7621,,,,,,
863,28.7954,,,,,,
864,28.8288,,,,,,
865,28.8622,,,,,,
866,28.8955,,,,,,
867,28.9289,,,,,,
868,28.9623,,,,,,
869,28.9956,,,,,,
870,29.029,,,,,,
871,29.0624,,,,,,
872,29.0957,,,,,,
873,29.1291,,,,,,
874,29.1625,,,,,,
875,29.1958,,,,,,
876,29.2292,,,,,,
877,29.2626,,,,,,
878,29.2959,,,,,,
879,29.3293,,,,,,
880,29.3627,,,,,,
881,29.396,,,,,,
882,29.4294,,,,,,
883,29.4628,,,,,,
884,29.4961,381.1,304.5,403.2,323.8,0.4902,0
885,29.5295,,,,,,
886,29.5629,,,,,,
887,29.5962,380.9,310.1,401.3,325.4,0.1587,0
888,29.6296,,,,,,
889,29.663,,,,,,
890,29.6963,,,,,,
891,29.7297,,,,,,
892,29.7631,,,,,,
893,29.7964,,,,,,
894,29.8298,,,,,,
895,29.8632,,,,,,
896,29.8965,,,,,,
897,29.9299,,,,,,
898,29.9633,,,,,,
899,29.9966,,,,,,
900,30.03,,,,,,
901,30.0634,,,,,,
902,30.0967,,,,,,
903,30.1301,,,,,,
904,30.1635,336.6,181.8,381.2,218.9,0.1168,0
905,30.1968,337.2,182.1,383.2,219.5,0.5791,0
906,30.2302,,,,,,
907,30.2636,,,,,,
908,30.2969,,,,,,
909,30.3303,,,,,,
910,30.3637,,,,,,
911,30.397,,,,,,
912,30.4304,352.6,178.4,370.3,202.2,0.3035,0
913,30.4638,,,,,,
914,30.4971,358.3,176.3,377.1,198.9,0.3049,0
915,30.5305,,,,,,
916,30.5639,,,,,,
917,30.5972,,,,,,
918,30.6306,,,,,,
919,30.664,,,,,,
920,30.6973,,,,,,
921,30.7307,,,,,,
922,30.7641,134.9,214.7,231.9,245.5,0.1669,0
923,30.7974,,,,,,
924,30.8308,,,,,,
925,30.8642,,,,,,
926,30.8975,,,,,,
927,30.9309,,,,,,
928,30.9643,,,,,,
929,30.9976,,,,,,
930,31.031,,,,,,
931,31.0644,,,,,,
932,31.0977,,,,,,
933,31.1311,,,,,,
934,31.1645,,,,,,
935,31.1978,,,,,,
936,31.2312,,,,,,
937,31.2646,,,,,,
938,31.2979,424.9,176.7,460.2,216.6,0.1015,0
939,31.3313,,,,,,
940,31.3647,,,,,,
941,31.398,,,,,,
942,31.4314,,,,,,
943,31.4648,,,,,,
944,31.4981,,,,,,
945,31.5315,,,,,,
946,31.5649,,,,,,
947,31.5982,437.1,176.8,473.9,216.7,0.1161,0
948,31.6316,,,,,,
949,31.665,,,,,,
950,31.6983,,,,,,
951,31.7317,,,,,,
952,31.7651,,,,,,
953,31.7984,,,,,,
954,31.8318,,,,,,
955,31.8652,,,,,,
956,31.8985,,,,,,
957,31.9319,,,,,,
958,31.9653,,,,,,
959,31.9986,,,,,,
960,32.032,380.9,293.9,401.9,312.2,0.6383,0
961,32.0654,379.7,292.4,406.2,312.6,0.3061,0
962,32.0987,380.3,293.4,405.6,310.7,0.2996,0
963,32.1321,,,,,,
964,32.1655,382.8,293.5,402.3,311.2,0.2469,0
965,32.1988,,,,,,
966,32.2322,,,,,,
967,32.2656,,,,,,
968,32.2989,,,,,,
969,32.3323,,,,,,
970,32.3657,,,,,,
971,32.399,,,,,,
972,32.4324,,,,,,
973,32.4658,,,,,,
974,32.4991,,,,,,
975,32.5325,,,,,,
976,32.5659,,,,,,
977,32.5992,,,,,,
978,32.6326,,,,,,
979,32.666,,,,,,
980,32.6993,,,,,,
981,32.7327,378.8,293.1,402.2,311.7,0.2382,0
982,32.7661,378.9,293.3,402.2,309.8,0.1364,0
983,32.7994,377.5,290.0,408.7,311.1,0.3824,0
984,32.8328,373.0,290.2,402.6,310.1,0.1675,0
984,32.8328,372.5,289.8,402.6,310.5,0.1435,0
985,32.8662,,,,,,
986,32.8995,,,,,,
987,32.9329,,,,,,
988,32.9663,,,,,,
989,32.9996,,,,,,
990,33.033,,,,,,
991,33.0664,,,,,,
992,33.0997,,,,,,
993,33.1331,0.0,0.0,158.3,287.0,0.1234,1
994,33.1665,,,,,,
995,33.1998,,,,,,
996,33.2332,,,,,,
997,33.2666,105.3,323.5,123.9,351.6,0.6253,0
997,33.2666,373.0,306.2,385.0,323.1,0.4185,0
998,33.2999,108.9,309.7,129.3,346.9,0.6428,0
998,33.2999,377.4,293.9,389.7,310.6,0.1799,0
998,33.2999,377.9,294.1,390.1,310.8,0.1041,0
999,33.3333,116.4,302.8,132.5,336.7,0.7221,0
1000,33.3667,117.1,295.6,132.8,329.0,0.6676,0
1001,33.4,118.1,283.1,133.6,317.9,0.5664,0
1002,33.4334,115.1,273.7,132.5,306.5,0.6701,0
1003,33.4668,108.0,265.2,127.9,294.8,0.6003,0
1003,33.4668,107.4,264.9,128.3,300.7,0.1446,0
1004,33.5001,101.1,255.2,120.2,288.1,0.6793,0
1004,33.5001,369.0,238.8,384.0,252.2,0.1824,0
1005,33.5335,94.5,247.4,113.2,274.5,0.4516,0
1005,33.5335,365.2,231.5,376.0,243.9,0.1782,0
1006,33.5669,88.1,230.1,107.1,270.2,0.2591,0
1007,33.6002,90.6,207.4,111.8,255.2,0.3472,0
1007,33.6002,90.9,208.2,111.3,256.0,0.1106,0
1008,33.6336,97.9,191.4,116.5,235.9,0.4152,0
1008,33.6336,141.3,14.4,631.5,317.3,0.4055,1
1009,33.667,102.9,182.2,117.7,222.0,0.2941,0
1009,33.667,103.8,183.4,117.5,222.3,0.1118,0
1010,33.7003,98.3,182.4,117.1,222.1,0.4364,0
1010,33.7003,437.3,195.9,446.7,209.9,0.1096,0
1011,33.7337,97.8,189.4,118.0,227.6,0.3294,0
1012,33.7671,110.1,190.0,129.8,228.3,0.1837,0
1013,33.8004,111.8,193.0,130.6,230.4,0.6498,0
1013,33.8004,112.0,193.4,129.8,230.7,0.5838,0
1014,33.8338,,,,,,
1015,33.8672,,,,,,
1016,33.9005,,,,,,
1017,33.9339,,,,,,
1018,33.9673,,,,,,
1019,34.0006,,,,,,
1020,34.034,,,,,,
1021,34.0674,,,,,,
1022,34.1007,,,,,,
1023,34.1341,,,,,,
1024,34.1675,,,,,,
1025,34.2008,,,,,,
1026,34.2342,,,,,,
1027,34.2676,,,,,,
1028,34.3009,,,,,,
1029,34.3343,,,,,,
1030,34.3677,,,,,,
1031,34.401,,,,,,
1032,34.4344,,,,,,
1033,34.4678,,,,,,
1034,34.5011,,,,,,
1035,34.5345,,,,,,
1036,34.5679,,,,,,
1037,34.6012,,,,,,
1038,34.6346,,,,,,
1039,34.668,,,,,,
1040,34.7013,,,,,,
1041,34.7347,,,,,,
1042,34.7681,0.0,237.8,131.5,351.1,0.1795,1
1042,34.7681,0.2,237.5,138.2,352.0,0.1415,1
1043,34.8014,0.0,224.9,402.6,352.0,0.1584,1
1043,34.8014,0.0,216.9,289.4,351.8,0.1133,1
1044,34.8348,0.0,94.5,206.3,351.8,0.3934,1
1045,34.8682,0.0,2.3,217.7,229.4,0.222,1
1046,34.9015,,,,,,
1047,34.9349,,,,,,
1048,34.9683,,,,,,
1049,35.0016,,,,,,
1050,35.035,,,,,,
1051,35.0684,,,,,,
1052,35.1017,,,,,,
1053,35.1351,,,,,,
1054,35.1685,,,,,,
1055,35.2018,,,,,,
1056,35.2352,,,,,,
1057,35.2686,,,,,,
1058,35.3019,,,,,,
1059,35.3353,,,,,,
1060,35.3687,,,,,,
1061,35.402,0.0,217.6,156.1,350.0,0.1623,1
1062,35.4354,,,,,,
1063,35.4688,,,,,,
1064,35.5021,0.0,0.0,179.9,343.2,0.2591,1
1065,35.5355,132.6,135.7,154.1,200.7,0.2259,0
1065,35.5355,133.0,136.0,152.6,182.1,0.2236,0
1066,35.5689,,,,,,
1067,35.6022,,,,,,
1068,35.6356,,,,,,
1069,35.669,,,,,,
1070,35.7023,,,,,,
1071,35.7357,,,,,,
1072,35.7691,,,,,,
1073,35.8024,,,,,,
1074,35.8358,139.2,99.4,158.0,135.6,0.7079,0
1075,35.8692,137.1,111.5,156.6,150.4,0.3981,0
1076,35.9025,131.5,125.7,151.0,164.0,0.1148,0
1077,35.9359,,,,,,
1078,35.9693,138.1,154.9,158.9,193.4,0.6272,0
1079,36.0026,148.1,170.1,165.9,203.0,0.1513,0
1080,36.036,147.1,163.3,168.2,204.8,0.7024,0
1081,36.0694,141.5,161.2,163.2,200.2,0.6708,0
1082,36.1027,137.0,154.2,159.2,195.2,0.6398,0
1083,36.1361,133.8,151.8,153.2,194.8,0.4938,0
1084,36.1695,127.5,152.3,148.0,191.4,0.6222,0
1085,36.2028,,,,,,
1086,36.2362,,,,,,
1087,36.2696,37.4,0.0,528.4,327.1,0.1416,1
1088,36.3029,0.0,6.9,539.9,349.9,0.1287,1
1089,36.3363,0.0,79.3,181.7,349.2,0.2508,1
1089,36.3363,0.0,75.7,181.1,345.3,0.1055,1
1090,36.3697,0.0,69.9,185.1,349.0,0.1288,1
1091,36.403,135.9,76.4,634.9,351.4,0.1014,1
1092,36.4364,0.0,42.0,160.9,352.0,0.254,1
1092,36.4364,126.4,224.9,144.3,269.0,0.1622,0
1093,36.4698,123.7,233.3,142.3,271.6,0.1523,0
1094,36.5031,124.3,233.2,143.6,277.7,0.4282,0
1095,36.5365,123.7,240.4,143.5,283.7,0.5434,0
1096,36.5699,122.2,252.3,142.1,287.5,0.7774,0
1097,36.6032,120.7,256.6,141.3,291.9,0.8037,0
1098,36.6366,119.2,258.4,139.7,295.3,0.8062,0
1099,36.67,117.7,258.4,137.9,299.6,0.5999,0
1100,36.7033,111.3,265.6,132.9,303.1,0.5903,0
1100,36.7033,111.1,265.3,133.1,301.8,0.2195,0
1101,36.7367,107.3,263.8,131.1,303.8,0.6965,0
1102,36.7701,106.1,261.9,128.5,301.3,0.6494,0
1103,36.8034,103.8,265.4,126.1,305.8,0.7398,0
1104,36.8368,101.9,272.3,121.9,312.7,0.7037,0
1105,36.8702,101.1,275.3,122.4,314.2,0.3853,0
1106,36.9035,97.7,279.3,117.4,316.6,0.6661,0
1107,36.9369,96.5,279.4,116.7,318.1,0.4649,0
1107,36.9369,96.6,281.1,116.0,318.0,0.1149,0
1108,36.9703,95.5,280.6,115.5,317.1,0.3192,0
1109,37.0036,94.5,279.9,115.4,317.8,0.1318,0
1110,37.037,94.0,279.0,114.7,317.2,0.2258,0
1111,37.0704,94.6,281.2,114.9,317.1,0.3921,0
1111,37.0704,94.6,282.5,114.2,317.5,0.1405,0
1112,37.1037,95.7,281.5,114.8,316.1,0.7349,0
1113,37.1371,94.0,280.8,114.2,316.0,0.793,0
1114,37.1705,93.7,279.4,114.4,315.3,0.7916,0
1115,37.2038,92.1,277.4,113.2,314.5,0.6238,0
1116,37.2372,91.2,275.5,112.4,312.3,0.3918,0
1116,37.2372,91.3,275.3,113.1,310.2,0.2576,0
1117,37.2706,92.3,272.5,112.7,308.4,0.8037,0
1118,37.3039,94.3,266.3,114.7,304.0,0.7888,0
1119,37.3373,97.4,257.4,114.1,290.3,0.3726,0
1120,37.3707,93.4,230.2,111.8,279.1,0.3312,0
1120,37.3707,111.8,83.5,638.5,352.0,0.2802,1
1121,37.404,,,,,,
1122,37.4374,,,,,,
1123,37.4708,,,,,,
1124,37.5041,,,,,,
1125,37.5375,,,,,,
1126,37.5709,,,,,,
1127,37.6042,,,,,,
1128,37.6376,80.0,32.1,110.0,98.5,0.3049,0
1129,37.671,,,,,,
1130,37.7043,,,,,,
1131,37.7377,,,,,,
1132,37.7711,316.9,21.7,331.3,43.6,0.3931,0
1132,37.7711,40.2,26.3,55.5,63.6,0.2555,0
1133,37.8044,32.7,39.1,50.3,72.9,0.3748,0
1133,37.8044,311.3,40.2,323.9,63.2,0.3601,0
1134,37.8378,34.2,52.6,52.2,95.4,0.6588,0
1135,37.8712,29.4,72.6,51.8,110.4,0.4933,0
1135,37.8712,29.5,72.9,51.4,109.8,0.448,0
1135,37.8712,304.7,86.5,322.0,111.6,0.2065,0
1136,37.9045,294.7,107.1,309.7,122.9,0.736,0
1136,37.9045,18.0,90.7,40.3,120.5,0.385,0
1136,37.9045,18.0,91.2,40.0,120.1,0.2493,0
1137,37.9379,8.9,97.5,31.4,134.2,0.1194,0
1138,37.9713,,,,,,
1139,38.0046,,,,,,
1140,38.038,,,,,,
1141,38.0714,18.9,107.5,36.2,147.6,0.2663,0
1142,38.1047,22.2,121.4,46.3,187.8,0.7172,0
1142,38.1047,22.7,121.4,43.1,163.9,0.3119,0
1143,38.1381,30.0,137.1,50.7,196.5,0.301,0
1144,38.1715,31.8,154.0,56.0,215.9,0.1241,0
1145,38.2048,39.4,171.0,57.2,213.6,0.1249,0
1146,38.2382,46.4,186.5,61.1,209.9,0.3391,0
1147,38.2716,,,,,,
1148,38.3049,46.6,185.9,64.7,209.1,0.34,0
1149,38.3383,34.3,164.4,56.9,224.4,0.3544,0
1149,38.3383,37.7,164.7,55.6,204.8,0.1801,0
1149,38.3383,36.6,170.0,57.2,223.4,0.1716,0
1150,38.3717,,,,,,
1151,38.405,,,,,,
1152,38.4384,62.6,161.2,86.0,181.5,0.497,0
1152,38.4384,62.1,158.3,86.6,181.3,0.288,0
1153,38.4718,78.8,164.0,102.2,184.3,0.5421,0
1153,38.4718,159.3,0.8,571.0,343.1,0.1115,1
1154,38.5051,90.6,170.2,108.7,216.9,0.7088,0
1155,38.5385,81.0,194.6,103.8,239.3,0.5487,0
1155,38.5385,344.2,161.6,361.4,188.5,0.2689,0
1155,38.5385,81.4,195.0,103.6,237.0,0.1096,0
1156,38.5719,74.5,220.2,94.1,254.4,0.5701,0
1157,38.6052,55.3,239.6,86.0,266.4,0.7112,0
1158,38.6386,32.0,255.6,63.9,279.2,0.6331,0
1158,38.6386,32.1,255.1,63.8,277.3,0.5053,0
1159,38.672,,,,,,
1160,38.7053,,,,,,
1161,38.7387,,,,,,
1162,38.7721,,,,,,
1163,38.8054,,,,,,
1164,38.8388,,,,,,
1165,38.8722,,,,,,
1166,38.9055,,,,,,
1167,38.9389,122.5,286.5,140.8,311.6,0.3508,0
1167,38.9389,122.4,285.2,140.8,310.8,0.1997,0
1168,38.9723,130.3,293.7,146.1,323.2,0.5323,0
1169,39.0056,,,,,,
1170,39.039,151.6,301.8,171.5,317.5,0.1383,0
1171,39.0724,,,,,,
1172,39.1057,168.6,301.5,183.9,320.5,0.1797,0
1172,39.1057,168.2,301.8,184.0,327.4,0.1268,0
1173,39.1391,160.3,296.6,179.7,321.8,0.4707,0
1174,39.1725,149.1,287.9,170.6,316.8,0.6717,0
1175,39.2058,141.1,278.4,160.6,310.7,0.3267,0
1176,39.2392,142.2,268.0,160.7,303.4,0.7207,0
1177,39.2726,149.4,258.8,169.3,284.0,0.3839,0
1178,39.3059,157.9,268.3,184.8,308.0,0.2822,0
1179,39.3393,,,,,,
1180,39.3727,,,,,,
1181,39.406,,,,,,
1182,39.4394,,,,,,
1183,39.4728,,,,,,
1184,39.5061,,,,,,
1185,39.5395,,,,,,
1186,39.5729,,,,,,
1187,39.6062,297.3,309.9,317.4,340.2,0.5875,0
1188,39.6396,297.0,302.1,317.9,335.0,0.4246,0
1189,39.673,297.3,300.7,317.5,334.1,0.5114,0
1190,39.7063,295.4,300.1,314.8,332.4,0.2147,0
1191,39.7397,291.3,300.3,312.2,336.7,0.269,0
1191,39.7397,291.1,300.6,311.8,335.7,0.1877,0
1192,39.7731,288.7,305.2,308.1,337.6,0.4064,0
1193,39.8064,286.8,306.8,307.0,339.5,0.2392,0
1194,39.8398,282.9,305.9,305.5,337.8,0.3632,0
1195,39.8732,272.7,306.3,297.8,334.4,0.3385,0
1195,39.8732,74.2,0.0,606.8,320.2,0.1522,1
1196,39.9065,263.9,308.1,288.2,338.0,0.4042,0
1196,39.9065,264.3,310.3,287.4,340.0,0.3559,0
1196,39.9065,67.9,0.0,607.0,315.6,0.1141,1
1197,39.9399,256.8,312.7,282.1,347.0,0.1164,0
1198,39.9733,251.3,318.6,272.8,350.4,0.1111,0
1199,40.0066,249.8,319.5,270.2,350.9,0.2426,0
1200,40.04,,,,,,
1201,40.0734,,,,,,
1202,40.1067,,,,,,
1203,40.1401,,,,,,
1204,40.1735,,,,,,
1205,40.2068,233.4,319.3,261.0,352.0,0.2228,0
1205,40.2068,218.0,320.5,270.3,352.0,0.1204,0
1206,40.2402,233.7,306.6,253.1,346.4,0.5509,0
1207,40.2736,,,,,,
1208,40.3069,,,,,,
1209,40.3403,,,,,,
1210,40.3737,,,,,,
1211,40.407,246.9,303.6,271.3,317.2,0.1943,0
1212,40.4404,227.3,303.7,255.2,334.1,0.2863,0
1213,40.4738,217.0,305.6,239.4,343.2,0.6875,0
1214,40.5071,215.4,308.6,236.0,342.8,0.7361,0
1215,40.5405,210.1,306.7,230.8,341.0,0.3732,0
1216,40.5739,210.1,306.6,230.3,344.2,0.555,0
1217,40.6072,215.7,317.1,238.7,351.3,0.3528,0
1218,40.6406,,,,,,
1219,40.674,,,,,,
1220,40.7073,,,,,,
1221,40.7407,,,,,,
1222,40.7741,,,,,,
1223,40.8074,,,,,,
1224,40.8408,,,,,,
1225,40.8742,,,,,,
1226,40.9075,,,,,,
1227,40.9409,,,,,,
1228,40.9743,,,,,,
1229,41.0076,,,,,,
1230,41.041,,,,,,
1231,41.0744,,,,,,
1232,41.1077,,,,,,
1233,41.1411,,,,,,
1234,41.1745,,,,,,
1235,41.2078,,,,,,
1236,41.2412,,,,,,
1237,41.2746,,,,,,
1238,41.3079,,,,,,
1239,41.3413,,,,,,
1240,41.3747,,,,,,
1241,41.408,,,,,,
1242,41.4414,,,,,,
1243,41.4748,,,,,,
1244,41.5081,,,,,,
1245,41.5415,,,,,,
1246,41.5749,,,,,,
1247,41.6082,,,,,,
1248,41.6416,,,,,,
1249,41.675,,,,,,
1250,41.7083,,,,,,
1251,41.7417,,,,,,
1252,41.7751,,,,,,
1253,41.8084,,,,,,
1254,41.8418,,,,,,
1255,41.8752,,,,,,
1256,41.9085,,,,,,
1257,41.9419,,,,,,
1258,41.9753,,,,,,
1259,42.0086,,,,,,
1260,42.042,,,,,,
1261,42.0754,,,,,,
1262,42.1087,,,,,,
1263,42.1421,,,,,,
1264,42.1755,,,,,,
1265,42.2088,,,,,,
1266,42.2422,204.4,339.7,228.8,352.0,0.165,0
1267,42.2756,208.2,335.0,232.5,352.0,0.1847,0
1268,42.3089,212.6,339.2,239.8,352.0,0.1311,0
1269,42.3423,,,,,,
1270,42.3757,226.9,331.1,252.8,352.0,0.4437,0
1271,42.409,231.3,327.0,251.9,352.0,0.2126,0
1272,42.4424,231.0,328.9,253.8,352.0,0.1553,0
1273,42.4758,231.3,341.0,253.8,352.0,0.1187,0
1274,42.5091,,,,,,
1275,42.5425,,,,,,
1276,42.5759,,,,,,
1277,42.6092,,,,,,
1278,42.6426,,,,,,
1279,42.676,,,,,,
1280,42.7093,,,,,,
1281,42.7427,,,,,,
1282,42.7761,,,,,,
1283,42.8094,,,,,,
1284,42.8428,,,,,,
1285,42.8762,,,,,,
1286,42.9095,,,,,,
1287,42.9429,258.6,325.6,277.3,351.7,0.2002,0
1287,42.9429,257.9,324.3,277.9,351.4,0.1057,0
1288,42.9763,260.0,329.9,277.7,351.7,0.4022,0
1289,43.0096,259.1,329.7,275.4,351.3,0.2592,0
1290,43.043,256.2,327.0,274.0,351.7,0.4674,0
1291,43.0764,256.7,325.2,275.8,350.6,0.3342,0
1291,43.0764,257.3,325.8,275.4,351.2,0.1598,0
1292,43.1097,258.6,323.2,278.7,350.6,0.4423,0
1293,43.1431,257.5,322.9,278.6,351.0,0.302,0
1294,43.1765,257.9,323.2,277.7,351.8,0.2208,0
1295,43.2098,258.4,323.2,279.3,351.9,0.3378,0
1296,43.2432,257.2,325.2,278.7,352.0,0.1519,0
1297,43.2766,255.0,327.0,276.7,352.0,0.2177,0
1298,43.3099,254.1,329.8,276.5,352.0,0.1036,0
1299,43.3433,253.5,330.1,275.3,352.0,0.2356,0
1300,43.3767,,,,,,
1301,43.41,,,,,,
1302,43.4434,,,,,,
1303,43.4768,259.8,331.3,285.1,352.0,0.2957,0
1304,43.5101,262.2,333.5,282.9,352.0,0.6162,0
1305,43.5435,261.7,334.3,282.8,352.0,0.6559,0
1306,43.5769,262.6,335.6,283.4,352.0,0.7348,0
1306,43.5769,0.0,0.0,192.3,106.9,0.2213,1
1307,43.6102,262.5,335.8,283.1,352.0,0.7397,0
1307,43.6102,0.0,0.0,193.1,107.7,0.1525,1
1308,43.6436,262.5,334.5,282.0,352.0,0.7348,0
1308,43.6436,0.0,0.0,193.3,108.4,0.1008,1
1309,43.677,262.9,329.7,280.5,351.8,0.7095,0
1310,43.7103,262.7,329.1,279.8,351.7,0.6015,0
1311,43.7437,262.1,323.8,279.8,349.2,0.3948,0
1311,43.7437,261.5,324.1,279.2,350.0,0.2554,0
1312,43.7771,260.4,324.9,278.9,348.9,0.1457,0
1312,43.7771,261.1,325.6,278.3,351.1,0.1185,0
1313,43.8104,261.0,323.0,278.6,350.8,0.2678,0
1313,43.8104,261.4,322.4,280.4,350.9,0.128,0
1314,43.8438,261.1,321.4,282.9,351.6,0.4391,0
1315,43.8772,261.4,321.2,283.4,351.9,0.3393,0
1316,43.9105,260.5,322.1,284.2,352.0,0.3993,0
1317,43.9439,260.7,322.5,283.5,352.0,0.475,0
1318,43.9773,261.1,322.9,284.4,352.0,0.416,0
1319,44.0106,256.6,328.3,280.6,351.9,0.2033,0
1319,44.0106,258.1,327.8,281.7,352.0,0.1143,0
1320,44.044,256.3,328.5,278.9,352.0,0.1976,0
1321,44.0774,,,,,,
1322,44.1107,,,,,,
1323,44.1441,261.3,331.6,276.9,351.3,0.1498,0
1324,44.1775,260.5,330.6,277.8,352.0,0.4037,0
1325,44.2108,259.6,331.2,277.7,351.9,0.4369,0
1326,44.2442,259.6,331.4,277.2,351.6,0.6149,0
1327,44.2776,255.8,330.9,274.6,351.9,0.3552,0
1328,44.3109,251.9,327.2,271.5,351.6,0.1243,0
1329,44.3443,250.0,326.4,269.7,351.0,0.2115,0
1329,44.3443,249.4,325.7,270.2,350.7,0.1066,0
1330,44.3777,248.7,328.2,268.3,351.4,0.3578,0
1331,44.411,251.8,322.8,273.2,351.5,0.4616,0
1332,44.4444,261.9,312.9,280.8,350.8,0.292,0
1332,44.4444,261.9,312.7,280.2,348.9,0.1864,0
1333,44.4778,265.2,309.4,283.3,343.7,0.7857,0
1334,44.5111,261.9,309.8,281.0,346.1,0.4967,0
1335,44.5445,254.2,312.5,273.4,346.1,0.2587,0
1336,44.5779,253.5,313.9,270.0,347.6,0.1908,0
1337,44.6112,253.2,314.0,270.9,347.7,0.1238,0
1338,44.6446,252.3,313.9,270.2,348.4,0.1483,0
1339,44.678,364.1,0.5,640.0,112.8,0.158,1
1340,44.7113,,,,,,
1341,44.7447,257.6,321.5,276.8,350.6,0.1753,0
1342,44.7781,260.8,320.6,277.7,349.3,0.1041,0
1343,44.8114,263.1,319.3,282.0,345.5,0.4646,0
1343,44.8114,263.0,318.9,282.4,342.2,0.2334,0
1344,44.8448,265.7,314.7,286.2,346.3,0.6602,0
1345,44.8782,269.6,311.9,288.4,347.3,0.7658,0
1346,44.9115,270.3,311.4,290.1,346.3,0.8022,0
1347,44.9449,271.5,309.3,291.6,345.2,0.8014,0
1348,44.9783,271.2,311.9,290.7,345.7,0.8076,0
1349,45.0116,273.2,314.6,293.1,344.5,0.7331,0
1350,45.045,279.6,312.6,296.8,338.2,0.626,0
1351,45.0784,281.0,317.7,300.2,350.3,0.7263,0
1352,45.1117,279.6,319.9,301.2,351.4,0.7273,0
1353,45.1451,279.3,320.6,300.5,351.4,0.7158,0
1354,45.1785,277.7,321.7,299.0,351.7,0.5268,0
1355,45.2118,278.1,322.7,298.7,351.6,0.5565,0
1356,45.2452,278.6,321.0,297.3,351.3,0.6332,0
1357,45.2786,277.5,322.2,293.2,350.3,0.2529,0
1357,45.2786,277.8,321.7,297.4,350.8,0.1472,0
1358,45.3119,277.1,322.5,293.2,350.9,0.2956,0
1359,45.3453,275.1,320.2,292.8,351.0,0.2563,0
1360,45.3787,270.0,321.8,292.5,351.6,0.2609,0
1360,45.3787,270.0,320.9,302.4,352.0,0.1227,0
1360,45.3787,266.5,322.8,310.4,352.0,0.1042,0
1361,45.412,270.4,321.2,289.2,350.5,0.3047,0
1362,45.4454,269.0,321.4,287.2,349.7,0.2966,0
1363,45.4788,268.0,323.2,286.5,348.5,0.2773,0
1364,45.5121,270.0,322.5,286.3,345.4,0.2444,0
1365,45.5455,272.0,319.6,288.2,347.0,0.1998,0
1366,45.5789,270.4,321.3,290.1,350.4,0.2366,0
1366,45.5789,270.2,321.6,290.8,352.0,0.149,0
1367,45.6122,271.9,320.8,291.9,350.2,0.2988,0
1367,45.6122,272.1,321.5,292.3,351.7,0.2074,0
1368,45.6456,,,,,,
1369,45.679,,,,,,
1370,45.7123,274.7,316.1,294.0,350.1,0.2654,0
1371,45.7457,276.5,312.6,297.3,351.6,0.2577,0
1371,45.7457,270.2,314.2,325.9,351.9,0.118,0
1372,45.7791,278.4,308.7,297.2,346.6,0.7562,0
1373,45.8124,276.7,304.2,296.0,342.6,0.6922,0
1374,45.8458,275.5,301.2,294.1,338.2,0.5891,0
1375,45.8792,,,,,,
1376,45.9125,,,,,,
1377,45.9459,,,,,,
1378,45.9793,287.9,297.0,304.6,338.8,0.2328,0
1378,45.9793,287.4,297.5,305.2,337.5,0.1105,0
1379,46.0126,287.5,307.8,304.5,342.2,0.5014,0
1380,46.046,284.0,309.6,303.6,344.9,0.4645,0
1381,46.0794,279.4,318.6,299.2,351.1,0.4386,0
1382,46.1127,,,,,,
1383,46.1461,266.3,321.5,289.8,350.3,0.2429,0
1384,46.1795,260.4,321.2,279.4,341.6,0.1085,0
1385,46.2128,,,,,,
1386,46.2462,247.4,322.0,269.6,349.1,0.1688,0
1387,46.2796,244.8,324.3,263.7,348.5,0.1205,0
1388,46.3129,,,,,,
1389,46.3463,,,,,,
1390,46.3797,240.3,322.6,259.2,351.0,0.1667,0
1391,46.413,236.4,320.9,257.7,351.9,0.5411,0
1392,46.4464,235.8,317.8,258.7,351.5,0.1718,0
1393,46.4798,240.4,315.0,258.0,351.1,0.2141,0
1394,46.5131,241.7,315.8,261.0,351.1,0.2656,0
1394,46.5131,242.2,315.1,266.9,352.0,0.1303,0
1395,46.5465,243.2,319.4,261.0,351.2,0.2733,0
1395,46.5465,243.7,318.6,265.8,352.0,0.2176,0
1396,46.5799,243.3,320.0,262.3,350.6,0.2739,0
1397,46.6132,,,,,,
1398,46.6466,,,,,,
1399,46.68,247.3,320.0,266.1,350.6,0.1431,0
1400,46.7133,248.2,318.4,267.0,350.7,0.1885,0
1401,46.7467,246.7,317.2,267.0,349.8,0.3917,0
1402,46.7801,245.9,320.0,264.4,348.2,0.1499,0
1402,46.7801,245.6,320.1,263.5,347.7,0.1022,0
1403,46.8134,245.5,322.5,263.3,346.4,0.152,0
1404,46.8468,242.4,321.8,262.9,346.9,0.3172,0
1405,46.8802,243.2,321.1,263.0,348.8,0.3044,0
1406,46.9135,245.2,321.0,264.5,349.5,0.1789,0
1406,46.9135,244.5,321.4,263.6,348.5,0.1716,0
1407,46.9469,244.7,317.8,265.7,350.5,0.3335,0
1408,46.9803,246.3,317.6,265.7,350.4,0.4775,0
1409,47.0136,245.8,314.5,266.1,350.4,0.3635,0
1410,47.047,245.6,314.7,266.8,351.2,0.354,0
1411,47.0804,247.0,319.9,269.2,351.4,0.4477,0
1412,47.1137,246.3,320.8,269.5,351.5,0.1402,0
1413,47.1471,,,,,,
1414,47.1805,244.2,321.0,270.9,352.0,0.183,0
1415,47.2138,244.1,321.0,267.7,351.8,0.1617,0
1415,47.2138,243.7,321.7,263.6,351.6,0.1074,0
1416,47.2472,,,,,,
1417,47.2806,245.7,321.3,269.6,352.0,0.3772,0
1417,47.2806,243.3,321.5,293.9,352.0,0.1148,0
1418,47.3139,247.2,321.5,267.3,351.9,0.2873,0
1419,47.3473,248.3,323.0,267.8,349.4,0.1449,0
1419,47.3473,248.7,323.0,267.1,351.9,0.1254,0
1420,47.3807,250.4,324.0,267.6,343.7,0.2695,0
1421,47.414,250.1,324.0,270.3,347.7,0.4367,0
1422,47.4474,249.6,322.4,269.1,345.4,0.4918,0
1423,47.4808,249.1,322.7,267.0,343.2,0.3367,0
1424,47.5141,247.6,322.0,265.6,343.8,0.4095,0
1424,47.5141,0.0,0.1,183.2,94.2,0.1475,1
1425,47.5475,248.1,319.9,265.4,342.0,0.2583,0
1425,47.5475,248.1,317.5,266.3,340.4,0.2058,0
1425,47.5475,0.0,0.1,183.6,94.6,0.1327,1
1426,47.5809,247.3,321.4,264.1,340.8,0.3571,0
1426,47.5809,0.0,0.0,172.1,96.8,0.172,1
1426,47.5809,247.3,317.7,265.1,339.6,0.1083,0
1427,47.6142,246.6,320.4,263.2,346.8,0.4383,0
1427,47.6142,245.9,320.8,263.3,347.7,0.2162,0
1428,47.6476,247.1,320.9,264.2,349.8,0.3603,0
1429,47.681,243.7,322.4,268.0,352.0,0.1663,0
1430,47.7143,244.0,324.8,266.0,352.0,0.1287,0
1431,47.7477,243.8,325.4,269.5,352.0,0.226,0
1432,47.7811,244.8,322.0,269.8,352.0,0.2212,0
1433,47.8144,,,,,,
1434,47.8478,252.5,318.7,270.8,351.4,0.1444,0
1435,47.8812,254.5,314.9,274.9,351.6,0.2935,0
1435,47.8812,252.5,316.2,294.0,352.0,0.1067,0
1436,47.9145,254.1,315.0,277.1,352.0,0.2441,0
1437,47.9479,,,,,,
1438,47.9813,255.8,314.8,277.6,351.9,0.1946,0
1438,47.9813,254.0,315.1,291.8,352.0,0.1077,0
1438,47.9813,250.1,316.4,313.7,351.9,0.1065,0
1439,48.0146,256.6,315.7,276.2,351.5,0.3475,0
1440,48.048,257.2,315.3,274.9,350.3,0.1271,0
1441,48.0814,256.2,314.8,273.8,348.8,0.5122,0
1441,48.0814,256.4,314.6,273.8,346.8,0.1421,0
1442,48.1147,257.3,315.8,274.7,345.3,0.516,0
1442,48.1147,257.2,315.9,274.7,347.4,0.2137,0
1443,48.1481,258.1,315.2,275.8,343.0,0.5764,0
1444,48.1815,257.4,312.3,275.8,342.5,0.6936,0
1445,48.2148,,,,,,
1446,48.2482,,,,,,
1447,48.2816,,,,,,
1448,48.3149,,,,,,
1449,48.3483,,,,,,
1450,48.3817,,,,,,
1451,48.415,261.9,314.5,277.4,335.5,0.3549,0
1452,48.4484,263.1,313.4,278.0,335.6,0.2735,0
1452,48.4484,264.4,313.5,278.0,335.4,0.1469,0
1453,48.4818,,,,,,
1454,48.5151,,,,,,
1455,48.5485,,,,,,
1456,48.5819,,,,,,
1457,48.6152,,,,,,
1458,48.6486,278.5,302.6,296.1,336.2,0.134,0
1459,48.682,279.7,302.0,301.8,335.2,0.5999,0
1460,48.7153,282.0,299.8,303.6,330.9,0.443,0
1460,48.7153,282.1,300.1,303.1,332.3,0.1067,0
1461,48.7487,284.1,296.6,304.9,331.1,0.4935,0
1462,48.7821,285.7,297.1,305.8,331.1,0.6778,0
1463,48.8154,286.2,297.2,306.3,330.2,0.6946,0
1464,48.8488,285.8,296.3,306.7,331.5,0.5735,0
1465,48.8822,286.7,298.5,305.6,332.4,0.2962,0
1465,48.8822,286.7,298.6,306.2,331.6,0.2432,0
1466,48.9155,286.0,296.6,305.9,331.8,0.6889,0
1467,48.9489,285.9,295.6,305.0,331.6,0.4754,0
1468,48.9823,285.0,295.2,304.2,331.4,0.6409,0
1469,49.0156,283.4,292.8,303.8,330.3,0.7874,0
1470,49.049,281.5,290.5,301.2,327.5,0.7684,0
1471,49.0824,279.2,286.7,299.3,322.5,0.8424,0
1472,49.1157,278.8,285.3,298.4,320.4,0.8304,0
1473,49.1491,279.5,285.9,298.7,320.4,0.816,0
1474,49.1825,278.6,288.0,298.6,323.6,0.8446,0
1475,49.2158,277.6,288.7,299.6,326.7,0.6696,0
1476,49.2492,276.8,294.2,297.2,329.0,0.7838,0
1477,49.2826,278.1,298.6,297.5,330.2,0.6823,0
1478,49.3159,278.5,299.9,298.3,333.1,0.4892,0
1479,49.3493,278.6,300.6,298.8,334.4,0.7281,0
1480,49.3827,278.5,302.0,298.9,334.2,0.7114,0
1481,49.416,278.7,298.1,298.6,332.1,0.4866,0
1481,49.416,278.7,298.0,298.5,333.3,0.4331,0
1482,49.4494,279.9,299.1,299.7,333.1,0.6286,0
1483,49.4828,279.0,296.6,298.4,326.5,0.7004,0
1484,49.5161,278.1,291.3,298.8,325.9,0.7441,0
1485,49.5495,278.7,290.0,296.5,316.1,0.3,0
1486,49.5829,,,,,,
1487,49.6162,,,,,,
1488,49.6496,,,,,,
1489,49.683,,,,,,
1490,49.7163,,,,,,
1491,49.7497,,,,,,
1492,49.7831,,,,,,
1493,49.8164,,,,,,
1494,49.8498,,,,,,
1495,49.8832,,,,,,
1496,49.9165,236.4,286.5,254.7,319.0,0.2806,0
1497,49.9499,232.3,286.2,251.6,316.9,0.2053,0
1498,49.9833,231.5,290.3,249.0,316.4,0.2457,0
1499,50.0166,228.7,290.9,248.6,320.8,0.1517,0
1500,50.05,221.5,291.4,243.5,322.9,0.2961,0
1500,50.05,221.8,292.5,242.8,325.7,0.1093,0
1501,50.0834,217.2,293.3,238.7,329.4,0.5541,0
1502,50.1167,216.5,293.0,238.4,327.6,0.5507,0
1503,50.1501,214.3,293.7,236.1,329.2,0.3233,0
1504,50.1835,213.6,291.9,233.6,329.6,0.5694,0
1505,50.2168,213.8,294.3,230.7,328.1,0.1142,0
1506,50.2502,211.9,291.7,231.2,327.6,0.1922,0
1506,50.2502,212.6,290.9,232.0,328.9,0.1525,0
1507,50.2836,210.7,294.7,231.2,329.8,0.5271,0
1507,50.2836,211.3,294.1,231.9,331.3,0.1336,0
1508,50.3169,212.5,294.3,232.6,332.7,0.2457,0
1509,50.3503,212.4,295.8,232.9,336.8,0.4874,0
1510,50.3837,211.0,299.2,231.3,336.9,0.6442,0
1510,50.3837,211.5,298.7,231.7,337.9,0.1009,0
1511,50.417,,,,,,
1512,50.4504,,,,,,
1513,50.4838,218.7,313.5,242.0,347.8,0.3218,0
1513,50.4838,219.4,316.0,242.0,347.5,0.1403,0
1514,50.5171,215.6,310.9,233.4,344.9,0.3845,0
1515,50.5505,211.2,306.9,229.4,338.5,0.4673,0
1515,50.5505,211.2,307.4,229.1,339.0,0.1481,0
1516,50.5839,201.1,301.9,224.5,340.3,0.6032,0
1517,50.6172,184.3,314.1,211.8,351.4,0.6807,0
1517,50.6172,175.8,314.2,213.6,352.0,0.2767,0
1518,50.6506,174.2,334.3,196.2,352.0,0.5058,0
1519,50.684,,,,,,
1520,50.7173,,,,,,
1521,50.7507,184.3,314.3,200.6,352.0,0.6195,0
1522,50.7841,187.1,296.4,205.5,336.3,0.6262,0
1523,50.8174,189.3,280.7,204.8,318.1,0.501,0
1524,50.8508,,,,,,
1525,50.8842,159.1,3.4,525.7,329.7,0.3224,1
1525,50.8842,185.8,232.2,207.1,299.5,0.3046,0
1525,50.8842,185.1,232.4,205.5,278.8,0.1056,0
1526,50.9175,191.4,216.9,207.8,256.6,0.2914,0
1527,50.9509,,,,,,
1528,50.9843,,,,,,
1529,51.0176,,,,,,
1530,51.051,,,,,,
1531,51.0844,,,,,,
1532,51.1177,206.3,163.7,229.1,228.6,0.2176,0
1533,51.1511,,,,,,
1534,51.1845,219.1,125.7,237.6,163.4,0.2339,0
1535,51.2178,218.0,119.0,237.5,150.7,0.2613,0
1536,51.2512,214.6,126.5,231.1,160.0,0.1614,0
1537,51.2846,205.4,140.0,225.9,179.2,0.7291,0
1537,51.2846,466.7,103.8,482.0,125.9,0.5247,0
1538,51.3179,191.2,156.8,215.2,196.6,0.7672,0
1539,51.3513,178.6,187.3,201.7,224.1,0.7193,0
1540,51.3847,167.7,213.1,188.7,242.0,0.4526,0
1541,51.418,158.5,215.0,178.0,245.9,0.3148,0
1542,51.4514,153.6,204.4,170.9,237.3,0.2492,0
1543,51.4848,149.2,202.2,164.7,227.7,0.2367,0
1544,51.5181,,,,,,
1545,51.5515,,,,,,
1546,51.5849,,,,,,
1547,51.6182,,,,,,
1548,51.6516,110.1,254.5,126.3,289.9,0.124,0
1549,51.685,169.0,0.0,632.4,352.0,0.3775,1
1550,51.7183,,,,,,
1551,51.7517,107.6,262.9,124.0,290.3,0.1331,0
1552,51.7851,106.6,257.3,123.0,289.7,0.2299,0
1553,51.8184,,,,,,
1554,51.8518,107.2,247.1,127.9,279.6,0.414,0
1555,51.8852,118.4,235.8,138.8,271.9,0.5354,0
1555,51.8852,377.9,208.9,395.1,231.1,0.4067,0
1556,51.9185,128.7,215.4,148.9,253.4,0.3968,0
1556,51.9185,128.9,215.5,149.5,255.2,0.1251,0
1556,51.9185,388.4,188.4,404.2,211.3,0.1155,0
1557,51.9519,136.4,206.0,153.9,240.8,0.6889,0
1558,51.9853,131.5,212.5,151.5,246.5,0.4971,0
1559,52.0186,124.2,221.6,142.4,253.0,0.5949,0
1560,52.052,383.0,203.8,395.3,214.3,0.2477,0
1560,52.052,118.8,226.6,135.9,261.9,0.2275,0
1561,52.0854,117.9,210.6,134.8,253.1,0.4539,0
1561,52.0854,117.9,211.2,134.7,251.9,0.2434,0
1562,52.1187,120.2,202.4,134.2,239.2,0.4716,0
1563,52.1521,121.0,200.1,134.5,230.8,0.3325,0
1564,52.1855,,,,,,
1565,52.2188,,,,,,
1566,52.2522,,,,,,
1567,52.2856,,,,,,
1568,52.3189,121.1,291.4,141.1,337.1,0.1173,0
1569,52.3523,126.4,318.7,141.3,339.1,0.5104,0
1570,52.3857,,,,,,
1571,52.419,135.7,308.9,153.8,344.7,0.6702,0
1572,52.4524,136.2,311.9,153.9,343.9,0.622,0
1573,52.4858,137.7,306.2,158.2,340.4,0.6893,0
1573,52.4858,276.9,0.0,640.0,352.0,0.3557,1
1574,52.5191,140.8,300.0,161.9,336.8,0.6747,0
1574,52.5191,271.6,0.0,639.7,352.0,0.1977,1
1575,52.5525,142.5,303.7,161.3,343.1,0.4945,0
1575,52.5525,142.1,302.6,161.6,341.9,0.2228,0
1576,52.5859,142.1,316.9,162.7,351.5,0.4955,0
1577,52.6192,145.2,320.0,165.7,347.0,0.2161,0
1578,52.6526,150.8,316.3,172.1,346.1,0.239,0
1578,52.6526,151.2,317.4,171.8,348.9,0.1623,0
1579,52.686,151.0,317.0,173.7,350.3,0.3855,0
1580,52.7193,150.6,318.6,172.1,350.4,0.2528,0
1581,52.7527,152.3,316.4,173.9,351.3,0.1837,0
1582,52.7861,150.1,318.7,173.2,351.1,0.1769,0
1583,52.8194,148.5,313.1,165.5,347.5,0.7347,0
1584,52.8528,146.1,308.8,162.5,339.7,0.3062,0
1585,52.8862,136.3,304.5,156.8,342.5,0.1,0
1586,52.9195,131.6,299.7,149.0,340.3,0.7205,0
1587,52.9529,130.4,287.9,148.1,330.8,0.4125,0
1588,52.9863,,,,,,
1589,53.0196,,,,,,
1590,53.053,127.1,285.1,145.5,319.8,0.3765,0
1591,53.0864,132.8,278.9,150.9,310.9,0.2642,0
1591,53.0864,133.0,278.8,151.2,312.2,0.2408,0
1592,53.1197,135.0,276.2,154.1,309.3,0.5425,0
1593,53.1531,135.9,276.5,153.3,305.8,0.2563,0
1594,53.1865,136.1,269.9,153.5,304.5,0.4583,0
1595,53.2198,137.7,257.4,156.2,295.8,0.4984,0
1596,53.2532,138.6,247.1,158.8,283.3,0.2043,0
1597,53.2866,143.9,239.8,160.2,274.8,0.7564,0
1598,53.3199,408.7,230.5,419.6,247.3,0.2181,0
1598,53.3199,143.7,242.6,160.9,281.8,0.2031,0
1599,53.3533,405.1,241.7,416.2,253.5,0.3719,0
1599,53.3533,137.8,251.1,158.3,278.4,0.1742,0
1600,53.3867,135.0,250.5,151.5,287.6,0.6041,0
1601,53.42,133.2,236.0,151.5,278.7,0.255,0
1602,53.4534,124.6,239.4,144.7,275.5,0.5283,0
1603,53.4868,114.5,252.7,133.7,288.2,0.2208,0
1604,53.5201,,,,,,
1605,53.5535,102.8,254.2,118.3,287.5,0.1709,0
1605,53.5535,103.1,253.8,119.0,288.0,0.1101,0
1606,53.5869,,,,,,
1607,53.6202,,,,,,
1608,53.6536,,,,,,
1609,53.687,92.1,257.6,109.9,297.9,0.3489,0
1610,53.7203,90.0,251.3,110.2,290.4,0.6717,0
1611,53.7537,88.5,254.9,108.7,294.8,0.6282,0
1611,53.7537,88.7,253.9,109.0,293.8,0.1999,0
1612,53.7871,344.5,259.3,365.8,278.9,0.2835,0
1612,53.7871,79.0,270.7,104.6,299.8,0.2439,0
1612,53.7871,79.7,270.5,103.8,294.4,0.2023,0
1613,53.8204,62.7,276.7,87.5,295.5,0.5713,0
1614,53.8538,56.6,269.8,74.2,304.0,0.351,0
1615,53.8872,49.9,259.0,71.1,294.4,0.365,0
1616,53.9205,40.4,250.6,62.4,271.9,0.4487,0
1617,53.9539,,,,,,
1618,53.9873,26.5,235.8,46.5,272.8,0.8183,0
1619,54.0206,33.3,216.2,49.8,259.9,0.5735,0
1620,54.054,37.1,198.6,55.5,238.8,0.3894,0
1621,54.0874,95.1,0.2,617.1,340.1,0.693,1
1622,54.1207,,,,,,
1623,54.1541,,,,,,
1624,54.1875,45.0,199.8,62.9,230.4,0.1626,0
1625,54.2208,38.9,217.0,52.7,241.5,0.2102,0
1626,54.2542,40.7,206.5,61.2,240.6,0.2578,0
1627,54.2876,,,,,,
1628,54.3209,,,,,,
1629,54.3543,85.6,160.3,109.2,227.8,0.1749,0
1630,54.3877,,,,,,
1631,54.421,101.6,264.9,125.7,318.8,0.7355,0
1631,54.421,101.5,264.9,125.5,312.4,0.5699,0
1632,54.4544,118.9,295.2,147.1,311.9,0.3372,0
1632,54.4544,119.2,296.1,147.5,314.6,0.1084,0
1633,54.4878,,,,,,
1634,54.5211,418.4,263.5,441.8,278.3,0.1275,0
1635,54.5545,,,,,,
1636,54.5879,191.8,268.9,215.6,285.9,0.1258,0
1637,54.6212,,,,,,
1638,54.6546,215.8,265.5,235.9,290.5,0.2946,0
1639,54.688,,,,,,
1640,54.7213,,,,,,
1641,54.7547,239.4,261.0,254.6,296.6,0.3163,0
1641,54.7547,239.4,261.9,253.8,295.4,0.1071,0
1642,54.7881,237.0,269.9,253.9,305.5,0.2217,0
1643,54.8214,234.2,272.5,251.4,306.4,0.3031,0
1644,54.8548,,,,,,
1645,54.8882,,,,,,
1646,54.9215,,,,,,
1647,54.9549,,,,,,
1648,54.9883,273.1,281.1,289.6,319.8,0.1357,0
1649,55.0216,266.0,294.8,286.7,333.6,0.6803,0
1650,55.055,261.7,311.1,278.2,339.2,0.5089,0
1651,55.0884,257.4,298.7,277.2,335.0,0.6601,0
1652,55.1217,253.7,296.2,271.4,317.2,0.1597,0
1653,55.1551,242.6,300.9,264.4,337.8,0.4849,0
1654,55.1885,234.8,313.1,256.3,349.7,0.2058,0
1654,55.1885,234.2,312.4,256.5,351.3,0.1423,0
1655,55.2218,231.0,323.0,248.9,349.9,0.5413,0
1656,55.2552,234.2,319.5,257.2,350.5,0.4392,0
1657,55.2886,244.0,308.6,261.1,343.4,0.424,0
1658,55.3219,239.2,310.2,258.4,342.4,0.592,0
1659,55.3553,245.9,303.1,264.9,339.1,0.5329,0
1660,55.3887,248.7,301.6,268.0,340.3,0.5093,0
1661,55.422,250.8,307.4,269.6,345.7,0.7434,0
1662,55.4554,255.7,305.0,271.7,343.8,0.6387,0
1663,55.4888,254.5,297.2,272.8,334.8,0.1956,0
1664,55.5221,243.0,311.6,262.0,341.2,0.211,0
1664,55.5221,242.9,305.7,262.4,339.2,0.1088,0
1665,55.5555,234.1,308.8,250.2,345.6,0.3259,0
1666,55.5889,234.1,307.3,254.4,343.7,0.5264,0
1667,55.6222,247.8,310.6,268.5,336.9,0.3136,0
1668,55.6556,255.4,308.8,274.4,342.0,0.758,0
1669,55.689,258.9,317.5,274.7,350.9,0.7549,0
1669,55.689,523.1,295.2,534.9,316.9,0.2696,0
1669,55.689,175.2,83.9,603.7,329.5,0.145,1
1669,55.689,151.1,0.0,606.7,322.7,0.1197,1
1670,55.7223,253.7,329.5,272.4,352.0,0.3436,0
1670,55.7223,521.5,311.4,532.1,327.8,0.1511,0
1671,55.7557,254.8,331.9,275.5,351.8,0.3726,0
1672,55.7891,261.2,331.0,281.8,352.0,0.2304,0
1673,55.8224,260.6,340.5,283.4,352.0,0.2396,0
1673,55.8224,256.7,340.7,284.0,352.0,0.1019,0
1674,55.8558,524.9,333.2,538.4,349.5,0.1731,0
1675,55.8892,,,,,,
1676,55.9225,,,,,,
1677,55.9559,,,,,,
1678,55.9893,,,,,,
1679,56.0226,,,,,,
1680,56.056,,,,,,
1681,56.0894,,,,,,
1682,56.1227,196.4,0.0,271.1,90.9,0.1218,1
1683,56.1561,,,,,,
1684,56.1895,,,,,,
1685,56.2228,,,,,,
1686,56.2562,227.2,129.5,609.5,277.5,0.2476,1
1687,56.2896,301.8,328.5,317.7,351.6,0.1622,0
1688,56.3229,292.0,324.9,313.6,351.6,0.3813,0
1688,56.3229,293.2,328.8,313.1,351.7,0.3586,0
1689,56.3563,273.7,339.8,304.5,352.0,0.3388,0
1690,56.3897,529.4,322.8,548.8,339.7,0.2789,0
1691,56.423,519.8,334.6,539.5,349.3,0.2458,0
1692,56.4564,,,,,,
1693,56.4898,,,,,,
1694,56.5231,,,,,,
1695,56.5565,,,,,,
1696,56.5899,37.8,1.5,336.7,308.7,0.2555,1
1697,56.6232,,,,,,
1698,56.6566,,,,,,
1699,56.69,,,,,,
1700,56.7233,,,,,,
1701,56.7567,,,,,,
1702,56.7901,,,,,,
1703,56.8234,,,,,,
1704,56.8568,,,,,,
1705,56.8902,,,,,,
1706,56.9235,,,,,,
1707,56.9569,,,,,,
1708,56.9903,,,,,,
1709,57.0236,,,,,,
1710,57.057,,,,,,
1711,57.0904,,,,,,
1712,57.1237,,,,,,
1713,57.1571,,,,,,
1714,57.1905,,,,,,
1715,57.2238,,,,,,
1716,57.2572,,,,,,
1717,57.2906,,,,,,
1718,57.3239,,,,,,
1719,57.3573,,,,,,
1720,57.3907,,,,,,
1721,57.424,,,,,,
1722,57.4574,,,,,,
1723,57.4908,,,,,,
1724,57.5241,,,,,,
1725,57.5575,,,,,,
1726,57.5909,,,,,,
1727,57.6242,,,,,,
1728,57.6576,,,,,,
1729,57.691,,,,,,
1730,57.7243,,,,,,
1731,57.7577,,,,,,
1732,57.7911,,,,,,
1733,57.8244,,,,,,
1734,57.8578,,,,,,
1735,57.8912,,,,,,
1736,57.9245,,,,,,
1737,57.9579,,,,,,
1738,57.9913,,,,,,
1739,58.0246,,,,,,
1740,58.058,,,,,,
1741,58.0914,,,,,,
1742,58.1247,,,,,,
1743,58.1581,,,,,,
1744,58.1915,,,,,,
1745,58.2248,,,,,,
1746,58.2582,,,,,,
1747,58.2916,,,,,,
1748,58.3249,,,,,,
1749,58.3583,,,,,,
1750,58.3917,,,,,,
1751,58.425,,,,,,
1752,58.4584,,,,,,
1753,58.4918,,,,,,
1754,58.5251,,,,,,
1755,58.5585,,,,,,
1756,58.5919,,,,,,
1757,58.6252,,,,,,
1758,58.6586,,,,,,
1759,58.692,,,,,,
1760,58.7253,,,,,,
1761,58.7587,,,,,,
1762,58.7921,,,,,,
1763,58.8254,,,,,,
1764,58.8588,,,,,,
1765,58.8922,,,,,,
1766,58.9255,,,,,,
1767,58.9589,206.3,340.0,230.8,352.0,0.163,0
1768,58.9923,205.8,339.7,230.8,352.0,0.2653,0
1769,59.0256,205.7,339.8,229.2,352.0,0.2055,0
1769,59.0256,205.1,336.7,228.8,352.0,0.1853,0
1769,59.0256,201.9,340.3,227.8,352.0,0.1105,0
1770,59.059,204.4,335.7,227.5,352.0,0.6658,0
1771,59.0924,203.7,335.1,226.9,352.0,0.5837,0
1772,59.1257,205.2,331.1,228.3,352.0,0.4691,0
1772,59.1257,189.1,331.9,231.8,352.0,0.103,0
1773,59.1591,209.8,328.8,229.4,352.0,0.4053,0
1774,59.1925,208.2,323.5,229.4,352.0,0.2971,0
1775,59.2258,212.8,318.2,232.0,352.0,0.3805,0
1775,59.2258,200.5,318.4,231.9,351.9,0.1254,0
1776,59.2592,216.4,313.0,236.6,351.7,0.2003,0
1777,59.2926,222.4,308.9,240.0,349.1,0.2279,0
1778,59.3259,225.7,308.2,239.8,341.1,0.3422,0
1778,59.3259,224.7,304.1,240.7,341.2,0.1192,0
1779,59.3593,220.3,294.8,238.4,334.8,0.3989,0
1779,59.3593,220.9,296.1,238.0,334.9,0.1916,0
1780,59.3927,220.4,291.8,237.8,327.3,0.3544,0
1781,59.426,216.6,290.0,234.4,320.0,0.2744,0
1781,59.426,216.9,294.4,234.0,321.0,0.1236,0
1782,59.4594,,,,,,
1783,59.4928,,,,,,
1784,59.5261,204.6,281.5,222.3,311.4,0.1111,0
1785,59.5595,201.9,274.1,219.2,309.2,0.2941,0
1786,59.5929,200.8,267.0,218.8,296.8,0.3613,0
1786,59.5929,200.5,267.2,218.8,298.7,0.2099,0
1787,59.6262,,,,,,
1788,59.6596,,,,,,
1789,59.693,186.7,263.0,206.6,295.6,0.1678,0
1790,59.7263,,,,,,
1791,59.7597,181.8,265.3,199.9,301.6,0.1914,0
1792,59.7931,177.8,276.6,193.2,305.8,0.4045,0
1793,59.8264,175.4,271.2,192.7,306.5,0.2558,0
1794,59.8598,176.2,267.4,193.8,305.1,0.3012,0
1795,59.8932,,,,,,
1796,59.9265,178.2,267.1,195.6,303.5,0.2192,0
1797,59.9599,180.8,266.3,200.4,306.1,0.1129,0
1798,59.9933,,,,,,
1799,60.0266,,,,,,
1800,60.06,185.7,280.5,204.7,310.6,0.1523,0
1801,60.0934,188.2,274.9,206.7,311.8,0.1739,0
1802,60.1267,186.9,279.4,206.5,311.4,0.5173,0
1803,60.1601,186.9,278.7,207.0,310.8,0.4696,0
1803,60.1601,187.2,278.5,207.3,311.9,0.1242,0
1804,60.1935,188.1,279.8,207.8,315.0,0.7485,0
1804,60.1935,454.8,277.2,464.7,286.5,0.1113,0
1805,60.2268,186.6,284.6,207.8,321.6,0.5377,0
1805,60.2268,186.3,284.5,207.5,320.5,0.1083,0
1806,60.2602,185.9,288.8,208.5,323.8,0.6693,0
1807,60.2936,187.2,289.8,208.7,322.9,0.6398,0
1807,60.2936,186.8,290.0,208.4,324.8,0.2895,0
1808,60.3269,187.8,290.6,208.9,324.5,0.7597,0
1808,60.3269,187.5,290.7,208.4,325.8,0.1217,0
1809,60.3603,187.5,291.2,208.7,324.9,0.7026,0
1809,60.3603,187.3,291.5,208.1,326.1,0.1779,0
1810,60.3937,186.3,293.0,207.3,326.7,0.6821,0
1811,60.427,186.2,293.2,206.6,327.8,0.7912,0
1812,60.4604,186.3,297.7,206.3,330.6,0.8198,0
1813,60.4938,185.9,297.8,206.4,333.0,0.7402,0
1814,60.5271,185.0,298.1,205.8,332.7,0.7266,0
1814,60.5271,184.7,297.9,205.7,333.1,0.245,0
1815,60.5605,184.7,293.9,206.0,332.2,0.7637,0
1816,60.5939,183.9,294.4,204.2,330.2,0.7582,0
1817,60.6272,184.1,292.3,205.1,328.2,0.7698,0
1818,60.6606,184.0,291.9,203.6,326.6,0.8172,0
1819,60.694,184.2,292.3,204.8,327.9,0.7782,0
1820,60.7273,185.3,293.0,205.7,327.5,0.7064,0
1821,60.7607,188.4,294.0,207.7,329.4,0.752,0
1822,60.7941,188.8,296.6,207.5,331.2,0.5838,0
1822,60.7941,188.5,297.6,207.4,332.8,0.1983,0
1823,60.8274,191.7,300.2,210.0,325.4,0.2977,0
1824,60.8608,195.1,300.4,214.5,334.1,0.2565,0
1825,60.8942,199.0,303.3,217.3,330.5,0.173,0
1826,60.9275,201.5,302.9,221.9,323.5,0.3398,0
1826,60.9275,202.1,304.5,221.6,324.2,0.1055,0
1827,60.9609,208.4,306.7,228.6,328.4,0.4009,0
1828,60.9943,216.9,309.7,239.4,333.4,0.4229,0
1828,60.9943,217.4,311.7,239.0,334.0,0.2427,0
1829,61.0276,229.0,315.3,246.8,338.8,0.2892,0
1830,61.061,234.8,320.8,255.9,347.0,0.2601,0
1830,61.061,235.0,319.9,256.6,348.9,0.1715,0
1831,61.0944,,,,,,
1832,61.1277,,,,,,
1833,61.1611,,,,,,
1834,61.1945,,,,,,
1835,61.2278,,,,,,
1836,61.2612,,,,,,
1837,61.2946,,,,,,
1838,61.3279,,,,,,
1839,61.3613,,,,,,
1840,61.3947,,,,,,
1841,61.428,327.2,340.4,350.8,352.0,0.2212,0
1842,61.4614,330.8,341.4,364.1,352.0,0.1299,0
1843,61.4948,339.7,339.8,369.4,352.0,0.1856,0
1843,61.4948,343.4,339.4,369.4,352.0,0.1048,0
1844,61.5281,358.5,331.7,383.2,351.3,0.5276,0
1845,61.5615,,,,,,
1846,61.5949,,,,,,
1847,61.6282,388.4,332.1,412.4,348.9,0.1472,0
1848,61.6616,398.3,333.9,423.4,351.9,0.4501,0
1849,61.695,198.9,1.7,633.8,340.2,0.8513,1
1849,61.695,403.3,341.1,434.6,352.0,0.1574,0
1850,61.7283,,,,,,
1851,61.7617,,,,,,
1852,61.7951,,,,,,
1853,61.8284,,,,,,
1854,61.8618,,,,,,
1855,61.8952,,,,,,
1856,61.9285,,,,,,
1857,61.9619,,,,,,
1858,61.9953,,,,,,
1859,62.0286,,,,,,
1860,62.062,529.0,338.9,559.1,352.0,0.2087,0
1861,62.0954,545.3,331.5,569.4,351.7,0.2156,0
1861,62.0954,512.7,330.3,571.3,351.8,0.1161,0
1861,62.0954,545.0,331.9,568.4,351.4,0.1079,0
1862,62.1287,557.3,326.3,584.0,349.9,0.5347,0
1862,62.1287,556.8,325.5,584.3,348.7,0.2718,0
1863,62.1621,573.5,317.2,601.3,339.6,0.4095,0
1864,62.1955,590.1,309.9,612.7,337.9,0.4492,0
1865,62.2288,600.0,306.8,617.0,324.0,0.1373,0
1866,62.2622,,,,,,
1867,62.2956,608.6,322.0,626.9,351.5,0.2662,0
1868,62.3289,606.6,330.2,624.2,351.8,0.1964,0
1868,62.3289,604.5,330.1,623.5,352.0,0.1113,0
1869,62.3623,603.4,341.6,621.9,352.0,0.1565,0
1869,62.3623,605.8,341.4,623.4,352.0,0.1136,0
1870,62.3957,,,,,,
1871,62.429,,,,,,
1872,62.4624,,,,,,
1873,62.4958,,,,,,
1874,62.5291,,,,,,
1875,62.5625,,,,,,
1876,62.5959,,,,,,
1877,62.6292,,,,,,
1878,62.6626,,,,,,
1879,62.696,,,,,,
1880,62.7293,,,,,,
1881,62.7627,,,,,,
1882,62.7961,,,,,,
1883,62.8294,,,,,,
1884,62.8628,,,,,,
1885,62.8962,,,,,,
1886,62.9295,,,,,,
1887,62.9629,,,,,,
1888,62.9963,,,,,,
1889,63.0296,,,,,,
1890,63.063,,,,,,
1891,63.0964,,,,,,
1892,63.1297,,,,,,
1893,63.1631,,,,,,
1894,63.1965,,,,,,
1895,63.2298,,,,,,
1896,63.2632,,,,,,
1897,63.2966,,,,,,
1898,63.3299,,,,,,
1899,63.3633,,,,,,
1900,63.3967,,,,,,
1901,63.43,,,,,,
1902,63.4634,,,,,,
1903,63.4968,,,,,,
1904,63.5301,,,,,,
1905,63.5635,,,,,,
1906,63.5969,,,,,,
1907,63.6302,,,,,,
1908,63.6636,,,,,,
1909,63.697,,,,,,
1910,63.7303,,,,,,
1911,63.7637,,,,,,
1912,63.7971,,,,,,
1913,63.8304,,,,,,
1914,63.8638,,,,,,
1915,63.8972,,,,,,
1916,63.9305,,,,,,
1917,63.9639,,,,,,
1918,63.9973,,,,,,
1919,64.0306,,,,,,
1920,64.064,,,,,,
1921,64.0974,1.6,0.5,307.8,282.7,0.1942,1
1922,64.1307,178.5,1.1,613.7,152.0,0.1439,1
1923,64.1641,,,,,,
1924,64.1975,189.4,0.7,610.6,168.3,0.1292,1
1925,64.2308,,,,,,
1926,64.2642,,,,,,
1927,64.2976,,,,,,
1928,64.3309,,,,,,
1929,64.3643,,,,,,
1930,64.3977,,,,,,
1931,64.431,,,,,,
1932,64.4644,,,,,,
1933,64.4978,,,,,,
1934,64.5311,,,,,,
1935,64.5645,,,,,,
1936,64.5979,,,,,,
1937,64.6312,132.8,1.0,587.4,154.2,0.1268,1
1938,64.6646,118.6,0.9,598.2,157.0,0.226,1
1939,64.698,141.0,1.1,605.8,154.7,0.1948,1
1940,64.7313,,,,,,
1941,64.7647,,,,,,
1942,64.7981,,,,,,
1943,64.8314,,,,,,
1944,64.8648,,,,,,
1945,64.8982,,,,,,
1946,64.9315,,,,,,
1947,64.9649,,,,,,
1948,64.9983,,,,,,
1949,65.0316,,,,,,
1950,65.065,,,,,,
1951,65.0984,,,,,,
1952,65.1317,,,,,,
1953,65.1651,,,,,,
1954,65.1985,,,,,,
1955,65.2318,,,,,,
1956,65.2652,,,,,,
1957,65.2986,,,,,,
1958,65.3319,,,,,,
1959,65.3653,,,,,,
1960,65.3987,,,,,,
1961,65.432,469.4,347.6,501.9,352.0,0.1019,0
1962,65.4654,475.4,344.5,497.3,352.0,0.113,0
1963,65.4988,,,,,,
1964,65.5321,,,,,,
1965,65.5655,,,,,,
1966,65.5989,,,,,,
1967,65.6322,,,,,,
1968,65.6656,,,,,,
1969,65.699,,,,,,
1970,65.7323,,,,,,
1971,65.7657,,,,,,
1972,65.7991,,,,,,
1973,65.8324,,,,,,
1974,65.8658,,,,,,
1975,65.8992,210.0,344.1,233.5,352.0,0.1189,0
1976,65.9325,212.4,342.0,238.1,352.0,0.1364,0
1976,65.9325,208.8,342.8,234.5,352.0,0.1227,0
1977,65.9659,212.3,341.7,237.8,352.0,0.1401,0
1977,65.9659,208.2,342.5,235.0,352.0,0.1042,0
1978,65.9993,209.9,342.7,239.1,352.0,0.1303,0
1979,66.0326,209.3,341.9,241.9,352.0,0.1572,0
1980,66.066,478.5,336.0,492.2,344.2,0.2715,0
1980,66.066,211.3,340.5,238.7,352.0,0.1913,0
1980,66.066,208.5,341.9,234.3,352.0,0.1689,0
1981,66.0994,212.3,337.0,238.1,352.0,0.6334,0
1982,66.1327,212.8,337.1,236.7,352.0,0.4804,0
1982,66.1327,213.2,338.5,237.5,352.0,0.1673,0
1983,66.1661,213.6,336.3,238.1,352.0,0.5967,0
1984,66.1995,212.2,335.8,237.4,352.0,0.6704,0
1985,66.2328,213.3,339.8,239.4,352.0,0.1708,0
1986,66.2662,212.6,339.6,241.4,352.0,0.1205,0
1987,66.2996,,,,,,
1988,66.3329,,,,,,
1989,66.3663,,,,,,
1990,66.3997,,,,,,
1991,66.433,,,,,,
1992,66.4664,,,,,,
1993,66.4998,,,,,,
1994,66.5331,,,,,,
1995,66.5665,,,,,,
1996,66.5999,,,,,,
1997,66.6332,,,,,,
1998,66.6666,,,,,,
1999,66.7,,,,,,
2000,66.7333,212.3,343.3,240.7,352.0,0.1129,0
2001,66.7667,,,,,,
2002,66.8001,211.3,342.9,236.5,352.0,0.149,0
2003,66.8334,204.8,344.6,235.5,352.0,0.149,0
2004,66.8668,,,,,,
2005,66.9002,,,,,,
2006,66.9335,,,,,,
2007,66.9669,,,,,,
2008,67.0003,,,,,,
2009,67.0336,200.8,316.8,223.0,352.0,0.1885,0
2010,67.067,203.4,310.6,221.9,351.8,0.4551,0
2011,67.1004,,,,,,
2012,67.1337,193.4,307.8,210.8,345.9,0.7226,0
2013,67.1671,,,,,,
2014,67.2005,193.1,318.2,212.8,340.5,0.5392,0
2015,67.2338,198.1,313.8,216.3,337.6,0.3714,0
2016,67.2672,178.4,319.4,207.6,345.3,0.7675,0
2016,67.2672,441.4,301.3,471.4,317.6,0.1834,0
2017,67.3006,149.4,334.2,185.6,352.0,0.1945,0
2017,67.3006,140.6,334.2,200.9,352.0,0.1086,0
2018,67.3339,390.3,331.6,422.6,351.0,0.2242,0
2019,67.3673,,,,,,
2020,67.4007,,,,,,
2021,67.434,,,,,,
2022,67.4674,,,,,,
2023,67.5008,,,,,,
2024,67.5341,,,,,,
2025,67.5675,,,,,,
2026,67.6009,,,,,,
2027,67.6342,,,,,,
2028,67.6676,,,,,,
2029,67.701,561.6,57.6,590.0,74.6,0.3911,0
2030,67.7343,,,,,,
2031,67.7677,,,,,,
2032,67.8011,,,,,,
2033,67.8344,,,,,,
2034,67.8678,,,,,,
2035,67.9012,,,,,,
2036,67.9345,,,,,,
2037,67.9679,,,,,,
2038,68.0013,,,,,,
2039,68.0346,,,,,,
2040,68.068,534.6,60.7,548.1,72.0,0.1983,0
2041,68.1014,,,,,,
2042,68.1347,,,,,,
2043,68.1681,,,,,,
2044,68.2015,,,,,,
2045,68.2348,,,,,,
2046,68.2682,628.4,174.9,639.8,197.7,0.177,0
2047,68.3016,558.9,84.6,571.5,99.6,0.4346,0
2048,68.3349,552.1,92.3,567.6,110.0,0.6933,0
2049,68.3683,539.1,103.4,559.2,123.6,0.4814,0
2049,68.3683,539.2,103.3,559.4,123.4,0.3961,0
2050,68.4017,532.3,117.3,547.9,136.8,0.6634,0
2051,68.435,526.4,128.5,541.6,148.3,0.3373,0
2051,68.435,526.9,129.4,541.1,148.1,0.2249,0
2052,68.4684,520.2,141.7,535.1,159.1,0.6249,0
2052,68.4684,520.1,141.5,534.8,159.2,0.2419,0
2053,68.5018,,,,,,
2054,68.5351,,,,,,
2055,68.5685,518.1,144.8,532.0,158.2,0.101,0
2056,68.6019,,,,,,
2057,68.6352,,,,,,
2058,68.6686,,,,,,
2059,68.702,,,,,,
2060,68.7353,,,,,,
2061,68.7687,543.9,149.4,556.2,159.4,0.3454,0
2062,68.8021,546.2,145.1,560.8,158.8,0.5444,0
2063,68.8354,551.5,137.3,567.5,152.7,0.4295,0
2063,68.8354,551.1,136.8,567.6,152.8,0.1416,0
2064,68.8688,557.7,135.1,570.8,146.9,0.2718,0
2065,68.9022,560.5,135.6,573.9,146.6,0.1871,0
2066,68.9355,,,,,,
2067,68.9689,567.3,127.2,580.5,141.6,0.6599,0
2068,69.0023,,,,,,
2069,69.0356,,,,,,
2070,69.069,,,,,,
2071,69.1024,576.3,96.5,587.6,110.6,0.4322,0
2072,69.1357,,,,,,
2073,69.1691,565.1,96.0,581.8,109.7,0.3687,0
2074,69.2025,557.8,100.1,570.5,110.5,0.1437,0
2075,69.2358,558.4,86.9,574.2,106.4,0.2812,0
2076,69.2692,566.8,73.8,579.6,92.4,0.1433,0
2077,69.3026,215.2,2.8,618.9,352.0,0.4902,1
2078,69.3359,,,,,,
2079,69.3693,,,,,,
2080,69.4027,574.4,84.5,584.7,97.2,0.1299,0
2081,69.436,,,,,,
2082,69.4694,574.8,89.3,587.2,100.2,0.1331,0
2083,69.5028,576.1,88.0,588.2,98.8,0.109,0
2084,69.5361,576.0,86.6,586.7,96.6,0.2125,0
2085,69.5695,,,,,,
2086,69.6029,,,,,,
2087,69.6362,,,,,,
2088,69.6696,,,,,,
2089,69.703,,,,,,
2090,69.7363,,,,,,
2091,69.7697,,,,,,
2092,69.8031,,,,,,
2093,69.8364,,,,,,
2094,69.8698,,,,,,
2095,69.9032,,,,,,
2096,69.9365,,,,,,
2097,69.9699,,,,,,
2098,70.0033,,,,,,
2099,70.0366,545.0,87.5,557.3,103.8,0.1868,0
2100,70.07,545.9,98.8,557.0,111.5,0.2173,0
2101,70.1034,549.3,105.0,563.2,117.9,0.4554,0
2102,70.1367,552.4,109.5,564.2,118.6,0.5474,0
2103,70.1701,554.6,109.3,567.7,120.1,0.1574,0
2104,70.2035,,,,,,
2105,70.2368,,,,,,
2106,70.2702,568.3,104.3,581.6,116.3,0.1456,0
2107,70.3036,574.3,102.0,584.6,111.0,0.1431,0
2108,70.3369,,,,,,
2109,70.3703,579.7,96.6,593.9,108.3,0.1876,0
2110,70.4037,,,,,,
2111,70.437,598.5,87.4,617.6,103.1,0.3496,0
2112,70.4704,307.4,327.3,337.3,342.0,0.2696,0
2112,70.4704,32.7,334.7,75.3,352.0,0.2268,0
2112,70.4704,24.6,334.2,77.7,352.0,0.1417,0
2113,70.5038,63.1,323.9,93.7,350.3,0.7721,0
2113,70.5038,331.0,319.2,357.1,334.2,0.4009,0
2114,70.5371,81.0,313.8,107.8,340.7,0.7215,0
2114,70.5371,350.0,307.7,370.3,324.1,0.1161,0
2115,70.5705,94.5,304.6,118.6,332.5,0.7016,0
2115,70.5705,362.3,298.5,383.0,314.8,0.5226,0
2116,70.6039,104.9,294.3,127.2,329.6,0.7735,0
2116,70.6039,373.1,286.8,386.8,303.8,0.2956,0
2117,70.6372,111.6,283.3,133.4,314.3,0.7244,0
2118,70.6706,119.9,283.2,136.0,311.2,0.5646,0
2118,70.6706,119.7,283.2,136.0,314.1,0.1769,0
2119,70.704,120.1,281.3,138.5,313.5,0.8084,0
2120,70.7373,120.6,282.9,140.3,314.6,0.7824,0
2121,70.7707,123.7,277.8,142.4,313.7,0.4573,0
2122,70.8041,,,,,,
2123,70.8374,126.9,282.3,144.5,317.0,0.383,0
2124,70.8708,128.1,283.6,145.9,318.7,0.6443,0
2125,70.9042,127.5,285.6,144.0,321.2,0.6903,0
2126,70.9375,122.0,290.7,141.2,326.3,0.4245,0
2126,70.9375,121.8,290.3,141.4,325.6,0.1014,0
2127,70.9709,118.3,293.3,138.0,331.7,0.4271,0
2128,71.0043,114.0,300.7,133.7,335.8,0.6342,0
2129,71.0376,113.0,301.4,132.1,336.3,0.2364,0
2130,71.071,106.9,304.2,129.2,334.8,0.3378,0
2131,71.1044,103.2,305.9,122.6,331.4,0.2347,0
2132,71.1377,98.5,302.7,119.5,335.1,0.2732,0
2133,71.1711,93.8,303.5,116.0,337.7,0.5947,0
2134,71.2045,89.5,308.3,113.0,343.5,0.7812,0
2135,71.2378,90.5,311.2,112.3,345.3,0.6432,0
2136,71.2712,95.3,310.7,115.2,339.4,0.5586,0
2137,71.3046,104.3,307.6,121.7,338.6,0.5553,0
2137,71.3046,104.0,305.8,121.9,337.8,0.1609,0
2138,71.3379,,,,,,
2139,71.3713,113.5,299.9,129.2,337.7,0.4592,0
2140,71.4047,111.7,309.2,127.6,346.7,0.6041,0
2140,71.4047,111.7,313.9,127.0,347.3,0.2784,0
2141,71.438,106.0,313.5,129.9,352.0,0.2811,0
2141,71.438,105.5,314.0,128.0,351.7,0.1492,0
2141,71.438,98.7,315.0,131.5,352.0,0.1489,0
2142,71.4714,,,,,,
2143,71.5048,,,,,,
2144,71.5381,,,,,,
2145,71.5715,,,,,,
2146,71.6049,,,,,,
2147,71.6382,,,,,,
2148,71.6716,,,,,,
2149,71.705,115.2,322.4,133.9,350.3,0.3181,0
2150,71.7383,117.3,314.9,135.8,350.1,0.4084,0
2150,71.7383,117.6,314.7,135.8,347.5,0.217,0
2151,71.7717,118.0,309.7,137.2,345.6,0.7296,0
2152,71.8051,117.0,308.3,136.7,341.8,0.3818,0
2152,71.8051,117.2,307.5,137.4,337.7,0.2533,0
2153,71.8384,111.7,308.3,132.6,344.9,0.7568,0
2154,71.8718,108.6,312.6,131.2,346.7,0.5619,0
2155,71.9052,107.7,315.4,131.0,351.4,0.1807,0
2156,71.9385,105.9,318.0,128.3,350.2,0.242,0
2157,71.9719,106.7,318.8,131.6,351.5,0.5633,0
2158,72.0053,107.2,317.1,131.9,351.8,0.4146,0
2158,72.0053,100.3,318.0,134.2,352.0,0.1171,0
2159,72.0386,107.6,312.5,132.1,351.7,0.1804,0
2159,72.0386,106.0,313.6,148.3,352.0,0.117,0
2160,72.072,109.1,311.5,133.5,352.0,0.3216,0
2160,72.072,107.3,312.7,145.2,352.0,0.1327,0
2161,72.1054,110.0,314.0,132.1,352.0,0.4195,0
2161,72.1054,99.5,315.1,136.0,352.0,0.111,0
2161,72.1054,107.2,314.9,147.2,352.0,0.1089,0
2162,72.1387,111.1,314.5,135.6,352.0,0.2342,0
2162,72.1387,108.2,315.2,146.9,352.0,0.1032,0
2163,72.1721,111.7,312.9,136.2,351.8,0.2295,0
2163,72.1721,111.3,312.2,138.8,352.0,0.1044,0
2163,72.1721,108.0,313.3,145.0,352.0,0.1027,0
2164,72.2055,113.5,312.3,138.2,352.0,0.2536,0
2165,72.2388,114.2,318.1,134.6,351.2,0.2549,0
2166,72.2722,,,,,,
2167,72.3056,112.9,322.4,134.4,351.3,0.1859,0
2168,72.3389,112.1,327.0,135.3,352.0,0.1063,0
2169,72.3723,111.8,330.2,136.7,352.0,0.2441,0
2169,72.3723,111.5,329.6,138.3,352.0,0.1281,0
2170,72.4057,114.0,332.9,139.7,352.0,0.4346,0
2171,72.439,116.2,339.7,141.6,352.0,0.3115,0
2171,72.439,115.6,336.6,142.1,352.0,0.1919,0
2172,72.4724,117.0,342.4,143.8,352.0,0.2795,0
2173,72.5058,118.0,336.3,144.1,352.0,0.2722,0
2173,72.5058,118.2,339.9,144.0,352.0,0.1423,0
2174,72.5391,119.7,339.7,142.4,352.0,0.2229,0
2174,72.5391,119.5,335.9,143.0,352.0,0.2091,0
2175,72.5725,118.9,335.6,143.4,352.0,0.2739,0
2175,72.5725,119.1,340.2,143.1,352.0,0.2382,0
2176,72.6059,117.6,340.1,142.8,352.0,0.2637,0
2177,72.6392,118.1,331.0,143.0,352.0,0.2873,0
2178,72.6726,,,,,,
2179,72.706,,,,,,
2180,72.7393,,,,,,
2181,72.7727,,,,,,
2182,72.8061,,,,,,
2183,72.8394,,,,,,
2184,72.8728,,,,,,
2185,72.9062,113.8,340.2,136.6,352.0,0.1357,0
2185,72.9062,117.0,340.3,137.4,352.0,0.1124,0
2186,72.9395,114.6,337.0,136.1,352.0,0.2448,0
2186,72.9395,113.4,339.1,136.2,352.0,0.2336,0
2187,72.9729,114.9,335.7,136.7,352.0,0.3119,0
2187,72.9729,115.9,334.9,138.4,352.0,0.1577,0
2187,72.9729,114.0,338.3,136.9,352.0,0.1276,0
2187,72.9729,116.7,337.9,139.0,352.0,0.101,0
2188,73.0063,114.8,334.3,134.7,352.0,0.4362,0
2189,73.0396,114.8,333.6,133.9,352.0,0.457,0
2190,73.073,114.4,333.1,133.3,351.9,0.4968,0
2191,73.1064,113.0,333.8,133.8,352.0,0.5297,0
2192,73.1397,111.3,335.3,132.1,352.0,0.6546,0
2192,73.1397,102.7,335.6,148.6,352.0,0.1056,0
2193,73.1731,112.0,336.3,132.4,352.0,0.2992,0
2193,73.1731,111.8,337.6,132.1,352.0,0.2584,0
2194,73.2065,113.3,335.2,134.8,352.0,0.3693,0
2194,73.2065,113.3,338.4,134.7,352.0,0.1379,0
2195,73.2398,113.3,333.5,134.1,352.0,0.4387,0
2196,73.2732,112.7,332.2,135.9,352.0,0.4137,0
2196,73.2732,113.7,331.2,137.5,352.0,0.105,0
2197,73.3066,,,,,,
2198,73.3399,,,,,,
2199,73.3733,,,,,,
2200,73.4067,,,,,,
2201,73.44,,,,,,
2202,73.4734,,,,,,
2203,73.5068,,,,,,
2204,73.5401,112.7,329.9,132.2,351.6,0.1875,0
2205,73.5735,111.2,333.6,131.1,351.8,0.1816,0
2206,73.6069,102.9,331.3,128.5,351.9,0.1514,0
2207,73.6402,,,,,,
2208,73.6736,102.4,330.2,122.9,351.3,0.1986,0
2209,73.707,96.4,332.8,117.7,351.8,0.5314,0
2210,73.7403,89.6,340.0,111.1,352.0,0.1569,0
2210,73.7403,88.3,334.6,111.7,352.0,0.1209,0
2211,73.7737,81.3,334.1,109.3,352.0,0.2225,0
2211,73.7737,82.6,339.8,109.1,352.0,0.1456,0
2212,73.8071,72.3,335.9,104.8,352.0,0.1774,0
2213,73.8404,64.5,341.2,97.8,352.0,0.1321,0
2214,73.8738,,,,,,
2215,73.9072,,,,,,
2216,73.9405,,,,,,
2217,73.9739,,,,,,
2218,74.0073,,,,,,
2219,74.0406,,,,,,
2220,74.074,,,,,,
2221,74.1074,,,,,,
2222,74.1407,,,,,,
2223,74.1741,,,,,,
2224,74.2075,,,,,,
2225,74.2408,,,,,,
2226,74.2742,45.2,339.0,75.4,352.0,0.1557,0
2227,74.3076,43.2,332.8,68.9,352.0,0.2594,0
2228,74.3409,42.9,324.7,65.2,352.0,0.1235,0
2229,74.3743,,,,,,
2230,74.4077,40.1,316.3,62.8,351.5,0.1763,0
2231,74.441,39.6,314.8,62.1,350.8,0.2657,0
2232,74.4744,41.7,309.3,63.4,347.4,0.4505,0
2233,74.5078,41.4,308.3,62.5,346.6,0.7748,0
2233,74.5078,0.0,0.0,119.4,253.4,0.2013,1
2234,74.5411,40.9,311.1,61.0,346.6,0.8456,0
2235,74.5745,41.4,311.0,62.5,348.6,0.7956,0
2236,74.6079,43.8,313.4,63.1,350.6,0.1135,0
2237,74.6412,44.1,311.1,64.4,348.6,0.3673,0
2238,74.6746,,,,,,
2239,74.708,49.4,307.4,68.6,343.0,0.3673,0
2240,74.7413,,,,,,
2241,74.7747,54.3,306.0,74.1,343.8,0.181,0
2242,74.8081,57.1,311.5,78.0,343.1,0.5534,0
2243,74.8414,,,,,,
2244,74.8748,63.1,307.5,83.8,343.5,0.3452,0
2245,74.9082,64.7,306.6,85.6,342.9,0.4701,0
2246,74.9415,66.1,310.5,86.8,342.5,0.2487,0
2247,74.9749,67.8,310.5,87.6,341.5,0.1647,0
2247,74.9749,68.1,310.1,88.2,342.1,0.1319,0
2247,74.9749,68.0,308.4,89.0,341.1,0.1285,0
2248,75.0083,68.7,312.8,89.2,342.2,0.3851,0
2249,75.0416,67.3,314.2,89.8,347.8,0.1923,0
2250,75.075,67.8,320.8,87.2,347.6,0.1233,0
2251,75.1084,67.0,319.6,90.2,351.1,0.1173,0
2252,75.1417,,,,,,
2253,75.1751,67.2,322.1,89.9,352.0,0.495,0
2254,75.2085,68.0,323.8,93.5,352.0,0.5625,0
2255,75.2418,67.9,324.4,94.5,352.0,0.6047,0
2256,75.2752,66.9,327.9,93.6,352.0,0.5587,0
2257,75.3086,68.9,324.1,95.1,352.0,0.314,0
2258,75.3419,69.3,325.8,94.6,352.0,0.2105,0
2259,75.3753,68.4,327.6,95.3,352.0,0.1311,0
2260,75.4087,,,,,,
2261,75.442,,,,,,
2262,75.4754,75.0,330.8,100.6,352.0,0.3695,0
2262,75.4754,350.1,326.1,362.1,335.6,0.107,0
2263,75.5088,75.4,335.0,100.8,352.0,0.5456,0
2264,75.5421,77.0,334.4,99.8,352.0,0.7166,0
2264,75.5421,350.9,327.8,361.3,336.6,0.1618,0
2265,75.5755,76.7,336.0,101.7,352.0,0.3088,0
2265,75.5755,76.7,338.6,102.1,352.0,0.2077,0
2266,75.6089,76.7,335.1,102.8,352.0,0.5735,0
2267,75.6422,76.8,335.3,102.9,352.0,0.5479,0
2268,75.6756,78.1,332.2,102.1,352.0,0.541,0
2269,75.709,81.8,332.5,101.4,352.0,0.6675,0
2270,75.7423,81.4,331.9,102.8,352.0,0.6412,0
2271,75.7757,78.6,333.6,105.7,352.0,0.4734,0
2272,75.8091,79.9,334.7,105.6,352.0,0.3195,0
2272,75.8091,81.8,334.4,106.7,352.0,0.2331,0
2273,75.8424,82.4,335.2,107.8,352.0,0.2568,0
2274,75.8758,,,,,,
2275,75.9092,,,,,,
2276,75.9425,,,,,,
2277,75.9759,83.9,332.0,107.5,352.0,0.1247,0
2278,76.0093,,,,,,
2279,76.0426,,,,,,
2280,76.076,,,,,,
2281,76.1094,80.9,331.7,102.1,351.9,0.1312,0
2281,76.1094,81.8,340.6,101.0,352.0,0.1192,0
2282,76.1427,80.8,336.0,102.8,352.0,0.3928,0
2282,76.1427,80.6,339.5,102.2,352.0,0.2782,0
2283,76.1761,78.7,336.2,104.2,352.0,0.5036,0
2283,76.1761,78.4,338.8,104.2,352.0,0.1138,0
2283,76.1761,353.3,327.7,364.9,336.5,0.1058,0
2284,76.2095,78.5,339.4,106.2,352.0,0.2947,0
2284,76.2095,353.2,329.4,365.1,339.2,0.143,0
2285,76.2428,76.9,340.6,108.2,352.0,0.2758,0
2285,76.2428,354.2,330.9,364.9,341.0,0.1476,0
2285,76.2428,353.7,330.4,365.0,340.6,0.1304,0
2286,76.2762,,,,,,
2287,76.3096,,,,,,
2288,76.3429,,,,,,
2289,76.3763,,,,,,
2290,76.4097,356.2,337.9,368.9,347.4,0.2075,0
2291,76.443,354.1,338.8,376.9,351.4,0.1376,0
2292,76.4764,,,,,,
2293,76.5098,,,,,,
2294,76.5431,,,,,,
2295,76.5765,,,,,,
2296,76.6099,,,,,,
2297,76.6432,,,,,,
2298,76.6766,,,,,,
2299,76.71,,,,,,
2300,76.7433,,,,,,
2301,76.7767,,,,,,
2302,76.8101,,,,,,
2303,76.8434,,,,,,
2304,76.8768,,,,,,
2305,76.9102,,,,,,
2306,76.9435,,,,,,
2307,76.9769,,,,,,
2308,77.0103,622.0,112.1,630.8,122.8,0.1168,0
2309,77.0436,,,,,,
2310,77.077,352.7,341.2,373.0,351.8,0.1001,0
2311,77.1104,,,,,,
2312,77.1437,,,,,,
2313,77.1771,,,,,,
2314,77.2105,,,,,,
2315,77.2438,,,,,,
2316,77.2772,,,,,,
2317,77.3106,,,,,,
2318,77.3439,,,,,,
2319,77.3773,,,,,,
2320,77.4107,,,,,,
2321,77.444,,,,,,
2322,77.4774,352.0,343.6,372.0,352.0,0.1875,0
2323,77.5108,351.4,343.8,371.7,352.0,0.146,0
2324,77.5441,351.6,343.7,376.9,352.0,0.1715,0
2325,77.5775,352.7,341.8,374.1,352.0,0.1714,0
2326,77.6109,,,,,,
2327,77.6442,355.6,338.7,368.3,347.4,0.1415,0
2328,77.6776,,,,,,
2329,77.711,,,,,,
2330,77.7443,,,,,,
2331,77.7777,,,,,,
2332,77.8111,,,,,,
2333,77.8444,,,,,,
2334,77.8778,,,,,,
2335,77.9112,,,,,,
2336,77.9445,,,,,,
2337,77.9779,,,,,,
2338,78.0113,,,,,,
2339,78.0446,,,,,,
2340,78.078,,,,,,
2341,78.1114,,,,,,
2342,78.1447,,,,,,
2343,78.1781,,,,,,
2344,78.2115,351.4,344.5,371.0,352.0,0.1452,0
2344,78.2115,349.3,344.5,368.8,351.9,0.1142,0
2345,78.2448,351.0,345.8,371.9,352.0,0.1304,0
2346,78.2782,349.3,347.0,374.0,352.0,0.1202,0
2347,78.3116,,,,,,
2348,78.3449,,,,,,
2349,78.3783,,,,,,
2350,78.4117,,,,,,
2351,78.445,,,,,,
2352,78.4784,,,,,,
2353,78.5118,367.7,257.4,399.1,274.9,0.3148,0
2354,78.5451,,,,,,
2355,78.5785,,,,,,
2356,78.6119,,,,,,
2357,78.6452,,,,,,
2358,78.6786,,,,,,
2359,78.712,,,,,,
2360,78.7453,616.9,113.0,627.9,124.5,0.1314,0
2360,78.7453,348.2,345.0,374.6,352.0,0.1058,0
2360,78.7453,337.4,322.7,371.8,351.2,0.104,0
2361,78.7787,341.9,346.7,372.0,352.0,0.1255,0
2361,78.7787,371.0,259.4,397.8,278.4,0.1056,0
2362,78.8121,343.5,346.4,371.3,351.9,0.1004,0
2363,78.8454,,,,,,
2364,78.8788,,,,,,
2365,78.9122,341.5,347.4,368.9,352.0,0.1983,0
2366,78.9455,341.2,347.7,369.2,352.0,0.169,0
2367,78.9789,,,,,,
2368,79.0123,,,,,,
2369,79.0456,,,,,,
2370,79.079,,,,,,
2371,79.1124,,,,,,
2372,79.1457,,,,,,
2373,79.1791,,,,,,
2374,79.2125,,,,,,
2375,79.2458,,,,,,
2376,79.2792,,,,,,
2377,79.3126,,,,,,
2378,79.3459,,,,,,
2379,79.3793,,,,,,
2380,79.4127,,,,,,
2381,79.446,,,,,,
2382,79.4794,,,,,,
2383,79.5128,,,,,,
2384,79.5461,,,,,,
2385,79.5795,,,,,,
2386,79.6129,,,,,,
2387,79.6462,,,,,,
2388,79.6796,,,,,,
2389,79.713,609.9,119.4,619.9,128.4,0.102,0
2390,79.7463,,,,,,
2391,79.7797,,,,,,
2392,79.8131,,,,,,
2393,79.8464,,,,,,
2394,79.8798,,,,,,
2395,79.9132,,,,,,
2396,79.9465,,,,,,
2397,79.9799,,,,,,
2398,80.0133,327.5,0.3,638.1,195.8,0.1016,1
2399,80.0466,,,,,,
2400,80.08,,,,,,
2401,80.1134,,,,,,
2402,80.1467,,,,,,
2403,80.1801,,,,,,
2404,80.2135,,,,,,
2405,80.2468,345.2,0.2,638.8,183.6,0.1842,1
2406,80.2802,309.3,0.0,638.7,184.4,0.1085,1
2407,80.3136,,,,,,
2408,80.3469,,,,,,
2409,80.3803,344.4,0.4,639.1,186.6,0.1187,1
2410,80.4137,,,,,,
2411,80.447,,,,,,
2412,80.4804,,,,,,
2413,80.5138,,,,,,
2414,80.5471,,,,,,
2415,80.5805,,,,,,
2416,80.6139,,,,,,
2417,80.6472,,,,,,
2418,80.6806,,,,,,
2419,80.714,,,,,,
2420,80.7473,,,,,,
2421,80.7807,,,,,,
2422,80.8141,,,,,,
2423,80.8474,,,,,,
2424,80.8808,,,,,,
2425,80.9142,,,,,,
2426,80.9475,,,,,,
2427,80.9809,,,,,,
2428,81.0143,,,,,,
2429,81.0476,,,,,,
2430,81.081,,,,,,
2431,81.1144,,,,,,
2432,81.1477,,,,,,
2433,81.1811,,,,,,
2434,81.2145,,,,,,
2435,81.2478,,,,,,
2436,81.2812,,,,,,
2437,81.3146,,,,,,
2438,81.3479,,,,,,
2439,81.3813,,,,,,
2440,81.4147,,,,,,
2441,81.448,,,,,,
2442,81.4814,,,,,,
2443,81.5148,,,,,,
2444,81.5481,,,,,,
2445,81.5815,,,,,,
2446,81.6149,,,,,,
2447,81.6482,,,,,,
2448,81.6816,,,,,,
2449,81.715,,,,,,
2450,81.7483,,,,,,
2451,81.7817,,,,,,
2452,81.8151,,,,,,
2453,81.8484,,,,,,
2454,81.8818,606.9,120.7,616.1,131.6,0.1076,0
2455,81.9152,,,,,,
2456,81.9485,607.2,120.4,615.8,129.8,0.1103,0
2457,81.9819,,,,,,
2458,82.0153,606.4,120.7,615.8,130.4,0.1675,0
2459,82.0486,607.2,120.6,615.8,130.0,0.116,0
2460,82.082,605.9,118.9,615.0,128.8,0.1252,0
2461,82.1154,,,,,,
2462,82.1487,,,,,,
2463,82.1821,,,,,,
2464,82.2155,,,,,,
2465,82.2488,,,,,,
2466,82.2822,,,,,,
2467,82.3156,,,,,,
2468,82.3489,,,,,,
2469,82.3823,,,,,,
2470,82.4157,,,,,,
2471,82.449,,,,,,
2472,82.4824,,,,,,
2473,82.5158,,,,,,
2474,82.5491,,,,,,
2475,82.5825,,,,,,
2476,82.6159,,,,,,
2477,82.6492,,,,,,
2478,82.6826,335.3,347.0,356.6,352.0,0.1183,0
2479,82.716,336.6,345.0,354.1,351.9,0.1869,0
2480,82.7493,337.0,343.4,352.4,352.0,0.1181,0
2481,82.7827,336.5,343.7,353.3,352.0,0.2101,0
2481,82.7827,335.1,344.2,351.0,352.0,0.1352,0
2482,82.8161,,,,,,
2483,82.8494,,,,,,
2484,82.8828,,,,,,
2485,82.9162,,,,,,
2486,82.9495,,,,,,
2487,82.9829,,,,,,
2488,83.0163,,,,,,
2489,83.0496,,,,,,
2490,83.083,,,,,,
2491,83.1164,,,,,,
2492,83.1497,,,,,,
2493,83.1831,,,,,,
2494,83.2165,,,,,,
2495,83.2498,,,,,,
2496,83.2832,,,,,,
2497,83.3166,,,,,,
2498,83.3499,,,,,,
2499,83.3833,,,,,,
2500,83.4167,,,,,,
2501,83.45,,,,,,
2502,83.4834,,,,,,
2503,83.5168,,,,,,
2504,83.5501,,,,,,
2505,83.5835,,,,,,
2506,83.6169,340.8,259.3,373.8,277.8,0.1339,0
2507,83.6502,,,,,,
2508,83.6836,,,,,,
2509,83.717,347.9,260.3,371.1,277.8,0.2223,0
2510,83.7503,,,,,,
2511,83.7837,,,,,,
2512,83.8171,,,,,,
2513,83.8504,,,,,,
2514,83.8838,,,,,,
2515,83.9172,,,,,,
2516,83.9505,,,,,,
2517,83.9839,,,,,,
2518,84.0173,,,,,,
2519,84.0506,,,,,,
2520,84.084,,,,,,
2521,84.1174,,,,,,
2522,84.1507,,,,,,
2523,84.1841,,,,,,
2524,84.2175,,,,,,
2525,84.2508,,,,,,
2526,84.2842,,,,,,
2527,84.3176,,,,,,
2528,84.3509,,,,,,
2529,84.3843,,,,,,
2530,84.4177,,,,,,
2531,84.451,,,,,,
2532,84.4844,,,,,,
2533,84.5178,,,,,,
2534,84.5511,,,,,,
2535,84.5845,350.5,270.5,374.8,284.4,0.1333,0
2536,84.6179,,,,,,
2537,84.6512,,,,,,
2538,84.6846,,,,,,
2539,84.718,,,,,,
2540,84.7513,,,,,,
2541,84.7847,,,,,,
2542,84.8181,,,,,,
2543,84.8514,,,,,,
2544,84.8848,,,,,,
2545,84.9182,,,,,,
2546,84.9515,,,,,,
2547,84.9849,,,,,,
2548,85.0183,,,,,,
2549,85.0516,,,,,,
2550,85.085,337.7,346.2,369.7,352.0,0.1146,0
2551,85.1184,,,,,,
2552,85.1517,,,,,,
2553,85.1851,,,,,,
2554,85.2185,,,,,,
2555,85.2518,,,,,,
2556,85.2852,,,,,,
2557,85.3186,,,,,,
2558,85.3519,,,,,,
2559,85.3853,,,,,,
2560,85.4187,,,,,,
2561,85.452,,,,,,
2562,85.4854,,,,,,
2563,85.5188,,,,,,
2564,85.5521,,,,,,
2565,85.5855,,,,,,
2566,85.6189,,,,,,
2567,85.6522,,,,,,
2568,85.6856,,,,,,
2569,85.719,,,,,,
2570,85.7523,,,,,,
2571,85.7857,,,,,,
2572,85.8191,,,,,,
2573,85.8524,,,,,,
2574,85.8858,,,,,,
2575,85.9192,,,,,,
2576,85.9525,,,,,,
2577,85.9859,,,,,,
2578,86.0193,,,,,,
2579,86.0526,,,,,,
2580,86.086,,,,,,
2581,86.1194,,,,,,
2582,86.1527,,,,,,
2583,86.1861,,,,,,
2584,86.2195,,,,,,
2585,86.2528,,,,,,
2586,86.2862,,,,,,
2587,86.3196,,,,,,
2588,86.3529,,,,,,
2589,86.3863,,,,,,
2590,86.4197,,,,,,
2591,86.453,,,,,,
2592,86.4864,,,,,,
2593,86.5198,,,,,,
2594,86.5531,,,,,,
2595,86.5865,,,,,,
2596,86.6199,,,,,,
2597,86.6532,,,,,,
2598,86.6866,,,,,,
2599,86.72,,,,,,
2600,86.7533,,,,,,
2601,86.7867,,,,,,
2602,86.8201,,,,,,
2603,86.8534,,,,,,
2604,86.8868,,,,,,
2605,86.9202,,,,,,
2606,86.9535,,,,,,
2607,86.9869,,,,,,
2608,87.0203,,,,,,
2609,87.0536,,,,,,
2610,87.087,,,,,,
2611,87.1204,,,,,,
2612,87.1537,,,,,,
2613,87.1871,,,,,,
2614,87.2205,,,,,,
2615,87.2538,,,,,,
2616,87.2872,,,,,,
2617,87.3206,,,,,,
2618,87.3539,,,,,,
2619,87.3873,,,,,,
2620,87.4207,,,,,,
2621,87.454,,,,,,
2622,87.4874,,,,,,
2623,87.5208,,,,,,
2624,87.5541,,,,,,
2625,87.5875,,,,,,
2626,87.6209,,,,,,
2627,87.6542,,,,,,
2628,87.6876,,,,,,
2629,87.721,412.4,275.7,433.6,290.3,0.1372,0
2630,87.7543,411.6,276.2,433.8,291.7,0.2175,0
2631,87.7877,,,,,,
2632,87.8211,,,,,,
2633,87.8544,,,,,,
2634,87.8878,,,,,,
2635,87.9212,,,,,,
2636,87.9545,,,,,,
2637,87.9879,,,,,,
2638,88.0213,,,,,,
2639,88.0546,,,,,,
2640,88.088,,,,,,
2641,88.1214,,,,,,
2642,88.1547,,,,,,
2643,88.1881,,,,,,
2644,88.2215,,,,,,
2645,88.2548,,,,,,
2646,88.2882,,,,,,
2647,88.3216,,,,,,
2648,88.3549,,,,,,
2649,88.3883,,,,,,
2650,88.4217,,,,,,
2651,88.455,,,,,,
2652,88.4884,,,,,,
2653,88.5218,,,,,,
2654,88.5551,,,,,,
2655,88.5885,,,,,,
2656,88.6219,,,,,,
2657,88.6552,,,,,,
2658,88.6886,,,,,,
2659,88.722,,,,,,
2660,88.7553,,,,,,
2661,88.7887,,,,,,
2662,88.8221,,,,,,
2663,88.8554,,,,,,
2664,88.8888,,,,,,
2665,88.9222,,,,,,
2666,88.9555,,,,,,
2667,88.9889,,,,,,
2668,89.0223,,,,,,
2669,89.0556,,,,,,
2670,89.089,,,,,,
2671,89.1224,,,,,,
2672,89.1557,,,,,,
2673,89.1891,,,,,,
2674,89.2225,,,,,,
2675,89.2558,,,,,,
2676,89.2892,,,,,,
2677,89.3226,,,,,,
2678,89.3559,,,,,,
2679,89.3893,,,,,,
2680,89.4227,,,,,,
2681,89.456,,,,,,
2682,89.4894,,,,,,
2683,89.5228,,,,,,
2684,89.5561,,,,,,
2685,89.5895,,,,,,
2686,89.6229,,,,,,
2687,89.6562,,,,,,
2688,89.6896,,,,,,
2689,89.723,,,,,,
2690,89.7563,,,,,,
2691,89.7897,,,,,,
2692,89.8231,,,,,,
2693,89.8564,,,,,,
2694,89.8898,,,,,,
2695,89.9232,,,,,,
2696,89.9565,,,,,,
2697,89.9899,,,,,,
2698,90.0233,,,,,,
2699,90.0566,,,,,,
2700,90.09,,,,,,
2701,90.1234,,,,,,
2702,90.1567,,,,,,
2703,90.1901,,,,,,
2704,90.2235,,,,,,
2705,90.2568,,,,,,
2706,90.2902,,,,,,
2707,90.3236,,,,,,
2708,90.3569,,,,,,
2709,90.3903,,,,,,
2710,90.4237,,,,,,
2711,90.457,,,,,,
2712,90.4904,,,,,,
2713,90.5238,,,,,,
2714,90.5571,,,,,,
2715,90.5905,,,,,,
2716,90.6239,,,,,,
2717,90.6572,,,,,,
2718,90.6906,,,,,,
2719,90.724,,,,,,
2720,90.7573,,,,,,
2721,90.7907,,,,,,
2722,90.8241,,,,,,
2723,90.8574,,,,,,
2724,90.8908,,,,,,
2725,90.9242,,,,,,
2726,90.9575,,,,,,
2727,90.9909,,,,,,
2728,91.0243,,,,,,
2729,91.0576,,,,,,
2730,91.091,,,,,,
2731,91.1244,,,,,,
2732,91.1577,,,,,,
2733,91.1911,,,,,,
2734,91.2245,,,,,,
2735,91.2578,,,,,,
2736,91.2912,,,,,,
2737,91.3246,589.2,317.9,638.0,351.8,0.1773,0
2738,91.3579,,,,,,
2739,91.3913,,,,,,
2740,91.4247,,,,,,
2741,91.458,,,,,,
2742,91.4914,,,,,,
2743,91.5248,,,,,,
2744,91.5581,,,,,,
2745,91.5915,,,,,,
2746,91.6249,,,,,,
2747,91.6582,,,,,,
2748,91.6916,,,,,,
2749,91.725,,,,,,
2750,91.7583,,,,,,
2751,91.7917,,,,,,
2752,91.8251,,,,,,
2753,91.8584,,,,,,
2754,91.8918,,,,,,
2755,91.9252,,,,,,
2756,91.9585,,,,,,
2757,91.9919,,,,,,
2758,92.0253,,,,,,
2759,92.0586,,,,,,
2760,92.092,,,,,,
2761,92.1254,,,,,,
2762,92.1587,,,,,,
2763,92.1921,,,,,,
2764,92.2255,,,,,,
2765,92.2588,,,,,,
2766,92.2922,,,,,,
2767,92.3256,,,,,,
2768,92.3589,377.6,275.3,403.8,294.4,0.1802,0
2769,92.3923,378.4,276.0,402.4,293.7,0.3412,0
2770,92.4257,,,,,,
2771,92.459,377.8,276.4,403.2,293.3,0.1226,0
2772,92.4924,,,,,,
2773,92.5258,376.5,276.3,401.6,295.4,0.4006,0
2774,92.5591,377.0,275.7,402.5,295.2,0.2084,0
2775,92.5925,376.9,275.7,402.5,295.2,0.2669,0
2776,92.6259,377.7,275.9,402.5,295.1,0.245,0
2777,92.6592,375.9,275.8,402.5,295.3,0.2273,0
2778,92.6926,375.9,275.9,402.5,295.3,0.2036,0
2779,92.726,376.2,275.5,402.4,294.8,0.1579,0
2780,92.7593,376.2,275.8,402.5,294.9,0.1453,0
2780,92.7593,632.2,127.7,640.0,141.8,0.1051,0
2781,92.7927,632.0,127.7,640.0,142.0,0.1331,0
2782,92.8261,631.7,128.5,640.0,141.8,0.1458,0
2782,92.8261,377.2,276.5,403.8,295.1,0.1348,0
2783,92.8594,,,,,,
2784,92.8928,631.9,127.8,640.0,142.1,0.1069,0
2785,92.9262,631.7,134.1,639.9,143.9,0.103,0
2786,92.9595,632.9,126.1,640.0,144.4,0.1016,0
2787,92.9929,632.7,126.2,640.0,144.0,0.1172,0
2787,92.9929,632.6,133.3,640.0,143.6,0.1054,0
2788,93.0263,631.3,126.1,640.0,144.1,0.1466,0
2789,93.0596,,,,,,
2790,93.093,382.2,270.7,402.1,288.7,0.2201,0
2791,93.1264,,,,,,
2792,93.1597,,,,,,
2793,93.1931,,,,,,
2794,93.2265,,,,,,
2795,93.2598,,,,,,
2796,93.2932,,,,,,
2797,93.3266,,,,,,
2798,93.3599,,,,,,
2799,93.3933,,,,,,
2800,93.4267,,,,,,
2801,93.46,,,,,,
2802,93.4934,,,,,,
2803,93.5268,,,,,,
2804,93.5601,,,,,,
2805,93.5935,,,,,,
2806,93.6269,,,,,,
2807,93.6602,,,,,,
2808,93.6936,,,,,,
2809,93.727,,,,,,
2810,93.7603,,,,,,
2811,93.7937,,,,,,
2812,93.8271,,,,,,
2813,93.8604,315.8,161.4,332.1,184.2,0.1069,0
2814,93.8938,,,,,,
2815,93.9272,,,,,,
2816,93.9605,371.9,264.9,400.8,285.8,0.2563,0
2817,93.9939,,,,,,
2818,94.0273,373.3,265.1,399.6,286.2,0.1078,0
2819,94.0606,373.3,265.0,399.3,286.2,0.1186,0
2820,94.094,371.3,265.8,397.8,287.2,0.2115,0
2821,94.1274,,,,,,
2822,94.1607,378.6,270.4,400.9,286.3,0.2034,0
2823,94.1941,380.2,270.7,400.6,285.8,0.1048,0
2824,94.2275,,,,,,
2825,94.2608,,,,,,
2826,94.2942,,,,,,
2827,94.3276,,,,,,
2828,94.3609,,,,,,
2829,94.3943,,,,,,
2830,94.4277,,,,,,
2831,94.461,,,,,,
2832,94.4944,,,,,,
2833,94.5278,,,,,,
2834,94.5611,,,,,,
2835,94.5945,,,,,,
2836,94.6279,,,,,,
2837,94.6612,406.3,161.8,454.3,194.0,0.171,0
2838,94.6946,,,,,,
2839,94.728,,,,,,
2840,94.7613,,,,,,
2841,94.7947,,,,,,
2842,94.8281,,,,,,
2843,94.8614,,,,,,
2844,94.8948,,,,,,
2845,94.9282,,,,,,
2846,94.9615,,,,,,
2847,94.9949,438.1,170.5,465.7,189.6,0.1785,0
2848,95.0283,,,,,,
2849,95.0616,,,,,,
2850,95.095,,,,,,
2851,95.1284,,,,,,
2852,95.1617,,,,,,
2853,95.1951,,,,,,
2854,95.2285,,,,,,
2855,95.2618,,,,,,
2856,95.2952,,,,,,
2857,95.3286,,,,,,
2858,95.3619,,,,,,
2859,95.3953,,,,,,
2860,95.4287,,,,,,
2861,95.462,,,,,,
2862,95.4954,,,,,,
2863,95.5288,,,,,,
2864,95.5621,,,,,,
2865,95.5955,,,,,,
2866,95.6289,,,,,,
2867,95.6622,,,,,,
2868,95.6956,,,,,,
2869,95.729,,,,,,
2870,95.7623,,,,,,
2871,95.7957,,,,,,
2872,95.8291,,,,,,
2873,95.8624,578.4,303.2,639.6,350.0,0.2717,0
2874,95.8958,,,,,,
2875,95.9292,,,,,,
2876,95.9625,,,,,,
2877,95.9959,,,,,,
2878,96.0293,,,,,,
2879,96.0626,386.0,334.7,416.3,352.0,0.2156,0
2879,96.0626,370.9,334.5,423.0,352.0,0.1037,0
2880,96.096,407.7,323.7,432.3,338.0,0.1215,0
2881,96.1294,161.0,334.3,197.0,352.0,0.5015,0
2881,96.1294,427.6,311.7,454.1,328.8,0.2459,0
2881,96.1294,143.1,333.3,200.5,352.0,0.1689,0
2881,96.1294,126.9,332.3,200.2,352.0,0.1114,0
2882,96.1627,184.2,321.0,221.0,346.5,0.6932,0
2882,96.1627,449.9,298.1,478.9,316.9,0.5358,0
2883,96.1961,212.0,310.5,247.3,329.0,0.7103,0
2884,96.2295,237.5,309.7,269.4,327.3,0.2343,0
2885,96.2628,,,,,,
2886,96.2962,,,,,,
2887,96.3296,,,,,,
2888,96.3629,,,,,,
2889,96.3963,,,,,,
2890,96.4297,,,,,,
2891,96.463,,,,,,
2892,96.4964,,,,,,
2893,96.5298,,,,,,
2894,96.5631,,,,,,
2895,96.5965,,,,,,
2896,96.6299,374.7,310.4,393.2,343.5,0.2352,0
2897,96.6632,373.4,313.0,394.0,351.1,0.6241,0
2898,96.6966,375.6,319.7,396.5,351.5,0.4961,0
2899,96.73,375.2,324.0,399.1,351.9,0.1678,0
2900,96.7633,382.2,327.2,400.8,351.5,0.2894,0
2901,96.7967,382.0,329.3,402.5,352.0,0.3639,0
2902,96.8301,382.1,331.5,402.6,352.0,0.4415,0
2903,96.8634,381.4,329.1,403.0,352.0,0.5829,0
2904,96.8968,381.4,329.9,402.7,352.0,0.3363,0
2905,96.9302,,,,,,
2906,96.9635,,,,,,
2907,96.9969,,,,,,
2908,97.0303,,,,,,
2909,97.0636,,,,,,
2910,97.097,,,,,,
2911,97.1304,,,,,,
2912,97.1637,,,,,,
2913,97.1971,,,,,,
2914,97.2305,365.0,341.7,386.1,352.0,0.1021,0
2915,97.2638,358.9,341.3,385.8,352.0,0.1611,0
2916,97.2972,358.4,342.1,383.7,352.0,0.2681,0
2917,97.3306,357.2,340.5,382.7,352.0,0.1705,0
2917,97.3306,356.7,337.1,382.6,352.0,0.1223,0
2918,97.3639,355.4,336.8,381.5,352.0,0.2228,0
2918,97.3639,356.1,339.9,381.8,352.0,0.187,0
2918,97.3639,353.0,341.0,379.4,352.0,0.1341,0
2919,97.3973,352.0,340.9,376.9,352.0,0.2529,0
2919,97.3973,354.2,340.1,380.5,352.0,0.1033,0
2920,97.4307,352.1,340.6,375.8,352.0,0.2339,0
2921,97.464,351.1,339.8,375.7,352.0,0.218,0
2922,97.4974,349.7,341.1,374.8,352.0,0.325,0
2923,97.5308,347.7,340.9,374.4,352.0,0.2661,0
2924,97.5641,,,,,,
2925,97.5975,,,,,,
2926,97.6309,,,,,,
2927,97.6642,,,,,,
2928,97.6976,,,,,,
2929,97.731,,,,,,
2930,97.7643,,,,,,
2931,97.7977,,,,,,
2932,97.8311,,,,,,
2933,97.8644,,,,,,
2934,97.8978,339.3,341.7,366.3,352.0,0.1893,0
2934,97.8978,338.1,336.9,366.2,352.0,0.1256,0
2935,97.9312,334.9,341.1,362.9,352.0,0.1325,0
2935,97.9312,335.4,336.5,361.9,352.0,0.1082,0
2935,97.9312,338.9,340.5,363.6,352.0,0.1039,0
2936,97.9645,337.0,336.2,360.3,352.0,0.2302,0
2936,97.9645,335.8,339.7,360.4,352.0,0.2166,0
2937,97.9979,335.4,340.0,358.8,352.0,0.2703,0
2938,98.0313,335.0,341.2,357.0,352.0,0.306,0
2939,98.0646,332.7,340.3,356.7,352.0,0.2968,0
2940,98.098,326.6,336.6,352.4,352.0,0.2202,0
2940,98.098,326.6,340.5,352.4,352.0,0.2096,0
2941,98.1314,324.0,342.5,350.2,352.0,0.2805,0
2942,98.1647,323.5,341.7,350.0,352.0,0.3628,0
2943,98.1981,,,,,,
2944,98.2315,,,,,,
2945,98.2648,,,,,,
2946,98.2982,,,,,,
2947,98.3316,,,,,,
2948,98.3649,,,,,,
2949,98.3983,,,,,,
2950,98.4317,,,,,,
2951,98.465,,,,,,
2952,98.4984,,,,,,
2953,98.5318,,,,,,
2954,98.5651,,,,,,
2955,98.5985,,,,,,
2956,98.6319,,,,,,
2957,98.6652,,,,,,
2958,98.6986,,,,,,
2959,98.732,,,,,,
2960,98.7653,,,,,,
2961,98.7987,,,,,,
2962,98.8321,,,,,,
2963,98.8654,,,,,,
2964,98.8988,,,,,,
2965,98.9322,,,,,,
2966,98.9655,,,,,,
2967,98.9989,,,,,,
2968,99.0323,,,,,,
2969,99.0656,,,,,,
2970,99.099,,,,,,
2971,99.1324,,,,,,
2972,99.1657,,,,,,
2973,99.1991,,,,,,
2974,99.2325,,,,,,
2975,99.2658,,,,,,
2976,99.2992,,,,,,
2977,99.3326,,,,,,
2978,99.3659,,,,,,
2979,99.3993,,,,,,
2980,99.4327,,,,,,
2981,99.466,,,,,,
2982,99.4994,,,,,,
2983,99.5328,,,,,,
2984,99.5661,,,,,,
2985,99.5995,,,,,,
2986,99.6329,,,,,,
2987,99.6662,,,,,,
2988,99.6996,,,,,,
2989,99.733,,,,,,
2990,99.7663,,,,,,
2991,99.7997,,,,,,
2992,99.8331,,,,,,
2993,99.8664,,,,,,
2994,99.8998,,,,,,
2995,99.9332,,,,,,
2996,99.9665,491.6,160.7,517.5,186.4,0.119,0
2997,99.9999,,,,,,
2998,100.0333,,,,,,
2999,100.0666,,,,,,
3000,100.1,,,,,,
3001,100.1334,,,,,,
3002,100.1667,,,,,,
3003,100.2001,442.2,271.1,472.0,287.9,0.4086,0
3004,100.2335,,,,,,
3005,100.2668,,,,,,
3006,100.3002,,,,,,
3007,100.3336,,,,,,
3008,100.3669,443.6,269.9,473.9,291.0,0.1596,0
3009,100.4003,,,,,,
3010,100.4337,,,,,,
3011,100.467,445.0,269.4,467.3,288.6,0.3224,0
3012,100.5004,444.7,270.0,467.4,288.8,0.1615,0
3013,100.5338,,,,,,
3014,100.5671,,,,,,
3015,100.6005,,,,,,
3016,100.6339,,,,,,
3017,100.6672,,,,,,
3018,100.7006,,,,,,
3019,100.734,,,,,,
3020,100.7673,,,,,,
3021,100.8007,,,,,,
3022,100.8341,,,,,,
3023,100.8674,,,,,,
3024,100.9008,,,,,,
3025,100.9342,,,,,,
3026,100.9675,,,,,,
3027,101.0009,,,,,,
3028,101.0343,,,,,,
3029,101.0676,,,,,,
3030,101.101,,,,,,
3031,101.1344,,,,,,
3032,101.1677,,,,,,
3033,101.2011,,,,,,
3034,101.2345,,,,,,
3035,101.2678,496.0,344.2,532.0,352.0,0.139,0
3036,101.3012,516.9,335.9,544.1,350.5,0.1307,0
3037,101.3346,,,,,,
3038,101.3679,,,,,,
3039,101.4013,,,,,,
3040,101.4347,,,,,,
3041,101.468,,,,,,
3042,101.5014,,,,,,
3043,101.5348,,,,,,
3044,101.5681,,,,,,
3045,101.6015,,,,,,
3046,101.6349,,,,,,
3047,101.6682,,,,,,
3048,101.7016,,,,,,
3049,101.735,501.2,293.8,518.8,325.8,0.333,0
3050,101.7683,499.5,297.1,517.0,333.4,0.1802,0
3050,101.7683,499.0,297.2,516.8,330.6,0.1061,0
3051,101.8017,493.2,300.9,513.2,336.1,0.4502,0
3051,101.8017,493.2,300.5,513.4,332.1,0.1533,0
3052,101.8351,484.8,310.1,507.1,337.9,0.6111,0
3052,101.8351,484.5,309.0,507.9,337.5,0.1476,0
3052,101.8351,277.7,87.5,308.6,107.4,0.1177,0
3053,101.8684,474.8,317.9,495.8,342.7,0.4738,0
3054,101.9018,472.2,316.3,491.8,350.5,0.264,0
3054,101.9018,264.9,95.7,292.5,114.8,0.2246,0
3055,101.9352,466.5,314.2,486.9,334.2,0.389,0
3056,101.9685,457.3,314.6,479.0,337.4,0.4256,0
3057,102.0019,454.7,316.7,472.9,349.2,0.108,0
3058,102.0353,451.0,325.5,470.9,352.0,0.116,0
3059,102.0686,447.3,332.8,467.8,352.0,0.4586,0
3060,102.102,244.3,108.6,276.6,131.3,0.1774,0
3061,102.1354,246.6,110.5,279.5,131.1,0.2215,0
3061,102.1354,245.3,110.0,279.8,131.6,0.1932,0
3062,102.1687,,,,,,
3063,102.2021,,,,,,
3064,102.2355,,,,,,
3065,102.2688,,,,,,
3066,102.3022,,,,,,
3067,102.3356,,,,,,
3068,102.3689,,,,,,
3069,102.4023,,,,,,
3070,102.4357,,,,,,
3071,102.469,430.4,333.4,453.6,351.8,0.2047,0
3072,102.5024,424.2,334.9,446.9,352.0,0.1082,0
3073,102.5358,421.0,340.2,447.9,352.0,0.1799,0
3074,102.5691,419.9,335.8,445.3,352.0,0.1775,0
3075,102.6025,,,,,,
3076,102.6359,,,,,,
3077,102.6692,,,,,,
3078,102.7026,,,,,,
3079,102.736,,,,,,
3080,102.7693,,,,,,
3081,102.8027,,,,,,
3082,102.8361,,,,,,
3083,102.8694,,,,,,
3084,102.9028,,,,,,
3085,102.9362,,,,,,
3086,102.9695,,,,,,
3087,103.0029,,,,,,
3088,103.0363,370.1,336.0,396.9,352.0,0.1459,0
3089,103.0696,366.4,340.0,395.4,352.0,0.1423,0
3089,103.0696,368.8,336.5,395.8,352.0,0.1401,0
3090,103.103,368.8,335.2,393.4,352.0,0.2212,0
3090,103.103,369.1,334.6,394.5,352.0,0.1527,0
3091,103.1364,366.8,335.2,392.3,352.0,0.3413,0
3092,103.1697,364.2,339.4,388.8,352.0,0.1802,0
3092,103.1697,363.6,336.1,389.1,352.0,0.176,0
3093,103.2031,,,,,,
3094,103.2365,360.2,332.0,383.2,352.0,0.1223,0
3095,103.2698,,,,,,
3096,103.3032,,,,,,
3097,103.3366,,,,,,
3098,103.3699,,,,,,
3099,103.4033,,,,,,
3100,103.4367,,,,,,
3101,103.47,,,,,,
3102,103.5034,,,,,,
3103,103.5368,,,,,,
3104,103.5701,,,,,,
3105,103.6035,271.1,319.3,291.7,350.9,0.1032,0
3106,103.6369,,,,,,
3107,103.6702,264.7,323.8,288.0,351.6,0.4448,0
3108,103.7036,261.8,328.0,287.2,352.0,0.4705,0
3109,103.737,260.3,334.5,286.5,352.0,0.5254,0
3110,103.7703,261.3,341.5,287.5,352.0,0.4648,0
3111,103.8037,,,,,,
3112,103.8371,,,,,,
3113,103.8704,,,,,,
3114,103.9038,,,,,,
3115,103.9372,,,,,,
3116,103.9705,,,,,,
3117,104.0039,,,,,,
3118,104.0373,,,,,,
3119,104.0706,,,,,,
3120,104.104,,,,,,
3121,104.1374,,,,,,
3122,104.1707,,,,,,
3123,104.2041,,,,,,
3124,104.2375,,,,,,
3125,104.2708,,,,,,
3126,104.3042,,,,,,
3127,104.3376,,,,,,
3128,104.3709,,,,,,
3129,104.4043,,,,,,
3130,104.4377,,,,,,
3131,104.471,,,,,,
3132,104.5044,,,,,,
3133,104.5378,,,,,,
3134,104.5711,,,,,,
3135,104.6045,,,,,,
3136,104.6379,,,,,,
3137,104.6712,,,,,,
3138,104.7046,,,,,,
3139,104.738,,,,,,
3140,104.7713,,,,,,
3141,104.8047,,,,,,
3142,104.8381,,,,,,
3143,104.8714,,,,,,
3144,104.9048,,,,,,
3145,104.9382,439.8,346.6,466.6,351.9,0.1297,0
3146,104.9715,,,,,,
3147,105.0049,,,,,,
3148,105.0383,,,,,,
3149,105.0716,,,,,,
3150,105.105,,,,,,
3151,105.1384,,,,,,
3152,105.1717,,,,,,
3153,105.2051,,,,,,
3154,105.2385,,,,,,
3155,105.2718,,,,,,
3156,105.3052,,,,,,
3157,105.3386,,,,,,
3158,105.3719,,,,,,
3159,105.4053,,,,,,
3160,105.4387,,,,,,
3161,105.472,,,,,,
3162,105.5054,,,,,,
3163,105.5388,,,,,,
3164,105.5721,,,,,,
3165,105.6055,,,,,,
3166,105.6389,,,,,,
3167,105.6722,,,,,,
3168,105.7056,,,,,,
3169,105.739,,,,,,
3170,105.7723,,,,,,
3171,105.8057,,,,,,
3172,105.8391,,,,,,
3173,105.8724,,,,,,
3174,105.9058,,,,,,
3175,105.9392,,,,,,
3176,105.9725,,,,,,
3177,106.0059,,,,,,
3178,106.0393,,,,,,
3179,106.0726,,,,,,
3180,106.106,,,,,,
3181,106.1394,,,,,,
3182,106.1727,,,,,,
3183,106.2061,,,,,,
3184,106.2395,,,,,,
3185,106.2728,,,,,,
3186,106.3062,,,,,,
3187,106.3396,,,,,,
3188,106.3729,,,,,,
3189,106.4063,,,,,,
3190,106.4397,,,,,,
3191,106.473,,,,,,
3192,106.5064,,,,,,
3193,106.5398,,,,,,
3194,106.5731,,,,,,
3195,106.6065,,,,,,
3196,106.6399,,,,,,
3197,106.6732,,,,,,
3198,106.7066,,,,,,
3199,106.74,,,,,,
3200,106.7733,,,,,,
3201,106.8067,,,,,,
3202,106.8401,,,,,,
3203,106.8734,,,,,,
3204,106.9068,,,,,,
3205,106.9402,,,,,,
3206,106.9735,,,,,,
3207,107.0069,,,,,,
3208,107.0403,,,,,,
3209,107.0736,,,,,,
3210,107.107,,,,,,
3211,107.1404,,,,,,
3212,107.1737,,,,,,
3213,107.2071,,,,,,
3214,107.2405,,,,,,
3215,107.2738,449.3,262.0,469.6,277.4,0.1206,0
3216,107.3072,,,,,,
3217,107.3406,,,,,,
3218,107.3739,,,,,,
3219,107.4073,,,,,,
3220,107.4407,,,,,,
3221,107.474,,,,,,
3222,107.5074,,,,,,
3223,107.5408,,,,,,
3224,107.5741,,,,,,
3225,107.6075,,,,,,
3226,107.6409,,,,,,
3227,107.6742,,,,,,
3228,107.7076,,,,,,
3229,107.741,,,,,,
3230,107.7743,423.6,249.2,475.7,274.0,0.1218,0
3231,107.8077,421.1,245.0,478.0,273.5,0.1887,0
3232,107.8411,,,,,,
3233,107.8744,,,,,,
3234,107.9078,,,,,,
3235,107.9412,,,,,,
3236,107.9745,,,,,,
3237,108.0079,,,,,,
3238,108.0413,,,,,,
3239,108.0746,,,,,,
3240,108.108,,,,,,
3241,108.1414,430.5,334.9,450.9,344.1,0.1588,0
3242,108.1747,431.5,335.1,450.6,343.9,0.1355,0
3243,108.2081,,,,,,
3244,108.2415,432.2,336.4,444.4,343.7,0.1505,0
3245,108.2748,,,,,,
3246,108.3082,,,,,,
3247,108.3416,,,,,,
3248,108.3749,,,,,,
3249,108.4083,,,,,,
3250,108.4417,,,,,,
3251,108.475,,,,,,
3252,108.5084,441.3,248.6,480.6,270.2,0.1132,0
3253,108.5418,425.3,248.4,478.9,271.9,0.2022,0
3253,108.5418,440.1,248.8,479.8,270.0,0.1701,0
3254,108.5751,441.9,245.5,478.8,268.2,0.2072,0
3255,108.6085,441.2,243.5,478.8,268.5,0.2716,0
3256,108.6419,,,,,,
3257,108.6752,427.5,248.0,477.4,272.0,0.1322,0
3258,108.7086,440.8,249.0,476.3,271.1,0.1152,0
3259,108.742,,,,,,
3260,108.7753,,,,,,
3261,108.8087,,,,,,
3262,108.8421,,,,,,
3263,108.8754,,,,,,
3264,108.9088,,,,,,
3265,108.9422,422.0,343.9,450.3,352.0,0.1914,0
3266,108.9755,425.1,343.3,453.3,352.0,0.1844,0
3266,108.9755,421.8,343.9,451.7,351.9,0.1616,0
3267,109.0089,421.7,344.4,453.2,352.0,0.1912,0
3267,109.0089,424.3,343.8,457.1,352.0,0.1723,0
3268,109.0423,,,,,,
3269,109.0756,,,,,,
3270,109.109,425.5,340.1,452.7,352.0,0.1043,0
3271,109.1424,426.1,340.2,452.9,351.9,0.1054,0
3272,109.1757,443.0,254.0,466.0,270.0,0.1207,0
3273,109.2091,,,,,,
3274,109.2425,,,,,,
3275,109.2758,,,,,,
3276,109.3092,,,,,,
3277,109.3426,434.2,257.2,463.5,277.4,0.3887,0
3278,109.3759,437.5,257.1,462.8,275.2,0.1507,0
3279,109.4093,414.6,345.3,437.0,351.9,0.1679,0
3279,109.4093,410.6,344.8,435.5,351.8,0.1084,0
3280,109.4427,,,,,,
3281,109.476,,,,,,
3282,109.5094,,,,,,
3283,109.5428,,,,,,
3284,109.5761,,,,,,
3285,109.6095,,,,,,
3286,109.6429,,,,,,
3287,109.6762,,,,,,
3288,109.7096,608.7,160.9,640.0,252.8,0.404,1
3289,109.743,614.4,165.8,640.0,260.2,0.1786,1
3290,109.7763,,,,,,
3291,109.8097,,,,,,
3292,109.8431,,,,,,
3293,109.8764,,,,,,
3294,109.9098,,,,,,
3295,109.9432,,,,,,
3296,109.9765,,,,,,
3297,110.0099,,,,,,
3298,110.0433,,,,,,
3299,110.0766,,,,,,
3300,110.11,,,,,,
3301,110.1434,399.7,336.2,410.0,343.5,0.5275,0
3302,110.1767,399.8,337.1,410.1,345.1,0.1564,0
3303,110.2101,397.1,338.6,409.0,346.7,0.1088,0
3304,110.2435,,,,,,
3305,110.2768,,,,,,
3306,110.3102,,,,,,
3307,110.3436,,,,,,
3308,110.3769,,,,,,
3309,110.4103,,,,,,
3310,110.4437,,,,,,
3311,110.477,,,,,,
3312,110.5104,,,,,,
3313,110.5438,,,,,,
3314,110.5771,,,,,,
3315,110.6105,,,,,,
3316,110.6439,,,,,,
3317,110.6772,,,,,,
3318,110.7106,,,,,,
3319,110.744,,,,,,
3320,110.7773,,,,,,
3321,110.8107,,,,,,
3322,110.8441,,,,,,
3323,110.8774,,,,,,
3324,110.9108,,,,,,
3325,110.9442,,,,,,
3326,110.9775,,,,,,
3327,111.0109,,,,,,
3328,111.0443,,,,,,
3329,111.0776,,,,,,
3330,111.111,,,,,,
3331,111.1444,,,,,,
3332,111.1777,,,,,,
3333,111.2111,,,,,,
3334,111.2445,,,,,,
3335,111.2778,,,,,,
3336,111.3112,,,,,,
3337,111.3446,,,,,,
3338,111.3779,,,,,,
3339,111.4113,,,,,,
3340,111.4447,,,,,,
3341,111.478,,,,,,
3342,111.5114,,,,,,
3343,111.5448,,,,,,
3344,111.5781,,,,,,
3345,111.6115,,,,,,
3346,111.6449,,,,,,
3347,111.6782,,,,,,
3348,111.7116,,,,,,
3349,111.745,,,,,,
3350,111.7783,,,,,,
3351,111.8117,,,,,,
3352,111.8451,,,,,,
3353,111.8784,,,,,,
3354,111.9118,,,,,,
3355,111.9452,,,,,,
3356,111.9785,,,,,,
3357,112.0119,,,,,,
3358,112.0453,,,,,,
3359,112.0786,,,,,,
3360,112.112,,,,,,
3361,112.1454,,,,,,
3362,112.1787,,,,,,
3363,112.2121,,,,,,
3364,112.2455,,,,,,
3365,112.2788,,,,,,
3366,112.3122,,,,,,
3367,112.3456,,,,,,
3368,112.3789,,,,,,
3369,112.4123,,,,,,
3370,112.4457,,,,,,
3371,112.479,,,,,,
3372,112.5124,,,,,,
3373,112.5458,368.9,216.0,421.5,239.9,0.513,0
3374,112.5791,357.6,203.1,410.2,230.7,0.2929,0
3375,112.6125,,,,,,
3376,112.6459,,,,,,
3377,112.6792,,,,,,
3378,112.7126,,,,,,
3379,112.746,,,,,,
3380,112.7793,,,,,,
3381,112.8127,,,,,,
3382,112.8461,,,,,,
3383,112.8794,305.0,298.6,317.8,310.6,0.1157,0
3384,112.9128,302.9,302.6,316.8,317.3,0.2751,0
3385,112.9462,,,,,,
3386,112.9795,,,,,,
3387,113.0129,,,,,,
3388,113.0463,,,,,,
3389,113.0796,,,,,,
3390,113.113,,,,,,
3391,113.1464,,,,,,
3392,113.1797,,,,,,
3393,113.2131,,,,,,
3394,113.2465,,,,,,
3395,113.2798,,,,,,
3396,113.3132,,,,,,
3397,113.3466,,,,,,
3398,113.3799,378.1,157.7,390.5,172.9,0.2837,0
3399,113.4133,293.0,267.3,307.1,278.5,0.4898,0
3400,113.4467,287.5,269.3,302.4,283.4,0.551,0
3401,113.48,281.4,276.6,296.2,290.4,0.4556,0
3402,113.5134,,,,,,
3403,113.5468,,,,,,
3404,113.5801,,,,,,
3405,113.6135,,,,,,
3406,113.6469,,,,,,
3407,113.6802,,,,,,
3408,113.7136,,,,,,
3409,113.747,,,,,,
3410,113.7803,,,,,,
3411,113.8137,,,,,,
3412,113.8471,,,,,,
3413,113.8804,,,,,,
3414,113.9138,,,,,,
3415,113.9472,,,,,,
3416,113.9805,,,,,,
3417,114.0139,,,,,,
3418,114.0473,,,,,,
3419,114.0806,,,,,,
3420,114.114,,,,,,
3421,114.1474,,,,,,
3422,114.1807,538.8,246.2,562.3,258.5,0.1359,0
3423,114.2141,,,,,,
3424,114.2475,,,,,,
3425,114.2808,,,,,,
3426,114.3142,,,,,,
3427,114.3476,,,,,,
3428,114.3809,,,,,,
3429,114.4143,,,,,,
3430,114.4477,,,,,,
3431,114.481,,,,,,
3432,114.5144,,,,,,
3433,114.5478,327.4,263.3,342.4,275.8,0.2746,0
3433,114.5478,58.3,274.6,81.1,309.5,0.1677,0
3434,114.5811,72.4,282.8,93.7,299.9,0.3663,0
3435,114.6145,,,,,,
3436,114.6479,104.1,275.9,143.7,297.7,0.2927,0
3437,114.6812,136.2,257.3,177.8,286.9,0.3993,0
3438,114.7146,172.2,234.1,212.3,265.3,0.6609,0
3439,114.748,205.3,218.1,239.2,243.6,0.7346,0
3440,114.7813,228.6,208.3,248.2,241.4,0.644,0
3441,114.8147,231.7,206.0,247.0,241.0,0.2621,0
3442,114.8481,231.9,209.6,253.0,245.3,0.3416,0
3443,114.8814,238.0,219.1,253.7,254.2,0.1228,0
3444,114.9148,,,,,,
3445,114.9482,,,,,,
3446,114.9815,,,,,,
3447,115.0149,,,,,,
3448,115.0483,209.9,232.4,230.4,276.1,0.1652,0
3449,115.0816,,,,,,
3450,115.115,186.4,255.6,210.3,321.8,0.1471,0
3451,115.1484,174.5,266.3,197.0,296.9,0.4589,0
3452,115.1817,154.8,280.2,183.3,308.5,0.6988,0
3453,115.2151,137.4,292.0,164.3,316.0,0.6647,0
3454,115.2485,123.1,297.0,147.9,318.0,0.2314,0
3455,115.2818,110.4,300.0,132.5,317.9,0.3885,0
3456,115.3152,95.1,299.1,118.4,319.7,0.369,0
3457,115.3486,84.0,300.2,105.6,334.6,0.2865,0
3458,115.3819,78.2,293.3,98.3,330.5,0.486,0
3459,115.4153,72.6,291.9,94.5,325.5,0.5612,0
3460,115.4487,,,,,,
3461,115.482,61.2,293.4,81.3,327.4,0.1684,0
3462,115.5154,57.2,290.7,76.5,324.5,0.6537,0
3463,115.5488,59.5,287.1,78.9,318.9,0.2409,0
3464,115.5821,,,,,,
3465,115.6155,,,,,,
3466,115.6489,,,,,,
3467,115.6822,,,,,,
3468,115.7156,,,,,,
3469,115.749,80.5,279.8,95.5,307.5,0.154,0
3469,115.749,79.1,271.6,96.6,307.6,0.1207,0
3470,115.7823,77.2,280.5,93.7,311.1,0.2947,0
3471,115.8157,72.9,284.1,90.3,316.1,0.2479,0
3472,115.8491,70.0,288.6,87.9,321.9,0.1735,0
3473,115.8824,,,,,,
3474,115.9158,68.2,289.0,86.6,321.2,0.1046,0
3475,115.9492,68.7,286.5,86.7,321.7,0.1564,0
3476,115.9825,66.6,285.4,86.7,320.7,0.5558,0
3477,116.0159,66.5,284.0,87.5,319.8,0.456,0
3477,116.0159,337.5,274.9,352.2,284.0,0.118,0
3478,116.0493,65.9,282.9,86.8,317.4,0.5928,0
3479,116.0826,70.0,282.4,88.1,318.3,0.1742,0
3480,116.116,70.6,283.1,88.7,318.3,0.2266,0
3481,116.1494,,,,,,
3482,116.1827,,,,,,
3483,116.2161,66.6,281.8,87.6,316.9,0.147,0
3484,116.2495,64.7,281.7,85.5,318.4,0.17,0
3485,116.2828,64.0,280.0,84.0,318.5,0.2373,0
3486,116.3162,,,,,,
3487,116.3496,,,,,,
3488,116.3829,65.2,278.2,83.2,313.9,0.1253,0
3489,116.4163,65.9,273.3,86.2,310.1,0.2823,0
3490,116.4497,68.2,271.4,86.9,306.0,0.117,0
3490,116.4497,68.1,272.6,87.0,306.7,0.1144,0
3491,116.483,67.3,268.3,87.3,305.1,0.3798,0
3492,116.5164,67.9,267.6,88.8,303.6,0.6106,0
3493,116.5498,68.8,265.3,88.7,301.4,0.5629,0
3493,116.5498,69.2,265.2,88.7,299.6,0.1067,0
3494,116.5831,68.1,264.1,88.5,297.9,0.7035,0
3495,116.6165,67.4,261.8,87.3,295.9,0.2257,0
3495,116.6165,67.7,261.1,88.0,297.3,0.1532,0
3496,116.6499,67.0,260.4,87.2,294.2,0.5222,0
3497,116.6832,66.7,258.1,87.3,293.0,0.1601,0
3498,116.7166,65.2,259.9,83.8,295.0,0.3578,0
3499,116.75,63.6,260.2,82.6,296.2,0.142,0
3500,116.7833,65.1,259.7,83.0,296.8,0.1812,0
3501,116.8167,64.6,261.2,85.1,297.6,0.3312,0
3502,116.8501,63.8,263.4,84.5,299.5,0.1921,0
3503,116.8834,65.9,264.1,87.2,299.3,0.1311,0
3504,116.9168,,,,,,
3505,116.9502,,,,,,
3506,116.9835,,,,,,
3507,117.0169,71.6,270.8,93.3,308.0,0.5503,0
3508,117.0503,72.7,272.0,94.5,307.6,0.7215,0
3509,117.0836,74.1,274.7,95.1,308.8,0.2074,0
3510,117.117,74.5,273.5,96.9,311.9,0.2881,0
3511,117.1504,77.5,275.4,97.8,310.5,0.4404,0
3512,117.1837,76.7,275.3,98.6,311.9,0.5329,0
3513,117.2171,78.6,274.9,99.6,311.6,0.6394,0
3514,117.2505,78.5,275.5,99.3,311.5,0.7155,0
3515,117.2838,78.9,274.6,100.5,311.1,0.4967,0
3516,117.3172,78.4,273.3,100.0,309.9,0.5604,0
3517,117.3506,78.1,272.7,98.6,310.9,0.3185,0
3518,117.3839,78.7,271.4,99.7,309.1,0.1385,0
3518,117.3839,79.0,271.9,99.0,310.1,0.1256,0
3519,117.4173,78.9,272.6,100.3,310.9,0.2546,0
3520,117.4507,80.1,272.9,100.9,310.4,0.277,0
3521,117.484,80.2,272.8,102.1,311.8,0.3535,0
3522,117.5174,80.0,272.7,102.7,311.7,0.3976,0
3523,117.5508,80.9,272.2,102.1,309.9,0.3235,0
3524,117.5841,80.9,271.7,103.8,309.5,0.1979,0
3525,117.6175,81.4,272.5,104.1,309.7,0.1274,0
3526,117.6509,80.9,272.7,102.3,312.1,0.2286,0
3527,117.6842,80.8,273.6,101.0,312.2,0.1731,0
3528,117.7176,,,,,,
3529,117.751,78.3,275.9,98.0,312.7,0.2835,0
3530,117.7843,75.7,281.1,96.1,315.8,0.188,0
3531,117.8177,68.9,281.7,92.0,319.3,0.7342,0
3532,117.8511,46.5,292.4,79.7,314.4,0.6769,0
3533,117.8844,15.0,303.4,56.9,328.5,0.1671,0
3533,117.8844,12.8,302.8,57.6,327.2,0.1143,0
3534,117.9178,0.0,307.8,22.1,330.1,0.1093,0
3535,117.9512,,,,,,
3536,117.9845,,,,,,
3537,118.0179,,,,,,
3538,118.0513,,,,,,
3539,118.0846,,,,,,
3540,118.118,,,,,,
3541,118.1514,,,,,,
3542,118.1847,,,,,,
3543,118.2181,,,,,,
3544,118.2515,,,,,,
3545,118.2848,,,,,,
3546,118.3182,,,,,,
3547,118.3516,,,,,,
3548,118.3849,,,,,,
3549,118.4183,,,,,,
3550,118.4517,,,,,,
3551,118.485,,,,,,
3552,118.5184,15.6,192.2,27.9,203.3,0.1824,0
3553,118.5518,,,,,,
3554,118.5851,,,,,,
3555,118.6185,,,,,,
3556,118.6519,,,,,,
3557,118.6852,,,,,,
3558,118.7186,,,,,,
3559,118.752,,,,,,
3560,118.7853,,,,,,
3561,118.8187,,,,,,
3562,118.8521,,,,,,
3563,118.8854,,,,,,
3564,118.9188,,,,,,
3565,118.9522,,,,,,
3566,118.9855,,,,,,
3567,119.0189,,,,,,
3568,119.0523,,,,,,
3569,119.0856,27.6,342.2,59.8,352.0,0.1535,0
3570,119.119,40.7,334.6,68.3,352.0,0.2594,0
3570,119.119,42.5,338.0,67.8,352.0,0.1362,0
3571,119.1524,55.9,332.7,78.6,351.3,0.4715,0
3572,119.1857,66.0,329.4,89.7,349.6,0.365,0
3573,119.2191,78.0,324.4,101.2,346.4,0.2168,0
3574,119.2525,88.0,320.8,111.1,347.3,0.1341,0
3575,119.2858,,,,,,
3576,119.3192,,,,,,
3577,119.3526,,,,,,
3578,119.3859,,,,,,
3579,119.4193,,,,,,
3580,119.4527,444.2,326.3,455.6,336.5,0.1849,0
3581,119.486,,,,,,
3582,119.5194,,,,,,
3583,119.5528,149.1,313.7,173.8,349.7,0.2996,0
3584,119.5861,157.4,317.4,178.2,352.0,0.338,0
3585,119.6195,161.1,321.8,183.6,351.4,0.102,0
3586,119.6529,162.3,327.4,182.1,351.6,0.2232,0
3587,119.6862,152.3,330.8,177.0,351.8,0.2753,0
3587,119.6862,396.6,320.8,413.6,331.0,0.2125,0
3587,119.6862,152.5,330.5,177.8,351.9,0.2018,0
3588,119.7196,149.2,332.0,174.6,352.0,0.3667,0
3589,119.753,161.4,0.0,611.7,352.0,0.4701,1
3589,119.753,151.4,332.2,174.2,352.0,0.4363,0
3590,119.7863,,,,,,
3591,119.8197,152.7,322.5,176.6,350.1,0.1566,0
3592,119.8531,150.5,321.9,172.5,348.0,0.3602,0
3593,119.8864,146.1,320.9,166.8,349.0,0.189,0
3594,119.9198,144.5,314.9,164.8,349.3,0.1968,0
3594,119.9198,144.4,314.9,164.8,347.7,0.1259,0
3595,119.9532,145.4,305.1,166.1,340.5,0.4851,0
3595,119.9532,526.0,61.7,544.5,80.1,0.3054,0
3596,119.9865,519.1,55.2,537.4,71.1,0.2828,0
3596,119.9865,149.7,298.1,166.3,334.1,0.2668,0
3597,120.0199,512.2,47.7,530.2,64.2,0.5207,0
3597,120.0199,151.2,293.8,169.8,328.3,0.1781,0
3598,120.0533,509.0,42.0,525.0,56.2,0.3924,0
3599,120.0866,507.4,36.9,521.8,49.3,0.3286,0
3600,120.12,501.6,32.2,518.6,46.6,0.1484,0
3601,120.1534,498.2,32.3,513.8,45.4,0.1951,0
3602,120.1867,,,,,,
3603,120.2201,491.9,28.3,508.5,42.2,0.1171,0
3604,120.2535,489.6,27.8,505.3,41.5,0.182,0
3605,120.2868,486.6,28.5,501.5,41.1,0.4155,0
3606,120.3202,486.2,28.3,500.1,39.6,0.3943,0
3607,120.3536,485.2,27.5,499.4,39.8,0.4159,0
3607,120.3536,207.9,272.2,229.0,287.1,0.378,0
3608,120.3869,217.1,270.5,239.1,284.6,0.5892,0
3608,120.3869,485.0,28.4,498.9,40.6,0.2052,0
3609,120.4203,226.6,270.0,250.3,283.0,0.642,0
3609,120.4203,486.2,28.2,501.1,40.0,0.2669,0
3610,120.4537,240.3,262.9,267.0,280.7,0.4024,0
3610,120.4537,240.5,264.6,266.9,281.7,0.2511,0
3611,120.487,256.4,256.9,296.5,277.4,0.4877,0
3612,120.5204,,,,,,
3613,120.5538,560.2,106.0,592.5,122.3,0.2467,0
3613,120.5538,326.3,235.0,369.0,252.7,0.1549,0
3614,120.5871,361.3,225.7,400.7,245.0,0.1718,0
3615,120.6205,,,,,,
3616,120.6539,,,,,,
3617,120.6872,,,,,,
3618,120.7206,,,,,,
3619,120.754,,,,,,
3620,120.7873,,,,,,
3621,120.8207,,,,,,
3622,120.8541,,,,,,
3623,120.8874,,,,,,
3624,120.9208,31.1,62.9,41.8,72.0,0.1136,0
3625,120.9542,487.6,229.0,506.3,246.1,0.1557,0
3626,120.9875,29.3,65.0,39.8,74.5,0.1605,0
3626,120.9875,494.6,231.0,512.9,246.6,0.1019,0
3627,121.0209,,,,,,
3628,121.0543,511.8,230.1,533.8,245.0,0.4383,0
3629,121.0876,520.9,231.2,542.2,246.6,0.6116,0
3630,121.121,529.3,232.0,551.4,246.6,0.4233,0
3631,121.1544,540.0,232.6,560.3,247.7,0.1888,0
3631,121.1544,540.3,231.8,560.6,247.5,0.1471,0
3631,121.1544,541.0,233.7,560.1,248.1,0.1422,0
3632,121.1877,548.6,236.2,566.0,248.8,0.2518,0
3632,121.1877,626.0,7.2,640.0,21.7,0.1535,0
3633,121.2211,,,,,,
3634,121.2545,524.2,118.1,543.2,128.8,0.2695,0
3635,121.2878,519.3,118.5,537.0,128.4,0.3219,0
3636,121.3212,,,,,,
3637,121.3546,503.3,120.3,520.8,130.4,0.5434,0
3638,121.3879,491.8,121.2,513.1,133.3,0.4176,0
3639,121.4213,479.5,125.2,500.1,137.7,0.5777,0
3640,121.4547,,,,,,
3641,121.488,468.8,126.5,486.4,135.9,0.2549,0
3642,121.5214,,,,,,
3643,121.5548,458.0,125.7,477.2,135.5,0.4335,0
3643,121.5548,0.0,286.7,25.1,305.8,0.432,0
3644,121.5881,452.6,125.8,470.9,135.6,0.309,0
3645,121.6215,447.9,124.4,464.7,135.1,0.6296,0
3645,121.6215,19.3,284.2,46.3,303.4,0.266,0
3646,121.6549,439.0,123.2,458.2,134.6,0.6655,0
3646,121.6549,29.9,286.3,55.4,303.1,0.3053,0
3646,121.6549,606.6,22.2,619.8,32.7,0.2429,0
3647,121.6882,37.2,286.3,63.5,303.5,0.6616,0
3647,121.6882,430.6,125.0,448.8,135.7,0.5499,0
3648,121.7216,422.1,124.8,441.6,135.7,0.4282,0
3649,121.755,416.1,124.4,432.4,135.0,0.5548,0
3650,121.7883,407.4,120.6,425.6,134.1,0.5884,0
3650,121.7883,598.7,21.4,613.1,32.7,0.1992,0
3650,121.7883,408.1,122.1,425.5,134.2,0.1592,0
3650,121.7883,69.8,284.5,93.5,300.4,0.1161,0
3651,121.8217,399.6,120.4,417.9,134.2,0.491,0
3651,121.8217,400.0,122.5,417.8,134.3,0.3439,0
3651,121.8217,598.4,21.5,612.1,32.7,0.1958,0
3652,121.8551,392.6,120.9,411.3,134.5,0.2329,0
3652,121.8551,393.0,122.4,411.1,134.6,0.2003,0
3653,121.8884,386.2,125.0,404.1,136.1,0.2982,0
3654,121.9218,379.4,123.6,397.8,135.3,0.4886,0
3655,121.9552,375.0,121.5,391.6,133.2,0.5437,0
3656,121.9885,371.6,119.2,386.0,132.4,0.2459,0
3657,122.0219,,,,,,
3658,122.0553,366.0,115.7,381.3,128.1,0.276,0
3659,122.0886,359.7,114.5,378.7,126.5,0.4104,0
3659,122.0886,359.8,113.9,378.7,126.4,0.1306,0
3660,122.122,351.3,116.1,372.0,129.1,0.5924,0
3661,122.1554,339.4,119.4,361.0,134.3,0.6366,0
3662,122.1887,,,,,,
3663,122.2221,326.2,123.9,343.8,135.4,0.2345,0
3663,122.2221,326.0,124.7,343.2,135.3,0.1249,0
3664,122.2555,,,,,,
3665,122.2888,,,,,,
3666,122.3222,258.4,276.3,277.4,289.5,0.108,0
3667,122.3556,,,,,,
3668,122.3889,,,,,,
3669,122.4223,,,,,,
3670,122.4557,,,,,,
3671,122.489,,,,,,
3672,122.5224,,,,,,
3673,122.5558,,,,,,
3674,122.5891,,,,,,
3675,122.6225,,,,,,
3676,122.6559,,,,,,
3677,122.6892,,,,,,
3678,122.7226,,,,,,
3679,122.756,,,,,,
3680,122.7893,,,,,,
3681,122.8227,,,,,,
3682,122.8561,,,,,,
3683,122.8894,,,,,,
3684,122.9228,,,,,,
3685,122.9562,,,,,,
3686,122.9895,,,,,,
3687,123.0229,,,,,,
3688,123.0563,,,,,,
3689,123.0896,,,,,,
3690,123.123,,,,,,
3691,123.1564,,,,,,
3692,123.1897,,,,,,
3693,123.2231,,,,,,
3694,123.2565,,,,,,
3695,123.2898,25.6,119.0,48.8,137.4,0.3645,0
3696,123.3232,33.0,111.7,53.6,130.9,0.2591,0
3697,123.3566,36.4,103.0,57.3,123.7,0.2929,0
3698,123.3899,39.6,92.2,61.3,113.1,0.2301,0
3699,123.4233,,,,,,
3700,123.4567,0.2,144.6,30.5,159.6,0.367,0
3701,123.49,,,,,,
3702,123.5234,,,,,,
3703,123.5568,,,,,,
3704,123.5901,,,,,,
3705,123.6235,,,,,,
3706,123.6569,,,,,,
3707,123.6902,89.7,159.2,106.1,170.9,0.1763,0
3708,123.7236,96.4,163.9,113.2,176.2,0.1205,0
3709,123.757,102.2,169.0,117.8,182.4,0.1332,0
3710,123.7903,,,,,,
3711,123.8237,,,,,,
3712,123.8571,,,,,,
3713,123.8904,,,,,,
3714,123.9238,,,,,,
3715,123.9572,157.2,184.5,171.2,196.6,0.2315,0
3716,123.9905,,,,,,
3717,124.0239,,,,,,
3718,124.0573,,,,,,
3719,124.0906,,,,,,
3720,124.124,,,,,,
3721,124.1574,,,,,,
3722,124.1907,,,,,,
3723,124.2241,,,,,,
3724,124.2575,,,,,,
3725,124.2908,,,,,,
3726,124.3242,,,,,,
3727,124.3576,,,,,,
3728,124.3909,,,,,,
3729,124.4243,255.0,202.9,265.5,213.5,0.1027,0
3730,124.4577,,,,,,
3731,124.491,,,,,,
3732,124.5244,,,,,,
3733,124.5578,,,,,,
3734,124.5911,,,,,,
3735,124.6245,,,,,,
3736,124.6579,,,,,,
3737,124.6912,,,,,,
3738,124.7246,,,,,,
3739,124.758,,,,,,
3740,124.7913,,,,,,
3741,124.8247,281.4,209.9,303.9,223.0,0.6884,0
3741,124.8247,281.7,209.7,303.6,222.9,0.1231,0
3742,124.8581,252.7,217.8,285.3,234.3,0.7339,0
3743,124.8914,234.7,229.3,256.2,241.6,0.6332,0
3744,124.9248,,,,,,
3745,124.9582,214.5,239.0,232.7,247.9,0.2201,0
3746,124.9915,,,,,,
3747,125.0249,,,,,,
3748,125.0583,,,,,,
3749,125.0916,,,,,,
3750,125.125,317.6,167.9,345.4,180.8,0.2005,0
3751,125.1584,,,,,,
3752,125.1917,,,,,,
3753,125.2251,,,,,,
3754,125.2585,275.2,159.4,312.1,175.3,0.3519,0
3755,125.2918,263.7,163.7,302.2,175.9,0.1047,0
3756,125.3252,253.2,162.2,293.8,175.9,0.1938,0
3757,125.3586,243.2,159.7,286.8,175.1,0.2402,0
3758,125.3919,,,,,,
3759,125.4253,224.7,159.0,264.2,175.9,0.2672,0
3760,125.4587,224.8,159.2,264.4,176.0,0.265,0
