frame,time_s,x1,y1,x2,y2,conf,cls
0,0.0,73.1,3.4,317.8,212.2,0.2823,1
1,0.0417,72.3,3.5,317.9,215.5,0.3725,1
2,0.0833,73.2,3.4,317.8,214.1,0.4295,1
3,0.125,73.0,3.3,317.9,213.4,0.4232,1
4,0.1667,73.8,3.5,317.8,214.0,0.4532,1
5,0.2083,71.8,3.4,317.7,214.7,0.4359,1
6,0.25,72.3,3.5,317.7,215.8,0.4064,1
7,0.2917,73.5,3.5,317.7,215.9,0.4107,1
8,0.3333,73.1,3.6,317.8,212.2,0.4152,1
9,0.375,75.1,3.7,317.7,213.0,0.3272,1
10,0.4167,75.1,3.6,317.7,213.2,0.3165,1
11,0.4583,75.2,3.6,317.7,213.4,0.3121,1
12,0.5,73.3,3.6,317.8,215.1,0.307,1
13,0.5417,72.8,3.5,317.5,218.1,0.3009,1
14,0.5833,73.3,3.6,317.4,219.8,0.27,1
15,0.625,74.1,3.7,317.5,219.8,0.26,1
16,0.6667,73.7,3.5,317.6,216.2,0.2805,1
17,0.7083,75.1,3.5,317.8,215.4,0.3126,1
18,0.75,73.1,3.5,317.7,213.9,0.3856,1
19,0.7917,73.2,3.4,318.0,214.1,0.3861,1
20,0.8333,71.7,3.4,317.9,213.1,0.3982,1
21,0.875,70.2,3.5,318.0,212.8,0.4022,1
22,0.9167,72.8,3.3,317.8,213.7,0.3282,1
23,0.9583,72.4,3.3,317.8,214.0,0.325,1
24,1.0,71.4,3.4,317.8,215.8,0.3335,1
25,1.0417,71.3,3.6,317.5,219.8,0.2861,1
26,1.0833,70.9,3.6,317.6,216.1,0.2559,1
27,1.125,71.0,3.6,317.6,215.8,0.2433,1
28,1.1667,70.8,3.7,317.6,215.5,0.2481,1
29,1.2083,70.9,3.8,317.6,218.8,0.2644,1
30,1.25,71.0,3.7,317.7,218.9,0.2888,1
31,1.2917,71.3,3.7,317.7,218.8,0.2955,1
32,1.3333,71.4,3.7,317.8,220.2,0.2855,1
33,1.375,70.5,3.4,317.6,219.8,0.2492,1
34,1.4167,71.3,3.4,317.5,219.3,0.2852,1
35,1.4583,71.3,3.4,317.6,219.4,0.277,1
36,1.5,71.8,3.6,317.5,219.9,0.2643,1
37,1.5417,71.2,3.5,317.3,219.8,0.2676,1
38,1.5833,71.5,3.5,317.3,220.8,0.2783,1
39,1.625,71.5,3.5,317.4,219.9,0.2733,1
40,1.6667,72.2,3.6,317.3,220.8,0.1855,1
41,1.7083,71.3,3.6,317.5,220.4,0.2073,1
42,1.75,71.5,3.6,317.4,222.8,0.2075,1
43,1.7917,71.0,3.7,317.5,222.1,0.2029,1
44,1.8333,72.2,3.7,317.5,220.8,0.1898,1
45,1.875,73.1,3.6,317.6,221.0,0.1804,1
46,1.9167,72.2,3.6,317.5,221.2,0.2233,1
47,1.9583,72.1,3.6,317.5,220.5,0.2231,1
48,2.0,72.9,3.6,317.5,220.7,0.217,1
49,2.0417,72.7,3.5,317.6,221.9,0.198,1
50,2.0833,73.1,3.4,317.6,222.9,0.2033,1
51,2.125,73.3,3.4,317.6,223.3,0.2179,1
52,2.1667,71.9,3.6,317.6,221.8,0.2214,1
53,2.2083,73.8,3.6,317.7,222.2,0.2126,1
54,2.25,73.6,3.5,317.6,223.8,0.2092,1
55,2.2917,73.4,3.5,317.7,223.9,0.2094,1
56,2.3333,73.5,3.5,317.6,222.9,0.2158,1
57,2.375,72.7,3.5,317.7,223.6,0.2517,1
58,2.4167,71.5,3.4,317.7,222.7,0.2208,1
59,2.4583,71.9,3.4,317.7,222.7,0.2213,1
60,2.5,73.2,3.2,317.6,224.2,0.1976,1
61,2.5417,72.8,3.2,317.7,222.9,0.2408,1
62,2.5833,72.7,3.3,317.8,222.4,0.2359,1
63,2.625,72.7,3.3,317.8,222.4,0.2301,1
64,2.6667,73.8,3.5,317.8,222.7,0.2611,1
65,2.7083,74.5,3.4,317.8,215.6,0.2363,1
66,2.75,74.6,3.5,317.7,218.6,0.2247,1
67,2.7917,74.2,3.5,317.7,218.6,0.2249,1
68,2.8333,74.6,3.6,317.7,221.7,0.1873,1
69,2.875,73.8,3.5,317.7,223.4,0.204,1
70,2.9167,73.7,3.8,317.8,222.6,0.2155,1
71,2.9583,73.7,3.8,317.7,223.1,0.2037,1
72,3.0,72.7,3.6,317.7,222.8,0.1976,1
73,3.0417,73.2,3.6,317.6,223.5,0.2093,1
74,3.0833,72.5,3.6,317.6,225.0,0.1947,1
75,3.125,71.9,3.6,317.6,225.0,0.1836,1
76,3.1667,73.9,3.8,317.5,224.5,0.2031,1
77,3.2083,73.4,3.6,317.6,224.4,0.182,1
78,3.25,73.6,3.7,317.4,224.1,0.1705,1
79,3.2917,73.5,3.7,317.4,224.0,0.1709,1
80,3.3333,73.3,3.7,317.6,223.7,0.1846,1
81,3.375,72.6,3.6,317.5,223.9,0.1895,1
82,3.4167,74.1,3.7,317.5,223.4,0.1891,1
83,3.4583,74.1,3.7,317.5,223.7,0.1894,1
84,3.5,74.5,3.6,317.5,223.5,0.1889,1
85,3.5417,75.0,3.6,317.4,224.0,0.2138,1
86,3.5833,76.0,3.5,317.4,222.4,0.193,1
87,3.625,75.7,3.5,317.5,222.8,0.1875,1
88,3.6667,74.0,3.5,317.7,223.9,0.2462,1
89,3.7083,73.2,3.6,317.4,226.9,0.2148,1
90,3.75,72.2,3.6,317.5,225.3,0.2861,1
91,3.7917,72.1,3.5,317.5,226.6,0.2712,1
92,3.8333,72.6,3.5,317.6,225.7,0.3018,1
93,3.875,73.1,3.5,317.7,221.6,0.2869,1
94,3.9167,73.9,3.4,317.8,221.9,0.2894,1
95,3.9583,74.1,3.4,317.8,221.6,0.2775,1
96,4.0,74.4,3.5,317.7,222.8,0.2429,1
97,4.0417,75.6,3.4,317.3,224.8,0.2758,1
98,4.0833,74.2,3.2,317.5,225.5,0.2618,1
99,4.125,74.6,3.3,317.5,225.5,0.248,1
100,4.1667,75.8,3.5,317.3,225.8,0.2677,1
101,4.2083,74.7,3.6,317.1,228.3,0.2632,1
102,4.25,73.1,3.3,317.1,227.7,0.2749,1
103,4.2917,72.9,3.4,317.2,226.7,0.2988,1
104,4.3333,73.4,3.6,317.3,226.7,0.2671,1
105,4.375,73.9,3.2,317.4,225.5,0.2769,1
106,4.4167,73.4,3.3,317.2,226.5,0.3113,1
107,4.4583,73.2,3.4,317.2,225.9,0.3013,1
108,4.5,70.6,3.3,317.1,227.4,0.2689,1
109,4.5417,71.2,3.4,317.1,225.9,0.265,1
110,4.5833,72.9,3.5,317.2,226.8,0.2473,1
111,4.625,72.8,3.5,317.2,226.8,0.2426,1
112,4.6667,74.4,3.5,316.9,228.7,0.2215,1
113,4.7083,74.0,3.5,317.4,227.1,0.2181,1
114,4.75,72.7,3.4,317.5,225.1,0.213,1
115,4.7917,72.4,3.5,317.5,225.0,0.2036,1
116,4.8333,73.0,3.7,317.5,224.2,0.1962,1
117,4.875,71.9,3.6,317.5,225.4,0.2335,1
118,4.9167,70.9,3.4,317.3,225.4,0.2464,1
119,4.9583,70.4,3.4,317.3,225.4,0.2338,1
120,5.0,71.7,3.5,317.3,224.9,0.235,1
121,5.0417,71.3,3.4,317.2,226.2,0.1846,1
122,5.0833,71.5,3.4,317.0,225.5,0.247,1
123,5.125,71.1,3.4,317.0,225.4,0.2497,1
124,5.1667,71.6,3.5,316.7,225.8,0.2598,1
125,5.2083,72.4,3.4,317.6,223.2,0.3203,1
126,5.25,72.6,3.5,317.6,223.6,0.3045,1
127,5.2917,72.6,3.6,317.5,223.9,0.3048,1
128,5.3333,71.7,3.5,317.3,224.7,0.2707,1
129,5.375,71.6,3.4,317.1,225.6,0.2435,1
130,5.4167,74.2,3.5,317.2,225.2,0.287,1
131,5.4583,74.2,3.4,317.2,225.4,0.2696,1
132,5.5,74.4,3.4,317.1,225.9,0.275,1
133,5.5417,74.7,3.3,317.2,224.9,0.2874,1
134,5.5833,73.5,3.4,317.3,223.9,0.264,1
135,5.625,72.9,3.4,317.2,223.7,0.2641,1
136,5.6667,71.3,3.2,317.4,223.7,0.2852,1
137,5.7083,72.2,3.4,317.5,223.9,0.2597,1
138,5.75,72.3,3.3,317.5,224.0,0.2757,1
139,5.7917,72.1,3.2,317.5,224.1,0.2714,1
140,5.8333,71.5,3.3,317.4,224.4,0.2737,1
141,5.875,71.6,3.3,317.1,226.5,0.2463,1
142,5.9167,73.4,3.3,317.1,225.1,0.2487,1
143,5.9583,72.4,3.3,317.1,224.9,0.2479,1
144,6.0,71.3,3.4,317.2,224.6,0.2817,1
145,6.0417,73.2,3.3,317.1,225.1,0.2628,1
146,6.0833,71.9,3.1,317.2,225.3,0.2598,1
147,6.125,72.1,3.1,317.2,225.2,0.2654,1
148,6.1667,72.8,3.3,317.1,225.6,0.2375,1
149,6.2083,72.2,3.1,316.9,227.0,0.2407,1
150,6.25,71.8,3.1,316.8,227.7,0.2577,1
151,6.2917,71.9,3.1,316.8,227.7,0.259,1
152,6.3333,72.7,3.2,316.8,227.8,0.2749,1
153,6.375,72.8,3.0,316.8,227.7,0.2732,1
154,6.4167,72.3,3.1,316.9,227.3,0.2502,1
155,6.4583,72.3,3.1,316.9,227.5,0.2369,1
156,6.5,72.1,3.1,316.9,227.6,0.2516,1
157,6.5417,71.2,3.0,316.6,229.8,0.2746,1
158,6.5833,72.2,3.1,316.4,230.0,0.2697,1
159,6.625,72.1,3.1,316.4,229.7,0.2737,1
160,6.6667,72.5,3.1,316.6,229.5,0.2768,1
161,6.7083,72.0,3.1,316.9,229.1,0.2421,1
162,6.75,72.8,3.2,316.9,229.0,0.2604,1
163,6.7917,72.3,3.2,316.9,229.0,0.2597,1
164,6.8333,71.9,3.2,317.0,229.6,0.2378,1
165,6.875,71.9,3.1,316.8,228.6,0.3104,1
166,6.9167,71.9,3.1,316.8,228.4,0.2802,1
167,6.9583,72.1,3.1,316.8,228.3,0.2845,1
168,7.0,73.6,3.2,316.7,228.5,0.2972,1
169,7.0417,74.6,3.2,316.6,228.9,0.3263,1
170,7.0833,73.6,3.3,316.8,228.5,0.3095,1
171,7.125,73.6,3.3,316.8,228.5,0.3113,1
172,7.1667,72.1,3.3,316.6,229.1,0.3045,1
173,7.2083,72.5,3.3,317.0,229.3,0.2771,1
174,7.25,72.8,3.2,316.7,229.5,0.2614,1
175,7.2917,72.6,3.2,316.7,229.5,0.2638,1
176,7.3333,71.6,3.3,316.8,229.4,0.2819,1
177,7.375,71.8,3.3,316.8,229.0,0.2968,1
178,7.4167,71.0,3.2,316.6,229.9,0.2844,1
179,7.4583,70.8,3.2,316.6,229.9,0.2874,1
180,7.5,71.6,3.3,316.6,230.4,0.2915,1
181,7.5417,72.3,3.4,316.4,230.4,0.2765,1
182,7.5833,71.1,3.3,316.5,230.5,0.2891,1
183,7.625,70.6,3.2,316.5,230.5,0.2826,1
184,7.6667,70.0,3.2,316.5,231.5,0.2231,1
185,7.7083,69.7,3.2,316.7,229.6,0.2632,1
186,7.75,71.1,3.2,316.5,229.9,0.2481,1
187,7.7917,71.2,3.3,316.5,230.0,0.2541,1
188,7.8333,71.9,3.3,316.6,229.9,0.2899,1
189,7.875,70.5,3.2,316.6,229.6,0.2454,1
190,7.9167,70.7,3.3,316.6,230.2,0.2411,1
191,7.9583,71.3,3.4,316.6,230.2,0.2417,1
192,8.0,70.8,3.4,316.7,229.9,0.2422,1
193,8.0417,70.9,3.3,316.5,230.2,0.2684,1
194,8.0833,71.3,3.3,316.4,230.3,0.2484,1
195,8.125,71.5,3.3,316.4,230.3,0.2497,1
196,8.1667,72.4,3.3,316.3,231.6,0.2699,1
197,8.2083,71.3,3.5,316.7,229.7,0.2346,1
198,8.25,71.3,3.5,316.7,229.6,0.2357,1
199,8.2917,71.4,3.5,316.6,229.6,0.2265,1
200,8.3333,72.0,3.6,316.7,229.5,0.2525,1
201,8.375,72.8,3.5,316.7,230.3,0.2325,1
202,8.4167,72.4,3.4,316.7,230.3,0.2255,1
203,8.4583,72.8,3.4,316.7,230.2,0.2227,1
204,8.5,72.6,3.4,316.6,230.5,0.2024,1
205,8.5417,73.8,3.5,316.5,230.5,0.2303,1
206,8.5833,73.4,3.5,316.5,230.8,0.2459,1
207,8.625,73.5,3.4,316.5,230.6,0.2443,1
208,8.6667,73.5,3.5,316.4,231.2,0.2429,1
209,8.7083,71.4,3.3,316.6,230.9,0.2686,1
210,8.75,73.9,3.4,316.5,231.3,0.2603,1
211,8.7917,73.9,3.5,316.5,231.2,0.2714,1
212,8.8333,73.3,3.5,316.5,232.6,0.2565,1
213,8.875,72.5,3.5,316.2,232.2,0.2539,1
214,8.9167,71.8,3.3,316.3,232.2,0.2267,1
215,8.9583,71.5,3.3,316.3,232.2,0.2284,1
216,9.0,71.2,3.4,316.4,232.2,0.2226,1
217,9.0417,69.1,3.3,316.5,230.6,0.2274,1
218,9.0833,70.1,3.3,316.5,231.9,0.1857,1
219,9.125,70.2,3.3,316.5,231.5,0.1935,1
220,9.1667,68.9,3.2,316.6,230.7,0.2317,1
221,9.2083,70.2,3.3,316.7,229.8,0.2309,1
222,9.25,71.1,3.3,316.7,229.9,0.2624,1
223,9.2917,71.3,3.2,316.6,230.2,0.2513,1
224,9.3333,71.6,3.4,316.7,230.0,0.2788,1
225,9.375,69.7,3.4,316.5,230.8,0.2669,1
226,9.4167,70.5,3.4,316.6,230.7,0.284,1
227,9.4583,70.7,3.5,316.6,230.6,0.2898,1
228,9.5,70.3,3.5,316.6,230.4,0.3006,1
229,9.5417,70.3,3.3,316.5,231.0,0.2665,1
230,9.5833,69.8,3.2,316.5,231.3,0.2641,1
231,9.625,70.0,3.3,316.5,231.3,0.2615,1
232,9.6667,70.0,3.2,316.4,231.1,0.2814,1
233,9.7083,70.8,3.3,316.6,230.7,0.271,1
234,9.75,70.6,3.4,316.4,230.3,0.2951,1
235,9.7917,70.5,3.4,316.4,230.0,0.2862,1
236,9.8333,71.1,3.3,316.5,230.1,0.3067,1
237,9.875,70.9,3.4,316.7,230.7,0.2301,1
238,9.9167,70.8,3.4,316.8,229.8,0.247,1
239,9.9583,70.9,3.4,316.7,229.7,0.2488,1
240,10.0,71.3,3.6,317.2,223.5,0.3507,1
241,10.0417,70.3,3.4,317.0,227.4,0.3738,1
242,10.0833,70.9,3.6,316.7,227.0,0.3828,1
243,10.125,71.1,3.5,316.7,227.0,0.382,1
244,10.1667,71.6,3.6,316.6,227.0,0.3693,1
245,10.2083,70.5,3.6,317.2,226.5,0.3672,1
246,10.25,72.5,3.5,317.2,225.7,0.3742,1
247,10.2917,72.5,3.5,317.2,225.9,0.3752,1
248,10.3333,70.8,3.5,317.1,226.1,0.384,1
249,10.375,71.1,3.5,317.0,225.1,0.3797,1
250,10.4167,70.7,3.5,316.9,225.5,0.3964,1
251,10.4583,70.6,3.5,317.0,224.5,0.3848,1
252,10.5,70.9,3.4,317.0,225.8,0.3707,1
253,10.5417,71.9,3.5,316.8,226.3,0.4094,1
254,10.5833,71.2,3.5,316.9,226.8,0.3839,1
255,10.625,70.8,3.5,316.9,226.3,0.4013,1
256,10.6667,71.5,3.6,316.7,226.6,0.4,1
257,10.7083,70.8,3.5,317.0,225.8,0.3894,1
258,10.75,72.1,3.4,316.8,225.7,0.4023,1
259,10.7917,71.8,3.5,316.8,226.6,0.4034,1
260,10.8333,71.2,3.4,317.0,226.5,0.4465,1
261,10.875,71.0,3.5,317.1,224.9,0.3753,1
262,10.9167,72.0,3.5,317.1,226.3,0.3902,1
263,10.9583,71.6,3.5,317.1,226.3,0.3926,1
264,11.0,71.6,3.5,317.3,226.7,0.3869,1
265,11.0417,72.7,3.4,317.0,225.8,0.3487,1
266,11.0833,71.3,3.5,317.1,226.6,0.3345,1
267,11.125,70.9,3.5,317.0,226.6,0.3442,1
268,11.1667,71.1,3.4,317.0,226.9,0.2998,1
269,11.2083,70.1,3.5,317.0,227.5,0.3505,1
270,11.25,69.4,3.4,317.2,227.7,0.2911,1
271,11.2917,69.2,3.4,317.2,227.7,0.2904,1
272,11.3333,71.2,3.4,317.4,227.0,0.3035,1
273,11.375,70.0,3.5,317.4,226.7,0.2904,1
274,11.4167,69.8,3.5,317.4,227.9,0.287,1
275,11.4583,69.2,3.5,317.4,227.9,0.3002,1
276,11.5,70.4,3.4,317.2,228.0,0.3037,1
277,11.5417,70.3,3.5,317.0,228.0,0.3217,1
278,11.5833,70.7,3.5,317.0,228.4,0.4007,1
279,11.625,70.8,3.6,316.9,228.3,0.3813,1
280,11.6667,69.8,3.5,317.0,227.3,0.3432,1
281,11.7083,69.8,3.5,317.1,227.0,0.3353,1
282,11.75,70.0,3.6,317.0,227.5,0.3336,1
283,11.7917,69.8,3.6,317.1,227.4,0.3336,1
284,11.8333,70.8,3.6,317.1,227.2,0.3669,1
285,11.875,70.0,3.4,317.0,225.7,0.4026,1
286,11.9167,70.0,3.4,317.1,225.1,0.4059,1
287,11.9583,69.2,3.3,317.1,225.2,0.3947,1
288,12.0,70.1,3.4,317.2,224.8,0.3892,1
289,12.0417,72.8,3.3,317.1,221.4,0.3801,1
290,12.0833,70.8,3.4,317.2,223.1,0.3734,1
291,12.125,70.4,3.4,317.2,223.1,0.3718,1
292,12.1667,71.9,3.3,317.2,222.4,0.3771,1
293,12.2083,71.7,3.3,317.2,225.0,0.366,1
294,12.25,71.2,3.2,317.2,225.5,0.3481,1
295,12.2917,71.0,3.2,317.1,225.5,0.3417,1
296,12.3333,71.9,3.3,317.2,224.5,0.391,1
297,12.375,71.8,3.4,317.2,223.7,0.4081,1
298,12.4167,71.1,3.4,317.4,224.0,0.4145,1
299,12.4583,70.8,3.5,317.4,223.9,0.4114,1
300,12.5,70.9,3.4,317.3,225.2,0.4181,1
301,12.5417,71.7,3.3,317.3,222.8,0.4312,1
302,12.5833,71.3,3.4,317.3,223.9,0.4228,1
303,12.625,70.8,3.5,317.3,223.9,0.4123,1
304,12.6667,71.3,3.4,317.2,224.5,0.4265,1
305,12.7083,71.1,3.4,317.6,223.8,0.4036,1
306,12.75,69.6,3.4,317.6,222.1,0.4176,1
307,12.7917,70.0,3.4,317.6,222.1,0.4204,1
308,12.8333,70.6,3.5,317.4,226.2,0.448,1
309,12.875,70.9,3.3,317.2,224.6,0.4244,1
310,12.9167,72.0,3.4,317.4,224.6,0.4412,1
311,12.9583,72.2,3.4,317.4,224.5,0.445,1
312,13.0,71.9,3.4,317.6,223.5,0.4117,1
313,13.0417,72.1,3.2,317.3,223.2,0.3884,1
314,13.0833,70.8,3.4,317.4,223.2,0.4161,1
315,13.125,71.5,3.3,317.4,223.2,0.4107,1
316,13.1667,70.8,3.3,316.9,224.8,0.424,1
317,13.2083,70.7,3.3,317.5,225.4,0.3682,1
318,13.25,71.3,3.2,317.3,225.7,0.3461,1
319,13.2917,71.5,3.3,317.3,225.7,0.3415,1
320,13.3333,71.1,3.3,317.1,226.4,0.3983,1
321,13.375,71.9,3.3,317.1,225.6,0.3848,1
322,13.4167,72.3,3.2,317.1,226.5,0.4164,1
323,13.4583,71.7,3.2,317.1,226.5,0.403,1
324,13.5,72.6,3.3,317.4,226.0,0.3764,1
325,13.5417,72.1,3.4,317.2,225.7,0.3567,1
326,13.5833,72.9,3.4,317.7,223.2,0.3468,1
327,13.625,71.6,3.4,317.7,223.1,0.3208,1
328,13.6667,72.9,3.4,317.2,224.7,0.2906,1
329,13.7083,71.9,3.5,317.5,223.4,0.2469,1
330,13.75,71.1,3.5,317.3,224.9,0.2709,1
331,13.7917,71.0,3.5,317.3,224.9,0.2608,1
332,13.8333,72.0,3.6,317.4,224.5,0.2813,1
333,13.875,73.3,3.6,317.5,223.3,0.259,1
334,13.9167,72.5,3.5,317.5,224.8,0.2649,1
335,13.9583,71.6,3.4,317.5,224.8,0.2664,1
336,14.0,71.4,3.4,317.5,224.7,0.2772,1
337,14.0417,72.7,3.4,317.7,223.9,0.2677,1
338,14.0833,72.4,3.4,317.6,225.1,0.3011,1
339,14.125,72.2,3.4,317.6,225.1,0.2984,1
340,14.1667,72.8,3.4,317.5,223.9,0.3279,1
341,14.2083,72.2,3.3,317.4,224.3,0.3027,1
342,14.25,71.1,3.5,317.2,225.1,0.3352,1
343,14.2917,71.5,3.4,317.2,224.7,0.3257,1
344,14.3333,72.9,3.5,317.2,224.5,0.3506,1
345,14.375,71.2,3.4,317.2,224.5,0.3656,1
346,14.4167,72.7,3.5,317.0,225.2,0.356,1
347,14.4583,72.4,3.6,317.0,225.1,0.356,1
348,14.5,71.2,3.4,317.3,224.1,0.3594,1
349,14.5417,71.6,3.3,317.2,223.0,0.3654,1
350,14.5833,70.8,3.6,317.2,223.9,0.3749,1
351,14.625,70.8,3.5,317.2,223.3,0.3668,1
352,14.6667,71.2,3.4,317.1,223.5,0.3699,1
353,14.7083,71.8,3.4,317.1,226.6,0.2963,1
354,14.75,72.9,3.5,317.1,227.2,0.3382,1
355,14.7917,73.4,3.4,317.1,227.2,0.3394,1
356,14.8333,73.0,3.6,317.2,226.4,0.3393,1
357,14.875,72.2,3.5,317.2,226.1,0.3462,1
358,14.9167,72.7,3.5,316.8,226.5,0.3519,1
359,14.9583,73.1,3.5,316.8,226.3,0.3433,1
360,15.0,74.3,3.6,317.0,222.4,0.3819,1
361,15.0417,72.9,3.6,316.9,221.1,0.4188,1
362,15.0833,73.2,3.7,317.0,222.5,0.4118,1
363,15.125,73.9,3.7,316.9,222.4,0.4195,1
364,15.1667,72.9,3.6,317.0,222.6,0.3888,1
365,15.2083,71.4,3.5,317.0,223.3,0.3608,1
366,15.25,72.5,3.5,317.0,224.2,0.3723,1
367,15.2917,72.3,3.5,317.0,224.4,0.3708,1
368,15.3333,72.3,3.5,316.9,223.6,0.3432,1
369,15.375,71.5,3.3,316.8,223.8,0.3365,1
370,15.4167,72.2,3.4,316.8,223.9,0.3436,1
371,15.4583,72.5,3.4,316.9,223.6,0.3542,1
372,15.5,72.6,3.5,316.8,223.8,0.372,1
373,15.5417,72.3,3.4,317.0,222.7,0.3454,1
374,15.5833,73.7,3.5,317.0,223.2,0.2932,1
375,15.625,74.6,3.5,317.0,223.2,0.3083,1
376,15.6667,74.9,3.6,317.0,222.7,0.3266,1
377,15.7083,73.4,3.5,317.3,221.3,0.3379,1
378,15.75,74.1,3.5,317.3,222.5,0.3688,1
379,15.7917,73.9,3.4,317.3,222.0,0.3628,1
380,15.8333,74.2,3.4,317.3,221.9,0.3639,1
381,15.875,73.4,3.3,317.4,222.3,0.3245,1
382,15.9167,72.7,3.4,317.4,222.0,0.2786,1
383,15.9583,73.3,3.3,317.4,222.1,0.2625,1
384,16.0,75.4,3.5,317.4,220.1,0.3223,1
385,16.0417,75.5,3.5,317.5,219.5,0.381,1
386,16.0833,73.9,3.4,317.4,219.4,0.3947,1
387,16.125,73.6,3.5,317.4,219.5,0.3777,1
388,16.1667,72.9,3.5,317.5,220.4,0.3598,1
389,16.2083,73.9,3.5,317.7,218.3,0.3635,1
390,16.25,73.7,3.3,317.6,219.2,0.3509,1
391,16.2917,74.8,3.4,317.6,219.3,0.363,1
392,16.3333,73.4,3.4,317.7,220.4,0.3643,1
393,16.375,73.5,3.3,317.3,221.8,0.3631,1
394,16.4167,71.8,3.2,317.5,222.6,0.3473,1
395,16.4583,71.9,3.3,317.5,222.6,0.3481,1
396,16.5,72.9,3.4,317.4,221.9,0.38,1
397,16.5417,73.4,3.3,317.5,221.9,0.4048,1
398,16.5833,72.5,3.4,317.4,225.0,0.3209,1
399,16.625,72.8,3.5,317.3,225.0,0.3158,1
400,16.6667,72.0,3.4,317.3,224.9,0.3175,1
401,16.7083,71.6,3.4,317.4,223.9,0.3837,1
402,16.75,71.4,3.5,317.0,225.1,0.3126,1
403,16.7917,72.1,3.5,316.9,225.1,0.3141,1
404,16.8333,73.3,3.5,316.8,227.1,0.3302,1
405,16.875,72.9,3.5,317.1,225.9,0.2771,1
406,16.9167,72.1,3.5,317.3,225.4,0.2746,1
407,16.9583,72.4,3.5,317.3,225.4,0.2763,1
408,17.0,73.4,3.5,317.0,226.2,0.3184,1
409,17.0417,73.2,3.4,316.6,227.7,0.2526,1
410,17.0833,73.1,3.4,316.6,227.8,0.2732,1
411,17.125,73.1,3.5,316.6,227.6,0.2751,1
412,17.1667,73.1,3.6,316.7,227.2,0.2993,1
413,17.2083,71.5,3.6,317.1,224.5,0.3052,1
414,17.25,72.3,3.6,316.7,225.5,0.2978,1
415,17.2917,72.6,3.6,316.7,225.5,0.3016,1
416,17.3333,72.7,3.6,316.8,225.0,0.3026,1
417,17.375,72.9,3.5,316.7,225.3,0.3106,1
418,17.4167,72.1,3.6,316.9,225.4,0.2942,1
419,17.4583,72.4,3.6,316.9,225.4,0.2958,1
420,17.5,73.3,3.4,317.1,225.4,0.2717,1
421,17.5417,73.4,3.5,316.8,224.5,0.2599,1
422,17.5833,72.5,3.6,316.9,224.0,0.2737,1
423,17.625,72.7,3.7,317.0,224.1,0.2716,1
424,17.6667,73.1,3.7,317.2,224.1,0.2616,1
425,17.7083,71.5,3.5,317.3,225.2,0.3231,1
426,17.75,70.9,3.4,317.5,224.7,0.3357,1
427,17.7917,70.9,3.4,317.5,224.7,0.3317,1
428,17.8333,71.5,3.4,317.2,227.5,0.292,1
429,17.875,71.5,3.4,317.2,227.1,0.3122,1
430,17.9167,71.3,3.5,317.2,227.1,0.3204,1
431,17.9583,71.4,3.4,317.1,227.0,0.3004,1
432,18.0,71.0,3.4,316.9,227.9,0.3152,1
433,18.0417,70.7,3.4,316.8,226.3,0.3298,1
434,18.0833,70.5,3.4,317.0,225.6,0.3226,1
435,18.125,70.3,3.4,317.0,225.6,0.324,1
436,18.1667,70.0,3.5,316.9,226.4,0.2854,1
437,18.2083,70.0,3.4,316.9,225.7,0.2957,1
438,18.25,71.2,3.5,317.1,225.8,0.2927,1
439,18.2917,70.5,3.4,317.2,225.8,0.2799,1
440,18.3333,71.2,3.5,317.2,225.2,0.2948,1
441,18.375,70.7,3.5,317.4,225.6,0.3671,1
442,18.4167,71.0,3.5,317.1,225.6,0.356,1
443,18.4583,71.2,3.4,317.3,225.6,0.3395,1
444,18.5,70.6,3.3,317.2,226.3,0.3383,1
445,18.5417,71.6,3.4,317.0,225.0,0.3462,1
446,18.5833,71.8,3.6,317.1,225.0,0.3596,1
447,18.625,71.9,3.6,317.0,224.9,0.3522,1
448,18.6667,72.1,3.6,317.1,225.1,0.3543,1
449,18.7083,72.0,3.5,316.9,225.7,0.3297,1
450,18.75,71.8,3.5,317.0,225.0,0.3481,1
451,18.7917,71.8,3.4,317.0,224.9,0.3478,1
452,18.8333,72.2,3.5,317.2,225.3,0.3313,1
453,18.875,71.6,3.3,317.2,225.7,0.349,1
454,18.9167,71.8,3.3,317.2,225.2,0.3598,1
455,18.9583,72.1,3.4,317.4,224.0,0.3595,1
456,19.0,72.4,3.4,317.2,226.1,0.3427,1
457,19.0417,72.8,3.3,317.1,225.5,0.2967,1
458,19.0833,72.4,3.4,317.1,226.5,0.3218,1
459,19.125,72.2,3.3,317.0,226.5,0.3173,1
460,19.1667,72.7,3.4,317.0,225.9,0.3117,1
461,19.2083,71.9,3.2,316.7,226.0,0.2936,1
462,19.25,71.6,3.2,316.6,226.3,0.2975,1
463,19.2917,71.8,3.2,316.6,226.4,0.3023,1
464,19.3333,71.1,3.2,316.5,226.6,0.2902,1
465,19.375,73.6,3.3,316.6,227.1,0.2985,1
466,19.4167,72.7,3.3,316.6,226.4,0.3499,1
467,19.4583,73.2,3.3,316.6,226.4,0.3482,1
468,19.5,73.7,3.3,316.7,226.1,0.3507,1
469,19.5417,74.1,3.3,316.6,226.3,0.33,1
470,19.5833,73.1,3.4,316.7,226.6,0.373,1
471,19.625,72.3,3.4,316.7,226.7,0.3664,1
472,19.6667,72.2,3.3,316.8,226.4,0.3704,1
473,19.7083,72.8,3.3,316.9,226.7,0.3089,1
474,19.75,72.9,3.3,316.9,226.8,0.3595,1
475,19.7917,73.2,3.4,316.8,226.7,0.3519,1
476,19.8333,73.5,3.4,316.8,226.6,0.3358,1
477,19.875,73.6,3.4,316.6,226.3,0.3708,1
478,19.9167,73.9,3.3,316.5,226.3,0.3718,1
479,19.9583,74.1,3.4,316.5,226.2,0.3824,1
480,20.0,74.1,3.1,316.3,222.8,0.3057,1
481,20.0417,74.1,3.3,316.6,221.5,0.3413,1
482,20.0833,72.2,3.3,316.6,223.6,0.3356,1
483,20.125,72.3,3.2,316.6,222.9,0.3431,1
484,20.1667,72.8,3.3,316.4,224.8,0.3421,1
485,20.2083,70.8,3.2,316.6,223.6,0.3251,1
486,20.25,72.0,3.3,316.5,223.4,0.3468,1
487,20.2917,72.2,3.3,316.5,223.3,0.3441,1
488,20.3333,72.0,3.2,316.6,224.7,0.3697,1
489,20.375,72.9,3.2,316.6,224.0,0.356,1
490,20.4167,73.2,3.1,316.5,224.4,0.3533,1
491,20.4583,72.9,3.0,316.6,224.4,0.3484,1
492,20.5,74.4,3.1,316.6,223.9,0.3528,1
493,20.5417,75.0,3.2,316.4,223.3,0.2862,1
494,20.5833,73.2,3.2,316.7,223.6,0.3524,1
495,20.625,72.9,3.2,316.7,223.6,0.3508,1
496,20.6667,72.5,3.2,316.7,224.0,0.3596,1
497,20.7083,71.9,2.9,316.7,223.8,0.3845,1
498,20.75,71.9,3.0,316.8,222.9,0.3834,1
499,20.7917,71.7,2.9,316.8,223.1,0.3751,1
500,20.8333,71.7,3.1,317.0,222.5,0.3704,1
501,20.875,73.6,3.2,316.9,222.6,0.3134,1
502,20.9167,73.7,3.1,316.8,223.1,0.3063,1
503,20.9583,73.7,3.1,316.8,223.0,0.3076,1
504,21.0,74.7,3.1,316.7,222.4,0.3237,1
505,21.0417,73.7,3.1,316.6,221.3,0.3208,1
506,21.0833,73.9,3.1,316.7,222.2,0.3306,1
507,21.125,73.9,3.2,316.8,222.2,0.3234,1
508,21.1667,74.2,3.1,316.9,222.4,0.3195,1
509,21.2083,72.4,3.0,316.9,221.7,0.3446,1
510,21.25,73.1,3.1,316.8,223.2,0.3763,1
511,21.2917,73.1,3.1,316.8,223.0,0.358,1
512,21.3333,73.2,3.1,316.8,223.0,0.3576,1
513,21.375,74.0,3.1,316.9,221.6,0.361,1
514,21.4167,74.7,3.2,316.8,222.3,0.3469,1
515,21.4583,74.4,3.1,316.8,222.3,0.3479,1
516,21.5,72.2,2.9,316.8,222.5,0.3724,1
517,21.5417,72.9,3.0,316.8,221.8,0.3582,1
518,21.5833,71.9,3.0,317.0,221.2,0.3674,1
519,21.625,72.0,3.2,316.9,221.1,0.3671,1
520,21.6667,71.2,3.1,316.9,220.9,0.3495,1
521,21.7083,72.6,3.2,316.8,224.5,0.3178,1
522,21.75,72.8,3.2,316.8,223.0,0.3813,1
523,21.7917,72.7,3.3,316.8,223.0,0.3781,1
524,21.8333,72.9,3.3,316.7,222.9,0.3764,1
525,21.875,73.3,3.2,316.9,222.2,0.3972,1
526,21.9167,72.5,3.2,316.8,222.5,0.3837,1
527,21.9583,72.8,3.2,316.9,222.3,0.3906,1
528,22.0,74.0,3.2,316.8,222.4,0.3864,1
529,22.0417,76.3,3.3,316.8,221.3,0.3777,1
530,22.0833,74.3,3.4,317.0,222.0,0.3838,1
531,22.125,74.2,3.4,317.0,222.0,0.3833,1
532,22.1667,73.8,3.3,317.0,222.3,0.3754,1
533,22.2083,73.7,3.4,317.2,221.3,0.3804,1
534,22.25,74.6,3.4,316.8,222.0,0.3718,1
535,22.2917,74.5,3.4,316.9,222.0,0.3737,1
536,22.3333,72.2,3.4,317.2,221.7,0.3745,1
537,22.375,72.7,3.3,317.1,221.4,0.3996,1
538,22.4167,73.2,3.4,317.2,221.6,0.3846,1
539,22.4583,73.6,3.4,317.2,221.6,0.3903,1
540,22.5,74.5,3.6,316.9,221.5,0.3988,1
541,22.5417,72.6,3.4,317.1,220.6,0.3557,1
542,22.5833,71.8,3.5,317.3,221.8,0.366,1
543,22.625,71.7,3.4,317.2,221.9,0.3694,1
544,22.6667,71.9,3.5,317.3,221.6,0.3347,1
545,22.7083,70.4,3.5,317.4,221.2,0.3489,1
546,22.75,71.7,3.5,317.4,222.5,0.3495,1
547,22.7917,71.2,3.5,317.4,222.5,0.3476,1
548,22.8333,69.4,3.5,317.5,222.5,0.3352,1
549,22.875,69.6,3.5,317.3,223.5,0.3542,1
550,22.9167,70.7,3.3,317.2,223.4,0.3577,1
551,22.9583,70.7,3.3,317.3,223.4,0.3615,1
552,23.0,71.3,3.3,317.0,222.8,0.4108,1
553,23.0417,71.6,3.3,316.9,223.7,0.4348,1
554,23.0833,70.8,3.3,317.1,223.1,0.4303,1
555,23.125,70.6,3.3,317.1,223.1,0.4307,1
556,23.1667,71.5,3.5,317.2,222.7,0.4261,1
557,23.2083,72.3,3.3,316.9,223.4,0.4342,1
558,23.25,71.3,3.3,317.0,223.3,0.3942,1
559,23.2917,71.3,3.4,317.0,223.3,0.3922,1
560,23.3333,68.7,3.4,317.3,222.5,0.3762,1
561,23.375,70.3,3.4,317.2,223.5,0.347,1
562,23.4167,71.8,3.6,317.1,224.7,0.3407,1
563,23.4583,71.8,3.6,317.2,224.7,0.3489,1
564,23.5,72.0,3.6,317.0,226.4,0.3411,1
565,23.5417,71.5,3.5,316.9,225.7,0.3687,1
566,23.5833,70.6,3.5,317.2,225.2,0.369,1
567,23.625,70.7,3.4,317.2,224.8,0.3898,1
568,23.6667,72.2,3.5,317.1,223.7,0.3948,1
569,23.7083,71.6,3.3,317.3,225.1,0.3892,1
570,23.75,71.3,3.4,317.0,225.7,0.3544,1
571,23.7917,71.9,3.4,317.0,225.6,0.3628,1
572,23.8333,70.3,3.4,317.1,225.6,0.3618,1
573,23.875,72.0,3.5,317.0,225.4,0.3265,1
574,23.9167,70.8,3.5,317.0,224.5,0.352,1
575,23.9583,71.4,3.6,317.0,224.4,0.3476,1
576,24.0,72.6,3.6,317.0,223.7,0.3857,1
577,24.0417,74.4,3.4,316.9,223.8,0.3995,1
578,24.0833,73.3,3.4,317.0,224.2,0.3818,1
579,24.125,73.0,3.3,317.0,224.3,0.3835,1
580,24.1667,72.2,3.3,316.9,224.3,0.3826,1
581,24.2083,73.0,3.2,317.0,225.0,0.3944,1
582,24.25,73.3,3.3,316.9,225.8,0.3856,1
583,24.2917,73.4,3.3,316.9,225.8,0.3926,1
584,24.3333,71.5,3.4,317.1,225.4,0.3867,1
585,24.375,73.2,3.5,316.9,225.7,0.3576,1
586,24.4167,73.1,3.5,316.8,228.0,0.3651,1
587,24.4583,73.0,3.5,316.8,227.9,0.364,1
588,24.5,72.6,3.4,316.8,228.5,0.3679,1
589,24.5417,74.5,3.3,316.9,227.1,0.3781,1
590,24.5833,73.8,3.6,316.9,227.9,0.3876,1
591,24.625,74.0,3.6,316.8,227.9,0.3872,1
592,24.6667,73.1,3.7,316.9,228.1,0.3522,1
593,24.7083,73.9,3.5,316.8,226.8,0.3645,1
594,24.75,74.2,3.6,316.7,226.5,0.3665,1
595,24.7917,73.8,3.6,316.6,226.4,0.3549,1
596,24.8333,74.0,3.6,316.6,226.6,0.3563,1
597,24.875,73.9,3.6,316.7,226.6,0.3467,1
598,24.9167,72.9,3.6,316.8,226.2,0.3522,1
599,24.9583,74.0,3.6,316.8,226.3,0.3695,1
600,25.0,73.4,3.5,316.7,227.5,0.369,1
601,25.0417,72.7,3.4,316.8,228.8,0.3452,1
602,25.0833,70.9,3.3,316.9,228.6,0.3313,1
603,25.125,71.2,3.3,316.9,228.7,0.3271,1
604,25.1667,72.4,3.3,317.0,228.6,0.3328,1
605,25.2083,71.8,3.3,316.9,226.6,0.3553,1
606,25.25,73.4,3.3,316.8,228.6,0.3351,1
607,25.2917,73.9,3.3,316.7,228.6,0.3375,1
608,25.3333,74.4,3.2,316.8,227.6,0.3713,1
609,25.375,75.1,3.2,316.8,227.7,0.3755,1
610,25.4167,75.1,3.3,316.7,227.7,0.3538,1
611,25.4583,74.5,3.3,316.7,227.8,0.3445,1
612,25.5,74.0,3.4,316.7,227.8,0.3535,1
613,25.5417,75.4,3.6,316.6,228.2,0.3307,1
614,25.5833,73.8,3.5,316.7,228.7,0.347,1
615,25.625,74.3,3.4,316.6,228.6,0.3517,1
616,25.6667,73.5,3.5,316.8,228.1,0.3596,1
617,25.7083,73.0,3.5,317.0,228.2,0.3489,1
618,25.75,73.1,3.5,316.8,228.4,0.3497,1
619,25.7917,73.1,3.5,316.7,228.5,0.3475,1
620,25.8333,73.0,3.5,316.8,228.1,0.3665,1
621,25.875,72.1,3.5,316.8,228.3,0.3489,1
622,25.9167,71.9,3.6,316.9,227.4,0.344,1
623,25.9583,72.0,3.5,316.8,227.4,0.3458,1
624,26.0,74.4,3.5,316.6,227.0,0.3274,1
625,26.0417,74.9,3.5,316.8,225.1,0.3202,1
626,26.0833,75.7,3.6,316.6,227.1,0.3094,1
627,26.125,76.5,3.6,316.7,227.0,0.3081,1
628,26.1667,74.9,3.5,316.7,227.0,0.3177,1
629,26.2083,71.8,3.4,316.9,227.3,0.3414,1
630,26.25,72.6,3.5,316.9,226.9,0.3463,1
631,26.2917,72.8,3.5,316.9,226.8,0.3365,1
632,26.3333,73.2,3.5,317.0,227.0,0.3394,1
633,26.375,72.8,3.4,316.9,227.3,0.3321,1
634,26.4167,72.4,3.3,316.9,227.5,0.3522,1
635,26.4583,72.3,3.4,316.9,227.5,0.3493,1
636,26.5,73.1,3.4,316.9,227.1,0.3705,1
637,26.5417,73.4,3.4,316.7,226.0,0.4072,1
638,26.5833,73.7,3.4,316.8,226.9,0.3866,1
639,26.625,73.8,3.4,316.8,226.8,0.3914,1
640,26.6667,73.2,3.4,316.9,226.8,0.4028,1
641,26.7083,72.3,3.5,316.9,227.8,0.329,1
642,26.75,73.1,3.5,317.0,227.2,0.3803,1
643,26.7917,73.0,3.5,317.0,227.1,0.3766,1
644,26.8333,71.6,3.4,317.0,227.3,0.3639,1
645,26.875,72.1,3.4,316.8,228.4,0.3673,1
646,26.9167,71.5,3.4,316.7,229.0,0.3569,1
647,26.9583,72.3,3.3,316.7,229.0,0.3587,1
648,27.0,73.1,3.3,316.6,228.4,0.3574,1
649,27.0417,73.1,3.3,316.7,226.8,0.357,1
650,27.0833,71.8,3.4,316.9,226.9,0.3723,1
651,27.125,71.8,3.3,316.8,226.8,0.3757,1
652,27.1667,71.9,3.4,316.7,228.6,0.3808,1
653,27.2083,72.5,3.4,316.9,229.5,0.3474,1
654,27.25,72.2,3.2,316.8,228.3,0.3517,1
655,27.2917,72.2,3.2,316.8,228.3,0.3512,1
656,27.3333,72.9,3.3,316.9,227.7,0.3467,1
657,27.375,70.7,3.3,316.9,228.0,0.3404,1
658,27.4167,70.9,3.4,316.9,227.3,0.3534,1
659,27.4583,70.8,3.4,316.9,226.9,0.3453,1
660,27.5,72.1,3.5,316.9,227.7,0.3704,1
661,27.5417,73.0,3.4,317.0,228.5,0.3697,1
662,27.5833,73.8,3.4,317.0,228.5,0.3679,1
663,27.625,74.0,3.6,316.9,228.4,0.373,1
664,27.6667,73.7,3.6,316.9,228.0,0.3632,1
665,27.7083,71.9,3.6,317.0,228.2,0.3638,1
666,27.75,74.3,3.6,317.0,228.3,0.379,1
667,27.7917,74.1,3.5,316.9,228.4,0.3852,1
668,27.8333,73.1,3.4,317.0,228.1,0.4157,1
669,27.875,73.4,3.4,317.0,227.9,0.4072,1
670,27.9167,74.9,3.5,316.9,228.2,0.4148,1
671,27.9583,74.8,3.5,316.9,228.2,0.4186,1
672,28.0,74.7,3.4,316.9,228.1,0.41,1
673,28.0417,72.6,3.4,316.9,227.9,0.435,1
674,28.0833,73.2,3.3,316.9,228.1,0.4144,1
675,28.125,73.2,3.4,316.8,228.0,0.4055,1
676,28.1667,73.0,3.3,316.9,226.8,0.4233,1
677,28.2083,70.4,3.4,316.9,227.0,0.4252,1
678,28.25,73.3,3.4,316.9,226.4,0.4575,1
679,28.2917,73.5,3.4,316.9,226.4,0.4549,1
680,28.3333,73.6,3.4,317.0,226.2,0.4605,1
681,28.375,73.4,3.4,316.8,227.2,0.4273,1
682,28.4167,73.2,3.3,316.9,226.9,0.4262,1
683,28.4583,73.5,3.3,316.8,226.9,0.4253,1
684,28.5,72.5,3.3,316.9,226.5,0.4668,1
685,28.5417,72.6,3.3,316.7,229.4,0.452,1
686,28.5833,71.5,3.4,316.6,229.5,0.4319,1
687,28.625,71.7,3.4,316.6,229.4,0.4335,1
688,28.6667,71.7,3.3,316.7,229.6,0.4257,1
689,28.7083,71.0,3.3,317.0,228.4,0.417,1
690,28.75,72.6,3.3,316.8,228.6,0.4157,1
691,28.7917,72.6,3.3,316.8,228.6,0.4151,1
692,28.8333,70.6,3.2,317.0,227.1,0.4284,1
693,28.875,70.4,3.2,316.9,227.3,0.4351,1
694,28.9167,70.1,3.2,317.0,227.4,0.4412,1
695,28.9583,69.9,3.2,317.1,227.4,0.445,1
696,29.0,69.7,3.2,316.8,228.4,0.4669,1
697,29.0417,71.4,3.3,316.8,229.2,0.4738,1
698,29.0833,71.6,3.4,317.0,228.6,0.4407,1
699,29.125,71.8,3.4,317.0,228.7,0.4458,1
700,29.1667,71.9,3.4,317.1,228.4,0.4477,1
701,29.2083,72.3,3.4,317.1,228.7,0.4377,1
702,29.25,73.1,3.5,317.1,228.5,0.435,1
703,29.2917,73.6,3.6,317.1,228.4,0.4415,1
704,29.3333,71.9,3.4,317.1,228.1,0.4515,1
705,29.375,72.8,3.4,317.0,228.3,0.4552,1
706,29.4167,72.6,3.5,317.2,227.8,0.44,1
707,29.4583,72.6,3.5,317.2,227.8,0.4302,1
708,29.5,72.2,3.4,317.2,227.6,0.4621,1
709,29.5417,72.6,3.4,317.0,227.9,0.4282,1
710,29.5833,72.6,3.4,317.2,228.2,0.4078,1
711,29.625,72.5,3.3,317.1,228.2,0.4043,1
712,29.6667,72.1,3.3,317.0,228.4,0.4056,1
713,29.7083,71.6,3.2,317.2,226.7,0.418,1
714,29.75,71.2,3.3,317.1,227.2,0.4227,1
715,29.7917,70.9,3.3,317.2,226.9,0.4319,1
716,29.8333,70.7,3.3,317.4,226.3,0.4258,1
717,29.875,71.4,3.2,317.5,227.0,0.3985,1
718,29.9167,72.2,3.4,317.5,227.1,0.3772,1
719,29.9583,72.3,3.4,317.5,227.1,0.3766,1
720,30.0,70.9,3.0,317.1,226.3,0.3357,1
721,30.0417,70.8,3.0,317.2,225.9,0.4029,1
722,30.0833,71.5,3.4,317.1,226.4,0.4153,1
723,30.125,71.3,3.4,317.2,226.5,0.4119,1
724,30.1667,71.6,3.3,317.2,226.1,0.3895,1
725,30.2083,69.6,3.0,317.4,224.8,0.3619,1
726,30.25,70.0,3.0,317.4,224.4,0.3521,1
727,30.2917,71.1,3.0,317.5,224.5,0.3603,1
728,30.3333,70.4,3.2,317.2,226.2,0.3417,1
729,30.375,69.6,3.1,317.2,224.6,0.3681,1
730,30.4167,69.4,3.1,317.2,224.5,0.3667,1
731,30.4583,69.5,3.1,317.2,224.5,0.3694,1
732,30.5,70.2,2.9,317.3,223.7,0.3493,1
733,30.5417,71.9,3.1,317.0,225.3,0.3623,1
734,30.5833,72.2,3.0,316.9,227.1,0.3554,1
735,30.625,71.5,3.0,317.0,225.3,0.3605,1
736,30.6667,71.5,3.1,317.1,225.8,0.3308,1
737,30.7083,69.2,3.1,317.1,225.3,0.3266,1
738,30.75,71.2,3.1,317.0,225.8,0.3556,1
739,30.7917,71.1,3.1,317.2,226.0,0.3602,1
740,30.8333,69.8,2.9,317.2,226.0,0.3768,1
741,30.875,68.0,3.0,317.4,224.2,0.3509,1
742,30.9167,67.7,3.0,317.3,224.7,0.3403,1
743,30.9583,67.6,3.0,317.4,224.3,0.3314,1
744,31.0,69.4,2.9,317.3,223.5,0.3566,1
745,31.0417,70.3,3.0,317.6,224.0,0.3313,1
746,31.0833,69.6,3.0,317.6,226.0,0.3061,1
747,31.125,69.2,3.0,317.5,225.9,0.3012,1
748,31.1667,68.7,3.2,317.5,225.5,0.2926,1
749,31.2083,69.7,3.1,317.6,223.9,0.3129,1
750,31.25,70.7,3.2,317.5,223.2,0.3245,1
751,31.2917,70.7,3.1,317.5,223.2,0.3252,1
752,31.3333,70.3,3.1,317.6,222.3,0.3467,1
753,31.375,70.7,3.0,317.5,222.9,0.3187,1
754,31.4167,71.6,3.2,317.6,222.0,0.3556,1
755,31.4583,71.3,3.1,317.7,222.0,0.3601,1
756,31.5,71.0,3.2,317.7,221.5,0.3268,1
757,31.5417,70.8,3.3,317.6,222.7,0.3196,1
758,31.5833,71.0,3.3,317.5,219.7,0.3064,1
759,31.625,71.2,3.4,317.5,219.5,0.3162,1
760,31.6667,71.1,3.3,317.8,220.6,0.3154,1
761,31.7083,69.9,3.2,317.8,219.7,0.327,1
762,31.75,71.8,3.2,317.7,220.2,0.2993,1
763,31.7917,71.4,3.2,317.7,220.4,0.2979,1
764,31.8333,71.3,3.2,317.7,220.5,0.3019,1
765,31.875,69.7,3.1,317.6,219.8,0.3374,1
766,31.9167,71.1,3.2,317.6,218.4,0.3154,1
767,31.9583,71.5,3.2,317.6,218.4,0.3213,1
768,32.0,71.4,3.2,317.7,217.1,0.3518,1
769,32.0417,71.2,3.2,317.8,217.2,0.3326,1
770,32.0833,71.9,3.3,317.7,217.5,0.3276,1
771,32.125,71.9,3.2,317.8,216.2,0.3325,1
772,32.1667,71.1,3.1,317.8,219.0,0.306,1
773,32.2083,70.7,3.3,317.8,219.8,0.3563,1
774,32.25,72.2,3.2,317.7,219.4,0.3623,1
775,32.2917,72.1,3.2,317.7,219.4,0.3651,1
776,32.3333,72.6,3.4,317.9,219.3,0.3745,1
777,32.375,72.0,3.2,317.7,220.5,0.3747,1
778,32.4167,72.5,3.3,317.7,220.5,0.3688,1
779,32.4583,72.5,3.3,317.7,220.8,0.3724,1
780,32.5,72.3,3.3,317.6,221.1,0.3944,1
781,32.5417,71.8,3.2,317.7,221.1,0.3794,1
782,32.5833,73.0,3.3,317.5,221.2,0.3704,1
783,32.625,72.9,3.3,317.6,221.1,0.3723,1
784,32.6667,72.6,3.2,317.5,222.0,0.3237,1
785,32.7083,72.5,3.4,317.5,222.3,0.373,1
786,32.75,72.0,3.3,317.5,221.8,0.3568,1
787,32.7917,71.9,3.3,317.4,221.7,0.3635,1
788,32.8333,71.8,3.4,317.7,221.4,0.3452,1
789,32.875,72.1,3.3,317.5,222.2,0.3554,1
790,32.9167,72.0,3.5,317.5,222.8,0.3452,1
791,32.9583,71.4,3.5,317.5,222.8,0.3409,1
792,33.0,70.7,3.5,317.6,223.0,0.3321,1
793,33.0417,71.8,3.7,317.5,223.0,0.3389,1
794,33.0833,71.9,3.5,317.5,223.0,0.33,1
795,33.125,71.6,3.5,317.5,223.0,0.3269,1
796,33.1667,71.8,3.5,317.5,224.2,0.3193,1
797,33.2083,71.9,3.4,317.7,219.9,0.3041,1
798,33.25,71.3,3.5,317.6,220.3,0.3005,1
799,33.2917,71.3,3.4,317.6,220.1,0.2976,1
800,33.3333,71.1,3.4,317.5,223.3,0.3156,1
801,33.375,70.3,3.3,317.6,223.5,0.3315,1
802,33.4167,69.9,3.4,317.6,223.9,0.3342,1
803,33.4583,69.9,3.5,317.6,223.9,0.3352,1
804,33.5,70.7,3.3,317.6,224.8,0.3415,1
805,33.5417,71.0,3.4,317.6,224.4,0.3047,1
806,33.5833,72.9,3.5,317.7,221.4,0.2596,1
807,33.625,72.5,3.5,317.6,219.4,0.2535,1
808,33.6667,72.6,3.4,317.5,222.0,0.2493,1
809,33.7083,72.7,3.6,317.7,220.2,0.249,1
810,33.75,71.2,3.5,317.7,220.5,0.2489,1
811,33.7917,71.5,3.5,317.6,220.7,0.238,1
812,33.8333,71.6,3.4,317.9,221.0,0.2586,1
813,33.875,70.2,3.3,317.5,225.2,0.2531,1
814,33.9167,70.0,3.4,317.4,224.9,0.2597,1
815,33.9583,70.2,3.3,317.4,224.8,0.2554,1
816,34.0,69.8,3.1,317.3,225.7,0.2608,1
817,34.0417,69.4,3.1,317.4,226.2,0.2208,1
818,34.0833,68.7,3.2,317.4,226.2,0.1963,1
819,34.125,69.3,3.1,317.4,226.3,0.2051,1
820,34.1667,70.2,3.4,317.4,226.0,0.1899,1
821,34.2083,70.3,3.3,317.4,227.1,0.2171,1
822,34.25,70.7,3.3,317.5,226.1,0.2765,1
823,34.2917,70.1,3.3,317.6,226.0,0.2823,1
824,34.3333,71.1,3.3,317.7,225.1,0.2966,1
825,34.375,70.6,3.1,317.5,227.1,0.3211,1
826,34.4167,70.2,3.3,317.5,226.6,0.3052,1
827,34.4583,70.5,3.3,317.5,226.5,0.3088,1
828,34.5,70.4,3.3,317.4,226.9,0.3375,1
829,34.5417,70.7,3.4,317.5,226.6,0.3251,1
830,34.5833,70.6,3.4,317.5,225.1,0.32,1
831,34.625,71.1,3.4,317.5,225.2,0.3222,1
832,34.6667,72.4,3.4,317.6,227.1,0.3332,1
833,34.7083,73.5,3.5,317.6,226.8,0.3172,1
834,34.75,72.1,3.2,317.6,227.6,0.3074,1
835,34.7917,72.2,3.2,317.6,226.9,0.2975,1
836,34.8333,71.4,3.4,317.8,224.9,0.3322,1
837,34.875,73.3,3.3,317.5,227.0,0.3883,1
838,34.9167,73.9,3.5,317.6,226.4,0.3687,1
839,34.9583,73.7,3.5,317.6,226.5,0.3579,1
840,35.0,73.0,3.5,317.7,225.5,0.3977,1
841,35.0417,72.2,3.5,317.5,227.0,0.3398,1
842,35.0833,72.9,3.6,317.3,228.3,0.3103,1
843,35.125,72.8,3.5,317.3,228.2,0.314,1
844,35.1667,72.1,3.4,317.6,227.3,0.3339,1
845,35.2083,72.7,3.4,317.4,228.2,0.3742,1
846,35.25,71.5,3.4,317.4,227.1,0.3743,1
847,35.2917,71.4,3.4,317.4,227.0,0.3757,1
848,35.3333,72.3,3.3,317.5,226.8,0.354,1
849,35.375,73.0,3.1,317.3,227.4,0.372,1
850,35.4167,72.2,3.2,317.5,226.4,0.3707,1
851,35.4583,71.1,3.2,317.6,226.5,0.3703,1
852,35.5,72.2,3.2,317.5,227.0,0.3967,1
853,35.5417,72.1,3.2,317.5,226.8,0.3935,1
854,35.5833,73.1,3.3,317.4,226.9,0.412,1
855,35.625,73.1,3.3,317.4,226.9,0.4122,1
856,35.6667,73.0,3.2,317.3,227.4,0.4062,1
857,35.7083,71.8,3.0,317.4,229.1,0.3187,1
858,35.75,70.5,3.1,317.2,229.9,0.3501,1
859,35.7917,70.3,3.1,317.2,230.0,0.3451,1
860,35.8333,69.6,3.2,317.5,229.1,0.3386,1
861,35.875,71.6,3.3,317.1,229.0,0.4114,1
862,35.9167,72.6,3.3,317.3,229.7,0.3679,1
863,35.9583,72.2,3.2,317.2,229.7,0.3681,1
864,36.0,73.3,3.4,317.4,227.2,0.3895,1
865,36.0417,72.8,3.4,317.2,228.4,0.3767,1
866,36.0833,70.9,3.2,317.1,228.9,0.3649,1
867,36.125,71.2,3.3,317.1,229.0,0.3654,1
868,36.1667,71.4,3.4,317.2,230.1,0.3709,1
869,36.2083,71.1,3.4,317.4,228.0,0.362,1
870,36.25,72.2,3.4,317.2,229.0,0.411,1
871,36.2917,72.5,3.4,317.2,229.1,0.4027,1
872,36.3333,70.7,3.4,317.3,228.4,0.4283,1
873,36.375,71.9,3.3,317.3,228.1,0.4431,1
874,36.4167,72.6,3.6,317.2,227.1,0.3733,1
875,36.4583,72.9,3.5,317.3,227.1,0.3592,1
876,36.5,72.8,3.4,316.9,229.3,0.384,1
877,36.5417,73.5,3.6,316.9,228.8,0.3227,1
878,36.5833,74.3,3.5,317.0,228.8,0.3168,1
879,36.625,73.5,3.5,316.9,229.2,0.3108,1
880,36.6667,73.3,3.7,317.2,225.3,0.2837,1
881,36.7083,73.8,3.4,317.3,227.1,0.2152,1
882,36.75,73.8,3.5,317.3,226.3,0.2694,1
883,36.7917,73.7,3.5,317.3,226.5,0.2715,1
884,36.8333,73.3,3.6,317.3,227.3,0.269,1
885,36.875,75.1,3.5,317.1,227.3,0.2997,1
886,36.9167,74.7,3.5,317.1,228.0,0.2865,1
887,36.9583,74.3,3.4,317.0,228.3,0.2873,1
888,37.0,74.5,3.5,317.0,228.2,0.2991,1
889,37.0417,75.2,3.5,316.8,227.8,0.3359,1
890,37.0833,76.2,3.5,316.9,227.5,0.3592,1
891,37.125,76.2,3.5,316.9,227.5,0.372,1
892,37.1667,76.9,3.5,317.1,227.0,0.4076,1
893,37.2083,76.1,3.5,317.3,227.3,0.2639,1
894,37.25,77.4,3.4,317.2,226.2,0.3767,1
895,37.2917,77.7,3.5,317.2,226.2,0.374,1
896,37.3333,76.4,3.4,317.2,227.2,0.3985,1
897,37.375,76.7,3.5,317.1,223.9,0.4286,1
898,37.4167,76.4,3.5,317.2,222.8,0.4308,1
899,37.4583,76.0,3.5,317.2,222.8,0.4269,1
900,37.5,78.2,3.5,317.0,223.0,0.4758,1
901,37.5417,76.0,3.6,317.2,223.0,0.4346,1
902,37.5833,76.5,3.7,317.0,224.7,0.4479,1
903,37.625,76.5,3.7,316.9,224.7,0.4467,1
904,37.6667,77.0,3.7,316.8,226.4,0.3924,1
905,37.7083,76.2,3.5,317.1,223.9,0.4279,1
906,37.75,77.3,3.6,316.9,224.6,0.4118,1
907,37.7917,77.3,3.7,316.9,224.6,0.4126,1
908,37.8333,76.5,3.5,317.1,223.3,0.4474,1
909,37.875,76.2,3.4,316.8,224.2,0.4279,1
910,37.9167,75.6,3.6,316.7,224.0,0.4443,1
911,37.9583,75.8,3.7,316.7,224.0,0.4459,1
912,38.0,75.9,3.6,316.7,224.6,0.4307,1
913,38.0417,78.1,3.8,316.4,225.5,0.4345,1
914,38.0833,76.4,3.8,316.5,225.3,0.4191,1
915,38.125,76.3,3.8,316.5,225.2,0.4154,1
916,38.1667,75.9,3.8,316.6,224.7,0.4163,1
917,38.2083,77.4,3.9,316.5,225.5,0.4345,1
918,38.25,77.5,4.0,316.7,224.1,0.4177,1
919,38.2917,77.6,4.0,316.8,224.1,0.416,1
920,38.3333,76.6,4.0,316.9,222.4,0.4277,1
921,38.375,75.0,4.0,317.1,218.4,0.4031,1
922,38.4167,73.5,3.8,317.0,217.6,0.4516,1
923,38.4583,73.5,3.8,317.1,217.5,0.454,1
924,38.5,76.9,3.8,316.9,218.1,0.5051,1
925,38.5417,76.1,3.8,316.9,224.4,0.4215,1
926,38.5833,73.7,3.8,316.8,225.2,0.3921,1
927,38.625,73.9,3.9,316.8,225.0,0.3956,1
928,38.6667,74.6,3.8,316.8,224.9,0.4366,1
929,38.7083,75.8,3.7,316.7,225.7,0.4903,1
930,38.75,75.3,3.6,316.8,225.1,0.4633,1
931,38.7917,75.7,3.6,316.8,225.6,0.4674,1
932,38.8333,75.5,3.8,316.6,225.0,0.4713,1
933,38.875,75.0,3.9,316.8,225.0,0.45,1
934,38.9167,73.5,3.7,316.9,223.4,0.4244,1
935,38.9583,73.4,3.7,316.9,222.9,0.4261,1
936,39.0,74.0,3.6,317.0,222.2,0.4973,1
937,39.0417,73.6,3.8,316.9,219.8,0.4489,1
938,39.0833,73.6,3.8,317.0,220.0,0.4405,1
939,39.125,73.7,3.8,317.0,220.5,0.4394,1
940,39.1667,74.3,3.7,317.1,220.1,0.4387,1
941,39.2083,73.2,3.7,317.2,215.2,0.4967,1
942,39.25,73.3,3.7,317.0,217.7,0.443,1
943,39.2917,73.5,3.7,317.0,217.5,0.4488,1
944,39.3333,74.4,3.7,316.9,219.9,0.426,1
945,39.375,75.2,3.7,316.8,219.2,0.4074,1
946,39.4167,75.5,3.7,316.8,221.1,0.3934,1
947,39.4583,75.7,3.7,316.8,221.0,0.3963,1
948,39.5,74.5,3.7,316.8,221.7,0.396,1
949,39.5417,75.5,3.7,317.1,217.9,0.4088,1
950,39.5833,75.3,3.6,317.1,222.7,0.3579,1
951,39.625,75.0,3.6,317.1,223.0,0.3552,1
952,39.6667,74.8,3.5,317.0,225.2,0.3432,1
953,39.7083,75.1,3.6,317.0,221.3,0.3773,1
954,39.75,75.5,3.6,316.9,220.5,0.3686,1
955,39.7917,75.3,3.6,316.8,221.0,0.3758,1
956,39.8333,75.1,3.7,317.1,219.3,0.4094,1
957,39.875,73.9,3.7,316.8,223.7,0.3656,1
958,39.9167,75.1,3.6,316.7,224.5,0.3124,1
959,39.9583,75.5,3.7,316.7,224.1,0.3172,1
960,40.0,70.8,3.1,316.5,224.1,0.3848,1
961,40.0417,72.7,3.4,316.9,218.1,0.3774,1
962,40.0833,72.7,3.4,316.6,220.6,0.4017,1
963,40.125,71.3,3.4,316.6,221.1,0.3889,1
964,40.1667,72.8,3.7,316.8,216.7,0.353,1
965,40.2083,74.2,3.6,316.9,218.2,0.3335,1
966,40.25,74.0,3.7,317.1,214.2,0.2771,1
967,40.2917,74.5,3.7,317.0,213.4,0.2703,1
968,40.3333,74.0,3.6,317.3,212.9,0.3303,1
969,40.375,73.0,3.6,317.1,220.4,0.3466,1
970,40.4167,72.7,3.5,317.2,219.5,0.3456,1
971,40.4583,72.6,3.5,317.2,219.3,0.3416,1
972,40.5,70.7,3.3,316.9,227.1,0.3762,1
973,40.5417,72.2,3.4,317.2,219.6,0.3514,1
974,40.5833,72.3,3.4,316.9,219.3,0.3359,1
975,40.625,72.8,3.5,316.9,219.3,0.3375,1
976,40.6667,72.1,3.4,316.9,221.8,0.3707,1
977,40.7083,72.5,3.2,316.9,223.4,0.394,1
978,40.75,73.0,3.4,316.8,223.3,0.3952,1
979,40.7917,72.5,3.5,316.8,223.2,0.3918,1
980,40.8333,73.2,3.5,317.0,221.0,0.3946,1
981,40.875,72.2,3.4,316.9,217.4,0.3931,1
982,40.9167,73.8,3.4,317.1,214.8,0.3708,1
983,40.9583,73.6,3.5,317.0,215.6,0.3686,1
984,41.0,71.2,3.3,316.6,224.4,0.3691,1
985,41.0417,69.6,3.4,316.9,228.3,0.2322,1
986,41.0833,71.3,3.4,316.7,230.9,0.2102,1
987,41.125,71.3,3.5,316.7,230.8,0.212,1
988,41.1667,71.0,3.4,317.1,230.8,0.192,1
989,41.2083,70.2,3.4,317.2,228.5,0.215,1
990,41.25,70.3,3.4,317.3,228.9,0.2299,1
991,41.2917,70.5,3.5,317.3,228.9,0.2346,1
992,41.3333,71.0,3.6,317.3,229.1,0.2483,1
993,41.375,70.0,3.3,317.6,229.3,0.2216,1
994,41.4167,71.0,3.4,317.5,229.3,0.2289,1
995,41.4583,70.6,3.4,317.4,229.2,0.2318,1
996,41.5,70.5,3.5,317.6,228.6,0.2548,1
997,41.5417,70.0,3.6,317.3,226.9,0.2648,1
998,41.5833,70.0,3.6,317.4,229.8,0.2625,1
999,41.625,70.5,3.7,317.3,229.7,0.2761,1
1000,41.6667,70.6,3.6,317.4,229.4,0.2967,1
1001,41.7083,70.2,3.4,317.7,227.5,0.302,1
1002,41.75,69.6,3.4,317.6,227.7,0.3154,1
1003,41.7917,69.2,3.4,317.6,228.0,0.3222,1
1004,41.8333,68.9,3.3,317.5,227.8,0.3289,1
1005,41.875,70.1,3.3,317.5,226.4,0.3433,1
1006,41.9167,70.6,3.4,317.5,223.6,0.3245,1
1007,41.9583,70.9,3.3,317.4,223.7,0.3185,1
1008,42.0,69.8,3.4,317.1,227.2,0.3478,1
1009,42.0417,70.4,3.4,317.1,228.3,0.3253,1
1010,42.0833,69.6,3.5,317.1,227.7,0.3661,1
1011,42.125,69.9,3.5,317.2,227.6,0.3721,1
1012,42.1667,70.3,3.5,317.1,227.0,0.3574,1
1013,42.2083,69.8,3.5,317.0,225.6,0.3864,1
1014,42.25,70.3,3.6,317.3,220.2,0.3684,1
1015,42.2917,70.3,3.7,317.3,220.1,0.37,1
1016,42.3333,71.4,3.7,317.5,218.5,0.3736,1
1017,42.375,72.7,3.8,317.2,220.0,0.3732,1
1018,42.4167,72.2,3.7,317.3,220.4,0.3754,1
1019,42.4583,73.0,3.8,317.3,220.5,0.3755,1
1020,42.5,72.1,3.8,317.1,223.4,0.4051,1
1021,42.5417,72.5,3.7,317.1,223.7,0.3829,1
1022,42.5833,72.9,3.7,317.1,224.7,0.4109,1
1023,42.625,73.3,3.7,317.0,224.7,0.413,1
1024,42.6667,72.1,3.6,317.2,226.6,0.4079,1
1025,42.7083,70.7,3.5,317.4,224.8,0.3649,1
1026,42.75,70.8,3.5,317.4,223.8,0.3744,1
1027,42.7917,71.5,3.5,317.5,222.6,0.3763,1
1028,42.8333,72.4,3.6,317.6,220.1,0.3699,1
1029,42.875,70.9,3.5,317.4,224.2,0.3668,1
1030,42.9167,71.0,3.5,317.5,225.5,0.3539,1
1031,42.9583,71.2,3.5,317.5,225.5,0.3534,1
1032,43.0,72.0,3.6,317.5,228.3,0.3733,1
1033,43.0417,72.9,3.5,317.4,227.0,0.4181,1
1034,43.0833,71.8,3.5,317.4,226.3,0.406,1
1035,43.125,72.0,3.5,317.4,226.5,0.4067,1
1036,43.1667,71.6,3.4,317.3,221.7,0.3891,1
1037,43.2083,69.3,3.3,317.3,226.7,0.3386,1
1038,43.25,69.2,3.4,317.1,228.3,0.3235,1
1039,43.2917,69.7,3.4,317.1,228.2,0.3272,1
1040,43.3333,69.6,3.5,317.3,225.3,0.3412,1
1041,43.375,71.5,3.5,317.2,228.1,0.3692,1
1042,43.4167,71.6,3.6,317.0,229.6,0.3551,1
1043,43.4583,71.8,3.6,317.0,229.6,0.357,1
1044,43.5,70.9,3.7,317.2,228.7,0.3145,1
1045,43.5417,70.7,3.7,317.3,226.8,0.3242,1
1046,43.5833,73.0,3.7,317.2,228.3,0.2567,1
1047,43.625,72.9,3.6,317.4,228.2,0.2821,1
1048,43.6667,73.4,3.5,317.1,230.4,0.2812,1
1049,43.7083,74.6,3.7,317.0,230.4,0.2755,1
1050,43.75,71.2,3.8,317.1,230.2,0.2534,1
1051,43.7917,71.3,3.7,317.2,229.7,0.2532,1
1052,43.8333,71.3,3.7,317.3,226.3,0.3233,1
1053,43.875,71.5,3.8,317.3,225.2,0.3139,1
1054,43.9167,70.2,3.6,317.3,226.5,0.2668,1
1055,43.9583,71.2,3.6,317.4,226.7,0.2594,1
1056,44.0,68.7,3.5,317.5,226.2,0.2388,1
1057,44.0417,69.2,3.5,317.1,229.9,0.2107,1
1058,44.0833,71.6,3.6,317.0,231.0,0.2145,1
1059,44.125,71.7,3.4,317.0,231.0,0.2009,1
1060,44.1667,72.0,3.7,317.2,230.3,0.1867,1
1061,44.2083,70.5,3.4,317.7,225.8,0.2527,1
1062,44.25,71.4,3.5,317.6,226.8,0.2546,1
1063,44.2917,71.5,3.5,317.6,227.1,0.2595,1
1064,44.3333,71.8,3.6,317.5,224.4,0.3219,1
1065,44.375,70.7,3.5,317.1,224.3,0.3077,1
1066,44.4167,70.7,3.5,317.2,225.4,0.288,1
1067,44.4583,70.5,3.5,317.1,226.5,0.2836,1
1068,44.5,73.5,3.6,316.9,229.7,0.2824,1
1069,44.5417,71.0,3.5,316.8,230.0,0.2248,1
1070,44.5833,72.6,3.8,317.1,226.8,0.2676,1
1071,44.625,72.2,3.7,317.1,226.9,0.2664,1
1072,44.6667,73.1,3.3,316.7,232.6,0.3007,1
1073,44.7083,69.7,3.3,317.1,230.3,0.234,1
1074,44.75,70.0,3.3,317.3,229.8,0.2064,1
1075,44.7917,70.2,3.3,317.3,229.3,0.213,1
1076,44.8333,70.3,3.3,317.5,230.1,0.201,1
1077,44.875,69.5,3.2,317.3,231.4,0.2162,1
1078,44.9167,71.2,3.2,317.2,232.3,0.2094,1
1079,44.9583,70.8,3.2,317.2,232.3,0.2095,1
1080,45.0,70.1,3.3,317.0,231.5,0.2247,1
1081,45.0417,71.3,3.4,317.0,230.1,0.2597,1
1082,45.0833,72.8,3.4,316.9,231.6,0.2798,1
1083,45.125,72.9,3.4,316.9,231.5,0.3015,1
1084,45.1667,73.3,3.5,316.9,231.9,0.283,1
1085,45.2083,71.0,3.4,317.0,231.4,0.2484,1
1086,45.25,72.0,3.3,317.2,230.8,0.2598,1
1087,45.2917,71.5,3.3,317.2,230.9,0.2617,1
1088,45.3333,72.9,3.4,317.2,230.8,0.2811,1
1089,45.375,73.8,3.3,317.2,227.4,0.3278,1
1090,45.4167,73.5,3.3,317.2,227.6,0.3052,1
1091,45.4583,73.3,3.3,317.2,227.7,0.3051,1
1092,45.5,74.2,3.4,316.7,230.6,0.3062,1
1093,45.5417,73.7,3.4,316.4,231.6,0.3116,1
1094,45.5833,73.9,3.4,316.4,232.6,0.3635,1
1095,45.625,74.1,3.4,316.4,232.7,0.3573,1
1096,45.6667,74.4,3.6,316.8,232.1,0.3387,1
1097,45.7083,71.3,3.5,316.6,232.9,0.2538,1
1098,45.75,71.8,3.6,316.8,233.1,0.2288,1
1099,45.7917,71.8,3.6,316.7,233.2,0.2313,1
1100,45.8333,73.9,3.6,317.0,232.9,0.221,1
1101,45.875,72.9,3.7,316.7,233.2,0.2117,1
1102,45.9167,72.5,3.6,316.6,233.2,0.2039,1
1103,45.9583,71.9,3.6,316.6,233.2,0.2065,1
1104,46.0,70.6,3.5,316.4,235.1,0.194,1
1105,46.0417,72.6,3.6,316.4,235.6,0.1989,1
1106,46.0833,71.4,3.5,316.5,235.0,0.2122,1
1107,46.125,72.0,3.6,316.4,234.8,0.2195,1
1108,46.1667,72.8,3.5,316.4,235.1,0.2178,1
1109,46.2083,72.2,3.5,316.3,232.9,0.244,1
1110,46.25,70.9,3.5,316.4,233.2,0.2584,1
1111,46.2917,71.1,3.5,316.4,233.2,0.2516,1
1112,46.3333,70.8,3.6,316.6,234.6,0.2606,1
1113,46.375,70.8,3.4,316.5,235.2,0.2886,1
1114,46.4167,70.9,3.5,316.5,234.8,0.2924,1
1115,46.4583,70.9,3.5,316.5,234.8,0.2982,1
1116,46.5,71.9,3.5,316.4,234.4,0.2998,1
1117,46.5417,72.9,3.6,316.5,234.7,0.2754,1
1118,46.5833,72.5,3.5,316.4,235.0,0.2506,1
1119,46.625,72.7,3.5,316.4,235.1,0.2484,1
1120,46.6667,71.9,3.5,316.7,233.7,0.23,1
1121,46.7083,72.4,3.5,316.5,234.4,0.2488,1
1122,46.75,72.7,3.6,316.5,234.3,0.2497,1
1123,46.7917,72.4,3.6,316.5,234.3,0.2477,1
1124,46.8333,73.3,3.5,316.4,234.5,0.2775,1
1125,46.875,71.7,3.5,316.6,234.6,0.2658,1
1126,46.9167,72.0,3.7,316.5,233.9,0.2511,1
1127,46.9583,71.8,3.7,316.4,234.0,0.254,1
1128,47.0,72.1,3.7,316.8,231.7,0.3461,1
1129,47.0417,72.6,3.6,316.7,230.7,0.3487,1
1130,47.0833,71.8,3.6,316.8,230.9,0.4091,1
1131,47.125,71.9,3.6,316.8,230.8,0.4031,1
1132,47.1667,70.9,3.7,316.8,230.0,0.3433,1
1133,47.2083,70.8,3.8,316.7,227.9,0.3381,1
1134,47.25,71.9,3.8,316.6,228.5,0.3104,1
1135,47.2917,72.1,3.8,316.6,228.6,0.3127,1
1136,47.3333,72.6,3.8,316.8,228.5,0.3415,1
1137,47.375,72.1,3.6,316.7,231.8,0.3288,1
1138,47.4167,72.6,3.6,316.6,231.1,0.3209,1
1139,47.4583,72.6,3.6,316.7,231.1,0.3196,1
1140,47.5,72.4,3.5,316.6,230.6,0.3112,1
1141,47.5417,72.7,3.4,316.7,230.7,0.2805,1
1142,47.5833,72.6,3.4,316.7,231.2,0.2897,1
1143,47.625,72.3,3.5,316.6,231.1,0.2763,1
1144,47.6667,72.6,3.7,316.8,232.3,0.2684,1
1145,47.7083,70.6,3.5,316.7,232.7,0.1923,1
1146,47.75,71.1,3.6,316.9,231.9,0.1878,1
1147,47.7917,70.3,3.5,316.9,231.9,0.1826,1
1148,47.8333,70.9,3.4,317.1,230.8,0.2408,1
1149,47.875,71.7,3.5,316.7,230.9,0.2209,1
1150,47.9167,71.4,3.4,316.9,231.3,0.2348,1
1151,47.9583,71.3,3.4,316.9,231.2,0.2374,1
1152,48.0,71.8,3.4,317.0,230.6,0.2626,1
1153,48.0417,72.0,3.5,316.7,230.8,0.2695,1
1154,48.0833,71.8,3.4,316.9,231.9,0.2481,1
1155,48.125,71.7,3.4,316.8,231.9,0.2473,1
1156,48.1667,72.2,3.5,317.0,232.4,0.2206,1
1157,48.2083,72.8,3.6,316.8,233.9,0.2319,1
1158,48.25,72.1,3.6,316.8,233.3,0.2326,1
1159,48.2917,72.6,3.6,316.8,233.3,0.2419,1
1160,48.3333,72.4,3.6,316.8,233.3,0.1867,1
1161,48.375,72.6,3.6,316.8,232.8,0.195,1
1162,48.4167,72.9,3.6,316.6,233.3,0.2152,1
1163,48.4583,72.2,3.6,316.6,233.2,0.2032,1
1164,48.5,72.8,3.7,316.6,233.2,0.2091,1
1165,48.5417,71.7,3.7,317.0,232.6,0.1968,1
1166,48.5833,71.8,3.7,317.1,232.1,0.2121,1
1167,48.625,71.6,3.7,317.1,232.0,0.2105,1
1168,48.6667,71.7,3.6,317.1,231.7,0.2186,1
1169,48.7083,70.7,3.6,317.2,230.7,0.201,1
1170,48.75,72.5,3.7,316.9,232.1,0.1829,1
1171,48.7917,72.4,3.7,316.9,232.0,0.1787,1
1172,48.8333,70.5,3.7,317.0,232.0,0.1644,1
1173,48.875,70.8,3.6,316.9,230.4,0.18,1
1174,48.9167,72.3,3.5,316.8,230.4,0.2169,1
1175,48.9583,72.4,3.6,316.8,230.5,0.2209,1
1176,49.0,72.2,3.6,316.7,230.9,0.2192,1
1177,49.0417,72.2,3.5,316.5,231.4,0.2244,1
1178,49.0833,72.4,3.6,316.5,231.1,0.2274,1
1179,49.125,72.4,3.6,316.5,231.2,0.2286,1
1180,49.1667,72.0,3.6,316.6,229.6,0.2337,1
1181,49.2083,71.5,3.4,316.7,231.2,0.2398,1
1182,49.25,71.1,3.5,316.8,231.0,0.2174,1
1183,49.2917,71.0,3.5,316.7,231.1,0.2262,1
1184,49.3333,70.5,3.6,316.8,230.9,0.237,1
1185,49.375,71.4,3.4,316.5,231.6,0.2409,1
1186,49.4167,73.9,3.6,316.6,231.6,0.2603,1
1187,49.4583,73.5,3.6,316.6,231.6,0.2586,1
1188,49.5,74.0,3.5,316.7,232.2,0.2121,1
1189,49.5417,72.6,3.6,316.6,232.3,0.2215,1
1190,49.5833,74.3,3.7,316.5,232.3,0.2086,1
1191,49.625,74.4,3.6,316.5,232.1,0.2282,1
1192,49.6667,73.8,3.6,316.5,232.8,0.1757,1
1193,49.7083,74.7,3.6,316.4,232.1,0.2414,1
1194,49.75,75.6,3.6,316.4,232.7,0.25,1
1195,49.7917,75.6,3.6,316.4,232.8,0.2544,1
1196,49.8333,74.7,3.5,316.3,232.7,0.2433,1
1197,49.875,74.5,3.5,316.1,233.4,0.2395,1
1198,49.9167,74.1,3.5,316.2,233.3,0.2733,1
1199,49.9583,74.2,3.5,316.2,233.3,0.2661,1
1200,50.0,72.6,3.3,316.8,228.9,0.2646,1
1201,50.0417,72.2,3.3,317.0,230.4,0.231,1
1202,50.0833,71.5,3.3,316.8,229.7,0.2893,1
1203,50.125,71.4,3.3,316.9,229.0,0.2935,1
1204,50.1667,70.7,3.3,317.1,228.6,0.3099,1
1205,50.2083,68.8,3.3,317.3,229.4,0.2928,1
1206,50.25,70.4,3.3,317.3,229.4,0.2832,1
1207,50.2917,70.4,3.3,317.3,229.4,0.2815,1
1208,50.3333,69.6,3.1,317.1,229.5,0.2685,1
1209,50.375,70.3,3.2,316.8,229.0,0.2407,1
1210,50.4167,70.2,3.3,316.9,229.2,0.2554,1
1211,50.4583,71.1,3.2,316.8,229.2,0.2576,1
1212,50.5,72.2,3.3,316.8,230.0,0.2429,1
1213,50.5417,71.6,3.4,317.1,229.9,0.2675,1
1214,50.5833,72.4,3.3,316.8,229.8,0.2367,1
1215,50.625,72.8,3.3,316.8,230.0,0.2359,1
1216,50.6667,72.4,3.3,316.8,230.2,0.2426,1
1217,50.7083,72.7,3.2,317.4,228.0,0.2558,1
1218,50.75,71.3,3.3,317.5,227.5,0.2673,1
1219,50.7917,71.0,3.2,317.5,227.6,0.2671,1
1220,50.8333,71.3,3.2,317.2,228.6,0.2494,1
1221,50.875,72.0,3.2,317.3,226.9,0.2626,1
1222,50.9167,71.5,3.3,317.2,226.2,0.1982,1
1223,50.9583,71.3,3.4,317.2,225.9,0.2035,1
1224,51.0,70.7,3.5,317.4,226.8,0.2485,1
1225,51.0417,72.1,3.3,317.6,223.6,0.2199,1
1226,51.0833,72.5,3.3,317.3,224.0,0.2454,1
1227,51.125,72.5,3.4,317.3,224.0,0.2245,1
1228,51.1667,72.5,3.5,317.2,223.4,0.2517,1
1229,51.2083,72.6,3.5,317.5,222.8,0.2896,1
1230,51.25,72.2,3.4,317.4,226.0,0.2298,1
1231,51.2917,72.3,3.4,317.4,225.7,0.2417,1
1232,51.3333,72.9,3.4,317.2,225.9,0.1899,1
1233,51.375,73.1,3.5,317.4,223.6,0.242,1
1234,51.4167,72.8,3.3,317.4,224.7,0.2196,1
1235,51.4583,73.2,3.4,317.4,224.7,0.2162,1
1236,51.5,72.2,3.4,317.5,225.2,0.1952,1
1237,51.5417,72.0,3.4,317.6,223.7,0.3171,1
1238,51.5833,72.1,3.4,317.2,226.8,0.209,1
1239,51.625,72.1,3.4,317.3,226.5,0.2153,1
1240,51.6667,72.2,3.5,317.2,226.6,0.2209,1
1241,51.7083,71.0,3.3,317.4,225.6,0.2002,1
1242,51.75,69.7,3.3,317.4,224.6,0.1847,1
1243,51.7917,69.5,3.4,317.4,224.5,0.1958,1
1244,51.8333,71.0,3.3,317.3,225.2,0.2461,1
1245,51.875,71.6,3.5,317.4,221.8,0.3334,1
1246,51.9167,71.5,3.5,317.5,218.1,0.3631,1
1247,51.9583,71.8,3.5,317.4,218.8,0.3614,1
1248,52.0,71.8,3.7,317.5,221.7,0.3406,1
1249,52.0417,71.1,3.7,317.5,223.0,0.2929,1
1250,52.0833,70.4,3.4,317.4,223.9,0.2867,1
1251,52.125,70.5,3.4,317.4,223.4,0.2929,1
1252,52.1667,70.8,3.4,317.3,225.7,0.2476,1
1253,52.2083,72.0,3.3,317.0,227.4,0.2458,1
1254,52.25,72.6,3.4,317.2,228.6,0.227,1
1255,52.2917,73.1,3.5,317.2,228.6,0.2207,1
1256,52.3333,71.8,3.2,317.0,229.5,0.2056,1
1257,52.375,73.7,3.4,316.8,229.8,0.2883,1
1258,52.4167,,,,,,
1259,52.4583,50.1,2.9,317.9,233.2,0.1092,1
1260,52.5,50.1,2.8,317.8,233.0,0.1748,1
1261,52.5417,72.5,3.4,317.1,226.9,0.1922,1
1262,52.5833,71.9,3.2,316.9,228.0,0.1702,1
1263,52.625,72.1,3.3,316.8,228.4,0.1204,1
1263,52.625,48.3,2.7,317.6,232.4,0.102,1
1264,52.6667,71.8,3.3,317.2,227.9,0.2041,1
1265,52.7083,70.8,3.2,317.4,228.0,0.1979,1
1266,52.75,69.8,3.3,317.3,228.0,0.1751,1
1267,52.7917,69.7,3.2,317.3,228.0,0.1872,1
1268,52.8333,69.7,3.2,317.4,227.8,0.2307,1
1269,52.875,69.6,3.2,317.5,225.4,0.3151,1
1270,52.9167,69.4,3.1,317.5,225.1,0.3193,1
1271,52.9583,69.3,3.2,317.5,225.3,0.3238,1
1272,53.0,69.5,3.2,317.5,226.8,0.3029,1
1273,53.0417,71.5,3.3,317.4,226.2,0.3429,1
1274,53.0833,70.6,3.2,317.4,224.0,0.4091,1
1275,53.125,70.8,3.2,317.4,223.9,0.4132,1
1276,53.1667,69.4,3.2,317.4,224.9,0.3503,1
1277,53.2083,71.3,3.4,317.6,223.5,0.4006,1
1278,53.25,69.3,3.4,317.7,224.2,0.4045,1
1279,53.2917,70.1,3.4,317.7,224.2,0.3994,1
1280,53.3333,70.8,3.5,317.2,224.8,0.3816,1
1281,53.375,70.2,3.4,317.5,225.0,0.3841,1
1282,53.4167,70.7,3.6,317.2,225.6,0.3587,1
1283,53.4583,71.7,3.6,317.2,225.7,0.3675,1
1284,53.5,71.3,3.6,317.2,225.8,0.3865,1
1285,53.5417,71.1,3.5,317.3,225.2,0.438,1
1286,53.5833,74.3,3.7,316.7,225.7,0.3652,1
1287,53.625,74.2,3.7,316.6,226.0,0.307,1
1288,53.6667,74.7,3.5,317.1,225.0,0.3678,1
1289,53.7083,73.9,3.5,316.6,223.1,0.19,1
1290,53.75,75.5,3.7,316.7,223.6,0.2116,1
1291,53.7917,75.5,3.8,316.6,223.6,0.1353,1
1292,53.8333,75.1,3.6,316.9,221.8,0.2539,1
1293,53.875,78.5,3.9,316.8,222.8,0.2736,1
1294,53.9167,76.4,3.9,316.7,223.7,0.1191,1
1294,53.9167,53.2,3.5,315.3,229.4,0.1172,1
1295,53.9583,75.8,4.0,316.8,223.5,0.2239,1
1296,54.0,76.5,4.0,316.7,223.3,0.3026,1
1297,54.0417,74.8,3.9,317.1,222.3,0.3311,1
1298,54.0833,74.7,3.9,317.0,221.7,0.3064,1
1299,54.125,74.0,3.9,317.0,221.7,0.3046,1
1300,54.1667,75.9,4.0,316.8,223.7,0.2672,1
1301,54.2083,76.8,3.9,316.8,224.6,0.2615,1
1302,54.25,76.9,3.7,317.2,224.3,0.2176,1
1303,54.2917,76.4,3.7,317.1,224.6,0.2213,1
1304,54.3333,76.3,3.8,316.9,224.4,0.2728,1
1305,54.375,76.3,3.7,317.0,224.2,0.3086,1
1306,54.4167,75.9,3.9,316.9,225.7,0.2866,1
1307,54.4583,76.3,3.9,316.8,225.8,0.2965,1
1308,54.5,75.4,3.6,316.7,226.2,0.2731,1
1309,54.5417,73.5,3.5,316.9,226.2,0.2922,1
1310,54.5833,74.7,3.6,316.7,225.6,0.3056,1
1311,54.625,74.5,3.7,316.7,225.5,0.299,1
1312,54.6667,74.0,3.4,316.9,223.4,0.2991,1
1313,54.7083,73.9,3.3,316.8,224.7,0.2959,1
1314,54.75,75.2,3.4,316.8,224.8,0.3174,1
1315,54.7917,75.4,3.4,316.8,224.5,0.3013,1
1316,54.8333,75.9,3.7,316.7,225.9,0.3409,1
1317,54.875,75.4,3.7,316.7,220.7,0.3228,1
1318,54.9167,76.3,3.7,316.9,221.6,0.2944,1
1319,54.9583,76.0,3.7,316.8,221.6,0.3094,1
1320,55.0,75.8,3.7,317.0,220.6,0.3119,1
1321,55.0417,75.5,3.6,317.1,221.3,0.3195,1
1322,55.0833,76.2,3.6,316.8,221.8,0.3467,1
1323,55.125,76.3,3.6,316.9,221.7,0.3413,1
1324,55.1667,74.4,3.6,317.0,222.0,0.3314,1
1325,55.2083,76.0,3.7,317.1,221.2,0.2876,1
1326,55.25,74.7,3.5,317.0,223.8,0.2695,1
1327,55.2917,74.7,3.6,317.0,223.8,0.2662,1
1328,55.3333,75.6,3.6,316.9,222.5,0.31,1
1329,55.375,76.5,3.7,316.8,219.9,0.3235,1
1330,55.4167,77.3,3.7,316.5,223.1,0.306,1
1331,55.4583,76.9,3.7,316.5,223.1,0.3067,1
1332,55.5,75.9,3.8,316.5,223.7,0.2987,1
1333,55.5417,76.9,3.8,316.8,222.8,0.3075,1
1334,55.5833,76.7,3.7,316.6,223.8,0.3198,1
1335,55.625,76.4,3.8,316.6,224.3,0.3274,1
1336,55.6667,74.1,3.7,316.6,224.0,0.3102,1
1337,55.7083,74.2,3.8,316.5,222.6,0.3033,1
1338,55.75,75.1,3.8,316.7,222.4,0.295,1
1339,55.7917,74.9,3.7,316.7,222.4,0.2971,1
1340,55.8333,74.9,3.7,316.6,223.2,0.3093,1
1341,55.875,75.4,3.7,316.6,225.0,0.3328,1
1342,55.9167,75.8,3.7,316.9,224.4,0.2772,1
1343,55.9583,75.5,3.8,316.9,224.1,0.291,1
1344,56.0,75.3,3.8,316.9,224.6,0.2786,1
1345,56.0417,76.0,3.8,316.9,224.9,0.2872,1
1346,56.0833,76.6,3.9,316.7,226.4,0.3189,1
1347,56.125,77.0,3.9,316.6,226.3,0.3144,1
1348,56.1667,78.0,3.9,316.8,227.0,0.2761,1
1349,56.2083,75.8,3.6,316.9,224.1,0.3118,1
1350,56.25,74.8,3.6,317.0,223.6,0.3133,1
1351,56.2917,75.1,3.7,316.9,223.5,0.3119,1
1352,56.3333,73.4,3.7,316.9,223.3,0.2588,1
1353,56.375,74.5,3.7,316.7,223.3,0.2535,1
1354,56.4167,75.5,3.8,316.7,221.8,0.2398,1
1355,56.4583,75.8,3.9,316.8,221.8,0.2459,1
1356,56.5,74.7,3.8,316.9,222.3,0.2605,1
1357,56.5417,75.7,3.9,316.9,222.0,0.2514,1
1358,56.5833,75.1,3.7,316.7,223.5,0.2453,1
1359,56.625,74.9,3.7,316.8,223.4,0.249,1
1360,56.6667,75.5,3.7,316.9,224.9,0.2071,1
1361,56.7083,75.2,3.8,316.8,221.7,0.2425,1
1362,56.75,74.4,3.7,316.8,221.8,0.2617,1
1363,56.7917,74.0,3.7,316.8,221.8,0.2586,1
1364,56.8333,72.0,3.7,317.0,222.0,0.2931,1
1365,56.875,73.6,3.8,316.9,222.1,0.3196,1
1366,56.9167,73.0,3.8,316.7,222.7,0.2902,1
1367,56.9583,73.2,3.8,316.7,222.6,0.2946,1
1368,57.0,72.7,3.9,316.8,222.0,0.2724,1
1369,57.0417,74.5,3.7,316.9,221.9,0.2927,1
1370,57.0833,75.2,3.7,316.8,224.2,0.3068,1
1371,57.125,75.1,3.8,316.8,224.3,0.294,1
1372,57.1667,75.7,3.8,316.8,224.4,0.2707,1
1373,57.2083,73.7,3.7,316.9,223.6,0.2772,1
1374,57.25,73.8,3.7,317.0,224.3,0.2799,1
1375,57.2917,74.4,3.7,316.9,224.8,0.2823,1
1376,57.3333,73.4,3.6,316.7,224.9,0.292,1
1377,57.375,74.3,3.6,316.8,223.4,0.2927,1
1378,57.4167,74.2,3.7,316.9,221.6,0.2936,1
1379,57.4583,74.9,3.7,317.0,221.2,0.2937,1
1380,57.5,73.4,3.5,316.9,220.8,0.2908,1
1381,57.5417,73.4,3.6,317.0,220.1,0.2984,1
1382,57.5833,74.5,3.6,316.7,219.7,0.3411,1
1383,57.625,74.7,3.7,316.7,219.7,0.3338,1
1384,57.6667,74.2,3.6,317.0,220.3,0.2897,1
1385,57.7083,74.8,3.6,317.5,215.7,0.2818,1
1386,57.75,74.0,3.7,317.5,215.1,0.2851,1
1387,57.7917,73.6,3.6,317.4,215.2,0.2923,1
1388,57.8333,73.8,3.7,316.9,218.8,0.3192,1
1389,57.875,73.6,3.7,317.0,219.1,0.2987,1
1390,57.9167,74.4,3.8,316.9,219.0,0.1604,1
1390,57.9167,53.2,3.6,316.5,222.4,0.1334,1
1391,57.9583,52.4,3.6,316.2,222.6,0.2688,1
1392,58.0,73.9,3.7,317.0,219.4,0.3116,1
1393,58.0417,74.7,3.7,316.8,222.4,0.3053,1
1394,58.0833,74.0,3.9,316.8,222.7,0.2918,1
1395,58.125,74.8,3.9,316.9,222.6,0.2926,1
1396,58.1667,74.8,3.7,316.9,223.5,0.3093,1
1397,58.2083,74.6,3.7,317.3,218.7,0.2218,1
1398,58.25,74.9,3.6,317.1,218.8,0.2547,1
1399,58.2917,74.9,3.6,317.2,218.8,0.2566,1
1400,58.3333,74.1,3.8,317.1,218.8,0.2816,1
1401,58.375,74.6,3.8,317.0,218.6,0.3023,1
1402,58.4167,74.3,3.8,317.1,219.2,0.3095,1
1403,58.4583,74.2,3.8,317.1,219.2,0.3085,1
1404,58.5,72.9,3.7,317.1,218.3,0.3118,1
1405,58.5417,72.9,3.7,317.2,221.0,0.2981,1
1406,58.5833,73.6,3.6,316.8,223.7,0.2975,1
1407,58.625,74.1,3.6,316.8,223.7,0.304,1
1408,58.6667,73.3,3.6,317.0,224.1,0.2605,1
1409,58.7083,73.6,3.5,316.9,224.4,0.2319,1
1410,58.75,74.4,3.6,316.9,225.6,0.2294,1
1411,58.7917,74.4,3.6,316.9,225.6,0.2235,1
1412,58.8333,72.8,3.6,316.9,225.6,0.2293,1
1413,58.875,75.4,3.5,316.9,224.1,0.2546,1
1414,58.9167,73.7,3.6,317.0,221.5,0.279,1
1415,58.9583,73.6,3.7,317.0,221.5,0.2713,1
1416,59.0,73.5,3.7,317.0,221.0,0.2853,1
1417,59.0417,72.3,3.7,317.0,218.7,0.2813,1
1418,59.0833,71.9,3.7,316.7,221.2,0.2754,1
1419,59.125,71.8,3.7,316.7,221.2,0.2748,1
1420,59.1667,72.5,3.7,316.8,221.4,0.3095,1
1421,59.2083,72.0,3.5,317.1,222.0,0.3212,1
1422,59.25,72.3,3.6,317.1,222.4,0.2701,1
1423,59.2917,72.0,3.6,317.2,222.4,0.2686,1
1424,59.3333,72.1,3.5,317.2,222.8,0.2544,1
1425,59.375,72.3,3.5,317.0,223.9,0.2835,1
1426,59.4167,73.2,3.6,316.8,225.5,0.2853,1
1427,59.4583,72.8,3.6,316.8,225.5,0.2823,1
1428,59.5,73.0,3.6,316.7,225.4,0.271,1
1429,59.5417,73.4,3.6,316.7,222.8,0.2982,1
1430,59.5833,73.7,3.6,316.9,222.6,0.3176,1
1431,59.625,74.3,3.6,316.8,222.6,0.3245,1
1432,59.6667,73.9,3.8,316.9,223.0,0.2115,1
1433,59.7083,73.0,3.4,317.1,220.5,0.2956,1
1434,59.75,73.6,3.6,317.1,222.4,0.257,1
1435,59.7917,73.1,3.6,317.0,222.5,0.2653,1
1436,59.8333,73.0,3.5,317.0,223.3,0.2717,1
1437,59.875,72.4,3.5,316.7,223.5,0.2714,1
1438,59.9167,73.6,3.7,316.7,223.4,0.2941,1
1439,59.9583,73.3,3.7,316.7,223.4,0.2947,1
1440,60.0,74.6,3.5,317.0,220.0,0.2544,1
1441,60.0417,74.4,3.5,317.1,219.9,0.294,1
1442,60.0833,73.9,3.4,317.3,221.6,0.3055,1
1443,60.125,73.9,3.4,317.3,221.4,0.2844,1
1444,60.1667,73.9,3.5,317.6,220.3,0.3161,1
1445,60.2083,71.8,3.5,317.5,219.1,0.3153,1
1446,60.25,71.4,3.5,317.5,222.3,0.3028,1
1447,60.2917,71.9,3.5,317.5,222.5,0.2954,1
1448,60.3333,72.7,3.6,317.5,221.2,0.3009,1
1449,60.375,72.9,3.5,317.5,220.8,0.3289,1
1450,60.4167,73.0,3.5,317.6,220.8,0.3326,1
1451,60.4583,73.0,3.5,317.6,220.7,0.324,1
1452,60.5,72.2,3.6,317.6,219.6,0.3414,1
1453,60.5417,72.9,3.5,317.4,219.7,0.3516,1
1454,60.5833,74.0,3.5,317.8,218.2,0.3732,1
1455,60.625,73.6,3.5,317.8,218.3,0.3748,1
1456,60.6667,74.6,3.4,317.7,218.1,0.3388,1
1457,60.7083,72.2,3.3,317.9,218.1,0.3936,1
1458,60.75,71.1,3.2,318.1,215.9,0.3647,1
1459,60.7917,71.2,3.2,318.1,215.8,0.3671,1
1460,60.8333,71.9,3.4,317.9,216.4,0.3783,1
1461,60.875,72.8,3.4,317.7,218.6,0.4065,1
1462,60.9167,73.6,3.4,317.6,220.3,0.3746,1
1463,60.9583,73.8,3.4,317.6,220.3,0.3751,1
1464,61.0,72.8,3.3,317.6,220.3,0.3737,1
1465,61.0417,73.8,3.5,317.6,218.2,0.353,1
1466,61.0833,73.8,3.5,317.5,217.2,0.3794,1
1467,61.125,74.1,3.5,317.6,217.0,0.3753,1
1468,61.1667,74.1,3.6,317.5,220.9,0.3469,1
1469,61.2083,72.9,3.5,317.6,219.6,0.3549,1
1470,61.25,73.6,3.5,317.5,219.7,0.3269,1
1471,61.2917,73.7,3.5,317.5,219.9,0.3301,1
1472,61.3333,74.0,3.3,317.6,219.6,0.3477,1
1473,61.375,73.8,3.4,317.4,219.1,0.37,1
1474,61.4167,74.5,3.4,317.5,221.2,0.3344,1
1475,61.4583,74.6,3.4,317.4,221.4,0.3293,1
1476,61.5,74.6,3.4,317.3,222.4,0.3538,1
1477,61.5417,73.6,3.2,317.2,222.2,0.3713,1
1478,61.5833,74.4,3.3,317.2,223.2,0.3921,1
1479,61.625,73.9,3.3,317.2,223.3,0.3938,1
1480,61.6667,73.2,3.1,317.3,223.2,0.3772,1
1481,61.7083,71.6,3.2,317.5,219.9,0.3946,1
1482,61.75,71.7,3.2,317.7,216.8,0.3759,1
1483,61.7917,71.6,3.2,317.6,216.7,0.3744,1
1484,61.8333,71.8,3.0,317.6,218.7,0.3757,1
1485,61.875,72.9,3.2,317.5,216.6,0.411,1
1486,61.9167,72.9,3.3,317.5,217.7,0.3861,1
1487,61.9583,73.2,3.2,317.5,217.7,0.3913,1
1488,62.0,73.1,3.3,317.7,216.8,0.4046,1
1489,62.0417,73.3,3.3,317.7,217.3,0.3712,1
1490,62.0833,74.3,3.3,317.4,217.6,0.3678,1
1491,62.125,74.3,3.3,317.5,217.5,0.3668,1
1492,62.1667,74.3,3.4,317.6,217.4,0.3713,1
1493,62.2083,72.5,3.4,317.7,215.9,0.3924,1
1494,62.25,73.1,3.5,317.9,213.5,0.3777,1
1495,62.2917,72.9,3.5,317.9,213.5,0.388,1
1496,62.3333,73.8,3.4,317.9,213.7,0.4187,1
1497,62.375,72.3,3.3,317.6,216.7,0.4017,1
1498,62.4167,73.4,3.4,317.7,217.1,0.3831,1
1499,62.4583,73.7,3.4,317.6,217.2,0.3828,1
1500,62.5,73.8,3.4,317.6,219.2,0.3777,1
1501,62.5417,73.8,3.3,317.7,217.8,0.3964,1
1502,62.5833,72.9,3.3,317.4,220.1,0.4296,1
1503,62.625,73.4,3.3,317.3,220.3,0.4329,1
1504,62.6667,73.5,3.4,317.5,219.7,0.4198,1
1505,62.7083,73.0,3.2,317.5,218.7,0.4575,1
1506,62.75,73.6,3.2,317.5,219.2,0.4127,1
1507,62.7917,73.5,3.2,317.5,219.3,0.4167,1
1508,62.8333,72.9,3.1,317.5,219.4,0.4277,1
1509,62.875,73.3,3.2,317.3,221.2,0.3678,1
1510,62.9167,74.3,3.3,317.3,221.2,0.3673,1
1511,62.9583,73.8,3.3,317.1,221.2,0.3616,1
1512,63.0,73.0,3.2,317.4,220.7,0.3588,1
1513,63.0417,71.2,3.2,317.5,221.3,0.362,1
1514,63.0833,72.6,3.4,317.4,218.5,0.3463,1
1515,63.125,72.6,3.4,317.4,218.5,0.3438,1
1516,63.1667,73.3,3.3,317.3,219.3,0.3439,1
1517,63.2083,72.7,3.3,317.3,218.7,0.3413,1
1518,63.25,73.8,3.3,317.4,217.0,0.3264,1
1519,63.2917,73.9,3.3,317.4,217.0,0.3309,1
1520,63.3333,73.5,3.3,317.5,218.7,0.3542,1
1521,63.375,74.1,3.4,317.2,221.3,0.3477,1
1522,63.4167,73.7,3.3,317.1,221.4,0.335,1
1523,63.4583,73.8,3.4,317.1,221.2,0.3231,1
1524,63.5,74.0,3.3,317.0,221.2,0.3396,1
1525,63.5417,74.3,3.4,316.9,221.8,0.3559,1
1526,63.5833,72.2,3.5,317.0,220.5,0.3187,1
1527,63.625,71.5,3.6,317.0,221.1,0.2801,1
1528,63.6667,72.1,3.7,317.1,220.1,0.2578,1
1529,63.7083,71.8,3.6,317.0,220.9,0.3151,1
1530,63.75,71.4,3.5,317.3,220.3,0.3022,1
1531,63.7917,71.7,3.5,317.2,220.3,0.3071,1
1532,63.8333,72.4,3.5,317.2,219.7,0.3416,1
1533,63.875,74.3,3.5,317.1,220.6,0.3258,1
1534,63.9167,73.3,3.7,317.1,221.9,0.2465,1
1535,63.9583,73.3,3.6,317.1,221.9,0.2339,1
1536,64.0,72.6,3.5,317.2,220.8,0.361,1
1537,64.0417,73.6,3.5,317.0,224.2,0.3132,1
1538,64.0833,73.6,3.5,316.8,223.5,0.2859,1
1539,64.125,74.2,3.5,316.9,223.6,0.2877,1
1540,64.1667,73.0,3.5,317.0,224.2,0.2635,1
1541,64.2083,70.9,3.3,317.3,222.8,0.3114,1
1542,64.25,70.7,3.4,317.2,221.9,0.3357,1
1543,64.2917,70.6,3.4,317.3,221.8,0.3401,1
1544,64.3333,72.6,3.4,316.9,224.3,0.2979,1
1545,64.375,72.3,3.3,316.6,224.2,0.2622,1
1546,64.4167,73.6,3.3,316.5,224.4,0.2395,1
1547,64.4583,73.5,3.3,316.5,224.4,0.2376,1
1548,64.5,73.8,3.4,316.6,224.2,0.2636,1
1549,64.5417,73.0,3.4,316.8,225.2,0.184,1
1550,64.5833,73.1,3.5,316.6,227.1,0.2478,1
1551,64.625,72.8,3.6,316.5,227.0,0.2296,1
1552,64.6667,71.8,3.4,316.5,227.4,0.1842,1
1553,64.7083,71.7,3.5,316.4,226.5,0.2325,1
1554,64.75,71.9,3.2,316.6,227.3,0.2417,1
1555,64.7917,71.9,3.2,316.5,227.2,0.1848,1
1556,64.8333,71.5,3.2,316.5,226.9,0.1854,1
1557,64.875,71.6,3.3,316.8,224.7,0.2469,1
1558,64.9167,73.3,3.5,316.9,224.3,0.286,1
1559,64.9583,73.9,3.5,316.9,224.4,0.287,1
1560,65.0,73.7,3.5,316.9,224.9,0.2682,1
1561,65.0417,73.9,3.4,316.9,225.0,0.3036,1
1562,65.0833,73.9,3.4,316.7,226.8,0.3107,1
1563,65.125,74.2,3.4,316.6,226.7,0.3143,1
1564,65.1667,73.3,3.0,316.5,226.3,0.3072,1
1565,65.2083,74.0,3.2,316.5,226.7,0.3294,1
1566,65.25,72.4,3.2,316.7,226.5,0.2977,1
1567,65.2917,72.0,3.4,316.8,226.5,0.3031,1
1568,65.3333,73.5,3.4,316.8,227.1,0.3369,1
1569,65.375,72.7,3.5,317.0,224.0,0.3581,1
1570,65.4167,72.6,3.3,317.0,223.8,0.372,1
1571,65.4583,72.7,3.3,317.1,223.9,0.3736,1
1572,65.5,72.0,3.4,317.1,223.3,0.3585,1
1573,65.5417,73.2,3.4,316.8,223.3,0.3712,1
1574,65.5833,73.5,3.5,316.7,224.0,0.359,1
1575,65.625,73.5,3.5,316.7,224.1,0.3578,1
1576,65.6667,74.6,3.6,316.8,223.3,0.3772,1
1577,65.7083,73.5,3.6,316.7,223.5,0.3512,1
1578,65.75,74.2,3.4,317.0,226.3,0.3529,1
1579,65.7917,74.6,3.4,317.0,226.2,0.3434,1
1580,65.8333,73.6,3.4,316.8,226.6,0.3495,1
1581,65.875,72.7,3.3,316.7,224.1,0.3829,1
1582,65.9167,72.8,3.3,317.0,222.0,0.4284,1
1583,65.9583,72.9,3.2,317.0,222.1,0.4334,1
1584,66.0,72.0,3.2,317.0,222.3,0.4151,1
1585,66.0417,73.0,3.2,317.0,226.0,0.3445,1
1586,66.0833,74.3,3.3,316.9,227.0,0.3376,1
1587,66.125,74.3,3.3,316.9,227.0,0.3424,1
1588,66.1667,74.0,3.3,316.9,226.7,0.3495,1
1589,66.2083,73.2,3.3,316.9,225.0,0.3476,1
1590,66.25,73.3,3.5,317.5,223.4,0.3461,1
1591,66.2917,73.4,3.5,317.5,223.3,0.3465,1
1592,66.3333,73.8,3.6,317.3,223.7,0.3313,1
1593,66.375,73.3,3.6,317.3,223.8,0.2866,1
1594,66.4167,74.5,3.6,317.0,224.9,0.2704,1
1595,66.4583,74.6,3.6,317.1,224.6,0.279,1
1596,66.5,73.8,3.6,317.0,226.8,0.285,1
1597,66.5417,73.1,3.5,316.8,226.3,0.2982,1
1598,66.5833,75.0,3.6,316.8,227.2,0.3321,1
1599,66.625,74.8,3.6,316.7,227.2,0.3292,1
1600,66.6667,74.7,3.8,316.8,227.3,0.3009,1
1601,66.7083,74.5,3.9,317.0,224.3,0.3528,1
1602,66.75,74.5,3.7,316.9,224.4,0.3435,1
1603,66.7917,74.6,3.6,316.9,224.4,0.3318,1
1604,66.8333,74.6,3.5,316.9,224.4,0.3508,1
1605,66.875,76.1,3.6,316.9,225.0,0.333,1
1606,66.9167,74.8,3.5,316.7,226.0,0.3323,1
1607,66.9583,74.9,3.5,316.7,226.1,0.3331,1
1608,67.0,74.7,3.6,316.8,226.6,0.3312,1
1609,67.0417,75.4,3.6,316.6,226.3,0.3347,1
1610,67.0833,74.8,3.6,316.6,226.3,0.3731,1
1611,67.125,75.0,3.5,316.5,226.3,0.3589,1
1612,67.1667,73.7,3.5,316.6,226.1,0.3614,1
1613,67.2083,73.5,3.4,316.9,226.2,0.3825,1
1614,67.25,72.7,3.5,316.7,227.8,0.3875,1
1615,67.2917,73.5,3.4,316.5,227.8,0.3749,1
1616,67.3333,72.5,3.5,316.8,226.2,0.3854,1
1617,67.375,73.3,3.6,316.9,227.0,0.3504,1
1618,67.4167,73.5,3.6,316.8,225.6,0.3877,1
1619,67.4583,73.0,3.6,316.8,225.7,0.3828,1
1620,67.5,72.3,3.5,316.8,225.8,0.3931,1
1621,67.5417,71.5,3.4,316.8,225.2,0.3916,1
1622,67.5833,72.1,3.4,316.7,226.8,0.3969,1
1623,67.625,71.9,3.5,316.9,226.7,0.3853,1
1624,67.6667,72.2,3.6,316.9,226.4,0.3807,1
1625,67.7083,73.3,3.7,316.9,223.7,0.4033,1
1626,67.75,73.8,3.5,316.7,224.1,0.3979,1
1627,67.7917,73.3,3.5,316.7,224.1,0.3887,1
1628,67.8333,72.6,3.5,316.7,223.6,0.3902,1
1629,67.875,73.8,3.5,316.8,223.6,0.3953,1
1630,67.9167,73.7,3.4,316.7,224.0,0.386,1
1631,67.9583,74.5,3.4,316.8,224.1,0.3891,1
1632,68.0,73.7,3.4,316.6,225.0,0.3608,1
1633,68.0417,74.3,3.4,316.9,226.1,0.3691,1
1634,68.0833,73.4,3.2,316.7,227.4,0.3939,1
1635,68.125,73.6,3.2,316.6,227.4,0.3915,1
1636,68.1667,73.7,3.2,316.7,227.2,0.3947,1
1637,68.2083,71.7,3.4,316.8,226.8,0.3721,1
1638,68.25,72.5,3.4,317.0,225.1,0.3557,1
1639,68.2917,72.5,3.4,317.0,225.1,0.355,1
1640,68.3333,72.3,3.5,317.2,225.4,0.3567,1
1641,68.375,73.5,3.5,317.1,226.3,0.3641,1
1642,68.4167,73.5,3.6,317.0,225.9,0.3515,1
1643,68.4583,73.5,3.6,317.0,225.9,0.3599,1
1644,68.5,73.3,3.6,317.0,226.1,0.3615,1
1645,68.5417,73.6,3.6,317.1,223.6,0.4225,1
1646,68.5833,72.9,3.4,316.9,224.1,0.438,1
1647,68.625,72.8,3.4,317.0,224.1,0.4299,1
1648,68.6667,73.5,3.5,316.9,224.7,0.4097,1
1649,68.7083,74.0,3.4,317.0,224.9,0.4306,1
1650,68.75,73.9,3.5,316.9,224.3,0.4171,1
1651,68.7917,73.4,3.5,317.0,224.4,0.4237,1
1652,68.8333,72.6,3.4,317.0,225.4,0.429,1
1653,68.875,73.2,3.5,316.7,226.6,0.4067,1
1654,68.9167,73.8,3.5,316.7,226.8,0.421,1
1655,68.9583,73.4,3.5,316.7,227.1,0.4243,1
1656,69.0,73.5,3.6,316.9,226.4,0.405,1
1657,69.0417,73.0,3.5,316.9,228.3,0.4054,1
1658,69.0833,71.8,3.5,316.9,226.6,0.4059,1
1659,69.125,72.0,3.5,316.9,226.6,0.4087,1
1660,69.1667,72.1,3.6,317.0,226.5,0.3662,1
1661,69.2083,71.6,3.5,316.9,226.6,0.4204,1
1662,69.25,72.1,3.3,317.1,225.8,0.3989,1
1663,69.2917,71.5,3.4,317.1,225.8,0.3931,1
1664,69.3333,71.9,3.6,317.0,226.4,0.403,1
1665,69.375,73.0,3.5,317.0,226.4,0.4047,1
1666,69.4167,73.4,3.6,317.1,225.7,0.4284,1
1667,69.4583,73.2,3.6,317.1,225.6,0.4202,1
1668,69.5,72.4,3.6,317.2,224.9,0.4085,1
1669,69.5417,72.5,3.7,317.3,224.4,0.4391,1
1670,69.5833,72.5,3.6,317.1,225.0,0.4622,1
1671,69.625,71.9,3.6,317.1,224.8,0.4503,1
1672,69.6667,72.4,3.5,317.1,225.1,0.4335,1
1673,69.7083,71.5,3.6,317.1,225.7,0.4312,1
1674,69.75,73.0,3.7,317.1,226.6,0.3871,1
1675,69.7917,73.3,3.7,317.1,226.6,0.3899,1
1676,69.8333,72.7,3.7,317.0,227.4,0.3882,1
1677,69.875,72.8,3.6,317.0,226.1,0.4135,1
1678,69.9167,73.5,3.7,317.0,225.9,0.416,1
1679,69.9583,73.6,3.7,317.1,225.9,0.4334,1
1680,70.0,71.9,3.3,317.3,221.4,0.3116,1
1681,70.0417,73.2,3.4,317.0,220.2,0.3608,1
1682,70.0833,73.4,3.4,316.9,222.5,0.3636,1
1683,70.125,72.6,3.3,316.9,222.3,0.3483,1
1684,70.1667,72.8,3.5,317.0,222.9,0.3464,1
1685,70.2083,73.7,3.4,316.8,222.5,0.3596,1
1686,70.25,71.2,3.5,316.9,220.0,0.3405,1
1687,70.2917,70.7,3.3,317.0,219.7,0.3356,1
1688,70.3333,73.9,3.4,316.9,219.7,0.3862,1
1689,70.375,73.8,3.4,316.8,218.5,0.4179,1
1690,70.4167,73.2,3.4,317.1,219.2,0.3917,1
1691,70.4583,72.9,3.3,317.0,219.2,0.3922,1
1692,70.5,73.9,3.5,316.8,219.7,0.3994,1
1693,70.5417,74.1,3.2,316.9,220.1,0.3967,1
1694,70.5833,72.2,3.1,317.1,216.4,0.4128,1
1695,70.625,72.4,3.3,317.0,216.3,0.4124,1
1696,70.6667,72.4,3.2,317.0,215.2,0.4076,1
1697,70.7083,73.7,3.2,317.0,215.5,0.4012,1
1698,70.75,70.6,3.3,317.2,214.3,0.4018,1
1699,70.7917,70.8,3.3,317.2,214.4,0.3992,1
1700,70.8333,71.5,3.2,317.1,213.3,0.3912,1
1701,70.875,75.9,3.3,316.9,217.5,0.4124,1
1702,70.9167,74.3,3.5,317.0,219.0,0.4024,1
1703,70.9583,74.3,3.5,317.0,219.1,0.3972,1
1704,71.0,74.8,3.5,317.0,220.1,0.4035,1
1705,71.0417,72.7,3.2,317.0,217.6,0.466,1
1706,71.0833,74.5,3.4,317.0,218.9,0.4667,1
1707,71.125,74.8,3.4,317.0,218.5,0.4619,1
1708,71.1667,73.9,3.3,316.9,220.5,0.463,1
1709,71.2083,73.6,3.3,316.9,221.2,0.4015,1
1710,71.25,72.7,3.3,316.9,221.9,0.4391,1
1711,71.2917,72.9,3.3,316.9,222.0,0.4366,1
1712,71.3333,72.0,3.3,317.0,220.7,0.4266,1
1713,71.375,72.7,3.4,317.2,220.1,0.4984,1
1714,71.4167,73.4,3.4,317.3,220.5,0.449,1
1715,71.4583,72.9,3.4,317.3,220.5,0.4468,1
1716,71.5,73.5,3.3,317.2,220.8,0.445,1
1717,71.5417,72.8,3.2,317.2,214.7,0.4733,1
1718,71.5833,72.8,3.3,317.4,217.4,0.4294,1
1719,71.625,73.0,3.4,317.4,217.2,0.4257,1
1720,71.6667,74.0,3.5,317.3,216.2,0.439,1
1721,71.7083,73.3,3.3,317.2,217.0,0.4775,1
1722,71.75,74.3,3.4,317.1,217.1,0.4377,1
1723,71.7917,74.3,3.4,317.1,217.1,0.427,1
1724,71.8333,75.1,3.3,317.1,217.2,0.3975,1
1725,71.875,74.9,3.4,316.9,217.1,0.4028,1
1726,71.9167,74.7,3.5,317.0,219.6,0.3884,1
1727,71.9583,74.5,3.4,316.9,219.6,0.3908,1
1728,72.0,76.2,3.5,317.0,217.6,0.4196,1
1729,72.0417,76.3,3.5,317.0,217.9,0.421,1
1730,72.0833,75.7,3.3,316.8,220.3,0.4293,1
1731,72.125,75.9,3.3,316.8,220.0,0.4141,1
1732,72.1667,75.8,3.5,316.5,221.8,0.419,1
1733,72.2083,75.6,3.6,316.6,220.1,0.4554,1
1734,72.25,73.7,3.3,316.7,220.9,0.4222,1
1735,72.2917,74.3,3.3,316.7,220.9,0.4305,1
1736,72.3333,74.8,3.3,316.6,222.0,0.4188,1
1737,72.375,72.8,3.2,316.7,221.9,0.4276,1
1738,72.4167,73.7,3.4,316.7,222.6,0.4004,1
1739,72.4583,74.1,3.4,316.7,222.3,0.4279,1
1740,72.5,74.7,3.5,316.6,222.4,0.4315,1
1741,72.5417,74.1,3.4,316.9,218.6,0.4005,1
1742,72.5833,75.1,3.3,316.9,219.3,0.4038,1
1743,72.625,75.3,3.3,316.8,219.3,0.4124,1
1744,72.6667,74.2,3.4,317.0,219.6,0.4147,1
1745,72.7083,74.9,3.4,316.9,221.9,0.409,1
1746,72.75,73.5,3.3,316.9,220.2,0.3968,1
1747,72.7917,73.8,3.4,316.9,220.2,0.382,1
1748,72.8333,73.5,3.3,316.9,219.2,0.4043,1
1749,72.875,74.6,3.4,316.8,220.0,0.3957,1
1750,72.9167,74.8,3.4,316.9,219.5,0.38,1
1751,72.9583,75.1,3.4,316.8,219.4,0.3888,1
1752,73.0,74.8,3.4,316.9,219.6,0.3825,1
1753,73.0417,74.4,3.1,316.8,221.0,0.3852,1
1754,73.0833,74.1,3.0,316.8,221.5,0.396,1
1755,73.125,73.7,3.0,316.8,221.5,0.3956,1
1756,73.1667,73.1,3.2,316.6,222.2,0.3957,1
1757,73.2083,73.3,3.2,316.9,219.4,0.3758,1
1758,73.25,73.1,3.4,317.0,219.9,0.3567,1
1759,73.2917,73.6,3.4,317.0,219.7,0.3651,1
1760,73.3333,73.3,3.4,316.8,222.3,0.3529,1
1761,73.375,73.0,3.4,316.9,222.0,0.3809,1
1762,73.4167,74.2,3.6,316.6,224.8,0.3918,1
1763,73.4583,74.2,3.6,316.6,224.9,0.392,1
1764,73.5,74.5,3.6,316.7,224.8,0.3725,1
1765,73.5417,74.4,3.5,316.7,224.4,0.3748,1
1766,73.5833,71.2,3.4,317.1,221.3,0.4267,1
1767,73.625,71.1,3.5,317.1,221.6,0.4138,1
1768,73.6667,72.3,3.6,317.0,221.8,0.3889,1
1769,73.7083,74.1,3.5,317.0,220.4,0.4079,1
1770,73.75,70.9,3.4,317.4,220.0,0.4276,1
1771,73.7917,70.9,3.4,317.4,220.0,0.4262,1
1772,73.8333,73.1,3.4,317.3,220.0,0.3989,1
1773,73.875,72.2,3.3,317.0,222.6,0.3201,1
1774,73.9167,74.2,3.3,316.9,222.6,0.3279,1
1775,73.9583,74.2,3.4,316.9,222.6,0.3295,1
1776,74.0,75.1,3.3,317.0,222.0,0.3433,1
1777,74.0417,74.6,3.3,317.0,221.3,0.3609,1
1778,74.0833,74.8,3.4,317.0,224.4,0.2866,1
1779,74.125,74.6,3.4,316.9,224.3,0.2754,1
1780,74.1667,75.1,3.4,316.8,224.9,0.2801,1
1781,74.2083,74.6,3.2,316.9,224.3,0.3463,1
1782,74.25,74.2,3.3,316.8,224.2,0.2993,1
1783,74.2917,73.9,3.3,316.9,223.7,0.2912,1
1784,74.3333,73.8,3.4,317.0,223.5,0.3211,1
1785,74.375,73.6,3.4,317.1,222.9,0.2857,1
1786,74.4167,74.4,3.4,317.1,221.6,0.3208,1
1787,74.4583,74.4,3.3,317.1,222.0,0.321,1
1788,74.5,73.9,3.4,317.1,222.3,0.3277,1
1789,74.5417,71.6,3.4,317.0,223.2,0.292,1
1790,74.5833,71.8,3.4,317.0,223.9,0.2798,1
1791,74.625,72.2,3.5,316.9,223.9,0.2689,1
1792,74.6667,72.6,3.5,316.8,223.8,0.2904,1
1793,74.7083,74.5,3.5,316.7,222.4,0.3538,1
1794,74.75,74.0,3.4,316.8,223.5,0.3417,1
1795,74.7917,74.0,3.4,316.8,223.3,0.353,1
1796,74.8333,73.0,3.3,317.2,220.7,0.4203,1
1797,74.875,74.6,3.3,316.9,220.9,0.4354,1
1798,74.9167,75.4,3.4,316.9,221.9,0.389,1
1799,74.9583,75.5,3.3,317.0,222.1,0.3993,1
1800,75.0,75.1,3.4,317.0,222.1,0.3767,1
1801,75.0417,75.9,3.4,317.0,221.0,0.3999,1
1802,75.0833,75.2,3.3,316.9,223.1,0.401,1
1803,75.125,75.2,3.3,316.9,223.3,0.4017,1
1804,75.1667,74.3,3.4,317.0,222.3,0.4026,1
1805,75.2083,74.8,3.4,316.9,223.4,0.4418,1
1806,75.25,72.0,3.2,317.0,223.7,0.4156,1
1807,75.2917,71.8,3.2,317.1,223.6,0.4248,1
1808,75.3333,72.4,3.3,317.0,223.9,0.3901,1
1809,75.375,73.4,3.3,317.1,222.7,0.4145,1
1810,75.4167,73.3,3.3,317.0,223.4,0.443,1
1811,75.4583,73.4,3.3,317.0,223.4,0.4394,1
1812,75.5,74.4,3.5,317.2,222.4,0.4227,1
1813,75.5417,73.0,3.4,317.3,222.9,0.4038,1
1814,75.5833,73.4,3.5,317.4,222.4,0.3759,1
1815,75.625,73.3,3.5,317.4,222.3,0.3721,1
1816,75.6667,72.6,3.6,317.2,222.2,0.3804,1
1817,75.7083,71.5,3.5,317.1,222.5,0.3991,1
1818,75.75,71.5,3.4,317.0,225.9,0.3209,1
1819,75.7917,71.8,3.5,316.9,225.6,0.3075,1
1820,75.8333,71.9,3.5,316.9,225.7,0.3359,1
1821,75.875,73.0,3.7,317.0,225.3,0.3221,1
1822,75.9167,73.6,3.6,316.9,225.3,0.374,1
1823,75.9583,73.7,3.6,316.9,225.3,0.3749,1
1824,76.0,74.2,3.5,317.1,224.7,0.4114,1
1825,76.0417,72.6,3.5,317.1,221.7,0.3968,1
1826,76.0833,70.8,3.5,317.0,222.9,0.3695,1
1827,76.125,70.7,3.5,317.0,222.9,0.3664,1
1828,76.1667,70.1,3.4,316.9,222.8,0.3731,1
1829,76.2083,71.9,3.5,317.2,221.7,0.4197,1
1830,76.25,69.5,3.4,317.0,221.8,0.3911,1
1831,76.2917,70.3,3.4,317.1,221.7,0.4066,1
1832,76.3333,72.2,3.5,317.1,221.0,0.4163,1
1833,76.375,70.3,3.5,317.2,219.6,0.4155,1
1834,76.4167,72.0,3.6,317.0,221.6,0.4352,1
1835,76.4583,72.0,3.7,317.1,221.6,0.4321,1
1836,76.5,72.2,3.6,317.2,221.9,0.4164,1
1837,76.5417,71.6,3.7,316.9,223.7,0.3896,1
1838,76.5833,71.4,3.7,317.0,223.3,0.3753,1
1839,76.625,71.4,3.7,317.0,223.3,0.3786,1
1840,76.6667,72.4,3.6,317.0,223.7,0.3883,1
1841,76.7083,73.0,3.6,317.2,223.3,0.3951,1
1842,76.75,72.6,3.6,317.1,224.0,0.3643,1
1843,76.7917,72.5,3.6,317.2,223.9,0.3618,1
1844,76.8333,72.3,3.5,317.2,223.6,0.382,1
1845,76.875,71.5,3.5,317.2,223.6,0.3349,1
1846,76.9167,73.5,3.6,317.2,222.5,0.4454,1
1847,76.9583,73.4,3.7,317.2,222.4,0.4457,1
1848,77.0,73.7,3.6,317.1,222.2,0.4574,1
1849,77.0417,72.9,3.5,317.2,221.0,0.4577,1
1850,77.0833,73.3,3.5,317.2,221.0,0.4378,1
1851,77.125,72.7,3.4,317.3,221.0,0.4325,1
1852,77.1667,72.0,3.4,317.3,220.6,0.4406,1
1853,77.2083,71.7,3.3,317.3,221.8,0.5009,1
1854,77.25,71.1,3.4,317.2,221.8,0.4179,1
1855,77.2917,71.9,3.4,317.3,221.6,0.4194,1
1856,77.3333,71.7,3.5,317.2,221.1,0.4339,1
1857,77.375,70.7,3.2,317.2,220.3,0.3904,1
1858,77.4167,73.2,3.1,317.1,221.0,0.4511,1
1859,77.4583,73.4,3.2,317.1,221.2,0.457,1
1860,77.5,73.2,3.1,317.2,221.0,0.4456,1
1861,77.5417,73.4,3.1,317.2,221.5,0.4208,1
1862,77.5833,71.9,3.2,317.2,220.8,0.4044,1
1863,77.625,72.2,3.2,317.2,221.0,0.4065,1
1864,77.6667,73.9,3.3,317.2,220.6,0.4121,1
1865,77.7083,74.7,3.2,317.2,220.3,0.4395,1
1866,77.75,74.7,3.3,317.1,221.0,0.4574,1
1867,77.7917,74.7,3.2,317.2,221.0,0.4619,1
1868,77.8333,73.9,3.2,317.4,220.1,0.5029,1
1869,77.875,73.6,3.2,317.4,220.0,0.4741,1
1870,77.9167,74.2,3.3,317.3,221.1,0.4529,1
1871,77.9583,74.9,3.5,317.2,221.2,0.4407,1
1872,78.0,75.7,3.5,317.4,221.4,0.4482,1
1873,78.0417,76.5,3.6,317.3,221.9,0.425,1
1874,78.0833,76.1,3.4,317.2,222.0,0.4168,1
1875,78.125,75.9,3.4,317.3,222.0,0.4094,1
1876,78.1667,75.9,3.4,317.2,221.3,0.3954,1
1877,78.2083,76.0,3.5,317.0,222.4,0.4086,1
1878,78.25,76.1,3.5,317.2,221.6,0.4017,1
1879,78.2917,75.5,3.6,317.2,221.6,0.3833,1
1880,78.3333,77.0,3.6,317.2,220.8,0.4048,1
1881,78.375,75.9,3.4,317.4,221.2,0.3894,1
1882,78.4167,75.7,3.5,317.3,222.2,0.333,1
1883,78.4583,75.6,3.6,317.2,222.1,0.3284,1
1884,78.5,75.3,3.6,317.3,222.0,0.3707,1
1885,78.5417,75.9,3.6,317.1,222.6,0.3749,1
1886,78.5833,75.4,3.6,317.1,222.5,0.3847,1
1887,78.625,75.5,3.6,317.1,222.5,0.3827,1
1888,78.6667,77.0,3.7,317.2,222.4,0.3822,1
1889,78.7083,77.1,3.5,317.0,222.8,0.4012,1
1890,78.75,76.8,3.4,317.2,220.8,0.4379,1
1891,78.7917,76.8,3.5,317.3,221.1,0.4348,1
1892,78.8333,78.1,3.6,317.1,221.0,0.4263,1
1893,78.875,77.4,3.5,316.9,223.4,0.4076,1
1894,78.9167,77.4,3.4,317.1,222.0,0.4172,1
1895,78.9583,76.8,3.4,317.2,221.3,0.4236,1
1896,79.0,76.3,3.3,317.2,222.7,0.4084,1
1897,79.0417,76.2,3.4,317.0,222.8,0.4078,1
1898,79.0833,77.1,3.4,317.0,222.8,0.3802,1
1899,79.125,77.0,3.5,317.1,222.8,0.3874,1
1900,79.1667,77.7,3.5,317.1,222.6,0.415,1
1901,79.2083,78.0,3.5,317.2,221.9,0.4347,1
1902,79.25,78.0,3.5,317.1,221.6,0.4256,1
1903,79.2917,77.9,3.5,317.2,221.6,0.4187,1
1904,79.3333,77.4,3.6,317.1,222.0,0.4245,1
1905,79.375,77.2,3.6,317.2,223.2,0.4135,1
1906,79.4167,77.6,3.7,317.1,224.2,0.3946,1
1907,79.4583,77.6,3.8,317.1,224.3,0.3968,1
1908,79.5,78.1,3.8,317.3,222.6,0.428,1
1909,79.5417,77.4,3.8,317.0,223.5,0.454,1
1910,79.5833,77.6,3.9,317.4,223.6,0.4253,1
1911,79.625,77.8,3.9,317.3,223.7,0.4217,1
1912,79.6667,77.4,3.7,317.1,225.0,0.4235,1
1913,79.7083,77.1,3.6,317.4,224.4,0.4266,1
1914,79.75,76.3,3.7,317.3,225.6,0.3501,1
1915,79.7917,76.0,3.7,317.3,225.3,0.3498,1
1916,79.8333,76.7,3.8,317.3,223.8,0.3617,1
1917,79.875,76.5,3.6,317.4,222.9,0.3489,1
1918,79.9167,76.4,3.6,317.4,223.0,0.387,1
1919,79.9583,76.5,3.7,317.4,223.0,0.3796,1
1920,80.0,76.2,3.4,317.0,218.5,0.2955,1
1921,80.0417,76.6,3.3,317.0,221.7,0.2626,1
1922,80.0833,76.1,3.3,316.9,222.3,0.3026,1
1923,80.125,76.4,3.3,316.9,221.9,0.2954,1
1924,80.1667,76.9,3.3,316.9,220.3,0.2747,1
1925,80.2083,75.7,3.4,317.1,220.5,0.2637,1
1926,80.25,75.2,3.3,317.0,221.6,0.3193,1
1927,80.2917,75.1,3.4,316.9,221.2,0.3289,1
1928,80.3333,75.5,3.4,316.7,221.7,0.3786,1
1929,80.375,74.8,3.2,317.0,217.8,0.3591,1
1930,80.4167,75.4,3.3,317.2,213.3,0.3158,1
1931,80.4583,75.7,3.4,317.0,213.7,0.3062,1
1932,80.5,76.3,3.4,316.9,214.8,0.3264,1
1933,80.5417,75.6,3.5,316.7,216.2,0.3416,1
1934,80.5833,76.0,3.6,316.9,216.2,0.3556,1
1935,80.625,76.4,3.6,316.8,217.1,0.3391,1
1936,80.6667,76.6,3.6,317.0,216.6,0.3665,1
1937,80.7083,76.1,3.6,317.0,215.1,0.296,1
1938,80.75,74.1,3.4,317.0,214.2,0.3452,1
1939,80.7917,74.7,3.4,317.0,214.2,0.3547,1
1940,80.8333,76.1,3.6,317.0,214.0,0.3385,1
1941,80.875,76.8,3.8,317.0,212.3,0.3894,1
1942,80.9167,77.8,3.9,317.0,213.1,0.3412,1
1943,80.9583,77.3,3.8,317.1,212.8,0.3524,1
1944,81.0,77.0,3.8,316.8,213.8,0.321,1
1945,81.0417,77.7,3.6,317.2,213.3,0.3354,1
1946,81.0833,76.6,3.6,317.1,214.6,0.3048,1
1947,81.125,76.8,3.5,317.2,213.7,0.3288,1
1948,81.1667,76.2,3.5,317.2,213.0,0.3631,1
1949,81.2083,77.0,3.6,317.0,214.8,0.2999,1
1950,81.25,76.8,3.5,317.4,211.4,0.314,1
1951,81.2917,77.2,3.6,317.4,211.3,0.3008,1
1952,81.3333,76.5,3.6,317.3,212.7,0.2635,1
1953,81.375,76.0,3.6,317.2,215.6,0.2987,1
1954,81.4167,75.9,3.7,317.3,216.5,0.2249,1
1955,81.4583,76.2,3.7,317.3,216.4,0.2279,1
1956,81.5,75.1,3.5,317.5,214.8,0.2859,1
1957,81.5417,77.3,3.7,317.1,214.4,0.2843,1
1958,81.5833,77.5,3.7,317.2,213.9,0.3104,1
1959,81.625,77.5,3.6,317.2,213.9,0.3096,1
1960,81.6667,78.6,3.6,317.2,211.2,0.3698,1
1961,81.7083,78.3,3.6,317.2,211.9,0.3893,1
1962,81.75,76.1,3.5,317.5,211.5,0.3413,1
1963,81.7917,76.6,3.6,317.4,211.3,0.3388,1
1964,81.8333,77.3,3.5,317.2,210.3,0.3102,1
1965,81.875,76.1,3.6,317.2,210.2,0.3144,1
1966,81.9167,78.2,3.7,316.8,215.8,0.3608,1
1967,81.9583,78.2,3.8,316.8,215.8,0.3566,1
1968,82.0,77.9,3.7,316.9,214.4,0.3662,1
1969,82.0417,77.9,3.7,316.8,216.0,0.3509,1
1970,82.0833,76.7,3.7,316.8,215.8,0.3497,1
1971,82.125,77.0,3.7,316.8,215.8,0.3467,1
1972,82.1667,77.3,3.6,317.2,215.3,0.3558,1
1973,82.2083,76.8,3.5,317.2,214.7,0.3701,1
1974,82.25,76.7,3.5,317.2,216.4,0.2903,1
1975,82.2917,76.6,3.4,317.3,215.8,0.2932,1
1976,82.3333,77.6,3.8,317.3,213.3,0.3324,1
1977,82.375,77.2,3.6,317.6,212.4,0.2941,1
1978,82.4167,76.5,3.7,317.5,211.6,0.2654,1
1979,82.4583,76.7,3.7,317.5,211.4,0.2853,1
1980,82.5,76.1,3.7,317.4,211.1,0.2978,1
1981,82.5417,75.9,3.6,317.0,216.6,0.3177,1
1982,82.5833,74.9,3.5,317.3,216.9,0.3298,1
1983,82.625,75.1,3.4,317.2,216.8,0.3062,1
1984,82.6667,75.0,3.5,317.0,218.8,0.2215,1
1985,82.7083,76.0,3.6,317.1,217.0,0.2064,1
1986,82.75,74.2,3.5,317.1,218.3,0.38,1
1987,82.7917,74.2,3.5,317.3,218.8,0.3903,1
1988,82.8333,73.8,3.5,317.5,217.5,0.3938,1
1989,82.875,74.0,3.5,317.4,217.2,0.3964,1
1990,82.9167,74.6,3.5,317.5,216.9,0.3276,1
1991,82.9583,74.7,3.6,317.5,217.3,0.33,1
1992,83.0,74.8,3.5,317.4,218.5,0.3343,1
1993,83.0417,75.8,3.5,317.2,217.3,0.3034,1
1994,83.0833,75.4,3.5,317.1,218.3,0.2697,1
1995,83.125,75.8,3.5,317.2,218.5,0.2654,1
1996,83.1667,75.0,3.5,317.0,218.2,0.2801,1
1997,83.2083,74.4,3.5,316.8,220.3,0.3395,1
1998,83.25,74.0,3.3,317.3,217.0,0.3877,1
1999,83.2917,73.8,3.2,317.3,216.9,0.3933,1
2000,83.3333,74.2,3.3,317.2,217.6,0.4076,1
2001,83.375,74.3,3.2,317.2,214.7,0.4421,1
2002,83.4167,73.3,3.2,317.3,216.5,0.4329,1
2003,83.4583,73.5,3.3,317.3,216.5,0.4325,1
2004,83.5,73.6,3.2,317.4,217.0,0.4549,1
2005,83.5417,74.7,3.4,317.2,216.6,0.4125,1
2006,83.5833,74.5,3.2,317.3,218.3,0.4263,1
2007,83.625,74.1,3.1,317.2,218.5,0.4102,1
2008,83.6667,74.0,3.4,317.1,220.5,0.3485,1
2009,83.7083,72.9,3.3,317.0,218.5,0.3317,1
2010,83.75,73.5,3.6,316.6,220.0,0.3664,1
2011,83.7917,73.9,3.6,316.7,219.8,0.3516,1
2012,83.8333,73.3,3.3,316.7,218.6,0.3698,1
2013,83.875,74.7,3.4,316.7,215.4,0.3469,1
2014,83.9167,73.3,3.3,317.0,216.9,0.3885,1
2015,83.9583,73.2,3.2,316.9,217.0,0.3943,1
2016,84.0,74.5,3.6,316.8,215.2,0.3784,1
2017,84.0417,74.8,3.5,317.0,215.3,0.3833,1
2018,84.0833,75.8,3.6,317.1,215.3,0.3755,1
2019,84.125,75.8,3.7,317.1,215.3,0.3771,1
2020,84.1667,75.7,3.6,317.1,216.9,0.3688,1
2021,84.2083,74.8,3.4,316.9,217.6,0.382,1
2022,84.25,75.3,3.4,317.0,213.3,0.3696,1
2023,84.2917,74.8,3.5,317.1,213.2,0.3617,1
2024,84.3333,72.5,3.4,317.0,214.1,0.3915,1
2025,84.375,73.4,3.5,316.6,214.6,0.3528,1
2026,84.4167,73.0,3.5,316.5,216.1,0.3793,1
2027,84.4583,72.9,3.4,316.6,215.2,0.3846,1
2028,84.5,72.9,3.3,316.7,216.1,0.3764,1
2029,84.5417,73.0,3.2,316.6,216.7,0.3177,1
2030,84.5833,74.3,3.3,316.7,215.5,0.3111,1
2031,84.625,74.2,3.3,316.7,215.3,0.308,1
2032,84.6667,73.2,3.4,316.8,215.8,0.342,1
2033,84.7083,73.9,3.3,316.8,214.8,0.3098,1
2034,84.75,71.3,3.0,317.0,218.6,0.3626,1
2035,84.7917,71.6,3.0,317.0,218.6,0.3664,1
2036,84.8333,72.5,3.2,316.8,215.7,0.3639,1
2037,84.875,72.6,3.2,316.8,216.8,0.4086,1
2038,84.9167,73.4,3.2,316.7,216.5,0.3834,1
2039,84.9583,73.8,3.3,316.7,216.4,0.37,1
2040,85.0,73.6,3.4,316.9,217.9,0.3965,1
2041,85.0417,74.5,3.4,316.9,217.4,0.4226,1
2042,85.0833,74.5,3.5,316.8,216.3,0.4115,1
2043,85.125,74.4,3.5,316.7,216.3,0.378,1
2044,85.1667,74.7,3.3,316.7,217.6,0.4326,1
2045,85.2083,74.3,3.4,316.6,217.1,0.4311,1
2046,85.25,72.9,3.4,316.8,217.3,0.4558,1
2047,85.2917,73.4,3.3,316.8,217.2,0.44,1
2048,85.3333,73.6,3.4,316.7,219.9,0.4477,1
2049,85.375,72.6,3.4,316.8,220.7,0.4481,1
2050,85.4167,71.9,3.4,316.7,220.1,0.3882,1
2051,85.4583,72.4,3.5,316.7,219.4,0.3532,1
2052,85.5,72.6,3.5,316.8,219.9,0.3291,1
2052,85.5,49.6,2.9,317.9,224.5,0.1412,1
2053,85.5417,74.2,3.5,316.8,219.2,0.3426,1
2054,85.5833,74.2,3.5,316.8,219.5,0.3144,1
2055,85.625,74.0,3.5,316.8,219.4,0.3121,1
2056,85.6667,73.9,3.6,316.7,220.1,0.3434,1
2057,85.7083,75.7,3.6,316.6,219.2,0.3273,1
2058,85.75,73.0,3.3,317.0,219.3,0.3704,1
2059,85.7917,72.8,3.2,317.0,219.4,0.3694,1
2060,85.8333,73.0,3.2,317.0,219.7,0.4144,1
2061,85.875,73.6,3.1,316.9,217.8,0.4367,1
2062,85.9167,74.0,3.2,316.9,217.2,0.4599,1
2063,85.9583,73.7,3.3,316.7,217.1,0.4595,1
2064,86.0,71.5,3.3,316.8,216.9,0.4842,1
2065,86.0417,72.2,3.3,316.7,220.2,0.4465,1
2066,86.0833,72.7,3.2,316.5,221.2,0.4038,1
2067,86.125,73.0,3.2,316.5,220.9,0.3909,1
2068,86.1667,74.5,3.2,316.5,220.7,0.4328,1
2069,86.2083,74.6,3.3,316.5,222.4,0.3983,1
2070,86.25,74.5,3.2,316.6,223.4,0.4054,1
2071,86.2917,74.2,3.2,316.6,223.6,0.3993,1
2072,86.3333,73.8,3.2,316.6,223.5,0.3763,1
2073,86.375,73.4,3.2,316.6,220.7,0.3744,1
2074,86.4167,72.8,3.0,316.6,220.8,0.3631,1
2075,86.4583,72.7,3.3,316.6,220.6,0.3526,1
2076,86.5,72.8,3.3,316.6,220.4,0.3759,1
2077,86.5417,72.9,3.1,316.5,221.6,0.4165,1
2078,86.5833,73.7,3.2,316.4,221.5,0.4243,1
2079,86.625,73.5,3.2,316.4,221.4,0.4205,1
2080,86.6667,73.3,3.3,316.6,221.1,0.4223,1
2081,86.7083,74.0,3.4,316.4,222.5,0.4485,1
2082,86.75,72.9,3.2,316.5,222.9,0.4169,1
2083,86.7917,72.9,3.3,316.4,223.0,0.4065,1
2084,86.8333,74.0,3.3,316.5,223.6,0.4029,1
2085,86.875,72.7,3.2,316.9,220.8,0.4546,1
2086,86.9167,73.0,3.2,316.8,222.7,0.4216,1
2087,86.9583,73.5,3.3,316.7,222.6,0.3846,1
2088,87.0,73.4,3.1,316.7,223.0,0.412,1
2089,87.0417,73.4,3.1,316.7,224.0,0.3771,1
2090,87.0833,72.5,3.0,316.8,224.1,0.3522,1
2091,87.125,71.9,3.1,316.7,224.0,0.3486,1
2092,87.1667,72.7,3.1,316.7,225.0,0.3605,1
2093,87.2083,72.2,3.1,316.8,223.4,0.4257,1
2094,87.25,71.5,3.0,317.0,224.6,0.4539,1
2095,87.2917,71.3,3.0,317.0,224.3,0.4746,1
2096,87.3333,69.6,3.1,317.2,223.5,0.5011,1
2097,87.375,72.0,3.3,316.7,226.7,0.4111,1
2098,87.4167,73.4,3.4,316.5,226.7,0.406,1
2099,87.4583,73.8,3.4,316.5,226.5,0.4122,1
2100,87.5,73.8,3.4,316.4,227.3,0.3565,1
2101,87.5417,75.4,3.4,316.5,227.0,0.3979,1
2102,87.5833,74.3,3.4,316.5,225.7,0.3798,1
2103,87.625,74.4,3.5,316.3,226.1,0.38,1
2104,87.6667,73.9,3.5,316.5,227.3,0.3687,1
2105,87.7083,74.9,3.5,316.6,225.9,0.3862,1
2106,87.75,72.7,3.5,316.7,226.8,0.2968,1
2107,87.7917,73.1,3.5,316.7,226.9,0.3096,1
2108,87.8333,73.0,3.6,316.8,226.2,0.3284,1
2109,87.875,73.5,3.5,317.0,226.8,0.3176,1
2110,87.9167,72.7,3.6,316.8,226.6,0.3395,1
2111,87.9583,73.5,3.6,316.8,226.7,0.345,1
2112,88.0,73.5,3.5,316.8,226.7,0.3437,1
2113,88.0417,73.2,3.2,316.6,227.6,0.3567,1
2114,88.0833,72.5,3.1,316.5,228.0,0.3509,1
2115,88.125,72.6,3.1,316.5,227.9,0.3544,1
2116,88.1667,71.9,3.3,316.5,227.3,0.3745,1
2117,88.2083,73.3,3.3,316.3,227.5,0.3282,1
2118,88.25,71.7,3.1,316.5,228.3,0.3297,1
2119,88.2917,71.9,3.1,316.6,228.3,0.3334,1
2120,88.3333,71.8,3.2,316.7,226.9,0.3129,1
2121,88.375,73.1,3.3,316.7,225.8,0.325,1
2122,88.4167,74.3,3.4,316.4,226.6,0.3647,1
2123,88.4583,74.7,3.5,316.4,226.4,0.3601,1
2124,88.5,73.1,3.5,316.5,225.7,0.3568,1
2125,88.5417,72.8,3.4,316.8,226.4,0.3655,1
2126,88.5833,71.9,3.4,317.1,224.3,0.3879,1
2127,88.625,72.2,3.3,317.2,224.2,0.3922,1
2128,88.6667,72.8,3.4,317.1,223.4,0.4122,1
2129,88.7083,73.2,3.4,316.9,223.5,0.356,1
2130,88.75,74.0,3.6,316.9,223.4,0.3458,1
2131,88.7917,73.9,3.7,316.9,223.3,0.3243,1
2132,88.8333,73.1,3.6,316.8,223.3,0.3464,1
2133,88.875,73.4,3.6,316.8,223.8,0.349,1
2134,88.9167,73.1,3.6,316.6,223.6,0.3483,1
2135,88.9583,73.2,3.5,316.6,223.5,0.3441,1
2136,89.0,75.4,3.6,316.3,225.0,0.3455,1
2137,89.0417,74.1,3.7,316.5,223.6,0.3839,1
2138,89.0833,73.6,3.6,316.4,224.2,0.3775,1
2139,89.125,73.9,3.6,316.4,224.0,0.3601,1
2140,89.1667,74.1,3.7,316.4,223.1,0.3437,1
2141,89.2083,76.1,3.7,316.5,224.1,0.3022,1
2142,89.25,72.8,3.4,316.6,225.4,0.311,1
2143,89.2917,72.5,3.4,316.6,225.3,0.302,1
2144,89.3333,73.0,3.3,316.8,223.6,0.3203,1
2145,89.375,73.5,3.4,316.9,223.3,0.2661,1
2146,89.4167,74.1,3.4,316.5,225.4,0.2357,1
2147,89.4583,74.4,3.4,316.5,225.3,0.2414,1
2148,89.5,73.5,3.3,316.6,225.8,0.2698,1
2149,89.5417,73.4,3.2,316.5,228.2,0.2944,1
2150,89.5833,73.3,3.3,316.7,226.4,0.2965,1
2151,89.625,72.8,3.2,316.7,226.3,0.3093,1
2152,89.6667,73.0,3.2,316.6,226.4,0.3362,1
2153,89.7083,74.1,3.1,317.0,224.9,0.3705,1
2154,89.75,73.6,3.2,316.4,225.6,0.3247,1
2155,89.7917,73.6,3.2,316.5,225.3,0.3152,1
2156,89.8333,74.3,3.4,316.7,223.0,0.2996,1
2157,89.875,76.7,3.4,316.6,221.8,0.2588,1
2158,89.9167,76.2,3.4,316.5,222.8,0.2869,1
2159,89.9583,76.7,3.5,316.5,222.9,0.297,1
2160,90.0,72.6,3.3,316.6,221.5,0.2841,1
2161,90.0417,72.7,3.2,316.6,226.2,0.3269,1
2162,90.0833,72.3,3.1,316.7,225.9,0.3473,1
2163,90.125,71.9,3.3,316.7,225.6,0.3584,1
2164,90.1667,74.2,3.2,316.3,228.1,0.3646,1
2165,90.2083,73.8,3.2,316.7,226.6,0.3848,1
2166,90.25,72.3,3.3,316.8,223.8,0.3719,1
2167,90.2917,72.7,3.4,316.8,223.3,0.3634,1
2168,90.3333,74.0,3.3,317.0,223.9,0.3925,1
2169,90.375,74.1,3.4,316.5,225.3,0.3683,1
2170,90.4167,74.0,3.2,316.3,224.1,0.389,1
2171,90.4583,73.5,3.2,316.3,224.3,0.4015,1
2172,90.5,73.8,3.3,316.7,223.7,0.4113,1
2173,90.5417,72.8,3.0,316.8,225.9,0.3949,1
2174,90.5833,73.2,2.9,316.8,223.7,0.4133,1
2175,90.625,73.1,2.9,316.9,223.9,0.4315,1
2176,90.6667,73.5,3.0,316.9,226.8,0.4631,1
2177,90.7083,72.5,2.9,317.0,226.2,0.4606,1
2178,90.75,71.6,3.2,317.0,226.4,0.417,1
2179,90.7917,71.5,3.3,316.9,226.3,0.4223,1
2180,90.8333,70.1,3.1,317.3,224.6,0.4758,1
2181,90.875,71.4,3.1,317.3,219.8,0.4472,1
2182,90.9167,70.9,3.0,317.2,221.3,0.4186,1
2183,90.9583,71.0,3.1,317.1,221.5,0.4162,1
2184,91.0,70.6,3.2,317.1,220.8,0.3984,1
2185,91.0417,70.4,3.2,317.1,221.9,0.4051,1
2186,91.0833,72.3,3.1,317.0,219.7,0.4181,1
2187,91.125,72.5,3.1,317.0,219.2,0.4084,1
2188,91.1667,68.8,3.2,317.2,221.8,0.4408,1
2188,91.1667,78.3,216.4,171.7,240.0,0.1319,1
2189,91.2083,71.8,3.2,317.1,219.0,0.4444,1
2189,91.2083,78.1,216.5,170.2,240.0,0.1005,1
2190,91.25,72.5,3.3,316.7,217.8,0.3894,1
2191,91.2917,72.7,3.3,316.7,217.5,0.3843,1
2192,91.3333,71.4,3.1,317.1,217.4,0.5235,1
2193,91.375,72.1,3.3,316.4,220.0,0.48,1
2193,91.375,77.9,216.5,165.0,240.0,0.1027,1
2194,91.4167,72.2,3.2,316.2,221.9,0.4383,1
2194,91.4167,78.0,216.5,163.5,240.0,0.1173,1
2195,91.4583,72.2,3.1,316.5,221.0,0.4445,1
2195,91.4583,78.0,216.5,163.5,240.0,0.1169,1
2196,91.5,72.3,3.1,317.0,220.1,0.479,1
2196,91.5,78.0,216.5,164.0,240.0,0.1025,1
2197,91.5417,72.5,3.2,317.2,219.7,0.5057,1
2198,91.5833,73.1,3.2,317.1,220.5,0.4991,1
2199,91.625,72.9,3.2,317.1,220.6,0.4908,1
2200,91.6667,71.4,3.0,317.2,219.0,0.5319,1
2201,91.7083,71.0,3.1,317.2,220.0,0.5147,1
2202,91.75,70.2,3.0,317.4,221.4,0.5242,1
2203,91.7917,69.9,3.0,317.4,221.3,0.5221,1
2204,91.8333,70.8,3.1,317.3,219.4,0.498,1
2205,91.875,72.5,3.1,317.4,217.4,0.4687,1
2206,91.9167,71.3,3.1,317.5,217.6,0.4708,1
2207,91.9583,71.5,3.1,317.5,218.0,0.4525,1
2208,92.0,71.6,3.1,317.4,217.6,0.508,1
2209,92.0417,72.6,3.0,317.4,215.6,0.5006,1
2210,92.0833,70.8,3.0,317.5,218.6,0.5299,1
2211,92.125,70.9,3.0,317.4,218.2,0.5131,1
2212,92.1667,71.2,3.1,317.3,219.8,0.51,1
2213,92.2083,73.9,3.4,317.1,218.5,0.351,1
2214,92.25,71.2,3.3,317.4,219.4,0.4747,1
2215,92.2917,71.2,3.2,317.3,219.1,0.4841,1
2216,92.3333,69.7,3.4,317.5,220.4,0.5095,1
2217,92.375,71.8,3.4,317.1,218.1,0.4297,1
2218,92.4167,71.7,3.3,317.3,216.8,0.5043,1
2219,92.4583,72.1,3.3,317.2,216.6,0.4819,1
2220,92.5,71.9,3.3,317.1,217.7,0.5021,1
2221,92.5417,70.9,3.3,317.2,219.7,0.5459,1
2221,92.5417,76.9,215.4,132.0,240.0,0.1661,1
2222,92.5833,72.0,3.4,317.2,220.2,0.5643,1
2222,92.5833,76.9,215.4,131.1,240.0,0.1086,1
2223,92.625,72.0,3.4,317.2,220.3,0.5587,1
2223,92.625,76.9,215.4,131.1,240.0,0.1158,1
2224,92.6667,71.9,3.4,317.2,219.9,0.5628,1
2224,92.6667,76.9,215.4,130.2,240.0,0.1374,1
2225,92.7083,72.4,3.4,317.2,220.3,0.5531,1
2225,92.7083,76.8,215.3,130.2,240.0,0.186,1
2226,92.75,72.3,3.4,317.3,221.3,0.5934,1
2226,92.75,76.9,215.4,130.4,240.0,0.2149,1
2227,92.7917,72.2,3.3,317.3,221.3,0.5899,1
2227,92.7917,76.9,215.3,130.4,240.0,0.2093,1
2228,92.8333,71.0,3.2,317.3,224.5,0.5396,1
2228,92.8333,77.0,215.4,130.3,240.0,0.2604,1
2229,92.875,73.3,3.2,317.3,223.2,0.5084,1
2229,92.875,76.8,215.3,128.5,240.0,0.1618,1
2230,92.9167,72.7,3.3,317.3,222.5,0.443,1
2230,92.9167,76.7,215.3,128.0,240.0,0.1489,1
2231,92.9583,72.5,3.2,317.3,222.5,0.4488,1
2231,92.9583,76.7,215.3,127.9,240.0,0.1464,1
2232,93.0,72.5,3.3,317.3,219.6,0.5762,1
2232,93.0,76.7,215.2,127.7,240.0,0.1597,1
2233,93.0417,72.0,3.3,317.4,220.1,0.5852,1
2233,93.0417,76.9,215.1,127.0,240.0,0.1438,1
2234,93.0833,72.7,3.4,317.2,220.6,0.5556,1
2234,93.0833,77.0,215.2,127.8,240.0,0.2253,1
2235,93.125,72.3,3.4,317.2,220.5,0.5488,1
2235,93.125,77.0,215.2,128.0,240.0,0.235,1
2236,93.1667,72.5,3.3,317.3,220.4,0.5695,1
2236,93.1667,77.0,215.1,126.9,240.0,0.1849,1
2237,93.2083,72.4,3.3,317.4,219.9,0.5686,1
2237,93.2083,76.8,215.0,125.2,240.0,0.2157,1
2237,93.2083,125.7,223.3,132.1,229.3,0.1124,0
2238,93.25,72.2,3.3,317.5,219.6,0.5846,1
2238,93.25,76.9,215.1,125.1,240.0,0.2501,1
2239,93.2917,71.9,3.3,317.5,219.6,0.5853,1
2239,93.2917,76.9,215.1,125.0,240.0,0.2453,1
2240,93.3333,71.4,3.3,317.5,216.9,0.5875,1
2240,93.3333,77.1,215.1,124.2,240.0,0.3123,1
2240,93.3333,79.0,215.9,128.0,240.0,0.1008,1
2241,93.375,71.5,3.2,317.5,217.8,0.572,1
2241,93.375,77.0,215.2,123.2,240.0,0.3307,1
2241,93.375,124.0,223.7,129.8,228.9,0.1018,0
2242,93.4167,71.9,3.1,317.3,219.1,0.5172,1
2242,93.4167,77.2,215.2,122.1,240.0,0.3775,1
2242,93.4167,124.1,223.7,129.6,229.0,0.1602,0
2243,93.4583,71.7,3.1,317.3,219.2,0.5132,1
2243,93.4583,77.2,215.2,122.1,240.0,0.3772,1
2243,93.4583,124.1,223.7,129.6,229.0,0.1603,0
2244,93.5,72.7,3.2,317.3,218.2,0.5577,1
2244,93.5,77.1,215.3,121.2,240.0,0.2497,1
2245,93.5417,73.1,3.2,317.2,215.8,0.5365,1
2245,93.5417,77.2,215.3,122.1,240.0,0.1764,1
2246,93.5833,70.9,3.1,317.4,219.9,0.5417,1
2246,93.5833,123.6,223.6,128.9,228.5,0.1356,0
2247,93.625,71.5,3.0,317.3,220.6,0.537,1
2247,93.625,123.6,223.6,128.8,228.5,0.1359,0
2248,93.6667,70.7,3.0,317.3,222.0,0.4999,1
2248,93.6667,123.5,223.5,128.8,228.5,0.1527,0
2248,93.6667,77.3,215.3,121.2,240.0,0.118,1
2249,93.7083,73.0,3.1,316.9,223.2,0.4735,1
2249,93.7083,122.6,223.5,128.4,228.8,0.261,0
2249,93.7083,77.2,215.0,120.2,240.0,0.1101,1
2250,93.75,71.0,3.0,317.2,221.9,0.4905,1
2250,93.75,122.6,223.4,128.4,228.9,0.3615,0
2250,93.75,77.1,214.9,120.8,240.0,0.1032,1
2251,93.7917,70.4,2.9,317.3,221.7,0.4741,1
2251,93.7917,122.6,223.4,128.4,228.9,0.3587,0
2251,93.7917,77.1,214.9,120.8,240.0,0.1029,1
2252,93.8333,69.5,2.9,317.2,221.6,0.4107,1
2252,93.8333,122.6,223.4,128.5,228.9,0.3715,0
2253,93.875,71.9,3.2,317.1,220.8,0.3701,1
2253,93.875,122.2,223.5,128.6,229.5,0.2817,0
2254,93.9167,71.2,3.1,317.0,221.2,0.3859,1
2254,93.9167,122.5,223.7,128.7,229.3,0.1084,0
2255,93.9583,71.5,3.1,316.9,221.1,0.3954,1
2255,93.9583,122.5,223.7,128.7,229.3,0.1022,0
2256,94.0,70.9,3.1,317.1,221.9,0.4182,1
2256,94.0,122.3,223.8,128.8,229.4,0.1023,0
2257,94.0417,72.9,3.1,317.0,220.9,0.2916,1
2258,94.0833,73.4,3.1,317.0,220.0,0.352,1
2259,94.125,73.8,3.0,317.0,219.8,0.3299,1
2260,94.1667,72.9,3.2,316.8,220.3,0.3456,1
2261,94.2083,73.8,3.2,316.6,220.5,0.3698,1
2262,94.25,75.5,3.3,316.0,224.0,0.3653,1
2263,94.2917,75.3,3.2,316.0,224.0,0.3694,1
2264,94.3333,74.6,3.3,315.9,223.9,0.3774,1
2265,94.375,76.3,3.3,316.0,222.6,0.3279,1
2266,94.4167,76.2,3.5,316.2,222.4,0.3247,1
2267,94.4583,76.3,3.5,316.1,222.0,0.3104,1
2268,94.5,76.1,3.4,315.8,223.3,0.2854,1
2269,94.5417,76.2,3.6,316.2,222.1,0.3055,1
2270,94.5833,75.3,3.5,316.2,222.3,0.2884,1
2271,94.625,75.3,3.6,316.3,222.3,0.3031,1
2272,94.6667,78.0,3.6,315.9,222.7,0.3675,1
2273,94.7083,76.8,3.5,316.2,221.0,0.3414,1
2274,94.75,77.7,3.6,316.4,219.7,0.3093,1
2275,94.7917,77.6,3.6,316.4,219.7,0.2999,1
2276,94.8333,78.3,3.6,316.3,218.7,0.3497,1
2277,94.875,76.0,3.7,315.9,220.4,0.3278,1
2278,94.9167,77.0,3.8,316.1,221.3,0.3535,1
2279,94.9583,76.8,3.7,315.9,221.6,0.3562,1
2280,95.0,77.6,3.9,315.9,221.9,0.3828,1
2281,95.0417,77.4,3.5,316.7,220.5,0.3625,1
2282,95.0833,78.3,3.6,316.6,220.2,0.3449,1
2283,95.125,79.0,3.6,316.5,220.2,0.3608,1
2284,95.1667,78.8,3.8,316.4,221.0,0.372,1
2285,95.2083,77.7,3.6,316.8,220.1,0.3657,1
2286,95.25,79.7,3.5,316.9,219.3,0.3787,1
2287,95.2917,79.1,3.5,316.8,219.1,0.3481,1
2288,95.3333,78.8,3.6,316.8,219.4,0.3487,1
2289,95.375,77.6,3.4,317.1,221.6,0.4367,1
2290,95.4167,79.0,3.6,316.4,221.7,0.4216,1
2291,95.4583,79.0,3.6,316.4,221.6,0.4178,1
2292,95.5,76.6,3.6,316.9,221.5,0.4013,1
2293,95.5417,77.4,3.6,316.9,221.3,0.3873,1
2294,95.5833,78.8,3.6,316.7,220.9,0.3706,1
2295,95.625,78.9,3.6,316.7,220.9,0.367,1
2296,95.6667,77.8,3.6,316.6,220.8,0.418,1
2297,95.7083,76.1,3.5,316.6,222.0,0.4065,1
2298,95.75,78.8,3.5,316.4,222.0,0.3215,1
2299,95.7917,78.7,3.5,316.4,222.1,0.3226,1
2300,95.8333,75.6,3.4,316.6,222.6,0.3647,1
2301,95.875,74.7,3.2,316.9,222.6,0.352,1
2302,95.9167,74.8,3.1,317.2,223.4,0.4418,1
2303,95.9583,74.8,3.3,317.2,223.6,0.4465,1
2304,96.0,73.7,3.1,317.2,224.4,0.4233,1
2305,96.0417,73.6,3.1,317.1,225.1,0.3722,1
2306,96.0833,74.4,3.0,317.3,224.3,0.4589,1
2307,96.125,74.5,3.0,317.3,224.3,0.4629,1
2308,96.1667,73.7,3.2,317.1,225.3,0.4725,1
2309,96.2083,74.5,3.3,317.2,225.5,0.4712,1
2310,96.25,72.9,3.2,317.3,225.4,0.455,1
2311,96.2917,72.8,3.3,317.3,225.3,0.4611,1
2312,96.3333,73.0,3.4,317.4,224.5,0.5042,1
2313,96.375,72.4,3.3,317.6,224.7,0.5291,1
2314,96.4167,75.0,3.3,317.2,223.7,0.4527,1
2315,96.4583,75.0,3.3,317.1,223.6,0.4401,1
2316,96.5,74.5,3.4,317.0,225.0,0.4361,1
2317,96.5417,74.7,3.5,316.9,225.4,0.3852,1
2318,96.5833,74.1,3.5,316.9,225.4,0.3324,1
2319,96.625,73.8,3.4,316.9,225.3,0.2936,1
2320,96.6667,73.5,3.5,316.8,225.8,0.2366,1
2321,96.7083,74.2,3.5,316.9,225.8,0.2829,1
2322,96.75,74.6,3.5,317.1,225.1,0.2308,1
2323,96.7917,74.1,3.5,317.3,225.2,0.2635,1
2324,96.8333,74.8,3.5,317.5,225.4,0.3435,1
2325,96.875,73.5,3.4,317.6,225.4,0.3754,1
2326,96.9167,76.8,3.6,317.3,221.9,0.3564,1
2327,96.9583,76.6,3.6,317.3,221.9,0.369,1
2328,97.0,76.5,3.6,317.5,222.3,0.3242,1
2329,97.0417,75.5,3.5,317.6,221.8,0.333,1
2330,97.0833,74.4,3.5,317.7,222.5,0.3762,1
2331,97.125,74.4,3.4,317.6,222.6,0.3549,1
2332,97.1667,74.3,3.4,317.4,221.2,0.327,1
2333,97.2083,75.5,3.4,317.5,218.9,0.2899,1
2334,97.25,77.0,3.6,317.5,219.2,0.3519,1
2335,97.2917,76.1,3.5,317.6,219.4,0.3594,1
2336,97.3333,76.4,3.4,317.7,220.5,0.3579,1
2337,97.375,73.6,3.5,317.5,221.6,0.4218,1
2338,97.4167,74.0,3.6,317.4,223.4,0.4365,1
2339,97.4583,74.5,3.7,317.4,223.2,0.4462,1
2340,97.5,74.0,3.6,317.4,222.9,0.4546,1
2341,97.5417,74.7,3.7,317.2,220.9,0.4319,1
2342,97.5833,75.1,3.6,317.4,219.3,0.4923,1
2343,97.625,75.2,3.5,317.4,219.4,0.4799,1
2344,97.6667,75.6,3.6,317.3,218.1,0.4924,1
2345,97.7083,75.8,3.7,316.9,216.9,0.3774,1
2346,97.75,75.2,3.4,317.2,217.8,0.4123,1
2347,97.7917,75.2,3.4,317.2,217.6,0.3926,1
2348,97.8333,74.5,3.6,317.2,220.4,0.4108,1
2349,97.875,77.3,3.6,317.2,220.3,0.4362,1
2350,97.9167,76.9,3.5,316.8,221.0,0.4322,1
2351,97.9583,77.3,3.6,316.7,220.7,0.4198,1
2352,98.0,76.2,3.7,316.8,220.9,0.4563,1
2353,98.0417,77.3,3.8,316.7,218.5,0.4437,1
2354,98.0833,75.4,3.7,316.9,218.5,0.4709,1
2355,98.125,75.4,3.7,316.9,218.5,0.4758,1
2356,98.1667,72.9,3.5,317.1,219.8,0.5002,1
2357,98.2083,74.8,3.6,316.8,218.7,0.4672,1
2358,98.25,74.5,3.5,316.7,221.4,0.4316,1
2359,98.2917,74.0,3.4,316.8,221.1,0.4431,1
2360,98.3333,74.0,3.4,317.1,220.7,0.4572,1
2361,98.375,72.0,3.5,317.1,221.0,0.4227,1
2362,98.4167,71.0,3.5,317.1,222.7,0.4278,1
2363,98.4583,71.2,3.5,317.1,222.8,0.4164,1
2364,98.5,72.8,3.5,317.1,222.1,0.4366,1
2365,98.5417,74.7,3.7,317.1,222.3,0.4905,1
2366,98.5833,72.8,3.5,317.2,221.7,0.4827,1
2367,98.625,72.7,3.5,317.2,221.6,0.483,1
2368,98.6667,75.0,3.5,316.9,221.8,0.4355,1
2369,98.7083,74.5,3.5,316.9,220.9,0.452,1
2370,98.75,72.2,3.4,317.1,221.8,0.4567,1
2371,98.7917,72.5,3.4,317.0,221.7,0.4462,1
2372,98.8333,72.5,3.4,317.2,220.9,0.46,1
2373,98.875,74.2,3.4,316.8,222.3,0.3938,1
2374,98.9167,75.8,3.3,317.1,222.8,0.4109,1
2375,98.9583,75.6,3.4,317.0,223.1,0.4199,1
2376,99.0,76.0,3.6,317.1,222.8,0.4161,1
2377,99.0417,76.9,3.7,316.8,222.0,0.3826,1
2378,99.0833,76.2,3.2,317.1,223.7,0.349,1
2379,99.125,76.4,3.5,317.0,223.6,0.3578,1
2380,99.1667,76.5,3.6,316.7,224.1,0.366,1
2381,99.2083,74.5,3.6,316.7,224.1,0.3326,1
2382,99.25,73.9,3.6,316.4,225.7,0.3051,1
2383,99.2917,73.9,3.6,316.4,225.8,0.3077,1
2384,99.3333,73.8,3.5,316.4,225.5,0.3219,1
2385,99.375,74.7,3.5,316.5,225.3,0.2992,1
2386,99.4167,73.3,3.4,316.4,225.8,0.2968,1
2387,99.4583,73.6,3.5,316.4,225.6,0.3054,1
2388,99.5,73.1,3.4,316.4,225.4,0.3195,1
2389,99.5417,74.7,3.6,316.6,224.8,0.3256,1
2390,99.5833,73.9,3.6,316.8,225.5,0.3442,1
2391,99.625,74.0,3.5,316.7,225.3,0.3254,1
2392,99.6667,73.8,3.6,316.9,225.2,0.3359,1
2393,99.7083,73.5,3.7,316.9,223.4,0.3685,1
2394,99.75,70.3,3.7,316.9,224.1,0.3489,1
2395,99.7917,70.4,3.7,317.0,223.9,0.3455,1
2396,99.8333,71.1,3.8,316.9,223.6,0.3415,1
2397,99.875,73.0,3.7,316.3,223.8,0.2723,1
2398,99.9167,72.0,3.6,316.3,223.8,0.2208,1
2399,99.9583,71.7,3.7,316.2,223.8,0.2421,1
2400,100.0,74.8,3.6,316.5,216.4,0.1105,1
2401,100.0417,53.0,3.3,316.2,217.3,0.1043,1
2402,100.0833,77.1,3.5,316.4,217.9,0.1325,1
2403,100.125,77.3,3.5,316.5,218.0,0.1597,1
2404,100.1667,78.0,3.7,316.4,215.3,0.1037,1
2405,100.2083,79.3,3.6,316.2,216.6,0.1776,1
2406,100.25,77.1,3.4,316.2,218.9,0.212,1
2407,100.2917,76.9,3.5,316.2,218.7,0.1928,1
2408,100.3333,77.4,3.5,316.2,220.7,0.1798,1
2409,100.375,79.3,3.4,316.1,222.5,0.1178,1
2410,100.4167,78.5,3.4,316.1,220.2,0.1747,1
2411,100.4583,78.1,3.4,316.2,219.8,0.2033,1
2412,100.5,78.6,3.4,316.2,218.6,0.3015,1
2413,100.5417,77.3,3.4,316.3,218.4,0.3394,1
2414,100.5833,76.7,3.3,316.3,220.5,0.3533,1
2415,100.625,76.6,3.4,316.2,220.6,0.3429,1
2416,100.6667,76.9,3.5,316.1,217.9,0.4026,1
2417,100.7083,76.6,3.5,316.2,218.0,0.3421,1
2418,100.75,78.7,3.4,316.2,219.8,0.3072,1
2419,100.7917,77.5,3.5,316.1,219.6,0.3019,1
2420,100.8333,75.8,3.2,316.5,220.8,0.3335,1
2421,100.875,75.2,3.2,316.3,220.2,0.2968,1
2422,100.9167,74.9,3.2,316.4,219.5,0.2975,1
2423,100.9583,74.7,3.3,316.4,219.6,0.2877,1
2424,101.0,76.0,3.3,316.4,220.0,0.3234,1
2425,101.0417,75.9,3.3,316.3,222.8,0.3278,1
2426,101.0833,75.7,3.5,316.3,224.2,0.3283,1
2427,101.125,75.4,3.5,316.1,224.1,0.3047,1
2428,101.1667,75.1,3.5,316.2,224.0,0.3162,1
2429,101.2083,75.2,3.4,316.3,224.3,0.38,1
2430,101.25,74.8,3.4,316.3,224.3,0.3183,1
2431,101.2917,74.6,3.5,316.3,224.4,0.369,1
2432,101.3333,75.5,3.4,316.4,222.4,0.3549,1
2433,101.375,74.3,3.6,316.4,224.1,0.3387,1
2434,101.4167,75.2,3.5,316.4,222.0,0.4067,1
2435,101.4583,74.9,3.5,316.4,221.5,0.4116,1
2436,101.5,75.9,3.6,316.4,223.1,0.3725,1
2437,101.5417,75.6,3.6,316.3,225.5,0.3581,1
2438,101.5833,75.5,3.7,316.3,225.5,0.3778,1
2439,101.625,76.0,3.6,316.3,225.5,0.3751,1
2440,101.6667,76.7,3.7,316.4,225.3,0.3923,1
2441,101.7083,76.8,3.6,316.3,224.0,0.3749,1
2442,101.75,77.2,3.8,316.4,225.4,0.405,1
2443,101.7917,76.5,3.7,316.4,225.3,0.3914,1
2444,101.8333,74.6,3.7,316.4,224.5,0.4082,1
2445,101.875,73.4,3.5,316.4,224.0,0.4198,1
2446,101.9167,73.7,3.4,316.5,223.9,0.4486,1
2447,101.9583,73.2,3.3,316.4,223.9,0.436,1
2448,102.0,73.8,3.4,316.5,224.1,0.4398,1
2449,102.0417,73.4,3.5,316.4,223.6,0.4605,1
2450,102.0833,73.2,3.4,316.4,224.0,0.4434,1
2451,102.125,73.4,3.4,316.4,224.1,0.4396,1
2452,102.1667,71.6,3.5,316.5,223.9,0.4819,1
2453,102.2083,72.0,3.5,316.6,224.3,0.4939,1
2454,102.25,72.9,3.2,316.8,223.1,0.5186,1
2455,102.2917,73.0,3.2,316.8,223.0,0.5169,1
2456,102.3333,71.8,3.1,316.8,223.4,0.523,1
2457,102.375,72.5,3.2,316.9,223.4,0.5251,1
2458,102.4167,75.1,3.4,316.6,222.3,0.5356,1
2459,102.4583,75.3,3.4,316.6,222.2,0.5288,1
2460,102.5,75.0,3.3,316.6,224.1,0.4866,1
2461,102.5417,74.9,3.4,316.6,224.1,0.4632,1
2462,102.5833,74.7,3.4,316.5,224.3,0.4908,1
2463,102.625,74.9,3.3,316.5,224.4,0.4854,1
2464,102.6667,74.3,3.4,316.5,224.3,0.4882,1
2465,102.7083,74.8,3.4,316.5,222.7,0.5127,1
2466,102.75,74.6,3.3,316.6,223.2,0.5267,1
2467,102.7917,74.5,3.4,316.6,223.2,0.5293,1
2468,102.8333,72.4,3.3,316.6,224.3,0.5118,1
2469,102.875,73.7,3.4,316.5,225.5,0.5102,1
2470,102.9167,72.8,3.4,316.3,229.0,0.4806,1
2471,102.9583,72.9,3.4,316.3,229.1,0.474,1
2472,103.0,72.4,3.5,316.3,229.0,0.4644,1
2473,103.0417,73.3,3.4,316.1,229.5,0.4528,1
2474,103.0833,72.6,3.4,316.1,229.7,0.4102,1
2475,103.125,73.1,3.3,316.1,229.6,0.4369,1
2476,103.1667,73.2,3.4,316.1,230.1,0.4306,1
2477,103.2083,73.6,3.3,315.9,230.7,0.3884,1
2478,103.25,72.6,3.4,316.2,230.9,0.3607,1
2479,103.2917,72.6,3.3,316.1,230.9,0.3448,1
2480,103.3333,71.2,3.3,316.2,230.8,0.3603,1
2481,103.375,72.9,3.3,316.2,231.4,0.2712,1
2482,103.4167,47.7,2.8,313.9,235.5,0.2266,1
2482,103.4167,72.1,3.3,316.0,231.8,0.1366,1
2483,103.4583,47.6,2.8,313.9,235.5,0.2267,1
2483,103.4583,72.0,3.4,316.0,231.8,0.1413,1
2484,103.5,70.9,3.5,316.2,231.9,0.225,1
2484,103.5,46.4,2.9,314.5,235.5,0.1088,1
2485,103.5417,71.1,3.4,316.1,232.1,0.367,1
2486,103.5833,43.8,2.5,314.2,237.2,0.3452,1
2487,103.625,43.7,2.5,314.0,237.4,0.3441,1
2488,103.6667,70.0,3.2,316.2,233.9,0.2031,1
2488,103.6667,44.4,2.6,314.8,237.1,0.1359,1
2489,103.7083,71.1,3.4,316.3,233.0,0.2005,1
2489,103.7083,45.3,2.8,315.2,236.7,0.1406,1
2490,103.75,44.7,2.8,315.2,236.9,0.286,1
2490,103.75,70.5,3.4,316.4,233.2,0.1053,1
2491,103.7917,44.8,2.7,315.1,236.9,0.2599,1
2491,103.7917,70.2,3.3,316.4,233.2,0.1247,1
2492,103.8333,42.9,2.8,315.4,237.0,0.3109,1
2493,103.875,44.2,2.7,315.0,236.8,0.2943,1
2493,103.875,69.8,3.4,316.3,233.3,0.1002,1
2494,103.9167,44.1,2.9,314.9,237.1,0.3657,1
2495,103.9583,44.4,2.9,314.9,237.0,0.3572,1
2496,104.0,44.7,2.8,315.0,236.7,0.2499,1
2496,104.0,69.4,3.3,316.1,233.2,0.1392,1
2497,104.0417,69.5,3.3,316.1,232.9,0.2428,1
2497,104.0417,44.6,2.7,314.8,236.4,0.1028,1
2498,104.0833,69.4,3.3,316.0,232.6,0.2193,1
2498,104.0833,44.3,2.6,314.8,236.3,0.1563,1
2499,104.125,69.1,3.4,316.0,232.5,0.2215,1
2499,104.125,44.1,2.7,314.9,236.3,0.1315,1
2500,104.1667,43.4,2.7,315.1,236.6,0.2325,1
2501,104.2083,43.7,2.6,314.7,236.8,0.1767,1
2501,104.2083,68.8,3.3,316.0,233.6,0.1727,1
2502,104.25,44.5,2.6,315.4,236.3,0.202,1
2503,104.2917,44.5,2.7,315.0,236.3,0.221,1
2504,104.3333,69.6,3.1,316.4,230.7,0.2611,1
2505,104.375,69.5,3.3,316.4,230.1,0.3281,1
2505,104.375,151.3,210.0,165.9,217.9,0.1963,0
2506,104.4167,71.2,3.3,316.2,229.3,0.3519,1
2507,104.4583,71.3,3.4,316.3,229.2,0.3456,1
2508,104.5,72.9,3.4,316.2,228.2,0.3074,1
2509,104.5417,72.4,3.4,316.3,227.5,0.3,1
2510,104.5833,72.5,3.4,316.4,226.8,0.2964,1
2511,104.625,72.3,3.4,316.3,226.5,0.3166,1
2512,104.6667,73.1,3.4,316.3,228.3,0.2754,1
2513,104.7083,72.0,3.4,316.5,228.5,0.3034,1
2514,104.75,71.9,3.3,316.6,228.5,0.2531,1
2515,104.7917,72.4,3.4,316.6,228.4,0.2818,1
2516,104.8333,71.7,3.4,316.8,228.5,0.3189,1
2517,104.875,71.4,3.5,316.6,229.6,0.3161,1
2518,104.9167,72.8,3.5,316.6,229.0,0.3387,1
2519,104.9583,72.6,3.5,316.6,228.9,0.3547,1
2520,105.0,72.4,3.4,316.6,227.7,0.3093,1
2521,105.0417,72.4,3.5,316.5,228.7,0.3281,1
2522,105.0833,72.5,3.4,316.4,229.5,0.2099,1
2522,105.0833,48.6,3.0,315.4,234.0,0.1081,1
2523,105.125,72.3,3.4,316.5,229.6,0.2538,1
2524,105.1667,72.1,3.5,316.4,229.5,0.2419,1
2525,105.2083,72.1,3.4,316.7,228.7,0.2664,1
2526,105.25,71.7,3.3,316.8,227.6,0.2485,1
2527,105.2917,71.9,3.3,316.8,227.5,0.2569,1
2528,105.3333,70.9,3.1,317.3,226.7,0.2216,1
2529,105.375,71.8,3.3,316.8,229.7,0.1624,1
2530,105.4167,71.5,3.1,317.0,228.6,0.1399,1
2531,105.4583,71.3,3.2,317.0,228.5,0.1154,1
2532,105.5,71.2,3.3,316.8,228.9,0.1425,1
2533,105.5417,71.6,3.5,316.7,227.5,0.2704,1
2534,105.5833,71.0,3.5,317.0,227.2,0.2546,1
2535,105.625,70.7,3.5,317.0,227.1,0.264,1
2536,105.6667,71.6,3.6,316.8,226.0,0.2984,1
2537,105.7083,71.6,3.6,316.7,226.8,0.2491,1
2538,105.75,69.0,3.6,316.8,227.7,0.3465,1
2539,105.7917,69.0,3.7,316.8,227.6,0.3307,1
2540,105.8333,69.7,3.6,316.8,228.2,0.3424,1
2541,105.875,69.9,3.5,316.9,228.3,0.365,1
2542,105.9167,71.4,3.5,316.7,229.0,0.3828,1
2543,105.9583,71.2,3.4,316.9,229.1,0.3625,1
2544,106.0,71.0,3.4,316.6,229.5,0.3532,1
2545,106.0417,69.7,3.5,317.0,227.2,0.3839,1
2546,106.0833,70.7,3.5,316.8,227.7,0.3888,1
2547,106.125,69.8,3.5,316.8,227.9,0.3742,1
2548,106.1667,69.5,3.6,317.0,226.7,0.4346,1
2549,106.2083,70.0,3.6,316.9,226.7,0.4596,1
2550,106.25,69.8,3.6,316.9,227.7,0.4562,1
2551,106.2917,69.7,3.6,316.8,227.8,0.437,1
2552,106.3333,70.0,3.6,317.1,225.9,0.4342,1
2553,106.375,71.0,3.6,317.2,227.1,0.3601,1
2554,106.4167,70.8,3.5,316.9,227.3,0.3837,1
2555,106.4583,71.2,3.5,316.8,227.6,0.3649,1
2556,106.5,72.3,3.6,316.7,228.4,0.3285,1
2557,106.5417,73.2,3.7,316.5,228.2,0.3171,1
2558,106.5833,74.1,3.7,316.4,227.6,0.3477,1
2559,106.625,74.3,3.7,316.4,227.6,0.3251,1
2560,106.6667,75.2,3.6,316.6,226.7,0.392,1
2561,106.7083,74.5,3.7,316.6,227.1,0.3742,1
2562,106.75,77.0,3.7,316.5,226.9,0.3799,1
2563,106.7917,77.0,3.7,316.6,226.9,0.3958,1
2564,106.8333,76.1,3.5,316.7,227.3,0.3996,1
2565,106.875,76.2,3.3,316.6,227.7,0.3881,1
2566,106.9167,75.9,3.4,316.8,227.0,0.417,1
2567,106.9583,75.7,3.5,316.8,226.6,0.441,1
2568,107.0,76.5,3.5,316.7,227.4,0.4035,1
2569,107.0417,74.9,3.4,316.6,229.5,0.3649,1
2570,107.0833,76.3,3.5,316.5,229.3,0.3288,1
2571,107.125,76.3,3.5,316.5,229.0,0.3256,1
2572,107.1667,76.8,3.5,316.6,229.6,0.3666,1
2573,107.2083,76.5,3.6,316.4,230.0,0.3264,1
2574,107.25,76.3,3.6,316.6,229.9,0.2879,1
2575,107.2917,75.8,3.6,316.5,229.9,0.2861,1
2576,107.3333,74.0,3.5,316.9,230.3,0.243,1
2577,107.375,74.1,3.6,316.8,229.6,0.2484,1
2578,107.4167,75.5,3.6,316.6,230.0,0.2485,1
2579,107.4583,75.4,3.6,316.8,229.6,0.2633,1
2580,107.5,73.7,3.7,317.0,230.0,0.235,1
2581,107.5417,75.2,3.6,316.9,229.6,0.2161,1
2582,107.5833,74.3,3.6,317.1,229.5,0.2137,1
2583,107.625,74.6,3.7,317.0,229.5,0.1982,1
2584,107.6667,75.7,3.6,316.8,229.3,0.2548,1
2585,107.7083,74.7,3.6,316.7,229.8,0.2626,1
2586,107.75,75.4,3.6,316.6,229.7,0.2395,1
2587,107.7917,75.4,3.6,316.7,229.4,0.2406,1
2588,107.8333,73.7,3.4,316.9,229.6,0.3078,1
2589,107.875,73.7,3.7,316.7,228.9,0.3841,1
2590,107.9167,74.3,3.8,316.8,229.8,0.3322,1
2591,107.9583,74.6,3.8,316.7,230.0,0.3362,1
2592,108.0,73.3,3.5,316.8,227.6,0.3434,1
2593,108.0417,72.4,3.4,317.0,226.9,0.3991,1
2594,108.0833,72.6,3.5,316.6,227.0,0.386,1
2595,108.125,72.8,3.5,316.6,226.9,0.3889,1
2596,108.1667,71.8,3.5,317.0,226.2,0.4256,1
2597,108.2083,71.7,3.6,317.2,226.4,0.4297,1
2598,108.25,73.8,3.7,316.9,226.0,0.4098,1
2599,108.2917,74.0,3.7,316.9,225.6,0.4038,1
2600,108.3333,73.1,3.6,316.9,226.3,0.4722,1
2601,108.375,72.1,3.6,316.9,225.6,0.4457,1
2602,108.4167,74.4,3.4,316.7,226.2,0.4613,1
2603,108.4583,74.4,3.3,316.7,226.1,0.4496,1
2604,108.5,74.4,3.5,316.7,229.3,0.4143,1
2605,108.5417,75.0,3.5,316.7,228.8,0.3886,1
2606,108.5833,74.6,3.7,316.7,229.1,0.3763,1
2607,108.625,74.7,3.7,316.6,229.1,0.3746,1
2608,108.6667,72.4,3.7,316.9,228.9,0.3992,1
2609,108.7083,71.2,3.5,317.0,229.2,0.4335,1
2610,108.75,69.6,3.5,317.4,229.1,0.487,1
2611,108.7917,69.9,3.4,317.4,229.1,0.4705,1
2612,108.8333,68.0,3.4,317.5,229.0,0.4829,1
2613,108.875,71.3,3.8,316.8,228.6,0.4413,1
2614,108.9167,72.2,3.7,316.9,228.4,0.3996,1
2615,108.9583,72.5,3.8,316.8,228.4,0.3959,1
2616,109.0,72.3,3.9,316.7,228.3,0.3814,1
2617,109.0417,70.5,3.8,317.1,227.8,0.4208,1
2618,109.0833,71.4,3.8,317.2,226.1,0.4444,1
2619,109.125,71.2,3.8,317.2,226.1,0.432,1
2620,109.1667,71.9,3.7,316.6,227.8,0.4164,1
2621,109.2083,72.3,3.7,317.1,228.4,0.4231,1
2622,109.25,73.5,3.7,317.0,229.0,0.4395,1
2623,109.2917,73.1,3.7,316.9,229.1,0.4484,1
2624,109.3333,71.6,3.8,316.9,227.7,0.4173,1
2625,109.375,72.0,3.8,316.8,227.1,0.3641,1
2626,109.4167,72.7,3.8,316.6,229.1,0.3713,1
2627,109.4583,72.8,3.7,316.6,229.1,0.3685,1
2628,109.5,72.6,3.7,316.6,229.2,0.3658,1
2629,109.5417,71.5,3.7,316.8,227.7,0.3769,1
2630,109.5833,70.9,3.8,316.8,228.8,0.3452,1
2631,109.625,71.1,3.7,316.7,228.8,0.3314,1
2632,109.6667,73.0,3.7,316.6,228.8,0.375,1
2633,109.7083,73.2,3.6,317.0,227.2,0.4146,1
2634,109.75,73.8,3.8,316.7,228.4,0.3842,1
2635,109.7917,74.1,3.8,316.6,228.4,0.3799,1
2636,109.8333,69.3,3.7,316.9,228.7,0.3997,1
2637,109.875,71.6,3.7,316.8,228.7,0.4015,1
2638,109.9167,72.2,3.7,316.6,229.7,0.3541,1
2639,109.9583,72.8,3.7,316.5,229.8,0.3496,1
2640,110.0,71.1,3.6,316.8,228.9,0.4146,1
2641,110.0417,72.8,3.7,316.7,228.7,0.4222,1
2642,110.0833,70.8,3.6,316.7,228.8,0.413,1
2643,110.125,70.7,3.5,316.9,228.9,0.4264,1
2644,110.1667,73.9,3.7,316.3,230.0,0.3947,1
2645,110.2083,73.4,3.6,316.3,230.3,0.4065,1
2646,110.25,72.5,3.8,316.4,230.0,0.3927,1
2647,110.2917,72.6,3.7,316.4,230.1,0.3738,1
2648,110.3333,70.8,3.7,316.6,228.6,0.4184,1
2649,110.375,69.8,3.6,316.6,228.4,0.4283,1
2650,110.4167,70.2,3.5,316.8,228.6,0.4454,1
2651,110.4583,69.6,3.5,316.8,228.4,0.4545,1
2652,110.5,70.2,3.6,316.7,229.5,0.4344,1
2653,110.5417,71.5,3.5,316.7,229.6,0.4417,1
2654,110.5833,71.5,3.5,316.9,228.7,0.4903,1
2655,110.625,71.6,3.5,317.0,228.7,0.4938,1
2656,110.6667,70.0,3.5,317.2,228.2,0.4977,1
2657,110.7083,68.9,3.5,317.3,227.9,0.487,1
2658,110.75,69.3,3.5,317.0,228.4,0.4453,1
2659,110.7917,70.1,3.5,316.9,228.3,0.4497,1
2660,110.8333,71.8,3.3,316.9,230.8,0.43,1
2661,110.875,70.9,3.4,317.0,228.7,0.4637,1
2662,110.9167,71.0,3.5,316.8,228.9,0.4502,1
2663,110.9583,70.4,3.4,316.8,228.9,0.4445,1
2664,111.0,72.8,3.3,316.4,229.3,0.438,1
2665,111.0417,73.3,3.3,316.5,228.1,0.4851,1
2666,111.0833,72.3,3.3,316.5,227.9,0.4724,1
2667,111.125,72.5,3.3,316.5,227.9,0.4634,1
2668,111.1667,75.1,3.5,316.4,230.5,0.4398,1
2669,111.2083,74.5,3.5,316.5,228.9,0.4711,1
2670,111.25,75.3,3.6,316.4,228.2,0.4764,1
2671,111.2917,75.4,3.6,316.4,228.3,0.483,1
2672,111.3333,74.0,3.4,316.5,229.4,0.4781,1
2673,111.375,73.2,3.3,316.5,229.1,0.5119,1
2674,111.4167,73.6,3.4,316.4,229.6,0.4684,1
2675,111.4583,73.4,3.4,316.5,229.4,0.4842,1
2676,111.5,72.6,3.4,316.5,229.0,0.4646,1
2677,111.5417,73.4,3.3,316.5,228.0,0.4976,1
2678,111.5833,74.4,3.4,316.5,228.6,0.4823,1
2679,111.625,74.5,3.5,316.4,228.5,0.4711,1
2680,111.6667,74.7,3.4,316.5,231.0,0.4372,1
2681,111.7083,74.8,3.5,316.5,231.2,0.4559,1
2682,111.75,75.8,3.6,316.4,231.3,0.4184,1
2683,111.7917,76.1,3.7,316.4,231.2,0.4214,1
2684,111.8333,75.2,3.7,316.5,230.4,0.4357,1
2685,111.875,74.5,3.7,316.6,229.9,0.4556,1
2686,111.9167,74.3,3.7,316.6,230.1,0.4722,1
2687,111.9583,74.3,3.7,316.6,230.1,0.4761,1
2688,112.0,74.8,3.6,316.6,229.4,0.4809,1
2689,112.0417,73.6,3.6,316.6,228.7,0.497,1
2690,112.0833,74.5,3.6,316.7,229.7,0.4842,1
2691,112.125,74.3,3.5,316.7,229.8,0.4818,1
2692,112.1667,74.6,3.4,316.6,228.8,0.504,1
2693,112.2083,72.5,3.5,316.6,228.5,0.536,1
2694,112.25,75.0,3.6,316.2,231.0,0.4973,1
2695,112.2917,74.8,3.6,316.3,230.9,0.4968,1
2696,112.3333,74.6,3.6,316.4,231.9,0.4947,1
2697,112.375,74.4,3.5,316.3,231.2,0.4924,1
2698,112.4167,74.3,3.5,316.4,231.0,0.4905,1
2699,112.4583,74.2,3.5,316.4,230.9,0.4924,1
2700,112.5,73.4,3.5,316.3,230.8,0.5138,1
2701,112.5417,73.3,3.5,316.3,231.0,0.5113,1
2702,112.5833,75.0,3.5,316.1,231.1,0.4966,1
2703,112.625,74.4,3.5,316.1,230.8,0.501,1
2704,112.6667,75.6,3.5,316.2,230.8,0.5067,1
2705,112.7083,73.2,3.4,316.3,231.8,0.4798,1
2706,112.75,73.6,3.5,316.3,231.0,0.4719,1
2707,112.7917,73.8,3.5,316.2,231.1,0.4746,1
2708,112.8333,72.8,3.4,316.7,229.7,0.5131,1
2709,112.875,73.3,3.5,316.6,228.8,0.5332,1
2710,112.9167,74.5,3.4,316.6,228.2,0.5361,1
2711,112.9583,74.7,3.4,316.6,228.1,0.5336,1
2712,113.0,74.1,3.6,316.6,227.5,0.5367,1
2713,113.0417,72.6,3.5,316.4,227.4,0.5066,1
2714,113.0833,73.2,3.6,316.3,228.7,0.4854,1
2715,113.125,73.5,3.5,316.4,228.6,0.5088,1
2716,113.1667,72.9,3.4,316.4,229.5,0.4793,1
2717,113.2083,74.3,3.4,316.4,231.3,0.3888,1
2718,113.25,73.1,3.3,316.6,230.8,0.3931,1
2719,113.2917,73.1,3.3,316.6,230.8,0.3924,1
2720,113.3333,71.8,3.2,316.6,231.1,0.3877,1
2721,113.375,73.0,3.1,316.5,231.2,0.4059,1
2722,113.4167,71.7,3.3,316.5,231.0,0.3916,1
2723,113.4583,71.8,3.3,316.5,231.0,0.3808,1
2724,113.5,73.1,3.5,316.3,231.7,0.3915,1
2725,113.5417,74.0,3.4,316.2,232.0,0.3347,1
2726,113.5833,74.5,3.2,316.0,233.1,0.3023,1
2727,113.625,74.7,3.4,316.1,233.3,0.3404,1
2728,113.6667,76.4,3.2,316.0,233.0,0.3466,1
2729,113.7083,75.1,3.3,316.1,232.4,0.3622,1
2730,113.75,77.0,3.3,316.1,232.5,0.3546,1
2731,113.7917,76.7,3.3,316.1,232.6,0.3619,1
2732,113.8333,73.8,3.5,316.3,233.0,0.3301,1
2733,113.875,73.7,3.5,316.5,232.8,0.2535,1
2734,113.9167,73.6,3.3,316.2,233.1,0.2232,1
2735,113.9583,73.4,3.3,316.2,233.1,0.2606,1
2736,114.0,75.0,3.4,316.0,232.9,0.319,1
2737,114.0417,74.5,3.5,316.2,231.8,0.381,1
2738,114.0833,77.1,3.5,316.0,231.8,0.3539,1
2739,114.125,76.7,3.5,316.0,231.8,0.3497,1
2740,114.1667,74.5,3.1,316.3,230.5,0.2847,1
2741,114.2083,74.2,3.3,316.5,230.3,0.3207,1
2742,114.25,74.7,3.5,316.2,230.8,0.3338,1
2743,114.2917,75.8,3.5,316.1,230.8,0.2863,1
2744,114.3333,74.0,3.2,316.8,231.4,0.3093,1
2745,114.375,73.4,3.2,317.3,231.1,0.3971,1
2746,114.4167,71.8,3.0,317.3,231.7,0.3773,1
2747,114.4583,71.8,3.1,317.4,231.7,0.3813,1
2748,114.5,71.5,3.2,317.3,230.8,0.4007,1
2749,114.5417,71.5,3.2,317.2,230.3,0.4315,1
2750,114.5833,72.6,3.2,317.0,230.3,0.3795,1
2751,114.625,71.8,3.2,317.0,230.4,0.375,1
2752,114.6667,72.0,3.3,316.9,230.4,0.3438,1
2753,114.7083,74.2,3.4,316.3,231.4,0.2521,1
2754,114.75,73.2,3.3,317.3,229.8,0.4089,1
2755,114.7917,72.5,3.3,317.4,229.9,0.4076,1
2756,114.8333,71.9,3.2,317.6,231.3,0.4114,1
2757,114.875,71.5,3.3,317.5,231.9,0.382,1
2758,114.9167,71.3,3.3,317.4,231.7,0.3692,1
2759,114.9583,71.4,3.3,317.4,231.6,0.371,1
2760,115.0,72.6,3.5,317.2,231.6,0.3112,1
2761,115.0417,71.1,3.5,317.5,231.3,0.3533,1
2762,115.0833,71.2,3.4,317.5,231.3,0.3838,1
2763,115.125,71.3,3.4,317.5,231.3,0.3714,1
2764,115.1667,71.9,3.5,317.3,231.5,0.3502,1
2765,115.2083,74.9,3.5,316.6,232.0,0.2661,1
2766,115.25,72.7,3.4,317.0,232.2,0.2715,1
2767,115.2917,72.4,3.4,317.1,232.1,0.274,1
2768,115.3333,72.0,3.4,317.0,232.3,0.3125,1
2769,115.375,72.6,3.0,316.8,232.6,0.2979,1
2770,115.4167,73.2,3.3,316.6,233.3,0.1804,1
2771,115.4583,73.3,3.4,316.7,233.3,0.198,1
2772,115.5,74.6,3.6,316.5,233.1,0.2597,1
2773,115.5417,74.0,3.4,316.5,231.9,0.2908,1
2774,115.5833,76.4,3.5,316.3,231.6,0.2749,1
2775,115.625,76.0,3.5,316.3,231.6,0.2607,1
2776,115.6667,76.0,3.4,316.4,231.6,0.271,1
2777,115.7083,77.7,3.6,316.3,230.8,0.3093,1
2778,115.75,77.5,3.6,316.4,230.8,0.3058,1
2779,115.7917,77.4,3.7,316.4,230.8,0.3035,1
2780,115.8333,77.2,3.5,316.3,231.3,0.2592,1
2781,115.875,77.5,3.5,316.2,231.6,0.1937,1
2782,115.9167,77.5,3.5,316.1,231.7,0.1718,1
2783,115.9583,77.3,3.5,316.1,231.7,0.171,1
2784,116.0,76.3,3.6,316.0,232.0,0.2093,1
2785,116.0417,74.9,3.6,316.4,230.5,0.2355,1
2786,116.0833,74.4,3.4,316.8,230.0,0.2938,1
2787,116.125,74.9,3.3,316.7,230.0,0.2706,1
2788,116.1667,74.8,3.4,316.5,230.8,0.3032,1
2789,116.2083,77.1,3.5,316.0,231.6,0.2425,1
2790,116.25,78.9,3.5,316.0,231.0,0.2386,1
2791,116.2917,79.0,3.5,315.9,231.0,0.2359,1
2792,116.3333,77.0,3.4,316.1,230.8,0.2574,1
2793,116.375,78.1,3.6,316.0,231.7,0.253,1
2794,116.4167,78.5,3.6,316.0,232.2,0.228,1
2795,116.4583,78.7,3.6,316.1,232.1,0.2337,1
2796,116.5,79.1,3.5,316.1,231.2,0.2755,1
2797,116.5417,78.4,3.6,316.0,232.0,0.2998,1
2798,116.5833,79.2,3.7,315.9,232.8,0.2904,1
2799,116.625,79.3,3.7,315.9,232.8,0.2911,1
2800,116.6667,79.1,3.5,315.8,233.6,0.3297,1
2801,116.7083,79.7,3.7,316.0,232.7,0.2705,1
2802,116.75,79.4,3.8,316.1,232.2,0.2918,1
2803,116.7917,79.6,3.8,316.1,232.3,0.3158,1
2804,116.8333,78.3,3.9,316.2,232.8,0.3143,1
2805,116.875,77.7,3.6,316.2,231.8,0.3036,1
2806,116.9167,78.6,3.7,316.3,231.5,0.2786,1
2807,116.9583,78.7,3.8,316.3,231.6,0.2723,1
2808,117.0,78.6,3.7,316.4,229.7,0.3122,1
2809,117.0417,79.9,3.7,316.2,230.6,0.2629,1
2810,117.0833,56.6,3.3,313.9,233.7,0.1314,1
2810,117.0833,79.6,3.7,316.1,230.7,0.1118,1
2811,117.125,79.6,3.7,316.1,230.8,0.1662,1
2812,117.1667,77.9,3.6,316.3,229.0,0.2875,1
2813,117.2083,78.7,3.7,316.3,228.3,0.2977,1
2814,117.25,79.2,3.8,316.2,227.9,0.2883,1
2815,117.2917,79.3,3.7,316.2,227.9,0.2788,1
2816,117.3333,77.3,3.7,316.7,228.7,0.3529,1
2817,117.375,76.8,3.6,316.5,229.3,0.3558,1
2818,117.4167,77.5,3.6,316.4,229.9,0.2553,1
2819,117.4583,77.1,3.7,316.4,229.8,0.2558,1
2820,117.5,75.0,3.6,316.8,228.8,0.3454,1
2821,117.5417,76.0,3.5,316.7,228.7,0.3178,1
2822,117.5833,77.1,3.4,316.6,228.7,0.2991,1
2823,117.625,76.9,3.4,316.6,228.6,0.2893,1
2824,117.6667,76.8,3.4,316.7,228.1,0.3121,1
2825,117.7083,75.5,3.4,316.9,227.5,0.3485,1
2826,117.75,75.7,3.4,316.7,227.6,0.3045,1
2827,117.7917,75.6,3.4,316.7,227.7,0.2753,1
2828,117.8333,77.3,3.5,316.4,227.6,0.3092,1
2829,117.875,75.9,3.4,316.5,228.2,0.3107,1
2830,117.9167,76.0,3.4,316.5,228.3,0.294,1
2831,117.9583,75.9,3.4,316.5,227.9,0.3092,1
2832,118.0,73.9,3.3,317.0,226.9,0.4216,1
2833,118.0417,76.7,3.3,316.4,228.2,0.3524,1
2834,118.0833,77.0,3.6,316.3,227.9,0.3553,1
2835,118.125,77.1,3.6,316.3,227.9,0.3551,1
2836,118.1667,77.2,3.5,316.3,227.4,0.3664,1
2837,118.2083,76.4,3.3,316.3,227.5,0.3785,1
2838,118.25,77.6,3.4,316.3,228.3,0.4002,1
2839,118.2917,77.4,3.3,316.2,228.2,0.4107,1
2840,118.3333,77.5,3.5,316.2,227.7,0.3914,1
2841,118.375,78.6,3.6,316.1,229.1,0.3618,1
2842,118.4167,78.8,3.6,316.1,228.4,0.3541,1
2843,118.4583,79.1,3.7,316.1,228.2,0.3573,1
2844,118.5,78.2,3.6,316.1,228.1,0.3876,1
2845,118.5417,79.1,3.5,316.2,225.0,0.4161,1
2846,118.5833,79.0,3.7,316.5,224.7,0.4383,1
2847,118.625,79.2,3.7,316.5,224.7,0.4394,1
2848,118.6667,79.1,3.6,316.5,225.4,0.4339,1
2849,118.7083,78.1,3.6,316.6,225.2,0.4648,1
2850,118.75,77.2,3.5,316.6,226.4,0.4646,1
2851,118.7917,78.0,3.6,316.5,226.6,0.449,1
2852,118.8333,76.7,3.4,316.7,226.3,0.4512,1
2853,118.875,77.3,3.4,316.7,226.6,0.4272,1
2854,118.9167,77.1,3.4,316.6,226.9,0.4052,1
2855,118.9583,77.2,3.4,316.6,226.8,0.4144,1
2856,119.0,75.4,3.3,316.5,227.6,0.3894,1
2857,119.0417,75.6,3.5,316.5,228.4,0.4085,1
2858,119.0833,76.0,3.5,316.5,227.9,0.4261,1
2859,119.125,75.8,3.6,316.4,227.9,0.4305,1
2860,119.1667,75.3,3.6,316.4,226.6,0.4607,1
2861,119.2083,75.6,3.7,316.4,227.6,0.4664,1
2862,119.25,76.7,3.6,316.4,228.1,0.4203,1
2863,119.2917,76.8,3.6,316.4,228.3,0.4168,1
2864,119.3333,74.9,3.5,316.2,228.1,0.4468,1
2865,119.375,75.2,3.4,316.3,228.2,0.4172,1
2866,119.4167,75.4,3.5,316.2,227.2,0.4137,1
2867,119.4583,75.4,3.5,316.2,227.1,0.436,1
2868,119.5,74.8,3.5,316.4,227.8,0.4103,1
2869,119.5417,73.6,3.7,316.3,227.6,0.4423,1
2870,119.5833,73.9,3.5,316.2,227.0,0.4324,1
2871,119.625,74.3,3.5,316.2,227.0,0.4351,1
2872,119.6667,74.5,3.6,316.3,226.0,0.4568,1
2873,119.7083,76.0,3.6,316.4,226.1,0.4403,1
2874,119.75,75.9,3.5,316.3,225.9,0.4367,1
2875,119.7917,75.8,3.7,316.4,225.9,0.4325,1
2876,119.8333,76.5,3.7,316.4,227.1,0.4302,1
2877,119.875,75.8,3.6,316.3,227.2,0.4066,1
2878,119.9167,75.6,3.5,316.3,227.4,0.351,1
2879,119.9583,75.6,3.4,316.3,227.4,0.3243,1
2880,120.0,74.7,3.4,315.7,229.6,0.2649,1
2881,120.0417,75.3,3.4,315.5,228.5,0.2368,1
2882,120.0833,75.0,3.4,315.6,228.8,0.2273,1
2883,120.125,74.9,3.4,315.6,228.8,0.2381,1
2884,120.1667,50.9,3.2,312.8,230.3,0.1813,1
2884,120.1667,74.4,3.4,315.7,228.4,0.1546,1
2885,120.2083,75.1,3.5,315.8,228.5,0.2166,1
2886,120.25,75.9,3.4,315.6,229.5,0.2314,1
2887,120.2917,76.2,3.4,315.6,229.3,0.2117,1
2888,120.3333,74.9,3.5,315.7,228.1,0.1715,1
2888,120.3333,51.8,3.3,313.2,230.0,0.1212,1
2889,120.375,52.0,3.0,313.2,229.4,0.1969,1
2890,120.4167,52.2,2.9,313.1,230.3,0.1873,1
2891,120.4583,52.0,2.8,312.9,230.3,0.212,1
2892,120.5,51.5,2.8,312.9,228.8,0.3296,1
2893,120.5417,52.4,3.2,312.8,228.1,0.2707,1
2894,120.5833,75.8,3.4,315.5,226.6,0.2189,1
2894,120.5833,52.3,3.0,312.9,228.4,0.118,1
2895,120.625,75.8,3.4,315.5,226.6,0.2393,1
2896,120.6667,76.6,3.4,315.5,227.3,0.2334,1
2896,120.6667,53.1,3.1,312.8,228.9,0.1147,1
2897,120.7083,75.9,3.5,315.6,226.9,0.2062,1
2897,120.7083,53.2,3.1,312.8,228.6,0.1245,1
2898,120.75,77.0,3.5,315.5,227.1,0.2586,1
2899,120.7917,77.2,3.5,315.5,227.0,0.2672,1
2900,120.8333,77.0,3.5,315.3,227.8,0.2158,1
2901,120.875,76.5,3.3,315.4,228.5,0.2444,1
2902,120.9167,76.6,3.7,315.6,229.3,0.2933,1
2903,120.9583,75.7,3.6,315.5,229.2,0.2812,1
2904,121.0,76.0,3.6,315.5,229.6,0.2843,1
2905,121.0417,76.6,3.6,315.6,229.3,0.2564,1
2906,121.0833,76.4,3.5,315.6,230.1,0.2741,1
2907,121.125,76.6,3.5,315.6,230.0,0.2766,1
2908,121.1667,76.2,3.4,315.7,231.0,0.2966,1
2909,121.2083,76.0,3.5,315.5,229.0,0.2785,1
2910,121.25,76.4,3.5,315.5,230.1,0.2631,1
2911,121.2917,76.1,3.5,315.6,230.1,0.2262,1
2911,121.2917,52.3,3.1,312.7,231.5,0.1208,1
2912,121.3333,75.6,3.6,315.5,230.8,0.1974,1
2912,121.3333,51.3,3.1,312.8,232.0,0.1018,1
2913,121.375,73.9,3.3,315.6,228.9,0.2054,1
2913,121.375,50.5,2.9,312.8,230.0,0.1988,1
2914,121.4167,73.5,3.2,315.6,227.9,0.3043,1
2914,121.4167,50.0,2.8,313.2,228.9,0.1253,1
2915,121.4583,73.9,3.3,315.6,227.9,0.2993,1
2915,121.4583,50.3,2.9,313.1,228.8,0.1188,1
2916,121.5,75.1,3.4,315.8,228.0,0.329,1
2917,121.5417,75.6,3.3,315.7,226.8,0.2118,1
2917,121.5417,52.8,2.9,313.4,228.2,0.1908,1
2918,121.5833,75.3,3.4,315.7,227.9,0.3279,1
2919,121.625,75.2,3.3,315.7,227.9,0.3315,1
2920,121.6667,74.7,3.2,315.8,227.9,0.267,1
2920,121.6667,51.5,2.9,313.5,229.0,0.1049,1
2921,121.7083,74.7,3.2,315.7,228.2,0.2534,1
2921,121.7083,51.8,2.8,313.4,229.6,0.1118,1
2922,121.75,75.4,3.3,315.8,228.4,0.2005,1
2922,121.75,52.7,2.9,313.4,229.6,0.1879,1
2923,121.7917,52.6,3.0,313.4,229.7,0.2181,1
2923,121.7917,75.2,3.3,315.8,228.5,0.178,1
2924,121.8333,75.4,3.3,315.8,228.1,0.2439,1
2924,121.8333,52.4,2.9,313.5,229.3,0.107,1
2925,121.875,52.5,2.9,313.5,228.6,0.2274,1
2925,121.875,74.8,3.3,315.9,227.4,0.1362,1
2926,121.9167,53.4,2.9,313.4,229.1,0.2327,1
2926,121.9167,76.0,3.4,315.8,228.0,0.131,1
2927,121.9583,53.4,3.0,313.5,229.1,0.2128,1
2927,121.9583,76.1,3.4,315.8,228.1,0.1435,1
2928,122.0,52.8,3.0,313.1,229.6,0.3231,1
2929,122.0417,52.1,2.9,313.1,229.9,0.3185,1
2930,122.0833,52.0,2.9,313.3,229.5,0.3029,1
2931,122.125,51.7,2.9,313.0,229.5,0.3388,1
2932,122.1667,51.5,2.9,313.2,229.3,0.3232,1
2933,122.2083,52.5,2.9,313.2,229.2,0.2431,1
2933,122.2083,75.7,3.4,315.7,227.9,0.115,1
2934,122.25,51.2,2.9,313.6,228.7,0.2302,1
2934,122.25,74.5,3.4,315.8,227.4,0.1151,1
2935,122.2917,51.3,3.0,313.5,228.8,0.2429,1
2935,122.2917,74.5,3.4,315.8,227.5,0.1014,1
2936,122.3333,74.8,3.4,315.8,226.7,0.2301,1
2936,122.3333,51.5,2.9,313.6,228.2,0.1734,1
2937,122.375,52.3,2.9,313.7,229.3,0.2506,1
2938,122.4167,53.0,3.1,313.7,228.7,0.2534,1
2939,122.4583,53.1,3.1,313.7,228.5,0.2447,1
2940,122.5,52.8,3.1,313.7,228.4,0.353,1
2941,122.5417,53.2,3.2,313.4,228.8,0.3346,1
2942,122.5833,52.9,3.2,313.6,229.3,0.2464,1
2942,122.5833,76.7,3.5,315.7,227.3,0.1023,1
2943,122.625,52.9,3.2,313.5,229.3,0.3055,1
2944,122.6667,53.2,3.3,313.4,228.8,0.3019,1
2945,122.7083,54.1,3.3,313.6,230.8,0.3134,1
2946,122.75,53.0,3.3,313.6,230.4,0.3365,1
2947,122.7917,52.8,3.2,313.7,230.3,0.3351,1
2948,122.8333,51.2,3.2,313.7,232.2,0.3349,1
2949,122.875,52.9,3.2,313.2,231.1,0.3321,1
2950,122.9167,53.2,3.3,313.5,230.8,0.2942,1
2951,122.9583,53.2,3.4,313.5,230.5,0.2717,1
2952,123.0,51.0,3.2,313.4,231.0,0.3145,1
2953,123.0417,51.0,3.1,313.9,230.0,0.1776,1
2954,123.0833,51.3,3.2,313.9,229.3,0.1492,1
2954,123.0833,75.5,3.4,315.7,226.2,0.1115,1
2955,123.125,51.5,3.1,314.0,229.3,0.1481,1
2955,123.125,75.7,3.4,315.8,226.1,0.1065,1
2956,123.1667,52.1,3.2,313.8,229.1,0.2073,1
2957,123.2083,51.6,3.1,313.8,229.6,0.1515,1
2957,123.2083,74.9,3.5,315.7,226.9,0.1269,1
2958,123.25,75.6,3.5,315.7,226.4,0.183,1
2958,123.25,52.1,3.2,314.0,229.1,0.1016,1
2959,123.2917,75.4,3.4,315.8,226.3,0.2377,1
2960,123.3333,76.2,3.5,315.8,225.1,0.1564,1
2960,123.3333,52.6,3.1,314.4,228.0,0.156,1
2961,123.375,52.4,2.8,314.3,228.6,0.1846,1
2961,123.375,75.2,3.1,315.8,225.5,0.1447,1
2962,123.4167,51.9,2.8,314.6,227.7,0.191,1
2962,123.4167,74.3,3.2,315.9,224.8,0.1502,1
2963,123.4583,73.8,3.2,316.0,224.6,0.1904,1
2963,123.4583,51.5,2.9,315.0,227.5,0.1593,1
2964,123.5,75.2,3.6,315.9,225.1,0.2428,1
2964,123.5,52.3,3.2,314.9,227.8,0.1075,1
2965,123.5417,76.1,3.7,316.1,224.5,0.256,1
2966,123.5833,75.8,3.8,316.0,227.0,0.2841,1
2967,123.625,76.7,3.8,315.9,227.1,0.2782,1
2968,123.6667,77.1,3.9,316.0,227.6,0.3024,1
2969,123.7083,74.7,3.7,316.0,227.0,0.3266,1
2970,123.75,75.1,3.6,316.1,228.0,0.3163,1
2971,123.7917,75.0,3.6,316.1,227.8,0.302,1
2972,123.8333,75.6,3.9,316.0,229.1,0.2655,1
2972,123.8333,51.9,3.4,314.2,232.3,0.1018,1
2973,123.875,74.4,3.8,316.2,229.0,0.2225,1
2973,123.875,52.0,3.2,314.5,232.1,0.1868,1
2974,123.9167,51.8,3.4,314.6,231.7,0.2988,1
2974,123.9167,74.2,3.8,316.1,229.1,0.1179,1
2975,123.9583,74.5,3.9,316.1,229.1,0.2274,1
2975,123.9583,52.0,3.3,314.5,231.7,0.1928,1
2976,124.0,73.2,3.7,316.0,228.2,0.2794,1
2976,124.0,51.4,3.2,314.5,230.9,0.145,1
2977,124.0417,74.9,3.6,316.0,228.3,0.2968,1
2977,124.0417,52.5,3.2,314.3,231.4,0.1993,1
2978,124.0833,75.4,3.6,316.0,228.2,0.3342,1
2978,124.0833,52.9,3.1,314.2,231.5,0.106,1
2979,124.125,75.4,3.7,315.9,228.2,0.3361,1
2980,124.1667,77.0,3.8,316.0,228.2,0.408,1
2981,124.2083,76.3,3.9,316.1,228.1,0.4009,1
2982,124.25,76.9,3.7,316.0,228.3,0.3455,1
2983,124.2917,76.6,3.7,316.0,228.5,0.362,1
2984,124.3333,75.2,3.8,316.3,228.6,0.3557,1
2985,124.375,75.4,3.8,316.3,228.6,0.2677,1
2985,124.375,53.5,3.4,314.4,231.9,0.1394,1
2986,124.4167,75.2,3.7,316.3,229.8,0.2762,1
2987,124.4583,75.2,3.9,316.2,229.7,0.2642,1
2988,124.5,76.4,3.8,316.1,229.3,0.2789,1
2989,124.5417,76.6,3.8,316.0,228.8,0.3355,1
2990,124.5833,75.9,3.9,316.1,228.4,0.3058,1
2991,124.625,76.0,4.0,316.1,228.4,0.2525,1
2992,124.6667,76.4,4.0,316.2,228.7,0.2093,1
2992,124.6667,53.5,3.5,314.3,231.6,0.1225,1
2993,124.7083,53.1,3.5,313.9,231.9,0.3291,1
2994,124.75,51.7,3.3,314.1,232.4,0.2974,1
2994,124.75,74.4,3.8,316.1,229.7,0.1211,1
2995,124.7917,51.6,3.4,314.1,232.3,0.2664,1
2995,124.7917,74.5,3.9,316.2,229.6,0.1636,1
2996,124.8333,51.1,3.4,314.4,232.2,0.4103,1
2997,124.875,48.8,3.3,314.8,231.3,0.3916,1
2998,124.9167,71.4,3.7,316.7,226.9,0.3194,1
2999,124.9583,71.6,3.7,316.6,226.9,0.3301,1
3000,125.0,74.4,3.9,316.4,226.5,0.3234,1
3001,125.0417,74.0,3.8,316.3,228.2,0.3473,1
3002,125.0833,73.3,3.8,316.6,228.7,0.2445,1
3003,125.125,73.4,3.8,316.5,228.7,0.2241,1
3003,125.125,50.5,3.3,315.6,231.3,0.1224,1
3004,125.1667,74.0,3.7,316.5,229.0,0.2677,1
3005,125.2083,74.7,3.9,316.4,228.4,0.2491,1
3005,125.2083,51.0,3.4,315.7,230.8,0.1214,1
3006,125.25,74.5,3.9,316.4,229.0,0.2635,1
3006,125.25,50.9,3.4,315.0,231.5,0.1189,1
3007,125.2917,74.0,4.0,316.4,229.0,0.235,1
3007,125.2917,50.3,3.4,315.0,231.4,0.14,1
3008,125.3333,73.6,4.1,316.5,229.4,0.3202,1
3009,125.375,72.3,3.9,316.8,227.3,0.402,1
3010,125.4167,72.5,3.9,316.9,227.3,0.4198,1
3011,125.4583,72.7,3.9,316.9,227.2,0.4141,1
3012,125.5,72.8,3.9,316.4,227.2,0.3779,1
3013,125.5417,73.1,3.8,316.2,226.6,0.3661,1
3014,125.5833,72.8,3.9,316.4,225.1,0.4007,1
3015,125.625,72.8,3.9,316.4,225.3,0.4331,1
3016,125.6667,73.2,4.0,316.5,225.3,0.4208,1
3017,125.7083,75.2,4.0,316.3,225.8,0.3919,1
3018,125.75,74.4,3.8,316.4,225.6,0.409,1
3019,125.7917,74.1,3.8,316.3,225.6,0.4072,1
3020,125.8333,71.8,3.9,316.8,223.5,0.4704,1
3021,125.875,72.9,3.9,316.7,226.7,0.3936,1
3022,125.9167,72.0,4.0,317.0,225.7,0.4306,1
3023,125.9583,71.7,3.9,316.9,226.0,0.4307,1
3024,126.0,72.4,3.8,316.7,225.0,0.4211,1
3025,126.0417,73.8,3.8,316.4,227.1,0.4248,1
3026,126.0833,74.0,3.7,316.4,227.6,0.3987,1
3027,126.125,74.1,3.7,316.4,227.6,0.4009,1
3028,126.1667,73.7,3.7,316.3,227.6,0.3834,1
3029,126.2083,73.2,3.8,316.3,227.4,0.3689,1
3030,126.25,75.2,3.8,316.3,227.2,0.4065,1
3031,126.2917,75.6,3.8,316.3,227.2,0.3976,1
3032,126.3333,74.6,4.0,316.4,227.8,0.3986,1
3033,126.375,73.8,3.9,316.5,227.7,0.4501,1
3034,126.4167,73.5,3.8,316.4,228.4,0.4091,1
3035,126.4583,73.4,3.8,316.4,228.1,0.4089,1
3036,126.5,74.0,3.9,316.4,227.9,0.4213,1
3037,126.5417,74.0,3.9,316.5,226.6,0.4379,1
3038,126.5833,73.4,3.9,316.4,226.9,0.4124,1
3039,126.625,73.0,3.9,316.4,227.0,0.4115,1
3040,126.6667,73.3,3.8,316.4,227.5,0.4074,1
3041,126.7083,73.2,4.0,316.5,227.1,0.4022,1
3042,126.75,74.3,3.9,316.4,226.7,0.3862,1
3043,126.7917,74.3,3.9,316.4,226.6,0.3919,1
3044,126.8333,73.5,4.2,316.3,227.2,0.3895,1
3045,126.875,72.1,4.1,316.5,226.5,0.4069,1
3046,126.9167,72.2,4.1,316.6,226.5,0.3911,1
3047,126.9583,71.9,4.1,316.6,226.7,0.3855,1
3048,127.0,71.6,4.0,316.5,227.3,0.3697,1
3049,127.0417,70.8,3.9,316.7,225.0,0.412,1
3050,127.0833,72.0,3.8,316.5,225.6,0.3974,1
3051,127.125,71.8,3.8,316.5,225.6,0.3985,1
3052,127.1667,71.7,3.7,316.7,225.3,0.4159,1
3053,127.2083,73.7,3.8,316.2,227.2,0.3509,1
3054,127.25,73.3,3.9,316.2,226.9,0.3797,1
3055,127.2917,73.2,3.9,316.1,226.9,0.3731,1
3056,127.3333,71.6,4.0,316.4,226.0,0.4101,1
3057,127.375,72.3,3.7,316.8,225.0,0.4552,1
3058,127.4167,71.3,3.9,317.0,224.3,0.4674,1
3059,127.4583,71.2,3.9,317.1,224.3,0.4711,1
3060,127.5,71.6,3.4,316.7,225.6,0.439,1
3061,127.5417,74.3,3.7,316.5,225.1,0.4541,1
3062,127.5833,73.0,3.9,316.6,224.2,0.467,1
3063,127.625,72.9,3.9,316.6,223.8,0.4455,1
3064,127.6667,73.3,4.0,316.5,225.1,0.432,1
3065,127.7083,73.0,4.0,316.5,225.2,0.4394,1
3066,127.75,73.4,3.9,316.4,226.3,0.3993,1
3067,127.7917,73.4,3.9,316.4,226.2,0.4,1
3068,127.8333,70.7,3.8,316.8,225.3,0.4497,1
3069,127.875,69.6,3.8,317.3,224.5,0.4559,1
3070,127.9167,71.0,4.0,316.9,226.6,0.3954,1
3071,127.9583,70.7,4.0,316.9,226.5,0.4158,1
3072,128.0,71.2,4.1,316.6,227.0,0.3999,1
3073,128.0417,72.5,3.8,316.5,227.9,0.3732,1
3074,128.0833,71.8,3.9,316.3,227.9,0.3753,1
3075,128.125,71.9,3.8,316.3,228.0,0.3776,1
3076,128.1667,72.4,3.9,316.3,227.9,0.3812,1
3077,128.2083,73.7,3.8,316.2,228.6,0.4022,1
3078,128.25,73.3,3.8,316.3,227.7,0.3878,1
3079,128.2917,73.9,3.8,316.3,227.9,0.3911,1
3080,128.3333,73.6,3.9,316.2,229.3,0.3807,1
3081,128.375,71.9,3.5,316.4,229.0,0.3741,1
3082,128.4167,72.3,3.8,316.4,229.0,0.363,1
3083,128.4583,72.7,3.8,316.4,228.8,0.3636,1
3084,128.5,73.0,3.6,316.2,228.3,0.3942,1
3085,128.5417,72.6,3.8,316.3,227.9,0.3408,1
3086,128.5833,71.8,3.9,316.5,228.3,0.3183,1
3087,128.625,72.4,3.9,316.5,228.2,0.3213,1
3088,128.6667,72.1,4.0,316.6,227.6,0.3478,1
3089,128.7083,71.7,3.8,316.7,227.0,0.3548,1
3090,128.75,73.5,3.9,316.6,227.4,0.3321,1
3091,128.7917,73.2,3.9,316.6,227.3,0.3297,1
3092,128.8333,72.7,4.0,316.7,227.4,0.3537,1
3093,128.875,72.4,3.8,316.8,227.6,0.3303,1
3094,128.9167,72.5,3.9,316.6,227.9,0.3053,1
3095,128.9583,72.5,3.8,316.6,227.7,0.2833,1
3096,129.0,74.8,3.9,316.3,227.7,0.1756,1
3096,129.0,50.9,3.4,315.6,230.4,0.1547,1
3097,129.0417,76.7,4.0,316.2,229.0,0.1824,1
3097,129.0417,52.5,3.5,314.6,232.3,0.1391,1
3098,129.0833,51.8,3.5,315.3,232.4,0.226,1
3098,129.0833,75.7,4.0,316.2,229.2,0.1029,1
3099,129.125,51.9,3.5,315.1,232.4,0.224,1
3099,129.125,75.6,3.9,316.2,229.2,0.1172,1
3100,129.1667,51.8,3.4,314.9,232.6,0.326,1
3101,129.2083,51.9,3.4,315.4,233.4,0.2813,1
3102,129.25,52.7,3.5,315.0,233.4,0.287,1
3102,129.25,76.0,3.8,316.2,230.0,0.1171,1
3103,129.2917,52.6,3.4,314.9,233.3,0.3035,1
3104,129.3333,51.6,3.2,314.8,233.9,0.3657,1
3105,129.375,51.5,3.3,316.3,232.6,0.2797,1
3105,129.375,74.0,3.7,316.5,229.5,0.1145,1
3106,129.4167,51.2,3.4,316.1,232.4,0.3074,1
3106,129.4167,74.2,3.8,316.5,229.4,0.1046,1
3107,129.4583,51.2,3.4,316.1,232.3,0.2825,1
3107,129.4583,74.0,3.7,316.5,229.3,0.1135,1
3108,129.5,50.8,3.5,315.1,232.8,0.3624,1
3109,129.5417,52.0,3.5,315.1,231.4,0.2819,1
3109,129.5417,75.3,3.8,316.4,228.2,0.1248,1
3110,129.5833,76.1,3.9,316.3,229.6,0.2246,1
3110,129.5833,52.5,3.4,314.9,233.1,0.1754,1
3111,129.625,52.5,3.4,314.8,233.1,0.2481,1
3111,129.625,75.7,3.8,316.3,229.6,0.1554,1
3112,129.6667,75.8,3.8,316.1,229.9,0.2204,1
3112,129.6667,52.3,3.4,314.5,233.4,0.1853,1
3113,129.7083,74.0,3.7,316.1,229.7,0.2434,1
3113,129.7083,50.2,3.3,314.6,233.2,0.1213,1
3114,129.75,74.3,3.7,316.1,229.0,0.2358,1
3114,129.75,50.3,3.2,314.6,232.9,0.1677,1
3115,129.7917,74.7,3.7,316.1,229.1,0.2656,1
3115,129.7917,50.8,3.3,314.5,232.9,0.1158,1
3116,129.8333,73.3,3.7,316.3,229.2,0.2718,1
3117,129.875,73.0,3.7,316.4,229.0,0.3087,1
3118,129.9167,72.9,3.7,316.4,229.4,0.2691,1
3118,129.9167,49.3,3.2,315.8,232.8,0.113,1
3119,129.9583,73.2,3.8,316.4,229.4,0.2803,1
3120,130.0,73.7,3.5,316.3,227.5,0.2459,1
3121,130.0417,73.3,3.5,316.3,227.7,0.1479,1
3122,130.0833,73.8,3.6,316.5,228.1,0.1401,1
3122,130.0833,50.2,2.9,316.0,231.5,0.1239,1
3123,130.125,73.9,3.6,316.4,228.1,0.1735,1
3124,130.1667,50.5,2.8,314.9,232.3,0.3294,1
3125,130.2083,74.6,3.6,316.3,228.1,0.1665,1
3125,130.2083,51.2,2.9,315.3,231.6,0.1158,1
3126,130.25,74.7,3.4,316.4,228.0,0.2398,1
3127,130.2917,74.1,3.5,316.5,228.1,0.2432,1
3128,130.3333,75.2,3.4,316.2,228.7,0.1769,1
3128,130.3333,52.1,2.8,314.6,232.4,0.1728,1
3129,130.375,74.1,3.5,316.4,228.5,0.3106,1
3130,130.4167,74.1,3.3,316.4,229.1,0.2571,1
3131,130.4583,74.2,3.3,316.3,229.1,0.2342,1
3132,130.5,74.4,3.2,316.2,228.3,0.1925,1
3133,130.5417,73.8,3.3,316.2,228.5,0.2006,1
3134,130.5833,50.0,2.7,314.8,231.7,0.168,1
3135,130.625,49.9,2.7,314.5,231.7,0.145,1
3136,130.6667,75.2,3.6,316.1,228.7,0.2401,1
3137,130.7083,51.6,3.0,313.9,232.0,0.1643,1
3138,130.75,75.5,3.6,316.1,229.4,0.1455,1
3139,130.7917,75.7,3.6,316.1,229.4,0.1413,1
3140,130.8333,73.2,3.6,316.3,229.2,0.1435,1
3140,130.8333,49.9,2.9,315.0,232.5,0.1048,1
3141,130.875,72.8,3.6,316.0,229.3,0.1758,1
3142,130.9167,72.1,3.6,316.3,228.9,0.2343,1
3143,130.9583,72.5,3.6,316.3,229.0,0.2297,1
3144,131.0,50.2,3.0,315.1,233.1,0.165,1
3145,131.0417,49.6,3.0,315.5,233.3,0.1272,1
3146,131.0833,73.7,3.7,316.4,229.5,0.1593,1
3147,131.125,73.6,3.6,316.3,229.6,0.1247,1
3148,131.1667,72.7,3.5,316.5,229.8,0.2308,1
3149,131.2083,72.4,3.5,316.4,229.3,0.2712,1
3150,131.25,73.6,3.4,316.4,230.2,0.2767,1
3151,131.2917,73.3,3.5,316.5,229.7,0.2879,1
3152,131.3333,72.0,3.6,316.7,230.0,0.2798,1
3153,131.375,71.5,3.8,316.7,228.3,0.2857,1
3154,131.4167,72.3,3.8,316.6,229.1,0.2086,1
3154,131.4167,48.9,3.1,315.4,231.9,0.1546,1
3155,131.4583,72.8,3.8,316.6,229.0,0.2247,1
3155,131.4583,49.5,3.1,315.4,231.9,0.1277,1
3156,131.5,50.5,3.1,314.8,232.1,0.2584,1
3156,131.5,73.7,3.7,316.5,229.0,0.1241,1
3157,131.5417,50.9,3.1,314.5,231.7,0.2717,1
3157,131.5417,74.4,3.7,316.4,228.7,0.1027,1
3158,131.5833,49.3,3.1,315.0,231.3,0.2718,1
3159,131.625,50.2,3.1,314.9,231.5,0.2234,1
3159,131.625,74.4,3.7,316.5,228.4,0.1496,1
3160,131.6667,50.7,3.1,314.3,231.8,0.2892,1
3160,131.6667,74.9,3.7,316.3,228.7,0.1031,1
3161,131.7083,75.6,3.7,316.3,228.5,0.2285,1
3161,131.7083,51.6,3.1,314.3,231.7,0.133,1
3162,131.75,74.8,3.6,316.3,229.7,0.2667,1
3163,131.7917,75.4,3.7,316.3,229.4,0.2997,1
3164,131.8333,74.2,3.7,316.5,229.4,0.2329,1
3164,131.8333,50.0,3.1,315.0,232.4,0.1202,1
3165,131.875,49.5,3.0,315.1,231.4,0.261,1
3165,131.875,73.2,3.7,316.5,228.8,0.111,1
3166,131.9167,49.7,3.1,314.9,233.4,0.2981,1
3167,131.9583,50.2,3.0,315.1,233.2,0.2453,1
3167,131.9583,74.1,3.8,316.4,230.0,0.1037,1
3168,132.0,49.3,3.1,314.0,233.9,0.3629,1
3169,132.0417,49.1,3.1,314.4,232.4,0.276,1
3170,132.0833,48.6,3.1,314.8,231.9,0.2164,1
3170,132.0833,72.7,3.8,316.5,228.3,0.1266,1
3171,132.125,48.8,3.1,314.6,232.0,0.2609,1
3172,132.1667,73.4,3.9,316.6,228.6,0.2044,1
3172,132.1667,49.0,3.1,314.9,232.3,0.1326,1
3173,132.2083,73.9,3.9,316.5,227.1,0.2239,1
3174,132.25,73.9,3.8,316.5,227.3,0.2102,1
3175,132.2917,74.1,3.8,316.5,227.2,0.1984,1
3176,132.3333,71.3,3.8,316.8,227.3,0.3104,1
3177,132.375,72.7,3.8,316.7,228.6,0.2373,1
3178,132.4167,72.6,3.7,316.6,228.1,0.2238,1
3179,132.4583,72.4,3.7,316.5,228.1,0.2269,1
3180,132.5,72.8,3.8,316.6,227.6,0.2686,1
3181,132.5417,73.7,3.9,316.7,227.3,0.2608,1
3182,132.5833,73.8,3.8,316.7,228.4,0.2156,1
3183,132.625,73.7,3.7,316.7,228.4,0.2215,1
3184,132.6667,73.0,3.8,316.7,228.1,0.1959,1
3185,132.7083,72.9,3.5,316.9,227.2,0.2261,1
3186,132.75,73.6,3.6,316.8,227.6,0.2051,1
3187,132.7917,73.9,3.7,316.8,227.7,0.1788,1
3187,132.7917,49.4,3.1,316.0,229.9,0.1059,1
3188,132.8333,72.6,3.7,316.9,227.7,0.194,1
3189,132.875,73.0,3.7,316.8,228.5,0.2304,1
3190,132.9167,71.3,3.5,317.0,226.8,0.2888,1
3191,132.9583,70.7,3.6,317.1,226.7,0.3007,1
3192,133.0,70.7,3.5,317.1,227.4,0.2912,1
3193,133.0417,70.4,3.5,317.3,226.2,0.3824,1
3194,133.0833,72.0,3.5,317.1,226.8,0.3243,1
3195,133.125,71.9,3.5,317.1,226.6,0.3324,1
3196,133.1667,71.5,3.5,317.1,225.9,0.2929,1
3197,133.2083,71.4,3.3,317.1,227.4,0.2153,1
3198,133.25,70.5,3.3,317.1,227.0,0.2549,1
3199,133.2917,70.6,3.4,317.1,226.8,0.2401,1
3200,133.3333,68.7,3.3,317.5,227.0,0.3205,1
3201,133.375,70.0,3.3,317.2,226.1,0.3031,1
3202,133.4167,70.5,3.3,317.0,226.8,0.2562,1
3203,133.4583,70.5,3.4,317.0,226.9,0.2552,1
3204,133.5,70.8,3.4,316.8,226.4,0.2988,1
3205,133.5417,72.3,3.6,316.6,228.3,0.261,1
3206,133.5833,73.0,3.6,316.5,229.3,0.1117,1
3207,133.625,48.0,3.0,315.7,232.6,0.1754,1
3208,133.6667,72.9,3.7,316.5,229.5,0.1246,1
3209,133.7083,74.2,3.4,316.2,229.4,0.1435,1
3210,133.75,75.1,3.6,316.4,229.8,0.1444,1
3211,133.7917,74.9,3.5,316.3,230.0,0.1402,1
3212,133.8333,74.9,3.6,316.3,229.4,0.1251,1
3213,133.875,73.5,3.7,316.4,228.7,0.1688,1
3214,133.9167,51.2,3.4,313.5,232.1,0.2294,1
3215,133.9583,51.3,3.4,313.5,232.2,0.1901,1
3216,134.0,51.8,3.3,313.6,231.3,0.1148,1
3217,134.0417,75.7,3.8,316.1,228.3,0.1595,1
3218,134.0833,52.4,3.2,313.5,232.1,0.1414,1
3218,134.0833,75.8,3.7,315.8,229.0,0.1107,1
3219,134.125,75.9,3.8,315.9,229.0,0.1178,1
3219,134.125,52.7,3.4,313.3,231.9,0.1166,1
3220,134.1667,76.4,3.9,315.8,228.9,0.2206,1
3221,134.2083,75.2,3.7,315.9,228.8,0.3069,1
3222,134.25,74.9,3.8,315.8,229.0,0.2747,1
3223,134.2917,75.0,3.8,315.9,228.8,0.2757,1
3224,134.3333,51.5,3.3,313.8,232.5,0.1849,1
3224,134.3333,74.7,3.5,315.9,229.3,0.1061,1
3225,134.375,74.1,3.6,315.8,228.3,0.2617,1
3226,134.4167,74.8,3.7,315.8,228.9,0.2854,1
3227,134.4583,74.9,3.7,315.8,228.9,0.2212,1
3228,134.5,74.3,3.7,315.8,228.3,0.1446,1
3228,134.5,50.3,3.4,313.5,231.5,0.1311,1
3229,134.5417,74.5,3.8,315.9,229.0,0.1513,1
3229,134.5417,50.6,3.5,313.5,232.1,0.1046,1
3230,134.5833,49.5,3.4,313.4,232.2,0.2738,1
3231,134.625,50.1,3.4,313.4,232.3,0.2776,1
3232,134.6667,50.7,3.4,313.3,232.3,0.1617,1
3233,134.7083,74.2,3.7,315.9,228.5,0.1627,1
3233,134.7083,51.3,3.4,313.7,231.5,0.1098,1
3234,134.75,51.0,3.3,313.2,231.7,0.1844,1
3235,134.7917,51.8,3.4,313.3,231.5,0.2151,1
3236,134.8333,74.5,3.6,316.1,229.9,0.1903,1
3237,134.875,73.5,3.5,316.0,230.5,0.1568,1
3238,134.9167,73.2,3.5,316.3,230.1,0.2053,1
3239,134.9583,73.3,3.5,316.3,229.9,0.2086,1
3240,135.0,73.2,3.6,316.4,229.4,0.1622,1
3241,135.0417,71.7,3.4,316.7,228.6,0.1942,1
3242,135.0833,73.0,3.5,316.5,229.8,0.2373,1
3243,135.125,72.9,3.5,316.5,229.6,0.2445,1
3244,135.1667,72.1,3.5,316.6,228.8,0.2651,1
3245,135.2083,73.4,3.7,316.3,228.2,0.285,1
3246,135.25,74.1,3.7,316.3,228.0,0.2642,1
3246,135.25,50.6,3.3,314.4,231.2,0.1013,1
3247,135.2917,74.6,3.6,316.3,227.9,0.2753,1
3248,135.3333,74.1,3.6,316.2,228.4,0.2175,1
3249,135.375,74.0,3.6,316.3,227.7,0.2319,1
3250,135.4167,75.0,3.7,316.3,227.6,0.3153,1
3251,135.4583,75.2,3.6,316.3,227.6,0.2972,1
3252,135.5,74.8,3.6,316.1,227.5,0.1788,1
3253,135.5417,77.0,3.6,316.1,227.7,0.1646,1
3254,135.5833,76.8,3.6,316.4,224.5,0.3068,1
3255,135.625,77.0,3.6,316.4,224.5,0.3048,1
3256,135.6667,76.7,3.7,316.4,224.7,0.3261,1
3257,135.7083,76.9,3.6,316.1,225.6,0.3145,1
3258,135.75,78.2,3.8,316.0,228.3,0.2528,1
3259,135.7917,77.7,3.7,316.0,228.3,0.2233,1
3260,135.8333,75.9,3.7,316.3,227.8,0.2939,1
3261,135.875,76.2,3.6,316.2,227.6,0.3289,1
3262,135.9167,75.5,3.7,316.5,225.9,0.3689,1
3263,135.9583,74.4,3.7,316.5,226.2,0.3701,1
3264,136.0,73.8,3.6,316.7,224.3,0.4095,1
3265,136.0417,73.6,3.7,316.5,225.0,0.3693,1
3266,136.0833,75.0,3.5,316.4,227.0,0.3002,1
3267,136.125,74.4,3.6,316.4,226.6,0.2889,1
3268,136.1667,73.6,3.6,316.6,226.2,0.3316,1
3269,136.2083,73.6,3.7,316.5,225.9,0.3558,1
3270,136.25,74.1,3.7,316.5,225.6,0.3582,1
3271,136.2917,74.5,3.7,316.5,225.5,0.3575,1
3272,136.3333,75.0,3.7,316.5,226.2,0.3888,1
3273,136.375,74.5,3.7,316.4,227.0,0.3575,1
3274,136.4167,73.9,3.6,316.4,225.7,0.3557,1
3275,136.4583,74.2,3.7,316.4,225.9,0.3687,1
3276,136.5,74.8,3.8,316.6,225.6,0.3709,1
3277,136.5417,75.1,3.7,316.4,226.2,0.3542,1
3278,136.5833,75.6,3.8,316.2,227.6,0.3531,1
3279,136.625,75.8,3.7,316.2,227.6,0.3325,1
3280,136.6667,75.1,3.7,316.3,227.6,0.3545,1
3281,136.7083,74.7,3.7,316.4,227.8,0.3701,1
3282,136.75,74.1,3.7,316.4,229.7,0.3405,1
3283,136.7917,74.3,3.8,316.4,229.7,0.3371,1
3284,136.8333,72.6,3.6,316.6,230.8,0.2819,1
3285,136.875,73.2,3.4,316.5,231.1,0.2058,1
3286,136.9167,72.7,3.5,316.9,231.0,0.2018,1
3287,136.9583,73.1,3.7,316.9,230.8,0.2223,1
3288,137.0,71.8,3.7,317.1,231.4,0.1487,1
3289,137.0417,73.3,3.6,316.7,232.2,0.1664,1
3290,137.0833,74.5,3.6,316.5,233.2,0.1633,1
3291,137.125,75.6,3.6,316.4,233.2,0.1768,1
3292,137.1667,75.7,3.7,316.5,234.3,0.2156,1
3293,137.2083,78.4,3.9,315.9,234.7,0.2203,1
3294,137.25,77.8,3.8,315.9,235.3,0.239,1
3295,137.2917,78.0,3.8,315.9,235.7,0.2193,1
3296,137.3333,77.9,3.9,316.0,235.3,0.2646,1
3297,137.375,77.3,3.9,316.0,235.5,0.21,1
3298,137.4167,77.3,3.9,316.0,236.2,0.2314,1
3299,137.4583,77.5,4.0,316.0,236.2,0.2202,1
3300,137.5,76.6,3.9,316.1,237.1,0.1595,1
3301,137.5417,76.9,3.9,316.1,236.8,0.1471,1
3302,137.5833,77.3,3.8,316.1,236.3,0.2224,1
3303,137.625,77.2,3.8,316.1,236.3,0.2189,1
3304,137.6667,77.0,3.7,316.0,235.9,0.2674,1
3305,137.7083,76.2,3.6,316.0,235.8,0.278,1
3306,137.75,76.8,3.4,316.0,235.0,0.2236,1
3307,137.7917,76.9,3.5,316.0,235.0,0.2322,1
3308,137.8333,76.2,3.7,316.0,235.5,0.2048,1
3309,137.875,75.8,3.5,316.0,235.0,0.2455,1
3310,137.9167,75.4,3.6,316.0,236.0,0.1976,1
3311,137.9583,75.7,3.7,315.9,236.2,0.1952,1
3312,138.0,76.5,3.6,316.1,235.8,0.2612,1
3313,138.0417,77.3,3.6,316.0,236.4,0.2374,1
3314,138.0833,75.8,3.7,316.1,235.6,0.2455,1
3315,138.125,75.8,3.7,316.1,235.7,0.2321,1
3316,138.1667,75.2,3.6,316.2,233.4,0.2856,1
3317,138.2083,75.1,3.6,316.1,234.5,0.2979,1
3318,138.25,74.4,3.6,316.0,234.5,0.2505,1
3319,138.2917,74.2,3.6,316.0,234.7,0.2495,1
3320,138.3333,74.4,3.6,316.1,235.9,0.2374,1
3321,138.375,74.0,3.4,316.3,232.7,0.2386,1
3322,138.4167,72.4,3.4,316.5,230.6,0.1794,1
3323,138.4583,72.3,3.4,316.5,230.5,0.1598,1
3324,138.5,70.6,3.2,317.1,230.2,0.1987,1
3325,138.5417,71.3,3.3,317.2,228.4,0.3013,1
3326,138.5833,71.9,3.3,317.2,226.7,0.4024,1
3327,138.625,71.9,3.5,317.2,227.0,0.4303,1
3328,138.6667,71.0,3.4,317.4,225.6,0.5058,1
3329,138.7083,72.1,3.4,316.9,225.2,0.4436,1
3330,138.75,71.9,3.5,317.0,224.7,0.4471,1
3331,138.7917,72.3,3.5,317.0,224.4,0.4434,1
3332,138.8333,71.7,3.4,317.2,225.7,0.4578,1
3333,138.875,71.0,3.5,317.0,227.8,0.3303,1
3334,138.9167,70.4,3.4,317.2,228.6,0.2484,1
3335,138.9583,70.3,3.4,317.2,228.7,0.2604,1
3336,139.0,70.2,3.4,317.6,228.0,0.2437,1
3337,139.0417,68.8,3.4,317.6,226.3,0.4154,1
3338,139.0833,69.2,3.3,317.7,224.7,0.4399,1
3339,139.125,69.1,3.3,317.7,224.7,0.4394,1
3340,139.1667,68.9,3.4,317.8,224.4,0.4821,1
3341,139.2083,70.2,3.3,317.7,224.4,0.4256,1
3342,139.25,71.0,3.4,317.4,227.0,0.3518,1
3343,139.2917,71.5,3.5,317.4,226.6,0.3623,1
3344,139.3333,73.0,3.6,317.4,227.2,0.3394,1
3345,139.375,73.7,3.7,317.0,228.5,0.2565,1
3346,139.4167,73.6,3.5,316.7,229.0,0.3155,1
3347,139.4583,73.4,3.5,316.7,229.2,0.286,1
3348,139.5,73.6,3.6,316.8,229.9,0.3368,1
3349,139.5417,74.8,3.6,316.5,229.2,0.328,1
3350,139.5833,74.6,3.5,316.8,227.6,0.3396,1
3351,139.625,74.4,3.6,316.8,227.4,0.3709,1
3352,139.6667,72.3,3.5,316.9,227.0,0.3669,1
3353,139.7083,73.1,3.5,317.1,228.5,0.3202,1
3354,139.75,73.1,3.6,317.0,229.3,0.3046,1
3355,139.7917,73.3,3.5,317.0,228.9,0.2872,1
3356,139.8333,72.4,3.5,317.5,228.2,0.4162,1
3357,139.875,70.6,3.4,317.3,227.7,0.435,1
3358,139.9167,71.2,3.5,317.1,228.1,0.4452,1
3359,139.9583,71.2,3.4,317.1,228.2,0.4016,1
3360,140.0,73.8,3.2,316.1,228.0,0.3244,1
3361,140.0417,74.5,3.3,316.1,228.8,0.3835,1
3362,140.0833,75.3,3.3,316.1,227.8,0.4256,1
3363,140.125,74.2,3.3,316.2,227.8,0.4222,1
3364,140.1667,74.1,3.4,316.2,227.1,0.4597,1
3365,140.2083,73.8,3.2,316.3,226.9,0.417,1
3366,140.25,74.0,3.3,316.3,227.7,0.3962,1
3367,140.2917,73.8,3.3,316.3,228.0,0.4098,1
3368,140.3333,73.7,3.2,316.2,228.2,0.3868,1
3369,140.375,72.8,3.1,316.1,229.1,0.366,1
3370,140.4167,74.2,3.2,316.2,227.7,0.4246,1
3371,140.4583,74.2,3.2,316.1,227.7,0.4257,1
3372,140.5,73.7,3.2,316.1,227.6,0.4091,1
3373,140.5417,74.7,3.4,316.0,228.2,0.4388,1
3374,140.5833,76.0,3.3,316.1,227.3,0.4241,1
3375,140.625,76.1,3.3,316.2,227.3,0.4203,1
3376,140.6667,76.7,3.3,316.1,226.9,0.4329,1
3377,140.7083,77.8,3.2,316.3,226.5,0.4183,1
3378,140.75,77.2,3.2,316.3,225.7,0.4046,1
3379,140.7917,76.8,3.2,316.3,225.8,0.4058,1
3380,140.8333,74.5,3.2,316.6,225.9,0.4569,1
3381,140.875,74.8,3.2,316.3,225.5,0.4483,1
3382,140.9167,74.1,3.1,316.3,226.4,0.4254,1
3383,140.9583,74.0,3.1,316.3,226.2,0.4115,1
3384,141.0,73.9,3.1,316.1,225.7,0.4222,1
3385,141.0417,73.5,3.1,316.4,225.0,0.4268,1
3386,141.0833,73.5,3.1,316.7,224.9,0.4537,1
3387,141.125,73.5,3.1,316.6,225.0,0.4281,1
3388,141.1667,72.8,3.2,316.6,224.8,0.4492,1
3389,141.2083,73.4,3.3,316.7,224.5,0.4546,1
3390,141.25,73.0,3.3,316.7,225.1,0.4539,1
3391,141.2917,73.2,3.3,316.7,225.0,0.4541,1
3392,141.3333,72.3,3.4,316.9,223.8,0.5278,1
3393,141.375,72.5,3.3,316.8,225.2,0.4914,1
3394,141.4167,73.1,3.2,316.7,224.2,0.4493,1
3395,141.4583,73.4,3.2,316.8,224.3,0.4516,1
3396,141.5,73.5,3.2,316.7,224.0,0.3318,1
3397,141.5417,73.6,3.2,316.8,222.2,0.4405,1
3398,141.5833,74.8,3.2,316.5,222.7,0.4413,1
3399,141.625,74.3,3.3,316.5,222.8,0.4416,1
3400,141.6667,75.6,3.4,316.4,222.6,0.452,1
3401,141.7083,75.4,3.3,316.4,222.5,0.4451,1
3402,141.75,76.5,3.5,316.3,223.0,0.4784,1
3403,141.7917,76.5,3.5,316.3,223.2,0.4766,1
3404,141.8333,74.5,3.5,316.3,224.1,0.4997,1
3405,141.875,73.7,3.3,316.2,223.2,0.4595,1
3406,141.9167,74.9,3.3,316.3,223.1,0.5066,1
3407,141.9583,74.8,3.3,316.3,223.1,0.5009,1
3408,142.0,73.7,3.4,316.4,223.8,0.4963,1
3409,142.0417,73.4,3.1,316.2,223.9,0.4683,1
3410,142.0833,72.9,3.2,316.3,224.6,0.4465,1
3411,142.125,72.9,3.2,316.3,224.6,0.4671,1
3412,142.1667,72.3,3.1,316.3,224.6,0.4591,1
3413,142.2083,72.4,3.0,316.1,224.8,0.4674,1
3414,142.25,72.6,3.4,316.1,223.1,0.4673,1
3415,142.2917,72.9,3.4,316.1,223.1,0.476,1
3416,142.3333,72.2,3.2,316.2,223.9,0.4457,1
3417,142.375,72.7,3.3,316.3,223.5,0.4267,1
3418,142.4167,73.4,3.3,316.1,224.6,0.4445,1
3419,142.4583,72.7,3.3,316.1,224.5,0.4446,1
3420,142.5,72.0,3.3,316.3,224.6,0.3892,1
3421,142.5417,71.2,3.2,316.3,223.4,0.4369,1
3422,142.5833,72.4,3.2,316.3,222.2,0.4549,1
3423,142.625,72.4,3.3,316.3,222.3,0.4655,1
3424,142.6667,71.4,3.3,316.5,222.6,0.4657,1
3425,142.7083,72.1,3.4,316.5,222.7,0.4656,1
3426,142.75,71.8,3.3,316.5,223.1,0.4427,1
3427,142.7917,71.9,3.4,316.5,223.0,0.4378,1
3428,142.8333,72.1,3.3,316.5,223.8,0.4057,1
3429,142.875,72.4,3.4,316.5,223.5,0.3694,1
3430,142.9167,73.3,3.4,316.6,222.2,0.4559,1
3431,142.9583,73.3,3.4,316.6,222.1,0.4573,1
3432,143.0,73.7,3.5,316.4,224.1,0.423,1
3433,143.0417,74.5,3.5,316.2,223.9,0.421,1
3434,143.0833,74.7,3.6,316.1,224.5,0.4464,1
3435,143.125,75.1,3.6,316.1,224.5,0.4497,1
3436,143.1667,74.8,3.7,316.2,224.8,0.4478,1
3437,143.2083,74.3,3.5,316.2,223.9,0.4291,1
3438,143.25,74.1,3.5,316.2,223.9,0.4201,1
3439,143.2917,74.4,3.5,316.2,223.9,0.4005,1
3440,143.3333,74.9,3.5,316.1,224.3,0.416,1
3441,143.375,74.8,3.6,316.2,224.0,0.4186,1
3442,143.4167,74.2,3.6,316.2,224.3,0.4554,1
3443,143.4583,74.1,3.6,316.1,224.2,0.4511,1
3444,143.5,75.8,3.6,316.1,223.8,0.4745,1
3445,143.5417,75.1,3.6,316.2,222.6,0.4827,1
3446,143.5833,76.2,3.1,316.4,223.9,0.3751,1
3447,143.625,76.4,3.3,316.4,223.3,0.3532,1
3448,143.6667,74.2,3.4,316.5,223.4,0.4039,1
3449,143.7083,75.7,3.3,316.2,225.2,0.3782,1
3450,143.75,75.7,3.3,316.2,225.4,0.3897,1
3451,143.7917,75.8,3.4,316.3,225.5,0.3675,1
3452,143.8333,75.7,3.4,316.3,227.8,0.3824,1
3453,143.875,78.1,3.5,316.5,226.5,0.3786,1
3454,143.9167,75.0,3.4,316.5,226.6,0.3802,1
3455,143.9583,75.5,3.4,316.4,226.5,0.3642,1
3456,144.0,76.3,3.3,316.4,225.5,0.4124,1
3457,144.0417,75.8,3.3,316.2,226.6,0.3512,1
3458,144.0833,76.2,3.3,316.1,226.4,0.356,1
3459,144.125,75.7,3.3,316.2,226.5,0.3479,1
3460,144.1667,76.5,3.2,316.3,226.4,0.3512,1
3461,144.2083,74.8,3.3,316.5,225.3,0.3492,1
3462,144.25,74.2,3.2,316.5,225.9,0.3723,1
3463,144.2917,74.0,3.2,316.6,225.9,0.3783,1
3464,144.3333,71.2,3.3,317.1,226.7,0.4206,1
3465,144.375,71.7,3.3,317.1,226.7,0.4049,1
3466,144.4167,71.2,3.1,317.1,225.8,0.3714,1
3467,144.4583,71.1,3.1,317.1,225.9,0.3356,1
3468,144.5,71.6,3.0,317.0,225.5,0.329,1
3469,144.5417,73.3,3.2,317.0,225.8,0.3647,1
3470,144.5833,71.1,3.2,317.0,226.1,0.3747,1
3471,144.625,71.4,3.2,317.0,225.7,0.3667,1
3472,144.6667,73.0,3.3,317.0,225.5,0.3718,1
3473,144.7083,73.4,3.4,316.8,226.8,0.3441,1
3474,144.75,74.3,3.4,316.6,226.1,0.3301,1
3475,144.7917,73.9,3.4,316.6,226.1,0.328,1
3476,144.8333,74.4,3.4,316.5,226.7,0.3022,1
3477,144.875,73.5,3.3,316.6,226.4,0.3084,1
3478,144.9167,75.4,3.4,316.6,226.3,0.35,1
3479,144.9583,76.2,3.5,316.7,226.2,0.3575,1
3480,145.0,75.8,3.4,316.8,225.8,0.3652,1
3481,145.0417,75.8,3.3,316.9,225.1,0.3602,1
3482,145.0833,73.4,3.4,317.0,225.6,0.3954,1
3483,145.125,73.9,3.4,317.0,225.7,0.3762,1
3484,145.1667,74.2,3.4,317.0,225.8,0.4042,1
3485,145.2083,74.1,3.4,316.9,225.5,0.3708,1
3486,145.25,73.7,3.4,316.8,225.1,0.3859,1
3487,145.2917,73.1,3.3,316.9,225.1,0.3783,1
3488,145.3333,72.4,3.3,317.0,225.7,0.3966,1
3489,145.375,71.8,3.3,317.0,226.1,0.3685,1
3490,145.4167,73.9,3.4,316.7,227.6,0.3802,1
3491,145.4583,73.7,3.4,316.6,227.5,0.3687,1
3492,145.5,72.1,3.4,316.7,227.3,0.3497,1
3493,145.5417,74.1,3.2,316.9,227.5,0.3547,1
3494,145.5833,73.2,3.3,316.8,227.6,0.3822,1
3495,145.625,73.3,3.4,316.8,227.8,0.3675,1
3496,145.6667,73.6,3.2,316.6,227.3,0.3687,1
3497,145.7083,74.5,3.4,316.8,226.1,0.3763,1
3498,145.75,74.8,3.5,316.8,226.3,0.4034,1
3499,145.7917,75.0,3.5,316.9,226.6,0.39,1
3500,145.8333,76.4,3.6,316.8,226.6,0.4088,1
3501,145.875,74.4,3.5,316.8,226.4,0.4117,1
3502,145.9167,74.6,3.5,316.8,226.9,0.4046,1
3503,145.9583,74.6,3.5,316.8,226.9,0.4023,1
3504,146.0,76.0,3.6,316.8,226.9,0.4373,1
3505,146.0417,75.3,3.7,316.6,226.8,0.3951,1
3506,146.0833,75.9,3.7,316.6,226.8,0.3938,1
3507,146.125,75.8,3.6,316.5,226.8,0.3951,1
3508,146.1667,76.7,3.6,316.4,227.2,0.3887,1
3509,146.2083,76.6,3.5,316.4,226.2,0.3648,1
3510,146.25,76.0,3.6,316.2,227.8,0.349,1
3511,146.2917,76.0,3.6,316.2,227.8,0.3482,1
3512,146.3333,73.5,3.7,316.7,228.7,0.3702,1
3513,146.375,73.7,3.5,316.8,226.6,0.4195,1
3514,146.4167,73.2,3.5,316.6,226.3,0.4086,1
3515,146.4583,72.9,3.5,316.7,225.9,0.4068,1
3516,146.5,74.4,3.4,316.6,227.9,0.3539,1
3517,146.5417,75.2,3.7,316.5,227.9,0.3553,1
3518,146.5833,75.5,3.7,316.6,228.2,0.3191,1
3519,146.625,75.1,3.7,316.6,228.2,0.3236,1
3520,146.6667,74.4,3.7,316.5,228.9,0.3514,1
3521,146.7083,75.2,3.7,316.5,228.5,0.349,1
3522,146.75,74.8,3.6,316.3,229.0,0.3431,1
3523,146.7917,74.9,3.6,316.4,228.9,0.3311,1
3524,146.8333,74.0,3.7,316.5,229.5,0.3687,1
3525,146.875,73.9,3.6,316.5,229.3,0.3413,1
3526,146.9167,74.2,3.6,316.6,227.4,0.4021,1
3527,146.9583,74.4,3.6,316.6,227.4,0.4002,1
3528,147.0,75.3,3.7,316.5,229.3,0.3862,1
3529,147.0417,74.9,3.7,316.5,228.9,0.3886,1
3530,147.0833,74.4,3.8,316.7,228.0,0.4099,1
3531,147.125,74.2,3.8,316.8,228.1,0.4076,1
3532,147.1667,74.0,3.9,316.8,228.1,0.4097,1
3533,147.2083,74.4,3.8,316.6,227.8,0.3889,1
3534,147.25,74.3,3.8,316.6,227.9,0.3949,1
3535,147.2917,74.5,3.8,316.6,227.9,0.3899,1
3536,147.3333,74.7,3.8,316.6,228.1,0.3824,1
3537,147.375,74.6,3.8,316.7,227.5,0.3809,1
3538,147.4167,75.2,3.9,316.6,228.0,0.3807,1
3539,147.4583,75.4,3.8,316.6,228.2,0.3764,1
3540,147.5,75.2,3.8,316.6,228.3,0.3771,1
3541,147.5417,76.8,3.7,316.5,228.7,0.3645,1
3542,147.5833,76.3,3.7,316.4,228.9,0.3675,1
3543,147.625,76.6,3.7,316.4,228.9,0.3699,1
3544,147.6667,76.5,3.8,316.4,229.6,0.3808,1
3545,147.7083,76.3,3.7,316.4,228.6,0.3856,1
3546,147.75,76.4,3.8,316.5,228.7,0.3777,1
3547,147.7917,76.5,3.8,316.5,228.6,0.3798,1
3548,147.8333,74.7,3.9,316.6,227.0,0.4123,1
3549,147.875,74.5,3.7,316.6,226.3,0.4128,1
3550,147.9167,72.2,3.6,316.7,226.7,0.3945,1
3551,147.9583,72.0,3.6,316.7,226.7,0.3912,1
3552,148.0,72.2,3.6,316.8,226.2,0.391,1
3553,148.0417,73.7,3.6,316.5,226.4,0.3434,1
3554,148.0833,74.3,3.6,316.4,228.3,0.3567,1
3555,148.125,74.4,3.7,316.4,228.2,0.3578,1
3556,148.1667,74.8,3.7,316.5,227.9,0.3548,1
3557,148.2083,75.2,3.7,316.4,227.8,0.3319,1
3558,148.25,75.8,3.7,316.4,228.0,0.3387,1
3559,148.2917,75.8,3.7,316.4,228.0,0.3378,1
3560,148.3333,75.8,3.7,316.4,227.3,0.339,1
3561,148.375,73.8,3.6,316.6,227.6,0.329,1
3562,148.4167,75.0,3.7,316.5,228.1,0.3436,1
3563,148.4583,75.3,3.7,316.5,228.0,0.3379,1
3564,148.5,74.8,3.7,316.5,228.5,0.3452,1
3565,148.5417,75.1,3.8,316.5,228.5,0.3709,1
3566,148.5833,74.9,3.7,316.5,229.8,0.3624,1
3567,148.625,74.5,3.7,316.5,229.9,0.358,1
3568,148.6667,76.0,3.8,316.5,230.3,0.3629,1
3569,148.7083,76.3,3.7,316.2,229.2,0.3621,1
3570,148.75,75.8,3.6,316.2,229.5,0.3538,1
3571,148.7917,76.0,3.7,316.2,229.5,0.3573,1
3572,148.8333,77.4,3.8,316.2,229.2,0.3404,1
3573,148.875,75.7,3.8,316.5,229.5,0.3723,1
3574,148.9167,76.4,3.9,316.4,229.4,0.3431,1
3575,148.9583,76.5,3.9,316.4,229.2,0.3435,1
3576,149.0,75.5,3.7,316.5,229.0,0.3472,1
3577,149.0417,74.6,3.8,316.4,229.1,0.331,1
3578,149.0833,74.4,3.7,316.5,228.9,0.3832,1
3579,149.125,74.0,3.7,316.5,229.0,0.3728,1
3580,149.1667,75.2,3.8,316.7,227.4,0.4044,1
3581,149.2083,76.1,3.8,316.4,229.3,0.3374,1
3582,149.25,76.1,3.7,316.4,228.8,0.3454,1
3583,149.2917,76.2,3.8,316.4,228.8,0.3621,1
3584,149.3333,75.5,3.8,316.6,228.9,0.3796,1
3585,149.375,75.8,3.7,316.3,230.0,0.3915,1
3586,149.4167,76.6,3.7,316.2,228.6,0.3885,1
3587,149.4583,76.6,3.7,316.2,228.6,0.3789,1
3588,149.5,75.4,3.7,316.4,228.7,0.4078,1
3589,149.5417,75.8,3.7,316.4,229.1,0.4132,1
3590,149.5833,75.2,3.6,316.3,229.1,0.4044,1
3591,149.625,75.3,3.6,316.4,229.1,0.4033,1
3592,149.6667,75.8,3.6,316.3,229.4,0.3622,1
3593,149.7083,73.8,3.4,316.4,230.1,0.3586,1
3594,149.75,74.1,3.5,316.3,229.9,0.3526,1
3595,149.7917,74.0,3.5,316.3,229.9,0.3527,1
3596,149.8333,74.4,3.6,316.4,229.7,0.3468,1
3597,149.875,73.6,3.6,316.6,228.5,0.361,1
3598,149.9167,75.5,3.7,316.5,228.2,0.372,1
3599,149.9583,75.0,3.7,316.5,228.1,0.3784,1
3600,150.0,74.2,3.5,316.6,224.9,0.2491,1
3601,150.0417,74.2,3.5,316.5,224.6,0.253,1
3602,150.0833,72.6,3.5,316.7,226.3,0.2115,1
3603,150.125,72.4,3.5,316.8,225.8,0.2156,1
3604,150.1667,73.5,3.6,316.9,225.3,0.2205,1
3605,150.2083,74.0,3.5,316.9,223.9,0.2198,1
3606,150.25,74.9,3.6,316.8,224.4,0.232,1
3607,150.2917,73.7,3.6,316.8,224.3,0.2407,1
3608,150.3333,75.1,3.5,316.9,224.2,0.2619,1
3609,150.375,73.5,3.4,317.3,221.8,0.2849,1
3610,150.4167,73.7,3.5,317.2,222.0,0.3326,1
3611,150.4583,73.7,3.5,317.2,222.0,0.3254,1
3612,150.5,72.6,3.5,317.3,222.2,0.3322,1
3613,150.5417,73.9,3.7,317.1,221.9,0.3592,1
3614,150.5833,73.0,3.6,317.3,223.7,0.3211,1
3615,150.625,73.1,3.6,317.2,223.8,0.3142,1
3616,150.6667,73.0,3.6,317.3,224.9,0.3353,1
3617,150.7083,73.0,3.2,317.0,226.7,0.3219,1
3618,150.75,73.0,3.3,316.7,227.7,0.2644,1
3619,150.7917,72.7,3.3,316.8,227.7,0.2957,1
3620,150.8333,73.1,3.4,316.8,227.6,0.342,1
3621,150.875,73.6,3.4,317.0,226.0,0.3087,1
3622,150.9167,72.9,3.4,316.8,227.2,0.3059,1
3623,150.9583,73.0,3.4,316.8,227.3,0.3119,1
3624,151.0,73.6,3.5,316.9,225.9,0.3075,1
3625,151.0417,73.2,3.4,316.9,226.9,0.3,1
3626,151.0833,73.3,3.4,316.8,227.6,0.304,1
3627,151.125,73.2,3.4,316.8,227.5,0.3,1
3628,151.1667,72.9,3.3,316.7,228.6,0.3424,1
3629,151.2083,73.8,3.4,316.6,227.9,0.3988,1
3630,151.25,73.4,3.4,316.6,227.6,0.3806,1
3631,151.2917,74.0,3.5,316.6,227.7,0.3754,1
3632,151.3333,74.1,3.4,316.6,229.0,0.3951,1
3633,151.375,73.2,3.3,316.8,225.7,0.3335,1
3634,151.4167,72.2,3.4,316.8,226.4,0.353,1
3635,151.4583,71.7,3.3,316.8,226.4,0.3381,1
3636,151.5,72.5,3.4,316.9,224.5,0.3595,1
3637,151.5417,72.2,3.2,316.7,226.4,0.2801,1
3638,151.5833,71.5,3.2,316.6,227.2,0.302,1
3639,151.625,71.6,3.4,316.6,227.1,0.3004,1
3640,151.6667,72.1,3.4,316.7,226.3,0.2508,1
3641,151.7083,72.1,3.4,316.6,226.7,0.2938,1
3642,151.75,72.7,3.6,316.6,226.8,0.2961,1
3643,151.7917,72.5,3.6,316.6,226.8,0.2975,1
3644,151.8333,71.9,3.4,316.8,224.3,0.324,1
3645,151.875,72.3,3.4,316.7,225.4,0.3119,1
3646,151.9167,72.4,3.3,316.7,225.3,0.3261,1
3647,151.9583,72.1,3.4,316.7,225.3,0.3301,1
3648,152.0,71.3,3.4,316.8,225.4,0.3041,1
3649,152.0417,72.1,3.4,316.7,226.1,0.3257,1
3650,152.0833,72.7,3.5,316.8,225.1,0.3082,1
3651,152.125,72.6,3.5,316.8,225.1,0.3143,1
3652,152.1667,72.3,3.4,316.8,225.0,0.3394,1
3653,152.2083,73.5,3.4,316.6,226.9,0.3502,1
3654,152.25,73.3,3.5,316.6,226.4,0.3601,1
3655,152.2917,73.0,3.4,316.6,226.6,0.3593,1
3656,152.3333,72.6,3.3,316.5,227.0,0.3235,1
3657,152.375,72.9,3.5,316.5,227.2,0.2808,1
3658,152.4167,73.6,3.5,316.4,227.5,0.3134,1
3659,152.4583,73.5,3.6,316.4,227.5,0.3063,1
3660,152.5,73.4,3.6,316.4,227.5,0.3088,1
3661,152.5417,74.2,3.6,316.5,227.1,0.3045,1
3662,152.5833,73.2,3.6,316.4,227.0,0.3046,1
3663,152.625,73.1,3.7,316.4,227.1,0.3036,1
3664,152.6667,73.4,3.7,316.5,226.8,0.2916,1
3665,152.7083,73.8,3.7,316.4,228.3,0.2877,1
3666,152.75,72.9,3.7,316.4,227.9,0.3039,1
3667,152.7917,73.0,3.7,316.3,227.9,0.2955,1
3668,152.8333,73.5,3.7,316.3,228.1,0.2881,1
3669,152.875,73.5,3.5,316.3,226.2,0.2825,1
3670,152.9167,74.2,3.6,316.3,226.9,0.3457,1
3671,152.9583,74.8,3.6,316.2,226.9,0.3233,1
3672,153.0,74.8,3.6,316.4,226.5,0.3167,1
3673,153.0417,74.8,3.6,316.5,225.8,0.3082,1
3674,153.0833,74.4,3.6,316.3,227.4,0.287,1
3675,153.125,74.4,3.5,316.3,227.4,0.2704,1
3676,153.1667,74.7,3.5,316.3,227.8,0.3078,1
3677,153.2083,74.3,3.5,316.3,227.3,0.3256,1
3678,153.25,74.1,3.6,316.4,227.6,0.2755,1
3679,153.2917,73.6,3.5,316.4,227.7,0.2842,1
3680,153.3333,73.0,3.5,316.3,228.5,0.3068,1
3681,153.375,73.7,3.5,316.5,229.1,0.295,1
3682,153.4167,73.4,3.6,316.6,228.4,0.2442,1
3683,153.4583,73.5,3.6,316.6,228.4,0.2512,1
3684,153.5,73.0,3.5,316.6,228.5,0.3137,1
3685,153.5417,72.8,3.3,316.7,227.9,0.3311,1
3686,153.5833,73.4,3.3,316.4,226.9,0.336,1
3687,153.625,73.2,3.3,316.5,226.6,0.3461,1
3688,153.6667,74.4,3.5,316.2,227.2,0.3334,1
3689,153.7083,74.2,3.5,316.1,227.2,0.3612,1
3690,153.75,73.1,3.5,316.2,227.3,0.3439,1
3691,153.7917,72.9,3.4,316.2,227.3,0.3468,1
3692,153.8333,73.7,3.4,316.2,226.5,0.3437,1
3693,153.875,75.2,3.4,316.1,227.0,0.3714,1
3694,153.9167,76.2,3.4,316.2,226.5,0.3854,1
3695,153.9583,76.3,3.4,316.2,226.5,0.3855,1
3696,154.0,75.1,3.4,316.3,226.6,0.3718,1
3697,154.0417,76.0,3.4,316.2,228.3,0.3719,1
3698,154.0833,74.1,3.5,316.1,226.9,0.3716,1
3699,154.125,74.6,3.4,316.1,226.9,0.3789,1
3700,154.1667,75.0,3.6,316.4,226.0,0.4035,1
3701,154.2083,75.6,3.7,316.3,226.9,0.3841,1
3702,154.25,74.5,3.6,316.4,226.8,0.4137,1
3703,154.2917,74.8,3.6,316.4,226.8,0.3924,1
3704,154.3333,75.6,3.5,316.3,227.4,0.368,1
3705,154.375,75.9,3.7,316.5,226.0,0.3633,1
3706,154.4167,75.6,3.7,316.4,226.2,0.3592,1
3707,154.4583,75.7,3.7,316.3,226.2,0.3288,1
3708,154.5,76.0,3.6,316.3,226.1,0.3693,1
3709,154.5417,76.5,3.7,316.2,226.6,0.3179,1
3710,154.5833,77.2,3.8,316.4,226.5,0.3426,1
3711,154.625,76.9,3.9,316.4,226.6,0.3398,1
3712,154.6667,76.0,3.9,316.4,226.2,0.3939,1
3713,154.7083,76.7,3.7,316.5,226.6,0.3551,1
3714,154.75,75.4,3.6,316.5,226.6,0.3386,1
3715,154.7917,75.8,3.7,316.5,226.6,0.3337,1
3716,154.8333,75.0,3.8,316.7,226.6,0.3809,1
3717,154.875,75.5,3.8,316.8,225.6,0.3795,1
3718,154.9167,77.0,3.6,316.6,226.7,0.3881,1
3719,154.9583,77.2,3.6,316.6,226.5,0.3761,1
3720,155.0,76.8,3.6,316.5,227.1,0.3637,1
3721,155.0417,77.0,3.7,316.5,226.9,0.3493,1
3722,155.0833,76.1,3.8,316.5,227.0,0.315,1
3723,155.125,76.2,3.7,316.5,227.1,0.3093,1
3724,155.1667,76.9,3.8,316.5,227.0,0.3384,1
3725,155.2083,76.9,3.8,316.5,226.7,0.3815,1
3726,155.25,76.5,3.8,316.4,226.1,0.3803,1
3727,155.2917,76.4,3.7,316.4,226.1,0.3653,1
3728,155.3333,77.7,3.7,316.5,226.3,0.3563,1
3729,155.375,77.6,3.8,316.3,227.0,0.3501,1
3730,155.4167,77.9,3.8,316.4,226.9,0.3531,1
3731,155.4583,77.8,3.7,316.4,227.0,0.3494,1
3732,155.5,77.6,3.7,316.4,227.6,0.3471,1
3733,155.5417,77.8,3.7,316.3,225.5,0.339,1
3734,155.5833,76.5,3.7,316.4,224.9,0.3431,1
3735,155.625,76.6,3.7,316.4,224.9,0.3375,1
3736,155.6667,77.3,3.7,316.5,224.8,0.369,1
3737,155.7083,77.5,3.7,316.4,225.5,0.3756,1
3738,155.75,78.2,3.7,316.3,226.0,0.3733,1
3739,155.7917,78.6,3.8,316.3,225.7,0.3733,1
3740,155.8333,77.6,3.8,316.4,224.9,0.3626,1
3741,155.875,77.4,3.8,316.4,226.3,0.354,1
3742,155.9167,77.6,3.9,316.4,226.9,0.3495,1
3743,155.9583,77.2,3.8,316.4,226.9,0.3388,1
3744,156.0,77.5,3.9,316.5,226.5,0.347,1
3745,156.0417,77.7,3.9,316.4,226.6,0.3346,1
3746,156.0833,77.2,3.9,316.3,227.0,0.2908,1
3747,156.125,77.4,3.8,316.4,227.0,0.2832,1
3748,156.1667,77.5,3.8,316.3,226.9,0.2819,1
3749,156.2083,77.4,3.9,316.2,227.5,0.2611,1
3750,156.25,76.0,3.8,316.3,227.3,0.2956,1
3751,156.2917,76.4,3.8,316.3,227.3,0.29,1
3752,156.3333,76.2,3.6,316.4,227.8,0.2822,1
3753,156.375,77.3,3.7,316.3,227.5,0.2608,1
3754,156.4167,77.3,3.8,316.3,228.0,0.2432,1
3755,156.4583,77.4,3.8,316.3,227.9,0.2666,1
3756,156.5,77.7,3.7,316.3,226.8,0.2431,1
3757,156.5417,77.7,3.6,316.2,227.2,0.2429,1
3758,156.5833,77.3,3.6,316.2,227.2,0.248,1
3759,156.625,77.2,3.6,316.1,227.2,0.2444,1
3760,156.6667,77.8,3.8,316.0,227.9,0.1956,1
3761,156.7083,78.2,3.9,316.1,227.9,0.2173,1
3762,156.75,78.2,3.9,316.2,227.8,0.2659,1
3763,156.7917,78.2,3.9,316.2,227.6,0.2602,1
3764,156.8333,77.3,3.8,316.1,228.2,0.2587,1
3765,156.875,77.5,3.9,316.2,227.6,0.2433,1
3766,156.9167,76.4,3.9,316.3,226.9,0.2781,1
3767,156.9583,76.4,3.9,316.3,226.9,0.2679,1
3768,157.0,76.3,4.0,316.2,226.7,0.3022,1
3769,157.0417,77.6,3.8,316.2,227.0,0.2648,1
3770,157.0833,77.8,4.0,316.1,226.9,0.2848,1
3771,157.125,77.6,4.0,316.1,226.9,0.284,1
3772,157.1667,78.0,4.0,316.1,227.5,0.2725,1
3773,157.2083,77.4,4.0,316.2,227.6,0.2764,1
3774,157.25,77.4,4.0,316.1,227.9,0.2777,1
3775,157.2917,77.7,4.0,316.1,228.1,0.2691,1
3776,157.3333,77.5,3.8,316.2,227.1,0.2769,1
3777,157.375,78.5,4.0,316.2,227.4,0.2887,1
3778,157.4167,78.1,3.9,316.3,226.8,0.3194,1
3779,157.4583,78.1,3.9,316.2,226.9,0.3204,1
3780,157.5,78.4,3.9,316.3,227.0,0.339,1
3781,157.5417,78.4,3.9,316.2,227.3,0.3395,1
3782,157.5833,78.1,3.7,316.2,228.3,0.3175,1
3783,157.625,78.7,3.9,316.2,228.3,0.3203,1
3784,157.6667,79.3,3.9,316.2,228.7,0.3193,1
3785,157.7083,79.7,3.8,316.1,228.0,0.3243,1
3786,157.75,79.1,4.0,316.2,227.4,0.3324,1
3787,157.7917,78.6,4.0,316.2,227.2,0.3226,1
3788,157.8333,77.9,4.0,316.2,227.2,0.2975,1
3789,157.875,78.7,3.9,316.1,225.2,0.3307,1
3790,157.9167,78.5,4.0,316.1,225.7,0.3175,1
3791,157.9583,78.6,4.0,316.2,225.5,0.3168,1
3792,158.0,77.9,4.0,316.2,225.4,0.3029,1
3793,158.0417,76.8,3.7,316.1,226.8,0.2702,1
3794,158.0833,77.3,3.9,316.1,226.8,0.2773,1
3795,158.125,77.7,3.9,316.1,226.8,0.2826,1
3796,158.1667,76.6,3.9,316.2,226.9,0.253,1
3797,158.2083,76.9,3.9,316.2,227.5,0.2265,1
3798,158.25,77.3,3.9,316.2,227.7,0.2082,1
3799,158.2917,77.0,3.9,316.2,227.7,0.1831,1
3799,158.2917,53.7,3.4,315.6,232.0,0.1178,1
3800,158.3333,77.7,4.0,316.2,226.9,0.2537,1
3801,158.375,77.5,4.0,316.2,226.9,0.2504,1
3802,158.4167,77.3,4.0,316.2,227.1,0.3056,1
3803,158.4583,76.9,4.0,316.1,227.2,0.264,1
3804,158.5,77.2,4.0,316.2,227.2,0.299,1
3805,158.5417,77.2,4.0,316.2,227.2,0.2652,1
3806,158.5833,77.1,4.0,316.2,226.9,0.3209,1
3807,158.625,77.5,3.9,316.2,226.9,0.3253,1
3808,158.6667,76.6,4.1,316.1,227.6,0.3466,1
3809,158.7083,76.9,4.0,316.2,227.7,0.3334,1
3810,158.75,77.2,4.1,316.0,227.9,0.329,1
3811,158.7917,77.2,4.0,316.0,227.9,0.3212,1
3812,158.8333,77.5,4.0,316.2,227.8,0.3293,1
3813,158.875,77.9,3.8,316.1,227.7,0.3344,1
3814,158.9167,76.6,3.5,316.2,227.7,0.3159,1
3815,158.9583,76.9,3.6,316.1,227.6,0.3071,1
3816,159.0,75.5,3.7,316.2,227.6,0.308,1
3817,159.0417,76.3,3.6,316.3,227.6,0.3243,1
3818,159.0833,76.5,3.5,316.1,227.5,0.2704,1
3819,159.125,76.7,3.6,316.1,227.4,0.2741,1
3820,159.1667,77.1,3.8,316.2,227.4,0.3177,1
3821,159.2083,77.4,3.6,316.2,227.7,0.312,1
3822,159.25,77.6,3.7,316.1,227.7,0.3505,1
3823,159.2917,77.5,3.8,316.1,227.7,0.3492,1
3824,159.3333,77.6,3.7,316.2,227.9,0.3596,1
3825,159.375,78.7,3.8,316.1,228.0,0.3443,1
3826,159.4167,77.4,3.9,316.2,227.9,0.3474,1
3827,159.4583,77.5,3.8,316.2,227.8,0.3365,1
3828,159.5,77.7,3.8,316.2,228.1,0.3258,1
3829,159.5417,77.1,3.7,316.4,227.2,0.3885,1
3830,159.5833,77.8,3.9,316.4,227.5,0.3464,1
3831,159.625,77.7,3.9,316.4,227.5,0.3438,1
3832,159.6667,78.0,3.9,316.4,228.0,0.3334,1
3833,159.7083,78.3,3.8,316.4,229.1,0.309,1
3834,159.75,77.7,3.8,316.3,229.3,0.3088,1
3835,159.7917,78.0,3.7,316.2,229.1,0.3026,1
3836,159.8333,79.3,3.9,316.3,229.5,0.308,1
3837,159.875,77.9,3.8,316.3,228.7,0.2952,1
3838,159.9167,78.0,3.8,316.2,229.0,0.2714,1
3839,159.9583,78.4,3.8,316.2,229.0,0.2799,1
3840,160.0,76.7,3.4,316.6,226.5,0.3914,1
3841,160.0417,74.4,3.3,316.4,227.9,0.3996,1
3842,160.0833,74.6,3.3,316.6,227.4,0.4329,1
3843,160.125,74.6,3.3,316.6,227.4,0.4296,1
3844,160.1667,74.2,3.4,316.6,226.4,0.4431,1
3845,160.2083,75.2,3.4,316.5,226.4,0.4543,1
3846,160.25,74.6,3.3,316.6,225.1,0.4744,1
3847,160.2917,74.5,3.3,316.6,225.1,0.477,1
3848,160.3333,74.6,3.3,316.6,226.2,0.4545,1
3849,160.375,74.8,3.3,316.7,226.1,0.4692,1
3850,160.4167,76.2,3.4,316.6,227.5,0.4266,1
3851,160.4583,76.1,3.4,316.6,227.7,0.4237,1
3852,160.5,75.0,3.3,316.5,227.7,0.3927,1
3853,160.5417,74.4,3.2,316.5,227.4,0.4062,1
3854,160.5833,73.9,3.4,316.9,225.9,0.4567,1
3855,160.625,74.3,3.3,316.8,226.1,0.4425,1
3856,160.6667,74.6,3.2,316.7,226.8,0.431,1
3857,160.7083,74.2,3.3,316.9,227.0,0.4417,1
3858,160.75,75.6,3.3,316.9,227.4,0.4467,1
3859,160.7917,75.2,3.3,317.0,227.5,0.4447,1
3860,160.8333,74.9,3.2,317.0,226.7,0.4481,1
3861,160.875,75.0,3.3,316.8,226.0,0.4205,1
3862,160.9167,75.3,3.4,316.8,227.5,0.4152,1
3863,160.9583,75.2,3.3,316.8,227.4,0.4315,1
3864,161.0,75.1,3.3,316.9,227.1,0.4709,1
3865,161.0417,74.7,3.3,316.8,226.7,0.4838,1
3866,161.0833,74.5,3.4,316.8,226.4,0.4756,1
3867,161.125,74.6,3.4,316.7,226.3,0.4666,1
3868,161.1667,73.9,3.4,316.8,226.2,0.4721,1
3869,161.2083,74.4,3.4,317.1,225.4,0.4759,1
3870,161.25,74.3,3.3,317.1,225.1,0.4506,1
3871,161.2917,74.6,3.3,317.0,225.2,0.4458,1
3872,161.3333,74.3,3.2,316.8,225.8,0.4502,1
3873,161.375,73.5,3.2,317.0,225.8,0.4394,1
3874,161.4167,74.1,3.1,317.1,224.8,0.4983,1
3875,161.4583,73.5,3.1,317.1,224.7,0.4893,1
3876,161.5,73.6,3.0,317.0,225.0,0.4725,1
3877,161.5417,73.1,3.1,316.8,225.8,0.4636,1
3878,161.5833,73.1,3.0,316.7,225.9,0.432,1
3879,161.625,73.0,3.1,316.7,225.9,0.4307,1
3880,161.6667,74.4,3.1,316.6,225.7,0.4473,1
3881,161.7083,74.3,3.2,316.7,226.1,0.4473,1
3882,161.75,73.3,3.2,316.7,226.0,0.468,1
3883,161.7917,73.3,3.2,316.8,226.0,0.4803,1
3884,161.8333,73.1,3.2,317.1,225.5,0.4937,1
3885,161.875,72.6,3.0,316.8,226.1,0.4691,1
3886,161.9167,73.3,3.3,316.8,226.4,0.4746,1
3887,161.9583,73.4,3.3,316.9,226.5,0.4734,1
3888,162.0,73.1,3.2,316.9,226.3,0.4593,1
3889,162.0417,72.9,3.2,316.9,226.1,0.5029,1
3890,162.0833,73.3,3.2,316.9,226.2,0.4954,1
3891,162.125,73.4,3.3,316.8,226.3,0.48,1
3892,162.1667,73.0,3.3,316.9,226.4,0.4886,1
3893,162.2083,73.8,3.4,316.9,227.3,0.4805,1
3894,162.25,73.9,3.3,316.8,227.2,0.4927,1
3895,162.2917,73.6,3.3,316.9,227.4,0.4809,1
3896,162.3333,73.3,3.2,316.9,226.7,0.5288,1
3897,162.375,73.6,3.3,316.8,226.0,0.5398,1
3898,162.4167,73.8,3.3,317.0,225.3,0.558,1
3899,162.4583,74.0,3.4,317.0,225.3,0.5541,1
3900,162.5,75.4,3.4,317.2,225.5,0.5723,1
3901,162.5417,75.3,3.5,316.8,227.3,0.5141,1
3902,162.5833,75.8,3.4,316.8,227.2,0.5142,1
3903,162.625,75.8,3.5,316.9,227.1,0.5191,1
3904,162.6667,76.0,3.4,316.9,225.8,0.5238,1
3905,162.7083,75.3,3.4,316.8,225.1,0.5158,1
3906,162.75,76.2,3.4,316.8,225.6,0.5102,1
3907,162.7917,75.8,3.5,316.8,225.6,0.5123,1
3908,162.8333,76.3,3.5,316.9,225.8,0.5406,1
3909,162.875,76.9,3.6,316.8,225.5,0.4986,1
3910,162.9167,77.5,3.5,316.4,227.6,0.4499,1
3911,162.9583,77.1,3.5,316.4,227.4,0.45,1
3912,163.0,76.3,3.5,316.6,227.3,0.463,1
3913,163.0417,76.5,3.5,316.9,226.4,0.4963,1
3914,163.0833,76.4,3.5,317.0,225.7,0.5372,1
3915,163.125,75.3,3.5,317.0,225.7,0.5261,1
3916,163.1667,75.3,3.5,317.0,226.2,0.5057,1
3917,163.2083,75.6,3.4,317.1,224.3,0.5522,1
3918,163.25,76.0,3.4,317.0,224.6,0.5386,1
3919,163.2917,76.2,3.3,317.0,224.7,0.5468,1
3920,163.3333,75.2,3.3,316.9,224.5,0.5245,1
3921,163.375,74.3,3.5,316.9,225.1,0.5281,1
3922,163.4167,74.4,3.5,316.9,225.4,0.5518,1
3923,163.4583,74.7,3.5,316.9,225.4,0.5353,1
3924,163.5,74.7,3.5,317.0,225.0,0.5276,1
3925,163.5417,74.9,3.4,316.7,225.4,0.506,1
3926,163.5833,75.4,3.4,316.6,226.8,0.3908,1
3927,163.625,74.0,3.3,316.6,226.9,0.4133,1
3928,163.6667,75.1,3.2,316.7,225.7,0.4888,1
3929,163.7083,75.9,3.5,316.3,228.6,0.4815,1
3930,163.75,76.4,3.4,316.2,229.8,0.4691,1
3931,163.7917,76.3,3.6,316.3,229.7,0.4609,1
3932,163.8333,75.4,3.5,316.5,229.1,0.4912,1
3933,163.875,73.3,3.7,316.5,229.3,0.4667,1
3934,163.9167,74.1,3.5,316.5,228.9,0.4603,1
3935,163.9583,74.2,3.5,316.5,229.0,0.4577,1
3936,164.0,73.5,3.6,316.7,227.6,0.4556,1
3937,164.0417,74.1,3.7,316.4,227.2,0.4641,1
3938,164.0833,74.3,3.7,316.5,227.5,0.4627,1
3939,164.125,74.4,3.7,316.5,227.4,0.4535,1
3940,164.1667,75.1,3.7,316.6,226.9,0.4738,1
3941,164.2083,75.5,3.6,316.4,227.3,0.4619,1
3942,164.25,75.8,3.6,316.3,227.6,0.4629,1
3943,164.2917,76.5,3.7,316.3,227.6,0.4628,1
3944,164.3333,76.8,3.8,316.4,226.1,0.4828,1
3945,164.375,76.2,3.8,316.6,225.4,0.4999,1
3946,164.4167,76.9,3.7,316.5,225.1,0.5019,1
3947,164.4583,76.4,3.6,316.5,225.3,0.5085,1
3948,164.5,76.7,3.6,316.6,225.2,0.5353,1
3949,164.5417,75.0,3.4,316.6,225.8,0.5,1
3950,164.5833,74.2,3.4,316.5,226.0,0.4801,1
3951,164.625,74.2,3.6,316.5,226.1,0.4773,1
3952,164.6667,74.7,3.6,316.5,225.9,0.4643,1
3953,164.7083,74.5,3.5,316.4,225.5,0.4682,1
3954,164.75,75.3,3.4,316.7,226.1,0.463,1
3955,164.7917,75.4,3.4,316.7,226.0,0.4459,1
3956,164.8333,75.4,3.4,316.9,225.1,0.4508,1
3957,164.875,74.4,3.3,316.9,225.4,0.4786,1
3958,164.9167,75.7,3.5,316.9,225.5,0.4771,1
3959,164.9583,75.4,3.5,316.9,225.5,0.4699,1
3960,165.0,75.6,3.4,317.0,225.2,0.513,1
3961,165.0417,76.2,3.5,316.8,225.3,0.455,1
3962,165.0833,77.0,3.6,316.8,225.1,0.4519,1
3963,165.125,76.2,3.6,316.6,225.2,0.4323,1
3964,165.1667,75.2,3.5,316.8,225.6,0.4568,1
3965,165.2083,75.0,3.3,316.6,225.5,0.4523,1
3966,165.25,75.2,3.3,316.8,225.8,0.4709,1
3967,165.2917,75.2,3.3,316.7,225.9,0.4575,1
3968,165.3333,75.2,3.4,316.5,225.8,0.4476,1
3969,165.375,76.4,3.3,316.5,224.9,0.4513,1
3970,165.4167,75.9,3.4,316.3,226.2,0.4353,1
3971,165.4583,75.5,3.5,316.3,226.2,0.4409,1
3972,165.5,75.4,3.6,316.3,226.4,0.4445,1
3973,165.5417,75.8,3.5,316.4,226.7,0.437,1
3974,165.5833,74.5,3.3,316.4,226.5,0.4333,1
3975,165.625,74.5,3.4,316.4,226.6,0.4323,1
3976,165.6667,75.0,3.4,316.5,226.6,0.4336,1
3977,165.7083,75.1,3.5,316.3,227.3,0.4147,1
3978,165.75,75.6,3.5,316.2,226.9,0.422,1
3979,165.7917,75.4,3.5,316.3,226.9,0.419,1
3980,165.8333,75.3,3.6,316.3,227.5,0.4086,1
3981,165.875,75.5,3.6,316.3,226.1,0.4499,1
3982,165.9167,76.3,3.5,316.3,226.3,0.4396,1
3983,165.9583,76.5,3.5,316.3,226.3,0.4338,1
3984,166.0,76.1,3.5,316.5,225.9,0.4431,1
3985,166.0417,75.8,3.5,316.4,226.9,0.4486,1
3986,166.0833,76.1,3.5,316.2,228.0,0.412,1
3987,166.125,76.3,3.5,316.3,227.8,0.4082,1
3988,166.1667,77.2,3.4,316.1,227.5,0.4368,1
3989,166.2083,78.0,3.5,316.1,226.4,0.452,1
3990,166.25,77.0,3.4,316.1,227.3,0.4441,1
3991,166.2917,77.3,3.4,316.1,227.4,0.4423,1
3992,166.3333,77.2,3.5,316.1,227.8,0.408,1
3993,166.375,75.6,3.6,316.3,227.2,0.445,1
3994,166.4167,76.5,3.6,316.2,227.9,0.432,1
3995,166.4583,76.4,3.6,316.2,227.9,0.4304,1
3996,166.5,76.6,3.7,316.0,228.4,0.4399,1
3997,166.5417,75.6,3.4,316.0,228.1,0.4174,1
3998,166.5833,76.1,3.5,316.0,228.7,0.4087,1
3999,166.625,76.4,3.6,316.0,228.7,0.4187,1
4000,166.6667,75.4,3.4,316.1,228.2,0.4223,1
4001,166.7083,76.1,3.5,316.3,228.5,0.3732,1
4002,166.75,76.0,3.4,316.2,229.3,0.3811,1
4003,166.7917,76.3,3.4,316.2,229.3,0.3762,1
4004,166.8333,76.6,3.5,316.2,230.0,0.3464,1
4005,166.875,74.9,3.3,316.2,229.5,0.3828,1
4006,166.9167,75.3,3.3,316.2,229.4,0.3952,1
4007,166.9583,75.5,3.3,316.2,229.4,0.4037,1
4008,167.0,74.6,3.3,316.1,229.7,0.3995,1
4009,167.0417,75.0,3.3,316.2,229.0,0.3969,1
4010,167.0833,75.3,3.3,316.3,229.3,0.3889,1
4011,167.125,74.7,3.2,316.3,229.4,0.3811,1
4012,167.1667,75.1,3.3,316.3,229.3,0.3992,1
4013,167.2083,75.3,3.3,316.4,229.3,0.4243,1
4014,167.25,74.2,3.4,316.4,228.4,0.4235,1
4015,167.2917,74.2,3.4,316.3,228.4,0.4251,1
4016,167.3333,75.1,3.5,316.3,227.9,0.4334,1
4017,167.375,75.8,3.4,316.1,229.5,0.4075,1
4018,167.4167,75.5,3.3,316.1,229.9,0.3863,1
4019,167.4583,75.5,3.3,316.1,229.9,0.4028,1
4020,167.5,75.4,3.3,316.2,229.6,0.4084,1
4021,167.5417,76.3,3.3,316.0,229.8,0.3842,1
4022,167.5833,76.0,3.3,316.1,230.1,0.347,1
4023,167.625,76.3,3.3,316.1,230.0,0.3414,1
4024,167.6667,76.9,3.4,316.0,229.9,0.3398,1
4025,167.7083,76.8,3.3,316.2,228.9,0.3962,1
4026,167.75,77.7,3.4,316.0,229.0,0.3896,1
4027,167.7917,77.6,3.3,316.0,229.0,0.3909,1
4028,167.8333,77.3,3.4,316.1,228.8,0.3723,1
4029,167.875,76.0,3.3,316.0,229.1,0.3902,1
4030,167.9167,75.7,3.3,316.2,229.7,0.3544,1
4031,167.9583,75.8,3.4,316.3,229.6,0.3507,1
4032,168.0,76.2,3.4,316.3,229.7,0.3384,1
4033,168.0417,77.0,3.3,316.2,229.0,0.3668,1
4034,168.0833,77.2,3.4,316.3,228.7,0.3742,1
4035,168.125,77.2,3.4,316.2,228.8,0.3772,1
4036,168.1667,77.4,3.4,316.3,229.2,0.3769,1
4037,168.2083,77.4,3.5,316.3,229.4,0.3816,1
4038,168.25,77.6,3.5,316.3,229.5,0.3682,1
4039,168.2917,77.2,3.5,316.4,229.6,0.3435,1
4040,168.3333,76.8,3.6,316.4,228.6,0.386,1
4041,168.375,75.6,3.4,316.5,227.8,0.438,1
4042,168.4167,76.1,3.4,316.4,229.7,0.4373,1
4043,168.4583,76.1,3.4,316.3,229.7,0.4398,1
4044,168.5,74.6,3.3,316.3,229.6,0.4678,1
4045,168.5417,75.1,3.4,316.4,228.5,0.4969,1
4046,168.5833,75.5,3.6,316.3,228.2,0.4771,1
4047,168.625,75.8,3.7,316.3,228.2,0.4812,1
4048,168.6667,75.5,3.5,316.2,228.6,0.4804,1
4049,168.7083,75.5,3.6,316.3,228.2,0.4611,1
4050,168.75,75.2,3.6,316.3,228.2,0.4472,1
4051,168.7917,74.3,3.6,316.3,228.2,0.4505,1
4052,168.8333,74.8,3.7,316.2,228.7,0.4652,1
4053,168.875,75.0,3.6,316.2,226.6,0.4693,1
4054,168.9167,74.7,3.6,316.4,226.4,0.4552,1
4055,168.9583,74.8,3.6,316.4,226.4,0.4441,1
4056,169.0,75.1,3.7,316.4,226.4,0.4602,1
4057,169.0417,75.9,3.7,316.3,228.6,0.404,1
4058,169.0833,75.0,3.6,316.3,227.2,0.4568,1
4059,169.125,75.3,3.7,316.3,227.2,0.4567,1
4060,169.1667,75.6,3.7,316.2,228.0,0.4414,1
4061,169.2083,75.9,3.4,316.2,227.2,0.4398,1
4062,169.25,76.3,3.6,316.1,227.6,0.4378,1
4063,169.2917,76.8,3.7,316.1,227.6,0.4352,1
4064,169.3333,75.5,3.4,316.1,228.4,0.4299,1
4065,169.375,75.3,3.5,316.3,228.1,0.4276,1
4066,169.4167,74.4,3.4,316.1,227.6,0.4305,1
4067,169.4583,74.7,3.5,316.2,227.5,0.4273,1
4068,169.5,74.7,3.6,316.2,228.4,0.3928,1
4069,169.5417,74.9,3.6,316.2,228.3,0.4212,1
4070,169.5833,74.8,3.4,316.1,228.8,0.3923,1
4071,169.625,74.8,3.5,316.1,228.7,0.4008,1
4072,169.6667,76.2,3.5,316.0,228.2,0.4106,1
4073,169.7083,75.6,3.5,316.2,227.5,0.4433,1
4074,169.75,75.7,3.5,316.1,228.1,0.4085,1
4075,169.7917,75.7,3.5,316.1,228.1,0.405,1
4076,169.8333,75.8,3.6,316.1,227.7,0.4348,1
4077,169.875,73.8,3.5,316.2,227.7,0.4085,1
4078,169.9167,75.0,3.6,316.0,227.5,0.4226,1
4079,169.9583,74.8,3.6,316.1,227.6,0.439,1
4080,170.0,76.8,3.6,316.2,225.8,0.347,1
4081,170.0417,75.6,3.4,316.3,226.3,0.3666,1
4082,170.0833,76.7,3.2,316.5,225.4,0.3787,1
4083,170.125,75.4,3.2,316.5,225.4,0.3711,1
4084,170.1667,76.2,3.3,316.6,226.4,0.3956,1
4085,170.2083,75.7,3.3,316.7,226.2,0.39,1
4086,170.25,76.0,3.2,316.6,226.2,0.3569,1
4087,170.2917,76.2,3.3,316.7,226.1,0.3539,1
4088,170.3333,75.2,3.3,316.6,226.1,0.3195,1
4089,170.375,71.7,3.1,316.8,227.4,0.3597,1
4090,170.4167,72.3,3.2,316.6,227.1,0.4167,1
4091,170.4583,72.7,3.2,316.8,226.9,0.4114,1
4092,170.5,71.9,3.3,316.7,227.0,0.4126,1
4093,170.5417,73.9,3.2,316.7,226.2,0.4157,1
4094,170.5833,74.3,3.4,316.5,226.7,0.4122,1
4095,170.625,74.1,3.4,316.4,226.7,0.4062,1
4096,170.6667,74.4,3.5,316.5,226.5,0.3821,1
4097,170.7083,74.9,3.5,316.4,225.7,0.3899,1
4098,170.75,75.0,3.7,316.6,225.9,0.3785,1
4099,170.7917,76.3,3.6,316.5,226.0,0.3845,1
4100,170.8333,77.0,3.6,316.5,227.6,0.3619,1
4101,170.875,74.7,3.4,316.5,230.0,0.3228,1
4102,170.9167,74.5,3.2,316.5,230.5,0.2977,1
4103,170.9583,74.3,3.4,316.5,230.5,0.3263,1
4104,171.0,73.8,3.4,316.4,230.9,0.3309,1
4105,171.0417,74.3,3.2,316.4,231.1,0.2881,1
4106,171.0833,74.4,3.2,316.4,230.0,0.3525,1
4107,171.125,74.4,3.2,316.4,230.0,0.3488,1
4108,171.1667,76.5,3.4,316.3,229.5,0.3919,1
4109,171.2083,76.7,3.5,316.3,230.3,0.3517,1
4110,171.25,76.6,3.4,316.4,230.4,0.3376,1
4111,171.2917,76.8,3.4,316.2,230.3,0.3277,1
4112,171.3333,75.4,3.3,316.3,229.0,0.3792,1
4113,171.375,73.5,3.4,316.5,230.5,0.3529,1
4114,171.4167,75.1,3.5,316.4,230.9,0.3611,1
4115,171.4583,75.2,3.5,316.4,230.9,0.3637,1
4116,171.5,75.1,3.6,316.2,231.6,0.3736,1
4117,171.5417,75.4,3.6,316.2,231.7,0.3596,1
4118,171.5833,74.4,3.5,316.4,230.5,0.3787,1
4119,171.625,74.2,3.5,316.4,230.5,0.3741,1
4120,171.6667,73.7,3.5,316.3,230.7,0.3753,1
4121,171.7083,73.7,3.4,316.4,230.5,0.3872,1
4122,171.75,75.2,3.4,316.4,230.3,0.3806,1
4123,171.7917,74.9,3.3,316.4,230.4,0.3727,1
4124,171.8333,73.0,3.3,316.3,229.7,0.3807,1
4125,171.875,72.7,3.3,316.4,230.6,0.3892,1
4126,171.9167,71.8,3.4,316.4,230.9,0.3686,1
4127,171.9583,71.9,3.4,316.4,230.8,0.3635,1
4128,172.0,73.2,3.4,316.3,231.0,0.3654,1
4129,172.0417,73.3,3.4,316.1,229.5,0.4024,1
4130,172.0833,73.9,3.3,316.1,229.2,0.3995,1
4131,172.125,73.9,3.3,316.2,229.3,0.4158,1
4132,172.1667,73.6,3.3,316.2,230.0,0.382,1
4133,172.2083,74.0,3.2,316.3,228.7,0.4247,1
4134,172.25,75.1,3.2,316.2,229.1,0.414,1
4135,172.2917,75.3,3.2,316.1,229.1,0.4225,1
4136,172.3333,74.9,3.4,316.2,229.2,0.4164,1
4137,172.375,74.5,3.3,316.1,229.6,0.4043,1
4138,172.4167,73.8,3.4,316.0,229.9,0.4056,1
4139,172.4583,74.1,3.3,316.0,229.9,0.3951,1
4140,172.5,73.9,3.4,315.9,230.1,0.4175,1
4141,172.5417,74.9,3.2,315.8,229.8,0.3734,1
4142,172.5833,73.9,3.2,315.9,228.7,0.4233,1
4143,172.625,74.0,3.1,315.9,228.8,0.4227,1
4144,172.6667,74.8,3.2,316.1,229.4,0.4246,1
4145,172.7083,74.9,3.1,316.1,229.3,0.4052,1
4146,172.75,76.0,3.2,316.0,229.0,0.4148,1
4147,172.7917,75.2,3.2,315.9,229.1,0.4174,1
4148,172.8333,76.0,3.3,316.0,228.1,0.435,1
4149,172.875,75.2,3.3,316.0,227.7,0.4229,1
4150,172.9167,75.0,3.2,316.2,226.0,0.4484,1
4151,172.9583,75.8,3.2,316.2,225.9,0.4539,1
4152,173.0,75.6,3.3,316.1,226.9,0.4422,1
4153,173.0417,75.6,3.3,316.0,230.2,0.4022,1
4154,173.0833,75.8,3.3,316.0,230.5,0.4116,1
4155,173.125,75.8,3.2,316.0,230.5,0.4178,1
4156,173.1667,75.2,3.2,315.9,230.8,0.3989,1
4157,173.2083,74.5,3.2,315.8,231.4,0.4198,1
4158,173.25,75.9,3.4,315.9,231.6,0.3986,1
4159,173.2917,75.8,3.4,315.9,231.5,0.3951,1
4160,173.3333,75.9,3.2,316.0,231.3,0.3854,1
4161,173.375,75.1,3.2,316.0,230.9,0.3938,1
4162,173.4167,74.6,3.2,316.0,230.9,0.3822,1
4163,173.4583,74.5,3.2,316.0,230.9,0.3731,1
4164,173.5,75.5,3.3,316.0,230.8,0.3774,1
4165,173.5417,74.8,3.3,315.9,230.1,0.4303,1
4166,173.5833,73.7,3.3,316.6,230.5,0.3577,1
4167,173.625,74.5,3.4,316.7,230.3,0.33,1
4168,173.6667,76.4,3.6,316.5,231.4,0.3342,1
4169,173.7083,76.0,3.4,316.4,231.0,0.2949,1
4170,173.75,75.1,3.5,316.3,230.9,0.3272,1
4171,173.7917,75.3,3.4,316.4,230.9,0.3221,1
4172,173.8333,74.9,3.6,316.3,230.3,0.3744,1
4173,173.875,74.2,3.6,316.3,231.1,0.3188,1
4174,173.9167,74.7,3.6,316.1,232.5,0.2627,1
4175,173.9583,74.8,3.6,316.1,232.5,0.251,1
4176,174.0,74.2,3.4,316.1,232.3,0.2718,1
4177,174.0417,74.1,3.4,316.0,232.4,0.3489,1
4178,174.0833,73.8,3.5,316.3,232.4,0.3459,1
4179,174.125,73.8,3.5,316.2,232.5,0.3451,1
4180,174.1667,75.5,3.4,316.1,232.3,0.363,1
4181,174.2083,73.8,3.4,316.3,232.2,0.3587,1
4182,174.25,73.5,3.4,316.4,231.9,0.3419,1
4183,174.2917,73.2,3.4,316.4,231.9,0.3371,1
4184,174.3333,73.0,3.5,316.1,232.1,0.305,1
4185,174.375,71.9,3.4,316.5,232.7,0.326,1
4186,174.4167,73.2,3.5,316.3,232.8,0.3411,1
4187,174.4583,73.5,3.6,316.3,232.8,0.3352,1
4188,174.5,72.8,3.6,316.6,232.1,0.353,1
4189,174.5417,72.8,3.5,316.8,231.4,0.3402,1
4190,174.5833,72.6,3.5,316.9,231.0,0.3144,1
4191,174.625,72.6,3.6,316.8,231.0,0.3208,1
4192,174.6667,72.4,3.6,316.8,230.9,0.3269,1
4193,174.7083,74.3,3.5,316.8,231.1,0.3294,1
4194,174.75,74.2,3.5,316.7,231.1,0.3372,1
4195,174.7917,74.6,3.6,316.5,231.3,0.3488,1
4196,174.8333,75.6,3.7,316.4,232.2,0.2932,1
4197,174.875,72.8,3.7,316.5,232.0,0.2953,1
4198,174.9167,73.3,3.7,316.3,232.2,0.2844,1
4199,174.9583,73.4,3.6,316.4,232.0,0.2723,1
4200,175.0,73.9,3.6,316.7,231.9,0.287,1
4201,175.0417,73.6,3.6,316.6,231.7,0.2936,1
4202,175.0833,73.7,3.6,316.7,231.4,0.3129,1
4203,175.125,74.3,3.6,316.7,231.3,0.3111,1
4204,175.1667,74.5,3.7,316.5,231.3,0.3251,1
4205,175.2083,75.3,3.5,316.3,231.5,0.2839,1
4206,175.25,74.4,3.5,316.3,231.3,0.2845,1
4207,175.2917,74.7,3.5,316.3,231.3,0.28,1
4208,175.3333,75.4,3.4,316.3,230.5,0.3336,1
4209,175.375,73.3,3.4,316.6,229.9,0.367,1
4210,175.4167,75.2,3.5,316.5,229.6,0.3173,1
4211,175.4583,74.8,3.5,316.5,229.7,0.3099,1
4212,175.5,74.3,3.4,316.4,229.7,0.3569,1
4213,175.5417,72.4,3.2,316.7,228.8,0.3805,1
4214,175.5833,73.3,3.4,316.5,230.0,0.3787,1
4215,175.625,73.7,3.3,316.5,229.9,0.3846,1
4216,175.6667,72.3,3.3,316.5,230.5,0.3817,1
4217,175.7083,72.6,3.3,316.6,229.6,0.412,1
4218,175.75,74.1,3.4,316.5,230.1,0.3725,1
4219,175.7917,74.6,3.6,316.5,230.2,0.3679,1
4220,175.8333,75.5,3.5,316.5,230.4,0.3574,1
4221,175.875,74.2,3.6,316.6,230.5,0.3396,1
4222,175.9167,75.1,3.6,316.5,231.1,0.3335,1
4223,175.9583,74.7,3.6,316.5,231.1,0.3366,1
4224,176.0,75.4,3.6,316.7,230.6,0.3639,1
4225,176.0417,74.4,3.5,316.7,230.7,0.379,1
4226,176.0833,74.4,3.6,316.7,230.3,0.3811,1
4227,176.125,73.8,3.6,316.7,230.4,0.3824,1
4228,176.1667,74.3,3.6,316.7,230.0,0.3969,1
4229,176.2083,74.9,3.6,316.7,230.2,0.3745,1
4230,176.25,73.7,3.6,316.7,229.9,0.3986,1
4231,176.2917,73.3,3.6,316.6,229.9,0.3875,1
4232,176.3333,74.1,3.7,316.7,229.9,0.3687,1
4233,176.375,73.9,3.8,316.5,231.9,0.2946,1
4234,176.4167,73.4,3.7,316.4,231.6,0.3062,1
4235,176.4583,73.5,3.8,316.4,231.7,0.3058,1
4236,176.5,74.2,3.8,316.4,231.5,0.329,1
4237,176.5417,74.0,3.7,316.6,229.9,0.3738,1
4238,176.5833,74.4,3.7,316.5,230.5,0.3373,1
4239,176.625,74.5,3.7,316.6,230.5,0.3339,1
4240,176.6667,75.0,3.7,316.7,230.4,0.335,1
4241,176.7083,75.9,3.6,316.6,230.2,0.3767,1
4242,176.75,75.7,3.6,316.6,230.0,0.3723,1
4243,176.7917,75.7,3.5,316.6,230.0,0.3696,1
4244,176.8333,75.5,3.7,316.6,229.9,0.3777,1
4245,176.875,75.5,3.7,316.6,230.6,0.328,1
4246,176.9167,75.1,3.7,316.6,230.4,0.3244,1
4247,176.9583,75.0,3.7,316.6,230.4,0.3073,1
4248,177.0,74.9,3.6,316.5,231.0,0.3265,1
4249,177.0417,74.9,3.6,316.5,230.5,0.3367,1
4250,177.0833,74.6,3.6,316.6,230.5,0.3867,1
4251,177.125,74.7,3.6,316.6,230.5,0.3906,1
4252,177.1667,74.1,3.7,316.5,230.5,0.379,1
4253,177.2083,73.8,3.6,316.4,231.1,0.3491,1
4254,177.25,73.5,3.5,316.5,231.3,0.3437,1
4255,177.2917,73.6,3.5,316.5,231.3,0.336,1
4256,177.3333,73.6,3.4,316.4,231.3,0.2936,1
4257,177.375,72.6,3.5,316.5,230.9,0.287,1
4258,177.4167,74.3,3.6,316.5,230.5,0.3045,1
4259,177.4583,73.9,3.6,316.5,230.5,0.3055,1
4260,177.5,73.8,3.6,316.6,230.7,0.3208,1
4261,177.5417,73.2,3.4,316.5,231.2,0.2962,1
4262,177.5833,74.4,3.6,316.5,231.2,0.2965,1
4263,177.625,73.8,3.5,316.5,231.2,0.2933,1
4264,177.6667,74.5,3.7,316.4,231.1,0.2996,1
4265,177.7083,73.3,3.5,316.5,231.3,0.2468,1
4266,177.75,73.2,3.5,316.6,229.5,0.3085,1
4267,177.7917,73.3,3.6,316.6,229.5,0.3057,1
4268,177.8333,72.7,3.4,316.8,229.7,0.3515,1
4269,177.875,73.2,3.4,316.7,230.5,0.3451,1
4270,177.9167,73.0,3.4,316.6,231.5,0.347,1
4271,177.9583,72.9,3.4,316.6,231.6,0.3322,1
4272,178.0,73.0,3.5,316.6,231.9,0.344,1
4273,178.0417,73.4,3.5,316.7,231.7,0.3371,1
4274,178.0833,73.7,3.5,316.7,231.6,0.3272,1
4275,178.125,73.6,3.5,316.7,231.6,0.3267,1
4276,178.1667,73.6,3.4,316.8,231.5,0.3413,1
4277,178.2083,73.6,3.4,316.9,230.5,0.3433,1
4278,178.25,73.1,3.5,317.0,229.8,0.3609,1
4279,178.2917,73.8,3.5,317.0,229.8,0.3367,1
4280,178.3333,75.2,3.4,317.0,229.9,0.332,1
4281,178.375,74.8,3.3,316.9,229.2,0.3327,1
4282,178.4167,74.6,3.3,316.8,229.3,0.3694,1
4283,178.4583,74.5,3.4,316.9,229.4,0.3611,1
4284,178.5,75.2,3.4,316.7,229.6,0.3631,1
4285,178.5417,75.3,3.4,316.6,230.4,0.3133,1
4286,178.5833,75.4,3.5,316.4,230.9,0.3414,1
4287,178.625,75.5,3.5,316.3,231.0,0.3321,1
4288,178.6667,75.3,3.6,316.4,231.0,0.332,1
4289,178.7083,74.6,3.5,316.5,230.9,0.3346,1
4290,178.75,74.7,3.5,316.5,230.7,0.3493,1
4291,178.7917,74.8,3.4,316.5,230.7,0.3363,1
4292,178.8333,73.8,3.5,316.7,231.0,0.3538,1
4293,178.875,72.7,3.4,316.8,229.5,0.366,1
4294,178.9167,72.8,3.4,316.6,230.6,0.338,1
4295,178.9583,72.5,3.4,316.6,230.6,0.3336,1
4296,179.0,73.2,3.5,316.6,231.0,0.3341,1
4297,179.0417,73.2,3.4,316.5,230.9,0.3291,1
4298,179.0833,72.9,3.4,316.4,230.3,0.3402,1
4299,179.125,73.0,3.4,316.4,230.3,0.3351,1
4300,179.1667,72.9,3.4,316.4,230.3,0.3271,1
4301,179.2083,73.0,3.3,316.5,230.7,0.346,1
4302,179.25,72.7,3.4,316.4,230.6,0.337,1
4303,179.2917,73.4,3.4,316.4,230.7,0.3387,1
4304,179.3333,73.7,3.4,316.4,230.9,0.3393,1
4305,179.375,72.9,3.3,316.7,230.4,0.3509,1
4306,179.4167,72.0,3.3,317.1,229.8,0.4187,1
4307,179.4583,72.0,3.3,317.0,229.8,0.4189,1
4308,179.5,71.9,3.4,316.9,230.2,0.4224,1
4309,179.5417,73.3,3.4,316.7,229.6,0.4044,1
4310,179.5833,72.6,3.3,316.7,229.7,0.4202,1
4311,179.625,72.8,3.3,316.7,229.7,0.4209,1
4312,179.6667,72.6,3.3,316.6,230.5,0.3858,1
4313,179.7083,72.3,3.5,316.7,230.3,0.3944,1
4314,179.75,72.0,3.3,316.8,229.6,0.3944,1
4315,179.7917,71.5,3.3,316.8,229.6,0.3896,1
4316,179.8333,71.9,3.4,316.6,230.2,0.3841,1
4317,179.875,72.9,3.5,316.5,231.6,0.3084,1
4318,179.9167,72.2,3.4,316.5,231.3,0.304,1
4319,179.9583,72.2,3.4,316.5,231.3,0.3074,1
4320,180.0,73.1,3.7,316.6,230.1,0.2905,1
4321,180.0417,72.3,3.8,316.7,229.5,0.2953,1
4322,180.0833,72.6,3.8,316.6,229.6,0.2992,1
4323,180.125,73.4,3.8,316.6,229.7,0.3092,1
4324,180.1667,70.8,3.8,316.7,229.2,0.3273,1
4325,180.2083,72.8,3.7,316.2,229.9,0.3415,1
4326,180.25,72.4,3.7,316.6,228.4,0.3631,1
4327,180.2917,72.2,3.6,316.6,228.0,0.3723,1
4328,180.3333,71.6,3.7,316.7,227.1,0.4038,1
4329,180.375,69.7,3.5,317.1,226.6,0.416,1
4330,180.4167,72.8,3.6,316.9,227.1,0.3925,1
4331,180.4583,72.4,3.5,317.0,227.2,0.3904,1
4332,180.5,72.4,3.5,317.0,227.1,0.409,1
4333,180.5417,72.2,3.7,316.9,227.6,0.3878,1
4334,180.5833,73.3,3.7,316.8,227.6,0.3886,1
4335,180.625,73.6,3.7,316.9,227.5,0.3865,1
4336,180.6667,73.0,3.6,317.0,227.4,0.363,1
4337,180.7083,72.7,3.6,316.9,228.2,0.3503,1
4338,180.75,73.2,3.5,316.8,228.4,0.3578,1
4339,180.7917,73.1,3.5,316.8,228.4,0.3468,1
4340,180.8333,72.7,3.6,316.8,227.8,0.3721,1
4341,180.875,71.5,3.7,316.7,228.6,0.2688,1
4342,180.9167,71.4,3.6,316.7,228.3,0.2907,1
4343,180.9583,71.3,3.6,316.7,228.3,0.2913,1
4344,181.0,72.6,3.5,316.7,228.4,0.3071,1
4345,181.0417,73.7,3.7,316.6,228.1,0.3323,1
4346,181.0833,73.6,3.6,316.5,228.3,0.3224,1
4347,181.125,73.6,3.7,316.5,228.2,0.3287,1
4348,181.1667,74.1,3.6,316.6,228.3,0.3679,1
4349,181.2083,73.2,3.8,316.5,227.5,0.3716,1
4350,181.25,73.8,3.7,316.5,227.9,0.3375,1
4351,181.2917,73.5,3.7,316.5,227.9,0.346,1
4352,181.3333,73.8,3.6,316.5,227.8,0.342,1
4353,181.375,72.2,3.2,316.7,227.4,0.3456,1
4354,181.4167,74.6,3.4,316.5,227.7,0.3474,1
4355,181.4583,74.8,3.4,316.5,227.7,0.3492,1
4356,181.5,76.3,3.5,316.7,226.4,0.3738,1
4357,181.5417,73.9,3.3,316.6,227.1,0.3427,1
4358,181.5833,74.0,3.4,316.8,225.5,0.4022,1
4359,181.625,74.1,3.4,316.8,225.5,0.4005,1
4360,181.6667,73.2,3.4,316.5,225.1,0.3839,1
4361,181.7083,74.6,3.5,316.6,225.1,0.4199,1
4362,181.75,73.5,3.6,316.9,226.0,0.3974,1
4363,181.7917,73.3,3.6,316.9,226.0,0.3989,1
4364,181.8333,73.5,3.5,317.0,225.6,0.4157,1
4365,181.875,73.6,3.6,317.2,225.0,0.4568,1
4366,181.9167,73.0,3.5,317.1,225.9,0.4183,1
4367,181.9583,72.9,3.5,317.1,225.9,0.4154,1
4368,182.0,72.3,3.5,317.2,226.2,0.4073,1
4369,182.0417,73.4,3.4,316.9,226.1,0.3638,1
4370,182.0833,72.6,3.5,316.8,227.4,0.3481,1
4371,182.125,73.0,3.5,316.9,227.3,0.3601,1
4372,182.1667,73.7,3.6,316.7,227.1,0.3519,1
4373,182.2083,73.8,3.4,316.5,227.2,0.3243,1
4374,182.25,73.2,3.4,316.5,227.5,0.3201,1
4375,182.2917,72.8,3.4,316.6,227.4,0.3346,1
4376,182.3333,71.9,3.4,316.9,228.0,0.3402,1
4377,182.375,71.2,3.4,317.2,228.5,0.3847,1
4378,182.4167,72.2,3.6,317.0,227.9,0.3458,1
4379,182.4583,71.9,3.5,317.0,227.9,0.3459,1
4380,182.5,72.0,3.6,317.2,226.2,0.4157,1
4381,182.5417,70.6,3.5,317.2,226.3,0.3812,1
4382,182.5833,70.7,3.4,317.2,226.5,0.3882,1
4383,182.625,70.8,3.4,317.3,226.5,0.3875,1
4384,182.6667,72.3,3.4,317.2,227.0,0.3823,1
4385,182.7083,70.9,3.4,317.2,227.3,0.337,1
4386,182.75,72.2,3.4,317.1,227.5,0.3472,1
4387,182.7917,72.2,3.4,317.1,227.5,0.3428,1
4388,182.8333,72.7,3.3,317.1,227.1,0.3273,1
4389,182.875,71.3,3.2,317.2,226.5,0.3386,1
4390,182.9167,72.2,3.4,317.0,226.8,0.3203,1
4391,182.9583,72.0,3.3,317.0,226.8,0.3144,1
4392,183.0,71.7,3.3,317.0,226.7,0.345,1
4393,183.0417,72.2,3.5,316.9,227.0,0.3089,1
4394,183.0833,72.0,3.4,316.7,227.1,0.3362,1
4395,183.125,72.3,3.4,316.7,227.1,0.3303,1
4396,183.1667,75.4,3.3,316.6,227.7,0.3101,1
4397,183.2083,75.7,3.5,316.7,226.7,0.3059,1
4398,183.25,75.1,3.6,316.8,227.1,0.3203,1
4399,183.2917,75.1,3.6,316.8,227.1,0.324,1
4400,183.3333,74.2,3.6,316.7,227.2,0.3415,1
4401,183.375,73.0,3.7,317.0,227.1,0.3433,1
4402,183.4167,72.4,3.6,316.9,227.0,0.3638,1
4403,183.4583,72.5,3.6,316.9,227.0,0.3579,1
4404,183.5,72.1,3.6,317.0,227.3,0.3762,1
4405,183.5417,73.0,3.6,317.0,227.4,0.3612,1
4406,183.5833,73.8,3.7,316.9,226.9,0.3375,1
4407,183.625,72.6,3.6,317.1,226.6,0.3204,1
4408,183.6667,75.1,3.5,317.1,227.0,0.3149,1
4409,183.7083,73.1,3.4,316.9,226.9,0.2622,1
4410,183.75,74.4,3.7,316.8,228.1,0.2581,1
4411,183.7917,74.4,3.7,316.7,228.4,0.2351,1
4412,183.8333,73.8,3.7,317.0,228.3,0.2393,1
4413,183.875,72.1,3.7,317.2,228.1,0.3015,1
4414,183.9167,73.9,3.6,317.0,229.0,0.2224,1
4415,183.9583,73.7,3.7,317.1,228.7,0.2194,1
4416,184.0,73.8,3.7,317.0,228.5,0.2017,1
4417,184.0417,74.3,3.8,316.9,228.0,0.2282,1
4418,184.0833,74.0,3.7,316.8,228.6,0.2354,1
4419,184.125,73.6,3.8,316.8,228.6,0.2248,1
4420,184.1667,73.6,3.8,316.8,229.0,0.2296,1
4421,184.2083,74.5,3.7,316.6,229.6,0.2198,1
4422,184.25,75.1,3.7,316.5,229.3,0.2186,1
4423,184.2917,75.2,3.7,316.6,229.1,0.215,1
4424,184.3333,75.1,3.7,316.4,229.0,0.2536,1
4425,184.375,73.2,3.5,317.3,226.5,0.3351,1
4426,184.4167,74.7,3.5,316.9,228.5,0.2887,1
4427,184.4583,74.4,3.5,316.9,228.4,0.3099,1
4428,184.5,73.5,3.3,317.0,228.2,0.247,1
4429,184.5417,73.9,3.5,317.0,227.7,0.1931,1
4430,184.5833,73.3,3.5,316.8,228.1,0.2206,1
4431,184.625,73.2,3.4,316.9,228.2,0.1977,1
4432,184.6667,72.1,3.5,317.0,228.6,0.1439,1
4433,184.7083,72.5,3.5,316.6,228.4,0.1691,1
4434,184.75,72.9,3.5,316.8,228.4,0.1941,1
4435,184.7917,72.4,3.5,316.8,228.2,0.1685,1
4436,184.8333,73.2,3.6,316.7,228.9,0.2183,1
4437,184.875,73.7,3.7,316.9,229.0,0.1678,1
4438,184.9167,73.9,3.6,316.5,229.0,0.2089,1
4439,184.9583,73.9,3.6,316.8,228.9,0.1587,1
4440,185.0,73.9,3.6,316.7,228.4,0.2184,1
4441,185.0417,73.6,3.5,316.8,228.0,0.2434,1
4442,185.0833,73.0,3.5,316.5,228.5,0.2408,1
4443,185.125,72.4,3.4,316.7,228.5,0.2632,1
4444,185.1667,73.4,3.5,316.7,228.6,0.2503,1
4445,185.2083,72.7,3.5,316.8,228.8,0.2285,1
4446,185.25,74.2,3.5,316.7,229.0,0.2288,1
4447,185.2917,74.4,3.6,316.7,229.0,0.2235,1
4448,185.3333,74.1,3.6,316.9,228.4,0.2362,1
4449,185.375,74.7,3.7,317.2,226.1,0.3385,1
4450,185.4167,73.0,3.7,317.2,226.0,0.3619,1
4451,185.4583,72.9,3.7,317.3,225.9,0.3693,1
4452,185.5,73.2,3.8,317.0,227.0,0.352,1
4453,185.5417,73.8,3.8,317.0,227.0,0.3549,1
4454,185.5833,74.0,3.7,316.8,227.6,0.3441,1
4455,185.625,74.4,3.6,316.8,227.6,0.3449,1
4456,185.6667,74.3,3.6,316.9,227.2,0.3793,1
4457,185.7083,75.6,3.7,316.6,227.6,0.3225,1
4458,185.75,76.0,3.7,316.6,228.2,0.3349,1
4459,185.7917,75.4,3.7,316.6,228.2,0.3332,1
4460,185.8333,76.0,3.8,316.8,227.8,0.3217,1
4461,185.875,75.3,3.7,316.6,229.3,0.2752,1
4462,185.9167,75.1,3.6,316.5,229.3,0.2512,1
4463,185.9583,75.1,3.6,316.5,229.2,0.2455,1
4464,186.0,75.1,3.7,316.5,229.3,0.307,1
4465,186.0417,74.2,3.5,316.6,226.9,0.2878,1
4466,186.0833,73.8,3.7,316.8,226.3,0.3524,1
4467,186.125,73.8,3.7,316.8,226.3,0.3501,1
4468,186.1667,74.1,3.6,316.7,226.9,0.333,1
4469,186.2083,74.4,3.6,316.6,227.0,0.3025,1
4470,186.25,74.9,3.6,316.4,227.7,0.2356,1
4471,186.2917,74.3,3.6,316.6,227.7,0.251,1
4472,186.3333,74.1,3.5,316.7,227.5,0.3221,1
4473,186.375,72.9,3.5,317.0,227.1,0.3878,1
4474,186.4167,73.7,3.6,316.9,227.2,0.3624,1
4475,186.4583,73.2,3.6,316.9,227.2,0.3574,1
4476,186.5,72.8,3.6,317.0,227.0,0.3941,1
4477,186.5417,71.9,3.6,317.2,226.9,0.3704,1
4478,186.5833,72.8,3.6,316.7,227.7,0.3454,1
4479,186.625,72.3,3.6,316.7,227.8,0.3223,1
4480,186.6667,72.0,3.6,316.5,228.2,0.3831,1
4481,186.7083,72.8,3.6,316.7,227.5,0.3907,1
4482,186.75,72.9,3.7,316.9,228.2,0.3879,1
4483,186.7917,73.2,3.7,316.9,228.2,0.3874,1
4484,186.8333,73.0,3.7,316.7,228.0,0.3669,1
4485,186.875,72.9,3.8,316.7,229.3,0.2757,1
4486,186.9167,74.0,3.8,316.7,229.8,0.2481,1
4487,186.9583,74.3,3.8,316.7,229.8,0.2467,1
4488,187.0,74.1,3.7,316.5,228.9,0.2705,1
4489,187.0417,74.7,3.6,316.7,228.6,0.2671,1
4490,187.0833,75.4,3.7,316.4,228.6,0.2529,1
4491,187.125,75.5,3.8,316.5,228.6,0.2652,1
4492,187.1667,74.5,3.8,316.4,227.5,0.2976,1
4493,187.2083,75.7,3.8,316.5,227.3,0.3077,1
4494,187.25,76.8,3.9,316.4,227.7,0.2747,1
4495,187.2917,76.7,3.9,316.3,227.7,0.2707,1
4496,187.3333,76.5,3.9,316.7,227.5,0.2857,1
4497,187.375,75.0,3.6,317.0,226.2,0.2955,1
4498,187.4167,74.9,3.7,316.7,226.6,0.2975,1
4499,187.4583,74.5,3.7,316.8,226.7,0.322,1
4500,187.5,74.5,3.7,316.7,226.8,0.3052,1
4501,187.5417,74.3,3.7,316.7,228.2,0.3148,1
4502,187.5833,74.0,3.7,316.7,228.3,0.3056,1
4503,187.625,74.3,3.8,316.7,228.2,0.3043,1
4504,187.6667,75.7,3.8,316.4,228.2,0.3112,1
4505,187.7083,76.1,3.8,316.4,227.2,0.2904,1
4506,187.75,76.6,3.8,316.3,227.5,0.301,1
4507,187.7917,76.5,3.8,316.2,227.6,0.3014,1
4508,187.8333,76.5,3.7,316.2,227.7,0.3,1
4509,187.875,73.8,3.7,316.5,228.5,0.2428,1
4510,187.9167,72.6,3.6,316.8,228.5,0.2547,1
4511,187.9583,72.4,3.6,316.7,228.4,0.2525,1
4512,188.0,73.2,3.6,316.8,229.2,0.2255,1
4513,188.0417,73.0,3.6,316.5,228.3,0.2598,1
4514,188.0833,72.8,3.6,316.7,227.8,0.2621,1
4515,188.125,73.3,3.6,316.5,227.8,0.2563,1
4516,188.1667,75.0,3.6,316.5,227.7,0.2724,1
4517,188.2083,75.5,3.7,316.4,228.5,0.261,1
4518,188.25,76.4,3.7,316.2,228.7,0.2463,1
4519,188.2917,76.0,3.6,316.2,228.8,0.2441,1
4520,188.3333,76.1,3.6,316.2,228.7,0.2294,1
4521,188.375,72.9,3.5,316.9,227.0,0.3199,1
4522,188.4167,73.9,3.5,316.8,227.6,0.3071,1
4523,188.4583,74.2,3.6,316.9,227.5,0.3024,1
4524,188.5,74.1,3.6,316.6,227.3,0.2799,1
4525,188.5417,74.0,3.6,316.6,229.1,0.2838,1
4526,188.5833,74.6,3.6,316.4,229.5,0.2728,1
4527,188.625,74.4,3.6,316.4,229.4,0.2739,1
4528,188.6667,74.0,3.6,316.3,229.1,0.3216,1
4529,188.7083,74.2,3.6,316.3,228.9,0.3101,1
4530,188.75,74.6,3.5,316.3,229.8,0.2486,1
4531,188.7917,74.7,3.6,316.3,229.7,0.2399,1
4532,188.8333,74.4,3.6,316.4,229.5,0.2655,1
4533,188.875,74.3,3.6,316.4,229.6,0.2869,1
4534,188.9167,73.8,3.7,316.5,229.8,0.2975,1
4535,188.9583,74.3,3.7,316.4,229.8,0.2925,1
4536,189.0,73.9,3.6,316.5,230.1,0.2817,1
4537,189.0417,74.2,3.6,316.3,229.8,0.2928,1
4538,189.0833,74.2,3.6,316.4,229.5,0.306,1
4539,189.125,74.1,3.6,316.5,229.5,0.314,1
4540,189.1667,76.2,3.6,316.4,229.1,0.3086,1
4541,189.2083,76.7,3.7,316.2,229.1,0.3063,1
4542,189.25,77.2,3.8,316.2,229.5,0.2918,1
4543,189.2917,77.3,3.8,316.2,229.5,0.2919,1
4544,189.3333,75.9,3.8,316.2,229.3,0.3197,1
4545,189.375,74.7,3.8,316.2,229.7,0.292,1
4546,189.4167,74.1,3.8,316.2,229.4,0.2747,1
4547,189.4583,74.5,3.8,316.2,229.3,0.2699,1
4548,189.5,75.1,3.8,316.3,229.0,0.2977,1
4549,189.5417,75.0,3.7,316.4,228.7,0.306,1
4550,189.5833,75.2,3.8,316.3,229.0,0.3087,1
4551,189.625,75.2,3.8,316.3,229.1,0.3075,1
4552,189.6667,74.1,3.9,316.5,229.9,0.293,1
4553,189.7083,73.0,3.8,316.5,230.0,0.2986,1
4554,189.75,73.8,3.9,316.4,229.4,0.3196,1
4555,189.7917,74.1,3.9,316.3,229.5,0.3095,1
4556,189.8333,73.6,3.8,316.3,229.0,0.333,1
4557,189.875,74.2,3.7,316.1,229.6,0.3756,1
4558,189.9167,74.9,3.7,316.2,229.6,0.3493,1
4559,189.9583,75.1,3.7,316.2,229.6,0.3419,1
4560,190.0,74.3,3.5,316.2,229.6,0.2302,1
4561,190.0417,73.2,3.4,316.2,229.2,0.2482,1
4562,190.0833,73.5,3.6,316.3,229.2,0.1962,1
4563,190.125,73.0,3.5,316.3,229.3,0.186,1
4564,190.1667,75.0,3.5,316.4,226.8,0.2506,1
4565,190.2083,74.9,3.5,316.5,227.5,0.3186,1
4566,190.25,75.0,3.4,316.5,228.3,0.2762,1
4567,190.2917,75.5,3.6,316.5,228.2,0.2769,1
4568,190.3333,76.4,3.6,316.3,228.2,0.2733,1
4569,190.375,74.2,3.8,316.3,227.7,0.3075,1
4570,190.4167,76.3,3.7,316.3,228.6,0.296,1
4571,190.4583,76.1,3.7,316.2,228.0,0.3043,1
4572,190.5,76.6,3.8,316.2,228.3,0.2572,1
4573,190.5417,76.4,3.7,316.2,229.2,0.2362,1
4574,190.5833,76.2,3.6,316.2,229.4,0.2152,1
4575,190.625,76.2,3.6,316.2,229.4,0.2108,1
4576,190.6667,76.5,3.5,316.3,229.5,0.2552,1
4577,190.7083,75.4,3.5,316.2,229.3,0.2556,1
4578,190.75,76.1,3.5,316.5,229.5,0.2427,1
4579,190.7917,76.4,3.6,316.5,229.4,0.2247,1
4580,190.8333,76.3,3.5,316.2,229.6,0.2638,1
4581,190.875,74.8,3.3,316.2,229.7,0.2446,1
4582,190.9167,76.1,3.5,316.1,228.9,0.2896,1
4583,190.9583,76.3,3.5,316.1,229.0,0.2686,1
4584,191.0,76.0,3.6,316.2,228.4,0.3142,1
4585,191.0417,74.8,3.6,316.2,228.6,0.3294,1
4586,191.0833,74.4,3.5,316.2,228.8,0.3121,1
4587,191.125,74.7,3.6,316.2,228.9,0.327,1
4588,191.1667,74.7,3.6,316.3,228.0,0.3612,1
4589,191.2083,75.1,3.6,316.3,229.3,0.3355,1
4590,191.25,76.0,3.5,316.3,229.5,0.3161,1
4591,191.2917,75.8,3.5,316.3,229.5,0.3096,1
4592,191.3333,75.3,3.5,316.1,230.1,0.3235,1
4593,191.375,73.6,3.5,316.4,228.0,0.343,1
4594,191.4167,73.6,3.6,316.4,227.3,0.3626,1
4595,191.4583,73.4,3.6,316.4,227.3,0.3544,1
4596,191.5,73.0,3.6,316.3,227.3,0.3269,1
4597,191.5417,73.4,3.6,316.5,227.6,0.3463,1
4598,191.5833,73.6,3.6,316.4,227.6,0.3376,1
4599,191.625,73.3,3.6,316.4,227.6,0.3346,1
4600,191.6667,74.2,3.6,316.3,227.0,0.3549,1
4601,191.7083,74.0,3.5,316.3,227.7,0.3704,1
4602,191.75,72.9,3.5,316.4,227.9,0.3529,1
4603,191.7917,72.3,3.5,316.4,227.9,0.3481,1
4604,191.8333,72.3,3.5,316.2,227.9,0.3443,1
4605,191.875,71.1,3.4,316.3,227.6,0.3587,1
4606,191.9167,73.6,3.5,316.3,227.4,0.3567,1
4607,191.9583,73.6,3.6,316.4,227.4,0.3555,1
4608,192.0,72.7,3.5,316.4,227.1,0.3417,1
4609,192.0417,71.3,3.3,316.5,226.4,0.3431,1
4610,192.0833,71.5,3.3,316.6,226.2,0.3576,1
4611,192.125,71.8,3.4,316.6,226.1,0.3542,1
4612,192.1667,72.7,3.4,316.4,226.1,0.3592,1
4613,192.2083,72.9,3.4,316.3,225.9,0.3155,1
4614,192.25,72.7,3.3,316.2,226.7,0.3149,1
4615,192.2917,72.1,3.4,316.2,226.9,0.3291,1
4616,192.3333,71.1,3.5,316.3,228.3,0.3568,1
4617,192.375,72.6,3.5,316.3,228.5,0.36,1
4618,192.4167,73.4,3.5,316.2,228.2,0.3704,1
4619,192.4583,73.4,3.5,316.2,228.1,0.368,1
4620,192.5,72.3,3.4,316.3,227.3,0.3529,1
4621,192.5417,72.6,3.4,316.3,226.8,0.3679,1
4622,192.5833,71.7,3.3,316.5,226.2,0.3481,1
4623,192.625,71.9,3.4,316.5,226.2,0.3476,1
4624,192.6667,73.1,3.6,316.2,228.3,0.3353,1
4625,192.7083,73.3,3.6,316.4,226.7,0.3443,1
4626,192.75,72.1,3.6,316.2,229.3,0.3218,1
4627,192.7917,72.2,3.6,316.2,229.1,0.3144,1
4628,192.8333,72.0,3.7,316.4,228.9,0.3216,1
4629,192.875,70.7,3.5,316.7,229.2,0.3014,1
4630,192.9167,72.7,3.5,316.4,229.8,0.3515,1
4631,192.9583,72.7,3.6,316.4,229.8,0.3512,1
4632,193.0,73.2,3.7,316.5,230.0,0.3297,1
4633,193.0417,72.8,3.6,316.5,229.7,0.3392,1
4634,193.0833,73.0,3.7,316.5,230.1,0.3172,1
4635,193.125,72.9,3.7,316.5,230.1,0.3165,1
4636,193.1667,71.4,3.7,316.7,228.1,0.3822,1
4637,193.2083,73.1,3.7,316.7,229.2,0.3284,1
4638,193.25,71.8,3.6,316.9,228.1,0.38,1
4639,193.2917,72.0,3.6,316.9,228.2,0.3843,1
4640,193.3333,72.0,3.6,316.8,229.0,0.3786,1
4641,193.375,70.5,3.5,316.9,229.5,0.3526,1
4642,193.4167,70.7,3.7,316.8,228.7,0.3713,1
4643,193.4583,70.9,3.8,316.8,228.6,0.3723,1
4644,193.5,70.5,3.5,316.9,228.9,0.3574,1
4645,193.5417,70.8,3.5,316.8,228.9,0.3783,1
4646,193.5833,73.0,3.5,316.4,227.9,0.4241,1
4647,193.625,73.6,3.6,316.4,227.9,0.4456,1
4648,193.6667,73.0,3.6,316.3,227.8,0.4465,1
4649,193.7083,74.8,3.7,316.3,229.2,0.3947,1
4650,193.75,72.5,3.6,316.4,228.8,0.4417,1
4651,193.7917,72.8,3.6,316.4,228.8,0.4286,1
4652,193.8333,73.2,3.7,316.6,227.9,0.4165,1
4653,193.875,73.3,3.7,316.8,227.0,0.4142,1
4654,193.9167,72.6,3.7,316.4,227.4,0.3846,1
4655,193.9583,73.1,3.7,316.4,227.5,0.3811,1
4656,194.0,73.2,3.8,316.7,228.9,0.3574,1
4657,194.0417,71.8,3.7,316.7,230.0,0.3252,1
4658,194.0833,73.0,3.7,316.7,228.6,0.3479,1
4659,194.125,73.3,3.6,316.6,228.6,0.3428,1
4660,194.1667,73.5,3.7,316.5,228.7,0.3194,1
4661,194.2083,73.3,3.7,316.5,228.3,0.3421,1
4662,194.25,76.8,3.8,316.2,229.7,0.3032,1
4663,194.2917,76.3,3.7,316.2,230.0,0.3211,1
4664,194.3333,75.7,3.8,316.4,228.9,0.3559,1
4665,194.375,74.1,3.7,316.6,229.9,0.3092,1
4666,194.4167,75.4,3.6,316.5,228.8,0.3065,1
4667,194.4583,75.6,3.7,316.4,228.9,0.328,1
4668,194.5,75.4,3.8,316.5,230.1,0.2784,1
4669,194.5417,74.8,3.7,316.7,228.7,0.3254,1
4670,194.5833,74.7,3.7,316.7,229.1,0.3549,1
4671,194.625,74.9,3.6,316.6,229.1,0.3468,1
4672,194.6667,75.6,3.7,316.6,229.0,0.3528,1
4673,194.7083,76.1,3.6,316.7,228.0,0.3348,1
4674,194.75,76.9,3.7,316.5,227.9,0.322,1
4675,194.7917,76.4,3.6,316.5,228.0,0.3252,1
4676,194.8333,77.4,3.8,316.6,228.9,0.3506,1
4677,194.875,74.7,3.6,316.7,230.5,0.2803,1
4678,194.9167,74.5,3.7,316.7,229.9,0.3111,1
4679,194.9583,74.3,3.6,316.7,229.9,0.3105,1
4680,195.0,74.9,3.6,316.8,229.7,0.3053,1
4681,195.0417,74.3,3.5,316.7,229.1,0.3514,1
4682,195.0833,73.5,3.6,316.6,227.9,0.329,1
4683,195.125,73.6,3.6,316.7,228.0,0.3288,1
4684,195.1667,73.1,3.6,316.5,228.5,0.3163,1
4685,195.2083,72.8,3.6,316.5,228.7,0.3204,1
4686,195.25,73.3,3.6,316.6,227.3,0.3432,1
4687,195.2917,73.8,3.6,316.6,227.2,0.3377,1
4688,195.3333,73.8,3.6,316.8,226.5,0.3625,1
4689,195.375,72.3,3.5,316.8,226.3,0.3523,1
4690,195.4167,71.5,3.5,316.8,226.2,0.356,1
4691,195.4583,71.8,3.6,316.8,226.2,0.3568,1
4692,195.5,72.3,3.7,316.9,226.0,0.3604,1
4693,195.5417,72.2,3.8,316.9,225.6,0.4002,1
4694,195.5833,73.0,3.9,316.8,227.0,0.3433,1
4695,195.625,72.8,3.9,316.8,227.0,0.3426,1
4696,195.6667,73.2,3.9,316.5,229.1,0.2795,1
4697,195.7083,73.9,3.9,316.6,227.0,0.3413,1
4698,195.75,73.2,3.7,316.3,228.4,0.3422,1
4699,195.7917,73.1,3.7,316.4,228.4,0.3496,1
4700,195.8333,72.1,3.7,316.6,227.1,0.3433,1
4701,195.875,72.9,3.7,316.8,224.5,0.3409,1
4702,195.9167,73.4,3.7,316.5,224.8,0.3495,1
4703,195.9583,73.2,3.7,316.6,224.8,0.3469,1
4704,196.0,72.7,3.6,317.0,224.0,0.3819,1
4705,196.0417,72.3,3.4,316.8,225.5,0.3719,1
4706,196.0833,73.4,3.6,316.7,226.8,0.3689,1
4707,196.125,73.2,3.6,316.7,226.8,0.3688,1
4708,196.1667,75.4,3.5,316.5,224.9,0.4056,1
4709,196.2083,74.8,3.5,316.6,225.0,0.4072,1
4710,196.25,76.3,3.7,316.5,225.5,0.3932,1
4711,196.2917,75.9,3.6,316.6,225.3,0.392,1
4712,196.3333,75.9,3.6,316.5,225.7,0.3753,1
4713,196.375,73.4,3.5,316.7,225.4,0.3909,1
4714,196.4167,73.7,3.4,316.7,224.4,0.3883,1
4715,196.4583,73.5,3.4,316.7,224.4,0.3854,1
4716,196.5,72.9,3.4,316.8,225.6,0.3638,1
4717,196.5417,74.3,3.6,316.7,225.7,0.3704,1
4718,196.5833,73.1,3.5,316.7,226.3,0.3643,1
4719,196.625,72.7,3.5,316.7,226.2,0.3727,1
4720,196.6667,75.5,3.7,316.3,226.8,0.3818,1
4721,196.7083,75.5,3.5,316.5,226.6,0.3852,1
4722,196.75,75.8,3.6,316.4,226.2,0.3919,1
4723,196.7917,75.8,3.6,316.3,226.5,0.3737,1
4724,196.8333,74.1,3.6,316.5,226.5,0.3901,1
4725,196.875,71.3,3.5,316.8,226.4,0.3632,1
4726,196.9167,72.5,3.5,316.6,226.3,0.384,1
4727,196.9583,72.6,3.5,316.6,226.3,0.3845,1
4728,197.0,71.8,3.5,316.6,227.3,0.3888,1
4729,197.0417,71.4,3.3,316.7,226.4,0.436,1
4730,197.0833,71.8,3.5,316.5,226.2,0.4171,1
4731,197.125,71.5,3.5,316.5,226.2,0.4031,1
4732,197.1667,71.6,3.5,316.4,226.7,0.4027,1
4733,197.2083,72.8,3.5,316.4,226.5,0.3832,1
4734,197.25,72.1,3.5,316.4,227.4,0.3915,1
4735,197.2917,72.2,3.5,316.4,227.4,0.3971,1
4736,197.3333,72.3,3.6,316.4,226.8,0.4204,1
4737,197.375,71.0,3.4,316.4,228.5,0.4231,1
4738,197.4167,72.0,3.5,316.6,228.0,0.4095,1
4739,197.4583,71.9,3.4,316.6,228.0,0.4096,1
4740,197.5,72.3,3.6,316.5,228.4,0.4201,1
4741,197.5417,72.8,3.6,316.5,227.7,0.4137,1
4742,197.5833,72.7,3.5,316.4,227.6,0.4218,1
4743,197.625,72.6,3.5,316.5,227.6,0.4275,1
4744,197.6667,73.1,3.6,316.5,227.2,0.4618,1
4745,197.7083,74.2,3.6,316.5,228.1,0.4263,1
4746,197.75,74.9,3.7,316.4,228.1,0.4093,1
4747,197.7917,75.1,3.6,316.3,228.0,0.4121,1
4748,197.8333,74.1,3.6,316.5,226.8,0.4504,1
4749,197.875,71.8,3.7,316.6,227.8,0.4533,1
4750,197.9167,73.0,3.5,316.5,228.0,0.4424,1
4751,197.9583,73.6,3.6,316.5,228.0,0.4404,1
4752,198.0,71.9,3.7,316.7,227.7,0.4386,1
4753,198.0417,73.3,3.7,316.6,227.3,0.4156,1
4754,198.0833,72.6,3.7,316.9,226.9,0.4182,1
4755,198.125,72.8,3.7,316.9,226.9,0.4139,1
4756,198.1667,73.1,3.6,317.1,225.7,0.4356,1
4757,198.2083,72.5,3.7,317.1,226.0,0.4245,1
4758,198.25,72.9,3.6,316.8,227.0,0.3864,1
4759,198.2917,73.2,3.6,316.8,227.0,0.3888,1
4760,198.3333,73.9,3.6,316.9,227.0,0.3776,1
4761,198.375,73.4,3.6,316.8,226.8,0.4545,1
4762,198.4167,74.0,3.6,316.7,227.8,0.4343,1
4763,198.4583,73.6,3.6,316.7,227.7,0.4272,1
4764,198.5,74.2,3.8,316.6,227.9,0.3516,1
4765,198.5417,72.1,3.7,316.8,226.9,0.4357,1
4766,198.5833,72.5,3.8,316.5,227.6,0.4163,1
4767,198.625,72.4,3.8,316.5,227.6,0.4122,1
4768,198.6667,71.5,3.7,316.7,228.0,0.4277,1
4769,198.7083,72.0,3.7,316.6,228.5,0.3948,1
4770,198.75,71.2,3.7,316.5,228.7,0.3812,1
4771,198.7917,71.3,3.7,316.5,228.8,0.3781,1
4772,198.8333,71.7,3.7,316.5,227.5,0.4137,1
4773,198.875,70.4,3.6,316.7,227.2,0.4484,1
4774,198.9167,70.7,3.7,316.7,228.0,0.4488,1
4775,198.9583,71.3,3.6,316.6,228.0,0.4537,1
4776,199.0,71.4,3.8,316.7,228.4,0.3962,1
4777,199.0417,71.0,3.5,316.7,226.9,0.447,1
4778,199.0833,71.1,3.7,316.7,227.4,0.4413,1
4779,199.125,70.9,3.7,316.8,226.9,0.4323,1
4780,199.1667,71.1,3.8,316.7,227.5,0.4471,1
4781,199.2083,71.1,3.5,316.8,227.1,0.439,1
4782,199.25,72.5,3.7,316.6,227.0,0.4194,1
4783,199.2917,72.3,3.6,316.7,227.0,0.4227,1
4784,199.3333,71.9,3.6,316.7,226.7,0.4272,1
4785,199.375,72.1,3.5,316.7,228.3,0.387,1
4786,199.4167,72.4,3.6,316.7,229.1,0.3875,1
4787,199.4583,72.4,3.6,316.7,229.0,0.393,1
4788,199.5,71.9,3.6,316.7,228.0,0.4003,1
4789,199.5417,73.1,3.6,316.7,226.5,0.4307,1
4790,199.5833,74.7,3.8,316.5,226.7,0.4147,1
4791,199.625,74.4,3.7,316.6,226.7,0.4086,1
4792,199.6667,74.4,3.6,316.7,227.6,0.4127,1
4793,199.7083,74.3,3.6,316.7,226.5,0.4536,1
4794,199.75,74.3,3.7,316.7,226.1,0.4554,1
4795,199.7917,74.3,3.7,316.7,226.2,0.4515,1
4796,199.8333,73.8,3.7,316.8,226.3,0.4491,1
4797,199.875,71.4,3.6,316.9,226.9,0.4309,1
4798,199.9167,71.0,3.4,316.9,226.9,0.4304,1
4799,199.9583,71.1,3.5,316.9,227.0,0.4275,1
4800,200.0,72.1,3.5,316.8,224.9,0.2393,1
4801,200.0417,70.0,3.5,317.1,220.8,0.348,1
4802,200.0833,70.9,3.4,317.0,222.3,0.3151,1
4803,200.125,71.0,3.4,317.0,222.2,0.3273,1
4804,200.1667,71.8,3.4,317.1,222.3,0.3024,1
4805,200.2083,72.5,3.5,316.7,225.5,0.263,1
4806,200.25,72.3,3.4,316.5,226.0,0.3193,1
4807,200.2917,72.6,3.4,316.5,225.6,0.3327,1
4808,200.3333,72.2,3.4,316.5,226.5,0.2892,1
4809,200.375,73.3,3.3,316.7,224.3,0.3438,1
4810,200.4167,71.5,3.3,316.5,225.0,0.3956,1
4811,200.4583,71.8,3.4,316.5,224.9,0.3969,1
4812,200.5,71.7,3.5,316.4,226.9,0.395,1
4813,200.5417,71.8,3.5,316.4,225.7,0.3915,1
4814,200.5833,72.2,3.7,316.6,225.7,0.4652,1
4815,200.625,71.3,3.6,316.6,225.8,0.4667,1
4816,200.6667,71.7,3.7,316.6,225.8,0.4784,1
4817,200.7083,72.5,3.7,316.8,225.3,0.4615,1
4818,200.75,72.8,3.7,316.8,224.9,0.4608,1
4819,200.7917,73.0,3.7,316.8,225.0,0.4402,1
4820,200.8333,72.0,3.6,316.8,225.4,0.4499,1
4821,200.875,72.7,3.5,316.7,225.4,0.3927,1
4822,200.9167,72.8,3.5,316.8,225.3,0.3867,1
4823,200.9583,72.2,3.5,316.8,225.3,0.3843,1
4824,201.0,72.7,3.5,317.0,225.9,0.3536,1
4825,201.0417,71.6,3.4,316.7,224.6,0.3416,1
4826,201.0833,73.0,3.4,316.6,225.2,0.3392,1
4827,201.125,72.4,3.4,316.6,225.2,0.3439,1
4828,201.1667,72.0,3.4,316.7,225.1,0.3867,1
4829,201.2083,72.6,3.5,316.7,226.8,0.3622,1
4830,201.25,72.6,3.4,316.7,226.5,0.3431,1
4831,201.2917,72.6,3.3,316.7,226.6,0.3347,1
4832,201.3333,72.6,3.3,316.7,227.0,0.3584,1
4833,201.375,72.9,3.4,316.9,223.6,0.3942,1
4834,201.4167,73.4,3.5,316.7,223.9,0.393,1
4835,201.4583,72.9,3.4,316.8,223.8,0.411,1
4836,201.5,73.2,3.4,316.7,225.8,0.3494,1
4837,201.5417,73.4,3.3,316.7,224.4,0.3856,1
4838,201.5833,72.6,3.3,316.9,223.9,0.3649,1
4839,201.625,72.6,3.3,316.8,223.9,0.3534,1
4840,201.6667,72.6,3.2,316.7,223.9,0.3852,1
4841,201.7083,73.5,3.4,316.7,224.9,0.4373,1
4842,201.75,73.0,3.4,316.7,226.5,0.4171,1
4843,201.7917,72.7,3.4,316.7,226.5,0.418,1
4844,201.8333,72.9,3.5,316.8,227.3,0.4382,1
4845,201.875,72.7,3.4,316.6,227.3,0.4368,1
4846,201.9167,72.6,3.4,316.6,227.4,0.3883,1
4847,201.9583,72.6,3.4,316.5,227.5,0.384,1
4848,202.0,72.5,3.5,316.5,227.1,0.4085,1
4849,202.0417,73.2,3.4,316.7,225.6,0.4218,1
4850,202.0833,74.2,3.4,316.8,226.1,0.4132,1
4851,202.125,74.0,3.4,316.8,225.9,0.4177,1
4852,202.1667,74.0,3.5,316.9,227.3,0.401,1
4853,202.2083,73.8,3.4,316.8,227.6,0.4267,1
4854,202.25,73.1,3.4,316.8,227.4,0.4104,1
4855,202.2917,72.9,3.4,316.7,227.2,0.4128,1
4856,202.3333,72.8,3.4,316.7,227.7,0.4024,1
4857,202.375,72.4,3.3,316.8,228.3,0.3956,1
4858,202.4167,72.7,3.4,316.8,228.1,0.4307,1
4859,202.4583,72.8,3.4,316.9,228.1,0.4265,1
4860,202.5,71.9,3.4,317.0,227.7,0.4139,1
4861,202.5417,72.9,3.6,317.0,225.6,0.4114,1
4862,202.5833,72.9,3.6,317.0,224.8,0.4098,1
4863,202.625,72.9,3.5,317.0,224.6,0.3987,1
4864,202.6667,73.2,3.5,317.0,225.2,0.4004,1
4865,202.7083,74.8,3.5,316.8,226.1,0.3694,1
4866,202.75,74.1,3.5,316.9,227.3,0.3818,1
4867,202.7917,74.1,3.5,316.8,227.8,0.3781,1
4868,202.8333,74.4,3.5,316.9,226.9,0.3651,1
4869,202.875,74.1,3.4,316.8,228.2,0.3553,1
4870,202.9167,73.6,3.3,316.8,227.8,0.3736,1
4871,202.9583,73.5,3.4,316.8,227.8,0.3672,1
4872,203.0,73.0,3.4,316.9,227.1,0.3408,1
4873,203.0417,73.0,3.4,316.8,227.9,0.3321,1
4874,203.0833,73.3,3.4,316.8,228.4,0.2829,1
4875,203.125,73.5,3.5,316.8,228.6,0.2926,1
4876,203.1667,71.5,3.3,316.9,228.6,0.2445,1
4877,203.2083,70.4,3.4,317.1,229.4,0.1959,1
4878,203.25,70.2,3.3,317.2,226.8,0.3056,1
4879,203.2917,70.6,3.3,317.2,226.8,0.2905,1
4880,203.3333,71.4,3.4,317.1,226.4,0.3015,1
4881,203.375,70.9,3.3,316.9,226.7,0.3547,1
4882,203.4167,71.7,3.3,316.7,227.4,0.3423,1
4883,203.4583,71.8,3.3,316.7,227.4,0.3345,1
4884,203.5,72.2,3.3,316.7,226.2,0.3692,1
4885,203.5417,72.7,3.3,316.6,225.6,0.3732,1
4886,203.5833,72.6,3.4,316.6,227.4,0.3587,1
4887,203.625,72.3,3.4,316.7,227.2,0.3536,1
4888,203.6667,73.1,3.4,316.6,225.2,0.3637,1
4889,203.7083,74.0,3.4,316.9,224.6,0.4135,1
4890,203.75,74.3,3.4,316.9,224.9,0.3827,1
4891,203.7917,74.1,3.5,316.8,225.0,0.3803,1
4892,203.8333,72.9,3.5,316.8,225.5,0.3709,1
4893,203.875,73.6,3.3,316.6,228.8,0.3144,1
4894,203.9167,74.1,3.4,316.6,227.2,0.3049,1
4895,203.9583,74.2,3.4,316.7,227.3,0.2996,1
4896,204.0,73.3,3.4,316.5,227.1,0.3084,1
4897,204.0417,73.9,3.5,316.5,227.4,0.3158,1
4898,204.0833,74.2,3.5,316.6,227.6,0.2741,1
4899,204.125,74.3,3.6,316.6,227.8,0.2718,1
4900,204.1667,75.1,3.6,316.9,227.6,0.2999,1
4901,204.2083,74.4,3.6,316.8,227.6,0.2822,1
4902,204.25,75.6,3.5,316.6,227.6,0.2914,1
4903,204.2917,75.6,3.5,316.6,227.6,0.2999,1
4904,204.3333,74.8,3.6,316.7,228.6,0.3255,1
4905,204.375,74.4,3.6,316.6,228.8,0.3311,1
4906,204.4167,74.9,3.6,316.7,228.5,0.3052,1
4907,204.4583,74.3,3.7,316.7,228.6,0.3045,1
4908,204.5,73.3,3.6,316.9,227.6,0.3731,1
4909,204.5417,73.0,3.6,316.9,227.7,0.3392,1
4910,204.5833,73.5,3.6,316.9,228.3,0.309,1
4911,204.625,73.6,3.6,316.8,228.4,0.3119,1
4912,204.6667,74.4,3.6,316.9,228.7,0.3059,1
4913,204.7083,74.6,3.6,316.9,228.0,0.3459,1
4914,204.75,75.0,3.6,316.7,228.7,0.3258,1
4915,204.7917,74.5,3.6,316.6,228.6,0.3236,1
4916,204.8333,73.2,3.7,316.7,228.6,0.3349,1
4917,204.875,73.8,3.6,316.6,228.6,0.3173,1
4918,204.9167,76.4,3.7,316.4,228.5,0.2833,1
4919,204.9583,76.4,3.7,316.4,228.4,0.2999,1
4920,205.0,76.0,3.7,316.4,228.9,0.3161,1
4921,205.0417,75.9,3.7,316.5,228.1,0.2975,1
4922,205.0833,75.9,3.7,316.5,228.3,0.2719,1
4923,205.125,76.1,3.7,316.5,228.3,0.2694,1
4924,205.1667,75.8,3.6,316.5,228.8,0.2753,1
4925,205.2083,75.0,3.5,316.7,228.3,0.2723,1
4926,205.25,74.6,3.5,316.6,228.9,0.2616,1
4927,205.2917,74.7,3.6,316.6,228.9,0.2435,1
4928,205.3333,75.3,3.5,316.5,228.8,0.2432,1
4929,205.375,73.9,3.7,316.7,227.8,0.2728,1
4930,205.4167,74.0,3.6,316.6,228.6,0.2231,1
4931,205.4583,74.4,3.6,316.6,228.5,0.2259,1
4932,205.5,74.9,3.7,316.7,228.5,0.2376,1
4933,205.5417,74.4,3.7,316.6,228.3,0.2574,1
4934,205.5833,73.1,3.6,316.4,229.2,0.2344,1
4935,205.625,73.3,3.7,316.4,229.2,0.2381,1
4936,205.6667,73.5,3.7,316.5,229.1,0.2285,1
4937,205.7083,73.6,3.7,316.5,229.7,0.2346,1
4938,205.75,73.5,3.7,316.4,229.8,0.2482,1
4939,205.7917,73.6,3.7,316.5,229.6,0.2549,1
4940,205.8333,73.6,3.7,316.6,228.6,0.2839,1
4941,205.875,72.9,3.7,316.5,229.7,0.283,1
4942,205.9167,73.6,3.8,316.6,229.8,0.2924,1
4943,205.9583,73.8,3.8,316.6,229.7,0.2747,1
4944,206.0,74.3,3.7,316.7,229.8,0.2955,1
4945,206.0417,73.0,3.7,316.5,230.0,0.2982,1
4946,206.0833,73.7,3.6,316.4,230.0,0.2932,1
4947,206.125,73.3,3.6,316.4,230.0,0.2923,1
4948,206.1667,73.9,3.7,316.5,229.9,0.3256,1
4949,206.2083,73.6,3.4,316.4,230.3,0.3165,1
4950,206.25,73.3,3.4,316.4,230.2,0.3223,1
4951,206.2917,73.4,3.4,316.4,230.2,0.3142,1
4952,206.3333,74.3,3.4,316.3,230.5,0.3078,1
4953,206.375,73.9,3.5,316.5,230.1,0.2645,1
4954,206.4167,74.7,3.5,316.4,230.4,0.2724,1
4955,206.4583,74.4,3.5,316.4,230.5,0.2711,1
4956,206.5,74.8,3.5,316.5,230.3,0.3334,1
4957,206.5417,74.6,3.7,316.5,229.9,0.3013,1
4958,206.5833,75.2,3.5,316.5,230.2,0.304,1
4959,206.625,75.2,3.4,316.5,230.3,0.2902,1
4960,206.6667,74.9,3.7,316.4,230.7,0.2136,1
4961,206.7083,75.9,3.7,316.3,230.3,0.2659,1
4962,206.75,75.0,3.6,316.5,229.5,0.2099,1
4963,206.7917,75.1,3.5,316.5,229.5,0.2032,1
4964,206.8333,74.7,3.4,316.4,230.7,0.1858,1
4965,206.875,73.0,3.5,316.3,231.9,0.1636,1
4966,206.9167,72.2,3.5,316.4,230.5,0.188,1
4967,206.9583,72.8,3.6,316.4,230.4,0.1941,1
4968,207.0,72.8,3.6,316.6,228.8,0.2263,1
4969,207.0417,75.0,3.6,316.4,229.7,0.179,1
4970,207.0833,74.8,3.6,316.3,229.8,0.2164,1
4971,207.125,75.0,3.7,316.4,229.8,0.2222,1
4972,207.1667,74.2,3.6,316.2,230.3,0.2182,1
4973,207.2083,75.0,3.6,316.3,230.1,0.2353,1
4974,207.25,75.2,3.6,316.3,229.7,0.2415,1
4975,207.2917,75.1,3.7,316.3,229.7,0.2656,1
4976,207.3333,75.6,3.8,316.4,229.6,0.2816,1
4977,207.375,75.1,3.7,316.3,230.4,0.2887,1
4978,207.4167,74.4,3.7,316.3,230.6,0.3119,1
4979,207.4583,74.5,3.8,316.4,230.6,0.3127,1
4980,207.5,74.5,3.8,316.4,230.2,0.3233,1
4981,207.5417,73.4,3.8,316.2,231.4,0.2367,1
4982,207.5833,74.5,3.7,316.2,231.1,0.2369,1
4983,207.625,74.6,3.8,316.2,231.1,0.2441,1
4984,207.6667,74.5,3.7,316.2,231.4,0.2375,1
4985,207.7083,74.9,3.9,316.1,230.6,0.2389,1
4986,207.75,74.5,3.8,316.1,231.0,0.2532,1
4987,207.7917,74.6,3.8,316.1,231.0,0.2419,1
4988,207.8333,74.7,3.8,316.2,231.2,0.2317,1
4989,207.875,74.2,3.8,316.3,230.5,0.2423,1
4990,207.9167,72.0,3.8,316.4,229.8,0.292,1
4991,207.9583,71.7,3.8,316.4,229.8,0.2868,1
4992,208.0,72.1,3.9,316.3,229.8,0.2664,1
4993,208.0417,71.9,3.7,316.4,230.3,0.2586,1
4994,208.0833,72.9,3.7,316.4,230.2,0.245,1
4995,208.125,73.1,3.7,316.3,230.2,0.2457,1
4996,208.1667,74.2,3.6,316.3,230.7,0.2168,1
4997,208.2083,73.8,3.7,316.4,230.8,0.2488,1
4998,208.25,73.9,3.6,316.2,231.8,0.2446,1
4999,208.2917,73.8,3.7,316.3,231.9,0.2414,1
5000,208.3333,74.0,3.7,316.4,231.7,0.2598,1
5001,208.375,74.9,3.7,316.2,230.9,0.2784,1
5002,208.4167,74.6,3.8,316.3,231.2,0.2947,1
5003,208.4583,74.8,3.7,316.3,231.1,0.2806,1
5004,208.5,75.2,3.7,316.2,231.2,0.2638,1
5005,208.5417,75.3,3.8,316.3,231.7,0.2578,1
5006,208.5833,74.7,3.7,316.3,232.2,0.2631,1
5007,208.625,74.4,3.7,316.2,232.2,0.2675,1
5008,208.6667,74.8,3.7,316.4,231.8,0.3125,1
5009,208.7083,74.3,3.6,316.4,231.8,0.3171,1
5010,208.75,74.6,3.8,316.3,231.7,0.288,1
5011,208.7917,74.4,3.8,316.4,231.6,0.2927,1
5012,208.8333,74.4,3.7,316.4,231.0,0.2979,1
5013,208.875,74.5,3.6,316.6,231.7,0.2871,1
5014,208.9167,72.2,3.6,316.4,232.2,0.285,1
5015,208.9583,72.1,3.6,316.4,232.3,0.286,1
5016,209.0,72.0,3.7,316.5,231.7,0.2834,1
5017,209.0417,73.4,3.7,316.2,231.3,0.3131,1
5018,209.0833,74.1,3.7,316.4,230.9,0.3043,1
5019,209.125,74.1,3.7,316.4,231.0,0.3046,1
5020,209.1667,73.1,3.7,316.3,231.1,0.3027,1
5021,209.2083,74.0,3.8,316.3,231.6,0.3016,1
5022,209.25,76.0,3.8,316.4,230.9,0.3274,1
5023,209.2917,75.4,3.9,316.4,230.9,0.3155,1
5024,209.3333,75.6,3.8,316.5,230.7,0.2677,1
5025,209.375,74.4,3.8,316.4,231.7,0.265,1
5026,209.4167,74.0,3.8,316.5,231.4,0.2924,1
5027,209.4583,74.0,3.8,316.5,231.4,0.2958,1
5028,209.5,74.2,3.8,316.7,231.3,0.2779,1
5029,209.5417,75.4,3.8,316.3,231.7,0.334,1
5030,209.5833,75.5,3.8,316.4,231.4,0.3059,1
5031,209.625,75.4,3.8,316.5,231.3,0.2982,1
5032,209.6667,75.3,3.8,316.7,231.3,0.2975,1
5033,209.7083,74.2,3.7,316.9,228.4,0.3547,1
5034,209.75,75.0,3.7,316.8,229.3,0.3761,1
5035,209.7917,75.3,3.7,316.8,229.3,0.3745,1
5036,209.8333,76.2,3.6,316.6,229.6,0.3478,1
5037,209.875,74.7,3.6,316.7,228.8,0.3737,1
5038,209.9167,75.4,3.5,316.5,229.0,0.3322,1
5039,209.9583,75.5,3.5,316.5,228.9,0.328,1
5040,210.0,73.6,3.7,317.4,217.8,0.4009,1
5041,210.0417,73.5,3.6,317.2,221.9,0.3676,1
5042,210.0833,74.6,3.6,317.2,222.9,0.3496,1
5043,210.125,74.3,3.6,317.2,222.7,0.3651,1
5044,210.1667,73.7,3.7,317.4,221.9,0.3743,1
5045,210.2083,72.3,3.5,317.3,223.8,0.3465,1
5046,210.25,72.1,3.6,317.1,224.3,0.3473,1
5047,210.2917,72.0,3.7,317.1,224.2,0.3472,1
5048,210.3333,71.6,3.7,317.2,223.4,0.3836,1
5049,210.375,70.5,3.6,317.4,220.6,0.4324,1
5050,210.4167,70.3,3.6,317.4,222.0,0.4451,1
5051,210.4583,70.5,3.6,317.3,221.9,0.4547,1
5052,210.5,70.1,3.6,317.4,222.2,0.4478,1
5053,210.5417,70.9,3.8,317.6,222.6,0.4663,1
5054,210.5833,71.6,3.7,317.2,223.6,0.4157,1
5055,210.625,71.8,3.7,317.3,223.6,0.4218,1
5056,210.6667,71.4,3.7,317.3,223.8,0.4474,1
5057,210.7083,71.4,3.6,317.3,223.8,0.471,1
5058,210.75,72.2,3.7,317.1,224.5,0.4716,1
5059,210.7917,72.5,3.7,317.1,224.4,0.4772,1
5060,210.8333,72.6,3.8,317.2,224.6,0.4445,1
5061,210.875,73.2,3.6,317.4,224.8,0.4934,1
5062,210.9167,71.7,3.7,317.3,226.1,0.4612,1
5063,210.9583,71.5,3.7,317.3,226.1,0.4594,1
5064,211.0,71.8,3.8,317.4,225.2,0.4724,1
5065,211.0417,71.3,3.7,317.4,223.7,0.4574,1
5066,211.0833,71.5,3.7,317.1,225.8,0.413,1
5067,211.125,70.8,3.7,317.1,225.7,0.3784,1
5068,211.1667,70.5,3.7,317.3,224.4,0.4059,1
5069,211.2083,71.0,3.7,317.2,224.5,0.4151,1
5070,211.25,72.0,3.7,317.2,225.4,0.3982,1
5071,211.2917,71.5,3.6,317.3,224.8,0.3977,1
5072,211.3333,71.2,3.5,317.1,225.3,0.3743,1
5073,211.375,69.5,3.5,317.4,225.6,0.3871,1
5074,211.4167,69.0,3.4,317.3,225.8,0.3903,1
5075,211.4583,68.3,3.4,317.3,225.6,0.3841,1
5076,211.5,69.9,3.3,317.0,225.6,0.3905,1
5077,211.5417,70.0,3.3,317.2,225.9,0.4083,1
5078,211.5833,70.3,3.4,317.1,226.5,0.3914,1
5079,211.625,70.2,3.4,317.2,226.5,0.403,1
5080,211.6667,71.6,3.5,317.3,225.5,0.4287,1
5081,211.7083,71.6,3.4,317.3,225.2,0.4281,1
5082,211.75,72.3,3.4,317.1,224.6,0.4067,1
5083,211.7917,71.6,3.5,317.1,224.6,0.405,1
5084,211.8333,70.9,3.5,317.1,225.7,0.3951,1
5085,211.875,70.7,3.4,317.2,223.9,0.4208,1
5086,211.9167,69.8,3.4,317.2,224.5,0.4407,1
5087,211.9583,69.8,3.4,317.1,224.5,0.4341,1
5088,212.0,69.5,3.5,317.2,223.7,0.4876,1
5089,212.0417,70.1,3.4,317.1,224.6,0.4244,1
5090,212.0833,70.1,3.4,317.2,224.9,0.4126,1
5091,212.125,70.3,3.4,317.2,224.8,0.4128,1
5092,212.1667,70.7,3.6,317.2,225.5,0.3728,1
5093,212.2083,69.6,3.6,317.1,225.9,0.369,1
5094,212.25,70.1,3.7,317.1,225.3,0.3542,1
5095,212.2917,70.5,3.6,317.1,225.3,0.3467,1
5096,212.3333,69.5,3.5,317.0,225.0,0.4173,1
5097,212.375,69.5,3.5,317.1,224.9,0.4018,1
5098,212.4167,69.3,3.4,317.1,225.0,0.4372,1
5099,212.4583,69.9,3.5,317.3,224.8,0.4392,1
5100,212.5,71.1,3.6,317.0,226.1,0.3993,1
5101,212.5417,71.4,3.6,317.1,225.3,0.3891,1
5102,212.5833,71.5,3.6,316.9,226.9,0.3857,1
5103,212.625,71.4,3.6,317.0,226.9,0.3835,1
5104,212.6667,72.7,3.7,317.1,226.5,0.4316,1
5105,212.7083,70.9,3.7,317.3,226.2,0.454,1
5106,212.75,71.7,3.7,317.3,226.6,0.44,1
5107,212.7917,71.9,3.7,317.3,227.0,0.4482,1
5108,212.8333,70.8,3.8,317.3,226.9,0.4378,1
5109,212.875,69.7,3.7,317.0,227.5,0.3837,1
5110,212.9167,70.7,3.8,317.0,228.3,0.3515,1
5111,212.9583,70.4,3.8,317.0,228.2,0.3459,1
5112,213.0,69.7,3.7,317.1,227.8,0.3771,1
5113,213.0417,69.9,3.6,317.2,227.5,0.3528,1
5114,213.0833,70.7,3.7,317.3,227.5,0.3534,1
5115,213.125,70.8,3.7,317.3,227.4,0.3538,1
5116,213.1667,71.2,3.8,317.4,227.6,0.365,1
5117,213.2083,72.1,3.8,317.2,228.0,0.3577,1
5118,213.25,71.4,3.8,317.1,228.1,0.3493,1
5119,213.2917,71.3,3.8,317.1,228.1,0.3512,1
5120,213.3333,72.0,3.8,317.0,228.1,0.3775,1
5121,213.375,71.7,3.6,317.0,228.0,0.3585,1
5122,213.4167,71.3,3.5,317.0,225.8,0.4226,1
5123,213.4583,70.7,3.5,316.9,225.8,0.4255,1
5124,213.5,71.1,3.5,317.1,225.5,0.4192,1
5125,213.5417,72.8,3.7,316.9,225.9,0.4201,1
5126,213.5833,73.0,3.4,316.9,226.1,0.3483,1
5127,213.625,73.0,3.4,316.9,226.2,0.3379,1
5128,213.6667,72.6,3.5,317.0,226.5,0.3123,1
5129,213.7083,71.6,3.5,316.8,226.3,0.3506,1
5130,213.75,72.6,3.5,316.9,225.9,0.382,1
5131,213.7917,72.2,3.4,316.9,226.3,0.3597,1
5132,213.8333,71.6,3.3,317.1,225.5,0.3807,1
5133,213.875,73.1,3.4,316.7,227.4,0.3931,1
5134,213.9167,73.2,3.4,316.7,227.7,0.4273,1
5135,213.9583,73.0,3.4,316.7,227.7,0.4235,1
5136,214.0,73.8,3.6,316.7,227.7,0.3959,1
5137,214.0417,72.9,3.5,316.5,227.4,0.4024,1
5138,214.0833,73.3,3.5,316.8,227.9,0.4,1
5139,214.125,73.6,3.5,316.8,227.8,0.4006,1
5140,214.1667,75.2,3.6,316.6,227.5,0.409,1
5141,214.2083,74.5,3.4,316.9,227.2,0.3307,1
5142,214.25,75.4,3.5,316.8,227.9,0.3537,1
5143,214.2917,75.5,3.5,316.8,228.0,0.3648,1
5144,214.3333,75.2,3.6,316.9,228.1,0.3599,1
5145,214.375,73.8,3.6,317.1,226.3,0.3904,1
5146,214.4167,72.4,3.4,317.2,225.4,0.3931,1
5147,214.4583,72.6,3.5,317.1,225.5,0.4088,1
5148,214.5,73.2,3.6,317.0,225.5,0.3992,1
5149,214.5417,73.6,3.5,316.9,224.2,0.4409,1
5150,214.5833,73.8,3.6,316.9,224.6,0.4369,1
5151,214.625,73.8,3.6,316.9,224.6,0.4323,1
5152,214.6667,74.2,3.6,316.8,226.7,0.3989,1
5153,214.7083,73.8,3.8,316.9,227.0,0.3988,1
5154,214.75,74.8,3.8,316.8,226.2,0.4408,1
5155,214.7917,74.8,3.8,316.8,226.3,0.4423,1
5156,214.8333,74.9,3.8,316.9,225.2,0.4512,1
5157,214.875,75.0,3.8,317.2,222.8,0.4832,1
5158,214.9167,74.1,3.8,317.2,224.2,0.4658,1
5159,214.9583,74.2,3.8,317.2,224.1,0.461,1
5160,215.0,75.6,4.0,317.2,224.7,0.4768,1
5161,215.0417,74.4,3.8,317.2,225.0,0.4497,1
5162,215.0833,74.3,3.8,317.1,225.3,0.4227,1
5163,215.125,75.0,3.8,317.1,225.3,0.4313,1
5164,215.1667,74.7,3.6,317.1,224.6,0.4486,1
5165,215.2083,73.1,3.6,317.3,223.2,0.5001,1
5166,215.25,73.3,3.7,317.1,224.0,0.4727,1
5167,215.2917,73.9,3.7,317.2,223.5,0.4762,1
5168,215.3333,73.9,3.8,317.1,223.9,0.4933,1
5169,215.375,72.9,3.7,317.1,223.3,0.5155,1
5170,215.4167,73.7,3.7,317.2,223.0,0.5157,1
5171,215.4583,73.5,3.7,317.2,223.0,0.5166,1
5172,215.5,73.7,3.6,317.2,223.7,0.5036,1
5173,215.5417,75.1,3.7,317.1,222.8,0.524,1
5174,215.5833,74.6,3.7,317.0,223.6,0.4776,1
5175,215.625,74.5,3.7,316.9,223.2,0.4601,1
5176,215.6667,75.7,3.7,317.0,223.8,0.4627,1
5177,215.7083,75.2,3.7,316.9,224.7,0.4293,1
5178,215.75,76.9,3.8,316.8,225.0,0.4241,1
5179,215.7917,77.0,3.8,316.8,225.0,0.4235,1
5180,215.8333,76.2,3.8,317.0,225.4,0.4646,1
5181,215.875,73.4,3.8,317.2,223.5,0.4889,1
5182,215.9167,73.0,3.7,317.4,222.6,0.5061,1
5183,215.9583,72.8,3.7,317.5,222.5,0.5135,1
5184,216.0,75.5,3.8,317.3,222.4,0.5058,1
5185,216.0417,75.2,3.9,317.4,223.6,0.5201,1
5186,216.0833,75.2,3.9,317.3,224.4,0.5098,1
5187,216.125,75.3,4.0,317.3,224.5,0.5088,1
5188,216.1667,74.9,4.0,317.3,224.2,0.5155,1
5189,216.2083,74.8,3.8,317.5,223.6,0.5129,1
5190,216.25,75.0,3.9,317.3,224.0,0.4684,1
5191,216.2917,74.8,3.9,317.3,224.1,0.4662,1
5192,216.3333,74.4,3.9,317.3,224.2,0.4729,1
5193,216.375,74.1,3.8,317.3,224.3,0.5041,1
5194,216.4167,73.1,3.8,317.4,223.7,0.5128,1
5195,216.4583,73.2,3.8,317.4,223.7,0.5126,1
5196,216.5,74.0,3.7,317.3,224.9,0.4461,1
5197,216.5417,75.5,3.6,317.3,224.0,0.4752,1
5198,216.5833,75.3,3.6,317.3,224.2,0.4716,1
5199,216.625,74.8,3.7,317.4,224.2,0.4823,1
5200,216.6667,75.2,3.7,317.4,224.1,0.4757,1
5201,216.7083,74.4,3.7,317.4,223.9,0.4718,1
5202,216.75,73.6,3.6,317.4,223.4,0.4647,1
5203,216.7917,73.8,3.6,317.4,223.4,0.4613,1
5204,216.8333,74.5,3.6,317.5,224.3,0.4696,1
5205,216.875,73.8,3.6,317.4,223.0,0.4993,1
5206,216.9167,73.6,3.6,317.4,223.6,0.5153,1
5207,216.9583,73.3,3.6,317.4,223.5,0.5087,1
5208,217.0,73.1,3.5,317.3,224.3,0.5067,1
5209,217.0417,73.8,3.3,317.5,223.5,0.5412,1
5210,217.0833,73.5,3.5,317.3,225.1,0.5099,1
5211,217.125,73.5,3.5,317.3,225.0,0.512,1
5212,217.1667,73.3,3.5,317.3,225.4,0.5084,1
5213,217.2083,75.0,3.6,317.1,224.9,0.4753,1
5214,217.25,74.5,3.5,317.3,224.0,0.5223,1
5215,217.2917,74.5,3.5,317.3,224.0,0.5251,1
5216,217.3333,75.4,3.4,317.2,224.5,0.5213,1
5217,217.375,74.4,3.4,317.3,224.0,0.5422,1
5218,217.4167,75.5,3.7,317.0,226.4,0.5019,1
5219,217.4583,75.0,3.6,317.0,226.4,0.4975,1
5220,217.5,75.5,3.6,317.0,226.6,0.4788,1
5221,217.5417,75.0,3.7,317.0,226.3,0.4616,1
5222,217.5833,76.5,3.8,316.9,226.1,0.4776,1
5223,217.625,75.9,3.8,316.9,226.4,0.4783,1
5224,217.6667,76.0,3.9,317.0,226.3,0.4803,1
5225,217.7083,75.5,3.8,317.0,225.8,0.4801,1
5226,217.75,76.4,3.7,316.8,225.9,0.4808,1
5227,217.7917,76.5,3.7,316.8,226.1,0.471,1
5228,217.8333,76.0,3.6,316.9,225.8,0.5148,1
5229,217.875,73.6,3.6,317.2,226.0,0.5512,1
5230,217.9167,73.2,3.6,317.2,226.0,0.5497,1
5231,217.9583,73.2,3.6,317.2,226.0,0.5423,1
5232,218.0,74.5,3.7,317.3,224.9,0.5676,1
5233,218.0417,74.3,3.5,317.3,226.0,0.5571,1
5234,218.0833,74.5,3.8,317.3,226.2,0.5465,1
5235,218.125,74.5,3.8,317.4,226.0,0.5465,1
5236,218.1667,73.4,3.8,317.4,227.0,0.5382,1
5237,218.2083,74.2,3.6,317.4,226.3,0.5303,1
5238,218.25,74.6,3.6,317.4,226.7,0.5322,1
5239,218.2917,74.4,3.6,317.3,226.7,0.5335,1
5240,218.3333,75.1,3.8,317.4,226.6,0.5422,1
5241,218.375,74.4,3.6,317.4,225.6,0.5643,1
5242,218.4167,75.2,3.6,317.3,225.9,0.5428,1
5243,218.4583,75.0,3.6,317.3,225.9,0.53,1
5244,218.5,74.8,3.6,317.3,226.4,0.5639,1
5245,218.5417,75.4,3.6,317.2,226.9,0.5583,1
5246,218.5833,74.2,3.5,317.2,227.1,0.5563,1
5247,218.625,74.1,3.4,317.2,227.0,0.5549,1
5248,218.6667,74.2,3.6,317.2,226.9,0.5557,1
5249,218.7083,74.5,3.7,317.2,226.8,0.5706,1
5250,218.75,74.3,3.6,317.3,226.5,0.5644,1
5251,218.7917,73.9,3.6,317.3,226.5,0.558,1
5252,218.8333,73.5,3.5,317.1,226.9,0.5413,1
5253,218.875,73.6,3.5,317.1,226.8,0.5531,1
5254,218.9167,73.5,3.5,317.1,227.1,0.5349,1
5255,218.9583,73.4,3.5,317.1,227.1,0.5347,1
5256,219.0,71.9,3.4,317.2,227.2,0.554,1
5257,219.0417,72.4,3.5,317.1,227.2,0.5131,1
5258,219.0833,73.0,3.6,317.2,227.6,0.5195,1
5259,219.125,73.1,3.7,317.2,227.3,0.5267,1
5260,219.1667,72.8,3.6,317.2,227.4,0.5023,1
5261,219.2083,72.7,3.7,317.0,226.6,0.4991,1
5262,219.25,72.3,3.7,317.2,226.0,0.5263,1
5263,219.2917,72.1,3.7,317.2,225.9,0.5248,1
5264,219.3333,72.7,3.6,317.2,226.0,0.5457,1
5265,219.375,72.3,3.3,317.1,226.1,0.5074,1
5266,219.4167,72.4,3.4,317.1,226.2,0.5131,1
5267,219.4583,72.8,3.5,317.1,226.1,0.5245,1
5268,219.5,73.6,3.6,317.0,226.5,0.5392,1
5269,219.5417,73.6,3.7,317.0,228.1,0.5392,1
5270,219.5833,74.5,3.8,316.7,228.5,0.4946,1
5271,219.625,74.8,3.8,316.8,228.5,0.5015,1
5272,219.6667,73.9,3.8,316.8,228.5,0.5016,1
5273,219.7083,73.3,3.8,316.7,228.4,0.5048,1
5274,219.75,73.8,3.8,316.7,228.2,0.5078,1
5275,219.7917,73.7,3.8,316.7,228.1,0.5078,1
5276,219.8333,74.5,3.7,317.0,227.7,0.5471,1
5277,219.875,73.6,3.7,317.1,228.1,0.5251,1
5278,219.9167,74.5,3.9,316.9,228.1,0.4857,1
5279,219.9583,74.8,3.9,316.8,228.1,0.4867,1
5280,220.0,71.9,3.5,317.2,225.4,0.3566,1
5281,220.0417,71.6,3.6,316.8,226.7,0.4076,1
5282,220.0833,73.0,3.7,316.8,227.0,0.4159,1
5283,220.125,72.9,3.6,316.7,226.9,0.4102,1
5284,220.1667,72.6,3.7,316.7,227.2,0.4191,1
5285,220.2083,72.5,3.6,317.0,224.1,0.4874,1
5286,220.25,73.2,3.6,316.8,225.9,0.4174,1
5287,220.2917,72.8,3.7,316.7,225.7,0.4082,1
5288,220.3333,73.8,3.8,316.9,227.0,0.3985,1
5289,220.375,75.0,3.8,316.7,224.1,0.4394,1
5290,220.4167,74.3,3.9,317.3,223.1,0.5312,1
5291,220.4583,74.4,3.9,317.3,223.2,0.514,1
5292,220.5,74.6,3.9,317.1,223.7,0.5109,1
5293,220.5417,73.3,3.9,316.8,225.0,0.4608,1
5294,220.5833,72.7,3.8,316.7,227.1,0.4041,1
5295,220.625,73.0,3.8,316.7,226.8,0.4089,1
5296,220.6667,73.4,3.9,316.7,226.1,0.4236,1
5297,220.7083,72.6,3.6,317.0,226.3,0.3969,1
5298,220.75,73.4,3.6,316.8,225.8,0.4688,1
5299,220.7917,73.7,3.7,316.7,225.6,0.4763,1
5300,220.8333,72.9,3.6,316.8,225.4,0.5053,1
5301,220.875,72.8,3.8,316.9,225.0,0.4956,1
5302,220.9167,73.4,3.7,317.0,224.3,0.4647,1
5303,220.9583,74.0,3.8,316.8,224.6,0.4865,1
5304,221.0,74.9,3.8,316.9,224.1,0.4628,1
5305,221.0417,74.6,3.9,316.9,224.5,0.4631,1
5306,221.0833,74.2,3.8,316.8,225.4,0.4163,1
5307,221.125,74.3,3.8,316.8,225.3,0.4224,1
5308,221.1667,74.0,3.8,316.7,225.6,0.4443,1
5309,221.2083,73.9,3.8,316.7,224.7,0.4526,1
5310,221.25,73.1,3.7,316.8,224.1,0.4965,1
5311,221.2917,73.1,3.7,316.8,224.1,0.4874,1
5312,221.3333,74.8,3.8,316.7,223.7,0.4632,1
5313,221.375,73.4,3.6,316.7,223.5,0.5,1
5314,221.4167,73.9,3.7,316.9,223.7,0.4899,1
5315,221.4583,73.7,3.7,316.9,223.6,0.4965,1
5316,221.5,73.3,3.8,316.9,223.6,0.5132,1
5317,221.5417,73.2,3.7,316.7,224.4,0.489,1
5318,221.5833,73.2,3.6,316.6,225.4,0.4518,1
5319,221.625,72.8,3.6,316.6,225.4,0.4524,1
5320,221.6667,71.7,3.8,316.9,225.5,0.4272,1
5321,221.7083,72.7,3.8,316.8,225.8,0.4322,1
5322,221.75,71.2,3.7,316.8,226.3,0.4519,1
5323,221.7917,71.2,3.8,316.8,226.2,0.4509,1
5324,221.8333,72.2,3.9,316.6,226.1,0.4211,1
5325,221.875,71.4,3.7,316.7,227.2,0.3872,1
5326,221.9167,70.9,3.7,316.9,226.4,0.4075,1
5327,221.9583,70.9,3.7,316.8,226.5,0.4191,1
5328,222.0,71.6,3.7,316.6,227.1,0.4262,1
5329,222.0417,71.7,3.7,316.4,228.7,0.4349,1
5330,222.0833,72.7,3.8,316.5,228.5,0.3953,1
5331,222.125,72.2,3.8,316.5,228.5,0.4035,1
5332,222.1667,72.5,3.8,316.6,228.6,0.3909,1
5333,222.2083,73.1,3.8,316.6,228.3,0.3628,1
5334,222.25,73.3,3.9,316.6,227.9,0.388,1
5335,222.2917,73.2,3.8,316.6,227.9,0.3917,1
5336,222.3333,74.3,3.8,316.7,227.3,0.4031,1
5337,222.375,72.6,3.8,316.8,225.7,0.45,1
5338,222.4167,71.7,3.8,316.9,226.4,0.4363,1
5339,222.4583,71.8,3.8,316.9,226.0,0.4437,1
5340,222.5,72.8,3.7,316.6,226.4,0.4405,1
5341,222.5417,72.5,3.7,316.6,226.2,0.4327,1
5342,222.5833,71.0,3.5,316.7,227.1,0.4263,1
5343,222.625,71.2,3.6,316.7,227.1,0.433,1
5344,222.6667,73.0,3.8,316.8,227.3,0.4308,1
5345,222.7083,72.9,3.9,316.7,226.0,0.4501,1
5346,222.75,72.7,3.6,316.5,226.1,0.4547,1
5347,222.7917,72.7,3.6,316.6,226.0,0.4596,1
5348,222.8333,73.4,3.9,316.7,226.6,0.433,1
5349,222.875,72.0,3.9,316.7,226.3,0.507,1
5350,222.9167,71.5,3.8,316.6,226.6,0.4686,1
5351,222.9583,71.8,3.8,316.7,226.2,0.463,1
5352,223.0,72.1,3.8,316.6,227.6,0.4345,1
5353,223.0417,72.0,3.5,316.5,228.0,0.445,1
5354,223.0833,72.1,3.5,316.5,228.3,0.4519,1
5355,223.125,71.9,3.5,316.6,228.3,0.4572,1
5356,223.1667,72.4,3.5,316.4,228.5,0.4288,1
5357,223.2083,73.3,3.5,316.6,227.2,0.4406,1
5358,223.25,73.4,3.5,316.6,227.3,0.4365,1
5359,223.2917,72.9,3.5,316.6,227.2,0.4315,1
5360,223.3333,74.0,3.6,316.6,228.1,0.419,1
5361,223.375,72.6,3.7,316.6,228.5,0.4161,1
5362,223.4167,73.2,3.7,316.6,227.9,0.4415,1
5363,223.4583,73.3,3.7,316.6,227.8,0.4485,1
5364,223.5,73.0,3.6,316.5,228.0,0.4371,1
5365,223.5417,76.0,3.8,316.5,227.1,0.4313,1
5366,223.5833,76.0,3.6,316.4,228.6,0.4438,1
5367,223.625,75.8,3.6,316.5,228.4,0.4426,1
5368,223.6667,75.6,3.7,316.5,228.4,0.4068,1
5369,223.7083,74.6,3.7,316.7,229.0,0.3869,1
5370,223.75,74.9,3.6,316.6,229.3,0.3447,1
5371,223.7917,74.9,3.5,316.6,229.6,0.3492,1
5372,223.8333,75.2,3.5,316.5,229.1,0.3243,1
5373,223.875,73.8,3.6,316.5,228.1,0.4043,1
5374,223.9167,73.9,3.6,316.7,228.4,0.3931,1
5375,223.9583,73.4,3.6,316.6,228.6,0.3866,1
5376,224.0,72.6,3.7,316.6,228.8,0.4103,1
5377,224.0417,73.9,3.7,316.4,228.9,0.3314,1
5378,224.0833,74.6,3.7,316.5,229.4,0.3453,1
5379,224.125,74.3,3.7,316.5,229.5,0.337,1
5380,224.1667,73.9,3.8,316.7,229.5,0.3628,1
5381,224.2083,74.3,3.8,316.7,228.8,0.4131,1
5382,224.25,76.0,3.7,316.6,229.6,0.4004,1
5383,224.2917,76.1,3.7,316.6,229.5,0.3846,1
5384,224.3333,75.6,3.8,316.7,229.7,0.3584,1
5385,224.375,74.1,3.8,316.9,228.6,0.3872,1
5386,224.4167,73.7,3.7,316.6,228.8,0.4167,1
5387,224.4583,73.7,3.7,316.6,228.8,0.4033,1
5388,224.5,73.4,3.5,316.6,228.5,0.4011,1
5389,224.5417,73.7,3.6,316.5,228.7,0.4186,1
5390,224.5833,74.1,3.7,316.5,227.9,0.4494,1
5391,224.625,74.1,3.7,316.5,227.9,0.4492,1
5392,224.6667,73.7,3.7,316.6,227.6,0.452,1
5393,224.7083,73.8,3.7,316.5,227.8,0.4491,1
5394,224.75,73.4,3.8,316.6,226.7,0.4316,1
5395,224.7917,73.3,3.7,316.6,226.8,0.4213,1
5396,224.8333,72.9,3.8,316.6,227.0,0.4074,1
5397,224.875,73.9,3.6,316.6,227.8,0.3854,1
5398,224.9167,72.4,3.7,316.7,227.8,0.3635,1
5399,224.9583,73.1,3.7,316.8,227.8,0.3594,1
5400,225.0,73.2,3.5,316.7,228.5,0.3257,1
5401,225.0417,73.9,3.7,316.8,227.3,0.401,1
5402,225.0833,75.0,3.6,316.7,226.2,0.4126,1
5403,225.125,74.6,3.5,316.7,226.2,0.4068,1
5404,225.1667,74.2,3.6,316.6,226.4,0.4018,1
5405,225.2083,74.6,3.6,316.5,226.2,0.396,1
5406,225.25,74.4,3.6,316.5,226.5,0.3899,1
5407,225.2917,74.5,3.6,316.5,226.4,0.4016,1
5408,225.3333,74.7,3.5,316.5,227.0,0.3972,1
5409,225.375,73.4,3.7,316.6,227.3,0.4318,1
5410,225.4167,73.9,3.9,316.5,227.3,0.3944,1
5411,225.4583,73.6,3.9,316.5,227.4,0.3936,1
5412,225.5,73.4,3.7,316.4,227.4,0.4013,1
5413,225.5417,73.6,3.7,316.6,227.6,0.3911,1
5414,225.5833,73.9,3.8,316.4,227.3,0.3731,1
5415,225.625,73.9,3.8,316.4,227.3,0.3737,1
5416,225.6667,72.9,3.9,316.4,227.9,0.3659,1
5417,225.7083,72.9,3.9,316.2,228.9,0.3211,1
5418,225.75,70.8,3.7,316.6,228.6,0.3189,1
5419,225.7917,71.7,3.7,316.6,228.6,0.3288,1
5420,225.8333,72.7,3.8,316.9,228.1,0.3971,1
5421,225.875,71.7,3.8,316.9,226.8,0.4514,1
5422,225.9167,73.4,4.1,316.7,227.1,0.4255,1
5423,225.9583,73.4,4.0,316.6,227.1,0.4284,1
5424,226.0,72.7,4.0,316.8,226.8,0.4285,1
5425,226.0417,73.8,3.9,316.8,227.1,0.3902,1
5426,226.0833,74.8,4.0,316.9,226.5,0.4338,1
5427,226.125,74.9,3.9,316.9,226.5,0.4274,1
5428,226.1667,75.5,3.9,316.9,226.7,0.4437,1
5429,226.2083,73.1,3.8,317.0,226.9,0.4111,1
5430,226.25,71.9,3.7,317.2,226.5,0.4311,1
5431,226.2917,72.2,3.7,317.2,226.7,0.4272,1
5432,226.3333,73.8,3.7,317.0,226.5,0.4252,1
5433,226.375,74.4,3.8,316.7,228.3,0.4048,1
5434,226.4167,73.8,3.9,316.9,227.8,0.4481,1
5435,226.4583,73.5,3.9,316.9,227.8,0.4482,1
5436,226.5,73.2,3.9,317.0,227.2,0.4427,1
5437,226.5417,72.6,3.8,317.1,227.0,0.4226,1
5438,226.5833,72.5,3.9,317.1,226.9,0.4333,1
5439,226.625,72.8,3.9,317.1,226.9,0.4324,1
5440,226.6667,73.2,3.9,317.2,226.9,0.4484,1
5441,226.7083,73.8,3.9,317.3,226.8,0.4352,1
5442,226.75,75.0,4.0,317.0,227.1,0.4629,1
5443,226.7917,74.9,4.0,317.1,226.9,0.4566,1
5444,226.8333,74.0,4.0,317.1,226.7,0.453,1
5445,226.875,73.5,3.9,317.3,226.6,0.4919,1
5446,226.9167,72.9,3.8,317.3,226.0,0.5082,1
5447,226.9583,73.1,3.8,317.3,226.1,0.5007,1
5448,227.0,74.5,3.9,317.0,228.1,0.3394,1
5449,227.0417,74.1,3.7,317.2,227.7,0.3288,1
5450,227.0833,75.5,3.9,317.1,226.6,0.3744,1
5451,227.125,75.6,3.9,317.1,226.6,0.3725,1
5452,227.1667,76.0,3.7,317.2,227.1,0.3416,1
5453,227.2083,75.3,3.8,316.9,228.4,0.3514,1
5454,227.25,74.9,3.7,316.9,227.9,0.3212,1
5455,227.2917,75.0,3.7,316.8,227.8,0.3043,1
5456,227.3333,75.0,3.6,316.9,228.2,0.3047,1
5457,227.375,74.9,3.8,316.9,227.6,0.3737,1
5458,227.4167,73.5,3.7,317.1,228.5,0.3064,1
5459,227.4583,73.4,3.8,317.1,228.6,0.3041,1
5460,227.5,73.9,3.8,317.1,228.6,0.2975,1
5461,227.5417,73.4,3.5,317.2,227.1,0.3838,1
5462,227.5833,74.1,3.6,317.3,227.2,0.3806,1
5463,227.625,73.9,3.6,317.2,227.2,0.3759,1
5464,227.6667,74.2,3.6,317.1,227.5,0.4285,1
5465,227.7083,74.5,3.6,317.1,226.8,0.3848,1
5466,227.75,74.8,3.6,317.1,226.4,0.3783,1
5467,227.7917,74.5,3.5,317.1,226.4,0.395,1
5468,227.8333,75.7,3.4,317.0,226.9,0.368,1
5469,227.875,74.4,3.6,317.1,227.0,0.4231,1
5470,227.9167,75.1,3.7,317.1,226.6,0.4728,1
5471,227.9583,74.9,3.7,317.1,226.6,0.4723,1
5472,228.0,77.2,3.7,316.7,227.0,0.4327,1
5473,228.0417,77.0,3.7,316.4,228.9,0.3698,1
5474,228.0833,77.5,3.8,316.4,228.7,0.3665,1
5475,228.125,77.4,3.8,316.3,228.8,0.3462,1
5476,228.1667,77.8,3.9,316.5,229.2,0.3916,1
5477,228.2083,77.0,3.8,316.5,228.8,0.4329,1
5478,228.25,76.0,3.7,317.0,228.3,0.4172,1
5479,228.2917,76.0,3.9,317.0,228.3,0.4079,1
5480,228.3333,76.7,3.8,316.6,228.9,0.4074,1
5481,228.375,75.7,3.9,316.7,228.9,0.3725,1
5482,228.4167,75.9,3.9,316.8,228.5,0.3988,1
5483,228.4583,76.1,3.9,316.8,228.5,0.3925,1
5484,228.5,77.1,3.8,316.6,228.1,0.3782,1
5485,228.5417,76.8,3.8,316.5,226.9,0.3955,1
5486,228.5833,77.1,3.7,316.3,227.5,0.3423,1
5487,228.625,77.1,3.7,316.3,227.5,0.3344,1
5488,228.6667,76.0,3.6,316.3,227.7,0.357,1
5489,228.7083,74.0,3.8,316.9,226.9,0.3817,1
5490,228.75,74.8,3.8,317.0,226.8,0.3489,1
5491,228.7917,74.8,3.8,317.1,226.8,0.3605,1
5492,228.8333,74.7,3.8,317.0,227.1,0.3323,1
5493,228.875,76.5,3.9,316.7,227.3,0.3779,1
5494,228.9167,74.8,4.0,317.1,224.9,0.4762,1
5495,228.9583,74.8,4.0,317.1,224.9,0.4765,1
5496,229.0,74.7,4.0,317.0,225.7,0.4193,1
5497,229.0417,75.5,3.9,316.7,226.7,0.3943,1
5498,229.0833,75.7,4.0,316.8,227.1,0.3727,1
5499,229.125,75.7,4.0,316.7,227.4,0.369,1
5500,229.1667,75.1,4.0,316.8,226.9,0.4082,1
5501,229.2083,75.1,4.0,316.9,226.6,0.3891,1
5502,229.25,74.7,4.0,316.9,226.7,0.3729,1
5503,229.2917,74.8,4.0,316.9,226.8,0.3703,1
5504,229.3333,75.5,4.1,316.7,227.5,0.3652,1
5505,229.375,76.5,4.1,316.9,226.9,0.4316,1
5506,229.4167,76.2,4.3,316.8,228.2,0.4317,1
5507,229.4583,76.4,4.2,316.8,228.2,0.4317,1
5508,229.5,75.8,4.1,316.7,227.9,0.4297,1
5509,229.5417,75.1,4.0,317.0,226.1,0.4296,1
5510,229.5833,75.4,4.1,317.0,226.1,0.4277,1
5511,229.625,74.9,4.1,317.0,226.1,0.4248,1
5512,229.6667,76.1,4.1,316.8,226.4,0.4087,1
5513,229.7083,75.0,4.0,317.0,226.0,0.4097,1
5514,229.75,74.8,3.9,316.9,226.6,0.3963,1
5515,229.7917,74.4,3.9,316.9,226.7,0.3829,1
5516,229.8333,74.4,3.8,317.0,227.6,0.3609,1
5517,229.875,74.5,3.9,317.0,226.6,0.3563,1
5518,229.9167,74.2,3.9,316.9,227.0,0.3792,1
5519,229.9583,74.2,3.9,316.9,227.0,0.3841,1
5520,230.0,,,,,,
5521,230.0417,74.2,3.6,316.5,226.0,0.1162,1
5522,230.0833,73.8,3.7,316.4,225.2,0.1365,1
5523,230.125,73.2,3.7,316.5,225.1,0.1696,1
5524,230.1667,,,,,,
5525,230.2083,,,,,,
5526,230.25,,,,,,
5527,230.2917,,,,,,
5528,230.3333,73.8,4.0,316.7,227.2,0.1308,1
5529,230.375,75.9,4.0,316.7,225.8,0.2088,1
5530,230.4167,76.0,4.0,316.6,225.9,0.2192,1
5531,230.4583,75.5,4.0,316.7,225.6,0.2185,1
5532,230.5,76.4,3.9,316.9,226.4,0.1877,1
5533,230.5417,75.4,3.9,316.9,225.6,0.1502,1
5534,230.5833,75.9,3.9,316.6,225.5,0.1687,1
5535,230.625,75.6,3.9,316.8,225.1,0.1522,1
5536,230.6667,76.1,3.9,316.8,226.7,0.1498,1
5537,230.7083,76.4,3.9,317.0,226.3,0.1158,1
5538,230.75,76.5,4.0,316.9,225.9,0.1143,1
5539,230.7917,77.0,4.1,316.9,225.7,0.1284,1
5540,230.8333,77.2,4.2,317.0,224.8,0.1115,1
5541,230.875,77.2,4.1,317.0,225.6,0.2339,1
5542,230.9167,76.8,4.0,316.8,225.7,0.1822,1
5543,230.9583,76.9,4.0,316.8,225.8,0.1759,1
5544,231.0,77.8,4.1,316.8,225.4,0.2222,1
5545,231.0417,77.3,4.0,317.0,225.1,0.166,1
5546,231.0833,77.0,4.1,316.8,226.0,0.1888,1
5547,231.125,76.5,4.1,316.8,225.9,0.1899,1
5548,231.1667,76.7,4.0,316.8,226.1,0.1937,1
5549,231.2083,76.6,3.9,316.9,224.7,0.2441,1
5550,231.25,75.9,4.0,316.9,226.1,0.195,1
5551,231.2917,75.8,4.0,316.9,226.1,0.2004,1
5552,231.3333,75.4,4.0,317.2,224.8,0.2288,1
5553,231.375,73.9,4.1,317.3,225.6,0.1597,1
5554,231.4167,74.6,4.1,317.3,224.3,0.1765,1
5555,231.4583,74.9,4.1,317.3,224.5,0.1746,1
5556,231.5,73.4,4.0,317.3,224.6,0.1783,1
5557,231.5417,75.5,4.1,317.2,224.9,0.2257,1
5558,231.5833,76.6,4.1,317.1,225.9,0.2092,1
5559,231.625,76.7,4.1,317.1,225.8,0.2078,1
5560,231.6667,76.0,4.2,317.1,225.8,0.21,1
5561,231.7083,74.8,4.2,317.2,225.4,0.1547,1
5562,231.75,76.0,4.2,317.0,226.8,0.1845,1
5563,231.7917,75.6,4.1,317.0,226.9,0.1834,1
5564,231.8333,76.4,4.2,317.0,226.8,0.1706,1
5565,231.875,76.1,4.2,317.2,226.1,0.1552,1
5566,231.9167,75.2,4.2,317.4,225.7,0.1875,1
5567,231.9583,75.1,4.2,317.4,225.5,0.187,1
5568,232.0,75.9,4.2,317.0,227.3,0.1998,1
5569,232.0417,75.3,4.1,316.9,226.3,0.2353,1
5570,232.0833,75.8,4.0,317.0,226.5,0.2554,1
5571,232.125,75.8,4.0,317.0,226.5,0.2595,1
5572,232.1667,76.3,4.1,317.1,226.3,0.2799,1
5573,232.2083,76.5,4.1,316.9,227.1,0.2609,1
5574,232.25,76.7,4.1,317.0,228.8,0.1933,1
5575,232.2917,76.8,4.1,317.0,228.7,0.1917,1
5576,232.3333,76.7,4.0,316.7,230.7,0.2122,1
5577,232.375,77.8,4.0,316.7,229.1,0.2646,1
5578,232.4167,76.4,4.1,316.6,229.1,0.2813,1
5579,232.4583,76.2,4.1,316.6,229.1,0.2821,1
5580,232.5,76.6,4.2,316.8,228.3,0.2923,1
5581,232.5417,75.9,4.1,316.8,230.0,0.2538,1
5582,232.5833,77.0,4.2,316.7,230.1,0.2748,1
5583,232.625,77.2,4.1,316.7,230.1,0.2723,1
5584,232.6667,77.1,4.2,316.7,230.2,0.2621,1
5585,232.7083,77.5,4.1,316.7,230.4,0.2076,1
5586,232.75,77.6,4.2,316.8,230.4,0.2521,1
5587,232.7917,77.6,4.2,316.8,230.4,0.253,1
5588,232.8333,77.1,4.1,316.8,230.0,0.254,1
5589,232.875,77.1,4.1,316.7,228.4,0.2336,1
5590,232.9167,76.7,4.0,316.9,227.4,0.34,1
5591,232.9583,76.0,4.0,316.9,227.5,0.3146,1
5592,233.0,76.1,4.0,316.9,226.6,0.3658,1
5593,233.0417,76.3,4.1,316.7,227.7,0.3439,1
5594,233.0833,76.3,4.1,316.7,229.4,0.3184,1
5595,233.125,76.2,4.1,316.7,229.4,0.3255,1
5596,233.1667,76.6,4.1,316.6,229.0,0.349,1
5597,233.2083,77.7,4.1,316.3,230.1,0.2769,1
5598,233.25,76.4,4.2,316.3,228.1,0.3378,1
5599,233.2917,76.0,4.1,316.4,228.0,0.3263,1
5600,233.3333,76.9,4.1,316.3,227.3,0.3307,1
5601,233.375,76.1,4.1,316.4,227.6,0.3329,1
5602,233.4167,76.5,4.1,316.2,224.9,0.3909,1
5603,233.4583,76.7,4.1,316.3,224.9,0.3818,1
5604,233.5,75.4,4.1,316.3,226.6,0.3744,1
5605,233.5417,74.4,4.1,316.3,228.1,0.3432,1
5606,233.5833,75.8,4.1,316.4,226.5,0.3763,1
5607,233.625,75.6,3.9,316.4,226.7,0.3753,1
5608,233.6667,77.1,4.0,316.1,226.8,0.376,1
5609,233.7083,76.1,3.9,316.4,225.5,0.3493,1
5610,233.75,76.4,3.7,316.2,226.2,0.3216,1
5611,233.7917,77.2,3.7,316.2,226.2,0.3076,1
5612,233.8333,77.8,3.7,316.3,226.5,0.3114,1
5613,233.875,76.4,3.6,316.5,226.7,0.3334,1
5614,233.9167,75.2,3.6,316.2,227.3,0.3486,1
5615,233.9583,75.2,3.8,316.2,227.5,0.3326,1
5616,234.0,74.9,3.9,316.1,227.3,0.3348,1
5617,234.0417,75.9,4.0,316.2,226.8,0.3734,1
5618,234.0833,75.4,4.1,316.1,227.3,0.3751,1
5619,234.125,75.7,4.1,316.1,227.3,0.3724,1
5620,234.1667,75.4,4.1,316.1,228.0,0.3141,1
5621,234.2083,75.3,4.1,316.1,227.5,0.321,1
5622,234.25,74.8,3.9,316.0,227.0,0.3276,1
5623,234.2917,75.1,3.9,316.0,227.1,0.3129,1
5624,234.3333,75.3,4.0,316.2,227.1,0.3454,1
5625,234.375,75.2,3.9,316.3,229.4,0.2286,1
5626,234.4167,75.7,4.0,316.2,227.2,0.3354,1
5627,234.4583,75.5,4.0,316.3,227.2,0.3518,1
5628,234.5,75.8,4.0,316.1,228.2,0.348,1
5629,234.5417,76.9,3.9,316.1,228.1,0.3612,1
5630,234.5833,75.7,4.0,316.2,228.6,0.3179,1
5631,234.625,75.6,4.0,316.2,228.6,0.3282,1
5632,234.6667,76.5,4.0,316.1,229.4,0.3038,1
5633,234.7083,76.3,3.9,316.1,230.3,0.2703,1
5634,234.75,77.5,3.9,316.0,229.8,0.2445,1
5635,234.7917,76.9,3.9,316.0,229.8,0.2563,1
5636,234.8333,77.0,3.9,316.0,230.1,0.2297,1
5637,234.875,77.1,3.9,316.2,229.6,0.2434,1
5638,234.9167,76.1,3.9,316.1,229.4,0.2307,1
5639,234.9583,76.5,3.9,316.1,229.3,0.2231,1
5640,235.0,76.1,3.9,316.1,229.8,0.255,1
5641,235.0417,76.2,4.0,316.1,229.6,0.2612,1
5642,235.0833,75.1,4.0,316.1,229.8,0.2668,1
5643,235.125,75.0,4.0,316.2,229.8,0.2646,1
5644,235.1667,75.5,4.1,316.2,229.0,0.302,1
5645,235.2083,74.9,3.9,316.1,229.4,0.2764,1
5646,235.25,73.9,3.9,316.2,229.9,0.276,1
5647,235.2917,73.8,3.9,316.2,229.8,0.2539,1
5648,235.3333,74.7,3.9,316.2,229.3,0.3133,1
5649,235.375,74.7,3.9,316.2,229.2,0.2907,1
5650,235.4167,73.2,3.8,316.1,228.8,0.2987,1
5651,235.4583,73.1,3.8,316.1,228.8,0.316,1
5652,235.5,73.7,3.8,316.1,228.9,0.2499,1
5653,235.5417,73.6,3.7,316.1,228.9,0.2854,1
5654,235.5833,75.4,3.8,316.0,229.6,0.255,1
5655,235.625,75.3,3.8,316.0,229.6,0.25,1
5656,235.6667,75.5,3.9,316.1,229.3,0.2672,1
5657,235.7083,75.5,3.7,316.0,230.8,0.2065,1
5658,235.75,75.9,3.7,316.0,230.1,0.205,1
5659,235.7917,75.8,3.7,316.0,230.0,0.2146,1
5660,235.8333,75.6,3.9,315.9,230.4,0.2222,1
5661,235.875,76.4,3.9,315.9,229.7,0.286,1
5662,235.9167,76.5,3.9,315.9,230.7,0.2596,1
5663,235.9583,76.0,3.9,315.9,230.7,0.2677,1
5664,236.0,77.0,4.0,315.9,230.3,0.2503,1
5665,236.0417,76.0,3.8,316.1,229.8,0.235,1
5666,236.0833,76.6,3.9,316.0,230.4,0.2364,1
5667,236.125,76.4,3.9,316.0,230.4,0.2496,1
5668,236.1667,76.0,3.9,316.0,230.3,0.2277,1
5669,236.2083,76.2,3.8,316.1,230.4,0.1897,1
5670,236.25,76.4,3.9,316.0,228.8,0.2493,1
5671,236.2917,76.4,3.9,316.0,228.8,0.239,1
5672,236.3333,75.2,3.9,316.1,228.8,0.2173,1
5673,236.375,77.3,4.0,315.9,229.1,0.2368,1
5674,236.4167,74.5,3.8,316.1,228.6,0.2622,1
5675,236.4583,74.4,3.9,316.0,228.7,0.2531,1
5676,236.5,75.1,3.9,316.1,228.7,0.2278,1
5677,236.5417,75.5,3.9,316.0,228.2,0.2379,1
5678,236.5833,75.2,3.9,316.0,228.5,0.2169,1
5679,236.625,75.4,3.9,316.0,228.6,0.2082,1
5680,236.6667,75.5,3.9,316.0,229.6,0.1618,1
5681,236.7083,75.8,4.0,316.1,228.6,0.2137,1
5682,236.75,78.0,4.0,316.1,229.2,0.1883,1
5683,236.7917,78.2,4.0,316.0,229.2,0.1861,1
5684,236.8333,77.7,4.0,316.1,229.2,0.1999,1
5685,236.875,77.6,4.0,316.1,229.5,0.2042,1
5686,236.9167,75.9,4.0,316.0,229.5,0.2962,1
5687,236.9583,76.2,4.0,316.1,229.6,0.3023,1
5688,237.0,77.2,3.9,315.9,229.3,0.3062,1
5689,237.0417,76.0,4.0,316.1,228.3,0.3143,1
5690,237.0833,76.6,4.1,316.2,228.2,0.3469,1
5691,237.125,76.4,4.1,316.2,228.2,0.3408,1
5692,237.1667,75.8,4.1,316.2,229.0,0.3195,1
5693,237.2083,76.8,4.2,316.1,229.3,0.2867,1
5694,237.25,76.8,4.1,316.2,229.4,0.304,1
5695,237.2917,76.5,4.0,316.2,229.4,0.2804,1
5696,237.3333,76.8,4.0,316.2,229.6,0.2714,1
5697,237.375,77.7,4.0,316.2,229.7,0.2415,1
5698,237.4167,76.6,4.0,316.2,230.3,0.3078,1
5699,237.4583,76.7,4.1,316.2,230.3,0.3034,1
5700,237.5,76.1,4.0,316.1,229.2,0.3419,1
5701,237.5417,75.7,3.9,316.2,229.7,0.297,1
5702,237.5833,75.9,4.1,316.2,230.2,0.2845,1
5703,237.625,75.6,4.2,316.3,230.1,0.2924,1
5704,237.6667,76.0,4.2,316.3,229.9,0.3304,1
5705,237.7083,75.1,4.1,316.2,229.3,0.3171,1
5706,237.75,74.3,4.1,316.2,229.3,0.2505,1
5707,237.7917,74.4,4.1,316.2,229.2,0.2465,1
5708,237.8333,74.2,4.0,316.1,229.2,0.2579,1
5709,237.875,75.2,3.9,316.0,229.5,0.2107,1
5710,237.9167,76.0,4.0,316.2,230.2,0.1687,1
5711,237.9583,75.6,4.0,316.3,230.2,0.1709,1
5712,238.0,75.6,4.0,316.2,229.9,0.2397,1
5713,238.0417,75.7,4.0,316.3,230.4,0.1888,1
5714,238.0833,75.5,4.1,316.3,229.8,0.2958,1
5715,238.125,75.4,4.1,316.3,229.8,0.2957,1
5716,238.1667,74.9,4.0,316.2,230.4,0.2891,1
5717,238.2083,74.0,3.9,316.2,230.5,0.2249,1
5718,238.25,75.7,3.9,316.2,229.7,0.2413,1
5719,238.2917,75.1,3.9,316.1,229.5,0.2357,1
5720,238.3333,75.9,4.0,316.1,229.8,0.25,1
5721,238.375,77.1,4.0,316.0,229.9,0.1874,1
5722,238.4167,76.0,4.2,316.2,229.7,0.2357,1
5723,238.4583,76.1,4.2,316.2,229.7,0.2347,1
5724,238.5,75.8,4.1,316.1,229.9,0.2487,1
5725,238.5417,76.6,4.2,316.2,230.0,0.2327,1
5726,238.5833,77.5,4.2,316.2,230.3,0.2395,1
5727,238.625,77.5,4.1,316.2,230.4,0.225,1
5728,238.6667,76.1,4.2,316.3,230.3,0.2393,1
5729,238.7083,76.1,4.1,316.2,230.0,0.2258,1
5730,238.75,75.2,4.2,316.1,230.2,0.2329,1
5731,238.7917,75.8,4.2,316.1,230.3,0.241,1
5732,238.8333,75.5,4.1,316.1,230.0,0.2271,1
5733,238.875,74.7,4.1,316.1,230.2,0.2459,1
5734,238.9167,74.0,4.1,316.3,230.3,0.383,1
5735,238.9583,73.9,4.1,316.3,230.3,0.3752,1
5736,239.0,74.6,4.2,316.1,229.3,0.407,1
5737,239.0417,74.7,4.3,316.1,229.5,0.3911,1
5738,239.0833,75.5,4.3,316.1,229.8,0.3639,1
5739,239.125,75.3,4.3,316.1,229.8,0.3652,1
5740,239.1667,75.6,4.3,316.2,229.7,0.3645,1
5741,239.2083,75.0,4.2,316.1,229.5,0.3292,1
5742,239.25,75.4,4.2,316.0,229.7,0.3155,1
5743,239.2917,75.5,4.2,316.0,229.9,0.2887,1
5744,239.3333,76.7,4.1,316.0,229.8,0.2692,1
5745,239.375,76.8,4.1,316.1,230.1,0.2537,1
5746,239.4167,77.1,4.2,315.9,230.1,0.2865,1
5747,239.4583,77.2,4.2,315.9,230.1,0.2854,1
5748,239.5,75.5,4.2,316.0,229.5,0.2829,1
5749,239.5417,75.7,4.1,316.0,229.1,0.3159,1
5750,239.5833,76.1,4.1,316.1,229.1,0.3138,1
5751,239.625,76.4,4.1,316.1,229.1,0.3129,1
5752,239.6667,76.1,4.2,316.1,227.9,0.3276,1
5753,239.7083,76.1,4.2,316.1,228.8,0.3202,1
5754,239.75,76.9,4.1,316.0,229.8,0.2856,1
5755,239.7917,76.7,4.1,316.0,229.9,0.2806,1
5756,239.8333,76.6,4.2,315.9,229.9,0.3239,1
5757,239.875,75.8,4.1,315.9,230.4,0.3195,1
5758,239.9167,76.2,4.2,316.2,230.4,0.314,1
5759,239.9583,76.5,4.1,316.1,230.4,0.3298,1
5760,240.0,72.2,3.4,316.9,223.9,0.3144,1
5761,240.0417,73.8,3.4,316.8,224.1,0.3508,1
5762,240.0833,73.6,3.6,316.8,223.7,0.3607,1
5763,240.125,73.2,3.5,316.8,223.7,0.3622,1
5764,240.1667,73.5,3.5,316.7,224.1,0.3687,1
5765,240.2083,75.0,3.6,316.3,225.9,0.2866,1
5766,240.25,76.2,3.6,316.3,227.2,0.2779,1
5767,240.2917,76.2,3.7,316.3,227.2,0.2688,1
5768,240.3333,76.0,3.7,316.3,226.0,0.3001,1
5769,240.375,74.5,3.5,316.4,225.5,0.3323,1
5770,240.4167,74.0,3.4,316.4,226.8,0.3024,1
5771,240.4583,73.8,3.5,316.4,227.4,0.3022,1
5772,240.5,74.2,3.6,316.6,227.2,0.2832,1
5773,240.5417,74.1,3.6,316.7,226.8,0.2767,1
5774,240.5833,74.6,3.5,316.6,224.4,0.3909,1
5775,240.625,75.0,3.5,316.6,224.4,0.388,1
5776,240.6667,74.7,3.6,316.6,224.5,0.3946,1
5777,240.7083,75.5,3.6,316.7,224.4,0.3761,1
5778,240.75,75.3,3.7,316.7,224.9,0.3825,1
5779,240.7917,75.3,3.7,316.8,224.9,0.3827,1
5780,240.8333,75.6,3.6,316.7,224.7,0.3709,1
5781,240.875,76.0,3.6,316.8,223.0,0.338,1
5782,240.9167,74.5,3.6,317.1,224.2,0.4205,1
5783,240.9583,74.0,3.6,317.1,223.9,0.4375,1
5784,241.0,73.8,3.6,317.1,223.5,0.4483,1
5785,241.0417,74.2,3.5,317.1,223.2,0.4706,1
5786,241.0833,76.0,3.6,317.0,223.0,0.4732,1
5787,241.125,75.7,3.6,317.0,223.0,0.4659,1
5788,241.1667,76.0,3.6,316.8,224.8,0.439,1
5789,241.2083,75.3,3.7,316.9,225.6,0.4485,1
5790,241.25,75.2,3.7,316.9,224.9,0.4629,1
5791,241.2917,75.4,3.6,316.9,224.9,0.463,1
5792,241.3333,74.9,3.6,316.8,225.5,0.4935,1
5793,241.375,76.7,3.7,316.5,225.3,0.4375,1
5794,241.4167,74.9,3.7,316.9,224.9,0.4398,1
5795,241.4583,74.9,3.7,317.0,224.9,0.4431,1
5796,241.5,76.0,3.7,316.8,225.0,0.4575,1
5797,241.5417,75.3,3.7,316.8,224.6,0.4805,1
5798,241.5833,74.6,3.7,317.0,223.1,0.4851,1
5799,241.625,74.0,3.6,317.0,223.1,0.4801,1
5800,241.6667,74.8,3.7,317.0,224.1,0.4546,1
5801,241.7083,74.4,3.7,316.8,224.6,0.4155,1
5802,241.75,75.2,3.7,316.8,225.2,0.39,1
5803,241.7917,74.9,3.7,316.7,225.4,0.4049,1
5804,241.8333,76.0,3.7,316.5,226.4,0.3705,1
5805,241.875,75.5,3.7,316.8,225.5,0.4115,1
5806,241.9167,74.8,3.7,316.8,225.8,0.3742,1
5807,241.9583,74.6,3.7,316.7,225.8,0.3752,1
5808,242.0,73.8,3.6,316.8,225.5,0.3671,1
5809,242.0417,75.5,3.6,316.9,226.3,0.3694,1
5810,242.0833,74.5,3.5,316.6,226.1,0.3502,1
5811,242.125,74.4,3.5,316.6,226.1,0.3476,1
5812,242.1667,74.5,3.6,316.5,225.6,0.3952,1
5813,242.2083,76.9,3.5,316.5,226.2,0.3535,1
5814,242.25,75.8,3.6,316.4,226.6,0.3435,1
5815,242.2917,76.0,3.5,316.4,226.6,0.3478,1
5816,242.3333,77.2,3.6,316.4,226.8,0.3446,1
5817,242.375,76.7,3.4,316.3,227.4,0.3647,1
5818,242.4167,76.7,3.7,316.4,227.1,0.3785,1
5819,242.4583,76.8,3.7,316.4,227.1,0.374,1
5820,242.5,75.8,3.6,316.4,227.5,0.3641,1
5821,242.5417,76.3,3.6,316.3,227.4,0.3276,1
5822,242.5833,76.8,3.5,316.3,227.5,0.333,1
5823,242.625,76.8,3.6,316.3,227.4,0.3491,1
5824,242.6667,77.3,3.6,316.2,227.4,0.3943,1
5825,242.7083,76.5,3.5,316.5,226.9,0.3434,1
5826,242.75,76.4,3.6,316.6,227.2,0.3512,1
5827,242.7917,76.8,3.6,316.6,227.3,0.3444,1
5828,242.8333,77.3,3.7,316.7,226.3,0.3249,1
5829,242.875,76.1,3.5,316.8,226.8,0.28,1
5830,242.9167,75.8,3.5,316.7,226.4,0.3455,1
5831,242.9583,75.9,3.6,316.7,226.4,0.3732,1
5832,243.0,76.6,3.6,316.6,226.2,0.3614,1
5833,243.0417,77.8,3.6,316.7,224.0,0.416,1
5834,243.0833,78.1,3.6,316.6,224.7,0.4166,1
5835,243.125,77.8,3.6,316.6,224.6,0.4172,1
5836,243.1667,77.8,3.5,316.9,224.4,0.4305,1
5837,243.2083,77.9,3.6,316.5,224.7,0.3703,1
5838,243.25,78.1,3.6,316.7,225.2,0.3237,1
5839,243.2917,77.9,3.6,316.7,225.2,0.3384,1
5840,243.3333,77.5,3.5,316.8,225.8,0.3389,1
5841,243.375,76.9,3.5,316.6,224.0,0.3974,1
5842,243.4167,76.7,3.6,316.6,226.2,0.3907,1
5843,243.4583,76.2,3.5,316.6,226.2,0.3863,1
5844,243.5,75.9,3.5,316.8,224.6,0.3893,1
5845,243.5417,75.2,3.6,316.8,224.1,0.3854,1
5846,243.5833,77.7,3.4,316.4,226.2,0.3244,1
5847,243.625,77.0,3.4,316.5,226.1,0.323,1
5848,243.6667,78.4,3.5,316.5,227.2,0.3314,1
5849,243.7083,78.4,3.5,316.5,227.6,0.2734,1
5850,243.75,77.0,3.6,316.5,227.2,0.3071,1
5851,243.7917,75.9,3.6,316.5,227.3,0.3107,1
5852,243.8333,75.7,3.5,316.5,227.1,0.334,1
5853,243.875,75.5,3.6,316.7,227.1,0.3433,1
5854,243.9167,75.1,3.6,316.7,226.9,0.3835,1
5855,243.9583,75.0,3.5,316.7,226.9,0.371,1
5856,244.0,74.3,3.6,316.8,226.2,0.4124,1
5857,244.0417,75.6,3.6,316.8,227.3,0.3473,1
5858,244.0833,74.7,3.5,316.8,226.7,0.3377,1
5859,244.125,74.3,3.5,316.8,226.9,0.328,1
5860,244.1667,74.8,3.7,316.8,226.7,0.3397,1
5861,244.2083,74.7,3.7,316.8,226.5,0.3619,1
5862,244.25,74.7,3.6,316.8,226.3,0.342,1
5863,244.2917,74.8,3.6,316.8,226.3,0.3329,1
5864,244.3333,74.5,3.6,316.7,226.2,0.3693,1
5865,244.375,75.3,3.5,316.6,226.7,0.351,1
5866,244.4167,74.6,3.6,316.6,226.2,0.3495,1
5867,244.4583,74.5,3.6,316.6,226.3,0.357,1
5868,244.5,74.9,3.6,316.5,227.2,0.2834,1
5869,244.5417,74.2,3.7,316.7,226.6,0.29,1
5870,244.5833,75.3,3.5,316.5,226.5,0.2902,1
5871,244.625,76.0,3.6,316.4,226.6,0.2848,1
5872,244.6667,77.0,3.7,316.5,227.5,0.2795,1
5873,244.7083,76.3,3.6,316.6,228.2,0.2066,1
5874,244.75,76.0,3.8,316.9,227.3,0.2023,1
5875,244.7917,75.7,3.8,316.9,227.2,0.1896,1
5876,244.8333,75.3,3.7,317.0,226.2,0.2477,1
5877,244.875,75.2,3.5,316.8,226.7,0.2217,1
5878,244.9167,74.8,3.6,316.8,227.7,0.2415,1
5879,244.9583,75.2,3.6,316.8,227.7,0.249,1
5880,245.0,75.5,3.5,316.7,227.2,0.2449,1
5881,245.0417,76.0,3.7,316.8,226.7,0.2815,1
5882,245.0833,76.7,3.8,316.6,227.4,0.2627,1
5883,245.125,76.7,3.8,316.6,227.5,0.2642,1
5884,245.1667,76.2,3.7,316.6,227.6,0.2934,1
5885,245.2083,76.6,3.7,316.4,228.1,0.2919,1
5886,245.25,76.1,3.7,316.4,229.0,0.2874,1
5887,245.2917,76.3,3.6,316.3,229.0,0.2654,1
5888,245.3333,75.9,3.7,316.5,228.9,0.2282,1
5889,245.375,75.2,3.5,316.6,228.2,0.2254,1
5890,245.4167,75.9,3.7,316.7,227.8,0.3111,1
5891,245.4583,75.8,3.7,316.7,227.8,0.322,1
5892,245.5,75.5,3.6,316.9,227.0,0.296,1
5893,245.5417,75.9,3.7,316.7,227.1,0.2939,1
5894,245.5833,75.6,3.7,316.8,227.0,0.2865,1
5895,245.625,76.0,3.7,316.8,226.9,0.2922,1
5896,245.6667,74.2,3.7,316.7,227.5,0.3355,1
5897,245.7083,75.4,3.7,316.7,228.1,0.3112,1
5898,245.75,75.7,3.8,316.8,228.1,0.3703,1
5899,245.7917,75.6,3.7,316.8,228.2,0.3373,1
5900,245.8333,75.4,3.7,316.7,229.1,0.2616,1
5901,245.875,74.4,3.6,317.0,229.7,0.2012,1
5902,245.9167,73.6,3.7,316.7,230.5,0.2466,1
5903,245.9583,73.6,3.7,316.8,230.1,0.2615,1
5904,246.0,75.0,3.6,316.9,229.6,0.2223,1
5905,246.0417,75.7,3.6,317.0,229.4,0.2251,1
5906,246.0833,75.9,3.7,317.0,227.9,0.252,1
5907,246.125,76.3,3.7,316.9,227.9,0.2412,1
5908,246.1667,77.0,3.8,316.7,228.2,0.2442,1
5909,246.2083,75.2,3.6,316.7,227.4,0.3016,1
5910,246.25,76.3,3.8,316.7,228.1,0.2646,1
5911,246.2917,76.6,3.8,316.7,228.1,0.2579,1
5912,246.3333,76.4,3.7,316.8,228.1,0.2245,1
5913,246.375,75.5,3.6,316.7,228.0,0.1904,1
5914,246.4167,76.2,3.8,316.7,228.4,0.2225,1
5915,246.4583,75.9,3.8,316.7,228.4,0.2048,1
5916,246.5,76.6,3.6,316.7,227.3,0.2103,1
5917,246.5417,76.6,3.9,316.6,228.1,0.2408,1
5918,246.5833,74.4,3.7,316.8,227.5,0.2375,1
5919,246.625,74.5,3.7,316.8,227.5,0.1891,1
5920,246.6667,76.1,3.7,316.6,227.9,0.2265,1
5921,246.7083,77.7,3.8,316.4,229.0,0.2013,1
5922,246.75,77.5,3.9,316.5,228.7,0.2426,1
5923,246.7917,77.6,3.7,316.6,228.7,0.2229,1
5924,246.8333,77.9,3.8,316.4,228.0,0.2712,1
5925,246.875,77.5,3.7,316.5,228.6,0.1835,1
5926,246.9167,75.1,3.8,316.9,228.1,0.3047,1
5927,246.9583,75.3,3.8,317.0,228.0,0.3055,1
5928,247.0,74.5,3.7,316.9,228.6,0.2467,1
5929,247.0417,74.7,3.7,316.7,228.3,0.2998,1
5930,247.0833,74.0,3.7,316.7,228.3,0.2515,1
5931,247.125,73.3,3.7,316.7,228.4,0.2541,1
5932,247.1667,72.9,3.7,316.8,228.9,0.2418,1
5933,247.2083,75.3,3.6,316.5,228.8,0.2214,1
5934,247.25,74.2,3.6,316.7,228.5,0.2282,1
5935,247.2917,74.1,3.6,316.8,228.6,0.2046,1
5936,247.3333,74.2,3.5,316.8,229.1,0.1599,1
5937,247.375,74.5,3.7,316.8,228.7,0.1417,1
5938,247.4167,75.2,3.8,316.6,230.1,0.2871,1
5939,247.4583,74.5,3.8,316.6,230.1,0.2901,1
5940,247.5,74.7,3.7,316.5,230.3,0.2542,1
5941,247.5417,74.7,3.8,316.5,230.3,0.3142,1
5942,247.5833,76.2,3.8,316.4,229.7,0.2927,1
5943,247.625,76.2,3.9,316.5,229.8,0.3184,1
5944,247.6667,76.5,3.9,316.6,229.7,0.3186,1
5945,247.7083,75.8,3.9,316.4,230.1,0.3003,1
5946,247.75,75.6,3.9,316.4,230.0,0.3194,1
5947,247.7917,75.6,3.9,316.4,230.1,0.309,1
5948,247.8333,76.1,3.9,316.5,229.9,0.3006,1
5949,247.875,77.5,3.8,316.5,228.0,0.2302,1
5950,247.9167,76.6,4.0,316.6,229.0,0.314,1
5951,247.9583,76.6,3.9,316.5,228.8,0.3188,1
5952,248.0,77.2,3.9,316.6,228.6,0.32,1
5953,248.0417,76.6,3.9,316.9,227.9,0.3303,1
5954,248.0833,76.7,3.9,316.9,227.8,0.2859,1
5955,248.125,76.5,3.8,317.0,227.8,0.2894,1
5956,248.1667,77.4,3.8,316.9,227.9,0.282,1
5957,248.2083,79.5,3.9,316.6,228.4,0.2755,1
5958,248.25,78.7,3.9,316.7,228.4,0.2626,1
5959,248.2917,78.9,4.0,316.8,228.5,0.2642,1
5960,248.3333,76.4,3.8,317.0,228.8,0.2047,1
5961,248.375,76.1,3.8,316.8,228.5,0.2277,1
5962,248.4167,73.6,3.8,316.8,229.0,0.2349,1
5963,248.4583,73.7,3.8,316.6,228.9,0.2496,1
5964,248.5,73.8,3.8,316.6,228.8,0.2422,1
5965,248.5417,75.0,3.8,316.9,228.4,0.2369,1
5966,248.5833,76.0,3.6,316.7,228.2,0.1824,1
5967,248.625,76.1,3.8,316.7,228.2,0.1899,1
5968,248.6667,75.2,3.8,316.9,229.9,0.1981,1
5969,248.7083,75.7,3.8,316.9,229.6,0.1713,1
5970,248.75,76.0,3.9,317.0,229.7,0.1762,1
5971,248.7917,75.4,3.8,317.0,229.8,0.1864,1
5972,248.8333,75.8,3.9,316.8,229.2,0.2074,1
5973,248.875,75.8,3.8,316.7,229.1,0.1589,1
5974,248.9167,75.0,3.9,316.7,229.4,0.2506,1
5975,248.9583,74.7,3.9,316.8,229.4,0.2378,1
5976,249.0,74.8,4.0,316.8,230.2,0.2544,1
5977,249.0417,75.1,4.0,316.7,230.0,0.2806,1
5978,249.0833,75.8,4.0,316.8,228.6,0.2929,1
5979,249.125,75.7,4.0,316.8,228.8,0.3045,1
5980,249.1667,76.2,3.9,316.7,230.2,0.2515,1
5981,249.2083,76.5,4.0,316.5,230.2,0.2465,1
5982,249.25,75.5,4.1,316.8,230.2,0.2656,1
5983,249.2917,75.6,4.0,316.8,230.2,0.267,1
5984,249.3333,75.9,4.0,316.8,229.8,0.2578,1
5985,249.375,76.2,3.9,316.3,230.3,0.1804,1
5986,249.4167,74.3,4.0,316.3,230.4,0.3103,1
5987,249.4583,74.4,3.9,316.2,230.3,0.3116,1
5988,249.5,73.9,3.9,316.4,230.6,0.2883,1
5989,249.5417,74.3,3.8,316.6,230.8,0.1969,1
5990,249.5833,74.5,3.9,316.6,230.7,0.2283,1
5991,249.625,74.8,3.9,316.6,230.7,0.2235,1
5992,249.6667,75.4,4.0,316.7,230.2,0.2715,1
5993,249.7083,75.3,3.9,316.6,230.5,0.2551,1
5994,249.75,75.6,3.9,316.6,230.5,0.2671,1
5995,249.7917,75.4,3.9,316.6,230.5,0.2722,1
5996,249.8333,76.6,3.9,316.4,230.1,0.2887,1
5997,249.875,77.0,3.9,316.4,229.3,0.2705,1
5998,249.9167,77.3,4.0,316.5,230.5,0.2104,1
5999,249.9583,77.2,4.0,316.5,230.5,0.2063,1
6000,250.0,75.3,3.7,316.4,224.9,0.2172,1
6001,250.0417,75.2,3.7,316.5,225.3,0.24,1
6002,250.0833,75.5,3.7,316.2,228.3,0.1624,1
6003,250.125,76.0,3.6,316.2,228.3,0.1646,1
6004,250.1667,75.6,3.6,316.1,228.6,0.1631,1
6005,250.2083,76.9,3.6,316.2,227.7,0.1631,1
6006,250.25,77.8,3.5,316.2,227.6,0.1947,1
6007,250.2917,77.8,3.6,316.5,227.5,0.2098,1
6008,250.3333,78.4,3.6,316.5,228.4,0.1829,1
6009,250.375,79.1,3.6,316.3,227.8,0.1676,1
6010,250.4167,75.6,3.5,316.5,227.5,0.1959,1
6011,250.4583,76.1,3.6,316.5,227.4,0.2012,1
6012,250.5,75.1,3.6,316.6,226.9,0.2762,1
6013,250.5417,75.9,3.7,316.8,226.4,0.2922,1
6014,250.5833,77.7,3.8,316.5,226.2,0.2652,1
6015,250.625,77.4,3.8,316.5,226.3,0.308,1
6016,250.6667,77.4,3.8,316.6,225.9,0.301,1
6017,250.7083,78.0,3.7,316.3,226.5,0.2681,1
6018,250.75,77.8,3.7,316.2,227.5,0.2305,1
6019,250.7917,78.1,3.7,316.2,227.7,0.2296,1
6020,250.8333,77.1,3.7,316.4,227.0,0.2432,1
6021,250.875,77.6,3.7,316.3,226.4,0.2601,1
6022,250.9167,76.1,3.8,316.3,227.4,0.3598,1
6023,250.9583,75.7,3.7,316.4,227.4,0.3655,1
6024,251.0,75.0,3.8,316.5,227.2,0.3985,1
6025,251.0417,76.1,3.9,316.5,227.4,0.414,1
6026,251.0833,76.0,3.7,316.1,227.5,0.3455,1
6027,251.125,76.1,3.8,316.1,227.6,0.3491,1
6028,251.1667,75.8,3.8,316.2,228.1,0.3455,1
6029,251.2083,76.4,3.8,316.1,227.6,0.3587,1
6030,251.25,76.7,3.8,316.1,228.5,0.3332,1
6031,251.2917,76.8,3.8,316.1,228.5,0.3315,1
6032,251.3333,76.6,3.8,316.2,227.9,0.3327,1
6033,251.375,76.6,3.8,316.1,228.1,0.3399,1
6034,251.4167,76.1,3.9,316.1,228.4,0.3465,1
6035,251.4583,75.4,3.9,316.0,228.5,0.3484,1
6036,251.5,74.9,3.9,316.0,228.2,0.3527,1
6037,251.5417,75.4,4.0,316.3,227.8,0.375,1
6038,251.5833,75.2,4.0,316.2,227.8,0.362,1
6039,251.625,75.6,3.9,316.1,227.8,0.3615,1
6040,251.6667,74.6,4.0,316.2,227.6,0.3575,1
6041,251.7083,76.8,4.0,316.1,227.3,0.373,1
6042,251.75,75.7,3.8,316.1,226.9,0.3796,1
6043,251.7917,75.7,3.8,316.1,227.0,0.3896,1
6044,251.8333,75.5,3.9,316.1,227.3,0.3918,1
6045,251.875,76.3,3.9,316.2,227.2,0.395,1
6046,251.9167,76.2,3.9,316.2,228.5,0.3956,1
6047,251.9583,76.2,4.0,316.2,228.5,0.3842,1
6048,252.0,75.1,3.9,316.2,228.6,0.3743,1
6049,252.0417,76.3,3.9,316.3,228.1,0.3704,1
6050,252.0833,76.1,4.0,316.4,227.0,0.3972,1
6051,252.125,76.3,4.0,316.5,227.0,0.4096,1
6052,252.1667,76.7,4.0,316.3,228.6,0.3844,1
6053,252.2083,76.4,3.9,316.2,228.0,0.3547,1
6054,252.25,75.9,4.1,316.2,227.8,0.3447,1
6055,252.2917,76.0,4.0,316.2,227.8,0.3455,1
6056,252.3333,76.6,4.0,316.2,226.9,0.3656,1
6057,252.375,75.8,3.9,316.2,228.4,0.3493,1
6058,252.4167,75.2,4.1,316.2,229.1,0.38,1
6059,252.4583,75.3,4.1,316.2,229.1,0.3827,1
6060,252.5,75.3,4.2,316.3,229.4,0.4108,1
6061,252.5417,75.3,4.1,316.4,229.0,0.3818,1
6062,252.5833,75.6,4.0,316.4,229.0,0.3587,1
6063,252.625,75.7,4.0,316.3,229.1,0.3515,1
6064,252.6667,75.1,4.0,316.4,228.6,0.3515,1
6065,252.7083,75.8,4.0,316.6,227.1,0.3981,1
6066,252.75,75.8,3.9,316.4,228.1,0.3613,1
6067,252.7917,75.8,3.9,316.4,228.1,0.3642,1
6068,252.8333,76.6,4.0,316.4,227.7,0.3938,1
6069,252.875,76.1,3.9,316.3,229.0,0.4075,1
6070,252.9167,76.2,4.0,316.3,228.9,0.4212,1
6071,252.9583,76.4,4.1,316.2,228.9,0.4093,1
6072,253.0,76.4,4.1,316.2,228.0,0.3959,1
6073,253.0417,77.2,4.2,316.2,227.9,0.3974,1
6074,253.0833,76.7,4.1,316.2,228.0,0.4266,1
6075,253.125,76.8,4.1,316.2,228.0,0.4226,1
6076,253.1667,75.6,4.1,316.2,228.1,0.4332,1
6077,253.2083,76.7,4.1,316.0,228.8,0.3461,1
6078,253.25,76.7,4.1,316.1,229.1,0.3612,1
6079,253.2917,76.9,4.1,316.1,229.1,0.3513,1
6080,253.3333,76.9,4.1,316.2,228.8,0.3522,1
6081,253.375,77.3,4.0,316.0,229.2,0.2998,1
6082,253.4167,76.4,4.0,316.0,228.9,0.3695,1
6083,253.4583,76.7,4.0,316.0,229.2,0.3654,1
6084,253.5,75.7,4.0,316.0,229.1,0.3658,1
6085,253.5417,76.4,4.0,316.0,229.2,0.3512,1
6086,253.5833,76.1,3.8,315.9,228.8,0.2995,1
6087,253.625,76.3,3.8,316.0,229.2,0.2837,1
6088,253.6667,76.6,3.9,316.1,227.7,0.3306,1
6089,253.7083,76.3,3.9,315.9,230.8,0.2101,1
6090,253.75,76.6,4.0,316.0,230.4,0.2614,1
6091,253.7917,76.7,4.1,316.0,230.4,0.2705,1
6092,253.8333,76.3,4.0,316.2,230.8,0.2204,1
6093,253.875,75.7,4.0,316.2,230.3,0.2604,1
6094,253.9167,76.0,4.1,316.1,229.8,0.2427,1
6095,253.9583,76.1,4.1,316.1,229.8,0.235,1
6096,254.0,76.1,4.0,316.1,230.5,0.2552,1
6097,254.0417,76.6,4.1,316.1,230.9,0.2671,1
6098,254.0833,76.4,4.0,316.1,229.7,0.2296,1
6099,254.125,76.7,3.9,316.2,229.6,0.2487,1
6100,254.1667,77.3,4.1,316.0,229.8,0.2691,1
6101,254.2083,75.0,4.0,316.2,230.4,0.2904,1
6102,254.25,74.5,4.0,316.4,230.4,0.299,1
6103,254.2917,74.4,4.0,316.4,230.5,0.2847,1
6104,254.3333,75.7,3.9,316.3,229.9,0.2751,1
6105,254.375,74.8,3.9,316.3,228.7,0.2881,1
6106,254.4167,74.3,3.8,316.4,230.2,0.3314,1
6107,254.4583,74.4,3.8,316.4,230.0,0.3445,1
6108,254.5,74.6,3.9,316.5,229.9,0.3564,1
6109,254.5417,75.1,4.0,316.4,230.5,0.3229,1
6110,254.5833,75.6,3.9,316.2,231.2,0.2593,1
6111,254.625,74.2,3.9,316.2,231.1,0.2516,1
6112,254.6667,74.4,4.1,316.0,230.9,0.3129,1
6113,254.7083,74.1,4.0,316.1,231.4,0.2925,1
6114,254.75,74.4,3.9,316.0,231.5,0.2798,1
6115,254.7917,74.5,4.0,316.0,231.4,0.2851,1
6116,254.8333,74.4,3.9,316.0,231.3,0.2899,1
6117,254.875,75.3,4.0,316.0,230.6,0.3311,1
6118,254.9167,74.5,4.0,316.1,231.9,0.3706,1
6119,254.9583,74.6,4.0,316.1,231.9,0.3688,1
6120,255.0,74.9,4.1,316.2,231.3,0.3563,1
6121,255.0417,75.5,4.0,316.2,230.9,0.3524,1
6122,255.0833,76.8,4.1,316.1,231.7,0.2768,1
6123,255.125,76.7,4.1,316.1,231.7,0.2862,1
6124,255.1667,76.4,4.0,316.1,231.8,0.2599,1
6125,255.2083,76.9,4.0,316.0,232.1,0.2318,1
6126,255.25,76.8,4.0,316.1,232.1,0.2701,1
6127,255.2917,76.8,4.0,316.2,232.1,0.2686,1
6128,255.3333,76.9,4.0,316.1,232.0,0.2823,1
6129,255.375,76.0,4.0,316.2,231.5,0.3489,1
6130,255.4167,75.0,4.1,316.3,231.8,0.3557,1
6131,255.4583,74.5,4.0,316.3,231.9,0.3502,1
6132,255.5,74.7,4.1,316.4,232.1,0.3733,1
6133,255.5417,75.4,4.2,316.3,232.5,0.3578,1
6134,255.5833,75.7,4.0,316.2,232.2,0.3045,1
6135,255.625,75.7,3.9,316.2,232.2,0.311,1
6136,255.6667,76.2,4.0,316.1,233.0,0.3238,1
6137,255.7083,76.8,4.0,316.1,233.0,0.324,1
6138,255.75,76.6,3.9,316.1,232.3,0.3197,1
6139,255.7917,76.6,3.9,316.1,232.3,0.3145,1
6140,255.8333,76.8,3.9,316.1,232.6,0.2782,1
6141,255.875,76.5,3.9,316.3,232.5,0.2377,1
6142,255.9167,75.8,3.9,316.1,232.4,0.2687,1
6143,255.9583,75.9,3.9,316.2,232.5,0.2685,1
6144,256.0,76.2,3.9,316.3,232.0,0.293,1
6145,256.0417,77.1,4.0,316.2,232.1,0.2555,1
6146,256.0833,76.6,4.0,316.3,232.3,0.2479,1
6147,256.125,76.8,4.0,316.3,232.3,0.2421,1
6148,256.1667,77.1,4.0,316.3,232.3,0.2347,1
6149,256.2083,76.6,4.0,316.1,231.5,0.2479,1
6150,256.25,76.0,4.0,316.1,232.3,0.2658,1
6151,256.2917,75.8,4.0,316.1,232.2,0.2778,1
6152,256.3333,75.7,4.0,316.3,231.7,0.2652,1
6153,256.375,76.8,3.9,316.2,231.9,0.2977,1
6154,256.4167,75.9,4.0,316.1,232.1,0.2774,1
6155,256.4583,75.7,4.0,316.2,232.0,0.2864,1
6156,256.5,76.0,4.0,316.2,232.2,0.2784,1
6157,256.5417,75.7,4.0,316.2,231.7,0.3029,1
6158,256.5833,74.8,3.9,316.3,231.7,0.2821,1
6159,256.625,75.3,3.9,316.3,231.7,0.2888,1
6160,256.6667,75.3,4.0,316.3,231.7,0.3227,1
6161,256.7083,75.9,3.9,316.2,231.4,0.3053,1
6162,256.75,76.2,3.9,316.3,230.7,0.2848,1
6163,256.7917,76.0,4.0,316.3,230.8,0.2965,1
6164,256.8333,75.3,4.0,316.4,231.7,0.2592,1
6165,256.875,74.7,3.9,316.5,231.6,0.2224,1
6166,256.9167,75.2,3.9,316.4,231.7,0.261,1
6167,256.9583,75.3,4.0,316.4,231.7,0.2641,1
6168,257.0,75.2,4.0,316.5,231.7,0.2824,1
6169,257.0417,75.7,4.0,316.4,232.1,0.2802,1
6170,257.0833,77.5,3.9,316.3,231.8,0.2447,1
6171,257.125,77.3,3.9,316.4,231.7,0.2389,1
6172,257.1667,78.1,3.9,316.4,231.4,0.3219,1
6173,257.2083,77.2,3.9,316.3,231.8,0.3489,1
6174,257.25,77.3,3.9,316.2,231.9,0.3462,1
6175,257.2917,77.1,3.9,316.3,231.9,0.3495,1
6176,257.3333,77.2,3.9,316.1,231.2,0.3346,1
6177,257.375,77.1,3.8,316.0,231.2,0.3213,1
6178,257.4167,73.9,3.9,316.2,231.4,0.3233,1
6179,257.4583,73.8,3.9,316.2,231.3,0.3167,1
6180,257.5,74.1,4.0,316.3,231.3,0.3079,1
6181,257.5417,73.6,4.0,316.5,230.8,0.3341,1
6182,257.5833,73.3,4.0,316.5,230.9,0.2747,1
6183,257.625,73.3,3.9,316.5,230.9,0.2806,1
6184,257.6667,75.0,4.0,316.3,230.6,0.3504,1
6185,257.7083,75.1,3.9,316.2,231.0,0.2858,1
6186,257.75,75.7,3.9,316.3,230.9,0.2636,1
6187,257.7917,75.6,3.9,316.3,230.9,0.2558,1
6188,257.8333,76.3,3.9,316.4,231.4,0.3385,1
6189,257.875,74.4,3.8,316.4,231.4,0.3125,1
6190,257.9167,74.6,3.9,316.5,230.9,0.2851,1
6191,257.9583,74.5,3.8,316.5,231.1,0.2794,1
6192,258.0,75.2,3.9,316.4,231.0,0.2591,1
6193,258.0417,74.5,3.9,316.6,231.2,0.2837,1
6194,258.0833,73.8,3.8,316.7,230.3,0.2878,1
6195,258.125,74.3,3.8,316.7,230.3,0.2723,1
6196,258.1667,73.5,3.8,316.6,231.8,0.2805,1
6197,258.2083,72.9,3.8,316.4,231.5,0.3109,1
6198,258.25,74.3,3.7,316.4,231.8,0.2887,1
6199,258.2917,74.4,3.8,316.4,231.8,0.2786,1
6200,258.3333,77.0,3.9,316.3,231.6,0.2765,1
6201,258.375,77.0,3.8,316.4,230.7,0.2874,1
6202,258.4167,76.6,3.9,316.3,230.9,0.2394,1
6203,258.4583,76.2,3.8,316.3,230.8,0.2379,1
6204,258.5,75.9,3.9,316.4,231.1,0.2678,1
6205,258.5417,76.1,3.8,316.3,230.5,0.2521,1
6206,258.5833,76.6,3.8,316.2,231.3,0.2624,1
6207,258.625,76.7,3.7,316.3,231.3,0.2618,1
6208,258.6667,76.2,3.8,316.3,231.1,0.2807,1
6209,258.7083,76.6,3.8,316.3,230.5,0.2736,1
6210,258.75,77.0,3.8,316.4,230.8,0.2493,1
6211,258.7917,76.9,3.9,316.3,230.7,0.2434,1
6212,258.8333,76.6,3.9,316.3,230.5,0.2519,1
6213,258.875,76.7,3.8,316.2,231.3,0.2547,1
6214,258.9167,74.6,3.7,316.4,231.2,0.2754,1
6215,258.9583,74.8,3.7,316.4,231.3,0.2671,1
6216,259.0,75.0,3.8,316.4,231.5,0.2613,1
6217,259.0417,74.0,3.7,316.3,230.7,0.2693,1
6218,259.0833,74.7,3.9,316.3,231.2,0.2869,1
6219,259.125,74.7,3.9,316.4,231.2,0.2969,1
6220,259.1667,74.6,3.9,316.4,230.1,0.3193,1
6221,259.2083,73.9,3.7,316.5,230.3,0.318,1
6222,259.25,74.2,3.8,316.4,230.3,0.305,1
6223,259.2917,74.3,3.8,316.4,230.2,0.2943,1
6224,259.3333,74.8,3.8,316.2,231.7,0.2733,1
6225,259.375,75.2,3.8,316.2,231.1,0.277,1
6226,259.4167,74.7,3.9,316.5,230.5,0.3612,1
6227,259.4583,74.7,3.9,316.6,230.5,0.3693,1
6228,259.5,74.2,3.9,316.6,230.8,0.3861,1
6229,259.5417,73.4,3.9,316.6,231.0,0.3459,1
6230,259.5833,73.7,3.8,316.7,229.9,0.3449,1
6231,259.625,74.1,3.9,316.7,229.9,0.3452,1
6232,259.6667,73.1,3.7,316.7,230.8,0.3322,1
6233,259.7083,72.8,3.8,316.6,230.6,0.3169,1
6234,259.75,73.9,3.8,316.4,230.1,0.3697,1
6235,259.7917,73.8,3.8,316.5,230.1,0.3633,1
6236,259.8333,73.8,3.8,316.5,229.8,0.3946,1
6237,259.875,74.9,3.9,316.5,229.5,0.3612,1
6238,259.9167,72.8,3.9,316.6,230.3,0.3438,1
6239,259.9583,72.5,3.9,316.6,230.5,0.3429,1
6240,260.0,70.1,3.6,317.0,229.0,0.25,1
6241,260.0417,71.1,3.7,316.9,228.9,0.2933,1
6242,260.0833,70.2,3.4,316.8,228.4,0.2545,1
6243,260.125,70.1,3.4,316.8,228.4,0.2637,1
6244,260.1667,70.1,3.5,316.9,228.8,0.361,1
6245,260.2083,70.2,3.5,316.8,228.7,0.3551,1
6246,260.25,70.6,3.5,316.8,229.3,0.4093,1
6247,260.2917,70.8,3.4,316.7,229.3,0.3987,1
6248,260.3333,70.6,3.4,316.6,229.7,0.3655,1
6249,260.375,71.5,3.5,316.4,229.4,0.3906,1
6250,260.4167,71.2,3.5,316.7,229.5,0.3822,1
6251,260.4583,71.4,3.5,316.8,229.6,0.3862,1
6252,260.5,71.1,3.6,316.8,229.5,0.415,1
6253,260.5417,70.9,3.5,317.0,229.1,0.4057,1
6254,260.5833,69.9,3.4,317.0,229.0,0.3904,1
6255,260.625,70.5,3.5,316.9,229.1,0.3778,1
6256,260.6667,70.8,3.5,317.0,229.3,0.3544,1
6257,260.7083,71.6,3.6,316.8,229.7,0.3384,1
6258,260.75,71.8,3.6,316.9,229.6,0.3638,1
6259,260.7917,71.8,3.6,316.8,229.7,0.3533,1
6260,260.8333,70.6,3.6,317.0,229.3,0.3597,1
6261,260.875,72.2,3.7,316.5,229.7,0.3567,1
6262,260.9167,71.7,3.6,316.9,229.9,0.388,1
6263,260.9583,71.5,3.6,316.9,229.9,0.3812,1
6264,261.0,71.2,3.6,316.8,229.7,0.3881,1
6265,261.0417,72.4,3.6,316.7,230.6,0.333,1
6266,261.0833,74.1,3.6,316.5,230.5,0.3233,1
6267,261.125,74.2,3.6,316.5,230.6,0.3209,1
6268,261.1667,73.8,3.7,316.7,230.6,0.3324,1
6269,261.2083,73.9,3.6,316.7,230.7,0.3149,1
6270,261.25,74.0,3.6,316.7,230.6,0.3003,1
6271,261.2917,74.3,3.6,316.7,230.6,0.2976,1
6272,261.3333,72.7,3.6,316.7,231.1,0.2951,1
6273,261.375,73.0,3.6,316.7,231.2,0.2745,1
6274,261.4167,71.6,3.8,316.9,230.5,0.3541,1
6275,261.4583,71.6,3.7,316.8,230.5,0.3492,1
6276,261.5,72.1,3.9,317.0,230.6,0.3086,1
6277,261.5417,71.8,3.8,316.7,231.1,0.2878,1
6278,261.5833,72.5,3.7,316.8,230.8,0.2866,1
6279,261.625,72.6,3.7,316.8,230.8,0.2826,1
6280,261.6667,73.2,3.8,316.9,230.7,0.3208,1
6281,261.7083,72.9,3.8,316.6,231.0,0.2997,1
6282,261.75,72.4,3.8,316.7,230.8,0.2847,1
6283,261.7917,72.6,3.8,316.7,230.8,0.2853,1
6284,261.8333,73.0,3.7,316.8,231.3,0.2931,1
6285,261.875,73.4,3.7,316.7,231.1,0.2623,1
6286,261.9167,71.9,3.9,316.8,231.7,0.3244,1
6287,261.9583,71.9,3.9,316.7,231.6,0.3234,1
6288,262.0,72.3,4.0,316.7,230.9,0.3374,1
6289,262.0417,73.0,3.9,316.8,231.1,0.312,1
6290,262.0833,72.4,3.9,316.8,231.3,0.2903,1
6291,262.125,72.0,3.9,316.9,231.3,0.2895,1
6292,262.1667,72.3,3.9,316.9,231.6,0.286,1
6293,262.2083,72.6,4.0,316.9,231.2,0.3068,1
6294,262.25,72.2,3.9,317.1,231.0,0.31,1
6295,262.2917,72.5,3.8,317.1,231.0,0.307,1
6296,262.3333,72.1,3.8,317.0,230.9,0.3212,1
6297,262.375,73.1,3.9,316.7,230.9,0.325,1
6298,262.4167,72.2,3.8,316.8,230.7,0.344,1
6299,262.4583,71.8,3.8,316.9,230.8,0.3449,1
6300,262.5,71.0,3.8,317.0,231.5,0.3259,1
6301,262.5417,73.6,3.8,316.7,230.0,0.347,1
6302,262.5833,72.9,3.9,316.7,230.1,0.3578,1
6303,262.625,73.4,3.8,316.8,230.2,0.3559,1
6304,262.6667,73.0,3.8,316.8,230.2,0.3302,1
6305,262.7083,73.9,3.9,316.8,231.0,0.2978,1
6306,262.75,73.8,3.9,316.7,230.4,0.295,1
6307,262.7917,74.0,3.9,316.7,230.4,0.294,1
6308,262.8333,74.2,3.9,316.6,230.4,0.3271,1
6309,262.875,75.1,3.9,316.8,231.0,0.2969,1
6310,262.9167,71.7,3.8,317.1,230.6,0.3254,1
6311,262.9583,71.8,3.8,317.1,230.6,0.3192,1
6312,263.0,72.0,4.0,317.0,229.4,0.3764,1
6313,263.0417,72.8,3.9,316.8,230.4,0.351,1
6314,263.0833,74.3,4.0,316.8,230.7,0.3172,1
6315,263.125,74.3,4.0,316.8,230.7,0.3193,1
6316,263.1667,71.7,3.9,317.1,230.9,0.339,1
6317,263.2083,72.0,3.9,317.1,230.7,0.3333,1
6318,263.25,72.2,4.0,317.0,231.0,0.3041,1
6319,263.2917,72.4,3.9,317.0,231.0,0.3033,1
6320,263.3333,73.8,3.9,316.8,230.1,0.2965,1
6321,263.375,72.2,3.9,316.8,230.8,0.2894,1
6322,263.4167,70.9,4.0,317.0,230.5,0.2826,1
6323,263.4583,70.7,4.0,317.0,230.5,0.2808,1
6324,263.5,71.1,4.0,316.9,230.4,0.309,1
6325,263.5417,70.3,3.9,317.1,230.4,0.3247,1
6326,263.5833,71.9,3.7,316.6,228.6,0.2796,1
6327,263.625,72.5,3.8,316.7,227.5,0.3062,1
6328,263.6667,71.7,3.8,316.9,229.7,0.3209,1
6329,263.7083,73.0,3.8,316.8,229.6,0.3392,1
6330,263.75,73.7,4.0,316.7,229.6,0.3298,1
6331,263.7917,73.4,4.0,316.8,229.4,0.3374,1
6332,263.8333,73.8,4.0,316.8,228.5,0.3374,1
6333,263.875,73.5,3.8,316.5,228.7,0.3662,1
6334,263.9167,72.2,3.9,316.8,228.9,0.3802,1
6335,263.9583,72.4,3.8,316.9,228.8,0.3864,1
6336,264.0,72.4,4.0,316.8,228.6,0.3602,1
6337,264.0417,72.6,4.0,316.8,228.2,0.3616,1
6338,264.0833,73.4,3.9,316.9,229.0,0.3326,1
6339,264.125,73.3,3.9,317.0,228.9,0.3128,1
6340,264.1667,73.3,3.9,316.8,229.2,0.3133,1
6341,264.2083,72.2,3.8,316.8,229.3,0.3208,1
6342,264.25,73.0,3.9,316.7,229.7,0.3206,1
6343,264.2917,73.0,3.9,316.7,229.7,0.33,1
6344,264.3333,74.9,4.1,316.5,228.9,0.3327,1
6345,264.375,74.0,4.1,316.6,229.4,0.3604,1
6346,264.4167,71.1,3.8,317.2,228.8,0.4033,1
6347,264.4583,70.4,3.9,317.3,228.9,0.3939,1
6348,264.5,70.5,3.8,317.3,228.7,0.3917,1
6349,264.5417,69.6,3.8,317.4,228.4,0.392,1
6350,264.5833,70.3,3.7,317.3,227.7,0.3815,1
6351,264.625,70.6,3.7,317.3,227.6,0.3814,1
6352,264.6667,70.9,3.8,317.2,227.8,0.3932,1
6353,264.7083,71.2,3.8,317.1,229.1,0.3674,1
6354,264.75,71.9,3.9,317.1,229.1,0.3552,1
6355,264.7917,72.3,3.9,317.0,229.1,0.3529,1
6356,264.8333,72.8,4.0,316.9,228.9,0.3999,1
6357,264.875,72.9,4.0,316.9,228.5,0.4037,1
6358,264.9167,70.9,3.9,317.1,228.8,0.4028,1
6359,264.9583,71.3,3.9,317.0,228.9,0.3879,1
6360,265.0,71.1,4.0,316.9,229.3,0.4164,1
6361,265.0417,71.8,4.0,316.8,229.1,0.4147,1
6362,265.0833,73.0,4.0,316.9,228.9,0.4179,1
6363,265.125,73.0,4.1,316.9,229.0,0.4344,1
6364,265.1667,70.6,4.0,317.0,228.5,0.4308,1
6365,265.2083,70.7,4.0,317.2,228.0,0.4156,1
6366,265.25,70.9,3.9,317.1,228.4,0.3988,1
6367,265.2917,70.9,3.9,317.1,228.4,0.4011,1
6368,265.3333,71.0,4.0,317.0,227.0,0.401,1
6369,265.375,71.8,4.0,316.8,226.6,0.4307,1
6370,265.4167,71.2,4.1,316.9,226.5,0.4268,1
6371,265.4583,71.8,4.1,316.9,226.5,0.4321,1
6372,265.5,71.6,4.1,316.9,227.1,0.4204,1
6373,265.5417,72.2,4.0,316.9,228.4,0.361,1
6374,265.5833,72.9,3.9,316.9,227.7,0.3758,1
6375,265.625,73.0,3.9,316.8,227.7,0.3671,1
6376,265.6667,72.2,4.0,317.1,228.5,0.3358,1
6377,265.7083,71.6,3.9,317.0,228.6,0.2952,1
6378,265.75,72.1,3.9,316.9,229.1,0.3135,1
6379,265.7917,72.4,4.0,316.9,229.0,0.3319,1
6380,265.8333,73.1,4.1,316.9,227.8,0.3583,1
6381,265.875,73.2,4.0,316.7,228.3,0.342,1
6382,265.9167,71.8,3.9,317.0,228.6,0.3544,1
6383,265.9583,72.1,4.0,317.0,228.6,0.3539,1
6384,266.0,71.8,4.0,317.1,229.0,0.3681,1
6385,266.0417,73.4,4.0,317.0,228.8,0.3494,1
6386,266.0833,72.7,4.0,317.1,229.4,0.3572,1
6387,266.125,72.8,3.9,317.1,229.4,0.352,1
6388,266.1667,72.1,3.9,317.0,230.0,0.3363,1
6389,266.2083,72.1,3.9,316.9,230.1,0.3668,1
6390,266.25,72.9,3.9,316.8,229.8,0.3429,1
6391,266.2917,73.0,3.9,316.8,229.8,0.3422,1
6392,266.3333,73.7,3.8,316.8,230.6,0.3661,1
6393,266.375,74.4,3.8,316.6,232.0,0.318,1
6394,266.4167,73.1,3.8,316.8,231.4,0.358,1
6395,266.4583,73.2,3.8,316.8,231.4,0.3617,1
6396,266.5,72.3,4.0,316.9,230.6,0.3726,1
6397,266.5417,73.7,4.1,317.0,231.0,0.3805,1
6398,266.5833,73.4,4.0,316.9,230.8,0.354,1
6399,266.625,73.3,4.0,316.9,230.8,0.3498,1
6400,266.6667,72.9,4.1,316.9,229.7,0.3851,1
6401,266.7083,72.6,4.0,316.9,229.7,0.4101,1
6402,266.75,71.0,4.1,316.9,230.0,0.4003,1
6403,266.7917,71.0,4.0,316.9,230.0,0.3971,1
6404,266.8333,72.0,4.0,316.9,230.2,0.3568,1
6405,266.875,72.1,4.1,316.8,230.3,0.3739,1
6406,266.9167,68.9,4.0,317.2,229.3,0.4046,1
6407,266.9583,69.1,4.0,317.2,229.3,0.4182,1
6408,267.0,69.1,4.1,317.2,229.4,0.4075,1
6409,267.0417,70.2,4.0,317.0,230.4,0.3576,1
6410,267.0833,70.7,4.1,317.0,230.1,0.3413,1
6411,267.125,70.7,4.1,317.0,230.1,0.343,1
6412,267.1667,70.3,4.0,317.0,230.2,0.3432,1
6413,267.2083,71.5,4.0,316.8,230.5,0.3173,1
6414,267.25,71.4,4.1,316.9,230.4,0.3545,1
6415,267.2917,72.1,4.1,316.8,230.5,0.3419,1
6416,267.3333,72.0,4.1,316.7,230.2,0.3616,1
6417,267.375,71.5,4.1,316.9,229.7,0.3755,1
6418,267.4167,71.8,4.1,316.9,229.6,0.3692,1
6419,267.4583,72.0,4.1,316.9,229.6,0.366,1
6420,267.5,71.5,4.1,317.0,228.8,0.408,1
6421,267.5417,73.3,4.1,317.0,229.1,0.3862,1
6422,267.5833,73.6,4.1,316.7,229.9,0.3502,1
6423,267.625,73.6,4.0,316.6,229.9,0.3459,1
6424,267.6667,73.6,4.1,316.7,229.9,0.3691,1
6425,267.7083,74.4,4.0,316.5,230.5,0.3336,1
6426,267.75,74.1,4.0,316.5,230.3,0.3411,1
6427,267.7917,74.0,4.0,316.5,230.4,0.3399,1
6428,267.8333,75.5,4.0,316.4,230.5,0.3452,1
6429,267.875,75.5,4.1,316.7,230.5,0.3617,1
6430,267.9167,73.0,4.1,316.8,230.3,0.3917,1
6431,267.9583,72.7,4.1,316.8,230.4,0.3915,1
6432,268.0,72.5,4.1,316.9,230.6,0.3671,1
6433,268.0417,73.5,4.1,316.8,230.8,0.3396,1
6434,268.0833,73.3,4.0,316.6,230.7,0.3421,1
6435,268.125,73.4,3.9,316.5,230.7,0.3308,1
6436,268.1667,72.9,4.1,316.6,231.0,0.3393,1
6437,268.2083,74.0,4.1,316.7,230.5,0.3306,1
6438,268.25,75.7,4.1,316.5,230.4,0.3456,1
6439,268.2917,75.3,4.1,316.5,230.5,0.3534,1
6440,268.3333,74.5,4.2,316.6,229.7,0.3497,1
6441,268.375,75.5,4.1,316.6,229.4,0.3402,1
6442,268.4167,73.7,4.0,316.9,228.8,0.3772,1
6443,268.4583,73.8,4.0,316.9,228.8,0.3773,1
6444,268.5,72.5,4.0,316.9,229.0,0.4014,1
6445,268.5417,73.0,4.0,316.7,228.8,0.4077,1
6446,268.5833,72.5,3.8,316.6,229.3,0.3893,1
6447,268.625,72.1,3.8,316.6,229.3,0.3883,1
6448,268.6667,72.6,3.7,316.6,229.1,0.4142,1
6449,268.7083,72.9,3.9,316.6,229.7,0.4157,1
6450,268.75,72.3,3.9,316.7,229.4,0.3897,1
6451,268.7917,72.2,3.9,316.7,229.3,0.3906,1
6452,268.8333,72.5,3.9,316.6,229.0,0.4027,1
6453,268.875,72.1,3.9,316.7,228.6,0.4,1
6454,268.9167,72.0,4.0,316.8,228.6,0.4386,1
6455,268.9583,72.2,4.0,316.9,228.6,0.4324,1
6456,269.0,71.7,4.0,317.0,227.4,0.4819,1
6457,269.0417,71.5,4.0,316.8,229.5,0.4348,1
6458,269.0833,71.3,4.0,316.8,229.4,0.4132,1
6459,269.125,71.5,4.0,316.8,229.4,0.4169,1
6460,269.1667,72.3,4.0,316.8,229.7,0.4229,1
6461,269.2083,71.8,3.9,316.6,229.9,0.3995,1
6462,269.25,73.1,4.0,316.5,229.9,0.3872,1
6463,269.2917,71.7,3.9,316.5,229.8,0.3886,1
6464,269.3333,73.0,3.9,316.4,229.6,0.4256,1
6465,269.375,71.2,3.9,316.4,230.1,0.3971,1
6466,269.4167,72.1,4.0,316.3,230.9,0.4173,1
6467,269.4583,72.1,4.0,316.4,230.9,0.4219,1
6468,269.5,71.2,4.1,316.6,231.6,0.4179,1
6469,269.5417,71.4,4.0,316.6,231.4,0.4175,1
6470,269.5833,72.4,3.9,316.5,231.7,0.3879,1
6471,269.625,72.4,3.8,316.5,231.7,0.3762,1
6472,269.6667,72.1,3.9,316.6,231.8,0.3616,1
6473,269.7083,71.3,3.8,316.7,231.6,0.2877,1
6474,269.75,71.2,3.9,316.6,231.7,0.3572,1
6475,269.7917,71.6,3.9,316.5,231.7,0.3565,1
6476,269.8333,71.6,3.8,316.4,231.8,0.3225,1
6477,269.875,71.0,4.0,316.6,231.3,0.367,1
6478,269.9167,71.0,3.9,316.7,230.4,0.3584,1
6479,269.9583,70.8,3.9,316.7,230.3,0.3631,1
6480,270.0,72.0,3.8,316.8,225.8,0.3117,1
6481,270.0417,73.1,3.8,316.7,225.6,0.3518,1
6482,270.0833,73.2,3.9,316.5,226.5,0.3249,1
6483,270.125,73.3,3.9,316.5,226.6,0.3267,1
6484,270.1667,73.2,3.9,316.8,226.0,0.4687,1
6485,270.2083,74.8,3.9,316.4,226.4,0.3358,1
6486,270.25,75.9,4.0,316.2,227.8,0.3968,1
6487,270.2917,75.6,4.0,316.2,227.8,0.3688,1
6488,270.3333,74.6,3.8,316.3,227.5,0.2947,1
6489,270.375,73.9,3.9,316.6,226.1,0.4595,1
6490,270.4167,73.0,3.9,316.9,226.4,0.4314,1
6491,270.4583,72.9,3.9,316.8,226.6,0.4071,1
6492,270.5,72.9,3.9,316.8,226.2,0.4246,1
6493,270.5417,73.0,3.7,316.7,224.7,0.3138,1
6494,270.5833,72.7,3.7,316.7,225.6,0.2723,1
6495,270.625,72.5,3.7,316.6,225.7,0.2609,1
6496,270.6667,72.5,3.8,316.6,225.5,0.3194,1
6497,270.7083,71.6,3.8,316.8,226.1,0.2567,1
6498,270.75,71.6,3.7,317.1,225.2,0.3207,1
6499,270.7917,71.8,3.8,317.0,225.3,0.3362,1
6500,270.8333,71.2,3.7,317.0,225.6,0.3379,1
6501,270.875,72.8,3.8,316.9,224.4,0.3642,1
6502,270.9167,71.1,3.8,317.2,225.7,0.4164,1
6503,270.9583,70.7,3.8,317.2,225.7,0.4282,1
6504,271.0,69.8,3.9,317.3,224.7,0.5006,1
6505,271.0417,71.7,3.8,316.8,226.1,0.4335,1
6506,271.0833,71.5,3.7,317.0,224.8,0.4151,1
6507,271.125,71.6,3.7,317.1,224.7,0.3907,1
6508,271.1667,71.8,3.7,316.9,225.7,0.465,1
6509,271.2083,71.8,3.8,316.8,226.7,0.4475,1
6510,271.25,72.5,3.9,317.0,226.5,0.5328,1
6511,271.2917,72.4,3.9,317.0,226.3,0.5306,1
6512,271.3333,72.8,3.9,317.0,226.3,0.5138,1
6513,271.375,73.3,3.8,316.9,226.2,0.4819,1
6514,271.4167,72.0,3.8,317.1,226.1,0.5229,1
6515,271.4583,71.7,3.7,317.1,225.8,0.4929,1
6516,271.5,71.4,3.8,317.0,225.7,0.5193,1
6517,271.5417,72.7,3.8,317.1,224.2,0.4499,1
6518,271.5833,72.1,3.8,317.1,225.6,0.36,1
6519,271.625,71.8,3.7,317.1,225.9,0.3492,1
6520,271.6667,72.2,3.8,317.1,225.9,0.3151,1
6521,271.7083,72.5,3.8,317.2,225.4,0.3073,1
6522,271.75,73.1,3.8,317.0,226.7,0.3408,1
6523,271.7917,73.2,3.8,317.1,226.6,0.3391,1
6524,271.8333,73.3,3.8,317.0,226.4,0.3564,1
6525,271.875,73.3,3.7,316.9,227.6,0.3683,1
6526,271.9167,71.8,3.7,316.9,227.4,0.4431,1
6527,271.9583,71.8,3.8,317.0,227.3,0.4456,1
6528,272.0,71.9,3.9,317.0,227.6,0.4614,1
6529,272.0417,72.9,3.9,317.1,226.3,0.4719,1
6530,272.0833,72.4,3.7,317.2,225.6,0.4706,1
6531,272.125,72.6,3.7,317.2,225.7,0.4643,1
6532,272.1667,72.1,3.8,316.9,227.7,0.4297,1
6533,272.2083,74.0,3.8,316.8,229.2,0.3928,1
6534,272.25,74.3,3.7,316.6,229.2,0.4083,1
6535,272.2917,74.5,3.7,316.5,229.3,0.4057,1
6536,272.3333,74.6,3.8,316.6,229.6,0.3931,1
6537,272.375,72.0,3.6,317.1,228.1,0.3944,1
6538,272.4167,70.2,3.6,317.1,228.9,0.4026,1
6539,272.4583,70.3,3.6,317.1,228.8,0.4006,1
6540,272.5,71.0,3.6,317.1,228.2,0.435,1
6541,272.5417,70.9,3.6,317.2,225.3,0.5241,1
6542,272.5833,71.3,3.6,317.3,225.7,0.4912,1
6543,272.625,71.7,3.7,317.3,225.7,0.4902,1
6544,272.6667,71.0,3.7,317.3,227.7,0.5254,1
6545,272.7083,73.5,3.7,317.2,226.6,0.4664,1
6546,272.75,72.5,3.6,316.9,228.1,0.409,1
6547,272.7917,73.0,3.6,316.9,228.0,0.4031,1
6548,272.8333,73.5,3.6,317.0,227.5,0.4138,1
6549,272.875,70.2,3.5,317.2,227.1,0.406,1
6550,272.9167,71.3,3.6,317.2,225.3,0.4599,1
6551,272.9583,71.5,3.6,317.2,225.3,0.4624,1
6552,273.0,71.3,3.7,317.3,225.7,0.4982,1
6553,273.0417,71.8,3.5,317.3,226.6,0.4008,1
6554,273.0833,71.9,3.6,317.1,228.0,0.4343,1
6555,273.125,72.2,3.6,317.1,228.2,0.421,1
6556,273.1667,71.6,3.6,317.3,227.0,0.4947,1
6557,273.2083,72.2,3.6,317.2,226.9,0.4616,1
6558,273.25,72.2,3.6,317.2,228.5,0.4327,1
6559,273.2917,72.0,3.7,317.3,228.4,0.4392,1
6560,273.3333,74.2,3.7,316.9,229.9,0.3981,1
6561,273.375,74.9,3.8,316.5,230.4,0.4227,1
6562,273.4167,74.5,3.8,316.8,229.6,0.4313,1
6563,273.4583,74.6,3.7,316.7,229.7,0.4101,1
6564,273.5,73.4,3.8,317.1,230.6,0.5177,1
6565,273.5417,74.9,3.8,316.9,230.0,0.4872,1
6566,273.5833,75.8,3.9,316.4,231.9,0.338,1
6567,273.625,76.8,4.0,316.5,231.4,0.3597,1
6568,273.6667,76.1,3.9,316.6,230.9,0.2777,1
6569,273.7083,76.7,3.9,316.5,232.8,0.1774,1
6570,273.75,75.6,3.9,316.5,232.7,0.1712,1
6571,273.7917,75.3,3.9,316.5,232.7,0.1553,1
6572,273.8333,76.3,4.0,316.5,233.2,0.1825,1
6573,273.875,,,,,,
6574,273.9167,,,,,,
6575,273.9583,,,,,,
6576,274.0,75.4,4.1,316.5,234.1,0.2029,1
6577,274.0417,76.5,4.0,316.1,234.6,0.1914,1
6578,274.0833,75.5,4.0,316.2,235.5,0.1261,1
6579,274.125,75.8,4.1,316.2,235.6,0.129,1
6580,274.1667,76.0,4.0,316.0,233.7,0.2691,1
6581,274.2083,75.4,4.0,315.9,233.0,0.2739,1
6582,274.25,75.2,4.0,316.0,234.1,0.304,1
6583,274.2917,75.2,3.9,316.1,234.2,0.2828,1
6584,274.3333,75.8,4.0,316.1,233.3,0.261,1
6585,274.375,77.3,4.0,316.0,234.3,0.2201,1
6586,274.4167,76.1,4.0,316.1,233.4,0.2208,1
6587,274.4583,76.1,4.0,316.1,233.4,0.2347,1
6588,274.5,73.3,4.0,316.3,233.0,0.2564,1
6589,274.5417,73.5,4.1,316.4,232.1,0.306,1
6590,274.5833,74.1,4.2,316.2,233.1,0.293,1
6591,274.625,74.0,4.2,316.2,233.1,0.2767,1
6592,274.6667,74.7,4.0,316.0,233.9,0.2489,1
6593,274.7083,73.4,3.9,316.1,233.6,0.1708,1
6594,274.75,73.5,3.9,316.1,233.3,0.207,1
6595,274.7917,73.1,3.9,316.1,233.3,0.1934,1
6596,274.8333,73.8,4.0,316.2,232.9,0.2666,1
6597,274.875,74.4,3.9,316.1,232.4,0.2068,1
6598,274.9167,74.9,4.0,316.2,231.8,0.2083,1
6599,274.9583,75.1,3.9,316.1,231.7,0.2081,1
6600,275.0,73.4,3.8,316.1,232.5,0.2489,1
6601,275.0417,74.0,3.7,316.1,232.7,0.1855,1
6602,275.0833,74.2,3.8,316.0,233.4,0.2127,1
6603,275.125,74.4,3.8,316.0,233.4,0.2294,1
6604,275.1667,74.4,3.8,316.1,233.5,0.2283,1
6605,275.2083,74.4,3.7,316.1,233.7,0.2124,1
6606,275.25,74.6,3.7,316.1,233.9,0.2039,1
6607,275.2917,75.2,3.8,316.0,233.9,0.2162,1
6608,275.3333,72.8,3.7,316.1,233.9,0.1378,1
6609,275.375,73.6,3.7,316.2,232.4,0.1312,1
6610,275.4167,72.5,3.7,316.3,232.9,0.1622,1
6611,275.4583,72.7,3.7,316.2,233.0,0.1558,1
6612,275.5,73.0,3.8,316.3,234.0,0.2171,1
6613,275.5417,73.0,3.7,316.6,234.5,0.1143,1
6614,275.5833,,,,,,
6615,275.625,,,,,,
6616,275.6667,72.3,3.7,316.7,233.7,0.1103,1
6617,275.7083,71.9,3.7,316.7,233.4,0.1237,1
6618,275.75,71.7,3.7,316.5,233.7,0.128,1
6619,275.7917,72.3,3.7,316.5,233.7,0.1221,1
6620,275.8333,73.6,3.6,316.3,233.5,0.1174,1
6621,275.875,74.3,3.7,316.3,234.4,0.1107,1
6622,275.9167,74.4,3.6,316.2,234.3,0.1489,1
6623,275.9583,74.3,3.6,316.3,234.4,0.1343,1
6624,276.0,76.0,3.6,316.1,234.3,0.1413,1
6625,276.0417,75.6,3.6,316.1,233.9,0.1537,1
6626,276.0833,75.9,3.5,316.1,234.0,0.1529,1
6627,276.125,75.9,3.5,316.1,234.0,0.1503,1
6628,276.1667,76.5,3.6,316.1,233.9,0.1707,1
6629,276.2083,77.7,3.7,316.1,234.5,0.2128,1
6630,276.25,77.3,3.8,316.1,235.3,0.192,1
6631,276.2917,77.1,3.6,316.1,235.3,0.1536,1
6632,276.3333,77.1,3.7,316.1,235.4,0.1008,1
6633,276.375,,,,,,
6634,276.4167,76.7,3.7,316.2,234.4,0.124,1
6635,276.4583,76.3,3.7,316.1,234.5,0.1111,1
6636,276.5,75.8,3.7,316.0,234.6,0.1955,1
6637,276.5417,74.2,3.7,316.1,234.9,0.2265,1
6638,276.5833,74.7,3.7,316.1,235.0,0.1911,1
6639,276.625,74.2,3.6,316.0,234.8,0.1556,1
6640,276.6667,74.3,3.6,316.1,234.5,0.1474,1
6641,276.7083,74.1,3.6,315.9,233.0,0.1338,1
6642,276.75,74.4,3.5,315.9,233.6,0.1367,1
6643,276.7917,74.7,3.5,315.9,233.6,0.122,1
6644,276.8333,74.3,3.6,316.0,235.6,0.1229,1
6645,276.875,74.0,3.6,316.1,235.5,0.1349,1
6646,276.9167,,,,,,
6647,276.9583,,,,,,
6648,277.0,,,,,,
6649,277.0417,,,,,,
6650,277.0833,75.1,3.7,316.1,235.4,0.1857,1
6651,277.125,75.1,3.7,316.1,235.2,0.2027,1
6652,277.1667,74.7,3.7,316.1,234.5,0.2571,1
6653,277.2083,74.4,3.7,316.1,233.9,0.2956,1
6654,277.25,74.4,3.6,316.3,233.6,0.2953,1
6655,277.2917,74.6,3.6,316.3,233.7,0.2008,1
6656,277.3333,76.5,3.7,316.3,233.5,0.1703,1
6657,277.375,75.7,3.6,316.3,233.9,0.2171,1
6658,277.4167,76.2,3.6,316.3,233.8,0.1956,1
6659,277.4583,75.9,3.6,316.3,233.7,0.1806,1
6660,277.5,76.0,3.6,316.3,232.7,0.2495,1
6661,277.5417,75.2,3.6,316.3,233.9,0.2056,1
6662,277.5833,75.7,3.7,316.2,234.2,0.1966,1
6663,277.625,75.5,3.7,316.3,234.1,0.211,1
6664,277.6667,75.2,3.6,316.4,233.0,0.2303,1
6665,277.7083,73.9,3.6,316.6,232.6,0.1876,1
6666,277.75,75.0,3.6,316.6,231.9,0.2369,1
6667,277.7917,74.7,3.6,316.6,231.9,0.2387,1
6668,277.8333,74.3,3.6,316.3,234.3,0.1718,1
6669,277.875,74.0,3.7,316.5,234.9,0.1681,1
6670,277.9167,74.7,3.6,316.5,235.5,0.1641,1
6671,277.9583,74.4,3.6,316.4,235.5,0.1783,1
6672,278.0,73.2,3.6,316.3,234.9,0.2336,1
6673,278.0417,73.6,3.6,316.1,235.4,0.2059,1
6674,278.0833,74.1,3.7,316.0,235.4,0.1954,1
6675,278.125,74.1,3.7,316.1,235.4,0.2084,1
6676,278.1667,74.2,3.8,316.1,235.6,0.2153,1
6677,278.2083,72.5,3.7,316.5,234.8,0.1983,1
6678,278.25,71.6,3.7,316.5,234.5,0.1853,1
6679,278.2917,72.5,3.7,316.5,234.7,0.1826,1
6680,278.3333,71.3,3.7,316.8,234.1,0.1398,1
6681,278.375,70.3,3.5,317.0,233.3,0.1685,1
6682,278.4167,70.4,3.6,317.0,232.9,0.2284,1
6683,278.4583,70.5,3.6,317.0,232.9,0.1967,1
6684,278.5,70.6,3.5,317.0,233.7,0.1328,1
6685,278.5417,72.0,3.6,316.8,233.8,0.1278,1
6686,278.5833,70.6,3.6,316.9,233.8,0.1406,1
6687,278.625,70.2,3.6,316.8,233.7,0.1457,1
6688,278.6667,71.0,3.6,317.0,232.6,0.1826,1
6689,278.7083,70.6,3.4,317.1,230.4,0.1455,1
6690,278.75,71.0,3.5,317.1,231.0,0.1789,1
6691,278.7917,70.8,3.5,317.1,231.0,0.1726,1
6692,278.8333,71.2,3.5,317.2,230.0,0.2026,1
6693,278.875,70.5,3.5,317.1,230.8,0.1626,1
6694,278.9167,72.0,3.5,316.9,229.0,0.2739,1
6695,278.9583,72.2,3.5,316.9,229.0,0.2756,1
6696,279.0,72.1,3.5,317.0,229.5,0.3142,1
6697,279.0417,71.0,3.6,317.0,230.4,0.2329,1
6698,279.0833,71.1,3.6,316.9,230.9,0.2299,1
6699,279.125,70.9,3.6,316.9,231.1,0.2099,1
6700,279.1667,70.3,3.6,317.0,231.3,0.198,1
6701,279.2083,69.8,3.7,317.0,230.7,0.2617,1
6702,279.25,70.0,3.6,317.0,231.1,0.1861,1
6703,279.2917,70.1,3.6,317.0,230.8,0.2001,1
6704,279.3333,70.7,3.8,317.1,230.6,0.2577,1
6705,279.375,70.7,3.6,317.0,230.7,0.1871,1
6706,279.4167,70.7,3.6,316.9,230.7,0.1784,1
6707,279.4583,70.8,3.6,317.0,230.9,0.1649,1
6708,279.5,70.9,3.7,316.9,231.6,0.218,1
6709,279.5417,71.9,3.7,316.8,231.6,0.2632,1
6710,279.5833,71.0,3.6,316.8,232.3,0.2253,1
6711,279.625,70.9,3.6,316.8,232.2,0.2175,1
6712,279.6667,71.9,3.7,316.7,231.5,0.1616,1
6713,279.7083,72.4,3.7,316.6,231.4,0.1847,1
6714,279.75,71.7,3.8,316.5,231.6,0.1573,1
6715,279.7917,71.6,3.8,316.6,231.4,0.1573,1
6716,279.8333,73.0,3.8,316.7,231.3,0.1247,1
6717,279.875,71.0,3.7,316.9,231.5,0.1336,1
6718,279.9167,71.1,3.7,316.9,231.9,0.1251,1
6719,279.9583,71.5,3.7,316.8,231.9,0.1143,1
6720,280.0,73.2,3.9,316.3,234.2,0.1175,1
6721,280.0417,74.3,3.7,316.5,233.6,0.1034,1
6722,280.0833,74.0,3.7,316.4,233.6,0.1001,1
6723,280.125,74.4,3.7,316.3,233.7,0.1116,1
6724,280.1667,,,,,,
6725,280.2083,,,,,,
6726,280.25,,,,,,
6727,280.2917,,,,,,
6728,280.3333,,,,,,
6729,280.375,,,,,,
6730,280.4167,,,,,,
6731,280.4583,,,,,,
6732,280.5,,,,,,
6733,280.5417,,,,,,
6734,280.5833,,,,,,
6735,280.625,,,,,,
6736,280.6667,72.5,3.9,316.6,230.3,0.1009,1
6737,280.7083,,,,,,
6738,280.75,,,,,,
6739,280.7917,,,,,,
6740,280.8333,,,,,,
6741,280.875,,,,,,
6742,280.9167,,,,,,
6743,280.9583,,,,,,
6744,281.0,73.7,3.8,316.5,230.1,0.1484,1
6745,281.0417,72.2,3.8,316.6,229.2,0.1453,1
6746,281.0833,73.1,3.9,316.5,229.9,0.1546,1
6747,281.125,73.1,3.9,316.5,229.8,0.149,1
6748,281.1667,72.8,3.9,316.7,229.0,0.1362,1
6749,281.2083,73.5,3.8,316.4,230.1,0.132,1
6750,281.25,72.6,4.0,316.5,230.2,0.1632,1
6751,281.2917,72.6,4.0,316.5,230.0,0.1534,1
6752,281.3333,72.2,3.9,316.5,230.1,0.1472,1
6753,281.375,73.2,4.0,316.7,230.9,0.1424,1
6754,281.4167,,,,,,
6755,281.4583,,,,,,
6756,281.5,72.5,3.8,316.9,229.2,0.1337,1
6757,281.5417,72.8,3.8,316.8,229.5,0.1135,1
6758,281.5833,73.7,3.9,316.7,230.4,0.1108,1
6759,281.625,73.6,3.9,316.7,229.8,0.1044,1
6760,281.6667,,,,,,
6761,281.7083,,,,,,
6762,281.75,,,,,,
6763,281.7917,,,,,,
6764,281.8333,,,,,,
6765,281.875,,,,,,
6766,281.9167,,,,,,
6767,281.9583,,,,,,
6768,282.0,73.6,3.8,316.9,228.7,0.1182,1
6769,282.0417,74.3,3.8,317.0,226.1,0.2102,1
6770,282.0833,73.5,4.0,317.0,229.0,0.1502,1
6771,282.125,73.9,4.0,317.0,228.9,0.1623,1
6772,282.1667,,,,,,
6773,282.2083,,,,,,
6774,282.25,,,,,,
6775,282.2917,,,,,,
6776,282.3333,,,,,,
6777,282.375,,,,,,
6778,282.4167,,,,,,
6779,282.4583,72.5,15.2,316.9,229.2,0.1124,1
6780,282.5,,,,,,
6781,282.5417,,,,,,
6782,282.5833,,,,,,
6783,282.625,,,,,,
6784,282.6667,,,,,,
6785,282.7083,,,,,,
6786,282.75,75.8,4.1,316.5,230.1,0.1134,1
6787,282.7917,75.2,4.1,316.6,230.1,0.1077,1
6788,282.8333,75.5,4.1,316.6,230.6,0.1231,1
6789,282.875,75.6,4.1,316.5,231.6,0.11,1
6790,282.9167,75.9,4.0,316.6,230.1,0.111,1
6791,282.9583,75.9,4.0,316.6,230.1,0.112,1
6792,283.0,75.0,4.2,316.7,231.5,0.1562,1
6793,283.0417,75.4,4.1,316.3,231.9,0.1643,1
6794,283.0833,76.7,4.1,316.1,232.4,0.161,1
6795,283.125,76.5,4.2,316.2,231.8,0.1819,1
6796,283.1667,75.9,4.1,316.3,231.2,0.1118,1
6797,283.2083,74.6,4.1,316.3,229.7,0.2653,1
6798,283.25,73.9,4.1,316.3,229.2,0.2531,1
6799,283.2917,74.2,4.0,316.2,229.4,0.2219,1
6800,283.3333,74.5,4.0,316.2,228.7,0.1704,1
6801,283.375,75.5,4.1,316.3,225.4,0.344,1
6802,283.4167,77.0,4.0,316.3,225.4,0.3141,1
6803,283.4583,76.8,3.9,316.4,224.9,0.2978,1
6804,283.5,77.0,4.1,316.4,225.9,0.3322,1
6805,283.5417,78.2,4.1,316.5,227.2,0.2331,1
6806,283.5833,75.5,4.4,316.8,226.0,0.3113,1
6807,283.625,75.4,4.4,316.9,226.3,0.3163,1
6808,283.6667,76.4,4.3,316.4,227.3,0.2789,1
6809,283.7083,75.7,4.2,316.7,225.2,0.323,1
6810,283.75,75.0,4.1,316.9,225.5,0.3726,1
6811,283.7917,74.7,4.2,316.9,225.4,0.4041,1
6812,283.8333,75.6,4.2,317.0,224.5,0.4491,1
6813,283.875,75.0,4.2,317.1,223.3,0.4574,1
6814,283.9167,75.6,4.1,316.8,223.0,0.4169,1
6815,283.9583,75.7,4.2,316.9,222.9,0.4248,1
6816,284.0,74.6,4.1,317.2,224.4,0.4246,1
6817,284.0417,75.8,4.1,316.8,226.9,0.3586,1
6818,284.0833,76.2,4.2,316.9,227.1,0.3742,1
6819,284.125,76.3,4.2,316.9,227.1,0.3592,1
6820,284.1667,74.9,4.2,316.9,226.7,0.3709,1
6821,284.2083,75.1,4.0,317.0,225.5,0.3202,1
6822,284.25,74.3,4.0,316.7,226.2,0.2978,1
6823,284.2917,74.3,4.0,316.7,226.2,0.2881,1
6824,284.3333,74.4,4.1,316.7,225.8,0.3864,1
6825,284.375,73.9,4.0,316.7,227.1,0.3325,1
6826,284.4167,72.9,4.0,316.9,226.4,0.3924,1
6827,284.4583,72.1,4.0,316.8,226.5,0.3492,1
6828,284.5,74.3,4.1,316.7,226.4,0.4047,1
6829,284.5417,74.1,4.1,316.7,226.7,0.4241,1
6830,284.5833,74.7,4.1,316.6,227.1,0.3661,1
6831,284.625,74.1,4.0,316.6,227.2,0.356,1
6832,284.6667,75.8,3.9,316.5,226.7,0.3158,1
6833,284.7083,75.7,3.9,316.5,226.3,0.3859,1
6834,284.75,75.2,3.8,316.3,227.8,0.356,1
6835,284.7917,74.7,3.9,316.3,227.8,0.3761,1
6836,284.8333,74.5,4.0,316.4,228.0,0.4173,1
6837,284.875,74.3,4.1,316.4,228.2,0.3987,1
6838,284.9167,73.3,3.9,316.6,229.3,0.3318,1
6839,284.9583,73.3,3.9,316.5,229.3,0.3313,1
6840,285.0,74.5,4.1,316.7,228.6,0.3848,1
6841,285.0417,74.3,4.2,316.7,228.1,0.3703,1
6842,285.0833,74.6,4.2,316.6,228.9,0.3624,1
6843,285.125,74.2,4.2,316.7,228.9,0.3465,1
6844,285.1667,73.9,4.2,316.8,229.1,0.3515,1
6845,285.2083,74.9,4.0,316.6,228.3,0.351,1
6846,285.25,75.3,4.1,316.7,228.3,0.3254,1
6847,285.2917,75.2,4.1,316.7,228.3,0.3211,1
6848,285.3333,75.2,4.1,316.6,228.5,0.3956,1
6849,285.375,76.1,4.0,316.4,229.4,0.2452,1
6850,285.4167,75.1,4.1,316.4,229.0,0.2222,1
6851,285.4583,74.6,4.0,316.4,229.0,0.2168,1
6852,285.5,73.2,4.0,316.5,229.3,0.2194,1
6853,285.5417,74.0,4.0,316.4,229.5,0.1787,1
6854,285.5833,74.1,4.1,316.5,229.4,0.2213,1
6855,285.625,73.9,4.1,316.5,229.4,0.2316,1
6856,285.6667,73.2,4.1,316.6,229.0,0.1934,1
6857,285.7083,73.9,4.0,316.4,228.6,0.1643,1
6858,285.75,74.5,4.0,316.4,229.1,0.2019,1
6859,285.7917,74.6,4.0,316.4,229.2,0.208,1
6860,285.8333,75.1,3.8,316.4,229.0,0.2274,1
6861,285.875,75.6,3.9,316.3,229.7,0.2242,1
6862,285.9167,74.8,4.1,316.2,229.5,0.2647,1
6863,285.9583,75.2,4.1,316.2,229.4,0.2436,1
6864,286.0,73.8,4.1,316.5,229.3,0.2775,1
6865,286.0417,74.4,4.0,316.6,229.0,0.2471,1
6866,286.0833,75.1,4.1,316.2,229.7,0.2276,1
6867,286.125,75.2,4.1,316.2,229.6,0.2389,1
6868,286.1667,74.8,4.0,316.2,229.3,0.2464,1
6869,286.2083,76.3,4.0,316.1,229.9,0.2,1
6870,286.25,75.3,4.0,316.0,230.4,0.1768,1
6871,286.2917,75.7,4.0,316.0,230.4,0.1974,1
6872,286.3333,76.0,4.1,316.0,230.9,0.1831,1
6873,286.375,76.3,4.0,316.1,230.7,0.1607,1
6874,286.4167,75.4,4.1,316.2,230.9,0.1977,1
6875,286.4583,75.4,4.1,316.2,231.0,0.1948,1
6876,286.5,76.4,4.2,316.2,231.6,0.1538,1
6877,286.5417,76.8,4.1,316.3,231.3,0.198,1
6878,286.5833,76.8,4.2,316.3,230.3,0.2744,1
6879,286.625,76.4,4.2,316.3,230.4,0.2727,1
6880,286.6667,76.8,4.1,316.2,230.4,0.2303,1
6881,286.7083,76.6,4.0,316.4,229.9,0.2386,1
6882,286.75,76.0,4.0,316.2,229.8,0.2796,1
6883,286.7917,75.9,4.0,316.2,229.8,0.2631,1
6884,286.8333,76.4,4.0,316.3,229.4,0.3187,1
6885,286.875,76.4,4.0,316.1,230.0,0.2034,1
6886,286.9167,76.5,4.0,316.3,229.5,0.2281,1
6887,286.9583,76.5,4.0,316.2,229.6,0.2153,1
6888,287.0,76.1,4.0,316.2,229.7,0.2488,1
6889,287.0417,75.8,4.1,316.2,230.6,0.2569,1
6890,287.0833,76.6,4.1,316.1,230.5,0.2498,1
6891,287.125,76.7,4.2,316.1,230.5,0.232,1
6892,287.1667,77.3,4.1,316.1,229.6,0.2062,1
6893,287.2083,77.3,4.1,316.0,230.8,0.1565,1
6894,287.25,77.1,4.2,316.1,231.3,0.2263,1
6895,287.2917,77.1,4.2,316.0,231.3,0.1956,1
6896,287.3333,77.1,4.2,316.0,231.7,0.1927,1
6897,287.375,76.7,4.2,315.9,231.3,0.2028,1
6898,287.4167,76.1,4.2,316.0,230.8,0.191,1
6899,287.4583,76.2,4.2,316.0,230.8,0.1686,1
6900,287.5,76.5,4.2,316.0,231.7,0.1795,1
6901,287.5417,76.5,4.2,316.1,230.9,0.1697,1
6902,287.5833,75.1,4.2,316.1,230.8,0.1928,1
6903,287.625,75.0,4.2,316.2,230.7,0.1981,1
6904,287.6667,74.8,4.1,316.0,230.9,0.2083,1
6905,287.7083,75.3,4.1,315.9,230.6,0.203,1
6906,287.75,75.3,4.0,315.9,231.1,0.2025,1
6907,287.7917,75.4,4.1,316.0,231.2,0.2037,1
6908,287.8333,75.9,4.1,316.0,230.5,0.2021,1
6909,287.875,76.1,4.0,315.9,230.8,0.1991,1
6910,287.9167,75.0,4.1,315.9,231.0,0.2002,1
6911,287.9583,75.5,4.1,315.9,231.0,0.1944,1
6912,288.0,74.6,4.1,316.1,231.4,0.2514,1
6913,288.0417,75.2,4.1,316.1,230.7,0.257,1
6914,288.0833,75.6,4.2,316.2,230.0,0.2629,1
6915,288.125,75.5,4.2,316.1,230.0,0.2568,1
6916,288.1667,75.9,4.2,316.2,229.9,0.25,1
6917,288.2083,76.1,4.1,316.1,230.1,0.1899,1
6918,288.25,77.2,4.2,316.1,230.7,0.1825,1
6919,288.2917,77.1,4.2,316.1,230.7,0.1806,1
6920,288.3333,76.7,4.2,316.1,230.2,0.2161,1
6921,288.375,76.8,4.2,316.0,230.1,0.2604,1
6922,288.4167,77.0,4.1,316.1,230.6,0.265,1
6923,288.4583,77.3,4.1,316.0,230.5,0.2455,1
6924,288.5,76.6,4.2,316.1,230.7,0.2558,1
6925,288.5417,76.3,4.2,316.2,230.3,0.2895,1
6926,288.5833,78.4,4.3,316.1,230.3,0.293,1
6927,288.625,78.4,4.3,316.0,230.3,0.305,1
6928,288.6667,77.5,4.1,316.1,231.7,0.2692,1
6929,288.7083,76.4,4.1,315.9,231.5,0.2897,1
6930,288.75,76.8,4.3,316.1,231.3,0.3003,1
6931,288.7917,76.5,4.3,316.1,231.4,0.2993,1
6932,288.8333,76.8,4.3,316.1,231.1,0.2269,1
6933,288.875,77.8,4.3,316.0,230.8,0.2499,1
6934,288.9167,77.2,4.3,316.0,231.1,0.2578,1
6935,288.9583,77.3,4.3,316.0,231.1,0.2379,1
6936,289.0,75.4,4.3,316.0,231.3,0.2555,1
6937,289.0417,76.1,4.4,315.9,231.3,0.2529,1
6938,289.0833,76.4,4.4,315.9,231.2,0.2626,1
6939,289.125,76.5,4.4,315.9,231.3,0.2489,1
6940,289.1667,77.0,4.3,315.8,231.7,0.2174,1
6941,289.2083,76.6,4.3,316.0,231.1,0.2192,1
6942,289.25,76.8,4.2,315.9,231.2,0.2226,1
6943,289.2917,77.0,4.2,315.9,231.2,0.2154,1
6944,289.3333,76.9,4.3,315.9,231.0,0.2517,1
6945,289.375,76.7,4.2,315.9,230.3,0.2223,1
6946,289.4167,77.0,4.1,316.1,230.5,0.217,1
6947,289.4583,77.0,4.1,316.1,230.5,0.2078,1
6948,289.5,76.5,4.2,316.2,230.2,0.2266,1
6949,289.5417,78.0,4.2,316.0,230.3,0.2428,1
6950,289.5833,78.1,4.3,316.0,230.5,0.2284,1
6951,289.625,78.6,4.3,316.1,230.4,0.2412,1
6952,289.6667,78.4,4.2,316.1,230.5,0.2113,1
6953,289.7083,78.7,4.3,316.0,230.2,0.2917,1
6954,289.75,78.4,4.3,315.9,230.2,0.3038,1
6955,289.7917,78.5,4.2,315.9,230.2,0.2927,1
6956,289.8333,78.5,4.3,316.0,230.7,0.2761,1
6957,289.875,77.9,4.3,316.0,230.4,0.2556,1
6958,289.9167,78.2,4.3,315.9,230.1,0.2596,1
6959,289.9583,77.7,4.2,315.9,230.1,0.2473,1
6960,290.0,71.2,3.6,316.6,227.8,0.2659,1
6961,290.0417,71.6,3.8,316.6,227.9,0.2562,1
6962,290.0833,71.5,3.7,316.6,228.7,0.2357,1
6963,290.125,71.2,3.7,316.7,228.3,0.2429,1
6964,290.1667,73.2,3.7,316.6,229.1,0.2152,1
6965,290.2083,73.2,3.7,316.4,229.3,0.2604,1
6966,290.25,72.8,3.7,316.1,229.7,0.2702,1
6967,290.2917,73.2,3.6,316.2,229.7,0.2771,1
6968,290.3333,73.2,3.5,316.1,229.4,0.2347,1
6969,290.375,72.7,3.6,316.2,230.7,0.1994,1
6970,290.4167,72.2,3.6,316.3,230.1,0.2281,1
6971,290.4583,71.6,3.6,316.2,230.1,0.2076,1
6972,290.5,69.6,3.5,316.3,230.0,0.2541,1
6973,290.5417,69.6,3.7,316.6,230.6,0.2295,1
6974,290.5833,69.0,3.6,316.5,230.7,0.2042,1
6975,290.625,69.3,3.6,316.5,230.8,0.1851,1
6976,290.6667,70.3,3.6,316.4,230.3,0.1957,1
6977,290.7083,70.6,3.6,316.3,230.8,0.222,1
6978,290.75,69.5,3.7,316.5,230.4,0.1891,1
6979,290.7917,70.0,3.7,316.4,230.2,0.2022,1
6980,290.8333,69.2,3.6,316.5,230.0,0.2337,1
6981,290.875,70.6,3.6,316.5,230.1,0.2049,1
6982,290.9167,71.3,3.6,316.5,230.5,0.2338,1
6983,290.9583,71.6,3.6,316.6,230.5,0.218,1
6984,291.0,69.9,3.6,316.7,230.7,0.2755,1
6985,291.0417,70.7,3.7,316.9,229.6,0.2451,1
6986,291.0833,70.0,3.6,316.8,229.7,0.2624,1
6987,291.125,69.9,3.6,316.8,229.7,0.2637,1
6988,291.1667,71.5,3.5,316.7,229.4,0.2382,1
6989,291.2083,69.6,3.5,316.8,228.0,0.3053,1
6990,291.25,69.8,3.5,316.6,229.2,0.2712,1
6991,291.2917,70.4,3.5,316.6,229.2,0.2599,1
6992,291.3333,69.6,3.5,316.7,229.4,0.2689,1
6993,291.375,69.8,3.3,316.6,229.0,0.2829,1
6994,291.4167,71.6,3.4,316.6,229.2,0.3085,1
6995,291.4583,71.6,3.5,316.7,229.1,0.3145,1
6996,291.5,70.8,3.5,316.7,228.1,0.3963,1
6997,291.5417,70.7,3.6,316.7,228.0,0.4115,1
6998,291.5833,70.5,3.5,316.8,229.3,0.3604,1
6999,291.625,70.7,3.5,316.8,229.3,0.3536,1
7000,291.6667,70.6,3.6,316.8,228.6,0.3592,1
7001,291.7083,69.3,3.5,316.7,227.7,0.3665,1
7002,291.75,68.8,3.5,317.0,227.5,0.382,1
7003,291.7917,69.4,3.5,316.9,227.6,0.3812,1
7004,291.8333,69.4,3.5,316.9,227.1,0.402,1
7005,291.875,69.8,3.4,316.9,228.6,0.3311,1
7006,291.9167,69.9,3.4,316.9,227.7,0.3695,1
7007,291.9583,70.0,3.4,316.8,227.5,0.3752,1
7008,292.0,69.6,3.5,316.8,227.7,0.3837,1
7009,292.0417,70.2,3.6,316.9,227.8,0.3581,1
7010,292.0833,70.2,3.7,317.0,228.2,0.3394,1
7011,292.125,69.8,3.6,316.9,228.1,0.3403,1
7012,292.1667,70.7,3.5,316.6,228.0,0.3942,1
7013,292.2083,71.1,3.5,316.6,228.1,0.3554,1
7014,292.25,70.8,3.6,316.8,228.5,0.3921,1
7015,292.2917,71.2,3.6,316.7,228.8,0.3669,1
7016,292.3333,72.2,3.7,316.7,227.6,0.4108,1
7017,292.375,70.5,3.7,316.8,227.7,0.4195,1
7018,292.4167,70.6,3.6,316.7,228.0,0.3988,1
7019,292.4583,70.7,3.6,316.8,228.0,0.4018,1
7020,292.5,70.7,3.6,317.1,227.3,0.4513,1
7021,292.5417,71.3,3.6,317.1,229.2,0.3754,1
7022,292.5833,70.8,3.7,317.1,229.6,0.3977,1
7023,292.625,71.2,3.8,317.1,229.6,0.3961,1
7024,292.6667,73.9,3.7,316.9,228.8,0.3791,1
7025,292.7083,73.9,3.7,316.8,228.5,0.3612,1
7026,292.75,73.7,3.8,316.9,230.0,0.3491,1
7027,292.7917,73.5,3.9,316.9,229.9,0.3496,1
7028,292.8333,73.5,3.8,316.8,229.6,0.3392,1
7029,292.875,71.7,3.6,316.8,229.5,0.2984,1
7030,292.9167,72.1,3.6,317.0,229.7,0.3318,1
7031,292.9583,72.2,3.6,317.0,229.7,0.3261,1
7032,293.0,72.3,3.7,316.9,229.2,0.3357,1
7033,293.0417,72.5,3.7,317.0,228.8,0.3332,1
7034,293.0833,73.0,3.8,317.1,229.1,0.3597,1
7035,293.125,73.1,3.8,317.0,229.1,0.3539,1
7036,293.1667,72.4,3.9,316.9,228.7,0.38,1
7037,293.2083,73.3,3.8,317.1,228.3,0.3375,1
7038,293.25,74.0,3.8,316.9,228.5,0.3057,1
7039,293.2917,74.1,3.7,316.9,228.3,0.3263,1
7040,293.3333,74.2,3.8,316.9,228.7,0.3095,1
7041,293.375,74.6,3.7,317.0,227.9,0.2975,1
7042,293.4167,74.7,3.8,317.1,228.1,0.2952,1
7043,293.4583,74.9,3.8,317.0,227.8,0.3034,1
7044,293.5,71.9,3.7,317.0,228.5,0.3164,1
7045,293.5417,75.0,3.7,316.9,227.7,0.361,1
7046,293.5833,74.6,3.9,316.6,229.5,0.2881,1
7047,293.625,75.1,4.0,316.7,230.3,0.2711,1
7048,293.6667,74.7,3.9,317.0,227.7,0.2016,1
7049,293.7083,74.4,3.9,317.0,228.4,0.1957,1
7050,293.75,74.0,3.8,316.9,228.4,0.2081,1
7051,293.7917,74.6,3.8,316.9,228.3,0.1871,1
7052,293.8333,75.0,3.9,316.9,228.6,0.2175,1
7053,293.875,74.0,3.9,317.0,228.7,0.1927,1
7054,293.9167,72.4,3.9,316.9,229.5,0.174,1
7055,293.9583,72.4,3.9,316.8,229.6,0.1792,1
7056,294.0,71.1,3.8,317.0,229.8,0.1975,1
7057,294.0417,71.6,3.9,316.9,229.3,0.2099,1
7058,294.0833,71.5,3.8,317.0,229.5,0.2471,1
7059,294.125,71.0,3.8,317.0,229.0,0.2495,1
7060,294.1667,71.7,3.7,316.7,229.8,0.1504,1
7061,294.2083,71.6,3.7,317.0,229.9,0.1764,1
7062,294.25,72.4,3.8,316.7,231.2,0.1693,1
7063,294.2917,72.7,3.8,316.7,231.2,0.1727,1
7064,294.3333,73.1,3.7,316.7,231.2,0.1796,1
7065,294.375,73.5,3.8,316.6,231.1,0.2034,1
7066,294.4167,72.9,3.7,316.5,230.5,0.23,1
7067,294.4583,73.4,3.7,316.5,230.6,0.1993,1
7068,294.5,74.7,3.8,316.5,230.3,0.1888,1
7069,294.5417,76.1,3.8,316.5,230.9,0.1512,1
7070,294.5833,74.4,3.9,316.5,231.3,0.2007,1
7071,294.625,74.3,3.9,316.6,231.2,0.2098,1
7072,294.6667,76.8,3.7,316.5,231.1,0.1228,1
7073,294.7083,76.0,3.8,316.4,231.1,0.1642,1
7074,294.75,76.5,3.8,316.5,231.4,0.1674,1
7075,294.7917,76.0,3.8,316.5,231.4,0.1758,1
7076,294.8333,76.1,3.9,316.5,231.4,0.1912,1
7077,294.875,76.2,3.9,316.4,230.4,0.226,1
7078,294.9167,74.7,3.8,316.5,231.3,0.2188,1
7079,294.9583,74.5,3.8,316.5,231.3,0.2051,1
7080,295.0,73.9,3.8,316.3,230.5,0.1763,1
7081,295.0417,74.1,3.9,316.4,230.3,0.2163,1
7082,295.0833,75.6,3.9,316.4,230.9,0.1971,1
7083,295.125,75.3,4.0,316.5,230.9,0.1948,1
7084,295.1667,73.9,4.0,316.4,231.6,0.2056,1
7085,295.2083,72.6,3.8,316.3,231.5,0.1803,1
7086,295.25,72.6,3.8,316.1,231.8,0.2016,1
7087,295.2917,72.4,3.9,316.2,231.7,0.2063,1
7088,295.3333,72.3,3.8,316.1,231.7,0.1965,1
7089,295.375,72.8,3.9,316.1,231.4,0.2483,1
7090,295.4167,71.1,3.7,316.1,231.4,0.1706,1
7091,295.4583,71.2,3.7,316.1,231.4,0.1552,1
7092,295.5,71.5,3.8,316.1,232.0,0.1822,1
7093,295.5417,71.9,3.9,316.2,231.4,0.194,1
7094,295.5833,72.0,3.9,316.2,232.0,0.1782,1
7095,295.625,72.4,3.9,316.2,231.7,0.192,1
7096,295.6667,73.5,3.9,316.5,230.6,0.2142,1
7097,295.7083,74.3,3.9,316.4,231.3,0.1797,1
7098,295.75,74.3,3.9,316.3,231.7,0.1493,1
7099,295.7917,73.9,3.9,316.3,231.6,0.1505,1
7100,295.8333,73.6,3.8,316.3,231.6,0.1571,1
7101,295.875,74.1,4.0,316.5,232.3,0.146,1
7102,295.9167,74.5,4.0,316.3,231.7,0.1514,1
7103,295.9583,74.5,4.0,316.3,231.7,0.1438,1
7104,296.0,71.6,4.0,316.4,231.4,0.1784,1
7105,296.0417,71.1,3.9,316.6,230.3,0.1614,1
7106,296.0833,71.5,3.9,316.5,230.1,0.1755,1
7107,296.125,71.3,3.9,316.6,229.7,0.1737,1
7108,296.1667,72.7,3.9,316.8,229.5,0.1967,1
7109,296.2083,73.0,4.0,316.8,229.1,0.1867,1
7110,296.25,73.8,3.9,316.6,229.3,0.2151,1
7111,296.2917,73.9,4.0,316.6,229.3,0.2267,1
7112,296.3333,74.3,3.9,316.6,230.3,0.1714,1
7113,296.375,75.3,4.0,316.6,229.8,0.2089,1
7114,296.4167,74.5,3.9,316.6,230.6,0.1424,1
7115,296.4583,74.0,3.9,316.6,230.3,0.1498,1
7116,296.5,72.2,3.8,316.6,230.2,0.128,1
7117,296.5417,72.6,3.9,316.5,230.6,0.1959,1
7118,296.5833,72.7,3.9,316.5,230.9,0.2247,1
7119,296.625,72.7,3.9,316.5,230.9,0.2236,1
7120,296.6667,73.6,4.0,316.5,230.6,0.2137,1
7121,296.7083,73.9,4.0,316.6,230.3,0.2531,1
7122,296.75,71.9,4.0,316.4,230.1,0.2068,1
7123,296.7917,72.2,3.9,316.4,230.2,0.1959,1
7124,296.8333,73.5,4.0,316.5,230.6,0.1817,1
7125,296.875,73.2,4.0,316.3,231.1,0.1489,1
7126,296.9167,73.2,4.0,316.4,231.4,0.176,1
7127,296.9583,73.3,3.9,316.4,231.4,0.1657,1
7128,297.0,72.6,4.0,316.6,230.4,0.201,1
7129,297.0417,70.9,4.1,316.5,230.6,0.1891,1
7130,297.0833,71.7,4.1,316.4,230.6,0.2057,1
7131,297.125,72.3,4.1,316.4,230.3,0.2234,1
7132,297.1667,74.2,4.2,316.5,230.4,0.2139,1
7133,297.2083,73.2,4.1,316.5,231.2,0.1947,1
7134,297.25,73.7,4.1,316.4,231.3,0.1886,1
7135,297.2917,73.8,4.1,316.5,231.1,0.189,1
7136,297.3333,73.1,4.0,316.7,231.1,0.1648,1
7137,297.375,75.0,4.0,316.5,230.7,0.1568,1
7138,297.4167,74.3,4.0,316.5,231.4,0.2055,1
7139,297.4583,73.7,4.0,316.5,231.4,0.2026,1
7140,297.5,72.9,4.0,316.6,231.3,0.2379,1
7141,297.5417,73.6,4.1,316.6,229.5,0.2541,1
7142,297.5833,73.7,4.0,316.5,229.9,0.2325,1
7143,297.625,73.4,4.0,316.5,230.0,0.233,1
7144,297.6667,74.1,4.0,316.5,230.6,0.2541,1
7145,297.7083,73.9,4.0,316.5,230.7,0.2167,1
7146,297.75,74.4,4.0,316.6,230.7,0.2282,1
7147,297.7917,74.3,4.0,316.7,230.6,0.2297,1
7148,297.8333,74.5,3.9,316.7,230.5,0.2099,1
7149,297.875,74.6,4.0,316.6,230.9,0.2303,1
7150,297.9167,73.8,4.0,316.7,231.4,0.1556,1
7151,297.9583,73.6,4.0,316.7,231.2,0.1544,1
7152,298.0,75.4,4.1,316.6,231.3,0.2286,1
7153,298.0417,75.3,4.1,316.5,231.5,0.214,1
7154,298.0833,75.1,4.1,316.5,231.3,0.2156,1
7155,298.125,74.8,4.0,316.5,231.3,0.1969,1
7156,298.1667,75.4,4.0,316.5,231.3,0.1671,1
7157,298.2083,76.1,3.9,316.5,230.7,0.1625,1
7158,298.25,75.7,3.9,316.3,231.0,0.1846,1
7159,298.2917,75.9,3.9,316.3,231.0,0.1785,1
7160,298.3333,75.1,3.9,316.5,229.5,0.2358,1
7161,298.375,74.7,3.8,316.5,230.2,0.2137,1
7162,298.4167,75.0,3.8,316.6,230.5,0.1694,1
7163,298.4583,75.0,3.8,316.7,230.4,0.1662,1
7164,298.5,72.7,3.8,316.6,230.6,0.1618,1
7165,298.5417,75.3,3.8,316.6,230.2,0.1665,1
7166,298.5833,74.7,3.9,316.6,229.5,0.2253,1
7167,298.625,75.1,3.9,316.5,229.4,0.2187,1
7168,298.6667,75.7,3.9,316.6,228.9,0.1981,1
7169,298.7083,75.3,3.9,316.5,229.0,0.2525,1
7170,298.75,75.3,3.9,316.5,229.3,0.2293,1
7171,298.7917,75.0,3.9,316.5,229.3,0.2158,1
7172,298.8333,75.3,3.9,316.4,228.8,0.219,1
7173,298.875,75.4,3.8,316.3,230.1,0.1367,1
7174,298.9167,75.5,3.9,316.3,230.4,0.1528,1
7175,298.9583,75.1,3.9,316.3,230.4,0.1453,1
7176,299.0,74.4,4.0,316.5,230.5,0.1892,1
7177,299.0417,76.1,3.9,316.6,230.3,0.1978,1
7178,299.0833,75.8,4.1,316.6,230.5,0.246,1
7179,299.125,75.8,4.1,316.5,230.5,0.2503,1
7180,299.1667,73.1,4.0,316.5,230.1,0.2618,1
7181,299.2083,72.5,4.0,316.5,230.1,0.2939,1
7182,299.25,73.5,4.0,316.7,230.2,0.2833,1
7183,299.2917,73.4,4.0,316.7,230.2,0.294,1
7184,299.3333,72.7,4.0,316.8,230.0,0.2923,1
7185,299.375,73.0,4.0,316.8,230.3,0.2921,1
7186,299.4167,73.0,3.9,316.6,230.0,0.3258,1
7187,299.4583,73.2,3.9,316.6,230.0,0.3077,1
7188,299.5,74.0,3.9,316.6,229.9,0.3552,1
7189,299.5417,74.5,3.8,316.5,231.3,0.2431,1
7190,299.5833,74.8,4.0,316.3,231.5,0.2837,1
7191,299.625,75.1,4.0,316.3,231.5,0.2845,1
7192,299.6667,74.2,3.9,316.7,230.1,0.3278,1
7193,299.7083,74.2,3.8,316.6,230.3,0.2555,1
7194,299.75,73.4,3.9,316.7,230.2,0.3386,1
7195,299.7917,73.7,3.9,316.6,230.2,0.3178,1
7196,299.8333,72.7,3.7,316.9,229.4,0.3392,1
7197,299.875,72.8,3.8,316.7,230.3,0.3101,1
7198,299.9167,72.9,4.0,316.8,230.1,0.3463,1
7199,299.9583,73.0,3.9,316.8,230.2,0.3246,1
7200,300.0,71.0,3.3,317.6,225.2,0.2181,1
7201,300.0417,72.2,3.4,317.3,225.0,0.2165,1
7202,300.0833,70.9,3.6,317.2,226.4,0.2071,1
7203,300.125,70.7,3.6,317.2,226.5,0.1985,1
7204,300.1667,72.0,3.6,316.9,229.3,0.1941,1
7205,300.2083,72.3,3.8,317.0,228.7,0.2164,1
7206,300.25,72.2,3.7,316.9,228.5,0.2284,1
7207,300.2917,72.3,3.7,316.8,228.7,0.2043,1
7208,300.3333,71.6,3.7,317.0,228.7,0.2313,1
7209,300.375,71.8,3.7,316.9,227.1,0.2834,1
7210,300.4167,71.2,3.8,317.0,228.2,0.2787,1
7211,300.4583,71.1,3.8,317.0,228.1,0.2815,1
7212,300.5,70.8,3.8,317.1,228.3,0.3057,1
7213,300.5417,71.9,3.6,316.8,228.1,0.2445,1
7214,300.5833,71.5,3.6,316.7,228.3,0.2533,1
7215,300.625,71.6,3.7,316.7,228.3,0.2555,1
7216,300.6667,72.3,3.7,316.6,227.5,0.3292,1
7217,300.7083,72.7,3.7,316.6,229.3,0.2548,1
7218,300.75,73.7,3.6,316.5,229.6,0.265,1
7219,300.7917,73.8,3.6,316.5,229.5,0.2487,1
7220,300.8333,74.4,3.6,316.5,229.7,0.2652,1
7221,300.875,73.8,3.6,316.4,229.0,0.2464,1
7222,300.9167,74.0,3.6,316.5,229.9,0.2306,1
7223,300.9583,74.2,3.6,316.5,229.9,0.2225,1
7224,301.0,73.7,3.6,316.6,229.0,0.2658,1
7225,301.0417,74.6,3.6,316.6,227.8,0.2532,1
7226,301.0833,73.7,3.7,316.7,228.2,0.2769,1
7227,301.125,73.5,3.7,316.7,228.2,0.2796,1
7228,301.1667,74.5,3.7,316.6,228.4,0.2587,1
7229,301.2083,72.6,3.7,316.8,227.9,0.2799,1
7230,301.25,73.7,3.7,316.7,227.8,0.2475,1
7231,301.2917,73.6,3.7,316.5,227.8,0.2318,1
7232,301.3333,73.8,3.8,316.6,227.8,0.2365,1
7233,301.375,74.0,3.9,316.5,228.9,0.1706,1
7234,301.4167,75.5,3.7,316.3,228.9,0.124,1
7235,301.4583,74.8,3.7,316.4,228.9,0.1385,1
7236,301.5,73.1,3.8,316.4,228.6,0.18,1
7237,301.5417,74.1,3.8,316.3,228.2,0.1801,1
7238,301.5833,75.2,3.8,316.4,228.4,0.1983,1
7239,301.625,74.8,3.8,316.3,228.4,0.1914,1
7240,301.6667,75.4,3.8,316.3,228.3,0.2097,1
7241,301.7083,75.2,3.8,316.3,227.7,0.2473,1
7242,301.75,75.4,3.8,316.3,227.7,0.2222,1
7243,301.7917,75.3,3.8,316.2,227.7,0.2178,1
7244,301.8333,74.9,3.8,316.3,227.5,0.2424,1
7245,301.875,75.1,3.8,316.3,228.9,0.2439,1
7246,301.9167,73.9,3.7,316.3,226.4,0.3381,1
7247,301.9583,73.9,3.8,316.4,226.5,0.3238,1
7248,302.0,72.7,3.7,316.4,227.2,0.3676,1
7249,302.0417,71.6,3.7,316.5,228.2,0.33,1
7250,302.0833,71.9,3.7,316.5,228.9,0.2792,1
7251,302.125,71.6,3.7,316.5,228.7,0.2852,1
7252,302.1667,71.0,3.8,316.4,228.9,0.2743,1
7253,302.2083,71.5,3.9,316.4,228.5,0.2648,1
7254,302.25,72.1,3.9,316.3,227.6,0.2703,1
7255,302.2917,72.0,3.9,316.4,227.6,0.2708,1
7256,302.3333,72.1,3.8,316.3,227.7,0.2814,1
7257,302.375,72.7,3.9,316.4,227.8,0.2158,1
7258,302.4167,72.8,3.8,316.5,226.0,0.3182,1
7259,302.4583,72.8,3.9,316.5,226.0,0.3206,1
7260,302.5,71.4,3.9,316.6,226.7,0.3239,1
7261,302.5417,71.9,3.9,316.5,226.0,0.3387,1
7262,302.5833,71.0,3.8,316.6,226.2,0.3317,1
7263,302.625,70.8,3.8,316.6,226.1,0.3321,1
7264,302.6667,70.9,3.9,316.6,226.3,0.3556,1
7265,302.7083,69.4,3.8,316.7,226.3,0.3421,1
7266,302.75,68.8,3.7,316.8,227.9,0.2739,1
7267,302.7917,68.9,3.6,316.8,228.0,0.2762,1
7268,302.8333,68.1,3.7,316.8,227.7,0.2717,1
7269,302.875,68.1,3.6,317.0,224.9,0.3558,1
7270,302.9167,68.2,3.6,317.0,225.3,0.3247,1
7271,302.9583,67.1,3.5,317.1,225.4,0.3337,1
7272,303.0,67.5,3.5,317.3,224.9,0.362,1
7273,303.0417,69.3,3.6,317.0,225.9,0.229,1
7274,303.0833,69.1,3.5,317.0,226.3,0.2147,1
7275,303.125,69.1,3.5,317.0,226.3,0.2339,1
7276,303.1667,68.6,3.5,317.3,225.3,0.2712,1
7277,303.2083,69.2,3.5,317.2,226.6,0.2661,1
7278,303.25,68.5,3.6,317.1,226.5,0.2351,1
7279,303.2917,69.0,3.6,317.1,226.4,0.2375,1
7280,303.3333,69.2,3.5,317.3,225.9,0.2895,1
7281,303.375,69.2,3.4,317.2,224.1,0.3946,1
7282,303.4167,68.8,3.4,317.0,223.9,0.388,1
7283,303.4583,68.7,3.4,317.0,223.8,0.3919,1
7284,303.5,68.8,3.5,317.2,224.6,0.4022,1
7285,303.5417,68.7,3.5,317.0,225.6,0.3772,1
7286,303.5833,69.2,3.5,317.0,224.1,0.4469,1
7287,303.625,69.4,3.5,317.1,224.7,0.4424,1
7288,303.6667,71.4,3.7,316.8,223.3,0.4399,1
7289,303.7083,71.6,3.8,316.9,224.6,0.4033,1
7290,303.75,71.0,3.7,316.7,225.5,0.3582,1
7291,303.7917,71.6,3.6,316.7,225.5,0.3443,1
7292,303.8333,71.2,3.7,316.6,225.5,0.2941,1
7293,303.875,71.2,3.7,316.8,224.2,0.3306,1
7294,303.9167,70.6,3.8,316.7,224.4,0.2973,1
7295,303.9583,70.2,3.8,316.7,224.5,0.299,1
7296,304.0,68.3,3.7,317.6,223.0,0.4454,1
7297,304.0417,69.4,3.9,317.3,222.7,0.4087,1
7298,304.0833,70.2,3.8,317.1,223.0,0.3947,1
7299,304.125,70.3,3.8,317.1,222.9,0.3952,1
7300,304.1667,70.1,3.6,316.9,223.0,0.3664,1
7301,304.2083,70.6,3.7,317.2,222.9,0.3483,1
7302,304.25,70.9,3.6,317.3,223.3,0.3016,1
7303,304.2917,70.9,3.6,317.2,223.5,0.2864,1
7304,304.3333,70.6,3.6,317.2,223.9,0.2779,1
7305,304.375,73.1,3.8,316.8,223.0,0.3285,1
7306,304.4167,70.7,3.8,316.9,224.4,0.3216,1
7307,304.4583,70.5,3.8,316.8,224.3,0.3148,1
7308,304.5,70.6,3.7,316.8,225.5,0.3213,1
7309,304.5417,69.8,3.8,316.9,223.9,0.3578,1
7310,304.5833,69.6,3.8,317.0,224.5,0.3653,1
7311,304.625,69.8,3.8,317.0,224.4,0.3715,1
7312,304.6667,68.7,3.7,317.1,224.1,0.3742,1
7313,304.7083,69.2,3.7,317.0,225.1,0.3158,1
7314,304.75,69.2,3.8,317.1,224.9,0.3667,1
7315,304.7917,69.0,3.8,317.1,224.9,0.3614,1
7316,304.8333,69.5,3.8,317.0,224.9,0.3395,1
