frame,time_s,x1,y1,x2,y2,conf,cls
0,0.0,380.2,247.6,397.7,264.2,0.1575,0
0,0.0,362.2,332.7,374.6,340.9,0.1343,0
1,0.0334,377.9,246.4,396.9,265.4,0.2657,0
1,0.0334,358.7,330.8,372.0,340.4,0.2485,0
1,0.0334,358.9,331.8,370.9,340.2,0.2441,0
2,0.0667,377.2,247.2,396.7,264.0,0.3234,0
3,0.1001,369.3,244.1,391.9,262.1,0.3539,0
4,0.1335,364.8,242.0,384.7,259.7,0.1399,0
5,0.1668,,,,,,
6,0.2002,,,,,,
7,0.2336,,,,,,
8,0.2669,,,,,,
9,0.3003,,,,,,
10,0.3337,,,,,,
11,0.367,,,,,,
12,0.4004,,,,,,
13,0.4338,,,,,,
14,0.4671,,,,,,
15,0.5005,364.1,225.9,382.8,242.3,0.2808,0
16,0.5339,363.4,225.0,382.8,241.7,0.1822,0
17,0.5672,361.3,224.3,383.9,242.1,0.2192,0
18,0.6006,362.9,224.9,381.4,242.4,0.4063,0
19,0.634,72.6,331.8,93.3,352.0,0.1501,0
19,0.634,74.3,338.5,92.1,351.7,0.1272,0
19,0.634,69.5,333.5,126.8,351.8,0.111,0
20,0.6673,69.4,338.7,93.1,351.9,0.429,0
20,0.6673,65.4,336.9,121.9,351.9,0.1338,0
20,0.6673,51.1,337.2,95.8,352.0,0.1095,0
21,0.7007,66.4,340.0,94.9,351.9,0.2784,0
21,0.7007,354.1,231.7,379.4,250.3,0.2115,0
21,0.7007,60.6,336.8,127.9,351.9,0.1503,0
22,0.7341,65.7,340.8,96.8,352.0,0.2337,0
22,0.7341,60.3,337.7,134.5,352.0,0.1192,0
23,0.7674,64.8,341.4,98.1,352.0,0.2929,0
23,0.7674,59.8,340.8,103.3,352.0,0.1169,0
23,0.7674,357.7,237.0,378.7,255.2,0.1116,0
24,0.8008,356.9,238.5,376.7,257.8,0.5622,0
25,0.8342,,,,,,
26,0.8675,358.6,244.5,379.3,265.4,0.355,0
27,0.9009,,,,,,
28,0.9343,359.4,246.3,381.8,265.9,0.138,0
29,0.9676,,,,,,
30,1.001,357.9,241.6,384.9,262.9,0.2885,0
31,1.0344,360.0,241.7,383.4,261.4,0.6287,0
32,1.0677,359.9,240.1,379.8,257.0,0.4452,0
33,1.1011,360.9,239.9,379.4,257.9,0.608,0
34,1.1345,360.1,240.4,379.7,256.7,0.518,0
35,1.1678,361.6,240.1,378.3,257.1,0.2437,0
36,1.2012,,,,,,
37,1.2346,,,,,,
38,1.2679,,,,,,
39,1.3013,,,,,,
40,1.3347,338.3,327.3,349.5,336.6,0.1167,0
41,1.368,,,,,,
42,1.4014,,,,,,
43,1.4348,354.9,241.4,367.8,260.8,0.1991,0
44,1.4681,,,,,,
45,1.5015,,,,,,
46,1.5349,,,,,,
47,1.5682,,,,,,
48,1.6016,,,,,,
49,1.635,,,,,,
50,1.6683,,,,,,
51,1.7017,,,,,,
52,1.7351,,,,,,
53,1.7684,,,,,,
54,1.8018,,,,,,
55,1.8352,,,,,,
56,1.8685,,,,,,
57,1.9019,,,,,,
58,1.9353,,,,,,
59,1.9686,,,,,,
60,2.002,,,,,,
61,2.0354,,,,,,
62,2.0687,,,,,,
63,2.1021,,,,,,
64,2.1355,,,,,,
65,2.1688,,,,,,
66,2.2022,,,,,,
67,2.2356,,,,,,
68,2.2689,,,,,,
69,2.3023,,,,,,
70,2.3357,,,,,,
71,2.369,292.6,173.3,320.9,200.1,0.2379,1
72,2.4024,,,,,,
73,2.4358,,,,,,
74,2.4691,,,,,,
75,2.5025,,,,,,
76,2.5359,,,,,,
77,2.5692,,,,,,
78,2.6026,,,,,,
79,2.636,,,,,,
80,2.6693,,,,,,
81,2.7027,,,,,,
82,2.7361,,,,,,
83,2.7694,46.9,340.0,77.4,352.0,0.1931,0
84,2.8028,48.6,338.4,76.8,351.9,0.2754,0
85,2.8362,49.8,334.8,74.7,351.8,0.1205,0
86,2.8695,50.0,332.2,74.8,351.9,0.1265,0
87,2.9029,,,,,,
88,2.9363,,,,,,
89,2.9696,,,,,,
90,3.003,,,,,,
91,3.0364,,,,,,
92,3.0697,,,,,,
93,3.1031,345.2,225.6,367.5,246.5,0.1062,0
94,3.1365,348.5,226.4,368.2,243.9,0.2835,0
95,3.1698,58.6,324.7,79.3,351.7,0.4077,0
95,3.1698,350.8,225.1,369.3,239.9,0.2927,0
95,3.1698,57.9,325.7,107.6,351.9,0.1289,0
95,3.1698,352.3,225.0,370.0,239.4,0.1115,0
96,3.2032,58.8,323.9,80.0,351.6,0.6646,0
96,3.2032,58.2,324.3,102.9,352.0,0.1343,0
97,3.2366,59.6,323.8,81.1,351.6,0.6414,0
97,3.2366,59.4,323.9,103.2,352.0,0.1245,0
98,3.2699,62.5,322.6,83.3,351.8,0.5613,0
98,3.2699,345.4,222.9,368.5,241.4,0.1729,0
98,3.2699,62.4,323.3,83.0,351.4,0.1034,0
99,3.3033,64.8,323.6,84.2,351.4,0.4808,0
100,3.3367,65.3,322.8,85.2,351.4,0.7506,0
101,3.37,65.6,322.4,85.6,351.4,0.7269,0
102,3.4034,66.0,321.9,85.7,351.4,0.7676,0
103,3.4368,65.6,323.9,84.4,351.3,0.6189,0
104,3.4701,64.5,324.7,84.1,351.9,0.6413,0
105,3.5035,60.0,324.4,83.9,352.0,0.3176,0
105,3.5035,351.3,223.9,371.4,241.2,0.2056,0
105,3.5035,349.0,223.7,370.6,241.6,0.1855,0
105,3.5035,61.1,325.1,102.7,352.0,0.1049,0
106,3.5369,347.0,222.0,371.1,240.5,0.5969,0
107,3.5702,63.7,322.7,84.8,351.8,0.3554,0
107,3.5702,345.5,221.5,370.7,239.5,0.3446,0
108,3.6036,344.6,221.8,370.1,239.4,0.5441,0
108,3.6036,406.7,324.1,415.8,333.5,0.1515,0
108,3.6036,64.3,322.0,84.4,351.9,0.1058,0
109,3.637,,,,,,
110,3.6703,,,,,,
111,3.7037,,,,,,
112,3.7371,,,,,,
113,3.7704,,,,,,
114,3.8038,,,,,,
115,3.8372,67.3,326.4,88.3,351.9,0.29,0
116,3.8705,68.3,329.3,87.1,351.7,0.3395,0
117,3.9039,66.5,328.4,87.2,351.7,0.2297,0
118,3.9373,66.3,331.9,86.2,351.7,0.4993,0
119,3.9706,66.1,331.9,86.0,351.6,0.5003,0
119,3.9706,353.6,224.4,375.4,243.7,0.3526,0
120,4.004,66.8,328.0,86.1,351.6,0.6039,0
121,4.0374,66.0,328.0,85.7,351.4,0.6447,0
122,4.0707,66.1,326.4,85.3,351.3,0.6825,0
123,4.1041,64.8,324.9,86.3,351.3,0.3289,0
123,4.1041,350.5,224.0,373.9,242.9,0.2529,0
124,4.1375,354.0,224.7,376.0,244.2,0.6357,0
125,4.1708,351.8,224.4,377.4,244.5,0.3037,0
126,4.2042,,,,,,
127,4.2376,351.5,224.5,376.5,245.7,0.4547,0
128,4.2709,350.1,225.3,373.7,244.9,0.2411,0
129,4.3043,347.7,226.0,369.7,246.2,0.2979,0
130,4.3377,349.5,226.4,369.6,246.1,0.4107,0
131,4.371,348.6,229.6,369.9,248.5,0.3588,0
132,4.4044,346.6,229.6,369.5,250.4,0.3985,0
133,4.4378,341.1,229.4,369.7,251.8,0.3456,0
133,4.4378,54.6,339.1,84.0,352.0,0.1402,0
133,4.4378,52.1,336.8,106.8,351.9,0.108,0
134,4.4711,56.3,341.2,83.6,351.8,0.1592,0
134,4.4711,54.1,338.4,106.9,351.9,0.112,0
135,4.5045,56.3,337.8,83.1,351.9,0.478,0
135,4.5045,53.7,337.0,105.3,351.9,0.1627,0
136,4.5379,55.6,338.0,80.9,351.9,0.4886,0
136,4.5379,327.7,320.6,339.0,330.3,0.4348,0
136,4.5379,52.2,337.5,105.0,351.9,0.1523,0
137,4.5712,50.7,337.4,79.9,351.9,0.4467,0
137,4.5712,325.6,321.5,336.4,330.5,0.3341,0
137,4.5712,45.8,336.6,110.2,351.9,0.1,0
138,4.6046,48.4,339.2,76.9,351.9,0.2992,0
138,4.6046,323.3,321.4,334.1,331.5,0.1875,0
139,4.638,43.0,340.7,75.7,352.0,0.2326,0
139,4.638,28.6,340.1,78.1,352.0,0.1565,0
140,4.6713,36.5,340.7,72.9,352.0,0.1501,0
140,4.6713,41.9,340.5,74.1,351.9,0.1372,0
140,4.6713,35.6,339.7,87.1,352.0,0.1355,0
140,4.6713,30.1,340.1,74.8,352.0,0.128,0
140,4.6713,320.3,322.3,332.1,331.9,0.1076,0
140,4.6713,17.2,337.8,74.5,351.9,0.1053,0
141,4.7047,8.5,338.7,71.3,352.0,0.1323,0
141,4.7047,20.5,339.3,91.1,352.0,0.1083,0
142,4.7381,35.5,339.7,66.0,351.9,0.1617,0
142,4.7381,22.4,337.6,90.5,352.0,0.1252,0
142,4.7381,7.8,337.1,67.9,352.0,0.1238,0
143,4.7714,23.9,336.7,91.1,352.0,0.1538,0
143,4.7714,12.6,337.2,66.6,352.0,0.1237,0
144,4.8048,,,,,,
145,4.8382,,,,,,
146,4.8715,,,,,,
147,4.9049,,,,,,
148,4.9383,,,,,,
149,4.9716,,,,,,
150,5.005,,,,,,
151,5.0384,,,,,,
152,5.0717,,,,,,
153,5.1051,20.3,335.9,77.6,351.9,0.1051,0
154,5.1385,23.6,339.6,50.3,351.8,0.3157,0
154,5.1385,22.7,337.0,73.6,351.8,0.1154,0
155,5.1718,21.4,338.1,50.5,351.9,0.5097,0
155,5.1718,312.4,229.7,341.4,250.4,0.203,0
155,5.1718,19.1,336.5,70.7,352.0,0.1549,0
156,5.2052,317.3,230.8,337.7,251.3,0.5841,0
156,5.2052,25.0,337.9,49.5,351.9,0.5578,0
156,5.2052,301.5,318.1,313.2,327.4,0.2386,0
156,5.2052,23.4,336.7,69.4,351.9,0.1227,0
157,5.2386,302.0,319.2,321.3,328.6,0.4003,0
157,5.2386,316.2,232.9,337.3,251.4,0.3863,0
157,5.2386,25.4,339.9,49.5,351.8,0.3421,0
157,5.2386,21.1,338.4,70.3,351.9,0.146,0
158,5.2719,317.2,231.4,337.2,252.5,0.5475,0
158,5.2719,23.1,339.3,53.0,351.9,0.3339,0
158,5.2719,303.8,319.6,314.6,328.2,0.1852,0
158,5.2719,22.8,338.2,69.4,352.0,0.1435,0
159,5.3053,317.2,231.7,337.8,254.4,0.228,0
159,5.3053,304.3,319.6,321.2,329.5,0.2221,0
159,5.3053,27.9,339.6,60.1,352.0,0.198,0
159,5.3053,319.8,232.8,338.4,254.4,0.1528,0
160,5.3387,313.8,232.5,337.5,255.2,0.246,0
160,5.3387,303.2,319.4,327.4,331.0,0.1808,0
160,5.3387,11.7,339.9,71.8,352.0,0.1141,0
160,5.3387,318.2,233.7,338.4,255.2,0.1098,0
161,5.372,308.7,233.5,340.0,256.1,0.207,0
161,5.372,303.9,320.8,320.1,330.3,0.1326,0
162,5.4054,320.3,236.7,340.9,254.3,0.3795,0
162,5.4054,11.5,339.3,66.4,352.0,0.1625,0
163,5.4388,,,,,,
164,5.4721,,,,,,
165,5.5055,,,,,,
166,5.5389,,,,,,
167,5.5722,,,,,,
168,5.6056,,,,,,
169,5.639,,,,,,
170,5.6723,,,,,,
171,5.7057,,,,,,
172,5.7391,,,,,,
173,5.7724,,,,,,
174,5.8058,,,,,,
175,5.8392,288.7,326.1,299.4,334.6,0.639,0
176,5.8725,288.8,326.2,299.4,335.1,0.6575,0
177,5.9059,286.1,328.0,297.1,336.3,0.4728,0
178,5.9393,284.8,326.5,293.6,334.5,0.2116,0
179,5.9726,282.6,323.9,293.0,332.0,0.2505,0
179,5.9726,282.4,323.0,292.9,332.3,0.1331,0
180,6.006,1.0,338.2,33.6,352.0,0.3718,0
180,6.006,0.0,336.8,58.7,351.9,0.1443,0
181,6.0394,,,,,,
182,6.0727,289.8,232.8,320.9,251.9,0.1505,0
183,6.1061,295.2,234.7,320.9,251.9,0.1074,0
184,6.1395,,,,,,
185,6.1728,,,,,,
186,6.2062,,,,,,
187,6.2396,,,,,,
188,6.2729,,,,,,
189,6.3063,,,,,,
190,6.3397,,,,,,
191,6.373,282.6,238.6,316.2,257.0,0.2014,0
192,6.4064,,,,,,
193,6.4398,,,,,,
194,6.4731,,,,,,
195,6.5065,,,,,,
196,6.5399,,,,,,
197,6.5732,285.9,327.2,298.6,335.4,0.1374,0
198,6.6066,286.2,326.0,297.8,334.9,0.2118,0
199,6.64,,,,,,
200,6.6733,,,,,,
201,6.7067,,,,,,
202,6.7401,298.9,237.7,322.3,256.3,0.1217,0
203,6.7734,303.0,240.4,322.4,256.8,0.4438,0
204,6.8068,,,,,,
205,6.8402,,,,,,
206,6.8735,,,,,,
207,6.9069,,,,,,
208,6.9403,,,,,,
209,6.9736,297.3,240.4,318.6,258.3,0.1087,0
210,7.007,,,,,,
211,7.0404,286.0,242.5,309.8,263.7,0.4282,0
212,7.0737,285.1,242.5,309.7,263.9,0.4088,0
213,7.1071,285.0,244.1,317.5,265.0,0.3531,0
213,7.1071,285.2,242.9,316.4,264.4,0.1311,0
214,7.1405,285.1,242.9,316.5,264.2,0.286,0
214,7.1405,285.1,243.9,317.4,265.0,0.2183,0
215,7.1738,274.7,329.2,290.4,338.6,0.1171,0
216,7.2072,286.0,240.6,313.2,263.4,0.4488,0
216,7.2072,275.7,329.5,287.6,338.0,0.3818,0
217,7.2406,,,,,,
218,7.2739,187.5,135.9,238.1,159.4,0.1192,0
219,7.3073,,,,,,
220,7.3407,,,,,,
221,7.374,,,,,,
222,7.4074,,,,,,
223,7.4408,,,,,,
224,7.4741,283.0,258.1,309.1,280.5,0.1136,0
225,7.5075,286.3,261.9,307.3,281.3,0.254,0
226,7.5409,286.3,262.8,307.1,281.9,0.1288,0
227,7.5742,287.0,263.6,309.8,281.2,0.2986,0
227,7.5742,285.8,263.1,308.7,281.7,0.1783,0
228,7.6076,,,,,,
229,7.641,291.5,263.8,312.2,282.8,0.3958,0
230,7.6743,292.6,265.5,311.9,283.1,0.1052,0
231,7.7077,,,,,,
232,7.7411,,,,,,
233,7.7744,278.3,343.4,290.5,351.6,0.2932,0
234,7.8078,296.7,257.6,317.3,276.0,0.1334,0
234,7.8078,279.2,342.1,291.9,351.4,0.1146,0
235,7.8412,279.8,341.2,291.5,351.3,0.1224,0
236,7.8745,295.6,255.8,317.5,273.4,0.3119,0
236,7.8745,280.4,341.3,292.2,351.2,0.1411,0
236,7.8745,279.7,341.8,306.8,352.0,0.1151,0
237,7.9079,278.3,341.5,292.6,351.5,0.2316,0
237,7.9079,296.5,256.1,318.0,274.6,0.2262,0
237,7.9079,278.1,341.5,307.9,352.0,0.1155,0
238,7.9413,277.8,342.9,292.4,351.6,0.2171,0
239,7.9746,,,,,,
240,8.008,286.5,266.5,304.2,283.0,0.2506,0
241,8.0414,287.1,262.9,304.5,282.6,0.1089,0
242,8.0747,288.3,263.0,306.8,280.0,0.1554,0
243,8.1081,,,,,,
244,8.1415,,,,,,
245,8.1748,,,,,,
246,8.2082,,,,,,
247,8.2416,,,,,,
248,8.2749,,,,,,
249,8.3083,269.0,344.8,284.2,351.8,0.1898,0
250,8.3417,266.6,345.1,283.9,351.7,0.167,0
251,8.375,289.9,258.4,304.5,274.6,0.2239,0
251,8.375,266.1,344.1,281.1,351.7,0.1065,0
252,8.4084,261.0,343.3,278.7,351.8,0.3109,0
253,8.4418,261.9,342.2,276.5,351.6,0.2863,0
254,8.4751,281.6,255.4,304.4,274.2,0.3698,0
254,8.4751,260.4,341.6,274.5,351.4,0.1257,0
255,8.5085,280.7,254.4,301.9,272.3,0.498,0
255,8.5085,279.6,145.4,401.8,196.9,0.1124,0
256,8.5419,260.4,337.3,273.0,346.3,0.2827,0
256,8.5419,280.8,253.9,301.7,271.5,0.1473,0
257,8.5752,279.9,250.4,302.0,268.7,0.6376,0
258,8.6086,274.6,248.9,292.7,266.5,0.3964,0
259,8.642,274.1,247.8,292.2,266.8,0.5868,0
260,8.6753,273.1,247.6,292.3,266.2,0.373,0
261,8.7087,275.5,248.0,290.9,265.9,0.3426,0
262,8.7421,276.1,250.0,292.1,265.6,0.7111,0
263,8.7754,276.4,252.2,293.6,267.8,0.5744,0
264,8.8088,273.6,252.4,299.3,268.9,0.5967,0
265,8.8422,273.1,253.4,297.6,271.0,0.2509,0
265,8.8422,273.3,252.7,297.4,270.3,0.2314,0
266,8.8755,278.3,256.1,300.5,270.7,0.5145,0
267,8.9089,277.3,255.7,301.6,271.1,0.4873,0
268,8.9423,278.5,257.0,301.0,271.8,0.3636,0
268,8.9423,259.9,336.9,277.1,346.4,0.2066,0
268,8.9423,275.8,256.6,299.6,272.1,0.1051,0
269,8.9756,280.2,254.9,303.9,271.5,0.3077,0
269,8.9756,263.6,336.6,275.9,345.0,0.1302,0
270,9.009,265.6,336.8,275.6,346.0,0.107,0
271,9.0424,268.4,336.7,279.0,345.7,0.3065,0
272,9.0757,271.7,334.6,281.1,343.8,0.4419,0
273,9.1091,,,,,,
274,9.1425,,,,,,
275,9.1758,277.5,327.2,288.5,336.9,0.2862,0
276,9.2092,,,,,,
277,9.2426,,,,,,
278,9.2759,37.5,0.2,566.6,144.6,0.422,1
279,9.3093,63.9,0.5,587.7,154.5,0.5232,1
280,9.3427,,,,,,
281,9.376,,,,,,
282,9.4094,114.9,0.2,640.0,150.8,0.4085,1
283,9.4428,,,,,,
284,9.4761,,,,,,
285,9.5095,177.7,0.4,639.0,132.0,0.26,1
286,9.5429,,,,,,
287,9.5762,222.9,0.2,639.3,129.4,0.1633,1
288,9.6096,,,,,,
289,9.643,,,,,,
290,9.6763,142.5,330.2,162.6,350.6,0.338,0
291,9.7097,146.9,331.6,166.6,351.9,0.2656,0
292,9.7431,146.7,332.0,172.6,352.0,0.288,0
292,9.7431,145.7,332.8,212.1,351.8,0.1089,0
293,9.7764,150.8,337.4,174.6,351.8,0.2457,0
293,9.7764,150.9,333.2,175.0,352.0,0.2439,0
293,9.7764,147.2,334.6,206.8,351.8,0.1207,0
293,9.7764,132.0,335.9,175.8,352.0,0.1101,0
294,9.8098,150.7,332.9,177.8,352.0,0.2722,0
294,9.8098,150.1,336.1,178.2,351.9,0.177,0
294,9.8098,147.6,333.8,201.7,351.9,0.158,0
294,9.8098,131.6,334.7,179.5,352.0,0.1136,0
295,9.8432,151.2,332.9,176.6,352.0,0.2392,0
295,9.8432,150.9,337.2,176.5,351.8,0.223,0
295,9.8432,148.0,334.2,202.5,351.9,0.1414,0
295,9.8432,131.9,335.0,178.0,352.0,0.1147,0
296,9.8765,152.0,331.3,176.5,352.0,0.3072,0
296,9.8765,149.7,332.5,201.2,351.9,0.1424,0
297,9.9099,152.1,330.3,174.5,352.0,0.2088,0
297,9.9099,150.1,332.5,204.0,351.8,0.1233,0
298,9.9433,151.0,328.7,173.4,352.0,0.4339,0
299,9.9766,146.1,328.0,171.6,352.0,0.1866,0
300,10.01,426.4,233.9,461.9,252.3,0.1529,0
301,10.0434,,,,,,
302,10.0767,416.1,234.2,456.7,253.8,0.1162,0
302,10.0767,488.4,337.3,500.3,350.2,0.1046,0
303,10.1101,,,,,,
304,10.1435,,,,,,
305,10.1768,0.0,0.0,526.4,140.5,0.1039,1
305,10.1768,134.6,339.0,163.1,351.9,0.1036,0
306,10.2102,138.0,339.2,162.4,351.9,0.4872,0
307,10.2436,137.7,339.9,162.1,351.9,0.3962,0
307,10.2436,135.4,337.4,184.3,351.9,0.1031,0
308,10.2769,138.2,339.8,161.6,351.9,0.4368,0
308,10.2769,135.9,337.5,183.5,351.9,0.1177,0
309,10.3103,137.9,339.2,161.6,351.9,0.4633,0
309,10.3103,136.0,337.7,183.9,351.9,0.1306,0
310,10.3437,137.7,338.7,161.2,351.8,0.5381,0
310,10.3437,409.7,321.3,421.8,330.5,0.2818,0
310,10.3437,135.3,336.9,184.6,351.9,0.1036,0
311,10.377,137.7,339.9,161.6,351.9,0.5262,0
311,10.377,135.1,338.5,185.4,351.9,0.1215,0
312,10.4104,135.8,339.8,162.3,351.9,0.4209,0
312,10.4104,134.4,338.0,183.1,351.9,0.1269,0
313,10.4438,136.2,341.2,161.7,352.0,0.3276,0
313,10.4438,131.8,338.6,183.7,352.0,0.1415,0
313,10.4438,112.7,338.6,164.7,352.0,0.112,0
314,10.4771,,,,,,
315,10.5105,,,,,,
316,10.5439,,,,,,
317,10.5772,,,,,,
318,10.6106,,,,,,
319,10.644,432.6,257.2,450.9,273.0,0.5779,0
320,10.6773,432.9,258.1,449.8,273.6,0.5325,0
321,10.7107,436.6,260.8,452.1,276.7,0.6104,0
322,10.7441,433.3,260.6,454.8,282.3,0.5719,0
323,10.7774,433.4,265.7,451.5,281.5,0.7168,0
324,10.8108,206.4,1.0,640.0,212.5,0.2931,1
324,10.8108,424.7,264.1,449.6,284.0,0.2364,0
325,10.8442,426.9,265.4,449.6,283.6,0.2436,0
325,10.8442,223.8,0.9,640.0,214.9,0.2285,1
326,10.8775,224.0,0.5,640.0,219.3,0.187,1
327,10.9109,230.7,0.4,639.2,218.2,0.1848,1
328,10.9443,,,,,,
329,10.9776,423.6,258.6,449.8,282.0,0.1535,0
329,10.9776,223.3,0.4,640.0,215.0,0.1497,1
329,10.9776,425.0,260.2,449.6,281.8,0.1379,0
330,11.011,,,,,,
331,11.0444,,,,,,
332,11.0777,,,,,,
333,11.1111,425.2,261.0,451.6,281.1,0.154,0
333,11.1111,16.4,0.9,577.3,203.8,0.1446,1
334,11.1445,180.6,0.9,640.0,212.3,0.2687,1
334,11.1445,15.4,1.1,589.4,197.4,0.1648,1
334,11.1445,426.6,263.3,452.9,281.1,0.128,0
334,11.1445,428.7,263.5,455.7,280.8,0.1121,0
335,11.1778,,,,,,
336,11.2112,267.3,0.3,639.6,219.6,0.1344,1
337,11.2446,,,,,,
338,11.2779,252.7,1.3,637.8,227.7,0.1269,1
339,11.3113,,,,,,
340,11.3447,442.7,265.5,462.3,286.3,0.2026,0
340,11.3447,444.5,264.8,464.6,286.3,0.1078,0
341,11.378,,,,,,
342,11.4114,,,,,,
343,11.4448,436.8,259.8,463.4,279.8,0.3546,0
344,11.4781,439.3,259.2,460.4,278.7,0.1964,0
345,11.5115,,,,,,
346,11.5449,439.1,257.3,460.4,276.4,0.3429,0
347,11.5782,441.8,258.8,460.4,279.0,0.2258,0
348,11.6116,444.5,257.9,465.1,277.2,0.1172,0
348,11.6116,446.0,257.3,466.6,277.4,0.1033,0
349,11.645,,,,,,
350,11.6783,444.1,260.3,463.4,277.1,0.1321,0
351,11.7117,439.3,262.1,463.4,281.0,0.2084,0
352,11.7451,,,,,,
353,11.7784,442.6,260.6,458.7,276.4,0.1537,0
354,11.8118,,,,,,
355,11.8452,441.9,261.2,457.1,277.1,0.1161,0
356,11.8785,,,,,,
357,11.9119,0.0,1.0,536.3,213.0,0.3945,1
357,11.9119,224.2,0.8,640.0,209.4,0.1274,1
357,11.9119,442.7,264.6,458.4,283.1,0.1095,0
358,11.9453,0.0,1.5,529.7,210.8,0.1775,1
359,11.9786,434.9,263.0,456.6,281.7,0.2325,0
360,12.012,429.9,262.7,453.4,280.4,0.4676,0
361,12.0454,431.5,263.4,451.0,280.5,0.528,0
361,12.0454,262.9,1.7,630.8,180.5,0.128,1
362,12.0787,433.7,263.3,450.5,279.8,0.3397,0
363,12.1121,207.9,1.6,640.0,191.1,0.3739,1
364,12.1455,227.2,1.5,640.0,188.1,0.242,1
365,12.1788,193.3,1.7,640.0,193.9,0.1511,1
366,12.2122,,,,,,
367,12.2456,425.0,258.0,447.1,275.6,0.1644,0
368,12.2789,420.6,258.0,447.3,276.2,0.366,0
369,12.3123,228.0,0.9,637.7,193.0,0.3373,1
370,12.3457,424.3,256.0,447.8,275.1,0.2873,0
371,12.379,,,,,,
372,12.4124,423.7,255.6,447.5,273.1,0.7102,0
372,12.4124,195.8,1.2,640.0,182.3,0.3855,1
373,12.4458,420.4,255.5,448.3,273.8,0.5159,0
373,12.4458,185.9,1.0,640.0,186.6,0.4072,1
374,12.4791,420.0,256.5,448.3,274.1,0.4278,0
374,12.4791,186.0,1.0,640.0,188.9,0.4114,1
374,12.4791,210.8,0.8,640.0,189.0,0.131,1
375,12.5125,236.3,0.6,640.0,191.6,0.5399,1
375,12.5125,419.9,255.8,447.1,275.9,0.344,0
376,12.5459,,,,,,
377,12.5792,,,,,,
378,12.6126,425.9,262.6,448.0,285.6,0.1051,0
379,12.646,,,,,,
380,12.6793,217.0,0.6,639.2,197.9,0.14,1
381,12.7127,226.5,0.8,636.8,181.9,0.6356,1
382,12.7461,189.7,1.0,635.8,182.0,0.6125,1
383,12.7794,172.4,1.2,635.7,175.3,0.7146,1
383,12.7794,0.0,1.3,571.4,186.4,0.1073,1
383,12.7794,0.0,0.5,506.9,160.7,0.1028,1
384,12.8128,206.2,0.9,640.0,191.7,0.4574,1
385,12.8462,413.2,265.6,432.9,285.3,0.2438,0
386,12.8795,,,,,,
387,12.9129,,,,,,
388,12.9463,,,,,,
389,12.9796,,,,,,
390,13.013,,,,,,
391,13.0464,172.6,0.6,637.3,208.4,0.1601,1
392,13.0797,412.9,257.8,429.9,277.3,0.2821,0
393,13.1131,416.8,257.9,432.1,276.5,0.2131,0
393,13.1131,413.8,258.1,431.9,277.8,0.1305,0
394,13.1465,411.4,260.4,432.2,281.0,0.4573,0
395,13.1798,411.0,259.5,432.5,282.2,0.7056,0
396,13.2132,411.8,261.1,432.9,283.9,0.6809,0
397,13.2466,414.0,263.4,432.8,284.4,0.5366,0
397,13.2466,415.8,263.8,433.2,282.9,0.2879,0
398,13.2799,412.9,265.1,432.8,284.6,0.6529,0
399,13.3133,413.1,264.5,432.6,284.4,0.6292,0
400,13.3467,162.8,0.9,640.0,214.5,0.1067,1
400,13.3467,411.7,264.9,432.3,284.6,0.1061,0
401,13.38,181.7,0.4,633.1,219.2,0.1538,1
402,13.4134,400.8,268.9,428.3,289.4,0.1378,0
403,13.4468,,,,,,
404,13.4801,397.7,277.1,422.6,295.7,0.4598,0
404,13.4801,398.1,276.6,422.8,295.3,0.1227,0
405,13.5135,398.4,276.1,423.5,294.6,0.5631,0
406,13.5469,399.0,274.6,423.8,294.3,0.1614,0
406,13.5469,167.7,0.6,636.4,221.8,0.1111,1
407,13.5802,399.3,274.9,420.1,293.2,0.5872,0
407,13.5802,162.4,0.7,639.4,223.3,0.1406,1
407,13.5802,397.9,274.7,419.5,293.7,0.1072,0
408,13.6136,169.8,0.6,640.0,218.7,0.3123,1
408,13.6136,401.9,276.6,419.0,292.5,0.1724,0
409,13.647,,,,,,
410,13.6803,,,,,,
411,13.7137,,,,,,
412,13.7471,,,,,,
413,13.7804,,,,,,
414,13.8138,,,,,,
415,13.8472,200.4,0.2,640.0,227.9,0.113,1
416,13.8805,,,,,,
417,13.9139,186.3,0.3,637.4,228.3,0.1194,1
418,13.9473,400.7,273.4,418.0,291.5,0.1131,0
419,13.9806,,,,,,
420,14.014,389.9,269.7,418.2,290.8,0.5365,0
420,14.014,235.3,0.5,607.0,213.0,0.4504,1
421,14.0474,400.1,270.1,417.0,289.3,0.2897,0
421,14.0474,396.3,270.1,416.3,290.2,0.2282,0
422,14.0807,399.9,271.0,415.6,289.6,0.2805,0
422,14.0807,230.5,0.6,602.9,221.9,0.1935,1
422,14.0807,394.6,270.6,414.9,290.8,0.1865,0
422,14.0807,378.6,269.0,414.1,292.5,0.1716,0
422,14.0807,372.2,265.0,415.8,292.9,0.1034,0
423,14.1141,180.3,0.6,610.1,206.0,0.2038,1
423,14.1141,377.3,269.5,415.0,291.8,0.1675,0
423,14.1141,400.2,271.2,417.4,289.7,0.164,0
424,14.1475,388.9,270.5,417.4,291.3,0.2722,0
424,14.1475,398.4,271.2,418.0,290.1,0.2113,0
424,14.1475,197.2,0.4,610.0,219.2,0.1386,1
425,14.1808,396.5,270.7,417.3,289.5,0.4394,0
425,14.1808,399.3,270.8,418.2,288.9,0.379,0
426,14.2142,399.9,270.7,419.5,288.9,0.4647,0
426,14.2142,396.8,270.7,418.2,289.6,0.1854,0
426,14.2142,400.7,269.6,425.1,289.0,0.1226,0
426,14.2142,148.1,1.0,619.5,214.9,0.1146,1
427,14.2476,400.5,270.1,418.2,288.9,0.5625,0
427,14.2476,398.2,270.1,417.4,289.8,0.1868,0
428,14.2809,396.5,269.7,417.5,289.3,0.5273,0
429,14.3143,397.3,269.1,415.7,289.2,0.4707,0
430,14.3477,392.4,268.7,417.7,289.3,0.6251,0
430,14.3477,160.5,0.7,618.0,206.7,0.2105,1
431,14.381,394.7,269.2,416.8,289.7,0.6333,0
431,14.381,159.9,0.8,614.0,207.3,0.1493,1
432,14.4144,398.4,270.8,415.9,289.3,0.656,0
433,14.4478,398.3,270.5,415.2,289.1,0.6132,0
434,14.4811,396.7,271.7,415.7,289.8,0.4452,0
434,14.4811,399.2,271.6,416.3,289.0,0.1524,0
435,14.5145,394.7,271.4,414.2,289.6,0.553,0
435,14.5145,397.0,271.3,415.6,289.2,0.1156,0
436,14.5479,394.6,270.7,414.5,288.6,0.7109,0
437,14.5812,,,,,,
438,14.6146,,,,,,
439,14.648,,,,,,
440,14.6813,,,,,,
441,14.7147,,,,,,
442,14.7481,127.9,339.4,145.2,351.7,0.484,0
443,14.7814,130.9,331.2,148.3,351.2,0.5545,0
443,14.7814,130.1,325.6,149.6,350.9,0.1122,0
444,14.8148,131.2,334.4,151.8,351.6,0.374,0
445,14.8482,143.2,326.7,176.7,351.3,0.613,0
445,14.8482,135.3,326.8,177.5,352.0,0.1228,0
445,14.8482,138.4,327.7,214.5,351.8,0.1027,0
446,14.8815,169.5,316.2,197.3,334.4,0.7104,0
447,14.9149,188.2,313.0,206.7,328.2,0.3005,0
448,14.9483,195.0,307.9,231.7,329.2,0.5051,0
449,14.9816,,,,,,
450,15.015,,,,,,
451,15.0484,,,,,,
452,15.0817,,,,,,
453,15.1151,,,,,,
454,15.1485,,,,,,
455,15.1818,,,,,,
456,15.2152,,,,,,
457,15.2486,,,,,,
458,15.2819,,,,,,
459,15.3153,,,,,,
460,15.3487,,,,,,
461,15.382,,,,,,
462,15.4154,,,,,,
463,15.4488,,,,,,
464,15.4821,,,,,,
465,15.5155,,,,,,
466,15.5489,,,,,,
467,15.5822,,,,,,
468,15.6156,,,,,,
469,15.649,,,,,,
470,15.6823,,,,,,
471,15.7157,,,,,,
472,15.7491,,,,,,
473,15.7824,,,,,,
474,15.8158,,,,,,
475,15.8492,,,,,,
476,15.8825,,,,,,
477,15.9159,,,,,,
478,15.9493,13.5,36.2,394.1,351.6,0.1608,1
479,15.9826,,,,,,
480,16.016,26.8,24.9,460.9,352.0,0.1001,1
481,16.0494,,,,,,
482,16.0827,,,,,,
483,16.1161,,,,,,
484,16.1495,312.3,174.0,637.1,344.2,0.1952,1
485,16.1828,,,,,,
486,16.2162,,,,,,
487,16.2496,259.7,205.3,294.2,227.1,0.1134,0
488,16.2829,271.4,214.5,302.4,240.2,0.1817,0
489,16.3163,,,,,,
490,16.3497,291.4,235.5,329.5,253.6,0.3626,0
491,16.383,300.0,240.1,335.3,261.3,0.461,0
492,16.4164,303.6,247.3,334.0,269.4,0.7244,0
493,16.4498,287.8,257.6,322.4,278.3,0.409,0
494,16.4831,288.5,263.7,320.2,283.8,0.3959,0
495,16.5165,284.7,270.8,318.4,289.1,0.2254,0
495,16.5165,5.3,293.9,30.3,309.1,0.1372,0
496,16.5499,,,,,,
497,16.5832,,,,,,
498,16.6166,0.8,298.2,29.8,311.2,0.2226,0
499,16.65,7.9,298.2,38.3,311.5,0.5533,0
499,16.65,6.7,298.5,38.3,311.1,0.1992,0
500,16.6833,,,,,,
501,16.7167,,,,,,
502,16.7501,382.8,74.2,465.9,152.6,0.1809,1
503,16.7834,419.1,63.4,502.5,137.9,0.1219,1
504,16.8168,,,,,,
505,16.8502,,,,,,
506,16.8835,224.2,237.2,273.8,250.3,0.1305,0
507,16.9169,,,,,,
508,16.9503,267.6,241.0,296.6,254.1,0.1682,0
509,16.9836,271.8,244.3,298.2,261.5,0.7577,0
510,17.017,,,,,,
511,17.0504,284.1,257.7,318.6,275.1,0.7426,0
512,17.0837,296.0,267.5,329.7,288.1,0.4273,0
513,17.1171,307.7,280.2,339.0,308.6,0.6167,0
514,17.1505,320.1,303.3,346.3,336.5,0.5481,0
514,17.1505,609.8,300.2,639.8,336.4,0.3944,0
514,17.1505,610.6,294.4,639.9,337.6,0.1532,0
514,17.1505,610.7,301.7,639.9,339.3,0.1449,0
515,17.1838,613.2,325.9,639.9,352.0,0.1021,0
516,17.2172,,,,,,
517,17.2506,,,,,,
518,17.2839,,,,,,
519,17.3173,227.0,0.1,398.9,36.7,0.1284,1
520,17.3507,,,,,,
521,17.384,257.9,321.7,292.7,338.3,0.1575,0
522,17.4174,,,,,,
523,17.4508,,,,,,
524,17.4841,,,,,,
525,17.5175,,,,,,
526,17.5509,,,,,,
527,17.5842,,,,,,
528,17.6176,,,,,,
529,17.651,,,,,,
530,17.6843,,,,,,
531,17.7177,156.4,255.0,191.0,273.6,0.7657,0
531,17.7177,157.4,190.8,242.5,262.6,0.5252,1
531,17.7177,156.7,255.3,190.2,273.4,0.1504,0
532,17.7511,151.3,247.9,185.9,265.2,0.8184,0
532,17.7511,153.2,184.7,244.0,253.6,0.1522,1
533,17.7844,138.3,241.1,178.2,258.0,0.5075,0
534,17.8178,,,,,,
535,17.8512,,,,,,
536,17.8845,,,,,,
537,17.9179,,,,,,
538,17.9513,,,,,,
539,17.9846,,,,,,
540,18.018,,,,,,
541,18.0514,,,,,,
542,18.0847,,,,,,
543,18.1181,,,,,,
544,18.1515,,,,,,
545,18.1848,,,,,,
546,18.2182,,,,,,
547,18.2516,,,,,,
548,18.2849,,,,,,
549,18.3183,,,,,,
550,18.3517,,,,,,
551,18.385,,,,,,
552,18.4184,,,,,,
553,18.4518,,,,,,
554,18.4851,,,,,,
555,18.5185,,,,,,
556,18.5519,,,,,,
557,18.5852,,,,,,
558,18.6186,56.9,296.6,83.5,317.7,0.6059,0
559,18.652,59.0,294.9,82.4,314.7,0.1486,0
560,18.6853,,,,,,
561,18.7187,,,,,,
562,18.7521,268.1,283.5,301.8,303.9,0.8012,0
563,18.7854,241.0,296.4,274.9,315.5,0.5407,0
564,18.8188,218.5,305.2,249.8,324.4,0.1804,0
565,18.8522,,,,,,
566,18.8855,,,,,,
567,18.9189,,,,,,
568,18.9523,,,,,,
569,18.9856,,,,,,
570,19.019,,,,,,
571,19.0524,0.0,97.6,409.3,352.0,0.2128,1
572,19.0857,,,,,,
573,19.1191,,,,,,
574,19.1525,,,,,,
575,19.1858,,,,,,
576,19.2192,,,,,,
577,19.2526,,,,,,
578,19.2859,,,,,,
579,19.3193,,,,,,
580,19.3527,170.4,340.6,188.5,351.8,0.1687,0
580,19.3527,157.1,337.2,236.6,351.9,0.111,0
581,19.386,,,,,,
582,19.4194,,,,,,
583,19.4528,,,,,,
584,19.4861,,,,,,
585,19.5195,,,,,,
586,19.5529,,,,,,
587,19.5862,,,,,,
588,19.6196,,,,,,
589,19.653,,,,,,
590,19.6863,,,,,,
591,19.7197,,,,,,
592,19.7531,425.2,259.2,442.6,274.0,0.1424,0
593,19.7864,170.6,1.1,637.3,169.4,0.6787,1
594,19.8198,168.7,1.1,638.0,169.9,0.4672,1
594,19.8198,187.2,1.2,638.4,169.1,0.1291,1
595,19.8532,167.7,0.9,636.8,175.1,0.2488,1
596,19.8865,161.5,0.9,636.7,178.9,0.3669,1
597,19.9199,169.4,0.7,635.8,179.8,0.2932,1
597,19.9199,374.9,344.3,396.8,351.8,0.1289,0
598,19.9533,373.0,343.2,389.4,351.6,0.148,0
598,19.9533,163.9,1.1,633.9,178.5,0.12,1
599,19.9866,403.1,255.8,418.7,273.7,0.1806,0
600,20.02,178.9,1.0,635.5,170.1,0.4247,1
601,20.0534,,,,,,
602,20.0867,,,,,,
603,20.1201,,,,,,
604,20.1535,,,,,,
605,20.1868,,,,,,
606,20.2202,,,,,,
607,20.2536,,,,,,
608,20.2869,,,,,,
609,20.3203,,,,,,
610,20.3537,394.1,287.1,408.5,302.9,0.1544,0
611,20.387,,,,,,
612,20.4204,,,,,,
613,20.4538,,,,,,
614,20.4871,,,,,,
615,20.5205,404.2,273.5,419.7,293.2,0.1624,0
616,20.5539,186.0,0.4,631.3,191.3,0.2305,1
617,20.5872,217.5,0.3,640.0,189.2,0.5901,1
618,20.6206,208.5,0.2,640.0,189.8,0.3867,1
619,20.654,244.2,0.5,637.2,187.3,0.6187,1
620,20.6873,240.1,0.4,630.2,186.0,0.8314,1
621,20.7207,222.3,0.7,632.3,188.2,0.7945,1
622,20.7541,198.1,1.0,633.1,185.2,0.6844,1
623,20.7874,219.6,0.4,630.6,183.5,0.7434,1
624,20.8208,223.5,0.4,635.2,186.6,0.7437,1
625,20.8542,174.3,0.8,636.3,190.4,0.2664,1
626,20.8875,,,,,,
627,20.9209,,,,,,
628,20.9543,427.9,263.8,448.9,279.9,0.1253,0
628,20.9543,434.5,264.2,449.2,278.4,0.1066,0
629,20.9876,435.3,261.6,448.7,276.2,0.2921,0
629,20.9876,429.8,261.9,449.5,279.9,0.2858,0
629,20.9876,433.9,262.0,449.4,279.0,0.1995,0
629,20.9876,431.2,261.5,448.9,277.4,0.1072,0
630,21.021,,,,,,
631,21.0544,,,,,,
632,21.0877,,,,,,
633,21.1211,,,,,,
634,21.1545,426.7,273.3,449.4,289.5,0.591,0
635,21.1878,427.4,273.9,446.7,290.0,0.2082,0
636,21.2212,,,,,,
637,21.2546,,,,,,
638,21.2879,423.4,277.4,448.1,297.3,0.1244,0
639,21.3213,,,,,,
640,21.3547,,,,,,
641,21.388,,,,,,
642,21.4214,,,,,,
643,21.4548,,,,,,
644,21.4881,,,,,,
645,21.5215,,,,,,
646,21.5549,,,,,,
647,21.5882,,,,,,
648,21.6216,415.8,275.5,449.2,297.6,0.1203,0
649,21.655,424.8,275.8,448.2,296.5,0.1027,0
650,21.6883,,,,,,
651,21.7217,176.5,199.1,197.4,231.5,0.2118,0
651,21.7217,176.7,201.8,197.2,232.0,0.1166,0
652,21.7551,429.9,273.9,447.8,291.4,0.1856,0
653,21.7884,430.8,270.7,448.8,285.9,0.3963,0
653,21.7884,430.3,271.3,449.6,286.7,0.2073,0
654,21.8218,432.7,263.3,450.7,284.6,0.2965,0
655,21.8552,433.3,261.9,458.7,283.1,0.3925,0
656,21.8885,433.9,259.9,451.2,279.1,0.6571,0
656,21.8885,404.3,345.3,418.3,351.6,0.137,0
657,21.9219,431.6,257.7,449.7,279.9,0.6741,0
658,21.9553,431.6,257.7,452.1,280.4,0.3094,0
658,21.9553,430.2,258.0,450.2,280.3,0.1636,0
659,21.9886,427.6,260.7,449.9,282.2,0.2456,0
660,22.022,,,,,,
661,22.0554,,,,,,
662,22.0887,,,,,,
663,22.1221,,,,,,
664,22.1555,,,,,,
665,22.1888,,,,,,
666,22.2222,,,,,,
667,22.2556,,,,,,
668,22.2889,431.1,276.4,453.5,293.9,0.3199,0
669,22.3223,,,,,,
670,22.3557,433.6,280.4,456.5,296.5,0.4146,0
671,22.389,432.6,280.1,458.2,297.6,0.5502,0
672,22.4224,,,,,,
673,22.4558,,,,,,
674,22.4891,273.1,183.3,316.2,223.9,0.1755,0
675,22.5225,274.0,182.2,306.9,225.8,0.1327,0
676,22.5559,274.1,180.8,306.9,228.8,0.1466,0
677,22.5892,,,,,,
678,22.6226,,,,,,
679,22.656,,,,,,
680,22.6893,435.6,272.5,464.8,288.3,0.2125,0
681,22.7227,433.9,272.7,465.9,288.2,0.145,0
682,22.7561,,,,,,
683,22.7894,169.9,0.2,640.0,212.0,0.1379,1
684,22.8228,445.7,269.2,466.2,286.5,0.1457,0
684,22.8228,445.4,270.6,466.9,287.1,0.117,0
685,22.8562,442.5,270.5,465.7,288.0,0.3135,0
685,22.8562,444.8,269.9,466.6,287.9,0.2395,0
686,22.8895,442.0,271.2,465.6,288.2,0.3329,0
686,22.8895,444.3,270.8,466.6,288.0,0.1118,0
687,22.9229,435.9,271.4,466.1,289.7,0.3416,0
687,22.9229,183.1,0.6,640.0,209.7,0.1178,1
688,22.9563,230.1,0.3,638.5,198.9,0.4714,1
689,22.9896,211.9,0.5,640.0,209.7,0.491,1
690,23.023,137.3,1.1,640.0,206.9,0.2372,1
690,23.023,15.0,0.0,612.8,226.1,0.1002,1
691,23.0564,235.0,0.8,635.8,195.2,0.71,1
692,23.0897,176.9,0.9,639.2,200.0,0.6176,1
692,23.0897,208.3,0.8,636.3,195.1,0.4551,1
692,23.0897,440.5,274.6,459.4,290.5,0.1098,0
693,23.1231,158.2,1.0,638.8,199.9,0.7644,1
694,23.1565,216.0,0.6,634.9,194.8,0.7664,1
695,23.1898,158.0,0.9,638.6,197.2,0.7722,1
695,23.1898,0.0,0.7,578.3,198.5,0.1445,1
696,23.2232,142.7,1.1,640.0,200.6,0.6474,1
696,23.2232,436.7,272.1,450.9,288.5,0.2702,0
697,23.2566,145.1,1.1,640.0,201.6,0.6677,1
697,23.2566,435.6,272.5,452.7,288.9,0.1065,0
698,23.2899,130.9,1.0,640.0,204.4,0.4726,1
699,23.3233,136.5,0.9,640.0,201.0,0.5298,1
700,23.3567,152.5,0.8,640.0,202.7,0.6449,1
700,23.3567,433.1,272.2,455.2,289.9,0.326,0
701,23.39,152.0,1.0,640.0,195.7,0.647,1
701,23.39,444.6,272.4,460.5,288.9,0.1464,0
702,23.4234,157.5,0.8,640.0,201.4,0.6372,1
702,23.4234,443.9,271.7,457.9,288.2,0.129,0
703,23.4568,134.0,1.1,640.0,198.7,0.5487,1
704,23.4901,166.8,0.8,640.0,201.0,0.5626,1
705,23.5235,149.4,1.0,640.0,204.1,0.5815,1
706,23.5569,203.4,0.7,636.7,203.1,0.5848,1
706,23.5569,183.9,0.7,639.9,206.2,0.2644,1
706,23.5569,435.8,272.5,450.4,289.9,0.1292,0
707,23.5902,212.5,0.3,640.0,223.5,0.5581,1
707,23.5902,1.3,0.7,555.8,214.0,0.1102,1
708,23.6236,433.5,273.1,449.7,290.1,0.1496,0
709,23.657,433.1,273.5,449.5,292.5,0.1631,0
710,23.6903,,,,,,
711,23.7237,,,,,,
712,23.7571,,,,,,
713,23.7904,,,,,,
714,23.8238,,,,,,
715,23.8572,,,,,,
716,23.8905,,,,,,
717,23.9239,,,,,,
718,23.9573,,,,,,
719,23.9906,,,,,,
720,24.024,,,,,,
721,24.0574,416.3,285.1,440.6,301.8,0.3311,0
722,24.0907,416.4,284.4,440.1,300.6,0.6418,0
722,24.0907,167.0,223.2,177.9,234.9,0.1799,0
723,24.1241,416.3,284.1,442.4,300.5,0.7206,0
723,24.1241,167.2,223.2,178.0,234.7,0.2848,0
723,24.1241,181.2,0.0,640.0,232.2,0.2004,1
724,24.1575,417.0,284.0,439.0,301.0,0.3824,0
725,24.1908,194.8,0.0,632.9,240.2,0.3418,1
725,24.1908,418.5,284.5,439.8,301.2,0.2984,0
726,24.2242,168.9,0.0,640.0,234.3,0.1234,1
727,24.2576,417.0,285.6,442.4,302.3,0.2188,0
727,24.2576,180.3,0.1,640.0,231.2,0.1523,1
727,24.2576,416.5,287.2,443.5,303.2,0.1253,0
728,24.2909,417.1,285.2,442.0,302.0,0.4207,0
728,24.2909,162.9,0.0,640.0,231.7,0.3298,1
728,24.2909,416.5,286.5,442.9,302.8,0.2574,0
729,24.3243,417.7,285.5,441.2,301.6,0.6641,0
729,24.3243,152.6,0.0,640.0,234.0,0.1198,1
730,24.3577,417.8,286.2,438.5,301.0,0.5528,0
731,24.391,,,,,,
732,24.4244,414.5,283.8,438.2,299.2,0.2938,0
733,24.4578,,,,,,
734,24.4911,,,,,,
735,24.5245,,,,,,
736,24.5579,,,,,,
737,24.5912,,,,,,
738,24.6246,,,,,,
739,24.658,,,,,,
740,24.6913,218.0,0.0,635.3,219.2,0.1001,1
741,24.7247,410.8,278.1,432.6,297.8,0.1897,0
742,24.7581,415.9,283.4,433.5,296.6,0.4943,0
742,24.7581,414.8,283.3,433.1,297.0,0.3762,0
743,24.7914,414.8,282.5,433.5,296.2,0.6207,0
744,24.8248,412.7,282.6,433.7,296.3,0.4027,0
744,24.8248,414.7,282.9,433.8,294.8,0.1509,0
745,24.8582,261.5,0.3,622.8,243.8,0.1304,1
746,24.8915,411.2,279.7,432.2,296.6,0.2241,0
747,24.9249,251.4,0.5,621.5,239.5,0.2473,1
748,24.9583,252.3,0.5,622.2,235.2,0.2275,1
748,24.9583,411.1,275.4,432.7,295.7,0.1583,0
749,24.9916,,,,,,
750,25.025,259.0,0.6,624.9,235.2,0.2006,1
751,25.0584,,,,,,
752,25.0917,363.3,168.6,486.2,228.1,0.1016,0
753,25.1251,,,,,,
754,25.1585,,,,,,
755,25.1918,,,,,,
756,25.2252,430.9,186.6,497.9,235.7,0.2185,0
757,25.2586,,,,,,
758,25.2919,436.9,190.1,507.8,239.6,0.1867,0
759,25.3253,226.5,0.0,639.4,244.9,0.1775,1
760,25.3587,,,,,,
761,25.392,,,,,,
762,25.4254,,,,,,
763,25.4588,,,,,,
764,25.4921,218.7,0.0,640.0,229.4,0.1472,1
764,25.4921,453.4,188.5,528.0,241.8,0.1254,0
765,25.5255,229.8,0.0,611.4,237.5,0.2575,1
765,25.5255,409.5,288.3,428.5,303.0,0.1684,0
766,25.5589,,,,,,
767,25.5922,405.0,281.6,424.5,297.5,0.2346,0
767,25.5922,408.2,283.1,425.2,297.2,0.1401,0
767,25.5922,220.5,0.0,633.0,228.8,0.1063,1
768,25.6256,205.8,0.0,609.3,218.6,0.1514,1
769,25.659,,,,,,
770,25.6923,,,,,,
771,25.7257,,,,,,
772,25.7591,,,,,,
773,25.7924,,,,,,
774,25.8258,,,,,,
775,25.8592,,,,,,
776,25.8925,,,,,,
777,25.9259,,,,,,
778,25.9593,379.3,285.1,400.8,306.7,0.1312,0
779,25.9926,,,,,,
780,26.026,,,,,,
781,26.0594,,,,,,
782,26.0927,384.4,284.0,401.3,296.9,0.3641,0
783,26.1261,,,,,,
784,26.1595,375.9,281.8,400.3,299.5,0.3896,0
785,26.1928,378.3,288.1,398.5,302.7,0.5807,0
786,26.2262,374.2,286.8,395.0,304.7,0.2537,0
786,26.2262,372.5,286.7,393.6,304.4,0.1008,0
787,26.2596,,,,,,
788,26.2929,,,,,,
789,26.3263,,,,,,
790,26.3597,371.0,284.2,387.5,302.1,0.1542,0
791,26.393,370.7,282.3,387.5,300.4,0.1219,0
792,26.4264,368.4,282.1,385.1,297.8,0.1195,0
793,26.4598,369.9,280.8,387.8,298.4,0.4721,0
794,26.4931,369.5,283.5,388.8,300.2,0.543,0
795,26.5265,,,,,,
796,26.5599,,,,,,
797,26.5932,100.9,0.2,579.1,227.6,0.3099,1
797,26.5932,369.3,287.9,391.7,304.1,0.3056,0
798,26.6266,369.3,287.0,391.2,304.6,0.6487,0
798,26.6266,148.6,0.0,576.7,216.7,0.2973,1
799,26.66,371.1,289.7,390.1,306.4,0.3526,0
799,26.66,132.3,0.0,578.8,219.9,0.1375,1
800,26.6933,129.1,0.0,577.7,211.1,0.4037,1
800,26.6933,373.5,290.7,396.0,308.4,0.1726,0
800,26.6933,371.3,290.4,394.5,308.1,0.149,0
801,26.7267,373.7,289.7,395.6,306.6,0.2557,0
801,26.7267,370.5,288.5,394.2,306.5,0.2444,0
801,26.7267,141.7,0.0,580.5,223.5,0.1084,1
802,26.7601,374.1,287.0,397.2,304.1,0.5398,0
802,26.7601,132.9,0.0,575.2,219.3,0.1206,1
803,26.7934,371.1,287.8,395.1,304.7,0.3618,0
803,26.7934,376.3,288.1,396.4,304.0,0.3408,0
804,26.8268,378.5,288.8,394.4,302.3,0.5445,0
804,26.8268,193.6,0.0,586.1,243.0,0.1499,1
805,26.8602,377.4,289.3,393.5,307.7,0.3072,0
806,26.8935,374.4,290.0,400.6,312.1,0.5505,0
807,26.9269,373.8,294.1,400.4,312.1,0.3488,0
807,26.9269,375.3,291.8,399.8,311.5,0.2788,0
807,26.9269,120.8,0.0,571.2,232.8,0.142,1
808,26.9603,376.7,290.7,400.0,312.5,0.4243,0
808,26.9603,374.8,291.3,400.8,312.9,0.3288,0
808,26.9603,132.4,0.0,580.8,246.5,0.1244,1
809,26.9936,378.8,290.1,399.2,310.4,0.4832,0
809,26.9936,147.0,0.0,579.4,243.7,0.1062,1
810,27.027,378.9,288.0,398.8,308.2,0.5699,0
811,27.0604,0.0,0.0,532.9,243.4,0.458,1
811,27.0604,379.2,287.4,398.2,306.2,0.2296,0
811,27.0604,381.7,286.6,401.4,306.6,0.1327,0
812,27.0937,4.3,0.0,533.4,235.0,0.1524,1
812,27.0937,378.4,287.4,399.1,305.8,0.1351,0
812,27.0937,382.6,287.0,402.4,305.9,0.1087,0
813,27.1271,7.1,0.0,534.7,240.5,0.1239,1
814,27.1605,,,,,,
815,27.1938,375.9,281.4,400.2,304.9,0.1841,0
815,27.1938,194.4,0.0,582.9,239.3,0.1621,1
816,27.2272,212.0,0.0,605.1,234.0,0.2281,1
816,27.2272,376.9,285.8,401.6,303.9,0.1889,0
816,27.2272,379.2,284.7,400.8,302.6,0.1018,0
817,27.2606,377.4,286.4,401.4,304.3,0.2844,0
817,27.2606,206.4,0.0,603.8,235.9,0.1388,1
818,27.2939,377.0,285.8,401.4,304.4,0.4692,0
819,27.3273,377.9,286.0,402.3,305.2,0.4458,0
820,27.3607,380.6,286.8,400.9,307.9,0.6573,0
821,27.394,382.0,290.6,401.5,309.6,0.5804,0
821,27.394,382.8,290.4,402.2,309.4,0.1041,0
822,27.4274,380.9,289.9,401.6,310.9,0.7231,0
822,27.4274,8.8,1.0,509.2,216.1,0.1364,1
823,27.4608,380.6,291.1,401.7,311.0,0.5853,0
823,27.4608,4.2,0.6,501.7,220.1,0.1409,1
824,27.4941,382.1,292.2,406.4,311.1,0.7675,0
825,27.5275,377.7,289.3,402.9,308.1,0.7894,0
826,27.5609,381.7,288.6,405.4,303.8,0.7347,0
827,27.5942,376.0,288.4,404.8,305.3,0.6871,0
828,27.6276,380.1,287.5,401.6,304.8,0.5935,0
829,27.661,380.3,286.5,402.2,304.9,0.5867,0
830,27.6943,383.6,287.4,405.1,303.5,0.7016,0
831,27.7277,383.6,287.0,405.5,303.7,0.7116,0
832,27.7611,385.1,288.3,405.4,304.8,0.6806,0
833,27.7944,387.4,289.4,406.3,306.4,0.5725,0
833,27.7944,224.7,0.0,593.8,236.0,0.12,1
834,27.8278,385.8,291.0,406.4,308.9,0.6474,0
835,27.8612,383.7,292.6,407.6,309.4,0.7566,0
835,27.8612,215.8,0.0,597.5,240.9,0.1586,1
836,27.8945,384.9,293.6,407.1,308.6,0.7206,0
836,27.8945,219.7,0.0,598.8,240.2,0.2892,1
837,27.9279,383.4,292.4,407.3,308.7,0.7422,0
837,27.9279,205.0,0.0,596.2,238.9,0.3215,1
838,27.9613,386.5,291.1,407.0,307.9,0.6611,0
838,27.9613,211.8,0.0,594.5,240.5,0.3545,1
839,27.9946,382.2,287.8,407.9,304.5,0.6466,0
840,28.028,,,,,,
841,28.0614,388.0,288.1,417.3,306.6,0.2954,0
842,28.0947,199.9,0.0,560.7,235.5,0.1154,1
842,28.0947,387.6,289.6,416.2,306.5,0.1124,0
843,28.1281,,,,,,
844,28.1615,385.6,290.3,408.4,308.7,0.1279,0
844,28.1615,392.2,290.4,409.6,306.1,0.1098,0
845,28.1948,382.0,287.7,408.5,309.0,0.6107,0
846,28.2282,,,,,,
847,28.2616,385.6,287.3,408.7,304.6,0.3029,0
847,28.2616,388.3,287.5,410.4,304.4,0.1445,0
848,28.2949,384.4,286.7,410.6,304.2,0.4425,0
849,28.3283,381.7,285.9,410.7,304.2,0.4475,0
850,28.3617,,,,,,
851,28.395,,,,,,
852,28.4284,,,,,,
853,28.4618,,,,,,
854,28.4951,,,,,,
855,28.5285,,,,,,
856,28.5619,,,,,,
857,28.5952,,,,,,
858,28.6286,,,,,,
859,28.662,,,,,,
860,28.6953,,,,,,
861,28.7287,382.1,315.3,400.7,332.8,0.1452,0
862,28.7621,384.5,313.6,400.8,332.2,0.5216,0
862,28.7621,383.7,313.5,400.9,333.1,0.169,0
863,28.7954,384.6,313.0,401.3,330.2,0.7004,0
864,28.8288,,,,,,
865,28.8622,380.7,310.8,401.4,329.8,0.1366,0
866,28.8955,376.4,307.4,400.6,326.7,0.1062,0
867,28.9289,,,,,,
868,28.9623,384.3,306.2,402.4,325.0,0.2554,0
868,28.9623,381.3,306.2,401.8,325.6,0.1182,0
869,28.9956,373.3,303.2,403.3,322.8,0.3585,0
870,29.029,382.3,301.7,406.2,321.6,0.7456,0
871,29.0624,380.6,301.6,408.3,322.4,0.6513,0
872,29.0957,385.8,302.9,405.1,321.7,0.5294,0
873,29.1291,385.9,303.5,404.9,321.2,0.2907,0
874,29.1625,375.2,302.4,401.9,321.6,0.3646,0
875,29.1958,380.6,299.2,400.9,319.2,0.5797,0
876,29.2292,382.4,300.3,399.6,316.3,0.7044,0
877,29.2626,382.0,301.1,398.1,318.3,0.7016,0
878,29.2959,380.7,299.0,397.8,317.5,0.6413,0
879,29.3293,380.3,297.9,398.7,317.0,0.5587,0
880,29.3627,379.3,299.0,398.9,317.9,0.5277,0
881,29.396,381.3,300.9,399.1,316.9,0.4948,0
882,29.4294,382.1,303.3,400.4,322.4,0.4793,0
883,29.4628,383.4,303.6,405.2,321.7,0.4015,0
884,29.4961,383.5,304.3,404.4,324.0,0.7934,0
885,29.5295,378.0,304.9,401.3,326.3,0.1759,0
885,29.5295,382.8,305.2,402.2,325.4,0.1406,0
886,29.5629,381.1,306.8,400.6,327.1,0.7347,0
887,29.5962,381.3,308.3,401.7,326.9,0.7595,0
888,29.6296,376.8,307.9,401.0,327.4,0.4748,0
888,29.6296,144.2,0.9,589.9,250.6,0.1302,1
889,29.663,377.5,308.3,400.8,328.3,0.3223,0
889,29.663,378.1,307.9,400.4,327.6,0.3183,0
890,29.6963,378.4,304.7,400.2,325.5,0.3783,0
890,29.6963,0.0,0.9,496.3,243.3,0.1385,1
891,29.7297,0.0,0.1,479.9,238.4,0.1806,1
891,29.7297,374.1,305.3,401.5,323.7,0.1441,0
891,29.7297,351.1,301.3,403.0,325.6,0.1208,0
892,29.7631,6.0,0.4,500.7,236.4,0.2299,1
892,29.7631,349.0,301.6,404.3,325.6,0.1554,0
892,29.7631,374.3,305.5,402.0,323.8,0.1432,0
892,29.7631,379.0,305.4,404.0,323.0,0.115,0
893,29.7964,375.1,305.0,399.8,322.7,0.1225,0
893,29.7964,0.7,0.2,510.4,238.1,0.1211,1
893,29.7964,379.5,305.1,401.9,322.2,0.1116,0
894,29.8298,350.1,302.5,401.1,324.3,0.1135,0
894,29.8298,355.8,304.7,398.9,323.3,0.1014,0
895,29.8632,364.0,304.5,401.8,322.7,0.2469,0
896,29.8965,382.2,305.1,401.3,321.9,0.297,0
896,29.8965,378.3,305.1,399.8,322.4,0.2839,0
897,29.9299,381.4,303.8,406.8,322.0,0.4133,0
898,29.9633,364.5,303.8,405.5,321.7,0.3961,0
898,29.9633,354.7,302.1,408.0,322.8,0.1896,0
899,29.9966,366.4,303.3,406.3,321.6,0.3562,0
899,29.9966,356.0,300.6,409.3,322.6,0.1369,0
899,29.9966,374.6,303.2,407.1,321.7,0.1114,0
900,30.03,375.4,302.8,401.4,321.3,0.153,0
900,30.03,382.0,303.2,402.0,320.7,0.1512,0
901,30.0634,,,,,,
902,30.0967,159.7,0.0,585.1,233.8,0.1056,1
903,30.1301,189.9,0.0,585.5,236.1,0.1745,1
904,30.1635,363.7,302.5,395.0,321.6,0.1199,0
905,30.1968,365.7,303.6,394.4,321.3,0.1655,0
906,30.2302,365.8,303.1,394.7,321.0,0.2871,0
906,30.2302,369.9,303.4,396.3,320.8,0.1524,0
907,30.2636,367.4,303.1,392.4,321.0,0.2206,0
907,30.2636,48.6,0.0,532.3,243.6,0.1171,1
907,30.2636,370.9,303.4,394.1,320.7,0.1023,0
908,30.2969,364.3,303.4,391.3,320.9,0.1743,0
908,30.2969,370.1,303.8,394.1,320.9,0.1739,0
908,30.2969,152.3,0.0,608.0,238.7,0.1083,1
908,30.2969,357.7,302.9,389.6,321.5,0.1076,0
909,30.3303,369.9,302.5,394.7,320.6,0.1994,0
909,30.3303,364.4,302.0,392.6,320.8,0.1233,0
909,30.3303,117.5,0.0,600.5,241.4,0.1146,1
910,30.3637,152.2,0.0,591.1,244.9,0.2174,1
911,30.397,157.3,0.3,591.7,247.7,0.5947,1
912,30.4304,216.6,1.6,588.3,244.8,0.2594,1
912,30.4304,361.2,300.6,398.2,318.9,0.1427,0
912,30.4304,401.4,195.5,494.7,251.6,0.1037,0
913,30.4638,360.8,298.6,398.8,317.7,0.1406,0
914,30.4971,373.1,294.1,398.2,314.4,0.5716,0
915,30.5305,370.2,295.0,391.9,313.4,0.2629,0
916,30.5639,223.4,0.4,575.6,245.2,0.4342,1
916,30.5639,370.9,295.0,391.9,314.0,0.2298,0
916,30.5639,373.3,294.8,397.9,313.9,0.1581,0
917,30.5972,373.4,296.0,400.7,314.2,0.3966,0
917,30.5972,220.1,0.8,581.2,242.9,0.1256,1
918,30.6306,,,,,,
919,30.664,219.5,0.0,573.2,245.0,0.4283,1
920,30.6973,212.7,0.0,577.6,243.8,0.5891,1
921,30.7307,220.3,1.3,575.0,240.4,0.5904,1
921,30.7307,369.4,296.1,393.0,312.2,0.1466,0
922,30.7641,369.6,290.5,393.8,311.3,0.209,0
922,30.7641,209.6,0.0,573.4,242.4,0.1392,1
923,30.7974,219.9,0.0,576.4,241.3,0.471,1
924,30.8308,370.2,295.5,391.7,313.0,0.1011,0
925,30.8642,369.2,295.5,392.6,312.8,0.178,0
926,30.8975,,,,,,
927,30.9309,209.3,0.0,572.2,235.5,0.1451,1
928,30.9643,,,,,,
929,30.9976,219.1,0.0,599.9,232.2,0.1622,1
929,30.9976,371.6,294.1,398.4,313.1,0.1032,0
930,31.031,377.2,294.1,400.3,311.9,0.2388,0
930,31.031,219.0,0.0,588.7,234.3,0.2301,1
931,31.0644,219.4,0.0,587.7,234.9,0.2292,1
931,31.0644,380.7,292.2,400.3,308.5,0.1919,0
932,31.0977,380.3,291.2,400.6,308.9,0.5254,0
932,31.0977,212.7,0.0,597.7,232.9,0.1722,1
933,31.1311,380.4,291.9,401.5,307.7,0.4159,0
933,31.1311,204.5,0.0,602.4,239.6,0.1499,1
934,31.1645,208.9,0.0,592.8,234.1,0.3243,1
934,31.1645,383.3,293.7,405.8,311.7,0.2603,0
934,31.1645,383.8,293.1,405.6,309.8,0.1824,0
935,31.1978,382.1,291.3,408.1,311.6,0.5429,0
936,31.2312,379.9,294.5,401.8,313.0,0.7221,0
936,31.2312,170.2,0.5,577.6,238.2,0.1975,1
937,31.2646,379.3,292.9,401.1,312.2,0.5478,0
937,31.2646,201.0,0.0,574.8,235.1,0.1605,1
938,31.2979,378.4,293.6,401.2,312.4,0.5823,0
939,31.3313,378.0,293.2,401.6,312.4,0.6434,0
939,31.3313,159.3,0.0,585.7,231.1,0.1973,1
940,31.3647,377.3,293.0,401.7,312.1,0.5274,0
940,31.3647,158.5,0.0,589.2,234.6,0.3102,1
941,31.398,380.0,292.6,401.4,313.3,0.7144,0
941,31.398,148.3,0.0,588.3,236.3,0.1067,1
942,31.4314,380.0,292.2,401.6,313.4,0.7172,0
943,31.4648,382.6,291.5,406.3,312.5,0.651,0
944,31.4981,381.6,294.1,406.0,314.7,0.6032,0
945,31.5315,381.4,291.3,407.4,314.1,0.4597,0
945,31.5315,381.5,291.5,407.5,314.6,0.3458,0
946,31.5649,381.5,291.5,407.5,313.8,0.5201,0
946,31.5649,381.6,291.7,407.5,314.3,0.2509,0
947,31.5982,381.8,292.9,407.2,314.0,0.7631,0
948,31.6316,381.0,295.6,401.9,313.0,0.7755,0
949,31.665,379.7,295.9,402.2,314.1,0.7798,0
949,31.665,210.7,1.3,562.8,242.9,0.1762,1
950,31.6983,381.1,297.3,402.0,313.8,0.7401,0
951,31.7317,381.8,295.2,402.1,312.8,0.7546,0
952,31.7651,382.1,296.3,401.9,312.6,0.732,0
952,31.7651,193.8,1.2,568.5,242.4,0.1195,1
953,31.7984,380.5,294.2,401.9,312.5,0.5303,0
953,31.7984,155.9,0.3,575.7,242.2,0.365,1
953,31.7984,381.1,293.1,401.5,311.8,0.2129,0
954,31.8318,382.1,294.7,406.2,312.5,0.3648,0
954,31.8318,197.5,1.6,566.9,244.5,0.3203,1
954,31.8318,382.2,293.2,406.9,311.8,0.1977,0
955,31.8652,381.1,292.5,402.7,310.9,0.6717,0
955,31.8652,222.2,0.3,595.0,246.2,0.3943,1
956,31.8985,380.8,291.8,402.7,311.8,0.3896,0
956,31.8985,381.1,294.7,402.3,312.5,0.1415,0
957,31.9319,380.4,291.1,403.4,311.4,0.3987,0
958,31.9653,380.2,290.7,403.3,311.3,0.439,0
958,31.9653,206.4,0.0,548.5,238.7,0.1382,1
959,31.9986,379.5,291.4,403.5,311.8,0.393,0
959,31.9986,167.4,0.3,569.9,243.7,0.1773,1
960,32.032,381.9,292.8,401.4,311.5,0.6629,0
960,32.032,382.6,292.5,401.7,311.6,0.1014,0
961,32.0654,381.6,292.3,409.8,312.0,0.8158,0
962,32.0987,382.5,292.4,408.7,309.6,0.7905,0
962,32.0987,192.0,0.0,598.3,237.3,0.1146,1
963,32.1321,382.7,291.2,406.2,310.4,0.7512,0
964,32.1655,381.7,292.3,402.3,311.8,0.7355,0
965,32.1988,381.2,292.3,402.2,312.7,0.5066,0
965,32.1988,380.8,292.6,402.2,313.1,0.1837,0
965,32.1988,208.0,0.0,606.4,241.2,0.1679,1
966,32.2322,380.6,294.7,401.4,313.4,0.7107,0
966,32.2322,216.3,0.0,597.0,244.7,0.1508,1
967,32.2656,381.4,296.0,401.5,313.5,0.7499,0
968,32.2989,380.7,298.1,401.9,313.3,0.6555,0
969,32.3323,378.8,297.1,401.9,313.8,0.6278,0
970,32.3657,380.3,296.6,401.2,313.1,0.7574,0
971,32.399,379.9,296.3,401.9,313.5,0.5934,0
972,32.4324,379.6,296.0,402.0,313.4,0.7467,0
972,32.4324,200.6,4.3,596.0,239.1,0.1302,1
973,32.4658,381.3,296.9,401.8,312.8,0.6625,0
974,32.4991,381.7,296.1,401.9,312.2,0.6848,0
974,32.4991,202.0,2.2,603.4,239.0,0.1156,1
975,32.5325,380.1,295.8,401.5,313.3,0.67,0
975,32.5325,207.8,1.4,602.9,239.6,0.1605,1
976,32.5659,380.1,297.0,401.4,312.9,0.5889,0
976,32.5659,182.0,0.7,617.9,238.7,0.2075,1
977,32.5992,201.2,0.0,626.9,241.9,0.647,1
977,32.5992,376.9,295.1,402.0,314.2,0.5419,0
978,32.6326,373.1,294.1,401.6,314.2,0.6829,0
978,32.6326,179.9,0.0,604.8,239.9,0.4604,1
979,32.666,204.3,0.0,598.9,240.9,0.7218,1
979,32.666,379.7,294.1,403.6,313.1,0.6752,0
980,32.6993,212.2,0.4,599.2,238.7,0.7046,1
980,32.6993,378.7,293.8,404.1,313.6,0.613,0
980,32.6993,381.3,293.8,404.7,314.1,0.1168,0
981,32.7327,378.6,294.3,402.1,313.7,0.7186,0
981,32.7327,207.6,0.7,590.7,236.7,0.716,1
982,32.7661,380.1,291.9,402.0,311.9,0.5958,0
982,32.7661,223.5,1.4,590.2,233.8,0.4193,1
983,32.7994,380.7,291.5,406.0,310.4,0.7862,0
983,32.7994,224.8,0.0,585.9,237.0,0.5246,1
984,32.8328,376.4,290.0,401.9,309.6,0.5577,0
985,32.8662,,,,,,
986,32.8995,,,,,,
987,32.9329,,,,,,
988,32.9663,,,,,,
989,32.9996,,,,,,
990,33.033,,,,,,
991,33.0664,,,,,,
992,33.0997,,,,,,
993,33.1331,,,,,,
994,33.1665,,,,,,
995,33.1998,,,,,,
996,33.2332,,,,,,
997,33.2666,104.4,322.3,124.1,351.7,0.1025,0
998,33.2999,,,,,,
999,33.3333,384.6,286.3,392.9,298.0,0.378,0
1000,33.3667,,,,,,
1001,33.4,385.3,262.4,394.2,279.7,0.3394,0
1001,33.4,384.9,262.7,394.2,279.6,0.1198,0
1002,33.4334,384.1,253.7,393.3,266.6,0.706,0
1003,33.4668,377.3,246.8,389.0,257.8,0.1572,0
1003,33.4668,109.8,266.5,127.4,289.0,0.1343,0
1004,33.5001,368.8,239.1,383.5,252.5,0.515,0
1005,33.5335,364.6,231.6,375.8,244.6,0.3649,0
1005,33.5335,95.2,247.6,113.1,269.8,0.2368,0
1006,33.5669,,,,,,
1007,33.6002,94.0,0.0,640.0,332.3,0.1759,1
1007,33.6002,61.6,0.0,640.0,318.3,0.1068,1
1007,33.6002,91.5,0.0,637.3,317.8,0.1052,1
1008,33.6336,,,,,,
1009,33.667,,,,,,
1010,33.7003,,,,,,
1011,33.7337,,,,,,
1012,33.7671,,,,,,
1013,33.8004,,,,,,
1014,33.8338,,,,,,
1015,33.8672,,,,,,
1016,33.9005,,,,,,
1017,33.9339,,,,,,
1018,33.9673,,,,,,
1019,34.0006,,,,,,
1020,34.034,,,,,,
1021,34.0674,,,,,,
1022,34.1007,,,,,,
1023,34.1341,,,,,,
1024,34.1675,,,,,,
1025,34.2008,,,,,,
1026,34.2342,,,,,,
1027,34.2676,,,,,,
1028,34.3009,,,,,,
1029,34.3343,,,,,,
1030,34.3677,,,,,,
1031,34.401,,,,,,
1032,34.4344,,,,,,
1033,34.4678,,,,,,
1034,34.5011,,,,,,
1035,34.5345,,,,,,
1036,34.5679,,,,,,
1037,34.6012,,,,,,
1038,34.6346,,,,,,
1039,34.668,,,,,,
1040,34.7013,,,,,,
1041,34.7347,,,,,,
1042,34.7681,,,,,,
1043,34.8014,201.2,271.4,300.1,350.0,0.3648,1
1044,34.8348,26.7,285.1,305.1,351.5,0.1951,1
1045,34.8682,,,,,,
1046,34.9015,0.0,261.6,507.4,350.5,0.2999,1
1046,34.9015,2.3,5.1,461.1,348.9,0.2892,1
1046,34.9015,28.4,268.7,562.0,350.0,0.1131,1
1047,34.9349,98.5,257.8,627.6,350.6,0.2993,1
1047,34.9349,0.0,0.0,431.2,348.7,0.1813,1
1048,34.9683,0.0,0.0,527.2,351.8,0.4232,1
1048,34.9683,70.7,236.8,630.7,350.9,0.1284,1
1049,35.0016,1.2,0.0,517.3,352.0,0.7319,1
1049,35.0016,50.2,218.3,628.4,350.8,0.1653,1
1050,35.035,0.0,0.0,427.5,352.0,0.3707,1
1050,35.035,5.8,212.9,487.4,351.0,0.1144,1
1051,35.0684,0.0,1.3,406.1,348.6,0.2933,1
1052,35.1017,0.0,264.5,437.9,351.2,0.2531,1
1053,35.1351,,,,,,
1054,35.1685,,,,,,
1055,35.2018,,,,,,
1056,35.2352,,,,,,
1057,35.2686,,,,,,
1058,35.3019,,,,,,
1059,35.3353,,,,,,
1060,35.3687,0.0,275.2,476.6,350.6,0.2733,1
1061,35.402,,,,,,
1062,35.4354,13.0,0.0,483.6,340.5,0.2275,1
1063,35.4688,69.3,0.0,640.0,331.1,0.1955,1
1063,35.4688,96.3,0.0,640.0,338.9,0.1559,1
1064,35.5021,0.0,0.0,179.3,349.9,0.3166,1
1065,35.5355,0.0,0.0,172.4,348.1,0.6291,1
1066,35.5689,0.0,5.0,170.9,293.5,0.1232,1
1067,35.6022,,,,,,
1068,35.6356,,,,,,
1069,35.669,,,,,,
1070,35.7023,,,,,,
1071,35.7357,,,,,,
1072,35.7691,,,,,,
1073,35.8024,,,,,,
1074,35.8358,,,,,,
1075,35.8692,412.0,95.9,425.9,115.8,0.1629,0
1076,35.9025,,,,,,
1077,35.9359,406.7,122.4,418.2,142.9,0.1443,0
1078,35.9693,49.8,0.0,630.3,300.7,0.1653,1
1078,35.9693,159.7,6.4,636.5,351.5,0.1466,1
1079,36.0026,,,,,,
1080,36.036,146.6,162.4,168.9,205.3,0.1509,0
1080,36.036,146.4,161.5,171.1,228.3,0.1113,0
1081,36.0694,,,,,,
1082,36.1027,,,,,,
1083,36.1361,,,,,,
1084,36.1695,,,,,,
1085,36.2028,,,,,,
1086,36.2362,0.0,7.5,145.9,347.4,0.1565,1
1087,36.2696,0.0,0.0,573.4,346.7,0.7055,1
1088,36.3029,0.0,2.3,548.0,352.0,0.6313,1
1089,36.3363,,,,,,
1090,36.3697,0.0,87.5,172.7,341.9,0.155,1
1091,36.403,149.7,56.9,640.0,352.0,0.3403,1
1091,36.403,114.6,42.1,640.0,352.0,0.234,1
1092,36.4364,,,,,,
1093,36.4698,,,,,,
1094,36.5031,,,,,,
1095,36.5365,,,,,,
1096,36.5699,0.0,71.2,119.8,171.7,0.1098,1
1097,36.6032,,,,,,
1098,36.6366,,,,,,
1099,36.67,,,,,,
1100,36.7033,,,,,,
1101,36.7367,,,,,,
1102,36.7701,,,,,,
1103,36.8034,,,,,,
1104,36.8368,,,,,,
1105,36.8702,,,,,,
1106,36.9035,,,,,,
1107,36.9369,,,,,,
1108,36.9703,,,,,,
1109,37.0036,,,,,,
1110,37.037,,,,,,
1111,37.0704,,,,,,
1112,37.1037,,,,,,
1113,37.1371,,,,,,
1114,37.1705,,,,,,
1115,37.2038,,,,,,
1116,37.2372,,,,,,
1117,37.2706,,,,,,
1118,37.3039,,,,,,
1119,37.3373,,,,,,
1120,37.3707,134.5,43.9,640.0,346.1,0.5189,1
1120,37.3707,95.1,63.4,640.0,349.1,0.2532,1
1120,37.3707,8.0,23.9,600.7,325.9,0.1651,1
1120,37.3707,30.4,44.2,604.0,351.1,0.1444,1
1121,37.404,69.5,49.4,640.0,346.0,0.5664,1
1121,37.404,0.0,32.5,622.6,314.6,0.5254,1
1122,37.4374,0.0,0.7,640.0,281.8,0.421,1
1123,37.4708,0.0,0.4,640.0,108.3,0.1763,1
1124,37.5041,,,,,,
1125,37.5375,,,,,,
1126,37.5709,,,,,,
1127,37.6042,,,,,,
1128,37.6376,82.5,40.7,109.8,101.8,0.1912,0
1129,37.671,,,,,,
1130,37.7043,,,,,,
1131,37.7377,,,,,,
1132,37.7711,316.2,20.7,331.0,44.2,0.7579,0
1132,37.7711,38.8,24.5,56.9,68.0,0.1762,0
1133,37.8044,32.6,39.4,50.7,77.2,0.1391,0
1133,37.8044,311.3,39.7,323.1,63.6,0.1034,0
1134,37.8378,33.6,52.4,51.7,93.7,0.1854,0
1134,37.8378,311.9,59.4,324.3,89.9,0.1387,0
1135,37.8712,305.8,85.8,321.6,112.1,0.4595,0
1135,37.8712,29.4,72.8,51.4,117.3,0.2342,0
1135,37.8712,28.4,72.7,52.9,120.5,0.1242,0
1136,37.9045,293.4,106.4,309.6,123.2,0.1459,0
1136,37.9045,209.3,0.0,614.8,225.3,0.1061,1
1137,37.9379,,,,,,
1138,37.9713,,,,,,
1139,38.0046,,,,,,
1140,38.038,,,,,,
1141,38.0714,,,,,,
1142,38.1047,,,,,,
1143,38.1381,,,,,,
1144,38.1715,,,,,,
1145,38.2048,,,,,,
1146,38.2382,,,,,,
1147,38.2716,,,,,,
1148,38.3049,,,,,,
1149,38.3383,,,,,,
1150,38.3717,,,,,,
1151,38.405,312.0,140.9,333.1,151.8,0.1727,0
1152,38.4384,,,,,,
1153,38.4718,,,,,,
1154,38.5051,89.8,170.7,108.5,219.0,0.1066,0
1155,38.5385,81.5,194.0,103.7,244.9,0.5693,0
1155,38.5385,344.4,161.6,361.4,189.1,0.4784,0
1155,38.5385,81.3,194.5,103.7,241.5,0.3865,0
1155,38.5385,0.0,0.0,522.8,151.9,0.3822,1
1156,38.5719,74.3,221.5,93.5,259.3,0.3629,0
1156,38.5719,337.9,184.5,350.9,200.8,0.2247,0
1156,38.5719,337.6,184.5,351.3,200.6,0.1318,0
1157,38.6052,55.9,239.3,85.5,264.5,0.6955,0
1157,38.6052,106.1,0.0,541.2,335.2,0.2853,1
1158,38.6386,31.2,255.4,63.2,276.5,0.7398,0
1158,38.6386,102.1,0.0,514.6,346.7,0.2066,1
1159,38.672,,,,,,
1160,38.7053,,,,,,
1161,38.7387,,,,,,
1162,38.7721,,,,,,
1163,38.8054,,,,,,
1164,38.8388,31.7,0.0,538.8,59.8,0.4763,1
1165,38.8722,,,,,,
1166,38.9055,,,,,,
1167,38.9389,122.6,285.9,140.4,312.0,0.1095,0
1168,38.9723,,,,,,
1169,39.0056,,,,,,
1170,39.039,150.7,301.2,172.6,317.3,0.5382,0
1170,39.039,8.6,0.2,624.9,110.7,0.3616,1
1170,39.039,63.2,0.0,640.0,127.4,0.1485,1
1171,39.0724,,,,,,
1172,39.1057,,,,,,
1173,39.1391,,,,,,
1174,39.1725,149.0,289.4,169.6,313.5,0.3541,0
1175,39.2058,404.6,253.7,416.0,264.4,0.3312,0
1176,39.2392,,,,,,
1177,39.2726,,,,,,
1178,39.3059,,,,,,
1179,39.3393,,,,,,
1180,39.3727,,,,,,
1181,39.406,,,,,,
1182,39.4394,,,,,,
1183,39.4728,,,,,,
1184,39.5061,,,,,,
1185,39.5395,0.0,0.0,383.0,94.1,0.5201,1
1185,39.5395,136.4,0.0,640.0,128.4,0.1823,1
1185,39.5395,274.3,327.4,299.6,351.4,0.1699,0
1186,39.5729,,,,,,
1187,39.6062,,,,,,
1188,39.6396,298.6,301.9,317.9,336.1,0.2703,0
1189,39.673,297.8,299.7,317.7,333.9,0.3364,0
1189,39.673,0.3,339.5,20.1,352.0,0.1058,0
1190,39.7063,295.0,298.3,316.0,333.0,0.6068,0
1191,39.7397,291.3,300.5,311.4,336.1,0.5407,0
1192,39.7731,288.4,303.1,308.9,338.9,0.4474,0
1192,39.7731,288.5,304.0,308.7,338.8,0.2167,0
1193,39.8064,287.5,305.2,307.5,339.5,0.5357,0
1194,39.8398,282.6,306.0,304.6,340.5,0.6983,0
1195,39.8732,273.6,308.3,296.8,340.8,0.6062,0
1196,39.9065,264.4,309.6,286.6,340.7,0.6292,0
1197,39.9399,256.5,311.4,278.7,347.5,0.1199,0
1198,39.9733,251.6,317.1,271.1,349.7,0.289,0
1199,40.0066,250.2,318.6,269.7,351.4,0.2764,0
1199,40.0066,250.3,321.1,269.4,350.9,0.1332,0
1200,40.04,249.1,319.4,269.2,351.3,0.2468,0
1200,40.04,370.5,0.3,640.0,122.8,0.1443,1
1201,40.0734,343.5,0.6,639.8,124.2,0.3191,1
1202,40.1067,377.3,0.3,640.0,125.0,0.3559,1
1203,40.1401,353.8,0.4,639.3,126.5,0.1738,1
1203,40.1401,239.6,323.2,285.8,352.0,0.1171,0
1204,40.1735,235.3,322.1,283.8,352.0,0.1181,0
1205,40.2068,235.0,319.2,286.9,352.0,0.1107,0
1206,40.2402,,,,,,
1207,40.2736,,,,,,
1208,40.3069,0.0,0.6,628.4,102.3,0.2053,1
1208,40.3069,248.9,298.7,270.2,318.6,0.1492,0
1208,40.3069,299.1,0.3,639.1,100.5,0.116,1
1209,40.3403,255.9,300.7,277.3,332.3,0.7109,0
1210,40.3737,,,,,,
1211,40.407,245.1,303.2,272.3,319.2,0.6835,0
1212,40.4404,226.5,303.6,255.6,323.7,0.5626,0
1212,40.4404,491.8,280.4,515.4,290.8,0.3079,0
1213,40.4738,217.8,304.4,239.2,342.5,0.5784,0
1214,40.5071,215.1,309.3,236.4,344.0,0.776,0
1215,40.5405,209.6,305.7,230.2,340.9,0.4029,0
1216,40.5739,209.2,305.7,230.3,344.2,0.4507,0
1217,40.6072,,,,,,
1218,40.6406,,,,,,
1219,40.674,225.4,323.0,244.5,351.9,0.2806,0
1219,40.674,223.2,323.2,267.8,351.9,0.1108,0
1220,40.7073,,,,,,
1221,40.7407,,,,,,
1222,40.7741,,,,,,
1223,40.8074,,,,,,
1224,40.8408,,,,,,
1225,40.8742,,,,,,
1226,40.9075,,,,,,
1227,40.9409,,,,,,
1228,40.9743,,,,,,
1229,41.0076,,,,,,
1230,41.041,,,,,,
1231,41.0744,,,,,,
1232,41.1077,,,,,,
1233,41.1411,,,,,,
1234,41.1745,,,,,,
1235,41.2078,,,,,,
1236,41.2412,,,,,,
1237,41.2746,3.5,1.4,364.1,170.7,0.1051,1
1238,41.3079,,,,,,
1239,41.3413,,,,,,
1240,41.3747,225.1,0.5,640.0,158.1,0.1494,1
1241,41.408,,,,,,
1242,41.4414,264.3,0.6,640.0,152.7,0.263,1
1243,41.4748,241.8,0.4,638.7,149.7,0.2229,1
1244,41.5081,261.9,0.6,639.7,145.6,0.3476,1
1245,41.5415,,,,,,
1246,41.5749,465.0,231.5,503.2,256.2,0.1248,0
1247,41.6082,,,,,,
1248,41.6416,,,,,,
1249,41.675,,,,,,
1250,41.7083,239.7,0.5,639.0,149.8,0.1852,1
1251,41.7417,472.3,320.6,484.2,330.5,0.1547,0
1251,41.7417,184.4,340.5,241.7,352.0,0.118,0
1251,41.7417,204.3,341.7,237.2,352.0,0.1073,0
1252,41.7751,208.9,339.5,236.1,352.0,0.3827,0
1253,41.8084,209.3,336.6,237.0,352.0,0.3352,0
1253,41.8084,210.0,332.8,237.1,352.0,0.1592,0
1253,41.8084,205.8,333.3,273.0,351.9,0.1204,0
1254,41.8418,209.2,332.4,236.9,352.0,0.1726,0
1254,41.8418,206.4,333.1,274.0,351.9,0.1323,0
1254,41.8418,208.4,337.0,237.1,351.9,0.107,0
1254,41.8418,194.6,334.1,241.0,352.0,0.1033,0
1255,41.8752,,,,,,
1256,41.9085,,,,,,
1257,41.9419,216.3,326.1,238.0,351.9,0.1709,0
1258,41.9753,,,,,,
1259,42.0086,,,,,,
1260,42.042,,,,,,
1261,42.0754,,,,,,
1262,42.1087,,,,,,
1263,42.1421,,,,,,
1264,42.1755,,,,,,
1265,42.2088,,,,,,
1266,42.2422,204.6,338.5,230.4,352.0,0.5003,0
1266,42.2422,202.3,337.9,248.7,352.0,0.1543,0
1267,42.2756,208.9,337.4,233.0,351.8,0.2192,0
1267,42.2756,208.9,333.1,233.0,352.0,0.1904,0
1268,42.3089,213.8,338.9,241.3,351.9,0.3223,0
1268,42.3089,211.9,336.7,276.8,351.9,0.1242,0
1269,42.3423,220.8,339.9,252.4,351.9,0.1439,0
1270,42.3757,226.1,331.4,251.2,352.0,0.3749,0
1271,42.409,232.6,326.2,251.5,351.5,0.3385,0
1272,42.4424,233.0,327.8,253.1,351.8,0.3062,0
1273,42.4758,236.9,341.1,251.0,351.7,0.1607,0
1274,42.5091,,,,,,
1275,42.5425,,,,,,
1276,42.5759,,,,,,
1277,42.6092,,,,,,
1278,42.6426,,,,,,
1279,42.676,,,,,,
1280,42.7093,,,,,,
1281,42.7427,,,,,,
1282,42.7761,,,,,,
1283,42.8094,,,,,,
1284,42.8428,381.2,0.6,640.0,128.2,0.1657,1
1284,42.8428,259.7,323.0,278.8,351.4,0.1305,0
1285,42.8762,259.3,321.2,280.0,351.2,0.3277,0
1285,42.8762,258.6,322.5,280.0,351.0,0.1492,0
1286,42.9095,258.2,322.0,278.9,351.0,0.538,0
1287,42.9429,257.7,324.3,277.6,351.3,0.5728,0
1288,42.9763,258.1,328.0,277.5,351.3,0.6483,0
1289,43.0096,256.7,328.5,277.0,351.0,0.619,0
1289,43.0096,253.6,328.5,295.8,351.9,0.1097,0
1290,43.043,255.6,325.3,275.0,351.1,0.6973,0
1291,43.0764,255.9,324.4,276.1,350.6,0.7374,0
1292,43.1097,257.8,323.3,277.8,350.8,0.5426,0
1292,43.1097,532.8,217.0,561.7,236.2,0.1786,0
1293,43.1431,256.7,322.8,277.8,351.2,0.2017,0
1293,43.1431,256.5,322.4,278.0,351.9,0.1705,0
1294,43.1765,257.1,322.9,277.3,351.6,0.6225,0
1295,43.2098,256.7,322.8,279.5,351.8,0.4263,0
1295,43.2098,255.2,322.7,292.8,352.0,0.143,0
1296,43.2432,254.8,324.3,282.3,352.0,0.2143,0
1296,43.2432,543.5,222.2,565.3,240.5,0.1245,0
1296,43.2432,252.6,324.6,294.1,352.0,0.1132,0
1297,43.2766,253.6,326.1,277.9,352.0,0.25,0
1297,43.2766,249.5,327.6,298.7,352.0,0.1242,0
1298,43.3099,246.6,329.6,277.6,352.0,0.2525,0
1298,43.3099,244.7,330.3,296.0,352.0,0.1436,0
1299,43.3433,248.9,329.3,276.7,352.0,0.2282,0
1299,43.3433,247.3,329.8,295.9,352.0,0.1329,0
1300,43.3767,251.6,329.5,283.6,352.0,0.1469,0
1301,43.41,254.8,328.8,285.4,352.0,0.1666,0
1301,43.41,2.7,0.7,429.8,122.8,0.1094,1
1302,43.4434,254.5,328.3,285.3,352.0,0.1166,0
1302,43.4434,294.9,178.8,306.8,192.6,0.1064,0
1303,43.4768,256.6,331.4,284.5,352.0,0.3341,0
1303,43.4768,256.3,331.7,314.5,351.9,0.1227,0
1304,43.5101,261.0,331.9,283.2,352.0,0.6224,0
1304,43.5101,0.0,0.6,427.2,123.0,0.1078,1
1305,43.5435,258.4,333.2,282.9,352.0,0.5287,0
1305,43.5435,372.2,0.5,640.0,138.4,0.2232,1
1306,43.5769,257.9,336.8,282.7,351.9,0.3437,0
1306,43.5769,372.5,0.7,640.0,140.8,0.2576,1
1306,43.5769,258.4,335.0,282.7,352.0,0.2278,0
1306,43.5769,295.7,179.8,306.9,194.0,0.2184,0
1306,43.5769,295.8,166.1,314.1,194.5,0.145,0
1306,43.5769,257.0,335.5,315.0,351.8,0.1077,0
1306,43.5769,246.2,335.3,285.8,352.0,0.1003,0
1307,43.6102,380.7,0.3,639.7,142.9,0.6353,1
1307,43.6102,257.3,336.9,283.3,351.9,0.3764,0
1307,43.6102,258.1,335.1,283.1,352.0,0.2207,0
1307,43.6102,295.6,165.1,316.8,195.7,0.149,0
1307,43.6102,255.7,335.5,314.8,351.8,0.1086,0
1308,43.6436,258.7,333.8,282.0,352.0,0.5463,0
1308,43.6436,296.2,165.7,315.1,193.4,0.2969,0
1308,43.6436,528.5,311.3,542.0,320.9,0.2328,0
1308,43.6436,375.6,0.5,639.5,157.1,0.1341,1
1308,43.6436,247.4,333.5,284.2,352.0,0.1011,0
1309,43.677,259.1,329.8,280.3,352.0,0.6134,0
1309,43.677,527.6,310.6,539.2,319.1,0.4068,0
1309,43.677,377.1,0.3,638.5,170.3,0.3136,1
1310,43.7103,259.0,327.8,280.0,351.7,0.5545,0
1311,43.7437,259.3,323.5,280.3,350.8,0.5577,0
1312,43.7771,258.6,322.6,280.2,350.4,0.4877,0
1312,43.7771,257.2,323.7,279.9,351.2,0.1608,0
1313,43.8104,257.0,322.6,280.2,351.5,0.4902,0
1313,43.8104,250.3,321.8,281.5,352.0,0.1006,0
1314,43.8438,256.8,321.9,283.2,351.5,0.452,0
1314,43.8438,249.9,320.7,283.4,352.0,0.1402,0
1315,43.8772,257.2,321.7,283.3,351.7,0.5087,0
1315,43.8772,250.2,320.9,283.2,352.0,0.1739,0
1316,43.9105,256.2,321.6,283.8,351.8,0.3894,0
1316,43.9105,250.6,320.7,283.7,352.0,0.1682,0
1317,43.9439,256.1,322.2,283.7,352.0,0.508,0
1317,43.9439,250.2,321.6,283.8,352.0,0.1681,0
1318,43.9773,260.8,322.6,284.5,352.0,0.4097,0
1319,44.0106,256.0,326.4,282.2,352.0,0.3762,0
1320,44.044,373.8,0.4,638.1,150.2,0.2446,1
1320,44.044,534.1,222.9,566.1,241.7,0.1269,0
1320,44.044,254.0,327.1,278.9,352.0,0.1223,0
1320,44.044,250.3,328.9,295.9,352.0,0.1027,0
1321,44.0774,351.3,0.8,638.7,132.1,0.1715,1
1322,44.1107,249.5,330.5,275.3,352.0,0.3283,0
1322,44.1107,248.0,330.7,295.4,351.9,0.1503,0
1323,44.1441,257.1,328.3,277.4,351.6,0.5903,0
1323,44.1441,360.3,0.6,638.9,136.6,0.505,1
1324,44.1775,258.4,329.6,278.2,352.0,0.4992,0
1324,44.1775,358.3,0.6,639.1,133.2,0.4925,1
1325,44.2108,257.5,330.4,277.5,351.9,0.6239,0
1325,44.2108,335.7,0.7,639.4,135.6,0.2136,1
1326,44.2442,257.4,330.2,277.2,351.5,0.6785,0
1326,44.2442,322.8,0.7,639.3,133.2,0.144,1
1327,44.2776,251.6,331.7,275.1,351.6,0.6011,0
1327,44.2776,249.6,331.5,295.1,351.8,0.1121,0
1328,44.3109,252.0,326.9,271.8,351.2,0.6505,0
1328,44.3109,586.6,114.4,639.8,159.9,0.3818,0
1328,44.3109,337.8,0.5,639.4,135.1,0.2185,1
1328,44.3109,251.1,327.9,294.8,351.9,0.1031,0
1329,44.3443,249.6,326.4,269.8,350.9,0.7281,0
1329,44.3443,248.2,327.1,295.0,351.9,0.1508,0
1330,44.3777,248.8,327.4,268.8,351.3,0.6839,0
1330,44.3777,247.1,328.6,296.4,351.8,0.1297,0
1331,44.411,251.7,321.8,271.9,351.3,0.2372,0
1332,44.4444,,,,,,
1333,44.4778,265.8,308.8,283.2,343.1,0.124,0
1334,44.5111,,,,,,
1335,44.5445,254.2,311.4,274.6,346.0,0.676,0
1336,44.5779,251.2,311.9,271.0,347.0,0.6545,0
1336,44.5779,371.1,0.3,639.4,117.9,0.3597,1
1337,44.6112,252.1,312.9,271.9,348.1,0.5629,0
1337,44.6112,370.6,0.4,639.7,119.1,0.1324,1
1338,44.6446,251.9,313.6,270.8,346.9,0.6661,0
1338,44.6446,378.0,0.4,639.6,122.6,0.2109,1
1339,44.678,381.8,0.1,639.9,119.6,0.7447,1
1339,44.678,252.4,313.5,269.7,347.8,0.3978,0
1340,44.7113,381.6,0.3,640.0,123.2,0.6413,1
1340,44.7113,252.1,314.9,272.2,349.6,0.3101,0
1341,44.7447,257.1,322.4,277.2,351.5,0.5658,0
1341,44.7447,380.8,0.3,640.0,123.5,0.5632,1
1341,44.7447,255.3,322.5,292.8,352.0,0.1149,0
1342,44.7781,259.0,321.3,278.2,351.3,0.4481,0
1342,44.7781,384.9,0.4,640.0,124.7,0.4391,1
1342,44.7781,257.7,321.2,292.5,352.0,0.1211,0
1343,44.8114,263.0,318.7,281.8,346.7,0.6549,0
1343,44.8114,511.5,196.3,564.5,232.9,0.1375,0
1343,44.8114,384.0,0.4,640.0,124.9,0.1036,1
1344,44.8448,266.7,314.2,286.1,343.6,0.6205,0
1345,44.8782,270.4,311.7,288.2,345.9,0.7608,0
1345,44.8782,532.3,292.0,546.9,302.9,0.16,0
1345,44.8782,302.5,142.0,316.2,174.3,0.137,0
1346,44.9115,270.7,309.8,290.3,348.0,0.8079,0
1346,44.9115,305.2,145.2,323.1,173.1,0.2162,0
1347,44.9449,271.3,308.9,291.7,346.4,0.8033,0
1348,44.9783,271.0,310.6,291.4,346.8,0.8127,0
1349,45.0116,272.8,312.1,293.0,344.6,0.8215,0
1350,45.045,278.3,312.3,297.7,340.7,0.6641,0
1351,45.0784,281.1,317.0,299.3,349.4,0.621,0
1351,45.0784,574.2,209.5,587.7,224.7,0.1711,0
1352,45.1117,280.0,317.2,300.7,352.0,0.4795,0
1352,45.1117,571.4,209.1,587.0,228.1,0.1502,0
1352,45.1117,280.2,318.8,300.3,351.7,0.1026,0
1353,45.1451,278.5,319.8,301.8,351.7,0.3115,0
1353,45.1451,277.3,319.5,327.7,351.9,0.1073,0
1354,45.1785,273.3,322.1,297.5,351.8,0.4723,0
1354,45.1785,265.6,321.7,298.4,352.0,0.1114,0
1355,45.2118,272.7,322.3,297.4,351.7,0.4452,0
1356,45.2452,274.3,321.4,296.4,351.6,0.3387,0
1357,45.2786,275.3,322.1,293.8,351.1,0.1229,0
1358,45.3119,274.2,319.0,294.8,351.6,0.1811,0
1359,45.3453,272.9,320.2,292.8,351.4,0.3422,0
1359,45.3453,271.8,320.6,308.6,352.0,0.1273,0
1360,45.3787,266.0,322.0,290.0,351.8,0.559,0
1360,45.3787,266.2,322.2,309.6,352.0,0.1411,0
1361,45.412,268.9,322.4,288.9,351.5,0.5231,0
1362,45.4454,269.9,320.9,287.6,351.0,0.6197,0
1363,45.4788,267.7,323.9,287.1,351.1,0.539,0
1363,45.4788,533.4,302.3,544.3,310.9,0.1547,0
1364,45.5121,269.4,320.7,286.9,349.7,0.6985,0
1365,45.5455,270.7,318.1,288.2,349.7,0.7006,0
1366,45.5789,270.2,319.0,289.4,351.0,0.4377,0
1366,45.5789,268.9,320.8,289.9,351.5,0.1656,0
1367,45.6122,272.3,318.6,290.8,351.0,0.7448,0
1368,45.6456,273.1,320.1,293.0,351.6,0.5524,0
1369,45.679,,,,,,
1370,45.7123,,,,,,
1371,45.7457,274.2,313.2,294.8,350.7,0.2253,0
1372,45.7791,277.2,308.4,297.0,346.7,0.3092,0
1373,45.8124,275.7,304.7,295.4,342.8,0.2786,0
1374,45.8458,274.6,300.4,294.9,339.2,0.3666,0
1375,45.8792,,,,,,
1376,45.9125,,,,,,
1377,45.9459,,,,,,
1378,45.9793,285.6,297.4,305.9,338.4,0.4381,0
1378,45.9793,337.4,0.0,376.1,40.7,0.1839,1
1379,46.0126,337.9,0.2,376.2,44.3,0.5568,1
1379,46.0126,285.4,304.9,305.6,342.1,0.1611,0
1380,46.046,337.1,0.6,376.4,48.2,0.1403,1
1381,46.0794,,,,,,
1382,46.1127,275.3,321.5,293.6,349.3,0.3252,0
1383,46.1461,267.1,321.1,288.8,347.2,0.6984,0
1384,46.1795,259.7,321.3,279.4,345.6,0.4202,0
1385,46.2128,254.4,320.3,272.3,347.3,0.4284,0
1386,46.2462,,,,,,
1387,46.2796,243.1,324.3,263.8,350.8,0.3615,0
1388,46.3129,242.6,322.3,261.5,350.5,0.5751,0
1389,46.3463,238.7,323.6,260.3,351.2,0.3034,0
1390,46.3797,237.4,321.2,258.6,351.8,0.5377,0
1390,46.3797,237.0,322.9,278.5,352.0,0.1107,0
1391,46.413,233.9,318.7,257.9,352.0,0.2135,0
1391,46.413,233.7,320.7,279.9,352.0,0.1209,0
1392,46.4464,234.3,316.5,257.3,351.7,0.4684,0
1392,46.4464,234.3,317.7,281.0,351.9,0.1281,0
1393,46.4798,237.0,314.2,257.6,351.5,0.3871,0
1393,46.4798,273.0,164.5,283.7,176.5,0.113,0
1394,46.5131,238.3,314.7,259.2,351.4,0.53,0
1395,46.5465,241.4,317.4,261.1,351.4,0.2831,0
1396,46.5799,242.4,318.7,263.2,351.6,0.271,0
1396,46.5799,239.9,320.6,277.2,352.0,0.1101,0
1397,46.6132,,,,,,
1398,46.6466,,,,,,
1399,46.68,246.0,318.7,266.1,351.5,0.3901,0
1400,46.7133,248.4,317.0,267.0,349.7,0.2741,0
1401,46.7467,246.4,317.5,266.3,349.4,0.6175,0
1402,46.7801,245.1,317.8,264.3,347.7,0.5711,0
1403,46.8134,244.4,321.7,262.9,348.8,0.6522,0
1404,46.8468,242.6,321.6,263.2,350.7,0.7199,0
1404,46.8468,507.9,297.5,526.8,307.3,0.2764,0
1405,46.8802,242.4,319.8,262.6,350.9,0.5602,0
1406,46.9135,243.3,319.4,263.2,350.3,0.6885,0
1407,46.9469,244.1,317.5,264.3,348.8,0.594,0
1407,46.9469,512.3,207.9,547.2,228.0,0.1653,0
1408,46.9803,245.9,315.8,264.6,348.6,0.6733,0
1409,47.0136,243.6,314.9,264.1,349.8,0.6387,0
1409,47.0136,276.0,143.5,303.8,176.2,0.1375,0
1410,47.047,244.1,315.7,265.5,351.0,0.587,0
1411,47.0804,246.2,318.7,268.2,352.0,0.6529,0
1412,47.1137,245.4,320.0,268.1,352.0,0.14,0
1412,47.1137,245.8,320.7,267.9,351.7,0.1396,0
1413,47.1471,241.8,322.8,267.7,351.8,0.1354,0
1413,47.1471,244.9,322.6,267.8,352.0,0.1274,0
1414,47.1805,241.7,321.5,266.1,351.8,0.2672,0
1414,47.1805,526.2,217.8,551.4,236.2,0.122,0
1414,47.1805,241.5,321.5,276.0,352.0,0.1027,0
1415,47.2138,242.1,321.6,265.2,351.7,0.4915,0
1415,47.2138,237.0,320.9,266.0,352.0,0.1053,0
1416,47.2472,241.4,321.8,267.2,351.9,0.1192,0
1416,47.2472,522.5,216.9,556.2,236.7,0.1093,0
1417,47.2806,366.4,0.2,637.2,136.7,0.1195,1
1418,47.3139,245.3,320.7,266.9,351.8,0.2204,0
1418,47.3139,244.1,321.8,266.6,351.8,0.1836,0
1419,47.3473,248.6,321.0,267.4,351.5,0.6235,0
1420,47.3807,249.8,322.0,268.0,349.8,0.2763,0
1421,47.414,250.2,322.3,269.1,350.2,0.1593,0
1422,47.4474,249.9,320.9,268.9,350.4,0.621,0
1422,47.4474,250.4,322.0,298.2,352.0,0.1053,0
1423,47.4808,375.7,0.1,640.0,133.9,0.5106,1
1423,47.4808,249.1,321.4,267.4,350.5,0.4379,0
1424,47.5141,248.0,320.2,266.6,348.1,0.5686,0
1425,47.5475,247.4,319.5,266.2,345.6,0.2569,0
1425,47.5475,278.6,142.4,301.4,178.2,0.2496,0
1425,47.5475,246.3,319.9,266.1,347.9,0.1083,0
1426,47.5809,245.3,319.5,265.2,348.0,0.4187,0
1427,47.6142,243.9,319.1,263.3,350.2,0.46,0
1427,47.6142,239.3,320.1,291.5,352.0,0.1178,0
1428,47.6476,244.1,319.4,264.3,351.5,0.5519,0
1428,47.6476,239.5,320.8,288.0,352.0,0.1048,0
1429,47.681,243.0,322.6,264.0,351.7,0.3017,0
1430,47.7143,242.6,324.1,266.2,352.0,0.1523,0
1431,47.7477,245.1,324.6,268.7,352.0,0.1961,0
1431,47.7477,243.6,325.5,302.0,351.9,0.1081,0
1432,47.7811,,,,,,
1433,47.8144,,,,,,
1434,47.8478,253.1,317.0,271.4,350.7,0.2668,0
1434,47.8478,252.7,318.0,300.9,351.9,0.1035,0
1435,47.8812,253.0,313.3,273.2,349.3,0.4392,0
1435,47.8812,252.8,315.8,298.8,351.9,0.1208,0
1436,47.9145,252.6,313.4,272.7,349.6,0.4492,0
1436,47.9145,252.1,316.2,296.0,352.0,0.1253,0
1437,47.9479,253.9,315.1,272.9,347.9,0.1319,0
1437,47.9479,253.5,320.3,273.2,351.3,0.1073,0
1438,47.9813,255.5,315.6,274.7,351.1,0.6841,0
1438,47.9813,255.3,316.2,293.5,352.0,0.1203,0
1439,48.0146,256.0,315.9,275.2,350.8,0.7762,0
1440,48.048,256.6,312.7,275.6,346.2,0.5624,0
1441,48.0814,256.1,312.4,273.8,345.1,0.7834,0
1442,48.1147,257.4,312.2,275.3,342.6,0.6886,0
1443,48.1481,258.3,311.5,276.7,342.3,0.5549,0
1444,48.1815,258.0,310.3,276.7,342.8,0.6793,0
1445,48.2148,259.4,305.9,278.4,344.6,0.1963,0
1446,48.2482,,,,,,
1447,48.2816,,,,,,
1448,48.3149,,,,,,
1449,48.3483,,,,,,
1450,48.3817,,,,,,
1451,48.415,259.1,301.4,278.8,336.4,0.1993,0
1452,48.4484,,,,,,
1453,48.4818,,,,,,
1454,48.5151,265.2,300.3,284.0,336.1,0.472,0
1455,48.5485,268.9,298.8,287.4,335.6,0.1161,0
1456,48.5819,,,,,,
1457,48.6152,,,,,,
1458,48.6486,276.8,300.5,296.6,336.0,0.3521,0
1458,48.6486,391.7,0.4,640.0,105.9,0.1506,1
1459,48.682,278.8,300.4,301.8,335.6,0.7387,0
1460,48.7153,283.3,299.4,303.3,332.3,0.4309,0
1461,48.7487,285.6,295.4,304.9,329.5,0.4645,0
1461,48.7487,285.4,296.7,304.8,330.6,0.2678,0
1462,48.7821,285.9,296.4,305.6,329.2,0.5362,0
1463,48.8154,287.0,296.6,305.9,331.3,0.2983,0
1463,48.8154,286.9,295.5,306.4,331.0,0.1987,0
1464,48.8488,285.9,296.3,306.3,332.4,0.7095,0
1465,48.8822,285.7,299.0,305.5,332.2,0.6609,0
1466,48.9155,285.8,295.4,306.5,332.6,0.4696,0
1467,48.9489,285.3,295.4,304.7,331.9,0.6745,0
1468,48.9823,284.4,294.6,303.7,331.8,0.7353,0
1469,49.0156,284.0,293.1,303.5,330.4,0.8418,0
1470,49.049,281.7,290.6,301.6,327.8,0.6194,0
1471,49.0824,278.9,287.0,298.9,323.5,0.7311,0
1472,49.1157,278.5,284.1,298.2,320.7,0.7853,0
1473,49.1491,279.1,284.3,298.4,320.9,0.7731,0
1473,49.1491,562.8,179.9,584.6,199.6,0.2346,0
1473,49.1491,562.9,179.9,584.4,200.1,0.11,0
1474,49.1825,278.3,286.8,298.2,324.6,0.7719,0
1475,49.2158,277.5,288.6,298.6,327.2,0.6653,0
1475,49.2158,569.1,186.6,586.4,203.7,0.1149,0
1476,49.2492,275.1,293.4,297.0,329.6,0.7654,0
1477,49.2826,276.9,295.0,298.5,330.9,0.4664,0
1477,49.2826,276.8,296.0,297.9,331.3,0.4191,0
1478,49.3159,277.9,297.1,298.8,334.0,0.7275,0
1479,49.3493,277.7,298.6,299.3,335.5,0.799,0
1480,49.3827,278.4,299.3,299.8,335.5,0.7924,0
1481,49.416,278.9,297.4,299.2,334.7,0.7717,0
1482,49.4494,280.4,297.1,299.9,332.8,0.7532,0
1483,49.4828,278.6,294.9,298.7,329.6,0.6512,0
1484,49.5161,278.1,290.8,299.0,326.2,0.6602,0
1484,49.5161,544.2,277.5,555.4,286.8,0.1452,0
1485,49.5495,275.2,289.8,296.7,324.8,0.4155,0
1486,49.5829,,,,,,
1487,49.6162,264.2,293.6,285.4,327.4,0.2044,0
1488,49.6496,,,,,,
1489,49.683,257.3,293.3,274.6,329.7,0.4073,0
1490,49.7163,254.2,294.7,273.2,328.5,0.1397,0
1491,49.7497,252.2,293.5,270.5,327.7,0.2975,0
1492,49.7831,,,,,,
1493,49.8164,,,,,,
1494,49.8498,,,,,,
1495,49.8832,,,,,,
1496,49.9165,236.8,283.1,254.9,312.8,0.1334,0
1497,49.9499,,,,,,
1498,49.9833,,,,,,
1499,50.0166,,,,,,
1500,50.05,222.8,295.8,243.2,324.6,0.2148,0
1501,50.0834,217.0,292.1,238.1,328.5,0.6699,0
1502,50.1167,216.3,292.2,237.6,327.4,0.776,0
1502,50.1167,480.8,281.6,495.4,292.1,0.1309,0
1503,50.1501,214.3,293.1,236.3,329.8,0.758,0
1504,50.1835,212.7,292.2,234.6,329.2,0.5736,0
1505,50.2168,212.7,293.3,230.9,328.9,0.1941,0
1506,50.2502,211.0,291.8,231.3,329.1,0.57,0
1507,50.2836,210.5,293.8,230.5,331.6,0.5428,0
1507,50.2836,479.1,193.1,521.0,222.4,0.128,0
1508,50.3169,211.0,295.2,231.3,333.1,0.6759,0
1509,50.3503,211.5,296.8,231.3,336.6,0.3459,0
1509,50.3503,476.7,193.7,522.2,226.0,0.1287,0
1510,50.3837,210.5,299.5,230.6,337.5,0.7666,0
1511,50.417,,,,,,
1512,50.4504,,,,,,
1513,50.4838,,,,,,
1514,50.5171,,,,,,
1515,50.5505,,,,,,
1516,50.5839,201.5,306.2,223.4,329.0,0.5663,0
1517,50.6172,184.8,315.3,210.8,351.9,0.4276,0
1518,50.6506,0.0,0.0,446.6,352.0,0.6274,1
1518,50.6506,179.5,334.4,194.7,351.9,0.4548,0
1518,50.6506,118.8,108.7,640.0,352.0,0.2622,1
1518,50.6506,179.0,334.7,194.6,351.8,0.2156,0
1519,50.684,125.1,9.2,640.0,352.0,0.4713,1
1519,50.684,0.0,0.0,513.5,342.9,0.1908,1
1520,50.7173,,,,,,
1521,50.7507,14.3,0.0,600.9,305.4,0.2102,1
1521,50.7507,184.2,313.6,200.3,352.0,0.177,0
1522,50.7841,182.4,46.9,639.2,342.3,0.1045,1
1523,50.8174,,,,,,
1524,50.8508,,,,,,
1525,50.8842,0.0,7.6,131.7,320.1,0.1972,1
1525,50.8842,137.1,1.9,607.5,351.6,0.1204,1
1526,50.9175,,,,,,
1527,50.9509,,,,,,
1528,50.9843,196.1,201.3,214.1,239.5,0.2582,0
1529,51.0176,,,,,,
1530,51.051,,,,,,
1531,51.0844,,,,,,
1532,51.1177,,,,,,
1533,51.1511,,,,,,
1534,51.1845,,,,,,
1535,51.2178,,,,,,
1536,51.2512,474.8,89.1,487.3,108.2,0.7273,0
1537,51.2846,467.0,103.4,481.7,125.9,0.7934,0
1537,51.2846,205.9,140.5,224.7,175.1,0.6203,0
1538,51.3179,191.5,156.8,214.4,199.6,0.1412,0
1538,51.3179,191.3,156.7,214.3,199.7,0.1073,0
1539,51.3513,440.1,150.8,458.8,182.7,0.6615,0
1539,51.3513,178.9,186.9,201.2,225.8,0.5958,0
1540,51.3847,426.6,177.1,445.3,195.1,0.1386,0
1541,51.418,421.2,183.7,435.1,195.6,0.4777,0
1541,51.418,158.4,215.4,178.5,245.3,0.3836,0
1542,51.4514,,,,,,
1543,51.4848,,,,,,
1544,51.5181,108.6,4.6,640.0,324.8,0.5376,1
1545,51.5515,56.5,0.0,640.0,278.9,0.1243,1
1546,51.5849,,,,,,
1547,51.6182,,,,,,
1548,51.6516,,,,,,
1549,51.685,,,,,,
1550,51.7183,,,,,,
1551,51.7517,,,,,,
1552,51.7851,,,,,,
1553,51.8184,,,,,,
1554,51.8518,371.7,225.0,383.6,234.7,0.5451,0
1555,51.8852,378.1,209.2,394.9,231.5,0.8006,0
1556,51.9185,388.4,187.7,404.2,212.4,0.3904,0
1556,51.9185,128.9,215.9,148.0,252.9,0.1548,0
1557,51.9519,399.2,182.1,408.9,192.1,0.1357,0
1558,51.9853,392.9,181.6,408.6,199.2,0.418,0
1559,52.0186,161.4,1.6,637.2,332.2,0.3224,1
1560,52.052,383.0,203.9,393.7,214.1,0.3637,0
1561,52.0854,382.8,192.3,391.7,206.9,0.5706,0
1562,52.1187,,,,,,
1563,52.1521,,,,,,
1564,52.1855,163.8,0.4,640.0,338.0,0.1512,1
1565,52.2188,87.6,0.0,640.0,343.7,0.5235,1
1565,52.2188,81.9,0.0,640.0,315.0,0.1714,1
1565,52.2188,21.6,0.0,616.0,344.1,0.145,1
1566,52.2522,80.7,39.2,640.0,329.3,0.2904,1
1567,52.2856,105.8,1.4,636.8,342.2,0.1616,1
1568,52.3189,,,,,,
1569,52.3523,,,,,,
1570,52.3857,,,,,,
1571,52.419,,,,,,
1572,52.4524,136.3,310.1,154.1,344.1,0.1242,0
1573,52.4858,,,,,,
1574,52.5191,142.4,301.0,159.6,335.6,0.1383,0
1575,52.5525,142.9,303.2,160.9,341.9,0.2765,0
1576,52.5859,,,,,,
1577,52.6192,145.5,320.1,165.2,349.5,0.673,0
1578,52.6526,150.0,317.5,170.5,347.8,0.5341,0
1579,52.686,151.1,316.0,171.6,349.7,0.6227,0
1580,52.7193,150.3,316.3,170.9,349.0,0.6512,0
1581,52.7527,151.3,316.0,170.8,350.3,0.4108,0
1582,52.7861,148.5,321.3,169.1,351.3,0.1045,0
1583,52.8194,145.4,312.3,166.0,349.5,0.5082,0
1584,52.8528,,,,,,
1585,52.8862,136.2,304.5,156.8,343.0,0.3697,0
1585,52.8862,276.3,25.9,634.1,350.9,0.1106,1
1586,52.9195,129.3,298.2,149.8,341.5,0.2025,0
1586,52.9195,129.8,299.9,149.2,340.9,0.1283,0
1587,52.9529,,,,,,
1588,52.9863,,,,,,
1589,53.0196,,,,,,
1590,53.053,,,,,,
1591,53.0864,,,,,,
1592,53.1197,,,,,,
1593,53.1531,,,,,,
1594,53.1865,,,,,,
1595,53.2198,403.1,246.8,414.1,261.8,0.4116,0
1596,53.2532,406.3,234.8,417.2,251.2,0.351,0
1597,53.2866,409.0,231.0,417.4,238.4,0.1918,0
1598,53.3199,408.8,230.3,419.5,247.3,0.5943,0
1598,53.3199,408.5,230.0,419.6,247.5,0.4369,0
1599,53.3533,404.7,242.1,415.9,253.7,0.2852,0
1600,53.3867,275.1,38.4,633.8,352.0,0.1157,1
1601,53.42,,,,,,
1602,53.4534,255.4,36.1,638.4,351.2,0.1309,1
1603,53.4868,68.0,0.0,640.0,301.7,0.1494,1
1604,53.5201,257.7,24.6,627.2,350.6,0.1072,1
1605,53.5535,433.5,203.8,627.5,350.8,0.1109,1
1606,53.5869,,,,,,
1607,53.6202,,,,,,
1608,53.6536,,,,,,
1609,53.687,,,,,,
1610,53.7203,,,,,,
1611,53.7537,,,,,,
1612,53.7871,103.9,46.4,632.1,352.0,0.4896,1
1613,53.8204,,,,,,
1614,53.8538,215.8,39.9,637.3,350.8,0.225,1
1615,53.8872,50.0,259.1,70.2,289.4,0.2449,0
1616,53.9205,40.7,250.1,62.2,272.2,0.5754,0
1617,53.9539,,,,,,
1618,53.9873,30.0,237.2,45.8,274.1,0.629,0
1618,53.9873,209.0,13.1,608.7,352.0,0.2404,1
1618,53.9873,0.1,202.2,23.3,270.5,0.107,1
1619,54.0206,59.9,15.2,618.0,352.0,0.3137,1
1620,54.054,57.6,2.6,609.2,316.9,0.6931,1
1621,54.0874,138.3,0.0,633.0,328.8,0.1495,1
1621,54.0874,69.6,0.0,620.4,327.9,0.1367,1
1622,54.1207,316.3,85.8,359.9,119.9,0.1905,0
1622,54.1207,274.0,13.7,628.3,308.6,0.1849,1
1623,54.1541,359.1,10.0,635.5,301.4,0.1784,1
1624,54.1875,,,,,,
1625,54.2208,,,,,,
1626,54.2542,81.3,0.0,615.4,339.5,0.1156,1
1627,54.2876,23.1,0.4,626.2,290.5,0.3677,1
1628,54.3209,,,,,,
1629,54.3543,,,,,,
1630,54.3877,31.4,0.1,640.0,310.7,0.2207,1
1630,54.3877,7.8,0.0,592.8,251.0,0.1765,1
1631,54.421,100.1,264.9,125.8,327.8,0.2428,0
1631,54.421,82.3,13.4,635.9,341.5,0.2128,1
1632,54.4544,,,,,,
1633,54.4878,275.8,6.1,639.0,352.0,0.44,1
1633,54.4878,401.1,273.2,424.3,288.3,0.3997,0
1633,54.4878,257.8,2.5,637.7,346.8,0.1856,1
1633,54.4878,260.7,8.8,637.1,352.0,0.1426,1
1634,54.5211,419.0,263.4,441.5,278.2,0.6657,0
1634,54.5211,284.1,7.2,639.1,352.0,0.3917,1
1635,54.5545,433.6,252.8,456.7,268.2,0.8049,0
1635,54.5545,310.1,17.7,639.5,352.0,0.4112,1
1635,54.5545,174.1,273.4,200.8,293.7,0.2231,0
1636,54.5879,450.2,244.9,473.5,258.5,0.6819,0
1636,54.5879,323.4,21.4,638.2,352.0,0.1343,1
1637,54.6212,291.2,0.0,640.0,67.2,0.1434,1
1637,54.6212,204.6,267.9,225.9,286.6,0.1418,0
1637,54.6212,283.3,0.0,639.2,67.7,0.1213,1
1638,54.6546,,,,,,
1639,54.688,,,,,,
1640,54.7213,,,,,,
1641,54.7547,,,,,,
1642,54.7881,,,,,,
1643,54.8214,,,,,,
1644,54.8548,,,,,,
1645,54.8882,,,,,,
1646,54.9215,,,,,,
1647,54.9549,0.0,5.9,531.9,349.8,0.3299,1
1647,54.9549,0.0,1.3,591.2,339.9,0.1885,1
1648,54.9883,0.0,31.2,428.5,342.1,0.2259,1
1649,55.0216,265.0,294.2,286.2,334.6,0.1869,0
1649,55.0216,265.2,294.3,285.9,334.7,0.1043,0
1650,55.055,,,,,,
1651,55.0884,257.2,297.7,277.5,336.4,0.159,0
1652,55.1217,,,,,,
1653,55.1551,241.8,302.1,263.4,327.6,0.351,0
1653,55.1551,507.4,280.7,524.1,298.3,0.1599,0
1654,55.1885,234.8,313.5,254.7,348.1,0.225,0
1655,55.2218,,,,,,
1656,55.2552,234.4,319.0,256.4,350.8,0.402,0
1657,55.2886,,,,,,
1658,55.3219,,,,,,
1659,55.3553,,,,,,
1660,55.3887,280.3,119.4,306.5,161.8,0.1141,0
1661,55.422,,,,,,
1662,55.4554,254.9,304.5,273.3,344.0,0.1899,0
1663,55.4888,,,,,,
1664,55.5221,,,,,,
1665,55.5555,,,,,,
1666,55.5889,,,,,,
1667,55.6222,,,,,,
1668,55.6556,255.9,308.1,274.8,342.3,0.5888,0
1669,55.689,258.1,315.2,274.3,351.4,0.4581,0
1669,55.689,523.0,294.7,534.4,317.2,0.2409,0
1670,55.7223,522.0,311.0,532.2,327.8,0.2563,0
1671,55.7557,255.2,331.4,275.9,351.8,0.29,0
1672,55.7891,261.1,331.7,280.2,352.0,0.1715,0
1673,55.8224,259.8,340.7,282.0,352.0,0.1145,0
1674,55.8558,524.9,333.9,537.2,347.5,0.1378,0
1675,55.8892,,,,,,
1676,55.9225,5.9,3.9,513.1,352.0,0.4312,1
1676,55.9225,44.0,1.9,586.8,349.7,0.3042,1
1676,55.9225,43.9,10.6,609.7,345.6,0.156,1
1677,55.9559,15.0,1.8,500.8,352.0,0.2977,1
1677,55.9559,34.9,0.0,595.2,352.0,0.1606,1
1678,55.9893,,,,,,
1679,56.0226,,,,,,
1680,56.056,,,,,,
1681,56.0894,,,,,,
1682,56.1227,,,,,,
1683,56.1561,,,,,,
1684,56.1895,,,,,,
1685,56.2228,,,,,,
1686,56.2562,,,,,,
1687,56.2896,,,,,,
1688,56.3229,290.9,330.5,312.4,351.1,0.1022,0
1689,56.3563,276.4,341.0,303.4,351.8,0.2405,0
1690,56.3897,530.0,322.7,547.7,339.9,0.1651,0
1691,56.423,,,,,,
1692,56.4564,158.4,0.2,350.1,101.1,0.1091,1
1693,56.4898,,,,,,
1694,56.5231,,,,,,
1695,56.5565,,,,,,
1696,56.5899,,,,,,
1697,56.6232,,,,,,
1698,56.6566,,,,,,
1699,56.69,,,,,,
1700,56.7233,,,,,,
1701,56.7567,,,,,,
1702,56.7901,,,,,,
1703,56.8234,,,,,,
1704,56.8568,,,,,,
1705,56.8902,,,,,,
1706,56.9235,,,,,,
1707,56.9569,,,,,,
1708,56.9903,,,,,,
1709,57.0236,,,,,,
1710,57.057,496.4,326.9,507.2,336.3,0.5305,0
1711,57.0904,497.2,325.3,508.8,335.1,0.459,0
1712,57.1237,498.2,326.7,509.7,336.1,0.4899,0
1712,57.1237,498.4,326.7,511.1,336.2,0.2397,0
1713,57.1571,496.4,329.8,508.9,339.6,0.5396,0
1714,57.1905,493.9,332.4,506.0,342.3,0.343,0
1715,57.2238,,,,,,
1716,57.2572,,,,,,
1717,57.2906,514.4,241.9,535.2,261.8,0.2269,0
1718,57.3239,514.7,241.0,535.7,262.0,0.1273,0
1719,57.3573,,,,,,
1720,57.3907,,,,,,
1721,57.424,,,,,,
1722,57.4574,,,,,,
1723,57.4908,,,,,,
1724,57.5241,,,,,,
1725,57.5575,,,,,,
1726,57.5909,,,,,,
1727,57.6242,482.3,331.2,496.3,341.3,0.2925,0
1728,57.6576,,,,,,
1729,57.691,480.6,332.9,496.4,342.7,0.3154,0
1729,57.691,480.3,331.9,502.0,343.4,0.1678,0
1730,57.7243,480.4,332.1,494.6,341.0,0.3442,0
1730,57.7243,480.0,331.0,496.1,340.7,0.1912,0
1731,57.7577,478.5,332.4,496.8,342.4,0.442,0
1732,57.7911,478.3,332.6,496.7,342.6,0.4015,0
1733,57.8244,478.0,333.0,491.8,342.4,0.2975,0
1734,57.8578,478.2,333.3,494.5,343.0,0.1059,0
1735,57.8912,,,,,,
1736,57.9245,,,,,,
1737,57.9579,,,,,,
1738,57.9913,246.9,163.1,279.4,201.5,0.1584,0
1739,58.0246,245.3,185.0,258.7,200.5,0.1082,0
1740,58.058,,,,,,
1741,58.0914,,,,,,
1742,58.1247,,,,,,
1743,58.1581,,,,,,
1744,58.1915,478.7,334.5,488.6,342.7,0.5702,0
1745,58.2248,478.5,332.1,491.2,341.3,0.3654,0
1746,58.2582,478.1,330.4,496.7,340.5,0.535,0
1747,58.2916,478.3,330.9,494.6,340.5,0.3816,0
1747,58.2916,478.7,331.1,493.2,340.6,0.1973,0
1747,58.2916,243.1,191.4,258.5,205.0,0.1069,0
1748,58.3249,478.3,331.1,492.9,341.3,0.2574,0
1748,58.3249,477.4,330.5,495.4,341.2,0.2432,0
1748,58.3249,244.0,191.2,258.5,205.5,0.174,0
1749,58.3583,,,,,,
1750,58.3917,477.7,330.4,488.8,339.6,0.2035,0
1751,58.425,477.5,330.0,487.3,338.3,0.132,0
1752,58.4584,,,,,,
1753,58.4918,,,,,,
1754,58.5251,497.3,240.7,512.9,255.8,0.1373,0
1755,58.5585,,,,,,
1756,58.5919,,,,,,
1757,58.6252,,,,,,
1758,58.6586,,,,,,
1759,58.692,,,,,,
1760,58.7253,484.2,248.6,507.4,269.7,0.1491,0
1760,58.7253,488.1,249.2,508.5,269.1,0.1181,0
1761,58.7587,489.7,247.9,510.1,268.1,0.5853,0
1762,58.7921,,,,,,
1763,58.8254,,,,,,
1764,58.8588,,,,,,
1765,58.8922,,,,,,
1766,58.9255,,,,,,
1767,58.9589,206.3,339.9,230.5,352.0,0.1034,0
1768,58.9923,205.0,339.9,231.8,351.9,0.1698,0
1769,59.0256,203.4,340.8,229.2,352.0,0.2211,0
1769,59.0256,202.3,337.7,247.9,352.0,0.1076,0
1770,59.059,200.1,336.8,229.0,351.9,0.4345,0
1770,59.059,199.4,335.3,248.1,351.9,0.1815,0
1771,59.0924,200.8,333.1,228.4,352.0,0.2417,0
1771,59.0924,200.1,336.6,228.7,351.9,0.1878,0
1771,59.0924,199.6,334.1,248.7,351.9,0.1739,0
1772,59.1257,202.5,331.0,228.1,352.0,0.3517,0
1772,59.1257,201.0,331.6,247.9,351.9,0.1241,0
1772,59.1257,205.5,331.0,228.0,352.0,0.1051,0
1773,59.1591,209.2,328.0,229.7,352.0,0.4728,0
1774,59.1925,,,,,,
1775,59.2258,,,,,,
1776,59.2592,,,,,,
1777,59.2926,,,,,,
1778,59.3259,224.0,302.3,242.2,341.6,0.1095,0
1779,59.3593,221.6,295.4,239.5,335.2,0.616,0
1780,59.3927,220.4,289.7,240.3,327.5,0.365,0
1781,59.426,,,,,,
1782,59.4594,,,,,,
1783,59.4928,,,,,,
1784,59.5261,,,,,,
1785,59.5595,465.4,265.3,477.7,280.1,0.339,0
1786,59.5929,466.3,258.7,476.4,269.0,0.1684,0
1786,59.5929,466.4,258.6,476.4,269.1,0.1004,0
1787,59.6262,,,,,,
1788,59.6596,,,,,,
1789,59.693,,,,,,
1790,59.7263,,,,,,
1791,59.7597,,,,,,
1792,59.7931,177.9,275.3,193.3,306.7,0.1061,0
1793,59.8264,175.3,273.2,192.2,306.7,0.147,0
1793,59.8264,176.4,273.3,193.1,307.0,0.1156,0
1794,59.8598,175.8,267.6,194.7,305.1,0.2292,0
1795,59.8932,,,,,,
1796,59.9265,,,,,,
1797,59.9599,,,,,,
1798,59.9933,,,,,,
1799,60.0266,183.8,274.0,204.2,311.9,0.6291,0
1800,60.06,185.8,275.0,206.6,310.5,0.6164,0
1801,60.0934,188.6,274.7,207.6,311.8,0.6682,0
1802,60.1267,187.7,277.3,206.6,312.8,0.6984,0
1803,60.1601,188.7,277.7,207.1,311.8,0.6902,0
1804,60.1935,189.5,281.0,207.8,316.2,0.6494,0
1804,60.1935,453.9,276.5,464.6,286.5,0.2806,0
1805,60.2268,186.7,285.2,207.4,320.9,0.5654,0
1806,60.2602,187.0,288.9,207.6,323.1,0.3205,0
1806,60.2602,187.6,288.2,207.5,322.0,0.1409,0
1807,60.2936,188.0,290.0,207.7,324.3,0.682,0
1808,60.3269,188.4,290.8,208.0,324.6,0.6887,0
1809,60.3603,188.5,291.5,207.6,324.4,0.695,0
1810,60.3937,187.4,292.4,207.2,326.9,0.7173,0
1811,60.427,186.1,292.3,206.7,329.0,0.7889,0
1812,60.4604,186.5,296.8,205.9,332.3,0.7365,0
1813,60.4938,186.1,296.8,206.0,333.9,0.7347,0
1813,60.4938,477.0,207.4,496.4,224.8,0.1235,0
1813,60.4938,479.4,207.3,497.1,224.3,0.1032,0
1814,60.5271,184.9,296.7,205.6,333.6,0.7784,0
1815,60.5605,185.1,294.6,205.7,332.7,0.7145,0
1815,60.5605,475.7,206.7,495.7,224.1,0.1846,0
1816,60.5939,183.9,292.3,205.1,331.0,0.7026,0
1816,60.5939,520.4,311.6,529.1,321.1,0.1209,0
1817,60.6272,183.9,292.1,205.0,327.6,0.7646,0
1818,60.6606,184.3,291.3,204.3,326.6,0.8185,0
1819,60.694,184.8,291.2,205.3,327.7,0.8219,0
1820,60.7273,185.3,291.1,205.9,327.5,0.7625,0
1821,60.7607,187.7,292.8,208.2,329.2,0.6062,0
1822,60.7941,188.1,297.8,207.7,331.5,0.3499,0
1823,60.8274,190.4,301.4,210.9,333.2,0.3853,0
1824,60.8608,193.6,300.3,214.4,334.2,0.586,0
1825,60.8942,198.0,302.3,218.5,332.8,0.102,0
1826,60.9275,199.9,302.5,223.2,337.9,0.7789,0
1827,60.9609,206.1,306.9,229.8,340.5,0.8039,0
1828,60.9943,215.5,310.9,239.7,342.6,0.7167,0
1829,61.0276,226.5,315.5,246.7,343.7,0.2622,0
1830,61.061,,,,,,
1831,61.0944,,,,,,
1832,61.1277,,,,,,
1833,61.1611,,,,,,
1834,61.1945,,,,,,
1835,61.2278,,,,,,
1836,61.2612,,,,,,
1837,61.2946,,,,,,
1838,61.3279,,,,,,
1839,61.3613,,,,,,
1840,61.3947,0.0,0.0,596.6,91.7,0.4966,1
1840,61.3947,314.3,334.0,337.9,350.2,0.4716,0
1840,61.3947,580.0,322.5,600.2,334.3,0.2891,0
1840,61.3947,310.9,333.2,367.4,351.7,0.1053,0
1841,61.428,326.0,340.9,350.2,351.9,0.2208,0
1842,61.4614,331.4,343.1,363.1,352.0,0.1939,0
1842,61.4614,315.7,341.3,368.2,352.0,0.1499,0
1843,61.4948,340.1,339.7,369.7,351.8,0.3984,0
1843,61.4948,334.3,338.7,400.6,351.9,0.1342,0
1844,61.5281,358.7,334.5,382.2,351.3,0.3806,0
1845,61.5615,369.6,331.6,391.6,349.2,0.4341,0
1846,61.5949,377.4,332.1,400.7,349.1,0.6048,0
1846,61.5949,5.6,0.7,326.9,102.8,0.1459,1
1846,61.5949,375.1,330.8,426.6,351.5,0.1065,0
1847,61.6282,386.8,332.8,413.3,350.2,0.5978,0
1847,61.6282,386.3,333.4,412.9,349.8,0.114,0
1847,61.6282,383.7,333.2,445.4,351.6,0.1073,0
1848,61.6616,399.0,336.5,424.7,351.7,0.313,0
1848,61.6616,395.5,336.5,440.8,351.9,0.1053,0
1849,61.695,407.7,342.1,432.0,351.8,0.2109,0
1849,61.695,378.8,339.6,437.5,352.0,0.1012,0
1850,61.7283,,,,,,
1851,61.7617,0.0,0.1,558.4,162.4,0.2927,1
1852,61.7951,0.0,0.4,609.5,117.1,0.4695,1
1853,61.8284,0.0,0.4,624.3,111.6,0.6174,1
1854,61.8618,0.0,0.6,640.0,98.9,0.6676,1
1854,61.8618,465.1,334.7,526.1,352.0,0.1285,0
1855,61.8952,,,,,,
1856,61.9285,,,,,,
1857,61.9619,,,,,,
1858,61.9953,,,,,,
1859,62.0286,,,,,,
1860,62.062,531.1,340.2,555.8,351.8,0.2953,0
1860,62.062,508.9,338.9,559.9,352.0,0.1266,0
1860,62.062,523.7,338.4,593.7,351.8,0.1057,0
1861,62.0954,,,,,,
1862,62.1287,,,,,,
1863,62.1621,574.2,317.7,599.9,341.5,0.137,0
1864,62.1955,,,,,,
1865,62.2288,599.7,306.0,616.3,322.6,0.3217,0
1865,62.2288,299.8,318.9,319.5,337.5,0.2164,0
1866,62.2622,602.7,312.3,622.7,338.7,0.3263,0
1867,62.2956,608.3,321.7,624.0,349.9,0.3226,0
1867,62.2956,608.4,321.2,624.4,350.0,0.1261,0
1868,62.3289,608.5,331.7,623.3,351.2,0.2206,0
1868,62.3289,608.8,332.0,623.8,351.3,0.1412,0
1868,62.3289,306.6,342.2,330.2,352.0,0.1156,0
1869,62.3623,605.7,341.9,620.3,351.7,0.13,0
1870,62.3957,,,,,,
1871,62.429,,,,,,
1872,62.4624,,,,,,
1873,62.4958,,,,,,
1874,62.5291,,,,,,
1875,62.5625,,,,,,
1876,62.5959,,,,,,
1877,62.6292,,,,,,
1878,62.6626,,,,,,
1879,62.696,,,,,,
1880,62.7293,31.1,0.4,605.8,137.9,0.1128,1
1881,62.7627,,,,,,
1882,62.7961,,,,,,
1883,62.8294,,,,,,
1884,62.8628,,,,,,
1885,62.8962,,,,,,
1886,62.9295,,,,,,
1887,62.9629,,,,,,
1888,62.9963,,,,,,
1889,63.0296,,,,,,
1890,63.063,,,,,,
1891,63.0964,,,,,,
1892,63.1297,,,,,,
1893,63.1631,,,,,,
1894,63.1965,,,,,,
1895,63.2298,0.0,1.6,440.4,170.0,0.1003,1
1896,63.2632,0.9,0.7,419.8,188.1,0.5238,1
1897,63.2966,0.0,1.0,416.2,168.0,0.2532,1
1898,63.3299,1.2,1.3,387.0,165.5,0.793,1
1899,63.3633,0.0,1.7,378.1,168.0,0.5663,1
1900,63.3967,,,,,,
1901,63.43,,,,,,
1902,63.4634,,,,,,
1903,63.4968,,,,,,
1904,63.5301,,,,,,
1905,63.5635,,,,,,
1906,63.5969,2.4,0.1,254.9,130.0,0.4442,1
1907,63.6302,2.4,0.5,245.2,129.4,0.1357,1
1908,63.6636,0.9,0.0,216.7,126.3,0.8291,1
1908,63.6636,395.3,0.7,639.2,155.7,0.353,1
1909,63.697,0.9,0.4,197.9,127.5,0.6263,1
1909,63.697,391.4,0.9,639.1,156.2,0.2973,1
1910,63.7303,367.8,1.1,638.5,156.2,0.5822,1
1910,63.7303,0.0,0.4,183.5,127.6,0.5107,1
1911,63.7637,0.1,0.1,165.8,128.0,0.3793,1
1912,63.7971,292.1,0.8,638.3,168.1,0.6589,1
1913,63.8304,307.6,0.4,637.3,165.4,0.9037,1
1914,63.8638,291.3,0.3,637.3,165.7,0.8809,1
1915,63.8972,276.2,0.3,636.1,168.9,0.3529,1
1916,63.9305,,,,,,
1917,63.9639,231.1,0.9,638.6,159.9,0.8465,1
1918,63.9973,224.5,0.7,638.7,165.1,0.7928,1
1919,64.0306,,,,,,
1920,64.064,,,,,,
1921,64.0974,,,,,,
1922,64.1307,122.8,0.4,640.0,153.1,0.3807,1
1922,64.1307,367.7,332.8,386.9,343.4,0.3665,0
1922,64.1307,164.2,2.1,635.3,156.4,0.1027,1
1923,64.1641,355.5,336.7,374.2,346.6,0.7466,0
1923,64.1641,83.4,0.5,640.0,152.0,0.1864,1
1924,64.1975,193.0,0.1,639.0,163.9,0.8595,1
1924,64.1975,347.1,340.7,365.0,350.9,0.1725,0
1925,64.2308,187.5,0.0,640.0,164.7,0.7121,1
1926,64.2642,189.4,0.0,640.0,164.3,0.4923,1
1926,64.2642,193.1,0.7,639.6,164.8,0.2858,1
1927,64.2976,174.2,0.0,640.0,168.6,0.4037,1
1927,64.2976,200.6,0.6,639.1,169.6,0.2056,1
1928,64.3309,177.7,0.0,636.6,169.4,0.736,1
1929,64.3643,124.3,0.4,620.6,168.0,0.5116,1
1930,64.3977,126.3,0.6,609.3,167.3,0.3738,1
1930,64.3977,322.1,247.3,373.2,280.7,0.2371,0
1931,64.431,132.6,0.5,616.1,164.4,0.7692,1
1932,64.4644,163.8,0.4,610.7,164.8,0.7396,1
1933,64.4978,96.8,0.9,640.0,172.5,0.4414,1
1933,64.4978,352.7,254.9,381.0,274.1,0.1692,0
1934,64.5311,120.6,0.4,640.0,173.4,0.6101,1
1934,64.5311,357.1,254.9,386.6,271.9,0.2962,0
1935,64.5645,106.1,0.5,640.0,163.5,0.7588,1
1935,64.5645,339.9,321.3,414.3,352.0,0.1266,0
1936,64.5979,107.8,0.6,640.0,160.7,0.7416,1
1937,64.6312,143.0,0.2,640.0,159.5,0.6575,1
1937,64.6312,350.2,323.9,419.8,351.8,0.344,0
1938,64.6646,126.4,0.5,640.0,159.5,0.7654,1
1938,64.6646,354.4,335.6,370.9,345.6,0.4661,0
1938,64.6646,355.9,326.1,426.5,351.6,0.2996,0
1939,64.698,186.6,0.3,640.0,159.9,0.76,1
1939,64.698,362.3,334.0,378.7,344.2,0.2271,0
1939,64.698,364.3,323.7,433.8,351.7,0.1838,0
1940,64.7313,368.9,335.4,382.5,347.4,0.1839,0
1941,64.7647,370.4,341.1,386.5,350.8,0.145,0
1942,64.7981,223.1,0.1,640.0,166.6,0.8584,1
1942,64.7981,377.0,341.1,394.6,350.9,0.1748,0
1943,64.8314,224.7,0.3,637.5,165.1,0.8447,1
1944,64.8648,217.0,0.2,635.6,167.3,0.7491,1
1944,64.8648,391.7,343.6,416.3,351.6,0.2013,0
1945,64.8982,162.4,0.9,638.3,164.8,0.6699,1
1946,64.9315,224.4,0.7,638.4,163.7,0.7591,1
1947,64.9649,209.8,1.0,638.1,167.0,0.6762,1
1948,64.9983,240.3,0.8,637.5,169.4,0.5427,1
1949,65.0316,274.9,0.6,637.5,167.3,0.7441,1
1950,65.065,293.2,0.6,636.7,168.7,0.7406,1
1951,65.0984,303.4,0.4,639.2,173.8,0.7512,1
1952,65.1317,316.1,0.4,638.8,170.1,0.7326,1
1953,65.1651,322.6,0.5,638.8,173.0,0.7733,1
1954,65.1985,296.9,0.6,639.0,171.4,0.2836,1
1955,65.2318,252.6,1.0,638.5,167.0,0.1244,1
1956,65.2652,306.0,0.7,639.4,165.6,0.1599,1
1956,65.2652,473.0,341.4,490.0,351.4,0.146,0
1957,65.2986,476.8,342.0,492.4,351.5,0.2045,0
1957,65.2986,467.4,337.9,544.0,351.8,0.1123,0
1958,65.3319,475.8,344.0,494.8,351.8,0.1515,0
1959,65.3653,,,,,,
1960,65.3987,,,,,,
1961,65.432,,,,,,
1962,65.4654,476.9,343.9,493.1,351.8,0.257,0
1963,65.4988,,,,,,
1964,65.5321,,,,,,
1965,65.5655,,,,,,
1966,65.5989,,,,,,
1967,65.6322,,,,,,
1968,65.6656,,,,,,
1969,65.699,510.3,248.8,527.8,265.5,0.256,0
1969,65.699,479.3,334.4,501.4,346.4,0.2425,0
1970,65.7323,509.4,248.1,527.9,267.3,0.3016,0
1970,65.7323,479.2,335.2,500.4,347.4,0.1186,0
1971,65.7657,,,,,,
1972,65.7991,509.8,251.4,527.4,267.7,0.1628,0
1973,65.8324,,,,,,
1974,65.8658,480.8,335.9,494.7,344.6,0.2222,0
1975,65.8992,480.1,335.7,497.4,344.7,0.2136,0
1975,65.8992,211.5,341.1,243.0,352.0,0.1075,0
1976,65.9325,480.0,335.9,496.7,345.0,0.5919,0
1976,65.9325,210.0,340.2,242.3,351.9,0.2562,0
1976,65.9325,510.8,251.0,525.9,265.5,0.1887,0
1976,65.9325,319.9,0.8,639.0,203.5,0.1198,1
1977,65.9659,479.1,336.2,496.3,346.1,0.6659,0
1977,65.9659,210.6,340.2,242.0,351.9,0.1877,0
1978,65.9993,479.4,336.9,495.7,346.4,0.7241,0
1978,65.9993,319.1,0.8,639.5,203.2,0.2447,1
1978,65.9993,208.4,340.9,242.4,351.9,0.211,0
1979,66.0326,478.0,336.7,495.1,345.9,0.5555,0
1979,66.0326,207.7,341.1,241.6,351.9,0.1979,0
1979,66.0326,311.2,0.9,639.2,203.8,0.1403,1
1979,66.0326,205.6,341.8,239.5,352.0,0.108,0
1980,66.066,349.4,0.2,637.7,197.8,0.7651,1
1980,66.066,478.9,335.8,490.2,344.4,0.6708,0
1980,66.066,208.7,339.7,241.7,352.0,0.289,0
1980,66.066,506.6,251.9,521.3,263.7,0.252,0
1980,66.066,203.4,338.0,270.8,351.9,0.1072,0
1981,66.0994,209.0,338.8,237.3,352.0,0.5089,0
1981,66.0994,480.7,333.6,490.3,341.4,0.2688,0
1981,66.0994,206.9,337.5,264.0,352.0,0.1379,0
1981,66.0994,432.9,130.8,463.4,154.6,0.1308,1
1982,66.1327,481.2,333.3,491.3,341.5,0.645,0
1982,66.1327,209.6,338.5,236.4,351.9,0.53,0
1982,66.1327,207.3,337.5,264.2,352.0,0.1263,0
1983,66.1661,212.8,337.0,239.5,351.9,0.5128,0
1983,66.1661,481.7,332.2,493.5,340.7,0.3887,0
1983,66.1661,481.4,331.4,494.3,340.5,0.248,0
1983,66.1661,209.3,336.6,264.5,351.9,0.1609,0
1984,66.1995,211.6,336.8,238.6,351.9,0.3574,0
1984,66.1995,481.3,328.7,502.7,341.9,0.2121,0
1984,66.1995,208.2,336.0,267.9,351.9,0.1346,0
1984,66.1995,212.2,335.1,237.8,352.0,0.1052,0
1984,66.1995,196.0,336.7,239.9,352.0,0.1016,0
1985,66.2328,211.2,338.4,239.1,351.9,0.2192,0
1985,66.2328,203.7,337.2,269.8,351.9,0.1341,0
1985,66.2328,192.1,338.4,241.9,352.0,0.1275,0
1986,66.2662,211.8,338.7,240.8,351.9,0.2693,0
1986,66.2662,207.0,337.8,266.9,351.9,0.1481,0
1986,66.2662,193.7,338.7,243.5,352.0,0.1068,0
1987,66.2996,200.0,337.0,268.6,351.9,0.1225,0
1987,66.2996,191.0,338.0,241.2,352.0,0.1123,0
1988,66.3329,,,,,,
1989,66.3663,322.0,0.9,638.1,189.8,0.1699,1
1990,66.3997,,,,,,
1991,66.433,331.3,0.7,637.7,187.2,0.4929,1
1992,66.4664,65.6,0.0,638.1,168.9,0.2559,1
1993,66.4998,507.5,256.0,529.6,271.0,0.2668,0
1993,66.4998,508.4,253.8,528.9,270.2,0.1371,0
1994,66.5331,482.2,338.7,495.7,348.1,0.2407,0
1994,66.5331,507.8,257.0,529.4,271.4,0.2221,0
1995,66.5665,481.9,339.6,496.3,351.4,0.3898,0
1996,66.5999,481.8,339.8,496.3,351.4,0.3707,0
1997,66.6332,482.3,339.0,495.8,347.8,0.4369,0
1997,66.6332,508.1,255.5,529.6,270.9,0.2545,0
1997,66.6332,331.2,1.0,637.4,193.4,0.2217,1
1998,66.6666,482.0,338.2,495.7,347.1,0.5531,0
1998,66.6666,506.5,256.3,528.5,270.4,0.1405,0
1999,66.7,482.0,337.5,492.7,346.5,0.3966,0
1999,66.7,211.3,342.0,241.4,351.9,0.1048,0
2000,66.7333,481.3,337.6,492.1,346.6,0.4832,0
2000,66.7333,502.8,253.5,527.5,270.5,0.354,0
2000,66.7333,502.4,254.3,527.9,270.9,0.3486,0
2000,66.7333,342.8,0.8,637.2,193.7,0.1417,1
2001,66.7667,344.4,0.7,637.8,186.6,0.5329,1
2001,66.7667,480.7,337.7,492.1,346.5,0.4294,0
2001,66.7667,256.3,191.3,267.0,205.3,0.3335,0
2001,66.7667,502.4,253.0,526.7,270.5,0.1839,0
2002,66.8001,479.6,337.6,491.4,346.3,0.4964,0
2002,66.8001,335.7,0.9,637.8,183.5,0.1628,1
2003,66.8334,477.1,337.0,494.3,348.3,0.2659,0
2003,66.8334,505.6,255.1,524.7,269.2,0.1613,0
2004,66.8668,504.5,253.4,522.5,266.6,0.1299,0
2004,66.8668,500.2,252.5,521.6,267.7,0.1028,0
2005,66.9002,,,,,,
2006,66.9335,,,,,,
2007,66.9669,,,,,,
2008,67.0003,,,,,,
2009,67.0336,201.8,314.5,223.7,352.0,0.2687,0
2009,67.0336,201.3,317.5,253.0,351.9,0.107,0
2010,67.067,202.7,310.6,222.6,351.7,0.1034,0
2011,67.1004,,,,,,
2012,67.1337,,,,,,
2013,67.1671,,,,,,
2014,67.2005,,,,,,
2015,67.2338,,,,,,
2016,67.2672,177.8,319.6,206.9,346.7,0.6764,0
2017,67.3006,154.5,336.6,183.5,351.9,0.2646,0
2017,67.3006,154.2,335.5,183.8,352.0,0.1226,0
2017,67.3006,140.0,336.8,186.0,352.0,0.1197,0
2018,67.3339,13.6,0.0,530.0,269.4,0.1555,1
2019,67.3673,,,,,,
2020,67.4007,388.0,335.6,396.8,347.0,0.1873,0
2020,67.4007,387.2,335.4,396.6,347.5,0.1091,0
2021,67.434,,,,,,
2022,67.4674,,,,,,
2023,67.5008,,,,,,
2024,67.5341,,,,,,
2025,67.5675,,,,,,
2026,67.6009,,,,,,
2027,67.6342,,,,,,
2028,67.6676,,,,,,
2029,67.701,,,,,,
2030,67.7343,,,,,,
2031,67.7677,,,,,,
2032,67.8011,,,,,,
2033,67.8344,464.2,0.0,543.5,17.2,0.1089,1
2034,67.8678,,,,,,
2035,67.9012,,,,,,
2036,67.9345,,,,,,
2037,67.9679,,,,,,
2038,68.0013,,,,,,
2039,68.0346,,,,,,
2040,68.068,,,,,,
2041,68.1014,,,,,,
2042,68.1347,,,,,,
2043,68.1681,,,,,,
2044,68.2015,,,,,,
2045,68.2348,626.1,166.0,637.1,190.1,0.149,0
2046,68.2682,626.6,175.5,639.3,198.8,0.1982,0
2046,68.2682,626.0,174.9,637.5,198.7,0.1777,0
2047,68.3016,,,,,,
2048,68.3349,,,,,,
2049,68.3683,,,,,,
2050,68.4017,,,,,,
2051,68.435,,,,,,
2052,68.4684,,,,,,
2053,68.5018,,,,,,
2054,68.5351,,,,,,
2055,68.5685,,,,,,
2056,68.6019,,,,,,
2057,68.6352,,,,,,
2058,68.6686,,,,,,
2059,68.702,,,,,,
2060,68.7353,,,,,,
2061,68.7687,,,,,,
2062,68.8021,,,,,,
2063,68.8354,,,,,,
2064,68.8688,,,,,,
2065,68.9022,,,,,,
2066,68.9355,629.0,232.1,639.9,251.9,0.168,0
2067,68.9689,633.7,223.6,640.0,245.4,0.1224,0
2068,69.0023,,,,,,
2069,69.0356,,,,,,
2070,69.069,,,,,,
2071,69.1024,,,,,,
2072,69.1357,,,,,,
2073,69.1691,,,,,,
2074,69.2025,,,,,,
2075,69.2358,,,,,,
2076,69.2692,507.2,0.0,598.0,22.5,0.1185,1
2077,69.3026,,,,,,
2078,69.3359,,,,,,
2079,69.3693,,,,,,
2080,69.4027,,,,,,
2081,69.436,,,,,,
2082,69.4694,,,,,,
2083,69.5028,,,,,,
2084,69.5361,,,,,,
2085,69.5695,,,,,,
2086,69.6029,,,,,,
2087,69.6362,,,,,,
2088,69.6696,513.5,0.0,603.7,23.9,0.1178,1
2089,69.703,518.4,0.0,601.0,23.4,0.24,1
2090,69.7363,,,,,,
2091,69.7697,,,,,,
2092,69.8031,,,,,,
2093,69.8364,,,,,,
2094,69.8698,,,,,,
2095,69.9032,,,,,,
2096,69.9365,560.7,308.9,581.1,323.2,0.1217,0
2097,69.9699,549.1,308.1,572.1,322.2,0.2534,0
2098,70.0033,,,,,,
2099,70.0366,,,,,,
2100,70.07,,,,,,
2101,70.1034,,,,,,
2102,70.1367,,,,,,
2103,70.1701,,,,,,
2104,70.2035,,,,,,
2105,70.2368,628.6,208.4,639.8,226.5,0.3305,0
2105,70.2368,629.9,194.3,640.0,226.7,0.145,0
2106,70.2702,633.2,203.3,640.0,219.7,0.4505,0
2107,70.3036,,,,,,
2108,70.3369,,,,,,
2109,70.3703,,,,,,
2110,70.4037,,,,,,
2111,70.437,548.4,0.0,618.5,24.1,0.1456,1
2111,70.437,287.4,339.4,314.0,351.7,0.1054,0
2112,70.4704,34.7,337.5,71.7,351.9,0.3428,0
2112,70.4704,28.6,337.8,74.1,352.0,0.1542,0
2112,70.4704,37.7,337.6,72.3,351.7,0.1022,0
2113,70.5038,331.8,319.3,356.8,333.4,0.8108,0
2113,70.5038,63.4,324.2,92.4,350.2,0.5701,0
2113,70.5038,58.1,324.2,93.0,352.0,0.1734,0
2114,70.5371,80.3,313.0,107.0,340.6,0.6015,0
2115,70.5705,95.1,306.2,117.5,331.4,0.1747,0
2116,70.6039,372.7,286.7,387.2,303.8,0.4864,0
2117,70.6372,227.3,107.1,638.8,352.0,0.1409,1
2118,70.6706,,,,,,
2119,70.704,,,,,,
2120,70.7373,443.2,255.5,638.5,352.0,0.2457,1
2121,70.7707,441.1,267.2,638.7,352.0,0.147,1
2122,70.8041,,,,,,
2123,70.8374,,,,,,
2124,70.8708,,,,,,
2125,70.9042,,,,,,
2126,70.9375,,,,,,
2127,70.9709,,,,,,
2128,71.0043,,,,,,
2129,71.0376,,,,,,
2130,71.071,,,,,,
2131,71.1044,,,,,,
2132,71.1377,,,,,,
2133,71.1711,94.1,303.4,116.3,338.6,0.1583,0
2134,71.2045,90.4,307.8,112.1,343.0,0.4142,0
2135,71.2378,91.6,312.1,111.8,341.8,0.2745,0
2136,71.2712,95.8,311.8,115.4,340.4,0.4283,0
2137,71.3046,,,,,,
2138,71.3379,,,,,,
2139,71.3713,,,,,,
2140,71.4047,,,,,,
2141,71.438,589.6,252.8,640.0,301.6,0.1162,0
2142,71.4714,,,,,,
2143,71.5048,,,,,,
2144,71.5381,,,,,,
2145,71.5715,,,,,,
2146,71.6049,,,,,,
2147,71.6382,,,,,,
2148,71.6716,,,,,,
2149,71.705,,,,,,
2150,71.7383,,,,,,
2151,71.7717,,,,,,
2152,71.8051,116.4,308.8,136.3,341.8,0.1339,0
2153,71.8384,112.1,310.1,132.1,347.6,0.6646,0
2154,71.8718,,,,,,
2155,71.9052,,,,,,
2156,71.9385,108.7,317.4,127.7,349.9,0.2965,0
2157,71.9719,106.4,317.7,129.1,351.5,0.1162,0
2158,72.0053,106.2,315.7,130.8,351.3,0.119,0
2159,72.0386,107.9,311.4,131.1,347.3,0.1558,0
2160,72.072,,,,,,
2161,72.1054,110.2,314.3,132.0,351.8,0.3935,0
2161,72.1054,109.9,315.5,158.0,352.0,0.121,0
2162,72.1387,111.5,314.2,132.6,351.9,0.2982,0
2162,72.1387,110.9,315.9,156.1,352.0,0.1119,0
2163,72.1721,,,,,,
2164,72.2055,,,,,,
2165,72.2388,,,,,,
2166,72.2722,603.0,271.5,639.9,321.4,0.1535,1
2167,72.3056,,,,,,
2168,72.3389,,,,,,
2169,72.3723,111.8,329.0,136.1,352.0,0.2569,0
2170,72.4057,115.3,331.7,140.6,352.0,0.2286,0
2170,72.4057,112.6,332.6,187.4,351.9,0.1145,0
2171,72.439,115.6,339.0,144.8,352.0,0.1617,0
2171,72.439,113.7,335.5,184.4,351.9,0.1338,0
2171,72.439,115.6,333.5,145.0,352.0,0.1023,0
2172,72.4724,116.8,341.8,144.7,352.0,0.2388,0
2172,72.4724,113.5,338.5,176.7,351.9,0.1447,0
2172,72.4724,389.6,331.2,401.1,340.5,0.109,0
2173,72.5058,117.0,340.4,144.6,352.0,0.3122,0
2173,72.5058,114.5,337.9,178.8,351.9,0.1407,0
2174,72.5391,118.7,339.5,144.3,351.9,0.2283,0
2174,72.5391,116.6,336.0,179.1,351.9,0.1364,0
2175,72.5725,115.8,335.3,176.2,351.9,0.1469,0
2175,72.5725,118.2,339.7,145.3,351.9,0.135,0
2175,72.5725,117.8,333.1,146.4,352.0,0.1162,0
2176,72.6059,113.8,335.0,181.7,352.0,0.1119,0
2177,72.6392,,,,,,
2178,72.6726,,,,,,
2179,72.706,,,,,,
2180,72.7393,,,,,,
2181,72.7727,,,,,,
2182,72.8061,,,,,,
2183,72.8394,,,,,,
2184,72.8728,,,,,,
2185,72.9062,114.1,332.3,139.0,352.0,0.1825,0
2185,72.9062,112.4,333.7,182.2,351.9,0.1001,0
2186,72.9395,113.6,337.6,137.3,351.9,0.2709,0
2186,72.9395,114.0,334.4,137.3,352.0,0.159,0
2186,72.9395,102.0,336.1,141.1,352.0,0.1078,0
2187,72.9729,113.8,337.1,137.6,351.8,0.3623,0
2187,72.9729,114.4,334.8,137.1,352.0,0.1399,0
2187,72.9729,102.1,335.9,140.3,352.0,0.1019,0
2188,73.0063,113.8,333.0,135.2,352.0,0.349,0
2188,73.0063,110.5,333.8,150.3,352.0,0.1007,0
2189,73.0396,113.5,332.6,135.6,351.8,0.3777,0
2189,73.0396,110.1,332.6,151.2,352.0,0.1079,0
2190,73.073,113.6,332.0,133.6,351.9,0.5585,0
2190,73.073,109.8,331.7,150.0,351.9,0.1075,0
2191,73.1064,112.5,333.4,133.7,351.8,0.3489,0
2191,73.1064,109.1,332.8,152.2,351.9,0.1242,0
2192,73.1397,110.5,334.3,132.8,352.0,0.3134,0
2192,73.1397,107.0,334.6,151.8,351.9,0.1311,0
2192,73.1397,110.0,336.1,132.7,351.7,0.1052,0
2193,73.1731,111.0,333.7,133.9,352.0,0.3131,0
2193,73.1731,107.0,333.9,150.9,351.9,0.1277,0
2194,73.2065,113.0,332.5,134.0,351.9,0.3874,0
2194,73.2065,109.4,333.1,151.1,351.9,0.1168,0
2195,73.2398,113.9,331.8,133.9,351.8,0.3033,0
2196,73.2732,113.1,330.6,135.5,352.0,0.1915,0
2197,73.3066,,,,,,
2198,73.3399,,,,,,
2199,73.3733,,,,,,
2200,73.4067,,,,,,
2201,73.44,452.5,344.3,465.8,351.8,0.1309,0
2202,73.4734,,,,,,
2203,73.5068,,,,,,
2204,73.5401,113.7,330.2,132.4,351.4,0.2892,0
2205,73.5735,111.7,334.3,131.4,351.5,0.4204,0
2205,73.5735,108.6,333.9,152.1,351.9,0.1134,0
2206,73.6069,104.6,331.7,129.9,351.9,0.3477,0
2206,73.6069,593.7,271.1,639.0,323.7,0.14,0
2206,73.6069,102.8,331.9,152.7,351.9,0.1364,0
2207,73.6402,104.8,330.1,126.1,351.2,0.2487,0
2207,73.6402,103.9,329.5,153.8,351.9,0.1179,0
2208,73.6736,99.3,333.4,122.2,351.5,0.4289,0
2209,73.707,96.0,334.1,118.1,351.5,0.3605,0
2209,73.707,93.1,334.0,136.6,351.9,0.1211,0
2210,73.7403,87.2,331.5,113.8,351.9,0.2167,0
2210,73.7403,84.3,332.2,137.5,351.9,0.1463,0
2210,73.7403,67.5,332.8,116.8,352.0,0.1316,0
2211,73.7737,80.2,339.9,108.2,351.8,0.265,0
2211,73.7737,67.0,338.3,110.8,352.0,0.1361,0
2211,73.7737,77.5,336.8,150.1,351.8,0.1054,0
2212,73.8071,74.1,342.0,104.2,351.9,0.1497,0
2212,73.8071,67.5,338.6,127.7,352.0,0.1209,0
2213,73.8404,61.0,341.6,96.4,352.0,0.1374,0
2213,73.8404,53.3,339.3,133.5,352.0,0.1135,0
2214,73.8738,,,,,,
2215,73.9072,21.7,0.4,640.0,161.6,0.5065,1
2216,73.9405,62.9,0.2,614.3,155.2,0.1133,1
2217,73.9739,,,,,,
2218,74.0073,627.0,291.2,639.9,307.1,0.1367,0
2219,74.0406,627.2,291.5,639.9,306.9,0.2603,0
2220,74.074,,,,,,
2221,74.1074,,,,,,
2222,74.1407,,,,,,
2223,74.1741,322.0,334.3,331.7,343.3,0.1505,0
2224,74.2075,322.3,333.5,333.2,342.9,0.4761,0
2224,74.2075,322.3,333.5,333.9,343.0,0.2006,0
2225,74.2408,,,,,,
2226,74.2742,47.2,339.4,74.6,352.0,0.361,0
2227,74.3076,44.7,332.6,68.1,352.0,0.239,0
2227,74.3076,41.8,333.7,91.0,351.9,0.1259,0
2228,74.3409,,,,,,
2229,74.3743,,,,,,
2230,74.4077,,,,,,
2231,74.441,,,,,,
2232,74.4744,,,,,,
2233,74.5078,,,,,,
2234,74.5411,,,,,,
2235,74.5745,,,,,,
2236,74.6079,625.7,245.7,639.9,260.5,0.1592,0
2237,74.6412,,,,,,
2238,74.6746,,,,,,
2239,74.708,,,,,,
2240,74.7413,,,,,,
2241,74.7747,,,,,,
2242,74.8081,168.2,0.4,640.0,127.9,0.2347,1
2243,74.8414,177.6,0.4,640.0,130.9,0.2237,1
2244,74.8748,189.2,0.6,640.0,134.6,0.7808,1
2244,74.8748,63.4,307.5,84.3,343.7,0.4418,0
2245,74.9082,64.8,306.9,85.3,342.0,0.7248,0
2245,74.9082,169.6,0.6,640.0,131.3,0.1728,1
2246,74.9415,66.1,310.0,86.6,342.1,0.2867,0
2247,74.9749,68.5,311.5,87.7,341.0,0.2919,0
2248,75.0083,69.2,312.4,88.4,340.8,0.3722,0
2249,75.0416,66.3,315.5,86.8,350.2,0.1567,0
2250,75.075,66.7,319.7,87.1,349.6,0.1997,0
2251,75.1084,,,,,,
2252,75.1417,,,,,,
2253,75.1751,,,,,,
2254,75.2085,,,,,,
2255,75.2418,,,,,,
2256,75.2752,,,,,,
2257,75.3086,,,,,,
2258,75.3419,,,,,,
2259,75.3753,,,,,,
2260,75.4087,,,,,,
2261,75.442,,,,,,
2262,75.4754,77.4,330.9,99.9,351.9,0.3538,0
2262,75.4754,350.1,326.2,360.6,335.5,0.2152,0
2263,75.5088,73.9,333.8,100.0,352.0,0.174,0
2263,75.5088,350.8,326.4,361.2,335.5,0.1467,0
2263,75.5088,76.7,333.9,100.1,352.0,0.1331,0
2263,75.5088,73.6,334.6,119.6,351.9,0.1202,0
2264,75.5421,76.9,331.0,100.7,352.0,0.5563,0
2264,75.5421,74.2,331.8,118.9,352.0,0.1234,0
2265,75.5755,76.7,333.6,101.7,352.0,0.2081,0
2265,75.5755,73.6,335.3,120.6,351.9,0.1327,0
2265,75.5755,76.6,338.0,100.9,351.8,0.1298,0
2266,75.6089,76.7,332.3,101.9,352.0,0.3313,0
2266,75.6089,73.7,333.4,119.8,351.9,0.1258,0
2267,75.6422,76.8,333.5,102.9,352.0,0.2581,0
2267,75.6422,76.5,336.9,102.6,351.8,0.1905,0
2267,75.6422,73.5,334.7,118.7,352.0,0.1303,0
2268,75.6756,77.7,330.7,102.7,352.0,0.5699,0
2268,75.6756,74.6,331.1,117.5,352.0,0.1178,0
2269,75.709,79.4,331.2,102.9,352.0,0.5775,0
2269,75.709,352.8,326.3,364.4,335.4,0.3318,0
2270,75.7423,80.4,331.1,105.0,352.0,0.4586,0
2270,75.7423,353.9,327.0,365.5,336.2,0.312,0
2271,75.7757,79.5,331.3,104.6,352.0,0.3344,0
2271,75.7757,354.1,327.2,367.7,337.0,0.2269,0
2272,75.8091,80.5,332.4,106.4,352.0,0.1584,0
2273,75.8424,,,,,,
2274,75.8758,,,,,,
2275,75.9092,,,,,,
2276,75.9425,,,,,,
2277,75.9759,,,,,,
2278,76.0093,,,,,,
2279,76.0426,,,,,,
2280,76.076,,,,,,
2281,76.1094,81.1,327.6,103.4,352.0,0.1731,0
2282,76.1427,80.6,331.4,104.1,352.0,0.1995,0
2282,76.1427,81.7,340.1,101.7,351.9,0.1235,0
2283,76.1761,78.4,339.9,103.7,352.0,0.2597,0
2284,76.2095,79.6,340.4,106.9,352.0,0.2243,0
2284,76.2095,353.3,329.6,364.1,339.0,0.114,0
2285,76.2428,77.2,340.3,108.9,352.0,0.206,0
2285,76.2428,353.8,330.9,364.4,340.7,0.2018,0
2285,76.2428,354.4,331.3,364.3,340.7,0.1465,0
2286,76.2762,354.5,333.0,363.6,342.4,0.1601,0
2287,76.3096,354.3,335.4,365.6,344.0,0.2374,0
2288,76.3429,354.8,336.2,365.8,344.7,0.2295,0
2288,76.3429,354.5,335.8,366.1,344.7,0.1191,0
2289,76.3763,,,,,,
2290,76.4097,355.6,337.9,370.2,348.2,0.192,0
2291,76.443,,,,,,
2292,76.4764,,,,,,
2293,76.5098,,,,,,
2294,76.5431,,,,,,
2295,76.5765,,,,,,
2296,76.6099,,,,,,
2297,76.6432,,,,,,
2298,76.6766,,,,,,
2299,76.71,,,,,,
2300,76.7433,,,,,,
2301,76.7767,,,,,,
2302,76.8101,,,,,,
2303,76.8434,353.2,337.9,365.4,347.5,0.1252,0
2304,76.8768,,,,,,
2305,76.9102,,,,,,
2306,76.9435,353.0,340.9,369.1,351.5,0.1914,0
2307,76.9769,351.9,341.8,370.7,351.7,0.1743,0
2308,77.0103,353.2,341.1,368.9,351.5,0.178,0
2309,77.0436,,,,,,
2310,77.077,,,,,,
2311,77.1104,,,,,,
2312,77.1437,,,,,,
2313,77.1771,,,,,,
2314,77.2105,,,,,,
2315,77.2438,,,,,,
2316,77.2772,,,,,,
2317,77.3106,,,,,,
2318,77.3439,,,,,,
2319,77.3773,,,,,,
2320,77.4107,,,,,,
2321,77.444,,,,,,
2322,77.4774,351.8,342.7,371.2,351.7,0.299,0
2323,77.5108,351.9,343.3,369.6,351.7,0.2709,0
2324,77.5441,352.3,343.2,370.5,351.7,0.2695,0
2325,77.5775,352.7,341.9,372.8,351.6,0.342,0
2326,77.6109,,,,,,
2327,77.6442,353.7,338.8,368.6,347.9,0.1632,0
2328,77.6776,,,,,,
2329,77.711,,,,,,
2330,77.7443,,,,,,
2331,77.7777,,,,,,
2332,77.8111,,,,,,
2333,77.8444,,,,,,
2334,77.8778,,,,,,
2335,77.9112,,,,,,
2336,77.9445,,,,,,
2337,77.9779,,,,,,
2338,78.0113,,,,,,
2339,78.0446,,,,,,
2340,78.078,352.5,342.3,370.5,351.7,0.1339,0
2341,78.1114,352.6,342.5,370.2,351.6,0.1191,0
2342,78.1447,,,,,,
2343,78.1781,352.6,343.8,369.6,351.7,0.1332,0
2344,78.2115,352.0,344.0,369.5,351.7,0.1638,0
2344,78.2115,351.0,344.0,367.4,351.6,0.1259,0
2345,78.2448,,,,,,
2346,78.2782,,,,,,
2347,78.3116,,,,,,
2348,78.3449,,,,,,
2349,78.3783,,,,,,
2350,78.4117,,,,,,
2351,78.445,,,,,,
2352,78.4784,,,,,,
2353,78.5118,373.6,256.8,400.5,274.8,0.2312,0
2354,78.5451,,,,,,
2355,78.5785,369.8,256.0,400.4,274.7,0.3664,0
2356,78.6119,369.5,256.7,401.1,274.9,0.214,0
2357,78.6452,371.6,256.0,400.4,274.1,0.1462,0
2358,78.6786,,,,,,
2359,78.712,,,,,,
2360,78.7453,,,,,,
2361,78.7787,,,,,,
2362,78.8121,,,,,,
2363,78.8454,,,,,,
2364,78.8788,,,,,,
2365,78.9122,,,,,,
2366,78.9455,,,,,,
2367,78.9789,,,,,,
2368,79.0123,,,,,,
2369,79.0456,,,,,,
2370,79.079,,,,,,
2371,79.1124,,,,,,
2372,79.1457,,,,,,
2373,79.1791,,,,,,
2374,79.2125,,,,,,
2375,79.2458,,,,,,
2376,79.2792,,,,,,
2377,79.3126,,,,,,
2378,79.3459,,,,,,
2379,79.3793,,,,,,
2380,79.4127,,,,,,
2381,79.446,,,,,,
2382,79.4794,,,,,,
2383,79.5128,,,,,,
2384,79.5461,,,,,,
2385,79.5795,,,,,,
2386,79.6129,,,,,,
2387,79.6462,,,,,,
2388,79.6796,,,,,,
2389,79.713,,,,,,
2390,79.7463,,,,,,
2391,79.7797,,,,,,
2392,79.8131,,,,,,
2393,79.8464,,,,,,
2394,79.8798,,,,,,
2395,79.9132,,,,,,
2396,79.9465,,,,,,
2397,79.9799,,,,,,
2398,80.0133,,,,,,
2399,80.0466,,,,,,
2400,80.08,,,,,,
2401,80.1134,,,,,,
2402,80.1467,,,,,,
2403,80.1801,,,,,,
2404,80.2135,,,,,,
2405,80.2468,,,,,,
2406,80.2802,,,,,,
2407,80.3136,,,,,,
2408,80.3469,,,,,,
2409,80.3803,,,,,,
2410,80.4137,,,,,,
2411,80.447,,,,,,
2412,80.4804,,,,,,
2413,80.5138,,,,,,
2414,80.5471,,,,,,
2415,80.5805,,,,,,
2416,80.6139,,,,,,
2417,80.6472,,,,,,
2418,80.6806,,,,,,
2419,80.714,,,,,,
2420,80.7473,,,,,,
2421,80.7807,,,,,,
2422,80.8141,,,,,,
2423,80.8474,,,,,,
2424,80.8808,,,,,,
2425,80.9142,,,,,,
2426,80.9475,,,,,,
2427,80.9809,,,,,,
2428,81.0143,,,,,,
2429,81.0476,,,,,,
2430,81.081,349.6,271.0,380.0,287.6,0.154,0
2431,81.1144,,,,,,
2432,81.1477,,,,,,
2433,81.1811,,,,,,
2434,81.2145,,,,,,
2435,81.2478,,,,,,
2436,81.2812,,,,,,
2437,81.3146,,,,,,
2438,81.3479,,,,,,
2439,81.3813,,,,,,
2440,81.4147,,,,,,
2441,81.448,,,,,,
2442,81.4814,,,,,,
2443,81.5148,,,,,,
2444,81.5481,,,,,,
2445,81.5815,,,,,,
2446,81.6149,,,,,,
2447,81.6482,,,,,,
2448,81.6816,,,,,,
2449,81.715,,,,,,
2450,81.7483,,,,,,
2451,81.7817,,,,,,
2452,81.8151,,,,,,
2453,81.8484,,,,,,
2454,81.8818,,,,,,
2455,81.9152,,,,,,
2456,81.9485,,,,,,
2457,81.9819,,,,,,
2458,82.0153,,,,,,
2459,82.0486,,,,,,
2460,82.082,,,,,,
2461,82.1154,,,,,,
2462,82.1487,,,,,,
2463,82.1821,,,,,,
2464,82.2155,,,,,,
2465,82.2488,,,,,,
2466,82.2822,,,,,,
2467,82.3156,,,,,,
2468,82.3489,,,,,,
2469,82.3823,,,,,,
2470,82.4157,,,,,,
2471,82.449,,,,,,
2472,82.4824,,,,,,
2473,82.5158,,,,,,
2474,82.5491,,,,,,
2475,82.5825,,,,,,
2476,82.6159,,,,,,
2477,82.6492,,,,,,
2478,82.6826,,,,,,
2479,82.716,334.0,344.2,352.1,351.8,0.1575,0
2479,82.716,335.6,344.6,353.2,351.7,0.1172,0
2480,82.7493,336.2,343.3,353.2,351.6,0.1104,0
2481,82.7827,335.7,343.5,354.0,351.7,0.1381,0
2481,82.7827,334.3,343.5,352.4,351.7,0.1253,0
2482,82.8161,,,,,,
2483,82.8494,,,,,,
2484,82.8828,,,,,,
2485,82.9162,,,,,,
2486,82.9495,,,,,,
2487,82.9829,,,,,,
2488,83.0163,,,,,,
2489,83.0496,,,,,,
2490,83.083,,,,,,
2491,83.1164,,,,,,
2492,83.1497,,,,,,
2493,83.1831,,,,,,
2494,83.2165,,,,,,
2495,83.2498,102.9,210.2,114.4,223.3,0.1302,0
2496,83.2832,,,,,,
2497,83.3166,,,,,,
2498,83.3499,,,,,,
2499,83.3833,,,,,,
2500,83.4167,,,,,,
2501,83.45,,,,,,
2502,83.4834,,,,,,
2503,83.5168,,,,,,
2504,83.5501,,,,,,
2505,83.5835,,,,,,
2506,83.6169,,,,,,
2507,83.6502,,,,,,
2508,83.6836,,,,,,
2509,83.717,,,,,,
2510,83.7503,,,,,,
2511,83.7837,,,,,,
2512,83.8171,,,,,,
2513,83.8504,,,,,,
2514,83.8838,,,,,,
2515,83.9172,,,,,,
2516,83.9505,,,,,,
2517,83.9839,,,,,,
2518,84.0173,,,,,,
2519,84.0506,,,,,,
2520,84.084,,,,,,
2521,84.1174,,,,,,
2522,84.1507,,,,,,
2523,84.1841,,,,,,
2524,84.2175,,,,,,
2525,84.2508,,,,,,
2526,84.2842,,,,,,
2527,84.3176,,,,,,
2528,84.3509,,,,,,
2529,84.3843,,,,,,
2530,84.4177,,,,,,
2531,84.451,,,,,,
2532,84.4844,,,,,,
2533,84.5178,,,,,,
2534,84.5511,,,,,,
2535,84.5845,,,,,,
2536,84.6179,,,,,,
2537,84.6512,,,,,,
2538,84.6846,,,,,,
2539,84.718,,,,,,
2540,84.7513,,,,,,
2541,84.7847,351.2,262.4,375.7,281.8,0.1594,0
2542,84.8181,,,,,,
2543,84.8514,,,,,,
2544,84.8848,355.6,256.8,380.8,279.5,0.129,0
2545,84.9182,,,,,,
2546,84.9515,,,,,,
2547,84.9849,,,,,,
2548,85.0183,,,,,,
2549,85.0516,,,,,,
2550,85.085,,,,,,
2551,85.1184,349.5,340.0,363.1,351.2,0.1865,0
2552,85.1517,,,,,,
2553,85.1851,366.4,334.8,381.6,344.8,0.4142,0
2554,85.2185,,,,,,
2555,85.2518,378.7,344.5,402.1,351.8,0.1449,0
2556,85.2852,,,,,,
2557,85.3186,,,,,,
2558,85.3519,,,,,,
2559,85.3853,,,,,,
2560,85.4187,,,,,,
2561,85.452,,,,,,
2562,85.4854,,,,,,
2563,85.5188,,,,,,
2564,85.5521,,,,,,
2565,85.5855,,,,,,
2566,85.6189,,,,,,
2567,85.6522,,,,,,
2568,85.6856,,,,,,
2569,85.719,,,,,,
2570,85.7523,,,,,,
2571,85.7857,,,,,,
2572,85.8191,,,,,,
2573,85.8524,,,,,,
2574,85.8858,,,,,,
2575,85.9192,,,,,,
2576,85.9525,,,,,,
2577,85.9859,,,,,,
2578,86.0193,,,,,,
2579,86.0526,,,,,,
2580,86.086,,,,,,
2581,86.1194,,,,,,
2582,86.1527,,,,,,
2583,86.1861,,,,,,
2584,86.2195,,,,,,
2585,86.2528,,,,,,
2586,86.2862,,,,,,
2587,86.3196,,,,,,
2588,86.3529,,,,,,
2589,86.3863,,,,,,
2590,86.4197,,,,,,
2591,86.453,,,,,,
2592,86.4864,,,,,,
2593,86.5198,,,,,,
2594,86.5531,,,,,,
2595,86.5865,,,,,,
2596,86.6199,,,,,,
2597,86.6532,,,,,,
2598,86.6866,,,,,,
2599,86.72,,,,,,
2600,86.7533,,,,,,
2601,86.7867,,,,,,
2602,86.8201,,,,,,
2603,86.8534,,,,,,
2604,86.8868,,,,,,
2605,86.9202,,,,,,
2606,86.9535,,,,,,
2607,86.9869,,,,,,
2608,87.0203,,,,,,
2609,87.0536,,,,,,
2610,87.087,,,,,,
2611,87.1204,,,,,,
2612,87.1537,,,,,,
2613,87.1871,,,,,,
2614,87.2205,,,,,,
2615,87.2538,,,,,,
2616,87.2872,,,,,,
2617,87.3206,,,,,,
2618,87.3539,,,,,,
2619,87.3873,,,,,,
2620,87.4207,,,,,,
2621,87.454,,,,,,
2622,87.4874,,,,,,
2623,87.5208,,,,,,
2624,87.5541,,,,,,
2625,87.5875,,,,,,
2626,87.6209,,,,,,
2627,87.6542,,,,,,
2628,87.6876,,,,,,
2629,87.721,,,,,,
2630,87.7543,,,,,,
2631,87.7877,,,,,,
2632,87.8211,,,,,,
2633,87.8544,,,,,,
2634,87.8878,,,,,,
2635,87.9212,,,,,,
2636,87.9545,,,,,,
2637,87.9879,,,,,,
2638,88.0213,,,,,,
2639,88.0546,,,,,,
2640,88.088,,,,,,
2641,88.1214,,,,,,
2642,88.1547,,,,,,
2643,88.1881,,,,,,
2644,88.2215,,,,,,
2645,88.2548,,,,,,
2646,88.2882,,,,,,
2647,88.3216,,,,,,
2648,88.3549,,,,,,
2649,88.3883,,,,,,
2650,88.4217,,,,,,
2651,88.455,,,,,,
2652,88.4884,,,,,,
2653,88.5218,,,,,,
2654,88.5551,,,,,,
2655,88.5885,,,,,,
2656,88.6219,,,,,,
2657,88.6552,,,,,,
2658,88.6886,,,,,,
2659,88.722,,,,,,
2660,88.7553,,,,,,
2661,88.7887,,,,,,
2662,88.8221,,,,,,
2663,88.8554,,,,,,
2664,88.8888,,,,,,
2665,88.9222,,,,,,
2666,88.9555,,,,,,
2667,88.9889,,,,,,
2668,89.0223,,,,,,
2669,89.0556,,,,,,
2670,89.089,,,,,,
2671,89.1224,,,,,,
2672,89.1557,,,,,,
2673,89.1891,,,,,,
2674,89.2225,,,,,,
2675,89.2558,,,,,,
2676,89.2892,,,,,,
2677,89.3226,,,,,,
2678,89.3559,,,,,,
2679,89.3893,,,,,,
2680,89.4227,,,,,,
2681,89.456,,,,,,
2682,89.4894,,,,,,
2683,89.5228,,,,,,
2684,89.5561,,,,,,
2685,89.5895,,,,,,
2686,89.6229,,,,,,
2687,89.6562,,,,,,
2688,89.6896,,,,,,
2689,89.723,,,,,,
2690,89.7563,,,,,,
2691,89.7897,,,,,,
2692,89.8231,,,,,,
2693,89.8564,,,,,,
2694,89.8898,,,,,,
2695,89.9232,,,,,,
2696,89.9565,,,,,,
2697,89.9899,,,,,,
2698,90.0233,,,,,,
2699,90.0566,,,,,,
2700,90.09,,,,,,
2701,90.1234,,,,,,
2702,90.1567,,,,,,
2703,90.1901,,,,,,
2704,90.2235,,,,,,
2705,90.2568,,,,,,
2706,90.2902,,,,,,
2707,90.3236,,,,,,
2708,90.3569,,,,,,
2709,90.3903,,,,,,
2710,90.4237,,,,,,
2711,90.457,,,,,,
2712,90.4904,,,,,,
2713,90.5238,,,,,,
2714,90.5571,,,,,,
2715,90.5905,,,,,,
2716,90.6239,,,,,,
2717,90.6572,,,,,,
2718,90.6906,,,,,,
2719,90.724,,,,,,
2720,90.7573,,,,,,
2721,90.7907,,,,,,
2722,90.8241,,,,,,
2723,90.8574,,,,,,
2724,90.8908,,,,,,
2725,90.9242,,,,,,
2726,90.9575,,,,,,
2727,90.9909,,,,,,
2728,91.0243,,,,,,
2729,91.0576,,,,,,
2730,91.091,,,,,,
2731,91.1244,,,,,,
2732,91.1577,,,,,,
2733,91.1911,,,,,,
2734,91.2245,,,,,,
2735,91.2578,,,,,,
2736,91.2912,,,,,,
2737,91.3246,,,,,,
2738,91.3579,,,,,,
2739,91.3913,,,,,,
2740,91.4247,,,,,,
2741,91.458,,,,,,
2742,91.4914,,,,,,
2743,91.5248,,,,,,
2744,91.5581,,,,,,
2745,91.5915,,,,,,
2746,91.6249,,,,,,
2747,91.6582,,,,,,
2748,91.6916,,,,,,
2749,91.725,,,,,,
2750,91.7583,,,,,,
2751,91.7917,,,,,,
2752,91.8251,,,,,,
2753,91.8584,,,,,,
2754,91.8918,,,,,,
2755,91.9252,,,,,,
2756,91.9585,,,,,,
2757,91.9919,,,,,,
2758,92.0253,,,,,,
2759,92.0586,,,,,,
2760,92.092,,,,,,
2761,92.1254,,,,,,
2762,92.1587,,,,,,
2763,92.1921,,,,,,
2764,92.2255,,,,,,
2765,92.2588,383.8,275.8,405.2,296.0,0.4424,0
2766,92.2922,,,,,,
2767,92.3256,,,,,,
2768,92.3589,380.4,274.0,403.8,294.8,0.5769,0
2769,92.3923,381.9,274.6,402.7,294.2,0.6717,0
2770,92.4257,379.8,274.4,403.5,294.5,0.1197,0
2771,92.459,381.9,274.5,404.5,294.4,0.301,0
2772,92.4924,381.6,274.1,404.7,294.6,0.167,0
2773,92.5258,381.2,274.9,402.0,295.0,0.4236,0
2774,92.5591,380.4,274.2,402.4,295.4,0.2208,0
2775,92.5925,380.5,274.0,402.4,295.4,0.4795,0
2776,92.6259,380.3,274.7,402.5,295.6,0.4456,0
2777,92.6592,379.2,274.3,402.3,295.2,0.4096,0
2778,92.6926,379.1,274.5,402.3,295.1,0.3299,0
2779,92.726,378.5,273.6,402.2,294.8,0.4321,0
2780,92.7593,379.7,274.5,402.1,294.9,0.333,0
2781,92.7927,,,,,,
2782,92.8261,379.0,274.4,404.5,295.8,0.2356,0
2783,92.8594,382.0,273.0,406.0,294.4,0.1923,0
2784,92.8928,,,,,,
2785,92.9262,383.9,274.3,404.0,297.1,0.3727,0
2786,92.9595,384.3,274.5,404.3,296.8,0.1416,0
2787,92.9929,,,,,,
2788,93.0263,,,,,,
2789,93.0596,380.7,273.4,403.1,294.7,0.2133,0
2790,93.093,384.0,270.1,402.6,289.0,0.5228,0
2791,93.1264,385.5,272.7,401.8,289.7,0.3832,0
2792,93.1597,,,,,,
2793,93.1931,383.0,273.9,401.4,289.3,0.1123,0
2794,93.2265,,,,,,
2795,93.2598,,,,,,
2796,93.2932,,,,,,
2797,93.3266,,,,,,
2798,93.3599,,,,,,
2799,93.3933,,,,,,
2800,93.4267,,,,,,
2801,93.46,,,,,,
2802,93.4934,,,,,,
2803,93.5268,,,,,,
2804,93.5601,,,,,,
2805,93.5935,,,,,,
2806,93.6269,,,,,,
2807,93.6602,,,,,,
2808,93.6936,,,,,,
2809,93.727,,,,,,
2810,93.7603,,,,,,
2811,93.7937,,,,,,
2812,93.8271,,,,,,
2813,93.8604,,,,,,
2814,93.8938,,,,,,
2815,93.9272,371.7,264.3,400.9,287.0,0.3456,0
2816,93.9605,372.7,263.8,400.9,285.7,0.6375,0
2817,93.9939,369.6,262.6,398.0,286.2,0.2336,0
2818,94.0273,373.0,264.6,399.9,286.5,0.4327,0
2819,94.0606,372.7,264.4,400.2,286.5,0.5806,0
2820,94.094,372.0,265.4,399.1,287.4,0.5457,0
2821,94.1274,,,,,,
2822,94.1607,376.8,270.8,401.0,287.6,0.1039,0
2823,94.1941,,,,,,
2824,94.2275,129.5,190.7,148.2,226.0,0.1448,0
2825,94.2608,,,,,,
2826,94.2942,128.9,192.3,149.0,225.4,0.1515,0
2827,94.3276,,,,,,
2828,94.3609,,,,,,
2829,94.3943,,,,,,
2830,94.4277,,,,,,
2831,94.461,,,,,,
2832,94.4944,,,,,,
2833,94.5278,,,,,,
2834,94.5611,,,,,,
2835,94.5945,,,,,,
2836,94.6279,,,,,,
2837,94.6612,,,,,,
2838,94.6946,,,,,,
2839,94.728,,,,,,
2840,94.7613,,,,,,
2841,94.7947,,,,,,
2842,94.8281,,,,,,
2843,94.8614,,,,,,
2844,94.8948,,,,,,
2845,94.9282,,,,,,
2846,94.9615,,,,,,
2847,94.9949,,,,,,
2848,95.0283,,,,,,
2849,95.0616,,,,,,
2850,95.095,,,,,,
2851,95.1284,,,,,,
2852,95.1617,,,,,,
2853,95.1951,,,,,,
2854,95.2285,,,,,,
2855,95.2618,,,,,,
2856,95.2952,,,,,,
2857,95.3286,,,,,,
2858,95.3619,,,,,,
2859,95.3953,,,,,,
2860,95.4287,,,,,,
2861,95.462,,,,,,
2862,95.4954,,,,,,
2863,95.5288,,,,,,
2864,95.5621,,,,,,
2865,95.5955,,,,,,
2866,95.6289,,,,,,
2867,95.6622,,,,,,
2868,95.6956,,,,,,
2869,95.729,,,,,,
2870,95.7623,,,,,,
2871,95.7957,,,,,,
2872,95.8291,,,,,,
2873,95.8624,,,,,,
2874,95.8958,,,,,,
2875,95.9292,,,,,,
2876,95.9625,391.3,270.1,410.2,284.8,0.2155,0
2877,95.9959,,,,,,
2878,96.0293,,,,,,
2879,96.0626,,,,,,
2880,96.096,142.1,345.0,174.5,352.0,0.1513,0
2881,96.1294,162.4,333.6,194.8,351.8,0.6321,0
2881,96.1294,427.3,311.6,454.0,328.8,0.5821,0
2881,96.1294,427.4,311.8,454.0,328.8,0.4314,0
2881,96.1294,120.9,334.2,196.5,351.9,0.1073,0
2882,96.1627,185.7,320.8,219.6,346.6,0.5564,0
2882,96.1627,181.5,320.4,220.6,351.0,0.2369,0
2883,96.1961,210.9,312.2,246.2,330.0,0.5687,0
2884,96.2295,238.0,312.6,268.3,327.7,0.5519,0
2884,96.2295,34.5,0.3,640.0,108.8,0.262,1
2884,96.2295,0.0,0.2,561.7,87.6,0.1058,1
2885,96.2628,,,,,,
2886,96.2962,373.6,0.1,640.0,120.0,0.259,1
2887,96.3296,401.0,0.2,639.8,126.4,0.1206,1
2888,96.3629,414.3,0.4,639.3,120.6,0.4678,1
2888,96.3629,0.8,0.5,229.5,93.5,0.1899,1
2889,96.3963,,,,,,
2890,96.4297,,,,,,
2891,96.463,371.7,164.3,386.1,177.8,0.1633,0
2891,96.463,335.6,330.9,383.5,351.8,0.1013,0
2892,96.4964,345.1,329.3,363.9,351.0,0.1001,0
2893,96.5298,353.5,327.4,371.1,350.4,0.1907,0
2894,96.5631,359.5,321.4,378.8,348.2,0.2358,0
2895,96.5965,369.3,314.8,387.7,345.5,0.1602,0
2896,96.6299,372.8,310.4,393.5,342.1,0.2526,0
2897,96.6632,372.8,314.2,393.4,350.5,0.1756,0
2898,96.6966,,,,,,
2899,96.73,378.1,322.3,398.4,351.8,0.2167,0
2900,96.7633,382.3,326.9,400.9,350.8,0.2432,0
2901,96.7967,383.0,328.3,403.1,351.7,0.3606,0
2901,96.7967,380.2,329.3,425.8,351.9,0.1214,0
2902,96.8301,382.7,330.4,403.6,351.9,0.2666,0
2902,96.8301,380.8,330.7,432.3,351.9,0.106,0
2903,96.8634,381.4,327.9,404.0,351.8,0.4847,0
2903,96.8634,379.5,328.6,427.4,351.9,0.1286,0
2904,96.8968,381.9,328.1,403.8,351.7,0.2822,0
2904,96.8968,379.3,329.1,427.8,351.9,0.1033,0
2905,96.9302,376.0,329.3,401.5,352.0,0.1394,0
2906,96.9635,,,,,,
2907,96.9969,,,,,,
2908,97.0303,,,,,,
2909,97.0636,,,,,,
2910,97.097,,,,,,
2911,97.1304,,,,,,
2912,97.1637,,,,,,
2913,97.1971,,,,,,
2914,97.2305,,,,,,
2915,97.2638,360.0,341.1,387.0,351.8,0.2149,0
2915,97.2638,356.8,338.4,407.6,352.0,0.1342,0
2916,97.2972,357.8,340.0,383.9,351.8,0.4187,0
2916,97.2972,353.8,338.5,410.3,352.0,0.1304,0
2917,97.3306,355.2,338.2,383.4,351.8,0.436,0
2918,97.3639,354.2,337.4,383.3,351.8,0.2783,0
2918,97.3639,353.4,338.7,382.7,351.9,0.2576,0
2919,97.3973,351.8,339.2,380.3,351.9,0.5025,0
2919,97.3973,344.5,337.2,413.5,352.0,0.1141,0
2920,97.4307,351.8,339.1,378.0,351.9,0.5215,0
2920,97.4307,340.0,338.4,381.6,352.0,0.1054,0
2920,97.4307,347.5,337.9,389.1,352.0,0.1025,0
2921,97.464,350.0,338.8,375.4,352.0,0.5285,0
2921,97.464,346.2,337.9,390.2,352.0,0.1379,0
2922,97.4974,347.6,339.3,377.4,351.9,0.4773,0
2922,97.4974,344.5,338.7,390.5,352.0,0.1578,0
2923,97.5308,345.9,339.4,379.0,352.0,0.3147,0
2923,97.5308,342.2,339.0,391.7,352.0,0.163,0
2924,97.5641,,,,,,
2925,97.5975,,,,,,
2926,97.6309,,,,,,
2927,97.6642,,,,,,
2928,97.6976,,,,,,
2929,97.731,,,,,,
2930,97.7643,,,,,,
2931,97.7977,,,,,,
2932,97.8311,,,,,,
2933,97.8644,339.0,337.9,369.6,351.9,0.2012,0
2934,97.8978,338.1,340.3,366.3,351.8,0.1437,0
2934,97.8978,321.9,338.7,369.6,352.0,0.1173,0
2934,97.8978,332.5,337.9,408.3,351.9,0.1012,0
2935,97.9312,336.8,340.7,360.8,351.9,0.1705,0
2935,97.9312,323.0,338.1,364.5,352.0,0.109,0
2936,97.9645,337.4,338.5,360.8,351.8,0.3398,0
2936,97.9645,610.3,325.6,624.3,335.8,0.2405,0
2936,97.9645,337.6,334.2,361.0,352.0,0.1195,0
2936,97.9645,326.0,337.0,363.6,352.0,0.1032,0
2937,97.9979,336.4,339.8,358.5,351.9,0.4596,0
2937,97.9979,332.2,339.1,374.7,351.9,0.1044,0
2938,98.0313,335.2,341.1,357.7,351.9,0.3425,0
2938,98.0313,329.5,339.2,375.6,352.0,0.1249,0
2939,98.0646,328.3,340.1,358.1,352.0,0.3867,0
2939,98.0646,327.6,338.3,375.3,352.0,0.161,0
2939,98.0646,604.8,327.1,617.6,336.3,0.1278,0
2940,98.098,326.2,339.5,353.0,351.9,0.5185,0
2940,98.098,323.1,338.0,377.5,352.0,0.1486,0
2940,98.098,599.6,328.5,612.1,338.0,0.1466,0
2940,98.098,305.4,338.6,356.1,352.0,0.1358,0
2941,98.1314,321.9,340.3,353.1,352.0,0.1735,0
2941,98.1314,319.4,341.2,351.6,352.0,0.1478,0
2941,98.1314,595.0,331.4,609.7,342.5,0.1254,0
2941,98.1314,317.1,338.2,380.6,352.0,0.1137,0
2942,98.1647,321.6,340.5,353.7,352.0,0.1901,0
2942,98.1647,317.0,338.1,380.0,352.0,0.1034,0
2943,98.1981,,,,,,
2944,98.2315,,,,,,
2945,98.2648,,,,,,
2946,98.2982,,,,,,
2947,98.3316,,,,,,
2948,98.3649,,,,,,
2949,98.3983,,,,,,
2950,98.4317,,,,,,
2951,98.465,,,,,,
2952,98.4984,545.1,338.3,556.3,348.1,0.121,0
2953,98.5318,541.3,339.9,554.0,350.9,0.1517,0
2954,98.5651,,,,,,
2955,98.5985,541.4,338.7,554.4,348.4,0.1656,0
2956,98.6319,539.8,338.5,554.5,348.3,0.2633,0
2957,98.6652,542.9,339.2,554.4,347.7,0.1094,0
2958,98.6986,,,,,,
2959,98.732,308.4,170.9,332.3,207.8,0.2689,0
2959,98.732,542.9,338.9,554.3,347.8,0.1092,0
2960,98.7653,310.1,170.5,333.6,207.0,0.3167,0
2960,98.7653,543.7,337.6,555.6,346.8,0.1815,0
2961,98.7987,,,,,,
2962,98.8321,,,,,,
2963,98.8654,,,,,,
2964,98.8988,,,,,,
2965,98.9322,,,,,,
2966,98.9655,,,,,,
2967,98.9989,,,,,,
2968,99.0323,,,,,,
2969,99.0656,,,,,,
2970,99.099,94.2,0.0,640.0,219.6,0.2354,1
2970,99.099,0.0,0.0,470.1,148.4,0.121,1
2971,99.1324,,,,,,
2972,99.1657,,,,,,
2973,99.1991,,,,,,
2974,99.2325,,,,,,
2975,99.2658,,,,,,
2976,99.2992,,,,,,
2977,99.3326,,,,,,
2978,99.3659,,,,,,
2979,99.3993,,,,,,
2980,99.4327,467.1,272.3,487.4,289.7,0.6905,0
2981,99.466,465.3,273.0,485.1,289.2,0.6195,0
2982,99.4994,,,,,,
2983,99.5328,458.7,266.6,480.2,287.2,0.1965,0
2984,99.5661,,,,,,
2985,99.5995,447.2,257.9,477.8,283.9,0.1307,0
2986,99.6329,448.2,263.3,476.8,283.5,0.1558,0
2987,99.6662,446.7,263.0,474.4,284.9,0.2007,0
2988,99.6996,444.6,263.8,474.4,285.9,0.3203,0
2989,99.733,,,,,,
2990,99.7663,,,,,,
2991,99.7997,,,,,,
2992,99.8331,253.5,0.3,639.8,208.6,0.2554,1
2992,99.8331,447.7,261.5,474.9,285.2,0.1186,0
2993,99.8664,258.8,0.2,638.4,208.5,0.23,1
2994,99.8998,267.0,0.1,638.3,199.9,0.3799,1
2995,99.9332,262.4,0.1,638.5,201.6,0.2053,1
2996,99.9665,445.7,259.2,469.0,283.6,0.3662,0
2996,99.9665,446.6,261.0,468.3,283.2,0.2069,0
2996,99.9665,258.2,0.3,637.4,202.7,0.1548,1
2997,99.9999,446.5,260.3,468.8,283.3,0.2697,0
2997,99.9999,446.0,259.3,469.7,283.7,0.1493,0
2997,99.9999,261.9,0.1,637.9,200.9,0.1448,1
2998,100.0333,275.2,0.1,638.0,196.1,0.5654,1
2998,100.0333,444.2,258.9,468.0,283.8,0.1067,0
2999,100.0666,445.1,262.8,466.7,285.1,0.3398,0
2999,100.0666,267.7,0.1,636.1,204.0,0.1422,1
3000,100.1,281.9,0.0,636.6,196.2,0.6153,1
3000,100.1,443.3,261.8,468.2,286.3,0.2763,0
3001,100.1334,444.2,270.0,472.4,287.0,0.2169,0
3002,100.1667,444.9,269.6,473.4,287.4,0.177,0
3002,100.1667,445.3,269.3,472.5,287.0,0.1218,0
3003,100.2001,443.8,271.8,473.2,288.6,0.537,0
3004,100.2335,446.1,272.8,476.0,289.6,0.2241,0
3005,100.2668,444.9,274.0,475.5,290.0,0.484,0
3006,100.3002,445.4,271.8,473.5,291.4,0.3355,0
3007,100.3336,443.6,271.8,472.7,291.6,0.3209,0
3008,100.3669,444.4,272.5,473.8,292.3,0.7341,0
3009,100.4003,446.9,271.1,474.2,291.3,0.3402,0
3010,100.4337,443.0,269.7,468.1,289.6,0.3157,0
3010,100.4337,251.0,0.2,637.2,213.9,0.1384,1
3010,100.4337,444.2,269.7,469.0,289.5,0.1003,0
3011,100.467,444.0,269.9,467.4,289.5,0.6355,0
3011,100.467,279.0,0.1,637.1,207.8,0.1899,1
3012,100.5004,444.4,270.7,467.5,289.5,0.5304,0
3012,100.5004,276.0,0.1,636.0,204.8,0.1446,1
3013,100.5338,449.0,272.5,469.3,288.5,0.2218,0
3014,100.5671,450.6,272.2,469.8,288.4,0.1949,0
3015,100.6005,449.5,271.7,471.4,289.1,0.2325,0
3016,100.6339,452.8,274.4,476.9,290.2,0.5301,0
3016,100.6339,451.4,274.4,475.4,290.1,0.1167,0
3017,100.6672,456.5,275.2,475.3,289.8,0.1104,0
3018,100.7006,199.9,221.4,212.4,233.6,0.109,0
3019,100.734,,,,,,
3020,100.7673,450.3,271.3,480.1,290.9,0.1425,0
3020,100.7673,447.4,270.9,478.5,291.0,0.1137,0
3021,100.8007,,,,,,
3022,100.8341,,,,,,
3023,100.8674,,,,,,
3024,100.9008,,,,,,
3025,100.9342,446.2,271.4,479.0,293.4,0.2011,0
3026,100.9675,455.0,271.5,479.7,291.2,0.1048,0
3027,101.0009,,,,,,
3028,101.0343,,,,,,
3029,101.0676,,,,,,
3030,101.101,,,,,,
3031,101.1344,466.6,272.9,481.8,289.3,0.2745,0
3031,101.1344,456.2,272.7,481.4,291.0,0.2161,0
3032,101.1677,468.4,275.1,485.1,291.1,0.3196,0
3033,101.2011,,,,,,
3034,101.2345,,,,,,
3035,101.2678,497.3,343.5,529.0,352.0,0.2883,0
3036,101.3012,518.0,335.4,543.7,349.8,0.3493,0
3037,101.3346,,,,,,
3038,101.3679,,,,,,
3039,101.4013,154.6,0.0,640.0,135.6,0.7079,1
3039,101.4013,0.0,0.1,537.9,105.2,0.1971,1
3040,101.4347,406.4,0.2,639.1,132.3,0.2543,1
3040,101.4347,2.9,0.3,241.3,118.8,0.1276,1
3041,101.468,,,,,,
3042,101.5014,,,,,,
3043,101.5348,,,,,,
3044,101.5681,,,,,,
3045,101.6015,,,,,,
3046,101.6349,,,,,,
3047,101.6682,,,,,,
3048,101.7016,192.9,322.1,224.8,345.1,0.1264,0
3049,101.735,193.1,323.6,223.9,346.5,0.4941,0
3049,101.735,499.7,293.8,518.2,326.2,0.1245,0
3050,101.7683,498.3,296.3,517.0,330.1,0.1635,0
3050,101.7683,189.7,325.9,219.7,348.9,0.1082,0
3051,101.8017,493.8,303.4,512.9,330.8,0.1781,0
3052,101.8351,276.1,85.1,307.2,107.8,0.1227,0
3053,101.8684,475.3,318.8,495.1,344.0,0.281,0
3054,101.9018,,,,,,
3055,101.9352,466.4,314.9,487.7,334.0,0.5988,0
3056,101.9685,457.5,316.2,478.6,337.0,0.3981,0
3057,102.0019,,,,,,
3058,102.0353,272.6,101.8,280.2,112.4,0.2096,0
3059,102.0686,,,,,,
3060,102.102,,,,,,
3061,102.1354,,,,,,
3062,102.1687,,,,,,
3063,102.2021,,,,,,
3064,102.2355,,,,,,
3065,102.2688,,,,,,
3066,102.3022,,,,,,
3067,102.3356,,,,,,
3068,102.3689,,,,,,
3069,102.4023,439.3,339.8,461.8,351.8,0.1174,0
3070,102.4357,435.1,334.1,456.7,351.7,0.163,0
3071,102.469,430.2,333.0,453.0,351.7,0.3688,0
3071,102.469,428.1,333.7,476.5,351.8,0.1132,0
3072,102.5024,424.7,333.1,447.3,351.9,0.221,0
3072,102.5024,422.7,333.6,481.8,351.9,0.1286,0
3073,102.5358,420.8,338.8,447.9,351.9,0.466,0
3073,102.5358,417.4,338.0,474.5,351.9,0.1364,0
3074,102.5691,419.0,333.8,446.2,352.0,0.2025,0
3074,102.5691,418.6,337.1,446.7,351.8,0.1621,0
3074,102.5691,413.9,335.4,493.6,351.9,0.1081,0
3075,102.6025,418.3,332.9,438.7,351.5,0.1796,0
3076,102.6359,413.6,328.8,432.9,350.6,0.1321,0
3077,102.6692,,,,,,
3078,102.7026,,,,,,
3079,102.736,,,,,,
3080,102.7693,,,,,,
3081,102.8027,,,,,,
3082,102.8361,,,,,,
3083,102.8694,,,,,,
3084,102.9028,,,,,,
3085,102.9362,,,,,,
3086,102.9695,,,,,,
3087,103.0029,372.9,340.8,397.7,352.0,0.3313,0
3088,103.0363,369.2,338.6,398.6,352.0,0.3466,0
3088,103.0363,367.1,336.6,435.7,351.9,0.1141,0
3089,103.0696,368.8,339.7,395.9,351.9,0.5035,0
3090,103.103,368.7,338.6,392.8,351.9,0.3689,0
3090,103.103,368.8,334.1,393.2,352.0,0.1433,0
3091,103.1364,367.8,338.5,391.6,351.8,0.4133,0
3091,103.1364,362.8,337.2,406.2,352.0,0.1124,0
3092,103.1697,358.5,338.3,390.4,352.0,0.3672,0
3092,103.1697,357.9,336.7,407.9,352.0,0.1433,0
3093,103.2031,357.7,335.4,409.1,351.9,0.1475,0
3093,103.2031,359.8,333.6,389.2,352.0,0.1413,0
3093,103.2031,359.0,338.5,389.0,351.9,0.1376,0
3093,103.2031,335.7,336.2,390.9,352.0,0.1056,0
3094,103.2365,361.5,331.4,382.7,351.6,0.2649,0
3094,103.2365,359.4,331.5,417.5,351.9,0.1174,0
3095,103.2698,,,,,,
3096,103.3032,,,,,,
3097,103.3366,,,,,,
3098,103.3699,331.0,326.8,390.8,352.0,0.1238,0
3099,103.4033,320.5,328.1,345.2,351.8,0.1672,0
3100,103.4367,,,,,,
3101,103.47,,,,,,
3102,103.5034,,,,,,
3103,103.5368,,,,,,
3104,103.5701,95.1,0.0,640.0,127.0,0.2751,1
3104,103.5701,0.0,0.0,608.8,86.5,0.1089,1
3105,103.6035,,,,,,
3106,103.6369,268.9,322.7,287.9,351.3,0.228,0
3106,103.6369,268.7,326.0,287.4,351.2,0.1775,0
3107,103.6702,267.2,325.2,287.9,351.3,0.3696,0
3107,103.6702,266.9,325.5,317.7,351.8,0.1211,0
3108,103.7036,265.0,328.3,286.9,351.9,0.1959,0
3108,103.7036,263.0,329.1,326.1,351.8,0.1204,0
3109,103.737,261.4,332.9,286.5,352.0,0.2653,0
3109,103.737,259.0,334.2,324.0,351.8,0.1083,0
3110,103.7703,261.2,341.9,285.7,352.0,0.3867,0
3110,103.7703,533.4,333.6,541.1,341.6,0.1125,0
3111,103.8037,,,,,,
3112,103.8371,,,,,,
3113,103.8704,519.1,344.4,539.6,351.8,0.1278,0
3114,103.9038,,,,,,
3115,103.9372,,,,,,
3116,103.9705,140.9,1.9,640.0,182.8,0.1927,1
3117,104.0039,133.0,2.1,640.0,179.4,0.1934,1
3118,104.0373,,,,,,
3119,104.0706,,,,,,
3120,104.104,,,,,,
3121,104.1374,,,,,,
3122,104.1707,,,,,,
3123,104.2041,,,,,,
3124,104.2375,,,,,,
3125,104.2708,,,,,,
3126,104.3042,,,,,,
3127,104.3376,,,,,,
3128,104.3709,,,,,,
3129,104.4043,,,,,,
3130,104.4377,0.0,1.4,565.5,205.0,0.237,1
3130,104.4377,184.4,1.5,640.0,184.2,0.1212,1
3131,104.471,227.0,1.1,639.1,179.8,0.2642,1
3132,104.5044,217.8,0.9,639.3,181.5,0.1403,1
3133,104.5378,196.8,1.3,640.0,183.8,0.3151,1
3133,104.5378,449.8,255.0,493.1,287.3,0.1095,0
3134,104.5711,206.3,1.5,640.0,183.6,0.1559,1
3135,104.6045,,,,,,
3136,104.6379,469.1,265.8,491.9,283.8,0.2906,0
3137,104.6712,464.2,262.8,489.8,283.0,0.1063,0
3138,104.7046,465.5,262.1,490.1,281.8,0.3011,0
3139,104.738,463.9,259.0,490.0,281.3,0.1734,0
3140,104.7713,,,,,,
3141,104.8047,,,,,,
3142,104.8381,,,,,,
3143,104.8714,,,,,,
3144,104.9048,,,,,,
3145,104.9382,,,,,,
3146,104.9715,,,,,,
3147,105.0049,447.6,342.8,458.4,351.2,0.1237,0
3148,105.0383,446.8,342.8,457.8,351.3,0.136,0
3149,105.0716,446.8,342.6,458.2,351.3,0.1418,0
3150,105.105,446.6,342.7,458.4,351.3,0.1701,0
3151,105.1384,445.6,343.8,458.3,351.4,0.1284,0
3152,105.1717,442.9,344.6,458.5,351.5,0.1301,0
3153,105.2051,,,,,,
3154,105.2385,,,,,,
3155,105.2718,,,,,,
3156,105.3052,,,,,,
3157,105.3386,,,,,,
3158,105.3719,,,,,,
3159,105.4053,,,,,,
3160,105.4387,,,,,,
3161,105.472,,,,,,
3162,105.5054,,,,,,
3163,105.5388,,,,,,
3164,105.5721,,,,,,
3165,105.6055,,,,,,
3166,105.6389,,,,,,
3167,105.6722,,,,,,
3168,105.7056,,,,,,
3169,105.739,,,,,,
3170,105.7723,,,,,,
3171,105.8057,,,,,,
3172,105.8391,,,,,,
3173,105.8724,,,,,,
3174,105.9058,443.1,271.2,463.8,287.8,0.1101,0
3175,105.9392,,,,,,
3176,105.9725,,,,,,
3177,106.0059,,,,,,
3178,106.0393,,,,,,
3179,106.0726,445.3,272.5,466.0,289.3,0.1333,0
3180,106.106,,,,,,
3181,106.1394,,,,,,
3182,106.1727,,,,,,
3183,106.2061,,,,,,
3184,106.2395,,,,,,
3185,106.2728,,,,,,
3186,106.3062,,,,,,
3187,106.3396,,,,,,
3188,106.3729,,,,,,
3189,106.4063,,,,,,
3190,106.4397,,,,,,
3191,106.473,,,,,,
3192,106.5064,,,,,,
3193,106.5398,,,,,,
3194,106.5731,,,,,,
3195,106.6065,,,,,,
3196,106.6399,,,,,,
3197,106.6732,,,,,,
3198,106.7066,,,,,,
3199,106.74,,,,,,
3200,106.7733,,,,,,
3201,106.8067,222.9,0.7,640.0,212.0,0.2533,1
3202,106.8401,239.9,0.7,637.4,214.4,0.1628,1
3203,106.8734,266.5,0.6,637.0,220.1,0.2007,1
3203,106.8734,243.6,0.7,638.6,214.3,0.1527,1
3204,106.9068,258.8,0.3,638.6,212.6,0.5845,1
3205,106.9402,443.0,261.4,464.9,281.3,0.3842,0
3205,106.9402,274.5,0.5,634.9,218.9,0.2439,1
3206,106.9735,446.4,260.6,464.2,280.9,0.1367,0
3206,106.9735,239.3,0.7,637.5,211.8,0.1313,1
3207,107.0069,446.5,260.3,465.1,281.0,0.1541,0
3207,107.0069,273.9,0.4,631.1,221.3,0.1094,1
3208,107.0403,445.8,259.7,464.6,281.3,0.1868,0
3208,107.0403,252.0,0.4,637.1,209.2,0.1293,1
3209,107.0736,,,,,,
3210,107.107,,,,,,
3211,107.1404,273.8,0.5,632.8,220.5,0.115,1
3212,107.1737,,,,,,
3213,107.2071,,,,,,
3214,107.2405,,,,,,
3215,107.2738,450.1,261.2,470.8,280.9,0.2022,0
3215,107.2738,449.5,260.2,470.5,280.4,0.1266,0
3216,107.3072,451.0,258.7,471.4,279.2,0.3309,0
3217,107.3406,,,,,,
3218,107.3739,450.7,258.2,466.3,275.3,0.3958,0
3219,107.4073,450.8,258.8,466.6,276.2,0.1596,0
3220,107.4407,450.0,257.5,469.2,277.2,0.2828,0
3221,107.474,,,,,,
3222,107.5074,,,,,,
3223,107.5408,,,,,,
3224,107.5741,,,,,,
3225,107.6075,,,,,,
3226,107.6409,,,,,,
3227,107.6742,428.5,343.0,443.9,351.5,0.1182,0
3228,107.7076,,,,,,
3229,107.741,,,,,,
3230,107.7743,269.6,0.3,636.5,200.5,0.1196,1
3231,107.8077,,,,,,
3232,107.8411,,,,,,
3233,107.8744,,,,,,
3234,107.9078,256.0,0.4,638.0,199.8,0.206,1
3235,107.9412,,,,,,
3236,107.9745,,,,,,
3237,108.0079,,,,,,
3238,108.0413,251.6,0.5,635.4,195.7,0.2534,1
3239,108.0746,251.2,0.5,636.5,199.4,0.1064,1
3240,108.108,430.9,336.2,441.9,344.9,0.2584,0
3241,108.1414,431.3,335.6,447.7,344.5,0.6102,0
3242,108.1747,432.3,335.6,444.9,344.1,0.5865,0
3243,108.2081,432.4,335.7,443.8,344.1,0.513,0
3244,108.2415,432.5,335.7,443.6,344.2,0.5578,0
3245,108.2748,432.7,335.4,444.9,344.3,0.5642,0
3246,108.3082,433.0,335.5,444.5,344.1,0.496,0
3247,108.3416,433.1,335.4,444.6,344.0,0.4692,0
3248,108.3749,433.5,335.0,443.4,343.5,0.2041,0
3249,108.4083,,,,,,
3250,108.4417,,,,,,
3251,108.475,,,,,,
3252,108.5084,,,,,,
3253,108.5418,,,,,,
3254,108.5751,,,,,,
3255,108.6085,,,,,,
3256,108.6419,,,,,,
3257,108.6752,,,,,,
3258,108.7086,,,,,,
3259,108.742,,,,,,
3260,108.7753,,,,,,
3261,108.8087,,,,,,
3262,108.8421,426.3,341.4,450.5,351.6,0.1318,0
3263,108.8754,424.8,341.9,449.8,351.8,0.1907,0
3264,108.9088,424.0,343.1,447.7,351.8,0.1671,0
3265,108.9422,423.3,342.7,449.7,351.8,0.3998,0
3266,108.9755,424.1,343.2,450.1,351.8,0.4393,0
3267,109.0089,424.0,343.6,451.0,351.8,0.3856,0
3268,109.0423,421.9,342.9,452.6,351.8,0.1331,0
3269,109.0756,422.6,341.8,452.0,351.8,0.1564,0
3270,109.109,,,,,,
3271,109.1424,448.8,256.0,469.4,273.0,0.1953,0
3272,109.1757,,,,,,
3273,109.2091,,,,,,
3274,109.2425,,,,,,
3275,109.2758,,,,,,
3276,109.3092,,,,,,
3277,109.3426,445.1,257.8,463.2,276.2,0.1388,0
3278,109.3759,443.4,257.3,462.9,274.8,0.1027,0
3279,109.4093,412.5,344.1,432.1,351.6,0.1988,0
3280,109.4427,413.8,342.3,426.6,351.4,0.1686,0
3281,109.476,,,,,,
3282,109.5094,406.7,335.7,418.3,345.4,0.2262,0
3283,109.5428,,,,,,
3284,109.5761,,,,,,
3285,109.6095,,,,,,
3286,109.6429,,,,,,
3287,109.6762,598.0,161.7,640.0,247.1,0.1888,1
3288,109.7096,,,,,,
3289,109.743,,,,,,
3290,109.7763,,,,,,
3291,109.8097,,,,,,
3292,109.8431,,,,,,
3293,109.8764,,,,,,
3294,109.9098,,,,,,
3295,109.9432,,,,,,
3296,109.9765,,,,,,
3297,110.0099,,,,,,
3298,110.0433,401.1,335.3,411.3,344.1,0.1534,0
3299,110.0766,,,,,,
3300,110.11,,,,,,
3301,110.1434,399.9,335.7,410.0,344.2,0.6078,0
3302,110.1767,399.1,337.5,409.7,346.1,0.4046,0
3303,110.2101,396.5,338.5,408.6,347.4,0.1985,0
3304,110.2435,396.8,337.7,406.8,346.9,0.1449,0
3305,110.2768,394.2,336.4,407.8,346.0,0.3135,0
3305,110.2768,394.3,336.2,406.3,345.9,0.1193,0
3306,110.3102,393.9,335.7,404.3,344.7,0.3393,0
3307,110.3436,,,,,,
3308,110.3769,,,,,,
3309,110.4103,,,,,,
3310,110.4437,,,,,,
3311,110.477,401.4,252.9,425.2,270.2,0.2068,0
3312,110.5104,,,,,,
3313,110.5438,,,,,,
3314,110.5771,,,,,,
3315,110.6105,,,,,,
3316,110.6439,,,,,,
3317,110.6772,,,,,,
3318,110.7106,,,,,,
3319,110.744,,,,,,
3320,110.7773,,,,,,
3321,110.8107,,,,,,
3322,110.8441,,,,,,
3323,110.8774,,,,,,
3324,110.9108,296.9,321.1,310.5,331.5,0.2851,0
3325,110.9442,295.0,321.0,305.7,330.7,0.1522,0
3326,110.9775,,,,,,
3327,111.0109,,,,,,
3328,111.0443,,,,,,
3329,111.0776,,,,,,
3330,111.111,,,,,,
3331,111.1444,,,,,,
3332,111.1777,,,,,,
3333,111.2111,,,,,,
3334,111.2445,,,,,,
3335,111.2778,249.3,255.3,272.1,272.4,0.2192,0
3336,111.3112,,,,,,
3337,111.3446,226.3,337.5,240.0,345.9,0.3232,0
3338,111.3779,220.2,337.2,236.0,346.3,0.4954,0
3339,111.4113,211.6,338.3,230.6,348.9,0.2007,0
3340,111.4447,201.6,341.2,219.9,351.1,0.406,0
3341,111.478,188.8,343.6,211.5,351.7,0.443,0
3342,111.5114,,,,,,
3343,111.5448,,,,,,
3344,111.5781,,,,,,
3345,111.6115,,,,,,
3346,111.6449,,,,,,
3347,111.6782,,,,,,
3348,111.7116,,,,,,
3349,111.745,,,,,,
3350,111.7783,,,,,,
3351,111.8117,,,,,,
3352,111.8451,,,,,,
3353,111.8784,,,,,,
3354,111.9118,,,,,,
3355,111.9452,24.6,0.0,487.1,171.8,0.1063,1
3356,111.9785,30.0,0.0,498.8,170.6,0.1292,1
3357,112.0119,,,,,,
3358,112.0453,191.0,343.3,210.5,351.9,0.3936,0
3359,112.0786,195.7,341.5,213.6,351.5,0.2952,0
3360,112.112,204.3,337.8,222.7,349.5,0.305,0
3360,112.112,204.0,338.4,222.6,351.2,0.3028,0
3360,112.112,202.1,335.2,252.3,351.7,0.1043,0
3361,112.1454,214.2,334.2,229.4,344.5,0.6718,0
3362,112.1787,224.4,325.7,238.9,336.9,0.1104,0
3363,112.2121,,,,,,
3364,112.2455,,,,,,
3365,112.2788,,,,,,
3366,112.3122,,,,,,
3367,112.3456,,,,,,
3368,112.3789,,,,,,
3369,112.4123,,,,,,
3370,112.4457,,,,,,
3371,112.479,,,,,,
3372,112.5124,,,,,,
3373,112.5458,368.8,213.9,421.2,249.4,0.1885,0
3374,112.5791,358.2,202.4,408.7,233.9,0.1349,0
3375,112.6125,,,,,,
3376,112.6459,253.8,0.0,339.1,32.7,0.1321,1
3377,112.6792,245.5,0.0,333.3,33.2,0.1149,1
3377,112.6792,243.0,0.0,329.2,32.5,0.1037,1
3378,112.7126,,,,,,
3379,112.746,250.1,0.0,328.4,22.5,0.3365,1
3379,112.746,251.4,0.0,335.4,23.1,0.1182,1
3380,112.7793,,,,,,
3381,112.8127,257.7,0.0,341.2,23.5,0.1621,1
3382,112.8461,,,,,,
3383,112.8794,,,,,,
3384,112.9128,258.7,0.0,342.8,21.2,0.2202,1
3385,112.9462,250.9,0.0,341.3,29.0,0.1564,1
3385,112.9462,203.1,301.7,313.9,351.6,0.1337,0
3386,112.9795,249.6,0.0,341.7,32.7,0.1584,1
3387,113.0129,,,,,,
3388,113.0463,,,,,,
3389,113.0796,,,,,,
3390,113.113,240.8,0.0,331.2,28.6,0.1992,1
3391,113.1464,240.8,0.0,324.8,17.9,0.1286,1
3392,113.1797,,,,,,
3393,113.2131,242.1,0.0,323.3,21.6,0.1493,1
3394,113.2465,442.2,192.8,452.1,200.5,0.1679,0
3394,113.2465,239.9,0.0,325.5,23.0,0.1652,1
3395,113.2798,242.6,0.0,324.6,22.0,0.2246,1
3396,113.3132,246.7,0.0,327.4,22.1,0.3178,1
3397,113.3466,371.4,167.7,384.7,185.5,0.708,0
3397,113.3466,254.7,0.0,337.0,20.7,0.2427,1
3398,113.3799,379.1,157.1,391.5,171.7,0.5832,0
3399,113.4133,291.3,264.9,307.5,280.3,0.1426,0
3400,113.4467,,,,,,
3401,113.48,345.4,154.3,380.7,171.2,0.1763,0
3402,113.5134,,,,,,
3403,113.5468,,,,,,
3404,113.5801,,,,,,
3405,113.6135,,,,,,
3406,113.6469,,,,,,
3407,113.6802,,,,,,
3408,113.7136,,,,,,
3409,113.747,,,,,,
3410,113.7803,,,,,,
3411,113.8137,428.9,176.8,442.4,185.2,0.1457,0
3412,113.8471,,,,,,
3413,113.8804,,,,,,
3414,113.9138,,,,,,
3415,113.9472,356.2,161.7,401.1,181.2,0.2489,0
3416,113.9805,,,,,,
3417,114.0139,,,,,,
3418,114.0473,,,,,,
3419,114.0806,,,,,,
3420,114.114,,,,,,
3421,114.1474,,,,,,
3422,114.1807,536.7,244.4,563.8,260.9,0.358,0
3423,114.2141,548.3,246.0,573.2,265.4,0.1261,0
3424,114.2475,,,,,,
3425,114.2808,,,,,,
3426,114.3142,,,,,,
3427,114.3476,,,,,,
3428,114.3809,,,,,,
3429,114.4143,,,,,,
3430,114.4477,,,,,,
3431,114.481,,,,,,
3432,114.5144,,,,,,
3433,114.5478,,,,,,
3434,114.5811,,,,,,
3435,114.6145,,,,,,
3436,114.6479,105.0,275.7,142.6,296.6,0.6237,0
3437,114.6812,135.1,256.2,177.5,288.4,0.2534,0
3438,114.7146,170.1,234.0,211.0,265.9,0.8483,0
3439,114.748,204.2,217.9,237.8,243.2,0.7749,0
3440,114.7813,,,,,,
3441,114.8147,,,,,,
3442,114.8481,,,,,,
3443,114.8814,,,,,,
3444,114.9148,,,,,,
3445,114.9482,224.0,226.4,242.3,268.0,0.1571,0
3446,114.9815,222.5,230.8,240.3,268.8,0.2552,0
3447,115.0149,218.0,231.1,238.1,269.2,0.254,0
3448,115.0483,,,,,,
3449,115.0816,,,,,,
3450,115.115,,,,,,
3451,115.1484,439.6,251.3,461.2,268.4,0.3403,0
3452,115.1817,,,,,,
3453,115.2151,,,,,,
3454,115.2485,,,,,,
3455,115.2818,108.7,299.2,133.2,318.2,0.6074,0
3455,115.2818,443.5,247.8,634.2,352.0,0.2959,1
3456,115.3152,93.2,300.2,118.1,320.7,0.4093,0
3456,115.3152,431.4,250.6,624.4,352.0,0.3672,1
3456,115.3152,360.3,285.3,382.1,296.1,0.1975,0
3457,115.3486,82.2,303.9,104.7,333.6,0.6407,0
3458,115.3819,,,,,,
3459,115.4153,,,,,,
3460,115.4487,,,,,,
3461,115.482,,,,,,
3462,115.5154,,,,,,
3463,115.5488,,,,,,
3464,115.5821,,,,,,
3465,115.6155,,,,,,
3466,115.6489,365.4,235.7,609.2,351.4,0.1657,1
3467,115.6822,482.8,96.3,502.7,113.3,0.1647,0
3468,115.7156,489.4,99.3,510.3,114.6,0.1414,0
3469,115.749,,,,,,
3470,115.7823,,,,,,
3471,115.8157,,,,,,
3472,115.8491,,,,,,
3473,115.8824,,,,,,
3474,115.9158,336.0,277.6,347.2,286.6,0.1615,0
3475,115.9492,337.1,276.8,347.7,285.2,0.26,0
3476,115.9825,337.5,276.7,348.1,285.0,0.4432,0
3476,115.9825,65.9,285.8,85.9,321.1,0.2835,0
3477,116.0159,66.6,284.5,86.9,318.6,0.4989,0
3477,116.0159,337.8,275.4,349.8,284.6,0.1479,0
3478,116.0493,65.4,282.2,87.3,317.7,0.4144,0
3478,116.0493,336.7,274.2,349.2,283.6,0.2572,0
3479,116.0826,,,,,,
3480,116.116,,,,,,
3481,116.1494,,,,,,
3482,116.1827,,,,,,
3483,116.2161,,,,,,
3484,116.2495,64.0,281.1,85.5,319.2,0.3667,0
3485,116.2828,63.4,280.1,84.0,318.4,0.5458,0
3486,116.3162,62.7,278.9,83.6,318.1,0.277,0
3487,116.3496,62.3,277.0,85.1,317.2,0.1301,0
3488,116.3829,64.6,274.6,85.9,314.4,0.2211,0
3489,116.4163,,,,,,
3490,116.4497,,,,,,
3491,116.483,,,,,,
3492,116.5164,,,,,,
3493,116.5498,,,,,,
3494,116.5831,,,,,,
3495,116.6165,,,,,,
3496,116.6499,,,,,,
3497,116.6832,,,,,,
3498,116.7166,335.3,252.8,347.6,261.8,0.1972,0
3499,116.75,,,,,,
3500,116.7833,,,,,,
3501,116.8167,,,,,,
3502,116.8501,,,,,,
3503,116.8834,,,,,,
3504,116.9168,,,,,,
3505,116.9502,66.7,266.7,89.6,304.2,0.3324,0
3506,116.9835,68.5,269.5,91.0,305.1,0.261,0
3507,117.0169,71.5,269.2,94.0,307.7,0.3257,0
3508,117.0503,73.6,272.1,94.7,309.1,0.1459,0
3509,117.0836,,,,,,
3510,117.117,,,,,,
3511,117.1504,,,,,,
3512,117.1837,78.7,274.8,99.1,311.2,0.6569,0
3513,117.2171,78.7,274.5,100.1,311.3,0.7499,0
3514,117.2505,78.6,275.5,99.6,311.6,0.7519,0
3515,117.2838,79.6,274.1,100.7,311.3,0.5457,0
3516,117.3172,78.6,271.2,100.5,309.8,0.7267,0
3517,117.3506,79.2,272.1,99.3,309.9,0.3833,0
3518,117.3839,79.4,271.0,100.2,310.5,0.3652,0
3519,117.4173,80.0,272.5,100.4,310.8,0.1989,0
3520,117.4507,,,,,,
3521,117.484,80.1,272.7,101.1,311.5,0.4384,0
3522,117.5174,80.7,272.9,102.0,311.1,0.1097,0
3523,117.5508,81.5,272.2,101.1,310.5,0.137,0
3524,117.5841,,,,,,
3525,117.6175,,,,,,
3526,117.6509,,,,,,
3527,117.6842,80.2,273.9,100.5,312.4,0.1299,0
3528,117.7176,,,,,,
3529,117.751,79.8,275.6,98.7,313.3,0.5996,0
3530,117.7843,77.9,282.2,95.9,316.7,0.2202,0
3531,117.8177,,,,,,
3532,117.8511,,,,,,
3533,117.8844,,,,,,
3534,117.9178,,,,,,
3535,117.9512,,,,,,
3536,117.9845,,,,,,
3537,118.0179,,,,,,
3538,118.0513,,,,,,
3539,118.0846,,,,,,
3540,118.118,,,,,,
3541,118.1514,,,,,,
3542,118.1847,,,,,,
3543,118.2181,,,,,,
3544,118.2515,,,,,,
3545,118.2848,,,,,,
3546,118.3182,,,,,,
3547,118.3516,,,,,,
3548,118.3849,,,,,,
3549,118.4183,,,,,,
3550,118.4517,392.2,0.0,458.5,39.8,0.1548,1
3551,118.485,409.1,0.0,473.9,34.4,0.7301,1
3552,118.5184,418.5,0.0,486.5,29.3,0.485,1
3553,118.5518,,,,,,
3554,118.5851,,,,,,
3555,118.6185,,,,,,
3556,118.6519,130.6,0.1,506.4,174.9,0.3482,1
3557,118.6852,103.3,0.5,484.4,175.7,0.1399,1
3558,118.7186,110.4,0.4,509.4,177.3,0.2175,1
3559,118.752,,,,,,
3560,118.7853,86.9,0.1,574.2,175.3,0.5711,1
3561,118.8187,123.2,0.5,564.8,176.9,0.2525,1
3562,118.8521,,,,,,
3563,118.8854,,,,,,
3564,118.9188,,,,,,
3565,118.9522,,,,,,
3566,118.9855,270.5,337.4,286.6,346.6,0.4545,0
3567,119.0189,277.8,334.3,293.2,343.6,0.4043,0
3568,119.0523,,,,,,
3569,119.0856,295.1,325.9,310.8,334.8,0.7383,0
3569,119.0856,29.9,344.0,57.4,351.9,0.156,0
3570,119.119,305.7,322.0,321.2,331.5,0.2851,0
3570,119.119,39.9,337.9,67.3,351.7,0.1866,0
3570,119.119,39.7,335.1,67.4,351.6,0.1748,0
3570,119.119,31.5,336.7,98.4,351.9,0.1373,0
3571,119.1524,315.8,318.7,333.1,327.8,0.5671,0
3571,119.1524,55.1,333.8,78.5,351.1,0.3549,0
3571,119.1524,50.8,334.0,122.4,351.7,0.1128,0
3572,119.1857,325.6,315.6,344.0,325.3,0.6967,0
3572,119.1857,64.9,330.8,90.7,350.2,0.2185,0
3573,119.2191,334.3,312.8,352.2,322.8,0.5527,0
3574,119.2525,344.8,311.5,360.3,320.3,0.3672,0
3574,119.2525,87.8,321.1,109.4,347.9,0.2207,0
3575,119.2858,,,,,,
3576,119.3192,,,,,,
3577,119.3526,,,,,,
3578,119.3859,117.0,317.3,137.1,350.3,0.1246,0
3579,119.4193,121.5,315.8,143.8,348.7,0.396,0
3579,119.4193,121.2,313.8,144.2,347.9,0.1679,0
3580,119.4527,129.7,320.8,149.6,348.4,0.1136,0
3581,119.486,,,,,,
3582,119.5194,142.4,319.3,163.5,349.4,0.115,0
3582,119.5194,141.7,319.3,163.8,349.3,0.106,0
3583,119.5528,149.9,315.0,172.5,349.2,0.4787,0
3584,119.5861,155.0,317.3,179.1,351.4,0.1364,0
3584,119.5861,4.5,117.3,14.7,128.7,0.1076,0
3585,119.6195,160.2,321.2,181.9,351.6,0.3787,0
3586,119.6529,160.5,328.4,180.4,351.2,0.5665,0
3586,119.6529,0.5,124.8,9.9,136.3,0.1628,0
3587,119.6862,152.9,331.6,177.5,351.5,0.703,0
3587,119.6862,396.2,321.0,412.1,331.6,0.5557,0
3587,119.6862,151.0,331.7,202.5,351.8,0.1252,0
3588,119.7196,149.8,332.3,172.5,352.0,0.5634,0
3588,119.7196,392.2,323.5,402.8,332.4,0.1703,0
3588,119.7196,13.3,0.3,608.2,189.2,0.1451,1
3588,119.7196,146.4,332.8,201.9,351.9,0.1368,0
3588,119.7196,133.0,333.8,173.7,352.0,0.1002,0
3589,119.753,153.1,332.6,173.4,351.3,0.599,0
3589,119.753,393.8,322.2,402.6,330.4,0.2505,0
3589,119.753,151.7,332.9,207.9,351.7,0.121,0
3590,119.7863,156.4,325.2,176.8,351.3,0.5672,0
3590,119.7863,395.3,317.1,403.9,326.0,0.1703,0
3590,119.7863,155.8,325.9,202.3,351.8,0.1142,0
3591,119.8197,154.5,324.8,176.2,349.9,0.1283,0
3591,119.8197,154.6,325.5,201.1,351.8,0.1057,0
3592,119.8531,149.8,321.2,172.9,350.5,0.254,0
3592,119.8531,148.9,323.1,172.5,350.5,0.1558,0
3593,119.8864,146.2,320.8,167.1,350.9,0.3901,0
3594,119.9198,144.9,314.6,164.3,347.7,0.1319,0
3595,119.9532,,,,,,
3596,119.9865,148.1,298.0,166.5,333.7,0.1614,0
3597,120.0199,579.8,146.1,593.3,158.3,0.5433,0
3597,120.0199,0.0,0.4,46.2,60.7,0.169,1
3598,120.0533,0.1,0.0,44.2,55.9,0.1414,1
3599,120.0866,0.1,0.0,43.3,48.2,0.4402,1
3600,120.12,,,,,,
3601,120.1534,,,,,,
3602,120.1867,56.2,0.1,606.2,126.8,0.2157,1
3603,120.2201,30.4,0.5,536.7,120.5,0.1914,1
3604,120.2535,,,,,,
3605,120.2868,192.3,275.1,214.1,296.8,0.384,0
3606,120.3202,200.0,273.1,221.2,291.0,0.2457,0
3607,120.3536,206.1,271.7,229.3,290.3,0.5667,0
3608,120.3869,216.1,270.6,239.3,286.2,0.7779,0
3609,120.4203,226.1,269.6,251.2,285.5,0.7932,0
3610,120.4537,239.8,264.1,267.2,281.8,0.6562,0
3611,120.487,255.9,257.4,295.3,278.9,0.7209,0
3611,120.487,516.7,125.1,533.2,135.3,0.1259,0
3612,120.5204,287.7,243.4,334.8,268.0,0.7586,0
3612,120.5204,506.8,14.2,549.8,34.9,0.4438,0
3612,120.5204,506.7,12.5,549.9,35.8,0.1281,0
3613,120.5538,325.3,235.2,367.6,254.8,0.7408,0
3613,120.5538,542.7,3.1,582.8,24.0,0.3832,0
3613,120.5538,543.1,1.4,584.2,22.2,0.1703,0
3614,120.5871,573.8,0.0,613.4,14.3,0.1296,0
3615,120.6205,,,,,,
3616,120.6539,,,,,,
3617,120.6872,,,,,,
3618,120.7206,617.7,103.3,632.9,113.4,0.1735,0
3619,120.754,,,,,,
3620,120.7873,,,,,,
3621,120.8207,,,,,,
3622,120.8541,,,,,,
3623,120.8874,,,,,,
3624,120.9208,30.2,62.3,42.0,72.9,0.149,0
3625,120.9542,,,,,,
3626,120.9875,494.0,230.9,512.6,246.8,0.1978,0
3626,120.9875,618.7,0.1,638.6,15.1,0.1583,0
3627,121.0209,15.1,66.2,39.3,78.3,0.2633,0
3627,121.0209,13.9,64.5,39.9,78.4,0.2568,0
3627,121.0209,267.9,278.6,392.4,351.7,0.1666,1
3627,121.0209,617.8,0.1,638.1,17.9,0.1237,0
3628,121.0543,510.8,228.0,533.3,246.0,0.3889,0
3628,121.0543,618.0,0.3,638.3,16.9,0.1155,0
3629,121.0876,521.3,230.8,541.3,247.6,0.4339,0
3629,121.0876,622.8,3.2,639.1,16.8,0.1059,0
3630,121.121,529.6,233.4,550.9,247.7,0.2146,0
3630,121.121,546.7,112.3,565.3,123.7,0.1518,0
3631,121.1544,539.4,232.6,559.9,247.8,0.1646,0
3631,121.1544,540.0,233.7,559.9,248.2,0.1106,0
3632,121.1877,538.6,114.8,556.8,125.4,0.1253,0
3633,121.2211,531.2,116.5,549.9,127.3,0.2501,0
3634,121.2545,525.2,117.1,543.4,128.3,0.3236,0
3635,121.2878,518.3,117.7,536.0,127.9,0.337,0
3635,121.2878,518.5,117.6,536.4,128.1,0.1348,0
3636,121.3212,510.4,119.4,527.5,129.2,0.2379,0
3637,121.3546,,,,,,
3638,121.3879,490.2,120.2,513.0,133.6,0.3026,0
3638,121.3879,11.6,77.5,34.5,92.4,0.2285,0
3638,121.3879,12.1,77.9,34.2,92.0,0.1869,0
3639,121.4213,479.6,125.1,499.8,137.5,0.3383,0
3639,121.4213,606.1,20.5,623.4,33.5,0.1308,0
3640,121.4547,,,,,,
3641,121.488,468.7,126.2,485.6,135.7,0.2012,0
3642,121.5214,0.0,287.1,13.7,306.0,0.3389,0
3642,121.5214,464.8,126.4,480.8,135.9,0.1971,0
3642,121.5214,0.0,274.8,12.3,306.9,0.1211,0
3643,121.5548,0.0,287.8,24.5,306.8,0.7816,0
3643,121.5548,458.4,125.7,476.5,135.5,0.6374,0
3644,121.5881,8.3,287.4,37.0,305.1,0.79,0
3644,121.5881,452.1,125.3,470.7,135.8,0.6636,0
3645,121.6215,18.8,283.9,45.8,304.1,0.7934,0
3645,121.6215,448.0,123.9,465.1,134.9,0.5624,0
3645,121.6215,544.2,298.0,639.8,352.0,0.1714,1
3645,121.6215,448.0,124.2,465.0,135.0,0.1395,0
3646,121.6549,30.2,286.2,55.4,303.6,0.4078,0
3646,121.6549,537.0,294.5,638.0,352.0,0.2841,1
3646,121.6549,439.1,123.0,457.2,134.1,0.1898,0
3646,121.6549,605.7,21.7,619.8,32.9,0.1009,0
3647,121.6882,37.6,286.4,63.5,303.6,0.8322,0
3647,121.6882,429.9,124.4,449.1,135.6,0.72,0
3647,121.6882,543.7,31.4,640.0,352.0,0.112,1
3648,121.7216,421.7,124.5,441.2,135.5,0.6885,0
3648,121.7216,48.3,285.5,73.0,303.4,0.6077,0
3649,121.755,415.8,123.2,432.7,135.2,0.3731,0
3649,121.755,59.5,284.4,83.1,302.7,0.3642,0
3649,121.755,416.0,123.3,432.6,135.0,0.1071,0
3650,121.7883,,,,,,
3651,121.8217,400.2,122.9,417.7,134.3,0.5949,0
3652,121.8551,393.3,122.6,410.3,134.5,0.2633,0
3653,121.8884,386.5,124.4,403.7,135.2,0.5456,0
3653,121.8884,596.8,21.5,610.8,33.1,0.2525,0
3654,121.9218,379.8,123.4,397.5,135.0,0.3978,0
3655,121.9552,,,,,,
3656,121.9885,372.7,119.6,385.8,132.6,0.2494,0
3656,121.9885,27.1,238.1,146.3,300.0,0.1155,1
3657,122.0219,369.4,117.8,384.5,129.3,0.4675,0
3658,122.0553,366.0,115.7,381.6,127.8,0.6496,0
3659,122.0886,359.1,114.2,378.4,126.5,0.7668,0
3660,122.122,351.2,115.5,371.7,128.6,0.8085,0
3661,122.1554,17.3,82.5,30.3,96.4,0.3204,0
3661,122.1554,337.9,119.1,361.5,134.2,0.111,0
3662,122.1887,,,,,,
3663,122.2221,325.6,123.6,343.6,135.4,0.1075,0
3664,122.2555,235.8,274.3,257.2,291.3,0.547,0
3665,122.2888,248.1,277.9,269.2,291.4,0.6652,0
3666,122.3222,257.9,276.1,277.8,290.5,0.5678,0
3667,122.3556,266.8,276.3,286.4,289.8,0.5067,0
3667,122.3556,287.8,121.1,308.4,134.0,0.1574,0
3668,122.3889,275.4,276.8,295.5,291.5,0.5742,0
3668,122.3889,534.1,269.7,628.1,351.5,0.1532,1
3669,122.4223,282.2,276.7,303.7,292.0,0.5152,0
3669,122.4223,536.1,269.9,620.2,351.3,0.3799,1
3670,122.4557,292.9,276.6,312.6,291.7,0.3558,0
3670,122.4557,534.6,275.6,612.9,351.3,0.1222,1
3671,122.489,299.6,275.1,319.6,290.7,0.7276,0
3672,122.5224,,,,,,
3673,122.5558,,,,,,
3674,122.5891,,,,,,
3675,122.6225,,,,,,
3676,122.6559,,,,,,
3677,122.6892,228.9,276.3,364.5,351.3,0.5576,1
3678,122.7226,225.6,278.7,355.9,351.6,0.3437,1
3679,122.756,229.7,277.2,360.4,351.5,0.4932,1
3680,122.7893,227.8,278.4,364.4,351.3,0.2302,1
3681,122.8227,,,,,,
3682,122.8561,,,,,,
3683,122.8894,,,,,,
3684,122.9228,,,,,,
3685,122.9562,3.4,90.9,15.3,102.5,0.1253,0
3686,122.9895,,,,,,
3687,123.0229,9.1,89.8,23.1,100.3,0.2002,0
3687,123.0229,9.6,90.1,23.0,100.0,0.1402,0
3688,123.0563,,,,,,
3689,123.0896,,,,,,
3690,123.123,207.7,39.5,636.2,352.0,0.1687,1
3691,123.1564,,,,,,
3692,123.1897,52.6,90.8,66.3,102.1,0.1542,0
3693,123.2231,36.1,94.3,73.2,137.9,0.5707,0
3694,123.2565,195.4,0.6,640.0,132.2,0.393,1
3694,123.2565,181.5,58.1,636.7,351.0,0.3013,1
3694,123.2565,214.5,54.1,636.7,351.8,0.2867,1
3695,123.2898,27.1,120.0,48.4,137.2,0.4973,0
3696,123.3232,33.7,111.6,52.8,130.6,0.731,0
3697,123.3566,,,,,,
3698,123.3899,41.4,93.7,60.1,113.1,0.5816,0
3699,123.4233,,,,,,
3700,123.4567,0.1,144.2,29.4,160.5,0.5726,0
3701,123.49,,,,,,
3702,123.5234,,,,,,
3703,123.5568,,,,,,
3704,123.5901,57.9,146.3,77.4,159.6,0.1513,0
3705,123.6235,,,,,,
3706,123.6569,80.4,155.2,99.3,166.8,0.5946,0
3707,123.6902,89.2,158.4,106.6,171.0,0.7228,0
3708,123.7236,96.7,163.1,113.8,175.7,0.7738,0
3708,123.7236,165.2,61.5,177.4,73.8,0.4589,0
3709,123.757,158.3,65.6,172.3,80.6,0.3888,0
3709,123.757,102.0,169.9,117.5,182.8,0.1765,0
3710,123.7903,,,,,,
3711,123.8237,370.2,10.6,621.8,349.1,0.6637,1
3712,123.8571,128.2,174.9,146.7,191.0,0.1631,0
3712,123.8571,128.1,176.4,146.4,190.9,0.1381,0
3713,123.8904,137.6,178.8,156.4,191.0,0.5417,0
3714,123.9238,147.6,180.3,165.1,192.7,0.1254,0
3715,123.9572,156.8,183.5,171.2,196.7,0.1366,0
3716,123.9905,162.4,187.6,180.3,199.4,0.476,0
3717,124.0239,170.7,188.2,191.3,202.6,0.145,0
3718,124.0573,,,,,,
3719,124.0906,,,,,,
3720,124.124,,,,,,
3721,124.1574,,,,,,
3722,124.1907,,,,,,
3723,124.2241,,,,,,
3724,124.2575,,,,,,
3725,124.2908,,,,,,
3726,124.3242,,,,,,
3727,124.3576,249.9,196.2,262.6,207.7,0.4086,0
3728,124.3909,255.5,196.8,267.0,210.9,0.2207,0
3729,124.4243,,,,,,
3730,124.4577,,,,,,
3731,124.491,252.2,207.5,270.5,222.0,0.283,0
3732,124.5244,,,,,,
3733,124.5578,,,,,,
3734,124.5911,,,,,,
3735,124.6245,,,,,,
3736,124.6579,,,,,,
3737,124.6912,,,,,,
3738,124.7246,,,,,,
3739,124.758,,,,,,
3740,124.7913,,,,,,
3741,124.8247,280.7,209.6,304.4,223.5,0.7248,0
3742,124.8581,252.3,217.7,285.3,235.0,0.8039,0
3743,124.8914,,,,,,
3744,124.9248,,,,,,
3745,124.9582,214.5,238.7,231.1,247.8,0.6526,0
3746,124.9915,204.0,239.4,223.4,250.9,0.3913,0
3747,125.0249,195.9,240.6,211.9,250.2,0.4534,0
3748,125.0583,189.3,240.7,204.2,250.9,0.2531,0
3749,125.0916,185.7,239.9,197.1,249.3,0.5897,0
3749,125.0916,442.0,329.1,476.5,352.0,0.2316,1
3750,125.125,316.1,162.6,354.8,181.9,0.1315,0
3751,125.1584,306.3,163.4,335.3,175.6,0.1848,0
3751,125.1584,193.7,231.3,204.9,242.0,0.1665,0
3752,125.1917,295.1,158.3,336.4,173.7,0.326,0
3753,125.2251,,,,,,
3754,125.2585,274.2,158.2,313.5,174.3,0.4196,0
3755,125.2918,260.2,162.8,300.1,175.6,0.1257,0
3756,125.3252,253.2,161.4,295.6,175.2,0.5206,0
3757,125.3586,,,,,,
3758,125.3919,,,,,,
3759,125.4253,225.3,160.9,265.6,175.6,0.1602,0
3760,125.4587,225.5,160.8,266.4,175.6,0.2263,0
