frame,time_s,x1,y1,x2,y2,conf,cls
0,0.0,23.9,1.9,375.5,195.6,0.9091,0
1,0.0334,28.7,1.8,356.0,198.1,0.6213,0
1,0.0334,37.0,2.7,352.0,192.7,0.3605,0
2,0.0667,19.7,1.4,357.1,198.0,0.9102,0
3,0.1001,12.8,0.0,193.9,182.8,0.8042,0
3,0.1001,16.8,4.6,334.0,197.5,0.2635,0
3,0.1001,42.7,1.0,360.8,194.3,0.1587,0
4,0.1335,77.6,1.8,356.0,180.3,0.8667,0
5,0.1668,51.1,1.8,358.2,180.1,0.9026,0
6,0.2002,41.8,2.7,353.2,185.1,0.924,0
7,0.2336,37.7,2.4,352.7,184.5,0.7616,0
7,0.2336,33.9,1.7,357.5,182.2,0.7235,0
8,0.2669,21.7,1.8,357.6,184.4,0.9167,0
9,0.3003,57.9,5.4,358.9,178.4,0.8815,0
10,0.3337,45.4,3.3,363.5,195.2,0.6595,0
11,0.367,97.0,0.5,369.4,165.4,0.7295,0
11,0.367,64.9,11.9,367.6,194.4,0.3008,0
12,0.4004,35.5,1.8,361.4,192.9,0.9155,0
13,0.4338,31.7,0.1,183.5,171.9,0.6863,0
13,0.4338,51.7,0.8,351.3,177.3,0.1692,0
14,0.4671,44.0,2.4,348.3,189.9,0.7552,0
14,0.4671,33.1,0.0,324.5,180.3,0.1012,0
15,0.5005,45.0,4.4,355.0,182.5,0.7724,0
16,0.5339,47.1,1.0,360.7,176.5,0.3544,0
16,0.5339,28.8,0.5,384.0,200.8,0.1547,0
17,0.5672,61.3,3.5,358.4,176.4,0.8989,0
18,0.6006,52.2,2.5,366.0,176.2,0.8931,0
19,0.634,55.6,2.8,359.6,176.4,0.8945,0
20,0.6673,66.9,2.9,355.5,175.5,0.9178,0
21,0.7007,48.0,2.2,356.2,178.3,0.8095,0
22,0.7341,29.2,4.7,352.3,174.5,0.7497,0
23,0.7674,65.5,2.5,356.1,184.8,0.8641,0
24,0.8008,85.3,0.2,361.1,177.1,0.5315,0
25,0.8342,33.1,2.6,363.6,179.1,0.6269,0
26,0.8675,60.0,0.3,367.7,175.4,0.2123,0
27,0.9009,94.8,2.9,364.2,177.8,0.8434,0
27,0.9009,260.7,16.7,360.0,164.8,0.2384,0
28,0.9343,20.5,2.9,361.4,190.4,0.7348,0
29,0.9676,24.9,2.0,359.5,202.1,0.8573,0
30,1.001,37.4,2.2,369.8,206.7,0.8083,0
31,1.0344,63.7,0.9,373.8,179.5,0.6077,0
32,1.0677,21.8,3.1,361.6,204.9,0.8004,0
32,1.0677,286.2,43.0,359.8,159.1,0.1322,0
33,1.1011,64.4,4.8,355.9,225.2,0.861,0
33,1.1011,60.2,1.3,173.4,179.0,0.6581,0
34,1.1345,59.4,2.0,352.4,186.3,0.8248,0
35,1.1678,64.4,2.5,355.4,189.6,0.2096,0
35,1.1678,50.9,0.0,174.0,183.5,0.1399,0
36,1.2012,48.4,0.8,367.2,198.5,0.3934,0
36,1.2012,49.1,4.2,366.1,204.6,0.1281,0
37,1.2346,63.7,2.2,359.4,191.3,0.7443,0
38,1.2679,54.9,0.9,371.3,184.3,0.7599,0
38,1.2679,255.3,5.7,359.9,161.4,0.5617,0
38,1.2679,61.8,0.0,184.5,170.8,0.1947,0
39,1.3013,59.1,3.5,367.7,184.6,0.8871,0
40,1.3347,46.2,1.6,359.2,197.0,0.847,0
41,1.368,35.9,1.7,356.2,204.0,0.8979,0
42,1.4014,33.5,1.6,350.9,190.4,0.8931,0
43,1.4348,49.3,2.4,351.3,184.6,0.9064,0
44,1.4681,48.9,4.3,366.4,176.2,0.9079,0
45,1.5015,38.3,1.9,373.7,183.1,0.8042,0
45,1.5015,33.9,2.9,372.4,181.7,0.4365,0
46,1.5349,59.4,3.6,365.7,205.1,0.8773,0
47,1.5682,58.5,2.1,352.2,181.9,0.8974,0
48,1.6016,49.2,2.9,352.9,179.4,0.8924,0
49,1.635,68.0,1.4,356.5,178.4,0.8729,0
49,1.635,61.1,0.0,196.2,170.5,0.6551,0
50,1.6683,51.1,1.4,354.3,183.1,0.9013,0
51,1.7017,41.8,2.2,360.7,195.3,0.9246,0
52,1.7351,68.0,1.3,350.2,174.3,0.8726,0
53,1.7684,56.3,2.7,352.9,184.0,0.8629,0
54,1.8018,64.4,6.6,353.1,178.1,0.8202,0
55,1.8352,98.5,0.0,357.3,175.5,0.9297,0
56,1.8685,86.2,3.6,359.7,175.9,0.9108,0
57,1.9019,69.1,2.4,363.3,180.7,0.9216,0
58,1.9353,72.5,4.2,363.4,177.8,0.9274,0
59,1.9686,68.3,3.2,359.7,192.8,0.8895,0
60,2.002,69.4,2.0,368.3,180.5,0.3581,0
60,2.002,74.5,0.6,360.9,178.2,0.2287,0
61,2.0354,62.1,2.2,354.3,184.4,0.9235,0
62,2.0687,59.2,2.4,358.6,176.2,0.8966,0
63,2.1021,56.0,3.6,379.3,174.4,0.8668,0
64,2.1355,80.5,3.5,352.4,176.1,0.7323,0
65,2.1688,91.3,2.5,352.7,180.2,0.9145,0
66,2.2022,67.7,1.7,354.3,205.5,0.8921,0
67,2.2356,47.6,1.5,356.5,195.0,0.8705,0
68,2.2689,55.2,3.4,354.4,190.7,0.898,0
69,2.3023,41.0,3.5,362.0,196.8,0.8398,0
70,2.3357,44.1,1.8,365.3,187.1,0.7995,0
71,2.369,43.5,1.1,359.1,216.4,0.9074,0
72,2.4024,34.8,1.4,357.6,217.0,0.8496,0
73,2.4358,43.2,1.8,354.4,176.9,0.9037,0
74,2.4691,76.1,2.2,369.7,177.3,0.9323,0
75,2.5025,42.0,2.2,372.4,186.9,0.8466,0
76,2.5359,94.6,0.3,356.1,171.3,0.9066,0
77,2.5692,33.2,2.7,360.8,184.6,0.8703,0
78,2.6026,117.3,0.3,356.1,168.6,0.8347,0
79,2.636,77.0,3.4,360.1,180.8,0.4924,0
80,2.6693,58.1,2.3,358.0,195.6,0.8343,0
81,2.7027,50.6,0.9,359.7,192.0,0.8187,0
81,2.7027,49.7,2.1,360.1,188.0,0.2162,0
82,2.7361,102.7,0.0,357.5,168.3,0.8539,0
83,2.7694,26.5,2.4,357.0,182.0,0.8853,0
84,2.8028,20.1,2.7,358.7,194.5,0.7827,0
84,2.8028,17.3,0.0,378.4,208.9,0.3567,0
85,2.8362,39.4,1.3,357.4,203.1,0.8998,0
86,2.8695,44.5,2.3,356.3,208.3,0.8729,0
87,2.9029,61.0,5.6,374.6,188.3,0.6171,0
88,2.9363,92.6,0.6,374.1,169.7,0.5334,0
88,2.9363,72.1,2.0,376.7,178.4,0.1068,0
89,2.9696,30.1,1.8,356.9,200.4,0.8165,0
90,3.003,75.4,1.5,357.6,184.3,0.8795,0
90,3.003,342.0,201.8,359.9,234.8,0.1181,0
91,3.0364,57.1,1.2,372.0,178.1,0.7068,0
91,3.0364,47.9,1.2,372.2,192.5,0.4295,0
92,3.0697,58.0,2.3,349.8,187.6,0.8892,0
93,3.1031,60.4,2.4,349.3,181.3,0.8635,0
93,3.1031,342.9,195.4,366.5,233.9,0.1091,0
94,3.1365,49.7,3.0,356.1,181.4,0.8852,0
95,3.1698,77.2,0.8,358.2,174.3,0.8942,0
96,3.2032,87.0,1.1,368.0,169.8,0.8728,0
97,3.2366,82.1,1.8,373.5,173.1,0.9387,0
98,3.2699,60.2,1.8,366.4,192.1,0.9296,0
99,3.3033,55.7,0.9,350.4,193.1,0.9204,0
100,3.3367,63.5,3.1,354.5,175.1,0.9194,0
101,3.37,95.3,2.9,359.1,174.0,0.9031,0
102,3.4034,76.5,1.5,369.4,171.4,0.4019,0
102,3.4034,78.5,0.2,369.4,170.8,0.322,0
103,3.4368,98.7,2.1,378.9,170.9,0.9437,0
104,3.4701,74.2,2.4,360.9,186.3,0.9045,0
105,3.5035,94.7,2.2,360.8,176.4,0.9327,0
106,3.5369,119.8,2.7,351.8,167.8,0.8122,0
107,3.5702,70.0,1.9,352.6,173.5,0.908,0
108,3.6036,72.0,2.3,351.3,175.0,0.9179,0
109,3.637,107.7,0.6,352.8,168.4,0.3643,0
110,3.6703,65.5,1.3,356.6,179.7,0.889,0
111,3.7037,88.7,1.7,353.2,176.2,0.93,0
112,3.7371,73.0,2.5,355.0,180.3,0.905,0
113,3.7704,52.3,2.7,352.7,185.2,0.8917,0
114,3.8038,52.2,2.7,358.5,185.1,0.8248,0
115,3.8372,120.4,2.7,355.6,171.6,0.4692,0
115,3.8372,70.5,0.9,186.2,178.7,0.4471,0
115,3.8372,51.7,0.0,184.3,177.8,0.4408,0
115,3.8372,106.6,4.3,357.0,173.1,0.1067,0
116,3.8705,44.0,0.0,188.5,179.3,0.8113,0
116,3.8705,106.3,0.6,358.8,167.7,0.7162,0
116,3.8705,65.6,11.7,364.5,174.2,0.1597,0
117,3.9039,39.0,1.0,360.0,190.1,0.908,0
118,3.9373,39.2,1.5,360.0,186.7,0.9188,0
119,3.9706,37.3,1.4,356.1,181.8,0.8997,0
120,4.004,70.6,2.2,356.0,178.6,0.9195,0
121,4.0374,76.8,1.5,364.3,184.9,0.8598,0
122,4.0707,55.7,1.7,362.1,176.8,0.6292,0
122,4.0707,67.0,2.4,361.2,171.8,0.2263,0
123,4.1041,47.8,2.2,358.7,180.7,0.882,0
124,4.1375,73.7,4.6,352.8,175.4,0.5901,0
124,4.1375,58.1,1.7,176.6,177.2,0.5841,0
125,4.1708,68.8,3.0,358.9,174.8,0.8206,0
126,4.2042,117.9,0.6,359.2,170.8,0.8508,0
127,4.2376,60.5,1.8,353.5,183.9,0.8899,0
128,4.2709,78.8,1.4,353.3,176.9,0.8781,0
129,4.3043,57.7,1.9,358.2,175.9,0.8554,0
130,4.3377,43.3,1.7,362.5,184.2,0.9102,0
131,4.371,56.8,2.1,372.0,182.8,0.8024,0
132,4.4044,68.5,1.3,372.3,181.1,0.8609,0
133,4.4378,67.3,1.9,367.3,176.9,0.9292,0
134,4.4711,89.7,2.0,365.4,184.1,0.9008,0
135,4.5045,101.9,1.2,359.8,179.5,0.757,0
136,4.5379,64.8,1.6,361.5,173.2,0.8783,0
137,4.5712,69.8,1.5,360.7,186.8,0.8196,0
137,4.5712,55.2,0.1,175.3,178.9,0.2231,0
138,4.6046,52.3,1.5,364.1,198.5,0.8955,0
139,4.638,38.7,1.4,361.8,198.6,0.6439,0
139,4.638,29.9,0.0,374.2,189.3,0.5861,0
140,4.6713,41.4,1.7,363.1,191.5,0.5216,0
140,4.6713,32.0,0.0,373.6,197.6,0.1391,0
141,4.7047,65.7,2.5,370.2,179.0,0.7351,0
142,4.7381,110.6,2.3,378.7,171.8,0.5885,0
142,4.7381,32.6,37.3,171.6,180.1,0.3845,0
142,4.7381,121.6,29.5,171.0,156.2,0.3824,0
142,4.7381,112.7,0.3,377.7,169.1,0.2982,0
143,4.7714,75.6,1.9,382.9,176.6,0.4,0
144,4.8048,60.8,1.4,393.1,175.0,0.2131,0
144,4.8048,41.4,1.0,374.9,210.6,0.1682,0
144,4.8048,85.3,0.1,387.8,174.0,0.1281,0
145,4.8382,49.2,1.6,390.9,186.7,0.71,0
145,4.8382,39.2,0.4,385.1,204.6,0.6824,0
146,4.8715,81.1,1.9,382.1,175.6,0.8357,0
147,4.9049,48.7,1.5,389.2,177.4,0.7709,0
147,4.9049,51.4,0.0,396.1,189.8,0.7594,0
148,4.9383,40.9,17.2,187.3,180.6,0.6815,0
148,4.9383,75.7,0.1,381.9,170.7,0.3316,0
149,4.9716,28.7,0.6,381.2,181.6,0.9157,0
150,5.005,33.9,1.8,363.6,176.1,0.6563,0
150,5.005,31.7,0.4,381.1,184.6,0.6518,0
151,5.0384,31.0,1.1,357.2,189.9,0.9156,0
152,5.0717,51.5,0.1,372.9,193.6,0.7948,0
153,5.1051,55.4,27.9,178.9,179.4,0.3802,0
153,5.1051,105.1,0.1,366.7,172.1,0.2362,0
154,5.1385,62.6,1.8,370.1,181.6,0.8991,0
155,5.1718,26.5,0.0,184.8,181.4,0.8321,0
156,5.2052,31.2,4.4,363.6,216.0,0.6296,0
156,5.2052,24.2,0.0,185.8,189.1,0.18,0
157,5.2386,53.4,1.4,364.0,197.7,0.906,0
158,5.2719,44.4,14.0,182.5,192.7,0.5747,0
158,5.2719,82.1,0.6,363.8,204.7,0.181,0
159,5.3053,64.7,3.5,372.0,178.7,0.5919,0
160,5.3387,72.7,1.5,374.5,170.4,0.5561,0
160,5.3387,39.0,2.0,377.9,181.6,0.2503,0
160,5.3387,38.0,0.2,381.2,189.9,0.1257,0
161,5.372,31.2,49.4,179.7,178.0,0.854,0
161,5.372,123.4,0.0,375.7,164.6,0.5629,0
162,5.4054,95.9,4.1,376.3,171.1,0.7936,0
162,5.4054,30.1,24.7,186.0,177.5,0.7666,0
163,5.4388,48.2,1.4,383.1,202.0,0.6457,0
163,5.4388,63.4,1.8,384.9,194.5,0.1805,0
163,5.4388,38.9,0.3,181.9,174.5,0.1361,0
164,5.4721,51.2,1.6,357.9,206.9,0.8787,0
165,5.5055,59.1,2.2,358.7,183.0,0.8752,0
165,5.5055,299.3,0.8,361.1,162.9,0.4759,0
166,5.5389,70.3,2.2,380.9,175.5,0.761,0
167,5.5722,63.4,0.6,379.6,175.2,0.8643,0
168,5.6056,35.8,2.0,362.2,186.0,0.8748,0
169,5.639,27.2,1.1,370.4,196.2,0.9012,0
170,5.6723,57.2,1.6,361.9,182.9,0.9171,0
171,5.7057,107.9,0.0,358.7,168.7,0.821,0
171,5.7057,93.2,0.0,198.6,167.5,0.227,0
172,5.7391,89.8,3.3,351.3,176.7,0.9247,0
173,5.7724,81.9,2.5,356.1,187.9,0.9082,0
174,5.8058,87.9,0.5,353.2,173.7,0.9197,0
175,5.8392,116.5,1.8,366.1,174.4,0.7491,0
176,5.8725,96.1,2.4,372.9,173.0,0.9178,0
177,5.9059,103.8,2.0,373.1,166.8,0.9059,0
178,5.9393,82.1,1.3,368.7,167.5,0.7466,0
178,5.9393,38.1,41.5,177.3,190.1,0.2149,0
178,5.9393,40.1,42.6,177.9,186.9,0.2095,0
179,5.9726,44.6,1.6,385.7,194.2,0.786,0
180,6.006,80.7,0.3,385.2,171.4,0.7957,0
180,6.006,54.0,1.8,393.8,180.2,0.7871,0
181,6.0394,86.4,0.0,395.7,167.4,0.6134,0
181,6.0394,54.1,1.1,173.9,176.8,0.5057,0
182,6.0727,42.5,1.5,354.7,176.2,0.7207,0
183,6.1061,95.7,2.7,360.3,171.3,0.895,0
184,6.1395,43.6,1.4,361.7,179.7,0.3661,0
184,6.1395,60.8,2.8,360.9,171.1,0.1199,0
185,6.1728,34.3,0.4,368.3,184.9,0.9097,0
186,6.2062,42.8,1.7,357.0,178.4,0.7515,0
186,6.2062,42.5,1.1,361.3,180.0,0.5762,0
187,6.2396,102.9,2.2,362.9,178.3,0.9131,0
188,6.2729,32.5,3.1,371.3,183.7,0.7315,0
188,6.2729,32.4,1.4,371.0,184.4,0.108,0
189,6.3063,40.8,0.8,370.1,176.3,0.7035,0
189,6.3063,41.3,0.1,378.3,178.2,0.4855,0
190,6.3397,63.7,1.9,370.4,170.3,0.2833,0
190,6.3397,31.8,1.0,375.6,185.3,0.1936,0
191,6.373,31.6,1.7,359.5,179.6,0.7438,0
191,6.373,32.2,0.0,366.6,185.5,0.2923,0
192,6.4064,28.4,0.2,370.7,192.2,0.853,0
192,6.4064,29.4,5.0,362.4,199.6,0.2821,0
193,6.4398,90.2,2.7,356.3,174.4,0.8793,0
194,6.4731,74.5,4.6,363.6,169.7,0.1376,0
195,6.5065,78.5,6.2,358.4,171.5,0.5884,0
196,6.5399,102.3,0.0,370.6,171.3,0.9008,0
197,6.5732,94.6,1.4,379.4,173.7,0.9128,0
198,6.6066,57.0,2.0,384.3,172.6,0.8134,0
199,6.64,37.1,1.3,382.2,180.0,0.9162,0
200,6.6733,45.3,1.2,370.4,178.0,0.8038,0
200,6.6733,39.8,0.9,375.0,181.8,0.21,0
201,6.7067,50.0,0.4,372.9,171.9,0.827,0
202,6.7401,75.1,0.0,372.6,168.2,0.7979,0
203,6.7734,88.3,3.1,380.1,173.4,0.9311,0
204,6.8068,93.6,2.2,380.1,171.8,0.8909,0
205,6.8402,46.9,2.0,380.4,176.8,0.92,0
206,6.8735,65.8,2.8,373.6,174.6,0.9098,0
207,6.9069,41.2,2.6,356.8,173.3,0.9135,0
208,6.9403,68.3,2.8,367.4,172.9,0.9361,0
209,6.9736,78.3,0.6,356.5,170.1,0.8007,0
210,7.007,105.4,0.6,370.3,169.9,0.9123,0
211,7.0404,95.6,1.6,377.6,174.4,0.9167,0
212,7.0737,43.1,1.3,359.4,190.7,0.9034,0
213,7.1071,39.9,1.2,360.1,193.6,0.9084,0
214,7.1405,41.2,2.9,367.4,181.1,0.848,0
215,7.1738,56.5,7.1,372.5,170.3,0.5502,0
215,7.1738,32.3,0.0,374.4,188.7,0.5138,0
216,7.2072,49.0,2.4,368.2,170.5,0.6466,0
217,7.2406,46.3,3.4,367.4,171.6,0.8932,0
218,7.2739,88.1,0.1,375.5,171.3,0.7785,0
219,7.3073,82.9,0.2,380.1,169.3,0.5669,0
219,7.3073,68.5,2.0,382.4,168.7,0.1107,0
220,7.3407,54.2,3.8,381.1,171.0,0.8933,0
220,7.3407,40.3,0.0,187.3,173.1,0.1036,0
221,7.374,113.4,0.7,374.1,169.4,0.826,0
222,7.4074,40.0,0.6,376.3,179.4,0.866,0
222,7.4074,49.4,0.5,369.1,171.1,0.1447,0
223,7.4408,41.9,1.4,379.8,187.7,0.8515,0
224,7.4741,50.6,5.5,357.1,175.3,0.8721,0
224,7.4741,41.8,29.4,181.6,175.7,0.3763,0
225,7.5075,38.0,6.7,366.9,175.0,0.8918,0
226,7.5409,45.1,2.9,374.6,176.0,0.9073,0
227,7.5742,84.2,0.7,370.4,173.7,0.5514,0
227,7.5742,47.2,0.1,180.6,172.1,0.1988,0
228,7.6076,57.1,2.5,363.7,183.8,0.8854,0
228,7.6076,41.0,0.0,185.6,178.3,0.2407,0
229,7.641,67.3,1.7,359.1,183.7,0.8619,0
230,7.6743,36.2,1.9,361.3,178.9,0.8301,0
230,7.6743,35.7,0.4,361.6,184.6,0.1185,0
231,7.7077,40.4,1.2,365.3,182.0,0.7212,0
231,7.7077,43.4,2.3,363.4,176.2,0.2677,0
231,7.7077,48.8,0.4,362.7,175.3,0.129,0
232,7.7411,100.1,2.2,363.9,172.0,0.7908,0
233,7.7744,100.0,0.6,370.9,170.4,0.8344,0
234,7.8078,68.6,1.8,371.5,174.1,0.8718,0
235,7.8412,51.8,0.8,365.8,188.8,0.8816,0
236,7.8745,39.6,1.2,358.6,182.6,0.9147,0
237,7.9079,57.4,1.7,355.8,177.5,0.9426,0
238,7.9413,45.5,1.5,360.3,193.4,0.9333,0
239,7.9746,68.6,1.2,361.2,164.4,0.2341,0
239,7.9746,41.8,2.6,363.4,172.2,0.2157,0
239,7.9746,43.8,0.0,368.4,187.8,0.151,0
240,8.008,93.7,0.6,354.1,169.1,0.801,0
241,8.0414,97.8,2.4,358.6,174.5,0.8942,0
242,8.0747,25.8,1.8,359.7,181.3,0.9203,0
243,8.1081,91.6,0.3,357.3,171.0,0.874,0
244,8.1415,97.9,0.0,363.4,167.9,0.8849,0
245,8.1748,73.5,1.3,352.9,170.4,0.8672,0
246,8.2082,15.4,3.2,351.1,178.3,0.8672,0
247,8.2416,40.8,1.5,354.1,171.5,0.8913,0
248,8.2749,117.5,1.7,358.5,173.3,0.9392,0
249,8.3083,96.3,2.7,364.5,174.9,0.9012,0
250,8.3417,55.5,2.7,357.0,176.5,0.9011,0
251,8.375,92.2,0.9,364.4,175.2,0.9166,0
252,8.4084,70.0,1.5,353.0,177.7,0.8983,0
253,8.4418,46.2,2.3,352.7,178.1,0.8856,0
254,8.4751,55.8,0.6,350.6,174.5,0.6114,0
254,8.4751,43.2,0.0,363.2,200.7,0.4735,0
255,8.5085,66.6,1.2,353.5,179.5,0.7921,0
256,8.5419,75.5,4.0,353.1,176.5,0.6931,0
257,8.5752,126.0,1.4,364.8,168.9,0.9086,0
258,8.6086,107.2,0.4,361.4,169.5,0.6753,0
259,8.642,85.4,0.4,370.2,171.3,0.8335,0
260,8.6753,36.0,1.8,362.3,179.2,0.8405,0
261,8.7087,34.2,2.0,366.1,174.7,0.8839,0
262,8.7421,94.4,0.1,356.4,172.9,0.4618,0
262,8.7421,95.5,0.0,357.2,171.5,0.2523,0
263,8.7754,57.2,1.5,369.4,179.4,0.9284,0
264,8.8088,43.6,1.3,357.9,181.3,0.9257,0
265,8.8422,46.6,2.5,368.1,177.2,0.89,0
266,8.8755,72.3,1.7,371.4,171.5,0.3812,0
267,8.9089,82.2,0.5,377.2,171.4,0.6126,0
267,8.9089,14.4,0.0,237.7,189.7,0.1297,0
268,8.9423,89.7,0.4,351.4,172.5,0.8683,0
269,8.9756,30.5,1.5,346.0,180.0,0.9149,0
270,9.009,40.1,1.1,351.6,180.6,0.921,0
271,9.0424,37.7,1.3,355.6,175.4,0.8983,0
272,9.0757,63.2,0.4,349.3,173.9,0.7584,0
273,9.1091,67.5,0.7,351.6,172.7,0.4844,0
273,9.1091,24.2,146.0,60.5,185.0,0.3448,0
274,9.1425,107.3,0.3,351.1,169.7,0.9392,0
275,9.1758,57.0,0.5,353.3,171.9,0.7517,0
275,9.1758,33.1,0.1,366.9,184.5,0.4828,0
276,9.2092,72.8,0.8,354.2,169.5,0.7684,0
276,9.2092,17.9,0.0,349.2,180.4,0.3824,0
277,9.2426,111.5,0.1,356.3,165.3,0.9323,0
277,9.2426,4.4,72.2,170.2,178.4,0.1017,0
278,9.2759,52.4,9.3,185.1,178.4,0.8378,0
278,9.2759,107.7,0.4,358.8,169.4,0.806,0
279,9.3093,72.9,0.2,364.6,171.2,0.5439,0
279,9.3093,47.9,1.9,370.7,176.0,0.4608,0
280,9.3427,39.0,0.4,175.0,183.6,0.8124,0
280,9.3427,108.0,0.1,355.5,171.7,0.5957,0
281,9.376,35.5,0.5,365.8,182.4,0.8347,0
281,9.376,39.8,2.9,355.2,175.0,0.8271,0
282,9.4094,55.1,0.7,361.1,173.3,0.7041,0
283,9.4428,78.9,0.3,351.4,170.5,0.8479,0
284,9.4761,92.7,3.9,353.3,171.9,0.7624,0
285,9.5095,34.9,1.7,354.7,174.1,0.4146,0
285,9.5095,22.3,0.0,344.3,188.7,0.1761,0
286,9.5429,43.0,1.3,359.8,176.6,0.8354,0
286,9.5429,35.4,0.0,364.5,189.4,0.349,0
287,9.5762,64.9,3.0,364.1,177.6,0.8764,0
288,9.6096,49.6,2.2,370.1,171.9,0.5299,0
288,9.6096,32.5,0.0,361.2,196.3,0.154,0
289,9.643,49.3,2.0,365.3,174.4,0.9076,0
290,9.6763,31.1,1.7,385.8,174.0,0.9135,0
291,9.7097,39.1,1.0,360.6,173.4,0.8276,0
292,9.7431,72.8,1.0,364.4,170.2,0.3157,0
292,9.7431,52.5,0.9,364.5,174.5,0.1984,0
293,9.7764,54.1,1.3,356.8,182.2,0.858,0
294,9.8098,35.4,1.3,360.8,189.9,0.8994,0
295,9.8432,50.2,2.9,356.0,185.6,0.7608,0
296,9.8765,61.2,2.3,355.9,178.6,0.8991,0
297,9.9099,39.5,0.5,183.0,176.2,0.8276,0
297,9.9099,64.3,3.2,363.2,187.4,0.6163,0
297,9.9099,265.4,28.8,359.8,163.4,0.426,0
298,9.9433,71.7,2.3,359.4,178.2,0.8133,0
299,9.9766,98.9,0.8,360.6,178.3,0.8159,0
299,9.9766,90.0,2.1,181.2,172.7,0.7551,0
300,10.01,56.0,2.3,359.3,173.4,0.8951,0
301,10.0434,42.8,1.4,360.8,185.3,0.9061,0
302,10.0767,52.1,1.6,363.8,176.0,0.8673,0
303,10.1101,72.8,2.4,357.2,173.3,0.9495,0
304,10.1435,64.7,1.4,361.9,172.3,0.7745,0
305,10.1768,54.0,1.4,355.5,180.2,0.8855,0
306,10.2102,52.3,2.3,354.1,177.8,0.8323,0
307,10.2436,75.3,2.8,352.7,175.0,0.8636,0
308,10.2769,51.1,3.2,358.8,174.4,0.9076,0
309,10.3103,61.7,1.5,360.1,174.5,0.8058,0
310,10.3437,108.0,0.7,365.0,169.8,0.7522,0
310,10.3437,55.9,10.3,174.9,173.2,0.5637,0
311,10.377,50.8,2.4,356.5,174.1,0.9401,0
312,10.4104,71.8,2.0,359.8,171.8,0.849,0
313,10.4438,65.1,0.7,369.0,171.8,0.7676,0
314,10.4771,285.9,62.6,355.6,159.8,0.8717,0
314,10.4771,62.0,1.1,361.8,176.0,0.4819,0
314,10.4771,55.7,0.8,329.6,181.3,0.4262,0
314,10.4771,56.4,0.7,229.2,180.7,0.1132,0
315,10.5105,62.1,1.8,355.8,171.4,0.8417,0
316,10.5439,55.6,2.7,358.0,173.1,0.7973,0
317,10.5772,55.5,2.1,351.4,178.8,0.8335,0
317,10.5772,46.7,1.4,354.8,180.0,0.7207,0
318,10.6106,91.5,3.3,353.6,174.7,0.8385,0
319,10.644,47.6,2.0,358.6,176.9,0.8061,0
320,10.6773,37.6,2.5,361.7,180.0,0.9179,0
321,10.7107,45.7,1.8,356.9,191.2,0.9045,0
322,10.7441,45.1,1.7,353.6,206.7,0.8949,0
323,10.7774,63.6,2.1,357.7,190.9,0.8192,0
324,10.8108,99.6,1.8,358.5,182.4,0.6651,0
324,10.8108,51.9,1.0,172.6,179.1,0.2049,0
325,10.8442,65.2,3.4,354.6,188.4,0.8993,0
326,10.8775,74.2,3.2,353.4,174.1,0.9327,0
327,10.9109,72.6,1.0,353.4,169.0,0.8375,0
328,10.9443,71.2,1.7,355.7,204.4,0.9258,0
329,10.9776,44.5,0.9,357.7,194.0,0.9208,0
330,11.011,32.1,0.4,363.1,183.1,0.6212,0
330,11.011,63.3,0.9,358.2,172.9,0.1289,0
330,11.011,44.3,2.4,357.9,175.4,0.1257,0
331,11.0444,53.2,2.2,360.2,176.2,0.7594,0
332,11.0777,28.3,0.8,373.4,181.2,0.4778,0
332,11.0777,49.1,1.7,358.4,172.0,0.1037,0
333,11.1111,55.3,1.5,353.8,173.0,0.8985,0
334,11.1445,68.3,5.1,354.0,179.1,0.8354,0
334,11.1445,292.9,50.7,353.1,160.2,0.5041,0
335,11.1778,35.3,0.0,356.2,192.5,0.8836,0
335,11.1778,290.8,39.2,350.4,161.7,0.8828,0
336,11.2112,55.9,2.5,356.6,191.8,0.7815,0
337,11.2446,48.1,2.2,362.3,182.7,0.8575,0
338,11.2779,63.9,0.0,196.4,172.7,0.7461,0
338,11.2779,88.1,0.7,367.8,175.0,0.6081,0
339,11.3113,64.4,1.7,384.2,179.1,0.5881,0
340,11.3447,101.1,0.4,382.0,171.1,0.5408,0
340,11.3447,81.1,50.7,181.7,171.2,0.4164,0
340,11.3447,93.2,1.5,388.4,171.6,0.151,0
341,11.378,103.1,4.2,352.1,170.0,0.8175,0
342,11.4114,77.4,0.0,197.5,171.8,0.7545,0
342,11.4114,95.8,0.6,357.9,170.7,0.7265,0
343,11.4448,91.1,0.1,375.4,170.1,0.9115,0
344,11.4781,84.4,2.0,391.6,169.9,0.8821,0
345,11.5115,48.6,1.7,363.9,182.6,0.816,0
346,11.5449,53.6,2.6,371.7,175.3,0.8067,0
347,11.5782,42.7,1.9,368.2,177.7,0.8783,0
348,11.6116,72.1,1.9,356.0,179.8,0.916,0
349,11.645,49.0,1.6,362.2,188.8,0.8596,0
350,11.6783,41.1,2.3,358.8,189.5,0.8413,0
350,11.6783,34.0,0.6,359.5,186.7,0.1841,0
351,11.7117,42.6,1.2,357.4,191.5,0.6213,0
351,11.7117,37.3,0.0,360.3,193.4,0.5355,0
352,11.7451,61.2,2.2,356.3,176.5,0.9014,0
353,11.7784,49.3,2.6,360.7,184.1,0.8351,0
354,11.8118,112.7,1.3,356.5,185.3,0.7643,0
355,11.8452,82.7,1.3,356.0,171.4,0.3104,0
355,11.8452,83.2,1.2,355.2,175.1,0.2856,0
356,11.8785,47.4,2.0,360.8,175.9,0.8291,0
356,11.8785,33.8,144.0,64.7,179.2,0.1858,0
357,11.9119,43.7,2.1,368.4,174.9,0.7065,0
357,11.9119,33.7,0.2,370.5,180.2,0.4911,0
358,11.9453,85.5,7.0,367.5,171.5,0.6279,0
359,11.9786,112.2,5.3,355.4,169.8,0.4851,0
359,11.9786,114.8,3.8,354.2,173.2,0.2806,0
359,11.9786,40.2,138.2,78.6,173.6,0.255,0
360,12.012,101.9,0.6,351.5,172.5,0.7976,0
361,12.0454,58.5,5.4,353.5,173.2,0.7986,0
362,12.0787,103.9,3.0,365.1,173.7,0.9037,0
363,12.1121,77.5,3.6,362.7,185.4,0.7452,0
363,12.1121,62.8,0.0,181.1,173.0,0.6224,0
364,12.1455,49.3,5.4,359.0,210.4,0.4882,0
364,12.1455,264.5,19.1,353.0,163.9,0.1889,0
365,12.1788,50.5,2.6,351.3,174.0,0.7971,0
365,12.1788,39.9,1.5,353.0,178.9,0.3281,0
366,12.2122,68.6,2.5,356.0,172.4,0.8793,0
367,12.2456,51.4,1.9,367.4,176.1,0.8284,0
368,12.2789,110.5,4.6,362.9,173.1,0.8139,0
369,12.3123,39.5,0.9,350.7,171.8,0.7776,0
370,12.3457,105.0,1.6,353.6,172.9,0.7519,0
371,12.379,62.3,0.0,353.1,172.2,0.8711,0
372,12.4124,43.4,3.6,357.4,175.8,0.9005,0
373,12.4458,44.7,1.7,362.9,195.3,0.927,0
373,12.4458,299.4,42.5,362.8,160.9,0.3096,0
374,12.4791,36.7,2.2,355.1,196.1,0.9219,0
374,12.4791,297.5,35.4,349.8,162.2,0.802,0
375,12.5125,44.1,0.1,356.0,173.8,0.7348,0
375,12.5125,52.6,0.5,353.2,173.2,0.183,0
376,12.5459,71.6,0.7,355.4,172.7,0.638,0
377,12.5792,122.2,1.6,364.7,175.6,0.8351,0
378,12.6126,38.2,1.7,360.5,189.9,0.9103,0
379,12.646,55.0,5.9,364.0,176.1,0.3407,0
379,12.646,45.0,3.5,370.2,179.7,0.163,0
379,12.646,46.5,0.0,182.5,173.8,0.1465,0
380,12.6793,90.9,2.2,358.4,171.4,0.3844,0
380,12.6793,51.3,0.0,187.9,174.7,0.3587,0
381,12.7127,57.8,3.9,357.2,184.2,0.852,0
382,12.7461,61.6,2.0,362.9,176.9,0.8963,0
383,12.7794,60.6,2.8,372.5,172.6,0.829,0
384,12.8128,42.3,3.0,375.1,179.5,0.7658,0
384,12.8128,35.9,0.0,298.5,191.0,0.1405,0
385,12.8462,33.9,0.7,370.5,173.4,0.6655,0
385,12.8462,32.8,0.5,381.3,181.1,0.3469,0
386,12.8795,116.1,0.9,345.2,166.3,0.8903,0
387,12.9129,69.7,3.1,352.4,173.9,0.8582,0
388,12.9463,84.0,0.6,356.2,172.3,0.9099,0
389,12.9796,39.2,2.1,373.6,177.8,0.5249,0
389,12.9796,30.8,0.1,380.7,189.8,0.2929,0
390,13.013,32.9,0.9,367.5,185.8,0.7756,0
390,13.013,46.4,2.1,363.2,178.5,0.7744,0
391,13.0464,113.8,2.4,355.0,173.0,0.5628,0
391,13.0464,111.2,1.2,355.9,170.8,0.3728,0
392,13.0797,106.2,2.0,360.0,172.7,0.7944,0
393,13.1131,54.3,0.0,361.5,174.6,0.6539,0
393,13.1131,41.7,0.0,370.2,181.2,0.1535,0
394,13.1465,62.1,2.8,361.3,174.2,0.915,0
395,13.1798,59.8,2.2,354.9,175.9,0.8799,0
396,13.2132,33.7,3.5,366.9,174.2,0.8794,0
397,13.2466,19.4,1.7,364.4,182.9,0.8956,0
398,13.2799,50.9,1.2,365.8,171.8,0.8418,0
399,13.3133,113.7,1.8,369.9,170.3,0.7263,0
400,13.3467,56.3,2.1,373.4,176.0,0.7464,0
400,13.3467,66.9,1.5,373.7,174.2,0.1409,0
401,13.38,29.6,2.5,361.8,174.9,0.8276,0
401,13.38,23.3,0.1,366.7,193.2,0.1292,0
402,13.4134,103.4,0.0,371.2,169.5,0.9,0
403,13.4468,116.9,0.0,361.1,165.3,0.9277,0
404,13.4801,72.2,1.8,366.7,175.7,0.9245,0
405,13.5135,104.6,1.8,370.6,177.8,0.9056,0
406,13.5469,95.5,0.9,375.3,175.8,0.885,0
407,13.5802,52.6,1.2,372.5,180.2,0.8797,0
408,13.6136,45.4,1.5,357.0,182.0,0.9344,0
409,13.647,47.8,1.5,358.0,180.0,0.9078,0
410,13.6803,55.0,0.9,357.9,178.8,0.8945,0
411,13.7137,57.9,1.9,364.0,178.0,0.9314,0
412,13.7471,50.1,2.8,365.9,186.4,0.907,0
413,13.7804,42.9,1.5,356.3,181.0,0.9365,0
414,13.8138,71.6,0.8,355.3,174.1,0.8211,0
415,13.8472,36.2,3.6,186.9,179.7,0.5909,0
415,13.8472,46.7,1.9,361.3,178.8,0.5086,0
416,13.8805,37.4,0.7,356.0,179.6,0.9099,0
417,13.9139,97.9,0.2,346.3,171.1,0.9183,0
418,13.9473,63.8,2.5,350.9,177.7,0.7392,0
419,13.9806,92.4,1.2,353.2,173.2,0.3005,0
420,14.014,95.6,0.8,360.0,172.4,0.7396,0
421,14.0474,113.2,1.6,365.4,169.0,0.5226,0
421,14.0474,74.5,0.5,183.2,166.4,0.1755,0
421,14.0474,107.8,5.5,364.9,168.7,0.1196,0
422,14.0807,74.8,4.5,372.1,171.1,0.8572,0
423,14.1141,62.1,2.7,369.4,170.1,0.706,0
423,14.1141,64.6,0.3,369.9,171.0,0.1111,0
424,14.1475,95.0,0.3,371.5,170.5,0.9233,0
424,14.1475,0.1,54.2,108.8,261.8,0.1076,1
425,14.1808,87.0,2.6,375.4,172.4,0.8306,0
426,14.2142,92.6,1.4,179.2,169.4,0.8762,0
426,14.2142,103.8,0.1,377.8,172.1,0.7174,0
427,14.2476,76.1,0.8,398.7,175.7,0.7656,0
428,14.2809,69.8,2.3,405.8,174.8,0.6818,0
429,14.3143,103.3,1.0,362.3,172.0,0.9002,0
430,14.3477,101.0,1.6,369.3,169.2,0.9012,0
431,14.381,43.3,3.3,373.4,175.6,0.8717,0
432,14.4144,36.3,2.7,361.7,183.3,0.868,0
433,14.4478,85.3,1.7,363.9,183.8,0.4313,0
433,14.4478,91.5,1.8,365.0,177.4,0.1074,0
434,14.4811,89.5,4.3,357.7,181.9,0.6262,0
435,14.5145,78.0,2.3,356.5,175.1,0.7858,0
436,14.5479,37.9,2.0,360.8,177.3,0.8053,0
437,14.5812,94.5,0.3,369.3,169.7,0.7338,0
438,14.6146,68.2,0.7,376.8,169.5,0.796,0
439,14.648,85.5,3.8,357.2,171.8,0.9091,0
440,14.6813,104.0,2.1,356.9,173.6,0.9335,0
441,14.7147,48.9,4.0,362.1,175.5,0.8987,0
442,14.7481,29.7,2.3,358.2,180.6,0.9302,0
443,14.7814,53.1,1.4,357.6,174.8,0.558,0
443,14.7814,30.0,0.7,367.0,201.6,0.1946,0
444,14.8148,41.9,2.6,366.5,174.5,0.8949,0
445,14.8482,68.2,3.1,377.8,179.0,0.8952,0
446,14.8815,44.3,2.2,365.9,181.3,0.8593,0
447,14.9149,34.0,4.4,359.9,176.7,0.809,0
448,14.9483,40.3,3.9,363.0,178.2,0.8549,0
449,14.9816,264.8,10.7,366.5,162.9,0.7814,0
449,14.9816,47.1,1.0,388.8,190.2,0.6557,0
450,15.015,100.6,4.3,375.1,169.9,0.8483,0
451,15.0484,83.5,2.3,369.3,170.7,0.8845,0
452,15.0817,50.8,2.7,364.1,176.7,0.861,0
453,15.1151,82.6,0.9,368.7,170.7,0.7167,0
454,15.1485,103.6,0.0,370.3,169.9,0.8322,0
455,15.1818,80.7,2.8,364.5,175.4,0.8864,0
456,15.2152,60.4,2.6,360.0,190.8,0.8552,0
457,15.2486,69.0,2.1,357.6,174.8,0.845,0
458,15.2819,86.0,0.5,356.6,171.6,0.8914,0
459,15.3153,67.5,0.7,356.5,172.5,0.6844,0
460,15.3487,107.6,2.2,378.2,170.2,0.9211,0
461,15.382,84.8,2.7,382.9,172.2,0.8513,0
461,15.382,101.0,60.3,164.9,169.3,0.3099,0
462,15.4154,93.8,0.0,357.6,174.6,0.6604,0
462,15.4154,94.1,2.3,358.1,174.8,0.1878,0
463,15.4488,77.1,1.6,357.1,167.9,0.539,0
464,15.4821,104.4,1.0,354.1,185.4,0.8532,0
465,15.5155,76.4,1.9,359.5,177.7,0.5149,0
466,15.5489,115.9,1.7,357.1,172.2,0.9228,0
467,15.5822,87.0,1.5,352.6,192.3,0.8338,0
468,15.6156,100.7,0.1,347.8,172.1,0.9159,0
469,15.649,94.7,14.1,352.6,170.7,0.9125,0
470,15.6823,77.9,2.6,353.4,170.3,0.8973,0
471,15.7157,84.2,3.9,351.5,176.1,0.8539,0
472,15.7491,69.8,0.6,352.0,172.7,0.1656,0
472,15.7491,88.7,0.9,351.6,168.9,0.1043,0
473,15.7824,28.3,2.7,356.6,178.4,0.8153,0
474,15.8158,16.0,0.1,385.7,203.5,0.6273,0
474,15.8158,49.7,0.6,361.8,177.0,0.2691,0
475,15.8492,77.8,0.1,377.0,169.3,0.6432,0
476,15.8825,96.7,0.2,381.1,176.9,0.8759,0
477,15.9159,60.6,0.6,377.8,174.8,0.4728,0
478,15.9493,42.5,2.4,353.3,177.9,0.8491,0
479,15.9826,41.8,2.4,361.5,178.5,0.8872,0
480,16.016,59.8,3.1,373.7,182.9,0.5747,0
480,16.016,33.3,0.6,384.9,195.4,0.3438,0
481,16.0494,111.8,1.9,358.0,182.1,0.8168,0
482,16.0827,102.5,1.9,356.3,176.4,0.8067,0
483,16.1161,86.2,1.6,356.3,173.8,0.8318,0
484,16.1495,44.3,2.4,363.7,172.6,0.8442,0
485,16.1828,86.7,0.3,364.4,167.4,0.8735,0
486,16.2162,107.2,1.1,358.4,167.2,0.9054,0
487,16.2496,104.3,0.1,359.3,165.5,0.7942,0
488,16.2829,58.8,1.2,351.1,172.5,0.5176,0
488,16.2829,48.3,1.9,356.0,177.6,0.2026,0
489,16.3163,69.8,1.8,354.7,177.0,0.6959,0
490,16.3497,34.9,3.1,361.1,189.6,0.8155,0
491,16.383,62.6,3.5,356.9,175.1,0.8595,0
491,16.383,42.1,0.7,184.0,173.4,0.3697,0
492,16.4164,33.7,1.4,360.6,184.9,0.9166,0
493,16.4498,36.1,1.7,364.1,185.0,0.8988,0
494,16.4831,105.3,2.2,369.1,172.2,0.8788,0
495,16.5165,64.4,2.2,359.4,174.8,0.818,0
496,16.5499,87.0,2.7,355.6,176.3,0.7615,0
497,16.5832,95.8,0.2,356.4,174.8,0.9044,0
498,16.6166,55.5,2.1,355.0,174.7,0.8188,0
499,16.65,94.3,3.1,357.2,173.2,0.7701,0
500,16.6833,27.7,1.4,364.6,189.4,0.3526,0
500,16.6833,86.7,1.5,360.6,167.9,0.352,0
501,16.7167,115.9,0.0,358.3,171.4,0.9216,0
502,16.7501,108.5,1.1,353.2,169.2,0.8581,0
502,16.7501,260.2,16.9,353.0,163.1,0.1994,0
503,16.7834,95.1,3.1,356.4,177.7,0.8978,0
503,16.7834,0.0,61.3,107.7,266.6,0.3531,1
504,16.8168,71.6,2.9,360.4,180.0,0.6062,0
504,16.8168,91.8,1.0,359.2,172.2,0.5849,0
504,16.8168,60.0,3.2,179.4,172.7,0.1408,0
505,16.8502,87.1,0.0,365.4,172.9,0.918,0
506,16.8835,70.1,2.4,355.1,177.2,0.9242,0
507,16.9169,96.8,2.8,358.4,184.1,0.8944,0
507,16.9169,97.6,51.1,156.8,170.8,0.1594,0
508,16.9503,71.1,1.7,360.5,179.0,0.8568,0
509,16.9836,52.3,1.2,360.1,176.1,0.9112,0
510,17.017,65.8,1.6,363.8,173.6,0.9269,0
511,17.0504,129.6,0.6,362.6,170.8,0.9155,0
512,17.0837,50.9,0.6,371.8,172.1,0.5292,0
512,17.0837,35.5,0.1,373.0,175.2,0.2992,0
513,17.1171,113.2,1.2,353.0,167.9,0.5606,0
513,17.1171,111.5,0.9,352.2,168.8,0.123,0
514,17.1505,97.4,0.7,358.7,172.7,0.946,0
514,17.1505,23.0,142.2,61.9,180.0,0.1329,0
515,17.1838,109.6,1.9,360.1,167.9,0.8607,0
516,17.2172,102.1,0.4,370.6,170.9,0.8747,0
517,17.2506,48.3,2.3,354.0,172.1,0.8901,0
518,17.2839,83.8,0.7,352.8,171.7,0.9026,0
519,17.3173,51.2,1.6,361.2,175.3,0.9339,0
520,17.3507,40.7,1.8,365.6,187.4,0.9194,0
521,17.384,29.9,0.0,371.4,187.1,0.7148,0
521,17.384,29.1,2.3,356.6,181.7,0.6919,0
522,17.4174,27.0,2.5,357.8,177.3,0.736,0
522,17.4174,31.7,0.0,367.6,182.9,0.3953,0
523,17.4508,39.4,2.6,370.5,174.5,0.8927,0
524,17.4841,80.0,2.2,371.3,179.0,0.8911,0
525,17.5175,92.7,2.5,356.4,178.0,0.8846,0
526,17.5509,71.7,4.3,366.8,174.5,0.4452,0
526,17.5509,70.3,2.8,365.9,178.4,0.3239,0
527,17.5842,101.3,0.0,376.4,172.4,0.9198,0
528,17.6176,85.0,0.0,402.5,170.3,0.8219,0
529,17.651,66.5,2.0,362.4,177.4,0.8897,0
530,17.6843,102.7,0.3,364.0,173.6,0.8776,0
531,17.7177,120.9,0.2,367.5,172.0,0.9133,0
531,17.7177,297.1,25.3,366.0,163.8,0.3195,0
532,17.7511,28.9,0.5,367.0,186.1,0.8838,0
533,17.7844,59.2,4.4,360.5,177.5,0.8552,0
534,17.8178,39.8,2.2,368.5,194.6,0.8903,0
535,17.8512,119.2,0.0,356.0,166.3,0.8391,0
536,17.8845,38.1,27.8,180.3,179.8,0.6946,0
536,17.8845,94.9,0.5,365.4,171.1,0.4658,0
537,17.9179,56.9,0.9,364.7,171.9,0.7961,0
538,17.9513,73.4,0.0,367.9,169.7,0.4972,0
538,17.9513,40.9,0.0,367.5,184.1,0.2601,0
539,17.9846,73.2,1.5,373.0,173.4,0.8456,0
540,18.018,96.0,1.6,370.5,178.9,0.859,0
541,18.0514,69.6,2.5,358.0,179.9,0.6631,0
541,18.0514,42.3,0.4,183.7,181.9,0.132,0
542,18.0847,67.2,4.5,372.6,174.3,0.6237,0
542,18.0847,37.8,0.2,180.9,180.9,0.1303,0
543,18.1181,80.6,1.9,392.7,174.7,0.7708,0
544,18.1515,88.0,0.8,373.1,181.4,0.6916,0
545,18.1848,41.7,2.7,382.9,176.7,0.8825,0
546,18.2182,59.1,3.3,352.9,174.2,0.8338,0
547,18.2516,40.7,3.1,354.9,173.7,0.9061,0
548,18.2849,99.6,3.0,361.7,172.2,0.8945,0
548,18.2849,171.1,221.3,196.6,234.5,0.3139,0
549,18.3183,65.4,2.6,372.6,174.6,0.6289,0
550,18.3517,85.6,1.0,361.7,171.8,0.6623,0
550,18.3517,86.8,2.7,364.1,172.8,0.1771,0
551,18.385,73.7,2.8,364.6,173.5,0.6605,0
551,18.385,74.9,0.7,363.8,172.9,0.244,0
552,18.4184,76.6,2.6,374.0,174.6,0.9174,0
553,18.4518,94.7,1.7,359.3,173.1,0.9315,0
554,18.4851,65.6,0.0,365.7,174.2,0.8639,0
555,18.5185,39.1,2.4,360.7,182.8,0.856,0
556,18.5519,91.2,1.1,359.4,172.2,0.922,0
557,18.5852,80.9,2.2,382.0,175.2,0.9134,0
558,18.6186,73.0,1.8,382.0,178.5,0.9145,0
559,18.652,67.1,3.3,355.7,177.4,0.8997,0
560,18.6853,64.8,0.5,366.8,177.8,0.7121,0
561,18.7187,60.0,2.2,369.9,191.8,0.792,0
561,18.7187,86.7,0.7,369.0,180.4,0.6408,0
562,18.7521,55.9,2.3,359.5,189.0,0.8119,0
563,18.7854,116.1,2.4,366.5,180.3,0.9119,0
564,18.8188,96.9,1.1,359.8,173.6,0.8104,0
565,18.8522,110.3,1.5,359.0,173.8,0.7673,0
565,18.8522,109.7,5.9,361.4,174.1,0.1369,0
566,18.8855,52.9,4.2,360.8,179.8,0.8752,0
567,18.9189,84.3,2.2,358.6,179.7,0.8799,0
568,18.9523,59.1,2.7,378.3,185.9,0.8054,0
569,18.9856,84.6,5.2,374.1,169.4,0.8367,0
570,19.019,52.4,1.8,363.8,174.2,0.9078,0
571,19.0524,30.1,3.3,360.3,173.9,0.8474,0
572,19.0857,29.1,1.8,368.6,171.8,0.8731,0
573,19.1191,104.9,0.9,357.4,174.6,0.9398,0
574,19.1525,52.2,1.8,364.7,177.3,0.8855,0
575,19.1858,51.9,2.6,371.6,182.5,0.9189,0
576,19.2192,75.2,1.6,366.4,175.3,0.8349,0
576,19.2192,72.8,1.3,367.8,175.6,0.6662,0
577,19.2526,53.5,1.6,356.6,174.8,0.8859,0
578,19.2859,44.4,2.6,358.1,188.0,0.7849,0
578,19.2859,39.4,0.5,367.6,190.9,0.7685,0
579,19.3193,40.9,4.2,362.2,179.0,0.5287,0
579,19.3193,40.9,1.0,370.7,189.9,0.1079,0
580,19.3527,37.6,1.4,366.2,206.6,0.7858,0
581,19.386,71.0,1.9,369.9,178.8,0.813,0
582,19.4194,48.4,2.1,364.2,184.8,0.882,0
583,19.4528,34.6,0.5,362.5,201.1,0.9049,0
583,19.4528,34.7,2.5,359.9,181.0,0.388,0
584,19.4861,66.3,2.3,362.2,200.5,0.8787,0
584,19.4861,0.7,72.5,87.8,260.9,0.204,1
585,19.5195,66.3,2.9,357.8,177.8,0.8779,0
586,19.5529,94.7,4.3,363.6,179.7,0.8918,0
586,19.5529,99.6,2.2,188.7,169.5,0.3397,0
587,19.5862,94.1,0.8,357.1,182.0,0.8005,0
588,19.6196,90.6,0.8,358.0,179.5,0.9245,0
589,19.653,46.0,2.1,356.8,176.4,0.8883,0
590,19.6863,103.2,3.8,358.6,176.8,0.9003,0
591,19.7197,44.9,2.8,355.9,181.0,0.8781,0
592,19.7531,66.1,0.8,382.6,173.6,0.5384,0
593,19.7864,72.7,0.5,374.3,172.8,0.3279,0
593,19.7864,68.7,0.5,373.8,171.4,0.2944,0
594,19.8198,58.4,4.0,365.5,173.0,0.2886,0
594,19.8198,78.8,1.4,365.1,172.0,0.1349,0
595,19.8532,91.7,2.2,361.2,174.7,0.4774,0
596,19.8865,45.2,1.7,358.4,175.3,0.7514,0
597,19.9199,42.0,1.9,353.6,179.2,0.8113,0
598,19.9533,41.4,1.3,352.7,190.2,0.8164,0
599,19.9866,66.2,2.1,356.7,178.6,0.8809,0
600,20.02,107.3,2.6,352.9,174.4,0.6734,0
601,20.0534,117.0,1.8,352.2,171.4,0.7987,0
602,20.0867,57.0,1.6,359.1,177.6,0.8878,0
603,20.1201,0.0,0.0,353.5,231.1,0.7834,0
603,20.1201,48.0,3.3,360.3,183.6,0.584,0
604,20.1535,50.0,2.3,353.8,174.7,0.8841,0
605,20.1868,84.4,1.1,354.4,172.9,0.9089,0
606,20.2202,50.6,10.5,360.3,172.4,0.8439,0
607,20.2536,22.5,0.7,372.1,195.0,0.5085,0
608,20.2869,41.9,0.0,367.0,206.0,0.7722,0
608,20.2869,42.5,2.3,356.6,188.9,0.1141,0
609,20.3203,58.0,1.8,353.9,186.6,0.7742,0
610,20.3537,77.3,0.1,352.3,172.0,0.9225,0
611,20.387,79.3,0.8,353.0,172.5,0.9174,0
612,20.4204,84.9,1.6,354.1,182.6,0.9052,0
613,20.4538,105.1,1.9,351.1,188.8,0.9104,0
614,20.4871,62.6,1.8,356.0,197.7,0.9027,0
615,20.5205,57.3,3.9,357.3,179.6,0.9023,0
616,20.5539,48.2,1.7,370.6,182.6,0.8983,0
617,20.5872,95.6,2.5,362.6,176.2,0.912,0
618,20.6206,99.0,6.5,356.2,171.8,0.4159,0
618,20.6206,105.5,1.2,184.3,169.4,0.302,0
619,20.654,105.6,0.3,190.6,168.7,0.8044,0
619,20.654,107.9,2.7,359.0,173.4,0.731,0
620,20.6873,60.7,1.8,358.0,175.9,0.8432,0
621,20.7207,85.9,0.2,370.1,170.8,0.8032,0
621,20.7207,0.0,22.5,96.6,250.5,0.1639,1
622,20.7541,52.7,1.8,362.0,174.0,0.8797,0
623,20.7874,119.8,0.2,355.2,170.2,0.928,0
624,20.8208,53.3,1.8,360.2,176.4,0.8585,0
625,20.8542,59.4,0.5,353.0,173.6,0.8428,0
626,20.8875,47.3,0.7,357.1,178.6,0.886,0
626,20.8875,56.3,0.0,352.2,174.0,0.3234,0
627,20.9209,71.6,1.6,362.0,172.4,0.9171,0
628,20.9543,93.7,0.5,355.8,171.2,0.933,0
629,20.9876,85.2,0.1,352.8,178.0,0.869,0
630,21.021,114.3,0.7,357.4,168.6,0.8902,0
631,21.0544,122.5,0.0,360.0,164.5,0.9319,0
632,21.0877,86.5,2.5,362.5,175.7,0.7949,0
633,21.1211,59.1,3.4,355.2,178.3,0.8239,0
634,21.1545,40.1,2.4,354.8,177.4,0.8797,0
635,21.1878,84.9,3.6,358.7,174.1,0.9137,0
636,21.2212,101.0,1.2,357.8,174.0,0.799,0
637,21.2546,44.4,3.9,364.3,175.1,0.6585,0
637,21.2546,41.0,1.1,367.4,180.3,0.4229,0
638,21.2879,89.0,1.2,365.6,170.9,0.82,0
639,21.3213,114.8,0.0,370.3,170.8,0.9141,0
640,21.3547,32.7,2.6,357.1,181.5,0.6825,0
640,21.3547,31.0,0.8,367.3,182.9,0.3048,0
641,21.388,112.8,6.0,362.5,169.1,0.8871,0
642,21.4214,102.0,3.7,363.5,170.6,0.7822,0
643,21.4548,87.3,0.3,352.2,170.6,0.7979,0
644,21.4881,96.7,3.3,351.1,175.8,0.8996,0
645,21.5215,97.8,1.0,351.5,173.7,0.9287,0
646,21.5549,70.3,0.8,349.3,170.7,0.8605,0
647,21.5882,54.2,2.7,355.0,177.4,0.906,0
648,21.6216,30.9,1.4,363.5,180.4,0.9285,0
649,21.655,61.3,1.8,358.8,173.9,0.9469,0
650,21.6883,23.8,1.2,361.6,186.0,0.9114,0
651,21.7217,48.5,1.3,365.0,179.8,0.914,0
652,21.7551,117.4,4.1,352.1,174.3,0.556,0
653,21.7884,110.8,2.3,350.4,175.9,0.9332,0
654,21.8218,79.0,1.5,352.4,176.0,0.9129,0
655,21.8552,95.4,2.4,360.5,173.7,0.9358,0
656,21.8885,93.2,0.9,373.9,172.1,0.9266,0
657,21.9219,59.8,2.8,376.4,174.8,0.8608,0
658,21.9553,62.8,2.3,349.6,178.7,0.8713,0
659,21.9886,30.9,2.4,352.2,182.0,0.8065,0
659,21.9886,30.0,0.4,366.8,195.4,0.5752,0
660,22.022,63.3,1.7,357.0,178.3,0.8689,0
660,22.022,37.7,156.6,59.3,183.5,0.4928,0
660,22.022,37.5,154.4,63.6,184.0,0.1052,0
661,22.0554,109.8,0.4,350.6,173.9,0.9058,0
662,22.0887,119.8,0.1,352.3,172.2,0.927,0
663,22.1221,121.7,0.0,361.4,167.4,0.9252,0
664,22.1555,62.1,4.3,369.3,172.3,0.88,0
665,22.1888,103.7,1.9,372.9,173.0,0.9474,0
666,22.2222,109.6,2.3,370.7,177.2,0.9279,0
667,22.2556,84.0,3.5,378.8,171.7,0.9088,0
668,22.2889,98.9,2.5,360.3,177.8,0.9321,0
669,22.3223,95.5,1.9,360.0,186.2,0.9184,0
670,22.3557,90.8,2.5,366.0,178.8,0.9235,0
671,22.389,66.7,2.8,356.4,179.4,0.825,0
671,22.389,63.3,58.1,162.7,171.0,0.1884,0
671,22.389,63.8,58.0,166.9,172.6,0.1392,0
672,22.4224,30.9,36.4,166.3,175.1,0.6059,0
672,22.4224,100.3,3.3,366.3,174.4,0.2866,0
672,22.4224,108.5,0.7,365.4,173.9,0.1762,0
673,22.4558,92.9,3.1,358.9,174.7,0.8144,0
674,22.4891,97.1,2.5,357.1,176.6,0.9078,0
675,22.5225,59.5,2.1,358.4,184.2,0.8722,0
676,22.5559,96.4,1.5,359.4,175.8,0.931,0
677,22.5892,57.4,2.1,359.1,178.2,0.9068,0
678,22.6226,125.8,0.5,351.0,171.7,0.9004,0
679,22.656,68.0,2.9,349.8,180.1,0.7375,0
679,22.656,41.1,1.4,173.2,179.2,0.7329,0
679,22.656,253.1,43.1,347.7,163.7,0.1207,0
680,22.6893,63.4,3.6,353.0,176.3,0.7429,0
680,22.6893,39.7,0.2,176.9,179.2,0.5837,0
681,22.7227,112.9,2.0,351.5,176.7,0.5809,0
682,22.7561,58.6,2.5,350.7,185.8,0.7221,0
683,22.7894,69.7,5.1,357.9,173.5,0.8812,0
684,22.8228,32.1,3.1,360.4,174.2,0.8266,0
684,22.8228,29.7,1.2,364.0,180.9,0.8009,0
685,22.8562,36.5,2.5,360.9,179.9,0.7313,0
685,22.8562,40.5,0.9,360.1,178.0,0.1991,0
686,22.8895,45.3,2.2,373.0,176.9,0.904,0
687,22.9229,91.2,3.6,373.5,172.3,0.8891,0
687,22.9229,45.6,0.0,184.0,174.7,0.1594,0
687,22.9229,90.3,0.3,208.7,169.1,0.1203,0
688,22.9563,31.1,0.0,188.1,184.0,0.7993,0
688,22.9563,294.3,32.4,360.5,160.9,0.7593,0
688,22.9563,68.9,5.3,372.0,174.4,0.1466,0
689,22.9896,70.1,6.9,354.5,172.7,0.8434,0
690,23.023,51.1,2.8,357.6,177.6,0.8167,0
691,23.0564,79.3,2.5,356.8,175.5,0.5101,0
692,23.0897,108.5,2.2,357.0,179.6,0.6918,0
692,23.0897,109.3,1.9,359.6,180.0,0.1715,0
693,23.1231,105.1,2.5,369.8,186.7,0.8256,0
693,23.1231,106.8,0.8,182.0,171.1,0.6223,0
694,23.1565,69.4,3.4,375.2,177.4,0.8232,0
695,23.1898,43.9,3.1,356.8,178.5,0.85,0
696,23.2232,69.5,2.9,363.7,176.9,0.9135,0
697,23.2566,98.3,0.4,371.6,173.8,0.7943,0
697,23.2566,37.6,13.8,162.2,215.6,0.1167,0
698,23.2899,103.8,0.6,377.5,171.9,0.8997,0
699,23.3233,94.2,0.5,351.9,169.9,0.9206,0
700,23.3567,88.0,0.7,353.9,171.2,0.9298,0
701,23.39,46.4,3.7,359.5,174.6,0.879,0
702,23.4234,51.3,2.7,377.3,175.6,0.8009,0
702,23.4234,55.3,4.0,376.5,172.2,0.645,0
703,23.4568,78.0,3.9,373.3,175.3,0.9011,0
704,23.4901,97.5,2.7,355.4,183.1,0.8883,0
705,23.5235,112.0,0.3,353.3,170.7,0.9332,0
706,23.5569,81.6,3.4,355.3,173.4,0.8728,0
707,23.5902,87.4,3.8,354.3,172.8,0.8604,0
708,23.6236,59.5,2.5,353.3,178.2,0.8733,0
709,23.657,75.7,4.9,370.7,168.9,0.8229,0
710,23.6903,64.4,2.5,372.9,174.3,0.6781,0
710,23.6903,56.7,1.5,375.0,184.7,0.2614,0
711,23.7237,58.3,2.7,354.6,173.1,0.8851,0
712,23.7571,64.1,1.9,362.3,200.7,0.8531,0
713,23.7904,93.8,1.9,368.6,173.2,0.8616,0
714,23.8238,103.9,2.6,352.2,173.3,0.2795,0
714,23.8238,105.4,0.7,352.0,172.3,0.2432,0
714,23.8238,109.0,44.2,162.4,170.6,0.2145,0
715,23.8572,108.7,2.6,358.4,179.0,0.8629,0
715,23.8572,109.7,0.8,162.6,167.8,0.3612,0
716,23.8905,108.8,0.9,354.4,176.6,0.8923,0
716,23.8905,109.2,0.7,182.6,168.8,0.1444,0
717,23.9239,70.1,2.0,357.1,178.7,0.9005,0
718,23.9573,125.2,1.6,369.5,168.1,0.9108,0
719,23.9906,44.3,4.1,360.0,173.2,0.8178,0
719,23.9906,261.0,27.1,359.9,162.9,0.1794,0
720,24.024,66.5,4.5,364.3,186.2,0.8406,0
721,24.0574,108.6,2.0,368.8,182.3,0.898,0
722,24.0907,99.9,2.3,365.1,175.9,0.9209,0
723,24.1241,96.7,1.8,357.1,175.5,0.9331,0
724,24.1575,96.8,1.8,354.3,178.8,0.9142,0
725,24.1908,53.8,1.6,363.9,179.3,0.9389,0
726,24.2242,52.2,12.7,164.6,175.1,0.7989,0
726,24.2242,86.0,11.8,362.6,170.5,0.4531,0
727,24.2576,83.0,3.0,370.4,173.1,0.6708,0
728,24.2909,105.3,1.6,368.6,175.4,0.9075,0
728,24.2909,103.0,0.7,165.5,169.4,0.3092,0
729,24.3243,100.3,2.9,358.6,176.0,0.9286,0
729,24.3243,171.1,221.5,196.3,233.5,0.1442,0
730,24.3577,74.9,2.5,360.0,175.9,0.9133,0
731,24.391,101.5,2.2,374.4,174.1,0.9176,0
732,24.4244,81.4,3.8,371.2,178.0,0.7519,0
733,24.4578,87.4,1.8,358.1,173.6,0.8839,0
734,24.4911,98.5,12.1,359.6,174.1,0.6538,0
734,24.4911,97.8,9.3,359.5,180.9,0.1401,0
735,24.5245,117.9,1.2,357.8,186.8,0.8982,0
735,24.5245,119.5,58.3,166.3,170.3,0.2658,0
735,24.5245,118.7,60.1,165.5,170.3,0.2292,0
736,24.5579,117.0,1.7,357.6,177.4,0.9149,0
737,24.5912,114.7,0.3,362.9,175.0,0.4912,0
737,24.5912,109.1,2.3,361.2,179.9,0.14,0
737,24.5912,110.7,3.4,362.8,176.6,0.1027,0
738,24.6246,67.5,2.8,373.0,174.5,0.7378,0
739,24.658,118.2,3.6,351.1,174.2,0.8063,0
740,24.6913,84.4,1.2,356.5,172.6,0.7013,0
740,24.6913,63.1,3.2,357.1,175.3,0.1821,0
741,24.7247,81.9,0.2,352.9,171.0,0.5915,0
742,24.7581,75.6,0.8,356.9,172.4,0.7638,0
743,24.7914,122.6,0.7,371.4,171.4,0.9015,0
743,24.7914,48.5,0.3,173.8,183.2,0.106,0
744,24.8248,124.1,0.8,370.7,170.7,0.9202,0
745,24.8582,84.1,2.3,369.9,174.0,0.7194,0
746,24.8915,118.1,0.5,360.2,170.0,0.921,0
746,24.8915,25.4,25.5,161.7,251.4,0.2505,0
747,24.9249,111.8,0.0,360.0,169.4,0.8749,0
747,24.9249,15.2,15.3,168.1,253.5,0.1765,0
747,24.9249,14.7,9.4,176.9,250.5,0.1677,0
748,24.9583,112.1,0.7,358.4,169.4,0.9261,0
748,24.9583,111.7,35.6,163.6,170.3,0.154,0
749,24.9916,111.8,5.2,361.0,171.8,0.9318,0
750,25.025,117.9,0.0,360.1,169.9,0.9278,0
751,25.0584,110.3,0.0,356.5,171.5,0.8288,0
752,25.0917,85.2,1.1,357.1,171.5,0.618,0
753,25.1251,59.4,1.9,179.0,175.2,0.4861,0
753,25.1251,90.7,1.8,363.8,172.9,0.4607,0
754,25.1585,71.2,1.7,359.1,178.4,0.8636,0
754,25.1585,62.1,0.0,179.0,174.5,0.1229,0
755,25.1918,76.6,2.5,360.9,176.7,0.8636,0
756,25.2252,74.1,1.5,353.9,172.7,0.8441,0
757,25.2586,52.0,0.3,359.5,175.0,0.8979,0
758,25.2919,49.3,0.9,363.0,179.6,0.8765,0
759,25.3253,45.9,2.3,366.0,179.5,0.9116,0
760,25.3587,85.5,1.7,386.1,177.9,0.82,0
761,25.392,47.7,2.8,361.2,177.5,0.9021,0
762,25.4254,23.2,0.1,369.3,204.6,0.8925,0
762,25.4254,303.2,36.0,350.1,161.2,0.8013,0
763,25.4588,54.0,2.9,366.5,179.5,0.914,0
764,25.4921,104.0,1.7,379.1,170.3,0.8996,0
765,25.5255,75.4,1.8,353.0,173.1,0.9134,0
766,25.5589,118.6,0.7,357.6,172.2,0.9168,0
767,25.5922,252.5,30.7,361.8,162.0,0.6922,0
767,25.5922,75.0,1.2,364.2,174.6,0.5523,0
768,25.6256,74.8,3.8,359.0,174.5,0.8727,0
769,25.659,94.4,2.3,372.1,177.4,0.8581,0
769,25.659,96.7,4.3,374.4,176.5,0.1265,0
770,25.6923,80.0,1.3,373.4,173.5,0.7351,0
771,25.7257,83.8,2.4,359.4,180.6,0.8955,0
772,25.7591,122.7,1.5,361.6,178.7,0.921,0
773,25.7924,117.2,3.5,373.7,171.9,0.9239,0
774,25.8258,97.6,1.5,377.0,171.5,0.8899,0
775,25.8592,69.1,0.4,385.4,171.0,0.5637,0
775,25.8592,61.6,2.2,393.8,170.2,0.1559,0
776,25.8925,55.2,2.2,361.8,181.4,0.8719,0
777,25.9259,53.0,2.7,369.6,176.5,0.8944,0
778,25.9593,68.3,2.0,368.3,172.3,0.8729,0
779,25.9926,80.5,1.3,376.9,168.4,0.9192,0
779,25.9926,0.2,11.1,87.2,262.1,0.1706,1
780,26.026,49.0,3.4,358.8,176.9,0.6418,0
781,26.0594,33.6,0.3,372.6,177.6,0.3503,0
781,26.0594,48.2,2.9,357.4,176.5,0.149,0
782,26.0927,35.4,1.4,356.4,177.5,0.8999,0
783,26.1261,28.1,0.0,383.5,202.7,0.8593,0
783,26.1261,24.4,2.6,358.9,178.5,0.6982,0
784,26.1595,34.4,0.9,366.5,187.8,0.8549,0
785,26.1928,75.9,0.0,363.2,171.7,0.7436,0
786,26.2262,47.2,2.4,361.5,180.4,0.9361,0
787,26.2596,64.2,1.4,369.7,175.4,0.8166,0
788,26.2929,52.7,2.8,365.8,175.6,0.6185,0
788,26.2929,40.5,2.1,366.8,180.3,0.3998,0
789,26.3263,48.3,2.7,362.5,175.3,0.8627,0
790,26.3597,29.6,0.0,382.3,215.9,0.7443,0
790,26.3597,16.3,3.6,376.2,178.9,0.6398,0
791,26.393,113.6,3.5,374.4,173.4,0.8874,0
792,26.4264,117.8,2.5,380.6,171.4,0.9349,0
793,26.4598,105.2,6.4,384.6,172.2,0.909,0
794,26.4931,88.3,0.1,360.4,171.1,0.3797,0
794,26.4931,84.8,1.9,360.6,171.3,0.3095,0
794,26.4931,297.0,42.1,362.4,160.2,0.2299,0
795,26.5265,297.4,50.4,361.7,159.9,0.8658,0
795,26.5265,84.4,1.9,360.2,174.4,0.7352,0
796,26.5599,81.1,2.9,355.6,172.7,0.8914,0
797,26.5932,120.4,1.8,360.5,170.3,0.9048,0
798,26.6266,116.0,2.0,357.9,170.6,0.6858,0
799,26.66,52.9,1.7,173.9,179.6,0.7283,0
799,26.66,97.8,9.6,360.7,172.6,0.6686,0
799,26.66,277.4,26.8,359.7,162.8,0.2651,0
800,26.6933,81.6,1.2,359.7,172.7,0.5738,0
801,26.7267,110.5,0.5,353.0,171.7,0.7996,0
802,26.7601,64.5,0.2,356.0,169.9,0.8489,0
803,26.7934,94.1,0.6,357.6,167.8,0.7244,0
803,26.7934,70.7,0.1,363.0,170.4,0.383,0
804,26.8268,118.6,1.3,358.6,169.1,0.9377,0
805,26.8602,102.6,4.1,357.3,170.1,0.8518,0
806,26.8935,109.8,0.2,372.7,170.4,0.8887,0
807,26.9269,116.0,1.0,364.6,168.4,0.9281,0
808,26.9603,46.6,0.8,360.6,180.4,0.9103,0
809,26.9936,50.5,0.9,359.9,178.3,0.471,0
809,26.9936,53.7,1.6,355.8,174.2,0.1546,0
810,27.027,94.5,0.7,366.4,171.8,0.712,0
811,27.0604,117.0,0.9,368.6,170.8,0.3911,0
811,27.0604,114.1,1.6,369.6,171.3,0.1645,0
812,27.0937,51.3,0.9,361.0,180.7,0.9147,0
813,27.1271,66.1,2.3,356.2,179.6,0.8886,0
814,27.1605,92.6,4.3,364.8,169.6,0.846,0
815,27.1938,96.2,2.8,365.8,168.9,0.8468,0
816,27.2272,108.2,2.8,372.5,170.2,0.9257,0
817,27.2606,91.1,1.7,364.6,170.1,0.1085,0
818,27.2939,94.3,0.6,361.3,169.6,0.8398,0
819,27.3273,98.7,2.8,363.2,168.0,0.8903,0
820,27.3607,75.7,2.3,358.4,175.4,0.8716,0
821,27.394,84.2,0.5,359.0,169.3,0.5598,0
821,27.394,45.6,6.7,172.0,181.5,0.2666,0
822,27.4274,122.6,2.2,358.1,166.6,0.8982,0
823,27.4608,66.4,2.8,365.7,200.2,0.8419,0
824,27.4941,58.7,2.6,357.0,176.0,0.8802,0
825,27.5275,38.6,1.8,359.3,184.1,0.9207,0
826,27.5609,79.5,2.3,352.9,182.3,0.2643,0
826,27.5609,50.9,6.3,363.0,199.4,0.2164,0
827,27.5942,85.7,1.8,352.7,173.8,0.8074,0
828,27.6276,71.5,2.5,355.1,174.3,0.9207,0
829,27.661,130.0,1.9,353.7,167.7,0.7235,0
830,27.6943,72.3,3.9,361.8,170.1,0.8986,0
831,27.7277,96.8,2.6,371.9,172.5,0.8913,0
832,27.7611,65.5,1.9,363.0,174.3,0.9033,0
833,27.7944,96.7,3.0,358.4,175.4,0.8911,0
833,27.7944,296.5,28.5,358.7,160.8,0.372,0
833,27.7944,296.9,26.8,358.1,162.5,0.1574,0
834,27.8278,46.3,3.5,361.8,177.7,0.808,0
834,27.8278,37.4,0.1,369.8,188.0,0.4363,0
835,27.8612,55.6,3.0,357.9,174.9,0.8791,0
836,27.8945,45.0,1.4,360.6,180.8,0.8683,0
837,27.9279,73.6,4.3,352.6,176.0,0.9109,0
838,27.9613,121.2,1.8,351.8,172.1,0.7835,0
839,27.9946,115.6,2.3,361.7,171.9,0.8933,0
840,28.028,108.9,1.7,353.0,170.4,0.8569,0
841,28.0614,99.1,1.1,359.4,171.1,0.9386,0
842,28.0947,99.0,0.9,357.2,169.4,0.9272,0
843,28.1281,96.8,1.8,367.1,177.4,0.9278,0
844,28.1615,97.4,1.5,379.5,175.8,0.8873,0
845,28.1948,95.3,0.8,390.3,174.0,0.8862,0
846,28.2282,78.9,2.1,369.8,173.0,0.3446,0
847,28.2616,86.9,2.4,363.0,173.9,0.391,0
847,28.2616,89.3,2.3,364.1,170.8,0.2037,0
847,28.2616,92.9,0.1,362.4,171.4,0.1363,0
848,28.2949,72.9,0.4,359.4,173.4,0.799,0
849,28.3283,54.8,1.1,364.6,180.8,0.9282,0
850,28.3617,49.6,0.8,361.8,175.2,0.6055,0
850,28.3617,41.9,0.0,366.6,174.1,0.4982,0
851,28.395,89.1,0.0,352.6,172.5,0.4456,0
851,28.395,262.2,1.0,351.7,161.5,0.3144,0
852,28.4284,62.7,2.9,351.7,178.0,0.8659,0
853,28.4618,107.4,0.2,358.3,169.8,0.8106,0
853,28.4618,101.5,1.1,167.1,169.0,0.189,0
854,28.4951,61.4,0.3,363.5,172.7,0.7113,0
855,28.5285,56.7,0.2,358.8,171.6,0.6988,0
855,28.5285,37.9,0.7,364.1,180.4,0.6831,0
856,28.5619,33.4,2.0,356.5,179.5,0.7808,0
856,28.5619,46.3,0.7,352.7,173.2,0.168,0
857,28.5952,66.7,0.3,351.2,174.1,0.6684,0
858,28.6286,43.8,1.7,353.1,174.1,0.8672,0
859,28.662,113.5,0.9,359.0,170.5,0.9189,0
859,28.662,116.7,16.3,139.8,60.0,0.5115,0
860,28.6953,111.1,0.1,360.9,170.0,0.9358,0
861,28.7287,110.0,0.5,360.3,171.0,0.8297,0
861,28.7287,45.0,1.1,176.9,174.2,0.4689,0
862,28.7621,25.6,0.9,371.7,176.2,0.8205,0
862,28.7621,43.8,0.8,366.2,173.9,0.5964,0
863,28.7954,53.3,1.1,374.9,174.2,0.6744,0
863,28.7954,33.5,0.4,379.4,178.1,0.1803,0
864,28.8288,55.2,4.7,357.2,178.5,0.8312,0
865,28.8622,115.7,0.5,359.6,173.4,0.887,0
866,28.8955,119.4,1.3,363.4,171.6,0.9233,0
867,28.9289,97.3,1.2,355.0,173.6,0.9241,0
868,28.9623,120.4,0.0,348.9,167.4,0.8085,0
869,28.9956,91.2,1.0,353.2,173.0,0.9228,0
870,29.029,81.7,2.9,356.8,173.6,0.9308,0
871,29.0624,68.7,1.5,354.9,176.3,0.6583,0
871,29.0624,287.4,31.9,353.2,161.7,0.4579,0
872,29.0957,66.2,3.3,348.5,180.0,0.8932,0
873,29.1291,95.8,2.5,352.3,171.5,0.9132,0
874,29.1625,64.3,3.0,353.3,172.8,0.9141,0
875,29.1958,64.9,3.0,354.0,177.2,0.7628,0
876,29.2292,54.9,1.0,353.9,173.2,0.8095,0
877,29.2626,101.3,1.3,356.6,171.1,0.6425,0
878,29.2959,119.7,8.0,352.4,171.0,0.7641,0
878,29.2959,117.8,61.7,183.1,166.1,0.6999,0
879,29.3293,98.3,35.2,186.4,173.2,0.7331,0
879,29.3293,130.6,1.6,352.2,172.9,0.4405,0
880,29.3627,90.7,3.3,355.8,178.1,0.8547,0
881,29.396,104.4,0.8,351.1,173.6,0.925,0
882,29.4294,101.7,0.3,349.0,171.4,0.9363,0
883,29.4628,42.7,2.0,354.3,172.6,0.8386,0
884,29.4961,97.2,0.9,349.8,170.1,0.804,0
885,29.5295,45.2,1.3,357.6,180.4,0.9292,0
886,29.5629,103.5,2.1,350.2,170.0,0.9127,0
887,29.5962,75.2,2.8,351.9,173.0,0.9356,0
888,29.6296,76.4,2.6,352.5,173.8,0.9271,0
889,29.663,104.6,0.0,355.5,170.5,0.6042,0
889,29.663,80.5,41.4,179.8,172.0,0.6027,0
890,29.6963,64.1,0.1,362.6,174.1,0.8139,0
891,29.7297,91.1,0.0,366.7,169.8,0.7421,0
892,29.7631,49.9,1.9,357.8,173.6,0.8201,0
893,29.7964,78.6,2.6,351.0,175.3,0.9286,0
894,29.8298,109.2,2.7,359.1,172.8,0.9148,0
895,29.8632,90.1,2.5,362.5,174.8,0.8742,0
896,29.8965,110.7,0.2,363.6,169.5,0.9278,0
897,29.9299,257.2,0.7,365.3,162.0,0.8464,0
897,29.9299,83.8,0.6,363.5,170.8,0.4016,0
898,29.9633,94.6,1.4,181.5,168.2,0.8136,0
898,29.9633,118.1,1.0,363.7,167.7,0.7504,0
898,29.9633,81.6,1.2,179.0,170.1,0.3738,0
899,29.9966,75.0,1.4,372.2,171.1,0.8669,0
900,30.03,74.6,3.2,380.2,184.0,0.8249,0
900,30.03,46.3,0.5,185.6,178.6,0.2576,0
901,30.0634,116.3,53.9,180.5,170.0,0.8291,0
901,30.0634,113.3,3.3,372.2,172.5,0.6623,0
902,30.0967,107.2,0.0,366.4,170.2,0.9031,0
903,30.1301,66.7,12.8,177.5,173.5,0.6693,0
903,30.1301,106.9,0.7,356.7,171.6,0.449,0
904,30.1635,70.1,0.6,359.4,174.7,0.9112,0
905,30.1968,66.4,2.6,354.5,177.1,0.9154,0
906,30.2302,53.3,2.8,358.0,178.5,0.8963,0
907,30.2636,49.8,1.6,361.2,178.0,0.8657,0
908,30.2969,48.9,2.4,357.4,175.4,0.8933,0
909,30.3303,50.7,1.4,359.7,177.1,0.8684,0
909,30.3303,41.3,0.8,168.5,175.4,0.2814,0
910,30.3637,70.3,3.2,359.1,179.2,0.9226,0
911,30.397,61.7,1.4,368.2,177.9,0.9225,0
912,30.4304,302.6,0.5,364.7,162.0,0.8348,0
912,30.4304,49.6,1.1,360.0,177.6,0.2159,0
912,30.4304,36.6,0.3,366.9,182.5,0.152,0
913,30.4638,61.3,2.7,360.0,176.3,0.6165,0
913,30.4638,91.2,1.2,359.0,170.6,0.3961,0
914,30.4971,67.1,2.4,365.5,171.3,0.5934,0
915,30.5305,103.3,1.7,363.9,175.6,0.7499,0
915,30.5305,271.7,12.2,362.3,160.5,0.1784,0
916,30.5639,72.5,1.8,360.6,172.9,0.8097,0
917,30.5972,120.2,0.8,373.9,177.3,0.8956,0
918,30.6306,67.5,31.3,181.8,170.4,0.6954,0
918,30.6306,93.8,0.8,358.0,168.7,0.6536,0
919,30.664,107.6,0.5,358.6,170.8,0.7109,0
920,30.6973,80.9,2.3,354.0,175.6,0.8517,0
921,30.7307,112.2,0.4,357.5,167.2,0.8886,0
922,30.7641,71.1,0.2,356.5,169.9,0.7083,0
923,30.7974,100.3,0.7,377.2,172.3,0.9193,0
924,30.8308,108.2,1.2,392.0,171.1,0.7874,0
924,30.8308,95.4,0.0,196.2,170.9,0.2199,0
925,30.8642,93.2,2.7,374.5,170.5,0.7614,0
926,30.8975,62.6,2.8,358.3,175.3,0.9098,0
927,30.9309,93.2,0.5,356.3,173.0,0.9212,0
928,30.9643,91.5,1.3,368.6,174.6,0.7808,0
928,30.9643,92.2,1.5,372.0,173.1,0.3662,0
929,30.9976,82.6,1.7,358.9,178.2,0.9108,0
930,31.031,76.2,1.0,357.7,173.8,0.9117,0
931,31.0644,88.2,0.0,351.7,171.7,0.9205,0
931,31.0644,0.1,15.6,107.3,255.3,0.1748,1
932,31.0977,52.7,2.3,357.5,175.9,0.9196,0
933,31.1311,84.5,3.2,358.7,177.2,0.9408,0
934,31.1645,66.3,1.8,379.0,175.3,0.739,0
935,31.1978,53.6,3.7,395.7,172.1,0.7389,0
936,31.2312,93.7,0.7,379.0,173.8,0.8809,0
937,31.2646,88.0,0.0,369.6,170.4,0.6935,0
938,31.2979,95.5,0.4,359.0,169.7,0.8885,0
939,31.3313,38.8,2.3,359.3,173.0,0.7469,0
939,31.3313,23.6,0.1,379.8,182.8,0.2086,0
940,31.3647,75.1,2.0,356.3,172.2,0.6679,0
941,31.398,101.8,2.4,359.1,172.0,0.9245,0
942,31.4314,102.4,2.5,368.5,174.9,0.7733,0
943,31.4648,102.9,0.5,367.1,171.1,0.8596,0
944,31.4981,34.1,3.1,362.5,173.5,0.8629,0
945,31.5315,96.4,2.0,364.4,176.2,0.8822,0
946,31.5649,115.6,3.2,366.5,172.7,0.695,0
947,31.5982,83.0,0.0,362.7,172.5,0.8951,0
948,31.6316,60.4,1.5,377.0,176.7,0.9167,0
949,31.665,93.5,1.5,363.8,168.9,0.799,0
949,31.665,0.0,37.8,81.8,260.6,0.1129,1
950,31.6983,66.6,2.3,363.2,177.1,0.9373,0
951,31.7317,61.6,2.6,357.3,173.3,0.7903,0
952,31.7651,121.0,0.4,361.8,172.4,0.9132,0
953,31.7984,119.6,2.7,362.4,169.9,0.9145,0
954,31.8318,118.1,0.8,363.3,169.4,0.9227,0
955,31.8652,118.9,0.1,367.7,170.5,0.9325,0
956,31.8985,116.4,3.0,360.5,171.9,0.8811,0
957,31.9319,120.8,0.4,358.3,167.7,0.8782,0
957,31.9319,98.3,0.0,191.9,172.3,0.3284,0
958,31.9653,96.0,2.9,363.8,174.1,0.8711,0
959,31.9986,117.6,0.5,367.0,168.3,0.8963,0
959,31.9986,76.6,1.8,182.4,171.5,0.415,0
959,31.9986,96.4,1.6,187.9,168.2,0.2991,0
960,32.032,85.5,0.0,362.4,169.9,0.7628,0
961,32.0654,97.1,1.6,365.9,172.5,0.7944,0
962,32.0987,89.2,1.0,354.6,172.6,0.9203,0
963,32.1321,93.6,5.0,356.6,172.8,0.9329,0
964,32.1655,91.9,4.5,361.3,172.2,0.8704,0
965,32.1988,60.9,3.8,356.7,176.1,0.8807,0
966,32.2322,78.9,3.1,357.4,173.7,0.8786,0
967,32.2656,53.8,3.3,364.6,176.2,0.8106,0
967,32.2656,36.0,0.9,362.1,184.1,0.292,0
968,32.2989,73.7,3.8,372.5,173.5,0.7426,0
968,32.2989,46.8,0.3,181.1,175.8,0.2587,0
969,32.3323,74.6,3.2,377.0,174.6,0.8485,0
970,32.3657,42.8,2.1,378.9,173.5,0.7999,0
970,32.3657,56.6,3.0,377.3,171.3,0.3816,0
971,32.399,89.8,3.9,379.8,171.8,0.9208,0
972,32.4324,75.1,1.5,367.7,174.2,0.6719,0
972,32.4324,296.4,36.6,365.4,160.9,0.4319,0
973,32.4658,80.2,0.8,373.2,171.9,0.8657,0
974,32.4991,82.9,3.2,372.1,171.9,0.9026,0
975,32.5325,64.9,1.5,376.9,177.8,0.6016,0
976,32.5659,100.1,10.1,364.8,169.9,0.7871,0
977,32.5992,102.4,1.4,384.7,173.5,0.7962,0
977,32.5992,98.2,47.1,193.8,171.5,0.7483,0
977,32.5992,295.0,38.7,381.4,162.3,0.4731,0
978,32.6326,93.6,3.9,414.4,179.7,0.8215,0
979,32.666,85.9,0.5,416.8,174.8,0.8785,0
980,32.6993,61.0,0.0,409.8,174.6,0.7512,0
980,32.6993,54.1,1.3,399.1,176.6,0.2307,0
981,32.7327,83.9,1.0,408.7,175.9,0.829,0
982,32.7661,99.9,4.8,372.0,172.5,0.8965,0
983,32.7994,106.6,0.1,364.9,170.4,0.9088,0
984,32.8328,63.8,1.3,370.5,170.8,0.8217,0
985,32.8662,119.3,3.2,359.5,169.6,0.8904,0
986,32.8995,120.3,9.1,364.4,168.9,0.9281,0
987,32.9329,123.5,2.8,374.5,169.8,0.9137,0
987,32.9329,123.7,1.0,197.6,169.0,0.1733,0
988,32.9663,62.5,2.1,399.2,172.0,0.8231,0
989,32.9996,48.3,2.2,402.6,174.5,0.8715,0
990,33.033,34.8,3.2,389.3,173.0,0.8765,0
990,33.033,27.6,141.5,56.5,176.7,0.4589,0
991,33.0664,122.4,0.3,363.6,171.9,0.9415,0
992,33.0997,112.8,3.7,368.1,171.1,0.9258,0
993,33.1331,95.0,1.1,367.5,173.6,0.9016,0
994,33.1665,72.7,2.1,376.9,174.4,0.897,0
995,33.1998,82.5,0.9,353.1,178.6,0.9054,0
995,33.1998,296.1,42.7,351.4,161.1,0.7967,0
996,33.2332,67.4,2.6,354.5,174.9,0.9109,0
997,33.2666,100.5,0.9,359.6,173.6,0.9242,0
998,33.2999,118.0,0.2,362.4,169.4,0.9155,0
998,33.2999,116.5,0.9,184.5,168.7,0.3526,0
999,33.3333,112.6,1.0,385.1,169.1,0.6667,0
1000,33.3667,81.8,2.1,387.3,173.2,0.6321,0
1001,33.4,57.1,3.9,371.8,170.4,0.8402,0
1002,33.4334,65.1,0.6,379.1,170.5,0.7249,0
1003,33.4668,57.6,1.8,362.4,174.8,0.8608,0
1004,33.5001,56.2,2.5,369.5,177.2,0.8605,0
1005,33.5335,86.1,0.8,365.0,173.3,0.6313,0
1005,33.5335,84.9,3.2,365.8,173.4,0.1328,0
1006,33.5669,49.4,1.3,361.9,177.2,0.8531,0
1007,33.6002,84.9,1.9,371.1,172.3,0.8608,0
1008,33.6336,63.4,2.6,378.3,176.9,0.8544,0
1009,33.667,104.4,1.6,372.2,173.4,0.9208,0
1010,33.7003,104.2,3.7,366.4,170.2,0.8889,0
1010,33.7003,98.7,1.1,186.5,169.4,0.4822,0
1011,33.7337,109.2,7.8,360.3,175.7,0.7914,0
1011,33.7337,99.9,0.5,186.5,170.1,0.4592,0
1012,33.7671,79.6,1.3,372.0,176.2,0.8546,0
1013,33.8004,102.3,1.5,374.4,171.2,0.9404,0
1014,33.8338,75.0,2.9,370.5,171.3,0.9226,0
1015,33.8672,96.0,4.9,366.3,172.7,0.9176,0
1016,33.9005,104.0,2.8,373.1,170.5,0.8221,0
1017,33.9339,94.5,4.6,374.6,171.6,0.8222,0
1018,33.9673,79.1,2.2,373.4,177.8,0.9004,0
1019,34.0006,93.1,2.4,370.0,173.9,0.7312,0
1019,34.0006,98.7,4.1,371.1,170.4,0.2383,0
1020,34.034,103.0,3.5,372.1,171.1,0.917,0
1021,34.0674,103.4,0.1,368.2,171.9,0.8617,0
1022,34.1007,64.7,1.4,364.1,175.0,0.8986,0
1023,34.1341,100.4,2.8,363.7,173.7,0.9076,0
1024,34.1675,47.6,2.6,365.3,174.9,0.907,0
1025,34.2008,104.9,2.7,366.7,172.3,0.9145,0
1026,34.2342,78.5,1.4,365.7,173.0,0.9308,0
1027,34.2676,98.4,1.2,367.6,172.8,0.7797,0
1027,34.2676,249.8,20.6,364.9,162.5,0.3244,0
1028,34.3009,84.7,1.7,361.8,174.5,0.9148,0
1029,34.3343,111.6,2.9,363.6,169.9,0.8676,0
1029,34.3343,260.7,58.2,363.8,161.9,0.1397,0
1030,34.3677,108.3,2.4,350.8,182.1,0.8291,0
1031,34.401,105.0,3.4,359.3,172.9,0.8768,0
1032,34.4344,101.0,0.7,358.0,174.0,0.8667,0
1033,34.4678,90.4,3.2,365.0,172.6,0.9201,0
1034,34.5011,90.4,1.4,369.3,178.9,0.8385,0
1035,34.5345,62.9,1.7,372.8,175.2,0.8503,0
1036,34.5679,53.0,2.0,368.5,180.9,0.9081,0
1037,34.6012,82.1,2.4,351.5,178.1,0.8825,0
1038,34.6346,54.7,2.1,362.2,174.2,0.8899,0
1039,34.668,84.5,3.4,365.2,170.8,0.7958,0
1040,34.7013,85.2,1.0,372.6,170.6,0.5072,0
1040,34.7013,74.5,2.8,374.0,173.5,0.1644,0
1041,34.7347,91.8,0.1,360.5,170.9,0.8406,0
1042,34.7681,96.3,2.5,355.4,173.7,0.8775,0
1043,34.8014,92.1,2.1,357.9,179.1,0.6397,0
1043,34.8014,98.0,2.0,359.5,174.1,0.2201,0
1044,34.8348,71.4,1.2,359.6,179.4,0.8622,0
1045,34.8682,83.6,2.2,357.5,177.7,0.927,0
1046,34.9015,101.8,1.5,366.7,175.0,0.9203,0
1047,34.9349,121.6,2.3,359.1,174.2,0.8367,0
1048,34.9683,109.0,0.7,352.7,175.1,0.8932,0
1049,35.0016,111.1,0.8,363.2,172.3,0.8832,0
1050,35.035,82.4,0.1,383.7,174.7,0.7921,0
1051,35.0684,105.2,1.0,406.0,173.0,0.9021,0
1052,35.1017,104.2,6.3,367.6,173.2,0.8659,0
1052,35.1017,97.1,48.7,167.0,171.4,0.1637,0
1053,35.1351,93.4,5.2,372.4,173.9,0.8215,0
1054,35.1685,52.6,3.4,365.6,181.0,0.8332,0
1055,35.2018,56.9,2.6,375.9,184.3,0.6898,0
1055,35.2018,49.0,2.0,373.8,191.6,0.581,0
1056,35.2352,54.6,2.2,375.8,182.3,0.8478,0
1056,35.2352,77.2,0.8,373.9,175.0,0.5864,0
1057,35.2686,68.5,1.5,382.4,177.6,0.9272,0
1058,35.3019,62.7,3.9,379.3,178.3,0.9188,0
1059,35.3353,99.0,0.2,368.4,175.0,0.925,0
1060,35.3687,68.8,1.9,382.1,179.5,0.894,0
1061,35.402,68.3,1.5,357.0,181.3,0.798,0
1062,35.4354,77.3,0.8,357.8,175.0,0.8228,0
1063,35.4688,87.9,1.2,363.8,172.9,0.819,0
1064,35.5021,58.3,1.3,370.9,179.8,0.8898,0
1065,35.5355,97.0,1.4,365.0,180.0,0.8687,0
1066,35.5689,85.1,2.0,360.1,175.9,0.9145,0
1067,35.6022,62.0,4.0,357.9,179.2,0.913,0
1068,35.6356,78.2,0.8,367.6,169.4,0.8723,0
1069,35.669,67.6,1.2,372.1,171.6,0.8125,0
1069,35.669,296.9,51.7,367.2,159.6,0.1108,0
1070,35.7023,92.1,0.4,354.4,173.6,0.8842,0
1070,35.7023,297.3,30.5,352.7,160.8,0.272,0
1071,35.7357,59.5,2.4,354.5,176.9,0.8677,0
1072,35.7691,49.9,1.7,358.5,178.6,0.882,0
1072,35.7691,46.7,0.8,361.1,180.7,0.1521,0
1073,35.8024,92.0,0.7,354.8,168.6,0.9197,0
1074,35.8358,79.1,2.5,355.6,170.8,0.6463,0
1075,35.8692,79.0,1.2,362.0,172.4,0.9234,0
1076,35.9025,50.9,1.6,363.7,178.1,0.8985,0
1077,35.9359,60.4,1.5,376.6,174.1,0.8662,0
1078,35.9693,60.3,1.8,386.7,180.6,0.7941,0
1078,35.9693,64.5,2.9,383.6,175.6,0.1446,0
1079,36.0026,68.5,2.3,352.4,172.5,0.8946,0
1080,36.036,80.6,2.3,355.4,174.0,0.9287,0
1081,36.0694,92.5,1.2,367.6,168.6,0.5944,0
1082,36.1027,107.2,2.0,375.3,170.9,0.8867,0
1083,36.1361,91.5,3.5,361.2,171.1,0.7262,0
1083,36.1361,297.9,32.0,360.8,159.5,0.4679,0
1084,36.1695,98.7,1.2,369.9,168.8,0.7786,0
1085,36.2028,51.0,2.0,363.0,184.2,0.9056,0
1086,36.2362,89.5,3.8,370.1,179.4,0.8791,0
1087,36.2696,79.3,3.6,387.1,174.2,0.8959,0
1088,36.3029,84.0,0.4,386.5,171.4,0.7038,0
1088,36.3029,54.4,0.0,183.6,175.3,0.2185,0
1089,36.3363,108.1,0.1,366.9,166.9,0.8465,0
1090,36.3697,107.5,0.1,363.1,170.2,0.3583,0
1090,36.3697,99.8,2.4,363.3,169.7,0.3064,0
1091,36.403,117.1,0.5,348.0,168.5,0.8779,0
1092,36.4364,66.8,29.0,174.1,176.3,0.7587,0
1092,36.4364,104.8,0.7,352.0,171.0,0.417,0
1093,36.4698,77.0,2.5,358.2,184.4,0.8826,0
1093,36.4698,66.0,0.0,185.3,175.9,0.3429,0
1094,36.5031,64.1,2.9,360.3,185.2,0.9034,0
1095,36.5365,72.5,2.6,371.0,170.6,0.9142,0
1096,36.5699,78.3,1.3,356.2,170.7,0.8847,0
1097,36.6032,93.2,5.2,358.9,169.4,0.8855,0
1098,36.6366,78.7,3.1,368.1,176.3,0.9248,0
1099,36.67,93.0,1.6,359.2,180.3,0.7036,0
1099,36.67,290.9,40.0,357.9,159.7,0.4625,0
1100,36.7033,103.3,2.4,359.8,180.0,0.6559,0
1100,36.7033,108.5,1.3,360.6,168.7,0.3801,0
1100,36.7033,28.7,3.6,209.9,252.1,0.2381,0
1101,36.7367,110.6,5.6,370.4,171.3,0.8773,0
1101,36.7367,103.7,0.2,186.4,167.9,0.2645,0
1102,36.7701,110.7,1.0,358.7,175.1,0.7044,0
1103,36.8034,118.4,1.1,361.8,167.7,0.8377,0
1104,36.8368,78.2,0.3,358.6,174.1,0.7994,0
1105,36.8702,108.1,5.2,360.0,172.7,0.4754,0
1105,36.8702,107.6,3.3,359.4,171.8,0.2327,0
1106,36.9035,112.3,2.4,359.1,170.9,0.9117,0
1107,36.9369,42.9,2.4,362.6,174.5,0.6649,0
1107,36.9369,68.6,0.7,360.3,171.5,0.4339,0
1108,36.9703,84.2,0.0,359.2,166.7,0.8046,0
1108,36.9703,40.7,38.7,175.9,173.7,0.1788,0
1109,37.0036,108.9,0.5,361.7,167.7,0.9009,0
1109,37.0036,24.9,80.3,184.3,244.5,0.2407,0
1110,37.037,111.4,2.5,363.6,168.4,0.8332,0
1111,37.0704,109.4,0.9,372.8,164.4,0.8467,0
1111,37.0704,106.5,1.1,187.0,165.1,0.2044,0
1111,37.0704,106.9,1.2,165.8,164.1,0.1626,0
1112,37.1037,73.6,3.9,385.5,168.3,0.5183,0
1112,37.1037,85.4,1.3,377.2,168.3,0.1461,0
1113,37.1371,64.8,4.3,355.8,180.2,0.8659,0
1114,37.1705,54.8,4.2,361.4,177.7,0.8863,0
1115,37.2038,96.8,2.3,357.5,179.3,0.9297,0
1116,37.2372,69.4,2.5,361.3,176.6,0.84,0
1117,37.2706,71.3,2.1,368.1,169.7,0.6844,0
1118,37.3039,22.6,3.1,359.2,174.7,0.6334,0
1118,37.3039,28.6,0.0,284.8,194.4,0.127,0
1119,37.3373,32.9,2.1,365.2,185.7,0.8731,0
1120,37.3707,90.2,0.1,373.3,169.0,0.7415,0
1121,37.404,82.5,2.0,373.0,171.2,0.6726,0
1121,37.404,53.4,0.1,244.3,174.0,0.6449,0
1122,37.4374,111.0,3.9,366.8,172.2,0.9303,0
1123,37.4708,76.2,0.6,364.4,174.5,0.8586,0
1124,37.5041,47.1,2.0,373.3,178.9,0.9,0
1125,37.5375,53.7,1.9,359.2,178.1,0.9219,0
1126,37.5709,37.3,1.1,361.5,191.7,0.9338,0
1127,37.6042,28.4,1.0,369.8,185.5,0.9015,0
1128,37.6376,114.8,0.0,363.1,170.4,0.8912,0
1129,37.671,79.4,1.9,352.9,177.8,0.3783,0
1129,37.671,87.1,0.6,351.8,176.9,0.1089,0
1130,37.7043,71.7,2.6,360.7,176.0,0.889,0
1131,37.7377,124.7,0.7,364.3,167.7,0.856,0
1132,37.7711,117.9,0.5,358.1,171.5,0.7907,0
1132,37.7711,74.2,0.0,225.6,172.1,0.1079,0
1133,37.8044,128.3,1.6,372.2,168.3,0.8644,0
1133,37.8044,117.8,0.5,196.7,169.0,0.2131,0
1134,37.8378,62.3,2.1,403.4,182.2,0.7237,0
1135,37.8712,118.0,3.4,363.8,177.7,0.8838,0
1135,37.8712,116.5,0.7,186.0,170.9,0.1352,0
1136,37.9045,57.8,2.1,355.9,177.2,0.8492,0
1137,37.9379,68.6,3.2,357.1,179.9,0.8939,0
1137,37.9379,343.6,211.9,366.7,234.9,0.1056,0
1138,37.9713,68.2,2.2,370.2,175.5,0.9015,0
1139,38.0046,83.9,2.5,355.9,174.8,0.9402,0
1140,38.038,85.3,3.0,352.8,176.5,0.9294,0
1141,38.0714,63.1,2.5,353.6,180.2,0.8477,0
1142,38.1047,71.6,1.8,363.1,179.6,0.9125,0
1143,38.1381,95.3,2.8,349.2,183.0,0.852,0
1144,38.1715,96.6,2.8,348.4,174.8,0.9362,0
1145,38.2048,70.0,1.4,351.3,173.7,0.8439,0
1145,38.2048,40.4,26.1,178.4,174.6,0.351,0
1146,38.2382,40.3,1.7,361.0,184.3,0.8822,0
1147,38.2716,37.1,1.0,175.4,177.2,0.7691,0
1147,38.2716,72.6,3.1,355.1,176.4,0.486,0
1148,38.3049,61.8,4.5,359.1,176.1,0.8641,0
1149,38.3383,47.6,2.9,363.1,176.4,0.8786,0
1150,38.3717,68.1,1.7,358.0,184.5,0.8856,0
1151,38.405,53.6,3.0,359.0,183.0,0.8789,0
1152,38.4384,95.3,2.0,356.2,179.7,0.8931,0
1153,38.4718,106.1,0.7,352.8,175.5,0.7715,0
1154,38.5051,92.6,0.2,367.5,174.9,0.8365,0
1155,38.5385,110.1,5.3,359.2,169.4,0.8251,0
1155,38.5385,91.4,0.2,197.5,170.4,0.2005,0
1156,38.5719,105.8,0.2,353.7,169.0,0.597,0
1157,38.6052,64.5,1.8,355.6,181.3,0.8763,0
1158,38.6386,41.5,4.2,355.8,179.2,0.8743,0
1159,38.672,68.9,1.0,353.0,174.1,0.8829,0
1160,38.7053,95.9,2.2,351.3,174.4,0.8688,0
1161,38.7387,88.1,2.7,357.8,173.9,0.4791,0
1162,38.7721,99.4,1.3,353.5,172.7,0.9016,0
1163,38.8054,61.8,2.1,354.0,175.2,0.8899,0
1164,38.8388,66.0,3.4,357.6,192.1,0.8869,0
1165,38.8722,62.3,2.1,355.0,181.0,0.8499,0
1166,38.9055,70.2,1.3,356.1,177.0,0.9072,0
1167,38.9389,95.6,3.5,358.8,173.8,0.8163,0
1168,38.9723,116.1,1.4,359.8,173.9,0.8909,0
1169,39.0056,78.9,1.8,352.9,177.8,0.8716,0
1170,39.039,106.9,3.0,362.0,180.0,0.8254,0
1170,39.039,71.8,0.6,181.4,172.6,0.3746,0
1171,39.0724,105.0,3.3,378.3,175.9,0.8987,0
1172,39.1057,55.7,2.7,385.0,185.8,0.7243,0
1173,39.1391,45.4,2.0,363.4,182.9,0.8941,0
1174,39.1725,62.1,2.0,381.3,178.7,0.9145,0
1175,39.2058,69.5,1.3,363.0,181.1,0.916,0
1176,39.2392,64.4,2.5,367.8,179.6,0.9183,0
1177,39.2726,98.1,3.3,369.9,177.3,0.6048,0
1177,39.2726,95.2,2.3,369.9,179.3,0.5952,0
1178,39.3059,91.3,1.5,382.5,177.2,0.8574,0
1179,39.3393,58.7,2.1,356.7,188.4,0.8463,0
1180,39.3727,58.2,1.7,356.5,182.4,0.8735,0
1181,39.406,35.7,0.7,363.8,242.5,0.8517,0
1181,39.406,49.0,1.6,362.4,210.0,0.6074,0
1182,39.4394,67.9,1.1,375.8,187.9,0.8929,0
1183,39.4728,58.8,2.1,364.7,181.8,0.8874,0
1184,39.5061,47.7,0.8,374.0,177.6,0.8601,0
1185,39.5395,37.0,1.8,378.8,177.9,0.878,0
1186,39.5729,46.4,2.0,353.6,181.4,0.814,0
1187,39.6062,63.3,1.3,361.6,188.7,0.8686,0
1188,39.6396,110.6,2.5,360.7,184.3,0.904,0
1189,39.673,88.9,2.0,361.5,175.2,0.9179,0
1190,39.7063,102.8,2.8,354.2,177.6,0.9148,0
1190,39.7063,34.6,143.6,59.4,188.3,0.3149,0
1191,39.7397,110.5,0.9,358.5,172.4,0.3252,0
1192,39.7731,42.7,8.5,364.8,172.0,0.477,0
1193,39.8064,77.5,2.8,368.0,176.1,0.7942,0
1193,39.8064,91.6,1.0,367.2,171.5,0.3951,0
1194,39.8398,87.8,1.5,355.3,172.6,0.9183,0
1195,39.8732,101.2,2.0,353.7,174.8,0.3637,0
1195,39.8732,101.0,0.4,352.0,173.8,0.2259,0
1196,39.9065,90.6,1.9,355.7,175.5,0.887,0
1197,39.9399,55.4,1.2,360.3,177.5,0.7477,0
1198,39.9733,31.3,0.0,375.5,192.3,0.3812,0
1198,39.9733,56.2,1.5,369.7,173.4,0.2927,0
1198,39.9733,40.4,1.2,369.7,179.5,0.2724,0
1199,40.0066,49.9,3.7,358.4,181.8,0.8109,0
1199,40.0066,41.0,15.1,184.0,186.0,0.1255,0
1200,40.04,88.0,3.0,362.2,184.0,0.8929,0
1201,40.0734,45.9,2.6,362.7,178.9,0.8456,0
1202,40.1067,39.7,0.0,170.8,188.1,0.7762,0
1202,40.1067,76.7,2.1,369.5,176.2,0.2478,0
1202,40.1067,38.9,0.5,377.9,194.0,0.1263,0
1203,40.1401,40.7,0.0,172.5,181.7,0.8233,0
1203,40.1401,87.2,2.8,359.5,176.6,0.3421,0
1204,40.1735,67.3,3.3,362.3,173.7,0.7865,0
1205,40.2068,80.7,0.0,364.3,171.5,0.5488,0
1205,40.2068,38.9,38.3,182.8,236.5,0.3379,0
1205,40.2068,43.0,40.0,179.8,179.1,0.106,0
1206,40.2402,98.9,1.5,354.3,176.6,0.9336,0
1207,40.2736,99.2,2.5,355.8,178.0,0.942,0
1208,40.3069,103.2,1.3,357.3,174.9,0.9351,0
1209,40.3403,101.9,0.0,363.9,173.1,0.8301,0
1210,40.3737,51.9,3.4,357.5,174.2,0.7803,0
1211,40.407,101.8,0.4,186.0,169.8,0.7893,0
1211,40.407,103.8,0.0,357.7,171.1,0.4018,0
1212,40.4404,77.4,2.8,358.6,176.0,0.8224,0
1213,40.4738,54.2,2.0,358.6,180.4,0.8383,0
1214,40.5071,71.1,1.6,353.9,174.3,0.459,0
1214,40.5071,78.9,0.0,352.6,173.8,0.3431,0
1215,40.5405,96.1,0.6,361.9,173.9,0.4582,0
1215,40.5405,97.2,2.4,362.7,175.2,0.2808,0
1216,40.5739,102.1,0.4,365.4,173.1,0.8662,0
1217,40.6072,56.0,3.9,359.0,183.7,0.8575,0
1218,40.6406,92.8,3.1,356.0,176.9,0.8623,0
1219,40.674,45.0,3.2,366.4,192.9,0.544,0
1220,40.7073,89.4,0.5,351.1,171.3,0.8069,0
1221,40.7407,84.2,1.1,349.1,169.4,0.7682,0
1222,40.7741,66.9,0.3,350.8,173.8,0.3075,0
1222,40.7741,55.1,2.1,351.5,174.3,0.3017,0
1223,40.8074,45.2,3.5,354.2,177.0,0.8165,0
1224,40.8408,68.1,3.0,356.9,174.1,0.7702,0
1225,40.8742,100.2,5.0,353.6,169.5,0.7482,0
1226,40.9075,65.8,3.4,354.1,181.9,0.8155,0
1227,40.9409,44.6,33.3,177.4,202.8,0.7133,0
1227,40.9409,93.0,1.0,355.7,173.3,0.4514,0
1228,40.9743,99.0,1.1,401.3,180.7,0.8208,0
1229,41.0076,73.4,1.6,361.1,177.1,0.875,0
1229,41.0076,55.3,0.5,177.1,175.3,0.3413,0
1230,41.041,91.7,2.3,356.7,174.2,0.9155,0
1231,41.0744,105.2,0.6,352.7,165.8,0.7782,0
1231,41.0744,89.3,58.0,188.9,175.0,0.2488,0
1232,41.1077,48.0,33.8,178.7,173.4,0.6804,0
1232,41.1077,89.9,1.7,355.3,169.6,0.5289,0
1233,41.1411,32.5,2.6,362.4,178.3,0.795,0
1233,41.1411,29.9,0.8,365.6,182.0,0.4534,0
1234,41.1745,65.0,1.7,367.6,177.3,0.8737,0
1235,41.2078,41.9,0.6,183.4,181.3,0.5503,0
1235,41.2078,70.5,1.0,380.1,177.6,0.4899,0
1236,41.2412,111.5,22.2,191.5,173.6,0.7623,0
1236,41.2412,125.2,7.2,364.9,169.0,0.6988,0
1237,41.2746,42.8,2.1,373.7,191.7,0.8844,0
1238,41.3079,95.2,2.4,375.4,179.8,0.8743,0
1239,41.3413,87.2,2.1,358.7,174.9,0.9036,0
1240,41.3747,64.4,2.0,368.6,175.0,0.848,0
1241,41.408,59.7,1.6,374.3,175.6,0.7651,0
1242,41.4414,81.6,0.9,352.4,172.6,0.9186,0
1243,41.4748,67.3,0.9,355.5,187.7,0.8781,0
1244,41.5081,61.7,4.4,355.7,192.3,0.8624,0
1245,41.5415,46.3,1.4,354.5,179.8,0.835,0
1246,41.5749,51.3,1.5,351.3,180.1,0.9024,0
1247,41.6082,47.6,3.6,368.2,181.2,0.8374,0
1248,41.6416,57.3,1.9,356.6,181.6,0.8893,0
1249,41.675,70.9,2.0,368.5,181.0,0.9129,0
1250,41.7083,88.4,0.7,370.6,174.7,0.6331,0
1251,41.7417,58.6,3.3,359.7,174.6,0.7662,0
1251,41.7417,52.0,0.0,189.4,181.7,0.1364,0
1252,41.7751,76.2,3.8,355.3,176.7,0.8371,0
1253,41.8084,56.1,4.1,364.4,185.0,0.7176,0
1253,41.8084,38.3,0.1,177.2,186.6,0.6846,0
1254,41.8418,72.0,2.7,364.2,185.4,0.8223,0
1255,41.8752,80.1,3.8,366.7,180.0,0.8426,0
1255,41.8752,25.1,161.4,63.4,187.2,0.2016,0
1256,41.9085,52.8,4.0,369.1,177.9,0.9111,0
1257,41.9419,57.9,3.0,367.7,173.3,0.8709,0
1258,41.9753,54.7,2.1,369.8,172.9,0.8487,0
1258,41.9753,66.8,1.0,367.3,169.5,0.2469,0
1259,42.0086,102.9,0.3,366.6,172.1,0.8521,0
1260,42.042,82.2,3.5,364.2,174.6,0.6166,0
1261,42.0754,53.0,0.2,361.6,172.3,0.5562,0
1262,42.1087,87.7,0.5,356.5,168.7,0.7074,0
1262,42.1087,37.3,1.4,266.9,182.3,0.1578,0
1263,42.1421,45.4,1.9,370.5,177.1,0.8809,0
1264,42.1755,47.5,4.3,381.8,174.9,0.8548,0
1265,42.2088,45.1,4.2,369.3,177.6,0.8941,0
1266,42.2422,73.9,9.7,379.1,170.0,0.871,0
1267,42.2756,88.9,5.5,378.6,174.5,0.903,0
1267,42.2756,76.3,0.8,202.7,170.8,0.2589,0
1268,42.3089,97.2,0.3,369.8,173.3,0.402,0
1269,42.3423,91.3,1.3,358.0,173.9,0.9178,0
1270,42.3757,101.3,2.9,361.6,173.1,0.4507,0
1270,42.3757,102.5,1.3,360.6,171.8,0.3205,0
1271,42.409,62.0,1.7,363.9,173.5,0.877,0
1272,42.4424,95.5,0.2,357.6,173.1,0.939,0
1272,42.4424,9.5,136.4,56.9,187.9,0.2262,0
1273,42.4758,59.3,2.3,355.7,175.0,0.9029,0
1274,42.5091,99.2,0.0,353.3,172.2,0.8331,0
1275,42.5425,52.6,2.5,355.4,177.7,0.8862,0
1276,42.5759,93.2,1.9,357.0,175.8,0.933,0
1277,42.6092,52.7,3.0,362.9,172.4,0.7411,0
1278,42.6426,62.1,2.2,365.1,171.7,0.9074,0
1279,42.676,98.4,30.7,177.6,170.1,0.857,0
1279,42.676,100.2,13.6,374.6,168.3,0.7725,0
1280,42.7093,66.5,0.8,357.4,173.7,0.882,0
1281,42.7427,57.6,1.8,360.1,175.3,0.9122,0
1282,42.7761,56.5,2.3,358.1,174.4,0.6464,0
1282,42.7761,45.9,0.4,219.9,180.6,0.6136,0
1283,42.8094,40.4,1.9,184.4,175.2,0.8236,0
1283,42.8094,114.6,16.6,355.2,170.8,0.5398,0
1284,42.8428,94.8,7.6,355.7,175.4,0.8667,0
1284,42.8428,97.4,3.8,190.1,173.1,0.5612,0
1285,42.8762,72.6,0.3,361.2,174.3,0.6293,0
1286,42.9095,97.2,0.3,366.8,171.2,0.8196,0
1287,42.9429,81.0,0.7,365.5,170.4,0.7086,0
1288,42.9763,109.8,0.5,371.1,172.9,0.834,0
1289,43.0096,118.4,1.5,381.2,173.4,0.8418,0
1290,43.043,101.7,3.7,358.3,173.8,0.8489,0
1290,43.043,36.3,161.4,66.2,189.0,0.1281,0
1291,43.0764,112.0,1.8,356.8,172.2,0.8749,0
1292,43.1097,69.1,5.0,353.1,178.5,0.8634,0
1292,43.1097,61.3,0.7,176.4,176.7,0.5135,0
1293,43.1431,62.9,28.8,182.6,174.3,0.8903,0
1293,43.1431,119.4,0.2,354.6,171.0,0.7543,0
1294,43.1765,103.8,0.1,354.3,169.9,0.8045,0
1294,43.1765,97.3,6.3,186.5,171.4,0.6065,0
1295,43.2098,91.3,3.5,350.1,173.2,0.9237,0
1295,43.2098,30.4,150.3,68.0,181.5,0.3148,0
1296,43.2432,101.6,2.9,354.8,174.3,0.922,0
1296,43.2432,100.0,61.9,170.7,171.7,0.3493,0
1296,43.2432,28.2,146.0,71.1,183.3,0.127,0
1297,43.2766,65.3,2.7,357.5,177.8,0.8818,0
1298,43.3099,79.3,2.2,359.4,183.9,0.8918,0
1299,43.3433,98.9,0.6,352.5,173.8,0.9193,0
1300,43.3767,94.6,3.4,351.8,173.0,0.9224,0
1301,43.41,101.0,0.3,351.2,170.3,0.8246,0
1301,43.41,38.1,155.6,73.0,187.5,0.2344,0
1301,43.41,89.9,36.4,195.0,172.3,0.1054,0
1302,43.4434,92.4,2.7,353.4,173.7,0.7323,0
1302,43.4434,35.7,151.1,73.0,185.6,0.3559,0
1303,43.4768,69.5,1.9,355.5,175.6,0.6767,0
1303,43.4768,78.3,0.4,353.2,174.7,0.1501,0
1303,43.4768,32.7,142.5,76.8,181.0,0.1351,0
1304,43.5101,96.6,0.0,358.0,174.8,0.925,0
1305,43.5435,50.8,1.7,351.1,174.8,0.6993,0
1306,43.5769,60.0,1.9,359.1,178.9,0.8427,0
1306,43.5769,36.7,0.0,187.2,186.8,0.6899,0
1307,43.6102,70.0,2.3,368.6,174.4,0.8691,0
1307,43.6102,37.3,0.0,182.3,183.1,0.4611,0
1308,43.6436,73.5,1.7,355.6,174.1,0.6451,0
1308,43.6436,59.4,3.8,357.4,175.4,0.1159,0
1309,43.677,57.4,2.9,363.8,175.7,0.8716,0
1309,43.677,39.0,0.2,177.3,178.9,0.7462,0
1310,43.7103,46.4,2.0,354.8,174.8,0.9144,0
1311,43.7437,44.4,3.0,355.3,173.9,0.8582,0
1312,43.7771,123.5,3.7,348.7,168.9,0.9028,0
1313,43.8104,121.0,2.0,351.6,169.0,0.8683,0
1313,43.8104,116.9,1.2,186.3,168.0,0.6686,0
1314,43.8438,115.9,0.0,355.7,166.7,0.8809,0
1314,43.8438,113.7,0.3,189.9,167.8,0.5317,0
1315,43.8772,108.5,0.6,355.0,169.6,0.7968,0
1316,43.9105,70.2,1.2,366.6,174.5,0.8886,0
1317,43.9439,92.8,3.4,352.3,174.3,0.8757,0
1318,43.9773,57.5,1.8,355.9,172.0,0.8252,0
1318,43.9773,36.6,0.0,178.2,183.3,0.3783,0
1319,44.0106,102.0,0.5,351.3,170.4,0.3641,0
1319,44.0106,93.2,2.2,352.1,172.1,0.107,0
1320,44.044,94.0,17.8,355.2,171.2,0.7087,0
1320,44.044,78.4,22.3,177.2,172.1,0.4939,0
1321,44.0774,40.5,0.5,177.5,179.2,0.7754,0
1321,44.0774,90.5,1.4,362.8,169.7,0.3105,0
1322,44.1107,69.7,1.1,366.6,186.0,0.8807,0
1323,44.1441,109.1,0.4,362.6,172.0,0.8997,0
1324,44.1775,113.2,1.2,353.5,170.4,0.9137,0
1325,44.2108,108.8,2.6,361.1,175.2,0.8692,0
1326,44.2442,46.0,1.9,362.2,178.3,0.8491,0
1327,44.2776,87.5,2.4,350.3,175.5,0.8734,0
1328,44.3109,103.9,1.1,347.5,174.1,0.9124,0
1329,44.3443,108.6,0.4,350.4,174.4,0.9314,0
1329,44.3443,20.5,126.6,58.2,187.7,0.1004,0
1330,44.3777,108.1,3.2,353.8,176.2,0.9071,0
1331,44.411,118.4,2.4,349.3,175.7,0.9287,0
1331,44.411,32.6,138.5,64.3,185.5,0.3845,0
1332,44.4444,102.7,1.9,346.4,178.2,0.9183,0
1333,44.4778,121.0,0.9,347.6,173.0,0.9333,0
1334,44.5111,115.9,1.8,349.2,175.4,0.8692,0
1335,44.5445,115.9,0.4,353.9,172.0,0.882,0
1335,44.5445,112.2,0.0,201.2,171.2,0.193,0
1336,44.5779,114.4,0.9,352.7,172.9,0.6787,0
1337,44.6112,114.0,0.9,355.4,173.9,0.7674,0
1337,44.6112,109.8,21.7,184.9,173.2,0.4031,0
1338,44.6446,88.0,1.0,352.6,171.5,0.8861,0
1338,44.6446,94.1,0.9,174.5,168.4,0.5006,0
1339,44.678,70.6,7.7,356.0,170.2,0.8996,0
1340,44.7113,85.6,2.8,357.3,172.7,0.9271,0
1341,44.7447,91.2,4.9,359.2,177.6,0.9273,0
1342,44.7781,58.4,1.9,353.3,178.5,0.9,0
1342,44.7781,30.9,146.0,62.6,183.6,0.1262,0
1343,44.8114,48.3,0.1,353.0,184.7,0.9117,0
1344,44.8448,42.7,6.0,353.3,181.4,0.8422,0
1345,44.8782,42.0,3.2,352.4,184.7,0.8145,0
1346,44.9115,92.5,1.9,356.1,172.2,0.8528,0
1347,44.9449,100.3,1.7,351.9,173.0,0.9092,0
1348,44.9783,81.2,2.5,352.4,172.4,0.9146,0
1349,45.0116,98.3,2.6,352.6,175.6,0.9304,0
1350,45.045,107.5,1.1,356.0,173.5,0.2044,0
1350,45.045,105.5,2.8,356.6,174.4,0.1852,0
1351,45.0784,102.1,2.8,365.9,171.3,0.8913,0
1352,45.1117,65.6,3.5,355.1,175.4,0.8917,0
1353,45.1451,69.9,0.8,351.2,171.9,0.4057,0
1353,45.1451,60.7,3.0,351.1,173.9,0.3148,0
1354,45.1785,36.9,2.5,355.9,177.4,0.8664,0
1355,45.2118,55.8,3.5,359.6,179.0,0.8202,0
1356,45.2452,34.1,1.1,356.7,174.8,0.8165,0
1357,45.2786,55.7,2.8,357.3,176.2,0.7645,0
1358,45.3119,93.3,1.4,354.4,175.9,0.8805,0
1358,45.3119,341.9,206.3,364.4,234.5,0.19,0
1359,45.3453,68.4,10.2,359.7,175.1,0.8151,0
1359,45.3453,341.8,206.9,362.7,234.9,0.5134,0
1360,45.3787,106.1,0.1,356.9,170.0,0.7591,0
1361,45.412,87.2,11.2,194.1,172.7,0.428,0
1361,45.412,102.8,0.4,353.1,171.1,0.4093,0
1361,45.412,286.8,29.9,352.6,162.3,0.1254,0
1362,45.4454,287.9,33.3,345.1,162.6,0.8205,0
1362,45.4454,49.3,4.2,177.8,175.8,0.7673,0
1363,45.4788,36.5,0.0,186.1,196.6,0.4926,0
1363,45.4788,86.6,0.2,355.1,181.8,0.3667,0
1363,45.4788,35.8,0.0,188.5,249.3,0.158,0
1364,45.5121,63.8,0.8,353.6,174.7,0.429,0
1365,45.5455,77.7,1.4,348.9,173.4,0.8929,0
1366,45.5789,96.4,1.1,350.7,177.0,0.8595,0
1367,45.6122,100.7,1.1,348.4,172.0,0.7457,0
1367,45.6122,100.7,34.3,161.0,170.7,0.6546,0
1367,45.6122,99.4,36.4,160.8,172.0,0.5284,0
1368,45.6456,96.2,0.3,165.8,171.5,0.8781,0
1368,45.6456,97.8,0.8,348.6,174.9,0.7293,0
1368,45.6456,344.0,212.5,366.4,234.3,0.5877,0
1368,45.6456,264.9,28.7,346.3,164.5,0.4253,0
1369,45.679,261.6,44.5,351.8,163.2,0.8016,0
1369,45.679,344.2,212.5,366.7,234.6,0.4641,0
1369,45.679,83.7,0.0,360.1,173.0,0.283,0
1369,45.679,84.9,4.0,354.3,171.0,0.2518,0
1369,45.679,0.1,9.1,115.4,260.1,0.1641,1
1370,45.7123,78.9,1.7,355.8,173.5,0.8234,0
1370,45.7123,290.8,30.8,352.0,163.2,0.5672,0
1370,45.7123,25.3,158.1,57.5,186.6,0.4841,0
1371,45.7457,88.7,4.2,204.8,171.6,0.8619,0
1371,45.7457,291.6,33.5,344.8,162.6,0.6639,0
1371,45.7457,80.6,0.4,349.7,171.2,0.3369,0
1372,45.7791,91.9,2.1,344.7,172.8,0.913,0
1373,45.8124,39.4,11.8,183.9,179.6,0.8654,0
1373,45.8124,103.9,3.2,352.1,174.6,0.179,0
1374,45.8458,62.5,1.8,349.7,182.3,0.7572,0
1374,45.8458,60.2,1.4,228.6,176.7,0.1797,0
1375,45.8792,69.4,2.1,348.7,187.7,0.7863,0
1375,45.8792,74.9,5.4,226.1,177.7,0.1016,0
1376,45.9125,73.8,2.1,350.4,198.6,0.8497,0
1377,45.9459,58.6,1.2,352.0,188.1,0.5393,0
1378,45.9793,87.6,1.5,352.4,188.4,0.8266,0
1378,45.9793,93.0,1.7,177.6,172.8,0.1065,0
1379,46.0126,83.7,3.0,354.7,177.0,0.6321,0
1379,46.0126,88.9,3.9,179.2,170.0,0.1036,0
1380,46.046,85.2,1.0,350.9,173.2,0.8479,0
1381,46.0794,61.5,3.8,352.9,180.5,0.8873,0
1382,46.1127,64.7,2.1,352.6,184.4,0.8673,0
1383,46.1461,95.8,0.5,355.0,172.8,0.6865,0
1383,46.1461,52.6,30.0,177.5,178.8,0.253,0
1384,46.1795,61.9,11.1,355.6,176.6,0.8267,0
1384,46.1795,46.0,0.1,178.8,180.7,0.7204,0
1385,46.2128,69.9,1.5,351.7,172.7,0.7867,0
1386,46.2462,103.1,12.6,352.7,167.4,0.7394,0
1386,46.2462,29.6,13.3,189.8,181.1,0.1824,0
1387,46.2796,100.5,1.2,349.5,180.1,0.8632,0
1388,46.3129,92.1,2.6,348.0,172.3,0.859,0
1389,46.3463,89.7,2.0,347.6,169.8,0.8868,0
1390,46.3797,104.0,0.0,354.6,169.6,0.8263,0
1391,46.413,81.3,0.2,363.2,168.8,0.6509,0
1392,46.4464,47.7,4.1,347.8,178.9,0.7273,0
1393,46.4798,57.9,2.9,347.5,175.6,0.8274,0
1394,46.5131,77.1,2.5,355.3,176.4,0.9015,0
1395,46.5465,109.7,0.7,352.9,172.9,0.8526,0
1396,46.5799,102.2,2.5,350.7,174.3,0.9068,0
1397,46.6132,85.5,1.8,353.2,173.5,0.7332,0
1398,46.6466,78.8,6.5,346.1,174.7,0.7498,0
1399,46.68,92.3,0.4,350.4,174.6,0.7532,0
1400,46.7133,89.6,6.8,348.9,171.3,0.1951,0
1400,46.7133,77.3,16.6,351.7,175.1,0.1678,0
1400,46.7133,82.4,9.9,348.8,172.3,0.1267,0
1400,46.7133,233.5,21.6,347.9,164.3,0.117,0
1401,46.7467,68.2,2.8,349.1,178.1,0.9122,0
1402,46.7801,55.1,3.2,351.1,177.3,0.9017,0
1403,46.8134,50.4,3.2,354.5,182.4,0.8282,0
1404,46.8468,69.3,2.1,352.2,177.0,0.8756,0
1405,46.8802,40.3,1.4,355.9,178.6,0.926,0
1406,46.9135,28.5,2.7,354.6,177.3,0.7324,0
1406,46.9135,25.5,1.6,357.0,179.9,0.5804,0
1407,46.9469,97.6,2.1,359.2,174.4,0.8771,0
1408,46.9803,108.5,1.1,194.7,171.6,0.8128,0
1408,46.9803,110.3,0.6,354.1,173.1,0.577,0
1409,47.0136,61.9,1.5,352.9,178.3,0.8587,0
1410,47.047,87.7,2.2,353.6,176.9,0.8728,0
1411,47.0804,70.5,4.6,367.8,175.2,0.874,0
1412,47.1137,88.6,5.3,357.5,173.8,0.904,0
1412,47.1137,170.6,220.6,196.3,235.6,0.2178,0
1413,47.1471,42.1,4.2,357.2,172.0,0.4099,0
1413,47.1471,48.7,2.8,356.9,171.6,0.2161,0
1414,47.1805,90.6,1.1,358.7,171.5,0.9318,0
1415,47.2138,94.2,2.4,349.3,173.2,0.9391,0
1416,47.2472,94.3,1.4,350.2,179.5,0.9277,0
1417,47.2806,94.6,1.3,350.8,192.2,0.8933,0
1418,47.3139,90.9,3.9,356.0,181.3,0.8952,0
1419,47.3473,71.3,3.1,358.3,176.6,0.9129,0
1420,47.3807,54.4,1.7,362.5,200.0,0.7785,0
1420,47.3807,40.4,0.1,168.0,184.3,0.7617,0
1421,47.414,33.3,0.4,181.8,180.0,0.8144,0
1421,47.414,40.5,1.9,369.3,191.0,0.8038,0
1422,47.4474,62.7,0.6,355.9,182.7,0.8623,0
1422,47.4474,42.8,0.8,207.3,177.0,0.1803,0
1423,47.4808,63.0,2.5,365.4,191.7,0.884,0
1423,47.4808,41.5,25.2,180.3,179.8,0.5895,0
1424,47.5141,90.7,3.2,372.1,174.9,0.9297,0
1425,47.5475,64.9,0.5,359.5,182.5,0.6541,0
1425,47.5475,57.7,2.3,363.2,184.3,0.1374,0
1426,47.5809,73.4,2.3,359.0,174.9,0.8977,0
1427,47.6142,56.2,1.7,358.3,175.2,0.8315,0
1428,47.6476,47.7,1.1,362.0,181.8,0.7728,0
1429,47.681,49.0,1.9,353.4,180.3,0.8537,0
1430,47.7143,36.1,0.9,356.9,183.7,0.9119,0
1431,47.7477,99.2,2.3,356.5,177.1,0.9375,0
1432,47.7811,59.0,0.4,365.2,174.9,0.8271,0
1433,47.8144,69.3,3.2,355.3,175.1,0.8335,0
1434,47.8478,110.1,1.0,354.6,174.3,0.9165,0
1434,47.8478,112.8,2.4,356.2,173.7,0.8772,0
1435,47.8812,106.5,2.5,367.5,172.2,0.9199,0
1436,47.9145,105.2,0.9,359.5,169.5,0.8829,0
1436,47.9145,102.7,0.5,187.4,169.0,0.2009,0
1437,47.9479,82.6,2.0,356.2,171.2,0.8963,0
1438,47.9813,77.8,2.3,352.8,174.4,0.8885,0
1439,48.0146,94.5,6.9,354.9,174.9,0.6533,0
1440,48.048,102.1,1.2,356.6,170.7,0.8429,0
1441,48.0814,69.3,1.1,365.3,177.4,0.5612,0
1441,48.0814,75.3,1.1,366.1,174.0,0.4033,0
1442,48.1147,46.6,1.7,368.8,178.4,0.8779,0
1443,48.1481,58.4,2.9,366.5,177.4,0.8095,0
1444,48.1815,59.5,2.0,358.3,174.7,0.8192,0
1445,48.2148,120.3,1.0,363.4,171.6,0.9201,0
1446,48.2482,116.0,1.4,372.7,184.6,0.895,0
1447,48.2816,48.0,2.2,359.5,180.9,0.2361,0
1448,48.3149,52.6,1.0,353.6,187.6,0.7863,0
1449,48.3483,43.2,2.6,168.8,178.4,0.8724,0
1449,48.3483,96.3,2.6,353.5,192.8,0.2184,0
1450,48.3817,82.3,4.3,352.2,177.5,0.8333,0
1451,48.415,85.7,2.7,358.5,182.9,0.8977,0
1451,48.415,91.1,13.4,182.1,169.6,0.1323,0
1452,48.4484,84.9,1.8,353.4,176.5,0.9258,0
1453,48.4818,79.4,5.6,352.4,179.9,0.9227,0
1454,48.5151,89.3,2.3,352.1,176.0,0.8885,0
1455,48.5485,48.3,2.5,355.3,177.7,0.8771,0
1456,48.5819,42.3,2.9,355.7,179.0,0.8508,0
1457,48.6152,57.8,2.6,357.3,180.9,0.8505,0
1458,48.6486,63.6,1.3,359.7,177.7,0.8435,0
1458,48.6486,65.0,0.2,176.5,176.5,0.2699,0
1459,48.682,63.2,1.6,362.8,174.7,0.7231,0
1459,48.682,47.4,0.0,176.6,179.2,0.5974,0
1460,48.7153,60.8,5.4,352.3,176.3,0.858,0
1460,48.7153,41.2,0.3,180.9,181.9,0.4459,0
1461,48.7487,44.3,3.0,351.2,192.3,0.762,0
1461,48.7487,35.4,1.8,352.9,202.5,0.1478,0
1462,48.7821,95.2,1.2,350.0,183.0,0.8913,0
1463,48.8154,99.2,2.5,344.7,177.8,0.8932,0
1464,48.8488,101.1,1.0,346.1,178.0,0.8997,0
1465,48.8822,95.3,1.2,348.9,177.2,0.9224,0
1466,48.9155,95.2,2.8,350.2,175.0,0.8622,0
1467,48.9489,66.5,3.5,351.0,173.6,0.8641,0
1468,48.9823,54.7,1.9,350.7,179.3,0.8571,0
1469,49.0156,53.2,7.7,354.8,175.2,0.8638,0
1469,49.0156,32.3,111.5,83.8,179.3,0.1657,0
1470,49.049,66.9,3.3,354.4,177.0,0.7317,0
1471,49.0824,39.9,1.8,359.1,184.8,0.7285,0
1471,49.0824,45.6,3.0,353.4,180.3,0.4298,0
1472,49.1157,95.6,0.6,351.5,173.0,0.4962,0
1472,49.1157,81.4,2.0,353.5,174.2,0.1827,0
1473,49.1491,92.8,0.8,352.5,173.1,0.6633,0
1474,49.1825,65.8,3.9,360.2,175.9,0.765,0
1475,49.2158,93.8,2.5,359.1,175.8,0.9261,0
1476,49.2492,48.8,2.1,356.5,177.8,0.9313,0
1476,49.2492,342.9,211.8,367.1,234.9,0.2674,0
1476,49.2492,0.1,61.6,69.7,263.0,0.1943,1
1477,49.2826,69.8,2.5,355.7,175.6,0.9171,0
1478,49.3159,91.1,0.2,356.0,174.5,0.9301,0
1479,49.3493,48.9,2.0,351.3,175.7,0.9151,0
1480,49.3827,58.9,2.3,356.9,180.2,0.8972,0
1481,49.416,91.2,2.5,354.2,175.5,0.9138,0
1482,49.4494,101.0,0.5,351.8,175.4,0.9473,0
1483,49.4828,83.7,2.1,354.2,176.5,0.9031,0
1484,49.5161,35.8,1.5,347.2,178.6,0.9324,0
1485,49.5495,38.3,2.0,345.8,179.2,0.9259,0
1486,49.5829,35.7,1.7,348.6,180.8,0.9257,0
1487,49.6162,51.4,2.7,351.7,177.7,0.8881,0
1488,49.6496,71.6,0.6,351.9,175.9,0.8755,0
1489,49.683,54.9,2.6,356.5,176.4,0.5803,0
1490,49.7163,70.9,2.7,350.9,175.5,0.9172,0
1491,49.7497,61.1,3.5,354.8,174.0,0.8851,0
1492,49.7831,69.9,4.1,355.8,173.6,0.8828,0
1493,49.8164,55.6,3.2,358.9,173.4,0.8596,0
1494,49.8498,77.8,0.3,353.2,171.8,0.8874,0
1495,49.8832,114.8,1.3,359.2,175.6,0.8855,0
1495,49.8832,114.0,48.3,180.4,168.7,0.7297,0
1496,49.9165,129.9,0.8,371.4,175.8,0.6512,0
1496,49.9165,46.7,0.0,177.6,177.5,0.5158,0
1497,49.9499,87.0,5.7,363.7,176.1,0.885,0
1498,49.9833,39.3,2.1,354.3,181.5,0.8447,0
1499,50.0166,48.5,1.0,358.7,188.8,0.7197,0
1499,50.0166,52.7,1.7,353.4,186.0,0.2556,0
1500,50.05,86.0,2.8,356.3,175.8,0.9124,0
1501,50.0834,68.8,2.4,361.6,178.3,0.8078,0
1502,50.1167,57.1,2.9,359.5,175.2,0.8947,0
1503,50.1501,84.8,0.4,355.4,173.1,0.3844,0
1504,50.1835,53.4,0.7,352.3,175.1,0.814,0
1505,50.2168,57.9,1.2,352.3,173.9,0.8425,0
1505,50.2168,51.4,2.1,359.5,176.2,0.1702,0
1506,50.2502,59.5,1.3,354.3,174.2,0.9182,0
1507,50.2836,60.3,2.1,351.0,174.3,0.918,0
1508,50.3169,54.7,4.1,351.3,174.7,0.9274,0
1509,50.3503,34.3,2.5,358.5,178.3,0.93,0
1510,50.3837,60.0,3.6,356.0,175.1,0.871,0
1511,50.417,56.3,0.9,354.8,176.4,0.8384,0
1512,50.4504,56.5,1.1,356.5,174.9,0.8355,0
1512,50.4504,36.7,2.7,359.1,177.3,0.1401,0
1513,50.4838,56.2,2.6,355.3,176.2,0.9106,0
1514,50.5171,50.4,5.2,358.2,176.9,0.9171,0
1515,50.5505,55.5,3.0,354.9,175.2,0.9091,0
1515,50.5505,1.4,45.5,71.3,252.3,0.1658,1
1516,50.5839,74.3,5.5,355.1,174.0,0.9283,0
1516,50.5839,29.9,150.0,64.3,185.7,0.3072,0
1516,50.5839,0.8,49.9,73.1,242.8,0.206,1
1517,50.6172,92.1,0.7,353.1,173.5,0.8877,0
1517,50.6172,29.3,146.5,58.9,187.0,0.6461,0
1517,50.6172,0.9,48.5,69.8,240.4,0.1398,1
1518,50.6506,60.2,0.7,351.6,172.3,0.8245,0
1519,50.684,53.6,0.9,356.8,173.5,0.7475,0
1520,50.7173,64.7,2.2,360.0,174.1,0.8986,0
1521,50.7507,97.7,2.2,354.1,174.9,0.5905,0
1521,50.7507,96.7,0.4,352.6,174.0,0.1115,0
1522,50.7841,72.7,5.4,356.3,171.7,0.877,0
1523,50.8174,96.9,1.2,350.7,174.0,0.9297,0
1524,50.8508,101.2,2.8,354.3,173.5,0.9091,0
1525,50.8842,101.6,4.6,356.7,172.8,0.8717,0
1525,50.8842,105.6,1.9,354.8,169.9,0.1893,0
1525,50.8842,102.6,7.1,181.8,169.0,0.1572,0
1525,50.8842,0.1,25.5,99.9,257.7,0.1145,1
1526,50.9175,55.6,1.5,375.3,175.5,0.8622,0
1526,50.9175,30.5,158.4,55.5,185.9,0.1609,0
1527,50.9509,82.8,0.0,368.6,171.5,0.8143,0
1528,50.9843,74.2,1.6,367.7,172.2,0.6226,0
1529,51.0176,106.0,0.9,348.3,173.2,0.9141,0
1530,51.051,107.7,0.0,350.3,172.4,0.9292,0
1531,51.0844,108.4,0.6,354.7,172.4,0.8932,0
1532,51.1177,103.0,1.1,356.9,173.6,0.6801,0
1532,51.1177,102.1,0.6,174.7,170.9,0.1428,0
1533,51.1511,102.6,0.2,348.6,173.3,0.911,0
1534,51.1845,102.3,0.5,351.5,171.6,0.9216,0
1534,51.1845,0.4,21.3,95.6,250.6,0.1152,1
1534,51.1845,32.8,149.6,77.2,181.1,0.1063,0
1535,51.2178,80.7,0.2,351.6,171.6,0.8992,0
1536,51.2512,36.5,2.1,353.4,176.1,0.6674,0
1537,51.2846,62.4,0.4,355.8,174.1,0.8399,0
1538,51.3179,55.9,4.1,354.4,173.5,0.7531,0
1539,51.3513,65.4,0.1,356.6,172.8,0.8571,0
1540,51.3847,68.9,1.3,351.5,172.2,0.8797,0
1541,51.418,81.8,0.2,356.0,172.9,0.9084,0
1542,51.4514,73.9,1.5,363.5,173.3,0.9056,0
1543,51.4848,47.7,3.9,374.8,174.4,0.8246,0
1543,51.4848,76.4,3.0,373.1,171.9,0.5121,0
1544,51.5181,97.4,0.7,363.0,172.3,0.8386,0
1545,51.5515,114.5,0.9,353.4,168.4,0.9175,0
1546,51.5849,119.0,3.8,354.5,172.7,0.8685,0
1547,51.6182,115.2,0.0,352.9,170.7,0.9077,0
1548,51.6516,102.2,0.1,352.4,172.5,0.5539,0
1548,51.6516,9.0,45.7,186.7,181.0,0.1819,0
1549,51.685,63.4,2.5,354.3,176.9,0.7507,0
1550,51.7183,77.5,0.2,349.5,171.1,0.8518,0
1551,51.7517,80.9,1.1,350.3,171.5,0.9158,0
1552,51.7851,70.3,2.7,350.4,171.2,0.907,0
1553,51.8184,123.3,3.2,343.3,172.8,0.8266,0
1554,51.8518,62.8,1.2,347.8,173.5,0.2962,0
1555,51.8852,69.2,1.0,350.3,172.2,0.7461,0
1556,51.9185,58.6,3.2,357.3,173.4,0.8541,0
1557,51.9519,76.5,0.8,349.7,173.0,0.7855,0
1558,51.9853,118.0,0.8,348.1,171.8,0.7652,0
1559,52.0186,126.8,0.8,352.1,173.5,0.8623,0
1559,52.0186,120.1,29.0,175.9,172.0,0.5219,0
1559,52.0186,119.6,22.7,178.1,172.9,0.114,0
1560,52.052,122.3,0.7,354.8,171.5,0.7014,0
1560,52.052,69.2,0.2,176.2,175.4,0.6714,0
1561,52.0854,94.8,1.6,349.9,175.8,0.8985,0
1562,52.1187,74.4,1.3,354.3,182.9,0.8914,0
1563,52.1521,83.9,1.9,354.4,176.1,0.9225,0
1564,52.1855,109.3,0.2,358.0,172.7,0.9484,0
1565,52.2188,87.2,0.0,359.4,171.8,0.888,0
1565,52.2188,14.8,136.1,61.8,185.1,0.1585,0
1565,52.2188,343.6,207.2,365.9,234.4,0.1398,0
1566,52.2522,89.3,0.0,368.2,171.9,0.8306,0
1566,52.2522,94.7,45.0,178.1,172.7,0.1367,0
1566,52.2522,343.6,206.9,366.0,234.4,0.104,0
1567,52.2856,73.6,1.7,356.3,177.2,0.8548,0
1567,52.2856,343.6,207.4,366.1,234.5,0.1146,0
1568,52.3189,96.4,0.3,351.7,173.2,0.9223,0
1569,52.3523,78.1,3.3,354.0,172.3,0.8074,0
1569,52.3523,34.1,165.1,64.1,192.3,0.3068,0
1570,52.3857,105.2,0.8,351.8,169.7,0.7601,0
1570,52.3857,93.6,9.7,189.6,173.6,0.7155,0
1570,52.3857,38.6,165.2,61.1,191.2,0.1128,0
1571,52.419,96.1,0.4,350.7,174.5,0.9254,0
1572,52.4524,79.6,1.4,348.0,172.1,0.8819,0
1573,52.4858,97.1,0.8,355.6,173.0,0.931,0
1574,52.5191,86.4,2.8,356.0,176.2,0.9051,0
1575,52.5525,103.2,1.0,359.9,178.2,0.5446,0
1575,52.5525,100.2,0.6,181.8,171.9,0.5328,0
1576,52.5859,72.1,1.3,362.9,177.9,0.9094,0
1577,52.6192,71.6,1.7,367.1,176.9,0.8946,0
1578,52.6526,73.4,1.9,356.9,173.5,0.9016,0
1579,52.686,85.6,1.4,360.5,174.3,0.9051,0
1580,52.7193,95.9,1.5,349.9,174.5,0.901,0
1581,52.7527,44.4,1.5,358.4,179.8,0.8893,0
1581,52.7527,52.6,0.6,353.5,175.8,0.8097,0
1582,52.7861,60.7,1.3,357.0,175.4,0.8783,0
1583,52.8194,41.9,0.4,356.9,180.2,0.92,0
1584,52.8528,75.5,1.7,353.6,176.6,0.9035,0
1585,52.8862,84.9,2.5,357.9,175.6,0.684,0
1586,52.9195,93.5,14.5,353.6,172.0,0.8188,0
1586,52.9195,98.9,24.9,197.3,170.5,0.7834,0
1587,52.9529,94.4,1.6,349.4,170.8,0.7827,0
1587,52.9529,32.8,10.3,187.2,256.6,0.2353,0
1588,52.9863,58.6,1.1,352.6,174.8,0.5916,0
1589,53.0196,56.9,0.8,353.4,172.4,0.4309,0
1590,53.053,71.3,32.3,180.3,172.6,0.6055,0
1590,53.053,108.7,2.0,357.3,166.9,0.4388,0
1591,53.0864,76.3,1.6,353.4,177.0,0.7258,0
1592,53.1197,114.8,0.0,352.2,172.9,0.8027,0
1592,53.1197,111.6,53.9,166.4,164.5,0.18,0
1593,53.1531,112.3,3.4,356.5,173.1,0.789,0
1593,53.1531,104.8,3.7,172.5,171.8,0.136,0
1594,53.1865,96.4,0.1,367.3,177.1,0.7672,0
1595,53.2198,98.0,2.4,370.3,174.6,0.8464,0
1596,53.2532,62.8,2.0,364.3,177.6,0.8318,0
1597,53.2866,77.1,1.4,375.6,173.5,0.9017,0
1598,53.3199,102.7,4.4,352.8,171.5,0.8953,0
1599,53.3533,98.9,6.2,352.5,174.7,0.8977,0
1600,53.3867,103.7,8.3,361.8,173.1,0.6899,0
1600,53.3867,99.4,18.0,169.6,173.7,0.268,0
1601,53.42,63.5,1.1,367.9,176.5,0.9078,0
1602,53.4534,65.4,1.1,382.9,177.5,0.688,0
1603,53.4868,83.9,11.0,393.7,171.7,0.8826,0
1604,53.5201,93.4,0.0,386.2,168.4,0.7823,0
1605,53.5535,67.7,0.0,363.6,174.1,0.8147,0
1606,53.5869,113.4,6.9,361.4,172.1,0.6382,0
1606,53.5869,111.7,9.6,362.3,170.0,0.1952,0
1607,53.6202,65.7,0.4,175.4,176.3,0.6313,0
1607,53.6202,104.0,0.0,355.2,170.3,0.4267,0
1608,53.6536,65.0,1.7,367.1,178.0,0.893,0
1609,53.687,64.8,3.3,359.5,176.0,0.8896,0
1610,53.7203,58.4,4.3,371.7,172.1,0.8833,0
1611,53.7537,64.1,5.0,379.2,177.6,0.9082,0
1612,53.7871,103.8,7.0,375.7,174.3,0.8939,0
1613,53.8204,65.4,0.1,378.8,170.9,0.3868,0
1614,53.8538,65.5,12.6,381.6,176.0,0.8905,0
1615,53.8872,119.8,0.3,353.0,170.3,0.858,0
1615,53.8872,118.8,1.0,184.6,167.4,0.4452,0
1616,53.9205,120.1,0.3,385.6,171.1,0.8254,0
1616,53.9205,118.3,3.7,196.2,166.8,0.668,0
1617,53.9539,113.2,0.0,376.1,172.2,0.879,0
1618,53.9873,106.7,0.6,373.9,174.3,0.4957,0
1619,54.0206,64.9,0.4,361.3,180.1,0.8974,0
1620,54.054,73.3,0.0,358.2,175.2,0.8499,0
1621,54.0874,114.5,5.5,360.9,171.6,0.8218,0
1621,54.0874,65.5,1.4,172.0,175.8,0.7036,0
1622,54.1207,112.4,0.0,352.4,167.6,0.8144,0
1622,54.1207,107.6,0.4,182.0,171.5,0.4391,0
1623,54.1541,90.7,0.3,354.6,173.6,0.8469,0
1624,54.1875,57.7,26.3,178.6,176.2,0.7602,0
1624,54.1875,106.6,0.2,353.6,165.6,0.3193,0
1625,54.2208,105.4,6.7,361.1,166.7,0.331,0
1625,54.2208,95.7,8.6,362.2,167.0,0.18,0
1626,54.2542,65.6,0.0,184.2,175.3,0.7466,0
1626,54.2542,97.6,18.3,361.9,169.2,0.2521,0
1626,54.2542,79.4,18.2,366.6,174.4,0.1451,0
1627,54.2876,57.8,38.8,173.2,175.3,0.8571,0
1627,54.2876,104.6,1.9,382.6,167.1,0.479,0
1628,54.3209,98.1,2.0,381.8,174.7,0.6348,0
1628,54.3209,60.7,0.0,178.9,175.5,0.2182,0
1629,54.3543,69.4,0.0,176.3,175.1,0.7502,0
1629,54.3543,95.2,1.3,366.5,174.9,0.6909,0
1630,54.3877,88.6,0.7,364.5,175.5,0.7245,0
1630,54.3877,92.4,0.8,176.7,171.5,0.6823,0
1630,54.3877,97.1,0.2,362.3,171.9,0.5067,0
1631,54.421,82.1,1.7,354.6,173.8,0.8263,0
1631,54.421,80.1,0.0,172.1,174.8,0.3607,0
1632,54.4544,75.8,0.4,357.9,176.8,0.8269,0
1632,54.4544,387.7,199.6,445.2,262.3,0.1004,0
1633,54.4878,103.2,1.5,354.7,175.3,0.7033,0
1634,54.5211,58.3,2.9,362.6,175.1,0.8922,0
1635,54.5545,117.5,0.2,353.7,172.1,0.8689,0
1636,54.5879,60.0,1.2,355.4,175.9,0.838,0
1637,54.6212,52.8,1.2,355.5,178.0,0.4621,0
1637,54.6212,58.4,1.8,354.2,177.0,0.4391,0
1638,54.6546,67.2,1.8,360.1,176.2,0.8993,0
1639,54.688,48.3,1.8,376.5,175.4,0.8956,0
1640,54.7213,75.8,0.8,366.7,175.4,0.8866,0
1641,54.7547,88.6,2.2,373.1,176.7,0.7492,0
1641,54.7547,85.9,2.5,380.1,178.2,0.1165,0
1642,54.7881,88.7,7.9,373.4,179.8,0.8395,0
1642,54.7881,254.5,205.6,284.4,231.5,0.5421,0
1643,54.8214,91.2,3.6,383.2,175.5,0.8667,0
1643,54.8214,91.4,2.8,167.7,170.7,0.1306,0
1644,54.8548,253.3,15.5,361.0,161.6,0.8143,0
1644,54.8548,75.2,1.1,169.3,175.3,0.1784,0
1644,54.8548,78.0,0.0,364.5,175.5,0.1608,0
1644,54.8548,256.1,204.0,284.0,228.3,0.1345,0
1645,54.8882,66.9,3.3,365.8,178.4,0.763,0
1646,54.9215,97.2,0.3,373.3,174.9,0.8571,0
1646,54.9215,388.9,190.8,433.4,254.1,0.1452,0
1647,54.9549,69.4,3.5,353.8,173.8,0.8581,0
1648,54.9883,72.5,1.0,361.0,173.8,0.7334,0
1649,55.0216,50.1,1.3,181.6,175.8,0.7451,0
1649,55.0216,96.6,2.8,372.2,170.3,0.5323,0
1649,55.0216,84.8,3.9,373.7,171.7,0.3747,0
1650,55.055,76.1,3.6,364.0,171.6,0.6656,0
1650,55.055,255.7,23.8,363.8,162.1,0.1618,0
1650,55.055,254.8,22.8,363.0,162.0,0.113,0
1651,55.0884,55.7,4.0,364.8,175.1,0.8122,0
1652,55.1217,102.8,0.3,375.3,176.1,0.8725,0
1653,55.1551,69.1,2.5,353.6,175.1,0.8753,0
1654,55.1885,65.8,1.3,363.6,174.0,0.8887,0
1655,55.2218,96.6,0.8,349.5,174.4,0.9374,0
1656,55.2552,93.7,5.2,351.7,173.5,0.9151,0
1657,55.2886,85.5,4.5,354.6,172.9,0.9103,0
1658,55.3219,91.5,1.5,356.3,174.5,0.909,0
1659,55.3553,100.5,3.7,360.3,176.8,0.6744,0
1659,55.3553,102.6,5.5,356.2,173.9,0.3951,0
1660,55.3887,106.9,1.5,351.8,172.1,0.5446,0
1660,55.3887,106.5,0.2,350.0,171.4,0.3736,0
1661,55.422,101.0,0.9,355.8,172.9,0.8632,0
1662,55.4554,97.8,0.6,351.2,172.7,0.8214,0
1663,55.4888,65.0,1.0,356.7,175.4,0.8998,0
1664,55.5221,41.1,2.4,365.1,184.2,0.7443,0
1665,55.5555,89.9,1.9,359.3,176.2,0.8696,0
1666,55.5889,108.7,2.4,347.6,174.1,0.9298,0
1667,55.6222,94.4,0.5,354.5,175.7,0.862,0
1668,55.6556,87.3,1.6,355.5,170.9,0.7973,0
1668,55.6556,85.2,14.5,192.6,173.8,0.7227,0
1669,55.689,72.2,9.8,357.5,175.2,0.8753,0
1670,55.7223,65.5,1.7,363.9,181.2,0.857,0
1671,55.7557,87.2,1.0,372.4,172.7,0.4632,0
1672,55.7891,97.7,0.7,379.0,171.3,0.9185,0
1673,55.8224,102.9,0.0,388.0,168.2,0.8752,0
1673,55.8224,80.3,0.0,173.9,173.1,0.3437,0
1674,55.8558,58.2,1.4,353.4,175.9,0.8247,0
1675,55.8892,64.4,2.0,353.8,175.9,0.9232,0
1676,55.9225,67.9,38.0,165.7,174.3,0.61,0
1676,55.9225,91.7,0.2,360.5,170.6,0.4904,0
1677,55.9559,63.4,3.1,373.5,181.9,0.7917,0
1677,55.9559,50.9,0.3,175.4,178.2,0.5599,0
1678,55.9893,46.9,2.6,361.5,181.1,0.8086,0
1678,55.9893,257.1,204.2,285.0,227.8,0.1013,0
1679,56.0226,83.0,0.7,357.3,175.3,0.7696,0
1679,56.0226,257.0,204.3,285.0,227.5,0.1265,0
1680,56.056,89.4,2.0,350.6,173.5,0.863,0
1681,56.0894,55.2,3.3,356.4,176.2,0.835,0
1682,56.1227,50.8,3.1,352.5,174.5,0.9005,0
1683,56.1561,53.3,2.4,363.0,176.6,0.6935,0
1684,56.1895,95.4,1.4,372.4,172.3,0.9127,0
1685,56.2228,75.8,0.7,367.9,172.6,0.8671,0
1686,56.2562,71.8,0.1,369.8,176.1,0.4806,0
1687,56.2896,66.0,2.1,371.1,170.8,0.596,0
1688,56.3229,61.6,1.9,369.8,177.3,0.8964,0
1689,56.3563,99.5,0.6,365.2,173.2,0.8541,0
1690,56.3897,92.4,1.4,362.3,174.2,0.3028,0
1690,56.3897,83.9,1.0,363.7,176.7,0.1741,0
1691,56.423,56.8,0.4,375.8,177.6,0.5873,0
1692,56.4564,53.3,3.0,359.0,173.8,0.8791,0
1693,56.4898,54.5,2.4,356.5,175.7,0.8736,0
1694,56.5231,48.2,1.7,350.5,179.1,0.8436,0
1695,56.5565,43.7,1.9,351.3,180.0,0.9387,0
1696,56.5899,40.4,7.4,352.6,180.2,0.9229,0
1697,56.6232,36.5,2.1,352.4,180.1,0.9152,0
1698,56.6566,51.9,3.4,366.7,182.3,0.9126,0
1699,56.69,94.6,1.3,379.2,181.3,0.8563,0
1699,56.69,0.1,41.0,90.3,255.7,0.1089,1
1700,56.7233,85.9,7.7,377.6,179.2,0.7755,0
1701,56.7567,64.4,0.2,364.0,176.6,0.7893,0
1702,56.7901,67.5,21.0,185.1,172.2,0.6812,0
1702,56.7901,88.9,1.5,356.5,196.8,0.1512,0
1703,56.8234,53.3,0.7,174.8,174.8,0.7652,0
1703,56.8234,73.2,1.8,353.2,196.3,0.3406,0
1704,56.8568,88.2,1.3,350.0,176.0,0.9009,0
1705,56.8902,,,,,,
1706,56.9235,57.3,2.2,371.4,186.3,0.7603,0
1707,56.9569,45.5,11.7,186.9,175.3,0.819,0
1707,56.9569,96.3,1.3,387.3,195.1,0.6555,0
1708,56.9903,55.9,1.5,397.3,187.0,0.737,0
1708,56.9903,254.8,203.9,284.6,229.7,0.1281,0
1708,56.9903,254.7,204.6,285.0,229.6,0.1223,0
1709,57.0236,54.4,3.2,389.3,180.1,0.7592,0
1709,57.0236,255.3,203.9,284.8,228.7,0.3181,0
1710,57.057,44.2,3.7,410.7,194.2,0.8434,0
1710,57.057,44.5,3.2,214.8,183.7,0.1995,0
1710,57.057,256.4,203.8,284.6,227.0,0.1103,0
1711,57.0904,59.3,2.3,356.1,185.4,0.8881,0
1712,57.1237,55.4,1.3,365.1,187.3,0.91,0
1713,57.1571,88.6,2.9,358.6,190.5,0.8998,0
1714,57.1905,53.4,2.0,362.2,192.8,0.7625,0
1715,57.2238,94.0,2.2,356.9,176.2,0.8509,0
1716,57.2572,71.0,1.1,366.0,193.3,0.7354,0
1717,57.2906,98.7,0.6,192.0,174.9,0.594,0
1717,57.2906,111.1,0.7,352.0,174.1,0.4045,0
1718,57.3239,63.2,1.6,352.4,177.2,0.7758,0
1719,57.3573,63.2,2.3,369.7,182.9,0.712,0
1719,57.3573,49.0,0.0,182.5,178.4,0.518,0
1720,57.3907,68.3,4.4,376.6,199.6,0.7938,0
1721,57.424,60.7,2.3,354.4,180.8,0.9183,0
1722,57.4574,107.9,2.2,368.8,178.6,0.8834,0
1723,57.4908,51.4,1.7,367.8,180.5,0.896,0
1724,57.5241,45.1,0.8,355.1,182.0,0.9147,0
1725,57.5575,46.8,1.2,357.0,182.3,0.9253,0
1726,57.5909,66.9,1.7,353.9,179.2,0.9202,0
1727,57.6242,97.6,0.0,355.1,175.8,0.9194,0
1728,57.6576,116.8,0.0,352.6,171.4,0.7472,0
1728,57.6576,117.4,32.1,188.8,173.9,0.2648,0
1728,57.6576,118.9,36.7,187.2,168.3,0.1128,0
1729,57.691,63.4,0.1,194.2,177.3,0.7802,0
1729,57.691,82.5,0.4,355.3,175.9,0.7657,0
1730,57.7243,86.6,1.7,362.0,176.8,0.656,0
1730,57.7243,83.3,0.0,198.6,176.1,0.4706,0
1731,57.7577,101.5,1.0,356.6,175.0,0.9141,0
1732,57.7911,85.4,3.1,350.2,176.4,0.8848,0
1733,57.8244,55.4,1.9,355.7,183.9,0.8676,0
1734,57.8578,62.8,3.2,356.6,176.1,0.8737,0
1735,57.8912,63.1,1.3,360.1,173.5,0.707,0
1735,57.8912,53.5,0.4,199.4,177.3,0.4462,0
1736,57.9245,90.3,0.4,370.3,174.5,0.8464,0
1737,57.9579,81.7,0.0,375.0,173.1,0.8601,0
1738,57.9913,85.4,0.0,351.4,174.7,0.8999,0
1739,58.0246,85.1,0.6,348.0,175.2,0.8866,0
1740,58.058,104.3,0.4,348.6,173.2,0.8718,0
1740,58.058,69.5,0.7,167.3,175.0,0.7215,0
1741,58.0914,110.8,0.2,356.0,173.2,0.8166,0
1741,58.0914,110.8,0.5,191.6,169.7,0.125,0
1742,58.1247,118.5,0.0,354.5,169.4,0.7216,0
1742,58.1247,122.3,47.6,179.9,171.0,0.399,0
1743,58.1581,129.3,0.0,350.6,171.0,0.8104,0
1744,58.1915,123.6,0.0,354.1,172.0,0.9057,0
1745,58.2248,117.4,2.7,369.9,172.3,0.9073,0
1745,58.2248,115.9,1.0,188.7,171.4,0.2787,0
1746,58.2582,128.2,4.9,362.5,175.4,0.5285,0
1747,58.2916,51.3,1.4,353.8,175.8,0.7906,0
1748,58.3249,103.3,1.3,353.1,175.0,0.2909,0
1748,58.3249,111.1,0.0,351.3,172.3,0.1359,0
1749,58.3583,110.5,0.1,361.8,171.8,0.8573,0
1750,58.3917,98.0,0.1,368.0,172.1,0.8279,0
1751,58.425,97.0,5.0,357.1,172.3,0.562,0
1751,58.425,99.3,1.9,357.1,172.4,0.292,0
1752,58.4584,56.9,9.1,356.4,174.1,0.8876,0
1753,58.4918,60.5,1.3,348.7,171.9,0.8872,0
1754,58.5251,90.5,0.0,347.5,171.9,0.9389,0
1755,58.5585,80.2,2.0,352.7,174.4,0.8778,0
1756,58.5919,78.1,3.9,355.3,174.4,0.8479,0
1757,58.6252,102.7,0.1,354.3,171.8,0.9166,0
1758,58.6586,53.5,2.5,356.1,174.8,0.8902,0
1759,58.692,67.2,0.8,351.2,171.0,0.8647,0
1759,58.692,250.9,39.0,350.0,163.2,0.1453,0
1760,58.7253,55.0,2.7,353.4,172.6,0.3658,0
1760,58.7253,47.5,2.7,357.2,176.7,0.192,0
1761,58.7587,101.2,1.8,350.6,168.5,0.6928,0
1761,58.7587,101.4,28.9,176.3,171.1,0.1717,0
1761,58.7587,101.5,22.9,182.8,171.7,0.1376,0
1762,58.7921,57.1,0.0,174.7,176.1,0.7254,0
1762,58.7921,78.4,1.4,348.5,172.6,0.5878,0
1763,58.8254,95.2,1.0,346.4,173.0,0.8445,0
1764,58.8588,80.7,4.0,348.2,173.9,0.8405,0
1765,58.8922,56.3,49.5,182.5,178.2,0.8036,0
1765,58.8922,52.9,1.0,350.3,178.2,0.6339,0
1766,58.9255,61.0,2.9,347.8,174.0,0.698,0
1767,58.9589,56.2,23.7,168.6,175.9,0.8816,0
1767,58.9589,99.7,10.8,355.8,170.3,0.2475,0
1767,58.9589,102.0,8.1,354.8,169.7,0.1296,0
1768,58.9923,95.8,2.3,174.7,171.1,0.8297,0
1768,58.9923,99.7,5.5,359.6,170.4,0.4618,0
1769,59.0256,91.1,0.6,348.3,171.5,0.8005,0
1770,59.059,103.4,2.0,350.6,173.6,0.9167,0
1771,59.0924,102.5,3.0,360.0,175.4,0.8343,0
1772,59.1257,77.3,1.9,345.4,177.6,0.8897,0
1773,59.1591,109.9,2.6,346.4,175.3,0.8987,0
1774,59.1925,71.8,1.3,350.5,176.3,0.7784,0
1775,59.2258,69.7,1.4,352.8,176.0,0.8619,0
1776,59.2592,89.5,1.5,353.1,176.2,0.9051,0
1777,59.2926,69.7,3.7,349.0,179.9,0.8497,0
1777,59.2926,64.9,26.1,157.9,175.3,0.1272,0
1778,59.3259,62.9,0.4,166.2,177.6,0.8599,0
1778,59.3259,86.4,0.1,348.3,173.4,0.3705,0
1779,59.3593,87.2,1.4,349.3,175.9,0.8156,0
1780,59.3927,82.8,0.1,349.3,174.8,0.9039,0
1781,59.426,54.0,3.2,354.7,176.6,0.9417,0
1781,59.426,61.8,1.9,349.8,175.3,0.2992,0
1782,59.4594,63.6,0.8,353.5,174.9,0.8496,0
1783,59.4928,57.5,1.6,354.3,173.0,0.8544,0
1784,59.5261,64.5,2.1,351.6,173.2,0.8581,0
1785,59.5595,94.5,1.4,348.8,175.9,0.9217,0
1786,59.5929,88.2,1.2,348.8,176.1,0.9011,0
1787,59.6262,54.6,6.2,351.8,174.8,0.6855,0
1787,59.6262,50.1,0.1,208.3,177.4,0.1167,0
1788,59.6596,59.7,6.9,353.1,177.1,0.6709,0
1788,59.6596,53.6,0.3,180.4,178.4,0.6546,0
1789,59.693,40.4,1.5,355.1,190.2,0.7439,0
1790,59.7263,62.3,0.6,348.5,181.3,0.8824,0
1791,59.7597,49.1,1.9,350.7,180.3,0.9424,0
1792,59.7931,50.3,1.6,350.9,179.2,0.9374,0
1793,59.8264,107.1,1.8,349.5,171.7,0.9035,0
1794,59.8598,100.8,0.1,350.1,173.4,0.9382,0
1795,59.8932,94.1,0.0,346.8,172.4,0.9349,0
1796,59.9265,87.4,0.5,353.0,170.2,0.9278,0
1797,59.9599,113.7,0.2,341.5,173.4,0.9256,0
1798,59.9933,100.0,1.6,344.3,175.0,0.9181,0
1798,59.9933,256.0,202.6,284.7,226.6,0.1975,0
1799,60.0266,73.9,2.7,349.4,177.7,0.8418,0
1800,60.06,96.1,1.2,349.1,175.4,0.9137,0
1801,60.0934,60.0,2.5,352.0,175.8,0.753,0
1802,60.1267,72.4,1.4,354.9,178.8,0.8498,0
1803,60.1601,73.2,0.8,373.4,183.8,0.8219,0
1804,60.1935,67.2,0.4,191.8,176.6,0.841,0
1804,60.1935,76.9,0.3,354.5,176.2,0.7689,0
1805,60.2268,107.3,0.4,345.5,170.3,0.7611,0
1806,60.2602,65.5,5.9,350.7,174.5,0.7761,0
1807,60.2936,62.1,1.5,353.3,174.3,0.8657,0
1808,60.3269,86.1,1.8,362.9,174.6,0.8145,0
1809,60.3603,110.8,0.2,355.5,171.8,0.9022,0
1810,60.3937,78.7,0.7,346.6,170.8,0.6636,0
1810,60.3937,0.4,22.5,104.0,255.5,0.1127,1
1811,60.427,85.8,8.1,178.8,174.3,0.8981,0
1811,60.427,113.6,0.4,352.1,171.2,0.6681,0
1812,60.4604,78.0,1.7,363.6,175.5,0.9128,0
1812,60.4604,362.2,233.3,399.6,271.9,0.1359,0
1813,60.4938,82.1,0.7,358.6,172.1,0.7762,0
1814,60.5271,102.1,0.6,374.6,173.0,0.8986,0
1815,60.5605,55.4,0.7,379.1,174.8,0.3229,0
1816,60.5939,79.0,1.6,379.9,173.9,0.8838,0
1817,60.6272,95.3,1.5,378.3,179.4,0.8618,0
1817,60.6272,94.4,11.6,175.9,171.0,0.2372,0
1818,60.6606,104.5,2.6,379.4,183.4,0.8338,0
1818,60.6606,102.9,0.4,191.6,171.7,0.1047,0
1819,60.694,89.6,0.1,393.0,178.4,0.7119,0
1820,60.7273,99.0,0.0,395.1,173.6,0.7932,0
1820,60.7273,73.6,0.5,189.3,174.3,0.6967,0
1821,60.7607,73.1,14.0,354.9,178.6,0.5913,0
1822,60.7941,81.7,2.6,356.8,173.9,0.724,0
1823,60.8274,63.8,2.8,358.4,178.1,0.9032,0
1824,60.8608,104.6,4.5,367.8,173.3,0.9131,0
1825,60.8942,89.2,3.1,362.3,174.5,0.7067,0
1826,60.9275,76.0,0.9,181.7,173.8,0.7241,0
1826,60.9275,96.0,1.6,364.8,172.4,0.6969,0
1827,60.9609,71.3,2.3,402.9,181.4,0.5937,0
1827,60.9609,75.2,0.9,391.7,177.3,0.1054,0
1828,60.9943,105.1,1.4,362.2,176.5,0.8561,0
1829,61.0276,85.3,0.2,369.3,185.1,0.7883,0
1830,61.061,87.6,1.4,378.5,176.8,0.8957,0
1831,61.0944,107.5,0.0,377.8,174.6,0.8473,0
1832,61.1277,108.1,0.1,366.4,172.4,0.8119,0
1832,61.1277,97.4,1.5,186.2,174.8,0.3939,0
1832,61.1277,97.3,1.2,186.8,172.5,0.356,0
1833,61.1611,71.7,6.3,363.2,174.4,0.8769,0
1834,61.1945,86.7,2.1,366.8,170.8,0.9015,0
1834,61.1945,343.9,213.6,367.8,234.4,0.2872,0
1835,61.2278,102.7,0.7,358.1,173.6,0.7796,0
1836,61.2612,101.8,2.9,372.1,174.6,0.9186,0
1837,61.2946,91.4,1.2,371.6,171.4,0.8454,0
1838,61.3279,43.2,1.6,384.9,182.5,0.8739,0
1839,61.3613,100.2,0.4,387.3,177.8,0.863,0
1839,61.3613,63.8,2.0,183.9,175.2,0.4809,0
1840,61.3947,95.6,3.5,356.8,178.8,0.9268,0
1841,61.428,72.8,0.5,369.2,199.6,0.8241,0
1842,61.4614,50.9,1.7,389.9,179.9,0.4541,0
1842,61.4614,62.1,1.8,392.8,178.9,0.231,0
1843,61.4948,66.0,1.4,405.5,177.3,0.5293,0
1844,61.5281,63.1,2.4,352.4,177.1,0.777,0
1845,61.5615,102.5,3.2,353.8,178.0,0.8935,0
1846,61.5949,71.2,0.4,363.4,176.7,0.8748,0
1847,61.6282,80.5,0.0,374.4,175.5,0.2981,0
1848,61.6616,99.4,4.0,351.6,174.4,0.9202,0
1849,61.695,102.0,0.5,350.1,174.0,0.936,0
1850,61.7283,59.1,3.1,354.8,183.1,0.7219,0
1851,61.7617,52.1,2.5,363.0,177.9,0.8836,0
1852,61.7951,38.4,1.8,360.5,190.3,0.9158,0
1853,61.8284,82.8,1.2,352.3,173.6,0.8525,0
1854,61.8618,73.2,0.8,363.2,174.0,0.7731,0
1854,61.8618,42.2,2.3,367.6,180.9,0.7551,0
1855,61.8952,45.8,2.7,374.8,177.3,0.8763,0
1856,61.9285,76.7,2.2,356.0,175.9,0.5088,0
1857,61.9619,80.5,1.6,365.1,177.1,0.7894,0
1858,61.9953,62.2,1.4,410.5,190.0,0.5048,0
1859,62.0286,96.1,1.8,355.6,178.6,0.8017,0
1859,62.0286,85.9,31.6,175.7,170.3,0.7593,0
1860,62.062,76.2,0.7,179.0,167.3,0.3143,0
1861,62.0954,56.9,0.7,369.8,181.4,0.9052,0
1861,62.0954,255.0,202.9,284.5,230.2,0.1444,0
1862,62.1287,44.6,1.9,361.5,187.9,0.87,0
1863,62.1621,96.1,1.8,384.6,186.2,0.8266,0
1864,62.1955,95.0,1.6,354.5,172.5,0.9099,0
1865,62.2288,102.2,0.6,347.7,172.6,0.8981,0
1866,62.2622,103.9,2.1,348.6,175.3,0.9129,0
1867,62.2956,99.0,3.0,362.4,174.3,0.9065,0
1868,62.3289,78.3,0.7,367.2,170.8,0.8821,0
1869,62.3623,55.2,1.6,374.6,177.6,0.8342,0
1870,62.3957,87.3,1.7,199.6,172.7,0.6959,0
1870,62.3957,83.3,3.9,364.3,172.8,0.6248,0
1871,62.429,79.0,5.8,362.0,175.6,0.9095,0
1871,62.429,255.8,202.4,284.6,228.2,0.353,0
1872,62.4624,85.2,0.5,354.2,176.5,0.8626,0
1872,62.4624,256.1,202.6,284.8,228.1,0.5407,0
1873,62.4958,73.2,2.3,352.9,184.4,0.8601,0
1873,62.4958,256.1,202.8,284.5,227.8,0.4013,0
1874,62.5291,79.3,2.1,364.1,189.2,0.8646,0
1874,62.5291,256.0,202.6,284.3,228.5,0.2715,0
1875,62.5625,95.5,0.6,360.1,174.8,0.1809,0
1875,62.5625,68.6,0.3,220.7,174.5,0.1476,0
1876,62.5959,88.8,0.5,359.2,172.5,0.8602,0
1876,62.5959,255.9,202.4,283.9,228.6,0.1673,0
1877,62.6292,94.4,1.8,382.0,182.4,0.8394,0
1878,62.6626,89.8,0.9,385.7,174.3,0.8873,0
1879,62.696,73.9,0.0,412.9,173.8,0.7892,0
1880,62.7293,72.4,1.6,350.5,175.9,0.8161,0
1881,62.7627,74.4,1.4,358.8,179.4,0.9238,0
1882,62.7961,30.4,2.1,363.7,196.5,0.6968,0
1883,62.8294,89.7,0.1,352.2,174.9,0.694,0
1884,62.8628,55.4,1.6,357.0,179.4,0.868,0
1885,62.8962,54.8,2.2,355.5,179.5,0.7522,0
1886,62.9295,69.7,1.8,358.6,175.5,0.8402,0
1886,62.9295,57.0,0.8,175.6,175.2,0.187,0
1887,62.9629,62.5,2.5,361.1,177.5,0.9016,0
1888,62.9963,93.1,0.6,348.5,172.4,0.933,0
1889,63.0296,93.1,0.5,350.9,171.8,0.2868,0
1890,63.063,86.0,0.4,353.6,175.6,0.6087,0
1890,63.063,81.6,2.4,355.1,175.8,0.2447,0
1891,63.0964,82.1,1.0,360.6,173.3,0.9102,0
1892,63.1297,100.5,2.5,361.8,172.6,0.8953,0
1893,63.1631,101.7,2.2,379.9,177.0,0.9247,0
1894,63.1965,68.4,4.6,381.0,179.5,0.8885,0
1895,63.2298,69.3,1.4,376.9,183.7,0.8792,0
1895,63.2298,255.9,203.2,284.1,227.4,0.2507,0
1896,63.2632,31.0,2.4,364.3,177.1,0.5194,0
1897,63.2966,93.3,0.2,367.2,177.5,0.9149,0
1898,63.3299,56.2,1.3,367.0,181.0,0.3894,0
1898,63.3299,64.9,0.0,364.9,179.3,0.2199,0
1899,63.3633,68.7,1.0,359.1,176.2,0.8518,0
1900,63.3967,83.0,2.3,359.6,178.9,0.935,0
1901,63.43,67.5,1.6,359.0,178.4,0.9174,0
1901,63.43,171.1,221.4,196.5,234.2,0.2475,0
1902,63.4634,69.6,6.7,371.0,174.9,0.9272,0
1903,63.4968,72.7,1.7,358.8,174.5,0.9253,0
1904,63.5301,73.3,3.1,357.8,173.7,0.9193,0
1905,63.5635,94.9,0.8,360.2,173.7,0.9341,0
1906,63.5969,64.9,0.4,179.0,172.8,0.3707,0
1906,63.5969,91.1,0.0,361.9,174.5,0.2679,0
1906,63.5969,76.3,1.3,368.8,177.6,0.2342,0
1907,63.6302,82.9,0.6,356.2,175.1,0.6427,0
1908,63.6636,86.3,0.0,356.6,171.9,0.8803,0
1909,63.697,84.6,0.5,359.2,171.1,0.8913,0
1910,63.7303,65.8,0.8,354.9,175.7,0.7501,0
1911,63.7637,99.0,2.6,361.4,170.0,0.3494,0
1911,63.7637,97.2,2.1,183.4,170.6,0.1703,0
1911,63.7637,96.1,6.8,186.6,174.0,0.1235,0
1912,63.7971,86.8,10.9,362.8,173.7,0.8731,0
1912,63.7971,0.0,8.2,107.3,261.8,0.3621,1
1913,63.8304,70.3,2.3,363.1,173.5,0.8767,0
1914,63.8638,53.9,2.4,354.6,174.7,0.831,0
1915,63.8972,80.9,2.5,353.4,189.3,0.8728,0
1916,63.9305,84.0,2.4,354.0,177.7,0.9154,0
1917,63.9639,42.0,1.8,357.0,181.4,0.8987,0
1917,63.9639,0.4,62.2,71.2,261.5,0.1253,1
1918,63.9973,61.1,2.3,350.1,175.6,0.8404,0
1918,63.9973,48.0,58.5,169.4,171.3,0.4276,0
1918,63.9973,41.9,57.5,168.6,170.1,0.2984,0
1918,63.9973,42.7,58.2,169.3,171.5,0.1643,0
1919,64.0306,68.1,3.1,353.4,178.6,0.9114,0
1920,64.064,101.2,2.3,349.3,170.4,0.9231,0
1921,64.0974,54.5,3.2,353.8,174.1,0.8425,0
1922,64.1307,108.4,0.5,358.1,169.5,0.8312,0
1922,64.1307,373.1,221.8,412.1,272.0,0.1002,0
1923,64.1641,97.0,9.3,353.2,176.5,0.8368,0
1923,64.1641,96.1,46.3,164.3,173.9,0.3762,0
1923,64.1641,295.9,46.9,352.7,160.8,0.2596,0
1924,64.1975,76.3,1.8,360.2,178.1,0.914,0
1925,64.2308,96.0,1.4,365.5,177.0,0.9085,0
1926,64.2642,103.5,0.9,363.7,178.8,0.7218,0
1927,64.2976,99.6,2.3,357.0,177.0,0.6603,0
1928,64.3309,79.2,2.4,363.2,205.5,0.8629,0
1929,64.3643,86.6,3.5,355.4,179.7,0.8445,0
1930,64.3977,85.9,3.4,363.4,174.4,0.9093,0
1931,64.431,94.7,1.8,371.9,180.3,0.8281,0
1932,64.4644,96.2,2.1,368.5,179.6,0.8686,0
1933,64.4978,94.7,1.1,366.3,188.5,0.9053,0
1934,64.5311,79.0,0.5,155.4,172.5,0.9024,0
1934,64.5311,104.4,1.7,358.5,174.2,0.6632,0
1935,64.5645,91.9,2.1,358.0,180.2,0.8362,0
1935,64.5645,84.7,13.5,177.6,173.4,0.5867,0
1936,64.5979,88.3,0.7,352.8,175.4,0.7267,0
1936,64.5979,82.8,2.5,353.7,177.1,0.189,0
1937,64.6312,84.1,3.2,361.8,189.9,0.8529,0
1937,64.6312,85.0,2.1,161.9,169.9,0.195,0
1938,64.6646,53.7,2.7,360.7,179.2,0.9097,0
1939,64.698,60.9,2.6,355.1,187.9,0.7677,0
1939,64.698,44.4,3.4,174.7,181.5,0.6586,0
1940,64.7313,40.4,34.1,185.0,178.1,0.8808,0
1940,64.7313,101.6,1.3,353.1,168.1,0.3834,0
1941,64.7647,40.1,1.6,371.7,176.5,0.6907,0
1941,64.7647,34.7,0.2,184.1,179.1,0.4191,0
1942,64.7981,45.4,0.9,358.9,175.1,0.6437,0
1943,64.8314,55.7,0.0,363.9,175.1,0.8791,0
1943,64.8314,47.0,0.0,211.5,178.8,0.1622,0
1944,64.8648,100.5,0.4,202.1,172.6,0.8167,0
1944,64.8648,102.8,11.8,365.9,170.7,0.7263,0
1945,64.8982,51.0,3.6,355.0,178.4,0.8544,0
1946,64.9315,98.3,3.0,353.2,178.6,0.8317,0
1947,64.9649,35.4,2.9,358.4,206.8,0.8215,0
1948,64.9983,101.3,2.5,358.8,174.5,0.8064,0
1949,65.0316,55.8,6.2,353.1,176.0,0.8998,0
1950,65.065,77.0,1.5,351.4,180.5,0.8944,0
1951,65.0984,97.4,1.4,352.6,176.6,0.9234,0
1952,65.1317,82.9,1.7,353.5,176.4,0.8923,0
1952,65.1317,256.4,200.6,284.0,227.6,0.4504,0
1953,65.1651,41.6,1.7,360.2,182.1,0.821,0
1953,65.1651,256.5,200.9,284.4,227.1,0.2436,0
1954,65.1985,72.2,1.9,348.5,174.8,0.6767,0
1955,65.2318,60.2,1.5,354.7,177.3,0.8538,0
1956,65.2652,78.2,0.8,358.3,186.8,0.8959,0
1957,65.2986,43.2,1.4,356.4,194.5,0.7893,0
1958,65.3319,88.5,1.5,362.0,177.0,0.4097,0
1958,65.3319,58.7,0.0,187.8,171.9,0.1819,0
1959,65.3653,77.2,0.0,396.6,185.0,0.6481,0
1960,65.3987,96.2,2.3,363.2,186.8,0.634,0
1961,65.432,76.8,3.4,356.6,186.8,0.7901,0
1961,65.432,69.8,1.6,177.7,176.8,0.2018,0
1962,65.4654,88.0,0.1,353.0,170.0,0.9157,0
1963,65.4988,85.8,3.3,359.3,173.2,0.7964,0
1964,65.5321,74.8,2.3,361.9,179.3,0.8612,0
1965,65.5655,76.0,1.0,365.1,191.3,0.8828,0
1966,65.5989,103.8,0.9,358.9,195.0,0.9177,0
1967,65.6322,100.4,0.8,361.7,191.7,0.7764,0
1968,65.6656,64.6,1.8,374.0,206.1,0.9122,0
1968,65.6656,171.7,220.2,195.9,234.0,0.4072,0
1969,65.699,105.4,0.0,354.6,169.0,0.8993,0
1969,65.699,114.2,75.4,183.2,171.0,0.5554,0
1969,65.699,256.4,202.3,283.6,228.7,0.1295,0
1969,65.699,111.2,15.7,354.2,172.1,0.1203,0
1970,65.7323,117.2,61.7,184.7,170.8,0.8143,0
1970,65.7323,64.1,2.3,354.5,167.1,0.5004,0
1970,65.7323,256.5,202.5,283.0,228.8,0.2291,0
1971,65.7657,114.3,1.3,376.5,204.0,0.8653,0
1971,65.7657,256.4,202.4,282.7,229.1,0.2269,0
1971,65.7657,114.4,33.4,168.9,172.1,0.1588,0
1972,65.7991,89.2,1.2,357.8,176.1,0.865,0
1972,65.7991,256.3,202.2,283.9,229.3,0.3,0
1972,65.7991,50.4,0.1,172.8,180.7,0.2478,0
1973,65.8324,91.3,3.1,356.6,173.9,0.8884,0
1973,65.8324,256.0,202.1,283.8,228.9,0.332,0
1974,65.8658,33.9,2.4,366.7,196.9,0.7898,0
1974,65.8658,255.6,202.0,283.6,229.3,0.2633,0
1975,65.8992,87.9,0.4,356.9,174.9,0.8617,0
1975,65.8992,255.6,202.0,283.9,229.6,0.3504,0
1976,65.9325,99.7,0.0,350.2,173.2,0.9194,0
1976,65.9325,255.6,202.0,283.8,228.9,0.4554,0
1977,65.9659,100.5,2.0,354.4,175.0,0.8872,0
1977,65.9659,256.0,202.0,283.8,228.6,0.4041,0
1978,65.9993,75.4,0.2,354.8,172.6,0.3584,0
1978,65.9993,255.9,202.1,283.6,228.7,0.2956,0
1979,66.0326,45.4,34.1,187.5,184.7,0.7973,0
1979,66.0326,75.4,2.4,358.6,173.0,0.1514,0
1979,66.0326,255.8,202.2,283.3,229.0,0.1167,0
1980,66.066,72.9,2.1,350.4,180.8,0.7647,0
1980,66.066,255.9,202.2,284.4,227.5,0.5067,0
1981,66.0994,53.9,1.7,352.2,178.5,0.8939,0
1981,66.0994,255.8,202.3,284.5,227.5,0.6242,0
1982,66.1327,50.3,2.6,354.9,179.8,0.87,0
1982,66.1327,256.1,202.4,284.1,227.9,0.3331,0
1983,66.1661,50.5,1.1,361.2,177.5,0.8874,0
1983,66.1661,255.9,202.4,284.0,228.6,0.2372,0
1984,66.1995,40.2,5.8,362.2,181.6,0.9233,0
1984,66.1995,256.5,202.8,283.9,228.6,0.1184,0
1985,66.2328,96.8,0.7,354.7,170.4,0.6776,0
1985,66.2328,46.2,60.7,187.2,180.6,0.6009,0
1985,66.2328,256.2,202.8,283.5,228.7,0.1151,0
1985,66.2328,373.4,240.4,403.4,272.0,0.1083,0
1986,66.2662,58.3,3.4,354.8,178.8,0.8165,0
1986,66.2662,256.3,202.6,284.2,228.3,0.5335,0
1987,66.2996,64.0,2.6,359.4,176.6,0.8553,0
1987,66.2996,256.2,202.8,283.8,227.7,0.2467,0
1988,66.3329,117.9,9.5,368.6,170.5,0.867,0
1988,66.3329,256.3,202.7,283.4,227.5,0.1669,0
1989,66.3663,57.7,3.2,376.3,176.0,0.828,0
1990,66.3997,113.9,1.1,378.2,172.5,0.7416,0
1991,66.433,92.8,0.9,379.0,173.5,0.8793,0
1991,66.433,368.7,202.7,417.8,272.0,0.3043,0
1992,66.4664,102.2,2.1,354.3,174.2,0.924,0
1993,66.4998,51.7,4.0,351.5,173.9,0.6746,0
1994,66.5331,42.2,0.3,358.6,176.1,0.8117,0
1994,66.5331,406.3,189.6,433.2,250.3,0.111,0
1995,66.5665,76.7,1.4,373.2,175.3,0.7116,0
1996,66.5999,90.9,1.6,375.5,180.0,0.8343,0
1996,66.5999,101.0,0.5,188.4,170.9,0.1784,0
1997,66.6332,98.2,2.0,352.7,177.5,0.9428,0
1998,66.6666,105.1,1.4,348.1,173.5,0.9258,0
1999,66.7,103.6,0.3,352.6,174.3,0.9406,0
2000,66.7333,40.0,1.9,353.1,179.4,0.7798,0
2000,66.7333,33.2,0.9,357.0,186.4,0.4621,0
2000,66.7333,255.7,202.4,284.2,229.4,0.3426,0
2001,66.7667,98.7,1.9,359.0,174.6,0.924,0
2001,66.7667,31.1,161.8,62.2,191.7,0.4103,0
2001,66.7667,255.6,202.6,283.8,229.4,0.2634,0
2002,66.8001,83.4,1.0,373.8,174.9,0.921,0
2002,66.8001,35.3,156.1,62.4,190.8,0.7754,0
2002,66.8001,255.8,202.6,284.2,229.6,0.3394,0
2003,66.8334,107.0,5.7,372.8,171.8,0.7335,0
2003,66.8334,255.9,202.5,284.7,228.9,0.5627,0
2004,66.8668,110.3,0.2,384.4,175.0,0.8482,0
2004,66.8668,256.5,202.7,284.9,228.4,0.749,0
2005,66.9002,107.3,2.3,371.4,174.1,0.8288,0
2005,66.9002,256.4,202.5,284.5,227.2,0.6788,0
2006,66.9335,102.9,1.9,355.1,175.8,0.9316,0
2006,66.9335,256.3,202.8,283.9,227.0,0.5266,0
2007,66.9669,102.4,2.7,357.9,175.6,0.944,0
2007,66.9669,256.1,202.6,283.6,226.9,0.3316,0
2008,67.0003,104.5,0.1,363.4,172.3,0.9233,0
2008,67.0003,255.8,202.2,283.3,228.3,0.3043,0
2009,67.0336,84.4,2.1,362.6,176.6,0.9069,0
2010,67.067,104.0,2.1,354.8,175.9,0.929,0
2011,67.1004,109.9,1.1,359.9,174.3,0.9006,0
2012,67.1337,63.8,0.9,356.5,176.5,0.7962,0
2013,67.1671,56.4,0.3,381.0,181.7,0.8234,0
2014,67.2005,48.6,0.4,176.9,179.9,0.7021,0
2014,67.2005,92.0,0.1,356.6,173.9,0.4336,0
2015,67.2338,87.1,0.4,368.1,175.6,0.7843,0
2015,67.2338,256.3,202.4,284.3,229.3,0.2898,0
2015,67.2338,94.0,0.7,174.3,169.7,0.1141,0
2016,67.2672,109.5,13.8,352.4,174.7,0.9151,0
2017,67.3006,107.2,3.5,352.5,172.4,0.6896,0
2018,67.3339,74.1,2.8,355.9,177.0,0.7649,0
2019,67.3673,82.6,1.5,351.5,175.8,0.8818,0
2020,67.4007,85.1,0.2,345.8,177.8,0.7951,0
2021,67.434,103.7,1.3,352.9,175.2,0.9354,0
2022,67.4674,75.0,0.6,372.6,171.5,0.6246,0
2022,67.4674,64.9,0.3,373.3,173.8,0.1522,0
2023,67.5008,102.0,2.2,364.0,171.2,0.9201,0
2024,67.5341,102.6,0.7,365.9,170.9,0.8702,0
2024,67.5341,256.1,202.4,284.4,228.1,0.5546,0
2025,67.5675,98.4,1.3,350.7,170.9,0.9061,0
2025,67.5675,255.9,201.6,284.5,227.6,0.6276,0
2026,67.6009,78.8,1.4,351.5,173.1,0.9033,0
2026,67.6009,255.4,200.5,284.1,227.7,0.1607,0
2027,67.6342,108.2,0.4,352.5,174.2,0.9046,0
2027,67.6342,256.4,201.9,283.5,229.1,0.1031,0
2028,67.6676,108.7,0.9,350.5,173.5,0.9292,0
2029,67.701,60.2,1.7,360.5,177.6,0.7925,0
2030,67.7343,96.0,0.0,367.4,173.8,0.89,0
2031,67.7677,70.0,1.0,369.9,173.2,0.8222,0
2032,67.8011,90.8,0.4,365.4,168.2,0.7125,0
2032,67.8011,47.3,0.0,228.8,183.2,0.387,0
2033,67.8344,111.8,0.1,363.0,173.9,0.7943,0
2033,67.8344,107.1,0.5,188.3,171.3,0.405,0
2034,67.8678,75.6,0.9,362.2,173.8,0.6958,0
2035,67.9012,87.9,0.1,366.5,170.4,0.7685,0
2035,67.9012,66.5,0.2,371.2,174.5,0.106,0
2036,67.9345,112.7,0.5,354.5,172.4,0.9488,0
2037,67.9679,99.1,0.5,362.1,170.2,0.5923,0
2038,68.0013,68.8,1.0,376.4,174.7,0.7991,0
2039,68.0346,71.4,2.4,378.7,174.5,0.7952,0
2040,68.068,56.1,2.5,355.2,176.1,0.9102,0
2041,68.1014,63.8,4.1,353.8,180.1,0.9116,0
2042,68.1347,89.2,2.7,364.9,174.5,0.8878,0
2042,68.1347,41.1,144.9,64.0,184.8,0.4648,0
2043,68.1681,96.1,0.4,347.6,175.0,0.9165,0
2044,68.2015,84.1,1.4,353.2,174.1,0.9152,0
2045,68.2348,92.6,0.6,349.6,175.6,0.9248,0
2045,68.2348,255.8,203.1,284.0,229.3,0.2783,0
2046,68.2682,70.2,0.6,357.2,176.9,0.9071,0
2046,68.2682,255.5,202.8,284.4,228.6,0.6464,0
2047,68.3016,76.7,1.3,355.1,182.7,0.9243,0
2047,68.3016,255.9,202.9,283.9,227.7,0.2909,0
2048,68.3349,41.2,8.9,176.5,180.1,0.7261,0
2048,68.3349,79.1,1.2,358.1,169.8,0.3155,0
2048,68.3349,255.6,203.0,283.7,228.3,0.2823,0
2049,68.3683,41.5,0.1,179.1,183.1,0.8141,0
2049,68.3683,75.2,5.8,358.0,182.3,0.7912,0
2050,68.4017,97.2,2.8,357.6,174.2,0.8928,0
2051,68.435,75.6,2.7,354.2,175.0,0.7776,0
2052,68.4684,102.7,0.2,352.9,173.6,0.8704,0
2053,68.5018,74.9,1.0,357.5,175.8,0.9061,0
2054,68.5351,103.6,0.2,360.6,172.2,0.2519,0
2055,68.5685,68.0,0.4,365.8,172.7,0.9167,0
2056,68.6019,100.5,1.4,370.0,174.5,0.8223,0
2057,68.6352,78.2,14.5,179.4,174.0,0.3828,0
2057,68.6352,107.5,1.4,359.9,172.1,0.2582,0
2058,68.6686,116.6,0.7,354.9,172.8,0.5934,0
2058,68.6686,65.5,0.3,178.3,175.7,0.5524,0
2059,68.702,114.8,0.3,356.4,173.1,0.7737,0
2060,68.7353,80.6,0.6,376.4,177.0,0.2102,0
2061,68.7687,71.2,2.6,358.6,176.2,0.8867,0
2062,68.8021,70.3,3.1,365.2,176.1,0.9405,0
2063,68.8354,110.3,1.6,357.1,171.6,0.5853,0
2064,68.8688,103.8,0.9,364.8,171.0,0.8118,0
2065,68.9022,60.6,0.8,383.2,177.2,0.787,0
2066,68.9355,77.1,2.6,352.5,173.8,0.9242,0
2067,68.9689,101.2,2.0,353.8,175.2,0.9323,0
2068,69.0023,95.9,1.8,356.8,177.9,0.9191,0
2068,69.0023,40.3,143.2,64.4,186.8,0.3151,0
2069,69.0356,36.7,1.5,357.8,189.2,0.9062,0
2070,69.069,40.5,2.3,355.7,179.5,0.8707,0
2071,69.1024,61.8,0.7,362.1,178.5,0.8722,0
2072,69.1357,91.8,3.9,366.0,175.3,0.1348,0
2072,69.1357,101.1,2.2,362.7,173.4,0.1207,0
2073,69.1691,51.8,1.7,366.8,178.8,0.8937,0
2074,69.2025,63.9,1.0,380.0,175.2,0.7923,0
2074,69.2025,42.1,1.0,385.5,186.2,0.6954,0
2075,69.2358,47.0,13.8,185.5,178.2,0.7661,0
2076,69.2692,96.2,0.0,353.4,172.8,0.2174,0
2076,69.2692,96.0,0.0,193.3,172.7,0.1454,0
2077,69.3026,38.5,2.2,364.2,188.2,0.8625,0
2078,69.3359,60.4,1.5,360.7,187.1,0.7257,0
2078,69.3359,49.1,0.0,176.7,179.6,0.673,0
2079,69.3693,67.1,2.2,362.6,185.0,0.4813,0
2079,69.3693,75.0,0.8,361.3,180.7,0.2146,0
2080,69.4027,88.2,1.4,373.5,174.2,0.7195,0
2081,69.436,87.1,0.6,374.6,175.7,0.7162,0
2081,69.436,58.4,46.5,182.3,174.6,0.2991,0
2082,69.4694,86.7,0.7,353.5,174.9,0.7372,0
2082,69.4694,45.6,1.5,182.9,178.6,0.3546,0
2083,69.5028,52.7,1.4,362.9,175.2,0.7593,0
2084,69.5361,57.5,1.8,354.7,175.3,0.8624,0
2085,69.5695,64.0,2.3,356.7,177.5,0.9243,0
2086,69.6029,57.3,1.6,356.1,175.8,0.902,0
2087,69.6362,51.5,1.5,355.5,178.0,0.9055,0
2088,69.6696,55.9,2.0,356.0,178.3,0.8512,0
2089,69.703,94.9,0.4,357.2,174.1,0.5012,0
2089,69.703,28.9,32.2,185.6,178.7,0.3447,0
2090,69.7363,75.8,0.4,356.6,174.3,0.7824,0
2091,69.7697,70.4,2.3,353.4,175.7,0.8878,0
2092,69.8031,99.9,1.8,353.3,175.4,0.7813,0
2093,69.8364,95.1,2.7,354.1,175.9,0.9485,0
2094,69.8698,89.1,1.6,351.9,179.0,0.9247,0
2095,69.9032,83.3,3.7,350.7,177.0,0.9262,0
2096,69.9365,83.9,0.9,349.8,175.5,0.939,0
2096,69.9365,0.0,50.2,72.1,257.2,0.1212,1
2097,69.9699,99.1,1.2,349.5,172.3,0.9302,0
2098,70.0033,52.7,1.4,358.5,182.0,0.8801,0
2099,70.0366,95.2,0.3,353.9,175.7,0.9155,0
2100,70.07,90.3,1.3,353.0,176.2,0.9124,0
2101,70.1034,100.7,1.2,351.8,174.1,0.9435,0
2102,70.1367,55.1,1.7,352.8,182.8,0.6426,0
2103,70.1701,95.3,2.7,348.0,174.9,0.8728,0
2103,70.1701,38.3,154.0,53.8,185.5,0.4528,0
2103,70.1701,38.2,152.9,62.5,186.8,0.2094,0
2104,70.2035,84.0,6.5,349.5,173.6,0.9226,0
2105,70.2368,82.1,2.5,350.4,172.9,0.8898,0
2105,70.2368,76.3,0.0,182.6,170.8,0.1366,0
2106,70.2702,67.4,3.0,350.4,177.3,0.8212,0
2106,70.2702,41.8,0.3,177.5,181.9,0.7231,0
2107,70.3036,93.2,3.9,351.7,174.5,0.8978,0
2108,70.3369,112.4,3.1,359.1,198.6,0.4909,0
2108,70.3369,94.1,46.1,162.1,172.1,0.2806,0
2109,70.3703,64.1,1.7,356.0,183.1,0.781,0
2109,70.3703,40.4,2.0,167.3,182.0,0.6711,0
2109,70.3703,37.8,110.3,63.4,184.6,0.1962,0
2110,70.4037,50.0,0.9,354.5,175.2,0.4422,0
2110,70.4037,40.0,157.6,61.9,184.3,0.1255,0
2111,70.437,88.5,1.5,357.6,170.7,0.5767,0
2111,70.437,34.6,141.3,60.4,185.4,0.1632,0
2112,70.4704,36.5,1.8,355.0,185.3,0.8564,0
2113,70.5038,63.4,2.2,349.6,174.9,0.8309,0
2114,70.5371,79.0,2.6,350.9,174.6,0.9069,0
2115,70.5705,66.3,2.4,354.0,180.9,0.8781,0
2115,70.5705,256.0,204.2,271.0,229.1,0.3568,0
2116,70.6039,57.5,2.5,352.9,175.9,0.8883,0
2117,70.6372,52.1,2.2,352.9,175.9,0.8971,0
2118,70.6706,50.6,2.1,352.0,175.0,0.835,0
2119,70.704,39.0,2.3,356.7,180.3,0.9184,0
2119,70.704,170.7,220.7,195.2,234.0,0.1017,0
2120,70.7373,105.6,2.7,357.2,176.9,0.7182,0
2120,70.7373,256.2,202.5,268.2,226.4,0.1349,0
2121,70.7707,95.1,4.3,359.1,177.5,0.8675,0
2121,70.7707,256.3,202.5,268.5,226.9,0.1809,0
2122,70.8041,65.1,2.7,355.2,176.7,0.8876,0
2123,70.8374,100.5,1.4,350.3,176.3,0.8947,0
2124,70.8708,98.6,0.2,345.6,172.1,0.9255,0
2124,70.8708,256.6,204.0,268.6,228.3,0.1166,0
2125,70.9042,66.8,5.5,352.6,173.4,0.8579,0
2126,70.9375,61.1,1.0,363.6,178.1,0.7744,0
2127,70.9709,51.0,0.0,372.4,173.5,0.8802,0
2128,71.0043,48.4,0.5,407.1,180.3,0.9045,0
2129,71.0376,47.1,3.3,367.0,174.6,0.623,0
2130,71.071,55.3,1.1,380.2,174.0,0.8728,0
2131,71.1044,42.9,3.3,379.2,181.4,0.8965,0
2132,71.1377,84.0,1.8,368.8,180.7,0.8796,0
2132,71.1377,31.8,154.0,59.9,186.6,0.4246,0
2133,71.1711,79.3,8.2,375.6,175.6,0.7607,0
2133,71.1711,40.2,33.5,174.5,188.1,0.4338,0
2134,71.2045,106.3,1.1,384.6,173.2,0.8853,0
2135,71.2378,62.9,1.5,357.2,178.4,0.8965,0
2136,71.2712,62.0,1.9,361.3,179.8,0.895,0
2137,71.3046,44.2,1.1,361.2,181.5,0.8569,0
2138,71.3379,85.6,1.4,349.4,179.7,0.8423,0
2138,71.3379,97.3,60.1,157.4,172.8,0.591,0
2138,71.3379,22.7,143.3,59.2,186.8,0.379,0
2139,71.3713,95.5,1.5,352.7,175.2,0.9056,0
2139,71.3713,15.8,132.3,57.0,186.1,0.2907,0
2140,71.4047,95.6,1.5,364.5,177.5,0.9151,0
2141,71.438,92.3,1.5,366.2,174.8,0.8999,0
2142,71.4714,57.3,1.6,356.6,174.6,0.8904,0
2143,71.5048,95.4,0.0,356.5,174.0,0.9288,0
2144,71.5381,104.9,0.4,368.3,172.9,0.927,0
2145,71.5715,63.1,1.9,374.8,176.4,0.9006,0
2146,71.6049,54.3,2.3,382.5,186.7,0.9147,0
2147,71.6382,56.1,1.9,377.3,182.4,0.8675,0
2148,71.6716,50.1,1.6,376.5,194.9,0.9149,0
2149,71.705,47.9,1.2,371.6,196.1,0.8989,0
2150,71.7383,63.5,1.7,367.6,178.1,0.8216,0
2151,71.7717,48.3,74.0,175.1,178.8,0.8906,0
2151,71.7717,83.5,1.2,356.4,168.6,0.6006,0
2152,71.8051,49.8,51.1,179.1,178.1,0.8686,0
2152,71.8051,84.0,1.6,362.4,171.0,0.7841,0
2153,71.8384,54.4,2.2,365.6,177.6,0.8914,0
2154,71.8718,106.6,4.4,370.2,172.8,0.9112,0
2155,71.9052,96.4,0.7,373.3,170.6,0.9079,0
2155,71.9052,69.4,15.5,181.1,175.0,0.2689,0
2156,71.9385,86.3,0.6,379.4,175.6,0.7456,0
2157,71.9719,80.7,3.5,357.2,175.3,0.8247,0
2158,72.0053,66.7,3.2,353.0,176.0,0.8639,0
2158,72.0053,372.2,209.6,409.9,271.3,0.1086,0
2159,72.0386,58.5,2.3,358.1,185.6,0.8779,0
2159,72.0386,0.1,11.7,89.4,258.4,0.1125,1
2160,72.072,36.9,2.9,357.5,181.4,0.8972,0
2161,72.1054,44.2,2.8,363.3,201.2,0.8662,0
2162,72.1387,50.2,2.0,366.2,203.5,0.8942,0
2162,72.1387,256.0,204.7,266.7,226.1,0.1026,0
2163,72.1721,45.8,4.0,358.5,185.2,0.8542,0
2163,72.1721,256.5,204.5,267.6,226.2,0.1313,0
2164,72.2055,43.2,1.7,361.0,177.5,0.8249,0
2165,72.2388,95.5,1.1,354.1,177.7,0.7939,0
2166,72.2722,87.5,9.4,352.2,176.2,0.8539,0
2167,72.3056,75.9,7.6,355.8,174.1,0.9011,0
2167,72.3056,0.0,9.7,108.9,261.3,0.2995,1
2168,72.3389,74.8,2.9,352.3,174.9,0.8942,0
2168,72.3389,0.0,8.0,107.4,260.9,0.2361,1
2169,72.3723,81.1,2.4,361.2,173.5,0.8888,0
2169,72.3723,0.0,5.5,109.9,260.7,0.4941,1
2170,72.4057,54.4,0.9,356.5,175.3,0.8169,0
2171,72.439,57.1,0.5,360.5,181.1,0.9143,0
2171,72.439,0.0,18.6,67.6,261.9,0.2542,1
2172,72.4724,96.9,1.7,351.6,176.2,0.9114,0
2172,72.4724,0.1,19.2,68.7,261.9,0.1263,1
2173,72.5058,74.8,6.5,353.8,180.1,0.8871,0
2173,72.5058,255.7,204.2,284.1,231.8,0.1959,0
2174,72.5391,65.5,4.2,359.0,175.9,0.5501,0
2174,72.5391,48.2,2.8,186.0,177.0,0.2598,0
2174,72.5391,90.8,2.7,358.4,170.2,0.1076,0
2175,72.5725,73.2,1.5,363.3,177.0,0.8269,0
2175,72.5725,256.0,204.0,283.6,230.2,0.1724,0
2175,72.5725,255.7,204.9,283.9,229.9,0.1163,0
2176,72.6059,42.8,1.2,358.3,184.9,0.7788,0
2176,72.6059,256.0,203.8,283.2,229.0,0.2224,0
2177,72.6392,89.1,3.8,355.2,174.9,0.881,0
2178,72.6726,91.0,1.3,356.6,197.1,0.7986,0
2179,72.706,103.5,76.2,175.0,172.1,0.5745,0
2179,72.706,104.0,2.0,353.0,175.4,0.2904,0
2180,72.7393,37.1,51.9,180.0,181.3,0.8665,0
2180,72.7393,47.0,1.1,351.5,173.2,0.6171,0
2181,72.7727,71.4,0.5,350.8,176.6,0.8442,0
2182,72.8061,83.7,0.5,349.4,172.7,0.9136,0
2182,72.8061,255.9,205.7,268.3,227.8,0.2969,0
2183,72.8394,72.9,1.6,350.6,175.5,0.6215,0
2183,72.8394,256.2,204.3,269.6,227.5,0.4003,0
2183,72.8394,75.0,0.2,349.6,173.7,0.1226,0
2184,72.8728,88.8,1.9,351.4,172.5,0.9003,0
2184,72.8728,256.2,204.1,269.5,227.7,0.6727,0
2185,72.9062,88.2,3.4,354.3,177.7,0.8844,0
2185,72.9062,255.7,203.8,269.3,228.9,0.5955,0
2186,72.9395,59.8,2.6,350.7,179.6,0.8659,0
2186,72.9395,43.3,0.2,175.0,180.4,0.1346,0
2187,72.9729,49.7,61.0,173.7,177.4,0.7603,0
2187,72.9729,100.8,0.1,351.7,168.3,0.5697,0
2188,73.0063,97.6,0.8,354.3,175.4,0.8691,0
2189,73.0396,97.9,0.6,356.7,171.6,0.8463,0
2190,73.073,49.9,1.3,351.7,178.9,0.8117,0
2191,73.1064,83.6,3.5,351.2,185.0,0.8503,0
2192,73.1397,66.7,2.0,353.8,180.5,0.8658,0
2193,73.1731,72.3,4.1,354.8,178.6,0.8517,0
2194,73.2065,63.5,3.5,358.6,176.4,0.7838,0
2195,73.2398,70.6,5.9,360.7,174.6,0.7962,0
2196,73.2732,64.8,2.7,358.3,179.4,0.8821,0
2196,73.2732,256.7,205.2,270.9,229.8,0.3505,0
2196,73.2732,0.1,14.5,100.4,260.6,0.1693,1
2197,73.3066,81.5,2.0,363.1,179.4,0.8228,0
2197,73.3066,256.8,204.6,272.1,229.4,0.1601,0
2198,73.3399,44.6,1.9,387.8,190.9,0.8752,0
2198,73.3399,256.4,203.9,273.1,229.1,0.6034,0
2199,73.3733,79.7,2.6,374.3,172.2,0.7704,0
2199,73.3733,256.0,203.4,273.1,228.7,0.3988,0
2199,73.3733,255.8,202.8,273.0,228.4,0.2014,0
2200,73.4067,41.8,69.5,186.7,177.0,0.8744,0
2200,73.4067,64.8,1.3,382.0,171.7,0.6772,0
2200,73.4067,255.8,203.2,272.4,229.4,0.3826,0
2201,73.44,48.4,54.4,184.4,176.1,0.7653,0
2201,73.44,45.2,0.1,357.1,172.8,0.6353,0
2201,73.44,256.2,204.0,271.8,230.3,0.2998,0
2202,73.4734,67.0,2.0,358.4,189.3,0.8817,0
2202,73.4734,256.2,204.1,272.1,230.8,0.7359,0
2202,73.4734,51.1,32.1,174.1,176.0,0.3634,0
2203,73.5068,43.8,1.8,365.4,190.4,0.8825,0
2203,73.5068,255.8,203.8,270.8,231.8,0.2958,0
2203,73.5068,44.7,2.5,365.3,189.9,0.1209,0
2204,73.5401,92.4,0.0,372.0,172.7,0.7883,0
2204,73.5401,39.2,49.0,176.8,179.4,0.5987,0
2204,73.5401,255.2,204.1,270.1,232.2,0.1358,0
2204,73.5401,121.8,53.4,176.2,172.2,0.1291,0
2205,73.5735,105.6,2.5,370.7,173.5,0.7738,0
2206,73.6069,65.1,1.4,354.4,176.6,0.8627,0
2206,73.6069,254.5,204.0,269.0,232.3,0.1854,0
2207,73.6402,78.0,0.8,357.5,175.2,0.5296,0
2207,73.6402,68.8,2.2,358.4,178.4,0.2259,0
2208,73.6736,46.7,0.2,174.2,178.0,0.7693,0
2208,73.6736,63.3,2.0,356.3,176.4,0.7493,0
2209,73.707,78.2,0.6,353.2,175.2,0.2898,0
2210,73.7403,62.9,1.2,359.9,181.2,0.8624,0
2211,73.7737,72.3,2.1,361.9,204.2,0.8144,0
2212,73.8071,77.5,1.8,362.1,170.1,0.3244,0
2213,73.8404,89.5,0.1,354.8,170.5,0.8728,0
2214,73.8738,71.8,50.5,178.1,172.6,0.808,0
2214,73.8738,76.6,0.5,354.3,169.7,0.7763,0
2215,73.9072,75.2,0.0,353.8,173.6,0.8537,0
2216,73.9405,50.8,3.3,360.8,191.3,0.817,0
2216,73.9405,255.5,204.7,282.6,231.2,0.2193,0
2217,73.9739,91.8,2.4,356.7,179.7,0.8959,0
2217,73.9739,256.2,204.2,269.9,230.2,0.2,0
2218,74.0073,98.4,3.0,354.4,178.3,0.9062,0
2218,74.0073,257.0,204.7,270.8,229.4,0.1627,0
2219,74.0406,73.7,3.9,355.1,177.6,0.9241,0
2220,74.074,74.4,2.9,359.7,187.0,0.8335,0
2220,74.074,256.3,204.6,270.8,229.5,0.42,0
2221,74.1074,44.1,1.6,361.8,210.9,0.8599,0
2222,74.1407,41.4,2.1,350.8,185.4,0.8475,0
2223,74.1741,39.3,2.4,358.4,203.8,0.82,0
2223,74.1741,254.2,204.4,268.7,233.9,0.1212,0
2224,74.2075,97.9,0.9,362.0,184.2,0.6822,0
2225,74.2408,97.3,1.8,358.4,185.2,0.837,0
2225,74.2408,31.2,152.0,60.0,188.5,0.4539,0
2226,74.2742,104.0,0.3,363.8,172.4,0.6657,0
2226,74.2742,91.6,56.7,160.0,174.2,0.4326,0
2227,74.3076,55.4,2.4,357.9,177.2,0.8869,0
2228,74.3409,85.2,1.0,373.0,173.3,0.6769,0
2228,74.3409,89.0,3.0,374.0,174.7,0.2119,0
2229,74.3743,98.7,3.1,377.4,181.4,0.9027,0
2230,74.4077,43.6,3.8,384.4,179.8,0.7655,0
2230,74.4077,45.1,2.8,386.7,180.5,0.5056,0
2231,74.441,62.8,1.6,384.3,189.9,0.8997,0
2231,74.441,256.6,204.7,269.7,229.8,0.1313,0
2232,74.4744,42.5,2.0,371.4,208.1,0.8983,0
2232,74.4744,256.6,204.9,270.5,226.9,0.3328,0
2233,74.5078,108.8,2.9,360.0,182.7,0.8609,0
2233,74.5078,257.2,205.5,270.2,224.8,0.1015,0
2234,74.5411,62.7,1.5,358.8,182.6,0.2675,0
2235,74.5745,59.0,1.2,354.7,191.0,0.7562,0
2236,74.6079,68.8,1.5,357.9,181.4,0.8868,0
2237,74.6412,55.0,1.6,368.1,177.5,0.8956,0
2238,74.6746,54.3,1.1,354.7,175.0,0.8296,0
2239,74.708,98.2,3.7,371.1,175.4,0.8914,0
2240,74.7413,79.6,1.9,370.9,175.2,0.7861,0
2240,74.7413,70.4,44.1,185.2,171.5,0.5215,0
2241,74.7747,100.8,1.6,358.9,174.7,0.8635,0
2242,74.8081,52.5,1.6,360.9,179.2,0.846,0
2243,74.8414,59.8,1.7,371.5,182.0,0.9239,0
2244,74.8748,79.6,2.1,360.8,178.5,0.9032,0
2245,74.9082,46.5,0.0,182.2,179.2,0.6024,0
2245,74.9082,101.0,0.0,353.8,171.2,0.3501,0
2246,74.9415,65.6,2.6,358.0,177.2,0.791,0
2247,74.9749,54.6,1.4,366.9,180.2,0.7346,0
2247,74.9749,59.7,1.9,362.7,178.7,0.1873,0
2248,75.0083,67.5,1.8,358.4,183.0,0.9043,0
2248,75.0083,0.0,42.4,75.3,263.6,0.2254,1
2249,75.0416,69.6,0.7,361.5,175.1,0.6483,0
2250,75.075,85.8,1.8,356.2,174.9,0.7752,0
2250,75.075,255.6,203.0,268.8,230.3,0.3106,0
2250,75.075,255.7,202.1,277.5,230.8,0.1266,0
2251,75.1084,53.0,2.1,356.1,178.2,0.8409,0
2251,75.1084,256.1,204.2,268.8,226.8,0.3692,0
2252,75.1417,58.7,1.8,362.3,180.1,0.8977,0
2252,75.1417,256.2,205.3,269.2,226.1,0.3181,0
2253,75.1751,53.0,2.4,354.5,184.2,0.8349,0
2253,75.1751,35.1,0.0,180.6,202.0,0.7383,0
2253,75.1751,255.9,202.2,281.0,227.7,0.179,0
2254,75.2085,73.8,2.5,357.4,179.5,0.8484,0
2254,75.2085,255.4,201.6,269.6,228.0,0.2182,0
2255,75.2418,51.8,1.1,361.6,181.4,0.7804,0
2255,75.2418,41.2,0.0,172.3,180.4,0.259,0
2256,75.2752,94.8,3.1,363.1,183.9,0.5637,0
2257,75.3086,36.1,2.8,372.0,182.3,0.6567,0
2257,75.3086,254.4,202.6,271.1,232.4,0.1486,0
2258,75.3419,93.0,1.6,354.6,171.1,0.6942,0
2258,75.3419,71.2,29.0,178.6,175.4,0.1648,0
2258,75.3419,254.8,203.0,277.4,232.4,0.1495,0
2259,75.3753,65.5,4.2,355.9,178.5,0.9064,0
2259,75.3753,254.9,202.3,277.7,232.5,0.2926,0
2259,75.3753,254.8,202.5,271.7,232.4,0.18,0
2260,75.4087,89.3,0.9,356.5,175.2,0.8983,0
2260,75.4087,255.1,202.7,271.1,231.6,0.5271,0
2261,75.442,60.2,17.3,178.3,174.8,0.8761,0
2261,75.442,94.5,0.7,365.3,171.9,0.7733,0
2261,75.442,255.1,202.8,271.3,231.7,0.4855,0
2262,75.4754,60.3,2.0,355.6,181.2,0.897,0
2262,75.4754,255.5,202.7,270.9,231.6,0.6873,0
2263,75.5088,255.1,202.9,270.6,231.0,0.6882,0
2263,75.5088,96.9,2.3,357.1,179.4,0.6297,0
2264,75.5421,68.6,1.6,355.7,175.4,0.8917,0
2264,75.5421,255.6,203.1,270.1,230.4,0.6843,0
2265,75.5755,89.2,3.3,359.4,171.5,0.7776,0
2265,75.5755,255.9,203.7,269.8,229.5,0.4303,0
2265,75.5755,107.7,54.7,164.3,171.9,0.2853,0
2265,75.5755,62.6,51.3,165.1,174.0,0.22,0
2266,75.6089,44.1,31.6,167.1,176.8,0.6217,0
2266,75.6089,39.8,31.0,167.6,239.0,0.2988,0
2266,75.6089,256.0,203.8,269.8,228.4,0.2707,0
2266,75.6089,87.1,7.4,364.2,179.1,0.2319,0
2267,75.6422,59.7,0.6,357.1,175.6,0.8571,0
2267,75.6422,255.8,202.2,269.9,227.1,0.7217,0
2267,75.6422,31.5,4.7,161.3,254.6,0.1313,0
2268,75.6756,92.8,1.8,355.9,176.0,0.612,0
2268,75.6756,255.2,201.4,269.0,227.2,0.4728,0
2268,75.6756,95.3,0.3,353.5,175.1,0.1885,0
2269,75.709,62.6,0.0,170.7,176.6,0.6031,0
2269,75.709,97.3,0.2,358.2,168.3,0.3717,0
2269,75.709,254.9,201.4,270.1,228.5,0.3509,0
2269,75.709,85.8,0.4,358.2,171.1,0.1459,0
2270,75.7423,44.2,2.7,365.2,181.8,0.8412,0
2270,75.7423,255.2,201.2,270.8,229.1,0.1684,0
2271,75.7757,94.9,0.5,361.9,172.7,0.8805,0
2271,75.7757,32.8,147.5,58.2,190.3,0.583,0
2271,75.7757,0.4,12.2,109.5,238.4,0.1098,1
2272,75.8091,64.2,3.7,359.0,177.5,0.8836,0
2272,75.8091,255.0,202.4,271.0,231.0,0.2185,0
2273,75.8424,95.0,0.6,354.0,173.8,0.9236,0
2274,75.8758,89.0,0.2,368.1,173.5,0.9347,0
2274,75.8758,255.1,202.2,269.8,231.8,0.1762,0
2275,75.9092,76.6,1.3,365.5,172.3,0.8274,0
2275,75.9092,256.0,202.7,269.5,230.7,0.6582,0
2276,75.9425,255.7,201.4,269.3,228.6,0.7007,0
2276,75.9425,83.4,2.0,358.1,193.8,0.662,0
2276,75.9425,83.1,1.0,354.8,186.0,0.202,0
2277,75.9759,36.9,2.3,356.9,189.3,0.8201,0
2277,75.9759,255.9,201.7,269.1,227.1,0.6901,0
2278,76.0093,30.7,2.0,365.3,190.2,0.8446,0
2278,76.0093,256.1,201.6,269.2,226.9,0.6002,0
2279,76.0426,62.2,1.9,363.6,185.4,0.8884,0
2279,76.0426,256.3,202.2,269.5,226.5,0.6777,0
2280,76.076,95.4,2.8,373.4,179.1,0.8528,0
2280,76.076,256.0,202.0,269.8,227.4,0.6647,0
2280,76.076,68.1,0.6,202.5,176.2,0.1507,0
2281,76.1094,100.9,2.3,359.0,170.3,0.7699,0
2281,76.1094,88.6,22.2,194.5,172.9,0.3124,0
2282,76.1427,46.2,40.0,172.7,177.0,0.819,0
2282,76.1427,91.2,3.4,368.0,171.2,0.6706,0
2282,76.1427,255.2,202.4,269.1,231.4,0.3049,0
2283,76.1761,100.9,3.2,357.7,175.4,0.8858,0
2284,76.2095,98.1,2.0,360.1,178.8,0.8951,0
2285,76.2428,79.2,1.6,365.2,176.7,0.9161,0
2286,76.2762,55.4,2.5,354.5,179.1,0.8771,0
2287,76.3096,40.3,2.4,358.3,186.2,0.8893,0
2287,76.3096,255.9,203.5,269.9,231.8,0.169,0
2288,76.3429,86.1,2.2,357.1,180.7,0.9145,0
2288,76.3429,256.6,204.8,270.4,230.6,0.2331,0
2289,76.3763,44.7,2.2,356.2,189.3,0.9278,0
2289,76.3763,256.4,204.2,270.5,230.6,0.4949,0
2290,76.4097,102.4,1.7,351.7,183.6,0.9154,0
2290,76.4097,256.3,202.9,270.6,230.5,0.748,0
2291,76.443,62.8,1.6,354.6,190.7,0.8803,0
2291,76.443,256.4,202.6,270.4,229.7,0.2551,0
2292,76.4764,50.1,2.3,354.6,193.6,0.8565,0
2293,76.5098,66.1,0.9,355.3,175.0,0.7611,0
2294,76.5431,79.0,1.0,357.6,178.2,0.1393,0
2295,76.5765,41.4,2.8,354.2,180.2,0.3272,0
2295,76.5765,256.0,202.9,272.1,230.4,0.2313,0
2295,76.5765,38.5,1.8,361.3,184.6,0.1939,0
2296,76.6099,51.4,3.3,355.3,175.2,0.8727,0
2296,76.6099,256.4,202.9,271.8,230.1,0.1297,0
2297,76.6432,47.8,1.4,360.2,176.8,0.7158,0
2297,76.6432,256.0,202.5,271.3,230.1,0.4026,0
2297,76.6432,26.1,0.3,374.2,192.0,0.1914,0
2298,76.6766,112.9,0.0,359.2,169.5,0.9028,0
2298,76.6766,115.3,46.6,171.6,169.5,0.4093,0
2298,76.6766,256.2,202.3,270.7,230.6,0.1005,0
2299,76.71,111.5,8.9,362.6,171.5,0.878,0
2299,76.71,256.0,202.3,270.6,231.2,0.1215,0
2300,76.7433,112.0,1.1,367.3,173.0,0.9244,0
2300,76.7433,255.8,202.4,270.5,231.4,0.132,0
2301,76.7767,108.0,0.5,357.9,171.5,0.6769,0
2301,76.7767,101.5,0.9,193.3,171.3,0.5472,0
2301,76.7767,255.8,202.1,269.9,231.4,0.3873,0
2302,76.8101,83.9,0.8,181.8,175.4,0.8103,0
2302,76.8101,107.0,0.2,368.1,172.2,0.5815,0
2302,76.8101,255.9,202.2,269.8,231.0,0.2618,0
2303,76.8434,72.4,5.6,357.2,175.9,0.8938,0
2303,76.8434,255.9,202.3,269.8,230.2,0.5265,0
2304,76.8768,46.2,11.3,349.8,178.2,0.7685,0
2304,76.8768,255.9,201.7,270.0,229.5,0.6163,0
2305,76.9102,46.2,3.4,349.8,178.1,0.873,0
2305,76.9102,255.8,202.0,270.7,229.0,0.5988,0
2306,76.9435,101.3,1.9,353.4,177.6,0.6635,0
2306,76.9435,256.0,202.1,271.0,228.9,0.5194,0
2307,76.9769,57.8,0.9,364.7,191.5,0.8643,0
2307,76.9769,255.9,202.1,271.4,227.9,0.6171,0
2308,77.0103,85.0,0.5,368.3,179.5,0.8626,0
2308,77.0103,255.7,201.9,271.1,227.8,0.6878,0
2309,77.0436,255.7,201.9,271.3,228.0,0.7219,0
2309,77.0436,50.3,2.1,353.2,201.4,0.4315,0
2309,77.0436,54.1,1.2,355.7,201.8,0.316,0
2310,77.077,97.5,1.5,354.9,186.8,0.9156,0
2310,77.077,255.4,201.8,271.0,228.6,0.4586,0
2311,77.1104,98.1,1.9,354.1,185.5,0.916,0
2311,77.1104,255.2,202.2,271.8,228.9,0.2885,0
2312,77.1437,49.3,2.1,353.1,186.4,0.852,0
2312,77.1437,255.0,202.3,271.0,228.6,0.1358,0
2313,77.1771,85.2,1.0,351.9,174.3,0.9079,0
2313,77.1771,254.4,202.4,271.2,228.0,0.1315,0
2314,77.2105,48.8,2.0,352.9,175.6,0.9065,0
2314,77.2105,254.0,202.3,271.2,228.4,0.1389,0
2315,77.2438,46.0,3.1,355.1,176.2,0.8909,0
2316,77.2772,41.5,1.1,369.0,175.0,0.5979,0
2316,77.2772,30.3,0.0,374.8,185.9,0.1785,0
2317,77.3106,33.8,0.0,181.3,177.6,0.6367,0
2317,77.3106,83.9,1.0,370.7,172.7,0.6222,0
2318,77.3439,23.8,2.4,368.7,176.8,0.7749,0
2319,77.3773,94.3,2.4,351.1,178.2,0.9192,0
2320,77.4107,45.3,2.1,354.6,182.8,0.8685,0
2321,77.444,37.3,3.0,356.2,190.0,0.4629,0
2321,77.444,38.8,2.2,361.4,199.1,0.2111,0
2321,77.444,254.8,202.0,272.4,228.2,0.1109,0
2322,77.4774,41.3,2.1,359.3,187.1,0.9315,0
2322,77.4774,254.9,202.9,270.5,229.6,0.264,0
2323,77.5108,42.2,1.7,355.1,180.8,0.8222,0
2323,77.5108,255.1,202.6,271.0,230.4,0.5754,0
2324,77.5441,50.0,1.3,356.4,178.9,0.7278,0
2324,77.5441,254.7,202.6,270.9,231.0,0.4758,0
2325,77.5775,69.2,2.6,361.6,175.6,0.8177,0
2326,77.6109,63.4,1.5,352.9,175.9,0.7854,0
2327,77.6442,57.8,6.7,352.6,174.7,0.842,0
2328,77.6776,81.6,2.2,352.0,175.5,0.8592,0
2329,77.711,75.3,1.3,353.0,178.6,0.9208,0
2329,77.711,256.3,201.9,282.4,231.4,0.1533,0
2330,77.7443,116.8,2.7,350.3,182.9,0.8967,0
2330,77.7443,256.2,201.9,281.2,231.0,0.2665,0
2331,77.7777,96.9,2.0,353.4,186.6,0.9011,0
2331,77.7777,256.2,203.1,273.5,230.6,0.4489,0
2332,77.8111,53.2,1.6,363.4,209.6,0.8051,0
2332,77.8111,256.7,202.8,273.3,230.7,0.1216,0
2333,77.8444,53.7,2.9,368.4,218.6,0.8019,0
2333,77.8444,256.8,203.0,273.1,231.0,0.3593,0
2334,77.8778,101.9,3.1,357.8,185.8,0.7894,0
2335,77.9112,102.0,2.0,357.4,177.0,0.9245,0
2335,77.9112,256.4,203.2,273.1,231.9,0.3831,0
2336,77.9445,41.3,1.1,363.9,188.6,0.9113,0
2336,77.9445,256.3,203.1,271.8,232.2,0.1121,0
2337,77.9779,58.0,6.1,362.3,175.7,0.5915,0
2337,77.9779,286.5,14.8,351.0,163.6,0.2904,0
2338,78.0113,93.5,0.9,363.7,178.3,0.911,0
2339,78.0446,104.2,1.6,364.5,178.1,0.9194,0
2339,78.0446,0.0,14.4,89.6,262.7,0.1316,1
2340,78.078,103.7,1.9,367.4,185.0,0.8604,0
2341,78.1114,97.6,26.1,162.4,175.3,0.7707,0
2341,78.1114,105.6,8.4,360.1,179.6,0.3705,0
2341,78.1114,255.5,203.5,270.5,231.6,0.2253,0
2342,78.1447,96.2,2.4,363.7,190.2,0.5891,0
2342,78.1447,97.1,1.4,156.9,172.5,0.428,0
2342,78.1447,36.0,2.1,156.3,185.7,0.2274,0
2342,78.1447,255.9,203.4,270.5,230.0,0.208,0
2343,78.1781,58.8,2.7,356.5,185.9,0.7256,0
2343,78.1781,375.5,222.6,429.5,271.9,0.3237,0
2344,78.2115,101.8,1.9,355.8,179.2,0.8998,0
2344,78.2115,374.5,214.1,430.9,271.7,0.4179,0
2345,78.2448,47.4,1.5,357.9,178.8,0.8129,0
2345,78.2448,374.3,210.8,430.8,271.4,0.3584,0
2346,78.2782,90.8,1.4,353.4,178.1,0.8602,0
2346,78.2782,256.0,201.9,283.9,230.2,0.2124,0
2347,78.3116,103.1,1.0,351.9,178.3,0.673,0
2348,78.3449,104.9,0.5,185.5,172.0,0.4628,0
2348,78.3449,105.9,2.0,354.2,182.3,0.4506,0
2348,78.3449,33.5,159.4,59.3,189.9,0.3917,0
2348,78.3449,29.3,151.5,58.6,189.8,0.1369,0
2349,78.3783,97.6,1.9,351.7,181.2,0.5027,0
2349,78.3783,74.5,27.4,165.7,176.6,0.4211,0
2350,78.4117,92.1,2.3,355.3,184.0,0.874,0
2351,78.445,70.0,1.5,360.3,194.0,0.8958,0
2352,78.4784,40.4,3.1,376.9,180.4,0.6782,0
2353,78.5118,74.2,1.5,368.6,177.7,0.9036,0
2353,78.5118,256.4,202.3,283.1,228.7,0.3113,0
2354,78.5451,77.3,0.2,365.4,180.3,0.8908,0
2354,78.5451,255.6,202.2,282.9,228.7,0.2026,0
2355,78.5785,30.0,2.3,359.6,177.8,0.8649,0
2356,78.6119,101.4,0.1,374.8,173.0,0.9184,0
2357,78.6452,69.9,1.2,381.1,179.8,0.8412,0
2357,78.6452,79.6,0.6,380.4,176.8,0.5951,0
2358,78.6786,61.5,1.7,354.5,177.9,0.8838,0
2359,78.712,107.2,0.2,354.8,171.1,0.8085,0
2359,78.712,97.5,0.1,193.2,174.3,0.3957,0
2359,78.712,96.2,0.0,188.3,174.1,0.1225,0
2360,78.7453,95.8,3.0,358.6,181.2,0.7223,0
2360,78.7453,95.6,1.2,358.6,177.7,0.1502,0
2360,78.7453,254.4,199.3,283.8,232.1,0.1479,0
2361,78.7787,97.3,2.4,377.2,177.8,0.9254,0
2361,78.7787,255.9,199.2,284.0,230.8,0.3707,0
2362,78.8121,71.7,1.8,395.5,188.4,0.9058,0
2362,78.8121,256.2,199.3,283.5,230.0,0.1486,0
2363,78.8454,89.7,1.3,372.9,179.1,0.9296,0
2363,78.8454,256.8,199.9,284.0,228.6,0.5933,0
2364,78.8788,55.5,2.4,377.3,186.0,0.8984,0
2364,78.8788,257.2,201.1,284.0,228.4,0.6011,0
2365,78.9122,99.2,2.6,351.9,176.0,0.5084,0
2365,78.9122,98.7,0.9,351.3,175.0,0.4652,0
2365,78.9122,257.2,201.2,283.6,228.1,0.4455,0
2366,78.9455,97.5,0.5,355.4,174.6,0.9368,0
2366,78.9455,256.7,201.3,283.9,228.1,0.6494,0
2367,78.9789,52.3,1.5,355.2,177.0,0.8742,0
2367,78.9789,256.8,201.0,283.7,228.0,0.4215,0
2368,79.0123,97.9,1.5,355.5,174.0,0.4111,0
2368,79.0123,96.0,0.0,356.6,172.8,0.3142,0
2369,79.0456,253.2,6.0,357.3,163.1,0.8869,0
2369,79.0456,69.0,1.4,368.3,186.4,0.6703,0
2370,79.079,258.8,18.1,351.2,162.6,0.6557,0
2370,79.079,54.1,0.6,353.4,176.5,0.1885,0
2371,79.1124,258.2,44.4,355.6,163.4,0.7199,0
2371,79.1124,20.2,0.0,190.7,185.0,0.276,0
2371,79.1124,48.0,0.1,371.0,180.2,0.1796,0
2371,79.1124,170.9,221.4,195.7,233.4,0.1463,0
2372,79.1457,50.7,2.4,355.0,184.8,0.8739,0
2373,79.1791,81.2,1.5,351.7,182.3,0.902,0
2373,79.1791,255.5,202.4,281.8,232.0,0.1963,0
2374,79.2125,88.4,2.3,355.8,178.1,0.8323,0
2374,79.2125,255.5,202.4,281.5,231.9,0.1991,0
2375,79.2458,97.3,0.0,363.3,172.7,0.7479,0
2376,79.2792,99.5,2.8,354.7,177.6,0.8384,0
2377,79.3126,101.1,6.0,361.3,174.3,0.8757,0
2378,79.3459,95.4,1.2,357.8,175.8,0.8821,0
2379,79.3793,100.8,2.5,353.1,177.3,0.9115,0
2380,79.4127,87.5,1.0,355.3,180.3,0.9077,0
2381,79.446,95.0,1.4,353.9,176.7,0.9322,0
2382,79.4794,101.2,2.3,350.9,176.0,0.9563,0
2383,79.5128,102.3,0.3,352.0,175.6,0.6109,0
2383,79.5128,102.6,1.8,352.7,177.2,0.1729,0
2384,79.5461,92.5,3.2,354.1,178.0,0.9152,0
2385,79.5795,114.7,3.0,359.4,176.1,0.9029,0
2386,79.6129,111.0,1.6,360.9,177.7,0.8817,0
2387,79.6462,99.0,2.9,358.9,177.8,0.722,0
2387,79.6462,255.9,204.5,270.0,230.3,0.1026,0
2388,79.6796,99.5,2.4,353.5,175.5,0.8909,0
2389,79.713,71.1,1.3,354.7,178.1,0.9139,0
2389,79.713,0.0,17.2,76.9,255.9,0.1367,1
2389,79.713,255.8,204.4,269.7,230.3,0.1047,0
2390,79.7463,94.0,0.0,351.5,173.0,0.8332,0
2390,79.7463,98.0,63.3,172.3,172.9,0.3624,0
2391,79.7797,95.1,0.6,353.5,174.0,0.7419,0
2391,79.7797,255.3,203.7,270.4,230.7,0.1972,0
2391,79.7797,48.1,41.0,182.4,175.3,0.1454,0
2392,79.8131,50.8,1.7,359.7,174.6,0.8018,0
2392,79.8131,255.3,203.4,270.6,231.2,0.3681,0
2392,79.8131,35.3,0.3,173.2,180.2,0.1989,0
2393,79.8464,24.0,1.8,357.4,182.0,0.8685,0
2393,79.8464,255.4,203.6,270.6,231.2,0.2767,0
2394,79.8798,53.2,0.7,174.1,177.6,0.8448,0
2394,79.8798,104.2,0.5,368.4,171.3,0.8138,0
2394,79.8798,255.6,203.3,270.7,231.1,0.1777,0
2395,79.9132,107.8,0.0,359.7,174.2,0.763,0
2395,79.9132,99.6,0.5,163.0,171.1,0.3865,0
2395,79.9132,255.9,203.5,270.1,230.5,0.2235,0
2395,79.9132,82.2,3.4,162.9,178.6,0.1005,0
2396,79.9465,80.2,2.4,353.4,173.8,0.6706,0
2396,79.9465,256.2,203.6,270.0,229.5,0.1609,0
2397,79.9799,103.7,0.3,356.8,171.0,0.3432,0
2397,79.9799,97.7,0.3,358.1,172.5,0.1548,0
2398,80.0133,109.7,0.5,369.2,179.2,0.9094,0
2399,80.0466,54.2,1.2,357.6,206.6,0.7664,0
2399,80.0466,24.9,89.1,161.5,177.1,0.7663,0
2400,80.08,32.1,0.5,358.0,204.7,0.3752,0
2400,80.08,36.2,0.0,358.1,208.5,0.1539,0
2401,80.1134,57.4,2.1,351.9,185.6,0.8883,0
2402,80.1467,38.2,2.7,357.9,178.9,0.862,0
2403,80.1801,55.1,1.7,360.6,184.5,0.7818,0
2403,80.1801,256.9,203.5,269.9,228.6,0.2712,0
2403,80.1801,36.2,14.7,191.8,179.6,0.1445,0
2404,80.2135,34.3,39.3,161.6,181.6,0.8561,0
2404,80.2135,76.2,6.1,354.8,191.8,0.7149,0
2404,80.2135,256.7,204.1,270.2,228.7,0.1995,0
2405,80.2468,50.9,4.0,355.3,182.1,0.8678,0
2405,80.2468,255.8,203.4,271.9,228.2,0.4082,0
